鄉鎮市區,交易標的,土地位置建物門牌,土地移轉總面積平方公尺,都市土地使用分區,非都市土地使用分區,非都市土地使用編定,交易年月日,交易筆棟數,移轉層次,總樓層數,建物型態,主要用途,建築完成年月,建物移轉總面積平方公尺,建物現況格局-房,建物現況格局-廳,建物現況格局-衛,建物現況格局-隔間,有無管理組織,總價元,單價元平方公尺,車位類別,車位移轉總面積平方公尺,車位總價元,備註,編號,主建物面積,附屬建物面積,陽台面積,電梯,移轉編號,屋齡
內湖區,房地(土地+建物),內湖路二段１０３巷９２弄１６號三樓之２,25.2,住,,,1130901,土地2建物1車位0,三層,五層,華廈(10層含以下有電梯),住家用,1120216.0,48.33,1,1,1,有,有,15200000,314504.0,,0.0,0,,RPQNMLPJRHJGFCA08EA,25.66,1.9,2.85,有,1.0,2.0
萬華區,房地(土地+建物)+車位,民和街９６號九樓之１,33.79,住,,,1130801,土地1建物1車位1,九層,十五層,住宅大樓(11層含以上有電梯),住家用,1121213.0,236.61,4,2,2,有,無,46600000,216222.0,坡道平面,34.04,2800000,,RPXNMLTJQHJGFBA88DA,112.36,12.13,10.5,有,,1.0
南港區,房地(土地+建物)+車位,東新街１４２號十二樓,32.08,住,,,1130813,土地3建物1車位1,十二層,十五層,住宅大樓(11層含以上有電梯),住家用,990331.0,222.21,3,2,2,有,有,54160000,243733.0,坡道平面,0.0,0,臺北市政府市有房地標售政府機關標讓售；,RPTOMLOKQHJGFDA38DA,109.89,0.0,11.06,有,,14.0
北投區,房地(土地+建物),泉源路４８號三樓,11.58,住,,,1130802,土地1建物1車位0,三層,十三層,住宅大樓(11層含以上有電梯),住家用,890615.0,49.77,1,1,1,有,有,9000000,180832.0,,0.0,0,,RPROMLQKQHJGFEA48DA,33.15,0.0,4.05,有,14.0,24.0
內湖區,房地(土地+建物),民權東路六段９０巷６弄８號三樓,29.92,住,,,1130802,土地1建物1車位0,三層,五層,公寓(5樓含以下無電梯),住家用,701102.0,106.08,3,2,2,有,無,19000000,179110.0,,0.0,0,陽台外推；,RPSPMLPKQHJGFCA38DA,91.63,0.0,14.45,無,,43.0
士林區,房地(土地+建物),基河路１２８號五樓之３,7.55,住,,,1130811,土地1建物1車位0,五層,十一層,住宅大樓(11層含以上有電梯),住家用,850916.0,26.909999999999997,0,0,0,無,有,7100000,263842.0,,0.0,0,,RPVOMLOKQHJGFEA68DA,15.92,0.0,2.37,有,19.0,28.0
松山區,房地(土地+建物),南京東路四段１３３巷９弄１３號四樓,38.0,住,,,1130801,土地1建物1車位0,四層,四層,公寓(5樓含以下無電梯),住家用,,96.52,3,1,1,有,無,20000000,207211.0,,0.0,0,,RPPNMLKLQHJGFDA67EA,96.52,0.0,0.0,無,,
松山區,房地(土地+建物)+車位,延壽街３３２號九樓之２,57.96,住,,,1130803,土地1建物1車位1,九層,十一層,住宅大樓(11層含以上有電梯),住家用,980320.0,211.53,4,2,2,有,有,58600000,277029.0,坡道平面,0.0,0,,RPSNMLTKQHJGFDA68DA,117.23,0.0,10.76,有,26.0,15.0
內湖區,房地(土地+建物),內湖路一段２０３巷１１號四樓,13.91,住,,,1130801,土地1建物1車位0,四層，電梯樓梯間,七層,華廈(10層含以下有電梯),住家用,850805.0,46.59,2,1,1,有,有,11300000,242541.0,,0.0,0,,RPRNMLKLQHJGFCA77EA,34.41,0.98,4.27,有,,28.0
南港區,房地(土地+建物),經貿二路１５７巷３６弄８８號三樓之７,12.13,住,,,1130811,土地1建物1車位0,三層,七層,華廈(10層含以下有電梯),住家用,970910.0,50.44,1,1,1,有,有,16880000,334655.0,,0.0,0,其他增建：陽台加窗戶。夾層；其他增建；,RPRNMLOKQHJGFDA08DA,28.07,1.57,3.11,有,37.0,16.0
北投區,房地(土地+建物),立農街一段２２巷２弄２號三樓,37.0,住,,,1130804,土地1建物1車位0,三層,四層,公寓(5樓含以下無電梯),住家用,611108.0,84.64,3,1,1,有,無,16200000,191399.0,,0.0,0,,RPUNMLLLQHJGFEA28DA,84.64,0.0,0.0,無,,52.0
大同區,房地(土地+建物),民權西路２７９號八樓之１,5.76,住,,,1130809,土地1建物1車位0,八層,十一層,住宅大樓(11層含以上有電梯),住家用,931029.0,32.879999999999995,0,0,0,無,有,7500000,228102.0,,0.0,0,,RPWNMLMKQHJGFBA18DA,22.24,0.0,0.0,有,,20.0
南港區,房地(土地+建物)+車位,東新街１２６號三樓,24.51,住,,,1130815,土地3建物1車位1,三層,十五層,住宅大樓(11層含以上有電梯),住家用,990331.0,158.10000000000002,3,2,2,有,有,41000000,259330.0,坡道平面,26.79,0,,RPOOMLKLQHJGFDA57DA,79.87,0.0,8.72,有,,14.0
大安區,房地(土地+建物),永康街３７巷３４號二樓,39.0,住,,,1130808,土地1建物1車位0,二層，陽臺,四層,公寓(5樓含以下無電梯),住家用,650701.0,109.58,3,2,2,有,無,33680000,307355.0,,0.0,0,陽台外推；,RPRNMLTKQHJGFFA78DA,109.58,0.0,0.0,無,,48.0
中山區,房地(土地+建物)+車位,北安路６０８巷４弄６之１號,28.59,住,,,1130803,土地1建物3車位2,一層,五層,華廈(10層含以下有電梯),住家用,850216.0,145.25,2,1,1,有,無,23200000,280985.0,升降平面,73.36,3000000,含一樓空地專用部份。,RPQNMLNLQHJGFCA97EA,48.01,4.4,3.94,有,,28.0
南港區,房地(土地+建物)+車位,東新街１８０巷６號,92.29,住,,,1130814,土地2建物1車位1,一層,五層,華廈(10層含以下有電梯),住家用,1120426.0,162.03,3,2,2,有,有,42000000,308428.0,坡道機械,32.33,2000000,本買賣標的含新光段一小段338建號權利範圍2689/100000,RPPNMLNLQHJGFDA87DA,85.08,0.0,0.0,有,,1.0
北投區,房地(土地+建物)+車位,北科路１９０號二樓,47.03,住,,,1130808,土地1建物1車位1,二層,十三層,住宅大樓(11層含以上有電梯),住家用,1130126.0,216.63,3,2,3,有,有,61000000,313719.0,坡道平面,32.07,3100000,,RPXNMLNLQHJGFEA78DA,109.62,0.0,10.95,有,,1.0
北投區,房地(土地+建物),尊賢街２４９巷２６號,31.25,住,,,1130801,土地1建物1車位0,一層,四層,公寓(5樓含以下無電梯),住家用,630905.0,93.0,3,2,2,有,無,22000000,236559.0,,0.0,0,,RPRNMLNLQHJGFEA28EA,93.0,0.0,0.0,無,,50.0
士林區,房地(土地+建物),忠義街９１巷２１號三樓,34.81,住,,,1130812,土地1建物1車位0,三層,五層,公寓(5樓含以下無電梯),住家用,750220.0,129.52,3,2,2,有,無,28100000,216955.0,,0.0,0,陽台外推；,RPPNMLQLQHJGFEA38EA,115.5,0.0,10.91,無,56.0,38.0
松山區,房地(土地+建物)+車位,八德路四段２４５巷２７號五樓,30.41,住,,,1130806,土地1建物1車位1,五層,七層,華廈(10層含以下有電梯),住家用,700619.0,175.11999999999998,3,2,2,有,有,37000000,211284.0,坡道平面,43.14,0,,RPSNMLQLQHJGFDA58EA,150.22,0.0,16.23,有,,43.0
大安區,房地(土地+建物)+車位,大安路二段３巷５３號十二樓,37.17,住,,,1130811,土地1建物1車位2,十二層，夾層,十二層,住宅大樓(11層含以上有電梯),住家用,1061228.0,293.24,0,2,2,有,有,80000000,318638.0,坡道平面,64.14,7000000,其他增建；,RPQOMLMLQHJGFFA18DA,133.67,0.0,12.13,有,65.0,7.0
北投區,房地(土地+建物)+車位,三合街一段８２巷５８號二樓,50.73,住,,,1130811,土地1建物1車位2,二層,九層,華廈(10層含以下有電梯),住家用,1050921.0,332.5,3,2,2,有,有,67380000,202647.0,坡道平面,83.02,0,,RPSNMLRLQHJGFEA68DA,145.8,4.75,16.73,有,81.0,8.0
松山區,房地(土地+建物),健康路１６８之１號八樓,12.79,住,,,1130812,土地3建物1車位0,八層,十三層,住宅大樓(11層含以上有電梯),住家用,670720.0,129.13,3,2,2,有,有,30200000,233873.0,,0.0,0,,RPQNMLSLQHJGFDA58EA,98.24,0.0,15.89,有,,46.0
內湖區,房地(土地+建物),成功路五段４２０巷１１號十二樓,14.98,住,,,1130806,土地1建物1車位0,十二層,十四層,住宅大樓(11層含以上有電梯),住家用,870925.0,73.68,2,1,1,有,有,22060000,299403.0,,0.0,0,陽台外推；其他增建；,RPRNMLSJQHJGFCA28DA,50.4,0.0,7.91,有,,26.0
松山區,房地(土地+建物),八德路三段１９９巷１９號六樓之７,11.38,住,,,1130803,土地1建物1車位0,六層,七層,華廈(10層含以下有電梯),住家用,730127.0,61.89,2,1,1,有,有,16200000,261755.0,,0.0,0,,RPVNMLTKQHJGFDA98DA,44.94,0.0,7.19,有,,41.0
士林區,房地(土地+建物),福港街２２１號四樓,28.4,住,,,1130804,土地1建物1車位0,四層,五層,公寓(5樓含以下無電梯),住家用,700314.0,100.72,3,2,2,有,無,17000000,168785.0,,0.0,0,其他增建；,RPROMLLLQHJGFEA08DA,86.69,0.0,14.03,無,100.0,43.0
北投區,房地(土地+建物)+車位,北投路二段４７號五樓,23.89,住,,,1130813,土地3建物1車位1,五層,十四層,住宅大樓(11層含以上有電梯),住家用,1021106.0,186.7,3,2,2,有,有,36000000,253726.0,坡道平面,55.85,2800000,其他增建；,RPXNMLSLQHJGFEA66DA,73.06,9.67,5.8,有,103.0,11.0
文山區,房地(土地+建物)+車位,辛亥路四段７７巷８０號二樓,67.71,住,,,1130803,土地1建物1車位1,二層,六層,華廈(10層含以下有電梯),住家用,831101.0,141.45,3,2,2,有,有,25800000,182397.0,坡道平面,0.0,2200000,陽台外推；其他增建；,RPSNMLNJQHJGFAA67DA,83.63,2.45,9.01,有,110.0,30.0
中山區,房地(土地+建物),北安路６４３號四樓,23.66,住,,,1130803,土地1建物1車位0,四層,五層,公寓(5樓含以下無電梯),住家用,751103.0,116.34,3,2,2,有,無,27300000,234657.0,,0.0,0,,RPVOMLSJQHJGFCA78DA,104.19,0.0,8.97,無,113.0,38.0
內湖區,房地(土地+建物),陽光街１８８號二樓,35.42,住,,,1130811,土地2建物1車位0,二層,七層,華廈(10層含以下有電梯),住家用,730207.0,100.51,3,2,1,有,有,20500000,203960.0,,0.0,0,,RPQPMLSLQHJGFCA58DA,67.24,0.0,7.64,有,,41.0
信義區,房地(土地+建物)+車位,吳興街６００巷７６弄３號七樓,18.69,住,,,1130806,土地4建物1車位1,七層,十層,華廈(10層含以下有電梯),住家用,1060907.0,145.49,2,2,2,有,有,33880000,232868.0,坡道平面,0.0,0,,RPTOMLRJQHJGFDA68EA,61.28,0.0,7.53,有,122.0,7.0
士林區,房地(土地+建物),中正路６３４號四樓,23.94,住,,,1130807,土地1建物1車位0,四層,五層,公寓(5樓含以下無電梯),住家用,720725.0,85.97999999999999,2,2,1,有,無,10750000,125029.0,,0.0,0,,RPXNMLKLQHJGFEA58EA,74.02,0.0,9.5,無,,41.0
文山區,房地(土地+建物),辛亥路七段５巷４弄１４號四樓,29.5,住,,,1130804,土地1建物1車位0,四層，陽臺,四層,公寓(5樓含以下無電梯),住家用,640923.0,80.76,3,2,2,有,無,11480000,142150.0,,0.0,0,陽台外推；其他增建；,RPUNMLNLQHJGFAA08DA,80.76,0.0,0.0,無,,49.0
中正區,房地(土地+建物),汀州路一段１９８巷４號四樓,5.46,住,,,1130811,土地1建物1車位0,四層,四層,公寓(5樓含以下無電梯),住家用,660729.0,13.26,4,1,2,有,無,1468602,110754.0,,0.0,0,廢棄法院判決，另為買賣協議頂樓加蓋；其他增建；,RPPNMLMJRHJGFAA37DA,12.52,0.0,0.74,無,,47.0
內湖區,房地(土地+建物)+車位,安康路４３４巷２０弄５８號五樓,43.51,住,,,1130805,土地1建物1車位1,五層,十一層,住宅大樓(11層含以上有電梯),住家用,960315.0,182.91,3,2,2,有,有,33500000,210426.0,坡道平面,35.59,2500000,含土地增值稅或其他稅費；陽台外推；,RPVNMLLLQHJGFCA18DA,93.34,8.51,11.93,有,,17.0
中山區,房地(土地+建物)+車位,敬業三路１６２巷７１號四樓,47.09,住,,,1130804,土地1建物1車位1,四層,十層,華廈(10層含以下有電梯),住家用,890628.0,155.47,3,2,2,有,有,34200000,219978.0,坡道平面,0.0,0,陽台外推；,RPTOMLNLQHJGFCA28DA,77.63,0.0,8.1,有,,24.0
文山區,房地(土地+建物),萬美街二段５５號二樓,55.22,住,,,1130806,土地1建物1車位0,二層,十層,華廈(10層含以下有電梯),住家用,840530.0,162.01,4,2,2,有,有,18800000,116042.0,,0.0,0,,RPQOMLNJRHJGFAA67DA,108.54,3.78,13.64,有,133.0,29.0
內湖區,房地(土地+建物),成功路二段３１２巷３８號,34.76,住,,,1130803,土地1建物1車位0,一層,五層,公寓(5樓含以下無電梯),住家用,740614.0,183.53,3,2,2,有,無,28000000,152564.0,,0.0,0,防火巷增建陽台外推；,RPOOMLNLQHJGFCA77DA,78.32,95.86,0.0,無,,39.0
內湖區,房地(土地+建物)+車位,康寧路三段２５號七樓,29.51,住,,,1130815,土地1建物1車位1,七層,十五層,住宅大樓(11層含以上有電梯),住家用,961121.0,138.02,3,2,2,有,有,37300000,300288.0,坡道機械,19.81,1800000,陽台外推；,RPUPMLKMQHJGFCA28DA,74.94,3.9,7.34,有,,17.0
信義區,房地(土地+建物),吳興街１５６巷１６弄５號六樓之１,9.24,住,,,1130805,土地1建物1車位0,六層,七層,華廈(10層含以下有電梯),住家用,811110.0,60.260000000000005,2,1,1,有,無,18100000,300365.0,,0.0,0,陽台外推；其他增建；,RPQPMLOKQHJGFDA18DA,44.12,0.0,5.51,有,137.0,32.0
北投區,房地(土地+建物)+車位,崗山路８巷１６號六樓,24.61,住,,,1130801,土地1建物1車位1,六層,七層,華廈(10層含以下有電梯),住家用,1080415.0,140.70999999999998,3,2,1,有,有,22000000,190061.0,升降平面,32.85,1500000,,RPRNMLQLQHJGFEA48DA,52.53,10.84,7.29,有,138.0,5.0
士林區,房地(土地+建物),承德路四段１巷１７號九樓,16.03,住,,,1130801,土地4建物1車位0,九層,九層,華廈(10層含以下有電梯),住家用,701231.0,98.73,4,2,2,有,有,16000000,162058.0,,0.0,0,,RPUNMLNJRHJGFEA38DA,67.67,0.0,9.82,有,,43.0
松山區,房地(土地+建物)+車位,復興北路３１３巷８號三樓,43.27,住,,,1130801,土地1建物1車位1,三層,七層,華廈(10層含以下有電梯),住家用,681217.0,277.22,5,2,2,有,有,51000000,183976.0,坡道平面,0.0,0,,RPQNMLNJRHJGFDA97EA,252.78,0.0,19.08,有,,45.0
松山區,房地(土地+建物),光復南路６６巷６６號四樓,17.21,住,,,1130808,土地1建物1車位0,四層,四層,公寓(5樓含以下無電梯),住家用,600322.0,46.08,1,1,1,有,無,11000000,238715.0,,0.0,0,頂樓加蓋；,RPPNMLOJRHJGFDA97EA,46.08,0.0,0.0,無,,53.0
文山區,房地(土地+建物),木新路三段５０巷１０弄３之２號七樓,30.22,住,,,1130804,土地1建物1車位0,七層,十二層,住宅大樓(11層含以上有電梯),住家用,1050129.0,116.53,3,2,2,有,有,27100000,232558.0,,0.0,0,陽台外推；其他增建；,RPOOMLRLQHJGFAA97DA,67.79,1.23,9.55,有,143.0,9.0
中山區,房地(土地+建物)+車位,敬業三路１６２巷９４號八樓,47.09,住,,,1130812,土地1建物1車位1,八層,十二層,住宅大樓(11層含以上有電梯),住家用,890628.0,155.29,3,2,2,有,有,34000000,218945.0,坡道平面,0.0,0,陽台外推；,RPTOMLRLQHJGFCA68DA,77.45,0.0,8.1,有,,24.0
內湖區,房地(土地+建物),金龍路１３巷２６號三樓,40.02,住,,,1130807,土地2建物1車位0,三層,五層,華廈(10層含以下有電梯),住家用,1060509.0,89.0,2,2,1,有,有,26000000,292135.0,,0.0,0,,RPQOMLNJRHJGFCA87DA,51.72,2.45,5.82,有,150.0,7.0
信義區,房地(土地+建物),福德街２６０號四樓,23.5,住,,,1130824,土地1建物1車位0,四層，陽臺,四層,公寓(5樓含以下無電梯),住家用,650107.0,73.87,4,0,4,有,無,16700000,226073.0,,0.0,0,陽台外推；頂樓加蓋；,RPUNMLRLQHJGFDA78DA,73.87,0.0,0.0,無,155.0,49.0
松山區,房地(土地+建物),南京東路三段３３５巷２３號五樓之２４,4.64,住,,,1130809,土地3建物1車位0,五層,七層,華廈(10層含以下有電梯),住家用,740819.0,28.78,1,1,1,有,有,11500000,399583.0,,0.0,0,陽台外推；,RPTNMLKMQHJGFDA08DA,15.77,0.0,3.24,有,157.0,39.0
北投區,房地(土地+建物)+車位,懷德街７５巷１１號四樓,42.79,住,,,1130806,土地1建物1車位1,四層,五層,公寓(5樓含以下無電梯),住家用,761126.0,166.57,3,2,2,有,無,26680000,200814.0,坡道平面,48.65,3000000,陽台外推；其他增建；,RPROMLNKQHJGFEA18DA,140.66,0.0,11.53,無,158.0,37.0
北投區,房地(土地+建物),杏林一路２８之１號二樓,25.15,住,,,1130805,土地2建物1車位0,二層,四層,公寓(5樓含以下無電梯),住家用,670508.0,68.37,3,2,1,有,無,8880000,129882.0,,0.0,0,陽台外推；其他增建；,RPPOMLPKQHJGFEA18DA,60.3,0.0,8.07,無,,46.0
士林區,房地(土地+建物),福港街２６７之５號,14.85,住,,,1130810,土地1建物1車位0,一層,六層,華廈(10層含以下有電梯),住家用,661209.0,69.96000000000001,2,1,1,有,有,13000000,185820.0,,0.0,0,其他增建；,RPWNMLQLQHJGFEA98DA,50.63,9.04,0.0,有,,47.0
北投區,房地(土地+建物)+車位,稻香路２３９號二樓,72.64,住,,,1130802,土地1建物1車位1,二層,五層,華廈(10層含以下有電梯),住家用,1101015.0,166.94,3,2,2,有,有,27180000,198984.0,坡道平面,40.9,2100000,含裝潢設備及家電,RPOOMLNJRHJGFEA87DA,71.73,5.8,4.61,有,,3.0
大安區,房地(土地+建物),和平東路二段１７５巷２９號六樓之４,12.68,住,,,1130804,土地2建物1車位0,六層,六層,華廈(10層含以下有電梯),住家用,600118.0,53.66,2,2,1,有,有,18500000,344763.0,,0.0,0,陽台外推；其他增建；,RPPOMLMKQHJGFFA97DA,39.04,0.0,5.83,有,161.0,54.0
萬華區,房地(土地+建物)+車位,民和街１００號九樓之２,24.12,住,,,1130803,土地1建物1車位1,九層,十五層,住宅大樓(11層含以上有電梯),住家用,1121213.0,178.7,3,2,2,有,有,33900000,189703.0,坡道平面,34.04,0,,RPPNMLOJRHJGFBA77EA,85.3,5.76,5.33,有,,1.0
中山區,房地(土地+建物),新生北路三段７號十二樓之２,12.82,住,,,1130822,土地1建物1車位0,十二層,十二層,住宅大樓(11層含以上有電梯),住家用,710420.0,122.96,1,1,1,有,有,28560000,232271.0,,0.0,0,陽台外推；,RPXNMLLLOHJGFCA28EA,96.65,0.0,7.84,有,,42.0
南港區,房地(土地+建物),市民大道八段５２５號三樓,12.86,住,,,1130826,土地1建物1車位0,三層,七層,華廈(10層含以下有電梯),住家用,1130220.0,52.25,1,1,1,有,無,13320632,254940.0,,0.0,0,買方補賣方，因面積增加新增26萬632元正預售屋、或土地及建物分件登記案件；,RPRNMLOJRHJGFDA18EA,29.74,0.63,3.74,有,,1.0
松山區,房地(土地+建物),復興北路４９９巷５弄５號四樓,28.06,住,,,1130815,土地1建物1車位0,四層,五層,公寓(5樓含以下無電梯),住家用,690922.0,87.84,3,1,2,有,無,16130000,183629.0,,0.0,0,,RPTNMLOJRHJGFDA38EA,77.83,0.0,10.01,無,,44.0
大同區,房地(土地+建物),重慶北路三段２０３之３號八樓之８,9.62,住,,,1130801,土地2建物1車位0,八層,十二層,住宅大樓(11層含以上有電梯),住家用,1090728.0,78.1,0,0,0,無,有,20400000,261204.0,,0.0,0,,RPROMLNJRHJGFBA87DA,34.43,12.95,0.0,有,,4.0
萬華區,房地(土地+建物),民和街１００號六樓,17.8,住,,,1130820,土地1建物1車位0,六層,十五層,住宅大樓(11層含以上有電梯),住家用,1121213.0,106.8,2,2,1,有,有,25246000,236386.0,,0.0,0,,RPVNMLOJRHJGFBA28DA,61.99,3.76,5.48,有,,1.0
信義區,房地(土地+建物),和平東路三段４３５巷７弄２３號三樓,26.2,住,,,1130817,土地1建物1車位0,三層,五層,公寓(5樓含以下無電梯),住家用,660915.0,93.13,3,2,1,有,無,17200000,184688.0,,0.0,0,,RPQPMLOJRHJGFDA18DA,81.16,0.0,11.97,無,,47.0
士林區,房地(土地+建物),德行東路１０９巷１１２號二樓,29.93,住,,,1130803,土地1建物1車位0,二層,七層,華廈(10層含以下有電梯),住家用,731212.0,152.56,4,2,2,有,有,34500000,226141.0,,0.0,0,陽台外推；其他增建；,RPTNMLNJQHJGFEA18DA,129.56,0.0,15.15,有,,40.0
北投區,房地(土地+建物)+車位,中和街３９８巷５弄２號七樓之８,15.76,住,,,1130816,土地4建物1車位1,七層,十層,華廈(10層含以下有電梯),住家用,840622.0,66.95,1,0,1,有,有,7580000,113219.0,坡道平面,0.0,2500000,陽台外推；其他增建；,RPXOMLNJRHJGFEA78DA,20.4,1.05,2.75,有,,29.0
中山區,房地(土地+建物),中山北路二段６２巷９之１號,9.83,住,,,1130812,土地1建物2車位0,一層，地下一層,七層,華廈(10層含以下有電梯),住家用,971031.0,65.75,0,0,0,無,有,15880000,241521.0,,0.0,0,,RPQNMLQJRHJGFCA18EA,28.25,1.25,2.97,有,177.0,16.0
文山區,房地(土地+建物),忠順街二段８５巷１弄３３號四樓,44.19,住,,,1130801,土地1建物1車位0,四層，五層,五層,公寓(5樓含以下無電梯),住家用,780916.0,173.33,4,2,3,有,無,19930000,114983.0,,0.0,0,未登記建物；,RPTNMLTJRHJGFAA48DA,124.18,16.96,16.26,無,,35.0
大同區,房地(土地+建物),迪化街二段１１之１號四樓,28.25,住,,,1130802,土地2建物1車位0,四層,四層,公寓(5樓含以下無電梯),住家用,600901.0,99.31,5,2,2,有,無,17000000,171181.0,,0.0,0,其他增建；,RPOPMLKMQHJGFBA57DA,95.09,0.0,4.22,無,,53.0
士林區,房地(土地+建物),華齡街１８號三樓,30.56,住,,,1130801,土地3建物1車位0,三層,四層,公寓(5樓含以下無電梯),住家用,620607.0,79.17,3,2,1,有,無,16800000,212202.0,,0.0,0,其他增建；,RPQNMLTKQHJGFEA58DA,79.17,0.0,0.0,無,,51.0
士林區,房地(土地+建物),德行東路２９號二樓,10.04,住,,,1130803,土地1建物1車位0,二層,七層,華廈(10層含以下有電梯),住家用,1101224.0,52.33,1,1,1,有,有,18000000,343971.0,,0.0,0,,RPVNMLPJRHJGFEA68DA,23.5,4.15,1.89,有,,3.0
大安區,房地(土地+建物),忠孝東路四段２１６巷１９弄６號六樓,29.89,住,,,1130811,土地1建物1車位0,六層，陽臺,七層,華廈(10層含以下有電梯),住家用,651231.0,126.32,3,2,2,有,有,39200000,310323.0,,0.0,0,,RPTNMLQKQHJGFFA68DA,126.32,0.0,0.0,有,,48.0
中山區,房地(土地+建物),新生北路三段４３號三樓之１２,6.57,住,,,1130816,土地2建物1車位0,三層,十一層,住宅大樓(11層含以上有電梯),住家用,670301.0,51.620000000000005,2,1,1,有,有,12030000,233049.0,,0.0,0,,RPPNMLTKRHJGFCA48EA,35.51,0.0,3.09,有,,46.0
萬華區,房地(土地+建物),民和街１００號七樓之１,17.77,住,,,1130703,土地1建物1車位0,七層,十五層,住宅大樓(11層含以上有電梯),住家用,1121213.0,106.74,2,2,1,有,無,22770000,213322.0,,0.0,0,,RPWNMLQKPHJGFBA48DA,61.99,3.76,5.42,有,,1.0
南港區,房地(土地+建物)+車位,經貿二路１５７巷３６弄１０８號五樓,57.11,住,,,1130704,土地1建物1車位2,五層,二十一層,住宅大樓(11層含以上有電梯),住家用,1030306.0,386.22,4,2,2,有,有,102000000,324456.0,坡道平面,90.34,6000000,,RPSNMLTJPHJGFDA48DA,177.07,4.85,30.34,有,200.0,10.0
南港區,房地(土地+建物)+車位,市民大道八段５２９號二樓,22.47,住,,,1130708,土地1建物1車位1,二層,七層,華廈(10層含以下有電梯),住家用,1130220.0,106.36,2,2,2,有,無,24050000,244106.0,其他,16.44,2100000,因面積增加，新增金額25萬元正預售屋、或土地及建物分件登記案件；,RPRNMLRKPHJGFDA38EA,49.0,2.92,5.07,有,,
士林區,房地(土地+建物),芝玉路一段１９７巷２５弄１０號二樓,17.63,住,,,1130709,土地1建物1車位0,二層,五層,公寓(5樓含以下無電梯),住家用,731117.0,68.16,2,1,1,有,無,12500000,183392.0,,0.0,0,,RPPNMLRKPHJGFEA28EA,51.4,0.0,7.87,無,,40.0
信義區,房地(土地+建物),林口街６６巷６號二樓,33.25,住,,,1130702,土地2建物1車位0,二層,四層,公寓(5樓含以下無電梯),住家用,590123.0,75.39,3,2,1,有,無,16700000,221515.0,,0.0,0,陽台外推；,RPQPMLPKPHJGFDA18DA,67.65,0.0,7.74,無,,54.0
松山區,房地(土地+建物),敦化北路４巷３１號三樓之２,12.29,住,,,1130706,土地3建物1車位0,三層，露台,七層,華廈(10層含以下有電梯),住家用,590728.0,47.76,1,1,1,有,有,16800000,351759.0,,0.0,0,其他增建；,RPRNMLTKPHJGFDA58EA,47.76,0.0,0.0,有,,54.0
萬華區,房地(土地+建物)+車位,民和街９６號四樓,33.61,住,,,1130710,土地1建物1車位1,四層,十五層,住宅大樓(11層含以上有電梯),住家用,1121213.0,235.65999999999997,4,2,2,有,無,43000000,199385.0,坡道平面,34.04,2800000,,RPVNMLRKPHJGFBA48DA,112.56,12.13,9.73,有,,1.0
內湖區,房地(土地+建物),民權東路六段２８０巷１０２號三樓,16.78,住,,,1130702,土地1建物1車位0,三層,十三層,住宅大樓(11層含以上有電梯),住家用,830314.0,72.97,2,2,1,有,有,19420000,266137.0,,0.0,0,陽台外推；,RPRNMLSKPHJGFCA38EA,51.51,2.06,8.21,有,,30.0
文山區,房地(土地+建物),興隆路三段１８５巷７弄１０號五樓,25.98,住,,,1130707,土地7建物1車位0,五層,五層,公寓(5樓含以下無電梯),住家用,720823.0,86.72999999999999,3,2,2,有,有,12500000,144125.0,,0.0,0,,RPTNMLMLPHJGFAA77DA,64.8,0.0,13.91,無,222.0,41.0
文山區,房地(土地+建物),木新路三段２２４號四樓,35.25,住,,,1130703,土地1建物1車位0,四層，陽台,四層,公寓(5樓含以下無電梯),住家用,630816.0,98.15,3,2,1,有,無,12500000,127356.0,,0.0,0,,RPPOMLMLPHJGFAA47DA,98.15,0.0,0.0,無,,50.0
信義區,房地(土地+建物),忠孝東路五段５２４巷４號四樓之１,60.25,住,,,1130701,土地2建物1車位0,四層,四層,公寓(5樓含以下無電梯),住家用,601230.0,89.96,4,2,2,有,無,24500000,272343.0,,0.0,0,頂樓加蓋；,RPQNMLMJPHJGFDA57DA,83.6,0.0,6.36,無,,53.0
士林區,房地(土地+建物),中山北路七段１４巷６３弄２３號四樓,22.5,住,,,1130708,土地1建物1車位0,四層,五層,公寓(5樓含以下無電梯),住家用,731107.0,85.25,2,2,1,有,無,14500000,170088.0,,0.0,0,,RPQOMLQKPHJGFEA28DA,65.27,0.0,8.97,無,,40.0
內湖區,房地(土地+建物)+車位,民權東路六段１７７號五樓之１,17.26,住,,,1130708,土地2建物1車位1,五層,十一層,住宅大樓(11層含以上有電梯),住家用,1041016.0,118.93,1,2,1,有,有,32000000,289464.0,塔式車位,15.29,2000000,,RPQNMLMLPHJGFCA77EA,56.08,7.71,5.78,有,230.0,9.0
士林區,房地(土地+建物)+車位,承德路四段１７９巷７號二樓,90.09,住,,,1130708,土地1建物1車位2,二層，電梯樓梯間,十層,華廈(10層含以下有電梯),住家用,860630.0,630.69,4,3,2,有,有,100000000,158557.0,坡道平面,0.0,0,,RPPNMLNLPHJGFEA97EA,282.66,218.46,18.33,有,232.0,27.0
士林區,房地(土地+建物),重慶北路四段７０號,124.0,住,,,1130707,土地1建物1車位0,全,四層,透天厝,住家用,610619.0,421.68,6,4,4,有,無,41580000,98606.0,,0.0,0,地下室其他增建；,RPRPMLRKPHJGFEA58DA,421.68,0.0,0.0,無,,52.0
大安區,房地(土地+建物),泰順街４４巷２號二樓之１,30.4,住,,,1130712,土地1建物1車位0,二層,五層,公寓(5樓含以下無電梯),住家用,691013.0,111.19,3,2,2,有,無,23000000,206853.0,,0.0,0,,RPRNMLMLPHJGFFA08DA,98.67,0.0,12.52,無,,44.0
大安區,房地(土地+建物),金山南路二段１８５巷４號,0.4,住,,,1130715,土地1建物1車位0,一層,四層,公寓(5樓含以下無電梯),住家用,580917.0,0.88,3,2,2,有,無,300000,0.0,,0.0,0,,RPSNMLMLPHJGFFA18DA,0.0,0.0,0.0,無,253.0,55.0
南港區,房地(土地+建物),同德路７７號七樓,31.34,住,,,1130704,土地1建物1車位0,七層,七層,華廈(10層含以下有電梯),住家用,730724.0,130.54,3,2,2,有,無,26800000,205301.0,,0.0,0,,RPSNMLMLPHJGFDA08EA,86.34,0.0,10.87,有,,40.0
大安區,房地(土地+建物),和平東路三段３４６巷５弄４號三樓,16.0,住,,,1130717,土地1建物1車位0,三層，陽臺,四層,公寓(5樓含以下無電梯),住家用,611215.0,45.65,2,1,1,有,無,8200000,179628.0,,0.0,0,,RPPNMLNLPHJGFFA08EA,45.65,0.0,0.0,無,258.0,52.0
內湖區,房地(土地+建物),金湖路３２６巷５１號三樓,10.64,住,,,1130706,土地1建物1車位0,三層,六層,華廈(10層含以下有電梯),住家用,890714.0,38.08,1,1,1,有,無,11680000,306723.0,,0.0,0,其他增建；,RPRNMLPKPHJGFCA97DA,23.75,0.46,3.0,有,286.0,24.0
中山區,房地(土地+建物),四平街１３８號十四樓之１,19.66,住,,,1130706,土地1建物1車位0,十四層,十四層,住宅大樓(11層含以上有電梯),住家用,720620.0,107.74,3,2,1,有,有,29650000,275200.0,,0.0,0,,RPUOMLNLPHJGFCA28DA,77.53,0.0,13.0,有,,41.0
松山區,房地(土地+建物),敦化北路１６５巷４８號,37.58,住,,,1130712,土地2建物1車位0,一層，平台,四層,公寓(5樓含以下無電梯),住家用,620315.0,91.3,3,1,2,有,無,28800000,315444.0,,0.0,0,,RPPNMLKMPHJGFDA57DA,91.3,0.0,0.0,無,,51.0
士林區,房地(土地+建物)+車位,基河路３０２號十一樓,28.78,住,,,1130709,土地1建物1車位1,十一層,十九層,住宅大樓(11層含以上有電梯),住家用,1130219.0,177.26999999999998,3,2,2,有,有,60830000,396491.0,坡道平面,31.92,3200000,,RPQNMLMKPHJGFEA77DA,85.32,0.0,10.49,有,290.0,
士林區,房地(土地+建物),中山北路七段１９０巷８之５號,20.56,住,,,1130713,土地1建物1車位0,一層,七層,華廈(10層含以下有電梯),住家用,700711.0,111.45,4,1,2,有,有,25380000,227725.0,,0.0,0,其他增建：平台增建。管理委員會未向北市府報備。其他增建；,RPUNMLSKPHJGFEA78DA,81.57,17.71,0.0,有,,43.0
南港區,房地(土地+建物),市民大道八段５２９號三樓,22.13,住,,,1130717,土地1建物1車位0,三層,七層,華廈(10層含以下有電梯),住家用,1130220.0,89.92,2,1,2,有,無,21820000,242660.0,,0.0,0,因面積增加40萬元正預售屋、或土地及建物分件登記案件；,RPPNMLTLPHJGFDA48EA,49.0,2.92,5.07,有,,
北投區,房地(土地+建物)+車位,文林北路１３６號十八樓,27.36,住,,,1130701,土地1建物1車位2,十八層,二十五層,住宅大樓(11層含以上有電梯),住家用,1060220.0,399.01,3,2,3,有,有,106000000,271010.0,坡道平面,30.02,6000000,,RPUNMLOJPHJGFEA28DA,188.02,19.71,24.5,有,309.0,7.0
北投區,房地(土地+建物),行義路１８６巷５２號四樓,14.81,住,,,1130712,土地1建物1車位0,四層,七層,華廈(10層含以下有電梯),住家用,740110.0,70.11,2,1,1,有,有,10500000,149765.0,,0.0,0,,RPPNMLLMPHJGFEA87EA,54.13,0.0,12.02,有,,40.0
士林區,房地(土地+建物),中山北路七段１４巷１５號七樓之４,27.13,住,,,1130720,土地1建物1車位0,七層,七層,華廈(10層含以下有電梯),住家用,660929.0,107.61,3,2,2,有,無,28500000,264845.0,,0.0,0,鐵鋁窗陽台外推；其他增建；,RPXNMLMLPHJGFEA58DA,87.72,0.0,9.18,有,316.0,47.0
大安區,房地(土地+建物)+車位,光復南路３０８巷２５號五樓,30.99,住,,,1130704,土地13建物1車位1,五層,七層,華廈(10層含以下有電梯),住家用,701015.0,164.95,4,2,2,有,有,49980000,303001.0,坡道平面,0.0,0,陽台外推；,RPPNMLPJPHJGFFA97DA,129.68,0.0,18.89,有,,43.0
大安區,房地(土地+建物),溫州街７９號三樓之２,31.42,住,,,1130701,土地1建物1車位0,三層,七層,華廈(10層含以下有電梯),住家用,690606.0,146.92000000000002,3,2,2,有,有,41880000,285053.0,,0.0,0,其他增建；,RPRNMLQLPHJGFFA48DA,112.43,0.0,10.91,有,317.0,44.0
內湖區,房地(土地+建物)+車位,星雲街１３１號四樓之１,17.99,住,,,1130704,土地1建物1車位1,四層,十四層,住宅大樓(11層含以上有電梯),住家用,931222.0,143.73,2,2,2,有,有,43300000,346909.0,坡道平面,26.12,2500000,陽台外推；其他增建；,RPTNMLTLPHJGFCA68DA,65.9,3.39,10.67,有,,20.0
信義區,房地(土地+建物),忠孝東路四段５５３巷２０之１號四樓,19.46,住,,,1130701,土地1建物1車位0,四層,七層,華廈(10層含以下有電梯),住家用,670203.0,105.46,3,2,2,有,有,32680000,309881.0,,0.0,0,陽台外推；,RPTOMLLKPHJGFDA97DA,74.68,0.0,13.45,有,,46.0
信義區,房地(土地+建物)+車位,信義路五段９１巷１２弄１號二樓之７,10.44,住,,,1130701,土地1建物1車位1,二層,七層,華廈(10層含以下有電梯),住家用,971224.0,67.82,1,0,1,有,有,16680000,245945.0,坡道機械,0.0,0,,RPVNMLRKPHJGFDA68DA,18.29,2.45,0.0,有,,16.0
南港區,房地(土地+建物)+車位,重陽路１２５巷３６弄１０號五樓之６,13.39,住,,,1130707,土地1建物1車位1,五層,八層,華廈(10層含以下有電梯),住家用,961008.0,67.08,2,1,1,有,有,15700000,247287.0,坡道機械,10.87,1800000,,RPVOMLTKPHJGFDA98DA,29.12,0.0,6.33,有,322.0,17.0
北投區,房地(土地+建物),中央北路四段１１８號四樓,29.04,住,,,1130703,土地1建物1車位0,四層,五層,公寓(5樓含以下無電梯),住家用,740108.0,107.16,2,2,1,有,無,14850000,138578.0,,0.0,0,陽台外推；,RPPNMLNKPHJGFEA77DA,88.29,0.0,10.64,無,324.0,39.0
南港區,房地(土地+建物),經貿二路２４５號六樓之２,12.67,住,,,1130706,土地1建物1車位0,六層,十三層,住宅大樓(11層含以上有電梯),住家用,1020222.0,75.50999999999999,2,1,1,有,有,22700000,300622.0,,0.0,0,,RPPNMLLMPHJGFDA77EA,43.34,4.09,2.8,有,329.0,11.0
北投區,房地(土地+建物),新興路１５８巷１５號四樓,33.9,住,,,1130703,土地1建物1車位0,四層,五層,公寓(5樓含以下無電梯),住家用,691119.0,106.21,3,2,1,有,無,13000000,122399.0,,0.0,0,,RPPNMLMJQHJGFEA77EA,91.57,0.0,14.64,無,,44.0
松山區,房地(土地+建物),南京東路五段２３巷１５弄７號五樓,30.8,住,,,1130704,土地1建物1車位0,五層,五層,公寓(5樓含以下無電梯),住家用,660526.0,103.46,3,2,2,有,無,19300000,186546.0,,0.0,0,頂樓加蓋；,RPUNMLMJQHJGFDA08DA,90.93,0.0,12.53,無,334.0,47.0
大安區,房地(土地+建物),敦化南路一段２３３巷３１號五樓之７,6.16,住,,,1130706,土地1建物1車位0,五層,十層,華廈(10層含以下有電梯),住家用,760709.0,43.52,1,1,1,有,有,15680000,360294.0,,0.0,0,陽台外推；,RPSOMLLJQHJGFFA08DA,25.04,0.0,4.17,有,335.0,37.0
中正區,房地(土地+建物),臨沂街３巷１號三樓,46.75,住,,,1130710,土地1建物1車位0,三層,四層,公寓(5樓含以下無電梯),住家用,570207.0,156.55,4,1,2,有,無,43560000,278250.0,,0.0,0,陽台外推；,RPRNMLMJQHJGFBA67EA,148.6,0.0,7.95,無,340.0,56.0
內湖區,房地(土地+建物),康樂街１３６巷１５弄２０號五樓,26.79,住,,,1130715,土地3建物1車位0,五層,五層,公寓(5樓含以下無電梯),住家用,721103.0,95.39,3,2,2,有,無,11900000,124751.0,,0.0,0,,RPUNMLKMPHJGFCA08EA,86.14,0.0,9.25,無,341.0,41.0
北投區,房地(土地+建物)+車位,三合街一段８２巷７６號三樓,37.11,住,,,1130713,土地1建物1車位2,三層,八層,華廈(10層含以下有電梯),住家用,1040303.0,255.61,3,2,2,有,有,47628000,186331.0,坡道平面,87.18,0,陽台加扇型遮陽窗其他增建；,RPQNMLPJQHJGFEA18EA,98.42,2.27,10.2,有,342.0,9.0
萬華區,房地(土地+建物),民和街９８號七樓之２,19.51,住,,,1130710,土地1建物1車位0,七層,十五層,住宅大樓(11層含以上有電梯),住家用,1121213.0,117.04,3,2,2,有,無,24620000,210355.0,,0.0,0,,RPVNMLLJQHJGFBA87DA,67.57,5.4,5.07,有,,1.0
北投區,房地(土地+建物),石牌路二段３０３號五樓之１,18.84,住,,,1130703,土地1建物1車位0,五層,九層,華廈(10層含以下有電梯),住家用,810129.0,86.22,2,2,1,有,有,21150000,245303.0,,0.0,0,陽台外推；其他增建；,RPQPMLPJQHJGFEA28DA,65.87,3.13,7.67,有,,32.0
大安區,房地(土地+建物),敦化南路二段８１巷６５弄８號二樓,31.25,住,,,1130730,土地1建物1車位0,二層,四層,公寓(5樓含以下無電梯),住家用,,99.59,3,2,2,有,無,26500000,266091.0,,0.0,0,,RPWPMLKMPHJGFFA68DA,84.8,0.0,14.79,無,353.0,
中正區,房地(土地+建物),仁愛路一段２３巷８號二樓,14.45,住,,,1130708,土地1建物1車位0,二層,七層,華廈(10層含以下有電梯),住家用,1061116.0,67.28,2,1,1,有,有,26500000,393876.0,,0.0,0,,RPQNMLPJQHJGFBA87EA,31.87,2.06,2.25,有,356.0,7.0
內湖區,房地(土地+建物),民權東路六段１３６巷３０號三樓,39.79,住,,,1130703,土地1建物1車位0,三層,五層,公寓(5樓含以下無電梯),住家用,720704.0,135.68,3,2,2,有,無,22980000,169369.0,,0.0,0,,RPRNMLMJQHJGFCA77EA,119.57,0.0,16.11,無,,41.0
士林區,房地(土地+建物),中山北路六段３５巷４４號五樓,30.07,住,,,1130703,土地2建物1車位0,五層,五層,公寓(5樓含以下無電梯),住家用,680815.0,92.87,3,2,1,有,無,18000000,193819.0,,0.0,0,頂樓加蓋；,RPSNMLMJQHJGFEA08EA,88.0,0.0,4.87,無,,45.0
文山區,房地(土地+建物)+車位,辛亥路四段７７巷１７號十一樓,59.98,住,,,1130715,土地4建物1車位1,十一層,十四層,住宅大樓(11層含以上有電梯),住家用,851107.0,152.14,3,2,2,有,有,24500000,161036.0,坡道平面,0.0,0,,RPRPMLPJQHJGFAA97DA,75.59,2.04,7.9,有,,28.0
內湖區,房地(土地+建物),文德路２２巷５９弄２０號三樓,35.42,住,,,1130717,土地1建物1車位0,三層,七層,華廈(10層含以下有電梯),住家用,730131.0,127.33,3,2,1,有,有,25400000,199482.0,,0.0,0,,RPUOMLLJQHJGFCA97DA,80.02,0.0,17.6,有,,40.0
內湖區,房地(土地+建物)+車位,文湖街２１巷８２弄１４號三樓之１,21.1,住,,,1130703,土地1建物1車位1,三層,八層,華廈(10層含以下有電梯),住家用,941226.0,133.43,3,2,2,有,有,25000000,187364.0,坡道平面,33.04,0,,RPSNMLQJQHJGFCA18DA,63.81,2.65,2.77,有,,19.0
松山區,房地(土地+建物)+車位,市民大道四段３９之２號九樓,48.7,住,,,1130701,土地2建物1車位2,九層,二十三層,住宅大樓(11層含以上有電梯),住家用,1090102.0,355.24,0,0,0,無,有,164260000,565847.0,坡道平面,81.12,9150000,,RPTOMLSKPHJGFDA68DA,150.94,4.3,22.94,有,,4.0
北投區,房地(土地+建物)+車位,中山北路七段２１９巷３弄２８０號七樓之３,57.8,住,,,1130708,土地1建物1車位1,七層,七層,華廈(10層含以下有電梯),住家用,960824.0,129.69,3,2,2,有,有,25300000,195081.0,坡道機械,16.11,0,,RPWNMLTKPHJGFEA09DA,75.88,2.8,9.03,有,,17.0
士林區,房地(土地+建物),承德路四段５８巷３８號四樓,41.0,住,,,1130702,土地1建物1車位0,四層,四層,公寓(5樓含以下無電梯),住家用,591006.0,87.12,3,2,2,有,無,16000000,183655.0,,0.0,0,陽台加窗。其他增建；,RPTOMLMJQHJGFEA18DA,87.12,0.0,0.0,無,,54.0
大安區,房地(土地+建物),新生南路一段１６５巷３１之９號,26.03,住,,,1130706,土地1建物1車位0,二層,四層,公寓(5樓含以下無電梯),住家用,600414.0,79.54,2,2,1,有,無,25000000,314307.0,,0.0,0,陽台外推；,RPPOMLRJQHJGFFA38DA,68.66,0.0,10.88,無,,53.0
信義區,房地(土地+建物),忠孝東路五段７０３巷１弄３８號,59.5,住,,,1130713,土地1建物1車位0,一層,二層,公寓(5樓含以下無電梯),住家用,,77.25,3,2,2,有,無,29660000,383948.0,,0.0,0,其他增建；,RPPNMLQJQHJGFDA08EA,77.25,0.0,0.0,無,370.0,
北投區,房地(土地+建物)+車位,中央北路三段４０巷１９弄１１號三樓之２,20.25,住,,,1130704,土地1建物1車位2,三層,十一層,住宅大樓(11層含以上有電梯),住家用,970702.0,117.33,2,1,1,有,有,13250000,112929.0,塔式車位,0.0,0,,RPRNMLRJQHJGFEA48EA,44.62,2.72,6.53,有,,16.0
大安區,房地(土地+建物),和平東路三段１巷７２弄７號九樓,19.94,住,,,1130710,土地1建物1車位0,九層,十七層,住宅大樓(11層含以上有電梯),住家用,740522.0,103.16,3,2,1,有,有,23720000,229934.0,,0.0,0,,RPPNMLQJQHJGFFA28EA,75.58,1.26,7.07,有,,39.0
中正區,房地(土地+建物),青島東路２３號五樓之７,21.25,住,,,1130704,土地1建物1車位0,五層,七層,華廈(10層含以下有電梯),住家用,750711.0,135.5,3,2,2,有,有,33200000,245018.0,,0.0,0,,RPUOMLQJQHJGFBA38DA,89.36,0.0,10.1,有,,38.0
中山區,房地(土地+建物),松江路１３３巷５０號七樓之４,8.19,住,,,1130705,土地1建物1車位0,七層,八層,華廈(10層含以下有電梯),住家用,930829.0,37.66,1,1,1,有,有,12500000,331917.0,,0.0,0,夾層；,RPVNMLQJQHJGFCA48DA,21.81,0.86,2.8,有,,20.0
信義區,房地(土地+建物),中坡北路１５巷２１號七樓,23.73,住,,,1130726,土地1建物1車位0,七層,七層,華廈(10層含以下有電梯),住家用,721011.0,124.87,3,1,2,有,無,32000000,256267.0,,0.0,0,頂樓加蓋；,RPQNMLQLPHJGFDA18DA,97.44,0.0,15.55,有,,41.0
中正區,房地(土地+建物),廈門街７１巷１２之３號三樓,23.75,住,,,1130712,土地1建物1車位0,三層,四層,公寓(5樓含以下無電梯),住家用,630501.0,66.1,2,2,1,有,無,14580000,220575.0,,0.0,0,陽台外推；,RPPNMLQJQHJGFAA77EA,59.77,0.0,6.33,無,,50.0
中正區,房地(土地+建物),愛國東路７４巷２５號五樓之５,7.52,住,,,1130708,土地1建物1車位0,五層,八層,華廈(10層含以下有電梯),住家用,970701.0,33.28,1,1,1,有,有,15900000,477764.0,,0.0,0,,RPPNMLSJQHJGFAA97EA,17.07,2.27,0.0,有,393.0,16.0
文山區,房地(土地+建物),新光路一段６５巷３８號九樓,49.65,住,,,1130710,土地1建物1車位0,九層,十一層,住宅大樓(11層含以上有電梯),住家用,821020.0,217.98,3,2,2,有,有,32000000,146802.0,,0.0,0,,RPQNMLLMPHJGFAA47DA,121.14,0.0,12.71,有,398.0,31.0
中正區,房地(土地+建物),和平西路二段２２號三樓之１,20.92,住,,,1130718,土地1建物1車位0,三層,八層,華廈(10層含以下有電梯),住家用,790623.0,92.99,3,2,2,有,有,19550000,210238.0,,0.0,0,,RPPPMLPJQHJGFAA77DA,67.73,0.88,7.73,有,,34.0
文山區,房地(土地+建物),指南路二段４５巷２４弄２２號五樓,29.6,住,,,1130721,土地1建物1車位0,五層,五層,公寓(5樓含以下無電梯),住家用,710930.0,101.65,4,1,4,有,無,15880000,156222.0,,0.0,0,,RPUNMLQJQHJGFAA18DA,89.36,0.0,12.29,無,399.0,42.0
文山區,房地(土地+建物),興隆路四段９６巷３弄２號三樓,30.0,住,,,1130714,土地1建物1車位0,三層,四層,公寓(5樓含以下無電梯),住家用,660728.0,96.67,3,2,1,有,無,16500000,170684.0,,0.0,0,,RPSNMLRJQHJGFAA08DA,83.16,0.0,13.51,無,,47.0
萬華區,房地(土地+建物),長泰街３０８巷１９號三樓,23.0,住,,,1130718,土地1建物1車位0,三層,四層,公寓(5樓含以下無電梯),住家用,580811.0,77.0,3,2,1,有,無,11000000,142857.0,,0.0,0,陽台外推；,RPOOMLSJQHJGFBA97DA,77.0,0.0,0.0,無,401.0,55.0
南港區,房地(土地+建物)+車位,東明街１２７號十樓,63.28,住,,,1130723,土地1建物1車位1,十層，十一層,十七層,住宅大樓(11層含以上有電梯),住家用,791128.0,274.14,6,2,3,有,有,46800000,170716.0,坡道平面,0.0,0,,RPVNMLKMPHJGFDA18DA,193.25,11.1,17.57,有,,34.0
北投區,房地(土地+建物),大度路三段３０１巷２８弄２８號四樓,25.96,住,,,1130707,土地1建物1車位0,四層,五層,公寓(5樓含以下無電梯),住家用,760123.0,91.27,3,2,2,有,無,10000000,109565.0,,0.0,0,其他增建；,RPPQMLLKPHJGFEA87DA,74.12,0.0,9.7,無,,37.0
北投區,房地(土地+建物)+車位,中和街３９８巷５弄２號七樓,32.18,住,,,1130715,土地4建物1車位1,七層,十層,華廈(10層含以下有電梯),住家用,840622.0,105.82,1,2,1,有,有,12800000,120960.0,坡道平面,0.0,2000000,,RPWOMLKMPHJGFEA48DA,44.6,2.1,6.44,有,,29.0
中山區,房地(土地+建物),合江街８３巷１７號,28.75,住,,,1130707,土地1建物1車位0,一層,四層,公寓(5樓含以下無電梯),住家用,650316.0,76.88,2,2,1,有,無,23000000,299168.0,,0.0,0,陽台外推；其他增建；,RPSNMLRJQHJGFCA38EA,68.72,8.16,0.0,無,410.0,48.0
北投區,房地(土地+建物)+車位,溫泉路６８巷１０號三樓,34.17,住,,,1130723,土地2建物1車位1,三層,七層,華廈(10層含以下有電梯),住家用,901220.0,155.37,3,2,2,有,有,17880000,115080.0,升降機械,0.0,0,陽台外推；,RPRNMLSJQHJGFEA58EA,75.92,0.0,4.82,有,413.0,23.0
北投區,房地(土地+建物),大業路２８０巷３５弄３之１號二樓,27.0,住,,,1130708,土地1建物1車位0,二層,四層,公寓(5樓含以下無電梯),住家用,660408.0,78.07,3,1,1,有,無,11000000,140899.0,,0.0,0,,RPPNMLTJQHJGFEA48EA,70.95,0.0,7.12,無,,47.0
內湖區,房地(土地+建物),康寧路一段１１２號四樓,30.3,住,,,1130707,土地1建物1車位0,四層,五層,公寓(5樓含以下無電梯),住家用,690709.0,107.41,2,2,2,有,無,16500000,153617.0,,0.0,0,其他增建：陽台外推。其他增建；,RPQOMLMKPHJGFCA67DA,94.22,0.0,13.19,無,,44.0
內湖區,房地(土地+建物)+車位,民權東路六段２８０巷１０號二樓,54.64,住,,,1130705,土地3建物1車位3,二層,十三層,住宅大樓(11層含以上有電梯),住家用,1031204.0,392.33,3,2,2,有,有,73980000,188566.0,坡道平面,126.81,0,其他增建；,RPPNMLMLPHJGFCA57DA,147.95,15.64,18.46,有,418.0,10.0
內湖區,房地(土地+建物)+車位,星雲街１６１巷９號十四樓之１,31.67,住,,,1130701,土地1建物1車位2,十四層,十五層,住宅大樓(11層含以上有電梯),住家用,961026.0,249.74,4,2,2,有,有,69000000,340026.0,坡道平面,64.46,6000000,其他增建；,RPTOMLNLPHJGFCA18DA,117.97,11.89,5.39,有,,17.0
內湖區,房地(土地+建物),星雲街１６３號十一樓之７,5.99,,,,1130705,土地1建物1車位0,十一層,十四層,住宅大樓(11層含以上有電梯),住家用,880901.0,35.97,2,1,1,有,有,10800000,300250.0,,0.0,0,,RPSOMLSJQHJGFCA48DA,22.51,0.0,6.34,有,,25.0
松山區,房地(土地+建物),五常街２８１巷９號三樓,26.25,住,,,1130702,土地1建物1車位0,三層，陽臺,四層,公寓(5樓含以下無電梯),住家用,620415.0,76.88,3,2,1,有,無,18000000,234131.0,,0.0,0,,RPSNMLRKPHJGFDA38DA,76.88,0.0,0.0,無,,51.0
士林區,房地(土地+建物)+車位,天玉街３９巷４號二樓,35.04,住,,,1130728,土地2建物1車位1,二層,七層,華廈(10層含以下有電梯),住家用,741212.0,200.26,2,2,2,有,無,38000000,189753.0,坡道平面,0.0,3000000,陽台外推；,RPROMLRJQHJGFEA48DA,138.44,1.25,14.98,有,,22.0
大安區,房地(土地+建物),大安路一段２０４號八樓之１,3.24,住,,,1130710,土地1建物1車位0,八層,十二層,住宅大樓(11層含以上有電梯),住家用,971028.0,32.07,1,1,1,有,有,18380000,573121.0,,0.0,0,陽台外推；其他增建；,RPRNMLTJQHJGFFA68DA,17.91,1.39,1.34,有,431.0,16.0
萬華區,房地(土地+建物),和平西路三段３８４號六樓之１４,3.68,住,,,1130708,土地2建物1車位0,六層,八層,華廈(10層含以下有電梯),住家用,700706.0,25.82,0,0,0,無,有,4180000,161890.0,,0.0,0,其他增建；,RPQNMLMKQHJGFBA67EA,18.22,0.0,0.0,有,,43.0
中山區,建物,民權東路一段７巷１１號四樓之１、四樓之５,0.0,,,,1130701,土地0建物1車位0,四層,六層,華廈(10層含以下有電梯),住家用,670901.0,11.19,0,0,0,無,無,2500000,223414.0,,0.0,0,建物坐落地號：中山段一小段651地號；,RPQNMLPJPHJGFCA87EA,11.19,0.0,0.0,有,,46.0
北投區,房地(土地+建物),文林北路２４４巷３４號,39.5,住,,,1130701,土地1建物1車位0,一層，騎樓,二層,公寓(5樓含以下無電梯),住家用,580319.0,61.45,2,2,1,有,無,11200000,182262.0,,0.0,0,其他增建；,RPRNMLTJQHJGFEA68EA,61.45,0.0,0.0,無,,55.0
大安區,房地(土地+建物)+車位,敦化南路二段７０號二十四樓之２,25.4,住,,,1130714,土地1建物1車位1,二十四層,二十四層,住宅大樓(11層含以上有電梯),住家用,751020.0,337.83,4,2,4,有,有,125000000,414428.0,坡道平面,53.11,7000000,,RPPNMLMKQHJGFFA97EA,308.89,0.0,17.2,有,,38.0
萬華區,房地(土地+建物),青年路１０６巷１９號四樓,14.29,住,,,1130712,土地2建物1車位0,四層,五層,公寓(5樓含以下無電梯),住家用,640403.0,31.18,1,1,1,有,無,5200000,166774.0,,0.0,0,其他增建；,RPRNMLRLPHJGFBA18DA,31.18,0.0,0.0,無,,49.0
萬華區,房地(土地+建物)+車位,民和街９８號十四樓之１,21.25,住,,,1130723,土地1建物1車位1,十四層,十五層,住宅大樓(11層含以上有電梯),住家用,1121213.0,161.34,3,2,2,有,無,32600000,234093.0,坡道平面,34.04,2800000,,RPPNMLMKQHJGFBA47DA,73.74,5.31,5.82,有,,1.0
萬華區,房地(土地+建物),青年路１６８巷４９弄５９號二樓之１,13.36,住,,,1130708,土地2建物1車位0,二層，陽臺,五層,公寓(5樓含以下無電梯),住家用,640523.0,44.349999999999994,2,2,1,有,無,8000000,180383.0,,0.0,0,陽台外推；其他增建；,RPRNMLNKQHJGFBA77DA,37.87,0.0,0.0,無,433.0,49.0
中山區,房地(土地+建物),通北街６５巷２弄６號六樓,42.57,住,,,1130709,土地1建物1車位0,六層,九層,華廈(10層含以下有電梯),住家用,831003.0,166.74,4,2,2,有,有,30000000,179921.0,,0.0,0,其他增建；,RPPOMLRKPHJGFCA08DA,115.0,0.0,14.37,有,,30.0
中山區,房地(土地+建物),復興北路１９２號八樓之１,16.19,住,,,1130703,土地1建物1車位0,八層,十五層,住宅大樓(11層含以上有電梯),住家用,750609.0,84.7,2,1,1,有,有,23880000,281936.0,,0.0,0,,RPUOMLSKPHJGFCA68DA,65.97,0.0,5.58,有,,38.0
內湖區,房地(土地+建物)+車位,瑞光路１１２巷５６弄３９號三樓,68.49,住,,,1130713,土地1建物1車位1,三層,五層,公寓(5樓含以下無電梯),住家用,861030.0,146.32999999999998,3,2,2,有,有,26300000,179731.0,坡道平面,0.0,1800000,陽台外推；其他增建；,RPQOMLTJQHJGFCA38DA,77.74,0.0,9.67,無,,27.0
信義區,房地(土地+建物),吳興街２８４巷５９弄１號,40.53,住,,,1130712,土地5建物1車位0,一層,六層,華廈(10層含以下有電梯),住家用,810721.0,196.85,0,0,0,無,無,26000000,132080.0,,0.0,0,其他增建；,RPUNMLTLPHJGFDA88DA,67.58,97.07,0.0,有,440.0,32.0
北投區,房地(土地+建物),自強街５１號五樓,24.38,住,,,1130709,土地2建物1車位0,五層,五層,公寓(5樓含以下無電梯),住家用,730322.0,80.23,2,2,1,有,無,14100000,175745.0,,0.0,0,陽台外推；,RPWNMLMKPHJGFEA38DA,67.56,0.0,4.73,無,,40.0
北投區,房地(土地+建物),大度路三段２９９號十一樓之２,5.92,住,,,1130701,土地3建物1車位0,十一層,十四層,住宅大樓(11層含以上有電梯),住家用,971013.0,57.84,1,1,1,有,有,12600000,217842.0,,0.0,0,陽台外推；其他增建；,RPRPMLPJQHJGFEA38DA,32.86,1.85,4.12,有,442.0,16.0
大安區,房地(土地+建物),延吉街１３１巷９號四樓,25.42,住,,,1130704,土地1建物1車位0,四層,七層,華廈(10層含以下有電梯),住家用,700525.0,145.06,4,2,2,有,無,42000000,289535.0,,0.0,0,,RPPNMLNKQHJGFFA97DA,104.47,0.0,23.3,有,,43.0
北投區,房地(土地+建物)+車位,中央北路三段４０巷１９弄１１號三樓之３,19.33,住,,,1130704,土地1建物1車位1,三層,十一層,住宅大樓(11層含以上有電梯),住家用,970702.0,99.14,2,1,1,有,有,11750000,118519.0,塔式車位,0.0,0,,RPSNMLRJQHJGFEA58EA,44.62,2.72,6.53,有,,16.0
文山區,房地(土地+建物),木柵路一段３３５巷１１弄９號二樓,30.83,住,,,1130714,土地3建物1車位0,二層,四層,公寓(5樓含以下無電梯),住家用,660908.0,88.96,3,2,1,有,無,14000000,157374.0,,0.0,0,陽台外推；其他增建；,RPUOMLNLPHJGFAA08DA,76.22,0.0,12.74,無,,47.0
文山區,房地(土地+建物),仙岩路１６巷２８之１號七樓,24.73,住,,,1130702,土地1建物1車位0,七層,九層,華廈(10層含以下有電梯),住家用,841103.0,74.49000000000001,2,2,1,有,無,17000000,228219.0,,0.0,0,陽台外推；,RPUOMLMJQHJGFAA87DA,51.49,0.0,7.0,有,447.0,29.0
中正區,房地(土地+建物)+車位,仁愛路二段７４號六樓之２,21.88,住,,,1130721,土地2建物1車位1,六層,二十一層,住宅大樓(11層含以上有電梯),住家用,1120523.0,234.01,4,2,2,有,有,96000000,410239.0,坡道平面,45.97,0,車位編號：49號,RPXNMLSJQHJGFBA78DA,113.13,5.29,13.13,有,,1.0
內湖區,房地(土地+建物)+車位,民權東路六段１７７號二樓之１,17.26,住,,,1130705,土地2建物1車位1,二層,十一層,住宅大樓(11層含以上有電梯),住家用,1041016.0,118.74,3,2,1,有,有,28500000,256162.0,塔式車位,15.29,2000000,,RPRNMLQKPHJGFCA08DA,56.08,7.52,5.78,有,449.0,9.0
內湖區,房地(土地+建物)+車位,新豐街１０６號六樓之１,35.65,住,,,1130715,土地1建物1車位1,六層,十層,華廈(10層含以下有電梯),住家用,980715.0,182.67,3,2,2,有,有,42880000,274209.0,坡道平面,35.41,2500000,,RPVNMLRKPHJGFCA58DA,78.29,8.19,5.26,有,,15.0
內湖區,房地(土地+建物),成功路二段３１２巷１９號五樓,27.35,住,,,1130708,土地1建物1車位0,五層,五層,公寓(5樓含以下無電梯),住家用,681205.0,101.73,3,2,2,有,無,17800000,174973.0,,0.0,0,其他增建；,RPTPMLMLPHJGFCA18DA,88.57,0.0,13.16,無,,45.0
內湖區,房地(土地+建物),金湖路３６３巷２５弄１５號二樓之２,35.96,住,,,1130706,土地1建物1車位0,二層,五層,華廈(10層含以下有電梯),住家用,970416.0,84.61,2,2,1,有,有,22800000,269472.0,,0.0,0,陽台外推；其他增建；,RPRNMLKKQHJGFCA57DA,46.69,5.88,6.23,有,450.0,16.0
松山區,房地(土地+建物),南京東路五段２５０巷１８弄４號,23.3,住,,,1130710,土地1建物1車位0,一層,六層,華廈(10層含以下有電梯),住家用,660524.0,104.0,0,0,0,無,有,32000000,307692.0,,0.0,0,,RPQNMLKMPHJGFDA67DA,87.25,7.02,0.0,有,,47.0
北投區,房地(土地+建物),中央北路三段１６８巷４號五樓,26.76,住,,,1130708,土地2建物1車位0,五層,五層,公寓(5樓含以下無電梯),住家用,701007.0,93.75,3,2,2,有,無,7800000,83200.0,,0.0,0,,RPPNMLMKQHJGFEA77DA,82.29,0.0,11.46,無,,43.0
萬華區,建物,成都路６７號八樓之１６,0.0,,,,1130701,土地0建物1車位0,八層,十二層,住宅大樓(11層含以上有電梯),住家用,840112.0,29.019999999999996,0,0,0,無,有,4200000,144728.0,,0.0,0,建物坐落地號：福星段三小段559地號；地上權房屋；,RPQNMLSJQHJGFBA18EA,17.0,0.0,2.74,有,,29.0
內湖區,房地(土地+建物)+車位,文德路２１０巷３０弄１０２號四樓,25.89,住,,,1130715,土地1建物1車位1,四層,十四層,住宅大樓(11層含以上有電梯),住家用,911031.0,163.01999999999998,3,2,2,有,有,32500000,199362.0,坡道平面,28.99,0,,RPSNMLNKQHJGFCA08EA,75.61,0.0,8.95,有,,22.0
中山區,房地(土地+建物),龍江路４１５巷２１號四樓,27.0,住,,,1130707,土地1建物1車位0,四層,五層,公寓(5樓含以下無電梯),住家用,691127.0,95.51,2,2,2,有,無,15230000,159460.0,,0.0,0,,RPTNMLNKQHJGFCA18EA,82.17,0.0,13.34,無,,44.0
士林區,房地(土地+建物)+車位,福華路１５８號七樓之１,30.37,住,,,1130703,土地1建物1車位1,七層,十二層,住宅大樓(11層含以上有電梯),住家用,931231.0,173.58999999999995,3,1,2,有,有,43000000,247710.0,坡道平面,36.2,0,陽台外推；,RPXNMLNKQHJGFEA78EA,80.0,0.89,10.24,有,,20.0
文山區,房地(土地+建物)+車位,木新路二段７０號七樓,67.53,住,,,1130706,土地1建物2車位2,七層,十四層,住宅大樓(11層含以上有電梯),住家用,920130.0,315.93,3,2,2,有,有,55890000,246333.0,坡道平面,109.34,5000000,其他增建；,RPWNMLTKPHJGFAA68DA,128.13,0.0,16.78,有,,21.0
文山區,房地(土地+建物)+車位,汀州路四段２５１號九樓,38.0,住,,,1130708,土地1建物1車位1,九層,十四層,住宅大樓(11層含以上有電梯),住家用,991104.0,192.16,3,2,2,有,有,34500000,179538.0,坡道平面,0.0,0,,RPQOMLNKQHJGFAA67DA,102.75,0.0,11.71,有,,14.0
大同區,房地(土地+建物),大龍街６６號三樓,18.0,住,,,1130705,土地1建物1車位0,三層,四層,公寓(5樓含以下無電梯),住家用,581017.0,59.31,2,2,2,有,無,11880000,200303.0,,0.0,0,,RPRQMLPKPHJGFBA18DA,54.48,0.0,4.83,無,,55.0
內湖區,房地(土地+建物)+車位,東湖路１１３巷４９弄２９號二樓之３,28.79,住,,,1130711,土地1建物1車位1,二層,八層,華廈(10層含以下有電梯),住家用,840513.0,136.04,2,2,2,有,有,23580000,173331.0,坡道平面,0.0,0,陽台外推；其他增建；,RPRNMLKMPHJGFCA67DA,78.46,4.48,8.55,有,,29.0
內湖區,房地(土地+建物)+車位,內湖路一段４１１巷９０弄２７號四樓之５,12.86,住,,,1130713,土地1建物1車位1,四層,九層,華廈(10層含以下有電梯),住家用,981204.0,76.77,1,1,1,有,有,19220000,272155.0,升降機械,11.66,1500000,其他增建；,RPROMLLJQHJGFCA67DA,37.01,5.87,3.67,有,460.0,15.0
松山區,房地(土地+建物),民權東路三段１６０巷３２號五樓之１,28.03,住,,,1130705,土地1建物1車位0,五層,七層,華廈(10層含以下有電梯),住家用,680430.0,159.96,4,2,2,有,有,41000000,256314.0,,0.0,0,陽台外推；,RPSNMLQKPHJGFDA28DA,128.46,0.0,12.38,有,,45.0
信義區,房地(土地+建物),祥雲街１３號七樓,29.93,住,,,1130715,土地1建物1車位0,七層,七層,華廈(10層含以下有電梯),住家用,700422.0,139.91,3,2,2,有,無,19500000,139375.0,,0.0,0,,RPQNMLMJQHJGFDA67DA,96.65,0.0,25.2,有,,43.0
北投區,房地(土地+建物)+車位,承德路七段１６８號十一樓,25.88,住,,,1130701,土地3建物1車位1,十一層,二十層,住宅大樓(11層含以上有電梯),住家用,1120413.0,258.4,3,2,3,有,有,61000000,257515.0,坡道平面,33.17,3000000,,RPPOMLPKPHJGFEA08DA,127.37,12.51,11.44,有,,1.0
士林區,房地(土地+建物),士東路４６巷３７號二樓,32.52,住,,,1130706,土地2建物1車位0,二層,五層,公寓(5樓含以下無電梯),住家用,700924.0,126.81,3,3,2,有,無,25600000,201877.0,,0.0,0,陽台外推；,RPSNMLTLPHJGFEA78DA,106.9,0.0,16.52,無,,43.0
北投區,房地(土地+建物)+車位,永興路二段４７號四樓,18.51,住,,,1130705,土地1建物1車位2,四層,八層,華廈(10層含以下有電梯),住家用,990901.0,119.92000000000002,1,2,2,有,有,16500000,137592.0,升降機械,0.0,0,陽台外推；夾層；,RPSNMLNKQHJGFEA18DA,45.05,2.07,4.26,有,,14.0
北投區,房地(土地+建物),天母北路１０５巷１５弄１號八樓之２,9.8,住,,,1130721,土地1建物1車位0,八層,十一層,住宅大樓(11層含以上有電梯),住家用,840629.0,33.480000000000004,1,1,1,有,有,7800000,232975.0,,0.0,0,,RPWNMLNKQHJGFEA58DA,20.7,0.92,1.84,有,466.0,29.0
北投區,房地(土地+建物)+車位,北科路１９０號十三樓,47.03,住,,,1130718,土地1建物1車位2,十三層,十三層,住宅大樓(11層含以上有電梯),住家用,1130126.0,248.71,3,2,2,有,有,66300000,325622.0,坡道平面,64.14,6200000,,RPVNMLPKQHJGFEA68DA,109.62,0.0,10.95,有,,
大安區,房地(土地+建物),大安路一段２０４號七樓之１,3.24,住,,,1130726,土地1建物1車位0,七層,十二層,住宅大樓(11層含以上有電梯),住家用,971028.0,32.07,1,1,1,有,有,17700000,551918.0,,0.0,0,夾層；含租約；,RPQQMLKMPHJGFFA18DA,17.91,1.39,1.34,有,,16.0
大安區,房地(土地+建物),大安路一段２０２號二樓之１１,4.58,住,,,1130715,土地1建物1車位0,二層,十二層,住宅大樓(11層含以上有電梯),住家用,971028.0,45.27,1,1,1,有,有,21280000,470068.0,,0.0,0,夾層；其他增建；,RPSOMLPJQHJGFFA48DA,22.08,4.84,2.21,有,,16.0
大安區,房地(土地+建物),新生南路一段１４５巷１６之２號,49.0,住,,,1130702,土地1建物1車位0,三層,四層,公寓(5樓含以下無電梯),住家用,571021.0,126.33,3,2,2,有,無,39000000,308715.0,,0.0,0,後陽台外推,RPUNMLMKQHJGFFA38DA,113.7,0.0,12.63,無,,56.0
萬華區,房地(土地+建物),中華路二段３６４巷１弄２號二樓,36.63,住,,,1130706,土地1建物1車位0,二層,十層,華廈(10層含以下有電梯),住家用,800227.0,134.94,3,2,2,有,有,27250000,201942.0,,0.0,0,其他增建；,RPXQMLQKPHJGFBA88DA,96.43,0.7,10.73,有,,33.0
大同區,房地(土地+建物)+車位,民族西路３３８號九樓之１,30.24,住,,,1130713,土地2建物1車位1,九層,十五層,住宅大樓(11層含以上有電梯),住家用,1110802.0,249.46999999999997,3,2,3,有,有,59037600,236652.0,坡道平面,34.27,0,,RPROMLQLPHJGFBA18DA,132.84,0.86,18.47,有,,2.0
內湖區,房地(土地+建物)+車位,文德路７０號十四樓,28.51,住,,,1130706,土地2建物1車位3,十四層,十七層,住宅大樓(11層含以上有電梯),住家用,981224.0,304.18,4,2,2,有,有,67880000,288956.0,坡道平面,90.03,6000000,其他增建；,RPWNMLQLPHJGFCA68DA,130.55,15.77,10.17,有,,15.0
內湖區,房地(土地+建物)+車位,星雲街１５０巷１４號六樓,43.86,住,,,1130722,土地1建物1車位1,六層,六層,華廈(10層含以下有電梯),住家用,840829.0,164.34,3,2,2,有,有,32500000,197761.0,坡道平面,0.0,0,陽台外推；其他增建；,RPQOMLSJQHJGFCA28DA,135.34,3.07,8.98,有,476.0,29.0
中山區,房地(土地+建物),吉林路２１８巷３０號二樓,34.0,住,,,1130710,土地2建物1車位0,二層,三層,公寓(5樓含以下無電梯),住家用,550506.0,80.25,3,1,3,有,無,17500000,218069.0,,0.0,0,,RPWNMLOKQHJGFCA48DA,80.25,0.0,0.0,無,,58.0
信義區,房地(土地+建物),忠孝東路四段５５３巷２２弄４１號四樓,25.8,住,,,1130702,土地1建物1車位0,四層,五層,公寓(5樓含以下無電梯),住家用,660919.0,92.5,2,3,1,有,無,25800000,278919.0,,0.0,0,,RPSPMLLJQHJGFDA97DA,82.01,0.0,10.49,無,481.0,47.0
信義區,房地(土地+建物),吳興街６００巷１００弄１８號二樓,13.99,住,,,1130731,土地1建物1車位0,二層,十一層,住宅大樓(11層含以上有電梯),住家用,1030108.0,83.14,2,1,1,有,有,14800000,178013.0,,0.0,0,土地增值稅69356元由買方負擔,RPPOMLPKQHJGFDA08DA,40.1,9.45,5.54,有,483.0,11.0
北投區,房地(土地+建物),長壽路２７之２號六樓,45.36,住,,,1130701,土地1建物1車位0,六層,八層,華廈(10層含以下有電梯),住家用,821111.0,117.06,2,2,1,有,有,14300000,122160.0,,0.0,0,,RPXNMLTKPHJGFEA56DA,65.35,6.83,5.85,有,484.0,31.0
士林區,房地(土地+建物),中正路６７０號九樓,10.15,住,,,1130712,土地2建物1車位0,九層,十三層,住宅大樓(11層含以上有電梯),住家用,890104.0,69.19,2,1,1,有,有,14700000,212458.0,,0.0,0,陽台外推；,RPPOMLTKPHJGFEA48DA,45.61,0.0,6.8,有,,25.0
北投區,房地(土地+建物)+車位,知行路２９３巷１６號六樓之８,15.91,住,,,1130718,土地1建物1車位1,六層,十一層,住宅大樓(11層含以上有電梯),住家用,980717.0,112.05,2,1,1,有,有,16100000,202499.0,坡道平面,42.42,2000000,陽台外推；,RPRNMLLMPHJGFEA97DA,40.11,0.0,4.21,有,485.0,15.0
士林區,房地(土地+建物),重慶北路四段２２２號十二樓之１,13.96,住,,,1130714,土地2建物1車位0,十二層,十四層,住宅大樓(11層含以上有電梯),住家用,1060413.0,89.48,2,1,1,有,有,20800000,232454.0,,0.0,0,其他增建；,RPVOMLPKQHJGFEA78DA,47.24,4.59,7.53,有,487.0,7.0
大安區,房地(土地+建物)+車位,嘉興街３２３巷３號十四樓之２,25.67,住,,,1130713,土地2建物1車位1,十四層,十四層,住宅大樓(11層含以上有電梯),住家用,890626.0,192.68,3,2,2,有,有,53130000,275756.0,坡道平面,0.0,3000000,其他增建；,RPQNMLLLPHJGFFA87DA,104.26,3.35,12.81,有,,24.0
大安區,房地(土地+建物),金華街１０６巷８號三樓,10.1,住,,,1130704,土地1建物1車位0,三層,六層,華廈(10層含以下有電梯),住家用,1030513.0,52.6,1,1,1,有,有,24500000,465779.0,,0.0,0,,RPXOMLRJQHJGFFA56DA,29.37,1.57,2.81,有,489.0,10.0
大安區,房地(土地+建物),通化街２２５之３號,40.75,住,,,1130714,土地1建物1車位0,二層,四層,公寓(5樓含以下無電梯),住家用,570723.0,99.65,3,2,2,有,無,21500000,215755.0,,0.0,0,陽台外推；其他增建；,RPQNMLMKQHJGFFA97DA,90.66,0.0,8.99,無,,56.0
大安區,房地(土地+建物)+車位,敦化南路一段２３６巷７號十一樓,24.79,住,,,1130730,土地1建物1車位1,十一層,十四層,住宅大樓(11層含以上有電梯),住家用,670120.0,224.79,3,2,2,有,有,80880000,392881.0,坡道平面,30.38,4500000,,RPPNMLQKQHJGFFA28DA,184.41,0.0,17.84,有,,47.0
中正區,房地(土地+建物),濟南路二段１５號六樓之５,9.88,住,,,1130714,土地1建物1車位0,六層,十一層,住宅大樓(11層含以上有電梯),住家用,960129.0,47.6,1,1,1,有,有,15300000,321429.0,,0.0,0,陽台外推；夾層；,RPQNMLPKQHJGFBA97EA,25.22,3.74,2.05,有,493.0,17.0
內湖區,房地(土地+建物)+車位,大湖山莊街２３巷１３號二樓,26.72,住,,,1130714,土地1建物1車位1,二層,三層,公寓(5樓含以下無電梯),住家用,830106.0,81.42,1,2,1,有,無,15000000,184230.0,升降機械,0.0,0,,RPRNMLPKQHJGFCA18EA,41.99,1.31,2.67,無,,31.0
中山區,房地(土地+建物)+車位,朱崙街８７號七樓,63.06,住,,,1130710,土地1建物1車位1,七層,七層,華廈(10層含以下有電梯),住家用,721110.0,337.28000000000003,5,2,3,有,有,76800000,227704.0,坡道平面,0.0,0,,RPSNMLPKQHJGFCA28EA,281.97,0.0,29.44,有,,41.0
士林區,房地(土地+建物),承德路四段４０巷１３７號五樓之１３,11.67,住,,,1130722,土地1建物1車位0,四層,五層,公寓(5樓含以下無電梯),住家用,591018.0,35.6,2,1,1,有,有,5000000,140449.0,,0.0,0,,RPQNMLQKQHJGFEA38EA,32.4,1.85,1.35,無,,54.0
大同區,房地(土地+建物),重慶北路三段２２３巷２３弄８號四樓,18.33,住,,,1130717,土地1建物1車位0,四層，電梯樓梯間,五層,公寓(5樓含以下無電梯),住家用,840714.0,57.99,2,2,1,有,無,11180000,192792.0,,0.0,0,其他增建；,RPQOMLLJQHJGFBA47DA,45.64,2.45,5.8,無,,29.0
萬華區,房地(土地+建物)+車位,青年路１５２巷２４號十二樓之２,37.7,住,,,1130712,土地4建物1車位1,十二層,十四層,住宅大樓(11層含以上有電梯),住家用,970103.0,176.57,3,2,2,有,有,35800000,202752.0,坡道平面,0.0,0,,RPRPMLRJQHJGFBA28DA,96.09,0.0,9.34,有,497.0,17.0
內湖區,房地(土地+建物),康樂街６１巷７７弄１號四樓,30.66,住,,,1130706,土地1建物1車位0,四層,五層,公寓(5樓含以下無電梯),住家用,731117.0,105.35,3,2,2,有,無,16600000,157570.0,,0.0,0,陽台外推；,RPPNMLPKQHJGFCA87DA,88.21,0.0,9.29,無,,40.0
信義區,房地(土地+建物)+車位,忠孝東路五段３７２巷２９弄３７號五樓,21.52,住,,,1130704,土地1建物1車位1,五層,七層,華廈(10層含以下有電梯),住家用,710608.0,151.05,3,2,2,有,有,33000000,218471.0,坡道平面,0.0,2500000,,RPPNMLQKQHJGFDA08DA,123.58,1.71,5.57,有,,42.0
南港區,房地(土地+建物),忠孝東路六段２９８號三樓,35.75,住,,,1130713,土地1建物1車位0,三層，陽臺,四層,公寓(5樓含以下無電梯),住家用,630618.0,100.0,2,2,1,有,無,25000000,250000.0,,0.0,0,陽台外推；,RPXOMLTKQHJGFDA66DA,100.0,0.0,0.0,無,501.0,50.0
大安區,房地(土地+建物),金山南路二段１８５巷１５號三樓,35.75,住,,,1130712,土地1建物1車位0,三層,四層,公寓(5樓含以下無電梯),住家用,,83.17,3,2,2,有,無,27500000,330648.0,,0.0,0,陽台外推；其他增建；,RPVNMLTKPHJGFFA09DA,83.17,0.0,0.0,無,,
文山區,房地(土地+建物),羅斯福路六段１６６巷７號十二樓,17.69,住,,,1130701,土地1建物1車位0,十二層,十二層,住宅大樓(11層含以上有電梯),住家用,1111215.0,92.99,2,2,1,有,有,28000000,301108.0,,0.0,0,,RPPOMLLJPHJGFAA17DA,55.58,0.92,6.96,有,,2.0
文山區,房地(土地+建物),景華街３０號,25.0,住,,,1130706,土地1建物1車位0,一層，騎樓,四層,公寓(5樓含以下無電梯),住家用,561130.0,95.1,1,2,1,有,無,24000000,252366.0,,0.0,0,其他增建；,RPRNMLTKQHJGFAA28DA,95.1,0.0,0.0,無,,57.0
內湖區,房地(土地+建物)+車位,內湖路二段２３５巷１６號五樓之２,85.92,住,,,1130703,土地3建物1車位1,五層,五層,華廈(10層含以下有電梯),住家用,1110722.0,167.0,3,2,2,有,有,49880000,353241.0,坡道平面,33.72,2800000,,RPQNMLLMPHJGFCA67DA,78.7,4.5,5.91,有,,2.0
內湖區,房地(土地+建物)+車位,安康路３５０號七樓之１,20.97,住,,,1130706,土地1建物1車位1,七層,八層,華廈(10層含以下有電梯),住家用,930611.0,103.38,2,1,1,有,有,17000000,206376.0,坡道平面,33.12,2500000,陽台外推；其他增建；,RPUOMLMJQHJGFCA08DA,37.81,0.0,9.57,有,,20.0
內湖區,房地(土地+建物),康寧路三段２６７號五樓,24.29,住,,,1130709,土地1建物1車位0,五層,五層,公寓(5樓含以下無電梯),住家用,730801.0,79.89,3,2,1,有,無,14300000,178996.0,,0.0,0,陽台外推；頂樓加蓋；,RPPPMLTKQHJGFCA48DA,74.82,0.0,5.07,無,,40.0
南港區,房地(土地+建物),研究院路三段８６巷４號二樓,45.21,住,,,1130708,土地1建物1車位0,二層,四層,公寓(5樓含以下無電梯),住家用,681224.0,104.36,3,2,1,有,無,13180000,126294.0,,0.0,0,,RPOOMLPKQHJGFDA97DA,92.06,0.0,12.3,無,,45.0
信義區,房地(土地+建物)+車位,吳興街６００巷１００弄１８號,5.45,住,,,1130705,土地1建物1車位1,一層,十一層,住宅大樓(11層含以上有電梯),住家用,1030108.0,44.16,2,2,1,有,有,10000000,226449.0,升降平面,11.81,0,其他增建；,RPTOMLTKQHJGFDA88DA,20.01,0.0,1.42,有,515.0,10.0
士林區,房地(土地+建物),承德路四段２９７巷２１號,23.0,住,,,1130712,土地1建物1車位0,一層,三層,公寓(5樓含以下無電梯),住家用,581003.0,48.45,3,1,1,有,無,12480000,257585.0,,0.0,0,其他增建；,RPSNMLKMPHJGFEA97DA,48.45,0.0,0.0,無,,55.0
大安區,房地(土地+建物),和平東路三段４１２號六樓之５,12.5,住,,,1130714,土地2建物1車位0,六層,十四層,住宅大樓(11層含以上有電梯),住家用,951113.0,70.26,2,2,1,有,有,22000000,313123.0,,0.0,0,其他增建；,RPXNMLPKQHJGFFA98DA,43.97,1.53,6.1,有,,18.0
南港區,房地(土地+建物),福德街３５３號二樓,32.25,住,,,1130721,土地1建物1車位0,二層，陽臺,四層,公寓(5樓含以下無電梯),住家用,620112.0,85.49,3,2,1,有,無,17000000,198854.0,,0.0,0,,RPQNMLTKQHJGFDA58EA,85.49,0.0,0.0,無,,52.0
士林區,房地(土地+建物),中山北路七段８２巷１０弄８號五樓,43.2,住,,,1130709,土地1建物1車位0,五層,五層,公寓(5樓含以下無電梯),住家用,691230.0,154.82,3,2,2,有,無,27500000,177626.0,,0.0,0,頂樓加蓋；其他增建；,RPQNMLTKQHJGFEA68EA,119.98,19.63,15.21,無,523.0,44.0
北投區,房地(土地+建物),新興路７０巷１號五樓之１,30.5,住,,,1130713,土地1建物1車位0,五層,五層,公寓(5樓含以下無電梯),住家用,830222.0,144.51,4,2,2,有,無,14000000,96879.0,,0.0,0,,RPSOMLKLQHJGFEA18EA,114.38,0.0,14.15,無,524.0,30.0
大安區,房地(土地+建物),敦化南路一段１６１巷２７號四樓,40.0,住,,,1130710,土地1建物1車位0,四層，露台,四層,公寓(5樓含以下無電梯),住家用,,106.84,3,2,1,有,無,33000000,308873.0,,0.0,0,頂樓加蓋；未登記建物；,RPQNMLTKQHJGFFA78EA,106.84,0.0,0.0,無,,
文山區,房地(土地+建物)+車位,政大二街１０９號,118.18,住,,,1130705,土地1建物1車位2,一層,十二層,住宅大樓(11層含以上有電梯),住家用,850815.0,300.13,5,2,4,有,有,36500000,121614.0,坡道機械,44.98,0,其他增建；,RPXOMLPKPHJGFAA48DA,105.96,111.69,14.4,有,,28.0
文山區,房地(土地+建物)+車位,辛亥路四段２０９巷１８號八樓,19.71,住,,,1130710,土地1建物1車位1,八層,二十六層,住宅大樓(11層含以上有電梯),住家用,1090430.0,170.85000000000002,3,2,2,有,有,47600000,323704.0,坡道平面,33.07,3000000,,RPUNMLQKPHJGFAA18DA,81.37,7.34,5.99,有,526.0,4.0
文山區,房地(土地+建物)+車位,和興路２２之１號二樓,32.83,住,,,1130702,土地1建物1車位1,二層,十一層,住宅大樓(11層含以上有電梯),住家用,940214.0,167.99,3,2,2,有,有,34300000,204179.0,坡道平面,0.0,2500000,車位面積無法概算陽台外推；,RPROMLSKPHJGFAA18DA,98.41,0.81,9.5,有,,19.0
文山區,房地(土地+建物),景興路９６巷３４號四樓,33.25,住,,,1130704,土地1建物1車位0,四層,四層,公寓(5樓含以下無電梯),住家用,561130.0,105.95,3,2,1,有,無,20100000,189712.0,,0.0,0,陽台外推；其他增建；,RPTOMLPJQHJGFAA08DA,105.95,0.0,0.0,無,,57.0
文山區,房地(土地+建物),一壽街２０巷１５號四樓,19.99,住,,,1130713,土地1建物1車位0,四層,七層,華廈(10層含以下有電梯),住家用,820629.0,76.64999999999999,2,2,1,有,有,14000000,182648.0,,0.0,0,,RPOOMLOKQHJGFAA57DA,54.54,0.0,6.33,有,528.0,31.0
文山區,房地(土地+建物)+車位,忠順街一段１０巷９號十樓,34.01,住,,,1130719,土地1建物1車位1,十層,十一層,住宅大樓(11層含以上有電梯),住家用,840717.0,185.23,3,2,2,有,有,26600000,143605.0,坡道平面,0.0,3200000,,RPWNMLKLQHJGFAA97DA,86.52,1.43,9.5,有,,29.0
大同區,房地(土地+建物)+車位,雙連街８號五樓之１,8.86,住,,,1130718,土地1建物1車位1,五層,八層,華廈(10層含以下有電梯),住家用,1100824.0,67.82000000000001,1,1,1,有,有,16800000,326495.0,升降機械,22.49,2000000,,RPUNMLMLPHJGFBA97DA,24.54,0.0,3.97,有,529.0,3.0
大同區,房地(土地+建物),迪化街二段２７０號二樓之２,26.6,住,,,1130730,土地2建物1車位0,二層,四層,公寓(5樓含以下無電梯),住家用,650824.0,63.05,3,2,1,有,無,11000000,174465.0,,0.0,0,,RPROMLLMPHJGFBA77DA,54.81,0.0,8.24,無,,48.0
內湖區,房地(土地+建物)+車位,文德路７３號六樓之１,33.82,住,,,1130702,土地2建物1車位1,六層,十四層,住宅大樓(11層含以上有電梯),住家用,970729.0,269.04,4,2,2,有,有,65300000,266695.0,坡道平面,35.44,3000000,,RPUOMLPKPHJGFCA38DA,145.1,5.57,13.48,有,,16.0
內湖區,房地(土地+建物)+車位,民權東路六段１８０巷５４號六樓,40.4,住,,,1130708,土地1建物1車位2,六層,十層,華廈(10層含以下有電梯),住家用,890506.0,185.88,4,2,2,有,有,38330000,206208.0,坡道機械,36.42,0,,RPOPMLTJQHJGFCA28DA,99.28,0.0,13.62,有,,24.0
中山區,房地(土地+建物)+車位,敬業三路１８８號八樓,47.09,住,,,1130704,土地1建物1車位1,八層,八層,華廈(10層含以下有電梯),住家用,890628.0,155.66,3,2,2,有,有,35000000,224849.0,坡道平面,0.0,0,陽台外推；,RPUNMLPKQHJGFCA38DA,77.7,0.0,8.22,有,,24.0
內湖區,房地(土地+建物),康樂街１８６巷１弄１３號五樓,44.23,住,,,1130706,土地1建物1車位0,五層,五層,公寓(5樓含以下無電梯),住家用,761128.0,126.73,4,3,3,有,有,16300000,128620.0,,0.0,0,頂樓增建其他增建；,RPQNMLKLQHJGFCA57DA,100.47,0.74,11.82,無,537.0,37.0
中山區,房地(土地+建物),新生北路二段１３７巷１７號三樓,19.52,住,,,1130715,土地1建物1車位0,三層,五層,公寓(5樓含以下無電梯),住家用,740615.0,74.44,2,1,1,有,無,13000000,174637.0,,0.0,0,,RPSNMLKLQHJGFCA77DA,59.82,0.0,8.05,無,,39.0
信義區,房地(土地+建物),大道路７５號二樓,31.33,住,,,1130705,土地3建物1車位0,二層,五層,公寓(5樓含以下無電梯),住家用,691029.0,103.3,3,2,2,有,無,24680000,238916.0,,0.0,0,其他增建；,RPROMLQLPHJGFDA38DA,96.96,0.0,6.34,無,,44.0
松山區,房地(土地+建物),南京東路五段２３巷１５弄５號四樓,30.8,住,,,1130714,土地1建物1車位0,四層,五層,公寓(5樓含以下無電梯),住家用,660526.0,103.46,3,2,2,有,無,16800000,162382.0,,0.0,0,,RPPNMLRLPHJGFDA18DA,90.93,0.0,12.53,無,,47.0
信義區,房地(土地+建物),永吉路１２０巷４３弄７號五樓之１,13.55,住,,,1130713,土地1建物1車位0,五層,六層,華廈(10層含以下有電梯),住家用,1040330.0,56.2,1,1,1,有,有,16400000,291815.0,,0.0,0,其他增建：前陽台、雨遮。含租約：排除租約點交。其他增建；含租約；,RPRPMLPJQHJGFDA28DA,24.7,2.08,3.7,有,540.0,9.0
信義區,房地(土地+建物)+車位,松德路２００巷５９號三樓,48.92,住,,,1130702,土地1建物1車位1,三層,七層,華廈(10層含以下有電梯),住家用,950607.0,209.29,3,2,1,有,有,68000000,427179.0,坡道平面,59.47,4000000,陽台外推；,RPRPMLTKQHJGFDA78DA,85.47,1.79,7.78,有,,18.0
南港區,房地(土地+建物)+車位,東新街１８０巷８號,73.51,住,,,1130723,土地2建物1車位1,一層,五層,華廈(10層含以下有電梯),住家用,1120426.0,135.76,3,2,2,有,有,36200000,334558.0,坡道機械,32.33,1600000,本買賣標的含新光段一小段338建號權利範圍2143/100000,RPSPMLTKQHJGFDA88DA,67.83,0.0,0.0,有,,1.0
信義區,房地(土地+建物)+車位,吳興街６００巷７６弄２２號二樓,17.8,住,,,1130723,土地1建物1車位1,二層,六層,華廈(10層含以下有電梯),住家用,1050301.0,102.02,1,1,1,有,有,16900000,213020.0,坡道平面,34.89,2600000,其他增建；,RPXNMLKLQHJGFDA38DA,34.23,5.29,6.43,有,542.0,8.0
信義區,房地(土地+建物),忠孝東路五段７０３巷１弄３８之１號三樓,29.1,住,,,1130722,土地2建物1車位0,三層,五層,公寓(5樓含以下無電梯),住家用,720113.0,115.36,3,2,2,有,無,26720000,231623.0,,0.0,0,,RPPNMLLLQHJGFDA67DA,92.61,0.0,13.76,無,,42.0
北投區,房地(土地+建物)+車位,承德路七段１６８號十八樓,25.97,住,,,1130709,土地3建物1車位2,十八層,二十層,住宅大樓(11層含以上有電梯),住家用,1120413.0,291.71000000000004,3,2,3,有,有,67000000,229680.0,坡道平面,66.48,0,,RPVPMLMKQHJGFEA58DA,127.51,12.51,11.44,有,543.0,1.0
北投區,房地(土地+建物)+車位,稻香路１６１巷１６弄１０之２號二樓,52.24,住,,,1130704,土地1建物1車位1,二層,五層,華廈(10層含以下有電梯),住家用,1100902.0,130.61,2,2,1,有,有,22880000,219305.0,坡道平面,35.4,2000000,含裝潢設備及家電,RPQNMLPKQHJGFEA18DA,52.86,4.26,4.89,有,,3.0
北投區,房地(土地+建物)+車位,稻香路２４５號四樓,73.65,住,,,1130708,土地1建物1車位1,四層,五層,華廈(10層含以下有電梯),住家用,1101015.0,168.74,3,2,2,有,有,25550000,184215.0,坡道平面,40.9,2000000,含家電,RPWOMLTKQHJGFEA66DA,69.96,7.4,5.94,有,,3.0
大安區,房地(土地+建物),青田街１巷８號,43.2,住,,,1130726,土地3建物1車位0,一層,五層,公寓(5樓含以下無電梯),住家用,700529.0,201.03,2,2,1,有,無,85000000,422822.0,,0.0,0,其他增建；,RPXPMLKMPHJGFFA78DA,133.35,67.68,0.0,無,,43.0
大安區,房地(土地+建物),辛亥路三段３號八樓之１,12.14,住,,,1130722,土地1建物1車位0,八層,十二層,住宅大樓(11層含以上有電梯),住家用,,119.95,3,2,2,有,有,30880000,257441.0,,0.0,0,,RPPNMLOKQHJGFFA08DA,101.02,0.0,4.08,有,,46.0
萬華區,房地(土地+建物),中華路二段６６６之２號十四樓之２,17.24,住,,,1130704,土地1建物1車位0,十四層,十四層,住宅大樓(11層含以上有電梯),住家用,780811.0,129.85,3,3,3,有,無,27200000,209472.0,,0.0,0,頂樓加蓋；,RPQNMLLLQHJGFBA67EA,109.43,0.0,14.59,有,,35.0
中山區,房地(土地+建物),建國北路二段３５號七樓之６,9.7,住,,,1130712,土地5建物1車位0,七層,十五層,住宅大樓(11層含以上有電梯),住家用,770524.0,78.32,3,2,1,有,有,21800000,278345.0,,0.0,0,,RPPNMLLLQHJGFCA67EA,50.2,0.21,4.99,有,547.0,36.0
士林區,房地(土地+建物),中社路一段５２號四樓,68.14,住,,,1130705,土地1建物1車位0,四層,四層,公寓(5樓含以下無電梯),住家用,640801.0,70.09,3,2,1,有,無,10250000,146241.0,,0.0,0,,RPPNMLKLQHJGFEA77EA,70.09,0.0,0.0,無,,49.0
文山區,房地(土地+建物),景興路３９之２號三樓,31.73,住,,,1130701,土地5建物1車位0,三層,五層,公寓(5樓含以下無電梯),住家用,721004.0,116.43,3,2,2,有,無,21800000,187237.0,,0.0,0,陽台外推；,RPXOMLMLPHJGFAA28DA,101.59,0.0,14.84,無,,41.0
文山區,房地(土地+建物)+車位,試院路６６號四樓,30.23,住,,,1130718,土地2建物1車位1,四層,五層,華廈(10層含以下有電梯),住家用,1060725.0,87.26,1,2,1,有,有,18300000,221358.0,坡道機械,12.72,1800000,,RPUOMLPJQHJGFAA18DA,45.5,1.35,4.1,有,551.0,7.0
文山區,房地(土地+建物)+車位,汀州路四段１９７號十三樓,29.03,住,,,1130703,土地1建物1車位1,十三層,二十二層,住宅大樓(11層含以上有電梯),住家用,1000113.0,223.29,3,2,2,有,有,63000000,320376.0,坡道平面,36.01,3000000,其他增建；,RPQNMLMKQHJGFAA47DA,116.37,11.79,6.18,有,552.0,13.0
文山區,房地(土地+建物)+車位,富山路１６之２、１６之３號,28.3,住,,,1130709,土地1建物1車位2,一層,七層,華廈(10層含以下有電梯),住家用,971125.0,154.7,3,2,3,有,有,31500000,203620.0,坡道機械,0.0,0,出售車位編號為地下二層27號及28號。夾層；,RPVNMLKLQHJGFAA87DA,77.88,6.36,8.08,有,,16.0
文山區,房地(土地+建物),福興路１９號二樓,22.28,住,,,1130720,土地1建物1車位0,二層,五層,公寓(5樓含以下無電梯),住家用,701226.0,71.4,2,1,1,有,無,11000000,154062.0,,0.0,0,,RPPOMLKLQHJGFAA37DA,67.83,0.0,3.57,無,554.0,43.0
中正區,房地(土地+建物),中華路二段１７５巷３號三樓,15.07,住,,,1130731,土地1建物1車位0,三層,五層,公寓(5樓含以下無電梯),住家用,,54.35,2,2,1,有,無,13316400,245012.0,,0.0,0,陽台外推；,RPSNMLLLQHJGFAA67DA,45.47,0.0,8.88,無,555.0,
文山區,房地(土地+建物),仙岩路１６巷７２弄４２號三樓,55.0,住,,,1130720,土地1建物1車位0,三層,三層,公寓(5樓含以下無電梯),住家用,870327.0,99.18,2,2,2,有,有,17200000,173422.0,,0.0,0,後陽台增建其他增建；,RPUPMLLLQHJGFAA08DA,70.16,0.0,8.85,無,556.0,26.0
大同區,房地(土地+建物),環河北路二段３８３號五樓,24.61,住,,,1130705,土地1建物1車位0,五層,五層,公寓(5樓含以下無電梯),住家用,700805.0,85.81,2,2,1,有,無,12700000,148001.0,,0.0,0,陽台外推；其他增建；,RPUOMLNLPHJGFBA18DA,75.0,0.0,10.81,無,,43.0
大同區,房地(土地+建物)+車位,延平北路四段９９號二樓,17.66,住,,,1130711,土地1建物1車位1,二層,七層,華廈(10層含以下有電梯),住家用,1031205.0,100.82,2,2,1,有,有,21000000,218272.0,塔式車位,11.94,1600000,,RPSPMLPJQHJGFBA18DA,51.11,4.46,2.04,有,,10.0
萬華區,房地(土地+建物),中華路二段５０４巷５７號七樓,12.4,住,,,1130708,土地1建物1車位0,七層,十二層,住宅大樓(11層含以上有電梯),住家用,680403.0,46.08,1,1,1,有,有,11000000,238715.0,,0.0,0,陽台外推；,RPVNMLLLQHJGFBA08DA,38.94,0.0,7.14,有,557.0,45.0
內湖區,房地(土地+建物)+車位,民權東路六段１８０巷９６號六樓,24.07,住,,,1130707,土地1建物1車位1,六層,十一層,住宅大樓(11層含以上有電梯),住家用,1050322.0,175.3,3,2,2,有,有,43000000,293372.0,坡道平面,37.25,2500000,,RPRNMLNLPHJGFCA87DA,81.15,5.93,6.16,有,,8.0
內湖區,房地(土地+建物)+車位,成功路四段１７８號二十一樓之２,17.38,,,,1130716,土地1建物1車位2,二十一層,二十九層,住宅大樓(11層含以上有電梯),住家用,1070223.0,267.72,0,0,0,無,有,72500000,317392.0,坡道平面,58.2,6000000,,RPUNMLNLPHJGFCA18DA,121.62,3.29,17.12,有,559.0,6.0
中山區,房地(土地+建物),民權東路三段３９巷２號七樓,24.57,住,,,1130708,土地1建物1車位0,七層,七層,華廈(10層含以下有電梯),住家用,761119.0,123.15,2,2,2,有,有,34050000,276492.0,,0.0,0,陽台外推；頂樓加蓋；其他增建；,RPSPMLRJQHJGFCA48DA,83.86,3.53,15.92,有,561.0,37.0
內湖區,房地(土地+建物),東湖路１１３巷９５弄６０號四樓,23.53,住,,,1130702,土地1建物1車位0,四層,五層,公寓(5樓含以下無電梯),住家用,740215.0,88.63,2,1,3,有,無,14000000,157960.0,,0.0,0,,RPVOMLMKQHJGFCA28DA,68.73,0.0,7.85,無,563.0,39.0
內湖區,房地(土地+建物)+車位,康寧路一段２６９號五樓之１,54.02,住,,,1130704,土地1建物1車位1,五層,十一層,住宅大樓(11層含以上有電梯),住家用,940715.0,189.79,3,2,2,有,有,43000000,226566.0,坡道平面,0.0,0,,RPWPMLTKQHJGFCA56DA,102.72,0.0,11.34,有,,19.0
內湖區,房地(土地+建物),康樂街７２巷１７弄８３號三樓,28.95,住,,,1130723,土地1建物1車位0,三層,五層,公寓(5樓含以下無電梯),住家用,730727.0,88.6,3,2,1,有,無,16200000,182844.0,,0.0,0,陽台外推；,RPPQMLTKQHJGFCA58DA,78.46,0.0,10.14,無,,40.0
內湖區,房地(土地+建物),麗山街３２４之１號二樓,22.38,住,,,1130717,土地1建物1車位0,二層,五層,公寓(5樓含以下無電梯),住家用,720620.0,106.04,3,2,2,有,無,18800000,177292.0,,0.0,0,現況有一無產權車位其他增建；,RPPNMLLLQHJGFCA57DA,75.63,0.0,9.66,無,,41.0
南港區,房地(土地+建物)+車位,重陽路１２５巷３６弄４６號六樓之１,50.7,住,,,1130708,土地1建物1車位1,六層,七層,華廈(10層含以下有電梯),住家用,991026.0,178.07999999999998,3,2,2,有,有,42580000,249049.0,坡道機械,15.14,2000000,其他增建；,RPPNMLMJQHJGFDA57DA,91.38,5.66,8.42,有,,14.0
信義區,房地(土地+建物),福德街２３７號三樓,29.25,住,,,1130709,土地1建物1車位0,三層,四層,公寓(5樓含以下無電梯),住家用,670822.0,72.82,4,0,4,有,無,17080000,234551.0,,0.0,0,陽台外推；其他增建；,RPXNMLMJQHJGFDA38DA,65.29,0.0,7.53,無,,46.0
北投區,房地(土地+建物),中山北路七段２１９巷３弄１２１號二樓,22.9,住,,,1130706,土地1建物1車位0,二層,七層,華廈(10層含以下有電梯),住家用,731027.0,112.96,3,2,2,有,有,15380000,136154.0,,0.0,0,,RPOOMLKMPHJGFEA67DA,95.09,0.0,10.68,有,567.0,40.0
士林區,房地(土地+建物),延平北路五段２１８號三樓,41.5,住,,,1130716,土地2建物1車位0,三層,四層,公寓(5樓含以下無電梯),住家用,600521.0,131.68,4,1,3,有,無,20090000,152567.0,,0.0,0,其他增建；,RPQOMLKMPHJGFEA87DA,128.49,0.0,3.19,無,568.0,53.0
士林區,房地(土地+建物),士東路２６６巷６弄１６號六樓,25.4,住,,,1130713,土地1建物1車位0,六層,七層,華廈(10層含以下有電梯),住家用,701229.0,123.08,3,2,2,有,有,27980000,227332.0,,0.0,0,其他增建；,RPTOMLPJQHJGFEA48DA,99.06,0.0,9.48,有,,43.0
北投區,房地(土地+建物),新民路５３之１號六樓之５,4.82,住,,,1130729,土地1建物1車位0,六層,十層,華廈(10層含以下有電梯),住家用,970221.0,24.0,0,0,0,無,有,4950000,206250.0,,0.0,0,夾層；,RPXOMLTKQHJGFEA76DA,13.14,2.45,0.0,有,571.0,16.0
士林區,房地(土地+建物),中山北路六段２７７巷１８弄３號四樓,30.4,住,,,1130710,土地1建物1車位0,四層,五層,公寓(5樓含以下無電梯),住家用,690201.0,93.04,3,2,1,有,無,18500000,198839.0,,0.0,0,其他增建；,RPQQMLTKQHJGFEA88DA,93.04,0.0,0.0,無,,44.0
大安區,房地(土地+建物),溫州街７４巷３弄６號六樓之３,10.64,住,,,1130707,土地1建物1車位0,六層,七層,華廈(10層含以下有電梯),住家用,680418.0,37.56,1,2,1,有,有,15380000,409478.0,,0.0,0,其他增建；,RPUPMLQKPHJGFFA88DA,31.82,0.0,5.74,有,,45.0
大安區,房地(土地+建物),敦化南路一段２９５巷４６號七樓,25.12,住,,,1130719,土地1建物1車位0,七層,七層,華廈(10層含以下有電梯),住家用,661221.0,129.96,5,3,3,有,無,52500000,403970.0,,0.0,0,七樓格局：3房2廳2衛；頂樓加蓋格局：2房1廳1衛頂樓加蓋；,RPROMLLJQHJGFFA97DA,108.82,0.0,21.14,有,572.0,47.0
南港區,房地(土地+建物),研究院路三段２巷８號八樓,70.41,住,,,1130721,土地2建物1車位0,八層,九層,華廈(10層含以下有電梯),住家用,921204.0,176.78,3,2,2,有,有,26000000,147075.0,,0.0,0,,RPWNMLLLQHJGFDA48EA,99.96,0.0,10.46,有,,21.0
文山區,房地(土地+建物),景明街１１巷６弄１２號五樓,22.31,住,,,1130702,土地1建物1車位0,五層,七層,華廈(10層含以下有電梯),住家用,820120.0,101.29,3,2,2,有,無,26350000,260144.0,,0.0,0,陽台外推；其他增建；,RPOOMLKMPHJGFAA27DA,77.33,6.71,8.86,有,,31.0
文山區,房地(土地+建物),福興路６２號八樓之３,12.01,,,,1130722,土地3建物1車位0,八層，電梯樓梯間,十六層,住宅大樓(11層含以上有電梯),住家用,841030.0,88.9,2,2,1,有,有,19900000,223847.0,,0.0,0,陽台外推；其他增建；,RPVNMLLJQHJGFAA77DA,68.91,2.23,8.05,有,,29.0
文山區,房地(土地+建物),福興路５４號,27.31,住,,,1130720,土地2建物1車位0,一層,四層,公寓(5樓含以下無電梯),住家用,661104.0,80.81,1,1,1,有,無,21080000,260859.0,,0.0,0,其他增建；,RPOPMLMJQHJGFAA37DA,68.22,12.59,0.0,無,,47.0
文山區,房地(土地+建物),辛亥路五段６９號七樓,8.15,住,,,1130707,土地1建物1車位0,七層,十一層,住宅大樓(11層含以上有電梯),住家用,1040318.0,41.91,1,1,1,有,有,10680000,254832.0,,0.0,0,陽台外推；夾層；,RPTNMLKLQHJGFAA67DA,21.6,1.34,4.24,有,579.0,9.0
文山區,房地(土地+建物),木新路二段１１１巷１２弄２８號四樓,41.6,住,,,1130702,土地1建物1車位0,四層,五層,公寓(5樓含以下無電梯),住家用,751022.0,118.84,3,2,2,有,無,16420000,138169.0,,0.0,0,其他增建；,RPPNMLMLQHJGFAA47DA,97.5,0.5,10.54,無,,38.0
中正區,房地(土地+建物),廈門街１２３巷１２號,30.25,住,,,1130722,土地1建物1車位0,一層，平台,四層,公寓(5樓含以下無電梯),住家用,640826.0,97.62,1,2,1,有,無,22100000,226388.0,,0.0,0,其他增建；,RPUNMLMLQHJGFAA97DA,97.62,0.0,0.0,無,,49.0
萬華區,房地(土地+建物),萬大路８５巷１４弄３號,33.71,住,,,1130723,土地2建物1車位0,一層,五層,公寓(5樓含以下無電梯),住家用,770211.0,108.92,4,2,2,有,有,18500000,169849.0,,0.0,0,其他增建；,RPQOMLLMPHJGFBA67DA,92.33,11.22,0.0,無,,36.0
萬華區,房地(土地+建物)+車位,西藏路１０７號九樓之１,40.47,住,,,1130717,土地2建物1車位1,九層,十五層,住宅大樓(11層含以上有電梯),住家用,1000908.0,189.85,3,2,2,有,有,39980000,210587.0,坡道平面,0.0,0,,RPOOMLPKQHJGFBA77DA,102.55,0.0,12.96,有,580.0,13.0
內湖區,房地(土地+建物)+車位,內湖路二段３３６之２號十一樓,27.08,住,,,1130705,土地1建物1車位1,十一層,十四層,住宅大樓(11層含以上有電梯),住家用,1031023.0,179.07,3,2,2,有,有,46500000,319953.0,坡道平面,41.56,2500000,,RPUNMLNKQHJGFCA18DA,85.77,2.95,7.36,有,,10.0
中山區,房地(土地+建物),吉林路４４７巷１２號三樓,26.22,住,,,1130703,土地1建物1車位0,三層,五層,公寓(5樓含以下無電梯),住家用,731016.0,99.06,3,2,2,有,無,19000000,191803.0,,0.0,0,其他增建 : 前陽台外推陽台外推；其他增建；,RPTNMLPKQHJGFCA28DA,79.32,0.0,10.58,無,,40.0
中山區,房地(土地+建物)+車位,北安路４５８巷４１弄７２號三樓,26.62,住,,,1130708,土地1建物1車位1,三層,十六層,住宅大樓(11層含以上有電梯),住家用,1110419.0,190.44,2,2,2,有,有,72000000,458771.0,坡道平面,40.91,3400000,,RPRNMLQKQHJGFCA18DA,80.35,1.89,12.88,有,,2.0
中山區,房地(土地+建物),安東街１６巷１８弄４號三樓,30.75,住,,,1130730,土地1建物1車位0,三層,四層,公寓(5樓含以下無電梯),住家用,591009.0,104.19,2,2,1,有,無,22700000,217871.0,,0.0,0,,RPXNMLLLQHJGFCA38DA,92.7,0.0,11.49,無,,54.0
信義區,房地(土地+建物),信義路六段２１號五樓,23.28,住,,,1130720,土地1建物1車位0,五層,七層,華廈(10層含以下有電梯),住家用,701231.0,114.45,3,2,2,有,有,27500000,240301.0,,0.0,0,,RPSNMLMJQHJGFDA87DA,90.79,0.0,7.78,有,,43.0
信義區,房地(土地+建物),松德路２３３號四樓,21.81,住,,,1130706,土地2建物1車位0,四層,七層,華廈(10層含以下有電梯),住家用,710326.0,99.09,2,2,1,有,有,24580000,248057.0,,0.0,0,陽台外推；其他增建；,RPUPMLPJQHJGFDA58DA,62.02,0.0,7.9,有,,42.0
信義區,房地(土地+建物),富陽街４４巷１１號五樓,35.72,住,,,1130719,土地1建物1車位0,五層,五層,公寓(5樓含以下無電梯),住家用,700708.0,126.76,3,2,4,有,無,24180000,190754.0,,0.0,0,陽台外推；頂樓加蓋；其他增建；,RPUOMLSJQHJGFDA78DA,110.68,0.0,16.08,無,,43.0
信義區,房地(土地+建物),松山路６５６巷３號三樓,42.69,,,,1130710,土地3建物1車位0,三層,四層,公寓(5樓含以下無電梯),住家用,651209.0,96.25,2,1,1,有,無,11630000,120831.0,,0.0,0,,RPQOMLKLQHJGFDA77DA,51.45,0.0,6.9,無,,48.0
信義區,房地(土地+建物),吳興街３５０巷１１號五樓,27.8,住,,,1130705,土地1建物1車位0,五層,五層,公寓(5樓含以下無電梯),住家用,731101.0,108.57,3,2,2,有,無,18700000,172239.0,,0.0,0,頂樓加蓋；,RPSOMLKLQHJGFDA97DA,85.27,0.0,9.08,無,,40.0
南港區,房地(土地+建物),成福路１９４巷２弄６號四樓,24.81,住,,,1130714,土地1建物1車位0,四層,五層,公寓(5樓含以下無電梯),住家用,720729.0,92.04,3,2,2,有,無,15800000,171664.0,,0.0,0,其他增建；,RPOOMLLLQHJGFDA67DA,72.96,0.0,11.03,無,,41.0
信義區,房地(土地+建物),信義路六段７６巷２弄５７號五樓,27.7,住,,,1130726,土地1建物1車位0,五層,五層,公寓(5樓含以下無電梯),住家用,670703.0,97.0,3,2,2,有,無,20200000,208247.0,,0.0,0,,RPTOMLLLQHJGFDA18DA,86.25,0.0,10.75,無,585.0,46.0
士林區,房地(土地+建物)+車位,通河街２１號六樓,17.98,住,,,1130714,土地1建物1車位1,六層,八層,華廈(10層含以下有電梯),住家用,1011112.0,125.07,2,2,1,有,有,27400000,270478.0,升降平面,34.12,2800000,夾層；其他增建；,RPWNMLPJQHJGFEA68DA,44.38,2.12,5.17,有,,12.0
北投區,房地(土地+建物)+車位,石牌路一段３９巷１３１弄２０號五樓,36.11,住,,,1130701,土地3建物2車位1,五層,十二層,住宅大樓(11層含以上有電梯),住家用,1030508.0,197.21,3,2,2,有,有,44600000,256176.0,升降平面,32.87,2500000,其他增建；,RPQOMLQJQHJGFEA28DA,83.98,18.56,7.5,有,587.0,10.0
士林區,房地(土地+建物),前街４３巷５號,41.0,住,,,1130703,土地1建物1車位0,全,一層,透天厝,住家用,461107.0,25.0,1,1,1,有,無,12000000,480000.0,,0.0,0,一樓有增建外推其他增建；,RPQPMLMKQHJGFEA08DA,25.0,0.0,0.0,無,588.0,67.0
北投區,房地(土地+建物),大同街１８０號,50.5,住,,,1130717,土地2建物1車位0,全,二層,透天厝,住家用,590512.0,75.24,2,2,2,有,無,12240000,162679.0,,0.0,0,頂樓加蓋；,RPTNMLQKQHJGFEA58DA,75.24,0.0,0.0,無,,54.0
大安區,房地(土地+建物),敦化南路一段２３３巷３１號四樓之１０,5.91,住,,,1130720,土地1建物1車位0,四層,十層,華廈(10層含以下有電梯),住家用,760709.0,42.94,0,1,1,有,有,14150000,329530.0,,0.0,0,陽台外推；,RPUOMLKLQHJGFFA38DA,23.68,0.0,5.65,有,589.0,37.0
內湖區,房地(土地+建物)+車位,安泰街８９號二樓之１,26.98,住,,,1130717,土地1建物1車位1,二層,十層,華廈(10層含以下有電梯),住家用,970619.0,173.57999999999998,3,2,2,有,有,26200000,177812.0,坡道平面,41.98,2800000,,RPPNMLMLQHJGFCA77EA,72.89,7.58,11.69,有,590.0,16.0
中山區,房地(土地+建物)+車位,松江路２２１巷７號六樓,37.85,住,,,1130715,土地1建物1車位1,六層,七層,華廈(10層含以下有電梯),住家用,690324.0,185.16,3,2,2,有,無,43000000,245429.0,坡道平面,22.18,3000000,,RPQNMLMLQHJGFCA87EA,162.46,0.0,16.98,有,,44.0
北投區,房地(土地+建物),自強街５巷６１號,94.0,住,,,1130717,土地1建物1車位0,全,三層,透天厝,住家用,590306.0,187.32,4,3,3,有,無,29000000,154815.0,,0.0,0,,RPUNMLMLQHJGFEA48EA,187.32,0.0,0.0,無,,54.0
文山區,房地(土地+建物)+車位,興隆路二段２１７巷８之４號二樓,21.15,住,,,1130707,土地1建物1車位1,二層,十三層,住宅大樓(11層含以上有電梯),住家用,850715.0,121.23,2,2,1,有,有,22200000,183123.0,坡道平面,0.0,2200000,陽台外推；其他增建；,RPSOMLSJPHJGFAA18DA,55.12,0.0,13.07,有,,28.0
文山區,房地(土地+建物),興隆路四段５８巷２６弄３號三樓,24.79,住,,,1130708,土地1建物1車位0,三層,八層,華廈(10層含以下有電梯),住家用,810617.0,88.21,3,2,1,有,有,18680000,211767.0,,0.0,0,陽台外推；其他增建；,RPSOMLMKQHJGFAA77DA,65.96,2.11,9.14,有,593.0,32.0
萬華區,房地(土地+建物),萬大路４８６巷２８弄４４號二樓,26.25,住,,,1130716,土地1建物1車位0,二層,四層,公寓(5樓含以下無電梯),住家用,610307.0,67.05,2,2,1,有,無,11000000,164057.0,,0.0,0,陽台外推；,RPWNMLNLQHJGFBA38DA,67.05,0.0,0.0,無,597.0,52.0
內湖區,房地(土地+建物),大湖山莊街１６８巷１４號二樓,23.95,住,,,1130714,土地1建物1車位0,二層,四層,華廈(10層含以下有電梯),住家用,850823.0,54.35,2,1,1,有,有,12800000,235511.0,,0.0,0,夾層；,RPROMLTJQHJGFCA48DA,31.57,0.76,4.16,有,,28.0
中山區,房地(土地+建物),吉林路３９７號四樓,17.6,住,,,1130723,土地1建物1車位0,四層,七層,華廈(10層含以下有電梯),住家用,711230.0,99.44,3,2,2,有,有,20200000,203138.0,,0.0,0,陽台外推；,RPUNMLMKQHJGFCA08DA,73.09,0.0,17.42,有,,42.0
內湖區,房地(土地+建物),文湖街２１巷９８弄６號二樓之３,10.54,住,,,1130707,土地1建物1車位0,二層,八層,華廈(10層含以下有電梯),住家用,970124.0,51.25,1,1,1,有,有,11000000,214634.0,,0.0,0,其他增建；,RPRNMLKLQHJGFCA67DA,28.71,4.76,0.0,有,601.0,16.0
內湖區,房地(土地+建物),康樂街１５１巷９之１號,18.5,住,,,1130726,土地1建物1車位0,一層,七層,公寓(5樓含以下無電梯),住家用,830707.0,68.49,2,1,1,有,無,16500000,240911.0,,0.0,0,其他增建；,RPXNMLNLQHJGFCA58DA,47.97,5.03,0.0,無,,30.0
松山區,房地(土地+建物),三民路６８巷７號三樓之２,27.74,住,,,1130703,土地1建物1車位0,三層,七層,華廈(10層含以下有電梯),住家用,810310.0,118.71,3,2,2,有,有,30880000,260130.0,,0.0,0,陽台外推；,RPRPMLLKPHJGFDA87DA,78.78,0.0,7.36,有,,32.0
南港區,房地(土地+建物)+車位,成福路７４巷８號二樓之６,32.8,住,,,1130708,土地1建物1車位1,二層,七層,華廈(10層含以下有電梯),住家用,1060710.0,168.2,3,2,2,有,無,38000000,287015.0,坡道平面,45.21,2700000,,RPOPMLRKPHJGFDA18DA,62.24,4.21,10.38,有,,7.0
南港區,房地(土地+建物),研究院路二段５４巷２４號三樓,42.12,住,,,1130723,土地1建物1車位0,三層,四層,公寓(5樓含以下無電梯),住家用,831020.0,129.99,3,2,2,有,無,24000000,184630.0,,0.0,0,,RPVNMLRJQHJGFDA68DA,87.78,0.57,9.25,無,,30.0
松山區,房地(土地+建物),復興北路４２７巷２５號五樓之６,5.49,住,,,1130723,土地1建物1車位0,五層,十一層,住宅大樓(11層含以上有電梯),住家用,971013.0,33.849999999999994,0,1,1,有,有,8600000,254062.0,,0.0,0,陽台外推；夾層；,RPSOMLQLQHJGFDA58DA,16.47,1.83,2.1,有,,16.0
北投區,房地(土地+建物)+車位,三合街一段３６巷９號二樓,42.96,住,,,1130715,土地1建物1車位1,二層,九層,華廈(10層含以下有電梯),住家用,1050311.0,251.93,3,2,2,有,有,57500000,254995.0,坡道平面,38.2,3000000,其他增建；,RPOOMLPKPHJGFEA97DA,123.41,4.66,13.47,有,608.0,8.0
士林區,房地(土地+建物),葫蘆街９０號二樓,24.25,住,,,1130708,土地1建物1車位0,二層,四層,公寓(5樓含以下無電梯),住家用,631217.0,73.76,3,2,1,有,無,12500000,169469.0,,0.0,0,其他增建；,RPRPMLMKQHJGFEA18DA,73.76,0.0,0.0,無,,50.0
士林區,房地(土地+建物)+車位,中山北路六段２１２號三樓,49.28,住,,,1130708,土地1建物1車位1,三層,十四層,住宅大樓(11層含以上有電梯),住家用,930518.0,259.83000000000004,4,2,3,有,有,57580000,237904.0,坡道平面,30.41,3000000,,RPUPMLTKQHJGFEA56DA,141.17,3.08,17.71,有,,20.0
北投區,房地(土地+建物)+車位,北科路１９０號三樓,47.03,住,,,1130722,土地1建物1車位1,三層,十三層,住宅大樓(11層含以上有電梯),住家用,1130126.0,216.63,3,2,2,有,有,66500000,342978.0,坡道平面,32.07,3200000,,RPUNMLNLQHJGFEA48DA,109.62,0.0,10.95,有,,
大安區,房地(土地+建物),敦化南路二段４６號五樓之１４,4.36,住,,,1130712,土地1建物1車位0,五層，陽臺,十六層,住宅大樓(11層含以上有電梯),住家用,640602.0,54.47,1,1,1,有,有,20000000,367175.0,,0.0,0,其他增建；,RPPNMLMJQHJGFFA77DA,41.57,0.0,0.0,有,611.0,49.0
萬華區,房地(土地+建物),萬大路８４巷３號,27.6,住,,,1130726,土地1建物1車位0,一層,五層,公寓(5樓含以下無電梯),住家用,680521.0,93.2,3,2,2,有,無,20880000,224034.0,,0.0,0,,RPPNMLNLQHJGFBA77EA,76.61,16.59,0.0,無,,45.0
文山區,房地(土地+建物),興隆路一段２５１巷２弄１號四樓,31.0,住,,,1130730,土地1建物1車位0,四層，陽臺,四層,公寓(5樓含以下無電梯),住家用,600604.0,86.52,3,2,1,有,無,12500000,144475.0,,0.0,0,頂樓加蓋；,RPSNMLLMPHJGFAA67DA,86.52,0.0,0.0,無,,53.0
文山區,房地(土地+建物),興隆路一段２７１巷４弄１號三樓,21.0,住,,,1130713,土地1建物1車位0,三層，陽臺,四層,公寓(5樓含以下無電梯),住家用,630523.0,61.95,2,1,1,有,無,12150000,196126.0,,0.0,0,其他增建；,RPROMLQJQHJGFAA97DA,61.95,0.0,0.0,無,,50.0
文山區,房地(土地+建物)+車位,辛亥路四段１２８之６號十二樓,20.14,,,,1130710,土地16建物1車位1,十二層,十八層,住宅大樓(11層含以上有電梯),住家用,1060602.0,123.18,2,1,1,有,有,23348900,220830.0,坡道平面,24.24,1500000,,RPXOMLMKQHJGFAA28DA,55.65,0.0,8.83,有,,7.0
文山區,房地(土地+建物),羅斯福路五段７９巷６號三樓,36.16,住,,,1130721,土地2建物1車位0,三層,五層,公寓(5樓含以下無電梯),住家用,690821.0,138.39,4,2,2,有,無,24280000,175446.0,,0.0,0,陽台外推；其他增建；,RPUNMLKLQHJGFAA77DA,115.96,0.0,22.43,無,614.0,44.0
文山區,房地(土地+建物)+車位,興隆路二段３０１巷２１弄１０號四樓,37.11,住,,,1130714,土地2建物1車位1,四層,六層,華廈(10層含以下有電梯),住家用,821210.0,134.04,3,2,2,有,無,24000000,179051.0,坡道平面,0.0,2000000,其他增建；,RPRPMLLLQHJGFAA77DA,81.12,3.08,9.35,有,,31.0
文山區,房地(土地+建物)+車位,興隆路四段１０５巷１３號十一樓,23.38,住,,,1130713,土地1建物1車位1,十一層,十三層,住宅大樓(11層含以上有電梯),住家用,840821.0,142.59,2,2,1,有,有,23800000,166912.0,坡道平面,0.0,0,陽台外推；,RPRNMLNLQHJGFAA77DA,72.75,3.36,7.79,有,,29.0
萬華區,房地(土地+建物),中華路二段４９８巷９號十樓,12.4,住,,,1130721,土地1建物1車位0,十層,十二層,住宅大樓(11層含以上有電梯),住家用,680403.0,46.08,2,1,1,有,有,10400000,225694.0,,0.0,0,陽台外推；,RPROMLTLPHJGFBA48DA,38.94,0.0,7.14,有,,45.0
萬華區,房地(土地+建物),中華路二段５０４巷５號四樓,17.51,住,,,1130726,土地1建物1車位0,四層,十二層,住宅大樓(11層含以上有電梯),住家用,680403.0,63.09,3,1,1,有,無,12880000,204153.0,,0.0,0,,RPPNMLOLQHJGFBA77DA,55.83,0.0,7.26,有,,45.0
內湖區,房地(土地+建物)+車位,民權東路六段２９６巷４８號十樓之１,35.7,住,,,1130719,土地1建物1車位2,十層,十層,華廈(10層含以下有電梯),住家用,960704.0,258.48,4,2,2,有,有,58000000,261135.0,坡道平面,55.52,5000000,其他增建；,RPRNMLPJQHJGFCA97DA,128.0,4.43,6.57,有,,17.0
中山區,房地(土地+建物),龍江路３７７巷１８號二樓,40.15,住,,,1130714,土地1建物1車位0,二層,四層,公寓(5樓含以下無電梯),住家用,640626.0,115.92,3,2,2,有,無,24600000,212215.0,,0.0,0,其他增建；,RPXPMLRJQHJGFCA98DA,98.99,0.0,16.93,無,617.0,49.0
中山區,房地(土地+建物),四平街１０７號四樓之５,9.75,住,,,1130716,土地1建物1車位0,四層,十層,華廈(10層含以下有電梯),住家用,900827.0,40.77,1,1,1,有,有,12638000,309983.0,,0.0,0,陽台外推；,RPWOMLNLQHJGFCA58DA,20.86,0.81,3.28,有,619.0,23.0
信義區,房地(土地+建物),信義路五段１５０巷４６３號七樓之５,9.45,住,,,1130703,土地1建物1車位0,七層,十層,華廈(10層含以下有電梯),住家用,830715.0,33.47,1,1,1,有,有,6900000,206155.0,,0.0,0,,RPVNMLLMPHJGFDA28DA,20.32,0.0,3.59,有,,30.0
北投區,房地(土地+建物),西安街二段８９號二樓,24.5,住,,,1130721,土地2建物1車位0,二層,五層,公寓(5樓含以下無電梯),住家用,730901.0,91.39,3,2,1,有,無,18000000,196958.0,,0.0,0,陽台外推；其他增建；,RPRNMLLLPHJGFEA87DA,76.29,0.0,8.01,無,,40.0
士林區,房地(土地+建物)+車位,天玉街１３之１號七樓,59.17,住,,,1130723,土地1建物1車位2,七層,十五層,住宅大樓(11層含以上有電梯),住家用,960201.0,289.24,4,2,3,有,有,68000000,235099.0,坡道平面,65.92,0,陽台外推；其他增建；,RPUNMLKMPHJGFEA18DA,131.1,9.12,14.51,有,,17.0
士林區,房地(土地+建物),通河街３２５巷６６之３號,10.88,住,,,1130714,土地1建物1車位0,三層,五層,公寓(5樓含以下無電梯),住家用,591210.0,29.48,1,1,1,有,無,5400000,183175.0,,0.0,0,陽台外推；,RPUNMLPJQHJGFEA48DA,26.28,1.85,1.35,無,,54.0
士林區,房地(土地+建物)+車位,德行東路２５８號三樓之３,31.4,住,,,1130726,土地1建物2車位2,二層，三層,十四層,住宅大樓(11層含以上有電梯),住家用,1110706.0,295.0,0,0,3,有,有,65880000,277840.0,坡道平面,81.28,6500000,,RPVNMLQJQHJGFEA68DA,126.09,12.92,8.9,有,,2.0
大安區,房地(土地+建物),仁愛路四段３１４號三樓之４,30.08,住,,,1130704,土地2建物1車位0,三層,十四層,住宅大樓(11層含以上有電梯),住家用,701223.0,212.48,4,2,3,有,有,69000000,324736.0,,0.0,0,,RPRNMLSJQHJGFFA58DA,177.43,0.0,10.59,有,,43.0
大安區,房地(土地+建物)+車位,大安路二段１２２巷２１號三樓,25.02,住,,,1130720,土地1建物2車位1,三層,七層,華廈(10層含以下有電梯),住家用,990716.0,117.08,3,2,2,有,有,49880000,426033.0,一樓平面,0.0,5000000,陽台外推；夾層；,RPSNMLLLQHJGFFA18DA,52.69,3.0,5.65,有,626.0,
大安區,房地(土地+建物)+車位,瑞安街２０８巷３９號二樓之１,8.54,住,,,1130714,土地1建物1車位1,二層,七層,華廈(10層含以下有電梯),住家用,1040511.0,54.77,1,1,1,有,有,17000000,344986.0,塔式車位,11.29,2000000,車位位於地下第二層。陽台外推；,RPPOMLMLQHJGFFA08DA,21.39,2.75,2.84,有,627.0,9.0
大安區,房地(土地+建物),敦化南路二段４６號十四樓之１２,8.0,住,,,1130710,土地1建物1車位0,十四層，陽臺,十六層,住宅大樓(11層含以上有電梯),住家用,640602.0,94.53,2,2,1,有,有,30000000,317360.0,,0.0,0,,RPSNMLNLQHJGFFA38DA,73.49,0.0,0.0,有,,49.0
大安區,房地(土地+建物)+車位,通化街２６７巷５號六樓,36.09,住,,,1130729,土地1建物1車位1,六層,七層,華廈(10層含以下有電梯),住家用,710630.0,215.92,3,2,2,有,有,45000000,208411.0,坡道平面,0.0,0,,RPPNMLQLQHJGFFA48EA,121.45,0.0,22.77,有,629.0,42.0
文山區,房地(土地+建物),新光路一段９５巷１９號四樓,30.3,住,,,1130713,土地1建物1車位0,四層,五層,公寓(5樓含以下無電梯),住家用,750128.0,90.98,3,2,1,有,無,15500000,170367.0,,0.0,0,陽台外推；其他增建；,RPPNMLNKPHJGFAA37DA,70.08,0.0,14.03,無,,38.0
文山區,房地(土地+建物),木新路二段３號五樓,19.03,住,,,1130711,土地1建物1車位0,五層,七層,華廈(10層含以下有電梯),住家用,841024.0,71.37,2,1,2,有,有,15523200,217503.0,,0.0,0,陽台外推；,RPRNMLSKPHJGFAA08DA,47.17,2.76,5.01,有,630.0,29.0
文山區,房地(土地+建物),新光路一段９５巷２２號二樓,35.08,住,,,1130702,土地1建物1車位0,二層,五層,公寓(5樓含以下無電梯),住家用,750128.0,100.82,3,2,1,有,無,16300000,161674.0,,0.0,0,其他增建；,RPPOMLNLPHJGFAA57DA,78.47,0.0,15.35,無,,38.0
文山區,房地(土地+建物),興隆路一段５５巷１３號四樓,30.5,住,,,1130720,土地1建物1車位0,四層，陽臺,四層,公寓(5樓含以下無電梯),住家用,601027.0,87.95,4,3,2,有,無,15090000,171575.0,,0.0,0,陽台外推；頂樓加蓋；其他增建；,RPVNMLTLPHJGFAA68DA,87.95,0.0,0.0,無,,53.0
文山區,房地(土地+建物),萬盛街９２號三樓,46.49,住,,,1130730,土地1建物1車位0,三層，陽臺,四層,公寓(5樓含以下無電梯),住家用,630506.0,104.46,3,2,1,有,無,19380000,185526.0,,0.0,0,陽台外推；其他增建；,RPQNMLLKQHJGFAA37DA,104.46,0.0,0.0,無,,50.0
文山區,房地(土地+建物),辛亥路四段７７巷９２弄９號十四樓之１,27.28,住,,,1130720,土地3建物1車位0,十四層,十四層,住宅大樓(11層含以上有電梯),住家用,920922.0,43.19,1,1,1,有,有,9350000,216485.0,,0.0,0,另有大安區辛亥四小段615-1、615-2、762-1地號，同一價格,RPPPMLNKQHJGFAA67DA,26.81,0.0,2.85,有,,21.0
萬華區,房地(土地+建物)+車位,中華路二段４１６巷８０號十二樓之３,41.9,住,,,1130714,土地1建物1車位1,十二層,十四層,住宅大樓(11層含以上有電梯),住家用,1010625.0,209.65,4,2,2,有,有,47600000,227045.0,坡道平面,0.0,0,,RPQNMLNLPHJGFBA67DA,118.0,0.0,10.2,有,632.0,12.0
中山區,房地(土地+建物),遼寧街２２３號四樓之１,16.19,住,,,1130713,土地1建物1車位0,四層,十五層,住宅大樓(11層含以上有電梯),住家用,750609.0,84.7,3,2,1,有,有,25600000,302243.0,,0.0,0,陽台外推；其他增建；,RPRPMLLJQHJGFCA77DA,65.97,0.0,5.58,有,,38.0
內湖區,房地(土地+建物),五分街９１號八樓之１,10.1,住,,,1130720,土地1建物1車位0,八層，電梯樓梯間,八層,華廈(10層含以下有電梯),住家用,861203.0,33.07,1,1,1,有,有,9300000,281222.0,,0.0,0,,RPOPMLPJQHJGFCA87DA,22.48,0.0,6.36,有,,27.0
內湖區,房地(土地+建物),成功路四段６１巷２２弄３號六樓,11.64,住,,,1130717,土地1建物1車位0,六層,九層,華廈(10層含以下有電梯),住家用,821214.0,47.05,1,1,1,有,有,11900000,252922.0,,0.0,0,陽台外推；,RPOPMLQJQHJGFCA97DA,26.34,0.0,2.71,有,,31.0
內湖區,房地(土地+建物),康樂街２０巷１４弄５號三樓,31.42,住,,,1130706,土地1建物1車位0,三層,五層,公寓(5樓含以下無電梯),住家用,740311.0,115.52,3,2,2,有,無,17200000,148892.0,,0.0,0,其他增建；,RPRPMLLLQHJGFCA97DA,95.4,0.0,11.49,無,,39.0
南港區,房地(土地+建物),研究院路二段１８２巷７９弄６號三樓,27.32,住,,,1130709,土地2建物1車位0,三層,五層,公寓(5樓含以下無電梯),住家用,731029.0,100.82,3,2,2,有,有,14000000,138861.0,,0.0,0,,RPPOMLNLPHJGFDA87DA,80.95,0.0,9.08,無,,40.0
南港區,房地(土地+建物),重陽路３７８號六樓,27.05,住,,,1130716,土地1建物1車位0,六層,九層,華廈(10層含以下有電梯),住家用,940321.0,95.03,3,2,2,有,有,32880000,345996.0,,0.0,0,其他增建；,RPOOMLLJQHJGFDA47DA,58.07,2.01,6.5,有,642.0,19.0
信義區,房地(土地+建物),吳興街２８４巷５之７號三樓,37.0,住,,,1130721,土地1建物1車位0,三層,五層,公寓(5樓含以下無電梯),住家用,750430.0,108.77,3,2,2,有,無,19650000,180656.0,,0.0,0,其他增建；,RPSOMLSJQHJGFDA58DA,81.94,0.0,7.53,無,,38.0
南港區,房地(土地+建物)+車位,東新街１２２號四樓,18.75,住,,,1130727,土地3建物1車位1,四層,十五層,住宅大樓(11層含以上有電梯),住家用,990331.0,121.38,2,2,1,有,有,32680000,269237.0,坡道機械,26.79,0,,RPWOMLNKQHJGFDA58DA,58.39,0.0,5.41,有,,14.0
南港區,房地(土地+建物),研究院路二段２巷５４弄１號四樓,29.0,住,,,1130730,土地1建物1車位0,四層,五層,公寓(5樓含以下無電梯),住家用,750225.0,107.37,4,0,4,有,無,16800000,156468.0,,0.0,0,,RPROMLQKQHJGFDA38DA,88.18,0.0,9.36,無,644.0,38.0
士林區,房地(土地+建物)+車位,雨農路３２巷１６號二樓,41.54,住,,,1130728,土地1建物1車位1,二層,十三層,住宅大樓(11層含以上有電梯),住家用,1030819.0,217.04,2,2,2,有,有,42000000,222868.0,升降平面,38.01,2100000,陽台外推；其他增建；,RPSNMLPJQHJGFEA28DA,89.87,9.92,10.02,有,646.0,10.0
士林區,房地(土地+建物),社中街１５２巷３２之１號,11.85,住,,,1130707,土地1建物1車位0,一層,七層,華廈(10層含以下有電梯),住家用,840414.0,41.53,1,1,1,有,有,9380000,225861.0,,0.0,0,陽台外推；夾層；其他增建；,RPOOMLQJQHJGFEA08DA,28.88,1.73,2.57,有,,29.0
士林區,房地(土地+建物)+車位,中山北路六段４４１巷３０號八樓之２,44.96,住,,,1130701,土地1建物1車位3,八層,十七層,住宅大樓(11層含以上有電梯),住家用,1130306.0,344.96,0,0,0,無,有,106600000,400935.0,坡道平面,105.27,10500000,毛胚屋；,RPOOMLSJQHJGFEA28DA,131.53,8.27,16.15,有,,
士林區,房地(土地+建物)+車位,中山北路六段４４１巷３０號四樓之３,26.72,住,,,1130711,土地1建物1車位2,四層,十七層,住宅大樓(11層含以上有電梯),住家用,1130306.0,211.89,0,0,0,無,有,61170000,382394.0,坡道平面,70.22,7000000,毛胚屋；,RPSOMLSJQHJGFEA68DA,80.38,5.95,5.87,有,,
北投區,房地(土地+建物)+車位,幽雅路７號十一樓之１,11.43,,,,1130705,土地1建物1車位1,十一層,十三層,住宅大樓(11層含以上有電梯),住家用,980205.0,92.54,1,0,1,有,有,13000000,140480.0,坡道機械,23.23,0,陽台外推；,RPPNMLTKQHJGFEA48DA,31.89,3.41,8.46,有,,15.0
文山區,房地(土地+建物),木柵路一段５７之４號五樓,27.46,住,,,1130718,土地1建物1車位0,五層,五層,公寓(5樓含以下無電梯),住家用,711230.0,91.37,3,1,3,有,無,12300000,134617.0,,0.0,0,頂樓加蓋；,RPSNMLRLQHJGFAA38EA,79.4,0.0,3.78,無,,42.0
內湖區,房地(土地+建物),大湖山莊街９６巷８號,313.0,住,,,1130717,土地2建物1車位0,全,二層,透天厝,住家用,670304.0,193.14,8,2,3,有,無,96000000,497049.0,,0.0,0,具重建或重劃、都更等效益；,RPPNMLRLQHJGFCA28EA,182.73,10.41,0.0,無,,46.0
信義區,房地(土地+建物),吳興街１５６巷２２弄１７號,27.25,住,,,1130731,土地1建物1車位0,一層，平台,四層,公寓(5樓含以下無電梯),住家用,640324.0,89.41,3,2,1,有,無,25250000,282407.0,,0.0,0,,RPQNMLRLQHJGFDA48EA,89.41,0.0,0.0,無,,49.0
北投區,房地(土地+建物),懷德街６７號二樓,23.27,住,,,1130720,土地1建物1車位0,二層,五層,公寓(5樓含以下無電梯),住家用,671003.0,83.21,2,2,1,有,無,15800000,189881.0,,0.0,0,,RPTNMLSLQHJGFEA98EA,72.49,0.0,9.03,無,,46.0
文山區,房地(土地+建物),木新路二段１１１巷１２弄２之１號四樓,20.0,住,,,1130716,土地1建物1車位0,四層,五層,公寓(5樓含以下無電梯),住家用,751021.0,72.74,3,0,3,有,無,10400000,142975.0,,0.0,0,陽台外推；,RPXNMLLJQHJGFAA97DA,54.39,0.0,9.96,無,653.0,38.0
大同區,房地(土地+建物),承德路三段１２２巷１２號六樓之１,11.63,住,,,1130703,土地1建物1車位0,六層,七層,華廈(10層含以下有電梯),住家用,1090824.0,67.14,1,1,1,有,有,17880000,266309.0,,0.0,0,,RPOPMLQLQHJGFBA08DA,32.68,2.69,3.32,有,657.0,4.0
中山區,房地(土地+建物),民權東路二段９２巷３號二樓,32.0,住,,,1130707,土地1建物1車位0,二層,四層,公寓(5樓含以下無電梯),住家用,581206.0,64.22,2,3,1,有,無,16000000,249144.0,,0.0,0,陽台外推；其他增建；,RPQNMLQJQHJGFCA97DA,51.0,0.0,13.22,無,,55.0
內湖區,房地(土地+建物),新明路３８０巷６弄７號,31.0,住,,,1130702,土地1建物1車位0,一層，停車場,四層,公寓(5樓含以下無電梯),住家用,660208.0,96.23,3,2,2,有,無,21700000,225501.0,,0.0,0,,RPVOMLRJQHJGFCA68DA,86.09,10.14,0.0,無,,47.0
中山區,房地(土地+建物)+車位,民生東路二段９３巷１５號十一樓,34.0,住,,,1130703,土地1建物1車位1,十一層,十三層,住宅大樓(11層含以上有電梯),住家用,1101201.0,232.01,3,2,2,有,有,66500000,326344.0,坡道平面,37.43,3000000,,RPRQMLTKQHJGFCA78DA,123.26,3.05,13.0,有,,3.0
信義區,房地(土地+建物),吳興街６００巷７６弄１０５號二樓,24.8,住,,,1130712,土地1建物1車位0,二層,五層,公寓(5樓含以下無電梯),住家用,710216.0,93.33,3,2,2,有,無,15100000,161791.0,,0.0,0,陽台外推；,RPVNMLSKPHJGFDA78DA,83.29,0.0,10.04,無,,42.0
信義區,房地(土地+建物),永吉路３０巷１４５號三樓之１,16.52,住,,,1130728,土地1建物1車位0,三層,七層,華廈(10層含以下有電梯),住家用,961231.0,74.69,1,1,1,有,無,25500000,341411.0,,0.0,0,其他增建；,RPTOMLTJQHJGFDA78DA,36.91,4.77,5.53,有,663.0,17.0
松山區,房地(土地+建物),光復北路１６１巷１０號三樓,26.6,住,,,1130722,土地1建物1車位0,三層,五層,公寓(5樓含以下無電梯),住家用,670620.0,98.56,3,2,1,有,無,28080000,284903.0,,0.0,0,其他增建；,RPQNMLMLQHJGFDA87DA,85.25,0.0,13.31,無,,46.0
信義區,房地(土地+建物),中坡南路２７７號二樓,25.39,住,,,1130730,土地2建物1車位0,二層,四層,公寓(5樓含以下無電梯),住家用,660331.0,73.36,3,2,2,有,無,13500000,184024.0,,0.0,0,後陽台外推,RPQOMLRLQHJGFDA48DA,68.43,0.0,4.93,無,,47.0
北投區,房地(土地+建物),石牌路二段３１５巷２號三樓之１,10.72,住,,,1130706,土地4建物1車位0,三層,六層,華廈(10層含以下有電梯),住家用,830912.0,40.3,0,1,1,有,有,10880000,269975.0,,0.0,0,鐵鋁窗其他增建；,RPTPMLMLPHJGFEA38DA,23.01,0.62,4.14,有,664.0,30.0
士林區,房地(土地+建物)+車位,芝玉路二段８４巷２號十一樓,38.31,住,,,1130726,土地2建物1車位1,十一層,十三層,住宅大樓(11層含以上有電梯),住家用,890202.0,198.8,3,2,2,有,有,46800000,235412.0,坡道平面,44.08,0,,RPSNMLSJQHJGFEA58DA,106.38,0.0,11.65,有,,24.0
士林區,房地(土地+建物),海光里３１鄰延平北路五段３３號,24.5,住,,,1130714,土地2建物1車位0,一層，騎樓,四層,公寓(5樓含以下無電梯),住家用,601220.0,85.92,0,1,1,有,無,29400000,342179.0,,0.0,0,其他增建；,RPRNMLKKQHJGFEA77DA,85.92,0.0,0.0,無,,53.0
北投區,房地(土地+建物),中央北路四段１３８巷７號三樓,28.44,住,,,1130704,土地1建物1車位0,三層,五層,公寓(5樓含以下無電梯),住家用,730809.0,110.6,3,2,2,有,無,15130000,136799.0,,0.0,0,,RPXNMLRLQHJGFEA56DA,91.76,0.0,10.81,無,666.0,40.0
大安區,房地(土地+建物),仁愛路四段３００巷１９弄２號六樓,23.5,住,,,1130730,土地1建物1車位0,六層,七層,華廈(10層含以下有電梯),住家用,730721.0,136.67000000000002,3,2,2,有,有,42180000,308627.0,,0.0,0,陽台外推；其他增建；,RPRNMLNLQHJGFFA28DA,102.14,10.89,16.3,有,,40.0
北投區,房地(土地+建物),尊賢街３０２巷３０號四樓,25.75,住,,,1130716,土地1建物1車位0,四層，陽臺,四層,公寓(5樓含以下無電梯),住家用,650525.0,80.75,3,2,1,有,無,11900000,147368.0,,0.0,0,,RPUNMLSLQHJGFEA09EA,80.75,0.0,0.0,無,,48.0
北投區,房地(土地+建物),尊賢街２１８巷１９號,43.0,住,,,1130708,土地1建物1車位0,一層，平台,四層,公寓(5樓含以下無電梯),住家用,640417.0,113.6,6,3,2,有,無,30500000,268486.0,,0.0,0,,RPVNMLSLQHJGFEA56EA,113.6,0.0,0.0,無,,49.0
文山區,房地(土地+建物),和平東路四段６５巷７７弄１９號,98.98,住,,,1130716,土地1建物1車位0,全,三層,透天厝,住家用,760413.0,184.59,4,2,3,有,有,24500000,132727.0,,0.0,0,陽台外推；其他增建；,RPXNMLSJQHJGFAA68DA,123.62,60.97,0.0,無,,37.0
中正區,房地(土地+建物),汀州路二段２４４號二樓,24.8,住,,,1130719,土地3建物1車位0,二層,五層,公寓(5樓含以下無電梯),住家用,590327.0,90.02,3,2,1,有,無,22600000,251055.0,,0.0,0,其他增建；,RPXNMLTKQHJGFAA88DA,85.05,0.0,4.97,無,,54.0
文山區,房地(土地+建物),政大三街３５號五樓之６,20.12,住,,,1130707,土地1建物1車位0,五層,五層,華廈(10層含以下有電梯),住家用,950724.0,34.24,0,2,1,有,有,7800000,227804.0,,0.0,0,,RPVNMLSLQHJGFAA68DA,21.86,0.0,0.0,有,,18.0
中正區,房地(土地+建物)+車位,忠孝東路二段６４巷２６號六樓,62.2,住,,,1130718,土地1建物1車位2,六層,十四層,住宅大樓(11層含以上有電梯),住家用,970529.0,339.23,3,2,2,有,有,108600000,382728.0,坡道平面,76.38,8000000,其他增建；,RPUOMLSLQHJGFBA78DA,148.69,15.11,16.39,有,,16.0
內湖區,房地(土地+建物),金龍路２２２巷２號二樓之１,11.87,住,,,1130711,土地1建物1車位0,二層,十二層,住宅大樓(11層含以上有電梯),住家用,821213.0,37.39,1,1,1,有,有,9880000,264242.0,,0.0,0,,RPQOMLMJQHJGFCA67DA,28.41,0.0,2.48,有,,31.0
內湖區,房地(土地+建物)+車位,民權東路六段１９１巷５６號二樓,65.63,住,,,1130705,土地1建物1車位1,二層,三層,公寓(5樓含以下無電梯),住家用,870717.0,140.11,2,2,2,有,無,24900000,177718.0,坡道平面,0.0,0,陽台外推；,RPVOMLRLQHJGFCA88DA,75.0,0.0,7.42,無,,26.0
信義區,房地(土地+建物),信義路六段１０７號四樓,24.0,住,,,1130711,土地1建物1車位0,四層，陽臺,四層,公寓(5樓含以下無電梯),住家用,,65.1,3,1,1,有,無,15850000,243472.0,,0.0,0,陽台外推；頂樓加蓋；,RPPPMLTJQHJGFDA48DA,65.1,0.0,0.0,無,,
松山區,房地(土地+建物),南京東路三段３３５巷２３號三樓之１０,8.15,住,,,1130731,土地3建物1車位0,三層,七層,華廈(10層含以下有電梯),住家用,740819.0,50.58,1,1,1,有,有,19300000,381574.0,,0.0,0,,RPUNMLMKQHJGFDA18DA,28.2,0.0,5.2,有,671.0,39.0
信義區,房地(土地+建物),虎林街７０巷１７號,31.82,住,,,1130710,土地1建物1車位0,一層,五層,公寓(5樓含以下無電梯),住家用,710622.0,106.99,3,2,1,有,有,25050000,234134.0,,0.0,0,其他增建；,RPTNMLNKQHJGFDA18DA,88.04,11.21,0.0,無,,42.0
信義區,房地(土地+建物)+車位,中坡南路２０１巷６之１號六樓,40.97,住,,,1130710,土地1建物1車位1,六層，夾層,七層,華廈(10層含以下有電梯),住家用,790315.0,244.54,9,2,7,有,有,55450000,226752.0,其他,0.0,2000000,陽台外推；夾層；,RPSNMLKLQHJGFDA87DA,206.76,0.0,14.43,有,,34.0
信義區,房地(土地+建物)+車位,松德路２６號十一樓,15.65,住,,,1130728,土地1建物1車位1,十一層,十二層,住宅大樓(11層含以上有電梯),住家用,800123.0,128.76,3,2,2,有,有,34500000,267920.0,升降機械,13.86,0,陽台外推；其他增建；,RPPOMLSLQHJGFDA48DA,109.35,0.0,11.49,有,,34.0
士林區,房地(土地+建物),福華路２８３號五樓,31.59,住,,,1130716,土地1建物1車位0,五層,五層,公寓(5樓含以下無電梯),住家用,680116.0,109.58,3,2,2,有,無,24000000,219018.0,,0.0,0,陽台外推；其他增建；,RPROMLTJQHJGFEA68DA,97.48,0.0,12.1,無,674.0,46.0
士林區,房地(土地+建物),社中街２９８巷４弄２７之１號二樓,27.12,住,,,1130713,土地1建物1車位0,二層,四層,公寓(5樓含以下無電梯),住家用,670729.0,75.55000000000001,2,2,1,有,無,10800000,142952.0,,0.0,0,其他增建；,RPWNMLTKQHJGFEA56DA,59.65,0.0,7.11,無,,46.0
北投區,房地(土地+建物)+車位,奇岩路７９號,254.66,住,,,1130723,土地2建物1車位2,全,二層,透天厝,住家用,691113.0,291.27,5,3,3,有,無,31500000,108147.0,其他,0.0,0,房屋為透天厝車庫為基地座落下方,RPROMLQLQHJGFEA58DA,240.54,26.75,23.98,無,,44.0
大安區,房地(土地+建物),樂業街１６９巷５２號四樓,30.18,住,,,1130716,土地1建物1車位0,四層,五層,公寓(5樓含以下無電梯),住家用,661207.0,106.64,3,2,2,有,無,22000000,206302.0,,0.0,0,其他增建；,RPVOMLSJQHJGFFA09DA,92.94,0.0,13.7,無,,47.0
大安區,房地(土地+建物),和平東路二段１１８巷４弄２９號四樓,31.44,住,,,1130719,土地1建物1車位0,四層,七層,華廈(10層含以下有電梯),住家用,670816.0,137.04,4,2,2,有,無,36660000,267513.0,,0.0,0,其他增建；,RPSNMLMKQHJGFFA18DA,119.22,0.0,17.82,有,,46.0
大安區,房地(土地+建物),金山南路二段１５９巷３９號五樓,29.07,住,,,1130717,土地2建物1車位0,五層,五層,公寓(5樓含以下無電梯),住家用,750414.0,112.7,3,2,2,有,無,34500000,306122.0,,0.0,0,陽台外推；其他增建；,RPSNMLNKQHJGFFA28DA,97.3,0.0,11.07,無,,38.0
大安區,房地(土地+建物),建國南路一段３４１巷３號六樓,13.61,住,,,1130729,土地1建物1車位0,六層,十四層,住宅大樓(11層含以上有電梯),住家用,750520.0,99.24,3,2,2,有,有,31280000,315227.0,,0.0,0,其他增建；,RPRNMLPKQHJGFFA38DA,71.84,1.76,10.81,有,,38.0
大安區,房地(土地+建物),大安路一段１６巷８號六樓,22.25,住,,,1130710,土地1建物1車位0,六層,七層,華廈(10層含以下有電梯),住家用,730208.0,120.94,3,2,3,有,無,36300000,300149.0,,0.0,0,,RPQNMLTLQHJGFFA88EA,83.46,0.0,17.57,有,,40.0
大安區,房地(土地+建物),新生南路三段２３號七樓,18.06,住,,,1130723,土地2建物1車位0,七層,十二層,住宅大樓(11層含以上有電梯),住家用,741021.0,125.49,3,2,2,有,有,35500000,282891.0,,0.0,0,陽台外推；,RPRNMLNJRHJGFFA28EA,91.83,0.0,15.63,有,,39.0
文山區,房地(土地+建物),萬盛街５９號三樓,42.4,住,,,1130718,土地1建物1車位0,三層,五層,公寓(5樓含以下無電梯),住家用,730315.0,106.03,3,2,2,有,無,19360000,182590.0,,0.0,0,,RPPOMLTKPHJGFAA08DA,93.79,0.0,9.8,無,,40.0
文山區,房地(土地+建物),景華街１２８巷２弄９之２號二樓,29.47,住,,,1130718,土地1建物1車位0,二層,五層,公寓(5樓含以下無電梯),住家用,720601.0,106.5,3,2,2,有,無,15500000,145540.0,,0.0,0,,RPVNMLMLPHJGFAA97DA,90.8,0.0,15.7,無,,41.0
文山區,房地(土地+建物)+車位,樟新街４８巷１７號,51.21,住,,,1130723,土地1建物1車位2,一層,八層,華廈(10層含以下有電梯),住家用,890602.0,249.64,5,2,2,有,有,44500000,244764.0,坡道平面,88.26,5000000,其他增建；,RPOOMLNLPHJGFAA47DA,129.87,0.0,9.53,有,,24.0
文山區,房地(土地+建物)+車位,萬芳路２２號七樓之３,22.49,住,,,1130707,土地1建物1車位1,七層,十二層,住宅大樓(11層含以上有電梯),住家用,940128.0,127.5,3,2,1,有,有,23550000,232875.0,坡道平面,35.82,2200000,陽台外推；夾層；其他增建；,RPWNMLQLPHJGFAA48DA,51.14,3.9,5.46,有,679.0,19.0
中正區,房地(土地+建物)+車位,同安街６６號四樓,25.03,住,,,1130713,土地1建物1車位1,四層,七層,華廈(10層含以下有電梯),住家用,860131.0,96.9,2,2,1,有,有,22200000,229102.0,升降機械,0.0,2000000,夾層；其他增建；,RPUNMLRJQHJGFAA28DA,44.34,1.13,7.98,有,,27.0
文山區,房地(土地+建物),和平東路四段６５巷２７弄１６之２號,112.96,住,,,1130722,土地1建物1車位0,全,三層,透天厝,住家用,760107.0,216.35,4,2,3,有,有,27000000,124798.0,,0.0,0,陽台外推；其他增建；,RPTNMLQKQHJGFAA18DA,167.1,30.26,18.99,無,,38.0
文山區,房地(土地+建物),景福街１９７號,30.5,住,,,1130714,土地1建物1車位0,一層，騎樓,四層,公寓(5樓含以下無電梯),住家用,580412.0,107.6,3,2,1,有,無,25600000,237918.0,,0.0,0,防火巷、天井增建其他增建；,RPTOMLQLQHJGFAA38DA,107.6,0.0,0.0,無,,55.0
中正區,房地(土地+建物)+車位,水源路３７之２號十二樓之１,21.66,住,,,1130705,土地1建物1車位1,十二層,十三層,住宅大樓(11層含以上有電梯),住家用,1070223.0,211.2,4,2,2,有,有,47000000,222538.0,坡道平面,32.06,0,車位編號：L020,RPVNMLKMQHJGFAA97DA,98.8,9.13,12.12,有,,6.0
萬華區,房地(土地+建物),中華路二段４１６巷７號十一樓之２,18.9,住,,,1130721,土地1建物1車位0,十一層,十二層,住宅大樓(11層含以上有電梯),住家用,760316.0,89.12,2,2,1,有,有,19300000,216562.0,,0.0,0,陽台外推；其他增建；,RPSOMLTLPHJGFBA58DA,60.96,0.0,8.52,有,,37.0
內湖區,房地(土地+建物)+車位,東湖路１１３巷４９弄２９之１號,36.93,住,,,1130712,土地1建物1車位1,一層,八層,華廈(10層含以下有電梯),住家用,840513.0,172.99,5,2,3,有,有,33000000,190762.0,坡道平面,0.0,2500000,其他增建；,RPSPMLQLQHJGFCA58DA,104.86,14.24,0.0,有,,29.0
中山區,房地(土地+建物),北安路５９５巷５號,32.25,住,,,1130727,土地1建物1車位0,一層，騎樓,四層,公寓(5樓含以下無電梯),住家用,660113.0,82.47,0,0,0,無,無,32500000,394083.0,,0.0,0,其他增建；,RPOOMLKMQHJGFCA57DA,77.1,5.37,0.0,無,682.0,48.0
信義區,房地(土地+建物),崇德街６３巷２８號,18.25,住,,,1130721,土地1建物1車位0,一層,四層,公寓(5樓含以下無電梯),住家用,660606.0,53.59,2,2,1,有,無,18180000,339242.0,,0.0,0,其他增建:平台、天井其他增建；,RPRNMLLMPHJGFDA87DA,44.54,9.05,0.0,無,684.0,47.0
信義區,房地(土地+建物),福德街２６８巷２９弄８號三樓,28.11,住,,,1130719,土地2建物1車位0,三層,五層,公寓(5樓含以下無電梯),住家用,710817.0,108.89,3,2,2,有,無,20360000,186978.0,,0.0,0,其他增建；,RPWOMLRJQHJGFDA88DA,87.23,0.0,11.29,無,,42.0
士林區,房地(土地+建物)+車位,通河街２１號三樓,17.98,住,,,1130715,土地1建物1車位1,三層,八層,華廈(10層含以下有電梯),住家用,1011112.0,125.07,2,2,1,有,有,26880000,268059.0,升降平面,34.12,2500000,夾層；其他增建；,RPPPMLPJQHJGFEA18DA,44.38,2.12,5.17,有,,12.0
北投區,房地(土地+建物),公路１５３號三樓,29.89,住,,,1130729,土地2建物1車位0,三層,五層,公寓(5樓含以下無電梯),住家用,680625.0,93.57,3,2,1,有,無,13550000,144811.0,,0.0,0,其他增建；,RPRNMLQJQHJGFEA28DA,81.13,0.0,12.44,無,,45.0
士林區,房地(土地+建物),社子街２５巷３弄１０號,26.0,住,,,1130715,土地1建物1車位0,一層,四層,公寓(5樓含以下無電梯),住家用,610606.0,62.88,2,2,1,有,無,14580000,231870.0,,0.0,0,其他增建；,RPPOMLTJQHJGFEA48DA,62.88,0.0,0.0,無,,52.0
北投區,房地(土地+建物)+車位,大業路４６２之７號,16.77,住,,,1130708,土地3建物1車位1,一層,十九層,住宅大樓(11層含以上有電梯),住家用,860111.0,134.82,3,3,3,有,有,27400000,203234.0,坡道平面,50.67,0,陽台外推；夾層；其他增建；,RPSOMLNKQHJGFEA28DA,73.15,1.65,9.35,有,,27.0
北投區,房地(土地+建物),中山北路七段２１９巷３弄４５號二樓,30.33,住,,,1130722,土地1建物1車位0,二層,七層,華廈(10層含以下有電梯),住家用,730920.0,135.78,3,2,2,有,有,20600000,151716.0,,0.0,0,陽台外推；其他增建；,RPTOMLPKQHJGFEA58DA,116.57,0.0,14.33,有,,40.0
士林區,房地(土地+建物),前港街１１０巷２０號二樓,40.0,住,,,1130715,土地1建物1車位0,二層,四層,公寓(5樓含以下無電梯),住家用,660512.0,99.38,3,2,3,有,無,22000000,221373.0,,0.0,0,陽台外推；其他增建；,RPSOMLLLQHJGFEA18DA,89.34,0.0,10.04,無,,47.0
北投區,房地(土地+建物),自強街４６巷４號,43.0,住,,,1130729,土地1建物1車位0,一層,三層,公寓(5樓含以下無電梯),住家用,610724.0,85.04,3,2,2,有,無,24500000,288100.0,,0.0,0,其他增建；,RPTNMLMLQHJGFEA28DA,85.04,0.0,0.0,無,,52.0
士林區,房地(土地+建物)+車位,環河北路三段２０３號四樓之２,27.24,住,,,1130713,土地2建物1車位1,四層,十一層,住宅大樓(11層含以上有電梯),住家用,1011008.0,174.37,3,2,2,有,有,24900000,167239.0,坡道平面,40.43,2500000,其他增建；,RPOOMLNLQHJGFEA97DA,72.66,14.18,5.75,有,687.0,12.0
大安區,房地(土地+建物),仁愛路四段１３７號三樓,28.93,住,,,1130722,土地3建物1車位0,三層,十二層,住宅大樓(11層含以上有電梯),住家用,660404.0,228.96,5,2,2,有,有,78000000,340671.0,,0.0,0,陽台外推；其他增建；,RPROMLOKQHJGFFA38DA,196.15,0.0,6.37,有,,47.0
大安區,房地(土地+建物),臥龍街２６７號四樓,43.75,住,,,1130717,土地1建物1車位0,四層,四層,公寓(5樓含以下無電梯),住家用,670224.0,101.54,3,2,1,有,無,20050000,197459.0,,0.0,0,其他增建；,RPWNMLKLQHJGFFA48DA,96.94,0.0,4.6,無,,46.0
大安區,房地(土地+建物)+車位,師大路１０５巷１８號三樓之３,11.47,住,,,1130711,土地1建物1車位1,三層,十層,華廈(10層含以下有電梯),住家用,961127.0,68.30000000000001,2,2,1,有,有,30500000,441450.0,塔式車位,3.74,2000000,陽台外推；夾層；其他增建；,RPROMLRLQHJGFFA78DA,35.34,6.47,2.64,有,688.0,17.0
大安區,房地(土地+建物),八德路二段１０巷７號二樓,38.67,住,,,1130706,土地1建物1車位0,二層,五層,公寓(5樓含以下無電梯),住家用,780927.0,106.19,3,2,1,有,無,25300000,238252.0,,0.0,0,,RPPNMLSLQHJGFFA58DA,86.69,0.45,9.65,無,689.0,35.0
中正區,房地(土地+建物),重慶南路三段６５巷４弄１４號三樓,32.75,住,,,1130730,土地1建物1車位0,三層，陽臺,四層,公寓(5樓含以下無電梯),住家用,650117.0,97.58,3,2,2,有,無,17700000,181390.0,,0.0,0,,RPRNMLKMQHJGFAA67EA,97.58,0.0,0.0,無,690.0,49.0
萬華區,房地(土地+建物),長泰街３號三樓,21.25,住,,,1130718,土地1建物1車位0,三層,四層,公寓(5樓含以下無電梯),住家用,670117.0,71.16,3,1,1,有,無,10650000,149663.0,,0.0,0,,RPRNMLTLQHJGFBA58EA,66.39,0.0,4.77,無,,47.0
中山區,房地(土地+建物),民權東路二段１５２巷５弄１２號二樓,39.0,住,,,1130730,土地1建物1車位0,二層,四層,公寓(5樓含以下無電梯),住家用,580924.0,100.34,3,1,3,有,無,26500000,264102.0,,0.0,0,,RPRNMLKMQHJGFCA87EA,100.34,0.0,0.0,無,,55.0
北投區,房地(土地+建物),行義路１８６巷２６弄１５號四樓,21.67,住,,,1130704,土地1建物1車位0,四層,五層,公寓(5樓含以下無電梯),住家用,731227.0,95.29,2,2,1,有,無,10250000,107566.0,,0.0,0,,RPQNMLKMQHJGFEA97EA,81.0,0.0,11.09,無,,40.0
文山區,房地(土地+建物)+車位,政大二街２６０巷１號二樓,71.25,住,,,1130715,土地1建物1車位1,二層,七層,華廈(10層含以下有電梯),住家用,920609.0,138.03,3,2,2,有,有,19200000,139100.0,坡道平面,0.0,0,車位面積無法概算其他增建；,RPRNMLKMPHJGFAA47DA,77.05,0.0,7.15,有,,21.0
文山區,房地(土地+建物)+車位,興隆路三段３３３號八樓,26.08,住,,,1130714,土地3建物1車位1,八層,十七層,住宅大樓(11層含以上有電梯),住家用,1050805.0,180.25,3,2,2,有,有,37300000,243479.0,坡道平面,36.1,2200000,,RPOOMLLJQHJGFAA17DA,86.08,4.55,7.34,有,694.0,8.0
文山區,房地(土地+建物)+車位,辛亥路四段７７巷３１弄３號八樓,75.03,住,,,1130714,土地4建物1車位1,八層,十三層,住宅大樓(11層含以上有電梯),住家用,851107.0,187.8,3,2,2,有,有,28800000,153355.0,坡道平面,0.0,1800000,陽台外推；其他增建；,RPRNMLNJQHJGFAA57DA,95.18,3.06,10.55,有,,28.0
文山區,房地(土地+建物),福興路３９號四樓,31.25,住,,,1130707,土地1建物1車位0,四層，陽臺,四層,公寓(5樓含以下無電梯),住家用,650825.0,84.55,3,2,1,有,無,15280000,180721.0,,0.0,0,陽台外推；頂樓加蓋；其他增建；,RPSPMLPJQHJGFAA08DA,84.55,0.0,0.0,無,,48.0
文山區,房地(土地+建物)+車位,新光路一段３２巷４弄３號二樓之２,17.11,住,,,1130728,土地1建物1車位1,二層,八層,華廈(10層含以下有電梯),住家用,930910.0,92.53,1,1,1,有,有,13600000,216712.0,坡道平面,41.31,2500000,其他增建；,RPOOMLTKQHJGFAA08DA,27.73,0.0,4.93,有,696.0,20.0
文山區,房地(土地+建物),辛亥路五段１２４巷６號四樓,31.85,住,,,1130710,土地1建物1車位0,四層,五層,公寓(5樓含以下無電梯),住家用,740213.0,107.01,2,2,1,有,無,12800000,119615.0,,0.0,0,陽台外推；,RPTNMLMLQHJGFAA87DA,84.28,0.0,13.82,無,,39.0
萬華區,房地(土地+建物)+車位,中華路二段４１６巷８０號十二樓,36.34,住,,,1130713,土地1建物1車位1,十二層,十四層,住宅大樓(11層含以上有電梯),住家用,1010625.0,181.68,3,2,2,有,有,38900000,214113.0,坡道平面,0.0,0,,RPQNMLRLPHJGFBA08DA,100.87,0.0,10.16,有,698.0,12.0
大同區,房地(土地+建物)+車位,民族西路７６巷１２弄１２號三樓之１,21.53,住,,,1130701,土地1建物1車位1,三層，電梯樓梯間,十四層,住宅大樓(11層含以上有電梯),住家用,840429.0,178.35000000000002,3,2,2,有,有,28500000,159789.0,坡道平面,0.0,0,,RPPNMLPKQHJGFBA77DA,143.55,11.86,11.89,有,,29.0
內湖區,房地(土地+建物)+車位,星雲街１３５號十四樓之１,27.37,住,,,1130709,土地1建物1車位2,十四層,十四層,住宅大樓(11層含以上有電梯),住家用,931222.0,221.26,3,2,2,有,有,57660000,311561.0,坡道平面,52.24,5000000,陽台外推；其他增建；,RPSPMLLJQHJGFCA87DA,103.74,4.39,10.51,有,,20.0
內湖區,房地(土地+建物)+車位,內湖路一段４１１巷７４弄１５號二樓之３,28.42,住,,,1130730,土地1建物1車位1,二層,十一層,住宅大樓(11層含以上有電梯),住家用,990913.0,185.2,3,2,2,有,有,43880000,269489.0,坡道平面,31.65,2500000,其他增建；,RPUOMLQKQHJGFCA58DA,83.55,10.92,6.17,有,700.0,14.0
信義區,房地(土地+建物),吳興街６００巷５６號二樓,26.4,住,,,1130715,土地1建物1車位0,二層,五層,公寓(5樓含以下無電梯),住家用,701211.0,93.41,5,0,4,有,無,17500000,187346.0,,0.0,0,陽台外推；,RPRNMLKMPHJGFDA77DA,82.2,0.0,11.21,無,701.0,43.0
南港區,房地(土地+建物),重陽路１９號十樓,10.39,住,,,1130728,土地1建物1車位0,十層,十四層,住宅大樓(11層含以上有電梯),住家用,1110124.0,52.19,0,1,1,有,有,18500000,354474.0,,0.0,0,,RPQPMLKMPHJGFDA87DA,29.73,0.0,4.3,有,702.0,3.0
信義區,房地(土地+建物),永吉路２２５巷２弄３３號三樓,27.8,住,,,1130715,土地1建物1車位0,三層,五層,公寓(5樓含以下無電梯),住家用,700818.0,100.02,3,2,2,有,無,21300000,212957.0,,0.0,0,陽台外推；其他增建；,RPPNMLPJQHJGFDA87DA,87.7,0.0,12.32,無,,43.0
信義區,房地(土地+建物),吳興街２８４巷２７弄１號五樓,27.94,住,,,1130722,土地1建物1車位0,五層,五層,公寓(5樓含以下無電梯),住家用,750830.0,101.15,3,2,2,有,無,20200000,199703.0,,0.0,0,陽台外推；頂樓加蓋；,RPOOMLMKQHJGFDA67DA,87.25,0.0,9.7,無,703.0,38.0
松山區,房地(土地+建物),延壽街３５６巷４弄２０號五樓,34.72,住,,,1130728,土地1建物1車位0,五層,七層,華廈(10層含以下有電梯),住家用,670713.0,194.77,4,2,2,有,有,44000000,225907.0,,0.0,0,陽台外推；其他增建；,RPPPMLMKQHJGFDA87DA,133.45,0.0,23.87,有,,46.0
南港區,房地(土地+建物)+車位,研究院路三段１８巷８號七樓,70.41,住,,,1130714,土地2建物1車位1,七層,九層,華廈(10層含以下有電梯),住家用,921204.0,177.76,3,2,2,有,有,27000000,151890.0,坡道平面,0.0,0,,RPPNMLPKQHJGFDA97DA,99.96,0.0,10.46,有,,21.0
信義區,房地(土地+建物),和平東路三段３４１巷２５號四樓,27.93,住,,,1130729,土地1建物1車位0,四層,五層,公寓(5樓含以下無電梯),住家用,700317.0,89.46,3,2,2,有,無,20900000,233624.0,,0.0,0,其他增建；,RPXNMLRLQHJGFDA09DA,79.71,0.0,9.75,無,706.0,43.0
士林區,房地(土地+建物),天母東路８巷３０弄１５號三樓,28.15,住,,,1130713,土地3建物1車位0,三層,五層,公寓(5樓含以下無電梯),住家用,721210.0,101.2,3,2,2,有,無,23800000,235178.0,,0.0,0,其他增建；,RPUNMLKKQHJGFEA08DA,89.32,0.0,11.88,無,708.0,41.0
士林區,房地(土地+建物)+車位,德行東路３５８巷８弄９號,46.56,住,,,1130721,土地1建物1車位1,一層，二層，三層,五層,公寓(5樓含以下無電梯),住家用,770423.0,154.09,5,2,3,有,有,30660000,198988.0,坡道平面,24.81,0,陽台外推；其他增建；,RPRPMLTKQHJGFEA88DA,135.49,1.78,7.33,無,710.0,36.0
大安區,房地(土地+建物),溫州街１６巷８之２號五樓,31.96,住,,,1130721,土地1建物1車位0,五層,六層,華廈(10層含以下有電梯),住家用,720701.0,124.02,3,2,2,有,有,38000000,306402.0,,0.0,0,陽台外推；,RPQNMLQLPHJGFFA38DA,80.26,0.0,14.26,有,,41.0
大安區,房地(土地+建物),新生南路二段３０巷２５號三樓,24.48,住,,,1130717,土地1建物1車位0,三層，電梯樓梯間,六層,華廈(10層含以下有電梯),住家用,840810.0,91.71,2,2,1,有,有,33500000,365282.0,,0.0,0,陽台外推；夾層；,RPRNMLMKQHJGFFA08DA,52.2,0.28,7.18,有,,29.0
大安區,房地(土地+建物),大安路一段１６巷４號四樓,24.01,住,,,1130730,土地1建物1車位0,四層,七層,華廈(10層含以下有電梯),住家用,730208.0,125.44,3,2,2,有,無,37300000,297353.0,,0.0,0,,RPQNMLNKQHJGFFA08DA,90.75,0.0,13.04,有,711.0,40.0
大安區,房地(土地+建物),泰順街６０巷１２號五樓,26.69,住,,,1130728,土地10建物1車位0,五層,七層,華廈(10層含以下有電梯),住家用,691017.0,146.09,3,2,2,有,無,46500000,318297.0,,0.0,0,陽台外推；,RPROMLMLQHJGFFA28DA,121.51,0.0,19.4,有,712.0,44.0
文山區,房地(土地+建物),指南路二段４５巷１４弄５號三樓之８,7.89,住,,,1130731,土地1建物1車位0,三層,七層,華廈(10層含以下有電梯),住家用,980518.0,32.25,1,1,1,有,有,8100000,251163.0,,0.0,0,,RPPNMLNJRHJGFAA57EA,17.8,0.0,3.96,有,713.0,15.0
內湖區,房地(土地+建物),康樂街１３６巷２９弄４７號五樓,28.68,住,,,1130708,土地1建物1車位0,五層,五層,公寓(5樓含以下無電梯),住家用,750616.0,109.52,3,2,2,有,無,17500000,159788.0,,0.0,0,於民國78年間增建頂樓頂樓加蓋；,RPRNMLMJRHJGFCA87EA,89.19,0.0,10.25,無,,38.0
信義區,房地(土地+建物),忠孝東路五段７８６號五樓,13.63,住,,,1130713,土地4建物1車位0,五層,九層,華廈(10層含以下有電梯),住家用,740422.0,85.06,2,2,1,有,有,23300000,273924.0,,0.0,0,陽台外推；,RPQNMLMJRHJGFDA87EA,55.12,0.0,20.14,有,,39.0
信義區,房地(土地+建物),中坡南路１２巷５號,27.74,住,,,1130703,土地1建物1車位0,一層,五層,公寓(5樓含以下無電梯),住家用,760710.0,109.14,4,2,2,有,無,35500000,325270.0,,0.0,0,,RPSNMLMJRHJGFDA08EA,88.42,10.2,0.0,無,,37.0
信義區,房地(土地+建物),永吉路２７８巷４８弄１８號四樓,22.8,住,,,1130730,土地1建物1車位0,四層,五層,公寓(5樓含以下無電梯),住家用,661028.0,80.98,3,2,1,有,無,16600000,204989.0,,0.0,0,陽台外推；,RPPNMLNJRHJGFDA87EA,70.24,0.0,10.74,無,,47.0
北投區,房地(土地+建物),中央北路三段１６８巷２號五樓,28.27,住,,,1130704,土地2建物1車位0,五層,五層,公寓(5樓含以下無電梯),住家用,701007.0,99.44,4,2,2,有,無,11200000,112631.0,,0.0,0,其他增建；,RPRNMLKMQHJGFEA08EA,88.24,0.0,11.2,無,716.0,43.0
文山區,房地(土地+建物),興隆路三段１８５巷５弄１２號,28.34,住,,,1130719,土地7建物1車位0,一層,五層,公寓(5樓含以下無電梯),住家用,720823.0,91.48,3,2,2,有,無,15200000,166157.0,,0.0,0,其他增建；,RPROMLKMQHJGFAA67DA,69.41,13.58,0.0,無,,41.0
大同區,房地(土地+建物),承德路二段１１２號二樓之１,2.69,住,,,1130730,土地1建物1車位0,二層,七層,華廈(10層含以下有電梯),住家用,1120331.0,27.92,1,1,1,有,有,9700000,347421.0,,0.0,0,陽台外推；其他增建；,RPWOMLQKQHJGFBA68DA,8.51,0.0,7.05,有,,1.0
萬華區,房地(土地+建物),國興路４８號七樓之３,16.78,住,,,1130717,土地1建物1車位0,七層,十二層,住宅大樓(11層含以上有電梯),住家用,680403.0,59.84,2,1,1,有,有,12600000,210561.0,,0.0,0,,RPSOMLMJRHJGFBA87DA,52.57,0.0,7.27,有,,45.0
內湖區,房地(土地+建物),康寧路一段１５６巷３２弄２１號二樓,26.87,住,,,1130721,土地1建物1車位0,二層,四層,公寓(5樓含以下無電梯),住家用,661110.0,74.03,2,2,1,有,無,15400000,208024.0,,0.0,0,陽台外推；其他增建；,RPSOMLLLQHJGFCA97DA,63.48,0.0,10.55,無,722.0,47.0
內湖區,房地(土地+建物)+車位,環山路三段３０巷２弄１號四樓,53.94,住,,,1130712,土地1建物1車位1,四層，五層,五層,公寓(5樓含以下無電梯),住家用,790721.0,221.69,6,2,3,有,有,29300000,149712.0,坡道平面,42.68,2500000,陽台外推；頂樓加蓋；其他增建；,RPTOMLLLQHJGFCA08DA,178.72,4.0,21.33,無,,34.0
信義區,房地(土地+建物),永吉路１２０巷４３弄７號四樓之１,13.55,住,,,1130711,土地1建物1車位0,四層,六層,華廈(10層含以下有電梯),住家用,1040330.0,56.2,1,1,1,有,有,18500000,329181.0,,0.0,0,其他增建：陽台加窗。其他增建；,RPXNMLMLPHJGFDA48DA,24.7,2.08,3.7,有,723.0,9.0
信義區,房地(土地+建物)+車位,信義路五段９１巷１２弄１號三樓之３,20.11,住,,,1130711,土地1建物1車位1,三層,七層,華廈(10層含以下有電梯),住家用,971224.0,113.95,2,1,1,有,有,29280000,256955.0,坡道平面,0.0,3700000,,RPUNMLNLPHJGFDA28DA,37.21,5.55,0.0,有,724.0,16.0
松山區,房地(土地+建物),八德路四段７２巷１４弄１１號二樓,34.5,住,,,1130723,土地2建物1車位0,二層，露台,四層,公寓(5樓含以下無電梯),住家用,590317.0,92.76,4,0,4,有,無,22580000,243424.0,,0.0,0,,RPVOMLKMPHJGFDA28DA,92.76,0.0,0.0,無,,54.0
信義區,房地(土地+建物),松德路８３號五樓之１,27.17,住,,,1130714,土地1建物1車位0,五層,十二層,住宅大樓(11層含以上有電梯),住家用,801021.0,202.51,4,2,2,有,有,53500000,264184.0,,0.0,0,陽台外推；其他增建；,RPROMLSJQHJGFDA48DA,138.8,1.79,26.07,有,,33.0
松山區,房地(土地+建物),光復南路２２巷３８號四樓,34.79,住,,,1130718,土地1建物1車位0,四層,九層,華廈(10層含以下有電梯),住家用,810624.0,136.57999999999998,3,2,2,有,有,38580000,282472.0,,0.0,0,,RPXNMLTJQHJGFDA09DA,101.66,0.0,11.36,有,,32.0
信義區,房地(土地+建物),嘉興街１７５巷２弄１２號二樓,23.84,住,,,1130721,土地2建物1車位0,二層,六層,華廈(10層含以下有電梯),住家用,780127.0,110.67,3,2,2,有,無,30880000,279028.0,,0.0,0,其他增建；,RPOPMLTJQHJGFDA38DA,88.7,2.62,10.31,有,,35.0
松山區,房地(土地+建物),八德路四段７３號二樓,31.46,住,,,1130719,土地1建物1車位0,二層，陽臺,四層,公寓(5樓含以下無電梯),住家用,620926.0,102.48,0,1,1,有,無,24800000,241998.0,,0.0,0,,RPRNMLLKQHJGFDA77DA,102.48,0.0,0.0,無,,51.0
松山區,房地(土地+建物),八德路四段６１號二樓,30.75,住,,,1130731,土地1建物1車位0,二層，陽臺,四層,公寓(5樓含以下無電梯),住家用,620926.0,98.92,2,2,1,有,無,22680000,229276.0,,0.0,0,,RPUNMLPKQHJGFDA48DA,98.92,0.0,0.0,無,,51.0
松山區,房地(土地+建物),健康路３５巷１３號七樓,35.89,住,,,1130713,土地1建物1車位0,七層,十一層,住宅大樓(11層含以上有電梯),住家用,860728.0,168.69,3,2,2,有,有,46450000,275357.0,,0.0,0,,RPROMLQLQHJGFDA48DA,87.24,2.42,7.96,有,725.0,27.0
松山區,房地(土地+建物)+車位,三民路２９巷１號十樓之３,44.54,住,,,1130721,土地2建物1車位1,十層,十四層,住宅大樓(11層含以上有電梯),住家用,931111.0,209.3,4,2,2,有,有,57500000,274725.0,坡道平面,0.0,0,,RPPOMLNJRHJGFDA87DA,117.04,4.07,11.24,有,,20.0
北投區,房地(土地+建物)+車位,行義路１７巷３號,70.16,住,,,1130713,土地6建物1車位1,一層,四層,公寓(5樓含以下無電梯),住家用,670506.0,140.43,3,2,2,有,無,24500000,174464.0,升降平面,0.0,0,其他增建；,RPWOMLTJQHJGFEA56DA,84.41,11.62,0.0,無,,46.0
士林區,房地(土地+建物),重慶北路四段１９０巷５弄７號三樓,38.76,住,,,1130731,土地1建物1車位0,三層,四層,公寓(5樓含以下無電梯),住家用,580321.0,99.76,3,2,1,有,無,14500000,145349.0,,0.0,0,陽台外推；,RPSNMLMJRHJGFEA08DA,84.51,0.0,15.25,無,726.0,55.0
北投區,房地(土地+建物),大業路２８０巷９弄９之１號四樓,33.5,住,,,1130721,土地2建物1車位0,四層,四層,公寓(5樓含以下無電梯),住家用,661111.0,90.49,3,2,1,有,無,19800000,218809.0,,0.0,0,其他增建:鐵窗頂樓加蓋；其他增建；,RPQNMLMJRHJGFEA97EA,79.6,0.0,10.89,無,,47.0
文山區,房地(土地+建物),木新路三段２２２號,38.5,住,,,1130709,土地1建物1車位0,一層，騎樓，露台,四層,公寓(5樓含以下無電梯),住家用,630816.0,107.56,3,1,2,有,無,43000000,399777.0,,0.0,0,其他增建；,RPOOMLMLPHJGFAA37DA,107.56,0.0,0.0,無,,50.0
文山區,房地(土地+建物)+車位,木柵路三段８５巷８弄３號四樓之２,15.31,住,,,1130726,土地1建物1車位1,四層,十二層,住宅大樓(11層含以上有電梯),住家用,1120829.0,99.03,2,2,2,有,有,25560000,272290.0,塔式車位,11.77,1800000,,RPTNMLRLQHJGFAA38DA,52.49,0.0,4.97,有,731.0,1.0
文山區,房地(土地+建物),光輝路１１２巷５弄６號十樓,11.47,住,,,1130703,土地2建物1車位0,十層,十層,華廈(10層含以下有電梯),住家用,950330.0,112.13,1,1,1,有,有,13800000,123071.0,,0.0,0,陽台外推；,RPRNMLOJRHJGFAA77DA,22.87,4.41,3.67,有,,18.0
大同區,房地(土地+建物),重慶北路三段１３６巷４１號二樓,22.25,住,,,1130723,土地1建物1車位0,二層,四層,公寓(5樓含以下無電梯),住家用,590628.0,74.67,2,2,1,有,無,16400000,219633.0,,0.0,0,其他增建；,RPWNMLNKQHJGFBA28DA,74.67,0.0,0.0,無,734.0,54.0
中山區,房地(土地+建物)+車位,建國北路二段２２０號十二樓之１,17.43,住,,,1130718,土地2建物1車位2,十二層,十五層,住宅大樓(11層含以上有電梯),住家用,990924.0,240.88,4,2,2,有,有,53000000,307452.0,坡道平面,87.36,5800000,,RPPOMLSJQHJGFCA18DA,91.21,7.21,4.85,有,736.0,14.0
內湖區,房地(土地+建物)+車位,金龍路２４９號五樓,96.26,住,,,1130714,土地2建物1車位1,五層，電梯樓梯間,十五層,住宅大樓(11層含以上有電梯),住家用,851115.0,189.21,4,2,2,有,有,37660000,199038.0,坡道平面,0.0,0,,RPQOMLMKQHJGFCA77DA,122.35,2.56,8.78,有,,28.0
內湖區,房地(土地+建物)+車位,民權東路六段４１５號三樓之１,31.99,住,,,1130709,土地1建物1車位1,三層,十一層,住宅大樓(11層含以上有電梯),住家用,890915.0,185.14,3,2,2,有,有,34080000,184077.0,坡道平面,44.88,0,,RPRNMLOKQHJGFCA97DA,100.95,0.0,11.01,有,,24.0
內湖區,房地(土地+建物)+車位,星雲街１２５號十一樓,30.5,住,,,1130706,土地1建物1車位1,十一層,十四層,住宅大樓(11層含以上有電梯),住家用,931222.0,216.45,3,2,2,有,有,63580000,322877.0,坡道平面,33.47,4500000,陽台外推；其他增建；,RPPOMLKLQHJGFCA57DA,109.04,5.55,12.51,有,737.0,20.0
中山區,房地(土地+建物),明水路３９７巷７弄２５號十四樓之１,16.91,住,,,1130702,土地1建物1車位0,十四層,十四層,住宅大樓(11層含以上有電梯),住家用,830614.0,81.12,2,2,1,有,有,26300000,324211.0,,0.0,0,陽台外推；其他增建；,RPPOMLMJRHJGFCA67DA,60.96,1.2,8.71,有,,30.0
內湖區,房地(土地+建物)+車位,新明路４５８號五樓之２,9.98,住,,,1130728,土地1建物1車位1,五層,十三層,住宅大樓(11層含以上有電梯),住家用,1121129.0,85.28,0,0,0,無,有,12680000,202268.0,升降平面,31.49,1800000,,RPSOMLNJRHJGFCA08DA,31.78,0.0,1.63,有,740.0,1.0
信義區,房地(土地+建物),逸仙路４２巷３號,65.75,住,,,1130722,土地3建物2車位0,一層,七層,華廈(10層含以下有電梯),住家用,710529.0,328.12,0,2,2,有,無,85000000,259052.0,,0.0,0,其他增建；,RPTPMLTKQHJGFDA98DA,247.81,25.89,0.0,有,,42.0
南港區,房地(土地+建物)+車位,重陽路４９１號二樓,37.68,住,,,1130712,土地1建物1車位1,二層,七層,華廈(10層含以下有電梯),住家用,980119.0,124.2,2,2,1,有,有,28500000,229469.0,坡道平面,40.14,0,,RPWPMLTKQHJGFDA66DA,48.97,4.82,4.81,有,742.0,15.0
信義區,房地(土地+建物),林口街２２４號二樓,36.61,住,,,1130717,土地2建物1車位0,二層,四層,公寓(5樓含以下無電梯),住家用,660720.0,95.82,5,2,1,有,無,23000000,240033.0,,0.0,0,陽台外推；其他增建；,RPTNMLMJRHJGFDA08DA,90.69,0.0,5.13,無,,47.0
士林區,房地(土地+建物),中社路二段１７巷１５號,196.25,住,,,1130716,土地1建物1車位0,全,一層,透天厝,住家用,640801.0,103.75,4,2,2,有,無,17000000,163855.0,,0.0,0,其他增建；,RPTOMLMKQHJGFEA28DA,103.75,0.0,0.0,無,,49.0
士林區,房地(土地+建物)+車位,士商路５號十一樓,48.24,住,,,1130723,土地1建物2車位1,十一層,十三層,住宅大樓(11層含以上有電梯),住家用,890328.0,207.92,4,2,2,有,有,45880000,220662.0,坡道平面,46.0,0,其他增建；,RPQOMLOKQHJGFEA18DA,104.6,0.0,10.89,有,,24.0
士林區,房地(土地+建物)+車位,中山北路七段１１４巷４１弄１７號三樓,62.85,住,,,1130707,土地1建物1車位1,三層,六層,華廈(10層含以下有電梯),住家用,850325.0,164.57,3,2,2,有,無,30200000,183509.0,坡道平面,0.0,0,陽台外推；,RPPOMLKMQHJGFEA87DA,86.84,2.56,11.36,有,745.0,28.0
北投區,房地(土地+建物)+車位,稻香路２５３號二樓,73.01,住,,,1130723,土地1建物1車位1,二層,五層,華廈(10層含以下有電梯),住家用,1101015.0,167.6,3,2,2,有,有,27450000,200079.0,坡道平面,40.9,2100000,含裝潢設備及家電,RPXNMLNJRHJGFEA68DA,71.36,6.93,4.31,有,,3.0
北投區,房地(土地+建物)+車位,稻香路２４７號三樓,73.84,住,,,1130730,土地1建物1車位1,三層,五層,華廈(10層含以下有電梯),住家用,1101015.0,169.01,3,2,2,有,有,26100000,187339.0,坡道平面,40.9,2100000,含裝潢設備及家電,RPPOMLNJRHJGFEA97DA,69.96,7.59,5.95,有,,3.0
北投區,房地(土地+建物)+車位,稻香路１６１巷１６弄２之５號三樓,67.58,住,,,1130718,土地1建物1車位1,三層,五層,華廈(10層含以下有電梯),住家用,1100902.0,158.52,3,2,2,有,有,28360000,213288.0,坡道平面,35.4,2100000,含裝潢設備及家電,RPQOMLNJRHJGFEA08DA,70.32,4.0,5.91,有,,3.0
士林區,房地(土地+建物)+車位,菁山路１００號二樓,57.19,住,,,1130728,土地1建物1車位1,二層，三層,十一層,住宅大樓(11層含以上有電梯),住家用,881124.0,134.70999999999998,3,2,2,有,有,17200000,127682.0,坡道平面,0.0,0,,RPXNMLOJRHJGFEA78DA,75.58,1.61,7.02,有,,25.0
大安區,房地(土地+建物)+車位,敦化南路一段１８７巷３７號五樓之５,31.88,住,,,1130716,土地1建物1車位1,五層，六層,八層,華廈(10層含以下有電梯),住家用,840809.0,162.09,4,2,3,有,有,45880000,283053.0,升降平面,0.0,2500000,其他增建；,RPVNMLMLQHJGFFA58DA,92.89,1.58,11.23,有,748.0,29.0
信義區,房地(土地+建物),吳興街６００巷７６弄１１８號四樓,37.52,住,,,1130731,土地2建物1車位0,四層,五層,公寓(5樓含以下無電梯),住家用,731016.0,101.75,3,2,2,有,無,14650000,143980.0,,0.0,0,,RPRNMLNJRHJGFDA08EA,90.75,0.0,11.0,無,750.0,40.0
信義區,房地(土地+建物),吳興街６００巷３７弄９號二樓,35.25,住,,,1130719,土地1建物1車位0,二層,四層,公寓(5樓含以下無電梯),住家用,670328.0,104.88,3,2,2,有,無,18530000,176678.0,,0.0,0,,RPSNMLOJRHJGFDA28EA,89.44,0.0,15.44,無,,46.0
大安區,房地(土地+建物),仁愛路四段３４５巷１５弄１３號四樓,27.84,住,,,1130710,土地1建物1車位0,四層,六層,華廈(10層含以下有電梯),住家用,750609.0,138.26,3,2,2,有,有,40000000,289310.0,,0.0,0,陽台外推；,RPPNMLOJRHJGFFA18EA,114.16,0.0,12.3,有,,38.0
大安區,房地(土地+建物),和平東路三段４０６巷３號,32.2,住,,,1130724,土地1建物1車位0,一層,五層,公寓(5樓含以下無電梯),住家用,680704.0,111.1,0,0,2,有,無,39000000,351035.0,,0.0,0,地下室可以使用其他增建；,RPQNMLOJRHJGFFA28EA,96.4,14.7,0.0,無,752.0,45.0
文山區,房地(土地+建物),興隆路三段２０７巷１６弄１０號,24.12,住,,,1130717,土地1建物1車位0,一層,五層,公寓(5樓含以下無電梯),住家用,730830.0,92.44,4,0,4,有,有,17000000,183903.0,,0.0,0,陽台外推；其他增建；,RPSOMLLJQHJGFAA57DA,68.65,6.53,6.25,無,,40.0
文山區,房地(土地+建物),景華街１２８巷３弄１３號,23.64,住,,,1130725,土地3建物1車位0,一層,五層,公寓(5樓含以下無電梯),住家用,730130.0,88.32,3,2,2,有,無,19000000,215127.0,,0.0,0,陽台外推；,RPSNMLRLQHJGFAA28DA,66.57,13.29,0.0,無,,40.0
文山區,房地(土地+建物),興隆路三段１１２巷２弄１９號五樓,31.53,住,,,1130719,土地1建物1車位0,五層,五層,公寓(5樓含以下無電梯),住家用,690201.0,101.12,4,0,4,有,有,18000000,178006.0,,0.0,0,陽台外推；頂樓加蓋；,RPTOMLKMQHJGFAA87DA,88.42,0.0,12.7,無,,44.0
文山區,房地(土地+建物),辛亥路五段５５巷１２號四樓,32.62,住,,,1130727,土地6建物1車位0,四層,五層,公寓(5樓含以下無電梯),住家用,710907.0,105.78,3,2,2,有,無,15450000,146058.0,,0.0,0,陽台外推；,RPSNMLQJRHJGFAA08DA,90.35,0.0,15.43,無,,42.0
萬華區,房地(土地+建物),西園路二段３２０巷３６弄３６號,17.51,住,,,1130715,土地1建物1車位0,一層,五層,公寓(5樓含以下無電梯),住家用,601012.0,48.6,3,1,2,有,無,10900000,224280.0,,0.0,0,壹樓空地其他增建；,RPXNMLNLPHJGFBA38DA,48.6,0.0,0.0,無,754.0,53.0
萬華區,房地(土地+建物),中華路二段４１６巷１３號十一樓之３,21.6,住,,,1130727,土地1建物1車位0,十一層,十二層,住宅大樓(11層含以上有電梯),住家用,760316.0,100.53,3,2,2,有,有,19600000,194967.0,,0.0,0,其他增建；,RPSOMLLLQHJGFBA87DA,69.02,0.0,9.07,有,,37.0
大同區,房地(土地+建物)+車位,哈密街５９巷７８弄１０號十樓之２,38.15,住,,,1130721,土地2建物1車位1,十層,十二層,住宅大樓(11層含以上有電梯),住家用,880201.0,166.51,3,2,2,有,有,28500000,171161.0,坡道平面,0.0,0,陽台外推；,RPSOMLQLQHJGFBA38DA,89.37,1.85,9.06,有,,25.0
內湖區,房地(土地+建物),內湖路一段９１巷３１號,27.88,住,,,1130719,土地1建物1車位0,一層,五層,公寓(5樓含以下無電梯),住家用,730319.0,94.45,3,2,2,有,無,23750000,251456.0,,0.0,0,其他增建；,RPWOMLSLQHJGFCA09DA,86.75,7.7,0.0,無,,40.0
內湖區,房地(土地+建物),內湖路一段９１巷２７號,27.88,住,,,1130711,土地1建物1車位0,一層,五層,公寓(5樓含以下無電梯),住家用,730319.0,94.45,3,2,2,有,無,23000000,243515.0,,0.0,0,其他增建；,RPVNMLTLQHJGFCA98DA,86.79,7.66,0.0,無,,40.0
中山區,房地(土地+建物),伊通街８７巷１０號,27.67,住,,,1130714,土地1建物1車位0,一層,三層,公寓(5樓含以下無電梯),住家用,541102.0,75.19,3,2,1,有,無,23000000,305892.0,,0.0,0,其他增建；,RPOQMLKMQHJGFCA77DA,75.19,0.0,0.0,無,,59.0
內湖區,房地(土地+建物)+車位,康寧路三段５６巷１５８號五樓,42.02,住,,,1130710,土地1建物1車位2,五層,十四層,住宅大樓(11層含以上有電梯),住家用,1010801.0,282.23,3,2,2,有,有,58000000,205506.0,坡道平面,0.0,5000000,,RPTOMLOJRHJGFCA28DA,111.76,11.37,13.04,有,758.0,12.0
南港區,房地(土地+建物)+車位,經貿二路２３５巷３８號二樓,19.22,住,,,1130728,土地1建物1車位1,二層,十層,華廈(10層含以下有電梯),住家用,1031002.0,115.1,0,0,0,無,有,28000000,243267.0,坡道平面,12.5,0,,RPVPMLTKQHJGFDA56DA,60.85,2.72,6.94,有,760.0,10.0
信義區,房地(土地+建物),吳興街２８４巷４２號二樓,29.04,住,,,1130728,土地1建物1車位0,二層,五層,公寓(5樓含以下無電梯),住家用,740202.0,117.42,3,2,2,有,無,20800000,177142.0,,0.0,0,,RPXNMLNJRHJGFDA58DA,88.68,0.0,9.3,無,,39.0
北投區,房地(土地+建物),裕民六路１１４巷３６弄５號三樓,38.87,住,,,1130723,土地1建物1車位0,三層，陽臺,四層,公寓(5樓含以下無電梯),住家用,650419.0,115.53,3,2,2,有,無,23100000,199948.0,,0.0,0,陽台外推；其他增建；,RPPNMLQJQHJGFEA08DA,115.53,0.0,0.0,無,,48.0
士林區,房地(土地+建物)+車位,中山北路六段４４１巷３０號二樓,26.72,住,,,1130711,土地1建物1車位2,二層,十七層,住宅大樓(11層含以上有電梯),住家用,1130306.0,211.84,0,0,0,無,有,61860000,387265.0,坡道平面,70.18,7000000,,RPPOMLNKQHJGFEA97DA,80.35,5.95,5.87,有,,
士林區,房地(土地+建物)+車位,雨農路１７之３號五樓,67.5,住,,,1130713,土地2建物1車位1,五層,七層,華廈(10層含以下有電梯),住家用,730113.0,204.41,4,2,2,有,有,37500000,183455.0,坡道平面,0.0,0,陽台外推；,RPPNMLRKQHJGFEA28DA,156.52,0.0,23.41,有,,41.0
士林區,房地(土地+建物)+車位,中山北路六段４４１巷３０號六樓之３,26.72,住,,,1130730,土地1建物1車位2,六層,十七層,住宅大樓(11層含以上有電梯),住家用,1130306.0,211.89,0,0,0,無,有,60900000,381194.0,坡道平面,70.22,6900000,,RPUNMLMLQHJGFEA38DA,80.38,5.95,5.87,有,,
士林區,房地(土地+建物)+車位,中山北路六段４４１巷３０號二樓之１,44.96,住,,,1130727,土地1建物1車位3,二層,十七層,住宅大樓(11層含以上有電梯),住家用,1130306.0,344.96,0,0,0,無,有,103000000,385915.0,坡道平面,105.27,10500000,,RPXNMLMLQHJGFEA68DA,131.53,8.27,16.15,有,,
士林區,房地(土地+建物)+車位,中山北路六段４４１巷３０號九樓之３,26.72,住,,,1130710,土地1建物1車位2,九層,十七層,住宅大樓(11層含以上有電梯),住家用,1130306.0,211.89,0,0,0,無,有,64680000,407172.0,坡道平面,70.22,7000000,,RPQOMLQLQHJGFEA48DA,80.38,5.95,5.87,有,,
北投區,房地(土地+建物)+車位,三合街一段７９巷３６號六樓,45.34,住,,,1130715,土地1建物1車位2,六層,九層,華廈(10層含以下有電梯),住家用,1050712.0,305.65,4,2,3,有,有,59100000,249137.0,坡道平面,88.5,5000000,,RPOOMLTLQHJGFEA58DA,125.74,2.79,12.36,有,762.0,8.0
北投區,房地(土地+建物),行義路１５４巷１９弄１號五樓,34.53,住,,,1130722,土地1建物1車位0,五層,五層,公寓(5樓含以下無電梯),住家用,750207.0,139.08,3,2,2,有,無,14150000,101740.0,,0.0,0,陽台加窗。陽台外推；頂樓加蓋；其他增建；,RPROMLOJRHJGFEA28DA,116.95,0.0,12.89,無,,38.0
大安區,房地(土地+建物),建國南路一段３１９號十四樓,12.14,住,,,1130715,土地1建物1車位0,十四層,十四層,住宅大樓(11層含以上有電梯),住家用,750520.0,92.02,3,2,2,有,有,33380000,362787.0,,0.0,0,陽台外推；頂樓加蓋；其他增建；,RPWOMLLJQHJGFFA48DA,66.2,0.7,10.29,有,,38.0
中山區,房地(土地+建物),安東街１９號三樓之５、三樓之６,12.52,住,,,1130731,土地1建物1車位0,三層,七層,華廈(10層含以下有電梯),住家用,700905.0,60.84,3,2,1,有,無,19000000,312295.0,,0.0,0,陽台外推；,RPPNMLOJRHJGFCA87EA,38.33,0.0,7.1,有,763.0,43.0
北投區,房地(土地+建物),知行路３１６巷２２弄１５號二樓,31.94,住,,,1130719,土地3建物1車位0,二層,五層,公寓(5樓含以下無電梯),住家用,731127.0,121.44,4,2,2,有,有,20430000,168231.0,,0.0,0,具重建或重劃、都更等效益；,RPQNMLPKQHJGFEA28EA,105.94,0.0,11.52,無,766.0,40.0
中正區,房地(土地+建物),中華路二段７５巷１弄８號三樓,24.61,住,,,1130713,土地1建物1車位0,三層，陽臺,七層,華廈(10層含以下有電梯),住家用,630912.0,121.31,3,2,2,有,有,27000000,222570.0,,0.0,0,其他增建；,RPWNMLKMPHJGFAA97DA,103.39,0.0,0.0,有,,50.0
中正區,房地(土地+建物)+車位,汀州路二段２７３號二樓,15.38,住,,,1130712,土地1建物1車位1,二層,十層,華廈(10層含以下有電梯),住家用,1051209.0,119.6,1,2,1,有,有,30800000,371501.0,坡道平面,44.23,2800000,,RPQOMLKMQHJGFAA57DA,45.13,0.0,4.84,有,,8.0
文山區,房地(土地+建物)+車位,福興路９０號五樓之１,16.4,住,,,1130730,土地1建物1車位1,五層,九層,華廈(10層含以下有電梯),住家用,840207.0,69.03,2,1,1,有,有,12520000,181370.0,坡道機械,0.0,1500000,車位面積無法概算。其他增建；,RPPNMLQJRHJGFAA77DA,37.47,2.25,3.41,有,,29.0
文山區,房地(土地+建物),辛亥路四段７７巷９２弄１１號十樓之９,26.47,住,,,1130727,土地3建物1車位0,十層,十四層,住宅大樓(11層含以上有電梯),住家用,920922.0,43.28,0,1,1,有,有,10150000,234519.0,,0.0,0,與大安區辛亥段四小段615-1、615-2、762-1地號一併移轉，同一價格。陽台外推；,RPPOMLQJRHJGFAA87DA,25.97,0.0,3.82,有,,21.0
萬華區,房地(土地+建物),長順街４３號四樓,19.25,住,,,1130727,土地1建物1車位0,四層,四層,公寓(5樓含以下無電梯),住家用,601209.0,64.81,3,2,1,有,無,10500000,162012.0,,0.0,0,後陽台外推頂樓加蓋；其他增建；,RPPNMLKMQHJGFBA47DA,59.79,0.0,5.02,無,,53.0
內湖區,房地(土地+建物)+車位,民權東路六段２９６巷６０號二樓,35.77,住,,,1130712,土地1建物1車位1,二層,五層,公寓(5樓含以下無電梯),住家用,780417.0,141.91,3,2,2,有,無,21400000,150800.0,坡道平面,0.0,0,其他增建；,RPOPMLNJRHJGFCA77DA,127.92,0.0,10.28,無,,35.0
內湖區,房地(土地+建物),康樂街６１巷１２弄８號五樓,24.66,住,,,1130715,土地1建物1車位0,五層,五層,公寓(5樓含以下無電梯),住家用,741230.0,87.64,3,2,1,有,無,14550000,166020.0,,0.0,0,陽台外推；頂樓加蓋；,RPRNMLOJRHJGFCA97DA,73.96,0.0,7.37,無,,39.0
信義區,房地(土地+建物),崇德街３８巷１７號二樓,30.13,住,,,1130720,土地1建物1車位0,二層,五層,公寓(5樓含以下無電梯),住家用,741106.0,117.66,3,2,2,有,無,25100000,213327.0,,0.0,0,其他增建；,RPRNMLQJQHJGFDA18DA,94.2,1.63,9.2,無,,39.0
南港區,房地(土地+建物)+車位,三重路４１巷３７號七樓之１,26.47,住,,,1130729,土地1建物1車位1,七層,十三層,住宅大樓(11層含以上有電梯),住家用,1010119.0,230.33,3,2,2,有,有,54880000,269431.0,坡道平面,35.92,2500000,,RPVNMLPKQHJGFDA58DA,101.87,13.62,16.52,有,,13.0
信義區,房地(土地+建物),忠孝東路五段７１巷３弄１３號二樓,36.25,住,,,1130714,土地1建物1車位0,二層,四層,公寓(5樓含以下無電梯),住家用,631014.0,101.78,3,2,2,有,無,30000000,294753.0,,0.0,0,其他增建；,RPSOMLLLQHJGFDA08DA,88.01,0.0,13.77,無,,50.0
信義區,房地(土地+建物),吳興街３６８巷１之２號二樓之１,10.47,住,,,1130730,土地1建物1車位0,二層,五層,華廈(10層含以下有電梯),住家用,800121.0,44.7,1,1,1,有,有,11000000,246085.0,,0.0,0,陽台外推；,RPTNMLQJRHJGFDA48DA,33.07,0.0,2.95,有,,34.0
士林區,房地(土地+建物),忠義街１１３之１號六樓,28.26,住,,,1130711,土地1建物1車位0,六層,七層,華廈(10層含以下有電梯),住家用,731205.0,111.59,3,2,2,有,有,24800000,222242.0,,0.0,0,其他增建；,RPUNMLQLPHJGFEA68DA,90.59,0.44,6.77,有,,40.0
士林區,房地(土地+建物),福港街２７７巷１０弄１號三樓,39.4,住,,,1130720,土地1建物1車位0,三層,四層,公寓(5樓含以下無電梯),住家用,671019.0,108.76,3,2,2,有,無,19900000,182972.0,,0.0,0,陽台外推；其他增建；,RPTNMLRJQHJGFEA58DA,94.76,0.0,14.0,無,,46.0
北投區,房地(土地+建物),大業路２８０巷９弄１２之１號三樓,28.46,住,,,1130731,土地1建物1車位0,三層,四層,公寓(5樓含以下無電梯),住家用,671223.0,75.36,3,2,2,有,無,15750000,208997.0,,0.0,0,陽台外推；其他增建；,RPWNMLLLQHJGFEA48DA,66.31,0.0,9.05,無,,46.0
士林區,房地(土地+建物)+車位,德行東路３１號三樓,10.04,住,,,1130721,土地1建物1車位1,三層,七層,華廈(10層含以下有電梯),住家用,1101224.0,69.35,1,1,1,有,有,20680000,336805.0,其他,12.7,1600000,,RPPOMLPJRHJGFEA18DA,24.42,5.96,1.6,有,,3.0
大安區,房地(土地+建物),師大路６８巷２７號二樓之１,6.41,住,,,1130722,土地1建物1車位0,二層,六層,華廈(10層含以下有電梯),住家用,960215.0,31.88,1,0,1,有,有,13800000,432873.0,,0.0,0,,RPUOMLTJQHJGFFA09DA,12.79,3.36,0.0,有,,17.0
內湖區,房地(土地+建物),星雲街１６８巷３７號,15.72,住,,,1130710,土地1建物1車位0,一層,二十一層,住宅大樓(11層含以上有電梯),住家用,860124.0,63.58,2,1,2,有,有,15000000,235923.0,,0.0,0,夾層；,RPTNMLPJRHJGFCA38EA,49.68,0.0,0.0,有,,27.0
士林區,建物,社子街１０７巷４號,0.0,,,,1130718,土地0建物1車位0,一層,四層,公寓(5樓含以下無電梯),住家用,620917.0,80.53,3,1,1,有,無,3800000,47187.0,,0.0,0,建物坐落地號：永新段一小段318地號；,RPRNMLPJRHJGFEA38EA,80.53,0.0,0.0,無,,51.0
北投區,房地(土地+建物)+車位,幽雅路７號七樓之１７,16.43,,,,1130723,土地1建物1車位1,七層,十三層,住宅大樓(11層含以上有電梯),住家用,980205.0,123.53,1,1,2,有,有,13770000,126321.0,坡道機械,23.23,1100000,,RPPNMLTJRHJGFEA58EA,59.12,4.21,0.0,有,,15.0
松山區,房地(土地+建物),南京東路三段３３５巷２３號三樓之７,4.78,住,,,1130602,土地3建物1車位0,三層,七層,華廈(10層含以下有電梯),住家用,740819.0,29.68,1,1,1,有,有,10680000,359838.0,,0.0,0,陽台外推；,RPPNMLNKOHJGFDA67EA,16.32,0.0,3.28,有,776.0,39.0
士林區,房地(土地+建物),承德路四段４０巷２號六樓之１,1.6,住,,,1130601,土地1建物1車位0,五層,五層,公寓(5樓含以下無電梯),住家用,591008.0,4.5,1,1,1,有,無,800000,177778.0,,0.0,0,,RPPNMLRKOHJGFEA18EA,4.1,0.23,0.17,無,,54.0
萬華區,房地(土地+建物),青年路１６８巷２弄３３號四樓之２,11.75,住,,,1130605,土地1建物1車位0,四層,五層,公寓(5樓含以下無電梯),住家用,640523.0,38.37,2,1,1,有,有,4650000,121188.0,,0.0,0,,RPRNMLOJOHJGFBA57DA,32.51,0.0,0.0,無,,49.0
南港區,房地(土地+建物),南深路２３巷１８號三樓,43.96,住,,,1130601,土地1建物1車位0,三層,四層,公寓(5樓含以下無電梯),住家用,700331.0,90.49,5,0,5,有,無,13800000,152503.0,,0.0,0,陽台外推；,RPOOMLRJOHJGFDA87DA,80.71,0.0,9.78,無,799.0,43.0
內湖區,房地(土地+建物)+車位,陽光街１６１巷１２之１１號,19.48,住,,,1130608,土地1建物1車位1,一層,五層,華廈(10層含以下有電梯),住家用,1080716.0,40.18,1,1,1,有,有,13450000,334744.0,塔式車位,0.0,1800000,陽台外推；其他增建；,RPQPMLTKOHJGFCA38DA,23.02,0.0,0.0,有,817.0,5.0
中山區,房地(土地+建物),遼寧街１０１巷２５號四樓,26.66,住,,,1130603,土地1建物1車位0,四層,七層,華廈(10層含以下有電梯),住家用,940802.0,85.9,2,1,1,有,無,24500000,285215.0,,0.0,0,,RPSPMLTKOHJGFCA58DA,49.11,0.0,8.78,有,,19.0
北投區,房地(土地+建物),吉利街６４號,31.25,住,,,1130611,土地1建物1車位0,二層，陽臺,四層,公寓(5樓含以下無電梯),住家用,641002.0,111.0,3,2,2,有,無,19500000,175676.0,,0.0,0,,RPPOMLMKOHJGFEA67DA,111.0,0.0,0.0,無,824.0,49.0
中山區,房地(土地+建物),新生北路三段６１號四樓之６,13.63,住,,,1130617,土地4建物1車位0,四層,九層,華廈(10層含以下有電梯),住家用,650907.0,92.12,2,2,1,有,有,16000000,173686.0,,0.0,0,,RPQNMLLLOHJGFCA57EA,71.66,0.0,7.14,有,827.0,48.0
文山區,房地(土地+建物)+車位,羅斯福路六段１６６巷１號六樓,20.86,住,,,1130615,土地1建物1車位1,六層,十二層,住宅大樓(11層含以上有電梯),住家用,1111215.0,152.09,2,2,1,有,有,33580000,288174.0,升降平面,42.33,1950000,,RPRNMLPKOHJGFAA67DA,67.03,3.32,4.59,有,,2.0
士林區,房地(土地+建物),社中街２４９號三樓,31.25,住,,,1130603,土地1建物1車位0,三層，陽台,四層,公寓(5樓含以下無電梯),住家用,650729.0,88.26,2,2,1,有,無,15400000,174484.0,,0.0,0,其他增建；,RPPRMLQJOHJGFEA28DA,88.26,0.0,0.0,無,831.0,48.0
北投區,房地(土地+建物),幽雅路７號七樓之５,6.16,,,,1130601,土地1建物1車位0,七層,十三層,住宅大樓(11層含以上有電梯),住家用,980205.0,38.17,1,0,1,有,有,5500000,144092.0,,0.0,0,陽台外推；,RPTOMLRJOHJGFEA48DA,18.2,1.14,4.76,有,832.0,15.0
中正區,房地(土地+建物),信義路二段１６１巷２弄１號三樓,4.93,住,,,1130601,土地1建物1車位0,三層,七層,華廈(10層含以下有電梯),住家用,971016.0,24.91,1,1,1,有,有,13000000,521879.0,,0.0,0,陽台外推；夾層；其他增建；,RPUOMLKLOHJGFBA77DA,12.31,0.99,2.46,有,,16.0
內湖區,房地(土地+建物),內湖路一段２８５巷６９弄２４號,17.98,住,,,1130604,土地2建物1車位0,一層,七層,華廈(10層含以下有電梯),住家用,701230.0,113.96,3,2,2,有,有,20900000,183398.0,,0.0,0,,RPVOMLKLOHJGFCA97DA,80.0,14.43,0.0,有,839.0,42.0
大安區,房地(土地+建物)+車位,信義路二段１９８巷１８號三樓,53.62,住,,,1130612,土地1建物1車位3,三層,九層,華廈(10層含以下有電梯),住家用,1010910.0,304.28999999999996,3,1,3,有,有,95000000,312202.0,升降機械,0.0,0,,RPSNMLTKOHJGFFA68DA,146.79,9.86,17.19,有,,12.0
大安區,建物,信義路三段１１１巷２２號三樓,0.0,,,,1130612,土地0建物1車位0,三層,四層,公寓(5樓含以下無電梯),住家用,620227.0,183.39,4,2,2,有,無,12000000,65434.0,,0.0,0,建物坐落地號：懷生段二小段545地號；,RPQNMLRLOHJGFFA48EA,158.44,0.0,12.87,無,846.0,51.0
文山區,房地(土地+建物),興隆路一段２５９號,33.0,住,,,1130615,土地1建物1車位0,一層，騎樓，露台,四層,公寓(5樓含以下無電梯),住家用,601124.0,84.3,0,0,0,無,無,26000000,308422.0,,0.0,0,,RPTNMLPLOHJGFAA97DA,84.3,0.0,0.0,無,,53.0
文山區,房地(土地+建物),試院路１４４巷４弄１２號七樓,11.42,住,,,1130611,土地7建物1車位0,七層,七層,華廈(10層含以下有電梯),住家用,840303.0,32.39,1,0,1,有,有,5500000,169805.0,,0.0,0,陽台外推；,RPOOMLQLOHJGFAA67DA,18.3,0.74,2.5,有,857.0,29.0
北投區,房地(土地+建物)+車位,懷德街７５巷３３號八樓之２,39.4,住,,,1130603,土地1建物1車位2,八層,十三層,住宅大樓(11層含以上有電梯),住家用,1000608.0,287.53,4,2,2,有,有,68280000,292475.0,坡道平面,76.64,6600000,,RPQOMLOJOHJGFEA87DA,119.27,10.35,15.68,有,863.0,13.0
大安區,房地(土地+建物),延吉街１６６號三樓,14.44,住,,,1130604,土地1建物1車位0,三層,七層,華廈(10層含以下有電梯),住家用,701231.0,82.47,2,2,1,有,無,25100000,304353.0,,0.0,0,陽台外推；,RPROMLOLOHJGFFA28DA,55.79,0.0,15.83,有,,42.0
文山區,房地(土地+建物),興隆路二段９６巷２弄８號二樓,31.5,住,,,1130619,土地1建物1車位0,二層,五層,公寓(5樓含以下無電梯),住家用,690616.0,104.79,3,2,2,有,無,15000000,143143.0,,0.0,0,,RPQNMLTKOHJGFAA97DA,88.07,0.0,9.0,無,,44.0
南港區,房地(土地+建物),研究院路二段１８０巷１７號四樓,22.5,住,,,1130602,土地1建物1車位0,四層，陽台,四層,公寓(5樓含以下無電梯),住家用,630701.0,74.03,3,2,1,有,無,9900000,133730.0,,0.0,0,買賣標的包括:房屋頂樓加蓋全部鐵皮屋以現況交屋，賣方不負物之瑕疵擔保責任,RPTOMLOJOHJGFDA08DA,74.03,0.0,0.0,無,,50.0
信義區,房地(土地+建物),信安街１０３巷３號二樓,31.0,住,,,1130602,土地1建物1車位0,二層，陽台,四層,公寓(5樓含以下無電梯),住家用,631007.0,82.07,3,2,2,有,無,19450000,236993.0,,0.0,0,陽台外推；其他增建；,RPRNMLSJOHJGFDA18DA,82.07,0.0,0.0,無,,50.0
信義區,房地(土地+建物),永吉路１２０巷４３弄１之１號四樓,29.5,住,,,1130605,土地3建物1車位0,四層，陽台,四層,公寓(5樓含以下無電梯),住家用,621231.0,86.52,3,2,1,有,無,21000000,242718.0,,0.0,0,,RPOOMLLLOHJGFDA57EA,86.52,0.0,0.0,無,,50.0
文山區,房地(土地+建物),恆光街１７巷１３之１號二樓,23.62,住,,,1130601,土地2建物1車位0,二層,五層,公寓(5樓含以下無電梯),住家用,670629.0,82.09,3,2,1,有,無,11880000,144719.0,,0.0,0,其他增建；,RPPOMLOLOHJGFAA57DA,69.85,0.0,12.24,無,880.0,46.0
北投區,房地(土地+建物),吉利街２５７巷３弄１０號,34.25,住,,,1130602,土地2建物1車位0,一層，平台,四層,公寓(5樓含以下無電梯),住家用,661111.0,90.02,4,2,2,有,無,22280000,247501.0,,0.0,0,其他增建；,RPWNMLLKOHJGFEA18DA,90.02,0.0,0.0,無,,47.0
士林區,房地(土地+建物),中山北路五段７１１號,24.0,住,,,1130613,土地1建物1車位0,全,三層,透天厝,住家用,540701.0,68.28,0,3,1,有,無,21000000,307557.0,,0.0,0,,RPRNMLSLOHJGFEA48DA,57.4,7.91,2.97,無,,59.0
內湖區,房地(土地+建物),康樂街１３６巷２９弄５１號二樓,28.05,住,,,1130606,土地1建物1車位0,二層,五層,公寓(5樓含以下無電梯),住家用,750616.0,107.55,3,2,2,有,無,15900000,147838.0,,0.0,0,,RPPNMLLJPHJGFCA37EA,88.55,0.0,8.92,無,902.0,38.0
北投區,房地(土地+建物),大業路３００巷２５之１號三樓,27.0,住,,,1130606,土地1建物1車位0,三層,四層,公寓(5樓含以下無電梯),住家用,661004.0,91.56,3,1,1,有,無,13800000,150721.0,,0.0,0,,RPPNMLLJPHJGFEA57EA,84.16,0.0,7.4,無,,47.0
文山區,房地(土地+建物),木柵路一段１１７巷２弄４號五樓,22.14,住,,,1130602,土地2建物1車位0,五層,五層,華廈(10層含以下有電梯),住家用,840710.0,82.73,2,2,1,有,無,13280000,160522.0,,0.0,0,,RPXNMLRLOHJGFAA58DA,49.52,13.44,5.82,有,,29.0
信義區,房地(土地+建物)+車位,松仁路２２８巷７弄１６號五樓,24.12,住,,,1130606,土地3建物1車位1,五層,十五層,住宅大樓(11層含以上有電梯),住家用,831130.0,179.32999999999998,4,2,2,有,有,41500000,276382.0,坡道平面,40.03,3000000,,RPQNMLMKOHJGFDA57DA,136.43,2.2,12.94,有,,30.0
南港區,房地(土地+建物)+車位,經貿二路２５５巷１號五樓,33.39,住,,,1130602,土地1建物1車位1,五層,十三層,住宅大樓(11層含以上有電梯),住家用,991201.0,164.92000000000002,2,2,2,有,有,36320000,284961.0,坡道平面,47.29,2800000,,RPPQMLRKOHJGFDA28DA,64.91,4.43,8.58,有,,14.0
士林區,房地(土地+建物),天母北路２８巷３９號八樓之２,5.33,住,,,1130617,土地1建物1車位0,八層,九層,華廈(10層含以下有電梯),住家用,970130.0,29.59,1,1,1,有,有,10500000,354850.0,,0.0,0,陽台外推；夾層；其他增建；,RPOOMLLLOHJGFEA57DA,14.79,1.35,2.24,有,917.0,16.0
中正區,房地(土地+建物),晉江街１１２巷１弄５號二樓,39.75,住,,,1130612,土地1建物1車位0,二層,四層,公寓(5樓含以下無電梯),住家用,521002.0,98.0,2,2,2,有,無,16800000,171429.0,,0.0,0,陽台外推；,RPSNMLMLNHJGFAA57EA,98.0,0.0,0.0,無,,61.0
中正區,房地(土地+建物)+車位,汀州路一段１８０號六樓之３,16.51,住,,,1130601,土地1建物1車位1,六層,十層,華廈(10層含以下有電梯),住家用,990108.0,126.42000000000002,2,1,1,有,有,23880000,188894.0,坡道平面,44.62,0,,RPWNMLLJPHJGFAA77DA,46.32,4.32,5.63,有,,14.0
中正區,房地(土地+建物),仁愛路二段９巷１７號五樓之２,6.35,住,,,1130614,土地2建物1車位0,五層,七層,華廈(10層含以下有電梯),住家用,971114.0,30.84,1,1,1,有,有,10000000,324254.0,,0.0,0,土地增值稅由買方負擔,RPPOMLOKOHJGFBA57DA,13.08,0.87,3.28,有,,16.0
信義區,房地(土地+建物),吳興街５２４巷２１號七樓之３,16.58,住,,,1130607,土地1建物1車位0,七層,八層,華廈(10層含以下有電梯),住家用,1130122.0,63.120000000000005,0,2,1,有,無,19400000,307351.0,,0.0,0,,RPPOMLTKOHJGFDA28DA,34.29,3.52,2.69,有,,
文山區,房地(土地+建物)+車位,木柵路一段５９巷１６號八樓,38.8,住,,,1130601,土地1建物1車位1,八層,十二層,住宅大樓(11層含以上有電梯),住家用,961029.0,216.98,4,2,2,有,有,40880000,200400.0,坡道機械,21.97,1800000,,RPVNMLMKOHJGFAA77DA,105.67,4.68,12.5,有,,17.0
文山區,房地(土地+建物)+車位,政大一街２１０巷５７號三樓,92.25,住,,,1130609,土地1建物1車位1,三層,五層,華廈(10層含以下有電梯),住家用,1000519.0,238.77,3,2,2,有,有,41280000,186586.0,坡道平面,30.93,2500000,陽台外推；其他增建；,RPUOMLMJPHJGFAA77DA,115.6,11.07,15.1,有,,13.0
中山區,房地(土地+建物)+車位,建國北路三段７１號十一樓之３,11.06,住,,,1130602,土地2建物1車位1,十一層,十四層,住宅大樓(11層含以上有電梯),住家用,1041016.0,110.88,2,2,1,有,有,28180000,292486.0,坡道平面,26.49,3500000,夾層；其他增建；,RPPQMLOKOHJGFCA87DA,43.69,0.0,9.71,有,947.0,9.0
中山區,房地(土地+建物)+車位,龍江路３５６巷５０號三樓之１,17.23,住,,,1130601,土地1建物1車位1,三層,八層,華廈(10層含以下有電梯),住家用,1020318.0,98.5,3,1,2,有,有,22500000,240783.0,升降機械,11.7,1600000,夾層；,RPVNMLNJPHJGFCA08DA,44.02,2.52,2.57,有,949.0,11.0
松山區,房地(土地+建物),東興路３１號五樓,33.38,住,,,1130617,土地2建物1車位0,五層,五層,公寓(5樓含以下無電梯),住家用,680227.0,114.2,5,0,5,有,無,26800000,234676.0,,0.0,0,陽台外推；,RPPOMLMJPHJGFDA57DA,100.32,0.0,13.88,無,,45.0
北投區,房地(土地+建物),公路２６５號四樓,30.8,住,,,1130603,土地1建物1車位0,四層,五層,公寓(5樓含以下無電梯),住家用,690530.0,104.43,3,2,2,有,無,15300000,146510.0,,0.0,0,陽台外推；其他增建；,RPQNMLRKOHJGFEA18DA,89.05,0.0,15.38,無,,44.0
士林區,房地(土地+建物),文林路６６１巷３９弄３１號六樓,17.28,住,,,1130609,土地1建物1車位0,六層,七層,華廈(10層含以下有電梯),住家用,711008.0,90.73,3,2,2,有,無,23050000,254050.0,,0.0,0,天井陽台外推；其他增建；,RPQNMLMLOHJGFEA77DA,61.53,0.0,6.64,有,,42.0
內湖區,房地(土地+建物),內湖路二段１０３巷９２弄１２號五樓之５,25.2,住,,,1130606,土地2建物1車位0,五層,五層,華廈(10層含以下有電梯),住家用,1120216.0,54.629999999999995,1,1,1,有,有,16100000,294710.0,,0.0,0,,RPQNMLNJPHJGFCA67EA,25.68,4.35,2.94,有,952.0,1.0
士林區,房地(土地+建物)+車位,福志路８６號十五樓,78.39,住,,,1130619,土地1建物1車位3,十五層,十七層,住宅大樓(11層含以上有電梯),住家用,1040303.0,532.3900000000001,3,2,3,有,有,191620000,359924.0,坡道平面,0.0,0,,RPUNMLNJPHJGFEA28EA,236.13,3.56,32.48,有,955.0,9.0
文山區,房地(土地+建物)+車位,福興路９５巷１７之３號九樓,28.6,住,,,1130601,土地1建物1車位2,九層,十層,華廈(10層含以下有電梯),住家用,961121.0,137.26,3,2,2,有,有,22000000,160280.0,坡道機械,37.78,0,陽台外推；,RPPNMLQJOHJGFAA47DA,65.06,2.46,7.09,有,,17.0
文山區,房地(土地+建物),木柵路四段１５９巷１９４號五樓,26.7,住,,,1130609,土地4建物1車位0,五層,五層,公寓(5樓含以下無電梯),住家用,700409.0,100.39,3,2,2,有,無,10900000,108577.0,,0.0,0,頂樓另有增建,RPSNMLOJPHJGFAA67DA,83.06,0.0,17.33,無,,43.0
大同區,房地(土地+建物),大龍街９１巷１２號十樓之８,7.95,住,,,1130605,土地1建物1車位0,十層,十三層,住宅大樓(11層含以上有電梯),住家用,1110422.0,56.09,1,1,1,有,有,16000000,285256.0,,0.0,0,,RPQOMLPJOHJGFBA67DA,34.31,0.0,3.01,有,,2.0
萬華區,房地(土地+建物)+車位,民和街１２０號六樓,35.32,住,,,1130602,土地1建物1車位1,六層,七層,華廈(10層含以下有電梯),住家用,1030916.0,167.88,2,2,2,有,無,30880000,183941.0,塔式車位,21.12,0,陽台外推；,RPSOMLQLOHJGFBA18DA,88.57,9.66,8.16,有,958.0,10.0
萬華區,房地(土地+建物)+車位,萬大路４２３巷２８弄１３號十一樓,33.84,住,,,1130604,土地1建物1車位1,十一層,十四層,住宅大樓(11層含以上有電梯),住家用,870824.0,148.81,2,2,2,有,有,26900000,180767.0,坡道平面,0.0,0,,RPTNMLOJPHJGFBA87DA,76.49,1.53,7.63,有,,26.0
內湖區,房地(土地+建物),安泰街４５巷１４弄２１號五樓,35.16,住,,,1130607,土地2建物1車位0,五層,五層,公寓(5樓含以下無電梯),住家用,730613.0,118.37,4,2,2,有,無,9400000,79412.0,,0.0,0,,RPQNMLRJOHJGFCA87DA,101.3,0.0,8.4,無,,40.0
內湖區,房地(土地+建物)+車位,新豐街５６號十三樓,67.62,住,,,1130603,土地1建物1車位2,十三層,十五層,住宅大樓(11層含以上有電梯),住家用,990505.0,330.85,4,2,3,有,有,69800000,210972.0,坡道平面,56.58,0,,RPROMLTKOHJGFCA38DA,159.88,16.57,12.99,有,,14.0
內湖區,房地(土地+建物),金龍路４７巷２０之１號,30.87,住,,,1130608,土地1建物1車位0,一層,五層,公寓(5樓含以下無電梯),住家用,730330.0,95.15,3,2,1,有,有,18880000,198424.0,,0.0,0,其他增建；,RPPQMLOJPHJGFCA87DA,85.7,9.45,0.0,無,963.0,40.0
南港區,房地(土地+建物),中坡北路４０巷１號三樓,41.75,住,,,1130618,土地1建物1車位0,三層，陽台,四層,公寓(5樓含以下無電梯),住家用,630429.0,95.8,3,2,1,有,無,19000000,198330.0,,0.0,0,,RPXNMLNJPHJGFDA38DA,95.8,0.0,0.0,無,,50.0
南港區,房地(土地+建物),東新街７７巷７號,36.0,住,,,1130613,土地1建物1車位0,一層，騎樓,三層,公寓(5樓含以下無電梯),住家用,590826.0,72.17,2,1,1,有,無,20000000,277123.0,,0.0,0,其他增建；,RPQNMLOJPHJGFDA77DA,72.17,0.0,0.0,無,,54.0
士林區,房地(土地+建物),士東路２６６巷１１弄３之１號三樓,23.51,住,,,1130607,土地4建物1車位0,三層,五層,公寓(5樓含以下無電梯),住家用,700626.0,107.31,3,2,2,有,無,19800000,184512.0,,0.0,0,,RPUOMLRJOHJGFEA58DA,93.95,0.0,13.36,無,,43.0
北投區,房地(土地+建物),明德路３３１巷３６號三樓,23.2,住,,,1130604,土地1建物1車位0,三層,五層,公寓(5樓含以下無電梯),住家用,690408.0,99.51,4,2,2,有,無,20150000,202492.0,,0.0,0,陽台外推；,RPVNMLQLOHJGFEA68DA,92.5,0.0,7.01,無,,44.0
北投區,房地(土地+建物),大興街２３巷３５號四樓,47.0,住,,,1130611,土地1建物1車位0,四層,五層,公寓(5樓含以下無電梯),住家用,770706.0,135.04,3,2,2,有,無,22500000,166617.0,,0.0,0,,RPWNMLNJPHJGFEA38DA,103.1,0.0,11.88,無,967.0,36.0
士林區,房地(土地+建物)+車位,中山北路七段２２０巷５之１號六樓,36.43,住,,,1130608,土地1建物1車位1,六層,六層,華廈(10層含以下有電梯),住家用,750619.0,186.57,3,2,2,有,無,30000000,184181.0,坡道平面,37.26,2500000,含仲介費1000000元；其他 履約保證費:9000元；頂樓加蓋；,RPXNMLNJPHJGFEA48DA,147.86,5.13,11.78,有,,38.0
文山區,房地(土地+建物),景華街１９２巷４號三樓,36.25,住,,,1130602,土地1建物1車位0,三層，電梯樓梯間,四層,公寓(5樓含以下無電梯),住家用,620309.0,68.96,3,2,1,有,無,14700000,213167.0,,0.0,0,其他增建；,RPUQMLRKOHJGFAA48DA,58.44,0.0,10.52,無,972.0,51.0
萬華區,房地(土地+建物),萬大路２１７號四樓,29.5,住,,,1130611,土地1建物1車位0,四層，陽台,四層,公寓(5樓含以下無電梯),住家用,610609.0,95.23,3,2,1,有,無,16500000,173265.0,,0.0,0,陽台外推；頂樓加蓋；其他增建；,RPTNMLSJPHJGFBA28DA,95.23,0.0,0.0,無,,52.0
內湖區,房地(土地+建物)+車位,民權東路六段１９１巷３８弄７號,65.38,住,,,1130611,土地1建物1車位1,一層,五層,公寓(5樓含以下無電梯),住家用,861122.0,124.24,3,2,2,有,有,27000000,251256.0,坡道平面,26.73,2500000,陽台外推；夾層；其他增建；,RPPOMLNJPHJGFCA57DA,67.08,0.0,6.41,無,,27.0
內湖區,房地(土地+建物),安康路４３４巷２２號三樓,32.84,住,,,1130612,土地1建物1車位0,三層,四層,公寓(5樓含以下無電梯),住家用,680919.0,93.02,3,1,1,有,無,12300000,132230.0,,0.0,0,,RPQNMLPJPHJGFCA77DA,79.19,0.0,13.83,無,,45.0
內湖區,房地(土地+建物)+車位,新豐街８６號十樓,31.41,住,,,1130604,土地1建物1車位1,十層,十層,華廈(10層含以下有電梯),住家用,1040522.0,167.05,2,2,1,有,有,41000000,316931.0,坡道平面,47.15,3000000,其他增建；,RPUOMLPJPHJGFCA28DA,63.23,0.9,9.62,有,975.0,9.0
南港區,房地(土地+建物),研究院路二段１５０巷２弄２號四樓,22.25,住,,,1130602,土地1建物1車位0,四層，陽台,四層,公寓(5樓含以下無電梯),住家用,620129.0,67.16,2,2,1,有,無,8750000,130286.0,,0.0,0,,RPUOMLMKOHJGFDA08DA,67.16,0.0,0.0,無,,51.0
松山區,房地(土地+建物),光復南路６６巷２１號四樓,24.0,住,,,1130604,土地1建物1車位0,四層,五層,公寓(5樓含以下無電梯),住家用,750314.0,84.32000000000001,2,2,1,有,無,21500000,254981.0,,0.0,0,,RPPNMLMJPHJGFDA47DA,73.58,0.0,8.06,無,,38.0
信義區,房地(土地+建物),松山路６５６巷２９號四樓,42.69,,,,1130607,土地3建物1車位0,四層,四層,公寓(5樓含以下無電梯),住家用,651209.0,96.25,5,4,3,有,無,17000000,176623.0,,0.0,0,陽台外推；頂樓加蓋；,RPXOMLPJPHJGFDA68DA,51.45,0.0,6.9,無,976.0,47.0
北投區,房地(土地+建物),吉利街３１４巷１號三樓,49.25,住,,,1130612,土地1建物1車位0,三層,五層,公寓(5樓含以下無電梯),住家用,860919.0,150.68,3,2,2,有,有,27350000,181510.0,,0.0,0,鐵鋁窗增建其他增建；,RPOPMLPLOHJGFEA08DA,100.46,0.0,12.51,無,979.0,27.0
北投區,房地(土地+建物)+車位,石牌路二段３２５巷３號六樓,42.69,住,,,1130601,土地1建物1車位1,六層,十四層,住宅大樓(11層含以上有電梯),住家用,930712.0,236.96999999999997,3,2,2,有,有,53400000,257012.0,坡道平面,40.87,3000000,,RPSNMLPJPHJGFEA18DA,122.55,1.96,13.75,有,,20.0
大安區,房地(土地+建物)+車位,羅斯福路三段２６９巷１５號六樓,9.84,住,,,1130615,土地1建物1車位1,六層,六層,華廈(10層含以下有電梯),住家用,1081107.0,37.48,2,1,1,有,有,18000000,480256.0,一樓平面,0.0,0,,RPOOMLRKOHJGFFA18DA,10.54,0.0,9.36,有,981.0,5.0
文山區,房地(土地+建物),木柵路一段１０３巷３號二樓,25.5,住,,,1130607,土地1建物1車位0,二層,五層,公寓(5樓含以下無電梯),住家用,670619.0,94.57,3,2,1,有,無,13200000,139579.0,,0.0,0,陽台外推；,RPPNMLSJPHJGFAA87EA,81.06,0.0,13.51,無,983.0,46.0
內湖區,房地(土地+建物),內湖路三段１６３巷８弄１４號五樓,24.8,住,,,1130627,土地1建物1車位0,五層,五層,公寓(5樓含以下無電梯),住家用,661219.0,60.59,3,2,1,有,無,11000000,181548.0,,0.0,0,陽台外推；,RPTNMLRLNHJGFCA38EA,56.47,0.0,4.12,無,984.0,47.0
文山區,房地(土地+建物),興隆路四段１０５巷５０號二樓,14.2,住,,,1130607,土地1建物1車位0,二層,七層,華廈(10層含以下有電梯),住家用,851014.0,43.99,1,0,1,有,有,8600000,195499.0,,0.0,0,其他增建；,RPSNMLQKOHJGFAA87DA,28.25,1.07,3.54,有,,28.0
文山區,房地(土地+建物)+車位,萬芳路６０之１１號七樓,54.73,,,,1130601,土地1建物1車位2,七層,七層,華廈(10層含以下有電梯),住家用,960921.0,136.09,1,2,1,有,有,28000000,243829.0,坡道機械,36.02,3600000,陽台外推；其他增建；,RPQNMLOLOHJGFAA57DA,69.64,0.0,9.78,有,,17.0
文山區,房地(土地+建物)+車位,指南路三段８９號七樓,14.24,住,,,1130609,土地1建物1車位1,七層,十一層,住宅大樓(11層含以上有電梯),住家用,1030513.0,96.15,1,1,1,有,有,11400000,153932.0,坡道平面,33.46,1750000,,RPVNMLPJPHJGFAA08DA,37.19,1.6,3.98,有,987.0,10.0
內湖區,房地(土地+建物),東湖路１１３巷９５弄１３０號,44.32,住,,,1130601,土地1建物1車位0,一層,五層,公寓(5樓含以下無電梯),住家用,771223.0,124.08,4,3,2,有,無,26180000,210993.0,,0.0,0,其他增建；,RPSPMLPJOHJGFCA08DA,101.33,12.29,0.0,無,,35.0
中山區,房地(土地+建物),遼寧街２１１號二樓之４,16.19,住,,,1130609,土地1建物1車位0,二層,十五層,住宅大樓(11層含以上有電梯),住家用,750609.0,84.7,3,2,1,有,有,25600000,302243.0,,0.0,0,其他增建；,RPPNMLTLOHJGFCA18DA,65.97,0.0,5.58,有,992.0,38.0
中山區,房地(土地+建物),中原街２２號六樓之２３,5.39,住,,,1130616,土地1建物1車位0,六層,七層,華廈(10層含以下有電梯),住家用,660625.0,32.43,1,1,1,有,有,7880000,242985.0,,0.0,0,其他增建；,RPRPMLNJPHJGFCA87DA,23.56,0.0,3.36,有,,47.0
內湖區,房地(土地+建物)+車位,文德路８６號七樓,28.23,住,,,1130619,土地2建物1車位2,七層,十七層,住宅大樓(11層含以上有電梯),住家用,981224.0,296.0,4,2,2,有,有,59980000,266075.0,坡道平面,81.86,3000000,,RPRNMLSJPHJGFCA18DA,145.55,15.77,10.17,有,,14.0
松山區,房地(土地+建物),八德路三段１５５巷２６弄１２號二樓,28.8,住,,,1130602,土地1建物1車位0,二層,五層,公寓(5樓含以下無電梯),住家用,710313.0,115.75,3,2,2,有,無,27600000,238445.0,,0.0,0,陽台外推；其他增建；,RPTNMLSLOHJGFDA58DA,78.63,0.0,17.53,無,,42.0
信義區,房地(土地+建物),松德路１６９巷２５號四樓,32.25,住,,,1130618,土地2建物1車位0,四層，陽台,四層,公寓(5樓含以下無電梯),住家用,630619.0,91.54,2,2,1,有,無,22750000,248525.0,,0.0,0,陽台外推；頂樓加蓋；其他增建；,RPUOMLPJPHJGFDA38DA,91.54,0.0,0.0,無,997.0,50.0
北投區,房地(土地+建物),公路６３巷９弄４號二樓,37.67,住,,,1130616,土地1建物1車位0,二層,三層,公寓(5樓含以下無電梯),住家用,610411.0,78.08,3,2,1,有,無,8800000,112705.0,,0.0,0,其他增建；,RPQPMLSKOHJGFEA48DA,78.08,0.0,0.0,無,,52.0
北投區,房地(土地+建物),三合街一段８２巷１１８號九樓,27.58,住,,,1130612,土地1建物1車位0,九層,九層,華廈(10層含以下有電梯),住家用,1070423.0,125.36,3,2,2,有,有,34000000,271219.0,,0.0,0,,RPQOMLPJPHJGFEA08DA,70.41,0.0,9.26,有,1000.0,6.0
信義區,房地(土地+建物),虎林街２２２巷２６號,39.5,住,,,1130619,土地2建物1車位0,一層,四層,公寓(5樓含以下無電梯),住家用,590625.0,81.97,2,1,1,有,無,31000000,378187.0,,0.0,0,,RPUNMLQJOHJGFDA38EA,81.97,0.0,0.0,無,1005.0,54.0
士林區,房地(土地+建物)+車位,菁山路５５之１號四樓,88.64,住,,,1130610,土地1建物1車位1,四層,五層,華廈(10層含以下有電梯),住家用,980605.0,216.9,2,2,2,有,有,28000000,129092.0,坡道平面,40.76,0,陽台加窗增建其他增建；,RPUNMLSJPHJGFEA78EA,110.25,6.65,11.03,有,1010.0,15.0
文山區,房地(土地+建物),辛亥路四段１２８之３號十四樓,17.16,,,,1130617,土地16建物1車位0,十四層,十八層,住宅大樓(11層含以上有電梯),住家用,1060602.0,87.69,2,2,1,有,有,19366900,220856.0,,0.0,0,,RPXQMLSKOHJGFAA88DA,48.84,0.0,8.66,有,,7.0
文山區,房地(土地+建物)+車位,福興路９５巷２９號三樓之１,32.37,住,,,1130608,土地1建物1車位1,三層,十層,華廈(10層含以下有電梯),住家用,890626.0,130.34,3,2,2,有,有,20700000,190427.0,坡道平面,33.19,2200000,其他增建；,RPSNMLLLOHJGFAA47DA,74.49,0.0,4.73,有,,24.0
文山區,房地(土地+建物),辛亥路四段２１５號四樓,23.8,住,,,1130601,土地1建物1車位0,四層,五層,公寓(5樓含以下無電梯),住家用,710713.0,66.67,3,2,1,有,無,13500000,202490.0,,0.0,0,其他增建；,RPVNMLOLOHJGFAA08DA,60.4,0.0,6.27,無,1011.0,42.0
中正區,房地(土地+建物),汀州路一段２５２巷６號,21.75,住,,,1130602,土地2建物1車位0,一層，平台,四層,公寓(5樓含以下無電梯),住家用,641118.0,61.34,3,1,1,有,無,13600000,221715.0,,0.0,0,,RPWNMLMJPHJGFAA87DA,61.34,0.0,0.0,無,,49.0
文山區,房地(土地+建物),恆光街５１巷１０之１號四樓,32.07,住,,,1130602,土地1建物1車位0,四層,五層,公寓(5樓含以下無電梯),住家用,810904.0,97.17,3,2,2,有,無,15750000,162087.0,,0.0,0,,RPUNMLTJPHJGFAA38DA,77.94,3.78,9.34,無,,32.0
萬華區,房地(土地+建物),西藏路１１５巷３弄３號二樓,26.75,住,,,1130604,土地1建物1車位0,二層,四層,公寓(5樓含以下無電梯),住家用,610906.0,74.04,2,2,1,有,無,14400000,194489.0,,0.0,0,陽台外推；其他增建；,RPVNMLNKOHJGFBA97DA,61.8,0.0,12.24,無,1013.0,52.0
內湖區,房地(土地+建物),東湖路１１３巷５弄９號四樓,0.04,住,,,1130612,土地1建物1車位0,四層,五層,公寓(5樓含以下無電梯),住家用,740717.0,126.79,3,2,2,有,無,7000000,55209.0,,0.0,0,地上權房屋，僅有少數土地持份,RPQNMLTJPHJGFCA18DA,114.76,0.0,12.03,無,,39.0
信義區,房地(土地+建物),松山路５３７號六樓,23.14,住,,,1130608,土地1建物1車位0,六層,七層,華廈(10層含以下有電梯),住家用,710916.0,120.17,3,2,2,有,無,32680000,271948.0,,0.0,0,陽台外推；其他增建；,RPWNMLLLOHJGFDA18DA,81.89,0.0,25.26,有,1016.0,42.0
信義區,房地(土地+建物),吳興街２８４巷１８弄７號五樓,24.9,住,,,1130601,土地1建物1車位0,五層,五層,公寓(5樓含以下無電梯),住家用,760625.0,102.46,4,3,3,有,無,22600000,220574.0,,0.0,0,頂樓加蓋；其他增建；,RPVOMLLLOHJGFDA18DA,76.46,4.57,8.93,無,1017.0,37.0
北投區,房地(土地+建物),泉源路３４之１號四樓之１,14.27,住,,,1130614,土地1建物1車位0,四層,十層,華廈(10層含以下有電梯),住家用,870105.0,42.7,1,2,1,有,有,7500000,175644.0,,0.0,0,,RPQOMLTKOHJGFEA48DA,27.05,0.98,3.12,有,1020.0,26.0
士林區,房地(土地+建物),中山北路七段３８巷１２弄６之１號三樓,16.24,住,,,1130602,土地1建物1車位0,三層,六層,華廈(10層含以下有電梯),住家用,931119.0,59.72,2,2,1,有,有,15000000,251172.0,,0.0,0,夾層；其他增建；,RPXOMLLJPHJGFEA38DA,37.35,1.24,0.0,有,1021.0,20.0
士林區,房地(土地+建物),德行西路９３巷２弄１０號四樓,27.92,住,,,1130601,土地4建物1車位0,四層,五層,公寓(5樓含以下無電梯),住家用,680122.0,110.75,3,2,2,有,有,23000000,207675.0,,0.0,0,其他增建；,RPPOMLOJPHJGFEA87DA,96.69,0.0,14.06,無,,45.0
士林區,房地(土地+建物)+車位,芝玉路二段８６號八樓,41.46,住,,,1130604,土地1建物1車位1,八層,九層,華廈(10層含以下有電梯),住家用,1090828.0,209.14,3,2,2,有,有,48500000,252376.0,塔式車位,26.08,2300000,,RPUOMLSJPHJGFEA78DA,86.9,7.5,10.78,有,,4.0
大安區,房地(土地+建物),樂業街１６９巷４６號四樓,30.18,住,,,1130608,土地1建物1車位0,四層,五層,公寓(5樓含以下無電梯),住家用,661207.0,106.64,3,2,2,有,無,22500000,210990.0,,0.0,0,陽台外推；其他增建；,RPWNMLQLOHJGFFA88DA,92.94,0.0,13.7,無,1022.0,47.0
大安區,房地(土地+建物),基隆路二段２８１號五樓之１,14.04,住,,,1130608,土地1建物1車位0,五層,十二層,住宅大樓(11層含以上有電梯),住家用,760401.0,98.81,2,2,1,有,有,23550000,238336.0,,0.0,0,,RPOPMLOJPHJGFFA97DA,67.43,0.0,12.52,有,1023.0,37.0
大安區,房地(土地+建物),麗水街２６之２號三樓之２,8.71,住,,,1130601,土地1建物1車位0,三層,七層,華廈(10層含以下有電梯),住家用,961022.0,43.67,1,1,1,有,有,20200000,462560.0,,0.0,0,陽台外推；,RPTNMLTJPHJGFFA78DA,23.09,3.46,1.83,有,,17.0
大安區,房地(土地+建物),敦化南路二段１４０號七樓,22.18,住,,,1130621,土地1建物1車位0,七層,十二層,住宅大樓(11層含以上有電梯),住家用,760817.0,158.31,4,2,2,有,有,58200000,367633.0,,0.0,0,,RPWNMLTJPHJGFFA09DA,132.91,2.63,15.02,有,,37.0
大同區,房地(土地+建物),哈密街７０巷１之４號四樓,13.88,住,,,1130627,土地1建物1車位0,四層,四層,公寓(5樓含以下無電梯),住家用,560929.0,50.6,2,1,1,有,無,6750000,133399.0,,0.0,0,,RPQNMLKKPHJGFBA37EA,47.5,0.0,3.1,無,,57.0
南港區,房地(土地+建物)+車位,市民大道八段５２９號七樓,28.6,住,,,1130613,土地1建物1車位1,七層，見其他登記事項,七層,華廈(10層含以下有電梯),住家用,1130220.0,131.13,2,2,2,有,無,33209554,271249.0,其他,16.44,2100000,因面積，增加金額609554元預售屋、或土地及建物分件登記案件；,RPPNMLSJPHJGFDA18EA,64.33,2.92,5.07,有,,
南港區,房地(土地+建物)+車位,市民大道八段５２７號七樓,32.08,住,,,1130620,土地1建物1車位1,七層，見其他登記事項,七層,華廈(10層含以下有電梯),住家用,1130220.0,145.27,2,1,2,有,無,37291343,273161.0,其他,16.44,2100000,因面積增加，增加金額691343元預售屋、或土地及建物分件登記案件；,RPQNMLSJPHJGFDA28EA,71.73,3.07,7.04,有,,
文山區,房地(土地+建物),仙岩路２２巷１５號十一樓,17.48,住,,,1130603,土地1建物1車位0,十一層,十八層,住宅大樓(11層含以上有電梯),住家用,840411.0,78.95,2,1,1,有,有,17350000,219759.0,,0.0,0,陽台外推；其他增建；,RPUNMLMKOHJGFAA67DA,48.98,2.34,6.56,有,,29.0
文山區,房地(土地+建物)+車位,萬芳路１０５巷４３號一樓,62.58,住,,,1130608,土地5建物1車位1,一層,十二層,住宅大樓(11層含以上有電梯),住家用,850215.0,116.76,3,2,2,有,有,25100000,214971.0,坡道機械,0.0,1500000,陽台外推；其他增建；,RPWNMLSKOHJGFAA48DA,72.17,0.0,8.77,有,,28.0
中正區,房地(土地+建物),寧波西街６８號五樓,24.47,住,,,1130617,土地2建物1車位0,五層，陽臺,五層,公寓(5樓含以下無電梯),住家用,650920.0,106.69,4,1,2,有,無,29000000,271816.0,,0.0,0,陽台外推；,RPPNMLTJPHJGFAA87DA,106.69,0.0,0.0,無,,48.0
內湖區,房地(土地+建物),成功路四段２９４巷３９號,192.72,住,,,1130610,土地5建物1車位0,全,四層,透天厝,住家用,750702.0,390.19,6,2,4,有,有,55800000,143007.0,,0.0,0,陽台外推；其他增建；,RPUOMLOKOHJGFCA18DA,206.78,178.46,4.95,無,,38.0
中山區,房地(土地+建物),五常街５３巷３７號四樓,22.4,住,,,1130608,土地1建物1車位0,四層,五層,公寓(5樓含以下無電梯),住家用,670410.0,90.66,3,2,1,有,無,17200000,189720.0,,0.0,0,陽台外推；其他增建；,RPUNMLTKOHJGFCA58DA,85.47,0.0,5.19,無,,46.0
內湖區,房地(土地+建物),內湖路三段２９２號五樓,42.83,住,,,1130610,土地4建物1車位0,五層,五層,公寓(5樓含以下無電梯),住家用,750221.0,121.69,4,2,2,有,無,15500000,127373.0,,0.0,0,頂樓加蓋；,RPSQMLOLOHJGFCA28DA,99.98,5.75,5.98,無,1034.0,38.0
內湖區,房地(土地+建物),康樂街７５巷１號二樓,31.56,住,,,1130602,土地1建物1車位0,二層,五層,公寓(5樓含以下無電梯),住家用,741204.0,119.85,5,0,5,有,無,18150000,151439.0,,0.0,0,陽台外推；其他增建；,RPRPMLRLOHJGFCA38DA,97.3,0.0,13.22,無,1035.0,38.0
中山區,房地(土地+建物)+車位,北安路５７８巷８弄１２號三樓之１,42.86,住,,,1130617,土地1建物1車位1,三層,六層,華廈(10層含以下有電梯),住家用,881228.0,174.18,3,2,2,有,有,47500000,272706.0,升降平面,0.0,2200000,含車位編號3號汽車位、4號機車位陽台外推；其他增建；,RPWPMLLJPHJGFCA18DA,91.31,1.76,8.76,有,1036.0,24.0
松山區,房地(土地+建物),南京東路三段３０３巷１４弄８號六樓,5.73,住,,,1130629,土地1建物1車位0,六層,七層,華廈(10層含以下有電梯),住家用,750321.0,36.07,1,1,1,有,有,13000000,360410.0,,0.0,0,其他增建；,RPWNMLPJPHJGFDA48DA,23.65,0.0,0.0,有,,38.0
北投區,房地(土地+建物)+車位,榮華二路２５號十一樓,26.46,住,,,1130618,土地1建物1車位1,十一層,十一層,住宅大樓(11層含以上有電梯),住家用,1130219.0,171.56,3,2,2,有,有,50500000,352275.0,坡道平面,37.29,3200000,,RPVNMLTLOHJGFEA98DA,84.07,0.0,6.15,有,1040.0,
北投區,房地(土地+建物),致遠一路一段１９號三樓,25.84,住,,,1130617,土地1建物1車位0,三層,五層,公寓(5樓含以下無電梯),住家用,700914.0,91.19,3,2,1,有,無,13000000,142559.0,,0.0,0,,RPWNMLTJPHJGFEA98DA,74.84,0.0,14.34,無,,43.0
大安區,房地(土地+建物),仁愛路四段４２５號三樓,17.59,住,,,1130615,土地1建物1車位0,三層,十四層,住宅大樓(11層含以上有電梯),住家用,710227.0,147.98,4,2,2,有,有,50000000,337883.0,,0.0,0,陽台外推；,RPXNMLSKOHJGFFA09DA,106.32,0.0,21.94,有,,42.0
內湖區,房地(土地+建物)+車位,民權東路六段２８０巷２４號八樓,42.86,住,,,1130608,土地1建物1車位2,八層,十一層,住宅大樓(11層含以上有電梯),住家用,930927.0,234.27,4,2,2,有,有,56000000,240240.0,坡道平面,17.82,4000000,其他增建；,RPPNMLKKPHJGFCA37EA,115.05,3.63,4.22,有,1045.0,20.0
內湖區,房地(土地+建物),民權東路六段１３６巷３７弄７號四樓,36.7,住,,,1130610,土地1建物1車位0,四層,五層,公寓(5樓含以下無電梯),住家用,741120.0,112.54,3,2,2,有,無,16500000,146615.0,,0.0,0,,RPQNMLKKPHJGFCA47EA,80.32,0.0,23.28,無,,39.0
中山區,房地(土地+建物),錦州街４１４號三樓,7.71,住,,,1130628,土地1建物1車位0,三層,四層,公寓(5樓含以下無電梯),住家用,650623.0,18.04,3,1,2,有,無,3800000,210643.0,,0.0,0,,RPRNMLKKPHJGFCA57EA,15.47,0.0,2.57,無,,48.0
南港區,房地(土地+建物),福德街３３９巷３弄２８號四樓,28.0,住,,,1130601,土地1建物1車位0,四層,四層,公寓(5樓含以下無電梯),住家用,660521.0,75.71,2,2,1,有,無,17000000,224541.0,,0.0,0,頂樓加蓋；,RPRNMLKKPHJGFDA67EA,67.33,0.0,8.38,無,,47.0
南港區,房地(土地+建物)+車位,市民大道八段５２５號二樓,13.79,住,,,1130621,土地1建物1車位1,二層,七層,華廈(10層含以下有電梯),住家用,1130220.0,70.94,1,1,1,有,無,15979000,254661.0,其他,16.44,2100000,因面積增加，增加109000元預售屋、或土地及建物分件登記案件；,RPWNMLKKPHJGFDA18EA,29.74,0.63,3.74,有,,
南港區,房地(土地+建物)+車位,市民大道八段５２７號四樓,21.19,住,,,1130625,土地1建物1車位1,四層,七層,華廈(10層含以下有電梯),住家用,1130220.0,101.0,2,1,1,有,無,23051968,248959.0,其他,16.44,2000000,面積增，新增251968元預售屋、或土地及建物分件登記案件；,RPXNMLKKPHJGFDA28EA,46.08,3.08,5.17,有,,
北投區,房地(土地+建物),天母西路１１７巷５２弄３６號三樓,28.01,住,,,1130610,土地1建物1車位0,三層,七層,華廈(10層含以下有電梯),住家用,731113.0,148.73000000000002,4,2,2,有,有,25000000,168090.0,,0.0,0,,RPTNMLKKPHJGFEA97EA,113.55,0.65,14.61,有,,40.0
萬華區,房地(土地+建物)+車位,民和街９８號四樓之１,21.25,住,,,1130620,土地1建物1車位1,四層,十五層,住宅大樓(11層含以上有電梯),住家用,1121213.0,161.34,3,2,2,有,無,29200000,207384.0,坡道平面,34.04,2800000,,RPQNMLKKPHJGFBA27DA,73.74,5.31,5.82,有,,1.0
內湖區,房地(土地+建物)+車位,民權東路六段２８０巷２２號四樓之１,35.26,住,,,1130609,土地1建物1車位2,四層,十一層,住宅大樓(11層含以上有電梯),住家用,930927.0,198.81,4,2,2,有,有,43880000,220724.0,坡道機械,38.46,0,陽台外推；其他增建；,RPUOMLKLOHJGFCA87DA,87.14,5.18,8.26,有,,20.0
內湖區,房地(土地+建物),安泰街４９巷５號,20.34,住,,,1130612,土地1建物1車位0,一層,五層,公寓(5樓含以下無電梯),住家用,730706.0,75.91,2,1,1,有,無,11300000,148860.0,,0.0,0,,RPSPMLKKPHJGFCA77DA,62.53,5.32,0.0,無,,40.0
信義區,房地(土地+建物),松山路４８２巷３８號十四樓,17.73,住,,,1130619,土地2建物1車位0,十四層，夾層,十四層,住宅大樓(11層含以上有電梯),住家用,740723.0,152.28,4,2,2,有,有,38500000,252824.0,,0.0,0,陽台外推；夾層；其他增建；,RPXNMLKKPHJGFDA18DA,117.21,0.0,9.51,有,,39.0
士林區,房地(土地+建物),天玉街７５巷７號三樓,37.0,住,,,1130601,土地1建物1車位0,三層,五層,公寓(5樓含以下無電梯),住家用,680119.0,134.6,4,2,2,有,有,30680000,227935.0,,0.0,0,其他增建；,RPUNMLRLOHJGFEA68DA,114.68,0.0,19.92,無,,45.0
士林區,房地(土地+建物)+車位,中山北路六段４０５巷８７號三樓,47.31,住,,,1130601,土地1建物2車位2,三層,八層,華廈(10層含以下有電梯),住家用,1060307.0,266.87,3,2,2,有,有,69880000,261850.0,升降平面,0.0,0,,RPXNMLKKPHJGFEA28DA,103.99,9.43,13.54,有,1062.0,7.0
士林區,房地(土地+建物)+車位,天母北路５６號十八樓之２,22.35,住,,,1130625,土地1建物1車位1,十八層,二十四層,住宅大樓(11層含以上有電梯),住家用,1090703.0,222.88,3,2,2,有,有,67600000,349557.0,坡道平面,38.79,3250000,,RPROMLKKPHJGFEA77DA,95.03,13.67,11.46,有,,4.0
北投區,房地(土地+建物)+車位,石牌路二段３３５號三樓,27.27,住,,,1130610,土地1建物1車位1,三層,九層,華廈(10層含以下有電梯),住家用,840110.0,130.54000000000002,2,1,1,有,有,26000000,259508.0,坡道平面,41.14,2800000,,RPRNMLLKPHJGFEA87EA,97.01,0.0,8.89,有,1067.0,29.0
中正區,房地(土地+建物)+車位,水源路３７號三樓之１,21.66,住,,,1130630,土地1建物1車位1,三層,十三層,住宅大樓(11層含以上有電梯),住家用,1070223.0,211.0,4,2,2,有,有,41660000,197441.0,坡道平面,0.0,0,,RPRNMLOJPHJGFAA57DA,98.8,9.13,12.12,有,,6.0
文山區,房地(土地+建物),木新路三段５０巷１１弄１２號三樓,26.98,住,,,1130609,土地2建物1車位0,三層,五層,公寓(5樓含以下無電梯),住家用,,105.98,3,2,2,有,無,16250000,153331.0,,0.0,0,陽台外推；其他增建；,RPUOMLPJPHJGFAA08DA,86.59,0.0,9.84,無,,
萬華區,房地(土地+建物)+車位,西園路二段３７號四樓,18.3,住,,,1130612,土地2建物1車位1,四層,十五層,住宅大樓(11層含以上有電梯),住家用,1110629.0,174.75,3,2,2,有,有,35640000,225348.0,坡道平面,29.02,2800000,,RPXQMLMKPHJGFBA48DA,84.07,3.83,11.12,有,,2.0
中山區,房地(土地+建物),龍江路４４３巷７號五樓,19.6,住,,,1130620,土地1建物1車位0,五層,五層,公寓(5樓含以下無電梯),住家用,690930.0,73.15,3,2,2,有,無,16600000,226931.0,,0.0,0,陽台外推；頂樓加蓋；其他增建；,RPSOMLNJPHJGFCA87DA,61.08,0.0,12.07,無,,44.0
內湖區,房地(土地+建物),文德路９０巷３４號九樓之１,12.08,住,,,1130618,土地1建物1車位0,九層,九層,華廈(10層含以下有電梯),住家用,861125.0,50.22,1,1,1,有,有,14280000,284349.0,,0.0,0,陽台外推；夾層；其他增建；,RPPNMLOJPHJGFCA57DA,29.24,7.33,3.72,有,1073.0,27.0
內湖區,房地(土地+建物),內湖路二段３０１巷７弄１１號四樓,46.87,住,,,1130630,土地1建物1車位0,四層,五層,公寓(5樓含以下無電梯),住家用,720315.0,163.61,8,4,4,有,無,29800000,182140.0,,0.0,0,陽台外推；,RPQOMLLKPHJGFCA57DA,131.66,0.0,12.17,無,1080.0,41.0
內湖區,房地(土地+建物)+車位,文湖街２１巷８１號七樓,47.41,住,,,1130621,土地1建物1車位3,七層,十一層,住宅大樓(11層含以上有電梯),住家用,1041015.0,369.58,3,2,3,有,有,62500000,169111.0,坡道平面,0.0,8000000,,RPPPMLLKPHJGFCA57DA,204.27,5.18,11.66,有,1081.0,9.0
信義區,房地(土地+建物),松德路２９１巷９號,39.63,住,,,1130603,土地1建物1車位0,一層,五層,公寓(5樓含以下無電梯),住家用,720129.0,123.81,4,2,4,有,無,34000000,274614.0,,0.0,0,其他增建；,RPSOMLTJPHJGFDA58DA,103.55,18.68,0.0,無,,41.0
南港區,房地(土地+建物),重陽路４７０號九樓之１,32.76,住,,,1130607,土地1建物1車位0,九層,十五層,住宅大樓(11層含以上有電梯),住家用,990419.0,242.01,4,2,2,有,有,69180000,285856.0,,0.0,0,陽台外推；其他增建；,RPRNMLLKPHJGFDA67DA,142.9,9.24,17.63,有,,14.0
士林區,房地(土地+建物)+車位,後港街１５２號七樓之３,37.75,住,,,1130611,土地1建物1車位1,七層,十二層,住宅大樓(11層含以上有電梯),住家用,860822.0,186.18,4,2,2,有,有,34500000,185305.0,坡道平面,55.86,0,其他增建；,RPPOMLLLOHJGFEA67DA,98.58,3.97,8.29,有,,27.0
北投區,房地(土地+建物),杏林三路２５號四樓,38.8,住,,,1130609,土地1建物1車位0,四層,五層,公寓(5樓含以下無電梯),住家用,680724.0,127.0,3,2,2,有,無,12500000,98425.0,,0.0,0,其他增建；,RPUNMLRJPHJGFEA58DA,115.27,0.0,11.73,無,,45.0
士林區,房地(土地+建物)+車位,士商路１２９號十樓,33.34,住,,,1130611,土地1建物2車位2,十層,十二層,住宅大樓(11層含以上有電梯),住家用,930504.0,199.75,3,3,2,有,有,50000000,319172.0,坡道平面,58.76,5000000,陽台外推；夾層；其他增建；,RPOQMLLKPHJGFEA77DA,82.69,1.35,9.27,有,,20.0
大安區,房地(土地+建物),復興南路二段１５１巷３０弄１１號,19.94,住,,,1130607,土地1建物1車位0,一層,十七層,住宅大樓(11層含以上有電梯),住家用,740522.0,102.8,3,2,1,有,有,27550000,267996.0,,0.0,0,其他增建；,RPPNMLMLOHJGFFA77DA,75.13,8.33,0.0,有,,39.0
大安區,房地(土地+建物),永康街１７巷１３號四樓,15.66,住,,,1130606,土地1建物1車位0,四層,六層,華廈(10層含以下有電梯),住家用,911216.0,55.959999999999994,0,0,0,無,有,21300000,380629.0,,0.0,0,陽台外推；,RPTNMLLKPHJGFFA08DA,23.9,0.0,6.41,有,1090.0,21.0
文山區,房地(土地+建物),興隆路二段９６巷９９號,161.26,住,,,1130612,土地3建物1車位0,全,二層,透天厝,住家用,681117.0,167.38,5,2,3,有,無,51000000,304696.0,,0.0,0,陽台外推；其他增建；,RPPNMLPKPHJGFAA67EA,136.04,15.67,15.67,無,1091.0,45.0
中正區,房地(土地+建物)+車位,仁愛路一段２３巷６號五樓,60.55,住,,,1130620,土地1建物1車位2,五層,七層,華廈(10層含以下有電梯),住家用,1070823.0,308.08000000000004,0,0,0,無,有,98180000,340321.0,坡道機械,34.28,5000000,,RPQNMLMKPHJGFBA57EA,137.27,14.12,14.16,有,,6.0
中正區,房地(土地+建物)+車位,仁愛路一段２３巷６號六樓,60.55,住,,,1130620,土地1建物1車位2,六層,七層,華廈(10層含以下有電梯),住家用,1070823.0,308.08000000000004,0,0,0,無,有,99820000,346311.0,坡道機械,34.28,5000000,,RPRNMLMKPHJGFBA67EA,137.27,14.12,14.16,有,,6.0
內湖區,房地(土地+建物),環山路一段８２號三樓,38.8,住,,,1130601,土地2建物1車位0,三層,四層,公寓(5樓含以下無電梯),住家用,700526.0,97.45,2,2,1,有,無,17700000,181632.0,,0.0,0,,RPVNMLRKOHJGFCA58EA,88.96,0.0,8.49,無,,43.0
大安區,房地(土地+建物),仁愛路四段６２號九樓之２,4.2,住,,,1130604,土地2建物1車位0,九層,十四層,住宅大樓(11層含以上有電梯),住家用,661212.0,44.04,0,0,0,無,有,14100000,320163.0,,0.0,0,陽台外推；,RPSNMLMKPHJGFFA18EA,32.14,0.0,4.5,有,1096.0,46.0
文山區,房地(土地+建物),木新路三段５０巷１０弄９號五樓,30.5,住,,,1130601,土地2建物1車位0,五層,五層,公寓(5樓含以下無電梯),住家用,690811.0,95.22,3,2,1,有,無,11600000,121823.0,,0.0,0,陽台外推；其他增建；,RPQQMLRKOHJGFAA08DA,71.82,0.0,23.4,無,,44.0
文山區,房地(土地+建物)+車位,指南路一段６１號五樓,23.57,住,,,1130620,土地2建物1車位1,五層,十二層,住宅大樓(11層含以上有電梯),住家用,1120727.0,136.65,2,2,2,有,有,20292500,179941.0,坡道平面,33.88,1800000,,RPUNMLSKOHJGFAA28DA,63.11,0.0,6.76,有,,1.0
中正區,房地(土地+建物)+車位,重慶南路三段１４６巷７號四樓,27.82,住,,,1130628,土地5建物1車位1,四層,六層,華廈(10層含以下有電梯),住家用,981021.0,108.04,2,2,1,有,無,23000000,200783.0,其他,8.43,3000000,陽台外推；,RPQNMLSJPHJGFAA87DA,52.82,2.33,5.81,有,1098.0,15.0
文山區,房地(土地+建物),秀明路一段１９巷５弄１２號二樓,26.91,住,,,1130609,土地1建物1車位0,二層,五層,公寓(5樓含以下無電梯),住家用,720530.0,100.66,3,2,2,有,無,15550000,154480.0,,0.0,0,陽台外推；其他增建；,RPQOMLLKPHJGFAA37DA,75.84,0.0,13.72,無,1099.0,41.0
文山區,房地(土地+建物),木新路二段４３巷１７號八樓之１,9.06,住,,,1130628,土地1建物1車位0,八層,十一層,住宅大樓(11層含以上有電梯),住家用,830728.0,34.699999999999996,1,1,1,有,有,7650000,220461.0,,0.0,0,,RPRNMLMKPHJGFAA47DA,19.76,1.86,5.28,有,,30.0
文山區,房地(土地+建物)+車位,辛亥路四段７７巷９２弄９號十四樓之８,40.51,住,,,1130612,土地3建物1車位1,十四層,十四層,住宅大樓(11層含以上有電梯),住家用,920922.0,98.52,2,1,1,有,有,15000000,208802.0,坡道平面,36.26,2000000,與大安區辛亥段四小段615-1、615-2、762-1地號同一價格陽台外推；,RPTNMLQKPHJGFAA08DA,37.73,0.0,5.5,有,,21.0
萬華區,房地(土地+建物),萬青街１４７號二樓,12.18,住,,,1130626,土地1建物1車位0,二層,五層,公寓(5樓含以下無電梯),住家用,640403.0,31.18,1,1,1,有,無,7000000,224503.0,,0.0,0,,RPTQMLMKPHJGFBA08DA,31.18,0.0,0.0,無,,49.0
中山區,房地(土地+建物)+車位,敬業三路１６２巷５９號三樓,47.09,住,,,1130609,土地1建物1車位1,三層,十層,華廈(10層含以下有電梯),住家用,890628.0,155.47,3,2,2,有,有,33990000,218627.0,坡道平面,54.18,0,陽台外推；其他增建；,RPPOMLSLOHJGFCA18DA,77.63,0.0,8.1,有,,24.0
中山區,房地(土地+建物)+車位,基湖路１６６巷８號五樓,60.37,住,,,1130621,土地1建物1車位1,五層,六層,華廈(10層含以下有電梯),住家用,891229.0,196.13,2,2,2,有,無,50000000,265779.0,坡道平面,17.41,2500000,,RPXNMLMJPHJGFCA18DA,99.61,6.86,11.21,有,,23.0
內湖區,房地(土地+建物),康寧路一段２９０號十樓之６,15.94,,,,1130610,土地4建物1車位0,十層,十二層,住宅大樓(11層含以上有電梯),住家用,801021.0,55.8,1,1,1,有,有,12300000,220430.0,,0.0,0,陽台外推；,RPVNMLSJPHJGFCA58DA,31.35,3.96,2.7,有,1105.0,33.0
中山區,房地(土地+建物)+車位,遼寧街６２巷２０號三樓之２,16.09,住,,,1130601,土地1建物1車位1,三層,七層,華廈(10層含以下有電梯),住家用,980123.0,69.66,1,1,1,有,有,17000000,273381.0,升降機械,14.06,1800000,陽台外推；,RPPOMLKKPHJGFCA37DA,23.6,0.0,10.04,有,1108.0,15.0
中山區,房地(土地+建物),新生北路三段６１號七樓之８,13.63,住,,,1130628,土地4建物2車位0,七層,九層,華廈(10層含以下有電梯),住家用,650907.0,92.12,3,2,2,有,有,18800000,204082.0,,0.0,0,兩戶打通使用，合併格局為3房2廳2衛。陽台外推；,RPRNMLNKPHJGFCA77DA,71.66,0.0,7.14,有,,48.0
南港區,房地(土地+建物),松河街５００號二樓,37.47,住,,,1130610,土地1建物1車位0,二層,九層,華廈(10層含以下有電梯),住家用,940919.0,111.62,3,2,2,有,有,25200000,225766.0,,0.0,0,陽台外推；其他增建；,RPSNMLKLOHJGFDA67DA,69.69,3.47,7.03,有,,19.0
南港區,房地(土地+建物)+車位,三重路４１巷３７號四樓,32.39,住,,,1130606,土地1建物1車位2,四層,十三層,住宅大樓(11層含以上有電梯),住家用,1010119.0,301.78,3,2,2,有,有,65800000,264428.0,坡道平面,71.84,5000000,,RPOPMLLLOHJGFDA57DA,128.01,15.82,12.67,有,,12.0
信義區,房地(土地+建物),中坡北路１號四樓,12.12,住,,,1130607,土地1建物1車位0,四層,十二層,住宅大樓(11層含以上有電梯),住家用,730712.0,117.21,3,2,2,有,有,30880000,263459.0,,0.0,0,其他增建；,RPOOMLOJPHJGFDA67DA,96.68,0.0,13.54,有,1113.0,40.0
信義區,房地(土地+建物),忠孝東路五段７９０巷５７弄３２號三樓,32.0,住,,,1130617,土地1建物1車位0,三層，陽台,四層,公寓(5樓含以下無電梯),住家用,651204.0,91.9,2,2,2,有,無,21000000,228509.0,,0.0,0,,RPXNMLLKPHJGFDA28DA,91.9,0.0,0.0,無,,48.0
松山區,房地(土地+建物),敦化北路２２２巷２５號之１三樓,23.75,住,,,1130628,土地1建物1車位0,三層,七層,華廈(10層含以下有電梯),住家用,690917.0,125.4,4,2,2,有,有,32400000,258373.0,,0.0,0,陽台外推；,RPQOMLMKPHJGFDA77DA,90.45,0.0,16.48,有,,44.0
南港區,房地(土地+建物)+車位,東新街１８０巷１２號二樓,133.61,住,,,1130606,土地2建物1車位1,二層,五層,華廈(10層含以下有電梯),住家用,1120426.0,240.67,3,2,2,有,有,58500000,298237.0,坡道平面,52.9,2500000,本買賣標的含新光段一小段338建號權利範圍3893/100000,RPVOMLMKPHJGFDA28DA,102.08,3.13,18.0,有,,1.0
松山區,房地(土地+建物)+車位,市民大道四段３９之２號十六樓,52.38,住,,,1130616,土地2建物1車位3,十六層,二十三層,住宅大樓(11層含以上有電梯),住家用,1090102.0,395.37,2,2,3,有,有,193980000,656144.0,坡道平面,121.68,14400000,,RPPPMLMKPHJGFDA77DA,150.81,4.3,22.71,有,,4.0
北投區,房地(土地+建物),裕民六路１１４巷２４弄９號一樓,22.5,住,,,1130612,土地1建物1車位0,一層,四層,公寓(5樓含以下無電梯),住家用,660512.0,64.7,3,2,2,有,無,18750000,289799.0,,0.0,0,其他增建；,RPTOMLNJPHJGFEA18DA,53.2,11.5,0.0,無,,47.0
北投區,房地(土地+建物),新民路１巷５之４號一樓,16.17,住,,,1130621,土地2建物1車位0,一層,六層,華廈(10層含以下有電梯),住家用,710226.0,66.12,1,1,1,有,有,10330000,156231.0,,0.0,0,其他增建；,RPOOMLOJPHJGFEA77DA,49.29,5.49,0.0,有,1115.0,42.0
士林區,房地(土地+建物),後街２１巷３７號二樓之１,22.2,住,,,1130605,土地1建物1車位0,二層,四層,公寓(5樓含以下無電梯),住家用,690818.0,68.13,4,0,4,有,無,12360000,181418.0,,0.0,0,陽台外推；,RPSPMLLKPHJGFEA08DA,61.74,0.0,6.39,無,,44.0
大安區,房地(土地+建物),泰順街４４巷２號四樓之２,30.4,住,,,1130614,土地1建物1車位0,四層,五層,公寓(5樓含以下無電梯),住家用,691013.0,110.39,3,2,2,有,無,26500000,240058.0,,0.0,0,,RPRNMLPKPHJGFFA28DA,97.13,0.0,13.26,無,,44.0
北投區,房地(土地+建物),中和街４９３巷１１弄２１號,140.0,住,,,1130606,土地1建物1車位0,全,二層,透天厝,住家用,640723.0,119.34,4,3,2,有,無,34500000,289090.0,,0.0,0,頂樓加蓋；,RPPNMLPKPHJGFEA08EA,119.34,0.0,0.0,無,,49.0
文山區,房地(土地+建物)+車位,秀明路一段１９７之７號,9.77,住,,,1130607,土地1建物1車位1,一層,七層,華廈(10層含以下有電梯),住家用,980513.0,72.08000000000001,3,2,2,有,有,16670000,231271.0,塔式車位,0.0,0,陽台外推；夾層；其他增建；,RPSNMLPKOHJGFAA77DA,29.11,3.03,4.13,有,1121.0,15.0
中正區,房地(土地+建物),重慶南路三段６５巷４弄１２號二樓,32.0,住,,,1130602,土地1建物1車位0,二層，陽臺,四層,公寓(5樓含以下無電梯),住家用,650117.0,99.14,3,2,1,有,無,18800000,189631.0,,0.0,0,其他增建；,RPROMLSKOHJGFAA08DA,99.14,0.0,0.0,無,,48.0
文山區,房地(土地+建物)+車位,興隆路四段１３３號七樓之１,19.02,住,,,1130609,土地1建物1車位1,七層,十六層,住宅大樓(11層含以上有電梯),住家用,841122.0,118.41,2,2,1,有,有,18800000,158770.0,坡道平面,0.0,2500000,依建物謄本標示部，車位面積無法概算其他增建；,RPTNMLOLOHJGFAA87DA,51.53,2.85,3.37,有,1122.0,29.0
文山區,房地(土地+建物)+車位,辛亥路五段９８之１號六樓,23.29,住,,,1130608,土地1建物1車位1,六層,七層,華廈(10層含以下有電梯),住家用,720211.0,185.24,5,2,4,有,有,27250000,171937.0,坡道平面,44.2,3000000,車位數量為1.5個車位，編號20及21B。,RPVNMLPKPHJGFAA18DA,144.27,0.0,20.84,有,,41.0
文山區,房地(土地+建物),汀州路四段１５０號,24.44,住,,,1130615,土地2建物1車位0,一層,七層,華廈(10層含以下有電梯),住家用,731115.0,133.88,4,2,2,有,有,32250000,240887.0,,0.0,0,其他增建；,RPROMLPKPHJGFAA87DA,114.75,11.25,0.0,有,,40.0
中正區,房地(土地+建物),同安街２８巷９之１號三樓,40.0,住,,,1130609,土地2建物1車位0,三層,四層,公寓(5樓含以下無電梯),住家用,600120.0,117.53,4,2,2,有,無,26300000,223773.0,,0.0,0,,RPSNMLQKPHJGFAA97DA,108.41,0.0,9.12,無,,53.0
萬華區,房地(土地+建物),青年路１６８巷４２號四樓,13.81,住,,,1130608,土地1建物1車位0,四層，陽台,五層,公寓(5樓含以下無電梯),住家用,640523.0,44.05,2,1,1,有,無,7300000,165721.0,,0.0,0,陽台外推；,RPQOMLOLOHJGFBA77DA,37.87,0.0,0.0,無,,49.0
中正區,建物,忠孝東路一段８６號五樓之９,0.0,,,,1130609,土地0建物1車位0,五層,十四層,住宅大樓(11層含以上有電梯),住家用,900913.0,129.07999999999998,3,2,2,有,有,20200000,156492.0,,0.0,0,僅有建物所有權 土地為向台北市管理者:台北市市場處承租；建物坐落地號：成功段二小段70地號；其他增建；,RPQOMLNJPHJGFBA57DA,70.03,1.31,7.91,有,,23.0
萬華區,房地(土地+建物),富民路１５５巷２３號三樓,25.5,住,,,1130617,土地1建物1車位0,三層,四層,公寓(5樓含以下無電梯),住家用,640107.0,82.73,3,2,1,有,無,10500000,126919.0,,0.0,0,,RPPNMLPKPHJGFBA67DA,77.87,0.0,4.86,無,,49.0
內湖區,房地(土地+建物),民權東路六段４７巷１６弄３號四樓,23.94,住,,,1130613,土地1建物1車位0,四層,五層,公寓(5樓含以下無電梯),住家用,721122.0,88.28999999999999,3,2,2,有,無,16200000,183486.0,,0.0,0,其他增建；,RPRQMLNKOHJGFCA97DA,74.62,0.0,7.96,無,,41.0
內湖區,房地(土地+建物),民權東路六段１２０巷５弄３號,32.39,住,,,1130602,土地1建物1車位0,一層,五層,公寓(5樓含以下無電梯),住家用,730130.0,104.02,4,2,1,有,無,26600000,255720.0,,0.0,0,其他增建；,RPTNMLOKOHJGFCA97DA,81.05,15.59,0.0,無,,40.0
內湖區,房地(土地+建物),內湖路二段１０３巷９２弄１２號三樓之５,25.2,住,,,1130602,土地2建物1車位0,三層,五層,華廈(10層含以下有電梯),住家用,1120216.0,54.349999999999994,0,0,0,無,有,15960000,293652.0,,0.0,0,,RPRNMLPKOHJGFCA87DA,25.68,4.07,2.94,有,1127.0,1.0
中山區,房地(土地+建物),新生北路二段２９號十樓,14.16,住,,,1130606,土地1建物1車位0,十層,十二層,住宅大樓(11層含以上有電梯),住家用,730216.0,119.5,3,2,2,有,有,26500000,221757.0,,0.0,0,,RPWPMLSKOHJGFCA88DA,86.03,2.87,24.26,有,1128.0,40.0
內湖區,房地(土地+建物)+車位,民權東路六段２２５號二樓,62.29,住,,,1130618,土地2建物1車位1,二層,十一層,住宅大樓(11層含以上有電梯),住家用,1001114.0,235.24,4,2,2,有,有,61880000,294441.0,坡道平面,33.57,2500000,其他增建；,RPQOMLOJPHJGFCA77DA,126.57,4.33,12.95,有,,13.0
內湖區,房地(土地+建物),金龍路４７巷２２號,30.87,住,,,1130613,土地1建物1車位0,一層,五層,公寓(5樓含以下無電梯),住家用,730330.0,94.93,3,2,2,有,有,22400000,235963.0,,0.0,0,,RPORMLSJPHJGFCA28DA,85.31,9.62,0.0,無,1130.0,40.0
內湖區,房地(土地+建物),康寧路一段２９２號十樓之５,14.25,,,,1130606,土地4建物1車位0,十層,十二層,住宅大樓(11層含以上有電梯),住家用,801021.0,47.540000000000006,0,1,1,有,有,11800000,248212.0,,0.0,0,,RPQNMLOKPHJGFCA77DA,27.66,1.19,3.78,有,,33.0
內湖區,房地(土地+建物),文德路６６巷１４弄２７號五樓,15.36,住,,,1130616,土地1建物1車位0,五層,七層,華廈(10層含以下有電梯),住家用,1060315.0,62.69,1,1,1,有,有,19330000,308343.0,,0.0,0,,RPTNMLPKPHJGFCA18DA,34.67,1.58,3.53,有,1135.0,7.0
松山區,房地(土地+建物),光復北路６０巷９號,26.5,住,,,1130614,土地1建物1車位0,一層，騎樓,四層,公寓(5樓含以下無電梯),住家用,630708.0,96.83,0,0,0,無,無,33000000,340803.0,,0.0,0,,RPQOMLPLOHJGFDA08DA,96.83,0.0,0.0,無,,50.0
南港區,房地(土地+建物),研究院路二段３４巷１３之１號五樓,29.78,住,,,1130611,土地1建物1車位0,五層,五層,公寓(5樓含以下無電梯),住家用,720909.0,100.34,4,2,2,有,無,14500000,144509.0,,0.0,0,,RPTOMLPLOHJGFDA38DA,90.94,0.0,9.4,無,,41.0
信義區,房地(土地+建物),中坡南路２１５巷７之１號五樓,25.86,住,,,1130609,土地1建物1車位0,五層,五層,公寓(5樓含以下無電梯),住家用,720607.0,126.68,4,2,2,有,無,20800000,164193.0,,0.0,0,頂樓加蓋；,RPTPMLRLOHJGFDA68DA,89.98,0.0,9.91,無,,41.0
信義區,房地(土地+建物),信義路五段１５０巷３３０號五樓之９,6.81,住,,,1130601,土地1建物1車位0,五層,十三層,住宅大樓(11層含以上有電梯),住家用,980408.0,49.08,1,1,1,有,有,14880000,303178.0,,0.0,0,陽台外推；,RPXNMLMJPHJGFDA28DA,22.17,4.26,3.75,有,1136.0,15.0
南港區,房地(土地+建物)+車位,南港路二段１３８號七樓,37.76,住,,,1130605,土地1建物1車位2,七層,十二層,住宅大樓(11層含以上有電梯),住家用,831221.0,237.9,3,2,2,有,有,42300000,177806.0,坡道平面,0.0,5000000,,RPVNMLMKPHJGFDA18DA,194.19,1.34,12.33,有,,29.0
信義區,房地(土地+建物)+車位,吳興街６００巷７６弄５７號二樓,44.28,住,,,1130610,土地1建物1車位3,二層,五層,華廈(10層含以下有電梯),住家用,811023.0,259.81,4,2,2,有,有,38000000,146261.0,坡道平面,0.0,0,前後陽台外推後陽台增建房間增建陽台車位共三個，價格合計為新台幣500萬元正陽台外推；其他增建；,RPXOMLMKPHJGFDA48DA,226.05,0.48,15.9,有,,32.0
士林區,房地(土地+建物)+車位,士東路２８６巷２２號五樓,51.63,住,,,1130619,土地1建物1車位1,五層,七層,華廈(10層含以下有電梯),住家用,910131.0,187.66000000000005,4,2,2,有,有,40000000,249213.0,坡道平面,38.39,2800000,其他增建；,RPSNMLPLOHJGFEA28DA,103.18,0.0,10.94,有,1138.0,22.0
北投區,房地(土地+建物)+車位,中央北路三段４０巷３４弄１７號三樓之３,15.21,住,,,1130609,土地1建物1車位1,三層,九層,華廈(10層含以下有電梯),住家用,990806.0,92.17,1,2,1,有,有,14280000,154931.0,升降機械,0.0,1000000,其他增建；,RPPPMLQLOHJGFEA28DA,42.99,3.75,4.19,有,1139.0,14.0
北投區,房地(土地+建物),尊賢街２４７號五樓之３,33.87,住,,,1130615,土地1建物1車位0,五層,六層,華廈(10層含以下有電梯),住家用,620117.0,127.3,5,2,2,有,無,27000000,212097.0,,0.0,0,陽台外推；,RPTNMLMJPHJGFEA97DA,114.59,0.0,12.71,有,,51.0
北投區,房地(土地+建物),大度路三段３０１巷２８弄５０號四樓,57.12,住,,,1130616,土地1建物1車位0,四層,十層,公寓(5樓含以下無電梯),住家用,880112.0,125.93,3,2,2,有,有,12000000,95291.0,,0.0,0,陽台外推；其他增建；,RPSOMLNJPHJGFEA08DA,71.86,34.02,8.18,無,,25.0
士林區,房地(土地+建物),中山北路七段２１９巷８號五樓之１３、五樓之１５,19.22,住,,,1130616,土地1建物1車位0,五層,七層,華廈(10層含以下有電梯),住家用,780817.0,109.14,2,2,1,有,有,21200000,194246.0,,0.0,0,其他增建；,RPQOMLOJPHJGFEA97DA,70.94,2.43,2.65,有,,35.0
北投區,房地(土地+建物),石仙路４２號五樓,26.96,住,,,1130603,土地1建物1車位0,五層,五層,公寓(5樓含以下無電梯),住家用,710924.0,101.23,3,2,2,有,無,8900000,87919.0,,0.0,0,陽台外推；其他增建；,RPVOMLLKPHJGFEA28DA,80.69,10.9,9.64,無,1141.0,42.0
北投區,房地(土地+建物),中央北路一段１９８巷４號,64.0,住,,,1130609,土地1建物1車位0,全,二層,透天厝,住家用,591104.0,111.28,0,2,2,有,無,22300000,200395.0,,0.0,0,頂樓加蓋；其他增建；,RPPNMLMKPHJGFEA67DA,111.28,0.0,0.0,無,1142.0,54.0
北投區,房地(土地+建物)+車位,稻香路１６１巷１６弄８之１號五樓,48.16,住,,,1130603,土地1建物1車位1,五層,五層,華廈(10層含以下有電梯),住家用,1100902.0,123.18,2,2,1,有,有,20800000,214172.0,坡道平面,35.4,2000000,含裝潢設備及家電,RPVNMLMKPHJGFEA28DA,47.79,4.47,4.92,有,,3.0
士林區,房地(土地+建物),德行東路３３１巷５２弄４號五樓,26.68,住,,,1130620,土地3建物1車位0,五層,五層,公寓(5樓含以下無電梯),住家用,680716.0,99.79,3,2,1,有,無,18000000,180379.0,,0.0,0,陽台外推；,RPXNMLPKPHJGFEA78DA,86.92,0.0,12.87,無,,45.0
大安區,房地(土地+建物),新生南路二段１６巷２號三樓之１,9.52,住,,,1130607,土地2建物1車位0,三層,八層,華廈(10層含以下有電梯),住家用,961220.0,45.86,2,1,1,有,有,20800000,453554.0,,0.0,0,夾層；,RPTNMLNLOHJGFFA28DA,20.11,1.59,2.46,有,1143.0,16.0
大安區,房地(土地+建物),文昌街２７８巷５號,23.57,住,,,1130602,土地3建物1車位0,一層,七層,華廈(10層含以下有電梯),住家用,700720.0,206.97,0,2,1,有,無,53880000,260328.0,,0.0,0,其他增建；,RPQNMLPJPHJGFFA08DA,84.62,102.34,0.0,有,,43.0
大安區,房地(土地+建物),通化街１７５巷２１號四樓,38.5,住,,,1130623,土地1建物1車位0,四層,四層,公寓(5樓含以下無電梯),住家用,670404.0,95.12,7,3,7,有,無,23180000,243692.0,,0.0,0,陽台外推；頂樓加蓋；,RPPOMLPKPHJGFFA18DA,81.59,0.0,13.53,無,,46.0
文山區,房地(土地+建物),指南路三段２２巷４號三樓,32.01,住,,,1130614,土地1建物1車位0,三層,三層,公寓(5樓含以下無電梯),住家用,721224.0,77.14,3,0,1,有,無,10100000,130931.0,,0.0,0,頂樓加蓋；,RPRNMLQKPHJGFAA97EA,55.69,0.0,6.14,無,,40.0
中山區,房地(土地+建物),合江街１３０巷８號,29.75,住,,,1130618,土地1建物1車位0,一層,四層,公寓(5樓含以下無電梯),住家用,560918.0,73.66,3,2,2,有,無,22280000,302471.0,,0.0,0,含土地增值稅或其他稅費52919元；其他 信託履約:8000元；,RPUNMLQKPHJGFCA48EA,73.66,0.0,0.0,無,,57.0
信義區,房地(土地+建物)+車位,光復南路４２１巷６號五樓之２,8.86,住,,,1130612,土地1建物1車位1,五層,九層,華廈(10層含以下有電梯),住家用,1070814.0,68.19999999999999,1,1,1,有,有,26600000,390029.0,升降機械,19.57,0,,RPQNMLQKPHJGFDA18EA,23.4,2.0,6.89,有,1146.0,6.0
北投區,房地(土地+建物),稻香路１６１巷９號八樓之６,8.12,住,,,1130609,土地1建物1車位0,八層,十一層,住宅大樓(11層含以上有電梯),住家用,930312.0,41.85,1,1,1,有,有,7600000,181601.0,,0.0,0,陽台外推；夾層；其他增建；,RPRNMLRKPHJGFEA48EA,21.83,0.62,6.35,有,1147.0,20.0
文山區,房地(土地+建物),興隆路二段１５３巷８弄２號三樓,41.86,住,,,1130612,土地1建物1車位0,三層,四層,公寓(5樓含以下無電梯),住家用,670113.0,94.29,3,2,1,有,無,13800000,146357.0,,0.0,0,陽台外推；其他增建；,RPRNMLQKOHJGFAA77DA,80.35,0.0,13.94,無,,46.0
文山區,房地(土地+建物),仙岩路２２巷９號十四樓之３,32.28,住,,,1130608,土地1建物1車位0,十四層,二十層,住宅大樓(11層含以上有電梯),住家用,840411.0,146.03,4,2,2,有,有,26300000,180100.0,,0.0,0,陽台外推；其他增建；,RPQNMLRLOHJGFAA87DA,105.36,5.37,12.88,有,,29.0
中正區,房地(土地+建物),羅斯福路三段８４巷１２弄１９號三樓,26.5,住,,,1130616,土地1建物1車位0,三層，陽臺,四層,公寓(5樓含以下無電梯),住家用,,75.5,3,2,1,有,無,20050000,265563.0,,0.0,0,陽台外推；其他增建；,RPQNMLOJPHJGFAA47DA,75.5,0.0,0.0,無,1149.0,
中正區,房地(土地+建物)+車位,和平西路二段９６號三樓,14.99,住,,,1130626,土地1建物1車位1,三層,十層,華廈(10層含以下有電梯),住家用,1040318.0,115.12,2,2,1,有,有,30500000,314368.0,升降機械,24.78,2100000,,RPQNMLRJPHJGFAA77DA,45.25,6.97,4.06,有,1150.0,9.0
中正區,房地(土地+建物),辛亥路一段３號十四樓,18.2,住,,,1130618,土地2建物1車位0,十四層,十七層,住宅大樓(11層含以上有電梯),住家用,770908.0,161.21,4,2,2,有,有,47700000,295887.0,,0.0,0,陽台外推；,RPQOMLPKPHJGFAA77DA,135.59,0.0,15.24,有,,36.0
中正區,房地(土地+建物),羅斯福路三段２１０巷８弄８號三樓,38.75,住,,,1130602,土地2建物1車位0,三層，陽台,六層,華廈(10層含以下有電梯),住家用,650825.0,142.33,4,2,2,有,無,38500000,270498.0,,0.0,0,共有人數2人其他增建；,RPUNMLRKPHJGFAA28DA,142.33,0.0,0.0,有,,48.0
中正區,房地(土地+建物)+車位,臨沂街６１巷２號五樓之１,93.29,住,,,1130613,土地1建物1車位3,五層，六層,六層,華廈(10層含以下有電梯),住家用,1010625.0,436.74,4,3,4,有,有,137350000,368558.0,坡道機械,102.6,14200000,,RPRPMLTKOHJGFBA38DA,188.94,1.3,59.92,有,,12.0
萬華區,房地(土地+建物)+車位,中華路二段３６４巷２４弄１號六樓之１,38.33,住,,,1130623,土地1建物1車位1,六層,十四層,住宅大樓(11層含以上有電梯),住家用,1010625.0,177.54,4,2,2,有,有,39000000,219669.0,坡道平面,0.0,0,,RPPNMLQJPHJGFBA67DA,95.5,0.0,9.88,有,1151.0,12.0
中正區,房地(土地+建物),丹陽街２７號四樓,49.25,住,,,1130627,土地1建物1車位0,四層,七層,華廈(10層含以下有電梯),住家用,861028.0,178.5,3,2,2,有,無,62000000,347339.0,,0.0,0,本案含地下1層第5號坡道平面停車位一個之使用權。本案另有鐵鋁窗增建。陽台外推；,RPQOMLTJPHJGFBA18DA,103.3,2.85,13.08,有,,27.0
萬華區,房地(土地+建物)+車位,民和街９８號十一樓之１,21.25,住,,,1130628,土地1建物1車位1,十一層,十五層,住宅大樓(11層含以上有電梯),住家用,1121213.0,161.34,3,2,2,有,無,32480000,230793.0,坡道平面,34.04,3100000,,RPRNMLQKPHJGFBA97DA,73.74,5.31,5.82,有,,1.0
萬華區,房地(土地+建物)+車位,民和街９６號四樓之１,33.79,住,,,1130628,土地1建物1車位1,四層,十五層,住宅大樓(11層含以上有電梯),住家用,1121213.0,236.61,4,2,2,有,無,43200000,199190.0,坡道平面,34.04,2850000,,RPSNMLQKPHJGFBA08DA,112.36,12.13,10.5,有,,1.0
萬華區,房地(土地+建物)+車位,民和街９６號七樓,33.61,住,,,1130628,土地1建物1車位1,七層,十五層,住宅大樓(11層含以上有電梯),住家用,1121213.0,235.65999999999997,4,2,2,有,無,45000000,208313.0,坡道平面,34.04,3000000,,RPUNMLQKPHJGFBA28DA,112.56,12.13,9.73,有,,1.0
中山區,房地(土地+建物),遼寧街１０７之２號三樓之１,36.37,住,,,1130603,土地2建物1車位0,三層,四層,公寓(5樓含以下無電梯),住家用,620118.0,105.59,3,2,1,有,無,26250000,248603.0,,0.0,0,陽台外推；其他增建；,RPWOMLSLOHJGFCA88DA,89.61,0.0,15.98,無,,51.0
中山區,房地(土地+建物),松江路２５巷５號四樓,8.83,住,,,1130606,土地1建物1車位0,四層,十一層,住宅大樓(11層含以上有電梯),住家用,971118.0,46.629999999999995,0,1,1,有,有,15690000,336479.0,,0.0,0,陽台外推；夾層；其他增建；,RPVOMLMJPHJGFCA08DA,17.75,6.71,4.31,有,1153.0,16.0
內湖區,房地(土地+建物)+車位,民權東路六段４２３巷９弄１５號五樓之２,21.43,住,,,1130610,土地1建物1車位1,五層,五層,華廈(10層含以下有電梯),住家用,1030605.0,55.32,1,1,1,有,有,15500000,330813.0,塔式車位,13.0,1500000,陽台外推；其他增建；,RPOPMLMJPHJGFCA47DA,23.65,3.11,2.61,有,1154.0,10.0
中山區,房地(土地+建物),北安路８２９號五樓之７,5.94,住,,,1130621,土地2建物1車位0,五層,十四層,住宅大樓(11層含以上有電梯),住家用,991224.0,46.98,0,0,0,無,有,15200000,323542.0,,0.0,0,套房,RPOPMLLKPHJGFCA47DA,24.81,0.79,3.62,有,1155.0,13.0
信義區,房地(土地+建物),忠孝東路五段７９０巷５７弄１０號二樓,35.75,住,,,1130602,土地1建物1車位0,二層,四層,公寓(5樓含以下無電梯),住家用,611226.0,100.41,3,2,2,有,無,23980000,238821.0,,0.0,0,陽台外推；其他增建；,RPUPMLNKOHJGFDA28DA,88.27,0.0,12.14,無,,51.0
信義區,房地(土地+建物)+車位,中坡南路２２巷７號六樓之３,17.76,住,,,1130617,土地1建物1車位1,六層,七層,華廈(10層含以下有電梯),住家用,1021107.0,116.49,3,2,1,有,有,35200000,336801.0,升降機械,19.4,2500000,夾層；其他增建；,RPUQMLRKOHJGFDA78DA,55.34,9.66,2.94,有,1162.0,11.0
松山區,房地(土地+建物),民權東路三段１０６巷３弄５５之３號十一樓,17.58,住,,,1130609,土地1建物1車位0,十一層,十五層,住宅大樓(11層含以上有電梯),住家用,780731.0,157.31,3,2,2,有,有,41000000,260648.0,,0.0,0,其他增建；,RPOOMLQLOHJGFDA97DA,138.58,0.0,12.49,有,,35.0
南港區,房地(土地+建物),興南街６４巷６弄１３號七樓,26.41,住,,,1130611,土地1建物1車位0,七層,十一層,住宅大樓(11層含以上有電梯),住家用,830223.0,103.26,2,2,2,有,有,26080000,252566.0,,0.0,0,陽台外推；其他增建；,RPOOMLRLOHJGFDA08DA,60.73,5.36,7.4,有,,30.0
信義區,房地(土地+建物),信義路六段１１７號二樓,23.25,住,,,1130626,土地1建物1車位0,二層，陽台,四層,公寓(5樓含以下無電梯),住家用,610309.0,65.1,3,1,1,有,無,15100000,231951.0,,0.0,0,,RPVPMLLKPHJGFDA28DA,65.1,0.0,0.0,無,,52.0
北投區,房地(土地+建物),中央北路三段１６８巷１號三樓,20.83,住,,,1130612,土地2建物1車位0,三層,五層,公寓(5樓含以下無電梯),住家用,701007.0,71.77,3,2,1,有,無,11000000,153267.0,,0.0,0,陽台外推；,RPOQMLRLOHJGFEA38DA,63.51,0.0,8.26,無,1165.0,43.0
北投區,房地(土地+建物),溫泉路８２之７號三樓,32.69,住,,,1130608,土地1建物1車位0,三層,五層,公寓(5樓含以下無電梯),住家用,760207.0,93.36,3,2,2,有,無,12880000,137961.0,,0.0,0,含其他增建:鐵鋁窗增建其他增建；,RPXPMLLKPHJGFEA58DA,83.31,0.0,7.62,無,,38.0
士林區,房地(土地+建物),中社路一段１１巷１０１號,97.5,住,,,1130609,土地1建物1車位0,一層,四層,公寓(5樓含以下無電梯),住家用,640801.0,103.75,5,2,3,有,無,16800000,161928.0,,0.0,0,其他增建；,RPUNMLPKPHJGFEA48DA,103.75,0.0,0.0,無,,49.0
北投區,房地(土地+建物),中山北路七段２１９巷３弄１０９號,25.13,住,,,1130625,土地1建物1車位0,一層,七層,華廈(10層含以下有電梯),住家用,730920.0,107.4,3,2,1,有,有,17580000,163687.0,,0.0,0,其他增建；,RPOPMLPKPHJGFEA08DA,72.0,17.61,0.0,有,,40.0
北投區,房地(土地+建物)+車位,中和街３９１巷２弄１號、１之１號,24.88,住,,,1130621,土地1建物2車位1,一層,六層,華廈(10層含以下有電梯),住家用,910514.0,94.05,2,2,2,有,有,11500000,122275.0,升降機械,23.43,0,,RPSPMLQKPHJGFEA58DA,17.0,0.81,0.0,有,,22.0
大安區,房地(土地+建物)+車位,敦化南路一段１３８號十三樓,13.43,住,,,1130619,土地2建物1車位1,十三層,二十三層,住宅大樓(11層含以上有電梯),住家用,1090909.0,211.81,3,2,2,有,有,103880000,553557.0,坡道平面,32.28,4500000,,RPQPMLOJPHJGFFA18DA,107.13,5.78,7.06,有,,4.0
大安區,房地(土地+建物)+車位,永康街１７之１號四樓,19.25,住,,,1130628,土地1建物1車位2,四層,九層,華廈(10層含以下有電梯),住家用,1021231.0,133.51,2,2,1,有,有,48650000,427238.0,塔式車位,30.64,4700000,成交總價4865萬，其中拆分土地價款37947000元，建物價款10703000元。,RPTNMLQKPHJGFFA58DA,49.33,7.73,6.38,有,,10.0
文山區,房地(土地+建物),興隆路四段９６巷３弄３號三樓,31.5,住,,,1130620,土地1建物1車位0,三層,四層,公寓(5樓含以下無電梯),住家用,661005.0,93.38,3,1,1,有,無,12900000,138145.0,,0.0,0,,RPPNMLRKPHJGFAA87EA,78.41,0.0,14.97,無,,47.0
中正區,房地(土地+建物),延平南路１９５巷５號二樓,40.09,住,,,1130620,土地1建物1車位0,二層,五層,華廈(10層含以下有電梯),住家用,811229.0,128.69,3,2,2,有,有,36860000,286425.0,,0.0,0,,RPQNMLRKPHJGFAA97EA,91.3,1.63,9.23,有,,31.0
內湖區,房地(土地+建物),內湖路一段３２３巷２１弄１１號三樓,35.12,住,,,1130609,土地1建物1車位0,三層,四層,公寓(5樓含以下無電梯),住家用,661201.0,85.77,3,2,2,有,無,17300000,201702.0,,0.0,0,陽台外推；,RPTNMLQKPHJGFCA38EA,75.83,0.0,9.94,無,1169.0,47.0
大安區,建物,永康街３７巷３１號,0.0,,,,1130624,土地0建物1車位0,一層，露台,六層,華廈(10層含以下有電梯),住家用,,131.97,0,0,0,無,無,19500000,147761.0,,0.0,0,交易總價包含臺北市大安區金華段一小段312地號地上權設定權利範圍33.62平方公尺之讓與價款在內；建物坐落地號：金華段一小段312地號；,RPPNMLRKPHJGFFA38EA,131.97,0.0,0.0,有,,
文山區,房地(土地+建物),興隆路三段２０７巷１８弄５號三樓,24.12,住,,,1130616,土地1建物1車位0,三層,五層,公寓(5樓含以下無電梯),住家用,730830.0,91.09,3,2,1,有,有,11100000,121858.0,,0.0,0,陽台外推；,RPUNMLLLOHJGFAA67DA,67.47,0.0,14.11,無,1171.0,40.0
文山區,房地(土地+建物)+車位,萬芳路１１１號三樓,26.55,住,,,1130612,土地1建物1車位1,三層,七層,華廈(10層含以下有電梯),住家用,1050805.0,126.15,2,2,1,有,有,25000000,198177.0,坡道機械,13.48,0,其他增建；,RPOOMLSJPHJGFAA77DA,59.32,6.59,6.71,有,1173.0,8.0
文山區,房地(土地+建物),木柵路二段１０９巷２５弄８６號,50.04,住,,,1130618,土地1建物1車位0,一層,四層,公寓(5樓含以下無電梯),住家用,711220.0,91.68,3,2,3,有,無,15000000,163613.0,,0.0,0,本案含一樓法定空地及平台增建。其他增建；,RPROMLSJPHJGFAA08DA,79.59,12.09,0.0,無,1174.0,41.0
中山區,房地(土地+建物)+車位,民生東路二段１１５巷１０號三樓,27.24,住,,,1130616,土地1建物1車位2,三層,十三層,住宅大樓(11層含以上有電梯),住家用,1101201.0,230.67,4,2,2,有,有,53060000,230026.0,坡道平面,0.0,0,,RPVNMLTKOHJGFCA68DA,92.46,6.24,11.28,有,,3.0
中山區,房地(土地+建物),松江路１６４巷５號四樓,23.0,住,,,1130622,土地1建物1車位0,四層,四層,公寓(5樓含以下無電梯),住家用,630509.0,53.62,3,2,1,有,無,14600000,272286.0,,0.0,0,頂樓加蓋；其他增建；,RPUNMLMJPHJGFCA87DA,53.62,0.0,0.0,無,,50.0
內湖區,房地(土地+建物)+車位,內湖路一段３８７巷８號十樓,40.3,住,,,1130610,土地1建物1車位3,十層,十四層,住宅大樓(11層含以上有電梯),住家用,1001213.0,337.47,2,2,2,有,有,77800000,301527.0,坡道平面,107.64,8500000,,RPSPMLMJPHJGFCA87DA,131.66,12.22,13.05,有,1178.0,12.0
中山區,房地(土地+建物),大直街３３巷７號三樓,27.32,住,,,1130609,土地1建物1車位0,三層,五層,公寓(5樓含以下無電梯),住家用,721205.0,109.5,3,2,2,有,無,27750000,253425.0,,0.0,0,陽台外推；其他增建；,RPOOMLOJPHJGFCA57DA,83.8,0.0,13.96,無,1179.0,41.0
內湖區,房地(土地+建物),環山路一段９６號三樓,33.82,住,,,1130608,土地1建物1車位0,三層,四層,公寓(5樓含以下無電梯),住家用,670130.0,95.32,3,2,1,有,無,17000000,178347.0,,0.0,0,其他增建；,RPQOMLTJPHJGFCA28DA,90.95,0.0,4.37,無,,46.0
南港區,房地(土地+建物)+車位,經貿二路２３５巷３３號二十一樓,104.11,住,,,1130607,土地1建物1車位4,二十一層,二十一層,住宅大樓(11層含以上有電梯),住家用,1031204.0,629.8199999999999,4,2,5,有,有,178000000,319513.0,坡道平面,110.28,12000000,,RPXOMLRLOHJGFDA98DA,317.24,0.0,32.1,有,1182.0,10.0
信義區,房地(土地+建物),吳興街２８４巷１３弄８號四樓之２,5.03,住,,,1130626,土地1建物1車位0,四層,七層,華廈(10層含以下有電梯),住家用,821123.0,27.79,0,0,0,無,有,8000000,287873.0,,0.0,0,,RPWPMLSLOHJGFDA09DA,16.51,0.4,4.32,有,1183.0,31.0
松山區,建物,南京東路五段３８９巷６弄１１號三樓之３,0.0,,,,1130617,土地0建物1車位0,三層，夾層,三層,華廈(10層含以下有電梯),住家用,950119.0,56.69,1,2,2,有,有,7800000,137590.0,,0.0,0,建物坐落地號：寶清段一小段552地號；,RPSPMLMJPHJGFDA97DA,31.03,0.0,6.79,有,,18.0
信義區,房地(土地+建物)+車位,中坡南路２０１巷１８之３號六樓,14.81,住,,,1130604,土地1建物1車位1,六層,二十層,住宅大樓(11層含以上有電梯),住家用,1100423.0,140.37,2,2,1,有,有,37500000,315985.0,坡道平面,32.77,3500000,,RPSNMLSJPHJGFDA38DA,55.65,10.22,5.2,有,,3.0
北投區,房地(土地+建物),杏林二路３２之１號五樓,17.68,住,,,1130604,土地2建物1車位0,五層,五層,華廈(10層含以下有電梯),住家用,820629.0,74.78999999999999,3,2,2,有,無,13750000,183848.0,,0.0,0,陽台外推；夾層；其他增建；,RPRNMLRKOHJGFEA28DA,50.58,4.05,4.84,有,1188.0,31.0
士林區,房地(土地+建物),葫蘆街６１巷８號二樓,32.9,住,,,1130624,土地2建物1車位0,二層,四層,公寓(5樓含以下無電梯),住家用,680608.0,94.19,3,2,1,有,無,13300000,141204.0,,0.0,0,陽台外推；其他增建；,RPUPMLLKPHJGFEA28DA,83.11,0.0,11.08,無,,45.0
士林區,房地(土地+建物)+車位,士東路２巷１７號二樓,41.94,住,,,1130612,土地1建物1車位1,二層,十層,華廈(10層含以下有電梯),住家用,921106.0,182.55,3,2,2,有,有,43800000,239934.0,坡道平面,0.0,3000000,陽台加窗。陽台外推；其他增建；,RPPPMLRKPHJGFEA38DA,88.82,0.0,9.2,有,,21.0
文山區,房地(土地+建物),辛亥路五段５５巷１２號二樓,29.44,住,,,1130616,土地6建物1車位0,二層,五層,公寓(5樓含以下無電梯),住家用,710907.0,105.78,3,2,2,有,無,12500000,118170.0,,0.0,0,,RPPNMLTKPHJGFAA08EA,90.35,0.0,15.43,無,,42.0
萬華區,房地(土地+建物)+車位,青年路１５２巷２４號六樓之１,18.85,住,,,1130612,土地4建物1車位1,六層,十四層,住宅大樓(11層含以上有電梯),住家用,970103.0,88.28999999999999,3,2,2,有,有,14000000,158568.0,坡道平面,0.0,0,,RPRNMLMLPHJGFBA77EA,48.05,0.0,4.67,有,1190.0,16.0
南港區,房地(土地+建物),市民大道八段５２５號四樓,13.41,住,,,1130626,土地1建物1車位0,四層,七層,華廈(10層含以下有電梯),住家用,1130220.0,54.5,1,1,1,有,無,14268105,261800.0,,0.0,0,因面積增加，新增金額278105元正預售屋、或土地及建物分件登記案件；,RPPNMLRKPHJGFDA18EA,29.74,0.63,3.74,有,,
南港區,房地(土地+建物),市民大道八段５２５號五樓,13.41,住,,,1130625,土地1建物1車位0,五層,七層,華廈(10層含以下有電梯),住家用,1130220.0,54.5,1,1,1,有,無,14686255,269473.0,,0.0,0,因面積增加，補286255元預售屋、或土地及建物分件登記案件；,RPQNMLRKPHJGFDA28EA,29.74,0.63,3.74,有,,
大安區,房地(土地+建物),大安路一段２０２號五樓之９,3.38,住,,,1130602,土地1建物1車位0,五層,十二層,住宅大樓(11層含以上有電梯),住家用,971028.0,33.47,1,1,1,有,有,17650000,527338.0,,0.0,0,其他增建；,RPPNMLTKPHJGFFA58EA,18.39,1.39,1.75,有,,16.0
文山區,房地(土地+建物),富山路１巷１４號,23.52,住,,,1130601,土地1建物1車位0,一層，停車場,五層,公寓(5樓含以下無電梯),住家用,671115.0,84.35,3,2,2,有,無,19200000,227623.0,,0.0,0,平台、防火巷、地下室、側面、後院增建其他增建；,RPUNMLMLOHJGFAA77DA,64.62,12.85,0.0,無,,46.0
文山區,房地(土地+建物),辛亥路四段１０１巷３０號二樓,30.15,住,,,1130620,土地1建物1車位0,二層,五層,公寓(5樓含以下無電梯),住家用,740607.0,98.02,3,2,2,有,無,16000000,163232.0,,0.0,0,陽台外推；其他增建；,RPWNMLOLOHJGFAA18DA,88.91,0.0,6.7,無,,39.0
中正區,房地(土地+建物),金門街９之１９號三樓,29.0,住,,,1130608,土地1建物1車位0,三層,六層,華廈(10層含以下有電梯),住家用,690128.0,133.0,3,2,2,有,有,32300000,242857.0,,0.0,0,,RPVNMLPLOHJGFAA18DA,106.15,0.0,10.7,有,,44.0
文山區,房地(土地+建物),興隆路三段１３７號六樓之２,5.86,住,,,1130609,土地1建物1車位0,六層,十層,華廈(10層含以下有電梯),住家用,970523.0,27.85,0,1,1,有,有,8600000,308797.0,,0.0,0,夾層；,RPWNMLRLOHJGFAA48DA,14.14,1.43,2.3,有,1191.0,16.0
萬華區,房地(土地+建物),大埔街１０號三樓,12.25,住,,,1130610,土地1建物1車位0,三層,四層,公寓(5樓含以下無電梯),住家用,621115.0,41.55,1,2,1,有,無,8580000,206498.0,,0.0,0,其他增建；,RPUNMLRLOHJGFBA38DA,41.55,0.0,0.0,無,,51.0
中正區,房地(土地+建物),仁愛路二段７１號二樓之４,19.89,住,,,1130611,土地2建物1車位0,二層，陽臺,十二層,住宅大樓(11層含以上有電梯),住家用,651213.0,154.37,3,2,2,有,有,49500000,320658.0,,0.0,0,陽台外推；,RPWNMLSJPHJGFBA58DA,130.63,0.0,0.0,有,,47.0
大同區,房地(土地+建物),延平北路四段１７９巷１４號四樓,23.0,住,,,1130613,土地1建物1車位0,四層,四層,公寓(5樓含以下無電梯),住家用,581001.0,76.17,2,2,1,有,無,13300000,174609.0,,0.0,0,陽台外推；,RPTNMLMKPHJGFBA77DA,76.17,0.0,0.0,無,1194.0,55.0
萬華區,房地(土地+建物),長泰街２８２巷４弄３號,24.75,住,,,1130629,土地1建物1車位0,一層,四層,公寓(5樓含以下無電梯),住家用,581201.0,70.3,2,2,1,有,無,11000000,156472.0,,0.0,0,其他增建；,RPQNMLTKPHJGFBA18DA,70.3,0.0,0.0,無,1195.0,55.0
萬華區,房地(土地+建物),長泰街１２號二樓,15.54,住,,,1130617,土地1建物1車位0,二層,五層,公寓(5樓含以下無電梯),住家用,681105.0,60.83,2,1,1,有,無,12000000,197271.0,,0.0,0,陽台外推；其他增建；,RPRNMLTKPHJGFBA28DA,53.47,0.0,7.36,無,1196.0,45.0
內湖區,房地(土地+建物),康樂街１３１巷２弄１５號,64.6,住,,,1130612,土地1建物1車位0,一層,五層,公寓(5樓含以下無電梯),住家用,771212.0,195.49,3,3,3,有,無,35000000,179037.0,,0.0,0,夾層；,RPTPMLQKPHJGFCA48DA,101.51,77.67,5.93,無,,36.0
信義區,房地(土地+建物),吳興街３４５號三樓,34.0,住,,,1130621,土地2建物1車位0,三層,四層,公寓(5樓含以下無電梯),住家用,680801.0,113.23,4,3,3,有,無,26500000,234037.0,,0.0,0,陽台外推；,RPROMLQKPHJGFDA28DA,85.6,0.0,27.63,無,1202.0,45.0
士林區,房地(土地+建物),東山路１００巷３號,24.97,住,,,1130610,土地1建物1車位0,一層,五層,公寓(5樓含以下無電梯),住家用,730713.0,107.21,3,2,2,有,無,25500000,237851.0,,0.0,0,其他增建；,RPWNMLOJPHJGFEA48DA,85.13,13.74,0.0,無,1205.0,40.0
士林區,房地(土地+建物),忠義街７１巷１３弄７號三樓,25.41,住,,,1130616,土地1建物1車位0,三層,五層,公寓(5樓含以下無電梯),住家用,700317.0,99.34,3,2,2,有,無,19880000,200121.0,,0.0,0,陽台外推；其他增建；,RPTNMLPJPHJGFEA28DA,86.92,0.0,12.42,無,,43.0
北投區,房地(土地+建物)+車位,三合街一段７９巷３６號七樓,45.34,住,,,1130608,土地1建物1車位2,七層,九層,華廈(10層含以下有電梯),住家用,1050712.0,305.65,4,2,3,有,有,63000000,267096.0,坡道平面,88.5,5000000,,RPSNMLRJPHJGFEA38DA,125.74,2.79,12.36,有,1206.0,8.0
士林區,房地(土地+建物),天母北路５６號二十樓之１,9.31,住,,,1130627,土地1建物1車位0,二十層,二十四層,住宅大樓(11層含以上有電梯),住家用,1090703.0,76.80000000000001,1,1,1,有,有,25500000,332031.0,,0.0,0,,RPQOMLPKPHJGFEA18DA,45.95,0.99,3.19,有,,4.0
北投區,房地(土地+建物)+車位,北科路１９０號十一樓,47.03,住,,,1130612,土地1建物1車位1,十一層,十三層,住宅大樓(11層含以上有電梯),住家用,1130126.0,216.63,3,2,2,有,有,62400000,322388.0,坡道平面,32.07,2900000,,RPQNMLMLPHJGFEA87DA,109.62,0.0,10.95,有,,
大安區,房地(土地+建物),瑞安街２０８巷１４弄２號,32.6,住,,,1130602,土地1建物1車位0,一層,五層,公寓(5樓含以下無電梯),住家用,730228.0,118.02,3,2,2,有,無,34880000,295543.0,,0.0,0,其他增建；,RPTNMLOLOHJGFFA38DA,96.12,12.5,0.0,無,,40.0
大安區,房地(土地+建物),辛亥路三段１５７巷２４弄７號四樓,36.75,住,,,1130604,土地1建物1車位0,四層，陽臺,四層,公寓(5樓含以下無電梯),住家用,631224.0,103.94,3,2,1,有,無,18000000,173177.0,,0.0,0,陽台外推；其他增建；,RPRNMLKKPHJGFFA77DA,103.94,0.0,0.0,無,,49.0
大安區,房地(土地+建物),泰順街６０巷１０號七樓,26.69,住,,,1130613,土地10建物1車位0,七層,七層,華廈(10層含以下有電梯),住家用,691017.0,146.09,3,2,2,有,無,42500000,290917.0,,0.0,0,陽台外推；其他增建；,RPXNMLRKPHJGFFA09DA,121.51,0.0,19.4,有,1208.0,44.0
內湖區,房地(土地+建物),環山路二段１２９號二樓,27.06,住,,,1130601,土地2建物1車位0,二層,五層,公寓(5樓含以下無電梯),住家用,700128.0,101.42,3,2,2,有,無,17200000,169592.0,,0.0,0,,RPQNMLTKPHJGFCA38EA,91.23,0.0,10.19,無,,43.0
信義區,房地(土地+建物),信義路六段７６巷２弄７８號二樓,24.2,住,,,1130629,土地1建物1車位0,二層,五層,公寓(5樓含以下無電梯),住家用,680213.0,89.11,3,2,1,有,無,19200000,215464.0,,0.0,0,,RPPNMLMLPHJGFDA77EA,77.27,0.0,11.84,無,,45.0
松山區,房地(土地+建物),光復南路６６巷５８號四樓,33.75,住,,,1130609,土地1建物1車位0,四層，陽臺,四層,公寓(5樓含以下無電梯),住家用,620330.0,78.46,3,2,2,有,無,25500000,325006.0,,0.0,0,頂樓加蓋；,RPQNMLMLPHJGFDA87EA,78.46,0.0,0.0,無,1213.0,51.0
文山區,房地(土地+建物),興隆路四段５２巷１號四樓,21.95,住,,,1130601,土地2建物1車位0,四層,五層,公寓(5樓含以下無電梯),住家用,710522.0,87.72,6,0,6,有,無,13800000,157319.0,,0.0,0,陽台外推；,RPQNMLOKOHJGFAA47DA,79.21,0.0,8.51,無,,42.0
文山區,房地(土地+建物)+車位,興隆路四段１３１號四樓,25.48,住,,,1130618,土地1建物1車位1,四層,十四層,住宅大樓(11層含以上有電梯),住家用,841122.0,141.27,3,2,1,有,有,23380000,165499.0,坡道平面,0.0,2500000,車位面積無法概算陽台外推；其他增建；,RPTOMLMJPHJGFAA67DA,68.2,2.78,7.16,有,,29.0
文山區,房地(土地+建物)+車位,萬壽路１７巷１號五樓,23.45,住,,,1130622,土地1建物1車位1,五層,十層,華廈(10層含以下有電梯),住家用,1020325.0,126.63,3,1,1,有,有,25000000,233621.0,坡道平面,30.32,2500000,,RPUOMLNJPHJGFAA87DA,54.88,4.27,7.32,有,1214.0,11.0
文山區,房地(土地+建物)+車位,三福街７５號二樓之１,15.38,住,,,1130615,土地1建物1車位1,二層,十五層,住宅大樓(11層含以上有電梯),住家用,1030127.0,154.44,2,2,1,有,有,28550000,239298.0,坡道平面,45.58,2500000,含租約；,RPPNMLRJPHJGFAA67DA,61.86,4.3,8.05,有,1215.0,10.0
中正區,房地(土地+建物),羅斯福路二段８巷８之３號,15.21,住,,,1130627,土地1建物1車位0,一層,九層,華廈(10層含以下有電梯),住家用,1000408.0,82.58,2,1,1,有,有,37500000,454105.0,,0.0,0,陽台外推；其他增建；,RPVNMLKKPHJGFAA67DA,41.52,2.46,8.71,有,,13.0
中正區,房地(土地+建物),詔安街２６巷６弄８號四樓,30.5,住,,,1130624,土地1建物1車位0,四層，陽臺,四層,公寓(5樓含以下無電梯),住家用,630225.0,84.33,2,2,1,有,無,14500000,171944.0,,0.0,0,陽台外推；頂樓加蓋；其他增建；,RPOPMLPKPHJGFAA67DA,84.33,0.0,0.0,無,,50.0
文山區,房地(土地+建物)+車位,辛亥路六段２７號八樓,36.35,住,,,1130608,土地2建物1車位2,八層,十一層,住宅大樓(11層含以上有電梯),住家用,970418.0,206.06,3,2,2,有,有,37600000,217146.0,坡道機械,46.72,3000000,新台幣參佰萬元整，因該車位為子母車位不另行拆算個別價格。其他增建；,RPQNMLSKPHJGFAA97DA,93.07,7.56,6.39,有,1216.0,16.0
萬華區,房地(土地+建物),青年路３０巷６號四樓,22.05,住,,,1130625,土地1建物1車位0,四層,十二層,住宅大樓(11層含以上有電梯),住家用,760316.0,104.73,3,2,2,有,有,21080000,201279.0,,0.0,0,,RPPOMLSJPHJGFBA97DA,70.63,0.0,10.72,有,,37.0
內湖區,房地(土地+建物),民權東路六段１０６號五樓,31.47,住,,,1130606,土地1建物1車位0,五層,五層,公寓(5樓含以下無電梯),住家用,691024.0,130.88,3,3,2,有,無,18500000,141351.0,,0.0,0,,RPORMLSKOHJGFCA28DA,93.88,21.81,15.19,無,,44.0
中山區,房地(土地+建物),建國北路二段３５號四樓之１,5.45,住,,,1130609,土地5建物1車位0,四層,十五層,住宅大樓(11層含以上有電梯),住家用,770524.0,47.61,1,1,1,有,有,13000000,273052.0,,0.0,0,鐵鋁窗外推陽台外推；其他增建；,RPROMLPLOHJGFCA08DA,28.21,0.0,6.57,有,,36.0
內湖區,房地(土地+建物)+車位,五分街７２巷５號十二樓之２,26.2,住,,,1130611,土地1建物1車位1,十二層,十二層,住宅大樓(11層含以上有電梯),住家用,961025.0,151.09,2,2,2,有,有,33500000,265320.0,坡道平面,34.25,2500000,陽台外推；其他增建；,RPXOMLSLOHJGFCA98DA,86.54,5.79,6.61,有,,17.0
中山區,房地(土地+建物),新生北路三段８７巷３０號二樓,34.67,住,,,1130608,土地2建物1車位0,二層,三層,公寓(5樓含以下無電梯),住家用,560630.0,74.97,4,0,2,有,無,14880000,198479.0,,0.0,0,陽台外推；,RPRNMLMJPHJGFCA57DA,74.97,0.0,0.0,無,,57.0
內湖區,房地(土地+建物),港華街８５巷１９號五樓,26.42,住,,,1130616,土地1建物1車位0,五層,五層,公寓(5樓含以下無電梯),住家用,720611.0,119.88,3,2,2,有,無,19600000,163497.0,,0.0,0,,RPSNMLMJPHJGFCA67DA,88.45,0.0,8.47,無,,41.0
內湖區,房地(土地+建物),金龍路１１２巷３６號五樓,20.2,住,,,1130608,土地2建物1車位0,五層,五層,公寓(5樓含以下無電梯),住家用,720516.0,74.27,2,2,1,有,有,14050000,189175.0,,0.0,0,陽台外推；頂樓加蓋；其他增建；,RPUNMLMLPHJGFCA08DA,63.46,0.0,10.81,無,1226.0,41.0
內湖區,房地(土地+建物),內湖路一段２１７巷８３號二樓,43.8,住,,,1130622,土地1建物1車位0,二層,七層,華廈(10層含以下有電梯),住家用,721117.0,134.36,3,2,2,有,有,18600000,138434.0,,0.0,0,陽台外推；,RPWNMLMLPHJGFCA28DA,90.1,0.0,9.31,有,,41.0
信義區,房地(土地+建物),林口街５１號三樓,24.25,住,,,1130603,土地2建物1車位0,三層，陽臺,四層,公寓(5樓含以下無電梯),住家用,630801.0,72.11,3,2,1,有,無,16500000,228817.0,,0.0,0,陽台外推；其他增建；,RPVNMLQLOHJGFDA58DA,72.11,0.0,0.0,無,,50.0
松山區,房地(土地+建物),三民路９號三樓之１２,11.13,住,,,1130617,土地3建物1車位0,三層，陽臺,八層,華廈(10層含以下有電梯),住家用,640106.0,66.85,1,2,1,有,有,19680000,294390.0,,0.0,0,,RPSPMLRLOHJGFDA58DA,0.0,0.0,0.0,有,1228.0,49.0
信義區,房地(土地+建物),松山路６５６巷１２號三樓,42.69,,,,1130610,土地3建物1車位0,三層,四層,公寓(5樓含以下無電梯),住家用,651209.0,98.07,3,2,1,有,有,12500000,127460.0,,0.0,0,陽台外推；其他增建；,RPRPMLMJPHJGFDA87DA,51.45,0.0,6.9,無,,48.0
南港區,房地(土地+建物),玉成街４２巷１號三樓,27.5,住,,,1130608,土地1建物1車位0,三層,五層,公寓(5樓含以下無電梯),住家用,730118.0,83.57,3,2,2,有,無,21380000,255833.0,,0.0,0,陽台外推；其他增建；,RPRPMLOJPHJGFDA08DA,57.96,0.0,14.18,無,,40.0
信義區,房地(土地+建物),吳興街６００巷７６弄２０號五樓,14.05,住,,,1130619,土地1建物1車位0,五層,六層,華廈(10層含以下有電梯),住家用,1050301.0,61.48,1,1,1,有,有,13550000,220397.0,,0.0,0,其他增建；,RPPNMLOKPHJGFDA77DA,33.83,5.15,3.09,有,1231.0,8.0
信義區,房地(土地+建物),林口街１３７號三樓,36.73,住,,,1130624,土地2建物1車位0,三層,五層,公寓(5樓含以下無電梯),住家用,721109.0,127.59,4,2,2,有,無,28000000,219453.0,,0.0,0,,RPPNMLTKPHJGFDA28DA,112.07,0.0,15.52,無,,41.0
北投區,房地(土地+建物),中和街２０巷７４號五樓,36.33,住,,,1130610,土地1建物1車位0,五層,五層,公寓(5樓含以下無電梯),住家用,690801.0,143.74,4,2,2,有,無,14500000,100877.0,,0.0,0,陽台外推；,RPPNMLKKOHJGFEA37DA,107.53,0.0,18.22,無,1233.0,44.0
北投區,房地(土地+建物),中央北路二段１６１號,40.5,住,,,1130605,土地1建物1車位0,二層,二層,公寓(5樓含以下無電梯),住家用,580417.0,73.6,2,2,1,有,無,13000000,176630.0,,0.0,0,頂樓加蓋；其他增建；,RPQNMLKLOHJGFEA57DA,73.6,0.0,0.0,無,,55.0
北投區,房地(土地+建物),中央北路二段１６１號,40.5,住,,,1130605,土地1建物1車位0,一層，騎樓,二層,公寓(5樓含以下無電梯),住家用,580417.0,73.6,1,1,1,有,無,15500000,210598.0,,0.0,0,其他增建；,SPQNMLKLOHJGFEA67DA,73.6,0.0,0.0,無,,55.0
北投區,房地(土地+建物),石牌路二段３１５巷３４弄１４號四樓,30.22,住,,,1130609,土地1建物1車位0,四層,五層,公寓(5樓含以下無電梯),住家用,690104.0,104.78,3,2,2,有,無,17700000,168925.0,,0.0,0,陽台外推；,RPXOMLPLOHJGFEA88DA,90.99,0.0,13.79,無,,44.0
士林區,房地(土地+建物),中山北路七段８１巷４１弄９之４號四樓,35.15,住,,,1130607,土地2建物1車位0,四層,五層,華廈(10層含以下有電梯),住家用,670720.0,117.65,5,2,2,有,有,26562500,225776.0,,0.0,0,陽台外推；其他增建；,RPWPMLLJPHJGFEA38DA,105.82,0.0,11.83,有,,46.0
北投區,房地(土地+建物),公路１３０巷１弄２３號四樓,37.0,住,,,1130618,土地1建物1車位0,四層,四層,公寓(5樓含以下無電梯),住家用,680326.0,106.64,3,2,2,有,無,13380000,125469.0,,0.0,0,頂樓加蓋；,RPSNMLNJPHJGFEA97DA,92.6,0.0,14.04,無,,45.0
士林區,房地(土地+建物)+車位,芝玉路一段２２６號九樓之２,49.37,住,,,1130627,土地1建物1車位3,九層,十八層,住宅大樓(11層含以上有電梯),住家用,971112.0,273.0,3,2,2,有,有,62880000,276400.0,坡道平面,69.02,6500000,車位價格合計為新台幣650萬元整，不分別拆價。,RPVPMLQKPHJGFEA88DA,126.73,4.33,12.99,有,,16.0
士林區,房地(土地+建物)+車位,中山北路七段８１巷１６弄７號四樓,13.69,住,,,1130620,土地1建物1車位1,四層,十五層,住宅大樓(11層含以上有電梯),住家用,1111115.0,133.04,2,2,2,有,有,37600000,319660.0,坡道平面,24.8,3000000,,RPWPMLQKPHJGFEA98DA,65.28,0.0,5.04,有,1236.0,2.0
士林區,房地(土地+建物),延平北路六段１５５巷１６號二樓,41.5,住,,,1130611,土地1建物1車位0,二層,二層,公寓(5樓含以下無電梯),住家用,560115.0,67.83,2,2,1,有,無,12000000,176913.0,,0.0,0,,RPVNMLSKPHJGFEA88DA,67.83,0.0,0.0,無,1238.0,57.0
大安區,房地(土地+建物),臥龍街２６７之６號,37.0,住,,,1130613,土地1建物1車位0,一層，騎樓,四層,公寓(5樓含以下無電梯),住家用,670224.0,96.94,3,1,1,有,無,24000000,247576.0,,0.0,0,夾層；其他增建；,RPXNMLRLOHJGFFA09DA,96.94,0.0,0.0,無,,46.0
大安區,房地(土地+建物)+車位,建國南路二段５７號十四樓,65.4,住,,,1130613,土地2建物1車位2,十四層,三十一層,住宅大樓(11層含以上有電梯),住家用,1070802.0,544.5699999999999,3,2,3,有,有,400800000,810568.0,坡道平面,66.14,13000000,,RPTNMLTKPHJGFFA88DA,252.08,8.23,33.9,有,,6.0
文山區,房地(土地+建物)+車位,辛亥路六段３１號四樓之３,21.62,住,,,1130627,土地2建物1車位2,四層,十四層,住宅大樓(11層含以上有電梯),住家用,970521.0,128.93,2,1,1,有,有,20700000,160552.0,坡道機械,43.4,0,,RPPNMLMLPHJGFAA47EA,51.51,4.12,2.74,有,1243.0,16.0
信義區,房地(土地+建物),信義路五段１５０巷４４５弄１４號,27.76,住,,,1130625,土地1建物1車位0,一層,五層,公寓(5樓含以下無電梯),住家用,730720.0,108.94,3,2,2,有,無,26000000,238663.0,,0.0,0,其他增建；,RPPNMLTKPHJGFDA38EA,84.74,14.71,0.0,無,,40.0
松山區,房地(土地+建物),民生東路三段１３０巷１８弄２７號四樓,25.5,住,,,1130606,土地1建物1車位0,四層,四層,公寓(5樓含以下無電梯),住家用,630606.0,87.1,5,2,2,有,無,21500000,246843.0,,0.0,0,陽台外推；頂樓加蓋；,RPQNMLTKPHJGFDA48EA,61.37,0.0,25.73,無,,50.0
信義區,房地(土地+建物),莊敬路４２３巷４弄２號,27.51,住,,,1130621,土地1建物1車位0,一層，平台,四層,公寓(5樓含以下無電梯),住家用,640501.0,85.97,2,1,1,有,無,27000000,314063.0,,0.0,0,,RPRNMLMLPHJGFDA97EA,85.97,0.0,0.0,無,,49.0
信義區,房地(土地+建物)+車位,信安街１０３巷８之８號四樓,70.17,住,,,1130605,土地1建物1車位1,四層,五層,華廈(10層含以下有電梯),住家用,1021022.0,219.86,2,2,2,有,有,57880000,263258.0,坡道機械,0.0,0,,RPUNMLMLPHJGFDA28EA,101.71,13.5,9.89,有,1244.0,11.0
北投區,房地(土地+建物)+車位,中和街４９３巷９弄３４號,60.19,住,,,1130617,土地3建物1車位2,一層，二層,七層,華廈(10層含以下有電梯),住家用,971110.0,249.14,5,2,3,有,有,39300000,157743.0,坡道機械,24.78,0,陽台外推；其他增建；,RPRNMLQKPHJGFEA38EA,156.27,4.56,10.36,有,,16.0
北投區,房地(土地+建物),中央北路四段３５４巷２弄４號三樓,25.5,住,,,1130620,土地1建物1車位0,三層,五層,公寓(5樓含以下無電梯),住家用,720713.0,96.54,3,2,1,有,無,11680000,120986.0,,0.0,0,陽台外推；其他增建；,RPSNMLTKPHJGFEA78EA,73.81,0.0,6.53,無,,41.0
北投區,房地(土地+建物),大興街９巷２號五樓,31.12,住,,,1130610,土地1建物1車位0,五層,五層,公寓(5樓含以下無電梯),住家用,720112.0,111.58,3,2,2,有,有,19200000,172074.0,,0.0,0,陽台外推；頂樓加蓋；,RPQNMLMLPHJGFEA97EA,87.57,1.83,11.95,無,,41.0
大安區,房地(土地+建物)+車位,樂業街６５巷２８號二樓,43.13,住,,,1130629,土地1建物1車位1,二層,六層,華廈(10層含以下有電梯),住家用,870113.0,175.63,3,2,1,有,無,37000000,240484.0,升降平面,30.09,2000000,,RPPNMLMLPHJGFFA97EA,82.26,18.49,10.71,有,,26.0
中正區,房地(土地+建物)+車位,同安街６６號三樓之５,25.03,住,,,1130602,土地1建物1車位1,三層,七層,華廈(10層含以下有電梯),住家用,860131.0,96.9,2,2,1,有,無,21880000,225800.0,升降機械,0.0,2000000,其他增建；,RPTNMLTKOHJGFAA28DA,44.34,1.13,7.98,有,,27.0
文山區,房地(土地+建物),木柵路二段１０９巷２６弄９號四樓,40.62,住,,,1130609,土地3建物1車位0,四層,五層,公寓(5樓含以下無電梯),住家用,760924.0,110.65,3,2,1,有,有,15200000,137370.0,,0.0,0,其他增建；,RPXNMLQLOHJGFAA48DA,90.7,0.0,9.03,無,,37.0
文山區,房地(土地+建物)+車位,和平東路四段６６巷９號十一樓,107.12,住,,,1130616,土地2建物1車位1,十一層,十六層,住宅大樓(11層含以上有電梯),住家用,860529.0,311.36,5,2,3,有,有,44680000,161221.0,坡道平面,46.64,2000000,陽台外推；,RPQNMLMJPHJGFAA27DA,222.27,10.9,31.3,有,,27.0
文山區,房地(土地+建物),景福街２３號四樓,69.75,住,,,1130612,土地2建物1車位0,四層,四層,公寓(5樓含以下無電梯),住家用,721213.0,130.42,4,2,2,有,無,23200000,177887.0,,0.0,0,鐵皮屋頂增建。頂樓加蓋；,RPPNMLQKPHJGFAA67DA,117.94,0.0,12.48,無,,40.0
中正區,房地(土地+建物),重慶南路二段５９號五樓之４,9.5,住,,,1130611,土地3建物1車位0,五層,十二層,住宅大樓(11層含以上有電梯),住家用,,66.73,0,1,1,有,有,17580000,263450.0,,0.0,0,其他增建；,RPVNMLSKPHJGFAA48DA,53.92,0.0,0.0,有,1246.0,
文山區,房地(土地+建物)+車位,木新路二段１６１巷２０號六樓之２,15.56,住,,,1130610,土地1建物1車位1,六層,七層,華廈(10層含以下有電梯),住家用,850126.0,115.32,3,1,1,有,有,18000000,156087.0,升降機械,0.0,0,夾層；,RPPNMLNLPHJGFAA47DA,39.37,42.53,5.43,有,,
大同區,房地(土地+建物),民族西路２２５巷１９號二樓之１,20.16,住,,,1130615,土地1建物1車位0,二層,十一層,住宅大樓(11層含以上有電梯),住家用,960731.0,90.49,3,1,1,有,有,23500000,259697.0,,0.0,0,其他增建；,RPQOMLMJPHJGFBA47DA,55.17,4.76,5.32,有,,17.0
萬華區,房地(土地+建物),國興路１巷７號二樓,21.42,住,,,1130629,土地1建物1車位0,二層,十二層,住宅大樓(11層含以上有電梯),住家用,710702.0,81.66,2,1,1,有,有,18000000,220426.0,,0.0,0,陽台外推；其他增建；,RPROMLOJPHJGFBA77DA,56.14,0.0,5.96,有,,42.0
內湖區,房地(土地+建物)+車位,新豐街７３號六樓,22.12,住,,,1130605,土地1建物1車位1,六層,八層,華廈(10層含以下有電梯),住家用,1080530.0,107.86,2,2,1,有,有,28900000,314823.0,塔式車位,21.78,1800000,,RPXNMLRKOHJGFCA68DA,46.05,3.37,6.49,有,1248.0,5.0
內湖區,房地(土地+建物),安泰街６８巷４號五樓,31.66,住,,,1130611,土地1建物1車位0,五層,五層,公寓(5樓含以下無電梯),住家用,690818.0,95.2,3,2,2,有,無,13880000,145798.0,,0.0,0,其他增建；,RPPPMLLJPHJGFCA47DA,86.52,0.0,8.68,無,,44.0
內湖區,房地(土地+建物),康樂街１３６巷２９弄４８號四樓,30.08,住,,,1130618,土地1建物1車位0,四層,五層,公寓(5樓含以下無電梯),住家用,750613.0,111.93,3,2,2,有,無,17000000,151881.0,,0.0,0,其他增建；,RPWNMLMKPHJGFCA18DA,93.16,0.0,9.47,無,1249.0,38.0
內湖區,房地(土地+建物),民權東路六段２４８巷１號八樓,75.07,住,,,1130629,土地2建物1車位0,八層,十一層,住宅大樓(11層含以上有電梯),住家用,910809.0,200.13,4,2,2,有,有,41880000,209264.0,,0.0,0,其他增建；,RPQOMLRKPHJGFCA18DA,126.92,2.49,13.15,有,,22.0
南港區,房地(土地+建物),向陽路１２８號四樓,20.07,住,,,1130602,土地1建物1車位0,四層,五層,公寓(5樓含以下無電梯),住家用,700710.0,62.71,2,2,1,有,無,13400000,213682.0,,0.0,0,其他增建；,RPOPMLSLOHJGFDA28DA,57.88,0.0,4.83,無,,43.0
南港區,房地(土地+建物),重陽路１６６巷１６弄１８號三樓,42.0,住,,,1130612,土地2建物1車位0,三層,四層,公寓(5樓含以下無電梯),住家用,610320.0,67.74,3,2,1,有,無,15200000,224387.0,,0.0,0,陽台外推；其他增建；,RPSOMLMKPHJGFDA97DA,67.74,0.0,0.0,無,1252.0,52.0
松山區,房地(土地+建物)+車位,延壽街３３０巷１３號五樓之１,23.06,住,,,1130623,土地1建物1車位1,五層,七層,華廈(10層含以下有電梯),住家用,810309.0,110.97,3,2,2,有,有,28870000,260160.0,其他,0.0,0,車位需定期抽籤,RPPNMLQLPHJGFDA08DA,69.7,0.0,9.87,有,,32.0
北投區,房地(土地+建物),行義路１７０巷１之２號,21.87,住,,,1130605,土地1建物1車位0,一層,五層,華廈(10層含以下有電梯),住家用,840930.0,41.09,1,0,1,有,無,7500000,182526.0,,0.0,0,陽台外推；其他增建；,RPRNMLSJOHJGFEA28DA,27.74,0.63,4.75,有,,29.0
北投區,房地(土地+建物),致遠一路一段５６之１號二樓,51.25,住,,,1130610,土地1建物1車位0,二層，陽臺,四層,公寓(5樓含以下無電梯),住家用,640324.0,115.14,3,2,1,有,無,21000000,182387.0,,0.0,0,其他增建；,RPSPMLRLOHJGFEA68DA,115.14,0.0,0.0,無,,49.0
士林區,房地(土地+建物),通河街３２５巷２８之４號,13.45,住,,,1130607,土地1建物1車位0,四層,五層,公寓(5樓含以下無電梯),住家用,591210.0,35.97,2,1,1,有,無,5300000,147345.0,,0.0,0,陽台外推；其他增建；,RPVOMLPKPHJGFEA68DA,32.77,1.85,1.35,無,,53.0
北投區,房地(土地+建物),吉利街２５９巷２８號三樓,40.72,住,,,1130620,土地11建物1車位0,三層,五層,公寓(5樓含以下無電梯),住家用,700409.0,125.49,4,2,2,有,無,21000000,167344.0,,0.0,0,其他增建；,RPRNMLQKPHJGFEA28DA,116.18,0.0,9.31,無,,43.0
士林區,房地(土地+建物)+車位,基河路３０２號九樓,28.78,住,,,1130606,土地1建物1車位1,九層,十九層,住宅大樓(11層含以上有電梯),住家用,1130219.0,177.26999999999998,4,2,2,有,有,57000000,371517.0,坡道平面,31.92,3000000,,RPSOMLMLPHJGFEA18DA,85.32,0.0,10.49,有,1256.0,
大安區,房地(土地+建物)+車位,敦化南路一段２８３號六樓之１,27.8,住,,,1130603,土地2建物1車位1,六層,十四層,住宅大樓(11層含以上有電梯),住家用,701214.0,253.07,0,0,0,無,有,88000000,420610.0,坡道平面,53.36,4000000,陽台外推；,RPSNMLNJPHJGFFA08DA,196.84,0.0,16.64,有,1257.0,42.0
大安區,房地(土地+建物),仁愛路四段２７巷４弄８號三樓,28.14,住,,,1130613,土地2建物1車位0,三層,六層,華廈(10層含以下有電梯),住家用,671220.0,136.41,3,2,2,有,無,43480000,318745.0,,0.0,0,陽台外推；其他增建；,RPPOMLTJPHJGFFA48DA,105.85,0.0,13.79,有,,45.0
大安區,房地(土地+建物),和平東路二段３１１巷４３弄２５號十一樓,21.05,住,,,1130607,土地1建物1車位0,十一層,十九層,住宅大樓(11層含以上有電梯),住家用,740522.0,109.24,3,2,2,有,有,27200000,248993.0,,0.0,0,,RPWNMLMLPHJGFFA58DA,82.05,1.56,7.76,有,,39.0
萬華區,房地(土地+建物),東園街６６巷２５號二樓,17.5,住,,,1130619,土地1建物1車位0,二層,四層,公寓(5樓含以下無電梯),住家用,680529.0,50.4,0,0,0,無,無,7000000,138889.0,,0.0,0,,RPPNMLNLPHJGFBA67EA,43.36,0.0,7.04,無,,45.0
中山區,房地(土地+建物),建國北路二段３５號二樓,4.77,住,,,1130615,土地5建物1車位0,二層,十五層,住宅大樓(11層含以上有電梯),住家用,770524.0,40.25,1,1,1,有,有,10700000,265839.0,,0.0,0,,RPRNMLQLPHJGFCA28EA,24.4,0.0,4.85,有,1260.0,36.0
大安區,房地(土地+建物),復興南路二段１７１巷２４號十七樓,28.75,住,,,1130625,土地1建物1車位0,十七層,十九層,住宅大樓(11層含以上有電梯),住家用,740522.0,148.19,4,2,2,有,有,39600000,267225.0,,0.0,0,,RPXNMLMLPHJGFFA78EA,111.02,1.8,10.72,有,1261.0,39.0
中正區,房地(土地+建物)+車位,汀州路二段２７５號八樓,23.92,住,,,1130614,土地1建物1車位2,八層,十層,華廈(10層含以下有電梯),住家用,1051209.0,161.76,2,1,1,有,有,43100000,266444.0,坡道機械,0.0,0,,RPUNMLMLPHJGFAA87DA,65.16,4.18,8.59,有,1262.0,8.0
大同區,房地(土地+建物),重慶北路三段２０３之３號十樓之２,8.68,住,,,1130629,土地2建物1車位0,十層,十二層,住宅大樓(11層含以上有電梯),住家用,1090728.0,70.49,0,0,0,無,有,18340000,260179.0,,0.0,0,,RPOSMLMKPHJGFBA77DA,33.08,9.67,0.0,有,,4.0
萬華區,房地(土地+建物),萬大路４８６巷３７弄７２號二樓,18.5,住,,,1130618,土地1建物1車位0,二層,四層,公寓(5樓含以下無電梯),住家用,580613.0,55.94,3,2,1,有,無,7900000,141223.0,,0.0,0,,RPPNMLPLPHJGFBA77DA,55.94,0.0,0.0,無,,55.0
內湖區,房地(土地+建物),內湖路三段１４１巷４弄１號,24.0,住,,,1130608,土地1建物1車位0,一層,四層,公寓(5樓含以下無電梯),住家用,670116.0,74.55,3,2,1,有,無,15000000,201207.0,,0.0,0,夾層；其他增建；,RPQNMLPLOHJGFCA87DA,60.85,13.7,0.0,無,,46.0
中山區,房地(土地+建物),新生北路三段４３號三樓之５,6.57,住,,,1130604,土地2建物1車位0,三層,十一層,住宅大樓(11層含以上有電梯),住家用,670301.0,51.73,1,1,1,有,有,10940000,211483.0,,0.0,0,陽台外推；,RPOOMLQLOHJGFCA87DA,35.62,0.0,3.09,有,,46.0
內湖區,房地(土地+建物)+車位,金湖路３２６巷４５號十樓之１,25.16,住,,,1130622,土地1建物1車位1,十層,十層,華廈(10層含以下有電梯),住家用,870817.0,101.03,2,2,1,有,有,27200000,269227.0,坡道機械,14.1,0,陽台外推；夾層；其他增建；,RPTNMLTJPHJGFCA48DA,59.18,1.09,6.37,有,,26.0
信義區,房地(土地+建物),忠孝東路五段７９０巷３０弄２號五樓,34.38,住,,,1130602,土地2建物1車位0,五層,五層,公寓(5樓含以下無電梯),住家用,700131.0,126.36,4,2,3,有,無,26000000,205761.0,,0.0,0,陽台外推；,RPTNMLSJOHJGFDA38DA,104.66,0.0,21.7,無,,43.0
信義區,房地(土地+建物),信義路六段１５巷１７號四樓,23.41,住,,,1130604,土地2建物1車位0,四層,七層,華廈(10層含以下有電梯),住家用,710326.0,107.13,3,2,1,有,無,26500000,247363.0,,0.0,0,其他增建；,RPTNMLMJPHJGFDA87DA,84.62,0.0,8.64,有,,42.0
信義區,房地(土地+建物),松山路４６５巷２９弄１５號四樓,29.5,住,,,1130625,土地1建物1車位0,四層，陽臺,四層,公寓(5樓含以下無電梯),住家用,631008.0,82.51,3,2,1,有,無,19450000,235729.0,,0.0,0,,RPUOMLMJPHJGFDA08DA,82.51,0.0,0.0,無,,50.0
信義區,房地(土地+建物),吳興街６００巷４２號四樓,45.29,住,,,1130624,土地1建物1車位0,四層,十五層,住宅大樓(11層含以上有電梯),住家用,821201.0,263.45,3,2,2,有,有,52000000,197381.0,,0.0,0,陽台外推；其他增建；,RPOOMLSJPHJGFDA08DA,160.17,2.13,29.46,有,,31.0
北投區,房地(土地+建物),行義路１７０巷１之１號,54.34,住,,,1130605,土地1建物1車位0,一層,五層,華廈(10層含以下有電梯),住家用,840930.0,136.56,2,2,2,有,無,19500000,142794.0,,0.0,0,陽台外推；其他增建；,RPSNMLSJOHJGFEA38DA,44.4,75.4,4.71,有,,29.0
士林區,房地(土地+建物),雨聲街６５巷４１號五樓,34.26,住,,,1130614,土地1建物1車位0,五層,五層,公寓(5樓含以下無電梯),住家用,741211.0,131.23,4,2,2,有,無,22000000,167645.0,,0.0,0,頂樓加蓋；其他增建；,RPRPMLSKOHJGFEA58DA,104.35,0.61,12.18,無,,39.0
士林區,房地(土地+建物)+車位,菁山路７２巷２５號,38.0,住,,,1130620,土地3建物1車位1,一層,四層,華廈(10層含以下有電梯),住家用,1100308.0,69.01,2,1,1,有,有,15500000,224605.0,一樓平面,0.0,0,,RPQOMLNJPHJGFEA87DA,41.02,0.0,0.0,有,,3.0
士林區,房地(土地+建物),承德路四段１２巷６號五樓,23.9,住,,,1130601,土地1建物1車位0,五層,五層,公寓(5樓含以下無電梯),住家用,660915.0,86.71,2,2,2,有,無,16860000,194441.0,,0.0,0,陽台外推；其他增建；,RPROMLPKPHJGFEA28DA,73.7,0.0,13.01,無,,47.0
中山區,房地(土地+建物),新生北路三段６１號三樓之８,6.81,住,,,1130607,土地3建物1車位0,三層,九層,華廈(10層含以下有電梯),住家用,650907.0,46.06,0,0,0,無,有,9500000,206253.0,,0.0,0,,RPQNMLNLPHJGFCA87EA,35.83,0.0,3.57,有,,48.0
文山區,房地(土地+建物)+車位,興隆路二段６９號四樓,52.08,住,,,1130615,土地1建物1車位1,四層,七層,華廈(10層含以下有電梯),住家用,820628.0,186.35,4,2,2,有,有,43380000,232788.0,坡道平面,0.0,0,車位面積無法概算陽台外推；其他增建；,RPROMLNJPHJGFAA57DA,124.82,0.24,11.67,有,1274.0,31.0
文山區,房地(土地+建物)+車位,指南路三段５４號八樓,46.08,住,,,1130617,土地1建物1車位2,八層,十層,華廈(10層含以下有電梯),住家用,961001.0,287.95,4,2,3,有,有,38880000,167058.0,坡道平面,79.16,4000000,,RPQNMLPJPHJGFAA57DA,126.04,1.73,10.92,有,1275.0,17.0
中正區,房地(土地+建物),牯嶺街９５巷２號三樓,24.7,住,,,1130630,土地1建物1車位0,三層,十四層,住宅大樓(11層含以上有電梯),住家用,961031.0,110.11,3,2,2,有,有,31980000,290437.0,,0.0,0,陽台外推；,RPPNMLSJPHJGFAA77DA,66.05,2.21,4.47,有,,17.0
大同區,房地(土地+建物),延平北路三段１８巷２５號二樓,33.5,住,,,1130607,土地2建物1車位0,二層,四層,公寓(5樓含以下無電梯),住家用,660913.0,108.96,2,2,2,有,無,19500000,178965.0,,0.0,0,其他增建：天井、前陽台、後陽台。其他增建；,RPROMLKLOHJGFBA47DA,94.7,0.0,14.26,無,,47.0
大同區,房地(土地+建物)+車位,重慶北路三段３１２巷１８號八樓,34.38,住,,,1130618,土地1建物1車位1,八層,八層,華廈(10層含以下有電梯),住家用,920401.0,187.32,4,2,2,有,有,37500000,200192.0,坡道平面,0.0,0,陽台外推；,RPQNMLSJPHJGFBA97DA,79.81,0.0,16.68,有,,21.0
內湖區,房地(土地+建物)+車位,文湖街２１巷９４弄１０號四樓,25.4,住,,,1130616,土地1建物1車位1,四層,五層,華廈(10層含以下有電梯),住家用,850110.0,108.61,5,2,2,有,有,22000000,202560.0,塔式車位,0.0,0,陽台外推；夾層；其他增建；,RPPOMLMLPHJGFCA67DA,60.6,5.1,6.77,有,1279.0,28.0
中山區,房地(土地+建物),龍江路３４２巷１７號四樓,32.2,住,,,1130612,土地1建物1車位0,四層,五層,公寓(5樓含以下無電梯),住家用,661017.0,112.94,3,2,2,有,無,25500000,225784.0,,0.0,0,,RPOOMLQLPHJGFCA97DA,98.11,0.0,14.83,無,,47.0
內湖區,房地(土地+建物),金湖路４６巷６弄１０號,21.4,住,,,1130625,土地5建物1車位0,一層,五層,公寓(5樓含以下無電梯),住家用,701224.0,96.71,3,2,3,有,無,18200000,188192.0,,0.0,0,,RPPNMLRLPHJGFCA08DA,76.76,10.41,0.0,無,,43.0
內湖區,房地(土地+建物),星雲街１６８巷２３號十二樓之１,19.23,住,,,1130612,土地1建物1車位0,十二層,十三層,住宅大樓(11層含以上有電梯),住家用,841116.0,80.77,3,2,1,有,有,21600000,267426.0,,0.0,0,陽台外推；,RPTNMLRLPHJGFCA48DA,61.14,1.33,6.22,有,,29.0
松山區,房地(土地+建物)+車位,敦化北路１９９巷１２之３號六樓,44.32,住,,,1130602,土地1建物1車位1,六層,十二層,住宅大樓(11層含以上有電梯),住家用,830716.0,171.35,3,2,2,有,有,54800000,319813.0,坡道平面,0.0,0,,RPOQMLNKOHJGFDA77DA,87.47,0.0,14.16,有,,30.0
松山區,房地(土地+建物)+車位,塔悠路２９５號二樓,42.88,住,,,1130609,土地1建物1車位1,二層,四層,華廈(10層含以下有電梯),住家用,1000317.0,202.64,3,2,2,有,有,50500000,249210.0,坡道平面,44.67,0,其他增建；,RPRQMLMJPHJGFDA97DA,84.84,6.82,13.56,有,,13.0
松山區,房地(土地+建物)+車位,敦化北路１５５巷８２號五樓,50.35,住,,,1130612,土地3建物1車位1,五層,八層,華廈(10層含以下有電梯),住家用,920106.0,180.3,3,2,2,有,有,55060000,305380.0,坡道平面,0.0,0,陽台外推；,RPOOMLQLPHJGFDA08DA,103.88,0.0,12.83,有,,21.0
士林區,房地(土地+建物),通河西街一段１０３號四樓,19.0,住,,,1130617,土地1建物1車位0,四層,四層,公寓(5樓含以下無電梯),住家用,580107.0,71.01,4,3,2,有,無,11900000,167582.0,,0.0,0,頂樓加蓋；其他增建；,RPXNMLRJPHJGFEA88DA,71.01,0.0,0.0,無,,55.0
士林區,房地(土地+建物)+車位,延平北路六段２１１號四樓之３,33.22,住,,,1130610,土地4建物1車位1,四層,十一層,住宅大樓(11層含以上有電梯),住家用,1050525.0,172.79000000000002,3,2,2,有,有,34660000,200590.0,坡道機械,20.57,0,,RPVPMLLKPHJGFEA38DA,88.44,3.85,10.57,有,1281.0,8.0
大安區,房地(土地+建物),安和路二段１７１巷７號五樓,28.59,住,,,1130611,土地5建物1車位0,五層,七層,華廈(10層含以下有電梯),住家用,691222.0,125.27,5,2,2,有,無,42000000,335276.0,,0.0,0,陽台外推；其他增建；,RPPNMLQLOHJGFFA18DA,110.05,0.0,15.22,有,1283.0,43.0
中山區,房地(土地+建物)+車位,北安路８２９號三樓之８,6.02,住,,,1130622,土地2建物1車位1,三層,十四層,住宅大樓(11層含以上有電梯),住家用,991224.0,84.5,1,1,1,有,有,16800000,328311.0,坡道平面,40.03,2200000,,RPRNMLTLPHJGFCA58EA,37.86,0.79,3.62,有,1285.0,13.0
北投區,房地(土地+建物),溫泉路６８巷６弄８號十一樓,21.44,住,,,1130619,土地1建物1車位0,十一層,十一層,住宅大樓(11層含以上有電梯),住家用,1051109.0,103.26,2,2,1,有,有,22800000,220802.0,,0.0,0,,RPRNMLNLPHJGFEA18EA,53.85,6.98,6.69,有,,8.0
北投區,房地(土地+建物),中央北路一段１９７巷５號,99.0,住,,,1130607,土地1建物1車位0,全,,透天厝,住家用,530316.0,54.39,0,0,0,無,無,28500000,523993.0,,0.0,0,頂樓加蓋；,RPSNMLQLPHJGFEA58EA,54.39,0.0,0.0,無,,60.0
文山區,房地(土地+建物)+車位,政大一街２６７號四樓,39.68,住,,,1130615,土地1建物1車位1,四層,五層,華廈(10層含以下有電梯),住家用,1031113.0,123.86,2,2,1,有,有,23200000,228049.0,坡道平面,33.09,2500000,其他增建；,RPWNMLPJPHJGFAA18DA,55.31,2.15,4.51,有,1290.0,10.0
內湖區,房地(土地+建物)+車位,文湖街３７號十四樓,39.88,,,,1130617,土地1建物1車位2,十四層,十五層,住宅大樓(11層含以上有電梯),住家用,991230.0,354.48,4,2,2,有,有,86900000,245148.0,坡道平面,54.1,0,其他增建；,RPXNMLPJPHJGFCA48DA,185.43,13.18,17.16,有,,13.0
內湖區,房地(土地+建物),瑞光路７６巷６０號五樓之１,28.96,住,,,1130618,土地1建物1車位0,五層,五層,公寓(5樓含以下無電梯),住家用,861030.0,61.97,2,2,1,有,有,14050000,226723.0,,0.0,0,陽台外推；,RPVPMLMLPHJGFCA38DA,43.08,0.0,6.45,無,,27.0
南港區,房地(土地+建物)+車位,東明街５３號二樓之１,26.11,住,,,1130624,土地1建物1車位2,二層,十三層,住宅大樓(11層含以上有電梯),住家用,971110.0,153.63,2,2,2,有,有,42680000,357057.0,坡道機械,45.3,4000000,,RPTNMLMKPHJGFDA97DA,67.0,1.0,11.15,有,1298.0,16.0
士林區,房地(土地+建物),德行東路３３號三樓,10.04,住,,,1130618,土地1建物1車位0,三層,七層,華廈(10層含以下有電梯),住家用,1101224.0,45.46,1,1,1,有,有,15300000,336560.0,,0.0,0,,RPRNMLKLOHJGFEA67DA,18.46,5.61,1.59,有,,2.0
士林區,房地(土地+建物),德行東路３３號二樓,10.04,住,,,1130618,土地1建物1車位0,二層,七層,華廈(10層含以下有電梯),住家用,1101224.0,45.510000000000005,1,1,1,有,有,15800000,347176.0,,0.0,0,,RPSNMLKLOHJGFEA77DA,18.46,5.65,1.58,有,,2.0
士林區,建物,和豐街４７號,0.0,,,,1130601,土地0建物1車位0,一層,四層,公寓(5樓含以下無電梯),住家用,590918.0,126.0,1,2,2,有,無,12800000,101587.0,,0.0,0,建物坐落地號：百齡段四小段418地號；其他增建；地上權房屋；,RPQNMLQJPHJGFEA08DA,126.0,0.0,0.0,無,,54.0
士林區,房地(土地+建物)+車位,格致路２０３號三樓之６,22.46,住,,,1130630,土地1建物1車位1,三層,十層,華廈(10層含以下有電梯),住家用,850730.0,72.46,1,1,1,有,有,6900000,95225.0,坡道平面,0.0,1500000,陽台外推；夾層；其他增建；,RPWOMLRKPHJGFEA98DA,21.8,0.0,3.72,有,1302.0,28.0
士林區,房地(土地+建物),大南路３８８巷２號二樓,38.75,住,,,1130620,土地1建物1車位0,二層,四層,公寓(5樓含以下無電梯),住家用,600409.0,124.44,4,2,1,有,有,20500000,164738.0,,0.0,0,,RPQNMLLLPHJGFEA77DA,118.83,0.0,5.61,無,,53.0
大安區,房地(土地+建物)+車位,永康街２３巷２４號,54.52,住,,,1130611,土地1建物1車位1,一層,七層,華廈(10層含以下有電梯),住家用,960910.0,212.88,3,2,2,有,有,112880000,530252.0,升降平面,0.0,0,陽台外推；其他增建；,RPOOMLTJPHJGFFA38DA,113.86,8.3,8.28,有,,17.0
大安區,房地(土地+建物),市民大道四段１２２號五樓之２,7.1,住,,,1130623,土地1建物1車位0,五層,七層,華廈(10層含以下有電梯),住家用,760619.0,39.1,1,0,1,有,有,13600000,347826.0,,0.0,0,陽台外推；,RPVPMLRKPHJGFFA09DA,22.79,0.0,4.98,有,1306.0,37.0
內湖區,房地(土地+建物),南京東路六段１２５號十樓,49.24,住,,,1130621,土地1建物1車位0,十層,十層,華廈(10層含以下有電梯),住家用,860526.0,129.81,3,2,2,有,有,27300000,210307.0,,0.0,0,陽台外推；其他增建；,RPQNMLKMPHJGFCA67EA,74.85,0.0,8.44,有,,27.0
北投區,房地(土地+建物)+車位,公路６３巷２３號七樓,47.0,住,,,1130620,土地1建物1車位1,七層,八層,華廈(10層含以下有電梯),住家用,760518.0,170.05,3,2,2,有,有,22500000,132314.0,坡道平面,0.0,0,,RPTNMLKMPHJGFEA18EA,97.51,3.86,11.92,有,,37.0
大安區,房地(土地+建物),敦化南路二段１５２號十七樓,13.54,住,,,1130626,土地2建物1車位0,十七層,十九層,住宅大樓(11層含以上有電梯),住家用,740417.0,135.07,2,2,2,有,有,39380000,291553.0,,0.0,0,陽台外推；,RPQNMLKMPHJGFFA97EA,80.32,0.0,12.22,有,1313.0,39.0
文山區,房地(土地+建物)+車位,木柵路二段１０９巷１００弄２８號四樓,76.85,住,,,1130619,土地2建物1車位1,四層,十七層,住宅大樓(11層含以上有電梯),住家用,850925.0,127.59,3,2,2,有,有,21000000,168539.0,坡道機械,13.67,1800000,陽台外推；,RPTNMLMKPHJGFAA67DA,80.49,0.79,9.6,有,,28.0
中正區,房地(土地+建物)+車位,水源路３７之６號十三樓之１,21.66,住,,,1130609,土地1建物1車位1,十三層,十三層,住宅大樓(11層含以上有電梯),住家用,1070223.0,211.54,4,2,2,有,有,50880000,240522.0,坡道平面,32.06,0,,RPTNMLTLPHJGFAA48DA,98.8,9.13,12.12,有,,6.0
萬華區,房地(土地+建物),長泰街３１６巷１０號二樓,19.5,住,,,1130626,土地2建物1車位0,二層,四層,公寓(5樓含以下無電梯),住家用,620220.0,51.09,1,2,1,有,無,7380000,144451.0,,0.0,0,陽台外推；其他增建；,RPQQMLSLOHJGFBA38DA,51.09,0.0,0.0,無,,51.0
南港區,房地(土地+建物),中坡南路４７號三樓,54.75,住,,,1130621,土地1建物1車位0,三層，陽臺,四層,公寓(5樓含以下無電梯),住家用,650423.0,142.75,7,0,7,有,無,27800000,194746.0,,0.0,0,其他增建；,RPOOMLNJPHJGFDA57DA,142.75,0.0,0.0,無,1319.0,48.0
南港區,房地(土地+建物)+車位,經貿二路１５７巷３６弄１０１號四樓,11.07,住,,,1130628,土地1建物1車位1,四層,十一層,住宅大樓(11層含以上有電梯),住家用,1020812.0,88.03999999999999,2,2,1,有,有,23500000,266924.0,其他,0.0,1800000,,RPRQMLPKPHJGFDA38DA,38.35,4.91,5.09,有,1320.0,11.0
松山區,房地(土地+建物),敦化南路一段１００巷２５號七樓,27.89,住,,,1130621,土地1建物1車位0,七層,七層,華廈(10層含以下有電梯),住家用,700730.0,160.39,3,2,2,有,無,50500000,314858.0,,0.0,0,其他增建；,RPQNMLTLPHJGFDA48DA,121.76,5.18,15.28,有,,43.0
士林區,房地(土地+建物),格致路２０３號三樓之８,21.67,住,,,1130609,土地1建物1車位0,三層,十層,華廈(10層含以下有電梯),住家用,850730.0,39.08,1,1,1,有,有,5100000,130502.0,,0.0,0,陽台外推；夾層；,RPUOMLTKPHJGFEA98DA,21.08,0.0,4.11,有,,28.0
大安區,房地(土地+建物),樂業街７２巷２２號九樓,15.15,住,,,1130625,土地1建物1車位0,九層,十層,華廈(10層含以下有電梯),住家用,1100906.0,70.03,2,1,1,有,有,24500000,349850.0,,0.0,0,,RPPOMLLMPHJGFFA97DA,38.33,1.94,4.45,有,1322.0,3.0
南港區,房地(土地+建物)+車位,三重路４１巷３５號十二樓之２,42.02,住,,,1130616,土地1建物1車位2,十二層，十三層,十三層,住宅大樓(11層含以上有電梯),住家用,1010119.0,389.18,0,0,0,無,有,68500000,176011.0,坡道平面,0.0,0,,RPQNMLKMPHJGFDA77EA,173.06,29.91,13.33,有,1324.0,12.0
中正區,房地(土地+建物)+車位,晉江街９６之２號七樓,25.24,住,,,1130611,土地1建物1車位1,七層,七層,華廈(10層含以下有電梯),住家用,961008.0,111.26,2,2,1,有,無,34260000,371061.0,坡道機械,24.31,2000000,其他增建；,RPQOMLMJPHJGFAA37DA,51.71,6.25,3.32,有,,17.0
文山區,房地(土地+建物),興隆路二段２７５巷１弄８號二樓,15.38,住,,,1130615,土地2建物1車位0,二層,十四層,住宅大樓(11層含以上有電梯),住家用,831018.0,71.31,2,2,1,有,有,17020000,238676.0,,0.0,0,陽台外推；其他增建；,RPQOMLSJPHJGFAA97DA,44.64,1.07,4.95,有,1327.0,30.0
中正區,房地(土地+建物)+車位,牯嶺街８５號五樓,79.31,住,,,1130615,土地1建物1車位1,五層,十一層,住宅大樓(11層含以上有電梯),住家用,1050617.0,347.76,3,2,2,有,有,95000000,305323.0,坡道平面,46.44,3000000,,RPXNMLQLPHJGFAA58DA,162.06,8.7,18.34,有,1328.0,8.0
萬華區,房地(土地+建物)+車位,德昌街１３１號二十二樓,40.23,住,,,1130628,土地1建物1車位2,二十二層,二十三層,住宅大樓(11層含以上有電梯),住家用,1000131.0,260.65,4,2,2,有,有,52500000,245902.0,坡道平面,71.55,6000000,,RPVRMLMKPHJGFBA38DA,110.28,6.5,10.42,有,,13.0
萬華區,房地(土地+建物),萬大路２７７巷３３弄５號二樓,32.0,住,,,1130609,土地1建物1車位0,二層,七層,華廈(10層含以下有電梯),住家用,721207.0,121.3,3,2,1,有,有,20200000,166529.0,,0.0,0,其他增建；,RPPNMLKLPHJGFBA27DA,78.78,0.0,14.26,有,,41.0
中山區,房地(土地+建物),新生北路三段６１號四樓之５,14.89,住,,,1130622,土地3建物1車位0,四層,九層,華廈(10層含以下有電梯),住家用,650907.0,103.8,3,2,2,有,有,23230000,223796.0,,0.0,0,陽台外推；,RPQOMLNLPHJGFCA87DA,72.38,0.0,16.86,有,1330.0,48.0
內湖區,房地(土地+建物),康樂街１２５巷１２之１號,22.26,住,,,1130619,土地1建物1車位0,一層,五層,公寓(5樓含以下無電梯),住家用,701231.0,75.58,2,1,1,有,無,17500000,231543.0,,0.0,0,陽台外推；,RPPPMLLMPHJGFCA77DA,55.95,8.86,0.0,無,,
信義區,房地(土地+建物)+車位,信義路五段９１巷１２弄１號二樓之８,10.44,住,,,1130612,土地1建物1車位1,二層,七層,華廈(10層含以下有電梯),住家用,971224.0,67.82,0,0,0,無,有,15880000,234149.0,坡道機械,0.0,2800000,,RPPQMLMKOHJGFDA77DA,18.29,2.45,0.0,有,1333.0,15.0
信義區,房地(土地+建物),忠孝東路五段７１巷３弄２１號三樓,35.25,住,,,1130613,土地1建物1車位0,三層,四層,公寓(5樓含以下無電梯),住家用,631014.0,99.24,3,2,1,有,無,28500000,287183.0,,0.0,0,陽台外推；,RPTNMLQLPHJGFDA48DA,86.42,0.0,12.82,無,,50.0
南港區,房地(土地+建物)+車位,東新街１８０巷６號二樓,109.79,住,,,1130611,土地2建物1車位1,二層,五層,華廈(10層含以下有電梯),住家用,1120426.0,186.72,3,2,2,有,有,47670000,295809.0,坡道機械,32.33,2000000,本買賣標的含新光段一小段338建號權利範圍3199/100000,RPPQMLLMPHJGFDA97DA,85.24,3.03,12.98,有,,1.0
士林區,房地(土地+建物),前街１１５巷１１號二樓,18.67,住,,,1130609,土地1建物1車位0,二層,三層,公寓(5樓含以下無電梯),住家用,570812.0,55.44,2,1,1,有,無,11450000,206530.0,,0.0,0,其他增建；,RPTNMLOJPHJGFEA18DA,55.44,0.0,0.0,無,,56.0
北投區,房地(土地+建物),公路６３巷２８號四樓,45.0,住,,,1130629,土地1建物1車位0,四層,四層,公寓(5樓含以下無電梯),住家用,611108.0,99.52,2,1,1,有,無,14000000,140675.0,,0.0,0,頂樓加蓋；其他增建；,RPPNMLLJQHJGFEA57DA,99.52,0.0,0.0,無,,52.0
大安區,房地(土地+建物),敦化南路二段６３巷３８號六樓,16.46,住,,,1130622,土地1建物1車位0,六層,七層,華廈(10層含以下有電梯),住家用,730621.0,79.51,2,2,1,有,無,28180000,354421.0,,0.0,0,陽台外推；其他增建；,RPSNMLSKPHJGFFA68DA,65.53,0.0,6.58,有,,40.0
大安區,房地(土地+建物),復興南路二段９０巷１２號二樓之９,9.39,住,,,1130630,土地1建物1車位0,二層,十二層,住宅大樓(11層含以上有電梯),住家用,970125.0,46.56,1,1,1,有,有,17050000,366194.0,,0.0,0,陽台外推；其他增建；,RPTNMLSKPHJGFFA78DA,27.05,1.53,2.86,有,1339.0,16.0
松山區,房地(土地+建物),南京東路五段２５１巷４６弄２號五樓,27.33,住,,,1130623,土地1建物1車位0,五層,五層,公寓(5樓含以下無電梯),住家用,660325.0,63.92,1,2,1,有,無,16300000,255006.0,,0.0,0,,RPRNMLLJQHJGFDA77EA,61.22,0.0,2.7,無,,47.0
士林區,建物,仰德大道一段８之１號,0.0,,,,1130627,土地0建物2車位0,全,二層,透天厝,住家用,520821.0,206.94,0,0,0,無,無,3000000,14497.0,,0.0,0,建物坐落地號：芝蘭段四小段844地號；,RPQNMLMJQHJGFEA87EA,206.94,0.0,0.0,無,,61.0
大安區,房地(土地+建物),安和路二段２１３號三樓之２,21.27,住,,,1130613,土地1建物1車位0,三層,十七層,住宅大樓(11層含以上有電梯),住家用,740612.0,176.69,3,2,2,有,有,42800000,242232.0,,0.0,0,陽台外推；,RPRNMLMJQHJGFFA08EA,130.82,1.95,19.2,有,,39.0
大同區,房地(土地+建物),酒泉街１４０號四樓,19.25,住,,,1130619,土地1建物2車位0,四層,四層,公寓(5樓含以下無電梯),住家用,600907.0,74.44,4,2,2,有,無,18300000,245836.0,,0.0,0,陽台外推；頂樓加蓋；,RPXNMLPKPHJGFBA48DA,68.5,0.0,0.0,無,1343.0,53.0
內湖區,房地(土地+建物),內湖路二段１０３巷９２弄１２號四樓之５,25.2,住,,,1130602,土地2建物1車位0,四層,五層,華廈(10層含以下有電梯),住家用,1120216.0,54.91,0,0,0,無,有,16300000,296849.0,,0.0,0,,RPVOMLLKOHJGFCA97DA,25.68,4.63,2.94,有,1344.0,1.0
內湖區,房地(土地+建物),內湖路一段３９３號四樓,23.17,住,,,1130620,土地3建物1車位0,四層,五層,公寓(5樓含以下無電梯),住家用,700502.0,87.22,3,0,3,有,無,15500000,177712.0,,0.0,0,陽台外推；其他增建；,RPUOMLNJPHJGFCA08DA,75.81,0.0,11.41,無,,43.0
內湖區,房地(土地+建物)+車位,五分街７２巷７號八樓之１,12.65,住,,,1130623,土地1建物1車位1,八層,十二層,住宅大樓(11層含以上有電梯),住家用,961025.0,89.5,1,1,1,有,有,17100000,285770.0,坡道平面,38.41,2500000,陽台外推；,RPSNMLSJPHJGFCA28DA,28.18,0.55,7.52,有,,17.0
內湖區,房地(土地+建物)+車位,陽光街６１號八樓,27.06,住,,,1130612,土地2建物1車位2,八層,八層,華廈(10層含以下有電梯),住家用,990705.0,179.07,3,2,2,有,有,34000000,189870.0,坡道機械,37.42,0,,RPPPMLLJQHJGFCA57DA,63.69,2.11,25.72,有,,14.0
內湖區,房地(土地+建物)+車位,安泰街１２５巷１５號二樓,19.09,住,,,1130609,土地1建物1車位1,二層，電梯樓梯間,七層,華廈(10層含以下有電梯),住家用,850715.0,78.3,2,1,1,有,有,14400000,183908.0,坡道機械,0.0,1800000,陽台外推；夾層；其他增建；,RPQNMLPJQHJGFCA87DA,44.41,2.39,4.76,有,1345.0,28.0
南港區,房地(土地+建物),研究院路一段１８５號四樓,23.86,住,,,1130628,土地1建物1車位0,四層,五層,公寓(5樓含以下無電梯),住家用,710630.0,84.77,3,2,1,有,無,17050000,201132.0,,0.0,0,其他增建；,RPXNMLPKPHJGFDA68DA,71.58,0.0,13.19,無,,42.0
信義區,房地(土地+建物)+車位,忠孝東路五段７４３巷３１弄２３號五樓,11.82,住,,,1130602,土地1建物1車位1,五層,十六層,住宅大樓(11層含以上有電梯),住家用,1070824.0,110.61,2,2,1,有,有,35300000,414332.0,坡道平面,33.86,3500000,,RPWQMLTLPHJGFDA76DA,43.52,2.41,4.11,有,1348.0,6.0
士林區,房地(土地+建物),福國路１５巷１８之１號五樓,23.05,住,,,1130603,土地2建物1車位0,五層，陽臺,七層,華廈(10層含以下有電梯),住家用,651230.0,117.84,3,2,2,有,有,23300000,197726.0,,0.0,0,,RPQNMLLMPHJGFEA87DA,112.21,0.0,0.0,有,,47.0
大安區,房地(土地+建物)+車位,和平東路二段１０７巷１８號三樓之２,6.4,住,,,1130610,土地1建物1車位1,三層,七層,華廈(10層含以下有電梯),住家用,980715.0,46.709999999999994,1,0,1,有,有,17430000,466022.0,塔式車位,13.6,2000000,塔式車位位於地下二層。陽台外推；,RPVNMLPKPHJGFFA68DA,17.71,1.92,2.34,有,,15.0
大安區,房地(土地+建物),和平東路二段１０７巷１８號三樓之３,6.49,住,,,1130610,土地1建物1車位0,三層,七層,華廈(10層含以下有電梯),住家用,980715.0,34.66,1,1,1,有,有,16150000,465955.0,,0.0,0,陽台外推；夾層；其他增建；,RPWNMLQKPHJGFFA88DA,17.32,2.92,2.34,有,,15.0
大安區,房地(土地+建物)+車位,大安路二段１１８號七樓,30.26,住,,,1130624,土地1建物1車位1,七層,七層,華廈(10層含以下有電梯),住家用,741210.0,178.78,3,2,2,有,有,51990000,290804.0,坡道平面,40.27,0,頂樓加蓋；,RPVNMLTLPHJGFFA56DA,143.84,0.0,13.16,有,,39.0
中正區,房地(土地+建物),羅斯福路二段８巷８之２號,9.91,住,,,1130607,土地1建物1車位0,一層,九層,華廈(10層含以下有電梯),住家用,1000408.0,51.05,0,1,1,有,有,22860000,447796.0,,0.0,0,陽台外推；其他增建；,RPUNMLQKOHJGFAA08DA,27.06,1.23,4.28,有,,13.0
文山區,房地(土地+建物),木柵路三段８５巷２５弄４之１號,42.38,住,,,1130616,土地2建物1車位0,一層，平台，地下層,四層,公寓(5樓含以下無電梯),住家用,650525.0,142.86,4,2,2,有,無,28180000,197256.0,,0.0,0,其他增建；,RPSNMLQLOHJGFAA97DA,142.86,0.0,0.0,無,,48.0
文山區,房地(土地+建物)+車位,汀州路四段２１９號六樓,41.12,住,,,1130602,土地1建物1車位1,六層,十四層,住宅大樓(11層含以上有電梯),住家用,991105.0,213.1,4,2,2,有,有,49000000,229939.0,坡道平面,0.0,0,車位面積無法概算,RPOOMLNJPHJGFAA27DA,116.82,0.0,11.93,有,,14.0
文山區,房地(土地+建物),辛亥路五段１１４號三樓,24.49,住,,,1130621,土地1建物1車位0,三層,五層,公寓(5樓含以下無電梯),住家用,700605.0,116.45,5,0,5,有,無,16400000,140833.0,,0.0,0,陽台外推；,RPVNMLLKPHJGFAA77DA,94.43,0.0,22.02,無,,43.0
文山區,房地(土地+建物),萬盛街１４６巷９號四樓,44.1,住,,,1130630,土地1建物1車位0,四層，陽臺,四層,公寓(5樓含以下無電梯),住家用,630118.0,114.75,7,4,4,有,無,18660000,162614.0,,0.0,0,陽台外推；頂樓加蓋；其他增建；,RPUNMLMKPHJGFAA77DA,114.75,0.0,0.0,無,,50.0
萬華區,房地(土地+建物),萬大路３２２巷２４號四樓,21.5,住,,,1130629,土地1建物1車位0,四層,四層,公寓(5樓含以下無電梯),住家用,640331.0,83.51,3,1,1,有,無,15000000,179619.0,,0.0,0,頂樓加蓋；,RPQNMLLKPHJGFBA37DA,83.51,0.0,0.0,無,1351.0,49.0
萬華區,房地(土地+建物),中華路二段５０４巷１３號六樓,16.78,住,,,1130616,土地1建物1車位0,六層,十二層,住宅大樓(11層含以上有電梯),住家用,680403.0,59.84,2,1,1,有,有,14190000,237132.0,,0.0,0,陽台外推；其他增建；,RPPOMLSKPHJGFBA08DA,52.57,0.0,7.27,有,1352.0,45.0
內湖區,房地(土地+建物),內湖路三段６０巷１２弄７７號六樓之４,18.57,住,,,1130614,土地1建物1車位0,六層,十八層,住宅大樓(11層含以上有電梯),住家用,830729.0,86.67,2,2,1,有,有,21200000,244606.0,,0.0,0,陽台外推；其他增建；,RPSOMLSJPHJGFCA38DA,66.28,1.98,8.4,有,,30.0
內湖區,房地(土地+建物)+車位,行善路２８１巷１８號八樓,48.91,住,,,1130613,土地1建物1車位2,八層,十二層,住宅大樓(11層含以上有電梯),住家用,981214.0,267.98,3,2,2,有,有,55880000,262282.0,坡道平面,73.99,5000000,陽台外推；,RPUNMLQKPHJGFCA38DA,114.45,7.52,14.28,有,1354.0,14.0
信義區,房地(土地+建物),富陽街４４巷７號二樓,36.28,住,,,1130616,土地1建物1車位0,二層,五層,公寓(5樓含以下無電梯),住家用,700708.0,123.63,3,2,2,有,無,25800000,208687.0,,0.0,0,,RPQOMLPJPHJGFDA97DA,110.49,0.0,13.14,無,,43.0
南港區,房地(土地+建物)+車位,研究院路三段３號三樓之２,41.36,住,,,1130629,土地1建物1車位1,三層,五層,華廈(10層含以下有電梯),住家用,990921.0,136.8,2,2,1,有,有,21500000,204631.0,坡道平面,43.95,2500000,陽台外推；,RPQPMLQKPHJGFDA28DA,51.04,6.53,5.33,有,,14.0
南港區,房地(土地+建物),福德街３３９巷５弄８號二樓,35.01,住,,,1130613,土地2建物1車位0,二層,四層,公寓(5樓含以下無電梯),住家用,660131.0,72.9,3,2,1,有,無,18000000,246914.0,,0.0,0,,RPOOMLTLPHJGFDA38DA,60.8,0.0,12.1,無,1358.0,47.0
松山區,房地(土地+建物)+車位,寶清街１０３之１２號三樓,22.47,住,,,1130602,土地1建物1車位1,三層,十三層,住宅大樓(11層含以上有電梯),住家用,1061124.0,163.07,3,2,2,有,有,43880000,305302.0,坡道平面,29.17,3000000,,RPWOMLLJQHJGFDA28DA,73.27,9.09,6.29,有,1359.0,7.0
北投區,房地(土地+建物),中和街５２５巷４號四樓,31.75,住,,,1130614,土地1建物1車位0,四層,四層,公寓(5樓含以下無電梯),住家用,660705.0,91.52,3,2,2,有,無,14350000,156796.0,,0.0,0,陽台外推；頂樓加蓋；,RPXNMLLLOHJGFEA38DA,82.22,0.0,9.3,無,1360.0,47.0
北投區,房地(土地+建物),石牌路一段１６６巷４３弄１４號五樓,19.32,住,,,1130626,土地1建物1車位0,五層,七層,華廈(10層含以下有電梯),住家用,971217.0,97.37,1,1,1,有,有,21500000,220807.0,,0.0,0,,RPUOMLQLOHJGFEA68DA,37.43,10.66,3.68,有,1361.0,16.0
士林區,房地(土地+建物),通河東街一段１２４巷１９號二樓,29.75,住,,,1130616,土地1建物1車位0,二層,五層,公寓(5樓含以下無電梯),住家用,700117.0,107.25,3,2,1,有,無,14300000,133333.0,,0.0,0,陽台外推；,RPVNMLSLOHJGFEA88DA,90.16,0.0,17.09,無,1362.0,43.0
士林區,房地(土地+建物),中山北路七段１４巷６１弄１０號四樓,28.04,住,,,1130622,土地1建物1車位0,四層,五層,公寓(5樓含以下無電梯),住家用,731121.0,105.78,3,2,2,有,有,19530000,184628.0,,0.0,0,陽台外推；其他增建；,RPRNMLSJPHJGFEA38DA,86.94,0.0,9.57,無,,40.0
北投區,房地(土地+建物)+車位,溫泉路７６號七樓,52.7,住,,,1130610,土地2建物1車位1,七層,八層,華廈(10層含以下有電梯),住家用,960706.0,223.19,3,2,3,有,有,32500000,177796.0,升降平面,50.52,1800000,,RPVOMLQKPHJGFEA78DA,119.95,0.0,12.3,有,1363.0,17.0
士林區,房地(土地+建物),翠山街３０號,193.0,住,,,1130616,土地1建物1車位0,全,一層,透天厝,住家用,650103.0,105.0,3,4,2,有,有,26000000,247619.0,,0.0,0,其他增建；,RPRNMLSLPHJGFEA58DA,105.0,0.0,0.0,無,1364.0,48.0
大安區,房地(土地+建物),雲和街７６號四樓,22.46,住,,,1130616,土地2建物1車位0,四層,五層,公寓(5樓含以下無電梯),住家用,751124.0,104.38,3,2,2,有,無,27680000,265185.0,,0.0,0,其他增建；,RPVNMLNLOHJGFFA48DA,88.84,2.45,9.2,無,,38.0
大安區,房地(土地+建物),羅斯福路三段２８３巷１９弄６號,53.43,住,,,1130606,土地2建物1車位0,一層,六層,華廈(10層含以下有電梯),住家用,720414.0,252.61,2,2,2,有,無,55500000,219706.0,,0.0,0,其他增建；,RPSNMLQLPHJGFFA58DA,94.77,135.44,0.0,有,,41.0
大安區,房地(土地+建物),信義路三段１３４巷４６號六樓,21.13,住,,,1130618,土地1建物1車位0,六層,十五層,住宅大樓(11層含以上有電梯),住家用,750415.0,108.05,3,2,2,有,有,33330000,308468.0,,0.0,0,陽台外推；,RPQNMLMJQHJGFFA87DA,74.74,0.55,10.59,有,,38.0
文山區,房地(土地+建物),辛亥路四段７７巷９２弄１３號,71.25,住,,,1130623,土地3建物1車位0,一層,十四層,住宅大樓(11層含以上有電梯),住家用,920922.0,94.55,2,2,1,有,有,19750000,208884.0,,0.0,0,與大安區辛亥段四小段615-1、615-2、762-1地號併同移轉。陽台外推；,RPPNMLPJQHJGFAA57DA,69.81,0.0,6.95,有,,21.0
文山區,房地(土地+建物),興隆路三段２５５巷１５號二樓,67.8,住,,,1130624,土地3建物1車位0,二層,五層,公寓(5樓含以下無電梯),住家用,711115.0,151.59,3,2,2,有,無,15600000,102909.0,,0.0,0,,RPVPMLPJQHJGFAA38DA,103.42,0.0,40.27,無,1371.0,42.0
內湖區,房地(土地+建物)+車位,新明路４９８巷１４弄８號二樓,32.12,住,,,1130627,土地1建物1車位1,二層,七層,華廈(10層含以下有電梯),住家用,1001114.0,182.06,3,2,2,有,有,36060000,198067.0,塔式車位,18.92,0,,RPPNMLKKPHJGFCA27DA,84.0,12.07,14.65,有,,13.0
內湖區,房地(土地+建物),東湖路１６０巷１０弄１１號四樓,28.29,住,,,1130609,土地1建物1車位0,四層,五層,公寓(5樓含以下無電梯),住家用,691118.0,100.75,3,2,2,有,無,17350000,172208.0,,0.0,0,陽台外推；,RPQOMLPKPHJGFCA97DA,88.45,0.0,12.3,無,1373.0,44.0
內湖區,房地(土地+建物),江南街７１巷９３弄１９號三樓,42.01,住,,,1130609,土地2建物1車位0,三層,七層,華廈(10層含以下有電梯),住家用,730131.0,112.36,3,2,1,有,有,25000000,222499.0,,0.0,0,陽台外推；,RPVOMLPJQHJGFCA48DA,76.27,0.0,7.32,有,,40.0
信義區,房地(土地+建物),崇德街１２８號二樓,5.36,住,,,1130606,土地1建物1車位0,二層,七層,華廈(10層含以下有電梯),住家用,790817.0,56.25,1,1,1,有,有,14850000,263953.0,,0.0,0,陽台外推；,RPSNMLNLPHJGFDA08DA,43.97,0.0,5.49,有,,34.0
信義區,房地(土地+建物)+車位,永吉路２７８巷２７弄２號二樓,24.62,住,,,1130623,土地1建物2車位1,二層,五層,華廈(10層含以下有電梯),住家用,870123.0,84.86,2,2,1,有,有,23000000,271035.0,升降機械,0.0,0,其他增建；,RPSOMLLJQHJGFDA87DA,49.58,0.0,6.52,有,1376.0,26.0
士林區,房地(土地+建物),文林路７６５號四樓之１,2.3,住,,,1130615,土地1建物1車位0,四層,十一層,住宅大樓(11層含以上有電梯),住家用,700204.0,20.5,1,1,1,有,有,4200000,204878.0,,0.0,0,,RPWNMLLLOHJGFEA28DA,17.07,0.0,0.0,有,,43.0
士林區,房地(土地+建物)+車位,中山北路六段２９０巷７弄２１號五樓,19.26,住,,,1130629,土地1建物1車位1,五層,六層,華廈(10層含以下有電梯),住家用,871014.0,127.48,2,1,1,有,無,27660000,216975.0,升降平面,35.74,0,陽台外推；其他增建；,RPQNMLKKPHJGFEA57DA,60.44,0.0,7.35,有,,26.0
北投區,房地(土地+建物),中山北路七段２１９巷３弄８５號二樓,19.93,住,,,1130607,土地1建物1車位0,二層,七層,華廈(10層含以下有電梯),住家用,730920.0,93.9,2,2,2,有,有,16880000,179766.0,,0.0,0,陽台外推；,RPPOMLMJQHJGFEA77DA,78.05,0.0,14.14,有,1377.0,40.0
北投區,房地(土地+建物)+車位,稻香路１６１巷１６弄８之５號二樓,66.96,住,,,1130617,土地1建物1車位1,二層,五層,華廈(10層含以下有電梯),住家用,1100902.0,157.47,3,2,2,有,有,27700000,210535.0,坡道平面,35.4,2000000,含裝潢設備及家電,RPUOMLPJQHJGFEA58DA,69.99,3.61,5.92,有,,3.0
北投區,房地(土地+建物)+車位,稻香路１６１巷１６弄１０號三樓,70.06,住,,,1130613,土地1建物1車位1,三層,五層,華廈(10層含以下有電梯),住家用,1100902.0,163.05,3,2,2,有,有,27480000,198825.0,坡道平面,35.4,2100000,,RPVOMLPJQHJGFEA68DA,71.8,3.8,7.56,有,,3.0
北投區,房地(土地+建物)+車位,稻香路１６１巷１６弄１０之２號三樓,51.93,住,,,1130603,土地1建物1車位1,三層,五層,華廈(10層含以下有電梯),住家用,1100902.0,130.05,2,2,1,有,有,20800000,197570.0,坡道平面,35.4,2100000,,RPWOMLPJQHJGFEA78DA,52.86,3.9,4.89,有,,3.0
大安區,房地(土地+建物)+車位,臥龍街２９３號九樓之２,15.86,住,,,1130616,土地1建物1車位1,九層,十四層,住宅大樓(11層含以上有電梯),住家用,871201.0,83.28,2,2,2,有,有,22200000,266571.0,坡道機械,0.0,2000000,陽台外推；夾層；其他增建；,RPOOMLLJQHJGFFA67DA,40.27,0.0,7.57,有,1378.0,26.0
大安區,房地(土地+建物),通化街１２３巷３６弄１號五樓,21.6,住,,,1130630,土地1建物1車位0,五層,五層,公寓(5樓含以下無電梯),住家用,,60.59,2,1,1,有,無,14500000,239313.0,,0.0,0,陽台外推；其他增建；,RPVOMLMJQHJGFFA48DA,44.43,0.0,16.16,無,,
文山區,房地(土地+建物)+車位,試院路１５４巷５弄７號,52.7,住,,,1130618,土地1建物1車位1,一層,四層,華廈(10層含以下有電梯),住家用,840119.0,134.36,6,2,3,有,有,12680000,94373.0,坡道平面,0.0,1500000,其他增建；,RPQNMLQJPHJGFAA67DA,42.11,74.03,0.0,有,,29.0
萬華區,房地(土地+建物),德昌街１８５巷５２號四樓,42.8,住,,,1130619,土地1建物1車位0,四層,四層,公寓(5樓含以下無電梯),住家用,651023.0,123.27,4,2,2,有,無,16800000,136286.0,,0.0,0,本件標的含有頂樓加蓋部分頂樓加蓋格局為3房2廳2衛頂樓加蓋；,RPRPMLPJQHJGFBA08DA,110.18,0.0,13.09,無,,48.0
中山區,房地(土地+建物)+車位,樂群二路２６６巷２８號四樓,66.57,住,,,1130615,土地1建物1車位2,四層,七層,華廈(10層含以下有電梯),住家用,980121.0,278.27,0,0,0,無,無,62500000,239234.0,塔式車位,33.74,4000000,陽台外推；其他增建；,RPROMLKMPHJGFCA77DA,125.02,16.16,13.14,有,,15.0
信義區,房地(土地+建物),信義路六段７６巷８弄１２之１號,21.17,住,,,1130622,土地1建物1車位0,一層，陽臺,四層,公寓(5樓含以下無電梯),住家用,650315.0,85.67,2,2,1,有,無,17500000,204272.0,,0.0,0,其他增建；,RPXOMLQKPHJGFDA88DA,85.67,0.0,0.0,無,1386.0,48.0
信義區,房地(土地+建物),和平東路三段３９１巷８弄３６號四樓,19.25,住,,,1130616,土地1建物1車位0,四層，陽臺,四層,公寓(5樓含以下無電梯),住家用,611215.0,57.18,2,2,1,有,無,12500000,218608.0,,0.0,0,,RPQOMLKMPHJGFDA77DA,57.18,0.0,0.0,無,,52.0
松山區,房地(土地+建物)+車位,三民路３８號六樓之２、三民路３８號六樓之３,20.17,住,,,1130623,土地1建物1車位1,六層,八層,華廈(10層含以下有電梯),住家用,980703.0,103.96,1,0,1,有,有,31370000,301751.0,升降機械,0.0,1500000,其他增建；,RPWNMLRJQHJGFDA78DA,50.52,4.94,3.0,有,1387.0,15.0
北投區,房地(土地+建物)+車位,翠嶺路２６號四樓,109.73,住,,,1130630,土地1建物2車位2,四層，五層,五層,華廈(10層含以下有電梯),住家用,1001212.0,382.35,5,2,5,有,有,41080000,115293.0,坡道平面,65.94,4600000,陽台外推；其他增建；,RPROMLPJQHJGFEA28DA,163.16,19.62,22.41,有,1388.0,13.0
北投區,房地(土地+建物)+車位,稻香路２３７號五樓,56.2,住,,,1130624,土地1建物1車位1,五層,五層,華廈(10層含以下有電梯),住家用,1101015.0,138.41,2,1,1,有,有,22380000,207979.0,坡道平面,40.9,2100000,,RPOPMLPJQHJGFEA08DA,52.58,6.04,4.92,有,,3.0
大安區,房地(土地+建物)+車位,新生南路一段１５３號五樓,56.14,住,,,1130615,土地2建物1車位3,五層,十一層,住宅大樓(11層含以上有電梯),住家用,980324.0,404.38,4,2,3,有,有,104880000,348249.0,升降平面,129.06,9000000,陽台外推；其他增建；,RPXNMLRKOHJGFFA98DA,153.6,16.25,12.14,有,,15.0
大安區,房地(土地+建物),延吉街１２３號三樓,12.11,住,,,1130609,土地2建物2車位0,三層,七層,華廈(10層含以下有電梯),住家用,670220.0,67.62,2,2,1,有,有,23250000,343833.0,,0.0,0,陽台外推；,RPPNMLMLPHJGFFA87DA,49.79,0.0,9.63,有,1389.0,46.0
中正區,房地(土地+建物),中華路二段３１１巷２８號五樓,10.53,住,,,1130618,土地1建物1車位0,五層,五層,公寓(5樓含以下無電梯),住家用,560201.0,25.63,1,1,1,有,無,5000000,195084.0,,0.0,0,陽台外推；,RPXNMLSKPHJGFAA68DA,24.0,0.0,1.63,無,1391.0,57.0
文山區,房地(土地+建物),興隆路四段１０５巷５４之１號二樓,13.49,住,,,1130622,土地1建物1車位0,二層,七層,華廈(10層含以下有電梯),住家用,851014.0,42.08,2,1,1,有,有,8800000,209125.0,,0.0,0,夾層；其他增建；,RPQOMLTKPHJGFAA18DA,26.83,0.98,3.67,有,,28.0
中正區,建物,忠孝東路一段８６號七樓之４,0.0,,,,1130615,土地0建物1車位0,七層,十四層,住宅大樓(11層含以上有電梯),住家用,900913.0,137.48,3,1,2,有,有,18500000,134565.0,,0.0,0,建物坐落地號：成功段二小段79地號；陽台外推；,RPTNMLKKPHJGFBA57DA,72.92,3.08,9.27,有,,23.0
大同區,房地(土地+建物),延平北路三段９８之１號四樓,37.2,住,,,1130625,土地1建物1車位0,四層,五層,公寓(5樓含以下無電梯),住家用,601123.0,127.7,4,2,4,有,無,20880000,163508.0,,0.0,0,陽台外推；其他增建；,RPXOMLRJQHJGFBA78DA,127.7,0.0,0.0,無,1393.0,53.0
松山區,房地(土地+建物),復興北路４８９號四樓之１０,5.62,住,,,1130630,土地1建物1車位0,四層,十一層,住宅大樓(11層含以上有電梯),住家用,960216.0,36.06,1,1,1,有,有,10900000,302274.0,,0.0,0,,RPWNMLPKPHJGFDA58DA,20.96,0.0,2.87,有,1397.0,17.0
北投區,房地(土地+建物),尊賢街２６５號,32.75,住,,,1130624,土地1建物1車位0,一層,四層,公寓(5樓含以下無電梯),住家用,640109.0,94.98,3,2,2,有,無,23200000,244262.0,,0.0,0,其他增建；,RPPNMLKMOHJGFEA57DA,94.98,0.0,0.0,無,1398.0,49.0
士林區,房地(土地+建物),文林路７６３號十一樓之５,17.11,住,,,1130601,土地1建物1車位0,十一層,十一層,住宅大樓(11層含以上有電梯),住家用,700204.0,146.4,4,1,2,有,有,30100000,205601.0,,0.0,0,陽台外推；,RPROMLLKPHJGFEA87DA,110.66,0.0,14.04,有,,43.0
大安區,房地(土地+建物)+車位,臥龍街２２０號九樓,29.97,住,,,1130608,土地1建物2車位2,九層,十二層,住宅大樓(11層含以上有電梯),住家用,1030529.0,286.2,2,2,2,有,有,67800000,270934.0,坡道平面,58.1,6000000,陽台外推；其他增建；,RPWOMLOJPHJGFFA68DA,113.51,28.38,9.49,有,1399.0,10.0
信義區,房地(土地+建物),忠孝東路五段７４３巷３１弄１８號,21.36,住,,,1130607,土地1建物1車位0,一層,七層,華廈(10層含以下有電梯),住家用,721011.0,110.36,4,2,1,有,無,37000000,335266.0,,0.0,0,其他增建：防火巷。法定空地其他增建；,RPPNMLTJQHJGFDA38EA,81.89,13.34,0.0,有,,41.0
文山區,房地(土地+建物),景隆街１９巷１３號四樓,30.5,住,,,1130619,土地1建物1車位0,四層,四層,公寓(5樓含以下無電梯),住家用,660309.0,85.39,3,2,1,有,無,14700000,172151.0,,0.0,0,,RPPNMLOJPHJGFAA37DA,72.19,0.0,13.2,無,,47.0
文山區,房地(土地+建物),試院路１５４巷２弄２３號二樓,29.77,住,,,1130619,土地1建物1車位0,二層,四層,公寓(5樓含以下無電梯),住家用,750321.0,96.5,6,0,6,有,無,13000000,134715.0,,0.0,0,陽台外推；其他增建；,RPPNMLMKQHJGFAA37DA,76.82,0.0,14.8,無,1400.0,38.0
內湖區,房地(土地+建物)+車位,文湖街８１巷３８號二樓,53.24,住,,,1130610,土地1建物2車位1,一層，二層,九層,華廈(10層含以下有電梯),住家用,1020802.0,238.44,3,2,2,有,有,51960000,217916.0,一樓平面,11.37,0,其他增建；,RPTNMLNJQHJGFCA97DA,117.68,8.98,14.12,有,1402.0,11.0
中山區,房地(土地+建物),吉林路２４號七樓之１,8.47,住,,,1130625,土地1建物1車位0,七層,十二層,住宅大樓(11層含以上有電梯),住家用,661227.0,79.83,2,1,0,有,有,19000000,238006.0,,0.0,0,,RPVOMLTJQHJGFCA88DA,57.75,0.0,6.21,有,,46.0
南港區,房地(土地+建物)+車位,興華路３０巷４號十二樓,21.34,住,,,1130623,土地1建物1車位1,十二層,十三層,住宅大樓(11層含以上有電梯),住家用,790109.0,145.34,3,2,2,有,有,30900000,212605.0,坡道平面,0.0,2500000,陽台外推；,RPRNMLSLPHJGFDA48DA,115.33,2.72,9.39,有,,34.0
信義區,房地(土地+建物),忠孝東路四段５５３巷２２弄２之１號六樓,15.38,住,,,1130623,土地1建物1車位0,六層,七層,華廈(10層含以下有電梯),住家用,670203.0,83.04,3,2,2,有,有,27500000,331166.0,,0.0,0,陽台外推；,RPQNMLTJQHJGFDA48EA,64.19,0.0,12.98,有,,46.0
內湖區,房地(土地+建物),成功路五段４２０巷１７號三樓之１,23.54,住,,,1130608,土地1建物1車位0,三層,十一層,住宅大樓(11層含以上有電梯),住家用,860515.0,92.51,2,2,1,有,有,27000000,291860.0,,0.0,0,含土地增值稅或其他稅費；含仲介費；陽台外推；,RPXNMLLKOHJGFCA08DA,58.45,0.98,13.18,有,,27.0
信義區,房地(土地+建物)+車位,吳興街６００巷４０號六樓,70.65,住,,,1130605,土地1建物1車位1,六層，七層,十五層,住宅大樓(11層含以上有電梯),住家用,821201.0,402.93,4,2,3,有,有,62500000,160200.0,坡道平面,31.52,3000000,陽台外推；其他增建；,RPUNMLSKPHJGFDA68DA,258.62,0.0,42.07,有,,31.0
南港區,房地(土地+建物),東新街１４６號六樓,27.76,住,,,1130626,土地3建物1車位0,六層,十五層,住宅大樓(11層含以上有電梯),住家用,990331.0,175.31,3,2,2,有,有,45600000,260111.0,,0.0,0,,RPROMLMJQHJGFDA87DA,106.84,0.0,11.26,有,,14.0
南港區,房地(土地+建物)+車位,重陽路２１號四樓,31.62,住,,,1130607,土地1建物1車位1,四層,十四層,住宅大樓(11層含以上有電梯),住家用,1110124.0,181.57,4,2,2,有,有,57550000,352322.0,坡道平面,26.74,3000000,,RPWNMLTJQHJGFDA98DA,85.32,6.64,8.99,有,,2.0
北投區,房地(土地+建物)+車位,明德路８號八樓之１,15.5,住,,,1130622,土地1建物1車位1,八層,十二層,住宅大樓(11層含以上有電梯),住家用,1070426.0,127.57,2,2,1,有,有,32500000,254762.0,坡道平面,34.95,0,,RPSNMLSKPHJGFEA58DA,50.72,6.3,4.32,有,1405.0,6.0
北投區,房地(土地+建物),中央北路三段２１６號五樓,22.53,住,,,1130627,土地2建物1車位0,五層,五層,公寓(5樓含以下無電梯),住家用,680824.0,92.96,3,2,1,有,無,9300000,100043.0,,0.0,0,陽台外推；其他增建；,RPSNMLNLPHJGFEA18DA,71.36,0.0,21.6,無,,45.0
北投區,房地(土地+建物),中央北路三段２１８號五樓,22.53,住,,,1130627,土地2建物1車位0,五層,五層,公寓(5樓含以下無電梯),住家用,680824.0,84.31,3,2,2,有,無,9100000,107935.0,,0.0,0,陽台外推；其他增建；,RPTNMLNLPHJGFEA28DA,71.36,0.0,12.95,無,,45.0
北投區,房地(土地+建物),文林北路１６巷２３號四樓,68.52,住,,,1130622,土地1建物1車位0,四層,八層,華廈(10層含以下有電梯),住家用,1021021.0,212.62,4,2,2,有,有,52000000,244568.0,,0.0,0,,RPRNMLSJQHJGFEA48DA,116.92,0.0,12.7,有,1407.0,11.0
北投區,房地(土地+建物)+車位,石牌路二段３１５巷３４弄７號九樓之２,54.98,住,,,1130630,土地1建物1車位2,九層,十四層,住宅大樓(11層含以上有電梯),住家用,1040804.0,289.63,3,2,3,有,有,52000000,220825.0,坡道平面,74.98,4600000,,RPOOMLTJQHJGFEA38DA,126.27,13.36,12.63,有,,9.0
大安區,房地(土地+建物),復興南路二段１７１巷２０號五樓,25.33,住,,,1130622,土地1建物1車位0,五層,十九層,住宅大樓(11層含以上有電梯),住家用,740522.0,128.87,3,2,2,有,無,33530000,260185.0,,0.0,0,花台外推,RPTOMLTJQHJGFFA98DA,96.81,1.8,9.07,有,,39.0
士林區,房地(土地+建物),葫蘆街４１號五樓,25.7,住,,,1130630,土地1建物1車位0,五層,五層,公寓(5樓含以下無電梯),住家用,690320.0,92.23,3,2,1,有,無,13500000,146373.0,,0.0,0,頂樓加蓋；,RPRNMLMKQHJGFEA08EA,81.56,0.0,10.67,無,,44.0
北投區,房地(土地+建物),行義路１８６巷３６號七樓,28.49,住,,,1130621,土地1建物1車位0,七層,七層,華廈(10層含以下有電梯),住家用,731221.0,136.28,3,2,2,有,有,17000000,124743.0,,0.0,0,陽台外推；頂樓加蓋；,RPQNMLNKQHJGFEA08EA,109.83,9.9,7.21,有,,40.0
文山區,房地(土地+建物),試院路１５４巷２弄１６號四樓,37.39,住,,,1130610,土地1建物1車位0,四層,四層,公寓(5樓含以下無電梯),住家用,700619.0,142.7,4,2,2,有,有,12800000,89699.0,,0.0,0,陽台外推；,RPQNMLTJQHJGFAA08DA,116.3,0.0,16.9,無,,43.0
文山區,房地(土地+建物)+車位,辛亥路四段７７巷９２弄９號十三樓之２,51.51,住,,,1130627,土地3建物1車位1,十三層,十四層,住宅大樓(11層含以上有電梯),住家用,920922.0,115.55,2,2,1,有,有,18000000,201791.0,坡道平面,36.26,2000000,另有大安區辛亥段四小段615-1、615-2、762-1地號，同一價格。陽台外推；其他增建；,RPPOMLMKQHJGFAA47DA,48.37,0.0,8.8,有,,21.0
中正區,房地(土地+建物),青島東路３７號二樓,26.36,住,,,1130611,土地1建物1車位0,二層,五層,華廈(10層含以下有電梯),住家用,820621.0,93.85,1,1,1,有,有,25000000,266383.0,,0.0,0,陽台外推；其他增建；,RPQNMLPKPHJGFBA77DA,66.36,12.48,7.79,有,,31.0
萬華區,房地(土地+建物)+車位,西園路二段３７號十一樓之３,18.24,住,,,1130603,土地2建物1車位1,十一層,十五層,住宅大樓(11層含以上有電梯),住家用,1110629.0,178.86,3,2,2,有,有,38830000,248038.0,坡道平面,33.6,2800000,,RPSNMLTLPHJGFBA48DA,83.92,3.83,10.94,有,,2.0
中正區,房地(土地+建物)+車位,林森南路６９號四樓,23.53,住,,,1130613,土地2建物2車位1,四層,十三層,住宅大樓(11層含以上有電梯),住家用,1060302.0,153.32,2,2,2,有,有,42880000,308008.0,塔式車位,21.57,2300000,塔式車位位於地下二層。,RPUNMLQJQHJGFBA28DA,64.98,7.7,6.47,有,1413.0,7.0
中山區,房地(土地+建物)+車位,明水路５５５號十五樓之１７,24.55,住,,,1130621,土地1建物1車位1,十四層，十五層,十六層,住宅大樓(11層含以上有電梯),住家用,850530.0,125.26,2,2,2,有,有,29000000,231518.0,坡道機械,0.0,0,,RPSNMLOKQHJGFCA08DA,64.79,2.84,7.06,有,,28.0
松山區,房地(土地+建物),南京東路三段３３５巷２３號四樓之７,4.78,住,,,1130610,土地3建物1車位0,四層,七層,華廈(10層含以下有電梯),住家用,740819.0,29.69,1,0,1,有,有,11200000,377231.0,,0.0,0,陽台外推；,RPSOMLOJPHJGFDA08DA,16.32,0.0,3.29,有,,39.0
南港區,房地(土地+建物),東新街８０巷１１弄２號四樓,31.0,住,,,1130624,土地1建物1車位0,四層,四層,公寓(5樓含以下無電梯),住家用,,88.08,3,2,2,有,無,20220000,229564.0,,0.0,0,陽台外推；頂樓加蓋；其他增建；,RPQNMLLJQHJGFDA57DA,77.92,0.0,10.16,無,1416.0,
松山區,房地(土地+建物),八德路四段１８１巷１７弄１６號二樓,25.75,住,,,1130610,土地2建物1車位0,二層，陽臺,四層,公寓(5樓含以下無電梯),住家用,640510.0,69.9,3,2,2,有,無,13500000,193133.0,,0.0,0,,RPROMLMKQHJGFDA97DA,69.9,0.0,0.0,無,,49.0
信義區,房地(土地+建物),松隆路７３巷１號三樓,9.8,住,,,1130610,土地1建物1車位0,三層，陽臺,四層,公寓(5樓含以下無電梯),住家用,620918.0,48.78,2,1,1,有,無,10671000,218758.0,,0.0,0,,RPQOMLNKQHJGFDA97DA,48.78,0.0,0.0,無,,51.0
大安區,房地(土地+建物),延吉街１３１巷１弄１０號五樓,34.87,住,,,1130619,土地1建物1車位0,五層,五層,公寓(5樓含以下無電梯),住家用,670808.0,101.63,2,1,1,有,無,25040000,246384.0,,0.0,0,頂樓加蓋；其他增建；,RPPOMLSJQHJGFFA48DA,88.6,0.0,13.03,無,,46.0
文山區,房地(土地+建物)+車位,萬盛街１６６巷１號六樓,41.08,住,,,1130609,土地1建物1車位2,六層,七層,華廈(10層含以下有電梯),住家用,1030707.0,203.3,3,2,2,有,有,40000000,199956.0,升降機械,23.26,4000000,其他增建；,RPOPMLPJQHJGFAA67DA,99.0,10.13,9.83,有,1420.0,10.0
萬華區,房地(土地+建物),萬大路４８６巷３７弄６之１號,15.5,住,,,1130628,土地1建物1車位0,二層,四層,公寓(5樓含以下無電梯),住家用,580212.0,44.53,2,1,1,有,無,8310000,186616.0,,0.0,0,陽台外推；其他增建；,RPQOMLTLPHJGFBA38DA,44.53,0.0,0.0,無,,55.0
萬華區,房地(土地+建物)+車位,環河南路三段１３５號九樓,27.59,住,,,1130616,土地1建物1車位1,九層,十三層,住宅大樓(11層含以上有電梯),住家用,1050419.0,223.62,3,2,2,有,有,36000000,170284.0,升降平面,26.89,2500000,,RPOPMLTLPHJGFBA28DA,111.13,5.14,14.55,有,1421.0,8.0
信義區,房地(土地+建物),松德路２５巷１０號五樓,12.38,住,,,1130630,土地2建物1車位0,五層,十四層,住宅大樓(11層含以上有電梯),住家用,740620.0,110.7,3,2,1,有,有,30500000,275495.0,,0.0,0,陽台外推；其他增建；,RPOQMLPKPHJGFDA08DA,82.76,0.0,9.54,有,,39.0
信義區,房地(土地+建物)+車位,信安街１６８號九樓之９,28.1,住,,,1130619,土地1建物1車位2,九層,十二層,住宅大樓(11層含以上有電梯),住家用,1121220.0,206.68,2,1,2,有,有,56000000,391352.0,坡道平面,79.94,6400000,預售屋、或土地及建物分件登記案件；,RPRNMLMKQHJGFDA87DA,70.11,8.37,4.57,有,,
大安區,房地(土地+建物),信義路三段１３４巷５８號六樓,21.13,住,,,1130618,土地1建物1車位0,六層,十六層,住宅大樓(11層含以上有電梯),住家用,750415.0,108.82,3,2,2,有,有,32680000,300312.0,,0.0,0,陽台外推；,RPXNMLMJQHJGFFA58DA,75.83,0.55,10.27,有,,38.0
大安區,房地(土地+建物),延吉街１３１巷１弄１２號五樓,34.87,住,,,1130619,土地1建物1車位0,五層,五層,公寓(5樓含以下無電梯),住家用,670808.0,101.63,3,1,2,有,無,25040000,246384.0,,0.0,0,陽台外推；頂樓加蓋；其他增建；,RPVOMLRJQHJGFFA98DA,88.6,0.0,13.03,無,,46.0
文山區,房地(土地+建物)+車位,萬隆街９３號五樓,33.14,住,,,1130615,土地1建物1車位1,五層,十層,華廈(10層含以下有電梯),住家用,941104.0,180.67,4,2,2,有,有,39800000,245027.0,坡道平面,28.85,2600000,陽台外推；其他增建；,RPPNMLKMOHJGFAA17DA,87.99,16.07,11.42,有,,19.0
中正區,房地(土地+建物)+車位,汀州路二段１２７巷１５號三樓,36.06,住,,,1130617,土地1建物1車位1,三層,七層,華廈(10層含以下有電梯),住家用,980605.0,167.07,3,2,2,有,有,36990000,221404.0,升降機械,0.0,0,陽台外推；其他增建；,RPUOMLLJPHJGFAA67DA,76.52,11.64,9.11,有,,15.0
文山區,房地(土地+建物),木柵路二段１０９巷２５弄３９號四樓,39.11,住,,,1130611,土地1建物1車位0,四層,四層,公寓(5樓含以下無電梯),住家用,711220.0,91.06,3,2,1,有,無,12360000,135735.0,,0.0,0,陽台外推；頂樓加蓋；,RPRNMLKKPHJGFAA27DA,79.24,0.0,11.82,無,,41.0
文山區,房地(土地+建物),興隆路三段１８５巷１５弄２號五樓,35.42,住,,,1130608,土地7建物1車位0,五層,五層,公寓(5樓含以下無電梯),住家用,720823.0,117.35,3,2,2,有,有,10060000,85726.0,,0.0,0,陽台外推；其他增建；,RPWNMLRKPHJGFAA48DA,79.29,0.0,27.68,無,1428.0,41.0
內湖區,房地(土地+建物),環山路一段５９巷３０弄４號三樓,33.25,住,,,1130624,土地2建物1車位0,三層,四層,公寓(5樓含以下無電梯),住家用,670606.0,78.96,4,1,2,有,無,16800000,212766.0,,0.0,0,陽台外推；,RPOOMLNLPHJGFCA67DA,70.58,0.0,8.38,無,1431.0,46.0
中山區,房地(土地+建物),明水路５５５號六樓之１１,11.46,住,,,1130629,土地1建物1車位0,五層，六層,十六層,住宅大樓(11層含以上有電梯),住家用,850530.0,50.16,2,1,1,有,有,16060000,320175.0,,0.0,0,其他增建；,RPUOMLTJQHJGFCA78DA,32.39,1.15,3.8,有,1432.0,28.0
松山區,房地(土地+建物),市民大道四段１５９號四樓,27.11,住,,,1130607,土地1建物1車位0,四層,七層,華廈(10層含以下有電梯),住家用,670919.0,130.98,4,2,2,有,無,32800000,250420.0,,0.0,0,陽台外推；其他增建；,RPQNMLLKPHJGFDA57DA,101.51,0.0,11.04,有,,46.0
信義區,房地(土地+建物),吳興街６００巷７６弄１３６號五樓,31.2,住,,,1130628,土地1建物1車位0,五層,五層,公寓(5樓含以下無電梯),住家用,731231.0,94.54,3,2,2,有,無,14680000,155278.0,,0.0,0,陽台外推；其他增建；,RPUOMLSKPHJGFDA78DA,84.57,0.0,9.97,無,,39.0
松山區,房地(土地+建物),復興北路４２７巷２５號五樓之８,5.53,住,,,1130622,土地1建物1車位0,五層,十一層,住宅大樓(11層含以上有電梯),住家用,971013.0,34.09,0,0,0,無,有,9700000,284541.0,,0.0,0,夾層；,RPXNMLOKQHJGFDA68DA,17.19,1.25,2.1,有,1434.0,16.0
士林區,房地(土地+建物)+車位,雨聲街２０７號三樓,39.18,住,,,1130616,土地1建物1車位1,三層,七層,華廈(10層含以下有電梯),住家用,870122.0,178.05,5,2,3,有,無,35660000,200281.0,坡道機械,18.21,0,夾層；其他增建；,RPRNMLKKPHJGFEA67DA,109.42,0.0,11.61,有,,26.0
士林區,房地(土地+建物)+車位,中山北路七段２１９巷１６號,32.64,住,,,1130622,土地1建物1車位1,一層,七層,華廈(10層含以下有電梯),住家用,730804.0,180.64,4,2,2,有,有,32000000,193320.0,坡道平面,30.63,3000000,其他增建；,RPPNMLTLPHJGFEA48DA,143.9,13.06,0.0,有,,40.0
士林區,房地(土地+建物),通河東街一段３２號二樓,24.5,住,,,1130626,土地1建物1車位0,二層,四層,公寓(5樓含以下無電梯),住家用,661111.0,71.55,2,1,2,有,無,14800000,206848.0,,0.0,0,其他增建；,RPUOMLOKQHJGFEA58DA,71.55,0.0,0.0,無,1435.0,47.0
大安區,房地(土地+建物),建國南路二段３２４號六樓,22.67,住,,,1130615,土地1建物1車位0,六層,十層,華廈(10層含以下有電梯),住家用,731205.0,144.4,3,2,2,有,有,41500000,287396.0,,0.0,0,,RPWNMLLMPHJGFFA58DA,106.37,0.0,18.97,有,,40.0
大安區,房地(土地+建物),信義路四段２６５巷５４號七樓,39.13,住,,,1130628,土地1建物1車位0,七層,七層,華廈(10層含以下有電梯),住家用,730308.0,213.43,5,3,3,有,有,59000000,276437.0,,0.0,0,陽台外推；頂樓加蓋；其他增建；,RPWNMLMJQHJGFFA48DA,169.13,0.0,28.09,有,1436.0,40.0
大安區,房地(土地+建物)+車位,永康街３１之１號五樓,46.07,住,,,1130604,土地1建物1車位1,五層,七層,華廈(10層含以下有電梯),住家用,991222.0,277.15999999999997,2,2,2,有,有,84680000,305527.0,升降平面,21.35,0,夾層；其他增建；,RPTOMLPJQHJGFFA58DA,120.24,27.52,7.28,有,1437.0,13.0
文山區,房地(土地+建物),木新路二段２９９巷１３弄１號五樓,49.4,住,,,1130621,土地1建物1車位0,五層,五層,公寓(5樓含以下無電梯),住家用,710219.0,162.82,4,2,2,有,無,20680000,127011.0,,0.0,0,陽台外推；頂樓加蓋；其他增建；,RPQOMLLJQHJGFAA37DA,147.11,0.0,15.71,無,,42.0
中正區,建物,忠孝東路一段８６號十四樓之３,0.0,,,,1130615,土地0建物1車位0,十四層,十四層,住宅大樓(11層含以上有電梯),住家用,900913.0,137.48,1,2,1,有,有,19730000,143512.0,,0.0,0,土地與市場處承租，僅建物買賣；建物坐落地號：成功段二小段79地號；陽台外推；,RPSNMLNLPHJGFBA87DA,72.92,3.08,9.27,有,,23.0
大同區,房地(土地+建物),敦煌路１７０號四樓,20.29,住,,,1130621,土地2建物1車位0,四層,七層,華廈(10層含以下有電梯),住家用,710818.0,117.39,2,2,1,有,無,20000000,170372.0,,0.0,0,陽台外推；其他增建；,RPPOMLPJQHJGFBA77DA,91.28,0.0,21.75,有,,42.0
中山區,房地(土地+建物),松江路１３２巷５之１號四樓,5.07,住,,,1130630,土地1建物1車位0,四層,四層,公寓(5樓含以下無電梯),住家用,580618.0,62.13,3,2,1,有,無,14000000,225334.0,,0.0,0,,RPROMLNKQHJGFCA97DA,62.13,0.0,0.0,無,1440.0,55.0
南港區,房地(土地+建物)+車位,向陽路１９６巷８號七樓之１,21.32,住,,,1130613,土地1建物1車位1,七層,十二層,住宅大樓(11層含以上有電梯),住家用,980306.0,114.5,2,2,1,有,有,30200000,304348.0,坡道機械,22.5,2200000,,RPQPMLLJPHJGFDA67DA,53.3,5.27,5.53,有,1442.0,15.0
松山區,房地(土地+建物),市民大道五段１號二樓之６,11.35,住,,,1130629,土地1建物1車位0,二層,九層,華廈(10層含以下有電梯),住家用,970221.0,41.65,2,1,1,有,有,14180000,340456.0,,0.0,0,,RPTOMLKMPHJGFDA08DA,23.86,1.38,0.0,有,,16.0
信義區,房地(土地+建物),松仁路２２５號四樓,32.75,住,,,1130626,土地1建物1車位0,四層,四層,公寓(5樓含以下無電梯),住家用,580905.0,97.82,3,2,1,有,無,21600000,220814.0,,0.0,0,其他增建；,RPQPMLMKQHJGFDA97DA,97.82,0.0,0.0,無,,55.0
信義區,房地(土地+建物),福德街２２１巷２弄７號,26.7,住,,,1130630,土地5建物1車位0,一層，平台,四層,公寓(5樓含以下無電梯),住家用,651104.0,80.4,4,2,2,有,無,24600000,305970.0,,0.0,0,,RPVNMLQKQHJGFDA68DA,80.4,0.0,0.0,無,1444.0,48.0
信義區,房地(土地+建物)+車位,松德路８２號六樓,25.14,住,,,1130622,土地1建物1車位1,六層,十二層,住宅大樓(11層含以上有電梯),住家用,770923.0,184.44,4,2,2,有,有,49000000,265669.0,升降平面,0.0,0,,RPOOMLQKQHJGFDA08DA,157.95,1.21,14.96,有,,36.0
北投區,房地(土地+建物),西安街一段１８９號七樓之１,9.95,住,,,1130630,土地1建物1車位0,七層,七層,華廈(10層含以下有電梯),住家用,1010320.0,55.76,2,1,1,有,有,17220000,308824.0,,0.0,0,夾層；其他增建；,RPQNMLKMPHJGFEA77DA,24.53,6.04,2.97,有,1445.0,12.0
士林區,房地(土地+建物)+車位,中山北路六段４４１巷３０號三樓,26.05,住,,,1130612,土地1建物1車位1,三層,十七層,住宅大樓(11層含以上有電梯),住家用,1130306.0,176.75,0,0,0,無,有,57280000,378935.0,坡道平面,35.09,3600000,毛胚屋；,RPVOMLSJQHJGFEA98DA,80.27,5.95,5.87,有,,
大安區,房地(土地+建物),仁愛路三段１２３巷９弄１５號五樓,25.11,住,,,1130630,土地1建物1車位0,五層,七層,華廈(10層含以下有電梯),住家用,680529.0,119.53,2,2,2,有,無,42880000,358738.0,,0.0,0,陽台外推；其他增建；,RPXNMLLJPHJGFFA38DA,100.48,0.0,11.81,有,,45.0
士林區,房地(土地+建物),葫蘆街７０巷１６號,36.0,住,,,1130628,土地1建物1車位0,一層,四層,公寓(5樓含以下無電梯),住家用,670117.0,92.93,4,2,1,有,無,18550000,199613.0,,0.0,0,壹樓空地、平台、防火巷、停車場變更做室內使用其他增建；,RPPNMLTKQHJGFEA58EA,81.17,11.76,0.0,無,,46.0
文山區,房地(土地+建物)+車位,羅斯福路六段１６６巷１號十一樓,25.96,住,,,1130608,土地1建物1車位1,十一層,十二層,住宅大樓(11層含以上有電梯),住家用,1111215.0,178.66,3,2,2,有,有,42600000,298907.0,升降平面,42.33,1850000,,RPVNMLMLOHJGFAA87DA,83.44,4.96,4.59,有,,1.0
文山區,房地(土地+建物)+車位,興隆路四段１０５巷１９號十二樓,25.88,住,,,1130622,土地1建物1車位1,十二層,十三層,住宅大樓(11層含以上有電梯),住家用,840821.0,184.63,3,2,2,有,有,26760000,144939.0,坡道平面,0.0,3500000,陽台外推；其他增建；,RPXNMLMLOHJGFAA08DA,73.8,2.82,11.02,有,,29.0
文山區,房地(土地+建物),興隆路四段９６巷４弄１號二樓,42.5,住,,,1130623,土地1建物1車位0,二層,四層,公寓(5樓含以下無電梯),住家用,660728.0,117.53,3,2,2,有,無,19380000,164894.0,,0.0,0,陽台外推；其他增建；,RPXNMLSLOHJGFAA68DA,103.81,0.0,13.72,無,,47.0
萬華區,房地(土地+建物),中華路二段４１６巷７號七樓之３,19.35,住,,,1130601,土地1建物1車位0,七層,十二層,住宅大樓(11層含以上有電梯),住家用,760316.0,89.76,3,2,1,有,有,20360000,226827.0,,0.0,0,陽台外推；其他增建；,RPVOMLPJQHJGFBA38DA,61.6,0.0,8.52,有,,37.0
萬華區,房地(土地+建物),萬大路１９０號三樓,21.99,住,,,1130618,土地1建物1車位0,三層,七層,華廈(10層含以下有電梯),住家用,740529.0,111.38,3,2,2,有,無,23680000,212605.0,,0.0,0,前後陽台外推陽台外推；其他增建；,RPPNMLQKQHJGFBA87DA,89.06,1.41,10.07,有,1446.0,39.0
內湖區,房地(土地+建物),康樂街２０巷９號五樓,50.25,住,,,1130623,土地1建物1車位0,五層,五層,公寓(5樓含以下無電梯),住家用,760704.0,141.55,4,2,2,有,無,22000000,155422.0,,0.0,0,陽台外推；其他增建；,RPVOMLLKPHJGFCA08DA,117.61,0.2,11.94,無,,37.0
內湖區,房地(土地+建物),瑞光路２５３巷３０號五樓,33.03,住,,,1130626,土地1建物1車位0,五層,七層,華廈(10層含以下有電梯),住家用,730210.0,100.58,2,2,1,有,有,22800000,226685.0,,0.0,0,其他增建；,RPTNMLNLPHJGFCA08DA,67.24,0.0,7.64,有,,40.0
中山區,房地(土地+建物),敬業三路１６２巷１１９號九樓,47.09,住,,,1130601,土地1建物1車位0,九層,十層,華廈(10層含以下有電梯),住家用,890628.0,155.43,3,2,2,有,有,32600000,209741.0,,0.0,0,陽台外推；其他增建；,RPROMLMJQHJGFCA77DA,77.59,0.0,8.1,有,,24.0
中山區,房地(土地+建物),龍江路４２９巷１８號三樓,14.1,住,,,1130626,土地1建物2車位0,三層,七層,華廈(10層含以下有電梯),住家用,1020914.0,73.41,2,1,1,有,有,20300000,276529.0,,0.0,0,夾層；,RPUPMLPKQHJGFCA58DA,35.57,8.17,3.35,有,1447.0,11.0
內湖區,房地(土地+建物)+車位,康寧路一段２６１號四樓,59.64,住,,,1130615,土地1建物1車位1,四層,十一層,住宅大樓(11層含以上有電梯),住家用,940715.0,209.64,4,2,2,有,有,45030000,214797.0,坡道平面,0.0,2500000,,RPPOMLQKQHJGFCA08DA,115.3,0.0,10.73,有,,19.0
信義區,房地(土地+建物),信義路五段１５０巷４９９號八樓之５,11.14,住,,,1130603,土地1建物1車位0,八層,十六層,住宅大樓(11層含以上有電梯),住家用,851209.0,54.47,1,1,1,有,有,13000000,238663.0,,0.0,0,陽台外推；其他增建；,RPPNMLSJOHJGFDA97DA,30.59,1.35,4.67,有,1448.0,27.0
信義區,房地(土地+建物),吳興街２２０巷７３弄３號三樓,41.27,住,,,1130620,土地1建物1車位0,三層,五層,公寓(5樓含以下無電梯),住家用,790424.0,106.32,3,2,2,有,無,20000000,188111.0,,0.0,0,,RPOOMLKKPHJGFDA37DA,89.28,0.36,9.44,無,,34.0
松山區,房地(土地+建物),民權東路三段１６０巷２號九樓之６,16.84,住,,,1130625,土地1建物1車位0,九層，十層,十二層,住宅大樓(11層含以上有電梯),住家用,690801.0,70.99,2,1,1,有,有,19350000,272574.0,,0.0,0,其他增建；,RPSNMLLMPHJGFDA97DA,67.92,0.0,3.07,有,,44.0
信義區,房地(土地+建物),福德街８４巷１弄２０號三樓,26.0,住,,,1130611,土地1建物1車位0,三層，陽臺,四層,公寓(5樓含以下無電梯),住家用,610825.0,65.92,3,2,1,有,無,17500000,265473.0,,0.0,0,前、後陽台。陽台外推；,RPTNMLMKQHJGFDA08DA,65.92,0.0,0.0,無,,52.0
士林區,房地(土地+建物),福港街２７２巷１６號四樓,48.75,住,,,1130630,土地1建物1車位0,四層,四層,公寓(5樓含以下無電梯),住家用,660421.0,127.56,4,2,2,有,無,19300000,151301.0,,0.0,0,陽台外推；其他增建；,RPRPMLLKPHJGFEA97DA,106.16,0.0,21.4,無,1451.0,47.0
北投區,房地(土地+建物)+車位,公路１６５之１號二樓,54.36,住,,,1130622,土地3建物1車位1,二層,十四層,住宅大樓(11層含以上有電梯),住家用,860519.0,161.5,3,2,2,有,有,24880000,154065.0,升降機械,0.0,0,,RPRPMLQKPHJGFEA48DA,124.58,0.0,10.11,有,,28.0
北投區,房地(土地+建物),石牌路一段１６６巷２８之１號二樓,13.69,住,,,1130626,土地1建物1車位0,二層,九層,華廈(10層含以下有電梯),住家用,1030911.0,59.82,2,2,1,有,有,17880000,298897.0,,0.0,0,陽台外推；夾層；,RPUOMLQKQHJGFEA78DA,30.14,1.28,5.18,有,1452.0,10.0
大安區,房地(土地+建物),大安路二段６６號八樓之２,7.17,住,,,1130625,土地1建物1車位0,八層,十二層,住宅大樓(11層含以上有電梯),住家用,981113.0,44.43,1,2,1,有,有,17880000,402431.0,,0.0,0,陽台外推；夾層；其他增建；,RPQNMLKLPHJGFFA77DA,24.45,1.48,3.34,有,1454.0,15.0
大安區,房地(土地+建物),和平東路二段１０７巷１９號六樓,25.99,住,,,1130627,土地1建物1車位0,六層,六層,華廈(10層含以下有電梯),住家用,730908.0,112.41,4,2,3,有,無,40800000,362957.0,,0.0,0,陽台外推；頂樓加蓋；其他增建；,RPSOMLOKQHJGFFA48DA,91.55,0.0,10.97,有,1455.0,40.0
文山區,房地(土地+建物),景興路２８號三樓,29.14,住,,,1130628,土地5建物1車位0,三層,五層,公寓(5樓含以下無電梯),住家用,691126.0,109.43,3,2,2,有,無,18800000,171799.0,,0.0,0,廚房外推其他增建；,RPSNMLKKPHJGFAA37DA,95.02,0.0,14.41,無,,44.0
文山區,房地(土地+建物),羅斯福路五段７９巷４０號,24.0,住,,,1130622,土地1建物1車位0,一層,四層,公寓(5樓含以下無電梯),住家用,651211.0,72.35,3,2,2,有,無,17200000,237733.0,,0.0,0,其他增建；,RPPNMLNKQHJGFAA47DA,62.3,10.05,0.0,無,1458.0,48.0
大同區,房地(土地+建物),哈密街５９巷２弄９之２號五樓,23.0,住,,,1130629,土地3建物1車位0,五層,五層,公寓(5樓含以下無電梯),住家用,660323.0,63.73,2,2,1,有,無,12600000,197709.0,,0.0,0,,RPUNMLKMPHJGFBA87DA,54.37,0.0,9.36,無,1460.0,47.0
萬華區,房地(土地+建物),青年路６８巷３弄９之１號,23.6,住,,,1130611,土地1建物1車位0,一層,十二層,住宅大樓(11層含以上有電梯),住家用,711027.0,99.26,3,2,1,有,有,21080000,212372.0,,0.0,0,其他增建；,RPROMLOKQHJGFBA97DA,68.29,0.0,7.92,有,1461.0,42.0
內湖區,房地(土地+建物),大湖山莊街２１９巷１９號三樓,41.78,住,,,1130603,土地1建物1車位0,二層，三層,五層,公寓(5樓含以下無電梯),住家用,780626.0,116.53,4,2,2,有,無,22200000,190509.0,,0.0,0,陽台外推；,RPTOMLOKQHJGFCA28DA,92.77,1.16,9.21,無,,35.0
內湖區,房地(土地+建物),文德路１０１巷１弄１１號四樓,31.76,住,,,1130629,土地1建物1車位0,四層,五層,公寓(5樓含以下無電梯),住家用,730111.0,117.48,3,2,2,有,無,22380000,190517.0,,0.0,0,其他增建；,RPVOMLOKQHJGFCA48DA,105.83,0.0,7.28,無,1463.0,40.0
松山區,房地(土地+建物)+車位,延壽街１８巷５號二樓,14.55,住,,,1130615,土地1建物1車位1,二層,十五層,住宅大樓(11層含以上有電梯),住家用,1120908.0,147.45,2,2,2,有,有,40060000,339533.0,坡道平面,38.3,3000000,,RPRNMLSKPHJGFDA38DA,62.05,6.55,5.83,有,,1.0
信義區,房地(土地+建物),吳興街６００巷７６弄１１４號五樓,26.69,住,,,1130620,土地2建物1車位0,五層,五層,公寓(5樓含以下無電梯),住家用,731016.0,97.28,3,2,2,有,無,11700000,120271.0,,0.0,0,陽台外推；,RPVOMLMKQHJGFDA38DA,89.34,0.0,7.94,無,1464.0,40.0
北投區,房地(土地+建物),致遠一路一段５８巷１４號二樓,24.1,住,,,1130622,土地2建物1車位0,二層,五層,公寓(5樓含以下無電梯),住家用,690112.0,99.11,4,2,1,有,無,22000000,221976.0,,0.0,0,陽台外推；其他增建；,RPSNMLTJPHJGFEA58DA,87.76,0.0,7.83,無,,44.0
士林區,房地(土地+建物)+車位,士東路２６６巷１５弄１號七樓,75.08,住,,,1130617,土地1建物1車位3,七層,十五層,住宅大樓(11層含以上有電梯),住家用,971229.0,452.19,5,2,3,有,有,98000000,260481.0,坡道平面,113.97,9900000,其他增建；,RPXNMLLMPHJGFEA58DA,207.53,3.57,20.29,有,1466.0,15.0
士林區,房地(土地+建物),天母北路２８巷３９號八樓之６、３９號八樓之７,13.79,住,,,1130603,土地1建物1車位0,八層,九層,華廈(10層含以下有電梯),住家用,970130.0,74.11,2,1,1,有,有,19500000,263122.0,,0.0,0,陽台外推；夾層；其他增建；,RPSOMLQKQHJGFEA58DA,38.1,2.53,4.63,有,,16.0
士林區,房地(土地+建物),中山北路六段７６３巷７弄６號三樓,38.2,住,,,1130623,土地1建物1車位0,三層,五層,公寓(5樓含以下無電梯),住家用,661229.0,112.75,3,2,2,有,無,22680000,201153.0,,0.0,0,陽台加窗。陽台外推；其他增建；,RPQPMLTKQHJGFEA78DA,97.49,0.0,15.26,無,,46.0
大安區,房地(土地+建物)+車位,敦化南路二段２００巷２６號八樓,53.62,住,,,1130630,土地1建物1車位2,八層,十三層,住宅大樓(11層含以上有電梯),住家用,980604.0,365.17,2,2,3,有,有,110000000,392081.0,坡道平面,105.02,8000000,,RPQOMLSJQHJGFFA58DA,140.42,15.93,21.15,有,1468.0,15.0
信義區,房地(土地+建物),大道路５８巷１４號四樓,57.25,住,,,1130604,土地2建物1車位0,四層,四層,公寓(5樓含以下無電梯),住家用,630927.0,130.98,3,2,2,有,無,25400000,193923.0,,0.0,0,頂樓加蓋；,RPQNMLKLQHJGFDA77EA,117.43,0.0,13.55,無,1469.0,50.0
文山區,房地(土地+建物),景福街１２４號二樓,18.56,住,,,1130623,土地2建物1車位0,二層,五層,公寓(5樓含以下無電梯),住家用,690911.0,114.05,4,2,2,有,無,16700000,146427.0,,0.0,0,陽台外推；其他增建；,RPXNMLKMPHJGFAA08DA,98.23,0.0,15.82,無,1474.0,44.0
文山區,房地(土地+建物)+車位,政大一街３２０巷４０號,132.29,住,,,1130629,土地1建物1車位2,全,四層,透天厝,住家用,960115.0,303.03,6,2,4,有,有,47500000,156750.0,坡道平面,50.98,0,陽台外推；其他增建；,RPXNMLLMPHJGFAA18DA,219.12,0.0,30.54,有,,17.0
萬華區,房地(土地+建物)+車位,桂林路２４６巷３２號八樓,25.22,住,,,1130627,土地1建物1車位1,八層,十層,華廈(10層含以下有電梯),住家用,840207.0,142.07,3,2,2,有,有,22400000,157669.0,升降平面,0.0,0,,RPRNMLKLQHJGFBA57DA,102.11,0.75,11.57,有,,29.0
內湖區,房地(土地+建物),星雲街１６８巷１１號十二樓,20.21,住,,,1130616,土地1建物1車位0,十二層,十六層,住宅大樓(11層含以上有電梯),住家用,841116.0,84.78,2,2,1,有,有,24000000,283086.0,,0.0,0,陽台外推；,RPSNMLRLPHJGFCA38DA,63.33,2.93,6.44,有,,29.0
內湖區,房地(土地+建物)+車位,成功路五段４３６號六樓,28.03,住,,,1130630,土地1建物1車位1,六層，七層,十四層,住宅大樓(11層含以上有電梯),住家用,870925.0,170.76999999999998,3,3,2,有,有,38000000,222522.0,坡道平面,0.0,2500000,陽台外推；夾層；其他增建；,RPPNMLNJQHJGFCA57DA,85.72,0.0,11.73,有,,26.0
北投區,房地(土地+建物),懷德街５６巷１０號二樓,36.25,住,,,1130617,土地1建物1車位0,二層,四層,公寓(5樓含以下無電梯),住家用,610127.0,91.35,3,2,1,有,無,20920000,229009.0,,0.0,0,陽台外推；,RPVNMLKLOHJGFEA08DA,87.12,0.0,4.23,無,,52.0
士林區,房地(土地+建物),德行東路１０９巷７３弄５號二樓,37.0,住,,,1130628,土地1建物1車位0,二層，陽臺,四層,公寓(5樓含以下無電梯),住家用,660104.0,113.25,3,2,2,有,無,25300000,223400.0,,0.0,0,陽台外推；其他增建；,RPWNMLNLPHJGFEA58DA,113.25,0.0,0.0,無,,47.0
北投區,房地(土地+建物)+車位,裕民六路１１４巷４５號五樓,37.01,住,,,1130618,土地1建物1車位1,五層,七層,華廈(10層含以下有電梯),住家用,1020822.0,159.78,3,2,2,有,有,43000000,269228.0,升降機械,9.35,2500000,,RPPNMLLMPHJGFEA77DA,82.55,5.17,6.57,有,1480.0,11.0
北投區,房地(土地+建物),奇岩路２０１巷１５號五樓,30.33,住,,,1130608,土地3建物1車位0,五層,五層,公寓(5樓含以下無電梯),住家用,700504.0,115.38,3,2,2,有,有,12100000,104871.0,,0.0,0,頂樓加蓋；其他增建；,RPQOMLQKQHJGFEA38DA,90.71,9.54,9.74,無,1482.0,43.0
大安區,房地(土地+建物)+車位,永康街１７號五樓,27.46,住,,,1130602,土地1建物1車位2,五層,九層,華廈(10層含以下有電梯),住家用,1021231.0,176.64999999999998,3,2,2,有,有,65000000,412985.0,塔式車位,30.64,4700000,,RPQNMLSJOHJGFFA28DA,73.95,8.52,7.44,有,,10.0
大安區,房地(土地+建物),和平東路二段１７５巷１５弄４號,46.0,住,,,1130617,土地1建物1車位0,一層,四層,公寓(5樓含以下無電梯),住家用,730110.0,233.55,3,2,3,有,無,57200000,244915.0,,0.0,0,其他增建；,RPRPMLLJQHJGFFA08DA,113.44,120.11,0.0,無,,40.0
大安區,房地(土地+建物),信義路二段２２８巷４號二樓,50.5,住,,,1130630,土地3建物1車位0,二層,四層,公寓(5樓含以下無電梯),住家用,611128.0,113.78,4,1,1,有,無,32000000,281245.0,,0.0,0,陽台外推；,RPUNMLLKQHJGFFA28DA,105.04,0.0,8.74,無,,52.0
大安區,房地(土地+建物)+車位,大安路二段６６號十一樓之８,6.92,住,,,1130617,土地1建物1車位1,十一層,十二層,住宅大樓(11層含以上有電梯),住家用,981113.0,56.9,2,1,1,有,有,18400000,386819.0,坡道機械,15.02,2200000,陽台外推；夾層；其他增建；,RPOOMLKLQHJGFFA77DA,23.08,1.48,3.03,有,1483.0,15.0
士林區,房地(土地+建物)+車位,中山北路六段２１２號八樓,46.34,住,,,1130616,土地1建物1車位2,八層,十四層,住宅大樓(11層含以上有電梯),住家用,930518.0,276.87,3,2,3,有,有,69880000,295672.0,坡道平面,60.82,6000000,陽台外推；,RPPNMLMLQHJGFEA97EA,123.22,4.11,15.75,有,,20.0
文山區,房地(土地+建物)+車位,興隆路三段３０４巷９１號二樓,33.02,住,,,1130628,土地1建物1車位5,二層,七層,華廈(10層含以下有電梯),住家用,1081016.0,276.15,3,2,2,有,有,27000000,177711.0,升降機械,159.95,6350000,1買賣私契由賣方提供地政士僅受託登記。2每一車位含車位面積及車位公設面積合計9.68坪,RPPOMLOKQHJGFAA67DA,68.42,3.26,9.79,有,,5.0
萬華區,房地(土地+建物),西園路二段２６１巷４６弄６號二樓,25.0,住,,,1130610,土地1建物1車位0,二層,三層,公寓(5樓含以下無電梯),住家用,,46.06,1,1,1,有,無,9380000,203647.0,,0.0,0,,RPSNMLLLQHJGFBA77DA,46.06,0.0,0.0,無,1490.0,
中山區,房地(土地+建物),松江路１０８巷２０號三樓之３,7.98,住,,,1130627,土地1建物1車位0,三層，走廊,五層,華廈(10層含以下有電梯),住家用,840803.0,36.49,1,1,1,有,無,9900000,271307.0,,0.0,0,,RPSNMLLJPHJGFCA57DA,29.36,1.62,0.0,有,1492.0,29.0
內湖區,房地(土地+建物),文德路９０巷３４號三樓之２,15.17,住,,,1130629,土地1建物1車位0,三層,九層,華廈(10層含以下有電梯),住家用,861125.0,60.93,2,1,2,有,有,18000000,295421.0,,0.0,0,夾層；其他增建；,RPSOMLRJQHJGFCA38DA,36.91,4.61,6.84,有,,27.0
內湖區,房地(土地+建物),金龍路２１２號四樓,28.7,住,,,1130624,土地1建物1車位0,四層,五層,公寓(5樓含以下無電梯),住家用,691208.0,98.55,3,2,2,有,無,17680000,179401.0,,0.0,0,陽台外推；其他增建；,RPWNMLTKQHJGFCA98DA,84.41,0.0,14.14,無,1494.0,44.0
信義區,房地(土地+建物),忠孝東路五段７１巷３弄６號四樓,36.75,住,,,1130624,土地2建物1車位0,四層，陽臺,四層,公寓(5樓含以下無電梯),住家用,610324.0,99.72,3,2,1,有,無,30200000,302848.0,,0.0,0,陽台外推；頂樓加蓋；其他增建；,RPTOMLMLPHJGFDA18DA,99.72,0.0,0.0,無,,52.0
信義區,房地(土地+建物),永吉路１８０巷７０弄１２號三樓,29.25,住,,,1130629,土地1建物1車位0,三層，陽臺,四層,公寓(5樓含以下無電梯),住家用,630902.0,84.47,3,2,1,有,無,19160000,226826.0,,0.0,0,,RPROMLMLQHJGFDA08DA,84.47,0.0,0.0,無,,50.0
士林區,房地(土地+建物)+車位,雨農路３２巷１６號七樓,41.25,住,,,1130623,土地1建物1車位1,七層,十三層,住宅大樓(11層含以上有電梯),住家用,1030819.0,211.41000000000005,2,2,2,有,有,45600000,215695.0,升降平面,32.43,0,陽台外推；其他增建；,RPOOMLLMPHJGFEA77DA,89.87,9.87,10.02,有,1497.0,10.0
北投區,房地(土地+建物),行義路１２４巷１之１號,24.36,住,,,1130610,土地1建物1車位0,一層,七層,華廈(10層含以下有電梯),住家用,701005.0,150.51999999999998,4,2,2,有,有,23000000,152804.0,,0.0,0,其他增建；,RPUOMLKLQHJGFEA28DA,111.66,23.85,0.0,有,,43.0
大安區,房地(土地+建物),市民大道四段４８巷１號五樓,27.5,住,,,1130618,土地1建物1車位0,五層,五層,公寓(5樓含以下無電梯),住家用,701007.0,107.9,4,0,4,有,無,24000000,222428.0,,0.0,0,其他增建；,RPSPMLQKPHJGFFA68DA,92.88,0.0,13.63,無,,43.0
大安區,房地(土地+建物),大安路一段２０２號三樓之１,3.53,住,,,1130621,土地1建物1車位0,三層,十二層,住宅大樓(11層含以上有電梯),住家用,971028.0,34.95,0,1,1,有,有,18880000,540200.0,,0.0,0,夾層；其他增建；,RPPNMLLLPHJGFFA77DA,19.44,3.05,0.0,有,1498.0,16.0
文山區,房地(土地+建物)+車位,景隆街３６巷２之１號四樓,27.82,,,,1130614,土地2建物1車位1,四層,十四層,住宅大樓(11層含以上有電梯),住家用,820410.0,204.43,3,2,2,有,有,29500000,144297.0,坡道平面,41.94,0,,RPXNMLMLQHJGFAA28DA,168.28,5.16,12.42,有,,31.0
中正區,房地(土地+建物)+車位,金山南路一段５９號十二樓,33.92,住,,,1130603,土地4建物1車位3,十二層,十九層,住宅大樓(11層含以上有電梯),住家用,1120606.0,377.51,0,0,0,無,有,146880000,503054.0,坡道平面,107.4,11000000,毛胚屋；,RPVNMLTJQHJGFBA68DA,154.06,8.54,10.19,有,,1.0
中正區,房地(土地+建物)+車位,金山南路一段５９號九樓,32.94,住,,,1130615,土地4建物1車位2,九層,十九層,住宅大樓(11層含以上有電梯),住家用,1120606.0,340.19,0,0,0,無,有,140200000,492381.0,坡道平面,70.48,7400000,毛胚屋；,RPTOMLTKQHJGFBA68DA,154.06,8.14,10.19,有,,1.0
內湖區,房地(土地+建物)+車位,星雲街１６１巷２號九樓之１,20.39,住,,,1130601,土地1建物1車位1,九層,十四層,住宅大樓(11層含以上有電梯),住家用,940712.0,131.63,3,2,1,有,有,32000000,313742.0,坡道平面,38.56,2800000,,RPSOMLMLQHJGFCA08DA,59.86,0.0,7.57,有,,19.0
南港區,房地(土地+建物),中坡北路４０巷１號二樓,41.75,住,,,1130630,土地1建物1車位0,二層，陽臺,四層,公寓(5樓含以下無電梯),住家用,630429.0,95.8,4,2,1,有,無,20450000,213466.0,,0.0,0,露臺、陽台增建其他增建；,RPWOMLQKPHJGFDA78DA,95.8,0.0,0.0,無,,50.0
南港區,房地(土地+建物)+車位,永吉路５５３巷９號十二樓,41.35,住,,,1130620,土地1建物1車位1,十二層,十四層,住宅大樓(11層含以上有電梯),住家用,891124.0,200.53000000000003,3,2,2,有,有,50800000,300308.0,坡道平面,41.36,3000000,,RPTNMLSKPHJGFDA58DA,144.87,2.38,15.58,有,,24.0
南港區,房地(土地+建物)+車位,經園街６８號三樓,25.37,住,,,1130605,土地1建物1車位1,三層,十層,華廈(10層含以下有電梯),住家用,970304.0,134.25,3,2,2,有,有,31300000,285346.0,坡道平面,33.32,2500000,,RPSQMLTLPHJGFDA98DA,58.49,5.92,7.69,有,,16.0
信義區,房地(土地+建物),和平東路三段３９１巷７弄１２號二樓,32.4,住,,,1130629,土地1建物1車位0,二層,五層,公寓(5樓含以下無電梯),住家用,670710.0,119.18,3,2,2,有,無,23000000,192985.0,,0.0,0,陽台外推；其他增建；,RPUOMLRJQHJGFDA68DA,102.18,0.0,17.0,無,,46.0
松山區,房地(土地+建物)+車位,寶清街１０３之１１號四樓,18.31,住,,,1130602,土地1建物1車位1,四層,十三層,住宅大樓(11層含以上有電梯),住家用,1061124.0,138.25,2,2,2,有,有,37980000,320682.0,坡道平面,29.17,3000000,,RPPQMLRJQHJGFDA38DA,58.81,7.48,5.93,有,1503.0,7.0
北投區,房地(土地+建物),中央北路二段９５巷１弄１９號,22.33,住,,,1130608,土地1建物1車位0,一層,五層,公寓(5樓含以下無電梯),住家用,660606.0,96.38,3,2,2,有,無,16380000,169952.0,,0.0,0,其他增建；,RPPNMLSJOHJGFEA08DA,80.0,16.38,0.0,無,,47.0
北投區,房地(土地+建物)+車位,福美路１９８號十樓,48.48,住,,,1130602,土地1建物1車位1,十層,十層,華廈(10層含以下有電梯),住家用,1061116.0,189.15,4,2,2,有,有,35500000,187682.0,坡道平面,43.62,0,,RPUNMLMLPHJGFEA28DA,95.85,1.28,15.57,有,1505.0,7.0
北投區,房地(土地+建物),行義路１７０巷１號二樓之１,33.81,住,,,1130629,土地1建物1車位0,二層,五層,華廈(10層含以下有電梯),住家用,840930.0,62.33,2,1,1,有,無,9500000,152415.0,,0.0,0,,RPPPMLKMPHJGFEA87DA,44.4,1.17,4.71,有,1506.0,29.0
北投區,房地(土地+建物)+車位,稻香路１６１巷１６弄８之１號四樓,48.16,住,,,1130603,土地1建物1車位1,四層,五層,華廈(10層含以下有電梯),住家用,1100902.0,123.18,2,2,1,有,有,20600000,210754.0,坡道平面,35.4,2100000,含裝潢設備及家電,RPXOMLPJQHJGFEA88DA,47.79,4.47,4.92,有,,3.0
北投區,房地(土地+建物)+車位,知行路２５９號六樓,13.74,住,,,1130616,土地1建物1車位1,六層,十層,華廈(10層含以下有電梯),住家用,1000722.0,88.80000000000001,2,1,1,有,有,15880000,178829.0,升降機械,17.99,0,陽台外推；其他增建；,RPQNMLNKQHJGFEA97DA,36.75,6.05,4.3,有,1507.0,13.0
士林區,房地(土地+建物),天母東路５０巷３５號二樓,468.53,住,,,1130625,土地1建物13車位0,二層,五層,公寓(5樓含以下無電梯),住家用,721231.0,1501.03,42,26,26,有,無,306721400,204341.0,,0.0,0,,RPPOMLOKQHJGFEA08DA,1357.6,0.0,143.43,無,,40.0
士林區,房地(土地+建物),天母東路５０巷２９號,68.35,住,,,1130625,土地1建物2車位0,一層,五層,公寓(5樓含以下無電梯),住家用,721231.0,217.42,6,4,4,有,無,59192600,272250.0,,0.0,0,,RPROMLOKQHJGFEA28DA,195.18,22.24,0.0,無,,40.0
士林區,房地(土地+建物),天母東路５０巷２９號三樓,67.6,住,,,1130625,土地1建物2車位0,三層,五層,公寓(5樓含以下無電梯),住家用,721231.0,214.83,7,4,4,有,無,46766000,217688.0,,0.0,0,,RPSOMLOKQHJGFEA38DA,194.51,0.0,20.32,無,,40.0
北投區,房地(土地+建物),同德街２９巷１５號二樓,28.88,住,,,1130630,土地1建物1車位0,二層,五層,公寓(5樓含以下無電梯),住家用,700113.0,101.62,3,2,2,有,有,16500000,162370.0,,0.0,0,陽台外推；其他增建；,RPRNMLNLQHJGFEA18DA,85.24,0.0,16.38,無,1508.0,43.0
北投區,房地(土地+建物)+車位,大業路６３１之５號六樓,38.86,住,,,1130611,土地1建物1車位1,六層，電梯樓梯間,九層,華廈(10層含以下有電梯),住家用,851021.0,189.67,4,2,3,有,有,35000000,184531.0,坡道平面,0.0,2500000,陽台外推；,RPSNMLNLQHJGFEA28DA,109.51,2.92,12.38,有,1509.0,28.0
大安區,房地(土地+建物),八德路二段１２號四樓,37.47,住,,,1130626,土地1建物1車位0,四層,五層,公寓(5樓含以下無電梯),住家用,780927.0,102.64,4,0,1,有,無,24700000,240647.0,,0.0,0,其他增建；,RPUOMLQLOHJGFFA78DA,83.99,0.0,7.92,無,,35.0
大安區,房地(土地+建物),和平東路二段９６巷１５弄５之１號六樓,26.13,住,,,1130622,土地1建物1車位0,六層，陽臺,七層,華廈(10層含以下有電梯),住家用,,130.08,4,0,4,有,無,36580000,281212.0,,0.0,0,其他增建；,RPSPMLRJQHJGFFA78DA,118.5,0.0,0.0,有,,
文山區,房地(土地+建物)+車位,興隆路二段２０３巷１３７號五樓,32.35,住,,,1130622,土地3建物1車位1,五層,十一層,住宅大樓(11層含以上有電梯),住家用,1030605.0,170.13,3,2,2,有,有,33220000,239682.0,坡道平面,41.96,2500000,陽台外推；,RPSOMLSKPHJGFAA28DA,80.41,0.0,8.53,有,1512.0,10.0
文山區,房地(土地+建物),辛亥路七段８４巷７號十樓之２,21.38,住,,,1130617,土地2建物2車位0,十層,十一層,住宅大樓(11層含以上有電梯),住家用,891025.0,90.85,2,2,1,有,有,17200000,189323.0,,0.0,0,陽台外推；其他增建；,RPTOMLMLPHJGFAA87DA,62.05,0.0,5.6,有,,24.0
中正區,房地(土地+建物)+車位,仁愛路一段３７號二樓,22.31,住,,,1130630,土地2建物1車位1,二層,十層,華廈(10層含以下有電梯),住家用,870724.0,157.54,3,2,2,有,有,52680000,334391.0,坡道平面,0.0,0,陽台外推；其他增建；,RPUNMLKMOHJGFBA77DA,87.65,3.45,11.18,有,1513.0,26.0
中正區,房地(土地+建物)+車位,杭州南路一段１４３巷２９號三樓,41.63,住,,,1130603,土地1建物1車位1,三層,七層,華廈(10層含以下有電梯),住家用,950525.0,183.61,3,2,2,有,無,62620000,341049.0,一樓平面,0.0,4000000,陽台外推；其他增建；,RPVNMLLMPHJGFBA08DA,91.9,4.02,10.15,有,,18.0
大同區,房地(土地+建物),環河北路一段１０７號十二樓,13.36,住,,,1130603,土地1建物1車位0,十二層,十二層,住宅大樓(11層含以上有電梯),住家用,710428.0,88.99000000000001,2,2,1,有,有,18800000,211260.0,,0.0,0,陽台外推；其他增建；,RPQPMLPJQHJGFBA97DA,72.19,0.0,15.57,有,1514.0,42.0
萬華區,房地(土地+建物),和平西路三段３００號四樓之５,25.32,住,,,1130624,土地1建物1車位0,四層,四層,公寓(5樓含以下無電梯),住家用,610717.0,99.6,3,2,1,有,無,11760000,118072.0,,0.0,0,頂樓加蓋；,RPOOMLNLQHJGFBA67DA,99.6,0.0,0.0,無,,52.0
內湖區,房地(土地+建物),成功路四段２１４巷１弄１７號三樓,28.41,住,,,1130621,土地1建物1車位0,三層,五層,公寓(5樓含以下無電梯),住家用,740712.0,99.25,3,2,2,有,有,21700000,218640.0,,0.0,0,其他增建；,RPVOMLMJQHJGFCA18DA,88.82,0.0,10.43,無,,39.0
內湖區,房地(土地+建物)+車位,內湖路三段６０巷２７號五樓,31.62,住,,,1130603,土地1建物1車位2,五層,十九層,住宅大樓(11層含以上有電梯),住家用,1060407.0,259.90999999999997,4,2,2,有,有,55000000,211612.0,坡道平面,57.96,0,,RPVNMLNLQHJGFCA38DA,110.75,10.29,11.93,有,1518.0,7.0
松山區,房地(土地+建物),健康路１６２號五樓,24.27,住,,,1130621,土地2建物1車位0,五層,十五層,住宅大樓(11層含以上有電梯),住家用,750620.0,185.03,4,2,2,有,有,46000000,248608.0,,0.0,0,,RPQQMLTLPHJGFDA78DA,143.61,0.0,16.58,有,1519.0,38.0
南港區,房地(土地+建物)+車位,東明街５５號三樓之１,26.33,住,,,1130606,土地1建物1車位2,三層,十三層,住宅大樓(11層含以上有電梯),住家用,971110.0,154.54000000000002,3,2,2,有,有,40880000,342182.0,坡道機械,45.3,3500000,,RPQNMLQKQHJGFDA18DA,67.0,1.0,11.15,有,,16.0
北投區,房地(土地+建物),大同街２２８巷１２號三樓,13.2,住,,,1130630,土地1建物1車位0,三層,五層,公寓(5樓含以下無電梯),住家用,661121.0,61.9,2,2,1,有,無,11200000,180937.0,,0.0,0,陽台外推；,RPPNMLNLPHJGFEA87DA,51.89,0.0,10.01,無,,47.0
士林區,房地(土地+建物)+車位,德行東路３３８巷２１號五樓,45.12,住,,,1130623,土地1建物1車位1,五層,十二層,住宅大樓(11層含以上有電梯),住家用,790825.0,202.46,4,2,2,有,有,39200000,193609.0,坡道平面,0.0,0,,RPWNMLMJQHJGFEA38DA,153.01,3.33,15.9,有,1521.0,34.0
大安區,房地(土地+建物),安和路一段１２７巷２９弄２號五樓,27.23,住,,,1130608,土地1建物1車位0,五層,七層,華廈(10層含以下有電梯),住家用,720721.0,158.64999999999998,4,2,2,有,有,54580000,344028.0,,0.0,0,陽台外推；其他增建；,RPXNMLQKPHJGFFA98DA,116.23,0.0,21.31,有,,41.0
信義區,房地(土地+建物),虎林街４６巷７號五樓,28.72,住,,,1130629,土地1建物1車位0,五層,五層,公寓(5樓含以下無電梯),住家用,760305.0,109.2,3,2,2,有,無,21300000,195055.0,,0.0,0,陽台外推；頂樓加蓋；,RPPNMLRLQHJGFDA38EA,89.49,0.0,11.06,無,,37.0
文山區,房地(土地+建物)+車位,木柵路一段８５號五樓,32.1,住,,,1130618,土地1建物1車位1,五層,十二層,住宅大樓(11層含以上有電梯),住家用,900531.0,197.32,4,2,2,有,有,36300000,217098.0,坡道平面,41.63,2500000,陽台外推；其他增建；,RPSNMLLJQHJGFAA47DA,103.64,0.0,9.15,有,,23.0
文山區,房地(土地+建物),辛亥路五段１１４號五樓,24.49,住,,,1130626,土地1建物1車位0,五層,五層,公寓(5樓含以下無電梯),住家用,700605.0,116.45,3,2,2,有,無,15800000,135681.0,,0.0,0,陽台外推；其他增建；,RPUNMLLJQHJGFAA67DA,94.43,0.0,22.02,無,1523.0,43.0
文山區,房地(土地+建物),木新路三段５０巷１０弄３之３號五樓,16.46,住,,,1130630,土地1建物1車位0,五層,十二層,住宅大樓(11層含以上有電梯),住家用,1050129.0,63.65,2,2,1,有,有,15380000,241634.0,,0.0,0,,RPPPMLMJQHJGFAA47DA,38.69,1.11,3.27,有,1524.0,8.0
文山區,房地(土地+建物)+車位,興隆路三段１５２巷２號九樓,15.58,住,,,1130611,土地1建物1車位1,九層,十四層,住宅大樓(11層含以上有電梯),住家用,1090115.0,150.9,2,2,2,有,有,32500000,252143.0,坡道平面,31.92,2500000,,RPOOMLMLQHJGFAA47DA,65.58,4.9,7.86,有,1525.0,4.0
文山區,房地(土地+建物),興隆路三段１８５巷１５弄９號二樓,25.98,住,,,1130623,土地7建物1車位0,二層,五層,公寓(5樓含以下無電梯),住家用,720823.0,82.75999999999999,2,2,1,有,有,12100000,146206.0,,0.0,0,陽台外推；,RPPNMLRLQHJGFAA97DA,61.3,0.0,13.91,無,1526.0,41.0
內湖區,房地(土地+建物),內湖路三段７２巷５３號五樓,14.73,住,,,1130624,土地1建物1車位0,五層,五層,公寓(5樓含以下無電梯),住家用,830713.0,59.21,1,1,1,有,無,13280000,224286.0,,0.0,0,陽台外推；其他增建；,RPTOMLMLPHJGFCA08DA,35.0,14.11,4.54,無,1529.0,30.0
內湖區,房地(土地+建物),東湖路４３巷２６弄１號三樓,27.92,住,,,1130623,土地1建物1車位0,三層,五層,公寓(5樓含以下無電梯),住家用,740213.0,98.41,3,2,2,有,無,16680000,169495.0,,0.0,0,其他增建；,RPXNMLTLPHJGFCA09DA,90.74,0.0,7.67,無,,39.0
內湖區,房地(土地+建物)+車位,新明路４９８巷１４弄１１號四樓,17.66,住,,,1130629,土地1建物1車位1,四層,七層,華廈(10層含以下有電梯),住家用,1001123.0,114.32,2,2,1,有,有,24860000,217460.0,塔式車位,30.82,0,,RPQNMLSJQHJGFCA18DA,42.97,5.19,7.84,有,,13.0
中山區,房地(土地+建物)+車位,建國北路三段７１號八樓之７,12.31,住,,,1130609,土地2建物1車位1,八層,十四層,住宅大樓(11層含以上有電梯),住家用,1041016.0,123.47,2,1,1,有,有,31880000,297763.0,坡道平面,26.48,3000000,夾層；其他增建；,RPSOMLOKQHJGFCA18DA,52.21,3.81,5.34,有,1530.0,9.0
中山區,房地(土地+建物),龍江路３０５巷１６號三樓之１,26.5,住,,,1130622,土地1建物1車位0,三層,四層,公寓(5樓含以下無電梯),住家用,590427.0,71.25,2,1,1,有,無,12200000,171228.0,,0.0,0,,RPWNMLNLQHJGFCA48DA,71.25,0.0,0.0,無,,54.0
信義區,房地(土地+建物)+車位,忠孝東路四段５５９巷１６弄２４號三樓,40.63,住,,,1130629,土地2建物1車位1,三層,六層,華廈(10層含以下有電梯),住家用,760911.0,201.19,4,2,2,有,有,50880000,298475.0,坡道平面,45.8,4500000,,RPVOMLSJQHJGFDA88DA,168.03,4.02,12.86,有,,37.0
士林區,房地(土地+建物)+車位,中山北路六段４４１巷３０號四樓,26.72,住,,,1130629,土地1建物1車位2,四層,十七層,住宅大樓(11層含以上有電梯),住家用,1130306.0,211.89,0,0,0,無,有,64600000,406607.0,坡道平面,70.22,7000000,毛胚屋；,RPWOMLSJQHJGFEA09DA,80.38,5.95,5.87,有,,
大安區,房地(土地+建物),樂業街１６９巷２７號二樓,23.59,住,,,1130625,土地1建物1車位0,二層,七層,華廈(10層含以下有電梯),住家用,710902.0,132.8,4,2,2,有,有,28500000,214608.0,,0.0,0,,RPPNMLNLQHJGFFA18EA,105.38,0.0,20.38,有,,42.0
中正區,房地(土地+建物),汀州路三段２７巷７號五樓,28.29,住,,,1130613,土地3建物1車位0,五層,五層,公寓(5樓含以下無電梯),住家用,750916.0,116.56,4,2,3,有,無,22000000,188744.0,,0.0,0,頂樓加蓋；,RPSNMLTLPHJGFAA38DA,97.22,0.0,10.07,無,,38.0
內湖區,房地(土地+建物),陽光街９２巷１９號四樓,28.46,住,,,1130623,土地1建物1車位0,四層,五層,公寓(5樓含以下無電梯),住家用,720725.0,93.32,3,2,2,有,無,19880000,213030.0,,0.0,0,陽台外推；其他增建；,RPWOMLNKQHJGFCA48DA,81.95,0.0,11.37,無,,
士林區,房地(土地+建物),華齡街６號三樓,28.38,住,,,1130610,土地3建物1車位0,三層,四層,公寓(5樓含以下無電梯),住家用,620607.0,76.06,3,2,1,有,無,16500000,216934.0,,0.0,0,其他增建；,RPVNMLQLPHJGFEA78DA,72.63,0.0,3.43,無,1536.0,51.0
大安區,房地(土地+建物),敦化南路二段２８號十樓,16.09,住,,,1130610,土地2建物1車位0,十層,十八層,住宅大樓(11層含以上有電梯),住家用,760711.0,207.13,5,2,3,有,有,76800000,370782.0,,0.0,0,陽台外推；,RPVNMLNLPHJGFFA58DA,155.4,0.0,20.07,有,,37.0
中山區,房地(土地+建物),中原街１３９號三樓,23.21,住,,,1130613,土地1建物1車位0,三層,七層,華廈(10層含以下有電梯),住家用,750421.0,111.37,3,2,2,有,無,26500000,237946.0,,0.0,0,陽台外推；,RPPNMLTLQHJGFCA48EA,92.86,1.42,10.86,有,,38.0
文山區,房地(土地+建物),興隆路三段１８５巷１１弄１８號,25.98,住,,,1130629,土地7建物1車位0,一層,五層,公寓(5樓含以下無電梯),住家用,720823.0,81.53999999999999,2,1,2,有,有,12500000,153299.0,,0.0,0,平台外推增建、房間打通其他增建；,RPXNMLSLQHJGFAA88DA,61.41,12.58,0.0,無,,41.0
內湖區,房地(土地+建物),行善路２５巷４０弄８號六樓,49.24,住,,,1130615,土地1建物1車位0,六層,八層,華廈(10層含以下有電梯),住家用,860526.0,129.84,3,2,2,有,有,27000000,207948.0,,0.0,0,陽台外推；其他增建；,RPWOMLOJPHJGFCA38DA,74.88,0.0,8.44,有,,27.0
內湖區,房地(土地+建物),內湖路三段１９１巷１４號四樓,20.69,住,,,1130623,土地1建物1車位0,四層,五層,公寓(5樓含以下無電梯),住家用,680322.0,71.15,3,1,1,有,無,12900000,181307.0,,0.0,0,,RPSNMLKKPHJGFCA57DA,61.77,0.0,9.38,無,,45.0
內湖區,房地(土地+建物),南京東路六段１３５號六樓,47.79,住,,,1130622,土地1建物1車位0,六層,九層,華廈(10層含以下有電梯),住家用,860526.0,128.56,3,2,2,有,有,26880000,209085.0,,0.0,0,陽台外推；其他增建；,RPTOMLQJQHJGFCA38DA,73.96,0.0,8.44,有,,27.0
內湖區,房地(土地+建物),內湖路一段３２３巷５弄５號三樓,20.8,住,,,1130621,土地1建物1車位0,三層,五層,公寓(5樓含以下無電梯),住家用,740703.0,84.77,3,2,2,有,無,17150000,202312.0,,0.0,0,,RPROMLMLQHJGFCA97DA,76.99,0.0,7.78,無,,39.0
信義區,房地(土地+建物),吳興街６００巷７６弄６４號五樓之１,16.16,住,,,1130613,土地1建物1車位0,五層,五層,公寓(5樓含以下無電梯),住家用,711006.0,50.23,2,1,1,有,有,8400000,167231.0,,0.0,0,其他增建：前陽台外推、陽台加鐵鋁窗。其他增建；,RPWNMLNLPHJGFDA48DA,41.74,0.0,3.77,無,,42.0
南港區,房地(土地+建物),東明街１巷１０號二樓之１,28.25,住,,,1130630,土地2建物1車位0,二層，陽臺,四層,公寓(5樓含以下無電梯),住家用,650322.0,83.42,2,2,2,有,無,16400000,196596.0,,0.0,0,陽台外推；其他增建；,RPUNMLRJQHJGFDA58DA,83.42,0.0,0.0,無,1540.0,48.0
士林區,房地(土地+建物),士東路２巷３號二樓,29.75,住,,,1130609,土地1建物1車位0,二層,四層,公寓(5樓含以下無電梯),住家用,640306.0,72.79,2,2,1,有,無,16200000,222558.0,,0.0,0,陽台外推；其他增建；,RPOPMLMKQHJGFEA87DA,64.63,0.0,8.16,無,1541.0,49.0
士林區,房地(土地+建物)+車位,德行東路２００號四樓,31.22,住,,,1130611,土地1建物1車位1,四層,十四層,住宅大樓(11層含以上有電梯),住家用,1120512.0,210.95,2,3,2,有,有,66660000,315999.0,坡道平面,40.73,0,,RPUNMLOKQHJGFEA48DA,102.29,0.0,8.24,有,1542.0,1.0
北投區,房地(土地+建物),榮華三路４６號四樓,44.0,住,,,1130616,土地1建物1車位0,四層,四層,公寓(5樓含以下無電梯),住家用,591127.0,108.93,3,2,2,有,無,19880000,182503.0,,0.0,0,頂樓加蓋；其他增建；,RPWNMLKLQHJGFEA38DA,108.93,0.0,0.0,無,,54.0
士林區,房地(土地+建物),通河西街一段１０１號四樓,19.0,住,,,1130621,土地1建物1車位0,四層,四層,公寓(5樓含以下無電梯),住家用,580107.0,71.01,2,2,1,有,無,10580000,148993.0,,0.0,0,含傢俱設備費；陽台外推；,RPRNMLMLQHJGFEA08DA,71.01,0.0,0.0,無,1543.0,55.0
士林區,房地(土地+建物),通河東街二段２４之１號四樓,40.84,住,,,1130618,土地1建物1車位0,四層,四層,公寓(5樓含以下無電梯),住家用,660705.0,118.77,3,2,2,有,無,14800000,124611.0,,0.0,0,陽台外推；頂樓加蓋；其他增建；,RPTNMLNLQHJGFEA38DA,109.17,0.0,9.6,無,,47.0
大安區,房地(土地+建物),永康街４巷１８號六樓之１,10.42,住,,,1130608,土地1建物1車位0,六層,十層,華廈(10層含以下有電梯),住家用,960911.0,53.129999999999995,2,1,1,有,有,25680000,483343.0,,0.0,0,陽台外推；夾層；其他增建；,RPWOMLRJQHJGFFA09DA,30.55,2.14,2.22,有,,17.0
大安區,房地(土地+建物)+車位,瑞安街１４２巷８號九樓之２,10.35,住,,,1130627,土地1建物1車位1,九層,十三層,住宅大樓(11層含以上有電梯),住家用,960623.0,47.79,1,1,1,有,有,20600000,396758.0,塔式車位,0.91,2000000,塔式車位無固定樓層。陽台外推；其他增建；,RPSOMLTKQHJGFFA98DA,25.4,2.51,4.84,有,1544.0,17.0
文山區,房地(土地+建物)+車位,和平東路四段６６巷３３號十二樓,85.77,住,,,1130602,土地2建物1車位1,十二層,十六層,住宅大樓(11層含以上有電梯),住家用,860529.0,247.42,5,2,2,有,有,38500000,155606.0,坡道平面,0.0,2000000,陽台外推；,RPXNMLOKOHJGFAA18DA,139.64,8.3,17.95,有,,27.0
文山區,房地(土地+建物)+車位,興隆路二段２２巷９弄１１號五樓,30.76,住,,,1130613,土地2建物1車位1,五層,六層,華廈(10層含以下有電梯),住家用,800722.0,136.82,2,2,1,有,無,22600000,165181.0,升降平面,0.0,1800000,車位面積無法概算陽台外推；其他增建；,RPSNMLKMPHJGFAA57DA,112.83,4.47,7.52,有,,33.0
中正區,房地(土地+建物)+車位,重慶南路三段４５號五樓,40.07,住,,,1130625,土地2建物1車位1,五層,二十一層,住宅大樓(11層含以上有電梯),住家用,1100915.0,229.41000000000005,3,2,2,有,有,82580000,415160.0,坡道平面,39.17,3600000,,RPQOMLKMPHJGFAA47DA,104.48,8.4,11.35,有,,3.0
中正區,房地(土地+建物)+車位,仁愛路二段６３號二十樓,57.95,住,,,1130603,土地2建物1車位2,二十層，二十一層,二十一層,住宅大樓(11層含以上有電梯),住家用,791105.0,542.34,5,3,5,有,有,170000000,349665.0,坡道平面,73.32,6000000,陽台外推；其他增建；,RPTOMLQJQHJGFBA28DA,454.82,0.0,45.49,有,,34.0
松山區,房地(土地+建物)+車位,三民路４３巷１５號六樓之３,46.98,住,,,1130602,土地1建物1車位1,六層,十二層,住宅大樓(11層含以上有電梯),住家用,931020.0,244.13,4,2,2,有,有,53000000,217097.0,坡道平面,0.0,0,,RPSNMLPKOHJGFDA08DA,116.28,4.24,11.61,有,,20.0
松山區,房地(土地+建物)+車位,延壽街１８巷３號五樓,19.57,住,,,1130611,土地1建物1車位1,五層,十五層,住宅大樓(11層含以上有電梯),住家用,1120908.0,182.57,3,2,2,有,有,46500000,254697.0,坡道平面,38.3,0,,RPOOMLMLPHJGFDA67DA,84.34,3.49,9.21,有,,1.0
南港區,房地(土地+建物)+車位,重陽路４８６號十五樓,35.99,住,,,1130618,土地1建物1車位2,十五層,十五層,住宅大樓(11層含以上有電梯),住家用,1050411.0,290.35,3,2,2,有,有,59910000,258351.0,坡道平面,77.81,5000000,其他增建；,RPWNMLOKQHJGFDA58DA,115.69,9.79,15.02,有,1550.0,8.0
南港區,房地(土地+建物),成福路５７號,39.42,住,,,1130624,土地3建物1車位0,一層,五層,公寓(5樓含以下無電梯),住家用,780524.0,103.48,4,2,2,有,有,24200000,233862.0,,0.0,0,其他增建；,RPTOMLMLQHJGFDA28DA,84.36,10.24,0.0,無,,35.0
士林區,房地(土地+建物)+車位,至誠路一段１３６巷１７號九樓,80.31,住,,,1130608,土地2建物1車位2,九層,十四層,住宅大樓(11層含以上有電梯),住家用,1070702.0,387.11,0,0,0,無,有,93020000,283455.0,坡道平面,83.64,7000000,,RPVNMLNKOHJGFEA28DA,167.9,11.35,18.84,有,,6.0
大安區,房地(土地+建物),富陽街１４０號五樓,10.5,住,,,1130629,土地1建物1車位0,五層,五層,公寓(5樓含以下無電梯),住家用,881227.0,34.129999999999995,1,1,1,有,無,8250000,241723.0,,0.0,0,,RPVNMLQKPHJGFFA78DA,24.66,0.88,0.0,無,,25.0
內湖區,房地(土地+建物)+車位,文湖街３５號七樓,34.15,,,,1130618,土地1建物1車位1,七層,十五層,住宅大樓(11層含以上有電梯),住家用,991230.0,287.02,3,2,2,有,有,69000000,240401.0,坡道平面,0.0,0,,RPTNMLNLQHJGFCA28EA,157.69,9.72,19.32,有,1551.0,13.0
文山區,房地(土地+建物),辛亥路四段２０４號二樓,27.07,住,,,1130629,土地4建物1車位0,二層,五層,公寓(5樓含以下無電梯),住家用,711020.0,88.34,3,2,2,有,無,16000000,181118.0,,0.0,0,陽台外推；其他增建；,RPRNMLLMPHJGFAA57DA,82.19,0.0,6.15,無,,42.0
中山區,房地(土地+建物),吉林路４４７巷１４號三樓,25.03,住,,,1130630,土地1建物1車位0,三層,五層,公寓(5樓含以下無電梯),住家用,731016.0,94.67,3,2,2,有,無,17160000,181261.0,,0.0,0,其他增建；,RPWPMLSJPHJGFCA88DA,75.74,0.0,10.07,無,,40.0
中山區,房地(土地+建物),建國北路二段８９號五樓之３,14.37,住,,,1130630,土地4建物1車位0,五層,七層,華廈(10層含以下有電梯),住家用,850924.0,47.940000000000005,1,1,1,有,有,13000000,271172.0,,0.0,0,夾層；其他增建；,RPSNMLOKPHJGFCA97DA,31.67,0.0,3.78,有,,28.0
信義區,房地(土地+建物),光復南路４２１巷１１７號二樓,27.45,住,,,1130625,土地1建物1車位0,二層,五層,公寓(5樓含以下無電梯),住家用,660409.0,96.26,3,2,2,有,無,26500000,275296.0,,0.0,0,陽台外推；其他增建；,RPQNMLQJQHJGFDA08DA,83.87,0.0,12.39,無,,47.0
南港區,房地(土地+建物),東新街１７０巷７弄１７號三樓,28.41,住,,,1130630,土地2建物1車位0,三層,五層,公寓(5樓含以下無電梯),住家用,750812.0,102.5,3,2,2,有,無,18300000,178537.0,,0.0,0,其他增建；,RPTOMLKLQHJGFDA08DA,88.26,0.0,5.08,無,,38.0
士林區,房地(土地+建物),中山北路六段４０５巷８８號十二樓之２,36.56,住,,,1130628,土地1建物1車位0,十二層,十四層,住宅大樓(11層含以上有電梯),住家用,1120927.0,203.41000000000005,3,2,3,有,有,69980000,344034.0,,0.0,0,,RPWNMLTLPHJGFEA56DA,121.27,0.0,11.0,有,,1.0
北投區,房地(土地+建物),同德街２７巷１９號五樓,24.85,住,,,1130602,土地3建物1車位0,五層,五層,公寓(5樓含以下無電梯),住家用,680626.0,85.73,2,2,1,有,有,12500000,145807.0,,0.0,0,其他增建；,RPUNMLLJQHJGFEA08DA,74.46,0.0,11.27,無,,45.0
大安區,房地(土地+建物),通化街１９巷１８號二樓,21.35,住,,,1130602,土地1建物1車位0,二層,七層,華廈(10層含以下有電梯),住家用,720223.0,113.28,3,2,2,有,有,28500000,251589.0,,0.0,0,含其他增建:陽台增建其他增建；,RPVOMLTKPHJGFFA56DA,90.48,0.0,16.57,有,,41.0
萬華區,房地(土地+建物),西昌街４３號,23.71,住,,,1130616,土地1建物1車位0,一層,五層,公寓(5樓含以下無電梯),住家用,821207.0,85.83,3,2,1,有,無,16700000,194571.0,,0.0,0,其他增建；,RPTOMLMJQHJGFBA87DA,74.57,9.25,0.0,無,,31.0
內湖區,房地(土地+建物),康寧路一段１７１號五樓,34.83,住,,,1130617,土地1建物1車位0,五層,十二層,住宅大樓(11層含以上有電梯),住家用,880602.0,137.05,3,2,2,有,有,29500000,215250.0,,0.0,0,其他增建；,RPWNMLTKPHJGFCA88DA,85.3,2.53,11.13,有,,25.0
內湖區,房地(土地+建物)+車位,康寧路一段２６１號三樓之１,59.18,住,,,1130621,土地1建物1車位1,三層,十一層,住宅大樓(11層含以上有電梯),住家用,940715.0,207.97,4,2,2,有,有,46200000,222147.0,坡道平面,0.0,0,,RPOPMLLMPHJGFCA67DA,113.95,0.0,11.06,有,,19.0
內湖區,房地(土地+建物),東湖路１１９巷４９弄６號二樓,31.02,住,,,1130630,土地1建物1車位0,二層,五層,公寓(5樓含以下無電梯),住家用,740524.0,110.01,3,2,2,有,無,16500000,149986.0,,0.0,0,陽台外推；其他增建；,RPSOMLNLQHJGFCA18DA,81.32,0.0,19.09,無,,39.0
北投區,房地(土地+建物),中央北路二段１３１巷３弄３號四樓,25.25,住,,,1130629,土地1建物1車位0,四層，陽臺,四層,公寓(5樓含以下無電梯),住家用,641001.0,97.56,3,2,1,有,無,14450000,148114.0,,0.0,0,陽台外推；頂樓加蓋；其他增建；,RPQOMLKLQHJGFEA87DA,97.56,0.0,0.0,無,,49.0
大安區,房地(土地+建物),信義路四段２６５巷４６號三樓之３,27.8,住,,,1130626,土地5建物1車位0,三層,七層,華廈(10層含以下有電梯),住家用,681231.0,160.87,3,2,2,有,有,40680000,252875.0,,0.0,0,陽台外推；其他增建；,RPXNMLPJQHJGFFA88DA,116.9,0.0,25.08,有,,44.0
大安區,房地(土地+建物)+車位,臥龍街２９３號八樓之３,11.29,住,,,1130629,土地1建物1車位1,八層,十四層,住宅大樓(11層含以上有電梯),住家用,871201.0,64.49,1,1,1,有,有,16700000,258955.0,坡道機械,0.0,2000000,陽台外推；夾層；其他增建；,RPOOMLPJQHJGFFA08DA,29.32,0.0,4.66,有,,26.0
大安區,房地(土地+建物),信義路三段１１１巷６號六樓,26.5,住,,,1130617,土地1建物1車位0,六層,六層,華廈(10層含以下有電梯),住家用,941018.0,94.66,2,2,2,有,有,35880000,379041.0,,0.0,0,陽台外推；其他增建；,RPPNMLLKQHJGFFA77DA,42.56,0.0,20.62,有,,19.0
大安區,房地(土地+建物),建國南路一段３０７巷１９號六樓,23.46,住,,,1130616,土地2建物1車位0,六層,七層,華廈(10層含以下有電梯),住家用,760226.0,105.02,3,2,2,有,有,37100000,353266.0,,0.0,0,陽台外推；其他增建；,RPQOMLTKQHJGFFA78DA,91.6,1.8,11.62,有,,37.0
內湖區,房地(土地+建物),星雲街１６８巷４３號三樓之２,10.36,住,,,1130630,土地1建物1車位0,三層,二十一層,住宅大樓(11層含以上有電梯),住家用,860124.0,57.34,1,1,1,有,有,15900000,277293.0,,0.0,0,其他增建；,RPRNMLNJRHJGFCA97EA,33.45,1.96,3.88,有,,27.0
文山區,房地(土地+建物),指南路二段４５巷１４弄５號二樓之２,8.93,住,,,1130622,土地1建物1車位0,二層,七層,華廈(10層含以下有電梯),住家用,980518.0,36.59,1,0,1,有,有,9350000,255534.0,,0.0,0,其他增建；,RPTPMLLLQHJGFAA97DA,21.07,1.42,2.68,有,1560.0,15.0
士林區,房地(土地+建物)+車位,忠誠路二段４２之１號十一樓,22.24,住,,,1130625,土地1建物1車位1,十一層,十七層,住宅大樓(11層含以上有電梯),住家用,761116.0,211.19,3,2,2,有,有,58580000,306509.0,坡道平面,33.12,4000000,,RPTNMLQLPHJGFEA58DA,159.21,0.0,13.91,有,,37.0
信義區,房地(土地+建物),瑞雲街３６號四樓之１,17.15,住,,,1130624,土地1建物1車位0,四層,七層,華廈(10層含以下有電梯),住家用,860109.0,33.14,1,1,1,有,無,7800000,235365.0,,0.0,0,夾層；含租約；,RPUOMLPJRHJGFDA58DA,15.45,1.06,5.4,有,1566.0,27.0
士林區,房地(土地+建物)+車位,中山北路六段４４１巷３０號九樓之２,42.82,住,,,1130629,土地1建物1車位2,九層,十七層,住宅大樓(11層含以上有電梯),住家用,1130306.0,301.54,0,0,0,無,有,102000000,410615.0,坡道平面,70.18,7000000,,RPXPMLMKQHJGFEA78DA,131.46,7.1,11.93,有,,
萬華區,房地(土地+建物)+車位,寶興街６５巷１６號五樓,28.2,住,,,1130621,土地1建物1車位1,五層,九層,華廈(10層含以下有電梯),住家用,1041211.0,135.72,2,2,1,有,有,24000000,176835.0,升降機械,0.0,1800000,車位面積無法拆算,RPTNMLMLQHJGFBA97DA,56.71,4.86,6.5,有,,9.0
內湖區,房地(土地+建物)+車位,南京東路六段１５０號九樓,30.09,住,,,1130616,土地1建物1車位1,九層,十二層,住宅大樓(11層含以上有電梯),住家用,951205.0,139.15,3,2,2,有,有,36000000,262009.0,坡道機械,8.62,1800000,陽台外推；,RPPOMLTKPHJGFCA28DA,79.24,0.0,7.12,有,,18.0
中山區,房地(土地+建物),松江路１９４巷５７號二樓,22.0,住,,,1130610,土地1建物1車位0,二層,四層,公寓(5樓含以下無電梯),住家用,580113.0,55.5,2,2,1,有,無,15400000,277477.0,,0.0,0,陽台外推；其他增建；,RPXOMLTJQHJGFCA09DA,55.5,0.0,0.0,無,,55.0
信義區,房地(土地+建物),忠孝東路四段５５３巷２２弄４號五樓,16.16,住,,,1130629,土地1建物1車位0,五層,七層,華廈(10層含以下有電梯),住家用,670203.0,87.16,3,2,1,有,無,31500000,361404.0,,0.0,0,陽台外推；,RPSNMLQLQHJGFDA48DA,66.8,0.0,11.34,有,,46.0
北投區,房地(土地+建物)+車位,溫泉路３２號六樓之３,43.39,住,,,1130624,土地1建物1車位2,六層,十三層,住宅大樓(11層含以上有電梯),住家用,990329.0,269.23,3,2,2,有,有,40000000,182510.0,坡道平面,71.98,4000000,陽台外推；,RPUOMLRLQHJGFEA98DA,113.31,4.08,14.39,有,,14.0
士林區,房地(土地+建物),德行東路２６５巷２號三樓,28.54,住,,,1130624,土地1建物1車位0,三層,五層,公寓(5樓含以下無電梯),住家用,680414.0,106.65,3,2,2,有,無,34000000,318800.0,,0.0,0,具重建或重劃、都更等效益；,RPUNMLPJRHJGFEA58DA,88.47,0.0,18.18,無,,45.0
大安區,房地(土地+建物),仁愛路四段４１３之１號七樓,15.78,住,,,1130609,土地1建物1車位0,七層,十四層,住宅大樓(11層含以上有電梯),住家用,710227.0,128.91,3,2,2,有,有,45000000,349081.0,,0.0,0,其他增建；,RPOOMLTKQHJGFFA58DA,92.31,0.0,17.02,有,,42.0
大安區,房地(土地+建物),敦化南路一段３１３號十二樓之１,9.82,住,,,1130607,土地3建物1車位0,十二層,十三層,住宅大樓(11層含以上有電梯),住家用,680316.0,71.57,3,2,1,有,有,29380000,410507.0,,0.0,0,陽台外推；,RPQOMLPJRHJGFFA38DA,53.18,0.0,6.79,有,,45.0
中山區,房地(土地+建物)+車位,基湖路１４５巷２８號五樓,72.34,住,,,1130628,土地1建物1車位2,五層,九層,華廈(10層含以下有電梯),住家用,970721.0,297.2,3,2,2,有,有,100000000,363251.0,坡道機械,32.92,4000000,,RPRNMLQJRHJGFCA28EA,156.22,11.86,19.56,有,,16.0
信義區,房地(土地+建物),吳興街３２０巷６之４號五樓,32.93,住,,,1130622,土地1建物1車位0,五層,五層,公寓(5樓含以下無電梯),住家用,740518.0,120.62,3,2,1,有,無,24750000,205190.0,,0.0,0,含頂樓增建,RPQNMLTJRHJGFDA58EA,93.37,0.0,14.07,無,,39.0
文山區,房地(土地+建物),興隆路三段２０７巷９弄１０號四樓,46.49,住,,,1130504,土地2建物1車位0,四層,五層,公寓(5樓含以下無電梯),住家用,710225.0,96.0,3,2,2,有,有,10500000,109375.0,,0.0,0,,RPUNMLPKNHJGFAA87DA,71.63,0.0,15.18,無,,42.0
文山區,房地(土地+建物)+車位,秀明路一段１２９巷６０號二樓,149.94,住,,,1130506,土地1建物1車位1,二層,五層,華廈(10層含以下有電梯),住家用,1070302.0,225.62,4,2,2,有,有,51000000,254460.0,坡道平面,35.02,2500000,,RPOOMLKMNHJGFAA07DA,122.43,0.0,10.85,有,1568.0,6.0
中正區,房地(土地+建物)+車位,徐州路１０號六樓,21.29,住,,,1130507,土地1建物1車位2,六層,九層,華廈(10層含以下有電梯),住家用,1020125.0,124.41,4,2,1,有,有,42000000,362689.0,升降機械,20.74,4400000,陽台外推；夾層；其他增建；,RPSOMLOJOHJGFBA77DA,49.01,5.81,9.48,有,1571.0,11.0
內湖區,房地(土地+建物),金龍路２１１號五樓,31.2,住,,,1130515,土地1建物1車位0,五層,五層,公寓(5樓含以下無電梯),住家用,730120.0,122.2,3,2,1,有,無,20500000,167758.0,,0.0,0,,RPQOMLQKNHJGFCA87DA,93.49,0.0,16.18,無,,40.0
中山區,房地(土地+建物),新生北路二段１５巷３號二樓,34.0,住,,,1130513,土地1建物1車位0,二層,三層,公寓(5樓含以下無電梯),住家用,540902.0,90.14,2,2,1,有,無,23500000,260706.0,,0.0,0,陽台外推；,RPSOMLTLNHJGFCA48DA,78.32,0.0,11.82,無,,59.0
內湖區,房地(土地+建物),大湖山莊街２１９巷３４弄３號二樓之３,11.63,住,,,1130503,土地1建物1車位0,二層,六層,華廈(10層含以下有電梯),住家用,810717.0,41.89,1,1,1,有,有,7900000,188589.0,,0.0,0,,RPSNMLLMNHJGFCA67DA,26.66,0.0,4.41,有,1573.0,32.0
信義區,房地(土地+建物),嘉興街１４３號三樓,36.75,住,,,1130508,土地1建物1車位0,三層，陽台,四層,公寓(5樓含以下無電梯),住家用,620712.0,93.03,2,2,1,有,無,16180000,173922.0,,0.0,0,陽台外推；其他增建；,RPPNMLTLNHJGFDA18DA,93.03,0.0,0.0,無,,51.0
北投區,房地(土地+建物)+車位,義理街２７號六樓,15.27,住,,,1130505,土地1建物1車位1,六層,十四層,住宅大樓(11層含以上有電梯),住家用,1120718.0,139.02,2,2,1,有,有,36680000,340202.0,坡道平面,40.02,3000000,,RPVNMLOKNHJGFEA28DA,60.2,1.54,5.02,有,,1.0
北投區,房地(土地+建物)+車位,奇岩路２２９號二樓,193.76,住,,,1130511,土地4建物1車位1,二層,五層,華廈(10層含以下有電梯),住家用,1040617.0,232.69,4,2,2,有,有,39900000,172517.0,坡道平面,15.31,2400000,,RPSOMLQKNHJGFEA28DA,128.4,4.05,13.24,有,,9.0
北投區,房地(土地+建物)+車位,中央北路四段５８３巷１０弄７號三樓之２,26.98,住,,,1130513,土地2建物1車位1,三層,五層,華廈(10層含以下有電梯),住家用,1050817.0,64.7,1,1,1,有,有,10200000,157651.0,塔式車位,0.0,0,,RPTRMLPJOHJGFEA58DA,28.68,1.64,4.01,有,1579.0,8.0
大安區,房地(土地+建物),和平東路二段１７５巷３７弄１２號三樓,47.75,住,,,1130508,土地1建物1車位0,三層，陽台,四層,公寓(5樓含以下無電梯),住家用,610929.0,126.43,4,2,2,有,無,35000000,276833.0,,0.0,0,其他增建；,RPQNMLLKNHJGFFA57DA,126.43,0.0,0.0,無,,52.0
大安區,房地(土地+建物),建國南路一段２９１巷１２號二樓,22.89,住,,,1130507,土地2建物1車位0,二層,七層,華廈(10層含以下有電梯),住家用,760226.0,105.15,3,2,2,有,有,29800000,283405.0,,0.0,0,其他增建；,RPRNMLOKNHJGFFA97DA,91.68,1.8,11.67,有,,37.0
南港區,房地(土地+建物),成福路２０２號三樓,27.46,住,,,1130516,土地1建物1車位0,三層,五層,公寓(5樓含以下無電梯),住家用,720729.0,101.27,3,2,2,有,無,16480000,162733.0,,0.0,0,,RPQNMLPJOHJGFDA87EA,82.11,0.0,10.13,無,,41.0
信義區,房地(土地+建物),忠孝東路五段２９５巷６弄２０號五樓,29.04,住,,,1130503,土地1建物1車位0,五層,五層,公寓(5樓含以下無電梯),住家用,780425.0,124.81,3,2,2,有,有,27900000,223540.0,,0.0,0,陽台外推；,RPTOMLQJOHJGFDA38EA,81.73,0.0,9.14,無,,35.0
大安區,房地(土地+建物),永康街３７巷３３之２號,36.63,住,,,1130513,土地1建物1車位0,三層，露台,六層,華廈(10層含以下有電梯),住家用,,149.45,3,1,1,有,有,38500000,257611.0,,0.0,0,,RPTNMLMLNHJGFFA18EA,149.45,0.0,0.0,有,,
萬華區,房地(土地+建物),長泰街２３９號三樓,27.25,住,,,1130507,土地1建物1車位0,三層,四層,公寓(5樓含以下無電梯),住家用,580523.0,75.94,2,2,1,有,無,11750000,154727.0,,0.0,0,陽台外推；,RPUQMLQKNHJGFBA38DA,75.94,0.0,0.0,無,,55.0
大同區,房地(土地+建物),承德路三段９０巷９號二樓,40.25,住,,,1130505,土地2建物1車位0,二層,四層,公寓(5樓含以下無電梯),住家用,610821.0,121.26,3,2,2,有,無,22770000,187778.0,,0.0,0,其他增建；,RPOPMLMLNHJGFBA37DA,115.5,0.0,5.76,無,,52.0
萬華區,房地(土地+建物)+車位,萬大路７１巷８號三樓之１,26.19,住,,,1130508,土地1建物1車位2,三層,十一層,住宅大樓(11層含以上有電梯),住家用,961102.0,164.94,3,2,2,有,有,27600000,200948.0,坡道機械,42.51,3000000,,RPWNMLOJOHJGFBA08DA,72.69,5.04,5.15,有,,17.0
內湖區,房地(土地+建物)+車位,文德路２２０巷３５號六樓之２,16.81,住,,,1130504,土地1建物1車位2,六層,九層,華廈(10層含以下有電梯),住家用,960330.0,131.15,3,2,1,有,有,27500000,280738.0,升降機械,43.88,3000000,陽台外推；其他增建；,RPVOMLRLNHJGFCA58DA,48.21,7.39,4.64,有,,17.0
內湖區,房地(土地+建物)+車位,文德路７０號六樓,28.23,住,,,1130524,土地2建物1車位2,六層,十七層,住宅大樓(11層含以上有電梯),住家用,981224.0,296.0,4,2,2,有,有,62500000,211142.0,坡道平面,0.0,0,,RPXNMLPJOHJGFCA38DA,145.55,15.77,10.17,有,,14.0
內湖區,房地(土地+建物),成功路二段４２６巷４２號五樓,31.43,住,,,1130506,土地1建物1車位0,五層,五層,公寓(5樓含以下無電梯),住家用,760817.0,124.63,3,2,2,有,無,15000000,120356.0,,0.0,0,,RPTOMLQJOHJGFCA18DA,92.32,0.0,10.09,無,,37.0
南港區,房地(土地+建物),經貿二路１５７巷３６弄１０７號五樓之３,21.87,住,,,1130518,土地1建物1車位0,五層,七層,華廈(10層含以下有電梯),住家用,981002.0,93.63,3,2,2,有,有,26550000,283563.0,,0.0,0,其他增建；,RPPNMLQLNHJGFDA87DA,55.0,7.04,4.79,有,1594.0,15.0
信義區,房地(土地+建物)+車位,忠孝東路五段２３６巷６０號八樓,155.16,住,,,1130518,土地1建物1車位3,八層,十七層,住宅大樓(11層含以上有電梯),住家用,1000112.0,765.19,0,0,0,無,有,416880000,626619.0,坡道平面,136.61,23000000,,RPTNMLKMNHJGFDA77DA,356.72,23.39,35.27,有,,13.0
松山區,房地(土地+建物)+車位,敦化南路一段１００巷７弄１０號六樓,25.86,住,,,1130521,土地1建物1車位1,六層,七層,華廈(10層含以下有電梯),住家用,1030521.0,141.75,3,2,2,有,有,54100000,391248.0,塔式車位,10.11,2600000,塔式車位樓層位於地下三層。陽台外推；,RPQOMLKMNHJGFDA57DA,70.73,5.28,8.56,有,1595.0,10.0
北投區,房地(土地+建物),中和街３７５號三樓,24.4,住,,,1130504,土地1建物1車位0,三層,五層,公寓(5樓含以下無電梯),住家用,670812.0,75.11,3,2,1,有,無,11600000,154440.0,,0.0,0,其他增建；,RPXNMLKMNHJGFEA28DA,66.96,0.0,8.15,無,1596.0,46.0
士林區,房地(土地+建物),延平北路五段２５７巷４弄１０號四樓,15.25,住,,,1130520,土地1建物1車位0,四層,四層,公寓(5樓含以下無電梯),住家用,601206.0,35.81,3,2,2,有,無,6300000,175929.0,,0.0,0,頂樓加蓋；,RPPNMLLKOHJGFEA47DA,35.81,0.0,0.0,無,,52.0
大安區,房地(土地+建物),仁愛路四段３４５巷４弄１０號二樓,30.0,住,,,1130503,土地1建物1車位0,二層，陽台,七層,華廈(10層含以下有電梯),住家用,620813.0,139.82,4,2,2,有,無,41580000,297382.0,,0.0,0,其他增建；,RPOOMLNKNHJGFFA67DA,130.97,0.0,0.0,有,,51.0
大安區,房地(土地+建物)+車位,瑞安街２０８巷７０弄７號十樓,51.1,住,,,1130513,土地1建物2車位1,十層,十一層,住宅大樓(11層含以上有電梯),住家用,880616.0,222.5,2,0,2,有,有,69590000,312764.0,坡道平面,0.0,4000000,陽台外推；,RPVNMLQJOHJGFFA58DA,126.47,0.0,12.75,有,,25.0
大安區,房地(土地+建物)+車位,瑞安街２０８巷７０弄５號十樓,46.77,住,,,1130513,土地1建物2車位1,十層,十一層,住宅大樓(11層含以上有電梯),住家用,880616.0,206.66,1,2,1,有,有,68410000,331027.0,坡道平面,0.0,4000000,陽台外推；,SPVNMLQJOHJGFFA68DA,115.04,0.0,12.51,有,,25.0
中山區,房地(土地+建物),新生北路三段６１號四樓之３０,7.06,住,,,1130502,土地3建物1車位0,四層,九層,華廈(10層含以下有電梯),住家用,650907.0,48.77,2,1,1,有,有,10450000,214271.0,,0.0,0,,RPPNMLQJOHJGFCA77EA,38.0,0.0,3.86,有,,48.0
中山區,房地(土地+建物),新生北路二段１３７巷４８號四樓,36.5,住,,,1130509,土地1建物1車位0,四層,四層,公寓(5樓含以下無電梯),住家用,560522.0,110.76,3,2,2,有,無,20000000,180571.0,,0.0,0,頂樓加蓋；,RPQNMLRJOHJGFCA97EA,110.76,0.0,0.0,無,,57.0
南港區,房地(土地+建物),東新街６４巷１１號五樓,41.61,住,,,1130513,土地1建物1車位0,五層,七層,華廈(10層含以下有電梯),住家用,780216.0,144.18,3,2,2,有,有,34500000,239284.0,,0.0,0,,RPPNMLLKOHJGFDA47EA,96.99,1.6,13.0,有,,35.0
士林區,房地(土地+建物),中山北路七段８２巷２７號八樓,20.96,住,,,1130502,土地1建物1車位0,八層,十一層,住宅大樓(11層含以上有電梯),住家用,730227.0,155.42,2,2,2,有,無,32800000,211041.0,,0.0,0,,RPPNMLQJOHJGFEA97EA,113.22,0.0,21.07,有,,40.0
北投區,房地(土地+建物),大度路三段２９７號七樓之３,8.29,住,,,1130502,土地3建物1車位0,七層,十四層,住宅大樓(11層含以上有電梯),住家用,971013.0,81.03,2,1,1,有,有,15950000,196841.0,,0.0,0,機房增建其他增建；,RPRNMLRJOHJGFEA28EA,49.91,1.85,3.59,有,,16.0
文山區,房地(土地+建物),興隆路三段１８５巷５弄１２號三樓,28.34,住,,,1130510,土地7建物1車位0,三層,五層,公寓(5樓含以下無電梯),住家用,720823.0,92.7,2,2,2,有,有,12500000,134844.0,,0.0,0,陽台外推；其他增建；,RPOOMLKKNHJGFAA86DA,69.29,0.0,14.92,無,,41.0
文山區,房地(土地+建物),育英街３１巷３８弄１３號,27.75,住,,,1130504,土地1建物1車位0,一層,四層,公寓(5樓含以下無電梯),住家用,610418.0,68.44,4,2,1,有,無,19300000,281999.0,,0.0,0,其他增建；,RPTOMLMLNHJGFAA67DA,68.44,0.0,0.0,無,,52.0
中正區,房地(土地+建物),泉州街１４５巷１號二樓,29.39,住,,,1130504,土地1建物1車位0,二層,七層,華廈(10層含以下有電梯),住家用,750423.0,146.86,4,2,2,有,有,26100000,177732.0,,0.0,0,,RPSNMLLKOHJGFAA37DA,91.66,0.0,20.66,有,1604.0,38.0
中山區,房地(土地+建物),遼寧街１０１巷２弄１０號三樓,22.0,住,,,1130506,土地1建物1車位0,三層,五層,公寓(5樓含以下無電梯),住家用,820616.0,61.66,2,1,1,有,無,17560000,284788.0,,0.0,0,,RPUOMLRKNHJGFCA38DA,55.16,1.14,3.92,無,,31.0
松山區,建物,延壽街１６號十二樓之２,0.0,,,,1130507,土地0建物1車位1,十二層,十三層,住宅大樓(11層含以上有電梯),住家用,880428.0,90.21,2,1,1,有,有,6300000,69837.0,坡道平面,0.0,0,建物坐落地號：寶清段一小段51地號；夾層；地上權房屋；,RPRNMLTJNHJGFDA18DA,34.33,0.0,3.6,有,1613.0,25.0
信義區,房地(土地+建物)+車位,松仁路３０８巷１０１號四樓,10.33,住,,,1130503,土地1建物1車位1,四層,九層,華廈(10層含以下有電梯),住家用,1030418.0,57.47,2,1,2,有,有,16600000,288846.0,其他,0.0,0,夾層；,RPSPMLPKNHJGFDA18DA,23.55,1.3,6.88,有,1614.0,10.0
南港區,房地(土地+建物),成福路７４巷８號二樓之１,16.24,住,,,1130510,土地1建物1車位0,二層,七層,華廈(10層含以下有電梯),住家用,1060710.0,62.51,1,1,1,有,無,18330000,293233.0,,0.0,0,,RPWNMLRKNHJGFDA58DA,33.45,0.0,5.6,有,,7.0
信義區,房地(土地+建物),吳興街２８４巷２４弄５３號四樓,27.6,住,,,1130504,土地1建物1車位0,四層,五層,公寓(5樓含以下無電梯),住家用,671207.0,98.16,3,2,1,有,無,17800000,181337.0,,0.0,0,其他增建；,RPXNMLLLNHJGFDA18DA,84.08,0.0,14.08,無,,45.0
士林區,房地(土地+建物),德行東路３１號二樓,10.04,住,,,1130503,土地1建物1車位0,二層,七層,華廈(10層含以下有電梯),住家用,1101224.0,49.6,1,1,1,有,有,17500000,352823.0,,0.0,0,,RPPNMLTJNHJGFEA08DA,20.44,5.96,1.6,有,,2.0
大安區,房地(土地+建物)+車位,大安路一段９６巷１３號八樓,42.94,住,,,1130502,土地1建物1車位1,八層,八層,華廈(10層含以下有電梯),住家用,940420.0,216.74,3,2,2,有,有,69500000,320661.0,坡道平面,0.0,0,陽台外推；,RPTOMLNLNHJGFFA28DA,114.58,0.0,10.85,有,,19.0
大同區,房地(土地+建物),伊寧街７５巷１２弄１６號五樓,26.5,住,,,1130517,土地1建物1車位0,五層,五層,公寓(5樓含以下無電梯),住家用,700115.0,89.05,4,3,2,有,無,12400000,139248.0,,0.0,0,頂樓加蓋；,RPSNMLLKOHJGFBA57EA,80.84,0.0,8.21,無,,43.0
文山區,房地(土地+建物),和興路４４巷３弄１號三樓,39.81,住,,,1130505,土地1建物1車位0,三層,五層,公寓(5樓含以下無電梯),住家用,720809.0,112.87,3,2,2,有,無,16000000,141756.0,,0.0,0,陽台外推；其他增建；,RPSOMLMLNHJGFAA57DA,93.97,0.0,11.32,無,1623.0,41.0
文山區,房地(土地+建物),興隆路一段２５１巷４弄８號,33.75,住,,,1130511,土地1建物1車位0,一層,四層,公寓(5樓含以下無電梯),住家用,600604.0,82.49,3,2,2,有,無,21800000,264274.0,,0.0,0,其他增建；,RPOOMLLMNHJGFAA17DA,82.49,0.0,0.0,無,,53.0
中正區,房地(土地+建物),廈門街１４７巷１５號二樓,31.75,住,,,1130510,土地1建物1車位0,二層，陽臺,四層,公寓(5樓含以下無電梯),住家用,650715.0,91.46,3,2,2,有,無,18600000,203368.0,,0.0,0,陽台外推；,RPQOMLPJOHJGFAA57DA,91.46,0.0,0.0,無,,48.0
中正區,房地(土地+建物)+車位,杭州南路一段７１巷１８號八樓,32.32,住,,,1130525,土地1建物1車位1,八層,二十層,住宅大樓(11層含以上有電梯),住家用,1120328.0,250.06,3,2,2,有,有,99888899,399460.0,坡道平面,40.75,0,政府機關標讓售；,RPQNMLRJNHJGFBA67DA,118.96,8.17,11.39,有,,1.0
大同區,房地(土地+建物),延平北路三段１８巷２７號四樓,33.5,住,,,1130509,土地1建物1車位0,四層,四層,公寓(5樓含以下無電梯),住家用,670520.0,104.34,4,2,2,有,無,17500000,167721.0,,0.0,0,陽台外推；頂樓加蓋；其他增建；,RPRNMLSLNHJGFBA08DA,83.4,0.0,20.94,無,,46.0
內湖區,房地(土地+建物),成功路四段６１巷５５號十四樓,40.65,住,,,1130509,土地1建物1車位0,十四層,十五層,住宅大樓(11層含以上有電梯),住家用,1060905.0,235.87,2,2,2,有,有,61500000,260737.0,,0.0,0,,RPRNMLNLNHJGFCA67DA,137.13,7.28,13.13,有,1628.0,7.0
內湖區,房地(土地+建物),文湖街２１巷９４弄７號四樓,10.13,住,,,1130519,土地1建物1車位0,四層,五層,華廈(10層含以下有電梯),住家用,830826.0,40.17,0,0,0,無,有,9000000,224048.0,,0.0,0,陽台外推；其他增建；,RPVOMLTLNHJGFCA78DA,27.02,1.22,3.41,有,1629.0,30.0
內湖區,房地(土地+建物)+車位,民權東路六段２４８巷７號三樓,53.34,住,,,1130520,土地2建物1車位1,三層,五層,華廈(10層含以下有電梯),住家用,910809.0,167.47,3,2,2,有,有,30700000,183316.0,坡道平面,33.7,0,,RPVPMLMKOHJGFCA18DA,84.83,0.92,9.11,有,,22.0
南港區,房地(土地+建物)+車位,重陽路１２５巷３６弄３０號八樓之２,17.44,住,,,1130507,土地1建物1車位1,八層,八層,華廈(10層含以下有電梯),住家用,970122.0,84.21000000000001,2,1,1,有,有,20000000,237501.0,坡道機械,0.0,1800000,陽台外推；夾層；,RPTOMLKLNHJGFDA77DA,42.03,2.8,3.95,有,1639.0,16.0
信義區,房地(土地+建物),永吉路１２０巷８１弄３號,43.25,住,,,1130502,土地1建物1車位0,一層，騎樓,四層,公寓(5樓含以下無電梯),住家用,620310.0,121.87,4,2,2,有,無,38100000,312628.0,,0.0,0,其他增建；,RPROMLOLNHJGFDA97DA,121.87,0.0,0.0,無,,51.0
南港區,房地(土地+建物),福德街３３９巷３弄６號四樓,26.0,住,,,1130511,土地1建物1車位0,四層,四層,公寓(5樓含以下無電梯),住家用,660131.0,81.9,3,2,1,有,無,19000000,231990.0,,0.0,0,陽台外推；頂樓加蓋；其他增建；,RPTNMLRLNHJGFDA38DA,69.4,0.0,12.5,無,,47.0
南港區,房地(土地+建物)+車位,重陽路２７號九樓,31.62,住,,,1130526,土地1建物1車位1,九層,十四層,住宅大樓(11層含以上有電梯),住家用,1110124.0,181.57,3,2,2,有,有,51000000,280883.0,坡道平面,0.0,2800000,,RPPOMLQJOHJGFDA87DA,85.32,6.64,8.99,有,1641.0,2.0
松山區,房地(土地+建物)+車位,敦化南路一段１００巷１１號九樓,24.85,住,,,1130522,土地1建物1車位1,九層,十二層,住宅大樓(11層含以上有電梯),住家用,1120419.0,176.06,0,0,0,無,有,66000000,419201.0,塔式車位,24.82,2600000,毛胚屋；,RPSNMLLKOHJGFDA67DA,79.48,0.0,9.36,有,1642.0,1.0
松山區,房地(土地+建物),健康路５８巷１５號四樓,26.51,住,,,1130510,土地2建物1車位0,四層,五層,公寓(5樓含以下無電梯),住家用,700115.0,91.64,3,2,1,有,無,19800000,216063.0,,0.0,0,陽台外推；,RPWNMLLKOHJGFDA08DA,77.35,0.0,14.29,無,,43.0
南港區,房地(土地+建物),玉成街１６６巷１２號五樓,34.66,住,,,1130509,土地1建物1車位0,五層,五層,公寓(5樓含以下無電梯),住家用,690621.0,114.39,5,3,3,有,無,26400000,230789.0,,0.0,0,陽台外推；頂樓增建2房1廳1衛內梯進出.陽台外推；頂樓加蓋；,RPTOMLLKOHJGFDA87DA,104.61,0.0,9.78,無,,44.0
南港區,房地(土地+建物)+車位,向陽路１９６巷１３號六樓之１,13.46,住,,,1130512,土地1建物1車位1,六層,十層,華廈(10層含以下有電梯),住家用,1121107.0,83.5,1,1,1,有,有,20500000,323879.0,坡道平面,28.85,2800000,分開計價:房屋款新台幣壹仟柒佰柒拾萬元整/車位款新台幣貳佰捌拾萬元整,RPQQMLMKOHJGFDA87DA,32.63,0.0,2.98,有,1644.0,1.0
士林區,房地(土地+建物),忠誠路二段４０巷１４弄８號五樓,23.02,住,,,1130503,土地2建物1車位0,五層,五層,公寓(5樓含以下無電梯),住家用,730723.0,91.13,2,2,1,有,無,17000000,186547.0,,0.0,0,其他增建；,RPROMLNKNHJGFEA87DA,72.0,0.0,8.42,無,,40.0
士林區,房地(土地+建物),中山北路七段１４巷１９之１號二樓,19.54,住,,,1130508,土地1建物1車位0,二層,七層,華廈(10層含以下有電梯),住家用,770119.0,145.97,3,1,3,有,有,34250000,234637.0,,0.0,0,陽台外推；其他增建；,RPQPMLOLNHJGFEA08DA,120.9,1.25,11.91,有,1645.0,36.0
北投區,房地(土地+建物),永興路一段２３號四樓,16.2,住,,,1130503,土地1建物1車位0,四層,五層,公寓(5樓含以下無電梯),住家用,661121.0,77.57,3,1,1,有,無,10400000,134072.0,,0.0,0,陽台外推；,RPOPMLTLNHJGFEA38DA,67.56,0.0,10.01,無,,46.0
北投區,房地(土地+建物),中和街４９３巷６之１號五樓,30.89,住,,,1130513,土地1建物1車位0,五層,五層,公寓(5樓含以下無電梯),住家用,711026.0,140.47,3,2,2,有,無,14750000,105005.0,,0.0,0,,RPTNMLOJOHJGFEA08DA,97.19,0.0,26.66,無,1648.0,42.0
士林區,房地(土地+建物),中山北路六段４１９巷１５號四樓之１、五樓,28.8,住,,,1130510,土地1建物1車位0,四層，五層,五層,公寓(5樓含以下無電梯),住家用,670629.0,107.97,4,2,3,有,無,18250000,169028.0,,0.0,0,陽台外推；頂樓加蓋；其他增建；,RPUNMLQJOHJGFEA38DA,100.07,0.0,7.9,無,1649.0,46.0
北投區,房地(土地+建物)+車位,石牌路二段３１５巷２８弄１６號七樓之２,14.27,住,,,1130521,土地1建物1車位1,七層,七層,華廈(10層含以下有電梯),住家用,971009.0,74.27000000000001,1,2,1,有,有,15260000,205467.0,升降機械,17.71,0,夾層；其他增建；,RPSPMLLKOHJGFEA97DA,28.57,5.79,2.38,有,,16.0
北投區,房地(土地+建物),中山北路七段２１９巷３弄１２３號七樓,23.64,住,,,1130515,土地1建物1車位0,七層,七層,華廈(10層含以下有電梯),住家用,731027.0,116.58,4,2,2,有,有,18800000,161263.0,,0.0,0,頂樓加蓋；,RPPNMLMLNHJGFEA67EA,94.37,0.0,13.25,有,,40.0
士林區,房地(土地+建物)+車位,德行東路３３８巷２號七樓,38.56,住,,,1130513,土地2建物1車位1,七層，見其他登記事項,七層,華廈(10層含以下有電梯),住家用,1100427.0,184.58999999999995,0,0,0,無,有,46560000,262643.0,升降機械,14.93,2000000,建案名稱:天母.晨曦,RPTNMLMKOHJGFEA08EA,83.39,2.37,4.59,有,,3.0
士林區,房地(土地+建物)+車位,中山北路七段１９０巷２６弄１８號,31.78,住,,,1130526,土地1建物1車位1,一層,七層,華廈(10層含以下有電梯),住家用,690130.0,170.02999999999997,3,2,2,有,有,31300000,184085.0,坡道平面,0.0,0,,RPUNMLMKOHJGFEA18EA,147.26,0.0,19.38,有,1659.0,44.0
文山區,房地(土地+建物),興隆路四段９６巷４弄１２之１號二樓,30.25,住,,,1130511,土地1建物1車位0,二層，陽台,四層,公寓(5樓含以下無電梯),住家用,650209.0,79.67,3,2,1,有,無,11400000,143090.0,,0.0,0,,RPUNMLPJOHJGFAA87DA,79.67,0.0,0.0,無,1661.0,48.0
中正區,房地(土地+建物),齊東街８２巷２０之５號四樓,60.37,住,,,1130503,土地2建物1車位0,四層,四層,公寓(5樓含以下無電梯),住家用,640802.0,162.08,5,2,2,有,無,35500000,219028.0,,0.0,0,陽台外推；頂樓加蓋；其他增建；,RPUNMLTLNHJGFBA48DA,138.69,0.0,23.39,無,,49.0
萬華區,房地(土地+建物),和平西路三段３８２巷１２弄１８號,17.27,住,,,1130502,土地2建物1車位0,一層,五層,公寓(5樓含以下無電梯),住家用,650709.0,52.23,3,2,1,有,無,10350000,198162.0,,0.0,0,防火巷、天井增建增建部分使用現況及現有面積點交其他增建；,RPSPMLMKOHJGFBA77DA,49.53,2.7,0.0,無,,48.0
中山區,房地(土地+建物),北安路６１５號四樓之２,33.59,住,,,1130516,土地1建物1車位0,四層,四層,公寓(5樓含以下無電梯),住家用,651204.0,133.79,5,3,3,有,無,28000000,209283.0,,0.0,0,頂樓加蓋；其他增建；,RPWNMLMKOHJGFCA08DA,106.19,0.0,7.48,無,1667.0,47.0
松山區,房地(土地+建物),八德路四段２９５號三樓,20.4,住,,,1130508,土地1建物1車位0,三層,五層,公寓(5樓含以下無電梯),住家用,680219.0,76.14,3,2,1,有,無,18680000,245338.0,,0.0,0,,RPOOMLNLNHJGFDA57DA,65.8,0.0,10.34,無,1669.0,45.0
信義區,房地(土地+建物)+車位,松智路３１巷２號九樓,41.42,住,,,1130504,土地2建物1車位1,九層,十三層,住宅大樓(11層含以上有電梯),住家用,870420.0,168.86,3,2,2,有,有,53680000,317896.0,坡道平面,0.0,0,其他增建；,RPXOMLRLNHJGFDA88DA,82.09,1.92,11.2,有,,26.0
信義區,房地(土地+建物),信義路六段７６巷１弄９號二樓,33.35,住,,,1130521,土地4建物1車位0,二層，陽台,四層,公寓(5樓含以下無電梯),住家用,640623.0,101.45,3,2,2,有,無,21000000,206999.0,,0.0,0,陽台外推；其他增建；,RPUOMLLKOHJGFDA97DA,101.45,0.0,0.0,無,,49.0
北投區,房地(土地+建物),尊賢街２３９巷２６弄１號二樓,39.5,住,,,1130504,土地1建物1車位0,二層,四層,公寓(5樓含以下無電梯),住家用,620119.0,88.14,3,1,3,有,無,16200000,183799.0,,0.0,0,陽台外推；其他增建；,RPPNMLNKOHJGFEA67DA,88.14,0.0,0.0,無,1675.0,51.0
士林區,建物,環河北路三段１７３號,0.0,,,,1130515,土地0建物1車位0,一層，平台，騎樓,四層,公寓(5樓含以下無電梯),住家用,650220.0,100.78,1,0,1,有,無,9000000,89303.0,,0.0,0,建物坐落地號：永新段二小段287地號；其他增建；,RPWNMLNKOHJGFEA38DA,100.78,0.0,0.0,無,,48.0
大安區,房地(土地+建物),敦化南路一段２３３巷３１號五樓之６,5.67,住,,,1130517,土地1建物1車位0,五層,十層,華廈(10層含以下有電梯),住家用,760709.0,40.28,1,0,1,有,有,13700000,340119.0,,0.0,0,陽台外推；,RPTNMLMLNHJGFFA08DA,22.85,0.0,4.17,有,1676.0,37.0
中山區,房地(土地+建物),龍江路２９８巷６號十樓,42.29,住,,,1130505,土地4建物1車位0,十層，電梯樓梯間,十二層,住宅大樓(11層含以上有電梯),住家用,851019.0,152.76,3,2,2,有,有,43500000,284760.0,,0.0,0,,RPPNMLNKOHJGFCA57EA,98.66,3.72,11.58,有,,28.0
中正區,房地(土地+建物),廈門街８１巷３８號二樓,62.5,住,,,1130515,土地1建物1車位0,二層，陽台,四層,公寓(5樓含以下無電梯),住家用,640701.0,170.31,4,2,2,有,無,31000000,182021.0,,0.0,0,陽台外推；,RPQQMLLLNHJGFAA47DA,170.31,0.0,0.0,無,,49.0
中正區,房地(土地+建物),羅斯福路三段２４４巷９弄３號二樓之１,15.0,住,,,1130505,土地1建物1車位0,二層,七層,華廈(10層含以下有電梯),住家用,1120105.0,57.68,1,1,1,有,有,23800000,412621.0,,0.0,0,,RPSNMLKMNHJGFAA37DA,31.65,0.0,3.38,有,1679.0,1.0
文山區,房地(土地+建物),興德路５５之１號四樓,48.79,住,,,1130516,土地1建物1車位0,四層，五層,五層,公寓(5樓含以下無電梯),住家用,780201.0,184.51,4,2,2,有,無,20800000,112731.0,,0.0,0,陽台外推；其他增建；,RPXNMLRJOHJGFAA38DA,138.41,0.0,32.66,無,,35.0
中正區,房地(土地+建物)+車位,廈門街１４７巷１８號二樓,42.96,住,,,1130504,土地1建物1車位1,二層,七層,華廈(10層含以下有電梯),住家用,930329.0,171.94,4,2,2,有,有,38000000,221007.0,坡道平面,24.41,0,,RPQNMLSJOHJGFAA77DA,92.42,2.69,10.2,有,,20.0
中正區,房地(土地+建物)+車位,汀州路一段７８號十樓,34.46,住,,,1130509,土地2建物1車位1,十層,二十層,住宅大樓(11層含以上有電梯),住家用,1010919.0,282.22,4,2,2,有,有,68200000,264718.0,坡道平面,35.92,3000000,,RPWNMLOKOHJGFAA08DA,142.85,12.48,8.78,有,1681.0,12.0
大同區,房地(土地+建物),重慶北路三段２０３之３號六樓之２,8.68,住,,,1130511,土地2建物1車位0,六層,十二層,住宅大樓(11層含以上有電梯),住家用,1090728.0,70.49,0,0,0,無,有,18200000,258193.0,,0.0,0,,RPQOMLTLNHJGFBA18DA,33.08,9.67,0.0,有,,4.0
內湖區,房地(土地+建物),文湖街２１巷９８弄１３號六樓之１,17.09,住,,,1130512,土地1建物1車位0,六層,六層,華廈(10層含以下有電梯),住家用,860409.0,53.190000000000005,2,2,1,有,有,13360000,251175.0,,0.0,0,陽台外推；其他增建；,RPXPMLTLNHJGFCA09DA,38.07,0.0,4.38,有,,27.0
內湖區,房地(土地+建物)+車位,內湖路二段３３６之２號八樓,27.08,住,,,1130511,土地1建物1車位1,八層,十四層,住宅大樓(11層含以上有電梯),住家用,1031023.0,175.44,3,2,2,有,有,44100000,251368.0,坡道平面,37.93,0,,RPSOMLLMNHJGFCA77DA,85.77,2.95,7.36,有,1686.0,10.0
內湖區,房地(土地+建物)+車位,南京東路六段３８７號五樓,59.34,住,,,1130525,土地1建物1車位2,五層,十層,華廈(10層含以下有電梯),住家用,1030801.0,336.33,3,2,2,有,有,69900000,273205.0,坡道平面,102.44,6000000,,RPOOMLPJOHJGFCA57DA,126.67,13.91,17.15,有,1687.0,10.0
內湖區,房地(土地+建物)+車位,新富街７８號三樓,44.09,住,,,1130520,土地1建物1車位2,三層,十四層,住宅大樓(11層含以上有電梯),住家用,1031020.0,289.74,2,2,2,有,有,69000000,308077.0,坡道平面,82.0,5000000,,RPPNMLMKOHJGFCA37DA,128.02,1.9,13.91,有,1688.0,10.0
中山區,房地(土地+建物),吉林路４３５號三樓,28.5,住,,,1130505,土地1建物1車位0,三層,四層,公寓(5樓含以下無電梯),住家用,590805.0,74.4,3,2,2,有,無,18000000,241935.0,,0.0,0,,RPQOMLNKOHJGFCA67DA,74.4,0.0,0.0,無,1690.0,54.0
內湖區,房地(土地+建物)+車位,內湖路三段７２巷６３號三樓之２,31.6,住,,,1130518,土地1建物1車位1,三層,十六層,住宅大樓(11層含以上有電梯),住家用,830729.0,164.51000000000002,4,2,2,有,有,27600000,207964.0,坡道平面,40.45,1800000,其他增建；,RPXOMLNKOHJGFCA38DA,137.79,1.44,10.38,有,,30.0
內湖區,房地(土地+建物),內湖路三段１３６巷６號三樓,36.78,住,,,1130515,土地2建物1車位0,三層,五層,公寓(5樓含以下無電梯),住家用,690423.0,94.89,3,2,1,有,無,14000000,147539.0,,0.0,0,,RPPNMLOKOHJGFCA57DA,80.51,0.0,14.38,無,,44.0
內湖區,房地(土地+建物)+車位,內湖路三段７２巷６３號九樓之２,31.03,住,,,1130501,土地1建物1車位1,九層,十六層,住宅大樓(11層含以上有電梯),住家用,830729.0,165.74,3,2,2,有,有,26800000,200363.0,坡道平面,44.46,2500000,,RPVNMLOKOHJGFCA18DA,141.8,1.44,7.94,有,,30.0
內湖區,房地(土地+建物)+車位,星雲街１６５號十四樓之３,12.61,,,,1130506,土地1建物1車位1,十四層,十四層,住宅大樓(11層含以上有電梯),住家用,880901.0,86.6,2,1,1,有,有,21000000,242494.0,坡道機械,20.37,0,其他增建；,RPQOMLOKOHJGFCA77DA,47.1,0.0,3.76,有,,25.0
信義區,房地(土地+建物),崇德街６３巷３１號四樓,37.3,住,,,1130509,土地1建物1車位0,四層,五層,公寓(5樓含以下無電梯),住家用,780309.0,139.74,4,2,2,有,無,27600000,197510.0,,0.0,0,其他增建；,RPSQMLRLNHJGFDA58DA,108.3,0.99,20.31,無,,35.0
南港區,房地(土地+建物)+車位,松河街７７２號四樓之３,10.8,住,,,1130501,土地1建物1車位1,四層,七層,華廈(10層含以下有電梯),住家用,981207.0,49.18,1,0,1,有,有,12800000,260268.0,坡道機械,9.93,0,其他增建；,RPROMLKMNHJGFDA67DA,20.9,3.49,0.0,有,1694.0,14.0
南港區,房地(土地+建物),忠孝東路六段７０巷５弄３３號六樓,27.37,住,,,1130501,土地2建物1車位0,六層,七層,華廈(10層含以下有電梯),住家用,730730.0,113.13,2,2,2,有,有,19000000,167948.0,,0.0,0,陽台外推；,RPPOMLLKOHJGFDA47DA,73.66,0.0,9.19,有,,40.0
北投區,房地(土地+建物),清江路２０９號四樓,29.75,住,,,1130517,土地1建物1車位0,四層,五層,公寓(5樓含以下無電梯),住家用,691009.0,95.18,4,2,1,有,無,14280000,150032.0,,0.0,0,陽台外推；,RPROMLOLNHJGFEA08DA,85.16,0.0,10.02,無,,44.0
士林區,房地(土地+建物),忠誠路一段１４７巷３１弄５號三樓,35.2,住,,,1130518,土地1建物1車位0,三層,五層,公寓(5樓含以下無電梯),住家用,730615.0,127.81,3,2,2,有,無,19960000,156169.0,,0.0,0,其他增建；,RPVNMLTLNHJGFEA88DA,111.15,0.0,8.66,無,,40.0
北投區,房地(土地+建物)+車位,大業路３００巷９弄１６號七樓,20.29,住,,,1130516,土地1建物1車位1,七層,七層,華廈(10層含以下有電梯),住家用,970808.0,101.2,2,2,1,有,有,19500000,192688.0,坡道機械,26.44,0,其他增建；,RPQNMLRJOHJGFEA08DA,37.87,8.37,3.89,有,1696.0,16.0
士林區,房地(土地+建物),中山北路六段１９５巷１８弄５號三樓,27.09,住,,,1130519,土地1建物1車位0,三層,五層,華廈(10層含以下有電梯),住家用,820902.0,85.65,2,2,2,有,無,20000000,233508.0,,0.0,0,陽台外推；其他增建；,RPPNMLOKOHJGFEA77DA,63.93,5.09,7.71,有,,31.0
大安區,房地(土地+建物),東豐街６４號二樓,36.3,住,,,1130520,土地1建物1車位0,二層，陽台,六層,華廈(10層含以下有電梯),住家用,611109.0,140.92,1,2,2,有,有,42200000,299461.0,,0.0,0,,RPVNMLLLNHJGFFA18DA,140.92,0.0,0.0,有,,52.0
大安區,房地(土地+建物)+車位,和平東路二段９６巷１５弄３６號五樓之１,17.22,住,,,1130512,土地1建物1車位1,五層,七層,華廈(10層含以下有電梯),住家用,1000321.0,84.53999999999999,1,1,1,有,有,34000000,402176.0,塔式車位,0.0,2500000,塔式車位位於地下第二層。夾層；其他增建；,RPSOMLTLNHJGFFA78DA,34.27,6.45,4.81,有,,13.0
萬華區,房地(土地+建物),長泰街１７８巷４號二樓,21.5,住,,,1130504,土地1建物1車位0,二層,四層,公寓(5樓含以下無電梯),住家用,580906.0,54.08,2,2,2,有,無,9000000,166420.0,,0.0,0,雨遮、凸窗增建、陽台增建後外推其他增建；,RPSNMLOKOHJGFBA87EA,54.08,0.0,0.0,無,1701.0,55.0
信義區,房地(土地+建物),吳興街４３２巷１２２之１號三樓,22.81,住,,,1130504,土地1建物1車位0,三層,五層,公寓(5樓含以下無電梯),住家用,770119.0,85.5,3,2,2,有,無,14500000,169591.0,,0.0,0,,RPWNMLQKNHJGFDA58EA,73.73,0.0,7.51,無,,36.0
北投區,房地(土地+建物),復興一路３３巷２號四樓,48.0,住,,,1130518,土地1建物1車位0,四層，陽台,四層,公寓(5樓含以下無電梯),住家用,651227.0,126.64,3,2,2,有,無,16000000,126342.0,,0.0,0,頂樓加蓋；,RPWNMLOKOHJGFEA58EA,126.64,0.0,0.0,無,,47.0
北投區,房地(土地+建物),中央北路四段１４２巷２號五樓,44.05,住,,,1130508,土地1建物1車位0,五層,五層,公寓(5樓含以下無電梯),住家用,730412.0,165.6,3,3,2,有,無,17500000,105676.0,,0.0,0,陽臺鐵窗其他增建；,RPOOMLOKOHJGFEA87EA,142.24,0.0,11.17,無,,40.0
文山區,房地(土地+建物),景華街１２８巷９號三樓,24.49,住,,,1130501,土地1建物1車位0,三層,五層,公寓(5樓含以下無電梯),住家用,700117.0,101.6,3,2,2,有,無,18500000,182087.0,,0.0,0,陽台外推；其他增建；,RPUNMLKKNHJGFAA37DA,87.63,0.0,13.97,無,1708.0,43.0
文山區,房地(土地+建物)+車位,政大一街１７２號五樓,76.14,住,,,1130502,土地1建物1車位1,五層,五層,華廈(10層含以下有電梯),住家用,961101.0,152.26,2,3,2,有,有,27180000,178510.0,坡道機械,18.07,0,陽台外推；頂樓加蓋；,RPSNMLNKNHJGFAA47DA,90.24,0.0,11.51,有,,17.0
文山區,房地(土地+建物),保儀路１０９巷２１弄１０號二樓,28.5,住,,,1130517,土地1建物1車位0,二層，陽台,四層,公寓(5樓含以下無電梯),住家用,,91.05,3,2,1,有,無,12350000,135640.0,,0.0,0,,RPOOMLOLNHJGFAA37DA,91.05,0.0,0.0,無,,
文山區,房地(土地+建物),辛亥路四段７７巷９２弄１１號十三樓,26.67,住,,,1130508,土地3建物1車位0,十三層,十四層,住宅大樓(11層含以上有電梯),住家用,920922.0,43.7,1,1,1,有,有,8980000,205492.0,,0.0,0,其他增建；,RPXNMLKMNHJGFAA87DA,26.06,0.0,3.8,有,1709.0,21.0
文山區,房地(土地+建物),辛亥路五段７３巷７弄８號二樓,23.14,住,,,1130501,土地2建物1車位0,二層,五層,公寓(5樓含以下無電梯),住家用,720927.0,97.03,3,2,2,有,有,14850000,153045.0,,0.0,0,陽台外推；,RPOOMLNJOHJGFAA17DA,77.02,0.0,12.84,無,,41.0
文山區,房地(土地+建物)+車位,木柵路四段１３９號三樓之２,46.78,住,,,1130521,土地2建物1車位1,三層,十九層,住宅大樓(11層含以上有電梯),住家用,1000214.0,172.91,3,2,2,有,有,36000000,220147.0,坡道平面,23.01,3000000,,RPQNMLQJOHJGFAA57DA,90.91,6.89,7.03,有,,13.0
中正區,房地(土地+建物),仁愛路二段７４號四樓之２,18.51,住,,,1130502,土地2建物1車位0,四層,二十一層,住宅大樓(11層含以上有電梯),住家用,1120523.0,162.01,0,0,0,無,有,78900000,487007.0,,0.0,0,毛胚屋；,RPQNMLPLNHJGFBA67DA,93.81,5.18,14.14,有,,1.0
萬華區,房地(土地+建物)+車位,東園街３０號三樓之１,19.23,住,,,1130518,土地1建物1車位1,三層,九層,華廈(10層含以下有電梯),住家用,1090220.0,96.14,2,1,1,有,有,20690000,215207.0,其他,15.75,0,,RPQNMLSLNHJGFBA97DA,42.88,3.22,4.23,有,1710.0,4.0
萬華區,房地(土地+建物),西園路二段１４０巷２２弄３４號,26.5,住,,,1130530,土地1建物1車位0,一層,四層,公寓(5樓含以下無電梯),住家用,631129.0,76.65,2,2,1,有,無,19250000,251142.0,,0.0,0,其他增建；,RPTNMLOKOHJGFBA87DA,76.65,0.0,0.0,無,,50.0
內湖區,房地(土地+建物),金龍路２２２巷８號六樓之３,12.78,住,,,1130520,土地1建物1車位0,六層,十二層,住宅大樓(11層含以上有電梯),住家用,821213.0,39.45,1,1,1,有,有,9000000,228137.0,,0.0,0,陽台外推；,RPPOMLOLNHJGFCA67DA,28.21,0.0,5.1,有,1714.0,30.0
內湖區,房地(土地+建物),五分街１１１號九樓之２,11.61,住,,,1130501,土地1建物1車位0,九層,十一層,住宅大樓(11層含以上有電梯),住家用,960709.0,52.400000000000006,1,1,1,有,有,13610000,259733.0,,0.0,0,陽台外推；其他增建；,RPOOMLLMNHJGFCA37DA,32.6,0.78,4.25,有,,17.0
信義區,房地(土地+建物),信安街１２９號三樓,17.0,住,,,1130505,土地1建物1車位0,三層,七層,華廈(10層含以下有電梯),住家用,790825.0,92.63,2,2,2,有,無,22500000,242902.0,,0.0,0,其他增建；,RPRPMLPKNHJGFDA08DA,59.17,0.0,10.05,有,,34.0
信義區,房地(土地+建物),福德街４號三樓,22.25,住,,,1130528,土地1建物1車位0,三層，陽台,四層,公寓(5樓含以下無電梯),住家用,641007.0,65.1,2,1,1,有,無,10660000,163748.0,,0.0,0,,RPRNMLTLNHJGFDA38DA,65.1,0.0,0.0,無,,49.0
松山區,房地(土地+建物),民權東路三段１９１巷８７號二樓,34.75,住,,,1130517,土地2建物1車位0,二層,四層,公寓(5樓含以下無電梯),住家用,600615.0,101.56,3,2,2,有,無,23000000,226467.0,,0.0,0,陽台外推；,RPUOMLPJOHJGFDA28DA,88.82,0.0,12.74,無,1716.0,53.0
信義區,房地(土地+建物),忠孝東路五段４２３巷７６號,31.25,住,,,1130507,土地1建物1車位0,一層，平台,四層,公寓(5樓含以下無電梯),住家用,620430.0,96.82,3,3,2,有,無,28600000,295394.0,,0.0,0,其他增建；,RPWPMLNKOHJGFDA48DA,96.82,0.0,0.0,無,,51.0
信義區,房地(土地+建物),嘉興街１３５號三樓,32.25,住,,,1130512,土地1建物1車位0,三層，陽台,四層,公寓(5樓含以下無電梯),住家用,620712.0,84.7,3,2,1,有,無,17700000,208973.0,,0.0,0,,RPUPMLRKOHJGFDA68DA,84.7,0.0,0.0,無,,51.0
士林區,房地(土地+建物)+車位,中山北路七段８１巷１６弄９號三樓之１,20.24,住,,,1130512,土地1建物1車位1,三層,十五層,住宅大樓(11層含以上有電梯),住家用,1111115.0,184.38,3,2,2,有,有,43880000,256172.0,坡道平面,24.8,3000000,,RPPNMLMKNHJGFEA47DA,89.43,0.0,14.22,有,,1.0
北投區,房地(土地+建物),致遠一路一段４６巷３８之１號三樓,30.12,住,,,1130512,土地3建物1車位0,三層,五層,公寓(5樓含以下無電梯),住家用,700428.0,106.02,3,2,2,有,無,20000000,188644.0,,0.0,0,其他增建；,RPQNMLMKNHJGFEA57DA,93.35,0.0,10.97,無,,43.0
士林區,房地(土地+建物)+車位,中山北路七段８１巷１６弄５號三樓之１,19.24,住,,,1130502,土地1建物1車位1,三層,十五層,住宅大樓(11層含以上有電梯),住家用,1111115.0,176.42000000000002,3,2,2,有,有,41500000,241648.0,坡道平面,16.27,2800000,,RPVNMLLLNHJGFEA08DA,85.66,0.0,12.87,有,,1.0
北投區,房地(土地+建物)+車位,福美路１９０號九樓,47.81,住,,,1130510,土地1建物1車位1,九層,十三層,住宅大樓(11層含以上有電梯),住家用,1061114.0,195.38,4,2,2,有,有,39000000,199611.0,坡道平面,43.66,0,,RPRPMLOLNHJGFEA18DA,96.95,1.28,15.58,有,1720.0,6.0
士林區,房地(土地+建物),延平北路五段１６３巷３５弄２４之１號四樓,14.84,住,,,1130526,土地1建物1車位0,四層,五層,公寓(5樓含以下無電梯),住家用,720902.0,61.8,2,2,2,有,無,8500000,137540.0,,0.0,0,陽台外推；其他增建；,RPRNMLKMNHJGFEA67DA,46.41,0.0,10.49,無,1721.0,41.0
北投區,房地(土地+建物),榮華三路２４巷１弄４號三樓,30.75,住,,,1130502,土地1建物1車位0,三層,四層,公寓(5樓含以下無電梯),住家用,651220.0,91.56,3,2,1,有,無,19390000,211774.0,,0.0,0,其他增建；,RPPPMLMKOHJGFEA77DA,78.35,0.0,13.21,無,,47.0
大安區,房地(土地+建物),浦城街１２之１號三樓,32.62,住,,,1130513,土地1建物1車位0,三層，陽台,四層,公寓(5樓含以下無電梯),住家用,640730.0,96.08,3,2,1,有,無,28580000,297460.0,,0.0,0,陽台外推；其他增建；,RPSOMLMLNHJGFFA08DA,96.08,0.0,0.0,無,,49.0
大安區,房地(土地+建物),富陽街１６３巷８號五樓,28.49,住,,,1130505,土地1建物1車位0,五層,五層,公寓(5樓含以下無電梯),住家用,720526.0,92.36,3,2,2,有,無,19000000,205717.0,,0.0,0,陽台外推；頂樓加蓋；,RPVNMLOLNHJGFFA48DA,84.79,0.0,7.57,無,,41.0
大安區,房地(土地+建物),建國南路一段３０８號十二樓之７,6.09,住,,,1130519,土地2建物1車位0,十二層,十四層,住宅大樓(11層含以上有電梯),住家用,1070412.0,47.370000000000005,1,1,1,有,有,22680000,478784.0,,0.0,0,陽台外推；,RPWNMLKMNHJGFFA28DA,27.07,0.0,2.61,有,1724.0,6.0
大安區,房地(土地+建物),安和路一段９０巷３４號二樓,23.92,住,,,1130507,土地1建物1車位0,二層,七層,華廈(10層含以下有電梯),住家用,690725.0,129.96,3,2,2,有,有,39300000,302401.0,,0.0,0,其他增建；,RPQNMLMKOHJGFFA77DA,108.05,0.0,15.92,有,1725.0,44.0
內湖區,房地(土地+建物)+車位,安泰街８９號九樓之１,26.3,住,,,1130503,土地1建物1車位1,九層,十層,華廈(10層含以下有電梯),住家用,970619.0,164.45,3,2,2,有,有,25760000,185263.0,坡道平面,36.2,2000000,陽台外推；其他增建；,RPUNMLRKOHJGFCA48EA,74.67,5.25,9.9,有,1733.0,16.0
內湖區,房地(土地+建物)+車位,新明路４２８巷１號十八樓,12.11,住,,,1130516,土地1建物1車位1,十八層,二十層,住宅大樓(11層含以上有電梯),住家用,1080506.0,104.62,1,1,1,有,有,22800000,272081.0,坡道平面,30.01,2500000,,RPWNMLRKOHJGFCA68EA,40.1,3.95,3.71,有,1734.0,5.0
中山區,房地(土地+建物),吉林路２２巷２５號四樓,29.4,住,,,1130519,土地2建物1車位0,四層,七層,華廈(10層含以下有電梯),住家用,661104.0,196.51,4,2,4,有,有,40480000,205995.0,,0.0,0,陽台外推；,RPXNMLRKOHJGFCA78EA,165.45,0.0,13.26,有,,47.0
文山區,房地(土地+建物),興隆路三段１８５巷１１弄２號二樓,35.42,住,,,1130504,土地7建物1車位0,二層,五層,公寓(5樓含以下無電梯),住家用,720823.0,117.35,3,2,2,有,無,15000000,127823.0,,0.0,0,增建項目:前、後陽台其他增建；,RPOQMLLLNHJGFAA27DA,79.29,0.0,27.68,無,,41.0
文山區,房地(土地+建物)+車位,木柵路四段１５９巷１２弄６號五樓,71.4,住,,,1130519,土地1建物1車位1,五層,五層,華廈(10層含以下有電梯),住家用,1011129.0,178.03,2,2,2,有,無,35660000,200303.0,坡道平面,0.0,0,車位面積無法分算其他增建；,RPTNMLLMNHJGFAA57DA,93.19,6.22,10.93,有,1736.0,11.0
中正區,房地(土地+建物)+車位,汀州路三段６０巷２弄２號二樓,36.29,住,,,1130510,土地1建物1車位1,二層,十一層,住宅大樓(11層含以上有電梯),住家用,891031.0,155.35,3,2,2,有,有,40800000,262633.0,坡道平面,0.0,0,其他增建；,RPWNMLOJOHJGFAA97DA,69.38,3.08,10.11,有,,24.0
文山區,房地(土地+建物),光輝路４７巷７號三樓,26.47,住,,,1130517,土地2建物1車位0,三層,五層,公寓(5樓含以下無電梯),住家用,710722.0,105.46,3,2,1,有,無,14500000,137493.0,,0.0,0,,RPQNMLSKOHJGFAA87DA,88.72,0.0,8.22,無,1739.0,42.0
文山區,房地(土地+建物),仙岩路１６巷２８之１號七樓,24.73,住,,,1130504,土地1建物1車位0,七層,九層,華廈(10層含以下有電梯),住家用,841103.0,74.49000000000001,2,2,1,有,有,16600000,222849.0,,0.0,0,,RPTNMLSKOHJGFAA18DA,51.49,0.0,7.0,有,447.0,29.0
萬華區,房地(土地+建物),西園路二段３２０巷３６弄２３號,10.26,住,,,1130522,土地1建物1車位0,一層,五層,公寓(5樓含以下無電梯),住家用,601012.0,28.37,1,1,1,有,無,5190000,182940.0,,0.0,0,,RPXNMLSKOHJGFBA68DA,28.37,0.0,0.0,無,,53.0
內湖區,房地(土地+建物),內湖路一段３８７巷２弄１０號二樓,23.46,住,,,1130505,土地1建物1車位0,二層,五層,公寓(5樓含以下無電梯),住家用,701221.0,91.95,3,2,2,有,無,19800000,215334.0,,0.0,0,其他增建；,RPTNMLOLNHJGFCA97DA,82.56,0.0,9.39,無,,42.0
中山區,房地(土地+建物),新生北路一段２３號二樓之２,3.06,住,,,1130506,土地1建物1車位0,二層,十二層,住宅大樓(11層含以上有電梯),住家用,691231.0,36.47,1,1,1,有,有,8600000,235810.0,,0.0,0,,RPWNMLPJOHJGFCA28DA,27.08,0.0,3.45,有,,43.0
中山區,房地(土地+建物),興安街７８之１３號二樓,25.0,住,,,1130511,土地1建物1車位0,二層,四層,公寓(5樓含以下無電梯),住家用,590822.0,76.6,2,2,1,有,無,17600000,229765.0,,0.0,0,,RPUOMLNKOHJGFCA08DA,76.6,0.0,0.0,無,1747.0,54.0
內湖區,房地(土地+建物),康樂街７２巷１７弄１號五樓,28.72,住,,,1130513,土地3建物1車位0,五層,五層,公寓(5樓含以下無電梯),住家用,731115.0,102.44,4,4,2,有,無,15700000,153260.0,,0.0,0,陽台外推；頂樓加蓋；,RPXNMLOKOHJGFCA38DA,88.21,0.0,6.33,無,,39.0
內湖區,房地(土地+建物),金龍路１９４號五樓,28.75,住,,,1130516,土地1建物1車位0,五層,五層,公寓(5樓含以下無電梯),住家用,691208.0,103.76,5,0,5,有,無,17900000,172513.0,,0.0,0,頂樓加蓋2房2廳1衛陽台外推；頂樓加蓋；,RPXNMLQKOHJGFCA58DA,88.83,0.0,14.93,無,1749.0,43.0
中山區,房地(土地+建物),新生北路三段６１號六樓之１８,6.65,住,,,1130523,土地4建物1車位0,六層,九層,華廈(10層含以下有電梯),住家用,650907.0,46.06,1,1,1,有,有,11500000,249674.0,,0.0,0,陽台外推；,RPOOMLRKOHJGFCA87DA,35.83,0.0,3.57,有,,48.0
中山區,房地(土地+建物)+車位,建國北路三段７１號八樓,10.11,住,,,1130512,土地2建物1車位1,八層,十四層,住宅大樓(11層含以上有電梯),住家用,1041016.0,101.43,2,2,2,有,有,25280000,249236.0,坡道平面,26.39,0,夾層；,RPXOMLTKOHJGFCA98DA,44.11,3.32,0.0,有,1751.0,9.0
松山區,房地(土地+建物),民權東路三段１０３巷５弄３１號五樓之２,28.54,住,,,1130506,土地1建物1車位0,五層,七層,華廈(10層含以下有電梯),住家用,740326.0,117.74,3,2,2,有,有,30280000,257177.0,,0.0,0,,RPWNMLQKNHJGFDA48DA,80.81,0.0,11.07,有,,39.0
信義區,房地(土地+建物),大道路１１７號四樓,21.22,住,,,1130519,土地3建物1車位0,四層,五層,公寓(5樓含以下無電梯),住家用,721209.0,97.38,3,2,2,有,無,23000000,236188.0,,0.0,0,陽台外推；其他增建；,RPVPMLTKNHJGFDA88DA,81.08,0.0,13.96,無,,40.0
松山區,房地(土地+建物),敦化北路１９９巷１６弄２６號三樓,38.87,住,,,1130512,土地1建物1車位0,三層,七層,華廈(10層含以下有電梯),住家用,750714.0,141.08,3,2,2,有,有,47100000,333853.0,,0.0,0,陽台外推；其他增建；,RPTOMLTLNHJGFDA68DA,95.85,0.0,14.88,有,,38.0
信義區,房地(土地+建物),吳興街２６９巷１４號,30.75,住,,,1130511,土地1建物1車位0,一層，平台,四層,公寓(5樓含以下無電梯),住家用,610822.0,85.68,0,1,1,有,無,37700000,440009.0,,0.0,0,其他增建；,RPSNMLKMNHJGFDA67DA,85.68,0.0,0.0,無,,52.0
信義區,房地(土地+建物),信義路五段１５０巷３３０號二樓之５,6.63,住,,,1130510,土地1建物1車位0,二層,十三層,住宅大樓(11層含以上有電梯),住家用,980408.0,47.83,1,1,1,有,有,13280000,277650.0,,0.0,0,陽台外推；,RPVOMLRJOHJGFDA58DA,21.28,4.26,3.85,有,1753.0,15.0
信義區,房地(土地+建物)+車位,吳興街６００巷７６弄２２號四樓之３,25.01,住,,,1130511,土地1建物1車位1,四層,六層,華廈(10層含以下有電梯),住家用,1050301.0,133.57,2,2,1,有,有,21980000,200446.0,升降平面,34.89,2200000,其他增建；,RPXNMLLKOHJGFDA18DA,56.99,6.43,4.13,有,,8.0
信義區,房地(土地+建物),忠孝東路五段１６５巷３弄７號二樓,37.0,住,,,1130503,土地1建物1車位0,二層，陽臺,四層,公寓(5樓含以下無電梯),住家用,610322.0,104.53,4,2,1,有,無,29500000,282216.0,,0.0,0,其他增建；,RPOOMLMKOHJGFDA47DA,104.53,0.0,0.0,無,,52.0
北投區,房地(土地+建物)+車位,北投路一段７７號二樓之３,13.16,住,,,1130526,土地1建物1車位1,二層,十一層,住宅大樓(11層含以上有電梯),住家用,970331.0,115.51,2,2,1,有,有,24800000,257625.0,升降平面,28.95,2500000,陽台外推；,RPTNMLSLNHJGFEA58DA,50.06,5.52,4.62,有,1755.0,16.0
士林區,房地(土地+建物),文昌路１６號,20.5,住,,,1130531,土地1建物1車位0,三層,四層,公寓(5樓含以下無電梯),住家用,590303.0,75.66,3,2,1,有,無,13600000,179752.0,,0.0,0,陽台外推；,RPRNMLRJOHJGFEA18DA,75.66,0.0,0.0,無,,54.0
士林區,房地(土地+建物)+車位,中山北路六段２９０巷７弄３５號七樓,11.17,住,,,1130516,土地1建物1車位1,七層,七層,華廈(10層含以下有電梯),住家用,1120628.0,82.64,0,1,1,有,有,21000000,254114.0,塔式車位,26.5,0,,RPPPMLLKOHJGFEA67DA,30.77,0.0,4.47,有,1756.0,1.0
北投區,房地(土地+建物),吉利街１４９巷１３號三樓,10.26,住,,,1130509,土地1建物1車位0,三層,九層,華廈(10層含以下有電梯),住家用,1060120.0,46.959999999999994,1,1,1,有,有,11880000,252981.0,,0.0,0,夾層；,RPQNMLNKOHJGFEA77DA,19.75,5.14,2.35,有,1757.0,7.0
士林區,房地(土地+建物)+車位,承德路四段１巷２５號十二樓之１,22.5,住,,,1130512,土地1建物2車位1,十二層,十四層,住宅大樓(11層含以上有電梯),住家用,1040715.0,194.67,3,2,2,有,有,42880000,220270.0,坡道平面,37.79,0,,RPRNMLOKOHJGFEA97DA,91.38,6.84,6.22,有,,9.0
大安區,房地(土地+建物),和平東路三段３０８巷３９弄１９號四樓,49.25,住,,,1130522,土地1建物1車位0,四層,四層,公寓(5樓含以下無電梯),住家用,670224.0,104.76,6,3,3,有,無,28200000,269187.0,,0.0,0,頂樓加蓋；,RPWNMLRLNHJGFFA88DA,104.76,0.0,0.0,無,1759.0,46.0
大安區,房地(土地+建物)+車位,建國南路一段３３２之１號十二樓,18.16,住,,,1130522,土地2建物1車位1,十二層,十三層,住宅大樓(11層含以上有電梯),住家用,960130.0,136.14999999999998,2,2,2,有,有,47500000,363971.0,塔式車位,11.14,2000000,,RPWNMLTLNHJGFFA09DA,72.46,0.0,18.14,有,,17.0
大安區,房地(土地+建物),延吉街１７７號八樓,15.85,住,,,1130509,土地1建物1車位0,八層,十四層,住宅大樓(11層含以上有電梯),住家用,721130.0,168.29,3,2,2,有,有,54000000,320875.0,,0.0,0,陽台外推；其他增建；,RPQNMLKMNHJGFFA67DA,120.81,0.0,17.35,有,,40.0
中正區,房地(土地+建物),杭州南路一段１３１巷１６號三樓,38.0,住,,,1130516,土地1建物1車位0,三層，陽台,四層,公寓(5樓含以下無電梯),住家用,641231.0,108.19,3,2,2,有,無,31900000,294852.0,,0.0,0,,RPPNMLSKOHJGFBA97EA,108.19,0.0,0.0,無,,48.0
萬華區,房地(土地+建物),和平西路三段３８２巷１２弄３６號五樓,17.27,住,,,1130527,土地2建物1車位0,五層,五層,公寓(5樓含以下無電梯),住家用,650709.0,51.35,2,1,1,有,無,6900000,134372.0,,0.0,0,陽台外推；,RPUNMLTKOHJGFBA58EA,48.65,0.0,2.7,無,,48.0
中山區,房地(土地+建物),北安路８０５巷４弄９號四樓,27.83,住,,,1130518,土地2建物1車位0,四層,五層,公寓(5樓含以下無電梯),住家用,760525.0,116.64,3,2,2,有,無,20800000,178326.0,,0.0,0,,RPUNMLSKOHJGFCA58EA,99.87,0.0,10.69,無,,37.0
信義區,房地(土地+建物),松仁路２０２巷２弄３０號三樓,30.54,住,,,1130503,土地1建物1車位0,三層，陽台,四層,公寓(5樓含以下無電梯),住家用,640409.0,85.64,3,2,1,有,無,14000000,163475.0,,0.0,0,,RPPNMLSKOHJGFDA18EA,85.64,0.0,0.0,無,,49.0
信義區,房地(土地+建物),松隆路６８號三樓,22.5,住,,,1130519,土地1建物1車位0,三層,四層,公寓(5樓含以下無電梯),住家用,610825.0,83.35,3,2,1,有,無,19800000,237552.0,,0.0,0,,RPQNMLSKOHJGFDA28EA,83.35,0.0,0.0,無,,52.0
信義區,房地(土地+建物),吳興街６００巷７６弄２２號四樓,15.3,住,,,1130508,土地1建物1車位0,四層,六層,華廈(10層含以下有電梯),住家用,1050301.0,67.13,1,1,1,有,有,14040000,209146.0,,0.0,0,,RPPNMLTKOHJGFDA28EA,34.23,5.29,6.43,有,,8.0
文山區,房地(土地+建物)+車位,政大一街２１８號二樓之１,58.54,住,,,1130512,土地1建物1車位1,二層,五層,華廈(10層含以下有電梯),住家用,990205.0,165.22,3,2,2,有,有,27200000,198082.0,升降平面,36.99,1800000,其他增建；,RPRQMLLLNHJGFAA57DA,77.22,6.32,7.61,有,,14.0
文山區,房地(土地+建物)+車位,辛亥路四段１２８之１號六樓,36.52,,,,1130520,土地16建物1車位1,六層,十八層,住宅大樓(11層含以上有電梯),住家用,1060602.0,205.99,3,2,2,有,有,38500000,203576.0,坡道機械,24.24,1500000,,RPUOMLNLNHJGFAA87DA,100.44,0.0,18.89,有,,7.0
文山區,房地(土地+建物),辛亥路四段１０１巷８５之１０號四樓,22.67,住,,,1130511,土地1建物1車位0,四層,六層,華廈(10層含以下有電梯),住家用,810409.0,75.28,2,2,1,有,無,14580000,193677.0,,0.0,0,陽台外推；,RPWOMLOJOHJGFAA08DA,57.54,2.23,8.15,有,,32.0
萬華區,房地(土地+建物),東園街６６巷２１弄３１號,68.0,住,,,1130514,土地2建物1車位0,全,二層,透天厝,住家用,540530.0,93.27,3,2,2,有,無,22800000,244452.0,,0.0,0,2樓陽台外推、3樓增建其他增建；,RPPNMLSKNHJGFBA77DA,93.27,0.0,0.0,無,,59.0
內湖區,房地(土地+建物)+車位,文湖街２１巷８４號五樓,35.9,住,,,1130509,土地1建物1車位1,五層,九層,華廈(10層含以下有電梯),住家用,830818.0,141.17,2,2,2,有,有,26440000,187292.0,坡道平面,0.0,2500000,其他增建：前陽台外推。其他增建；,RPWNMLOKNHJGFCA18DA,74.65,0.63,8.77,有,,30.0
內湖區,房地(土地+建物)+車位,行善路１９７號三樓,38.88,住,,,1130504,土地2建物1車位1,三層,十五層,住宅大樓(11層含以上有電梯),住家用,1101125.0,234.51,4,2,3,有,有,69800000,329584.0,坡道平面,31.83,3000000,其他增建；,RPQPMLOLNHJGFCA87DA,120.77,0.0,10.93,有,1765.0,2.0
內湖區,房地(土地+建物),港華街５１巷２之１號四樓,29.13,住,,,1130505,土地1建物1車位0,四層,五層,公寓(5樓含以下無電梯),住家用,740726.0,80.32,4,0,4,有,無,16950000,211031.0,,0.0,0,陽台外推；,RPROMLNJOHJGFCA67DA,66.51,0.0,13.81,無,1766.0,39.0
內湖區,房地(土地+建物),康寧路三段１９０巷３５號二樓之１,19.42,住,,,1130516,土地1建物1車位0,二層,十二層,住宅大樓(11層含以上有電梯),住家用,970103.0,91.32,2,2,2,有,有,26850000,294021.0,,0.0,0,陽台外推；其他增建；,RPVOMLQJOHJGFCA38DA,49.67,7.61,4.46,有,1767.0,16.0
中山區,房地(土地+建物),建國北路一段２９號三樓之１,5.73,住,,,1130501,土地1建物1車位0,三層,十四層,住宅大樓(11層含以上有電梯),住家用,930416.0,41.54,2,1,1,有,有,11500000,276842.0,,0.0,0,夾層；,RPWNMLLKOHJGFCA97DA,25.53,1.4,2.2,有,,20.0
中山區,房地(土地+建物),明水路３９７巷７弄４５號十一樓,45.7,住,,,1130518,土地1建物1車位0,十一層,十五層,住宅大樓(11層含以上有電梯),住家用,820924.0,239.05,4,2,2,有,有,69000000,288643.0,,0.0,0,陽台外推；其他增建；,RPSOMLSKOHJGFCA38DA,180.02,0.0,21.48,有,,31.0
信義區,房地(土地+建物),基隆路二段７９巷３３弄４之３號,30.5,住,,,1130510,土地1建物1車位0,四層,四層,公寓(5樓含以下無電梯),住家用,571101.0,68.71,3,2,2,有,無,18300000,266337.0,,0.0,0,陽台外推；,RPPNMLSKNHJGFDA97DA,68.71,0.0,0.0,無,1768.0,56.0
南港區,房地(土地+建物),研究院路二段２０７號三樓,23.3,住,,,1130510,土地1建物1車位0,三層,五層,公寓(5樓含以下無電梯),住家用,720820.0,92.69,3,2,1,有,無,14000000,151041.0,,0.0,0,其他增建；,RPSPMLOLNHJGFDA18DA,73.07,0.0,10.79,無,,41.0
南港區,房地(土地+建物),中南街１２８號五樓,26.73,住,,,1130517,土地1建物1車位0,五層,五層,公寓(5樓含以下無電梯),住家用,770303.0,79.94,3,2,1,有,無,17680000,221166.0,,0.0,0,陽台外推；其他增建；,RPXOMLSLNHJGFDA98DA,68.25,0.0,7.39,無,,36.0
南港區,房地(土地+建物)+車位,成福路７４巷８號四樓之３,23.47,住,,,1130523,土地1建物1車位1,四層,七層,華廈(10層含以下有電梯),住家用,1060710.0,132.42000000000002,2,2,1,有,無,29200000,303864.0,坡道平面,45.21,2700000,,RPOPMLSLNHJGFDA18DA,45.45,4.19,4.83,有,,7.0
信義區,房地(土地+建物)+車位,光復南路４７３巷２３號五樓,33.8,住,,,1130507,土地1建物1車位1,五層,七層,華廈(10層含以下有電梯),住家用,750716.0,171.39,3,2,2,有,有,50800000,321082.0,坡道平面,25.01,3800000,陽台外推；,RPXPMLRKOHJGFDA98DA,146.49,0.0,16.66,有,,38.0
北投區,房地(土地+建物),中央北路四段３５４巷３３號五樓,26.39,住,,,1130526,土地1建物1車位0,五層,五層,公寓(5樓含以下無電梯),住家用,721116.0,118.02,3,2,1,有,無,11800000,99983.0,,0.0,0,其他增建；,RPSRMLQJOHJGFEA58DA,89.78,14.36,9.65,無,1773.0,41.0
北投區,房地(土地+建物)+車位,三合街一段８２巷１０３號三樓,16.22,住,,,1130526,土地1建物1車位1,三層,九層,華廈(10層含以下有電梯),住家用,1040708.0,128.74,2,2,1,有,有,23000000,246098.0,坡道平面,45.44,2500000,,RPWNMLSKOHJGFEA88DA,50.81,3.35,4.65,有,1774.0,9.0
士林區,房地(土地+建物),中正路４９９號十一樓,23.8,住,,,1130520,土地1建物1車位0,十一層,十六層,住宅大樓(11層含以上有電梯),住家用,751224.0,176.2,3,2,2,有,有,38000000,215664.0,,0.0,0,陽台外推；,RPUOMLSKOHJGFEA78DA,137.48,0.0,13.56,有,1775.0,37.0
大安區,房地(土地+建物),信義路三段１３４巷８０號十五樓,27.42,住,,,1130512,土地1建物1車位0,十五層,十八層,住宅大樓(11層含以上有電梯),住家用,750415.0,137.57,3,2,2,有,有,41500000,301665.0,,0.0,0,陽台外推；其他增建；,RPSOMLKMNHJGFFA97DA,97.18,0.55,13.23,有,,38.0
大安區,房地(土地+建物),仁愛路四段３００巷９弄２號七樓,36.98,住,,,1130504,土地1建物1車位0,七層,七層,華廈(10層含以下有電梯),住家用,730724.0,175.91,6,2,3,有,有,63850000,362970.0,,0.0,0,露臺增建頂樓加蓋；其他增建；,RPSNMLMKOHJGFFA97DA,140.86,17.85,8.6,有,,40.0
大安區,房地(土地+建物)+車位,永康街１７號六樓,27.46,住,,,1130524,土地1建物1車位2,六層,九層,華廈(10層含以下有電梯),住家用,1021231.0,176.64999999999998,2,2,2,有,有,63000000,356637.0,升降機械,30.64,0,,RPUNMLKLOHJGFFA08DA,73.95,8.52,7.44,有,,10.0
信義區,房地(土地+建物),虎林街１６４巷２７號四樓,22.6,住,,,1130515,土地1建物1車位0,四層,五層,公寓(5樓含以下無電梯),住家用,660620.0,97.82,3,2,1,有,無,19500000,199346.0,,0.0,0,,RPVNMLQKNHJGFDA48EA,84.7,0.0,13.12,無,,47.0
士林區,房地(土地+建物)+車位,故宮路３８之１號二樓,109.91,住,,,1130530,土地1建物1車位2,二層，三層,五層,公寓(5樓含以下無電梯),住家用,931213.0,280.75,4,2,3,有,有,39980000,142404.0,坡道平面,0.0,0,,RPRNMLMLNHJGFEA87EA,123.55,0.0,15.22,無,,19.0
士林區,房地(土地+建物),士東路１２０巷２０弄１３號五樓,14.44,住,,,1130505,土地1建物1車位0,五層,五層,公寓(5樓含以下無電梯),住家用,731212.0,96.36,5,3,2,有,無,20960000,217518.0,,0.0,0,頂樓加蓋；,RPTNMLSKOHJGFEA68EA,77.97,0.0,10.48,無,1782.0,39.0
北投區,房地(土地+建物),知行路３１６巷２２弄４號二樓,23.18,住,,,1130513,土地1建物1車位0,二層,五層,公寓(5樓含以下無電梯),住家用,710724.0,81.3,3,2,1,有,無,14500000,178352.0,,0.0,0,陽台外推；,RPQNMLKLOHJGFEA67EA,69.35,0.0,11.95,無,,42.0
大安區,房地(土地+建物),和平東路二段２６５巷２５弄６號,25.33,住,,,1130527,土地1建物1車位0,一層,十七層,住宅大樓(11層含以上有電梯),住家用,740522.0,129.25,3,2,2,有,有,31700000,245280.0,,0.0,0,,RPPNMLSKOHJGFFA38EA,97.03,10.87,0.0,有,,
文山區,房地(土地+建物),辛亥路五段１２２號四樓,39.75,住,,,1130503,土地2建物1車位0,四層,五層,公寓(5樓含以下無電梯),住家用,740213.0,133.03,4,2,2,有,無,14080000,105841.0,,0.0,0,其他增建；,RPRNMLTKNHJGFAA97DA,105.11,0.0,17.08,無,,39.0
文山區,房地(土地+建物),一壽街６８號六樓,26.63,住,,,1130503,土地1建物1車位0,六層,八層,華廈(10層含以下有電梯),住家用,820504.0,93.95,2,2,1,有,有,18000000,191571.0,,0.0,0,陽台外推；其他增建；,RPQOMLOLNHJGFAA57DA,76.87,1.56,5.82,有,,31.0
大同區,房地(土地+建物),歸綏街９７巷８號二樓之３,8.55,住,,,1130520,土地1建物1車位0,二層,七層,華廈(10層含以下有電梯),住家用,841030.0,37.32,1,1,1,有,有,8500000,227760.0,,0.0,0,其他增建；,RPPQMLNJOHJGFBA57DA,23.02,1.0,3.45,有,,29.0
內湖區,房地(土地+建物)+車位,文德路２７１號三樓,36.95,住,,,1130518,土地2建物1車位1,三層,十一層,住宅大樓(11層含以上有電梯),住家用,961130.0,215.83,4,2,2,有,有,48200000,223324.0,坡道平面,34.44,0,其他增建；,RPVNMLKMNHJGFCA87DA,118.44,6.33,6.13,有,,16.0
中山區,房地(土地+建物),復興北路２２２號十二樓之２,27.36,住,,,1130508,土地1建物1車位0,十二層,十三層,住宅大樓(11層含以上有電梯),住家用,750314.0,131.52,3,2,2,有,有,32220000,244982.0,,0.0,0,其他增建；,RPQOMLRJOHJGFCA97DA,102.21,0.21,6.51,有,,38.0
內湖區,房地(土地+建物)+車位,港華街５１巷８弄１８號四樓之５,16.41,住,,,1130526,土地1建物1車位2,四層,九層,華廈(10層含以下有電梯),住家用,971017.0,130.76,2,2,2,有,有,31150000,238223.0,升降機械,31.54,0,陽台外推；其他增建；,RPXOMLRJOHJGFCA68DA,66.45,8.25,5.41,有,1791.0,16.0
內湖區,房地(土地+建物)+車位,東湖路１１３巷９２號三樓,47.23,住,,,1130518,土地1建物1車位1,三層，四層,六層,華廈(10層含以下有電梯),住家用,800729.0,215.59,4,2,2,有,無,35000000,162345.0,升降平面,57.87,0,陽台外推；其他增建；,RPUOMLLKOHJGFCA87DA,128.66,13.19,15.87,有,1792.0,33.0
信義區,房地(土地+建物),吳興街２８１巷１１弄７號三樓,29.75,住,,,1130519,土地1建物1車位0,三層，陽臺,四層,公寓(5樓含以下無電梯),住家用,610822.0,83.9,3,2,1,有,無,17500000,208582.0,,0.0,0,陽台外推；,RPPNMLLLNHJGFDA37DA,83.9,0.0,0.0,無,,52.0
南港區,房地(土地+建物),南深路３３號四樓之３,12.84,住,,,1130523,土地1建物1車位0,四層,十層,華廈(10層含以下有電梯),住家用,880316.0,37.11,1,1,1,有,有,6670000,179736.0,,0.0,0,,RPPOMLNKOHJGFDA67DA,24.62,0.0,3.88,有,,25.0
信義區,房地(土地+建物),福德街２５１巷６弄１號,29.0,住,,,1130522,土地1建物1車位0,一層，平台,四層,公寓(5樓含以下無電梯),住家用,640127.0,81.06,3,2,2,有,無,17750000,218974.0,,0.0,0,,RPRNMLPKOHJGFDA97DA,81.06,0.0,0.0,無,,49.0
信義區,房地(土地+建物),和平東路三段３９１巷７弄２６號,20.25,住,,,1130522,土地1建物1車位0,一層，露台,四層,公寓(5樓含以下無電梯),住家用,,59.55,2,2,2,有,無,16800000,282116.0,,0.0,0,,RPSOMLKLOHJGFDA77DA,59.55,0.0,0.0,無,1795.0,
信義區,房地(土地+建物),吳興街５８９號三樓,26.79,住,,,1130514,土地1建物1車位0,三層,七層,華廈(10層含以下有電梯),住家用,791212.0,148.52,4,2,2,有,有,25800000,173702.0,,0.0,0,,RPPNMLLLOHJGFDA47DA,101.97,4.2,12.47,有,,33.0
北投區,房地(土地+建物),自強街６１巷５弄７號五樓,27.96,住,,,1130519,土地2建物1車位0,五層,五層,公寓(5樓含以下無電梯),住家用,730322.0,125.26,4,2,2,有,無,19600000,156475.0,,0.0,0,陽台外推；頂樓加蓋；其他增建；,RPWOMLTLNHJGFEA09DA,99.28,0.0,10.61,無,,40.0
北投區,房地(土地+建物),致遠一路二段１２巷５弄７號,22.44,住,,,1130512,土地1建物1車位0,一層，騎樓,五層,華廈(10層含以下有電梯),住家用,600913.0,88.84,1,2,1,有,有,17900000,201486.0,,0.0,0,其他增建；,RPROMLLMNHJGFEA87DA,56.8,0.0,0.0,有,1796.0,53.0
北投區,房地(土地+建物)+車位,中央北路四段５４１巷９號十四樓,19.85,住,,,1130519,土地1建物1車位1,十四層,十八層,住宅大樓(11層含以上有電梯),住家用,1101216.0,138.31,2,1,1,有,有,25530000,235106.0,坡道平面,41.63,2800000,,RPRNMLOJOHJGFEA87DA,53.32,1.77,8.03,有,1797.0,2.0
士林區,房地(土地+建物),前港街１００巷１號,39.3,住,,,1130507,土地1建物1車位0,一層,五層,公寓(5樓含以下無電梯),住家用,690606.0,142.14,3,2,2,有,無,24680000,173632.0,,0.0,0,其他增建；,RPQRMLQJOHJGFEA38DA,123.55,18.59,0.0,無,,44.0
北投區,房地(土地+建物)+車位,中和街３６６號十八樓之２,34.54,,,,1130531,土地1建物1車位1,十八層，電梯樓梯間,十九層,住宅大樓(11層含以上有電梯),住家用,870624.0,171.73,3,2,2,有,有,20750000,120829.0,坡道平面,0.0,0,陽台外推；其他增建；,RPQOMLSKOHJGFEA38DA,105.13,20.01,13.87,有,,26.0
大安區,房地(土地+建物)+車位,仁愛路三段１４３巷１２號三樓,32.68,住,,,1130526,土地1建物1車位2,三層,六層,華廈(10層含以下有電梯),住家用,891219.0,153.51999999999998,2,2,2,有,無,48000000,312663.0,升降機械,0.0,5000000,陽台外推；其他增建；,RPPNMLPKOHJGFFA97DA,72.0,0.78,5.71,有,1799.0,23.0
文山區,房地(土地+建物),景興路４２巷８弄１０號,35.61,住,,,1130513,土地1建物1車位0,一層，平台,四層,公寓(5樓含以下無電梯),住家用,640419.0,95.71,3,2,1,有,無,21000000,219413.0,,0.0,0,,RPPNMLKLOHJGFAA17EA,95.71,0.0,0.0,無,,49.0
北投區,房地(土地+建物),中和街３８２巷１號二樓,45.5,住,,,1130513,土地1建物1車位0,二層,二層,公寓(5樓含以下無電梯),住家用,620116.0,63.35,2,2,1,有,無,13990000,220837.0,,0.0,0,頂樓加蓋；,RPPNMLLLOHJGFEA67EA,63.35,0.0,0.0,無,,51.0
大安區,房地(土地+建物),臥龍街１９９號二樓,23.35,住,,,1130518,土地1建物1車位0,二層,五層,公寓(5樓含以下無電梯),住家用,710702.0,88.05,3,2,2,有,無,15450000,175468.0,,0.0,0,,RPPNMLKLOHJGFFA67EA,79.09,0.0,8.96,無,,42.0
文山區,房地(土地+建物),樟新街３２巷１號四樓之１,7.44,住,,,1130511,土地1建物1車位0,四層,十六層,住宅大樓(11層含以上有電梯),住家用,831221.0,37.6,1,1,1,有,有,7700000,204787.0,,0.0,0,陽台外推；,RPQNMLLKNHJGFAA07DA,27.65,0.0,2.45,有,,29.0
文山區,房地(土地+建物),木柵路一段５９巷７弄４號五樓,43.69,住,,,1130505,土地1建物1車位0,五層,五層,公寓(5樓含以下無電梯),住家用,701223.0,135.14,4,2,2,有,無,16450000,121726.0,,0.0,0,陽台外推；頂樓加蓋；其他增建；,RPROMLOKNHJGFAA57DA,109.92,0.0,16.02,無,,42.0
文山區,房地(土地+建物)+車位,景豐街７０號十三樓,38.83,住,,,1130512,土地1建物1車位1,十三層,十四層,住宅大樓(11層含以上有電梯),住家用,951123.0,191.37,3,2,2,有,有,42000000,252896.0,坡道平面,35.97,2700000,,RPPOMLKLNHJGFAA07DA,101.53,0.0,10.24,有,1804.0,17.0
文山區,房地(土地+建物),辛亥路四段７７巷９２弄９號四樓之１０,35.22,住,,,1130504,土地3建物1車位0,四層,十四層,住宅大樓(11層含以上有電梯),住家用,920922.0,53.03,0,1,1,有,有,12120000,228550.0,,0.0,0,本案與申報書序號A2AF11305270001-1並同申報,RPRNMLRLNHJGFAA87DA,34.47,0.0,3.33,有,,21.0
文山區,房地(土地+建物),仙岩路２２巷２３號十四樓,24.69,住,,,1130519,土地1建物1車位0,十四層,十六層,住宅大樓(11層含以上有電梯),住家用,840411.0,114.86,2,2,2,有,有,23880000,207905.0,,0.0,0,陽台外推；其他增建；,RPPOMLRLNHJGFAA77DA,70.63,2.03,11.69,有,,29.0
文山區,房地(土地+建物),指南路二段４５巷８弄６號四樓,34.25,住,,,1130518,土地1建物1車位0,四層，陽台,四層,公寓(5樓含以下無電梯),住家用,650510.0,84.88,3,2,1,有,無,13350000,157281.0,,0.0,0,陽台外推；其他增建；,RPXNMLLMNHJGFAA97DA,84.88,0.0,0.0,無,,48.0
中正區,房地(土地+建物),汀州路二段３３９號四樓,15.88,住,,,1130512,土地1建物1車位0,四層,四層,公寓(5樓含以下無電梯),住家用,,48.14,2,1,1,有,無,12190000,253220.0,,0.0,0,,RPUNMLLKOHJGFAA57DA,48.14,0.0,0.0,無,1805.0,
文山區,房地(土地+建物),忠順街一段２６巷２６弄１０號三樓,27.12,住,,,1130519,土地1建物1車位0,三層，陽台,四層,公寓(5樓含以下無電梯),住家用,650429.0,74.09,3,1,1,有,無,12500000,168714.0,,0.0,0,陽台外推；,RPPNMLTKOHJGFAA87DA,74.09,0.0,0.0,無,1806.0,48.0
文山區,房地(土地+建物),辛亥路七段８４巷２４號二樓,36.5,住,,,1130505,土地1建物1車位0,二層,四層,公寓(5樓含以下無電梯),住家用,670816.0,91.62,2,2,1,有,無,13980000,152587.0,,0.0,0,,RPPOMLTKOHJGFAA97DA,78.54,0.0,13.08,無,,46.0
中正區,房地(土地+建物)+車位,詔安街８８號五樓,26.76,住,,,1130502,土地1建物1車位1,五層,十一層,住宅大樓(11層含以上有電梯),住家用,1060218.0,136.07999999999998,3,2,2,有,有,33000000,242504.0,塔式車位,23.13,0,陽台外推；其他增建；,RPSOMLTKOHJGFAA28DA,58.24,8.29,7.27,有,1807.0,7.0
中正區,房地(土地+建物)+車位,臨沂街３２巷２號三樓之１,10.29,住,,,1130515,土地1建物1車位1,三層,七層,華廈(10層含以下有電梯),住家用,1040206.0,65.66,1,1,1,有,有,21680000,431012.0,塔式車位,20.0,2000000,塔式車位位於地下一樓陽台外推；夾層；其他增建；,RPVPMLQJOHJGFBA38DA,19.52,0.94,3.88,有,1808.0,9.0
萬華區,房地(土地+建物)+車位,環河南路一段１０１號三樓之２,33.17,住,,,1130506,土地1建物1車位2,三層,二十三層,住宅大樓(11層含以上有電梯),住家用,1031107.0,235.76,4,2,2,有,有,37880000,201644.0,坡道平面,72.7,5000000,,RPSNMLLLOHJGFBA57DA,106.16,0.0,5.56,有,1810.0,9.0
中山區,房地(土地+建物)+車位,民生東路二段１１５巷８號三樓,34.61,住,,,1130512,土地1建物1車位1,三層,十三層,住宅大樓(11層含以上有電梯),住家用,1101201.0,241.45,3,2,3,有,有,69220000,321318.0,坡道平面,37.54,3700000,,RPWNMLLMNHJGFCA08DA,123.96,8.0,13.0,有,,2.0
中山區,房地(土地+建物),建國北路一段１５０號七樓之８,6.57,住,,,1130518,土地1建物1車位0,七層,十三層,住宅大樓(11層含以上有電梯),住家用,990318.0,50.56,1,1,1,有,有,15900000,314478.0,,0.0,0,陽台外推；其他增建；,RPWOMLPJOHJGFCA38DA,25.47,3.76,4.19,有,,14.0
中山區,房地(土地+建物)+車位,明水路３９７巷７弄５９號十樓之１,36.87,住,,,1130504,土地1建物1車位1,十層,十三層,住宅大樓(11層含以上有電梯),住家用,821223.0,192.58999999999995,3,2,2,有,有,50200000,306772.0,坡道平面,37.1,2500000,陽台外推；其他增建；,RPPNMLTJOHJGFCA97DA,155.05,3.44,17.9,有,1813.0,30.0
中山區,房地(土地+建物),大直街２０巷３２號四樓,31.6,住,,,1130516,土地1建物1車位0,四層,五層,公寓(5樓含以下無電梯),住家用,700217.0,111.35,3,2,2,有,無,27000000,242479.0,,0.0,0,,RPQNMLKLOHJGFCA37DA,92.17,0.0,19.18,無,,43.0
信義區,房地(土地+建物),福德街２１７號四樓,23.75,住,,,1130515,土地1建物1車位0,四層，陽台,四層,公寓(5樓含以下無電梯),住家用,650113.0,72.57,3,2,2,有,無,15200000,209453.0,,0.0,0,其他增建；,RPVPMLNLNHJGFDA38DA,72.57,0.0,0.0,無,,48.0
信義區,房地(土地+建物),松山路５４１巷１６號三樓之１,22.22,住,,,1130527,土地4建物1車位0,三層,七層,華廈(10層含以下有電梯),住家用,710429.0,126.17,4,2,2,有,無,24500000,194182.0,,0.0,0,,RPXOMLRKOHJGFDA88DA,95.34,0.0,13.91,有,,42.0
士林區,房地(土地+建物),華齡街４０巷１弄６號三樓,28.0,住,,,1130515,土地1建物1車位0,三層,四層,公寓(5樓含以下無電梯),住家用,601220.0,76.32,3,2,2,有,無,15700000,205713.0,,0.0,0,陽台外推；其他增建；,RPTOMLPKNHJGFEA28DA,76.32,0.0,0.0,無,,52.0
士林區,房地(土地+建物)+車位,菁山路７２巷２５號四樓,40.92,住,,,1130519,土地3建物1車位1,四層,四層,華廈(10層含以下有電梯),住家用,1100308.0,78.99000000000001,2,1,1,有,無,18300000,231675.0,坡道機械,0.0,0,陽台外推；,RPVOMLOLNHJGFEA48DA,44.17,0.72,3.96,有,,3.0
士林區,建物,社子街９８巷５號二樓,0.0,,,,1130504,土地0建物1車位0,二層，陽台,四層,公寓(5樓含以下無電梯),住家用,640205.0,107.58,3,2,1,有,無,7200000,66927.0,,0.0,0,建物坐落地號：永新段二小段256-1地號；陽台外推；其他增建；,RPQOMLRLNHJGFEA28DA,107.58,0.0,0.0,無,,49.0
士林區,房地(土地+建物),中山北路七段１１４巷６０弄２４號五樓,35.81,住,,,1130520,土地1建物1車位0,五層,五層,公寓(5樓含以下無電梯),住家用,760824.0,130.29999999999998,2,2,1,有,有,20400000,156562.0,,0.0,0,頂樓加蓋；,RPUOMLTLNHJGFEA88DA,111.12,0.0,10.59,無,1819.0,37.0
北投區,房地(土地+建物)+車位,中山北路七段２１９巷３弄２８０號六樓之３,57.8,住,,,1130504,土地1建物1車位1,六層,七層,華廈(10層含以下有電梯),住家用,960824.0,129.69,2,2,2,有,有,24300000,187370.0,坡道機械,16.11,0,其他增建；,RPXOMLLMNHJGFEA48DA,75.88,2.8,9.03,有,,17.0
北投區,房地(土地+建物),致遠一路二段７０巷１弄７號四樓,35.75,住,,,1130505,土地1建物1車位0,四層,四層,公寓(5樓含以下無電梯),住家用,670112.0,82.51,3,2,2,有,無,19000000,230275.0,,0.0,0,頂樓加蓋；其他增建；,RPOOMLQJOHJGFEA87DA,73.31,0.0,9.2,無,1821.0,46.0
士林區,房地(土地+建物),中山北路七段１１４巷５１弄６號五樓,32.84,住,,,1130503,土地1建物1車位0,五層,七層,華廈(10層含以下有電梯),住家用,691204.0,157.48000000000002,3,2,2,有,無,23180000,147193.0,,0.0,0,陽台外推；其他增建；,RPVOMLSKOHJGFEA88DA,109.34,0.0,29.4,有,,43.0
士林區,房地(土地+建物),通河街２５號,39.45,住,,,1130509,土地1建物2車位0,一層,八層,華廈(10層含以下有電梯),住家用,1011112.0,158.14,4,0,2,有,有,47000000,297205.0,,0.0,0,陽台外推；其他增建；含租約；,RPOOMLKLOHJGFEA47DA,98.11,0.0,5.06,有,,11.0
士林區,房地(土地+建物),延平北路五段２８５巷８０號二樓,20.08,住,,,1130517,土地1建物1車位0,二層,五層,公寓(5樓含以下無電梯),住家用,690505.0,76.65,2,2,1,有,無,14800000,193085.0,,0.0,0,其他增建；,RPPNMLLLOHJGFEA57DA,67.65,0.0,9.0,無,1822.0,44.0
北投區,房地(土地+建物)+車位,石牌路二段３１５巷３４弄２７之１號七樓,17.75,住,,,1130510,土地3建物2車位1,七層,七層,華廈(10層含以下有電梯),住家用,830722.0,107.28,2,1,1,有,有,16800000,156600.0,升降平面,0.0,0,陽台、露台增建其他增建；,RPSNMLLLOHJGFEA87DA,39.53,10.33,4.65,有,,30.0
大安區,房地(土地+建物)+車位,四維路７６巷９號三樓,31.28,住,,,1130517,土地1建物1車位1,三層,十四層,住宅大樓(11層含以上有電梯),住家用,840915.0,193.48,3,2,2,有,有,55800000,288402.0,坡道平面,0.0,0,,RPUNMLLLOHJGFFA18DA,100.59,1.85,11.38,有,,29.0
士林區,房地(土地+建物)+車位,重慶北路四段２２２號十三樓之１,13.25,住,,,1130524,土地2建物1車位1,十三層,十四層,住宅大樓(11層含以上有電梯),住家用,1060413.0,103.54,1,1,1,有,有,19500000,188315.0,其他,18.93,0,,RPRNMLLLOHJGFEA87EA,47.25,4.59,4.44,有,1825.0,7.0
文山區,房地(土地+建物),樟新街８巷７號四樓,34.67,住,,,1130519,土地1建物1車位0,四層,七層,華廈(10層含以下有電梯),住家用,821223.0,115.11,3,2,1,有,無,24280000,210929.0,,0.0,0,陽台外推；其他增建；,RPWNMLNJOHJGFAA87DA,80.42,3.2,9.33,有,,30.0
文山區,房地(土地+建物),興隆路二段２５５號五樓,13.67,住,,,1130519,土地1建物1車位0,五層,九層,華廈(10層含以下有電梯),住家用,1080628.0,61.55,2,1,1,有,有,14800000,240455.0,,0.0,0,夾層；,RPUNMLRJOHJGFAA08DA,26.72,9.57,2.13,有,1828.0,5.0
中正區,房地(土地+建物)+車位,齊東街５４號三樓,23.4,住,,,1130514,土地1建物1車位1,三層,五層,華廈(10層含以下有電梯),住家用,880826.0,97.79,2,2,1,有,無,32300000,330300.0,升降機械,0.0,0,陽台外推；,RPVNMLOLNHJGFBA08DA,43.66,0.0,8.95,有,,25.0
大同區,房地(土地+建物)+車位,民族西路２２５巷７弄１號六樓,25.66,住,,,1130503,土地1建物1車位1,六層,七層,華廈(10層含以下有電梯),住家用,771215.0,143.5,3,2,2,有,有,29000000,202091.0,坡道平面,0.0,0,,RPOOMLKLOHJGFBA17DA,123.18,0.0,12.43,有,,35.0
內湖區,房地(土地+建物)+車位,康寧路三段７５巷２１７之３號四樓,31.37,住,,,1130505,土地1建物1車位1,四層,四層,公寓(5樓含以下無電梯),住家用,840923.0,84.86,2,2,1,有,有,14280000,168277.0,坡道機械,0.0,0,陽台外推；頂樓加蓋；夾層；其他增建；,RPUOMLNLNHJGFCA08DA,37.09,14.4,4.24,無,1832.0,29.0
中山區,房地(土地+建物),民權東路二段１３５巷３２號四樓,18.62,住,,,1130516,土地1建物1車位0,四層,十層,華廈(10層含以下有電梯),住家用,1030926.0,96.16,2,2,2,有,有,26700000,277662.0,,0.0,0,陽台外推；,RPQQMLNLNHJGFCA87DA,46.22,9.2,5.64,有,1833.0,10.0
內湖區,房地(土地+建物)+車位,星雲街１６８巷２３號十樓,30.57,住,,,1130517,土地1建物1車位1,十層,十三層,住宅大樓(11層含以上有電梯),住家用,841116.0,169.74,2,2,2,有,有,33820000,199246.0,坡道平面,0.0,2500000,陽台外推；,RPOOMLQKOHJGFCA77DA,91.68,4.95,10.31,有,,29.0
內湖區,房地(土地+建物)+車位,民權東路六段４６７號四樓之２,52.28,住,,,1130525,土地2建物1車位1,四層,十四層,住宅大樓(11層含以上有電梯),住家用,970916.0,278.39,4,2,2,有,有,73000000,274424.0,坡道平面,23.31,3000000,,RPRNMLKLOHJGFCA47DA,160.85,7.78,12.07,有,1834.0,16.0
信義區,房地(土地+建物),和平東路三段３９１巷７弄２８號三樓,20.25,住,,,1130505,土地1建物1車位0,三層，陽台,四層,公寓(5樓含以下無電梯),住家用,,59.55,2,2,1,有,無,15200000,255248.0,,0.0,0,陽台外推；,RPSOMLKLNHJGFDA67DA,59.55,0.0,0.0,無,1836.0,
南港區,房地(土地+建物)+車位,松河街７７０號三樓之１,28.73,住,,,1130526,土地1建物1車位1,三層,七層,華廈(10層含以下有電梯),住家用,981207.0,123.3,2,2,1,有,有,25880000,209895.0,坡道平面,18.19,0,陽台外推；其他增建；,RPSOMLMKOHJGFDA87DA,52.03,6.65,6.67,有,,14.0
信義區,房地(土地+建物),信安街３號四樓,26.12,住,,,1130513,土地1建物1車位0,四層，陽台,四層,公寓(5樓含以下無電梯),住家用,651115.0,89.75,3,1,2,有,無,14550000,162117.0,,0.0,0,頂樓加蓋；,RPQNMLLLOHJGFDA57DA,89.75,0.0,0.0,無,1838.0,47.0
信義區,房地(土地+建物),信義路六段１２６號三樓之４,26.3,住,,,1130531,土地3建物1車位0,三層，陽台,四層,公寓(5樓含以下無電梯),住家用,611221.0,99.32,4,2,2,有,無,21500000,216472.0,,0.0,0,陽台外推；,RPOOMLLLOHJGFDA47DA,99.32,0.0,0.0,無,,51.0
松山區,房地(土地+建物),光復南路２２巷２６號二樓,34.75,住,,,1130519,土地1建物1車位0,二層,四層,公寓(5樓含以下無電梯),住家用,581114.0,93.14,3,2,2,有,無,26000000,279150.0,,0.0,0,陽台外推；,RPUNMLOLOHJGFDA28DA,93.14,0.0,0.0,無,,55.0
信義區,房地(土地+建物),虎林街２４２巷２８號四樓,29.92,住,,,1130524,土地3建物1車位0,四層,五層,公寓(5樓含以下無電梯),住家用,700409.0,112.32,3,2,1,有,無,23500000,209224.0,,0.0,0,,RPROMLOLOHJGFDA08DA,97.57,0.0,14.75,無,,43.0
士林區,房地(土地+建物),劍潭路７８號四樓,37.25,住,,,1130513,土地1建物1車位0,四層,四層,公寓(5樓含以下無電梯),住家用,600410.0,105.37,4,2,2,有,無,22000000,208788.0,,0.0,0,頂樓加蓋；其他增建；,RPXOMLOLNHJGFEA68DA,105.37,0.0,0.0,無,,53.0
士林區,房地(土地+建物),通河東街一段１３６巷４號四樓,29.02,住,,,1130511,土地1建物1車位0,四層,五層,公寓(5樓含以下無電梯),住家用,681128.0,109.33,3,2,2,有,無,17360000,158785.0,,0.0,0,陽台外推；其他增建；,RPVOMLTLNHJGFEA98DA,90.53,0.0,18.8,無,,44.0
北投區,房地(土地+建物)+車位,中和街３９８巷５弄６之１號,80.13,住,,,1130527,土地4建物1車位1,一層，二層,十層,公寓(5樓含以下無電梯),住家用,840622.0,168.72,4,2,2,有,有,23000000,136321.0,坡道平面,0.0,2500000,其他增建；,RPPOMLLMNHJGFEA67DA,105.7,5.8,6.0,無,,29.0
北投區,房地(土地+建物),清江路２０１號四樓,32.88,住,,,1130525,土地1建物1車位0,四層,四層,公寓(5樓含以下無電梯),住家用,670529.0,98.32,3,2,1,有,無,15500000,157648.0,,0.0,0,頂樓加蓋；,RPRNMLLJOHJGFEA57DA,81.11,0.0,17.21,無,,46.0
北投區,房地(土地+建物),文化三路１９號五樓,53.55,住,,,1130518,土地1建物1車位0,五層,五層,公寓(5樓含以下無電梯),住家用,821209.0,147.92000000000002,3,2,2,有,有,17050000,115265.0,,0.0,0,其他增建；,RPTNMLLJOHJGFEA77DA,97.88,0.0,9.07,無,,30.0
北投區,房地(土地+建物)+車位,石牌路二段３１５巷６之２號,45.78,住,,,1130512,土地1建物1車位5,一層,五層,公寓(5樓含以下無電梯),住家用,860522.0,183.16,3,3,2,有,無,28000000,152872.0,升降機械,0.0,0,陽台外推；夾層；其他增建；,RPQNMLLLOHJGFEA67DA,72.39,0.0,11.06,無,,27.0
大安區,房地(土地+建物)+車位,安和路二段３２巷３１號六樓之２,12.34,住,,,1130519,土地1建物1車位1,六層,七層,華廈(10層含以下有電梯),住家用,1100317.0,66.72,1,1,1,有,有,24000000,381612.0,塔式車位,10.38,2500000,,RPPNMLQLNHJGFFA08DA,26.01,5.27,2.48,有,1839.0,3.0
大安區,房地(土地+建物),安和路二段６０號十一樓之１,27.54,住,,,1130502,土地2建物1車位0,十一層,十九層,住宅大樓(11層含以上有電梯),住家用,680919.0,280.28999999999996,0,0,0,無,有,67000000,239038.0,,0.0,0,,RPQNMLRKOHJGFFA28DA,220.74,0.0,11.4,有,,45.0
中正區,房地(土地+建物),金山南路一段１１０巷４１號二樓,50.6,住,,,1130525,土地1建物1車位0,二層,五層,華廈(10層含以下有電梯),住家用,580509.0,160.73,4,2,2,有,有,41616000,258919.0,,0.0,0,廚房位置外推其他增建；,RPPNMLOLOHJGFBA67EA,151.54,0.0,0.0,有,,55.0
中山區,房地(土地+建物),龍江路２７１巷５號二樓,26.17,住,,,1130525,土地2建物1車位0,二層,七層,華廈(10層含以下有電梯),住家用,721017.0,138.82,4,2,2,有,無,33000000,237718.0,,0.0,0,,RPQOMLLLOHJGFCA67EA,115.47,0.0,16.38,有,1841.0,41.0
南港區,房地(土地+建物),昆陽街５９巷２弄２２號四樓,35.75,住,,,1130505,土地1建物1車位0,四層,四層,公寓(5樓含以下無電梯),住家用,610601.0,73.46,3,2,1,有,無,17880000,243398.0,,0.0,0,頂樓加蓋；其他增建；,RPQNMLOLOHJGFDA97EA,73.46,0.0,0.0,無,,52.0
士林區,房地(土地+建物),大亨路６巷２０號,117.89,住,,,1130516,土地3建物1車位0,一層,三層,公寓(5樓含以下無電梯),住家用,550727.0,112.23,3,2,1,有,有,16000000,142564.0,,0.0,0,,RPSNMLOLOHJGFEA28EA,112.23,0.0,0.0,無,,58.0
大安區,房地(土地+建物),和平東路二段３１１巷４３弄１７號五樓,24.93,住,,,1130505,土地1建物1車位0,五層,十七層,住宅大樓(11層含以上有電梯),住家用,740522.0,127.07,3,2,2,有,有,32800000,258125.0,,0.0,0,,RPPNMLTKOHJGFFA48EA,95.35,1.8,9.07,有,1843.0,39.0
文山區,房地(土地+建物),福興路４巷１５弄２９號四樓,32.09,住,,,1130521,土地2建物1車位0,四層,四層,公寓(5樓含以下無電梯),住家用,680516.0,85.36,3,2,1,有,無,11250000,131795.0,,0.0,0,,RPRNMLMLNHJGFAA37DA,72.86,0.0,12.5,無,,45.0
中正區,房地(土地+建物),金華街３２巷２弄４號二樓,34.4,住,,,1130519,土地4建物1車位0,二層,七層,華廈(10層含以下有電梯),住家用,730426.0,150.05,3,2,2,有,有,39000000,259913.0,,0.0,0,其他增建；,RPQOMLLMNHJGFAA37DA,110.42,0.0,17.17,有,,40.0
文山區,房地(土地+建物),三福街９巷１０號五樓之１,12.37,住,,,1130501,土地1建物1車位0,五層,十五層,住宅大樓(11層含以上有電梯),住家用,990929.0,94.25,2,2,1,有,有,23400000,248276.0,,0.0,0,,RPTNMLLLOHJGFAA57DA,55.23,1.66,7.04,有,,14.0
文山區,房地(土地+建物)+車位,辛亥路四段２０９巷３０號十六樓,21.75,住,,,1130523,土地1建物1車位1,十六層,二十六層,住宅大樓(11層含以上有電梯),住家用,1090430.0,185.69,3,2,2,有,有,51350000,319421.0,坡道平面,33.07,2600000,,RPVNMLLLOHJGFAA77DA,89.73,7.8,7.28,有,1844.0,4.0
中正區,房地(土地+建物),牯嶺街１６５號六樓,28.38,住,,,1130505,土地1建物1車位0,六層,七層,華廈(10層含以下有電梯),住家用,750115.0,146.17000000000002,4,2,2,有,有,33300000,227817.0,,0.0,0,陽台外推；,RPPNMLPLOHJGFAA57DA,126.5,0.0,12.4,有,,38.0
萬華區,房地(土地+建物),萬大路２３７巷１０弄２３號五樓,17.09,住,,,1130527,土地1建物1車位0,五層,五層,公寓(5樓含以下無電梯),住家用,660801.0,60.01,2,1,1,有,無,10800000,179970.0,,0.0,0,,RPQQMLKMNHJGFBA57DA,51.54,0.0,8.47,無,,47.0
中山區,房地(土地+建物),民生東路二段１１５巷４０號四樓,20.4,住,,,1130526,土地1建物1車位0,四層,四層,公寓(5樓含以下無電梯),住家用,570708.0,63.75,3,2,2,有,無,14000000,219608.0,,0.0,0,頂樓加蓋；其他增建；,RPOPMLPJOHJGFCA67DA,63.75,0.0,0.0,無,,56.0
內湖區,房地(土地+建物),民權東路六段２９６巷６６之６號四樓,20.84,住,,,1130504,土地1建物1車位0,四層,五層,公寓(5樓含以下無電梯),住家用,860225.0,62.01,1,2,1,有,無,14300000,230608.0,,0.0,0,陽台外推；其他增建；,RPTNMLRJOHJGFCA18DA,40.18,2.27,6.12,無,,27.0
內湖區,房地(土地+建物)+車位,康寧路三段５６巷１４０號四樓,43.78,住,,,1130525,土地1建物1車位2,四層,十四層,住宅大樓(11層含以上有電梯),住家用,971031.0,277.48,4,2,2,有,有,58500000,210826.0,坡道平面,83.38,0,,RPXNMLRJOHJGFCA58DA,117.32,3.01,11.89,有,,16.0
內湖區,房地(土地+建物),安泰街９３號四樓,17.59,住,,,1130525,土地1建物1車位0,四層,七層,華廈(10層含以下有電梯),住家用,970619.0,86.34,2,2,1,有,有,14980000,173500.0,,0.0,0,其他增建；,RPPNMLQKOHJGFCA77DA,51.08,6.24,3.58,有,1850.0,16.0
內湖區,房地(土地+建物)+車位,民權東路六段１９０巷２１弄３１號二樓,16.57,住,,,1130518,土地1建物1車位1,二層,五層,公寓(5樓含以下無電梯),住家用,1040129.0,46.73,1,1,1,有,無,9000000,192637.0,塔式車位,0.0,0,夾層；,RPSNMLPLOHJGFCA08DA,17.85,3.08,1.65,無,1851.0,9.0
南港區,房地(土地+建物)+車位,研究院路三段５之１號,53.17,住,,,1130510,土地1建物1車位1,一層,五層,華廈(10層含以下有電梯),住家用,990921.0,153.57,3,1,2,有,有,26040000,219303.0,坡道平面,43.95,2000000,,RPXOMLPKNHJGFDA58DA,65.72,0.0,5.33,有,,14.0
南港區,房地(土地+建物)+車位,重陽路４６２號六樓之２,33.53,住,,,1130521,土地1建物1車位2,六層,十五層,住宅大樓(11層含以上有電梯),住家用,990419.0,269.33000000000004,3,2,2,有,有,69000000,287658.0,坡道平面,50.32,6000000,,RPVPMLOLOHJGFDA58DA,160.16,6.68,15.62,有,1855.0,14.0
南港區,房地(土地+建物)+車位,中南街１４２之６號六樓,20.74,住,,,1130521,土地1建物1車位1,六層,九層,華廈(10層含以下有電梯),住家用,861110.0,115.36,2,1,1,有,有,21200000,183773.0,坡道平面,0.0,0,夾層；,RPSNMLPLOHJGFDA18DA,47.03,2.74,6.92,有,,27.0
士林區,房地(土地+建物),德行東路３３號四樓,10.04,住,,,1130505,土地1建物1車位0,四層,七層,華廈(10層含以下有電梯),住家用,1101224.0,45.510000000000005,1,1,1,有,有,16000000,351571.0,,0.0,0,,RPWNMLTJNHJGFEA78DA,18.46,5.65,1.58,有,,2.0
士林區,房地(土地+建物),中山北路六段４０５巷４６號六樓,24.18,住,,,1130520,土地1建物1車位0,六層,七層,華廈(10層含以下有電梯),住家用,721102.0,152.41,4,2,2,有,無,33980000,222951.0,,0.0,0,陽台外推；其他增建；,RPRNMLPLNHJGFEA08DA,101.81,0.0,29.61,有,1856.0,41.0
北投區,房地(土地+建物),中央北路二段１３１巷２弄１６號,32.5,住,,,1130506,土地1建物1車位0,一層,二層,公寓(5樓含以下無電梯),住家用,580417.0,51.92,2,1,1,有,無,10400000,200308.0,,0.0,0,,RPTNMLRLNHJGFEA48DA,51.92,0.0,0.0,無,,55.0
士林區,房地(土地+建物),中山北路七段８１巷１６弄１１號二樓,23.95,住,,,1130515,土地1建物1車位0,二層,五層,華廈(10層含以下有電梯),住家用,690428.0,77.71,3,2,2,有,無,18000000,231630.0,,0.0,0,其他增建；,RPVOMLLMNHJGFEA28DA,62.25,0.0,15.46,有,1857.0,44.0
士林區,房地(土地+建物)+車位,基河路１９２號六樓,33.38,住,,,1130504,土地1建物1車位1,六層,十二層,住宅大樓(11層含以上有電梯),住家用,840811.0,146.61,3,2,2,有,有,29000000,250999.0,坡道機械,39.04,2000000,陽台外推；其他增建；,RPWOMLLMNHJGFEA38DA,73.91,3.29,8.21,有,,29.0
北投區,房地(土地+建物),泉源路３９之３３號三樓,23.94,住,,,1130526,土地1建物1車位0,三層,七層,公寓(5樓含以下無電梯),住家用,701021.0,116.07,3,2,2,有,無,11250000,96924.0,,0.0,0,陽台外推；其他增建；,RPWOMLPJOHJGFEA58DA,88.02,0.0,5.5,無,1858.0,43.0
北投區,房地(土地+建物),裕民六路１１４巷２４弄５號一樓,26.5,住,,,1130516,土地1建物1車位0,一層,四層,公寓(5樓含以下無電梯),住家用,660512.0,72.8,3,2,1,有,無,18660000,256319.0,,0.0,0,其他增建；,RPPNMLOLOHJGFEA87DA,59.3,13.5,0.0,無,,47.0
北投區,房地(土地+建物),大興街９巷２３號三樓,35.58,住,,,1130525,土地1建物1車位0,三層,五層,公寓(5樓含以下無電梯),住家用,720608.0,114.39,3,2,2,有,無,18800000,164350.0,,0.0,0,,RPRNMLOLOHJGFEA08DA,100.8,1.26,10.19,無,,41.0
大安區,房地(土地+建物),和平東路三段４６４巷６號十樓,15.51,住,,,1130525,土地1建物1車位0,十層,十四層,住宅大樓(11層含以上有電梯),住家用,910704.0,77.84,2,2,1,有,有,20880000,268243.0,,0.0,0,陽台外推；其他增建；,RPRNMLPLNHJGFFA18DA,47.02,0.0,5.42,有,,22.0
松山區,房地(土地+建物),民權東路三段１４０巷９號四樓之５,21.88,住,,,1130521,土地1建物1車位0,四層,七層,華廈(10層含以下有電梯),住家用,691107.0,147.36,3,2,2,有,有,35000000,237514.0,,0.0,0,,RPPNMLKLOHJGFDA47EA,113.67,0.0,14.4,有,,44.0
信義區,房地(土地+建物),信安街５號四樓,37.73,住,,,1130527,土地1建物1車位0,四層，陽台,四層,公寓(5樓含以下無電梯),住家用,651115.0,116.21,2,2,1,有,無,22000000,189312.0,,0.0,0,頂樓加蓋；,RPRNMLOLOHJGFDA08EA,116.21,0.0,0.0,無,1863.0,48.0
文山區,房地(土地+建物),興隆路二段２２０巷４９號四樓,31.4,住,,,1130512,土地4建物1車位0,四層,五層,公寓(5樓含以下無電梯),住家用,690122.0,109.36,3,2,2,有,無,18000000,164594.0,,0.0,0,陽台加窗依現況點交其他增建；,RPSOMLOLOHJGFAA87DA,97.25,0.0,12.11,無,,44.0
文山區,房地(土地+建物),光輝路５０巷３弄５號四樓,57.27,住,,,1130508,土地1建物1車位0,四層,四層,公寓(5樓含以下無電梯),住家用,660121.0,143.84,4,2,2,有,無,17850000,124096.0,,0.0,0,陽台外推；頂樓加蓋；,RPQNMLQLOHJGFAA77DA,122.9,0.0,20.94,無,,47.0
大同區,房地(土地+建物),環河北路二段２２３巷１０號二樓,34.25,住,,,1130511,土地1建物1車位0,二層,四層,公寓(5樓含以下無電梯),住家用,660608.0,116.2,3,2,1,有,無,17500000,150602.0,,0.0,0,前後鐵窗增建其他增建；,RPWOMLRKNHJGFBA48DA,102.5,0.0,13.7,無,1866.0,47.0
萬華區,房地(土地+建物),萬大路２３７巷１０弄２１號五樓,17.09,住,,,1130527,土地1建物1車位0,五層,五層,公寓(5樓含以下無電梯),住家用,660801.0,61.69,2,1,1,有,無,10800000,175069.0,,0.0,0,,RPXPMLKMNHJGFBA18DA,51.75,0.0,9.94,無,,47.0
萬華區,房地(土地+建物),西園路二段１４０巷２２弄６號二樓,26.5,住,,,1130527,土地1建物1車位0,二層,四層,公寓(5樓含以下無電梯),住家用,631129.0,87.0,3,2,2,有,無,17280000,198621.0,,0.0,0,陽台外推；,RPXNMLTKOHJGFBA78DA,76.65,0.0,10.35,無,,49.0
內湖區,房地(土地+建物)+車位,康樂街１１０巷６號九樓,24.56,住,,,1130506,土地1建物1車位1,九層,十四層,住宅大樓(11層含以上有電梯),住家用,1060320.0,185.12,3,2,2,有,有,43500000,240452.0,坡道機械,13.36,2200000,其他增建；,RPWNMLMLNHJGFCA08DA,104.88,3.31,11.69,有,1870.0,7.0
內湖區,房地(土地+建物),內湖路三段１３６巷２號四樓,33.08,住,,,1130508,土地3建物1車位0,四層,五層,公寓(5樓含以下無電梯),住家用,690423.0,85.01,3,2,1,有,無,14300000,168216.0,,0.0,0,,RPQOMLMKOHJGFCA57DA,73.08,0.0,11.93,無,,44.0
中山區,房地(土地+建物),龍江路１７９巷１５號三樓,19.75,住,,,1130507,土地1建物1車位0,三層,四層,公寓(5樓含以下無電梯),住家用,600301.0,61.97,4,2,2,有,無,16000000,258189.0,,0.0,0,陽台外推；,RPPNMLNLOHJGFCA57DA,55.63,0.0,6.34,無,,53.0
中山區,房地(土地+建物),龍江路３１８巷４２號四樓,30.25,住,,,1130520,土地2建物1車位0,四層,五層,公寓(5樓含以下無電梯),住家用,661114.0,104.59,2,2,1,有,無,17100000,163496.0,,0.0,0,,RPPOMLOLOHJGFCA77DA,91.12,0.0,13.47,無,,47.0
內湖區,房地(土地+建物),成功路四段３２３巷３弄１號四樓,33.6,住,,,1130519,土地4建物1車位0,四層,四層,公寓(5樓含以下無電梯),住家用,700311.0,91.56,6,0,6,有,無,17400000,190039.0,,0.0,0,陽台外推；頂樓加蓋；含租約；,RPTPMLOLOHJGFCA28DA,83.87,0.0,7.69,無,,43.0
內湖區,房地(土地+建物),文湖街２１巷８２弄４３號四樓,35.73,住,,,1130520,土地1建物1車位0,四層,五層,公寓(5樓含以下無電梯),住家用,930120.0,100.0,3,2,2,有,無,22500000,225000.0,,0.0,0,陽台外推；,RPQOMLQLOHJGFCA08DA,69.47,5.95,7.36,無,,20.0
松山區,房地(土地+建物),南京東路四段１３３巷７弄８號四樓,38.0,住,,,1130518,土地1建物1車位0,四層,四層,公寓(5樓含以下無電梯),住家用,,95.18,3,2,1,有,無,24680000,259298.0,,0.0,0,陽台外推；頂樓加蓋；其他增建；,RPPPMLOJOHJGFDA77DA,95.18,0.0,0.0,無,,
南港區,房地(土地+建物),玉成街１８４巷３號十二樓,22.26,住,,,1130520,土地1建物1車位0,十二層,十五層,住宅大樓(11層含以上有電梯),住家用,840323.0,101.36,3,2,1,有,有,29660000,292620.0,,0.0,0,陽台外推；其他增建；,RPWOMLPJOHJGFDA48DA,73.65,0.87,8.37,有,,29.0
南港區,房地(土地+建物),舊莊街一段１９６號六樓之１,17.39,,,,1130519,土地1建物1車位0,六層,十一層,住宅大樓(11層含以上有電梯),住家用,821103.0,99.04,3,2,1,有,有,16580000,167407.0,,0.0,0,其他增建；,RPTQMLOLOHJGFDA48DA,72.64,0.0,7.38,有,,31.0
士林區,房地(土地+建物),中山北路六段２７７巷８號三樓,22.4,住,,,1130511,土地1建物1車位0,三層,五層,公寓(5樓含以下無電梯),住家用,680907.0,76.25,2,2,1,有,無,17550000,230164.0,,0.0,0,陽台外推；,RPORMLQJOHJGFEA18DA,66.25,0.0,10.0,無,,45.0
士林區,房地(土地+建物),通河街７２號二樓,31.17,住,,,1130502,土地1建物1車位0,二層,五層,公寓(5樓含以下無電梯),住家用,650218.0,126.61,3,2,2,有,無,25200000,199036.0,,0.0,0,陽台外推；其他增建；,RPWNMLMKOHJGFEA28DA,115.96,0.0,10.65,無,,48.0
北投區,房地(土地+建物)+車位,中央北路二段３５０巷７０號六樓,45.5,住,,,1130526,土地1建物1車位1,六層,十四層,住宅大樓(11層含以上有電梯),住家用,1040724.0,183.36,3,2,2,有,有,31800000,173429.0,坡道平面,0.0,0,,RPSNMLOKOHJGFEA08DA,98.33,0.0,11.5,有,1872.0,9.0
北投區,房地(土地+建物),自強街５巷１５５號四樓,28.5,住,,,1130512,土地1建物1車位0,四層，電梯樓梯間,四層,公寓(5樓含以下無電梯),住家用,841206.0,77.36,4,0,4,有,無,15800000,204240.0,,0.0,0,頂樓加蓋；,RPXNMLQLOHJGFEA88DA,68.14,0.52,8.7,無,,28.0
大安區,房地(土地+建物),建國南路一段３０４巷５９號四樓,28.75,住,,,1130511,土地1建物1車位0,四層,四層,公寓(5樓含以下無電梯),住家用,580816.0,85.89,3,1,3,有,無,27010000,314472.0,,0.0,0,陽台外推；頂樓加蓋；,RPTNMLOKNHJGFFA18DA,77.91,0.0,7.98,無,,
大安區,房地(土地+建物),敦化南路二段１２８號九樓之４,6.85,住,,,1130516,土地1建物1車位0,九層,十六層,住宅大樓(11層含以上有電梯),住家用,680219.0,84.97,2,2,2,有,有,31380000,369307.0,,0.0,0,陽台外推；其他增建；,RPOOMLQKNHJGFFA97DA,61.91,0.0,11.68,有,1874.0,45.0
大安區,房地(土地+建物),金華街１０６巷８號五樓,8.02,住,,,1130525,土地1建物1車位0,五層,六層,華廈(10層含以下有電梯),住家用,1030513.0,41.75,1,1,1,有,有,18400000,440719.0,,0.0,0,其他增建；,RPROMLOJOHJGFFA08DA,21.08,0.0,5.71,有,1875.0,10.0
大安區,房地(土地+建物),大安路一段５２巷２１號四樓,48.25,住,,,1130508,土地1建物1車位0,四層,四層,公寓(5樓含以下無電梯),住家用,550811.0,120.68,5,2,2,有,無,33800000,280080.0,,0.0,0,含租約；,RPPNMLRLOHJGFFA28DA,120.68,0.0,0.0,無,,58.0
中正區,房地(土地+建物),杭州南路一段７７巷８號二樓,16.08,住,,,1130512,土地1建物1車位0,二層,四層,公寓(5樓含以下無電梯),住家用,600420.0,40.99,2,0,2,有,無,14600000,356184.0,,0.0,0,,RPRNMLQLOHJGFBA08EA,40.99,0.0,0.0,無,1878.0,53.0
內湖區,房地(土地+建物)+車位,星雲街９２號十二樓,45.71,住,,,1130522,土地2建物1車位1,十二層,十四層,住宅大樓(11層含以上有電梯),住家用,930107.0,236.91,3,2,3,有,有,56200000,265921.0,坡道平面,34.97,2500000,陽台外推；,RPPNMLQLOHJGFCA97EA,120.67,0.0,14.58,有,1879.0,20.0
南港區,房地(土地+建物)+車位,研究院路三段３號,84.8,住,,,1130521,土地1建物1車位2,一層,五層,華廈(10層含以下有電梯),住家用,990921.0,264.9,3,1,2,有,有,36000000,180791.0,坡道平面,87.9,4000000,,RPWOMLQKNHJGFDA68EA,104.61,0.0,10.98,有,,14.0
信義區,房地(土地+建物),忠孝東路四段５５３巷２２弄３９號五樓,25.8,住,,,1130509,土地1建物1車位0,五層,五層,公寓(5樓含以下無電梯),住家用,660919.0,87.81,3,2,2,有,無,26000000,296094.0,,0.0,0,,RPQNMLQLOHJGFDA18EA,82.01,0.0,5.8,無,,47.0
北投區,房地(土地+建物)+車位,立農街二段２７３巷３弄１６號,26.12,住,,,1130524,土地1建物1車位1,一層,五層,公寓(5樓含以下無電梯),住家用,680320.0,85.25,3,1,1,有,無,17880000,209736.0,一樓平面,0.0,0,其他增建；,RPTNMLMLNHJGFEA08EA,75.35,9.9,0.0,無,,45.0
北投區,房地(土地+建物)+車位,民族街４３巷１９號三樓,39.6,住,,,1130521,土地1建物1車位2,三層,五層,華廈(10層含以下有電梯),住家用,1050615.0,194.79,0,0,0,無,無,26000000,137931.0,升降機械,28.04,3000000,,RPQNMLRLOHJGFEA38EA,79.98,7.57,18.17,有,,8.0
文山區,房地(土地+建物),和平東路四段９５號三樓,46.75,住,,,1130505,土地4建物1車位0,三層,五層,公寓(5樓含以下無電梯),住家用,700202.0,160.44,4,2,2,有,無,19000000,118424.0,,0.0,0,陽台外推；其他增建；,RPPNMLKMNHJGFAA07DA,117.12,0.0,14.81,無,,43.0
文山區,房地(土地+建物)+車位,木柵路三段８５巷８弄３號九樓,19.0,住,,,1130521,土地1建物1車位1,九層,十二層,住宅大樓(11層含以上有電梯),住家用,1120829.0,120.4,3,2,2,有,有,27200000,237482.0,其他,11.76,1400000,,RPVNMLKMNHJGFAA67DA,66.4,0.0,5.09,有,1882.0,1.0
文山區,房地(土地+建物),景福街１３３巷３弄４號,28.39,住,,,1130520,土地1建物1車位0,一層,五層,公寓(5樓含以下無電梯),住家用,681227.0,95.83,2,2,1,有,無,22200000,231660.0,,0.0,0,其他增建；,RPROMLPJOHJGFAA67DA,79.42,16.41,0.0,無,,44.0
文山區,房地(土地+建物),仙岩路６２號三樓,32.1,住,,,1130515,土地1建物1車位0,三層,五層,公寓(5樓含以下無電梯),住家用,680518.0,108.68,3,2,2,有,無,18350000,168844.0,,0.0,0,陽台外推；其他增建；,RPPNMLMKOHJGFAA17DA,98.55,0.0,10.13,無,,45.0
文山區,房地(土地+建物),萬芳路３號七樓之１,8.29,住,,,1130531,土地1建物1車位0,七層,七層,華廈(10層含以下有電梯),住家用,881124.0,28.48,1,1,1,有,有,6600000,231742.0,,0.0,0,陽台外推；,RPPOMLQLOHJGFAA77DA,18.65,1.21,2.96,有,,25.0
萬華區,房地(土地+建物),和平西路三段３２７之３號,26.27,住,,,1130505,土地1建物1車位0,四層,四層,公寓(5樓含以下無電梯),住家用,600908.0,85.38,2,2,1,有,無,10400000,121808.0,,0.0,0,陽台外推；夾層；其他增建；,RPWPMLKMNHJGFBA08DA,80.95,0.0,4.43,無,1884.0,53.0
大同區,房地(土地+建物),延平北路三段１１１號四樓,20.0,住,,,1130516,土地1建物1車位0,四層,五層,公寓(5樓含以下無電梯),住家用,650319.0,88.85,3,1,1,有,無,13000000,146314.0,,0.0,0,,RPTPMLLKOHJGFBA77DA,80.54,0.0,8.31,無,,48.0
中山區,房地(土地+建物),松江路３３０巷１４號四樓,23.75,住,,,1130512,土地1建物1車位0,四層,四層,公寓(5樓含以下無電梯),住家用,590120.0,70.19,2,2,1,有,無,18200000,259296.0,,0.0,0,陽台外推；其他增建；,RPROMLLMNHJGFCA67DA,54.29,0.0,15.9,無,,54.0
內湖區,房地(土地+建物),內湖路二段１０３巷９２弄１２號四樓之１,28.11,住,,,1130519,土地2建物1車位0,四層,五層,華廈(10層含以下有電梯),住家用,1120216.0,58.54,1,1,1,有,有,17800000,304066.0,,0.0,0,,RPTPMLLKOHJGFCA87DA,28.65,3.19,2.85,有,1890.0,1.0
內湖區,房地(土地+建物),金湖路６５巷７號八樓之２,21.07,住,,,1130518,土地1建物1車位0,八層,十四層,住宅大樓(11層含以上有電梯),住家用,940825.0,111.27,3,2,2,有,有,33680000,302687.0,,0.0,0,陽台外推；其他增建；,RPPNMLLLOHJGFCA37DA,70.32,1.87,7.79,有,,19.0
內湖區,房地(土地+建物),康寧路三段９９巷１７弄４１號,39.44,住,,,1130517,土地1建物1車位0,一層,七層,華廈(10層含以下有電梯),住家用,831130.0,115.36,3,2,2,有,有,25800000,223648.0,,0.0,0,,RPTNMLOLOHJGFCA08DA,77.03,9.07,0.0,有,1893.0,29.0
內湖區,房地(土地+建物)+車位,新明路４２８巷１號十九樓之７,13.66,住,,,1130512,土地1建物1車位1,十九層,二十層,住宅大樓(11層含以上有電梯),住家用,1080506.0,114.97,2,2,1,有,有,27000000,290870.0,坡道平面,30.74,2500000,其他增建；,RPUOMLOLOHJGFCA28DA,42.1,7.44,4.41,有,1894.0,5.0
中山區,房地(土地+建物),北安路４５８巷４１弄６０號七樓,20.07,住,,,1130507,土地1建物1車位0,七層,十六層,住宅大樓(11層含以上有電梯),住家用,1110419.0,114.41,2,2,2,有,有,52300000,457128.0,,0.0,0,,RPOPMLOLOHJGFCA77DA,66.83,0.0,5.93,有,,2.0
信義區,房地(土地+建物)+車位,松山路５４１巷１４弄４號五樓之１,29.48,住,,,1130506,土地1建物1車位1,五層,七層,華廈(10層含以下有電梯),住家用,741022.0,199.89,5,2,2,有,無,37000000,185093.0,坡道平面,0.0,0,,RPTNMLSJNHJGFDA28DA,160.52,0.0,16.97,有,,39.0
信義區,房地(土地+建物),吳興街３６２號二樓,19.05,住,,,1130525,土地1建物1車位0,二層,七層,華廈(10層含以下有電梯),住家用,711115.0,90.78,3,2,2,有,無,24250000,267129.0,,0.0,0,陽台外推；,RPVNMLNJOHJGFDA08DA,64.44,0.0,14.76,有,1896.0,42.0
信義區,房地(土地+建物),和平東路三段５１７號三樓,32.84,住,,,1130527,土地2建物1車位0,三層,五層,公寓(5樓含以下無電梯),住家用,711220.0,119.54,3,2,2,有,無,20800000,174000.0,,0.0,0,其他增建：後陽台、後陽台廚房部分外推。其他增建；,RPSPMLPJOHJGFDA18DA,102.68,0.0,16.86,無,,41.0
信義區,房地(土地+建物),信義路五段１５０巷１０號二樓之２,18.12,住,,,1130511,土地1建物1車位0,二層，電梯樓梯間,三十層,住宅大樓(11層含以上有電梯),住家用,861024.0,156.06,3,2,2,有,有,46280000,296553.0,,0.0,0,陽台外推；,RPTOMLRJOHJGFDA38DA,109.64,19.99,11.81,有,1897.0,27.0
松山區,房地(土地+建物),寧安街６號二樓,23.25,住,,,1130520,土地1建物1車位0,二層，陽台,四層,公寓(5樓含以下無電梯),住家用,650904.0,61.48,2,1,1,有,無,17800000,289525.0,,0.0,0,其他增建；,RPPOMLOKOHJGFDA77DA,61.48,0.0,0.0,無,,48.0
信義區,房地(土地+建物)+車位,信義路五段１５０巷８號八樓之３,18.45,住,,,1130517,土地1建物1車位1,八層，電梯樓梯間,三十層,住宅大樓(11層含以上有電梯),住家用,861024.0,174.29000000000002,3,2,2,有,有,41000000,235254.0,坡道平面,0.0,3000000,陽台外推；其他增建；,RPWOMLKLOHJGFDA18DA,107.2,1.69,11.81,有,,27.0
南港區,房地(土地+建物)+車位,研究院路三段３號五樓之１,113.97,住,,,1130515,土地1建物1車位2,五層,五層,華廈(10層含以下有電梯),住家用,990921.0,322.3,4,2,3,有,有,43580000,135216.0,坡道平面,83.76,0,,RPOQMLOLOHJGFDA97DA,141.0,7.62,7.12,有,,14.0
北投區,房地(土地+建物),知行路２４５巷１８號四樓,17.12,住,,,1130526,土地2建物1車位0,四層,五層,公寓(5樓含以下無電梯),住家用,680705.0,65.28,3,2,1,有,無,9000000,137868.0,,0.0,0,陽台加窗其他增建；,RPPNMLQLNHJGFEA97DA,54.22,0.0,11.06,無,,45.0
北投區,房地(土地+建物),吉利街３９巷２號四樓,35.31,住,,,1130503,土地1建物1車位0,四層,五層,公寓(5樓含以下無電梯),住家用,750204.0,128.88,3,1,2,有,無,19300000,149752.0,,0.0,0,,RPXPMLRLOHJGFEA56DA,108.18,0.0,9.71,無,,38.0
大安區,房地(土地+建物),延吉街９５號三樓,28.99,住,,,1130515,土地1建物1車位0,三層,七層,華廈(10層含以下有電梯),住家用,750723.0,158.52999999999997,6,0,6,有,無,35200000,222040.0,,0.0,0,陽台外推；,RPPNMLSLNHJGFFA28DA,124.41,0.0,15.54,有,1900.0,38.0
大安區,房地(土地+建物),復興南路二段１８０巷２１號,48.75,住,,,1130503,土地1建物2車位0,一層,七層,華廈(10層含以下有電梯),住家用,741101.0,245.08,4,2,1,有,無,67000000,273380.0,,0.0,0,21號主建物價格：6200萬元整、21號地下層價格500萬元整。其他增建；,RPPNMLSKOHJGFFA28DA,217.5,10.25,0.0,有,,39.0
大安區,房地(土地+建物),忠孝東路四段２１６巷４４號七樓,37.1,住,,,1130516,土地2建物1車位0,七層,七層,華廈(10層含以下有電梯),住家用,670914.0,184.44,5,2,2,有,無,45760000,248102.0,,0.0,0,,RPUNMLRLOHJGFFA78DA,136.66,0.0,11.14,有,,46.0
文山區,房地(土地+建物)+車位,政大二街２０９號三樓,51.09,住,,,1130508,土地1建物1車位1,三層,五層,華廈(10層含以下有電梯),住家用,1120613.0,120.43,3,2,2,有,有,21470000,178278.0,塔式車位,0.0,0,,RPPNMLQLOHJGFAA77EA,57.75,2.36,7.03,有,,1.0
信義區,房地(土地+建物),虎林街２３２巷７之２號,41.5,住,,,1130525,土地2建物1車位0,三層,四層,公寓(5樓含以下無電梯),住家用,590625.0,85.38,3,1,2,有,無,18500000,216678.0,,0.0,0,,RPVOMLQKNHJGFDA58EA,85.38,0.0,0.0,無,,54.0
文山區,房地(土地+建物),指南路三段２２巷１之１號四樓,49.56,住,,,1130525,土地1建物1車位0,四層,六層,華廈(10層含以下有電梯),住家用,721224.0,174.38,4,2,2,有,無,21500000,123294.0,,0.0,0,陽台外推；其他增建；,RPPNMLMLOHJGFAA27DA,103.33,0.0,30.84,有,,40.0
文山區,房地(土地+建物)+車位,福興路７８巷２０弄５３號二樓,49.9,住,,,1130527,土地2建物1車位1,二層,五層,公寓(5樓含以下無電梯),住家用,781109.0,155.51999999999998,3,2,2,有,無,19600000,126029.0,坡道平面,0.0,0,,RPPNMLLJPHJGFAA07DA,138.95,0.46,10.82,無,,35.0
萬華區,房地(土地+建物),萬大路１５８號四樓,25.75,住,,,1130516,土地4建物1車位0,四層,五層,公寓(5樓含以下無電梯),住家用,690121.0,78.62,3,2,1,有,無,14300000,181888.0,,0.0,0,陽台外推；其他增建；,RPXNMLRLOHJGFBA68DA,74.45,0.0,4.17,無,,44.0
萬華區,房地(土地+建物)+車位,西園路二段３７號十二樓之３,18.24,住,,,1130527,土地2建物1車位1,十二層,十五層,住宅大樓(11層含以上有電梯),住家用,1110629.0,174.28,3,2,2,有,有,39370000,251067.0,坡道平面,29.02,2900000,,RPSOMLLJPHJGFBA57DA,83.92,3.83,10.94,有,,2.0
內湖區,房地(土地+建物)+車位,內湖路一段９號三樓,19.09,住,,,1130515,土地2建物1車位1,三層,十四層,住宅大樓(11層含以上有電梯),住家用,1071109.0,157.74,1,2,2,有,有,44080000,331290.0,坡道平面,33.74,3000000,,RPSPMLLLNHJGFCA77DA,69.06,8.13,5.87,有,,6.0
中山區,房地(土地+建物)+車位,四平街１０７號四樓,9.89,住,,,1130515,土地1建物1車位1,四層,十層,華廈(10層含以下有電梯),住家用,900827.0,66.83,1,1,1,有,有,13350000,257273.0,升降機械,20.77,1500000,其他增建：機房增建。陽台外推；其他增建；,RPSPMLMLNHJGFCA87DA,21.01,2.44,2.43,有,,23.0
內湖區,房地(土地+建物),星雲街１６８巷４３號十九樓之５,7.15,住,,,1130525,土地1建物1車位0,十九層,二十一層,住宅大樓(11層含以上有電梯),住家用,860124.0,40.44,1,1,1,有,有,10700000,264590.0,,0.0,0,陽台外推；夾層；其他增建；,RPROMLQJOHJGFCA97DA,22.85,1.35,3.98,有,,27.0
內湖區,房地(土地+建物)+車位,康樂街２０４之３號五樓之３,25.73,住,,,1130522,土地1建物1車位1,五層,十一層,住宅大樓(11層含以上有電梯),住家用,970331.0,140.11,2,2,1,有,有,27000000,202980.0,坡道機械,15.96,1800000,,RPPOMLTKOHJGFCA18DA,79.45,4.27,7.89,有,1915.0,16.0
中山區,房地(土地+建物),敬業三路１６２巷２１２號六樓,47.09,住,,,1130524,土地1建物1車位0,六層,十層,華廈(10層含以下有電梯),住家用,890628.0,155.43,3,2,2,有,有,31300000,201377.0,,0.0,0,本社區停車位登記於共有部分並非一戶一車位每年年初抽籤.,RPTQMLOLOHJGFCA38DA,77.59,0.0,8.1,有,,24.0
南港區,房地(土地+建物)+車位,經貿二路２３５巷６０弄３０號九樓,33.13,住,,,1130522,土地1建物1車位1,九層,十三層,住宅大樓(11層含以上有電梯),住家用,1011026.0,228.62,3,2,2,有,有,54600000,286075.0,坡道平面,46.5,2500000,其他增建；,RPXNMLNJOHJGFDA28DA,106.94,11.58,7.24,有,,12.0
南港區,房地(土地+建物)+車位,經貿二路２５５巷９號七樓,32.92,住,,,1130530,土地1建物1車位1,七層,十三層,住宅大樓(11層含以上有電梯),住家用,991201.0,163.26,2,2,2,有,有,41500000,331982.0,坡道平面,47.29,3000000,,RPUOMLRJOHJGFDA48DA,65.57,3.19,8.06,有,1921.0,13.0
信義區,房地(土地+建物),信義路六段７６巷８弄４２號四樓,27.72,住,,,1130525,土地1建物1車位0,四層,五層,公寓(5樓含以下無電梯),住家用,771006.0,106.42,3,2,2,有,無,18750000,176189.0,,0.0,0,其他增建：陽台加窗、主建物含梯間其他增建；,RPQNMLLKOHJGFDA47DA,85.48,0.98,9.71,無,,36.0
信義區,房地(土地+建物),永吉路２００巷６１弄２號二樓,19.6,住,,,1130525,土地1建物1車位0,二層,五層,華廈(10層含以下有電梯),住家用,1040723.0,50.78,2,1,1,有,有,15380000,302875.0,,0.0,0,陽台外推；夾層；其他增建；,RPTOMLOKOHJGFDA18DA,21.09,1.99,4.14,有,1922.0,9.0
士林區,房地(土地+建物),延平北路五段１６３巷４１號五樓,34.8,住,,,1130515,土地1建物1車位0,五層,五層,公寓(5樓含以下無電梯),住家用,701106.0,117.43,4,2,1,有,無,13280000,113089.0,,0.0,0,頂樓加蓋；其他增建；,RPSOMLLMNHJGFEA97DA,104.81,0.0,12.62,無,,43.0
士林區,房地(土地+建物),中山北路七段１１４巷１０弄７號二樓,58.0,住,,,1130525,土地1建物1車位0,二層,四層,公寓(5樓含以下無電梯),住家用,651222.0,129.62,5,5,5,有,無,22300000,172041.0,,0.0,0,陽台外推；,RPPQMLRLOHJGFEA48DA,118.06,0.0,11.56,無,,47.0
北投區,建物,石牌路二段９號,0.0,,,,1130524,土地0建物1車位0,二層,三層,公寓(5樓含以下無電梯),住家用,621227.0,109.13,3,2,1,有,無,10320000,94566.0,,0.0,0,建物坐落地號：振興段四小段277-1地號；含租約；,RPQNMLLJPHJGFEA57DA,109.13,0.0,0.0,無,,50.0
北投區,房地(土地+建物)+車位,北科路１９０號四樓,47.03,住,,,1130501,土地1建物1車位1,四層,十三層,住宅大樓(11層含以上有電梯),住家用,1130126.0,216.63,3,2,2,有,有,61800000,316970.0,坡道平面,32.07,3300000,,RPUNMLLJPHJGFEA97DA,109.62,0.0,10.95,有,,
大安區,房地(土地+建物),大安路一段２０２號四樓之２,3.53,住,,,1130522,土地1建物1車位0,四層,十二層,住宅大樓(11層含以上有電梯),住家用,971028.0,34.95,1,1,1,有,有,18500000,529328.0,,0.0,0,夾層；,RPRNMLKMNHJGFFA77DA,19.76,2.73,0.0,有,1925.0,16.0
大安區,房地(土地+建物),復興南路二段３２６號,35.5,住,,,1130516,土地1建物1車位0,一層，平台，騎樓,四層,公寓(5樓含以下無電梯),住家用,640203.0,102.69,1,1,1,有,無,41500000,404129.0,,0.0,0,其他增建；,RPUNMLKMNHJGFFA08DA,102.69,0.0,0.0,無,,49.0
大安區,房地(土地+建物),臥龍街２８５號四樓,25.42,住,,,1130512,土地1建物1車位0,四層,五層,公寓(5樓含以下無電梯),住家用,731207.0,91.85,3,2,1,有,無,18900000,205770.0,,0.0,0,陽台外推；其他增建；,RPSNMLRJOHJGFFA38DA,76.6,0.0,7.51,無,,39.0
大安區,房地(土地+建物)+車位,臥龍街２９２號三樓之２,18.7,住,,,1130526,土地1建物1車位1,三層,十層,華廈(10層含以下有電梯),住家用,1040216.0,99.92,2,2,1,有,有,26000000,260208.0,升降機械,0.0,2000000,陽台外推；,RPSNMLOLOHJGFFA28DA,39.22,0.94,12.48,有,1927.0,9.0
內湖區,房地(土地+建物),內湖路三段３４３巷２弄１號三樓,23.2,住,,,1130509,土地1建物1車位0,三層,五層,公寓(5樓含以下無電梯),住家用,690130.0,71.82,2,2,1,有,無,12500000,174046.0,,0.0,0,陽台外推；,RPQNMLLJPHJGFCA47EA,64.84,0.0,6.98,無,,44.0
士林區,房地(土地+建物),中山北路七段１２４巷６號二樓,34.42,住,,,1130523,土地1建物1車位0,二層,五層,公寓(5樓含以下無電梯),住家用,680618.0,137.19,3,2,2,有,無,24070000,175450.0,,0.0,0,,RPWNMLSLOHJGFEA09EA,110.67,0.0,26.52,無,,45.0
大安區,房地(土地+建物),復興南路一段１３５巷１７號三樓之３,21.81,住,,,1130517,土地1建物1車位0,三層，陽台,十二層,住宅大樓(11層含以上有電梯),住家用,620212.0,150.78,3,2,2,有,有,47500000,315029.0,,0.0,0,,RPPNMLSLOHJGFFA48EA,120.68,0.0,0.0,有,,51.0
文山區,房地(土地+建物)+車位,興隆路二段２０３巷９８號十一樓,30.29,住,,,1130502,土地1建物1車位1,十一層,十一層,住宅大樓(11層含以上有電梯),住家用,860623.0,149.54,2,2,1,有,有,26100000,204879.0,坡道平面,34.35,2500000,陽台外推；其他增建；,RPQNMLTLNHJGFAA97DA,64.61,21.94,8.01,有,1930.0,27.0
文山區,房地(土地+建物),汀州路四段２１３號五樓,36.9,住,,,1130506,土地1建物1車位0,五層,十四層,住宅大樓(11層含以上有電梯),住家用,991105.0,191.05,3,2,2,有,有,39800000,208322.0,,0.0,0,,RPSNMLTLNHJGFAA18DA,103.58,0.0,11.77,有,,14.0
文山區,房地(土地+建物),興隆路三段１８５巷９弄３號四樓,28.34,住,,,1130518,土地7建物1車位0,四層,五層,公寓(5樓含以下無電梯),住家用,720823.0,92.7,3,2,1,有,有,11000000,118662.0,,0.0,0,陽台外推；其他增建；,RPSNMLNJOHJGFAA47DA,69.29,0.0,14.92,無,,41.0
文山區,房地(土地+建物)+車位,政大三街２１巷１４號,81.47,住,,,1130519,土地1建物1車位1,一層，夾層,五層,華廈(10層含以下有電梯),住家用,851217.0,157.01,3,2,2,有,有,27100000,172600.0,坡道平面,0.0,2500000,夾層；其他增建；,RPRNMLPJOHJGFAA57DA,95.66,0.0,9.87,有,,27.0
文山區,房地(土地+建物),羅斯福路五段１７６巷３１號四樓,40.0,住,,,1130526,土地1建物1車位0,四層,四層,公寓(5樓含以下無電梯),住家用,660913.0,100.4,3,2,2,有,無,20750000,206673.0,,0.0,0,陽台外推；頂樓加蓋；,RPSNMLPJOHJGFAA67DA,87.05,0.0,13.35,無,1931.0,47.0
文山區,房地(土地+建物),木新路二段１１１巷６弄１５號五樓,24.9,住,,,1130513,土地1建物1車位0,五層,五層,公寓(5樓含以下無電梯),住家用,721128.0,81.23,3,1,1,有,無,12800000,157577.0,,0.0,0,天井陽台外推；頂樓加蓋；,RPWNMLQJOHJGFAA18DA,51.83,0.0,22.51,無,,40.0
文山區,房地(土地+建物),久康街２４巷７號八樓,30.18,住,,,1130525,土地1建物1車位0,八層,八層,華廈(10層含以下有電梯),住家用,960427.0,141.21,3,2,2,有,有,25580000,181149.0,,0.0,0,其他增建；,RPOOMLQJOHJGFAA47DA,72.25,6.11,15.39,有,,17.0
萬華區,房地(土地+建物),長泰街５９巷１０號三樓,22.5,住,,,1130523,土地1建物1車位0,三層,四層,公寓(5樓含以下無電梯),住家用,631211.0,72.14,2,1,1,有,無,13000000,180205.0,,0.0,0,,RPUNMLOLNHJGFBA97DA,63.17,0.0,8.97,無,1935.0,49.0
大同區,房地(土地+建物),敦煌路２０１號五樓,33.4,住,,,1130528,土地1建物1車位0,五層,五層,公寓(5樓含以下無電梯),住家用,711021.0,113.95,4,2,2,有,無,14900000,130759.0,,0.0,0,陽台外推；頂樓加蓋；其他增建；,RPSNMLOKOHJGFBA77DA,101.26,0.0,12.69,無,,42.0
中正區,房地(土地+建物)+車位,金山南路一段５９號五樓,34.04,住,,,1130530,土地4建物1車位3,五層,十九層,住宅大樓(11層含以上有電梯),住家用,1120606.0,380.47,0,0,0,無,有,133890000,460087.0,坡道平面,110.76,9800000,毛胚屋；,RPOOMLQLOHJGFBA77DA,154.06,8.14,10.19,有,,1.0
中正區,房地(土地+建物),臨沂街３２巷２號二樓之３,10.53,住,,,1130522,土地1建物1車位0,二層,七層,華廈(10層含以下有電梯),住家用,1040206.0,46.879999999999995,1,1,1,有,有,20180000,430461.0,,0.0,0,陽台外推；夾層；其他增建；,RPPOMLLJPHJGFBA27DA,20.36,0.75,3.88,有,1937.0,9.0
中山區,房地(土地+建物)+車位,北安路６３０巷１６號十一樓,96.19,住,,,1130529,土地1建物1車位4,十一層,十七層,住宅大樓(11層含以上有電梯),住家用,1080226.0,517.9300000000001,4,2,5,有,有,210000000,405460.0,坡道平面,167.24,0,,RPQPMLLKOHJGFCA57DA,194.06,10.19,22.89,有,,5.0
中山區,房地(土地+建物)+車位,基湖路１１２巷５１號七樓,56.34,住,,,1130508,土地1建物1車位1,七層,十層,華廈(10層含以下有電梯),住家用,980819.0,249.66000000000005,4,2,3,有,有,69880000,279901.0,坡道平面,44.9,0,,RPOOMLNKOHJGFCA47DA,133.16,0.7,10.94,有,,15.0
中山區,房地(土地+建物),新生北路三段６１號三樓之２４,5.53,住,,,1130508,土地1建物1車位0,三層,九層,華廈(10層含以下有電梯),住家用,650907.0,40.45,1,1,1,有,有,8680000,214586.0,,0.0,0,陽台外推；,RPOPMLSLOHJGFCA18DA,30.24,0.0,4.53,有,,48.0
信義區,房地(土地+建物),松山路４４７號四樓,27.5,住,,,1130509,土地1建物1車位0,四層,四層,公寓(5樓含以下無電梯),住家用,580730.0,81.07,3,1,1,有,無,24800000,305908.0,,0.0,0,頂樓加蓋；其他增建；,RPSOMLOJOHJGFDA97DA,73.64,0.0,7.43,無,,55.0
信義區,房地(土地+建物),永吉路１８７巷４弄５號二樓,29.63,住,,,1130511,土地1建物1車位0,二層,五層,公寓(5樓含以下無電梯),住家用,661223.0,110.63,4,2,2,有,無,23280000,210431.0,,0.0,0,其他增建；,RPWNMLOKOHJGFDA38DA,105.28,0.0,5.35,無,1943.0,46.0
南港區,房地(土地+建物)+車位,向陽路１９６巷２７號七樓,42.14,住,,,1130514,土地1建物1車位2,七層,九層,華廈(10層含以下有電梯),住家用,1000708.0,222.99,3,2,2,有,有,52680000,263322.0,坡道平面,40.02,4500000,,RPSQMLOLOHJGFDA38DA,104.93,12.01,10.92,有,1945.0,13.0
松山區,房地(土地+建物),延壽街４２２號三樓,44.4,住,,,1130513,土地2建物1車位0,三層,五層,公寓(5樓含以下無電梯),住家用,670508.0,119.95,4,2,2,有,有,31500000,262609.0,,0.0,0,,RPTOMLLJPHJGFDA87DA,108.16,0.0,11.79,無,,46.0
士林區,房地(土地+建物),社中街２５０巷９號五樓,24.9,住,,,1130514,土地1建物1車位0,五層,五層,公寓(5樓含以下無電梯),住家用,700806.0,93.98,3,2,2,有,無,12600000,134071.0,,0.0,0,陽台外推；其他增建；,RPUOMLOLOHJGFEA48DA,65.7,15.56,2.71,無,,43.0
北投區,房地(土地+建物),中和街４９３巷９弄２號五樓,20.4,住,,,1130527,土地3建物1車位0,五層，電梯樓梯間,五層,公寓(5樓含以下無電梯),住家用,840623.0,72.24,3,2,1,有,無,10280000,142303.0,,0.0,0,陽台外推；頂樓加蓋；其他增建；,RPUNMLPLOHJGFEA48DA,37.96,14.18,10.9,無,,29.0
士林區,房地(土地+建物),天母東路１０５巷５９號地下二層,23.93,住,,,1130515,土地1建物1車位0,地下二層,四層,公寓(5樓含以下無電梯),住家用,671118.0,95.1,2,2,2,有,無,16380000,172240.0,,0.0,0,平台外推其他增建；,RPRPMLPLOHJGFEA38DA,86.6,8.5,0.0,無,1947.0,45.0
北投區,房地(土地+建物)+車位,三合街一段８２巷１０５號,24.45,住,,,1130513,土地1建物1車位1,一層,九層,華廈(10層含以下有電梯),住家用,1040708.0,170.41,3,2,2,有,有,37000000,276066.0,坡道平面,45.44,2500000,其他增建；,RPVPMLRLOHJGFEA98DA,78.47,0.0,8.81,有,1948.0,9.0
士林區,房地(土地+建物),延平北路五段１９７巷５號四樓,28.0,住,,,1130512,土地2建物1車位0,四層,四層,公寓(5樓含以下無電梯),住家用,600521.0,46.55,3,2,1,有,無,8400000,180451.0,,0.0,0,前露台頂樓加蓋；其他增建；,RPQQMLRLOHJGFEA58DA,46.55,0.0,0.0,無,1949.0,53.0
士林區,房地(土地+建物),中山北路六段２７７巷１８弄１號四樓,30.4,住,,,1130517,土地1建物1車位0,四層,五層,公寓(5樓含以下無電梯),住家用,690201.0,96.37,3,2,2,有,無,19380000,201100.0,,0.0,0,陽台外推；其他增建；,RPVOMLSLOHJGFEA98DA,92.28,0.0,4.09,無,,44.0
士林區,房地(土地+建物)+車位,天玉街１０４之４號,10.85,住,,,1130531,土地1建物1車位1,一層,八層,華廈(10層含以下有電梯),住家用,840619.0,61.56,0,1,1,有,有,11500000,186810.0,升降機械,0.0,1800000,夾層；其他增建；,RPOPMLSLOHJGFEA38DA,26.12,4.16,0.0,有,,29.0
大安區,房地(土地+建物)+車位,金山南路二段１３２巷８號四樓,25.79,住,,,1130517,土地1建物1車位1,四層,七層,華廈(10層含以下有電梯),住家用,1030106.0,136.95,1,2,1,有,有,43500000,344973.0,塔式車位,18.1,2500000,陽台外推；其他增建；,RPOOMLKLNHJGFFA47DA,55.79,9.5,5.6,有,1950.0,10.0
大安區,房地(土地+建物),臥龍街３１８號四樓,19.74,住,,,1130516,土地2建物1車位0,四層,十三層,住宅大樓(11層含以上有電梯),住家用,990513.0,93.38,2,1,1,有,有,29090000,311523.0,,0.0,0,,RPWNMLOJOHJGFFA48DA,55.31,5.7,4.29,有,,14.0
大安區,房地(土地+建物),仁愛路四段４０６之１號六樓,16.58,住,,,1130525,土地1建物1車位0,六層,十四層,住宅大樓(11層含以上有電梯),住家用,690325.0,145.21,3,2,2,有,有,50100000,345018.0,,0.0,0,其他增建；,RPXNMLPLOHJGFFA88DA,114.08,0.0,14.63,有,,44.0
萬華區,房地(土地+建物),西園路二段１４０巷９號四樓,31.25,住,,,1130520,土地2建物1車位0,四層,四層,公寓(5樓含以下無電梯),住家用,621023.0,94.24,2,1,1,有,無,11000000,116723.0,,0.0,0,,RPTNMLLJPHJGFBA67EA,94.24,0.0,0.0,無,,51.0
萬華區,房地(土地+建物),西園路二段１４０巷９號三樓,35.5,住,,,1130520,土地3建物1車位0,三層,四層,公寓(5樓含以下無電梯),住家用,621023.0,94.24,3,1,1,有,無,11000000,116723.0,,0.0,0,,RPUNMLLJPHJGFBA77EA,94.24,0.0,0.0,無,1951.0,51.0
士林區,房地(土地+建物),重慶北路四段７９之６號一樓,16.25,住,,,1130521,土地1建物1車位0,一層,七層,華廈(10層含以下有電梯),住家用,680123.0,83.86,2,2,1,有,有,17020000,202957.0,,0.0,0,陽台外推；,RPQNMLLJPHJGFEA67EA,65.25,11.16,0.0,有,1954.0,45.0
士林區,房地(土地+建物),天母東路１０５巷３５號六樓之４,15.56,住,,,1130504,土地1建物1車位0,六層,七層,華廈(10層含以下有電梯),住家用,661228.0,80.98,2,2,1,有,有,14700000,181526.0,,0.0,0,陽台外推；其他增建；,RPTNMLLJPHJGFEA97EA,60.28,0.0,9.87,有,,46.0
文山區,房地(土地+建物),興隆路四段１０５巷７號八樓,10.86,住,,,1130526,土地1建物1車位0,八層,十二層,住宅大樓(11層含以上有電梯),住家用,840821.0,52.29,1,1,1,有,有,10500000,200803.0,,0.0,0,,RPQNMLLJOHJGFAA07DA,32.84,1.21,5.88,有,1955.0,29.0
中山區,房地(土地+建物),松江路２９７巷１５號三樓,39.75,住,,,1130520,土地1建物1車位0,三層,四層,公寓(5樓含以下無電梯),住家用,570830.0,96.87,4,2,2,有,無,20000000,206462.0,,0.0,0,,RPQNMLOJOHJGFCA57DA,96.87,0.0,0.0,無,,56.0
內湖區,房地(土地+建物)+車位,內湖路一段９１巷５７號四樓之１,19.25,住,,,1130522,土地1建物1車位1,四層,十一層,住宅大樓(11層含以上有電梯),住家用,921205.0,99.57,2,2,1,有,有,21500000,215928.0,坡道機械,19.07,0,陽台外推；,RPQNMLLJPHJGFCA37DA,50.84,3.37,5.19,有,,20.0
內湖區,房地(土地+建物)+車位,五分街１１１號三樓之３,21.3,住,,,1130524,土地1建物1車位2,三層,十一層,住宅大樓(11層含以上有電梯),住家用,960709.0,115.34,2,2,1,有,有,25600000,221952.0,坡道機械,0.0,3500000,其他增建；,RPXOMLLJPHJGFCA18DA,55.26,2.21,3.33,有,,17.0
信義區,房地(土地+建物)+車位,松勇路５３巷６８號九樓,74.54,住,,,1130522,土地1建物2車位1,九層,十八層,住宅大樓(11層含以上有電梯),住家用,950315.0,276.68,3,2,3,有,有,109260000,468906.0,坡道平面,52.2,4000000,其他增建；,RPPNMLTJOHJGFDA08DA,132.03,0.0,17.46,有,,18.0
信義區,房地(土地+建物),信義路五段１５０巷３３０號十一樓之７,4.57,住,,,1130519,土地1建物1車位0,十一層,十三層,住宅大樓(11層含以上有電梯),住家用,980408.0,32.94,1,0,1,有,有,11100000,336976.0,,0.0,0,其他增建；,RPSQMLRKOHJGFDA58DA,17.33,1.04,1.89,有,,15.0
南港區,房地(土地+建物),興南街９２號三樓,36.5,住,,,1130526,土地2建物1車位0,三層，陽台,四層,公寓(5樓含以下無電梯),住家用,,54.99,3,2,1,有,無,12300000,223677.0,,0.0,0,,RPQNMLKLOHJGFDA47DA,54.99,0.0,0.0,無,,
南港區,房地(土地+建物),福德街３９５號十樓,26.43,住,,,1130529,土地1建物1車位0,十層,十六層,住宅大樓(11層含以上有電梯),住家用,870521.0,159.17000000000002,3,2,2,有,有,28600000,179682.0,,0.0,0,陽台外推；,RPRNMLQLOHJGFDA18DA,88.16,0.0,8.46,有,,26.0
信義區,房地(土地+建物),永吉路１８７巷６弄１之２號三樓,26.8,住,,,1130525,土地1建物1車位0,三層,五層,公寓(5樓含以下無電梯),住家用,721104.0,86.56,2,2,1,有,無,17600000,203327.0,,0.0,0,,RPSPMLSLOHJGFDA68DA,78.29,0.0,8.27,無,,41.0
南港區,房地(土地+建物),玉成街１８１巷７號三樓,36.0,住,,,1130513,土地1建物1車位0,三層，陽台,三層,公寓(5樓含以下無電梯),住家用,620209.0,72.04,2,2,1,有,無,19000000,263742.0,,0.0,0,陽台外推；頂樓加蓋；其他增建；,RPQOMLMJPHJGFDA67DA,72.04,0.0,0.0,無,,51.0
士林區,房地(土地+建物),中山北路六段２９０巷１７之１號五樓,19.64,住,,,1130509,土地1建物1車位0,五層,五層,公寓(5樓含以下無電梯),住家用,740809.0,71.78,2,2,1,有,無,13160000,183338.0,,0.0,0,陽台外推；,RPVPMLRKNHJGFEA78DA,60.67,0.0,9.17,無,,39.0
士林區,房地(土地+建物),德行東路１８４號,20.0,住,,,1130512,土地1建物1車位0,一層，騎樓,四層,公寓(5樓含以下無電梯),住家用,660301.0,70.86,0,2,1,有,無,40000000,564493.0,,0.0,0,具重建或重劃、都更等效益；,RPSOMLNLNHJGFEA08DA,65.95,4.91,0.0,無,1960.0,47.0
北投區,房地(土地+建物),中和街５０２巷８弄１５之１號二樓,22.97,住,,,1130518,土地1建物1車位0,二層,五層,公寓(5樓含以下無電梯),住家用,671215.0,90.54,3,2,2,有,無,12860000,142037.0,,0.0,0,其他增建；,RPXNMLTLNHJGFEA09DA,68.16,0.0,16.73,無,1961.0,45.0
北投區,房地(土地+建物),文化三路１２之４號七樓,36.7,住,,,1130526,土地1建物1車位0,七層,十層,華廈(10層含以下有電梯),住家用,840110.0,134.91,3,2,2,有,有,23880000,177007.0,,0.0,0,其他增建；,RPVNMLRJOHJGFEA58DA,93.02,0.0,10.05,有,,29.0
士林區,房地(土地+建物)+車位,延平北路六段３９２巷６號十一樓之１,22.29,住,,,1130527,土地1建物1車位1,十一層,十一層,住宅大樓(11層含以上有電梯),住家用,950215.0,129.71,2,2,1,有,有,20800000,160358.0,坡道平面,28.16,0,陽台外推；其他增建；,RPPNMLQKOHJGFEA97DA,53.23,12.6,8.7,有,,18.0
北投區,房地(土地+建物),公路６９號四樓,38.38,住,,,1130523,土地1建物1車位0,四層,四層,公寓(5樓含以下無電梯),住家用,660504.0,104.31,3,2,1,有,無,13800000,132298.0,,0.0,0,陽台外推；其他增建；,RPXOMLRKOHJGFEA98DA,92.63,0.0,11.68,無,,47.0
士林區,房地(土地+建物)+車位,天母北路５６號十三樓,20.99,住,,,1130504,土地1建物1車位1,十三層,二十四層,住宅大樓(11層含以上有電梯),住家用,1090703.0,211.67,3,2,2,有,有,62300000,336360.0,坡道平面,38.79,4150000,,RPTNMLOLOHJGFEA28DA,86.44,10.53,15.87,有,,4.0
北投區,房地(土地+建物),吉利街２１３巷７號,31.08,住,,,1130531,土地1建物1車位0,一層,五層,公寓(5樓含以下無電梯),住家用,721221.0,126.21,3,2,2,有,無,26010000,206085.0,,0.0,0,其他增建；,RPUNMLOLOHJGFEA38DA,100.23,13.15,0.0,無,1963.0,40.0
士林區,房地(土地+建物),克強路１８號二樓,35.93,住,,,1130516,土地1建物1車位0,二層,五層,公寓(5樓含以下無電梯),住家用,700217.0,124.85,3,2,3,有,無,24600000,197036.0,,0.0,0,陽台外推；其他增建；,RPSNMLQLOHJGFEA38DA,110.23,0.0,14.62,無,1964.0,43.0
士林區,房地(土地+建物)+車位,忠誠路一段１７３巷２１號三樓,52.66,住,,,1130531,土地1建物1車位4,三層,十層,華廈(10層含以下有電梯),住家用,1030610.0,385.68,0,0,0,無,有,88000000,286720.0,坡道平面,112.94,9800000,,RPTNMLQLOHJGFEA48DA,148.82,16.61,16.45,有,1965.0,10.0
北投區,房地(土地+建物),實踐街４８巷１１號三樓,47.75,住,,,1130525,土地1建物1車位0,三層,四層,公寓(5樓含以下無電梯),住家用,620430.0,90.67,3,2,1,有,無,19650000,216720.0,,0.0,0,,RPVOMLLJPHJGFEA18DA,90.67,0.0,0.0,無,,51.0
士林區,房地(土地+建物)+車位,至善路二段９０號五樓之６,34.15,住,,,1130529,土地1建物1車位1,五層,五層,華廈(10層含以下有電梯),住家用,1040915.0,113.45,1,1,1,有,有,21000000,185104.0,坡道平面,0.0,0,,RPWNMLMJPHJGFEA28DA,45.13,0.0,4.49,有,1966.0,9.0
大安區,房地(土地+建物),仁愛路四段３３號三樓之２,5.31,住,,,1130522,土地4建物1車位0,三層,十二層,住宅大樓(11層含以上有電梯),住家用,651125.0,56.23,1,1,1,有,有,23000000,409034.0,,0.0,0,陽台外推；,RPRNMLOJOHJGFFA97DA,39.05,0.0,7.6,有,1968.0,47.0
大安區,房地(土地+建物)+車位,臥龍街３１８號三樓之３,14.51,住,,,1130522,土地2建物1車位1,三層,十三層,住宅大樓(11層含以上有電梯),住家用,990513.0,114.04,1,1,1,有,有,23180000,203262.0,坡道平面,46.82,0,交易車位位於地下第五層。,RPXNMLOJOHJGFFA58DA,41.63,1.42,3.76,有,1969.0,14.0
大安區,房地(土地+建物),和平東路二段７６巷２９弄２號六樓,18.85,住,,,1130530,土地1建物1車位0,六層,七層,華廈(10層含以下有電梯),住家用,700218.0,113.78,3,2,2,有,無,35850000,315082.0,,0.0,0,陽台外推；其他增建；,RPUNMLRJOHJGFFA58DA,94.29,0.0,14.91,有,,43.0
大安區,房地(土地+建物),復興南路二段１７１巷１５號,50.33,住,,,1130525,土地1建物1車位0,一層,八層,華廈(10層含以下有電梯),住家用,821229.0,134.05,3,2,2,有,有,41550000,309959.0,,0.0,0,陽台外推；,RPXNMLOLOHJGFFA78DA,89.01,10.42,0.0,有,,30.0
大安區,房地(土地+建物),師大路１１７巷４號四樓,29.75,住,,,1130523,土地2建物1車位0,四層,五層,公寓(5樓含以下無電梯),住家用,730104.0,93.21,3,2,1,有,無,20680000,221865.0,,0.0,0,,RPPNMLKMOHJGFFA67DA,75.96,0.0,15.28,無,,40.0
大安區,房地(土地+建物)+車位,四維路１７０巷３６號三樓之８,8.9,住,,,1130519,土地1建物1車位1,三層,八層,華廈(10層含以下有電梯),住家用,980115.0,59.57,2,1,1,有,有,15900000,351179.0,坡道機械,18.84,1600000,夾層；,RPQNMLKMOHJGFFA77DA,21.43,2.31,2.69,有,,15.0
信義區,房地(土地+建物)+車位,永吉路３０巷１４５號二樓之１,16.55,住,,,1130511,土地1建物1車位1,二層,七層,華廈(10層含以下有電梯),住家用,961231.0,89.28,1,1,1,有,有,25150000,281698.0,坡道機械,0.0,0,,RPPNMLMJPHJGFDA57EA,36.91,4.77,5.53,有,1974.0,16.0
北投區,房地(土地+建物),中央北路四段３１６巷１弄５號三樓,26.96,住,,,1130509,土地2建物1車位0,三層,五層,公寓(5樓含以下無電梯),住家用,741205.0,102.91,3,2,2,有,有,13000000,126324.0,,0.0,0,陽台外推；,RPQNMLNJPHJGFEA87EA,85.37,0.0,8.76,無,,38.0
中正區,房地(土地+建物)+車位,水源路４１號十三樓之１,29.09,住,,,1130528,土地1建物1車位1,十三層,十三層,住宅大樓(11層含以上有電梯),住家用,911202.0,139.41,3,2,2,有,有,29300000,210171.0,坡道機械,18.05,0,其他增建；,RPRNMLLMNHJGFAA37DA,80.22,0.0,6.85,有,,21.0
文山區,房地(土地+建物),景興路４２巷４弄１之１號四樓,43.08,住,,,1130524,土地1建物1車位0,四層，陽台,四層,公寓(5樓含以下無電梯),住家用,631122.0,120.75,3,2,2,有,無,20200000,167288.0,,0.0,0,,RPPNMLLJOHJGFAA96DA,120.75,0.0,0.0,無,,50.0
文山區,房地(土地+建物),景福街１２９號,26.0,住,,,1130526,土地1建物1車位0,一層,四層,公寓(5樓含以下無電梯),住家用,660924.0,87.27,1,2,1,有,無,18500000,211986.0,,0.0,0,其他增建；,RPRNMLRJOHJGFAA77DA,74.54,12.73,0.0,無,,47.0
文山區,房地(土地+建物),辛亥路七段６５巷５號二樓,56.43,住,,,1130530,土地2建物1車位0,二層，陽台,四層,公寓(5樓含以下無電梯),住家用,,109.94,4,2,2,有,無,17100000,155539.0,,0.0,0,陽台外推；其他增建；,RPPNMLOLOHJGFAA47DA,109.94,0.0,0.0,無,1976.0,
文山區,房地(土地+建物),木新路三段１２６號五樓,16.4,住,,,1130521,土地1建物1車位0,五層,五層,公寓(5樓含以下無電梯),住家用,690408.0,73.37,5,0,5,有,無,13350000,181954.0,,0.0,0,頂樓加蓋；,RPSNMLNJPHJGFAA57DA,64.46,0.0,8.91,無,1977.0,44.0
文山區,房地(土地+建物),景興路１５３巷１７號二樓之１,4.62,住,,,1130518,土地1建物1車位0,二層,十二層,住宅大樓(11層含以上有電梯),住家用,830317.0,27.95,0,1,1,有,有,6770000,242218.0,,0.0,0,,RPUNMLNJPHJGFAA77DA,16.35,0.45,3.79,有,,30.0
中正區,房地(土地+建物)+車位,臨沂街３３巷３０號四樓,57.6,住,,,1130516,土地1建物1車位2,四層,六層,華廈(10層含以下有電梯),住家用,790626.0,262.77,6,2,3,有,有,63500000,241656.0,升降機械,38.76,0,,RPTNMLNJPHJGFBA77DA,195.72,2.27,18.0,有,1978.0,34.0
中山區,房地(土地+建物),德惠街１１１號四樓,22.57,住,,,1130505,土地1建物1車位0,四層,七層,華廈(10層含以下有電梯),住家用,740619.0,118.31,3,2,2,有,無,24000000,202857.0,,0.0,0,陽台外推；,RPOPMLRJOHJGFCA87DA,95.73,0.0,11.46,有,,39.0
內湖區,房地(土地+建物),新明路４２６巷１８之１號三樓,29.75,住,,,1130519,土地1建物1車位0,三層，陽台,四層,公寓(5樓含以下無電梯),住家用,650728.0,82.73,3,2,2,有,無,15500000,187356.0,,0.0,0,陽台外推；其他增建；,RPUNMLOKOHJGFCA08DA,82.73,0.0,0.0,無,,48.0
內湖區,房地(土地+建物)+車位,民權東路六段２８０巷４６號五樓,39.4,住,,,1130509,土地2建物1車位2,五層,十二層,住宅大樓(11層含以上有電梯),住家用,980122.0,277.86,3,2,3,有,有,62500000,251850.0,坡道平面,53.52,6000000,其他增建；,RPSPMLOKOHJGFCA08DA,126.43,10.3,13.43,有,,15.0
中山區,房地(土地+建物),龍江路４１２巷１０號四樓,21.04,住,,,1130519,土地1建物1車位0,四層,五層,公寓(5樓含以下無電梯),住家用,710913.0,78.91,2,2,1,有,無,14700000,186288.0,,0.0,0,,RPUPMLLJPHJGFCA97DA,68.88,0.0,10.03,無,,
內湖區,房地(土地+建物),康樂街１３６巷２９弄５６號三樓,30.08,住,,,1130526,土地1建物1車位0,三層,五層,公寓(5樓含以下無電梯),住家用,750613.0,111.93,3,2,2,有,有,17500000,156348.0,,0.0,0,陽台外推；,RPTOMLMJPHJGFCA87DA,93.16,0.0,9.47,無,,38.0
南港區,房地(土地+建物),東明街１巷１６號三樓之１,35.75,住,,,1130511,土地2建物1車位0,三層，陽台,四層,公寓(5樓含以下無電梯),住家用,650322.0,84.44,3,2,1,有,無,19730000,233657.0,,0.0,0,其他增建；,RPQPMLOLNHJGFDA97DA,84.44,0.0,0.0,無,,48.0
南港區,房地(土地+建物),研究院路三段６８巷１０弄１號三樓,46.0,住,,,1130529,土地1建物1車位0,三層,四層,公寓(5樓含以下無電梯),住家用,830326.0,93.6,3,2,1,有,無,13560000,144872.0,,0.0,0,其他增建；,RPQOMLLLOHJGFDA67DA,73.95,0.0,12.26,無,1985.0,30.0
南港區,房地(土地+建物)+車位,重陽路２７號八樓,32.44,住,,,1130523,土地1建物1車位2,八層,十四層,住宅大樓(11層含以上有電梯),住家用,1110124.0,208.31,3,2,2,有,有,54300000,311955.0,坡道平面,53.48,6000000,,RPXOMLLLOHJGFDA38DA,85.32,6.64,8.99,有,1986.0,2.0
信義區,房地(土地+建物),虎林街４０巷８號四樓,19.34,住,,,1130514,土地1建物1車位0,四層,五層,公寓(5樓含以下無電梯),住家用,740411.0,68.06,2,2,1,有,無,15500000,227740.0,,0.0,0,陽台外推；,RPPQMLOLOHJGFDA08DA,55.93,0.0,7.9,無,1987.0,39.0
北投區,房地(土地+建物),中央北路三段２５２巷７弄５號四樓,22.52,住,,,1130511,土地2建物1車位0,四層,五層,公寓(5樓含以下無電梯),住家用,730808.0,84.94,3,2,1,有,無,8500000,100071.0,,0.0,0,,RPWNMLOJOHJGFEA38DA,65.87,0.0,12.14,無,,40.0
北投區,房地(土地+建物),中和街５０７巷３弄６號七樓,16.22,住,,,1130526,土地1建物1車位0,七層,七層,華廈(10層含以下有電梯),住家用,1050224.0,69.72,1,1,1,有,有,12680000,181870.0,,0.0,0,,RPRNMLLJPHJGFEA67DA,32.53,5.04,2.98,有,,8.0
北投區,房地(土地+建物)+車位,民族街４３巷１９號,39.6,住,,,1130525,土地1建物1車位2,一層,五層,華廈(10層含以下有電梯),住家用,1050615.0,162.85000000000002,0,0,0,無,無,22700000,139392.0,塔式車位,28.02,0,毛胚屋；,RPRNMLNJPHJGFEA87DA,83.99,1.79,2.37,有,1988.0,8.0
大安區,房地(土地+建物)+車位,信義路四段９９巷３０號四樓,32.85,住,,,1130518,土地1建物1車位1,四層,十六層,住宅大樓(11層含以上有電梯),住家用,860926.0,194.01,4,2,2,有,有,62200000,320602.0,坡道平面,56.13,0,陽台外推；其他增建；,RPRNMLMKOHJGFFA87DA,102.4,1.89,14.4,有,,27.0
大安區,房地(土地+建物),仁愛路四段６２號十三樓之１０,7.1,住,,,1130525,土地2建物1車位0,十三層,十四層,住宅大樓(11層含以上有電梯),住家用,661212.0,72.39,0,1,1,有,有,25200000,348114.0,,0.0,0,,RPVNMLOKOHJGFFA48DA,60.39,0.0,0.0,有,1989.0,46.0
大安區,房地(土地+建物),忠孝東路三段１０巷１８號三樓,29.51,住,,,1130505,土地1建物1車位0,三層,七層,華廈(10層含以下有電梯),住家用,711215.0,156.35,4,2,2,有,有,48600000,310841.0,,0.0,0,陽台外推；,RPVNMLKLOHJGFFA18DA,107.3,0.0,18.32,有,,41.0
大安區,房地(土地+建物),羅斯福路三段２６９巷１５號,5.41,住,,,1130526,土地1建物1車位0,一層,六層,華廈(10層含以下有電梯),住家用,1081107.0,20.59,1,0,1,有,無,8900000,432249.0,,0.0,0,,RPUNMLOLOHJGFFA48DA,10.93,0.0,0.0,有,1990.0,5.0
大安區,房地(土地+建物),光復南路７６號六樓,26.53,住,,,1130529,土地1建物1車位0,六層,十三層,住宅大樓(11層含以上有電梯),住家用,940126.0,176.89,4,1,2,有,有,69550000,393182.0,,0.0,0,,RPVNMLLJPHJGFFA18DA,112.49,1.23,11.67,有,,19.0
中正區,房地(土地+建物),水源路３１巷１３號五樓,13.05,住,,,1130529,土地2建物1車位0,五層,五層,公寓(5樓含以下無電梯),住家用,,36.54,1,1,1,有,無,7000000,191571.0,,0.0,0,,RPPNMLMJPHJGFAA27EA,29.61,0.0,6.93,無,,
萬華區,建物,內江街５５巷１７號四樓,0.0,,,,1130504,土地0建物1車位0,四層,五層,華廈(10層含以下有電梯),住家用,741113.0,102.1,3,2,2,有,無,11460000,112243.0,,0.0,0,建物坐落地號：漢中段一小段645地號；陽台外推；,RPQNMLOJPHJGFBA57DA,89.42,0.0,6.41,有,,38.0
內湖區,房地(土地+建物),內湖路三段１４３巷１２號三樓,17.06,住,,,1130512,土地1建物1車位0,三層,五層,公寓(5樓含以下無電梯),住家用,710227.0,67.74000000000001,2,2,1,有,無,13700000,202244.0,,0.0,0,陽台外推；其他增建；,RPTOMLLMNHJGFCA87DA,56.53,0.0,8.53,無,,42.0
內湖區,房地(土地+建物),金龍路１３巷２０號四樓,30.62,住,,,1130529,土地1建物1車位0,四層,五層,公寓(5樓含以下無電梯),住家用,750719.0,92.69,3,2,2,有,無,17000000,183407.0,,0.0,0,陽台外推；,RPPOMLMKOHJGFCA47DA,80.25,0.0,12.44,無,,38.0
松山區,房地(土地+建物),光復南路３２巷２５號三樓,34.79,住,,,1130519,土地1建物1車位0,三層,九層,華廈(10層含以下有電梯),住家用,810624.0,136.0,4,2,2,有,有,39030000,286985.0,,0.0,0,,RPPPMLRLNHJGFDA18DA,101.08,0.0,11.36,有,,32.0
南港區,房地(土地+建物)+車位,向陽路２５８巷９８號七樓之１,39.96,住,,,1130511,土地1建物1車位1,七層,九層,華廈(10層含以下有電梯),住家用,971009.0,178.92000000000002,3,2,2,有,有,39850000,264275.0,坡道平面,37.59,2500000,其他增建；,RPSNMLTLNHJGFDA48DA,86.68,4.46,7.09,有,,16.0
信義區,房地(土地+建物)+車位,忠孝東路五段７１巷１２弄８號五樓,12.43,住,,,1130522,土地1建物1車位1,五層,七層,華廈(10層含以下有電梯),住家用,980810.0,79.31,1,1,1,有,有,22500000,283697.0,其他,26.16,0,,RPPOMLTLNHJGFDA28DA,24.96,7.24,2.32,有,,15.0
南港區,房地(土地+建物),研究院路二段１２巷５７弄２２號四樓,25.89,住,,,1130530,土地1建物1車位0,四層,五層,公寓(5樓含以下無電梯),住家用,740802.0,96.5,3,2,2,有,無,15880000,164560.0,,0.0,0,其他增建；,RPSNMLNKOHJGFDA87DA,77.71,0.0,8.17,無,,39.0
南港區,房地(土地+建物),舊莊街一段１９９巷１１弄４號四樓,47.79,住,,,1130525,土地1建物1車位0,四層，五層,五層,公寓(5樓含以下無電梯),住家用,780526.0,146.41000000000005,6,2,2,有,無,16160000,110375.0,,0.0,0,四樓及五樓均有陽台外推及增建其他增建；,RPVOMLQLOHJGFDA68DA,123.4,0.0,14.46,無,1999.0,35.0
松山區,房地(土地+建物),市民大道四段１９號五樓,18.34,住,,,1130520,土地1建物1車位0,五層,五層,公寓(5樓含以下無電梯),住家用,661231.0,73.5,3,0,3,有,無,18610000,253197.0,,0.0,0,陽台外推；頂樓加蓋；其他增建；,RPUNMLMJPHJGFDA97DA,62.33,0.0,11.17,無,2000.0,46.0
北投區,房地(土地+建物),中山北路七段２１９巷３弄１７７號六樓,25.11,住,,,1130524,土地1建物1車位0,六層,七層,華廈(10層含以下有電梯),住家用,731227.0,118.34,4,2,2,有,有,17980000,151935.0,,0.0,0,陽台外推；,RPQQMLPJOHJGFEA18DA,93.45,0.0,14.36,有,,39.0
士林區,房地(土地+建物),永平街３６巷４號四樓,33.45,住,,,1130526,土地1建物1車位0,四層,四層,公寓(5樓含以下無電梯),住家用,690808.0,93.22,3,2,2,有,無,11400000,122291.0,,0.0,0,陽台外推；其他增建；,RPRNMLTKOHJGFEA48DA,77.2,0.0,16.02,無,,44.0
北投區,房地(土地+建物),公路３５２號三樓,19.76,住,,,1130503,土地1建物1車位0,三層,七層,華廈(10層含以下有電梯),住家用,1030619.0,75.71000000000001,3,2,1,有,有,16580000,218994.0,,0.0,0,夾層；其他增建；,RPPOMLSLOHJGFEA38DA,38.17,0.0,5.39,有,2002.0,10.0
北投區,房地(土地+建物),民族街１５巷３之１號二樓,72.67,住,,,1130510,土地1建物1車位0,二層,三層,公寓(5樓含以下無電梯),住家用,590203.0,117.88,3,2,2,有,無,11920000,101120.0,,0.0,0,未登記建物；,RPRNMLOJPHJGFEA97DA,117.88,0.0,0.0,無,,54.0
大安區,房地(土地+建物),安和路二段４１號三樓,17.8,住,,,1130524,土地4建物1車位0,三層,十層,華廈(10層含以下有電梯),住家用,670727.0,119.35,3,2,2,有,有,36800000,308337.0,,0.0,0,,RPVNMLSLNHJGFFA88DA,91.2,0.0,12.41,有,,46.0
大安區,房地(土地+建物)+車位,和平東路三段２１２巷２號十一樓之１,35.67,住,,,1130519,土地2建物1車位1,十一層,十四層,住宅大樓(11層含以上有電梯),住家用,890626.0,226.02,4,2,2,有,有,61010000,298134.0,坡道平面,33.12,3500000,陽台外推；其他增建；,RPPNMLOKOHJGFFA87DA,154.79,4.14,18.18,有,,24.0
大安區,房地(土地+建物)+車位,臥龍街３１８號三樓,19.98,住,,,1130511,土地2建物1車位1,三層,十三層,住宅大樓(11層含以上有電梯),住家用,990513.0,140.2,2,2,1,有,有,33980000,333904.0,坡道平面,46.82,2800000,停車位位於地下五層。,RPPNMLTKOHJGFFA38DA,55.35,5.7,4.29,有,2003.0,14.0
大安區,房地(土地+建物),和平東路二段１０７巷２３弄１４號三樓,48.5,住,,,1130531,土地1建物1車位0,三層，陽台,四層,公寓(5樓含以下無電梯),住家用,650325.0,138.64,4,2,2,有,無,38000000,274091.0,,0.0,0,台北市大安區瑞安段三小段501地號交易價格為：37959566元整；台北市大安區瑞安段三小段791建號交易價格為：40434元整。,RPWNMLNJPHJGFFA48DA,138.64,0.0,0.0,無,,48.0
內湖區,房地(土地+建物),大湖山莊街２１９巷３４弄１號六樓之２,11.0,住,,,1130525,土地1建物1車位0,六層,六層,華廈(10層含以下有電梯),住家用,810717.0,38.900000000000006,0,0,0,無,有,8950000,230077.0,,0.0,0,,RPQNMLOJPHJGFCA77EA,25.33,0.0,4.77,有,2004.0,32.0
內湖區,房地(土地+建物)+車位,民權東路六段２０６巷１４３弄２９號三樓,61.56,住,,,1130521,土地1建物1車位1,三層,五層,華廈(10層含以下有電梯),住家用,1030415.0,169.16,2,2,2,有,有,33150000,211359.0,坡道平面,23.2,2300000,,RPRNMLOJPHJGFCA87EA,66.94,17.25,9.53,有,2005.0,10.0
文山區,房地(土地+建物)+車位,羅斯福路六段１５９巷１５號二樓,35.61,住,,,1130519,土地1建物1車位1,二層,九層,華廈(10層含以下有電梯),住家用,791217.0,224.62,3,2,2,有,有,35660000,158757.0,坡道平面,0.0,2500000,車位面積無法概算陽台外推；其他增建；,RPXNMLQJOHJGFAA28DA,167.22,29.08,15.1,有,,33.0
文山區,房地(土地+建物),萬盛街１３０巷２２號三樓,37.75,住,,,1130521,土地1建物1車位0,三層，陽台,四層,公寓(5樓含以下無電梯),住家用,640527.0,91.92,3,2,1,有,無,16600000,180592.0,,0.0,0,,RPPNMLSKOHJGFAA77DA,91.92,0.0,0.0,無,,49.0
文山區,房地(土地+建物),福興路８２巷３弄１２號五樓,23.81,住,,,1130526,土地1建物1車位0,五層,五層,公寓(5樓含以下無電梯),住家用,720905.0,91.64,3,2,1,有,無,12000000,130947.0,,0.0,0,其他增建；,RPRNMLOLOHJGFAA67DA,81.39,0.0,5.19,無,,41.0
文山區,房地(土地+建物),景華街１２８巷６６號二樓,37.54,住,,,1130509,土地1建物1車位0,二層,五層,公寓(5樓含以下無電梯),住家用,730330.0,106.9,3,2,2,有,有,15680000,146679.0,,0.0,0,陽台外推；其他增建；,RPQNMLPLOHJGFAA67DA,84.5,0.0,18.29,無,,40.0
文山區,房地(土地+建物)+車位,指南路三段２２巷３之２號四樓,34.05,住,,,1130519,土地1建物1車位1,四層,九層,華廈(10層含以下有電梯),住家用,1010326.0,175.11,3,2,2,有,有,27000000,154189.0,坡道平面,0.0,2200000,其他增建；,RPWNMLSLOHJGFAA58DA,76.06,7.19,8.56,有,2008.0,12.0
中正區,房地(土地+建物),水源路１７之１號,19.56,住,,,1130524,土地1建物1車位0,一層,十層,華廈(10層含以下有電梯),住家用,731117.0,114.87,4,0,4,有,有,21500000,187168.0,,0.0,0,,RPSNMLPJPHJGFAA77DA,77.95,13.5,0.0,有,,40.0
萬華區,房地(土地+建物),民和街９８號十三樓之１,21.22,住,,,1130504,土地1建物1車位0,十三層,十五層,住宅大樓(11層含以上有電梯),住家用,1121213.0,127.3,3,2,2,有,無,30830000,242184.0,,0.0,0,,RPPNMLOJPHJGFBA47DA,73.74,5.31,5.82,有,,
萬華區,房地(土地+建物)+車位,西園路二段３７號四樓之３,18.78,住,,,1130501,土地2建物1車位1,四層,十五層,住宅大樓(11層含以上有電梯),住家用,1110629.0,183.21,3,2,2,有,有,35740000,220841.0,坡道平面,33.6,2700000,,RPPOMLPJPHJGFBA67DA,87.76,7.62,6.26,有,,2.0
內湖區,房地(土地+建物)+車位,大湖街１６０巷１８弄３之１號三樓,24.64,住,,,1130527,土地1建物1車位1,三層,三層,公寓(5樓含以下無電梯),住家用,840324.0,74.16,1,1,1,有,無,13800000,186084.0,升降機械,0.0,0,陽台外推；其他增建；,RPSNMLOLOHJGFCA97DA,33.59,1.17,3.94,無,2015.0,29.0
中山區,房地(土地+建物),北安路４５８巷４１弄７０號十五樓,15.0,住,,,1130507,土地1建物1車位0,十五層,十六層,住宅大樓(11層含以上有電梯),住家用,1110419.0,85.35,1,1,1,有,有,40020000,468893.0,,0.0,0,,RPQPMLOLOHJGFCA97DA,49.65,0.0,4.61,有,,2.0
內湖區,房地(土地+建物)+車位,行善路１８１巷３５號七樓,31.91,住,,,1130512,土地1建物1車位1,七層,九層,華廈(10層含以下有電梯),住家用,1071219.0,140.86,2,2,2,有,有,37500000,311311.0,塔式車位,25.22,1500000,,RPRNMLQLOHJGFCA08DA,63.34,3.1,7.28,有,2016.0,5.0
內湖區,房地(土地+建物),星雲街１６８巷４３號十一樓之５,7.15,住,,,1130528,土地1建物1車位0,十一層,二十一層,住宅大樓(11層含以上有電梯),住家用,860124.0,40.44,0,0,0,無,有,11000000,272008.0,,0.0,0,夾層；,RPWOMLRLOHJGFCA78DA,22.85,1.35,3.98,有,,27.0
內湖區,房地(土地+建物),安康路４３４巷１９弄５號二樓,33.08,住,,,1130526,土地2建物1車位0,二層,四層,公寓(5樓含以下無電梯),住家用,690813.0,94.4,3,2,2,有,無,15960000,169068.0,,0.0,0,懸空增建陽台外推；其他增建；,RPVPMLOJPHJGFCA38DA,79.67,0.0,14.73,無,,44.0
松山區,房地(土地+建物)+車位,南京東路五段２９１巷２９弄２號四樓,24.16,住,,,1130518,土地1建物1車位1,四層,七層,華廈(10層含以下有電梯),住家用,1031030.0,129.53,2,2,1,有,有,35200000,271752.0,塔式車位,19.91,0,塔式車位在地下第二層。,RPPOMLSLOHJGFDA28DA,53.21,11.37,5.83,有,,10.0
信義區,房地(土地+建物),松德路２５巷５６號二樓,32.09,住,,,1130531,土地1建物1車位0,二層,六層,華廈(10層含以下有電梯),住家用,790511.0,150.25,4,2,2,有,無,35000000,232945.0,,0.0,0,陽台外推；其他增建；,RPVOMLSLOHJGFDA88DA,96.84,5.67,14.04,有,,34.0
信義區,房地(土地+建物),忠孝東路五段１０１號五樓之２,8.02,住,,,1130509,土地2建物1車位0,五層,十三層,住宅大樓(11層含以上有電梯),住家用,1030829.0,69.59,0,2,1,有,有,33450000,480673.0,,0.0,0,,RPQNMLPJPHJGFDA87DA,41.1,6.43,0.0,有,,10.0
士林區,房地(土地+建物),天母北路５６號三樓,28.27,住,,,1130523,土地1建物1車位0,三層,二十四層,住宅大樓(11層含以上有電梯),住家用,1090703.0,234.56,4,2,3,有,有,67080000,285982.0,,0.0,0,,RPPNMLSJPHJGFEA18DA,130.8,11.98,10.4,有,,4.0
大安區,房地(土地+建物),敦化南路二段１０６號十六樓,7.95,住,,,1130521,土地1建物1車位0,十六層,二十六層,住宅大樓(11層含以上有電梯),住家用,741204.0,144.9,3,2,2,有,有,51800000,357488.0,,0.0,0,陽台外推；其他增建；,RPQPMLNKOHJGFFA08DA,103.62,0.0,16.66,有,,38.0
大安區,房地(土地+建物),浦城街４巷２１之２號,41.0,住,,,1130514,土地1建物1車位0,三層,四層,公寓(5樓含以下無電梯),住家用,580714.0,114.1,3,2,2,有,無,30800000,269939.0,,0.0,0,陽台外推；,RPRNMLOKOHJGFFA08DA,97.09,0.0,17.01,無,,55.0
大安區,房地(土地+建物),仁愛路三段５巷１弄１５號四樓,22.0,住,,,1130523,土地1建物1車位0,四層,六層,華廈(10層含以下有電梯),住家用,720625.0,111.16,3,2,2,有,無,43200000,388629.0,,0.0,0,,RPPOMLRKOHJGFFA28DA,88.26,0.0,15.63,有,2021.0,41.0
大安區,房地(土地+建物),和平東路二段９６巷１０弄８號四樓,42.18,住,,,1130525,土地1建物1車位0,四層,五層,公寓(5樓含以下無電梯),住家用,690526.0,160.26,5,1,5,有,無,35000000,218395.0,,0.0,0,陽台外推；其他增建；,RPOOMLOLOHJGFFA97DA,129.82,0.0,19.9,無,,44.0
萬華區,房地(土地+建物),萬大路４２３巷３２弄１號九樓,36.96,住,,,1130530,土地1建物1車位0,九層,十三層,住宅大樓(11層含以上有電梯),住家用,870824.0,162.23000000000002,3,2,2,有,有,26500000,163348.0,,0.0,0,,RPPNMLPJPHJGFBA67EA,82.75,2.38,8.02,有,,26.0
信義區,房地(土地+建物),松仁路２５３巷３弄２號二樓,39.0,住,,,1130529,土地1建物1車位0,二層,四層,公寓(5樓含以下無電梯),住家用,571209.0,90.77,4,2,1,有,無,20500000,225846.0,,0.0,0,,RPVNMLLLOHJGFDA18EA,90.77,0.0,0.0,無,,55.0
南港區,房地(土地+建物)+車位,重陽路１２５巷３６弄４６號四樓之１,50.72,住,,,1130515,土地1建物1車位1,四層,七層,華廈(10層含以下有電梯),住家用,991026.0,178.14,3,2,2,有,有,45000000,252610.0,坡道機械,0.0,0,,RPUNMLSJPHJGFDA68EA,91.38,5.66,8.42,有,,14.0
士林區,房地(土地+建物),中山北路七段２１９巷８號七樓之１１、之１２,17.27,住,,,1130502,土地1建物1車位0,七層,七層,華廈(10層含以下有電梯),住家用,780817.0,98.06,1,1,2,有,有,19000000,193759.0,,0.0,0,陽台外推；其他增建；,RPRNMLPJPHJGFEA18EA,54.82,3.07,10.41,有,,35.0
文山區,房地(土地+建物),試院路１４４巷２弄６號四樓,12.5,住,,,1130515,土地9建物1車位0,四層,五層,華廈(10層含以下有電梯),住家用,810601.0,33.87,1,1,1,有,有,6780000,200177.0,,0.0,0,其他增建；,RPOOMLPJOHJGFAA37DA,25.9,0.72,3.42,有,2034.0,32.0
文山區,房地(土地+建物)+車位,忠順街二段８５巷２３號三樓,20.23,住,,,1130511,土地1建物1車位1,三層,十五層,住宅大樓(11層含以上有電梯),住家用,1020103.0,165.85,3,2,2,有,有,40080000,241664.0,坡道平面,0.0,0,陽台加窗夾層；,RPVNMLQJOHJGFAA08DA,84.06,7.25,9.52,有,2035.0,11.0
文山區,房地(土地+建物),興隆路二段３０１巷７號,25.5,住,,,1130526,土地2建物1車位0,一層,四層,公寓(5樓含以下無電梯),住家用,610420.0,65.83,0,0,0,無,無,15350000,233176.0,,0.0,0,,RPRNMLSJPHJGFAA97DA,65.83,0.0,0.0,無,,52.0
萬華區,房地(土地+建物),中華路二段４１６巷１號三樓,15.75,住,,,1130524,土地1建物1車位0,三層,十二層,住宅大樓(11層含以上有電梯),住家用,760316.0,73.24000000000001,2,2,1,有,有,17000000,232114.0,,0.0,0,其他增建；,RPROMLRJOHJGFBA97DA,49.06,0.0,8.28,有,,37.0
大同區,房地(土地+建物),承德路二段１１２號二樓,14.19,住,,,1130521,土地1建物1車位0,二層,七層,華廈(10層含以下有電梯),住家用,1120331.0,77.88,2,2,1,有,無,24880000,319466.0,,0.0,0,其他增建；,RPSOMLMJPHJGFBA67DA,44.45,0.0,0.0,有,,1.0
內湖區,房地(土地+建物)+車位,民權東路六段２８０巷８號十三樓之２,31.2,住,,,1130519,土地1建物1車位1,十三層,十六層,住宅大樓(11層含以上有電梯),住家用,830915.0,209.03,4,2,2,有,有,42800000,204746.0,坡道平面,0.0,0,陽台外推；其他增建；,RPUOMLKMNHJGFCA87DA,161.68,0.0,15.23,有,,30.0
內湖區,房地(土地+建物)+車位,內湖路二段１７９巷３弄１號十三樓,17.76,住,,,1130505,土地1建物1車位1,十三層,十三層,住宅大樓(11層含以上有電梯),住家用,1110428.0,134.27,2,2,2,有,有,41500000,316496.0,升降機械,7.57,1400000,當層露臺屬本戶約定專用但不計價,RPSOMLNJOHJGFCA77DA,74.01,1.72,8.89,有,,2.0
內湖區,房地(土地+建物)+車位,內湖路一段９１巷５５號六樓之３,18.54,住,,,1130525,土地1建物1車位1,六層,十一層,住宅大樓(11層含以上有電梯),住家用,921205.0,97.34,3,2,1,有,有,22200000,260636.0,坡道機械,19.07,1800000,夾層；其他增建；,RPOQMLNKOHJGFCA67DA,51.86,1.12,4.75,有,,20.0
內湖區,房地(土地+建物)+車位,內湖路一段４７巷８弄２２號二樓,52.94,住,,,1130525,土地1建物1車位1,二層，三層,五層,公寓(5樓含以下無電梯),住家用,790625.0,227.72,4,2,3,有,有,35680000,156684.0,坡道平面,34.09,0,陽台外推；其他增建；,RPVPMLOKOHJGFCA38DA,196.29,0.0,23.85,無,,34.0
中山區,房地(土地+建物)+車位,基湖路１２０巷３０弄１號四樓,72.98,住,,,1130518,土地1建物1車位1,四層,六層,華廈(10層含以下有電梯),住家用,900103.0,198.57,3,2,2,有,有,50500000,254318.0,坡道平面,0.0,2500000,其他增建；,RPVNMLKLOHJGFCA87DA,109.1,0.0,11.21,有,2039.0,23.0
內湖區,房地(土地+建物),成功路四段３２４巷４弄１８號,25.47,住,,,1130530,土地2建物1車位0,一層,五層,公寓(5樓含以下無電梯),住家用,741104.0,106.96,3,2,2,有,無,22800000,213164.0,,0.0,0,其他增建；,RPWNMLPLOHJGFCA48DA,84.58,13.24,0.0,無,,39.0
信義區,房地(土地+建物),逸仙路４２巷１５號一樓,21.8,住,,,1130520,土地1建物1車位0,一層,五層,公寓(5樓含以下無電梯),住家用,690118.0,103.67,0,0,0,無,無,52000000,501592.0,,0.0,0,其他增建；,RPWNMLPLOHJGFDA58DA,89.05,14.62,0.0,無,,44.0
信義區,房地(土地+建物),松山路２８７巷３２號二樓,27.16,住,,,1130525,土地4建物1車位0,二層，陽台,四層,公寓(5樓含以下無電梯),住家用,640425.0,92.52,3,2,1,有,無,24400000,263727.0,,0.0,0,陽台外推；,RPQNMLTJPHJGFDA28DA,92.52,0.0,0.0,無,,49.0
士林區,房地(土地+建物),劍潭路５５巷１７弄１３號五樓,33.6,住,,,1130511,土地1建物1車位0,五層,五層,公寓(5樓含以下無電梯),住家用,730502.0,117.64,6,0,6,有,無,21000000,178511.0,,0.0,0,陽台外推；其他增建；,RPQNMLOKOHJGFEA87DA,103.66,0.0,10.76,無,,40.0
大安區,房地(土地+建物),和平東路二段１１８巷６弄３２號七樓,31.44,住,,,1130501,土地1建物1車位0,七層,七層,華廈(10層含以下有電梯),住家用,670816.0,137.67,4,2,2,有,有,43880000,318733.0,,0.0,0,陽台外推；頂樓加蓋；,RPROMLQLOHJGFFA48DA,119.77,0.0,17.9,有,,46.0
大安區,房地(土地+建物),信義路四段２６５巷２１弄３１號五樓,40.86,住,,,1130529,土地1建物1車位0,五層,六層,華廈(10層含以下有電梯),住家用,760901.0,185.94,4,2,2,有,無,50500000,271593.0,,0.0,0,陽台外推；其他增建；,RPVNMLRLOHJGFFA88DA,119.89,19.23,25.71,有,,37.0
大安區,房地(土地+建物),潮州街８４號五樓之５,13.96,住,,,1130526,土地1建物1車位0,五層,九層,華廈(10層含以下有電梯),住家用,980120.0,62.53,0,2,1,有,有,26050000,416600.0,,0.0,0,陽台外推；夾層；其他增建；,RPOOMLSLOHJGFFA38DA,14.51,9.06,13.52,有,2041.0,15.0
大安區,房地(土地+建物),和平東路二段１７５巷２９號六樓之３,9.23,住,,,1130522,土地2建物1車位0,六層,六層,華廈(10層含以下有電梯),住家用,600118.0,39.58,1,1,1,有,有,12910000,326175.0,,0.0,0,洗手間陽台外推；,RPUNMLSJPHJGFFA78DA,29.41,0.0,3.7,有,2042.0,53.0
內湖區,房地(土地+建物)+車位,內湖路一段４１１巷６６號十九樓,94.58,住,,,1130529,土地2建物1車位3,十九層,二十八層,住宅大樓(11層含以上有電梯),住家用,1051026.0,614.9200000000001,4,2,3,有,有,200000000,325251.0,坡道平面,0.0,0,,RPPNMLTJPHJGFCA18EA,342.1,11.47,33.04,有,2044.0,8.0
士林區,房地(土地+建物)+車位,重慶北路四段２２２號十樓之５,13.38,住,,,1130521,土地2建物1車位1,十層,十四層,住宅大樓(11層含以上有電梯),住家用,1060413.0,104.31,1,1,1,有,有,19500000,186925.0,坡道機械,18.93,0,,RPQNMLSJPHJGFEA38EA,45.36,4.38,7.05,有,,7.0
文山區,房地(土地+建物),木新路二段１１１巷１２弄２８號五樓,41.6,住,,,1130514,土地1建物1車位0,五層,五層,公寓(5樓含以下無電梯),住家用,751022.0,118.84,3,2,3,有,無,15880000,133625.0,,0.0,0,陽台外推；其他增建；,RPRNMLLKOHJGFAA27DA,97.5,0.5,10.54,無,,38.0
文山區,房地(土地+建物)+車位,汀州路四段２２７號五樓,32.09,住,,,1130518,土地1建物1車位1,五層,十四層,住宅大樓(11層含以上有電梯),住家用,991105.0,166.31,2,2,2,有,有,36100000,217065.0,坡道平面,0.0,0,車位面積無法概算其他增建；,RPRNMLKLOHJGFAA27DA,90.05,0.0,10.43,有,2047.0,14.0
萬華區,房地(土地+建物),國興路６４號五樓,12.4,住,,,1130527,土地1建物1車位0,五層,十二層,住宅大樓(11層含以上有電梯),住家用,680403.0,46.08,1,1,1,有,有,10380000,225260.0,,0.0,0,其他增建；,RPRPMLQJOHJGFBA97DA,38.94,0.0,7.14,有,2048.0,45.0
大同區,房地(土地+建物),重慶北路三段２０５巷１號五樓,23.6,住,,,1130516,土地1建物1車位0,五層，電梯樓梯間,五層,公寓(5樓含以下無電梯),住家用,840406.0,83.47,2,2,1,有,無,15120000,181143.0,,0.0,0,陽台外推；頂樓加蓋；其他增建；,RPSNMLLKOHJGFBA47DA,54.6,17.15,7.64,無,2049.0,29.0
中正區,房地(土地+建物)+車位,仁愛路一段２３巷８號四樓,14.46,住,,,1130501,土地1建物1車位1,四層,七層,華廈(10層含以下有電梯),住家用,1061116.0,85.02000000000001,2,2,1,有,有,27800000,326982.0,升降機械,17.74,0,,RPSNMLKKPHJGFBA47DA,31.87,2.06,2.25,有,2051.0,6.0
內湖區,房地(土地+建物)+車位,康樂街１８６巷３４之１號三樓之２,26.62,住,,,1130519,土地1建物1車位1,三層,十二層,住宅大樓(11層含以上有電梯),住家用,951120.0,144.6,3,2,2,有,有,26500000,183264.0,坡道平面,0.0,0,陽台外推；,RPQNMLLMNHJGFCA47DA,83.78,2.02,8.79,有,,17.0
內湖區,房地(土地+建物)+車位,文湖街２１巷８２弄１１號二樓,29.19,住,,,1130521,土地1建物1車位1,二層,九層,華廈(10層含以下有電梯),住家用,821230.0,138.36,3,2,2,有,有,26580000,192108.0,坡道平面,0.0,2500000,陽台外推；,RPXNMLNKOHJGFCA28DA,83.36,0.09,9.71,有,,30.0
內湖區,房地(土地+建物)+車位,瑞光路２１７號二樓,39.97,住,,,1130529,土地2建物1車位1,二層,八層,華廈(10層含以下有電梯),住家用,831108.0,222.62,3,2,2,有,有,29200000,131165.0,坡道平面,0.0,0,其他增建；,RPWOMLOKOHJGFCA38DA,96.93,30.21,11.24,有,,30.0
內湖區,房地(土地+建物),麗山街３３８巷２８之１號三樓,24.31,住,,,1130525,土地4建物1車位0,三層,五層,公寓(5樓含以下無電梯),住家用,710628.0,94.75,3,2,2,有,無,18600000,196306.0,,0.0,0,,RPTNMLQKOHJGFCA18DA,78.44,0.0,10.65,無,,42.0
中山區,房地(土地+建物),龍江路２１３號三樓,42.75,住,,,1130527,土地3建物1車位0,三層,四層,公寓(5樓含以下無電梯),住家用,620712.0,103.73,3,2,2,有,無,29370000,283139.0,,0.0,0,陽台外推；其他增建；,RPPNMLRJPHJGFCA87DA,103.73,0.0,0.0,無,,51.0
內湖區,房地(土地+建物),內湖路三段６０巷８弄３６號二樓,44.43,住,,,1130515,土地1建物1車位0,二層,五層,公寓(5樓含以下無電梯),住家用,700216.0,129.06,4,2,2,有,無,16800000,130172.0,,0.0,0,,RPWOMLSJPHJGFCA78DA,113.35,0.0,15.71,無,,43.0
信義區,房地(土地+建物)+車位,信義路六段１５巷１４號六樓,36.16,住,,,1130510,土地1建物1車位1,六層,十六層,住宅大樓(11層含以上有電梯),住家用,830910.0,285.94,3,2,2,有,有,58080000,203120.0,坡道平面,60.3,0,陽台外推；,RPROMLOKOHJGFDA97DA,236.15,2.12,25.74,有,,30.0
信義區,房地(土地+建物),信義路五段１５０巷３５１號三樓,50.75,住,,,1130508,土地1建物1車位0,三層,四層,公寓(5樓含以下無電梯),住家用,580122.0,129.35,4,2,2,有,無,23100000,178585.0,,0.0,0,,RPRNMLTKOHJGFDA38DA,129.35,0.0,0.0,無,,55.0
松山區,房地(土地+建物),三民路７４巷６號四樓之２,27.74,住,,,1130503,土地1建物1車位0,四層,七層,華廈(10層含以下有電梯),住家用,810310.0,118.22,3,2,2,有,有,32000000,270682.0,,0.0,0,鐵鋁窗其他增建；,RPVOMLKLOHJGFDA08DA,78.29,0.0,7.36,有,,32.0
信義區,房地(土地+建物)+車位,信義路五段９１巷１２弄１號五樓之５,33.86,住,,,1130526,土地1建物2車位1,五層,七層,華廈(10層含以下有電梯),住家用,971224.0,174.23000000000002,2,2,2,有,有,56900000,326580.0,坡道平面,0.0,3500000,,RPPPMLLLOHJGFDA67DA,65.84,11.27,4.25,有,,15.0
松山區,房地(土地+建物)+車位,敦化北路２４４巷７號,72.11,住,,,1130516,土地2建物2車位5,一層,十二層,住宅大樓(11層含以上有電梯),住家用,990528.0,507.28,3,2,3,有,有,122000000,355550.0,坡道平面,197.9,12000000,,RPSOMLLJPHJGFDA77DA,187.45,15.05,11.11,有,,14.0
北投區,房地(土地+建物)+車位,開明街４２號,44.66,住,,,1130505,土地1建物1車位1,一層,八層,華廈(10層含以下有電梯),住家用,850426.0,140.54,4,2,2,有,有,23000000,163654.0,坡道平面,0.0,0,,RPUNMLRJOHJGFEA48DA,90.75,0.0,11.5,有,2057.0,28.0
士林區,房地(土地+建物)+車位,承德路四段３２２號八樓,25.57,住,,,1130505,土地2建物1車位2,八層,十四層,住宅大樓(11層含以上有電梯),住家用,1011109.0,272.51,4,2,2,有,有,66360000,243514.0,坡道平面,51.18,0,其他增建；,RPUOMLLJPHJGFEA08DA,125.17,13.38,14.66,有,2058.0,11.0
北投區,房地(土地+建物)+車位,稻香路２４３號二樓,57.35,住,,,1130528,土地1建物1車位1,二層,五層,華廈(10層含以下有電梯),住家用,1101015.0,140.42,2,2,1,有,有,21480000,194735.0,坡道平面,40.9,2100000,含裝潢設備及家電,RPTNMLSJPHJGFEA58DA,55.51,4.39,4.95,有,,3.0
大安區,房地(土地+建物),新生南路一段１０３巷１６號四樓,29.32,住,,,1130525,土地1建物1車位0,四層,六層,華廈(10層含以下有電梯),住家用,800520.0,77.52,3,2,1,有,有,21350000,275413.0,,0.0,0,,RPOPMLTJPHJGFFA48DA,57.53,0.0,7.55,有,,33.0
文山區,房地(土地+建物),木新路二段６６巷１８號五樓,29.82,住,,,1130521,土地1建物1車位0,五層,六層,華廈(10層含以下有電梯),住家用,860217.0,92.59,2,2,2,有,有,16660000,179933.0,,0.0,0,,RPPNMLTJPHJGFAA97EA,59.04,3.52,7.34,有,2059.0,27.0
內湖區,房地(土地+建物),內湖路二段２６３巷６號四樓,22.75,住,,,1130521,土地1建物1車位0,四層,四層,公寓(5樓含以下無電梯),住家用,661217.0,90.68,5,2,4,有,無,11500000,126820.0,,0.0,0,１買賣標的滲漏水，賣方不負瑕疵擔保責任２買賣標的頂樓增建曾經被報拆３四樓格局：３∕２∕２；頂樓增建格局：２∕０∕２,RPUNMLRLNHJGFCA48EA,81.85,0.0,8.83,無,2060.0,46.0
松山區,房地(土地+建物),敦化南路一段５７號二樓之１２,8.87,住,,,1130528,土地4建物1車位0,二層,十二層,住宅大樓(11層含以上有電梯),住家用,660110.0,67.45,2,2,1,有,有,23000000,340993.0,,0.0,0,陽台外推；,RPPNMLTJPHJGFDA28EA,48.83,0.0,4.62,有,,47.0
士林區,房地(土地+建物),忠義街１３１號四樓,24.2,住,,,1130525,土地1建物1車位0,四層,五層,公寓(5樓含以下無電梯),住家用,651104.0,89.46,3,2,1,有,無,17450000,195059.0,,0.0,0,陽台外推；,RPRNMLKKPHJGFEA77EA,86.49,0.0,2.97,無,,48.0
文山區,房地(土地+建物),羅斯福路五段１７６巷３５號二樓,36.75,住,,,1130518,土地1建物1車位0,二層,四層,公寓(5樓含以下無電梯),住家用,660913.0,99.48,3,2,1,有,無,19500000,196019.0,,0.0,0,陽台外推；其他增建；,RPVOMLNLNHJGFAA97DA,82.83,0.0,16.65,無,,47.0
文山區,房地(土地+建物),辛亥路五段５５巷８號三樓,32.62,住,,,1130524,土地6建物1車位0,三層,五層,公寓(5樓含以下無電梯),住家用,710907.0,105.78,3,2,2,有,無,14500000,137077.0,,0.0,0,陽台外推；,RPVNMLSJPHJGFAA38DA,90.35,0.0,15.43,無,2062.0,42.0
文山區,房地(土地+建物),羅斯福路六段２３２巷１２號四樓,36.0,住,,,1130518,土地1建物1車位0,四層,四層,公寓(5樓含以下無電梯),住家用,,95.92,2,2,1,有,無,17000000,177231.0,,0.0,0,,RPPNMLLKPHJGFAA17DA,95.92,0.0,0.0,無,,
萬華區,房地(土地+建物),萬大路４２３巷４２號五樓之３,40.52,住,,,1130502,土地4建物1車位0,五層,十四層,住宅大樓(11層含以上有電梯),住家用,970103.0,189.3,3,2,2,有,有,37600000,198627.0,,0.0,0,陽台外推；,RPVOMLNJOHJGFBA97DA,103.07,0.0,9.77,有,,16.0
萬華區,房地(土地+建物)+車位,民和街９６號二樓,33.61,住,,,1130529,土地1建物1車位1,二層,十五層,住宅大樓(11層含以上有電梯),住家用,1121213.0,235.65999999999997,4,2,2,有,無,38080000,175479.0,坡道平面,34.04,2700000,,RPOOMLPJPHJGFBA57DA,112.56,12.13,9.73,有,,
萬華區,房地(土地+建物),萬大路２７７巷１４弄１２號,129.0,住,,,1130528,土地2建物2車位0,一層,二層,公寓(5樓含以下無電梯),住家用,540907.0,139.46,2,2,1,有,無,29600000,212247.0,,0.0,0,壹樓空地、平台、頂樓、後陽台增建其他增建；,RPSNMLSJPHJGFBA18DA,139.46,0.0,0.0,無,,59.0
萬華區,房地(土地+建物),德昌街１５８號二樓,18.5,住,,,1130504,土地1建物1車位0,二層,四層,公寓(5樓含以下無電梯),住家用,600309.0,71.48,2,2,2,有,無,11200000,156687.0,,0.0,0,其他增建；,RPVNMLTJPHJGFBA58DA,71.48,0.0,0.0,無,,53.0
中山區,房地(土地+建物),龍江路３５６巷７２號五樓,23.13,住,,,1130519,土地1建物1車位0,五層,七層,華廈(10層含以下有電梯),住家用,720221.0,138.51000000000002,4,2,2,有,無,29450000,212620.0,,0.0,0,陽台外推；其他增建；,RPOQMLNLNHJGFCA67DA,117.52,0.0,15.0,有,,41.0
中山區,房地(土地+建物)+車位,北安路８２９號八樓,6.25,住,,,1130519,土地2建物1車位1,八層,十四層,住宅大樓(11層含以上有電梯),住家用,991224.0,88.26,1,1,1,有,有,17520000,313946.0,坡道平面,42.01,3000000,,RPQNMLKMNHJGFCA37DA,24.17,0.9,3.62,有,2065.0,13.0
內湖區,房地(土地+建物)+車位,民權東路六段１７５號六樓之２,13.46,住,,,1130519,土地2建物1車位1,六層,十一層,住宅大樓(11層含以上有電梯),住家用,1041008.0,94.87,1,2,1,有,有,24000000,252978.0,塔式車位,15.68,0,其他增建；,RPSNMLMLOHJGFCA77DA,43.16,5.8,4.24,有,2066.0,9.0
南港區,房地(土地+建物),舊莊街一段２６７號二樓,18.45,住,,,1130511,土地1建物1車位0,二層,七層,華廈(10層含以下有電梯),住家用,1070814.0,73.52000000000001,2,1,1,有,有,14600000,198585.0,,0.0,0,夾層；,RPQOMLOJPHJGFDA87DA,40.62,0.0,4.62,有,2067.0,6.0
北投區,房地(土地+建物),中央北路三段２０８號四樓,43.69,住,,,1130516,土地1建物1車位0,四層,五層,公寓(5樓含以下無電梯),住家用,710619.0,142.89,4,2,2,有,無,13260000,92799.0,,0.0,0,陽台外推；,RPOOMLRJOHJGFEA97DA,131.26,0.0,11.63,無,,42.0
北投區,房地(土地+建物),奇岩路２２號,34.6,住,,,1130513,土地2建物1車位0,二層,三層,公寓(5樓含以下無電梯),住家用,610815.0,102.9,3,2,1,有,無,9850000,95724.0,,0.0,0,其他增建；,RPWPMLLKOHJGFEA38DA,102.9,0.0,0.0,無,,52.0
士林區,房地(土地+建物),福港街２５９巷２９弄４號三樓,27.94,住,,,1130527,土地1建物1車位0,三層,五層,公寓(5樓含以下無電梯),住家用,690612.0,88.85,3,2,2,有,無,14850000,167136.0,,0.0,0,陽台外推；其他增建；,RPOQMLLKOHJGFEA67DA,75.87,0.0,12.98,無,,44.0
北投區,房地(土地+建物)+車位,奇岩路１０號二樓之２,44.59,住,,,1130525,土地1建物1車位1,二層,五層,華廈(10層含以下有電梯),住家用,1011228.0,105.28,1,1,1,有,有,10700000,101634.0,升降平面,37.67,0,,RPXNMLSLOHJGFEA09DA,37.27,3.03,4.88,有,2069.0,11.0
北投區,房地(土地+建物),中央北路二段１８１號四樓之１,15.2,住,,,1130524,土地1建物1車位0,四層,八層,華廈(10層含以下有電梯),住家用,831210.0,82.06,2,2,1,有,有,14800000,180356.0,,0.0,0,其他增建；,RPRNMLPJPHJGFEA08DA,52.3,0.72,5.74,有,2070.0,29.0
中正區,房地(土地+建物),詔安街２７６巷６號四樓,35.75,住,,,1130517,土地1建物1車位0,四層，露台,四層,公寓(5樓含以下無電梯),住家用,580715.0,97.41,3,2,1,有,無,17390000,178524.0,,0.0,0,其他增建；,RPPNMLKKPHJGFAA17EA,97.41,0.0,0.0,無,2072.0,55.0
中山區,房地(土地+建物),新生北路三段７號十二樓之３,14.79,住,,,1130522,土地1建物1車位0,十二層,十二層,住宅大樓(11層含以上有電梯),住家用,710420.0,144.37,3,2,2,有,有,32752500,226865.0,,0.0,0,,RPRNMLRLNHJGFCA18EA,108.46,0.0,15.17,有,,42.0
中山區,房地(土地+建物),新生北路三段７號十二樓,15.78,住,,,1130522,土地1建物1車位0,十二層,十二層,住宅大樓(11層含以上有電梯),住家用,710420.0,152.73,1,1,2,有,有,34650000,226871.0,,0.0,0,,SPRNMLRLNHJGFCA28EA,117.81,0.0,12.48,有,,42.0
松山區,房地(土地+建物),復興北路４２７巷２５號十一樓之１、之２,10.88,住,,,1130503,土地1建物1車位0,十一層,十一層,住宅大樓(11層含以上有電梯),住家用,971013.0,67.08,1,1,1,有,有,18510000,275939.0,,0.0,0,,RPOOMLKKPHJGFDA47EA,33.14,3.08,4.2,有,2073.0,16.0
北投區,房地(土地+建物),致遠一路二段１０３號三樓,31.0,住,,,1130527,土地1建物1車位0,三層,五層,公寓(5樓含以下無電梯),住家用,660302.0,111.13,3,2,2,有,無,24100000,216863.0,,0.0,0,,RPVNMLKKPHJGFEA18EA,101.95,0.0,9.18,無,,47.0
文山區,房地(土地+建物),興隆路二段１５３巷２弄８號四樓,54.75,住,,,1130508,土地1建物1車位0,四層,四層,公寓(5樓含以下無電梯),住家用,,135.24,4,2,2,有,無,25300000,187075.0,,0.0,0,陽台外推；其他增建；具重建或重劃、都更等效益；,RPPOMLNKNHJGFAA27DA,117.05,0.0,18.19,無,,
文山區,房地(土地+建物),興隆路三段１１２巷４弄４４號二樓,25.49,住,,,1130520,土地1建物1車位0,二層,五層,公寓(5樓含以下無電梯),住家用,690201.0,84.2,6,0,2,有,無,16450000,195368.0,,0.0,0,陽台外推；其他增建；,RPXNMLLKPHJGFAA97DA,74.87,0.0,9.33,無,2074.0,44.0
中山區,房地(土地+建物),松江路２２１巷５號五樓,26.17,住,,,1130526,土地1建物1車位0,五層,七層,華廈(10層含以下有電梯),住家用,690324.0,140.39,3,2,2,有,有,35500000,252867.0,,0.0,0,,RPTOMLNJPHJGFCA97DA,118.17,0.0,19.66,有,,44.0
內湖區,房地(土地+建物)+車位,民權東路六段２２８號六樓,52.86,住,,,1130527,土地2建物1車位1,六層,十層,華廈(10層含以下有電梯),住家用,990602.0,200.46,3,2,2,有,有,48000000,262263.0,坡道平面,26.97,2500000,陽台外推；,RPRNMLPJPHJGFCA87DA,108.0,6.81,12.16,有,,14.0
內湖區,房地(土地+建物),星雲街５３號七樓,11.98,住,,,1130531,土地1建物1車位0,七層,七層,華廈(10層含以下有電梯),住家用,1040210.0,48.61,1,1,1,有,有,14500000,298293.0,,0.0,0,,RPPOMLPJPHJGFCA77DA,20.26,0.0,8.5,有,2081.0,9.0
內湖區,房地(土地+建物),內湖路一段４３７巷２弄５號四樓,24.28,住,,,1130530,土地2建物1車位0,四層,五層,公寓(5樓含以下無電梯),住家用,670518.0,84.92,3,2,1,有,無,15000000,176637.0,,0.0,0,陽台外推；,RPTNMLSJPHJGFCA38DA,74.93,0.0,9.99,無,,46.0
內湖區,房地(土地+建物)+車位,文德路２７１號九樓,32.33,住,,,1130522,土地2建物1車位1,九層,十一層,住宅大樓(11層含以上有電梯),住家用,961130.0,193.25,4,2,2,有,有,45700000,236481.0,坡道平面,0.0,0,陽台外推；,RPROMLTJPHJGFCA38DA,115.06,3.13,10.15,有,,16.0
松山區,房地(土地+建物),八德路四段７２巷１４弄９號三樓,33.25,住,,,1130520,土地2建物1車位0,三層，露台,四層,公寓(5樓含以下無電梯),住家用,590317.0,92.76,3,2,2,有,無,17300000,186503.0,,0.0,0,,RPWNMLKLNHJGFDA97DA,92.76,0.0,0.0,無,,54.0
信義區,房地(土地+建物),松隆路２８６號二樓,18.48,住,,,1130509,土地1建物1車位0,二層,七層,華廈(10層含以下有電梯),住家用,780624.0,110.42,3,2,2,有,無,26100000,236370.0,,0.0,0,,RPPNMLPKOHJGFDA77DA,81.93,0.0,10.95,有,2082.0,35.0
信義區,房地(土地+建物),松信路１６號二樓,30.19,住,,,1130523,土地3建物1車位0,二層,五層,公寓(5樓含以下無電梯),住家用,701229.0,107.79,3,2,2,有,無,22150000,205492.0,,0.0,0,,RPSOMLKKPHJGFDA77DA,92.28,0.0,6.99,無,,42.0
士林區,房地(土地+建物)+車位,中山北路七段１１４巷４１弄１５之１號四樓,64.55,住,,,1130530,土地1建物1車位2,四層,六層,華廈(10層含以下有電梯),住家用,830322.0,191.37,2,2,1,有,有,25500000,133250.0,坡道平面,0.0,3500000,陽台外推；其他增建；,RPWNMLPLOHJGFEA68DA,71.05,1.26,10.15,有,,30.0
大安區,房地(土地+建物),敦化南路二段６３巷５４弄１２號六樓,35.13,住,,,1130526,土地1建物1車位0,六層,七層,華廈(10層含以下有電梯),住家用,740313.0,169.6,3,2,2,有,無,50000000,294811.0,,0.0,0,其他增建；,RPQOMLQLOHJGFFA38DA,140.43,0.0,16.21,有,2084.0,39.0
文山區,房地(土地+建物),萬芳路１０７巷１３號十樓,37.86,住,,,1130524,土地3建物1車位0,十層,十五層,住宅大樓(11層含以上有電梯),住家用,970623.0,207.27,2,1,2,有,有,30000000,144732.0,,0.0,0,含3個機車位,RPQNMLLKPHJGFAA37EA,77.66,3.54,8.23,有,,16.0
文山區,房地(土地+建物)+車位,興隆路四段１０９巷１２８號十一樓,48.51,住,,,1130525,土地2建物1車位1,十一層,十三層,住宅大樓(11層含以上有電梯),住家用,1020927.0,198.37,3,2,2,有,有,40300000,203156.0,坡道平面,0.0,0,依建物謄本標示部，車位面積無法概算,RPSNMLMKOHJGFAA47DA,104.61,1.72,12.87,有,,11.0
中正區,房地(土地+建物)+車位,牯嶺街８５號四樓,80.12,住,,,1130501,土地1建物1車位2,四層,十一層,住宅大樓(11層含以上有電梯),住家用,1050617.0,394.2,3,2,2,有,有,98000000,302005.0,坡道平面,92.88,7000000,,RPORMLSKOHJGFAA08DA,162.06,8.7,18.34,有,2088.0,8.0
文山區,房地(土地+建物),木柵路一段３２０號二樓,17.0,住,,,1130525,土地1建物1車位0,二層,三層,公寓(5樓含以下無電梯),住家用,570320.0,66.28,2,1,1,有,無,11400000,171998.0,,0.0,0,,RPTNMLLJPHJGFAA47DA,63.17,0.0,3.11,無,2089.0,56.0
中正區,房地(土地+建物),泉州街９５號七樓,11.37,住,,,1130501,土地1建物1車位0,七層,七層,華廈(10層含以下有電梯),住家用,770912.0,76.75,2,2,1,有,有,16880000,219935.0,,0.0,0,陽台外推；其他增建；,RPXNMLOJPHJGFAA18DA,58.75,0.17,9.5,有,2090.0,36.0
中正區,房地(土地+建物),延平南路２３０巷５號,23.86,住,,,1130524,土地1建物1車位0,一層，平台,七層,華廈(10層含以下有電梯),住家用,650713.0,172.87,0,0,0,無,有,32660000,188928.0,,0.0,0,含租約；,RPSOMLPJPHJGFAA87DA,97.17,75.7,0.0,有,,48.0
中山區,房地(土地+建物),中原街２２號二樓之２９,5.46,住,,,1130508,土地1建物1車位0,二層,七層,華廈(10層含以下有電梯),住家用,660625.0,32.74,0,0,0,無,有,7500000,229078.0,,0.0,0,陽台外推；其他增建；,RPWNMLOKOHJGFCA28DA,23.7,0.0,3.53,有,,47.0
中山區,房地(土地+建物),民生西路４５巷５弄１７號四樓,25.75,住,,,1130516,土地1建物1車位0,四層,四層,公寓(5樓含以下無電梯),住家用,560927.0,62.64,4,2,2,有,無,16600000,265006.0,,0.0,0,頂樓加蓋；,RPXQMLSJPHJGFCA09DA,62.64,0.0,0.0,無,,57.0
內湖區,房地(土地+建物)+車位,金龍路２０３之４號,20.11,住,,,1130506,土地1建物1車位1,一層,七層,華廈(10層含以下有電梯),住家用,750121.0,120.27,3,2,2,有,有,26510000,220421.0,坡道平面,0.0,0,其他增建；,RPWNMLTJPHJGFCA78DA,86.97,7.98,0.0,有,,38.0
中山區,房地(土地+建物)+車位,北安路７８９號十三樓之５,8.76,住,,,1130521,土地1建物1車位1,十三層,十四層,住宅大樓(11層含以上有電梯),住家用,1020904.0,87.76,2,2,1,有,有,26660000,332933.0,塔式車位,12.8,1700000,夾層；,RPPNMLMKPHJGFCA47DA,39.36,4.44,3.65,有,2094.0,11.0
南港區,房地(土地+建物),重陽路５９０號八樓,18.77,住,,,1130524,土地1建物1車位0,八層,十二層,住宅大樓(11層含以上有電梯),住家用,960130.0,75.83,2,2,1,有,有,24500000,323091.0,,0.0,0,,RPPPMLMKOHJGFDA67DA,44.1,8.15,3.5,有,2095.0,17.0
南港區,房地(土地+建物),福德街３７３巷３９號十八樓,21.15,住,,,1130525,土地1建物1車位0,十八層,十九層,住宅大樓(11層含以上有電梯),住家用,870521.0,128.05,3,2,1,有,有,26600000,207731.0,,0.0,0,陽台外推；其他增建；,RPUOMLQLOHJGFDA58DA,70.01,0.0,8.0,有,,26.0
信義區,房地(土地+建物),富陽街２０巷３之１號五樓,26.44,住,,,1130519,土地2建物1車位0,五層,五層,公寓(5樓含以下無電梯),住家用,690103.0,98.26,3,2,1,有,無,20000000,203542.0,,0.0,0,頂樓加蓋；其他增建；,RPPOMLPJPHJGFDA87DA,82.9,0.0,15.36,無,,44.0
北投區,房地(土地+建物),承德路七段２２０巷１３號三樓,30.75,住,,,1130521,土地1建物1車位0,三層,四層,公寓(5樓含以下無電梯),住家用,621225.0,93.96,2,2,1,有,無,13600000,144742.0,,0.0,0,前陽台外推、鐵鋁窗增建其他增建；,RPPNMLOJPHJGFEA77DA,78.97,0.0,14.99,無,,50.0
士林區,房地(土地+建物)+車位,中山北路七段２２６之１號四樓,42.5,住,,,1130526,土地1建物1車位1,四層,七層,華廈(10層含以下有電梯),住家用,761008.0,224.88,4,2,2,有,有,41100000,194130.0,坡道平面,28.62,3000000,陽台外推；其他增建；,RPRNMLRJPHJGFEA28DA,177.36,0.0,23.54,有,2096.0,37.0
北投區,房地(土地+建物)+車位,稻香路１６２號四樓,83.5,住,,,1130529,土地1建物1車位2,四層,五層,華廈(10層含以下有電梯),住家用,1060815.0,318.74,4,2,3,有,有,40100000,135828.0,坡道平面,51.49,3800000,其他增建；,RPWNMLRJPHJGFEA78DA,154.73,6.88,22.24,有,2097.0,7.0
大安區,房地(土地+建物),臥龍街２６７之９號,36.25,住,,,1130521,土地1建物1車位0,一層，騎樓，停車場,四層,公寓(5樓含以下無電梯),住家用,670224.0,95.47,0,0,1,有,無,23680000,248036.0,,0.0,0,夾層；其他增建；,RPPNMLPJOHJGFFA87DA,95.47,0.0,0.0,無,,46.0
大安區,房地(土地+建物),仁愛路四段３４５巷１５弄８號三樓,29.46,住,,,1130527,土地1建物1車位0,三層，電梯樓梯間,七層,華廈(10層含以下有電梯),住家用,670325.0,162.82,4,2,2,有,無,56500000,347009.0,,0.0,0,陽台外推；,RPPNMLNKOHJGFFA77DA,151.09,0.0,11.73,有,2098.0,46.0
大安區,房地(土地+建物),青田街６巷１２號四樓之５,12.81,住,,,1130531,土地1建物1車位0,四層,七層,華廈(10層含以下有電梯),住家用,980828.0,55.83,1,1,1,有,有,24500000,438832.0,,0.0,0,,RPRPMLOJPHJGFFA28DA,28.82,2.22,3.92,有,,15.0
內湖區,房地(土地+建物),行善路４７號十樓,48.27,住,,,1130524,土地1建物1車位0,十層,十層,華廈(10層含以下有電梯),住家用,870506.0,127.38,3,2,2,有,有,23000000,180562.0,,0.0,0,,RPQNMLMKPHJGFCA67EA,76.34,0.0,7.06,有,2099.0,26.0
文山區,房地(土地+建物),萬盛街１３０巷３號之２,43.25,住,,,1130510,土地1建物1車位0,一層,四層,公寓(5樓含以下無電梯),住家用,730131.0,121.11,3,2,2,有,無,24300000,200644.0,,0.0,0,其他增建；,RPQNMLNJOHJGFAA27DA,71.06,38.92,0.0,無,,40.0
文山區,房地(土地+建物),仙岩路１６巷４６號三樓之２,16.31,住,,,1130528,土地1建物1車位0,三層,八層,華廈(10層含以下有電梯),住家用,821221.0,46.79,1,1,1,有,有,9000000,192349.0,,0.0,0,其他增建；,RPQNMLQKOHJGFAA67DA,27.52,2.68,0.0,有,2101.0,30.0
文山區,房地(土地+建物),木柵路一段１９４號四樓,20.0,住,,,1130529,土地3建物1車位0,四層,四層,公寓(5樓含以下無電梯),住家用,780911.0,53.9,2,2,3,有,無,11280000,209238.0,,0.0,0,陽台外推；頂樓加蓋；其他增建；,RPRNMLTJPHJGFAA08DA,39.92,4.23,6.27,無,2102.0,35.0
萬華區,房地(土地+建物),西園路二段２２１號五樓,32.0,住,,,1130511,土地1建物1車位0,五層,七層,華廈(10層含以下有電梯),住家用,711105.0,173.9,4,2,3,有,無,31600000,181714.0,,0.0,0,陽台外推；,RPUNMLKLNHJGFBA57DA,125.31,0.0,24.31,有,,42.0
內湖區,房地(土地+建物)+車位,民權東路六段２８０巷１５５弄２１３號六樓之２７,14.08,住,,,1130512,土地1建物1車位1,五層，六層,十一層,住宅大樓(11層含以上有電梯),住家用,860710.0,72.62,1,1,1,有,有,12720000,264810.0,坡道機械,30.25,1500000,陽台外推；夾層；其他增建；,RPOQMLOLOHJGFCA87DA,24.01,0.78,2.51,有,2104.0,27.0
內湖區,房地(土地+建物)+車位,新富街６６號十樓,58.4,住,,,1130520,土地1建物1車位2,十層,十四層,住宅大樓(11層含以上有電梯),住家用,1031020.0,365.14,3,2,3,有,有,85880000,285634.0,坡道平面,81.98,5000000,,RPUNMLSLOHJGFCA58DA,169.53,0.0,19.97,有,2105.0,10.0
中山區,房地(土地+建物),中原街２２號七樓之８,8.16,住,,,1130510,土地1建物1車位0,七層,七層,華廈(10層含以下有電梯),住家用,660625.0,52.66,1,1,1,有,有,15680000,297759.0,,0.0,0,陽台外推；,RPXNMLNJPHJGFCA28DA,36.05,0.0,8.21,有,2106.0,47.0
中山區,房地(土地+建物),錦州街３６３號六樓之２,14.69,住,,,1130530,土地1建物1車位0,六層,七層,華廈(10層含以下有電梯),住家用,730524.0,81.23,2,2,1,有,有,21000000,258525.0,,0.0,0,陽台外推；其他增建；,RPOOMLNJPHJGFCA47DA,61.33,0.0,7.26,有,2107.0,40.0
中山區,房地(土地+建物),松江路２６巷１５號三樓,30.8,住,,,1130522,土地1建物1車位0,三層,五層,公寓(5樓含以下無電梯),住家用,680628.0,108.65,3,2,2,有,無,26800000,246664.0,,0.0,0,陽台外推；其他增建；,RPQNMLMKPHJGFCA57DA,94.42,0.0,14.23,無,,45.0
信義區,房地(土地+建物),虎林街１２０巷１３６號二樓,32.5,住,,,1130519,土地1建物1車位0,二層,四層,公寓(5樓含以下無電梯),住家用,580805.0,94.94,3,2,1,有,無,23880000,251527.0,,0.0,0,其他增建：陽台加蓋凸鐵窗、加窗露臺之增建物陽台外推；其他增建；,RPWOMLTKOHJGFDA98DA,85.52,0.0,9.42,無,,55.0
松山區,房地(土地+建物),南京東路五段６６巷２弄１３號五樓,25.0,住,,,1130506,土地1建物1車位0,五層,五層,公寓(5樓含以下無電梯),住家用,670308.0,100.11,3,2,2,有,無,21650000,216262.0,,0.0,0,,RPTOMLLLOHJGFDA97DA,88.42,0.0,11.69,無,,46.0
南港區,房地(土地+建物)+車位,經貿二路１５７巷３６弄９０號四樓之３,51.98,住,,,1130508,土地1建物1車位1,四層,十層,華廈(10層含以下有電梯),住家用,970905.0,229.36,3,2,2,有,有,63500000,276857.0,坡道平面,37.81,0,其他增建；,RPWNMLMJPHJGFDA18DA,116.17,2.63,12.49,有,2110.0,16.0
松山區,房地(土地+建物),敦化北路１９９巷１０號八樓,45.17,住,,,1130528,土地1建物1車位0,八層,十二層,住宅大樓(11層含以上有電梯),住家用,830716.0,174.64999999999998,3,2,2,有,有,49500000,283424.0,,0.0,0,,RPSOMLPKPHJGFDA28DA,89.44,0.0,14.16,有,2113.0,30.0
大安區,房地(土地+建物),新生南路三段６號九樓,21.18,住,,,1130524,土地1建物1車位0,九層,十二層,住宅大樓(11層含以上有電梯),住家用,730712.0,154.69,4,2,2,有,有,46800000,302541.0,,0.0,0,陽台外推；,RPVNMLNJOHJGFFA28DA,118.69,0.48,14.33,有,,40.0
大安區,房地(土地+建物),金山南路二段１４１巷２０號二樓,27.4,住,,,1130511,土地1建物1車位0,二層,五層,公寓(5樓含以下無電梯),住家用,750424.0,104.45,6,0,2,有,無,30700000,293921.0,,0.0,0,陽台外推；其他增建；,RPWNMLPLOHJGFFA78DA,84.69,0.0,10.67,無,,38.0
大安區,房地(土地+建物),忠孝東路三段２１７巷５弄１４號四樓,46.33,住,,,1130526,土地1建物1車位0,四層，陽台,六層,華廈(10層含以下有電梯),住家用,610705.0,187.3,4,2,2,有,有,52300000,279231.0,,0.0,0,,RPOOMLQLOHJGFFA18DA,187.3,0.0,0.0,有,,52.0
大安區,建物,瑞安街７１巷２號六樓之７,0.0,,,,1130518,土地0建物1車位0,六層,六層,華廈(10層含以下有電梯),住家用,721209.0,199.5,3,2,2,有,有,18500000,92732.0,,0.0,0,建物坐落地號：瑞安段二小段446地號；其他增建；地上權房屋；,RPSNMLRLOHJGFFA58DA,107.22,0.0,18.43,有,2115.0,40.0
大安區,房地(土地+建物),仁愛路四段６８號九樓之９,4.84,住,,,1130518,土地2建物1車位0,九層,十四層,住宅大樓(11層含以上有電梯),住家用,661212.0,50.83,1,1,1,有,有,16680000,328153.0,,0.0,0,,RPQNMLMJPHJGFFA77DA,43.43,0.0,0.0,有,,46.0
大安區,房地(土地+建物),大安路一段１４５號十一樓,25.55,住,,,1130506,土地7建物1車位0,十一層，陽台,十二層,住宅大樓(11層含以上有電梯),住家用,610107.0,192.79,5,2,3,有,有,60380000,313191.0,,0.0,0,陽台外推；其他增建；,RPPNMLKKPHJGFFA57DA,192.79,0.0,0.0,有,,52.0
大安區,房地(土地+建物),仁愛路四段３００巷１１號四樓之１１,6.36,住,,,1130531,土地1建物1車位0,四層,七層,華廈(10層含以下有電梯),住家用,721128.0,41.52,1,1,1,有,有,12980000,312620.0,,0.0,0,陽台外推；,RPUNMLKKPHJGFFA08DA,30.03,0.0,4.84,有,2116.0,41.0
士林區,房地(土地+建物),中山北路七段８１巷４１弄７之２號五樓,31.56,住,,,1130526,土地2建物1車位0,五層,五層,華廈(10層含以下有電梯),住家用,670720.0,104.84,3,2,2,有,有,24580000,234452.0,,0.0,0,陽台外推；,RPSNMLMKPHJGFEA08EA,98.67,0.0,6.17,有,,46.0
士林區,房地(土地+建物),忠義街１３１號二樓,24.2,住,,,1130509,土地1建物1車位0,二層,五層,公寓(5樓含以下無電梯),住家用,651104.0,89.46,3,1,1,有,無,18000000,201207.0,,0.0,0,,RPQNMLPKPHJGFEA18EA,86.49,0.0,2.97,無,,48.0
北投區,房地(土地+建物)+車位,大業路３００巷９弄２２號六樓,39.24,住,,,1130511,土地1建物1車位1,六層,七層,華廈(10層含以下有電梯),住家用,970808.0,195.23,3,2,2,有,有,31250000,198868.0,坡道平面,52.17,2800000,,RPTNMLPKPHJGFEA48EA,85.6,2.24,8.55,有,,16.0
文山區,房地(土地+建物)+車位,和興路２８巷１４號五樓,41.88,住,,,1130526,土地1建物1車位1,五層，夾層,五層,公寓(5樓含以下無電梯),住家用,870806.0,136.28,4,2,3,有,有,20660000,167347.0,升降機械,23.58,1800000,夾層；其他增建；,RPSNMLKLOHJGFAA37DA,90.71,3.32,2.0,無,,26.0
文山區,房地(土地+建物),秀明路二段２４巷２之１號四樓,19.06,住,,,1130526,土地1建物1車位0,四層,五層,公寓(5樓含以下無電梯),住家用,720802.0,76.75,3,0,3,有,無,12500000,162866.0,,0.0,0,陽台外推；其他增建；,RPPNMLNJPHJGFAA27DA,57.67,0.0,8.57,無,,41.0
內湖區,房地(土地+建物),民權東路六段１０６號三樓,26.23,住,,,1130507,土地1建物1車位0,三層,五層,公寓(5樓含以下無電梯),住家用,691024.0,109.07,3,2,2,有,無,16600000,152196.0,,0.0,0,,RPSOMLRKOHJGFCA28DA,93.88,0.0,15.19,無,,44.0
內湖區,房地(土地+建物),民權東路六段１０６號四樓,26.23,住,,,1130530,土地1建物1車位0,四層,五層,公寓(5樓含以下無電梯),住家用,691024.0,109.07,3,2,2,有,無,16600000,152196.0,,0.0,0,,RPPQMLSKOHJGFCA28DA,93.88,0.0,15.19,無,,44.0
內湖區,房地(土地+建物),康寧路一段２８４號五樓,21.57,住,,,1130512,土地2建物1車位0,五層,五層,公寓(5樓含以下無電梯),住家用,680903.0,71.91,2,1,1,有,無,14000000,194688.0,,0.0,0,陽台外推；其他增建；,RPPNMLPLOHJGFCA77DA,61.27,0.0,10.64,無,,45.0
內湖區,房地(土地+建物),文德路２２巷５３弄１１號三樓,37.0,住,,,1130519,土地1建物1車位0,三層,四層,公寓(5樓含以下無電梯),住家用,681128.0,104.17,3,2,2,有,無,20300000,194874.0,,0.0,0,陽台外推；其他增建；,RPOOMLPLOHJGFCA77DA,91.26,0.0,12.91,無,,44.0
內湖區,房地(土地+建物)+車位,民權東路六段２９６巷２５號四樓,36.19,住,,,1130526,土地2建物1車位1,四層,五層,公寓(5樓含以下無電梯),住家用,761001.0,158.09,3,2,2,有,無,25300000,195172.0,坡道平面,41.27,2500000,陽台外推；,RPVNMLTJPHJGFCA68DA,134.61,0.59,9.33,無,,37.0
南港區,房地(土地+建物)+車位,忠孝東路六段１２４號二樓,14.31,住,,,1130512,土地1建物1車位1,二層,九層,華廈(10層含以下有電梯),住家用,830812.0,116.67,0,0,0,無,有,21500000,184280.0,升降機械,0.0,0,陽台外推及加窗、內梯、車位僅有使用權,RPPPMLQJOHJGFDA97DA,56.49,0.0,19.42,有,,30.0
南港區,房地(土地+建物)+車位,松河街７７２號四樓,28.73,住,,,1130501,土地1建物1車位1,四層,七層,華廈(10層含以下有電梯),住家用,981207.0,115.12,2,1,1,有,有,22890000,198593.0,坡道機械,9.93,2000000,與南港區松河街772號4樓之1兩戶打通使用其他增建；,RPTNMLKLOHJGFDA77DA,52.06,6.65,6.67,有,,14.0
南港區,房地(土地+建物)+車位,松河街７７２號四樓之１,28.73,住,,,1130501,土地1建物1車位1,四層,七層,華廈(10層含以下有電梯),住家用,981207.0,123.3,2,1,1,有,有,23390000,198744.0,坡道平面,18.19,2500000,與南港區松河街772號4樓兩戶打通使用其他增建；,RPWNMLKLOHJGFDA08DA,52.03,6.65,6.67,有,,14.0
信義區,房地(土地+建物),永吉路２００巷６１弄２號五樓,9.8,住,,,1130528,土地1建物1車位0,五層,五層,華廈(10層含以下有電梯),住家用,1040723.0,32.42,1,1,1,有,有,12480000,384948.0,,0.0,0,陽台外推；夾層；其他增建；,RPOOMLPLOHJGFDA87DA,12.88,2.91,1.59,有,,9.0
士林區,房地(土地+建物),承德路四段６巷１５號三樓,22.0,住,,,1130506,土地3建物1車位0,三層,五層,公寓(5樓含以下無電梯),住家用,750723.0,64.09,3,1,2,有,無,14000000,218443.0,,0.0,0,陽台外推；其他增建；,RPSOMLRKOHJGFEA48DA,58.03,0.0,6.06,無,,38.0
北投區,房地(土地+建物),石牌路二段３１５巷１２之１號四樓,49.16,住,,,1130526,土地1建物1車位0,四層,四層,公寓(5樓含以下無電梯),住家用,680707.0,131.06,4,2,2,有,無,24680000,188311.0,,0.0,0,陽台外推；頂樓加蓋；其他增建；,RPVOMLOLOHJGFEA58DA,114.43,0.0,16.63,無,,45.0
大安區,房地(土地+建物),敦化南路一段３２９巷７號三樓,19.4,住,,,1130530,土地1建物1車位0,三層,五層,公寓(5樓含以下無電梯),住家用,740508.0,73.72,2,1,2,有,無,23450000,318095.0,,0.0,0,陽台外推；,RPUOMLKMNHJGFFA18DA,63.0,0.0,5.27,無,,39.0
大安區,房地(土地+建物),忠孝東路三段２４８巷１３弄２之３號五樓,36.34,住,,,1130529,土地1建物1車位0,五層,七層,華廈(10層含以下有電梯),住家用,710313.0,147.19,3,2,1,有,有,37850000,257151.0,,0.0,0,,RPRNMLPJPHJGFFA18DA,100.94,0.0,8.21,有,,42.0
內湖區,房地(土地+建物),陽光街２１４號四樓,42.01,住,,,1130509,土地2建物1車位0,四層,七層,華廈(10層含以下有電梯),住家用,730131.0,112.36,3,2,1,有,有,25600000,227839.0,,0.0,0,其他增建；,RPRNMLQKPHJGFCA18EA,76.27,0.0,7.32,有,,40.0
松山區,房地(土地+建物),南京東路五段２５１巷２４弄３３號三樓,21.66,住,,,1130531,土地3建物1車位0,三層,七層,華廈(10層含以下有電梯),住家用,661213.0,106.39,3,2,2,有,無,30000000,281981.0,,0.0,0,陽台外推；其他增建；,RPRNMLPKPHJGFDA18EA,91.18,0.0,15.21,有,,46.0
大安區,房地(土地+建物),臥龍街１５１巷２９號七樓之１,17.97,住,,,1130524,土地1建物1車位0,七層,七層,華廈(10層含以下有電梯),住家用,701123.0,101.44,2,2,2,有,無,25800000,254338.0,,0.0,0,陽台外推；頂樓加蓋；,RPPNMLQKPHJGFFA28EA,68.34,0.0,17.36,有,,43.0
大同區,房地(土地+建物),重慶北路三段２０３之３號九樓之２,8.68,住,,,1130518,土地2建物1車位0,九層,十二層,住宅大樓(11層含以上有電梯),住家用,1090728.0,70.49,0,0,0,無,有,18900000,268123.0,,0.0,0,,RPQOMLPLOHJGFBA87DA,33.08,9.67,0.0,有,,4.0
中山區,房地(土地+建物),農安街２２７巷３弄３２號三樓,22.9,住,,,1130526,土地2建物1車位0,三層,五層,公寓(5樓含以下無電梯),住家用,720516.0,84.65,3,2,2,有,無,18600000,219728.0,,0.0,0,其他增建：後陽台外推。其他增建；,RPRNMLTKOHJGFCA28DA,71.8,0.0,12.85,無,,41.0
內湖區,房地(土地+建物),大湖山莊街２１９巷３１弄３１號三樓,43.45,住,,,1130514,土地1建物1車位0,三層,五層,公寓(5樓含以下無電梯),住家用,770324.0,136.96,4,2,2,有,無,24000000,175234.0,,0.0,0,其他增建；,RPSOMLTKOHJGFCA48DA,108.84,3.2,11.35,無,,36.0
信義區,房地(土地+建物),忠孝東路五段６２５號四樓,20.76,住,,,1130531,土地1建物1車位0,四層,七層,華廈(10層含以下有電梯),住家用,721207.0,109.29,2,2,2,有,無,31880000,291701.0,,0.0,0,鐵鋁窗增建其他增建；,RPUNMLLLOHJGFDA97DA,81.87,0.0,10.05,有,,40.0
松山區,房地(土地+建物),光復北路１９０巷３０號,33.1,住,,,1130529,土地1建物1車位0,一層,十一層,住宅大樓(11層含以上有電梯),住家用,860728.0,156.56,3,2,2,有,有,39100000,249745.0,,0.0,0,陽台外推；其他增建；,RPWOMLRLOHJGFDA88DA,80.2,2.97,7.85,有,2125.0,27.0
南港區,房地(土地+建物)+車位,中坡北路９２號九樓之２,21.94,住,,,1130531,土地3建物1車位1,九層,九層,華廈(10層含以下有電梯),住家用,851205.0,153.07,2,2,1,有,有,30600000,252698.0,坡道平面,41.86,2500000,陽台外推；,RPPOMLLKPHJGFDA57DA,56.09,24.92,0.0,有,,27.0
松山區,房地(土地+建物),南京東路五段２９１巷１９弄９號五樓,22.25,住,,,1130525,土地1建物1車位0,五層,七層,華廈(10層含以下有電梯),住家用,730517.0,110.38,3,2,2,有,無,24800000,224678.0,,0.0,0,陽台外推；其他增建；,RPQOMLQKPHJGFDA18DA,87.07,0.0,18.03,有,,40.0
信義區,房地(土地+建物),虎林街２５４號,35.75,住,,,1130528,土地1建物1車位0,一層,四層,公寓(5樓含以下無電梯),住家用,621204.0,86.33,2,2,3,有,無,30000000,347504.0,,0.0,0,其他增建；,RPSPMLQKPHJGFDA48DA,86.33,0.0,0.0,無,,50.0
大安區,房地(土地+建物),敦化南路一段２３８巷９號,28.1,住,,,1130521,土地1建物1車位0,一層,五層,公寓(5樓含以下無電梯),住家用,741105.0,107.53,2,2,2,有,無,68000000,632382.0,,0.0,0,地下室及一樓空地增建其他增建；,RPSNMLPKPHJGFFA38DA,86.45,9.76,0.0,無,,39.0
文山區,房地(土地+建物),汀州路四段１０５巷２４號,49.2,住,,,1130505,土地1建物1車位0,一層，二層,五層,公寓(5樓含以下無電梯),住家用,741218.0,214.05,9,3,2,有,無,39160000,182948.0,,0.0,0,陽台外推；其他增建；,RPPNMLMJOHJGFAA07DA,136.8,66.68,10.57,無,2130.0,38.0
文山區,房地(土地+建物)+車位,辛亥路四段７７巷５號四樓,45.49,住,,,1130524,土地4建物1車位1,四層,十三層,住宅大樓(11層含以上有電梯),住家用,851107.0,121.37,2,2,1,有,有,18500000,152426.0,坡道平面,0.0,1800000,陽台外推；其他增建；,RPUNMLPLOHJGFAA08DA,56.72,0.84,6.56,有,,28.0
文山區,房地(土地+建物),興隆路三段２５３號五樓,28.24,住,,,1130502,土地1建物1車位0,五層,五層,公寓(5樓含以下無電梯),住家用,,109.52,3,1,2,有,無,14900000,136048.0,,0.0,0,,RPSNMLRJPHJGFAA97DA,90.8,0.0,18.72,無,,
文山區,房地(土地+建物),富山路１巷６號三樓,21.38,住,,,1130517,土地1建物1車位0,三層,四層,公寓(5樓含以下無電梯),住家用,671120.0,64.36,3,2,1,有,無,9150000,142169.0,,0.0,0,陽台外推；其他增建；,RPTNMLRKPHJGFAA18DA,52.64,0.0,11.72,無,,45.0
萬華區,房地(土地+建物),西園路二段３７２巷１５弄８號,51.75,住,,,1130529,土地2建物2車位0,一層,四層,公寓(5樓含以下無電梯),住家用,650818.0,188.61,0,0,0,無,無,31500000,167011.0,,0.0,0,平台增建其他增建；,RPSNMLOJPHJGFBA77DA,165.83,22.78,0.0,無,,48.0
中山區,房地(土地+建物),錦州街４５０號三樓,24.58,住,,,1130530,土地1建物1車位0,三層,五層,公寓(5樓含以下無電梯),住家用,661020.0,109.35,7,0,7,有,無,30000000,274348.0,,0.0,0,鐵鋁窗增建。陽台外推；其他增建；,RPTNMLOJPHJGFCA97DA,90.05,0.0,19.3,無,,47.0
松山區,房地(土地+建物),敦化南路一段１００巷７弄８號五樓,26.53,住,,,1130514,土地1建物1車位0,五層,七層,華廈(10層含以下有電梯),住家用,701029.0,144.70000000000002,4,2,2,有,無,39000000,269523.0,,0.0,0,,RPPQMLPKPHJGFDA18DA,110.97,0.0,20.74,有,,43.0
北投區,房地(土地+建物),中和街２０巷７２號四樓,39.0,住,,,1130530,土地1建物1車位0,四層,五層,公寓(5樓含以下無電梯),住家用,690801.0,147.71,4,4,2,有,無,19400000,131338.0,,0.0,0,陽台外推；,RPPPMLPLOHJGFEA18DA,112.26,0.0,17.46,無,2132.0,44.0
士林區,房地(土地+建物)+車位,中山北路七段１９０巷２８號七樓,81.99,住,,,1130522,土地2建物1車位1,七層,七層,華廈(10層含以下有電梯),住家用,730821.0,317.1,5,2,3,有,有,50000000,157679.0,坡道平面,0.0,0,頂樓加蓋；,RPVPMLLJPHJGFEA28DA,208.56,0.0,29.04,有,,40.0
士林區,房地(土地+建物),德行東路９０巷３３弄６號三樓,27.59,住,,,1130528,土地1建物1車位0,三層,五層,公寓(5樓含以下無電梯),住家用,680425.0,89.93,3,2,1,有,無,21120000,234849.0,,0.0,0,陽台外推；其他增建；,RPXNMLMKPHJGFEA48DA,78.76,0.0,11.17,無,,45.0
北投區,房地(土地+建物)+車位,三合街一段８２巷６０號七樓,50.6,住,,,1130514,土地1建物1車位2,七層,九層,華廈(10層含以下有電梯),住家用,1050921.0,331.94,3,2,2,有,有,68600000,253897.0,坡道平面,83.02,5400000,其他增建；,RPXOMLQKPHJGFEA98DA,145.8,4.38,16.73,有,2133.0,8.0
文山區,房地(土地+建物),興隆路二段１５３巷２弄１２號四樓,29.25,住,,,1130518,土地1建物1車位0,四層,四層,公寓(5樓含以下無電梯),住家用,611117.0,75.13,3,2,1,有,無,12880000,171436.0,,0.0,0,,RPPNMLSKPHJGFAA97EA,65.68,0.0,9.45,無,,52.0
中正區,房地(土地+建物)+車位,三元街２７０號六樓,50.41,住,,,1130530,土地1建物1車位3,六層,十一層,住宅大樓(11層含以上有電梯),住家用,1011211.0,339.96,3,3,4,有,有,67800000,209158.0,其他,44.49,6000000,,RPVNMLQKOHJGFAA18DA,162.58,8.89,13.79,有,2136.0,11.0
中正區,房地(土地+建物),詔安街５３號十樓之１,13.01,住,,,1130506,土地1建物1車位0,十層,十一層,住宅大樓(11層含以上有電梯),住家用,1130402.0,68.00999999999999,2,2,2,有,有,19380000,284958.0,,0.0,0,,RPSNMLQJPHJGFAA87DA,38.87,0.0,4.32,有,2137.0,
萬華區,房地(土地+建物),長泰街５９巷２１號三樓,24.3,住,,,1130528,土地2建物1車位0,三層,五層,公寓(5樓含以下無電梯),住家用,661019.0,100.46,3,2,1,有,無,16880000,168027.0,,0.0,0,陽台外推；其他增建；,RPXNMLSLNHJGFBA68DA,86.78,0.0,13.68,無,,47.0
萬華區,房地(土地+建物)+車位,寶興街２２６號六樓,32.14,住,,,1130527,土地4建物1車位1,六層,九層,華廈(10層含以下有電梯),住家用,871014.0,124.04,3,2,2,有,有,22360000,217704.0,升降機械,29.6,1800000,陽台外推；其他增建；,RPTOMLRJOHJGFBA18DA,69.31,0.0,6.87,有,,26.0
萬華區,房地(土地+建物),長順街４６巷１５號,52.0,住,,,1130526,土地2建物1車位0,全,二層,透天厝,住家用,,68.56,3,3,1,有,無,18000000,262544.0,,0.0,0,頂樓加蓋；其他增建；,RPWRMLMKPHJGFBA48DA,68.56,0.0,0.0,無,,
內湖區,房地(土地+建物)+車位,康樂街１８６巷３４之１號四樓之１,26.9,住,,,1130513,土地1建物1車位1,四層,十二層,住宅大樓(11層含以上有電梯),住家用,951120.0,143.14,2,2,2,有,有,25500000,178147.0,坡道平面,31.66,0,陽台外推；,RPRPMLSKOHJGFCA38DA,69.54,2.42,7.64,有,2139.0,17.0
中山區,房地(土地+建物)+車位,松江路４２０號十二樓,29.21,住,,,1130521,土地2建物1車位2,十二層,十七層,住宅大樓(11層含以上有電梯),住家用,1040713.0,350.07,4,2,3,有,有,95000000,271374.0,坡道平面,59.54,0,,RPWNMLKLOHJGFCA97DA,166.31,16.47,19.26,有,2140.0,9.0
中山區,房地(土地+建物),農安街７７巷１弄１０號六樓,25.5,住,,,1130512,土地1建物1車位0,六層,七層,華廈(10層含以下有電梯),住家用,700608.0,134.43,3,2,2,有,無,25500000,189690.0,,0.0,0,陽台外推；,RPWNMLOJPHJGFCA28DA,100.81,0.0,20.15,有,,43.0
信義區,房地(土地+建物),忠孝東路五段４９２巷９弄５號,22.5,住,,,1130521,土地1建物1車位0,一層，平台,四層,公寓(5樓含以下無電梯),住家用,621105.0,69.45,1,1,1,有,無,19000000,273578.0,,0.0,0,其他增建：空地外推增建、電捲門增建。其他增建；,RPOOMLKLOHJGFDA37DA,69.45,0.0,0.0,無,,51.0
信義區,房地(土地+建物),永吉路２００巷８１弄７號七樓,21.06,住,,,1130528,土地1建物1車位0,七層,七層,華廈(10層含以下有電梯),住家用,711116.0,113.41,3,2,2,有,無,30880000,272286.0,,0.0,0,頂樓加蓋；,RPPOMLPLOHJGFDA97DA,94.31,1.05,18.05,有,,42.0
松山區,房地(土地+建物),延吉街１０巷３號,28.4,住,,,1130518,土地1建物1車位0,一層,七層,華廈(10層含以下有電梯),住家用,771001.0,147.08,3,2,3,有,有,48000000,326353.0,,0.0,0,其他增建；,RPPNMLSJPHJGFDA08DA,121.89,14.97,0.0,有,,36.0
信義區,房地(土地+建物),林口街６６巷１４號,33.25,住,,,1130504,土地2建物1車位0,一層,四層,公寓(5樓含以下無電梯),住家用,590123.0,67.65,3,1,1,有,無,21900000,323725.0,,0.0,0,,RPTOMLQKPHJGFDA48DA,67.65,0.0,0.0,無,,54.0
士林區,房地(土地+建物),延平北路五段１６３巷３５弄２４之１號三樓,14.84,住,,,1130531,土地1建物1車位0,三層,五層,公寓(5樓含以下無電梯),住家用,720902.0,61.8,0,0,0,無,無,8800000,142395.0,,0.0,0,天井、鐵鋁窗陽台外推；其他增建；,RPTOMLOLOHJGFEA38DA,46.41,0.0,10.49,無,2143.0,41.0
士林區,房地(土地+建物)+車位,天玉街１２７號,92.56,住,,,1130523,土地1建物1車位3,一層,五層,華廈(10層含以下有電梯),住家用,961009.0,354.52,4,2,3,有,有,89880000,345114.0,坡道平面,123.06,10000000,三車位價款共新台幣1000萬元整，不分別拆價。其他增建；,RPXPMLQKPHJGFEA09DA,144.85,8.28,15.28,有,,17.0
大安區,房地(土地+建物)+車位,安和路二段９２號五樓之３,21.4,住,,,1130524,土地2建物1車位1,五層,二十五層,住宅大樓(11層含以上有電梯),住家用,780810.0,242.77,4,2,2,有,有,67080000,310300.0,坡道平面,36.26,3000000,陽台外推；,RPPOMLRLOHJGFFA38DA,182.87,0.0,30.21,有,,35.0
中正區,房地(土地+建物)+車位,愛國東路８８號十二樓之２,24.37,住,,,1130531,土地2建物1車位1,十二層,十三層,住宅大樓(11層含以上有電梯),住家用,1101013.0,220.73,4,2,2,有,有,100000000,521131.0,坡道平面,34.98,3200000,,RPRNMLRJPHJGFAA87DA,109.14,5.16,10.18,有,,3.0
中正區,房地(土地+建物)+車位,林森南路７１號十三樓,23.96,住,,,1130522,土地2建物2車位1,十三層,十三層,住宅大樓(11層含以上有電梯),住家用,1060302.0,156.04000000000002,2,2,2,有,有,45000000,317543.0,塔式車位,21.57,2300000,塔式車位位於地下第二層。建物買賣總價為1800萬元整，土地買賣總價為2700萬元整。,RPTOMLQKPHJGFBA28DA,64.43,10.23,6.12,有,,7.0
中山區,房地(土地+建物),建國北路一段１５０號七樓之１,3.97,住,,,1130530,土地1建物1車位0,七層,十三層,住宅大樓(11層含以上有電梯),住家用,990318.0,31.07,1,1,1,有,有,10600000,341165.0,,0.0,0,,RPTPMLMJPHJGFCA97DA,18.01,2.25,0.0,有,2146.0,14.0
內湖區,房地(土地+建物)+車位,康樂街１６１號,40.26,住,,,1130506,土地1建物1車位1,一層,五層,公寓(5樓含以下無電梯),住家用,751108.0,118.26,4,2,2,有,無,26000000,219855.0,坡道平面,0.0,0,其他增建；,RPWOMLSKPHJGFCA88DA,91.35,12.43,0.0,無,,37.0
信義區,房地(土地+建物),吳興街６００巷７６弄８７號四樓,24.99,住,,,1130501,土地2建物1車位0,四層,五層,公寓(5樓含以下無電梯),住家用,701230.0,88.64,3,2,2,有,無,14000000,157942.0,,0.0,0,其他增建；,RPROMLTKOHJGFDA48DA,85.93,0.0,2.71,無,2148.0,42.0
松山區,建物,延壽街１６號五樓之１,0.0,,,,1130512,土地0建物1車位0,五層,十三層,住宅大樓(11層含以上有電梯),住家用,880428.0,85.62,3,2,2,有,有,9100000,106284.0,,0.0,0,建物坐落地號：寶清段一小段51地號；,RPQNMLNLOHJGFDA77DA,55.49,0.0,7.73,有,,25.0
信義區,房地(土地+建物),吳興街２８４巷２４弄７８號五樓,15.2,住,,,1130520,土地1建物1車位0,五層,五層,公寓(5樓含以下無電梯),住家用,670708.0,63.5,1,2,0,有,無,9900000,155906.0,,0.0,0,頂樓加蓋；,RPQPMLMJPHJGFDA77DA,54.49,0.0,9.01,無,,46.0
信義區,房地(土地+建物),吳興街２８４巷２４弄７６號五樓,15.2,住,,,1130520,土地1建物1車位0,五層,五層,公寓(5樓含以下無電梯),住家用,670708.0,63.5,3,1,2,有,無,9900000,155906.0,,0.0,0,頂樓加蓋；,RPTPMLQKPHJGFDA58DA,54.49,0.0,9.01,無,,46.0
北投區,房地(土地+建物),中和街５２５巷７號六樓之２,11.86,住,,,1130521,土地1建物1車位0,六層,六層,華廈(10層含以下有電梯),住家用,840811.0,42.5,1,1,1,有,有,7200000,169412.0,,0.0,0,陽台外推；夾層；其他增建；,RPSOMLPJPHJGFEA28DA,22.48,0.0,4.01,有,2149.0,29.0
北投區,房地(土地+建物)+車位,立農街二段２０２巷３弄１１號六樓,36.75,住,,,1130519,土地1建物1車位1,六層,九層,華廈(10層含以下有電梯),住家用,881130.0,157.2,2,2,2,有,有,35200000,254204.0,一樓平面,30.53,3000000,其他增建；,RPPPMLPKPHJGFEA18DA,84.61,1.23,9.17,有,,24.0
大安區,房地(土地+建物),泰順街４０巷１０弄９號三樓之１,8.15,住,,,1130525,土地1建物1車位0,三層,四層,華廈(10層含以下有電梯),住家用,771111.0,36.23,1,0,1,有,無,11500000,317417.0,,0.0,0,陽台外推；,RPTNMLOJPHJGFFA28DA,16.91,2.08,3.68,有,2150.0,36.0
大安區,房地(土地+建物)+車位,和平東路三段２１２巷５０號十樓,24.33,住,,,1130503,土地1建物1車位1,十層,十四層,住宅大樓(11層含以上有電梯),住家用,1060926.0,187.19,3,2,2,有,有,62000000,331214.0,坡道平面,0.0,0,,RPQNMLMLPHJGFFA08EA,87.9,5.06,9.66,有,,7.0
文山區,房地(土地+建物),興隆路二段３０１巷９弄１０號,50.5,住,,,1130505,土地1建物1車位0,一層,二層,公寓(5樓含以下無電梯),住家用,,66.56,3,2,1,有,無,18000000,270433.0,,0.0,0,,RPRNMLQKPHJGFAA87DA,66.56,0.0,0.0,無,,
中山區,房地(土地+建物),八德路二段６９號二樓之２,17.77,住,,,1130517,土地1建物1車位0,二層,七層,華廈(10層含以下有電梯),住家用,750616.0,115.34,6,0,3,有,有,22800000,197676.0,,0.0,0,陽台外推；其他增建；,RPOOMLPJPHJGFCA67DA,93.68,1.93,6.66,有,2152.0,38.0
中山區,房地(土地+建物),建國北路三段７１號十二樓之７,9.67,住,,,1130504,土地2建物1車位0,十二層,十四層,住宅大樓(11層含以上有電梯),住家用,1041016.0,96.98,2,2,1,有,有,28000000,288719.0,,0.0,0,夾層；其他增建；,RPVPMLSJPHJGFCA78DA,52.15,3.81,5.34,有,2153.0,9.0
松山區,房地(土地+建物)+車位,光復南路３２巷３４號二樓,29.97,住,,,1130528,土地1建物1車位1,二層,十層,華廈(10層含以下有電梯),住家用,960801.0,164.25,3,2,2,有,有,47700000,363923.0,坡道平面,43.62,3800000,陽台外推；其他增建；,RPPNMLNJPHJGFDA57DA,71.52,1.8,12.88,有,2154.0,17.0
士林區,房地(土地+建物),通河東街一段１３０巷６號四樓,41.75,住,,,1130516,土地1建物1車位0,四層,四層,公寓(5樓含以下無電梯),住家用,661222.0,111.88,3,2,1,有,無,18080000,161602.0,,0.0,0,其他增建；,RPWNMLSKPHJGFEA98DA,98.6,0.0,13.28,無,2155.0,46.0
士林區,房地(土地+建物)+車位,士東路４６巷１４號七樓,44.12,住,,,1130526,土地1建物1車位1,七層，八層,八層,華廈(10層含以下有電梯),住家用,820724.0,184.18,4,2,3,有,有,34600000,187860.0,坡道機械,0.0,1800000,陽台外推；其他增建；,RPPOMLKLPHJGFEA67DA,101.38,34.75,12.53,有,,31.0
大安區,房地(土地+建物),永康街４１巷２１號,40.0,住,,,1130526,土地2建物3車位0,三層，陽臺,四層,公寓(5樓含以下無電梯),住家用,641231.0,109.0,3,2,2,有,無,37380000,342936.0,,0.0,0,,RPVNMLPLOHJGFFA68DA,92.71,0.0,6.9,無,,48.0
大安區,房地(土地+建物),潮州街６０巷７號五樓之１,7.74,住,,,1130504,土地1建物1車位0,五層,七層,華廈(10層含以下有電梯),住家用,980206.0,35.52,1,0,1,有,有,16200000,456081.0,,0.0,0,,RPUOMLRKPHJGFFA88DA,19.33,2.13,0.0,有,,15.0
文山區,房地(土地+建物)+車位,興順街９３號三樓,20.62,住,,,1130530,土地1建物1車位1,三層,十層,華廈(10層含以下有電梯),住家用,941209.0,113.19,2,1,1,有,有,19500000,172261.0,坡道機械,0.0,0,,RPPNMLQLPHJGFAA87EA,53.84,2.98,4.3,有,,18.0
文山區,房地(土地+建物),指南路三段９５號七樓,17.62,住,,,1130513,土地1建物1車位0,七層,十一層,住宅大樓(11層含以上有電梯),住家用,1030513.0,77.61,1,1,1,有,有,16000000,206159.0,,0.0,0,夾層；其他增建；,RPROMLMJPHJGFAA47DA,46.42,3.66,2.93,有,,10.0
文山區,房地(土地+建物),興隆路三段２０７巷１３弄２號三樓,67.41,住,,,1130530,土地2建物1車位0,三層,五層,公寓(5樓含以下無電梯),住家用,710225.0,136.11,3,2,2,有,有,15750000,115715.0,,0.0,0,陽台外推；其他增建；,RPSOMLNLPHJGFAA87DA,94.75,0.0,31.31,無,,42.0
萬華區,房地(土地+建物),中華路二段５０４巷１５號十一樓,12.4,住,,,1130519,土地1建物1車位0,十一層,十二層,住宅大樓(11層含以上有電梯),住家用,680403.0,46.08,1,1,1,有,有,10300000,223524.0,,0.0,0,其他增建；,RPPNMLSJPHJGFBA87DA,38.94,0.0,7.14,有,2158.0,45.0
內湖區,房地(土地+建物)+車位,民權東路六段２４８巷１０６號,185.56,住,,,1130516,土地1建物2車位1,全,五層,透天厝,住家用,980917.0,380.56,4,2,4,有,無,65500000,172115.0,一樓平面,0.0,0,,RPVNMLRKOHJGFCA48DA,291.1,15.74,30.8,有,,15.0
內湖區,房地(土地+建物)+車位,南京東路六段２５９號十一樓之２,44.91,住,,,1130519,土地1建物1車位3,十一層,十八層,住宅大樓(11層含以上有電梯),住家用,1011226.0,335.28,3,2,2,有,有,85000000,295543.0,坡道平面,77.28,8750000,,RPSQMLQKPHJGFCA48DA,150.43,8.01,17.52,有,2160.0,11.0
信義區,房地(土地+建物)+車位,松智路３６號六樓,46.72,住,,,1130504,土地1建物1車位1,六層,八層,華廈(10層含以下有電梯),住家用,870506.0,142.98,3,2,2,有,有,43500000,304238.0,升降機械,0.0,0,,RPUOMLOKOHJGFDA28DA,77.23,1.98,10.59,有,,26.0
文山區,房地(土地+建物),景華街１７６巷６１號二樓,48.96,住,,,1130505,土地1建物1車位0,二層,三層,公寓(5樓含以下無電梯),住家用,870327.0,89.7,3,1,2,有,無,14700000,163880.0,,0.0,0,陽台外推；其他增建；,RPSNMLMJPHJGFAA47DA,61.86,0.0,7.81,無,,26.0
中正區,房地(土地+建物),仁愛路二段１５巷１之１號,25.47,住,,,1130512,土地1建物2車位0,一層,六層,華廈(10層含以下有電梯),住家用,920717.0,82.95,2,2,1,有,無,32880000,396383.0,,0.0,0,陽台外推；其他增建；,RPROMLPJPHJGFBA87DA,45.02,2.18,2.32,有,,21.0
中正區,房地(土地+建物),仁愛路一段４號十一樓之２,8.72,住,,,1130504,土地1建物1車位0,十一層,十二層,住宅大樓(11層含以上有電梯),住家用,660909.0,98.65,2,2,2,有,有,30880000,313026.0,,0.0,0,其他增建；,RPQRMLMKPHJGFBA87DA,76.99,0.0,8.58,有,2166.0,47.0
內湖區,房地(土地+建物),內湖路二段１７９巷２２４弄１號,248.0,住,,,1130530,土地1建物1車位0,全,二層,透天厝,住家用,620226.0,163.89,4,2,5,有,無,54800000,334371.0,,0.0,0,陽台外推；其他增建；,RPPOMLKLOHJGFCA37DA,163.89,0.0,0.0,無,,51.0
南港區,房地(土地+建物)+車位,成福路７４巷８號三樓之２,39.14,住,,,1130531,土地1建物1車位2,三層,七層,華廈(10層含以下有電梯),住家用,1060710.0,234.54,2,2,2,有,無,45250000,276506.0,坡道平面,90.42,5400000,,RPOOMLQJOHJGFDA77DA,73.63,2.29,14.1,有,,7.0
南港區,房地(土地+建物)+車位,舊莊街一段３巷８號五樓,20.42,住,,,1130515,土地1建物1車位1,五層,七層,華廈(10層含以下有電梯),住家用,830603.0,103.54,2,2,1,有,有,16000000,186319.0,坡道機械,28.41,2000000,,RPPNMLMLOHJGFDA57DA,84.7,1.56,4.09,有,,30.0
信義區,房地(土地+建物),中坡南路２１５巷５號,19.68,住,,,1130519,土地1建物1車位0,一層,五層,公寓(5樓含以下無電梯),住家用,720607.0,88.93,3,1,2,有,無,23120000,259980.0,,0.0,0,其他增建；,RPSNMLPJPHJGFDA08DA,65.89,6.48,0.0,無,,41.0
北投區,房地(土地+建物),中央北路三段２５８巷１弄６號四樓,24.05,住,,,1130525,土地2建物1車位0,四層,五層,公寓(5樓含以下無電梯),住家用,710226.0,87.56,2,2,1,有,無,9300000,106213.0,,0.0,0,陽台加窗、防火巷加蓋。陽台外推；其他增建；,RPPOMLNLPHJGFEA97DA,74.75,0.0,12.81,無,,42.0
大安區,房地(土地+建物),永康街１７巷１６號五樓,42.8,住,,,1130513,土地2建物1車位0,五層,五層,公寓(5樓含以下無電梯),住家用,721024.0,161.99,4,2,2,有,無,42000000,259275.0,,0.0,0,頂樓加蓋；其他增建；,RPVOMLOJPHJGFFA58DA,130.53,0.0,14.94,無,,41.0
信義區,房地(土地+建物),忠孝東路五段７９０巷４７弄８號二樓,34.0,住,,,1130523,土地2建物1車位0,二層,四層,公寓(5樓含以下無電梯),住家用,581111.0,74.39,2,1,1,有,無,14980000,201371.0,,0.0,0,,RPVNMLQJOHJGFDA48EA,67.34,0.0,7.05,無,,55.0
中山區,房地(土地+建物)+車位,北安路６６６號三樓,23.81,住,,,1130501,土地1建物1車位1,三層,十層,華廈(10層含以下有電梯),住家用,1090110.0,146.39999999999998,2,2,2,有,有,48000000,373862.0,塔式車位,23.36,2000000,,RPWNMLTLPHJGFCA98DA,71.53,0.0,6.57,有,2180.0,4.0
信義區,房地(土地+建物),信義路五段１５０巷４６５號六樓之２,25.07,住,,,1130526,土地1建物1車位0,六層,九層,華廈(10層含以下有電梯),住家用,830715.0,81.6,2,1,1,有,有,21230000,260172.0,,0.0,0,陽台外推；其他增建；,RPOOMLSLOHJGFDA18DA,56.95,1.98,7.54,有,,30.0
信義區,房地(土地+建物),松隆路２０２號,14.57,住,,,1130512,土地4建物1車位0,一層,五層,公寓(5樓含以下無電梯),住家用,700508.0,61.47,1,1,1,有,無,18500000,300960.0,,0.0,0,其他增建；,RPROMLRKPHJGFDA38DA,43.93,17.54,0.0,無,2181.0,43.0
士林區,房地(土地+建物),重慶北路四段２４３號三樓之１,12.89,住,,,1130523,土地1建物1車位0,三層,十二層,住宅大樓(11層含以上有電梯),住家用,1000131.0,95.03,2,2,1,有,有,21500000,226244.0,,0.0,0,其他增建；,RPUNMLKLPHJGFEA08DA,63.56,1.16,5.49,有,2183.0,13.0
大安區,房地(土地+建物),四維路１２４巷１號二樓,27.2,住,,,1130511,土地4建物1車位0,二層,五層,公寓(5樓含以下無電梯),住家用,710612.0,95.66,5,2,1,有,無,28080000,293540.0,,0.0,0,陽台外推；其他增建；,RPRNMLMKPHJGFFA97DA,80.28,0.0,15.38,無,,42.0
大安區,房地(土地+建物)+車位,新生南路二段８４號七樓,49.63,住,,,1130529,土地2建物1車位4,七層,十三層,住宅大樓(11層含以上有電梯),住家用,990714.0,574.34,5,1,3,有,有,222220000,399854.0,坡道平面,53.6,14000000,陽台外推；,RPROMLLMPHJGFFA18DA,222.72,3.2,30.26,有,,14.0
信義區,房地(土地+建物)+車位,永吉路３０巷１０１弄２１號八樓,48.03,住,,,1130525,土地1建物1車位3,八層,十二層,住宅大樓(11層含以上有電梯),住家用,1020510.0,372.29,3,2,3,有,有,110000000,392056.0,坡道平面,118.5,10500000,其他增建；,RPXPMLTLPHJGFDA76DA,144.6,5.39,12.6,有,2188.0,11.0
北投區,房地(土地+建物),同德街２７巷１７號五樓,24.14,住,,,1130505,土地3建物1車位0,五層,五層,公寓(5樓含以下無電梯),住家用,680626.0,82.94,2,2,1,有,有,12180000,146853.0,,0.0,0,其他增建；,RPPNMLPKPHJGFEA97DA,74.45,0.0,8.49,無,,45.0
士林區,房地(土地+建物),至善路二段４２１巷３０弄６號,2189.82,住,,,1130513,土地8建物1車位0,全,二層,透天厝,住家用,610919.0,427.35,5,3,3,有,有,258800000,605593.0,,0.0,0,頂樓加蓋；,RPTNMLLMPHJGFEA18DA,427.35,0.0,0.0,無,,52.0
大安區,房地(土地+建物),臥龍街２７８號三樓,32.74,住,,,1130527,土地1建物1車位0,三層,五層,公寓(5樓含以下無電梯),住家用,810224.0,97.57,3,2,2,有,無,21000000,215230.0,,0.0,0,,RPRNMLLMPHJGFFA18EA,80.42,0.75,9.44,無,,32.0
內湖區,房地(土地+建物),民權東路六段９０巷１５弄３號四樓,30.22,住,,,1130526,土地1建物1車位0,四層,五層,公寓(5樓含以下無電梯),住家用,691103.0,110.52,3,2,2,有,無,19600000,177343.0,,0.0,0,陽台外推；其他增建；,RPQNMLMLPHJGFCA67DA,96.28,0.0,14.24,無,,44.0
士林區,房地(土地+建物),中山北路六段４５０巷６弄１號二樓,38.25,住,,,1130511,土地1建物1車位0,二層,四層,公寓(5樓含以下無電梯),住家用,611129.0,125.4,3,2,2,有,無,26800000,213716.0,,0.0,0,陽台外推；其他增建；,RPSNMLSLOHJGFEA58DA,113.02,0.0,12.38,無,2190.0,51.0
士林區,房地(土地+建物),葫東街２９號,31.0,住,,,1130531,土地1建物1車位0,一層，騎樓,四層,公寓(5樓含以下無電梯),住家用,621029.0,80.25,0,3,2,有,無,20500000,255452.0,,0.0,0,其他增建；,RPTNMLRJPHJGFEA48DA,80.25,0.0,0.0,無,,51.0
士林區,房地(土地+建物)+車位,忠誠路二段１號九樓,22.18,住,,,1130505,土地3建物1車位1,九層,十四層,住宅大樓(11層含以上有電梯),住家用,751231.0,250.16,4,2,2,有,有,51880000,207387.0,坡道平面,50.22,0,陽台外推；,RPXNMLNLPHJGFEA68DA,193.79,0.0,19.19,有,,37.0
內湖區,房地(土地+建物),行善路２５巷２４號三樓,48.51,住,,,1130516,土地1建物1車位0,三層,八層,華廈(10層含以下有電梯),住家用,860526.0,129.23000000000002,3,2,2,有,有,25800000,199644.0,,0.0,0,,RPSOMLSLNHJGFCA38DA,73.96,0.0,8.44,有,,27.0
內湖區,房地(土地+建物)+車位,民權東路六段１８０巷１５８號七樓之３,49.71,住,,,1130510,土地1建物1車位1,七層,十一層,住宅大樓(11層含以上有電梯),住家用,1000221.0,306.47,4,2,3,有,有,55500000,196997.0,坡道平面,37.43,2500000,,RPQNMLPJQHJGFCA97EA,153.58,5.43,14.54,有,2191.0,13.0
松山區,房地(土地+建物),光復南路４６巷３６號二十一樓,30.17,住,,,1130519,土地1建物1車位0,二十一層,二十二層,住宅大樓(11層含以上有電梯),住家用,1100203.0,169.35,1,2,2,有,有,69880000,412637.0,,0.0,0,,RPSNMLTKOHJGFDA48DA,96.9,4.67,12.32,有,2195.0,3.0
大安區,房地(土地+建物),四維路１２４巷３號三樓,27.2,住,,,1130531,土地4建物1車位0,三層,五層,公寓(5樓含以下無電梯),住家用,710612.0,91.47,3,2,2,有,無,27120000,296491.0,,0.0,0,陽台外推；其他增建；,RPOOMLTLPHJGFFA58DA,81.81,0.0,9.66,無,,42.0
內湖區,房地(土地+建物)+車位,南京東路六段２５９號七樓之１,50.53,住,,,1130523,土地1建物1車位2,七層,十八層,住宅大樓(11層含以上有電梯),住家用,1011226.0,366.94,4,2,2,有,有,89000000,242546.0,坡道平面,0.0,6000000,,RPPNMLTKPHJGFCA28EA,169.74,9.88,17.38,有,2198.0,11.0
松山區,房地(土地+建物)+車位,敦化南路一段７７號二十一樓,58.17,住,,,1130517,土地2建物1車位3,二十一層,二十二層,住宅大樓(11層含以上有電梯),住家用,1030917.0,772.52,0,0,0,無,有,361000000,544034.0,坡道平面,136.53,15000000,,RPPOMLMKPHJGFDA77EA,374.34,22.38,41.9,有,2199.0,10.0
中正區,房地(土地+建物)+車位,重慶南路三段４５號三樓,41.65,住,,,1130520,土地2建物1車位1,三層,二十一層,住宅大樓(11層含以上有電梯),住家用,1100915.0,238.61,3,2,2,有,有,83000000,400120.0,坡道平面,39.17,3200000,,RPXOMLPJOHJGFAA28DA,107.87,10.6,11.95,有,,3.0
內湖區,房地(土地+建物),環山路一段１３４號三樓,42.3,住,,,1130518,土地1建物1車位0,三層,四層,公寓(5樓含以下無電梯),住家用,660628.0,121.96,6,0,2,有,有,18500000,151689.0,,0.0,0,陽台外推；其他增建；,RPVOMLMKPHJGFCA18DA,109.59,0.0,12.37,無,,47.0
南港區,房地(土地+建物),東新街１７０巷７弄１６號二樓,29.69,住,,,1130526,土地1建物1車位0,二層,五層,公寓(5樓含以下無電梯),住家用,731121.0,120.6,3,2,2,有,無,18800000,155887.0,,0.0,0,陽台外推；,RPWPMLTLPHJGFDA66DA,98.68,0.0,11.97,無,2216.0,40.0
信義區,房地(土地+建物),松仁路２２９號三樓,32.75,住,,,1130505,土地1建物1車位0,三層,四層,公寓(5樓含以下無電梯),住家用,580905.0,97.82,3,2,2,有,無,23000000,235126.0,,0.0,0,陽台外推；,RPTOMLPJQHJGFDA38DA,97.82,0.0,0.0,無,,55.0
北投區,房地(土地+建物),大業路３００巷２８之１號四樓,28.61,住,,,1130531,土地1建物1車位0,四層,四層,公寓(5樓含以下無電梯),住家用,680221.0,91.43,3,2,1,有,無,18800000,205622.0,,0.0,0,頂樓加蓋；,RPXNMLTLPHJGFEA66DA,83.13,0.0,8.3,無,,45.0
萬華區,房地(土地+建物),萬大路４９３巷４８弄７號四樓,27.28,住,,,1130513,土地2建物1車位0,四層,五層,公寓(5樓含以下無電梯),住家用,750909.0,88.22,3,2,1,有,無,13800000,156427.0,,0.0,0,房屋以現況交付,RPPOMLOJOHJGFBA47DA,74.0,0.0,14.22,無,,38.0
內湖區,房地(土地+建物),康樂街２０４號五樓,46.14,住,,,1130513,土地1建物1車位0,五層,五層,公寓(5樓含以下無電梯),住家用,750117.0,116.52,3,2,2,有,無,15680000,134569.0,,0.0,0,陽台外推；,RPQPMLRJQHJGFCA28DA,105.37,0.0,11.15,無,2220.0,38.0
中山區,房地(土地+建物)+車位,基湖路１３５號二樓,63.85,住,,,1130521,土地1建物1車位1,二層,七層,華廈(10層含以下有電梯),住家用,981201.0,236.15,3,2,2,有,有,68800000,291340.0,升降機械,0.0,0,,RPTPMLRJQHJGFCA58DA,102.12,18.3,10.3,有,,14.0
士林區,房地(土地+建物),中山北路六段７５４巷１４之１號四樓,36.15,住,,,1130526,土地1建物1車位0,四層,五層,公寓(5樓含以下無電梯),住家用,680413.0,128.42,4,2,2,有,無,27560000,214608.0,,0.0,0,其他增建；,RPVNMLTKPHJGFEA98DA,104.95,0.0,14.57,無,2222.0,45.0
文山區,房地(土地+建物),興隆路三段２０７巷１７弄９號三樓,34.87,住,,,1130513,土地2建物1車位0,三層,五層,公寓(5樓含以下無電梯),住家用,710225.0,114.61,3,2,2,有,有,11440000,99817.0,,0.0,0,陽台外推；其他增建；,RPSOMLNJPHJGFAA67DA,84.96,0.0,19.6,無,,42.0
信義區,房地(土地+建物)+車位,忠孝東路五段７４３巷２１弄２１號二樓,18.76,住,,,1130508,土地1建物1車位2,二層,十一層,住宅大樓(11層含以上有電梯),住家用,1040821.0,183.54,2,2,1,有,有,27140000,223655.0,坡道平面,82.76,4600000,本案買賣另含一位持分之坡道平面車位為全體區分所有權人共有且不計價車位面積41.38平方公尺,RPPNMLSJQHJGFDA18DA,48.97,2.03,4.17,有,,9.0
南港區,房地(土地+建物),成福路２３３之１號二樓,24.8,住,,,1130527,土地2建物1車位0,二層,五層,公寓(5樓含以下無電梯),住家用,690324.0,88.22,3,2,2,有,無,15600000,176831.0,,0.0,0,天井增建、陽台增建、鐵鋁窗增建、一樓增建沿著加蓋其他增建；,RPRNMLSJQHJGFDA38DA,78.9,0.0,9.32,無,,44.0
北投區,房地(土地+建物),泉源路３６之１２號,134.59,住,,,1130531,土地1建物1車位0,全,四層,透天厝,住家用,780921.0,277.82,5,3,5,有,有,31280000,112591.0,,0.0,0,陽台外推；頂樓加蓋；其他增建；,RPPOMLRJQHJGFEA28DA,199.81,69.95,8.06,無,,35.0
內湖區,房地(土地+建物),行善路２１號十樓,47.3,住,,,1130501,土地1建物1車位0,十層,十層,華廈(10層含以下有電梯),住家用,870506.0,124.48,3,2,2,有,有,24800000,199229.0,,0.0,0,陽台外推；其他增建；,RPOOMLLJQHJGFCA37DA,74.5,0.0,7.06,有,,26.0
中山區,房地(土地+建物)+車位,明水路４３１號三樓,34.07,住,,,1130516,土地1建物1車位1,三層,十四層,住宅大樓(11層含以上有電梯),住家用,831006.0,189.88,3,2,2,有,有,52580000,276912.0,坡道平面,0.0,0,陽台外推；,RPRNMLOJQHJGFCA87DA,145.54,5.17,12.07,有,,30.0
中山區,房地(土地+建物)+車位,北安路６０８巷１２號六樓,33.39,住,,,1130509,土地1建物1車位1,六層,十四層,住宅大樓(11層含以上有電梯),住家用,950516.0,197.87,3,2,2,有,有,64580000,326376.0,坡道平面,41.21,0,,RPPOMLPJQHJGFCA87DA,104.92,2.95,5.18,有,2228.0,18.0
士林區,房地(土地+建物),後港街２０巷５號四樓,22.97,住,,,1130530,土地1建物1車位0,四層,五層,公寓(5樓含以下無電梯),住家用,690805.0,75.39,3,2,2,有,無,11000000,145908.0,,0.0,0,陽台外推；其他增建；,RPVOMLMLPHJGFEA48DA,65.21,0.0,10.18,無,,44.0
士林區,房地(土地+建物),中山北路七段２０９之２號,31.55,住,,,1130531,土地1建物1車位0,一層,七層,華廈(10層含以下有電梯),住家用,740320.0,156.89,3,2,2,有,有,25500000,162534.0,,0.0,0,其他增建；,RPUPMLMLPHJGFEA48DA,116.99,18.02,0.0,有,,39.0
南港區,房地(土地+建物)+車位,重陽路１２５巷３６弄１０號七樓之７,19.22,住,,,1130515,土地1建物1車位1,七層,八層,華廈(10層含以下有電梯),住家用,961008.0,104.97,1,2,1,有,有,21400000,234899.0,坡道平面,24.51,2500000,陽台外推；夾層；其他增建；,RPUOMLPKPHJGFDA48DA,44.55,0.0,6.35,有,,17.0
松山區,房地(土地+建物),光復北路１００巷１３號三樓,30.0,住,,,1130529,土地1建物1車位0,三層，陽臺,四層,公寓(5樓含以下無電梯),住家用,601125.0,83.31,3,2,1,有,無,22150000,265874.0,,0.0,0,陽台外推；其他增建；,RPSNMLQLPHJGFDA38DA,83.31,0.0,0.0,無,,53.0
中正區,房地(土地+建物),和平西路一段１４３號三樓,14.82,住,,,1130512,土地1建物1車位0,三層,十二層,住宅大樓(11層含以上有電梯),住家用,671111.0,135.04,1,2,1,有,有,24000000,177725.0,,0.0,0,陽台外推；其他增建；,RPPNMLMKNHJGFAA07DA,100.22,0.0,6.28,有,,46.0
文山區,房地(土地+建物)+車位,和平東路四段２９５巷１０之２號,90.06,住,,,1130501,土地1建物1車位1,一層,五層,華廈(10層含以下有電梯),住家用,981116.0,215.6,3,2,2,有,有,44500000,229096.0,坡道平面,33.58,2800000,其他增建：空地加蓋之增建物陽台外推；夾層；其他增建；,RPSNMLRKPHJGFAA08DA,120.0,9.35,12.36,有,,14.0
內湖區,房地(土地+建物),港華街５１巷８弄４號二樓,46.35,住,,,1130510,土地1建物1車位0,二層,五層,公寓(5樓含以下無電梯),住家用,740726.0,127.86,4,2,2,有,無,20000000,156421.0,,0.0,0,,RPRNMLTLNHJGFCA28DA,109.1,0.0,18.76,無,,39.0
中山區,房地(土地+建物)+車位,樂群二路３０巷６０號六樓,87.8,住,,,1130528,土地1建物1車位3,六層,七層,華廈(10層含以下有電梯),住家用,1001108.0,426.65,4,2,3,有,有,160000000,431411.0,坡道平面,72.0,7000000,其他增建；,RPTNMLMLPHJGFCA97DA,194.3,27.21,29.15,有,,13.0
內湖區,房地(土地+建物),民權東路六段１８０巷６６號八樓之１,14.97,住,,,1130525,土地1建物1車位0,八層,十層,華廈(10層含以下有電梯),住家用,980715.0,85.66,2,2,1,有,有,22600000,263834.0,,0.0,0,陽台外推；,RPQNMLRLPHJGFCA18DA,47.61,4.85,3.99,有,2230.0,15.0
信義區,房地(土地+建物),松山路４８２巷２４號十四樓,12.25,住,,,1130527,土地2建物1車位0,十四層，夾層,十四層,住宅大樓(11層含以上有電梯),住家用,740723.0,112.97,3,2,2,有,有,20200000,178809.0,,0.0,0,陽台外推；頂樓加蓋；夾層；其他增建；瑕疵物件；,RPWPMLLJQHJGFDA38DA,87.86,0.0,7.45,有,2231.0,39.0
南港區,房地(土地+建物)+車位,重陽路１２５巷３６之２號七樓,50.89,住,,,1130525,土地1建物1車位1,七層,九層,華廈(10層含以下有電梯),住家用,951214.0,245.14,3,2,2,有,有,54800000,249678.0,坡道平面,35.67,2500000,,RPPOMLPJQHJGFDA97DA,131.97,8.09,11.95,有,2232.0,17.0
松山區,房地(土地+建物),健康路１５巷５０號六樓,26.83,住,,,1130516,土地3建物1車位0,六層,十三層,住宅大樓(11層含以上有電梯),住家用,900320.0,121.46,2,2,1,有,有,34160000,281245.0,,0.0,0,陽台外推；其他增建；,RPQPMLPJQHJGFDA18DA,62.53,1.12,8.48,有,,23.0
大同區,房地(土地+建物),承德路三段３０１巷１８號一樓,60.56,住,,,1130520,土地1建物2車位0,一層,五層,公寓(5樓含以下無電梯),住家用,690124.0,202.16,3,2,2,有,無,45000000,222596.0,,0.0,0,其他增建；,RPOOMLNLPHJGFBA57DA,178.81,23.35,0.0,無,,44.0
信義區,房地(土地+建物),福德街２６８巷３０弄４號四樓,30.77,住,,,1130516,土地1建物1車位0,四層,五層,公寓(5樓含以下無電梯),住家用,720121.0,114.52,3,2,2,有,無,22750000,198655.0,,0.0,0,,RPPNMLSKOHJGFDA08DA,95.02,0.0,10.05,無,,41.0
大安區,房地(土地+建物)+車位,建國南路二段５５號十六樓,68.78,住,,,1130530,土地2建物1車位4,十六層,三十一層,住宅大樓(11層含以上有電梯),住家用,1070802.0,621.81,0,0,0,無,有,398500000,762454.0,坡道平面,128.01,22000000,,RPUNMLMLPHJGFFA38DA,235.97,6.45,61.2,有,,6.0
信義區,房地(土地+建物),松山路２７８號五樓,9.99,住,,,1130519,土地2建物1車位0,五層,十五層,住宅大樓(11層含以上有電梯),住家用,730608.0,69.39,2,2,1,有,有,17000000,244992.0,,0.0,0,陽台加窗,RPTPMLLJQHJGFDA08DA,46.08,0.0,4.72,有,,40.0
士林區,房地(土地+建物),天母西路９５巷３號,288.0,住,,,1130514,土地1建物1車位0,全,三層,透天厝,住家用,910628.0,624.28,5,3,5,有,無,275000000,440507.0,,0.0,0,具重建或重劃、都更等效益；,RPTNMLKLQHJGFEA08DA,564.16,0.0,60.12,無,,22.0
大安區,房地(土地+建物),樂業街１５９巷５３號,31.5,住,,,1130514,土地1建物1車位0,一層，平台,四層,公寓(5樓含以下無電梯),住家用,660112.0,91.11,3,3,1,有,無,20180000,221491.0,,0.0,0,其他增建；,RPPOMLPJQHJGFFA18DA,91.11,0.0,0.0,無,,47.0
文山區,建物,萬寧街１５７號八樓,0.0,,,,1130526,土地0建物1車位0,八層,十六層,住宅大樓(11層含以上有電梯),住家用,861030.0,153.73000000000002,3,2,2,有,有,8880000,57764.0,,0.0,0,建物坐落地號：萬芳段一小段3地號；陽台外推；地上權房屋；,RPUNMLTKQHJGFAA58DA,87.24,0.0,12.54,有,,27.0
大同區,房地(土地+建物),環河北路二段２２３巷８號二樓,35.25,住,,,1130521,土地1建物1車位0,二層,四層,公寓(5樓含以下無電梯),住家用,660608.0,115.83,2,2,1,有,無,17000000,146767.0,,0.0,0,,RPUNMLQKQHJGFBA38DA,102.3,0.0,13.53,無,2237.0,47.0
信義區,房地(土地+建物)+車位,信義路五段１５０巷３３０號五樓,19.76,住,,,1130521,土地1建物1車位1,五層,十三層,住宅大樓(11層含以上有電梯),住家用,980408.0,142.43,2,2,2,有,有,33180000,305497.0,坡道平面,43.64,3000000,,RPPQMLTLPHJGFDA68DA,52.98,7.51,3.55,有,,15.0
松山區,房地(土地+建物)+車位,三民路３５巷５號七樓之３,46.95,住,,,1130512,土地1建物1車位1,七層,十三層,住宅大樓(11層含以上有電梯),住家用,930917.0,224.76,3,2,2,有,有,52000000,231358.0,坡道平面,0.0,0,,RPQNMLLLQHJGFDA77DA,103.3,3.56,12.45,有,,20.0
士林區,房地(土地+建物),至誠路二段９２巷３弄１５號四樓,34.51,住,,,1130527,土地1建物1車位0,四層,五層,公寓(5樓含以下無電梯),住家用,690703.0,133.71,3,2,2,有,無,21580000,161394.0,,0.0,0,陽台外推；其他增建；,RPWOMLQKPHJGFEA88DA,106.2,0.0,19.63,無,,44.0
北投區,房地(土地+建物)+車位,稻香路２４１號三樓,53.04,住,,,1130502,土地1建物1車位1,三層,五層,華廈(10層含以下有電梯),住家用,1101015.0,132.91,2,2,1,有,有,20100000,195631.0,坡道平面,40.9,2100000,含裝潢設備及家電,RPTNMLPKQHJGFEA48DA,50.83,4.19,4.95,有,,3.0
大安區,房地(土地+建物),光復南路２６０巷４９之３號,41.63,住,,,1130531,土地1建物1車位0,四層,六層,華廈(10層含以下有電梯),住家用,580514.0,152.05,4,2,2,有,有,44800000,294640.0,,0.0,0,,RPTPMLLJQHJGFFA28DA,137.17,0.0,14.88,有,,55.0
南港區,房地(土地+建物),興南街５２巷１２號三樓,28.5,住,,,1130518,土地1建物1車位0,三層,四層,公寓(5樓含以下無電梯),住家用,660119.0,85.09,3,2,2,有,無,17700000,208015.0,,0.0,0,空地加蓋加鐵窗陽台外推；其他增建；,RPPOMLQJQHJGFDA08DA,78.59,0.0,6.5,無,2240.0,47.0
士林區,房地(土地+建物),後街１６號四樓,29.69,住,,,1130501,土地3建物1車位0,四層,五層,公寓(5樓含以下無電梯),住家用,700105.0,96.55,3,2,2,有,無,18130000,187778.0,,0.0,0,其他增建；,RPPQMLRKPHJGFEA48DA,90.73,0.0,5.82,無,,43.0
士林區,房地(土地+建物)+車位,承德路四段２７７巷３５號四樓之３,16.12,住,,,1130525,土地1建物1車位1,四層,九層,華廈(10層含以下有電梯),住家用,990409.0,90.82,2,2,1,有,有,22680000,276044.0,升降機械,15.19,1800000,其他增建；,RPQNMLMJQHJGFEA77DA,51.32,2.55,2.76,有,2241.0,14.0
北投區,房地(土地+建物)+車位,行義路１９２巷６號三樓,94.0,住,,,1130509,土地1建物1車位2,三層,五層,華廈(10層含以下有電梯),住家用,1050630.0,272.06,3,2,2,有,有,40320000,148203.0,坡道平面,0.0,4400000,,RPSOMLPKQHJGFEA48DA,105.69,0.0,15.84,有,2242.0,8.0
大安區,房地(土地+建物),復興南路一段２５３巷４６號二樓,25.8,住,,,1130514,土地3建物1車位0,二層,七層,華廈(10層含以下有電梯),住家用,681001.0,132.12,4,2,2,有,無,37620000,284741.0,,0.0,0,陽台外推；其他增建；,RPVNMLMJQHJGFFA38DA,93.86,0.0,20.59,有,2243.0,45.0
松山區,房地(土地+建物),南京東路五段６６巷１２弄７號六樓,20.18,住,,,1130531,土地3建物1車位0,六層,七層,華廈(10層含以下有電梯),住家用,700216.0,98.25,0,0,0,無,有,27500000,279898.0,,0.0,0,,RPROMLLLQHJGFDA08EA,88.24,0.0,10.01,有,,43.0
中正區,房地(土地+建物)+車位,重慶南路三段４３號九樓,43.72,住,,,1130530,土地2建物1車位1,九層,二十一層,住宅大樓(11層含以上有電梯),住家用,1100915.0,248.62,3,2,2,有,有,91900000,423490.0,坡道平面,39.17,3200000,,RPSOMLPJOHJGFAA77DA,117.26,8.26,11.44,有,,3.0
中正區,房地(土地+建物)+車位,重慶南路三段４１號九樓,48.48,住,,,1130530,土地2建物1車位2,九層,二十一層,住宅大樓(11層含以上有電梯),住家用,1100915.0,307.53,3,2,2,有,有,105100000,428516.0,坡道平面,77.2,6400000,,RPTOMLPJOHJGFAA87DA,126.43,10.64,13.55,有,,3.0
文山區,房地(土地+建物)+車位,政大二街２２２號,99.23,住,,,1130512,土地1建物1車位1,一層,四層,華廈(10層含以下有電梯),住家用,981019.0,229.87,2,2,2,有,有,36500000,173354.0,坡道平面,33.74,2500000,,RPUOMLMKQHJGFAA97DA,116.87,4.98,18.78,有,2245.0,15.0
內湖區,房地(土地+建物)+車位,金湖路３７６號四樓,9.36,住,,,1130505,土地1建物1車位1,四層,十層,華廈(10層含以下有電梯),住家用,880415.0,40.37,0,1,1,有,有,11180000,276938.0,坡道機械,10.45,0,其他增建；,RPRNMLNJPHJGFCA67DA,19.64,0.0,2.15,有,,25.0
內湖區,房地(土地+建物),文德路２２巷１６弄２２號四樓,29.01,住,,,1130513,土地2建物1車位0,四層,五層,公寓(5樓含以下無電梯),住家用,691229.0,90.57,3,2,2,有,無,16580000,183063.0,,0.0,0,陽台外推；其他增建；,RPTNMLQKPHJGFCA28DA,79.95,0.0,3.33,無,,43.0
中山區,房地(土地+建物)+車位,明水路３９７巷１８弄６號五樓、８號五樓,95.69,住,,,1130526,土地1建物1車位4,五層,十五層,住宅大樓(11層含以上有電梯),住家用,960919.0,519.45,4,2,5,有,有,168000000,398651.0,坡道平面,128.12,12000000,陽台外推；,RPUNMLSJQHJGFCA58DA,244.34,6.7,27.11,有,,17.0
北投區,房地(土地+建物),明德路２８８號五樓之１,9.06,住,,,1130530,土地1建物1車位0,五層,十層,華廈(10層含以下有電梯),住家用,890426.0,39.77,1,1,1,有,有,11880000,298718.0,,0.0,0,,RPVNMLKLPHJGFEA18DA,25.38,0.0,2.52,有,2246.0,24.0
大安區,房地(土地+建物),潮州街６０巷７號五樓,12.67,住,,,1130518,土地1建物1車位0,五層,七層,華廈(10層含以下有電梯),住家用,980206.0,58.33,1,1,0,有,有,23000000,394308.0,,0.0,0,夾層；其他增建；,RPUNMLLJQHJGFFA18DA,31.92,3.32,0.0,有,,15.0
萬華區,房地(土地+建物),寶興街６２號二樓,32.5,住,,,1130509,土地2建物1車位0,二層,四層,公寓(5樓含以下無電梯),住家用,601220.0,90.06,3,2,2,有,無,17380000,192982.0,,0.0,0,其他增建；,RPXNMLNKQHJGFBA38DA,90.06,0.0,0.0,無,2247.0,52.0
內湖區,房地(土地+建物),內湖路三段１４３巷３０號三樓,17.06,住,,,1130518,土地1建物1車位0,三層,五層,公寓(5樓含以下無電梯),住家用,710227.0,67.74000000000001,2,2,1,有,無,15080000,222616.0,,0.0,0,陽台外推；其他增建；,RPWOMLRJQHJGFCA78DA,56.53,0.0,8.53,無,,42.0
松山區,房地(土地+建物),光復北路２３０巷２９號十七樓,29.77,住,,,1130514,土地3建物1車位0,十七層,十八層,住宅大樓(11層含以上有電梯),住家用,910514.0,138.36,2,2,1,有,有,39000000,281873.0,,0.0,0,,RPPOMLSJQHJGFDA28DA,80.43,1.29,7.88,有,2249.0,22.0
大安區,房地(土地+建物)+車位,臥龍街２８９號八樓,19.47,住,,,1130522,土地1建物1車位1,八層,十四層,住宅大樓(11層含以上有電梯),住家用,1120503.0,164.7,3,2,2,有,有,46880000,284639.0,坡道平面,31.26,0,車位編號：48號,RPWNMLMLQHJGFFA68DA,73.49,6.75,7.56,有,,1.0
文山區,房地(土地+建物),景華街１２８巷３弄１６號三樓,29.5,住,,,1130525,土地1建物1車位0,三層,四層,公寓(5樓含以下無電梯),住家用,660823.0,83.1,3,2,1,有,無,15000000,180505.0,,0.0,0,陽台外推；其他增建；,RPRNMLPLNHJGFAA67DA,69.04,0.0,14.06,無,,47.0
文山區,房地(土地+建物)+車位,忠順街一段４１巷３弄６號二樓,45.71,住,,,1130520,土地4建物1車位1,二層，三層,五層,公寓(5樓含以下無電梯),住家用,781121.0,180.91,3,2,2,有,無,22800000,126030.0,坡道平面,0.0,2000000,依建物謄本標示部，車位面積無法概算陽台外推；其他增建；,RPQOMLSJQHJGFAA08DA,154.74,6.1,11.1,無,,34.0
中正區,房地(土地+建物)+車位,連雲街１５號五樓,23.04,住,,,1130521,土地1建物1車位1,五層,七層,華廈(10層含以下有電梯),住家用,961109.0,112.97,2,1,1,有,有,39180000,376847.0,升降機械,14.84,2200000,,RPVOMLQKPHJGFBA48DA,54.73,3.26,5.04,有,2250.0,17.0
士林區,房地(土地+建物)+車位,芝玉路一段２０２號,62.23,住,,,1130511,土地1建物1車位2,一層,十九層,住宅大樓(11層含以上有電梯),住家用,850207.0,336.65,5,3,4,有,有,50800000,150899.0,坡道平面,93.64,0,其他增建；,RPVNMLPJQHJGFEA58DA,98.65,120.43,0.0,有,,28.0
文山區,建物,萬寧街１５１號四樓,0.0,,,,1130525,土地0建物1車位1,四層,十六層,住宅大樓(11層含以上有電梯),住家用,861030.0,157.99,3,2,2,有,有,9350000,59181.0,坡道平面,0.0,0,車位需定期抽籤。；建物坐落地號：萬芳段一小段3地號；地上權房屋；,RPPOMLQLQHJGFAA97DA,89.79,0.0,12.54,有,,27.0
內湖區,房地(土地+建物)+車位,康寧路三段９９巷３９弄１０號,23.44,住,,,1130503,土地1建物1車位2,一層,七層,華廈(10層含以下有電梯),住家用,971219.0,166.7,4,0,4,有,有,28880000,173245.0,升降平面,71.03,0,陽台、雨遮外推法定空地增建。陽台外推；其他增建；,RPQOMLMLQHJGFCA87DA,59.14,7.56,5.29,有,,15.0
信義區,房地(土地+建物)+車位,忠孝東路五段２３６巷６６號十樓,234.04,住,,,1130518,土地1建物1車位4,十層,十七層,住宅大樓(11層含以上有電梯),住家用,1000112.0,1131.34,0,0,0,無,有,668880000,663154.0,坡道平面,178.5,37000000,,RPQOMLQKQHJGFDA28DA,557.16,16.98,53.17,有,,13.0
大同區,房地(土地+建物),環河北路二段２１３巷５號,32.75,住,,,1130531,土地2建物1車位0,一層,四層,公寓(5樓含以下無電梯),住家用,660608.0,122.29,0,2,1,有,無,25150000,205659.0,,0.0,0,其他增建；,RPTNMLTLPHJGFBA58DA,108.94,13.35,0.0,無,,47.0
北投區,房地(土地+建物)+車位,稻香路１６１巷１６弄６號五樓,70.89,住,,,1130503,土地1建物1車位1,五層,五層,華廈(10層含以下有電梯),住家用,1100902.0,164.59,3,2,2,有,有,29180000,209614.0,坡道平面,35.4,2100000,含裝潢設備及家電,RPOOMLRLQHJGFEA38DA,72.49,5.85,5.83,有,,3.0
萬華區,房地(土地+建物)+車位,中華路二段６０２號五樓之１,26.68,住,,,1130523,土地1建物1車位1,五層,十四層,住宅大樓(11層含以上有電梯),住家用,841123.0,156.02,3,2,2,有,有,30000000,192283.0,坡道平面,0.0,0,,RPQNMLQLQHJGFBA08DA,76.29,1.1,16.7,有,,29.0
信義區,房地(土地+建物),永吉路５０２巷３號五樓,42.31,住,,,1130529,土地2建物1車位0,五層,五層,公寓(5樓含以下無電梯),住家用,700109.0,188.57,3,2,2,有,無,30600000,162274.0,,0.0,0,陽台外推；其他增建；,RPQOMLSLQHJGFDA58DA,117.86,52.89,17.82,無,,43.0
士林區,房地(土地+建物),中山北路六段４５０巷７弄５號四樓,41.87,住,,,1130529,土地3建物1車位0,四層,五層,公寓(5樓含以下無電梯),住家用,761127.0,160.42,4,2,2,有,有,25550000,159269.0,,0.0,0,其他增建：陽台加窗。其他增建；,RPRPMLRLOHJGFEA58DA,139.57,2.66,12.03,無,,37.0
中山區,房地(土地+建物)+車位,建國北路三段７１號三樓之５,10.75,住,,,1130527,土地2建物1車位1,三層,十四層,住宅大樓(11層含以上有電梯),住家用,1041016.0,107.77,1,1,1,有,有,24500000,227336.0,坡道平面,26.49,0,夾層；其他增建；,RPROMLSKPHJGFCA38DA,47.7,3.74,0.0,有,2259.0,9.0
中正區,房地(土地+建物)+車位,金山南路一段５９號十五樓,32.94,住,,,1130515,土地4建物1車位2,十五層,十九層,住宅大樓(11層含以上有電梯),住家用,1120606.0,342.45,0,0,0,無,有,152500000,535721.0,坡道平面,73.84,8600000,,RPQNMLQJRHJGFBA97DA,152.96,8.14,10.19,有,,1.0
信義區,房地(土地+建物)+車位,虎林街４６巷４９號七樓,20.61,住,,,1130525,土地1建物1車位1,七層,七層,華廈(10層含以下有電梯),住家用,1050126.0,89.44,2,1,1,有,無,27500000,327085.0,升降機械,12.09,2200000,夾層；其他增建；,RPPOMLOKQHJGFDA97DA,44.57,0.0,3.52,有,2260.0,8.0
信義區,房地(土地+建物)+車位,信安街１６８號十樓之９,28.1,住,,,1130519,土地1建物1車位2,十層,十二層,住宅大樓(11層含以上有電梯),住家用,1121220.0,206.91,2,1,1,有,有,57550000,398913.0,坡道平面,79.94,6900000,預售屋、或土地及建物分件登記案件；,RPSOMLNKPHJGFDA08DA,70.11,8.37,4.57,有,,
信義區,房地(土地+建物)+車位,吳興街６００巷７６弄１３號九樓,18.96,住,,,1130524,土地4建物1車位1,九層,九層,華廈(10層含以下有電梯),住家用,1060907.0,146.99,2,1,1,有,有,32500000,221103.0,坡道平面,41.16,0,,RPWNMLRKPHJGFDA78DA,61.28,0.0,8.5,有,2262.0,7.0
大安區,房地(土地+建物),八德路二段１０巷３號五樓,40.12,住,,,1130516,土地1建物1車位0,五層,五層,公寓(5樓含以下無電梯),住家用,780927.0,113.14,3,2,2,有,無,23000000,203288.0,,0.0,0,頂樓加蓋；,RPPNMLNJRHJGFFA97DA,90.03,0.45,12.15,無,,35.0
信義區,房地(土地+建物),忠孝東路五段４９２巷９弄３之１號,11.88,住,,,1130519,土地1建物1車位0,一層,四層,公寓(5樓含以下無電梯),住家用,621105.0,35.18,1,1,0,有,無,10400000,295623.0,,0.0,0,其他增建；,RPRNMLOLOHJGFDA97DA,29.15,6.03,0.0,無,,51.0
大安區,房地(土地+建物)+車位,仁愛路四段１５１巷２８號九樓,23.24,住,,,1130525,土地1建物1車位1,九層,十一層,住宅大樓(11層含以上有電梯),住家用,780809.0,206.25,3,2,2,有,有,68740000,367569.0,坡道平面,31.48,4500000,陽台外推；,RPSPMLKMQHJGFFA38DA,157.61,4.53,11.31,有,2263.0,35.0
文山區,房地(土地+建物),木柵路四段１４１號六樓之５,27.67,住,,,1130531,土地2建物1車位0,六層,十九層,住宅大樓(11層含以上有電梯),住家用,1000214.0,89.69,2,1,1,有,有,23600000,263129.0,,0.0,0,,RPXOMLRJQHJGFAA68DA,56.28,1.87,5.71,有,,13.0
北投區,房地(土地+建物),大興街６８號五樓,36.6,住,,,1130528,土地1建物1車位0,五層，夾層,五層,公寓(5樓含以下無電梯),住家用,771107.0,124.06,5,2,3,有,無,17800000,143479.0,,0.0,0,其他增建；,RPSOMLTKOHJGFEA68DA,91.07,11.13,11.53,無,,36.0
中正區,房地(土地+建物),晉江街４４號四樓之１,31.5,住,,,1130420,土地1建物1車位0,四層,四層,公寓(5樓含以下無電梯),住家用,670914.0,67.82,2,2,1,有,無,17500000,258036.0,,0.0,0,其他增建；,RPTOMLNJNHJGFAA57DA,57.66,0.0,10.16,無,2265.0,46.0
文山區,房地(土地+建物),興隆路三段１３７號九樓之１２,6.56,住,,,1130429,土地1建物1車位0,九層,十層,華廈(10層含以下有電梯),住家用,970523.0,31.19,1,1,1,有,有,7500000,240462.0,,0.0,0,,RPUOMLNJOHJGFAA77DA,17.39,2.59,0.0,有,,16.0
中正區,房地(土地+建物),廈門街８１巷１６之７號,22.71,住,,,1130415,土地1建物1車位0,一層，平台,五層,公寓(5樓含以下無電梯),住家用,650407.0,96.81,3,2,2,有,無,22400000,231381.0,,0.0,0,,RPQPMLOJOHJGFAA57DA,87.49,0.0,0.0,無,2266.0,48.0
中正區,房地(土地+建物),重慶南路三段６６號六樓,19.01,住,,,1130415,土地1建物1車位0,六層,七層,華廈(10層含以下有電梯),住家用,741017.0,95.52,3,2,2,有,有,16500000,172739.0,,0.0,0,陽台外推；,RPVNMLPJOHJGFAA97DA,82.31,0.81,6.62,有,2267.0,38.0
內湖區,房地(土地+建物)+車位,內湖路一段７３７巷１１４號二樓,26.1,住,,,1130423,土地1建物1車位1,二層,七層,華廈(10層含以下有電梯),住家用,830806.0,136.14,3,2,2,有,無,25500000,187307.0,升降平面,0.0,0,陽台外推；,RPRRMLMJNHJGFCA77DA,75.81,1.72,9.15,有,,30.0
內湖區,房地(土地+建物)+車位,麗山街１０５巷２９號二樓,24.84,住,,,1130404,土地1建物1車位1,二層,七層,華廈(10層含以下有電梯),住家用,1080802.0,130.22000000000003,2,2,1,有,有,28080000,215635.0,升降機械,11.81,0,其他增建；,RPPNMLNKNHJGFCA37DA,50.33,10.32,4.03,有,2269.0,5.0
內湖區,房地(土地+建物)+車位,內湖路二段１０３巷１００弄１１號八樓之１,56.7,住,,,1130430,土地5建物1車位2,八層,十層,華廈(10層含以下有電梯),住家用,850423.0,226.09,4,2,2,有,有,34800000,153921.0,坡道平面,69.58,0,,RPWNMLNLNHJGFCA18DA,164.47,4.84,13.47,有,,28.0
中山區,房地(土地+建物)+車位,敬業三路１６２巷１２０號三樓,47.09,住,,,1130422,土地1建物1車位1,三層,十二層,住宅大樓(11層含以上有電梯),住家用,890628.0,155.53,3,2,2,有,有,31280000,201119.0,坡道平面,0.0,0,其他增建；,RPRPMLOJOHJGFCA87DA,77.69,0.0,8.1,有,,24.0
信義區,房地(土地+建物),信義路五段１５０巷３４２弄４８號,61.0,住,,,1130414,土地2建物1車位0,一層，平台,四層,公寓(5樓含以下無電梯),住家用,651203.0,136.87,4,2,2,有,無,28800000,210419.0,,0.0,0,平台增建其他增建；,RPVNMLKMNHJGFDA97DA,136.87,0.0,0.0,無,,47.0
南港區,房地(土地+建物)+車位,重陽路３９巷１００之１號,43.24,住,,,1130420,土地1建物1車位1,一層,九層,華廈(10層含以下有電梯),住家用,920716.0,170.51,3,2,2,有,有,41300000,279695.0,坡道平面,32.86,2800000,陽台外推；其他增建；,RPOPMLOJOHJGFDA67DA,95.88,1.4,6.01,有,,21.0
信義區,房地(土地+建物),忠孝東路五段１９號九樓之１,17.62,住,,,1130423,土地4建物1車位0,九層,十二層,住宅大樓(11層含以上有電梯),住家用,710227.0,127.53,3,2,2,有,有,36000000,282287.0,,0.0,0,梯間增建陽台外推；其他增建；,RPSOMLPJOHJGFDA08DA,89.94,0.0,20.1,有,,42.0
松山區,房地(土地+建物)+車位,延壽街３３０巷１７弄１之１號,30.68,住,,,1130427,土地1建物1車位1,一層,七層,華廈(10層含以下有電梯),住家用,810309.0,146.17,3,2,2,有,有,32550000,222686.0,其他,0.0,0,車位需定期抽籤,RPPNMLQJOHJGFDA77DA,93.81,10.6,0.0,有,,32.0
北投區,房地(土地+建物)+車位,知行路２５７號七樓,13.45,住,,,1130428,土地1建物1車位1,七層,十層,華廈(10層含以下有電梯),住家用,1000722.0,86.87,2,1,1,有,有,14380000,165535.0,升降機械,18.0,0,夾層；,RPRNMLSLNHJGFEA38DA,38.25,3.27,4.3,有,2270.0,13.0
士林區,房地(土地+建物),忠義街１２３巷８號二樓,23.8,住,,,1130424,土地1建物1車位0,二層,五層,公寓(5樓含以下無電梯),住家用,740723.0,89.65,3,2,2,有,無,15550000,173452.0,,0.0,0,,RPQOMLTLNHJGFEA48DA,74.36,0.0,9.17,無,,39.0
士林區,房地(土地+建物),基河路１２８號七樓之１５,7.55,住,,,1130425,土地1建物1車位0,七層,十一層,住宅大樓(11層含以上有電梯),住家用,850916.0,28.13,1,0,1,有,有,6900000,245290.0,,0.0,0,陽台外推；,RPVNMLNJOHJGFEA18DA,15.92,1.18,2.37,有,,28.0
大安區,房地(土地+建物),安居街８４巷８號四樓,32.47,住,,,1130414,土地1建物1車位0,四層,四層,公寓(5樓含以下無電梯),住家用,660318.0,94.77,3,2,2,有,無,21000000,221589.0,,0.0,0,陽台外推；頂樓加蓋；其他增建；,RPPOMLRJNHJGFFA08DA,80.78,0.0,13.99,無,,47.0
大安區,房地(土地+建物),安居街８巷３號六樓,13.65,住,,,1130428,土地1建物1車位0,六層,十二層,住宅大樓(11層含以上有電梯),住家用,730420.0,122.34,3,2,2,有,有,25880000,211542.0,,0.0,0,陽台外推；其他增建；,RPPOMLRKNHJGFFA18DA,88.81,0.0,11.84,有,,40.0
大安區,房地(土地+建物),新生南路一段１３３巷１５號,37.0,住,,,1130424,土地1建物1車位0,一層，平台,四層,公寓(5樓含以下無電梯),住家用,580106.0,106.65,0,1,1,有,無,47500000,445382.0,,0.0,0,其他增建；,RPPNMLMLNHJGFFA67DA,106.65,0.0,0.0,無,2271.0,55.0
文山區,房地(土地+建物),興隆路三段２５５巷１５號二樓,67.8,住,,,1130422,土地3建物1車位0,二層,五層,公寓(5樓含以下無電梯),住家用,711115.0,151.59,3,2,2,有,有,15000000,98951.0,,0.0,0,,RPPNMLQJOHJGFAA57EA,103.42,0.0,40.27,無,1371.0,41.0
文山區,房地(土地+建物)+車位,政大二街２６０巷１７號三樓,100.16,住,,,1130409,土地1建物1車位1,三層,五層,華廈(10層含以下有電梯),住家用,1020805.0,242.04,3,2,2,有,有,30280000,125103.0,坡道平面,26.86,0,,RPOOMLKMMHJGFAA96DA,125.77,12.45,12.11,有,2274.0,11.0
中正區,房地(土地+建物),金門街３４巷８之１號七樓,31.64,住,,,1130430,土地1建物1車位0,七層,七層,華廈(10層含以下有電梯),住家用,721210.0,164.32999999999998,0,2,0,有,無,37280000,226874.0,,0.0,0,陽台外推；其他增建；,RPTNMLRKNHJGFAA97DA,123.99,0.0,15.64,有,,40.0
中山區,房地(土地+建物),北安路４５８巷４１弄７０號九樓,15.0,住,,,1130420,土地1建物1車位0,九層,十六層,住宅大樓(11層含以上有電梯),住家用,1110419.0,85.35,0,0,0,無,有,39250000,459871.0,,0.0,0,,RPTNMLOJOHJGFCA87DA,49.65,0.0,4.61,有,,2.0
內湖區,房地(土地+建物),康樂街２０４之３號五樓之５,7.67,住,,,1130430,土地1建物1車位0,五層,十一層,住宅大樓(11層含以上有電梯),住家用,970331.0,41.900000000000006,1,1,1,有,有,8800000,210024.0,,0.0,0,陽台外推；,RPQNMLSJOHJGFCA97DA,25.45,0.81,2.91,有,2279.0,16.0
南港區,房地(土地+建物),興東街２９號四樓,36.53,住,,,1130426,土地1建物1車位0,四層,七層,華廈(10層含以下有電梯),住家用,841117.0,141.04,2,2,2,有,有,27000000,191435.0,,0.0,0,其他增建；,RPUNMLQJNHJGFDA18DA,74.85,36.69,9.92,有,,28.0
信義區,房地(土地+建物),忠孝東路五段４２３巷６弄１４號三樓,29.98,住,,,1130430,土地1建物1車位0,三層,五層,公寓(5樓含以下無電梯),住家用,780428.0,121.67,3,2,2,有,有,30000000,246569.0,,0.0,0,陽台外推；其他增建；,RPRNMLRJOHJGFDA08DA,85.23,0.0,9.93,無,2281.0,35.0
士林區,房地(土地+建物)+車位,天母西路５０巷２７號六樓,57.39,住,,,1130401,土地1建物1車位3,六層,十四層,住宅大樓(11層含以上有電梯),住家用,900423.0,342.88,4,2,3,有,有,73000000,212902.0,坡道平面,0.0,8100000,陽台外推；其他增建；,RPWOMLMJMHJGFEA08DA,139.76,2.09,15.91,有,,23.0
北投區,房地(土地+建物)+車位,奇岩路２４１巷７弄３０號二樓,140.33,住,,,1130430,土地1建物1車位2,二層,五層,華廈(10層含以下有電梯),住家用,1081223.0,293.02,4,2,2,有,有,46860000,179277.0,坡道平面,56.18,4400000,,RPSOMLPKNHJGFEA18DA,125.93,9.12,16.58,有,,4.0
士林區,房地(土地+建物),天母東路８巷４９號二樓,26.01,住,,,1130423,土地4建物1車位0,二層,七層,華廈(10層含以下有電梯),住家用,701214.0,142.2,3,2,2,有,有,34500000,242616.0,,0.0,0,陽台外推；其他增建；,RPQOMLLMNHJGFEA77DA,105.06,0.0,14.89,有,,42.0
大安區,房地(土地+建物),永康街４巷１８號六樓之２,7.0,住,,,1130429,土地1建物1車位0,六層,十層,華廈(10層含以下有電梯),住家用,960911.0,35.480000000000004,1,1,1,有,有,17920000,505073.0,,0.0,0,陽台外推；夾層；,RPTNMLKKNHJGFFA77DA,20.54,0.5,2.22,有,2282.0,17.0
大安區,房地(土地+建物),延吉街７０巷２弄１２之２號,24.0,住,,,1130426,土地1建物1車位0,三層,四層,公寓(5樓含以下無電梯),住家用,601208.0,80.57,3,2,2,有,無,24080000,298871.0,,0.0,0,陽台外推；,RPSOMLOJOHJGFFA18DA,67.86,0.0,12.71,無,2283.0,52.0
大安區,房地(土地+建物),光復南路７２巷７弄１號五樓,25.9,住,,,1130427,土地1建物1車位0,五層,七層,華廈(10層含以下有電梯),住家用,750103.0,139.26999999999998,5,0,5,有,無,35000000,251310.0,,0.0,0,陽台外推；含租約；,RPSNMLRJOHJGFFA48EA,106.03,6.93,8.78,有,,38.0
文山區,房地(土地+建物),興隆路二段２２０巷６５弄２９號二樓,24.55,住,,,1130428,土地1建物1車位0,二層，電梯樓梯間,五層,公寓(5樓含以下無電梯),住家用,850824.0,80.46000000000001,3,2,2,有,無,13000000,161571.0,,0.0,0,陽台外推；,RPRNMLNJNHJGFAA27DA,64.37,1.78,7.3,無,,28.0
文山區,房地(土地+建物),興隆路二段２７５巷１弄２０號七樓,23.39,住,,,1130422,土地2建物1車位0,七層,十層,華廈(10層含以下有電梯),住家用,831018.0,92.4,2,2,1,有,有,21800000,235931.0,,0.0,0,其他增建；,RPWNMLPKNHJGFAA08DA,58.94,1.47,7.9,有,2288.0,30.0
文山區,房地(土地+建物),指南路二段４５巷５號二樓,24.35,住,,,1130423,土地1建物1車位0,二層,五層,公寓(5樓含以下無電梯),住家用,680807.0,82.62,3,2,1,有,無,14010000,169572.0,,0.0,0,陽台外推；其他增建；,RPWPMLLLNHJGFAA97DA,69.42,0.0,13.2,無,,45.0
文山區,房地(土地+建物)+車位,秀明路二段１１２巷１弄１６號四樓,29.89,住,,,1130430,土地1建物1車位1,四層,九層,華廈(10層含以下有電梯),住家用,840620.0,141.41,3,2,2,有,有,24580000,173821.0,升降平面,0.0,0,車位面積無法概算陽台外推；其他增建；,RPTNMLMLNHJGFAA57DA,79.32,2.12,11.42,有,2290.0,29.0
中正區,房地(土地+建物)+車位,汀州路二段１３１號五樓,21.8,住,,,1130407,土地1建物1車位1,五層,六層,華廈(10層含以下有電梯),住家用,811015.0,94.12,2,2,1,有,有,22880000,282850.0,升降機械,20.29,2000000,陽台外推；其他增建；,RPQNMLPJOHJGFAA47DA,77.14,4.05,6.64,有,,31.0
中山區,房地(土地+建物),龍江路３７０巷４號四樓,25.67,住,,,1130421,土地1建物1車位0,四層,五層,公寓(5樓含以下無電梯),住家用,720210.0,109.79,3,2,2,有,無,22580000,205665.0,,0.0,0,陽台外推；其他增建；,RPXNMLLJNHJGFCA87DA,94.32,0.0,12.62,無,2293.0,41.0
中山區,房地(土地+建物),合江街１２７巷１５號四樓,27.53,住,,,1130420,土地2建物1車位0,四層,五層,公寓(5樓含以下無電梯),住家用,681229.0,106.69,3,2,3,有,無,25880000,242572.0,,0.0,0,陽台向外加蓋凸窗之增建物陽台外推；其他增建；,RPSPMLNKNHJGFCA87DA,94.8,0.0,11.89,無,2294.0,44.0
中山區,房地(土地+建物),德惠街１１８號二樓,35.25,住,,,1130420,土地1建物1車位0,二層，陽臺,四層,公寓(5樓含以下無電梯),住家用,610615.0,94.46,2,2,2,有,無,20350000,215435.0,,0.0,0,其他增建；,RPQNMLMLNHJGFCA47DA,94.46,0.0,0.0,無,2296.0,52.0
中山區,房地(土地+建物),復興北路５１４巷１２號五樓,33.79,住,,,1130428,土地1建物1車位0,五層,五層,公寓(5樓含以下無電梯),住家用,701130.0,118.85,3,2,2,有,無,23000000,193521.0,,0.0,0,頂樓加蓋；其他增建；,RPQPMLMLNHJGFCA67DA,103.58,0.0,15.27,無,,42.0
內湖區,房地(土地+建物),內湖路三段４３號五樓,26.44,住,,,1130410,土地1建物1車位0,五層,五層,公寓(5樓含以下無電梯),住家用,701125.0,94.14,3,2,1,有,無,14500000,154026.0,,0.0,0,陽台外推；頂樓加蓋；,RPSPMLOLNHJGFCA08DA,82.1,0.0,12.04,無,,42.0
松山區,房地(土地+建物),八德路四段１０６巷６弄１號三樓,47.0,住,,,1130423,土地3建物1車位0,三層，露台,四層,公寓(5樓含以下無電梯),住家用,590219.0,83.6,3,2,1,有,無,22000000,263158.0,,0.0,0,其他增建；,RPWRMLPKNHJGFDA78DA,83.6,0.0,0.0,無,,54.0
信義區,房地(土地+建物),中坡南路２１５巷３號四樓,25.11,住,,,1130421,土地1建物1車位0,四層,五層,公寓(5樓含以下無電梯),住家用,720607.0,110.65,3,2,2,有,無,21580000,195029.0,,0.0,0,其他增建；,RPROMLMLNHJGFDA77DA,87.55,0.0,9.22,無,,41.0
信義區,房地(土地+建物),林口街１６４之１號二樓,15.4,住,,,1130403,土地4建物1車位0,二層,五層,公寓(5樓含以下無電梯),住家用,711005.0,64.76,2,2,1,有,無,14680000,226683.0,,0.0,0,其他增建；,RPVPMLRLNHJGFDA78DA,61.59,0.0,3.17,無,,41.0
信義區,房地(土地+建物),忠孝東路五段７１巷３弄２３號二樓,35.0,住,,,1130428,土地1建物1車位0,二層,四層,公寓(5樓含以下無電梯),住家用,631014.0,99.93,3,2,1,有,無,27700000,277194.0,,0.0,0,其他增建；,RPSOMLRJOHJGFDA28DA,86.42,0.0,13.51,無,,50.0
北投區,房地(土地+建物),光明路１３１巷２９號三樓,37.5,住,,,1130428,土地2建物1車位0,三層,五層,公寓(5樓含以下無電梯),住家用,710929.0,120.83,3,2,2,有,無,14800000,122486.0,,0.0,0,鐵窗增建其他增建；,RPWOMLLLNHJGFEA28DA,109.81,0.0,11.02,無,,42.0
北投區,房地(土地+建物),尊賢街２３０巷２號五樓,19.5,住,,,1130430,土地1建物1車位0,五層,五層,公寓(5樓含以下無電梯),住家用,660114.0,80.9,3,2,1,有,無,14800000,182942.0,,0.0,0,陽台外推；其他增建；,RPOPMLOLNHJGFEA87DA,74.7,0.0,6.2,無,,47.0
大安區,房地(土地+建物),仁愛路三段２３號三樓,19.69,住,,,1130420,土地1建物1車位0,三層,十二層,住宅大樓(11層含以上有電梯),住家用,660111.0,151.27999999999997,4,2,2,有,有,58000000,383395.0,,0.0,0,陽台外推；其他增建；,RPPNMLLJNHJGFFA37DA,121.7,0.0,6.69,有,,47.0
內湖區,房地(土地+建物),新明路３７９號四樓,38.0,住,,,1130427,土地1建物1車位0,四層,四層,公寓(5樓含以下無電梯),住家用,660408.0,98.55,2,2,2,有,無,15800000,160325.0,,0.0,0,頂樓加蓋；,RPTNMLLKOHJGFCA77EA,88.53,0.0,10.02,無,,47.0
大安區,房地(土地+建物),復興南路二段１７１巷３２號八樓,21.91,住,,,1130428,土地1建物1車位0,八層,十七層,住宅大樓(11層含以上有電梯),住家用,740522.0,113.11,3,2,2,有,有,30600000,270557.0,,0.0,0,,RPPNMLLKOHJGFFA67EA,84.65,1.56,8.27,有,2299.0,39.0
文山區,房地(土地+建物),福興路６２號四樓之７,12.01,,,,1130422,土地3建物1車位0,四層，電梯樓梯間,十六層,住宅大樓(11層含以上有電梯),住家用,841030.0,88.78,2,2,1,有,有,17280000,194638.0,,0.0,0,,RPRNMLKLNHJGFAA17DA,68.91,2.23,8.05,有,2301.0,28.0
文山區,房地(土地+建物)+車位,萬壽路６２之９號二樓,29.19,住,,,1130425,土地1建物1車位1,二層,五層,華廈(10層含以下有電梯),住家用,961023.0,71.71000000000001,0,1,1,有,有,11100000,164718.0,升降機械,11.0,1100000,陽台外推；,RPWNMLTLNHJGFAA58DA,31.05,5.81,1.79,有,2302.0,17.0
大同區,房地(土地+建物),環河北路二段２６９號二樓之１６,24.99,住,,,1130419,土地2建物1車位0,二層,四層,華廈(10層含以下有電梯),住家用,650113.0,57.42999999999999,1,1,1,有,有,10700000,186314.0,,0.0,0,,RPRNMLTLMHJGFBA08DA,44.48,0.0,0.0,有,,48.0
萬華區,房地(土地+建物),西園路二段３４８號二樓,21.06,住,,,1130427,土地1建物1車位0,二層,七層,華廈(10層含以下有電梯),住家用,760725.0,111.16,3,2,2,有,無,17380000,156351.0,,0.0,0,陽台外推；其他增建；,RPPQMLNLNHJGFBA67DA,95.37,0.0,10.37,有,,37.0
大同區,房地(土地+建物),大龍街９１巷１２號四樓之１,10.94,住,,,1130428,土地1建物1車位0,四層,十三層,住宅大樓(11層含以上有電梯),住家用,1110422.0,76.95,2,2,2,有,有,20300000,263808.0,,0.0,0,,RPWNMLMKOHJGFBA97DA,46.67,0.0,4.62,有,,2.0
內湖區,房地(土地+建物),環山路一段６０巷２２號二樓,35.37,住,,,1130413,土地2建物1車位0,二層,四層,公寓(5樓含以下無電梯),住家用,690624.0,88.51,3,2,1,有,無,18000000,203367.0,,0.0,0,其他增建；,RPUNMLNKNHJGFCA87DA,75.4,0.0,13.11,無,,44.0
內湖區,房地(土地+建物)+車位,民權東路六段２２２號五樓之２,36.84,住,,,1130428,土地2建物1車位1,五層,十一層,住宅大樓(11層含以上有電梯),住家用,960731.0,144.8,3,2,2,有,有,32880000,268897.0,坡道平面,31.82,2500000,陽台外推；其他增建；,RPUOMLMLNHJGFCA97DA,65.69,2.21,7.72,有,,17.0
中山區,房地(土地+建物),四平街４０號三樓,29.25,住,,,1130427,土地1建物1車位0,三層,四層,公寓(5樓含以下無電梯),住家用,571230.0,92.22,5,1,5,有,無,21880000,237259.0,,0.0,0,其他增建；,RPTNMLPLNHJGFCA08DA,73.48,0.0,18.74,無,,55.0
南港區,房地(土地+建物)+車位,街３２號四樓之１,33.05,住,,,1130430,土地1建物1車位1,四層,十一層,住宅大樓(11層含以上有電梯),住家用,1020521.0,214.53,3,2,2,有,有,61680000,287512.0,坡道平面,31.7,0,,RPPOMLLLNHJGFDA47DA,103.16,9.56,10.56,有,2306.0,11.0
信義區,房地(土地+建物),林口街１０巷２８號三樓,34.25,住,,,1130409,土地1建物1車位0,三層，陽台,四層,公寓(5樓含以下無電梯),住家用,630104.0,95.21,3,2,1,有,無,21000000,220565.0,,0.0,0,陽台外推；,RPXNMLTLNHJGFDA98DA,95.21,0.0,0.0,無,,50.0
南港區,房地(土地+建物)+車位,重陽路１５號七樓,10.58,住,,,1130429,土地1建物1車位1,七層,十四層,住宅大樓(11層含以上有電梯),住家用,1110124.0,75.56,1,1,1,有,有,18800000,248809.0,坡道平面,0.0,0,,RPRNMLLKOHJGFDA57DA,25.45,0.0,6.38,有,2307.0,2.0
信義區,房地(土地+建物),虎林街２１１號三樓,33.1,住,,,1130427,土地1建物1車位0,三層,五層,公寓(5樓含以下無電梯),住家用,740919.0,137.04,4,2,2,有,無,28000000,204320.0,,0.0,0,,RPPNMLMKOHJGFDA47DA,120.01,0.0,12.43,無,,39.0
士林區,房地(土地+建物),福港街１６２號四樓,28.83,住,,,1130428,土地2建物1車位0,四層,五層,公寓(5樓含以下無電梯),住家用,690428.0,96.85,3,2,2,有,無,18500000,191017.0,,0.0,0,陽台外推；,RPRNMLSLMHJGFEA28DA,90.76,0.0,6.09,無,2308.0,44.0
士林區,房地(土地+建物),德行西路１０９號二樓,31.54,住,,,1130427,土地3建物1車位0,二層,五層,公寓(5樓含以下無電梯),住家用,680122.0,116.35,4,2,2,有,無,24800000,213150.0,,0.0,0,陽台外推；其他增建；,RPWNMLSLMHJGFEA78DA,108.55,0.0,7.8,無,,45.0
士林區,房地(土地+建物)+車位,中正路７１５號七樓之１,11.07,住,,,1130421,土地2建物1車位1,七層,十三層,住宅大樓(11層含以上有電梯),住家用,930518.0,100.57,3,2,1,有,有,18260000,201925.0,坡道機械,19.55,1900000,其他增建；,RPROMLNJNHJGFEA77DA,51.29,0.0,2.91,有,2309.0,20.0
士林區,房地(土地+建物),承德路四段３０５號九樓,12.51,住,,,1130414,土地1建物1車位0,九層,十二層,住宅大樓(11層含以上有電梯),住家用,740722.0,88.91,3,2,2,有,有,17120000,192554.0,,0.0,0,陽台外推；其他增建；,RPRNMLRLNHJGFEA28DA,68.64,0.0,9.0,有,,39.0
大安區,房地(土地+建物),忠孝東路三段２５１巷８弄６號四樓,25.27,住,,,1130427,土地1建物1車位0,四層,七層,華廈(10層含以下有電梯),住家用,690212.0,133.72,3,2,2,有,有,42880000,320670.0,,0.0,0,陽台外推；其他增建；,RPUNMLKLNHJGFFA97DA,94.79,0.0,19.76,有,,44.0
大安區,房地(土地+建物)+車位,仁愛路四段１１２巷２７號,39.27,住,,,1130429,土地3建物1車位1,一層,七層,華廈(10層含以下有電梯),住家用,700722.0,209.01,3,2,2,有,有,78400000,375102.0,坡道平面,0.0,0,平台外移其他增建；,RPQOMLMKOHJGFFA87DA,144.01,23.84,0.0,有,,43.0
大安區,房地(土地+建物),仁愛路四段１１２巷２５號,28.32,住,,,1130429,土地3建物1車位0,一層,七層,華廈(10層含以下有電梯),住家用,700722.0,148.45,3,2,2,有,有,48100000,324015.0,,0.0,0,平台外移其他增建；,RPROMLMKOHJGFFA97DA,107.21,11.34,0.0,有,,43.0
文山區,房地(土地+建物)+車位,政大二街２０９號二樓,51.05,住,,,1130416,土地1建物1車位1,二層,五層,華廈(10層含以下有電梯),住家用,1120613.0,120.43,3,2,2,有,有,22740000,188823.0,塔式車位,0.0,0,,RPPNMLLKOHJGFAA17EA,57.75,2.36,7.03,有,,1.0
士林區,房地(土地+建物)+車位,德行東路３３８巷２號二樓,26.33,住,,,1130422,土地2建物1車位1,二層,七層,華廈(10層含以下有電梯),住家用,1100427.0,130.66,2,2,2,有,有,29800000,240214.0,升降機械,14.93,2000000,建案名稱:天母.晨曦,RPSNMLMKOHJGFEA97EA,52.36,4.43,4.84,有,,3.0
文山區,房地(土地+建物)+車位,秀明路二段７１號三樓之２,85.99,住,,,1130424,土地5建物1車位1,三層,十一層,住宅大樓(11層含以上有電梯),住家用,1121214.0,127.44,2,2,1,有,有,22000000,211765.0,坡道平面,33.94,2200000,,RPRNMLNKOHJGFAA47DA,52.1,4.38,6.26,有,2315.0,
內湖區,房地(土地+建物),東湖路１１３巷４９弄１２６號五樓,35.47,住,,,1130417,土地1建物1車位0,五層,五層,公寓(5樓含以下無電梯),住家用,750124.0,132.41,3,2,2,有,無,18000000,135941.0,,0.0,0,,RPXNMLQLMHJGFCA48DA,109.09,0.0,13.38,無,2316.0,38.0
內湖區,房地(土地+建物),成功路二段５１０巷９號三樓,23.2,住,,,1130409,土地1建物1車位0,三層,五層,公寓(5樓含以下無電梯),住家用,721206.0,84.09,3,2,1,有,無,15080000,179332.0,,0.0,0,其他增建；,RPQNMLRKNHJGFCA87DA,71.76,0.0,12.33,無,,40.0
內湖區,房地(土地+建物)+車位,文湖街３７號六樓,39.88,,,,1130428,土地1建物1車位2,六層,十五層,住宅大樓(11層含以上有電梯),住家用,991230.0,354.48,4,2,3,有,有,83000000,256342.0,坡道平面,54.1,6000000,,RPQNMLQLNHJGFCA87DA,185.43,13.18,17.16,有,2319.0,13.0
南港區,房地(土地+建物)+車位,南港路二段３８巷２０號十四樓,32.87,住,,,1130426,土地1建物1車位1,十四層,十四層,住宅大樓(11層含以上有電梯),住家用,980326.0,210.56,3,2,2,有,有,57000000,330842.0,坡道平面,47.34,3000000,,RPTOMLKKNHJGFDA67DA,103.2,2.62,10.07,有,,15.0
松山區,房地(土地+建物),三民路６２巷１號七樓之２,36.58,住,,,1130415,土地1建物1車位0,七層,七層,華廈(10層含以下有電梯),住家用,810303.0,151.57,3,2,2,有,有,39280000,259154.0,,0.0,0,陽台外推；其他增建；,RPVOMLKKNHJGFDA87DA,94.46,2.61,8.74,有,,32.0
信義區,房地(土地+建物),林口街６６巷９號,33.0,住,,,1130421,土地2建物1車位0,一層,四層,公寓(5樓含以下無電梯),住家用,590123.0,67.65,4,2,2,有,無,21900000,323725.0,,0.0,0,其他增建；,RPUPMLOKNHJGFDA28DA,67.65,0.0,0.0,無,,54.0
北投區,房地(土地+建物),文林北路８０巷９５號,120.0,住,,,1130401,土地1建物1車位0,全,二層,透天厝,住家用,580526.0,171.96,5,2,3,有,無,68000000,395441.0,,0.0,0,,RPPNMLMKMHJGFEA37DA,157.56,14.4,0.0,無,,55.0
北投區,房地(土地+建物)+車位,翠宜路３９號二樓,41.97,住,,,1130403,土地1建物1車位1,二層，三層，電梯樓梯間,四層,公寓(5樓含以下無電梯),住家用,850110.0,127.93,3,2,2,有,無,17000000,132885.0,升降平面,0.0,2000000,陽台外推；其他增建；,RPVNMLOLMHJGFEA28DA,70.2,1.53,8.3,無,,28.0
北投區,房地(土地+建物),泉源路３９之５６號三樓,8.87,住,,,1130427,土地1建物1車位0,三層,七層,華廈(10層含以下有電梯),住家用,751013.0,56.5,1,1,1,有,有,5850000,103540.0,,0.0,0,陽台外推；,RPVOMLQJOHJGFEA58DA,41.47,0.0,5.18,有,2324.0,38.0
士林區,房地(土地+建物),福港街２６０號三樓,38.05,住,,,1130416,土地4建物1車位0,三層,五層,公寓(5樓含以下無電梯),住家用,680907.0,108.51,3,2,2,有,有,17000000,156668.0,,0.0,0,,RPSPMLMKOHJGFEA08DA,94.41,0.0,14.1,無,,45.0
內湖區,房地(土地+建物),民權東路六段９０巷２５弄３９號五樓,25.52,住,,,1130426,土地1建物1車位0,五層,五層,公寓(5樓含以下無電梯),住家用,720119.0,93.81,3,2,1,有,無,16500000,175887.0,,0.0,0,陽台外推；其他增建；,RPSNMLNKOHJGFCA87EA,79.21,0.0,14.6,無,,41.0
士林區,房地(土地+建物),忠誠路二段１３０巷３３號五樓,34.86,住,,,1130424,土地1建物1車位0,五層,五層,公寓(5樓含以下無電梯),住家用,700716.0,121.13,4,3,2,有,無,25580000,211178.0,,0.0,0,內梯增建陽台外推；頂樓加蓋；其他增建；,RPWNMLMKOHJGFEA38EA,100.7,0.0,20.43,無,,43.0
文山區,房地(土地+建物)+車位,辛亥路六段２５號四樓之１,24.15,住,,,1130421,土地2建物1車位2,四層,十一層,住宅大樓(11層含以上有電梯),住家用,970418.0,153.63,2,2,1,有,有,26880000,223365.0,坡道機械,46.72,3000000,,RPRNMLPJNHJGFAA47DA,61.01,7.05,4.41,有,,16.0
文山區,房地(土地+建物),木新路三段３３９巷２號五樓,31.75,住,,,1130414,土地1建物1車位0,五層,五層,公寓(5樓含以下無電梯),住家用,740112.0,98.17,3,2,2,有,無,14360000,146277.0,,0.0,0,陽台外推；頂樓加蓋；其他增建；,RPUNMLOKNHJGFAA77DA,81.92,0.0,8.34,無,,39.0
中正區,房地(土地+建物)+車位,晉江街３２之１號二樓,47.01,住,,,1130414,土地1建物1車位1,二層,五層,華廈(10層含以下有電梯),住家用,1020311.0,170.81,3,2,1,有,有,46000000,270991.0,坡道機械,9.55,2300000,交易總價：4600萬元；房屋價格：4370萬元土地價格：3496萬元整、建物價格：874萬元整、車位價格：230萬元整土地價格：172.5萬元整、建物價格：57.5萬元整。陽台外推；其他增建；,RPPNMLSLNHJGFAA77DA,99.11,4.92,14.05,有,2328.0,11.0
文山區,房地(土地+建物),辛亥路七段８６巷５號四樓,22.0,住,,,1130428,土地1建物1車位0,四層,四層,公寓(5樓含以下無電梯),住家用,660620.0,59.59,2,2,1,有,無,11300000,189629.0,,0.0,0,頂樓加蓋；,RPRNMLOKOHJGFAA57DA,50.85,0.0,8.74,無,2329.0,47.0
大同區,房地(土地+建物)+車位,涼州街２號七樓之７,22.63,住,,,1130407,土地1建物1車位2,七層,十五層,住宅大樓(11層含以上有電梯),住家用,1000318.0,248.67,3,2,2,有,有,50980000,269156.0,坡道平面,77.84,5000000,其他增建；,RPUOMLPLMHJGFBA08DA,108.54,4.23,12.12,有,2330.0,13.0
萬華區,房地(土地+建物),西園路二段２８１巷３０號六樓之２,25.6,住,,,1130427,土地1建物1車位0,六層,十三層,住宅大樓(11層含以上有電梯),住家用,890821.0,113.56,3,2,2,有,有,21500000,189327.0,,0.0,0,其他增建；,RPRNMLRLMHJGFBA87DA,74.8,1.98,8.76,有,2331.0,24.0
中山區,房地(土地+建物)+車位,敬業三路１６２巷４０號三樓,47.09,住,,,1130413,土地1建物1車位1,三層,八層,華廈(10層含以下有電梯),住家用,890628.0,155.23,3,2,2,有,有,31520000,203054.0,坡道平面,54.18,0,其他增建；,RPROMLPKNHJGFCA87DA,77.39,0.0,8.1,有,,24.0
中山區,房地(土地+建物),龍江路２７１巷５號四樓,25.96,住,,,1130410,土地1建物1車位0,四層,七層,華廈(10層含以下有電梯),住家用,721017.0,138.82,4,2,2,有,無,34000000,244921.0,,0.0,0,陽台外推；其他增建；,RPWNMLQKNHJGFCA38DA,115.47,0.0,16.38,有,,40.0
內湖區,房地(土地+建物)+車位,成功路二段１９３巷８號四樓之２,12.76,住,,,1130428,土地2建物1車位1,四層,七層,華廈(10層含以下有電梯),住家用,981225.0,64.82000000000001,1,1,1,有,有,14380000,249903.0,坡道機械,13.28,1500000,夾層；其他增建；,RPROMLKLNHJGFCA47DA,26.01,2.47,2.64,有,2332.0,14.0
中山區,房地(土地+建物)+車位,民權東路二段１３５巷３６號九樓,28.98,住,,,1130421,土地1建物1車位2,九層，十層,十層,華廈(10層含以下有電梯),住家用,1030926.0,170.64999999999998,2,2,2,有,有,41800000,256030.0,升降機械,22.23,3800000,陽台外推；,RPVNMLLMNHJGFCA97DA,75.35,13.1,6.21,有,2334.0,10.0
內湖區,房地(土地+建物)+車位,港華街１１７號十二樓,27.97,住,,,1130427,土地1建物1車位1,十二層,十三層,住宅大樓(11層含以上有電梯),住家用,971119.0,193.32,4,2,2,有,有,47880000,295607.0,坡道平面,40.82,2800000,陽台外推；其他增建；,RPTPMLRJOHJGFCA38DA,109.12,3.24,10.04,有,,15.0
中山區,房地(土地+建物)+車位,松江路１７０巷１１號八樓之１,15.41,住,,,1130402,土地1建物1車位1,八層,十一層,住宅大樓(11層含以上有電梯),住家用,1060927.0,100.57,2,2,2,有,有,29777360,296115.0,坡道平面,20.19,0,,RPOOMLMKOHJGFCA37DA,46.15,3.04,4.71,有,2335.0,7.0
南港區,房地(土地+建物),重陽路１６６巷１６弄８號二樓,29.0,住,,,1130420,土地2建物1車位0,二層,四層,公寓(5樓含以下無電梯),住家用,591015.0,66.04,3,2,1,有,無,14200000,215021.0,,0.0,0,,RPRNMLKKNHJGFDA37DA,66.04,0.0,0.0,無,2336.0,54.0
士林區,房地(土地+建物),天玉街３８巷１６弄８號五樓,34.6,住,,,1130428,土地1建物1車位0,五層,五層,公寓(5樓含以下無電梯),住家用,680906.0,92.79,5,3,3,有,無,19000000,204763.0,,0.0,0,頂樓加蓋；其他增建；,RPQNMLPLNHJGFEA97DA,78.66,0.0,14.13,無,,45.0
士林區,房地(土地+建物)+車位,延平北路五段３２號三樓,20.37,住,,,1130420,土地3建物1車位2,三層,十三層,住宅大樓(11層含以上有電梯),住家用,1010528.0,165.39,3,2,2,有,有,26500000,160227.0,坡道機械,28.22,0,陽台外推；其他增建；,RPWNMLSLNHJGFEA88DA,74.35,8.01,12.54,有,,12.0
北投區,房地(土地+建物),中央北路四段５８３巷１０弄７號三樓之１,27.46,住,,,1130426,土地2建物1車位0,三層,五層,華廈(10層含以下有電梯),住家用,1050817.0,54.22,1,1,1,有,有,9050000,166913.0,,0.0,0,,RPQOMLRJOHJGFEA18DA,29.24,2.06,4.01,有,2338.0,8.0
大安區,房地(土地+建物),和平東路二段２６５巷２５弄６號九樓,25.33,住,,,1130428,土地1建物1車位0,九層,十七層,住宅大樓(11層含以上有電梯),住家用,740522.0,129.25,3,2,2,有,有,32880000,254410.0,,0.0,0,陽台外推；,RPQNMLSLNHJGFFA38DA,97.03,1.8,9.07,有,,39.0
信義區,房地(土地+建物)+車位,松德路１２７號十八樓,16.31,住,,,1130426,土地3建物1車位1,十八層,二十三層,住宅大樓(11層含以上有電梯),住家用,831021.0,196.08999999999995,3,2,2,有,有,56880000,327518.0,坡道平面,31.58,3000000,,RPRNMLNKOHJGFDA87EA,146.17,3.19,12.84,有,2340.0,30.0
北投區,房地(土地+建物),公路１８７巷８號四樓,32.25,住,,,1130427,土地2建物1車位0,四層，陽台,四層,公寓(5樓含以下無電梯),住家用,640322.0,107.59,3,2,2,有,無,16100000,149642.0,,0.0,0,頂樓加蓋；,RPTNMLNKOHJGFEA18EA,107.59,0.0,0.0,無,,49.0
大同區,房地(土地+建物),延平北路三段４６號四樓之５,8.28,住,,,1130413,土地1建物1車位0,四層,七層,華廈(10層含以下有電梯),住家用,720422.0,44.59,1,1,1,有,無,9800000,219780.0,,0.0,0,陽台外推；,RPXNMLKMMHJGFBA87DA,32.5,0.0,5.17,有,,41.0
萬華區,房地(土地+建物),富民路１４５巷１５弄１號二樓,24.49,住,,,1130427,土地1建物1車位0,二層,四層,公寓(5樓含以下無電梯),住家用,630704.0,69.1,3,2,1,有,無,10350000,149783.0,,0.0,0,陽台外推；其他增建；,RPPNMLPKOHJGFBA57DA,69.1,0.0,0.0,無,,50.0
內湖區,房地(土地+建物),安泰街５３巷１１號五樓,35.3,住,,,1130425,土地1建物1車位0,五層,五層,公寓(5樓含以下無電梯),住家用,730706.0,131.12,7,0,2,有,無,14800000,112874.0,,0.0,0,頂樓加蓋；,RPXOMLNKNHJGFCA28DA,109.09,0.0,9.13,無,,40.0
內湖區,房地(土地+建物)+車位,新明路３１２巷２之２號三樓,24.0,住,,,1130425,土地1建物1車位1,三層,六層,華廈(10層含以下有電梯),住家用,1030108.0,116.28,2,2,1,有,有,23880000,218932.0,升降機械,14.97,1700000,,RPVNMLRKNHJGFCA38DA,52.29,9.19,3.21,有,2342.0,10.0
信義區,房地(土地+建物),忠孝東路四段５５９巷１６弄２號四樓,4.52,住,,,1130430,土地4建物1車位0,四層,六層,華廈(10層含以下有電梯),住家用,800130.0,34.67,1,1,1,有,無,10100000,291318.0,,0.0,0,陽台外推；,RPTQMLKMMHJGFDA97DA,16.08,0.0,5.99,有,,33.0
南港區,房地(土地+建物)+車位,東新街１８０巷６號三樓,109.79,住,,,1130421,土地2建物1車位1,三層,五層,華廈(10層含以下有電梯),住家用,1120426.0,186.72,3,2,2,有,有,49200000,305719.0,坡道機械,32.33,2000000,本買賣標的含新光段一小段338建號權利範圍3199/100000,RPRQMLNKOHJGFDA08DA,85.24,3.03,12.98,有,,1.0
南港區,房地(土地+建物)+車位,經貿二路２３５巷３２號二樓,20.18,住,,,1130419,土地1建物1車位1,二層,十層,華廈(10層含以下有電梯),住家用,1031002.0,118.1,0,0,0,無,有,28240000,239119.0,塔式車位,12.5,0,隔間牆需自行恢復。毛胚屋；,RPQNMLOKOHJGFDA77DA,64.31,1.22,6.37,有,2345.0,10.0
南港區,房地(土地+建物)+車位,經貿二路２３５巷３６號二樓,21.28,住,,,1130419,土地1建物1車位1,二層,十層,華廈(10層含以下有電梯),住家用,1031002.0,125.9,0,0,0,無,有,30320000,240826.0,塔式車位,12.5,0,隔間牆需自行恢復。毛胚屋；,RPRNMLOKOHJGFDA87DA,67.41,4.09,6.37,有,2346.0,10.0
南港區,房地(土地+建物)+車位,經貿二路２３５巷３８號三樓,19.22,住,,,1130422,土地1建物1車位1,三層,十層,華廈(10層含以下有電梯),住家用,1031002.0,115.1,0,0,0,無,有,26830000,233102.0,塔式車位,12.5,0,毛胚屋；,RPSNMLOKOHJGFDA97DA,60.85,2.72,6.94,有,2347.0,10.0
南港區,房地(土地+建物)+車位,經貿二路２３５巷３８號二樓,19.22,住,,,1130419,土地1建物1車位1,二層,十層,華廈(10層含以下有電梯),住家用,1031002.0,115.1,0,0,0,無,有,22610000,196438.0,塔式車位,12.5,0,毛胚屋；,RPTNMLOKOHJGFDA08DA,60.85,2.72,6.94,有,760.0,10.0
北投區,房地(土地+建物)+車位,奇岩路８號,97.6,住,,,1130414,土地2建物1車位1,一層,五層,華廈(10層含以下有電梯),住家用,900502.0,186.8,3,2,2,有,無,27500000,147216.0,坡道平面,0.0,0,本物件增建為平台。其他增建；,RPSNMLPLMHJGFEA08DA,109.27,0.0,9.64,有,2349.0,23.0
北投區,房地(土地+建物)+車位,奇岩路８之１號,97.6,住,,,1130414,土地2建物1車位1,一層,五層,華廈(10層含以下有電梯),住家用,900502.0,190.46,3,2,2,有,無,27500000,144387.0,坡道平面,0.0,0,,RPRPNLPLMHJGFEA28DA,109.27,0.0,13.3,有,2350.0,23.0
士林區,房地(土地+建物),中山北路六段４５０巷２１號,31.13,住,,,1130426,土地1建物1車位0,一層,五層,公寓(5樓含以下無電梯),住家用,700311.0,116.82,3,2,2,有,無,33050000,282914.0,,0.0,0,其他增建；,RPQNMLSLMHJGFEA18DA,98.6,18.22,0.0,無,,43.0
北投區,房地(土地+建物)+車位,義理街２７號五樓,15.27,住,,,1130428,土地1建物1車位1,五層,十四層,住宅大樓(11層含以上有電梯),住家用,1120718.0,139.02,2,2,1,有,有,37680000,350303.0,坡道平面,40.02,3000000,,RPWNMLOKNHJGFEA38DA,60.2,1.54,5.02,有,,1.0
北投區,房地(土地+建物),石牌路二段３４３巷１１號三樓之１,11.07,住,,,1130426,土地1建物1車位0,三層,七層,華廈(10層含以下有電梯),住家用,1041203.0,46.74,1,1,1,有,有,12500000,267437.0,,0.0,0,其他增建；,RPSNMLLLNHJGFEA77DA,22.67,0.92,5.33,有,2351.0,8.0
文山區,房地(土地+建物),興隆路二段２０３巷１３０號四樓,20.44,住,,,1130429,土地1建物1車位0,四層,十一層,住宅大樓(11層含以上有電梯),住家用,860623.0,83.81,2,1,1,有,有,16800000,200453.0,,0.0,0,,RPPNMLRKOHJGFAA77EA,55.81,2.0,7.93,有,,27.0
大同區,房地(土地+建物),承德路二段９１巷３６號八樓之２,17.72,住,,,1130409,土地1建物1車位0,八層,十一層,住宅大樓(11層含以上有電梯),住家用,930720.0,83.35,2,1,1,有,有,18800000,225555.0,,0.0,0,,RPRNMLOKOHJGFBA77EA,56.12,0.0,6.62,有,,20.0
南港區,房地(土地+建物),成福路６５之１號五樓,40.7,住,,,1130401,土地3建物1車位0,五層,五層,公寓(5樓含以下無電梯),住家用,780524.0,113.9,3,2,1,有,有,19680000,172783.0,,0.0,0,陽台外推；頂樓加蓋；,RPPNMLRKOHJGFDA08EA,91.89,2.55,9.75,無,2353.0,35.0
士林區,房地(土地+建物),社中街２１０巷９弄２號,24.5,住,,,1130430,土地1建物1車位0,一層，平台,四層,公寓(5樓含以下無電梯),住家用,650107.0,73.31,2,1,1,有,無,15800000,215523.0,,0.0,0,其他增建；,RPSNMLRKOHJGFEA48EA,73.31,0.0,0.0,無,,48.0
文山區,房地(土地+建物),興隆路三段１８５巷５弄１４號二樓,28.34,住,,,1130429,土地7建物1車位0,二層,五層,公寓(5樓含以下無電梯),住家用,720823.0,92.7,3,2,2,有,有,14280000,154045.0,,0.0,0,陽台外推；其他增建；,RPOOMLMLNHJGFAA17DA,69.29,0.0,14.92,無,2354.0,41.0
文山區,房地(土地+建物),興隆路一段１２４號,37.68,住,,,1130427,土地2建物1車位0,一層，平台，騎樓,四層,公寓(5樓含以下無電梯),住家用,640122.0,103.9,0,2,0,有,無,30000000,288739.0,,0.0,0,其他增建；,RPUNMLOJOHJGFAA77DA,103.9,0.0,0.0,無,,49.0
萬華區,房地(土地+建物),寶興街８０巷１４號四樓,27.25,住,,,1130411,土地1建物1車位0,四層,四層,公寓(5樓含以下無電梯),住家用,620417.0,66.64,2,2,1,有,無,11000000,165066.0,,0.0,0,頂樓加蓋；其他增建；,RPROMLLLNHJGFBA47DA,66.64,0.0,0.0,無,,51.0
中山區,房地(土地+建物),中原街２２號六樓之８,5.69,住,,,1130429,土地1建物1車位0,六層,七層,華廈(10層含以下有電梯),住家用,660625.0,34.12,1,1,1,有,有,9600000,281360.0,,0.0,0,,RPQOMLLKOHJGFCA47DA,25.28,0.0,2.92,有,2358.0,47.0
中山區,房地(土地+建物)+車位,北安路５８８巷３０弄６號三樓,33.23,住,,,1130430,土地1建物1車位1,三層,九層,華廈(10層含以下有電梯),住家用,831001.0,151.82,3,2,2,有,有,36580000,304819.0,坡道平面,41.01,2800000,陽台外推；其他增建；,RPTOMLOKOHJGFCA08DA,123.87,6.28,9.17,有,,30.0
內湖區,房地(土地+建物),大湖街１５８巷２之１號四樓之１,18.05,住,,,1130429,土地3建物1車位0,四層,七層,華廈(10層含以下有電梯),住家用,861126.0,61.87,1,2,1,有,有,15200000,245676.0,,0.0,0,陽台外推；其他增建；,RPPNMLPKOHJGFCA67DA,36.97,5.54,5.71,有,,26.0
信義區,房地(土地+建物),嘉興街２２７號二樓,20.25,住,,,1130415,土地1建物1車位0,二層,四層,公寓(5樓含以下無電梯),住家用,620809.0,68.53,3,2,1,有,無,13900000,202831.0,,0.0,0,陽台外推；,RPRNMLLLMHJGFDA47DA,64.08,0.0,4.45,無,2360.0,51.0
信義區,房地(土地+建物),虎林街２１２巷３４號四樓,38.0,住,,,1130420,土地2建物1車位0,四層,四層,公寓(5樓含以下無電梯),住家用,581114.0,75.13,2,2,1,有,無,18180000,241981.0,,0.0,0,,RPSNMLKKNHJGFDA47DA,75.13,0.0,0.0,無,,54.0
松山區,房地(土地+建物),寶清街１０３巷２９號,34.02,住,,,1130420,土地1建物1車位0,一層,七層,華廈(10層含以下有電梯),住家用,1060821.0,122.35,3,2,2,有,有,33360000,272660.0,,0.0,0,,RPQOMLKLNHJGFDA47DA,75.07,0.0,0.0,有,2361.0,7.0
信義區,房地(土地+建物),吳興街５０巷２１弄７號三樓,42.0,住,,,1130428,土地1建物1車位0,三層,四層,公寓(5樓含以下無電梯),住家用,660226.0,122.15,3,2,2,有,無,25300000,207122.0,,0.0,0,陽台外推；其他增建；,RPVOMLOKOHJGFDA38DA,101.23,0.0,20.92,無,,47.0
士林區,房地(土地+建物),雨聲街６５巷４４號二樓,39.29,住,,,1130413,土地1建物1車位0,二層,五層,公寓(5樓含以下無電梯),住家用,741211.0,135.41,4,2,2,有,無,26000000,192009.0,,0.0,0,其他增建；,RPQOMLNKMHJGFEA67DA,110.5,0.61,12.84,無,,38.0
士林區,房地(土地+建物),天玉街３８巷１３弄４號二樓之１,23.03,住,,,1130427,土地1建物1車位0,二層,六層,華廈(10層含以下有電梯),住家用,730711.0,103.9,3,2,2,有,無,22350000,215111.0,,0.0,0,,RPUPMLRKNHJGFEA68DA,75.93,0.0,8.85,有,2362.0,40.0
大安區,房地(土地+建物),泰順街４０巷１０弄２號五樓,32.8,住,,,1130428,土地3建物1車位0,五層,五層,公寓(5樓含以下無電梯),住家用,761022.0,132.12,3,2,2,有,無,28400000,214956.0,,0.0,0,陽台外推；頂樓加蓋；,RPWNMLQKNHJGFFA68DA,96.1,6.15,12.0,無,,37.0
大安區,房地(土地+建物)+車位,金山南路二段１０巷１３號四樓,31.02,住,,,1130407,土地1建物2車位2,四層,六層,華廈(10層含以下有電梯),住家用,900410.0,168.8,2,2,1,有,無,47500000,281398.0,升降機械,0.0,5000000,陽台外推；其他增建；,RPPOMLOJOHJGFFA87DA,58.26,0.0,9.58,有,,23.0
大安區,房地(土地+建物)+車位,杭州南路二段６１巷２號二樓之１,27.69,住,,,1130429,土地1建物1車位1,二層,六層,華廈(10層含以下有電梯),住家用,1040427.0,123.0,2,2,2,有,有,46000000,373984.0,塔式車位,0.0,2500000,陽台外推；,RPVNMLSKOHJGFFA88DA,53.84,5.49,10.52,有,2366.0,9.0
內湖區,房地(土地+建物),康樂街１３６巷２９弄５３號五樓,31.0,住,,,1130405,土地1建物1車位0,五層,五層,公寓(5樓含以下無電梯),住家用,750616.0,115.0,3,2,2,有,無,14200000,123478.0,,0.0,0,,RPROMLMLNHJGFCA77EA,97.59,0.0,7.33,無,2367.0,38.0
文山區,房地(土地+建物),試院路５２之２號四樓之１,33.6,住,,,1130428,土地1建物1車位0,四層,五層,公寓(5樓含以下無電梯),住家用,700612.0,97.54,5,0,5,有,無,14500000,148672.0,,0.0,0,陽台外推；其他增建；,RPOOMLTLMHJGFAA77DA,74.77,0.48,13.08,無,,43.0
文山區,房地(土地+建物)+車位,萬壽路７５之８號二樓,53.15,住,,,1130423,土地1建物1車位1,二層,五層,華廈(10層含以下有電梯),住家用,970527.0,117.94,2,1,2,有,有,18000000,160023.0,坡道機械,14.83,1500000,陽台外推；其他增建；,RPXNMLTJNHJGFAA48DA,63.2,2.59,6.33,有,,16.0
文山區,房地(土地+建物),辛亥路七段８４巷１４號,33.39,住,,,1130420,土地1建物1車位0,一層,五層,華廈(10層含以下有電梯),住家用,880419.0,87.94000000000001,3,2,2,有,有,20580000,234023.0,,0.0,0,陽台外推；其他增建；,RPVNMLSKOHJGFAA38DA,70.85,0.0,7.58,有,,25.0
內湖區,房地(土地+建物)+車位,康寧路三段１８９巷９２號五樓,26.33,住,,,1130429,土地2建物1車位1,五層,八層,華廈(10層含以下有電梯),住家用,840830.0,90.14,2,2,1,有,有,19800000,219658.0,坡道平面,0.0,0,陽台外推；其他增建；,RPUOMLSLNHJGFCA58DA,77.79,2.61,5.56,有,2371.0,29.0
內湖區,房地(土地+建物),內湖路三段３２９巷４弄１１號四樓,22.8,住,,,1130424,土地1建物1車位0,四層,五層,公寓(5樓含以下無電梯),住家用,680504.0,81.01,3,2,1,有,無,13230000,163313.0,,0.0,0,陽台外推；其他增建；,RPOOMLRJOHJGFCA77DA,70.7,0.0,10.31,無,2372.0,45.0
南港區,房地(土地+建物)+車位,成福路７４巷８號四樓之２,38.33,住,,,1130414,土地1建物1車位1,四層,七層,華廈(10層含以下有電梯),住家用,1060710.0,189.33,2,2,2,有,無,42700000,278240.0,坡道平面,45.21,2600000,,RPPOMLPLMHJGFDA77DA,73.63,2.29,14.1,有,,7.0
信義區,房地(土地+建物)+車位,和平東路三段３２５號三樓,13.66,住,,,1130418,土地1建物1車位1,三層,十二層,住宅大樓(11層含以上有電梯),住家用,800305.0,138.54,2,2,2,有,有,24800000,193717.0,升降機械,19.81,1800000,,RPXNMLLMNHJGFDA28DA,111.31,3.42,5.34,有,,33.0
松山區,房地(土地+建物)+車位,三民路４３巷１０號二樓之３,43.52,住,,,1130427,土地1建物1車位1,二層,十四層,住宅大樓(11層含以上有電梯),住家用,951218.0,202.18,3,2,2,有,有,47000000,232466.0,坡道平面,0.0,0,車位編號：72號,RPRPMLRKOHJGFDA38DA,103.5,3.41,12.45,有,2374.0,17.0
松山區,房地(土地+建物)+車位,三民路４３巷１０號二樓之２,43.4,住,,,1130427,土地1建物1車位1,二層,十四層,住宅大樓(11層含以上有電梯),住家用,951218.0,201.58,3,2,2,有,有,49880000,247445.0,坡道平面,0.0,0,車位編號：71號,RPTPMLRKOHJGFDA58DA,103.12,3.41,12.45,有,2375.0,17.0
北投區,房地(土地+建物),致遠一路二段１１２巷８之３號五樓,28.6,住,,,1130413,土地1建物1車位0,五層,五層,公寓(5樓含以下無電梯),住家用,660915.0,97.1,5,3,3,有,無,18720000,192791.0,,0.0,0,陽台外推；頂樓加蓋；其他增建；,RPUNMLOKNHJGFEA18DA,81.48,0.0,15.62,無,2376.0,47.0
大安區,房地(土地+建物),新生南路一段１６１巷１號三樓,38.0,住,,,1130418,土地1建物1車位0,三層，陽臺,四層,公寓(5樓含以下無電梯),住家用,620130.0,109.87,4,2,2,有,無,31320000,285064.0,,0.0,0,,RPTNMLSKOHJGFFA68DA,109.87,0.0,0.0,無,,51.0
松山區,房地(土地+建物),三民路８０巷４號五樓之１,21.84,住,,,1130408,土地1建物1車位0,五層,七層,華廈(10層含以下有電梯),住家用,810413.0,93.5,2,2,2,有,有,26480000,283209.0,,0.0,0,陽台外推；,RPQNMLTKOHJGFDA38EA,60.99,0.0,6.7,有,,32.0
文山區,房地(土地+建物)+車位,福興路９５巷３５號五樓,30.31,住,,,1130430,土地1建物1車位1,五層,十層,華廈(10層含以下有電梯),住家用,890626.0,121.34,2,2,1,有,有,19000000,156585.0,坡道平面,33.19,0,,RPSNMLMLNHJGFAA47DA,67.05,0.0,5.01,有,,24.0
萬華區,房地(土地+建物)+車位,德昌街２０１號十一樓,19.2,住,,,1130414,土地1建物1車位1,十一層,十三層,住宅大樓(11層含以上有電梯),住家用,1120407.0,135.37,3,2,2,有,有,28500000,222351.0,塔式車位,14.84,1700000,其他增建；,RPSOMLTKMHJGFBA18DA,71.72,2.8,3.07,有,2377.0,1.0
大同區,房地(土地+建物),昌吉街９９巷１６號四樓之２,13.65,住,,,1130423,土地1建物1車位0,四層,八層,華廈(10層含以下有電梯),住家用,1051108.0,76.86,2,1,1,有,有,21900000,284934.0,,0.0,0,,RPVOMLRJNHJGFBA28DA,46.15,0.0,4.55,有,2378.0,7.0
內湖區,房地(土地+建物),康樂街８９號五樓,34.15,住,,,1130428,土地1建物1車位0,五層,五層,公寓(5樓含以下無電梯),住家用,750620.0,107.96,8,0,5,有,無,17050000,157929.0,,0.0,0,頂樓加蓋；其他增建；,RPQPMLNLNHJGFCA77DA,87.87,0.0,9.79,無,2380.0,38.0
內湖區,房地(土地+建物),成功路四段６１巷２２弄３號八樓,11.64,住,,,1130428,土地1建物1車位0,八層,九層,華廈(10層含以下有電梯),住家用,821214.0,47.85,1,1,1,有,有,12400000,259143.0,,0.0,0,陽台外推；其他增建；,RPWOMLOJOHJGFCA28DA,26.34,0.0,2.71,有,,30.0
南港區,房地(土地+建物)+車位,向陽路２５８巷２７號七樓,34.46,住,,,1130403,土地1建物1車位1,七層,八層,華廈(10層含以下有電梯),住家用,961217.0,162.86,2,2,2,有,有,37250000,269171.0,坡道平面,33.76,2500000,陽台外推；,RPUNMLQJOHJGFDA28DA,79.97,2.41,11.12,有,2381.0,16.0
北投區,房地(土地+建物),吉利街２３７之１號四樓,15.0,住,,,1130423,土地1建物1車位0,四層,五層,公寓(5樓含以下無電梯),住家用,760423.0,53.16,2,2,1,有,無,9680000,182092.0,,0.0,0,陽台外推；其他增建；,RPPOMLTJNHJGFEA18DA,45.49,0.0,5.8,無,2382.0,37.0
士林區,房地(土地+建物),忠誠路二段５０巷１３號四樓,31.28,住,,,1130418,土地1建物1車位0,四層,五層,公寓(5樓含以下無電梯),住家用,710626.0,123.43,3,2,2,有,無,22880000,185368.0,,0.0,0,,RPTPMLRKNHJGFEA58DA,108.83,0.0,11.6,無,,42.0
士林區,房地(土地+建物)+車位,基河路２１６號三樓,37.64,住,,,1130413,土地1建物1車位1,三層,九層,華廈(10層含以下有電梯),住家用,840811.0,165.93,3,2,1,有,有,34000000,204906.0,坡道平面,0.0,0,陽台外推；其他增建；,RPXOMLRLNHJGFEA98DA,85.16,3.34,8.42,有,,29.0
北投區,房地(土地+建物),建民路１２５巷５號二樓,34.0,住,,,1130427,土地1建物1車位0,二層，陽臺,四層,公寓(5樓含以下無電梯),住家用,640429.0,100.63,3,2,2,有,無,21360000,212263.0,,0.0,0,陽台外推；其他增建；,RPWNMLTLNHJGFEA98DA,100.63,0.0,0.0,無,,49.0
北投區,房地(土地+建物),中央北路三段２３２號四樓,21.27,住,,,1130420,土地2建物1車位0,四層,五層,公寓(5樓含以下無電梯),住家用,710226.0,71.5,2,2,1,有,無,7880000,110210.0,,0.0,0,,RPUOMLOJOHJGFEA28DA,64.19,0.0,7.31,無,,42.0
大安區,房地(土地+建物),新生南路三段７４號三樓,44.87,住,,,1130420,土地1建物1車位0,三層,五層,公寓(5樓含以下無電梯),住家用,620622.0,163.78,4,2,2,有,無,36000000,219807.0,,0.0,0,,RPOOMLKLOHJGFFA57DA,145.01,0.0,18.77,無,,51.0
中正區,房地(土地+建物),汀州路一段９２巷２２號三樓,10.54,住,,,1130422,土地2建物1車位0,三層,四層,公寓(5樓含以下無電梯),住家用,681107.0,34.42,1,1,1,有,無,8370000,243173.0,,0.0,0,陽台外推；其他增建；,RPUNMLLLNHJGFAA57DA,26.25,0.0,8.17,無,,44.0
文山區,房地(土地+建物),木柵路二段１０９巷１００弄７２號三樓,56.8,住,,,1130408,土地2建物1車位0,三層,十七層,住宅大樓(11層含以上有電梯),住家用,850925.0,100.73,3,2,2,有,有,16600000,164797.0,,0.0,0,陽台外推；其他增建；,RPVPMLLLNHJGFAA87DA,70.63,0.0,9.01,有,,28.0
內湖區,房地(土地+建物),內湖路一段２１７巷５３號,35.18,住,,,1130428,土地1建物1車位0,一層,七層,華廈(10層含以下有電梯),住家用,721117.0,108.42,3,2,2,有,有,27610000,254658.0,,0.0,0,其他增建；,RPXOMLOLNHJGFCA48DA,71.32,9.11,0.0,有,,40.0
內湖區,房地(土地+建物),麗山街３４８巷８號四樓,36.75,住,,,1130402,土地3建物1車位0,四層,五層,公寓(5樓含以下無電梯),住家用,701219.0,141.1,3,2,2,有,無,19750000,139972.0,,0.0,0,其他增建；,RPQNMLPLNHJGFCA77DA,111.32,0.0,15.23,無,,42.0
南港區,房地(土地+建物),重陽路５２７號六樓,16.83,住,,,1130421,土地1建物1車位0,六層,十二層,住宅大樓(11層含以上有電梯),住家用,1120110.0,49.82,1,1,1,有,有,17800000,357286.0,,0.0,0,,RPTPMLRLNHJGFDA58DA,29.09,0.0,3.34,有,2385.0,1.0
信義區,房地(土地+建物),信義路五段１５０巷４１１弄４號五樓,29.21,住,,,1130428,土地1建物1車位0,五層,六層,華廈(10層含以下有電梯),住家用,720316.0,146.94,4,4,2,有,無,32600000,221859.0,,0.0,0,其他增建；,RPWNMLSLNHJGFDA78DA,123.48,0.0,16.4,有,2386.0,41.0
南港區,房地(土地+建物)+車位,經貿二路１５７巷３６弄１１５號五樓,74.62,住,,,1130430,土地1建物1車位2,五層,十一層,住宅大樓(11層含以上有電梯),住家用,991202.0,371.29,3,2,2,有,有,79900000,215196.0,坡道平面,93.06,0,其他增建；,RPQPMLNJOHJGFDA77DA,161.31,14.07,12.36,有,2387.0,13.0
士林區,房地(土地+建物),中山北路七段１４巷２９之６號,21.51,住,,,1130421,土地1建物1車位0,一層,七層,華廈(10層含以下有電梯),住家用,670707.0,106.47,2,1,1,有,無,19350000,181741.0,,0.0,0,陽台外推；其他增建；,RPOOMLSLNHJGFEA18DA,74.69,19.82,0.0,有,,46.0
士林區,房地(土地+建物)+車位,中山北路七段１４巷２９之３號,31.16,住,,,1130421,土地1建物1車位1,一層,七層,華廈(10層含以下有電梯),住家用,670707.0,146.35,2,1,1,有,無,22750000,155449.0,坡道平面,0.0,3500000,陽台外推；其他增建；,RPPOMLSLNHJGFEA28DA,121.79,12.6,0.0,有,2388.0,46.0
北投區,房地(土地+建物)+車位,稻香路１６１巷１６弄６之３號二樓,50.48,住,,,1130409,土地1建物1車位1,二層,五層,華廈(10層含以下有電梯),住家用,1100902.0,127.41,2,2,1,有,有,21280000,208456.0,坡道平面,35.4,2100000,含裝潢設備及家電,RPPNMLSKOHJGFEA18DA,50.85,4.23,4.86,有,,3.0
北投區,房地(土地+建物)+車位,稻香路２４９號三樓,57.58,住,,,1130415,土地1建物1車位1,三層,五層,華廈(10層含以下有電梯),住家用,1101015.0,140.82,2,2,1,有,有,21380000,192954.0,坡道平面,40.9,2100000,含家電,RPQNMLSKOHJGFEA28DA,56.24,3.9,4.98,有,,3.0
北投區,房地(土地+建物)+車位,稻香路１６１巷１６弄８之１號三樓,48.21,住,,,1130412,土地1建物1車位1,三層,五層,華廈(10層含以下有電梯),住家用,1100902.0,123.23,2,2,1,有,有,19580000,200159.0,坡道平面,35.4,2000000,含家電,RPSNMLSKOHJGFEA48DA,47.79,4.47,4.97,有,,3.0
大安區,房地(土地+建物),瑞安街１２０巷３弄３號,29.25,住,,,1130420,土地1建物1車位0,一層,四層,公寓(5樓含以下無電梯),住家用,620201.0,69.65,3,2,1,有,無,29700000,426418.0,,0.0,0,其他增建；,RPQOMLMLNHJGFFA87DA,69.65,0.0,0.0,無,,51.0
大安區,房地(土地+建物)+車位,臥龍街２８９號七樓之３,13.69,住,,,1130406,土地1建物1車位1,七層,十四層,住宅大樓(11層含以上有電梯),住家用,1120503.0,121.45,2,2,1,有,有,31000000,255249.0,坡道平面,31.26,0,土地價格：2015萬元整、建物價格：1085萬元整。陽台外推；,RPTNMLNLNHJGFFA18DA,48.56,2.15,7.55,有,,1.0
中正區,房地(土地+建物)+車位,臨沂街５９巷３４之１號五樓,53.32,住,,,1130429,土地1建物1車位1,五層,五層,華廈(10層含以下有電梯),住家用,761102.0,178.62,5,3,3,有,有,57800000,323592.0,坡道平面,25.87,0,陽台外推；頂樓加蓋；其他增建；,RPPNMLLLOHJGFBA37EA,126.13,24.8,15.89,有,,36.0
文山區,房地(土地+建物),萬盛街１２０號,38.53,住,,,1130415,土地1建物2車位0,一層,五層,公寓(5樓含以下無電梯),住家用,830625.0,142.32,3,2,2,有,無,28620000,201096.0,,0.0,0,增建項目：一樓空地、平台增建其他增建；,RPPOMLTJNHJGFAA77DA,129.75,3.82,0.0,無,,30.0
中正區,房地(土地+建物)+車位,水源路３７之３號十樓,15.88,住,,,1130410,土地1建物1車位1,十層,十三層,住宅大樓(11層含以上有電梯),住家用,1070223.0,158.44,3,2,2,有,有,35600000,224691.0,坡道平面,32.06,0,交易總價：3560萬元整內含車位價土地價格：27223805元整、建物價格：8376195元整。,RPUNMLOKOHJGFAA87DA,71.39,5.09,7.21,有,,6.0
中山區,房地(土地+建物),龍江路３８４巷１１號五樓,25.96,住,,,1130402,土地1建物1車位0,五層,五層,公寓(5樓含以下無電梯),住家用,710918.0,99.51,3,2,2,有,無,18880000,189730.0,,0.0,0,陽台外推；頂樓加蓋；其他增建；,RPTPMLSKOHJGFCA58DA,88.39,0.0,11.12,無,2390.0,42.0
中山區,房地(土地+建物),復興北路４３０巷３２號六樓,25.62,住,,,1130416,土地2建物1車位0,六層,七層,華廈(10層含以下有電梯),住家用,700127.0,127.64,3,1,2,有,有,30800000,241304.0,,0.0,0,陽台外推；,RPUOMLTKOHJGFCA68DA,98.02,0.0,24.75,有,,43.0
信義區,房地(土地+建物),松隆路１５９巷３９號五樓,25.78,住,,,1130421,土地1建物1車位0,五層,五層,公寓(5樓含以下無電梯),住家用,690821.0,100.37,4,2,2,有,無,18000000,179336.0,,0.0,0,其他增建；,RPRNMLLJNHJGFDA37DA,85.41,0.0,14.96,無,,44.0
信義區,房地(土地+建物)+車位,松勇路５５號七樓,63.22,住,,,1130428,土地1建物1車位2,七層,八層,華廈(10層含以下有電梯),住家用,870122.0,258.09999999999997,3,2,2,有,有,69100000,391848.0,坡道平面,99.62,7000000,陽台外推；,RPTNMLKKNHJGFDA57DA,116.79,1.5,14.35,有,,26.0
南港區,房地(土地+建物)+車位,三重路４１巷２５號十三樓,18.65,住,,,1130419,土地1建物1車位1,十三層,十三層,住宅大樓(11層含以上有電梯),住家用,1111129.0,134.5,2,2,2,有,有,35300000,296408.0,坡道機械,21.48,1800000,,RPTQMLRLNHJGFDA68DA,62.44,4.27,6.24,有,2391.0,1.0
大安區,房地(土地+建物)+車位,仁愛路四段３００巷９弄４號七樓,38.1,住,,,1130427,土地1建物1車位1,七層,七層,華廈(10層含以下有電梯),住家用,730724.0,184.5,3,3,3,有,無,57110000,359107.0,坡道平面,39.39,5000000,陽台外推；頂樓加蓋；其他增建；,RPOOMLRJNHJGFFA97DA,156.61,14.47,3.83,有,,40.0
大安區,房地(土地+建物),和平東路二段３１１巷５４號四樓,38.96,住,,,1130421,土地1建物1車位0,四層,七層,華廈(10層含以下有電梯),住家用,721019.0,118.78,3,2,2,有,有,34380000,289443.0,,0.0,0,另有鐵鋁窗增建陽台外推；,RPRNMLMLNHJGFFA87DA,77.27,1.26,8.12,有,,41.0
大安區,房地(土地+建物),信義路三段１５７巷１０弄２號五樓之１,26.12,住,,,1130406,土地1建物1車位0,五層，陽臺，電梯樓梯間,六層,華廈(10層含以下有電梯),住家用,641206.0,116.16,3,2,2,有,無,44000000,378788.0,,0.0,0,其他增建；,RPQNMLPKOHJGFFA08DA,116.16,0.0,0.0,有,,48.0
文山區,房地(土地+建物),仙岩路１６巷２８號四樓,27.51,住,,,1130427,土地1建物1車位0,四層,九層,華廈(10層含以下有電梯),住家用,841103.0,83.28999999999999,2,2,1,有,無,19680000,236283.0,,0.0,0,陽台外推；其他增建；,RPQNMLLMNHJGFAA27DA,56.95,1.35,7.22,有,2392.0,28.0
內湖區,房地(土地+建物)+車位,康寧路三段７５巷１３５號九樓,47.83,住,,,1130426,土地1建物1車位1,九層，十層,十一層,住宅大樓(11層含以上有電梯),住家用,880819.0,127.07,3,2,2,有,有,30500000,298730.0,坡道平面,33.34,2500000,,RPOPMLRLNHJGFCA97DA,67.05,0.0,6.37,有,,25.0
內湖區,房地(土地+建物)+車位,新富街１３１號十三樓,48.32,住,,,1130420,土地1建物1車位2,十三層,十三層,住宅大樓(11層含以上有電梯),住家用,1020808.0,345.95,4,2,3,有,有,77800000,278064.0,坡道平面,84.14,5000000,,RPXNMLOLOHJGFCA48DA,153.32,10.27,17.44,有,2393.0,11.0
南港區,房地(土地+建物),昆陽街９３之１號五樓,28.9,住,,,1130423,土地1建物1車位0,五層,五層,公寓(5樓含以下無電梯),住家用,710224.0,113.53,5,2,2,有,無,22200000,195543.0,,0.0,0,陽台外推；頂樓加蓋；,RPWOMLOLOHJGFDA58DA,98.66,0.0,13.12,無,2394.0,42.0
大同區,房地(土地+建物)+車位,延平北路四段９９號六樓,17.66,住,,,1130425,土地1建物1車位1,六層,七層,華廈(10層含以下有電梯),住家用,1031205.0,100.82,2,2,1,有,有,23500000,246400.0,塔式車位,11.94,1600000,車位所在樓層:地下一樓,RPSNMLMLNHJGFBA67EA,51.11,4.46,2.04,有,2397.0,9.0
文山區,房地(土地+建物)+車位,政大一街３７０號四樓,85.25,住,,,1130406,土地1建物1車位2,四層,七層,華廈(10層含以下有電梯),住家用,940628.0,226.6,2,2,2,有,有,30550000,134819.0,坡道平面,0.0,5000000,陽台外推；其他增建；,RPPNMLTLNHJGFAA87DA,93.38,0.0,9.64,有,2398.0,19.0
內湖區,房地(土地+建物),成功路四段６１巷３２弄４號三樓,31.39,住,,,1130421,土地1建物1車位0,三層,五層,公寓(5樓含以下無電梯),住家用,710217.0,107.56,3,2,2,有,無,22680000,210859.0,,0.0,0,其他增建；,RPUPMLQJNHJGFCA28DA,94.25,0.0,13.31,無,,42.0
內湖區,房地(土地+建物)+車位,五分街７２巷７之２號,19.63,住,,,1130429,土地1建物1車位1,一層,十二層,住宅大樓(11層含以上有電梯),住家用,961025.0,122.97,4,2,2,有,有,25100000,265761.0,坡道平面,39.06,2800000,陽台外推；夾層；,RPQOMLTKOHJGFCA28DA,64.95,2.06,9.53,有,,17.0
中山區,房地(土地+建物),松江路４０２巷８弄１５號二樓,27.5,住,,,1130423,土地1建物1車位0,二層,四層,公寓(5樓含以下無電梯),住家用,620608.0,79.32,5,0,2,有,無,16880000,212809.0,,0.0,0,陽台外推；其他增建；,RPSNMLLLOHJGFCA67DA,70.48,0.0,8.84,無,,51.0
南港區,房地(土地+建物),福德街３７３巷５９號十二樓,21.15,住,,,1130424,土地1建物1車位0,十二層,十二層,住宅大樓(11層含以上有電梯),住家用,870521.0,128.01,3,2,1,有,有,23500000,183579.0,,0.0,0,,RPRPMLNJOHJGFDA87DA,70.08,0.0,7.89,有,,26.0
北投區,房地(土地+建物)+車位,北科路１９０號十二樓,47.03,住,,,1130423,土地1建物1車位1,十二層,十三層,住宅大樓(11層含以上有電梯),住家用,1130126.0,216.63,3,2,2,有,有,62700000,322930.0,坡道平面,32.07,3100000,,RPPOMLOKOHJGFEA87DA,109.62,0.0,10.95,有,,
士林區,房地(土地+建物),忠義街１３５號四樓,25.4,住,,,1130413,土地1建物1車位0,四層,五層,公寓(5樓含以下無電梯),住家用,651104.0,92.51,3,2,1,有,無,17200000,185926.0,,0.0,0,,RPXNMLSKOHJGFEA98DA,89.49,0.0,3.02,無,,47.0
大安區,房地(土地+建物)+車位,臥龍街３１６號七樓之３,21.88,住,,,1130414,土地2建物1車位1,七層,十三層,住宅大樓(11層含以上有電梯),住家用,990513.0,142.29000000000002,2,2,1,有,有,30500000,270008.0,坡道平面,39.34,2700000,,RPRNMLNJOHJGFFA87DA,61.82,4.8,4.81,有,,14.0
北投區,房地(土地+建物)+車位,永興路二段３８號七樓,19.11,住,,,1130408,土地1建物1車位13,七層,十層,華廈(10層含以下有電梯),住家用,1030218.0,233.37,2,2,2,有,有,25900000,182535.0,塔式車位,130.65,7150000,陽台外推；夾層；,RPSNMLMLNHJGFEA97EA,48.97,7.59,6.73,有,,10.0
大同區,房地(土地+建物)+車位,南京西路４４８號十一樓之３,13.33,住,,,1130430,土地2建物1車位1,十一層,十二層,住宅大樓(11層含以上有電梯),住家用,1120526.0,129.06,2,2,1,有,有,32800000,254145.0,坡道平面,39.61,0,,RPUNMLQLOHJGFBA28DA,52.04,2.83,2.84,有,,1.0
中山區,房地(土地+建物),松江路１２４巷１３號,27.5,住,,,1130409,土地1建物1車位0,一層，見使用執照,四層,公寓(5樓含以下無電梯),住家用,600829.0,76.19,2,1,1,有,無,29000000,380627.0,,0.0,0,其他增建；,RPSOMLNKMHJGFCA67DA,76.19,0.0,0.0,無,,53.0
中山區,房地(土地+建物)+車位,八德路二段１００號七樓之２,20.92,住,,,1130404,土地2建物1車位2,七層,二十層,住宅大樓(11層含以上有電梯),住家用,1010905.0,265.3,3,2,2,有,有,60800000,253774.0,坡道平面,53.3,7000000,,RPOOMLLKOHJGFCA27DA,115.48,15.08,10.03,有,2402.0,12.0
中山區,房地(土地+建物)+車位,北安路４５８巷４１弄７２號八樓,26.41,住,,,1130428,土地1建物1車位1,八層,十六層,住宅大樓(11層含以上有電梯),住家用,1110419.0,190.01,3,2,2,有,有,73200000,469484.0,坡道平面,40.91,3200000,,RPPPMLOLOHJGFCA87DA,80.35,1.89,12.57,有,,2.0
松山區,房地(土地+建物)+車位,健康路３２５巷２５弄８號十二樓,19.81,住,,,1130403,土地1建物1車位1,十二層,十三層,住宅大樓(11層含以上有電梯),住家用,1100323.0,180.28,2,2,2,有,有,49880000,334841.0,坡道平面,41.02,3250000,,RPPPMLTLNHJGFDA38DA,85.58,4.6,9.19,有,2403.0,3.0
大安區,房地(土地+建物),敦化南路二段８１巷４７號三樓,33.94,住,,,1130403,土地1建物1車位0,三層,七層,華廈(10層含以下有電梯),住家用,721007.0,168.97,4,2,2,有,有,48300000,285850.0,,0.0,0,,RPUNMLPLOHJGFFA58DA,132.2,0.0,28.42,有,,40.0
中正區,房地(土地+建物),汀州路二段２０１巷２號四樓,20.12,住,,,1130415,土地3建物1車位0,四層，陽台,四層,公寓(5樓含以下無電梯),住家用,630912.0,57.92,2,1,1,有,無,10500000,181285.0,,0.0,0,頂樓加蓋；,RPUNMLNKNHJGFAA67DA,57.92,0.0,0.0,無,,50.0
內湖區,房地(土地+建物)+車位,成功路二段１９３巷８號六樓之１,24.56,住,,,1130414,土地2建物1車位1,六層,七層,華廈(10層含以下有電梯),住家用,981225.0,112.85,1,2,1,有,有,25700000,227736.0,塔式車位,13.28,0,,RPVNMLNLNHJGFCA08DA,47.07,8.95,4.04,有,2406.0,14.0
內湖區,房地(土地+建物),江南街７１巷６號四樓,35.83,住,,,1130403,土地1建物1車位0,四層,五層,公寓(5樓含以下無電梯),住家用,770204.0,117.42,3,2,2,有,無,23260000,198092.0,,0.0,0,其他增建；,RPSNMLSKOHJGFCA28DA,96.16,0.37,9.41,無,,36.0
北投區,房地(土地+建物),文化三路１３４號,39.47,,,,1130427,土地2建物1車位0,一層,七層,華廈(10層含以下有電梯),住家用,750312.0,126.23,3,2,2,有,有,18300000,144973.0,,0.0,0,其他增建；,RPUOMLLMNHJGFEA18DA,79.93,11.92,0.0,有,,38.0
北投區,房地(土地+建物)+車位,北科路１８８號十三樓,47.03,住,,,1130409,土地1建物1車位2,十三層,十三層,住宅大樓(11層含以上有電梯),住家用,1130126.0,248.71,3,2,2,有,有,66880000,327681.0,坡道平面,64.14,6400000,,RPSNMLLJPHJGFEA77DA,109.62,0.0,10.95,有,,
松山區,房地(土地+建物),寶清街１１１巷１８號二樓之１,11.7,住,,,1130407,土地1建物1車位0,二層,七層,華廈(10層含以下有電梯),住家用,1050727.0,49.17,1,1,1,有,有,12500000,254220.0,,0.0,0,陽台外推；其他增建；,RPPPMLQKNHJGFDA08EA,23.96,1.48,3.54,有,2410.0,8.0
松山區,房地(土地+建物)+車位,光復南路４６巷３６號十三樓之２,17.77,住,,,1130422,土地1建物1車位1,十三層,二十二層,住宅大樓(11層含以上有電梯),住家用,1100203.0,140.13,1,2,1,有,有,48500000,452972.0,坡道平面,41.9,4000000,,RPROMLMJPHJGFDA87EA,57.04,2.48,6.65,有,2411.0,3.0
萬華區,房地(土地+建物),雙園街１８巷１０號五樓,15.4,住,,,1130414,土地1建物1車位0,五層,五層,公寓(5樓含以下無電梯),住家用,700305.0,62.510000000000005,4,1,2,有,無,12400000,198368.0,,0.0,0,頂樓加蓋；,RPUNMLKMMHJGFBA57DA,49.57,0.0,9.27,無,2413.0,43.0
大同區,房地(土地+建物),承德路三段３０１巷２２號三樓,21.67,住,,,1130430,土地1建物1車位0,三層,八層,華廈(10層含以下有電梯),住家用,1110113.0,91.59,2,1,1,有,有,21600000,235834.0,,0.0,0,,RPPOMLRKNHJGFBA77DA,46.55,4.57,5.46,有,,2.0
萬華區,房地(土地+建物),雅江街２８巷５號三樓,14.0,住,,,1130414,土地1建物1車位0,三層,四層,公寓(5樓含以下無電梯),住家用,610413.0,47.99,2,1,1,有,無,9880000,205876.0,,0.0,0,陽台外推；其他增建；,RPOOMLTLNHJGFBA97DA,42.55,0.0,5.44,無,2414.0,52.0
萬華區,房地(土地+建物),武成街３５巷７之１號,33.76,住,,,1130407,土地1建物1車位0,一層,四層,公寓(5樓含以下無電梯),住家用,671123.0,83.68,4,2,2,有,無,16680000,199331.0,,0.0,0,其他增建；,RPSNMLMJOHJGFBA47DA,74.3,9.38,0.0,無,2415.0,45.0
中山區,房地(土地+建物),民生東路二段１１５巷２８弄７號三樓,34.5,住,,,1130429,土地1建物1車位0,三層,四層,公寓(5樓含以下無電梯),住家用,590121.0,97.91,3,2,1,有,無,19900000,203248.0,,0.0,0,陽台外推；其他增建；,RPWOMLNJNHJGFCA08DA,94.37,0.0,3.54,無,,54.0
北投區,房地(土地+建物),致遠一路二段１１１巷１號一樓,56.0,住,,,1130406,土地1建物2車位0,一層,五層,公寓(5樓含以下無電梯),住家用,710226.0,193.57,5,3,3,有,無,40000000,206644.0,,0.0,0,其他增建；,RPUPMLPJOHJGFEA48DA,165.1,19.93,0.0,無,,42.0
北投區,房地(土地+建物)+車位,明德路３８巷１８號八樓,35.36,住,,,1130408,土地1建物1車位2,八層,九層,華廈(10層含以下有電梯),住家用,1040203.0,203.83,2,2,2,有,有,51380000,252073.0,升降機械,46.24,0,陽台外推；,RPQNMLQLOHJGFEA18DA,109.46,3.63,7.86,有,2418.0,9.0
大安區,房地(土地+建物),泰順街３３之３號三樓,31.54,住,,,1130424,土地1建物1車位0,三層,六層,華廈(10層含以下有電梯),住家用,770816.0,159.23000000000002,4,2,2,有,無,43580000,273692.0,,0.0,0,陽台外推；其他增建；,RPVOMLTLNHJGFFA09DA,121.4,6.92,13.92,有,,36.0
文山區,房地(土地+建物)+車位,恆光街５１巷２弄１號五樓,40.35,住,,,1130401,土地1建物1車位1,五層，夾層,五層,華廈(10層含以下有電梯),住家用,870813.0,148.62,4,2,2,有,有,26000000,174943.0,坡道平面,33.44,0,夾層；,RPRNMLNJPHJGFAA47DA,81.58,0.0,8.57,有,2419.0,26.0
萬華區,房地(土地+建物),環河南路二段２４２之１號二樓,13.64,住,,,1130423,土地1建物1車位0,二層,七層,華廈(10層含以下有電梯),住家用,721231.0,62.52,2,2,1,有,無,8550000,136756.0,,0.0,0,陽台外推；其他增建；,RPVNMLRKOHJGFBA38DA,49.63,0.0,4.7,有,,40.0
中山區,房地(土地+建物),合江街２９號五樓之２,6.55,住,,,1130420,土地1建物1車位0,五層,九層,華廈(10層含以下有電梯),住家用,970822.0,40.22,1,1,1,有,有,12900000,320736.0,,0.0,0,夾層；其他增建；,RPQPMLPLOHJGFCA08DA,22.03,2.72,0.0,有,2421.0,16.0
南港區,房地(土地+建物)+車位,東明街５１號二樓,23.26,住,,,1130428,土地1建物1車位1,二層,十三層,住宅大樓(11層含以上有電梯),住家用,971110.0,141.57999999999998,2,2,1,有,有,37200000,262749.0,坡道平面,41.94,0,,RPOPMLTLNHJGFDA28DA,78.0,3.57,4.35,有,2424.0,15.0
信義區,房地(土地+建物)+車位,市民大道六段１０８號九樓之１,10.25,住,,,1130430,土地1建物1車位1,九層,十二層,住宅大樓(11層含以上有電梯),住家用,1110414.0,65.0,1,1,1,有,有,18160000,279385.0,其他,15.07,0,,RPPNMLOKOHJGFDA67DA,25.36,2.03,4.22,有,2425.0,2.0
南港區,房地(土地+建物)+車位,經貿二路１５７巷３６弄９０號五樓,41.02,住,,,1130416,土地1建物1車位1,五層,十層,華廈(10層含以下有電梯),住家用,970905.0,189.1,2,2,2,有,有,47000000,248546.0,坡道平面,37.81,0,,RPVNMLMJPHJGFDA08DA,91.13,4.24,8.09,有,2426.0,16.0
大安區,房地(土地+建物),瑞安街２０８巷３９號六樓,12.58,住,,,1130408,土地1建物1車位0,六層,七層,華廈(10層含以下有電梯),住家用,1040511.0,66.55000000000001,1,1,1,有,有,26280000,394891.0,,0.0,0,,RPOOMLMLNHJGFFA67DA,28.57,5.51,6.87,有,,9.0
文山區,房地(土地+建物),辛亥路五段８５之１號三樓,18.43,住,,,1130422,土地3建物1車位0,三層,九層,華廈(10層含以下有電梯),住家用,720818.0,108.67,3,2,2,有,有,15600000,143554.0,,0.0,0,陽台外推；,RPQNMLLJPHJGFAA17DA,78.69,0.0,12.84,有,2428.0,41.0
文山區,房地(土地+建物),萬盛街５６號四樓,35.88,住,,,1130415,土地1建物1車位0,四層,四層,公寓(5樓含以下無電梯),住家用,620209.0,91.07,3,1,1,有,無,16100000,176787.0,,0.0,0,陽台外推；頂樓加蓋；,RPXNMLLJPHJGFAA87DA,80.52,0.0,10.55,無,2429.0,51.0
松山區,房地(土地+建物)+車位,延吉街４０號二樓,33.23,住,,,1130417,土地1建物1車位1,二層,七層,華廈(10層含以下有電梯),住家用,970917.0,176.01,3,2,2,有,有,43000000,266771.0,升降機械,22.32,2000000,陽台外推；其他增建；,RPPOMLOJOHJGFDA67DA,74.58,7.68,7.28,有,2432.0,16.0
松山區,房地(土地+建物)+車位,塔悠路２３３號二樓,46.45,住,,,1130429,土地1建物1車位1,二層,四層,公寓(5樓含以下無電梯),住家用,831111.0,200.88,3,2,2,有,無,33900000,168757.0,坡道平面,0.0,0,其他增建；,RPPOMLLLOHJGFDA57DA,114.99,5.66,12.9,無,,29.0
士林區,房地(土地+建物),中山北路七段１４巷２９之７號二樓,15.06,住,,,1130430,土地1建物1車位0,二層,七層,華廈(10層含以下有電梯),住家用,670707.0,70.92,2,1,1,有,有,14880000,209814.0,,0.0,0,其他增建；,RPVNMLOKOHJGFEA38DA,58.14,0.0,4.8,有,2434.0,46.0
士林區,房地(土地+建物),通河西街一段８５號,34.5,住,,,1130407,土地1建物1車位0,一層,四層,公寓(5樓含以下無電梯),住家用,580728.0,84.24,0,1,1,有,無,17290000,205247.0,,0.0,0,其他增建；,RPPPMLSKOHJGFEA38DA,84.24,0.0,0.0,無,2435.0,55.0
士林區,房地(土地+建物),忠誠路一段１１０號六樓,26.47,住,,,1130416,土地1建物1車位0,六層,八層,華廈(10層含以下有電梯),住家用,760220.0,143.44000000000003,3,2,1,有,有,35800000,249582.0,,0.0,0,陽台外推；,RPPOMLLJPHJGFEA57DA,121.48,0.0,14.13,有,,37.0
士林區,房地(土地+建物),天母東路１０５巷５號五樓,36.85,住,,,1130408,土地1建物1車位0,五層,五層,公寓(5樓含以下無電梯),住家用,701001.0,139.59,5,3,3,有,無,25360000,181675.0,,0.0,0,海砂屋未登記建物；瑕疵物件；,RPQNMLNJPHJGFEA77DA,114.84,0.0,16.15,無,2436.0,43.0
松山區,房地(土地+建物),民族東路６８２號四樓,26.0,住,,,1130429,土地1建物1車位0,四層,七層,華廈(10層含以下有電梯),住家用,700728.0,134.27,3,2,2,有,無,23950000,178372.0,,0.0,0,,RPQOMLMJPHJGFDA77EA,104.76,0.0,14.32,有,,43.0
大同區,房地(土地+建物),酒泉街５０巷７號四樓,30.94,住,,,1130405,土地1建物1車位0,四層,五層,公寓(5樓含以下無電梯),住家用,740408.0,117.18,4,2,2,有,無,20800000,177505.0,,0.0,0,陽台外推；其他增建；,RPXNMLOJPHJGFBA28DA,83.51,0.0,21.86,無,,39.0
內湖區,房地(土地+建物),麗山街３９３巷２號四樓,26.33,住,,,1130429,土地1建物1車位0,四層,五層,公寓(5樓含以下無電梯),住家用,681110.0,99.9,3,2,1,有,無,20550000,205706.0,,0.0,0,其他增建；,RPSOMLOLOHJGFCA08DA,87.63,0.0,12.27,無,2439.0,44.0
萬華區,房地(土地+建物)+車位,西園路二段３７號十二樓之２,25.95,住,,,1130412,土地2建物1車位1,十二層,十五層,住宅大樓(11層含以上有電梯),住家用,1110629.0,240.76,3,2,2,有,有,54380000,248021.0,坡道平面,33.6,3000000,,RPPNMLSJPHJGFBA97EA,121.43,7.62,11.69,有,,2.0
中山區,房地(土地+建物)+車位,樂群二路３０巷３８弄３６號二樓,78.15,住,,,1130406,土地1建物1車位1,二層,五層,華廈(10層含以下有電梯),住家用,970908.0,230.69,4,2,2,有,有,79200000,343318.0,坡道平面,33.91,0,其他增建；,RPVNMLSJMHJGFCA28DA,130.88,3.32,14.11,有,,16.0
士林區,房地(土地+建物),和豐街４２號三樓,29.72,住,,,1130422,土地1建物1車位0,三層,五層,公寓(5樓含以下無電梯),住家用,740826.0,107.24,3,2,2,有,無,16290000,151902.0,,0.0,0,其他增建；,RPUNMLQLOHJGFEA58DA,98.45,0.0,3.59,無,,39.0
文山區,房地(土地+建物)+車位,木柵路四段１５９巷１６弄７１號十二樓,57.29,住,,,1130406,土地16建物1車位1,十二層,十二層,住宅大樓(11層含以上有電梯),住家用,820602.0,220.75,3,2,2,有,有,26200000,118686.0,坡道平面,0.0,2200000,依建物謄本標示部，車位面積無法概算陽台外推；其他增建；,RPXNMLSKOHJGFAA58DA,157.39,17.39,3.41,有,,31.0
中正區,房地(土地+建物),紹興南街１５之１號七樓,18.81,住,,,1130421,土地2建物1車位0,七層,七層,華廈(10層含以下有電梯),住家用,720606.0,114.52,1,1,1,有,無,33380000,291477.0,,0.0,0,陽台外推；頂樓加蓋；其他增建；,RPSNMLNKOHJGFBA67DA,85.08,6.8,16.15,有,,41.0
內湖區,房地(土地+建物),安康路３１５巷９之１號四樓,24.8,住,,,1130420,土地2建物1車位0,四層,四層,公寓(5樓含以下無電梯),住家用,700122.0,97.39,3,2,1,有,無,16680000,171270.0,,0.0,0,,RPOQMLSJPHJGFCA18DA,84.3,0.0,13.09,無,,43.0
中山區,房地(土地+建物),五常街５７號二樓,19.75,住,,,1130429,土地1建物1車位0,二層,五層,公寓(5樓含以下無電梯),住家用,661110.0,81.62,3,1,1,有,無,17650000,216246.0,,0.0,0,,RPPQMLSJPHJGFCA28DA,76.11,0.0,5.51,無,,46.0
北投區,房地(土地+建物),清江路５３號四樓,25.6,住,,,1130419,土地2建物1車位0,四層,五層,公寓(5樓含以下無電梯),住家用,681030.0,95.25,3,2,1,有,無,14100000,148031.0,,0.0,0,陽台外推；其他增建；,RPROMLSLOHJGFEA58DA,79.36,0.0,15.89,無,,44.0
北投區,房地(土地+建物)+車位,稻香路２３３號二樓,38.11,住,,,1130416,土地1建物1車位1,二層,五層,華廈(10層含以下有電梯),住家用,1101015.0,107.05,1,1,1,有,有,16000000,208617.0,坡道平面,40.9,2200000,含裝潢設備及家電,RPUNMLSJPHJGFEA68DA,36.26,1.69,5.13,有,,3.0
北投區,房地(土地+建物)+車位,稻香路２２９號三樓,48.0,住,,,1130415,土地1建物1車位1,三層,五層,華廈(10層含以下有電梯),住家用,1101015.0,124.21,2,2,1,有,有,19250000,205858.0,坡道平面,40.9,2100000,含裝潢設備及家電,RPVNMLSJPHJGFEA78DA,45.6,3.7,4.98,有,,3.0
內湖區,房地(土地+建物),星雲街１６８巷２３號十樓之１,19.23,住,,,1130407,土地1建物1車位0,十層,十三層,住宅大樓(11層含以上有電梯),住家用,841116.0,80.77,2,2,2,有,有,20950000,259378.0,,0.0,0,陽台外推；,RPRNMLTJPHJGFCA38EA,61.14,1.33,6.22,有,2444.0,28.0
中正區,房地(土地+建物),濟南路二段４９之２號,22.54,住,,,1130405,土地1建物1車位0,一層，騎樓，夾層,七層,華廈(10層含以下有電梯),住家用,620401.0,100.42,0,0,0,無,有,32680000,325433.0,,0.0,0,,RPTNMLOJOHJGFBA77DA,100.42,0.0,0.0,有,,51.0
松山區,房地(土地+建物),八德路三段７４巷１３弄５之２號,46.33,住,,,1130415,土地1建物1車位0,三層,三層,公寓(5樓含以下無電梯),住家用,510810.0,96.01,3,2,1,有,無,26300000,273930.0,,0.0,0,其他增建：頂樓平台。其他增建；,RPSNMLQLMHJGFDA08DA,90.46,0.0,5.55,無,,62.0
南港區,房地(土地+建物),富康街４９巷１號四樓,24.25,住,,,1130410,土地1建物1車位0,四層,四層,公寓(5樓含以下無電梯),住家用,661121.0,75.23,2,2,1,有,無,18500000,245913.0,,0.0,0,,RPQNMLPKOHJGFDA87DA,63.31,0.0,11.92,無,2446.0,46.0
信義區,房地(土地+建物),信義路五段９１巷１２弄１號二樓之９,14.13,住,,,1130413,土地1建物1車位0,二層,七層,華廈(10層含以下有電梯),住家用,971224.0,62.58,1,1,1,有,有,24580000,392777.0,,0.0,0,陽台外推；,RPSOMLQLOHJGFDA38DA,29.69,6.02,4.14,有,,15.0
松山區,房地(土地+建物),光復北路１６１巷５號四樓,30.8,住,,,1130425,土地2建物1車位0,四層,五層,公寓(5樓含以下無電梯),住家用,670620.0,98.56,3,2,1,有,無,25100000,254667.0,,0.0,0,,RPTPMLSLOHJGFDA78DA,85.25,0.0,13.31,無,,46.0
松山區,房地(土地+建物)+車位,寧安街８號七樓,33.84,住,,,1130427,土地1建物1車位1,七層,七層,華廈(10層含以下有電梯),住家用,1010517.0,179.23000000000002,3,2,2,有,有,56680000,316242.0,其他,0.0,0,,RPOPMLMJPHJGFDA57DA,83.45,15.53,10.72,有,2447.0,12.0
士林區,房地(土地+建物),忠誠路一段１５７號五樓,32.3,住,,,1130428,土地1建物1車位0,五層,十層,華廈(10層含以下有電梯),住家用,810930.0,144.8,3,2,2,有,有,37280000,257459.0,,0.0,0,陽台外推；其他增建；,RPWNMLTKOHJGFEA98DA,127.24,0.0,12.04,有,,32.0
士林區,房地(土地+建物),重慶北路四段４９巷１５弄３６號三樓,17.67,住,,,1130429,土地1建物1車位0,三層，陽台,三層,公寓(5樓含以下無電梯),住家用,520610.0,39.52,1,1,1,有,無,4460000,112854.0,,0.0,0,,RPOPMLOLOHJGFEA97DA,39.52,0.0,0.0,無,,61.0
士林區,房地(土地+建物),重慶北路四段４９巷１５弄３６號二樓,17.67,住,,,1130429,土地1建物1車位0,二層，陽台,三層,公寓(5樓含以下無電梯),住家用,520610.0,39.52,1,1,1,有,無,4460000,112854.0,,0.0,0,,RPPPMLOLOHJGFEA08DA,39.52,0.0,0.0,無,,61.0
南港區,房地(土地+建物),東新街８９巷１弄１６號,21.33,住,,,1130416,土地1建物1車位0,一層，平台,三層,公寓(5樓含以下無電梯),住家用,,52.87,2,1,1,有,無,16500000,312086.0,,0.0,0,其他增建；,RPPOMLKKPHJGFDA57EA,52.87,0.0,0.0,無,2449.0,
北投區,房地(土地+建物),新民路５３之９號,7.07,住,,,1130421,土地1建物1車位0,一層,十層,華廈(10層含以下有電梯),住家用,970221.0,35.2,1,1,1,有,有,6900000,196023.0,,0.0,0,,RPRNMLPKPHJGFEA28EA,15.02,6.01,1.85,有,,16.0
信義區,房地(土地+建物),和平東路三段２３５號四樓,23.11,住,,,1130405,土地1建物1車位0,四層,五層,公寓(5樓含以下無電梯),住家用,680125.0,80.76,3,1,1,有,無,17100000,211738.0,,0.0,0,陽台外推；,RPOOMLOKOHJGFDA67DA,69.71,0.0,11.05,無,2452.0,45.0
中山區,房地(土地+建物)+車位,明水路５５７巷１７號十一樓,49.13,住,,,1130425,土地1建物1車位1,十一層,十一層,住宅大樓(11層含以上有電梯),住家用,840718.0,279.01,4,2,2,有,有,61690000,221095.0,坡道平面,0.0,5000000,,RPSNMLOJPHJGFCA97EA,150.04,4.5,16.22,有,,29.0
信義區,房地(土地+建物)+車位,松信路５０巷７號十四樓,63.6,住,,,1130416,土地1建物1車位3,十四層,十四層,住宅大樓(11層含以上有電梯),住家用,1021115.0,411.63,0,0,0,無,有,106880000,259651.0,坡道平面,127.57,0,,RPPNMLLKPHJGFDA57EA,178.98,6.93,15.2,有,,10.0
文山區,房地(土地+建物),忠順街一段２６巷５弄７號三樓,30.0,住,,,1130427,土地1建物1車位0,三層，陽台,四層,公寓(5樓含以下無電梯),住家用,640813.0,80.15,3,2,1,有,無,13300000,165939.0,,0.0,0,,RPPOMLSKOHJGFAA87DA,80.15,0.0,0.0,無,,49.0
中山區,房地(土地+建物),中原街７３號三樓,28.67,住,,,1130424,土地1建物1車位0,三層,三層,公寓(5樓含以下無電梯),住家用,550526.0,70.54,2,1,1,有,無,18500000,262263.0,,0.0,0,頂樓加蓋；其他增建；,RPSPMLLKPHJGFCA87DA,70.54,0.0,0.0,無,,58.0
松山區,房地(土地+建物)+車位,三民路３５巷１號二樓,51.49,住,,,1130412,土地1建物1車位1,二層,十三層,住宅大樓(11層含以上有電梯),住家用,930917.0,246.45,3,2,2,有,有,53980000,219030.0,坡道平面,0.0,0,其他增建：前陽台增建。其他增建；,RPOOMLOKNHJGFDA57DA,117.04,2.54,11.24,有,,20.0
信義區,房地(土地+建物),吳興街６００巷７６弄１０１號,24.88,住,,,1130421,土地3建物1車位0,一層,五層,公寓(5樓含以下無電梯),住家用,710216.0,90.06,3,2,2,有,無,23500000,260937.0,,0.0,0,其他增建；,RPTNMLPJPHJGFDA18DA,83.29,3.09,3.68,無,,42.0
南港區,房地(土地+建物),研究院路三段１６巷５號二樓,62.91,住,,,1130428,土地2建物1車位0,二層,九層,華廈(10層含以下有電梯),住家用,921204.0,160.59,3,2,2,有,有,24200000,150694.0,,0.0,0,其他增建；,RPWNMLLKPHJGFDA18DA,89.65,0.0,9.21,有,,20.0
北投區,房地(土地+建物),珠海路１８６號三樓,29.15,住,,,1130414,土地2建物1車位0,三層,五層,公寓(5樓含以下無電梯),住家用,701229.0,106.59,3,2,2,有,無,12300000,115395.0,,0.0,0,陽台外推；其他增建；,RPUNMLKLOHJGFEA97DA,88.25,0.0,13.97,無,,42.0
士林區,房地(土地+建物)+車位,社子街８６號十樓,25.3,住,,,1130410,土地2建物1車位5,十層,十層,華廈(10層含以下有電梯),住家用,971016.0,222.94,3,2,2,有,有,23800000,106755.0,坡道機械,105.7,0,其他增建；,RPROMLPKNHJGFEA08DA,61.01,14.22,5.4,有,2459.0,15.0
士林區,房地(土地+建物)+車位,天母西路５０巷３９號十一樓,86.3,住,,,1130415,土地1建物1車位3,十一層，十二層,十二層,住宅大樓(11層含以上有電梯),住家用,871125.0,433.15,4,2,5,有,有,116600000,269191.0,坡道平面,0.0,0,其他增建；,RPXOMLPKPHJGFEA88DA,223.51,0.0,29.14,有,2461.0,25.0
大安區,房地(土地+建物),瑞安街２４４巷５７號二樓,21.52,住,,,1130426,土地1建物1車位0,二層,五層,公寓(5樓含以下無電梯),住家用,720401.0,88.56,3,2,2,有,無,30000000,338753.0,,0.0,0,陽台外推；其他增建；,RPVNMLTJPHJGFFA98DA,71.78,0.0,9.36,無,2462.0,41.0
文山區,房地(土地+建物),興隆路三段１８５巷５弄３號,25.98,住,,,1130428,土地7建物1車位0,一層,五層,公寓(5樓含以下無電梯),住家用,720823.0,85.50999999999999,3,2,3,有,有,17100000,199977.0,,0.0,0,其他增建；,RPUNMLSLOHJGFAA38DA,64.91,12.58,0.0,無,,41.0
文山區,房地(土地+建物)+車位,下崙路１１巷２１號七樓,36.28,住,,,1130413,土地1建物1車位1,七層,十層,華廈(10層含以下有電梯),住家用,1060106.0,185.56,3,2,2,有,有,31000000,167062.0,坡道平面,0.0,2500000,車位面積無法概算,RPWNMLSJPHJGFAA48DA,77.71,9.84,8.37,有,,7.0
中山區,房地(土地+建物)+車位,樂群二路１１６巷５５號,110.7,住,,,1130430,土地1建物1車位3,一層，二層,七層,華廈(10層含以下有電梯),住家用,991005.0,456.59,4,3,4,有,有,138000000,313883.0,塔式車位,40.83,7500000,陽台外推；其他增建；,RPWOMLRKOHJGFCA68DA,253.33,6.62,28.2,有,2465.0,14.0
中山區,房地(土地+建物),敬業三路１８２號二樓,43.31,住,,,1130427,土地1建物1車位0,二層,八層,華廈(10層含以下有電梯),住家用,890628.0,142.81,3,2,2,有,有,29000000,203067.0,,0.0,0,陽台外推；,RPOOMLSKOHJGFCA97DA,71.21,0.0,7.62,有,,24.0
南港區,房地(土地+建物)+車位,興南街５８號四樓之２,36.0,住,,,1130418,土地1建物1車位1,四層,九層,華廈(10層含以下有電梯),住家用,991105.0,213.77,4,2,2,有,有,51000000,238585.0,坡道平面,41.27,0,陽台外推；其他增建；,RPQOMLTKOHJGFDA38DA,101.97,8.08,11.26,有,2466.0,13.0
信義區,房地(土地+建物)+車位,松平路６０號九樓,151.83,住,,,1130410,土地1建物1車位2,九層，十層,十層,華廈(10層含以下有電梯),住家用,891017.0,489.31,3,3,4,有,有,173800000,355194.0,坡道平面,0.0,0,,RPQNMLLJPHJGFDA47DA,272.75,0.0,29.62,有,,23.0
士林區,房地(土地+建物)+車位,福林路１００巷７０號七樓之１,82.14,住,,,1130420,土地1建物1車位1,七層,七層,華廈(10層含以下有電梯),住家用,980316.0,212.87,3,1,2,有,有,51880000,243717.0,坡道平面,33.14,0,其他增建；,RPXOMLOLOHJGFEA78DA,121.36,3.68,15.88,有,2467.0,15.0
士林區,房地(土地+建物),福港街２２４巷６號五樓,23.0,住,,,1130407,土地1建物1車位0,五層,五層,公寓(5樓含以下無電梯),住家用,670301.0,92.79,2,3,1,有,無,15300000,164888.0,,0.0,0,陽台外推；頂樓加蓋；其他增建；,RPRNMLNKPHJGFEA97DA,84.34,0.0,8.45,無,,46.0
大安區,房地(土地+建物),師大路１０５巷５號二樓,23.79,住,,,1130427,土地1建物1車位0,二層,七層,華廈(10層含以下有電梯),住家用,680924.0,128.73,3,2,2,有,無,35590000,276470.0,,0.0,0,陽台外推；其他增建；,RPOOMLRLOHJGFFA28DA,105.54,0.0,17.65,有,,45.0
北投區,房地(土地+建物),文林北路２４４巷１９之３號四樓,50.21,住,,,1130401,土地1建物1車位0,四層，五層,五層,公寓(5樓含以下無電梯),住家用,780425.0,171.47,4,2,3,有,無,24000000,139966.0,,0.0,0,陽台外推；,RPSNMLPKPHJGFEA38EA,124.91,3.03,27.37,無,2468.0,35.0
內湖區,房地(土地+建物),民權東路六段１５１號四樓之２,26.08,住,,,1130427,土地1建物1車位0,四層,五層,華廈(10層含以下有電梯),住家用,960808.0,55.0,1,1,1,有,有,10000000,181818.0,,0.0,0,,RPXQMLSKOHJGFCA09DA,36.42,0.0,0.0,有,,17.0
文山區,房地(土地+建物),景華街２５號七樓,26.79,住,,,1130421,土地1建物1車位0,七層,七層,華廈(10層含以下有電梯),住家用,720728.0,139.4,3,3,3,有,有,35360000,253659.0,,0.0,0,陽台外推；頂樓加蓋；其他增建；,RPUNMLOLOHJGFAA97DA,101.73,3.56,17.43,有,,41.0
文山區,房地(土地+建物)+車位,政大二街２０７號,38.5,住,,,1130414,土地1建物1車位1,一層,五層,華廈(10層含以下有電梯),住家用,1120613.0,94.96,2,2,1,有,有,20860000,219671.0,塔式車位,0.0,0,,RPUNMLTKPHJGFAA48DA,50.51,0.0,0.0,有,,1.0
內湖區,房地(土地+建物),內湖路一段６２９巷１０１弄２１號四樓,33.07,住,,,1130420,土地1建物1車位0,四層,五層,公寓(5樓含以下無電梯),住家用,731205.0,107.12,3,2,2,有,無,24000000,224048.0,,0.0,0,,RPSNMLSKPHJGFCA38DA,95.02,0.0,8.44,無,,39.0
萬華區,房地(土地+建物)+車位,中華路二段４１６巷６８號十四樓之１,36.61,住,,,1130413,土地1建物1車位1,十四層,十四層,住宅大樓(11層含以上有電梯),住家用,1010625.0,183.32,3,2,2,有,有,41200000,224744.0,坡道平面,0.0,0,車位面積無法拆算,RPOOMLTKOHJGFBA97DA,101.99,0.0,10.16,有,2474.0,12.0
信義區,房地(土地+建物),吳興街６００巷６０號四樓之１,10.9,住,,,1130403,土地1建物1車位0,四層,七層,華廈(10層含以下有電梯),住家用,1100503.0,44.120000000000005,3,1,1,有,有,15200000,344515.0,,0.0,0,夾層；其他增建；,RPUOMLOJPHJGFDA28DA,22.96,1.67,2.29,有,2476.0,3.0
信義區,房地(土地+建物),松山路４６５巷２５弄１８號四樓,28.75,住,,,1130415,土地1建物1車位0,四層，陽臺,四層,公寓(5樓含以下無電梯),住家用,610103.0,82.68,3,2,1,有,無,20000000,241896.0,,0.0,0,陽台外推；頂樓加蓋；其他增建；,RPOOMLTJPHJGFDA18DA,82.68,0.0,0.0,無,,52.0
士林區,房地(土地+建物)+車位,福林路１００巷７０號七樓,83.47,住,,,1130420,土地1建物1車位1,七層,七層,華廈(10層含以下有電梯),住家用,980316.0,216.43,2,1,2,有,有,49000000,226401.0,坡道平面,33.14,0,其他增建；,RPQPMLOLOHJGFEA18DA,123.18,3.68,16.43,有,2477.0,15.0
萬華區,房地(土地+建物)+車位,東園街６６巷２４弄３號五樓,28.76,住,,,1130415,土地1建物1車位2,五層,十三層,住宅大樓(11層含以上有電梯),住家用,1060515.0,244.63,4,2,2,有,有,43780000,220703.0,坡道平面,73.46,6000000,,RPSNMLNJPHJGFBA67DA,102.56,13.44,10.19,有,2479.0,7.0
南港區,房地(土地+建物)+車位,向陽路１９６巷２３號六樓,35.89,住,,,1130423,土地1建物1車位1,六層,九層,華廈(10層含以下有電梯),住家用,1000708.0,176.7,3,2,2,有,有,45000000,271236.0,坡道平面,20.01,2500000,,RPPOMLKLOHJGFDA47DA,89.48,9.55,11.05,有,2480.0,13.0
松山區,房地(土地+建物)+車位,市民大道四段３９之１號十一樓,48.65,住,,,1130411,土地2建物1車位2,十一層,二十三層,住宅大樓(11層含以上有電梯),住家用,1090102.0,358.56,0,0,0,無,有,172000000,588596.0,坡道平面,81.12,8700000,,RPOOMLSKPHJGFDA18DA,150.81,7.5,19.49,有,,4.0
內湖區,房地(土地+建物)+車位,文德路２７５號五樓之４,12.61,住,,,1130413,土地1建物1車位1,五層,十層,華廈(10層含以下有電梯),住家用,950417.0,68.87,2,1,1,有,有,17000000,294522.0,坡道機械,17.94,2000000,陽台外推；夾層；,RPOPMLTKPHJGFCA28DA,35.05,0.79,3.56,有,,18.0
信義區,房地(土地+建物),松山路６５６巷２４號四樓,42.69,,,,1130417,土地3建物1車位0,四層,四層,公寓(5樓含以下無電梯),住家用,651209.0,98.07,4,1,4,有,無,13800000,140716.0,,0.0,0,頂樓加蓋；,RPOOMLPLOHJGFDA97EA,51.45,0.0,6.9,無,,47.0
內湖區,房地(土地+建物),內湖路三段５９巷１０號二樓,27.44,住,,,1130404,土地1建物1車位0,二層,五層,公寓(5樓含以下無電梯),住家用,700703.0,96.85,3,2,2,有,無,17580000,181518.0,,0.0,0,陽台外推；其他增建；,RPOPMLPJPHJGFCA77DA,89.49,0.0,7.36,無,,43.0
信義區,房地(土地+建物)+車位,信安街１６８號十一樓之３,19.31,住,,,1130429,土地1建物1車位1,十一層,十二層,住宅大樓(11層含以上有電梯),住家用,1121220.0,136.92,2,1,1,有,有,38320000,363280.0,坡道平面,39.97,3100000,依合約面積誤差賣方找補買方金額 29981元預售屋、或土地及建物分件登記案件；,RPROMLLJQHJGFDA77DA,54.34,4.58,3.98,有,,
士林區,房地(土地+建物),中山北路六段２９０巷７弄１０號三樓,21.99,住,,,1130422,土地1建物1車位0,三層,五層,公寓(5樓含以下無電梯),住家用,680903.0,82.82,3,2,1,有,無,16800000,202850.0,,0.0,0,陽台外推；其他增建；,RPSNMLQLPHJGFEA48DA,76.96,0.0,5.86,無,,45.0
中山區,房地(土地+建物),合江街１７巷５號二樓,34.2,住,,,1130423,土地1建物2車位0,二層,四層,公寓(5樓含以下無電梯),住家用,621220.0,97.57,5,0,5,有,無,19020000,194937.0,,0.0,0,,RPWNMLRKOHJGFCA58DA,77.2,0.0,14.75,無,2488.0,50.0
南港區,房地(土地+建物),福德街４０９號三樓,22.2,住,,,1130409,土地1建物1車位0,三層,十四層,住宅大樓(11層含以上有電梯),住家用,870521.0,131.35,3,2,1,有,有,25400000,193376.0,,0.0,0,陽台外推；其他增建；,RPWNMLQLPHJGFDA78DA,70.81,0.0,8.0,有,,26.0
大安區,房地(土地+建物),大安路二段８０號十二樓之１,42.28,住,,,1130419,土地1建物1車位0,十二層,二十一層,住宅大樓(11層含以上有電梯),住家用,1100831.0,263.95,3,2,2,有,有,124000000,469786.0,,0.0,0,土地價款：8680萬；建物價款：3720萬。,RPPOMLMJQHJGFFA87DA,149.3,10.05,16.27,有,,3.0
松山區,房地(土地+建物),興安街１５９號四樓之２,11.76,住,,,1130420,土地1建物1車位0,四層,十層,華廈(10層含以下有電梯),住家用,911011.0,47.82,1,1,1,有,有,15050000,314722.0,,0.0,0,其他增建；,RPWOMLKMPHJGFDA38DA,34.2,0.0,0.0,有,,22.0
信義區,房地(土地+建物)+車位,忠孝東路五段２３６巷６０號,146.49,住,,,1130422,土地1建物1車位3,一層，二層,十七層,住宅大樓(11層含以上有電梯),住家用,1000112.0,728.05,0,0,0,無,有,389880000,620327.0,坡道平面,136.62,23000000,,RPVPMLPJQHJGFDA68DA,343.1,12.68,35.26,有,,13.0
大安區,房地(土地+建物),通化街３９巷６１弄２２號四樓,33.37,住,,,1130410,土地1建物1車位0,四層,四層,公寓(5樓含以下無電梯),住家用,670828.0,76.54,3,2,1,有,無,16680000,217925.0,,0.0,0,其他增建；,RPPNMLOJPHJGFFA87DA,65.09,0.0,11.45,無,2492.0,46.0
大安區,房地(土地+建物),信義路四段２６５巷３１弄２號,33.71,住,,,1130427,土地2建物2車位0,一層,六層,華廈(10層含以下有電梯),住家用,701231.0,167.09,3,2,1,有,無,57000000,341134.0,,0.0,0,平台外推、防火巷其他增建；,RPUOMLMJQHJGFFA38DA,136.87,25.23,0.0,有,2493.0,42.0
萬華區,房地(土地+建物),環河南路二段２８６號三樓,28.26,住,,,1130416,土地7建物1車位0,三層,五層,公寓(5樓含以下無電梯),住家用,680626.0,92.75,3,2,1,有,無,13000000,140162.0,,0.0,0,,RPUNMLMJQHJGFBA87DA,86.74,0.0,6.01,無,2494.0,45.0
信義區,房地(土地+建物)+車位,虎林街２３９號五樓,22.71,住,,,1130413,土地3建物1車位1,五層,七層,華廈(10層含以下有電梯),住家用,810106.0,148.68,3,2,2,有,有,31680000,258172.0,升降平面,40.69,3800000,陽台外推；,RPSPMLTJQHJGFDA78DA,120.01,0.66,10.08,有,2496.0,32.0
大安區,房地(土地+建物),泰順街１６巷２０之２號,38.5,住,,,1130428,土地1建物1車位0,一層,四層,公寓(5樓含以下無電梯),住家用,,106.04,4,2,1,有,無,34000000,320634.0,,0.0,0,雨遮其他增建；,RPTNMLPKPHJGFFA48DA,106.04,0.0,0.0,無,,
文山區,房地(土地+建物),辛亥路七段７６巷１１號四樓,35.5,住,,,1130414,土地1建物1車位0,四層,五層,公寓(5樓含以下無電梯),住家用,680815.0,117.57,4,2,2,有,無,13660000,116186.0,,0.0,0,,RPPNMLQKQHJGFAA77DA,103.72,0.0,13.85,無,,45.0
內湖區,房地(土地+建物),環山路一段６０巷１６號二樓,33.99,住,,,1130413,土地2建物1車位0,二層,四層,公寓(5樓含以下無電梯),住家用,690624.0,87.83,3,2,1,有,無,17000000,193556.0,,0.0,0,其他增建；,RPXNMLQLPHJGFCA78DA,74.48,0.0,13.35,無,2499.0,44.0
北投區,房地(土地+建物),懷德街１１巷１弄１９號,83.0,住,,,1130417,土地1建物1車位0,全,二層,透天厝,住家用,620330.0,87.44,6,3,3,有,無,43750000,500343.0,,0.0,0,依土地法第三十四條之一出售頂樓加蓋；其他增建；,RPXOMLTJQHJGFEA66DA,87.44,0.0,0.0,無,,51.0
信義區,房地(土地+建物),松山路５１５巷２弄３１號,27.5,住,,,1130426,土地1建物1車位0,一層，騎樓,四層,公寓(5樓含以下無電梯),住家用,600220.0,79.03,3,1,1,有,無,22000000,278375.0,,0.0,0,陽台外推；,RPWNMLQLQHJGFDA88DA,79.03,0.0,0.0,無,,53.0
北投區,房地(土地+建物)+車位,稻香路２１９號五樓,41.18,住,,,1130412,土地1建物1車位1,五層,五層,華廈(10層含以下有電梯),住家用,1101015.0,112.39,2,2,1,有,有,17680000,216534.0,坡道平面,40.9,2200000,含家電,RPOPMLTKQHJGFEA58DA,39.68,2.28,4.6,有,,2.0
大安區,房地(土地+建物),安和路二段６４號十九樓,18.23,住,,,1130423,土地2建物1車位0,十九層,十九層,住宅大樓(11層含以上有電梯),住家用,680919.0,223.98,4,2,2,有,有,60150000,268551.0,,0.0,0,陽台外推；頂樓加蓋；其他增建；,RPTOMLRKPHJGFFA78DA,145.72,0.0,46.4,有,,45.0
大安區,房地(土地+建物),敦化南路二段８１巷４７號四樓,33.94,住,,,1130425,土地1建物1車位0,四層,七層,華廈(10層含以下有電梯),住家用,721007.0,168.97,4,2,2,有,無,46000000,272238.0,,0.0,0,陽台外推；其他增建；,RPQOMLLJQHJGFFA87DA,132.2,0.0,28.42,有,,41.0
南港區,房地(土地+建物),成福路１９４巷６號九樓,11.51,住,,,1130429,土地1建物1車位0,九層,九層,華廈(10層含以下有電梯),住家用,1030314.0,59.6,1,1,1,有,有,21000000,352349.0,,0.0,0,夾層；其他增建；,RPQOMLTJQHJGFDA48DA,28.92,6.74,2.84,有,2502.0,10.0
文山區,房地(土地+建物),辛亥路五段７３巷７弄９之１號三樓,5.83,住,,,1130430,土地3建物1車位0,三層,五層,公寓(5樓含以下無電梯),住家用,721223.0,29.16,1,1,1,有,有,5800000,198903.0,,0.0,0,陽台加窗其他增建；,RPUNMLOLNHJGFAA87DA,22.8,0.0,2.51,無,2503.0,40.0
中山區,房地(土地+建物),市民大道三段１６７號六樓之１,14.79,住,,,1130421,土地1建物1車位0,六層,十一層,住宅大樓(11層含以上有電梯),住家用,970125.0,77.84,2,1,1,有,有,22340000,286999.0,,0.0,0,夾層；,RPRNMLRLPHJGFCA28DA,49.44,3.95,2.19,有,2506.0,16.0
文山區,房地(土地+建物)+車位,萬芳路１０７巷１５號十一樓,24.94,住,,,1130421,土地3建物1車位1,十一層,十五層,住宅大樓(11層含以上有電梯),住家用,970623.0,131.35,2,2,1,有,有,25100000,248134.0,坡道平面,40.27,2500000,陽台外推；,RPTNMLKMPHJGFAA67DA,54.34,2.48,6.94,有,,16.0
大安區,房地(土地+建物),建國南路一段３４１巷３號八樓之１,13.61,住,,,1130427,土地1建物1車位0,八層,十四層,住宅大樓(11層含以上有電梯),住家用,750520.0,96.77,2,2,2,有,有,32000000,330715.0,,0.0,0,陽台外推；其他增建；,RPRNMLSLQHJGFFA78DA,70.95,0.7,10.29,有,,38.0
北投區,房地(土地+建物),行義路１８６巷５５號五樓之１,9.59,住,,,1130429,土地1建物1車位0,五層,七層,華廈(10層含以下有電梯),住家用,731221.0,37.71,1,1,1,有,有,5500000,145850.0,,0.0,0,陽台外推；,RPUNMLTLPHJGFEA98DA,25.6,0.0,3.59,有,2509.0,39.0
內湖區,房地(土地+建物)+車位,內湖路三段２４２號五樓,41.15,住,,,1130413,土地1建物1車位2,五層,十四層,住宅大樓(11層含以上有電梯),住家用,1020731.0,265.30999999999995,3,2,2,有,有,50000000,230279.0,坡道平面,72.5,5600000,其他增建；,RPPOMLPKQHJGFCA97DA,108.11,10.25,13.81,有,,11.0
內湖區,房地(土地+建物)+車位,金湖路４０１巷４０號三樓,39.05,住,,,1130425,土地1建物1車位1,三層,十四層,住宅大樓(11層含以上有電梯),住家用,880812.0,187.46,4,2,2,有,有,42000000,276069.0,坡道平面,44.38,2500000,陽台外推；其他增建；,RPRNMLKMQHJGFCA77DA,104.43,0.0,10.67,有,,25.0
松山區,房地(土地+建物)+車位,市民大道四段３９之２號十樓,44.92,住,,,1130412,土地2建物1車位1,十層,二十三層,住宅大樓(11層含以上有電梯),住家用,1090102.0,318.7,0,0,0,無,有,162890000,568742.0,坡道平面,40.56,4700000,,RPOOMLTLQHJGFDA48DA,150.81,5.1,26.35,有,,4.0
信義區,房地(土地+建物),大道路２８巷１１號四樓,41.5,住,,,1130423,土地2建物1車位0,四層，陽臺,四層,公寓(5樓含以下無電梯),住家用,640414.0,95.94,4,2,3,有,無,22600000,235564.0,,0.0,0,陽台外推；頂樓加蓋；,RPVOMLKMQHJGFDA38DA,95.94,0.0,0.0,無,,49.0
文山區,房地(土地+建物)+車位,忠順街二段８５巷２３號九樓,20.23,住,,,1130413,土地1建物1車位1,九層,十五層,住宅大樓(11層含以上有電梯),住家用,1020103.0,164.79000000000002,3,2,2,有,有,41650000,272102.0,坡道平面,20.91,2500000,陽台外推；其他增建；,RPOPMLNKQHJGFAA57DA,84.06,6.51,9.52,有,2513.0,11.0
文山區,房地(土地+建物),景隆街９５號二樓,30.13,住,,,1130428,土地2建物1車位0,二層,五層,公寓(5樓含以下無電梯),住家用,680323.0,105.65,3,2,2,有,無,18100000,171320.0,,0.0,0,陽台外推；其他增建；,RPPNMLTJRHJGFAA08DA,93.01,0.0,12.64,無,,45.0
信義區,房地(土地+建物),松山路６２４號,8.2,住,,,1130305,土地1建物1車位0,一層,九層,華廈(10層含以下有電梯),住家用,870526.0,33.46,2,1,1,有,有,10300000,307830.0,,0.0,0,夾層；,RPQNMLOJOHJGFDA67DA,21.68,0.0,3.05,有,,26.0
大安區,房地(土地+建物),信義路三段９９巷３６號十樓,13.61,住,,,1130308,土地1建物1車位0,十層,十四層,住宅大樓(11層含以上有電梯),住家用,750520.0,96.77,3,2,2,有,有,31680000,327408.0,,0.0,0,陽台外推；其他增建；,RPTNMLTLNHJGFFA78DA,70.95,0.7,10.29,有,,38.0
萬華區,房地(土地+建物),莒光路２５６號五樓,24.66,住,,,1130322,土地1建物1車位0,五層,七層,華廈(10層含以下有電梯),住家用,890420.0,118.23,3,2,2,有,有,20500000,173391.0,,0.0,0,,RPWNMLMLNHJGFBA97DA,75.79,0.0,13.6,有,,24.0
中山區,房地(土地+建物),民生東路三段７３巷２弄４號三樓,48.25,住,,,1130321,土地1建物1車位0,三層,四層,公寓(5樓含以下無電梯),住家用,590512.0,135.59,3,2,2,有,無,29380000,216683.0,,0.0,0,陽台外推；其他增建；,RPUOMLNKNHJGFCA97DA,135.59,0.0,0.0,無,,54.0
內湖區,房地(土地+建物),行善路２５巷４０弄１０號三樓之１,49.0,住,,,1130315,土地1建物1車位0,三層,七層,華廈(10層含以下有電梯),住家用,860526.0,129.43,3,2,2,有,有,28000000,216333.0,,0.0,0,陽台外推；其他增建；,RPXOMLPKNHJGFCA48DA,74.61,0.0,8.44,有,,27.0
松山區,房地(土地+建物),民權東路三段１０６巷３弄２４號五樓,21.93,住,,,1130309,土地3建物1車位0,五層,七層,華廈(10層含以下有電梯),住家用,681208.0,133.23,3,2,2,有,有,33800000,253697.0,,0.0,0,,RPQNMLSJNHJGFDA08EA,116.03,0.0,13.97,有,,44.0
大同區,房地(土地+建物),錦西街１８０之２號三樓,19.29,住,,,1130317,土地6建物1車位0,三層,四層,公寓(5樓含以下無電梯),住家用,660712.0,55.18,2,2,1,有,無,12580000,227981.0,,0.0,0,其他增建；,RPQPMLNLNHJGFBA67DA,50.29,0.0,4.89,無,,47.0
大安區,房地(土地+建物),通化街３９巷５０弄９０號,28.12,住,,,1130323,土地1建物1車位0,一層,四層,公寓(5樓含以下無電梯),住家用,600806.0,68.36,2,2,1,有,無,25080000,366881.0,,0.0,0,其他增建；,RPPOMLOKNHJGFFA87DA,68.36,0.0,0.0,無,,53.0
北投區,房地(土地+建物)+車位,中山北路七段２１９巷３弄２７３號七樓之３,63.15,住,,,1130307,土地1建物1車位1,七層,七層,華廈(10層含以下有電梯),住家用,960731.0,164.89,3,2,2,有,有,26500000,199750.0,坡道平面,44.74,2500000,,RPSNMLMLLHJGFEA67DA,77.83,2.87,9.35,有,,17.0
士林區,房地(土地+建物),中山北路六段２９０巷２９弄１１號,32.01,住,,,1130316,土地1建物1車位0,一層,五層,華廈(10層含以下有電梯),住家用,850417.0,104.58,2,2,2,有,無,27500000,262957.0,,0.0,0,夾層；其他增建；,RPQOMLNJNHJGFEA67DA,61.3,0.0,9.84,有,,28.0
士林區,房地(土地+建物),文林路７２０號九樓,19.07,住,,,1130313,土地1建物1車位0,九層,十層,華廈(10層含以下有電梯),住家用,780523.0,113.34,3,2,2,有,無,30500000,269102.0,,0.0,0,,RPXPMLRKNHJGFEA98DA,73.19,11.57,8.53,有,,35.0
文山區,房地(土地+建物)+車位,萬壽路７５巷３６號,71.4,住,,,1130329,土地1建物1車位1,一層，夾層,三層,華廈(10層含以下有電梯),住家用,880413.0,142.63,4,2,2,有,有,18800000,162350.0,坡道平面,39.15,2000000,夾層；,RPRNMLLJMHJGFAA96DA,80.99,0.0,6.55,有,,25.0
內湖區,房地(土地+建物)+車位,康寧路三段１８０巷１８號六樓,19.44,住,,,1130302,土地1建物1車位1,六層,七層,華廈(10層含以下有電梯),住家用,981009.0,113.94,2,2,1,有,有,25700000,225557.0,坡道平面,37.7,0,其他增建；,RPQPMLNKNHJGFCA67DA,46.14,1.17,3.7,有,2521.0,14.0
士林區,房地(土地+建物)+車位,士東路８９巷１６弄２０號五樓,41.01,住,,,1130308,土地1建物1車位1,五層,八層,華廈(10層含以下有電梯),住家用,980120.0,208.63,3,2,2,有,有,47700000,228634.0,升降平面,0.0,2500000,其他增建；,RPOQMLMJMHJGFEA47DA,96.51,7.6,8.92,有,,15.0
士林區,房地(土地+建物)+車位,士商路１４３號五樓,44.59,住,,,1130306,土地1建物2車位2,五層,十二層,住宅大樓(11層含以上有電梯),住家用,930504.0,246.31,3,2,2,有,有,57000000,274060.0,坡道平面,58.76,5600000,陽台外推；其他增建；,RPWPMLMKOHJGFEA48DA,109.35,2.49,13.27,有,,20.0
大同區,房地(土地+建物)+車位,南京西路４４８號四樓之２,20.75,住,,,1130322,土地2建物1車位1,四層,十二層,住宅大樓(11層含以上有電梯),住家用,1120526.0,178.45,3,2,2,有,有,42330000,283105.0,坡道平面,38.82,2800000,,RPTOMLTJNHJGFBA28DA,78.44,1.08,10.55,有,,1.0
中山區,房地(土地+建物)+車位,吉林路１２之８號十四樓,36.36,住,,,1130331,土地1建物1車位2,十四層,十六層,住宅大樓(11層含以上有電梯),住家用,1070511.0,270.69,3,2,2,有,有,73880000,377815.0,坡道平面,95.26,7600000,,RPWOMLRKNHJGFCA58DA,103.23,6.41,12.59,有,2523.0,6.0
士林區,房地(土地+建物)+車位,德行東路１０４巷１１弄７號,35.25,住,,,1130316,土地1建物1車位1,一層,五層,公寓(5樓含以下無電梯),住家用,710428.0,88.93,3,2,2,有,無,27380000,307883.0,一樓平面,0.0,0,其他增建；,RPPNMLQKLHJGFEA67DA,82.02,6.91,0.0,無,2525.0,42.0
士林區,房地(土地+建物)+車位,中山北路五段８２９巷４８號五樓,44.57,住,,,1130330,土地2建物2車位3,五層,十五層,住宅大樓(11層含以上有電梯),住家用,1030411.0,407.72,3,2,3,有,有,88000000,289547.0,坡道平面,134.88,9000000,,RPVQMLNKOHJGFEA58DA,159.17,6.66,16.07,有,2526.0,10.0
松山區,房地(土地+建物)+車位,光復北路２２２號七樓,27.39,住,,,1130331,土地3建物1車位1,七層,十八層,住宅大樓(11層含以上有電梯),住家用,910320.0,132.13,2,2,2,有,有,36900000,279270.0,坡道平面,0.0,0,陽台外推；,RPUNMLNKOHJGFDA18EA,88.5,2.26,7.76,有,2528.0,22.0
中正區,房地(土地+建物),廈門街７１巷８弄１０之１號三樓,30.25,住,,,1130311,土地1建物1車位0,三層,四層,公寓(5樓含以下無電梯),住家用,721015.0,90.55,3,2,1,有,無,20000000,220872.0,,0.0,0,其他增建；,RPPNMLQKLHJGFAA27DA,75.55,0.0,6.85,無,,40.0
內湖區,房地(土地+建物)+車位,民權東路六段２８０巷６９弄６６號八樓,24.89,住,,,1130330,土地2建物1車位2,八層,十層,華廈(10層含以下有電梯),住家用,960125.0,159.7,3,2,2,有,有,33680000,210895.0,坡道平面,46.01,0,陽台外推；其他增建；,RPPOMLRKNHJGFCA87DA,71.52,2.78,7.84,有,,17.0
內湖區,房地(土地+建物),金龍路２２２巷１２號八樓之３,20.09,住,,,1130329,土地1建物1車位0,八層,十一層,住宅大樓(11層含以上有電梯),住家用,821213.0,64.49000000000001,2,2,1,有,有,13900000,215537.0,,0.0,0,陽台外推；,RPTPMLMKOHJGFCA97DA,44.28,0.0,10.46,有,,30.0
北投區,房地(土地+建物)+車位,文林北路７５巷７１號十三樓,47.35,住,,,1130317,土地1建物1車位1,十三層,十三層,住宅大樓(11層含以上有電梯),住家用,1061117.0,191.05,3,2,2,有,有,44680000,282941.0,坡道平面,43.74,3000000,陽台加窗。其他增建；,RPVNMLRJNHJGFEA48DA,95.96,1.28,15.57,有,2532.0,6.0
內湖區,房地(土地+建物)+車位,星雲街１６８巷１５號十三樓,30.57,住,,,1130310,土地1建物1車位1,十三層,十六層,住宅大樓(11層含以上有電梯),住家用,841116.0,169.53,3,2,2,有,有,36000000,212352.0,坡道平面,0.0,2500000,陽台外推；其他增建；,RPWOMLMKOHJGFCA18DA,91.68,5.55,10.31,有,2533.0,28.0
信義區,房地(土地+建物)+車位,中坡南路２０１巷１８之３號十四樓,14.81,住,,,1130331,土地1建物1車位1,十四層,二十層,住宅大樓(11層含以上有電梯),住家用,1100423.0,140.31,2,2,1,有,有,41800000,356147.0,坡道平面,32.77,3500000,,RPQNMLMLNHJGFDA57DA,55.53,10.22,5.2,有,2534.0,3.0
信義區,房地(土地+建物),永吉路１２７巷１１弄６號四樓之２,12.54,住,,,1130331,土地1建物1車位0,四層,八層,華廈(10層含以下有電梯),住家用,1061130.0,56.72,1,1,1,有,有,17500000,308533.0,,0.0,0,夾層；,RPRQMLRKOHJGFDA48DA,23.22,2.13,4.25,有,2535.0,6.0
士林區,房地(土地+建物),中山北路六段４１８號四樓,22.8,住,,,1130325,土地1建物1車位0,四層,四層,公寓(5樓含以下無電梯),住家用,610322.0,75.86,2,1,1,有,無,18180000,239652.0,,0.0,0,,RPRNMLSKOHJGFEA48EA,75.86,0.0,0.0,無,2537.0,52.0
文山區,房地(土地+建物)+車位,汀州路四段２０１號七樓,36.8,住,,,1130330,土地1建物1車位1,七層,十四層,住宅大樓(11層含以上有電梯),住家用,991105.0,190.81,3,2,2,有,有,37380000,195902.0,坡道平面,0.0,0,依建物謄本標示部，車位面積無法概算其他增建；,RPXOMLOJOHJGFAA18DA,103.54,0.0,11.77,有,,13.0
萬華區,房地(土地+建物),中華路二段４１６巷８２號七樓,36.61,住,,,1130303,土地1建物1車位0,七層,十四層,住宅大樓(11層含以上有電梯),住家用,1010625.0,183.32,3,2,2,有,有,38000000,207288.0,,0.0,0,,RPSNMLLMNHJGFBA57DA,101.99,0.0,10.16,有,2540.0,12.0
大安區,房地(土地+建物),延吉街１１７號二樓,23.78,住,,,1130307,土地2建物1車位0,二層,七層,華廈(10層含以下有電梯),住家用,670220.0,133.01,3,1,1,有,無,35680000,268251.0,,0.0,0,陽台外推；其他增建；,RPWNMLLMNHJGFFA38DA,108.6,0.0,9.63,有,,46.0
萬華區,房地(土地+建物),西園路二段２４３之８號二樓,32.25,住,,,1130330,土地1建物1車位0,二層，陽台,四層,公寓(5樓含以下無電梯),住家用,620131.0,99.51,3,1,1,有,無,15700000,157773.0,,0.0,0,其他增建；,RPRPMLKLNHJGFBA47DA,99.51,0.0,0.0,無,,51.0
中山區,房地(土地+建物)+車位,建國北路三段７１號三樓之２,8.6,住,,,1130325,土地2建物1車位1,三層,十四層,住宅大樓(11層含以上有電梯),住家用,1041016.0,86.28,1,2,1,有,有,23960000,275199.0,坡道機械,8.3,2500000,夾層；,RPWOMLTLNHJGFCA88DA,42.68,2.32,4.31,有,2543.0,8.0
松山區,房地(土地+建物),八德路二段４３７巷１弄１３號二樓,32.0,住,,,1130316,土地2建物1車位0,二層,四層,公寓(5樓含以下無電梯),住家用,570702.0,81.07,4,2,1,有,無,20450000,252251.0,,0.0,0,陽台外推；其他增建；,RPOPMLTLMHJGFDA18DA,74.81,0.0,6.26,無,2546.0,56.0
信義區,房地(土地+建物),信義路六段１２巷２６號,27.4,住,,,1130317,土地1建物1車位0,一層,五層,公寓(5樓含以下無電梯),住家用,671129.0,89.95,0,1,2,有,無,30000000,333519.0,,0.0,0,其他增建；,RPWPMLLLNHJGFDA28DA,77.94,12.01,0.0,無,,45.0
北投區,房地(土地+建物)+車位,承德路七段２１２號十二樓,30.02,住,,,1130329,土地2建物1車位2,十二層,十五層,住宅大樓(11層含以上有電梯),住家用,961120.0,265.86,4,2,2,有,有,51800000,243505.0,坡道機械,69.56,4000000,陽台加窗。其他增建；,RPVNMLLLOHJGFEA18DA,135.21,3.62,13.06,有,,16.0
中正區,房地(土地+建物),廈門街７１巷２６號,24.6,住,,,1130328,土地1建物1車位0,一層,五層,公寓(5樓含以下無電梯),住家用,721114.0,125.77,3,2,3,有,無,32880000,261430.0,,0.0,0,其他增建；,RPPNMLKLMHJGFAA86DA,77.71,8.07,0.0,無,2547.0,40.0
大同區,房地(土地+建物),重慶北路三段２０５巷１５號五樓,17.8,住,,,1130331,土地1建物1車位0,五層,五層,公寓(5樓含以下無電梯),住家用,720209.0,69.85,2,2,2,有,無,11800000,168933.0,,0.0,0,陽台外推；其他增建；,RPXPMLLKOHJGFBA18DA,49.71,0.0,14.32,無,2548.0,41.0
南港區,房地(土地+建物),福德街４３５號九樓,22.2,住,,,1130316,土地1建物1車位0,九層,十四層,住宅大樓(11層含以上有電梯),住家用,870521.0,133.2,2,2,1,有,有,26080000,195796.0,,0.0,0,陽台外推；其他增建；,RPXOMLKLNHJGFDA18DA,72.66,0.0,8.0,有,,26.0
士林區,房地(土地+建物)+車位,福港街１６０巷２６號四樓,31.32,住,,,1130317,土地2建物1車位1,四層,七層,華廈(10層含以下有電梯),住家用,1030115.0,153.19,3,2,1,有,有,26700000,174293.0,升降平面,46.76,0,,RPRNMLNJOHJGFEA77DA,65.61,4.6,5.15,有,2551.0,10.0
文山區,房地(土地+建物),木柵路三段８５巷１４弄１號,44.88,住,,,1130328,土地1建物1車位0,一層,四層,公寓(5樓含以下無電梯),住家用,610915.0,96.49,5,2,2,有,無,20400000,211421.0,,0.0,0,其他增建；,RPPNMLRLNHJGFAA67DA,96.49,0.0,0.0,無,2552.0,52.0
文山區,房地(土地+建物),下崙路１１巷７號五樓,24.59,住,,,1130328,土地1建物1車位0,五層,五層,公寓(5樓含以下無電梯),住家用,711016.0,93.36,3,2,1,有,無,13000000,139246.0,,0.0,0,頂樓加蓋；其他增建；,RPVNMLLMNHJGFAA77DA,80.04,0.0,13.32,無,,41.0
內湖區,房地(土地+建物)+車位,大湖街１６６巷３８號四樓,91.47,住,,,1130331,土地1建物1車位1,四層,五層,華廈(10層含以下有電梯),住家用,1001027.0,228.63,3,2,2,有,有,72800000,378033.0,坡道平面,43.99,3000000,陽台外推；其他增建；,RPXNMLTLNHJGFCA88DA,105.82,7.97,10.98,有,,12.0
中正區,建物,汀州路一段２０６巷３號四樓,0.0,,,,1130307,土地0建物1車位0,四層,四層,公寓(5樓含以下無電梯),住家用,660107.0,93.85,3,2,1,有,無,6500000,69259.0,,0.0,0,租賃權-基地向財團法人台灣省私立台北仁濟院承租；建物坐落地號：永昌段五小段41地號；頂樓加蓋；,RPRNMLQLOHJGFAA87DA,73.67,0.0,20.18,無,2553.0,47.0
大同區,房地(土地+建物)+車位,南京西路４４８號二樓之１,17.03,住,,,1130328,土地2建物1車位1,二層,十二層,住宅大樓(11層含以上有電梯),住家用,1120526.0,146.13,2,2,1,有,有,35000000,282244.0,坡道機械,31.69,2700000,,RPSOMLTJNHJGFBA18DA,66.69,3.37,3.77,有,,1.0
萬華區,房地(土地+建物),中華路二段５０４巷３１號十一樓,12.4,住,,,1130322,土地1建物1車位0,十一層,十二層,住宅大樓(11層含以上有電梯),住家用,680403.0,46.08,2,1,1,有,有,10600000,230035.0,,0.0,0,陽台外推；,RPVNMLOJOHJGFBA97DA,38.94,0.0,7.14,有,2554.0,45.0
大安區,房地(土地+建物),延吉街２３３巷９號三樓,30.56,住,,,1130323,土地1建物1車位0,三層,七層,華廈(10層含以下有電梯),住家用,700121.0,141.53,3,2,3,有,無,39850000,281566.0,,0.0,0,陽台外推；,RPTNMLRLOHJGFFA68DA,109.64,0.0,14.74,有,,43.0
文山區,房地(土地+建物)+車位,羅斯福路六段３９巷３８號六樓,12.53,住,,,1130330,土地1建物1車位1,六層,十三層,住宅大樓(11層含以上有電梯),住家用,960913.0,127.34,2,2,1,有,有,23180000,266701.0,坡道平面,49.8,2500000,其他增建；,RPSNMLOLOHJGFAA77DA,49.21,1.21,6.1,有,2557.0,17.0
萬華區,房地(土地+建物),雙園街４９巷２７號四樓,26.83,住,,,1130324,土地1建物1車位0,四層,五層,公寓(5樓含以下無電梯),住家用,710322.0,109.89,2,2,1,有,無,13600000,123760.0,,0.0,0,陽台外推；其他增建；,RPVNMLSLNHJGFBA48DA,96.87,0.0,13.02,無,,42.0
南港區,房地(土地+建物),福德街３０９巷３６號二樓,19.5,住,,,1130329,土地1建物1車位0,二層，陽台,四層,公寓(5樓含以下無電梯),住家用,650629.0,82.95,2,2,1,有,無,16000000,192887.0,,0.0,0,,RPRPMLPJOHJGFDA08DA,82.95,0.0,0.0,無,,48.0
信義區,房地(土地+建物),中坡南路２８７號三樓,33.9,住,,,1130316,土地4建物1車位0,三層,四層,公寓(5樓含以下無電梯),住家用,660331.0,81.84,3,2,1,有,無,17300000,211388.0,,0.0,0,其他增建；,RPRQMLOLOHJGFDA28DA,76.64,0.0,5.2,無,,47.0
信義區,房地(土地+建物),虎林街３０巷２弄１號三樓,33.41,住,,,1130317,土地1建物1車位0,三層,五層,公寓(5樓含以下無電梯),住家用,740517.0,125.4,4,2,2,有,無,22400000,178628.0,,0.0,0,,RPPNMLPLNHJGFDA77DA,106.28,0.0,11.81,無,,39.0
松山區,房地(土地+建物),健康路３４１號十一樓,29.95,住,,,1130319,土地1建物1車位0,十一層,十一層,住宅大樓(11層含以上有電梯),住家用,880806.0,174.82999999999998,3,2,2,有,有,33400000,191043.0,,0.0,0,其他增建；,RPUOMLLLOHJGFDA08DA,87.41,3.66,12.59,有,2561.0,25.0
信義區,房地(土地+建物),松山路６４７號七樓之１,16.5,住,,,1130317,土地3建物1車位0,七層,七層,華廈(10層含以下有電梯),住家用,780913.0,80.38000000000001,2,2,1,有,有,19500000,242598.0,,0.0,0,頂樓加蓋；,RPQNMLSLOHJGFDA28DA,64.88,0.66,7.61,有,,35.0
內湖區,房地(土地+建物),港華街１０９巷１號四樓,38.98,住,,,1130313,土地1建物1車位0,四層,四層,公寓(5樓含以下無電梯),住家用,681121.0,107.32,5,0,5,有,無,24900000,232016.0,,0.0,0,陽台外推；頂樓加蓋；其他增建；,RPTNMLTKOHJGFCA48DA,99.01,0.0,8.31,無,2562.0,44.0
信義區,房地(土地+建物)+車位,永吉路３０巷１０１弄２９號七樓,32.46,住,,,1130329,土地1建物1車位2,七層,十一層,住宅大樓(11層含以上有電梯),住家用,1020510.0,241.4,3,2,2,有,有,81000000,463249.0,坡道平面,79.5,6000000,其他增建；,RPVPMLRLOHJGFDA88DA,113.08,5.05,10.38,有,2563.0,11.0
士林區,房地(土地+建物),德行東路１９０巷６弄３號,27.1,住,,,1130315,土地1建物1車位0,一層,四層,公寓(5樓含以下無電梯),住家用,671024.0,104.4,3,2,1,有,無,29000000,277778.0,,0.0,0,,RPTNMLTJNHJGFEA48DA,91.5,12.9,0.0,無,2564.0,45.0
信義區,房地(土地+建物),松山路１１９巷１２號四樓,43.25,住,,,1130316,土地1建物1車位0,四層，陽台,四層,公寓(5樓含以下無電梯),住家用,630905.0,120.16,4,2,1,有,無,22500000,187250.0,,0.0,0,頂樓加蓋；其他增建；,RPUOMLOJOHJGFDA18DA,120.16,0.0,0.0,無,,50.0
文山區,房地(土地+建物)+車位,秀明路一段１２９巷４３號二樓,156.75,住,,,1130325,土地1建物1車位1,二層,五層,華廈(10層含以下有電梯),住家用,1070302.0,268.47,4,2,2,有,有,48600000,216819.0,坡道平面,55.85,2500000,,RPVNMLTKOHJGFAA48DA,124.64,0.0,15.56,有,2566.0,6.0
文山區,房地(土地+建物),興隆路三段２０７之５號五樓,26.67,住,,,1130330,土地2建物1車位0,五層,五層,公寓(5樓含以下無電梯),住家用,730830.0,92.07,2,2,1,有,有,15580000,169219.0,,0.0,0,陽台外推；其他增建；,RPSNMLSLOHJGFAA18DA,79.56,0.0,11.34,無,2568.0,40.0
內湖區,房地(土地+建物),內湖路一段４１１巷９弄１２號三樓,34.96,住,,,1130316,土地1建物1車位0,三層,四層,公寓(5樓含以下無電梯),住家用,670615.0,93.38,3,2,2,有,無,19800000,212037.0,,0.0,0,陽台外推；,RPXPMLSKOHJGFCA98DA,86.3,0.0,7.08,無,2569.0,46.0
南港區,房地(土地+建物)+車位,重陽路７號七樓,17.16,住,,,1130305,土地1建物1車位1,七層,十四層,住宅大樓(11層含以上有電梯),住家用,1110124.0,108.89,2,1,1,有,有,28800000,316494.0,坡道平面,26.74,2800000,,RPROMLSKOHJGFDA38DA,46.68,2.27,4.61,有,2570.0,2.0
士林區,房地(土地+建物),社子街２５巷９號五樓,45.27,住,,,1130311,土地1建物1車位0,五層,五層,公寓(5樓含以下無電梯),住家用,731017.0,153.35,4,2,2,有,無,17600000,114770.0,,0.0,0,其他增建；,RPUOMLLKLHJGFEA77DA,124.15,15.89,13.31,無,,39.0
士林區,房地(土地+建物),文昌路１０號,32.0,住,,,1130322,土地2建物1車位0,一層，騎樓,四層,公寓(5樓含以下無電梯),住家用,561218.0,112.42,0,0,0,無,無,47000000,418075.0,,0.0,0,,RPSOMLRLNHJGFEA48DA,112.42,0.0,0.0,無,,56.0
士林區,房地(土地+建物),文昌路１０號二樓,32.0,住,,,1130322,土地2建物1車位0,二層,四層,公寓(5樓含以下無電梯),住家用,561218.0,117.91,3,1,1,有,無,18700000,158596.0,,0.0,0,,SPSOMLRLNHJGFEA58DA,117.91,0.0,0.0,無,,56.0
士林區,房地(土地+建物),文昌路１０號三樓,32.0,住,,,1130322,土地2建物1車位0,三層,四層,公寓(5樓含以下無電梯),住家用,561218.0,117.91,3,1,1,有,無,17000000,144178.0,,0.0,0,,TPSOMLRLNHJGFEA68DA,117.91,0.0,0.0,無,,56.0
士林區,房地(土地+建物),文昌路１０號四樓,32.0,住,,,1130322,土地2建物1車位0,四層,四層,公寓(5樓含以下無電梯),住家用,561218.0,61.1,2,1,1,有,無,9300000,152209.0,,0.0,0,頂樓加蓋；,UPSOMLRLNHJGFEA78DA,61.1,0.0,0.0,無,,56.0
北投區,房地(土地+建物)+車位,稻香路２１９號四樓,40.58,住,,,1130325,土地1建物1車位1,四層,五層,華廈(10層含以下有電梯),住家用,1101015.0,111.3,2,2,1,有,有,17550000,219460.0,坡道平面,40.9,2100000,含裝潢設備及家電,RPSNMLSJPHJGFEA48DA,38.98,2.28,4.6,有,,2.0
內湖區,房地(土地+建物),行善路５９巷１３號四樓,46.57,住,,,1130331,土地1建物1車位0,四層,八層,華廈(10層含以下有電梯),住家用,870506.0,122.89,3,2,2,有,有,28520000,232077.0,,0.0,0,陽台外推；其他增建；,RPRNMLPLOHJGFCA97DA,74.1,0.0,7.06,有,2573.0,26.0
信義區,房地(土地+建物),和平東路三段４３５巷６之１號二樓,20.5,住,,,1130312,土地1建物1車位0,二層，陽台,四層,公寓(5樓含以下無電梯),住家用,630228.0,60.32,2,2,1,有,無,14200000,235411.0,,0.0,0,陽台外推；其他增建；,RPTOMLQLOHJGFDA48DA,60.32,0.0,0.0,無,,50.0
松山區,房地(土地+建物),南京東路五段２５０巷３６弄３１之１號,31.75,住,,,1130327,土地1建物1車位0,一層，平台,四層,公寓(5樓含以下無電梯),住家用,640612.0,99.27,4,2,2,有,無,23080000,232497.0,,0.0,0,其他增建；,RPWNMLOJPHJGFDA38DA,99.27,0.0,0.0,無,,49.0
大安區,房地(土地+建物),四維路１９８巷２１弄８號三樓,19.39,住,,,1130323,土地1建物1車位0,三層,十九層,住宅大樓(11層含以上有電梯),住家用,740522.0,100.75,2,2,1,有,有,26880000,266825.0,,0.0,0,,RPVOMLTJPHJGFFA09DA,73.64,1.56,4.72,有,,39.0
士林區,房地(土地+建物)+車位,格致路２０３號五樓之６、２０３號五樓之７,76.82,住,,,1130318,土地1建物1車位1,五層,十層,華廈(10層含以下有電梯),住家用,850730.0,167.89,2,2,2,有,有,21900000,130443.0,坡道平面,0.0,2000000,陽台外推；夾層；,RPSOMLKKPHJGFEA87DA,74.46,1.5,10.4,有,2577.0,28.0
內湖區,房地(土地+建物),文德路２１０巷３０弄８８號五樓,22.85,住,,,1130306,土地1建物1車位0,五層,五層,公寓(5樓含以下無電梯),住家用,720413.0,93.95,3,2,1,有,無,17000000,180947.0,,0.0,0,陽台外推；,RPVNMLOKPHJGFCA28DA,72.8,0.0,11.72,無,2578.0,41.0
北投區,房地(土地+建物),石牌路一段１６６巷４７號三樓,21.5,住,,,1130310,土地1建物1車位0,三層，陽台,四層,公寓(5樓含以下無電梯),住家用,650506.0,59.9,2,2,1,有,無,11000000,183639.0,,0.0,0,陽台外推；,RPTNMLMKPHJGFEA08DA,59.9,0.0,0.0,無,2579.0,48.0
內湖區,房地(土地+建物)+車位,民權東路六段２８０巷２５弄２之１號,43.79,住,,,1130306,土地1建物1車位2,一層,九層,華廈(10層含以下有電梯),住家用,890224.0,231.0,4,2,2,有,有,42000000,181818.0,坡道平面,0.0,4000000,其他增建；,RPPOMLMKPHJGFCA57DA,99.46,0.0,11.06,有,,24.0
文山區,房地(土地+建物)+車位,政大二街２６０巷１８號,204.38,住,,,1130308,土地1建物3車位2,一層，二層,四層,華廈(10層含以下有電梯),住家用,981019.0,461.67,5,3,4,有,有,65000000,152211.0,坡道平面,67.48,5000000,,RPWNMLOKNHJGFAA97DA,234.93,12.49,32.69,有,,14.0
內湖區,房地(土地+建物),文德路２２巷５９弄１２號六樓,34.61,住,,,1130324,土地1建物1車位0,六層,七層,華廈(10層含以下有電梯),住家用,730131.0,125.31,3,2,1,有,有,23560000,188014.0,,0.0,0,,RPTOMLRLOHJGFCA48DA,78.34,0.0,17.81,有,,40.0
內湖區,房地(土地+建物),陽光街９２巷１８弄１３號,19.69,住,,,1130316,土地1建物1車位0,一層,五層,公寓(5樓含以下無電梯),住家用,711224.0,65.77,3,2,3,有,無,16800000,255436.0,,0.0,0,其他增建；,RPRQMLOLOHJGFCA18DA,55.88,9.89,0.0,無,,41.0
士林區,房地(土地+建物),忠義街７１巷２１號三樓,27.68,住,,,1130326,土地1建物1車位0,三層,五層,公寓(5樓含以下無電梯),住家用,740422.0,101.58,3,2,2,有,無,20700000,203780.0,,0.0,0,,RPOOMLTKPHJGFEA38DA,85.96,0.0,9.05,無,,39.0
中正區,房地(土地+建物)+車位,重慶南路三段３５號二樓,47.19,住,,,1130326,土地2建物1車位1,二層,二十一層,住宅大樓(11層含以上有電梯),住家用,1100915.0,268.93,3,2,2,有,有,97000000,408252.0,坡道平面,39.17,3200000,,RPVOMLPJOHJGFAA08DA,122.05,11.45,14.75,有,,3.0
文山區,房地(土地+建物)+車位,辛亥路四段２０９巷２６號三樓,17.67,住,,,1130329,土地1建物1車位1,三層,二十六層,住宅大樓(11層含以上有電梯),住家用,1090430.0,157.45,3,2,2,有,有,36480000,270761.0,坡道平面,33.07,2800000,,RPRQMLRKOHJGFAA18DA,70.19,7.59,7.66,有,2580.0,4.0
文山區,房地(土地+建物)+車位,羅斯福路六段１５０巷２７號九樓,16.32,住,,,1130321,土地1建物1車位1,九層,十三層,住宅大樓(11層含以上有電梯),住家用,1061106.0,129.64,2,2,1,有,有,32000000,304689.0,坡道平面,32.82,2500000,,RPUNMLPJPHJGFAA97DA,49.15,6.88,5.06,有,2581.0,6.0
大同區,房地(土地+建物)+車位,南京西路４４８號五樓之２,20.75,住,,,1130331,土地2建物1車位1,五層,十二層,住宅大樓(11層含以上有電梯),住家用,1120526.0,179.25,3,2,2,有,有,42680000,284538.0,坡道平面,39.62,2950000,,RPUOMLTJNHJGFBA38DA,78.44,1.08,10.55,有,,1.0
南港區,房地(土地+建物)+車位,三重路４１巷２３號五樓,15.76,住,,,1130326,土地1建物1車位1,五層,十三層,住宅大樓(11層含以上有電梯),住家用,1111129.0,113.42,2,2,1,有,有,33380000,294304.0,坡道機械,21.48,0,,RPVNMLPJPHJGFDA38DA,52.77,1.66,4.91,有,2582.0,1.0
信義區,房地(土地+建物)+車位,信安街１６８號九樓之６,15.41,住,,,1130317,土地1建物1車位1,九層,十二層,住宅大樓(11層含以上有電梯),住家用,1121220.0,112.35,2,1,1,有,有,29200000,360597.0,坡道平面,39.97,3100000,預售屋、或土地及建物分件登記案件；,RPTNMLNKPHJGFDA08DA,39.73,2.13,5.76,有,,
信義區,房地(土地+建物)+車位,信安街１６８號十樓之７,19.31,住,,,1130301,土地1建物1車位1,十層,十二層,住宅大樓(11層含以上有電梯),住家用,1121220.0,136.46,2,1,1,有,有,36930000,350606.0,坡道平面,39.97,3100000,預售屋、或土地及建物分件登記案件；,RPQOMLNKPHJGFDA87DA,54.37,4.12,3.93,有,,
信義區,房地(土地+建物)+車位,信安街１６８號十樓,25.63,住,,,1130314,土地1建物1車位1,十層,十二層,住宅大樓(11層含以上有電梯),住家用,1121220.0,174.86,3,2,2,有,有,51000000,351768.0,坡道平面,39.97,3550000,預售屋、或土地及建物分件登記案件；,RPVOMLNKPHJGFDA38DA,75.23,7.78,4.73,有,,
信義區,房地(土地+建物)+車位,信安街１６８號十一樓之５,15.49,住,,,1130323,土地1建物1車位1,十一層,十二層,住宅大樓(11層含以上有電梯),住家用,1121220.0,112.93,2,1,1,有,有,29500000,364583.0,坡道平面,39.97,2900000,依合約面積誤差賣方找補買方金額7805元預售屋、或土地及建物分件登記案件；,RPXNMLLLPHJGFDA38DA,40.01,2.02,5.86,有,,
信義區,房地(土地+建物)+車位,信安街１６８號十一樓之１,20.25,住,,,1130315,土地1建物1車位1,十一層,十二層,住宅大樓(11層含以上有電梯),住家用,1121220.0,143.2,2,1,1,有,有,38900000,346798.0,坡道平面,39.97,3100000,預售屋、或土地及建物分件登記案件；,RPOOMLLLPHJGFDA57DA,56.51,6.93,4.38,有,,
萬華區,房地(土地+建物),萬大路５０６巷２５號二樓,21.9,住,,,1130310,土地1建物1車位0,二層,五層,華廈(10層含以下有電梯),住家用,1120914.0,81.04,1,2,2,有,有,16660000,205577.0,,0.0,0,,RPTNMLQLPHJGFBA28DA,46.69,0.0,9.84,有,,
信義區,房地(土地+建物),吳興街６００巷７６弄２０號二樓之２,16.07,住,,,1130318,土地1建物1車位0,二層,六層,華廈(10層含以下有電梯),住家用,1050301.0,70.3,2,1,1,有,有,15750000,224040.0,,0.0,0,,RPUNMLRKPHJGFDA58DA,39.26,5.22,3.64,有,2584.0,8.0
文山區,房地(土地+建物)+車位,木新路三段８８之１號八樓,32.4,住,,,1130321,土地1建物1車位2,八層,十三層,住宅大樓(11層含以上有電梯),住家用,1000718.0,253.96,4,2,2,有,有,42960000,169160.0,坡道機械,55.76,0,,RPSNMLLJPHJGFAA37DA,107.95,13.16,12.66,有,2585.0,13.0
萬華區,建物,三水街１１５巷１號四樓,0.0,,,,1130303,土地0建物1車位0,四層,四層,公寓(5樓含以下無電梯),住家用,631001.0,56.27,2,1,1,有,無,6120000,108761.0,,0.0,0,僅建物交易；建物坐落地號：龍山段二小段166地號；頂樓加蓋；,RPPPMLTKOHJGFBA18DA,56.27,0.0,0.0,無,2586.0,49.0
士林區,房地(土地+建物)+車位,承德路四段２９之１號二樓,24.75,住,,,1130325,土地2建物1車位1,二層,十一層,住宅大樓(11層含以上有電梯),住家用,890705.0,143.64,3,2,2,有,無,28000000,194932.0,坡道平面,0.0,0,,RPVNMLMLPHJGFEA38DA,78.85,0.0,7.2,有,,24.0
士林區,房地(土地+建物)+車位,承德路四段１８１號四樓之１,27.82,住,,,1130318,土地1建物1車位1,四層,十四層,住宅大樓(11層含以上有電梯),住家用,900724.0,217.83999999999995,4,2,2,有,有,51000000,273770.0,坡道平面,41.78,2800000,其他增建；,RPWNMLPJPHJGFEA58DA,124.7,0.0,11.4,有,2589.0,23.0
士林區,房地(土地+建物),延平北路五段２１３巷２９號四樓,37.56,住,,,1130311,土地1建物1車位0,四層,四層,公寓(5樓含以下無電梯),住家用,610905.0,93.3,7,3,3,有,有,15300000,163987.0,,0.0,0,陽台外推；頂樓加蓋；,RPTOMLKMPHJGFEA18DA,93.3,0.0,0.0,無,2590.0,52.0
文山區,房地(土地+建物)+車位,指南路三段７１號四樓之３,16.71,住,,,1130310,土地1建物1車位1,四層,八層,華廈(10層含以下有電梯),住家用,840509.0,64.61,1,1,1,有,有,8300000,128463.0,坡道平面,0.0,2500000,依建物謄本標示部，車位面積無法概算。陽台外推；其他增建；,RPOOMLLKPHJGFAA17DA,26.24,1.69,3.24,有,,29.0
文山區,房地(土地+建物)+車位,羅斯福路五段１７０巷２５號八樓,72.4,住,,,1130319,土地1建物1車位3,八層，屋頂突出物,八層,華廈(10層含以下有電梯),住家用,970724.0,448.87,5,4,3,有,有,97000000,232811.0,坡道平面,62.29,7000000,陽台外推；其他增建；,RPUNMLKMPHJGFAA77DA,215.74,12.51,29.44,有,2592.0,16.0
信義區,房地(土地+建物)+車位,信安街１６８號十一樓之７,19.31,住,,,1130314,土地1建物1車位1,十一層,十二層,住宅大樓(11層含以上有電梯),住家用,1121220.0,136.46,2,1,1,有,有,37650000,358586.0,坡道平面,39.97,3050000,預售屋、或土地及建物分件登記案件；,RPQNMLMKQHJGFDA77DA,54.37,4.12,3.93,有,,
中山區,房地(土地+建物),吉林路４４７巷２號四樓,20.22,住,,,1130330,土地1建物1車位0,四層,七層,華廈(10層含以下有電梯),住家用,751126.0,103.87,3,2,2,有,無,24700000,237797.0,,0.0,0,陽台外推；其他增建；,RPSNMLRJQHJGFCA28DA,78.36,0.32,14.4,有,,37.0
士林區,房地(土地+建物),通河西街一段９７號四樓,32.5,住,,,1130302,土地1建物1車位0,四層,四層,公寓(5樓含以下無電梯),住家用,571209.0,87.59,3,2,2,有,無,13500000,154127.0,,0.0,0,頂樓加蓋；,RPSNMLOJMHJGFEA77DA,87.59,0.0,0.0,無,,55.0
文山區,房地(土地+建物)+車位,木新路二段１２１號七樓,37.34,住,,,1130324,土地1建物1車位1,七層,七層,華廈(10層含以下有電梯),住家用,1001222.0,176.18,2,2,2,有,有,32450000,189331.0,升降機械,12.71,1500000,陽台外推；其他增建；,RPOOMLMJPHJGFAA17DA,82.75,9.83,8.69,有,2596.0,12.0
大安區,房地(土地+建物),和平東路三段４０６巷１７號七樓,23.69,住,,,1130310,土地1建物1車位0,七層,七層,華廈(10層含以下有電梯),住家用,730504.0,123.07,3,2,2,有,無,30500000,247826.0,,0.0,0,陽台外推；頂樓加蓋；其他增建；,RPXOMLOJPHJGFFA78DA,90.75,0.0,14.57,有,,40.0
中山區,房地(土地+建物),松江路１９４巷３２號五樓,31.5,住,,,1130320,土地3建物1車位0,五層,六層,華廈(10層含以下有電梯),住家用,660202.0,119.59,3,2,2,有,無,27300000,228280.0,,0.0,0,其他增建；,RPSOMLMJQHJGFCA87DA,93.2,0.0,13.38,有,,47.0
文山區,房地(土地+建物)+車位,木新路三段８１號四樓,20.11,住,,,1130309,土地1建物1車位1,四層,六層,華廈(10層含以下有電梯),住家用,1020910.0,143.59,1,2,1,有,有,24680000,229654.0,坡道平面,47.01,2500000,其他增建；,RPSQMLLKLHJGFAA37DA,56.21,7.92,3.02,有,2597.0,10.0
文山區,房地(土地+建物)+車位,汀州路四段２０３號五樓,24.4,住,,,1130318,土地1建物1車位1,五層,十四層,住宅大樓(11層含以上有電梯),住家用,991105.0,126.51,3,2,2,有,有,24000000,189708.0,坡道平面,0.0,0,1.出賣人出售建物2/3及坐落土地應有持分；2.出賣人持分遭強制執行在案由買方給付價金逐一清償債務；3.車位須定期抽籤無固定位置。,RPXNMLRLNHJGFAA48DA,68.6,0.0,7.85,有,1511.0,13.0
北投區,房地(土地+建物)+車位,石牌路二段３１５巷３４弄１號七樓之１,33.4,住,,,1130326,土地1建物1車位1,七層,十四層,住宅大樓(11層含以上有電梯),住家用,1040804.0,165.2,3,2,2,有,有,34600000,242998.0,坡道平面,33.1,2500000,,RPQNMLKKQHJGFEA67DA,78.35,7.36,7.28,有,2599.0,9.0
南港區,房地(土地+建物),研究院路一段１７９號二樓,21.97,住,,,1130310,土地1建物1車位0,二層,五層,公寓(5樓含以下無電梯),住家用,710630.0,83.29,3,2,1,有,無,17000000,204106.0,,0.0,0,其他增建；,RPXOMLNKQHJGFDA68DA,70.34,0.0,12.95,無,2600.0,42.0
信義區,房地(土地+建物)+車位,信安街１６８號九樓之１１,13.06,住,,,1130316,土地1建物1車位1,九層,十二層,住宅大樓(11層含以上有電梯),住家用,1121220.0,94.96,0,0,0,無,有,22200000,347336.0,坡道平面,39.97,3100000,預售屋、或土地及建物分件登記案件；,RPWNMLNKPHJGFDA38DA,31.58,0.7,3.03,有,,
信義區,房地(土地+建物)+車位,信安街１６８號十一樓之９,28.1,住,,,1130305,土地1建物1車位2,十一層,十二層,住宅大樓(11層含以上有電梯),住家用,1121220.0,206.91,2,1,2,有,有,52680000,362133.0,坡道平面,79.94,6700000,預售屋、或土地及建物分件登記案件；,RPQNMLLLPHJGFDA67DA,70.11,8.37,4.57,有,,
中山區,房地(土地+建物),吉林路４２８號,98.0,住,,,1130328,土地1建物1車位0,全,四層,透天厝,住家用,580410.0,299.48,9,0,9,有,無,80000000,267130.0,,0.0,0,頂樓加蓋；,RPQNMLLJRHJGFCA57DA,299.48,0.0,0.0,無,2601.0,55.0
北投區,房地(土地+建物)+車位,中央北路四段５４０巷１弄１７號,132.75,住,,,1130318,土地1建物1車位1,全,三層,透天厝,住家用,940728.0,274.34,5,2,3,有,有,44370000,161734.0,其他,0.0,0,陽台外推；其他增建；,RPSNMLKLPHJGFEA87DA,223.87,1.59,14.23,無,2602.0,19.0
萬華區,房地(土地+建物),長泰街７３巷６弄１８號三樓,28.0,住,,,1130307,土地1建物1車位0,三層,四層,公寓(5樓含以下無電梯),住家用,610822.0,85.13,3,2,2,有,無,14500000,170328.0,,0.0,0,其他增建；,RPQNMLNJRHJGFBA77EA,81.33,0.0,3.8,無,2603.0,52.0
南港區,房地(土地+建物)+車位,經貿二路１５７巷３６弄１１２號九樓,46.1,住,,,1130216,土地1建物1車位1,九層,二十一層,住宅大樓(11層含以上有電梯),住家用,1030306.0,282.87,4,2,2,有,有,69000000,243928.0,坡道平面,45.17,0,,RPSNMLOJOHJGFDA97EA,144.66,11.86,12.92,有,2606.0,10.0
文山區,房地(土地+建物)+車位,辛亥路四段１６６巷３１號二樓,24.51,住,,,1130205,土地1建物1車位1,二層,十層,華廈(10層含以下有電梯),住家用,1071026.0,135.01999999999998,2,2,1,有,有,29000000,273396.0,坡道平面,39.92,3000000,其他增建；,RPQOMLNLNHJGFAA47DA,59.03,0.0,4.44,有,,5.0
內湖區,房地(土地+建物),安康路４３４巷２０弄３２號五樓,11.65,住,,,1130204,土地1建物1車位0,五層,八層,華廈(10層含以下有電梯),住家用,850613.0,35.0,1,1,1,有,有,8400000,240000.0,,0.0,0,其他增建；,RPUOMLKLNHJGFCA77DA,20.52,0.0,2.97,有,,28.0
內湖區,房地(土地+建物)+車位,康樂街１９９號三樓之２,49.23,住,,,1130225,土地1建物1車位1,三層,五層,華廈(10層含以下有電梯),住家用,1010204.0,136.89,2,2,1,有,有,25000000,227204.0,坡道平面,37.86,2500000,陽台外推；,RPQNMLLKOHJGFCA47EA,56.81,4.88,7.77,有,,12.0
大同區,房地(土地+建物),延平北路三段１０４巷２弄４號五樓,32.3,住,,,1130222,土地1建物1車位0,五層,五層,公寓(5樓含以下無電梯),住家用,740214.0,106.81,2,0,2,有,無,11760000,110102.0,,0.0,0,陽台外推；其他增建；,RPWRMLSJMHJGFBA68DA,96.46,0.0,10.35,無,,39.0
內湖區,房地(土地+建物),康寧路三段１８９巷１４１弄４號六樓,37.96,住,,,1130228,土地2建物1車位0,六層,十層,華廈(10層含以下有電梯),住家用,840612.0,142.12,3,2,2,有,有,29800000,209682.0,,0.0,0,陽台外推；其他增建；,RPPOMLSLNHJGFCA08DA,92.44,0.0,10.72,有,2607.0,29.0
士林區,房地(土地+建物)+車位,天母北路５６號二十四樓之２,22.52,住,,,1130204,土地1建物1車位2,二十四層,二十四層,住宅大樓(11層含以上有電梯),住家用,1090703.0,261.64,0,0,0,無,有,66600000,340106.0,坡道平面,77.58,4000000,,RPWNMLLJLHJGFEA77DA,95.03,13.67,11.43,有,,4.0
信義區,房地(土地+建物),大道路６１號三樓,28.75,住,,,1130228,土地1建物1車位0,三層,四層,公寓(5樓含以下無電梯),住家用,601213.0,78.08,4,2,1,有,無,20180000,258453.0,,0.0,0,其他增建；,RPWNMLQJNHJGFDA38DA,78.08,0.0,0.0,無,,52.0
中正區,房地(土地+建物),仁愛路二段６５巷１５號五樓,15.6,住,,,1130201,土地1建物1車位0,五層,五層,公寓(5樓含以下無電梯),住家用,730913.0,58.86,1,1,1,有,無,15360000,260958.0,,0.0,0,陽台外推；頂樓加蓋；,RPXOMLKLNHJGFBA97DA,48.51,1.28,5.89,無,,39.0
南港區,房地(土地+建物)+車位,經貿二路２５５巷１１號六樓,28.36,住,,,1130220,土地1建物1車位1,六層,十三層,住宅大樓(11層含以上有電梯),住家用,991201.0,147.07,1,2,2,有,有,32080000,218127.0,坡道平面,47.29,0,夾層；其他增建；,RPOOMLMLNHJGFDA47DA,56.12,1.86,8.13,有,2609.0,13.0
北投區,房地(土地+建物),中央北路二段３５０巷７０號十四樓,45.5,住,,,1130218,土地1建物1車位0,十四層,十四層,住宅大樓(11層含以上有電梯),住家用,1040724.0,183.36,3,2,2,有,有,26300000,143434.0,,0.0,0,,RPQQMLNKOHJGFEA08DA,98.33,0.0,11.5,有,2610.0,9.0
文山區,房地(土地+建物)+車位,忠順街二段８５巷１５號五樓,25.51,住,,,1130225,土地1建物1車位1,五層,十五層,住宅大樓(11層含以上有電梯),住家用,1020103.0,207.91,4,2,2,有,有,46900000,236724.0,坡道平面,20.35,2500000,陽台外推；其他增建；,RPTNMLNJOHJGFAA57DA,110.87,8.51,11.09,有,2611.0,11.0
大安區,房地(土地+建物),安和路二段１０４號三樓之１,13.28,住,,,1130227,土地1建物2車位0,三層,七層,華廈(10層含以下有電梯),住家用,681017.0,72.03,2,2,1,有,無,24780000,344023.0,,0.0,0,其他增建；,RPWOMLTLNHJGFFA56DA,52.5,0.0,4.32,有,,44.0
文山區,房地(土地+建物)+車位,秀明路一段１２９巷６８弄２號五樓,160.16,住,,,1130205,土地1建物1車位2,五層,五層,華廈(10層含以下有電梯),住家用,1070302.0,267.47,4,2,2,有,有,54000000,246670.0,坡道平面,70.04,5300000,,RPRNMLTKOHJGFAA08DA,126.9,0.0,10.94,有,,6.0
北投區,房地(土地+建物)+車位,新民路１巷５號六樓,62.19,住,,,1130206,土地2建物1車位1,六層,六層,華廈(10層含以下有電梯),住家用,710226.0,271.75,2,2,1,有,有,20000000,73597.0,坡道平面,39.96,0,,RPQOMLRKOHJGFEA28DA,196.4,0.0,17.04,有,,42.0
士林區,房地(土地+建物),中山北路六段４１８號二樓,22.8,住,,,1130212,土地1建物1車位0,二層,四層,公寓(5樓含以下無電梯),住家用,610322.0,75.86,0,0,0,無,無,18400000,242552.0,,0.0,0,,RPPNMLSKOHJGFEA28EA,75.86,0.0,0.0,無,2612.0,52.0
士林區,房地(土地+建物),中山北路六段４１８號三樓,22.8,住,,,1130225,土地1建物1車位0,三層,四層,公寓(5樓含以下無電梯),住家用,610322.0,75.86,1,1,1,有,無,18100000,238597.0,,0.0,0,,RPQNMLSKOHJGFEA38EA,75.86,0.0,0.0,無,2613.0,52.0
中正區,房地(土地+建物)+車位,重慶南路三段３９號十六樓,42.42,住,,,1130207,土地2建物1車位2,十六層,二十一層,住宅大樓(11層含以上有電梯),住家用,1100915.0,282.04,3,2,2,有,有,99380000,451546.0,坡道平面,78.34,7400000,,RPWOMLPJOHJGFAA18DA,108.88,10.6,11.95,有,,2.0
北投區,房地(土地+建物)+車位,稻香路１６１巷１６弄６號三樓,71.05,住,,,1130220,土地1建物1車位1,三層,五層,華廈(10層含以下有電梯),住家用,1100902.0,164.82999999999998,3,2,2,有,有,30000000,215561.0,坡道平面,35.4,2100000,含裝潢設備及家電,RPTNMLSKOHJGFEA58DA,72.49,6.02,5.83,有,,2.0
大同區,房地(土地+建物),承德路三段２１４巷４號四樓,42.44,住,,,1130219,土地1建物1車位0,四層,五層,公寓(5樓含以下無電梯),住家用,770307.0,144.16,4,2,2,有,無,25000000,173418.0,,0.0,0,陽台外推；其他增建；,RPPOMLOLNHJGFBA57DA,112.63,7.7,11.87,無,,36.0
松山區,房地(土地+建物),民權東路三段１６０巷２號七樓之７,17.85,住,,,1130224,土地1建物1車位0,七層，八層,十二層,住宅大樓(11層含以上有電梯),住家用,690801.0,76.29,2,2,2,有,有,22200000,290995.0,,0.0,0,現有停車位使用，但需定期抽籤。,RPOOMLTKOHJGFDA18DA,73.22,0.0,3.07,有,2616.0,44.0
文山區,房地(土地+建物),萬芳路１０５巷３５號八樓,51.79,住,,,1130218,土地5建物1車位0,八層,十二層,住宅大樓(11層含以上有電梯),住家用,850215.0,79.86000000000001,1,1,1,有,有,19200000,240421.0,,0.0,0,,RPRNMLLJOHJGFAA17DA,59.19,1.45,7.65,有,,28.0
內湖區,房地(土地+建物)+車位,文湖街２１巷９８弄６號二樓之５,10.6,住,,,1130223,土地1建物1車位1,二層,八層,華廈(10層含以下有電梯),住家用,970124.0,66.06,1,1,1,有,有,11260000,170451.0,坡道機械,14.59,0,,RPPNMLSJLHJGFCA57DA,28.88,4.76,0.0,有,,16.0
信義區,房地(土地+建物),永吉路２００巷６１弄２號四樓,9.8,住,,,1130205,土地1建物1車位0,四層,五層,華廈(10層含以下有電梯),住家用,1040723.0,50.78,1,1,1,有,無,14900000,293423.0,,0.0,0,陽台外推；夾層；其他增建；,RPOOMLOJOHJGFDA57DA,21.09,1.99,4.14,有,2618.0,9.0
北投區,房地(土地+建物),公路７７號,44.25,住,,,1130222,土地1建物1車位0,一層，平台，地下層,四層,公寓(5樓含以下無電梯),住家用,650826.0,198.33,1,1,1,有,無,37000000,186558.0,,0.0,0,,RPQNMLMJPHJGFEA67DA,198.33,0.0,0.0,無,,47.0
北投區,房地(土地+建物),公路７７號二樓,44.25,住,,,1130222,土地1建物1車位0,二層，陽臺,四層,公寓(5樓含以下無電梯),住家用,650826.0,117.75,3,1,2,有,無,18000000,152866.0,,0.0,0,,SPQNMLMJPHJGFEA77DA,117.75,0.0,0.0,無,,47.0
文山區,房地(土地+建物),木柵路四段１３９號二樓之２,45.35,住,,,1130220,土地2建物1車位0,二層,十九層,住宅大樓(11層含以上有電梯),住家用,1000214.0,149.9,4,2,2,有,有,32650000,217812.0,,0.0,0,其他增建；,RPTNMLMLOHJGFAA67DA,90.91,6.89,7.03,有,,13.0
中正區,房地(土地+建物),臨沂街５０之２號三樓,25.51,住,,,1130225,土地2建物1車位0,三層,五層,公寓(5樓含以下無電梯),住家用,740116.0,94.22,3,2,2,有,無,24000000,254723.0,,0.0,0,陽台外推；其他增建；,RPPNMLPLKHJGFBA27DA,83.3,0.0,8.3,無,,39.0
中山區,房地(土地+建物),市民大道三段１６９號四樓之６,8.91,住,,,1130222,土地1建物1車位0,四層,十三層,住宅大樓(11層含以上有電梯),住家用,970602.0,68.5,1,1,1,有,有,13500000,197080.0,,0.0,0,,RPWPMLQKPHJGFCA78DA,24.5,1.9,3.41,有,2619.0,16.0
大安區,房地(土地+建物),敦化南路二段７７號二十樓之２,63.79,住,,,1130202,土地2建物3車位0,二十層,二十二層,住宅大樓(11層含以上有電梯),住家用,730709.0,768.47,9,1,0,有,有,262680000,341822.0,,0.0,0,土地價格：218534531元整、建物價格：44145469元整。,RPWNMLTKPHJGFFA56DA,590.96,0.0,0.0,有,,40.0
大安區,房地(土地+建物),敦化南路一段１８７巷３８號四樓,38.97,住,,,1130221,土地1建物1車位0,四層,六層,華廈(10層含以下有電梯),住家用,760511.0,164.29,3,3,2,有,有,54000000,328687.0,,0.0,0,,RPUNMLPJQHJGFFA58DA,133.33,2.03,20.23,有,,37.0
北投區,房地(土地+建物)+車位,中央北路二段３５０巷９２號九樓,47.75,住,,,1130204,土地1建物1車位1,九層,十四層,住宅大樓(11層含以上有電梯),住家用,1040724.0,192.35,3,2,2,有,有,29800000,154926.0,坡道平面,0.0,0,其他增建：後陽台加裝鐵鋁窗。依土地法第34條之1處分其他增建；,RPTNMLNJMHJGFEA77DA,104.03,0.0,11.14,有,2622.0,9.0
文山區,房地(土地+建物)+車位,富山路７號十三樓,15.84,住,,,1130206,土地1建物1車位1,十三層,十五層,住宅大樓(11層含以上有電梯),住家用,1130530.0,95.99,2,2,2,有,有,22250000,251074.0,坡道機械,14.54,1800000,預售屋、或土地及建物分件登記案件；,RPTNMLOKQHJGFAA97DA,50.17,0.0,4.49,有,,
內湖區,房地(土地+建物)+車位,金湖路３６７巷３弄９號七樓,40.73,住,,,1130224,土地1建物1車位1,七層,十層,華廈(10層含以下有電梯),住家用,950321.0,214.83,4,2,2,有,有,47500000,221105.0,坡道平面,47.46,0,陽台外推；其他增建；,RPWOMLMJQHJGFCA28DA,108.65,4.61,10.63,有,,18.0
文山區,房地(土地+建物),羅斯福路五段２１８巷１８弄３號五樓,29.89,住,,,1130225,土地1建物1車位0,五層,五層,公寓(5樓含以下無電梯),住家用,680404.0,102.26,3,2,2,有,無,19300000,188735.0,,0.0,0,陽台加窗其他增建；,RPPNMLPKQHJGFAA67DA,90.71,0.0,11.55,無,,45.0
中山區,房地(土地+建物),吉林路１９９巷１９號,36.5,住,,,1130225,土地1建物1車位0,一層,四層,公寓(5樓含以下無電梯),住家用,610220.0,97.18,1,3,1,有,無,29300000,301502.0,,0.0,0,其他增建；,RPPNMLPLKHJGFCA37DA,97.18,0.0,0.0,無,,52.0
文山區,房地(土地+建物)+車位,辛亥路四段２１巷２２號二樓,56.78,住,,,1130126,土地4建物1車位1,二層,十八層,住宅大樓(11層含以上有電梯),住家用,840801.0,161.71,3,2,2,有,有,23860000,147539.0,坡道平面,0.0,0,陽台外推；其他增建；,RPUNMLTLNHJGFAA38DA,94.6,3.51,9.32,有,2626.0,28.0
松山區,房地(土地+建物),南京東路五段６６巷４號六樓之１,10.95,住,,,1130107,土地1建物2車位0,六層,七層,華廈(10層含以下有電梯),住家用,700413.0,57.15,2,0,1,有,無,15500000,271216.0,,0.0,0,陽台外推；其他增建；,RPPNMLLMNHJGFDA47DA,39.91,0.0,7.23,有,2627.0,43.0
大同區,房地(土地+建物),南京西路４４８號二樓之３,9.47,住,,,1130120,土地2建物1車位0,二層,十二層,住宅大樓(11層含以上有電梯),住家用,1120526.0,63.989999999999995,0,0,1,有,有,19090000,298328.0,,0.0,0,,RPTOMLRLKHJGFBA97DA,37.14,0.0,4.15,有,,1.0
文山區,房地(土地+建物)+車位,木柵路一段５９巷２０號八樓,31.48,住,,,1130118,土地1建物1車位1,八層,十二層,住宅大樓(11層含以上有電梯),住家用,961029.0,179.01,3,2,2,有,有,30500000,182756.0,坡道機械,21.97,1800000,,RPROMLOJOHJGFAA57DA,90.24,5.21,3.55,有,2628.0,16.0
松山區,房地(土地+建物)+車位,延壽街１８巷２１號八樓,16.04,住,,,1130114,土地1建物1車位1,八層,十一層,住宅大樓(11層含以上有電梯),住家用,1070327.0,140.32999999999998,2,2,2,有,有,36800000,333236.0,升降平面,37.4,2500000,,RPPNMLQJNHJGFDA67DA,61.04,2.54,5.05,有,2629.0,6.0
中山區,房地(土地+建物)+車位,北安路４５８巷４１弄６０號八樓,20.5,住,,,1130115,土地1建物1車位1,八層,十六層,住宅大樓(11層含以上有電梯),住家用,1110419.0,155.32,2,2,2,有,有,58000000,476357.0,坡道平面,40.91,3500000,,RPWNMLTKOHJGFCA78DA,66.83,0.0,5.93,有,,2.0
北投區,房地(土地+建物)+車位,稻香路２３１號三樓,47.96,住,,,1130124,土地1建物1車位1,三層,五層,華廈(10層含以下有電梯),住家用,1101015.0,124.09,2,2,1,有,有,19200000,205554.0,坡道平面,40.9,2100000,含裝潢設備及家電,RPRNMLSKOHJGFEA38DA,45.6,3.7,4.92,有,,2.0
大同區,房地(土地+建物)+車位,南京西路４４８號二樓,16.28,住,,,1130128,土地2建物1車位1,二層,十二層,住宅大樓(11層含以上有電梯),住家用,1120526.0,141.07999999999998,2,2,1,有,有,31120000,263485.0,坡道機械,31.7,2300000,,RPUOMLRLKHJGFBA08DA,62.09,4.3,4.17,有,,1.0
內湖區,房地(土地+建物),環山路二段２６巷１９號三樓,28.46,住,,,1130120,土地2建物1車位0,三層,五層,公寓(5樓含以下無電梯),住家用,701001.0,105.64,3,2,2,有,無,16500000,156191.0,,0.0,0,陽台外推；未登記建物；,RPQPMLRLNHJGFCA18DA,83.42,0.0,11.44,無,,42.0
萬華區,房地(土地+建物),長順街１２３巷２３號三樓,27.9,住,,,1130121,土地1建物1車位0,三層,五層,公寓(5樓含以下無電梯),住家用,721227.0,117.62,3,2,1,有,無,14100000,119878.0,,0.0,0,陽台外推；,RPPNMLLMNHJGFBA27DA,95.73,0.0,12.29,無,,40.0
南港區,房地(土地+建物)+車位,舊莊街一段２６５號三樓之１,16.86,住,,,1130129,土地1建物1車位1,三層,七層,華廈(10層含以下有電梯),住家用,1061228.0,88.86,2,1,1,有,無,15800000,209524.0,塔式車位,20.61,1500000,夾層；其他增建；,RPPNMLKKNHJGFDA17DA,34.84,3.63,3.85,有,2633.0,6.0
中正區,房地(土地+建物),中華路二段１３９號三樓,20.66,住,,,1130105,土地1建物2車位0,三層,七層,華廈(10層含以下有電梯),住家用,760822.0,116.11,3,2,2,有,有,21170000,182327.0,,0.0,0,,RPTOMLNJPHJGFAA77DA,88.71,0.0,9.9,有,,36.0
中正區,房地(土地+建物),中華路二段１４１號三樓,13.78,住,,,1130105,土地1建物2車位0,三層,七層,華廈(10層含以下有電梯),住家用,760822.0,80.23,2,1,1,有,有,14630000,182351.0,,0.0,0,,RPVNMLOJPHJGFAA97DA,57.28,0.0,8.76,有,,36.0
松山區,房地(土地+建物),民權東路三段１０６巷３弄２８號三樓,21.93,住,,,1130123,土地3建物1車位0,三層,七層,華廈(10層含以下有電梯),住家用,681208.0,133.23,4,2,2,有,有,36980000,277565.0,,0.0,0,,RPRNMLPJOHJGFDA97EA,116.03,0.0,13.97,有,,44.0
文山區,房地(土地+建物),木柵路三段８５巷１４弄１號三樓,44.88,住,,,1130122,土地1建物1車位0,三層,四層,公寓(5樓含以下無電梯),住家用,610915.0,108.46,4,2,2,有,無,15800000,145676.0,,0.0,0,陽台外推；其他增建；,RPPOMLNJOHJGFAA27DA,96.49,0.0,11.97,無,2634.0,51.0
內湖區,房地(土地+建物),成功路二段３１２巷７號三樓,32.75,住,,,1130126,土地1建物1車位0,三層,四層,公寓(5樓含以下無電梯),住家用,670113.0,87.69,2,2,2,有,無,16900000,192724.0,,0.0,0,陽台外推；,RPSOMLPKPHJGFCA18DA,73.92,0.0,13.77,無,,46.0
信義區,房地(土地+建物)+車位,信安街１６８號十樓之１０,12.25,住,,,1130106,土地1建物1車位1,十層,十二層,住宅大樓(11層含以上有電梯),住家用,1121220.0,90.45,0,0,0,無,有,21140000,356379.0,坡道平面,39.97,3150000,預售屋、或土地及建物分件登記案件；,RPTOMLNKPHJGFDA18DA,28.77,0.63,3.06,有,,
信義區,房地(土地+建物)+車位,信安街１６８號十一樓之８,18.0,住,,,1130125,土地1建物1車位1,十一層,十二層,住宅大樓(11層含以上有電梯),住家用,1121220.0,129.67000000000002,2,1,1,有,有,34920000,352508.0,坡道平面,39.97,3300000,預售屋、或土地及建物分件登記案件；,RPPNMLLLPHJGFDA57DA,48.74,5.92,4.5,有,,
信義區,房地(土地+建物)+車位,信安街１６８號九樓之３,19.61,住,,,1130112,土地1建物1車位1,九層,十二層,住宅大樓(11層含以上有電梯),住家用,1121220.0,136.74,2,1,1,有,有,37000000,349798.0,坡道平面,39.97,3150000,依合約面積誤差賣方找補買方金額 48665元預售屋、或土地及建物分件登記案件；,RPUPMLTLPHJGFDA09DA,54.34,4.58,3.98,有,,
信義區,房地(土地+建物),松山路６５６巷２０號四樓,42.69,,,,1130120,土地3建物1車位0,四層,四層,公寓(5樓含以下無電梯),住家用,651209.0,98.07,2,1,1,有,無,9500000,96870.0,,0.0,0,,RPPNMLRJQHJGFDA18EA,51.45,0.0,6.9,無,,47.0
信義區,房地(土地+建物)+車位,信安街１６８號十樓之１,20.25,住,,,1130125,土地1建物1車位1,十層,十二層,住宅大樓(11層含以上有電梯),住家用,1121220.0,143.2,2,1,1,有,有,38200000,338080.0,坡道平面,39.97,3300000,預售屋、或土地及建物分件登記案件；,RPTNMLMLQHJGFDA18DA,56.51,6.93,4.38,有,,
信義區,房地(土地+建物)+車位,信安街１６８號十一樓之１０,12.25,住,,,1130120,土地1建物1車位1,十一層,十二層,住宅大樓(11層含以上有電梯),住家用,1121220.0,90.45,0,0,0,無,有,21450000,358558.0,坡道平面,39.97,3350000,預售屋、或土地及建物分件登記案件；,RPRNMLLLPHJGFDA77DA,28.77,0.63,3.06,有,,
南港區,房地(土地+建物),向陽路１６２巷３號四樓之１,28.65,住,,,1130127,土地1建物1車位0,四層,七層,華廈(10層含以下有電梯),住家用,960906.0,87.94,2,2,1,有,有,24000000,272913.0,,0.0,0,,RPPNMLLKQHJGFDA57DA,57.06,0.0,5.91,有,2640.0,16.0
中正區,房地(土地+建物)+車位,重慶南路三段４３號二十樓,44.68,住,,,1130102,土地2建物1車位3,二十層,二十一層,住宅大樓(11層含以上有電梯),住家用,1100915.0,326.96000000000004,3,2,2,有,有,111400000,473144.0,坡道平面,117.51,12300000,,RPQNMLQLQHJGFAA97DA,117.26,8.26,11.44,有,,2.0
北投區,房地(土地+建物)+車位,磺港路１０８號十樓,23.99,住,,,1121228,土地2建物1車位1,十層,十六層,住宅大樓(11層含以上有電梯),住家用,1120526.0,196.09,3,2,2,有,有,38000000,193789.0,坡道平面,40.63,0,,RPSNMLLMNHJGFEA87DA,93.48,0.0,9.61,有,,1.0
文山區,房地(土地+建物),興隆路二段２５２號十樓,14.02,,,,1121228,土地1建物1車位0,十層,十五層,住宅大樓(11層含以上有電梯),住家用,840105.0,86.45,2,2,1,有,有,18830000,217814.0,,0.0,0,陽台外推；其他增建；,RPPNMLRJOHJGFAA57DA,58.33,2.78,8.0,有,2641.0,29.0
文山區,房地(土地+建物)+車位,景華街１７６巷２號八樓,40.42,住,,,1121223,土地1建物1車位2,八層,十層,華廈(10層含以下有電梯),住家用,1021230.0,231.76,3,2,2,有,有,47870000,240875.0,坡道機械,43.82,2600000,其他增建；,RPSNMLRJOHJGFAA87DA,108.22,13.16,10.25,有,2642.0,10.0
北投區,房地(土地+建物)+車位,大業路４７２巷３號六樓之１,26.36,住,,,1121205,土地1建物1車位1,六層，電梯樓梯間,八層,華廈(10層含以下有電梯),住家用,840714.0,119.42,2,2,2,有,有,24250000,257851.0,升降平面,33.13,2000000,陽台外推；其他增建；,RPROMLSLNHJGFEA48DA,64.62,2.13,8.88,有,2643.0,28.0
萬華區,房地(土地+建物)+車位,民和街９８號十五樓,47.81,住,,,1121226,土地1建物1車位3,十五層,十五層,住宅大樓(11層含以上有電梯),住家用,1121213.0,387.21,4,2,3,有,無,69000000,212067.0,坡道平面,100.98,8300000,預售屋、或土地及建物分件登記案件；,RPXOMLSKOHJGFBA78DA,160.99,13.12,16.72,有,,
大安區,房地(土地+建物),仁愛路四段３４５巷４弄４７號二樓,37.86,住,,,1121227,土地1建物1車位0,二層,六層,華廈(10層含以下有電梯),住家用,620118.0,180.52,3,2,3,有,有,50500000,279747.0,,0.0,0,陽台外推；,RPUNMLLKPHJGFFA18DA,145.98,0.0,34.54,有,2646.0,51.0
北投區,房地(土地+建物),溫泉路６８巷２３弄５號五樓,38.58,住,,,1121217,土地1建物1車位0,五層,五層,公寓(5樓含以下無電梯),住家用,760207.0,122.04,3,2,2,有,有,10500000,86037.0,,0.0,0,依土地法第34條之1處分,RPTNMLSJMHJGFEA28DA,96.49,14.25,8.43,無,,37.0
士林區,房地(土地+建物)+車位,中山北路七段１９０巷２８號四樓,81.99,住,,,1121231,土地2建物1車位1,四層,七層,華廈(10層含以下有電梯),住家用,730821.0,296.6,4,2,3,有,有,64880000,218746.0,坡道平面,0.0,2500000,陽台外推；,RPTNMLPKPHJGFEA38DA,208.56,0.0,29.04,有,,39.0
內湖區,房地(土地+建物),內湖路一段３２３巷２１弄２５號三樓,30.38,住,,,1121217,土地1建物1車位0,三層,四層,公寓(5樓含以下無電梯),住家用,661201.0,58.8,2,1,1,有,無,13680000,232653.0,,0.0,0,陽台外推；其他增建；,RPXOMLKMNHJGFCA18DA,43.58,0.0,7.85,無,2647.0,46.0
文山區,房地(土地+建物)+車位,政大二街９３之１號,135.4,住,,,1121104,土地1建物1車位1,一層,五層,華廈(10層含以下有電梯),住家用,971111.0,261.35,2,2,2,有,有,45000000,186739.0,坡道平面,33.76,2500000,陽台外推；其他增建；,RPWNMLQJNHJGFAA08DA,153.0,12.64,11.77,有,,15.0
萬華區,房地(土地+建物)+車位,民和街９６號三樓之１,33.79,住,,,1121127,土地1建物1車位1,三層,十五層,住宅大樓(11層含以上有電梯),住家用,1121213.0,236.61,4,2,2,有,無,42580000,196377.0,坡道平面,34.04,2800000,預售屋、或土地及建物分件登記案件；,RPTNMLTKOHJGFBA38DA,112.36,12.13,10.5,有,,
中正區,房地(土地+建物)+車位,詔安街５３號,17.09,住,,,1121103,土地1建物1車位1,一層,十一層,住宅大樓(11層含以上有電梯),住家用,1130402.0,122.66,3,2,2,有,有,27200000,221751.0,其他,0.0,1900000,預售屋、或土地及建物分件登記案件；,RPVOMLOKOHJGFAA18EA,52.66,0.0,4.1,有,,
文山區,房地(土地+建物),溪洲街６５號十一樓之２,15.4,住,,,1121118,土地1建物1車位0,十一層,十五層,住宅大樓(11層含以上有電梯),住家用,1130219.0,86.77,2,1,1,有,有,22350000,257578.0,,0.0,0,,RPWNMLKKPHJGFAA77DA,48.45,3.62,4.44,有,2648.0,
大安區,房地(土地+建物),延吉街１３５號之２六樓,15.54,住,,,1121127,土地3建物1車位0,六層,七層,華廈(10層含以下有電梯),住家用,720108.0,101.31,2,2,2,有,無,34500000,340539.0,,0.0,0,陽台外推；其他增建；,RPSNMLPJPHJGFFA28DA,67.2,0.0,25.13,有,2649.0,41.0
中正區,建物,林森北路９巷９號三樓之２,0.0,,,,1121112,土地0建物1車位0,三層,六層,華廈(10層含以下有電梯),住家用,660106.0,36.74,1,0,1,有,有,5150000,140174.0,,0.0,0,建物坐落地號：成功段一小段240地號；其他增建；含租約；,RPUNMLNKOHJGFBA87DA,32.06,0.0,4.68,有,,47.0
萬華區,房地(土地+建物)+車位,民和街９８號十三樓之３,17.15,住,,,1121008,土地1建物1車位1,十三層,十五層,住宅大樓(11層含以上有電梯),住家用,1121213.0,136.69,2,2,1,有,無,27050000,236240.0,坡道平面,34.04,2800000,預售屋、或土地及建物分件登記案件；,RPPNMLMKOHJGFBA27DA,58.64,5.04,4.8,有,,
中山區,房地(土地+建物),復興北路１９２號三樓之１,16.19,住,,,1121016,土地1建物1車位0,三層,十五層,住宅大樓(11層含以上有電梯),住家用,750609.0,84.7,2,2,1,有,有,24500000,289256.0,,0.0,0,陽台外推；其他增建；,RPXOMLTLNHJGFCA98DA,65.97,0.0,5.58,有,2652.0,37.0
中山區,房地(土地+建物),興安街８８號六樓之１,16.19,住,,,1121001,土地1建物1車位0,六層,六層,華廈(10層含以下有電梯),住家用,750609.0,84.7,2,2,1,有,有,24380000,287839.0,,0.0,0,其他增建；,RPWNMLKMNHJGFCA97DA,65.97,0.0,5.58,有,2653.0,37.0
內湖區,房地(土地+建物),內湖路三段６０巷１２弄４４號四樓,26.79,住,,,1121014,土地1建物1車位0,四層,四層,公寓(5樓含以下無電梯),住家用,670913.0,69.74,2,2,1,有,無,13380000,191855.0,,0.0,0,頂樓加蓋；其他增建；,RPPNMLNJNHJGFCA27DA,59.91,0.0,9.83,無,2654.0,45.0
信義區,房地(土地+建物),虎林街１６４巷６０弄１２號四樓,35.75,住,,,1121028,土地1建物1車位0,四層,四層,公寓(5樓含以下無電梯),住家用,610414.0,98.71,3,2,1,有,無,21670000,219532.0,,0.0,0,其他增建；,RPWNMLQJOHJGFDA48DA,87.65,0.0,11.06,無,2655.0,52.0
信義區,房地(土地+建物)+車位,信安街１６８號十一樓之１１,13.06,住,,,1121020,土地1建物1車位1,十一層,十二層,住宅大樓(11層含以上有電梯),住家用,1121220.0,95.06,0,0,0,無,有,22450000,346705.0,坡道平面,39.97,3350000,預售屋、或土地及建物分件登記案件；,RPSNMLLLPHJGFDA87DA,31.58,0.7,3.03,有,,
萬華區,房地(土地+建物)+車位,民和街９６號四樓之２,36.22,住,,,1120924,土地1建物1車位1,四層,十五層,住宅大樓(11層含以上有電梯),住家用,1121213.0,250.95,4,2,2,有,無,45000000,195012.0,坡道平面,34.04,2700000,預售屋、或土地及建物分件登記案件；,RPPNMLSLOHJGFBA97DA,120.47,7.72,16.44,有,,
信義區,房地(土地+建物)+車位,松高路８６號八樓,75.88,住,,,1120924,土地1建物1車位2,八層,十四層,住宅大樓(11層含以上有電梯),住家用,861126.0,315.58,4,2,2,有,有,106710000,338139.0,坡道平面,0.0,8000000,,RPVNMLTKOHJGFDA78DA,151.88,5.26,17.87,有,,26.0
信義區,房地(土地+建物),福德街１３７巷８弄５號五樓,29.36,住,,,1120905,土地1建物1車位0,五層,五層,公寓(5樓含以下無電梯),住家用,740827.0,104.76,3,2,2,有,有,15300000,146048.0,,0.0,0,,RPVNMLQKPHJGFDA58DA,92.59,0.0,8.94,無,,38.0
北投區,房地(土地+建物)+車位,三合街一段８２巷１１２號九樓,19.17,住,,,1120924,土地1建物1車位1,九層,九層,華廈(10層含以下有電梯),住家用,1070423.0,136.48000000000002,2,2,1,有,有,25700000,268394.0,坡道平面,50.04,2500000,,RPSNMLOLRHIGFEA38DA,50.79,0.0,4.15,有,2657.0,5.0
信義區,房地(土地+建物)+車位,信安街１６８號十一樓之６,15.1,住,,,1120914,土地1建物1車位1,十一層,十二層,住宅大樓(11層含以上有電梯),住家用,1121220.0,112.48,2,1,1,有,有,29000000,357192.0,坡道平面,39.97,3100000,預售屋、或土地及建物分件登記案件；,RPQOMLLLPHJGFDA77DA,39.73,2.13,5.76,有,,
文山區,房地(土地+建物)+車位,辛亥路六段３１號六樓之３,20.86,住,,,1120810,土地2建物1車位2,六層,十四層,住宅大樓(11層含以上有電梯),住家用,970521.0,132.43,2,2,1,有,有,20380000,209074.0,坡道機械,46.92,2500000,,RPSNMLOKOHJGFAA67DA,51.69,4.12,2.74,有,,15.0
中正區,房地(土地+建物)+車位,金山南路一段９６號二樓,24.37,住,,,1120717,土地1建物1車位1,二層,七層,華廈(10層含以下有電梯),住家用,1130123.0,157.68,3,2,2,有,無,53970000,405435.0,升降機械,30.73,2500000,,RPPNMLNKOHJGFBA47EA,74.85,0.0,6.07,有,,
士林區,房地(土地+建物),葫蘆街１３８號四樓,41.78,住,,,1120607,土地1建物1車位0,四層，電梯樓梯間,七層,華廈(10層含以下有電梯),住家用,860127.0,126.0,3,2,2,有,無,22450000,178175.0,,0.0,0,陽台外推；其他增建；,RPSNMLLJOHJGFEA67DA,95.78,6.81,11.29,有,,26.0
信義區,房地(土地+建物)+車位,信安街１６８號十樓之５,15.49,住,,,1120602,土地1建物1車位1,十層,十二層,住宅大樓(11層含以上有電梯),住家用,1121220.0,112.93,2,1,1,有,有,28170000,347725.0,坡道平面,39.97,2800000,依合約面積誤差賣方找補買方金額7460元預售屋、或土地及建物分件登記案件；,RPROMLLLPHJGFDA87DA,40.01,2.02,5.86,有,,
松山區,房地(土地+建物),南京東路四段５２巷３號五樓之１,12.01,住,,,1120605,土地1建物1車位0,五層,七層,華廈(10層含以下有電梯),住家用,1121215.0,60.17,1,0,1,有,有,21700000,360645.0,,0.0,0,預售屋、或土地及建物分件登記案件；,RPVNMLTLPHJGFDA09EA,34.38,0.0,3.32,有,,
松山區,房地(土地+建物)+車位,南京東路四段５２巷３號七樓,11.53,住,,,1120616,土地1建物1車位1,七層,七層,華廈(10層含以下有電梯),住家用,1121215.0,76.28,1,0,1,有,有,24080000,378809.0,塔式車位,18.52,2200000,車位所在樓層:地下二層,RPOOMLRJQHJGFDA18EA,30.24,0.0,5.96,有,,
萬華區,房地(土地+建物)+車位,民和街９８號十二樓之３,17.15,住,,,1120505,土地1建物1車位1,十二層,十五層,住宅大樓(11層含以上有電梯),住家用,1121213.0,136.69,2,2,1,有,無,26880000,235558.0,坡道平面,34.04,2700000,預售屋、或土地及建物分件登記案件；,RPUNMLQJOHJGFBA08DA,58.64,5.04,4.8,有,,
大同區,房地(土地+建物),南京西路４４８號八樓之３,13.23,住,,,1120514,土地2建物1車位0,八層,十二層,住宅大樓(11層含以上有電梯),住家用,1120526.0,89.44,2,2,1,有,有,26340000,294499.0,,0.0,0,,RPQOMLRLKHJGFBA67DA,52.04,2.83,2.84,有,,
南港區,房地(土地+建物),成福路２０９巷４號四樓,28.99,住,,,1120523,土地1建物1車位0,四層,五層,公寓(5樓含以下無電梯),住家用,671104.0,93.51,3,2,2,有,無,13000000,139023.0,,0.0,0,,RPPNMLNLOHJGFDA67DA,84.85,0.0,8.66,無,,45.0
信義區,房地(土地+建物)+車位,信安街１６８號十樓之６,15.41,住,,,1120531,土地1建物1車位1,十層,十二層,住宅大樓(11層含以上有電梯),住家用,1121220.0,112.48,2,1,1,有,有,27980000,347262.0,坡道平面,39.97,2800000,預售屋、或土地及建物分件登記案件；,RPPOMLNKPHJGFDA77DA,39.73,2.13,5.76,有,,
文山區,房地(土地+建物)+車位,富山路７號十四樓,15.84,住,,,1120519,土地1建物1車位1,十四層,十五層,住宅大樓(11層含以上有電梯),住家用,1130530.0,95.99,2,2,2,有,有,20950000,236955.0,坡道機械,14.54,1650000,預售屋、或土地及建物分件登記案件；,RPRNMLQLQHJGFAA18EA,50.17,0.0,4.49,有,,
萬華區,房地(土地+建物)+車位,民和街９６號八樓之２,36.22,住,,,1120424,土地1建物1車位1,八層,十五層,住宅大樓(11層含以上有電梯),住家用,1121213.0,250.95,4,2,2,有,無,47600000,207459.0,坡道平面,34.04,2600000,預售屋、或土地及建物分件登記案件；,RPXNMLQJOHJGFBA38DA,120.47,7.72,16.44,有,,
北投區,房地(土地+建物)+車位,北科路１８８號十一樓,47.03,住,,,1120414,土地1建物1車位1,十一層,十三層,住宅大樓(11層含以上有電梯),住家用,1130126.0,216.63,4,2,3,有,有,62600000,322930.0,坡道平面,32.07,3000000,113.4.9轉讓母金額不變預售屋、或土地及建物分件登記案件；,RPXNMLOKOHJGFEA58DA,109.62,0.0,10.95,有,,
信義區,房地(土地+建物),永吉路１８０巷６６弄６號三樓,32.75,住,,,1120403,土地1建物1車位0,三層，陽臺,四層,公寓(5樓含以下無電梯),住家用,630902.0,94.7,2,2,2,有,無,20300000,214361.0,,0.0,0,,RPVNMLLLNHJGFDA97DA,94.7,0.0,0.0,無,,49.0
萬華區,房地(土地+建物)+車位,民和街９８號四樓之３,17.15,住,,,1120422,土地1建物1車位1,四層,十五層,住宅大樓(11層含以上有電梯),住家用,1121213.0,136.69,2,2,1,有,無,23000000,198734.0,坡道平面,34.04,2600000,預售屋、或土地及建物分件登記案件；,RPQNMLTKOHJGFBA08DA,58.64,5.04,4.8,有,,
文山區,房地(土地+建物),辛亥路四段７７巷３１弄１５號,210.61,住,,,1120404,土地4建物1車位0,全,四層,透天厝,住家用,851107.0,401.85,7,2,4,有,有,49000000,121936.0,,0.0,0,其他增建；,RPUNMLTKOHJGFAA38DA,334.61,45.18,22.06,無,,26.0
松山區,房地(土地+建物),南京東路四段５２巷３號三樓,11.47,住,,,1120427,土地1建物1車位0,三層,七層,華廈(10層含以下有電梯),住家用,1121215.0,57.47,1,0,1,有,有,20000000,348008.0,,0.0,0,預售屋、或土地及建物分件登記案件；,RPRNMLTLPHJGFDA68EA,32.8,0.0,3.21,有,,
萬華區,房地(土地+建物)+車位,民和街９８號九樓之３,17.15,住,,,1120331,土地1建物1車位1,九層,十五層,住宅大樓(11層含以上有電梯),住家用,1121213.0,136.69,2,2,1,有,無,25150000,218704.0,坡道平面,34.04,2700000,預售屋、或土地及建物分件登記案件；,RPWNMLSKOHJGFBA58DA,58.64,5.04,4.8,有,,
萬華區,房地(土地+建物)+車位,民和街１００號十四樓之２,24.12,住,,,1120116,土地1建物1車位1,十四層,十五層,住宅大樓(11層含以上有電梯),住家用,1121213.0,178.7,3,2,2,有,無,34600000,219826.0,坡道平面,34.04,2800000,預售屋、或土地及建物分件登記案件；,RPTNMLPKPHJGFBA08DA,85.3,5.76,5.33,有,,
萬華區,房地(土地+建物)+車位,民和街９８號八樓之３,17.15,住,,,1120109,土地1建物1車位1,八層,十五層,住宅大樓(11層含以上有電梯),住家用,1121213.0,136.69,2,2,1,有,無,24500000,215295.0,坡道平面,34.04,2400000,預售屋、或土地及建物分件登記案件；,RPTNMLLLQHJGFBA87DA,58.64,5.04,4.8,有,,
萬華區,房地(土地+建物)+車位,民和街９８號八樓之２,19.55,住,,,1111203,土地1建物1車位1,八層,十五層,住宅大樓(11層含以上有電梯),住家用,1121213.0,151.08,3,2,2,有,無,27500000,213602.0,坡道平面,34.04,2500000,預售屋、或土地及建物分件登記案件；,RPSNMLQJOHJGFBA87DA,67.57,5.4,5.07,有,,
北投區,房地(土地+建物)+車位,北科路１８８號十二樓,47.03,住,,,1111210,土地1建物1車位1,十二層,十三層,住宅大樓(11層含以上有電梯),住家用,1130126.0,216.63,4,2,2,有,有,63000000,325098.0,坡道平面,32.07,3000000,預售屋、或土地及建物分件登記案件；,RPRNMLMLPHJGFEA97DA,109.62,0.0,10.95,有,,
中山區,房地(土地+建物)+車位,龍江路２７１巷２號,39.7,住,,,1111201,土地1建物1車位1,一層,七層,華廈(10層含以下有電梯),住家用,721202.0,192.87,3,1,2,有,無,66000000,342199.0,坡道平面,0.0,0,具重建或重劃、都更等效益；,RPPOMLMJQHJGFCA57DA,169.26,16.06,0.0,有,,39.0
松山區,房地(土地+建物),南京東路四段５２巷３號二樓之２,11.79,住,,,1111008,土地1建物1車位0,二層,七層,華廈(10層含以下有電梯),住家用,1121215.0,59.06999999999999,1,0,2,有,有,20120000,340613.0,,0.0,0,預售屋、或土地及建物分件登記案件；,RPXNMLTLPHJGFDA66EA,33.41,0.0,3.6,有,,
北投區,房地(土地+建物)+車位,北科路１８６號十一樓,38.37,住,,,1110914,土地1建物1車位1,十一層,十三層,住宅大樓(11層含以上有電梯),住家用,1130126.0,182.59,3,2,2,有,有,52600000,327531.0,坡道平面,32.07,3300000,預售屋、或土地及建物分件登記案件；,RPWNMLLJPHJGFEA18DA,92.31,0.0,6.0,有,,
信義區,房地(土地+建物)+車位,信安街１６８號十樓之３,19.61,住,,,1110915,土地1建物1車位1,十層,十二層,住宅大樓(11層含以上有電梯),住家用,1121220.0,136.92,2,1,1,有,有,37550000,352759.0,坡道平面,39.97,3350000,依合約面積誤差賣方找補買方金額 49241元預售屋、或土地及建物分件登記案件；,RPUNMLLLPHJGFDA08DA,54.34,4.58,3.98,有,,
信義區,房地(土地+建物)+車位,信安街１６８號十一樓之２,11.67,住,,,1110904,土地1建物1車位1,十一層,十二層,住宅大樓(11層含以上有電梯),住家用,1121220.0,87.66,0,0,0,無,有,20850000,372195.0,坡道平面,39.97,3100000,依合約面積誤差賣方找補買方金額 52057元預售屋、或土地及建物分件登記案件；,RPPOMLLLPHJGFDA67DA,26.78,0.0,4.13,有,,
北投區,房地(土地+建物)+車位,北科路１８８號三樓,47.03,住,,,1110807,土地1建物1車位1,三層,十三層,住宅大樓(11層含以上有電梯),住家用,1130126.0,216.63,4,2,3,有,有,61000000,312635.0,坡道平面,32.07,3300000,預售屋、或土地及建物分件登記案件；,RPTOMLRJQHJGFEA68DA,109.62,0.0,10.95,有,,
北投區,房地(土地+建物)+車位,北科路１８６號八樓,38.37,住,,,1110703,土地1建物1車位1,八層,十三層,住宅大樓(11層含以上有電梯),住家用,1130126.0,182.59,3,2,2,有,有,51300000,320888.0,坡道平面,32.07,3000000,預售屋、或土地及建物分件登記案件；,RPVNMLLJPHJGFEA08DA,92.31,0.0,6.0,有,,
萬華區,房地(土地+建物)+車位,民和街９６號三樓,33.61,住,,,1110725,土地1建物1車位1,三層,十五層,住宅大樓(11層含以上有電梯),住家用,1121213.0,235.65999999999997,4,2,2,有,無,40580000,188374.0,坡道平面,34.04,2600000,本預售屋於112年7月19日辦理換約，換約成交價格為新台幣4200萬元。預售屋、或土地及建物分件登記案件；,RPWNMLTJPHJGFBA68DA,112.56,12.13,9.73,有,,
北投區,房地(土地+建物)+車位,北科路１９２號十樓,38.37,住,,,1110613,土地1建物1車位1,十層,十三層,住宅大樓(11層含以上有電梯),住家用,1130126.0,182.59,3,2,2,有,有,49200000,307600.0,坡道平面,32.07,2900000,113.1.22轉讓配偶金額不變預售屋、或土地及建物分件登記案件；,RPSOMLOKOHJGFEA18DA,92.31,0.0,6.0,有,,
信義區,房地(土地+建物)+車位,信安街１６８號十樓之８,18.0,住,,,1110602,土地1建物1車位1,十層,十二層,住宅大樓(11層含以上有電梯),住家用,1121220.0,129.67000000000002,2,1,1,有,有,34860000,349610.0,坡道平面,39.97,3500000,預售屋、或土地及建物分件登記案件；,RPROMLNKPHJGFDA97DA,48.74,5.92,4.5,有,,
信義區,房地(土地+建物)+車位,信安街１６８號九樓之５,15.49,住,,,1110625,土地1建物1車位1,九層,十二層,住宅大樓(11層含以上有電梯),住家用,1121220.0,112.8,1,1,1,有,有,29200000,353563.0,坡道平面,39.97,3450000,依合約面積誤差賣方找補買方金額7860元預售屋、或土地及建物分件登記案件；,RPVNMLLLPHJGFDA18DA,40.01,2.02,5.86,有,,
北投區,房地(土地+建物)+車位,北科路１９２號三樓,38.37,住,,,1110607,土地1建物1車位1,三層,十三層,住宅大樓(11層含以上有電梯),住家用,1130126.0,182.59,3,2,2,有,有,47500000,292984.0,坡道平面,32.07,3400000,預售屋、或土地及建物分件登記案件；,RPQNMLQLPHJGFEA28DA,92.31,0.0,6.0,有,,
萬華區,房地(土地+建物)+車位,民和街９６號五樓,33.61,住,,,1110519,土地1建物1車位1,五層,十五層,住宅大樓(11層含以上有電梯),住家用,1121213.0,234.52,4,2,2,有,無,41080000,191350.0,坡道平面,32.9,2500000,本預售屋於112年11月15日辦理夫妻贈與換約。預售屋、或土地及建物分件登記案件；,RPVNMLQJOHJGFBA18DA,112.56,12.13,9.73,有,,
北投區,房地(土地+建物)+車位,北科路１８８號四樓,47.03,住,,,1110506,土地1建物1車位2,四層,十三層,住宅大樓(11層含以上有電梯),住家用,1130126.0,248.71,4,2,3,有,有,63700000,311535.0,坡道平面,64.14,6200000,111.7.23加購車位預售屋、或土地及建物分件登記案件；,RPOOMLOKOHJGFEA77DA,109.62,0.0,10.95,有,,
信義區,房地(土地+建物)+車位,信安街１６８號十樓之２,11.37,住,,,1110528,土地1建物1車位1,十層,十二層,住宅大樓(11層含以上有電梯),住家用,1121220.0,87.66,0,0,0,無,有,20850000,371147.0,坡道平面,39.97,3150000,依合約面積誤差賣方找補買方金額 31032元預售屋、或土地及建物分件登記案件；,RPTNMLLLPHJGFDA97DA,26.78,0.0,4.13,有,,
萬華區,房地(土地+建物)+車位,民和街９８號十三樓之２,19.55,住,,,1110402,土地1建物1車位1,十三層,十五層,住宅大樓(11層含以上有電梯),住家用,1121213.0,151.08,3,2,2,有,無,28550000,223428.0,坡道平面,34.04,2400000,預售屋、或土地及建物分件登記案件；,RPTNMLQJOHJGFBA97DA,67.57,5.4,5.07,有,,
萬華區,房地(土地+建物)+車位,民和街９６號八樓之１,33.79,住,,,1110416,土地1建物1車位1,八層,十五層,住宅大樓(11層含以上有電梯),住家用,1121213.0,236.61,4,2,2,有,無,43380000,201313.0,坡道平面,34.04,2600000,預售屋、或土地及建物分件登記案件；,RPRNMLMKOHJGFBA47DA,112.36,12.13,10.5,有,,
萬華區,房地(土地+建物)+車位,民和街９６號十四樓,33.61,住,,,1110424,土地1建物1車位1,十四層,十五層,住宅大樓(11層含以上有電梯),住家用,1121213.0,235.65999999999997,4,2,2,有,無,45800000,213768.0,坡道平面,34.04,2700000,預售屋、或土地及建物分件登記案件；,RPRNMLOJPHJGFBA67DA,112.56,12.13,9.73,有,,
萬華區,房地(土地+建物)+車位,民和街１００號三樓之２,24.12,住,,,1110414,土地1建物1車位1,三層,十五層,住宅大樓(11層含以上有電梯),住家用,1121213.0,178.7,3,2,2,有,無,29180000,185124.0,坡道平面,34.04,2400000,本預售屋於112年3月7日辦理換約，換約成交價格為新台幣3056萬元。預售屋、或土地及建物分件登記案件；,RPQNMLMLPHJGFBA57DA,85.3,5.76,5.33,有,,
萬華區,房地(土地+建物)+車位,民和街９６號七樓之１,33.82,住,,,1110417,土地1建物1車位2,七層,十五層,住宅大樓(11層含以上有電梯),住家用,1121213.0,270.65,4,2,2,有,無,45260000,198746.0,坡道平面,68.08,5000000,本預售屋於113年1月23日辦理出售權利範圍2/3給2個兒子換約，出售價金與原買價相同。預售屋、或土地及建物分件登記案件；,RPRNMLMLPHJGFBA67DA,112.36,12.13,10.5,有,,
萬華區,房地(土地+建物)+車位,民和街１００號十二樓之２,24.12,住,,,1110408,土地1建物1車位1,十二層,十五層,住宅大樓(11層含以上有電梯),住家用,1121213.0,178.7,3,2,2,有,無,33660000,214710.0,坡道平面,34.04,2600000,預售屋、或土地及建物分件登記案件；,RPSOMLQKQHJGFBA28DA,85.3,5.76,5.33,有,,
萬華區,房地(土地+建物)+車位,民和街９８號三樓之２,19.55,住,,,1110318,土地1建物1車位1,三層,十五層,住宅大樓(11層含以上有電梯),住家用,1121213.0,151.08,3,2,2,有,無,24990000,191302.0,坡道平面,34.04,2600000,預售屋、或土地及建物分件登記案件；,RPRNMLQJOHJGFBA77DA,67.57,5.4,5.07,有,,
萬華區,房地(土地+建物),民和街１００號四樓之２,24.09,住,,,1110318,土地1建物1車位0,四層,十五層,住宅大樓(11層含以上有電梯),住家用,1121213.0,144.66,3,2,2,有,無,27090000,187267.0,,0.0,0,預售屋、或土地及建物分件登記案件；,RPTOMLQJOHJGFBA08DA,85.3,5.76,5.33,有,,
萬華區,房地(土地+建物)+車位,民和街１００號五樓之３,25.07,住,,,1110316,土地1建物1車位1,五層,十五層,住宅大樓(11層含以上有電梯),住家用,1121213.0,184.41,3,2,2,有,無,31130000,189732.0,坡道平面,34.04,2600000,本預售屋於113年3月29日辦理夫妻贈與換約。預售屋、或土地及建物分件登記案件；,RPUOMLQJOHJGFBA18DA,87.4,7.42,5.37,有,,
北投區,房地(土地+建物)+車位,北科路１９２號二樓,38.37,住,,,1110326,土地1建物1車位1,二層,十三層,住宅大樓(11層含以上有電梯),住家用,1130126.0,182.59,3,2,2,有,有,47500000,294313.0,坡道平面,32.07,3200000,預售屋、或土地及建物分件登記案件；,RPSNMLLKOHJGFEA77DA,92.31,0.0,6.0,有,,
萬華區,房地(土地+建物)+車位,民和街９６號二樓之２,36.22,住,,,1110318,土地1建物1車位1,二層,十五層,住宅大樓(11層含以上有電梯),住家用,1121213.0,250.95,4,2,2,有,無,43170000,187036.0,坡道平面,34.04,2600000,預售屋、或土地及建物分件登記案件；,RPUNMLMKOHJGFBA77DA,120.47,7.72,16.44,有,,
萬華區,房地(土地+建物)+車位,民和街１００號二樓之３,24.27,住,,,1110318,土地1建物1車位1,二層,十五層,住宅大樓(11層含以上有電梯),住家用,1121213.0,179.49,3,2,2,有,無,28920000,180956.0,坡道平面,34.04,2600000,預售屋、或土地及建物分件登記案件；,RPVNMLMKOHJGFBA87DA,87.4,4.28,5.37,有,,
萬華區,房地(土地+建物),民和街１００號十二樓之１,17.77,住,,,1110323,土地1建物1車位0,十二層,十五層,住宅大樓(11層含以上有電梯),住家用,1121213.0,106.74,2,2,1,有,無,23170000,217070.0,,0.0,0,預售屋、或土地及建物分件登記案件；,RPWOMLLKOHJGFBA97DA,61.99,3.76,5.42,有,,
萬華區,房地(土地+建物)+車位,民和街１００號十三樓之１,17.8,住,,,1110320,土地1建物1車位1,十三層,十五層,住宅大樓(11層含以上有電梯),住家用,1121213.0,140.78,2,2,1,有,無,25930000,219505.0,坡道平面,34.04,2500000,預售屋、或土地及建物分件登記案件；,RPOPMLLKOHJGFBA27DA,61.99,3.76,5.42,有,,
萬華區,房地(土地+建物)+車位,民和街９８號十一樓之３,17.15,住,,,1110331,土地1建物1車位1,十一層,十五層,住宅大樓(11層含以上有電梯),住家用,1121213.0,136.69,2,2,1,有,無,25280000,221919.0,坡道平面,34.04,2500000,預售屋、或土地及建物分件登記案件；,RPRPMLLKOHJGFBA57DA,58.64,5.04,4.8,有,,
萬華區,房地(土地+建物)+車位,民和街９８號十四樓之３,17.15,住,,,1110317,土地1建物1車位1,十四層,十五層,住宅大樓(11層含以上有電梯),住家用,1121213.0,136.69,2,2,1,有,無,25510000,225134.0,坡道平面,34.04,2400000,本預售屋於113年3月28日辦理換約，換約成交價格為新台幣2758萬元。預售屋、或土地及建物分件登記案件；,RPQNMLMKOHJGFBA37DA,58.64,5.04,4.8,有,,
萬華區,房地(土地+建物)+車位,民和街９８號九樓之２,19.55,住,,,1110317,土地1建物1車位1,九層,十五層,住宅大樓(11層含以上有電梯),住家用,1121213.0,151.08,3,2,2,有,無,26910000,208561.0,坡道平面,34.04,2500000,預售屋、或土地及建物分件登記案件；,RPTNMLMKOHJGFBA67DA,67.57,5.4,5.07,有,,
北投區,房地(土地+建物)+車位,北科路１９２號八樓,38.37,住,,,1110329,土地1建物1車位1,八層,十三層,住宅大樓(11層含以上有電梯),住家用,1130126.0,182.59,3,2,2,有,有,49510000,306338.0,坡道平面,32.07,3400000,113.5.27讓渡第3人金額5350萬元預售屋、或土地及建物分件登記案件；,RPQOMLOKOHJGFEA97DA,92.31,0.0,6.0,有,,
北投區,房地(土地+建物)+車位,北科路１８６號十三樓,38.37,住,,,1110331,土地1建物1車位1,十三層,十三層,住宅大樓(11層含以上有電梯),住家用,1130126.0,182.59,3,2,2,有,有,53360000,330587.0,坡道平面,32.07,3600000,預售屋、或土地及建物分件登記案件；,RPROMLOKOHJGFEA08DA,92.31,0.0,6.0,有,,
北投區,房地(土地+建物)+車位,北科路１８６號,36.07,住,,,1110315,土地1建物1車位1,一層,十三層,住宅大樓(11層含以上有電梯),住家用,1130126.0,173.46,2,1,2,有,有,63000000,420822.0,坡道平面,32.07,3500000,預售屋、或土地及建物分件登記案件；,RPTOMLOKOHJGFEA28DA,92.31,0.0,0.0,有,,
萬華區,房地(土地+建物)+車位,民和街９６號七樓之２,36.22,住,,,1110317,土地1建物1車位1,七層,十五層,住宅大樓(11層含以上有電梯),住家用,1121213.0,250.95,4,2,2,有,無,45210000,196441.0,坡道平面,34.04,2600000,本預售屋於113年1月3日辦理夫妻贈與換約。預售屋、或土地及建物分件登記案件；,RPOOMLSKOHJGFBA87DA,120.47,7.72,16.44,有,,
萬華區,房地(土地+建物),民和街１００號三樓之１,17.77,住,,,1110323,土地1建物1車位0,三層,十五層,住宅大樓(11層含以上有電梯),住家用,1121213.0,106.74,2,2,1,有,無,20250000,189713.0,,0.0,0,預售屋、或土地及建物分件登記案件；,RPPOMLSKOHJGFBA97DA,61.99,3.76,5.42,有,,
萬華區,房地(土地+建物)+車位,民和街９８號十四樓之２,19.55,住,,,1110320,土地1建物1車位1,十四層,十五層,住宅大樓(11層含以上有電梯),住家用,1121213.0,151.08,3,2,2,有,無,29130000,226675.0,坡道平面,34.04,2600000,預售屋、或土地及建物分件登記案件；,RPOPMLSKOHJGFBA97DA,67.57,5.4,5.07,有,,
萬華區,房地(土地+建物),民和街１００號十三樓,17.8,住,,,1110331,土地1建物1車位0,十三層,十五層,住宅大樓(11層含以上有電梯),住家用,1121213.0,106.8,2,2,1,有,無,23980000,224532.0,,0.0,0,預售屋、或土地及建物分件登記案件；,RPVNMLTKOHJGFBA58DA,61.99,3.76,5.48,有,,
萬華區,房地(土地+建物)+車位,民和街９８號十樓之１,21.25,住,,,1110316,土地1建物1車位1,十層,十五層,住宅大樓(11層含以上有電梯),住家用,1121213.0,161.34,3,2,2,有,無,29100000,210526.0,坡道平面,34.04,2300000,預售屋、或土地及建物分件登記案件；,RPWNMLTKOHJGFBA68DA,73.74,5.31,5.82,有,,
北投區,房地(土地+建物)+車位,北科路１８６號九樓,38.37,住,,,1110314,土地1建物1車位2,九層,十三層,住宅大樓(11層含以上有電梯),住家用,1130126.0,214.66,3,2,2,有,有,54700000,318894.0,坡道平面,64.14,6700000,111.8.17加購車位金額320萬元整預售屋、或土地及建物分件登記案件；,RPXNMLLJPHJGFEA28DA,92.31,0.0,6.0,有,,
萬華區,房地(土地+建物)+車位,民和街１００號三樓之３,25.07,住,,,1110316,土地1建物1車位1,三層,十五層,住宅大樓(11層含以上有電梯),住家用,1121213.0,184.41,3,2,2,有,無,29990000,182151.0,坡道平面,34.04,2600000,預售屋、或土地及建物分件登記案件；,RPTNMLTJPHJGFBA38DA,87.4,7.42,5.37,有,,
北投區,房地(土地+建物)+車位,北科路１８６號六樓,38.37,住,,,1110315,土地1建物1車位1,六層,十三層,住宅大樓(11層含以上有電梯),住家用,1130126.0,182.59,3,2,2,有,有,50500000,313912.0,坡道平面,32.07,3250000,預售屋、或土地及建物分件登記案件；,RPWNMLKKPHJGFEA18DA,92.31,0.0,6.0,有,,
萬華區,房地(土地+建物),民和街９８號十樓之３,17.11,住,,,1110317,土地1建物1車位0,十層,十五層,住宅大樓(11層含以上有電梯),住家用,1121213.0,102.65,2,2,1,有,無,21990000,214223.0,,0.0,0,預售屋、或土地及建物分件登記案件；,RPWNMLPKPHJGFBA38DA,58.64,5.04,4.8,有,,
萬華區,房地(土地+建物)+車位,民和街９８號十二樓之２,19.55,住,,,1110321,土地1建物1車位1,十二層,十五層,住宅大樓(11層含以上有電梯),住家用,1121213.0,151.08,3,2,2,有,無,28110000,218814.0,坡道平面,34.04,2500000,預售屋、或土地及建物分件登記案件；,RPWNMLPJPHJGFBA28DA,67.57,5.4,5.07,有,,
萬華區,房地(土地+建物)+車位,民和街９８號二樓之１,21.25,住,,,1110316,土地1建物1車位1,二層,十五層,住宅大樓(11層含以上有電梯),住家用,1121213.0,161.34,3,2,2,有,無,25150000,177926.0,坡道平面,34.04,2500000,預售屋、或土地及建物分件登記案件；,RPPQMLPKPHJGFBA97DA,73.74,5.31,5.82,有,,
萬華區,房地(土地+建物)+車位,民和街９８號六樓之２,19.55,住,,,1110318,土地1建物1車位1,六層,十五層,住宅大樓(11層含以上有電梯),住家用,1121213.0,151.08,3,2,2,有,無,26060000,201299.0,坡道平面,34.04,2500000,本預售屋於113年1月3日辦理夫妻贈與換約。預售屋、或土地及建物分件登記案件；,RPPNMLQKPHJGFBA77DA,67.57,5.4,5.07,有,,
萬華區,房地(土地+建物),民和街１００號六樓之２,24.09,住,,,1110321,土地1建物1車位0,六層,十五層,住宅大樓(11層含以上有電梯),住家用,1121213.0,144.66,3,2,2,有,無,27780000,192036.0,,0.0,0,預售屋、或土地及建物分件登記案件；,RPVNMLQKPHJGFBA38DA,85.3,5.76,5.33,有,,
萬華區,房地(土地+建物)+車位,民和街１００號七樓之２,24.12,住,,,1110320,土地1建物1車位1,七層,十五層,住宅大樓(11層含以上有電梯),住家用,1121213.0,178.7,3,2,2,有,無,31070000,197498.0,坡道平面,34.04,2500000,預售屋、或土地及建物分件登記案件；,RPQOMLQLPHJGFBA08DA,85.3,5.76,5.33,有,,
萬華區,房地(土地+建物)+車位,民和街９８號五樓之１,21.25,住,,,1110318,土地1建物1車位1,五層,十五層,住宅大樓(11層含以上有電梯),住家用,1121213.0,160.2,3,2,2,有,無,27080000,193087.0,坡道平面,32.9,2500000,本預售屋於112年3月9日辦理夫妻贈與換約。預售屋、或土地及建物分件登記案件；,RPOPMLQLPHJGFBA97DA,73.74,5.31,5.82,有,,
萬華區,房地(土地+建物)+車位,民和街９８號十一樓之２,19.55,住,,,1110317,土地1建物1車位1,十一層,十五層,住宅大樓(11層含以上有電梯),住家用,1121213.0,151.08,3,2,2,有,無,28180000,219412.0,坡道平面,34.04,2500000,預售屋、或土地及建物分件登記案件；,RPPNMLTLPHJGFBA18DA,67.57,5.4,5.07,有,,
萬華區,房地(土地+建物)+車位,民和街９８號四樓之２,19.55,住,,,1110318,土地1建物1車位1,四層,十五層,住宅大樓(11層含以上有電梯),住家用,1121213.0,151.08,3,2,2,有,無,25250000,193524.0,坡道平面,34.04,2600000,預售屋、或土地及建物分件登記案件；,RPRNMLTLPHJGFBA38DA,67.57,5.4,5.07,有,,
萬華區,房地(土地+建物)+車位,民和街９８號五樓之２,19.55,住,,,1110318,土地1建物1車位1,五層,十五層,住宅大樓(11層含以上有電梯),住家用,1121213.0,151.08,3,2,2,有,無,25520000,195830.0,坡道平面,34.04,2600000,預售屋、或土地及建物分件登記案件；,RPVNMLTLPHJGFBA78DA,67.57,5.4,5.07,有,,
萬華區,房地(土地+建物),民和街１００號四樓之１,17.77,住,,,1110318,土地1建物1車位0,四層,十五層,住宅大樓(11層含以上有電梯),住家用,1121213.0,106.74,2,2,1,有,無,20460000,191681.0,,0.0,0,預售屋、或土地及建物分件登記案件；,RPXNMLTLPHJGFBA98DA,61.99,3.76,5.42,有,,
萬華區,房地(土地+建物),民和街９８號二樓之２,19.51,住,,,1110320,土地1建物1車位0,二層,十五層,住宅大樓(11層含以上有電梯),住家用,1121213.0,117.04,3,2,2,有,無,24700000,211039.0,,0.0,0,預售屋、或土地及建物分件登記案件；,RPTNMLPJQHJGFBA08DA,67.57,5.4,5.07,有,,
萬華區,房地(土地+建物),民和街９８號二樓之３,17.11,住,,,1110320,土地1建物1車位0,二層,十五層,住宅大樓(11層含以上有電梯),住家用,1121213.0,102.65,2,2,1,有,無,20560000,200292.0,,0.0,0,預售屋、或土地及建物分件登記案件；,RPVNMLPJQHJGFBA28DA,58.64,5.04,4.8,有,,
萬華區,房地(土地+建物)+車位,民和街９６號六樓之２,36.29,住,,,1110328,土地1建物1車位3,六層,十五層,住宅大樓(11層含以上有電梯),住家用,1121213.0,319.03999999999996,4,2,2,有,無,50390000,196801.0,坡道平面,102.12,7700000,預售屋、或土地及建物分件登記案件；,RPQOMLTJQHJGFBA28DA,120.47,7.72,16.44,有,,
萬華區,房地(土地+建物)+車位,民和街９８號三樓,26.52,住,,,1110316,土地1建物1車位1,三層,十五層,住宅大樓(11層含以上有電梯),住家用,1121213.0,192.96,3,2,2,有,無,31520000,181978.0,坡道平面,34.04,2600000,預售屋、或土地及建物分件登記案件；,RPQNMLMKQHJGFBA57DA,92.51,7.81,5.63,有,,
萬華區,房地(土地+建物),民和街９８號三樓之３,17.11,住,,,1110317,土地1建物1車位0,三層,十五層,住宅大樓(11層含以上有電梯),住家用,1121213.0,102.65,2,2,1,有,無,19730000,192207.0,,0.0,0,預售屋、或土地及建物分件登記案件；,RPTNMLMKQHJGFBA87DA,58.64,5.04,4.8,有,,
萬華區,房地(土地+建物)+車位,民和街９６號六樓之１,33.79,住,,,1110331,土地1建物1車位1,六層,十五層,住宅大樓(11層含以上有電梯),住家用,1121213.0,236.61,4,2,2,有,無,42380000,196377.0,坡道平面,34.04,2600000,預售屋、或土地及建物分件登記案件；,RPUNMLTJQHJGFBA58DA,112.36,12.13,10.5,有,,
萬華區,房地(土地+建物)+車位,民和街９６號六樓,33.61,住,,,1110325,土地1建物1車位1,六層,十五層,住宅大樓(11層含以上有電梯),住家用,1121213.0,235.65999999999997,4,2,2,有,無,42290000,196855.0,坡道平面,34.04,2600000,預售屋、或土地及建物分件登記案件；,RPWNMLTJQHJGFBA78DA,112.56,12.13,9.73,有,,
北投區,房地(土地+建物)+車位,北科路１９０號六樓,47.03,住,,,1110325,土地1建物1車位1,六層,十三層,住宅大樓(11層含以上有電梯),住家用,1130126.0,216.63,3,2,3,有,有,60300000,308843.0,坡道平面,32.07,3300000,預售屋、或土地及建物分件登記案件；,RPVNMLNLQHJGFEA58DA,109.62,0.0,10.95,有,,
北投區,房地(土地+建物)+車位,北科路１８８號六樓,47.03,住,,,1110325,土地1建物1車位1,六層,十三層,住宅大樓(11層含以上有電梯),住家用,1130126.0,216.63,3,2,3,有,有,60300000,308843.0,坡道平面,32.07,3300000,113年讓渡配偶金額不變預售屋、或土地及建物分件登記案件；,RPWNMLNLQHJGFEA68DA,109.62,0.0,10.95,有,,
萬華區,房地(土地+建物)+車位,民和街９６號十三樓之１,33.79,住,,,1110318,土地1建物1車位1,十三層,十五層,住宅大樓(11層含以上有電梯),住家用,1121213.0,236.61,4,2,2,有,無,45090000,209261.0,坡道平面,34.04,2700000,預售屋、或土地及建物分件登記案件；,RPTNMLMJRHJGFBA87DA,112.36,12.13,10.5,有,,
萬華區,房地(土地+建物)+車位,民和街９６號十樓之１,33.79,住,,,1110319,土地1建物1車位1,十層,十五層,住宅大樓(11層含以上有電梯),住家用,1121213.0,236.61,4,2,2,有,無,43360000,201708.0,坡道平面,34.04,2500000,預售屋、或土地及建物分件登記案件；,RPUNMLMJRHJGFBA97DA,112.36,12.13,10.5,有,,
南港區,房地(土地+建物)+車位,向陽路１９６巷９號八樓,23.8,住,,,1110104,土地1建物1車位1,八層,十層,華廈(10層含以下有電梯),住家用,1121107.0,125.48,2,1,1,有,有,26680000,253337.0,坡道平面,28.85,2200000,預售屋、或土地及建物分件登記案件；,RPQNMLPJOHJGFDA77DA,58.19,0.0,4.69,有,,
南港區,房地(土地+建物)+車位,向陽路１９６巷７號五樓,33.55,住,,,1110113,土地1建物1車位1,五層,十層,華廈(10層含以下有電梯),住家用,1121107.0,165.24,3,1,2,有,有,34300000,235354.0,坡道平面,28.85,2200000,預售屋、或土地及建物分件登記案件；,RPUNMLPJOHJGFDA18DA,80.21,0.0,8.71,有,,
松山區,房地(土地+建物),南京東路四段５２巷３號三樓之２,11.79,住,,,1101119,土地1建物1車位0,三層,七層,華廈(10層含以下有電梯),住家用,1121215.0,59.06999999999999,1,0,2,有,有,20560000,348062.0,,0.0,0,預售屋、或土地及建物分件登記案件；,RPQOMLQJOHJGFDA08EA,33.41,0.0,3.6,有,,
士林區,房地(土地+建物)+車位,基河路３１０號五樓,28.6,住,,,1101102,土地1建物1車位1,五層,十九層,住宅大樓(11層含以上有電梯),住家用,1130219.0,176.46,4,2,2,有,有,41900000,269130.0,坡道平面,31.92,3000000,原買方謝OO與新買方黃OO於113.7.15 簽立權利義務移轉證明更名轉讓轉售金額5720萬元預售屋、或土地及建物分件登記案件；,RPVOMLRKPHJGFEA88DA,84.8,0.0,10.49,有,,
文山區,房地(土地+建物)+車位,溪洲街６５號七樓之５,16.49,,,,1100904,土地1建物1車位1,七層,十五層,住宅大樓(11層含以上有電梯),住家用,1130219.0,131.69,2,2,1,有,有,20650000,197669.0,坡道平面,39.87,2500000,含雨遮1.71坪，雨遮不計價。預售屋、或土地及建物分件登記案件；,RPVOMLSLNHJGFAA48DA,49.83,5.66,4.31,有,,
文山區,房地(土地+建物)+車位,溪洲街６５號六樓之６,16.39,,,,1100906,土地1建物1車位1,六層,十五層,住宅大樓(11層含以上有電梯),住家用,1130219.0,131.17000000000002,2,2,1,有,有,19980000,189814.0,坡道平面,39.87,2650000,含雨遮2.44坪，雨遮不計價。預售屋、或土地及建物分件登記案件；,RPRPMLSLNHJGFAA18DA,60.5,8.05,4.68,有,,
內湖區,房地(土地+建物),金湖路３４７巷９６號四樓,43.5,住,,,1100918,土地1建物1車位0,四層,五層,華廈(10層含以下有電梯),住家用,1130305.0,86.99000000000001,2,1,1,有,有,21200000,243706.0,,0.0,0,預售屋、或土地及建物分件登記案件；,RPOQMLMKOHJGFCA57DA,50.2,0.0,4.75,有,,
文山區,房地(土地+建物)+車位,溪洲街６５之２號,15.82,住,,,1100906,土地1建物1車位1,一層,十五層,住宅大樓(11層含以上有電梯),住家用,1130219.0,128.0,2,2,1,有,有,23000000,230909.0,坡道平面,39.87,2650000,預售屋、或土地及建物分件登記案件；,RPVOMLRKOHJGFAA38DA,62.13,0.0,9.01,有,,
松山區,房地(土地+建物)+車位,南京東路四段５２巷３號五樓,11.47,住,,,1100930,土地1建物1車位1,五層,七層,華廈(10層含以下有電梯),住家用,1121215.0,75.99,1,0,2,有,有,21880000,345920.0,塔式車位,18.52,2000000,權利人於112年8月24日以2188萬元取得本標的車位所在樓層:地下二層預售屋、或土地及建物分件登記案件；,RPOOMLQJOHJGFDA87EA,32.8,0.0,3.21,有,,
文山區,房地(土地+建物)+車位,溪洲街６５號,19.84,住,,,1100914,土地1建物1車位2,一層,十五層,住宅大樓(11層含以上有電梯),住家用,1130219.0,189.5,2,2,1,有,有,28800000,226859.0,坡道平面,79.74,3900000,預售屋、或土地及建物分件登記案件；,RPUOMLSKOHJGFAA38DA,67.09,0.0,4.39,有,,
南港區,房地(土地+建物)+車位,向陽路１９６巷１１號七樓,21.75,住,,,1100918,土地1建物1車位1,七層,十層,華廈(10層含以下有電梯),住家用,1121107.0,117.14,2,1,1,有,有,24550000,249745.0,坡道平面,28.85,2500000,預售屋、或土地及建物分件登記案件；,RPVNMLLLQHJGFDA28DA,53.47,0.0,4.05,有,,
南港區,房地(土地+建物)+車位,向陽路１９６巷５號九樓,33.52,住,,,1100909,土地1建物1車位1,九層,十層,華廈(10層含以下有電梯),住家用,1121107.0,165.25,3,1,2,有,有,34810000,238343.0,坡道平面,28.85,2300000,預售屋、或土地及建物分件登記案件；,RPWNMLLLQHJGFDA38DA,80.21,0.0,8.72,有,,
南港區,房地(土地+建物)+車位,向陽路１９６巷１３號四樓之１,13.46,住,,,1100811,土地1建物1車位1,四層,十層,華廈(10層含以下有電梯),住家用,1121107.0,83.5,1,1,1,有,有,15450000,240622.0,坡道平面,28.85,2300000,預售屋、或土地及建物分件登記案件；,RPWOMLOKNHJGFDA38DA,32.63,0.0,2.98,有,,
南港區,房地(土地+建物)+車位,向陽路１９６巷１７號七樓,21.72,住,,,1100804,土地1建物1車位1,七層,十層,華廈(10層含以下有電梯),住家用,1121107.0,117.14,2,1,1,有,有,23970000,245441.0,坡道平面,28.85,2300000,預售屋、或土地及建物分件登記案件；,RPVNMLPJOHJGFDA28DA,53.47,0.0,4.05,有,,
內湖區,房地(土地+建物),金湖路３４７巷９２號,39.23,住,,,1100822,土地1建物1車位0,一層,五層,華廈(10層含以下有電梯),住家用,1130305.0,81.44,2,1,1,有,有,24760000,304028.0,,0.0,0,預售屋、或土地及建物分件登記案件；,RPWPMLMKOHJGFCA28DA,49.27,0.0,0.0,有,,
內湖區,房地(土地+建物),金湖路３４７巷９２號二樓,44.37,住,,,1100822,土地1建物1車位0,二層,五層,華廈(10層含以下有電梯),住家用,1130305.0,88.36,2,1,1,有,有,20990000,237551.0,,0.0,0,預售屋、或土地及建物分件登記案件；,RPXPMLMKOHJGFCA38DA,50.62,0.0,5.64,有,,
南港區,房地(土地+建物),向陽路１９６巷１３號七樓之１,13.46,住,,,1100731,土地1建物1車位0,七層,十層,華廈(10層含以下有電梯),住家用,1121107.0,54.65,1,1,1,有,有,13800000,252516.0,,0.0,0,預售屋、或土地及建物分件登記案件；,RPTNMLPJOHJGFDA08DA,32.63,0.0,2.98,有,,
文山區,房地(土地+建物)+車位,溪洲街６５號十四樓之１,15.36,住,,,1100731,土地1建物1車位1,十四層,十五層,住宅大樓(11層含以上有電梯),住家用,1130219.0,125.19,2,2,1,有,有,23200000,242616.0,坡道平面,39.87,2500000,含雨遮1.05坪，雨遮不計價。預售屋、或土地及建物分件登記案件；,RPROMLRKOHJGFAA97DA,47.61,3.46,4.51,有,,
文山區,房地(土地+建物)+車位,溪洲街６５之１號,14.59,住,,,1100731,土地1建物1車位1,一層,十五層,住宅大樓(11層含以上有電梯),住家用,1130219.0,121.17,2,2,1,有,有,21050000,230267.0,坡道平面,39.96,2350000,預售屋、或土地及建物分件登記案件；,RPWPMLRKOHJGFAA58DA,48.45,0.0,4.44,有,,
松山區,房地(土地+建物)+車位,南京東路四段５２巷３號二樓,11.47,住,,,1100730,土地1建物1車位1,二層,七層,華廈(10層含以下有電梯),住家用,1121215.0,75.99,1,0,1,有,有,20700000,328867.0,塔式車位,18.52,1800000,車位所在樓層:地下二層預售屋、或土地及建物分件登記案件；,RPWNMLQJOHJGFDA58EA,32.8,0.0,3.21,有,,
南港區,房地(土地+建物)+車位,向陽路１９６巷７號九樓,33.55,住,,,1100607,土地1建物1車位1,九層,十層,華廈(10層含以下有電梯),住家用,1121107.0,165.24,3,1,2,有,有,34000000,231689.0,坡道平面,28.85,2400000,預售屋、或土地及建物分件登記案件；,RPRNMLPJOHJGFDA87DA,80.21,0.0,8.71,有,,
南港區,房地(土地+建物)+車位,向陽路１９６巷１１號六樓,21.75,住,,,1100604,土地1建物1車位1,六層,十層,華廈(10層含以下有電梯),住家用,1121107.0,117.14,2,1,1,有,有,23500000,240118.0,坡道平面,28.85,2300000,預售屋、或土地及建物分件登記案件；,RPSNMLPJOHJGFDA97DA,53.47,0.0,4.05,有,,
文山區,房地(土地+建物)+車位,溪洲街６５號八樓之６,16.27,,,,1100618,土地1建物1車位1,八層,十五層,住宅大樓(11層含以上有電梯),住家用,1130219.0,130.44,2,2,1,有,有,18160000,172684.0,坡道平面,39.87,2520000,含雨遮2.29坪，雨遮不計價。預售屋、或土地及建物分件登記案件；,RPTPMLSLNHJGFAA38DA,60.5,7.57,4.68,有,,
南港區,房地(土地+建物)+車位,向陽路１９６巷１９號五樓,21.6,住,,,1100604,土地1建物1車位1,五層,十層,華廈(10層含以下有電梯),住家用,1121107.0,116.62,2,1,1,有,有,23000000,236983.0,坡道平面,28.85,2200000,預售屋、或土地及建物分件登記案件；,RPSOMLLLOHJGFDA87DA,52.64,0.0,4.58,有,,
文山區,房地(土地+建物)+車位,溪洲街６５號十四樓之２,15.72,住,,,1100611,土地1建物1車位1,十四層,十五層,住宅大樓(11層含以上有電梯),住家用,1130219.0,127.22,2,2,1,有,有,20590000,206869.0,坡道平面,39.87,2520000,1.含雨遮1.21坪，雨遮不計價。2.依112年5月26日協議書辦理產權登記。預售屋、或土地及建物分件登記案件；,RPSPMLRKOHJGFAA18DA,62.2,3.99,4.44,有,,
文山區,房地(土地+建物)+車位,溪洲街６５號六樓之５,16.12,住,,,1100616,土地1建物1車位1,六層,十五層,住宅大樓(11層含以上有電梯),住家用,1130219.0,129.71,2,2,1,有,有,18160000,174087.0,坡道平面,39.87,2520000,含雨遮1.32坪，雨遮不計價。預售屋、或土地及建物分件登記案件；,RPXPMLRKOHJGFAA68DA,63.58,4.36,4.31,有,,
南港區,房地(土地+建物)+車位,向陽路１９６巷１３號五樓之１,13.46,住,,,1100603,土地1建物1車位1,五層,十層,華廈(10層含以下有電梯),住家用,1121107.0,83.5,1,1,1,有,有,15700000,245197.0,坡道平面,28.85,2300000,原買方陳OO與新買方姚OO於111.3.30 簽立權利義務移轉證明更名轉讓轉售金額1600萬元預售屋、或土地及建物分件登記案件；,RPWNMLLJQHJGFDA18DA,32.63,0.0,2.98,有,,
南港區,房地(土地+建物)+車位,向陽路１９６巷３號六樓,32.81,住,,,1100603,土地1建物1車位1,六層,十層,華廈(10層含以下有電梯),住家用,1121107.0,162.16,3,1,2,有,有,33200000,230290.0,坡道平面,28.85,2500000,預售屋、或土地及建物分件登記案件；,RPXNMLLLQHJGFDA48DA,78.85,0.0,8.06,有,,
文山區,房地(土地+建物)+車位,溪洲街６５號十三樓之２,15.6,,,,1100528,土地1建物1車位1,十三層,十五層,住宅大樓(11層含以上有電梯),住家用,1130219.0,126.63,2,2,1,有,有,23500000,238589.0,坡道平面,39.87,2800000,含雨遮1.10坪，雨遮不計價。預售屋、或土地及建物分件登記案件；,RPQOMLSLNHJGFAA97DA,62.2,3.62,4.44,有,,
文山區,房地(土地+建物)+車位,溪洲街６５號十五樓之２,15.74,,,,1100512,土地1建物1車位2,十五層,十五層,住宅大樓(11層含以上有電梯),住家用,1130219.0,182.05,2,2,1,有,有,26400000,241646.0,坡道平面,95.56,5500000,含雨遮1.00坪，雨遮不計價。預售屋、或土地及建物分件登記案件；,RPROMLSLNHJGFAA08DA,48.21,3.3,4.81,有,,
文山區,房地(土地+建物)+車位,溪洲街６５號七樓之６,16.1,,,,1100514,土地1建物1車位1,七層,十五層,住宅大樓(11層含以上有電梯),住家用,1130219.0,129.33,2,2,1,有,有,20300000,198972.0,坡道平面,39.87,2500000,含雨遮2.07坪，雨遮不計價。預售屋、或土地及建物分件登記案件；,RPSPMLSLNHJGFAA28DA,46.75,6.84,4.68,有,,
文山區,房地(土地+建物)+車位,溪洲街６５號七樓之８,14.65,,,,1100509,土地1建物1車位1,七層,十五層,住宅大樓(11層含以上有電梯),住家用,1130219.0,121.26,2,2,1,有,有,19150000,206414.0,坡道平面,39.87,2350000,含雨遮0.33坪，雨遮不計價。預售屋、或土地及建物分件登記案件；,RPOQMLSLNHJGFAA97DA,47.27,1.1,4.63,有,,
文山區,房地(土地+建物)+車位,溪洲街６３號四樓之１,17.46,住,,,1100515,土地1建物1車位1,四層,十五層,住宅大樓(11層含以上有電梯),住家用,1130219.0,139.49,2,2,1,有,有,22500000,197751.0,坡道平面,39.87,2800000,1.含雨遮1.52坪，雨遮不計價。2依112年11月28日協議書辦理產權登記後手轉讓成交價格新台幣2250萬元整。預售屋、或土地及建物分件登記案件；,RPVPMLRKOHJGFAA48DA,66.65,5.04,5.44,有,,
文山區,房地(土地+建物)+車位,溪洲街６５號十五樓之１,15.24,住,,,1100515,土地1建物1車位1,十五層,十五層,住宅大樓(11層含以上有電梯),住家用,1130219.0,124.61,2,2,1,有,有,23400000,243097.0,坡道平面,39.87,2800000,1.含雨遮0.92坪，雨遮不計價。2.依112年7月14日協議書辦理產權登記。預售屋、或土地及建物分件登記案件；,RPPPMLSKOHJGFAA97DA,61.04,3.05,4.84,有,,
文山區,房地(土地+建物)+車位,溪洲街６５號十四樓之６,16.18,住,,,1100514,土地1建物1車位1,十四層,十五層,住宅大樓(11層含以上有電梯),住家用,1130219.0,130.06,2,2,1,有,有,23600000,230624.0,坡道平面,39.87,2800000,含雨遮2.21坪，雨遮不計價。預售屋、或土地及建物分件登記案件；,RPWOMLPKPHJGFAA38DA,60.5,7.32,4.68,有,,
文山區,房地(土地+建物)+車位,富山路９號十四樓,23.35,住,,,1100509,土地1建物1車位1,十四層,十五層,住宅大樓(11層含以上有電梯),住家用,1130530.0,162.32,3,2,2,有,有,26200000,196650.0,坡道平面,42.31,2600000,預售屋、或土地及建物分件登記案件；,RPTNMLPJQHJGFAA97DA,73.52,0.0,6.96,有,,
文山區,房地(土地+建物)+車位,富山路５號十三樓,23.62,住,,,1100518,土地1建物1車位4,十三層,十五層,住宅大樓(11層含以上有電梯),住家用,1130530.0,228.17,3,2,2,有,有,32690000,196988.0,坡道平面,106.64,8750000,113.4.20增購二個地下三層坡道機械車位預售屋、或土地及建物分件登記案件；,RPPOMLPJQHJGFAA67DA,74.6,0.0,6.96,有,,
文山區,房地(土地+建物)+車位,富山路９號二樓,23.35,住,,,1100529,土地1建物1車位1,二層,十五層,住宅大樓(11層含以上有電梯),住家用,1130530.0,158.78,3,2,2,有,有,27900000,208750.0,坡道平面,38.78,2850000,預售屋、或土地及建物分件登記案件；,RPUNMLOKQHJGFAA08DA,73.52,0.0,6.96,有,,
士林區,房地(土地+建物),重慶北路四段１０８號五樓之２,9.61,住,,,1100512,土地1建物1車位0,五層,十六層,住宅大樓(11層含以上有電梯),住家用,1130123.0,84.91,2,2,1,有,有,17000000,200212.0,,0.0,0,預售屋、或土地及建物分件登記案件；,RPXPMLTKQHJGFEA86DA,55.0,0.0,3.6,有,,
文山區,房地(土地+建物)+車位,富山路７號二樓,15.84,住,,,1100501,土地1建物1車位1,二層,十五層,住宅大樓(11層含以上有電梯),住家用,1130530.0,95.99,2,2,2,有,有,16600000,184776.0,坡道機械,14.54,1550000,預售屋、或土地及建物分件登記案件；,RPQNMLQLQHJGFAA08EA,50.17,0.0,4.49,有,,
士林區,房地(土地+建物),重慶北路四段１０８號四樓之２,9.61,住,,,1100513,土地1建物1車位0,四層,十六層,住宅大樓(11層含以上有電梯),住家用,1130123.0,84.91,2,2,1,有,有,16260000,191497.0,,0.0,0,預售屋、或土地及建物分件登記案件；,RPVPMLTKQHJGFEA66DA,55.0,0.0,3.6,有,,
文山區,房地(土地+建物)+車位,溪洲街６５號十三樓之１,15.4,,,,1100409,土地1建物1車位1,十三層,十五層,住宅大樓(11層含以上有電梯),住家用,1130219.0,125.48,2,2,1,有,有,22500000,233618.0,坡道平面,39.87,2500000,含雨遮1.10坪，雨遮不計價。預售屋、或土地及建物分件登記案件；,RPOOMLSLNHJGFAA77DA,47.61,3.63,4.51,有,,
文山區,房地(土地+建物)+車位,溪洲街６５號十三樓之５,15.94,,,,1100425,土地1建物1車位1,十三層,十五層,住宅大樓(11層含以上有電梯),住家用,1130219.0,125.52,2,2,1,有,有,23600000,236136.0,坡道平面,36.8,2650000,含雨遮1.11坪，雨遮不計價。預售屋、或土地及建物分件登記案件；,RPWOMLSLNHJGFAA58DA,62.52,3.66,4.31,有,,
文山區,房地(土地+建物),溪洲街６３號二樓之１,16.85,,,,1100428,土地1建物1車位0,二層,十五層,住宅大樓(11層含以上有電梯),住家用,1130219.0,97.23,2,2,1,有,有,18590000,191196.0,,0.0,0,含雨遮1.07坪，雨遮不計價。預售屋、或土地及建物分件登記案件；,RPQQMLSLNHJGFAA18DA,52.9,3.53,5.44,有,,
中正區,房地(土地+建物)+車位,詔安街５３號四樓,21.63,住,,,1100426,土地1建物1車位1,四層,十一層,住宅大樓(11層含以上有電梯),住家用,1130402.0,146.42,3,2,2,有,有,26000000,177571.0,其他,0.0,1900000,預售屋、或土地及建物分件登記案件；,RPQNMLOKOHJGFAA57EA,66.94,0.0,4.91,有,,
文山區,房地(土地+建物)+車位,溪洲街６５號七樓之７,15.58,住,,,1100405,土地1建物1車位1,七層,十五層,住宅大樓(11層含以上有電梯),住家用,1130219.0,126.73,2,2,1,有,有,19500000,197444.0,坡道平面,39.87,2350000,含雨遮1.27坪，雨遮不計價。預售屋、或土地及建物分件登記案件；,RPQNMLRKOHJGFAA77DA,47.68,4.21,4.68,有,,
文山區,房地(土地+建物)+車位,溪洲街６５號四樓之９,20.36,住,,,1100415,土地1建物1車位1,四層,十五層,住宅大樓(11層含以上有電梯),住家用,1130219.0,157.2,3,2,1,有,有,24380000,193653.0,坡道平面,43.44,2350000,含雨遮0.95坪，雨遮不計價。預售屋、或土地及建物分件登記案件；,RPRNMLRKOHJGFAA87DA,60.37,3.15,10.59,有,,
文山區,房地(土地+建物)+車位,溪洲街６５號六樓之７,15.2,住,,,1100403,土地1建物1車位1,六層,十五層,住宅大樓(11層含以上有電梯),住家用,1130219.0,124.62,2,2,1,有,有,19000000,196460.0,坡道平面,39.87,2350000,含雨遮0.86坪，雨遮不計價。預售屋、或土地及建物分件登記案件；,RPVNMLRKOHJGFAA28DA,47.68,2.83,4.68,有,,
中正區,房地(土地+建物)+車位,詔安街５３號三樓,21.63,住,,,1100407,土地1建物1車位1,三層,十一層,住宅大樓(11層含以上有電梯),住家用,1130402.0,146.42,3,2,2,有,有,26000000,177571.0,其他,0.0,1900000,預售屋、或土地及建物分件登記案件；,RPQNMLPJPHJGFAA67EA,66.94,0.0,4.91,有,,
文山區,房地(土地+建物)+車位,溪洲街６５號十二樓之１,15.4,住,,,1100424,土地1建物1車位1,十二層,十五層,住宅大樓(11層含以上有電梯),住家用,1130219.0,125.48,2,2,1,有,有,22250000,230697.0,坡道平面,39.87,2500000,含雨遮1.10坪，雨遮不計價。預售屋、或土地及建物分件登記案件；,RPOPMLSKOHJGFAA87DA,47.61,3.63,4.51,有,,
文山區,房地(土地+建物)+車位,溪洲街６５號十二樓之２,15.66,住,,,1100424,土地1建物1車位1,十二層,十五層,住宅大樓(11層含以上有電梯),住家用,1130219.0,126.89,2,2,1,有,有,22550000,230407.0,坡道平面,39.87,2500000,含雨遮1.15坪，雨遮不計價。預售屋、或土地及建物分件登記案件；,RPSPMLSKOHJGFAA28DA,48.45,3.79,4.44,有,,
文山區,房地(土地+建物)+車位,溪洲街６３號二樓,16.37,住,,,1100428,土地1建物1車位1,二層,十五層,住宅大樓(11層含以上有電梯),住家用,1130219.0,130.07999999999998,2,2,1,有,有,20530000,193268.0,坡道平面,36.8,2500000,含雨遮1.16坪，雨遮不計價。預售屋、或土地及建物分件登記案件；,RPTQMLSKOHJGFAA48DA,62.67,3.82,5.56,有,,
文山區,房地(土地+建物)+車位,溪洲街６３號五樓,17.01,住,,,1100424,土地1建物1車位1,五層,十五層,住宅大樓(11層含以上有電梯),住家用,1130219.0,136.88,2,2,1,有,有,21500000,194310.0,坡道平面,39.87,2650000,含雨遮1.87坪，雨遮不計價。預售屋、或土地及建物分件登記案件；,RPWQMLSKOHJGFAA78DA,63.73,6.19,5.56,有,,
文山區,房地(土地+建物)+車位,富山路５號十一樓,23.62,住,,,1100418,土地1建物1車位1,十一層,十五層,住宅大樓(11層含以上有電梯),住家用,1130530.0,160.31,3,2,2,有,有,26300000,195014.0,坡道平面,38.78,2600000,預售屋、或土地及建物分件登記案件；,RPWNMLPJQHJGFAA28DA,74.6,0.0,6.96,有,,
文山區,房地(土地+建物)+車位,富山路９號七樓,23.35,住,,,1100418,土地1建物1車位1,七層,十五層,住宅大樓(11層含以上有電梯),住家用,1130530.0,158.78,3,2,2,有,有,25100000,187500.0,坡道平面,38.78,2600000,預售屋、或土地及建物分件登記案件；,RPOOMLPJQHJGFAA57DA,73.52,0.0,6.96,有,,
文山區,房地(土地+建物)+車位,富山路７號十一樓,15.84,住,,,1100410,土地1建物1車位1,十一層,十五層,住宅大樓(11層含以上有電梯),住家用,1130530.0,95.99,2,2,2,有,有,17450000,195212.0,坡道機械,14.54,1550000,預售屋、或土地及建物分件登記案件；,RPVNMLOKQHJGFAA18DA,50.17,0.0,4.49,有,,
文山區,房地(土地+建物)+車位,富山路９號三樓,23.35,住,,,1100428,土地1建物1車位1,三層,十五層,住宅大樓(11層含以上有電梯),住家用,1130530.0,158.78,3,2,2,有,有,24920000,187667.0,坡道平面,38.78,2400000,預售屋、或土地及建物分件登記案件；,RPWNMLOKQHJGFAA28DA,73.52,0.0,6.96,有,,
文山區,房地(土地+建物)+車位,溪洲街６５號八樓,15.6,,,,1100328,土地1建物1車位1,八層,十五層,住宅大樓(11層含以上有電梯),住家用,1130219.0,126.59,2,2,1,有,有,21350000,217366.0,坡道平面,39.87,2500000,含雨遮1.09坪，雨遮不計價。預售屋、或土地及建物分件登記案件；,RPQOMLLLNHJGFAA27DA,48.5,3.6,4.38,有,,
文山區,房地(土地+建物)+車位,溪洲街６５號五樓,15.58,,,,1100314,土地1建物1車位1,五層,十五層,住宅大樓(11層含以上有電梯),住家用,1130219.0,126.76,2,2,1,有,有,20250000,206008.0,坡道平面,39.87,2350000,含雨遮1.13坪，雨遮不計價。預售屋、或土地及建物分件登記案件；,RPVNMLSLNHJGFAA38DA,48.5,3.72,4.38,有,,
文山區,房地(土地+建物)+車位,溪洲街６５號八樓之７,15.2,,,,1100328,土地1建物1車位1,八層,十五層,住宅大樓(11層含以上有電梯),住家用,1130219.0,124.43,2,2,1,有,有,19250000,199858.0,坡道平面,39.87,2350000,含雨遮1.19坪，雨遮不計價。預售屋、或土地及建物分件登記案件；,RPVPMLSLNHJGFAA58DA,46.73,3.92,4.44,有,,
文山區,房地(土地+建物)+車位,溪洲街６５號五樓之９,20.36,,,,1100311,土地1建物1車位1,五層,十五層,住宅大樓(11層含以上有電梯),住家用,1130219.0,153.64,3,2,1,有,有,25100000,197328.0,坡道平面,39.87,2650000,含雨遮0.95坪，雨遮不計價。預售屋、或土地及建物分件登記案件；,RPPQMLSLNHJGFAA08DA,74.12,3.15,10.59,有,,
文山區,房地(土地+建物)+車位,溪洲街６３號四樓,17.01,,,,1100327,土地1建物1車位1,四層,十五層,住宅大樓(11層含以上有電梯),住家用,1130219.0,136.88,2,2,1,有,有,21350000,192764.0,坡道平面,39.87,2650000,含雨遮1.87坪，雨遮不計價。預售屋、或土地及建物分件登記案件；,RPRQMLSLNHJGFAA28DA,49.98,6.19,5.56,有,,
中正區,房地(土地+建物)+車位,詔安街５３號五樓,21.63,住,,,1100308,土地1建物1車位1,五層,十一層,住宅大樓(11層含以上有電梯),住家用,1130402.0,146.42,3,2,2,有,有,26450000,180645.0,其他,0.0,1900000,預售屋、或土地及建物分件登記案件；,RPRNMLOKOHJGFAA67EA,66.94,0.0,4.91,有,,
中正區,房地(土地+建物)+車位,詔安街５３號六樓,21.63,住,,,1100308,土地1建物1車位1,六層,十一層,住宅大樓(11層含以上有電梯),住家用,1130402.0,146.42,3,2,2,有,有,26650000,182011.0,其他,0.0,1900000,預售屋、或土地及建物分件登記案件；,RPSNMLOKOHJGFAA77EA,66.94,0.0,4.91,有,,
中正區,房地(土地+建物)+車位,詔安街５３號二樓之２,18.67,住,,,1100329,土地1建物1車位1,二層,十一層,住宅大樓(11層含以上有電梯),住家用,1130402.0,130.96,3,2,2,有,有,21850000,166845.0,其他,0.0,1900000,預售屋、或土地及建物分件登記案件；,RPWOMLOKOHJGFAA28EA,57.2,0.0,4.83,有,,
中正區,房地(土地+建物)+車位,詔安街５３號三樓之２,18.67,住,,,1100321,土地1建物1車位1,三層,十一層,住宅大樓(11層含以上有電梯),住家用,1130402.0,130.96,3,2,2,有,有,21800000,166463.0,其他,0.0,1900000,預售屋、或土地及建物分件登記案件；,RPXOMLOKOHJGFAA38EA,57.2,0.0,4.83,有,,
中正區,房地(土地+建物)+車位,詔安街５３號四樓之２,18.67,住,,,1100330,土地1建物1車位1,四層,十一層,住宅大樓(11層含以上有電梯),住家用,1130402.0,130.96,3,2,2,有,有,22220000,169670.0,其他,0.0,1900000,預售屋、或土地及建物分件登記案件；,RPOPMLOKOHJGFAA57EA,57.2,0.0,4.83,有,,
中正區,房地(土地+建物)+車位,詔安街５３號九樓之２,18.2,住,,,1100310,土地1建物1車位1,九層,十一層,住宅大樓(11層含以上有電梯),住家用,1130402.0,128.32999999999998,3,2,2,有,有,22700000,176888.0,其他,0.0,1900000,預售屋、或土地及建物分件登記案件；,RPTPMLOKOHJGFAA08EA,55.71,0.0,4.65,有,,
中正區,房地(土地+建物)+車位,詔安街５３號十一樓之２,18.2,住,,,1100311,土地1建物1車位1,十一層,十一層,住宅大樓(11層含以上有電梯),住家用,1130402.0,128.32,3,2,2,有,有,23100000,180019.0,其他,0.0,1900000,預售屋、或土地及建物分件登記案件；,RPVPMLOKOHJGFAA28EA,55.71,0.0,4.65,有,,
文山區,房地(土地+建物)+車位,溪洲街６５號六樓之８,15.03,住,,,1100325,土地1建物1車位1,六層,十五層,住宅大樓(11層含以上有電梯),住家用,1130219.0,123.45,2,2,1,有,有,18950000,198612.0,坡道平面,39.87,2350000,含雨遮0.77坪，雨遮不計價。預售屋、或土地及建物分件登記案件；,RPWNMLRKOHJGFAA38DA,47.27,2.54,4.63,有,,
文山區,房地(土地+建物)+車位,溪洲街６５號十二樓之６,16.18,住,,,1100309,土地1建物1車位1,十二層,十五層,住宅大樓(11層含以上有電梯),住家用,1130219.0,129.82,2,2,1,有,有,22800000,222346.0,坡道平面,39.87,2800000,含雨遮2.16坪，雨遮不計價。預售屋、或土地及建物分件登記案件；,RPOOMLRKOHJGFAA67DA,60.5,7.15,4.68,有,,
文山區,房地(土地+建物)+車位,溪洲街６５號十三樓之６,16.39,住,,,1100311,土地1建物1車位1,十三層,十五層,住宅大樓(11層含以上有電梯),住家用,1130219.0,131.17000000000002,2,2,1,有,有,20430000,196166.0,坡道平面,39.87,2520000,含雨遮2.44坪，雨遮不計價。預售屋、或土地及建物分件登記案件；,RPPOMLRKOHJGFAA77DA,60.5,8.05,4.68,有,,
文山區,房地(土地+建物)+車位,溪洲街６３號五樓之１,17.46,住,,,1100313,土地1建物1車位1,五層,十五層,住宅大樓(11層含以上有電梯),住家用,1130219.0,139.49,2,2,1,有,有,22300000,197250.0,坡道平面,39.87,2650000,含雨遮1.52坪，雨遮不計價。預售屋、或土地及建物分件登記案件；,RPUOMLRKOHJGFAA28DA,66.65,5.04,5.44,有,,
文山區,房地(土地+建物)+車位,溪洲街６５號四樓之５,16.02,住,,,1100327,土地1建物1車位1,四層,十五層,住宅大樓(11層含以上有電梯),住家用,1130219.0,129.14,2,2,1,有,有,19600000,193234.0,坡道平面,39.87,2350000,含雨遮1.21坪，雨遮不計價。預售屋、或土地及建物分件登記案件；,RPWOMLRKOHJGFAA48DA,49.83,4.01,4.31,有,,
北投區,房地(土地+建物)+車位,三合街一段８２巷１２２號三樓,22.62,住,,,1100306,土地1建物1車位1,三層,八層,華廈(10層含以下有電梯),住家用,1130123.0,126.51,2,1,1,有,無,18430000,199589.0,升降平面,43.69,1900000,管委會尚未成立預售屋、或土地及建物分件登記案件；,RPPOMLOJPHJGFEA97EA,49.92,0.0,4.32,有,,
士林區,房地(土地+建物)+車位,重慶北路四段１０８號十二樓,14.22,住,,,1100308,土地1建物1車位1,十二層,十六層,住宅大樓(11層含以上有電梯),住家用,1130123.0,163.86,3,2,2,有,有,23800000,175609.0,坡道平面,40.29,2100000,預售屋、或土地及建物分件登記案件；,RPWNMLLKPHJGFEA28DA,80.42,0.0,4.86,有,,
文山區,房地(土地+建物)+車位,溪洲街６５號九樓,37.88,住,,,1100310,土地1建物1車位1,九層,十五層,住宅大樓(11層含以上有電梯),住家用,1130219.0,252.35,4,2,3,有,有,48820000,217903.0,坡道平面,39.87,2520000,含雨遮1.64坪，雨遮不計價。預售屋、或土地及建物分件登記案件；,RPTOMLSKOHJGFAA28DA,135.88,5.41,10.86,有,,
文山區,房地(土地+建物)+車位,溪洲街６５號十樓之１,15.38,住,,,1100310,土地1建物1車位1,十層,十五層,住宅大樓(11層含以上有電梯),住家用,1130219.0,125.32,2,2,1,有,有,21550000,224693.0,坡道平面,39.87,2350000,含雨遮1.07坪，雨遮不計價。預售屋、或土地及建物分件登記案件；,RPWOMLSKOHJGFAA58DA,47.61,3.55,4.51,有,,
文山區,房地(土地+建物),溪洲街６５號十二樓之５,15.82,住,,,1100308,土地1建物1車位0,十二層,十五層,住宅大樓(11層含以上有電梯),住家用,1130219.0,89.27,2,2,1,有,有,20000000,224039.0,,0.0,0,含雨遮1.21坪，雨遮不計價。預售屋、或土地及建物分件登記案件；,RPXPMLSKOHJGFAA78DA,49.83,4.01,4.31,有,,
文山區,房地(土地+建物)+車位,溪洲街６５號十五樓之５,16.1,住,,,1100329,土地1建物1車位1,十五層,十五層,住宅大樓(11層含以上有電梯),住家用,1130219.0,129.59,2,2,1,有,有,23500000,235733.0,坡道平面,39.87,2350000,1.含雨遮1.30坪，雨遮不計價。2.依111年5月26日協議書辦理產權登記。預售屋、或土地及建物分件登記案件；,RPOQMLSKOHJGFAA97DA,49.83,4.31,4.31,有,,
文山區,房地(土地+建物)+車位,溪洲街６５號十五樓之６,16.27,住,,,1100329,土地1建物1車位1,十五層,十五層,住宅大樓(11層含以上有電梯),住家用,1130219.0,130.44,2,2,1,有,有,23000000,228000.0,坡道平面,39.87,2350000,1.含雨遮2.29坪，雨遮不計價。2.依112年3月24日協議書辦理產權登記。預售屋、或土地及建物分件登記案件；,RPPQMLSKOHJGFAA08DA,46.75,7.57,4.68,有,,
文山區,房地(土地+建物)+車位,溪洲街６３號三樓之１,17.96,住,,,1100326,土地1建物1車位1,三層,十五層,住宅大樓(11層含以上有電梯),住家用,1130219.0,142.45,2,2,1,有,有,22400000,192533.0,坡道平面,39.87,2650000,含雨遮2.10坪，雨遮不計價。預售屋、或土地及建物分件登記案件；,RPSQMLSKOHJGFAA38DA,66.65,6.93,5.44,有,,
文山區,房地(土地+建物)+車位,溪洲街６３號三樓,17.33,住,,,1100324,土地1建物1車位1,三層,十五層,住宅大樓(11層含以上有電梯),住家用,1130219.0,138.83,2,2,1,有,有,21450000,189976.0,坡道平面,39.87,2650000,1.含雨遮2.24坪，雨遮不計價。2.依111年12月26日協議書辦理產權登記。預售屋、或土地及建物分件登記案件；,RPVQMLSKOHJGFAA68DA,63.73,7.41,5.56,有,,
士林區,房地(土地+建物)+車位,重慶北路四段１０８號十三樓,14.22,住,,,1100310,土地1建物1車位1,十三層,十六層,住宅大樓(11層含以上有電梯),住家用,1130123.0,163.86,3,2,2,有,有,23980000,177066.0,坡道平面,40.29,2100000,預售屋、或土地及建物分件登記案件；,RPQNMLTKPHJGFEA48DA,80.42,0.0,4.86,有,,
文山區,房地(土地+建物)+車位,富山路５號二樓,23.62,住,,,1100322,土地1建物1車位1,二層,十五層,住宅大樓(11層含以上有電梯),住家用,1130530.0,160.31,3,2,2,有,有,24750000,183905.0,坡道平面,38.78,2400000,預售屋、或土地及建物分件登記案件；,RPVNMLPJQHJGFAA18DA,74.6,0.0,6.96,有,,
文山區,房地(土地+建物)+車位,富山路５號九樓,23.62,住,,,1100320,土地1建物1車位1,九層,十五層,住宅大樓(11層含以上有電梯),住家用,1130530.0,160.31,3,2,2,有,有,26380000,194026.0,坡道平面,38.78,2800000,預售屋、或土地及建物分件登記案件；,RPROMLPJQHJGFAA87DA,74.6,0.0,6.96,有,,
松山區,房地(土地+建物),南京東路四段５２巷３號二樓之１,12.01,住,,,1100315,土地1建物1車位0,二層,七層,華廈(10層含以下有電梯),住家用,1121215.0,60.17,1,0,1,有,有,19900000,330730.0,,0.0,0,權利人於112年6月20日以2140萬元取得本標的,RPSNMLTLPHJGFDA78EA,34.38,0.0,3.32,有,,
松山區,房地(土地+建物),南京東路四段５２巷３號三樓之１,12.01,住,,,1100315,土地1建物1車位0,三層,七層,華廈(10層含以下有電梯),住家用,1121215.0,60.17,1,0,1,有,有,19900000,330730.0,,0.0,0,權利人於１１２年４月２４日以２１５０萬元取得本標的,RPTNMLTLPHJGFDA88EA,34.38,0.0,3.32,有,,
士林區,房地(土地+建物)+車位,重慶北路四段１０８號十三樓之３,14.19,住,,,1100310,土地1建物1車位1,十三層,十六層,住宅大樓(11層含以上有電梯),住家用,1130123.0,163.56,3,2,2,有,有,22600000,169547.0,坡道平面,40.29,1700000,預售屋、或土地及建物分件登記案件；,RPWOMLMKQHJGFEA58DA,80.21,0.0,4.86,有,,
文山區,房地(土地+建物)+車位,富山路９號十樓,23.35,住,,,1100307,土地1建物1車位1,十層,十五層,住宅大樓(11層含以上有電梯),住家用,1130530.0,158.78,3,2,2,有,有,25400000,191667.0,坡道平面,38.78,2400000,預售屋、或土地及建物分件登記案件；,RPSNMLQLQHJGFAA28EA,73.52,0.0,6.96,有,,
文山區,房地(土地+建物)+車位,富山路９號十三樓,23.35,住,,,1100328,土地1建物1車位1,十三層,十五層,住宅大樓(11層含以上有電梯),住家用,1130530.0,158.78,3,2,2,有,有,26280000,196500.0,坡道平面,38.78,2700000,預售屋、或土地及建物分件登記案件；,RPTNMLQLQHJGFAA38EA,73.52,0.0,6.96,有,,
南港區,房地(土地+建物)+車位,市民大道七段１０號九樓之１,17.77,住,,,1100308,土地2建物1車位1,九層,十四層,住宅大樓(11層含以上有電梯),住家用,1130531.0,164.07999999999998,3,2,2,有,有,45480000,326709.0,坡道平面,33.75,2900000,預售屋、或土地及建物分件登記案件；,RPSNMLPJRHJGFDA28DA,78.47,0.0,7.8,有,,
文山區,房地(土地+建物)+車位,溪洲街６５號五樓之６,16.18,,,,1100224,土地1建物1車位1,五層,十五層,住宅大樓(11層含以上有電梯),住家用,1130219.0,129.82999999999998,2,2,1,有,有,19880000,194864.0,坡道平面,39.87,2350000,含雨遮2.16坪，雨遮不計價。預售屋、或土地及建物分件登記案件；,RPQPMLSLNHJGFAA08DA,46.75,7.15,4.68,有,,
文山區,房地(土地+建物)+車位,溪洲街６５號九樓之６,16.1,,,,1100221,土地1建物1車位1,九層,十五層,住宅大樓(11層含以上有電梯),住家用,1130219.0,129.33,2,2,1,有,有,21200000,210709.0,坡道平面,39.87,2350000,含雨遮2.07坪，雨遮不計價。預售屋、或土地及建物分件登記案件；,RPUPMLSLNHJGFAA48DA,46.75,6.84,4.68,有,,
中正區,房地(土地+建物)+車位,詔安街５３號五樓之２,18.67,住,,,1100209,土地1建物1車位1,五層,十一層,住宅大樓(11層含以上有電梯),住家用,1130402.0,130.96,3,2,2,有,有,22340000,170586.0,其他,0.0,1900000,買方前於民國113年3月18日簽訂契約更名讓渡協議書，成交金額2644萬。預售屋、或土地及建物分件登記案件；,RPPPMLOKOHJGFAA67EA,57.2,0.0,4.83,有,,
中正區,房地(土地+建物)+車位,詔安街５３號十樓之２,18.2,住,,,1100205,土地1建物1車位1,十層,十一層,住宅大樓(11層含以上有電梯),住家用,1130402.0,128.32999999999998,3,2,2,有,有,23000000,179225.0,其他,0.0,1900000,預售屋、或土地及建物分件登記案件；,RPUPMLOKOHJGFAA18EA,55.71,0.0,4.65,有,,
中正區,房地(土地+建物)+車位,詔安街５３號七樓,21.63,住,,,1100204,土地1建物1車位1,七層,十一層,住宅大樓(11層含以上有電梯),住家用,1130402.0,146.42,3,2,2,有,有,26450000,180645.0,其他,0.0,1900000,預售屋、或土地及建物分件登記案件；,RPPNMLTKOHJGFAA97EA,66.94,0.0,4.91,有,,
文山區,房地(土地+建物)+車位,溪洲街６５號六樓之１,15.4,住,,,1100227,土地1建物1車位1,六層,十五層,住宅大樓(11層含以上有電梯),住家用,1130219.0,125.48,2,2,1,有,有,20000000,206168.0,坡道平面,39.87,2350000,含雨遮1.10坪，雨遮不計價。預售屋、或土地及建物分件登記案件；,RPUNMLRKOHJGFAA18DA,47.61,3.63,4.51,有,,
文山區,房地(土地+建物)+車位,溪洲街６５號九樓之２,15.66,住,,,1100207,土地1建物1車位1,九層,十五層,住宅大樓(11層含以上有電梯),住家用,1130219.0,126.89,2,2,1,有,有,21400000,217191.0,坡道平面,39.87,2500000,含雨遮1.15坪，雨遮不計價。預售屋、或土地及建物分件登記案件；,RPXOMLRKOHJGFAA58DA,48.45,3.79,4.44,有,,
文山區,房地(土地+建物)+車位,溪洲街６５號九樓之５,16.24,住,,,1100205,土地1建物1車位1,九層,十五層,住宅大樓(11層含以上有電梯),住家用,1130219.0,130.23000000000002,2,2,1,有,有,21800000,213590.0,坡道平面,39.87,2500000,含雨遮1.43坪，雨遮不計價。預售屋、或土地及建物分件登記案件；,RPPPMLRKOHJGFAA87DA,49.83,4.72,4.31,有,,
北投區,房地(土地+建物),三合街一段８２巷１２２號二樓,22.58,住,,,1100219,土地1建物1車位0,二層,八層,華廈(10層含以下有電梯),住家用,1130123.0,82.81,2,1,1,有,無,15780000,190557.0,,0.0,0,管委會尚未成立預售屋、或土地及建物分件登記案件；,RPOOMLOJPHJGFEA87EA,49.92,0.0,4.32,有,,
北投區,房地(土地+建物)+車位,三合街一段８２巷１２２號八樓,22.62,住,,,1100222,土地1建物1車位1,八層,八層,華廈(10層含以下有電梯),住家用,1130123.0,126.51,2,1,1,有,無,19500000,212509.0,升降平面,43.69,1900000,管委會尚未成立預售屋、或土地及建物分件登記案件；,RPSOMLOJPHJGFEA28EA,49.92,0.0,4.32,有,,
北投區,房地(土地+建物)+車位,三合街一段８２巷１２０號六樓,37.35,住,,,1100227,土地1建物1車位1,六層,八層,華廈(10層含以下有電梯),住家用,1130123.0,180.5,3,2,2,有,無,30300000,202471.0,一樓平面,43.69,2600000,管委會尚未成立預售屋、或土地及建物分件登記案件；,RPPNMLLKPHJGFEA67EA,80.84,0.0,8.76,有,,
北投區,房地(土地+建物)+車位,三合街一段８２巷１２０號二樓,37.35,住,,,1100205,土地1建物1車位1,二層,八層,華廈(10層含以下有電梯),住家用,1130123.0,180.5,3,2,2,有,無,27639986,188144.0,升降平面,43.69,1900000,管委會尚未成立原合約27500000元因登記面積誤差找補139986預售屋、或土地及建物分件登記案件；,RPQNMLLKPHJGFEA77EA,80.84,0.0,8.76,有,,
文山區,房地(土地+建物)+車位,富山路７號十樓,15.84,住,,,1100206,土地1建物1車位1,十層,十五層,住宅大樓(11層含以上有電梯),住家用,1130530.0,95.99,2,2,2,有,有,17500000,192756.0,坡道機械,14.54,1800000,預售屋、或土地及建物分件登記案件；,RPQOMLPJQHJGFAA77DA,50.17,0.0,4.49,有,,
大同區,房地(土地+建物),蘭州街８９巷１６號六樓之３,10.12,住,,,1100224,土地1建物1車位0,六層,十二層,住宅大樓(11層含以上有電梯),住家用,1130325.0,58.98,2,1,1,有,有,13000000,220414.0,,0.0,0,預售屋、或土地及建物分件登記案件；,RPPQMLSJMHJGFBA87DA,34.32,0.0,2.92,有,,
南港區,房地(土地+建物),市民大道七段１０號十一樓之２,6.93,住,,,1100223,土地2建物1車位0,十一層,十四層,住宅大樓(11層含以上有電梯),住家用,1130531.0,50.45,1,1,1,有,有,16950000,335976.0,,0.0,0,預售屋、或土地及建物分件登記案件；,RPXNMLPJRHJGFDA78DA,30.17,0.0,3.28,有,,
南港區,房地(土地+建物),市民大道七段１０號十樓之５,10.68,住,,,1100205,土地2建物1車位0,十層,十四層,住宅大樓(11層含以上有電梯),住家用,1130531.0,78.24,2,2,1,有,有,25250000,322725.0,,0.0,0,含裝潢費；預售屋、或土地及建物分件登記案件；,RPSOMLPJRHJGFDA38DA,48.67,0.0,3.19,有,,
文山區,房地(土地+建物)+車位,溪洲街６５號十樓,23.41,,,,1100114,土地1建物1車位1,十層,十五層,住宅大樓(11層含以上有電梯),住家用,1130219.0,171.22,3,2,2,有,有,29750000,208603.0,坡道平面,39.87,2350000,1.含雨遮3.48坪，雨遮不計價。2.依112年10月20日協議書辦理產權登記。預售屋、或土地及建物分件登記案件；,RPWNMLSLNHJGFAA48DA,68.55,11.52,5.48,有,,
文山區,房地(土地+建物)+車位,溪洲街６５號四樓之３,20.77,,,,1100110,土地1建物1車位1,四層,十五層,住宅大樓(11層含以上有電梯),住家用,1130219.0,155.89,3,2,2,有,有,25780000,200655.0,坡道平面,39.87,2500000,含雨遮1.15坪，雨遮不計價。預售屋、或土地及建物分件登記案件；,RPSOMLSLNHJGFAA18DA,62.3,3.79,9.47,有,,
文山區,房地(土地+建物)+車位,溪洲街６５號十二樓之３,21.05,,,,1100110,土地1建物1車位1,十二層,十五層,住宅大樓(11層含以上有電梯),住家用,1130219.0,157.2,3,2,2,有,有,28880000,226114.0,坡道平面,39.87,2350000,1含雨遮1.51坪，雨遮不計價。2依111年12月20日協議書辦理產權登記。預售屋、或土地及建物分件登記案件；,RPUOMLSLNHJGFAA38DA,62.3,4.99,9.12,有,,
文山區,房地(土地+建物)+車位,溪洲街６５號十四樓之５,16.49,,,,1100122,土地1建物1車位1,十四層,十五層,住宅大樓(11層含以上有電梯),住家用,1130219.0,131.69,2,2,1,有,有,23650000,228708.0,坡道平面,39.87,2650000,1含雨遮1.71坪，雨遮不計價。2依112年4月25日協議書辦理產權登記。預售屋、或土地及建物分件登記案件；,RPXOMLSLNHJGFAA68DA,63.58,5.66,4.31,有,,
文山區,房地(土地+建物)+車位,溪洲街６５號四樓之６,16.18,,,,1100129,土地1建物1車位1,四層,十五層,住宅大樓(11層含以上有電梯),住家用,1130219.0,129.82999999999998,2,2,1,有,有,19000000,185082.0,坡道平面,39.87,2350000,1含雨遮2.16坪，雨遮不計價。2依112年10月6日協議書辦理產權登記。預售屋、或土地及建物分件登記案件；,RPPPMLSLNHJGFAA97DA,46.75,7.15,4.68,有,,
北投區,房地(土地+建物)+車位,榮華二路２９號四樓,33.6,住,,,1100107,土地1建物1車位1,四層,十一層,住宅大樓(11層含以上有電梯),住家用,1130219.0,204.71,4,2,2,有,無,45610000,251819.0,坡道平面,34.31,2700000,預售屋、或土地及建物分件登記案件；,RPOQMLMKOHJGFEA77DA,104.27,0.0,10.27,有,,
中正區,房地(土地+建物)+車位,詔安街５３號八樓,21.63,住,,,1100121,土地1建物1車位1,八層,十一層,住宅大樓(11層含以上有電梯),住家用,1130402.0,146.42,3,2,2,有,有,26550000,181328.0,其他,0.0,1900000,預售屋、或土地及建物分件登記案件；,RPTNMLOKOHJGFAA87EA,66.94,0.0,4.91,有,,
中正區,房地(土地+建物),詔安街５３號二樓之１,13.01,住,,,1100125,土地1建物1車位0,二層,十一層,住宅大樓(11層含以上有電梯),住家用,1130402.0,68.02,2,2,2,有,有,14600000,214643.0,,0.0,0,預售屋、或土地及建物分件登記案件；,RPVNMLOKOHJGFAA08EA,38.87,0.0,4.32,有,,
中正區,房地(土地+建物),詔安街５３號三樓之１,13.01,住,,,1100111,土地1建物1車位0,三層,十一層,住宅大樓(11層含以上有電梯),住家用,1130402.0,68.02,2,2,2,有,有,14850000,218318.0,,0.0,0,預售屋、或土地及建物分件登記案件；,RPWNMLOKOHJGFAA18EA,38.87,0.0,4.32,有,,
中正區,房地(土地+建物),詔安街５３號六樓之１,13.01,住,,,1100104,土地1建物1車位0,六層,十一層,住宅大樓(11層含以上有電梯),住家用,1130402.0,68.02,2,2,2,有,有,15300000,224934.0,,0.0,0,預售屋、或土地及建物分件登記案件；,RPPOMLOKOHJGFAA57EA,38.87,0.0,4.32,有,,
北投區,房地(土地+建物),三合街一段８２巷１２２號四樓,22.58,住,,,1100131,土地1建物1車位0,四層,八層,華廈(10層含以下有電梯),住家用,1130123.0,82.81,1,1,1,有,無,16290000,196715.0,,0.0,0,管委會尚未成立預售屋、或土地及建物分件登記案件；,RPQOMLOJPHJGFEA08EA,49.92,0.0,4.32,有,,
北投區,房地(土地+建物)+車位,三合街一段８２巷１２２號五樓,22.62,住,,,1100131,土地1建物1車位1,五層,八層,華廈(10層含以下有電梯),住家用,1130123.0,126.51,2,1,1,有,無,18430000,199589.0,升降平面,43.69,1900000,預售屋、或土地及建物分件登記案件；,RPROMLOJPHJGFEA18EA,49.92,0.0,4.32,有,,
中正區,房地(土地+建物)+車位,詔安街５３號九樓,21.63,住,,,1100117,土地1建物1車位1,九層,十一層,住宅大樓(11層含以上有電梯),住家用,1130402.0,146.42,3,2,2,有,有,26980000,184264.0,其他,0.0,1900000,預售屋、或土地及建物分件登記案件；,RPRNMLPJPHJGFAA77EA,66.94,0.0,4.91,有,,
中正區,房地(土地+建物)+車位,詔安街５３號十一樓,20.16,住,,,1100126,土地1建物1車位1,十一層,十一層,住宅大樓(11層含以上有電梯),住家用,1130402.0,139.47,3,2,2,有,有,25950000,186062.0,其他,0.0,1900000,預售屋、或土地及建物分件登記案件；,RPSNMLPJPHJGFAA87EA,61.85,0.0,5.59,有,,
松山區,房地(土地+建物),南京東路四段５２巷３號五樓之２,11.79,住,,,1100114,土地1建物1車位0,五層,七層,華廈(10層含以下有電梯),住家用,1121215.0,59.06999999999999,1,0,1,有,有,20100000,340274.0,,0.0,0,,RPXNMLQJOHJGFDA68EA,33.41,0.0,3.6,有,,
松山區,房地(土地+建物)+車位,南京東路四段５２巷３號六樓,11.47,住,,,1100109,土地1建物1車位1,六層,七層,華廈(10層含以下有電梯),住家用,1121215.0,75.99,1,0,1,有,有,23000000,365408.0,塔式車位,18.52,2000000,車位所在樓層:地下二層,RPPOMLQJOHJGFDA97EA,32.8,0.0,3.21,有,,
士林區,房地(土地+建物)+車位,重慶北路四段１０８號二樓之３,16.48,住,,,1100107,土地1建物1車位2,二層,十六層,住宅大樓(11層含以上有電梯),住家用,1130123.0,222.19,3,2,2,有,有,27650000,166302.0,坡道平面,80.58,4100000,原買方黃OO二人於112.12.29指定登記黃OO一人預售屋、或土地及建物分件登記案件；,RPPNMLLKPHJGFEA57DA,88.69,0.0,8.96,有,,
士林區,房地(土地+建物)+車位,重慶北路四段１０８號十二樓之５,14.19,住,,,1100114,土地1建物1車位1,十二層,十六層,住宅大樓(11層含以上有電梯),住家用,1130123.0,163.56,3,2,2,有,有,24050000,178876.0,坡道平面,40.29,2000000,預售屋、或土地及建物分件登記案件；,RPQOMLLKPHJGFEA77DA,80.21,0.0,4.86,有,,
文山區,房地(土地+建物)+車位,溪洲街６５號十三樓之３,20.72,住,,,1100116,土地1建物1車位1,十三層,十五層,住宅大樓(11層含以上有電梯),住家用,1130219.0,155.6,3,2,2,有,有,29200000,230709.0,坡道平面,39.87,2500000,含雨遮1.09坪，雨遮不計價。預售屋、或土地及建物分件登記案件；,RPUPMLSKOHJGFAA48DA,62.3,3.59,9.47,有,,
文山區,房地(土地+建物)+車位,溪洲街６５號十五樓之３,21.05,住,,,1100101,土地1建物1車位1,十五層,十五層,住宅大樓(11層含以上有電梯),住家用,1130219.0,157.41,3,2,2,有,有,30100000,234814.0,坡道平面,39.87,2500000,含雨遮1.45坪，雨遮不計價。預售屋、或土地及建物分件登記案件；,RPVPMLSKOHJGFAA58DA,62.3,4.79,9.47,有,,
文山區,房地(土地+建物)+車位,溪洲街６５號十一樓之５,15.94,住,,,1100110,土地1建物1車位1,十一層,十五層,住宅大樓(11層含以上有電梯),住家用,1130219.0,125.42,2,2,1,有,有,22250000,224301.0,坡道平面,36.7,2350000,含雨遮1.11坪，雨遮不計價。預售屋、或土地及建物分件登記案件；,RPWPMLSKOHJGFAA68DA,49.83,3.66,4.31,有,,
文山區,房地(土地+建物)+車位,溪洲街６５號七樓之９,20.36,住,,,1100124,土地1建物1車位1,七層,十五層,住宅大樓(11層含以上有電梯),住家用,1130219.0,153.64,3,2,1,有,有,25500000,202162.0,坡道平面,39.87,2500000,含雨遮0.95坪，雨遮不計價。預售屋、或土地及建物分件登記案件；,RPRQMLSKOHJGFAA28DA,60.37,3.15,10.59,有,,
士林區,房地(土地+建物)+車位,重慶北路四段１０８號十一樓,14.22,住,,,1100113,土地1建物1車位1,十一層,十六層,住宅大樓(11層含以上有電梯),住家用,1130123.0,163.86,3,2,2,有,有,24150000,176823.0,坡道平面,40.29,2300000,預售屋、或土地及建物分件登記案件；,RPTNMLLJQHJGFEA97DA,80.42,0.0,4.86,有,,
文山區,房地(土地+建物)+車位,富山路７號十二樓,15.84,住,,,1100118,土地1建物1車位1,十二層,十五層,住宅大樓(11層含以上有電梯),住家用,1130530.0,95.99,2,2,2,有,有,17450000,195212.0,坡道機械,14.54,1550000,預售屋、或土地及建物分件登記案件；,RPUNMLPJQHJGFAA08DA,50.17,0.0,4.49,有,,
文山區,房地(土地+建物)+車位,富山路５號十二樓,23.62,住,,,1100130,土地1建物1車位2,十二層,十五層,住宅大樓(11層含以上有電梯),住家用,1130530.0,174.85000000000002,3,2,2,有,有,28050000,193368.0,坡道平面,53.32,4550000,113.4.17增購地下三層坡道機械車位預售屋、或土地及建物分件登記案件；,RPXNMLPJQHJGFAA38DA,74.6,0.0,6.96,有,,
文山區,房地(土地+建物)+車位,富山路９號十一樓,23.35,住,,,1100118,土地1建物1車位1,十一層,十五層,住宅大樓(11層含以上有電梯),住家用,1130530.0,158.78,3,2,2,有,有,25230000,190250.0,坡道平面,38.78,2400000,預售屋、或土地及建物分件登記案件；,RPXNMLOKQHJGFAA38DA,73.52,0.0,6.96,有,,
大同區,房地(土地+建物),蘭州街８９巷１６號十二樓之３,10.12,住,,,1100121,土地1建物1車位0,十二層,十二層,住宅大樓(11層含以上有電梯),住家用,1130325.0,58.98,2,1,1,有,有,13360000,226517.0,,0.0,0,預售屋、或土地及建物分件登記案件；,RPUQMLSJMHJGFBA38DA,34.32,0.0,2.92,有,,
文山區,房地(土地+建物)+車位,富山路７號七樓,15.84,住,,,1100119,土地1建物1車位1,七層,十五層,住宅大樓(11層含以上有電梯),住家用,1130530.0,95.99,2,2,2,有,有,17200000,187845.0,坡道機械,14.54,1900000,預售屋、或土地及建物分件登記案件；,RPPNMLQLQHJGFAA97EA,50.17,0.0,4.49,有,,
士林區,房地(土地+建物)+車位,重慶北路四段１０８號十一樓之５,14.19,住,,,1100125,土地1建物1車位1,十一層,十六層,住宅大樓(11層含以上有電梯),住家用,1130123.0,163.56,3,2,2,有,有,24200000,177659.0,坡道平面,40.29,2300000,預售屋、或土地及建物分件登記案件；,RPPOMLRLQHJGFEA48DA,80.21,0.0,4.86,有,,
南港區,房地(土地+建物),市民大道七段１０號八樓,15.73,住,,,1100108,土地2建物1車位0,八層,十四層,住宅大樓(11層含以上有電梯),住家用,1130531.0,115.47,3,2,2,有,有,37100000,321296.0,,0.0,0,預售屋、或土地及建物分件登記案件；,RPPNMLPJRHJGFDA97DA,72.38,0.0,4.04,有,,
南港區,房地(土地+建物)+車位,市民大道七段１０號十樓,15.73,住,,,1100113,土地2建物1車位1,十層,十四層,住宅大樓(11層含以上有電梯),住家用,1130531.0,146.29000000000002,3,2,2,有,有,40300000,324760.0,坡道平面,30.82,2800000,含裝潢費；預售屋、或土地及建物分件登記案件；,RPQNMLPJRHJGFDA08DA,72.38,0.0,4.04,有,,
南港區,房地(土地+建物)+車位,市民大道七段１０號八樓之１,17.77,住,,,1100123,土地2建物1車位1,八層,十四層,住宅大樓(11層含以上有電梯),住家用,1130531.0,164.07999999999998,2,2,2,有,有,45000000,323793.0,坡道平面,33.75,2800000,預售屋、或土地及建物分件登記案件；,RPRNMLPJRHJGFDA18DA,78.47,0.0,7.8,有,,
南港區,房地(土地+建物),市民大道七段１０號十四樓之１,11.33,住,,,1100101,土地2建物1車位0,十四層,十四層,住宅大樓(11層含以上有電梯),住家用,1130531.0,83.77000000000001,2,2,1,有,有,27350000,326489.0,,0.0,0,含裝潢費；預售屋、或土地及建物分件登記案件；,RPTNMLPJRHJGFDA38DA,51.92,0.0,3.18,有,,
南港區,房地(土地+建物),市民大道七段１０號七樓之２,6.93,住,,,1100130,土地2建物1車位0,七層,十四層,住宅大樓(11層含以上有電梯),住家用,1130531.0,50.45,1,1,1,有,有,16550000,328048.0,,0.0,0,含裝潢費；預售屋、或土地及建物分件登記案件；,RPUNMLPJRHJGFDA48DA,30.17,0.0,3.28,有,,
南港區,房地(土地+建物),市民大道七段１０號十樓之２,6.93,住,,,1100111,土地2建物1車位0,十層,十四層,住宅大樓(11層含以上有電梯),住家用,1130531.0,50.45,1,1,1,有,有,16850000,333994.0,,0.0,0,含裝潢費；預售屋、或土地及建物分件登記案件；,RPWNMLPJRHJGFDA68DA,30.17,0.0,3.28,有,,
南港區,房地(土地+建物)+車位,市民大道七段１０號十四樓之２,10.68,住,,,1100111,土地2建物1車位1,十四層,十四層,住宅大樓(11層含以上有電梯),住家用,1130531.0,112.5,2,2,1,有,有,28700000,330159.0,坡道平面,33.75,2700000,本預售屋於112年05月10日簽訂轉讓協議，轉讓金額為2980萬元整。含裝潢費；預售屋、或土地及建物分件登記案件；,RPOOMLPJRHJGFDA97DA,48.67,0.0,3.19,有,,
南港區,房地(土地+建物)+車位,市民大道七段１０號十樓之３,11.49,住,,,1100122,土地2建物1車位1,十層,十四層,住宅大樓(11層含以上有電梯),住家用,1130531.0,104.74,2,2,1,有,有,28500000,316554.0,坡道機械,20.71,1900000,預售屋、或土地及建物分件登記案件；,RPPOMLPJRHJGFDA08DA,52.48,0.0,3.18,有,,
南港區,房地(土地+建物),市民大道七段１０號八樓之２,6.93,住,,,1100111,土地2建物1車位0,八層,十四層,住宅大樓(11層含以上有電梯),住家用,1130531.0,50.45,1,1,1,有,有,16650000,330030.0,,0.0,0,含裝潢費；預售屋、或土地及建物分件登記案件；,RPTOMLPJRHJGFDA48DA,30.17,0.0,3.28,有,,
文山區,房地(土地+建物)+車位,溪洲街６５號十一樓,23.99,,,,1091215,土地1建物1車位1,十一層,十五層,住宅大樓(11層含以上有電梯),住家用,1130219.0,174.49,3,2,2,有,有,30480000,207844.0,坡道平面,39.87,2500000,含雨遮4.13坪，雨遮不計價。預售屋、或土地及建物分件登記案件；,RPXNMLSLNHJGFAA58DA,68.55,13.64,5.48,有,,
文山區,房地(土地+建物)+車位,溪洲街６５號十樓之３,21.05,,,,1091215,土地1建物1車位1,十層,十五層,住宅大樓(11層含以上有電梯),住家用,1130219.0,157.2,3,2,2,有,有,28350000,221597.0,坡道平面,39.87,2350000,1.含雨遮1.51坪，雨遮不計價。2.依111年5月3日協議書辦理產權登記後手轉讓成交價格新台幣3070萬元整。預售屋、或土地及建物分件登記案件；,RPTOMLSLNHJGFAA28DA,62.3,4.99,9.12,有,,
文山區,房地(土地+建物),溪洲街６５號五樓之８,14.45,,,,1091216,土地1建物1車位0,五層,十五層,住宅大樓(11層含以上有電梯),住家用,1130219.0,81.39,2,2,1,有,有,16280000,200025.0,,0.0,0,含雨遮0.33坪，雨遮不計價。預售屋、或土地及建物分件登記案件；,RPWPMLSLNHJGFAA68DA,47.27,1.1,4.63,有,,
中正區,房地(土地+建物)+車位,詔安街５３號十樓,21.63,住,,,1091201,土地1建物1車位1,十層,十一層,住宅大樓(11層含以上有電梯),住家用,1130402.0,146.42,3,2,2,有,有,27100000,185084.0,其他,0.0,1900000,預售屋、或土地及建物分件登記案件；,RPUNMLOKOHJGFAA97EA,66.94,0.0,4.91,有,,
中正區,房地(土地+建物),詔安街５３號四樓之１,13.01,住,,,1091230,土地1建物1車位0,四層,十一層,住宅大樓(11層含以上有電梯),住家用,1130402.0,68.02,2,2,2,有,有,15180000,223170.0,,0.0,0,預售屋、或土地及建物分件登記案件；,RPXNMLOKOHJGFAA28EA,38.87,0.0,4.32,有,,
中正區,房地(土地+建物),詔安街５３號五樓之１,13.01,住,,,1091229,土地1建物1車位0,五層,十一層,住宅大樓(11層含以上有電梯),住家用,1130402.0,68.02,2,2,2,有,有,15180000,223170.0,,0.0,0,預售屋、或土地及建物分件登記案件；,RPOOMLOKOHJGFAA47EA,38.87,0.0,4.32,有,,
中正區,房地(土地+建物),詔安街５３號七樓之１,13.01,住,,,1091210,土地1建物1車位0,七層,十一層,住宅大樓(11層含以上有電梯),住家用,1130402.0,68.02,2,2,2,有,有,15380000,226110.0,,0.0,0,預售屋、或土地及建物分件登記案件；,RPQOMLOKOHJGFAA67EA,38.87,0.0,4.32,有,,
中正區,房地(土地+建物),詔安街５３號八樓之１,13.01,住,,,1091202,土地1建物1車位0,八層,十一層,住宅大樓(11層含以上有電梯),住家用,1130402.0,68.02,2,2,2,有,有,15500000,227874.0,,0.0,0,預售屋、或土地及建物分件登記案件；,RPROMLOKOHJGFAA77EA,38.87,0.0,4.32,有,,
中正區,房地(土地+建物),詔安街５３號九樓之１,13.01,住,,,1091210,土地1建物1車位0,九層,十一層,住宅大樓(11層含以上有電梯),住家用,1130402.0,68.00999999999999,2,2,2,有,有,15560000,228790.0,,0.0,0,買方前於民國111年7月8日簽訂契約更名讓渡協議書，成交金額1628萬。預售屋、或土地及建物分件登記案件；,RPSOMLOKOHJGFAA87EA,38.87,0.0,4.32,有,,
中正區,房地(土地+建物),詔安街５３號十樓之１,13.01,住,,,1091215,土地1建物1車位0,十層,十一層,住宅大樓(11層含以上有電梯),住家用,1130402.0,68.00999999999999,2,2,2,有,有,15480000,227614.0,,0.0,0,預售屋、或土地及建物分件登記案件；,RPTOMLOKOHJGFAA97EA,38.87,0.0,4.32,有,2137.0,
中正區,房地(土地+建物),詔安街５３號十一樓之１,13.01,住,,,1091230,土地1建物1車位0,十一層,十一層,住宅大樓(11層含以上有電梯),住家用,1130402.0,68.00999999999999,2,2,2,有,有,15520000,228202.0,,0.0,0,預售屋、或土地及建物分件登記案件；,RPUOMLOKOHJGFAA08EA,38.87,0.0,4.32,有,,
中正區,房地(土地+建物)+車位,詔安街５３號六樓之２,18.67,住,,,1091230,土地1建物1車位1,六層,十一層,住宅大樓(11層含以上有電梯),住家用,1130402.0,130.96,3,2,2,有,有,22600000,172572.0,其他,0.0,1900000,預售屋、或土地及建物分件登記案件；,RPQPMLOKOHJGFAA77EA,57.2,0.0,4.83,有,,
文山區,房地(土地+建物)+車位,溪洲街６５號十四樓之３,20.04,住,,,1091216,土地1建物1車位1,十四層,十五層,住宅大樓(11層含以上有電梯),住家用,1130219.0,152.03,3,2,2,有,有,26240000,212643.0,坡道平面,39.87,2390000,含雨遮0.39坪，雨遮不計價。預售屋、或土地及建物分件登記案件；,RPSOMLRKOHJGFAA08DA,76.05,1.28,9.47,有,,
文山區,房地(土地+建物)+車位,溪洲街６５號十五樓,23.93,住,,,1091220,土地1建物1車位1,十五層,十五層,住宅大樓(11層含以上有電梯),住家用,1130219.0,174.32999999999998,3,2,2,有,有,32000000,219396.0,坡道平面,39.87,2500000,含雨遮4.10坪，雨遮不計價。預售屋、或土地及建物分件登記案件；,RPTPMLRKOHJGFAA28DA,68.55,13.56,5.47,有,,
士林區,房地(土地+建物)+車位,重慶北路四段１０８號三樓,14.22,住,,,1091202,土地1建物1車位1,三層,十六層,住宅大樓(11層含以上有電梯),住家用,1130123.0,163.86,3,2,2,有,有,22380000,164927.0,坡道平面,40.29,2000000,原買方洪OO二人於112.10.30指定登記為洪OO一人預售屋、或土地及建物分件登記案件；,RPSNMLLKPHJGFEA87DA,80.42,0.0,4.86,有,,
士林區,房地(土地+建物)+車位,重慶北路四段１０８號六樓,14.22,住,,,1091221,土地1建物1車位1,六層,十六層,住宅大樓(11層含以上有電梯),住家用,1130123.0,163.86,3,2,2,有,有,21500000,158615.0,坡道平面,40.29,1900000,預售屋、或土地及建物分件登記案件；,RPTNMLLKPHJGFEA97DA,80.42,0.0,4.86,有,,
士林區,房地(土地+建物)+車位,重慶北路四段１０８號七樓,14.22,住,,,1091209,土地1建物1車位1,七層,十六層,住宅大樓(11層含以上有電梯),住家用,1130123.0,163.86,3,2,2,有,有,22550000,165493.0,坡道平面,40.29,2100000,原買方周OO與新買方林OO於112.7.10 簽立權利義務移轉證明更名轉讓轉售金額2668萬元預售屋、或土地及建物分件登記案件；,RPVNMLLKPHJGFEA18DA,80.42,0.0,4.86,有,,
松山區,房地(土地+建物),南京東路四段５２巷３號四樓之２,11.79,住,,,1091201,土地1建物1車位0,四層,七層,華廈(10層含以下有電梯),住家用,1121215.0,59.06999999999999,1,0,1,有,有,19250000,325885.0,,0.0,0,,RPSNMLLLOHJGFDA87EA,33.41,0.0,3.6,有,,
士林區,房地(土地+建物)+車位,重慶北路四段１０８號八樓,14.22,住,,,1091207,土地1建物1車位1,八層,十六層,住宅大樓(11層含以上有電梯),住家用,1130123.0,163.86,3,2,2,有,有,22980000,168973.0,坡道平面,40.29,2100000,1.原買方張OO與新買方黃OO於112.1.6 簽立權利義務移轉證明更名轉讓轉售金額2750萬元2.新買方於113.3.20指定登記名義人為黃OO張OO預售屋、或土地及建物分件登記案件；,RPUNMLLKPHJGFEA08DA,80.42,0.0,4.86,有,,
士林區,房地(土地+建物)+車位,重慶北路四段１０８號二樓之１,16.25,住,,,1091215,土地1建物1車位1,二層,十六層,住宅大樓(11層含以上有電梯),住家用,1130123.0,181.89,3,2,2,有,有,25800000,167373.0,坡道平面,40.29,2100000,原買方黃OO與新買方黃OO於113.3.28 簽立權利義務移轉證明更名轉讓總價款不變預售屋、或土地及建物分件登記案件；,RPPNMLTKPHJGFEA38DA,88.69,0.0,8.96,有,,
士林區,房地(土地+建物)+車位,重慶北路四段１０８號二樓,14.22,住,,,1091211,土地1建物1車位1,二層,十六層,住宅大樓(11層含以上有電梯),住家用,1130123.0,163.94,3,2,2,有,有,21300000,155277.0,坡道平面,40.29,2100000,原買方藍OO與新買方林OO於112.2.7 簽立權利義務移轉證明更名轉讓轉售金額2255萬元預售屋、或土地及建物分件登記案件；,RPRNMLLJQHJGFEA77DA,80.42,0.0,4.86,有,,
士林區,房地(土地+建物)+車位,重慶北路四段１０８號二樓之５,14.19,住,,,1091228,土地1建物1車位1,二層,十六層,住宅大樓(11層含以上有電梯),住家用,1130123.0,163.64,3,2,2,有,有,21750000,157681.0,坡道平面,40.29,2300000,預售屋、或土地及建物分件登記案件；,RPVOMLMKQHJGFEA48DA,80.21,0.0,4.86,有,,
松山區,房地(土地+建物),南京東路四段５２巷３號四樓之１,12.01,住,,,1091205,土地1建物1車位0,四層,七層,華廈(10層含以下有電梯),住家用,1121215.0,60.17,1,0,1,有,有,18760000,311783.0,,0.0,0,,RPUNMLTLPHJGFDA98EA,34.38,0.0,3.32,有,,
松山區,房地(土地+建物)+車位,南京東路四段５２巷３號六樓之１,12.01,住,,,1091212,土地1建物1車位1,六層,七層,華廈(10層含以下有電梯),住家用,1121215.0,78.69,1,0,2,有,有,22400000,342363.0,塔式車位,18.52,1800000,,RPWNMLTLPHJGFDA56EA,34.38,0.0,3.32,有,,
士林區,房地(土地+建物)+車位,重慶北路四段１０８號四樓之５,14.19,住,,,1091228,土地1建物1車位1,四層,十六層,住宅大樓(11層含以上有電梯),住家用,1130123.0,163.56,3,2,2,有,有,20600000,150077.0,坡道平面,40.29,2100000,原買方粟OO與新買方曾OO於110.4.9 簽立權利義務移轉證明更名轉讓總價款不變預售屋、或土地及建物分件登記案件；,RPPQMLTKQHJGFEA78DA,80.21,0.0,4.86,有,,
中正區,房地(土地+建物),詔安街５３號二樓,10.36,住,,,1091125,土地1建物1車位0,二層,十一層,住宅大樓(11層含以上有電梯),住家用,1130402.0,54.150000000000006,1,1,1,有,有,12300000,227147.0,,0.0,0,預售屋、或土地及建物分件登記案件；,RPPNMLOKOHJGFAA47EA,34.39,0.0,0.0,有,,
中正區,房地(土地+建物),詔安街５３號七樓之２,18.67,住,,,1091128,土地1建物1車位0,七層,十一層,住宅大樓(11層含以上有電梯),住家用,1130402.0,97.69,3,2,2,有,有,21110000,216092.0,,0.0,0,預售屋、或土地及建物分件登記案件；,RPRPMLOKOHJGFAA87EA,57.2,0.0,4.83,有,,
中正區,房地(土地+建物)+車位,詔安街５３號八樓之２,18.67,住,,,1091126,土地1建物1車位1,八層,十一層,住宅大樓(11層含以上有電梯),住家用,1130402.0,130.96,3,2,2,有,有,23200000,177153.0,其他,0.0,1900000,預售屋、或土地及建物分件登記案件；,RPSPMLOKOHJGFAA97EA,57.2,0.0,4.83,有,,
文山區,房地(土地+建物)+車位,溪洲街６５號十一樓之６,16.51,住,,,1091103,土地1建物1車位1,十一層,十五層,住宅大樓(11層含以上有電梯),住家用,1130219.0,131.87,2,2,1,有,有,21700000,210326.0,坡道平面,39.87,2350000,含雨遮2.57坪，雨遮不計價。預售屋、或土地及建物分件登記案件；,RPXNMLRKOHJGFAA48DA,46.75,8.5,4.68,有,,
文山區,房地(土地+建物),溪洲街６３之１號,15.76,住,,,1091124,土地1建物1車位0,一層,十五層,住宅大樓(11層含以上有電梯),住家用,1130219.0,91.08,2,2,1,有,有,23100000,253623.0,,0.0,0,依112年8月28日協議書辦理產權登記。預售屋、或土地及建物分件登記案件；,RPTOMLRKOHJGFAA18DA,52.64,0.0,5.31,有,,
文山區,房地(土地+建物)+車位,溪洲街６５號十樓之５,16.12,住,,,1091128,土地1建物1車位1,十層,十五層,住宅大樓(11層含以上有電梯),住家用,1130219.0,129.70999999999998,2,2,1,有,有,21900000,217609.0,坡道平面,39.87,2350000,含雨遮1.32坪，雨遮不計價。預售屋、或土地及建物分件登記案件；,RPQPMLRKOHJGFAA97DA,49.83,4.36,4.31,有,,
文山區,房地(土地+建物),溪洲街６３號,15.03,住,,,1091124,土地1建物1車位0,一層,十五層,住宅大樓(11層含以上有電梯),住家用,1130219.0,86.89,2,2,1,有,有,22250000,256071.0,,0.0,0,預售屋、或土地及建物分件登記案件；,RPUPMLRKOHJGFAA38DA,49.98,0.0,5.31,有,,
士林區,房地(土地+建物)+車位,重慶北路四段１０８號五樓,14.22,住,,,1091105,土地1建物1車位1,五層,十六層,住宅大樓(11層含以上有電梯),住家用,1130123.0,163.86,3,2,2,有,有,22950000,166303.0,坡道平面,40.29,2400000,預售屋、或土地及建物分件登記案件；,RPOOMLLKPHJGFEA57DA,80.42,0.0,4.86,有,,
士林區,房地(土地+建物)+車位,重慶北路四段１０８號四樓之１,16.6,住,,,1091127,土地1建物1車位1,四層,十六層,住宅大樓(11層含以上有電梯),住家用,1130123.0,184.89,3,2,2,有,有,28770000,183057.0,坡道平面,40.29,2300000,原買方于OO與新買方何OO於110.10.27 簽立權利義務移轉證明更名轉讓轉售金額3036萬元新買方以配偶方OO簽定買賣契約預售屋、或土地及建物分件登記案件；,RPQNMLLKPHJGFEA67DA,88.69,0.0,11.1,有,,
士林區,房地(土地+建物)+車位,重慶北路四段１０８號三樓之２,9.83,住,,,1091120,土地1建物1車位1,三層,十六層,住宅大樓(11層含以上有電梯),住家用,1130123.0,125.2,2,2,1,有,有,18700000,194323.0,坡道平面,40.29,2200000,預售屋、或土地及建物分件登記案件；,RPRNMLLKPHJGFEA77DA,55.0,0.0,3.6,有,,
士林區,房地(土地+建物)+車位,重慶北路四段１０８號三樓之１,16.6,住,,,1091125,土地1建物1車位1,三層,十六層,住宅大樓(11層含以上有電梯),住家用,1130123.0,184.89,3,2,2,有,有,25750000,161480.0,坡道平面,40.29,2400000,預售屋、或土地及建物分件登記案件；,RPXNMLLKPHJGFEA38DA,88.69,0.0,11.1,有,,
士林區,房地(土地+建物)+車位,重慶北路四段１０８號十一樓之３,16.6,住,,,1091106,土地1建物1車位1,十一層,十六層,住宅大樓(11層含以上有電梯),住家用,1130123.0,184.89,3,2,2,有,有,32200000,206777.0,坡道平面,40.29,2300000,原買方黃OO與新買方王OO於112.7.7 簽立權利義務移轉證明更名轉讓轉售金額3300萬元預售屋、或土地及建物分件登記案件；,RPPOMLLKPHJGFEA67DA,88.69,0.0,11.1,有,,
士林區,房地(土地+建物)+車位,重慶北路四段１０８號三樓之３,16.6,住,,,1091101,土地1建物1車位1,三層,十六層,住宅大樓(11層含以上有電梯),住家用,1130123.0,184.89,3,2,2,有,有,27200000,171162.0,坡道平面,40.29,2450000,原買方雷O有限公司與新買方蘇OO於113.2.2 簽立權利義務移轉證明更名轉讓總價款不變預售屋、或土地及建物分件登記案件；,RPRNMLTKPHJGFEA58DA,88.69,0.0,11.1,有,,
士林區,房地(土地+建物)+車位,重慶北路四段１０８號十二樓之１,16.82,住,,,1091115,土地1建物1車位2,十二層,十六層,住宅大樓(11層含以上有電梯),住家用,1130123.0,225.19,3,2,2,有,有,34070000,208630.0,坡道平面,80.58,3900000,預售屋、或土地及建物分件登記案件；,RPSNMLTKPHJGFEA68DA,88.69,0.0,11.1,有,,
士林區,房地(土地+建物)+車位,重慶北路四段１０８號六樓之５,14.19,住,,,1091102,土地1建物1車位1,六層,十六層,住宅大樓(11層含以上有電梯),住家用,1130123.0,163.56,3,2,2,有,有,23800000,171169.0,坡道平面,40.29,2700000,預售屋、或土地及建物分件登記案件；,RPTNMLTKPHJGFEA78DA,80.21,0.0,4.86,有,,
士林區,房地(土地+建物)+車位,重慶北路四段１０８號二樓之２,9.83,住,,,1091109,土地1建物1車位1,二層,十六層,住宅大樓(11層含以上有電梯),住家用,1130123.0,125.26,2,2,1,有,有,17100000,175356.0,坡道平面,40.29,2200000,預售屋、或土地及建物分件登記案件；,RPQNMLLJQHJGFEA67DA,55.0,0.0,3.6,有,,
士林區,房地(土地+建物)+車位,重慶北路四段１０８號四樓之３,16.6,住,,,1091128,土地1建物1車位1,四層,十六層,住宅大樓(11層含以上有電梯),住家用,1130123.0,184.89,3,2,2,有,有,28380000,182434.0,坡道平面,40.29,2000000,原買方陳OO與新買方黃OO於113.4.30 簽立權利義務移轉證明更名轉讓總價款不變預售屋、或土地及建物分件登記案件；,RPSNMLLJQHJGFEA87DA,88.69,0.0,11.1,有,,
士林區,房地(土地+建物)+車位,重慶北路四段１０８號三樓之５,14.19,住,,,1091120,土地1建物1車位1,三層,十六層,住宅大樓(11層含以上有電梯),住家用,1130123.0,163.56,3,2,2,有,有,21680000,159650.0,坡道平面,40.29,2000000,預售屋、或土地及建物分件登記案件；,RPUOMLMKQHJGFEA38DA,80.21,0.0,4.86,有,,
大同區,房地(土地+建物)+車位,蘭州街８９巷１６號二樓,17.96,住,,,1091120,土地1建物1車位1,二層,十二層,住宅大樓(11層含以上有電梯),住家用,1130325.0,124.63,3,2,2,有,有,25500000,225600.0,坡道平面,20.02,1900000,預售屋、或土地及建物分件登記案件；,RPTNMLSJMHJGFBA97DA,61.53,0.0,4.56,有,,
士林區,房地(土地+建物)+車位,重慶北路四段１０８號八樓之５,14.19,住,,,1091107,土地1建物1車位1,八層,十六層,住宅大樓(11層含以上有電梯),住家用,1130123.0,163.56,3,2,2,有,有,23000000,169547.0,坡道平面,40.29,2100000,預售屋、或土地及建物分件登記案件；,RPWPMLTKQHJGFEA76DA,80.21,0.0,4.86,有,,
士林區,房地(土地+建物)+車位,重慶北路四段１０８號十樓,14.22,住,,,1091130,土地1建物1車位1,十層,十六層,住宅大樓(11層含以上有電梯),住家用,1130123.0,163.86,3,2,2,有,有,24180000,175852.0,坡道平面,40.29,2450000,預售屋、或土地及建物分件登記案件；,RPOQMLTKQHJGFEA68DA,80.42,0.0,4.86,有,,
士林區,房地(土地+建物)+車位,忠誠路二段９８巷７弄２號十一樓,32.41,住,,,1091113,土地1建物1車位2,十一層,十四層,住宅大樓(11層含以上有電梯),住家用,1130508.0,220.52999999999997,3,2,2,有,無,62920000,347907.0,坡道平面,58.36,6500000,買受人名義變更，113.03.15簽立更名同意書，買賣金額不變。預售屋、或土地及建物分件登記案件；,RPXNMLMKQHJGFEA58DA,97.06,0.0,8.4,有,,
士林區,房地(土地+建物)+車位,忠誠路二段９８巷７弄６號十一樓,44.29,住,,,1091113,土地1建物1車位1,十一層,十四層,住宅大樓(11層含以上有電梯),住家用,1130508.0,250.88,3,2,2,有,無,79980000,344971.0,坡道平面,29.18,3500000,預售屋、或土地及建物分件登記案件；,RPOOMLMKQHJGFEA77DA,129.24,0.0,14.91,有,,
松山區,房地(土地+建物),南京東路四段５２巷３號六樓之２,11.79,住,,,1091102,土地1建物1車位0,六層,七層,華廈(10層含以下有電梯),住家用,1121215.0,59.06999999999999,1,0,1,有,有,20100000,340274.0,,0.0,0,權利人於112年9月18日以2100萬元取得本標的,RPQOMLRJQHJGFDA38EA,33.41,0.0,3.6,有,,
士林區,房地(土地+建物)+車位,忠誠路二段９８巷７弄８號七樓,51.72,住,,,1091102,土地1建物1車位2,七層,十四層,住宅大樓(11層含以上有電梯),住家用,1130508.0,317.21000000000004,3,2,3,有,無,89120000,317636.0,坡道平面,58.36,6900000,預售屋、或土地及建物分件登記案件；,RPUNMLMKQHJGFEA28DA,151.34,0.0,16.97,有,,
文山區,房地(土地+建物)+車位,溪洲街６５號四樓之２,15.66,,,,1091024,土地1建物1車位1,四層,十五層,住宅大樓(11層含以上有電梯),住家用,1130219.0,126.88,2,2,1,有,有,20150000,201126.0,坡道平面,39.87,2650000,含雨遮1.15坪，雨遮不計價。預售屋、或土地及建物分件登記案件；,RPPOMLSLNHJGFAA87DA,62.2,3.79,4.44,有,,
文山區,房地(土地+建物)+車位,溪洲街６５號五樓之３,21.15,住,,,1091018,土地1建物1車位1,五層,十五層,住宅大樓(11層含以上有電梯),住家用,1130219.0,158.0,3,2,2,有,有,26500000,203166.0,坡道平面,39.87,2500000,含雨遮1.57坪，雨遮不計價。預售屋、或土地及建物分件登記案件；,RPSNMLRKOHJGFAA97DA,62.3,5.18,9.47,有,,
文山區,房地(土地+建物)+車位,溪洲街６５號六樓,15.58,住,,,1091018,土地1建物1車位1,六層,十五層,住宅大樓(11層含以上有電梯),住家用,1130219.0,126.49,2,2,1,有,有,20500000,209536.0,坡道平面,39.87,2350000,含雨遮1.07坪，雨遮不計價。預售屋、或土地及建物分件登記案件；,RPTNMLRKOHJGFAA08DA,48.5,3.53,4.38,有,,
文山區,房地(土地+建物)+車位,溪洲街６５號十四樓,22.88,住,,,1091018,土地1建物1車位1,十四層,十五層,住宅大樓(11層含以上有電梯),住家用,1130219.0,168.43,3,2,2,有,有,31150000,222853.0,坡道平面,39.87,2500000,含雨遮2.93坪，雨遮不計價。預售屋、或土地及建物分件登記案件；,RPQOMLRKOHJGFAA87DA,68.55,9.69,5.48,有,,
文山區,房地(土地+建物)+車位,溪洲街６５號九樓之３,20.04,住,,,1091024,土地1建物1車位1,九層,十五層,住宅大樓(11層含以上有電梯),住家用,1130219.0,151.5,3,2,2,有,有,27180000,222431.0,坡道平面,39.87,2350000,含雨遮0.39坪，雨遮不計價。預售屋、或土地及建物分件登記案件；,RPOPMLRKOHJGFAA77DA,62.3,1.28,9.12,有,,
文山區,房地(土地+建物),溪洲街６５號十樓之６,15.98,住,,,1091017,土地1建物1車位0,十層,十五層,住宅大樓(11層含以上有電梯),住家用,1130219.0,90.19,2,2,1,有,有,18650000,206786.0,,0.0,0,含雨遮2.21坪，雨遮不計價。預售屋、或土地及建物分件登記案件；,RPRPMLRKOHJGFAA08DA,46.75,7.32,4.68,有,,
文山區,房地(土地+建物)+車位,溪洲街６５號七樓之３,20.77,住,,,1091024,土地1建物1車位1,七層,十五層,住宅大樓(11層含以上有電梯),住家用,1130219.0,155.89,3,2,2,有,有,27100000,212032.0,坡道平面,39.87,2500000,含雨遮1.15坪，雨遮不計價。預售屋、或土地及建物分件登記案件；,RPOQMLRKOHJGFAA87DA,62.3,3.79,9.47,有,,
文山區,房地(土地+建物)+車位,溪洲街６５號十一樓之３,21.05,住,,,1091024,土地1建物1車位1,十一層,十五層,住宅大樓(11層含以上有電梯),住家用,1130219.0,157.2,3,2,2,有,有,28500000,221597.0,坡道平面,39.87,2500000,含雨遮1.51坪，雨遮不計價。預售屋、或土地及建物分件登記案件；,RPPQMLRKOHJGFAA97DA,62.3,4.99,9.12,有,,
文山區,房地(土地+建物),溪洲街６５號七樓,15.38,住,,,1091017,土地1建物1車位0,七層,十五層,住宅大樓(11層含以上有電梯),住家用,1130219.0,86.62,2,2,1,有,有,18180000,209882.0,,0.0,0,含雨遮1.07坪，雨遮不計價。預售屋、或土地及建物分件登記案件；,RPSOMLSKOHJGFAA18DA,48.5,3.53,4.38,有,,
文山區,房地(土地+建物)+車位,溪洲街６５號五樓之１,15.36,住,,,1091019,土地1建物1車位1,五層,十五層,住宅大樓(11層含以上有電梯),住家用,1130219.0,125.19,2,2,1,有,有,19880000,205462.0,坡道平面,39.87,2350000,1.含雨遮1.05坪，雨遮不計價。2.依111年7月11日協議書辦理產權登記，後手轉讓成交價格新台幣2125萬元正。預售屋、或土地及建物分件登記案件；,RPVOMLSKOHJGFAA48DA,47.61,3.46,4.51,有,,
文山區,房地(土地+建物)+車位,溪洲街６５號十一樓之１,15.38,住,,,1091018,土地1建物1車位1,十一層,十五層,住宅大樓(11層含以上有電梯),住家用,1130219.0,125.32,2,2,1,有,有,21650000,224108.0,坡道平面,39.87,2500000,含雨遮1.07坪，雨遮不計價。預售屋、或土地及建物分件登記案件；,RPXOMLSKOHJGFAA68DA,47.61,3.55,4.51,有,,
文山區,房地(土地+建物)+車位,溪洲街６５號五樓之２,15.6,住,,,1091017,土地1建物1車位1,五層,十五層,住宅大樓(11層含以上有電梯),住家用,1130219.0,126.64,2,2,1,有,有,20100000,204564.0,坡道平面,39.87,2350000,含雨遮1.10坪，雨遮不計價。預售屋、或土地及建物分件登記案件；,RPQPMLSKOHJGFAA08DA,48.45,3.62,4.44,有,,
文山區,房地(土地+建物)+車位,溪洲街６５號十樓之２,15.6,住,,,1091023,土地1建物1車位1,十層,十五層,住宅大樓(11層含以上有電梯),住家用,1130219.0,126.64,2,2,1,有,有,21360000,219085.0,坡道平面,39.87,2350000,含雨遮1.10坪，雨遮不計價。預售屋、或土地及建物分件登記案件；,RPRPMLSKOHJGFAA18DA,48.45,3.62,4.44,有,,
文山區,房地(土地+建物)+車位,溪洲街６５號六樓之３,20.52,住,,,1091018,土地1建物1車位1,六層,十五層,住宅大樓(11層含以上有電梯),住家用,1130219.0,154.45,3,2,2,有,有,26780000,211904.0,坡道平面,39.87,2500000,含雨遮0.87坪，雨遮不計價。預售屋、或土地及建物分件登記案件；,RPTPMLSKOHJGFAA38DA,62.3,2.87,9.47,有,,
文山區,房地(土地+建物)+車位,溪洲街６５號五樓之７,15.6,住,,,1091019,土地1建物1車位1,五層,十五層,住宅大樓(11層含以上有電梯),住家用,1130219.0,126.92,2,2,1,有,有,19450000,196439.0,坡道平面,39.87,2350000,含雨遮1.32坪，雨遮不計價。預售屋、或土地及建物分件登記案件；,RPQQMLSKOHJGFAA18DA,47.68,4.35,4.68,有,,
大同區,房地(土地+建物),蘭州街８９巷１６號六樓之２,12.51,住,,,1091005,土地1建物1車位0,六層,十二層,住宅大樓(11層含以上有電梯),住家用,1130325.0,72.75,2,1,1,有,有,16390000,225292.0,,0.0,0,預售屋、或土地及建物分件登記案件；,RPWOMLTJMHJGFBA48DA,43.02,0.0,2.92,有,,
大同區,房地(土地+建物),蘭州街８９巷１６號三樓之３,10.12,住,,,1091015,土地1建物1車位0,三層,十二層,住宅大樓(11層含以上有電梯),住家用,1130325.0,58.98,2,1,1,有,有,12500000,211936.0,,0.0,0,讓渡:讓渡金額新台幣壹仟參佰伍拾萬元整預售屋、或土地及建物分件登記案件；,RPQPMLTJMHJGFBA97DA,34.32,0.0,2.92,有,,
大同區,房地(土地+建物)+車位,蘭州街８９巷１６號四樓之３,10.12,住,,,1091015,土地1建物1車位1,四層,十二層,住宅大樓(11層含以上有電梯),住家用,1130325.0,79.0,2,1,1,有,有,14270000,214819.0,坡道平面,20.02,1600000,1. 讓渡 2. 車位預售編號:B1AB11012280015預售屋、或土地及建物分件登記案件；,RPRPMLTJMHJGFBA08DA,34.32,0.0,2.92,有,,
大同區,房地(土地+建物)+車位,蘭州街８９巷１６號三樓之２,12.51,住,,,1091030,土地1建物1車位1,三層,十二層,住宅大樓(11層含以上有電梯),住家用,1130325.0,92.77,2,1,1,有,有,17880000,219656.0,坡道平面,20.02,1900000,預售屋、或土地及建物分件登記案件；,RPTOMLTJMHJGFBA18DA,43.02,0.0,2.92,有,,
大同區,房地(土地+建物),蘭州街８９巷１６號四樓之２,12.51,住,,,1091002,土地1建物1車位0,四層,十二層,住宅大樓(11層含以上有電梯),住家用,1130325.0,72.75,2,1,1,有,有,15700000,215808.0,,0.0,0,預售屋、或土地及建物分件登記案件；,RPUOMLTJMHJGFBA28DA,43.02,0.0,2.92,有,,
士林區,房地(土地+建物)+車位,忠誠路二段９８巷７弄８號三樓,51.72,住,,,1091009,土地1建物1車位2,三層,十四層,住宅大樓(11層含以上有電梯),住家用,1130508.0,317.21000000000004,3,2,3,有,無,88080000,314777.0,坡道平面,58.36,6600000,預售屋、或土地及建物分件登記案件；,RPPOMLMKQHJGFEA87DA,151.34,0.0,16.97,有,,
士林區,房地(土地+建物)+車位,忠誠路二段９８巷７弄６號四樓,43.86,住,,,1090917,土地1建物1車位2,四層,十四層,住宅大樓(11層含以上有電梯),住家用,1130508.0,277.83000000000004,2,2,2,有,無,78080000,325238.0,坡道平面,58.36,6700000,買受人名義變更，113.03.15簽立更名同意書，買賣金額不變。預售屋、或土地及建物分件登記案件；,RPTNMLMKQHJGFEA18DA,129.24,0.0,13.48,有,,
士林區,房地(土地+建物)+車位,忠誠路二段９８巷７弄２號五樓,32.41,住,,,1090919,土地1建物1車位1,五層,十四層,住宅大樓(11層含以上有電梯),住家用,1130508.0,191.35,3,2,2,有,無,53730000,311587.0,坡道平面,29.18,3200000,預售屋、或土地及建物分件登記案件；,RPWNMLMKQHJGFEA48DA,97.06,0.0,8.4,有,,
士林區,房地(土地+建物)+車位,忠誠路二段９８巷７弄８號四樓,51.74,住,,,1090913,土地1建物1車位2,四層,十四層,住宅大樓(11層含以上有電梯),住家用,1130508.0,317.34,2,2,3,有,無,85380000,302649.0,坡道平面,58.36,7000000,預售屋、或土地及建物分件登記案件；,RPQOMLMKQHJGFEA97DA,151.34,0.0,17.05,有,,
士林區,房地(土地+建物),忠誠路二段９８巷７弄２號四樓,32.41,住,,,1090914,土地1建物1車位0,四層,十四層,住宅大樓(11層含以上有電梯),住家用,1130508.0,162.17,2,2,2,有,無,50500000,311402.0,,0.0,0,預售屋、或土地及建物分件登記案件；,RPROMLMKQHJGFEA08DA,97.06,0.0,8.4,有,,
士林區,房地(土地+建物)+車位,忠誠路二段９８巷７弄６號六樓,43.86,住,,,1090910,土地1建物1車位1,六層,十四層,住宅大樓(11層含以上有電梯),住家用,1130508.0,248.65,3,2,2,有,無,74500000,323507.0,坡道平面,29.18,3500000,預售屋、或土地及建物分件登記案件；,RPSOMLMKQHJGFEA18DA,129.24,0.0,13.48,有,,
士林區,房地(土地+建物),忠誠路二段９８巷７弄８號五樓,51.72,住,,,1090930,土地1建物1車位0,五層,十四層,住宅大樓(11層含以上有電梯),住家用,1130508.0,258.86,3,2,3,有,無,78300000,302480.0,,0.0,0,預售屋、或土地及建物分件登記案件；,RPQNMLSLQHJGFEA58DA,151.34,0.0,16.97,有,,
士林區,房地(土地+建物)+車位,忠誠路二段９８巷７弄６號五樓,44.29,住,,,1090930,土地1建物1車位2,五層,十四層,住宅大樓(11層含以上有電梯),住家用,1130508.0,280.06,3,2,2,有,無,76000000,313487.0,坡道平面,58.36,6500000,預售屋、或土地及建物分件登記案件；,RPRNMLSLQHJGFEA68DA,129.24,0.0,14.91,有,,
士林區,房地(土地+建物)+車位,基河路３１６號十一樓,16.43,住,,,1090815,土地1建物1車位1,十一層,十九層,住宅大樓(11層含以上有電梯),住家用,1130219.0,114.93,2,2,2,有,有,26920000,286953.0,坡道平面,31.92,3100000,原買方馬OO與新買方張OO於113.5.17 簽立權利義務移轉證明更名轉讓總價款不變預售屋、或土地及建物分件登記案件；,RPXPMLLKOHJGFEA48DA,50.5,0.0,4.19,有,,
信義區,房地(土地+建物),永吉路２７８巷４６號二樓,8.05,住,,,1090813,土地1建物1車位0,二層,七層,華廈(10層含以下有電梯),住家用,1121013.0,41.72,1,1,1,有,無,10600000,254075.0,,0.0,0,預售屋、或土地及建物分件登記案件；,RPXNMLNKJHJGFDA87DA,21.21,0.0,2.29,有,,
士林區,房地(土地+建物)+車位,忠誠路二段９８巷７弄２號三樓,32.41,住,,,1090829,土地1建物1車位1,三層,十四層,住宅大樓(11層含以上有電梯),住家用,1130508.0,191.35,3,2,2,有,無,55300000,321268.0,坡道平面,29.18,3200000,預售屋、或土地及建物分件登記案件；,RPVNMLMKQHJGFEA38DA,97.06,0.0,8.4,有,,
士林區,房地(土地+建物)+車位,基河路３０８號十八樓,42.5,住,,,1090707,土地1建物1車位2,十八層,十九層,住宅大樓(11層含以上有電梯),住家用,1130219.0,278.6,4,2,3,有,有,70700000,300335.0,坡道平面,63.84,6200000,預售屋、或土地及建物分件登記案件；,RPSOMLQKPHJGFEA48DA,127.8,0.0,13.87,有,,
士林區,房地(土地+建物)+車位,基河路３０６號十八樓,43.0,住,,,1090707,土地1建物1車位2,十八層,十九層,住宅大樓(11層含以上有電梯),住家用,1130219.0,281.19,4,2,3,有,有,73180000,306326.0,坡道平面,63.84,6600000,預售屋、或土地及建物分件登記案件；,RPTOMLQKPHJGFEA58DA,129.54,0.0,13.84,有,,
中正區,房地(土地+建物)+車位,臨沂街２５巷１號九樓之１,21.19,住,,,1090702,土地1建物1車位1,九層,十層,華廈(10層含以下有電梯),住家用,1130417.0,164.32999999999998,3,2,2,有,有,56980000,413209.0,坡道平面,36.84,4300000,1.於民國111年07月25日簽訂預售房地買賣契約書可換約買賣總價為新台幣陸仟捌佰萬元整。2.於民國111年07月29日簽訂契約更名讓渡協議書3.於民國113年04月18日簽訂契約更名讓渡協議書預售屋、或土地及建物分件登記案件；,RPTPMLMKPHJGFBA97DA,74.48,0.0,7.66,有,,
中正區,房地(土地+建物)+車位,臨沂街２５巷１號四樓之３,13.01,住,,,1090701,土地1建物1車位1,四層,十層,華廈(10層含以下有電梯),住家用,1130417.0,102.85,1,2,1,有,有,33000000,386973.0,坡道機械,24.55,2700000,1.於民國111年1月1日簽訂可換約預售屋買賣契約書暨管理價款申請書買賣總價為新台幣參仟參佰伍拾萬元整。2.於民國111年01月06日簽訂契約更名讓渡協議書預售屋、或土地及建物分件登記案件；,RPSQMLMKPHJGFBA97DA,44.66,0.0,5.79,有,,
士林區,房地(土地+建物)+車位,基河路３１０號九樓,28.6,住,,,1090623,土地1建物1車位1,九層,十九層,住宅大樓(11層含以上有電梯),住家用,1130219.0,176.46,4,2,2,有,有,43990000,283589.0,坡道平面,31.92,3000000,預售屋、或土地及建物分件登記案件；,RPPOMLPLMHJGFEA87DA,84.8,0.0,10.49,有,,
士林區,房地(土地+建物)+車位,基河路３１８號八樓,16.43,住,,,1090611,土地1建物1車位1,八層,十九層,住宅大樓(11層含以上有電梯),住家用,1130219.0,114.93,2,2,2,有,有,25700000,278280.0,坡道平面,31.92,2600000,預售屋、或土地及建物分件登記案件；,RPSOMLOJOHJGFEA08DA,50.5,0.0,4.19,有,,
中正區,房地(土地+建物)+車位,臨沂街２５巷１號,22.25,住,,,1090621,土地1建物1車位2,一層,十層,華廈(10層含以下有電梯),住家用,1130417.0,201.66000000000005,0,0,1,有,有,75500000,508664.0,坡道平面,67.78,7400000,預售屋、或土地及建物分件登記案件；,RPVNMLMKPHJGFBA97DA,74.82,0.0,11.44,有,,
中正區,房地(土地+建物),臨沂街２５巷１號四樓,14.53,住,,,1090610,土地1建物1車位0,四層,十層,華廈(10層含以下有電梯),住家用,1130417.0,87.41,1,2,2,有,有,36600000,418716.0,,0.0,0,1.於民國110年09月18日簽訂預售房地買賣契約書可換約買賣總價為新台幣參仟柒佰伍拾萬元整。2.於民國110年10月08日簽訂契約更名讓渡協議書預售屋、或土地及建物分件登記案件；,RPPOMLMKPHJGFBA47DA,51.97,0.0,4.35,有,,
中正區,房地(土地+建物)+車位,臨沂街２５巷１號十樓,22.15,住,,,1090611,土地1建物1車位1,十層,十層,華廈(10層含以下有電梯),住家用,1130417.0,170.11,2,2,2,有,有,62000000,432956.0,坡道平面,36.84,4300000,於民國109年10月30日簽訂契約更名讓渡協議書預售屋、或土地及建物分件登記案件；,RPVOMLMKPHJGFBA08DA,76.7,0.0,9.18,有,,
中正區,房地(土地+建物)+車位,臨沂街２５巷１號二樓之１,14.36,住,,,1090610,土地1建物1車位1,二層,十層,華廈(10層含以下有電梯),住家用,1130417.0,120.32,1,2,2,有,有,38500000,403795.0,坡道平面,33.89,3600000,預售屋、或土地及建物分件登記案件；,RPWOMLMKPHJGFBA18DA,49.69,0.0,6.0,有,,
中正區,房地(土地+建物)+車位,臨沂街２５巷１號三樓之１,14.36,住,,,1090610,土地1建物1車位1,三層,十層,華廈(10層含以下有電梯),住家用,1130417.0,123.28,1,2,1,有,有,38600000,399121.0,坡道平面,36.84,4100000,1.於民國109年12月14日簽訂契約更名讓渡協議書2.於民國112年07月03日簽訂契約更名讓渡協議書預售屋、或土地及建物分件登記案件；,RPXOMLMKPHJGFBA28DA,49.69,0.0,6.0,有,,
中正區,房地(土地+建物)+車位,臨沂街２５巷１號五樓之１,14.36,住,,,1090611,土地1建物1車位1,五層,十層,華廈(10層含以下有電梯),住家用,1130417.0,110.99,1,2,2,有,有,38200000,410689.0,坡道機械,24.55,2700000,於民國110年04月22日簽訂契約更名讓渡協議書預售屋、或土地及建物分件登記案件；,RPPPMLMKPHJGFBA57DA,49.69,0.0,6.0,有,,
中正區,房地(土地+建物)+車位,臨沂街２５巷１號八樓之１,21.19,住,,,1090613,土地1建物1車位1,八層,十層,華廈(10層含以下有電梯),住家用,1130417.0,171.69,2,2,2,有,有,55500000,407907.0,坡道平面,44.21,3500000,預售屋、或土地及建物分件登記案件；,RPSPMLMKPHJGFBA87DA,74.48,0.0,7.66,有,,
中正區,房地(土地+建物)+車位,臨沂街２５巷１號十樓之１,21.19,住,,,1090623,土地1建物1車位1,十層,十層,華廈(10層含以下有電梯),住家用,1130417.0,171.69,1,2,2,有,有,57000000,419674.0,坡道平面,44.21,3500000,預售屋、或土地及建物分件登記案件；,RPUPMLMKPHJGFBA08DA,74.48,0.0,7.66,有,,
中正區,房地(土地+建物)+車位,臨沂街２５巷１號二樓之２,12.59,住,,,1090611,土地1建物1車位1,二層,十層,華廈(10層含以下有電梯),住家用,1130417.0,100.34,2,2,1,有,有,33000000,399789.0,坡道機械,24.55,2700000,預售屋、或土地及建物分件登記案件；,RPVPMLMKPHJGFBA18DA,43.13,0.0,5.7,有,,
中正區,房地(土地+建物),臨沂街２５巷１號五樓之３,13.01,住,,,1090615,土地1建物1車位0,五層,十層,華廈(10層含以下有電梯),住家用,1130417.0,78.30000000000001,2,2,1,有,有,29580000,377778.0,,0.0,0,預售屋、或土地及建物分件登記案件；,RPUQMLMKPHJGFBA18DA,44.66,0.0,5.79,有,,
中正區,房地(土地+建物)+車位,臨沂街２５巷１號二樓,14.53,住,,,1090609,土地1建物1車位1,二層,十層,華廈(10層含以下有電梯),住家用,1130417.0,124.25,2,2,2,有,有,39500000,408420.0,坡道平面,36.84,3800000,預售屋、或土地及建物分件登記案件；,RPXNMLMKPHJGFBA18DA,51.97,0.0,4.35,有,,
中正區,房地(土地+建物)+車位,臨沂街２５巷１號三樓,14.53,住,,,1090609,土地1建物1車位1,三層,十層,華廈(10層含以下有電梯),住家用,1130417.0,121.29,1,2,2,有,有,38180000,389931.0,坡道平面,33.89,4100000,於民國110年06月23日簽訂契約更名讓渡協議書預售屋、或土地及建物分件登記案件；,RPOOMLMKPHJGFBA37DA,51.97,0.0,4.35,有,,
中正區,房地(土地+建物)+車位,臨沂街２５巷１號五樓,14.53,住,,,1090625,土地1建物1車位1,五層,十層,華廈(10層含以下有電梯),住家用,1130417.0,124.25,2,2,2,有,有,39580000,405903.0,坡道平面,36.84,4100000,預售屋、或土地及建物分件登記案件；,RPQOMLMKPHJGFBA57DA,51.97,0.0,4.35,有,,
中正區,房地(土地+建物)+車位,臨沂街２５巷１號七樓,22.12,住,,,1090609,土地1建物1車位1,七層,十層,華廈(10層含以下有電梯),住家用,1130417.0,169.95,2,2,2,有,有,65000000,456014.0,坡道平面,36.84,4300000,預售屋、或土地及建物分件登記案件；,RPSOMLMKPHJGFBA77DA,76.7,0.0,9.07,有,,
中正區,房地(土地+建物)+車位,臨沂街２５巷１號八樓,22.15,住,,,1090619,土地1建物1車位1,八層,十層,華廈(10層含以下有電梯),住家用,1130417.0,170.11,3,2,2,有,有,60600000,423951.0,坡道平面,36.84,4100000,預售屋、或土地及建物分件登記案件；,RPTOMLMKPHJGFBA87DA,76.7,0.0,9.18,有,,
中正區,房地(土地+建物)+車位,臨沂街２５巷１號九樓,22.15,住,,,1090610,土地1建物1車位1,九層,十層,華廈(10層含以下有電梯),住家用,1130417.0,170.11,3,2,2,有,有,60700000,427703.0,坡道平面,36.84,3700000,預售屋、或土地及建物分件登記案件；,RPUOMLMKPHJGFBA97DA,76.7,0.0,9.18,有,,
中正區,房地(土地+建物)+車位,臨沂街２５巷１號七樓之１,21.16,住,,,1090608,土地1建物1車位1,七層,十層,華廈(10層含以下有電梯),住家用,1130417.0,164.16,1,2,2,有,有,59200000,432768.0,坡道平面,36.84,4100000,預售屋、或土地及建物分件登記案件；,RPRPMLMKPHJGFBA77DA,74.48,0.0,7.55,有,,
中正區,房地(土地+建物)+車位,臨沂街２５巷１號二樓之３,13.01,住,,,1090609,土地1建物1車位1,二層,十層,華廈(10層含以下有電梯),住家用,1130417.0,102.85,2,2,1,有,有,33500000,393359.0,坡道機械,24.55,2700000,預售屋、或土地及建物分件登記案件；,RPQQMLMKPHJGFBA77DA,44.66,0.0,5.79,有,,
中正區,房地(土地+建物),臨沂街２５巷１號六樓之１,14.36,住,,,1090616,土地1建物1車位0,六層,十層,華廈(10層含以下有電梯),住家用,1130417.0,86.44,1,2,1,有,有,35000000,404905.0,,0.0,0,預售屋、或土地及建物分件登記案件；,RPQPMLMKPHJGFBA67DA,49.69,0.0,6.0,有,,
中正區,房地(土地+建物),臨沂街２５巷１號三樓之２,12.59,住,,,1090619,土地1建物1車位0,三層,十層,華廈(10層含以下有電梯),住家用,1130417.0,75.78999999999999,1,2,1,有,有,30000000,395831.0,,0.0,0,預售屋、或土地及建物分件登記案件；,RPWPMLMKPHJGFBA28DA,43.13,0.0,5.7,有,,
中正區,房地(土地+建物),臨沂街２５巷１號四樓之２,12.59,住,,,1090629,土地1建物1車位0,四層,十層,華廈(10層含以下有電梯),住家用,1130417.0,75.78999999999999,1,2,1,有,有,30000000,395831.0,,0.0,0,預售屋、或土地及建物分件登記案件；,RPXPMLMKPHJGFBA38DA,43.13,0.0,5.7,有,,
中正區,房地(土地+建物),臨沂街２５巷１號六樓之３,13.01,住,,,1090616,土地1建物1車位0,六層,十層,華廈(10層含以下有電梯),住家用,1130417.0,78.30000000000001,1,2,1,有,有,31200000,398467.0,,0.0,0,預售屋、或土地及建物分件登記案件；,RPVQMLMKPHJGFBA28DA,44.66,0.0,5.79,有,,
中正區,房地(土地+建物)+車位,臨沂街２５巷１號六樓,14.53,住,,,1090616,土地1建物1車位1,六層,十層,華廈(10層含以下有電梯),住家用,1130417.0,124.25,1,2,1,有,有,40300000,411852.0,坡道平面,36.84,4300000,預售屋、或土地及建物分件登記案件；,RPUNMLPKPHJGFBA18DA,51.97,0.0,4.35,有,,
中正區,房地(土地+建物),臨沂街２５巷１號六樓之２,12.59,住,,,1090605,土地1建物1車位0,六層,十層,華廈(10層含以下有電梯),住家用,1130417.0,75.78999999999999,1,2,1,有,有,29800000,393192.0,,0.0,0,於民國110年07月15日簽訂契約更名讓渡協議書預售屋、或土地及建物分件登記案件；,RPVNMLPKPHJGFBA28DA,43.13,0.0,5.7,有,,
士林區,房地(土地+建物)+車位,基河路３０２號十樓,28.78,住,,,1090529,土地1建物1車位2,十層,十九層,住宅大樓(11層含以上有電梯),住家用,1130219.0,209.19,4,2,2,有,有,48100000,291022.0,坡道平面,63.84,5800000,1.原買方宏O公司與新買方陳OO於112.6.28 簽立權利義務移轉證明更名轉讓總價款不變2.原買方陳OO與新買方曾OO於113.6.11 簽立權利義務移轉證明更名轉讓轉售金額6000萬元3.含約定專用露台約2.63m2預售屋、或土地及建物分件登記案件；,RPROMLQKPHJGFEA38DA,85.32,0.0,10.49,有,,
中正區,房地(土地+建物)+車位,臨沂街２５巷１號五樓之２,12.59,住,,,1090530,土地1建物1車位1,五層,十層,華廈(10層含以下有電梯),住家用,1130417.0,100.34,1,2,1,有,有,32080000,387650.0,坡道機械,24.55,2700000,預售屋、或土地及建物分件登記案件；,RPOQMLMKPHJGFBA57DA,43.13,0.0,5.7,有,,
中正區,房地(土地+建物),臨沂街２５巷１號四樓之１,14.36,住,,,1090531,土地1建物1車位0,四層,十層,華廈(10層含以下有電梯),住家用,1130417.0,86.44,2,2,2,有,有,33880000,391948.0,,0.0,0,預售屋、或土地及建物分件登記案件；,RPOPMLMKPHJGFBA47DA,49.69,0.0,6.0,有,,
文山區,房地(土地+建物)+車位,秀明路二段８３號二樓,148.21,住,,,1080602,土地5建物1車位1,二層,十一層,住宅大樓(11層含以上有電梯),住家用,1121214.0,192.89,3,2,2,有,有,28000000,162315.0,坡道平面,33.94,2200000,預售屋、或土地及建物分件登記案件；,RPQNMLNLNHJGFAA37DA,92.01,7.46,5.89,有,,
文山區,房地(土地+建物)+車位,秀明路二段９３號五樓,110.03,住,,,1080601,土地5建物1車位1,五層,十一層,住宅大樓(11層含以上有電梯),住家用,1121214.0,159.32,3,2,2,有,有,20600000,158608.0,坡道平面,42.68,2100000,111年8月26日轉讓取得轉讓金額2060萬預售屋、或土地及建物分件登記案件；,RPXNMLNLNHJGFAA08DA,64.08,10.99,4.48,有,,
文山區,房地(土地+建物)+車位,秀明路二段８５號三樓,141.67,住,,,1080528,土地5建物1車位1,三層,十一層,住宅大樓(11層含以上有電梯),住家用,1121214.0,188.91,3,2,2,有,有,27880000,165709.0,坡道平面,33.94,2200000,112年11月7日轉讓取得 轉讓金額2788萬預售屋、或土地及建物分件登記案件；,RPTNMLNLNHJGFAA67DA,85.36,9.19,9.45,有,,
文山區,房地(土地+建物)+車位,秀明路二段８５號,139.64,住,,,1080529,土地5建物1車位1,一層,十一層,住宅大樓(11層含以上有電梯),住家用,1121214.0,184.74,3,2,2,有,有,30020000,183820.0,坡道平面,33.94,2300000,預售屋、或土地及建物分件登記案件；,RPSNMLNLNHJGFAA57DA,100.52,0.0,0.0,有,,
文山區,房地(土地+建物)+車位,秀明路二段９３號四樓,129.39,住,,,1080526,土地5建物1車位1,四層,十一層,住宅大樓(11層含以上有電梯),住家用,1121214.0,179.35000000000002,3,2,2,有,無,22750000,151094.0,坡道平面,42.68,2100000,預售屋、或土地及建物分件登記案件；,RPWNMLNLNHJGFAA97DA,71.6,12.27,9.28,有,,
