鄉鎮市區,交易標的,土地位置建物門牌,土地移轉總面積平方公尺,都市土地使用分區,非都市土地使用分區,非都市土地使用編定,交易年月日,交易筆棟數,移轉層次,總樓層數,建物型態,主要用途,建築完成年月,建物移轉總面積平方公尺,建物現況格局-房,建物現況格局-廳,建物現況格局-衛,建物現況格局-隔間,有無管理組織,總價元,單價元平方公尺,車位類別,車位移轉總面積平方公尺,車位總價元,備註,編號,主建物面積,附屬建物面積,陽台面積,電梯,移轉編號,屋齡
北投區,房地(土地+建物)+車位,三合街一段３６巷７號三樓,42.71,住,,,1140811,土地1建物1車位1,三層,九層,華廈(10層含以下有電梯),住家用,1050311.0,257.9,2,2,2,有,有,61880000,239938.0,坡道平面,0.0,0,,RPQNMLLKQHKGFEA97EA,123.35,11.68,12.94,有,8.0,9.0
南港區,房地(土地+建物)+車位,向陽路１２０巷２弄２７號十樓,17.73,住,,,1140805,土地1建物1車位1,十層,十五層,住宅大樓(11層含以上有電梯),住家用,1131106.0,149.68,3,2,2,有,有,40000000,329915.0,坡道平面,37.53,3000000,,RPTOMLRJQHKGFDA68DA,73.59,3.72,6.24,有,,1.0
信義區,房地(土地+建物),吳興街３９４巷３７號三樓之１,17.93,住,,,1140802,土地1建物1車位0,三層,十層,華廈(10層含以下有電梯),住家用,1130710.0,72.09,2,1,1,有,有,19500000,270495.0,,0.0,0,1. 土地價格1189萬元 建物價格761萬元.,RPXNMLSJQHKGFDA09DA,38.35,1.21,3.52,有,,1.0
信義區,房地(土地+建物),吳興街６００巷７６弄６１號二樓,33.31,住,,,1140805,土地1建物1車位0,二層,五層,華廈(10層含以下有電梯),住家用,811023.0,146.16,0,0,0,無,有,19939999,136426.0,,0.0,0,無法入內，不清楚建物格局。地清或未辦繼承標售；,RPUQMLPKQHKGFDA88DA,116.2,0.37,13.56,有,,33.0
中正區,房地(土地+建物)+車位,丹陽街３３號三樓,25.59,住,,,1140812,土地1建物1車位1,三層,十一層,住宅大樓(11層含以上有電梯),住家用,1140526.0,170.56,2,2,1,有,有,65970000,476648.0,坡道平面,38.45,3000000,,RPSNMLTKQHKGFBA58DA,78.7,0.0,5.78,有,,
內湖區,房地(土地+建物),陽光街８２之３號五樓,40.4,住,,,1140802,土地1建物1車位0,五層,六層,華廈(10層含以下有電梯),住家用,830317.0,122.71,3,2,2,有,無,28400000,231440.0,,0.0,0,陽台外推；,RPRNMLQKQHKGFCA28DA,74.03,15.7,9.53,有,,31.0
北投區,房地(土地+建物)+車位,大同街３０號六樓,21.19,住,,,1140804,土地1建物1車位1,六層,十八層,住宅大樓(11層含以上有電梯),住家用,1130621.0,152.73000000000002,2,2,2,有,有,39000000,302828.0,坡道平面,33.19,2800000,,RPRNMLSKQHKGFEA68DA,68.99,4.76,5.45,有,,1.0
文山區,房地(土地+建物),育英街５９之２號四樓,33.0,住,,,1140802,土地1建物1車位0,四層,四層,公寓(5樓含以下無電梯),住家用,651127.0,90.02,3,2,1,有,無,9440000,104866.0,,0.0,0,含土地增值稅或其他稅費；含地政士服務費；,RPPNMLMJQHKGFAA37DA,82.46,0.0,7.56,無,,49.0
內湖區,房地(土地+建物)+車位,南京東路六段７０號四樓,34.52,住,,,1140809,土地1建物1車位1,四層,十三層,住宅大樓(11層含以上有電梯),住家用,1090612.0,219.57,3,2,2,有,有,46180000,210320.0,坡道平面,33.13,0,,RPTPMLSKQHKGFCA88DA,107.96,7.76,9.92,有,48.0,5.0
信義區,房地(土地+建物),吳興街２８４巷２２弄２６號三樓,30.0,住,,,1140807,土地1建物1車位0,三層,四層,公寓(5樓含以下無電梯),住家用,620625.0,63.56,2,2,1,有,無,13500000,212398.0,,0.0,0,陽台外推；,RPSOMLTKQHKGFDA88DA,63.56,0.0,0.0,無,,52.0
文山區,房地(土地+建物),辛亥路四段１０１巷２６號四樓,17.1,住,,,1140805,土地1建物1車位0,四層,五層,公寓(5樓含以下無電梯),住家用,871003.0,54.41,1,1,1,有,無,8220000,151075.0,,0.0,0,陽台外推；,RPQNMLLLQHKGFAA57DA,35.4,1.56,4.83,無,55.0,27.0
中正區,房地(土地+建物)+車位,金山南路一段５９號四樓,33.06,住,,,1140802,土地4建物1車位2,四層,十九層,住宅大樓(11層含以上有電梯),住家用,1120606.0,343.95,3,2,3,有,有,129680000,456407.0,坡道平面,73.84,6400000,,RPSNMLLJQHKGFBA67DA,154.06,8.54,10.19,有,,2.0
松山區,房地(土地+建物),敦化南路一段１００巷２５號三樓,27.89,住,,,1140804,土地1建物1車位0,三層,七層,華廈(10層含以下有電梯),住家用,700730.0,147.31,3,2,2,有,無,47000000,319055.0,,0.0,0,,RPSNMLPJQHKGFDA28DA,121.76,5.18,15.28,有,,44.0
信義區,房地(土地+建物)+車位,忠孝東路五段７１巷１２弄８號五樓之６,11.88,住,,,1140804,土地1建物1車位1,五層,七層,華廈(10層含以下有電梯),住家用,980810.0,76.84,1,1,1,有,有,20100000,261583.0,升降機械,26.16,0,陽台外推；其他增建；,RPRNMLMKQHKGFDA97DA,24.81,5.76,2.42,有,56.0,16.0
士林區,房地(土地+建物),文林路５８７巷９弄４號三樓,27.0,住,,,1140813,土地1建物1車位0,三層,四層,公寓(5樓含以下無電梯),住家用,590703.0,95.29,3,2,1,有,無,19880000,208626.0,,0.0,0,其他增建；,RPSPMLPKQHKGFEA68DA,95.29,0.0,0.0,無,,55.0
內湖區,房地(土地+建物),康寧路一段２１８巷２弄４號二樓,32.67,住,,,1140806,土地1建物1車位0,二層,四層,公寓(5樓含以下無電梯),住家用,690508.0,91.32,3,2,1,有,無,18000000,197109.0,,0.0,0,,RPTNMLLKQHKGFCA97DA,78.31,0.0,13.01,無,,45.0
士林區,房地(土地+建物),天母東路１０５巷９弄６號十二樓,15.45,,,,1140815,土地1建物1車位0,十二層,十二層,住宅大樓(11層含以上有電梯),住家用,1130522.0,93.06,2,2,2,有,有,27985898,300730.0,,0.0,0,政府機關標讓售；,RPQNMLMLQHKGFEA18EA,58.48,0.0,5.25,有,,1.0
中山區,房地(土地+建物),錦州街４３１號四樓,39.25,住,,,1140804,土地1建物1車位0,四層,四層,公寓(5樓含以下無電梯),住家用,580118.0,112.06,3,2,2,有,無,23660000,211137.0,,0.0,0,陽台外推；,RPWQMLSJQHKGFCA56DA,96.74,0.0,15.32,無,,57.0
北投區,房地(土地+建物),幽雅路７號四樓之１６,7.88,,,,1140804,土地1建物1車位0,四層,十三層,住宅大樓(11層含以上有電梯),住家用,980205.0,48.8,1,1,1,有,有,6500000,133197.0,,0.0,0,陽台外推；,RPPNMLSJQHKGFEA38DA,24.92,1.13,4.76,有,92.0,16.0
松山區,房地(土地+建物)+車位,健康路３２５巷１８弄１４號二樓,45.93,住,,,1140803,土地1建物1車位1,二層,五層,公寓(5樓含以下無電梯),住家用,750902.0,162.76,4,2,2,有,無,36380000,247186.0,坡道平面,27.72,3000000,其他增建；,RPVOMLLKQHKGFDA38DA,135.78,0.0,14.16,無,,39.0
士林區,房地(土地+建物),葫蘆街１２號,66.0,住,,,1140811,土地2建物1車位0,全,二層,透天厝,住家用,500405.0,108.16,3,3,3,有,無,24000000,221893.0,,0.0,0,頂樓加蓋；其他增建；,RPPNMLOLQHKGFEA18DA,108.16,0.0,0.0,無,,64.0
信義區,房地(土地+建物)+車位,忠孝東路四段５５５號二十九樓,35.32,住,,,1140813,土地2建物1車位2,二十九層,三十層,住宅大樓(11層含以上有電梯),住家用,1070920.0,413.7,4,2,5,有,有,255800000,725973.0,坡道平面,75.12,10000000,,RPRNMLSKQHKGFDA58DA,208.15,5.83,29.08,有,151.0,7.0
大安區,房地(土地+建物),忠孝東路四段２１６巷３１號三樓之１,35.52,住,,,1140805,土地1建物1車位0,三層，陽臺,七層,華廈(10層含以下有電梯),住家用,650206.0,193.77,4,2,2,有,有,58130000,299995.0,,0.0,0,陽台外推；其他增建；,RPRNMLPKQHKGFFA48DA,177.02,0.0,0.0,有,154.0,49.0
萬華區,房地(土地+建物),東園街２８巷５０號三樓之７,12.91,住,,,1140805,土地1建物1車位0,三層,六層,華廈(10層含以下有電梯),住家用,810921.0,74.41,2,1,1,有,有,11000000,147830.0,,0.0,0,,RPWNMLTLQHKGFBA09DA,43.72,0.0,7.21,有,,33.0
大安區,房地(土地+建物),敦化南路一段１７７巷２２號三樓,25.0,住,,,1140813,土地2建物1車位0,三層,五層,公寓(5樓含以下無電梯),住家用,700610.0,92.06,2,2,2,有,無,24000000,260700.0,,0.0,0,,RPPNMLLJRHKGFFA97EA,76.71,0.0,15.35,無,,44.0
中正區,房地(土地+建物),廈門街１２３巷７９號二樓,24.8,住,,,1140810,土地1建物1車位0,二層,五層,公寓(5樓含以下無電梯),住家用,750520.0,94.06,3,2,2,有,無,19600000,208378.0,,0.0,0,陽台外推；其他增建；,RPTNMLTKQHKGFAA58DA,77.96,0.0,8.04,無,,39.0
大安區,房地(土地+建物),忠孝東路四段２１６巷１９弄６號二樓,29.89,住,,,1140822,土地1建物1車位0,二層，陽臺,七層,華廈(10層含以下有電梯),住家用,651231.0,126.32,2,2,2,有,有,34000000,269158.0,,0.0,0,買方王OO另外支付賣方土地增值稅新台幣4861180元整,RPQNMLMJRHKGFFA18EA,126.32,0.0,0.0,有,,49.0
大安區,房地(土地+建物),新生南路三段１１巷２號三樓,37.7,住,,,1140810,土地2建物1車位0,三層,五層,公寓(5樓含以下無電梯),住家用,730824.0,130.92,3,2,2,有,無,36200000,276505.0,,0.0,0,陽台外推；,RPPNMLLLQHKGFFA97DA,114.88,0.0,12.72,無,,41.0
士林區,房地(土地+建物),通河街３２３巷４５之３號,11.71,住,,,1140825,土地1建物1車位0,三層,五層,公寓(5樓含以下無電梯),住家用,591210.0,29.48,1,0,1,有,無,4500000,152646.0,,0.0,0,其他增建；,RPPNMLMJRHKGFEA97EA,26.28,1.85,1.35,無,,55.0
文山區,房地(土地+建物),萬壽路６２之７號五樓,26.01,住,,,1140803,土地1建物1車位0,五層,五層,華廈(10層含以下有電梯),住家用,961023.0,54.01,1,0,1,有,有,8800000,162933.0,,0.0,0,其他增建；,RPRNMLOKQHKGFAA87DA,27.44,5.81,1.76,有,210.0,18.0
南港區,房地(土地+建物)+車位,向陽路１９６巷４０號六樓,55.77,住,,,1140817,土地1建物1車位1,六層,七層,華廈(10層含以下有電梯),住家用,980514.0,212.45,3,2,2,有,有,47080000,261191.0,坡道平面,41.77,2500000,,RPRNMLQLQHKGFDA48DA,100.58,5.03,11.53,有,,16.0
大安區,房地(土地+建物),仁愛路四段３４５巷２弄７號,30.29,住,,,1140818,土地1建物1車位0,一層,七層,華廈(10層含以下有電梯),住家用,611014.0,126.5,3,3,2,有,有,68000000,537549.0,,0.0,0,陽台外推；其他增建；,RPRNMLMJRHKGFFA18DA,124.75,0.0,1.75,有,223.0,53.0
北投區,房地(土地+建物),永興路二段３３巷１２弄１５號三樓,34.56,住,,,1140827,土地1建物1車位0,三層,四層,公寓(5樓含以下無電梯),住家用,660203.0,88.21,3,2,1,有,無,10800000,122435.0,,0.0,0,,RPSNMLNJRHKGFEA38EA,76.96,0.0,11.25,無,,49.0
文山區,房地(土地+建物),興隆路三段１８５巷１１弄１９號四樓,28.34,住,,,1140802,土地7建物1車位0,四層,五層,公寓(5樓含以下無電梯),住家用,720823.0,93.72,3,2,1,有,有,8880000,94750.0,,0.0,0,其他增建；,RPWNMLOJRHKGFAA38DA,62.31,0.0,23.39,無,,42.0
信義區,房地(土地+建物),松山路５９８號,31.0,住,,,1140817,土地1建物1車位0,一層，平台，騎樓,四層,公寓(5樓含以下無電梯),住家用,610717.0,83.95,1,1,1,有,無,33500000,399047.0,,0.0,0,其他增建；含租約；,RPPNMLLMQHKGFDA87DA,83.95,0.0,0.0,無,,53.0
北投區,房地(土地+建物),公路２５５巷１７弄２之１號,106.37,住,,,1140812,土地1建物1車位0,全,四層,透天厝,住家用,781122.0,273.55,5,3,4,有,無,39000000,142570.0,,0.0,0,頂樓加蓋；其他增建；,RPPOMLMJRHKGFEA97DA,190.72,59.41,23.42,無,,36.0
北投區,房地(土地+建物),致遠一路二段８６巷６號四樓之２,26.12,住,,,1140804,土地1建物1車位0,四層,五層,公寓(5樓含以下無電梯),住家用,671021.0,93.72,3,2,1,有,無,16100000,171788.0,,0.0,0,,RPSNMLOJRHKGFEA38DA,75.15,0.0,5.94,無,,47.0
大安區,房地(土地+建物),文昌街２７８巷９號四樓,38.06,住,,,1140814,土地1建物1車位0,四層,五層,公寓(5樓含以下無電梯),住家用,690602.0,84.95,3,2,2,有,無,18000000,211889.0,,0.0,0,,RPSNMLSLQHKGFFA98DA,75.73,0.0,9.22,無,238.0,45.0
文山區,房地(土地+建物)+車位,景豐街５２號三樓之２,28.73,住,,,1140803,土地1建物1車位1,三層,九層,華廈(10層含以下有電梯),住家用,831227.0,139.09,3,2,2,有,有,25500000,183335.0,坡道平面,0.0,2500000,車位面積無法概算。陽台外推；其他增建；,RPQNMLKLQHKGFAA47DA,60.29,1.0,10.82,有,245.0,31.0
內湖區,房地(土地+建物)+車位,民權東路六段１８０巷１５８號五樓,37.64,住,,,1140812,土地1建物1車位1,五層,十一層,住宅大樓(11層含以上有電梯),住家用,1000221.0,242.91,5,2,2,有,有,45000000,209020.0,坡道平面,39.58,2500000,陽台外推；,RPOOMLNJRHKGFCA77DA,113.36,3.03,14.71,有,254.0,14.0
南港區,房地(土地+建物)+車位,舊莊街一段８５號十四樓之９,17.57,住,,,1140808,土地1建物1車位1,十四層,十五層,住宅大樓(11層含以上有電梯),住家用,1130429.0,141.13,2,1,1,有,有,30520000,262873.0,坡道平面,35.68,2800000,土地價款新台幣21293000元、房屋價款新台幣9227000元,RPTNMLLJRHKGFDA08DA,56.86,8.67,5.54,有,,1.0
南港區,房地(土地+建物),舊莊街一段８５號十四樓之８,10.25,住,,,1140808,土地1建物1車位0,十四層,十五層,住宅大樓(11層含以上有電梯),住家用,1130429.0,62.239999999999995,2,1,1,有,有,16000000,257069.0,,0.0,0,土地價款新台幣11972500元、房屋價款新台幣4027500元,RPUNMLLJRHKGFDA18DA,35.31,2.59,4.03,有,,1.0
北投區,房地(土地+建物),復興一路３７號三樓,19.27,住,,,1140819,土地1建物1車位0,三層,五層,公寓(5樓含以下無電梯),住家用,680810.0,91.11,2,3,1,有,無,9300000,102074.0,,0.0,0,陽台外推；其他增建；,RPUOMLQLQHKGFEA98DA,74.74,0.0,16.37,無,,46.0
士林區,房地(土地+建物),德行東路９３巷１０號二樓,22.6,住,,,1140802,土地1建物1車位0,二層,五層,公寓(5樓含以下無電梯),住家用,670424.0,107.34,3,2,1,有,無,17200000,160238.0,,0.0,0,,RPUOMLMJRHKGFEA48DA,93.43,0.0,13.91,無,266.0,47.0
士林區,房地(土地+建物),光華路２６巷７號七樓,9.2,住,,,1140813,土地2建物1車位0,七層,七層,華廈(10層含以下有電梯),住家用,670714.0,33.01,1,1,1,有,有,3880000,117540.0,,0.0,0,,RPVNMLOJRHKGFEA68DA,23.8,0.0,3.06,有,267.0,47.0
文山區,房地(土地+建物),萬盛街１６２號四樓,45.0,住,,,1140807,土地1建物1車位0,四層，陽臺,四層,公寓(5樓含以下無電梯),住家用,650702.0,121.34,3,2,2,有,無,13000000,107137.0,,0.0,0,瑕疵物件；,RPPNMLSJRHKGFAA18EA,121.34,0.0,0.0,無,271.0,49.0
士林區,房地(土地+建物),社子街１４６巷７弄２號二樓,51.5,住,,,1140802,土地2建物1車位0,二層,二層,公寓(5樓含以下無電梯),住家用,571207.0,62.97,1,1,1,有,無,7500000,119104.0,,0.0,0,,RPQNMLNJRHKGFEA18EA,62.97,0.0,0.0,無,,57.0
北投區,房地(土地+建物),行義路１８６巷５１號六樓,9.7,住,,,1140803,土地1建物1車位0,六層,七層,華廈(10層含以下有電梯),住家用,731221.0,38.31,0,0,0,無,有,6400000,167058.0,,0.0,0,陽台外推；,RPSNMLSJRHKGFEA88EA,25.28,0.0,4.41,有,274.0,41.0
內湖區,房地(土地+建物),江南街２號五樓,51.8,住,,,1140823,土地1建物1車位0,五層,五層,公寓(5樓含以下無電梯),住家用,691103.0,188.1,4,3,2,有,無,22200000,118022.0,,0.0,0,其他增建；未登記建物；,RPQNMLSJRHKGFCA38DA,160.96,0.0,27.14,無,,45.0
大安區,房地(土地+建物)+車位,杭州南路二段９巷５號四樓之１,39.38,住,,,1140717,土地1建物1車位1,四層,七層,華廈(10層含以下有電梯),住家用,990624.0,191.5,3,3,2,有,有,68000000,355091.0,升降機械,0.0,0,,RPSNMLOLPHKGFFA48DA,89.58,8.65,12.16,有,290.0,15.0
士林區,房地(土地+建物),忠誠路二段９８巷５弄１２號,28.0,住,,,1140708,土地1建物1車位0,全,二層,透天厝,住家用,621229.0,31.19,2,1,2,有,無,13400000,429625.0,,0.0,0,,RPUNMLRKPHKGFEA78DA,31.19,0.0,0.0,無,299.0,52.0
中山區,房地(土地+建物)+車位,北安路６０８巷１２之１號四樓,52.86,住,,,1140701,土地1建物1車位2,四層,十四層,住宅大樓(11層含以上有電梯),住家用,950516.0,324.0,4,2,3,有,有,92000000,283951.0,坡道平面,71.1,0,其他增建：機房其他增建；,RPOPMLTJPHKGFCA28DA,144.43,6.18,10.87,有,,19.0
文山區,房地(土地+建物),木新路二段２９９巷７弄１０號二樓,36.31,住,,,1140702,土地1建物1車位0,二層,四層,公寓(5樓含以下無電梯),住家用,790317.0,107.8,3,2,2,有,無,16088000,149239.0,,0.0,0,,RPPOMLSKPHKGFAA08DA,84.43,4.94,7.28,無,,35.0
文山區,房地(土地+建物),興隆路三段１９２巷８弄１０號,29.75,住,,,1140708,土地1建物1車位0,一層,四層,公寓(5樓含以下無電梯),住家用,660519.0,80.93,3,2,2,有,無,18500000,228593.0,,0.0,0,,RPPNMLNLPHKGFAA57DA,65.72,15.21,0.0,無,,48.0
中正區,房地(土地+建物)+車位,金山南路一段１３９號六樓,12.79,住,,,1140705,土地1建物1車位1,六層,十一層,住宅大樓(11層含以上有電梯),住家用,990319.0,100.47,2,2,2,有,有,35000000,348363.0,坡道機械,0.0,0,,RPQNMLMLPHKGFBA77EA,48.82,8.23,5.74,有,337.0,15.0
中山區,房地(土地+建物),新生北路二段３１之１號七樓之１,7.4,住,,,1140710,土地11建物1車位0,七層,十二層,住宅大樓(11層含以上有電梯),住家用,661105.0,74.78999999999999,1,2,1,有,有,16000000,213932.0,,0.0,0,,RPQNMLMLPHKGFCA77DA,66.13,0.0,0.0,有,,48.0
士林區,房地(土地+建物),承德路四段４０巷２５號,14.3,住,,,1140717,土地1建物1車位0,一層,五層,華廈(10層含以下有電梯),住家用,610812.0,35.53,0,0,0,無,有,9000000,253307.0,,0.0,0,,RPROMLRKPHKGFEA58DA,33.56,0.0,1.97,有,,53.0
大安區,房地(土地+建物),建國南路一段３０８號十三樓之５,5.1,住,,,1140711,土地2建物1車位0,十三層,十四層,住宅大樓(11層含以上有電梯),住家用,1070412.0,40.31,0,0,0,無,有,18500000,458943.0,,0.0,0,建物格局：無隔間、1衛。陽台外推；,RPSNMLPKPHKGFFA48DA,22.72,0.0,2.79,有,,7.0
大安區,房地(土地+建物)+車位,瑞安街８１巷１２弄１６號八樓,48.93,住,,,1140715,土地1建物1車位2,八層,九層,華廈(10層含以下有電梯),住家用,980310.0,260.81,2,1,2,有,有,84000000,437662.0,坡道平面,87.16,8000000,,RPUNMLSKPHKGFFA98DA,99.03,0.0,12.13,有,345.0,16.0
北投區,房地(土地+建物),中央南路一段１９６巷５號二樓,47.33,住,,,1140710,土地1建物1車位0,二層,三層,公寓(5樓含以下無電梯),住家用,590924.0,64.3,2,2,2,有,無,11380000,176983.0,,0.0,0,,RPSNMLNLPHKGFEA38EA,56.1,0.0,8.2,無,,55.0
北投區,房地(土地+建物),中央南路一段１９６巷５號三樓,47.33,住,,,1140710,土地1建物1車位0,三層,三層,公寓(5樓含以下無電梯),住家用,590924.0,64.3,2,2,2,有,無,11500000,178849.0,,0.0,0,,RPTNMLNLPHKGFEA48EA,56.1,0.0,8.2,無,,55.0
中山區,房地(土地+建物),大直街６７巷２４號四樓,30.75,住,,,1140702,土地1建物1車位0,四層,四層,公寓(5樓含以下無電梯),住家用,650913.0,87.89,3,2,1,有,無,16650000,189441.0,,0.0,0,頂樓鐵皮加蓋,RPXPMLTJPHKGFCA56DA,78.04,0.0,9.85,無,,49.0
中山區,房地(土地+建物)+車位,朱崙街３３號四樓,57.68,住,,,1140709,土地1建物2車位4,四層,十二層,住宅大樓(11層含以上有電梯),住家用,1040121.0,463.94,4,2,3,有,有,130000000,369208.0,坡道平面,138.92,10000000,,RPPQMLTJPHKGFCA48DA,177.19,11.24,17.44,有,,10.0
文山區,房地(土地+建物),興隆路三段２０７巷６弄１號三樓,66.89,住,,,1140704,土地1建物1車位0,三層,四層,公寓(5樓含以下無電梯),住家用,751213.0,110.6,3,2,1,有,無,13500000,122061.0,,0.0,0,,RPSNMLRJPHKGFAA08DA,81.07,3.84,8.65,無,,39.0
南港區,房地(土地+建物),興南街１２６號六樓,15.3,住,,,1140704,土地1建物1車位0,六層,八層,華廈(10層含以下有電梯),住家用,1130712.0,66.55,2,2,1,有,有,23600000,354621.0,,0.0,0,,RPUNMLOJPHKGFDA28DA,37.41,0.0,4.55,有,381.0,1.0
文山區,房地(土地+建物),和興路４４巷３６號五樓,42.49,住,,,1140710,土地1建物1車位0,五層,十層,華廈(10層含以下有電梯),住家用,840110.0,116.03,3,2,2,有,有,23000000,198225.0,,0.0,0,,RPPNMLKMPHKGFAA47EA,94.96,2.02,11.04,有,,31.0
文山區,房地(土地+建物),指南路三段２２巷８弄３號,52.77,住,,,1140719,土地1建物1車位0,一層，電梯樓梯間,七層,華廈(10層含以下有電梯),住家用,861213.0,162.98,4,2,2,有,有,26030000,159713.0,,0.0,0,,RPPNMLTLPHKGFAA18DA,113.9,16.17,0.0,有,,28.0
內湖區,房地(土地+建物)+車位,環山路二段５３巷１弄２５號,68.97,住,,,1140711,土地1建物2車位2,一層,五層,公寓(5樓含以下無電梯),住家用,760715.0,209.33999999999995,6,4,4,有,無,53000000,253177.0,一樓平面,27.44,0,車位登記於主建物之附屬建物23號買賣價款:新台幣2650萬元整25號買賣價款:新台幣2650萬元整其他增建；,RPSNMLLMPHKGFCA97DA,161.76,27.44,0.0,無,,38.0
文山區,房地(土地+建物),木新路三段２０８號二樓,40.5,住,,,1140701,土地1建物1車位0,二層,四層,公寓(5樓含以下無電梯),住家用,601215.0,108.29,3,2,1,有,無,16000000,147751.0,,0.0,0,,RPUNMLSLPHKGFAA58DA,108.29,0.0,0.0,無,,54.0
內湖區,房地(土地+建物)+車位,內湖路二段３３６之２號七樓,27.08,住,,,1140715,土地1建物1車位1,七層,十四層,住宅大樓(11層含以上有電梯),住家用,1031023.0,179.07,3,2,2,有,有,43800000,298138.0,坡道平面,41.56,2800000,,RPROMLKMPHKGFCA87DA,85.77,2.95,7.36,有,413.0,11.0
南港區,房地(土地+建物)+車位,經貿二路１５７巷５６號十八樓,50.26,住,,,1140719,土地1建物1車位2,十八層,二十三層,住宅大樓(11層含以上有電梯),住家用,1010716.0,321.53,0,0,0,無,有,88580000,299504.0,坡道平面,45.14,5800000,,RPSNMLKKPHKGFDA77DA,158.83,16.06,16.82,有,416.0,13.0
信義區,房地(土地+建物),永吉路２００巷４１弄１５號,15.55,住,,,1140708,土地1建物1車位0,一層,五層,公寓(5樓含以下無電梯),住家用,721019.0,59.59,1,1,1,有,無,18500000,310455.0,,0.0,0,,RPROMLKKPHKGFDA77DA,48.52,5.36,0.0,無,,42.0
大安區,房地(土地+建物),新生南路一段１６１巷１９號三樓之１,11.56,住,,,1140715,土地1建物1車位0,三層,六層,華廈(10層含以下有電梯),住家用,1140411.0,43.129999999999995,1,1,1,有,有,20180000,467888.0,,0.0,0,土地價格：15135000元整建物價格：5045000元整,RPTNMLLJQHKGFFA18DA,20.94,0.0,3.03,有,,
文山區,房地(土地+建物),景福街５４巷５弄１７號四樓,13.73,住,,,1140725,土地1建物1車位0,四層,十六層,住宅大樓(11層含以上有電梯),住家用,880119.0,61.97,3,2,2,有,有,11000000,177505.0,,0.0,0,,RPSNMLOJQHKGFAA87DA,34.09,1.05,3.78,有,422.0,27.0
內湖區,房地(土地+建物)+車位,新豐街９２號四樓,28.26,住,,,1140701,土地1建物1車位1,四層,十層,華廈(10層含以下有電梯),住家用,1040522.0,125.67,1,1,1,有,有,28700000,266405.0,坡道機械,23.57,1500000,,RPROMLLJPHKGFCA67DA,56.91,0.0,3.66,有,430.0,10.0
中山區,房地(土地+建物),大直街６２巷５弄６號四樓,29.6,住,,,1140705,土地1建物1車位0,四層,五層,公寓(5樓含以下無電梯),住家用,670627.0,110.03,3,2,2,有,無,23000000,209034.0,,0.0,0,,RPTNMLLJQHKGFCA87DA,95.58,0.0,14.45,無,,47.0
松山區,房地(土地+建物)+車位,八德路四段２４５巷１８號十二樓之１,16.24,住,,,1140713,土地1建物1車位1,十二層,十二層,住宅大樓(11層含以上有電梯),住家用,910313.0,98.34,1,1,1,有,有,25700000,358623.0,坡道平面,35.6,3200000,陽台外推；其他增建；,RPTNMLRKPHKGFDA58DA,40.77,1.35,3.43,有,441.0,23.0
信義區,房地(土地+建物),吳興街３６４巷５號五樓,22.8,住,,,1140705,土地1建物1車位0,五層,五層,公寓(5樓含以下無電梯),住家用,730809.0,85.17,2,2,1,有,無,14900000,174944.0,,0.0,0,陽台外推；頂樓加蓋；其他增建；,RPXNMLTLPHKGFDA66DA,70.25,0.0,7.93,無,442.0,41.0
中山區,房地(土地+建物),中原街２２號四樓之２２,5.39,住,,,1140706,土地1建物1車位0,四層,七層,華廈(10層含以下有電梯),住家用,660625.0,32.43,0,0,0,無,有,6600000,203515.0,,0.0,0,土地增值稅由買方負擔。,RPPNMLPJQHKGFCA97EA,23.56,0.0,3.36,有,,48.0
文山區,房地(土地+建物),辛亥路四段１４０號四樓之１,6.89,住,,,1140702,土地1建物1車位0,四層,九層,華廈(10層含以下有電梯),住家用,981116.0,34.12,0,0,0,無,有,8880000,260258.0,,0.0,0,,RPOOMLNLPHKGFAA57DA,19.67,2.87,0.0,有,449.0,16.0
內湖區,房地(土地+建物),東湖路１１３巷１１５號二樓,36.03,住,,,1140719,土地1建物1車位0,二層,五層,公寓(5樓含以下無電梯),住家用,770303.0,112.4,3,2,2,有,有,17500000,155694.0,,0.0,0,鐵鋁窗其他增建；,RPTNMLPJQHKGFCA28DA,92.04,7.03,9.84,無,,37.0
大安區,房地(土地+建物),安居街４６巷８號,26.53,住,,,1140717,土地1建物1車位0,一層,七層,華廈(10層含以下有電梯),住家用,720502.0,222.27,3,2,2,有,有,49200000,221352.0,,0.0,0,平台外移及空地加蓋之增建物其他增建；,RPWNMLSLPHKGFFA66DA,102.28,113.65,0.0,有,,42.0
南港區,房地(土地+建物)+車位,重陽路１２５巷３６弄２５號三樓,42.22,住,,,1140715,土地1建物1車位1,三層,九層,華廈(10層含以下有電梯),住家用,980921.0,238.43,3,2,2,有,有,47130000,197668.0,坡道平面,0.0,0,,RPSOMLRKPHKGFDA68EA,112.86,11.82,12.02,有,,16.0
文山區,房地(土地+建物),景華街１３巷４號六樓之１,30.68,住,,,1140705,土地1建物1車位0,六層,七層,華廈(10層含以下有電梯),住家用,720728.0,154.47,4,2,2,有,有,30000000,194212.0,,0.0,0,其他增建；,RPXNMLLLPHKGFAA18DA,116.69,0.0,17.94,有,,42.0
中正區,房地(土地+建物),金華街４７號四樓之１,11.11,住,,,1140714,土地1建物1車位0,四層,十二層,住宅大樓(11層含以上有電梯),住家用,741022.0,63.36,2,1,1,有,有,24000000,378788.0,,0.0,0,陽台外推；,RPPNMLQJQHKGFAA77DA,35.74,0.0,6.89,有,,40.0
內湖區,房地(土地+建物)+車位,民權東路六段１９１巷１２３號,239.06,住,,,1140713,土地1建物2車位2,全,四層,透天厝,住家用,881217.0,509.48,7,4,5,有,有,96800000,189998.0,一樓平面,0.0,0,陽台外推；頂樓加蓋；其他增建；,RPQNMLOJQHKGFCA87DA,405.09,11.16,62.24,無,,26.0
內湖區,房地(土地+建物),安康路４３４巷２０弄１４號二樓,12.16,住,,,1140726,土地1建物1車位0,二層,八層,華廈(10層含以下有電梯),住家用,850613.0,47.08,1,1,1,有,有,10600000,225149.0,,0.0,0,陽台外推；其他增建；,RPSOMLPJQHKGFCA28DA,20.99,11.29,2.97,有,,29.0
大安區,房地(土地+建物)+車位,大安路二段３７號六樓,48.32,住,,,1140707,土地1建物1車位1,六層,八層,華廈(10層含以下有電梯),住家用,890118.0,198.66000000000005,3,2,2,有,有,59800000,359930.0,坡道平面,43.63,4000000,陽台外推；,RPSNMLLJQHKGFFA08DA,112.02,0.52,10.89,有,459.0,25.0
大安區,房地(土地+建物),臥龍街１９９號二樓,23.35,住,,,1140729,土地1建物1車位0,二層,五層,公寓(5樓含以下無電梯),住家用,710702.0,88.05,3,2,2,有,無,19400000,220329.0,,0.0,0,陽台外推；其他增建；,RPXNMLRJQHKGFFA56DA,79.09,0.0,8.96,無,460.0,43.0
中山區,房地(土地+建物),大直街５７巷９之１號四樓,27.65,住,,,1140708,土地1建物1車位0,四層,五層,公寓(5樓含以下無電梯),住家用,750819.0,97.94,3,2,2,有,無,20500000,209312.0,,0.0,0,其他增建；,RPVNMLLKPHKGFCA08DA,84.49,0.0,9.71,無,,39.0
中山區,房地(土地+建物)+車位,新生北路二段７號十五樓,35.59,住,,,1140721,土地3建物1車位3,十五層,二十層,住宅大樓(11層含以上有電梯),住家用,1031029.0,494.26,2,2,2,有,有,169021200,341968.0,坡道平面,106.89,0,,RPPOMLPJQHKGFCA97DA,224.62,8.54,29.85,有,466.0,11.0
南港區,房地(土地+建物),市民大道七段１０號五樓之５,10.68,住,,,1140711,土地2建物1車位0,五層,十四層,住宅大樓(11層含以上有電梯),住家用,1130531.0,78.24,2,2,1,有,有,29633400,378750.0,,0.0,0,本案土地拆分價款為21878339元、建物拆分價款7755061元,RPPOMLOJQHKGFDA97DA,48.67,0.0,3.19,有,,1.0
士林區,房地(土地+建物),士東路９１巷２６弄６號二樓,8.23,住,,,1140726,土地1建物1車位0,二層,七層,華廈(10層含以下有電梯),住家用,980302.0,38.83,1,1,1,有,有,11500000,296163.0,,0.0,0,夾層；,RPRPMLSLPHKGFEA88DA,19.03,1.33,2.19,有,470.0,16.0
士林區,房地(土地+建物),重慶北路四段４９巷４０弄６號二樓,22.25,住,,,1140720,土地1建物1車位0,二層,四層,公寓(5樓含以下無電梯),住家用,610314.0,87.23,4,2,2,有,無,13680000,156827.0,,0.0,0,陽台外推；其他增建；,RPPQMLTLPHKGFEA88DA,80.54,0.0,6.69,無,,53.0
士林區,房地(土地+建物)+車位,中山北路五段７４６號十一樓之３,12.64,住,,,1140713,土地1建物1車位1,十一層,十八層,住宅大樓(11層含以上有電梯),住家用,1130904.0,156.03,3,2,2,有,有,38800000,325899.0,坡道平面,46.17,3000000,,RPRNMLOJQHKGFEA18DA,65.3,5.5,4.64,有,,1.0
大安區,房地(土地+建物),敦化南路二段６３巷５４弄１號三樓之１,24.04,住,,,1140710,土地9建物1車位0,三層,七層,華廈(10層含以下有電梯),住家用,760325.0,132.04999999999998,3,2,2,有,有,39700000,300644.0,,0.0,0,陽台外推；,RPQNMLRJQHKGFFA48DA,110.56,1.45,9.73,有,471.0,38.0
士林區,房地(土地+建物),承德路四段４０巷２１號二樓之１,11.69,住,,,1140718,土地1建物1車位0,二層,五層,華廈(10層含以下有電梯),住家用,610812.0,30.7,1,1,1,有,有,5100000,166124.0,,0.0,0,陽台外推；其他增建；,RPQNMLSJQHKGFEA58EA,27.5,1.85,1.35,有,,53.0
北投區,房地(土地+建物),崗山路５巷６號,47.9,住,,,1140725,土地1建物1車位0,一層,五層,公寓(5樓含以下無電梯),住家用,750721.0,141.88000000000002,4,2,2,有,無,29000000,204398.0,,0.0,0,一樓、平台增建、空地增建其他增建；,RPRNMLSJQHKGFEA68EA,86.95,50.88,0.0,無,474.0,39.0
中正區,房地(土地+建物),杭州南路一段７７巷７號三樓,57.25,住,,,1140702,土地1建物1車位0,三層,四層,公寓(5樓含以下無電梯),住家用,611018.0,158.6,3,2,2,有,無,55500000,349937.0,,0.0,0,,RPWNMLLMPHKGFBA28DA,135.76,0.0,9.41,無,476.0,53.0
內湖區,房地(土地+建物)+車位,民權東路六段４５１號十三樓之２,43.8,住,,,1140717,土地2建物1車位1,十三層,十四層,住宅大樓(11層含以上有電梯),住家用,970916.0,239.98,4,2,2,有,有,63000000,262522.0,坡道平面,21.84,0,其他增建；,RPOOMLRJQHKGFCA08DA,131.94,9.19,13.71,有,,17.0
內湖區,房地(土地+建物)+車位,康寧路三段７５巷２１８弄５２號,211.99,住,,,1140707,土地1建物1車位1,全,四層,透天厝,住家用,750122.0,290.51,5,2,3,有,有,32300000,111184.0,坡道平面,0.0,0,,RPUPMLRJQHKGFCA78DA,205.1,71.49,12.9,無,,39.0
南港區,房地(土地+建物)+車位,向陽路１２０巷２弄３３號十樓,17.73,住,,,1140727,土地1建物1車位1,十層,十五層,住宅大樓(11層含以上有電梯),住家用,1131106.0,149.68,3,2,2,有,有,39880000,328845.0,坡道平面,37.53,3000000,,RPWOMLLMPHKGFDA58DA,73.59,3.72,6.24,有,,1.0
文山區,房地(土地+建物),福興路９５巷３１號七樓之１,7.19,住,,,1140701,土地1建物1車位0,七層,十層,華廈(10層含以下有電梯),住家用,890626.0,28.950000000000003,1,1,1,有,有,5800000,200345.0,,0.0,0,陽台外推；,RPOOMLMJPHKGFAA27DA,23.35,0.0,0.0,有,,25.0
文山區,房地(土地+建物),羅斯福路五段２１８巷３８弄２２號四樓,26.6,住,,,1140721,土地1建物1車位0,四層,五層,公寓(5樓含以下無電梯),住家用,680404.0,91.27,3,2,2,有,無,13000000,142435.0,,0.0,0,其他增建；,RPQNMLKMPHKGFAA47DA,78.84,0.0,12.43,無,,46.0
大同區,房地(土地+建物)+車位,民族西路３３８號四樓之６,10.78,住,,,1140704,土地2建物1車位1,四層,十五層,住宅大樓(11層含以上有電梯),住家用,1110802.0,110.03,2,2,1,有,有,24500000,222687.0,坡道平面,34.27,0,,RPVNMLPJQHKGFBA38DA,50.52,0.0,3.03,有,485.0,3.0
內湖區,房地(土地+建物)+車位,民權東路六段１３５巷３８號,96.75,住,,,1140703,土地1建物1車位1,一層,五層,華廈(10層含以下有電梯),住家用,1000215.0,239.84,4,2,3,有,有,47750000,199091.0,坡道平面,28.7,0,,RPUNMLKMPHKGFCA08DA,131.16,9.91,12.84,有,,14.0
中山區,房地(土地+建物),建國北路二段６５號十樓,30.69,住,,,1140711,土地1建物1車位0,十層,十二層,住宅大樓(11層含以上有電梯),住家用,780825.0,239.13,0,0,0,無,有,53000000,221637.0,,0.0,0,陽台外推；,RPURMLQJQHKGFCA88DA,191.73,14.78,18.73,有,,36.0
中山區,房地(土地+建物),合江街１００巷２５號三樓,30.42,住,,,1140724,土地1建物1車位0,三層,六層,華廈(10層含以下有電梯),住家用,700714.0,117.98,3,2,2,有,無,29500000,250042.0,,0.0,0,陽台外推；其他增建；,RPVNMLLKQHKGFCA18DA,86.84,0.0,15.66,有,,44.0
士林區,房地(土地+建物),中山北路六段２９０巷７弄１１之２號二樓,38.61,住,,,1140705,土地2建物1車位0,二層,五層,公寓(5樓含以下無電梯),住家用,760223.0,134.79,3,2,2,有,無,27500000,204021.0,,0.0,0,陽台外推；其他增建；,RPPNMLQKPHKGFEA18DA,116.27,0.0,9.94,無,,38.0
大安區,房地(土地+建物),安居街３４巷５號四樓,32.8,住,,,1140704,土地1建物1車位0,四層,五層,公寓(5樓含以下無電梯),住家用,711102.0,124.02,3,2,2,有,無,21750000,175375.0,,0.0,0,其他增建；,RPVNMLLLPHKGFFA48DA,102.24,0.0,21.78,無,,43.0
大安區,房地(土地+建物),大安路一段１６巷１３號二樓之８,11.91,住,,,1140701,土地1建物1車位0,二層,九層,華廈(10層含以下有電梯),住家用,881222.0,42.99,1,1,1,有,有,15600000,362875.0,,0.0,0,陽台外推；,RPOPMLQJQHKGFFA38DA,28.3,0.57,2.38,有,,26.0
萬華區,房地(土地+建物),青年路６０號一樓,12.23,住,,,1140723,土地1建物1車位0,一層,十二層,住宅大樓(11層含以上有電梯),住家用,711027.0,50.09,2,1,1,有,有,10600000,211619.0,,0.0,0,其他增建；,RPUOMLTLPHKGFBA88DA,36.25,1.61,0.0,有,,43.0
內湖區,房地(土地+建物)+車位,星雲街１５０巷４６號十樓之３,13.43,住,,,1140715,土地1建物1車位1,十層,十三層,住宅大樓(11層含以上有電梯),住家用,880121.0,72.08,3,2,1,有,有,18300000,288827.0,坡道機械,14.26,1600000,夾層；其他增建；,RPSOMLQJQHKGFCA38DA,39.96,0.0,5.45,有,,26.0
北投區,房地(土地+建物),崇仁路一段５２號二樓,33.33,住,,,1140702,土地1建物1車位0,二層,三層,公寓(5樓含以下無電梯),住家用,590803.0,86.1,3,2,1,有,無,15000000,174216.0,,0.0,0,,RPTNMLQKPHKGFEA58DA,86.1,0.0,0.0,無,,55.0
北投區,房地(土地+建物),崇仁路一段５２號三樓,33.33,住,,,1140702,土地1建物1車位0,三層,三層,公寓(5樓含以下無電梯),住家用,590803.0,86.1,3,1,1,有,無,15000000,174216.0,,0.0,0,,SPTNMLQKPHKGFEA68DA,86.1,0.0,0.0,無,,55.0
士林區,房地(土地+建物)+車位,中山北路六段４０５巷８８號五樓之３,27.13,住,,,1140707,土地1建物1車位2,五層,十四層,住宅大樓(11層含以上有電梯),住家用,1120927.0,210.13,3,2,2,有,有,59500000,354375.0,坡道平面,59.16,6000000,,RPSOMLRKPHKGFEA68DA,93.85,0.0,4.32,有,,2.0
北投區,房地(土地+建物),天母西路１１７巷５２弄１８號五樓,27.69,住,,,1140729,土地1建物1車位0,五層,七層,華廈(10層含以下有電梯),住家用,731113.0,148.44,3,2,2,有,有,28500000,191997.0,,0.0,0,,RPTNMLMKQHKGFEA38EA,110.1,0.65,18.0,有,,41.0
文山區,房地(土地+建物)+車位,久康街９０號五樓之１,28.37,住,,,1140708,土地1建物1車位1,五層,十八層,住宅大樓(11層含以上有電梯),住家用,820907.0,156.57,3,2,2,有,有,26800000,171180.0,坡道機械,0.0,1500000,陽台外推；,RPTNMLMKQHKGFAA87DA,97.17,5.63,22.56,有,,32.0
中山區,房地(土地+建物),朱崙街７７號,26.0,住,,,1140725,土地1建物1車位0,一層，騎樓,四層,公寓(5樓含以下無電梯),住家用,570206.0,70.58,0,0,0,無,無,30000000,425050.0,,0.0,0,壹樓空地、騎樓增建其他增建；,RPWNMLMKQHKGFCA38DA,70.58,0.0,0.0,無,,57.0
內湖區,房地(土地+建物)+車位,民權東路六段１８０巷４１弄１５號二樓,98.68,住,,,1140703,土地1建物1車位1,二層,十層,華廈(10層含以下有電梯),住家用,951229.0,227.21999999999997,4,2,2,有,有,50000000,239975.0,坡道平面,34.69,3800000,本買賣建物標的範圍包含約定專用之公設露台,RPROMLMKQHKGFCA97DA,125.31,2.52,13.26,有,,19.0
大安區,房地(土地+建物),瑞安街３１巷１２號四樓,51.5,住,,,1140721,土地1建物1車位0,四層,四層,公寓(5樓含以下無電梯),住家用,621226.0,145.71,4,2,2,有,無,34000000,233340.0,,0.0,0,陽台外推；頂樓加蓋；其他增建；,RPPNMLPLPHKGFFA28DA,127.85,0.0,17.86,無,510.0,52.0
信義區,房地(土地+建物)+車位,松平路５０巷１５號六樓,73.61,住,,,1140728,土地1建物1車位1,六層,六層,華廈(10層含以下有電梯),住家用,890927.0,280.25,3,2,2,有,有,68000000,242640.0,其他,0.0,0,,RPPNMLTLPHKGFDA58EA,137.75,5.14,14.24,有,512.0,25.0
松山區,房地(土地+建物),民族東路６６８巷１弄１號,38.5,住,,,1140717,土地1建物1車位0,一層,四層,公寓(5樓含以下無電梯),住家用,600123.0,86.18,4,2,2,有,無,20000000,232072.0,,0.0,0,,RPTNMLOKQHKGFDA48EA,86.18,0.0,0.0,無,,54.0
中正區,房地(土地+建物),寧波西街１１４之１號四樓,30.57,住,,,1140714,土地1建物1車位0,四層,七層,華廈(10層含以下有電梯),住家用,660802.0,163.93,4,2,2,有,有,39680000,242055.0,,0.0,0,,RPPNMLLLPHKGFAA37DA,122.95,0.0,19.88,有,,48.0
萬華區,房地(土地+建物),中華路二段５０４巷２２號三樓,17.51,住,,,1140730,土地1建物1車位0,三層,十二層,住宅大樓(11層含以上有電梯),住家用,680403.0,63.09,3,1,1,有,有,14000000,221905.0,,0.0,0,陽台外推；,RPQPMLNKQHKGFBA97DA,55.83,0.0,7.26,有,,46.0
北投區,房地(土地+建物),公路６３巷１１號三樓,30.25,住,,,1140711,土地1建物1車位0,三層,四層,公寓(5樓含以下無電梯),住家用,660623.0,95.97,3,1,2,有,無,14750000,153694.0,,0.0,0,陽台外推；,RPVOMLRJQHKGFEA98DA,85.84,0.0,10.13,無,,48.0
內湖區,房地(土地+建物),內湖路一段７３７巷５０弄３號二樓,14.41,住,,,1140731,土地1建物1車位0,二層,四層,公寓(5樓含以下無電梯),住家用,680409.0,37.47,2,1,1,有,無,7300000,194823.0,,0.0,0,,RPPNMLPKQHKGFCA08EA,34.78,0.0,2.69,無,,46.0
內湖區,房地(土地+建物),安康路４３４巷２０弄２４號五樓之１,12.16,住,,,1140724,土地1建物1車位0,五層,八層,華廈(10層含以下有電梯),住家用,850613.0,35.69,1,1,1,有,有,8560000,239843.0,,0.0,0,,RPWNMLOKQHKGFCA58DA,20.99,0.0,2.97,有,,29.0
萬華區,房地(土地+建物)+車位,青年路１５２巷２０號七樓之２,45.63,住,,,1140720,土地4建物1車位1,七層,十四層,住宅大樓(11層含以上有電梯),住家用,970103.0,213.45,4,2,2,有,有,41500000,194425.0,坡道平面,0.0,0,,RPVOMLLMPHKGFBA28DA,116.43,0.0,10.92,有,534.0,18.0
中山區,房地(土地+建物),錦州街１９４號四樓,37.0,住,,,1140714,土地1建物1車位0,四層,四層,公寓(5樓含以下無電梯),住家用,610727.0,92.85,4,2,2,有,無,18300000,197092.0,,0.0,0,,RPOQMLSJQHKGFCA38DA,92.85,0.0,0.0,無,,53.0
內湖區,房地(土地+建物),內湖路二段１０３巷９２弄８號三樓之３,26.89,住,,,1140705,土地2建物1車位0,三層,五層,華廈(10層含以下有電梯),住家用,1120216.0,55.66,1,1,1,有,有,17000000,305426.0,,0.0,0,,RPUNMLPKQHKGFCA48DA,27.39,4.07,2.94,有,541.0,2.0
南港區,房地(土地+建物)+車位,重陽路１９號十一樓,11.2,住,,,1140719,土地1建物1車位1,十一層,十四層,住宅大樓(11層含以上有電梯),住家用,1110124.0,78.93,1,1,1,有,有,19080000,308105.0,坡道平面,26.74,3000000,,RPVQMLQJQHKGFDA98DA,29.73,0.0,4.3,有,546.0,3.0
信義區,房地(土地+建物),永吉路２００巷６１弄２號四樓,9.8,住,,,1140711,土地1建物1車位0,四層,五層,華廈(10層含以下有電梯),住家用,1040723.0,50.78,1,1,1,有,有,16800000,330839.0,,0.0,0,陽台外推；夾層；其他增建；,RPUOMLLKQHKGFDA28DA,21.09,1.99,4.14,有,547.0,10.0
北投區,房地(土地+建物),中和街３７５號四樓,24.4,住,,,1140720,土地1建物1車位0,四層,五層,公寓(5樓含以下無電梯),住家用,670812.0,75.11,3,1,1,有,無,10900000,145120.0,,0.0,0,陽台外移且向外擴大加蓋、天井加蓋。其他增建；,RPQNMLKLPHKGFEA77DA,66.96,0.0,8.15,無,550.0,47.0
大安區,房地(土地+建物),新生南路一段１６１巷１９號五樓之１,11.56,住,,,1140716,土地1建物1車位0,五層,六層,華廈(10層含以下有電梯),住家用,1140411.0,43.129999999999995,1,1,1,有,有,20360000,472061.0,,0.0,0,土地價格：1527萬元， 建物價格:509萬元,RPQNMLPKQHKGFFA38DA,20.94,0.0,3.03,有,,
文山區,房地(土地+建物)+車位,政大二街２６０巷２３號五樓,44.74,住,,,1140712,土地1建物1車位1,五層,五層,華廈(10層含以下有電梯),住家用,990730.0,124.3,2,2,1,有,有,16700000,174426.0,坡道平面,42.89,2500000,其他增建；,RPUNMLLLPHKGFAA87DA,54.26,0.03,2.83,有,554.0,15.0
內湖區,房地(土地+建物)+車位,民權東路六段１９１巷３８弄２３號三樓,59.64,住,,,1140711,土地1建物1車位1,三層,五層,華廈(10層含以下有電梯),住家用,1140214.0,143.64,2,2,2,有,有,32980000,256286.0,塔式車位,23.54,2200000,,RPRNMLTKQHKGFCA58DA,67.84,0.0,8.08,有,,
北投區,房地(土地+建物),永興路一段４１號二樓,15.6,住,,,1140719,土地1建物1車位0,二層,五層,公寓(5樓含以下無電梯),住家用,661121.0,77.57,3,1,1,有,無,11500000,148253.0,,0.0,0,陽台外推；,RPPNMLOJQHKGFEA97DA,67.56,0.0,10.01,無,,48.0
北投區,房地(土地+建物),大同街２８號二樓,15.67,住,,,1140719,土地1建物1車位0,二層,十八層,住宅大樓(11層含以上有電梯),住家用,1130621.0,88.42999999999999,2,1,1,有,有,26000000,294018.0,,0.0,0,,RPUNMLKLQHKGFEA28DA,51.91,1.94,4.81,有,,1.0
大安區,房地(土地+建物),仁愛路四段３００巷１１號二樓之１１,6.36,住,,,1140716,土地1建物1車位0,二層,七層,華廈(10層含以下有電梯),住家用,721128.0,42.65,0,0,1,有,有,12580000,294959.0,,0.0,0,其他增建；,RPPNMLMKQHKGFFA97DA,30.03,0.0,4.84,有,,42.0
士林區,房地(土地+建物),德行東路８１巷１５弄２７號,73.0,住,,,1140702,土地1建物1車位0,全,二層,透天厝,住家用,600731.0,96.72,2,2,2,有,無,33000000,341191.0,,0.0,0,未登記建物；,RPPNMLSKQHKGFEA58EA,96.72,0.0,0.0,無,,54.0
大同區,房地(土地+建物)+車位,雙連街７９號八樓之１,16.51,住,,,1140724,土地1建物1車位1,八層,十五層,住宅大樓(11層含以上有電梯),住家用,1060726.0,174.64,3,2,2,有,有,53000000,303481.0,坡道平面,35.84,0,,RPPOMLRJQHKGFBA08DA,86.06,2.5,8.09,有,,8.0
內湖區,房地(土地+建物)+車位,文德路６６巷６９弄６號四樓,33.18,住,,,1140707,土地1建物1車位1,四層,七層,華廈(10層含以下有電梯),住家用,821118.0,152.09,3,2,2,有,有,27600000,181471.0,升降平面,0.0,0,陽台外推；其他增建；,RPTOMLLMPHKGFCA18DA,80.18,1.4,9.3,有,,32.0
信義區,房地(土地+建物),松仁路３０８巷１１３號三樓,27.0,住,,,1140708,土地1建物1車位0,三層,五層,公寓(5樓含以下無電梯),住家用,731210.0,101.12,3,2,2,有,無,17500000,173062.0,,0.0,0,陽台外推；,RPQNMLTKQHKGFDA58DA,82.58,0.35,9.43,無,,41.0
大安區,房地(土地+建物),復興南路二段１７１巷３６號十一樓,25.33,住,,,1140719,土地1建物1車位0,十一層,十七層,住宅大樓(11層含以上有電梯),住家用,740522.0,129.26,3,2,2,有,有,34800000,269225.0,,0.0,0,,RPPNMLKLQHKGFFA97EA,97.03,1.8,9.07,有,,40.0
中正區,房地(土地+建物),新生南路一段１６０巷４號四樓,34.8,住,,,1140715,土地1建物1車位0,四層,五層,公寓(5樓含以下無電梯),住家用,660216.0,120.42,2,2,2,有,無,32780000,272214.0,,0.0,0,陽台外推；,RPTNMLLLQHKGFBA97DA,107.02,0.0,13.4,無,,48.0
北投區,房地(土地+建物)+車位,奇岩路２４１巷７弄２８號四樓,125.06,住,,,1140713,土地1建物1車位1,四層,五層,華廈(10層含以下有電梯),住家用,1081223.0,239.47,4,2,2,有,有,35800000,158482.0,坡道平面,28.09,2300000,,RPROMLLKQHKGFEA08DA,112.74,12.42,10.18,有,,6.0
士林區,房地(土地+建物)+車位,後港街１５０號八樓,43.88,住,,,1140714,土地1建物1車位1,八層,十二層,住宅大樓(11層含以上有電梯),住家用,860822.0,210.45,4,2,2,有,有,40000000,190069.0,坡道平面,0.0,0,陽台外推；,RPPNMLMLQHKGFEA08EA,122.04,2.25,13.78,有,586.0,28.0
大安區,房地(土地+建物),建國南路一段２９１巷２６號二樓,23.46,住,,,1140705,土地2建物1車位0,二層,七層,華廈(10層含以下有電梯),住家用,760226.0,105.02,3,2,2,有,無,31500000,299943.0,,0.0,0,,RPPNMLRJQHKGFFA38DA,91.6,1.8,11.62,有,,38.0
文山區,房地(土地+建物),景興路１５３巷１９號二樓,13.87,住,,,1140702,土地1建物1車位0,二層,十二層,住宅大樓(11層含以上有電梯),住家用,830317.0,71.75999999999999,2,2,1,有,有,17300000,241081.0,,0.0,0,,RPPOMLSLPHKGFAA18DA,44.67,4.81,4.88,有,,31.0
中山區,房地(土地+建物)+車位,明水路５５５號三樓之１６,25.53,住,,,1140708,土地1建物1車位2,三層，四層,十六層,住宅大樓(11層含以上有電梯),住家用,850530.0,148.55,2,2,2,有,有,31500000,283969.0,坡道平面,55.23,5000000,夾層；其他增建；,RPTNMLTLPHKGFCA78DA,61.1,2.84,7.06,有,598.0,29.0
中山區,房地(土地+建物)+車位,南京東路三段４８巷３８號十三樓之１,30.74,住,,,1140717,土地1建物1車位1,十三層,十四層,住宅大樓(11層含以上有電梯),住家用,930330.0,219.79,4,2,2,有,有,72000000,327585.0,坡道平面,31.51,0,後陽台加窗、鐵鋁窗增建陽台外推；,RPPRMLQJQHKGFCA38DA,110.58,4.94,13.01,有,,21.0
松山區,房地(土地+建物),敦化北路１２０巷５６號四樓,20.77,住,,,1140714,土地1建物1車位0,四層,七層,華廈(10層含以下有電梯),住家用,741128.0,131.74,3,2,2,有,有,36600000,277820.0,,0.0,0,,RPVNMLSKQHKGFDA98DA,93.51,0.0,18.15,有,,40.0
北投區,房地(土地+建物),榮華二路５之１號五樓,25.35,住,,,1140711,土地2建物1車位0,五層,八層,華廈(10層含以下有電梯),住家用,690430.0,135.73,3,2,2,有,有,29600000,218080.0,,0.0,0,陽台外推；,RPQNMLPLQHKGFEA38DA,105.9,0.0,14.3,有,,45.0
內湖區,房地(土地+建物)+車位,文湖街２１巷９１弄９號六樓,22.63,住,,,1140730,土地1建物1車位1,六層,十層,華廈(10層含以下有電梯),住家用,1070105.0,105.46,2,2,1,有,有,26500000,251280.0,塔式車位,0.0,0,,RPQNMLQLQHKGFCA38EA,51.35,7.4,3.24,有,605.0,8.0
大同區,房地(土地+建物),敦煌路４６號四樓,24.25,住,,,1140705,土地1建物1車位0,四層,四層,公寓(5樓含以下無電梯),住家用,620630.0,72.49,4,2,1,有,無,13500000,186233.0,,0.0,0,未登記建物；,RPVNMLKLQHKGFBA08DA,72.49,0.0,0.0,無,,52.0
士林區,房地(土地+建物),社子街２２巷２２弄２７號,24.75,住,,,1140726,土地1建物1車位0,一層，平台,四層,公寓(5樓含以下無電梯),住家用,640220.0,67.73,4,2,2,有,無,13490000,199173.0,,0.0,0,其他增建；,RPTOMLRJQHKGFEA78DA,67.73,0.0,0.0,無,,50.0
內湖區,房地(土地+建物),內湖路三段３２９巷４弄１４號四樓,22.4,住,,,1140705,土地1建物1車位0,四層,五層,公寓(5樓含以下無電梯),住家用,680504.0,80.47,3,2,1,有,無,14600000,181434.0,,0.0,0,陽台外推；其他增建；,RPOOMLMLQHKGFCA77DA,69.71,0.0,10.76,無,,46.0
士林區,房地(土地+建物)+車位,天玉街１３之２號八樓,59.02,住,,,1140714,土地1建物1車位2,八層,十五層,住宅大樓(11層含以上有電梯),住家用,960201.0,288.71000000000004,4,2,3,有,有,68000000,278289.0,坡道平面,65.92,6000000,陽台外推；其他增建；,RPPNMLRLPHKGFEA38DA,130.74,9.12,14.51,有,,18.0
中正區,房地(土地+建物),汀州路二段１２７巷７號三樓,22.81,住,,,1140713,土地1建物1車位0,三層,五層,公寓(5樓含以下無電梯),住家用,961031.0,85.91999999999999,3,2,2,有,有,23500000,273510.0,,0.0,0,雨遮加欄杆、陽台外增設外掛冷氣室外機陽台外推；其他增建；,RPOOMLSLQHKGFAA18DA,60.49,1.09,5.38,無,,18.0
中山區,房地(土地+建物)+車位,北安路４５８巷４７弄１３號二樓之１,31.68,住,,,1140724,土地1建物1車位1,二層,十層,華廈(10層含以下有電梯),住家用,881012.0,172.65,3,2,2,有,有,39800000,230524.0,坡道平面,48.16,0,其他增建；,RPQNMLKLQHKGFCA67DA,84.32,0.0,9.74,有,,26.0
內湖區,房地(土地+建物)+車位,行善路７１號,116.24,住,,,1140709,土地1建物1車位2,全,三層,透天厝,住家用,910117.0,332.65,6,2,3,有,有,75000000,225462.0,坡道平面,0.0,5000000,陽台外推；頂樓加蓋；其他增建；,RPVOMLMLQHKGFCA48DA,177.61,21.47,23.13,無,,23.0
內湖區,房地(土地+建物),康寧路三段９９巷３９弄１１號六樓,32.09,住,,,1140705,土地1建物1車位0,六層,八層,華廈(10層含以下有電梯),住家用,840508.0,118.01,3,2,2,有,有,24800000,210152.0,,0.0,0,陽台外推；,RPUNMLPLQHKGFCA58DA,76.62,0.5,9.76,有,,30.0
內湖區,房地(土地+建物)+車位,康寧路三段７５巷２１８弄６９號,99.06,住,,,1140728,土地1建物1車位1,一層，二層，地下一層,四層,公寓(5樓含以下無電梯),住家用,791024.0,213.52,5,2,3,有,無,27000000,126458.0,坡道平面,14.98,0,陽台外推；其他增建；,RPPOMLRLQHKGFCA38DA,98.78,8.62,2.76,無,,35.0
南港區,房地(土地+建物),興南街６４巷２６弄２號三樓,30.26,住,,,1140720,土地2建物1車位0,三層,四層,公寓(5樓含以下無電梯),住家用,670509.0,84.27,4,2,2,有,無,18000000,213599.0,,0.0,0,後陽台增建,RPUSMLPKQHKGFDA09DA,70.23,0.0,14.04,無,,47.0
松山區,房地(土地+建物)+車位,市民大道四段３９之３號六樓,56.74,住,,,1140721,土地2建物1車位2,六層,二十三層,住宅大樓(11層含以上有電梯),住家用,1090102.0,409.26,0,0,0,無,有,184200000,534223.0,坡道平面,81.12,8900000,,RPXNMLQLQHKGFDA09DA,180.31,8.8,24.4,有,,6.0
士林區,房地(土地+建物),福林路２５５巷９號三樓,33.62,住,,,1140727,土地1建物1車位0,三層,四層,公寓(5樓含以下無電梯),住家用,740213.0,97.48,3,2,1,有,無,23000000,235946.0,,0.0,0,陽台外推；,RPTOMLQJQHKGFEA68DA,83.07,0.0,8.31,無,615.0,40.0
大安區,房地(土地+建物)+車位,復興南路一段１０７巷４３號五樓,38.55,住,,,1140709,土地1建物1車位1,五層,七層,華廈(10層含以下有電梯),住家用,730216.0,199.37,4,2,2,有,有,49000000,280689.0,坡道平面,39.05,4000000,交易總價 4900萬元整，其中土地價格：47107815元整 建物價格：1892185元整其他增建；,RPQNMLNKQHKGFFA18DA,160.49,0.0,20.24,有,,41.0
中山區,房地(土地+建物),新生北路三段９３巷３１號,58.5,住,,,1140708,土地1建物1車位0,一層,三層,公寓(5樓含以下無電梯),住家用,580417.0,76.81,3,2,1,有,無,21120000,274964.0,,0.0,0,其他增建；,RPUNMLRLQHKGFCA78DA,76.81,0.0,0.0,無,619.0,56.0
信義區,房地(土地+建物),信義路六段２６巷２２號五樓,31.47,住,,,1140726,土地1建物1車位0,五層,五層,公寓(5樓含以下無電梯),住家用,691203.0,113.03,3,2,2,有,無,20500000,181368.0,,0.0,0,頂樓加蓋；其他增建；,RPWNMLNKQHKGFDA58DA,98.45,0.0,14.58,無,,45.0
士林區,房地(土地+建物)+車位,至誠路一段６２巷１０弄１號二樓,33.85,住,,,1140714,土地1建物1車位1,二層,六層,華廈(10層含以下有電梯),住家用,971029.0,174.78,3,2,2,有,有,37000000,229833.0,升降機械,21.19,1700000,含土地增值稅或其他稅費524249元；含地政士服務費27500元；,RPUNMLTKQHKGFEA09DA,85.03,8.58,4.13,有,,17.0
大安區,房地(土地+建物),樂利路５巷１３號五樓之１,16.07,住,,,1140705,土地1建物1車位0,五層,五層,公寓(5樓含以下無電梯),住家用,680203.0,56.12,2,1,1,有,無,14680000,261582.0,,0.0,0,其他增建；,RPQOMLLLPHKGFFA08DA,44.14,0.0,5.22,無,,46.0
大安區,房地(土地+建物),延吉街２３３巷５號六樓,30.4,住,,,1140702,土地1建物1車位0,六層,七層,華廈(10層含以下有電梯),住家用,700121.0,142.71,3,2,2,有,無,39110000,274052.0,,0.0,0,陽台外推；其他增建；,RPQNMLRLPHKGFFA58DA,108.18,0.0,16.13,有,,44.0
萬華區,房地(土地+建物),青年路３０巷４號五樓之１,16.2,住,,,1140730,土地1建物1車位0,五層,十二層,住宅大樓(11層含以上有電梯),住家用,760316.0,77.57,2,1,1,有,有,15000000,193374.0,,0.0,0,,RPROMLSLQHKGFBA58DA,50.62,0.0,10.12,有,,38.0
中山區,房地(土地+建物)+車位,松江路６９巷１１號四樓之３,11.6,住,,,1140718,土地1建物1車位1,四層,七層,華廈(10層含以下有電梯),住家用,1020903.0,70.51,2,1,1,有,有,22680000,321657.0,塔式車位,12.01,0,夾層；其他增建；,RPVNMLSKQHKGFCA88DA,29.34,3.38,4.52,有,623.0,12.0
信義區,房地(土地+建物),松山路２６８號二樓,13.51,住,,,1140711,土地2建物1車位0,二層,十五層,住宅大樓(11層含以上有電梯),住家用,730608.0,87.97,2,2,1,有,有,19200000,218256.0,,0.0,0,陽台外推；其他增建；,RPVOMLLMPHKGFDA48DA,58.13,0.0,6.22,有,,41.0
松山區,房地(土地+建物),延吉街２３巷１號三樓,26.08,住,,,1140707,土地1建物1車位0,三層,四層,公寓(5樓含以下無電梯),住家用,561004.0,66.39,3,2,1,有,無,18000000,271125.0,,0.0,0,陽台外推；,RPSOMLRJQHKGFDA58DA,66.39,0.0,0.0,無,,58.0
南港區,房地(土地+建物)+車位,大坑街４５０號四樓之１０,13.33,住,,,1140727,土地2建物1車位1,四層,十二層,住宅大樓(11層含以上有電梯),住家用,1120719.0,102.0,1,1,1,有,有,23380000,321654.0,坡道平面,38.64,3000000,,RPROMLKLQHKGFDA97DA,32.02,3.31,3.42,有,,2.0
信義區,房地(土地+建物),林口街８０巷２４號,34.0,住,,,1140711,土地2建物1車位0,一層,四層,公寓(5樓含以下無電梯),住家用,590123.0,67.65,2,1,1,有,無,24000000,354767.0,,0.0,0,,RPPOMLLJRHKGFDA77DA,67.65,0.0,0.0,無,,55.0
松山區,房地(土地+建物),民權東路三段１０６巷２１弄７號三樓,26.55,住,,,1140710,土地1建物1車位0,三層,七層,華廈(10層含以下有電梯),住家用,701228.0,136.5,3,2,2,有,有,38000000,278388.0,,0.0,0,,RPTNMLLJRHKGFDA18EA,116.03,0.0,16.5,有,629.0,44.0
中山區,房地(土地+建物)+車位,北安路５７８巷８弄２６號七樓,35.45,住,,,1140730,土地1建物1車位2,七層,十層,華廈(10層含以下有電梯),住家用,940204.0,193.89,4,2,2,有,有,61880000,319150.0,坡道平面,0.0,4500000,陽台外推；其他增建；,RPRNMLPKQHKGFCA18DA,98.45,0.0,4.5,有,,20.0
內湖區,房地(土地+建物),安泰街８０巷８號五樓,25.35,住,,,1140715,土地1建物1車位0,五層,五層,公寓(5樓含以下無電梯),住家用,690808.0,80.04,5,4,2,有,無,9450000,118066.0,,0.0,0,頂樓加蓋；其他增建；,RPWNMLTLQHKGFCA56DA,73.48,0.0,6.56,無,,45.0
松山區,房地(土地+建物),復興北路４８９號二樓之２,7.12,住,,,1140705,土地1建物1車位0,二層,十一層,住宅大樓(11層含以上有電梯),住家用,960216.0,44.16,1,1,1,有,有,13880000,314312.0,,0.0,0,夾層；其他增建；,RPTNMLPLQHKGFDA58DA,26.55,0.0,2.34,有,,18.0
北投區,房地(土地+建物),文林北路２３６號四樓,13.63,住,,,1140715,土地2建物1車位0,四層,五層,公寓(5樓含以下無電梯),住家用,730112.0,122.37,4,2,1,有,無,19000000,155267.0,,0.0,0,其他增建；,RPSNMLMLQHKGFEA28DA,113.54,0.0,8.83,無,,42.0
大安區,房地(土地+建物)+車位,安和路二段３２巷３１號七樓,13.54,住,,,1140710,土地1建物1車位1,七層,七層,華廈(10層含以下有電梯),住家用,1100317.0,75.59,1,1,1,有,有,28439690,376236.0,升降機械,10.38,0,,RPPNMLNJRHKGFFA18EA,28.58,8.42,3.43,有,634.0,4.0
文山區,房地(土地+建物),景興路９７巷１８號,27.25,住,,,1140720,土地1建物1車位0,一層,四層,公寓(5樓含以下無電梯),住家用,651203.0,72.24,3,1,1,有,無,14100000,195183.0,,0.0,0,,RPWNMLMJRHKGFAA18DA,58.37,13.87,0.0,無,,49.0
文山區,房地(土地+建物),辛亥路五段７３巷７弄２之１號三樓,23.83,住,,,1140713,土地2建物1車位0,三層,五層,公寓(5樓含以下無電梯),住家用,720927.0,95.5,3,2,2,有,有,12800000,134031.0,,0.0,0,陽台外推；,RPVNMLOJRHKGFAA28DA,79.53,0.0,8.56,無,,42.0
內湖區,房地(土地+建物)+車位,港華街５１巷８弄１８號五樓之５,16.41,住,,,1140705,土地1建物1車位2,五層,九層,華廈(10層含以下有電梯),住家用,971017.0,130.51999999999998,1,2,2,有,有,30680000,235060.0,坡道機械,31.3,0,陽台外推；其他增建；,RPPRMLSKPHKGFCA58DA,52.95,8.25,5.41,有,635.0,17.0
內湖區,房地(土地+建物),星雲街１６８巷９號六樓,15.28,住,,,1140719,土地1建物1車位0,六層,十六層,住宅大樓(11層含以上有電梯),住家用,841116.0,64.57,2,2,1,有,有,18500000,286511.0,,0.0,0,,RPXPMLRJQHKGFCA09DA,47.93,1.0,5.98,有,,30.0
內湖區,房地(土地+建物),內湖路一段９１巷１５６號六樓,12.62,住,,,1140726,土地1建物1車位0,六層,六層,華廈(10層含以下有電梯),住家用,1130801.0,46.65,1,1,1,有,有,16000000,342980.0,,0.0,0,,RPRPMLKLQHKGFCA97DA,25.05,0.0,3.44,有,,1.0
內湖區,房地(土地+建物)+車位,內湖路一段９１巷１０２弄１６號六樓,20.27,住,,,1140712,土地1建物1車位1,六層,八層,華廈(10層含以下有電梯),住家用,941228.0,104.56,2,1,1,有,有,21700000,264423.0,坡道平面,33.84,3000000,陽台外推；其他增建；,RPTNMLTLQHKGFCA88DA,44.87,2.65,5.54,有,637.0,20.0
北投區,房地(土地+建物)+車位,石牌路二段３６３號十三樓之１,25.36,住,,,1140726,土地1建物1車位1,十三層,十四層,住宅大樓(11層含以上有電梯),住家用,1140107.0,165.18,3,2,2,有,有,42200000,306674.0,坡道平面,37.52,3050000,,RPTNMLOKQHKGFEA48DA,72.48,0.0,9.12,有,,1.0
北投區,房地(土地+建物)+車位,石牌路二段３６３號十三樓,25.06,住,,,1140726,土地1建物1車位1,十三層,十四層,住宅大樓(11層含以上有電梯),住家用,1140107.0,164.14,3,2,2,有,有,41350000,302085.0,坡道平面,37.52,3100000,,RPUNMLOKQHKGFEA58DA,70.96,0.0,9.84,有,,1.0
北投區,房地(土地+建物),尊賢街２６４巷１７號四樓,25.75,住,,,1140708,土地1建物1車位0,四層，陽臺,四層,公寓(5樓含以下無電梯),住家用,660106.0,86.91,2,2,1,有,無,14880000,171212.0,,0.0,0,其他增建；,RPVNMLOKQHKGFEA68DA,86.91,0.0,0.0,無,,49.0
文山區,房地(土地+建物),辛亥路六段８６巷６弄１０號四樓,20.54,住,,,1140706,土地1建物1車位0,四層,五層,公寓(5樓含以下無電梯),住家用,720307.0,98.5,3,2,1,有,無,11000000,111675.0,,0.0,0,陽台外推；其他增建；,RPRNMLSJQHKGFAA18DA,86.96,0.0,11.54,無,,42.0
中正區,房地(土地+建物),寧波東街１２號八樓之１,20.97,住,,,1140714,土地1建物1車位0,八層,十二層,住宅大樓(11層含以上有電梯),住家用,741022.0,119.91,3,2,2,有,有,44250000,369027.0,,0.0,0,其他增建；,RPUNMLPLQHKGFAA38DA,72.73,0.0,7.79,有,,40.0
萬華區,房地(土地+建物),萬大路４２４巷１６４號二樓,25.0,住,,,1140726,土地1建物1車位0,二層,四層,公寓(5樓含以下無電梯),住家用,600121.0,74.06,2,1,1,有,無,11000000,148528.0,,0.0,0,其他增建；,RPPNMLMKQHKGFBA57DA,74.06,0.0,0.0,無,640.0,55.0
中山區,房地(土地+建物),四平街８９號二樓,28.54,住,,,1140711,土地1建物1車位0,二層,七層,華廈(10層含以下有電梯),住家用,760418.0,157.06,4,2,2,有,無,30000000,191010.0,,0.0,0,,RPOPMLNLPHKGFCA87DA,119.42,1.6,9.12,有,,38.0
南港區,房地(土地+建物),成福路２１１巷４號三樓,28.99,住,,,1140720,土地1建物1車位0,三層,五層,公寓(5樓含以下無電梯),住家用,671104.0,93.51,3,2,2,有,無,15050000,160945.0,,0.0,0,其他增建；,RPQNMLMLQHKGFDA97DA,84.85,0.0,8.66,無,,47.0
士林區,房地(土地+建物),中山北路七段１５２之１號二樓,30.02,住,,,1140714,土地1建物1車位0,二層,七層,華廈(10層含以下有電梯),住家用,730724.0,150.07,4,2,2,有,無,25360000,168988.0,,0.0,0,陽台加窗、建物向外加蓋鐵窗其他增建；,RPUNMLOKPHKGFEA48DA,118.38,0.0,13.86,有,,41.0
大安區,房地(土地+建物),潮州街８４號五樓,6.27,住,,,1140723,土地1建物1車位0,五層,九層,華廈(10層含以下有電梯),住家用,980120.0,27.799999999999997,1,1,1,有,有,15300000,550360.0,,0.0,0,夾層；其他增建；,RPSNMLMKQHKGFFA28DA,10.36,6.02,0.0,有,,17.0
文山區,房地(土地+建物)+車位,政大二街２１５巷１０號八樓,70.49,住,,,1140706,土地1建物1車位1,八層,九層,華廈(10層含以下有電梯),住家用,920609.0,136.57,3,2,2,有,有,19500000,142784.0,坡道平面,0.0,0,車位面積無法概算其他增建；,RPQNMLSLPHKGFAA18DA,75.06,0.0,8.45,有,,22.0
文山區,房地(土地+建物),興隆路四段７４巷２１弄１５號二樓,30.65,住,,,1140718,土地1建物1車位0,二層,六層,華廈(10層含以下有電梯),住家用,810805.0,112.26,3,2,2,有,有,18050000,160787.0,,0.0,0,陽台外推；其他增建；,RPXNMLOJQHKGFAA38DA,67.95,6.11,10.11,有,646.0,33.0
萬華區,房地(土地+建物),中華路二段６６６之８號七樓之２,14.83,住,,,1140719,土地1建物1車位0,七層,十四層,住宅大樓(11層含以上有電梯),住家用,780811.0,110.09,3,2,2,有,有,23000000,208920.0,,0.0,0,其他增建；,RPQOMLPKQHKGFBA08DA,96.41,0.0,8.7,有,,36.0
士林區,房地(土地+建物),中山北路六段４５０巷３４號三樓,33.92,住,,,1140703,土地1建物1車位0,三層,五層,公寓(5樓含以下無電梯),住家用,670601.0,119.75,4,2,2,有,無,22500000,187891.0,,0.0,0,,RPPQMLSLPHKGFEA78DA,105.68,0.0,14.07,無,,47.0
大安區,房地(土地+建物),溫州街７４巷４弄２號三樓之１,17.27,住,,,1140728,土地1建物1車位0,三層,七層,華廈(10層含以下有電梯),住家用,680417.0,79.63,2,2,1,有,有,22000000,276278.0,,0.0,0,陽台外推；其他增建；,RPUNMLMKQHKGFFA48DA,54.53,0.0,3.87,有,,46.0
北投區,房地(土地+建物),中山北路七段２１９巷３弄５９號二樓,25.99,住,,,1140720,土地1建物1車位0,二層,七層,華廈(10層含以下有電梯),住家用,730920.0,117.92,2,2,2,有,有,18750000,159006.0,,0.0,0,雨遮及鐵鋁窗增建陽台外推；其他增建；,RPRNMLSJRHKGFEA78EA,97.45,0.0,15.59,有,652.0,41.0
中正區,房地(土地+建物),銅山街２４號六樓,21.12,住,,,1140715,土地1建物1車位0,六層,七層,華廈(10層含以下有電梯),住家用,730727.0,134.73,3,2,2,有,無,36880000,273733.0,,0.0,0,陽台外推；其他增建；,RPOQMLTKQHKGFBA48DA,94.77,18.38,13.57,有,,41.0
大同區,房地(土地+建物)+車位,歸綏街５８號七樓,15.0,住,,,1140729,土地1建物1車位2,七層,十層,華廈(10層含以下有電梯),住家用,1070822.0,135.54000000000002,2,1,1,有,有,24380000,275434.0,塔式車位,63.0,4400000,車位位於地下1層夾層；其他增建；,RPUNMLNJRHKGFBA18DA,39.1,2.91,4.35,有,,7.0
信義區,房地(土地+建物),虎林街１０４巷１６０號,27.0,住,,,1140719,土地1建物1車位0,全,三層,透天厝,住家用,761220.0,79.95,4,2,1,有,無,21150000,264540.0,,0.0,0,,RPROMLSJQHKGFDA58DA,79.95,0.0,0.0,無,,38.0
信義區,房地(土地+建物),仁愛路四段４５２巷１８號二樓之２,18.24,住,,,1140705,土地1建物1車位0,二層,七層,華廈(10層含以下有電梯),住家用,660914.0,111.14,4,2,2,有,無,30760000,276768.0,,0.0,0,,RPSNMLMKQHKGFDA08DA,92.9,0.0,7.3,有,,48.0
信義區,房地(土地+建物),吳興街２８４巷２０弄６１號三樓,30.0,住,,,1140707,土地1建物1車位0,三層,四層,公寓(5樓含以下無電梯),住家用,610629.0,86.25,3,2,1,有,無,17500000,202899.0,,0.0,0,陽台外推；,RPVOMLPJRHKGFDA78DA,73.62,0.0,12.63,無,,53.0
北投區,房地(土地+建物),中和街４９３巷５弄８號四樓,27.27,住,,,1140708,土地9建物1車位0,四層,五層,公寓(5樓含以下無電梯),住家用,690530.0,92.89,3,2,2,有,無,10300000,110884.0,,0.0,0,其他增建；,RPSNMLPKQHKGFEA48DA,80.39,0.0,12.5,無,,45.0
大安區,建物,杭州南路二段６１巷３８號五樓之１,0.0,,,,1140704,土地0建物1車位0,五層,八層,華廈(10層含以下有電梯),住家用,1130301.0,36.72,0,1,1,有,有,14380000,391612.0,,0.0,0,建物坐落地號：金華段四小段130地號；地上權房屋；,RPWOMLLMPHKGFFA78DA,20.81,0.0,2.51,有,,1.0
大安區,房地(土地+建物),忠孝東路四段１８１巷７弄２１號二樓,15.25,住,,,1140722,土地1建物2車位0,二層,七層,華廈(10層含以下有電梯),住家用,570920.0,71.01,2,2,2,有,有,25550000,359808.0,,0.0,0,,RPQNMLPLQHKGFFA48DA,57.32,0.0,5.88,有,,57.0
北投區,房地(土地+建物),明德路３３７巷７號,37.0,住,,,1140606,土地1建物1車位0,一層,四層,公寓(5樓含以下無電梯),住家用,620207.0,94.3,4,2,2,有,無,28500000,302227.0,,0.0,0,其他增建；,RPQNMLTJOHKGFEA38DA,94.3,0.0,0.0,無,,52.0
萬華區,房地(土地+建物)+車位,環河南路一段１０１號十二樓,50.13,住,,,1140606,土地1建物1車位4,十二層,二十三層,住宅大樓(11層含以上有電梯),住家用,1031107.0,429.12,4,2,2,有,有,64500000,192192.0,坡道平面,145.56,10000000,,RPVNMLSKOHKGFBA58DA,158.65,20.88,14.83,有,721.0,11.0
中山區,房地(土地+建物),龍江路３５６巷１８號三樓,35.0,住,,,1140604,土地1建物1車位0,三層,四層,公寓(5樓含以下無電梯),住家用,650112.0,105.05,3,2,2,有,無,20800000,198001.0,,0.0,0,陽台外推；,RPRNMLLKOHKGFCA57DA,94.66,0.0,10.39,無,,49.0
中山區,房地(土地+建物),八德路二段６３號二樓,29.9,住,,,1140608,土地1建物1車位0,二層,五層,公寓(5樓含以下無電梯),住家用,690916.0,100.8,3,2,1,有,無,22500000,223214.0,,0.0,0,,RPTOMLTKOHKGFCA78EA,89.71,0.0,11.09,無,,45.0
文山區,房地(土地+建物),育英街５７巷１８號二樓,49.17,住,,,1140601,土地1建物1車位0,二層，騎樓,三層,公寓(5樓含以下無電梯),住家用,,85.69,2,1,1,有,無,16500000,192555.0,,0.0,0,,RPPNMLKLOHKGFAA17DA,85.69,0.0,0.0,無,,
萬華區,房地(土地+建物),武成街１１巷３號三樓,33.25,住,,,1140603,土地1建物1車位0,三層,四層,公寓(5樓含以下無電梯),住家用,640408.0,101.41,3,2,2,有,無,14200000,140026.0,,0.0,0,陽台外推；,RPRNMLTJOHKGFBA18DA,96.39,0.0,5.02,無,,50.0
文山區,房地(土地+建物),萬盛街１２０號三樓,23.03,住,,,1140604,土地1建物1車位0,三層,五層,華廈(10層含以下有電梯),住家用,830625.0,73.09,2,1,1,有,無,15000000,205226.0,,0.0,0,,RPTNMLNLOHKGFAA87DA,59.02,0.83,8.01,有,731.0,31.0
內湖區,房地(土地+建物)+車位,安泰街１２５巷８號六樓,42.44,住,,,1140612,土地1建物1車位1,六層,十層,華廈(10層含以下有電梯),住家用,980121.0,174.37,3,2,2,有,有,25000000,143373.0,坡道平面,35.62,0,,RPPNMLOKOHKGFCA67DA,92.73,3.46,10.99,有,,16.0
信義區,房地(土地+建物),吳興街５８３巷１６弄１６號,30.0,住,,,1140602,土地1建物1車位0,全,二層,透天厝,住家用,550201.0,59.76,2,1,1,有,無,10500000,175703.0,,0.0,0,,RPUOMLTKOHKGFDA88DA,59.76,0.0,0.0,無,,59.0
松山區,房地(土地+建物),光復南路５７巷１６之１號五樓,32.39,住,,,1140609,土地1建物1車位0,五層,五層,公寓(5樓含以下無電梯),住家用,710910.0,95.76,5,2,3,有,無,21500000,224520.0,,0.0,0,頂樓加蓋；,RPVOMLNLOHKGFDA48DA,87.04,0.0,8.72,無,,43.0
北投區,房地(土地+建物),公路６３巷９弄１１號,34.5,住,,,1140601,土地1建物1車位0,一層,,公寓(5樓含以下無電梯),住家用,540720.0,57.12,1,1,1,有,無,9300000,162815.0,,0.0,0,,RPQNMLPLOHKGFEA18DA,57.12,0.0,0.0,無,735.0,60.0
內湖區,房地(土地+建物),麗山街１３７號四樓,25.44,住,,,1140614,土地1建物1車位0,四層,五層,公寓(5樓含以下無電梯),住家用,730320.0,88.45,3,2,1,有,無,16100000,182024.0,,0.0,0,陽台外推；,RPQNMLPLOHKGFCA97DA,69.29,0.0,11.32,無,,41.0
中山區,房地(土地+建物)+車位,建國北路二段６０號九樓,24.61,住,,,1140609,土地2建物1車位2,九層,二十三層,住宅大樓(11層含以上有電梯),住家用,1110621.0,310.69,0,0,0,無,有,90500000,291287.0,坡道平面,0.0,0,,RPSNMLNKNHKGFCA87EA,146.68,7.08,12.97,有,760.0,3.0
南港區,房地(土地+建物),舊莊街一段７４號二樓,29.0,住,,,1140612,土地1建物1車位0,二層，陽臺,四層,公寓(5樓含以下無電梯),住家用,621009.0,89.78,2,1,1,有,無,11660000,129873.0,,0.0,0,,RPWNMLRLOHKGFDA88DA,89.78,0.0,0.0,無,,52.0
大安區,房地(土地+建物),永康街２３巷３４之１號,42.25,住,,,1140603,土地2建物1車位0,一層,四層,公寓(5樓含以下無電梯),住家用,620925.0,87.94,3,2,2,有,無,28500000,324085.0,,0.0,0,,RPVNMLOLOHKGFFA68DA,87.94,0.0,0.0,無,767.0,52.0
中山區,房地(土地+建物),松江路３３０巷５３號九樓之３,12.63,住,,,1140622,土地1建物2車位0,九層,九層,華廈(10層含以下有電梯),住家用,961207.0,84.1,4,1,2,有,有,22500000,267539.0,,0.0,0,,RPRNMLOLOHKGFCA97DA,42.23,0.0,13.09,有,775.0,18.0
大同區,房地(土地+建物),歸綏街８８號五樓,23.2,住,,,1140614,土地1建物1車位0,五層,五層,公寓(5樓含以下無電梯),住家用,790226.0,90.39,5,5,6,有,無,14800000,163735.0,,0.0,0,陽台外推；頂樓加蓋；其他增建；,RPVNMLNLOHKGFBA18DA,56.48,8.3,8.0,無,,35.0
大同區,房地(土地+建物),歸綏街８８之１號五樓,23.2,住,,,1140614,土地1建物2車位0,五層,五層,公寓(5樓含以下無電梯),住家用,790226.0,86.95,4,4,3,有,無,10700000,123059.0,,0.0,0,陽台外推；頂樓加蓋；其他增建；,RPWNMLNLOHKGFBA28DA,26.44,27.18,1.73,無,,35.0
內湖區,房地(土地+建物)+車位,內湖路一段９１巷１５６號三樓,12.89,住,,,1140609,土地1建物1車位1,三層,六層,華廈(10層含以下有電梯),住家用,1130801.0,66.8,1,1,1,有,有,15360000,284688.0,塔式車位,19.46,1880000,,RPWNMLKMOHKGFCA18DA,26.39,0.0,2.92,有,,1.0
松山區,房地(土地+建物),健康路１６２之２號十樓,16.56,住,,,1140605,土地2建物1車位0,十層,十五層,住宅大樓(11層含以上有電梯),住家用,750620.0,126.54,2,2,2,有,有,32000000,252884.0,,0.0,0,陽台外推；,RPXNMLLKOHKGFDA28DA,93.66,0.0,15.93,有,800.0,39.0
信義區,房地(土地+建物),忠孝東路四段５５３巷２２弄２之１號二樓,15.38,住,,,1140608,土地1建物1車位0,二層,七層,華廈(10層含以下有電梯),住家用,670203.0,83.04,1,1,2,有,有,25000000,301060.0,,0.0,0,陽台外推；,RPUNMLRLOHKGFDA68DA,64.19,0.0,12.98,有,,47.0
信義區,房地(土地+建物),永吉路４４３巷３弄７號,24.0,住,,,1140619,土地1建物1車位0,全,三層,透天厝,住家用,831120.0,69.81,0,0,1,有,無,22260000,318865.0,,0.0,0,增建全部一併移轉其他增建；,RPOPMLTKOHKGFDA38DA,69.81,0.0,0.0,無,,31.0
大安區,房地(土地+建物),大安路二段１５巷２號六樓,23.04,住,,,1140614,土地1建物1車位0,六層,八層,華廈(10層含以下有電梯),住家用,701102.0,140.78,3,2,2,有,有,42180000,299616.0,,0.0,0,陽台外推；,RPUNMLNLOHKGFFA48DA,102.12,0.0,19.28,有,,44.0
文山區,房地(土地+建物),興隆路四段６８之６號四樓,28.5,住,,,1140606,土地1建物1車位0,四層,四層,公寓(5樓含以下無電梯),住家用,660822.0,78.33,3,2,1,有,無,10680000,136346.0,,0.0,0,其他增建；,RPROMLMJPHKGFAA57DA,70.15,0.0,8.18,無,,48.0
內湖區,房地(土地+建物)+車位,康寧路三段５６巷１４８號九樓,44.42,住,,,1140601,土地1建物1車位2,九層,十四層,住宅大樓(11層含以上有電梯),住家用,971031.0,284.47,4,2,2,有,有,59000000,278465.0,坡道平面,90.55,5000000,,RPPNMLKLOHKGFCA37DA,117.33,3.01,11.89,有,829.0,17.0
信義區,房地(土地+建物),光復南路４１５巷４０號五樓,24.84,住,,,1140612,土地1建物1車位0,五層,五層,公寓(5樓含以下無電梯),住家用,740919.0,112.83,5,1,2,有,無,25770000,228397.0,,0.0,0,陽台外推；頂樓加蓋；其他增建；,RPROMLQLOHKGFDA38DA,82.52,13.4,9.36,無,841.0,40.0
北投區,房地(土地+建物),文化三路１１４號六樓,45.57,,,,1140601,土地2建物1車位0,六層,七層,華廈(10層含以下有電梯),住家用,750312.0,142.95,3,2,2,有,有,19240000,134593.0,,0.0,0,其他增建；,RPXNMLOJPHKGFEA68DA,91.43,0.0,11.41,有,,39.0
大安區,房地(土地+建物)+車位,瑞安街２６０號四樓之２,24.94,住,,,1140614,土地1建物1車位1,四層,六層,華廈(10層含以下有電梯),住家用,890329.0,91.48,2,1,1,有,有,34000000,371666.0,升降機械,0.0,0,,RPQNMLLJPHKGFFA77DA,52.14,1.41,3.18,有,,25.0
內湖區,房地(土地+建物)+車位,文德路６６巷１４弄２０號十樓,12.2,住,,,1140616,土地1建物1車位1,十層,十六層,住宅大樓(11層含以上有電梯),住家用,831123.0,86.63,1,1,1,有,有,18000000,313349.0,坡道平面,38.76,3000000,陽台外推；其他增建；,RPTOMLOJPHKGFCA18DA,37.98,0.0,4.47,有,,31.0
南港區,房地(土地+建物)+車位,興南街９９之２號五樓,9.83,住,,,1140611,土地1建物1車位1,五層,二十六層,住宅大樓(11層含以上有電梯),住家用,1131230.0,97.11,2,2,1,有,有,28000000,333061.0,坡道平面,23.55,3500000,,RPROMLKLOHKGFDA77DA,43.77,1.64,3.35,有,863.0,
內湖區,房地(土地+建物),金湖路３７２號三樓,7.58,住,,,1140610,土地1建物1車位0,三層,十層,華廈(10層含以下有電梯),住家用,880415.0,29.799999999999997,1,1,1,有,有,8660000,290604.0,,0.0,0,,RPROMLSJPHKGFCA38DA,19.64,0.0,2.15,有,,26.0
北投區,房地(土地+建物)+車位,榮華二路２３號七樓,27.42,住,,,1140609,土地1建物1車位1,七層,十一層,住宅大樓(11層含以上有電梯),住家用,1130219.0,176.43,3,2,2,有,有,51680000,349889.0,坡道平面,37.3,3000000,,RPPOMLPLOHKGFEA18DA,86.55,0.0,6.94,有,882.0,1.0
北投區,房地(土地+建物),立農街一段２２巷２弄２號三樓,37.0,住,,,1140616,土地1建物1車位0,三層,四層,公寓(5樓含以下無電梯),住家用,611103.0,95.95,3,2,2,有,無,20000000,208442.0,,0.0,0,陽台外推；,RPWNMLOJPHKGFEA58DA,84.64,0.0,11.31,無,885.0,53.0
信義區,房地(土地+建物),永吉路３０巷１６７弄４號,37.0,住,,,1140618,土地1建物1車位0,一層，平台,四層,公寓(5樓含以下無電梯),住家用,610322.0,104.53,3,2,1,有,無,43800000,419018.0,,0.0,0,其他增建；未登記建物；,RPPNMLSJPHKGFDA28EA,104.53,0.0,0.0,無,,53.0
萬華區,房地(土地+建物),武成街９８巷２１號,15.0,住,,,1140610,土地2建物1車位0,全,二層,透天厝,住家用,520716.0,26.6,0,0,0,無,無,5400000,203008.0,,0.0,0,,RPPNMLTJPHKGFBA08DA,26.6,0.0,0.0,無,899.0,62.0
內湖區,房地(土地+建物)+車位,康寧路三段５６巷１號三樓之２,36.2,住,,,1140627,土地1建物1車位1,三層,十一層,住宅大樓(11層含以上有電梯),住家用,960523.0,213.88,4,2,2,有,有,57000000,298145.0,坡道平面,32.76,3000000,,RPROMLKMOHKGFCA77DA,112.82,5.43,6.48,有,,18.0
士林區,房地(土地+建物),延平北路五段２８５巷８９號二樓,12.58,住,,,1140613,土地1建物1車位0,二層,五層,公寓(5樓含以下無電梯),住家用,1050608.0,58.06,1,1,1,有,無,10000000,172236.0,,0.0,0,,RPPNMLTJPHKGFEA48EA,29.72,5.52,3.94,無,910.0,9.0
文山區,房地(土地+建物)+車位,興隆路三段１３７號九樓之１４,6.74,住,,,1140614,土地1建物1車位1,九層,十層,華廈(10層含以下有電梯),住家用,970523.0,67.08,1,1,1,有,有,12200000,307644.0,坡道平面,35.55,2500000,陽台外推；夾層；其他增建；,RPQNMLKKPHKGFAA27DA,12.7,0.0,7.73,有,,17.0
士林區,房地(土地+建物),承德路四段４０巷５０號三樓,12.82,住,,,1140615,土地1建物1車位0,二層,五層,公寓(5樓含以下無電梯),住家用,591008.0,35.97,2,1,1,有,有,7710000,214345.0,,0.0,0,陽台外推；其他增建；,RPRNMLPLOHKGFEA28DA,32.77,1.85,1.35,無,,55.0
士林區,房地(土地+建物),承德路四段４０巷１號二樓之６,11.69,住,,,1140614,土地1建物1車位0,二層,五層,華廈(10層含以下有電梯),住家用,610812.0,30.7,2,2,1,有,無,7220000,235179.0,,0.0,0,陽台外推；其他增建；,RPSNMLPLOHKGFEA38DA,27.5,1.85,1.35,有,,53.0
大安區,房地(土地+建物),信義路三段１３４巷１６號二樓,38.46,住,,,1140618,土地1建物1車位0,二層,六層,華廈(10層含以下有電梯),住家用,610908.0,101.31,4,2,2,有,有,34000000,335604.0,,0.0,0,陽台外推；,RPRNMLLJPHKGFFA87DA,90.66,0.0,10.65,有,922.0,53.0
松山區,房地(土地+建物)+車位,民生東路三段１３０巷７弄９號三樓,15.49,住,,,1140611,土地1建物1車位1,三層,九層,華廈(10層含以下有電梯),住家用,1130918.0,101.16,2,1,1,有,有,36500000,421554.0,其他,19.32,2000000,,RPQNMLTJPHKGFDA48EA,47.06,0.0,5.04,有,,1.0
松山區,房地(土地+建物)+車位,敦化北路１５５巷８８號,52.16,住,,,1140606,土地3建物1車位1,一層,八層,華廈(10層含以下有電梯),住家用,920106.0,177.92000000000002,2,2,2,有,有,58500000,328799.0,坡道平面,0.0,0,,RPRNMLKKPHKGFDA77EA,103.93,0.0,12.83,有,,22.0
大安區,房地(土地+建物)+車位,瑞安街２２２巷４６號六樓,55.17,住,,,1140630,土地1建物1車位2,六層，夾層,六層,華廈(10層含以下有電梯),住家用,910110.0,262.32,7,2,2,有,有,76500000,381783.0,升降平面,77.66,6000000,陽台外推；夾層；其他增建；,RPRNMLKKPHKGFFA97EA,117.61,4.89,13.04,有,,23.0
大安區,房地(土地+建物),安居街１０８巷２號二樓,33.75,住,,,1140621,土地1建物1車位0,二層，陽臺,四層,公寓(5樓含以下無電梯),住家用,651222.0,90.53,3,2,1,有,無,17200000,189992.0,,0.0,0,,RPPNMLLKPHKGFFA87EA,90.53,0.0,0.0,無,924.0,48.0
內湖區,房地(土地+建物)+車位,文湖街３７號五樓,39.88,,,,1140609,土地1建物1車位2,五層,十五層,住宅大樓(11層含以上有電梯),住家用,991230.0,354.48,4,2,3,有,有,79590000,224526.0,坡道平面,54.1,0,,RPQNMLOKPHKGFCA87DA,185.43,13.18,17.16,有,929.0,14.0
北投區,房地(土地+建物),文化三路７０號,39.11,,,,1140615,土地2建物1車位0,一層,七層,華廈(10層含以下有電梯),住家用,750312.0,123.07999999999998,3,2,2,有,有,22580000,183458.0,,0.0,0,平台增建其他增建；,RPQNMLOLOHKGFEA08DA,79.1,10.75,0.0,有,,39.0
北投區,房地(土地+建物)+車位,大同街３８號七樓,14.5,住,,,1140607,土地1建物1車位1,七層,十八層,住宅大樓(11層含以上有電梯),住家用,1130621.0,114.05,2,1,1,有,有,30500000,337656.0,坡道平面,32.31,2900000,,RPTNMLRJPHKGFEA58DA,47.14,2.32,4.67,有,,1.0
萬華區,房地(土地+建物),西園路二段２８１巷３３號三樓,26.75,住,,,1140610,土地1建物1車位0,三層,四層,公寓(5樓含以下無電梯),住家用,630205.0,84.7,2,1,1,有,無,13100000,154664.0,,0.0,0,,RPQNMLLKPHKGFBA57EA,79.49,0.0,5.21,無,,51.0
松山區,房地(土地+建物),南京東路五段３８９巷１１弄５號四樓,26.4,住,,,1140616,土地1建物1車位0,四層,五層,公寓(5樓含以下無電梯),住家用,700519.0,97.14,3,2,1,有,無,16000000,164711.0,,0.0,0,,RPQNMLLKPHKGFDA77EA,80.43,0.0,16.71,無,,44.0
中山區,房地(土地+建物),天祥路６０巷８號三樓,29.7,住,,,1140619,土地1建物1車位0,三層,五層,公寓(5樓含以下無電梯),住家用,710224.0,105.93,3,2,2,有,無,22180000,209384.0,,0.0,0,陽台外推；,RPTOMLMJPHKGFCA97DA,90.57,0.0,15.36,無,,43.0
內湖區,房地(土地+建物),內湖路一段９１巷１５６號五樓,11.73,住,,,1140606,土地1建物1車位0,五層,六層,華廈(10層含以下有電梯),住家用,1130801.0,43.400000000000006,1,1,1,有,有,12880000,296774.0,,0.0,0,,RPTOMLTJPHKGFCA68DA,22.38,0.0,4.13,有,,1.0
內湖區,房地(土地+建物)+車位,康樂街１８６巷３２號五樓之４,18.93,住,,,1140613,土地1建物1車位2,五層,七層,華廈(10層含以下有電梯),住家用,880128.0,93.05,2,1,1,有,有,14300000,153681.0,升降機械,0.0,0,夾層；,RPPOMLLKPHKGFCA57DA,41.23,2.25,3.68,有,,26.0
南港區,房地(土地+建物),興南街６４巷２６弄５號十二樓,15.46,住,,,1140615,土地1建物1車位0,十二層,十三層,住宅大樓(11層含以上有電梯),住家用,1131021.0,58.57000000000001,1,1,1,有,有,18880000,322349.0,,0.0,0,,RPOOMLRLOHKGFDA18DA,33.89,0.0,3.31,有,935.0,1.0
萬華區,房地(土地+建物),萬大路８９號二樓,25.4,住,,,1140623,土地2建物1車位0,二層,五層,公寓(5樓含以下無電梯),住家用,690725.0,114.65,3,2,2,有,無,15500000,135194.0,,0.0,0,,RPPNMLQKPHKGFBA87DA,95.46,0.0,19.19,無,941.0,45.0
松山區,房地(土地+建物)+車位,敦化南路一段８８號十四樓之２,28.62,住,,,1140604,土地1建物1車位1,十四層,十四層,住宅大樓(11層含以上有電梯),住家用,750624.0,228.37,4,3,2,有,有,69800000,371408.0,坡道平面,49.86,3500000,陽台外推；頂樓加蓋；,RPWNMLOKPHKGFDA58DA,135.63,0.0,18.65,有,947.0,39.0
南港區,房地(土地+建物)+車位,興南街８９號二樓,17.8,住,,,1140610,土地1建物1車位1,二層,二十六層,住宅大樓(11層含以上有電梯),住家用,1131230.0,157.0,3,2,2,有,有,45800000,314560.0,坡道平面,23.48,3800000,,RPSPMLPKPHKGFDA48DA,73.83,1.88,12.86,有,,
士林區,房地(土地+建物)+車位,德行東路３３１巷３０號十二樓,47.9,住,,,1140604,土地1建物1車位1,十二層,十四層,住宅大樓(11層含以上有電梯),住家用,920331.0,263.2,4,2,3,有,有,58000000,220365.0,坡道平面,40.69,0,,RPTNMLNJPHKGFEA18DA,151.53,0.0,15.95,有,,22.0
士林區,房地(土地+建物),芝玉路一段２０３號四樓,36.74,住,,,1140607,土地1建物1車位0,四層,五層,公寓(5樓含以下無電梯),住家用,731013.0,113.36,3,2,2,有,無,19680000,173606.0,,0.0,0,陽台外推；其他增建；,RPUNMLOJPHKGFEA38DA,104.93,0.0,8.43,無,,41.0
士林區,房地(土地+建物)+車位,中山北路六段２９０巷２９弄１１號二樓之６,11.26,住,,,1140603,土地1建物1車位1,二層,五層,華廈(10層含以下有電梯),住家用,850417.0,55.48,1,0,1,有,有,11150000,200973.0,升降平面,0.0,2500000,陽台外推；,RPPNMLLKPHKGFEA67DA,21.59,1.35,2.7,有,,29.0
內湖區,房地(土地+建物),成功路二段４２６巷１６號四樓,27.5,住,,,1140604,土地1建物1車位0,四層,四層,公寓(5樓含以下無電梯),住家用,660630.0,74.9,3,1,1,有,無,12000000,160214.0,,0.0,0,,RPPNMLQKOHKGFCA97EA,71.3,0.0,3.6,無,,48.0
中正區,房地(土地+建物),汀州路二段２０１巷１號四樓,40.0,住,,,1140602,土地3建物1車位0,四層，陽臺,七層,華廈(10層含以下有電梯),住家用,630129.0,169.21,4,2,2,有,有,29000000,171385.0,,0.0,0,陽台外推；其他增建；,RPXNMLLKPHKGFAA08DA,169.21,0.0,0.0,有,,51.0
內湖區,房地(土地+建物),民權東路六段１３６巷４６弄８號二樓,35.22,住,,,1140608,土地1建物1車位0,二層,五層,公寓(5樓含以下無電梯),住家用,741209.0,108.11,3,2,2,有,無,18680000,172787.0,,0.0,0,陽台外推；其他增建；,RPOOMLOKPHKGFCA77DA,83.83,2.36,12.39,無,952.0,39.0
北投區,房地(土地+建物),公路４２３巷８弄１７號六樓,46.95,住,,,1140626,土地1建物1車位0,六層,十層,華廈(10層含以下有電梯),住家用,821229.0,147.53,3,2,2,有,有,26800000,181658.0,,0.0,0,,RPQNMLQKPHKGFEA28DA,96.9,0.0,12.01,有,,31.0
大安區,房地(土地+建物),文昌街２１０巷１１弄２號二樓,27.5,住,,,1140604,土地1建物1車位0,二層，陽臺,四層,公寓(5樓含以下無電梯),住家用,650913.0,80.17,3,2,2,有,無,19500000,243233.0,,0.0,0,陽台外推；,RPRNMLOKPHKGFFA28DA,80.17,0.0,0.0,無,956.0,49.0
松山區,房地(土地+建物),敦化南路一段１００巷５５號四樓,31.43,住,,,1140620,土地1建物1車位0,四層,七層,華廈(10層含以下有電梯),住家用,731001.0,159.93,3,2,2,有,有,49000000,306384.0,,0.0,0,,RPRNMLQKPHKGFDA38EA,108.43,0.0,27.91,有,,41.0
北投區,房地(土地+建物),明德路３３３巷１９號三樓,60.32,住,,,1140613,土地3建物1車位0,三層,四層,公寓(5樓含以下無電梯),住家用,580616.0,119.79,3,2,2,有,無,22800000,190333.0,,0.0,0,陽台外推；,RPPNMLQKPHKGFEA28EA,119.79,0.0,0.0,無,,56.0
文山區,房地(土地+建物),仙岩路１６巷４６號二樓之１,33.44,住,,,1140601,土地3建物1車位0,二層,八層,華廈(10層含以下有電梯),住家用,821221.0,94.8,2,2,1,有,有,15700000,165612.0,,0.0,0,其他增建；,RPUNMLKMOHKGFAA77DA,55.71,5.2,0.0,有,958.0,31.0
萬華區,房地(土地+建物),萬大路３２２巷６８號三樓,19.25,住,,,1140620,土地1建物1車位0,三層，露台,四層,公寓(5樓含以下無電梯),住家用,591208.0,68.8,2,2,1,有,無,9100000,132267.0,,0.0,0,其他增建；,RPQNMLTJPHKGFBA18DA,68.8,0.0,0.0,無,,55.0
大同區,房地(土地+建物),重慶北路三段２２３巷１弄５之５號,33.0,住,,,1140617,土地1建物1車位0,二層,四層,公寓(5樓含以下無電梯),住家用,590310.0,98.44,3,2,1,有,無,15000000,152377.0,,0.0,0,陽台外推；,RPUNMLTJPHKGFBA58DA,91.17,0.0,7.27,無,,55.0
內湖區,房地(土地+建物)+車位,民權東路六段１２５號八樓,75.79,住,,,1140610,土地2建物1車位2,八層,十層,華廈(10層含以下有電梯),住家用,981126.0,326.63,3,2,2,有,有,69200000,211861.0,坡道平面,71.64,0,陽台外推；,RPTOMLPLOHKGFCA38DA,150.59,7.28,14.27,有,,16.0
信義區,房地(土地+建物),福德街２５１巷６弄１號,29.0,住,,,1140629,土地1建物1車位0,一層，平台,四層,公寓(5樓含以下無電梯),住家用,640127.0,81.06,3,2,1,有,無,22500000,277572.0,,0.0,0,其他增建；,RPTPMLPKPHKGFDA58DA,81.06,0.0,0.0,無,961.0,50.0
士林區,房地(土地+建物),通河東街一段１２４巷２號三樓,57.33,住,,,1140602,土地1建物1車位0,三層,三層,公寓(5樓含以下無電梯),住家用,611104.0,88.0,4,1,1,有,無,13800000,156818.0,,0.0,0,,RPPPMLRKPHKGFEA48DA,88.0,0.0,0.0,無,,53.0
大安區,房地(土地+建物)+車位,辛亥路一段８９號十八樓之３,8.26,住,,,1140608,土地3建物1車位1,十八層,二十七層,住宅大樓(11層含以上有電梯),住家用,791219.0,167.84,3,2,2,有,有,43500000,296670.0,坡道平面,33.01,3500000,,RPPNMLNLOHKGFFA97DA,92.67,2.57,11.46,有,,34.0
大安區,房地(土地+建物),忠孝東路四段２１６巷３２弄８號五樓,26.08,住,,,1140604,土地2建物1車位0,五層,七層,華廈(10層含以下有電梯),住家用,670322.0,133.78,3,2,2,有,無,36500000,272836.0,,0.0,0,,RPQNMLKMOHKGFFA87DA,105.89,0.0,15.02,有,,47.0
士林區,房地(土地+建物),中山北路六段１７２巷２２弄６號一樓,26.0,住,,,1140627,土地1建物1車位0,一層，平台,四層,公寓(5樓含以下無電梯),住家用,641208.0,76.3,3,2,1,有,無,20000000,262123.0,,0.0,0,平台外推、庭院增建其他增建；,RPQNMLRKPHKGFEA48EA,76.3,0.0,0.0,無,,50.0
文山區,房地(土地+建物),景福街３１號五樓,17.6,住,,,1140616,土地1建物1車位0,五層,五層,公寓(5樓含以下無電梯),住家用,760608.0,104.53,3,2,1,有,無,16580000,158615.0,,0.0,0,陽台外推；其他增建；,RPUNMLKKPHKGFAA67DA,42.81,47.69,14.03,無,964.0,38.0
萬華區,房地(土地+建物),國興路２１號八樓之２,19.35,住,,,1140608,土地1建物1車位0,八層,十二層,住宅大樓(11層含以上有電梯),住家用,760316.0,89.76,3,2,1,有,有,19080000,212567.0,,0.0,0,陽台外推；其他增建；,RPTNMLSJPHKGFBA38DA,61.6,0.0,8.52,有,,38.0
信義區,房地(土地+建物)+車位,松德路２０號十二樓,14.9,住,,,1140612,土地1建物1車位1,十二層,十二層,住宅大樓(11層含以上有電梯),住家用,800123.0,123.78,1,2,2,有,有,28680000,242237.0,升降機械,13.64,2000000,陽台外推；其他增建；,RPQNMLTJPHKGFDA38DA,91.49,0.0,11.01,有,,34.0
南港區,房地(土地+建物),經園街６８號六樓之２,22.01,住,,,1140620,土地1建物1車位0,六層,十層,華廈(10層含以下有電梯),住家用,970304.0,88.52,2,2,1,有,有,26380000,298012.0,,0.0,0,,RPTOMLLKPHKGFDA08DA,51.62,7.83,3.49,有,,17.0
南港區,房地(土地+建物),研究院路二段２巷５０號四樓,27.5,住,,,1140625,土地1建物1車位0,四層,五層,公寓(5樓含以下無電梯),住家用,750225.0,105.64,3,2,1,有,無,13000000,123059.0,,0.0,0,,RPUQMLSKPHKGFDA09DA,86.87,0.0,9.36,無,,39.0
士林區,房地(土地+建物),中山北路六段１７２巷１６弄２之３號,7.87,住,,,1140607,土地1建物1車位0,一層,五層,華廈(10層含以下有電梯),住家用,831018.0,25.42,1,0,1,有,無,7400000,291109.0,,0.0,0,其他增建；,RPQOMLKKPHKGFEA77DA,16.53,2.47,0.0,有,970.0,31.0
中正區,房地(土地+建物),重慶南路三段４２之３號四樓,16.14,住,,,1140612,土地2建物1車位0,四層,七層,華廈(10層含以下有電梯),住家用,720728.0,87.72,3,1,1,有,無,22500000,256527.0,,0.0,0,,RPSNMLSKPHKGFAA38EA,61.99,0.0,13.61,有,,42.0
北投區,房地(土地+建物),自強街５３之１號五樓,49.51,住,,,1140619,土地1建物1車位0,五層,五層,公寓(5樓含以下無電梯),住家用,781226.0,127.2,3,2,2,有,無,21000000,165094.0,,0.0,0,,RPRNMLSKPHKGFEA68EA,78.8,14.72,9.67,無,,35.0
北投區,房地(土地+建物),崇仁路一段１６８號五樓之３,10.28,住,,,1140602,土地1建物1車位0,五層，電梯樓梯間,十四層,住宅大樓(11層含以上有電梯),住家用,870729.0,46.45,1,0,1,有,有,11320000,243703.0,,0.0,0,,RPTNMLSKPHKGFEA88EA,32.23,2.62,3.28,有,,27.0
萬華區,房地(土地+建物),中華路二段４３４號九樓之１,29.28,住,,,1140615,土地1建物1車位0,九層,十層,華廈(10層含以下有電梯),住家用,800102.0,153.01,3,2,2,有,有,27000000,176459.0,,0.0,0,陽台外推；其他增建；,RPWNMLLLPHKGFBA18DA,109.6,0.0,13.1,有,,34.0
內湖區,房地(土地+建物),康樂街７４巷６號三樓,25.29,住,,,1140614,土地3建物1車位0,三層,五層,公寓(5樓含以下無電梯),住家用,731115.0,91.94,3,2,2,有,無,15850000,172395.0,,0.0,0,,RPSOMLKKPHKGFCA77DA,76.89,0.0,8.11,無,,41.0
中山區,房地(土地+建物),新生北路二段３１巷３號二樓,27.32,住,,,1140626,土地1建物1車位0,二層,七層,華廈(10層含以下有電梯),住家用,720205.0,130.77,3,2,2,有,有,27500000,210293.0,,0.0,0,本案其他增建為鐵凸窗其他增建；,RPVQMLSKPHKGFCA09DA,91.22,0.0,15.71,有,,42.0
士林區,房地(土地+建物)+車位,士東路９１巷１０號四樓,27.3,住,,,1140608,土地2建物1車位1,四層,七層,華廈(10層含以下有電梯),住家用,750804.0,167.29,4,2,2,有,無,34000000,203240.0,升降機械,18.38,0,其他增建；,RPQNMLKLOHKGFEA67DA,111.37,0.0,14.73,有,,39.0
北投區,房地(土地+建物)+車位,稻香路２４１號,50.75,住,,,1140613,土地1建物1車位1,一層,五層,華廈(10層含以下有電梯),住家用,1101015.0,128.93,2,2,1,有,有,21880000,222424.0,坡道平面,40.9,2300000,含裝潢設備及家電,RPWNMLRKPHKGFEA98DA,50.83,0.0,6.5,有,,4.0
北投區,房地(土地+建物),尊賢街２４５巷２８號四樓,31.72,住,,,1140608,土地1建物1車位0,四層,四層,公寓(5樓含以下無電梯),住家用,700917.0,99.82,3,2,2,有,無,17200000,172310.0,,0.0,0,其他增建為鐵欄杆衛浴為1.5套陽台外推；其他增建；,RPXPMLLLPHKGFEA78DA,84.75,0.0,15.07,無,977.0,44.0
大安區,房地(土地+建物),潮州街７５之３號,50.25,住,,,1140607,土地2建物1車位0,二層,四層,公寓(5樓含以下無電梯),住家用,600227.0,126.53,4,2,2,有,無,36000000,284518.0,,0.0,0,其他增建；,RPSNMLNLOHKGFFA28DA,111.29,0.0,15.24,無,,54.0
大安區,房地(土地+建物)+車位,安和路二段３２巷３１號三樓之５,12.34,住,,,1140604,土地1建物1車位1,三層,七層,華廈(10層含以下有電梯),住家用,1100317.0,66.25,2,1,1,有,有,22280000,354036.0,塔式車位,10.38,2500000,塔式車位位於地下二層。夾層；其他增建；,RPRNMLSJPHKGFFA58DA,26.01,4.8,2.48,有,979.0,4.0
北投區,房地(土地+建物),中和街３９８巷５弄１號六樓之１,17.09,住,,,1140615,土地5建物1車位0,六層,六層,華廈(10層含以下有電梯),住家用,840708.0,41.89,2,1,1,有,有,7000000,167104.0,,0.0,0,陽台外推；其他增建；,RPRNMLLLPHKGFEA08EA,26.5,1.1,2.81,有,981.0,30.0
文山區,房地(土地+建物)+車位,興隆路二段２２巷９弄２２號十一樓,44.24,住,,,1140608,土地1建物1車位2,十一層,十一層,住宅大樓(11層含以上有電梯),住家用,801231.0,187.08,3,2,2,有,有,30180000,161330.0,升降機械,0.0,3000000,1.本案車位經重新劃定，車位數目、位置與建物測量成果圖登載不同，本社區車位依建物測量成果圖登載為平面式車位，本案9號車位經重新劃定為機械式車位。2.甲乙雙方確認，本案建物價款為新台幣2718萬元整含其應有土地持分，車位價款為新台幣300萬元整含其應有土地持分。3.車位面積無法概算陽台外推；其他增建；,RPQNMLQLOHKGFAA87DA,108.9,11.48,18.45,有,,33.0
文山區,房地(土地+建物),興隆路四段８６號三樓,29.62,住,,,1140609,土地2建物1車位0,三層，陽臺,四層,公寓(5樓含以下無電梯),住家用,650128.0,77.26,3,2,1,有,無,12050000,155967.0,,0.0,0,陽台外推；其他增建；,RPVNMLLJPHKGFAA77DA,77.26,0.0,0.0,無,,49.0
內湖區,房地(土地+建物)+車位,金龍路２２２巷６號十樓之１,41.21,住,,,1140608,土地1建物1車位1,十層,十一層,住宅大樓(11層含以上有電梯),住家用,821213.0,132.63,3,2,2,有,有,27500000,244427.0,坡道平面,30.35,2500000,陽台外推；,RPWOMLLJPHKGFCA18DA,72.97,0.06,12.94,有,,31.0
中山區,房地(土地+建物),中原街６２號一樓,36.0,住,,,1140608,土地1建物1車位0,一層，騎樓,三層,公寓(5樓含以下無電梯),住家用,550526.0,87.55,1,1,1,有,無,26730000,305311.0,,0.0,0,其他增建；,RPVPMLRJPHKGFCA78DA,87.55,0.0,0.0,無,,59.0
內湖區,房地(土地+建物)+車位,民權東路六段２０６巷１４３弄５７號四樓,64.52,住,,,1140612,土地1建物1車位1,四層，五層，屋頂突出物,五層,華廈(10層含以下有電梯),住家用,1050106.0,139.8,3,2,3,有,有,37500000,284462.0,塔式車位,14.3,1800000,,RPXOMLLLPHKGFCA48DA,82.38,0.0,7.25,有,983.0,9.0
信義區,房地(土地+建物),吳興街２８４巷１３弄２號二樓之１,5.49,住,,,1140610,土地1建物1車位0,二層,七層,華廈(10層含以下有電梯),住家用,821123.0,30.619999999999997,1,0,1,有,有,9430000,307969.0,,0.0,0,其他增建；,RPSNMLLKPHKGFDA87DA,18.91,0.0,4.61,有,,32.0
松山區,房地(土地+建物)+車位,健康路４１６號二樓之１,25.67,住,,,1140602,土地2建物1車位1,二層,十五層,住宅大樓(11層含以上有電梯),住家用,1000706.0,251.18,3,2,2,有,有,66000000,290845.0,坡道平面,34.57,3000000,其他增建；,RPWOMLOKPHKGFDA68DA,134.2,3.34,18.62,有,,14.0
信義區,房地(土地+建物),虎林街５０巷４號二樓,28.72,住,,,1140616,土地1建物1車位0,二層,五層,公寓(5樓含以下無電梯),住家用,760305.0,109.17,3,2,2,有,有,22720000,208116.0,,0.0,0,其他增建；,RPSOMLPKPHKGFDA38DA,89.15,0.0,11.37,無,,38.0
北投區,房地(土地+建物),中和街５０７巷１０號四樓,28.38,住,,,1140610,土地1建物1車位0,四層，陽臺,四層,公寓(5樓含以下無電梯),住家用,650401.0,74.52,3,1,1,有,無,8200000,110038.0,,0.0,0,其他增建；,RPTNMLOJPHKGFEA28DA,74.52,0.0,0.0,無,,49.0
北投區,房地(土地+建物),尊賢街２１８巷１４號四樓之１,15.17,住,,,1140624,土地1建物1車位0,四層,四層,公寓(5樓含以下無電梯),住家用,640417.0,40.48,1,1,1,有,無,8000000,197628.0,,0.0,0,陽台外推；,RPTNMLOKPHKGFEA38DA,31.72,0.0,5.28,無,,50.0
大安區,房地(土地+建物),安和路二段６９巷１８號六樓之１,11.43,住,,,1140602,土地2建物1車位0,六層,八層,華廈(10層含以下有電梯),住家用,941201.0,45.22,1,1,1,有,有,15600000,344980.0,,0.0,0,夾層；,RPPNMLSLOHKGFFA48DA,29.75,0.0,2.06,有,985.0,20.0
松山區,房地(土地+建物),南京東路四段１５８巷９號八樓之３,9.6,住,,,1140615,土地1建物1車位0,八層,十層,華廈(10層含以下有電梯),住家用,1131206.0,51.91,1,1,1,有,有,21780000,419572.0,,0.0,0,,RPSNMLMLPHKGFDA18EA,30.14,0.0,2.67,有,989.0,1.0
文山區,房地(土地+建物),木柵路二段１０９巷１２８號,165.53,住,,,1140608,土地3建物1車位0,全,四層,透天厝,住家用,821206.0,243.49,4,2,3,有,無,25740000,105713.0,,0.0,0,其他增建；,RPTNMLKMOHKGFAA67DA,146.2,74.08,10.04,無,,32.0
內湖區,房地(土地+建物)+車位,環山路一段２８號二樓之２,70.4,住,,,1140604,土地1建物1車位4,二層,二十四層,住宅大樓(11層含以上有電梯),住家用,981007.0,475.65,3,2,3,有,有,123880000,318992.0,坡道平面,124.92,12000000,,RPPNMLOLOHKGFCA77DA,209.06,5.22,17.91,有,,16.0
內湖區,房地(土地+建物)+車位,康寧路一段２６１號四樓之２,53.95,住,,,1140608,土地1建物1車位1,四層,十一層,住宅大樓(11層含以上有電梯),住家用,940715.0,189.66,3,2,2,有,有,43000000,226722.0,坡道平面,0.0,0,,RPSPMLOKPHKGFCA28DA,102.72,0.0,11.31,有,990.0,20.0
內湖區,房地(土地+建物),康寧路三段９９巷３９弄２號,23.85,住,,,1140623,土地1建物1車位0,一層,五層,公寓(5樓含以下無電梯),住家用,750120.0,92.25,3,2,2,有,無,20000000,216802.0,,0.0,0,其他增建；,RPUNMLMLPHKGFCA18DA,75.11,8.72,0.0,無,,39.0
信義區,房地(土地+建物),松德路２５巷５６號三樓之１,12.66,住,,,1140604,土地1建物1車位0,三層,六層,華廈(10層含以下有電梯),住家用,790511.0,61.3,1,1,1,有,有,14850000,242251.0,,0.0,0,,RPTNMLPLOHKGFDA38DA,36.92,0.0,12.17,有,,35.0
信義區,房地(土地+建物),吳興街２２０巷１１弄３號五樓,26.15,住,,,1140615,土地1建物1車位0,五層,七層,華廈(10層含以下有電梯),住家用,820818.0,129.98000000000002,4,2,2,有,無,31000000,238498.0,,0.0,0,其他增建；,RPWNMLQLOHKGFDA78DA,102.14,2.35,16.49,有,,32.0
信義區,房地(土地+建物),永吉路１８０巷６６弄６號四樓,32.75,住,,,1140610,土地1建物1車位0,四層，陽臺,四層,公寓(5樓含以下無電梯),住家用,630902.0,94.7,4,2,2,有,無,21200000,223865.0,,0.0,0,陽台外推；其他增建；,RPSOMLMLPHKGFDA18DA,94.7,0.0,0.0,無,,51.0
北投區,房地(土地+建物),裕民六路１１４巷２４弄１之１號二樓,26.0,住,,,1140621,土地1建物1車位0,二層,四層,公寓(5樓含以下無電梯),住家用,660512.0,70.19,2,2,1,有,無,14200000,202308.0,,0.0,0,壹樓空地、天井、鐵鋁窗陽台外推；其他增建；,RPTQMLSKPHKGFEA09DA,63.19,0.0,7.0,無,,48.0
文山區,房地(土地+建物)+車位,木柵路二段５７號十一樓之２,16.73,住,,,1140621,土地4建物1車位1,十一層,十三層,住宅大樓(11層含以上有電梯),住家用,861104.0,102.65,2,2,1,有,有,15680000,152752.0,升降機械,0.0,1200000,車位面積依照謄本所示無法概算其他增建；,RPQNMLSJPHKGFAA97DA,55.2,0.0,5.4,有,,28.0
文山區,房地(土地+建物),萬芳路１０５巷７號一樓,66.89,住,,,1140601,土地5建物1車位0,一層,十二層,住宅大樓(11層含以上有電梯),住家用,850215.0,111.04,3,2,2,有,有,29180000,262788.0,,0.0,0,陽台外推；其他增建；,RPRNMLNLPHKGFAA77DA,78.89,0.0,10.38,有,,29.0
萬華區,房地(土地+建物),青年路１５２巷１５號二樓,12.02,住,,,1140604,土地2建物1車位0,二層,五層,公寓(5樓含以下無電梯),住家用,640523.0,32.51,3,1,1,有,無,5800000,178407.0,,0.0,0,陽台外推；,RPSONLMLPHKGFBA08DA,32.51,0.0,0.0,無,,50.0
內湖區,房地(土地+建物),金龍路２２２巷１２號三樓,20.09,住,,,1140608,土地1建物1車位0,三層,十一層,住宅大樓(11層含以上有電梯),住家用,821213.0,64.49000000000001,2,2,1,有,有,15450000,239572.0,,0.0,0,陽台外推；其他增建；,RPTNMLPLOHKGFCA28DA,44.28,0.0,10.46,有,,31.0
中山區,房地(土地+建物)+車位,基湖路１３９號五樓,46.02,住,,,1140608,土地1建物1車位2,五層,十二層,住宅大樓(11層含以上有電梯),住家用,950123.0,237.5,3,2,2,有,有,63000000,352024.0,坡道平面,78.42,7000000,陽台外推；,RPRNMLPKPHKGFCA08DA,98.49,4.47,6.77,有,,19.0
內湖區,房地(土地+建物)+車位,民權東路六段１８０巷１５６號十一樓之１,25.13,住,,,1140602,土地1建物1車位1,十一層,十一層,住宅大樓(11層含以上有電梯),住家用,1000221.0,172.15,3,2,2,有,有,36100000,249406.0,坡道平面,37.43,2500000,其他增建；,RPRNMLQKPHKGFCA18DA,75.04,2.98,8.87,有,994.0,14.0
內湖區,房地(土地+建物),安康路１９１之１號三樓,27.9,住,,,1140610,土地1建物1車位0,三層,五層,公寓(5樓含以下無電梯),住家用,701001.0,87.16,3,2,1,有,無,14500000,166361.0,,0.0,0,陽台外推；,RPSPMLLLPHKGFCA08DA,71.44,0.0,13.09,無,,44.0
信義區,房地(土地+建物),虎林街２４２巷６１號三樓,30.0,住,,,1140605,土地2建物1車位0,三層,四層,公寓(5樓含以下無電梯),住家用,590410.0,67.67,2,1,2,有,無,15000000,221664.0,,0.0,0,其他增建；,RPVNMLNLPHKGFDA48DA,61.82,0.0,5.85,無,,55.0
信義區,房地(土地+建物),虎林街２４２巷４９號二樓,37.0,住,,,1140611,土地1建物1車位0,二層,四層,公寓(5樓含以下無電梯),住家用,580404.0,87.43,3,2,1,有,無,21680000,247970.0,,0.0,0,其他增建；,RPWOMLNLPHKGFDA68DA,87.43,0.0,0.0,無,,56.0
士林區,房地(土地+建物),後港街１６２巷１０弄１５號二樓,47.0,住,,,1140606,土地1建物1車位0,二層,四層,公寓(5樓含以下無電梯),住家用,620110.0,104.41,4,2,1,有,無,20250000,193947.0,,0.0,0,其他增建；,RPRNMLLJPHKGFEA77DA,92.91,0.0,11.5,無,997.0,52.0
士林區,房地(土地+建物),基河路１２８號五樓之７,8.2,住,,,1140614,土地1建物1車位0,五層,十一層,住宅大樓(11層含以上有電梯),住家用,850916.0,31.369999999999997,1,1,1,有,有,8550000,272553.0,,0.0,0,陽台外推；,RPUNMLLKPHKGFEA18DA,17.86,1.18,2.66,有,998.0,29.0
士林區,房地(土地+建物),福港街２８０巷８號二樓,43.33,住,,,1140605,土地1建物1車位0,二層,三層,公寓(5樓含以下無電梯),住家用,570614.0,76.66,4,1,2,有,無,9750000,127185.0,,0.0,0,,RPPNMLNLPHKGFEA08EA,76.66,0.0,0.0,無,,57.0
士林區,房地(土地+建物),福港街２８０巷６號二樓,43.33,住,,,1140605,土地1建物1車位0,二層,三層,公寓(5樓含以下無電梯),住家用,570720.0,76.66,4,1,2,有,無,9750000,127185.0,,0.0,0,,RPQNMLNLPHKGFEA18EA,76.66,0.0,0.0,無,,57.0
文山區,房地(土地+建物),辛亥路四段２１巷１２號七樓,23.66,住,,,1140620,土地4建物1車位0,七層,十八層,住宅大樓(11層含以上有電梯),住家用,840801.0,65.56,2,1,1,有,有,13800000,210494.0,,0.0,0,,RPPOMLNLPHKGFAA67DA,50.11,0.47,3.4,有,,30.0
文山區,房地(土地+建物)+車位,萬盛街８９之６號,9.98,住,,,1140625,土地1建物1車位1,一層,八層,華廈(10層含以下有電梯),住家用,1050816.0,85.44,3,1,1,有,有,22300000,261002.0,坡道機械,25.45,0,露台增建陽台外推；夾層；其他增建；,RPQNMLPLPHKGFAA87DA,37.7,0.0,0.0,有,1002.0,9.0
萬華區,房地(土地+建物),德昌街１７４號二樓,24.0,住,,,1140616,土地1建物1車位0,二層,四層,公寓(5樓含以下無電梯),住家用,580429.0,72.77,2,1,1,有,無,9900000,136045.0,,0.0,0,依土地法34條之1多數決處分,RPXNMLLLPHKGFBA28DA,72.77,0.0,0.0,無,,56.0
內湖區,房地(土地+建物),陽光街２１６號三樓,18.72,住,,,1140626,土地2建物1車位0,三層,七層,華廈(10層含以下有電梯),住家用,730131.0,50.29,3,2,1,有,有,10800000,214754.0,,0.0,0,,RPVNMLKMOHKGFCA08DA,33.62,0.0,3.82,有,1004.0,41.0
內湖區,房地(土地+建物),東湖路１１３巷８６號五樓之３,13.91,住,,,1140604,土地1建物1車位0,五層,六層,華廈(10層含以下有電梯),住家用,820717.0,51.45,1,1,1,有,有,9500000,184645.0,,0.0,0,陽台外推；夾層；其他增建；,RPVNMLKKPHKGFCA97DA,32.61,5.19,4.65,有,1006.0,32.0
內湖區,房地(土地+建物),內湖路一段９１巷３１號二樓,27.88,住,,,1140609,土地1建物1車位0,二層,五層,公寓(5樓含以下無電梯),住家用,730319.0,94.45,3,2,2,有,無,17000000,179989.0,,0.0,0,,RPOOMLMLPHKGFCA67DA,86.75,0.0,7.7,無,,41.0
內湖區,房地(土地+建物)+車位,民權東路六段４５１號十三樓之３,52.42,住,,,1140624,土地2建物1車位1,十三層,十四層,住宅大樓(11層含以上有電梯),住家用,970916.0,276.94,4,2,2,有,有,73000000,276362.0,坡道平面,21.84,2500000,其他增建；,RPVNMLOLPHKGFCA48DA,164.31,4.44,11.96,有,,17.0
北投區,房地(土地+建物)+車位,稻香路２５１號,54.19,住,,,1140618,土地1建物1車位1,一層,五層,華廈(10層含以下有電梯),住家用,1101015.0,134.95,2,2,1,有,有,23680000,227326.0,坡道平面,40.9,2300000,含裝潢設備及家電,RPVNMLRKPHKGFEA88DA,54.74,0.0,6.5,有,,4.0
北投區,房地(土地+建物)+車位,稻香路２１９號,39.62,住,,,1140618,土地1建物1車位1,一層,五層,華廈(10層含以下有電梯),住家用,1101015.0,109.6,2,2,1,有,有,17950000,227802.0,坡道平面,40.9,2300000,含裝潢設備及家電,RPXNMLRKPHKGFEA09DA,38.98,0.0,5.75,有,,4.0
北投區,房地(土地+建物)+車位,三合街一段３６巷１３號七樓,35.72,住,,,1140621,土地1建物1車位1,七層,九層,華廈(10層含以下有電梯),住家用,1050311.0,216.17,4,2,2,有,有,47200000,218347.0,坡道平面,38.2,0,,RPQOMLLLPHKGFEA97DA,102.78,4.79,9.69,有,,9.0
松山區,房地(土地+建物),八德路三段１９９巷２１號七樓之１１,11.04,住,,,1140621,土地1建物1車位0,七層,七層,華廈(10層含以下有電梯),住家用,730127.0,58.09,1,2,1,有,有,16320000,280943.0,,0.0,0,陽台外推；,RPPNMLPLPHKGFDA18EA,42.86,0.0,5.91,有,,41.0
文山區,房地(土地+建物),興隆路二段２０３巷３０號六樓,19.16,住,,,1140618,土地1建物1車位0,六層,十三層,住宅大樓(11層含以上有電梯),住家用,880510.0,77.92,2,2,1,有,有,17500000,224589.0,,0.0,0,其他增建；,RPTNMLPLOHKGFAA08DA,55.39,0.0,6.43,有,,26.0
中正區,房地(土地+建物),廣州街８巷１１號八樓,51.88,住,,,1140621,土地1建物1車位0,八層,八層,華廈(10層含以下有電梯),住家用,811214.0,150.17000000000002,4,2,2,有,有,39580000,263568.0,,0.0,0,鐵鋁窗陽台外推；其他增建；,RPPNMLPLPHKGFAA77DA,115.23,0.95,11.91,有,,33.0
內湖區,房地(土地+建物),東湖路４３巷２６弄９號五樓之２,9.32,住,,,1140613,土地2建物1車位0,五層,八層,華廈(10層含以下有電梯),住家用,950223.0,46.05,1,0,1,有,有,12000000,260586.0,,0.0,0,,RPXQMLNJPHKGFCA68DA,26.86,0.96,3.46,有,1013.0,19.0
中山區,房地(土地+建物),合江街５８巷３６號二樓,26.5,住,,,1140624,土地2建物1車位0,二層,五層,公寓(5樓含以下無電梯),住家用,701104.0,84.91,3,2,2,有,無,19300000,227299.0,,0.0,0,,RPPOMLQKPHKGFCA08DA,75.26,0.0,9.65,無,,44.0
松山區,房地(土地+建物),八德路三段１２巷７弄５號四樓,35.7,住,,,1140610,土地1建物1車位0,四層,六層,華廈(10層含以下有電梯),住家用,740911.0,179.35,4,2,2,有,無,41880000,233510.0,,0.0,0,其他增建；,RPQNMLNKPHKGFDA87DA,147.46,1.42,17.69,有,,40.0
北投區,房地(土地+建物),公路２０９巷１６弄２２號二樓,24.0,住,,,1140601,土地1建物1車位0,二層,五層,公寓(5樓含以下無電梯),住家用,730705.0,94.69,3,2,1,有,無,13000000,137290.0,,0.0,0,其他增建；,RPRNMLMKOHKGFEA87DA,75.03,0.0,11.61,無,,41.0
士林區,房地(土地+建物),延平北路五段８３巷２８弄２１號三樓,29.5,住,,,1140607,土地2建物1車位0,三層，陽臺,四層,公寓(5樓含以下無電梯),住家用,641128.0,56.0,2,1,1,有,無,6680000,119286.0,,0.0,0,,RPWNMLQKOHKGFEA78DA,56.0,0.0,0.0,無,,50.0
士林區,房地(土地+建物),福國路１５巷１８之１號五樓,23.05,住,,,1140608,土地2建物1車位0,五層，陽臺,七層,華廈(10層含以下有電梯),住家用,651230.0,117.84,3,2,2,有,有,25000000,212152.0,,0.0,0,陽台外推；其他增建；,RPQNMLNLOHKGFEA97DA,112.21,0.0,0.0,有,1018.0,48.0
北投區,房地(土地+建物),中央北路三段２１６號五樓,22.53,住,,,1140615,土地2建物1車位0,五層,五層,公寓(5樓含以下無電梯),住家用,680824.0,92.96,3,2,2,有,無,12000000,129088.0,,0.0,0,陽台外推；其他增建；,RPPPMLNJPHKGFEA97DA,71.36,0.0,21.6,無,1019.0,46.0
大安區,房地(土地+建物),四維路１９８巷２０弄４號九樓,19.39,住,,,1140621,土地1建物1車位0,九層,十九層,住宅大樓(11層含以上有電梯),住家用,740522.0,100.97,3,2,1,有,有,27000000,267406.0,,0.0,0,其他增建；,RPQNMLLKPHKGFFA87DA,73.75,1.56,4.72,有,1020.0,40.0
文山區,房地(土地+建物),興隆路二段１５３巷２弄７號,51.75,住,,,1140605,土地1建物1車位0,一層,四層,公寓(5樓含以下無電梯),住家用,,117.05,3,2,2,有,無,30250000,258437.0,,0.0,0,,RPTNMLTKOHKGFAA38DA,117.05,0.0,0.0,無,1021.0,
萬華區,房地(土地+建物),青年路１６８巷４９弄２９號五樓,11.36,住,,,1140604,土地2建物1車位0,五層,五層,公寓(5樓含以下無電梯),住家用,640523.0,38.37,2,2,1,有,無,6750000,175919.0,,0.0,0,梯間增建其他增建；,RPTNMLSLPHKGFBA58DA,32.51,0.0,0.0,無,1024.0,50.0
中山區,房地(土地+建物),新生北路二段１３３巷２５號五樓,20.0,住,,,1140622,土地1建物1車位0,五層,五層,公寓(5樓含以下無電梯),住家用,711230.0,79.16,2,2,1,有,無,17300000,218545.0,,0.0,0,陽台外推；,RPSOMLOLOHKGFCA18DA,63.53,4.4,4.71,無,,42.0
信義區,房地(土地+建物)+車位,松山路６３０號五樓之１,16.23,住,,,1140601,土地1建物1車位1,五層,九層,華廈(10層含以下有電梯),住家用,870526.0,86.21,2,1,1,有,有,18800000,286128.0,坡道平面,30.99,3000000,陽台外推；夾層；其他增建；,RPQNMLLKPHKGFDA67DA,36.76,0.99,3.48,有,,27.0
信義區,房地(土地+建物)+車位,吳興街５２４巷２１號三樓,21.9,住,,,1140601,土地1建物1車位1,三層,八層,華廈(10層含以下有電梯),住家用,1130122.0,121.88,2,2,2,有,有,22600000,185428.0,坡道平面,39.84,0,,RPXNMLNLPHKGFDA68DA,45.3,4.32,3.02,有,1028.0,1.0
北投區,房地(土地+建物),西安街一段１８７號六樓之１,9.95,住,,,1140605,土地1建物1車位0,六層,七層,華廈(10層含以下有電梯),住家用,1010320.0,55.76,2,1,1,有,有,19180000,343974.0,,0.0,0,陽台外推；夾層；其他增建；,RPVNMLKLOHKGFEA18DA,24.53,6.04,2.97,有,,13.0
士林區,房地(土地+建物),福志路６６號,18.73,住,,,1140623,土地1建物1車位0,一層,七層,華廈(10層含以下有電梯),住家用,910109.0,108.03,3,2,2,有,有,30000000,277701.0,,0.0,0,其他增建；,RPSOMLOJPHKGFEA28DA,69.19,0.0,12.18,有,,23.0
大安區,房地(土地+建物),和平東路三段３０８巷１５弄２９號五樓,23.7,住,,,1140605,土地1建物1車位0,五層,五層,公寓(5樓含以下無電梯),住家用,670429.0,88.41,3,2,1,有,無,16500000,186630.0,,0.0,0,陽台外推；其他增建；,RPPNMLPKPHKGFFA18DA,73.61,0.0,14.8,無,1033.0,47.0
信義區,房地(土地+建物)+車位,吳興街６００巷７６弄２２號三樓,17.8,住,,,1140609,土地1建物1車位1,三層,六層,華廈(10層含以下有電梯),住家用,1050301.0,102.02,2,1,1,有,有,16430000,161047.0,升降平面,0.0,0,,RPSPMLTLPHKGFDA09EA,34.23,5.29,6.43,有,,9.0
文山區,房地(土地+建物),辛亥路四段２１巷１２號三樓之１,18.93,住,,,1140630,土地4建物1車位0,三層,十八層,住宅大樓(11層含以上有電梯),住家用,840801.0,48.849999999999994,1,1,1,有,有,10200000,208802.0,,0.0,0,陽台外推；,RPVNMLLLPHKGFAA97DA,36.15,1.73,5.06,有,1038.0,30.0
內湖區,房地(土地+建物)+車位,文湖街２１巷８２弄１４號六樓之３,16.29,住,,,1140613,土地1建物1車位1,六層,八層,華廈(10層含以下有電梯),住家用,941226.0,109.6,2,2,1,有,有,19880000,181387.0,坡道平面,33.05,0,其他增建；,RPRPMLOKPHKGFCA18DA,47.02,3.09,2.86,有,1039.0,19.0
士林區,房地(土地+建物),雨聲街５９巷３２號二樓,36.3,住,,,1140616,土地1建物1車位0,二層,五層,公寓(5樓含以下無電梯),住家用,741211.0,136.76,4,2,2,有,無,25200000,184264.0,,0.0,0,陽台外推；,RPXPMLSLPHKGFEA86DA,110.58,0.61,12.82,無,,40.0
大安區,房地(土地+建物)+車位,信義路四段２６５巷２１弄８之５號三樓,9.3,住,,,1140601,土地1建物1車位1,三層,九層,華廈(10層含以下有電梯),住家用,1131106.0,90.54,2,1,2,有,有,34920000,464408.0,其他,20.3,2300000,,RPSNMLNLPHKGFFA38DA,40.17,0.0,3.38,有,,1.0
內湖區,房地(土地+建物)+車位,陽光街１３０號,38.55,住,,,1140611,土地1建物1車位1,一層,十層,華廈(10層含以下有電梯),住家用,870202.0,143.42000000000002,3,2,2,有,有,28800000,200809.0,坡道平面,0.0,0,,RPPNMLKMPHKGFCA67EA,80.15,0.0,12.03,有,,27.0
文山區,房地(土地+建物)+車位,木柵路四段１５９巷１６弄６９號十二樓,57.29,住,,,1140612,土地16建物1車位1,十二層,十三層,住宅大樓(11層含以上有電梯),住家用,820602.0,193.36,3,2,2,有,有,26000000,134471.0,坡道平面,0.0,2200000,依建物謄本標示部，車位面積無法概算其他增建；,RPPNMLLMPHKGFAA47DA,107.17,17.39,3.41,有,,32.0
萬華區,房地(土地+建物),西藏路１７０號,17.4,住,,,1140627,土地4建物1車位0,一層，騎樓,五層,公寓(5樓含以下無電梯),住家用,680523.0,58.54,0,0,0,無,無,16800000,286983.0,,0.0,0,一樓增建、平台增建其他增建；,RPSNMLLLPHKGFBA77DA,54.32,4.22,0.0,無,,46.0
萬華區,房地(土地+建物),長泰街２５４號三樓,30.25,住,,,1140601,土地2建物1車位0,三層,四層,公寓(5樓含以下無電梯),住家用,580714.0,68.65,2,2,1,有,無,10700000,155863.0,,0.0,0,其他增建；,RPWNMLTLPHKGFBA98DA,68.65,0.0,0.0,無,,56.0
萬華區,房地(土地+建物)+車位,萬大路４２３巷４２號十三樓,40.52,住,,,1140617,土地4建物1車位1,十三層,十四層,住宅大樓(11層含以上有電梯),住家用,970103.0,189.3,3,2,2,有,有,37200000,196513.0,坡道平面,0.0,0,,RPRNMLLMPHKGFBA77DA,103.07,0.0,9.77,有,,17.0
松山區,房地(土地+建物)+車位,吉祥路４７號五樓,33.02,住,,,1140624,土地1建物1車位1,五層,七層,華廈(10層含以下有電梯),住家用,811222.0,188.16,4,2,2,有,無,39880000,261417.0,坡道平面,45.17,2500000,,RPPOMLRKPHKGFDA28DA,112.26,0.53,13.73,有,,33.0
士林區,房地(土地+建物),中山北路六段４１９巷３９號四樓,30.6,住,,,1140607,土地1建物1車位0,四層,五層,公寓(5樓含以下無電梯),住家用,731129.0,111.19,3,2,2,有,無,19100000,171778.0,,0.0,0,陽台外推；其他增建；,RPPOMLNJPHKGFEA87DA,96.24,0.93,9.9,無,,41.0
士林區,房地(土地+建物),天母北路６號三樓,33.13,住,,,1140602,土地2建物1車位0,三層,七層,華廈(10層含以下有電梯),住家用,741214.0,167.65,4,2,3,有,有,32900000,196242.0,,0.0,0,陽台加窗。其他增建；,RPWNMLMLPHKGFEA58DA,140.55,1.61,15.0,有,,39.0
士林區,房地(土地+建物),德行東路１９０巷４０弄１１號五樓,35.29,住,,,1140615,土地1建物1車位0,五層,五層,公寓(5樓含以下無電梯),住家用,750224.0,134.86,4,2,2,有,無,18750000,139033.0,,0.0,0,,RPVOMLPLPHKGFEA88DA,116.11,0.0,15.1,無,,39.0
大安區,房地(土地+建物),忠孝東路四段１８１巷４３號四樓,9.16,住,,,1140617,土地1建物1車位0,四層,六層,華廈(10層含以下有電梯),住家用,761230.0,38.99,1,1,1,有,有,11200000,287253.0,,0.0,0,前陽台外推其他增建；,RPPNMLTLPHKGFFA68DA,24.3,0.44,3.31,有,,37.0
北投區,房地(土地+建物),大興街９巷１５號,35.58,住,,,1140601,土地1建物1車位0,一層,五層,公寓(5樓含以下無電梯),住家用,720608.0,196.41,4,2,2,有,無,35900000,182781.0,,0.0,0,其他增建；,RPQNMLLJQHKGFEA87EA,99.62,94.65,0.0,無,,42.0
大安區,房地(土地+建物)+車位,臥龍街２６８號十二樓之６,16.28,住,,,1140628,土地1建物1車位1,十二層,二十三層,住宅大樓(11層含以上有電梯),住家用,1130927.0,154.85,3,2,2,有,有,39800000,312607.0,坡道平面,38.09,3300000,土地價格新台幣28148550元整建物價格新台幣11651450元整,RPPNMLRJLHKGFFA97EA,67.22,4.66,6.56,有,,1.0
文山區,房地(土地+建物)+車位,樟新街３６號九樓之３,31.88,住,,,1140614,土地1建物1車位2,九層,十六層,住宅大樓(11層含以上有電梯),住家用,831221.0,195.99,3,2,2,有,有,27380000,139701.0,坡道平面,0.0,4000000,車位面積依照謄本所示無法概算，本案拆算車位價格如下： 1.車位編號 B3-11號，車位價格：新台幣貳佰萬元整。 2.車位編號 B3-28號 ，車位價格：新台幣貳佰萬元整。陽台外推；其他增建；,RPVNMLLMPHKGFAA08DA,101.74,1.46,12.62,有,,30.0
內湖區,房地(土地+建物)+車位,大湖山莊街５８之３號三樓,28.65,住,,,1140616,土地1建物1車位1,三層,三層,公寓(5樓含以下無電梯),住家用,830624.0,84.47,2,2,1,有,有,15500000,183497.0,升降機械,0.0,0,陽台外推；其他增建；,RPUQMLSKPHKGFCA98DA,44.86,0.75,6.11,無,1050.0,31.0
中山區,房地(土地+建物)+車位,明水路５９１號四樓之２,32.66,住,,,1140618,土地1建物1車位1,四層，電梯樓梯間,十四層,住宅大樓(11層含以上有電梯),住家用,871028.0,179.86,3,2,2,有,有,51500000,286334.0,坡道平面,0.0,2700000,,RPVNMLTLPHKGFCA98DA,101.31,3.36,17.25,有,1051.0,27.0
南港區,房地(土地+建物),忠孝東路六段１１０巷１８號五樓,23.16,住,,,1140614,土地2建物1車位0,五層,七層,華廈(10層含以下有電梯),住家用,730730.0,95.46,3,2,1,有,有,21060000,220616.0,,0.0,0,其他增建；,RPOOMLSKOHKGFDA18DA,61.87,0.0,8.09,有,,41.0
信義區,房地(土地+建物),吳興街６００巷１００弄２０之１號二樓,12.78,住,,,1140624,土地1建物1車位0,二層,十一層,住宅大樓(11層含以上有電梯),住家用,1030108.0,75.94,1,2,2,有,有,15200000,200158.0,,0.0,0,夾層；其他增建；,RPWOMLPKPHKGFDA78DA,39.58,10.74,0.0,有,1053.0,11.0
士林區,房地(土地+建物),中山北路六段１８６巷２５弄１１號四樓,34.7,住,,,1140615,土地1建物1車位0,四層,五層,公寓(5樓含以下無電梯),住家用,741028.0,128.66,3,2,2,有,有,23500000,182652.0,,0.0,0,陽台外推；其他增建；,RPOOMLTKOHKGFEA38DA,112.62,0.0,12.18,無,,40.0
北投區,房地(土地+建物),致遠一路二段１１１巷１號三樓,28.0,住,,,1140617,土地1建物1車位0,三層,五層,公寓(5樓含以下無電梯),住家用,710226.0,127.82,3,2,2,有,無,26880000,210296.0,,0.0,0,陽台外推；其他增建；,RPQNMLPKPHKGFEA18DA,99.35,0.0,19.93,無,,43.0
士林區,房地(土地+建物),社子街８９號三樓,33.75,住,,,1140624,土地1建物1車位0,三層，陽臺,四層,公寓(5樓含以下無電梯),住家用,650318.0,96.1,4,2,1,有,無,14000000,145682.0,,0.0,0,陽台外推；其他增建；,RPXNMLNLPHKGFEA78DA,96.1,0.0,0.0,無,,49.0
北投區,房地(土地+建物)+車位,奇岩路２４１巷７弄２２號三樓,127.38,住,,,1140602,土地1建物1車位1,三層,五層,華廈(10層含以下有電梯),住家用,1081223.0,243.44,4,2,2,有,有,35600000,154632.0,坡道平面,28.09,2300000,,RPPOMLNLPHKGFEA08DA,116.88,13.68,7.32,有,,5.0
大安區,房地(土地+建物),永康街３５號三樓,24.25,住,,,1140617,土地2建物1車位0,三層，陽臺,四層,公寓(5樓含以下無電梯),住家用,650915.0,77.01,3,3,3,有,無,27080000,351643.0,,0.0,0,陽台外推；其他增建；,RPPNMLKKPHKGFFA67DA,77.01,0.0,0.0,無,1055.0,49.0
中正區,房地(土地+建物)+車位,同安街８０巷１４號四樓,47.53,住,,,1140614,土地1建物2車位2,四層，五層,七層,華廈(10層含以下有電梯),住家用,960629.0,229.32,4,2,3,有,有,39500000,179986.0,升降機械,29.86,3600000,陽台外推；,RPROMLLJPHKGFAA47DA,86.42,2.9,15.62,有,,18.0
文山區,房地(土地+建物),木新路二段１１１巷１２弄８號四樓,31.29,住,,,1140623,土地1建物1車位0,四層,五層,公寓(5樓含以下無電梯),住家用,740618.0,101.3,3,2,2,有,無,14000000,138203.0,,0.0,0,陽台外推；其他增建；,RPTNMLLKPHKGFAA67DA,76.82,0.0,15.53,無,,40.0
文山區,房地(土地+建物)+車位,萬盛街８９號,16.58,住,,,1140608,土地1建物1車位1,一層,八層,華廈(10層含以下有電梯),住家用,1050816.0,124.98,2,2,2,有,有,30000000,281322.0,升降平面,25.45,2000000,夾層；其他增建；,RPQOMLOJQHKGFAA77DA,62.38,0.0,0.0,有,,9.0
大同區,房地(土地+建物),大龍街９１巷１０號四樓之８,12.36,住,,,1140622,土地1建物1車位0,四層,十三層,住宅大樓(11層含以上有電梯),住家用,1110422.0,86.94,2,2,2,有,有,24880000,286174.0,,0.0,0,,RPPOMLOKPHKGFBA77DA,52.72,0.0,5.27,有,,3.0
大同區,房地(土地+建物),延平北路四段９９號三樓之１,10.56,住,,,1140616,土地1建物1車位0,三層,七層,華廈(10層含以下有電梯),住家用,1031205.0,54.51,0,2,1,有,有,12050000,221060.0,,0.0,0,陽台外推；其他增建；,RPPNMLSKPHKGFBA08DA,27.36,2.5,5.18,有,1058.0,11.0
松山區,房地(土地+建物)+車位,三民路２９巷３號十一樓之３,44.54,住,,,1140620,土地2建物1車位1,十一層,十三層,住宅大樓(11層含以上有電梯),住家用,931111.0,209.3,4,2,2,有,有,57800000,276159.0,坡道平面,0.0,0,前陽台加窗。,RPXOMLOLPHKGFDA88DA,117.04,4.07,11.24,有,1060.0,21.0
松山區,房地(土地+建物),民族東路７４９號六樓之１,20.5,住,,,1140607,土地1建物1車位0,六層,七層,華廈(10層含以下有電梯),住家用,720930.0,129.89,3,2,2,有,有,32900000,253291.0,,0.0,0,陽台外推；,RPPNMLSLPHKGFDA38DA,105.58,0.0,12.81,有,,42.0
士林區,房地(土地+建物),中山北路七段３８巷１２弄４之３號五樓,19.86,住,,,1140612,土地1建物1車位0,五層,五層,公寓(5樓含以下無電梯),住家用,670905.0,56.09,2,2,1,有,無,13800000,246033.0,,0.0,0,頂樓加蓋；其他增建；,RPQOMLRLOHKGFEA48DA,49.01,0.0,7.08,無,,47.0
士林區,房地(土地+建物)+車位,中山北路六段４０５巷８５號二樓,16.88,住,,,1140621,土地1建物1車位1,二層,八層,華廈(10層含以下有電梯),住家用,1011129.0,110.28,2,2,2,有,有,26950000,257342.0,塔式車位,12.55,1800000,陽台外推；夾層；其他增建；,RPOOMLLKPHKGFEA67DA,44.59,8.64,4.46,有,1061.0,13.0
士林區,房地(土地+建物)+車位,天母東路８巷６０號三樓,40.88,住,,,1140607,土地1建物1車位3,三層,八層,華廈(10層含以下有電梯),住家用,950518.0,195.25,4,2,2,有,有,62800000,344192.0,坡道機械,21.51,3000000,3個坡道機械車位停車位編號34、35、36現況變更為1個坡道平面車位停車位編號34陽台外推；其他增建；,RPQNMLOJQHKGFEA08DA,108.63,1.92,13.15,有,,19.0
大安區,房地(土地+建物),光復南路７２巷２３弄４６號三樓,19.0,住,,,1140609,土地2建物1車位0,三層，陽臺,四層,公寓(5樓含以下無電梯),住家用,650806.0,75.42,3,1,1,有,無,18700000,247945.0,,0.0,0,,RPPNMLOJQHKGFFA08DA,75.42,0.0,0.0,無,,49.0
中山區,房地(土地+建物),吉林路２６巷２０號三樓之２,11.37,住,,,1140606,土地1建物1車位0,三層,五層,華廈(10層含以下有電梯),住家用,790921.0,52.16,1,1,1,有,無,12600000,241564.0,,0.0,0,陽台外推；,RPRNMLPLOHKGFCA08DA,36.55,0.0,3.97,有,1063.0,35.0
內湖區,房地(土地+建物)+車位,文湖街３５號十五樓,34.39,,,,1140607,土地1建物1車位2,十五層,十五層,住宅大樓(11層含以上有電梯),住家用,991230.0,314.07,3,2,3,有,有,78000000,276955.0,坡道平面,54.1,6000000,陽台外推；其他增建；,RPTNMLRKPHKGFCA48DA,157.69,9.72,19.32,有,1064.0,14.0
內湖區,房地(土地+建物),康樂街２０巷４號四樓,23.8,住,,,1140602,土地1建物1車位0,四層,五層,公寓(5樓含以下無電梯),住家用,741118.0,90.2,3,2,2,有,無,17300000,191796.0,,0.0,0,陽台外推；其他增建；,RPUNMLPJQHKGFCA38DA,74.87,0.0,7.7,無,,40.0
南港區,房地(土地+建物)+車位,向陽路１２０巷２弄２７號四樓,17.73,住,,,1140608,土地1建物1車位1,四層,十五層,住宅大樓(11層含以上有電梯),住家用,1131106.0,149.68,3,2,2,有,有,37800000,312082.0,坡道平面,37.53,2800000,,RPPPMLSJPHKGFDA38DA,73.59,3.72,6.24,有,,1.0
南港區,房地(土地+建物),研究院路三段１８巷１０號二樓,70.93,住,,,1140618,土地2建物1車位0,二層,九層,華廈(10層含以下有電梯),住家用,921204.0,178.94,3,2,2,有,有,28000000,156477.0,,0.0,0,陽台外推；其他增建；,RPUPMLSKPHKGFDA98DA,100.66,0.0,10.46,有,1066.0,22.0
北投區,房地(土地+建物)+車位,大同街２２號八樓,22.88,住,,,1140624,土地1建物1車位1,八層,十八層,住宅大樓(11層含以上有電梯),住家用,1130621.0,163.25,3,2,2,有,有,44200000,317103.0,坡道平面,34.27,3300000,,RPQNMLMLPHKGFEA97DA,73.31,7.3,4.8,有,,1.0
北投區,房地(土地+建物),三合街一段８２巷１０８號五樓,19.03,住,,,1140628,土地1建物1車位0,五層,九層,華廈(10層含以下有電梯),住家用,1070423.0,86.42,2,2,1,有,有,22800000,263828.0,,0.0,0,,RPSQMLSLPHKGFEA09DA,50.79,0.0,4.15,有,1069.0,7.0
大安區,房地(土地+建物),仁愛路四段３００巷１１號六樓之９,7.9,住,,,1140623,土地1建物1車位0,六層,七層,華廈(10層含以下有電梯),住家用,721128.0,55.33,2,2,1,有,有,17700000,319899.0,,0.0,0,其他增建；,RPXNMLLLPHKGFFA68DA,36.04,9.46,0.0,有,1071.0,42.0
士林區,房地(土地+建物),中正路６７５號八樓,21.33,住,,,1140609,土地1建物1車位0,八層,十二層,住宅大樓(11層含以上有電梯),住家用,721011.0,113.06,3,2,2,有,有,15800000,139749.0,,0.0,0,陽台外推；,RPPNMLQJQHKGFEA28EA,78.59,0.0,10.36,有,,42.0
大同區,房地(土地+建物),大龍街１５９巷６號三樓,24.5,住,,,1140628,土地1建物1車位0,三層,四層,公寓(5樓含以下無電梯),住家用,580909.0,70.61,3,2,1,有,無,12570000,178020.0,,0.0,0,,RPPNMLPLPHKGFBA87DA,70.61,0.0,0.0,無,,56.0
內湖區,房地(土地+建物),康寧路三段１８９巷３０號二樓,37.12,住,,,1140621,土地1建物1車位0,二層,五層,公寓(5樓含以下無電梯),住家用,731102.0,145.6,5,2,2,有,無,18280000,125549.0,,0.0,0,陽台外推；其他增建；,RPPNMLLLOHKGFCA47DA,115.44,0.0,18.35,無,,41.0
中山區,房地(土地+建物)+車位,吉林路１４巷１１號二樓之１,17.84,住,,,1140615,土地1建物1車位1,二層,七層,華廈(10層含以下有電梯),住家用,1030402.0,115.6,2,2,2,有,有,45180000,421157.0,塔式車位,14.26,2500000,停車場位於地下二層陽台外推；夾層；其他增建；,RPPNMLLLPHKGFCA57DA,47.43,10.02,10.71,有,1075.0,11.0
中山區,房地(土地+建物)+車位,敬業三路１６２巷２８號二樓,47.09,住,,,1140614,土地1建物1車位1,二層,十二層,住宅大樓(11層含以上有電梯),住家用,890628.0,155.75,3,2,2,有,有,28000000,179775.0,坡道平面,0.0,0,其他增建；,RPRNMLLLPHKGFCA77DA,77.91,0.0,8.1,有,,25.0
內湖區,房地(土地+建物)+車位,金龍路２２２巷８號八樓之３,34.82,住,,,1140614,土地1建物1車位1,八層,十二層,住宅大樓(11層含以上有電梯),住家用,821213.0,112.73,2,2,2,有,有,23500000,254916.0,坡道平面,30.35,2500000,陽台外推；其他增建；,RPUOMLLMPHKGFCA28DA,58.8,0.06,10.46,有,1076.0,32.0
南港區,房地(土地+建物),福德街４０５號九樓,21.15,住,,,1140616,土地1建物1車位0,九層,十四層,住宅大樓(11層含以上有電梯),住家用,870521.0,128.45,2,2,1,有,有,26300000,204749.0,,0.0,0,陽台外推；其他增建；,RPROMLLKPHKGFDA87DA,70.52,0.0,7.89,有,,27.0
松山區,房地(土地+建物),南京東路五段１２３巷２７號四樓,38.75,住,,,1140615,土地1建物1車位0,四層,四層,公寓(5樓含以下無電梯),住家用,570514.0,107.11,4,2,2,有,無,23880000,222948.0,,0.0,0,陽台外推；頂樓加蓋；其他增建；,RPRPMLQKPHKGFDA48DA,96.01,0.0,11.1,無,,57.0
南港區,房地(土地+建物)+車位,松河街４８２號九樓,59.38,住,,,1140628,土地1建物1車位2,九層，見其他登記事項,九層,華廈(10層含以下有電梯),住家用,970718.0,269.28,4,2,3,有,有,48000000,239688.0,坡道平面,89.88,5000000,陽台外推；夾層；其他增建；,RPRNMLOLPHKGFDA18DA,102.96,7.04,9.4,有,1078.0,17.0
南港區,房地(土地+建物)+車位,向陽路１２０巷２弄３３號七樓,17.73,住,,,1140611,土地1建物1車位1,七層,十五層,住宅大樓(11層含以上有電梯),住家用,1131106.0,149.68,3,2,2,有,有,39800000,265901.0,坡道平面,37.53,0,,RPUNMLTLPHKGFDA98DA,73.59,3.72,6.24,有,,1.0
士林區,房地(土地+建物),延平北路五段１３６巷２７弄３０號二樓,22.75,住,,,1140607,土地1建物1車位0,二層,四層,公寓(5樓含以下無電梯),住家用,590822.0,73.75,2,1,1,有,無,12000000,162712.0,,0.0,0,其他增建；,RPROMLNJPHKGFEA08DA,73.75,0.0,0.0,無,1079.0,55.0
北投區,房地(土地+建物),義理街６３巷４弄５號四樓,30.0,住,,,1140610,土地1建物1車位0,四層,四層,公寓(5樓含以下無電梯),住家用,621213.0,92.35,3,2,1,有,無,17600000,190579.0,,0.0,0,其他增建；,RPPNMLSJPHKGFEA28DA,92.35,0.0,0.0,無,,51.0
士林區,房地(土地+建物),承德路四段１０巷２２號二樓,38.0,住,,,1140607,土地1建物1車位0,二層,四層,公寓(5樓含以下無電梯),住家用,620905.0,105.37,3,2,2,有,無,22500000,213533.0,,0.0,0,其他增建；,RPPOMLMLPHKGFEA97DA,94.37,0.0,11.0,無,,52.0
士林區,房地(土地+建物),延平北路五段２２４巷１６號二樓,26.0,住,,,1140615,土地1建物1車位0,二層,二層,公寓(5樓含以下無電梯),住家用,500628.0,65.57,3,2,2,有,無,7840000,119567.0,,0.0,0,其他增建；,RPPNMLTLPHKGFEA58DA,65.57,0.0,0.0,無,,64.0
大安區,房地(土地+建物),仁愛路四段３００巷２６弄３３號二樓之１,16.54,住,,,1140608,土地1建物1車位0,二層,七層,華廈(10層含以下有電梯),住家用,730411.0,124.16,3,2,2,有,有,38000000,306057.0,,0.0,0,陽台外推；,RPUNMLRKPHKGFFA88DA,95.16,0.0,10.34,有,1080.0,41.0
中正區,房地(土地+建物),辛亥路一段２５巷８號五樓,17.0,住,,,1140622,土地1建物1車位0,五層,五層,公寓(5樓含以下無電梯),住家用,710804.0,60.53,1,1,1,有,無,12500000,206509.0,,0.0,0,,RPTNMLLLPHKGFAA77DA,50.91,4.06,5.56,無,,43.0
中山區,房地(土地+建物),建國北路二段１４３號十二樓,18.85,住,,,1140608,土地1建物1車位0,十二層,十五層,住宅大樓(11層含以上有電梯),住家用,751014.0,161.19,2,2,3,有,有,36600000,227061.0,,0.0,0,陽台外推；其他增建；,RPQNMLNKPHKGFCA77DA,118.77,0.0,14.9,有,,39.0
中山區,房地(土地+建物)+車位,崇實路６３巷１號六樓,22.72,住,,,1140627,土地1建物1車位1,六層,六層,華廈(10層含以下有電梯),住家用,860514.0,100.55,2,2,2,有,無,23600000,234709.0,塔式車位,21.81,0,陽台外推；其他增建；,RPSNMLKMPHKGFCA87DA,35.65,6.6,18.5,有,,28.0
南港區,房地(土地+建物)+車位,重陽路３９巷６６之５號,127.96,住,,,1140617,土地1建物1車位1,一層，二層，三層，屋頂突出物,十一層,公寓(5樓含以下無電梯),住家用,960711.0,319.79,5,2,4,有,有,68000000,212640.0,坡道平面,34.71,0,陽台外推；,RPQOMLKMOHKGFDA77DA,182.83,0.0,18.03,無,,18.0
南港區,房地(土地+建物)+車位,經貿二路２３５巷２６號五樓,20.18,住,,,1140621,土地1建物1車位1,五層,十層,華廈(10層含以下有電梯),住家用,1031002.0,118.1,3,2,1,有,有,35680000,318939.0,塔式車位,12.5,2000000,其他增建；,RPROMLPKPHKGFDA28DA,64.31,1.22,6.37,有,1088.0,11.0
信義區,房地(土地+建物),富陽街８７巷２７號四樓,37.75,住,,,1140621,土地1建物1車位0,四層,四層,公寓(5樓含以下無電梯),住家用,590918.0,106.02,3,2,1,有,無,21300000,200905.0,,0.0,0,陽台外推；頂樓加蓋；其他增建；,RPQOMLRKPHKGFDA38DA,92.44,0.0,13.58,無,,55.0
松山區,房地(土地+建物),三民路６２巷７號七樓之１,31.32,住,,,1140621,土地1建物1車位0,七層,七層,華廈(10層含以下有電梯),住家用,810303.0,130.32999999999998,3,2,2,有,有,33680000,258421.0,,0.0,0,其他增建；,RPVNMLOLPHKGFDA58DA,80.66,2.63,7.87,有,,33.0
士林區,房地(土地+建物),士東路２００巷８０號五樓,21.4,住,,,1140620,土地1建物1車位0,五層,五層,公寓(5樓含以下無電梯),住家用,660725.0,70.72,3,2,1,有,無,13500000,190894.0,,0.0,0,陽台外推；頂樓加蓋；其他增建；,RPSNMLLKPHKGFEA97DA,57.12,0.0,13.6,無,,48.0
北投區,房地(土地+建物),文化三路１２之４號二樓,36.7,住,,,1140603,土地1建物1車位0,二層,十層,華廈(10層含以下有電梯),住家用,840110.0,134.91,3,2,2,有,有,22960000,170188.0,,0.0,0,陽台外推；其他增建；,RPSNMLRKPHKGFEA58DA,93.02,0.0,10.05,有,,30.0
大安區,房地(土地+建物),安居街８４巷１２號三樓,32.47,住,,,1140623,土地1建物1車位0,三層,四層,公寓(5樓含以下無電梯),住家用,660318.0,94.77,3,2,1,有,無,18000000,189934.0,,0.0,0,,RPSPMLTLPHKGFFA56DA,80.78,0.0,13.99,無,,48.0
南港區,房地(土地+建物)+車位,三重路４１巷２１號三樓,20.49,住,,,1140607,土地1建物1車位1,三層,十三層,住宅大樓(11層含以上有電梯),住家用,1111129.0,160.76,2,2,2,有,有,39800000,247574.0,坡道平面,0.0,0,,RPPNMLRJQHKGFDA28EA,68.45,0.0,7.58,有,1092.0,3.0
北投區,房地(土地+建物),公路２２５號,39.6,住,,,1140602,土地3建物1車位0,一層,五層,公寓(5樓含以下無電梯),住家用,700824.0,137.92,2,2,1,有,無,25000000,181265.0,,0.0,0,,RPTNMLPJQHKGFEA58EA,85.18,52.74,0.0,無,,44.0
文山區,房地(土地+建物)+車位,木新路三段９５巷４２號十六樓之２,28.99,住,,,1140613,土地1建物1車位1,十六層,二十一層,住宅大樓(11層含以上有電梯),住家用,961031.0,205.96,3,2,2,有,有,38000000,213085.0,坡道平面,39.36,2500000,,RPRNMLPLOHKGFAA87DA,107.04,0.0,11.95,有,,18.0
文山區,房地(土地+建物),興隆路二段２２０巷６５弄２９號三樓,24.55,住,,,1140628,土地1建物1車位0,三層，電梯樓梯間,五層,公寓(5樓含以下無電梯),住家用,850824.0,80.46000000000001,3,2,1,有,無,13650000,169650.0,,0.0,0,其他增建：花台外推、陽台擴建陽台外推；其他增建；,RPOOMLRKPHKGFAA87DA,64.37,1.78,7.3,無,,29.0
內湖區,房地(土地+建物)+車位,文湖街２１巷９１弄１３號五樓,27.81,住,,,1140611,土地1建物1車位1,五層,十層,華廈(10層含以下有電梯),住家用,1070105.0,128.09,0,1,1,有,有,27500000,214693.0,塔式車位,0.0,0,毛胚屋；,RPOOMLLJQHKGFCA47DA,58.08,14.2,3.9,有,1094.0,7.0
內湖區,房地(土地+建物)+車位,內湖路二段３５０之３號十樓,29.54,住,,,1140630,土地1建物1車位1,十層,十二層,住宅大樓(11層含以上有電梯),住家用,1031023.0,192.95,2,2,2,有,有,50000000,311778.0,坡道平面,41.56,2800000,,RPWRMLQJQHKGFCA09DA,93.75,3.22,8.81,有,1096.0,11.0
南港區,房地(土地+建物)+車位,興南街８９號十八樓,17.56,住,,,1140624,土地1建物1車位1,十八層,二十六層,住宅大樓(11層含以上有電梯),住家用,1131230.0,155.05,2,2,2,有,有,45200000,317110.0,坡道平面,23.55,3500000,,RPTNMLLKPHKGFDA97DA,73.83,2.97,10.32,有,1097.0,
信義區,房地(土地+建物),松山路２２５巷４弄３９號,22.0,住,,,1140616,土地1建物1車位0,全,三層,透天厝,住家用,780210.0,61.44,6,2,5,有,無,10000000,162760.0,,0.0,0,本案為共有人出售其應有持分1/2給另一共有人頂樓加蓋；,RPVNMLPJQHKGFDA58DA,61.44,0.0,0.0,無,,36.0
信義區,房地(土地+建物)+車位,忠孝東路五段７４３巷２１弄２９號三樓,14.06,住,,,1140629,土地1建物1車位1,三層,十一層,住宅大樓(11層含以上有電梯),住家用,1040821.0,106.74,1,1,1,有,有,25000000,336597.0,坡道平面,41.38,3000000,其他增建；,RPWOMLRJQHKGFDA98DA,35.54,1.76,4.28,有,1098.0,10.0
士林區,房地(土地+建物),德行東路１００號四樓,30.25,住,,,1140614,土地1建物1車位0,四層,四層,公寓(5樓含以下無電梯),住家用,630620.0,83.43,3,0,1,有,無,15200000,182189.0,,0.0,0,其他增建；,RPSPMLSLPHKGFEA98DA,79.72,0.0,3.71,無,,51.0
大安區,房地(土地+建物)+車位,建國南路二段６５號六樓,67.97,住,,,1140610,土地2建物1車位2,六層,三十五層,住宅大樓(11層含以上有電梯),住家用,1070802.0,556.75,0,0,0,無,有,350000000,676120.0,坡道平面,54.62,10500000,,RPRNMLKMPHKGFFA08DA,257.44,6.63,44.64,有,,7.0
文山區,房地(土地+建物),興隆路二段２２０巷３１弄５０號二樓,33.06,住,,,1140625,土地2建物1車位0,二層，陽臺,四層,公寓(5樓含以下無電梯),住家用,651102.0,91.84,3,2,1,有,無,13800000,150261.0,,0.0,0,,RPPNMLSJQHKGFAA08EA,91.84,0.0,0.0,無,,49.0
中正區,房地(土地+建物)+車位,汀州路三段６０巷２弄５號二樓,29.4,住,,,1140623,土地1建物1車位1,二層,十三層,住宅大樓(11層含以上有電梯),住家用,891012.0,139.91,3,2,2,有,有,38000000,271603.0,坡道平面,0.0,0,其他增建；,RPRNMLKMPHKGFAA57DA,68.82,0.0,10.69,有,,25.0
萬華區,房地(土地+建物),長泰街３０８巷９號四樓,17.25,住,,,1140621,土地1建物1車位0,四層,四層,公寓(5樓含以下無電梯),住家用,620220.0,51.83,2,2,1,有,無,7600000,146633.0,,0.0,0,頂樓加蓋；,RPSOMLSJQHKGFBA48DA,51.83,0.0,0.0,無,,52.0
信義區,房地(土地+建物),吳興街１８號四樓,27.08,住,,,1140604,土地1建物1車位0,四層,五層,公寓(5樓含以下無電梯),住家用,730814.0,102.12,3,2,2,有,無,23100000,226204.0,,0.0,0,陽台外推；其他增建；,RPRNMLQKPHKGFDA28DA,80.51,0.0,11.26,無,,41.0
士林區,房地(土地+建物),中社路一段４３巷１０號二樓,63.52,住,,,1140620,土地1建物1車位0,二層,四層,公寓(5樓含以下無電梯),住家用,640801.0,69.66,3,2,2,有,無,8800000,126328.0,,0.0,0,陽台外推；,RPSNMLMLPHKGFEA18DA,69.66,0.0,0.0,無,,50.0
士林區,房地(土地+建物),中山北路七段２１６巷５之２號四樓,39.66,住,,,1140624,土地1建物1車位0,四層,六層,華廈(10層含以下有電梯),住家用,750605.0,162.8,4,2,2,有,有,29000000,178133.0,,0.0,0,陽台外推；其他增建；,RPPNMLQLPHKGFEA28DA,125.2,0.0,19.6,有,1108.0,39.0
大安區,房地(土地+建物),大安路二段６６號十一樓之２,6.66,住,,,1140607,土地1建物1車位0,十一層,十二層,住宅大樓(11層含以上有電梯),住家用,981113.0,41.06,1,1,1,有,有,16450000,400633.0,,0.0,0,陽台外推；夾層；其他增建；,RPUNMLQKPHKGFFA78DA,21.06,0.0,5.99,有,1109.0,16.0
大安區,房地(土地+建物),大安路一段１７５巷１０號二樓,21.75,住,,,1140626,土地1建物1車位0,二層,七層,華廈(10層含以下有電梯),住家用,690321.0,121.51,3,2,2,有,無,38600000,317669.0,,0.0,0,陽台外推；其他增建；,RPUNMLSJQHKGFFA98DA,88.43,0.0,17.65,有,,45.0
內湖區,房地(土地+建物),文德路２２巷７４弄１０號三樓,31.48,住,,,1140614,土地3建物1車位0,三層,四層,公寓(5樓含以下無電梯),住家用,670124.0,78.93,5,0,5,有,無,17200000,217915.0,,0.0,0,其他增建；,RPWQMLNJPHKGFCA58DA,69.81,0.0,9.12,無,,47.0
內湖區,房地(土地+建物)+車位,南京東路六段１７５號七樓,58.67,住,,,1140619,土地1建物1車位2,七層，夾層,七層,華廈(10層含以下有電梯),住家用,1000118.0,194.25,4,2,2,有,有,43660000,255579.0,坡道機械,35.16,3000000,其他增建；,RPWPMLNLPHKGFCA68DA,101.05,14.67,4.58,有,1115.0,14.0
南港區,房地(土地+建物)+車位,向陽路１９６巷２５號四樓,35.77,住,,,1140626,土地1建物1車位1,四層,九層,華廈(10層含以下有電梯),住家用,1000708.0,176.54,2,2,2,有,有,41600000,252987.0,坡道機械,20.01,2000000,,RPSPMLQKPHKGFDA58DA,89.48,9.55,11.05,有,,14.0
松山區,房地(土地+建物),市民大道四段２１１號四樓,21.1,住,,,1140622,土地1建物1車位0,四層,七層,華廈(10層含以下有電梯),住家用,670330.0,108.85,3,2,2,有,有,27100000,248966.0,,0.0,0,,RPQNMLKMPHKGFDA77DA,80.63,0.0,10.7,有,1116.0,47.0
松山區,房地(土地+建物)+車位,敦化北路４巷１９號四樓,34.86,住,,,1140619,土地1建物1車位1,四層,七層,華廈(10層含以下有電梯),住家用,741228.0,206.16,4,2,2,有,無,50660000,245731.0,坡道平面,0.0,0,後陽台部分外推陽台外推；,RPOQMLQJQHKGFDA28DA,184.76,0.0,12.86,有,,39.0
信義區,房地(土地+建物),吳興街２８４巷２４弄６８之１號,17.0,住,,,1140601,土地1建物1車位0,一層,五層,公寓(5樓含以下無電梯),住家用,670708.0,63.5,2,2,1,有,無,12300000,193701.0,,0.0,0,,RPPOMLLKQHKGFDA77DA,54.49,9.01,0.0,無,,47.0
士林區,房地(土地+建物),德行東路６之３號三樓,22.06,住,,,1140625,土地2建物1車位0,三層,七層,華廈(10層含以下有電梯),住家用,720420.0,124.82,4,2,2,有,有,28800000,230732.0,,0.0,0,,RPUOMLLKQHKGFEA38DA,85.78,0.0,19.45,有,1117.0,42.0
士林區,房地(土地+建物)+車位,環河北路三段２０３號十樓之１,26.6,住,,,1140618,土地2建物1車位1,十層,十一層,住宅大樓(11層含以上有電梯),住家用,1011008.0,171.14,2,2,2,有,有,26200000,153091.0,坡道平面,40.43,0,天井增建其他增建；,RPRNMLMKQHKGFEA08DA,77.67,6.13,6.53,有,,13.0
內湖區,房地(土地+建物),內湖路三段５９巷７弄１１號二樓,9.44,住,,,1140630,土地1建物1車位0,二層,五層,公寓(5樓含以下無電梯),住家用,680717.0,33.79,1,1,1,有,無,5700000,168689.0,,0.0,0,,RPSNMLMKQHKGFCA08EA,30.26,0.0,3.53,無,,46.0
文山區,房地(土地+建物),景華街８２巷７弄１５號三樓,19.09,住,,,1140608,土地1建物1車位0,三層,五層,公寓(5樓含以下無電梯),住家用,680806.0,79.11,2,1,1,有,無,15700000,198458.0,,0.0,0,陽台外推；其他增建；,RPPNMLMLPHKGFAA47DA,62.94,0.0,16.17,無,,46.0
文山區,房地(土地+建物)+車位,福興路１０６巷１３號十三樓,18.9,住,,,1140625,土地1建物1車位1,十三層,十三層,住宅大樓(11層含以上有電梯),住家用,990819.0,117.39,4,2,2,有,有,15850000,189900.0,坡道平面,47.08,2500000,陽台外推；其他增建；,RPROMLLKQHKGFAA67DA,45.18,3.0,2.96,有,1118.0,15.0
文山區,房地(土地+建物),福興路１０６巷１５號十三樓,19.15,住,,,1140625,土地1建物1車位0,十三層,十三層,住宅大樓(11層含以上有電梯),住家用,990819.0,71.28999999999999,4,2,2,有,有,14030000,196829.0,,0.0,0,陽台外推；其他增建；,SPROMLLKQHKGFAA77DA,45.92,3.01,2.85,有,,15.0
中山區,房地(土地+建物),北安路５９５巷２０弄９號二樓,22.7,住,,,1140614,土地1建物1車位0,二層,六層,華廈(10層含以下有電梯),住家用,730813.0,114.71,3,2,2,有,有,30000000,261529.0,,0.0,0,,RPOPMLOJQHKGFCA87DA,94.34,0.0,12.01,有,,41.0
松山區,房地(土地+建物),健康路１５巷５８號十樓,26.83,住,,,1140629,土地3建物1車位0,十層,十三層,住宅大樓(11層含以上有電梯),住家用,900320.0,121.8,2,2,1,有,有,31880000,261741.0,,0.0,0,其他增建；,RPPQMLSKPHKGFDA58DA,62.87,1.12,8.48,有,,24.0
信義區,房地(土地+建物),吳興街３６３之４號二樓,21.0,住,,,1140618,土地1建物1車位0,二層，陽臺,四層,公寓(5樓含以下無電梯),住家用,650723.0,70.46,4,0,4,有,無,15000000,212887.0,,0.0,0,陽台外推；其他增建；未登記建物；,RPPNMLOJQHKGFDA87DA,70.46,0.0,0.0,無,1123.0,49.0
北投區,房地(土地+建物),中和街４９３巷７弄３０號二樓,33.65,住,,,1140615,土地3建物1車位0,二層,四層,公寓(5樓含以下無電梯),住家用,671003.0,92.19,2,2,1,有,無,13000000,141013.0,,0.0,0,陽台外推；,RPOOMLRJPHKGFEA18DA,79.94,0.0,12.25,無,,47.0
北投區,房地(土地+建物)+車位,大度路三段１８７號十樓之１,15.54,住,,,1140628,土地3建物1車位1,十層,十四層,住宅大樓(11層含以上有電梯),住家用,910322.0,151.0,3,2,2,有,有,24100000,191727.0,坡道平面,38.34,2500000,其他增建；,RPOQMLSLPHKGFEA68DA,71.72,2.32,5.8,有,,23.0
士林區,房地(土地+建物),中社路一段１１巷４２號,184.0,住,,,1140606,土地1建物1車位0,全,一層,透天厝,住家用,640801.0,103.75,6,3,3,有,無,24000000,231325.0,,0.0,0,其他增建；,RPWNMLLMPHKGFEA58DA,103.75,0.0,0.0,無,,50.0
北投區,房地(土地+建物),西安街二段９５號三樓,30.25,住,,,1140627,土地1建物1車位0,三層,四層,公寓(5樓含以下無電梯),住家用,620509.0,73.78,4,2,1,有,無,14000000,189753.0,,0.0,0,,RPQNMLNKQHKGFEA18EA,73.78,0.0,0.0,無,,52.0
文山區,房地(土地+建物),興隆路四段９６巷４弄１２之１號三樓,30.25,住,,,1140617,土地1建物1車位0,三層，陽臺,四層,公寓(5樓含以下無電梯),住家用,650209.0,79.67,3,2,1,有,無,10000000,125518.0,,0.0,0,天井外推、陽台加窗。其他增建；,RPOQMLPJQHKGFAA87DA,79.67,0.0,0.0,無,,49.0
中山區,房地(土地+建物),龍江路１０６巷３號三樓,29.0,住,,,1140602,土地1建物1車位0,三層,五層,公寓(5樓含以下無電梯),住家用,670302.0,123.01,3,2,2,有,無,28400000,230876.0,,0.0,0,陽台外推；其他增建；,RPUNMLKLOHKGFCA87DA,102.84,0.0,20.17,無,1126.0,47.0
南港區,房地(土地+建物),研究院路二段１８４之５號三樓,26.62,住,,,1140626,土地1建物1車位0,三層,五層,公寓(5樓含以下無電梯),住家用,701231.0,101.79,3,2,2,有,無,13550000,133117.0,,0.0,0,陽台外推；,RPSNMLSLPHKGFDA68DA,79.97,0.0,14.41,無,,43.0
南港區,房地(土地+建物),昆陽街１９１巷５號四樓之１,28.75,住,,,1140628,土地1建物1車位0,四層,五層,公寓(5樓含以下無電梯),住家用,690716.0,98.31,4,1,2,有,無,20500000,208524.0,,0.0,0,陽台外推；其他增建；,RPOOMLMKQHKGFDA77DA,74.91,0.0,16.82,無,1130.0,45.0
北投區,房地(土地+建物),致遠二路９５巷３０號四樓,26.25,住,,,1140601,土地1建物1車位0,四層,四層,公寓(5樓含以下無電梯),住家用,610922.0,81.5,3,2,1,有,無,13450000,165031.0,,0.0,0,,RPSNMLPKPHKGFEA38DA,81.5,0.0,0.0,無,,53.0
大安區,房地(土地+建物),敦化南路二段２７３號五樓之１,15.79,住,,,1140601,土地5建物1車位0,五層,十二層,住宅大樓(11層含以上有電梯),住家用,750207.0,123.54,2,2,2,有,有,35500000,287356.0,,0.0,0,本件買賣總價為新台幣3550萬元整，其中拆分為：土地價款為新台幣33519918 元整，建物價款為新台幣1980082 元整。陽台外推；其他增建；,RPTNMLMLPHKGFFA38DA,85.8,0.0,17.27,有,1132.0,39.0
內湖區,房地(土地+建物)+車位,民權東路六段４６７號八樓之２,53.98,住,,,1140623,土地2建物1車位2,八層,十四層,住宅大樓(11層含以上有電梯),住家用,970916.0,300.24,4,2,2,有,有,75000000,249800.0,坡道平面,0.0,0,,RPROMLOKQHKGFCA28EA,160.85,7.78,12.07,有,,17.0
中正區,房地(土地+建物),愛國東路７４巷２５號二樓之２,11.48,住,,,1140615,土地1建物1車位0,二層,八層,華廈(10層含以下有電梯),住家用,970701.0,50.73,1,1,1,有,有,22360000,440765.0,,0.0,0,陽台外推；夾層；其他增建；,RPWNMLLLPHKGFAA08DA,21.75,5.0,2.76,有,,17.0
內湖區,房地(土地+建物),行善路２５巷８弄１號,45.84,住,,,1140629,土地1建物1車位0,一層,八層,華廈(10層含以下有電梯),住家用,860526.0,121.75,2,2,1,有,有,23200000,190554.0,,0.0,0,陽台外推；其他增建；,RPSNMLOKQHKGFCA18DA,69.9,0.0,7.64,有,,28.0
信義區,房地(土地+建物),紫雲街１８號,28.76,住,,,1140620,土地1建物1車位0,一層,七層,華廈(10層含以下有電梯),住家用,690616.0,121.18,3,2,2,有,有,21000000,173296.0,,0.0,0,其他增建；,RPXNMLMKQHKGFDA58DA,97.78,0.0,9.31,有,1136.0,45.0
信義區,房地(土地+建物),吳興街２８４巷２４弄５０號五樓,27.55,住,,,1140624,土地3建物1車位0,五層,五層,公寓(5樓含以下無電梯),住家用,690515.0,100.57,3,2,2,有,無,16300000,162076.0,,0.0,0,,RPWNMLOKQHKGFDA68DA,88.41,0.0,12.16,無,,45.0
大安區,房地(土地+建物),溫州街７４巷１２號三樓之３,18.01,住,,,1140609,土地1建物1車位0,三層,五層,公寓(5樓含以下無電梯),住家用,680109.0,54.91,2,2,1,有,有,16100000,293207.0,,0.0,0,陽台外推；其他增建；,RPXOMLSKPHKGFFA76DA,49.69,0.0,5.22,無,,46.0
萬華區,房地(土地+建物),德昌街１４號八樓,30.92,住,,,1140605,土地1建物1車位0,八層,十二層,住宅大樓(11層含以上有電梯),住家用,880409.0,123.38,3,2,2,有,有,24000000,194521.0,,0.0,0,,RPPNMLPLOHKGFBA77DA,80.22,2.43,8.29,有,,26.0
中山區,房地(土地+建物),農安街２０４巷８號,30.1,住,,,1140608,土地1建物1車位0,一層,五層,公寓(5樓含以下無電梯),住家用,721115.0,111.45,1,3,1,有,無,30000000,269179.0,,0.0,0,其他增建；,RPXPMLLKOHKGFCA38DA,90.54,11.34,0.0,無,,42.0
內湖區,房地(土地+建物)+車位,新富街１３７號十二樓,40.68,住,,,1140601,土地1建物1車位1,十二層,十三層,住宅大樓(11層含以上有電梯),住家用,1020808.0,258.96999999999997,3,2,2,有,有,69000000,305210.0,坡道平面,42.07,2800000,,RPPOMLNLOHKGFCA77DA,129.03,7.76,13.88,有,1139.0,12.0
中山區,房地(土地+建物)+車位,敬業三路１６２巷１４８號七樓,47.09,住,,,1140624,土地1建物1車位1,七層,十層,華廈(10層含以下有電梯),住家用,890628.0,155.53,3,2,2,有,有,32000000,205748.0,坡道平面,0.0,0,,RPQNMLSLPHKGFCA38DA,77.69,0.0,8.1,有,,25.0
內湖區,房地(土地+建物),康樂街６１巷７９弄２２號,24.52,住,,,1140601,土地1建物1車位0,一層,五層,公寓(5樓含以下無電梯),住家用,731019.0,78.61,3,2,2,有,無,14600000,185727.0,,0.0,0,,RPXRMLQJQHKGFCA56DA,71.68,6.93,0.0,無,,41.0
內湖區,房地(土地+建物)+車位,民權東路六段１８０巷１５２號十樓之２,24.93,住,,,1140622,土地1建物1車位1,十層,十一層,住宅大樓(11層含以上有電梯),住家用,1000221.0,173.01999999999998,2,2,2,有,有,35580000,245653.0,坡道平面,39.58,2800000,,RPVNMLPKQHKGFCA58DA,75.86,1.1,9.15,有,1140.0,14.0
北投區,房地(土地+建物)+車位,承德路七段１１０號九樓,26.35,住,,,1140613,土地1建物1車位1,九層，電梯樓梯間,十二層,住宅大樓(11層含以上有電梯),住家用,850919.0,186.56,3,2,2,有,有,34000000,182247.0,升降機械,0.0,2000000,,RPQNMLLKPHKGFEA77DA,114.63,2.49,13.68,有,,29.0
文山區,房地(土地+建物),木新路三段１５５巷４弄３號二樓,31.0,住,,,1140622,土地1建物1車位0,二層，陽臺,四層,公寓(5樓含以下無電梯),住家用,651015.0,91.64,3,2,1,有,無,16100000,175687.0,,0.0,0,陽台外推；,RPXNMLNLPHKGFAA38DA,91.64,0.0,0.0,無,,49.0
大同區,房地(土地+建物),環河北路二段６９巷１號二樓,19.4,住,,,1140627,土地1建物1車位0,二層,五層,公寓(5樓含以下無電梯),住家用,700918.0,64.07,2,1,1,有,無,12600000,196660.0,,0.0,0,陽台外推；其他增建；,RPUOMLLMPHKGFBA18DA,54.8,0.0,9.27,無,,44.0
北投區,房地(土地+建物)+車位,天母西路１１７巷５９號二樓之５,9.34,住,,,1140629,土地1建物1車位1,二層,七層,華廈(10層含以下有電梯),住家用,970818.0,48.76,1,1,1,有,有,10650000,218417.0,塔式車位,0.0,1800000,機房增建陽台外推；其他增建；,RPRNMLQKPHKGFEA38DA,19.77,0.0,4.93,有,,17.0
松山區,房地(土地+建物)+車位,三民路４３巷１５號三樓,46.58,住,,,1140625,土地1建物1車位1,三層,十二層,住宅大樓(11層含以上有電梯),住家用,931020.0,242.02999999999997,4,2,2,有,有,51000000,210718.0,坡道平面,0.0,0,,RPQOMLMKQHKGFDA97DA,116.66,2.71,11.61,有,,21.0
北投區,房地(土地+建物)+車位,大業路６３３號五樓,66.96,住,,,1140612,土地1建物2車位2,五層，電梯樓梯間,九層,華廈(10層含以下有電梯),住家用,851021.0,330.21,4,2,2,有,有,56800000,172012.0,坡道平面,0.0,5000000,陽台外推；其他增建；,RPXNMLLKQHKGFEA58DA,187.28,4.51,21.4,有,,29.0
中山區,房地(土地+建物),新生北路二段３３巷８號三樓,39.1,住,,,1140624,土地2建物1車位0,三層，陽臺,五層,公寓(5樓含以下無電梯),住家用,620709.0,138.8,3,2,2,有,無,28180000,203026.0,,0.0,0,陽台外推；其他增建；,RPXOMLRJPHKGFCA88DA,138.8,0.0,0.0,無,1148.0,52.0
中山區,房地(土地+建物)+車位,敬業三路１６２巷５３號七樓,47.09,住,,,1140612,土地1建物1車位1,七層,十層,華廈(10層含以下有電梯),住家用,890628.0,155.72,3,2,2,有,有,31800000,204213.0,坡道平面,0.0,0,陽台外推；,RPWOMLLLPHKGFCA38DA,77.88,0.0,8.1,有,,25.0
中山區,房地(土地+建物),建國北路一段２９號五樓之２,4.13,住,,,1140618,土地1建物1車位0,五層,十四層,住宅大樓(11層含以上有電梯),住家用,930416.0,39.38,10,0,1,有,有,10000000,253936.0,,0.0,0,,RPPNMLSKQHKGFCA28DA,22.8,0.56,4.9,有,,21.0
內湖區,房地(土地+建物),東湖路４３巷２６弄５號,33.56,住,,,1140613,土地1建物1車位0,一層,七層,華廈(10層含以下有電梯),住家用,831018.0,128.15,3,2,2,有,無,28800000,224737.0,,0.0,0,,RPPPMLKLQHKGFCA77DA,97.9,12.97,0.0,有,,31.0
信義區,房地(土地+建物),松仁路３０６號二樓,27.36,住,,,1140608,土地1建物1車位0,二層,五層,公寓(5樓含以下無電梯),住家用,750311.0,116.54,3,1,1,有,無,19600000,168183.0,,0.0,0,陽台外推；,RPROMLRKOHKGFDA38DA,85.83,0.0,8.78,無,,39.0
松山區,房地(土地+建物),南京東路四段５３巷８弄２９號七樓,12.06,住,,,1140618,土地2建物1車位0,七層,七層,華廈(10層含以下有電梯),住家用,670202.0,61.07,1,2,1,有,有,18480000,302604.0,,0.0,0,頂樓加蓋；,RPWNMLTKQHKGFDA56DA,44.73,0.0,3.55,有,,47.0
中正區,房地(土地+建物)+車位,重慶南路三段４１號十六樓,47.43,住,,,1140624,土地2建物1車位2,十六層,二十一層,住宅大樓(11層含以上有電梯),住家用,1100915.0,302.26,3,2,2,有,有,109630000,457123.0,坡道平面,77.2,6750000,,RPUNMLKMPHKGFAA87DA,122.05,10.27,14.84,有,,4.0
中正區,房地(土地+建物)+車位,重慶南路三段４３號十六樓,43.72,住,,,1140624,土地2建物1車位1,十六層,二十一層,住宅大樓(11層含以上有電梯),住家用,1100915.0,248.62,3,2,2,有,有,99250000,456911.0,坡道平面,39.17,3550000,,SPUNMLKMPHKGFAA97DA,117.26,8.26,11.44,有,,4.0
內湖區,房地(土地+建物),成功路二段４２６巷６０之１號三樓,31.43,住,,,1140604,土地1建物1車位0,三層,五層,公寓(5樓含以下無電梯),住家用,760817.0,117.28,3,2,2,有,無,20800000,177353.0,,0.0,0,陽台外推；其他增建；,RPOQMLTJPHKGFCA38DA,98.64,0.0,9.54,無,1153.0,38.0
松山區,房地(土地+建物),南京東路四段１５８巷９號六樓之２,9.59,住,,,1140608,土地1建物1車位0,六層,十層,華廈(10層含以下有電梯),住家用,1131206.0,51.85,1,2,1,有,有,22280000,429701.0,,0.0,0,,RPRNMLLJQHKGFDA77DA,30.1,0.0,2.67,有,,1.0
信義區,房地(土地+建物),信義路五段１５０巷４９９號九樓之５,11.14,住,,,1140623,土地1建物1車位0,九層,十六層,住宅大樓(11層含以上有電梯),住家用,851209.0,54.47,1,1,1,有,有,11200000,205618.0,,0.0,0,陽台外推；,RPSNMLOJQHKGFDA18DA,30.59,1.35,4.67,有,,29.0
北投區,房地(土地+建物)+車位,清江路１７７巷２０號十樓,28.24,住,,,1140601,土地1建物1車位1,十層,十層,華廈(10層含以下有電梯),住家用,901113.0,148.4,3,2,2,有,有,32500000,261370.0,坡道平面,33.62,2500000,陽台外推；其他增建；,RPVOMLSKPHKGFEA09DA,71.64,3.14,7.97,有,1154.0,24.0
士林區,房地(土地+建物)+車位,中山北路七段１１４巷４１弄１１之２號二樓,29.26,住,,,1140603,土地1建物1車位1,二層,六層,華廈(10層含以下有電梯),住家用,770112.0,149.51,3,2,2,有,有,21500000,153558.0,坡道機械,21.22,1800000,陽台外推；,RPPNMLOKQHKGFEA08DA,111.68,0.0,15.33,有,,37.0
內湖區,房地(土地+建物)+車位,康寧路三段１８９巷９３弄１７號,36.64,住,,,1140629,土地2建物1車位1,一層,八層,華廈(10層含以下有電梯),住家用,840612.0,137.01,3,2,2,有,有,29500000,215313.0,坡道平面,0.0,0,其他增建；,RPUNMLRJQHKGFCA58DA,90.14,9.27,0.0,有,,30.0
中山區,房地(土地+建物)+車位,建國北路二段１７８號七樓,33.93,住,,,1140602,土地2建物1車位2,七層,十五層,住宅大樓(11層含以上有電梯),住家用,981008.0,314.5,2,2,2,有,有,91000000,339847.0,坡道平面,67.32,7000000,陽台外推；其他增建；,RPVNMLOKQHKGFCA48DA,138.76,13.97,10.31,有,,16.0
內湖區,房地(土地+建物),港墘路１６３號三樓,32.54,住,,,1140611,土地1建物1車位0,三層,五層,公寓(5樓含以下無電梯),住家用,690912.0,109.91,3,3,2,有,無,21280000,193613.0,,0.0,0,,RPRNMLPLQHKGFCA28DA,96.92,0.0,12.99,無,,45.0
信義區,房地(土地+建物),光復南路４１７巷４６號四樓,28.75,住,,,1140614,土地1建物1車位0,四層,五層,公寓(5樓含以下無電梯),住家用,690204.0,114.37,5,0,5,有,無,27880000,243770.0,,0.0,0,陽台外推；其他增建；,RPWNMLSJQHKGFDA98DA,87.42,0.0,26.95,無,1157.0,45.0
南港區,房地(土地+建物),東新街１３巷１３號四樓,30.48,住,,,1140607,土地2建物1車位0,四層,九層,華廈(10層含以下有電梯),住家用,811006.0,127.46,3,2,2,有,有,27500000,215754.0,,0.0,0,其他增建；,RPRNMLNKQHKGFDA08DA,110.14,0.0,10.61,有,,33.0
士林區,房地(土地+建物),天母北路８７巷１３號二樓,23.4,住,,,1140614,土地4建物1車位0,二層,七層,華廈(10層含以下有電梯),住家用,770115.0,124.72,3,2,2,有,有,26500000,212476.0,,0.0,0,陽台外推；,RPUNMLPLOHKGFEA58DA,103.22,0.0,12.65,有,,37.0
士林區,房地(土地+建物),忠義街１３１號二樓,24.2,住,,,1140629,土地1建物1車位0,二層,五層,公寓(5樓含以下無電梯),住家用,651104.0,89.46,3,2,1,有,無,19000000,212385.0,,0.0,0,其他增建；,RPQNMLKMPHKGFEA87DA,86.49,0.0,2.97,無,1160.0,49.0
大安區,房地(土地+建物),富陽街１４５號三樓,22.74,住,,,1140607,土地1建物1車位0,三層,五層,公寓(5樓含以下無電梯),住家用,720125.0,85.42,3,2,2,有,無,18200000,213065.0,,0.0,0,陽台外推；其他增建；,RPSPMLLKOHKGFFA18DA,73.46,0.0,11.96,無,,42.0
文山區,房地(土地+建物),木新路三段５０巷１８號四樓,21.32,住,,,1140624,土地1建物1車位0,四層,五層,公寓(5樓含以下無電梯),住家用,711215.0,88.58,3,2,1,有,無,12880000,145405.0,,0.0,0,,RPQNMLPLQHKGFAA08EA,66.2,0.0,13.03,無,,43.0
文山區,房地(土地+建物),羅斯福路五段９７巷１７之２號三樓,27.0,住,,,1140620,土地1建物1車位0,三層，陽臺,四層,公寓(5樓含以下無電梯),住家用,630820.0,75.72,2,2,1,有,無,15200000,200740.0,,0.0,0,陽台外推；其他增建；,RPSOMLRKPHKGFAA28DA,75.72,0.0,0.0,無,1163.0,51.0
內湖區,房地(土地+建物),康寧路三段７５巷２４０號,118.76,住,,,1140601,土地1建物1車位0,全,四層,透天厝,住家用,750122.0,244.14,5,2,4,有,有,38300000,156877.0,,0.0,0,陽台外推；其他增建；,RPQNMLKMPHKGFCA67DA,167.86,63.54,11.72,無,,39.0
中山區,房地(土地+建物),吉林路４０７巷１２號四樓,30.25,住,,,1140616,土地1建物1車位0,四層，陽臺,四層,公寓(5樓含以下無電梯),住家用,610918.0,83.47,4,3,2,有,無,17000000,203666.0,,0.0,0,陽台外推；頂樓加蓋；,RPQOMLPLQHKGFCA28DA,83.47,0.0,0.0,無,,53.0
大安區,房地(土地+建物),通化街３９巷６１弄１４號四樓,21.6,住,,,1140617,土地1建物1車位0,四層,五層,華廈(10層含以下有電梯),住家用,810702.0,76.59,2,1,1,有,無,20500000,267659.0,,0.0,0,陽台外推；其他增建；,RPRNMLPLQHKGFFA58DA,61.7,1.55,5.95,有,,33.0
萬華區,房地(土地+建物),環河南路二段６２巷１弄４號三樓,15.57,住,,,1140605,土地1建物1車位0,三層,五層,公寓(5樓含以下無電梯),住家用,720929.0,67.93,2,2,1,有,無,11320000,166642.0,,0.0,0,,RPXNMLMLQHKGFBA48DA,52.61,0.0,9.34,無,,42.0
中山區,房地(土地+建物),民族東路５１２巷６號三樓,23.25,住,,,1140630,土地1建物1車位0,三層,四層,公寓(5樓含以下無電梯),住家用,651115.0,65.28,2,2,1,有,無,9700000,148591.0,,0.0,0,,RPOOMLPKQHKGFCA97DA,56.83,0.0,8.45,無,,49.0
內湖區,房地(土地+建物),康寧路三段７０巷１５３號三樓,48.84,住,,,1140608,土地1建物1車位0,三層,五層,公寓(5樓含以下無電梯),住家用,781229.0,135.35,3,2,2,有,無,25350000,187292.0,,0.0,0,,RPPNMLRLQHKGFCA28DA,117.51,0.0,12.67,無,,35.0
北投區,房地(土地+建物),公路２３１巷２７弄３號二樓,44.3,住,,,1140605,土地1建物1車位0,二層,五層,公寓(5樓含以下無電梯),住家用,771116.0,128.97,4,2,2,有,無,16800000,130263.0,,0.0,0,,RPUOMLRJQHKGFEA88DA,115.93,0.0,8.84,無,,37.0
大安區,建物,杭州南路二段６１巷３８號四樓之５,0.0,,,,1140604,土地0建物1車位0,四層,八層,華廈(10層含以下有電梯),住家用,1130301.0,48.32,1,1,1,有,有,17800000,368377.0,,0.0,0,建物坐落地號：金華段四小段133地號；地上權房屋；,RPVNMLKLOHKGFFA28DA,28.39,0.0,2.3,有,1165.0,1.0
萬華區,房地(土地+建物),和平西路三段３８２巷１２弄５０號二樓,17.27,住,,,1140619,土地2建物1車位0,二層,五層,公寓(5樓含以下無電梯),住家用,650709.0,51.35,2,1,1,有,無,9000000,175268.0,,0.0,0,陽台外推；其他增建；含租約；,RPQQMLTKQHKGFBA68DA,48.65,0.0,2.7,無,1166.0,49.0
萬華區,房地(土地+建物),青年路３０巷６號二樓之３,22.05,住,,,1140629,土地1建物1車位0,二層,十二層,住宅大樓(11層含以上有電梯),住家用,760316.0,104.73,3,2,2,有,有,19200000,183329.0,,0.0,0,其他增建；,RPRNMLKLQHKGFBA67DA,70.63,0.0,10.72,有,,38.0
中山區,房地(土地+建物),復興北路４４８號三樓之２,9.23,住,,,1140628,土地2建物1車位0,三層,十二層,住宅大樓(11層含以上有電梯),住家用,971015.0,53.97,1,1,1,有,有,16480000,305355.0,,0.0,0,增建項目：夾層增建其他增建；,RPUOMLTKQHKGFCA98DA,32.65,1.47,1.8,有,1167.0,17.0
內湖區,房地(土地+建物)+車位,行善路１９１號二樓,28.6,住,,,1140630,土地2建物1車位1,二層,十五層,住宅大樓(11層含以上有電梯),住家用,1101125.0,176.72,3,2,2,有,有,50500000,327835.0,坡道平面,31.83,3000000,,RPUOMLPLQHKGFCA68DA,88.61,0.0,7.47,有,1168.0,4.0
中山區,房地(土地+建物),民族東路５１２巷４號二樓,25.0,住,,,1140630,土地1建物1車位0,二層,四層,公寓(5樓含以下無電梯),住家用,651115.0,67.56,2,2,1,有,無,10400000,153937.0,,0.0,0,,RPWNMLRLQHKGFCA98DA,58.92,0.0,8.64,無,,49.0
大安區,房地(土地+建物),延吉街６２巷５號二樓,34.62,住,,,1140626,土地1建物1車位0,二層，陽臺,四層,公寓(5樓含以下無電梯),住家用,630828.0,106.94,3,2,2,有,無,27420000,256405.0,,0.0,0,陽台外推；其他增建；,RPQNMLMLQHKGFFA18DA,106.94,0.0,0.0,無,,51.0
北投區,房地(土地+建物)+車位,知行路２５９號六樓,13.74,住,,,1140615,土地1建物1車位1,六層,十層,華廈(10層含以下有電梯),住家用,1000722.0,88.80000000000001,2,1,1,有,有,16980000,221469.0,塔式車位,18.0,1300000,雨遮增建陽台外推；夾層；其他增建；,RPTNMLTLQHKGFEA56EA,36.75,6.05,4.3,有,1170.0,14.0
士林區,房地(土地+建物),忠誠路一段１１３號四樓,19.25,住,,,1140628,土地1建物1車位0,四層,十二層,住宅大樓(11層含以上有電梯),住家用,781226.0,122.75,3,2,2,有,有,30000000,244399.0,,0.0,0,其他增建；,RPSOMLOJQHKGFEA38DA,97.48,0.56,11.29,有,,36.0
文山區,房地(土地+建物),萬慶街２２之３號四樓,35.19,住,,,1140627,土地2建物1車位0,四層，陽臺,四層,公寓(5樓含以下無電梯),住家用,630823.0,90.5,3,2,1,有,無,17170000,189724.0,,0.0,0,其他增建；,RPQNMLLKPHKGFAA37DA,90.5,0.0,0.0,無,1174.0,51.0
文山區,房地(土地+建物)+車位,新光路一段６５巷３２號三樓,49.65,住,,,1140623,土地1建物1車位1,三層,十一層,住宅大樓(11層含以上有電梯),住家用,821020.0,220.25,4,2,2,有,有,33200000,150738.0,坡道平面,0.0,0,其他增建；,RPTOMLTLQHKGFAA78DA,120.84,0.0,15.28,有,1175.0,32.0
內湖區,房地(土地+建物)+車位,民權東路六段１８０巷７３號三樓,51.78,住,,,1140624,土地1建物1車位1,三層,五層,華廈(10層含以下有電梯),住家用,1060329.0,113.61,2,2,1,有,有,28500000,247176.0,坡道機械,5.59,1800000,其他增建；,RPVNMLLJRHKGFCA18DA,52.94,1.63,5.74,有,1177.0,8.0
大安區,房地(土地+建物),信義路四段５３巷１６號五樓之５,8.15,住,,,1140615,土地1建物1車位0,五層,七層,華廈(10層含以下有電梯),住家用,951225.0,38.370000000000005,1,1,1,有,有,17850000,465207.0,,0.0,0,陽台外推；,RPQNMLOKQHKGFFA28DA,22.37,0.0,1.89,有,1178.0,18.0
松山區,房地(土地+建物),光復南路３３巷７之１號六樓,28.28,住,,,1140606,土地1建物1車位0,六層,七層,華廈(10層含以下有電梯),住家用,761223.0,144.63,3,2,2,有,有,28000000,193597.0,,0.0,0,,RPRNMLMLQHKGFDA18EA,97.16,0.0,16.56,有,,37.0
中正區,房地(土地+建物)+車位,愛國東路８８號十二樓之１,24.37,住,,,1140624,土地2建物1車位1,十二層,十三層,住宅大樓(11層含以上有電梯),住家用,1101013.0,220.73,1,2,2,有,有,98000000,510363.0,坡道平面,34.98,3200000,本案總價為新台幣9800萬元整，並同意拆算土地、主建物及車位價格如下：土地交易總價為新台幣6636萬元整，建物交易總價為新台幣2844萬元整，車位交易總價為新台幣320萬元整,RPVNMLMJRHKGFAA08DA,109.14,5.16,10.18,有,,4.0
萬華區,房地(土地+建物),雙園街６０巷６４號三樓,23.0,住,,,1140622,土地1建物2車位0,三層,四層,公寓(5樓含以下無電梯),住家用,550507.0,67.43,2,2,2,有,無,9580000,142073.0,,0.0,0,其他增建；,RPTNMLTLQHKGFBA78DA,67.43,0.0,0.0,無,,59.0
萬華區,房地(土地+建物),國興路１巷４號,14.47,住,,,1140604,土地1建物1車位0,一層,十二層,住宅大樓(11層含以上有電梯),住家用,710702.0,54.26,2,1,1,有,有,12500000,230372.0,,0.0,0,,RPQNMLNJRHKGFBA77DA,38.02,2.99,0.0,有,,43.0
北投區,房地(土地+建物),大業路３８８號八樓,7.53,住,,,1140630,土地1建物1車位0,八層,十五層,住宅大樓(11層含以上有電梯),住家用,1131231.0,67.12,2,1,1,有,有,21500000,320322.0,,0.0,0,,RPSNMLLMPHKGFEA18DA,37.75,0.0,6.56,有,,1.0
士林區,房地(土地+建物),前街２１巷３０號四樓,29.1,住,,,1140607,土地3建物1車位0,四層,四層,公寓(5樓含以下無電梯),住家用,680712.0,79.01,4,3,3,有,無,16880000,213644.0,,0.0,0,陽台外推；頂樓加蓋；其他增建；,RPWNMLMLQHKGFEA68DA,60.1,0.0,18.91,無,,46.0
中正區,房地(土地+建物),水源路１６９號二樓之３,12.27,住,,,1140603,土地1建物1車位0,二層,八層,華廈(10層含以下有電梯),住家用,801217.0,67.84,2,2,1,有,有,15500000,228479.0,,0.0,0,其他增建；,RPRNMLRLOHKGFAA08DA,47.83,1.86,11.56,有,1182.0,33.0
文山區,房地(土地+建物)+車位,福興路９５巷１７之５號三樓,28.45,住,,,1140614,土地1建物1車位2,三層,十層,華廈(10層含以下有電梯),住家用,961121.0,136.36,3,2,2,有,有,22800000,200852.0,坡道機械,37.78,3000000,陽台外推；其他增建；,RPSOMLLJPHKGFAA57DA,65.08,2.46,6.89,有,1183.0,18.0
文山區,房地(土地+建物),木柵路一段３３５巷１１弄１１之２號四樓,30.83,住,,,1140622,土地3建物1車位0,四層,四層,公寓(5樓含以下無電梯),住家用,660908.0,98.81,3,2,2,有,無,12980000,131363.0,,0.0,0,陽台外推；,RPRNMLTLPHKGFAA38DA,86.89,0.0,11.92,無,,48.0
內湖區,房地(土地+建物)+車位,大湖山莊街１７７巷２１號,96.67,住,,,1140609,土地1建物1車位1,一層，二層，地下層,五層,公寓(5樓含以下無電梯),住家用,771011.0,255.7,5,2,4,有,無,36800000,143919.0,坡道平面,0.0,0,陽台外推；其他增建；,RPQNMLLKQHKGFCA67DA,193.63,11.68,8.72,無,,37.0
內湖區,房地(土地+建物),內湖路一段２８５巷６５弄４３號四樓,25.19,住,,,1140621,土地1建物1車位0,四層,四層,公寓(5樓含以下無電梯),住家用,661201.0,69.54,2,1,1,有,無,13180000,189531.0,,0.0,0,陽台外推；,RPOOMLTLQHKGFCA48DA,61.79,0.0,7.75,無,,48.0
北投區,房地(土地+建物),吉利街３６１號五樓,16.1,住,,,1140620,土地1建物1車位0,五層,九層,華廈(10層含以下有電梯),住家用,1030605.0,80.38,3,2,2,有,有,22000000,273700.0,,0.0,0,陽台外推；夾層；,RPPNMLPLOHKGFEA08DA,41.72,2.17,4.74,有,1186.0,11.0
士林區,房地(土地+建物),中社路二段１３５號,97.44,住,,,1140624,土地1建物1車位0,一層,四層,公寓(5樓含以下無電梯),住家用,650103.0,103.75,3,2,2,有,無,18600000,179277.0,,0.0,0,,RPQPMLQLQHKGFEA68DA,103.75,0.0,0.0,無,,49.0
大安區,房地(土地+建物),潮州街２６巷１８號二樓,18.01,住,,,1140601,土地1建物1車位0,二層,五層,華廈(10層含以下有電梯),住家用,961231.0,71.97,2,1,1,有,無,23700000,329304.0,,0.0,0,陽台外推；其他增建；,RPQNMLLKQHKGFFA97DA,34.62,0.0,7.41,有,1187.0,17.0
大安區,房地(土地+建物),敦化南路一段１９２號七樓之１,18.96,住,,,1140619,土地1建物1車位0,七層，八層,十四層,住宅大樓(11層含以上有電梯),住家用,670824.0,226.49,4,2,3,有,有,71080000,313833.0,,0.0,0,其他增建；,RPTNMLPKQHKGFFA68DA,157.15,0.0,33.95,有,,47.0
士林區,房地(土地+建物),忠誠路二段５８號三樓,30.22,住,,,1140620,土地1建物1車位0,三層,七層,華廈(10層含以下有電梯),住家用,761015.0,153.23000000000002,3,2,1,有,有,41880000,273315.0,,0.0,0,陽台外推；,RPTNMLNJRHKGFEA48EA,114.65,0.0,15.43,有,,38.0
文山區,房地(土地+建物),指南路二段２２１號二樓之１,16.77,住,,,1140623,土地1建物1車位0,二層,四層,華廈(10層含以下有電梯),住家用,1101202.0,37.08,1,0,1,有,有,9000000,242718.0,,0.0,0,,RPQNMLPLQHKGFAA97DA,18.82,2.9,2.22,有,1188.0,4.0
大同區,房地(土地+建物)+車位,敦煌路８０巷１號十二樓之１,27.24,住,,,1140621,土地2建物1車位1,十二層,十二層,住宅大樓(11層含以上有電梯),住家用,960831.0,122.56,2,2,1,有,有,27500000,224380.0,坡道平面,35.94,0,,RPXOMLNKQHKGFBA58DA,58.28,0.76,6.03,有,1189.0,18.0
中山區,房地(土地+建物),建國北路一段１５０號三樓之７,4.23,住,,,1140607,土地1建物1車位0,三層,十三層,住宅大樓(11層含以上有電梯),住家用,990318.0,32.57,1,1,1,有,有,11550000,354621.0,,0.0,0,陽台外推；夾層；其他增建；,RPTNMLOKQHKGFCA28DA,17.13,0.86,3.54,有,1190.0,15.0
中山區,房地(土地+建物)+車位,敬業三路１６２巷９５號六樓,47.09,住,,,1140623,土地1建物1車位1,六層,十層,華廈(10層含以下有電梯),住家用,890628.0,155.01,3,2,2,有,有,32000000,206438.0,坡道平面,0.0,0,陽台外推；其他增建；,RPUOMLSKQHKGFCA88DA,77.17,0.0,8.1,有,,25.0
內湖區,房地(土地+建物),陽光街９２巷１８弄１５號四樓,19.91,住,,,1140613,土地1建物1車位0,四層,五層,公寓(5樓含以下無電梯),住家用,711224.0,65.84,2,2,1,有,無,14300000,217193.0,,0.0,0,陽台外推；,RPOPMLKLQHKGFCA67DA,55.95,0.0,9.89,無,,42.0
內湖區,房地(土地+建物)+車位,大湖山莊街１６８巷２０號,38.92,住,,,1140630,土地1建物1車位1,一層,四層,華廈(10層含以下有電梯),住家用,850823.0,102.62,3,2,2,有,有,23000000,224128.0,坡道機械,0.0,0,夾層；其他增建；,RPUOMLMLQHKGFCA38DA,53.29,9.72,0.0,有,1192.0,29.0
松山區,房地(土地+建物),延吉街３０巷１號四樓,25.05,住,,,1140621,土地1建物1車位0,四層,七層,華廈(10層含以下有電梯),住家用,661228.0,123.7,3,2,2,有,有,32880000,265804.0,,0.0,0,其他增建；,RPOOMLSKPHKGFDA28DA,95.4,0.0,10.75,有,1194.0,47.0
文山區,房地(土地+建物)+車位,景興路１５３巷１５號七樓之２,17.57,住,,,1140629,土地1建物1車位1,七層,十二層,住宅大樓(11層含以上有電梯),住家用,830317.0,89.53999999999999,1,1,1,有,有,17000000,223195.0,坡道機械,18.75,1200000,陽台外推；其他增建；,RPUNMLSKQHKGFAA58DA,45.2,2.34,4.51,有,,31.0
北投區,房地(土地+建物),杏林三路８１號,53.5,,,,1140621,土地2建物1車位0,一層,二層,公寓(5樓含以下無電梯),住家用,600330.0,59.0,4,2,2,有,無,12000000,203390.0,,0.0,0,其他增建；,RPTNMLOJRHKGFEA48DA,59.0,0.0,0.0,無,,54.0
萬華區,房地(土地+建物),環河南路二段１９８巷１７號二樓,26.67,住,,,1140609,土地1建物1車位0,二層,三層,公寓(5樓含以下無電梯),住家用,571105.0,55.97,2,1,1,有,無,8580000,153296.0,,0.0,0,陽台外推；,RPUOMLLKOHKGFBA87DA,55.97,0.0,0.0,無,,57.0
大同區,房地(土地+建物),伊寧街５５之１號三樓,30.43,住,,,1140621,土地1建物1車位0,三層,五層,公寓(5樓含以下無電梯),住家用,750509.0,114.52,3,2,2,有,無,22000000,192106.0,,0.0,0,陽台外推；其他增建；,RPQNMLKLQHKGFBA57DA,95.47,0.0,10.31,無,,39.0
中山區,房地(土地+建物)+車位,新生北路二段１５巷６號六樓,32.55,住,,,1140630,土地2建物1車位3,六層,七層,華廈(10層含以下有電梯),住家用,1001014.0,228.56,3,2,2,有,有,43000000,214133.0,其他,55.77,6000000,,RPVNMLRJQHKGFCA68DA,69.57,3.52,19.59,有,,14.0
北投區,房地(土地+建物),文林北路８０巷９０弄３１號二樓,40.75,住,,,1140620,土地1建物1車位0,二層，陽臺,四層,公寓(5樓含以下無電梯),住家用,650211.0,93.01,3,2,1,有,無,19390000,208472.0,,0.0,0,陽台凸窗加蓋。陽台外推；其他增建；,RPPNMLKMQHKGFEA87DA,93.01,0.0,0.0,無,,49.0
大安區,房地(土地+建物),敦化南路一段２８３號七樓之２,20.98,住,,,1140624,土地2建物1車位0,七層,十四層,住宅大樓(11層含以上有電梯),住家用,701214.0,192.28,4,2,3,有,有,66880000,347826.0,,0.0,0,陽台外推；其他增建；,RPQOMLNKQHKGFFA28DA,144.91,0.0,16.46,有,,44.0
內湖區,房地(土地+建物),金湖路５７號,17.3,住,,,1140505,土地3建物1車位0,一層,五層,公寓(5樓含以下無電梯),住家用,701224.0,108.4,0,0,0,無,無,33800000,311808.0,,0.0,0,平台外推部分法定空地增建.陽台外推；其他增建；,RPPNMLPJOHKGFCA67DA,80.32,12.33,0.0,無,,43.0
內湖區,房地(土地+建物),五分街５１號四樓,26.7,住,,,1140517,土地1建物1車位0,四層,五層,公寓(5樓含以下無電梯),住家用,700714.0,98.24,2,2,1,有,無,14300000,145562.0,,0.0,0,陽台外推；,RPROMLQJOHKGFCA08DA,84.77,0.0,13.47,無,,44.0
松山區,房地(土地+建物)+車位,寶清街１０３之１１號六樓,18.31,住,,,1140519,土地1建物1車位1,六層,十三層,住宅大樓(11層含以上有電梯),住家用,1061124.0,133.64,2,2,2,有,有,38000000,320836.0,坡道平面,24.55,3000000,,RPWNMLPJOHKGFDA48DA,58.81,7.48,5.93,有,1204.0,7.0
士林區,房地(土地+建物),芝玉路一段１９７巷２７號二樓,27.88,住,,,1140510,土地1建物1車位0,二層,五層,公寓(5樓含以下無電梯),住家用,750220.0,113.57,3,2,2,有,無,21300000,187550.0,,0.0,0,其他增建；,RPPNMLTKNHKGFEA28DA,100.89,0.0,8.88,無,,39.0
北投區,房地(土地+建物),中和街３９８巷５弄１號三樓之４,15.43,住,,,1140519,土地5建物1車位0,三層,六層,華廈(10層含以下有電梯),住家用,840708.0,38.2,1,0,1,有,有,5250000,137435.0,,0.0,0,陽台外推；,RPSNMLNJOHKGFEA97DA,23.58,1.1,3.31,有,1206.0,30.0
文山區,房地(土地+建物),政大三街３５號四樓之３,21.38,住,,,1140516,土地1建物1車位0,四層,五層,華廈(10層含以下有電梯),住家用,950724.0,45.78,1,1,1,有,有,10830000,236566.0,,0.0,0,陽台外推；夾層；,RPSNMLKKOHKGFAA37DA,26.52,0.0,6.38,有,1216.0,19.0
大同區,房地(土地+建物),赤峰街９號四樓,25.25,住,,,1140514,土地1建物1車位0,四層,四層,公寓(5樓含以下無電梯),住家用,571227.0,49.22,3,2,1,有,無,10000000,203169.0,,0.0,0,,RPVNMLTJOHKGFBA58DA,49.22,0.0,0.0,無,1217.0,56.0
內湖區,房地(土地+建物),金湖路１４巷１６號三樓,27.0,住,,,1140515,土地2建物1車位0,三層,四層,公寓(5樓含以下無電梯),住家用,670725.0,72.91000000000001,2,1,1,有,無,12880000,176656.0,,0.0,0,,RPOPMLTJOHKGFCA18DA,63.06,0.0,6.12,無,1220.0,47.0
信義區,房地(土地+建物)+車位,逸仙路３６號九樓,26.5,住,,,1140516,土地2建物1車位1,九層,十二層,住宅大樓(11層含以上有電梯),住家用,740130.0,287.97,3,1,2,有,有,100000000,347270.0,坡道平面,0.0,0,,RPQOMLTJOHKGFDA38DA,188.12,0.0,28.19,有,1222.0,40.0
北投區,房地(土地+建物),石牌路二段３６３號三樓之３,12.38,住,,,1140504,土地1建物1車位0,三層,十四層,住宅大樓(11層含以上有電梯),住家用,1140107.0,62.64,1,1,1,有,有,18900000,301724.0,,0.0,0,含裝潢費1000000元；,RPXNMLNLNHKGFEA58DA,36.41,0.0,3.61,有,,
北投區,房地(土地+建物),石牌路二段３６３號四樓之３,12.38,住,,,1140517,土地1建物1車位0,四層,十四層,住宅大樓(11層含以上有電梯),住家用,1140107.0,62.64,2,1,1,有,有,17750000,283365.0,,0.0,0,,RPOOMLNLNHKGFEA77DA,36.41,0.0,3.61,有,,
大安區,房地(土地+建物)+車位,敦化南路二段９８號十一樓,11.48,住,,,1140510,土地1建物1車位1,十一層,二十六層,住宅大樓(11層含以上有電梯),住家用,741204.0,242.78,3,2,2,有,有,69880000,352980.0,坡道平面,60.39,5500000,陽台外推；其他增建；,RPUOMLQLNHKGFFA78DA,133.64,0.0,20.44,有,,39.0
松山區,房地(土地+建物)+車位,寶清街１０１巷２８號二樓,37.72,住,,,1140512,土地2建物1車位1,二層,六層,華廈(10層含以下有電梯),住家用,880224.0,135.94,4,2,2,有,無,27960000,205679.0,其他,0.0,0,,RPPNMLLKOHKGFDA57EA,60.73,0.0,8.17,有,,26.0
萬華區,房地(土地+建物),國興路４４號九樓,12.4,住,,,1140513,土地1建物1車位0,九層,十二層,住宅大樓(11層含以上有電梯),住家用,680403.0,46.08,1,1,1,有,有,11000000,238715.0,,0.0,0,,RPWNMLKKOHKGFBA87DA,38.94,0.0,7.14,有,1226.0,46.0
萬華區,房地(土地+建物),和平西路三段３８２巷２弄１３號二樓,30.75,住,,,1140518,土地1建物1車位0,二層,四層,公寓(5樓含以下無電梯),住家用,650619.0,90.67,3,2,1,有,無,12500000,137863.0,,0.0,0,陽台外推；其他增建；,RPQOMLKKOHKGFBA37DA,74.31,0.0,16.36,無,,49.0
中山區,房地(土地+建物),安東街１９號六樓,6.33,住,,,1140521,土地1建物1車位0,六層,七層,華廈(10層含以下有電梯),住家用,700905.0,31.07,1,1,1,有,有,9400000,302543.0,,0.0,0,鐵鋁窗陽台外推；未登記建物；,RPUOMLKKOHKGFCA87DA,19.77,0.0,3.54,有,1227.0,44.0
內湖區,房地(土地+建物),內湖路一段９１巷１６６號三樓,13.89,住,,,1140521,土地1建物1車位0,三層,六層,華廈(10層含以下有電梯),住家用,1130801.0,51.41,1,1,1,有,有,14480000,281657.0,,0.0,0,,RPVOMLKKOHKGFCA97DA,28.51,0.0,2.92,有,,1.0
信義區,房地(土地+建物),吳興街２２０巷１１弄３號六樓,26.53,住,,,1140502,土地1建物1車位0,六層,七層,華廈(10層含以下有電梯),住家用,820818.0,138.5,3,2,2,有,有,32700000,236101.0,,0.0,0,其他增建；,RPUNMLOKNHKGFDA18DA,110.67,2.35,16.49,有,,32.0
北投區,房地(土地+建物)+車位,稻香路２２５號五樓,47.96,住,,,1140519,土地1建物1車位1,五層,五層,華廈(10層含以下有電梯),住家用,1101015.0,124.17000000000002,2,2,1,有,有,20000000,216164.0,坡道平面,40.9,2000000,,RPPNMLQLNHKGFEA08DA,45.6,3.7,4.94,有,1228.0,4.0
北投區,房地(土地+建物),吉利街２８０巷２７弄２５號四樓,34.9,住,,,1140517,土地6建物1車位0,四層,五層,公寓(5樓含以下無電梯),住家用,680802.0,115.2,3,2,2,有,無,17250000,149740.0,,0.0,0,陽台外推；其他增建；,RPPNMLLKOHKGFEA57DA,100.01,0.0,15.19,無,,46.0
中山區,房地(土地+建物)+車位,松江路３８巷２１號十樓,39.73,住,,,1140520,土地2建物1車位2,十層,十二層,住宅大樓(11層含以上有電梯),住家用,1080104.0,270.72,3,2,2,有,有,84830000,369043.0,坡道平面,61.72,7700000,,RPPNMLKLNHKGFCA27DA,112.44,11.57,12.04,有,,6.0
中山區,房地(土地+建物),龍江路４１５巷１１號四樓,25.44,住,,,1140501,土地1建物1車位0,四層,五層,公寓(5樓含以下無電梯),住家用,720830.0,93.5,3,2,2,有,無,19100000,204278.0,,0.0,0,陽台外推；,RPUPMLQJOHKGFCA48DA,78.8,0.0,14.7,無,1233.0,42.0
松山區,房地(土地+建物),復興北路４９９巷５弄１號五樓,31.93,住,,,1140510,土地1建物1車位0,五層,五層,公寓(5樓含以下無電梯),住家用,690922.0,99.25,3,2,1,有,無,19000000,191436.0,,0.0,0,其他增建；,RPQOMLRLNHKGFDA28DA,87.69,0.0,11.56,無,,45.0
南港區,房地(土地+建物)+車位,經貿二路１５７巷４８號十八樓,55.05,住,,,1140513,土地1建物1車位2,十八層,二十三層,住宅大樓(11層含以上有電梯),住家用,1010716.0,350.26,0,0,0,無,有,97380000,299489.0,坡道平面,45.14,6000000,其他增建；,RPWNMLSLNHKGFDA88DA,180.49,10.89,20.55,有,1236.0,13.0
南港區,房地(土地+建物),舊莊街一段８６號二樓,26.67,住,,,1140517,土地1建物1車位0,二層，陽臺,三層,公寓(5樓含以下無電梯),住家用,,68.08,3,1,1,有,無,9880000,145123.0,,0.0,0,其他增建；,RPOOMLSLNHKGFDA18DA,68.08,0.0,0.0,無,,
大安區,房地(土地+建物),泰順街３８巷２６號四樓,24.8,住,,,1140511,土地1建物1車位0,四層,五層,公寓(5樓含以下無電梯),住家用,750809.0,99.91,3,2,2,有,無,26800000,268241.0,,0.0,0,其他增建；,RPRNMLSLNHKGFFA58DA,78.51,0.93,8.98,無,1237.0,39.0
大安區,房地(土地+建物)+車位,基隆路二段２４８號十一樓,50.91,住,,,1140516,土地2建物1車位3,十一層,十三層,住宅大樓(11層含以上有電梯),住家用,1001130.0,406.0499999999999,4,2,2,有,有,108880000,268144.0,坡道平面,0.0,0,陽台外推；,RPQPMLQJOHKGFFA38DA,166.74,14.85,21.39,有,1238.0,13.0
萬華區,房地(土地+建物),環河南路一段１５１號五樓,11.85,住,,,1140512,土地1建物1車位0,五層,六層,公寓(5樓含以下無電梯),住家用,720208.0,55.56,2,2,1,有,無,9000000,161987.0,,0.0,0,,RPQNMLNKOHKGFBA67EA,43.11,0.0,12.45,無,,42.0
文山區,房地(土地+建物)+車位,興隆路二段８號五樓,52.41,住,,,1140502,土地1建物1車位3,五層,十四層,住宅大樓(11層含以上有電梯),住家用,1041202.0,372.76,4,2,2,有,有,69500000,240703.0,坡道平面,118.93,8400000,,RPUNMLMJOHKGFAA67DA,162.18,17.79,16.33,有,1241.0,9.0
內湖區,房地(土地+建物)+車位,民權東路六段２８０巷４８號六樓,35.46,住,,,1140503,土地2建物1車位2,六層,十二層,住宅大樓(11層含以上有電梯),住家用,980122.0,257.63,4,2,2,有,有,51800000,201064.0,坡道平面,53.52,0,其他增建；,RPVOMLMJOHKGFCA08DA,112.34,12.73,10.61,有,,16.0
內湖區,房地(土地+建物)+車位,金湖路３４７巷１８０弄８號,84.51,住,,,1140528,土地1建物1車位2,一層,四層,公寓(5樓含以下無電梯),住家用,861117.0,165.91000000000005,2,2,2,有,有,30000000,180821.0,坡道平面,58.44,0,陽台外推；夾層；其他增建；,RPSNMLQJOHKGFCA08DA,73.01,0.0,7.75,無,,28.0
內湖區,房地(土地+建物),新明路３７９號四樓,38.0,住,,,1140516,土地1建物1車位0,四層,四層,公寓(5樓含以下無電梯),住家用,660408.0,98.55,0,1,0,有,無,16100000,163369.0,,0.0,0,增建前陽台、頂樓增建其他增建；,RPVNMLMKOHKGFCA08DA,88.53,0.0,10.02,無,1246.0,48.0
信義區,房地(土地+建物),信義路六段７６巷２弄７號,32.75,住,,,1140531,土地2建物1車位0,一層,四層,公寓(5樓含以下無電梯),住家用,600708.0,86.16,3,2,2,有,無,31880000,370009.0,,0.0,0,另有一間和室,RPPNMLMKOHKGFDA57DA,76.32,0.0,9.84,無,,54.0
大安區,房地(土地+建物),敦化南路二段４６號九樓之６,3.82,住,,,1140516,土地1建物1車位0,九層,十六層,住宅大樓(11層含以上有電梯),住家用,640602.0,42.28,1,1,1,有,有,12800000,302744.0,,0.0,0,,RPUOMLOJOHKGFFA48DA,33.3,0.0,0.0,有,,50.0
大安區,房地(土地+建物),羅斯福路三段２６９巷１５號五樓之１,7.96,住,,,1140505,土地1建物1車位0,五層,六層,華廈(10層含以下有電梯),住家用,1081107.0,30.3,1,1,1,有,有,15000000,495050.0,,0.0,0,陽台外推；夾層；其他增建；,RPXQMLMKOHKGFFA88DA,8.25,0.0,7.84,有,,5.0
內湖區,房地(土地+建物),康寧路三段２４５巷１６號三樓,34.77,住,,,1140513,土地1建物1車位0,三層,五層,公寓(5樓含以下無電梯),住家用,740429.0,129.34,4,2,2,有,有,20300000,156951.0,,0.0,0,,RPQNMLQKOHKGFCA08EA,114.87,3.84,6.07,無,,40.0
北投區,房地(土地+建物),泉源路３５巷１６號二樓,7.94,住,,,1140531,土地1建物1車位0,二層,五層,公寓(5樓含以下無電梯),住家用,670706.0,41.79,0,0,0,無,有,5500000,131610.0,,0.0,0,,RPPNMLNKOHKGFEA87EA,37.29,0.0,4.5,無,,47.0
大安區,房地(土地+建物),樂利路５巷１５弄３號,31.88,住,,,1140527,土地1建物1車位0,一層,五層,公寓(5樓含以下無電梯),住家用,710226.0,107.8,2,2,2,有,無,30000000,278293.0,,0.0,0,,RPPNMLKLLHKGFFA47EA,93.29,14.51,0.0,無,1256.0,43.0
文山區,房地(土地+建物),景華街１３巷２號三樓之２,30.68,住,,,1140517,土地1建物1車位0,三層,七層,華廈(10層含以下有電梯),住家用,720728.0,155.01999999999998,4,2,2,有,有,28200000,181912.0,,0.0,0,陽台外推；其他增建；,RPQNMLLJOHKGFAA17DA,116.69,0.0,17.94,有,,42.0
內湖區,房地(土地+建物),星雲街１６８巷１９號六樓,12.32,住,,,1140507,土地1建物1車位0,六層,十三層,住宅大樓(11層含以上有電梯),住家用,841116.0,54.57,1,1,2,有,有,15850000,290453.0,,0.0,0,陽台外推；其他增建；,RPTOMLMJOHKGFCA87DA,39.41,0.76,7.15,有,1258.0,29.0
中山區,房地(土地+建物)+車位,松江路２２１巷２３號四樓,27.93,住,,,1140520,土地1建物1車位1,四層,七層,華廈(10層含以下有電梯),住家用,731017.0,156.46,3,2,2,有,有,36000000,251008.0,坡道平面,24.99,3000000,陽台外推；其他增建；,RPRNMLRJOHKGFCA08DA,133.36,0.0,14.33,有,,41.0
內湖區,房地(土地+建物),內湖路一段９１巷１６６號四樓,13.89,住,,,1140520,土地1建物1車位0,四層,六層,華廈(10層含以下有電梯),住家用,1130801.0,51.41,1,1,1,有,有,14480000,281657.0,,0.0,0,,RPUNMLRJOHKGFCA38DA,28.51,0.0,2.92,有,,1.0
內湖區,房地(土地+建物),內湖路一段９１巷１５６號二樓,12.85,住,,,1140517,土地1建物1車位0,二層,六層,華廈(10層含以下有電梯),住家用,1130801.0,47.349999999999994,1,1,1,有,有,13480000,284688.0,,0.0,0,,RPRNMLSJOHKGFCA18DA,26.03,0.0,2.92,有,,1.0
內湖區,房地(土地+建物),內湖路一段２８５巷６５弄１０號二樓,29.11,住,,,1140506,土地1建物1車位0,二層,五層,公寓(5樓含以下無電梯),住家用,700403.0,108.7,4,0,4,有,無,20900000,192272.0,,0.0,0,陽台外推；,RPWNMLNKOHKGFCA28DA,89.07,0.0,14.0,無,1259.0,44.0
松山區,房地(土地+建物),復興北路４２７巷２５號四樓之１,5.54,住,,,1140507,土地1建物1車位0,四層,十一層,住宅大樓(11層含以上有電梯),住家用,971013.0,34.15,1,1,1,有,有,10350000,303075.0,,0.0,0,陽台外推；夾層；,RPPOMLNKOHKGFDA77DA,17.23,1.25,2.1,有,,17.0
北投區,房地(土地+建物),公路２９６號三樓,22.2,住,,,1140514,土地1建物1車位0,三層,五層,公寓(5樓含以下無電梯),住家用,730820.0,79.12,3,2,2,有,無,13500000,170627.0,,0.0,0,其他增建；,RPPOMLNLNHKGFEA87DA,69.8,0.0,6.98,無,1261.0,41.0
士林區,房地(土地+建物),通河街３２３巷１５之１號,11.71,住,,,1140525,土地1建物1車位0,一層,五層,公寓(5樓含以下無電梯),住家用,591210.0,29.48,1,1,1,有,無,5700000,193351.0,,0.0,0,其他增建；,RPTNMLOJOHKGFEA18DA,26.28,1.85,1.35,無,,54.0
大安區,房地(土地+建物),安居街４９號二樓,15.25,住,,,1140515,土地2建物1車位0,二層,七層,華廈(10層含以下有電梯),住家用,730627.0,97.23,3,2,2,有,無,20060000,206315.0,,0.0,0,陽台外推；其他增建；,RPPNMLNLNHKGFFA87DA,68.05,0.0,12.27,有,,41.0
大同區,房地(土地+建物),庫倫街１３巷１弄２１號,20.0,住,,,1140506,土地1建物1車位0,一層,四層,公寓(5樓含以下無電梯),住家用,591113.0,57.36,2,1,1,有,無,13000000,226639.0,,0.0,0,,RPPNMLQKOHKGFBA87EA,57.36,0.0,0.0,無,,54.0
文山區,房地(土地+建物),保儀路１６５號,29.31,住,,,1140506,土地5建物1車位0,一層，騎樓,五層,公寓(5樓含以下無電梯),住家用,670420.0,115.28,1,1,2,有,無,17600000,152672.0,,0.0,0,其他增建；,RPQNMLMKOHKGFAA37DA,111.68,3.6,0.0,無,,47.0
內湖區,房地(土地+建物)+車位,金龍路２２２巷１２號十樓之３,29.22,住,,,1140517,土地1建物1車位1,十層,十一層,住宅大樓(11層含以上有電梯),住家用,821213.0,94.85,2,1,1,有,有,17400000,183448.0,坡道平面,30.36,0,,RPPNMLSLNHKGFCA08DA,44.28,0.0,10.46,有,,31.0
內湖區,房地(土地+建物)+車位,內湖路一段９１巷１６８號二樓,11.65,住,,,1140518,土地1建物1車位1,二層,六層,華廈(10層含以下有電梯),住家用,1130801.0,62.42,1,1,1,有,有,14760000,299814.0,塔式車位,19.46,1880000,,RPQNMLSJOHKGFCA08DA,18.14,0.0,5.0,有,,1.0
內湖區,房地(土地+建物),內湖路二段１５０之１號三樓,29.21,住,,,1140503,土地1建物1車位0,三層,四層,公寓(5樓含以下無電梯),住家用,670929.0,93.28,3,2,2,有,無,16500000,176887.0,,0.0,0,陽台外推；,RPTOMLMKOHKGFCA97DA,73.2,0.0,20.08,無,,47.0
信義區,房地(土地+建物)+車位,松高路９０之２號十四樓,101.77,住,,,1140522,土地1建物1車位2,十四層,十四層,住宅大樓(11層含以上有電梯),住家用,861126.0,403.64,4,2,4,有,有,153200000,379546.0,坡道平面,0.0,8000000,,RPUNMLNKOHKGFDA18DA,204.99,7.7,24.72,有,,27.0
士林區,房地(土地+建物),中山北路七段１９０巷８之１號四樓,20.56,住,,,1140506,土地1建物1車位0,四層,七層,華廈(10層含以下有電梯),住家用,700711.0,106.86,3,2,2,有,無,19000000,177803.0,,0.0,0,,RPOOMLNJOHKGFEA67DA,81.57,0.0,13.12,有,1270.0,44.0
士林區,房地(土地+建物)+車位,中庸一路１１之４號六樓,110.96,住,,,1140508,土地1建物1車位2,六層,十四層,住宅大樓(11層含以上有電梯),住家用,831003.0,280.07,3,2,2,有,有,27500000,98190.0,坡道平面,65.2,0,,RPTOMLRKOHKGFEA68DA,142.2,1.53,19.04,有,,31.0
大安區,房地(土地+建物),信義路三段１３４巷４６號七樓,21.13,住,,,1140501,土地1建物1車位0,七層,十五層,住宅大樓(11層含以上有電梯),住家用,750415.0,108.05,3,2,2,有,有,32000000,296159.0,,0.0,0,陽台外推；其他增建；,RPUNMLNLNHKGFFA38DA,74.74,0.55,10.59,有,,39.0
大安區,房地(土地+建物),嘉興街３４７巷２號四樓,41.69,住,,,1140527,土地1建物1車位0,四層,五層,公寓(5樓含以下無電梯),住家用,690801.0,142.29,4,2,2,有,無,29000000,203809.0,,0.0,0,,RPUNMLQKOHKGFFA78EA,122.83,0.0,19.46,無,,45.0
文山區,房地(土地+建物),興隆路四段１４５巷１８號五樓,31.0,住,,,1140508,土地1建物1車位0,五層,五層,公寓(5樓含以下無電梯),住家用,731204.0,122.6,3,2,1,有,無,13000000,106036.0,,0.0,0,陽台外推；其他增建；,RPPNMLOJOHKGFAA37DA,91.17,5.12,13.74,無,,40.0
萬華區,房地(土地+建物),和平西路三段３０９巷１５弄２３號四樓,27.68,住,,,1140509,土地2建物1車位0,四層,四層,公寓(5樓含以下無電梯),住家用,600908.0,79.81,3,2,1,有,無,10000000,125298.0,,0.0,0,,RPWNMLSKOHKGFBA68DA,75.38,0.0,4.43,無,,54.0
內湖區,房地(土地+建物),民權東路六段９０巷１５弄１２號三樓,33.56,住,,,1140510,土地1建物1車位0,三層,五層,公寓(5樓含以下無電梯),住家用,730130.0,103.56,3,1,2,有,無,16000000,154500.0,,0.0,0,,RPTNMLQKNHKGFCA18DA,76.81,0.0,17.77,無,,41.0
中山區,房地(土地+建物),一江街２２號二樓,21.32,住,,,1140517,土地2建物1車位0,二層,七層,華廈(10層含以下有電梯),住家用,661102.0,119.85,3,2,2,有,無,30500000,254485.0,,0.0,0,其他增建；,RPTNMLOJOHKGFCA97DA,95.13,0.0,10.33,有,,48.0
內湖區,房地(土地+建物),內湖路一段９１巷１６８號六樓,11.61,住,,,1140525,土地1建物1車位0,六層,六層,華廈(10層含以下有電梯),住家用,1130801.0,42.96,1,1,1,有,有,13880000,323091.0,,0.0,0,,RPTNMLPKOHKGFCA18DA,17.78,0.0,5.0,有,,1.0
南港區,房地(土地+建物),研究院路二段５４巷１９號五樓,28.01,住,,,1140506,土地12建物1車位0,五層,五層,公寓(5樓含以下無電梯),住家用,700731.0,93.46,3,2,1,有,無,13350000,142842.0,,0.0,0,陽台外推；其他增建；,RPTNMLTLNHKGFDA68DA,78.46,0.0,15.0,無,,44.0
松山區,房地(土地+建物),光復北路１９０巷１４號六樓,44.81,住,,,1140513,土地1建物1車位0,六層,十二層,住宅大樓(11層含以上有電梯),住家用,860718.0,209.65,4,2,2,有,有,50000000,238493.0,,0.0,0,陽台外推；其他增建；,RPWNMLTJOHKGFDA88DA,112.21,2.95,12.88,有,,28.0
信義區,房地(土地+建物),虎林街１２０巷１３３號三樓,26.88,住,,,1140527,土地1建物1車位0,三層，陽臺,四層,公寓(5樓含以下無電梯),住家用,641215.0,82.35,2,2,1,有,無,21000000,255009.0,,0.0,0,陽台外推；,RPRNMLQKOHKGFDA18DA,82.35,0.0,0.0,無,,49.0
信義區,房地(土地+建物),信義路五段１５０巷４１８弄５號,38.25,住,,,1140503,土地1建物1車位0,一層,四層,公寓(5樓含以下無電梯),住家用,611213.0,92.58,4,2,2,有,無,22000000,237632.0,,0.0,0,,RPXOMLRKOHKGFDA98DA,92.58,0.0,0.0,無,,52.0
士林區,房地(土地+建物),中正路６０１號八樓之２,5.45,住,,,1140503,土地2建物1車位0,八層,十二層,住宅大樓(11層含以上有電梯),住家用,690111.0,40.599999999999994,1,1,1,有,有,9000000,221675.0,,0.0,0,,RPSOMLQKOHKGFEA48DA,30.37,0.0,3.43,有,1276.0,45.0
大安區,房地(土地+建物),敦化南路一段１８７巷１５號三樓,36.33,住,,,1140527,土地1建物1車位0,三層，陽臺,七層,華廈(10層含以下有電梯),住家用,651130.0,198.39,4,2,3,有,有,52000000,262110.0,,0.0,0,,RPQOMLLKOHKGFFA87DA,168.32,0.0,0.0,有,,48.0
文山區,房地(土地+建物),福興路７８巷２０弄１１號三樓,25.14,住,,,1140503,土地1建物1車位0,三層,五層,公寓(5樓含以下無電梯),住家用,691007.0,88.28,3,2,1,有,無,13350000,151223.0,,0.0,0,其他增建；,RPQNMLPJOHKGFAA57DA,73.28,0.0,15.0,無,,45.0
內湖區,房地(土地+建物),成功路四段６１巷４９號二樓,27.77,住,,,1140501,土地1建物1車位0,二層,五層,公寓(5樓含以下無電梯),住家用,720810.0,91.7,3,2,2,有,無,17700000,193021.0,,0.0,0,其他增建；,RPPNMLQKOHKGFCA87DA,81.57,0.0,10.13,無,,42.0
內湖區,房地(土地+建物)+車位,文湖街２１巷８２弄１０號七樓,37.28,住,,,1140501,土地1建物1車位2,七層,八層,華廈(10層含以下有電梯),住家用,941226.0,240.82,3,2,2,有,有,41500000,206600.0,坡道平面,64.15,5000000,陽台外推；其他增建；,RPROMLRKOHKGFCA28DA,106.01,5.76,11.08,有,,19.0
松山區,房地(土地+建物),健康路４８號三樓,33.5,住,,,1140508,土地1建物1車位0,三層，陽臺,四層,公寓(5樓含以下無電梯),住家用,620516.0,99.84,3,2,1,有,無,23000000,230369.0,,0.0,0,陽台外推；,RPPPMLQJOHKGFDA08DA,99.84,0.0,0.0,無,,52.0
大安區,房地(土地+建物),新生南路一段１５７巷１８號三樓,18.0,住,,,1140512,土地1建物1車位0,三層,七層,華廈(10層含以下有電梯),住家用,701013.0,106.49,3,2,2,有,無,40000000,375587.0,,0.0,0,陽台外推；其他增建；,RPSNMLQKNHKGFFA38DA,83.92,0.0,19.26,有,,44.0
大安區,房地(土地+建物),忠孝東路四段２１６巷１１弄６號,26.19,住,,,1140510,土地1建物1車位0,一層，平台,七層,華廈(10層含以下有電梯),住家用,660113.0,118.71,0,0,2,有,無,69500000,585460.0,,0.0,0,其他增建；,RPVQMLMKOHKGFFA68DA,118.71,0.0,0.0,有,,48.0
文山區,房地(土地+建物)+車位,木新路三段９５巷４２號十六樓之３,36.64,住,,,1140510,土地1建物1車位2,十六層,二十一層,住宅大樓(11層含以上有電梯),住家用,961031.0,264.59000000000003,4,2,2,有,有,44850000,213321.0,坡道平面,78.72,5200000,,RPOOMLNKNHKGFAA27DA,119.74,0.0,12.6,有,,18.0
文山區,房地(土地+建物),指南路二段２２１號四樓之３,14.41,住,,,1140504,土地1建物1車位0,四層,四層,華廈(10層含以下有電梯),住家用,1101202.0,30.0,1,0,1,有,有,8000000,266667.0,,0.0,0,,RPXNMLTLNHKGFAA78DA,16.2,0.91,2.26,有,1281.0,3.0
文山區,房地(土地+建物),指南路二段４５巷６弄３號,23.5,住,,,1140510,土地1建物1車位0,一層，平台,四層,公寓(5樓含以下無電梯),住家用,650510.0,76.09,3,2,1,有,無,16000000,210277.0,,0.0,0,,RPVNMLTKOHKGFAA58DA,76.09,0.0,0.0,無,,49.0
中山區,房地(土地+建物)+車位,建國北路三段７１號十二樓之８,9.71,住,,,1140503,土地2建物1車位1,十二層,十四層,住宅大樓(11層含以上有電梯),住家用,1041016.0,97.4,2,2,1,有,有,27000000,282828.0,坡道機械,8.3,1800000,夾層；其他增建；,RPXNMLOJOHKGFCA38DA,47.32,2.56,6.46,有,1282.0,10.0
松山區,房地(土地+建物)+車位,南京東路四段１２０巷２８號十二樓,19.27,住,,,1140513,土地1建物1車位1,十二層,十四層,住宅大樓(11層含以上有電梯),住家用,1130607.0,184.42,3,2,2,有,有,59760000,324043.0,坡道平面,0.0,0,,RPSNMLSKOHKGFDA48DA,82.91,7.41,9.99,有,1284.0,1.0
大安區,房地(土地+建物),泰順街４４巷１０號三樓,37.4,住,,,1140502,土地1建物1車位0,三層,五層,公寓(5樓含以下無電梯),住家用,691014.0,132.84,7,1,4,有,無,28800000,216802.0,,0.0,0,陽台外推；其他增建；,RPUNMLLLNHKGFFA18DA,114.24,0.0,18.6,無,,45.0
士林區,房地(土地+建物),忠誠路一段１２７號二樓,20.86,住,,,1140506,土地2建物1車位0,二層,七層,華廈(10層含以下有電梯),住家用,730614.0,94.16,2,1,2,有,有,20000000,212404.0,,0.0,0,,RPPNMLKLOHKGFEA67EA,73.96,0.0,10.49,有,,41.0
文山區,房地(土地+建物)+車位,溪口街５５巷４弄１６號,35.84,住,,,1140518,土地1建物1車位1,一層,六層,華廈(10層含以下有電梯),住家用,891116.0,125.28,3,2,2,有,有,30350000,272398.0,升降機械,20.47,1800000,陽台外推；其他增建；,RPRNMLOJOHKGFAA57DA,72.32,0.0,4.4,有,,25.0
內湖區,房地(土地+建物),環山路一段１３６巷８弄１０號二樓,32.25,住,,,1140503,土地2建物1車位0,二層,四層,公寓(5樓含以下無電梯),住家用,670817.0,92.72,3,2,1,有,有,17000000,183348.0,,0.0,0,其他增建；,RPROMLKKOHKGFCA57DA,83.28,0.0,9.44,無,,47.0
北投區,房地(土地+建物),中和街５２５巷８弄２５號二樓,25.71,住,,,1140524,土地2建物1車位0,二層,四層,公寓(5樓含以下無電梯),住家用,660809.0,61.38,2,2,1,有,無,7000000,114044.0,,0.0,0,陽台外推；其他增建；,RPQNMLTLNHKGFEA48DA,55.98,0.0,5.4,無,,48.0
士林區,房地(土地+建物),忠誠路二段５０巷１６號五樓,24.12,住,,,1140512,土地1建物1車位0,五層,五層,公寓(5樓含以下無電梯),住家用,730629.0,114.37,4,2,3,有,無,20600000,180117.0,,0.0,0,頂樓加蓋；其他增建；,RPSNMLOJOHKGFEA08DA,89.91,0.0,11.59,無,,41.0
北投區,房地(土地+建物),致遠一路二段１２巷５弄７號,22.44,住,,,1140519,土地1建物1車位0,一層，騎樓,五層,華廈(10層含以下有電梯),住家用,600913.0,88.84,1,1,1,有,有,17080000,192256.0,,0.0,0,其他增建；,RPPNMLQKOHKGFEA08DA,56.8,0.0,0.0,有,1293.0,54.0
北投區,房地(土地+建物),東華街二段１３６號二樓,28.04,住,,,1140518,土地1建物1車位0,二層,五層,公寓(5樓含以下無電梯),住家用,720802.0,98.19,1,2,1,有,無,19800000,201650.0,,0.0,0,陽台外推；其他增建；,RPSNMLKLOHKGFEA87DA,81.53,0.0,8.81,無,1294.0,42.0
大安區,房地(土地+建物)+車位,延吉街２５２巷２號七樓之４,13.15,住,,,1140502,土地2建物1車位1,七層,九層,華廈(10層含以下有電梯),住家用,820423.0,138.93,2,2,1,有,有,35580000,309608.0,坡道平面,36.93,4000000,陽台外推；,RPUPMLRLNHKGFFA98DA,77.35,0.0,7.4,有,,32.0
大安區,房地(土地+建物),新生南路一段９７巷１７之１號二樓,35.56,住,,,1140523,土地1建物1車位0,二層，陽臺,七層,華廈(10層含以下有電梯),住家用,630607.0,185.36,4,2,2,有,無,52000000,280535.0,,0.0,0,陽台外推；,RPWNMLTJOHKGFFA09DA,185.36,0.0,0.0,有,,51.0
文山區,房地(土地+建物),景明街７４號二樓,30.0,住,,,1140514,土地2建物1車位0,二層，陽臺,四層,公寓(5樓含以下無電梯),住家用,660113.0,76.52,3,1,1,有,無,9200000,120230.0,,0.0,0,,RPPNMLNLOHKGFAA57EA,76.52,0.0,0.0,無,,48.0
松山區,房地(土地+建物)+車位,三民路３８號七樓之２,11.42,住,,,1140515,土地1建物1車位1,七層,八層,華廈(10層含以下有電梯),住家用,980703.0,64.3,1,1,1,有,有,16500000,256610.0,坡道機械,7.01,0,,RPPNMLOLOHKGFDA97EA,28.6,4.74,1.48,有,,16.0
文山區,房地(土地+建物)+車位,興隆路四段１０５巷２５號七樓,21.71,住,,,1140503,土地1建物1車位1,七層,十三層,住宅大樓(11層含以上有電梯),住家用,840821.0,133.63,3,2,2,有,有,23000000,172117.0,坡道平面,0.0,2500000,陽台外推；其他增建；,RPSNMLMKNHKGFAA47DA,60.83,3.68,6.93,有,,30.0
中正區,房地(土地+建物),廈門街７１巷２８之１號四樓,38.75,住,,,1140506,土地1建物1車位0,四層，陽臺,四層,公寓(5樓含以下無電梯),住家用,641121.0,112.62,4,2,2,有,無,20400000,181140.0,,0.0,0,陽台外推；,RPQNMLTKOHKGFAA08DA,112.62,0.0,0.0,無,,49.0
文山區,房地(土地+建物),興隆路三段２０７巷１８弄１９號三樓,24.12,住,,,1140524,土地1建物1車位0,三層,五層,公寓(5樓含以下無電梯),住家用,730830.0,103.59,3,2,2,有,有,11300000,109084.0,,0.0,0,陽台外推；,RPUNMLTKOHKGFAA48DA,68.58,0.0,24.25,無,,41.0
南港區,房地(土地+建物)+車位,經貿二路２３５巷５３號十一樓,37.27,住,,,1140528,土地1建物1車位1,十一層,十二層,住宅大樓(11層含以上有電梯),住家用,990409.0,178.14,3,2,2,有,有,50880000,334879.0,坡道平面,33.67,2500000,,RPQOMLOJOHKGFDA87DA,84.47,11.11,6.17,有,,15.0
松山區,房地(土地+建物)+車位,三民路４３巷１１號十三樓之３,46.92,住,,,1140526,土地1建物1車位1,十三層,十四層,住宅大樓(11層含以上有電梯),住家用,930507.0,241.33,4,2,2,有,有,58400000,241992.0,坡道平面,0.0,0,,RPXNMLNLOHKGFDA58DA,116.69,2.68,11.67,有,,21.0
士林區,房地(土地+建物),中山北路七段８１巷４１弄７之２號,15.78,住,,,1140522,土地2建物1車位0,一層,五層,華廈(10層含以下有電梯),住家用,670720.0,52.42,3,1,1,有,有,6070000,115795.0,,0.0,0,二親等間買賣案件,RPSNMLKKOHKGFEA77DA,49.33,3.08,0.0,有,,47.0
北投區,房地(土地+建物),致遠一路一段１２５巷９號二樓,49.5,住,,,1140522,土地1建物1車位0,二層,四層,公寓(5樓含以下無電梯),住家用,631128.0,122.85,5,0,5,有,無,23180000,188685.0,,0.0,0,陽台外推；其他增建；,RPWNMLTKOHKGFEA09DA,111.93,0.0,10.92,無,1307.0,50.0
北投區,房地(土地+建物)+車位,三合街一段８２巷７０號六樓,35.31,住,,,1140520,土地1建物1車位1,六層,八層,華廈(10層含以下有電梯),住家用,1040303.0,216.27,3,2,2,有,有,46500000,253069.0,坡道平面,43.59,2800000,,RPPNMLKLOHKGFEA57DA,99.5,5.0,9.94,有,1308.0,10.0
北投區,房地(土地+建物),中和街３８２巷２弄１９號,38.67,住,,,1140512,土地1建物1車位0,一層,四層,公寓(5樓含以下無電梯),住家用,670531.0,69.62,3,1,1,有,無,11600000,166619.0,,0.0,0,其他增建；,RPRPMLNLOHKGFEA28DA,61.34,8.28,0.0,無,,47.0
士林區,房地(土地+建物)+車位,基河路３１６號十三樓,16.43,住,,,1140514,土地1建物1車位1,十三層,十九層,住宅大樓(11層含以上有電梯),住家用,1130219.0,114.93,0,2,2,有,有,34300000,298443.0,坡道平面,0.0,3400000,,RPPNMLOLOHKGFEA08EA,50.5,0.0,4.19,有,1309.0,1.0
文山區,房地(土地+建物),福興路７８巷２０弄２６之６號五樓,36.21,住,,,1140506,土地1建物1車位0,五層,五層,公寓(5樓含以下無電梯),住家用,721006.0,104.59,3,2,2,有,無,11700000,111865.0,,0.0,0,其他增建；,RPTNMLQLNHKGFAA08DA,88.13,0.0,12.96,無,,42.0
內湖區,房地(土地+建物),環山路一段５９巷３弄９號三樓,38.34,住,,,1140511,土地3建物1車位0,三層,四層,公寓(5樓含以下無電梯),住家用,680910.0,87.48,3,2,1,有,無,17380000,198674.0,,0.0,0,其他增建；,RPRNMLMJOHKGFCA57DA,79.33,0.0,8.15,無,,46.0
內湖區,房地(土地+建物)+車位,安康路２６９號八樓之１,11.65,住,,,1140506,土地1建物1車位1,八層,十二層,住宅大樓(11層含以上有電梯),住家用,1030724.0,79.63,1,1,1,有,有,19380000,243376.0,塔式車位,8.11,0,陽台外推；,RPXNMLQKOHKGFCA68DA,32.97,0.18,9.29,有,1313.0,11.0
內湖區,房地(土地+建物)+車位,文湖街１１巷３３號三樓,36.96,住,,,1140506,土地2建物1車位1,三層,七層,華廈(10層含以下有電梯),住家用,830923.0,119.25,3,2,2,有,有,27000000,226415.0,坡道機械,0.0,0,鐵鋁窗增建陽台外推；其他增建；,RPTNMLKLOHKGFCA77DA,103.18,0.7,9.91,有,,31.0
內湖區,房地(土地+建物),康寧路三段９９巷１０弄３號二樓,25.77,住,,,1140507,土地1建物1車位0,二層,五層,公寓(5樓含以下無電梯),住家用,741017.0,96.32,3,1,1,有,無,18500000,192068.0,,0.0,0,,RPWNMLOLOHKGFCA48DA,78.78,0.0,9.14,無,,40.0
內湖區,房地(土地+建物),康寧路三段９９巷１０弄５號二樓,25.77,住,,,1140507,土地1建物1車位0,二層,五層,公寓(5樓含以下無電梯),住家用,741017.0,96.32,2,0,3,有,無,18500000,192068.0,,0.0,0,,RPXNMLOLOHKGFCA58DA,78.78,0.0,9.14,無,,40.0
南港區,房地(土地+建物)+車位,玉成街１８４巷１號五樓之１,21.38,住,,,1140510,土地1建物1車位1,五層,十五層,住宅大樓(11層含以上有電梯),住家用,840323.0,130.72,3,2,2,有,有,30060000,298689.0,坡道平面,38.45,2500000,陽台外推；其他增建；,RPPOMLTKOHKGFDA38DA,92.35,0.0,8.04,有,,30.0
大安區,房地(土地+建物)+車位,金山南路二段１０巷２７號四樓,20.49,住,,,1140512,土地1建物1車位1,四層,七層,華廈(10層含以下有電梯),住家用,1010806.0,103.05,2,2,2,有,有,34000000,329937.0,塔式車位,15.78,0,陽台外推；其他增建；,RPWRMLMJOHKGFFA78DA,44.66,5.62,4.88,有,1314.0,13.0
文山區,房地(土地+建物),興隆路三段１９２巷８弄１６號,29.75,住,,,1140530,土地1建物1車位0,一層,四層,公寓(5樓含以下無電梯),住家用,660519.0,80.93,3,2,1,有,無,16500000,203880.0,,0.0,0,其他增建；,RPSNMLQLOHKGFAA08DA,65.72,15.21,0.0,無,,48.0
內湖區,房地(土地+建物)+車位,康樂街１３６巷１８弄３５號九樓,17.52,住,,,1140518,土地1建物1車位1,九層,十四層,住宅大樓(11層含以上有電梯),住家用,1020625.0,125.15,2,2,1,有,有,28360000,242837.0,坡道機械,16.6,2000000,,RPRNMLPJOHKGFCA87DA,73.9,0.0,8.23,有,1317.0,12.0
中山區,房地(土地+建物),復興北路４４８號五樓之１２,7.39,住,,,1140514,土地2建物1車位0,五層,十二層,住宅大樓(11層含以上有電梯),住家用,971015.0,42.83,1,1,1,有,有,13000000,303526.0,,0.0,0,,RPSNMLQKOHKGFCA18DA,24.8,1.47,2.2,有,1319.0,17.0
信義區,房地(土地+建物),福德街１３７巷７號二樓,35.0,住,,,1140529,土地1建物1車位0,二層，陽臺,四層,公寓(5樓含以下無電梯),住家用,620523.0,93.41,3,2,2,有,無,20250000,216786.0,,0.0,0,,RPVNMLOLOHKGFDA48DA,93.41,0.0,0.0,無,,52.0
士林區,建物,和豐街３９巷２號三樓,0.0,,,,1140517,土地0建物1車位0,三層,四層,公寓(5樓含以下無電梯),住家用,600311.0,107.49,3,2,2,有,無,4500000,41864.0,,0.0,0,建物基地跟國產署承租；建物坐落地號：百齡段四小段412地號；瑕疵物件；,RPQNMLPKOHKGFEA08DA,107.49,0.0,0.0,無,,54.0
北投區,房地(土地+建物),幽雅路７號十一樓,9.47,,,,1140515,土地1建物1車位0,十一層,十三層,住宅大樓(11層含以上有電梯),住家用,980205.0,58.46,1,1,1,有,有,9120000,156004.0,,0.0,0,,RPUOMLRKOHKGFEA78DA,34.05,2.87,0.0,有,,16.0
大安區,房地(土地+建物)+車位,敦化南路二段１８０號十六樓之１,18.78,住,,,1140520,土地2建物1車位1,十六層,二十一層,住宅大樓(11層含以上有電梯),住家用,781014.0,226.55,3,1,2,有,有,60880000,298652.0,坡道平面,34.41,3500000,陽台外推；其他增建；,RPVOMLNKOHKGFFA58DA,146.95,3.51,17.18,有,,36.0
大同區,房地(土地+建物),民族西路３２５號四樓之３,15.13,住,,,1140516,土地2建物1車位0,四層,七層,華廈(10層含以下有電梯),住家用,710420.0,91.82,3,2,1,有,有,15000000,163363.0,,0.0,0,,RPOOMLSKOHKGFBA97DA,60.96,0.0,14.16,有,,43.0
內湖區,房地(土地+建物)+車位,成功路五段４２０巷５號六樓,21.75,住,,,1140518,土地1建物1車位1,六層,十四層,住宅大樓(11層含以上有電梯),住家用,870925.0,117.61,3,2,2,有,有,29290000,249043.0,坡道機械,0.0,1800000,陽台外推；其他增建；,RPQOMLNLOHKGFCA87DA,68.02,0.0,8.92,有,,27.0
內湖區,房地(土地+建物)+車位,康寧路三段７０巷８號七樓,29.0,住,,,1140521,土地1建物1車位1,七層,十三層,住宅大樓(11層含以上有電梯),住家用,940811.0,171.24,3,2,2,有,有,36000000,264969.0,坡道平面,44.81,2500000,其他增建；,RPUOMLOLOHKGFCA38DA,73.1,1.76,6.85,有,1326.0,20.0
大安區,房地(土地+建物),安居街８巷６弄７號一樓,25.22,住,,,1140504,土地1建物1車位0,一層,七層,華廈(10層含以下有電梯),住家用,720809.0,223.64,4,2,1,有,無,42600000,190485.0,,0.0,0,,RPPOMLRKOHKGFFA38DA,97.88,114.21,0.0,有,,42.0
北投區,房地(土地+建物),西安街二段３５５號四樓,32.0,住,,,1140516,土地1建物1車位0,四層,五層,公寓(5樓含以下無電梯),住家用,730528.0,107.24,3,2,2,有,無,18800000,175308.0,,0.0,0,,RPQNMLRLOHKGFEA48EA,94.02,0.0,13.22,無,,41.0
文山區,房地(土地+建物),忠順街二段５０號四樓,20.46,住,,,1140514,土地1建物1車位0,四層,七層,華廈(10層含以下有電梯),住家用,730712.0,114.66,3,1,2,有,有,18400000,160474.0,,0.0,0,,RPSNMLMKOHKGFAA57DA,69.51,0.0,17.26,有,,41.0
文山區,房地(土地+建物),木新路三段１４５巷３號,33.95,住,,,1140507,土地1建物1車位0,一層,四層,公寓(5樓含以下無電梯),住家用,720712.0,87.67,2,2,1,有,無,16000000,182503.0,,0.0,0,,RPRNMLOLOHKGFAA77DA,59.03,17.27,0.0,無,,42.0
文山區,房地(土地+建物)+車位,木新路三段４５巷１０弄１２號六樓,34.44,住,,,1140512,土地1建物1車位2,六層,十一層,住宅大樓(11層含以上有電梯),住家用,990211.0,181.42,4,2,2,有,有,38300000,211112.0,塔式車位,0.0,0,陽台外推；其他增建；,RPQNMLPLOHKGFAA77DA,90.19,7.26,9.71,有,,15.0
大同區,房地(土地+建物),迪化街二段８０號六樓之１,16.25,住,,,1140530,土地5建物1車位0,六層,七層,華廈(10層含以下有電梯),住家用,800125.0,80.35000000000001,2,1,1,有,有,16400000,204107.0,,0.0,0,,RPWNMLRLOHKGFBA68DA,54.11,0.0,11.93,有,1329.0,34.0
內湖區,房地(土地+建物),大湖山莊街２１９巷２之２號五樓,18.99,住,,,1140511,土地1建物1車位0,五層,五層,公寓(5樓含以下無電梯),住家用,710227.0,73.99000000000001,3,2,1,有,無,12300000,166239.0,,0.0,0,陽台外推；其他增建；,RPSOMLTLNHKGFCA58DA,58.38,0.0,11.18,無,,43.0
中山區,房地(土地+建物),敬業三路１６２巷１０號五樓,43.31,住,,,1140527,土地1建物1車位0,五層,十層,華廈(10層含以下有電梯),住家用,890628.0,142.84,3,2,1,有,有,33280000,232988.0,,0.0,0,陽台外推；,RPROMLSKOHKGFCA38DA,71.24,0.0,7.62,有,,25.0
內湖區,房地(土地+建物),金湖路３７２號八樓,7.58,住,,,1140528,土地1建物1車位0,八層,十層,華廈(10層含以下有電梯),住家用,880415.0,29.799999999999997,1,1,1,有,有,10000000,335570.0,,0.0,0,,RPSNMLRLOHKGFCA38DA,19.64,0.0,2.15,有,1332.0,26.0
南港區,房地(土地+建物),玉成街１７０號四樓,28.42,住,,,1140510,土地1建物1車位0,四層,五層,公寓(5樓含以下無電梯),住家用,740708.0,104.28,3,2,2,有,無,20380000,195435.0,,0.0,0,,RPSOMLNKOHKGFDA08DA,86.88,0.0,8.86,無,,40.0
北投區,房地(土地+建物)+車位,中央北路二段３５０巷７６號七樓,45.5,住,,,1140519,土地1建物1車位1,七層,十四層,住宅大樓(11層含以上有電梯),住家用,1040724.0,183.36,3,2,2,有,有,31580000,172229.0,坡道平面,0.0,0,,RPPOMLPJOHKGFEA97DA,98.33,0.0,11.5,有,1333.0,10.0
北投區,房地(土地+建物)+車位,文林北路１０之１號三樓,44.97,住,,,1140501,土地2建物1車位1,三層,十四層,住宅大樓(11層含以上有電梯),住家用,1021021.0,195.33999999999995,3,2,2,有,有,41750000,213730.0,坡道平面,0.0,0,其他增建；,RPWNMLKKOHKGFEA18DA,103.63,0.0,14.5,有,1334.0,12.0
大安區,房地(土地+建物),潮州街１４６號四樓,10.7,住,,,1140505,土地1建物1車位0,四層,五層,公寓(5樓含以下無電梯),住家用,800814.0,38.96,0,1,1,有,無,15330000,393480.0,,0.0,0,其他增建；,RPUNMLSKOHKGFFA88DA,27.89,3.4,0.0,無,1335.0,34.0
士林區,房地(土地+建物),忠誠路一段１７１巷１２弄７號十二樓,65.69,住,,,1140530,土地2建物2車位0,十二層,十二層,住宅大樓(11層含以上有電梯),住家用,981231.0,206.38,4,2,2,有,有,56000000,271344.0,,0.0,0,,RPRNMLKMOHKGFEA97EA,117.41,0.0,11.51,有,,15.0
大安區,房地(土地+建物),新生南路一段１５７巷４號二樓,54.5,住,,,1140520,土地1建物1車位0,二層，陽臺,四層,公寓(5樓含以下無電梯),住家用,640613.0,150.26,4,2,2,有,無,40500000,269533.0,,0.0,0,鐵鋁窗增建其他增建；,RPRNMLKMOHKGFFA08EA,150.26,0.0,0.0,無,,50.0
中正區,房地(土地+建物),同安街２８巷９弄１號四樓之１,24.11,住,,,1140506,土地1建物1車位0,四層,七層,華廈(10層含以下有電梯),住家用,730525.0,119.36,3,2,2,有,有,31300000,262232.0,,0.0,0,其他增建；,RPPOMLLLNHKGFAA27DA,89.43,0.0,12.6,有,,41.0
文山區,房地(土地+建物)+車位,羅斯福路六段１４２巷２０弄９號十樓,29.38,住,,,1140515,土地1建物1車位1,十層，電梯樓梯間,十層,華廈(10層含以下有電梯),住家用,850327.0,151.63,3,2,2,有,有,31880000,210249.0,坡道平面,0.0,2500000,車位面積無法概算陽台外推；其他增建；,RPQNMLMJOHKGFAA27DA,81.31,5.07,6.99,有,,29.0
文山區,房地(土地+建物),興隆路四段６４之３號三樓,30.62,住,,,1140511,土地3建物1車位0,三層,四層,公寓(5樓含以下無電梯),住家用,680119.0,86.26,3,2,1,有,無,13100000,151866.0,,0.0,0,陽台外推；其他增建；,RPUNMLKKOHKGFAA57DA,77.85,0.0,8.41,無,1338.0,46.0
中正區,房地(土地+建物)+車位,臨沂街２５號五樓,87.05,住,,,1140503,土地1建物1車位5,五層,二十層,住宅大樓(11層含以上有電梯),住家用,1040826.0,716.51,0,0,0,無,有,288800000,543349.0,坡道平面,221.8,20000000,,RPPNMLSJOHKGFBA87DA,276.45,0.0,35.92,有,,10.0
內湖區,房地(土地+建物)+車位,新明路４２８巷８號三樓,32.85,住,,,1140509,土地1建物1車位1,三層,十四層,住宅大樓(11層含以上有電梯),住家用,1120221.0,197.5,3,2,2,有,有,45800000,257004.0,坡道平面,29.02,2500000,,RPTOMLKKOHKGFCA77DA,102.43,0.0,9.61,有,1339.0,2.0
中山區,房地(土地+建物),龍江路６５巷２號二樓,28.75,住,,,1140525,土地1建物1車位0,二層,四層,公寓(5樓含以下無電梯),住家用,591002.0,68.47,2,2,2,有,無,20500000,299401.0,,0.0,0,其他增建；,RPOOMLQLOHKGFCA97DA,68.47,0.0,0.0,無,1340.0,55.0
松山區,房地(土地+建物),光復北路２１０巷４７號二樓,26.53,住,,,1140517,土地3建物1車位0,二層,十三層,住宅大樓(11層含以上有電梯),住家用,900320.0,120.14,2,2,1,有,有,30800000,256368.0,,0.0,0,陽台外推；其他增建；,RPTOMLNKOHKGFDA18DA,61.77,0.9,8.48,有,,24.0
松山區,房地(土地+建物),民權東路三段１２５巷２號十樓之２,25.19,住,,,1140521,土地1建物1車位0,十層,十層,華廈(10層含以下有電梯),住家用,740408.0,133.45999999999998,3,2,2,有,有,29200000,218792.0,,0.0,0,其他增建；,RPSNMLOLOHKGFDA18DA,93.36,0.0,13.38,有,,40.0
北投區,房地(土地+建物),大業路３００巷２８之１號三樓,28.61,住,,,1140512,土地1建物1車位0,三層,四層,公寓(5樓含以下無電梯),住家用,680221.0,91.43,3,2,1,有,無,15060000,164716.0,,0.0,0,鐵窗增建其他增建；,RPWNMLQJOHKGFEA68DA,83.13,0.0,8.3,無,1343.0,46.0
大安區,房地(土地+建物),羅斯福路二段８１巷１６弄３之７號,28.5,住,,,1140529,土地1建物1車位0,四層,四層,公寓(5樓含以下無電梯),住家用,601201.0,68.37,3,1,1,有,無,17580000,257130.0,,0.0,0,頂樓加蓋；其他增建；,RPOOMLNLOHKGFFA97DA,68.37,0.0,0.0,無,,53.0
中山區,房地(土地+建物),天祥路４７巷１６號三樓,16.0,住,,,1140501,土地1建物1車位0,三層,五層,公寓(5樓含以下無電梯),住家用,680111.0,57.68,1,1,1,有,無,14000000,242718.0,,0.0,0,,RPWNMLMJPHKGFCA18DA,49.4,0.0,8.28,無,,46.0
南港區,房地(土地+建物),研究院路二段１２巷５７弄８０號五樓,31.91,住,,,1140518,土地1建物1車位0,五層,五層,公寓(5樓含以下無電梯),住家用,740802.0,112.2,3,2,2,有,無,15580000,138859.0,,0.0,0,陽台外推；其他增建；,RPPNMLNJOHKGFDA57DA,93.12,0.0,8.81,無,,40.0
信義區,房地(土地+建物)+車位,松仁路１５３巷１２號二樓,121.15,住,,,1140512,土地1建物1車位2,二層,十四層,住宅大樓(11層含以上有電梯),住家用,850122.0,484.76,5,2,4,有,有,133680000,275765.0,坡道平面,0.0,12000000,,RPOOMLQKOHKGFDA97DA,211.09,22.97,36.26,有,,29.0
南港區,房地(土地+建物)+車位,經貿二路２３５巷２６號三樓,20.18,住,,,1140529,土地1建物1車位1,三層,十層,華廈(10層含以下有電梯),住家用,1031002.0,118.1,2,2,1,有,有,34500000,307765.0,其他,12.5,2000000,其他增建；,RPOOMLKMOHKGFDA57DA,64.31,1.22,6.37,有,1350.0,11.0
士林區,房地(土地+建物)+車位,中山北路七段８１巷１６弄１６號十樓,17.21,住,,,1140519,土地1建物1車位1,十層,十二層,住宅大樓(11層含以上有電梯),住家用,1131220.0,126.53,2,2,1,有,有,30500000,313569.0,坡道平面,38.83,3000000,,RPWNMLNKOHKGFEA48DA,51.62,0.0,7.39,有,,
士林區,房地(土地+建物),中山北路六段４０５巷１６號三樓,34.7,住,,,1140520,土地1建物1車位0,三層,五層,公寓(5樓含以下無電梯),住家用,680216.0,109.53,3,2,2,有,無,22100000,201771.0,,0.0,0,陽台外推；其他增建；,RPOOMLNLOHKGFEA87DA,98.33,0.0,11.2,無,,46.0
北投區,房地(土地+建物),吉利街２４３號三樓,27.66,住,,,1140517,土地3建物1車位0,三層,五層,公寓(5樓含以下無電梯),住家用,720406.0,104.36,3,2,2,有,無,19880000,190494.0,,0.0,0,陽台外推；,RPVNMLPLOHKGFEA68DA,83.49,0.0,12.33,無,1351.0,42.0
士林區,房地(土地+建物),至誠路二段９２巷３弄１５號二樓,34.51,住,,,1140506,土地1建物1車位0,二層,五層,公寓(5樓含以下無電梯),住家用,690703.0,133.71,3,2,2,有,無,25200000,188468.0,,0.0,0,陽台加窗。陽台外推；其他增建；,RPUNMLLJPHKGFEA08DA,106.2,0.0,19.63,無,1352.0,45.0
中正區,房地(土地+建物)+車位,金山南路一段５９號十樓,32.94,住,,,1140526,土地4建物1車位2,十層,十九層,住宅大樓(11層含以上有電梯),住家用,1120606.0,340.59000000000003,0,0,0,無,有,147000000,518307.0,坡道平面,70.48,7000000,,RPVNMLKMOHKGFBA97DA,154.06,8.54,10.19,有,,2.0
內湖區,房地(土地+建物)+車位,陽光街１６１巷１２之２８號四樓,19.48,住,,,1140525,土地1建物1車位1,四層,五層,華廈(10層含以下有電梯),住家用,1080716.0,40.18,1,1,1,有,有,12100000,301145.0,塔式車位,0.0,1500000,,RPQNMLPKOHKGFCA87DA,23.02,0.0,0.0,有,1356.0,6.0
內湖區,房地(土地+建物),麗山街３６６號四樓,22.29,住,,,1140527,土地1建物1車位0,四層,五層,公寓(5樓含以下無電梯),住家用,710226.0,93.79,2,2,2,有,無,18450000,196716.0,,0.0,0,陽台外推；其他增建；,RPXNMLRKOHKGFCA78DA,68.89,0.0,17.83,無,,43.0
中山區,房地(土地+建物),建國北路二段３４號十四樓,16.83,住,,,1140525,土地1建物1車位0,十四層,十四層,住宅大樓(11層含以上有電梯),住家用,720620.0,92.51,3,2,1,有,有,24880000,268944.0,,0.0,0,其他增建；,RPXOMLMJPHKGFCA38DA,67.41,0.0,10.36,有,,42.0
北投區,房地(土地+建物)+車位,稻香路１６１巷１６弄１０之２號五樓,52.29,住,,,1140518,土地1建物1車位1,五層,五層,華廈(10層含以下有電梯),住家用,1100902.0,130.67,2,2,1,有,有,23060000,221056.0,坡道平面,35.4,2000000,,RPVNMLOJOHKGFEA38DA,52.86,4.35,4.86,有,1359.0,4.0
北投區,房地(土地+建物),中和街５２５巷３號四樓,33.31,住,,,1140526,土地1建物1車位0,四層,五層,公寓(5樓含以下無電梯),住家用,700624.0,119.66,3,2,2,有,無,15200000,127027.0,,0.0,0,陽台外推；,RPPNMLOJPHKGFEA87DA,103.42,0.0,16.24,無,,44.0
大安區,房地(土地+建物),忠孝東路四段２１６巷２９號三樓之４,30.78,住,,,1140514,土地1建物1車位0,三層，陽臺,七層,華廈(10層含以下有電梯),住家用,650206.0,167.62,4,2,3,有,有,46280000,276101.0,,0.0,0,陽台外推；,RPTNMLTJOHKGFFA78DA,153.18,0.0,0.0,有,,49.0
文山區,房地(土地+建物),興隆路二段２０３巷１３０號四樓,20.44,住,,,1140514,土地1建物1車位0,四層,十一層,住宅大樓(11層含以上有電梯),住家用,860623.0,83.81,2,2,1,有,有,17000000,202840.0,,0.0,0,,RPVNMLTLNHKGFAA58DA,55.81,2.0,7.93,有,1363.0,28.0
中山區,房地(土地+建物),復興北路４６０號七樓,6.9,住,,,1140509,土地1建物1車位0,七層,十三層,住宅大樓(11層含以上有電梯),住家用,910207.0,48.66,1,1,1,有,有,14360000,295109.0,,0.0,0,陽台外推；夾層；其他增建；,RPQOMLSKOHKGFCA28DA,30.31,0.0,3.44,有,1370.0,23.0
信義區,房地(土地+建物),吳興街１６４號三樓,27.75,住,,,1140527,土地2建物1車位0,三層，陽臺,四層,公寓(5樓含以下無電梯),住家用,631204.0,74.44,3,1,2,有,無,15500000,208221.0,,0.0,0,陽台外推；,RPQOMLNKOHKGFDA87DA,74.44,0.0,0.0,無,1371.0,50.0
松山區,房地(土地+建物),南京東路三段３３５巷２３號五樓之１,4.5,住,,,1140512,土地3建物1車位0,五層,七層,華廈(10層含以下有電梯),住家用,740819.0,27.64,1,0,1,有,無,10680000,386397.0,,0.0,0,其他增建；,RPRNMLSKOHKGFDA38DA,15.18,0.0,3.05,有,,40.0
信義區,房地(土地+建物),信義路六段２６巷１９號二樓,28.16,住,,,1140512,土地2建物1車位0,二層,五層,公寓(5樓含以下無電梯),住家用,691203.0,103.08,3,2,2,有,無,22180000,215173.0,,0.0,0,其他增建；,RPVOMLTKOHKGFDA98DA,89.63,0.0,13.45,無,,44.0
南港區,房地(土地+建物),中坡北路１０６號二樓,21.93,住,,,1140518,土地2建物1車位0,二層,七層,華廈(10層含以下有電梯),住家用,731105.0,102.25,3,2,2,有,無,23910000,233839.0,,0.0,0,陽台外推；,RPPNMLMLOHKGFDA67DA,80.92,0.0,14.33,有,,41.0
北投區,房地(土地+建物)+車位,文林北路７５巷６１號七樓,47.54,住,,,1140523,土地1建物1車位1,七層,十三層,住宅大樓(11層含以上有電梯),住家用,1061117.0,190.88,3,2,2,有,有,42450000,268112.0,坡道平面,43.74,3000000,,RPPNMLOLNHKGFEA87DA,96.65,1.28,15.53,有,1373.0,8.0
北投區,房地(土地+建物),大興街９巷２１號四樓,35.58,住,,,1140524,土地1建物1車位0,四層,五層,公寓(5樓含以下無電梯),住家用,720608.0,113.14,3,2,2,有,無,19400000,171469.0,,0.0,0,,RPTPMLNLOHKGFEA48DA,99.62,1.19,10.19,無,,42.0
大安區,房地(土地+建物)+車位,信義路四段２６５巷２１弄８之５號八樓,9.3,住,,,1140517,土地1建物1車位1,八層,九層,華廈(10層含以下有電梯),住家用,1131106.0,97.3,2,1,2,有,有,36900000,481207.0,其他,27.06,3100000,,RPRNMLNJOHKGFFA97DA,40.17,0.0,3.38,有,,1.0
大安區,房地(土地+建物),瑞安街２７６巷５號四樓,28.5,住,,,1140506,土地1建物1車位0,四層,六層,華廈(10層含以下有電梯),住家用,660526.0,112.51,3,2,2,有,無,37360000,332059.0,,0.0,0,,RPPOMLLKOHKGFFA77DA,101.26,0.0,11.25,有,,48.0
大安區,房地(土地+建物),浦城街１３巷９號五樓之１０,4.17,住,,,1140501,土地1建物1車位0,五層,六層,華廈(10層含以下有電梯),住家用,960913.0,17.75,1,0,1,有,無,8660000,487887.0,,0.0,0,陽台外推；其他增建；,RPROMLQKOHKGFFA48DA,7.21,0.84,3.03,有,,18.0
大安區,房地(土地+建物)+車位,基隆路二段２４６號十一樓,33.36,住,,,1140529,土地2建物1車位3,十一層,十三層,住宅大樓(11層含以上有電梯),住家用,1001130.0,305.78999999999996,3,2,2,有,有,71500000,233821.0,坡道平面,0.0,0,,RPSNMLLJPHKGFFA97DA,108.85,9.38,14.47,有,,13.0
大安區,房地(土地+建物)+車位,安東街３５號四樓之５,10.72,住,,,1140513,土地1建物1車位1,四層,十三層,住宅大樓(11層含以上有電梯),住家用,1130704.0,86.74000000000001,2,1,1,有,有,32950000,468524.0,坡道平面,24.63,3850000,,RPWNMLNJPHKGFFA58DA,33.78,1.65,2.54,有,,1.0
大安區,房地(土地+建物)+車位,安東街３５號十樓之３,10.98,住,,,1140520,土地1建物1車位1,十層,十三層,住宅大樓(11層含以上有電梯),住家用,1130704.0,88.53999999999999,2,1,1,有,有,36500000,508528.0,坡道平面,24.63,4000000,,RPXNMLNJPHKGFFA68DA,33.78,2.78,2.54,有,,1.0
士林區,房地(土地+建物)+車位,中山北路五段７４６號十二樓之３,12.64,住,,,1140523,土地1建物1車位1,十二層,十八層,住宅大樓(11層含以上有電梯),住家用,1130904.0,156.03,2,2,2,有,有,39980000,336641.0,坡道平面,46.17,3000000,,RPUNMLLJPHKGFEA18EA,65.3,5.5,4.64,有,,1.0
萬華區,房地(土地+建物)+車位,中華路二段４１６巷８２號八樓之１,36.55,住,,,1140516,土地1建物1車位1,八層,十四層,住宅大樓(11層含以上有電梯),住家用,1010625.0,182.73,3,2,2,有,有,37200000,203579.0,坡道平面,0.0,0,,RPPNMLMLOHKGFBA47DA,101.51,0.0,10.16,有,1379.0,13.0
中山區,房地(土地+建物)+車位,南京東路三段４８巷３８號九樓之１,31.42,住,,,1140527,土地1建物1車位2,九層,十四層,住宅大樓(11層含以上有電梯),住家用,930330.0,254.22000000000003,3,2,2,有,有,75000000,357977.0,坡道平面,65.93,7600000,陽台外推；其他增建；,RPXOMLNKOHKGFCA48DA,110.58,4.94,13.01,有,,21.0
內湖區,房地(土地+建物),民權東路六段１２０巷１弄４號五樓,30.37,住,,,1140501,土地1建物1車位0,五層,五層,公寓(5樓含以下無電梯),住家用,730130.0,98.79,3,2,2,有,無,16880000,170867.0,,0.0,0,其他增建；,RPTNMLNLOHKGFCA08DA,78.13,0.0,13.74,無,,41.0
內湖區,房地(土地+建物),東湖路１６０巷１０弄２０號二樓,24.99,住,,,1140504,土地1建物1車位0,二層,五層,公寓(5樓含以下無電梯),住家用,701224.0,91.93,4,0,4,有,無,13990000,152181.0,,0.0,0,陽台外推；其他增建；,RPTOMLNLOHKGFCA18DA,81.88,0.0,10.05,無,,43.0
內湖區,房地(土地+建物)+車位,成功路二段１１５巷７號七樓之１,28.62,住,,,1140524,土地1建物1車位1,七層,十一層,住宅大樓(11層含以上有電梯),住家用,1110510.0,201.35,3,2,2,有,有,43750000,255336.0,坡道平面,40.19,2600000,,RPQNMLPJPHKGFCA87DA,95.48,9.93,11.36,有,,3.0
大安區,房地(土地+建物),羅斯福路三段２８３巷７弄２號二樓,48.75,住,,,1140504,土地1建物1車位0,二層,四層,公寓(5樓含以下無電梯),住家用,630424.0,145.29,3,2,2,有,無,38350000,263955.0,,0.0,0,,RPPNMLRJPHKGFFA28DA,130.03,0.0,15.26,無,,51.0
中正區,房地(土地+建物)+車位,廈門街１３１巷６之１號三樓,31.48,住,,,1140511,土地1建物1車位1,三層,五層,華廈(10層含以下有電梯),住家用,820702.0,146.18,3,2,2,有,有,29000000,198386.0,升降平面,0.0,2000000,其他增建；,RPQOMLTJOHKGFAA08DA,74.74,3.1,9.04,有,,32.0
萬華區,房地(土地+建物),寶興街１３６號二樓,25.19,住,,,1140531,土地1建物1車位0,二層,五層,公寓(5樓含以下無電梯),住家用,701229.0,95.89,3,2,1,有,無,15000000,156429.0,,0.0,0,陽台外推；其他增建；,RPOOMLMKOHKGFBA37DA,82.52,0.0,13.37,無,,43.0
大同區,房地(土地+建物),延平北路四段５３號三樓,4.38,住,,,1140525,土地2建物1車位0,三層,四層,公寓(5樓含以下無電梯),住家用,590110.0,46.95,2,1,1,有,無,7780000,165708.0,,0.0,0,法空上方增建其他增建；,RPSNMLMJPHKGFBA67DA,46.95,0.0,0.0,無,1387.0,55.0
萬華區,房地(土地+建物)+車位,萬大路１９８巷８號,34.15,住,,,1140520,土地2建物1車位1,一層,五層,公寓(5樓含以下無電梯),住家用,1051123.0,66.32,2,2,1,有,有,16800000,253317.0,一樓平面,13.75,0,本買賣主建物內含一位法定停車位2.5mX5.5m不另拆分停車位價,RPOOMLSJPHKGFBA97DA,42.9,0.0,6.18,無,,8.0
中山區,房地(土地+建物),新生北路三段４３號二樓之５,6.57,住,,,1140520,土地2建物1車位0,二層,十一層,住宅大樓(11層含以上有電梯),住家用,670301.0,51.73,3,2,1,有,有,14800000,286101.0,,0.0,0,陽台外推；其他增建；,RPUOMLLJPHKGFCA97DA,35.62,0.0,3.09,有,1390.0,47.0
南港區,房地(土地+建物),昆陽街１４２巷１２號三樓,27.25,住,,,1140524,土地1建物1車位0,三層,四層,公寓(5樓含以下無電梯),住家用,660323.0,71.25,3,1,1,有,無,14800000,207719.0,,0.0,0,陽台外推；,RPRNMLOJPHKGFDA97DA,62.16,0.0,9.09,無,,48.0
士林區,房地(土地+建物),通河西街二段１７９號二樓,30.0,住,,,1140531,土地1建物1車位0,二層,三層,公寓(5樓含以下無電梯),住家用,600525.0,65.45,2,2,1,有,無,11800000,180290.0,,0.0,0,空地增建鐵鋁窗增建陽台外推；其他增建；,RPRNMLSKOHKGFEA48DA,65.45,0.0,0.0,無,,54.0
北投區,房地(土地+建物)+車位,開明街３６號三樓,44.66,住,,,1140529,土地1建物1車位1,三層,八層,華廈(10層含以下有電梯),住家用,850426.0,140.78,3,2,2,有,有,23500000,166927.0,坡道平面,0.0,0,凸窗外推陽台外推；其他增建；,RPPOMLLJPHKGFEA67DA,90.86,0.0,11.63,有,1391.0,29.0
士林區,房地(土地+建物),中山北路七段１４６巷３號,23.46,住,,,1140523,土地1建物1車位0,一層,五層,公寓(5樓含以下無電梯),住家用,720718.0,102.48,3,2,2,有,無,22000000,214676.0,,0.0,0,其他增建:平台其他增建；,RPROMLOJPHKGFEA18DA,78.28,17.59,0.0,無,,42.0
大安區,房地(土地+建物),安和路二段４４巷１７號四樓,20.44,住,,,1140518,土地1建物1車位0,四層,七層,華廈(10層含以下有電梯),住家用,740410.0,104.32,3,2,2,有,有,34680000,332439.0,,0.0,0,,RPPNMLSJPHKGFFA38DA,80.82,0.0,6.76,有,1392.0,40.0
信義區,房地(土地+建物),虎林街３０巷１２弄５號三樓,28.14,住,,,1140522,土地1建物1車位0,三層,五層,公寓(5樓含以下無電梯),住家用,740517.0,108.88,3,2,2,有,無,22200000,203894.0,,0.0,0,,RPUOMLLJPHKGFDA08DA,91.13,0.0,11.59,無,1396.0,40.0
士林區,房地(土地+建物)+車位,德行東路３３１巷８號十一樓,56.87,住,,,1140522,土地1建物1車位2,十一層,十三層,住宅大樓(11層含以上有電梯),住家用,920401.0,291.96,4,2,2,有,有,64500000,270959.0,坡道平面,76.06,6000000,陽台外推；其他增建；,RPPNMLKKOHKGFEA47DA,145.57,0.0,16.07,有,1397.0,22.0
文山區,房地(土地+建物),指南路二段２２１號,20.53,住,,,1140524,土地1建物1車位0,一層,四層,華廈(10層含以下有電梯),住家用,1101202.0,35.75,1,1,1,有,有,10080000,281958.0,,0.0,0,其他增建；,RPPNMLLKOHKGFAA17DA,23.08,0.0,0.0,有,1402.0,3.0
中正區,房地(土地+建物),泉州街１５１巷５號三樓,35.25,住,,,1140525,土地2建物1車位0,三層，陽臺,四層,公寓(5樓含以下無電梯),住家用,651029.0,91.86,3,2,1,有,無,13300000,144786.0,,0.0,0,,RPPNMLMJPHKGFAA27DA,91.86,0.0,0.0,無,,49.0
文山區,房地(土地+建物),興隆路三段２０７巷１８弄８號三樓,25.85,住,,,1140520,土地1建物1車位0,三層,五層,公寓(5樓含以下無電梯),住家用,730830.0,101.09,3,2,2,有,有,12260000,121278.0,,0.0,0,陽台外推；,RPSTMLRJPHKGFAA68DA,74.86,0.0,15.72,無,1403.0,41.0
士林區,房地(土地+建物),承德路四段２９４之１號十一樓,16.87,住,,,1140509,土地1建物1車位0,十一層,十二層,住宅大樓(11層含以上有電梯),住家用,770715.0,128.34,3,2,2,有,有,26500000,206483.0,,0.0,0,其他增建；,RPSOMLTKOHKGFEA78DA,96.23,1.88,10.62,有,,37.0
北投區,房地(土地+建物),立農街一段１８７巷１０弄６號五樓,30.46,住,,,1140525,土地2建物1車位0,五層,五層,公寓(5樓含以下無電梯),住家用,741007.0,113.02,3,2,2,有,無,16630000,147142.0,,0.0,0,頂樓加蓋；其他增建；,RPOOMLKLOHKGFEA57DA,93.05,0.0,9.72,無,,40.0
北投區,房地(土地+建物)+車位,石牌路二段３４３巷７號二樓,41.34,住,,,1140526,土地1建物1車位1,二層,六層,華廈(10層含以下有電梯),住家用,910624.0,163.01,3,2,2,有,有,26800000,164407.0,塔式車位,0.0,0,本案件未申報車位面積，因此建物移轉總面積無法扣除車位面積，致使比例較低。陽台外推；,RPROMLKLOHKGFEA87DA,87.69,1.66,13.01,有,,23.0
士林區,房地(土地+建物),前街１１５巷９號二樓,18.67,住,,,1140518,土地1建物1車位0,二層,三層,公寓(5樓含以下無電梯),住家用,570813.0,55.44,2,2,1,有,無,12300000,221861.0,,0.0,0,其他增建；,RPROMLLJPHKGFEA87DA,55.44,0.0,0.0,無,1406.0,57.0
北投區,房地(土地+建物),懷德街１１巷１弄８號二樓,45.0,住,,,1140526,土地1建物1車位0,二層,四層,公寓(5樓含以下無電梯),住家用,610427.0,100.78,3,2,2,有,無,19000000,188529.0,,0.0,0,,RPWRMLRJPHKGFEA66DA,87.44,0.0,13.34,無,,53.0
大安區,房地(土地+建物),敦化南路二段１０號五樓,19.33,住,,,1140510,土地1建物1車位0,五層,七層,華廈(10層含以下有電梯),住家用,670831.0,89.63,2,2,2,有,無,37600000,419502.0,,0.0,0,陽台外推；,RPOOMLPLOHKGFFA18DA,67.63,0.0,14.31,有,1407.0,47.0
信義區,房地(土地+建物),忠孝東路五段２３６巷５５號九樓之３,12.68,住,,,1140517,土地1建物1車位0,九層,十一層,住宅大樓(11層含以上有電梯),住家用,860610.0,39.22,1,1,1,有,有,17600000,448751.0,,0.0,0,陽台外推；夾層；,RPVNMLRLOHKGFDA88EA,22.53,2.05,4.61,有,,28.0
士林區,房地(土地+建物),福國路９號二樓之１,7.97,住,,,1140521,土地1建物1車位0,二層，陽臺,四層,公寓(5樓含以下無電梯),住家用,651109.0,28.83,1,0,1,有,無,6200000,215054.0,,0.0,0,,RPPNMLKKPHKGFEA67EA,28.83,0.0,0.0,無,,49.0
北投區,房地(土地+建物),中山北路七段２１９巷３弄８５號六樓,19.93,住,,,1140520,土地1建物1車位0,六層,七層,華廈(10層含以下有電梯),住家用,730920.0,93.89,3,2,2,有,有,16330000,173927.0,,0.0,0,陽台外推；,RPPNMLLKPHKGFEA77EA,78.09,0.0,12.93,有,,41.0
文山區,房地(土地+建物),木柵路二段１０９巷２５弄１０８號二樓,77.44,住,,,1140518,土地1建物1車位0,二層,四層,公寓(5樓含以下無電梯),住家用,711220.0,127.01,3,2,2,有,有,16000000,125974.0,,0.0,0,其他增建；,RPWNMLMJOHKGFAA87DA,113.22,0.0,13.79,無,1409.0,42.0
文山區,房地(土地+建物),木柵路三段８５巷２３弄１７號三樓,27.65,住,,,1140531,土地1建物1車位0,三層,五層,公寓(5樓含以下無電梯),住家用,690916.0,96.63,3,2,2,有,無,14700000,152127.0,,0.0,0,其他增建；,RPTNMLQLOHKGFAA18DA,87.78,0.0,8.85,無,,45.0
中正區,房地(土地+建物),中華路二段４０９巷２５號二樓,39.75,住,,,1140507,土地2建物1車位0,二層，陽臺,四層,公寓(5樓含以下無電梯),住家用,640304.0,111.79,3,2,1,有,無,17900000,160122.0,,0.0,0,,RPUNMLLKPHKGFAA77DA,111.79,0.0,0.0,無,,50.0
內湖區,房地(土地+建物),內湖路一段２８５巷６５弄８之１號三樓,31.61,住,,,1140524,土地1建物1車位0,三層,五層,公寓(5樓含以下無電梯),住家用,720207.0,124.3,3,2,2,有,無,23380000,188093.0,,0.0,0,其他增建；,RPOOMLOJPHKGFCA67DA,101.84,0.0,14.18,無,,42.0
內湖區,房地(土地+建物)+車位,文湖街２１巷１１２弄１７號十樓,26.1,住,,,1140501,土地1建物1車位1,十層,十四層,住宅大樓(11層含以上有電梯),住家用,901023.0,143.4,2,2,2,有,有,23360000,162901.0,坡道機械,0.0,1500000,陽台外推；其他增建；,RPROMLTJPHKGFCA48DA,71.45,1.54,8.17,有,1412.0,24.0
內湖區,房地(土地+建物)+車位,康寧路三段７０巷１０號七樓,22.15,住,,,1140525,土地1建物1車位1,七層,十三層,住宅大樓(11層含以上有電梯),住家用,940811.0,134.05,2,2,1,有,有,30500000,310399.0,坡道平面,44.81,2800000,其他增建；,RPPPMLTJPHKGFCA38DA,52.33,1.75,5.02,有,1413.0,20.0
北投區,房地(土地+建物),石牌路一段３９巷３６弄１６號二樓,30.0,住,,,1140515,土地1建物1車位0,二層,四層,公寓(5樓含以下無電梯),住家用,620122.0,86.63,2,2,1,有,無,17000000,196237.0,,0.0,0,陽台外推；其他增建；,RPTNMLNLOHKGFEA28DA,73.57,0.0,13.06,無,,52.0
大安區,房地(土地+建物),通化街１２０巷５號三樓,41.0,住,,,1140512,土地1建物1車位0,三層,四層,公寓(5樓含以下無電梯),住家用,661124.0,111.44,3,2,2,有,無,25400000,227925.0,,0.0,0,,RPPNMLLKPHKGFFA77DA,91.8,0.0,19.64,無,,47.0
大同區,房地(土地+建物),迪化街二段２４４之１號,41.5,住,,,1140501,土地1建物1車位0,二層,二層,公寓(5樓含以下無電梯),住家用,550411.0,71.8,0,2,2,有,無,13900000,193593.0,,0.0,0,,RPPNMLOKPHKGFBA77EA,63.66,0.0,8.14,無,,59.0
文山區,房地(土地+建物),辛亥路四段２１５號三樓,23.8,住,,,1140504,土地1建物1車位0,三層,五層,公寓(5樓含以下無電梯),住家用,710713.0,66.67,3,2,1,有,無,13100000,196490.0,,0.0,0,其他增建；,RPPNMLQKOHKGFAA67DA,60.4,0.0,6.27,無,,43.0
文山區,房地(土地+建物)+車位,羅斯福路六段３２２號五樓,36.29,住,,,1140510,土地2建物1車位1,五層,十四層,住宅大樓(11層含以上有電梯),住家用,960604.0,212.01,4,2,2,有,有,39180000,223516.0,坡道平面,48.8,2700000,陽台外推；,RPOOMLRJPHKGFAA77DA,108.25,2.24,13.01,有,1417.0,18.0
大同區,房地(土地+建物),承德路三段３０１巷４號二樓,31.32,住,,,1140522,土地1建物1車位0,二層,五層,公寓(5樓含以下無電梯),住家用,691215.0,105.9,3,2,2,有,無,17550000,165722.0,,0.0,0,其他增建；,RPRNMLLJPHKGFBA47DA,94.26,0.0,11.64,無,,44.0
內湖區,房地(土地+建物)+車位,康樂街１３６巷１８弄３７號十樓,18.61,住,,,1140530,土地1建物1車位1,十層,十四層,住宅大樓(11層含以上有電梯),住家用,1020625.0,134.26,3,2,2,有,有,30880000,251844.0,坡道機械,20.38,2200000,,RPQNMLKLOHKGFCA47DA,78.49,0.0,8.22,有,1419.0,12.0
信義區,房地(土地+建物),松德路２５巷３７號六樓,14.99,住,,,1140517,土地1建物1車位0,六層,七層,華廈(10層含以下有電梯),住家用,710225.0,70.97,2,2,1,有,無,16500000,232493.0,,0.0,0,陽台外推；其他增建；,RPOOMLKLOHKGFDA47DA,54.33,0.0,4.22,有,,43.0
信義區,房地(土地+建物)+車位,崇德街６３巷３號二樓,22.7,住,,,1140526,土地1建物1車位1,二層,十二層,住宅大樓(11層含以上有電梯),住家用,1010614.0,183.91000000000005,2,2,1,有,有,48180000,297491.0,坡道平面,32.04,3000000,其他增建；,RPVNMLTJPHKGFDA88DA,82.64,7.92,5.56,有,1421.0,13.0
士林區,房地(土地+建物),社子街６３巷１３號三樓,29.59,住,,,1140530,土地2建物1車位0,三層,五層,公寓(5樓含以下無電梯),住家用,700227.0,104.86,4,2,1,有,無,13000000,123975.0,,0.0,0,陽台外推；其他增建；,RPTOMLLKPHKGFEA18DA,92.02,0.0,12.84,無,,44.0
士林區,房地(土地+建物),中山北路六段２０６號四樓,15.15,住,,,1140513,土地1建物1車位0,四層,五層,公寓(5樓含以下無電梯),住家用,861111.0,62.96,1,1,1,有,無,13650000,216804.0,,0.0,0,,RPSNMLOKPHKGFEA28DA,45.02,2.43,6.14,無,,28.0
大安區,房地(土地+建物),復興南路二段１７１巷１８號九樓,25.33,住,,,1140511,土地1建物1車位0,九層,十九層,住宅大樓(11層含以上有電梯),住家用,740522.0,129.09,4,2,2,有,有,32500000,251762.0,,0.0,0,陽台外推；其他增建；,RPSOMLQKOHKGFFA58DA,97.03,1.8,9.07,有,,40.0
大安區,房地(土地+建物),通化街１９巷１１號二樓,30.75,住,,,1140516,土地1建物1車位0,二層，陽臺,四層,公寓(5樓含以下無電梯),住家用,651012.0,89.91,3,2,1,有,無,22700000,252475.0,,0.0,0,其他增建；,RPRNMLKLOHKGFFA87DA,89.91,0.0,0.0,無,,49.0
大安區,房地(土地+建物),大安路一段１９１號六樓,30.23,住,,,1140524,土地2建物1車位0,六層,七層,華廈(10層含以下有電梯),住家用,661212.0,184.9,3,2,1,有,有,48880000,264359.0,,0.0,0,陽台外推；,RPXNMLLJPHKGFFA48DA,134.43,0.0,23.77,有,,47.0
大安區,房地(土地+建物),大安路一段２０２號三樓之２,3.58,住,,,1140525,土地1建物1車位0,三層,十二層,住宅大樓(11層含以上有電梯),住家用,971028.0,35.43,1,1,1,有,有,19280000,544172.0,,0.0,0,夾層；其他增建；,RPXNMLRJPHKGFFA09DA,20.07,2.73,0.0,有,1424.0,17.0
北投區,房地(土地+建物),致遠一路二段５７巷２８號五樓,22.8,住,,,1140523,土地1建物1車位0,五層,五層,公寓(5樓含以下無電梯),住家用,710831.0,95.42,3,2,1,有,無,17200000,180256.0,,0.0,0,陽台外推；,RPRNMLQKPHKGFEA48EA,76.47,0.0,12.49,無,,43.0
中正區,房地(土地+建物),詔安街２８號二樓,34.75,住,,,1140518,土地1建物1車位0,二層,四層,公寓(5樓含以下無電梯),住家用,660822.0,93.62,3,2,1,有,無,14160000,151250.0,,0.0,0,其他增建；,RPXNMLKLOHKGFAA97DA,81.13,0.0,12.49,無,,48.0
文山區,房地(土地+建物)+車位,興隆路三段３０４巷３２之２號三樓,23.55,住,,,1140516,土地2建物1車位1,三層,七層,華廈(10層含以下有電梯),住家用,1030314.0,145.56,3,2,2,有,有,20200000,153096.0,坡道平面,26.69,2000000,陽台外推；其他增建；,RPWNMLNLOHKGFAA18DA,56.59,11.42,7.79,有,1425.0,11.0
萬華區,房地(土地+建物),環河南路二段２９２號五樓,28.26,住,,,1140521,土地7建物1車位0,五層,五層,公寓(5樓含以下無電梯),住家用,680626.0,92.75,5,3,2,有,無,11500000,123989.0,,0.0,0,頂樓加蓋；,RPSNMLSKOHKGFBA28DA,86.74,0.0,6.01,無,,46.0
內湖區,房地(土地+建物),康寧路三段５６巷５３號三樓,36.34,住,,,1140525,土地1建物1車位0,三層,五層,公寓(5樓含以下無電梯),住家用,691122.0,122.51,3,2,2,有,無,19700000,160803.0,,0.0,0,,RPSSMLSJPHKGFCA88DA,110.92,0.0,11.59,無,,45.0
內湖區,房地(土地+建物)+車位,成功路五段４２０巷１７號五樓之２,33.38,住,,,1140502,土地1建物1車位1,五層,十一層,住宅大樓(11層含以上有電梯),住家用,860515.0,146.74,3,2,2,有,有,34500000,235110.0,坡道機械,0.0,1500000,,RPOOMLPKPHKGFCA87DA,81.72,2.36,9.02,有,,28.0
北投區,房地(土地+建物),石牌路二段３５７巷５之１號二樓,49.61,住,,,1140516,土地1建物1車位0,二層,五層,公寓(5樓含以下無電梯),住家用,680903.0,146.12,3,2,2,有,無,18500000,126608.0,,0.0,0,其他增建:後方增建陽台外推；其他增建；,RPVNMLOKPHKGFEA58DA,129.85,0.0,16.27,無,,46.0
中正區,房地(土地+建物),汀州路二段１２巷６號七樓,15.89,住,,,1140523,土地1建物1車位0,七層,七層,華廈(10層含以下有電梯),住家用,980114.0,56.42,1,1,1,有,有,11880000,210564.0,,0.0,0,陽台外推；,RPQNMLNKNHKGFAA47EA,18.1,0.0,19.47,有,,16.0
大同區,房地(土地+建物),迪化街二段７３號二樓,25.4,住,,,1140522,土地1建物1車位0,二層,五層,公寓(5樓含以下無電梯),住家用,700115.0,80.96,3,2,2,有,無,15700000,193923.0,,0.0,0,陽台外推；其他增建；含租約；,RPTNMLKMNHKGFBA67DA,72.01,0.0,8.95,無,1434.0,44.0
萬華區,建物,成都路６７號十樓之７,0.0,,,,1140513,土地0建物1車位0,十層,十二層,住宅大樓(11層含以上有電梯),住家用,840112.0,25.01,2,0,1,有,有,3100000,123950.0,,0.0,0,其他增建：懸空增建；建物坐落地號：福星段三小段559地號；其他增建；地上權房屋；,RPWNMLKKPHKGFBA97DA,17.22,0.0,0.0,有,,30.0
內湖區,房地(土地+建物),康寧路三段１８９巷８３弄１７號三樓,28.63,住,,,1140525,土地1建物1車位0,三層,八層,華廈(10層含以下有電梯),住家用,831229.0,111.33,3,2,2,有,有,24380000,218989.0,,0.0,0,其他增建；,RPPPMLKMOHKGFCA67DA,77.05,0.0,10.56,有,1436.0,30.0
內湖區,房地(土地+建物)+車位,文湖街２１巷９１弄９號十樓,22.63,住,,,1140513,土地1建物1車位1,十層,十層,華廈(10層含以下有電梯),住家用,1070105.0,105.46,1,2,1,有,有,24000000,221570.0,塔式車位,6.62,2100000,其他增建；,RPQOMLLJPHKGFCA57DA,51.35,7.4,3.24,有,1437.0,7.0
中山區,房地(土地+建物),八德路二段１７４巷９弄１１號,46.21,住,,,1140506,土地1建物1車位0,一層,四層,公寓(5樓含以下無電梯),住家用,640328.0,150.48,3,2,2,有,無,36500000,242557.0,,0.0,0,其他增建；,RPWNMLOJPHKGFCA38DA,133.54,16.94,0.0,無,,50.0
內湖區,房地(土地+建物),內湖路一段９１巷３５弄３１號四樓,26.6,住,,,1140509,土地1建物1車位0,四層,五層,公寓(5樓含以下無電梯),住家用,720616.0,98.86,3,2,2,有,無,17200000,173983.0,,0.0,0,陽台外推；,RPTNMLPKPHKGFCA28DA,80.37,0.0,11.08,無,,42.0
內湖區,房地(土地+建物)+車位,民權東路六段２８０巷４５弄４１號三樓,40.25,住,,,1140505,土地1建物1車位2,三層,十一層,住宅大樓(11層含以上有電梯),住家用,910422.0,234.57,4,2,2,有,有,47000000,200367.0,坡道平面,0.0,5000000,增建後陽台B1原登記兩個機械車位，現已合併改為一個平面車位其他增建；,RPPOMLPKPHKGFCA97DA,109.06,0.0,12.2,有,1438.0,23.0
南港區,房地(土地+建物)+車位,向陽路１９６巷８號十一樓之１,22.8,住,,,1140520,土地1建物1車位1,十一層,十二層,住宅大樓(11層含以上有電梯),住家用,980306.0,137.01,2,2,1,有,有,29600000,294565.0,坡道平面,45.01,2500000,其他增建；,RPWOMLRKOHKGFDA88DA,53.3,5.27,5.53,有,,16.0
松山區,房地(土地+建物)+車位,南京東路四段１５８巷９號四樓,23.24,住,,,1140524,土地1建物1車位1,四層,十層,華廈(10層含以下有電梯),住家用,1131206.0,143.39999999999998,3,2,2,有,有,53550000,403981.0,塔式車位,16.29,2200000,,RPWNMLRKPHKGFDA88DA,72.96,0.0,7.39,有,,
士林區,房地(土地+建物)+車位,德行東路３３８巷２號六樓,26.33,住,,,1140520,土地2建物1車位1,六層,七層,華廈(10層含以下有電梯),住家用,1100427.0,130.66,2,2,2,有,有,32500000,263567.0,塔式車位,14.94,2000000,車位樓層:地下2層陽台外推；其他增建；,RPQOMLKMOHKGFEA87DA,52.36,4.43,4.84,有,1440.0,4.0
士林區,房地(土地+建物),雨聲街５９巷１號六樓,26.74,住,,,1140524,土地1建物1車位0,六層,七層,華廈(10層含以下有電梯),住家用,750311.0,133.1,3,2,2,有,有,28500000,214141.0,,0.0,0,其他增建；,RPTNMLKKPHKGFEA97DA,114.42,0.0,11.27,有,,39.0
大安區,房地(土地+建物),四維路５２巷１號二樓,32.0,住,,,1140507,土地1建物1車位0,二層，陽臺,六層,華廈(10層含以下有電梯),住家用,610601.0,149.77,4,2,2,有,有,38000000,253722.0,,0.0,0,,RPTNMLOKPHKGFFA48DA,149.77,0.0,0.0,有,,53.0
北投區,房地(土地+建物),中山北路七段２１９巷３弄１１３號七樓,15.6,住,,,1140525,土地1建物1車位0,七層,七層,華廈(10層含以下有電梯),住家用,730920.0,72.21000000000001,3,2,1,有,有,11560000,160089.0,,0.0,0,外梯增建頂樓加蓋；其他增建；毛胚屋；,RPRNMLRKPHKGFEA58EA,58.76,0.0,7.25,有,,41.0
萬華區,房地(土地+建物),艋舺大道２０４號三樓之１,15.48,住,,,1140511,土地1建物1車位0,三層,七層,華廈(10層含以下有電梯),住家用,750410.0,70.95,2,2,1,有,有,15880000,223820.0,,0.0,0,陽台外推；其他增建；,RPWNMLQKOHKGFBA48DA,47.28,0.0,9.1,有,,39.0
大同區,房地(土地+建物),哈密街６３巷８號二樓,17.4,住,,,1140531,土地1建物1車位0,二層,五層,公寓(5樓含以下無電梯),住家用,690125.0,62.61,2,2,1,有,無,13660000,218176.0,,0.0,0,,RPRNMLTJPHKGFBA28DA,47.24,0.0,15.37,無,1447.0,45.0
內湖區,房地(土地+建物),內湖路三段３４３巷１弄９號,28.8,住,,,1140510,土地1建物1車位0,一層，停車場,五層,公寓(5樓含以下無電梯),住家用,690603.0,106.28,3,2,2,有,無,21600000,203237.0,,0.0,0,其他增建；,RPQOMLTLNHKGFCA38DA,91.3,14.98,0.0,無,,45.0
內湖區,房地(土地+建物)+車位,南京東路六段２５９號十四樓之２,89.67,住,,,1140503,土地1建物2車位4,十四層,十八層,住宅大樓(11層含以上有電梯),住家用,1011226.0,669.55,8,2,4,有,有,155000000,231499.0,坡道平面,154.56,0,,RPUNMLTKOHKGFCA68DA,300.27,16.02,34.9,有,1448.0,12.0
松山區,房地(土地+建物),光復北路１１巷９３號六樓之１,18.7,住,,,1140504,土地1建物1車位0,六層,十五層,住宅大樓(11層含以上有電梯),住家用,780810.0,131.9,3,2,2,有,有,36000000,272934.0,,0.0,0,陽台外推；其他增建；,RPXNMLKLOHKGFDA28DA,94.6,0.0,13.12,有,,36.0
南港區,房地(土地+建物),福德街３７３巷１５號十八樓之１,21.15,住,,,1140516,土地1建物1車位0,十八層,十八層,住宅大樓(11層含以上有電梯),住家用,870521.0,127.97,3,2,1,有,有,23280000,181918.0,,0.0,0,陽台外推；其他增建；,RPPNMLOJPHKGFDA77DA,69.87,0.0,8.06,有,1451.0,27.0
北投區,房地(土地+建物),文化三路１２之５號四樓,38.2,住,,,1140518,土地1建物1車位0,四層,十層,華廈(10層含以下有電梯),住家用,840110.0,138.63,3,2,2,有,有,23000000,165909.0,,0.0,0,陽台外推；其他增建；,RPPOMLKMOHKGFEA77DA,93.87,0.0,11.63,有,,30.0
士林區,房地(土地+建物)+車位,天母北路５６號十六樓,22.52,住,,,1140529,土地1建物1車位2,十六層,二十四層,住宅大樓(11層含以上有電梯),住家用,1090703.0,261.09000000000003,2,2,2,有,有,66380000,325759.0,坡道平面,77.58,6600000,,RPQNMLRKPHKGFEA38DA,95.03,7.12,17.61,有,,5.0
大安區,房地(土地+建物),信義路四段２６５巷２１弄８之２號八樓,6.64,住,,,1140525,土地1建物1車位0,八層,九層,華廈(10層含以下有電梯),住家用,1131106.0,50.16,0,0,0,無,有,24400000,486443.0,,0.0,0,,RPPOMLLJPHKGFFA77DA,28.13,0.0,2.97,有,,1.0
大安區,房地(土地+建物),安和路二段６９巷１８號七樓之２,10.54,住,,,1140527,土地2建物1車位0,七層,八層,華廈(10層含以下有電梯),住家用,941201.0,41.54,1,1,1,有,有,13200000,317766.0,,0.0,0,陽台外推；,RPPNMLOJPHKGFFA97DA,25.04,0.0,8.57,有,,19.0
文山區,房地(土地+建物),木柵路四段１５９巷１７８號四樓,28.02,住,,,1140517,土地2建物1車位0,四層,五層,公寓(5樓含以下無電梯),住家用,700409.0,93.64,1,1,1,有,無,12500000,133490.0,,0.0,0,其他增建；,RPUNMLKLOHKGFAA67DA,81.9,0.0,11.74,無,1454.0,44.0
萬華區,建物,三水街１１５巷３號,0.0,,,,1140519,土地0建物1車位0,一層,四層,公寓(5樓含以下無電梯),住家用,631001.0,64.11,2,2,1,有,無,8070000,125877.0,,0.0,0,建物坐落地號：龍山段二小段166地號；其他增建；,RPPOMLLKOHKGFBA37DA,64.11,0.0,0.0,無,,51.0
內湖區,房地(土地+建物),文德路２２巷５９弄８號六樓,36.12,住,,,1140504,土地1建物1車位0,六層,七層,華廈(10層含以下有電梯),住家用,730131.0,129.05,3,2,1,有,有,25500000,197598.0,,0.0,0,其他增建；,RPOOMLQKOHKGFCA87DA,82.37,0.0,16.41,有,1455.0,41.0
內湖區,房地(土地+建物),行善路２７號九樓,48.27,住,,,1140501,土地1建物1車位0,九層,九層,華廈(10層含以下有電梯),住家用,870506.0,127.79,3,2,2,有,有,25200000,197199.0,,0.0,0,其他增建；,RPTOMLQKOHKGFCA38DA,76.75,0.0,7.06,有,,27.0
松山區,房地(土地+建物)+車位,光復北路２６巷１２號四樓,20.87,住,,,1140517,土地1建物1車位1,四層,十層,華廈(10層含以下有電梯),住家用,771102.0,163.94,3,2,2,有,有,31900000,239433.0,坡道平面,41.15,2500000,其他增建；,RPUOMLRKOHKGFDA68DA,87.73,1.36,12.58,有,,37.0
信義區,房地(土地+建物),忠孝東路五段４１號四樓,19.25,住,,,1140506,土地2建物1車位0,四層,十二層,住宅大樓(11層含以上有電梯),住家用,720406.0,118.1,3,2,1,有,有,35000000,296359.0,,0.0,0,,RPPNMLSKPHKGFDA28DA,79.35,0.0,6.68,有,,42.0
士林區,房地(土地+建物),中山北路六段４１９巷３９之１號五樓,30.6,住,,,1140511,土地1建物1車位0,五層,五層,公寓(5樓含以下無電梯),住家用,731129.0,111.65,3,2,2,有,無,21000000,188088.0,,0.0,0,陽台外推；頂樓加蓋；其他增建；,RPPPMLRKOHKGFEA38DA,96.52,0.93,10.08,無,,40.0
北投區,房地(土地+建物),吉利街１７４號五樓,28.93,住,,,1140528,土地1建物1車位0,五層,五層,公寓(5樓含以下無電梯),住家用,720311.0,93.56,5,3,3,有,無,12500000,133604.0,,0.0,0,陽台外推；頂樓加蓋；,RPTNMLPKPHKGFEA48DA,85.57,0.0,7.99,無,,42.0
大安區,房地(土地+建物),信義路四段１９９巷１１號五樓,36.5,住,,,1140528,土地1建物1車位0,五層,七層,華廈(10層含以下有電梯),住家用,681003.0,196.43,4,2,3,有,無,51500000,262180.0,,0.0,0,陽台外推；其他增建；,RPQNMLKLOHKGFFA77DA,168.45,0.0,27.98,有,,46.0
大安區,房地(土地+建物)+車位,臥龍街２６８號十樓之５,16.21,住,,,1140504,土地1建物1車位1,十層,二十三層,住宅大樓(11層含以上有電梯),住家用,1130927.0,155.89999999999998,3,2,2,有,有,48000000,307890.0,坡道平面,38.09,0,,RPRNMLOJPHKGFFA18DA,68.26,4.8,5.82,有,,1.0
中正區,房地(土地+建物),晉江街２８號五樓,23.18,住,,,1140509,土地1建物1車位0,五層,五層,公寓(5樓含以下無電梯),住家用,761210.0,115.5,4,2,2,有,無,20000000,173160.0,,0.0,0,陽台外推；其他增建；,RPXNMLNLOHKGFAA28DA,86.7,7.87,8.67,無,,37.0
大同區,房地(土地+建物),迪化街二段３３６號四樓,24.25,住,,,1140519,土地1建物1車位0,四層,四層,公寓(5樓含以下無電梯),住家用,601221.0,68.0,3,2,2,有,無,12000000,176471.0,,0.0,0,頂樓加蓋；,RPXNMLLJPHKGFBA08DA,68.0,0.0,0.0,無,1460.0,53.0
內湖區,房地(土地+建物)+車位,文德路７３號十三樓之１,35.92,住,,,1140518,土地2建物1車位2,十三層,十四層,住宅大樓(11層含以上有電梯),住家用,970729.0,312.36,3,2,2,有,有,78000000,308219.0,坡道平面,78.76,6000000,其他增建；,RPROMLTJOHKGFCA38DA,145.1,5.57,13.48,有,,17.0
內湖區,房地(土地+建物),民權東路六段５６巷１弄２號六樓,15.87,住,,,1140519,土地1建物1車位0,六層,七層,華廈(10層含以下有電梯),住家用,721013.0,91.15,3,1,1,有,無,19000000,208448.0,,0.0,0,陽台外推；其他增建；,RPQOMLMKOHKGFCA67DA,73.67,0.0,13.11,有,,42.0
內湖區,房地(土地+建物),內湖路三段５９巷７弄１７號三樓,12.74,住,,,1140512,土地1建物1車位0,三層，走廊,五層,公寓(5樓含以下無電梯),住家用,680717.0,45.41,1,1,1,有,無,8000000,176173.0,,0.0,0,陽台外推；,RPQQMLSKPHKGFCA58DA,41.39,0.0,4.02,無,,46.0
南港區,房地(土地+建物),成福路５１之１號三樓,26.77,住,,,1140520,土地1建物1車位0,三層,七層,華廈(10層含以下有電梯),住家用,1050920.0,110.88,2,2,2,有,有,34080000,307359.0,,0.0,0,陽台外推；,RPQOMLKLOHKGFDA67DA,61.67,6.84,5.68,有,1461.0,9.0
北投區,房地(土地+建物),中央北路四段３８２號五樓,20.73,住,,,1140524,土地1建物1車位0,五層,五層,公寓(5樓含以下無電梯),住家用,721116.0,92.51,5,3,2,有,無,10000000,108096.0,,0.0,0,陽台外推；頂樓加蓋；其他增建；,RPROMLTKOHKGFEA68DA,73.78,0.0,10.08,無,,42.0
士林區,房地(土地+建物),華光街１２號,67.0,住,,,1140518,土地1建物2車位0,一層,二層,公寓(5樓含以下無電梯),住家用,521230.0,115.5,3,5,4,有,無,29160000,252468.0,,0.0,0,臺北市士林區華光街12號1樓號買賣總價為1766萬元整；臺北市士林區華光街12號2樓買賣總價為1150萬元整頂樓加蓋；其他增建；,RPTNMLMJPHKGFEA08DA,115.5,0.0,0.0,無,,61.0
北投區,房地(土地+建物)+車位,石牌路一段１６６巷２６之１號六樓,13.01,住,,,1140510,土地1建物1車位1,六層,九層,華廈(10層含以下有電梯),住家用,1030911.0,73.28999999999999,2,1,2,有,有,18300000,265852.0,塔式車位,12.73,2200000,陽台外推；夾層；,RPWOMLMJPHKGFEA48DA,28.91,0.0,8.3,有,1462.0,11.0
士林區,房地(土地+建物),承德路四段１０巷７號二樓,31.2,住,,,1140518,土地1建物1車位0,二層,五層,公寓(5樓含以下無電梯),住家用,680828.0,105.04,4,2,2,有,無,21660000,206207.0,,0.0,0,陽台外推；其他增建；,RPROMLLKPHKGFEA97DA,94.95,0.0,10.09,無,,46.0
大安區,房地(土地+建物),羅斯福路三段１７７號十五樓之２,2.84,,,,1140523,土地1建物1車位0,十五層,十六層,住宅大樓(11層含以上有電梯),住家用,941102.0,42.5,0,1,1,有,有,15680000,368941.0,,0.0,0,陽台外推；,RPRNMLLJOHKGFFA77DA,21.43,0.0,5.5,有,,20.0
中正區,房地(土地+建物),廈門街１２３巷１８號四樓,30.75,住,,,1140517,土地1建物1車位0,四層，陽臺,四層,公寓(5樓含以下無電梯),住家用,640619.0,89.83,3,2,2,有,無,16000000,178114.0,,0.0,0,頂樓加蓋；,RPSNMLRLOHKGFAA18DA,89.83,0.0,0.0,無,,50.0
文山區,房地(土地+建物)+車位,辛亥路四段７７巷８號五樓,29.41,住,,,1140524,土地3建物1車位1,五層,十層,華廈(10層含以下有電梯),住家用,870731.0,146.89,3,2,2,有,有,25300000,199405.0,坡道平面,32.55,2500000,陽台外推；其他增建；,RPRNMLOJPHKGFAA67DA,74.49,0.57,10.74,有,,27.0
文山區,房地(土地+建物),木新路三段３３９巷４號二樓,31.75,住,,,1140511,土地1建物1車位0,二層,五層,公寓(5樓含以下無電梯),住家用,740112.0,96.82,3,2,1,有,無,14880000,153687.0,,0.0,0,其他增建；,RPSNMLOJPHKGFAA77DA,80.57,0.0,8.34,無,,40.0
中正區,房地(土地+建物),臨沂街５７巷３２弄１０號四樓,60.75,住,,,1140527,土地1建物1車位0,四層,四層,公寓(5樓含以下無電梯),住家用,571205.0,145.73,4,2,2,有,無,34500000,236739.0,,0.0,0,其他增建；,RPWNMLTJPHKGFBA78DA,131.06,14.67,0.0,無,,56.0
中山區,房地(土地+建物)+車位,民生東路二段９３巷１９號五樓,20.68,住,,,1140520,土地1建物1車位1,五層,十三層,住宅大樓(11層含以上有電梯),住家用,1101201.0,156.8,3,2,2,有,有,47000000,364413.0,坡道平面,37.43,3500000,,RPTOMLSKOHKGFCA58DA,75.17,1.26,8.31,有,,3.0
內湖區,房地(土地+建物)+車位,內湖路二段３３６之１號七樓,39.88,住,,,1140518,土地1建物1車位1,七層,十四層,住宅大樓(11層含以上有電梯),住家用,1031023.0,244.36,4,2,2,有,有,59000000,273701.0,坡道平面,37.93,2500000,其他增建；,RPTOMLRJPHKGFCA48DA,125.74,7.51,10.98,有,1465.0,11.0
內湖區,房地(土地+建物)+車位,成功路四段１８０號六樓之２,17.01,,,,1140504,土地1建物1車位1,六層,二十九層,住宅大樓(11層含以上有電梯),住家用,1070223.0,239.18,4,2,2,有,有,69000000,314166.0,坡道平面,29.1,3000000,,RPWRMLSJPHKGFCA56DA,122.2,3.26,17.12,有,1466.0,7.0
中山區,房地(土地+建物),大直街６８號二樓,26.49,住,,,1140511,土地1建物1車位0,二層,七層,華廈(10層含以下有電梯),住家用,770409.0,148.93,4,2,2,有,無,39400000,264554.0,,0.0,0,陽台外推；其他增建；,RPVNMLRKPHKGFCA68DA,117.28,5.4,21.13,有,,37.0
內湖區,房地(土地+建物),安康路４３４巷１９弄１號二樓,33.08,住,,,1140521,土地2建物1車位0,二層,四層,公寓(5樓含以下無電梯),住家用,690813.0,96.78,3,2,2,有,無,15300000,158091.0,,0.0,0,,RPOPMLLLPHKGFCA67DA,81.83,0.0,14.95,無,1468.0,45.0
士林區,房地(土地+建物),文林路５８７巷１號,54.63,住,,,1140528,土地1建物1車位0,一層,五層,公寓(5樓含以下無電梯),住家用,831027.0,194.89,5,2,4,有,無,30000000,153933.0,,0.0,0,,RPTNMLNJOHKGFEA08DA,74.91,113.07,0.0,無,1470.0,31.0
北投區,房地(土地+建物),大興街８０號四樓,30.53,住,,,1140529,土地1建物1車位0,四層,八層,華廈(10層含以下有電梯),住家用,1140217.0,119.65,3,2,2,有,有,34380000,287338.0,,0.0,0,,RPSPMLMJPHKGFEA18DA,68.16,3.01,7.17,有,,
士林區,房地(土地+建物),社子街１１２巷３號三樓,27.33,住,,,1140525,土地1建物1車位0,三層,三層,公寓(5樓含以下無電梯),住家用,621225.0,67.49,2,2,1,有,無,13580000,201215.0,,0.0,0,陽台外推；頂樓加蓋；其他增建；,RPXPMLMJPHKGFEA68DA,67.49,0.0,0.0,無,1472.0,51.0
大安區,房地(土地+建物),金山南路二段１４１巷３４號三樓,31.75,住,,,1140525,土地1建物1車位0,三層,四層,公寓(5樓含以下無電梯),住家用,590601.0,94.94,3,2,2,有,無,28700000,302296.0,,0.0,0,陽台外推；,RPSNMLQLOHKGFFA58DA,87.16,0.0,7.78,無,,55.0
文山區,房地(土地+建物)+車位,下崙路１１巷１３號五樓,36.31,住,,,1140513,土地1建物1車位2,五層,七層,華廈(10層含以下有電梯),住家用,1060104.0,222.39,3,2,2,有,有,25990000,116867.0,升降平面,0.0,0,,RPQNMLMLPHKGFAA67EA,79.91,9.84,6.55,有,,8.0
士林區,房地(土地+建物),福國路７號二樓之１,23.0,住,,,1140521,土地1建物1車位0,二層，陽臺,四層,公寓(5樓含以下無電梯),住家用,651109.0,84.3,3,2,1,有,無,18300000,217082.0,,0.0,0,,RPPNMLMLPHKGFEA97EA,84.3,0.0,0.0,無,,49.0
大安區,房地(土地+建物),富陽街１６３巷１０號四樓,26.04,住,,,1140507,土地1建物1車位0,四層,五層,華廈(10層含以下有電梯),住家用,720526.0,83.97,3,2,2,有,有,17080000,203406.0,,0.0,0,,RPQNMLMLPHKGFFA18EA,77.2,0.0,6.77,有,,42.0
萬華區,房地(土地+建物)+車位,萬大路４２３巷４２號四樓之３,40.52,住,,,1140512,土地4建物1車位1,四層,十四層,住宅大樓(11層含以上有電梯),住家用,970103.0,189.3,3,2,2,有,有,32500000,171685.0,坡道平面,0.0,0,,RPTNMLLLPHKGFBA87DA,103.07,0.0,9.77,有,,17.0
內湖區,房地(土地+建物)+車位,安康路４１８號二樓,27.74,住,,,1140518,土地1建物1車位1,二層,八層,華廈(10層含以下有電梯),住家用,881116.0,147.57,3,2,2,有,有,25500000,224010.0,坡道平面,49.36,3500000,陽台外推；其他增建；,RPVOMLMJPHKGFCA18DA,63.26,1.3,6.62,有,1476.0,26.0
士林區,房地(土地+建物),中山北路七段３８巷１２弄２之１號二樓,35.94,住,,,1140518,土地1建物1車位0,二層,七層,華廈(10層含以下有電梯),住家用,700530.0,132.92000000000002,3,2,2,有,無,24000000,180560.0,,0.0,0,陽台外推；其他增建；,RPQOMLLKPHKGFEA87DA,102.57,0.0,14.16,有,,44.0
北投區,房地(土地+建物)+車位,石牌路二段３６３號五樓之２,12.38,住,,,1140529,土地1建物1車位1,五層,十四層,住宅大樓(11層含以上有電梯),住家用,1140107.0,100.17,2,1,1,有,有,22050000,302474.0,坡道平面,37.52,3100000,,RPVNMLMLPHKGFEA48DA,36.41,0.0,3.61,有,,
大安區,房地(土地+建物)+車位,新生南路一段１０３巷４１號四樓,44.6,住,,,1140524,土地1建物1車位1,四層,五層,華廈(10層含以下有電梯),住家用,830115.0,159.73,4,2,2,有,無,53880000,337319.0,坡道平面,0.0,0,陽台外推；其他增建；,RPPNMLMLOHKGFFA87DA,98.68,2.11,12.82,有,1479.0,31.0
萬華區,房地(土地+建物),和平西路三段３８４號八樓之８,4.92,住,,,1140504,土地2建物1車位0,八層,八層,華廈(10層含以下有電梯),住家用,700706.0,39.29,0,0,0,無,有,6450000,164164.0,,0.0,0,其他增建；,RPXNMLMJPHKGFBA18DA,24.4,0.0,3.33,有,1481.0,44.0
內湖區,房地(土地+建物),民權東路六段１２０巷３弄２號三樓,36.44,住,,,1140522,土地1建物1車位0,三層,五層,公寓(5樓含以下無電梯),住家用,730130.0,115.87,3,2,2,有,無,20880000,180202.0,,0.0,0,其他增建；,RPOOMLTKOHKGFCA18DA,90.62,0.0,16.94,無,,41.0
中山區,房地(土地+建物),遼寧街１０１巷２９號六樓,35.83,住,,,1140507,土地1建物1車位0,六層,六層,華廈(10層含以下有電梯),住家用,611117.0,119.77,2,2,1,有,無,31500000,263004.0,,0.0,0,頂樓加蓋；,RPPOMLOLOHKGFCA87DA,109.53,0.0,10.24,有,,52.0
內湖區,房地(土地+建物),五分街６８號五樓,20.51,住,,,1140522,土地1建物1車位0,五層，電梯樓梯間,九層,華廈(10層含以下有電梯),住家用,861203.0,69.82000000000001,2,2,1,有,有,17080000,244629.0,,0.0,0,其他增建；,RPPOMLSKPHKGFCA28DA,53.62,3.02,5.99,有,1483.0,27.0
內湖區,房地(土地+建物)+車位,民權東路六段１８０巷１５８號十樓之３,38.18,住,,,1140517,土地1建物1車位1,十層,十一層,住宅大樓(11層含以上有電梯),住家用,1000221.0,245.67,2,2,2,有,有,46000000,211063.0,坡道平面,39.57,2500000,,RPUNMLOLPHKGFCA38DA,117.54,4.0,11.33,有,1484.0,14.0
南港區,房地(土地+建物)+車位,重陽路４９９號二樓之３,19.38,住,,,1140530,土地1建物1車位1,二層,九層,華廈(10層含以下有電梯),住家用,950418.0,92.33,1,1,1,有,有,13600000,270073.0,坡道平面,51.23,2500000,夾層；其他增建；,RPUNMLNLOHKGFDA28DA,26.96,2.04,0.0,有,,19.0
北投區,房地(土地+建物),公路１３７巷１號五樓,32.14,住,,,1140525,土地1建物1車位0,五層,五層,公寓(5樓含以下無電梯),住家用,781028.0,102.31,3,2,2,有,無,10000000,97742.0,,0.0,0,其他增建；,RPUNMLSJPHKGFEA78DA,84.63,0.0,9.68,無,,36.0
北投區,房地(土地+建物),懷德街１１巷１弄１號四樓,48.5,住,,,1140522,土地1建物1車位0,四層,四層,公寓(5樓含以下無電梯),住家用,610427.0,85.56,3,3,2,有,無,17350000,202782.0,,0.0,0,陽台外推；頂樓加蓋；其他增建；,RPPOMLPLPHKGFEA28DA,73.56,0.0,12.0,無,,53.0
大安區,房地(土地+建物),文昌街２７８巷４號五樓,22.61,住,,,1140510,土地1建物1車位0,五層,七層,華廈(10層含以下有電梯),住家用,701231.0,113.71,3,2,2,有,無,29100000,255914.0,,0.0,0,陽台外推；其他增建；,RPOOMLLLPHKGFFA87DA,89.06,0.0,16.18,有,,43.0
大同區,房地(土地+建物),重慶北路三段２３６巷５弄２號五樓之１,13.19,住,,,1140518,土地2建物1車位0,五層,六層,華廈(10層含以下有電梯),住家用,1081017.0,67.98,2,1,1,有,有,15650000,230215.0,,0.0,0,,RPTNMLRKPHKGFBA38DA,31.28,3.98,3.91,有,1488.0,6.0
中山區,房地(土地+建物),松江路２５巷５號十樓之７,7.32,住,,,1140503,土地1建物1車位0,十層,十一層,住宅大樓(11層含以上有電梯),住家用,971118.0,38.66,0,1,1,有,有,12620000,326436.0,,0.0,0,夾層；其他增建；,RPROMLQKPHKGFCA28DA,17.8,6.05,0.0,有,1490.0,16.0
松山區,房地(土地+建物),三民路６２巷５號二樓,30.79,住,,,1140505,土地1建物1車位0,二層,七層,華廈(10層含以下有電梯),住家用,810303.0,128.02,3,2,2,有,有,36000000,281206.0,,0.0,0,,RPRNMLOKOHKGFDA97DA,79.47,2.61,7.43,有,1491.0,33.0
士林區,房地(土地+建物)+車位,基河路３０６號十一樓,16.78,住,,,1140520,土地1建物1車位1,十一層,十九層,住宅大樓(11層含以上有電梯),住家用,1130219.0,116.72,1,2,2,有,有,35280000,378302.0,坡道平面,31.92,3200000,,RPUQMLRJPHKGFEA98DA,51.22,0.0,4.67,有,1492.0,1.0
北投區,房地(土地+建物),吉利街２４７號三樓,34.25,住,,,1140526,土地1建物1車位0,三層，陽臺,四層,公寓(5樓含以下無電梯),住家用,651111.0,104.54,3,2,1,有,無,19300000,184618.0,,0.0,0,陽台外推；其他增建；,RPPPMLSLPHKGFEA68DA,104.54,0.0,0.0,無,,49.0
大安區,房地(土地+建物),仁愛路三段１２３巷９弄９號五樓,25.11,住,,,1140511,土地1建物1車位0,五層,七層,華廈(10層含以下有電梯),住家用,680529.0,119.52,2,2,2,有,無,42380000,354585.0,,0.0,0,陽台外推；其他增建；,RPWNMLPLOHKGFFA88DA,97.34,0.0,14.94,有,,46.0
松山區,房地(土地+建物),健康路３３號八樓,35.23,住,,,1140521,土地1建物1車位0,八層,十三層,住宅大樓(11層含以上有電梯),住家用,860728.0,157.62,3,2,2,有,有,39500000,250603.0,,0.0,0,陽台外推；,RPQNMLPLPHKGFDA28EA,88.25,2.4,8.08,有,,28.0
文山區,房地(土地+建物),仙岩路２２巷９號十四樓之３,32.28,住,,,1140521,土地1建物1車位0,十四層,二十層,住宅大樓(11層含以上有電梯),住家用,840411.0,146.03,4,2,2,有,有,28500000,195165.0,,0.0,0,陽台外推；其他增建；,RPQNMLLKOHKGFAA27DA,105.36,5.37,12.88,有,1493.0,30.0
文山區,房地(土地+建物),光輝路５３號三樓,57.81,住,,,1140520,土地1建物1車位0,三層，陽臺,五層,公寓(5樓含以下無電梯),住家用,,99.1,3,2,1,有,無,15000000,151362.0,,0.0,0,陽台外推；其他增建；,RPSNMLQKOHKGFAA97DA,99.1,0.0,0.0,無,1494.0,
文山區,房地(土地+建物)+車位,辛亥路六段３５號十四樓之３,22.22,住,,,1140526,土地2建物1車位1,十四層,十四層,住宅大樓(11層含以上有電梯),住家用,970521.0,132.34,2,2,1,有,有,23480000,236075.0,坡道平面,43.47,2500000,,RPSNMLPLPHKGFAA08DA,54.27,2.35,3.69,有,,17.0
內湖區,房地(土地+建物),成功路四段１６７巷２１號四樓,33.01,住,,,1140525,土地1建物1車位0,四層,五層,公寓(5樓含以下無電梯),住家用,690414.0,114.59,3,2,2,有,無,18600000,162318.0,,0.0,0,陽台外推；其他增建；,RPPNMLNJPHKGFCA57DA,86.4,0.0,17.09,無,1496.0,45.0
內湖區,房地(土地+建物)+車位,星雲街１５０巷４６號十三樓之１,20.52,住,,,1140505,土地1建物1車位1,十三層,十三層,住宅大樓(11層含以上有電梯),住家用,880121.0,99.93,3,2,2,有,有,27500000,303490.0,坡道機械,14.26,1500000,陽台外推；夾層；其他增建；,RPOOMLQKPHKGFCA97DA,60.91,0.0,5.82,有,,26.0
信義區,房地(土地+建物),吳興街３９０號三樓,31.5,住,,,1140516,土地1建物1車位0,三層,四層,公寓(5樓含以下無電梯),住家用,590325.0,97.05,3,2,2,有,無,19000000,195775.0,,0.0,0,其他增建；,RPUNMLMJPHKGFDA08DA,97.05,0.0,0.0,無,,55.0
北投區,房地(土地+建物),行義路１４０巷１２號六樓,26.36,住,,,1140521,土地1建物1車位0,六層,七層,華廈(10層含以下有電梯),住家用,740202.0,134.51999999999998,3,2,2,有,有,14000000,104074.0,,0.0,0,陽台外推；,RPPNMLLLOHKGFEA67DA,110.49,0.0,8.64,有,,40.0
北投區,房地(土地+建物)+車位,榮華一路７巷１０號,26.99,住,,,1140531,土地2建物1車位1,一層,七層,華廈(10層含以下有電梯),住家用,721019.0,163.57,4,2,2,有,有,37500000,229260.0,坡道平面,0.0,0,其他增建；,RPUQMLMJPHKGFEA48DA,125.67,15.9,0.0,有,,42.0
文山區,房地(土地+建物)+車位,辛亥路六段２１巷２號五樓,60.82,住,,,1140504,土地8建物1車位1,五層,二十二層,住宅大樓(11層含以上有電梯),住家用,880809.0,175.79000000000002,3,2,2,有,有,26200000,149041.0,坡道平面,0.0,2500000,車位面積無法概算,RPPNMLSKOHKGFAA87DA,82.79,0.75,8.39,有,1499.0,26.0
文山區,房地(土地+建物)+車位,仙岩路１６巷７９號十一樓,61.94,住,,,1140525,土地1建物1車位1,十一層，電梯樓梯間,十三層,住宅大樓(11層含以上有電梯),住家用,870312.0,188.43,4,2,2,有,有,29000000,178053.0,坡道平面,36.79,2000000,陽台外推；其他增建；,RPSNMLLJPHKGFAA47DA,113.11,5.23,14.0,有,,27.0
萬華區,房地(土地+建物)+車位,中華路二段４１６巷６２號四樓之２,41.39,住,,,1140519,土地1建物1車位1,四層,十四層,住宅大樓(11層含以上有電梯),住家用,1020702.0,159.86,3,2,2,有,有,37000000,231453.0,坡道平面,0.0,0,,RPROMLKMPHKGFBA77DA,88.85,0.0,10.16,有,1502.0,12.0
中山區,房地(土地+建物),合江街１８２號二樓,26.04,住,,,1140522,土地1建物1車位0,二層,七層,華廈(10層含以下有電梯),住家用,661231.0,140.6,3,2,2,有,無,34800000,247511.0,,0.0,0,陽台外推；,RPRNMLTLPHKGFCA58DA,102.46,0.0,17.85,有,1503.0,47.0
信義區,房地(土地+建物),林口街３８巷２２號三樓,33.5,住,,,1140527,土地1建物1車位0,三層，陽臺,四層,公寓(5樓含以下無電梯),住家用,630619.0,89.18,3,2,1,有,無,21580000,241983.0,,0.0,0,其他增建；,RPUNMLPLPHKGFDA58DA,89.18,0.0,0.0,無,,51.0
北投區,房地(土地+建物),文林北路２４４巷２３號,40.5,住,,,1140525,土地1建物1車位0,一層，騎樓,二層,公寓(5樓含以下無電梯),住家用,580319.0,62.4,2,1,1,有,無,13060000,209295.0,,0.0,0,其他增建；,RPSPMLNLOHKGFEA38DA,62.4,0.0,0.0,無,,56.0
北投區,房地(土地+建物),文化三路５７號六樓,31.71,住,,,1140518,土地1建物1車位0,六層,七層,華廈(10層含以下有電梯),住家用,741127.0,117.31,3,2,2,有,有,18800000,160259.0,,0.0,0,陽台外推；其他增建；,RPRNMLLKPHKGFEA87DA,73.37,0.0,15.55,有,1504.0,39.0
士林區,房地(土地+建物)+車位,天母東路１０５巷９弄６號六樓,22.24,住,,,1140524,土地1建物1車位1,六層,十二層,住宅大樓(11層含以上有電梯),住家用,1130522.0,146.29,3,2,2,有,有,40200000,285350.0,升降機械,13.12,2200000,,RPTNMLSLPHKGFEA98EA,78.64,4.5,8.07,有,,1.0
士林區,房地(土地+建物),至誠路二段１２１號,46.75,住,,,1140512,土地1建物1車位0,一層,七層,華廈(10層含以下有電梯),住家用,750506.0,206.57,6,3,2,有,有,43500000,210582.0,,0.0,0,其他增建；,RPROMLRKOHKGFEA48DA,106.9,93.89,0.0,有,,39.0
士林區,房地(土地+建物),磺溪街４７巷６號五樓,28.56,住,,,1140506,土地1建物1車位0,五層,五層,公寓(5樓含以下無電梯),住家用,710920.0,137.32,5,3,3,有,無,27380000,199388.0,,0.0,0,頂樓加蓋；其他增建；,RPQQMLLLPHKGFEA18DA,121.56,0.0,15.76,無,,43.0
文山區,房地(土地+建物)+車位,福興路９５巷３１號二樓,30.31,住,,,1140518,土地1建物1車位1,二層,十層,華廈(10層含以下有電梯),住家用,890626.0,121.34,3,2,2,有,有,19500000,200794.0,坡道平面,33.19,1800000,其他增建；,RPTNMLLJPHKGFAA57DA,67.05,0.0,5.01,有,1510.0,25.0
內湖區,房地(土地+建物)+車位,內湖路二段３４８號三樓,33.48,住,,,1140525,土地1建物1車位1,三層,十二層,住宅大樓(11層含以上有電梯),住家用,1031023.0,201.68,3,2,2,有,有,51700000,283498.0,坡道機械,26.37,2000000,,RPQNMLPKPHKGFCA97DA,107.61,4.85,9.99,有,1513.0,11.0
內湖區,房地(土地+建物),文湖街２１巷９４弄７號五樓之１,19.0,住,,,1140516,土地1建物1車位0,五層,五層,華廈(10層含以下有電梯),住家用,830826.0,74.91,2,2,1,有,有,15150000,202243.0,,0.0,0,陽台外推；其他增建；,RPPOMLKMPHKGFCA67DA,43.76,10.45,6.55,有,,31.0
松山區,房地(土地+建物),寶清街１０１巷５０號三樓,25.75,住,,,1140529,土地1建物1車位0,三層,四層,公寓(5樓含以下無電梯),住家用,691111.0,74.86,2,2,2,有,無,15360000,205183.0,,0.0,0,陽台外推；其他增建；,RPPNMLTLOHKGFDA38DA,61.07,0.0,13.79,無,,45.0
松山區,房地(土地+建物),南京東路三段２５６巷２０弄１１號六樓,12.36,住,,,1140514,土地1建物1車位0,六層,七層,華廈(10層含以下有電梯),住家用,670225.0,66.95,2,2,1,有,無,22500000,336072.0,,0.0,0,陽台外推；其他增建；,RPPPMLQKPHKGFDA28DA,51.44,0.0,10.47,有,,47.0
北投區,房地(土地+建物)+車位,同德街２３巷１號五樓,33.84,住,,,1140526,土地1建物1車位1,五層,十二層,住宅大樓(11層含以上有電梯),住家用,820824.0,153.81,2,2,2,有,有,27600000,212656.0,坡道平面,38.13,3000000,陽台外推；其他增建；,RPOOMLOJPHKGFEA87DA,70.58,9.1,7.86,有,1515.0,32.0
士林區,房地(土地+建物),菁山路３４巷２之１號三樓,38.0,住,,,1140517,土地2建物2車位0,三層,三層,公寓(5樓含以下無電梯),住家用,740110.0,91.47,5,0,5,有,無,9000000,98393.0,,0.0,0,陽台外推；頂樓加蓋；,RPPNMLTJPHKGFEA38DA,78.79,0.0,12.68,無,,40.0
士林區,房地(土地+建物),永平街７５巷３３號二樓,44.24,住,,,1140522,土地1建物1車位0,二層,五層,公寓(5樓含以下無電梯),住家用,770225.0,132.34,5,3,2,有,無,18880000,142663.0,,0.0,0,其他增建；,RPRNMLOKPHKGFEA18DA,103.25,2.57,13.1,無,,37.0
士林區,房地(土地+建物),芝玉路一段３號,41.0,住,,,1140509,土地2建物1車位0,一層,二層,公寓(5樓含以下無電梯),住家用,610711.0,55.04,2,2,1,有,無,13250000,240734.0,,0.0,0,陽台外推；,RPQPMLTLPHKGFEA88DA,55.04,0.0,0.0,無,,53.0
士林區,房地(土地+建物),芝玉路一段３號,41.0,住,,,1140509,土地2建物1車位0,二層,二層,公寓(5樓含以下無電梯),住家用,620119.0,55.04,2,0,1,有,無,13250000,240734.0,,0.0,0,陽台外推；頂樓加蓋；,SPQPMLTLPHKGFEA98DA,55.04,0.0,0.0,無,,52.0
北投區,房地(土地+建物)+車位,文林北路７５巷７１號十二樓,46.59,住,,,1140530,土地1建物1車位1,十二層,十三層,住宅大樓(11層含以上有電梯),住家用,1061117.0,191.21,2,2,2,有,有,46680000,294916.0,坡道平面,43.1,3000000,其他增建:鐵鋁窗增建其他增建；,RPQNMLLMPHKGFEA97DA,96.65,1.28,15.53,有,1516.0,8.0
大安區,房地(土地+建物),樂利路１１巷２２號,23.29,住,,,1140523,土地1建物1車位0,一層,七層,華廈(10層含以下有電梯),住家用,730608.0,181.06,4,3,1,有,無,52880000,292058.0,,0.0,0,壹樓空地增建、平台增建。,RPWOMLRLOHKGFFA56DA,93.72,78.33,0.0,有,,41.0
大安區,房地(土地+建物),信義路二段８６巷４０號二樓,39.5,住,,,1140522,土地1建物1車位0,二層，陽臺,四層,公寓(5樓含以下無電梯),住家用,650605.0,102.49,3,2,2,有,無,30600000,298566.0,,0.0,0,陽台外推；其他增建；,RPWNMLMJPHKGFFA48DA,102.49,0.0,0.0,無,,49.0
大安區,房地(土地+建物),建國南路二段１９５號十樓,19.0,住,,,1140527,土地1建物1車位0,十層,十二層,住宅大樓(11層含以上有電梯),住家用,740107.0,142.68,3,2,2,有,有,45500000,318895.0,,0.0,0,陽台外推；,RPPNMLKLPHKGFFA77DA,97.67,0.0,22.47,有,,40.0
大安區,房地(土地+建物)+車位,安東街３５號七樓之５,10.72,住,,,1140528,土地1建物1車位1,七層,十三層,住宅大樓(11層含以上有電梯),住家用,1130704.0,86.74000000000001,2,1,1,有,有,33880000,485912.0,坡道平面,24.63,3700000,,RPXOMLTLPHKGFFA96DA,33.78,1.65,2.54,有,,1.0
文山區,房地(土地+建物)+車位,和平東路四段６６巷３９號十樓,89.59,住,,,1140502,土地2建物1車位1,十層,十六層,住宅大樓(11層含以上有電梯),住家用,860529.0,247.42,4,3,2,有,有,36000000,145502.0,坡道平面,0.0,0,,RPQNMLKMPHKGFAA57EA,139.64,8.3,17.95,有,1517.0,28.0
松山區,房地(土地+建物),南京東路五段２９１巷３８弄７號,67.0,住,,,1140511,土地2建物1車位0,全,二層,透天厝,住家用,,67.5,3,1,3,有,無,31000000,459259.0,,0.0,0,其他增建；,RPXNMLRKPHKGFDA09EA,67.5,0.0,0.0,無,1518.0,
文山區,房地(土地+建物)+車位,辛亥路五段６９之１號四樓,9.89,住,,,1140531,土地1建物1車位1,四層,十一層,住宅大樓(11層含以上有電梯),住家用,1040318.0,52.290000000000006,1,1,1,有,有,12800000,246779.0,塔式車位,6.5,1500000,陽台外推；夾層；其他增建；,RPVNMLQLOHKGFAA38DA,23.95,1.36,4.38,有,1520.0,10.0
文山區,房地(土地+建物),福興路６３巷４弄１１之１２號八樓,25.38,住,,,1140511,土地3建物1車位0,八層，電梯樓梯間,八層,華廈(10層含以下有電梯),住家用,860613.0,71.97,2,2,1,有,有,13510000,187717.0,,0.0,0,陽台外推；其他增建；,RPPNMLKMOHKGFAA27DA,55.28,1.02,5.92,有,,28.0
文山區,房地(土地+建物)+車位,福興路６３巷４弄１１之１３號八樓,25.39,住,,,1140511,土地3建物1車位1,八層，電梯樓梯間,八層,華廈(10層含以下有電梯),住家用,860613.0,98.9,2,2,1,有,有,15500000,156724.0,坡道平面,0.0,2000000,車位面積無法概算陽台外推；其他增建；,RPRNMLKMOHKGFAA47DA,55.32,0.92,5.96,有,,28.0
萬華區,房地(土地+建物),和平西路三段３８４號八樓之２０,4.37,住,,,1140520,土地2建物1車位0,八層,八層,華廈(10層含以下有電梯),住家用,700706.0,37.09,1,0,1,有,有,5700000,153680.0,,0.0,0,其他增建；,RPQNMLLMPHKGFBA67DA,21.66,4.54,0.0,有,,44.0
南港區,房地(土地+建物),經貿二路１５７巷３６弄９３號九樓,20.89,住,,,1140529,土地1建物1車位0,九層,九層,華廈(10層含以下有電梯),住家用,940720.0,69.55,2,1,1,有,有,16410000,235945.0,,0.0,0,陽台外推；其他增建；,RPPNMLNKPHKGFDA77DA,46.71,1.62,4.07,有,1521.0,20.0
北投區,房地(土地+建物)+車位,奇岩路２４１巷７弄２２號五樓,127.38,住,,,1140531,土地1建物1車位1,五層,五層,華廈(10層含以下有電梯),住家用,1081223.0,243.44,4,2,2,有,有,36390000,157836.0,坡道平面,28.09,2400000,,RPPNMLMLPHKGFEA87DA,116.88,13.68,7.32,有,,5.0
北投區,房地(土地+建物)+車位,大度路三段１８９號三樓之２,14.4,住,,,1140511,土地3建物1車位1,三層,十四層,住宅大樓(11層含以上有電梯),住家用,910322.0,147.32,3,2,1,有,有,20800000,141189.0,坡道平面,38.19,0,,RPUNMLLMPHKGFEA38DA,65.97,3.48,6.6,有,,23.0
大安區,房地(土地+建物),延吉街６２巷９號二樓,33.54,住,,,1140524,土地1建物1車位0,二層,七層,華廈(10層含以下有電梯),住家用,761218.0,156.04,4,2,2,有,有,41000000,262753.0,,0.0,0,,RPSPMLQKOHKGFFA68DA,124.55,0.0,21.07,有,,37.0
北投區,房地(土地+建物),中山北路七段２１９巷３弄３９號七樓,28.59,住,,,1140531,土地1建物1車位0,七層,七層,華廈(10層含以下有電梯),住家用,730920.0,127.35,3,3,2,有,有,24500000,192383.0,,0.0,0,內梯增建、鐵窗遮雨棚增建陽台外推；頂樓加蓋；,RPPNMLOJQHKGFEA08EA,106.66,0.0,14.62,有,1524.0,41.0
文山區,房地(土地+建物)+車位,景華街１７６巷１５號,51.4,住,,,1140528,土地1建物1車位1,一層,六層,華廈(10層含以下有電梯),住家用,890712.0,176.78,3,2,3,有,無,38880000,224873.0,坡道平面,15.0,2500000,其他增建；,RPPNMLMLOHKGFAA37DA,110.85,2.44,11.14,有,,25.0
萬華區,房地(土地+建物),富民路１４５巷３５弄１４號二樓,23.75,住,,,1140519,土地1建物1車位0,二層,四層,公寓(5樓含以下無電梯),住家用,600223.0,74.34,3,2,1,有,無,9100000,122411.0,,0.0,0,陽台外推；其他增建；,RPRNMLLKOHKGFBA47DA,66.45,0.0,7.89,無,,54.0
萬華區,房地(土地+建物),中華路二段４１６巷１１號九樓之２,18.9,住,,,1140525,土地1建物1車位0,九層,十二層,住宅大樓(11層含以上有電梯),住家用,760316.0,89.12,3,2,1,有,有,17100000,191876.0,,0.0,0,其他增建；,RPROMLQKOHKGFBA08DA,60.96,0.0,8.52,有,,38.0
內湖區,房地(土地+建物),內湖路三段３２９巷４弄１１號四樓,22.8,住,,,1140511,土地1建物1車位0,四層,五層,公寓(5樓含以下無電梯),住家用,680504.0,81.01,3,2,1,有,無,14800000,182693.0,,0.0,0,陽台外推；其他增建；,RPVNMLLMPHKGFCA28DA,70.7,0.0,10.31,無,1528.0,46.0
松山區,房地(土地+建物),敦化北路４巷３７號五樓之２,6.9,住,,,1140527,土地1建物1車位0,五層,六層,華廈(10層含以下有電梯),住家用,1050203.0,30.51,1,1,1,有,有,12550000,411341.0,,0.0,0,陽台外推；,RPXNMLKKPHKGFDA28DA,12.74,0.0,1.14,有,1530.0,9.0
士林區,房地(土地+建物),中社路一段３７號三樓,77.57,住,,,1140529,土地1建物1車位0,三層,四層,公寓(5樓含以下無電梯),住家用,640801.0,102.92,4,2,2,有,無,13000000,126312.0,,0.0,0,其他增建；,RPPOMLRKPHKGFEA38DA,102.92,0.0,0.0,無,,50.0
大安區,房地(土地+建物),大安路一段１６９巷６號五樓之１,33.18,住,,,1140525,土地1建物1車位0,五層,七層,華廈(10層含以下有電梯),住家用,660118.0,185.22,3,2,2,有,有,59000000,318540.0,,0.0,0,陽台外推；,RPSNMLLKPHKGFFA08DA,144.79,0.0,24.42,有,1531.0,48.0
信義區,房地(土地+建物),忠孝東路五段７１巷１２弄１０號三樓之６,10.69,住,,,1140502,土地1建物1車位0,三層,七層,華廈(10層含以下有電梯),住家用,980810.0,47.150000000000006,0,0,0,無,有,17000000,360551.0,,0.0,0,,RPPNMLPJQHKGFDA08EA,25.61,2.64,2.42,有,,16.0
文山區,房地(土地+建物),興隆路四段１３９號十四樓,30.04,住,,,1140524,土地1建物1車位0,十四層,十四層,住宅大樓(11層含以上有電梯),住家用,841122.0,113.13,3,2,2,有,有,21000000,185627.0,,0.0,0,陽台外推；其他增建；,RPQNMLKMOHKGFAA37DA,73.98,3.84,14.55,有,,30.0
內湖區,房地(土地+建物),成功路三段１７４巷２６弄１３號五樓,27.72,住,,,1140506,土地1建物1車位0,五層,五層,公寓(5樓含以下無電梯),住家用,740815.0,103.15,3,2,2,有,無,14120000,136875.0,,0.0,0,其他增建；,RPRNMLQLNHKGFCA08DA,85.8,0.0,8.79,無,,40.0
松山區,房地(土地+建物),敦化南路一段５７號六樓之１１,14.77,住,,,1140517,土地3建物1車位0,六層,十二層,住宅大樓(11層含以上有電梯),住家用,660110.0,111.61,3,2,2,有,有,37900000,339575.0,,0.0,0,陽台外推；,RPQNMLTLOHKGFDA48DA,81.92,0.0,13.94,有,1533.0,48.0
士林區,房地(土地+建物)+車位,中山北路七段８１巷１６弄１８號六樓,31.92,住,,,1140529,土地1建物1車位1,六層,十二層,住宅大樓(11層含以上有電梯),住家用,1131220.0,201.39,3,2,2,有,有,49000000,243309.0,坡道平面,38.83,0,,RPUNMLPKPHKGFEA58DA,98.36,0.0,11.03,有,,
北投區,房地(土地+建物),石牌路二段３４３巷１６號六樓,13.88,住,,,1140518,土地1建物1車位0,六層,六層,華廈(10層含以下有電梯),住家用,1070802.0,53.25,1,1,1,有,無,15500000,291080.0,,0.0,0,,RPSNMLQKPHKGFEA48DA,30.65,0.0,3.32,有,1534.0,7.0
大安區,房地(土地+建物),四維路１７０巷３６號七樓,7.25,住,,,1140521,土地1建物1車位0,七層,八層,華廈(10層含以下有電梯),住家用,980115.0,38.81,1,1,1,有,有,14080000,362793.0,,0.0,0,夾層；其他增建；,RPSNMLMLPHKGFFA28DA,21.05,1.62,2.39,有,1535.0,16.0
信義區,房地(土地+建物),吳興街６００巷７６弄２０號五樓之２,13.08,住,,,1140519,土地1建物1車位0,五層,六層,華廈(10層含以下有電梯),住家用,1050301.0,57.3,1,1,1,有,有,12180000,212565.0,,0.0,0,,RPQNMLPJQHKGFDA18EA,31.77,5.22,2.23,有,1536.0,9.0
內湖區,房地(土地+建物),康寧路三段１８９巷１４１弄２５號四樓,37.82,住,,,1140531,土地1建物1車位0,四層,十層,華廈(10層含以下有電梯),住家用,840518.0,116.94,3,2,2,有,有,24900000,212930.0,,0.0,0,其他增建；,RPWNMLPKPHKGFCA58DA,77.34,0.0,10.26,有,,30.0
松山區,房地(土地+建物),敦化北路４巷１３號三樓,28.17,住,,,1140507,土地1建物1車位0,三層,七層,華廈(10層含以下有電梯),住家用,741228.0,142.98,4,2,2,有,無,49500000,346202.0,,0.0,0,陽台外推；其他增建；,RPPPMLSKPHKGFDA48DA,119.57,0.0,14.87,有,,39.0
中山區,房地(土地+建物)+車位,北安路６６８號二樓,34.86,住,,,1140527,土地1建物1車位2,二層,十層,華廈(10層含以下有電梯),住家用,1090110.0,217.62,0,0,0,無,有,63760000,350848.0,其他,46.72,3800000,毛胚屋；,RPPNMLQJQHKGFCA08EA,96.56,0.0,11.92,有,,5.0
松山區,房地(土地+建物),民權東路三段１０３巷２３之２號二樓,12.75,住,,,1140526,土地1建物1車位0,二層,四層,公寓(5樓含以下無電梯),住家用,630404.0,30.81,3,1,1,有,無,6180000,200584.0,,0.0,0,,RPPNMLQJQHKGFDA18EA,30.81,0.0,0.0,無,1537.0,51.0
文山區,房地(土地+建物),羅斯福路五段９７巷１１號四樓,28.0,住,,,1140515,土地1建物1車位0,四層,四層,公寓(5樓含以下無電梯),住家用,600916.0,78.82,4,3,3,有,無,18100000,229637.0,,0.0,0,陽台外推；頂樓加蓋；,RPRNMLLMPHKGFAA67DA,70.09,0.0,8.73,無,1538.0,54.0
內湖區,房地(土地+建物)+車位,環山路一段２８號十五樓之２,70.4,住,,,1140514,土地1建物1車位4,十五層,二十四層,住宅大樓(11層含以上有電梯),住家用,981007.0,475.65,5,2,3,有,有,130800000,338741.0,坡道平面,124.94,12000000,,RPVOMLLLPHKGFCA28DA,209.06,5.22,17.91,有,,16.0
中山區,房地(土地+建物),民生東路三段８８巷１２號六樓之３,21.02,住,,,1140527,土地1建物1車位0,六層,十五層,住宅大樓(11層含以上有電梯),住家用,750314.0,103.21,3,2,1,有,有,25500000,247045.0,,0.0,0,其他增建；,RPROMLTLPHKGFCA68DA,77.62,0.78,5.99,有,1540.0,39.0
南港區,房地(土地+建物)+車位,南港路二段１５６號六樓,35.49,住,,,1140515,土地1建物1車位1,六層,十九層,住宅大樓(11層含以上有電梯),住家用,851022.0,181.3,4,2,2,有,有,39120000,269027.0,坡道平面,45.18,2500000,陽台外推；其他增建；,RPXNMLPKPHKGFDA78DA,90.82,1.0,17.64,有,,29.0
信義區,房地(土地+建物)+車位,信義路六段１５巷１８弄１０號十一樓,22.89,住,,,1140519,土地1建物1車位1,十一層,十五層,住宅大樓(11層含以上有電梯),住家用,830910.0,181.04,2,2,2,有,有,44000000,281296.0,坡道平面,38.13,3800000,陽台外推；其他增建；,RPXOMLRJQHKGFDA09DA,113.59,2.25,13.81,有,,31.0
士林區,房地(土地+建物),美崙街８２巷１６號二樓,43.0,住,,,1140526,土地1建物1車位0,二層,二層,公寓(5樓含以下無電梯),住家用,571211.0,62.4,5,2,2,有,無,16300000,261218.0,,0.0,0,陽台外推；頂樓加蓋；其他增建；,RPWNMLSLPHKGFEA56DA,62.4,0.0,0.0,無,,56.0
文山區,房地(土地+建物),木柵路一段６７號四樓,29.75,住,,,1140509,土地1建物1車位0,四層，陽臺,四層,公寓(5樓含以下無電梯),住家用,630710.0,83.59,4,0,4,有,無,14600000,174662.0,,0.0,0,頂樓加蓋；,RPQNMLSKOHKGFAA97DA,83.59,0.0,0.0,無,,51.0
文山區,房地(土地+建物)+車位,辛亥路五段６９號二樓,9.1,住,,,1140529,土地1建物1車位1,二層,十一層,住宅大樓(11層含以上有電梯),住家用,1040318.0,48.41,1,1,1,有,有,12600000,257695.0,塔式車位,6.5,1800000,陽台外推；夾層；其他增建；,RPVNMLKMOHKGFAA87DA,21.6,1.34,4.24,有,1543.0,10.0
中正區,房地(土地+建物),同安街４３巷３號二樓,35.27,住,,,1140517,土地1建物1車位0,二層,五層,公寓(5樓含以下無電梯),住家用,750911.0,127.84,3,2,2,有,無,28900000,226064.0,,0.0,0,其他增建；,RPRNMLSLPHKGFAA28DA,99.34,0.0,10.43,無,,39.0
南港區,房地(土地+建物),成福路７４巷８號七樓之１,53.02,住,,,1140505,土地1建物1車位0,七層,七層,華廈(10層含以下有電梯),住家用,1060710.0,203.93,0,0,0,無,無,67680000,331879.0,,0.0,0,毛胚屋；,RPSNMLSJPHKGFDA48DA,94.54,0.0,32.87,有,,8.0
信義區,房地(土地+建物),福德街８４巷７號三樓,28.25,住,,,1140509,土地1建物1車位0,三層，陽臺,四層,公寓(5樓含以下無電梯),住家用,630720.0,77.87,3,2,1,有,無,18500000,237575.0,,0.0,0,陽台外推；,RPOPMLPKPHKGFDA08DA,77.87,0.0,0.0,無,,51.0
南港區,房地(土地+建物)+車位,昆陽街１８０號二樓,18.52,住,,,1140531,土地1建物1車位1,二層,十二層,住宅大樓(11層含以上有電梯),住家用,1091026.0,125.49,3,2,1,有,有,33000000,325450.0,坡道平面,33.31,3000000,,RPVNMLTLPHKGFDA09DA,52.94,4.05,4.82,有,,5.0
文山區,房地(土地+建物),木柵路一段６９號四樓,29.25,住,,,1140509,土地1建物1車位0,四層，陽臺,四層,公寓(5樓含以下無電梯),住家用,630710.0,83.59,4,0,4,有,無,14500000,173466.0,,0.0,0,頂樓加蓋；,RPRNMLSKOHKGFAA08DA,83.59,0.0,0.0,無,,51.0
文山區,房地(土地+建物)+車位,指南路一段５５號十一樓,38.62,住,,,1140510,土地1建物1車位1,十一層,十一層,住宅大樓(11層含以上有電梯),住家用,950510.0,207.69,5,2,2,有,有,35980000,192991.0,坡道平面,34.21,2500000,陽台外推；其他增建；,RPPOMLOJQHKGFAA67DA,97.07,3.59,17.84,有,,19.0
內湖區,房地(土地+建物)+車位,成功路二段４７８號六樓,31.86,住,,,1140523,土地2建物1車位1,六層,十二層,住宅大樓(11層含以上有電梯),住家用,870911.0,242.97,4,2,3,有,有,42500000,198620.0,坡道平面,41.58,2500000,其他增建；,RPRNMLKKPHKGFCA57DA,158.19,2.77,11.06,有,1544.0,27.0
北投區,房地(土地+建物)+車位,三合街一段３６巷１９號七樓,52.02,住,,,1140504,土地1建物1車位2,七層,九層,華廈(10層含以下有電梯),住家用,1050415.0,333.41999999999996,4,2,3,有,有,69500000,257444.0,坡道平面,82.88,5000000,,RPXNMLKLOHKGFEA38DA,147.65,4.0,15.6,有,1545.0,9.0
北投區,房地(土地+建物)+車位,文林北路２４２號三樓之３,16.14,住,,,1140526,土地2建物1車位1,三層,十二層,住宅大樓(11層含以上有電梯),住家用,880112.0,105.68,3,2,2,有,有,23900000,226154.0,升降機械,0.0,2000000,陽台外推；夾層；,RPRNMLLKQHKGFEA08EA,56.66,0.0,5.94,有,,26.0
內湖區,房地(土地+建物),內湖路三段６０巷５２弄４號五樓,28.87,住,,,1140517,土地3建物1車位0,五層,五層,公寓(5樓含以下無電梯),住家用,740911.0,91.14,3,2,2,有,無,14000000,153610.0,,0.0,0,其他增建；,RPXNMLKKPHKGFCA18DA,70.39,0.0,12.53,無,,40.0
內湖區,房地(土地+建物)+車位,大湖街１３１巷４１弄１２號,88.04,住,,,1140507,土地4建物1車位1,全,四層,透天厝,住家用,771223.0,244.24,4,3,3,有,有,37500000,153538.0,坡道平面,0.0,0,其他增建；,RPQPMLOKPHKGFCA08DA,199.88,26.62,15.19,無,,36.0
內湖區,房地(土地+建物),金龍路２１０號五樓,28.7,住,,,1140525,土地1建物1車位0,五層,五層,公寓(5樓含以下無電梯),住家用,691208.0,98.55,4,2,2,有,無,16180000,164181.0,,0.0,0,陽台外推；頂樓加蓋；其他增建；,RPWNMLPJQHKGFCA58DA,84.41,0.0,14.14,無,1547.0,44.0
士林區,房地(土地+建物),延平北路五段１６３巷２９弄１９號,63.0,住,,,1140508,土地1建物1車位0,全,二層,透天厝,住家用,541030.0,59.36,4,2,2,有,無,14300000,240903.0,,0.0,0,其他增建；,RPRNMLMLPHKGFEA08DA,59.36,0.0,0.0,無,,60.0
大安區,房地(土地+建物),金山南路二段１０巷１５號四樓,28.0,住,,,1140501,土地2建物1車位0,四層，陽臺,四層,公寓(5樓含以下無電梯),住家用,650319.0,85.81,2,2,1,有,無,26880000,313250.0,,0.0,0,陽台外推；頂樓加蓋；其他增建；,RPVNMLNLOHKGFFA58DA,85.81,0.0,0.0,無,,49.0
內湖區,房地(土地+建物)+車位,文湖街２１巷９１弄１３號六樓,27.81,住,,,1140505,土地1建物1車位1,六層,十層,華廈(10層含以下有電梯),住家用,1070105.0,128.09,0,0,0,無,無,23800000,185807.0,塔式車位,0.0,0,,RPQNMLTKOHKGFCA28DA,58.08,14.2,3.9,有,1549.0,7.0
中山區,房地(土地+建物),新生北路三段６１號三樓之１５,13.63,住,,,1140512,土地4建物1車位0,三層,九層,華廈(10層含以下有電梯),住家用,650907.0,105.45,3,2,2,有,有,21800000,206733.0,,0.0,0,陽台外推；其他增建；,RPUNMLRKPHKGFCA58DA,71.66,0.0,7.14,有,1550.0,49.0
南港區,房地(土地+建物),研究院路二段１８０巷１５號,25.0,住,,,1140511,土地1建物1車位0,一層，平台,四層,公寓(5樓含以下無電梯),住家用,630701.0,88.46,2,2,1,有,無,17100000,193308.0,,0.0,0,其他增建；,RPRNMLLJPHKGFDA67DA,88.46,0.0,0.0,無,,51.0
南港區,房地(土地+建物),研究院路一段１７７號三樓,28.3,住,,,1140524,土地1建物1車位0,三層,五層,公寓(5樓含以下無電梯),住家用,700326.0,90.55,3,2,2,有,無,16180000,178686.0,,0.0,0,陽台外推；其他增建；,RPUOMLOLPHKGFDA58DA,76.25,0.0,14.3,無,,44.0
北投區,房地(土地+建物),文林北路２３４之７號五樓之１,15.56,住,,,1140530,土地3建物1車位0,五層,五層,公寓(5樓含以下無電梯),住家用,730112.0,100.93,3,2,3,有,無,15800000,156544.0,,0.0,0,暸望台加蓋其他增建；,RPROMLTLPHKGFEA88DA,31.04,69.89,0.0,無,1551.0,41.0
大安區,房地(土地+建物),新生南路二段１６巷８號五樓,33.8,住,,,1140505,土地1建物1車位0,五層,五層,公寓(5樓含以下無電梯),住家用,661220.0,98.55,4,2,2,有,無,32000000,324708.0,,0.0,0,陽台外推；頂樓加蓋；其他增建；,RPQNMLRJPHKGFFA38DA,79.27,0.0,19.28,無,,47.0
內湖區,房地(土地+建物)+車位,康寧路三段７０巷１８號八樓之３,46.02,住,,,1140520,土地3建物1車位1,八層,十四層,住宅大樓(11層含以上有電梯),住家用,970903.0,240.09,4,2,3,有,有,59400000,247407.0,坡道平面,0.0,0,陽台外推；,RPUOMLOKPHKGFCA38DA,122.92,5.0,16.34,有,,17.0
中山區,房地(土地+建物),民權東路二段１３５巷３０弄８號三樓,21.5,住,,,1140517,土地1建物1車位0,三層,五層,公寓(5樓含以下無電梯),住家用,670826.0,76.66,3,2,2,有,無,16660000,217323.0,,0.0,0,陽台外推；其他增建；,RPUNMLTLPHKGFCA88DA,66.27,0.0,10.39,無,,47.0
內湖區,房地(土地+建物),星雲街１３８巷１６號,36.03,住,,,1140519,土地1建物1車位0,一層,十二層,住宅大樓(11層含以上有電梯),住家用,880602.0,141.45999999999998,4,2,3,有,有,30000000,212074.0,,0.0,0,其他增建；,RPQOMLKMPHKGFCA77DA,90.14,11.91,0.0,有,,26.0
大安區,房地(土地+建物),敦化南路二段８１巷４５弄１５號,32.0,住,,,1140529,土地1建物1車位0,一層,四層,公寓(5樓含以下無電梯),住家用,660804.0,95.54,4,2,2,有,無,37600000,393552.0,,0.0,0,其他增建；,RPTNMLMKQHKGFFA38DA,81.83,13.71,0.0,無,,48.0
萬華區,房地(土地+建物),青年路５６號九樓之１,10.92,住,,,1140502,土地1建物1車位0,九層,十二層,住宅大樓(11層含以上有電梯),住家用,711027.0,46.88,1,1,1,有,有,10100000,215444.0,,0.0,0,陽台加窗增建、公設增建其他增建；,RPTNMLOKQHKGFBA28EA,31.92,0.0,4.58,有,,43.0
中山區,房地(土地+建物),明水路５５５號十二樓之３６,9.82,住,,,1140522,土地1建物1車位0,十二層，十三層,十六層,住宅大樓(11層含以上有電梯),住家用,850530.0,42.75,1,1,1,有,有,13200000,308772.0,,0.0,0,夾層；,RPVOMLOKQHKGFCA68EA,27.92,0.0,3.8,有,1555.0,29.0
北投區,房地(土地+建物),公路３７６巷２弄４號,84.0,住,,,1140525,土地1建物1車位0,全,二層,透天厝,住家用,611107.0,76.56,2,0,0,有,無,34780000,454284.0,,0.0,0,,RPPOMLLMPHKGFEA97DA,76.56,0.0,0.0,無,1556.0,53.0
北投區,房地(土地+建物),公路３７６巷２弄２號,97.0,住,,,1140525,土地1建物1車位0,全,二層,透天厝,住家用,611107.0,76.56,0,1,2,有,無,39220000,512278.0,,0.0,0,,RPUNMLRJQHKGFEA78DA,76.56,0.0,0.0,無,1557.0,53.0
大安區,房地(土地+建物),臥龍街３１８號四樓之２,17.36,住,,,1140526,土地2建物1車位0,四層,十三層,住宅大樓(11層含以上有電梯),住家用,990513.0,81.35,2,2,1,有,有,27550000,338660.0,,0.0,0,,RPROMLSLNHKGFFA68DA,48.44,4.53,3.42,有,1558.0,15.0
大安區,房地(土地+建物),臥龍街２４８號三樓,30.45,住,,,1140526,土地1建物1車位0,三層,五層,公寓(5樓含以下無電梯),住家用,730111.0,107.05,3,2,2,有,無,23000000,214853.0,,0.0,0,其他增建；,RPROMLQKPHKGFFA58DA,93.26,0.0,13.79,無,,41.0
士林區,房地(土地+建物)+車位,東山路１３６之１號三樓,46.0,住,,,1140523,土地1建物1車位1,三層,十層,華廈(10層含以下有電梯),住家用,911104.0,274.09000000000003,4,2,2,有,有,56000000,216915.0,坡道平面,32.06,3500000,陽台增建、機房增建其他增建；,RPRNMLPKQHKGFEA48EA,123.85,1.36,13.8,有,,23.0
文山區,房地(土地+建物),木柵路一段１９１巷１６之１號二樓,30.92,住,,,1140521,土地2建物1車位0,二層,四層,公寓(5樓含以下無電梯),住家用,671014.0,92.07,3,2,1,有,無,10200000,110785.0,,0.0,0,陽台外推；其他增建；,RPXNMLSLPHKGFAA88DA,79.05,0.0,13.02,無,,47.0
文山區,房地(土地+建物)+車位,久康街１６５號三樓,41.31,住,,,1140504,土地1建物1車位1,三層,六層,華廈(10層含以下有電梯),住家用,891007.0,152.86,3,2,2,有,有,24500000,160277.0,升降機械,26.92,0,陽台外推；,RPRNMLSKQHKGFAA28DA,85.32,0.0,7.44,有,,25.0
內湖區,房地(土地+建物)+車位,文湖街２１巷１１２弄１７號八樓,26.19,住,,,1140524,土地1建物1車位1,八層,十四層,住宅大樓(11層含以上有電梯),住家用,901023.0,165.39,3,2,2,有,有,26880000,162525.0,坡道平面,0.0,2200000,陽台外推；其他增建；,RPWPMLTJPHKGFCA09DA,71.45,1.54,8.17,有,,24.0
中山區,房地(土地+建物),吉林路４５６巷３４號四樓,34.75,住,,,1140529,土地1建物1車位0,四層，陽臺,四層,公寓(5樓含以下無電梯),住家用,610703.0,98.63,3,1,1,有,無,21680000,219811.0,,0.0,0,頂樓加蓋；其他增建；,RPPNMLMLPHKGFCA67DA,98.63,0.0,0.0,無,1560.0,53.0
內湖區,房地(土地+建物),民權東路六段１２０巷７弄７號三樓,35.6,住,,,1140509,土地1建物1車位0,三層,五層,公寓(5樓含以下無電梯),住家用,730110.0,100.23,3,2,2,有,無,18000000,179587.0,,0.0,0,陽台外推；其他增建；,RPWNMLLMPHKGFCA38DA,81.49,0.0,11.81,無,1562.0,41.0
松山區,房地(土地+建物),八德路四段２４５巷６號二樓,34.75,住,,,1140522,土地2建物1車位0,二層,四層,公寓(5樓含以下無電梯),住家用,580214.0,95.48,4,2,2,有,無,20000000,209468.0,,0.0,0,,RPPNMLOKQHKGFDA97DA,95.48,0.0,0.0,無,1563.0,56.0
萬華區,房地(土地+建物),中華路二段５０４巷５１號八樓,17.51,住,,,1140518,土地1建物1車位0,八層,十二層,住宅大樓(11層含以上有電梯),住家用,680403.0,63.09,3,2,1,有,有,14500000,229830.0,,0.0,0,,RPSOMLKLQHKGFBA87DA,55.83,0.0,7.26,有,,46.0
中山區,房地(土地+建物),龍江路２６４號二樓,21.5,住,,,1140515,土地1建物1車位0,二層,七層,華廈(10層含以下有電梯),住家用,711019.0,121.86,0,0,0,無,無,26000000,213360.0,,0.0,0,,RPRQMLRJPHKGFCA48DA,97.61,0.0,18.46,有,,43.0
中山區,房地(土地+建物),龍江路２６４號三樓,21.5,住,,,1140515,土地1建物1車位0,三層,七層,華廈(10層含以下有電梯),住家用,711019.0,121.86,0,0,0,無,無,26000000,213360.0,,0.0,0,,RPSQMLRJPHKGFCA58DA,97.61,0.0,18.46,有,,43.0
中山區,房地(土地+建物),龍江路２６４號四樓,21.5,住,,,1140515,土地1建物1車位0,四層,七層,華廈(10層含以下有電梯),住家用,711019.0,121.86,0,0,0,無,無,26000000,213360.0,,0.0,0,,RPTQMLRJPHKGFCA68DA,97.61,0.0,18.46,有,,43.0
大安區,房地(土地+建物)+車位,敦化南路二段１８２號三樓,18.78,住,,,1140502,土地2建物1車位1,三層,二十一層,住宅大樓(11層含以上有電梯),住家用,781014.0,228.79,6,1,1,有,有,57420000,274823.0,坡道平面,34.41,4000000,陽台外推；其他增建；,RPWNMLPJQHKGFFA88DA,148.03,4.55,17.08,有,,36.0
大安區,房地(土地+建物)+車位,敦化南路二段１８２號三樓之１,18.44,住,,,1140502,土地2建物1車位1,三層,二十一層,住宅大樓(11層含以上有電梯),住家用,781014.0,224.2,5,1,3,有,有,56460000,276425.0,坡道平面,34.41,4000000,陽台外推；其他增建；,RPXNMLPJQHKGFFA98DA,144.11,4.55,17.08,有,,36.0
北投區,房地(土地+建物)+車位,奇岩路２４１巷７弄１２號五樓,120.51,住,,,1140510,土地1建物1車位1,五層,五層,華廈(10層含以下有電梯),住家用,1081223.0,231.86,2,2,2,有,有,33580000,153016.0,坡道平面,28.09,2400000,,RPTOMLTLPHKGFEA09DA,112.3,10.83,7.29,有,,5.0
北投區,房地(土地+建物)+車位,富貴一路１６號七樓,30.97,住,,,1140508,土地1建物1車位1,七層,七層,華廈(10層含以下有電梯),住家用,771118.0,208.82,3,2,2,有,有,35000000,187243.0,坡道平面,43.26,4000000,陽台外推；頂樓加蓋；其他增建；,RPWNMLLLQHKGFEA58DA,147.31,10.34,10.21,有,,36.0
大安區,房地(土地+建物),敦化南路二段６３巷５３弄４號六樓,29.37,住,,,1140504,土地1建物1車位0,六層,七層,華廈(10層含以下有電梯),住家用,730605.0,148.39,3,2,2,有,有,39500000,266190.0,,0.0,0,陽台外推；,RPXNMLKLQHKGFFA68DA,119.15,0.0,14.06,有,,41.0
文山區,房地(土地+建物)+車位,辛亥路五段９４之１號三樓,26.21,住,,,1140518,土地1建物1車位1,三層,七層,華廈(10層含以下有電梯),住家用,720211.0,183.66,4,2,2,有,有,32100000,174779.0,坡道平面,0.0,0,依建物謄本標示部，車位面積無法概算陽台外推；其他增建；,RPPOMLLKQHKGFAA47DA,134.44,0.0,23.08,有,,42.0
士林區,房地(土地+建物)+車位,天母北路５６號二十二樓之１,10.33,住,,,1140520,土地1建物1車位1,二十二層,二十四層,住宅大樓(11層含以上有電梯),住家用,1090703.0,122.91,1,1,1,有,有,32050000,335830.0,坡道平面,38.79,3800000,,RPUNMLKMPHKGFEA28DA,45.95,2.52,6.44,有,,5.0
士林區,房地(土地+建物)+車位,天母北路５６號二十二樓之２,22.35,住,,,1140520,土地1建物1車位1,二十二層,二十四層,住宅大樓(11層含以上有電梯),住家用,1090703.0,222.85,3,2,2,有,有,66150000,336032.0,坡道平面,38.79,4300000,,RPVNMLKMPHKGFEA38DA,95.03,13.67,11.43,有,,5.0
大安區,房地(土地+建物)+車位,和平東路三段４６４巷２號二樓之２,19.38,住,,,1140502,土地1建物1車位1,二層,十四層,住宅大樓(11層含以上有電梯),住家用,910704.0,124.84,2,2,1,有,有,25600000,261519.0,坡道平面,36.51,2500000,陽台外推；,RPPOMLNKQHKGFFA18DA,53.87,0.0,5.4,有,1568.0,23.0
文山區,房地(土地+建物)+車位,萬盛街８９之７號六樓,13.83,住,,,1140505,土地1建物1車位1,六層,八層,華廈(10層含以下有電梯),住家用,1050816.0,108.59,2,2,1,有,有,23735000,263832.0,升降平面,25.45,1800000,陽台外推；夾層；其他增建；,RPWNMLSLPHKGFAA78DA,36.3,8.91,6.53,有,,9.0
北投區,房地(土地+建物),裕民一路４１巷２弄１２號四樓,29.47,住,,,1140529,土地1建物1車位0,四層,五層,公寓(5樓含以下無電梯),住家用,681101.0,126.2,5,0,5,有,無,24800000,196513.0,,0.0,0,其他增建；,RPROMLPJQHKGFEA38DA,117.02,0.0,9.18,無,,46.0
萬華區,房地(土地+建物),國興路４０號十樓,17.51,住,,,1140528,土地1建物1車位0,十層,十二層,住宅大樓(11層含以上有電梯),住家用,680403.0,63.09,2,2,1,有,有,13880000,220003.0,,0.0,0,,RPTOMLNKQHKGFBA18DA,55.83,0.0,7.26,有,,46.0
內湖區,房地(土地+建物)+車位,新富街５７號六樓之１,48.01,住,,,1140515,土地1建物1車位2,六層,十三層,住宅大樓(11層含以上有電梯),住家用,990209.0,314.18,4,2,2,有,有,70000000,222802.0,坡道平面,69.5,0,其他增建；,RPXNMLKLNHKGFCA08DA,148.37,5.85,16.41,有,,15.0
內湖區,房地(土地+建物),康樂街１８６巷４１號三樓之１,9.7,住,,,1140521,土地1建物1車位0,三層,七層,華廈(10層含以下有電梯),住家用,850517.0,33.16,1,2,1,有,有,6630000,199940.0,,0.0,0,夾層；,RPVPMLSJQHKGFCA98DA,20.52,0.0,1.7,有,1571.0,29.0
中正區,房地(土地+建物),連雲街３８號,48.25,住,,,1140524,土地1建物1車位0,一層,四層,公寓(5樓含以下無電梯),住家用,610317.0,130.42,4,2,2,有,無,47880000,367122.0,,0.0,0,陽台外推；其他增建；,RPRQMLLKPHKGFBA87DA,119.21,0.0,11.21,無,1575.0,53.0
文山區,房地(土地+建物)+車位,汀州路四段２６７號十樓,35.52,住,,,1140524,土地1建物1車位1,十層,十四層,住宅大樓(11層含以上有電梯),住家用,991104.0,179.66000000000005,4,2,2,有,有,39200000,218190.0,坡道平面,0.0,0,,RPPNMLMKPHKGFAA37DA,96.05,0.0,10.99,有,1576.0,15.0
文山區,房地(土地+建物),木柵路四段１５９巷１８６號五樓,29.1,住,,,1140517,土地4建物1車位0,五層,五層,公寓(5樓含以下無電梯),住家用,700409.0,101.54,3,2,1,有,無,10900000,107347.0,,0.0,0,,RPSNMLPKQHKGFAA08DA,88.85,0.0,12.69,無,,44.0
萬華區,房地(土地+建物),東園街６７巷５弄１號三樓,19.0,住,,,1140518,土地1建物1車位0,三層,四層,公寓(5樓含以下無電梯),住家用,640917.0,63.51,3,1,1,有,無,10250000,161392.0,,0.0,0,,RPQOMLNKOHKGFBA67DA,56.67,0.0,6.84,無,,50.0
北投區,房地(土地+建物),中央北路三段１６８巷５號四樓,28.13,住,,,1140528,土地2建物1車位0,四層,五層,公寓(5樓含以下無電梯),住家用,701007.0,97.46,4,1,3,有,無,10800000,110815.0,,0.0,0,陽台加鐵窗。陽台外推；其他增建；,RPUNMLSLNHKGFEA78DA,89.2,0.0,8.26,無,,44.0
南港區,房地(土地+建物)+車位,向陽路２５８巷２３號十四樓,35.55,住,,,1140518,土地1建物1車位1,十四層,十五層,住宅大樓(11層含以上有電梯),住家用,950803.0,182.22,3,2,2,有,有,38000000,208539.0,坡道平面,47.3,0,,RPWNMLLJRHKGFDA38DA,85.0,4.0,9.19,有,,19.0
大安區,房地(土地+建物),和平東路一段８５巷１２號三樓,9.87,住,,,1140506,土地2建物1車位0,三層,七層,華廈(10層含以下有電梯),住家用,941124.0,39.400000000000006,1,1,1,有,有,17800000,451777.0,,0.0,0,,RPPNMLLJQHKGFFA77DA,21.62,1.66,0.0,有,1581.0,19.0
內湖區,房地(土地+建物),星雲街１５０巷２２號九樓,29.39,住,,,1140504,土地1建物1車位0,九層,九層,華廈(10層含以下有電梯),住家用,840829.0,88.72,2,2,2,有,有,24800000,279531.0,,0.0,0,陽台外推；,RPROMLLJRHKGFCA87DA,68.25,1.41,7.17,有,1583.0,30.0
北投區,房地(土地+建物),東華街二段１７４巷１２號三樓,21.04,住,,,1140528,土地1建物1車位0,三層,五層,公寓(5樓含以下無電梯),住家用,730921.0,85.77,3,2,2,有,無,16600000,193541.0,,0.0,0,本件買賣總價為新台幣以下同 1660萬元整，其中拆分為：土地價款為新台幣1593萬元整，建物價款為新台幣67萬元整陽台外推；其他增建；,RPUNMLNJRHKGFEA48DA,68.96,0.0,10.26,無,,41.0
文山區,房地(土地+建物)+車位,景華街１７６巷２之１號三樓,44.77,住,,,1140516,土地1建物1車位1,三層,十層,華廈(10層含以下有電梯),住家用,1021230.0,230.43,3,2,2,有,有,48000000,218204.0,坡道機械,21.91,2500000,其他增建；,RPSNMLLMPHKGFAA77DA,127.67,5.99,12.39,有,,11.0
文山區,房地(土地+建物),育英街８９號二樓之１,18.64,住,,,1140511,土地1建物1車位0,二層,九層,華廈(10層含以下有電梯),住家用,1110726.0,82.75,2,2,1,有,有,23750000,287009.0,,0.0,0,,RPTNMLMLQHKGFAA97DA,50.72,0.0,3.33,有,,3.0
內湖區,房地(土地+建物)+車位,文湖街２１巷９１弄１１號六樓,22.6,住,,,1140530,土地1建物1車位1,六層,十層,華廈(10層含以下有電梯),住家用,1070105.0,105.35,0,1,1,有,有,23000000,218320.0,塔式車位,0.0,0,,RPSOMLSKQHKGFCA68DA,51.28,7.4,3.24,有,,7.0
松山區,房地(土地+建物),延吉街５０巷１０號三樓,20.62,住,,,1140525,土地1建物1車位0,三層,七層,華廈(10層含以下有電梯),住家用,670330.0,110.98,3,2,2,有,有,24000000,216255.0,,0.0,0,其他增建；,RPPNMLNLPHKGFDA87DA,83.57,0.0,10.7,有,,47.0
松山區,房地(土地+建物),南京東路五段２８６巷２號三樓之３,14.7,住,,,1140518,土地1建物1車位0,三層，陽臺,六層,華廈(10層含以下有電梯),住家用,650609.0,58.1,2,2,1,有,有,18360000,316007.0,,0.0,0,陽台外推；,RPXQMLQJQHKGFDA56DA,58.1,0.0,0.0,有,,49.0
士林區,房地(土地+建物),葫蘆街１９號四樓,27.25,住,,,1140525,土地1建物1車位0,四層,四層,公寓(5樓含以下無電梯),住家用,611207.0,86.16,4,2,1,有,無,12350000,143338.0,,0.0,0,其他增建；,RPTNMLLKQHKGFEA18DA,86.16,0.0,0.0,無,,52.0
士林區,房地(土地+建物)+車位,社正路１７巷２號六樓之３,24.01,住,,,1140520,土地1建物1車位1,六層,九層,華廈(10層含以下有電梯),住家用,1050105.0,144.23000000000002,3,1,1,有,有,22900000,175915.0,坡道平面,29.97,2800000,,RPPNMLSKQHKGFEA48DA,55.95,7.35,5.95,有,,9.0
大安區,房地(土地+建物),復興南路二段１９３巷３１號,25.33,住,,,1140525,土地1建物1車位0,一層,十七層,住宅大樓(11層含以上有電梯),住家用,740522.0,129.47,3,2,2,有,有,34200000,264154.0,,0.0,0,,RPPNMLSJRHKGFFA68EA,97.03,10.87,0.0,有,,40.0
文山區,房地(土地+建物)+車位,汀州路四段２７５號十二樓,35.61,住,,,1140430,土地1建物1車位1,十二層,十四層,住宅大樓(11層含以上有電梯),住家用,991104.0,180.12,3,2,2,有,有,33800000,187653.0,坡道平面,0.0,0,車位採輪流抽籤制,RPXNMLRLNHKGFAA58DA,96.2,0.0,11.11,有,,14.0
文山區,房地(土地+建物),興隆路二段１３０巷６號四樓,37.25,住,,,1140428,土地1建物1車位0,四層,四層,公寓(5樓含以下無電梯),住家用,580526.0,79.59,3,2,2,有,無,13700000,172132.0,,0.0,0,陽台外推；頂樓加蓋；其他增建；,RPQOMLTLNHKGFAA18DA,67.51,0.0,12.08,無,,56.0
文山區,房地(土地+建物)+車位,秀明路二段１６９號五樓之２,46.38,住,,,1140404,土地1建物1車位1,五層,十三層,住宅大樓(11層含以上有電梯),住家用,960329.0,230.13,3,2,3,有,有,46000000,225599.0,坡道平面,37.31,2500000,陽台外推；其他增建；,RPVOMLMJOHKGFAA87DA,125.51,3.64,14.33,有,1588.0,18.0
萬華區,房地(土地+建物)+車位,民和街１００號十四樓之２,24.12,住,,,1140416,土地1建物1車位1,十四層,十五層,住宅大樓(11層含以上有電梯),住家用,1121213.0,178.7,3,2,2,有,有,40580000,261164.0,坡道平面,34.04,2800000,,RPRNMLSKMHKGFBA97DA,85.3,5.76,5.33,有,1589.0,1.0
內湖區,房地(土地+建物),民權東路六段１８４號五樓之１,35.14,住,,,1140412,土地1建物1車位0,五層,五層,華廈(10層含以下有電梯),住家用,871120.0,56.540000000000006,1,2,1,有,無,14580000,257871.0,,0.0,0,其他增建；,RPWNMLQKNHKGFCA48DA,39.71,0.0,4.88,有,,26.0
中山區,房地(土地+建物),吉林路１９９巷２２號三樓,34.0,住,,,1140425,土地1建物1車位0,三層,四層,公寓(5樓含以下無電梯),住家用,610606.0,92.02,3,2,2,有,無,20580000,223647.0,,0.0,0,陽台外推；,RPQNMLNJOHKGFCA57DA,88.9,0.0,3.12,無,,53.0
松山區,房地(土地+建物),延壽街４０２巷１弄１２號五樓,32.0,住,,,1140416,土地2建物1車位0,五層,五層,公寓(5樓含以下無電梯),住家用,670711.0,92.41,3,2,1,有,無,21400000,231577.0,,0.0,0,陽台外推；其他增建；,RPWNMLPKNHKGFDA48DA,78.43,4.62,9.36,無,1592.0,47.0
士林區,房地(土地+建物),士東路５４巷３０號五樓,39.0,住,,,1140407,土地2建物1車位0,五層,五層,公寓(5樓含以下無電梯),住家用,700416.0,134.27,3,2,2,有,無,18280000,136144.0,,0.0,0,頂樓加蓋；其他增建；,RPQPMLMKNHKGFEA87DA,116.91,0.73,16.63,無,,44.0
士林區,房地(土地+建物)+車位,後港街１５８之１號八樓,28.97,住,,,1140416,土地1建物1車位1,八層,十二層,住宅大樓(11層含以上有電梯),住家用,860822.0,155.71,3,2,2,有,有,32000000,205510.0,坡道平面,0.0,2800000,其他增建；,RPPNMLSKNHKGFEA18DA,74.15,3.17,10.88,有,,28.0
士林區,房地(土地+建物),忠誠路二段１０巷５１號,50.0,住,,,1140407,土地1建物1車位0,一層,四層,公寓(5樓含以下無電梯),住家用,690123.0,132.95,3,2,2,有,無,30600000,230162.0,,0.0,0,,RPSNMLRLNHKGFEA48DA,113.11,6.61,0.0,無,1593.0,45.0
士林區,房地(土地+建物)+車位,天母北路５６號十六樓之２,22.35,住,,,1140415,土地1建物1車位1,十六層,二十四層,住宅大樓(11層含以上有電梯),住家用,1090703.0,222.85,3,2,2,有,有,67880000,352765.0,坡道平面,38.79,2950000,,RPTOMLPJOHKGFEA38DA,95.03,13.67,11.43,有,,5.0
大安區,房地(土地+建物),大安路一段１９巷９號七樓,26.28,住,,,1140424,土地1建物1車位0,七層，陽臺，見其他登記事項,七層,華廈(10層含以下有電梯),住家用,650925.0,120.82,3,2,2,有,無,33000000,273134.0,,0.0,0,,RPWNMLOLMHKGFFA58DA,120.82,0.0,0.0,有,,49.0
大安區,房地(土地+建物),安和路二段２１號十二樓之１,17.63,住,,,1140405,土地2建物1車位0,十二層,十二層,住宅大樓(11層含以上有電梯),住家用,730508.0,122.48,4,3,3,有,有,45000000,367407.0,,0.0,0,陽台外推；頂樓加蓋；,RPTNMLQLNHKGFFA58DA,85.21,1.33,16.72,有,,41.0
文山區,房地(土地+建物)+車位,景豐街６２巷１３號,56.23,住,,,1140425,土地1建物1車位2,一層,五層,華廈(10層含以下有電梯),住家用,831202.0,271.36,2,2,2,有,有,31880000,117482.0,坡道平面,0.0,0,車位編號9號及編號28號,RPPNMLTJOHKGFAA97EA,104.46,57.49,0.0,有,,30.0
大同區,房地(土地+建物),重慶北路三段２２３巷１９號,26.25,住,,,1140407,土地1建物1車位0,一層，騎樓,四層,公寓(5樓含以下無電梯),住家用,580424.0,74.58,0,0,0,無,無,20150000,270180.0,,0.0,0,陽台外推；其他增建；,RPSNMLSKMHKGFBA08DA,74.58,0.0,0.0,無,,56.0
內湖區,房地(土地+建物),康寧路三段２６５巷４號三樓,27.96,住,,,1140421,土地1建物1車位0,三層,五層,公寓(5樓含以下無電梯),住家用,730801.0,97.66,3,2,2,有,無,18680000,191276.0,,0.0,0,陽台外推；其他增建；,RPVNMLTJNHKGFCA58DA,85.98,0.0,11.68,無,1595.0,41.0
內湖區,房地(土地+建物)+車位,港華街９７號七樓之１,9.39,住,,,1140418,土地1建物1車位1,七層,十層,華廈(10層含以下有電梯),住家用,1010515.0,76.44,1,1,1,有,有,17600000,298282.0,升降機械,23.46,1800000,其他增建；,RPRNMLPKNHKGFCA87DA,32.93,2.74,3.98,有,,13.0
內湖區,房地(土地+建物)+車位,文湖街１１巷３３號四樓,36.96,住,,,1140417,土地2建物1車位1,四層,七層,華廈(10層含以下有電梯),住家用,830923.0,119.25,3,2,2,有,有,25000000,229426.0,坡道機械,19.0,2000000,陽台外推；其他增建；,RPQPMLTLNHKGFCA48DA,103.18,0.7,9.91,有,,31.0
松山區,房地(土地+建物),民權東路三段１６０巷１號九樓之１１,16.91,住,,,1140402,土地1建物1車位0,九層，十層,十二層,住宅大樓(11層含以上有電梯),住家用,690801.0,64.88,2,2,1,有,有,18650000,287454.0,,0.0,0,其他增建；,RPQOMLPLMHKGFDA97DA,64.88,0.0,0.0,有,,45.0
信義區,房地(土地+建物)+車位,中坡南路２０１巷１８之２號七樓,14.81,住,,,1140415,土地1建物1車位1,七層,二十層,住宅大樓(11層含以上有電梯),住家用,1100423.0,140.51999999999998,2,2,1,有,有,38000000,270424.0,坡道平面,0.0,3600000,,RPWTMLMKNHKGFDA78DA,56.1,9.86,5.2,有,1596.0,4.0
北投區,房地(土地+建物)+車位,石牌路二段３６３號十二樓之２,25.16,住,,,1140417,土地1建物1車位1,十二層,十四層,住宅大樓(11層含以上有電梯),住家用,1140107.0,165.43,3,2,2,有,有,42300000,304902.0,坡道平面,37.52,3300000,,RPWNMLNLNHKGFEA48DA,75.1,0.0,6.55,有,,
大安區,房地(土地+建物),師大路１２７巷３號,25.43,住,,,1140405,土地2建物1車位0,一層,七層,華廈(10層含以下有電梯),住家用,730104.0,127.75,2,1,1,有,有,24600000,192564.0,,0.0,0,其他增建；,RPPNMLPJMHKGFFA77DA,97.56,17.09,0.0,有,,41.0
大安區,房地(土地+建物),浦城街４巷８號五樓之１,10.16,住,,,1140408,土地1建物1車位0,五層,七層,華廈(10層含以下有電梯),住家用,1121101.0,50.25,1,1,1,有,有,22100000,439801.0,,0.0,0,,RPSNMLKKMHKGFFA67DA,28.68,0.0,3.18,有,,1.0
大安區,房地(土地+建物),四維路１７０巷３６號三樓之６,7.69,住,,,1140412,土地1建物1車位0,三層,八層,華廈(10層含以下有電梯),住家用,980115.0,40.72,1,1,1,有,有,13500000,331532.0,,0.0,0,,RPPNMLTLNHKGFFA48DA,21.38,2.31,2.67,有,1599.0,16.0
文山區,房地(土地+建物),忠順街一段４２號四樓,31.55,住,,,1140417,土地1建物1車位0,四層，電梯樓梯間,七層,華廈(10層含以下有電梯),住家用,850831.0,119.1,3,1,2,有,有,18000000,151134.0,,0.0,0,,RPPNMLKKOHKGFAA17EA,71.14,2.72,8.24,有,,29.0
文山區,房地(土地+建物),和興路２８之２號三樓,31.67,住,,,1140416,土地1建物1車位0,三層,五層,公寓(5樓含以下無電梯),住家用,791004.0,105.91,2,2,2,有,無,14250000,134548.0,,0.0,0,其他增建；,RPUNMLKMMHKGFAA57DA,84.84,3.09,9.28,無,1600.0,35.0
文山區,房地(土地+建物)+車位,育英街４５巷８號十二樓,29.44,住,,,1140407,土地1建物1車位1,十二層,十五層,住宅大樓(11層含以上有電梯),住家用,991022.0,187.2,3,2,2,有,有,44680000,290615.0,坡道平面,43.78,3000000,,RPVNMLNJOHKGFAA87DA,90.65,4.79,9.9,有,1601.0,14.0
萬華區,房地(土地+建物),萬青街１９２號六樓,19.08,住,,,1140424,土地1建物1車位0,六層,十二層,住宅大樓(11層含以上有電梯),住家用,931028.0,90.04,3,2,2,有,有,25000000,277654.0,,0.0,0,陽台外推；其他增建；,RPTNMLSLNHKGFBA38DA,56.07,0.0,6.85,有,,20.0
大同區,房地(土地+建物),大龍街８７巷１號五樓之８,13.84,住,,,1140403,土地2建物1車位0,五層,五層,公寓(5樓含以下無電梯),住家用,540503.0,26.53,1,1,1,有,無,4900000,184697.0,,0.0,0,,RPVNMLKKOHKGFBA77DA,24.87,0.0,1.66,無,,60.0
大同區,房地(土地+建物),重慶北路三段２２３巷１９號二樓,26.25,住,,,1140408,土地1建物1車位0,二層,四層,公寓(5樓含以下無電梯),住家用,580424.0,74.58,2,2,2,有,無,15000000,201126.0,,0.0,0,,RPPOMLKKOHKGFBA27DA,74.58,0.0,0.0,無,1603.0,56.0
內湖區,房地(土地+建物),文德路２２巷６２弄１號四樓,21.7,住,,,1140423,土地1建物1車位0,四層,五層,公寓(5樓含以下無電梯),住家用,710107.0,102.88,5,3,2,有,無,21700000,210925.0,,0.0,0,陽台外推；其他增建；,RPPOMLKKOHKGFCA37DA,81.2,0.0,15.3,無,1606.0,43.0
大同區,房地(土地+建物),敦煌路１８９號四樓,25.8,住,,,1140428,土地1建物1車位0,四層,五層,公寓(5樓含以下無電梯),住家用,690121.0,94.56,3,2,2,有,無,14500000,153342.0,,0.0,0,天井增建陽台外推；其他增建；,RPPNMLLKOHKGFBA37EA,81.42,0.0,13.14,無,,45.0
文山區,房地(土地+建物),木新路三段４５巷７弄１０號五樓,38.32,住,,,1140401,土地1建物1車位0,五層,五層,公寓(5樓含以下無電梯),住家用,760303.0,107.68,3,2,2,有,無,16000000,148588.0,,0.0,0,,RPTNMLKKOHKGFAA47DA,88.96,0.0,9.42,無,1609.0,38.0
中山區,房地(土地+建物),松江路２２６巷１５號五樓,35.5,住,,,1140421,土地1建物1車位0,五層,六層,華廈(10層含以下有電梯),住家用,690731.0,152.11,4,2,2,有,無,33500000,220235.0,,0.0,0,陽台外推；,RPWNMLRLNHKGFCA68DA,119.3,0.0,22.57,有,1612.0,45.0
松山區,房地(土地+建物),健康路２０２號三樓,38.25,住,,,1140424,土地1建物1車位0,三層,四層,公寓(5樓含以下無電梯),住家用,601213.0,96.88,3,2,1,有,無,18500000,190958.0,,0.0,0,,RPPOMLOLMHKGFDA77DA,96.88,0.0,0.0,無,,53.0
北投區,房地(土地+建物),中和街３９８巷５弄２號六樓之２,14.45,住,,,1140420,土地4建物1車位0,六層,十層,華廈(10層含以下有電梯),住家用,840622.0,32.16,1,0,1,有,有,5550000,172575.0,,0.0,0,陽台外推；其他增建；,RPWNMLLLNHKGFEA28DA,19.22,1.05,2.75,有,1614.0,30.0
北投區,房地(土地+建物)+車位,珠海路１３３巷１０號十一樓,87.5,住,,,1140408,土地1建物1車位1,十一層,十四層,住宅大樓(11層含以上有電梯),住家用,970123.0,213.92,3,2,2,有,有,33000000,154263.0,坡道平面,0.0,2500000,,RPXOMLKMNHKGFEA48DA,105.78,4.28,9.99,有,,17.0
內湖區,房地(土地+建物)+車位,大湖山莊街２３巷１５之２號三樓,26.93,住,,,1140405,土地1建物1車位1,三層,三層,公寓(5樓含以下無電梯),住家用,830106.0,85.52000000000001,2,2,1,有,有,17000000,198784.0,升降機械,0.0,0,陽台外推；,RPQNMLMKOHKGFCA67EA,42.29,1.02,6.62,無,1615.0,31.0
北投區,房地(土地+建物),吉利街１５８號五樓,29.64,住,,,1140406,土地2建物1車位0,五層,五層,公寓(5樓含以下無電梯),住家用,720303.0,91.35,4,2,4,有,無,17980000,196825.0,,0.0,0,外梯增建、鐵鋁窗增建、遮雨棚增建頂樓加蓋；其他增建；,RPSNMLLKOHKGFEA97EA,83.56,0.0,7.79,無,1616.0,42.0
文山區,房地(土地+建物),景華街１２８巷７４號二樓,37.75,住,,,1140422,土地1建物1車位0,二層,五層,公寓(5樓含以下無電梯),住家用,730330.0,106.96,3,2,1,有,有,15250000,142590.0,,0.0,0,陽台外推；其他增建；,RPWNMLKMMHKGFAA77DA,84.55,0.0,18.29,無,,41.0
文山區,房地(土地+建物)+車位,興隆路二段２０３巷６０號十一樓,33.73,住,,,1140424,土地1建物1車位1,十一層,十二層,住宅大樓(11層含以上有電梯),住家用,880329.0,135.88,3,2,2,有,有,24680000,222334.0,坡道平面,36.12,2500000,其他增建；,RPPNMLOJNHKGFAA27DA,71.84,0.0,10.68,有,1617.0,26.0
文山區,房地(土地+建物)+車位,興隆路四段２９巷４弄３號九樓之２,41.16,住,,,1140426,土地2建物1車位1,九層,十一層,住宅大樓(11層含以上有電梯),住家用,871202.0,93.28,3,2,2,有,有,21300000,248376.0,坡道機械,14.77,1800000,陽台外推；夾層；其他增建；,RPUNMLRLNHKGFAA28DA,56.41,0.0,4.19,有,,26.0
中正區,房地(土地+建物),詔安街２２０巷４號三樓,36.8,住,,,1140423,土地1建物1車位0,三層,五層,公寓(5樓含以下無電梯),住家用,760817.0,141.02,3,1,2,有,無,24400000,173025.0,,0.0,0,陽台外推；,RPUNMLNJOHKGFAA77DA,114.79,0.0,12.32,無,,38.0
萬華區,房地(土地+建物),萬大路２７７巷４６號九樓之２,14.42,住,,,1140428,土地1建物1車位0,九層,十二層,住宅大樓(11層含以上有電梯),住家用,711027.0,60.379999999999995,1,2,1,有,有,13000000,215303.0,,0.0,0,鐵窗增建陽台外推；其他增建；,RPSNMLQLNHKGFBA08DA,42.66,0.0,3.85,有,1618.0,43.0
內湖區,房地(土地+建物)+車位,新富街５７號五樓之１,48.01,住,,,1140424,土地1建物1車位2,五層,十三層,住宅大樓(11層含以上有電梯),住家用,990209.0,314.18,4,2,2,有,有,69600000,221529.0,坡道平面,69.5,0,其他增建；,RPRNMLQJNHKGFCA87DA,148.37,5.85,16.41,有,,15.0
內湖區,房地(土地+建物),安康路４３４巷２０弄２４號五樓,12.16,住,,,1140406,土地1建物1車位0,五層,八層,華廈(10層含以下有電梯),住家用,850613.0,36.27,1,1,1,有,有,8700000,239868.0,,0.0,0,夾層；,RPUOMLMJOHKGFCA97DA,21.37,0.0,2.97,有,1619.0,29.0
內湖區,房地(土地+建物)+車位,行善路４７號八樓,48.27,住,,,1140423,土地1建物1車位1,八層,十層,華廈(10層含以下有電梯),住家用,870506.0,127.38,3,2,2,有,有,24500000,192338.0,坡道平面,0.0,0,停車位無固定，需每年抽籤陽台外推；,RPOOMLLKOHKGFCA37DA,76.34,0.0,7.06,有,1621.0,27.0
松山區,房地(土地+建物),南京東路五段２５１巷２４弄８號七樓之１,13.3,住,,,1140417,土地1建物1車位0,七層,七層,華廈(10層含以下有電梯),住家用,670114.0,70.2,2,2,1,有,無,21500000,306268.0,,0.0,0,其他增建：頂樓增建。陽台外推；其他增建；,RPTUMLMKNHKGFDA58DA,60.92,0.0,4.5,有,,47.0
信義區,房地(土地+建物),永吉路１８０巷７０弄２號四樓,29.75,住,,,1140426,土地1建物1車位0,四層，陽臺,四層,公寓(5樓含以下無電梯),住家用,630902.0,86.42,2,2,1,有,無,23880000,276325.0,,0.0,0,陽台外推；其他增建；,RPRNMLMLNHKGFDA77DA,86.42,0.0,0.0,無,,51.0
南港區,房地(土地+建物),福德街３１０巷１８弄７號三樓,36.75,住,,,1140419,土地1建物1車位0,三層,四層,公寓(5樓含以下無電梯),住家用,661229.0,62.88,2,2,1,有,無,15300000,243321.0,,0.0,0,陽台外推；其他增建；,RPVNMLQLNHKGFDA58DA,59.88,0.0,3.0,無,1623.0,47.0
士林區,房地(土地+建物),承德路四段４號五樓,23.6,住,,,1140412,土地1建物1車位0,五層,五層,公寓(5樓含以下無電梯),住家用,621115.0,96.35,3,2,1,有,無,16400000,170213.0,,0.0,0,頂樓加蓋；其他增建；,RPPNMLTJNHKGFEA18DA,93.48,0.0,2.87,無,,51.0
大安區,房地(土地+建物),延吉街２３７號五樓之１,11.59,住,,,1140411,土地1建物1車位0,五層,七層,華廈(10層含以下有電梯),住家用,730127.0,68.78,1,2,1,有,無,25000000,363478.0,,0.0,0,陽台外推；,RPWPMLRLNHKGFFA56DA,53.55,4.1,5.43,有,,41.0
文山區,房地(土地+建物)+車位,仙岩路１６巷８３號四樓,51.62,住,,,1140428,土地1建物1車位1,四層，電梯樓梯間,十三層,住宅大樓(11層含以上有電梯),住家用,870312.0,161.14,3,2,2,有,有,25580000,185605.0,坡道平面,36.79,2500000,,RPQNMLQKOHKGFAA87EA,92.7,4.3,11.07,有,,27.0
松山區,房地(土地+建物),敦化北路２２２巷１８弄２號四樓之１,12.95,住,,,1140423,土地1建物1車位0,四層,七層,華廈(10層含以下有電梯),住家用,720526.0,80.86,2,1,1,有,有,20000000,247341.0,,0.0,0,,RPUOMLNKNHKGFDA28EA,60.16,0.0,8.21,有,,42.0
士林區,房地(土地+建物)+車位,中山北路七段３８巷１２弄６號,19.7,住,,,1140412,土地1建物1車位1,一層,六層,華廈(10層含以下有電梯),住家用,931119.0,75.9,1,1,1,有,無,16180000,213175.0,升降平面,0.0,1500000,陽台外推；夾層；,RPVNMLQKOHKGFEA78EA,34.1,0.0,5.22,有,1624.0,20.0
文山區,房地(土地+建物)+車位,木柵路一段３８３號四樓之１,37.64,住,,,1140428,土地1建物1車位1,四層,十三層,住宅大樓(11層含以上有電梯),住家用,950317.0,187.47,3,2,2,有,有,34000000,206747.0,坡道平面,35.11,2500000,陽台外推；其他增建；,RPRNMLSJNHKGFAA87DA,88.17,7.67,9.33,有,,19.0
中正區,房地(土地+建物),仁愛路二段９１巷１２之１號五樓,23.94,住,,,1140427,土地1建物1車位0,五層,五層,華廈(10層含以下有電梯),住家用,910826.0,78.83,2,2,1,有,有,30300000,384371.0,,0.0,0,陽台外推；其他增建；,RPRNMLRJOHKGFBA97DA,45.25,0.0,11.62,有,,23.0
中山區,房地(土地+建物)+車位,明水路４９０號三樓,135.62,住,,,1140410,土地2建物2車位1,三層,十四層,住宅大樓(11層含以上有電梯),住家用,920424.0,408.99,7,3,3,有,有,175000000,469381.0,坡道平面,42.55,3000000,其他增建；,RPTOMLPKNHKGFCA18DA,226.88,0.0,28.7,有,,22.0
信義區,房地(土地+建物)+車位,吳興街６００巷１１０號,26.29,住,,,1140417,土地1建物1車位1,一層,十一層,住宅大樓(11層含以上有電梯),住家用,810806.0,167.82,4,2,2,有,有,28080000,167322.0,坡道平面,0.0,0,夾層；其他增建；,RPUNMLOJOHKGFDA18DA,104.67,16.41,0.0,有,1630.0,33.0
松山區,房地(土地+建物),八德路三段１５８巷５２號三樓,28.0,住,,,1140424,土地1建物1車位0,三層,四層,公寓(5樓含以下無電梯),住家用,560126.0,81.56,2,2,1,有,無,21000000,257479.0,,0.0,0,陽台外推；其他增建；,RPROMLNKOHKGFDA97DA,76.64,0.0,4.92,無,1631.0,58.0
士林區,房地(土地+建物),士東路９１巷２６弄６號六樓之１,8.23,住,,,1140421,土地1建物1車位0,六層,七層,華廈(10層含以下有電梯),住家用,980302.0,38.83,1,1,1,有,有,10500000,270409.0,,0.0,0,夾層；含租約；,RPQPMLPLMHKGFEA18DA,19.03,1.33,2.19,有,,16.0
大安區,房地(土地+建物),建國南路二段１１１號五樓,21.13,住,,,1140428,土地1建物1車位0,五層,十五層,住宅大樓(11層含以上有電梯),住家用,750415.0,108.05,3,2,2,有,有,32700000,302638.0,,0.0,0,陽台外推；其他增建；,RPTNMLNLNHKGFFA28DA,74.74,0.55,10.59,有,,39.0
大安區,房地(土地+建物)+車位,金山南路二段１８５巷５號三樓,31.51,住,,,1140409,土地1建物1車位1,三層,七層,華廈(10層含以下有電梯),住家用,941215.0,125.13,3,2,2,有,有,37000000,320811.0,其他,17.59,2500000,,RPQOMLMKOHKGFFA97DA,55.88,0.0,8.82,有,,19.0
文山區,房地(土地+建物),興隆路一段１３０號三樓,35.39,住,,,1140406,土地1建物1車位0,三層，陽臺,四層,公寓(5樓含以下無電梯),住家用,631219.0,96.28,4,1,4,有,無,18500000,192148.0,,0.0,0,陽台外推；其他增建；,RPSNMLPJNHKGFAA67DA,96.28,0.0,0.0,無,,50.0
萬華區,房地(土地+建物),青年路３０巷７號三樓之２,22.5,住,,,1140418,土地1建物1車位0,三層,十二層,住宅大樓(11層含以上有電梯),住家用,760316.0,105.14,2,2,2,有,有,19080000,181472.0,,0.0,0,其他增建；,RPTNMLMJNHKGFBA57DA,73.26,0.0,8.5,有,,38.0
南港區,房地(土地+建物)+車位,向陽路１６２巷９３號二樓,24.22,住,,,1140429,土地1建物1車位1,二層,九層,華廈(10層含以下有電梯),住家用,931230.0,121.62,2,2,1,有,有,26880000,276133.0,坡道平面,35.14,3000000,,RPPPMLQJNHKGFDA97DA,56.55,0.84,5.21,有,,20.0
松山區,房地(土地+建物),南京東路五段６６巷２２弄１６號三樓,20.31,住,,,1140403,土地4建物1車位0,三層,七層,華廈(10層含以下有電梯),住家用,730525.0,117.16,3,2,2,有,無,29880000,255036.0,,0.0,0,陽台外推；其他增建；,RPTOMLTJOHKGFDA68DA,81.09,0.0,20.11,有,1636.0,41.0
信義區,房地(土地+建物),松仁路１７０號二樓,28.0,住,,,1140410,土地1建物1車位0,二層，陽臺,四層,公寓(5樓含以下無電梯),住家用,640626.0,85.12,2,2,1,有,無,13000000,152726.0,,0.0,0,陽台外推；,RPPNMLQKOHKGFDA97DA,85.12,0.0,0.0,無,,50.0
南港區,房地(土地+建物),成福路１９４巷２弄２號二樓,31.76,住,,,1140419,土地1建物1車位0,二層,五層,公寓(5樓含以下無電梯),住家用,720729.0,116.88,4,2,2,有,無,24000000,205339.0,,0.0,0,,RPPNMLRKOHKGFDA08DA,92.21,0.0,14.33,無,1637.0,42.0
北投區,房地(土地+建物),中央北路三段２６２號三樓,25.14,住,,,1140420,土地2建物1車位0,三層,五層,公寓(5樓含以下無電梯),住家用,710226.0,89.54,2,2,1,有,無,11100000,123967.0,,0.0,0,陽台外推；其他增建；,RPPNMLQJOHKGFEA97DA,77.07,0.0,12.47,無,,43.0
北投區,房地(土地+建物)+車位,稻香路１６１巷９號三樓之５,14.36,住,,,1140413,土地1建物1車位1,三層,十一層,住宅大樓(11層含以上有電梯),住家用,930312.0,74.63,1,1,1,有,有,10100000,126601.0,升降機械,6.7,1500000,夾層；,RPTNMLQKOHKGFEA48DA,34.64,2.36,3.84,有,1638.0,21.0
大安區,房地(土地+建物),富陽街１５７巷１６號四樓,25.88,住,,,1140408,土地1建物1車位0,四層,五層,公寓(5樓含以下無電梯),住家用,750830.0,97.18,3,2,2,有,無,17200000,176991.0,,0.0,0,,RPQNMLPKMHKGFFA97DA,81.13,0.0,7.01,無,,39.0
大安區,房地(土地+建物),忠孝東路四段２１６巷１１弄２０號三樓,31.6,住,,,1140426,土地1建物1車位0,三層，陽臺,七層,華廈(10層含以下有電梯),住家用,660113.0,142.01999999999998,4,2,2,有,有,40600000,285875.0,,0.0,0,其他增建；,RPRNMLSJOHKGFFA48DA,131.91,0.0,0.0,有,,48.0
北投區,房地(土地+建物),大興街２４巷６弄１２號三樓,29.46,住,,,1140417,土地1建物1車位0,三層,四層,公寓(5樓含以下無電梯),住家用,681224.0,88.7,3,2,1,有,無,17700000,199549.0,,0.0,0,陽台外推；,RPVNMLRKOHKGFEA88EA,76.25,0.0,12.45,無,,45.0
中正區,房地(土地+建物),羅斯福路三段２４０巷１７弄８號,27.8,住,,,1140406,土地1建物1車位0,一層,五層,公寓(5樓含以下無電梯),住家用,750401.0,106.19,3,2,2,有,無,32000000,301347.0,,0.0,0,其他增建；,RPUNMLMLNHKGFAA77DA,86.37,9.16,0.0,無,,39.0
文山區,房地(土地+建物),興隆路三段１３７號七樓之１２,6.56,住,,,1140428,土地1建物1車位0,七層,十層,華廈(10層含以下有電梯),住家用,970523.0,31.19,0,1,1,有,有,9000000,288554.0,,0.0,0,夾層；其他增建；,RPSNMLQLNHKGFAA97DA,17.39,2.59,0.0,有,,17.0
中正區,房地(土地+建物),青島東路３７號四樓之２,12.54,住,,,1140418,土地1建物1車位0,四層,五層,華廈(10層含以下有電梯),住家用,820621.0,41.94,3,1,1,有,無,12150000,289700.0,,0.0,0,夾層；,RPPNMLLLNHKGFBA27DA,31.98,0.66,3.73,有,,32.0
南港區,房地(土地+建物),研究院路二段１８２巷８１號二樓,26.93,住,,,1140419,土地2建物1車位0,二層,五層,公寓(5樓含以下無電梯),住家用,731029.0,106.45,3,2,2,有,有,12880000,120996.0,,0.0,0,陽台外推；其他增建；,RPSNMLPJOHKGFDA08DA,85.86,0.0,9.95,無,1648.0,40.0
北投區,房地(土地+建物),石牌路二段３５７巷１５號四樓,45.76,住,,,1140419,土地1建物1車位0,四層,五層,公寓(5樓含以下無電梯),住家用,700518.0,164.7,4,2,3,有,無,23680000,143777.0,,0.0,0,陽台外推；其他增建；,RPVNMLNJOHKGFEA28DA,136.79,0.0,27.91,無,,44.0
大安區,房地(土地+建物),辛亥路一段８６號九樓,16.71,住,,,1140420,土地1建物1車位0,九層,十一層,住宅大樓(11層含以上有電梯),住家用,671027.0,130.76,1,1,1,有,有,33680000,257571.0,,0.0,0,陽台外推；其他增建；,RPPNMLKLNHKGFFA57DA,100.58,0.0,13.02,有,,46.0
文山區,房地(土地+建物),辛亥路四段２１巷１６號十三樓,43.77,住,,,1140420,土地4建物1車位0,十三層,十八層,住宅大樓(11層含以上有電梯),住家用,840801.0,116.26,2,2,2,有,有,26880000,231206.0,,0.0,0,陽台外推；其他增建；,RPQOMLTKNHKGFAA08DA,86.57,2.2,8.46,有,1652.0,30.0
文山區,房地(土地+建物)+車位,辛亥路六段３５號十二樓之１,29.35,住,,,1140410,土地2建物1車位1,十二層,十四層,住宅大樓(11層含以上有電梯),住家用,970521.0,168.67000000000002,3,2,2,有,有,30800000,225948.0,坡道平面,43.42,2500000,其他增建；,RPWNMLQLNHKGFAA38DA,73.57,2.14,10.79,有,,17.0
文山區,房地(土地+建物),試院路５２號四樓,25.3,住,,,1140415,土地1建物1車位0,四層,四層,公寓(5樓含以下無電梯),住家用,700612.0,78.5,4,2,2,有,無,9100000,115924.0,,0.0,0,陽台外推；頂樓加蓋；其他增建；,RPSOMLMJOHKGFAA57DA,60.65,0.48,9.86,無,,44.0
松山區,房地(土地+建物),健康路１７７號,16.23,住,,,1140412,土地2建物1車位0,一層,十二層,住宅大樓(11層含以上有電梯),住家用,820323.0,84.78999999999999,2,2,1,有,有,23000000,271258.0,,0.0,0,車位可抽籤,RPSNMLTKOHKGFDA58DA,58.82,6.9,0.0,有,,32.0
北投區,房地(土地+建物)+車位,石牌路二段３６３號四樓之２,12.38,住,,,1140422,土地1建物1車位1,四層,十四層,住宅大樓(11層含以上有電梯),住家用,1140107.0,100.17,2,1,1,有,有,20900000,284118.0,坡道平面,37.52,3100000,,RPPOMLMKNHKGFEA67DA,36.41,0.0,3.61,有,,
北投區,房地(土地+建物),懷德街３之９號四樓,34.71,住,,,1140427,土地1建物1車位0,四層,七層,華廈(10層含以下有電梯),住家用,740109.0,173.74,4,2,2,有,無,28300000,162887.0,,0.0,0,陽台外推；其他增建；,RPVNMLNLNHKGFEA38DA,138.59,0.0,23.01,有,1656.0,40.0
北投區,房地(土地+建物),中和街４９３巷３弄６號二樓,31.4,住,,,1140425,土地9建物1車位0,二層,五層,公寓(5樓含以下無電梯),住家用,690530.0,108.32,3,2,3,有,無,11600000,107090.0,,0.0,0,其他增建；,RPSNMLSKOHKGFEA68EA,93.57,0.0,14.75,無,,45.0
內湖區,房地(土地+建物),康寧路三段１９０巷３５號九樓之９,11.37,住,,,1140414,土地1建物1車位0,九層,十二層,住宅大樓(11層含以上有電梯),住家用,970103.0,55.3,2,1,1,有,有,15560000,281374.0,,0.0,0,陽台外推；其他增建；,RPQOMLLLNHKGFCA57DA,29.06,3.82,4.52,有,,17.0
松山區,房地(土地+建物),八德路二段３４６巷５弄１３號二樓,27.55,住,,,1140411,土地1建物1車位0,二層,五層,公寓(5樓含以下無電梯),住家用,760613.0,110.83,3,2,2,有,無,25500000,230082.0,,0.0,0,其他增建；,RPSNMLTLNHKGFDA58DA,97.68,0.0,8.72,無,,38.0
信義區,房地(土地+建物),永吉路３２１巷３０號三樓,26.04,住,,,1140415,土地1建物1車位0,三層,五層,公寓(5樓含以下無電梯),住家用,740502.0,97.91,3,2,2,有,無,25800000,263507.0,,0.0,0,陽台外推；其他增建；,RPXNMLMJOHKGFDA28DA,82.05,0.0,8.77,無,,40.0
北投區,房地(土地+建物),裕民六路１１４巷３６弄２號四樓之２,24.53,住,,,1140428,土地1建物1車位0,四層，陽臺,四層,公寓(5樓含以下無電梯),住家用,650506.0,62.25,2,1,1,有,無,14300000,229719.0,,0.0,0,陽台外推；其他增建；,RPRNMLTJNHKGFEA38DA,62.25,0.0,0.0,無,1662.0,49.0
北投區,房地(土地+建物),泉源路４１巷５１號,40.33,住,,,1140420,土地1建物1車位0,二層,三層,公寓(5樓含以下無電梯),住家用,560408.0,88.22,2,1,1,有,無,7750000,87849.0,,0.0,0,陽台外推；,RPSNMLTKOHKGFEA68DA,88.22,0.0,0.0,無,,58.0
大安區,房地(土地+建物),和平東路三段１巷２６弄１號十五樓,19.94,住,,,1140414,土地1建物1車位0,十五層,十五層,住宅大樓(11層含以上有電梯),住家用,740522.0,103.79,2,2,1,有,有,27500000,264958.0,,0.0,0,陽台外推；其他增建；,RPSNMLMKOHKGFFA08DA,75.58,1.26,7.07,有,,40.0
大安區,房地(土地+建物),敦化南路二段４６號七樓之１,5.81,住,,,1140416,土地1建物1車位0,七層，陽臺,十六層,住宅大樓(11層含以上有電梯),住家用,640602.0,54.3,2,1,1,有,有,19600000,360958.0,,0.0,0,陽台外推；,RPTNMLRKOHKGFFA68DA,40.27,0.0,0.0,有,1663.0,50.0
中山區,房地(土地+建物)+車位,松江路４２６號七樓之３,22.1,住,,,1140415,土地4建物1車位1,七層,十五層,住宅大樓(11層含以上有電梯),住家用,951221.0,202.55,2,2,2,有,有,51000000,294388.0,坡道平面,39.5,3000000,,RPQNMLKLOHKGFCA57EA,103.23,1.96,12.4,有,,18.0
松山區,房地(土地+建物),民權東路三段１４２號十樓之５,6.12,住,,,1140429,土地2建物1車位0,十層,十五層,住宅大樓(11層含以上有電梯),住家用,730915.0,54.79,0,0,0,無,有,14090000,257164.0,,0.0,0,,RPPNMLNLOHKGFDA87EA,37.07,0.0,3.98,有,,41.0
北投區,房地(土地+建物),新興路７８巷１２之１號三樓,31.95,住,,,1140420,土地1建物1車位0,三層,四層,公寓(5樓含以下無電梯),住家用,690214.0,87.13,2,2,1,有,無,12500000,143464.0,,0.0,0,廚房懸空增建陽台外推；其他增建；,RPPNMLNLOHKGFEA97EA,65.78,0.0,12.25,無,,45.0
文山區,房地(土地+建物)+車位,光輝路２１巷１１號九樓,32.69,住,,,1140419,土地1建物1車位1,九層,十一層,住宅大樓(11層含以上有電梯),住家用,991005.0,201.86,3,2,2,有,有,38500000,229110.0,坡道平面,44.73,2500000,陽台外推；其他增建；,RPTNMLPKNHKGFAA87DA,101.13,7.43,8.96,有,1665.0,15.0
文山區,房地(土地+建物)+車位,木柵路四段２１巷７號四樓,54.14,住,,,1140429,土地2建物1車位1,四層，電梯樓梯間,六層,華廈(10層含以下有電梯),住家用,841127.0,129.76,3,2,2,有,有,16800000,129470.0,坡道平面,0.0,0,夾層；,RPTNMLKLOHKGFAA57DA,65.11,5.0,6.74,有,,29.0
中山區,房地(土地+建物)+車位,吉林路１２之５號五樓,36.17,住,,,1140426,土地1建物1車位2,五層,十六層,住宅大樓(11層含以上有電梯),住家用,1070511.0,269.87,2,2,2,有,有,73060000,378329.0,坡道平面,95.26,7000000,,RPTOMLMLNHKGFCA97DA,102.5,6.48,12.71,有,1666.0,7.0
中山區,房地(土地+建物),新生北路二段１２１號二樓之１,13.64,住,,,1140420,土地1建物2車位0,二層,七層,華廈(10層含以下有電梯),住家用,690325.0,72.72,2,2,1,有,無,18400000,253025.0,,0.0,0,陽台外推；其他增建；,RPSNMLTLNHKGFCA48DA,57.24,0.0,6.2,有,1667.0,45.0
內湖區,房地(土地+建物)+車位,康寧路三段７０巷２號六樓,29.11,住,,,1140418,土地1建物1車位1,六層,十二層,住宅大樓(11層含以上有電梯),住家用,940811.0,179.85,3,2,2,有,有,37500000,208507.0,坡道平面,12.97,0,陽台外推；,RPRNMLNLOHKGFCA87DA,75.38,2.53,10.86,有,,20.0
士林區,房地(土地+建物),承德路四段１２巷２８號五樓,23.61,住,,,1140428,土地1建物1車位0,五層,七層,華廈(10層含以下有電梯),住家用,670421.0,125.58,3,2,2,有,有,21500000,171206.0,,0.0,0,,RPQNMLMJOHKGFEA67DA,96.18,0.0,17.69,有,,47.0
士林區,房地(土地+建物)+車位,中山北路六段４４１巷３０號九樓之１,43.5,住,,,1140429,土地1建物1車位3,九層,十七層,住宅大樓(11層含以上有電梯),住家用,1130306.0,336.62,0,0,0,無,有,102000000,395505.0,坡道平面,105.27,10500000,毛胚屋；,RPSNMLQKOHKGFEA38DA,131.53,7.1,11.93,有,,1.0
大安區,房地(土地+建物),和平東路二段７６巷２９弄２號四樓,18.85,住,,,1140413,土地1建物1車位0,四層,七層,華廈(10層含以下有電梯),住家用,700218.0,118.5,4,1,2,有,無,35600000,300422.0,,0.0,0,陽台外推；,RPVNMLTJNHKGFFA88DA,94.29,0.0,14.91,有,,44.0
文山區,房地(土地+建物)+車位,秀明路二段９３號五樓,110.03,住,,,1140412,土地5建物1車位1,五層,十一層,住宅大樓(11層含以上有電梯),住家用,1121214.0,159.32,2,2,2,有,有,30500000,240055.0,坡道平面,42.68,2500000,,RPRNMLKMNHKGFAA37DA,64.08,10.99,4.48,有,1670.0,1.0
中山區,房地(土地+建物),建國北路三段６６號三樓,13.62,住,,,1140402,土地2建物1車位0,三層,十二層,住宅大樓(11層含以上有電梯),住家用,750411.0,91.05,3,2,1,有,無,19800000,217463.0,,0.0,0,陽台外推；,RPPNMLTKOHKGFCA18DA,72.51,0.0,13.02,有,,39.0
士林區,房地(土地+建物),承德路四段８０巷５５之１號二樓,34.38,住,,,1140426,土地1建物1車位0,二層,五層,公寓(5樓含以下無電梯),住家用,740802.0,117.0,2,2,1,有,無,22000000,188034.0,,0.0,0,,RPWNMLNLOHKGFEA58DA,94.19,0.0,18.55,無,,40.0
北投區,房地(土地+建物),文林北路３００號三樓之１,17.45,住,,,1140413,土地1建物1車位0,三層,十層,華廈(10層含以下有電梯),住家用,850228.0,96.37,3,2,2,有,有,26000000,269794.0,,0.0,0,陽台外推；,RPXNMLNLOHKGFEA68DA,62.68,4.33,8.59,有,1673.0,29.0
大安區,房地(土地+建物)+車位,瑞安街１４９巷８號十六樓之１,43.82,住,,,1140411,土地1建物1車位3,十六層,二十一層,住宅大樓(11層含以上有電梯),住家用,1130520.0,364.51,0,0,4,有,有,159680000,576656.0,坡道平面,109.8,12800000,,RPOPMLQKMHKGFFA08DA,148.83,0.0,15.27,有,,1.0
大安區,房地(土地+建物),瑞安街２０８巷６１弄２１號四樓,25.04,住,,,1140402,土地1建物1車位0,四層,十五層,住宅大樓(11層含以上有電梯),住家用,761231.0,138.34,4,2,2,有,有,43980000,317912.0,,0.0,0,陽台外推；,RPPNMLNJOHKGFFA77DA,102.97,2.6,8.76,有,,37.0
士林區,房地(土地+建物),中正路６８８號五樓之２,14.1,住,,,1140422,土地3建物1車位0,五層,九層,華廈(10層含以下有電梯),住家用,870810.0,68.82,2,1,1,有,有,12500000,181633.0,,0.0,0,,RPQNMLOLOHKGFEA18EA,49.88,0.0,5.33,有,,27.0
文山區,房地(土地+建物),指南路二段４５巷６弄３號四樓,23.5,住,,,1140410,土地1建物1車位0,四層，陽臺,四層,公寓(5樓含以下無電梯),住家用,650510.0,76.09,3,2,1,有,無,12600000,165593.0,,0.0,0,陽台外推；頂樓加蓋；,RPPNMLQKNHKGFAA57DA,76.09,0.0,0.0,無,,49.0
文山區,房地(土地+建物),景福街２４２巷２弄８號二樓,32.25,住,,,1140430,土地1建物1車位0,二層，陽臺,四層,公寓(5樓含以下無電梯),住家用,631018.0,69.56,3,2,1,有,無,13850000,199109.0,,0.0,0,陽台外推；,RPSNMLOLOHKGFAA87DA,69.56,0.0,0.0,無,,51.0
中正區,房地(土地+建物),臨沂街２４巷６號四樓,31.88,住,,,1140403,土地2建物1車位0,四層,七層,華廈(10層含以下有電梯),住家用,660419.0,166.02,3,2,2,有,無,48000000,289122.0,,0.0,0,陽台外推；其他增建；,RPXNMLQJOHKGFBA48DA,143.95,0.0,15.51,有,,48.0
北投區,房地(土地+建物),立農街一段２５７巷１０弄１７號二樓,22.45,住,,,1140427,土地3建物1車位0,二層,四層,公寓(5樓含以下無電梯),住家用,691002.0,61.69,2,2,1,有,無,13000000,210731.0,,0.0,0,陽台外推；其他增建；,RPUNMLOKNHKGFEA28DA,54.04,0.0,7.65,無,1678.0,45.0
北投區,房地(土地+建物),幽雅路７號十一樓之１１,9.37,,,,1140406,土地1建物1車位0,十一層,十三層,住宅大樓(11層含以上有電梯),住家用,980205.0,57.900000000000006,1,1,1,有,有,9650000,166667.0,,0.0,0,陽台外推；,RPTNMLTKOHKGFEA78DA,29.8,1.42,5.34,有,1679.0,16.0
北投區,房地(土地+建物)+車位,稻香路１６１巷１６弄６之２號,49.91,住,,,1140417,土地1建物1車位1,一層,五層,華廈(10層含以下有電梯),住家用,1100902.0,126.31,2,2,1,有,有,23280000,231878.0,坡道平面,35.4,2200000,含家電及裝潢設備,RPPOMLKLOHKGFEA67DA,52.86,0.0,6.38,有,,4.0
北投區,房地(土地+建物)+車位,稻香路１６１巷１６弄１０之５號,65.31,住,,,1140430,土地1建物1車位1,一層,五層,華廈(10層含以下有電梯),住家用,1100902.0,154.44,3,2,2,有,有,31680000,249328.0,坡道平面,35.4,2000000,含家電及裝潢設備,RPQOMLKLOHKGFEA77DA,69.65,0.0,7.91,有,,4.0
大安區,房地(土地+建物),建國南路二段１０７號,21.13,住,,,1140427,土地1建物1車位0,一層,十四層,住宅大樓(11層含以上有電梯),住家用,750415.0,105.69,2,2,1,有,有,36450000,344877.0,,0.0,0,其他增建；,RPQNMLQKOHKGFFA28DA,74.54,10.09,0.0,有,,39.0
文山區,房地(土地+建物)+車位,萬壽路６１巷１１號十一樓,93.48,住,,,1140418,土地1建物1車位1,十一層，電梯樓梯間,十五層,住宅大樓(11層含以上有電梯),住家用,841220.0,181.49,3,2,2,有,有,21150000,138096.0,坡道平面,41.37,1800000,,RPRNMLMKOHKGFAA47DA,128.95,1.71,10.15,有,,29.0
內湖區,房地(土地+建物)+車位,瑞光路１１２巷５６弄３１號五樓,62.23,住,,,1140403,土地1建物1車位1,五層,五層,公寓(5樓含以下無電梯),住家用,861030.0,133.97,3,2,2,有,有,26100000,194820.0,坡道平面,0.0,2000000,陽台外推；其他增建；,RPQPMLMKNHKGFCA67DA,67.75,0.0,8.62,無,1681.0,27.0
內湖區,房地(土地+建物),內湖路二段３００號三樓之４,21.27,住,,,1140413,土地1建物1車位0,三層,七層,華廈(10層含以下有電梯),住家用,780718.0,116.07,3,2,2,有,有,26650000,229603.0,,0.0,0,陽台外推；,RPRPMLQJOHKGFCA18DA,94.81,0.0,4.92,有,,36.0
南港區,房地(土地+建物)+車位,重陽路４９０號四樓,34.44,住,,,1140426,土地1建物1車位1,四層,十五層,住宅大樓(11層含以上有電梯),住家用,1050411.0,251.44,4,2,2,有,有,55180000,247859.0,坡道平面,38.91,2500000,其他增建；,RPPOMLTJOHKGFDA28DA,115.69,9.79,15.02,有,,9.0
信義區,房地(土地+建物)+車位,和平東路三段５０７號九樓,49.96,住,,,1140406,土地1建物2車位1,九層,九層,華廈(10層含以下有電梯),住家用,910219.0,203.14,4,2,2,有,有,52080000,292456.0,坡道平面,33.61,2500000,陽台外推；其他增建；,RPROMLTJOHKGFDA48DA,106.95,5.09,11.79,有,1683.0,23.0
松山區,房地(土地+建物),延壽街３３０巷９號五樓,25.6,住,,,1140401,土地1建物1車位0,五層,七層,華廈(10層含以下有電梯),住家用,810309.0,123.53,3,2,2,有,有,32000000,259046.0,,0.0,0,其他增建；,RPWNMLLKOHKGFDA18DA,78.08,0.0,10.6,有,1684.0,33.0
士林區,房地(土地+建物)+車位,天母北路５６號八樓之３,19.98,住,,,1140407,土地1建物1車位1,八層,二十四層,住宅大樓(11層含以上有電梯),住家用,1090703.0,202.8,3,2,2,有,有,50000000,280471.0,坡道平面,38.79,4000000,,RPTNMLNKMHKGFEA97DA,87.31,10.31,9.43,有,,5.0
士林區,房地(土地+建物),通河街１７３之１號三樓,19.8,住,,,1140401,土地1建物1車位0,三層,七層,華廈(10層含以下有電梯),住家用,730119.0,93.51,3,2,2,有,有,18620000,199123.0,,0.0,0,陽台外推；其他增建；,RPRNMLOJOHKGFEA97DA,67.75,0.0,6.99,有,1685.0,41.0
北投區,房地(土地+建物),石牌路一段１６６巷１９弄１號三樓,21.62,住,,,1140404,土地1建物1車位0,三層,五層,公寓(5樓含以下無電梯),住家用,680803.0,71.54,3,2,1,有,無,17170000,240006.0,,0.0,0,其他增建；,RPXOMLRKOHKGFEA09DA,71.54,0.0,0.0,無,,46.0
大安區,房地(土地+建物),辛亥路一段１３７號三樓之１,19.23,住,,,1140413,土地1建物1車位0,三層,十四層,住宅大樓(11層含以上有電梯),住家用,720920.0,136.24,3,2,2,有,有,35200000,258368.0,,0.0,0,其他增建；,RPTOMLNKOHKGFFA38DA,95.81,0.0,16.7,有,,42.0
大安區,房地(土地+建物),羅斯福路二段８１巷１６弄５號三樓之１,8.55,住,,,1140422,土地1建物1車位0,三層,五層,華廈(10層含以下有電梯),住家用,960524.0,30.79,1,0,1,有,無,12800000,415719.0,,0.0,0,陽台外推；,RPWNMLQKOHKGFFA88DA,16.62,0.0,3.98,有,1687.0,18.0
中山區,房地(土地+建物),新生北路一段２５號六樓,4.88,住,,,1140406,土地1建物1車位0,六層,十二層,住宅大樓(11層含以上有電梯),住家用,691231.0,56.92,1,1,1,有,有,11308000,198665.0,,0.0,0,,RPSOMLOKNHKGFCA97DA,47.14,0.0,0.0,有,,44.0
中山區,房地(土地+建物),民生西路４５巷５弄２４號四樓,26.25,住,,,1140407,土地1建物1車位0,四層,四層,公寓(5樓含以下無電梯),住家用,590110.0,60.57,2,1,1,有,無,16180000,267129.0,,0.0,0,,RPROMLNKOHKGFCA87DA,60.57,0.0,0.0,無,1692.0,55.0
士林區,房地(土地+建物),中山北路七段１１４巷４４號三樓,27.79,住,,,1140422,土地1建物1車位0,三層,五層,公寓(5樓含以下無電梯),住家用,691104.0,108.82,3,2,2,有,無,18200000,167249.0,,0.0,0,陽台外推；其他增建；,RPVNMLTKOHKGFEA98DA,89.25,0.0,19.57,無,,44.0
信義區,房地(土地+建物),永吉路２７８巷５８弄１７號三樓,34.38,住,,,1140410,土地1建物1車位0,三層,四層,公寓(5樓含以下無電梯),住家用,660304.0,88.98,3,2,1,有,無,18000000,202293.0,,0.0,0,,RPWNMLRLNHKGFDA88EA,79.39,0.0,9.59,無,,48.0
文山區,房地(土地+建物)+車位,木柵路四段９巷１２號二樓,70.99,住,,,1140427,土地2建物1車位1,二層,十七層,住宅大樓(11層含以上有電梯),住家用,870815.0,175.18,3,2,2,有,有,28200000,160977.0,坡道平面,0.0,2500000,車位面積無法概算,RPSNMLMJOHKGFAA47DA,80.45,2.95,13.76,有,,27.0
文山區,房地(土地+建物),興隆路三段１１２巷４弄４０號五樓,25.49,住,,,1140420,土地1建物1車位0,五層,五層,公寓(5樓含以下無電梯),住家用,690201.0,85.08,5,0,5,有,有,16800000,197461.0,,0.0,0,鐵鋁窗增建陽台外推；頂樓加蓋；,RPWNMLNKOHKGFAA08DA,75.65,0.0,9.43,無,1695.0,45.0
大同區,房地(土地+建物)+車位,敦煌路８８巷６號十二樓,20.77,住,,,1140427,土地1建物1車位1,十二層,十五層,住宅大樓(11層含以上有電梯),住家用,981102.0,182.87,3,2,2,有,有,37680000,206048.0,坡道平面,44.01,0,,RPVNMLRLOHKGFBA58DA,86.44,3.8,9.8,有,,15.0
萬華區,房地(土地+建物),長泰街２９７巷１０號五樓,19.69,住,,,1140412,土地3建物1車位0,五層,七層,華廈(10層含以下有電梯),住家用,721229.0,117.53,4,2,2,有,有,12000000,102102.0,,0.0,0,陽台外推；,RPUNMLKMOHKGFBA87DA,85.43,0.0,12.56,有,,41.0
內湖區,房地(土地+建物),星雲街１６８巷４３號二十樓之１,5.72,住,,,1140415,土地1建物1車位0,二十層,二十一層,住宅大樓(11層含以上有電梯),住家用,860124.0,30.21,0,1,1,有,有,8050000,266468.0,,0.0,0,陽台外推；夾層；,RPXOMLTLNHKGFCA09DA,18.32,0.0,2.9,有,1698.0,28.0
中山區,房地(土地+建物)+車位,朱崙街５６號三樓,23.16,住,,,1140412,土地1建物1車位2,三層,十一層,住宅大樓(11層含以上有電梯),住家用,1030821.0,203.54,4,2,2,有,有,66600000,356865.0,坡道平面,36.53,7000000,,RPSNMLRJOHKGFCA18DA,98.84,1.72,15.22,有,1699.0,11.0
內湖區,房地(土地+建物)+車位,康寧路一段２９０號三樓之２,14.49,,,,1140404,土地4建物1車位1,三層,十二層,住宅大樓(11層含以上有電梯),住家用,801021.0,83.41,1,1,1,有,有,13950000,237374.0,坡道平面,33.9,2200000,其他增建；,RPTOMLNKOHKGFCA08DA,27.53,2.75,4.56,有,1700.0,33.0
中山區,房地(土地+建物),松江路１００巷１３之１號四樓,26.75,住,,,1140417,土地1建物1車位0,四層,四層,公寓(5樓含以下無電梯),住家用,560206.0,85.45,5,3,3,有,無,24000000,280866.0,,0.0,0,陽台外推；頂樓加蓋；其他增建；,RPPNMLPKOHKGFCA77DA,85.45,0.0,0.0,無,,58.0
南港區,房地(土地+建物)+車位,重陽路２３號三樓,17.0,住,,,1140430,土地1建物1車位1,三層,十四層,住宅大樓(11層含以上有電梯),住家用,1110124.0,107.59,2,1,1,有,有,29410000,326654.0,坡道平面,26.74,3000000,,RPWNMLRJOHKGFDA68DA,44.23,1.48,7.0,有,1703.0,3.0
松山區,房地(土地+建物),八德路四段２４５巷３２弄３５號四樓之３,14.62,住,,,1140418,土地1建物1車位0,四層,七層,華廈(10層含以下有電梯),住家用,801114.0,64.61,2,1,1,有,無,19580000,303049.0,,0.0,0,陽台外推；其他增建；,RPUNMLKLOHKGFDA97DA,47.8,2.28,5.82,有,,33.0
北投區,房地(土地+建物),石牌路二段３１５巷１０弄８號五樓,28.73,住,,,1140415,土地1建物1車位0,五層,五層,公寓(5樓含以下無電梯),住家用,700629.0,74.55,2,2,1,有,無,11880000,159356.0,,0.0,0,其他增建；,RPROMLTLNHKGFEA68DA,64.4,0.0,10.15,無,,44.0
士林區,房地(土地+建物),承德路四段８８號十四樓之１,7.98,住,,,1140409,土地1建物1車位0,十四層,十五層,住宅大樓(11層含以上有電梯),住家用,1110421.0,65.5,1,1,1,有,有,22080000,337099.0,,0.0,0,,RPSNMLQLOHKGFEA48DA,38.94,2.06,2.0,有,1706.0,3.0
士林區,房地(土地+建物)+車位,環河北路三段２０３號十樓之２,27.33,住,,,1140425,土地2建物1車位1,十層,十一層,住宅大樓(11層含以上有電梯),住家用,1011008.0,174.5,3,2,2,有,有,25500000,178998.0,坡道平面,40.43,1500000,陽台外推；,RPVOMLRLOHKGFEA98DA,72.77,14.18,5.75,有,,13.0
士林區,房地(土地+建物),中山北路七段１４巷５９弄１２號一樓,28.04,住,,,1140419,土地1建物1車位0,一層,五層,公寓(5樓含以下無電梯),住家用,731121.0,104.16,3,2,2,有,有,18600000,178571.0,,0.0,0,,RPQNMLSLOHKGFEA48DA,85.72,9.34,0.0,無,1707.0,40.0
大安區,房地(土地+建物),安居街８１巷３號三樓,13.87,住,,,1140430,土地1建物1車位0,三層,五層,公寓(5樓含以下無電梯),住家用,670106.0,62.88,2,2,1,有,無,13300000,211514.0,,0.0,0,陽台外推；其他增建；,RPXNMLNKOHKGFFA68DA,56.84,0.0,6.04,無,,47.0
大安區,房地(土地+建物),溫州街６８巷３號五樓,27.54,住,,,1140415,土地1建物1車位0,五層,五層,公寓(5樓含以下無電梯),住家用,720505.0,112.75,4,2,2,有,無,28000000,248337.0,,0.0,0,陽台外推；,RPPNMLKMOHKGFFA77DA,70.0,0.0,31.81,無,1708.0,42.0
中山區,房地(土地+建物)+車位,大直街１１５號四樓,39.97,住,,,1140421,土地1建物1車位1,四層,五層,公寓(5樓含以下無電梯),住家用,740703.0,173.03,4,2,2,有,無,35000000,219803.0,坡道平面,25.17,2500000,陽台外推；,RPWNMLPJOHKGFCA38DA,138.8,0.63,13.8,無,,40.0
士林區,房地(土地+建物),中山北路七段５１巷１５號,20.58,住,,,1140424,土地1建物1車位0,一層,七層,華廈(10層含以下有電梯),住家用,730730.0,104.02,1,2,1,有,無,24280000,233417.0,,0.0,0,,RPWNMLLKOHKGFEA28DA,82.56,6.31,0.0,有,,41.0
大安區,房地(土地+建物)+車位,四維路６６巷８號七樓,28.19,住,,,1140427,土地1建物1車位1,七層,十六層,住宅大樓(11層含以上有電梯),住家用,840915.0,173.63,3,2,1,有,有,59900000,344986.0,坡道平面,0.0,0,陽台外推；,RPOOMLNKOHKGFFA87DA,88.84,1.23,11.4,有,1712.0,30.0
大安區,房地(土地+建物),泰順街１６巷１６號五樓之１,8.21,住,,,1140428,土地1建物1車位0,五層,六層,華廈(10層含以下有電梯),住家用,960711.0,27.94,1,0,1,有,有,11800000,422334.0,,0.0,0,前陽台外推。,RPUNMLRLOHKGFFA88DA,13.46,0.0,3.33,有,,18.0
內湖區,房地(土地+建物)+車位,金湖路３２６巷４８號四樓之３,15.2,住,,,1140402,土地1建物1車位1,四層,七層,華廈(10層含以下有電梯),住家用,1081210.0,78.28,2,1,1,有,有,20100000,289237.0,塔式車位,15.01,1800000,其他增建；,RPTPMLLKOHKGFCA97DA,32.58,4.83,2.14,有,1714.0,5.0
中山區,房地(土地+建物),大直街３９巷６號五樓,28.19,住,,,1140420,土地1建物1車位0,五層,五層,公寓(5樓含以下無電梯),住家用,721205.0,108.25,3,2,2,有,無,19500000,180139.0,,0.0,0,陽台外推；,RPUOMLMJPHKGFCA08DA,86.64,0.0,12.8,無,,41.0
大安區,房地(土地+建物),敦化南路二段２６７號八樓之７,3.47,住,,,1140427,土地2建物1車位0,八層,十七層,住宅大樓(11層含以上有電梯),住家用,680517.0,48.82,1,1,1,有,有,18080000,370340.0,,0.0,0,陽台外推；其他增建；,RPQNMLTLNHKGFFA58DA,34.51,0.0,8.56,有,1716.0,46.0
內湖區,房地(土地+建物),瑞光路２３５巷３０號五樓,34.83,住,,,1140420,土地1建物1車位0,五層,七層,華廈(10層含以下有電梯),住家用,730214.0,105.85,3,2,1,有,無,24020000,226925.0,,0.0,0,陽台外推；其他增建；,RPXNMLMKOHKGFCA28DA,71.56,0.0,7.13,有,,41.0
內湖區,房地(土地+建物)+車位,文湖街３３號五樓,34.39,,,,1140418,土地1建物1車位2,五層,十五層,住宅大樓(11層含以上有電梯),住家用,991230.0,313.52,3,2,3,有,有,69000000,220082.0,坡道平面,54.1,0,陽台外推；其他增建；,RPQNMLNLOHKGFCA77DA,157.79,9.24,19.32,有,,14.0
南港區,房地(土地+建物)+車位,舊莊街一段３巷１２弄２號二樓,37.92,住,,,1140413,土地1建物1車位1,二層,七層,華廈(10層含以下有電梯),住家用,830603.0,202.48,4,2,2,有,有,23000000,141839.0,坡道平面,57.95,2500000,陽台外推；其他增建；,RPOOMLNKOHKGFDA67DA,86.41,30.4,8.66,有,,31.0
士林區,房地(土地+建物),幸福街５巷２２號四樓之２,13.4,住,,,1140420,土地1建物1車位0,四層,五層,華廈(10層含以下有電梯),住家用,850117.0,38.0,1,1,1,有,無,9000000,236842.0,,0.0,0,陽台外推；夾層；其他增建；,RPOOMLPLOHKGFEA08DA,21.55,0.0,3.72,有,,29.0
大安區,房地(土地+建物),安和路二段９２號十四樓之２,22.73,住,,,1140425,土地2建物1車位0,十四層,二十五層,住宅大樓(11層含以上有電梯),住家用,780810.0,228.39,3,2,2,有,有,67680000,296335.0,,0.0,0,陽台外推；,RPSNMLQKOHKGFFA48DA,157.94,0.0,38.42,有,,36.0
中正區,房地(土地+建物),金門街９之１９號三樓之１,25.0,住,,,1140426,土地1建物1車位0,三層,六層,華廈(10層含以下有電梯),住家用,690128.0,117.28,3,2,2,有,有,28200000,240450.0,,0.0,0,,RPUNMLQJNHKGFAA97DA,93.01,0.0,10.02,有,,45.0
內湖區,房地(土地+建物),康寧路三段１８９巷４０號五樓,38.75,住,,,1140413,土地1建物1車位0,五層,五層,公寓(5樓含以下無電梯),住家用,771103.0,121.45,3,2,2,有,無,19000000,156443.0,,0.0,0,頂樓加蓋；其他增建；,RPSOMLNKOHKGFCA97DA,90.37,9.52,10.33,無,,36.0
信義區,房地(土地+建物),虎林街３０巷１號二樓,19.34,住,,,1140408,土地1建物1車位0,二層,五層,公寓(5樓含以下無電梯),住家用,740411.0,68.06,2,2,1,有,無,16400000,240964.0,,0.0,0,陽台外推；其他增建；,RPXOMLTKOHKGFDA56DA,55.93,0.0,7.9,無,,40.0
士林區,房地(土地+建物)+車位,天母北路１５之６號,21.65,住,,,1140421,土地1建物1車位1,一層,十層,華廈(10層含以下有電梯),住家用,820719.0,145.39,3,2,2,有,有,31000000,213205.0,坡道平面,0.0,0,其他增建；,RPRNMLPJOHKGFEA08DA,77.7,10.85,0.0,有,,32.0
北投區,房地(土地+建物)+車位,大同街３０號九樓,21.19,住,,,1140403,土地1建物1車位1,九層,十八層,住宅大樓(11層含以上有電梯),住家用,1130621.0,151.85000000000002,2,2,2,有,有,39930000,308934.0,坡道平面,32.31,3000000,,RPRNMLOJPHKGFEA08DA,68.99,4.76,5.45,有,,1.0
大安區,房地(土地+建物)+車位,臥龍街２６８號十一樓之５,16.21,住,,,1140421,土地1建物1車位1,十一層,二十三層,住宅大樓(11層含以上有電梯),住家用,1130927.0,155.89999999999998,3,2,2,有,有,48600000,387064.0,坡道平面,38.09,3000000,,RPVNMLRKOHKGFFA88DA,68.26,4.8,5.82,有,,1.0
中山區,房地(土地+建物),基湖路１５１巷３５號五樓之４,16.12,住,,,1140417,土地1建物1車位0,五層,五層,華廈(10層含以下有電梯),住家用,930630.0,40.09,1,2,1,有,有,13520000,337241.0,,0.0,0,陽台外推；夾層；,RPPNMLOJPHKGFCA77EA,22.03,0.0,2.51,有,1724.0,21.0
中正區,房地(土地+建物)+車位,思源街１２之９號十樓,34.4,住,,,1140408,土地1建物1車位1,十層,十二層,住宅大樓(11層含以上有電梯),住家用,891018.0,165.23000000000002,3,2,2,有,有,41000000,248139.0,坡道平面,0.0,0,陽台外推；其他增建；,RPROMLLKMHKGFAA27DA,85.05,0.0,9.46,有,,24.0
信義區,房地(土地+建物)+車位,永吉路３０巷１４５號四樓,26.44,住,,,1140420,土地1建物1車位1,四層,七層,華廈(10層含以下有電梯),住家用,961231.0,128.09,2,2,2,有,有,36880000,287923.0,塔式車位,0.0,2500000,塔式車位位於地下二層。夾層；其他增建；,RPOOMLTKOHKGFDA28DA,58.15,8.39,3.68,有,1725.0,17.0
大安區,房地(土地+建物)+車位,和平東路二段１８巷５號四樓,35.75,住,,,1140408,土地2建物1車位2,四層,十層,華廈(10層含以下有電梯),住家用,971226.0,295.13,2,1,1,有,有,77000000,260902.0,坡道平面,0.0,8000000,交易總價：7700萬元整內含車位價土地價格：70855866元整、建物價格：6144134元整。其他增建；,RPOOMLKLNHKGFFA57DA,121.45,4.36,12.71,有,,16.0
大安區,房地(土地+建物),和平東路二段３１１巷７７號六樓,19.39,住,,,1140409,土地1建物1車位0,六層,十九層,住宅大樓(11層含以上有電梯),住家用,740522.0,100.97,3,2,1,有,有,26080000,258295.0,,0.0,0,,RPPNMLTJPHKGFFA58EA,73.75,1.56,4.72,有,,40.0
松山區,房地(土地+建物),光復北路２２８號二樓,28.0,住,,,1140429,土地3建物1車位0,二層,十八層,住宅大樓(11層含以上有電梯),住家用,910320.0,133.52,3,2,1,有,有,35080000,262732.0,,0.0,0,陽台外推；其他增建；,RPVNMLOKNHKGFDA28DA,90.24,1.31,7.76,有,,23.0
南港區,房地(土地+建物),同德路７３號四樓,27.22,住,,,1140403,土地1建物1車位0,四層,七層,華廈(10層含以下有電梯),住家用,730724.0,113.04,4,2,1,有,有,22800000,201699.0,,0.0,0,其他增建；,RPQNMLTLNHKGFDA38DA,75.06,0.0,9.12,有,,41.0
信義區,房地(土地+建物),吳興街４８６號五樓,24.63,住,,,1140404,土地1建物1車位0,五層,七層,華廈(10層含以下有電梯),住家用,780413.0,130.76999999999998,4,2,2,有,無,26500000,202646.0,,0.0,0,陽台外推；,RPUNMLNJPHKGFDA18DA,103.32,0.0,12.09,有,,36.0
北投區,房地(土地+建物),立農街二段２６３號二樓,33.26,住,,,1140425,土地1建物1車位0,二層,五層,公寓(5樓含以下無電梯),住家用,710812.0,110.44,3,2,2,有,無,21800000,197392.0,,0.0,0,陽台外推；其他增建；,RPOOMLNKOHKGFEA77DA,94.99,0.0,15.45,無,1727.0,43.0
大安區,房地(土地+建物),泰順街１６巷４１號三樓,20.75,住,,,1140406,土地2建物1車位0,三層，陽臺,四層,公寓(5樓含以下無電梯),住家用,650322.0,58.64,2,1,1,有,無,18000000,306958.0,,0.0,0,陽台外推；其他增建；,RPWNMLOJPHKGFFA68DA,58.64,0.0,0.0,無,,49.0
大同區,房地(土地+建物),大龍街１８７巷４６號,80.0,住,,,1140416,土地1建物1車位0,全,二層,透天厝,住家用,450206.0,136.94,4,1,1,有,無,42000000,306704.0,,0.0,0,法定空地其他增建；,RPPOMLSJPHKGFBA08DA,136.94,0.0,0.0,無,1728.0,69.0
內湖區,房地(土地+建物)+車位,內湖路三段３６號十樓,27.45,住,,,1140418,土地2建物1車位1,十層,十五層,住宅大樓(11層含以上有電梯),住家用,1080418.0,182.14,3,2,2,有,有,42750000,234710.0,坡道平面,38.92,0,,RPPNMLMJOHKGFCA37DA,84.26,6.06,8.27,有,,6.0
內湖區,房地(土地+建物),金湖路６５巷７號七樓之２,21.07,住,,,1140407,土地1建物1車位0,七層,十四層,住宅大樓(11層含以上有電梯),住家用,940825.0,111.27,3,2,2,有,有,34000000,305563.0,,0.0,0,陽台外推；其他增建；,RPPPMLQJOHKGFCA97DA,70.32,1.87,7.79,有,,20.0
內湖區,房地(土地+建物),陽光街２１６號三樓,18.72,住,,,1140415,土地2建物1車位0,三層,七層,華廈(10層含以下有電梯),住家用,730131.0,50.29,3,2,1,有,有,10800000,214754.0,,0.0,0,持分買賣,RPXNMLKMOHKGFCA28DA,33.62,0.0,3.82,有,1004.0,41.0
內湖區,房地(土地+建物)+車位,星雲街３３巷２５弄２號,56.52,住,,,1140425,土地1建物1車位1,一層,五層,公寓(5樓含以下無電梯),住家用,770613.0,291.2,5,3,3,有,有,44000000,151099.0,坡道平面,0.0,0,其他增建；,RPQOMLSJPHKGFCA28DA,135.14,108.65,0.0,無,,37.0
松山區,房地(土地+建物),三民路４３巷８號十二樓,48.24,住,,,1140427,土地1建物1車位0,十二層,十四層,住宅大樓(11層含以上有電梯),住家用,951218.0,223.96999999999997,4,2,2,有,有,58400000,260749.0,,0.0,0,,RPWNMLKLOHKGFDA18DA,116.86,4.07,11.24,有,,18.0
大安區,房地(土地+建物),建國南路一段１６０號六樓之１,8.62,住,,,1140421,土地2建物1車位0,六層，陽臺,十二層,住宅大樓(11層含以上有電梯),住家用,651104.0,69.06,2,2,1,有,有,26500000,383724.0,,0.0,0,陽台外推；,RPPNMLQKNHKGFFA08DA,59.26,0.0,0.0,有,1732.0,48.0
文山區,房地(土地+建物)+車位,景華街１２８巷２弄７之１號九樓,34.84,住,,,1140414,土地1建物1車位1,九層，見其他登記事項,九層,華廈(10層含以下有電梯),住家用,1040430.0,144.66,4,2,3,有,有,36000000,244148.0,升降機械,5.4,2000000,夾層；其他增建；,RPTNMLSJPHKGFAA28DA,85.78,0.0,8.17,有,,10.0
信義區,房地(土地+建物)+車位,松德路１０６號十七樓之３,23.16,住,,,1140427,土地1建物1車位1,十七層，十八層,二十四層,住宅大樓(11層含以上有電梯),住家用,831006.0,300.25,4,3,3,有,有,88000000,319181.0,坡道平面,35.51,3500000,,RPTPMLKLNHKGFDA97DA,182.52,0.0,40.81,有,,31.0
北投區,房地(土地+建物)+車位,石牌路二段３１５巷３４弄７號十一樓之２,54.98,住,,,1140420,土地1建物1車位2,十一層,十四層,住宅大樓(11層含以上有電梯),住家用,1040804.0,289.63,3,2,3,有,有,53000000,223620.0,坡道平面,74.98,5000000,,RPTOMLMKNHKGFEA08DA,126.27,13.36,12.63,有,,10.0
士林區,房地(土地+建物)+車位,葫東街３４號二樓,42.25,住,,,1140419,土地2建物2車位1,二層,十一層,住宅大樓(11層含以上有電梯),住家用,940513.0,221.82,4,2,2,有,有,38500000,199933.0,坡道平面,41.76,2500000,其他增建；,RPUNMLQLOHKGFEA68DA,113.89,0.0,11.53,有,,20.0
松山區,房地(土地+建物),民生東路三段１３０巷７弄９號五樓,15.49,住,,,1140402,土地1建物1車位0,五層,九層,華廈(10層含以下有電梯),住家用,1130918.0,81.84,2,1,1,有,有,35660000,435728.0,,0.0,0,,RPPNMLTJPHKGFDA38EA,47.06,0.0,5.04,有,,1.0
文山區,房地(土地+建物),忠順街一段１０巷３號七樓,27.94,住,,,1140424,土地1建物1車位0,七層,十一層,住宅大樓(11層含以上有電梯),住家用,840717.0,124.4,3,2,2,有,有,27182818,218511.0,,0.0,0,,RPSOMLTJNHKGFAA18DA,86.52,1.43,9.5,有,,30.0
內湖區,房地(土地+建物),內湖路三段５巷２號二樓,26.21,住,,,1140422,土地1建物1車位0,二層,五層,公寓(5樓含以下無電梯),住家用,760609.0,99.27,4,1,2,有,無,22500000,226655.0,,0.0,0,具重建或重劃、都更等效益；,RPUPMLRJPHKGFCA68DA,78.36,0.0,9.02,無,1738.0,38.0
信義區,房地(土地+建物)+車位,忠孝東路五段７９０巷２２弄１７號,14.73,住,,,1140408,土地1建物1車位1,一層,六層,華廈(10層含以下有電梯),住家用,1111216.0,71.99000000000001,1,1,1,有,有,22680000,364919.0,塔式車位,16.69,2500000,其他增建；,RPQOMLNLOHKGFDA97DA,32.61,0.0,0.0,有,1739.0,2.0
大安區,房地(土地+建物)+車位,瑞安街１４９巷８號三樓之１,20.7,住,,,1140403,土地1建物1車位1,三層,二十一層,住宅大樓(11層含以上有電梯),住家用,1130520.0,156.91000000000005,3,2,2,有,有,58330000,454794.0,坡道平面,36.35,3500000,交易總價：5833萬元整內含車位價土地價格：44072744元整、建物價格：14257256元整。,RPQOMLQKOHKGFFA38DA,71.77,0.0,5.75,有,,1.0
中正區,房地(土地+建物),重慶南路三段１０４號三樓,26.5,住,,,1140413,土地1建物1車位0,三層，陽臺,四層,公寓(5樓含以下無電梯),住家用,640301.0,80.6,3,2,1,有,無,15600000,193548.0,,0.0,0,陽台外推；其他增建；,RPRNMLKKPHKGFAA37DA,80.6,0.0,0.0,無,1741.0,50.0
中正區,房地(土地+建物),齊東街７０巷１７號三樓之１,10.85,住,,,1140405,土地1建物1車位0,三層,七層,華廈(10層含以下有電梯),住家用,1130719.0,58.28999999999999,1,1,1,有,有,23360000,400755.0,,0.0,0,,RPSNMLQLOHKGFBA18DA,32.62,0.0,3.68,有,,1.0
大安區,房地(土地+建物),敦化南路一段１７７巷２６號五樓之２,7.72,住,,,1140419,土地1建物1車位0,五層,七層,華廈(10層含以下有電梯),住家用,1021003.0,50.57,1,1,1,有,有,19380000,383231.0,,0.0,0,陽台外推；其他增建；,RPVNMLLKPHKGFFA38DA,21.93,1.07,9.46,有,1743.0,12.0
中正區,房地(土地+建物),汀州路二段１２７巷４號三樓,42.88,住,,,1140427,土地4建物1車位0,三層，陽臺,四層,公寓(5樓含以下無電梯),住家用,640704.0,107.73,3,2,2,有,無,25000000,232062.0,,0.0,0,陽台外推；其他增建；,RPSNMLRJNHKGFAA87DA,107.73,0.0,0.0,無,,50.0
中正區,房地(土地+建物),詔安街５６號二樓,21.25,住,,,1140430,土地1建物1車位0,二層，陽臺,四層,公寓(5樓含以下無電梯),住家用,650701.0,58.67,2,2,1,有,無,13200000,224987.0,,0.0,0,,RPSNMLPJOHKGFAA77DA,58.67,0.0,0.0,無,,49.0
中山區,房地(土地+建物),農安街１９４號三樓,24.0,住,,,1140430,土地1建物1車位0,三層,七層,華廈(10層含以下有電梯),住家用,730602.0,114.97,3,2,2,有,無,25250000,219642.0,,0.0,0,陽台外推；其他增建；,RPPNMLKMNHKGFCA37DA,94.0,0.0,15.82,有,,41.0
內湖區,房地(土地+建物),內湖路三段１４３巷２６號四樓,16.77,住,,,1140427,土地1建物1車位0,四層,五層,公寓(5樓含以下無電梯),住家用,710227.0,66.59,2,2,1,有,無,13200000,198228.0,,0.0,0,陽台外推；,RPXNMLOKPHKGFCA58DA,55.6,0.0,8.31,無,,43.0
大安區,房地(土地+建物),仁愛路四段３４５巷４弄２５號五樓,27.42,住,,,1140420,土地2建物1車位0,五層,七層,華廈(10層含以下有電梯),住家用,670914.0,138.52,3,2,2,有,無,41300000,298152.0,,0.0,0,陽台外推；其他增建；,RPTNMLTKOHKGFFA88DA,108.31,0.0,16.81,有,,47.0
文山區,房地(土地+建物),興隆路二段１３８號二樓,26.0,住,,,1140430,土地1建物1車位0,二層,四層,公寓(5樓含以下無電梯),住家用,580701.0,77.4,3,2,1,有,無,12800000,165375.0,,0.0,0,其他增建；,RPWNMLLJPHKGFAA87DA,73.35,0.0,4.05,無,1746.0,56.0
中山區,房地(土地+建物),合江街１００巷２５號五樓,30.03,住,,,1140425,土地1建物1車位0,五層,六層,華廈(10層含以下有電梯),住家用,700714.0,117.71,0,0,0,無,無,27200000,231076.0,,0.0,0,陽台外推；,RPSPMLQJOHKGFCA28DA,86.84,0.0,15.66,有,1747.0,44.0
內湖區,房地(土地+建物)+車位,金湖路６５巷１１號七樓之１,17.98,住,,,1140428,土地1建物1車位1,七層,十四層,住宅大樓(11層含以上有電梯),住家用,940825.0,133.46,3,1,2,有,有,29500000,221040.0,坡道平面,41.26,0,其他增建；,RPQOMLNKOHKGFCA77DA,59.07,3.78,3.74,有,,20.0
北投區,房地(土地+建物)+車位,明德路２９９號十一樓,52.59,住,,,1140421,土地1建物2車位2,十一層,十四層,住宅大樓(11層含以上有電梯),住家用,891025.0,210.81,3,2,2,有,有,52700000,249988.0,坡道機械,0.0,4000000,其他增建；,RPOOMLPKPHKGFEA08DA,120.28,0.0,13.52,有,,24.0
松山區,房地(土地+建物),南京東路五段２５０巷１８弄４０號,34.5,住,,,1140427,土地1建物1車位0,一層，平台,四層,公寓(5樓含以下無電梯),住家用,640612.0,109.41,2,2,1,有,無,29800000,272370.0,,0.0,0,其他增建；,RPPNMLPLNHKGFDA87DA,109.41,0.0,0.0,無,,50.0
北投區,房地(土地+建物),義方街４３號五樓,38.45,住,,,1140406,土地1建物1車位0,五層,五層,公寓(5樓含以下無電梯),住家用,740423.0,105.92,3,2,2,有,無,14500000,136896.0,,0.0,0,陽台外推；頂樓加蓋；其他增建；,RPWNMLLKPHKGFEA38DA,97.08,0.0,8.84,無,1748.0,40.0
文山區,房地(土地+建物),興隆路四段１０５巷４８號四樓,13.92,住,,,1140413,土地1建物1車位0,四層,七層,華廈(10層含以下有電梯),住家用,851014.0,43.08,2,1,1,有,有,9200000,213556.0,,0.0,0,夾層；,RPOOMLKMMHKGFAA07DA,27.56,0.98,3.67,有,,28.0
南港區,房地(土地+建物),研究院路二段２巷６號五樓,28.05,住,,,1140405,土地1建物1車位0,五層,五層,公寓(5樓含以下無電梯),住家用,730424.0,128.84,5,1,2,有,無,18500000,143589.0,,0.0,0,頂樓加蓋；,RPXOMLQJOHKGFDA78DA,111.19,0.0,9.21,無,1751.0,41.0
北投區,房地(土地+建物),大業路３００巷１６號三樓,31.2,住,,,1140427,土地1建物1車位0,三層,四層,公寓(5樓含以下無電梯),住家用,680221.0,103.35,3,2,1,有,無,20500000,198355.0,,0.0,0,陽台外推；其他增建；,RPOPMLNLOHKGFEA97DA,92.46,0.0,10.89,無,1753.0,46.0
信義區,房地(土地+建物),吳興街５０６巷２６號三樓,26.13,住,,,1140420,土地1建物1車位0,三層,五層,公寓(5樓含以下無電梯),住家用,800104.0,94.41,2,2,2,有,無,18500000,195954.0,,0.0,0,陽台外推；,RPRNMLMJPHKGFDA77DA,77.07,0.75,8.71,無,1756.0,34.0
松山區,房地(土地+建物),南京東路四段１２０巷１９弄１４號二樓,39.75,住,,,1140406,土地1建物1車位0,二層,四層,公寓(5樓含以下無電梯),住家用,580602.0,103.73,3,2,2,有,無,25000000,241010.0,,0.0,0,其他增建；,RPXNMLQKPHKGFDA88DA,92.66,0.0,11.07,無,,56.0
內湖區,房地(土地+建物),康樂街１８６巷１９號七樓之１,9.89,住,,,1140416,土地1建物1車位0,七層,七層,華廈(10層含以下有電梯),住家用,850517.0,34.989999999999995,0,1,1,有,有,7000000,200057.0,,0.0,0,陽台外推鐵窗向外延伸.陽台外推；其他增建；,RPUNMLLJPHKGFCA87DA,21.18,0.0,2.65,有,,29.0
內湖區,房地(土地+建物),南京東路六段１５０號八樓之２,19.63,住,,,1140416,土地1建物1車位0,八層,十二層,住宅大樓(11層含以上有電梯),住家用,951205.0,91.97,2,2,1,有,有,21880000,237904.0,,0.0,0,陽台外推；其他增建；,RPPNMLRJPHKGFCA97DA,54.99,0.0,6.3,有,,18.0
信義區,房地(土地+建物),永吉路３２６巷２１號二樓,39.63,住,,,1140412,土地1建物1車位0,二層,五層,公寓(5樓含以下無電梯),住家用,710622.0,108.3,3,2,1,有,無,20000000,184672.0,,0.0,0,,RPTNMLMJPHKGFDA97DA,89.22,0.0,11.21,無,,43.0
大安區,房地(土地+建物),樂業街１６９巷３１號四樓,19.25,住,,,1140423,土地1建物1車位0,四層,四層,公寓(5樓含以下無電梯),住家用,660331.0,53.56,3,2,2,有,無,6500000,121359.0,,0.0,0,,RPVOMLNJOHKGFFA48DA,47.87,0.0,5.69,無,1759.0,48.0
信義區,房地(土地+建物),林口街１０巷２９號三樓,29.75,住,,,1140419,土地1建物1車位0,三層,四層,公寓(5樓含以下無電梯),住家用,581215.0,67.65,3,1,1,有,無,18500000,273466.0,,0.0,0,陽台外推；,RPWNMLOLOHKGFDA58DA,67.65,0.0,0.0,無,,55.0
松山區,房地(土地+建物)+車位,光復北路１１巷９７號十樓之２,21.72,住,,,1140406,土地1建物1車位1,十層,十四層,住宅大樓(11層含以上有電梯),住家用,780810.0,176.06,3,2,2,有,有,47000000,266954.0,坡道平面,0.0,4000000,陽台外推；,RPOOMLRKPHKGFDA18DA,90.51,0.0,20.19,有,,36.0
北投區,房地(土地+建物)+車位,北投路一段７７號四樓之１,13.46,住,,,1140405,土地1建物1車位1,四層,十一層,住宅大樓(11層含以上有電梯),住家用,970331.0,118.19,3,2,2,有,有,25260000,213724.0,升降平面,28.89,0,陽台外推；,RPQNMLOJPHKGFEA97DA,52.06,5.04,4.62,有,,17.0
大安區,房地(土地+建物),永康街８巷４號,145.0,住,,,1140409,土地2建物1車位0,全,四層,透天厝,住家用,601017.0,289.19,6,2,3,有,無,110000000,380373.0,,0.0,0,地下室內梯增建其他增建；,RPPNMLMLPHKGFFA97DA,289.19,0.0,0.0,無,,53.0
文山區,房地(土地+建物),恆光街１７巷９之１號三樓,23.62,住,,,1140420,土地2建物1車位0,三層,五層,公寓(5樓含以下無電梯),住家用,670629.0,88.21,3,2,1,有,無,11200000,126970.0,,0.0,0,,RPOOMLLJPHKGFAA17DA,71.29,0.0,16.92,無,,47.0
大同區,房地(土地+建物),迪化街二段１２９號,54.0,住,,,1140427,土地2建物1車位0,全,一層,透天厝,住家用,,29.75,0,1,1,有,無,14150000,475630.0,,0.0,0,頂樓加蓋；其他增建；,RPSNMLSJPHKGFBA28DA,29.75,0.0,0.0,無,,
萬華區,房地(土地+建物),萬大路４８６巷７５號,48.32,住,,,1140422,土地2建物1車位0,全,三層,透天厝,住家用,610101.0,120.09,7,4,4,有,無,19500000,162378.0,,0.0,0,,RPSNMLNLPHKGFBA97DA,120.09,0.0,0.0,無,,53.0
士林區,房地(土地+建物),葫東街４７號二樓,22.0,住,,,1140419,土地1建物1車位0,二層,四層,公寓(5樓含以下無電梯),住家用,621029.0,62.78,2,1,1,有,無,10500000,167251.0,,0.0,0,,RPTNMLNLPHKGFEA38DA,62.78,0.0,0.0,無,,51.0
松山區,房地(土地+建物),敦化北路１９９巷１６弄１８號五樓,38.88,住,,,1140422,土地1建物1車位0,五層,七層,華廈(10層含以下有電梯),住家用,750714.0,141.08,4,2,2,有,有,46000000,326056.0,,0.0,0,,RPRNMLOLOHKGFDA08DA,95.85,0.0,14.88,有,,39.0
大安區,房地(土地+建物),基隆路二段２６８號五樓,28.01,住,,,1140411,土地3建物1車位0,五層,七層,華廈(10層含以下有電梯),住家用,651213.0,123.86,4,2,2,有,有,29700000,239787.0,,0.0,0,陽台外推；其他增建；,RPRNMLRKPHKGFFA58DA,98.88,0.0,6.75,有,,48.0
大安區,房地(土地+建物)+車位,四維路６６巷１號二樓,33.2,住,,,1140421,土地2建物1車位1,二層,八層,華廈(10層含以下有電梯),住家用,840809.0,143.60000000000002,3,2,2,有,有,53900000,375348.0,坡道平面,0.0,0,陽台外推；,RPUNMLLLPHKGFFA38DA,90.69,0.8,11.94,有,,30.0
萬華區,房地(土地+建物),水源路１９５號三樓之１,12.4,住,,,1140430,土地1建物1車位0,三層,十二層,住宅大樓(11層含以上有電梯),住家用,710702.0,46.27,1,1,1,有,有,8800000,190188.0,,0.0,0,陽台外推；,RPPQNLOLPHKGFBA18DA,31.51,0.0,3.78,有,,43.0
北投區,房地(土地+建物)+車位,奇岩路２４１巷７弄３８號五樓,132.5,住,,,1140419,土地1建物1車位1,五層,五層,華廈(10層含以下有電梯),住家用,1081223.0,252.26,4,2,2,有,有,38550000,160815.0,坡道平面,28.09,2500000,,RPSNMLSKOHKGFEA58DA,120.19,13.81,9.5,有,,5.0
大安區,房地(土地+建物)+車位,金山南路二段１４０號十七樓,16.13,住,,,1140425,土地1建物1車位1,十七層,十七層,住宅大樓(11層含以上有電梯),住家用,740225.0,208.26,2,2,2,有,有,50500000,352085.0,坡道平面,79.03,5000000,陽台外推；頂樓加蓋；其他增建；,RPPNMLKMNHKGFFA67DA,92.45,0.0,16.9,有,1767.0,40.0
大安區,房地(土地+建物),通化街２００巷３３號二樓之１,28.43,住,,,1140429,土地1建物1車位0,二層,七層,華廈(10層含以下有電梯),住家用,720312.0,132.79,3,2,2,有,有,30180000,227276.0,,0.0,0,陽台外推；其他增建；,RPSNMLSJPHKGFFA68DA,108.4,0.0,6.8,有,,42.0
內湖區,房地(土地+建物)+車位,康樂街１３６巷１８弄２１號二樓,25.79,住,,,1140426,土地3建物1車位1,二層,十四層,住宅大樓(11層含以上有電梯),住家用,1020625.0,200.02,4,2,2,有,有,39800000,198980.0,坡道平面,41.51,0,,RPSNMLPKPHKGFCA18DA,110.51,0.0,10.27,有,,12.0
大安區,房地(土地+建物),仁愛路四段１１２巷１２號三樓,31.35,住,,,1140430,土地2建物1車位0,三層,七層,華廈(10層含以下有電梯),住家用,721111.0,171.16,5,1,1,有,無,42508096,248353.0,,0.0,0,土地價格新台幣41137896元建物價格新台幣1370200元,RPTNMLSKPHKGFFA88DA,115.18,0.0,24.35,有,,41.0
萬華區,房地(土地+建物),富民路１１５號六樓之３,18.03,住,,,1140423,土地1建物1車位0,六層,七層,華廈(10層含以下有電梯),住家用,720301.0,96.73,2,2,2,有,無,15000000,155071.0,,0.0,0,陽台外推；其他增建；,RPTNMLMJPHKGFBA77DA,73.9,0.0,12.08,有,1768.0,42.0
中山區,房地(土地+建物)+車位,南京東路三段４８巷３６號四樓之２,33.1,住,,,1140430,土地1建物1車位1,四層,十四層,住宅大樓(11層含以上有電梯),住家用,930330.0,230.78,3,2,2,有,有,76980000,360284.0,坡道平面,26.83,3500000,陽台外推；其他增建；,RPSNMLNKOHKGFCA87DA,119.99,5.09,14.3,有,1769.0,21.0
士林區,房地(土地+建物),翠山街６號四樓,100.5,住,,,1140427,土地1建物1車位0,四層,四層,公寓(5樓含以下無電梯),住家用,650103.0,103.75,4,2,2,有,無,11900000,114699.0,,0.0,0,陽台外推；,RPUNMLLJQHKGFEA18DA,103.75,0.0,0.0,無,,49.0
大安區,房地(土地+建物),樂利路１１巷１５號六樓之１,19.43,住,,,1140412,土地1建物1車位0,六層,七層,華廈(10層含以下有電梯),住家用,711202.0,107.61,3,2,2,有,無,30800000,286219.0,,0.0,0,陽台外推；其他增建；,RPUNMLKMPHKGFFA38DA,68.2,0.0,16.01,有,,42.0
文山區,房地(土地+建物),景華街１２８巷８０號,35.43,住,,,1140402,土地1建物1車位0,一層,五層,公寓(5樓含以下無電梯),住家用,730330.0,94.25,5,1,5,有,有,16000000,169761.0,,0.0,0,其他增建；,RPUNMLRJPHKGFAA28DA,85.84,8.01,0.0,無,,41.0
內湖區,建物,瑞光路２５３巷２３號九樓,0.0,,,,1140404,土地0建物1車位0,九層,十層,華廈(10層含以下有電梯),住家用,860214.0,144.43,2,2,2,有,有,12000000,83085.0,,0.0,0,只成交建物，土地為地上權；建物坐落地號：文德段二小段557-1地號；陽台外推；其他增建；,RPVOMLSKOHKGFCA78DA,98.57,0.0,9.86,有,1772.0,28.0
信義區,房地(土地+建物),虎林街２６５之１號,44.75,住,,,1140413,土地2建物1車位0,二層，陽臺,四層,公寓(5樓含以下無電梯),住家用,610303.0,69.61,3,1,1,有,無,17250000,247809.0,,0.0,0,陽台外推；其他增建；,RPVOMLKMOHKGFDA28DA,69.61,0.0,0.0,無,,53.0
內湖區,房地(土地+建物)+車位,港墘路１２７巷１６弄１７號四樓,21.07,住,,,1140428,土地1建物1車位1,四層,十二層,住宅大樓(11層含以上有電梯),住家用,860319.0,94.3,2,1,1,有,有,23330000,274453.0,坡道機械,14.76,1500000,陽台外推；夾層；其他增建；,RPSNMLLJPHKGFCA67DA,49.87,1.84,8.29,有,,28.0
士林區,房地(土地+建物),德行東路１００號,30.25,住,,,1140413,土地1建物1車位0,一層，騎樓,四層,公寓(5樓含以下無電梯),住家用,630620.0,79.72,0,0,0,無,無,42100000,528098.0,,0.0,0,含其他增建:法定空地外推其他增建；,RPWPMLSLPHKGFEA76DA,79.72,0.0,0.0,無,,51.0
內湖區,房地(土地+建物)+車位,康寧路三段９９巷３９弄５８號六樓,41.89,住,,,1140429,土地1建物1車位1,六層,八層,華廈(10層含以下有電梯),住家用,810604.0,175.83,4,2,2,有,有,33880000,192686.0,坡道平面,0.0,0,,RPXNMLRJPHKGFCA78DA,152.42,2.31,13.49,有,,33.0
信義區,房地(土地+建物),信義路五段１５０巷４２７號四樓,22.6,住,,,1140413,土地2建物1車位0,四層,五層,公寓(5樓含以下無電梯),住家用,701230.0,99.74,3,2,1,有,無,18880000,189292.0,,0.0,0,陽台外推；其他增建；,RPVNMLLLPHKGFDA28DA,72.21,0.0,17.79,無,,43.0
中正區,房地(土地+建物)+車位,延平南路１７９巷３號二樓,29.73,住,,,1140422,土地1建物1車位1,二層,七層,華廈(10層含以下有電梯),住家用,671226.0,185.49,4,2,2,有,有,29300000,185297.0,坡道平面,37.08,1800000,,RPVNMLRJQHKGFAA48DA,112.53,0.0,19.82,有,,46.0
中山區,房地(土地+建物),復興北路１９０巷２５號十三樓之１,16.19,住,,,1140412,土地1建物1車位0,十三層,十五層,住宅大樓(11層含以上有電梯),住家用,750609.0,84.7,2,2,1,有,有,27300000,322314.0,,0.0,0,陽台外推；其他增建；,RPPNMLKMPHKGFCA57DA,65.97,0.0,5.58,有,1775.0,39.0
中山區,房地(土地+建物),北安路４５８巷４１弄５８號三樓,25.57,住,,,1140429,土地1建物1車位0,三層,十六層,住宅大樓(11層含以上有電梯),住家用,1110419.0,146.17000000000002,2,2,2,有,有,67800000,463843.0,,0.0,0,,RPTNMLQJQHKGFCA38DA,78.82,1.89,12.3,有,,3.0
大安區,房地(土地+建物),和平東路二段９６巷１０弄３號二樓,19.0,住,,,1140428,土地1建物1車位0,二層,五層,公寓(5樓含以下無電梯),住家用,660912.0,66.72,2,2,1,有,無,20680000,309952.0,,0.0,0,,RPPNMLOJNHKGFFA77DA,61.86,0.0,4.86,無,1776.0,48.0
文山區,房地(土地+建物)+車位,萬壽路６１巷３號二樓,67.06,住,,,1140415,土地1建物1車位1,二層，電梯樓梯間,十五層,住宅大樓(11層含以上有電梯),住家用,841220.0,170.35,2,2,1,有,有,20480000,120223.0,坡道平面,0.0,2000000,車位面積無法概算陽台外推；其他增建；,RPPNMLRJQHKGFAA87DA,90.45,36.35,10.02,有,,29.0
信義區,房地(土地+建物),松山路５８８號二樓,29.5,住,,,1140429,土地1建物1車位0,二層，陽臺,四層,公寓(5樓含以下無電梯),住家用,610717.0,81.5,3,2,1,有,無,17600000,215951.0,,0.0,0,其他增建；,RPVNMLQKPHKGFDA68DA,81.5,0.0,0.0,無,1780.0,53.0
士林區,房地(土地+建物)+車位,劍潭路７１號十一樓之２,21.8,住,,,1140426,土地1建物1車位2,十一層,十四層,住宅大樓(11層含以上有電梯),住家用,960122.0,139.03,2,2,1,有,有,27470000,281107.0,坡道機械,53.76,3500000,其他增建；,RPOPMLRJQHKGFEA38DA,53.78,4.08,4.67,有,,18.0
松山區,房地(土地+建物),三民路８０巷６號五樓之３,26.92,住,,,1140411,土地1建物1車位0,五層,七層,華廈(10層含以下有電梯),住家用,810413.0,114.68,3,2,2,有,有,28000000,244158.0,,0.0,0,陽台外推；,RPQNMLSJPHKGFDA28DA,76.29,0.0,6.58,有,,33.0
松山區,房地(土地+建物),復興北路５１７號五樓,30.29,住,,,1140413,土地1建物1車位0,五層,五層,公寓(5樓含以下無電梯),住家用,690922.0,84.77,3,2,1,有,無,15000000,176949.0,,0.0,0,其他增建；,RPXOMLLKPHKGFDA48DA,78.68,0.0,6.09,無,,45.0
士林區,房地(土地+建物),中山北路五段８１１巷３號,23.75,住,,,1140430,土地1建物1車位0,一層,四層,公寓(5樓含以下無電梯),住家用,621228.0,69.37,3,2,1,有,無,18500000,266686.0,,0.0,0,其他增建；,RPQNMLTLPHKGFEA68DA,69.37,0.0,0.0,無,,51.0
士林區,房地(土地+建物)+車位,忠誠路二段１３０巷２９號,47.45,住,,,1140418,土地2建物1車位1,一層,七層,華廈(10層含以下有電梯),住家用,820813.0,170.13,3,2,3,有,無,56580000,332569.0,升降機械,34.31,0,其他增建；,RPSNMLMKQHKGFEA18DA,101.3,19.32,0.0,有,,32.0
中正區,建物,忠孝東路一段８６號十一樓之７,0.0,,,,1140418,土地0建物1車位0,十一層,十四層,住宅大樓(11層含以上有電梯),住家用,900913.0,132.95999999999998,3,2,1,有,有,20000000,150421.0,,0.0,0,建物坐落地號：成功段二小段79地號；陽台外推；地上權房屋；,RPPNMLRJQHKGFBA97DA,70.18,5.71,7.52,有,,24.0
中正區,房地(土地+建物),辛亥路一段１７巷１０號三樓,41.25,住,,,1140404,土地1建物1車位0,三層，陽臺,四層,公寓(5樓含以下無電梯),住家用,590718.0,92.84,3,2,1,有,無,17700000,190651.0,,0.0,0,陽台外推；,RPPNMLTKQHKGFAA18DA,92.84,0.0,0.0,無,,55.0
中山區,房地(土地+建物)+車位,敬業三路１６２巷８６號六樓,47.09,住,,,1140423,土地1建物1車位1,六層,十二層,住宅大樓(11層含以上有電梯),住家用,890628.0,155.75,3,2,2,有,有,34380000,220738.0,坡道平面,0.0,0,陽台外推；其他增建；,RPRNMLNLNHKGFCA77DA,77.91,0.0,8.1,有,1786.0,25.0
內湖區,房地(土地+建物)+車位,新明路４２８巷８號十一樓,32.85,住,,,1140427,土地1建物1車位1,十一層,十四層,住宅大樓(11層含以上有電梯),住家用,1120221.0,197.5,3,2,2,有,有,49000000,275981.0,坡道平面,29.01,2500000,,RPRNMLQLQHKGFCA38DA,102.43,0.0,9.61,有,1787.0,2.0
內湖區,房地(土地+建物),行善路２５巷１弄１１號八樓,47.3,住,,,1140430,土地1建物1車位0,八層,十層,華廈(10層含以下有電梯),住家用,870506.0,124.08,3,2,2,有,有,24400000,196647.0,,0.0,0,陽台外推；其他增建；,RPPOMLTLQHKGFCA58DA,74.1,0.0,7.06,有,,27.0
南港區,房地(土地+建物),玉成街５２巷７號二樓,21.18,住,,,1140413,土地1建物1車位0,二層,五層,公寓(5樓含以下無電梯),住家用,721220.0,79.46000000000001,3,1,1,有,無,17760000,223509.0,,0.0,0,,RPQOMLOJQHKGFDA08DA,61.3,0.0,12.12,無,,41.0
大安區,房地(土地+建物),溫州街１６巷４號,37.6,住,,,1140425,土地1建物1車位0,一層,五層,公寓(5樓含以下無電梯),住家用,660930.0,123.27,4,2,2,有,無,36800000,298532.0,,0.0,0,其他增建；,RPVNMLOJQHKGFFA68DA,110.92,12.35,0.0,無,,48.0
文山區,房地(土地+建物)+車位,木柵路一段３１５號十八樓之３,31.42,住,,,1140316,土地1建物1車位1,十八層,二十七層,住宅大樓(11層含以上有電梯),住家用,1131021.0,190.71,3,2,2,有,有,51700000,302487.0,坡道平面,29.05,2800000,,RPUNMLOKNHKGFAA87DA,89.75,6.11,10.84,有,1788.0,
文山區,房地(土地+建物),木柵路一段５９巷１１弄１３號三樓,37.93,住,,,1140327,土地1建物1車位0,三層,五層,公寓(5樓含以下無電梯),住家用,701223.0,119.2,3,2,2,有,有,15200000,127517.0,,0.0,0,陽台外推；其他增建；,RPXNMLNJOHKGFAA08DA,97.58,0.0,11.19,無,,43.0
大同區,建物,哈密街５９巷３８弄５０號十三樓之２,0.0,,,,1140321,土地0建物1車位0,十三層,十三層,住宅大樓(11層含以上有電梯),住家用,1081105.0,138.17,3,2,2,有,有,17780000,128682.0,,0.0,0,土地為台北市所有；本案僅交易建物。；建物坐落地號：大龍段二小段274地號；,RPWNMLOJOHKGFBA18DA,78.98,0.0,8.12,有,,5.0
內湖區,房地(土地+建物),內湖路一段９１巷２９號,27.88,住,,,1140321,土地1建物1車位0,一層,五層,公寓(5樓含以下無電梯),住家用,730319.0,94.45,3,2,2,有,無,25000000,264690.0,,0.0,0,其他增建；,RPUNMLOKNHKGFCA08DA,86.79,7.66,0.0,無,1790.0,41.0
內湖區,房地(土地+建物)+車位,民權東路六段２９６巷９０號,48.59,住,,,1140331,土地1建物1車位1,一層，地下一層,十五層,住宅大樓(11層含以上有電梯),住家用,820316.0,336.25,4,2,3,有,有,53980000,160531.0,坡道平面,36.05,0,,RPPOMLQJOHKGFCA87DA,274.81,5.39,0.0,有,,32.0
內湖區,房地(土地+建物),內湖路二段１０３巷９２弄１６號四樓,26.27,住,,,1140306,土地2建物1車位0,四層,五層,華廈(10層含以下有電梯),住家用,1120216.0,50.42,1,1,1,有,有,15300000,303451.0,,0.0,0,,RPUOMLQJOHKGFCA38DA,26.75,3.19,2.24,有,1791.0,2.0
內湖區,房地(土地+建物)+車位,康寧路三段７５巷２１５弄１１號,208.0,住,,,1140324,土地1建物1車位2,全,三層,透天厝,住家用,750116.0,283.4,5,3,4,有,有,52000000,183486.0,其他,0.0,0,,RPOPMLQJOHKGFCA87DA,180.56,85.67,17.17,無,,39.0
士林區,房地(土地+建物),中山北路五段７４６號九樓之３,12.27,住,,,1140328,土地1建物1車位0,九層,十八層,住宅大樓(11層含以上有電梯),住家用,1130904.0,109.85,3,2,2,有,有,36000000,327720.0,,0.0,0,,RPOOMLPKMHKGFEA77DA,65.22,5.5,4.64,有,,1.0
北投區,房地(土地+建物),中央北路四段５４１巷１弄１１號五樓,27.94,住,,,1140318,土地3建物1車位0,五層,五層,公寓(5樓含以下無電梯),住家用,740710.0,101.23,5,4,3,有,無,11800000,116566.0,,0.0,0,陽台外推；頂樓加蓋；其他增建；,RPTPMLTJNHKGFEA78DA,84.55,0.0,8.82,無,,40.0
內湖區,房地(土地+建物),內湖路三段３２９巷４弄１９號五樓,21.8,住,,,1140330,土地1建物1車位0,五層,五層,公寓(5樓含以下無電梯),住家用,680504.0,71.5,5,2,2,有,無,13000000,181818.0,,0.0,0,陽台外推；頂樓加蓋；其他增建；,RPOOMLTKNHKGFCA08DA,63.91,0.0,7.59,無,,46.0
信義區,房地(土地+建物),福德街２８４號四樓,28.0,住,,,1140316,土地3建物1車位0,四層,五層,公寓(5樓含以下無電梯),住家用,720720.0,104.44,3,2,2,有,無,22800000,218307.0,,0.0,0,其他增建；,RPROMLLKNHKGFDA67DA,92.63,0.95,8.68,無,,42.0
松山區,房地(土地+建物)+車位,三民路４３巷１２號十四樓之１,48.24,住,,,1140323,土地1建物1車位1,十四層,十四層,住宅大樓(11層含以上有電梯),住家用,951218.0,223.95,4,2,2,有,有,58400000,260772.0,坡道平面,0.0,0,,RPWOMLNJOHKGFDA38DA,117.08,3.83,11.24,有,,18.0
北投區,房地(土地+建物)+車位,石牌路二段３６３號十三樓之２,25.16,住,,,1140328,土地1建物1車位1,十三層,十四層,住宅大樓(11層含以上有電梯),住家用,1140107.0,165.43,3,2,2,有,有,42300000,304902.0,坡道平面,37.52,3300000,,RPRNMLPLMHKGFEA08DA,75.1,0.0,6.55,有,,
大安區,房地(土地+建物),麗水街２１巷３之２７號,40.11,住,,,1140330,土地2建物1車位0,七層,七層,華廈(10層含以下有電梯),住家用,600709.0,161.95,4,2,2,有,無,44500000,274776.0,,0.0,0,陽台外推；頂樓加蓋；其他增建；,RPPNMLOLNHKGFFA97DA,160.03,0.0,1.92,有,,54.0
大安區,房地(土地+建物)+車位,光復南路２６０巷５１之４號,38.68,住,,,1140326,土地1建物1車位1,五層,六層,華廈(10層含以下有電梯),住家用,580514.0,154.08,4,2,2,有,有,50000000,324507.0,其他,0.0,0,無車位編號使用權車位陽台外推；,RPPOMLPJOHKGFFA08DA,138.07,0.0,16.01,有,,56.0
文山區,房地(土地+建物),福興路９５巷４７號三樓之１,16.55,住,,,1140324,土地1建物1車位0,三層,九層,華廈(10層含以下有電梯),住家用,890721.0,66.09,2,2,1,有,有,13000000,196701.0,,0.0,0,,RPUNMLSKMHKGFAA18DA,51.39,0.0,3.03,有,,25.0
萬華區,房地(土地+建物),長泰街２８２巷１３弄１９號二樓,29.75,住,,,1140316,土地2建物1車位0,二層,四層,公寓(5樓含以下無電梯),住家用,580812.0,77.69,3,2,1,有,無,12260000,157807.0,,0.0,0,其他增建；,RPQOMLOJOHKGFBA67DA,77.69,0.0,0.0,無,,56.0
內湖區,房地(土地+建物)+車位,內湖路二段１０３巷４８之４號四樓,35.59,住,,,1140327,土地1建物1車位1,四層,七層,華廈(10層含以下有電梯),住家用,730628.0,190.08999999999995,2,2,3,有,有,42730000,251024.0,坡道平面,33.81,3500000,陽台外推；其他增建；,RPVNMLRJNHKGFCA38DA,154.78,0.0,13.11,有,,41.0
中山區,房地(土地+建物)+車位,市民大道三段１６９號十樓之５,11.85,住,,,1140325,土地1建物1車位1,十層,十三層,住宅大樓(11層含以上有電梯),住家用,970602.0,85.12,1,1,1,有,有,19680000,236204.0,坡道平面,16.63,3500000,夾層；其他增建；,RPQOMLMKNHKGFCA57DA,24.51,1.94,3.41,有,1798.0,17.0
北投區,房地(土地+建物)+車位,溫泉路６５巷９之１號二樓,25.06,住,,,1140330,土地2建物1車位1,二層,七層,華廈(10層含以下有電梯),住家用,890719.0,108.5,2,2,1,有,有,19220000,177143.0,坡道平面,31.52,0,其他增建；,RPUNMLLLNHKGFEA08DA,51.49,2.34,5.84,有,,25.0
士林區,房地(土地+建物),德行東路３３２巷１號三樓,33.24,住,,,1140318,土地1建物1車位0,三層,五層,公寓(5樓含以下無電梯),住家用,710707.0,115.48,3,2,2,有,無,20000000,173190.0,,0.0,0,其他增建；,RPRNMLMJOHKGFEA77DA,99.5,0.0,15.98,無,,43.0
大安區,房地(土地+建物)+車位,安東街３５號八樓之６,15.43,,,,1140327,土地1建物1車位1,八層,十三層,住宅大樓(11層含以上有電梯),住家用,1130704.0,116.03,2,1,1,有,有,48410000,485339.0,坡道平面,24.63,4050000,預售屋、或土地及建物分件登記案件；,RPRNMLTJOHKGFFA58DA,47.62,5.34,2.9,有,,1.0
大安區,房地(土地+建物),新生南路一段１３７巷１１號二樓,49.6,住,,,1140324,土地1建物1車位0,二層,五層,公寓(5樓含以下無電梯),住家用,680306.0,174.12,5,2,2,有,無,46100000,264760.0,,0.0,0,陽台外推；,RPXNMLTJOHKGFFA56DA,145.0,0.0,29.12,無,,46.0
北投區,房地(土地+建物),吉利街３２６巷１弄２號,23.12,住,,,1140331,土地1建物1車位0,一層,四層,公寓(5樓含以下無電梯),住家用,610201.0,56.96,3,2,1,有,無,13800000,242275.0,,0.0,0,平台外推、空地加蓋其他增建；,RPQNMLLKOHKGFEA77EA,45.16,4.49,0.0,無,,53.0
北投區,房地(土地+建物)+車位,崗山路５巷１１號五樓,32.51,住,,,1140329,土地1建物1車位1,五層,五層,公寓(5樓含以下無電梯),住家用,780612.0,151.64,3,2,2,有,有,15850000,104517.0,坡道平面,27.74,0,花台加蓋、陽台加蓋凸窗及鐵窗陽台外推；其他增建；,RPRNMLLKOHKGFEA87EA,89.55,1.54,9.11,無,,36.0
中山區,房地(土地+建物),龍江路２８１巷３號二樓,27.5,住,,,1140330,土地1建物1車位0,二層,七層,華廈(10層含以下有電梯),住家用,700114.0,153.45,4,2,2,有,無,35960000,234343.0,,0.0,0,陽台外推；其他增建；,RPOOMLLKNHKGFCA27DA,110.03,0.0,26.78,有,,44.0
內湖區,房地(土地+建物),內湖路二段１０３巷９２弄１０號四樓之３,26.89,住,,,1140312,土地2建物1車位0,四層,五層,華廈(10層含以下有電梯),住家用,1120216.0,55.68,1,1,1,有,有,17080000,306753.0,,0.0,0,,RPWNMLMKOHKGFCA18DA,27.39,4.63,2.94,有,1801.0,2.0
士林區,房地(土地+建物),重慶北路四段１巷２７弄２２號,33.0,住,,,1140308,土地1建物1車位0,一層,二層,公寓(5樓含以下無電梯),住家用,560330.0,45.26,2,2,1,有,無,10200000,225365.0,,0.0,0,其他增建；,RPXOMLLKOHKGFEA48DA,41.47,3.79,0.0,無,,58.0
大安區,房地(土地+建物),泰順街６０巷１８弄７號二樓,23.7,住,,,1140330,土地1建物1車位0,二層,七層,華廈(10層含以下有電梯),住家用,1010309.0,91.71,2,1,1,有,有,34560000,376840.0,,0.0,0,,RPROMLPJOHKGFFA28DA,58.05,2.59,3.04,有,1803.0,13.0
內湖區,房地(土地+建物),成功路二段４８６巷１４號六樓之３,6.09,住,,,1140315,土地2建物1車位0,六層,十一層,住宅大樓(11層含以上有電梯),住家用,870911.0,42.84,1,1,1,有,有,9600000,224090.0,,0.0,0,,RPRNMLMKOHKGFCA77EA,27.26,0.52,2.95,有,,27.0
中正區,房地(土地+建物)+車位,忠孝東路二段６４巷２８號十三樓,88.67,住,,,1140331,土地1建物1車位3,十三層，十四層,十四層,住宅大樓(11層含以上有電梯),住家用,970529.0,487.27,4,2,3,有,有,168580000,420123.0,坡道平面,114.57,12000000,陽台外推；,RPSNMLLMLHKGFBA47DA,204.18,16.88,22.64,有,,17.0
信義區,房地(土地+建物),大道路４２巷２２號三樓,41.75,住,,,1140314,土地2建物1車位0,三層，陽臺,四層,公寓(5樓含以下無電梯),住家用,640414.0,96.22,3,2,1,有,無,22360000,232384.0,,0.0,0,其他增建；,RPQNMLRLNHKGFDA18DA,96.22,0.0,0.0,無,,50.0
松山區,房地(土地+建物),南京東路五段１５４號十樓之１,8.89,住,,,1140322,土地2建物1車位0,十層,十七層,住宅大樓(11層含以上有電梯),住家用,731106.0,117.44,3,2,2,有,有,26000000,221390.0,,0.0,0,,RPVNMLRJOHKGFDA58DA,83.56,0.0,15.34,有,,40.0
北投區,房地(土地+建物),新民路５３之６號,4.09,住,,,1140321,土地1建物1車位0,一層,十層,華廈(10層含以下有電梯),住家用,970221.0,49.46,1,1,1,有,有,8100000,163769.0,,0.0,0,其他增建；,RPQNMLSJNHKGFEA18DA,10.48,1.48,1.43,有,1804.0,17.0
北投區,房地(土地+建物),中和街３９８巷５弄２號二樓之１０,31.53,住,,,1140330,土地4建物1車位0,二層,十層,華廈(10層含以下有電梯),住家用,840622.0,68.28,2,2,1,有,有,10700000,156708.0,,0.0,0,,RPUNMLPKNHKGFEA38DA,41.75,2.1,5.97,有,,30.0
大安區,房地(土地+建物),忠孝東路四段２１６巷２７弄１５號三樓,30.46,住,,,1140323,土地1建物1車位0,三層，陽臺,七層,華廈(10層含以下有電梯),住家用,651231.0,125.1,3,2,2,有,有,40300000,322142.0,,0.0,0,陽台外推；,RPTNMLNJOHKGFFA18DA,125.1,0.0,0.0,有,,48.0
文山區,房地(土地+建物)+車位,指南路三段５６號七樓,31.76,住,,,1140324,土地1建物1車位1,七層,十層,華廈(10層含以下有電梯),住家用,961001.0,178.49,3,2,2,有,有,28180000,179694.0,坡道平面,35.58,2500000,,RPPNMLTLNHKGFAA97DA,85.02,0.59,9.56,有,1805.0,17.0
中山區,房地(土地+建物),農安街７７巷９弄２４號,25.33,住,,,1140330,土地1建物1車位0,一層,三層,公寓(5樓含以下無電梯),住家用,570330.0,48.44,1,1,1,有,無,13600000,280760.0,,0.0,0,其他增建；,RPROMLLKNHKGFCA57DA,48.44,0.0,0.0,無,,57.0
北投區,房地(土地+建物)+車位,大同街２０號四樓,14.5,住,,,1140321,土地1建物1車位1,四層,十八層,住宅大樓(11層含以上有電梯),住家用,1130621.0,114.93,2,1,1,有,有,28350000,309518.0,坡道平面,33.19,3050000,,RPTNMLMKOHKGFEA08DA,47.14,2.32,4.67,有,,1.0
北投區,房地(土地+建物)+車位,大同街３０號四樓,21.19,住,,,1140328,土地1建物1車位1,四層,十八層,住宅大樓(11層含以上有電梯),住家用,1130621.0,152.73000000000002,2,2,2,有,有,38500000,297808.0,坡道平面,33.19,2900000,,RPWNMLMKOHKGFEA38DA,68.99,4.76,5.45,有,,1.0
大安區,房地(土地+建物)+車位,安和路二段１８１巷９號二樓,58.0,住,,,1140326,土地2建物1車位1,二層,五層,華廈(10層含以下有電梯),住家用,771223.0,230.36,5,2,2,有,有,58800000,255253.0,其他,12.89,0,陽台外推；,RPQNMLLKOHKGFFA77DA,157.71,8.4,17.9,有,,36.0
萬華區,房地(土地+建物)+車位,萬大路４２３巷３８號七樓之３,40.52,住,,,1140310,土地4建物1車位1,七層,十四層,住宅大樓(11層含以上有電梯),住家用,970103.0,189.3,3,2,2,有,有,36000000,190174.0,坡道平面,0.0,0,其他增建；,RPQNMLQKOHKGFBA97EA,103.07,0.0,9.77,有,,17.0
信義區,房地(土地+建物),吳興街２８４巷２０弄６０號三樓,33.0,住,,,1140327,土地1建物1車位0,三層,四層,公寓(5樓含以下無電梯),住家用,630404.0,92.18,5,0,5,有,無,18500000,200694.0,,0.0,0,其他增建；,RPWNMLNKOHKGFDA38DA,82.0,0.0,10.18,無,1809.0,51.0
文山區,房地(土地+建物),木新路二段６２號,35.11,住,,,1140302,土地1建物2車位0,一層，二層，騎樓,五層,公寓(5樓含以下無電梯),住家用,670408.0,111.57,3,2,2,有,無,17000000,152371.0,,0.0,0,其他增建；,RPPNMLRKOHKGFAA87EA,94.31,4.45,4.45,無,,47.0
中正區,房地(土地+建物)+車位,汀州路二段９３號四樓之１,17.57,住,,,1140304,土地1建物1車位1,四層,十一層,住宅大樓(11層含以上有電梯),住家用,1030123.0,121.22,2,2,1,有,有,25700000,284568.0,升降平面,38.99,2300000,,RPPNMLSKOHKGFAA97EA,46.76,1.58,3.98,有,1810.0,11.0
文山區,房地(土地+建物)+車位,萬壽路６２之８號三樓,17.16,住,,,1140329,土地1建物1車位1,三層,五層,華廈(10層含以下有電梯),住家用,961023.0,46.57,1,1,1,有,有,7890000,190945.0,升降機械,11.01,1100000,其他增建；,RPQNMLKKOHKGFAA17DA,18.56,2.33,2.25,有,1811.0,17.0
士林區,房地(土地+建物),至誠路二段９９號二樓,22.58,住,,,1140319,土地1建物1車位0,二層,五層,公寓(5樓含以下無電梯),住家用,720408.0,72.4,2,1,1,有,無,15600000,215470.0,,0.0,0,陽台外推；,RPOOMLTLNHKGFEA38DA,66.03,0.0,4.15,無,,42.0
文山區,房地(土地+建物)+車位,仙岩路１６巷７９號十樓,61.94,住,,,1140316,土地1建物1車位1,十層，電梯樓梯間,十三層,住宅大樓(11層含以上有電梯),住家用,870312.0,188.43,4,2,2,有,有,33200000,202453.0,坡道平面,36.79,2500000,陽台外推；其他增建；,RPPNMLNJNHKGFAA17DA,113.11,5.23,14.0,有,1813.0,27.0
文山區,房地(土地+建物)+車位,指南路三段３２巷１號五樓,32.97,住,,,1140323,土地1建物1車位1,五層,十一層,住宅大樓(11層含以上有電梯),住家用,990729.0,167.28,5,0,2,有,有,25100000,150048.0,坡道平面,4.34,0,車位編號：16號。,RPTNMLNJOHKGFAA67DA,73.53,13.56,8.32,有,,15.0
南港區,房地(土地+建物),玉成街６６之５號五樓,7.88,住,,,1140304,土地1建物1車位0,五層,八層,華廈(10層含以下有電梯),住家用,860825.0,37.4,2,1,1,有,有,11300000,302139.0,,0.0,0,夾層；,RPUNMLTKOHKGFDA78DA,25.72,1.05,3.35,有,,28.0
士林區,房地(土地+建物),延平北路五段１３６巷８弄３６號二樓,16.75,住,,,1140306,土地1建物1車位0,二層,四層,公寓(5樓含以下無電梯),住家用,630816.0,40.09,1,1,1,有,無,5670000,141432.0,,0.0,0,陽台外推；其他增建；,RPPNMLMLMHKGFEA57DA,40.09,0.0,0.0,無,1814.0,51.0
大安區,房地(土地+建物),通安街１０９號,53.0,住,,,1140325,土地1建物1車位0,全,三層,透天厝,住家用,831120.0,133.96,4,3,3,有,無,41880000,312631.0,,0.0,0,頂樓加蓋；其他增建；,RPWNMLLKOHKGFFA38DA,133.96,0.0,0.0,無,,30.0
萬華區,房地(土地+建物),雙園街１０７巷１３號四樓,24.25,住,,,1140304,土地1建物1車位0,四層,四層,公寓(5樓含以下無電梯),住家用,,68.02,3,2,1,有,無,8600000,126433.0,,0.0,0,,RPQNMLTKOHKGFBA28EA,68.02,0.0,0.0,無,,
文山區,房地(土地+建物),興隆路二段２０１號,42.0,住,,,1140326,土地1建物1車位0,全,二層,透天厝,住家用,570628.0,94.26,2,2,1,有,無,22000000,233397.0,,0.0,0,頂樓加蓋；其他增建；,RPXNMLTKNHKGFAA68DA,94.26,0.0,0.0,無,,57.0
信義區,房地(土地+建物)+車位,松智路３１巷１０號,40.77,住,,,1140319,土地2建物1車位1,一層,十三層,住宅大樓(11層含以上有電梯),住家用,870420.0,165.73000000000002,3,2,2,有,有,57880000,349243.0,坡道平面,0.0,0,車位地下二樓31號,RPQOMLQKOHKGFDA18DA,80.8,1.23,11.2,有,1819.0,27.0
大安區,房地(土地+建物)+車位,永康街１３巷６號六樓,40.48,住,,,1140316,土地1建物1車位1,六層,六層,華廈(10層含以下有電梯),住家用,890927.0,213.17,1,1,2,有,無,63580000,340204.0,坡道平面,38.04,4000000,陽台外推；其他增建；,RPUOMLQJOHKGFFA68DA,96.19,3.83,11.0,有,,24.0
中正區,房地(土地+建物)+車位,愛國東路１００號六樓之１,123.78,住,,,1140307,土地1建物1車位5,六層,十四層,住宅大樓(11層含以上有電梯),住家用,1080327.0,883.84,0,0,0,無,有,345000000,458398.0,坡道平面,165.25,15600000,,RPQNMLMKNHKGFAA27DA,462.36,0.0,53.37,有,,6.0
信義區,房地(土地+建物),忠孝東路五段４２３巷５弄２４號五樓,19.19,住,,,1140320,土地1建物1車位0,五層,五層,華廈(10層含以下有電梯),住家用,881005.0,67.94,2,2,2,有,有,25580000,376509.0,,0.0,0,陽台外推；其他增建；,RPXNMLMJNHKGFDA18DA,43.78,1.76,4.86,有,1824.0,25.0
士林區,房地(土地+建物),中山北路六段４２７巷６弄８號,27.2,住,,,1140324,土地1建物1車位0,一層,五層,公寓(5樓含以下無電梯),住家用,660215.0,100.25,5,2,2,有,無,31800000,317207.0,,0.0,0,其他增建；,RPRNMLTJOHKGFEA48DA,85.68,14.57,0.0,無,1825.0,48.0
大安區,房地(土地+建物),青田街６巷１５號三樓,48.5,住,,,1140327,土地1建物1車位0,三層,四層,公寓(5樓含以下無電梯),住家用,620430.0,133.83,4,2,2,有,無,42300000,316073.0,,0.0,0,陽台外推；其他增建；,RPWOMLQJOHKGFFA88DA,118.94,0.0,14.89,無,,52.0
文山區,房地(土地+建物),木新路二段２１號五樓,7.7,住,,,1140328,土地1建物1車位0,五層,十四層,住宅大樓(11層含以上有電梯),住家用,841024.0,30.93,1,1,1,有,有,5510000,178144.0,,0.0,0,,RPUNMLOLOHKGFAA08DA,19.52,0.0,2.85,有,1827.0,29.0
北投區,房地(土地+建物)+車位,中和街４５５巷１１弄６號五樓,58.59,住,,,1140302,土地1建物1車位1,五層,五層,華廈(10層含以下有電梯),住家用,1001007.0,152.82999999999998,3,2,2,有,有,20880000,136622.0,坡道平面,0.0,2500000,其他增建；,RPWNMLOLMHKGFEA48DA,66.04,4.02,6.45,有,,13.0
文山區,房地(土地+建物),木柵路二段１０９巷１００弄４２號十四樓,40.1,住,,,1140330,土地2建物1車位0,十四層,十七層,住宅大樓(11層含以上有電梯),住家用,850925.0,75.99,2,2,1,有,有,13450000,176997.0,,0.0,0,陽台外推；其他增建；,RPSNMLTLNHKGFAA28DA,49.48,1.16,7.15,有,,29.0
中山區,房地(土地+建物),吉林路２２巷２５號三樓,29.4,住,,,1140318,土地2建物1車位0,三層,七層,華廈(10層含以下有電梯),住家用,661104.0,196.51,4,2,2,有,有,36500000,185741.0,,0.0,0,其他增建；,RPUOMLLKOHKGFCA97DA,165.45,0.0,13.26,有,,47.0
南港區,房地(土地+建物),成福路６４巷５號,35.12,住,,,1140323,土地1建物1車位0,一層，平台,四層,公寓(5樓含以下無電梯),住家用,640116.0,88.8,4,2,2,有,無,23000000,259009.0,,0.0,0,其他增建；,RPWOMLKLNHKGFDA18DA,88.8,0.0,0.0,無,1830.0,50.0
南港區,房地(土地+建物),富康街４７巷２號三樓,25.25,住,,,1140324,土地1建物1車位0,三層,四層,公寓(5樓含以下無電梯),住家用,661121.0,72.95,2,2,1,有,無,18650000,255655.0,,0.0,0,陽台外推；其他增建；,RPSNMLNLNHKGFDA97DA,62.16,0.0,10.79,無,1831.0,47.0
南港區,房地(土地+建物)+車位,興南街１０３號四樓,16.84,住,,,1140312,土地1建物1車位1,四層,二十六層,住宅大樓(11層含以上有電梯),住家用,1131230.0,147.2,3,2,2,有,有,42280000,307668.0,坡道平面,20.83,3400000,,RPQNMLTJOHKGFDA28DA,72.56,0.0,11.17,有,1833.0,
中山區,房地(土地+建物),新生北路一段８３號七樓,26.0,住,,,1140319,土地1建物1車位0,七層,七層,華廈(10層含以下有電梯),住家用,661017.0,148.19,2,2,2,有,無,30800000,207841.0,,0.0,0,陽台外推；頂樓加蓋；其他增建；,RPPNMLLLNHKGFCA37DA,124.25,0.0,23.94,有,1834.0,47.0
內湖區,房地(土地+建物),內湖路三段１４３巷３０號四樓,17.06,住,,,1140302,土地1建物1車位0,四層,五層,公寓(5樓含以下無電梯),住家用,710227.0,67.74000000000001,2,2,1,有,有,14580000,215235.0,,0.0,0,,RPVOMLNLOHKGFCA38DA,56.53,0.0,8.53,無,,43.0
文山區,房地(土地+建物)+車位,下崙路１１巷１７號四樓,32.31,住,,,1140328,土地1建物1車位1,四層,七層,華廈(10層含以下有電梯),住家用,1060104.0,169.66,2,2,2,有,有,28280000,197741.0,升降平面,36.0,1850000,,RPSNMLKLOHKGFAA47DA,72.73,5.63,7.22,有,1836.0,8.0
士林區,房地(土地+建物),重慶北路四段１９０巷５弄１７號二樓,15.5,住,,,1140321,土地1建物1車位0,二層,四層,公寓(5樓含以下無電梯),住家用,610821.0,53.95,2,0,2,有,無,9060000,167933.0,,0.0,0,鐵鋁窗增建其他增建；,RPSNMLKMOHKGFEA08EA,53.95,0.0,0.0,無,1837.0,53.0
內湖區,房地(土地+建物)+車位,南京東路六段１４８號三樓,21.88,住,,,1140317,土地1建物1車位1,三層,十二層,住宅大樓(11層含以上有電梯),住家用,951205.0,101.4,2,2,1,有,有,24880000,254213.0,坡道機械,9.43,1500000,陽台外推；其他增建；,RPRNMLKMMHKGFCA47DA,54.99,0.0,6.3,有,1843.0,18.0
中山區,房地(土地+建物),大直街３３巷１號二樓,45.96,住,,,1140324,土地1建物1車位0,二層,七層,華廈(10層含以下有電梯),住家用,731119.0,216.35,3,2,2,有,無,46284456,213933.0,,0.0,0,因交易糾紛依調解筆錄及協議約定由買方買回.含土地增值稅或其他稅費257287元；,RPUNMLQLOHKGFCA48DA,177.34,2.29,20.41,有,1844.0,40.0
南港區,房地(土地+建物)+車位,南港路二段１７８巷２６號六樓,26.34,住,,,1140323,土地1建物1車位1,六層,十二層,住宅大樓(11層含以上有電梯),住家用,821123.0,119.27,2,2,1,有,有,25000000,209608.0,坡道平面,46.98,0,陽台外推；,RPVNMLQJOHKGFDA48DA,48.83,1.58,7.2,有,1845.0,31.0
北投區,房地(土地+建物)+車位,文林北路１０之１號十二樓,44.97,住,,,1140328,土地2建物1車位1,十二層,十四層,住宅大樓(11層含以上有電梯),住家用,1021021.0,195.33999999999995,3,2,2,有,有,49000000,250845.0,坡道平面,0.0,0,其他增建；,RPXNMLTJOHKGFEA09DA,103.63,0.0,14.5,有,1846.0,11.0
北投區,房地(土地+建物)+車位,大同街３６號九樓,22.88,住,,,1140321,土地1建物1車位1,九層,十八層,住宅大樓(11層含以上有電梯),住家用,1130621.0,162.17000000000002,3,2,2,有,有,44700000,320980.0,坡道平面,33.19,3300000,,RPPNMLLJPHKGFEA57DA,73.31,7.3,4.8,有,,1.0
大安區,房地(土地+建物),忠孝東路四段１８１巷３５弄２３號二樓,28.83,住,,,1140302,土地1建物1車位0,二層,五層,公寓(5樓含以下無電梯),住家用,760806.0,110.77,2,2,1,有,無,29500000,266318.0,,0.0,0,其他增建；,RPVNMLNKOHKGFFA48DA,89.57,0.85,9.73,無,1847.0,38.0
信義區,房地(土地+建物),中坡南路２１５巷１６號三樓,30.9,住,,,1140327,土地1建物1車位0,三層,五層,公寓(5樓含以下無電梯),住家用,720617.0,122.51,3,2,2,有,無,22550000,184067.0,,0.0,0,其他增建；,RPPNMLMJPHKGFDA57DA,94.43,0.0,18.34,無,,42.0
士林區,房地(土地+建物),克強路１０巷１９弄１０號四樓,35.9,住,,,1140311,土地1建物1車位0,四層,五層,公寓(5樓含以下無電梯),住家用,700108.0,133.09,3,2,2,有,無,17810000,133819.0,,0.0,0,陽台外推；,RPVNMLTLMHKGFEA88DA,109.59,0.0,15.77,無,,44.0
中山區,房地(土地+建物)+車位,敬業三路１６２巷１９８號四樓,43.31,住,,,1140322,土地1建物1車位1,四層,八層,華廈(10層含以下有電梯),住家用,890628.0,143.02,3,2,2,有,有,33800000,236331.0,坡道平面,0.0,0,陽台外推；其他增建；,RPOPMLMJPHKGFCA57DA,71.3,0.0,7.74,有,1851.0,25.0
士林區,房地(土地+建物)+車位,菁山路５３之５號四樓,162.83,住,,,1140321,土地1建物1車位2,四層，五層,五層,華廈(10層含以下有電梯),住家用,980605.0,401.9,3,2,3,有,有,61000000,151779.0,坡道平面,81.52,0,,RPTNMLTLMHKGFEA68DA,207.54,8.03,17.2,有,,16.0
大安區,房地(土地+建物),復興南路二段３８１號四樓之１,12.81,住,,,1140330,土地1建物1車位0,四層,十二層,住宅大樓(11層含以上有電梯),住家用,690131.0,111.31,1,2,2,有,有,28800000,258737.0,,0.0,0,陽台外推；其他增建；,RPOPMLNJOHKGFFA87DA,67.95,0.0,22.61,有,1854.0,45.0
內湖區,房地(土地+建物)+車位,新豐街２１號四樓,41.46,住,,,1140309,土地1建物1車位1,四層,十一層,住宅大樓(11層含以上有電梯),住家用,1090603.0,207.85,2,2,2,有,有,55800000,268463.0,坡道平面,36.18,0,,RPPNMLNLOHKGFCA67DA,96.56,6.58,11.57,有,1855.0,5.0
信義區,房地(土地+建物)+車位,永吉路２２５巷２９號三樓,18.63,住,,,1140324,土地1建物1車位1,三層,十二層,住宅大樓(11層含以上有電梯),住家用,990510.0,103.93,2,1,1,有,有,31300000,311371.0,塔式車位,9.83,2000000,夾層；,RPXNMLTJOHKGFDA98DA,49.89,5.85,4.59,有,1856.0,15.0
北投區,房地(土地+建物),開明街４２號八樓,44.66,住,,,1140316,土地1建物1車位0,八層,八層,華廈(10層含以下有電梯),住家用,850426.0,140.65,3,2,2,有,有,23500000,167081.0,,0.0,0,陽台外推；其他增建；,RPQNMLQJNHKGFEA97DA,90.86,0.0,11.5,有,,29.0
大安區,房地(土地+建物),四維路１５４巷１７之２號,38.25,住,,,1140309,土地1建物1車位0,三層,四層,公寓(5樓含以下無電梯),住家用,560527.0,100.19,3,2,2,有,無,29980000,299231.0,,0.0,0,陽台外推；,RPTOMLNJPHKGFFA38DA,96.59,0.0,3.6,無,1859.0,58.0
大安區,房地(土地+建物),四維路５２巷２６號六樓,35.88,住,,,1140331,土地1建物1車位0,六層,七層,華廈(10層含以下有電梯),住家用,660212.0,145.97,7,0,7,有,無,48570000,332740.0,,0.0,0,陽台外推；其他增建；,RPQNMLRKOHKGFFA38DA,122.22,0.0,23.75,有,1861.0,48.0
松山區,房地(土地+建物)+車位,市民大道四段３９之３號八樓,56.74,住,,,1140319,土地2建物1車位2,八層,二十三層,住宅大樓(11層含以上有電梯),住家用,1090102.0,409.66,0,0,0,無,有,194480000,565776.0,坡道平面,81.12,8600000,,RPROMLMJPHKGFDA87DA,180.31,9.2,24.4,有,,5.0
文山區,房地(土地+建物),政大三街３５號五樓之３,25.37,住,,,1140309,土地1建物1車位0,五層,五層,華廈(10層含以下有電梯),住家用,950724.0,46.09,1,1,1,有,有,10200000,221306.0,,0.0,0,其他增建：機房。夾層；其他增建；,RPXNMLQKMHKGFAA28DA,30.8,0.0,0.0,有,1862.0,19.0
內湖區,房地(土地+建物)+車位,安泰街１１４巷２１號五樓,19.29,住,,,1140311,土地1建物1車位1,五層,九層,華廈(10層含以下有電梯),住家用,980929.0,133.08,2,2,1,有,有,17800000,176971.0,坡道平面,43.79,2000000,其他增建；,RPQOMLRLOHKGFCA28DA,51.89,2.31,7.23,有,1863.0,15.0
內湖區,房地(土地+建物),行善路５３號五樓,47.79,住,,,1140329,土地1建物1車位0,五層,九層,華廈(10層含以下有電梯),住家用,870506.0,126.27,3,2,2,有,有,26500000,209868.0,,0.0,0,陽台外推；,RPPNMLTJPHKGFCA28EA,76.34,0.0,7.06,有,,27.0
南港區,房地(土地+建物)+車位,街２８號五樓,38.99,住,,,1140315,土地1建物1車位1,五層,十一層,住宅大樓(11層含以上有電梯),住家用,1020521.0,255.0,4,2,2,有,有,75080000,332280.0,坡道平面,36.57,2500000,,RPSOMLQJOHKGFDA28DA,125.17,8.4,11.2,有,1867.0,12.0
信義區,房地(土地+建物),福德街５７號二樓,22.5,住,,,1140315,土地1建物1車位0,二層,四層,公寓(5樓含以下無電梯),住家用,581020.0,80.4,3,2,2,有,無,16450000,204602.0,,0.0,0,其他增建；,RPXNMLRLOHKGFDA98DA,80.4,0.0,0.0,無,,55.0
信義區,房地(土地+建物),虎林街１２０巷１２０號四樓之５,13.88,住,,,1140317,土地1建物1車位0,四層,八層,華廈(10層含以下有電梯),住家用,950404.0,63.38,1,1,1,有,有,18680000,294730.0,,0.0,0,陽台外推；,RPOPMLKMOHKGFDA67DA,33.87,0.0,6.48,有,1868.0,19.0
中山區,房地(土地+建物)+車位,基湖路１１２巷５１號三樓,56.34,住,,,1140328,土地1建物1車位1,三層,十層,華廈(10層含以下有電梯),住家用,980819.0,249.66000000000005,3,2,3,有,有,73000000,341864.0,坡道平面,44.9,3000000,其他增建；,RPSNMLOJPHKGFCA97DA,133.16,0.7,10.94,有,1869.0,16.0
士林區,房地(土地+建物),延平北路五段２１３巷１７號四樓,45.68,住,,,1140324,土地1建物1車位0,四層,四層,公寓(5樓含以下無電梯),住家用,610905.0,114.42,4,1,1,有,無,20800000,181786.0,,0.0,0,,RPTNMLLKPHKGFEA08DA,114.42,0.0,0.0,無,,53.0
文山區,房地(土地+建物)+車位,萬壽路７５巷４５號九樓,67.77,住,,,1140323,土地1建物1車位1,九層,十二層,住宅大樓(11層含以上有電梯),住家用,880413.0,144.34,3,2,2,有,有,20000000,138562.0,坡道平面,0.0,2000000,車位面積無法概算夾層；其他增建；,RPUNMLQLNHKGFAA18DA,76.61,0.0,10.09,有,,26.0
內湖區,房地(土地+建物),文德路６６巷１０１號,59.17,住,,,1140325,土地1建物1車位0,一層，地下一層,七層,華廈(10層含以下有電梯),住家用,811124.0,245.66,6,2,4,有,有,30960000,126028.0,,0.0,0,其他增建；,RPOPMLOKPHKGFCA87DA,198.97,7.28,0.0,有,,32.0
松山區,房地(土地+建物),復興北路４９９巷２弄７號三樓,26.25,住,,,1140315,土地1建物1車位0,三層，露台,四層,公寓(5樓含以下無電梯),住家用,600617.0,86.85,3,2,1,有,無,17000000,195740.0,,0.0,0,陽台外推；其他增建；,RPWNMLRJPHKGFDA78DA,86.85,0.0,0.0,無,,54.0
南港區,房地(土地+建物),中坡南路３１巷８號二樓,22.88,住,,,1140327,土地1建物1車位0,二層,六層,華廈(10層含以下有電梯),住家用,1090731.0,81.11,1,1,1,有,有,26000000,320552.0,,0.0,0,,RPVOMLLKPHKGFDA28DA,42.55,0.0,13.38,有,1873.0,5.0
士林區,房地(土地+建物),中社路二段４４號二樓,66.0,住,,,1140331,土地1建物1車位0,二層,四層,公寓(5樓含以下無電梯),住家用,650406.0,69.66,3,2,1,有,無,10880000,156187.0,,0.0,0,其他增建；,RPUNMLTKNHKGFEA78DA,69.66,0.0,0.0,無,,49.0
松山區,房地(土地+建物)+車位,民生東路三段１３０巷７弄１１號五樓,19.35,住,,,1140322,土地1建物1車位1,五層,九層,華廈(10層含以下有電梯),住家用,1130918.0,121.57999999999998,2,2,1,有,有,42600000,392138.0,塔式車位,19.32,2500000,塔式車位位於地下第二層。交易總價：4260萬元整內含車位價土地價格：33694259元整、建物價格：8905741元整。,RPVNMLRJPHKGFDA68DA,58.42,0.0,6.68,有,,1.0
士林區,房地(土地+建物),文林路７１４巷４號四樓,23.0,住,,,1140328,土地1建物1車位0,四層,四層,公寓(5樓含以下無電梯),住家用,610713.0,80.04,4,2,2,有,無,17200000,214893.0,,0.0,0,頂樓加蓋；其他增建；,RPSNMLLKOHKGFEA87DA,80.04,0.0,0.0,無,,53.0
大同區,房地(土地+建物),伊寧街７５巷１５號二樓,5.37,住,,,1140322,土地1建物1車位0,二層,五層,公寓(5樓含以下無電梯),住家用,730918.0,117.74,3,2,2,有,無,12500000,106175.0,,0.0,0,其他增建；,RPXNMLNJOHKGFBA18DA,105.0,0.0,4.38,無,,41.0
信義區,建物,松山路１７３號,0.0,,,,1140326,土地0建物1車位0,全,三層,透天厝,住家用,720601.0,133.95,4,3,3,有,無,20000000,149309.0,,0.0,0,建物坐落地號：虎林段一小段707-18地號；地上權房屋；,RPWOMLQKPHKGFDA88DA,133.95,0.0,0.0,無,,42.0
內湖區,房地(土地+建物),星雲街６８巷１３號,27.26,住,,,1140331,土地1建物1車位0,一層，停車場,五層,公寓(5樓含以下無電梯),住家用,690719.0,95.62,3,2,2,有,有,23600000,246810.0,,0.0,0,其他增建；,RPUNMLLKOHKGFCA87DA,84.91,10.71,0.0,無,,45.0
士林區,房地(土地+建物)+車位,中山北路六段４０５巷４５弄１０號五樓,24.57,住,,,1140303,土地1建物1車位1,五層,十四層,住宅大樓(11層含以上有電梯),住家用,1140429.0,205.76,0,0,0,無,有,59880000,327065.0,坡道平面,32.92,3350000,毛胚屋；預售屋、或土地及建物分件登記案件；,RPSOMLSKPHKGFEA78DA,103.83,0.0,11.55,有,,
大安區,房地(土地+建物),安和路一段８３號九樓,25.11,住,,,1140330,土地3建物1車位0,九層,十二層,住宅大樓(11層含以上有電梯),住家用,731220.0,192.28,4,2,2,有,有,66000000,343249.0,,0.0,0,陽台外推；其他增建；,RPWNMLLKPHKGFFA48DA,164.07,0.0,17.52,有,,40.0
中山區,房地(土地+建物)+車位,北安路５５４巷３１號十樓,26.47,住,,,1140315,土地1建物1車位1,十層,十二層,住宅大樓(11層含以上有電梯),住家用,821221.0,139.87,3,2,2,有,有,40580000,322198.0,坡道機械,20.13,2000000,陽台外推；其他增建；,RPPOMLKMOHKGFCA57DA,95.37,0.0,10.4,有,,31.0
松山區,房地(土地+建物),健康路３２５巷８號四樓,36.17,住,,,1140329,土地1建物1車位0,四層,五層,公寓(5樓含以下無電梯),住家用,751020.0,114.13,3,2,2,有,無,25200000,220801.0,,0.0,0,其他增建；,RPVNMLRKOHKGFDA68DA,92.28,4.55,9.81,無,,38.0
士林區,房地(土地+建物)+車位,通河西街二段１２６號六樓之３,28.08,住,,,1140301,土地1建物1車位1,六層,十四層,住宅大樓(11層含以上有電梯),住家用,1000525.0,170.8,2,2,1,有,有,29200000,170960.0,坡道平面,36.17,0,,RPXNMLLKPHKGFEA48DA,72.74,6.45,8.41,有,1879.0,14.0
文山區,房地(土地+建物),景華街１２８巷８號二樓,31.29,住,,,1140303,土地1建物1車位0,二層,五層,公寓(5樓含以下無電梯),住家用,700117.0,88.01,3,2,2,有,無,14200000,161345.0,,0.0,0,,RPTNMLNLPHKGFAA97DA,75.45,0.0,12.56,無,,44.0
萬華區,房地(土地+建物),桂林路２４６巷３４號八樓,25.22,住,,,1140316,土地1建物1車位0,八層,十層,華廈(10層含以下有電梯),住家用,840207.0,133.23000000000002,3,2,2,有,有,24000000,180140.0,,0.0,0,陽台外推；其他增建；,RPQOMLMJPHKGFBA57DA,102.11,0.75,11.57,有,1880.0,30.0
士林區,房地(土地+建物),德行東路４６巷７弄１號三樓,73.04,住,,,1140325,土地5建物1車位0,三層,四層,公寓(5樓含以下無電梯),住家用,660216.0,133.6,4,0,4,有,有,28000000,209581.0,,0.0,0,,RPVNMLNLPHKGFEA58DA,119.74,0.0,13.86,無,,48.0
中正區,房地(土地+建物),杭州南路一段８之２號五樓之１,17.34,住,,,1140305,土地1建物1車位0,五層,七層,華廈(10層含以下有電梯),住家用,650702.0,104.61,3,2,2,有,有,31800000,303986.0,,0.0,0,陽台外推；其他增建；,RPPNNLMLPHKGFBA67DA,75.54,0.0,21.38,有,1881.0,49.0
中山區,房地(土地+建物),中原街４１號二樓之３,21.63,住,,,1140331,土地1建物1車位0,二層,七層,華廈(10層含以下有電梯),住家用,661114.0,149.59,3,2,2,有,有,23000000,153754.0,,0.0,0,陽台外推；,RPVNMLPKPHKGFCA48DA,118.15,0.0,12.04,有,,47.0
文山區,房地(土地+建物),指南路三段９９號六樓,9.28,住,,,1140308,土地1建物1車位0,六層,十一層,住宅大樓(11層含以上有電梯),住家用,1030513.0,40.83,0,1,1,有,有,10000000,244918.0,,0.0,0,夾層；其他增建；,RPVNMLNLOHKGFAA08DA,23.18,0.74,3.98,有,1882.0,11.0
中正區,房地(土地+建物),仁愛路二段３８巷１１號五樓之１,34.1,住,,,1140324,土地2建物1車位0,五層,五層,公寓(5樓含以下無電梯),住家用,700128.0,123.48,3,2,2,有,無,32000000,259151.0,,0.0,0,頂樓加蓋；,RPPNMLTLPHKGFBA28DA,103.91,0.0,19.57,無,,44.0
南港區,房地(土地+建物)+車位,經貿二路２３５巷６１號二樓,34.78,住,,,1140312,土地1建物1車位1,二層,十二層,住宅大樓(11層含以上有電梯),住家用,990409.0,168.01,3,2,2,有,有,44550000,265163.0,坡道平面,33.67,0,,RPTNMLQKPHKGFDA48DA,79.01,8.34,7.03,有,,15.0
文山區,房地(土地+建物),政大二街２６０巷４９號,35.16,住,,,1140330,土地1建物1車位0,一層,五層,華廈(10層含以下有電梯),住家用,990730.0,71.68,1,1,1,有,有,15680000,218750.0,,0.0,0,機房增建、空地加蓋。本戶前方一樓庭院約定專用。其他增建；,RPROMLNLOHKGFAA77DA,37.41,1.81,6.1,有,1883.0,15.0
松山區,房地(土地+建物),光復北路１８０號三樓,42.96,住,,,1140318,土地1建物1車位0,三層,十五層,住宅大樓(11層含以上有電梯),住家用,860805.0,201.52,4,2,2,有,有,47500000,235709.0,,0.0,0,其他增建；,RPTNMLPKPHKGFDA38DA,111.64,3.11,13.14,有,,28.0
信義區,房地(土地+建物),忠孝東路五段３７２巷２７弄８１號五樓,33.04,住,,,1140314,土地1建物1車位0,五層,七層,華廈(10層含以下有電梯),住家用,731228.0,159.64,4,2,2,有,無,46660000,292283.0,,0.0,0,其他增建；,RPUOMLOKPHKGFDA48DA,134.33,4.51,11.13,有,,40.0
文山區,房地(土地+建物)+車位,木柵路四段１３７號十五樓之１,56.47,住,,,1140316,土地2建物1車位1,十五層,十九層,住宅大樓(11層含以上有電梯),住家用,1000214.0,202.64,4,2,2,有,有,46000000,239381.0,坡道平面,23.01,3000000,其他增建；,RPQOMLLJPHKGFAA37DA,114.57,3.93,10.69,有,1886.0,14.0
北投區,房地(土地+建物)+車位,稻香路１６１巷１６弄６之１號,46.55,住,,,1140319,土地1建物1車位1,一層,五層,華廈(10層含以下有電梯),住家用,1100902.0,120.18,2,2,1,有,有,21700000,228828.0,坡道平面,35.4,2300000,含家電及裝潢設備,RPVNMLLMPHKGFEA48DA,48.78,0.0,6.47,有,,4.0
內湖區,房地(土地+建物)+車位,文湖街２１巷８２弄１４號五樓,19.57,住,,,1140309,土地1建物1車位1,五層,八層,華廈(10層含以下有電梯),住家用,941226.0,123.84,2,2,1,有,有,22500000,181686.0,坡道平面,0.0,2000000,陽台外推；其他增建；,RPROMLOJQHKGFCA08DA,56.12,2.27,5.74,有,,19.0
文山區,房地(土地+建物)+車位,汀州路四段２１９號十二樓,41.12,住,,,1140306,土地1建物1車位1,十二層,十四層,住宅大樓(11層含以上有電梯),住家用,991105.0,213.1,4,2,2,有,有,45000000,211168.0,坡道平面,0.0,0,,RPRNMLNKQHKGFAA77DA,116.82,0.0,11.93,有,,14.0
大安區,房地(土地+建物),安東街３５號十二樓之５,9.77,住,,,1140315,土地1建物1車位0,十二層,十三層,住宅大樓(11層含以上有電梯),住家用,1130704.0,62.15,2,1,1,有,有,31800000,511665.0,,0.0,0,預售屋、或土地及建物分件登記案件；,RPPNMLSKQHKGFFA58DA,33.78,1.65,2.54,有,,1.0
內湖區,房地(土地+建物),大湖山莊街２１９巷３３號,249.0,住,,,1140324,土地1建物1車位0,全,五層,透天厝,住家用,770914.0,577.15,8,3,5,有,無,76500000,132548.0,,0.0,0,,RPSOMLKLQHKGFCA97DA,304.71,246.74,25.7,有,,37.0
南港區,房地(土地+建物),重陽路１２５巷３６弄１０號二樓之７,19.1,住,,,1140324,土地1建物1車位0,二層,八層,華廈(10層含以下有電梯),住家用,961008.0,80.52000000000001,3,2,1,有,有,18500000,229757.0,,0.0,0,陽台外推；其他增建；,RPROMLNKQHKGFDA18DA,44.67,0.0,6.35,有,,17.0
內湖區,房地(土地+建物)+車位,康寧路三段７５巷２７０號,68.25,住,,,1140322,土地1建物1車位1,一層，地下一層,十層,華廈(10層含以下有電梯),住家用,850802.0,164.28,3,3,3,有,有,30750000,187180.0,坡道平面,0.0,0,其他增建；,RPROMLPKQHKGFCA28DA,114.5,5.6,0.0,有,,29.0
文山區,房地(土地+建物)+車位,景華街１９８號十五樓,32.05,住,,,1140303,土地1建物1車位2,十五層,十七層,住宅大樓(11層含以上有電梯),住家用,1050930.0,306.75,4,2,2,有,有,69800000,227547.0,坡道平面,83.96,0,,RPPNMLPJRHKGFAA77DA,129.81,5.18,15.06,有,,8.0
信義區,房地(土地+建物),虎林街４０巷３１號,26.38,住,,,1140326,土地1建物1車位0,一層,五層,公寓(5樓含以下無電梯),住家用,740517.0,105.84,3,2,2,有,無,29000000,273998.0,,0.0,0,其他增建；,RPTOMLPJRHKGFDA58DA,90.49,9.58,0.0,無,,40.0
萬華區,房地(土地+建物),中華路二段６６６之６號二樓之３,11.0,住,,,1140222,土地1建物1車位0,二層,十四層,住宅大樓(11層含以上有電梯),住家用,780811.0,82.94,2,2,1,有,有,17500000,210996.0,,0.0,0,陽台外推；,RPPNMLQKNHKGFBA67DA,67.92,0.0,11.38,有,,36.0
松山區,房地(土地+建物),光復南路６巷４０號二樓之１,13.12,住,,,1140220,土地1建物1車位0,二層，陽臺,四層,公寓(5樓含以下無電梯),住家用,600701.0,38.95,1,1,1,有,無,7000000,179718.0,,0.0,0,,RPQNMLSLMHKGFDA18DA,38.95,0.0,0.0,無,,54.0
大安區,房地(土地+建物),雲和街２號二樓,36.53,住,,,1140220,土地2建物1車位0,二層，陽臺,四層,公寓(5樓含以下無電梯),住家用,,113.48,5,0,4,有,無,29000000,255552.0,,0.0,0,,RPRNMLMLNHKGFFA97DA,113.48,0.0,0.0,無,,
內湖區,房地(土地+建物),康樂街１３６巷２９弄５１號四樓,28.05,住,,,1140213,土地1建物1車位0,四層,五層,公寓(5樓含以下無電梯),住家用,750616.0,107.55,3,2,2,有,無,13000000,120874.0,,0.0,0,陽台外推；其他增建；,RPTOMLRLKHKGFCA18DA,88.55,0.0,8.92,無,,39.0
內湖區,房地(土地+建物),成功路四段３２３巷１０號四樓,29.23,住,,,1140208,土地1建物1車位0,四層,五層,公寓(5樓含以下無電梯),住家用,701215.0,103.82,3,2,2,有,無,19600000,188788.0,,0.0,0,陽台外推；,RPTOMLTLNHKGFCA68DA,91.21,0.0,12.61,無,,43.0
松山區,房地(土地+建物),健康路５８巷２號三樓,30.28,住,,,1140227,土地1建物1車位0,三層,七層,華廈(10層含以下有電梯),住家用,741105.0,149.77999999999997,3,2,2,有,有,44500000,297102.0,,0.0,0,其他增建；,RPVNMLSLNHKGFDA78DA,116.42,0.0,23.75,有,,39.0
南港區,房地(土地+建物),東新街１１８巷５７號七樓,18.27,住,,,1140216,土地3建物1車位0,七層,十一層,住宅大樓(11層含以上有電梯),住家用,1010314.0,89.38,2,2,2,有,有,28280000,316402.0,,0.0,0,其他增建；,RPSNMLTKNHKGFDA48DA,58.66,0.0,10.23,有,1897.0,13.0
中正區,房地(土地+建物),中華路二段４４７號五樓之２,21.58,住,,,1140216,土地1建物1車位0,五層,七層,華廈(10層含以下有電梯),住家用,700411.0,124.25,2,2,2,有,有,23300000,187525.0,,0.0,0,陽台外推；其他增建；,RPQNMLQJNHKGFAA57DA,85.65,0.0,16.05,有,,44.0
內湖區,房地(土地+建物),康寧路三段９９巷１７弄１０號三樓,25.75,住,,,1140213,土地2建物1車位0,三層,五層,公寓(5樓含以下無電梯),住家用,731026.0,94.45,3,2,2,有,無,18360000,194389.0,,0.0,0,陽台外推；其他增建；,RPWOMLQJOHKGFCA58DA,76.91,0.0,10.44,無,,40.0
內湖區,房地(土地+建物)+車位,港墘路２６巷５號十一樓,29.58,住,,,1140218,土地1建物1車位1,十一層,十四層,住宅大樓(11層含以上有電梯),住家用,840401.0,148.07999999999998,3,2,2,有,有,34800000,274914.0,坡道平面,31.68,2800000,其他增建；,RPPNMLNKOHKGFCA57DA,93.25,1.13,10.26,有,,30.0
南港區,房地(土地+建物),成福路１７１巷２２弄１號五樓,47.19,住,,,1140228,土地1建物1車位0,五層,五層,公寓(5樓含以下無電梯),住家用,751216.0,139.26999999999998,4,3,2,有,無,23350000,167660.0,,0.0,0,陽台外推；頂樓加蓋；,RPOOMLLKNHKGFDA37DA,105.13,10.53,11.19,無,,38.0
中山區,房地(土地+建物),通北街７７號二樓,37.77,住,,,1140218,土地1建物1車位0,二層,九層,華廈(10層含以下有電梯),住家用,831003.0,149.26999999999998,3,2,2,有,有,26500000,177531.0,,0.0,0,其他增建；,RPTNMLTJNHKGFCA38DA,101.91,0.0,12.94,有,,30.0
中山區,房地(土地+建物),北安路５８１號五樓,23.44,住,,,1140207,土地1建物1車位0,五層,五層,公寓(5樓含以下無電梯),住家用,680428.0,72.83,3,2,1,有,無,16250000,223122.0,,0.0,0,其他增建；,RPRNMLQKOHKGFCA08DA,72.83,0.0,0.0,無,,46.0
大安區,房地(土地+建物),潮州街６０巷９號三樓,52.25,住,,,1140221,土地2建物1車位0,三層,四層,公寓(5樓含以下無電梯),住家用,641107.0,126.28,4,2,2,有,無,34800000,275578.0,,0.0,0,,RPPNMLNKOHKGFFA87DA,115.16,0.0,11.12,無,,49.0
大安區,房地(土地+建物),忠孝東路四段２１６巷３３弄９號五樓,29.6,住,,,1140227,土地1建物1車位0,五層，陽臺,七層,華廈(10層含以下有電梯),住家用,660114.0,137.31,3,2,2,有,有,37800000,275289.0,,0.0,0,,RPQNMLKLLHKGFFA57EA,123.45,0.0,0.0,有,,48.0
文山區,房地(土地+建物)+車位,辛亥路四段２０９巷３８號五樓,16.31,住,,,1140211,土地1建物1車位1,五層,二十六層,住宅大樓(11層含以上有電梯),住家用,1090430.0,146.34,3,2,2,有,有,41490000,341573.0,坡道平面,33.07,2800000,,RPVNMLMKKHKGFAA47DA,65.79,5.55,6.53,有,1899.0,5.0
內湖區,房地(土地+建物),文德路２２巷１２６號三樓,38.38,住,,,1140214,土地1建物1車位0,三層,七層,華廈(10層含以下有電梯),住家用,730131.0,140.89,3,2,2,有,有,26700000,189510.0,,0.0,0,其他增建；,RPVOMLNKOHKGFCA28DA,92.34,0.0,18.44,有,1900.0,41.0
大安區,房地(土地+建物),敦化南路二段２００巷１４弄８號四樓,37.07,住,,,1140216,土地1建物1車位0,四層,五層,公寓(5樓含以下無電梯),住家用,690520.0,133.79,4,2,2,有,無,31200000,233201.0,,0.0,0,陽台外推；其他增建；,RPXRMLMJOHKGFFA88DA,116.01,0.0,17.78,無,,45.0
信義區,房地(土地+建物),嘉興街３０５巷３號四樓,21.75,住,,,1140220,土地1建物1車位0,四層,四層,公寓(5樓含以下無電梯),住家用,570916.0,71.06,3,2,1,有,無,16500000,232198.0,,0.0,0,其他增建；,RPSNMLNLOHKGFDA08DA,47.18,0.0,23.88,無,1902.0,56.0
信義區,房地(土地+建物)+車位,忠孝東路五段３７２巷２９弄３１號五樓,30.13,住,,,1140209,土地1建物1車位1,五層,七層,華廈(10層含以下有電梯),住家用,710608.0,147.16,3,2,2,有,無,33500000,296433.0,坡道平面,44.27,3000000,陽台外推；其他增建；,RPXNMLTKNHKGFDA98DA,119.3,1.71,6.27,有,,43.0
北投區,房地(土地+建物),榮華三路２７號一樓,85.06,住,,,1140219,土地1建物1車位0,一層，平台,四層,華廈(10層含以下有電梯),住家用,650225.0,196.46,4,2,2,有,有,52500000,267230.0,,0.0,0,其他增建；,RPUNMLKMMHKGFEA97DA,196.46,0.0,0.0,有,,49.0
大安區,房地(土地+建物),仁愛路四段３００巷１１號五樓之４,7.59,住,,,1140222,土地1建物1車位0,五層,七層,華廈(10層含以下有電梯),住家用,721128.0,50.879999999999995,1,2,1,有,有,16260000,319575.0,,0.0,0,陽台外推；其他增建；,RPTNMLMLNHKGFFA18DA,35.54,0.0,7.19,有,,41.0
士林區,房地(土地+建物)+車位,中山北路六段４４１巷３０號十三樓之１,43.45,住,,,1140213,土地1建物1車位2,十三層,十七層,住宅大樓(11層含以上有電梯),住家用,1130306.0,305.06,0,0,0,無,有,105080000,417664.0,坡道平面,70.22,7000000,毛胚屋；,RPVNMLQKOHKGFEA68DA,131.34,7.1,14.35,有,,1.0
士林區,房地(土地+建物)+車位,中山北路六段４４１巷３０號十三樓之２,43.45,住,,,1140213,土地1建物1車位2,十三層,十七層,住宅大樓(11層含以上有電梯),住家用,1130306.0,305.06,0,0,0,無,有,103800000,412213.0,坡道平面,70.22,7000000,毛胚屋；,SPVNMLQKOHKGFEA78DA,131.34,7.1,14.35,有,,1.0
大安區,房地(土地+建物)+車位,新生南路一段１４５號九樓,13.61,住,,,1140224,土地1建物1車位1,九層,十二層,住宅大樓(11層含以上有電梯),住家用,1100325.0,105.5,2,2,2,有,有,48000000,454976.0,塔式車位,0.0,0,,RPQNMLTJOHKGFFA48DA,50.62,4.32,3.06,有,1904.0,4.0
南港區,房地(土地+建物),成福路２０７巷１２號五樓,24.72,住,,,1140222,土地1建物1車位0,五層,五層,公寓(5樓含以下無電梯),住家用,671104.0,95.5,3,2,2,有,無,17680000,185131.0,,0.0,0,其他增建；,RPXOMLKLNHKGFDA28DA,81.81,0.0,13.69,無,,46.0
內湖區,房地(土地+建物),康寧路三段１６５巷２５弄１９號五樓,21.34,住,,,1140222,土地1建物1車位0,五層,五層,公寓(5樓含以下無電梯),住家用,731218.0,79.62,3,3,2,有,無,16700000,209746.0,,0.0,0,陽台外推；頂樓加蓋；其他增建；,RPTNMLRLNHKGFCA38DA,63.74,0.0,8.73,無,1908.0,40.0
北投區,房地(土地+建物),大同街２０４巷１１號二樓,36.0,住,,,1140215,土地1建物1車位0,二層,四層,公寓(5樓含以下無電梯),住家用,671027.0,113.38,3,2,2,有,無,17500000,154348.0,,0.0,0,陽台外推；,RPSNMLOJPHKGFEA18DA,97.01,0.0,16.37,無,,46.0
中正區,房地(土地+建物),汀州路二段２４５巷７號,92.0,住,,,1140215,土地2建物1車位0,全,三層,透天厝,住家用,,139.7,5,2,2,有,無,35000000,250537.0,,0.0,0,增建頂樓平台、前陽台、後陽台、平台其他增建；,RPXNMLMJPHKGFAA08DA,139.7,0.0,0.0,無,,
中山區,房地(土地+建物),龍江路２７１巷５號七樓,31.56,住,,,1140223,土地2建物1車位0,七層,七層,華廈(10層含以下有電梯),住家用,721017.0,136.6,4,2,2,有,無,36600000,267936.0,,0.0,0,頂樓加蓋；,RPUNMLOJPHKGFCA18DA,115.47,12.05,2.11,有,1909.0,41.0
內湖區,房地(土地+建物)+車位,內湖路三段６０巷２９號十五樓,25.3,住,,,1140224,土地1建物1車位1,十五層,十九層,住宅大樓(11層含以上有電梯),住家用,1060407.0,190.51,2,2,2,有,有,52000000,305862.0,坡道平面,29.99,2900000,,RPSOMLQKOHKGFCA28DA,93.5,9.95,5.42,有,1911.0,8.0
北投區,房地(土地+建物)+車位,中央北路三段４０巷３４弄２３號,20.74,住,,,1140209,土地1建物1車位1,一層,七層,華廈(10層含以下有電梯),住家用,990817.0,114.12,3,2,2,有,有,20100000,176130.0,升降機械,0.0,1500000,陽台外推；其他增建；,RPWOMLLJPHKGFEA38DA,60.17,0.0,5.32,有,,14.0
中山區,房地(土地+建物)+車位,明水路４５７號二樓,34.18,住,,,1140221,土地1建物1車位1,二層,十五層,住宅大樓(11層含以上有電梯),住家用,841004.0,194.06,4,2,2,有,有,44300000,228280.0,坡道平面,0.0,0,鐵鋁窗增建其他增建；,RPPNMLOKPHKGFCA87EA,113.6,4.18,13.22,有,,29.0
文山區,房地(土地+建物),福興路４巷１５弄１３號三樓,32.63,住,,,1140208,土地2建物1車位0,三層,四層,公寓(5樓含以下無電梯),住家用,680516.0,87.47,2,2,2,有,無,13000000,148622.0,,0.0,0,陽台外推；,RPTNMLOKPHKGFAA97DA,74.27,0.0,13.2,無,1914.0,46.0
萬華區,房地(土地+建物),中華路二段５０４巷６號十樓,16.78,住,,,1140210,土地1建物1車位0,十層,十二層,住宅大樓(11層含以上有電梯),住家用,680403.0,59.84,2,1,1,有,有,14000000,233957.0,,0.0,0,其他增建；,RPVNMLLLNHKGFBA87DA,52.57,0.0,7.27,有,,46.0
北投區,房地(土地+建物)+車位,三合街一段１１７巷５９號二樓,24.7,住,,,1140223,土地1建物2車位1,二層,九層,華廈(10層含以下有電梯),住家用,1060726.0,159.56,2,2,2,有,有,36680000,279159.0,坡道平面,39.27,3100000,其他增建；,RPXOMLLJPHKGFEA48DA,69.69,4.28,5.13,有,1915.0,8.0
中正區,房地(土地+建物),汀州路三段５６號七樓之２,27.03,住,,,1140226,土地2建物1車位0,七層,七層,華廈(10層含以下有電梯),住家用,700410.0,129.34,4,2,2,有,有,32800000,253595.0,,0.0,0,頂樓加蓋；,RPXSMLLKPHKGFAA58DA,103.04,0.0,10.78,有,,44.0
大安區,房地(土地+建物)+車位,忠孝東路四段２６巷８６號九樓,23.29,住,,,1140213,土地2建物1車位1,九層,十四層,住宅大樓(11層含以上有電梯),住家用,990212.0,225.33,2,2,2,有,有,69600000,349680.0,坡道機械,33.44,2500000,,RPTNMLLKPHKGFFA18DA,116.02,0.0,13.94,有,,15.0
信義區,房地(土地+建物),吳興街２８１巷１５號四樓,28.25,住,,,1140220,土地1建物1車位0,四層，陽臺,四層,公寓(5樓含以下無電梯),住家用,610823.0,78.0,4,0,4,有,無,19280000,247179.0,,0.0,0,陽台外推；頂樓加蓋；,RPTOMLSKOHKGFDA68DA,78.0,0.0,0.0,無,,52.0
大安區,房地(土地+建物),安東街３５號六樓之５,9.73,住,,,1140215,土地1建物1車位0,六層,十三層,住宅大樓(11層含以上有電梯),住家用,1130704.0,62.11,2,1,1,有,有,29800000,479794.0,,0.0,0,預售屋、或土地及建物分件登記案件；,RPOPMLTLPHKGFFA78DA,33.78,1.65,2.54,有,,1.0
中正區,房地(土地+建物),寧波東街１８號十一樓之２,17.03,住,,,1140205,土地1建物1車位0,十一層,十二層,住宅大樓(11層含以上有電梯),住家用,741022.0,98.36,2,1,1,有,有,37800000,384303.0,,0.0,0,,RPTOMLOJQHKGFAA08DA,58.34,0.0,7.89,有,,39.0
中山區,房地(土地+建物),龍江路１５１號六樓,23.25,住,,,1140227,土地1建物1車位0,六層,七層,華廈(10層含以下有電梯),住家用,740730.0,190.5,4,2,2,有,有,45000000,236220.0,,0.0,0,陽台外推；,RPSOMLLLPHKGFCA97DA,172.44,0.0,4.98,有,,40.0
大安區,房地(土地+建物)+車位,青田街２之３號二樓,52.51,住,,,1140225,土地1建物1車位3,二層,十二層,住宅大樓(11層含以上有電梯),住家用,971016.0,392.74,5,2,2,有,有,142850000,453754.0,坡道平面,99.96,10000000,其他增建；,RPPOMLRJQHKGFFA48DA,180.79,2.14,20.45,有,,16.0
文山區,房地(土地+建物),辛亥路五段１０２之１號四樓,23.41,住,,,1140227,土地1建物1車位0,四層,七層,華廈(10層含以下有電梯),住家用,701201.0,130.81,4,2,2,有,有,23880000,182555.0,,0.0,0,陽台外推；其他增建；,RPPNMLLJOHKGFAA07DA,97.99,0.0,20.38,有,,43.0
松山區,房地(土地+建物),光復北路８５巷１９號四樓,28.0,住,,,1140224,土地1建物1車位0,四層,五層,公寓(5樓含以下無電梯),住家用,670929.0,98.27,3,2,1,有,無,23660000,240765.0,,0.0,0,其他增建；,RPQNMLNLPHKGFDA97DA,86.08,0.0,12.19,無,,46.0
中正區,建物,林森北路９巷９號四樓之２,0.0,,,,1140208,土地0建物1車位0,四層,六層,華廈(10層含以下有電梯),住家用,660106.0,36.74,1,0,1,有,有,5500000,149701.0,,0.0,0,建物坐落地號：成功段一小段240地號；,RPQNMLPKQHKGFBA08EA,32.06,0.0,4.68,有,,48.0
文山區,房地(土地+建物),興隆路三段２０７巷１５弄１０號五樓,27.89,住,,,1140213,土地2建物1車位0,五層,五層,公寓(5樓含以下無電梯),住家用,710225.0,114.61,5,0,5,有,無,13400000,116918.0,,0.0,0,陽台外推；頂樓加蓋；,RPRNMLRLQHKGFAA28DA,84.96,0.0,19.6,無,1918.0,43.0
士林區,房地(土地+建物)+車位,中山北路六段４４１巷３０號三樓之１,42.82,住,,,1140121,土地1建物1車位2,三層,十七層,住宅大樓(11層含以上有電梯),住家用,1130306.0,301.54,0,0,0,無,有,89580000,356933.0,坡道平面,70.18,7000000,毛胚屋；,RPTOMLMJOHKGFEA08DA,131.46,7.1,11.93,有,,1.0
士林區,房地(土地+建物)+車位,中山北路六段４４１巷３０號三樓之２,42.82,住,,,1140121,土地1建物1車位2,三層,十七層,住宅大樓(11層含以上有電梯),住家用,1130306.0,301.54,0,0,0,無,有,89580000,356933.0,坡道平面,70.18,7000000,毛胚屋；,RPUOMLMJOHKGFEA18DA,131.46,7.1,11.93,有,,1.0
文山區,房地(土地+建物),景興路１５３巷１７號三樓之２,4.62,住,,,1140108,土地1建物1車位0,三層,十二層,住宅大樓(11層含以上有電梯),住家用,830317.0,27.95,1,1,1,有,有,7500000,268336.0,,0.0,0,陽台外推；其他增建；,RPUNMLNJLHKGFAA47DA,16.35,0.45,3.79,有,1919.0,31.0
內湖區,房地(土地+建物),安康路３５４號四樓,51.9,住,,,1140112,土地1建物1車位0,四層,五層,華廈(10層含以下有電梯),住家用,860707.0,151.5,3,2,2,有,有,28000000,184818.0,,0.0,0,其他增建；,RPPOMLLKOHKGFCA47DA,111.68,3.0,14.63,有,,28.0
南港區,房地(土地+建物)+車位,惠民街７５號,56.84,住,,,1140121,土地1建物1車位1,一層，夾層,九層,華廈(10層含以下有電梯),住家用,990714.0,304.73,6,2,3,有,有,71500000,234634.0,坡道平面,0.0,0,其他增建；,RPSOMLKKOHKGFDA77DA,144.85,7.57,9.44,有,1920.0,15.0
北投區,房地(土地+建物),尊賢街２３９巷２６弄２號,63.25,住,,,1140114,土地1建物1車位0,四層,四層,公寓(5樓含以下無電梯),住家用,620119.0,90.24,3,2,1,有,無,13970000,154809.0,,0.0,0,頂樓加蓋；,RPSNMLSLNHKGFEA58DA,90.24,0.0,0.0,無,,52.0
中正區,房地(土地+建物),金門街４４巷６弄３號七樓,13.41,住,,,1140109,土地1建物1車位0,七層,七層,華廈(10層含以下有電梯),住家用,1080129.0,51.06,1,1,1,有,有,16680000,326675.0,,0.0,0,陽台外推；其他增建；,RPUOMLMJOHKGFAA77DA,23.21,2.43,6.56,有,1922.0,6.0
大安區,房地(土地+建物)+車位,安和路二段１９７號四樓,22.69,住,,,1140109,土地3建物1車位1,四層,十七層,住宅大樓(11層含以上有電梯),住家用,800105.0,256.90999999999997,4,2,3,有,有,68280000,301572.0,坡道平面,43.75,4000000,其他增建；,RPTNMLQKMHKGFFA38DA,148.65,6.11,18.49,有,,34.0
大安區,房地(土地+建物),通化街２２５之５號,40.75,住,,,1140120,土地1建物1車位0,三層,四層,公寓(5樓含以下無電梯),住家用,570723.0,99.65,3,2,1,有,無,21380000,214551.0,,0.0,0,其他增建；,RPUNMLKKOHKGFFA08DA,90.66,0.0,8.99,無,,56.0
士林區,房地(土地+建物)+車位,中山北路七段８１巷１６弄１８號七樓,31.92,住,,,1140119,土地1建物1車位1,七層,十二層,住宅大樓(11層含以上有電梯),住家用,1131220.0,201.39,4,2,2,有,有,51990000,301366.0,坡道平面,38.83,3000000,,RPOOMLLKOHKGFEA57DA,98.36,0.0,11.03,有,,
內湖區,房地(土地+建物),內湖路一段３２３巷３弄４號三樓,18.4,住,,,1140119,土地1建物1車位0,三層,五層,公寓(5樓含以下無電梯),住家用,740703.0,79.94,4,0,4,有,無,18300000,228922.0,,0.0,0,陽台外推；其他增建；,RPQNMLTKNHKGFCA18DA,72.5,0.0,7.44,無,,40.0
北投區,房地(土地+建物)+車位,公路１６７巷５號三樓,145.44,住,,,1140117,土地3建物1車位1,三層,十一層,住宅大樓(11層含以上有電梯),住家用,851104.0,278.21999999999997,6,2,2,有,有,37600000,148160.0,坡道平面,37.94,2000000,,RPPOMLTKOHKGFEA48DA,179.14,3.35,15.88,有,1923.0,28.0
中正區,房地(土地+建物)+車位,重慶南路三段３７號十四樓,44.16,住,,,1140113,土地2建物1車位2,十四層,二十一層,住宅大樓(11層含以上有電梯),住家用,1100915.0,290.39,3,2,2,有,有,100180000,442254.0,坡道平面,78.34,6400000,,RPTOMLMJOHKGFAA67DA,117.26,8.12,11.44,有,,3.0
大安區,房地(土地+建物)+車位,仁愛路四段１０１號八樓之１,17.28,住,,,1140111,土地2建物1車位1,八層,十五層,住宅大樓(11層含以上有電梯),住家用,670907.0,204.57,0,0,0,無,有,60000000,362061.0,坡道平面,49.89,4000000,陽台外推；,RPSNMLLKOHKGFFA97DA,120.88,0.0,9.85,有,,46.0
大安區,房地(土地+建物),仁愛路四段１０１號八樓之２,11.68,住,,,1140111,土地1建物1車位0,八層,十五層,住宅大樓(11層含以上有電梯),住家用,670907.0,148.94,0,0,0,無,有,47000000,315563.0,,0.0,0,陽台外推；,RPTNMLLKOHKGFFA08DA,110.79,0.0,15.62,有,,46.0
中正區,房地(土地+建物),愛國東路１１６巷２３弄１號九樓之３,17.39,住,,,1140123,土地1建物1車位0,九層,十二層,住宅大樓(11層含以上有電梯),住家用,741022.0,98.86,2,2,1,有,有,38000000,384382.0,,0.0,0,本案係土地法第34條之1買賣登記案件,RPPNMLSKNHKGFAA77DA,58.94,0.0,7.79,有,,39.0
大安區,房地(土地+建物),和平東路二段７６巷１７弄５之１號,34.5,住,,,1140119,土地1建物1車位0,二層,四層,公寓(5樓含以下無電梯),住家用,581106.0,102.37,3,2,1,有,無,29300000,286217.0,,0.0,0,陽台外推；其他增建；,RPUPMLNJOHKGFFA48DA,83.87,0.0,18.5,無,,55.0
大安區,房地(土地+建物),和平東路三段４３４巷１號二樓,36.86,住,,,1140119,土地1建物1車位0,二層,五層,公寓(5樓含以下無電梯),住家用,750609.0,135.20999999999998,4,2,2,有,無,24000000,177502.0,,0.0,0,具重建或重劃、都更等效益；,RPSNMLTJOHKGFFA68DA,110.64,0.0,12.46,無,,39.0
中正區,房地(土地+建物)+車位,水源路３７之２號二樓之２,21.66,住,,,1140117,土地1建物1車位1,二層,十三層,住宅大樓(11層含以上有電梯),住家用,1070223.0,211.2,4,2,2,有,有,40000000,209333.0,坡道平面,32.06,2500000,交易總價4000萬元整含車位價格250萬元整。土地價格:31233300元整、建物價格:8766700元整。,RPXNMLKMOHKGFAA08DA,98.8,9.13,12.12,有,,7.0
文山區,房地(土地+建物)+車位,木新路二段１６１巷２０號四樓,18.74,住,,,1140101,土地1建物1車位1,四層,七層,華廈(10層含以下有電梯),住家用,850126.0,75.71,2,3,1,有,有,18000000,237749.0,升降機械,0.0,0,陽台外推；夾層；其他增建；,RPWNMLMJPHKGFAA97DA,39.07,2.64,5.51,有,,29.0
大安區,房地(土地+建物)+車位,安東街３５號四樓之３,10.98,住,,,1140107,土地1建物1車位1,四層,十三層,住宅大樓(11層含以上有電梯),住家用,1130704.0,88.53999999999999,2,1,1,有,有,33780000,468315.0,坡道平面,24.63,3850000,預售屋、或土地及建物分件登記案件；,RPUNMLNJPHKGFFA38DA,33.78,2.78,2.54,有,,1.0
大安區,房地(土地+建物),安東街３５號四樓之２,9.82,住,,,1140107,土地1建物1車位0,四層,十三層,住宅大樓(11層含以上有電梯),住家用,1130704.0,62.11,2,1,1,有,有,28720000,462405.0,,0.0,0,預售屋、或土地及建物分件登記案件；,RPVNMLNJPHKGFFA48DA,33.78,1.65,2.54,有,,1.0
中正區,房地(土地+建物),汀州路二段１３３巷２號四樓,19.57,住,,,1140112,土地1建物1車位0,四層,七層,華廈(10層含以下有電梯),住家用,690930.0,98.77,4,2,2,有,無,23680000,239749.0,,0.0,0,陽台外推；其他增建；,RPPNMLLKPHKGFAA27DA,66.23,0.0,23.31,有,1927.0,44.0
北投區,房地(土地+建物),文林北路２５４號五樓,22.88,住,,,1140115,土地1建物1車位0,五層,十二層,住宅大樓(11層含以上有電梯),住家用,740404.0,155.06,4,2,2,有,有,28500000,183800.0,,0.0,0,陽台外推；其他增建；,RPTQMLLLPHKGFEA48DA,115.82,0.0,15.66,有,,40.0
南港區,房地(土地+建物)+車位,向陽路２５８巷２１號十三樓,26.46,住,,,1140119,土地1建物1車位1,十三層,十五層,住宅大樓(11層含以上有電梯),住家用,950803.0,136.27999999999997,2,2,1,有,有,30080000,275091.0,坡道平面,37.84,3000000,,RPSNMLOKPHKGFDA18DA,61.97,3.24,6.0,有,,18.0
松山區,房地(土地+建物),敦化北路１６５巷９號二樓,53.96,住,,,1140118,土地1建物1車位0,二層,六層,華廈(10層含以下有電梯),住家用,800307.0,156.53,4,2,2,有,有,44200000,282374.0,,0.0,0,,RPQSMLPKQHKGFDA68DA,115.87,0.0,13.57,有,1931.0,34.0
內湖區,房地(土地+建物),康寧路三段１９０巷３５號十二樓,15.79,住,,,1131229,土地1建物1車位0,十二層,十二層,住宅大樓(11層含以上有電梯),住家用,970103.0,79.53,2,2,2,有,有,24150000,303659.0,,0.0,0,其他增建；,RPSNMLMKOHKGFCA87EA,40.11,13.35,0.0,有,1934.0,17.0
士林區,房地(土地+建物),中山北路七段１４巷５０弄２３號四樓,36.33,住,,,1131221,土地1建物1車位0,四層,五層,公寓(5樓含以下無電梯),住家用,750327.0,122.21,3,2,2,有,無,21580000,176581.0,,0.0,0,鐵窗增建其他增建；,RPQNMLQKOHKGFEA28EA,98.6,0.0,18.07,無,1936.0,39.0
大安區,房地(土地+建物),瑞安街２５８號三樓之１,22.4,住,,,1131224,土地1建物1車位0,三層,五層,公寓(5樓含以下無電梯),住家用,660719.0,81.03,3,2,1,有,無,22880000,282365.0,,0.0,0,陽台外推；其他增建；,RPVNMLNLNHKGFFA48DA,67.89,0.0,13.14,無,,47.0
信義區,房地(土地+建物),富陽街６０號二樓,36.25,住,,,1131206,土地1建物1車位0,二層,四層,公寓(5樓含以下無電梯),住家用,580626.0,94.72,3,2,2,有,無,18000000,190034.0,,0.0,0,增建項目：鐵鋁窗增建陽台外推；其他增建；,RPRNMLQKNHKGFDA08DA,82.89,0.0,11.83,無,,55.0
中正區,房地(土地+建物)+車位,水源路４９號十三樓之１,29.09,住,,,1131230,土地1建物1車位1,十三層,十三層,住宅大樓(11層含以上有電梯),住家用,911202.0,160.51,3,2,2,有,有,31880000,198617.0,坡道平面,41.71,0,其他增建；,RPOOMLRLNHKGFAA77DA,80.2,0.0,8.78,有,,22.0
文山區,房地(土地+建物),汀州路四段１０５巷３０號,195.0,住,,,1131213,土地2建物1車位0,全,一層,透天厝,住家用,4501.0,116.16,9,4,6,有,無,58000000,499311.0,,0.0,0,頂樓加蓋；,RPPNMLNKNHKGFAA37EA,116.16,0.0,0.0,無,,69.0
士林區,建物,中山北路七段２３２巷１９弄２１號,0.0,,,,1131215,土地0建物1車位0,全,二層,透天厝,住家用,531201.0,225.81,6,4,3,有,無,15000000,66428.0,,0.0,0,其他增建：壹樓空地增建。僅有建物交易。；建物坐落地號：天玉段一小段415地號；其他增建；,RPQNMLRKKIJGFEA87DA,225.81,0.0,0.0,無,,60.0
文山區,房地(土地+建物),保儀路１０９巷２３弄１９號,27.38,住,,,1131210,土地2建物1車位0,一層,四層,公寓(5樓含以下無電梯),住家用,,86.32,5,1,5,有,無,15200000,176089.0,,0.0,0,其他增建；,RPQNMLSKPHKGFAA08DA,86.32,0.0,0.0,無,,
士林區,房地(土地+建物)+車位,後港街１３４巷６號十四樓,32.68,住,,,1131230,土地1建物1車位2,十四層,二十二層,住宅大樓(11層含以上有電梯),住家用,1130530.0,279.93,3,2,2,有,有,68800000,245776.0,坡道平面,75.84,0,,RPRNMLOLPHKGFEA28DA,110.04,10.75,14.04,有,,1.0
大安區,房地(土地+建物),復興南路二段１５１巷３０弄１號十三樓,19.94,住,,,1131206,土地1建物1車位0,十三層,十九層,住宅大樓(11層含以上有電梯),住家用,740522.0,103.03,2,2,1,有,有,28580000,277395.0,,0.0,0,其他增建；,RPRNMLPKPHKGFFA38DA,75.58,1.26,7.07,有,,40.0
文山區,房地(土地+建物)+車位,辛亥路四段２１巷１０號五樓之１,52.05,住,,,1131208,土地4建物1車位1,五層,十七層,住宅大樓(11層含以上有電梯),住家用,840801.0,152.85,2,2,1,有,有,24500000,160288.0,坡道平面,0.0,2000000,車位面積無法概算陽台外推；其他增建；,RPWNMLRKPHKGFAA58DA,87.45,2.03,8.46,有,,29.0
北投區,房地(土地+建物)+車位,三合街一段４６號二樓,28.95,住,,,1131218,土地1建物1車位1,二層,七層,華廈(10層含以下有電梯),住家用,1140428.0,119.45,2,2,1,有,有,30070000,266221.0,升降機械,13.26,1800000,預售屋、或土地及建物分件登記案件；,RPSNMLKMPHKGFEA08DA,62.61,0.0,7.64,有,,
中正區,房地(土地+建物),信義路二段７９巷３２號六樓,16.71,住,,,1131231,土地1建物1車位0,六層,十層,華廈(10層含以下有電梯),住家用,1140320.0,83.7,2,1,1,有,無,40000000,477897.0,,0.0,0,預售屋、或土地及建物分件登記案件；,RPROMLOKQHKGFBA08DA,46.98,0.0,5.2,有,,
士林區,房地(土地+建物)+車位,天母北路５６號二十三樓之１,9.65,住,,,1131120,土地1建物1車位1,二十三層,二十四層,住宅大樓(11層含以上有電梯),住家用,1090703.0,117.95,1,1,1,有,有,29240000,333375.0,坡道平面,38.79,2850000,,RPUOMLPJOHKGFEA48DA,45.95,2.52,3.2,有,,4.0
信義區,房地(土地+建物),吳興街６００巷１１４號五樓,29.12,住,,,1131119,土地1建物1車位0,五層,十一層,住宅大樓(11層含以上有電梯),住家用,810806.0,150.08,4,1,3,有,有,24000000,159915.0,,0.0,0,陽台外推；,RPQNMLNJOHKGFDA67DA,115.75,0.0,15.77,有,,32.0
文山區,房地(土地+建物),興隆路二段３０１巷６之４號四樓,36.2,住,,,1131102,土地1建物1車位0,四層,七層,華廈(10層含以下有電梯),住家用,770722.0,134.10000000000002,3,2,2,有,有,26880000,200447.0,,0.0,0,陽台外推；其他增建；,RPRNMLMKNHKGFAA37DA,88.58,2.56,10.29,有,1942.0,36.0
文山區,房地(土地+建物),秀明路一段７９巷５弄１９號七樓之２,17.67,住,,,1131109,土地1建物1車位0,七層,七層,華廈(10層含以下有電梯),住家用,881230.0,66.96000000000001,3,1,1,有,有,13700000,204600.0,,0.0,0,陽台外推；其他增建；,RPQNMLTJOHKGFAA97DA,45.1,0.0,5.69,有,1944.0,25.0
中正區,房地(土地+建物)+車位,重慶南路三段３５號八樓,48.0,住,,,1131122,土地2建物1車位1,八層,二十一層,住宅大樓(11層含以上有電梯),住家用,1100915.0,272.59000000000003,3,2,2,有,有,100580000,417188.0,坡道平面,39.17,3200000,,RPROMLKLOHKGFAA47DA,126.43,10.64,13.55,有,,3.0
大安區,房地(土地+建物),安東街３５號三樓之５,9.73,住,,,1131121,土地1建物1車位0,三層,十三層,住宅大樓(11層含以上有電梯),住家用,1130704.0,62.11,2,1,1,有,有,28900000,465303.0,,0.0,0,預售屋、或土地及建物分件登記案件；,RPXNMLOKPHKGFFA88DA,33.78,1.65,2.54,有,,
大安區,房地(土地+建物),安東街３５號三樓之１,14.41,住,,,1131121,土地1建物1車位0,三層,十三層,住宅大樓(11層含以上有電梯),住家用,1130704.0,90.79,2,1,1,有,有,42100000,463707.0,,0.0,0,預售屋、或土地及建物分件登記案件；,RPOOMLOKPHKGFFA08DA,47.24,5.34,2.9,有,,
中正區,房地(土地+建物),羅斯福路三段２４４巷９弄１號二樓,33.0,住,,,1131116,土地1建物1車位0,二層,四層,公寓(5樓含以下無電梯),住家用,,83.36,3,2,1,有,無,21150000,253719.0,,0.0,0,其他增建；,RPSNMLKMOHKGFAA57DA,83.36,0.0,0.0,無,,
信義區,房地(土地+建物),吳興街６００巷９６弄２２號五樓,25.86,住,,,1131120,土地1建物1車位0,五層,五層,公寓(5樓含以下無電梯),住家用,761130.0,84.88,3,2,1,有,無,15000000,176720.0,,0.0,0,,RPVNMLMLPHKGFDA38DA,78.03,0.0,6.85,無,1947.0,37.0
大安區,房地(土地+建物),安東街３５號三樓之６,14.43,住,,,1131121,土地1建物1車位0,三層,十三層,住宅大樓(11層含以上有電梯),住家用,1130704.0,91.39,2,1,1,有,有,42800000,468323.0,,0.0,0,預售屋、或土地及建物分件登記案件；,RPQPMLTLPHKGFFA98DA,47.62,5.34,2.9,有,,
大同區,房地(土地+建物)+車位,民族西路３３８號十四樓,30.72,住,,,1131108,土地2建物1車位1,十四層,十五層,住宅大樓(11層含以上有電梯),住家用,1110802.0,252.6,3,2,2,有,有,61000000,263532.0,坡道平面,34.4,3500000,,RPRNMLRJQHKGFBA28EA,137.3,1.88,15.31,有,1948.0,2.0
中山區,房地(土地+建物),新生北路三段６１號二樓之４,15.14,住,,,1131129,土地4建物1車位0,二層,九層,華廈(10層含以下有電梯),住家用,650907.0,106.5,3,2,2,有,有,23850000,223944.0,,0.0,0,陽台外推；,RPOOMLRKOHKGFCA97DA,74.55,0.0,17.15,有,1949.0,48.0
士林區,房地(土地+建物),中山北路五段８５０巷２６號二樓,33.43,住,,,1131113,土地1建物1車位0,二層,五層,公寓(5樓含以下無電梯),住家用,690703.0,121.56,3,2,2,有,無,24360000,200395.0,,0.0,0,陽台外推；其他增建；,RPPOMLKLQHKGFEA87DA,102.8,0.0,11.12,無,,44.0
松山區,房地(土地+建物),三民路７４巷２號七樓之２,29.5,住,,,1131019,土地1建物1車位0,七層,七層,華廈(10層含以下有電梯),住家用,810310.0,125.8,3,2,2,有,有,37380000,297138.0,,0.0,0,,RPUOMLTLMHKGFDA78DA,83.72,0.0,7.44,有,,33.0
大安區,房地(土地+建物),臥龍街２０３巷４號四樓,25.9,住,,,1131027,土地1建物1車位0,四層,五層,公寓(5樓含以下無電梯),住家用,710702.0,97.53,3,2,2,有,無,19400000,198913.0,,0.0,0,其他增建；,RPOOMLKKKIJGFFA17DA,87.24,0.0,10.29,無,,42.0
文山區,房地(土地+建物)+車位,辛亥路七段５巷５號十一樓,41.74,住,,,1131001,土地1建物1車位2,十一層，十二層,十二層,住宅大樓(11層含以上有電梯),住家用,1021025.0,254.66,5,2,2,有,有,45000000,176706.0,坡道機械,0.0,3500000,車位面積依謄本無法概算其他增建；,RPRNMLQKOHKGFAA87DA,110.44,18.0,7.07,有,1952.0,11.0
北投區,房地(土地+建物),知行路２０２巷９號三樓,31.82,住,,,1131006,土地1建物1車位0,三層,四層,公寓(5樓含以下無電梯),住家用,690501.0,83.52,3,2,1,有,無,11500000,137692.0,,0.0,0,陽台外推；其他增建；,RPTNMLPJOHKGFEA28DA,73.29,0.0,10.23,無,,44.0
中正區,房地(土地+建物),臨沂街６９巷１７弄６號二樓,48.25,住,,,1131029,土地1建物1車位0,二層，陽臺,四層,公寓(5樓含以下無電梯),住家用,630510.0,136.99,4,2,2,有,無,34000000,248193.0,,0.0,0,陽台外推；其他增建；,RPWNMLKLOHKGFBA97DA,136.99,0.0,0.0,無,,50.0
中正區,房地(土地+建物)+車位,重慶南路三段３５號十四樓,48.92,住,,,1131016,土地2建物1車位2,十四層,二十一層,住宅大樓(11層含以上有電梯),住家用,1100915.0,313.5,3,2,2,有,有,112200000,448205.0,坡道平面,78.34,6800000,,SPTOMLMJOHKGFAA77DA,127.51,10.64,13.55,有,,3.0
內湖區,房地(土地+建物)+車位,內湖路三段３０號六樓,26.94,住,,,1131019,土地2建物1車位1,六層,十五層,住宅大樓(11層含以上有電梯),住家用,1080418.0,179.91,3,2,2,有,有,39500000,258884.0,坡道平面,38.92,3000000,,RPROMLQKOHKGFCA18DA,82.43,6.29,8.38,有,,6.0
士林區,房地(土地+建物),承德路四段２７７巷４５號,71.0,住,,,1131026,土地1建物1車位0,全,三層,透天厝,住家用,590217.0,203.6,6,3,3,有,無,39000000,191552.0,,0.0,0,急買急賣；,RPPNMLQJQHKGFEA18DA,203.6,0.0,0.0,無,,55.0
北投區,房地(土地+建物),富貴一路５巷１２號二樓,34.55,住,,,1131027,土地1建物1車位0,二層,五層,公寓(5樓含以下無電梯),住家用,691218.0,116.13,2,2,2,有,無,20880000,179799.0,,0.0,0,陽台外推；,RPSNMLNJPHKGFEA08DA,101.99,0.0,14.14,無,1956.0,44.0
大安區,房地(土地+建物)+車位,新生南路一段１６１巷１９號六樓,16.46,住,,,1131024,土地1建物1車位1,六層,六層,華廈(10層含以下有電梯),住家用,1140411.0,72.56,1,1,1,有,有,32140000,474902.0,坡道平面,11.2,3000000,不動產土地價格：新臺幣21855000元整不動產建物價格：新臺幣7285000元整車位土地價格：新臺幣2250000元整車位建物價格：新臺幣750000元整,RPRNMLTKQHKGFFA88DA,31.02,0.0,3.08,有,,
文山區,房地(土地+建物)+車位,忠順街一段４１巷１２號七樓,46.32,住,,,1131009,土地1建物1車位1,七層,八層,華廈(10層含以下有電梯),住家用,820330.0,167.33,3,2,2,有,有,29400000,175701.0,坡道平面,0.0,0,車位面積無法概算陽台外推；其他增建；,RPUSMLLKPHKGFAA28DA,125.37,1.29,14.58,有,1957.0,32.0
中正區,房地(土地+建物)+車位,重慶南路三段４１號十樓,47.43,住,,,1130910,土地2建物1車位2,十層,二十一層,住宅大樓(11層含以上有電梯),住家用,1100915.0,303.4,3,2,2,有,有,104000000,430108.0,坡道平面,78.34,7200000,,RPXNMLRKPHKGFAA68DA,122.05,10.27,14.84,有,,3.0
文山區,房地(土地+建物)+車位,景華街１９８號九樓之３,26.78,住,,,1130922,土地1建物1車位1,九層,十七層,住宅大樓(11層含以上有電梯),住家用,1050930.0,229.29,3,2,2,有,有,56660000,247111.0,坡道平面,41.98,0,,RPQNMLTLPHKGFAA28DA,110.4,4.49,11.41,有,1960.0,8.0
內湖區,房地(土地+建物)+車位,民權東路六段２８０巷２５弄６６號十一樓,41.67,住,,,1130904,土地2建物1車位2,十一層,十四層,住宅大樓(11層含以上有電梯),住家用,961224.0,292.82,3,2,2,有,有,64500000,287732.0,坡道平面,86.03,5000000,陽台外推；其他增建；,RPUNMLLMPHKGFCA18DA,129.12,7.1,11.66,有,,17.0
中山區,房地(土地+建物),五常街１１巷５號三樓之２,9.93,住,,,1130929,土地2建物1車位0,三層,十七層,住宅大樓(11層含以上有電梯),住家用,1080918.0,65.27000000000001,2,1,1,有,有,18350000,281140.0,,0.0,0,,RPRSMLSJPHKGFCA78DA,38.13,2.22,3.35,有,1961.0,5.0
中正區,房地(土地+建物)+車位,重慶南路三段３９號二樓,40.6,住,,,1130916,土地2建物1車位1,二層,二十一層,住宅大樓(11層含以上有電梯),住家用,1100915.0,235.73,3,2,2,有,有,84700000,414632.0,坡道平面,39.17,3200000,,RPPOMLQKPHKGFAA87DA,104.45,10.42,11.95,有,,3.0
南港區,房地(土地+建物),富康街４９巷９號,44.92,住,,,1130913,土地5建物1車位0,一層，平台,四層,公寓(5樓含以下無電梯),住家用,651122.0,78.38,3,1,1,有,無,20680000,263843.0,,0.0,0,其他增建；,RPQOMLLMPHKGFDA97DA,78.38,0.0,0.0,無,,48.0
中山區,房地(土地+建物),民權東路二段１１３巷１弄１１號五樓,27.0,住,,,1130806,土地1建物1車位0,五層,五層,公寓(5樓含以下無電梯),住家用,710907.0,89.51,3,2,2,有,無,15000000,167579.0,,0.0,0,頂樓加蓋；其他增建；,RPUNMLNKOHKGFCA08DA,77.22,0.0,12.29,無,,42.0
大安區,房地(土地+建物),師大路６８巷２５號二樓,5.49,住,,,1130824,土地1建物1車位0,二層,六層,華廈(10層含以下有電梯),住家用,960215.0,27.57,1,0,1,有,有,11580000,420022.0,,0.0,0,其他增建；,RPWNMLMKOHKGFFA48DA,10.97,2.93,0.0,有,1962.0,18.0
內湖區,房地(土地+建物),內湖路三段３２９巷４弄１０號三樓,22.8,住,,,1130831,土地1建物1車位0,三層,五層,公寓(5樓含以下無電梯),住家用,680504.0,80.47,3,2,1,有,無,13680000,170001.0,,0.0,0,其他增建；,RPSNMLOLOHKGFCA08DA,69.71,0.0,10.76,無,1964.0,45.0
北投區,房地(土地+建物)+車位,三合街一段４６號四樓,28.95,住,,,1130824,土地1建物1車位1,四層,七層,華廈(10層含以下有電梯),住家用,1140428.0,119.45,2,2,1,有,有,29950000,265091.0,升降機械,13.26,1800000,預售屋、或土地及建物分件登記案件；,RPRQMLTLPHKGFEA09DA,62.61,0.0,7.64,有,,
內湖區,房地(土地+建物)+車位,民權東路六段２２７號二樓,63.88,住,,,1130621,土地2建物1車位2,二層,十一層,住宅大樓(11層含以上有電梯),住家用,1001114.0,273.98,4,2,2,有,有,62280000,276929.0,坡道平面,67.14,5000000,其他增建；,RPTNMLTKRHJGFCA78DA,129.01,6.66,12.24,有,1967.0,13.0
大安區,房地(土地+建物)+車位,安東街３５號六樓之９,12.09,,,,1130605,土地1建物1車位1,六層,十三層,住宅大樓(11層含以上有電梯),住家用,1130704.0,95.4,2,1,1,有,有,36470000,461636.0,坡道平面,24.63,3800000,預售屋、或土地及建物分件登記案件；,RPOOMLNJPHKGFFA87DA,36.98,3.78,2.5,有,,
信義區,房地(土地+建物),吳興街２８１巷１１弄７號四樓,29.75,住,,,1130630,土地1建物1車位0,四層，陽臺,四層,公寓(5樓含以下無電梯),住家用,610822.0,83.9,4,1,1,有,無,19200000,228844.0,,0.0,0,頂樓加蓋；其他增建；,RPTNMLTJOHKGFDA58DA,83.9,0.0,0.0,無,,52.0
中正區,房地(土地+建物),南海路８０號五樓,23.92,住,,,1130528,土地1建物1車位0,五層,七層,華廈(10層含以下有電梯),住家用,1140208.0,97.45,2,2,1,有,無,28580000,293279.0,,0.0,0,預售屋、或土地及建物分件登記案件；,RPVNMLLLNHKGFAA77DA,49.15,4.02,3.66,有,,
北投區,房地(土地+建物)+車位,三合街一段４０號三樓,37.2,住,,,1130506,土地1建物1車位1,三層,七層,華廈(10層含以下有電梯),住家用,1140428.0,149.82999999999998,3,2,2,有,有,37670000,261917.0,升降機械,13.26,1900000,預售屋、或土地及建物分件登記案件；,RPOPMLTLPHKGFEA68DA,80.87,0.0,9.43,有,,
北投區,房地(土地+建物)+車位,三合街一段４２號二樓,30.5,住,,,1130511,土地1建物1車位1,二層,七層,華廈(10層含以下有電梯),住家用,1140428.0,125.27,2,2,1,有,有,31800000,266940.0,升降機械,13.26,1900000,預售屋、或土地及建物分件登記案件；,RPUPMLTLPHKGFEA66DA,66.27,0.0,7.81,有,,
北投區,房地(土地+建物)+車位,三合街一段４６號五樓,28.95,住,,,1130527,土地1建物1車位1,五層,七層,華廈(10層含以下有電梯),住家用,1140428.0,119.45,2,2,1,有,有,30080000,266315.0,升降機械,13.26,1800000,預售屋、或土地及建物分件登記案件；,RPRNMLKMPHKGFEA97DA,62.61,0.0,7.64,有,,
北投區,房地(土地+建物)+車位,文林北路７５巷２０號二樓,37.18,住,,,1130517,土地1建物1車位1,二層,十一層,住宅大樓(11層含以上有電梯),住家用,1140521.0,183.43,3,2,2,有,有,47770000,317697.0,坡道平面,41.88,2800000,預售屋、或土地及建物分件登記案件；,RPXPMLOKQHKGFEA09DA,83.79,0.0,11.35,有,,
大安區,房地(土地+建物)+車位,臥龍街２６８號三樓之１,18.5,住,,,1130414,土地1建物1車位1,三層,二十三層,住宅大樓(11層含以上有電梯),住家用,1130927.0,176.66,3,2,2,有,有,44000000,292993.0,坡道平面,38.09,3400000,預售屋、或土地及建物分件登記案件；,RPQPMLQKOHKGFFA48DA,79.75,5.51,7.83,有,,
北投區,房地(土地+建物)+車位,三合街一段４２號三樓,30.5,住,,,1130406,土地1建物1車位1,三層,七層,華廈(10層含以下有電梯),住家用,1140428.0,125.27,2,2,1,有,有,31000000,258905.0,升降機械,13.26,2000000,預售屋、或土地及建物分件登記案件；,RPWPMLTLPHKGFEA86DA,66.27,0.0,7.81,有,,
北投區,房地(土地+建物)+車位,三合街一段４２號四樓,30.5,住,,,1130424,土地1建物1車位1,四層,七層,華廈(10層含以下有電梯),住家用,1140428.0,125.27,2,2,1,有,有,31180000,261405.0,升降機械,13.26,1900000,預售屋、或土地及建物分件登記案件；,RPXPMLTLPHKGFEA96DA,66.27,0.0,7.81,有,,
北投區,房地(土地+建物),三合街一段４２號六樓,30.5,住,,,1130409,土地1建物1車位0,六層,七層,華廈(10層含以下有電梯),住家用,1140428.0,112.01,2,2,1,有,有,29580000,264084.0,,0.0,0,預售屋、或土地及建物分件登記案件；,RPOQMLTLPHKGFEA78DA,66.27,0.0,7.81,有,,
北投區,房地(土地+建物)+車位,三合街一段４０號五樓,37.2,住,,,1130418,土地1建物1車位1,五層,七層,華廈(10層含以下有電梯),住家用,1140428.0,176.72,3,2,2,有,有,39280000,264187.0,坡道平面,40.15,3200000,預售屋、或土地及建物分件登記案件；,RPSPMLTLPHKGFEA09DA,80.87,0.0,9.43,有,,
北投區,房地(土地+建物)+車位,三合街一段４６號三樓,28.95,住,,,1130415,土地1建物1車位1,三層,七層,華廈(10層含以下有電梯),住家用,1140428.0,119.45,2,2,1,有,有,29320000,256333.0,升降機械,13.26,2100000,預售屋、或土地及建物分件登記案件；,RPQQMLTLPHKGFEA98DA,62.61,0.0,7.64,有,,
大安區,房地(土地+建物)+車位,永康街１３巷６號五樓,40.48,住,,,1130420,土地1建物1車位1,五層,六層,華廈(10層含以下有電梯),住家用,890927.0,213.17,2,2,2,有,無,63000000,336893.0,坡道平面,38.04,4000000,陽台外推；其他增建；,RPPNMLOLPHKGFFA18DA,96.19,3.83,11.0,有,,24.0
北投區,房地(土地+建物)+車位,三合街一段４０號四樓,37.2,住,,,1130418,土地1建物1車位1,四層,七層,華廈(10層含以下有電梯),住家用,1140428.0,149.82999999999998,3,2,2,有,有,37780000,261258.0,升降機械,13.26,2100000,預售屋、或土地及建物分件登記案件；,RPVNMLSKQHKGFEA09DA,80.87,0.0,9.43,有,,
中正區,房地(土地+建物),南海路８０號七樓,24.45,住,,,1130315,土地1建物1車位0,七層,七層,華廈(10層含以下有電梯),住家用,1140208.0,99.6,2,2,1,有,無,32500000,326305.0,,0.0,0,預售屋、或土地及建物分件登記案件；,RPVNMLMJPHKGFAA87DA,49.42,3.75,4.91,有,,
中正區,房地(土地+建物)+車位,丹陽街３３號九樓,22.63,住,,,1130311,土地1建物1車位1,九層,十一層,住宅大樓(11層含以上有電梯),住家用,1140526.0,155.64999999999998,2,2,1,有,有,62990000,506741.0,坡道平面,38.45,3600000,預售屋、或土地及建物分件登記案件；,RPVOMLKMPHKGFBA18DA,69.04,0.0,5.78,有,,
北投區,房地(土地+建物)+車位,文林北路７５巷２０號四樓,37.18,住,,,1130330,土地1建物1車位1,四層,十一層,住宅大樓(11層含以上有電梯),住家用,1140521.0,183.43,3,2,2,有,有,48680000,324126.0,坡道平面,41.88,2800000,預售屋、或土地及建物分件登記案件；,RPWPMLOKQHKGFEA98DA,83.79,0.0,11.35,有,,
中正區,房地(土地+建物),信義路二段７９巷３２號五樓之１,17.22,住,,,1130227,土地1建物1車位0,五層,十層,華廈(10層含以下有電梯),住家用,1140320.0,85.99,2,1,1,有,無,39500000,459356.0,,0.0,0,預售屋、或土地及建物分件登記案件；,RPUNMLNLPHKGFBA18DA,48.16,0.0,5.35,有,,
中正區,房地(土地+建物)+車位,南海路８２號五樓,12.73,住,,,1130125,土地1建物1車位1,五層,七層,華廈(10層含以下有電梯),住家用,1140208.0,77.84,0,0,0,無,無,17080000,290727.0,升降機械,25.97,2000000,預售屋、或土地及建物分件登記案件；,RPWNMLLLNHKGFAA87DA,26.57,1.18,2.5,有,,
中正區,房地(土地+建物),南海路８２號三樓,12.73,住,,,1130131,土地1建物1車位0,三層,七層,華廈(10層含以下有電梯),住家用,1140208.0,51.870000000000005,0,0,0,無,無,15060000,290341.0,,0.0,0,預售屋、或土地及建物分件登記案件；,RPTNMLLLNHKGFAA57DA,26.57,1.18,2.5,有,,
北投區,房地(土地+建物)+車位,三合街一段４０號六樓,37.2,住,,,1130121,土地1建物1車位1,六層,七層,華廈(10層含以下有電梯),住家用,1140428.0,176.72,3,2,2,有,有,39170000,266310.0,升降平面,40.15,2800000,預售屋、或土地及建物分件登記案件；,RPTPMLTLPHKGFEA56DA,80.87,0.0,9.43,有,,
北投區,房地(土地+建物)+車位,文林北路７５巷２０號三樓,37.18,住,,,1130124,土地1建物1車位1,三層,十一層,住宅大樓(11層含以上有電梯),住家用,1140521.0,205.37,3,2,2,有,有,49170000,322665.0,坡道平面,63.83,3500000,預售屋、或土地及建物分件登記案件；,RPUOMLOKQHKGFEA68DA,83.79,0.0,11.35,有,,
南港區,房地(土地+建物)+車位,興南街１０１號十二樓,20.92,住,,,1130110,土地1建物1車位1,十二層,二十六層,住宅大樓(11層含以上有電梯),住家用,1131230.0,180.07,3,2,2,有,有,48950000,290248.0,坡道平面,23.48,3500000,114.07.22簽訂預售屋房地買賣契約書權利轉讓協議書，交易總價不變預售屋、或土地及建物分件登記案件；,RPVNMLQLQHKGFDA88DA,89.69,3.43,10.59,有,,
北投區,房地(土地+建物),文林北路７５巷１６號五樓,23.52,住,,,1130105,土地1建物1車位0,五層,十一層,住宅大樓(11層含以上有電梯),住家用,1140521.0,89.41,2,2,1,有,有,28800000,322112.0,,0.0,0,預售屋、或土地及建物分件登記案件；,RPSOMLOKQHKGFEA48DA,53.94,0.0,6.12,有,,
北投區,房地(土地+建物)+車位,文林北路７５巷１８號五樓,34.06,住,,,1121205,土地1建物1車位1,五層,十一層,住宅大樓(11層含以上有電梯),住家用,1140521.0,171.47,3,2,2,有,有,44100000,316382.0,坡道平面,41.88,3100000,預售屋、或土地及建物分件登記案件；,RPOPMLOKQHKGFEA18DA,79.93,0.0,7.15,有,,
北投區,房地(土地+建物)+車位,文林北路７５巷１８號三樓,34.06,住,,,1121221,土地1建物1車位1,三層,十一層,住宅大樓(11層含以上有電梯),住家用,1140521.0,171.47,3,2,2,有,有,43430000,313527.0,坡道平面,41.88,2800000,預售屋、或土地及建物分件登記案件；,RPRPMLOKQHKGFEA48DA,79.93,0.0,7.15,有,,
北投區,房地(土地+建物),文林北路７５巷１６號六樓,23.52,住,,,1121215,土地1建物1車位0,六層,十一層,住宅大樓(11層含以上有電梯),住家用,1140521.0,89.41,2,2,1,有,有,29100000,325467.0,,0.0,0,預售屋、或土地及建物分件登記案件；,RPOQMLOKQHKGFEA28DA,53.94,0.0,6.12,有,,
北投區,房地(土地+建物)+車位,文林北路７５巷１８號二樓,35.23,住,,,1121109,土地1建物1車位1,二層,十一層,住宅大樓(11層含以上有電梯),住家用,1140521.0,172.4,3,2,2,有,有,44250000,308582.0,坡道平面,38.4,2900000,預售屋、或土地及建物分件登記案件；,RPTPMLOKQHKGFEA68DA,79.93,0.0,10.1,有,,
中正區,房地(土地+建物)+車位,丹陽街３３號四樓,25.59,住,,,1121013,土地1建物1車位1,四層,十一層,住宅大樓(11層含以上有電梯),住家用,1140526.0,170.56,1,2,2,有,有,67680000,482023.0,坡道平面,38.45,4000000,預售屋、或土地及建物分件登記案件；,RPTOMLKMPHKGFBA97DA,78.7,0.0,5.78,有,,
中正區,房地(土地+建物)+車位,丹陽街３３號五樓,25.59,住,,,1121012,土地1建物1車位1,五層,十一層,住宅大樓(11層含以上有電梯),住家用,1140526.0,170.56,0,0,0,無,有,68300000,486716.0,坡道平面,38.45,4000000,預售屋、或土地及建物分件登記案件；,RPUOMLKMPHKGFBA08DA,78.7,0.0,5.78,有,,
北投區,房地(土地+建物),文林北路７５巷１６號三樓,23.52,住,,,1121007,土地1建物1車位0,三層,十一層,住宅大樓(11層含以上有電梯),住家用,1140521.0,89.41,2,2,1,有,有,28000000,313164.0,,0.0,0,預售屋、或土地及建物分件登記案件；,RPVPMLOKQHKGFEA88DA,53.94,0.0,6.12,有,,
南港區,房地(土地+建物)+車位,興南街９１號七樓,20.92,住,,,1120927,土地1建物1車位2,七層,二十六層,住宅大樓(11層含以上有電梯),住家用,1131230.0,200.9,3,2,2,有,有,50580000,275629.0,坡道平面,44.24,7400000,預售屋、或土地及建物分件登記案件；,RPPPMLPKPHKGFDA18DA,89.69,3.43,10.59,有,,
南港區,房地(土地+建物)+車位,興南街９１之２號二十五樓,9.89,住,,,1120926,土地1建物1車位1,二十五層,二十六層,住宅大樓(11層含以上有電梯),住家用,1131230.0,97.35,2,2,1,有,有,25780000,298903.0,坡道平面,23.48,3700000,預售屋、或土地及建物分件登記案件；,RPSNMLLMPHKGFDA08DA,43.77,1.64,3.35,有,,
北投區,房地(土地+建物)+車位,文林北路７５巷１６號九樓,23.52,住,,,1120916,土地1建物1車位1,九層,十一層,住宅大樓(11層含以上有電梯),住家用,1140521.0,131.3,2,2,1,有,有,33100000,338850.0,坡道平面,41.88,2800000,預售屋、或土地及建物分件登記案件；,RPXOMLOKQHKGFEA98DA,53.94,0.0,6.12,有,,
萬華區,房地(土地+建物)+車位,西藏路４２８巷７號十四樓之１,23.21,住,,,1120923,土地1建物1車位1,十四層,十四層,住宅大樓(11層含以上有電梯),住家用,1140516.0,167.31,3,2,2,有,有,38000000,227123.0,坡道平面,0.0,3200000,預售屋、或土地及建物分件登記案件；,RPOOMLOKQHKGFBA77DA,76.55,5.77,4.46,有,,
士林區,房地(土地+建物)+車位,天玉街２７巷２７號十樓,27.63,住,,,1120322,土地1建物1車位4,十層,十四層,住宅大樓(11層含以上有電梯),住家用,1131001.0,336.13,2,2,2,有,有,57370000,291607.0,坡道平面,175.4,10500000,預售屋、或土地及建物分件登記案件；,RPTNMLSLNHKGFEA78EA,96.86,6.78,11.17,有,,
萬華區,房地(土地+建物)+車位,西藏路４２８巷７號十四樓之２,14.99,住,,,1120323,土地1建物1車位1,十四層,十四層,住宅大樓(11層含以上有電梯),住家用,1140516.0,122.05,2,2,2,有,有,25110000,252924.0,坡道平面,34.0,2840000,預售屋、或土地及建物分件登記案件；,RPTOMLLKQHKGFBA97DA,49.71,1.87,6.26,有,,
士林區,房地(土地+建物),中山北路六段４０５巷４５弄８號二樓,28.85,住,,,1120119,土地1建物1車位0,二層,十四層,住宅大樓(11層含以上有電梯),住家用,1140429.0,202.98,4,2,2,有,有,66940000,329786.0,,0.0,0,本預售屋於113年02月01日簽訂協議書，雙方同意解除地下三層-車位編號：9號之車位購買，總價亦同扣除修正。預售屋、或土地及建物分件登記案件；,RPOOMLSKPHKGFEA38DA,122.14,0.0,13.13,有,,
萬華區,房地(土地+建物)+車位,西藏路４２８巷９號十樓之１,15.61,住,,,1111225,土地1建物1車位1,十層,十四層,住宅大樓(11層含以上有電梯),住家用,1140516.0,124.47,2,2,2,有,有,24700000,242069.0,坡道平面,34.0,2800000,預售屋、或土地及建物分件登記案件；,RPVOMLPKQHKGFBA58DA,51.87,3.07,4.0,有,,
萬華區,房地(土地+建物)+車位,西藏路４２８巷７號五樓,26.7,住,,,1110927,土地1建物1車位1,五層,十四層,住宅大樓(11層含以上有電梯),住家用,1140516.0,185.61,2,2,2,有,有,39700000,240749.0,坡道平面,34.0,3200000,114/02/19權利讓渡之契約成交價格肆仟貳佰伍拾捌萬元整預售屋、或土地及建物分件登記案件；,RPUNMLPKQHKGFBA38DA,88.33,5.23,4.37,有,,
萬華區,房地(土地+建物)+車位,西藏路４２８巷９號九樓之２,23.21,住,,,1110813,土地1建物1車位1,九層,十四層,住宅大樓(11層含以上有電梯),住家用,1140516.0,168.7,3,2,2,有,有,34230000,233333.0,坡道平面,34.0,2800000,預售屋、或土地及建物分件登記案件；,RPWNMLOKQHKGFBA48DA,77.06,6.35,4.46,有,,
大安區,房地(土地+建物),復興南路二段３０３號十三樓,16.24,,,,1110703,土地3建物1車位0,十三層,二十三層,住宅大樓(11層含以上有電梯),住家用,1140122.0,144.60000000000002,3,1,2,有,無,69880000,483264.0,,0.0,0,原買方於114.3.10讓渡予權利人，交易總價不變預售屋、或土地及建物分件登記案件；,RPVQMLMJOHKGFFA58DA,90.83,0.0,7.93,有,,
大安區,房地(土地+建物)+車位,臥龍街２６８號十三樓之３,17.31,住,,,1110707,土地1建物1車位1,十三層,二十三層,住宅大樓(11層含以上有電梯),住家用,1130927.0,167.95,2,2,2,有,有,43880000,315571.0,坡道平面,38.09,2900000,預售屋、或土地及建物分件登記案件；,RPPNMLLLPHKGFFA87DA,73.85,5.05,8.83,有,,
南港區,房地(土地+建物)+車位,興南街１０３號二十六樓,16.54,住,,,1110616,土地1建物1車位1,二十六層,二十六層,住宅大樓(11層含以上有電梯),住家用,1131230.0,147.2,3,2,2,有,有,39960000,292273.0,坡道平面,23.48,3800000,預售屋、或土地及建物分件登記案件；,RPXNMLKKOHKGFDA18DA,71.73,4.79,5.48,有,,
大安區,房地(土地+建物)+車位,信義路三段３１巷１２號四樓,16.1,住,,,1110601,土地1建物1車位1,四層,十層,華廈(10層含以下有電梯),住家用,1140305.0,117.91,1,2,1,有,無,45280000,482240.0,升降平面,31.48,3600000,預售屋、或土地及建物分件登記案件；,RPOOMLRLNHKGFFA28DA,48.94,0.0,4.39,有,,
南港區,房地(土地+建物)+車位,興南街１０１之１號二十六樓,12.83,住,,,1110616,土地1建物1車位1,二十六層,二十六層,住宅大樓(11層含以上有電梯),住家用,1131230.0,119.6,2,2,2,有,有,35630000,332189.0,坡道平面,23.48,3700000,113.07.06簽訂預售屋房地買賣契約書權利轉讓協議書，交易總價不變。預售屋、或土地及建物分件登記案件；,RPQNMLNLOHKGFDA87DA,51.24,0.0,12.33,有,,
大安區,房地(土地+建物)+車位,信義路三段３１巷１２號八樓,16.1,住,,,1110519,土地1建物1車位1,八層,十層,華廈(10層含以下有電梯),住家用,1140305.0,117.91,2,2,2,有,無,47060000,505149.0,升降平面,31.48,3400000,預售屋、或土地及建物分件登記案件；,RPTOMLRLNHKGFFA78DA,48.94,0.0,4.39,有,,
大安區,房地(土地+建物)+車位,信義路三段３１巷１２號五樓之２,10.56,住,,,1110518,土地1建物1車位1,五層,十層,華廈(10層含以下有電梯),住家用,1140305.0,88.13999999999999,1,1,1,有,無,30960000,488175.0,升降平面,31.48,3300000,114.3.24日親屬關係讓渡取得預售屋、或土地及建物分件登記案件；,RPQOMLRLNHKGFFA48DA,32.13,0.0,2.85,有,,
大安區,房地(土地+建物)+車位,復興南路二段３０１號十九樓,16.85,,,,1110513,土地3建物1車位1,十九層,二十三層,住宅大樓(11層含以上有電梯),住家用,1140122.0,185.48,3,1,2,有,無,75860000,488929.0,坡道平面,40.96,5200000,預售屋、或土地及建物分件登記案件；,RPSQMLMJOHKGFFA28DA,90.88,0.0,7.85,有,,
大安區,房地(土地+建物)+車位,復興南路二段３０３號十九樓,16.89,,,,1110513,土地3建物1車位1,十九層,二十三層,住宅大樓(11層含以上有電梯),住家用,1140122.0,185.56,3,1,2,有,無,78060000,503873.0,坡道平面,40.96,5200000,預售屋、或土地及建物分件登記案件；,RPPRMLMJOHKGFFA08DA,90.83,0.0,7.93,有,,
大安區,房地(土地+建物)+車位,復興南路二段３０３號二十樓,16.85,,,,1110501,土地3建物1車位1,二十層,二十三層,住宅大樓(11層含以上有電梯),住家用,1140122.0,178.73000000000002,3,1,2,有,無,76700000,509682.0,坡道平面,34.13,3000000,預售屋、或土地及建物分件登記案件；,RPQNMLQJOHKGFFA18DA,90.83,0.0,7.93,有,,
大安區,房地(土地+建物)+車位,信義路三段３１巷１２號五樓,16.1,住,,,1110530,土地1建物1車位1,五層,十層,華廈(10層含以下有電梯),住家用,1140305.0,117.91,2,2,2,有,無,45760000,490108.0,升降平面,31.48,3400000,預售屋、或土地及建物分件登記案件；,RPPOMLRLNHKGFFA38DA,48.94,0.0,4.39,有,,
大安區,房地(土地+建物)+車位,復興南路二段３０３號二十一樓,16.89,,,,1110512,土地3建物1車位1,二十一層,二十三層,住宅大樓(11層含以上有電梯),住家用,1140122.0,185.56,3,1,2,有,無,78560000,517704.0,坡道平面,40.96,3700000,原買方於114.3.6讓渡予權利人，交易總價不變預售屋、或土地及建物分件登記案件；,RPSRMLMJOHKGFFA38DA,90.83,0.0,7.93,有,,
大安區,房地(土地+建物)+車位,信義路三段３１巷１２號十樓之１,20.28,住,,,1110517,土地1建物1車位2,十層,十層,華廈(10層含以下有電梯),住家用,1140305.0,171.56,2,2,2,有,無,69780000,575322.0,升降平面,62.96,7300000,114.5.2日協議折讓新台幣壹佰壹拾萬元整預售屋、或土地及建物分件登記案件；,RPWOMLRLNHKGFFA09DA,62.46,0.0,4.61,有,,
士林區,房地(土地+建物)+車位,中山北路六段４０５巷４５弄８號四樓,29.21,住,,,1110521,土地1建物1車位1,四層,十四層,住宅大樓(11層含以上有電梯),住家用,1140429.0,238.08,3,2,2,有,有,69500000,322431.0,坡道平面,32.92,3350000,預售屋、或土地及建物分件登記案件；,RPPPMLSKPHKGFEA58DA,123.83,0.0,13.13,有,,
萬華區,房地(土地+建物),西藏路４２８巷７號四樓之２,23.41,住,,,1110508,土地1建物1車位0,四層,十四層,住宅大樓(11層含以上有電梯),住家用,1140516.0,134.83,3,2,2,有,有,30500000,226211.0,,0.0,0,預售屋、或土地及建物分件登記案件；,RPXNMLOKQHKGFBA58DA,77.14,6.35,4.46,有,,
大安區,房地(土地+建物)+車位,復興南路二段３０３號十七樓,16.89,,,,1110430,土地3建物1車位1,十七層,二十三層,住宅大樓(11層含以上有電梯),住家用,1140122.0,185.56,3,1,2,有,無,76450000,497580.0,坡道平面,40.96,4500000,預售屋、或土地及建物分件登記案件；,RPORMLMJOHKGFFA97DA,90.83,0.0,7.93,有,,
大安區,房地(土地+建物)+車位,臥龍街２６８號四樓之２,13.71,住,,,1110424,土地1建物1車位1,四層,二十三層,住宅大樓(11層含以上有電梯),住家用,1130927.0,136.78,2,2,2,有,有,30040000,276016.0,坡道平面,38.09,2800000,預售屋、或土地及建物分件登記案件；,RPPNMLMKOHKGFFA77DA,56.67,3.79,5.9,有,,
南港區,房地(土地+建物)+車位,興南街１０１號六樓,20.92,住,,,1110429,土地1建物1車位2,六層,二十六層,住宅大樓(11層含以上有電梯),住家用,1131230.0,203.62,3,2,2,有,有,49780000,276267.0,坡道平面,46.96,6500000,111.06.11換購車位B3-241、B3-242價款合計650萬元，原總價4968萬，加購車位後總價4978萬。預售屋、或土地及建物分件登記案件；,RPXNMLQKOHKGFDA78DA,89.69,3.43,10.59,有,,
大安區,房地(土地+建物)+車位,復興南路二段３０５號十八樓,21.48,,,,1110423,土地3建物1車位2,十八層,二十三層,住宅大樓(11層含以上有電梯),住家用,1140122.0,255.44,4,1,2,有,無,100580000,505572.0,坡道平面,75.09,9400000,原買方於113.2.6第一次讓渡予權利人1、權利人1於113.3.22第二次讓渡予權利人2，交易總價101380000預售屋、或土地及建物分件登記案件；,RPPPMLMJOHKGFFA87DA,109.25,0.0,13.92,有,,
大安區,房地(土地+建物)+車位,復興南路二段３０７號九樓,21.66,,,,1110425,土地3建物1車位2,九層,二十三層,住宅大樓(11層含以上有電梯),住家用,1140122.0,263.27,4,1,2,有,無,89500000,452164.0,坡道平面,81.92,7500000,預售屋、或土地及建物分件登記案件；,RPTNMLMJOHKGFFA08DA,112.1,0.0,11.78,有,,
萬華區,房地(土地+建物)+車位,西藏路４２８巷７號十一樓之２,23.41,住,,,1110407,土地1建物1車位1,十一層,十四層,住宅大樓(11層含以上有電梯),住家用,1140516.0,168.82999999999998,3,2,2,有,有,34340000,233924.0,坡道平面,34.0,2800000,權利讓渡契約之成交價格為參仟陸佰貳拾萬元整預售屋、或土地及建物分件登記案件；,RPVNMLNKQHKGFBA28DA,77.14,6.35,4.46,有,,
大安區,房地(土地+建物)+車位,復興南路二段３０１號二十二樓,17.5,,,,1110326,土地3建物1車位2,二十二層,二十三層,住宅大樓(11層含以上有電梯),住家用,1140122.0,226.44,3,1,2,有,無,79880000,508442.0,坡道平面,81.92,6400000,預售屋、或土地及建物分件登記案件；,RPUQMLMJOHKGFFA48DA,90.88,0.0,7.85,有,,
大安區,房地(土地+建物)+車位,復興南路二段３０３號二十二樓,17.54,,,,1110326,土地3建物1車位2,二十二層,二十三層,住宅大樓(11層含以上有電梯),住家用,1140122.0,226.52,3,1,2,有,無,85220000,527801.0,坡道平面,81.92,8900000,預售屋、或土地及建物分件登記案件；,RPTPMLNJOHKGFFA38DA,90.83,0.0,7.93,有,,
士林區,房地(土地+建物)+車位,中山北路六段４０５巷４５弄８號五樓,29.21,住,,,1110301,土地1建物1車位2,五層,十四層,住宅大樓(11層含以上有電梯),住家用,1140429.0,271.0,4,2,2,有,有,72150000,316095.0,坡道平面,65.84,7300000,本預售屋於112年02月07日簽訂轉讓協議，由先生更名給太太。並於114年07月07日增購41號車位，併同移轉申報。預售屋、或土地及建物分件登記案件；,RPQOMLSKPHKGFEA58DA,123.83,0.0,13.13,有,,
士林區,房地(土地+建物)+車位,中山北路六段４０５巷４５弄８號六樓,29.21,住,,,1110305,土地1建物1車位1,六層,十四層,住宅大樓(11層含以上有電梯),住家用,1140429.0,238.08,3,2,2,有,有,68700000,318288.0,坡道平面,32.92,3400000,預售屋、或土地及建物分件登記案件；,RPSPMLSKPHKGFEA88DA,123.83,0.0,13.13,有,,
士林區,房地(土地+建物)+車位,中山北路六段４０５巷４５弄８號三樓,29.21,住,,,1110316,土地1建物1車位1,三層,十四層,住宅大樓(11層含以上有電梯),住家用,1140429.0,236.54,3,2,2,有,有,68020000,315202.0,坡道平面,31.37,3350000,預售屋、或土地及建物分件登記案件；,RPXOMLSKPHKGFEA66DA,123.83,0.0,13.13,有,,
士林區,房地(土地+建物)+車位,中山北路六段４０５巷４５弄８號七樓,29.21,住,,,1110301,土地1建物1車位1,七層,十四層,住宅大樓(11層含以上有電梯),住家用,1140429.0,238.08,4,2,2,有,有,68000000,315120.0,坡道平面,32.92,3350000,預售屋、或土地及建物分件登記案件；,RPQOMLMLPHKGFEA08DA,123.83,0.0,13.13,有,,
中正區,房地(土地+建物),信義路二段７９巷３２號六樓之１,17.22,住,,,1110303,土地1建物1車位0,六層,十層,華廈(10層含以下有電梯),住家用,1140320.0,85.99,2,1,1,有,無,37780000,439353.0,,0.0,0,預售屋、或土地及建物分件登記案件；,RPSOMLOKQHKGFBA18DA,48.16,0.0,5.35,有,,
士林區,房地(土地+建物)+車位,中山北路六段４０５巷４５弄１０號二樓,27.03,住,,,1110323,土地1建物1車位2,二層,十四層,住宅大樓(11層含以上有電梯),住家用,1140429.0,254.29,3,2,2,有,有,67850000,326053.0,坡道平面,64.29,5900000,預售屋、或土地及建物分件登記案件；,RPXOMLLLPHKGFEA68DA,115.12,0.0,11.55,有,,
大安區,房地(土地+建物)+車位,大安路一段２０６巷１５號八樓,19.89,住,,,1110315,土地1建物1車位1,八層,十二層,住宅大樓(11層含以上有電梯),住家用,1140528.0,159.41000000000005,3,2,2,有,有,66000000,445041.0,其他,17.85,3000000,土地買賣價格:4290萬元正，房屋買賣價格:2010萬元正車位買賣價格:300萬元正。預售屋、或土地及建物分件登記案件；,RPUOMLRJQHKGFFA98DA,82.13,0.0,9.16,有,,
萬華區,房地(土地+建物)+車位,西藏路４２８巷７號九樓之２,23.41,住,,,1110313,土地1建物1車位1,九層,十四層,住宅大樓(11層含以上有電梯),住家用,1140516.0,168.82999999999998,3,2,2,有,有,32450000,219907.0,坡道平面,34.0,2800000,預售屋、或土地及建物分件登記案件；,RPSOMLPKQHKGFBA28DA,77.14,6.35,4.46,有,,
中正區,房地(土地+建物)+車位,信義路二段７９巷３２號四樓之１,17.22,住,,,1110303,土地1建物1車位1,四層,十層,華廈(10層含以下有電梯),住家用,1140320.0,103.78,2,1,1,有,無,39920000,433306.0,升降機械,17.79,2660000,預售屋、或土地及建物分件登記案件；,RPVNMLPJRHKGFBA48DA,48.16,0.0,5.35,有,,
大安區,房地(土地+建物)+車位,復興南路二段３０７號十四樓,21.66,,,,1110216,土地3建物1車位2,十四層,二十三層,住宅大樓(11層含以上有電梯),住家用,1140122.0,263.27,4,1,2,有,無,97000000,477530.0,坡道平面,81.92,10400000,預售屋、或土地及建物分件登記案件；,RPOOMLMJOHKGFFA67DA,112.1,0.0,11.78,有,,
大安區,房地(土地+建物)+車位,復興南路二段３０１號十四樓,16.81,,,,1110218,土地3建物1車位1,十四層,二十三層,住宅大樓(11層含以上有電梯),住家用,1140122.0,178.65,3,1,2,有,無,72590000,476681.0,坡道平面,34.13,3700000,預售屋、或土地及建物分件登記案件；,RPOQMLMJOHKGFFA87DA,90.88,0.0,7.85,有,,
大安區,房地(土地+建物)+車位,復興南路二段３０７號十七樓,21.62,,,,1110217,土地3建物1車位2,十七層,二十三層,住宅大樓(11層含以上有電梯),住家用,1140122.0,256.44,4,1,2,有,無,95000000,483044.0,坡道平面,75.09,7400000,預售屋、或土地及建物分件登記案件；,RPWNMLTLNHKGFFA56DA,112.1,0.0,11.78,有,,
南港區,房地(土地+建物),興南街９９之１號九樓,9.83,住,,,1110225,土地1建物1車位0,九層,二十六層,住宅大樓(11層含以上有電梯),住家用,1131230.0,73.55,2,2,2,有,有,20660000,280897.0,,0.0,0,預售屋、或土地及建物分件登記案件；,RPSOMLRKOHKGFDA48DA,43.77,1.64,3.35,有,,
士林區,房地(土地+建物)+車位,中山北路六段４０５巷４５弄８號,29.57,住,,,1110208,土地1建物1車位1,一層,十四層,住宅大樓(11層含以上有電梯),住家用,1140429.0,226.01,3,2,2,有,有,75990000,375887.0,坡道平面,32.92,3410000,預售屋、或土地及建物分件登記案件；,RPXNMLSKPHKGFEA56DA,138.75,0.0,0.0,有,,
士林區,房地(土地+建物)+車位,中山北路六段４０５巷４５弄８號八樓之１,12.47,住,,,1110213,土地1建物1車位1,八層,十四層,住宅大樓(11層含以上有電梯),住家用,1140429.0,120.49,1,2,1,有,有,31430000,324084.0,坡道平面,32.92,3050000,本預售屋於113年09月11日簽訂轉讓協議，轉讓金額3430萬元整。預售屋、或土地及建物分件登記案件；,RPROMLSKPHKGFEA68DA,53.25,0.0,5.03,有,,
士林區,房地(土地+建物)+車位,中山北路六段４０５巷４５弄８號三樓之１,12.47,住,,,1110227,土地1建物1車位1,三層,十四層,住宅大樓(11層含以上有電梯),住家用,1140429.0,120.35,2,2,1,有,有,30500000,313965.0,坡道平面,32.92,3050000,預售屋、或土地及建物分件登記案件；,RPUNMLLLPHKGFEA28DA,53.25,0.0,5.03,有,,
士林區,房地(土地+建物)+車位,中山北路六段４０５巷４５弄８號四樓之１,12.47,住,,,1110219,土地1建物1車位1,四層,十四層,住宅大樓(11層含以上有電梯),住家用,1140429.0,120.35,2,2,1,有,有,30100000,312250.0,坡道平面,32.92,2800000,本預售屋於114年05月29日簽訂轉讓協議，由先生更名成與太太兩人各半持有。預售屋、或土地及建物分件登記案件；,RPVNMLLLPHKGFEA38DA,53.25,0.0,5.03,有,,
士林區,房地(土地+建物)+車位,中山北路六段４０５巷４５弄８號十樓之１,11.74,住,,,1110224,土地1建物1車位2,十層,十四層,住宅大樓(11層含以上有電梯),住家用,1140429.0,148.19,2,1,1,有,有,33800000,332726.0,坡道平面,65.84,6400000,本預售屋於113年12月17日另簽訂協議書，雙方同意增購車位編號9號、23號之停車位共計兩個，總價亦同增計修正。預售屋、或土地及建物分件登記案件；,RPROMLLLPHKGFEA08DA,49.76,0.0,5.09,有,,
士林區,房地(土地+建物)+車位,中山北路六段４０５巷４５弄８號二樓之１,12.47,住,,,1110226,土地1建物1車位1,二層,十四層,住宅大樓(11層含以上有電梯),住家用,1140429.0,120.49,2,2,1,有,有,29700000,307183.0,坡道平面,32.92,2800000,預售屋、或土地及建物分件登記案件；,RPUOMLLLPHKGFEA38DA,53.25,0.0,5.03,有,,
士林區,房地(土地+建物)+車位,中山北路六段４０５巷４５弄１０號九樓,26.84,住,,,1110215,土地1建物1車位1,九層,十四層,住宅大樓(11層含以上有電梯),住家用,1140429.0,221.57,3,2,2,有,有,64800000,325735.0,坡道平面,32.92,3350000,預售屋、或土地及建物分件登記案件；,RPSPMLLLPHKGFEA28DA,114.2,0.0,11.55,有,,
士林區,房地(土地+建物)+車位,中山北路六段４０５巷４５弄１０號十一樓,26.84,住,,,1110222,土地1建物1車位1,十一層,十四層,住宅大樓(11層含以上有電梯),住家用,1140429.0,232.55,0,0,0,無,有,67260000,336795.0,坡道平面,43.83,3700000,本預售屋於111年07月25日簽訂轉讓協議，由先生更名給太太。毛胚屋；預售屋、或土地及建物分件登記案件；,RPSNMLPLPHKGFEA48DA,114.2,0.0,11.55,有,,
士林區,房地(土地+建物),中山北路六段４０５巷４５弄８號十二樓,31.12,住,,,1110226,土地1建物1車位0,十二層,十四層,住宅大樓(11層含以上有電梯),住家用,1140429.0,218.66,4,2,2,有,有,74980000,342907.0,,0.0,0,預售屋、或土地及建物分件登記案件；,RPTNMLLLPHKGFEA18DA,132.71,0.0,13.13,有,,
士林區,房地(土地+建物)+車位,中山北路六段４０５巷４５弄８號七樓之１,12.47,住,,,1110226,土地1建物1車位2,七層,十四層,住宅大樓(11層含以上有電梯),住家用,1140429.0,153.26999999999998,2,2,1,有,有,35250000,324259.0,坡道平面,65.84,6900000,預售屋、或土地及建物分件登記案件；,RPOOMLLLPHKGFEA77DA,53.25,0.0,5.03,有,,
士林區,房地(土地+建物)+車位,中山北路六段４０５巷４５弄８號十一樓,30.94,住,,,1110222,土地1建物1車位1,十一層,十四層,住宅大樓(11層含以上有電梯),住家用,1140429.0,250.74,0,0,0,無,有,77010000,336792.0,坡道平面,32.92,3650000,毛胚屋；預售屋、或土地及建物分件登記案件；,RPQNMLPLPHKGFEA28DA,132.06,0.0,13.13,有,,
士林區,房地(土地+建物)+車位,中山北路六段４０５巷４５弄８號十一樓之１,10.83,住,,,1110222,土地1建物1車位2,十一層,十四層,住宅大樓(11層含以上有電梯),住家用,1140429.0,141.91,0,0,0,無,有,33260000,341265.0,坡道平面,65.84,7300000,本預售屋於111年07月25日簽訂轉讓協議，由先生更名給太太。毛胚屋；預售屋、或土地及建物分件登記案件；,RPRNMLPLPHKGFEA38DA,45.44,0.0,5.19,有,,
北投區,房地(土地+建物)+車位,石牌路二段３１７號十一樓,23.89,住,,,1110114,土地1建物1車位1,十一層，見其他登記事項,十一層,住宅大樓(11層含以上有電梯),住家用,1140416.0,154.45,3,2,2,有,有,41000000,281317.0,其他,14.75,1700000,預售屋、或土地及建物分件登記案件；,RPSPMLKMNHKGFEA08DA,83.36,0.0,8.96,有,,
大安區,房地(土地+建物)+車位,大安路一段２０６巷１５號四樓,19.89,住,,,1110128,土地1建物1車位1,四層,十二層,住宅大樓(11層含以上有電梯),住家用,1140528.0,159.41000000000005,3,2,2,有,有,63500000,427381.0,其他,17.85,3000000,土地買賣價格:4127.5萬元正，房屋買賣價格:1922.5萬元正車位買賣價格:300萬元正。預售屋權利讓渡全部直系親屬間讓渡，讓渡日期113年4月29日預售屋、或土地及建物分件登記案件；,RPUOMLKMPHKGFFA48DA,82.13,0.0,9.16,有,,
大安區,房地(土地+建物)+車位,大安路一段２０６巷１５號七樓,19.89,住,,,1110129,土地1建物1車位1,七層,十二層,住宅大樓(11層含以上有電梯),住家用,1140528.0,159.41000000000005,3,2,2,有,有,66000000,445041.0,其他,17.85,3000000,土地買賣價格:4290萬元正，房屋買賣價格:2010萬元正車位買賣價格:300萬元正。預售屋、或土地及建物分件登記案件；,RPWOMLKMPHKGFFA68DA,82.13,0.0,9.16,有,,
士林區,房地(土地+建物)+車位,中山北路六段４０５巷４５弄８號九樓之１,12.47,住,,,1110116,土地1建物1車位1,九層,十四層,住宅大樓(11層含以上有電梯),住家用,1140429.0,120.49,1,2,1,有,有,31630000,326367.0,坡道平面,32.92,3050000,預售屋、或土地及建物分件登記案件；,RPPOMLLLPHKGFEA87DA,53.25,0.0,5.03,有,,
士林區,房地(土地+建物)+車位,中山北路六段４０５巷４５弄１０號十四樓,26.21,住,,,1110127,土地1建物1車位4,十四層,十四層,住宅大樓(11層含以上有電梯),住家用,1140429.0,315.75,3,1,2,有,有,79900000,352333.0,坡道平面,130.13,14500000,含裝潢費；預售屋、或土地及建物分件登記案件；,RPWPMLLLPHKGFEA68DA,111.18,0.0,11.55,有,,
士林區,房地(土地+建物)+車位,中山北路六段４０５巷４５弄１０號十樓,26.84,住,,,1110122,土地1建物1車位2,十層,十四層,住宅大樓(11層含以上有電梯),住家用,1140429.0,254.38,4,2,2,有,有,67980000,327145.0,坡道平面,65.84,6300000,本預售屋於114年07月19日簽訂轉讓協議，由先生更名給太太。預售屋、或土地及建物分件登記案件；,RPROMLMLPHKGFEA18DA,114.2,0.0,11.55,有,,
萬華區,房地(土地+建物)+車位,西藏路４２８巷９號二樓,18.89,住,,,1110107,土地1建物1車位1,二層,十四層,住宅大樓(11層含以上有電梯),住家用,1140516.0,142.47,0,0,0,無,有,26470000,216373.0,坡道平面,34.0,3000000,毛胚屋；預售屋、或土地及建物分件登記案件；,RPTNMLNKQHKGFBA08DA,62.29,4.65,3.67,有,,
萬華區,房地(土地+建物)+車位,西藏路４２８巷９號三樓之２,23.82,住,,,1110128,土地1建物1車位1,三層,十四層,住宅大樓(11層含以上有電梯),住家用,1140516.0,172.26,3,2,2,有,有,31900000,206133.0,坡道平面,34.0,3400000,預售屋、或土地及建物分件登記案件；,RPVNMLOKQHKGFBA38DA,78.9,6.95,4.46,有,,
萬華區,房地(土地+建物),西藏路４２８巷９號七樓之１,15.61,住,,,1110128,土地1建物1車位0,七層,十四層,住宅大樓(11層含以上有電梯),住家用,1140516.0,90.47,2,2,2,有,有,19350000,213883.0,,0.0,0,預售屋、或土地及建物分件登記案件；,RPPOMLOKQHKGFBA87DA,51.87,3.07,4.0,有,,
南港區,房地(土地+建物)+車位,向陽路１２０巷２弄２５號十二樓,34.02,住,,,1101203,土地1建物1車位3,十二層,十五層,住宅大樓(11層含以上有電梯),住家用,1131106.0,322.22,3,2,2,有,有,59460000,241902.0,坡道平面,112.59,8750000,本案於110年9月5日簽立加購車位協議書，車位價格為300萬元，原總價為5646萬元整。預售屋、或土地及建物分件登記案件；,RPXOMLNKNHKGFDA48DA,139.78,4.97,10.61,有,,
士林區,房地(土地+建物)+車位,中山北路六段４０５巷４５弄８號八樓,28.85,住,,,1101225,土地1建物1車位1,八層,十四層,住宅大樓(11層含以上有電梯),住家用,1140429.0,235.97000000000003,3,2,2,有,有,68600000,322827.0,坡道平面,32.92,3050000,預售屋、或土地及建物分件登記案件；,RPQNMLLLPHKGFEA87DA,122.3,0.0,13.13,有,,
士林區,房地(土地+建物)+車位,中山北路六段４０５巷４５弄１０號三樓,24.57,住,,,1101204,土地1建物1車位1,三層,十四層,住宅大樓(11層含以上有電梯),住家用,1140429.0,205.76,3,2,2,有,有,55650000,304328.0,坡道平面,32.92,3050000,預售屋、或土地及建物分件登記案件；,RPOPMLLLPHKGFEA87DA,103.83,0.0,11.55,有,,
士林區,房地(土地+建物)+車位,中山北路六段４０５巷４５弄１０號四樓,24.57,住,,,1101229,土地1建物1車位1,四層,十四層,住宅大樓(11層含以上有電梯),住家用,1140429.0,205.76,4,2,2,有,有,56250000,307799.0,坡道平面,32.92,3050000,本預售屋於114年05月16日簽訂轉讓協議，由先生更名給太太。預售屋、或土地及建物分件登記案件；,RPPPMLLLPHKGFEA97DA,103.83,0.0,11.55,有,,
士林區,房地(土地+建物)+車位,中山北路六段４０５巷４５弄１０號八樓,26.84,住,,,1101210,土地1建物1車位1,八層,十四層,住宅大樓(11層含以上有電梯),住家用,1140429.0,220.03,3,2,2,有,有,64000000,323068.0,坡道平面,31.37,3050000,預售屋、或土地及建物分件登記案件；,RPRPMLLLPHKGFEA18DA,114.2,0.0,11.55,有,,
大安區,房地(土地+建物)+車位,大安路一段２０６巷１３號七樓,19.89,住,,,1101204,土地1建物1車位1,七層,十二層,住宅大樓(11層含以上有電梯),住家用,1140528.0,159.41000000000005,3,2,2,有,有,65500000,441509.0,其他,17.85,3000000,土地買賣價格:4257.5萬元正，房屋買賣價格:1992.5萬元正車位買賣價格:300萬元正。預售屋、或土地及建物分件登記案件；,RPTOMLKMPHKGFFA38DA,82.23,0.0,9.06,有,,
南港區,房地(土地+建物)+車位,興南街９３號十四樓,20.92,住,,,1101223,土地1建物1車位1,十四層,二十六層,住宅大樓(11層含以上有電梯),住家用,1131230.0,180.07,3,2,2,有,有,48000000,283543.0,坡道平面,23.48,3600000,預售屋、或土地及建物分件登記案件；,RPSNMLKLQHKGFDA97DA,89.69,3.43,10.59,有,,
萬華區,房地(土地+建物),西藏路４２８巷７號九樓之３,14.99,住,,,1101210,土地1建物1車位0,九層,十四層,住宅大樓(11層含以上有電梯),住家用,1140516.0,88.22,2,2,2,有,有,19750000,223872.0,,0.0,0,110/12/10母女更名預售屋、或土地及建物分件登記案件；,RPUOMLLKQHKGFBA08DA,49.71,2.04,6.26,有,,
萬華區,房地(土地+建物)+車位,西藏路４２８巷７號十樓之３,14.99,住,,,1101213,土地1建物1車位1,十層,十四層,住宅大樓(11層含以上有電梯),住家用,1140516.0,122.22,1,2,1,有,有,22750000,225006.0,坡道平面,34.0,2900000,預售屋、或土地及建物分件登記案件；,RPOOMLPKQHKGFBA87DA,49.71,2.04,6.26,有,,
萬華區,房地(土地+建物),西藏路４２８巷７號四樓之１,15.61,住,,,1101225,土地1建物1車位0,四層,十四層,住宅大樓(11層含以上有電梯),住家用,1140516.0,90.6,2,2,2,有,有,18900000,208609.0,,0.0,0,預售屋、或土地及建物分件登記案件；,RPOQMLLJRHKGFBA67DA,51.87,3.21,4.0,有,,
大安區,房地(土地+建物)+車位,臥龍街２６８號二十樓,20.12,住,,,1101126,土地1建物1車位1,二十層,二十三層,住宅大樓(11層含以上有電梯),住家用,1130927.0,184.82,2,2,2,有,有,49590000,314114.0,坡道平面,38.09,3500000,預售屋、或土地及建物分件登記案件；,RPVOMLLKNHKGFFA28DA,86.68,3.38,7.26,有,,
大安區,房地(土地+建物)+車位,臥龍街２６８號二十三樓之３,12.4,住,,,1101112,土地1建物1車位1,二十三層,二十三層,住宅大樓(11層含以上有電梯),住家用,1130927.0,124.06,2,2,1,有,有,32000000,331511.0,坡道平面,38.09,3500000,預售屋、或土地及建物分件登記案件；,RPPPMLQKOHKGFFA38DA,48.98,3.9,5.16,有,,
中山區,房地(土地+建物)+車位,松江路２５２巷１０號五樓之２,5.87,住,,,1101102,土地1建物1車位1,五層,十層,華廈(10層含以下有電梯),住家用,1140207.0,55.31,1,0,1,有,有,12980000,307824.0,升降機械,20.29,2200000,於民國114年3月3日簽訂契約更名讓渡協議書。預售屋、或土地及建物分件登記案件；,RPRQMLOLLHKGFCA97DA,18.5,0.0,2.92,有,,
北投區,房地(土地+建物),石牌路二段３１７號二樓,12.98,住,,,1101104,土地1建物1車位0,二層,十一層,住宅大樓(11層含以上有電梯),住家用,1140416.0,76.75,2,2,1,有,有,19300000,251466.0,,0.0,0,預售屋、或土地及建物分件登記案件；,RPTNMLKMNHKGFEA97DA,45.46,0.0,4.63,有,,
大安區,房地(土地+建物)+車位,臥龍街２６８號二十一樓之２,13.93,住,,,1101114,土地1建物1車位1,二十一層,二十三層,住宅大樓(11層含以上有電梯),住家用,1130927.0,136.86,1,2,2,有,有,33100000,304748.0,坡道平面,38.09,3000000,預售屋、或土地及建物分件登記案件；,RPQOMLOJOHKGFFA08DA,56.67,3.87,5.9,有,,
北投區,房地(土地+建物)+車位,石牌路二段３１７號十一樓之１,24.51,住,,,1101105,土地1建物1車位1,十一層，見其他登記事項,十一層,住宅大樓(11層含以上有電梯),住家用,1140416.0,157.60000000000002,3,2,2,有,有,40200000,269513.0,其他,14.75,1700000,預售屋、或土地及建物分件登記案件；,RPROMLKMNHKGFEA87DA,85.38,0.0,9.05,有,,
中山區,房地(土地+建物),松江路２５２巷１０號二樓之５,6.98,住,,,1101102,土地1建物1車位0,二層,十層,華廈(10層含以下有電梯),住家用,1140207.0,41.65,1,0,1,有,有,12100000,290516.0,,0.0,0,預售屋、或土地及建物分件登記案件；,RPORMLOLLHKGFCA77DA,23.23,0.0,2.24,有,,
大安區,房地(土地+建物)+車位,臥龍街２６８號三樓之３,13.67,住,,,1101112,土地1建物1車位1,三層,二十三層,住宅大樓(11層含以上有電梯),住家用,1130927.0,136.42000000000002,2,2,2,有,有,30510000,279772.0,坡道平面,38.09,3000000,依合約面積誤差賣方找補買方金額1820元預售屋、或土地及建物分件登記案件；,RPPNMLSLPHKGFFA58DA,56.49,3.63,6.01,有,,
士林區,房地(土地+建物)+車位,中山北路六段４０５巷４５弄８號五樓之１,12.47,住,,,1101128,土地1建物1車位1,五層,十四層,住宅大樓(11層含以上有電梯),住家用,1140429.0,120.35,2,2,1,有,有,30750000,316825.0,坡道平面,32.92,3050000,預售屋、或土地及建物分件登記案件；,RPWNMLLLPHKGFEA48DA,53.25,0.0,5.03,有,,
士林區,房地(土地+建物)+車位,中山北路六段４０５巷４５弄８號六樓之１,12.47,住,,,1101127,土地1建物1車位1,六層,十四層,住宅大樓(11層含以上有電梯),住家用,1140429.0,120.35,2,2,1,有,有,30920000,318769.0,坡道平面,32.92,3050000,預售屋、或土地及建物分件登記案件；,RPXNMLLLPHKGFEA58DA,53.25,0.0,5.03,有,,
士林區,房地(土地+建物)+車位,中山北路六段４０５巷４５弄８號十二樓之１,9.92,住,,,1101109,土地1建物1車位1,十二層,十四層,住宅大樓(11層含以上有電梯),住家用,1140429.0,102.51,1,1,1,有,有,26660000,339273.0,坡道平面,32.92,3050000,預售屋、或土地及建物分件登記案件；,RPVOMLLLPHKGFEA48DA,40.95,0.0,5.3,有,,
士林區,房地(土地+建物)+車位,中山北路六段４０５巷４５弄１０號十二樓,26.84,住,,,1101109,土地1建物1車位1,十二層,十四層,住宅大樓(11層含以上有電梯),住家用,1140429.0,221.57,3,2,2,有,有,66900000,336867.0,坡道平面,32.92,3350000,預售屋、或土地及建物分件登記案件；,RPUPMLLLPHKGFEA48DA,114.2,0.0,11.55,有,,
士林區,房地(土地+建物)+車位,中山北路六段４０５巷４５弄８號九樓,28.85,住,,,1101118,土地1建物1車位1,九層,十四層,住宅大樓(11層含以上有電梯),住家用,1140429.0,235.97000000000003,4,2,2,有,有,69200000,324304.0,坡道平面,32.92,3350000,本預售屋於111年04月07日簽訂轉讓協議，由個人更名給其公司。預售屋、或土地及建物分件登記案件；,RPSOMLMLPHKGFEA28DA,122.3,0.0,13.13,有,,
大安區,房地(土地+建物)+車位,大安路一段２０６巷１３號十樓,19.89,住,,,1101117,土地1建物1車位1,十層,十二層,住宅大樓(11層含以上有電梯),住家用,1140528.0,159.41000000000005,3,2,2,有,有,65650000,442569.0,其他,17.85,3000000,土地買賣價格:4267.2萬元正，房屋買賣價格:1997.8萬元正車位買賣價格:300萬元正。預售屋、或土地及建物分件登記案件；,RPROMLRJQHKGFFA68DA,82.23,0.0,9.06,有,,
大安區,房地(土地+建物)+車位,大安路一段２０６巷１５號十樓,19.89,住,,,1101117,土地1建物1車位1,十層,十二層,住宅大樓(11層含以上有電梯),住家用,1140528.0,159.41000000000005,3,2,2,有,有,65350000,440449.0,其他,17.85,3000000,土地買賣價格:4247.7萬元正，房屋買賣價格:1987.3萬元正車位買賣價格:300萬元正。預售屋權利讓渡1/2夫妻間讓渡，讓渡日期114年2月17日預售屋、或土地及建物分件登記案件；,RPVOMLRJQHKGFFA09DA,82.13,0.0,9.16,有,,
萬華區,房地(土地+建物),西藏路４２８巷７號十三樓之１,15.61,住,,,1101130,土地1建物1車位0,十三層,十四層,住宅大樓(11層含以上有電梯),住家用,1140516.0,90.61,2,2,2,有,有,20380000,224920.0,,0.0,0,預售屋、或土地及建物分件登記案件；,RPSNMLSJQHKGFBA38DA,51.87,3.21,4.0,有,,
士林區,房地(土地+建物),中山北路六段４０５巷４５弄１０號十三樓,26.84,住,,,1101109,土地1建物1車位0,十三層,十四層,住宅大樓(11層含以上有電梯),住家用,1140429.0,188.46,3,2,2,有,有,64980000,344795.0,,0.0,0,含裝潢費；預售屋、或土地及建物分件登記案件；,RPVPMLLLPHKGFEA58DA,114.2,0.0,11.55,有,,
南港區,房地(土地+建物)+車位,興南街９７號二十樓,17.56,住,,,1101026,土地1建物1車位2,二十層,二十六層,住宅大樓(11層含以上有電梯),住家用,1131230.0,178.60000000000002,3,2,2,有,有,40780000,261167.0,坡道平面,46.96,6400000,111.06.11簽訂預售屋房地買賣契約書權利轉讓協議書，交易總價不變，111.06.11簽訂車位更換增補協議，原總價4088萬，換車位後總價4078萬。預售屋、或土地及建物分件登記案件；,RPWNMLQKOHKGFDA68DA,73.83,2.97,10.32,有,,
大安區,房地(土地+建物)+車位,臥龍街２６８號五樓之２,13.93,住,,,1101014,土地1建物1車位1,五層,二十三層,住宅大樓(11層含以上有電梯),住家用,1130927.0,136.78,1,2,1,有,有,29350000,270037.0,坡道平面,38.09,2700000,預售屋權利讓渡持分：二分之一，讓與人：丁**，讓渡日期113年11月21日，金額相同不變預售屋、或土地及建物分件登記案件；,RPUOMLQKOHKGFFA78DA,56.67,3.79,5.9,有,,
大安區,房地(土地+建物)+車位,臥龍街２６８號十七樓之１,18.28,住,,,1101003,土地1建物1車位1,十七層,二十三層,住宅大樓(11層含以上有電梯),住家用,1130927.0,176.66,1,2,2,有,有,45280000,301508.0,坡道平面,38.09,3500000,預售屋、或土地及建物分件登記案件；,RPXOMLQKOHKGFFA09DA,79.75,5.51,7.83,有,,
大安區,房地(土地+建物)+車位,臥龍街２６８號十八樓,19.19,住,,,1101027,土地1建物1車位1,十八層,二十三層,住宅大樓(11層含以上有電梯),住家用,1130927.0,181.93,3,2,2,有,有,46680000,302976.0,坡道平面,38.09,3100000,預售屋、或土地及建物分件登記案件；,RPOPMLQKOHKGFFA28DA,83.3,5.81,7.26,有,,
中山區,房地(土地+建物),松江路２５２巷１０號三樓之３,13.2,住,,,1101015,土地1建物1車位0,三層,十層,華廈(10層含以下有電梯),住家用,1140207.0,78.98,1,1,2,有,有,24260000,307166.0,,0.0,0,1.於民國114年1月16日簽訂契約更名讓渡協議書。2.預售屋申報書序號：B1AC11010180002、B1AC11010180003合併戶預售屋、或土地及建物分件登記案件；,RPPRMLOLLHKGFCA87DA,44.08,0.0,4.3,有,,
北投區,房地(土地+建物),石牌路二段３１７號二樓之１,13.85,住,,,1101004,土地1建物1車位0,二層,十一層,住宅大樓(11層含以上有電梯),住家用,1140416.0,80.85,2,2,1,有,有,20300000,251082.0,,0.0,0,預售屋、或土地及建物分件登記案件；,RPSOMLKMNHKGFEA97DA,48.31,0.0,5.12,有,,
北投區,房地(土地+建物),石牌路二段３１７號三樓,12.98,住,,,1101006,土地1建物1車位0,三層,十一層,住宅大樓(11層含以上有電梯),住家用,1140416.0,76.75,2,2,1,有,有,20000000,260586.0,,0.0,0,本案於112.1.4.第一次權利轉讓，114.4.14.第二次權利轉讓。預售屋、或土地及建物分件登記案件；,RPUOMLKMNHKGFEA18DA,45.46,0.0,4.63,有,,
北投區,房地(土地+建物),石牌路二段３１７號三樓之１,13.85,住,,,1101007,土地1建物1車位0,三層,十一層,住宅大樓(11層含以上有電梯),住家用,1140416.0,80.85,2,2,1,有,有,21000000,259740.0,,0.0,0,預售屋、或土地及建物分件登記案件；,RPOPMLKMNHKGFEA67DA,48.31,0.0,5.12,有,,
北投區,房地(土地+建物)+車位,石牌路二段３１７號十樓之１,13.85,住,,,1101022,土地1建物1車位1,十層,十一層,住宅大樓(11層含以上有電梯),住家用,1140416.0,95.6,2,2,1,有,有,23800000,273346.0,其他,14.75,1700000,預售屋、或土地及建物分件登記案件；,RPQPMLKMNHKGFEA87DA,48.31,0.0,5.12,有,,
北投區,房地(土地+建物),石牌路二段３１７號十樓,12.98,住,,,1101015,土地1建物1車位0,十層,十一層,住宅大樓(11層含以上有電梯),住家用,1140416.0,76.75,2,2,1,有,有,21100000,274919.0,,0.0,0,預售屋、或土地及建物分件登記案件；,RPXNMLKMNHKGFEA38DA,45.46,0.0,4.63,有,,
大安區,房地(土地+建物)+車位,臥龍街２６８號二十一樓之１,18.28,住,,,1101003,土地1建物1車位1,二十一層,二十三層,住宅大樓(11層含以上有電梯),住家用,1130927.0,174.62,2,2,1,有,有,45040000,307918.0,坡道平面,38.09,3000000,預售屋、或土地及建物分件登記案件；,RPRNMLOLOHKGFFA28DA,79.75,3.47,7.83,有,,
大安區,房地(土地+建物)+車位,臥龍街２６８號二十二樓之５,16.02,住,,,1101002,土地1建物1車位1,二十二層,二十三層,住宅大樓(11層含以上有電梯),住家用,1130927.0,154.85,0,0,0,無,有,39150000,310466.0,坡道平面,38.09,2900000,預售屋、或土地及建物分件登記案件；,RPSNMLOLOHKGFFA38DA,67.22,4.66,6.56,有,,
中山區,房地(土地+建物)+車位,松江路２５２巷１０號六樓之３,5.87,住,,,1101005,土地1建物1車位1,六層,十層,華廈(10層含以下有電梯),住家用,1140207.0,55.31,1,0,1,有,有,13400000,316962.0,升降機械,20.29,2300000,1.於民國113年7月4日簽訂契約更名讓渡協議書。2.於民國113年6月23日簽訂預售屋承購權利買賣契約暨價款託管申請書新台幣1556萬元整。預售屋、或土地及建物分件登記案件；,RPWQMLOLLHKGFCA48DA,18.5,0.0,2.92,有,,
大安區,房地(土地+建物)+車位,臥龍街２６８號十九樓之３,17.31,住,,,1101009,土地1建物1車位1,十九層,二十三層,住宅大樓(11層含以上有電梯),住家用,1130927.0,167.95,3,2,2,有,有,42660000,305406.0,坡道平面,38.09,3000000,預售屋、或土地及建物分件登記案件；,RPWNMLSJPHKGFFA09DA,73.85,5.05,8.83,有,,
南港區,房地(土地+建物)+車位,興南街９１號十四樓,20.92,住,,,1101025,土地1建物1車位1,十四層,二十六層,住宅大樓(11層含以上有電梯),住家用,1131230.0,180.07,3,2,2,有,有,44000000,259276.0,坡道平面,23.48,3400000,預售屋、或土地及建物分件登記案件；,RPQPMLPKPHKGFDA28DA,89.69,3.43,10.59,有,,
大安區,房地(土地+建物)+車位,臥龍街２６８號二樓之３,14.08,住,,,1101022,土地1建物1車位1,二層,二十三層,住宅大樓(11層含以上有電梯),住家用,1130927.0,142.31,3,2,1,有,有,30700000,270581.0,坡道平面,38.09,2500000,預售屋、或土地及建物分件登記案件；,RPPNMLLKQHKGFFA87DA,58.59,6.0,6.22,有,,
南港區,房地(土地+建物)+車位,向陽路１２０巷２弄２５號八樓,33.42,住,,,1100905,土地1建物1車位1,八層,十五層,住宅大樓(11層含以上有電梯),住家用,1131106.0,247.16000000000005,3,2,2,有,有,52810000,236894.0,坡道平面,37.53,3150000,本案於110年12月1日簽立讓渡同意書，讓渡金額不變。預售屋、或土地及建物分件登記案件；,RPWWMLMKNHKGFDA09DA,139.78,4.97,10.61,有,,
南港區,房地(土地+建物)+車位,向陽路１２０巷２弄３５號八樓,33.72,住,,,1100905,土地1建物1車位2,八層,十五層,住宅大樓(11層含以上有電梯),住家用,1131106.0,284.69000000000005,3,2,2,有,有,55490000,238468.0,坡道平面,75.06,5500000,本案於113年10月7日簽立讓渡同意書，讓渡金額不變。預售屋、或土地及建物分件登記案件；,RPVPNLMKNHKGFDA38DA,139.78,4.97,10.61,有,,
大安區,房地(土地+建物)+車位,臥龍街２６８號十七樓之２,13.93,住,,,1100914,土地1建物1車位1,十七層,二十三層,住宅大樓(11層含以上有電梯),住家用,1130927.0,136.86,1,2,2,有,有,31980000,295434.0,坡道平面,38.09,2800000,預售屋、或土地及建物分件登記案件；,RPVOMLQKOHKGFFA88DA,56.67,3.87,5.9,有,,
大安區,房地(土地+建物)+車位,臥龍街２６８號十九樓之２,13.93,住,,,1100927,土地1建物1車位1,十九層,二十三層,住宅大樓(11層含以上有電梯),住家用,1130927.0,136.86,1,2,1,有,有,32320000,300901.0,坡道平面,38.09,2600000,預售屋權利讓渡持分：全部，讓渡日期113年12月9日，金額相同不變預售屋、或土地及建物分件登記案件；,RPWOMLQKOHKGFFA98DA,56.67,3.87,5.9,有,,
南港區,房地(土地+建物)+車位,向陽路１２０巷２弄２５號十一樓,33.42,住,,,1100909,土地1建物1車位1,十一層,十五層,住宅大樓(11層含以上有電梯),住家用,1131106.0,247.16000000000005,3,2,2,有,有,53400000,240662.0,坡道平面,37.53,2950000,本案於114年2月13日簽立讓渡同意書，讓渡金額不變。預售屋、或土地及建物分件登記案件；,RPPNNLMKNHKGFDA57DA,139.78,4.97,10.61,有,,
南港區,房地(土地+建物)+車位,向陽路１２０巷２弄２５號十三樓,33.72,住,,,1100905,土地1建物1車位2,十三層,十五層,住宅大樓(11層含以上有電梯),住家用,1131106.0,284.69000000000005,3,2,2,有,有,56460000,243095.0,坡道平面,75.06,5500000,本案於111年1月18日簽立讓渡同意書，讓渡金額不變。預售屋、或土地及建物分件登記案件；,RPRNNLMKNHKGFDA77DA,139.78,4.97,10.61,有,,
南港區,房地(土地+建物)+車位,向陽路１２０巷２弄３７號,21.44,住,,,1100915,土地1建物1車位1,一層,十五層,住宅大樓(11層含以上有電梯),住家用,1131106.0,162.2,3,2,2,有,有,43590000,325981.0,坡道平面,37.53,2950000,預售屋、或土地及建物分件登記案件；,RPVONLMKNHKGFDA28DA,90.03,0.0,0.0,有,,
南港區,房地(土地+建物)+車位,向陽路１２０巷２弄３５號二樓,33.33,住,,,1100905,土地1建物1車位1,二層,十五層,住宅大樓(11層含以上有電梯),住家用,1131106.0,243.63,3,2,2,有,有,49190000,225328.0,坡道平面,37.53,2750000,本案於113年9月24日簽立讓渡同意書，讓渡金額不變。預售屋、或土地及建物分件登記案件；,RPRPNLMKNHKGFDA97DA,139.41,2.81,9.75,有,,
南港區,房地(土地+建物)+車位,向陽路１２０巷２弄３５號十一樓,33.42,住,,,1100905,土地1建物1車位1,十一層,十五層,住宅大樓(11層含以上有電梯),住家用,1131106.0,247.16000000000005,3,2,2,有,有,53930000,242236.0,坡道平面,37.53,3150000,預售屋、或土地及建物分件登記案件；,RPOPMLNKNHKGFDA67DA,139.78,4.97,10.61,有,,
中山區,房地(土地+建物),松江路２５２巷１０號二樓,6.11,住,,,1100911,土地1建物1車位0,二層,十層,華廈(10層含以下有電梯),住家用,1140207.0,36.73,1,0,1,有,有,11360000,309284.0,,0.0,0,於民國112年9月1日簽訂契約更名讓渡協議書。預售屋、或土地及建物分件登記案件；,RPSOMLOLLHKGFCA87DA,19.79,0.0,2.79,有,,
北投區,房地(土地+建物)+車位,石牌路二段３１７號五樓之２,13.72,住,,,1100906,土地1建物1車位1,五層,十一層,住宅大樓(11層含以上有電梯),住家用,1140416.0,95.77,2,2,1,有,有,21400000,243150.0,其他,14.75,1700000,預售屋、或土地及建物分件登記案件；,RPOOMLKMNHKGFEA57DA,48.12,0.0,4.92,有,,
北投區,房地(土地+建物)+車位,石牌路二段３１７號六樓之２,13.72,住,,,1100907,土地1建物1車位1,六層,十一層,住宅大樓(11層含以上有電梯),住家用,1140416.0,95.77,2,2,1,有,有,21500000,244384.0,其他,14.75,1700000,本案於114.3.20.權利轉讓。預售屋、或土地及建物分件登記案件；,RPPOMLKMNHKGFEA67DA,48.12,0.0,4.92,有,,
北投區,房地(土地+建物)+車位,石牌路二段３１７號十樓之２,13.72,住,,,1100913,土地1建物1車位1,十層,十一層,住宅大樓(11層含以上有電梯),住家用,1140416.0,95.77,2,2,1,有,有,22300000,254258.0,其他,14.75,1700000,預售屋、或土地及建物分件登記案件；,RPQOMLKMNHKGFEA77DA,48.12,0.0,4.92,有,,
北投區,房地(土地+建物)+車位,石牌路二段３１７號七樓,12.98,住,,,1100908,土地1建物1車位1,七層,十一層,住宅大樓(11層含以上有電梯),住家用,1140416.0,91.5,2,2,1,有,有,22000000,264495.0,其他,14.75,1700000,預售屋、或土地及建物分件登記案件；,RPVOMLKMNHKGFEA28DA,45.46,0.0,4.63,有,,
北投區,房地(土地+建物)+車位,石牌路二段３１７號九樓之１,13.85,住,,,1100911,土地1建物1車位1,九層,十一層,住宅大樓(11層含以上有電梯),住家用,1140416.0,95.6,2,2,1,有,有,23400000,268398.0,其他,14.75,1700000,本案於114.3.7.權利轉讓。預售屋、或土地及建物分件登記案件；,RPVPMLKMNHKGFEA38DA,48.31,0.0,5.12,有,,
北投區,房地(土地+建物)+車位,石牌路二段３１７號五樓,12.98,住,,,1100903,土地1建物1車位1,五層,十一層,住宅大樓(11層含以上有電梯),住家用,1140416.0,91.5,2,2,1,有,有,21800000,261889.0,其他,14.75,1700000,預售屋、或土地及建物分件登記案件；,RPXPMLKMNHKGFEA58DA,45.46,0.0,4.63,有,,
北投區,房地(土地+建物)+車位,石牌路二段３１７號八樓之１,13.85,住,,,1100909,土地1建物1車位1,八層,十一層,住宅大樓(11層含以上有電梯),住家用,1140416.0,95.6,2,2,1,有,有,23200000,265925.0,其他,14.75,1700000,預售屋、或土地及建物分件登記案件；,RPPNMLKMNHKGFEA57DA,48.31,0.0,5.12,有,,
北投區,房地(土地+建物)+車位,石牌路二段３１７號七樓之２,13.72,住,,,1100904,土地1建物1車位1,七層,十一層,住宅大樓(11層含以上有電梯),住家用,1140416.0,95.77,2,2,1,有,有,21700000,246853.0,其他,14.75,1700000,預售屋、或土地及建物分件登記案件；,RPSNMLKMNHKGFEA87DA,48.12,0.0,4.92,有,,
北投區,房地(土地+建物)+車位,石牌路二段３１７號三樓之２,13.72,住,,,1100907,土地1建物1車位1,三層,十一層,住宅大樓(11層含以上有電梯),住家用,1140416.0,95.77,2,2,1,有,有,21100000,239447.0,其他,14.75,1700000,預售屋、或土地及建物分件登記案件；,RPVNMLKMNHKGFEA18DA,48.12,0.0,4.92,有,,
北投區,房地(土地+建物)+車位,石牌路二段３１７號八樓,12.98,住,,,1100911,土地1建物1車位1,八層,十一層,住宅大樓(11層含以上有電梯),住家用,1140416.0,91.5,2,2,1,有,有,22200000,267101.0,其他,14.75,1700000,預售屋、或土地及建物分件登記案件；,RPWNMLKMNHKGFEA28DA,45.46,0.0,4.63,有,,
南港區,房地(土地+建物)+車位,向陽路１２０巷２弄３１號二樓,21.53,住,,,1100917,土地1建物1車位1,二層,十五層,住宅大樓(11層含以上有電梯),住家用,1131106.0,172.55,3,2,2,有,有,43550000,302177.0,坡道平面,37.53,2750000,預售屋、或土地及建物分件登記案件；,RPXVMLMKNHKGFDA09DA,89.53,0.78,9.93,有,,
南港區,房地(土地+建物)+車位,向陽路１２０巷２弄２５號七樓,33.42,住,,,1100907,土地1建物1車位1,七層,十五層,住宅大樓(11層含以上有電梯),住家用,1131106.0,247.16000000000005,3,2,2,有,有,52150000,235653.0,坡道平面,37.53,2750000,預售屋、或土地及建物分件登記案件；,RPVWMLMKNHKGFDA98DA,139.78,4.97,10.61,有,,
南港區,房地(土地+建物)+車位,向陽路１２０巷２弄３９號,32.63,住,,,1100918,土地1建物1車位2,一層,十五層,住宅大樓(11層含以上有電梯),住家用,1131106.0,263.88,3,2,2,有,有,62470000,301716.0,坡道平面,75.06,5500000,預售屋、或土地及建物分件登記案件；,RPTNNLMKNHKGFDA97DA,136.35,0.0,0.0,有,,
南港區,房地(土地+建物)+車位,向陽路１２０巷２弄２９號十二樓,32.9,住,,,1100903,土地1建物1車位2,十二層,十五層,住宅大樓(11層含以上有電梯),住家用,1131106.0,279.12,3,2,2,有,有,60630000,267960.0,坡道平面,75.06,5950000,本案於110年9月3日簽立加購車位協議書，車位價格為新台幣300萬，原總價為新台幣5763萬元整。預售屋、或土地及建物分件登記案件；,RPPPMLNKNHKGFDA77DA,136.28,4.26,10.61,有,,
中山區,房地(土地+建物),松江路２５２巷１０號四樓,6.11,住,,,1100913,土地1建物1車位0,四層,十層,華廈(10層含以下有電梯),住家用,1140207.0,36.73,1,0,1,有,有,11200000,304928.0,,0.0,0,於民國114年1月22日簽訂契約更名讓渡協議書。預售屋、或土地及建物分件登記案件；,RPUOMLOLLHKGFCA08DA,19.79,0.0,2.79,有,,
中山區,房地(土地+建物)+車位,松江路２５２巷１０號四樓之１,6.5,住,,,1100913,土地1建物1車位1,四層,十層,華廈(10層含以下有電梯),住家用,1140207.0,59.07,1,0,1,有,有,14460000,313564.0,升降機械,20.29,2300000,預售屋、或土地及建物分件登記案件；,RPSPMLOLLHKGFCA97DA,21.89,0.0,1.83,有,,
中山區,房地(土地+建物),松江路２５２巷１０號二樓之６,6.22,住,,,1100913,土地1建物1車位0,二層,十層,華廈(10層含以下有電梯),住家用,1140207.0,37.34,1,0,1,有,有,11100000,297268.0,,0.0,0,預售屋、或土地及建物分件登記案件；,RPURMLOLLHKGFCA38DA,20.86,0.0,2.06,有,,
南港區,房地(土地+建物)+車位,向陽路１２０巷２弄３７號三樓,21.65,住,,,1100917,土地1建物1車位1,三層,十五層,住宅大樓(11層含以上有電梯),住家用,1131106.0,174.43,3,2,2,有,有,44180000,301169.0,坡道平面,37.53,2950000,預售屋、或土地及建物分件登記案件；,RPWONLMKNHKGFDA38DA,90.2,2.11,9.56,有,,
北投區,房地(土地+建物)+車位,石牌路二段３１７號五樓之１,13.85,住,,,1100914,土地1建物1車位1,五層,十一層,住宅大樓(11層含以上有電梯),住家用,1140416.0,95.6,2,2,1,有,有,22800000,260977.0,其他,14.75,1700000,本案於113.11.12.權利轉讓。預售屋、或土地及建物分件登記案件；,RPQNMLKMNHKGFEA67DA,48.31,0.0,5.12,有,,
北投區,房地(土地+建物)+車位,石牌路二段３１７號四樓之２,13.72,住,,,1100908,土地1建物1車位1,四層,十一層,住宅大樓(11層含以上有電梯),住家用,1140416.0,95.77,2,2,1,有,有,21200000,240681.0,其他,14.75,1700000,預售屋、或土地及建物分件登記案件；,RPRNMLKMNHKGFEA77DA,48.12,0.0,4.92,有,,
北投區,房地(土地+建物)+車位,石牌路二段３１７號九樓之２,13.72,住,,,1100904,土地1建物1車位1,九層,十一層,住宅大樓(11層含以上有電梯),住家用,1140416.0,95.77,2,2,1,有,有,22100000,251790.0,其他,14.75,1700000,預售屋、或土地及建物分件登記案件；,RPUPMLKMNHKGFEA28DA,48.12,0.0,4.92,有,,
南港區,房地(土地+建物)+車位,向陽路１２０巷２弄３７號十四樓,21.65,住,,,1100918,土地1建物1車位1,十四層,十五層,住宅大樓(11層含以上有電梯),住家用,1131106.0,174.43,3,2,2,有,有,40000000,271366.0,坡道平面,37.53,2850000,本案於112年11月30日簽立讓渡同意書，讓渡金額不變。預售屋、或土地及建物分件登記案件；,RPXONLMKNHKGFDA48DA,90.2,2.11,9.56,有,,
中山區,房地(土地+建物),松江路２５２巷１０號五樓之１,6.5,住,,,1100903,土地1建物1車位0,五層,十層,華廈(10層含以下有電梯),住家用,1140207.0,38.79,1,0,1,有,有,12220000,315030.0,,0.0,0,預售屋、或土地及建物分件登記案件；,RPTPMLOLLHKGFCA08DA,21.89,0.0,1.83,有,,
中山區,房地(土地+建物),松江路２５２巷１０號二樓之２,5.87,住,,,1100915,土地1建物1車位0,二層,十層,華廈(10層含以下有電梯),住家用,1140207.0,35.02,1,0,1,有,有,10830000,309252.0,,0.0,0,於民國114年1月22日簽訂契約更名讓渡協議書。預售屋、或土地及建物分件登記案件；,RPOQMLOLLHKGFCA67DA,18.5,0.0,2.92,有,,
中山區,房地(土地+建物),松江路２５２巷１０號四樓之２,11.74,住,,,1100913,土地1建物1車位0,四層,十層,華廈(10層含以下有電梯),住家用,1140207.0,70.03999999999999,1,1,1,有,有,21860000,312107.0,,0.0,0,1.於民國113年11月1日簽訂契約更名讓渡協議書。2.預售屋申報書序號：B1AC11009190014、B1AC11009200001合併戶預售屋、或土地及建物分件登記案件；,RPQQMLOLLHKGFCA87DA,36.99,0.0,5.84,有,,
大安區,房地(土地+建物)+車位,大安路一段２０６巷１５號六樓,19.89,住,,,1100926,土地1建物1車位1,六層,十二層,住宅大樓(11層含以上有電梯),住家用,1140528.0,159.41000000000005,3,2,2,有,有,65500000,441509.0,其他,17.85,3000000,土地買賣價格:4187.5萬元正，房屋買賣價格:2062.5萬元正車位買賣價格:300萬元正。預售屋權利讓渡1/2夫妻間讓渡，讓渡日期114年3月28日預售屋、或土地及建物分件登記案件；,RPTOMLRJQHKGFFA88DA,82.13,0.0,9.16,有,,
萬華區,房地(土地+建物)+車位,西藏路４２８巷９號四樓,26.7,住,,,1100910,土地1建物1車位1,四層,十四層,住宅大樓(11層含以上有電梯),住家用,1140516.0,185.61,1,2,2,有,有,34320000,209221.0,坡道平面,34.0,2600000,預售屋、或土地及建物分件登記案件；,RPQOMLNKQHKGFBA87DA,88.33,5.23,4.37,有,,
萬華區,房地(土地+建物)+車位,西藏路４２８巷９號四樓之１,15.61,住,,,1100910,土地1建物1車位1,四層,十四層,住宅大樓(11層含以上有電梯),住家用,1140516.0,124.46,2,2,1,有,有,20580000,198762.0,坡道平面,34.0,2600000,114/03/18夫妻之間更名預售屋、或土地及建物分件登記案件；,RPQNMLPKQHKGFBA97DA,51.87,3.07,4.0,有,,
萬華區,房地(土地+建物)+車位,西藏路４２８巷７號六樓之３,14.99,住,,,1100916,土地1建物1車位1,六層,十四層,住宅大樓(11層含以上有電梯),住家用,1140516.0,122.22,2,2,2,有,有,21680000,216277.0,坡道平面,34.0,2600000,112/12/19權利讓渡之契約成交價格貳仟肆佰萬元整預售屋、或土地及建物分件登記案件；,RPXPMLTKQHKGFBA66DA,49.71,2.04,6.26,有,,
北投區,房地(土地+建物)+車位,石牌路二段３１７號七樓之１,13.85,住,,,1100819,土地1建物1車位1,七層,十一層,住宅大樓(11層含以上有電梯),住家用,1140416.0,95.6,2,2,1,有,有,23000000,263451.0,其他,14.75,1700000,預售屋、或土地及建物分件登記案件；,RPTOMLKMNHKGFEA08DA,48.31,0.0,5.12,有,,
北投區,房地(土地+建物),石牌路二段３１７號四樓之１,13.85,住,,,1100828,土地1建物1車位0,四層,十一層,住宅大樓(11層含以上有電梯),住家用,1140416.0,80.85,2,2,1,有,有,20900000,258503.0,,0.0,0,本案於114.4.10.權利轉讓。預售屋、或土地及建物分件登記案件；,RPPPMLKMNHKGFEA77DA,48.31,0.0,5.12,有,,
北投區,房地(土地+建物)+車位,石牌路二段３１７號四樓,12.98,住,,,1100828,土地1建物1車位1,四層,十一層,住宅大樓(11層含以上有電梯),住家用,1140416.0,91.5,2,2,1,有,有,21600000,259283.0,其他,14.75,1700000,本案於114.3.19.權利轉讓。預售屋、或土地及建物分件登記案件；,RPRPMLKMNHKGFEA97DA,45.46,0.0,4.63,有,,
中山區,房地(土地+建物),松江路２５２巷１０號三樓,6.11,住,,,1100828,土地1建物1車位0,三層,十層,華廈(10層含以下有電梯),住家用,1140207.0,36.73,1,0,1,有,有,11250000,306289.0,,0.0,0,預售屋、或土地及建物分件登記案件；,RPTOMLOLLHKGFCA97DA,19.79,0.0,2.79,有,,
中山區,房地(土地+建物),松江路２５２巷１０號三樓之１,6.5,住,,,1100828,土地1建物1車位0,三層,十層,華廈(10層含以下有電梯),住家用,1140207.0,38.79,1,0,1,有,有,12180000,313998.0,,0.0,0,預售屋、或土地及建物分件登記案件；,RPRPMLOLLHKGFCA87DA,21.89,0.0,1.83,有,,
北投區,房地(土地+建物)+車位,石牌路二段３１７號二樓之２,13.72,住,,,1100825,土地1建物1車位1,二層,十一層,住宅大樓(11層含以上有電梯),住家用,1140416.0,95.77,2,2,1,有,有,20300000,229573.0,其他,14.75,1700000,本案於114.1.22.權利轉讓，權利轉讓總金額2030萬元整。預售屋、或土地及建物分件登記案件；,RPTPMLKMNHKGFEA18DA,48.12,0.0,4.92,有,,
北投區,房地(土地+建物),石牌路二段３１７號八樓之２,13.72,住,,,1100830,土地1建物1車位0,八層,十一層,住宅大樓(11層含以上有電梯),住家用,1140416.0,81.02,2,2,1,有,有,20200000,249321.0,,0.0,0,本案於114.2.4.權利轉讓。預售屋、或土地及建物分件登記案件；,RPWPMLKMNHKGFEA48DA,48.12,0.0,4.92,有,,
南港區,房地(土地+建物)+車位,興南街９１號十七樓,20.92,住,,,1100813,土地1建物1車位1,十七層,二十六層,住宅大樓(11層含以上有電梯),住家用,1131230.0,180.07,3,2,2,有,有,43500000,257360.0,坡道平面,23.48,3200000,預售屋、或土地及建物分件登記案件；,RPXNMLRKOHKGFDA88DA,89.69,3.43,10.59,有,,
萬華區,房地(土地+建物)+車位,西藏路４２８巷７號六樓,26.7,住,,,1100818,土地1建物1車位1,六層,十四層,住宅大樓(11層含以上有電梯),住家用,1140516.0,185.61,3,2,2,有,有,34500000,211068.0,坡道平面,34.0,2500000,預售屋、或土地及建物分件登記案件；,RPTNMLOKQHKGFBA18DA,88.33,5.23,4.37,有,,
南港區,房地(土地+建物)+車位,興南街９３之１號十五樓,11.93,住,,,1100726,土地1建物1車位1,十五層,二十六層,住宅大樓(11層含以上有電梯),住家用,1131230.0,113.19,2,2,2,有,有,26600000,261955.0,坡道平面,23.48,3100000,111.10.13簽訂預售屋房地買賣契約書權利轉讓協議書，交易總價不變。預售屋、或土地及建物分件登記案件；,RPVNMLQKOHKGFDA58DA,50.97,3.37,5.05,有,,
中山區,房地(土地+建物),松江路２５２巷１０號六樓,6.11,住,,,1100629,土地1建物1車位0,六層,十層,華廈(10層含以下有電梯),住家用,1140207.0,36.73,1,0,1,有,有,11120000,302750.0,,0.0,0,於民國112年5月4日簽訂契約更名讓渡協議書。於民國112年4月5日簽訂預售屋權利買賣契約書暨價金信託履約管理申請書新台幣壹仟壹佰伍拾萬元整預售屋、或土地及建物分件登記案件；,RPWOMLOLLHKGFCA28DA,19.79,0.0,2.79,有,,
中山區,房地(土地+建物),松江路２５２巷１０號六樓之２,5.87,住,,,1100521,土地1建物1車位0,六層,十層,華廈(10層含以下有電梯),住家用,1140207.0,35.02,1,0,1,有,有,11300000,322673.0,,0.0,0,預售屋、或土地及建物分件登記案件；,RPSQMLOLLHKGFCA08DA,18.5,0.0,2.92,有,,
中山區,房地(土地+建物),松江路２５２巷１０號八樓之１,14.66,住,,,1100519,土地1建物1車位0,八層,十層,華廈(10層含以下有電梯),住家用,1140207.0,87.49000000000001,2,1,2,有,有,28800000,329180.0,,0.0,0,於民國114年5月6日簽訂契約更名讓渡協議書預售屋、或土地及建物分件登記案件；,RPOOMLMKNHKGFCA37DA,49.3,0.0,4.2,有,,
萬華區,房地(土地+建物)+車位,西藏路４２８巷９號十一樓,26.7,住,,,1100516,土地1建物1車位2,十一層,十四層,住宅大樓(11層含以上有電梯),住家用,1140516.0,219.62,3,2,2,有,有,38680000,215539.0,坡道平面,68.0,6000000,預售屋、或土地及建物分件登記案件；,RPROMLNKQHKGFBA97DA,88.33,5.23,4.37,有,,
萬華區,房地(土地+建物)+車位,西藏路４２８巷７號十一樓,26.7,住,,,1100516,土地1建物1車位2,十一層,十四層,住宅大樓(11層含以上有電梯),住家用,1140516.0,219.62,3,2,2,有,有,38680000,215539.0,坡道平面,68.0,6000000,預售屋、或土地及建物分件登記案件；,RPSOMLNKQHKGFBA08DA,88.33,5.23,4.37,有,,
萬華區,房地(土地+建物),西藏路４２８巷７號七樓之２,23.41,住,,,1100511,土地1建物1車位0,七層,十四層,住宅大樓(11層含以上有電梯),住家用,1140516.0,134.83,3,2,2,有,有,28000000,207669.0,,0.0,0,預售屋、或土地及建物分件登記案件；,RPUNMLOKQHKGFBA28DA,77.14,6.35,4.46,有,,
中山區,房地(土地+建物),松江路２５２巷１０號七樓之６,6.22,住,,,1100407,土地1建物1車位0,七層,十層,華廈(10層含以下有電梯),住家用,1140207.0,37.34,1,0,1,有,有,11880000,318157.0,,0.0,0,預售屋、或土地及建物分件登記案件；,RPWRMLOLLHKGFCA58DA,20.86,0.0,2.06,有,,
中山區,房地(土地+建物),松江路２５２巷１０號七樓之５,6.98,住,,,1100420,土地1建物1車位0,七層,十層,華廈(10層含以下有電梯),住家用,1140207.0,41.65,1,0,1,有,有,14200000,340936.0,,0.0,0,預售屋、或土地及建物分件登記案件；,RPTRMLOLLHKGFCA28DA,23.23,0.0,2.24,有,,
中山區,房地(土地+建物),松江路２５２巷１０號二樓之３,5.87,住,,,1100416,土地1建物1車位0,二層,十層,華廈(10層含以下有電梯),住家用,1140207.0,35.02,1,0,1,有,有,10680000,304969.0,,0.0,0,預售屋、或土地及建物分件登記案件；,RPUQMLOLLHKGFCA28DA,18.5,0.0,2.92,有,,
南港區,房地(土地+建物)+車位,興南街９３之１號十九樓,11.93,住,,,1100416,土地1建物1車位1,十九層,二十六層,住宅大樓(11層含以上有電梯),住家用,1131230.0,110.46,2,2,2,有,有,26700000,265329.0,坡道平面,20.76,2900000,預售屋、或土地及建物分件登記案件；,RPQOMLRKOHKGFDA28DA,50.97,3.37,5.05,有,,
南港區,房地(土地+建物)+車位,興南街９３號二十六樓,20.14,住,,,1100422,土地1建物1車位1,二十六層,二十六層,住宅大樓(11層含以上有電梯),住家用,1131230.0,174.38,3,2,2,有,有,44000000,270378.0,坡道平面,23.48,3200000,預售屋、或土地及建物分件登記案件；,RPTNMLKLQHKGFDA08DA,88.58,5.81,5.61,有,,
萬華區,房地(土地+建物)+車位,西藏路４２８巷５號五樓,25.47,住,,,1100402,土地1建物1車位1,五層,六層,華廈(10層含以下有電梯),住家用,1140516.0,179.51999999999998,3,2,2,有,有,34250000,214747.0,坡道平面,34.0,3000000,預售屋、或土地及建物分件登記案件；,RPXNMLNKQHKGFBA48DA,84.13,2.65,7.61,有,,
萬華區,房地(土地+建物)+車位,西藏路４２８巷５號六樓,25.47,住,,,1100406,土地1建物1車位2,六層,六層,華廈(10層含以下有電梯),住家用,1140516.0,213.52,2,2,2,有,有,37680000,217702.0,坡道平面,68.0,6000000,預售屋、或土地及建物分件登記案件；,RPPOMLNKQHKGFBA77DA,84.13,2.65,7.61,有,,
萬華區,房地(土地+建物),西藏路４２８巷９號五樓之１,15.61,住,,,1100404,土地1建物1車位0,五層,十四層,住宅大樓(11層含以上有電梯),住家用,1140516.0,90.46,2,2,2,有,有,18380000,203184.0,,0.0,0,預售屋、或土地及建物分件登記案件；,RPROMLMLQHKGFBA97DA,51.87,3.07,4.0,有,,
萬華區,房地(土地+建物),西藏路４２８巷７號五樓之３,14.99,住,,,1100418,土地1建物1車位0,五層,十四層,住宅大樓(11層含以上有電梯),住家用,1140516.0,88.22,2,2,2,有,有,18360000,208116.0,,0.0,0,114/2/2夫妻更名，聯名改為一人預售屋、或土地及建物分件登記案件；,RPUOMLLJRHKGFBA08DA,49.71,2.04,6.26,有,,
南港區,房地(土地+建物)+車位,興南街９１號二十三樓,20.92,住,,,1100312,土地1建物1車位1,二十三層,二十六層,住宅大樓(11層含以上有電梯),住家用,1131230.0,180.07,3,2,2,有,有,43000000,255444.0,坡道平面,23.48,3000000,預售屋、或土地及建物分件登記案件；,RPUNMLQKOHKGFDA48DA,89.69,3.43,10.59,有,,
萬華區,房地(土地+建物),西藏路４２８巷７號五樓之１,15.61,住,,,1100327,土地1建物1車位0,五層,十四層,住宅大樓(11層含以上有電梯),住家用,1140516.0,90.6,2,2,2,有,有,18710000,206512.0,,0.0,0,預售屋、或土地及建物分件登記案件；,RPOOMLSJQHKGFBA08DA,51.87,3.21,4.0,有,,
萬華區,房地(土地+建物)+車位,西藏路４２８巷５號二樓,25.47,住,,,1100327,土地1建物1車位1,二層,六層,華廈(10層含以下有電梯),住家用,1140516.0,178.68,3,2,2,有,有,33100000,209428.0,坡道平面,34.0,2800000,預售屋、或土地及建物分件登記案件；,RPROMLSJQHKGFBA38DA,84.13,1.81,7.61,有,,
萬華區,房地(土地+建物),西藏路４２８巷７號九樓之１,15.61,住,,,1100313,土地1建物1車位0,九層,十四層,住宅大樓(11層含以上有電梯),住家用,1140516.0,90.61,2,2,2,有,有,19080000,210573.0,,0.0,0,113/08/30母女更名預售屋、或土地及建物分件登記案件；,RPRNMLPKQHKGFBA08DA,51.87,3.21,4.0,有,,
大安區,房地(土地+建物)+車位,濟南路三段５２號二樓,34.62,住,,,1100203,土地1建物1車位1,二層,十九層,住宅大樓(11層含以上有電梯),住家用,1140305.0,235.6,3,2,2,有,無,78680000,388463.0,坡道平面,43.87,4200000,,RPUNMLLJQHKGFFA28DA,118.47,0.0,9.44,有,,
大同區,房地(土地+建物)+車位,承德路二段１４５號十三樓之２,7.34,住,,,1100119,土地1建物1車位1,十三層,十五層,住宅大樓(11層含以上有電梯),住家用,1131111.0,78.08,1,0,1,有,有,16750000,229600.0,升降機械,11.66,1500000,,RPVNMLRLKIJGFBA18DA,21.38,0.0,19.91,有,,
大同區,房地(土地+建物),承德路二段１４５號十五樓之２,7.34,住,,,1100127,土地1建物1車位0,十五層,十五層,住宅大樓(11層含以上有電梯),住家用,1131111.0,66.42,0,0,1,有,有,15800000,237880.0,,0.0,0,112年4月14日原買方讓渡，成交金額1600萬元整,RPXNMLSKJHKGFBA28DA,21.38,0.0,19.91,有,,
南港區,房地(土地+建物)+車位,興南街９１之１號十樓,9.83,住,,,1100107,土地1建物1車位1,十層,二十六層,住宅大樓(11層含以上有電梯),住家用,1131230.0,97.11,2,2,2,有,有,23170000,268505.0,坡道平面,23.48,3400000,預售屋、或土地及建物分件登記案件；,RPOOMLRKOHKGFDA08DA,43.77,1.64,3.35,有,,
大同區,房地(土地+建物),承德路二段１４５號四樓之３,5.35,住,,,1100109,土地1建物1車位0,四層,十五層,住宅大樓(11層含以上有電梯),住家用,1131111.0,48.39,0,0,1,有,有,11900000,245919.0,,0.0,0,,RPROMLRLKIJGFBA87DA,24.65,0.0,5.43,有,,
大安區,房地(土地+建物)+車位,濟南路三段５６號二樓,34.62,住,,,1100127,土地1建物1車位1,二層,十九層,住宅大樓(11層含以上有電梯),住家用,1140305.0,235.6,3,2,2,有,無,79900000,397434.0,坡道平面,43.87,3700000,,RPQNMLLMPHKGFFA08DA,118.47,0.0,9.44,有,,
大同區,房地(土地+建物),承德路二段１４５號三樓之３,5.35,住,,,1100124,土地1建物1車位0,三層,十五層,住宅大樓(11層含以上有電梯),住家用,1131111.0,48.39,0,0,1,有,有,11830000,244472.0,,0.0,0,114年7月11日原買方讓渡，依相同價格讓渡。,RPTNMLOKPHKGFBA08DA,24.65,0.0,5.43,有,,
大同區,房地(土地+建物),承德路二段１４５號五樓之３,5.35,住,,,1091204,土地1建物1車位0,五層,十五層,住宅大樓(11層含以上有電梯),住家用,1131111.0,48.39,0,0,1,有,有,11950000,246952.0,,0.0,0,,RPSOMLRLKIJGFBA97DA,24.65,0.0,5.43,有,,
大安區,房地(土地+建物)+車位,濟南路三段５６號二樓之１,27.28,住,,,1091217,土地1建物1車位1,二層,十九層,住宅大樓(11層含以上有電梯),住家用,1140305.0,194.7,3,2,2,有,無,68180000,426175.0,坡道平面,43.87,3900000,,RPRNMLLMPHKGFFA18DA,93.2,0.0,7.44,有,,
大安區,房地(土地+建物)+車位,濟南路三段５６號六樓之１,27.5,住,,,1091215,土地1建物1車位2,六層,十九層,住宅大樓(11層含以上有電梯),住家用,1140305.0,235.08,3,2,2,有,無,73900000,441527.0,坡道平面,84.24,7300000,,RPPOMLLMPHKGFFA08DA,93.2,0.0,7.44,有,,
大安區,房地(土地+建物)+車位,濟南路三段５２號九樓,34.62,住,,,1091230,土地1建物1車位1,九層,十九層,住宅大樓(11層含以上有電梯),住家用,1140305.0,235.6,3,2,2,有,無,93000000,463151.0,坡道平面,43.87,4200000,,RPQOMLLMPHKGFFA18DA,118.47,0.0,9.44,有,,
大安區,房地(土地+建物)+車位,濟南路三段５２號九樓之１,27.28,住,,,1091213,土地1建物1車位1,九層,十九層,住宅大樓(11層含以上有電梯),住家用,1140305.0,194.7,3,2,2,有,無,70880000,444076.0,坡道平面,43.87,3900000,,RPSOMLLMPHKGFFA38DA,93.2,0.0,7.44,有,,
大安區,房地(土地+建物)+車位,濟南路三段５６號九樓之１,27.28,住,,,1091216,土地1建物1車位1,九層,十九層,住宅大樓(11層含以上有電梯),住家用,1140305.0,194.7,3,2,2,有,無,69580000,435457.0,坡道平面,43.87,3900000,民國113年6月27日讓渡讓渡金額為7700萬元整,RPTOMLLMPHKGFFA48DA,93.2,0.0,7.44,有,,
大安區,房地(土地+建物)+車位,濟南路三段５６號十樓,60.08,住,,,1091205,土地1建物1車位3,十層,十九層,住宅大樓(11層含以上有電梯),住家用,1140305.0,462.94,3,2,4,有,無,178280000,504572.0,坡道平面,131.61,11100000,,RPPOMLLJQHKGFFA87DA,199.08,0.0,21.97,有,,
大安區,房地(土地+建物)+車位,濟南路三段５２號二樓之１,27.28,住,,,1091206,土地1建物1車位1,二層,十九層,住宅大樓(11層含以上有電梯),住家用,1140305.0,194.7,3,2,2,有,無,65800000,411722.0,坡道平面,43.87,3700000,,RPTNMLPJQHKGFFA58DA,93.2,0.0,7.44,有,,
大安區,房地(土地+建物)+車位,濟南路三段５２號四樓之１,27.28,住,,,1091206,土地1建物1車位1,四層,十九層,住宅大樓(11層含以上有電梯),住家用,1140305.0,194.7,3,2,2,有,無,70580000,443413.0,坡道平面,43.87,3700000,,RPTNMLLMPHKGFFA38DA,93.2,0.0,7.44,有,,
大安區,房地(土地+建物)+車位,濟南路三段５２號十三樓,59.86,住,,,1091214,土地1建物1車位2,十三層,十九層,住宅大樓(11層含以上有電梯),住家用,1140305.0,419.0700000000001,3,2,4,有,無,173380000,498838.0,坡道平面,87.74,8100000,民國114年3月6日讓渡讓渡金額為17600萬元整,RPUNMLTLQHKGFFA66DA,199.08,0.0,21.97,有,,
大安區,房地(土地+建物)+車位,濟南路三段５６號三樓,34.62,住,,,1091108,土地1建物1車位1,三層,十九層,住宅大樓(11層含以上有電梯),住家用,1140305.0,235.6,3,2,2,有,無,87780000,437490.0,坡道平面,43.87,3900000,,RPSNMLLMPHKGFFA28DA,118.47,0.0,9.44,有,,
大安區,房地(土地+建物)+車位,濟南路三段５２號五樓,34.62,住,,,1091124,土地1建物1車位1,五層,十九層,住宅大樓(11層含以上有電梯),住家用,1140305.0,235.6,3,2,2,有,無,91380000,456267.0,坡道平面,43.87,3900000,,RPUNMLLMPHKGFFA48DA,118.47,0.0,9.44,有,,
大安區,房地(土地+建物)+車位,濟南路三段５６號五樓,34.62,住,,,1091124,土地1建物1車位1,五層,十九層,住宅大樓(11層含以上有電梯),住家用,1140305.0,235.6,3,2,2,有,無,89030000,444010.0,坡道平面,43.87,3900000,,RPVNMLLMPHKGFFA58DA,118.47,0.0,9.44,有,,
大安區,房地(土地+建物)+車位,濟南路三段５２號六樓之１,27.28,住,,,1091130,土地1建物1車位1,六層,十九層,住宅大樓(11層含以上有電梯),住家用,1140305.0,194.7,3,2,2,有,無,71680000,450706.0,坡道平面,43.87,3700000,民國111年5月4日讓渡讓渡金額為7168萬元整,RPWNMLLMPHKGFFA68DA,93.2,0.0,7.44,有,,
大安區,房地(土地+建物)+車位,濟南路三段５６號三樓之１,27.28,住,,,1091108,土地1建物1車位1,三層,十九層,住宅大樓(11層含以上有電梯),住家用,1140305.0,194.7,3,2,2,有,無,69480000,434794.0,坡道平面,43.87,3900000,民國114年3月25日讓渡配偶讓渡,RPXNMLLMPHKGFFA78DA,93.2,0.0,7.44,有,,
大安區,房地(土地+建物)+車位,濟南路三段５２號三樓之１,27.28,住,,,1091112,土地1建物1車位1,三層,十九層,住宅大樓(11層含以上有電梯),住家用,1140305.0,194.7,3,2,2,有,無,70580000,443413.0,坡道平面,43.87,3700000,,RPROMLLMPHKGFFA28DA,93.2,0.0,7.44,有,,
大安區,房地(土地+建物)+車位,濟南路三段５６號六樓,34.84,住,,,1091115,土地1建物1車位2,六層,十九層,住宅大樓(11層含以上有電梯),住家用,1140305.0,275.97,3,2,2,有,無,93030000,447139.0,坡道平面,84.24,7300000,民國113年6月7日讓渡配偶讓渡,RPSOMLLJQHKGFFA18DA,118.47,0.0,9.44,有,,
大安區,房地(土地+建物)+車位,濟南路三段５２號三樓,34.62,住,,,1091120,土地1建物1車位1,三層,十九層,住宅大樓(11層含以上有電梯),住家用,1140305.0,235.6,3,2,2,有,無,90000000,450112.0,坡道平面,43.87,3700000,,RPVNMLLJQHKGFFA38DA,118.47,0.0,9.44,有,,
大安區,房地(土地+建物)+車位,濟南路三段５２號五樓之１,27.28,住,,,1091114,土地1建物1車位1,五層,十九層,住宅大樓(11層含以上有電梯),住家用,1140305.0,194.7,3,2,2,有,無,71580000,450043.0,坡道平面,43.87,3700000,,RPWNMLLJQHKGFFA48DA,93.2,0.0,7.44,有,,
大安區,房地(土地+建物)+車位,濟南路三段５６號九樓,34.62,住,,,1091117,土地1建物1車位1,九層,十九層,住宅大樓(11層含以上有電梯),住家用,1140305.0,235.6,3,2,2,有,無,91000000,455328.0,坡道平面,43.87,3700000,,RPXNMLLJQHKGFFA58DA,118.47,0.0,9.44,有,,
大安區,房地(土地+建物)+車位,濟南路三段５２號十七樓,59.86,住,,,1091118,土地1建物1車位2,十七層,十九層,住宅大樓(11層含以上有電梯),住家用,1140305.0,415.58,3,2,4,有,無,176680000,511197.0,坡道平面,84.24,7300000,,RPVNMLPJQHKGFFA78DA,199.08,0.0,21.97,有,,
大安區,房地(土地+建物)+車位,濟南路三段５６號十三樓,60.08,住,,,1091109,土地1建物1車位3,十三層,十九層,住宅大樓(11層含以上有電梯),住家用,1140305.0,459.41,3,2,4,有,無,179980000,508179.0,坡道平面,128.07,11600000,,RPOOMLPJQHKGFFA18DA,199.08,0.0,21.97,有,,
大安區,房地(土地+建物)+車位,濟南路三段５２號十樓,60.08,住,,,1091124,土地1建物1車位3,十層,十九層,住宅大樓(11層含以上有電梯),住家用,1140305.0,459.41,3,2,4,有,無,177150000,499638.0,坡道平面,128.07,11600000,,RPOOMLLJQHKGFFA77DA,199.08,0.0,21.97,有,,
大同區,房地(土地+建物)+車位,承德路二段１４５號十五樓,6.98,住,,,1091005,土地1建物1車位1,十五層,十五層,住宅大樓(11層含以上有電梯),住家用,1131111.0,74.87,2,1,1,有,有,17300000,249960.0,升降機械,11.66,1500000,,RPWOMLSKKIJGFBA38DA,35.48,0.0,3.82,有,,
士林區,房地(土地+建物),中山北路七段１１４巷１號三樓之１,18.39,住,,,1090923,土地1建物1車位0,三層,九層,華廈(10層含以下有電梯),住家用,1130822.0,87.15,2,1,1,有,有,22800000,261618.0,,0.0,0,預售屋、或土地及建物分件登記案件；,RPUNMLQJJIJGFEA97DA,50.76,0.0,6.98,有,,
大同區,房地(土地+建物),承德路二段１４５號四樓之１,4.9,住,,,1090828,土地1建物1車位0,四層,十五層,住宅大樓(11層含以上有電梯),住家用,1131111.0,44.37,1,1,1,有,有,11150000,251296.0,,0.0,0,,RPVOMLRKKIJGFBA18DA,26.01,0.0,1.57,有,,
信義區,房地(土地+建物)+車位,吳興街６００巷３０號九樓,13.45,住,,,1090515,土地2建物1車位1,九層,十三層,住宅大樓(11層含以上有電梯),住家用,1131126.0,105.14,2,1,1,有,無,18480000,234208.0,坡道平面,36.91,2500000,預售屋、或土地及建物分件登記案件；,RPPOMLNKNHKGFDA77EA,41.79,0.0,3.85,有,,
信義區,房地(土地+建物)+車位,吳興街６００巷３６號七樓,27.33,住,,,1090509,土地2建物1車位1,七層,十三層,住宅大樓(11層含以上有電梯),住家用,1131126.0,180.99,3,2,2,有,無,36380000,233065.0,坡道平面,36.91,2800000,預售屋、或土地及建物分件登記案件；,RPVOMLNKNHKGFDA38EA,85.31,0.0,11.08,有,,
信義區,房地(土地+建物)+車位,吳興街６００巷３０號十二樓,13.45,住,,,1090515,土地2建物1車位1,十二層,十三層,住宅大樓(11層含以上有電梯),住家用,1131126.0,105.14,2,1,1,有,無,18660000,238312.0,坡道平面,36.91,2400000,預售屋、或土地及建物分件登記案件；,RPUNMLRLNHKGFDA68EA,41.79,0.0,3.85,有,,
信義區,房地(土地+建物),吳興街６００巷３０號十一樓,13.29,住,,,1090515,土地2建物1車位0,十一層,十三層,住宅大樓(11層含以上有電梯),住家用,1131126.0,68.23,2,1,1,有,無,16160000,236846.0,,0.0,0,預售屋、或土地及建物分件登記案件；,RPVNMLRLNHKGFDA78EA,41.79,0.0,3.85,有,,
信義區,房地(土地+建物)+車位,吳興街６００巷３６號二樓,27.33,住,,,1090510,土地2建物1車位1,二層,十三層,住宅大樓(11層含以上有電梯),住家用,1131126.0,180.99,3,2,2,有,無,34280000,220572.0,坡道平面,36.91,2500000,換約轉讓取得，取得總價款3428萬元原額轉讓預售屋、或土地及建物分件登記案件；,RPRNMLTLPHKGFDA78EA,85.31,0.0,11.08,有,,
信義區,房地(土地+建物)+車位,吳興街６００巷２２號二樓,22.8,住,,,1090501,土地2建物1車位1,二層,十三層,住宅大樓(11層含以上有電梯),住家用,1131126.0,156.86,3,2,2,有,無,28390000,215006.0,坡道平面,36.91,2600000,111年3月23日換約取得高OO取得總價款為3188萬元。114年5月20日原額轉讓楊OO。預售屋、或土地及建物分件登記案件；,RPWNMLTLPHKGFDA66EA,71.21,0.0,9.06,有,,
