交易標的,地址,幾樓,屋齡,是否有電梯,坪數,每坪價格,車位坪數,車位每坪價格,緯度,經度,最近捷運站出口,距離(公尺),類別
房地(土地+建物),延平北路五段５０號九樓,9.0,9.0,1,43.4,553039,0.0,,25.080185,121.511019,圓山站出口2,1309,有電梯_7樓以上
房地(土地+建物)+車位,文德路２１０巷３０弄１００號八樓之１,8.0,19.0,1,38.6,787891,8.77,0.0,25.076408,121.584807,文德站出口2,217,有電梯_7樓以上
房地(土地+建物)+車位,松江路４２８號十三樓,13.0,15.0,1,61.27,956966,11.95,0.0,25.065279,121.532976,行天宮站出口4,546,有電梯_7樓以上
房地(土地+建物),汀州路三段６０巷２弄２號八樓之１,8.0,21.0,1,46.83,764419,0.0,,25.015412,121.530835,公館站出口4,282,有電梯_7樓以上
房地(土地+建物),逸仙路２６巷９號八樓,8.0,44.0,1,37.95,974848,0.0,,25.039707,121.562159,市政府站出口2,324,有電梯_7樓以上
房地(土地+建物)+車位,汀州路四段１９１號十一樓,11.0,11.0,1,77.8,656788,0.0,,25.003649,121.535826,萬隆站出口4,297,有電梯_7樓以上
房地(土地+建物)+車位,健康路３２５巷２５弄１０號十樓,10.0,1.0,1,54.73,1129584,12.06,0.0,25.05638,121.566473,南京三民站出口4,562,有電梯_7樓以上
房地(土地+建物),松山路２６０號十一樓,11.0,38.0,1,20.99,709847,0.0,,25.044135,121.577452,永春站出口5,363,有電梯_7樓以上
房地(土地+建物),建國北路二段１０９號十一樓,11.0,36.0,1,37.26,730022,0.0,,25.059293,121.53732,行天宮站出口3,401,有電梯_7樓以上
房地(土地+建物)+車位,大業路４６０號十三樓,13.0,25.0,1,37.85,597161,0.0,,25.13187,121.496372,北投站出口1,183,有電梯_7樓以上
房地(土地+建物)+車位,麗山街５９號十二樓,12.0,10.0,1,85.86,997211,13.15,0.0,25.081324,121.580526,港墘站出口1,494,有電梯_7樓以上
房地(土地+建物),延壽街３３２號九樓之３,9.0,13.0,1,63.99,875168,0.0,,25.056447,121.559878,南京三民站出口1,631,有電梯_7樓以上
房地(土地+建物)+車位,汀州路一段３５０號十五樓之２,15.0,2.0,1,56.54,919948,11.7,256410.0,25.026296,121.512699,中正紀念堂站出口2,881,有電梯_7樓以上
房地(土地+建物),興隆路三段１３７號十樓之５,10.0,14.0,1,10.94,749861,0.0,,24.998332,121.55878,萬芳醫院站出口,157,有電梯_7樓以上
房地(土地+建物),金龍路２２２巷１６號十樓之６,10.0,28.0,1,11.31,698469,0.0,,25.087985,121.585356,內湖站出口1,1014,有電梯_7樓以上
房地(土地+建物),文林路７６３號十樓之２,10.0,41.0,1,21.79,463536,0.0,,25.103191,121.519026,芝山站出口2,341,有電梯_7樓以上
房地(土地+建物)+車位,芝玉路一段２２６號十三樓之２,13.0,13.0,1,72.54,774264,9.25,324324.0,25.10904,121.534286,芝山站出口2,1335,有電梯_7樓以上
房地(土地+建物)+車位,迪化街二段１５８號十樓之９,10.0,1.0,1,35.04,784799,9.71,0.0,25.066822,121.510066,大橋頭站出口1A,423,有電梯_7樓以上
房地(土地+建物),幽雅路７號十一樓之８,11.0,13.0,1,18.62,412552,0.0,,25.137316,121.513129,新北投站出口1,968,有電梯_7樓以上
房地(土地+建物)+車位,民權東路六段２２２之１號八樓之１,8.0,14.0,1,45.25,743915,9.63,290758.0,25.066877,121.598798,葫洲站出口2,1054,有電梯_7樓以上
房地(土地+建物)+車位,建國北路三段７１號十一樓之９,11.0,6.0,1,37.27,752015,8.01,474407.0,25.065123,121.537204,行天宮站出口4,678,有電梯_7樓以上
房地(土地+建物)+車位,敦化南路二段５６號十一樓之１,11.0,40.0,1,90.52,1239210,14.66,341064.0,25.030632,121.548405,信義安和站出口2,477,有電梯_7樓以上
房地(土地+建物)+車位,內湖路二段３３８之１號九樓,9.0,7.0,1,26.75,578264,0.0,,25.081747,121.589394,文德站出口1,510,有電梯_7樓以上
房地(土地+建物)+車位,文林路７６０號十一樓,11.0,18.0,1,67.91,845912,9.98,300601.0,25.103333,121.519905,芝山站出口2,251,有電梯_7樓以上
房地(土地+建物),天母北路１０５巷１５弄１號八樓之２,8.0,27.0,1,10.13,592435,0.0,,25.124083,121.527458,石牌站出口1,1593,有電梯_7樓以上
房地(土地+建物)+車位,和平東路二段１８巷５號十樓之１,10.0,13.0,1,50.8,895638,0.0,,25.024653,121.53602,科技大樓站出口,785,有電梯_7樓以上
房地(土地+建物)+車位,內湖路一段４１１巷６８號九樓,9.0,5.0,1,166.36,957240,30.55,0.0,25.083995,121.57088,西湖站出口2,436,有電梯_7樓以上
房地(土地+建物)+車位,五常街１１巷５號十樓之１,10.0,2.0,1,46.7,943759,10.62,188324.0,25.064522,121.537885,行天宮站出口4,676,有電梯_7樓以上
房地(土地+建物)+車位,辛亥路四段２０９巷２０號二十二樓,22.0,2.0,1,44.13,911356,10.0,200000.0,25.002049,121.55605,萬芳醫院站出口,342,有電梯_7樓以上
房地(土地+建物)+車位,經貿二路２３５巷２９號十一樓,11.0,7.0,1,104.16,840081,0.0,,25.061246,121.616227,南港軟體園區站出口1,103,有電梯_7樓以上
房地(土地+建物)+車位,萬芳路１０７巷８號十四樓,14.0,9.0,1,79.3,779299,20.71,0.0,24.996967,121.561955,萬芳醫院站出口,503,有電梯_7樓以上
房地(土地+建物),敦化南路一段２３３巷３１號八樓,8.0,34.0,1,26.32,990749,0.0,,25.040494,121.551035,忠孝敦化站出口4,106,有電梯_7樓以上
房地(土地+建物)+車位,通河西街一段３號十樓,10.0,13.0,1,82.6,726388,0.0,,25.079456,121.515108,圓山站出口2,991,有電梯_7樓以上
房地(土地+建物)+車位,中坡南路２０１巷１８之３號十二樓,12.0,1.0,1,42.44,974461,9.91,302725.0,25.041398,121.586504,後山埤站出口2,534,有電梯_7樓以上
房地(土地+建物)+車位,研究院路一段１０１巷１６弄１０號九樓,9.0,9.0,1,42.99,799889,2.99,602007.0,25.05145,121.616278,南港展覽館站出口7,344,有電梯_7樓以上
房地(土地+建物)+車位,星雲街１３５號十二樓之３,12.0,17.0,1,71.99,908085,16.38,305250.0,25.080803,121.596185,內湖站出口2,353,有電梯_7樓以上
房地(土地+建物),辛亥路四段７７巷９２弄１１號十三樓之１,13.0,18.0,1,13.19,515582,0.0,,25.008661,121.561555,辛亥站出口,603,有電梯_7樓以上
房地(土地+建物),中華路二段４１６巷１１０號八樓,8.0,30.0,1,44.01,511240,0.0,,25.026848,121.502002,龍山寺站出口2,945,有電梯_7樓以上
房地(土地+建物),青年路３０巷８號九樓之２,9.0,35.0,1,30.92,582119,0.0,,25.02633,121.503791,龍山寺站出口3,1034,有電梯_7樓以上
房地(土地+建物)+車位,五常街１１巷７號十五樓之２,15.0,2.0,1,34.7,865792,11.51,217202.0,25.064767,121.537842,行天宮站出口4,692,有電梯_7樓以上
房地(土地+建物)+車位,五常街１１巷５號十一樓之１,11.0,2.0,1,58.21,1000579,22.13,212381.0,25.064522,121.537885,行天宮站出口4,676,有電梯_7樓以上
房地(土地+建物)+車位,潮州街６５號八樓,8.0,7.0,1,160.73,1265365,60.37,0.0,25.029154,121.525182,古亭站出口5,320,有電梯_7樓以上
房地(土地+建物)+車位,木新路三段９５巷７弄３號八樓,8.0,12.0,1,66.49,540233,13.07,191278.0,24.981723,121.563561,萬芳社區站出口,1937,有電梯_7樓以上
房地(土地+建物),復興南路二段３２９號十三樓,13.0,35.0,1,34.38,927390,0.0,,25.023787,121.543568,科技大樓站出口,263,有電梯_7樓以上
房地(土地+建物)+車位,建國北路三段７１號十三樓,13.0,6.0,1,25.18,784320,2.51,836653.0,25.065123,121.537204,行天宮站出口4,678,有電梯_7樓以上
房地(土地+建物)+車位,建國北路三段７１號十一樓,11.0,6.0,1,25.18,766675,2.51,836653.0,25.065123,121.537204,行天宮站出口4,678,有電梯_7樓以上
房地(土地+建物)+車位,延壽街３３０巷１６弄５號八樓之２,8.0,13.0,1,63.87,829814,0.0,,25.055134,121.559328,南京三民站出口1,551,有電梯_7樓以上
房地(土地+建物)+車位,臥龍街３１６號九樓之１,9.0,12.0,1,75.34,852387,27.83,179662.0,25.016603,121.559948,麟光站出口,256,有電梯_7樓以上
房地(土地+建物)+車位,迪化街二段１５８號十五樓之８,15.0,1.0,1,57.94,808616,9.71,0.0,25.066822,121.510066,大橋頭站出口1A,423,有電梯_7樓以上
房地(土地+建物)+車位,向陽路１９６巷８號十一樓,11.0,13.0,1,49.26,781990,6.81,264317.0,25.056383,121.594046,昆陽站出口3,645,有電梯_7樓以上
房地(土地+建物)+車位,民權東路六段２９６巷７２之２號八樓,8.0,26.0,1,46.16,628312,0.0,,25.070343,121.609091,葫洲站出口1,262,有電梯_7樓以上
房地(土地+建物),新生南路三段２３號十二樓,12.0,36.0,1,40.03,974201,0.0,,25.024732,121.534926,台電大樓站出口2,775,有電梯_7樓以上
房地(土地+建物)+車位,星雲街１６巷６３號八樓,8.0,9.0,1,68.95,910589,11.85,0.0,25.077149,121.591968,文德站出口1,659,有電梯_7樓以上
房地(土地+建物)+車位,莒光路３３９號十二樓,12.0,4.0,1,83.13,760662,16.74,328554.0,25.030828,121.497404,龍山寺站出口2,534,有電梯_7樓以上
房地(土地+建物)+車位,潮州街６５號十二樓,12.0,7.0,1,210.25,900038,60.37,228590.0,25.029154,121.525182,古亭站出口5,320,有電梯_7樓以上
房地(土地+建物)+車位,溫泉路６８巷６弄８號八樓,8.0,5.0,1,44.07,631699,11.15,233184.0,25.134438,121.505199,新北投站出口1,328,有電梯_7樓以上
房地(土地+建物)+車位,成福路１９１號十七樓,17.0,26.0,1,94.12,637591,27.0,185185.0,25.040926,121.58893,後山埤站出口3,744,有電梯_7樓以上
房地(土地+建物)+車位,東新街１１８巷７７號九樓,9.0,10.0,1,39.35,971601,9.5,294737.0,25.045769,121.589573,昆陽站出口1,597,有電梯_7樓以上
房地(土地+建物)+車位,松高路８６之１號十二樓,12.0,24.0,1,116.59,1460378,45.37,352656.0,25.038914,121.571598,永春站出口1,424,有電梯_7樓以上
房地(土地+建物),福興路１００之２號九樓,9.0,19.0,1,21.18,566545,0.0,,25.006279,121.549298,辛亥站出口,789,有電梯_7樓以上
房地(土地+建物)+車位,石牌路二段３１５巷２８弄１８號十三樓,13.0,6.0,1,74.9,587749,0.0,,25.123857,121.523345,石牌站出口1,1281,有電梯_7樓以上
房地(土地+建物),南深路３１號八樓之２,8.0,23.0,1,28.23,465779,0.0,,25.037027,121.62085,南港展覽館站出口7,1911,有電梯_7樓以上
房地(土地+建物),復興南路二段２９２號十樓,10.0,,1,38.04,856550,0.0,,25.023865,121.543234,科技大樓站出口,258,有電梯_7樓以上
房地(土地+建物)+車位,興隆路二段２０３巷５８號十二樓,12.0,23.0,1,41.72,632644,10.93,201281.0,25.002567,121.547571,萬隆站出口2,816,有電梯_7樓以上
房地(土地+建物)+車位,辛亥路六段３３號十二樓之１,12.0,14.0,1,51.02,663797,13.13,190404.0,24.989297,121.553074,萬芳醫院站出口,1216,有電梯_7樓以上
房地(土地+建物)+車位,幽雅路７號十三樓,13.0,13.0,1,33.03,523080,7.03,0.0,25.137316,121.513129,新北投站出口1,968,有電梯_7樓以上
房地(土地+建物),新生北路三段４３號九樓之２,9.0,44.0,1,15.65,618597,0.0,,25.065416,121.528038,中山國小站出口4,312,有電梯_7樓以上
房地(土地+建物)+車位,北安路６３０巷２５弄１８號八樓之１,8.0,24.0,1,53.06,961656,14.4,173611.0,25.083771,121.55021,大直站出口1,503,有電梯_7樓以上
房地(土地+建物),金山南路二段１４０號十七樓之１,17.0,37.0,1,32.0,946743,0.0,,25.029363,121.526215,古亭站出口5,415,有電梯_7樓以上
房地(土地+建物),辛亥路六段６９號九樓,9.0,25.0,1,27.32,636123,0.0,,24.988927,121.552659,大坪林站出口5,1167,有電梯_7樓以上
房地(土地+建物)+車位,西藏路１１９號十一樓,11.0,10.0,1,57.52,627638,0.0,,25.029546,121.502718,龍山寺站出口3,663,有電梯_7樓以上
房地(土地+建物)+車位,成功路五段４２０巷１７之５號八樓,8.0,25.0,1,47.94,846467,10.72,233209.0,25.075358,121.608337,葫洲站出口1,318,有電梯_7樓以上
房地(土地+建物),西藏路９８號十一樓,11.0,32.0,1,50.84,544506,0.0,,25.030416,121.505301,龍山寺站出口3,669,有電梯_7樓以上
房地(土地+建物)+車位,內湖路二段１０３巷１６號二十三樓,23.0,4.0,1,205.68,1416141,48.25,261140.0,25.080468,121.582119,文德站出口2,343,有電梯_7樓以上
房地(土地+建物)+車位,康樂街１３６巷１８弄３５號十四樓,14.0,9.0,1,37.86,779624,5.02,0.0,25.07125,121.618071,東湖站出口3,771,有電梯_7樓以上
房地(土地+建物),復興北路１９０巷１３號九樓之２,9.0,36.0,1,29.78,671567,0.0,,25.055446,121.542975,南京復興站出口1,325,有電梯_7樓以上
房地(土地+建物)+車位,臥龍街３１６號八樓之１,8.0,12.0,1,61.18,846282,13.91,179727.0,25.016603,121.559948,麟光站出口,256,有電梯_7樓以上
房地(土地+建物)+車位,辛亥路六段３３號十一樓之１,11.0,14.0,1,51.02,729781,13.13,0.0,24.989297,121.553074,萬芳醫院站出口,1216,有電梯_7樓以上
房地(土地+建物)+車位,忠誠路一段６２號十樓,10.0,26.0,1,75.48,837278,0.0,,25.104826,121.527415,芝山站出口2,523,有電梯_7樓以上
房地(土地+建物)+車位,基河路３００巷２７號十三樓,13.0,1.0,1,83.37,924804,18.28,262582.0,25.093602,121.518436,士林站出口1,760,有電梯_7樓以上
房地(土地+建物)+車位,萬大路４２３巷５２號十二樓之２,12.0,14.0,1,57.26,551838,0.0,,25.021721,121.501448,龍山寺站出口2,1498,有電梯_7樓以上
房地(土地+建物)+車位,木柵路四段１５３號九樓之１,9.0,23.0,1,54.56,645766,13.37,164547.0,24.999095,121.575052,木柵站出口,194,有電梯_7樓以上
房地(土地+建物)+車位,南京東路六段１４８號十二樓,12.0,15.0,1,30.43,761299,2.61,574713.0,25.055209,121.578849,松山站出口5,528,有電梯_7樓以上
房地(土地+建物)+車位,基河路３００巷２７號十樓,10.0,1.0,1,74.1,909723,9.14,240700.0,25.093602,121.518436,士林站出口1,760,有電梯_7樓以上
房地(土地+建物)+車位,福興路１０６巷２８弄１號十樓之２,10.0,12.0,1,32.98,614459,11.01,190736.0,25.006575,121.550103,辛亥站出口,716,有電梯_7樓以上
房地(土地+建物)+車位,金湖路１２５號八樓,8.0,9.0,1,130.51,896953,26.15,321224.0,25.080364,121.598135,內湖站出口2,508,有電梯_7樓以上
房地(土地+建物)+車位,政大二街１１７號九樓,9.0,25.0,1,45.5,408801,0.0,,24.988239,121.583216,動物園站出口2,1151,有電梯_7樓以上
房地(土地+建物),健康路１７４之１號十樓,10.0,44.0,1,18.02,893457,0.0,,25.053719,121.558693,南京三民站出口1,510,有電梯_7樓以上
房地(土地+建物)+車位,辛亥路四段２１巷２０號十三樓之１,13.0,26.0,1,58.53,411202,0.0,,25.009077,121.559216,辛亥站出口,493,有電梯_7樓以上
房地(土地+建物)+車位,萬大路４２３巷５２號十二樓之２,12.0,14.0,1,57.26,515165,0.0,,25.021721,121.501448,龍山寺站出口2,1498,有電梯_7樓以上
房地(土地+建物)+車位,堤頂大道二段２４６巷１２號八樓,8.0,19.0,1,161.3,1171716,0.0,,25.077261,121.566057,西湖站出口2,541,有電梯_7樓以上
房地(土地+建物)+車位,辛亥路四段２０９巷２８號二十五樓,25.0,2.0,1,51.48,742671,0.0,,25.002049,121.556344,萬芳醫院站出口,328,有電梯_7樓以上
房地(土地+建物)+車位,迪化街二段１５８號十一樓之１,11.0,1.0,1,51.55,686017,9.71,278064.0,25.066822,121.510066,大橋頭站出口1A,423,有電梯_7樓以上
房地(土地+建物)+車位,建國北路三段７１號十二樓之３,12.0,6.0,1,33.53,812533,8.01,474407.0,25.065123,121.537204,行天宮站出口4,678,有電梯_7樓以上
房地(土地+建物),敦化南路二段１４６巷２號十二樓,12.0,37.0,1,34.66,775457,0.0,,25.02545,121.54821,科技大樓站出口,467,有電梯_7樓以上
房地(土地+建物),福興路１０６巷３３號十樓,10.0,9.0,1,39.39,583972,0.0,,25.006831,121.550054,辛亥站出口,727,有電梯_7樓以上
房地(土地+建物)+車位,辛亥路四段１６６巷２９號八樓,8.0,3.0,1,32.42,779861,8.05,186335.0,25.004527,121.555289,辛亥站出口,187,有電梯_7樓以上
房地(土地+建物)+車位,辛亥路四段２０９巷１８號二十三樓,23.0,2.0,1,51.48,760018,10.0,280000.0,25.002131,121.556066,辛亥站出口,346,有電梯_7樓以上
房地(土地+建物)+車位,市民大道三段１８０號八樓,8.0,6.0,1,113.24,1101095,15.0,0.0,25.044465,121.53744,忠孝新生站出口4,481,有電梯_7樓以上
房地(土地+建物)+車位,關渡路４８號二十樓,20.0,9.0,1,143.99,683465,27.52,0.0,25.120481,121.469064,關渡站出口1,581,有電梯_7樓以上
房地(土地+建物)+車位,莒光路３３７號十五樓,15.0,4.0,1,78.48,774250,16.74,310633.0,25.030943,121.497288,龍山寺站出口2,528,有電梯_7樓以上
房地(土地+建物)+車位,臥龍街２９３號十三樓之７,13.0,23.0,1,31.5,782206,5.67,317460.0,25.017119,121.558711,麟光站出口,160,有電梯_7樓以上
房地(土地+建物)+車位,三合街一段３６巷７號九樓,9.0,6.0,1,78.01,777921,11.56,242215.0,25.127678,121.506041,奇岩站出口1,538,有電梯_7樓以上
房地(土地+建物)+車位,市民大道三段１８６號十樓,10.0,6.0,1,89.81,1281832,7.5,0.0,25.044442,121.537873,忠孝新生站出口3,516,有電梯_7樓以上
房地(土地+建物)+車位,指南路三段５２號八樓之１,8.0,14.0,1,67.2,501256,23.95,0.0,24.981875,121.580716,動物園站出口2,1795,有電梯_7樓以上
房地(土地+建物),行義路１０巷２號八樓之７,8.0,28.0,1,10.65,469306,0.0,,25.124284,121.526451,石牌站出口1,1531,有電梯_7樓以上
房地(土地+建物)+車位,八德路四段２４５巷１８號八樓,8.0,20.0,1,75.79,1004547,21.53,0.0,25.049656,121.564595,南京三民站出口3,186,有電梯_7樓以上
房地(土地+建物)+車位,久康街２４巷９號八樓,8.0,14.0,1,59.09,647954,10.17,344149.0,24.989404,121.566203,萬芳社區站出口,1044,有電梯_7樓以上
房地(土地+建物)+車位,辛亥路四段２０９巷３８號二十六樓,26.0,2.0,1,44.45,683496,0.0,,25.001988,121.556326,萬芳醫院站出口,323,有電梯_7樓以上
房地(土地+建物),行義路１０巷２號八樓之７,8.0,28.0,1,10.65,469306,0.0,,25.124284,121.526451,石牌站出口1,1531,有電梯_7樓以上
房地(土地+建物)+車位,臥龍街２９２號十樓,10.0,7.0,1,25.86,677397,0.0,,25.016848,121.559203,麟光站出口,199,有電梯_7樓以上
房地(土地+建物),民權東路六段２９６巷２６號十六樓之２,16.0,25.0,1,27.09,729083,0.0,,25.072184,121.606666,葫洲站出口2,66,有電梯_7樓以上
房地(土地+建物)+車位,和平東路四段６６巷４１號十四樓,14.0,25.0,1,128.63,380923,0.0,,25.005416,121.565142,辛亥站出口,819,有電梯_7樓以上
房地(土地+建物)+車位,三合街一段３６巷２９號九樓,9.0,6.0,1,88.09,759708,12.54,0.0,25.128083,121.505579,奇岩站出口1,511,有電梯_7樓以上
房地(土地+建物)+車位,南港路二段１７８巷３２號十樓,10.0,28.0,1,49.77,686472,17.14,116686.0,25.054255,121.600551,南港站出口1,640,有電梯_7樓以上
房地(土地+建物)+車位,北安路７８９號九樓之１,9.0,8.0,1,29.78,934253,3.87,465116.0,25.085623,121.55387,劍南路站出口1,150,有電梯_7樓以上
房地(土地+建物)+車位,興隆路三段３０４巷１７５號十樓,10.0,5.0,1,67.45,577886,8.82,226757.0,24.995167,121.554675,萬芳醫院站出口,561,有電梯_7樓以上
房地(土地+建物),敬業三路１６２巷７６號十樓,10.0,21.0,1,47.03,627305,0.0,,25.07798,121.558388,劍南路站出口3,743,有電梯_7樓以上
房地(土地+建物)+車位,信義路四段１５１號十三樓,13.0,36.0,1,58.06,1004100,10.26,341131.0,25.033445,121.549779,信義安和站出口2,261,有電梯_7樓以上
房地(土地+建物),國興路４０號十二樓,12.0,43.0,1,19.08,613057,0.0,,25.02485,121.507912,小南門站出口3,1204,有電梯_7樓以上
房地(土地+建物)+車位,興隆路四段１０５巷３號八樓,8.0,26.0,1,33.6,437439,0.0,,24.987894,121.561155,萬芳醫院站出口,1323,有電梯_7樓以上
房地(土地+建物)+車位,萬壽路７５巷５１號九樓,9.0,23.0,1,43.95,331739,0.0,,24.985579,121.589263,動物園站出口1,1698,有電梯_7樓以上
房地(土地+建物),中和街３６６號八樓之５,8.0,23.0,1,24.73,517604,0.0,,25.141741,121.499514,新北投站出口2,621,有電梯_7樓以上
房地(土地+建物)+車位,迪化街二段１５８號十三樓之８,13.0,1.0,1,57.94,777516,9.71,0.0,25.066822,121.510066,大橋頭站出口1A,423,有電梯_7樓以上
房地(土地+建物)+車位,天母西路１１７巷３２弄５號十樓,10.0,6.0,1,173.07,1018437,32.66,0.0,25.120536,121.524706,石牌站出口1,1136,有電梯_7樓以上
房地(土地+建物),重慶北路三段２０３之３號九樓之５,9.0,1.0,1,15.29,819909,0.0,,25.069939,121.513933,圓山站出口1,622,有電梯_7樓以上
房地(土地+建物)+車位,北安路６６８號十樓,10.0,2.0,1,46.94,1309827,7.07,268741.0,25.08393,121.54944,大直站出口1,471,有電梯_7樓以上
房地(土地+建物)+車位,北安路６６６號十樓,10.0,2.0,1,45.31,1309975,7.07,268741.0,25.083838,121.549417,大直站出口1,461,有電梯_7樓以上
房地(土地+建物)+車位,木新路三段８８之２號九樓,9.0,10.0,1,37.7,464185,0.0,,24.982314,121.56295,萬芳社區站出口,1891,有電梯_7樓以上
房地(土地+建物)+車位,北安路６３０巷１５號八樓,8.0,27.0,1,64.91,782618,0.0,,25.083051,121.549831,大直站出口1,418,有電梯_7樓以上
房地(土地+建物)+車位,福興路９５巷６７號八樓,8.0,21.0,1,36.5,558931,10.56,94697.0,25.005397,121.546746,萬隆站出口3,839,有電梯_7樓以上
房地(土地+建物)+車位,復興北路４２７巷２５號八樓之１,8.0,13.0,1,13.8,954428,3.43,0.0,25.063413,121.546383,中山國中站出口,376,有電梯_7樓以上
房地(土地+建物)+車位,忠誠路二段２４號十一樓,11.0,39.0,1,91.19,504433,0.0,,25.109204,121.530137,芝山站出口2,986,有電梯_7樓以上
房地(土地+建物)+車位,研究院路一段１０１巷１６弄２號八樓之１,8.0,9.0,1,30.98,875304,2.99,0.0,25.051673,121.616607,南港展覽館站出口7,305,有電梯_7樓以上
房地(土地+建物)+車位,中山北路二段１２８巷９號八樓,8.0,10.0,1,40.65,847539,14.93,234427.0,25.061837,121.521529,民權西路站出口8,136,有電梯_7樓以上
房地(土地+建物),幽雅路７號九樓之１２,9.0,13.0,1,17.51,439630,0.0,,25.137316,121.513129,新北投站出口1,968,有電梯_7樓以上
房地(土地+建物)+車位,建國北路三段７１號八樓之８,8.0,6.0,1,34.97,819955,8.01,449438.0,25.065123,121.537204,行天宮站出口4,678,有電梯_7樓以上
房地(土地+建物)+車位,成功路四段１６７巷１號八樓之３,8.0,16.0,1,95.37,571446,0.0,,25.08336,121.594494,內湖站出口2,33,有電梯_7樓以上
房地(土地+建物)+車位,雨農路７２號九樓,9.0,17.0,1,65.57,635383,0.0,,25.099808,121.533276,士林站出口1,972,有電梯_7樓以上
房地(土地+建物)+車位,星雲街１２５號十四樓之２,14.0,17.0,1,72.5,937192,8.48,0.0,25.080473,121.595612,內湖站出口2,366,有電梯_7樓以上
房地(土地+建物)+車位,詔安街８８號十一樓之１,11.0,5.0,1,38.61,917542,8.31,240674.0,25.025418,121.512082,中正紀念堂站出口2,996,有電梯_7樓以上
房地(土地+建物)+車位,康樂街１８６巷３４之１號十樓之１,10.0,15.0,1,43.3,554275,0.0,,25.076728,121.620749,葫洲站出口1,1361,有電梯_7樓以上
房地(土地+建物),新生北路一段４１號八樓,8.0,37.0,1,30.34,711844,0.0,,25.047661,121.53051,松江南京站出口3,449,有電梯_7樓以上
房地(土地+建物),三民路３５巷１號十二樓之２,12.0,17.0,1,74.91,680808,0.0,,25.055315,121.563432,南京三民站出口1,410,有電梯_7樓以上
房地(土地+建物)+車位,濟南路二段１５號十樓之３,10.0,15.0,1,24.38,1062272,5.55,0.0,25.041298,121.527651,善導寺站出口5,435,有電梯_7樓以上
房地(土地+建物)+車位,西藏路１２３號十一樓之１,11.0,10.0,1,57.43,600736,0.0,,25.029501,121.502506,龍山寺站出口3,664,有電梯_7樓以上
房地(土地+建物)+車位,松平路１３３號十三樓之３,13.0,30.0,1,122.7,1211378,11.23,0.0,25.03061,121.568727,象山站出口2,230,有電梯_7樓以上
房地(土地+建物)+車位,成功路五段４５０巷２１弄４９號十二樓,12.0,22.0,1,85.04,766737,0.0,,25.073482,121.607911,葫洲站出口1,109,有電梯_7樓以上
房地(土地+建物)+車位,中和街３６６號十九樓之３,19.0,23.0,1,63.03,368086,0.0,,25.141741,121.499514,新北投站出口2,621,有電梯_7樓以上
房地(土地+建物),仁愛路四段６２號十四樓之５,14.0,44.0,1,12.6,1055884,0.0,,25.037597,121.547607,忠孝敦化站出口6,413,有電梯_7樓以上
房地(土地+建物)+車位,和平東路四段６６巷５號十四樓,14.0,25.0,1,85.93,584294,13.62,0.0,25.006657,121.565572,辛亥站出口,879,有電梯_7樓以上
房地(土地+建物)+車位,建國北路一段６３號十樓,10.0,8.0,1,63.23,978369,11.83,304311.0,25.050816,121.537142,松江南京站出口5,330,有電梯_7樓以上
房地(土地+建物)+車位,安和路二段７０號十一樓之２,11.0,40.0,1,68.03,749712,0.0,,25.030205,121.551757,信義安和站出口2A,305,有電梯_7樓以上
房地(土地+建物)+車位,一壽街３巷２５號十樓,10.0,20.0,1,60.22,508123,0.0,,24.980139,121.557645,大坪林站出口5,1486,有電梯_7樓以上
房地(土地+建物),延平北路五段５０號十樓,10.0,9.0,1,43.4,557648,0.0,,25.080185,121.511019,圓山站出口2,1309,有電梯_7樓以上
房地(土地+建物),南京東路五段１５６號十一樓,11.0,37.0,1,41.62,696816,0.0,,25.051231,121.562843,南京三民站出口2,23,有電梯_7樓以上
房地(土地+建物),青年路３０巷５號十樓之１,10.0,35.0,1,33.35,632016,0.0,,25.026488,121.504958,龍山寺站出口3,1049,有電梯_7樓以上
房地(土地+建物)+車位,忠義街１４５號八樓,8.0,31.0,1,63.91,726230,15.44,0.0,25.108584,121.533088,芝山站出口2,1204,有電梯_7樓以上
房地(土地+建物),中華路二段５０４巷５７號八樓,8.0,43.0,1,13.94,434028,0.0,,25.024917,121.508028,小南門站出口3,1193,有電梯_7樓以上
房地(土地+建物),立農街一段１８７巷１號十一樓,11.0,29.0,1,35.35,613346,0.0,,25.120586,121.504302,唭哩岸站出口2,163,有電梯_7樓以上
房地(土地+建物),新生北路三段７號十樓之３,10.0,40.0,1,43.67,657174,0.0,,25.063389,121.527988,中山國小站出口4,131,有電梯_7樓以上
房地(土地+建物)+車位,迪化街二段１５８號十四樓之８,14.0,1.0,1,57.94,787883,9.71,0.0,25.066822,121.510066,大橋頭站出口1A,423,有電梯_7樓以上
房地(土地+建物)+車位,港華街１１９號九樓,9.0,13.0,1,46.75,900875,10.6,235849.0,25.083837,121.57277,港墘站出口2,462,有電梯_7樓以上
房地(土地+建物)+車位,政大二街１３７號十二樓,12.0,25.0,1,56.17,343255,0.0,,24.989773,121.584732,動物園站出口2,1062,有電梯_7樓以上
房地(土地+建物)+車位,中央北路三段４０巷３４弄１６號九樓之１,9.0,9.0,1,65.14,528767,19.94,215647.0,25.139641,121.485967,復興崗站出口1,227,有電梯_7樓以上
房地(土地+建物)+車位,八德路二段１００號十二樓之１,12.0,9.0,1,72.25,903647,8.06,0.0,25.045816,121.536209,忠孝新生站出口4,480,有電梯_7樓以上
房地(土地+建物)+車位,木柵路四段１３７號十三樓,13.0,11.0,1,75.96,658748,8.74,0.0,24.998782,121.57338,木柵站出口,68,有電梯_7樓以上
房地(土地+建物),榮華二路９之２號八樓,8.0,42.0,1,38.69,480786,0.0,,25.113329,121.523981,明德站出口2,645,有電梯_7樓以上
房地(土地+建物),敦化南路二段４６號十一樓之１４號,11.0,47.0,1,14.95,1099879,0.0,,25.031308,121.548271,信義安和站出口2,452,有電梯_7樓以上
房地(土地+建物)+車位,基河路３００巷２５號十一樓,11.0,0.0,1,39.99,901167,9.14,240700.0,25.093663,121.518521,士林站出口1,751,有電梯_7樓以上
房地(土地+建物),水源路１９５號十二樓之４,12.0,39.0,1,24.7,566753,0.0,,25.023224,121.50919,頂溪站出口2,1183,有電梯_7樓以上
房地(土地+建物),新生北路三段４３號十樓之１６,10.0,44.0,1,15.65,511238,0.0,,25.065416,121.528038,中山國小站出口4,312,有電梯_7樓以上
房地(土地+建物),仁愛路四段３８８之１號九樓,9.0,42.0,1,31.54,1093793,0.0,,25.03748,121.55606,國父紀念館站出口2,400,有電梯_7樓以上
房地(土地+建物),南京東路六段１５０號九樓之２,9.0,15.0,1,27.82,720682,0.0,,25.05526,121.578951,松山站出口5,536,有電梯_7樓以上
房地(土地+建物)+車位,向陽路２５８巷１３號十四樓,14.0,15.0,1,93.68,745482,28.62,174703.0,25.058376,121.592847,昆陽站出口3,868,有電梯_7樓以上
房地(土地+建物)+車位,復興南路二段９０巷１２號八樓,8.0,14.0,1,22.45,1052089,9.54,188679.0,25.03022,121.542386,大安站出口5,323,有電梯_7樓以上
房地(土地+建物)+車位,青年路１５２巷２號九樓之３,9.0,14.0,1,64.57,542060,0.0,,25.021299,121.502175,頂溪站出口2,1552,有電梯_7樓以上
房地(土地+建物)+車位,劍潭路７１號九樓之２,9.0,15.0,1,32.92,927800,8.13,246002.0,25.083543,121.520773,劍潭站出口2,402,有電梯_7樓以上
房地(土地+建物)+車位,德昌街１３１號十五樓之２,15.0,11.0,1,89.01,836674,20.07,0.0,25.023996,121.496442,龍山寺站出口2,1281,有電梯_7樓以上
房地(土地+建物)+車位,福興路１０６巷２８弄７號十一樓之３,11.0,12.0,1,38.7,594060,11.01,181653.0,25.006147,121.550107,辛亥站出口,706,有電梯_7樓以上
房地(土地+建物),忠誠路一段１５７號九樓,9.0,29.0,1,43.8,799051,0.0,,25.106845,121.530164,芝山站出口2,856,有電梯_7樓以上
房地(土地+建物),光復北路２３０巷５３號九樓,9.0,21.0,1,36.88,840547,0.0,,25.05599,121.553333,台北小巨蛋站出口5,479,有電梯_7樓以上
房地(土地+建物)+車位,光復北路２１０巷８號十五樓,15.0,20.0,1,32.69,841129,0.0,,25.055249,121.555387,台北小巨蛋站出口4,483,有電梯_7樓以上
房地(土地+建物)+車位,三合街一段８２巷１０１號九樓,9.0,6.0,1,33.44,831508,8.25,218182.0,25.128941,121.503978,奇岩站出口1,435,有電梯_7樓以上
房地(土地+建物),和平西路一段１４３號十樓之１,10.0,43.0,1,28.22,620057,0.0,,25.027573,121.515496,中正紀念堂站出口2,605,有電梯_7樓以上
房地(土地+建物)+車位,泉源路３９之４５號十樓,10.0,37.0,1,53.74,330122,14.36,139276.0,25.141441,121.50715,新北投站出口1,617,有電梯_7樓以上
房地(土地+建物)+車位,行善路２８１巷１８號十二樓,12.0,12.0,1,101.68,777953,23.01,217297.0,25.060864,121.583914,松山站出口5,1302,有電梯_7樓以上
房地(土地+建物),建國北路二段３５號八樓之２,8.0,34.0,1,10.52,767772,0.0,,25.055296,121.537233,松江南京站出口6,487,有電梯_7樓以上
房地(土地+建物)+車位,民權東路六段１７５號八樓之１,8.0,6.0,1,28.7,859948,4.74,379747.0,25.068182,121.596697,葫洲站出口2,1163,有電梯_7樓以上
房地(土地+建物),復興北路４４８號十一樓之１１,11.0,13.0,1,13.24,914416,0.0,,25.064155,121.544044,中山國中站出口,370,有電梯_7樓以上
房地(土地+建物)+車位,景隆街３６巷２之７號十一樓,11.0,29.0,1,59.42,387075,0.0,,24.998465,121.543774,萬隆站出口2,543,有電梯_7樓以上
房地(土地+建物)+車位,和平東路四段６６巷２３號十四樓,14.0,25.0,1,129.28,433085,14.11,141743.0,25.005677,121.56573,萬芳社區站出口,834,有電梯_7樓以上
房地(土地+建物),興隆路三段１３７號九樓之１６,9.0,14.0,1,8.32,781369,0.0,,24.998332,121.55878,萬芳醫院站出口,157,有電梯_7樓以上
房地(土地+建物)+車位,經貿二路２３５巷５０號九樓,9.0,9.0,1,124.25,613286,0.0,,25.061668,121.615234,南港軟體園區站出口1,156,有電梯_7樓以上
房地(土地+建物)+車位,明水路３８７號十四樓之１,14.0,26.0,1,73.06,1049236,0.0,,25.077583,121.546364,大直站出口3,216,有電梯_7樓以上
房地(土地+建物)+車位,經貿二路２３５巷５２號九樓,9.0,9.0,1,124.25,613286,0.0,,25.061819,121.615308,南港軟體園區站出口1,169,有電梯_7樓以上
房地(土地+建物),大業路５２９號十二樓,12.0,26.0,1,29.79,446456,0.0,,25.135109,121.496262,北投站出口1,361,有電梯_7樓以上
房地(土地+建物)+車位,八德路二段１００號十樓,10.0,9.0,1,91.5,804990,16.12,372208.0,25.045816,121.536209,忠孝新生站出口4,480,有電梯_7樓以上
房地(土地+建物)+車位,成功路四段１６７巷１號八樓,8.0,17.0,1,80.51,841419,14.55,171821.0,25.08336,121.594494,內湖站出口2,33,有電梯_7樓以上
房地(土地+建物)+車位,行善路３３３巷８號八樓,8.0,10.0,1,101.53,753993,24.1,207469.0,25.06227,121.585203,松山站出口5,1502,有電梯_7樓以上
房地(土地+建物),辛亥路一段９３號十七樓之１,17.0,31.0,1,44.29,902708,0.0,,25.02182,121.531094,台電大樓站出口2,271,有電梯_7樓以上
房地(土地+建物),三福街７７號十四樓之３,14.0,8.0,1,33.29,750906,0.0,,24.997918,121.543059,萬隆站出口2,533,有電梯_7樓以上
房地(土地+建物),寧波西街９７號十樓之３,10.0,39.0,1,39.16,663967,0.0,,25.02984,121.514962,中正紀念堂站出口2,438,有電梯_7樓以上
房地(土地+建物),汀州路三段６５號十樓,10.0,3.0,1,32.66,1179859,0.0,,25.017984,121.528252,台電大樓站出口1,185,有電梯_7樓以上
房地(土地+建物)+車位,承德路四段１巷２５號十四樓,14.0,6.0,1,126.01,628986,39.95,200250.0,25.078187,121.5223,劍潭站出口2,617,有電梯_7樓以上
房地(土地+建物),國興路９８號十樓,10.0,31.0,1,37.22,617905,0.0,,25.02721,121.505611,龍山寺站出口3,998,有電梯_7樓以上
房地(土地+建物)+車位,仁愛路二段１０２號九樓,9.0,23.0,1,65.96,1098537,4.06,0.0,25.037929,121.532191,忠孝新生站出口6,330,有電梯_7樓以上
房地(土地+建物)+車位,松高路９２號十樓,10.0,24.0,1,116.59,1460378,45.37,352656.0,25.038914,121.571532,永春站出口1,429,有電梯_7樓以上
房地(土地+建物)+車位,行善路５９巷２０弄２之１號九樓之１,9.0,20.0,1,64.72,767068,6.58,379939.0,25.057379,121.578387,松山站出口5,761,有電梯_7樓以上
房地(土地+建物)+車位,木柵路二段１０９巷１００弄６２號十一樓,11.0,25.0,1,37.11,486984,4.14,386473.0,24.992522,121.561498,萬芳醫院站出口,852,有電梯_7樓以上
房地(土地+建物)+車位,民權東路六段２３０號八樓,8.0,12.0,1,60.9,692104,8.16,306373.0,25.066596,121.600179,葫洲站出口2,967,有電梯_7樓以上
房地(土地+建物)+車位,溫泉路６８巷６弄８號九樓,9.0,5.0,1,44.07,628662,11.15,206278.0,25.134438,121.505199,新北投站出口1,328,有電梯_7樓以上
房地(土地+建物),德昌街１２號十二樓,12.0,23.0,1,37.4,555599,0.0,,25.025421,121.499649,龍山寺站出口2,1077,有電梯_7樓以上
房地(土地+建物),仙岩路２２巷２１號八樓,8.0,27.0,1,37.59,619919,0.0,,24.999135,121.549714,萬芳醫院站出口,809,有電梯_7樓以上
房地(土地+建物),幽雅路７號十三樓之８,13.0,13.0,1,14.76,419998,0.0,,25.137316,121.513129,新北投站出口1,968,有電梯_7樓以上
房地(土地+建物)+車位,辛亥路五段５２號九樓,9.0,4.0,1,26.33,760521,4.1,0.0,24.999624,121.553804,萬芳醫院站出口,397,有電梯_7樓以上
房地(土地+建物),復興北路４４８號十一樓,11.0,13.0,1,14.35,857289,0.0,,25.064155,121.544044,中山國中站出口,370,有電梯_7樓以上
房地(土地+建物)+車位,建國北路三段７１號十三樓之３,13.0,6.0,1,33.54,830561,8.01,474407.0,25.065123,121.537204,行天宮站出口4,678,有電梯_7樓以上
房地(土地+建物)+車位,大興街３２號十一樓,11.0,9.0,1,104.24,564059,0.0,,25.12986,121.498846,北投站出口2,134,有電梯_7樓以上
房地(土地+建物)+車位,通河西街一段３號十五樓,15.0,12.0,1,82.6,762707,0.0,,25.079456,121.515108,圓山站出口2,991,有電梯_7樓以上
房地(土地+建物)+車位,忠義街１４１號九樓,9.0,31.0,1,69.6,601758,0.0,,25.108515,121.532946,芝山站出口2,1188,有電梯_7樓以上
房地(土地+建物)+車位,三重路４１巷３５號九樓之２,9.0,10.0,1,88.9,740658,21.73,0.0,25.060439,121.612806,南港軟體園區站出口1,308,有電梯_7樓以上
房地(土地+建物)+車位,建國南路一段３０８號八樓,8.0,4.0,1,88.04,1186288,24.82,0.0,25.035567,121.537427,大安森林公園站出口6,259,有電梯_7樓以上
房地(土地+建物)+車位,政大二街１１５號十二樓,12.0,25.0,1,51.3,438615,0.0,,24.988278,121.583351,動物園站出口2,1152,有電梯_7樓以上
房地(土地+建物),萬芳路２０號八樓之２,8.0,17.0,1,23.48,589863,0.0,,24.995873,121.570471,萬芳社區站出口,366,有電梯_7樓以上
房地(土地+建物),辛亥路二段１７１巷６弄１２號十八樓,18.0,39.0,1,50.4,773772,0.0,,25.022027,121.540642,科技大樓站出口,549,有電梯_7樓以上
房地(土地+建物),水源路２３號十樓,10.0,37.0,1,32.92,577192,0.0,,25.017077,121.525177,台電大樓站出口1,444,有電梯_7樓以上
房地(土地+建物)+車位,汀州路三段６７號九樓,9.0,3.0,1,43.94,1054539,12.08,248344.0,25.017963,121.52828,台電大樓站出口1,187,有電梯_7樓以上
房地(土地+建物)+車位,康樂街１３６巷３０弄９號九樓之３,9.0,2.0,1,48.84,708813,10.61,0.0,25.071843,121.617252,東湖站出口3,752,有電梯_7樓以上
房地(土地+建物),指南路三段２６號八樓之１,8.0,14.0,1,13.01,622574,0.0,,24.983108,121.579933,動物園站出口2,1654,有電梯_7樓以上
房地(土地+建物)+車位,松山路４２１號十六樓之２,16.0,29.0,1,54.59,740089,10.3,242718.0,25.040496,121.578005,永春站出口4,146,有電梯_7樓以上
房地(土地+建物)+車位,試院路１巷６號十樓,10.0,8.0,1,106.8,502114,17.38,264672.0,24.987979,121.548644,大坪林站出口5,790,有電梯_7樓以上
房地(土地+建物)+車位,汀州路三段６０巷２弄６號十樓之１,10.0,21.0,1,46.99,819266,0.0,,25.015604,121.530627,公館站出口4,306,有電梯_7樓以上
房地(土地+建物)+車位,敬業三路１６２巷１５８號九樓,9.0,21.0,1,46.97,660008,0.0,,25.077798,121.559953,劍南路站出口3,824,有電梯_7樓以上
房地(土地+建物)+車位,迪化街二段１５８號八樓之１,8.0,1.0,1,52.74,639171,9.71,0.0,25.066822,121.510066,大橋頭站出口1A,423,有電梯_7樓以上
房地(土地+建物)+車位,內湖路一段７３７巷９５之１號八樓,8.0,22.0,1,47.95,628790,0.0,,25.082854,121.57939,港墘站出口1,472,有電梯_7樓以上
房地(土地+建物),福興路１０６巷２８弄３號八樓,8.0,12.0,1,21.22,589057,0.0,,25.006458,121.550113,辛亥站出口,712,有電梯_7樓以上
房地(土地+建物)+車位,三合街一段３６巷５號九樓,9.0,6.0,1,57.09,751066,11.56,242215.0,25.127599,121.50609,奇岩站出口1,540,有電梯_7樓以上
房地(土地+建物)+車位,師大路１７０號八樓之６,8.0,44.0,1,41.79,387622,0.0,,25.021102,121.525516,台電大樓站出口4,180,有電梯_7樓以上
房地(土地+建物)+車位,堤頂大道二段２４６巷６號十二樓,12.0,15.0,1,61.92,968966,0.0,,25.077807,121.566192,西湖站出口2,478,有電梯_7樓以上
房地(土地+建物)+車位,文湖街２１巷８２弄９號九樓,9.0,28.0,1,43.44,623864,0.0,,25.088875,121.560409,劍南路站出口1,633,有電梯_7樓以上
房地(土地+建物)+車位,建國北路三段７１號十三樓之１,13.0,6.0,1,25.63,830990,2.51,996016.0,25.065123,121.537204,行天宮站出口4,678,有電梯_7樓以上
房地(土地+建物)+車位,文林北路３０６號十七樓之１,17.0,7.0,1,61.64,844350,10.95,0.0,25.110934,121.511425,石牌站出口2,565,有電梯_7樓以上
房地(土地+建物),萬芳路２０號八樓之１,8.0,17.0,1,23.07,605859,0.0,,24.995873,121.570471,萬芳社區站出口,366,有電梯_7樓以上
房地(土地+建物)+車位,街３２號八樓,8.0,8.0,1,64.27,899990,11.07,225836.0,25.05467,121.606829,南港站出口2,300,有電梯_7樓以上
房地(土地+建物)+車位,崇仰一路５之５號八樓,8.0,24.0,1,57.89,552716,12.2,0.0,25.125456,121.51011,唭哩岸站出口1,618,有電梯_7樓以上
房地(土地+建物),信義路五段１５０巷３５５號十三樓,13.0,16.0,1,44.76,848956,0.0,,25.025618,121.570319,象山站出口2,752,有電梯_7樓以上
房地(土地+建物)+車位,內湖路三段６０巷２７號十三樓,13.0,5.0,1,78.62,937964,17.53,0.0,25.088337,121.593206,內湖站出口1,522,有電梯_7樓以上
房地(土地+建物),敦化南路二段４６號九樓之１２,9.0,,1,28.6,992471,0.0,,25.031308,121.548271,信義安和站出口2,452,有電梯_7樓以上
房地(土地+建物)+車位,五常街１１巷５號十三樓,13.0,2.0,1,46.07,961920,10.62,197740.0,25.064522,121.537885,行天宮站出口4,676,有電梯_7樓以上
房地(土地+建物),大安路二段６６號十一樓之６,11.0,12.0,1,19.29,1134532,0.0,,25.03224,121.545854,大安站出口4,213,有電梯_7樓以上
房地(土地+建物),合江街３９號十一樓,11.0,3.0,1,18.82,989983,0.0,,25.055714,121.539197,南京復興站出口1,452,有電梯_7樓以上
房地(土地+建物)+車位,明水路３９７巷７弄８２號十一樓之１,11.0,28.0,1,49.86,792202,0.0,,25.07883,121.551359,大直站出口3,443,有電梯_7樓以上
房地(土地+建物)+車位,汀州路二段２７７號九樓,9.0,5.0,1,50.01,1009837,13.38,224215.0,25.022152,121.524235,台電大樓站出口4,333,有電梯_7樓以上
房地(土地+建物)+車位,五常街１１巷５號十一樓,11.0,2.0,1,47.03,985374,11.51,191138.0,25.064522,121.537885,行天宮站出口4,676,有電梯_7樓以上
房地(土地+建物),泉源路４８號十三樓之６,13.0,21.0,1,14.46,456448,0.0,,25.140981,121.509059,新北投站出口1,714,有電梯_7樓以上
房地(土地+建物)+車位,行義路１０巷２號十樓之６,10.0,28.0,1,43.92,673396,11.4,245614.0,25.124284,121.526451,石牌站出口1,1531,有電梯_7樓以上
房地(土地+建物)+車位,安泰街８９號十樓之１,10.0,13.0,1,49.78,447977,0.0,,25.076689,121.616863,葫洲站出口1,1000,有電梯_7樓以上
房地(土地+建物)+車位,忠順街二段８５巷２７號十二樓,12.0,9.0,1,71.15,838251,12.48,0.0,24.986114,121.564941,萬芳社區站出口,1430,有電梯_7樓以上
房地(土地+建物)+車位,延壽街１８巷２１號十一樓,11.0,4.0,1,52.35,999170,11.31,176835.0,25.056462,121.568641,南京三民站出口4,671,有電梯_7樓以上
房地(土地+建物),永吉路１２０巷２０號九樓之１,9.0,15.0,1,14.86,948741,0.0,,25.044779,121.570191,市政府站出口4,495,有電梯_7樓以上
房地(土地+建物)+車位,明水路５６３號十一樓,11.0,27.0,1,64.06,903481,0.0,,25.079397,121.551775,大直站出口3,480,有電梯_7樓以上
房地(土地+建物),福德街４４１號十八樓,18.0,23.0,1,38.86,597075,0.0,,25.039606,121.592682,後山埤站出口3,1135,有電梯_7樓以上
房地(土地+建物)+車位,萬芳路１０５巷３３號十樓,10.0,26.0,1,46.4,632065,0.0,,24.996813,121.563605,萬芳社區站出口,523,有電梯_7樓以上
房地(土地+建物)+車位,詔安街８８號十一樓,11.0,5.0,1,42.74,868416,8.31,240674.0,25.025418,121.512082,中正紀念堂站出口2,996,有電梯_7樓以上
房地(土地+建物)+車位,敦南街６７號八樓之１,8.0,19.0,1,138.19,1258586,32.05,0.0,25.022125,121.546937,科技大樓站出口,558,有電梯_7樓以上
房地(土地+建物)+車位,敦化北路１９９巷１０號八樓,8.0,27.0,1,52.83,876370,0.0,,25.055629,121.550302,台北小巨蛋站出口1,440,有電梯_7樓以上
房地(土地+建物),中華路二段５０４巷９號十樓,10.0,43.0,1,18.1,668450,0.0,,25.025521,121.508003,小南門站出口3,1129,有電梯_7樓以上
房地(土地+建物),松山路２７６號十四樓,14.0,37.0,1,20.69,738594,0.0,,25.043786,121.577322,永春站出口5,322,有電梯_7樓以上
房地(土地+建物)+車位,內湖路一段４１１巷６６號二十八樓,28.0,5.0,1,208.38,1353871,46.25,389189.0,25.083934,121.5711,西湖站出口2,452,有電梯_7樓以上
房地(土地+建物)+車位,中央北路二段３５０巷６０號十二樓,12.0,6.0,1,58.19,409035,0.0,,25.139616,121.488626,復興崗站出口1,390,有電梯_7樓以上
房地(土地+建物)+車位,指南路三段２２巷１２之１號十四樓,14.0,9.0,1,75.28,515992,11.32,176678.0,24.983701,121.578563,動物園站出口2,1589,有電梯_7樓以上
房地(土地+建物)+車位,木柵路四段３３巷７號八樓之３,8.0,13.0,1,38.79,590030,12.89,155159.0,24.994029,121.571084,木柵站出口,517,有電梯_7樓以上
房地(土地+建物)+車位,大業路４５２巷６號十四樓之６,14.0,25.0,1,58.87,552098,0.0,,25.131582,121.497302,北投站出口1,117,有電梯_7樓以上
房地(土地+建物)+車位,經貿二路２３５巷３１號九樓,9.0,7.0,1,99.92,957040,16.68,0.0,25.061607,121.615731,南港軟體園區站出口1,136,有電梯_7樓以上
房地(土地+建物)+車位,中央北路三段４０巷１９弄１１號十樓,10.0,13.0,1,30.44,521291,5.5,218182.0,25.138558,121.484893,復興崗站出口1,112,有電梯_7樓以上
房地(土地+建物)+車位,內湖路二段２３５巷８號八樓,8.0,15.0,1,55.96,646933,0.0,,25.082336,121.589025,文德站出口1,531,有電梯_7樓以上
房地(土地+建物)+車位,新富街１３３號八樓,8.0,8.0,1,66.66,863670,12.73,0.0,25.060211,121.585862,昆陽站出口2,1297,有電梯_7樓以上
房地(土地+建物),三合街二段４４６號十五樓,15.0,23.0,1,28.82,630897,0.0,,25.126674,121.502191,奇岩站出口1,136,有電梯_7樓以上
房地(土地+建物)+車位,關渡路４８號十七樓,17.0,9.0,1,143.99,694492,27.53,0.0,25.120481,121.469064,關渡站出口1,581,有電梯_7樓以上
房地(土地+建物)+車位,五常街１１巷５號八樓之１,8.0,2.0,1,46.56,932110,10.62,207156.0,25.064522,121.537885,行天宮站出口4,676,有電梯_7樓以上
房地(土地+建物)+車位,經貿二路１５７巷３６弄６０號八樓,8.0,8.0,1,42.69,831601,0.0,,25.061033,121.615544,南港軟體園區站出口1,79,有電梯_7樓以上
房地(土地+建物)+車位,忠順街二段８５巷２１號十一樓,11.0,9.0,1,69.23,749232,12.51,359712.0,24.986127,121.565287,萬芳社區站出口,1420,有電梯_7樓以上
房地(土地+建物)+車位,堤頂大道二段２４６巷８號十二樓,12.0,15.0,1,61.51,1110859,10.74,232775.0,25.077724,121.566112,西湖站出口2,489,有電梯_7樓以上
房地(土地+建物),復興南路二段１７１巷２０號十三樓,13.0,36.0,1,38.98,841390,0.0,,25.027473,121.544635,科技大樓站出口,178,有電梯_7樓以上
房地(土地+建物),仁愛路三段２９號十一樓之３,11.0,44.0,1,52.78,1019382,0.0,,25.038607,121.534623,忠孝新生站出口6,289,有電梯_7樓以上
房地(土地+建物),松山路２６８號十樓,10.0,37.0,1,26.61,582468,0.0,,25.043722,121.577254,永春站出口5,314,有電梯_7樓以上
房地(土地+建物)+車位,成功路五段４０８號十二樓,12.0,21.0,1,74.71,863742,12.77,195771.0,25.075954,121.607603,葫洲站出口2,382,有電梯_7樓以上
房地(土地+建物)+車位,東園街３０號八樓之１,8.0,2.0,1,29.08,649726,4.76,378151.0,25.027099,121.495715,龍山寺站出口2,981,有電梯_7樓以上
房地(土地+建物)+車位,研究院路一段１０１巷１６弄２號八樓,8.0,9.0,1,32.59,770124,2.99,602007.0,25.051673,121.616607,南港展覽館站出口7,305,有電梯_7樓以上
房地(土地+建物)+車位,天母北路５６號十二樓之３,12.0,1.0,1,70.78,1008095,23.47,225820.0,25.121533,121.52636,石牌站出口1,1336,有電梯_7樓以上
房地(土地+建物)+車位,重慶北路四段２２２號八樓之３,8.0,5.0,1,38.74,693691,11.32,220848.0,25.085867,121.511468,劍潭站出口2,1368,有電梯_7樓以上
房地(土地+建物)+車位,芝玉路二段２０巷１１３號十樓,10.0,20.0,1,100.91,854316,28.34,211715.0,25.111338,121.53569,芝山站出口2,1582,有電梯_7樓以上
房地(土地+建物),新生南路一段６號十一樓之３,11.0,35.0,1,38.38,807625,0.0,,25.044023,121.532622,忠孝新生站出口1,159,有電梯_7樓以上
房地(土地+建物),光復北路１９０巷３號十五樓,15.0,20.0,1,32.69,883338,0.0,,25.054744,121.555553,台北小巨蛋站出口4,446,有電梯_7樓以上
房地(土地+建物)+車位,敬業三路１６２巷１９號十二樓,12.0,21.0,1,47.04,637773,0.0,,25.078722,121.557459,劍南路站出口3,638,有電梯_7樓以上
房地(土地+建物)+車位,港華街９７號十樓之１,10.0,9.0,1,23.12,823640,7.1,253521.0,25.083506,121.573857,港墘站出口2,392,有電梯_7樓以上
房地(土地+建物)+車位,內湖路二段１０３巷３４號十五樓,15.0,6.0,1,97.94,1419732,21.82,265811.0,25.081481,121.58129,文德站出口2,482,有電梯_7樓以上
房地(土地+建物),信義路四段１５１號十五樓之２,15.0,36.0,1,50.04,1125112,0.0,,25.033445,121.549779,信義安和站出口2,261,有電梯_7樓以上
房地(土地+建物)+車位,汀州路一段３５２號十七樓之１,17.0,2.0,1,77.79,711496,0.0,,25.026144,121.512322,中正紀念堂站出口2,918,有電梯_7樓以上
房地(土地+建物),福德街４５１號十六樓,16.0,24.0,1,39.73,513423,0.0,,25.039489,121.593103,後山埤站出口3,1178,有電梯_7樓以上
房地(土地+建物),松德路２５巷２０號八樓,8.0,36.0,1,25.14,827342,0.0,,25.038537,121.577109,永春站出口4,246,有電梯_7樓以上
房地(土地+建物)+車位,辛亥路四段２０９巷３６號十二樓,12.0,2.0,1,36.95,805385,10.0,250000.0,25.001969,121.55638,萬芳醫院站出口,318,有電梯_7樓以上
房地(土地+建物)+車位,合江街３７號十樓,10.0,3.0,1,26.58,979874,6.52,383436.0,25.055649,121.539207,南京復興站出口1,446,有電梯_7樓以上
房地(土地+建物)+車位,辛亥路四段７７巷９２弄９號九樓之３,9.0,18.0,1,41.76,613097,10.97,182315.0,25.008779,121.561219,辛亥站出口,587,有電梯_7樓以上
房地(土地+建物),安居街８巷３號九樓之１,9.0,38.0,1,25.35,727826,0.0,,25.021321,121.555085,六張犁站出口,368,有電梯_7樓以上
房地(土地+建物)+車位,保儀路１４２巷６號九樓,9.0,24.0,1,49.87,495287,0.0,,24.983584,121.565197,萬芳社區站出口,1699,有電梯_7樓以上
房地(土地+建物)+車位,通河西街一段３號十二樓,12.0,12.0,1,82.6,606292,0.0,,25.079456,121.515108,圓山站出口2,991,有電梯_7樓以上
房地(土地+建物),安康路４３４巷２０弄４０號八樓,8.0,25.0,1,14.08,653346,0.0,,25.066757,121.615663,東湖站出口3,374,有電梯_7樓以上
房地(土地+建物)+車位,迪化街二段１５８號十樓之７,10.0,1.0,1,34.73,707527,9.71,0.0,25.066822,121.510066,大橋頭站出口1A,423,有電梯_7樓以上
房地(土地+建物),新生北路二段２９號十樓,10.0,38.0,1,36.15,702653,0.0,,25.053804,121.527785,松江南京站出口1,512,有電梯_7樓以上
房地(土地+建物)+車位,泉源路５２號九樓之２,9.0,21.0,1,40.94,366360,0.0,,25.140896,121.509466,新北投站出口1,741,有電梯_7樓以上
房地(土地+建物),永吉路１２７巷１１弄６號八樓,8.0,4.0,1,17.32,842471,0.0,,25.046321,121.569887,市政府站出口4,625,有電梯_7樓以上
房地(土地+建物)+車位,敦南街６７號九樓,9.0,19.0,1,279.6,1224890,67.34,0.0,25.022125,121.546937,科技大樓站出口,558,有電梯_7樓以上
房地(土地+建物)+車位,環山路一段２８號十三樓,13.0,12.0,1,130.45,984019,39.11,255689.0,25.085104,121.564969,西湖站出口1,351,有電梯_7樓以上
房地(土地+建物)+車位,同德街８號十五樓,15.0,29.0,1,183.65,691007,28.8,225694.0,25.124729,121.527642,石牌站出口1,1654,有電梯_7樓以上
房地(土地+建物)+車位,樟新街３６號九樓之１,9.0,27.0,1,48.68,468353,0.0,,24.97842,121.555327,七張站出口2,1290,有電梯_7樓以上
房地(土地+建物)+車位,中坡南路２０１巷１８號八樓,8.0,1.0,1,68.43,917610,9.91,282543.0,25.041398,121.586504,後山埤站出口2,534,有電梯_7樓以上
房地(土地+建物),辛亥路二段１７１巷６弄６號二十四樓,24.0,39.0,1,51.12,831387,0.0,,25.021936,121.540812,科技大樓站出口,549,有電梯_7樓以上
房地(土地+建物)+車位,公路４０６號九樓之１,9.0,23.0,1,45.8,617294,8.91,0.0,25.132303,121.502681,北投站出口2,379,有電梯_7樓以上
房地(土地+建物)+車位,吳興街６００巷７６弄５號八樓,8.0,4.0,1,44.46,968341,12.45,0.0,25.018512,121.570649,麟光站出口,1213,有電梯_7樓以上
房地(土地+建物)+車位,和平東路四段６６巷３號十樓,10.0,24.0,1,98.87,586356,27.24,0.0,25.006521,121.565443,辛亥站出口,863,有電梯_7樓以上
房地(土地+建物)+車位,經貿二路２３５巷３７號十九樓,19.0,7.0,1,189.94,1002703,33.36,0.0,25.061692,121.615952,南港軟體園區站出口1,146,有電梯_7樓以上
房地(土地+建物)+車位,和平東路四段６６巷４３號十四樓,14.0,25.0,1,120.53,378804,13.62,0.0,25.005314,121.565044,辛亥站出口,809,有電梯_7樓以上
房地(土地+建物)+車位,成功路五段４２０巷１號八樓之１,8.0,23.0,1,46.46,762894,5.75,313043.0,25.075448,121.607586,葫洲站出口2,326,有電梯_7樓以上
房地(土地+建物)+車位,五常街１１巷５號十四樓,14.0,2.0,1,46.95,966516,11.51,182450.0,25.064522,121.537885,行天宮站出口4,676,有電梯_7樓以上
房地(土地+建物)+車位,星雲街１５０巷４０號九樓之１,9.0,23.0,1,24.14,773740,0.0,,25.079689,121.597395,內湖站出口2,521,有電梯_7樓以上
房地(土地+建物)+車位,環河北路二段２８７號八樓之３,8.0,14.0,1,37.24,585883,4.64,323276.0,25.070746,121.50945,大橋頭站出口1A,856,有電梯_7樓以上
房地(土地+建物)+車位,向陽路２５８巷９８號八樓之２,8.0,13.0,1,41.63,712312,11.44,218531.0,25.058273,121.596563,昆陽站出口4,900,有電梯_7樓以上
房地(土地+建物),基河路３００巷２５號九樓,9.0,0.0,1,30.85,919085,0.0,,25.093663,121.518521,士林站出口1,751,有電梯_7樓以上
房地(土地+建物)+車位,基河路３００巷２７號十二樓,12.0,0.0,1,74.1,916650,9.14,284464.0,25.093602,121.518436,士林站出口1,760,有電梯_7樓以上
房地(土地+建物)+車位,基河路３００巷２５號十樓,10.0,0.0,1,39.99,892090,9.14,240700.0,25.093663,121.518521,士林站出口1,751,有電梯_7樓以上
房地(土地+建物)+車位,基河路３００巷２３號十樓,10.0,0.0,1,76.44,910805,9.14,240700.0,25.09372,121.518605,士林站出口1,742,有電梯_7樓以上
房地(土地+建物)+車位,基河路３００巷２３號十二樓,12.0,0.0,1,85.58,904861,18.28,218818.0,25.09372,121.518605,士林站出口1,742,有電梯_7樓以上
房地(土地+建物),基河路３００巷２５號十二樓,12.0,0.0,1,30.85,902876,0.0,,25.093663,121.518521,士林站出口1,751,有電梯_7樓以上
房地(土地+建物)+車位,承德路七段３４２之１號十樓,10.0,12.0,1,92.72,843008,30.37,0.0,25.117507,121.503933,唭哩岸站出口2,421,有電梯_7樓以上
房地(土地+建物)+車位,文林北路７５巷５３號八樓,8.0,4.0,1,57.87,639418,0.0,,25.103888,121.517338,芝山站出口2,503,有電梯_7樓以上
房地(土地+建物)+車位,康樂街１２９之３號九樓,9.0,9.0,1,34.35,603916,5.45,311927.0,25.071464,121.619292,東湖站出口3,886,有電梯_7樓以上
房地(土地+建物)+車位,辛亥路四段１６６巷２３號八樓,8.0,3.0,1,37.72,799348,12.08,231788.0,25.004566,121.555413,辛亥站出口,173,有電梯_7樓以上
房地(土地+建物)+車位,明水路３９７巷１１號八樓之１,8.0,17.0,1,72.16,1233197,23.5,0.0,25.078442,121.547821,大直站出口3,138,有電梯_7樓以上
房地(土地+建物)+車位,承德路七段３８８號十六樓,16.0,26.0,1,80.04,499779,0.0,,25.119657,121.502072,唭哩岸站出口2,407,有電梯_7樓以上
房地(土地+建物),文湖街２１巷９８弄６號八樓之５,8.0,14.0,1,15.51,599529,0.0,,25.09061,121.560124,劍南路站出口1,745,有電梯_7樓以上
房地(土地+建物)+車位,環河北路二段２８７號十一樓之２,11.0,14.0,1,31.49,605961,0.0,,25.070746,121.50945,大橋頭站出口1A,856,有電梯_7樓以上
房地(土地+建物)+車位,安和路二段１９９號十一樓,11.0,31.0,1,85.99,937036,0.0,,25.026674,121.550429,六張犁站出口,391,有電梯_7樓以上
房地(土地+建物),基河路３００巷２５號十三樓,13.0,0.0,1,30.85,901255,0.0,,25.093663,121.518521,士林站出口1,751,有電梯_7樓以上
房地(土地+建物)+車位,基河路３００巷２３號八樓,8.0,0.0,1,77.53,970915,9.14,262582.0,25.09372,121.518605,士林站出口1,742,有電梯_7樓以上
房地(土地+建物)+車位,基河路３００巷２７號九樓,9.0,0.0,1,83.24,901985,18.28,240700.0,25.093602,121.518436,士林站出口1,760,有電梯_7樓以上
房地(土地+建物)+車位,興隆路三段１８１巷７８號十樓,10.0,10.0,1,61.68,695655,9.21,0.0,24.996501,121.562036,萬芳醫院站出口,539,有電梯_7樓以上
房地(土地+建物)+車位,基河路３００巷２３號十三樓,13.0,0.0,1,76.54,909456,9.14,240700.0,25.09372,121.518605,士林站出口1,742,有電梯_7樓以上
房地(土地+建物)+車位,基河路３００巷２７號八樓,8.0,0.0,1,83.24,974328,18.28,240700.0,25.093602,121.518436,士林站出口1,760,有電梯_7樓以上
房地(土地+建物)+車位,中央北路四段５４１巷１５號十一樓,11.0,0.0,1,64.25,576011,25.19,176657.0,25.127493,121.468118,關渡站出口1,247,有電梯_7樓以上
房地(土地+建物)+車位,中央北路四段５４１巷５號十一樓,11.0,0.0,1,45.03,569666,12.59,154885.0,25.127724,121.468485,關渡站出口1,285,有電梯_7樓以上
房地(土地+建物)+車位,江南街１１１號八樓之６,8.0,17.0,1,49.65,797800,10.29,242954.0,25.076462,121.576413,港墘站出口1,413,有電梯_7樓以上
房地(土地+建物)+車位,萬芳路１０７巷８號十樓,10.0,9.0,1,79.3,748494,20.67,0.0,24.996967,121.561955,萬芳醫院站出口,503,有電梯_7樓以上
房地(土地+建物)+車位,永吉路３０巷１０２弄１９號八樓,8.0,11.0,1,34.58,932862,0.0,,25.043474,121.568084,市政府站出口4,262,有電梯_7樓以上
房地(土地+建物)+車位,西藏路１２３號十四樓,14.0,10.0,1,57.43,592030,0.0,,25.029501,121.502506,龍山寺站出口3,664,有電梯_7樓以上
房地(土地+建物)+車位,敬業三路１６２巷１３２號八樓,8.0,21.0,1,43.21,786410,0.0,,25.077245,121.559498,劍南路站出口3,860,有電梯_7樓以上
房地(土地+建物),星雲街１６８巷７號十樓,10.0,26.0,1,21.17,812396,0.0,,25.080667,121.596738,內湖站出口2,393,有電梯_7樓以上
房地(土地+建物),三合街二段４５０號十樓,10.0,23.0,1,14.95,662094,0.0,,25.126945,121.502398,奇岩站出口1,169,有電梯_7樓以上
房地(土地+建物)+車位,五分街７２巷１號十一樓,11.0,14.0,1,57.6,666182,11.82,211506.0,25.067144,121.616305,東湖站出口3,437,有電梯_7樓以上
房地(土地+建物),松山路４８２巷３６號十樓,10.0,36.0,1,34.05,787023,0.0,,25.039022,121.57775,永春站出口4,221,有電梯_7樓以上
房地(土地+建物)+車位,敦化北路１２０巷２８號八樓,8.0,9.0,1,117.65,926468,0.0,,25.054023,121.547184,南京復興站出口7,312,有電梯_7樓以上
房地(土地+建物),承德路四段３１５號十一樓,11.0,36.0,1,27.41,583740,0.0,,25.090319,121.518056,士林站出口2,890,有電梯_7樓以上
房地(土地+建物),星雲街１６８巷４３號十樓之６,10.0,25.0,1,12.23,756146,0.0,,25.080177,121.59724,內湖站出口2,467,有電梯_7樓以上
房地(土地+建物)+車位,敦化南路一段１９７號十二樓,12.0,37.0,1,76.93,1387915,14.25,0.0,25.04222,121.54926,忠孝敦化站出口8,33,有電梯_7樓以上
房地(土地+建物)+車位,文林北路１３６號二十四樓,24.0,5.0,1,120.07,898181,16.52,423729.0,25.10638,121.516714,明德站出口1,407,有電梯_7樓以上
房地(土地+建物)+車位,明水路５５５號九樓,9.0,25.0,1,20.49,722150,0.0,,25.079106,121.552099,大直站出口3,514,有電梯_7樓以上
房地(土地+建物)+車位,街８號十三樓之５,13.0,12.0,1,56.16,658452,0.0,,25.05467,121.606829,南港站出口2,300,有電梯_7樓以上
房地(土地+建物),西安街二段３７１號八樓,8.0,28.0,1,35.71,610472,0.0,,25.12075,121.503788,唭哩岸站出口2,212,有電梯_7樓以上
房地(土地+建物),復興北路４２７巷１９號十樓,10.0,26.0,1,52.17,632559,0.0,,25.06345,121.545854,中山國中站出口,348,有電梯_7樓以上
房地(土地+建物)+車位,重陽路４８６號九樓,9.0,6.0,1,87.83,726082,23.54,212404.0,25.060213,121.611775,南港軟體園區站出口1,412,有電梯_7樓以上
房地(土地+建物)+車位,東明街５３號十樓,10.0,13.0,1,36.85,1024137,12.69,157604.0,25.056074,121.604171,南港站出口1,513,有電梯_7樓以上
房地(土地+建物),復興南路二段７８巷３０弄５號十二樓之１,12.0,34.0,1,36.37,1058667,0.0,,25.030515,121.542475,大安站出口5,290,有電梯_7樓以上
房地(土地+建物),民權東路三段１２５巷６號十一樓之２,11.0,36.0,1,39.15,715262,0.0,,25.06256,121.545914,中山國中站出口,274,有電梯_7樓以上
房地(土地+建物)+車位,汀州路二段９３號十一樓之１,11.0,8.0,1,36.88,553180,0.0,,25.025472,121.518009,古亭站出口8,429,有電梯_7樓以上
房地(土地+建物)+車位,新富街１３５號八樓,8.0,8.0,1,78.72,818302,12.73,0.0,25.060294,121.586004,昆陽站出口2,1297,有電梯_7樓以上
房地(土地+建物)+車位,濟南路一段１３巷６號八樓之３,8.0,1.0,1,28.88,1287240,13.77,152505.0,25.042927,121.522202,善導寺站出口2,225,有電梯_7樓以上
房地(土地+建物),安和路二段７８號九樓之４,9.0,43.0,1,24.67,790471,0.0,,25.029667,121.551122,信義安和站出口2A,383,有電梯_7樓以上
房地(土地+建物)+車位,經貿二路２４５號十樓,10.0,9.0,1,35.03,745152,0.0,,25.06114,121.614489,南港軟體園區站出口1,162,有電梯_7樓以上
房地(土地+建物),仁愛路三段２９號八樓之１,8.0,44.0,1,70.45,990460,0.0,,25.038607,121.534623,忠孝新生站出口6,289,有電梯_7樓以上
房地(土地+建物)+車位,劍潭路７１號八樓,8.0,15.0,1,51.2,815889,2.18,0.0,25.083543,121.520773,劍潭站出口2,402,有電梯_7樓以上
房地(土地+建物),興安街９１號十樓之３,10.0,36.0,1,44.31,767371,0.0,,25.056194,121.543224,南京復興站出口1,412,有電梯_7樓以上
房地(土地+建物),永吉路１２７巷１１弄６號八樓之２,8.0,4.0,1,17.16,836356,0.0,,25.046321,121.569887,市政府站出口4,625,有電梯_7樓以上
房地(土地+建物)+車位,辛亥路六段２１巷８號九樓,9.0,22.0,1,56.54,458081,0.0,,24.99142,121.552658,萬芳醫院站出口,1023,有電梯_7樓以上
房地(土地+建物),敦化南路二段４６號十一樓之１２,11.0,46.0,1,42.14,1063169,0.0,,25.031308,121.548271,信義安和站出口2,452,有電梯_7樓以上
房地(土地+建物),忠孝東路五段３７號八樓,8.0,39.0,1,40.48,802422,0.0,,25.04138,121.566123,市政府站出口1,67,有電梯_7樓以上
房地(土地+建物),興安街１００號九樓之４,9.0,35.0,1,25.62,813763,0.0,,25.055828,121.542844,南京復興站出口1,364,有電梯_7樓以上
房地(土地+建物)+車位,重陽路１２５巷３６弄１０號八樓之２,8.0,14.0,1,33.15,651988,7.41,337382.0,25.057497,121.597103,昆陽站出口4,839,有電梯_7樓以上
房地(土地+建物),經貿二路１５７巷３６弄９３號八樓,8.0,16.0,1,21.04,783313,0.0,,25.061856,121.615098,南港軟體園區站出口1,181,有電梯_7樓以上
房地(土地+建物)+車位,合江街３７號九樓,9.0,3.0,1,28.3,970023,6.52,383436.0,25.055649,121.539207,南京復興站出口1,446,有電梯_7樓以上
房地(土地+建物),萬芳路１０５巷３１號十一樓,11.0,26.0,1,40.43,695539,0.0,,24.996875,121.563552,萬芳社區站出口,525,有電梯_7樓以上
房地(土地+建物)+車位,內湖路二段１０３巷１６號二十四樓,24.0,3.0,1,194.24,1400796,36.19,265267.0,25.080468,121.582119,文德站出口2,343,有電梯_7樓以上
房地(土地+建物),仁愛路四段４３５號九樓,9.0,34.0,1,50.51,1366029,0.0,,25.03802,121.556777,國父紀念館站出口2,335,有電梯_7樓以上
房地(土地+建物)+車位,合江街３９號九樓,9.0,3.0,1,29.37,969768,6.52,383436.0,25.055714,121.539197,南京復興站出口1,452,有電梯_7樓以上
房地(土地+建物)+車位,成功路四段１８０號十八樓之１,18.0,4.0,1,72.15,997641,8.8,318182.0,25.083593,121.593902,內湖站出口1,40,有電梯_7樓以上
房地(土地+建物)+車位,健康路３２５巷２５弄２６號九樓,9.0,1.0,1,66.9,1066854,12.06,0.0,25.056335,121.565709,南京三民站出口4,537,有電梯_7樓以上
房地(土地+建物)+車位,大安路二段８２號十四樓,14.0,0.0,1,120.77,1438509,30.88,281736.0,25.031559,121.545821,大安站出口4,255,有電梯_7樓以上
房地(土地+建物),師大路１７０號八樓之５,8.0,44.0,1,26.36,614501,0.0,,25.021102,121.525516,台電大樓站出口4,180,有電梯_7樓以上
房地(土地+建物)+車位,莒光路３３７號十三樓,13.0,4.0,1,78.48,768581,16.74,322581.0,25.030943,121.497288,龍山寺站出口2,528,有電梯_7樓以上
房地(土地+建物)+車位,五分街１０２號九樓,9.0,-1.0,1,48.12,583695,9.58,229645.0,25.066843,121.616875,東湖站出口3,495,有電梯_7樓以上
房地(土地+建物)+車位,敬業三路１７４號八樓,8.0,21.0,1,47.01,665413,0.0,,25.078894,121.556823,劍南路站出口3,608,有電梯_7樓以上
房地(土地+建物)+車位,內湖路二段１０３巷１６號二十樓,20.0,3.0,1,193.61,1405151,36.19,265267.0,25.080468,121.582119,文德站出口2,343,有電梯_7樓以上
房地(土地+建物)+車位,信義路五段１５０巷８號二十四樓之２,24.0,24.0,1,53.6,802240,0.0,,25.027899,121.570781,象山站出口2,505,有電梯_7樓以上
房地(土地+建物)+車位,敦化南路一段３４４號十三樓之２,13.0,44.0,1,91.32,1144506,12.09,0.0,25.034739,121.548446,信義安和站出口2,435,有電梯_7樓以上
房地(土地+建物)+車位,內湖路三段６０巷３３號十一樓,11.0,4.0,1,78.78,848978,17.53,0.0,25.088492,121.593205,內湖站出口1,539,有電梯_7樓以上
房地(土地+建物)+車位,福德街３７３巷２３號十六樓,16.0,23.0,1,39.73,503356,0.0,,25.039486,121.591771,後山埤站出口3,1068,有電梯_7樓以上
房地(土地+建物),和平東路三段１巷７２弄１２號十二樓,12.0,36.0,1,31.17,826528,0.0,,25.027714,121.546428,科技大樓站出口,330,有電梯_7樓以上
房地(土地+建物)+車位,秀明路二段１１５巷３號十七樓,17.0,24.0,1,58.52,461368,0.0,,24.991252,121.57723,動物園站出口2,776,有電梯_7樓以上
房地(土地+建物)+車位,萬壽路７５巷９號八樓,8.0,22.0,1,35.2,340950,0.0,,24.986089,121.588043,動物園站出口1,1584,有電梯_7樓以上
房地(土地+建物),重陽路５０３號八樓之１,8.0,15.0,1,23.96,706148,0.0,,25.061707,121.61255,南港軟體園區站出口1,364,有電梯_7樓以上
房地(土地+建物)+車位,大安路二段６６號十一樓之５,11.0,12.0,1,16.92,1364012,4.54,0.0,25.03224,121.545854,大安站出口4,213,有電梯_7樓以上
房地(土地+建物)+車位,經貿二路１５７巷３６弄１１２號九樓,9.0,7.0,1,85.57,1008287,13.66,0.0,25.062575,121.613946,南港軟體園區站出口1,311,有電梯_7樓以上
房地(土地+建物),八德路四段１７巷５號十一樓,11.0,32.0,1,43.59,821286,0.0,,25.04872,121.558336,南京三民站出口2,552,有電梯_7樓以上
房地(土地+建物)+車位,濟南路一段１３巷６號八樓之２,8.0,0.0,1,24.97,1250501,13.77,145243.0,25.042927,121.522202,善導寺站出口2,225,有電梯_7樓以上
房地(土地+建物)+車位,大安路二段８０號九樓之１,9.0,0.0,1,62.7,1408048,20.59,310831.0,25.031641,121.545821,大安站出口4,248,有電梯_7樓以上
房地(土地+建物)+車位,大安路二段８０號十六樓,16.0,0.0,1,86.59,1355647,20.59,310831.0,25.031641,121.545821,大安站出口4,248,有電梯_7樓以上
房地(土地+建物)+車位,五分街１０２號十二樓,12.0,-1.0,1,48.12,590273,9.58,240084.0,25.066843,121.616875,東湖站出口3,495,有電梯_7樓以上
房地(土地+建物),復興北路１９０巷１３號十五樓,15.0,35.0,1,29.64,759137,0.0,,25.055446,121.542975,南京復興站出口1,325,有電梯_7樓以上
房地(土地+建物)+車位,內湖路二段１０３巷１８號十四樓,14.0,3.0,1,168.52,1300053,36.19,265267.0,25.080553,121.582045,文德站出口2,355,有電梯_7樓以上
房地(土地+建物)+車位,牯嶺街９５巷１０號十四樓,14.0,0.0,1,97.62,753127,12.78,367762.0,25.026008,121.519773,古亭站出口8,243,有電梯_7樓以上
房地(土地+建物)+車位,內湖路二段１０３巷１６號十八樓,18.0,3.0,1,182.22,1359965,24.13,240365.0,25.080468,121.582119,文德站出口2,343,有電梯_7樓以上
房地(土地+建物),中央北路四段５４１巷９號十三樓,13.0,0.0,1,29.25,571025,0.0,,25.12756,121.468445,關渡站出口1,267,有電梯_7樓以上
房地(土地+建物)+車位,萬美街二段４９號十樓,10.0,26.0,1,53.67,283215,0.0,,25.005178,121.564573,辛亥站出口,761,有電梯_7樓以上
房地(土地+建物),大安路二段８２號八樓,8.0,0.0,1,89.34,1423499,0.0,,25.031559,121.545821,大安站出口4,255,有電梯_7樓以上
房地(土地+建物)+車位,中央北路四段５４１巷５號九樓,9.0,0.0,1,45.03,541923,12.59,158856.0,25.127724,121.468485,關渡站出口1,285,有電梯_7樓以上
房地(土地+建物)+車位,牯嶺街９５巷８號十二樓,12.0,0.0,1,50.34,829126,7.41,350877.0,25.025987,121.519703,古亭站出口8,251,有電梯_7樓以上
房地(土地+建物)+車位,大安路二段８２號九樓,9.0,0.0,1,120.23,1432628,30.88,340026.0,25.031559,121.545821,大安站出口4,255,有電梯_7樓以上
房地(土地+建物)+車位,東華街二段３６號十樓之１,10.0,12.0,1,138.41,611220,0.0,,25.116823,121.514317,石牌站出口1,227,有電梯_7樓以上
房地(土地+建物),大安路二段８２號十樓,10.0,-1.0,1,89.34,1432677,0.0,,25.031559,121.545821,大安站出口4,255,有電梯_7樓以上
房地(土地+建物)+車位,樂業街７２巷１８號九樓,9.0,-1.0,1,22.53,917670,0.5,5200000.0,25.021491,121.550034,六張犁站出口,378,有電梯_7樓以上
房地(土地+建物)+車位,牯嶺街９５巷１６號十三樓,13.0,-1.0,1,52.27,809117,7.41,391363.0,25.025999,121.519904,古亭站出口8,232,有電梯_7樓以上
房地(土地+建物)+車位,牯嶺街９５巷１６號十四樓,14.0,-1.0,1,51.26,831295,6.39,422535.0,25.025999,121.519904,古亭站出口8,232,有電梯_7樓以上
房地(土地+建物)+車位,樂業街７２巷２０號九樓,9.0,-1.0,1,29.46,942761,4.98,502008.0,25.021456,121.549993,六張犁站出口,384,有電梯_7樓以上
房地(土地+建物),樂業街７２巷２０號八樓,8.0,-1.0,1,24.48,892927,0.0,,25.021456,121.549993,六張犁站出口,384,有電梯_7樓以上
房地(土地+建物)+車位,五分街１０２號十樓,10.0,-2.0,1,48.12,587068,9.58,240084.0,25.066843,121.616875,東湖站出口3,495,有電梯_7樓以上
房地(土地+建物)+車位,樂業街７２巷２０號十樓,10.0,-1.0,1,29.46,898645,4.98,502008.0,25.021456,121.549993,六張犁站出口,384,有電梯_7樓以上
房地(土地+建物)+車位,牯嶺街９５巷１２號十三樓,13.0,-1.0,1,52.41,822170,7.41,296896.0,25.02602,121.519846,古亭站出口8,236,有電梯_7樓以上
房地(土地+建物)+車位,牯嶺街９５巷８號九樓,9.0,-1.0,1,50.34,780217,7.41,323887.0,25.025987,121.519703,古亭站出口8,251,有電梯_7樓以上
房地(土地+建物)+車位,牯嶺街９５巷８號十一樓,11.0,-1.0,1,50.34,803041,7.41,323887.0,25.025987,121.519703,古亭站出口8,251,有電梯_7樓以上
房地(土地+建物)+車位,牯嶺街９５巷８號十三樓,13.0,-1.0,1,50.12,802567,7.41,296896.0,25.025987,121.519703,古亭站出口8,251,有電梯_7樓以上
房地(土地+建物)+車位,牯嶺街９５巷１６號九樓,9.0,-1.0,1,51.26,783378,6.39,375587.0,25.025999,121.519904,古亭站出口8,232,有電梯_7樓以上
房地(土地+建物)+車位,大安路二段８０號十四樓之１,14.0,-1.0,1,100.33,1432175,20.59,281690.0,25.031641,121.545821,大安站出口4,248,有電梯_7樓以上
房地(土地+建物)+車位,金龍路６７巷８號九樓,9.0,-1.0,1,52.97,708087,12.02,191348.0,25.085924,121.592862,內湖站出口1,281,有電梯_7樓以上
房地(土地+建物)+車位,牯嶺街９５巷１２號十四樓,14.0,-2.0,1,51.4,780512,6.39,406886.0,25.02602,121.519846,古亭站出口8,236,有電梯_7樓以上
房地(土地+建物)+車位,大安路二段８２號二十一樓,21.0,-2.0,1,83.01,1459379,20.59,281690.0,25.031559,121.545821,大安站出口4,255,有電梯_7樓以上
房地(土地+建物)+車位,大安路二段８２號十六樓,16.0,-2.0,1,89.06,1431204,20.59,339971.0,25.031559,121.545821,大安站出口4,255,有電梯_7樓以上
房地(土地+建物)+車位,大安路二段８２號十五樓之１,15.0,-2.0,1,109.4,1441674,30.88,310881.0,25.031559,121.545821,大安站出口4,255,有電梯_7樓以上
房地(土地+建物)+車位,五分街９８號十二樓,12.0,-3.0,1,37.94,609898,9.58,260960.0,25.066916,121.617021,東湖站出口3,510,有電梯_7樓以上
房地(土地+建物)+車位,五分街９６號十二樓,12.0,-3.0,1,37.67,597947,9.58,219207.0,25.06692,121.616876,東湖站出口3,495,有電梯_7樓以上
房地(土地+建物)+車位,五分街８６號十樓,10.0,-3.0,1,48.33,600513,9.58,229645.0,25.067047,121.616892,東湖站出口3,496,有電梯_7樓以上
房地(土地+建物)+車位,中央北路四段５４１巷３號十七樓,17.0,-2.0,1,41.07,580752,12.59,166799.0,25.12766,121.468387,關渡站出口1,275,有電梯_7樓以上
房地(土地+建物)+車位,五分街９８號十一樓,11.0,-3.0,1,37.94,610603,9.58,240084.0,25.066916,121.617021,東湖站出口3,510,有電梯_7樓以上
房地(土地+建物)+車位,五分街８６號十二樓,12.0,-3.0,1,46.45,602803,9.58,240084.0,25.067047,121.616892,東湖站出口3,496,有電梯_7樓以上
房地(土地+建物)+車位,五分街９２號十一樓,11.0,-3.0,1,36.14,600539,9.58,229645.0,25.06697,121.616885,東湖站出口3,496,有電梯_7樓以上
房地(土地+建物)+車位,五分街８６號十一樓,11.0,-3.0,1,46.45,606870,9.58,260960.0,25.067047,121.616892,東湖站出口3,496,有電梯_7樓以上
房地(土地+建物)+車位,大安路二段８２號十六樓之１,16.0,-2.0,1,103.07,1436180,30.88,310881.0,25.031559,121.545821,大安站出口4,255,有電梯_7樓以上
房地(土地+建物)+車位,五分街９６號十一樓,11.0,-3.0,1,37.67,596167,9.58,219207.0,25.06692,121.616876,東湖站出口3,495,有電梯_7樓以上
房地(土地+建物)+車位,五分街９２號八樓,8.0,-3.0,1,37.89,592704,9.58,229645.0,25.06697,121.616885,東湖站出口3,496,有電梯_7樓以上
房地(土地+建物)+車位,五分街１００號十樓,10.0,-3.0,1,47.56,604284,9.58,219207.0,25.066842,121.617017,東湖站出口3,510,有電梯_7樓以上
房地(土地+建物)+車位,五分街１０２號十一樓,11.0,-3.0,1,48.12,590273,9.58,260960.0,25.066843,121.616875,東湖站出口3,495,有電梯_7樓以上
房地(土地+建物)+車位,五分街９２號十樓,10.0,-3.0,1,37.51,603233,9.58,229645.0,25.06697,121.616885,東湖站出口3,496,有電梯_7樓以上
房地(土地+建物)+車位,五分街８８號十二樓,12.0,-3.0,1,53.1,616906,9.58,260960.0,25.06705,121.617022,東湖站出口3,510,有電梯_7樓以上
房地(土地+建物)+車位,五分街９０號十一樓,11.0,-3.0,1,36.63,604312,9.58,219207.0,25.066967,121.617021,東湖站出口3,510,有電梯_7樓以上
房地(土地+建物),五分街９０號十二樓,12.0,-3.0,1,27.06,595072,0.0,,25.066967,121.617021,東湖站出口3,510,有電梯_7樓以上
房地(土地+建物)+車位,五分街９６號十樓,10.0,-3.0,1,37.68,594259,9.58,240084.0,25.06692,121.616876,東湖站出口3,495,有電梯_7樓以上
房地(土地+建物)+車位,五分街９８號八樓,8.0,-3.0,1,37.94,595797,9.58,240084.0,25.066916,121.617021,東湖站出口3,510,有電梯_7樓以上
房地(土地+建物)+車位,五分街９８號九樓,9.0,-3.0,1,37.94,599322,9.58,240084.0,25.066916,121.617021,東湖站出口3,510,有電梯_7樓以上
房地(土地+建物)+車位,五分街９６號九樓,9.0,-3.0,1,37.68,593548,9.58,229645.0,25.06692,121.616876,東湖站出口3,495,有電梯_7樓以上
房地(土地+建物)+車位,大安路二段８０號十七樓之１,17.0,-2.0,1,77.95,1387581,20.59,310831.0,25.031641,121.545821,大安站出口4,248,有電梯_7樓以上
房地(土地+建物)+車位,五分街９６號八樓,8.0,-3.0,1,37.68,589989,9.58,219207.0,25.06692,121.616876,東湖站出口3,495,有電梯_7樓以上
房地(土地+建物)+車位,牯嶺街９５巷１２號十二樓,12.0,-2.0,1,52.41,768840,7.41,188934.0,25.02602,121.519846,古亭站出口8,236,有電梯_7樓以上
房地(土地+建物)+車位,牯嶺街９５巷１６號十二樓,12.0,-2.0,1,52.27,771225,7.41,188934.0,25.025999,121.519904,古亭站出口8,232,有電梯_7樓以上
房地(土地+建物)+車位,大安路二段８０號十樓之１,10.0,-2.0,1,62.7,1414223,20.59,281690.0,25.031641,121.545821,大安站出口4,248,有電梯_7樓以上
房地(土地+建物)+車位,五分街１００號八樓,8.0,-3.0,1,47.56,593752,9.58,219207.0,25.066842,121.617017,東湖站出口3,510,有電梯_7樓以上
房地(土地+建物)+車位,五分街１０２號八樓,8.0,-3.0,1,48.12,578507,9.58,219207.0,25.066843,121.616875,東湖站出口3,495,有電梯_7樓以上
房地(土地+建物)+車位,五分街８６號八樓,8.0,-3.0,1,48.4,587421,9.59,239833.0,25.067047,121.616892,東湖站出口3,496,有電梯_7樓以上
房地(土地+建物)+車位,五分街１００號十二樓,12.0,-3.0,1,47.56,610867,9.58,219207.0,25.066842,121.617017,東湖站出口3,510,有電梯_7樓以上
房地(土地+建物)+車位,五分街１００號九樓,9.0,-3.0,1,47.56,597438,9.58,240084.0,25.066842,121.617017,東湖站出口3,510,有電梯_7樓以上
房地(土地+建物)+車位,五分街１００號十一樓,11.0,-3.0,1,47.56,609550,9.58,219207.0,25.066842,121.617017,東湖站出口3,510,有電梯_7樓以上
房地(土地+建物)+車位,五分街９２號十二樓,12.0,-3.0,1,36.14,592256,9.58,208768.0,25.06697,121.616885,東湖站出口3,496,有電梯_7樓以上
房地(土地+建物)+車位,五分街９０號八樓,8.0,-3.0,1,38.17,592881,9.58,240084.0,25.066967,121.617021,東湖站出口3,510,有電梯_7樓以上
房地(土地+建物)+車位,五分街８８號十一樓,11.0,-3.0,1,53.1,608865,9.58,219207.0,25.06705,121.617022,東湖站出口3,510,有電梯_7樓以上
房地(土地+建物)+車位,五分街８８號八樓,8.0,-3.0,1,63.51,608760,19.15,240209.0,25.06705,121.617022,東湖站出口3,510,有電梯_7樓以上
房地(土地+建物)+車位,牯嶺街９５巷１０號十二樓,12.0,-2.0,1,50.31,805239,7.41,296896.0,25.026008,121.519773,古亭站出口8,243,有電梯_7樓以上
房地(土地+建物)+車位,牯嶺街９５巷１０號十一樓,11.0,-2.0,1,50.31,797081,7.41,323887.0,25.026008,121.519773,古亭站出口8,243,有電梯_7樓以上
房地(土地+建物),大安路二段８０號十五樓,15.0,-2.0,1,71.7,1450458,0.0,,25.031641,121.545821,大安站出口4,248,有電梯_7樓以上
房地(土地+建物)+車位,民權東路六段２８０巷１５５弄１９７號十樓,10.0,-3.0,1,48.53,738006,9.81,275229.0,25.068472,121.609224,東湖站出口1,221,有電梯_7樓以上
房地(土地+建物)+車位,牯嶺街９５巷１０號九樓,9.0,-3.0,1,49.3,785317,6.39,406886.0,25.026008,121.519773,古亭站出口8,243,有電梯_7樓以上
房地(土地+建物)+車位,中央北路四段５４１巷７號十七樓,17.0,-3.0,1,63.49,597825,25.19,186582.0,25.127635,121.468545,關渡站出口1,279,有電梯_7樓以上
房地(土地+建物)+車位,中央北路四段５４１巷９號十七樓,17.0,-3.0,1,41.84,580599,12.59,190627.0,25.12756,121.468445,關渡站出口1,267,有電梯_7樓以上
房地(土地+建物)+車位,牯嶺街９５巷１２號九樓,9.0,-3.0,1,52.41,737731,7.41,377868.0,25.02602,121.519846,古亭站出口8,236,有電梯_7樓以上
房地(土地+建物)+車位,中央北路四段５４１巷５號十三樓,13.0,-3.0,1,45.03,573365,12.59,150913.0,25.127724,121.468485,關渡站出口1,285,有電梯_7樓以上
房地(土地+建物)+車位,中央北路四段５４１巷５號十七樓,17.0,-3.0,1,43.85,602706,11.41,157756.0,25.127724,121.468485,關渡站出口1,285,有電梯_7樓以上
房地(土地+建物)+車位,牯嶺街９５巷１２號十一樓,11.0,-3.0,1,52.41,721065,7.41,377868.0,25.02602,121.519846,古亭站出口8,236,有電梯_7樓以上
房地(土地+建物)+車位,中央北路四段５４１巷１１號十二樓,12.0,-3.0,1,42.16,558011,12.59,158856.0,25.127483,121.468327,關渡站出口1,254,有電梯_7樓以上
房地(土地+建物)+車位,大安路二段８２號十四樓之１,14.0,-3.0,1,130.68,1421220,41.18,339971.0,25.031559,121.545821,大安站出口4,255,有電梯_7樓以上
房地(土地+建物)+車位,牯嶺街９５巷１０號八樓,8.0,-3.0,1,50.31,762122,7.41,377868.0,25.026008,121.519773,古亭站出口8,243,有電梯_7樓以上
房地(土地+建物),石牌路一段３９巷１４８號十樓之２,10.0,-3.0,1,19.03,661999,0.0,,25.118201,121.510085,唭哩岸站出口1,424,有電梯_7樓以上
房地(土地+建物),中央北路四段５４１巷３號十二樓,12.0,-3.0,1,28.48,549502,0.0,,25.12766,121.468387,關渡站出口1,275,有電梯_7樓以上
房地(土地+建物)+車位,中央北路四段５４１巷１１號十一樓,11.0,-3.0,1,42.16,554629,12.59,158856.0,25.127483,121.468327,關渡站出口1,254,有電梯_7樓以上
房地(土地+建物)+車位,牯嶺街９５巷８號八樓,8.0,-3.0,1,50.34,775559,7.41,364372.0,25.025987,121.519703,古亭站出口8,251,有電梯_7樓以上
房地(土地+建物)+車位,石牌路一段３９巷１４８號八樓之１,8.0,-3.0,1,45.52,690100,13.52,192308.0,25.118201,121.510085,唭哩岸站出口1,424,有電梯_7樓以上
房地(土地+建物)+車位,石牌路一段３９巷１４８號十一樓,11.0,-3.0,1,38.7,699928,13.52,184911.0,25.118201,121.510085,唭哩岸站出口1,424,有電梯_7樓以上
房地(土地+建物)+車位,中央北路四段５４１巷５號十二樓,12.0,-3.0,1,45.03,572749,12.59,152502.0,25.127724,121.468485,關渡站出口1,285,有電梯_7樓以上
房地(土地+建物)+車位,中央北路四段５４１巷１３號十二樓,12.0,-3.0,1,48.56,580480,12.59,166799.0,25.127405,121.468199,關渡站出口1,241,有電梯_7樓以上
房地(土地+建物)+車位,濟南路一段１３巷６號八樓,8.0,-3.0,1,33.61,1254355,13.77,145243.0,25.042927,121.522202,善導寺站出口2,225,有電梯_7樓以上
房地(土地+建物)+車位,牯嶺街９５巷８號十樓,10.0,-3.0,1,50.34,812228,6.39,438185.0,25.025987,121.519703,古亭站出口8,251,有電梯_7樓以上
房地(土地+建物)+車位,牯嶺街９５巷１０號十樓,10.0,-3.0,1,50.31,832041,7.41,377868.0,25.026008,121.519773,古亭站出口8,243,有電梯_7樓以上
房地(土地+建物)+車位,牯嶺街９５巷１０號十三樓,13.0,-3.0,1,50.31,820388,7.41,377868.0,25.026008,121.519773,古亭站出口8,243,有電梯_7樓以上
房地(土地+建物)+車位,中央北路四段５４１巷１５號九樓,9.0,-3.0,1,51.65,540212,12.59,174742.0,25.127493,121.468118,關渡站出口1,247,有電梯_7樓以上
房地(土地+建物)+車位,中央北路四段５４１巷３號十樓,10.0,-3.0,1,41.07,524573,12.59,171565.0,25.12766,121.468387,關渡站出口1,275,有電梯_7樓以上
房地(土地+建物),中央北路四段５４１巷９號十樓,10.0,-3.0,1,29.25,514264,0.0,,25.12756,121.468445,關渡站出口1,267,有電梯_7樓以上
房地(土地+建物)+車位,石牌路一段３９巷１４６號十三樓,13.0,-3.0,1,38.7,689600,13.52,162722.0,25.118068,121.510116,唭哩岸站出口1,436,有電梯_7樓以上
房地(土地+建物)+車位,石牌路一段３９巷１４６號八樓之５,8.0,-3.0,1,35.05,687641,13.52,162722.0,25.118068,121.510116,唭哩岸站出口1,436,有電梯_7樓以上
房地(土地+建物)+車位,石牌路一段３９巷１４８號十一樓之３,11.0,-3.0,1,50.49,680039,13.52,192308.0,25.118201,121.510085,唭哩岸站出口1,424,有電梯_7樓以上
房地(土地+建物)+車位,石牌路一段３９巷１４６號十二樓之１,12.0,-3.0,1,45.52,706352,13.52,184911.0,25.118068,121.510116,唭哩岸站出口1,436,有電梯_7樓以上
房地(土地+建物)+車位,中央北路四段５４１巷１１號九樓,9.0,-3.0,1,42.16,514046,12.59,190627.0,25.127483,121.468327,關渡站出口1,254,有電梯_7樓以上
房地(土地+建物)+車位,中央北路四段５４１巷７號十樓,10.0,-3.0,1,50.9,545091,12.59,190627.0,25.127635,121.468545,關渡站出口1,279,有電梯_7樓以上
房地(土地+建物)+車位,五常街１１巷７號十一樓之１,11.0,-1.0,1,36.88,847234,11.51,243267.0,25.064767,121.537842,行天宮站出口4,692,有電梯_7樓以上
房地(土地+建物)+車位,光復南路４６巷３６號十三樓之１,13.0,-4.0,1,63.12,1249998,13.0,246154.0,25.045734,121.554654,國父紀念館站出口1,478,有電梯_7樓以上
房地(土地+建物)+車位,中和街３６６號十四樓之７,14.0,14.0,1,43.88,341813,0.0,,25.141741,121.499514,新北投站出口2,621,有電梯_7樓以上
房地(土地+建物)+車位,中山北路五段７１８號十一樓,11.0,3.0,1,74.11,937841,0.0,,25.098173,121.527592,士林站出口1,481,有電梯_7樓以上
房地(土地+建物)+車位,知行路２９３巷１６號十樓之１,10.0,13.0,1,37.39,646620,14.97,0.0,25.122169,121.466523,關渡站出口2,369,有電梯_7樓以上
房地(土地+建物),敦化南路二段４６號九樓之１４,9.0,47.0,1,16.48,1029304,0.0,,25.031308,121.548271,信義安和站出口2,452,有電梯_7樓以上
房地(土地+建物)+車位,中央北路四段５４１巷５號十八樓,18.0,1.0,1,45.02,788591,12.59,190627.0,25.127724,121.468485,關渡站出口1,285,有電梯_7樓以上
房地(土地+建物)+車位,臥龍街３１６號十三樓,13.0,12.0,1,50.65,912717,14.16,0.0,25.016603,121.559948,麟光站出口,256,有電梯_7樓以上
房地(土地+建物)+車位,崇仰一路５之６號九樓,9.0,25.0,1,84.57,397068,0.0,,25.125403,121.510178,唭哩岸站出口1,617,有電梯_7樓以上
房地(土地+建物)+車位,重陽路４６２號十三樓之１,13.0,12.0,1,93.61,998076,21.52,278810.0,25.059491,121.610952,南港軟體園區站出口1,504,有電梯_7樓以上
房地(土地+建物)+車位,永吉路２２５巷２７號十二樓,12.0,12.0,1,21.8,1201772,0.0,,25.047272,121.574334,松山站出口2,375,有電梯_7樓以上
房地(土地+建物)+車位,辛亥路六段３７號十一樓之１,11.0,14.0,1,52.49,668221,13.13,190404.0,24.989292,121.55355,萬芳醫院站出口,1199,有電梯_7樓以上
房地(土地+建物)+車位,港墘路１１號八樓之２,8.0,22.0,1,51.33,755965,0.0,,25.083345,121.578457,港墘站出口1,446,有電梯_7樓以上
房地(土地+建物)+車位,民權東路六段２８０巷１００之１號十樓,10.0,28.0,1,48.47,575171,0.0,,25.069155,121.609124,東湖站出口1,282,有電梯_7樓以上
房地(土地+建物)+車位,中山北路七段８７號十一樓,11.0,8.0,1,199.15,923938,0.0,,25.122048,121.53131,石牌站出口2,1788,有電梯_7樓以上
房地(土地+建物)+車位,吳興街２８４巷８號九樓之２,9.0,8.0,1,35.48,895197,4.43,451467.0,25.025024,121.563707,台北101/世貿站出口3,858,有電梯_7樓以上
房地(土地+建物)+車位,新富街１６０號八樓,8.0,10.0,1,105.38,815250,25.67,194780.0,25.060854,121.585665,昆陽站出口2,1368,有電梯_7樓以上
房地(土地+建物),仁愛路四段３７之１２５號,12.0,50.0,1,48.03,1099848,0.0,,25.038134,121.546106,忠孝復興站出口3,393,有電梯_7樓以上
房地(土地+建物)+車位,天母北路５６號十樓之３,10.0,2.0,1,59.05,951033,11.73,298380.0,25.121533,121.52636,石牌站出口1,1336,有電梯_7樓以上
房地(土地+建物),基河路１２８號十樓之１４,10.0,26.0,1,8.51,699234,0.0,,25.088648,121.523185,劍潭站出口1,449,有電梯_7樓以上
房地(土地+建物)+車位,中山北路六段３５巷１８號二十樓,20.0,6.0,1,205.56,1120088,39.43,304337.0,25.102971,121.524564,芝山站出口1,220,有電梯_7樓以上
房地(土地+建物),建國北路三段８０巷１號十樓,10.0,34.0,1,41.12,651771,0.0,,25.065685,121.535673,行天宮站出口4,650,有電梯_7樓以上
房地(土地+建物),安和路二段２１號九樓,9.0,38.0,1,45.79,1135710,0.0,,25.032194,121.552614,信義安和站出口2A,73,有電梯_7樓以上
房地(土地+建物),民權東路三段１０３巷１號九樓之３,9.0,37.0,1,30.25,743877,0.0,,25.062439,121.545119,中山國中站出口,213,有電梯_7樓以上
房地(土地+建物)+車位,向陽路２５８巷３號八樓,8.0,16.0,1,44.09,539850,0.0,,25.05838,121.5931,昆陽站出口3,867,有電梯_7樓以上
房地(土地+建物)+車位,復興北路４４８號九樓之１０,9.0,13.0,1,13.17,931208,0.5,0.0,25.064155,121.544044,中山國中站出口,370,有電梯_7樓以上
房地(土地+建物)+車位,景華街１９６號十五樓之３,15.0,6.0,1,82.34,804320,25.4,196850.0,24.998544,121.547712,景美站出口2,872,有電梯_7樓以上
房地(土地+建物)+車位,歸綏街５８號十樓之１,10.0,4.0,1,48.87,842047,19.06,230850.0,25.059072,121.517137,雙連站出口2,377,有電梯_7樓以上
房地(土地+建物)+車位,金龍路２２２巷１６號十一樓之４,11.0,28.0,1,28.84,797490,9.33,0.0,25.087985,121.585356,內湖站出口1,1014,有電梯_7樓以上
房地(土地+建物),青年路１４４號十樓,10.0,25.0,1,53.87,491933,0.0,,25.021629,121.502436,龍山寺站出口2,1522,有電梯_7樓以上
房地(土地+建物)+車位,中央北路四段５４１巷１５號十八樓,18.0,1.0,1,64.23,782654,25.19,242160.0,25.127493,121.468118,關渡站出口1,247,有電梯_7樓以上
房地(土地+建物),辛亥路四段７７巷９２弄９號十三樓之５,13.0,19.0,1,13.73,601450,0.0,,25.008779,121.561219,辛亥站出口,587,有電梯_7樓以上
房地(土地+建物)+車位,文林北路３０６號九樓之１,9.0,7.0,1,61.64,746301,0.0,,25.110934,121.511425,石牌站出口2,565,有電梯_7樓以上
房地(土地+建物)+車位,民權東路六段２２２之１號十樓,10.0,15.0,1,95.73,766119,18.2,0.0,25.066877,121.598798,葫洲站出口2,1054,有電梯_7樓以上
房地(土地+建物)+車位,經貿二路２３５巷３８號九樓,9.0,8.0,1,34.82,956939,3.78,529101.0,25.061428,121.615103,南港軟體園區站出口1,139,有電梯_7樓以上
房地(土地+建物),安和路二段２０５號十樓,10.0,31.0,1,59.96,1050097,0.0,,25.026341,121.550143,六張犁站出口,381,有電梯_7樓以上
房地(土地+建物)+車位,中和街２８號十六樓之６,16.0,22.0,1,31.05,456660,0.0,,25.137951,121.502985,新北投站出口1,122,有電梯_7樓以上
房地(土地+建物)+車位,松江路４２０號九樓,9.0,7.0,1,105.9,940545,0.0,,25.064572,121.532784,行天宮站出口4,468,有電梯_7樓以上
房地(土地+建物),仁愛路四段６２號十三樓之６,13.0,44.0,1,12.6,1040006,0.0,,25.037597,121.547607,忠孝敦化站出口6,413,有電梯_7樓以上
房地(土地+建物)+車位,重慶北路四段２０６號十五樓,15.0,9.0,1,94.98,632894,21.04,237643.0,25.085404,121.511655,劍潭站出口2,1340,有電梯_7樓以上
房地(土地+建物),建國北路一段１５０號十二樓之１０,12.0,12.0,1,14.44,1038903,0.0,,25.051441,121.536352,松江南京站出口5,234,有電梯_7樓以上
房地(土地+建物)+車位,仁愛路二段６１號十五樓,15.0,31.0,1,89.78,1180639,0.0,,25.038453,121.530129,忠孝新生站出口5,368,有電梯_7樓以上
房地(土地+建物),辛亥路四段７７巷９２弄９號十二樓之１,12.0,19.0,1,12.55,557603,0.0,,25.008779,121.561219,辛亥站出口,587,有電梯_7樓以上
房地(土地+建物)+車位,金湖路３７６號九樓之３,9.0,23.0,1,12.62,792565,0.0,,25.073617,121.604627,葫洲站出口2,285,有電梯_7樓以上
房地(土地+建物),中正路７０７巷１９號八樓,8.0,38.0,1,31.36,433630,0.0,,25.084903,121.506938,劍潭站出口2,1803,有電梯_7樓以上
房地(土地+建物)+車位,研究院路二段６１巷１５號十八樓之１,18.0,8.0,1,76.28,686484,15.71,190961.0,25.044633,121.617248,南港展覽館站出口7,1049,有電梯_7樓以上
房地(土地+建物)+車位,同德路３６號十一樓之１,11.0,14.0,1,63.12,979350,11.45,262009.0,25.044953,121.584555,後山埤站出口3,132,有電梯_7樓以上
房地(土地+建物),松江路３３０巷５３號八樓之５、八樓之６,8.0,14.0,1,24.74,848882,0.0,,25.061251,121.531227,行天宮站出口4,203,有電梯_7樓以上
房地(土地+建物),忠孝東路五段１９號十二樓,12.0,40.0,1,44.94,909671,0.0,,25.041314,121.565668,市政府站出口1,24,有電梯_7樓以上
房地(土地+建物),光復北路１１巷９７號十四樓之２,14.0,33.0,1,40.89,831399,0.0,,25.050436,121.562341,南京三民站出口2,114,有電梯_7樓以上
房地(土地+建物)+車位,中庸一路１１之４號十樓,10.0,28.0,1,84.31,415136,0.0,,25.134657,121.549285,石牌站出口1,4066,有電梯_7樓以上
房地(土地+建物),東湖路１１３巷５０號八樓之２,8.0,26.0,1,9.39,665846,0.0,,25.070696,121.61598,東湖站出口3,572,有電梯_7樓以上
房地(土地+建物)+車位,中庸一路１１之３號十樓,10.0,28.0,1,84.69,411836,0.0,,25.134657,121.549285,石牌站出口1,4066,有電梯_7樓以上
房地(土地+建物),敦化南路二段９８號二十六樓之１,26.0,36.0,1,55.17,1262033,0.0,,25.027988,121.548387,科技大樓站出口,520,有電梯_7樓以上
房地(土地+建物)+車位,德昌街１３１號九樓之３,9.0,11.0,1,68.45,826861,20.07,0.0,25.023996,121.496442,龍山寺站出口2,1281,有電梯_7樓以上
房地(土地+建物)+車位,星雲街３５號八樓,8.0,29.0,1,97.62,592076,0.0,,25.078784,121.591497,文德站出口1,590,有電梯_7樓以上
房地(土地+建物),新生北路三段４３號八樓之５,8.0,44.0,1,15.65,626266,0.0,,25.065416,121.528038,中山國小站出口4,312,有電梯_7樓以上
房地(土地+建物)+車位,敦化南路二段１０４號二十四樓之１,24.0,36.0,1,56.68,1272192,15.82,379267.0,25.027709,121.548387,科技大樓站出口,509,有電梯_7樓以上
房地(土地+建物)+車位,辛亥路二段１７１巷６弄６號十一樓,11.0,39.0,1,68.86,909427,17.32,0.0,25.021936,121.540812,科技大樓站出口,549,有電梯_7樓以上
房地(土地+建物),星雲街１６８巷３５號十三樓之５,13.0,25.0,1,17.23,774659,0.0,,25.079901,121.597014,內湖站出口2,481,有電梯_7樓以上
房地(土地+建物),承德路四段１２０號十樓,10.0,37.0,1,42.41,721100,0.0,,25.083457,121.523275,劍潭站出口2,150,有電梯_7樓以上
房地(土地+建物),健康路１８３之１號十二樓,12.0,29.0,1,31.0,829109,0.0,,25.054142,121.561413,南京三民站出口1,332,有電梯_7樓以上
房地(土地+建物)+車位,安和路二段１８１巷１０號八樓之１,8.0,13.0,1,36.02,1045391,7.13,0.0,25.027216,121.550562,六張犁站出口,434,有電梯_7樓以上
房地(土地+建物)+車位,和平東路三段１巷４２號十四樓,14.0,37.0,1,31.23,928683,0.0,,25.026558,121.546583,科技大樓站出口,300,有電梯_7樓以上
房地(土地+建物),建國北路三段７１號十三樓之２,13.0,7.0,1,23.59,924163,0.0,,25.065123,121.537204,行天宮站出口4,678,有電梯_7樓以上
房地(土地+建物)+車位,成功路四段６１巷５５號八樓,8.0,5.0,1,87.21,737111,22.09,226347.0,25.079737,121.593624,內湖站出口2,445,有電梯_7樓以上
房地(土地+建物),健康路１７０號八樓,8.0,44.0,1,39.06,806415,0.0,,25.053344,121.558212,南京三民站出口1,538,有電梯_7樓以上
房地(土地+建物)+車位,中庸一路１１之３號十三樓,13.0,28.0,1,84.69,369414,19.73,253421.0,25.134657,121.549285,石牌站出口1,4066,有電梯_7樓以上
房地(土地+建物)+車位,仁愛路四段３１４號九樓之１,9.0,40.0,1,77.94,969509,14.5,241379.0,25.037273,121.555262,國父紀念館站出口2,442,有電梯_7樓以上
房地(土地+建物)+車位,迪化街二段１５８號十二樓之８,12.0,1.0,1,57.94,663480,9.71,0.0,25.066822,121.510066,大橋頭站出口1A,423,有電梯_7樓以上
房地(土地+建物)+車位,中山北路七段８２巷１２號十樓,10.0,17.0,1,93.57,833635,0.0,,25.121115,121.532449,石牌站出口2,1837,有電梯_7樓以上
房地(土地+建物)+車位,松德路１０３號十四樓,14.0,28.0,1,61.17,1008444,11.43,306212.0,25.0379,121.575804,永春站出口3,314,有電梯_7樓以上
房地(土地+建物),復興南路二段１５１巷３０弄１１號十六樓,16.0,37.0,1,31.13,880173,0.0,,25.027895,121.545524,科技大樓站出口,271,有電梯_7樓以上
房地(土地+建物)+車位,健康路３２５巷５弄１號八樓,8.0,22.0,1,68.57,797391,0.0,,25.054793,121.566908,南京三民站出口4,420,有電梯_7樓以上
房地(土地+建物)+車位,民權東路六段２９６巷７２之３號八樓,8.0,26.0,1,46.93,620035,0.0,,25.070343,121.609091,葫洲站出口1,262,有電梯_7樓以上
房地(土地+建物)+車位,知行路２１４巷１９號八樓,8.0,11.0,1,85.39,539403,21.24,188324.0,25.120439,121.467962,關渡站出口1,560,有電梯_7樓以上
房地(土地+建物)+車位,環山路一段２６號二十樓,20.0,13.0,1,131.18,1145873,37.8,0.0,25.084879,121.564527,西湖站出口1,354,有電梯_7樓以上
房地(土地+建物)+車位,汀州路一段３５０號十六樓,16.0,2.0,1,56.26,800118,11.73,213129.0,25.026296,121.512699,中正紀念堂站出口2,881,有電梯_7樓以上
房地(土地+建物)+車位,指南路三段５２號九樓,9.0,15.0,1,54.5,471014,10.76,278810.0,24.981875,121.580716,動物園站出口2,1795,有電梯_7樓以上
房地(土地+建物)+車位,新明路４２８巷１號十四樓,14.0,3.0,1,31.87,805620,9.3,268817.0,25.054519,121.579268,松山站出口5,465,有電梯_7樓以上
房地(土地+建物)+車位,興隆路二段１０號八樓,8.0,6.0,1,104.48,813298,36.61,213057.0,24.998628,121.54537,萬隆站出口2,667,有電梯_7樓以上
房地(土地+建物)+車位,辛亥路四段７７巷６號八樓,8.0,24.0,1,44.08,651402,9.85,203046.0,25.007294,121.559057,辛亥站出口,317,有電梯_7樓以上
房地(土地+建物)+車位,景華街１９６號八樓之３,8.0,6.0,1,69.57,826404,12.7,196850.0,24.998544,121.547712,景美站出口2,872,有電梯_7樓以上
房地(土地+建物)+車位,舊莊街一段９１巷１６弄６號九樓,9.0,22.0,1,43.77,621688,11.04,0.0,25.041078,121.619949,南港展覽館站出口7,1452,有電梯_7樓以上
房地(土地+建物)+車位,松信路５０巷８號九樓,9.0,8.0,1,116.47,1231744,40.15,0.0,25.047195,121.571233,松山站出口2,604,有電梯_7樓以上
房地(土地+建物)+車位,萬大路６２８號十四樓之３,14.0,12.0,1,40.29,553584,12.29,0.0,25.01695,121.495556,橋和站出口,1452,有電梯_7樓以上
房地(土地+建物)+車位,承德路七段３８８號十六樓,16.0,26.0,1,80.04,518521,0.0,,25.119657,121.502072,唭哩岸站出口2,407,有電梯_7樓以上
房地(土地+建物)+車位,金湖路６５巷９號十一樓之１,11.0,17.0,1,69.89,610705,0.0,,25.081908,121.596535,內湖站出口2,273,有電梯_7樓以上
房地(土地+建物),中華路二段５１０號十一樓,11.0,43.0,1,18.1,523159,0.0,,25.025778,121.508025,小南門站出口3,1101,有電梯_7樓以上
房地(土地+建物)+車位,重陽路４６２號十三樓之２,13.0,12.0,1,87.91,997852,21.52,278810.0,25.059491,121.610952,南港軟體園區站出口1,504,有電梯_7樓以上
房地(土地+建物)+車位,仁愛路四段３７５號十五樓,15.0,35.0,1,129.41,1166840,0.0,,25.038341,121.554844,國父紀念館站出口2,353,有電梯_7樓以上
房地(土地+建物),木新路二段４３巷１９號九樓,9.0,28.0,1,11.64,620104,0.0,,24.986528,121.571132,木柵站出口,1315,有電梯_7樓以上
房地(土地+建物),敦化南路一段１７７巷３０號八樓之１,8.0,14.0,1,15.91,1405542,0.0,,25.042961,121.550582,忠孝敦化站出口1,147,有電梯_7樓以上
房地(土地+建物),延平北路五段５０號八樓,8.0,9.0,1,43.4,523083,0.0,,25.080185,121.511019,圓山站出口2,1309,有電梯_7樓以上
房地(土地+建物),和平東路三段１巷３８號十四樓,14.0,37.0,1,31.39,673708,0.0,,25.026523,121.546581,科技大樓站出口,300,有電梯_7樓以上
房地(土地+建物)+車位,石牌路二段３１５巷１０弄７號八樓,8.0,15.0,1,52.32,730703,17.15,163265.0,25.12271,121.522514,石牌站出口1,1130,有電梯_7樓以上
房地(土地+建物),康寧路三段１８９巷１４１弄３１號十樓,10.0,27.0,1,35.91,629303,0.0,,25.074182,121.611115,葫洲站出口1,359,有電梯_7樓以上
房地(土地+建物)+車位,建國北路一段１５０號九樓之１、九樓之２,9.0,12.0,1,36.09,900426,11.66,257290.0,25.051441,121.536352,松江南京站出口5,234,有電梯_7樓以上
房地(土地+建物),環河南路二段２５０巷３３弄７號十三樓,13.0,34.0,1,36.9,398961,0.0,,25.033689,121.489778,龍山寺站出口1,1003,有電梯_7樓以上
房地(土地+建物)+車位,新豐街１５２號十四樓之１,14.0,11.0,1,62.17,739946,0.0,,25.061179,121.585118,松山站出口5,1393,有電梯_7樓以上
房地(土地+建物)+車位,石牌路二段３１５巷１０弄７號八樓之１,8.0,15.0,1,43.38,729831,8.58,291375.0,25.12271,121.522514,石牌站出口1,1130,有電梯_7樓以上
房地(土地+建物)+車位,大度路三段２７０巷６９號十九樓之２,19.0,10.0,1,60.5,556555,12.21,0.0,25.125054,121.467139,關渡站出口1,43,有電梯_7樓以上
房地(土地+建物)+車位,街８號十四樓之２,14.0,13.0,1,30.81,852573,0.0,,25.05467,121.606829,南港站出口2,300,有電梯_7樓以上
房地(土地+建物)+車位,文德路６６巷１４弄２２號十六樓,16.0,27.0,1,43.91,563642,0.0,,25.07729,121.580781,文德站出口2,402,有電梯_7樓以上
房地(土地+建物)+車位,康寧路三段７０巷１０號十二樓,12.0,17.0,1,38.8,817020,11.75,212766.0,25.069195,121.611501,東湖站出口2,224,有電梯_7樓以上
房地(土地+建物),南深路３３號八樓之８,8.0,23.0,1,17.64,453391,0.0,,25.036678,121.620821,南港展覽館站出口7,1949,有電梯_7樓以上
房地(土地+建物)+車位,五分街７２巷１號十樓之１,10.0,14.0,1,45.81,668435,10.36,241313.0,25.067144,121.616305,東湖站出口3,437,有電梯_7樓以上
房地(土地+建物)+車位,雙連街７５號十三樓之１,13.0,5.0,1,81.66,1053851,21.69,276625.0,25.059864,121.519094,民權西路站出口3,218,有電梯_7樓以上
房地(土地+建物)+車位,民權東路六段１７５號十一樓之３,11.0,6.0,1,29.43,931779,4.74,0.0,25.068182,121.596697,葫洲站出口2,1163,有電梯_7樓以上
房地(土地+建物)+車位,汀州路四段１９９號十樓,10.0,11.0,1,57.5,617368,0.0,,25.003216,121.535705,萬隆站出口4,295,有電梯_7樓以上
房地(土地+建物)+車位,吳興街６００巷１２０號十五樓,15.0,12.0,1,75.57,595447,0.0,,25.01825,121.572126,麟光站出口,1363,有電梯_7樓以上
房地(土地+建物)+車位,吳興街６００巷１２２號十五樓,15.0,12.0,1,63.68,675260,0.0,,25.01827,121.572223,麟光站出口,1372,有電梯_7樓以上
房地(土地+建物)+車位,中坡南路２０１巷１８之１號八樓,8.0,1.0,1,68.43,1033967,9.91,302725.0,25.041398,121.586504,後山埤站出口2,534,有電梯_7樓以上
房地(土地+建物),幽雅路７號九樓之７,9.0,13.0,1,14.76,399675,0.0,,25.137316,121.513129,新北投站出口1,968,有電梯_7樓以上
房地(土地+建物)+車位,幽雅路７號九樓之６,9.0,13.0,1,28.74,341018,0.0,,25.137316,121.513129,新北投站出口1,968,有電梯_7樓以上
房地(土地+建物)+車位,歸綏街５８號九樓之１,9.0,4.0,1,52.29,779355,19.06,188877.0,25.059072,121.517137,雙連站出口2,377,有電梯_7樓以上
房地(土地+建物),泉源路３６之２２號八樓之５,8.0,32.0,1,18.2,393507,0.0,,25.140363,121.506481,新北投站出口1,481,有電梯_7樓以上
房地(土地+建物)+車位,重慶北路四段２２２號十一樓之５,11.0,5.0,1,30.28,706730,5.66,0.0,25.085867,121.511468,劍潭站出口2,1368,有電梯_7樓以上
房地(土地+建物),信義路五段１５０巷４９９號九樓之７,9.0,25.0,1,17.43,688348,0.0,,25.021286,121.573541,象山站出口2,1286,有電梯_7樓以上
房地(土地+建物),松山路２６８號十樓,10.0,38.0,1,26.61,593742,0.0,,25.043722,121.577254,永春站出口5,314,有電梯_7樓以上
房地(土地+建物)+車位,指南路三段９５號八樓,8.0,8.0,1,31.07,655194,7.59,197628.0,24.982319,121.581166,動物園站出口2,1750,有電梯_7樓以上
房地(土地+建物),幽雅路７號十三樓之１０,13.0,13.0,1,29.67,412887,0.0,,25.137316,121.513129,新北投站出口1,968,有電梯_7樓以上
房地(土地+建物),新生北路二段２８巷３號十四樓之２,14.0,33.0,1,39.77,764461,0.0,,25.053907,121.526665,中山站出口3,574,有電梯_7樓以上
房地(土地+建物)+車位,木柵路二段１０９巷１００弄８０號十七樓,17.0,25.0,1,34.62,467804,4.14,386473.0,24.992931,121.561953,萬芳醫院站出口,834,有電梯_7樓以上
房地(土地+建物),國興路５８號十樓,10.0,43.0,1,18.1,656297,0.0,,25.025787,121.507072,小南門站出口3,1130,有電梯_7樓以上
房地(土地+建物)+車位,五常街１１巷５號十四樓之１,14.0,2.0,1,47.49,956025,11.51,208514.0,25.064522,121.537885,行天宮站出口4,676,有電梯_7樓以上
房地(土地+建物)+車位,星雲街１６５號十樓之６,10.0,23.0,1,38.42,637631,0.0,,25.081047,121.596538,內湖站出口2,347,有電梯_7樓以上
房地(土地+建物)+車位,松江路３８巷２１號八樓,8.0,3.0,1,83.05,1099963,18.67,407070.0,25.047651,121.531094,松江南京站出口3,422,有電梯_7樓以上
房地(土地+建物),敦化南路一段８８號十樓之１,10.0,36.0,1,62.6,1094262,0.0,,25.046818,121.5485,忠孝敦化站出口8,548,有電梯_7樓以上
房地(土地+建物)+車位,行義路１９２巷１５弄１２號十一樓,11.0,21.0,1,75.59,468074,10.01,0.0,25.134033,121.529655,石牌站出口1,2569,有電梯_7樓以上
房地(土地+建物)+車位,重陽路１２５巷３６弄３０號八樓之２,8.0,14.0,1,25.47,667361,0.0,,25.057323,121.59661,昆陽站出口4,802,有電梯_7樓以上
房地(土地+建物),復興南路二段１５１巷３０弄２１號十九樓,19.0,37.0,1,30.64,864792,0.0,,25.027352,121.545666,科技大樓站出口,244,有電梯_7樓以上
房地(土地+建物),辛亥路七段８４巷５號十樓之２,10.0,21.0,1,58.47,427569,0.0,,24.981545,121.55474,大坪林站出口5,1171,有電梯_7樓以上
房地(土地+建物)+車位,環河南路三段１３５號八樓,8.0,6.0,1,69.96,517616,8.14,245700.0,25.023555,121.491379,龍山寺站出口2,1540,有電梯_7樓以上
房地(土地+建物)+車位,研究院路二段６１巷１５號十三樓之１,13.0,8.0,1,78.43,831980,31.43,0.0,25.044633,121.617248,南港展覽館站出口7,1049,有電梯_7樓以上
房地(土地+建物),通河西街二段４３號九樓,9.0,27.0,1,38.33,459210,0.0,,25.090291,121.511058,劍潭站出口1,1537,有電梯_7樓以上
房地(土地+建物)+車位,街２８號九樓,9.0,9.0,1,77.1,908600,11.07,225836.0,25.05467,121.606829,南港站出口2,300,有電梯_7樓以上
房地(土地+建物),仁愛路四段１２５號十樓之１,10.0,45.0,1,48.51,1249335,0.0,,25.038114,121.550477,忠孝敦化站出口6,350,有電梯_7樓以上
房地(土地+建物),八德路四段１７巷５號十樓,10.0,33.0,1,43.59,848815,0.0,,25.04872,121.558336,南京三民站出口2,552,有電梯_7樓以上
房地(土地+建物),復興南路二段９０巷１２號十樓之６,10.0,14.0,1,13.88,1210226,0.0,,25.03022,121.542386,大安站出口5,323,有電梯_7樓以上
房地(土地+建物),木柵路二段１０９巷１００弄１５號九樓,9.0,28.0,1,21.5,465146,0.0,,24.991261,121.562569,萬芳社區站出口,1004,有電梯_7樓以上
房地(土地+建物)+車位,吳興街６００巷１２８號九樓,9.0,12.0,1,76.37,574556,0.0,,25.018169,121.572235,麟光站出口,1374,有電梯_7樓以上
房地(土地+建物),國興路１巷３號十樓之４,10.0,40.0,1,30.22,555984,0.0,,25.024375,121.509091,小南門站出口4,1230,有電梯_7樓以上
房地(土地+建物),福興路９５巷１７號九樓,9.0,14.0,1,29.85,571177,0.0,,25.004674,121.548715,辛亥站出口,838,有電梯_7樓以上
房地(土地+建物)+車位,木柵路一段８９巷１２弄５號十樓,10.0,15.0,1,51.11,583717,9.89,303337.0,24.987761,121.547747,大坪林站出口5,712,有電梯_7樓以上
房地(土地+建物)+車位,永興路二段３６號九樓,9.0,8.0,1,35.42,494076,0.0,,25.140054,121.50228,新北投站出口2,358,有電梯_7樓以上
房地(土地+建物),北寧路５８之１號九樓,9.0,34.0,1,49.67,982476,0.0,,25.050653,121.552717,台北小巨蛋站出口3,98,有電梯_7樓以上
房地(土地+建物)+車位,汀州路一段３５０號二十樓,20.0,2.0,1,72.57,865952,23.4,235043.0,25.026296,121.512699,中正紀念堂站出口2,881,有電梯_7樓以上
房地(土地+建物),建國北路三段７１號十一樓之５,11.0,6.0,1,24.59,845866,0.0,,25.065123,121.537204,行天宮站出口4,678,有電梯_7樓以上
房地(土地+建物)+車位,承德路四段１９５巷６號八樓之２,8.0,13.0,1,56.92,758942,0.0,,25.088091,121.522715,劍潭站出口1,421,有電梯_7樓以上
房地(土地+建物),中坡北路９２號八樓,8.0,25.0,1,13.4,826634,0.0,,25.047944,121.580538,後山埤站出口4,319,有電梯_7樓以上
房地(土地+建物)+車位,北安路５５４巷８弄９號十樓,10.0,28.0,1,61.42,911437,0.0,,25.078832,121.550412,大直站出口3,349,有電梯_7樓以上
房地(土地+建物)+車位,建國北路二段１８０號十四樓,14.0,12.0,1,95.11,976264,20.33,0.0,25.059437,121.536495,行天宮站出口3,316,有電梯_7樓以上
房地(土地+建物)+車位,康寧路三段５６巷１４０號十一樓,11.0,13.0,1,86.05,636503,9.07,551268.0,25.067624,121.608837,東湖站出口1,213,有電梯_7樓以上
房地(土地+建物)+車位,安康路４２８號八樓,8.0,1.0,1,55.13,640194,9.05,0.0,25.066631,121.614732,東湖站出口3,283,有電梯_7樓以上
房地(土地+建物),大安路二段８０號八樓之２,8.0,1.0,1,48.38,1436671,0.0,,25.031641,121.545821,大安站出口4,248,有電梯_7樓以上
房地(土地+建物)+車位,敬業三路１６２巷１２２號八樓,8.0,22.0,1,47.11,609157,0.0,,25.077449,121.559198,劍南路站出口3,827,有電梯_7樓以上
房地(土地+建物)+車位,文德路１０６號九樓之６,9.0,26.0,1,25.95,600352,0.0,,25.078311,121.583076,文德站出口2,153,有電梯_7樓以上
房地(土地+建物)+車位,內湖路一段４１１巷９０弄２７號八樓之３,8.0,12.0,1,17.94,752040,2.25,0.0,25.084921,121.571459,西湖站出口2,541,有電梯_7樓以上
房地(土地+建物)+車位,港華街１１９號十樓,10.0,13.0,1,48.49,945697,12.35,202429.0,25.083837,121.57277,港墘站出口2,462,有電梯_7樓以上
房地(土地+建物)+車位,芝玉路一段２００號八樓,8.0,26.0,1,68.34,643862,0.0,,25.107993,121.533793,芝山站出口2,1243,有電梯_7樓以上
房地(土地+建物)+車位,溫泉路６８巷６弄６號十樓,10.0,5.0,1,55.5,665081,11.15,224215.0,25.134554,121.505278,新北投站出口1,321,有電梯_7樓以上
房地(土地+建物),萬美街二段５５號八樓,8.0,27.0,1,44.09,362925,0.0,,25.005177,121.564179,辛亥站出口,721,有電梯_7樓以上
房地(土地+建物)+車位,經貿二路２３５巷２６號十樓,10.0,7.0,1,29.08,1019051,3.78,476190.0,25.061201,121.614943,南港軟體園區站出口1,130,有電梯_7樓以上
房地(土地+建物),景福街６２號十三樓,13.0,23.0,1,44.44,649906,0.0,,24.999071,121.537595,萬隆站出口1,287,有電梯_7樓以上
房地(土地+建物)+車位,三重路４１巷３５號八樓之３,8.0,10.0,1,77.53,712519,10.87,229991.0,25.060439,121.612806,南港軟體園區站出口1,308,有電梯_7樓以上
房地(土地+建物)+車位,康樂街１３６巷１８弄３３號十三樓,13.0,9.0,1,41.3,812804,6.85,0.0,25.071126,121.617984,東湖站出口3,756,有電梯_7樓以上
房地(土地+建物)+車位,汀州路二段１６７號十三樓之３,13.0,1.0,1,38.74,841682,12.48,188301.0,25.024475,121.521342,古亭站出口2,233,有電梯_7樓以上
房地(土地+建物),星雲街１６８巷４３號十二樓之７,12.0,25.0,1,17.04,733577,0.0,,25.080177,121.59724,內湖站出口2,467,有電梯_7樓以上
房地(土地+建物)+車位,敬業三路１６２巷８９號十樓,10.0,22.0,1,47.11,628380,0.0,,25.079071,121.559024,劍南路站出口3,656,有電梯_7樓以上
房地(土地+建物)+車位,木柵路四段１３９號十七樓,17.0,11.0,1,66.89,700874,6.96,0.0,24.99857,121.573753,木柵站出口,56,有電梯_7樓以上
房地(土地+建物)+車位,吉利街１４９巷１１號八樓,8.0,5.0,1,28.99,647429,3.35,447761.0,25.119118,121.507564,唭哩岸站出口1,189,有電梯_7樓以上
房地(土地+建物)+車位,敬業三路１６２巷１３４號十一樓,11.0,22.0,1,47.11,657974,0.0,,25.077308,121.55971,劍南路站出口3,862,有電梯_7樓以上
房地(土地+建物),延壽街３３０巷１７弄２之１號十二樓,12.0,29.0,1,31.26,838205,0.0,,25.054913,121.560829,南京三民站出口1,436,有電梯_7樓以上
房地(土地+建物)+車位,汀州路四段１９１號十四樓,14.0,11.0,1,77.3,826402,21.79,229463.0,25.003649,121.535826,萬隆站出口4,297,有電梯_7樓以上
房地(土地+建物),研究院路三段２巷１８號八樓,8.0,18.0,1,48.58,424057,0.0,,25.036418,121.615963,南港站出口2,1937,有電梯_7樓以上
房地(土地+建物)+車位,仙岩路１６巷７５號十一樓,11.0,24.0,1,49.14,570436,11.13,179695.0,24.996416,121.550436,萬芳醫院站出口,806,有電梯_7樓以上
房地(土地+建物)+車位,街２２號十二樓之３,12.0,11.0,1,63.14,1034866,12.99,200154.0,25.05467,121.606829,南港站出口2,300,有電梯_7樓以上
房地(土地+建物),南京東路五段１６４號十一樓之１,11.0,37.0,1,35.53,750164,0.0,,25.051202,121.563152,南京三民站出口2,8,有電梯_7樓以上
房地(土地+建物)+車位,健康路１６２之３號十樓,10.0,36.0,1,68.03,738939,13.49,222387.0,25.053648,121.557785,台北小巨蛋站出口4,546,有電梯_7樓以上
房地(土地+建物),東湖路１１３巷５０號九樓之３,9.0,26.0,1,21.4,682184,0.0,,25.070696,121.61598,東湖站出口3,572,有電梯_7樓以上
房地(土地+建物),興南街６４巷６弄７號八樓之１,8.0,28.0,1,28.45,696381,0.0,,25.055621,121.601583,南港站出口1,634,有電梯_7樓以上
房地(土地+建物)+車位,民權東路六段２８０巷１８號九樓之９,9.0,16.0,1,13.71,897005,0.0,,25.071486,121.60619,葫洲站出口2,154,有電梯_7樓以上
房地(土地+建物),中正路６５７號十樓,10.0,38.0,1,46.63,364546,0.0,,25.085923,121.507559,劍潭站出口2,1756,有電梯_7樓以上
房地(土地+建物)+車位,成功路四段６１巷５３號十四樓之１,14.0,5.0,1,87.21,921261,22.08,0.0,25.079758,121.593779,內湖站出口2,439,有電梯_7樓以上
房地(土地+建物)+車位,街４８號十二樓之１,12.0,11.0,1,74.93,835862,20.49,0.0,25.05467,121.606829,南港站出口2,300,有電梯_7樓以上
房地(土地+建物)+車位,忠誠路一段１６巷２０號八樓,8.0,16.0,1,98.49,1066674,9.43,742312.0,25.105149,121.525975,芝山站出口2,394,有電梯_7樓以上
房地(土地+建物),安和路一段３２號八樓之３,8.0,45.0,1,45.14,1107690,0.0,,25.038377,121.550757,忠孝敦化站出口4,331,有電梯_7樓以上
房地(土地+建物)+車位,安康路３４８號八樓,8.0,18.0,1,31.05,518543,0.0,,25.065905,121.61205,東湖站出口3,129,有電梯_7樓以上
房地(土地+建物),健康路１６２之２號十樓,10.0,36.0,1,19.14,783734,0.0,,25.053648,121.557785,台北小巨蛋站出口4,546,有電梯_7樓以上
房地(土地+建物),復興北路１９０巷１號九樓,9.0,36.0,1,29.64,829990,0.0,,25.055579,121.543396,南京復興站出口1,353,有電梯_7樓以上
房地(土地+建物),承德路四段３１７號十樓,10.0,37.0,1,27.41,474288,0.0,,25.090208,121.518001,士林站出口2,900,有電梯_7樓以上
房地(土地+建物)+車位,星雲街１６８巷４３號十二樓之２,12.0,25.0,1,26.78,712895,8.57,233372.0,25.080177,121.59724,內湖站出口2,467,有電梯_7樓以上
房地(土地+建物),內湖路三段６０巷１２弄７７號十三樓之２,13.0,28.0,1,26.8,653023,0.0,,25.089666,121.591298,內湖站出口1,723,有電梯_7樓以上
房地(土地+建物)+車位,忠順街一段２６巷１２弄７號八樓,8.0,29.0,1,42.07,672857,9.07,0.0,24.983252,121.558792,大坪林站出口5,1571,有電梯_7樓以上
房地(土地+建物),東新街１１８巷７３號九樓,9.0,10.0,1,29.85,947479,0.0,,25.046082,121.589606,昆陽站出口1,566,有電梯_7樓以上
房地(土地+建物)+車位,泉源路３４號八樓,8.0,24.0,1,29.97,410429,0.0,,25.140316,121.50683,新北投站出口1,499,有電梯_7樓以上
房地(土地+建物),健康路１５巷５８號九樓,9.0,21.0,1,36.84,861460,0.0,,25.055751,121.553231,台北小巨蛋站出口5,451,有電梯_7樓以上
房地(土地+建物)+車位,重陽路３１號九樓,9.0,0.0,1,50.19,931075,8.09,346106.0,25.055666,121.595287,昆陽站出口4,586,有電梯_7樓以上
房地(土地+建物)+車位,試院路１０２之２號九樓,9.0,7.0,1,87.88,646433,23.1,173160.0,24.989966,121.548091,景美站出口2,747,有電梯_7樓以上
房地(土地+建物),興安街９１號十四樓之２,14.0,36.0,1,38.92,763112,0.0,,25.056194,121.543224,南京復興站出口1,412,有電梯_7樓以上
房地(土地+建物),敦化南路二段１４６巷２號十四樓,14.0,37.0,1,34.66,847579,0.0,,25.02545,121.54821,科技大樓站出口,467,有電梯_7樓以上
房地(土地+建物)+車位,復興北路２３２號十樓之１,10.0,36.0,1,34.62,794314,0.0,,25.05723,121.543922,中山國中站出口,400,有電梯_7樓以上
房地(土地+建物)+車位,石牌路一段３９巷１４８號八樓之５,8.0,1.0,1,35.05,813090,13.52,207101.0,25.118201,121.510085,唭哩岸站出口1,424,有電梯_7樓以上
房地(土地+建物),辛亥路四段２１巷１４號十五樓之１,15.0,27.0,1,14.69,598949,0.0,,25.008876,121.559108,辛亥站出口,468,有電梯_7樓以上
房地(土地+建物)+車位,北安路７８９號十二樓,12.0,9.0,1,26.57,1040989,3.87,516796.0,25.085623,121.55387,劍南路站出口1,150,有電梯_7樓以上
房地(土地+建物),三民路３５巷２號十二樓之１,12.0,18.0,1,69.13,752236,0.0,,25.055767,121.5634,南京三民站出口1,460,有電梯_7樓以上
房地(土地+建物)+車位,內湖路三段６０巷３１號十一樓,11.0,5.0,1,56.45,845102,7.93,0.0,25.088484,121.593077,內湖站出口1,540,有電梯_7樓以上
房地(土地+建物),汀州路二段１６７號十七樓之１,17.0,1.0,1,22.39,861836,0.0,,25.024475,121.521342,古亭站出口2,233,有電梯_7樓以上
房地(土地+建物)+車位,重陽路１５號十樓,10.0,0.0,1,22.21,941222,7.44,282258.0,25.055427,121.595399,昆陽站出口4,563,有電梯_7樓以上
房地(土地+建物)+車位,福德街１６９號十一樓,11.0,10.0,1,119.41,1026437,28.81,173551.0,25.037776,121.583574,後山埤站出口2,681,有電梯_7樓以上
房地(土地+建物),和平東路二段３１１巷４３弄１９號十二樓,12.0,37.0,1,33.65,832094,0.0,,25.02584,121.546112,科技大樓站出口,252,有電梯_7樓以上
房地(土地+建物)+車位,內湖路三段６０巷１２弄７１號十三樓之１,13.0,30.0,1,78.99,454921,7.37,203528.0,25.089083,121.591769,內湖站出口1,645,有電梯_7樓以上
房地(土地+建物)+車位,街４２號十樓之３,10.0,11.0,1,34.32,1088639,10.25,0.0,25.05467,121.606829,南港站出口2,300,有電梯_7樓以上
房地(土地+建物)+車位,興隆路四段６之９號八樓,8.0,32.0,1,53.1,550536,10.41,0.0,24.989334,121.559759,萬芳醫院站出口,1136,有電梯_7樓以上
房地(土地+建物)+車位,成功路五段４５０巷２２弄１０號十四樓、１４號十四樓,14.0,23.0,1,60.2,790515,11.49,243690.0,25.07489,121.607717,葫洲站出口1,267,有電梯_7樓以上
房地(土地+建物)+車位,興南街３４號十樓,10.0,21.0,1,48.38,516756,0.0,,25.057086,121.603951,南港站出口1,624,有電梯_7樓以上
房地(土地+建物)+車位,明德路２８６號八樓之３,8.0,22.0,1,25.66,732715,0.0,,25.115092,121.522618,石牌站出口2,665,有電梯_7樓以上
房地(土地+建物)+車位,景豐街６２巷１７號八樓之１,8.0,27.0,1,32.31,454968,0.0,,25.00117,121.545936,萬隆站出口2,643,有電梯_7樓以上
房地(土地+建物),康寧路三段１８９巷１４１弄３１號八樓,8.0,27.0,1,35.24,644243,0.0,,25.074182,121.611115,葫洲站出口1,359,有電梯_7樓以上
房地(土地+建物)+車位,汀州路二段２７３號八樓,8.0,5.0,1,38.42,1058268,13.38,224215.0,25.022198,121.524178,台電大樓站出口4,341,有電梯_7樓以上
房地(土地+建物)+車位,辛亥路四段２０９巷２６號八樓,8.0,2.0,1,47.14,888042,10.0,260000.0,25.002081,121.555956,萬芳醫院站出口,350,有電梯_7樓以上
房地(土地+建物),成福路２０４號八樓之５,8.0,16.0,1,10.93,956409,0.0,,25.040502,121.588571,後山埤站出口3,749,有電梯_7樓以上
房地(土地+建物),康寧路三段９９巷１７弄４２號十樓,10.0,27.0,1,36.1,598383,0.0,,25.073149,121.60981,葫洲站出口1,189,有電梯_7樓以上
房地(土地+建物),民權東路六段２８０巷１００號十一樓,11.0,28.0,1,22.85,809492,0.0,,25.069155,121.609124,東湖站出口1,282,有電梯_7樓以上
房地(土地+建物)+車位,樂業街７５號十一樓,11.0,16.0,1,69.89,811316,0.0,,25.021889,121.550994,六張犁站出口,280,有電梯_7樓以上
房地(土地+建物)+車位,汀州路一段１８０號十樓之２,10.0,12.0,1,38.72,887621,13.71,0.0,25.028407,121.508895,小南門站出口3,796,有電梯_7樓以上
房地(土地+建物)+車位,樟新街３６號九樓之１,9.0,27.0,1,48.68,447811,0.0,,24.97842,121.555327,七張站出口2,1290,有電梯_7樓以上
房地(土地+建物)+車位,仙岩路１６巷８７號十樓,10.0,24.0,1,56.93,567668,11.13,179695.0,24.996142,121.551003,萬芳醫院站出口,768,有電梯_7樓以上
房地(土地+建物)+車位,指南路三段６６號九樓,9.0,23.0,1,49.98,459067,10.77,232126.0,24.981474,121.580921,動物園站出口2,1841,有電梯_7樓以上
房地(土地+建物)+車位,永吉路２２５巷２９號十樓,10.0,12.0,1,28.55,1050791,0.0,,25.047274,121.574422,松山站出口2,371,有電梯_7樓以上
房地(土地+建物)+車位,忠順街一段３６號九樓,9.0,9.0,1,33.77,683282,7.19,0.0,24.98411,121.559721,大坪林站出口5,1670,有電梯_7樓以上
房地(土地+建物)+車位,天母西路１１７巷６６號八樓,8.0,7.0,1,130.34,719575,31.67,157878.0,25.122598,121.525362,石牌站出口1,1325,有電梯_7樓以上
房地(土地+建物),大業路５２９號八樓,8.0,26.0,1,15.79,538299,0.0,,25.135109,121.496262,北投站出口1,361,有電梯_7樓以上
房地(土地+建物)+車位,辛亥路四段２１巷２２號十七樓,17.0,27.0,1,90.33,390349,0.0,,25.009122,121.559404,辛亥站出口,506,有電梯_7樓以上
房地(土地+建物),和平東路三段３９１巷８弄４號九樓,9.0,38.0,1,44.09,657711,0.0,,25.020123,121.55776,麟光站出口,194,有電梯_7樓以上
房地(土地+建物)+車位,景隆街３６巷２之４號十樓,10.0,29.0,1,58.51,442493,0.0,,24.998465,121.543774,萬隆站出口2,543,有電梯_7樓以上
房地(土地+建物)+車位,辛亥路四段７７巷９２弄９號十一樓之２,11.0,18.0,1,34.72,606335,10.97,164084.0,25.008779,121.561219,辛亥站出口,587,有電梯_7樓以上
房地(土地+建物)+車位,萬芳路１０７巷１８號十五樓,15.0,9.0,1,118.51,637951,10.35,0.0,24.996927,121.561735,萬芳醫院站出口,487,有電梯_7樓以上
房地(土地+建物),敦化南路二段１２８號八樓之２,8.0,43.0,1,51.11,952449,0.0,,25.026092,121.548377,科技大樓站出口,478,有電梯_7樓以上
房地(土地+建物)+車位,光復北路１１巷９７號九樓,9.0,33.0,1,58.11,832357,9.04,387168.0,25.050436,121.562341,南京三民站出口2,114,有電梯_7樓以上
房地(土地+建物)+車位,五分街９０號九樓,9.0,0.0,1,38.17,593930,9.58,240084.0,25.066967,121.617021,東湖站出口3,510,有電梯_7樓以上
房地(土地+建物),建國北路二段１８８號十三樓之１,13.0,36.0,1,44.14,758936,0.0,,25.05965,121.536577,行天宮站出口3,322,有電梯_7樓以上
房地(土地+建物)+車位,五分街８６號九樓,9.0,0.0,1,48.4,591874,9.58,240084.0,25.067047,121.616892,東湖站出口3,496,有電梯_7樓以上
房地(土地+建物)+車位,五分街８８號九樓,9.0,0.0,1,53.93,608760,9.58,240084.0,25.06705,121.617022,東湖站出口3,510,有電梯_7樓以上
房地(土地+建物)+車位,五分街９２號九樓,9.0,0.0,1,37.89,588818,9.58,240084.0,25.06697,121.616885,東湖站出口3,496,有電梯_7樓以上
房地(土地+建物)+車位,康樂街１３６巷３０弄１１號十四樓,14.0,2.0,1,50.38,737181,8.74,0.0,25.072047,121.617189,東湖站出口3,764,有電梯_7樓以上
房地(土地+建物)+車位,興隆路四段１０９巷１３２號十一樓,11.0,8.0,1,66.11,485265,0.0,,24.986603,121.565509,萬芳社區站出口,1364,有電梯_7樓以上
房地(土地+建物)+車位,街２６號十四樓之２,14.0,11.0,1,51.72,1019748,12.99,192456.0,25.05467,121.606829,南港站出口2,300,有電梯_7樓以上
房地(土地+建物)+車位,文林北路８６號二十三樓,23.0,9.0,1,152.7,816073,37.52,239872.0,25.105686,121.518089,明德站出口1,416,有電梯_7樓以上
房地(土地+建物),建國南路二段１１５號十六樓,16.0,36.0,1,32.92,941734,0.0,,25.029786,121.538424,大安森林公園站出口5,468,有電梯_7樓以上
房地(土地+建物)+車位,雨農路８８號十一樓,11.0,17.0,1,67.28,627834,0.0,,25.099341,121.533707,士林站出口1,973,有電梯_7樓以上
房地(土地+建物)+車位,文湖街２１巷１１８弄８號八樓,8.0,10.0,1,40.54,482932,0.0,,25.091629,121.559715,劍南路站出口1,812,有電梯_7樓以上
房地(土地+建物)+車位,木柵路四段９巷２號十樓,10.0,23.0,1,53.26,454391,0.0,,24.992466,121.570806,木柵站出口,687,有電梯_7樓以上
房地(土地+建物)+車位,辛亥路五段７１之１號十樓,10.0,7.0,1,19.72,698327,1.97,812183.0,24.998288,121.553271,萬芳醫院站出口,466,有電梯_7樓以上
房地(土地+建物)+車位,汀州路四段２２３號十二樓,12.0,11.0,1,50.12,594523,0.0,,25.002711,121.535729,萬隆站出口4,287,有電梯_7樓以上
房地(土地+建物),辛亥路四段７７巷９２弄９號十二樓之１３,12.0,18.0,1,30.79,613097,0.0,,25.008779,121.561219,辛亥站出口,587,有電梯_7樓以上
房地(土地+建物),新生北路二段３１之１號八樓之３,8.0,44.0,1,27.04,650137,0.0,,25.054327,121.527753,松江南京站出口1,543,有電梯_7樓以上
房地(土地+建物),重陽路５０３號九樓之２,9.0,16.0,1,14.69,851130,0.0,,25.061707,121.61255,南港軟體園區站出口1,364,有電梯_7樓以上
房地(土地+建物)+車位,中華路二段４１６巷８０號十三樓之２,13.0,10.0,1,55.28,606052,0.0,,25.027314,121.503458,龍山寺站出口3,920,有電梯_7樓以上
房地(土地+建物)+車位,研究院路三段８巷２號九樓,9.0,18.0,1,54.11,419484,0.0,,25.036298,121.615712,南港站出口2,1938,有電梯_7樓以上
房地(土地+建物)+車位,文湖街２１巷８３號八樓,8.0,6.0,1,123.99,451633,0.0,,25.090947,121.559529,劍南路站出口1,739,有電梯_7樓以上
房地(土地+建物),青年路５６號十樓之１,10.0,39.0,1,14.18,613489,0.0,,25.025169,121.502793,龍山寺站出口2,1146,有電梯_7樓以上
房地(土地+建物)+車位,中央北路四段５４１巷１３號十二樓,12.0,1.0,1,48.56,750621,12.59,0.0,25.127405,121.468199,關渡站出口1,241,有電梯_7樓以上
房地(土地+建物),西藏路１００號八樓,8.0,32.0,1,39.79,524705,0.0,,25.03039,121.5052,龍山寺站出口3,666,有電梯_7樓以上
房地(土地+建物),景福街５４巷５弄１１號十三樓,13.0,23.0,1,37.4,641693,0.0,,24.999676,121.537227,萬隆站出口1,252,有電梯_7樓以上
房地(土地+建物)+車位,大湖山莊街１７６巷１８號八樓之２,8.0,13.0,1,25.1,784292,7.25,344828.0,25.087765,121.599116,大湖公園站出口1,541,有電梯_7樓以上
房地(土地+建物),光復北路２３０巷２１號十二樓,12.0,20.0,1,40.77,878143,0.0,,25.055985,121.554564,台北小巨蛋站出口4,523,有電梯_7樓以上
房地(土地+建物)+車位,承德路四段１８１號十三樓,13.0,21.0,1,70.91,719263,0.0,,25.087564,121.522623,劍潭站出口1,381,有電梯_7樓以上
房地(土地+建物)+車位,內湖路一段３８７巷８號九樓,9.0,10.0,1,89.98,1141288,21.04,0.0,25.082473,121.570208,西湖站出口2,313,有電梯_7樓以上
房地(土地+建物)+車位,民權東路六段２８０巷４６號九樓,9.0,13.0,1,84.05,685048,0.0,,25.070816,121.607357,葫洲站出口2,192,有電梯_7樓以上
房地(土地+建物)+車位,知行路２６１號八樓,8.0,11.0,1,25.63,703360,5.44,0.0,25.121084,121.46708,關渡站出口1,484,有電梯_7樓以上
房地(土地+建物),辛亥路四段２１巷８號九樓,9.0,27.0,1,29.25,624024,0.0,,25.008636,121.559003,辛亥站出口,439,有電梯_7樓以上
房地(土地+建物),星雲街１６８巷３５號十四樓之２,14.0,25.0,1,18.26,838088,0.0,,25.079901,121.597014,內湖站出口2,481,有電梯_7樓以上
房地(土地+建物),健康路３５巷２號八樓,8.0,25.0,1,47.35,804693,0.0,,25.053662,121.554248,台北小巨蛋站出口4,273,有電梯_7樓以上
房地(土地+建物),臥龍街３１巷５號八樓,8.0,30.0,1,111.09,935098,0.0,,25.023423,121.547095,科技大樓站出口,462,有電梯_7樓以上
房地(土地+建物)+車位,文德路２０８巷６８號九樓,9.0,11.0,1,68.27,801272,17.73,253807.0,25.075991,121.583469,文德站出口2,286,有電梯_7樓以上
房地(土地+建物),四維路１９８巷３８弄９號十三樓,13.0,37.0,1,30.67,850414,0.0,,25.02648,121.545691,科技大樓站出口,210,有電梯_7樓以上
房地(土地+建物)+車位,成功路四段１６７巷１號十一樓之１,11.0,17.0,1,70.19,769067,0.0,,25.08336,121.594494,內湖站出口2,33,有電梯_7樓以上
房地(土地+建物)+車位,大度路三段２７０巷６７號十八樓,18.0,10.0,1,115.37,416063,0.0,,25.125296,121.4673,關渡站出口1,17,有電梯_7樓以上
房地(土地+建物)+車位,忠順街二段１號八樓之３,8.0,28.0,1,37.02,423591,0.0,,24.984651,121.562088,萬芳社區站出口,1675,有電梯_7樓以上
房地(土地+建物),辛亥路四段２５２巷１２號八樓,8.0,20.0,1,28.53,700899,0.0,,25.001712,121.554105,萬芳醫院站出口,448,有電梯_7樓以上
房地(土地+建物)+車位,民權東路六段２５６號八樓,8.0,13.0,1,24.31,754480,2.04,735294.0,25.068063,121.602104,葫洲站出口2,714,有電梯_7樓以上
房地(土地+建物)+車位,萬壽路６１巷１１號八樓,8.0,26.0,1,54.9,428046,0.0,,24.986644,121.588092,動物園站出口1,1534,有電梯_7樓以上
房地(土地+建物)+車位,指南路三段８１號十樓,10.0,8.0,1,64.61,485940,10.12,177866.0,24.982548,121.580651,動物園站出口2,1720,有電梯_7樓以上
房地(土地+建物)+車位,五常街１１巷５號九樓之１,9.0,2.0,1,46.7,935444,10.62,207156.0,25.064522,121.537885,行天宮站出口4,676,有電梯_7樓以上
房地(土地+建物)+車位,立農街一段２０５號八樓,8.0,10.0,1,72.62,504028,0.0,,25.120045,121.504609,唭哩岸站出口2,157,有電梯_7樓以上
房地(土地+建物),成功路五段４２０巷１５號十樓之１,10.0,25.0,1,36.26,791978,0.0,,25.075361,121.608112,葫洲站出口1,317,有電梯_7樓以上
房地(土地+建物),景興路１５３巷１９號十樓之５,10.0,28.0,1,20.96,644078,0.0,,24.994015,121.546038,景美站出口2,468,有電梯_7樓以上
房地(土地+建物)+車位,堤頂大道二段２７０號九樓,9.0,15.0,1,74.43,1145344,13.31,225394.0,25.0778,121.565197,西湖站出口2,509,有電梯_7樓以上
房地(土地+建物)+車位,堤頂大道二段２７２號九樓,9.0,15.0,1,69.87,1131575,13.31,225394.0,25.077837,121.565085,西湖站出口2,509,有電梯_7樓以上
房地(土地+建物)+車位,內湖路一段９號八樓,8.0,3.0,1,46.88,1063393,10.21,293830.0,25.08514,121.558427,劍南路站出口3,255,有電梯_7樓以上
房地(土地+建物)+車位,基河路３００巷２７號十一樓,11.0,1.0,1,83.24,903216,18.28,240700.0,25.093602,121.518436,士林站出口1,760,有電梯_7樓以上
房地(土地+建物)+車位,重陽路１２５巷３６弄１９號九樓,9.0,12.0,1,97.0,770457,21.72,230203.0,25.057697,121.596837,昆陽站出口4,849,有電梯_7樓以上
房地(土地+建物)+車位,街８號十樓之１,10.0,13.0,1,34.01,899699,5.0,400000.0,25.05467,121.606829,南港站出口2,300,有電梯_7樓以上
房地(土地+建物)+車位,潭美街１１７號十一樓之１,11.0,12.0,1,67.97,713381,9.8,0.0,25.053755,121.579415,松山站出口5,392,有電梯_7樓以上
房地(土地+建物),光復北路１９０巷９號十六樓,16.0,20.0,1,33.57,887740,0.0,,25.054729,121.555393,台北小巨蛋站出口4,435,有電梯_7樓以上
房地(土地+建物)+車位,經貿二路２３５巷５９號十二樓,12.0,12.0,1,65.77,845517,10.19,245339.0,25.061894,121.616158,南港軟體園區站出口1,170,有電梯_7樓以上
房地(土地+建物),建國北路二段１３９號八樓之２,8.0,35.0,1,41.35,689160,0.0,,25.060865,121.537356,行天宮站出口3,414,有電梯_7樓以上
房地(土地+建物),樂業街７２巷１８號八樓,8.0,1.0,1,22.03,1038392,0.0,,25.021491,121.550034,六張犁站出口,378,有電梯_7樓以上
房地(土地+建物)+車位,三合街一段７３號八樓,8.0,7.0,1,111.85,763341,24.5,0.0,25.126773,121.505248,奇岩站出口1,435,有電梯_7樓以上
房地(土地+建物)+車位,內湖路一段４１１巷６６號十二樓,12.0,5.0,1,159.73,1001312,22.91,0.0,25.083934,121.5711,西湖站出口2,452,有電梯_7樓以上
房地(土地+建物)+車位,八德路二段１００號八樓,8.0,9.0,1,84.98,905533,9.34,0.0,25.045816,121.536209,忠孝新生站出口4,480,有電梯_7樓以上
房地(土地+建物)+車位,基河路３００巷２３號九樓,9.0,1.0,1,85.58,901147,18.28,240700.0,25.09372,121.518605,士林站出口1,742,有電梯_7樓以上
房地(土地+建物)+車位,福興路１０６巷３７號九樓,9.0,9.0,1,72.67,576770,25.2,174603.0,25.007045,121.55015,辛亥站出口,725,有電梯_7樓以上
房地(土地+建物)+車位,信義路五段１５０巷１０號十樓,10.0,24.0,1,52.69,1020204,13.7,204380.0,25.027816,121.570517,象山站出口2,510,有電梯_7樓以上
房地(土地+建物)+車位,興隆路二段２０３巷１０１號十一樓,11.0,9.0,1,52.27,668119,12.9,193798.0,25.003072,121.546449,萬隆站出口2,716,有電梯_7樓以上
房地(土地+建物),青年路６８巷３弄９號十一樓之２,11.0,39.0,1,34.91,550010,0.0,,25.024335,121.502062,龍山寺站出口2,1220,有電梯_7樓以上
房地(土地+建物)+車位,中央北路二段３５０巷７６號九樓,9.0,7.0,1,55.47,468753,0.0,,25.139491,121.488909,復興崗站出口1,407,有電梯_7樓以上
房地(土地+建物),水源路１９５號十二樓之１,12.0,40.0,1,14.0,571565,0.0,,25.023224,121.50919,頂溪站出口2,1183,有電梯_7樓以上
房地(土地+建物),汀州路二段９３號十樓之２,10.0,8.0,1,25.08,940069,0.0,,25.025472,121.518009,古亭站出口8,429,有電梯_7樓以上
房地(土地+建物)+車位,重陽路３１號八樓,8.0,0.0,1,50.19,928224,8.09,296663.0,25.055666,121.595287,昆陽站出口4,586,有電梯_7樓以上
房地(土地+建物)+車位,重陽路３１號十四樓,14.0,0.0,1,50.19,954352,8.09,346106.0,25.055666,121.595287,昆陽站出口4,586,有電梯_7樓以上
房地(土地+建物),中山北路七段８２巷２７號十樓,10.0,38.0,1,47.01,733816,0.0,,25.121638,121.533065,石牌站出口2,1919,有電梯_7樓以上
房地(土地+建物)+車位,辛亥路六段２１巷３８號十六樓,16.0,22.0,1,56.75,480023,10.59,188857.0,24.989866,121.55421,萬芳醫院站出口,1116,有電梯_7樓以上
房地(土地+建物),文德路６６巷１４弄１２號十一樓,11.0,27.0,1,21.11,771982,0.0,,25.077367,121.581012,文德站出口2,377,有電梯_7樓以上
房地(土地+建物),松山路４２１號九樓之１,9.0,29.0,1,19.77,860092,0.0,,25.040496,121.578005,永春站出口4,146,有電梯_7樓以上
房地(土地+建物)+車位,重陽路２９號十四樓,14.0,0.0,1,51.71,967504,8.09,346106.0,25.055867,121.595185,昆陽站出口4,605,有電梯_7樓以上
房地(土地+建物)+車位,康寧路三段３５號九樓,9.0,14.0,1,41.75,876995,5.99,300501.0,25.072666,121.607625,葫洲站出口2,46,有電梯_7樓以上
房地(土地+建物)+車位,街４２號十樓之１,10.0,11.0,1,50.71,988426,10.25,0.0,25.05467,121.606829,南港站出口2,300,有電梯_7樓以上
房地(土地+建物)+車位,合江街３９號十樓,10.0,4.0,1,26.91,984724,6.52,383436.0,25.055714,121.539197,南京復興站出口1,452,有電梯_7樓以上
房地(土地+建物)+車位,承德路二段１８０號八樓,8.0,12.0,1,133.56,910226,40.73,331451.0,25.061319,121.518022,民權西路站出口2,172,有電梯_7樓以上
房地(土地+建物)+車位,基河路３００巷２３號十一樓,11.0,0.0,1,85.58,912290,18.28,262582.0,25.09372,121.518605,士林站出口1,742,有電梯_7樓以上
房地(土地+建物)+車位,內湖路二段１０３巷１６號十七樓,17.0,3.0,1,195.51,1385886,36.19,240398.0,25.080468,121.582119,文德站出口2,343,有電梯_7樓以上
房地(土地+建物),寧波東街２４巷４號十二樓,12.0,36.0,1,42.57,892631,0.0,,25.032789,121.520453,中正紀念堂站出口3,157,有電梯_7樓以上
房地(土地+建物)+車位,合江街３７號十一樓,11.0,4.0,1,25.01,992873,6.52,383436.0,25.055649,121.539207,南京復興站出口1,446,有電梯_7樓以上
房地(土地+建物)+車位,內湖路三段６０巷３９號十二樓,12.0,5.0,1,84.67,684991,0.0,,25.088436,121.593329,內湖站出口1,530,有電梯_7樓以上
建物,成都路６７號十樓之３,10.0,27.0,1,10.11,435363,0.0,,25.042912,121.505693,西門站出口6,196,有電梯_7樓以上
房地(土地+建物),民權東路六段２８０巷９２號八樓,8.0,28.0,1,36.32,765522,0.0,,25.069416,121.60886,東湖站出口1,322,有電梯_7樓以上
房地(土地+建物)+車位,民權東路六段４０９號八樓之３,8.0,16.0,1,43.15,828653,11.41,219106.0,25.070313,121.603361,葫洲站出口2,459,有電梯_7樓以上
房地(土地+建物)+車位,建國南路一段３３２號十樓,10.0,15.0,1,69.98,1051516,8.75,514286.0,25.034896,121.537385,大安森林公園站出口6,200,有電梯_7樓以上
房地(土地+建物)+車位,星雲街１３３號九樓,9.0,17.0,1,49.71,982278,8.48,0.0,25.081095,121.596067,內湖站出口2,318,有電梯_7樓以上
房地(土地+建物)+車位,吳興街６００巷１００弄１８號八樓,8.0,8.0,1,32.3,637380,7.15,321678.0,25.017564,121.572151,麟光站出口,1369,有電梯_7樓以上
房地(土地+建物)+車位,經貿二路２５５巷９號十二樓,12.0,11.0,1,49.39,985722,14.31,0.0,25.061338,121.614455,南港軟體園區站出口1,177,有電梯_7樓以上
房地(土地+建物)+車位,向陽路２５８巷１１號十一樓,11.0,15.0,1,87.95,776224,22.89,0.0,25.058482,121.593744,昆陽站出口3,877,有電梯_7樓以上
房地(土地+建物)+車位,石牌路一段３９巷１４８號九樓之３,9.0,0.0,1,50.49,765517,13.52,170118.0,25.118201,121.510085,唭哩岸站出口1,424,有電梯_7樓以上
房地(土地+建物)+車位,福興路８２巷６弄３號九樓,9.0,31.0,1,60.45,367255,0.0,,25.006107,121.551413,辛亥站出口,576,有電梯_7樓以上
房地(土地+建物),建國南路一段３０８號十二樓之１,12.0,4.0,1,13.27,1401908,0.0,,25.035567,121.537427,大安森林公園站出口6,259,有電梯_7樓以上
房地(土地+建物)+車位,中央北路四段５４１巷３號十五樓,15.0,0.0,1,41.07,561791,12.59,166799.0,25.12766,121.468387,關渡站出口1,275,有電梯_7樓以上
房地(土地+建物)+車位,重陽路９號十一樓,11.0,-1.0,1,49.02,928387,8.09,346106.0,25.055345,121.595545,昆陽站出口4,559,有電梯_7樓以上
房地(土地+建物)+車位,重陽路２９號十三樓,13.0,-1.0,1,51.71,895743,8.09,333745.0,25.055867,121.595185,昆陽站出口4,605,有電梯_7樓以上
房地(土地+建物)+車位,南港路二段１４６號九樓,9.0,25.0,1,49.4,708528,0.0,,25.053843,121.600486,南港站出口1,629,有電梯_7樓以上
房地(土地+建物)+車位,三重路４１巷３５號十一樓,11.0,10.0,1,94.45,528068,21.73,0.0,25.060439,121.612806,南港軟體園區站出口1,308,有電梯_7樓以上
房地(土地+建物)+車位,重陽路２３號十四樓,14.0,-1.0,1,32.55,989488,8.09,296663.0,25.05576,121.59536,昆陽站出口4,598,有電梯_7樓以上
房地(土地+建物)+車位,重陽路２７號八樓,8.0,-1.0,1,63.01,953967,16.18,296663.0,25.055882,121.595295,昆陽站出口4,609,有電梯_7樓以上
房地(土地+建物)+車位,金龍路６７巷６號九樓,9.0,0.0,1,28.65,911760,5.97,0.0,25.085854,121.592839,內湖站出口1,275,有電梯_7樓以上
房地(土地+建物)+車位,重陽路１５號十一樓,11.0,-1.0,1,22.86,951380,8.09,321384.0,25.055427,121.595399,昆陽站出口4,563,有電梯_7樓以上
房地(土地+建物)+車位,向陽路１９６巷８號八樓之２,8.0,13.0,1,37.46,773265,6.81,264317.0,25.056383,121.594046,昆陽站出口3,645,有電梯_7樓以上
房地(土地+建物)+車位,重陽路２１號十樓,10.0,-1.0,1,63.01,930908,16.18,346106.0,25.05569,121.595403,昆陽站出口4,592,有電梯_7樓以上
房地(土地+建物)+車位,重陽路２３號十二樓,12.0,-1.0,1,32.55,987853,8.09,296663.0,25.05576,121.59536,昆陽站出口4,598,有電梯_7樓以上
房地(土地+建物)+車位,重陽路２５號十一樓,11.0,-1.0,1,32.55,977222,8.09,321384.0,25.055824,121.595325,昆陽站出口4,604,有電梯_7樓以上
房地(土地+建物)+車位,重陽路１９號九樓,9.0,-1.0,1,23.88,910850,8.09,321384.0,25.055311,121.595164,昆陽站出口4,545,有電梯_7樓以上
房地(土地+建物)+車位,重陽路２３號十一樓,11.0,-1.0,1,32.55,879091,8.09,321384.0,25.05576,121.59536,昆陽站出口4,598,有電梯_7樓以上
房地(土地+建物)+車位,重陽路２５號十四樓,14.0,-1.0,1,32.55,996030,8.09,296663.0,25.055824,121.595325,昆陽站出口4,604,有電梯_7樓以上
房地(土地+建物)+車位,重陽路２５號十三樓,13.0,-1.0,1,32.55,989488,8.09,296663.0,25.055824,121.595325,昆陽站出口4,604,有電梯_7樓以上
房地(土地+建物)+車位,重陽路３１號十三樓,13.0,-1.0,1,50.19,921574,8.09,346106.0,25.055666,121.595287,昆陽站出口4,586,有電梯_7樓以上
房地(土地+建物)+車位,重陽路２５號十二樓,12.0,-1.0,1,32.55,994395,8.09,296663.0,25.055824,121.595325,昆陽站出口4,604,有電梯_7樓以上
房地(土地+建物)+車位,重陽路１號九樓,9.0,-1.0,1,49.65,873130,8.84,271493.0,25.055206,121.59522,昆陽站出口4,535,有電梯_7樓以上
房地(土地+建物)+車位,汀州路二段１６７號十一樓之１,11.0,0.0,1,40.71,858145,12.48,192308.0,25.024475,121.521342,古亭站出口2,233,有電梯_7樓以上
房地(土地+建物)+車位,重陽路２１號九樓,9.0,-1.0,1,62.37,918097,15.53,321958.0,25.05569,121.595403,昆陽站出口4,592,有電梯_7樓以上
房地(土地+建物)+車位,重陽路７號十樓,10.0,-1.0,1,32.94,929565,8.09,321384.0,25.055316,121.595472,昆陽站出口4,554,有電梯_7樓以上
房地(土地+建物)+車位,重陽路１１號八樓,8.0,-1.0,1,23.56,945575,7.44,322581.0,25.05541,121.595513,昆陽站出口4,565,有電梯_7樓以上
房地(土地+建物)+車位,民權西路１６０巷２６弄１號十二樓,12.0,0.0,1,76.11,645433,19.52,234631.0,25.061697,121.515707,大橋頭站出口2,298,有電梯_7樓以上
房地(土地+建物)+車位,重陽路１號八樓,8.0,-1.0,1,48.89,882263,8.09,346106.0,25.055206,121.59522,昆陽站出口4,535,有電梯_7樓以上
房地(土地+建物),重陽路１９號八樓,8.0,-1.0,1,15.79,910850,0.0,,25.055311,121.595164,昆陽站出口4,545,有電梯_7樓以上
房地(土地+建物)+車位,重陽路７號九樓,9.0,-1.0,1,32.94,924736,8.09,321384.0,25.055316,121.595472,昆陽站出口4,554,有電梯_7樓以上
房地(土地+建物)+車位,重陽路３號九樓,9.0,-1.0,1,32.86,926751,8.09,296663.0,25.05525,121.595311,昆陽站出口4,542,有電梯_7樓以上
房地(土地+建物)+車位,民權東路六段２２８號十樓,10.0,11.0,1,60.64,676440,8.16,306373.0,25.066599,121.599877,葫洲站出口2,989,有電梯_7樓以上
房地(土地+建物)+車位,重陽路１１號九樓,9.0,-1.0,1,24.21,949298,8.09,296663.0,25.05541,121.595513,昆陽站出口4,565,有電梯_7樓以上
房地(土地+建物)+車位,重陽路５號九樓,9.0,-1.0,1,30.48,937876,8.09,296663.0,25.055274,121.5954,昆陽站出口4,547,有電梯_7樓以上
房地(土地+建物),汀州路二段１６７號十七樓之５,17.0,0.0,1,23.43,866351,0.0,,25.024475,121.521342,古亭站出口2,233,有電梯_7樓以上
房地(土地+建物)+車位,汀州路二段１６７號十七樓之３,17.0,0.0,1,38.22,860438,12.48,204327.0,25.024475,121.521342,古亭站出口2,233,有電梯_7樓以上
房地(土地+建物)+車位,重陽路２５號十樓,10.0,-1.0,1,32.55,973951,8.09,333745.0,25.055824,121.595325,昆陽站出口4,604,有電梯_7樓以上
房地(土地+建物)+車位,重陽路７號十一樓,11.0,-1.0,1,32.94,941637,8.09,321384.0,25.055316,121.595472,昆陽站出口4,554,有電梯_7樓以上
房地(土地+建物)+車位,重陽路５號八樓,8.0,-1.0,1,30.48,936983,8.09,296663.0,25.055274,121.5954,昆陽站出口4,547,有電梯_7樓以上
房地(土地+建物)+車位,重陽路２１號十四樓,14.0,-1.0,1,54.28,935178,7.44,295699.0,25.05569,121.595403,昆陽站出口4,592,有電梯_7樓以上
房地(土地+建物)+車位,中央北路四段５４１巷７號十一樓,11.0,0.0,1,50.9,592604,12.59,166799.0,25.127635,121.468545,關渡站出口1,279,有電梯_7樓以上
房地(土地+建物)+車位,重陽路１號十樓,10.0,-1.0,1,49.65,896901,8.84,322398.0,25.055206,121.59522,昆陽站出口4,535,有電梯_7樓以上
房地(土地+建物)+車位,重陽路３號十樓,10.0,-1.0,1,32.86,943704,8.09,352287.0,25.05525,121.595311,昆陽站出口4,542,有電梯_7樓以上
房地(土地+建物)+車位,中央北路四段５４１巷５號十六樓,16.0,0.0,1,45.03,590936,12.59,173153.0,25.127724,121.468485,關渡站出口1,285,有電梯_7樓以上
房地(土地+建物)+車位,重陽路５號十樓,10.0,-1.0,1,30.48,954847,8.09,284302.0,25.055274,121.5954,昆陽站出口4,547,有電梯_7樓以上
房地(土地+建物)+車位,西安街二段２０１號十五樓之５,15.0,-1.0,1,44.99,725845,10.55,232227.0,25.119663,121.510481,唭哩岸站出口1,377,有電梯_7樓以上
房地(土地+建物)+車位,重陽路２９號十二樓,12.0,-1.0,1,59.8,911958,16.18,333745.0,25.055867,121.595185,昆陽站出口4,605,有電梯_7樓以上
房地(土地+建物)+車位,重陽路１３號九樓,9.0,-1.0,1,43.93,868579,8.09,333745.0,25.055495,121.595456,昆陽站出口4,572,有電梯_7樓以上
房地(土地+建物)+車位,重陽路２７號十一樓,11.0,-1.0,1,54.92,917670,8.09,333745.0,25.055882,121.595295,昆陽站出口4,609,有電梯_7樓以上
房地(土地+建物)+車位,西安街二段２０３號十三樓之５,13.0,-1.0,1,45.05,698488,10.55,303318.0,25.11974,121.510091,唭哩岸站出口1,337,有電梯_7樓以上
房地(土地+建物)+車位,西安街二段２０１號十三樓之５,13.0,-1.0,1,45.05,708632,10.55,251185.0,25.119663,121.510481,唭哩岸站出口1,377,有電梯_7樓以上
房地(土地+建物)+車位,愛國東路８８號八樓之１,8.0,-1.0,1,60.74,1445274,10.58,321361.0,25.033351,121.519968,中正紀念堂站出口3,154,有電梯_7樓以上
房地(土地+建物)+車位,重陽路５號十一樓,11.0,-2.0,1,30.48,856594,8.09,321384.0,25.055274,121.5954,昆陽站出口4,547,有電梯_7樓以上
房地(土地+建物)+車位,重陽路２９號十樓,10.0,-2.0,1,51.71,856997,8.09,284302.0,25.055867,121.595185,昆陽站出口4,605,有電梯_7樓以上
房地(土地+建物)+車位,重陽路２７號十樓,10.0,-2.0,1,54.92,866854,8.09,284302.0,25.055882,121.595295,昆陽站出口4,609,有電梯_7樓以上
房地(土地+建物)+車位,重陽路２１號十三樓,13.0,-2.0,1,54.92,846571,8.09,346106.0,25.05569,121.595403,昆陽站出口4,592,有電梯_7樓以上
房地(土地+建物)+車位,重陽路２３號十三樓,13.0,-2.0,1,32.55,868051,8.09,346106.0,25.05576,121.59536,昆陽站出口4,598,有電梯_7樓以上
房地(土地+建物)+車位,重陽路３１號十樓,10.0,-2.0,1,50.19,843193,8.09,284302.0,25.055666,121.595287,昆陽站出口4,586,有電梯_7樓以上
房地(土地+建物)+車位,汀州路二段１６７號十八樓之３,18.0,-1.0,1,38.22,932303,12.48,224359.0,25.024475,121.521342,古亭站出口2,233,有電梯_7樓以上
房地(土地+建物)+車位,汀州路二段１６７號十三樓,13.0,-1.0,1,37.29,823294,8.74,205950.0,25.024475,121.521342,古亭站出口2,233,有電梯_7樓以上
房地(土地+建物)+車位,汀州路二段１６７號八樓之１,8.0,-1.0,1,40.71,801479,12.48,204327.0,25.024475,121.521342,古亭站出口2,233,有電梯_7樓以上
房地(土地+建物)+車位,汀州路二段１６７號十八樓之５,18.0,-1.0,1,35.94,921803,12.48,204327.0,25.024475,121.521342,古亭站出口2,233,有電梯_7樓以上
房地(土地+建物)+車位,行善路１８９號十二樓,12.0,-1.0,1,38.44,872776,9.63,249221.0,25.059612,121.581764,松山站出口5,1084,有電梯_7樓以上
房地(土地+建物)+車位,行善路１９３號十一樓,11.0,-1.0,1,40.55,820868,9.63,301142.0,25.059758,121.581785,松山站出口5,1099,有電梯_7樓以上
房地(土地+建物)+車位,重陽路１７號十一樓,11.0,-2.0,1,38.34,839587,8.09,321384.0,25.055352,121.595257,昆陽站出口4,551,有電梯_7樓以上
房地(土地+建物)+車位,汀州路二段１６７號十八樓之１,18.0,-1.0,1,34.22,874340,11.83,177515.0,25.024475,121.521342,古亭站出口2,233,有電梯_7樓以上
房地(土地+建物)+車位,重陽路２１號十二樓,12.0,-2.0,1,54.92,887779,8.09,321384.0,25.05569,121.595403,昆陽站出口4,592,有電梯_7樓以上
房地(土地+建物)+車位,汀州路二段１６７號十八樓,18.0,-1.0,1,32.11,872539,11.83,126796.0,25.024475,121.521342,古亭站出口2,233,有電梯_7樓以上
房地(土地+建物)+車位,行善路１８９號十三樓,13.0,-1.0,1,38.44,885616,9.63,249221.0,25.059612,121.581764,松山站出口5,1084,有電梯_7樓以上
房地(土地+建物)+車位,行善路１８９號十四樓,14.0,-1.0,1,38.44,890127,9.63,311526.0,25.059612,121.581764,松山站出口5,1084,有電梯_7樓以上
房地(土地+建物)+車位,汀州路二段１６７號十二樓,12.0,-1.0,1,40.37,810768,11.83,177515.0,25.024475,121.521342,古亭站出口2,233,有電梯_7樓以上
房地(土地+建物),汀州路二段１６７號十二樓之１,12.0,-1.0,1,28.23,816087,0.0,,25.024475,121.521342,古亭站出口2,233,有電梯_7樓以上
房地(土地+建物),汀州路二段１６７號十七樓之２,17.0,-1.0,1,21.75,854383,0.0,,25.024475,121.521342,古亭站出口2,233,有電梯_7樓以上
房地(土地+建物)+車位,汀州路二段１６７號十六樓之３,16.0,-1.0,1,34.49,849849,8.74,171625.0,25.024475,121.521342,古亭站出口2,233,有電梯_7樓以上
房地(土地+建物)+車位,汀州路二段１６７號十樓之１,10.0,-1.0,1,40.06,808208,11.83,177515.0,25.024475,121.521342,古亭站出口2,233,有電梯_7樓以上
房地(土地+建物)+車位,行善路１９９號十一樓,11.0,-1.0,1,40.8,869269,9.63,290758.0,25.059993,121.582096,松山站出口5,1135,有電梯_7樓以上
房地(土地+建物)+車位,重陽路１３號十一樓,11.0,-2.0,1,43.93,831470,8.09,309023.0,25.055495,121.595456,昆陽站出口4,572,有電梯_7樓以上
房地(土地+建物)+車位,行善路１９７號九樓,9.0,-1.0,1,70.94,836723,9.63,269990.0,25.059925,121.582021,松山站出口5,1126,有電梯_7樓以上
房地(土地+建物)+車位,行善路１９９號九樓,9.0,-1.0,1,39.71,846816,8.54,304450.0,25.059993,121.582096,松山站出口5,1135,有電梯_7樓以上
房地(土地+建物)+車位,行善路２０１號十四樓,14.0,-1.0,1,40.8,884666,9.63,254413.0,25.060044,121.582171,松山站出口5,1144,有電梯_7樓以上
房地(土地+建物)+車位,行善路１８９號十樓,10.0,-1.0,1,38.44,859242,9.63,311526.0,25.059612,121.581764,松山站出口5,1084,有電梯_7樓以上
房地(土地+建物)+車位,大安路二段８０號十四樓,14.0,-1.0,1,100.86,1423619,20.59,310831.0,25.031641,121.545821,大安站出口4,248,有電梯_7樓以上
房地(土地+建物)+車位,大安路二段８０號二十樓之１,20.0,-1.0,1,92.92,1417162,20.59,310831.0,25.031641,121.545821,大安站出口4,248,有電梯_7樓以上
房地(土地+建物)+車位,行善路２０１號十一樓,11.0,-1.0,1,40.8,867024,9.63,275182.0,25.060044,121.582171,松山站出口5,1144,有電梯_7樓以上
房地(土地+建物)+車位,行善路１９９號十四樓,14.0,-1.0,1,40.8,885949,9.63,280374.0,25.059993,121.582096,松山站出口5,1135,有電梯_7樓以上
房地(土地+建物)+車位,汀州路二段１６７號十三樓之１,13.0,-1.0,1,40.71,869479,12.48,188301.0,25.024475,121.521342,古亭站出口2,233,有電梯_7樓以上
房地(土地+建物)+車位,汀州路二段１６７號十六樓,16.0,-1.0,1,29.03,846779,8.74,171625.0,25.024475,121.521342,古亭站出口2,233,有電梯_7樓以上
房地(土地+建物),汀州路二段１６７號十六樓之２,16.0,-1.0,1,21.75,850704,0.0,,25.024475,121.521342,古亭站出口2,233,有電梯_7樓以上
房地(土地+建物)+車位,行善路２０１號九樓,9.0,-1.0,1,40.8,842967,9.63,269990.0,25.060044,121.582171,松山站出口5,1144,有電梯_7樓以上
房地(土地+建物)+車位,行善路１９９號十二樓,12.0,-1.0,1,40.8,868628,9.63,290758.0,25.059993,121.582096,松山站出口5,1135,有電梯_7樓以上
房地(土地+建物)+車位,行善路２０７號十五樓,15.0,-1.0,1,53.76,857434,9.63,249221.0,25.059872,121.582252,松山站出口5,1129,有電梯_7樓以上
房地(土地+建物)+車位,行善路１９３號十三樓,13.0,-1.0,1,40.55,881673,9.63,249221.0,25.059758,121.581785,松山站出口5,1099,有電梯_7樓以上
房地(土地+建物)+車位,行善路１９９號十樓,10.0,-1.0,1,40.8,846816,9.63,269990.0,25.059993,121.582096,松山站出口5,1135,有電梯_7樓以上
房地(土地+建物)+車位,行善路２０１號十三樓,13.0,-1.0,1,40.8,878251,9.63,269990.0,25.060044,121.582171,松山站出口5,1144,有電梯_7樓以上
房地(土地+建物)+車位,行善路１９３號十樓,10.0,-1.0,1,40.55,853211,9.63,249221.0,25.059758,121.581785,松山站出口5,1099,有電梯_7樓以上
房地(土地+建物)+車位,行善路２０５號十五樓,15.0,-1.0,1,45.16,849875,9.63,259605.0,25.059964,121.58226,松山站出口5,1139,有電梯_7樓以上
房地(土地+建物)+車位,行善路１８５號九樓,9.0,-1.0,1,40.55,857739,9.63,290758.0,25.059626,121.581933,松山站出口5,1091,有電梯_7樓以上
房地(土地+建物)+車位,行善路２０５號十二樓,12.0,-1.0,1,45.16,836367,9.63,249221.0,25.059964,121.58226,松山站出口5,1139,有電梯_7樓以上
房地(土地+建物)+車位,行善路１８７號十四樓,14.0,-1.0,1,55.13,872547,9.63,311526.0,25.059544,121.581828,松山站出口5,1079,有電梯_7樓以上
房地(土地+建物)+車位,汀州路二段１６７號十六樓之１,16.0,-1.0,1,34.87,898900,12.48,204327.0,25.024475,121.521342,古亭站出口2,233,有電梯_7樓以上
房地(土地+建物)+車位,行善路１８５號八樓,8.0,-1.0,1,40.55,808578,9.63,233645.0,25.059626,121.581933,松山站出口5,1091,有電梯_7樓以上
房地(土地+建物)+車位,行善路１９７號十五樓,15.0,-1.0,1,80.57,874237,19.26,290758.0,25.059925,121.582021,松山站出口5,1126,有電梯_7樓以上
房地(土地+建物)+車位,行善路１９９號十五樓,15.0,-1.0,1,40.8,881458,9.63,290758.0,25.059993,121.582096,松山站出口5,1135,有電梯_7樓以上
房地(土地+建物),重陽路１５號九樓,9.0,-2.0,1,14.77,897886,0.0,,25.055427,121.595399,昆陽站出口4,563,有電梯_7樓以上
房地(土地+建物)+車位,行善路１８７號十三樓,13.0,-1.0,1,55.13,870350,9.63,249221.0,25.059544,121.581828,松山站出口5,1079,有電梯_7樓以上
房地(土地+建物)+車位,行善路２０３號十樓,10.0,-1.0,1,54.97,835876,9.63,269990.0,25.060093,121.582238,松山站出口5,1151,有電梯_7樓以上
房地(土地+建物)+車位,行善路１９７號十二樓,12.0,-1.0,1,80.57,852707,19.26,290758.0,25.059925,121.582021,松山站出口5,1126,有電梯_7樓以上
房地(土地+建物),行善路１９５號十五樓,15.0,-1.0,1,60.07,869980,0.0,,25.059818,121.581868,松山站出口5,1109,有電梯_7樓以上
房地(土地+建物)+車位,行善路１８３號十二樓,12.0,-1.0,1,78.33,834384,18.17,302697.0,25.059685,121.58201,松山站出口5,1101,有電梯_7樓以上
房地(土地+建物)+車位,行善路１８７號十樓,10.0,-1.0,1,55.13,835184,9.63,269990.0,25.059544,121.581828,松山站出口5,1079,有電梯_7樓以上
房地(土地+建物)+車位,行善路１９３號十五樓,15.0,-1.0,1,40.55,890083,9.63,249221.0,25.059758,121.581785,松山站出口5,1099,有電梯_7樓以上
房地(土地+建物)+車位,重陽路２３號十樓,10.0,-2.0,1,32.55,846380,8.09,333745.0,25.05576,121.59536,昆陽站出口4,598,有電梯_7樓以上
房地(土地+建物)+車位,重陽路１７號十樓,10.0,-2.0,1,45.78,799921,15.53,315518.0,25.055352,121.595257,昆陽站出口4,551,有電梯_7樓以上
房地(土地+建物)+車位,行善路２０５號十樓,10.0,-1.0,1,45.16,830176,9.63,269990.0,25.059964,121.58226,松山站出口5,1139,有電梯_7樓以上
房地(土地+建物)+車位,行善路２０５號八樓,8.0,-1.0,1,45.16,823985,9.63,269990.0,25.059964,121.58226,松山站出口5,1139,有電梯_7樓以上
房地(土地+建物)+車位,重陽路１７號九樓,9.0,-2.0,1,39.1,819754,8.84,316742.0,25.055352,121.595257,昆陽站出口4,551,有電梯_7樓以上
房地(土地+建物)+車位,行善路１９３號十四樓,14.0,-1.0,1,40.55,871647,9.63,290758.0,25.059758,121.581785,松山站出口5,1099,有電梯_7樓以上
房地(土地+建物)+車位,行善路１９５號十四樓,14.0,-1.0,1,79.32,863198,19.26,306334.0,25.059818,121.581868,松山站出口5,1109,有電梯_7樓以上
房地(土地+建物)+車位,行善路２０３號九樓,9.0,-1.0,1,54.97,816027,9.63,259605.0,25.060093,121.582238,松山站出口5,1151,有電梯_7樓以上
房地(土地+建物)+車位,行善路２０３號十二樓,12.0,-1.0,1,54.97,853520,9.63,280374.0,25.060093,121.582238,松山站出口5,1151,有電梯_7樓以上
房地(土地+建物)+車位,汀州路二段１６７號十五樓,15.0,-1.0,1,32.11,840497,11.83,126796.0,25.024475,121.521342,古亭站出口2,233,有電梯_7樓以上
房地(土地+建物)+車位,重陽路２３號八樓,8.0,-2.0,1,31.9,849757,7.44,282258.0,25.05576,121.59536,昆陽站出口4,598,有電梯_7樓以上
房地(土地+建物)+車位,行善路１８３號十四樓,14.0,-1.0,1,79.42,839370,19.26,327103.0,25.059685,121.58201,松山站出口5,1101,有電梯_7樓以上
房地(土地+建物)+車位,行善路１９１號十三樓,13.0,-1.0,1,53.46,878411,9.63,311526.0,25.059685,121.581699,松山站出口5,1089,有電梯_7樓以上
房地(土地+建物)+車位,行善路１８３號十五樓,15.0,-1.0,1,78.33,846019,18.17,319207.0,25.059685,121.58201,松山站出口5,1101,有電梯_7樓以上
房地(土地+建物)+車位,行善路２０９號十四樓,14.0,-1.0,1,80.33,837991,19.26,254413.0,25.059801,121.582163,松山站出口5,1118,有電梯_7樓以上
房地(土地+建物)+車位,行善路１８５號十三樓,13.0,-2.0,1,40.55,851918,9.63,269990.0,25.059626,121.581933,松山站出口5,1091,有電梯_7樓以上
房地(土地+建物)+車位,行善路１８３號十三樓,13.0,-2.0,1,79.42,842030,19.26,290758.0,25.059685,121.58201,松山站出口5,1101,有電梯_7樓以上
房地(土地+建物),重陽路１５號八樓,8.0,-3.0,1,14.77,861320,0.0,,25.055427,121.595399,昆陽站出口4,563,有電梯_7樓以上
房地(土地+建物)+車位,行善路２０７號八樓,8.0,-2.0,1,53.76,822086,9.63,228453.0,25.059872,121.582252,松山站出口5,1129,有電梯_7樓以上
房地(土地+建物)+車位,行善路２０５號九樓,9.0,-2.0,1,45.16,823985,9.63,249221.0,25.059964,121.58226,松山站出口5,1139,有電梯_7樓以上
房地(土地+建物)+車位,汀州路二段１６７號十五樓之５,15.0,-2.0,1,35.91,876054,12.48,204327.0,25.024475,121.521342,古亭站出口2,233,有電梯_7樓以上
房地(土地+建物)+車位,行善路２０９號十五樓,15.0,-2.0,1,80.33,829477,19.26,306334.0,25.059801,121.582163,松山站出口5,1118,有電梯_7樓以上
房地(土地+建物)+車位,行善路２０７號九樓,9.0,-2.0,1,63.39,815288,19.26,290758.0,25.059872,121.582252,松山站出口5,1129,有電梯_7樓以上
房地(土地+建物)+車位,西安街二段２６３號十二樓,12.0,-3.0,1,64.93,778056,12.23,204415.0,25.120169,121.507265,唭哩岸站出口1,69,有電梯_7樓以上
房地(土地+建物)+車位,行善路１９１號十一樓,11.0,-2.0,1,53.46,846468,9.63,290758.0,25.059685,121.581699,松山站出口5,1089,有電梯_7樓以上
房地(土地+建物)+車位,行善路１９１號十樓,10.0,-2.0,1,53.46,841905,9.63,290758.0,25.059685,121.581699,松山站出口5,1089,有電梯_7樓以上
房地(土地+建物)+車位,重陽路３１號十一樓,11.0,-3.0,1,50.19,830129,8.09,346106.0,25.055666,121.595287,昆陽站出口4,586,有電梯_7樓以上
房地(土地+建物)+車位,重陽路２１號十一樓,11.0,-3.0,1,54.92,830131,8.09,346106.0,25.05569,121.595403,昆陽站出口4,592,有電梯_7樓以上
房地(土地+建物)+車位,行善路１９７號十四樓,14.0,-2.0,1,80.57,853033,19.26,290758.0,25.059925,121.582021,松山站出口5,1126,有電梯_7樓以上
房地(土地+建物)+車位,汀州路二段１６７號十六樓之５,16.0,-2.0,1,35.91,868373,12.48,204327.0,25.024475,121.521342,古亭站出口2,233,有電梯_7樓以上
房地(土地+建物)+車位,行善路１８３號八樓,8.0,-2.0,1,79.42,827736,19.26,269990.0,25.059685,121.58201,松山站出口5,1101,有電梯_7樓以上
房地(土地+建物)+車位,行善路２０９號十三樓,13.0,-2.0,1,88.87,828167,27.79,302267.0,25.059801,121.582163,松山站出口5,1118,有電梯_7樓以上
房地(土地+建物)+車位,行善路２０３號八樓,8.0,-2.0,1,64.6,820438,19.26,249221.0,25.060093,121.582238,松山站出口5,1151,有電梯_7樓以上
房地(土地+建物)+車位,汀州路二段１６７號十二樓之５,12.0,-2.0,1,41.75,841480,12.48,188301.0,25.024475,121.521342,古亭站出口2,233,有電梯_7樓以上
房地(土地+建物)+車位,西安街二段２０１號十四樓之５,14.0,-3.0,1,44.99,721490,10.55,260664.0,25.119663,121.510481,唭哩岸站出口1,377,有電梯_7樓以上
房地(土地+建物)+車位,行善路２０７號十二樓,12.0,-2.0,1,53.76,836134,9.63,290758.0,25.059872,121.582252,松山站出口5,1129,有電梯_7樓以上
房地(土地+建物)+車位,行善路２０３號十四樓,14.0,-2.0,1,54.97,860136,9.63,311526.0,25.060093,121.582238,松山站出口5,1151,有電梯_7樓以上
房地(土地+建物)+車位,行善路２０９號十二樓,12.0,-2.0,1,80.33,833406,19.26,280374.0,25.059801,121.582163,松山站出口5,1118,有電梯_7樓以上
房地(土地+建物)+車位,西安街二段２０３號十五樓之３,15.0,-3.0,1,49.72,714310,10.55,284360.0,25.11974,121.510091,唭哩岸站出口1,337,有電梯_7樓以上
房地(土地+建物)+車位,西安街二段２０１號十五樓之３,15.0,-3.0,1,49.72,760263,10.55,251185.0,25.119663,121.510481,唭哩岸站出口1,377,有電梯_7樓以上
房地(土地+建物)+車位,西安街二段２０３號十五樓之１,15.0,-3.0,1,43.03,721689,10.55,260664.0,25.11974,121.510091,唭哩岸站出口1,337,有電梯_7樓以上
房地(土地+建物)+車位,重陽路１７號八樓,8.0,-3.0,1,38.34,809838,8.09,309023.0,25.055352,121.595257,昆陽站出口4,551,有電梯_7樓以上
房地(土地+建物)+車位,行善路２０７號十樓,10.0,-2.0,1,63.39,820273,19.26,301142.0,25.059872,121.582252,松山站出口5,1129,有電梯_7樓以上
房地(土地+建物)+車位,重陽路２７號十二樓,12.0,-3.0,1,54.92,815185,8.09,309023.0,25.055882,121.595295,昆陽站出口4,609,有電梯_7樓以上
房地(土地+建物)+車位,重陽路２７號十三樓,13.0,-3.0,1,54.92,819455,8.09,309023.0,25.055882,121.595295,昆陽站出口4,609,有電梯_7樓以上
房地(土地+建物)+車位,行善路１８９號八樓,8.0,-2.0,1,38.44,843625,9.63,249221.0,25.059612,121.581764,松山站出口5,1084,有電梯_7樓以上
房地(土地+建物)+車位,西安街二段２０３號十四樓之３,14.0,-3.0,1,49.72,721203,10.55,251185.0,25.11974,121.510091,唭哩岸站出口1,337,有電梯_7樓以上
房地(土地+建物)+車位,西安街二段２０３號十三樓之１,13.0,-3.0,1,43.03,712144,10.55,260664.0,25.11974,121.510091,唭哩岸站出口1,337,有電梯_7樓以上
房地(土地+建物)+車位,西安街二段２０１號十三樓之３,13.0,-3.0,1,60.36,716369,21.1,236967.0,25.119663,121.510481,唭哩岸站出口1,377,有電梯_7樓以上
房地(土地+建物)+車位,西安街二段２０３號十二樓之５,12.0,-3.0,1,44.87,696812,10.42,244722.0,25.11974,121.510091,唭哩岸站出口1,337,有電梯_7樓以上
房地(土地+建物)+車位,西安街二段２０３號十二樓之１,12.0,-3.0,1,43.03,702292,10.55,241706.0,25.11974,121.510091,唭哩岸站出口1,337,有電梯_7樓以上
房地(土地+建物)+車位,西安街二段２０１號十樓之３,10.0,-3.0,1,49.82,699052,10.55,241706.0,25.119663,121.510481,唭哩岸站出口1,377,有電梯_7樓以上
房地(土地+建物)+車位,西安街二段２０１號十五樓,15.0,-3.0,1,62.8,730091,10.55,270142.0,25.119663,121.510481,唭哩岸站出口1,377,有電梯_7樓以上
房地(土地+建物)+車位,西安街二段２０３號八樓之３,8.0,-3.0,1,49.72,691844,10.55,251185.0,25.11974,121.510091,唭哩岸站出口1,337,有電梯_7樓以上
房地(土地+建物)+車位,西安街二段２０１號十二樓之５,12.0,-3.0,1,44.99,709877,10.55,241706.0,25.119663,121.510481,唭哩岸站出口1,377,有電梯_7樓以上
房地(土地+建物)+車位,西安街二段２０１號十五樓之１,15.0,-3.0,1,43.02,709747,10.55,241706.0,25.119663,121.510481,唭哩岸站出口1,377,有電梯_7樓以上
房地(土地+建物)+車位,西安街二段２０１號十樓之２,10.0,-3.0,1,50.08,645069,10.55,265403.0,25.119663,121.510481,唭哩岸站出口1,377,有電梯_7樓以上
房地(土地+建物),汀州路二段１６７號十四樓之２,14.0,-2.0,1,21.68,846976,0.0,,25.024475,121.521342,古亭站出口2,233,有電梯_7樓以上
房地(土地+建物)+車位,西安街二段２６１號十一樓,11.0,-3.0,1,52.58,778737,12.23,220769.0,25.120294,121.507334,唭哩岸站出口1,62,有電梯_7樓以上
房地(土地+建物)+車位,西安街二段２６３號十一樓,11.0,-3.0,1,64.91,765036,12.23,220769.0,25.120169,121.507265,唭哩岸站出口1,69,有電梯_7樓以上
房地(土地+建物)+車位,五分街９８號十樓,10.0,-3.0,1,37.94,604610,9.58,245303.0,25.066916,121.617021,東湖站出口3,510,有電梯_7樓以上
房地(土地+建物)+車位,西安街二段２０３號十二樓之３,12.0,-3.0,1,49.72,713544,10.55,260664.0,25.11974,121.510091,唭哩岸站出口1,337,有電梯_7樓以上
房地(土地+建物)+車位,西安街二段２０１號十四樓之１,14.0,-3.0,1,43.02,709747,10.55,284360.0,25.119663,121.510481,唭哩岸站出口1,377,有電梯_7樓以上
房地(土地+建物)+車位,西安街二段２０１號十四樓之３,14.0,-3.0,1,49.72,719926,10.55,293839.0,25.119663,121.510481,唭哩岸站出口1,377,有電梯_7樓以上
房地(土地+建物)+車位,西安街二段２０１號十四樓,14.0,-3.0,1,62.8,720714,10.55,293839.0,25.119663,121.510481,唭哩岸站出口1,377,有電梯_7樓以上
房地(土地+建物)+車位,重陽路３１號十二樓,12.0,-3.0,1,50.19,827754,8.09,333745.0,25.055666,121.595287,昆陽站出口4,586,有電梯_7樓以上
房地(土地+建物)+車位,重陽路２９號十一樓,11.0,-3.0,1,59.76,843641,16.14,322181.0,25.055867,121.595185,昆陽站出口4,605,有電梯_7樓以上
房地(土地+建物)+車位,西安街二段２０１號八樓之５,8.0,-3.0,1,55.54,688101,21.1,270142.0,25.119663,121.510481,唭哩岸站出口1,377,有電梯_7樓以上
房地(土地+建物)+車位,西安街二段２０３號十二樓之２,12.0,-3.0,1,49.99,713998,10.55,241706.0,25.11974,121.510091,唭哩岸站出口1,337,有電梯_7樓以上
房地(土地+建物)+車位,西安街二段２０１號十樓,10.0,-3.0,1,73.32,700279,20.97,262279.0,25.119663,121.510481,唭哩岸站出口1,377,有電梯_7樓以上
房地(土地+建物)+車位,西安街二段２０３號十三樓之３,13.0,-3.0,1,49.69,722736,10.42,235125.0,25.11974,121.510091,唭哩岸站出口1,337,有電梯_7樓以上
房地(土地+建物)+車位,西安街二段２０１號十一樓,11.0,-3.0,1,73.35,715738,21.1,289100.0,25.119663,121.510481,唭哩岸站出口1,377,有電梯_7樓以上
房地(土地+建物)+車位,西安街二段２０３號九樓之３,9.0,-3.0,1,49.72,700779,10.55,241706.0,25.11974,121.510091,唭哩岸站出口1,337,有電梯_7樓以上
房地(土地+建物)+車位,民權西路１６０巷１８弄８號十七樓之１,17.0,-2.0,1,28.21,757871,9.76,307377.0,25.062139,121.515256,大橋頭站出口2,233,有電梯_7樓以上
房地(土地+建物)+車位,西安街二段２０３號十一樓之３,11.0,-3.0,1,49.72,711757,10.55,199052.0,25.11974,121.510091,唭哩岸站出口1,337,有電梯_7樓以上
房地(土地+建物)+車位,西安街二段２０３號十四樓,14.0,-3.0,1,62.83,740082,10.55,293839.0,25.11974,121.510091,唭哩岸站出口1,337,有電梯_7樓以上
房地(土地+建物)+車位,西安街二段２０３號十四樓之２,14.0,-3.0,1,49.99,730225,10.55,270142.0,25.11974,121.510091,唭哩岸站出口1,337,有電梯_7樓以上
房地(土地+建物)+車位,西安街二段２０３號十四樓之５,14.0,-3.0,1,44.99,708135,10.55,284360.0,25.11974,121.510091,唭哩岸站出口1,337,有電梯_7樓以上
房地(土地+建物)+車位,西安街二段２０３號十五樓,15.0,-3.0,1,62.83,733005,10.55,293839.0,25.11974,121.510091,唭哩岸站出口1,337,有電梯_7樓以上
房地(土地+建物)+車位,西安街二段２０３號十五樓之５,15.0,-3.0,1,44.99,701457,10.55,293839.0,25.11974,121.510091,唭哩岸站出口1,337,有電梯_7樓以上
房地(土地+建物)+車位,西安街二段２０１號九樓之１,9.0,-3.0,1,43.02,685114,10.55,232227.0,25.119663,121.510481,唭哩岸站出口1,377,有電梯_7樓以上
房地(土地+建物)+車位,大安路二段８０號八樓之１,8.0,-2.0,1,62.7,1412798,20.59,301117.0,25.031641,121.545821,大安站出口4,248,有電梯_7樓以上
房地(土地+建物)+車位,西安街二段２０３號八樓,8.0,-3.0,1,62.83,715980,10.55,241706.0,25.11974,121.510091,唭哩岸站出口1,337,有電梯_7樓以上
房地(土地+建物)+車位,西安街二段２０１號八樓之３,8.0,-3.0,1,49.72,692610,10.55,260664.0,25.119663,121.510481,唭哩岸站出口1,377,有電梯_7樓以上
房地(土地+建物)+車位,西安街二段２０３號九樓,9.0,-3.0,1,73.37,704886,21.1,270142.0,25.11974,121.510091,唭哩岸站出口1,337,有電梯_7樓以上
房地(土地+建物)+車位,西安街二段２０３號十三樓之２,13.0,-3.0,1,50.08,730573,10.55,265403.0,25.11974,121.510091,唭哩岸站出口1,337,有電梯_7樓以上
房地(土地+建物)+車位,西安街二段２０１號十樓之５,10.0,-3.0,1,45.05,699937,10.55,246445.0,25.119663,121.510481,唭哩岸站出口1,377,有電梯_7樓以上
房地(土地+建物)+車位,重陽路１３號八樓,8.0,-3.0,1,43.93,811939,8.09,370828.0,25.055495,121.595456,昆陽站出口4,572,有電梯_7樓以上
房地(土地+建物)+車位,西安街二段２０３號十二樓,12.0,-3.0,1,83.92,728414,31.64,260746.0,25.11974,121.510091,唭哩岸站出口1,337,有電梯_7樓以上
房地(土地+建物)+車位,西安街二段２０３號九樓之２,9.0,-3.0,1,49.99,707659,10.55,284360.0,25.11974,121.510091,唭哩岸站出口1,337,有電梯_7樓以上
房地(土地+建物)+車位,西安街二段２６１號十一樓之１,11.0,-3.0,1,50.78,778199,12.23,204415.0,25.120294,121.507334,唭哩岸站出口1,62,有電梯_7樓以上
房地(土地+建物),西安街二段２０３號十一樓之５,11.0,-3.0,1,34.44,693908,0.0,,25.11974,121.510091,唭哩岸站出口1,337,有電梯_7樓以上
房地(土地+建物)+車位,西安街二段２０１號八樓之１,8.0,-3.0,1,43.02,682035,10.55,270142.0,25.119663,121.510481,唭哩岸站出口1,377,有電梯_7樓以上
房地(土地+建物)+車位,西安街二段２０３號八樓之５,8.0,-3.0,1,44.99,689553,10.55,260664.0,25.11974,121.510091,唭哩岸站出口1,337,有電梯_7樓以上
房地(土地+建物)+車位,西安街二段２０１號八樓之２,8.0,-3.0,1,49.99,699292,10.55,284360.0,25.119663,121.510481,唭哩岸站出口1,377,有電梯_7樓以上
房地(土地+建物)+車位,西安街二段２０１號十三樓,13.0,-3.0,1,73.45,727786,21.1,303318.0,25.119663,121.510481,唭哩岸站出口1,377,有電梯_7樓以上
房地(土地+建物)+車位,西安街二段２０１號八樓,8.0,-3.0,1,62.8,698514,10.55,303318.0,25.119663,121.510481,唭哩岸站出口1,377,有電梯_7樓以上
房地(土地+建物)+車位,西安街二段２０１號十二樓之１,12.0,-3.0,1,43.02,707592,10.55,260664.0,25.119663,121.510481,唭哩岸站出口1,377,有電梯_7樓以上
房地(土地+建物)+車位,西安街二段２０３號十一樓之１,11.0,-3.0,1,42.9,715839,10.42,263916.0,25.11974,121.510091,唭哩岸站出口1,337,有電梯_7樓以上
房地(土地+建物)+車位,西安街二段２０１號十五樓之２,15.0,-3.0,1,60.41,735296,20.97,257511.0,25.119663,121.510481,唭哩岸站出口1,377,有電梯_7樓以上
房地(土地+建物)+車位,西安街二段２０１號十二樓,12.0,-3.0,1,62.8,718034,10.55,260664.0,25.119663,121.510481,唭哩岸站出口1,377,有電梯_7樓以上
房地(土地+建物)+車位,西安街二段２０１號十二樓之２,12.0,-3.0,1,49.99,722619,10.55,284360.0,25.119663,121.510481,唭哩岸站出口1,377,有電梯_7樓以上
房地(土地+建物)+車位,民權西路１６０巷１８弄８號十六樓,16.0,-2.0,1,54.46,704645,9.76,243852.0,25.062139,121.515256,大橋頭站出口2,233,有電梯_7樓以上
房地(土地+建物)+車位,西安街二段２０１號九樓,9.0,-3.0,1,62.8,716312,10.55,241706.0,25.119663,121.510481,唭哩岸站出口1,377,有電梯_7樓以上
房地(土地+建物)+車位,西安街二段２０１號九樓之３,9.0,-3.0,1,49.72,713544,10.55,241706.0,25.119663,121.510481,唭哩岸站出口1,377,有電梯_7樓以上
房地(土地+建物)+車位,西安街二段２０１號十四樓之２,14.0,-3.0,1,49.99,745438,10.55,270142.0,25.119663,121.510481,唭哩岸站出口1,377,有電梯_7樓以上
房地(土地+建物)+車位,西安街二段２０３號十樓之５,10.0,-3.0,1,44.93,685446,10.42,244722.0,25.11974,121.510091,唭哩岸站出口1,337,有電梯_7樓以上
房地(土地+建物)+車位,西安街二段２０１號十一樓之３,11.0,-3.0,1,49.72,720437,10.55,260664.0,25.119663,121.510481,唭哩岸站出口1,377,有電梯_7樓以上
房地(土地+建物)+車位,西安街二段２０１號九樓之２,9.0,-3.0,1,49.99,708673,10.55,241706.0,25.119663,121.510481,唭哩岸站出口1,377,有電梯_7樓以上
房地(土地+建物)+車位,西安街二段２０１號九樓之５,9.0,-3.0,1,44.99,695360,10.55,260664.0,25.119663,121.510481,唭哩岸站出口1,377,有電梯_7樓以上
房地(土地+建物)+車位,西安街二段２０３號十五樓之２,15.0,-3.0,1,60.53,737381,21.1,258294.0,25.11974,121.510091,唭哩岸站出口1,337,有電梯_7樓以上
房地(土地+建物),西安街二段２０１號十一樓之１,11.0,-3.0,1,32.48,708208,0.0,,25.119663,121.510481,唭哩岸站出口1,377,有電梯_7樓以上
房地(土地+建物)+車位,西安街二段２０１號十三樓之２,13.0,-3.0,1,50.08,733102,10.55,274882.0,25.119663,121.510481,唭哩岸站出口1,377,有電梯_7樓以上
房地(土地+建物)+車位,西安街二段２０３號十樓之１,10.0,-3.0,1,43.03,698905,10.55,218009.0,25.11974,121.510091,唭哩岸站出口1,337,有電梯_7樓以上
房地(土地+建物)+車位,西安街二段２０３號九樓之１,9.0,-3.0,1,43.03,691208,10.55,260664.0,25.11974,121.510091,唭哩岸站出口1,337,有電梯_7樓以上
房地(土地+建物)+車位,民權西路１６０巷２６弄１號十五樓之２,15.0,-2.0,1,66.41,701118,19.52,225410.0,25.061697,121.515707,大橋頭站出口2,298,有電梯_7樓以上
房地(土地+建物)+車位,民權西路１６０巷１８弄８號十五樓之３,15.0,-2.0,1,49.88,696704,9.76,225410.0,25.062139,121.515256,大橋頭站出口2,233,有電梯_7樓以上
房地(土地+建物)+車位,民權西路１６０巷２６弄１號九樓之２,9.0,-2.0,1,56.65,678133,9.76,286885.0,25.061697,121.515707,大橋頭站出口2,298,有電梯_7樓以上
房地(土地+建物),中央北路四段５４１巷３號十六樓,16.0,-2.0,1,28.48,560738,0.0,,25.12766,121.468387,關渡站出口1,275,有電梯_7樓以上
房地(土地+建物)+車位,尊賢街２３６號八樓,8.0,-1.0,1,66.54,603984,11.66,154374.0,25.116399,121.507619,唭哩岸站出口1,484,有電梯_7樓以上
房地(土地+建物)+車位,民權西路１６０巷２６弄１號八樓之１,8.0,-2.0,1,66.31,666286,9.76,286885.0,25.061697,121.515707,大橋頭站出口2,298,有電梯_7樓以上
房地(土地+建物)+車位,中央北路四段５４１巷７號十五樓,15.0,-3.0,1,50.9,580334,12.59,166799.0,25.127635,121.468545,關渡站出口1,279,有電梯_7樓以上
房地(土地+建物),中央北路四段５４１巷９號十五樓,15.0,-3.0,1,29.25,560425,0.0,,25.12756,121.468445,關渡站出口1,267,有電梯_7樓以上
房地(土地+建物)+車位,民權西路１６０巷２６弄１號十一樓之２,11.0,-3.0,1,56.65,658514,9.76,245902.0,25.061697,121.515707,大橋頭站出口2,298,有電梯_7樓以上
房地(土地+建物)+車位,民權西路１６０巷１８弄８號九樓之１,9.0,-3.0,1,28.21,704744,9.76,286885.0,25.062139,121.515256,大橋頭站出口2,233,有電梯_7樓以上
房地(土地+建物)+車位,民權西路１６０巷１８弄８號十一樓之１,11.0,-3.0,1,28.21,736186,9.76,266393.0,25.062139,121.515256,大橋頭站出口2,233,有電梯_7樓以上
房地(土地+建物)+車位,民權西路１６０巷１８弄６號十二樓之３,12.0,-3.0,1,51.23,674420,9.76,286885.0,25.062139,121.515417,大橋頭站出口2,247,有電梯_7樓以上
房地(土地+建物)+車位,民權西路１６０巷２６弄１號十樓之１,10.0,-3.0,1,76.08,677177,19.52,235656.0,25.061697,121.515707,大橋頭站出口2,298,有電梯_7樓以上
房地(土地+建物)+車位,中央北路四段５４１巷９號十六樓,16.0,-3.0,1,41.84,563161,12.59,158856.0,25.12756,121.468445,關渡站出口1,267,有電梯_7樓以上
房地(土地+建物)+車位,民權西路１６０巷２６弄１號九樓,9.0,-3.0,1,66.35,669711,9.76,286885.0,25.061697,121.515707,大橋頭站出口2,298,有電梯_7樓以上
房地(土地+建物)+車位,民權西路１６０巷２６弄１號十四樓之１,14.0,-3.0,1,66.31,671944,9.76,286885.0,25.061697,121.515707,大橋頭站出口2,298,有電梯_7樓以上
房地(土地+建物)+車位,民權西路１６０巷２６弄１號十五樓,15.0,-3.0,1,66.35,675012,9.76,245902.0,25.061697,121.515707,大橋頭站出口2,298,有電梯_7樓以上
房地(土地+建物)+車位,民權西路１６０巷１８弄８號十五樓之２,15.0,-3.0,1,49.86,678264,9.76,286885.0,25.062139,121.515256,大橋頭站出口2,233,有電梯_7樓以上
房地(土地+建物)+車位,民權西路１６０巷２６弄１號十三樓之２,13.0,-3.0,1,56.65,661073,9.76,266393.0,25.061697,121.515707,大橋頭站出口2,298,有電梯_7樓以上
房地(土地+建物)+車位,民權西路１６０巷２６弄１號十三樓,13.0,-3.0,1,66.35,671478,9.76,266393.0,25.061697,121.515707,大橋頭站出口2,298,有電梯_7樓以上
房地(土地+建物)+車位,民權西路１６０巷２６弄１號十三樓之１,13.0,-3.0,1,66.31,671944,9.76,266393.0,25.061697,121.515707,大橋頭站出口2,298,有電梯_7樓以上
房地(土地+建物)+車位,民權西路１６０巷２６弄１號十五樓之１,15.0,-3.0,1,66.31,671944,9.76,266393.0,25.061697,121.515707,大橋頭站出口2,298,有電梯_7樓以上
房地(土地+建物)+車位,中央北路四段５４１巷９號十四樓,14.0,-3.0,1,41.84,552561,12.59,158856.0,25.12756,121.468445,關渡站出口1,267,有電梯_7樓以上
房地(土地+建物),中央北路四段５４１巷３號十四樓,14.0,-3.0,1,28.48,553013,0.0,,25.12766,121.468387,關渡站出口1,275,有電梯_7樓以上
房地(土地+建物)+車位,中央北路四段５４１巷７號十六樓,16.0,-3.0,1,50.9,591299,12.59,190627.0,25.127635,121.468545,關渡站出口1,279,有電梯_7樓以上
房地(土地+建物)+車位,中央北路四段５４１巷７號八樓,8.0,-3.0,1,50.9,548746,12.59,142971.0,25.127635,121.468545,關渡站出口1,279,有電梯_7樓以上
房地(土地+建物)+車位,中央北路四段５４１巷３號十三樓,13.0,-3.0,1,41.07,530893,12.59,158856.0,25.12766,121.468387,關渡站出口1,275,有電梯_7樓以上
房地(土地+建物)+車位,中央北路四段５４１巷１５號八樓,8.0,-3.0,1,51.65,542260,12.59,174742.0,25.127493,121.468118,關渡站出口1,247,有電梯_7樓以上
房地(土地+建物)+車位,中央北路四段５４１巷７號十八樓,18.0,-3.0,1,50.88,603807,12.59,158856.0,25.127635,121.468545,關渡站出口1,279,有電梯_7樓以上
房地(土地+建物)+車位,牯嶺街９５巷１６號十一樓,11.0,-3.0,1,52.27,786828,7.41,391363.0,25.025999,121.519904,古亭站出口8,232,有電梯_7樓以上
房地(土地+建物)+車位,中央北路四段５４１巷１１號十四樓,14.0,-3.0,1,42.16,551247,12.59,142971.0,25.127483,121.468327,關渡站出口1,254,有電梯_7樓以上
房地(土地+建物)+車位,中央北路四段５４１巷５號十樓,10.0,-3.0,1,45.03,563501,12.59,190627.0,25.127724,121.468485,關渡站出口1,285,有電梯_7樓以上
房地(土地+建物)+車位,中央北路四段５４１巷５號十五樓,15.0,-3.0,1,45.03,592786,12.59,190627.0,25.127724,121.468485,關渡站出口1,285,有電梯_7樓以上
房地(土地+建物),石牌路一段３９巷１４８號十二樓之２,12.0,-3.0,1,19.03,666202,0.0,,25.118201,121.510085,唭哩岸站出口1,424,有電梯_7樓以上
房地(土地+建物),石牌路一段３９巷１４８號九樓之２,9.0,-3.0,1,19.03,654118,0.0,,25.118201,121.510085,唭哩岸站出口1,424,有電梯_7樓以上
房地(土地+建物)+車位,中央北路四段５４１巷９號十二樓,12.0,-3.0,1,41.84,553586,12.59,190627.0,25.12756,121.468445,關渡站出口1,267,有電梯_7樓以上
房地(土地+建物)+車位,中央北路四段５４１巷７號十二樓,12.0,-3.0,1,50.9,573286,12.59,190627.0,25.127635,121.468545,關渡站出口1,279,有電梯_7樓以上
房地(土地+建物)+車位,中央北路四段５４１巷１１號十三樓,13.0,-3.0,1,42.16,550570,12.59,142971.0,25.127483,121.468327,關渡站出口1,254,有電梯_7樓以上
房地(土地+建物)+車位,石牌路一段３９巷１４８號十一樓之２,11.0,-3.0,1,32.56,646762,13.52,199704.0,25.118201,121.510085,唭哩岸站出口1,424,有電梯_7樓以上
房地(土地+建物),石牌路一段３９巷１４６號八樓之２,8.0,-3.0,1,19.03,651491,0.0,,25.118068,121.510116,唭哩岸站出口1,436,有電梯_7樓以上
房地(土地+建物)+車位,石牌路一段３９巷１４６號八樓之１,8.0,-3.0,1,45.52,675098,13.52,192308.0,25.118068,121.510116,唭哩岸站出口1,436,有電梯_7樓以上
房地(土地+建物)+車位,石牌路一段３９巷１４８號十三樓之２,13.0,-3.0,1,50.53,682941,13.52,192308.0,25.118201,121.510085,唭哩岸站出口1,424,有電梯_7樓以上
房地(土地+建物)+車位,石牌路一段３９巷１４６號十樓之１,10.0,-3.0,1,45.52,670097,13.52,207101.0,25.118068,121.510116,唭哩岸站出口1,436,有電梯_7樓以上
房地(土地+建物)+車位,中央北路四段５４１巷１１號十五樓,15.0,-3.0,1,42.16,583375,12.59,170770.0,25.127483,121.468327,關渡站出口1,254,有電梯_7樓以上
房地(土地+建物)+車位,中央北路四段５４１巷９號九樓,9.0,-3.0,1,41.84,555638,12.59,166799.0,25.12756,121.468445,關渡站出口1,267,有電梯_7樓以上
房地(土地+建物)+車位,中央北路四段５４１巷１３號十五樓,15.0,-3.0,1,48.56,600219,12.59,167593.0,25.127405,121.468199,關渡站出口1,241,有電梯_7樓以上
房地(土地+建物),石牌路一段３９巷１４６號十二樓之５,12.0,-3.0,1,21.52,669057,0.0,,25.118068,121.510116,唭哩岸站出口1,436,有電梯_7樓以上
房地(土地+建物)+車位,石牌路一段３９巷１４８號八樓之５,8.0,-3.0,1,35.05,672774,13.52,155325.0,25.118201,121.510085,唭哩岸站出口1,424,有電梯_7樓以上
房地(土地+建物),石牌路一段３９巷１４６號十三樓之３,13.0,-3.0,1,21.52,655118,0.0,,25.118068,121.510116,唭哩岸站出口1,436,有電梯_7樓以上
房地(土地+建物)+車位,石牌路一段３９巷１４８號八樓之２,8.0,-3.0,1,32.56,667253,13.52,155325.0,25.118201,121.510085,唭哩岸站出口1,424,有電梯_7樓以上
房地(土地+建物),石牌路一段３９巷１４６號九樓之２,9.0,-3.0,1,19.03,675659,0.0,,25.118068,121.510116,唭哩岸站出口1,436,有電梯_7樓以上
房地(土地+建物)+車位,石牌路一段３９巷１４６號十一樓之５,11.0,-3.0,1,35.05,669057,13.52,184911.0,25.118068,121.510116,唭哩岸站出口1,436,有電梯_7樓以上
房地(土地+建物),石牌路一段３９巷１４８號十三樓之３,13.0,-3.0,1,21.52,655118,0.0,,25.118201,121.510085,唭哩岸站出口1,424,有電梯_7樓以上
房地(土地+建物),石牌路一段３９巷１４８號十二樓之５,12.0,-3.0,1,21.52,658835,0.0,,25.118201,121.510085,唭哩岸站出口1,424,有電梯_7樓以上
房地(土地+建物)+車位,石牌路一段３９巷１４８號十一樓之１,11.0,-3.0,1,45.52,683849,13.52,199704.0,25.118201,121.510085,唭哩岸站出口1,424,有電梯_7樓以上
房地(土地+建物),石牌路一段３９巷１４６號十樓之２,10.0,-3.0,1,19.03,661999,0.0,,25.118068,121.510116,唭哩岸站出口1,436,有電梯_7樓以上
房地(土地+建物),石牌路一段３９巷１４６號十二樓之２,12.0,-3.0,1,19.03,672507,0.0,,25.118068,121.510116,唭哩岸站出口1,436,有電梯_7樓以上
房地(土地+建物)+車位,中央北路四段５４１巷１３號八樓,8.0,-3.0,1,48.56,577144,12.59,190627.0,25.127405,121.468199,關渡站出口1,241,有電梯_7樓以上
房地(土地+建物)+車位,中央北路四段５４１巷７號十三樓,13.0,-3.0,1,50.9,581117,12.59,198570.0,25.127635,121.468545,關渡站出口1,279,有電梯_7樓以上
房地(土地+建物)+車位,中央北路四段５４１巷７號九樓,9.0,-3.0,1,50.9,529950,12.59,172359.0,25.127635,121.468545,關渡站出口1,279,有電梯_7樓以上
房地(土地+建物)+車位,石牌路一段３９巷１４６號十二樓之３,12.0,-3.0,1,50.49,646767,13.52,155325.0,25.118068,121.510116,唭哩岸站出口1,436,有電梯_7樓以上
房地(土地+建物),重慶北路三段２０３之３號十二樓,12.0,-2.0,1,24.14,889941,0.0,,25.069939,121.513933,圓山站出口1,622,有電梯_7樓以上
房地(土地+建物)+車位,中央北路四段５４１巷１３號十樓,10.0,-3.0,1,48.56,565468,12.59,171565.0,25.127405,121.468199,關渡站出口1,241,有電梯_7樓以上
房地(土地+建物)+車位,石牌路一段３９巷１４６號九樓,9.0,-3.0,1,38.7,675300,13.52,177515.0,25.118068,121.510116,唭哩岸站出口1,436,有電梯_7樓以上
房地(土地+建物)+車位,石牌路一段３９巷１４８號十樓之１,10.0,-3.0,1,45.52,715728,13.52,192308.0,25.118201,121.510085,唭哩岸站出口1,424,有電梯_7樓以上
房地(土地+建物)+車位,石牌路一段３９巷１４６號九樓之１,9.0,-3.0,1,45.52,668222,13.52,155325.0,25.118068,121.510116,唭哩岸站出口1,436,有電梯_7樓以上
房地(土地+建物)+車位,石牌路一段３９巷１４６號十一樓之３,11.0,-3.0,1,50.49,640005,13.52,155325.0,25.118068,121.510116,唭哩岸站出口1,436,有電梯_7樓以上
房地(土地+建物)+車位,石牌路一段３９巷１４６號十二樓,12.0,-3.0,1,38.7,699928,13.52,177515.0,25.118068,121.510116,唭哩岸站出口1,436,有電梯_7樓以上
房地(土地+建物),石牌路一段３９巷１４６號八樓,8.0,-3.0,1,25.17,670533,0.0,,25.118068,121.510116,唭哩岸站出口1,436,有電梯_7樓以上
房地(土地+建物)+車位,石牌路一段３９巷１４６號十樓,10.0,-3.0,1,38.7,687217,13.52,170118.0,25.118068,121.510116,唭哩岸站出口1,436,有電梯_7樓以上
房地(土地+建物)+車位,石牌路一段３９巷１４８號十二樓之３,12.0,-3.0,1,50.49,703302,13.52,162722.0,25.118201,121.510085,唭哩岸站出口1,424,有電梯_7樓以上
房地(土地+建物)+車位,石牌路一段３９巷１４６號八樓之３,8.0,-3.0,1,50.49,624586,13.52,155325.0,25.118068,121.510116,唭哩岸站出口1,436,有電梯_7樓以上
房地(土地+建物)+車位,石牌路一段３９巷１４８號十二樓之１,12.0,-3.0,1,45.52,683224,13.52,170118.0,25.118201,121.510085,唭哩岸站出口1,424,有電梯_7樓以上
房地(土地+建物)+車位,石牌路一段３９巷１４８號十二樓,12.0,-3.0,1,38.7,690394,13.52,170118.0,25.118201,121.510085,唭哩岸站出口1,424,有電梯_7樓以上
房地(土地+建物),石牌路一段３９巷１４６號十一樓之２,11.0,-3.0,1,19.03,690895,0.0,,25.118068,121.510116,唭哩岸站出口1,436,有電梯_7樓以上
房地(土地+建物)+車位,石牌路一段３９巷１４８號十一樓之５,11.0,-3.0,1,35.05,676491,13.52,162722.0,25.118201,121.510085,唭哩岸站出口1,424,有電梯_7樓以上
房地(土地+建物)+車位,石牌路一段３９巷１４６號十一樓之１,11.0,-3.0,1,45.52,705102,13.52,184911.0,25.118068,121.510116,唭哩岸站出口1,436,有電梯_7樓以上
房地(土地+建物)+車位,石牌路一段３９巷１４８號八樓之３,8.0,-3.0,1,50.49,693834,13.52,199704.0,25.118201,121.510085,唭哩岸站出口1,424,有電梯_7樓以上
房地(土地+建物)+車位,中央北路四段５４１巷１１號八樓,8.0,-3.0,1,42.16,530956,12.59,174742.0,25.127483,121.468327,關渡站出口1,254,有電梯_7樓以上
房地(土地+建物),中央北路四段５４１巷３號八樓,8.0,-3.0,1,28.48,509123,0.0,,25.12766,121.468387,關渡站出口1,275,有電梯_7樓以上
房地(土地+建物)+車位,中央北路四段５４１巷１３號十六樓,16.0,-3.0,1,61.16,582655,25.19,158793.0,25.127405,121.468199,關渡站出口1,241,有電梯_7樓以上
房地(土地+建物)+車位,中央北路四段５４１巷３號十一樓,11.0,-3.0,1,39.89,537564,11.41,157756.0,25.12766,121.468387,關渡站出口1,275,有電梯_7樓以上
房地(土地+建物)+車位,中央北路四段５４１巷１１號十六樓,16.0,-3.0,1,42.16,576273,12.59,158856.0,25.127483,121.468327,關渡站出口1,254,有電梯_7樓以上
房地(土地+建物)+車位,中央北路四段５４１巷１５號十樓,10.0,-3.0,1,51.65,565558,12.59,159651.0,25.127493,121.468118,關渡站出口1,247,有電梯_7樓以上
房地(土地+建物)+車位,中央北路四段５４１巷９號十一樓,11.0,-3.0,1,41.84,540251,12.59,174742.0,25.12756,121.468445,關渡站出口1,267,有電梯_7樓以上
房地(土地+建物)+車位,中央北路四段５４１巷３號九樓,9.0,-3.0,1,41.07,509825,12.59,165210.0,25.12766,121.468387,關渡站出口1,275,有電梯_7樓以上
房地(土地+建物),中央北路四段５４１巷９號八樓,8.0,-3.0,1,29.25,508793,0.0,,25.12756,121.468445,關渡站出口1,267,有電梯_7樓以上
房地(土地+建物)+車位,石牌路一段３９巷１４８號十樓,10.0,-3.0,1,38.7,687217,13.52,177515.0,25.118201,121.510085,唭哩岸站出口1,424,有電梯_7樓以上
房地(土地+建物),中央北路四段５４１巷１１號十樓,10.0,-3.0,1,29.57,527966,0.0,,25.127483,121.468327,關渡站出口1,254,有電梯_7樓以上
房地(土地+建物)+車位,中央北路四段５４１巷１３號九樓,9.0,-3.0,1,48.56,529883,12.59,182685.0,25.127405,121.468199,關渡站出口1,241,有電梯_7樓以上
房地(土地+建物)+車位,中央北路四段５４１巷１５號十六樓,16.0,-3.0,1,51.65,591161,12.59,166799.0,25.127493,121.468118,關渡站出口1,247,有電梯_7樓以上
房地(土地+建物)+車位,中央北路四段５４１巷１５號十五樓,15.0,-3.0,1,51.65,591161,12.59,166799.0,25.127493,121.468118,關渡站出口1,247,有電梯_7樓以上
房地(土地+建物)+車位,石牌路一段３９巷１４８號九樓之１,9.0,-3.0,1,45.52,687599,13.52,177515.0,25.118201,121.510085,唭哩岸站出口1,424,有電梯_7樓以上
房地(土地+建物)+車位,石牌路一段３９巷１４８號九樓,9.0,-3.0,1,38.7,671327,13.52,192308.0,25.118201,121.510085,唭哩岸站出口1,424,有電梯_7樓以上
房地(土地+建物),石牌路一段３９巷１４８號八樓,8.0,-3.0,1,25.17,675300,0.0,,25.118201,121.510085,唭哩岸站出口1,424,有電梯_7樓以上
房地(土地+建物),石牌路一段３９巷１４８號十三樓,13.0,-3.0,1,25.17,689600,0.0,,25.118201,121.510085,唭哩岸站出口1,424,有電梯_7樓以上
房地(土地+建物)+車位,石牌路一段３９巷１４６號十一樓,11.0,-3.0,1,38.7,693572,13.52,155325.0,25.118068,121.510116,唭哩岸站出口1,436,有電梯_7樓以上
房地(土地+建物),中央北路四段５４１巷５號八樓,8.0,-3.0,1,32.44,527175,0.0,,25.127724,121.468485,關渡站出口1,285,有電梯_7樓以上
房地(土地+建物)+車位,中央北路四段５４１巷５號十四樓,14.0,-3.0,1,45.03,575831,12.59,182685.0,25.127724,121.468485,關渡站出口1,285,有電梯_7樓以上
房地(土地+建物)+車位,中央北路四段５４１巷７號十四樓,14.0,-3.0,1,50.9,575896,12.59,182685.0,25.127635,121.468545,關渡站出口1,279,有電梯_7樓以上
房地(土地+建物)+車位,民權西路１６０巷２６弄１號十樓,10.0,-3.0,1,66.35,689325,9.76,286885.0,25.061697,121.515707,大橋頭站出口2,298,有電梯_7樓以上
房地(土地+建物)+車位,關渡路４６號八樓,8.0,10.0,1,102.78,799704,27.53,0.0,25.120568,121.469073,關渡站出口1,572,有電梯_7樓以上
房地(土地+建物),復興南路二段３２９號十八樓之２,18.0,35.0,1,42.74,959285,0.0,,25.023787,121.543568,科技大樓站出口,263,有電梯_7樓以上
房地(土地+建物)+車位,石牌路二段３１３號十二樓,12.0,1.0,1,59.36,986304,12.97,0.0,25.121686,121.523146,石牌站出口1,1091,有電梯_7樓以上
房地(土地+建物)+車位,中華路二段４１６巷５２號十四樓,14.0,9.0,1,52.56,639315,0.0,,25.027533,121.504739,龍山寺站出口3,932,有電梯_7樓以上
房地(土地+建物)+車位,忠孝東路五段３４５巷８號十一樓,11.0,13.0,1,97.25,848324,0.0,,25.041546,121.57359,永春站出口1,166,有電梯_7樓以上
房地(土地+建物),遼寧街２１１號十三樓之３,13.0,36.0,1,29.64,759137,0.0,,25.055216,121.542458,南京復興站出口1,290,有電梯_7樓以上
房地(土地+建物)+車位,麗山街１０５巷２３號十二樓,12.0,4.0,1,118.62,788373,41.27,273807.0,25.082899,121.57971,港墘站出口1,500,有電梯_7樓以上
房地(土地+建物)+車位,三民路１８號九樓之２,9.0,8.0,1,40.5,890514,0.0,,25.052761,121.563964,南京三民站出口1,147,有電梯_7樓以上
房地(土地+建物),龍江路２８８號八樓之３,8.0,22.0,1,11.12,816333,0.0,,25.061131,121.540674,中山國中站出口,335,有電梯_7樓以上
房地(土地+建物)+車位,敦化南路二段５６號十一樓之２,11.0,41.0,1,95.0,1226327,17.53,285225.0,25.030632,121.548405,信義安和站出口2,477,有電梯_7樓以上
房地(土地+建物),中華路二段５２０號十樓,10.0,43.0,1,18.1,676737,0.0,,25.025538,121.508239,小南門站出口3,1121,有電梯_7樓以上
房地(土地+建物)+車位,中華路二段３６４巷１５號十樓之３,10.0,9.0,1,48.36,665436,0.0,,25.028373,121.503805,龍山寺站出口3,814,有電梯_7樓以上
房地(土地+建物),文林路７６５號九樓之３,9.0,41.0,1,26.22,491922,0.0,,25.103292,121.518965,芝山站出口2,345,有電梯_7樓以上
房地(土地+建物),國興路５８號十二樓,12.0,43.0,1,18.1,696072,0.0,,25.025787,121.507072,小南門站出口3,1130,有電梯_7樓以上
房地(土地+建物),松山路４２１號十二樓之２,12.0,29.0,1,44.29,749966,0.0,,25.040496,121.578005,永春站出口4,146,有電梯_7樓以上
房地(土地+建物)+車位,忠孝東路四段５１２號九樓之３,9.0,42.0,1,69.11,1165432,19.08,0.0,25.041024,121.56237,市政府站出口2,271,有電梯_7樓以上
房地(土地+建物)+車位,金龍路２２９號九樓,9.0,30.0,1,35.89,624155,0.0,,25.088719,121.586983,內湖站出口1,919,有電梯_7樓以上
房地(土地+建物),和平西路三段３８４號八樓之１７,8.0,41.0,1,7.72,369181,0.0,,25.035338,121.491277,龍山寺站出口1,832,有電梯_7樓以上
房地(土地+建物)+車位,辛亥路五段６９之１號八樓,8.0,7.0,1,15.82,721946,1.97,761421.0,24.998343,121.553322,萬芳醫院站出口,460,有電梯_7樓以上
房地(土地+建物),大度路三段２２３號十二樓,12.0,32.0,1,54.4,413568,0.0,,25.122854,121.467501,關渡站出口1,288,有電梯_7樓以上
房地(土地+建物)+車位,汀州路三段６７號十樓,10.0,4.0,1,43.94,1179451,12.08,289735.0,25.017963,121.52828,台電大樓站出口1,187,有電梯_7樓以上
房地(土地+建物),敦化南路一段２３３巷３１號八樓之３,8.0,35.0,1,13.16,934311,0.0,,25.040494,121.551035,忠孝敦化站出口4,106,有電梯_7樓以上
房地(土地+建物),國興路１巷２號九樓之１,9.0,40.0,1,30.78,558112,0.0,,25.024241,121.508881,小南門站出口4,1249,有電梯_7樓以上
房地(土地+建物)+車位,內湖路三段７２巷６１號十二樓,12.0,28.0,1,36.0,680765,12.24,204248.0,25.088641,121.590828,內湖站出口1,645,有電梯_7樓以上
房地(土地+建物),市民大道三段１６９號九樓之１,9.0,14.0,1,20.56,556964,0.0,,25.044811,121.540648,忠孝復興站出口1,419,有電梯_7樓以上
房地(土地+建物)+車位,樂業街７５號十一樓,11.0,16.0,1,69.89,955343,10.54,0.0,25.021889,121.550994,六張犁站出口,280,有電梯_7樓以上
房地(土地+建物)+車位,忠孝東路二段６４巷２６號九樓,9.0,14.0,1,91.06,1043217,0.0,,25.042387,121.528191,忠孝新生站出口1,369,有電梯_7樓以上
房地(土地+建物)+車位,成功路四段６１巷５５號十樓,10.0,5.0,1,115.82,608698,0.0,,25.079737,121.593624,內湖站出口2,445,有電梯_7樓以上
房地(土地+建物),建國北路二段３５號十三樓之２,13.0,34.0,1,10.52,807681,0.0,,25.055296,121.537233,松江南京站出口6,487,有電梯_7樓以上
房地(土地+建物),興隆路四段１３３號十六樓,16.0,27.0,1,15.96,664166,0.0,,24.985418,121.561544,萬芳醫院站出口,1600,有電梯_7樓以上
房地(土地+建物)+車位,萬青街２０２號十樓,10.0,18.0,1,62.53,624983,0.0,,25.022493,121.501378,龍山寺站出口2,1412,有電梯_7樓以上
房地(土地+建物)+車位,天母北路５６號十五樓,15.0,2.0,1,67.37,1113433,11.73,234442.0,25.121533,121.52636,石牌站出口1,1336,有電梯_7樓以上
房地(土地+建物)+車位,天母北路５６號十五樓之１,15.0,2.0,1,55.52,1120808,11.73,213129.0,25.121533,121.52636,石牌站出口1,1336,有電梯_7樓以上
房地(土地+建物),民權東路三段１１５巷１號九樓之１,9.0,37.0,1,34.47,735361,0.0,,25.062392,121.545619,中山國中站出口,240,有電梯_7樓以上
房地(土地+建物),重慶北路三段２０３之３號十一樓之５,11.0,2.0,1,15.29,880062,0.0,,25.069939,121.513933,圓山站出口1,622,有電梯_7樓以上
房地(土地+建物)+車位,溫泉路６８巷６弄６號十樓之１,10.0,6.0,1,50.49,622727,11.15,215247.0,25.134554,121.505278,新北投站出口1,321,有電梯_7樓以上
房地(土地+建物)+車位,水源路３７之６號九樓,9.0,4.0,1,61.19,794297,8.32,0.0,25.018701,121.523885,台電大樓站出口4,430,有電梯_7樓以上
房地(土地+建物)+車位,松山路４２１號八樓之３,8.0,29.0,1,31.57,633475,0.0,,25.040496,121.578005,永春站出口4,146,有電梯_7樓以上
房地(土地+建物),和平東路三段１巷７２弄７號十樓,10.0,37.0,1,15.6,724492,0.0,,25.027814,121.546264,科技大樓站出口,323,有電梯_7樓以上
房地(土地+建物),三合街二段４５４號十三樓,13.0,24.0,1,14.87,705934,0.0,,25.127041,121.502182,奇岩站出口1,158,有電梯_7樓以上
房地(土地+建物),敦化南路二段２６７號十七樓之５,17.0,43.0,1,50.77,886324,0.0,,25.025298,121.549093,六張犁站出口,401,有電梯_7樓以上
房地(土地+建物),光復北路３號九樓之１,9.0,34.0,1,12.24,839721,0.0,,25.048613,121.557997,南京三民站出口2,588,有電梯_7樓以上
房地(土地+建物),忠順街一段４１巷１６號八樓,8.0,0.0,1,17.49,728966,0.0,,24.984786,121.558562,大坪林站出口5,1562,有電梯_7樓以上
房地(土地+建物)+車位,文德路９０巷４３號九樓,9.0,25.0,1,34.25,636571,0.0,,25.077224,121.583159,文德站出口2,192,有電梯_7樓以上
房地(土地+建物),新生北路三段４３號八樓之２５,8.0,44.0,1,15.65,651828,0.0,,25.065416,121.528038,中山國小站出口4,312,有電梯_7樓以上
房地(土地+建物),國興路１巷７號八樓之４,8.0,40.0,1,30.22,569222,0.0,,25.023906,121.509271,頂溪站出口2,1244,有電梯_7樓以上
房地(土地+建物)+車位,民權西路１６０巷２６弄１號十一樓之１,11.0,1.0,1,66.31,618012,9.76,226434.0,25.061697,121.515707,大橋頭站出口2,298,有電梯_7樓以上
房地(土地+建物)+車位,民權西路１６０巷２６弄１號十一樓,11.0,1.0,1,76.11,617340,19.52,226434.0,25.061697,121.515707,大橋頭站出口2,298,有電梯_7樓以上
房地(土地+建物)+車位,天母北路５６號十八樓之１,18.0,2.0,1,34.97,1205236,11.73,213129.0,25.121533,121.52636,石牌站出口1,1336,有電梯_7樓以上
房地(土地+建物),敦化南路二段９８號二十樓,20.0,37.0,1,55.17,1241552,0.0,,25.027988,121.548387,科技大樓站出口,520,有電梯_7樓以上
房地(土地+建物)+車位,忠孝東路六段９２號十三樓,13.0,7.0,1,87.29,909343,20.42,293830.0,25.047044,121.584298,後山埤站出口3,226,有電梯_7樓以上
房地(土地+建物),福德街３７３巷３７號十五樓,15.0,24.0,1,38.74,522524,0.0,,25.039076,121.591968,後山埤站出口3,1111,有電梯_7樓以上
房地(土地+建物),羅斯福路二段８巷８號九樓之１,9.0,11.0,1,25.62,1379852,0.0,,25.028662,121.520271,古亭站出口7,178,有電梯_7樓以上
房地(土地+建物),敦化南路二段４６號十四樓之１０,14.0,47.0,1,15.22,1202225,0.0,,25.031308,121.548271,信義安和站出口2,452,有電梯_7樓以上
房地(土地+建物)+車位,星雲街１６５號九樓之４,9.0,23.0,1,27.07,712869,0.0,,25.081047,121.596538,內湖站出口2,347,有電梯_7樓以上
房地(土地+建物),復興北路４５８號十樓之１,10.0,20.0,1,13.82,904803,0.0,,25.064372,121.544076,中山國中站出口,394,有電梯_7樓以上
房地(土地+建物),重慶北路四段２２２號八樓之５,8.0,5.0,1,25.83,619497,0.0,,25.085867,121.511468,劍潭站出口2,1368,有電梯_7樓以上
房地(土地+建物)+車位,和平東路四段６６巷１１號十六樓,16.0,25.0,1,84.45,460981,13.62,146843.0,25.006357,121.565959,萬芳社區站出口,899,有電梯_7樓以上
房地(土地+建物)+車位,和平東路四段６６巷１３號十六樓,16.0,25.0,1,83.91,464472,13.62,146843.0,25.006233,121.56583,萬芳社區站出口,890,有電梯_7樓以上
房地(土地+建物)+車位,水源路３７之２號九樓,9.0,4.0,1,35.43,855113,9.7,0.0,25.018701,121.523885,台電大樓站出口4,430,有電梯_7樓以上
房地(土地+建物)+車位,三合街一段３８號八樓,8.0,5.0,1,56.03,899535,13.78,0.0,25.127272,121.505932,奇岩站出口1,514,有電梯_7樓以上
房地(土地+建物)+車位,星雲街１５２號十五樓,15.0,27.0,1,70.54,607883,0.0,,25.0802,121.595991,內湖站出口2,407,有電梯_7樓以上
房地(土地+建物)+車位,民權東路六段２８０巷１５５弄１７號九樓,9.0,8.0,1,79.65,665452,0.0,,25.06894,121.607942,東湖站出口1,356,有電梯_7樓以上
房地(土地+建物)+車位,光輝路１５０號八樓,8.0,25.0,1,35.63,510828,0.0,,24.985183,121.55903,萬芳醫院站出口,1584,有電梯_7樓以上
房地(土地+建物),興順街１５５之２號十四樓,14.0,22.0,1,30.55,686756,0.0,,25.0014,121.545372,萬隆站出口2,586,有電梯_7樓以上
房地(土地+建物),北投路一段７７號十一樓之２,11.0,14.0,1,26.18,752357,0.0,,25.128417,121.500141,奇岩站出口1,269,有電梯_7樓以上
房地(土地+建物)+車位,石牌路二段３１１號十樓,10.0,1.0,1,55.17,948033,12.97,0.0,25.121647,121.523103,石牌站出口1,1085,有電梯_7樓以上
房地(土地+建物)+車位,溫泉路６８巷６弄６號九樓之１,9.0,6.0,1,50.49,612560,11.15,224215.0,25.134554,121.505278,新北投站出口1,321,有電梯_7樓以上
房地(土地+建物),文德路６２號八樓,8.0,38.0,1,40.96,576109,0.0,,25.078061,121.58111,文德站出口2,353,有電梯_7樓以上
房地(土地+建物),青年路３０巷４號十二樓之２,12.0,35.0,1,31.8,584929,0.0,,25.026328,121.504219,龍山寺站出口3,1044,有電梯_7樓以上
房地(土地+建物),敦化南路二段２６７號十四樓之２,14.0,43.0,1,30.24,1190561,0.0,,25.025298,121.549093,六張犁站出口,401,有電梯_7樓以上
房地(土地+建物)+車位,金龍路４７巷１３弄９號九樓,9.0,7.0,1,49.63,743037,0.0,,25.085224,121.594036,內湖站出口1,166,有電梯_7樓以上
房地(土地+建物)+車位,重慶北路四段２４３號十樓之１,10.0,11.0,1,35.21,681821,6.46,0.0,25.085741,121.51074,劍潭站出口2,1437,有電梯_7樓以上
房地(土地+建物)+車位,敦煌路８０巷１號八樓之３,8.0,15.0,1,37.39,649977,0.0,,25.075045,121.517726,圓山站出口2,436,有電梯_7樓以上
房地(土地+建物),和平西路三段３８４號八樓之２,8.0,41.0,1,8.94,441891,0.0,,25.035338,121.491277,龍山寺站出口1,832,有電梯_7樓以上
房地(土地+建物),中華路二段４１６巷１３號十二樓之４,12.0,35.0,1,30.87,421161,0.0,,25.027021,121.504194,龍山寺站出口3,969,有電梯_7樓以上
房地(土地+建物)+車位,南港路二段１５８號十七樓,17.0,26.0,1,48.31,981461,13.67,0.0,25.053838,121.600001,南港站出口1,675,有電梯_7樓以上
房地(土地+建物)+車位,延平北路六段３５０號十樓,10.0,22.0,1,43.63,471209,5.43,0.0,25.090676,121.501308,三和國中站出口2,2132,有電梯_7樓以上
房地(土地+建物)+車位,福美路２１６號九樓,9.0,5.0,1,57.74,664435,13.2,0.0,25.100853,121.504478,明德站出口3,1741,有電梯_7樓以上
房地(土地+建物),中正路７０７巷１５號十二樓,12.0,39.0,1,31.36,388991,0.0,,25.085038,121.506902,劍潭站出口2,1808,有電梯_7樓以上
房地(土地+建物)+車位,汀州路二段１６７號十五樓之２,15.0,1.0,1,33.58,835413,11.83,177515.0,25.024475,121.521342,古亭站出口2,233,有電梯_7樓以上
房地(土地+建物),瑞安街１４２巷８號十一樓之２,11.0,15.0,1,14.72,1102157,0.0,,25.029699,121.541753,大安站出口3,398,有電梯_7樓以上
房地(土地+建物)+車位,汀州路二段１６７號十五樓之１,15.0,1.0,1,39.88,834931,17.48,188787.0,25.024475,121.521342,古亭站出口2,233,有電梯_7樓以上
房地(土地+建物)+車位,汀州路四段２５７號八樓,8.0,12.0,1,58.14,601991,0.0,,25.001787,121.536147,萬隆站出口4,264,有電梯_7樓以上
房地(土地+建物),光復北路１１巷９７號十四樓之２,14.0,33.0,1,40.89,838735,0.0,,25.050436,121.562341,南京三民站出口2,114,有電梯_7樓以上
房地(土地+建物)+車位,金湖路６５巷９號十四樓,14.0,17.0,1,54.77,712061,0.0,,25.081908,121.596535,內湖站出口2,273,有電梯_7樓以上
房地(土地+建物),福興路９５巷５５號八樓,8.0,22.0,1,19.23,572116,0.0,,25.005355,121.547075,萬隆站出口3,867,有電梯_7樓以上
房地(土地+建物)+車位,清江路１７７巷２２號十樓,10.0,21.0,1,44.89,491413,0.0,,25.127985,121.502662,奇岩站出口1,268,有電梯_7樓以上
房地(土地+建物)+車位,重慶北路四段２２２號十二樓之５,12.0,5.0,1,37.28,770221,11.32,0.0,25.085867,121.511468,劍潭站出口2,1368,有電梯_7樓以上
房地(土地+建物)+車位,重陽路５８８號八樓,8.0,15.0,1,36.58,802508,10.78,324675.0,25.062941,121.614614,南港軟體園區站出口1,311,有電梯_7樓以上
房地(土地+建物)+車位,中央北路四段５４１巷１１號十七樓,17.0,1.0,1,42.16,777833,12.59,238284.0,25.127483,121.468327,關渡站出口1,254,有電梯_7樓以上
房地(土地+建物)+車位,環山路三段２３號九樓,9.0,9.0,1,43.77,844992,7.24,0.0,25.084363,121.579177,港墘站出口1,581,有電梯_7樓以上
房地(土地+建物)+車位,重陽路１９９巷２０號十樓之２,10.0,18.0,1,44.24,644161,0.0,,25.056988,121.599139,昆陽站出口4,893,有電梯_7樓以上
房地(土地+建物)+車位,復興北路４４８號八樓之９,8.0,14.0,1,22.55,938501,10.19,314033.0,25.064155,121.544044,中山國中站出口,370,有電梯_7樓以上
房地(土地+建物)+車位,環山路一段２８號八樓之３,8.0,13.0,1,104.6,764809,0.0,,25.085104,121.564969,西湖站出口1,351,有電梯_7樓以上
房地(土地+建物)+車位,中央北路四段５４１巷１５號十二樓,12.0,1.0,1,51.65,728646,12.59,246227.0,25.127493,121.468118,關渡站出口1,247,有電梯_7樓以上
房地(土地+建物)+車位,中央北路四段５４１巷５號九樓,9.0,1.0,1,45.03,647348,12.59,198570.0,25.127724,121.468485,關渡站出口1,285,有電梯_7樓以上
房地(土地+建物),基河路１２８號九樓之１４,9.0,26.0,1,8.51,694533,0.0,,25.088648,121.523185,劍潭站出口1,449,有電梯_7樓以上
房地(土地+建物),師大路１８４號十樓,10.0,40.0,1,40.87,750115,0.0,,25.021103,121.524645,台電大樓站出口4,267,有電梯_7樓以上
房地(土地+建物),健康路３５巷４號九樓,9.0,25.0,1,47.57,849255,0.0,,25.053673,121.554152,台北小巨蛋站出口4,269,有電梯_7樓以上
房地(土地+建物),基河路１２８號九樓之３,9.0,26.0,1,8.15,684464,0.0,,25.088648,121.523185,劍潭站出口1,449,有電梯_7樓以上
房地(土地+建物),辛亥路四段７７巷６２號十樓,10.0,28.0,1,24.86,583209,0.0,,25.007679,121.560888,辛亥站出口,483,有電梯_7樓以上
房地(土地+建物)+車位,重陽路１２５巷３６弄１０號八樓之１,8.0,15.0,1,33.15,703277,7.41,337382.0,25.057497,121.597103,昆陽站出口4,839,有電梯_7樓以上
房地(土地+建物)+車位,濟南路二段１５號九樓之５,9.0,15.0,1,19.71,1089448,5.55,0.0,25.041298,121.527651,善導寺站出口5,435,有電梯_7樓以上
房地(土地+建物),泉源路３６之２２號十一樓之１,11.0,33.0,1,12.56,346427,0.0,,25.140363,121.506481,新北投站出口1,481,有電梯_7樓以上
房地(土地+建物),中華路二段４１６巷９號十二樓之５,12.0,35.0,1,41.51,537233,0.0,,25.026797,121.504384,龍山寺站出口3,999,有電梯_7樓以上
房地(土地+建物)+車位,明水路５５５號十二樓之２２,12.0,26.0,1,22.82,670359,0.0,,25.079106,121.552099,大直站出口3,514,有電梯_7樓以上
房地(土地+建物)+車位,中央北路四段５４１巷１３號十三樓,13.0,1.0,1,48.56,722820,12.59,206513.0,25.127405,121.468199,關渡站出口1,241,有電梯_7樓以上
房地(土地+建物)+車位,磺港路１３２號十樓,10.0,8.0,1,80.04,768361,20.17,0.0,25.12935,121.502686,北投站出口2,398,有電梯_7樓以上
房地(土地+建物)+車位,石牌路二段３１１號十二樓,12.0,1.0,1,55.29,921641,12.97,200463.0,25.121647,121.523103,石牌站出口1,1085,有電梯_7樓以上
房地(土地+建物)+車位,中山北路五段７１２號八樓,8.0,3.0,1,59.79,1047990,11.53,260191.0,25.098049,121.527714,士林站出口1,472,有電梯_7樓以上
房地(土地+建物)+車位,石牌路二段３１１號九樓,9.0,1.0,1,55.38,896006,12.97,185042.0,25.121647,121.523103,石牌站出口1,1085,有電梯_7樓以上
房地(土地+建物)+車位,石牌路二段３１１號十一樓,11.0,1.0,1,54.97,909396,12.97,185042.0,25.121647,121.523103,石牌站出口1,1085,有電梯_7樓以上
房地(土地+建物)+車位,民權東路六段２８０巷１０號八樓,8.0,8.0,1,118.68,852842,38.36,0.0,25.071663,121.605932,葫洲站出口2,160,有電梯_7樓以上
房地(土地+建物)+車位,辛亥路五段６９號八樓,8.0,7.0,1,14.64,788783,1.97,761421.0,24.998257,121.553314,萬芳醫院站出口,463,有電梯_7樓以上
房地(土地+建物),復興南路二段１５１巷５２號十樓,10.0,37.0,1,31.06,809785,0.0,,25.028001,121.545914,科技大樓站出口,308,有電梯_7樓以上
房地(土地+建物),建國北路二段３５號十二樓之７,12.0,34.0,1,15.33,802313,0.0,,25.055296,121.537233,松江南京站出口6,487,有電梯_7樓以上
房地(土地+建物),星雲街１６３號九樓之７,9.0,23.0,1,10.88,952126,0.0,,25.08126,121.596442,內湖站出口2,322,有電梯_7樓以上
房地(土地+建物)+車位,中央北路三段４０巷３４弄１６號十三樓,13.0,10.0,1,55.67,547026,9.97,200602.0,25.139641,121.485967,復興崗站出口1,227,有電梯_7樓以上
房地(土地+建物),福德街４４９號十三樓,13.0,24.0,1,40.29,533592,0.0,,25.039357,121.593076,後山埤站出口3,1184,有電梯_7樓以上
房地(土地+建物),信義路五段１５０巷８號二十二樓之１,22.0,25.0,1,73.35,933839,0.0,,25.027899,121.570781,象山站出口2,505,有電梯_7樓以上
房地(土地+建物)+車位,松智路３３巷３號十一樓,11.0,24.0,1,50.54,930038,0.0,,25.030137,121.566033,台北101/世貿站出口4,376,有電梯_7樓以上
房地(土地+建物)+車位,文林北路８６號十八樓,18.0,10.0,1,178.22,577935,0.0,,25.105686,121.518089,明德站出口1,416,有電梯_7樓以上
房地(土地+建物)+車位,健康路２２５巷１１之２號八樓,8.0,30.0,1,47.0,797832,0.0,,25.054185,121.562445,南京三民站出口1,294,有電梯_7樓以上
房地(土地+建物),興隆路二段２０３巷６８號十樓,10.0,23.0,1,21.68,673521,0.0,,25.002875,121.54781,萬隆站出口2,845,有電梯_7樓以上
房地(土地+建物),哈密街５９巷７８弄９號十二樓之３,12.0,23.0,1,46.29,540056,0.0,,25.076071,121.514844,圓山站出口2,714,有電梯_7樓以上
房地(土地+建物),泉源路３４號九樓之２,9.0,24.0,1,19.73,349685,0.0,,25.140316,121.50683,新北投站出口1,499,有電梯_7樓以上
房地(土地+建物)+車位,忠孝東路六段１３０號十三樓,13.0,11.0,1,14.33,997948,0.0,,25.047922,121.585355,後山埤站出口3,365,有電梯_7樓以上
房地(土地+建物),國興路４８號十一樓之１,11.0,43.0,1,18.1,571774,0.0,,25.025405,121.507291,小南門站出口3,1163,有電梯_7樓以上
房地(土地+建物)+車位,臥龍街２９３號十樓之６,10.0,24.0,1,32.81,825526,5.67,317460.0,25.017119,121.558711,麟光站出口,160,有電梯_7樓以上
房地(土地+建物)+車位,敦煌路８０巷１號十二樓之１,12.0,15.0,1,37.07,943421,10.87,0.0,25.075045,121.517726,圓山站出口2,436,有電梯_7樓以上
房地(土地+建物)+車位,金湖路４０１巷３４號九樓,9.0,23.0,1,49.12,651467,0.0,,25.072761,121.603238,葫洲站出口2,400,有電梯_7樓以上
房地(土地+建物)+車位,文湖街２１巷９８弄６號八樓,8.0,14.0,1,19.78,738250,4.48,0.0,25.09061,121.560124,劍南路站出口1,745,有電梯_7樓以上
房地(土地+建物),敦化南路一段３０２號十三樓之１,13.0,47.0,1,41.54,1236813,0.0,,25.035907,121.548354,大安站出口6,510,有電梯_7樓以上
房地(土地+建物)+車位,北安路６０８巷１２號九樓,9.0,16.0,1,72.32,1255630,24.93,240674.0,25.081856,121.550128,大直站出口1,363,有電梯_7樓以上
房地(土地+建物)+車位,汀州路三段６５號十二樓,12.0,4.0,1,44.74,1269903,12.08,331126.0,25.017984,121.528252,台電大樓站出口1,185,有電梯_7樓以上
房地(土地+建物),和平東路二段３１１巷４３弄１９號八樓,8.0,37.0,1,33.65,846953,0.0,,25.02584,121.546112,科技大樓站出口,252,有電梯_7樓以上
房地(土地+建物)+車位,南京東路六段１４８號十二樓之１,12.0,16.0,1,30.11,780529,0.0,,25.055209,121.578849,松山站出口5,528,有電梯_7樓以上
房地(土地+建物)+車位,辛亥路七段５巷５號八樓,8.0,9.0,1,58.5,535055,8.64,254630.0,24.987479,121.553024,大坪林站出口5,1115,有電梯_7樓以上
房地(土地+建物)+車位,大業路４５２巷６號八樓之５,8.0,26.0,1,58.54,640558,0.0,,25.131582,121.497302,北投站出口1,117,有電梯_7樓以上
房地(土地+建物)+車位,經貿二路２３５巷２２號八樓,8.0,8.0,1,38.08,979493,3.78,502646.0,25.061154,121.614889,南港軟體園區站出口1,130,有電梯_7樓以上
房地(土地+建物)+車位,政大二街１３７號十四樓,14.0,26.0,1,55.71,363820,0.0,,24.989773,121.584732,動物園站出口2,1062,有電梯_7樓以上
房地(土地+建物)+車位,行善路１８９號十樓,10.0,1.0,1,38.44,1041084,9.63,332295.0,25.059612,121.581764,松山站出口5,1084,有電梯_7樓以上
房地(土地+建物)+車位,汀州路三段６３號十一樓,11.0,4.0,1,43.48,953974,0.0,,25.018005,121.528221,台電大樓站出口1,183,有電梯_7樓以上
房地(土地+建物),敦化南路二段１００號二十樓,20.0,37.0,1,55.41,1236197,0.0,,25.027901,121.548385,科技大樓站出口,516,有電梯_7樓以上
房地(土地+建物)+車位,景隆街３６巷２之７號八樓,8.0,29.0,1,59.78,537268,12.69,118203.0,24.998465,121.543774,萬隆站出口2,543,有電梯_7樓以上
房地(土地+建物)+車位,民生東路二段９３巷１５號九樓,9.0,1.0,1,84.39,952455,22.71,264201.0,25.058623,121.531057,行天宮站出口1,209,有電梯_7樓以上
房地(土地+建物)+車位,雙連街７５號十五樓,15.0,5.0,1,76.29,941372,21.69,295067.0,25.059864,121.519094,民權西路站出口3,218,有電梯_7樓以上
房地(土地+建物)+車位,汀州路三段６７號十樓之１,10.0,4.0,1,42.86,1218111,12.08,0.0,25.017963,121.52828,台電大樓站出口1,187,有電梯_7樓以上
房地(土地+建物),福國路１９之１號八樓,8.0,44.0,1,24.79,720053,0.0,,25.102048,121.524579,芝山站出口1,196,有電梯_7樓以上
房地(土地+建物)+車位,天母北路５６號十七樓之２,17.0,2.0,1,67.44,1139928,11.73,213129.0,25.121533,121.52636,石牌站出口1,1336,有電梯_7樓以上
房地(土地+建物)+車位,南港路二段１５２號十三樓,13.0,26.0,1,48.31,848097,13.67,182882.0,25.05384,121.600149,南港站出口1,661,有電梯_7樓以上
房地(土地+建物)+車位,吉利街３５９號九樓,9.0,8.0,1,67.82,715361,7.01,427960.0,25.117926,121.51228,石牌站出口1,445,有電梯_7樓以上
房地(土地+建物)+車位,瑞安街２５６巷１０號八樓,8.0,13.0,1,83.17,1199011,19.72,354970.0,25.027108,121.53911,科技大樓站出口,468,有電梯_7樓以上
房地(土地+建物)+車位,文德路２７３號九樓,9.0,14.0,1,47.42,808136,10.42,287908.0,25.079629,121.589039,文德站出口1,359,有電梯_7樓以上
房地(土地+建物),新生北路三段４３號十樓之１６,10.0,44.0,1,15.65,527214,0.0,,25.065416,121.528038,中山國小站出口4,312,有電梯_7樓以上
房地(土地+建物),承德路四段２９４號十二樓,12.0,34.0,1,43.7,599555,0.0,,25.089583,121.519113,劍潭站出口1,793,有電梯_7樓以上
房地(土地+建物)+車位,街８號十一樓之６,11.0,13.0,1,29.75,1013436,5.0,0.0,25.05467,121.606829,南港站出口2,300,有電梯_7樓以上
房地(土地+建物),四維路１７０巷３６號八樓之１２,8.0,13.0,1,10.74,1014731,0.0,,25.028196,121.546338,科技大樓站出口,354,有電梯_7樓以上
房地(土地+建物),中華路二段４８４巷８號十樓,10.0,31.0,1,36.84,646012,0.0,,25.026533,121.506711,小南門站出口3,1067,有電梯_7樓以上
房地(土地+建物)+車位,天母北路５６號二十三樓,23.0,2.0,1,65.44,1157297,11.73,328218.0,25.121533,121.52636,石牌站出口1,1336,有電梯_7樓以上
房地(土地+建物)+車位,長春路３４５號十二樓,12.0,35.0,1,69.64,596630,0.0,,25.054662,121.545185,南京復興站出口7,249,有電梯_7樓以上
房地(土地+建物),萬大路９０巷７號九樓之５,9.0,13.0,1,26.47,720686,0.0,,25.030231,121.499652,龍山寺站出口2,543,有電梯_7樓以上
房地(土地+建物)+車位,復興北路４２７巷２５號十一樓之９,11.0,14.0,1,13.71,1005601,3.47,0.0,25.063413,121.546383,中山國中站出口,376,有電梯_7樓以上
房地(土地+建物)+車位,長春路３４３號十三樓,13.0,35.0,1,72.26,604007,0.0,,25.054675,121.545117,南京復興站出口7,249,有電梯_7樓以上
房地(土地+建物)+車位,長春路３４７號十三樓,13.0,35.0,1,62.32,572805,0.0,,25.054661,121.545225,南京復興站出口7,250,有電梯_7樓以上
房地(土地+建物)+車位,長春路３４７號十一樓,11.0,35.0,1,62.32,512437,0.0,,25.054661,121.545225,南京復興站出口7,250,有電梯_7樓以上
房地(土地+建物)+車位,長春路３４７號十二樓,12.0,35.0,1,62.32,572805,0.0,,25.054661,121.545225,南京復興站出口7,250,有電梯_7樓以上
房地(土地+建物)+車位,長春路３４５號十三樓,13.0,35.0,1,69.64,596630,0.0,,25.054662,121.545185,南京復興站出口7,249,有電梯_7樓以上
房地(土地+建物),福德街３７３巷３９號十七樓,17.0,24.0,1,38.74,577771,0.0,,25.038964,121.591966,後山埤站出口3,1119,有電梯_7樓以上
房地(土地+建物)+車位,承德路七段３４２之１號十一樓,11.0,12.0,1,92.72,850065,30.37,0.0,25.117507,121.503933,唭哩岸站出口2,421,有電梯_7樓以上
房地(土地+建物)+車位,重慶北路四段２２２號十四樓之１,14.0,5.0,1,32.79,688430,5.66,0.0,25.085867,121.511468,劍潭站出口2,1368,有電梯_7樓以上
房地(土地+建物)+車位,民權東路六段２４８巷１號十樓之１,10.0,20.0,1,59.26,763926,9.51,0.0,25.067461,121.601693,葫洲站出口2,791,有電梯_7樓以上
房地(土地+建物)+車位,秀明路二段１１５巷１０號十八樓,18.0,25.0,1,98.52,446632,0.0,,24.991209,121.577993,動物園站出口2,764,有電梯_7樓以上
房地(土地+建物),中正路７０７巷２３號十樓,10.0,39.0,1,31.55,434222,0.0,,25.084765,121.506974,劍潭站出口2,1798,有電梯_7樓以上
房地(土地+建物)+車位,重慶北路三段１８０號九樓,9.0,8.0,1,65.98,666281,0.0,,25.069039,121.513534,大橋頭站出口3,589,有電梯_7樓以上
房地(土地+建物)+車位,三合街一段７１號八樓,8.0,7.0,1,96.72,686740,20.41,249878.0,25.126808,121.505416,奇岩站出口1,453,有電梯_7樓以上
房地(土地+建物)+車位,吳興街２８４巷８號十樓之２,10.0,8.0,1,35.48,982141,4.43,451467.0,25.025024,121.563707,台北101/世貿站出口3,858,有電梯_7樓以上
房地(土地+建物),汀州路二段１６７號十樓,10.0,1.0,1,28.54,822681,0.0,,25.024475,121.521342,古亭站出口2,233,有電梯_7樓以上
房地(土地+建物)+車位,興隆路二段６號九樓,9.0,6.0,1,85.07,809033,25.49,180463.0,24.998592,121.545232,萬隆站出口2,657,有電梯_7樓以上
房地(土地+建物)+車位,新生南路三段３６號十二樓,12.0,34.0,1,68.58,882147,0.0,,25.021921,121.533964,台電大樓站出口2,527,有電梯_7樓以上
房地(土地+建物),松仁路２４２號十六樓,16.0,26.0,1,34.35,963145,0.0,,25.02458,121.569398,象山站出口2,868,有電梯_7樓以上
房地(土地+建物)+車位,行善路２８１巷１９弄１０號八樓,8.0,12.0,1,116.92,752457,21.3,234742.0,25.061524,121.584586,松山站出口5,1399,有電梯_7樓以上
房地(土地+建物)+車位,市民大道三段１８８號八樓之１,8.0,6.0,1,113.24,1262257,15.0,533333.0,25.044427,121.538095,忠孝新生站出口3,533,有電梯_7樓以上
房地(土地+建物),泉源路５２號十一樓之２,11.0,22.0,1,28.48,484545,0.0,,25.140896,121.509466,新北投站出口1,741,有電梯_7樓以上
房地(土地+建物)+車位,汀州路四段２２３號十二樓,12.0,12.0,1,50.12,618464,0.0,,25.002711,121.535729,萬隆站出口4,287,有電梯_7樓以上
房地(土地+建物),新生北路三段４３號十樓之６,10.0,44.0,1,15.65,682502,0.0,,25.065416,121.528038,中山國小站出口4,312,有電梯_7樓以上
房地(土地+建物),木柵路二段１０９巷１００弄２２之１號八樓,8.0,26.0,1,12.41,479392,0.0,,24.992147,121.561421,萬芳醫院站出口,886,有電梯_7樓以上
房地(土地+建物)+車位,辛亥路四段２０９巷２２號二十三樓,23.0,2.0,1,36.95,912275,10.0,250000.0,25.002065,121.556004,萬芳醫院站出口,346,有電梯_7樓以上
房地(土地+建物)+車位,至誠路一段１３８號十三樓,13.0,4.0,1,162.42,954988,50.6,223320.0,25.101635,121.534763,士林站出口1,1219,有電梯_7樓以上
房地(土地+建物)+車位,中華路二段４１６巷５２號十四樓之３,14.0,9.0,1,62.75,613570,0.0,,25.027533,121.504739,龍山寺站出口3,932,有電梯_7樓以上
房地(土地+建物)+車位,金龍路２２２巷８號九樓之１,9.0,28.0,1,21.12,678583,9.18,228758.0,25.087891,121.585981,內湖站出口1,953,有電梯_7樓以上
房地(土地+建物)+車位,經貿二路２３５巷３７號九樓,9.0,7.0,1,90.73,936828,0.0,,25.061692,121.615952,南港軟體園區站出口1,146,有電梯_7樓以上
房地(土地+建物),永吉路１２０巷２０號九樓之６,9.0,15.0,1,17.12,993081,0.0,,25.044779,121.570191,市政府站出口4,495,有電梯_7樓以上
房地(土地+建物),萬芳路１０７巷１５號十樓,10.0,14.0,1,27.51,709136,0.0,,24.996559,121.562798,萬芳醫院站出口,599,有電梯_7樓以上
房地(土地+建物)+車位,天母北路５６號十一樓之３,11.0,2.0,1,59.05,994992,11.73,238704.0,25.121533,121.52636,石牌站出口1,1336,有電梯_7樓以上
房地(土地+建物),星雲街１６８巷３５號十五樓之７,15.0,25.0,1,11.65,777075,0.0,,25.079901,121.597014,內湖站出口2,481,有電梯_7樓以上
房地(土地+建物)+車位,興隆路四段１６５巷４０弄１５號九樓,9.0,8.0,1,62.09,426793,0.0,,24.98406,121.564134,萬芳社區站出口,1671,有電梯_7樓以上
房地(土地+建物)+車位,星雲街１６８巷２５號十三樓之１,13.0,27.0,1,39.72,591623,0.0,,25.080364,121.597009,內湖站出口2,437,有電梯_7樓以上
房地(土地+建物)+車位,稻香路１６１巷７號八樓、７號八樓之１,8.0,18.0,1,35.47,478450,2.03,591133.0,25.142022,121.488764,復興崗站出口1,591,有電梯_7樓以上
房地(土地+建物),安和路二段９０號十樓之２,10.0,33.0,1,67.54,1029034,0.0,,25.028851,121.550338,信義安和站出口2A,499,有電梯_7樓以上
房地(土地+建物),承德路四段３２３號九樓,9.0,37.0,1,36.21,560678,0.0,,25.090352,121.517738,士林站出口2,920,有電梯_7樓以上
房地(土地+建物)+車位,內湖路三段６０巷１２弄７７號十樓之２,10.0,28.0,1,40.25,642948,13.45,185874.0,25.089666,121.591298,內湖站出口1,723,有電梯_7樓以上
房地(土地+建物),哈密街５９巷７８弄１號十樓之１,10.0,23.0,1,44.38,538084,0.0,,25.076052,121.515526,圓山站出口2,663,有電梯_7樓以上
房地(土地+建物)+車位,內湖路一段４１１巷６２弄６號十樓,10.0,14.0,1,40.38,1014250,10.31,0.0,25.083509,121.571309,西湖站出口2,451,有電梯_7樓以上
房地(土地+建物)+車位,成功路四段６１巷５５號十四樓之１,14.0,5.0,1,90.71,903460,22.09,0.0,25.079737,121.593624,內湖站出口2,445,有電梯_7樓以上
房地(土地+建物)+車位,和平東路三段４１２號九樓之３,9.0,16.0,1,33.84,900089,11.88,252525.0,25.018069,121.558466,麟光站出口,56,有電梯_7樓以上
房地(土地+建物),福興路９５巷１７之５號十樓,10.0,14.0,1,29.82,569351,0.0,,25.004768,121.548896,辛亥站出口,820,有電梯_7樓以上
房地(土地+建物)+車位,金龍路４７巷１３弄５號十樓,10.0,7.0,1,90.13,631090,0.0,,25.085351,121.593945,內湖站出口1,181,有電梯_7樓以上
房地(土地+建物),汀州路二段１６７號十八樓之２,18.0,1.0,1,21.75,868178,0.0,,25.024475,121.521342,古亭站出口2,233,有電梯_7樓以上
房地(土地+建物)+車位,石牌路二段３１５巷１０弄７之１號八樓之１,8.0,15.0,1,35.21,713426,8.58,291375.0,25.12273,121.522769,石牌站出口1,1148,有電梯_7樓以上
房地(土地+建物),復興南路二段３２９號十八樓之１,18.0,35.0,1,34.84,797821,0.0,,25.023787,121.543568,科技大樓站出口,263,有電梯_7樓以上
房地(土地+建物),復興南路二段３２９號十八樓,18.0,35.0,1,33.16,797575,0.0,,25.023787,121.543568,科技大樓站出口,263,有電梯_7樓以上
房地(土地+建物),復興南路二段３２７號十八樓,18.0,35.0,1,32.28,797640,0.0,,25.023845,121.543569,科技大樓站出口,257,有電梯_7樓以上
建物,哈密街５９巷３８弄４９號十三樓之５,13.0,3.0,1,35.22,227144,0.0,,25.075163,121.514393,圓山站出口2,688,有電梯_7樓以上
房地(土地+建物),中華路二段５０４巷１６號十樓,10.0,43.0,1,13.94,642792,0.0,,25.025624,121.507519,小南門站出口3,1132,有電梯_7樓以上
房地(土地+建物)+車位,民權東路六段１８０巷１５８號九樓之２,9.0,11.0,1,72.54,676909,11.97,208855.0,25.065421,121.591536,文德站出口1,1589,有電梯_7樓以上
房地(土地+建物)+車位,長春路３４３號十一樓,11.0,35.0,1,72.26,643141,0.0,,25.054675,121.545117,南京復興站出口7,249,有電梯_7樓以上
房地(土地+建物)+車位,長春路３４３號十樓,10.0,35.0,1,72.26,625649,0.0,,25.054675,121.545117,南京復興站出口7,249,有電梯_7樓以上
房地(土地+建物)+車位,木柵路三段４８巷１弄５號九樓,9.0,26.0,1,63.79,501614,0.0,,24.987782,121.565148,萬芳社區站出口,1245,有電梯_7樓以上
房地(土地+建物),金龍路２２２巷８號九樓,9.0,28.0,1,24.8,797518,0.0,,25.087891,121.585981,內湖站出口1,953,有電梯_7樓以上
建物,哈密街５９巷３８弄５０號九樓,9.0,3.0,1,47.17,455839,0.0,,25.074843,121.514388,圓山站出口2,669,有電梯_7樓以上
房地(土地+建物),汀州路四段２６９號十樓,10.0,12.0,1,54.05,680805,0.0,,25.001308,121.535881,萬隆站出口1,304,有電梯_7樓以上
房地(土地+建物)+車位,長春路３４５號十一樓,11.0,35.0,1,69.64,618147,0.0,,25.054662,121.545185,南京復興站出口7,249,有電梯_7樓以上
房地(土地+建物)+車位,內湖路一段６５９號十一樓,11.0,12.0,1,53.58,1013892,13.64,183284.0,25.080257,121.575335,港墘站出口1,49,有電梯_7樓以上
房地(土地+建物)+車位,敦化南路二段６３巷６８號八樓,8.0,9.0,1,89.02,1058659,9.67,517063.0,25.03088,121.552138,信義安和站出口2A,223,有電梯_7樓以上
房地(土地+建物)+車位,四維路１９２巷１６號九樓,9.0,9.0,1,56.6,1163191,0.72,0.0,25.027261,121.546966,科技大樓站出口,357,有電梯_7樓以上
房地(土地+建物),建國北路三段７１號十一樓之８,11.0,7.0,1,26.65,877942,0.0,,25.065123,121.537204,行天宮站出口4,678,有電梯_7樓以上
房地(土地+建物),健康路１７４之２號八樓,8.0,44.0,1,27.57,797887,0.0,,25.053719,121.558693,南京三民站出口1,510,有電梯_7樓以上
房地(土地+建物)+車位,政大二街２１５巷１４號十樓,10.0,19.0,1,42.38,453074,0.0,,24.988896,121.587579,動物園站出口1,1298,有電梯_7樓以上
房地(土地+建物),信義路五段１５０巷３３０號十一樓,11.0,13.0,1,30.84,907828,0.0,,25.026533,121.570157,象山站出口2,650,有電梯_7樓以上
房地(土地+建物)+車位,長春路３４３號九樓,9.0,35.0,1,72.26,625649,0.0,,25.054675,121.545117,南京復興站出口7,249,有電梯_7樓以上
房地(土地+建物)+車位,辛亥路四段２０９巷１２號十五樓,15.0,2.0,1,62.92,829613,10.0,260000.0,25.002126,121.556218,萬芳醫院站出口,341,有電梯_7樓以上
房地(土地+建物)+車位,經貿二路２３３號十六樓,16.0,7.0,1,107.95,937733,8.91,336700.0,25.060692,121.61497,南港軟體園區站出口1,96,有電梯_7樓以上
房地(土地+建物),清江路６８號八樓之１,8.0,14.0,1,21.76,674670,0.0,,25.130443,121.501704,北投站出口2,261,有電梯_7樓以上
房地(土地+建物)+車位,辛亥路四段７７巷３７號十樓,10.0,25.0,1,46.96,499329,0.0,,25.00802,121.560412,辛亥站出口,470,有電梯_7樓以上
房地(土地+建物)+車位,健康路４０８號十樓,10.0,11.0,1,105.45,1100933,25.2,257937.0,25.054089,121.566535,南京三民站出口4,333,有電梯_7樓以上
房地(土地+建物)+車位,天母西路１１７巷３２弄６號十一樓,11.0,4.0,1,96.89,1159565,19.28,0.0,25.120177,121.524359,石牌站出口1,1085,有電梯_7樓以上
房地(土地+建物)+車位,三民路１８號八樓,8.0,8.0,1,45.37,874492,0.0,,25.052761,121.563964,南京三民站出口1,147,有電梯_7樓以上
房地(土地+建物)+車位,迪化街二段１５８號十三樓之６,13.0,1.0,1,50.26,768547,9.71,267765.0,25.066822,121.510066,大橋頭站出口1A,423,有電梯_7樓以上
房地(土地+建物)+車位,寶清街１０３之１０號九樓,9.0,4.0,1,40.4,698483,0.0,,25.053248,121.567733,南京三民站出口4,356,有電梯_7樓以上
房地(土地+建物),東新街１６８巷１８號九樓,9.0,10.0,1,26.97,908490,0.0,,25.046064,121.589731,昆陽站出口1,561,有電梯_7樓以上
房地(土地+建物),新生北路二段３１之１號八樓之２,8.0,44.0,1,21.71,626515,0.0,,25.054327,121.527753,松江南京站出口1,543,有電梯_7樓以上
房地(土地+建物),松山路４８２巷３０號八樓,8.0,37.0,1,23.83,902189,0.0,,25.03882,121.577786,永春站出口4,242,有電梯_7樓以上
房地(土地+建物)+車位,街６號十三樓之１,13.0,13.0,1,72.88,650099,0.0,,25.05467,121.606829,南港站出口2,300,有電梯_7樓以上
房地(土地+建物),重陽路４９９號九樓之２,9.0,16.0,1,13.61,808262,0.0,,25.061524,121.612387,南港軟體園區站出口1,372,有電梯_7樓以上
房地(土地+建物)+車位,光復南路４６巷３６號十一樓之３,11.0,1.0,1,51.98,1140472,0.0,,25.045734,121.554654,國父紀念館站出口1,478,有電梯_7樓以上
房地(土地+建物),忠誠路一段１４７巷１２號九樓,9.0,25.0,1,37.94,903472,0.0,,25.105647,121.530043,芝山站出口2,802,有電梯_7樓以上
房地(土地+建物)+車位,康寧路三段７５巷１３１號十一樓,11.0,23.0,1,37.54,741013,0.0,,25.074742,121.609471,葫洲站出口1,286,有電梯_7樓以上
房地(土地+建物)+車位,復興南路二段７８巷３０弄３號十四樓,14.0,34.0,1,60.8,1058009,12.08,331126.0,25.030875,121.542482,大安站出口5,254,有電梯_7樓以上
房地(土地+建物)+車位,汀州路二段１６７號十四樓之５,14.0,1.0,1,35.99,897480,12.48,192308.0,25.024475,121.521342,古亭站出口2,233,有電梯_7樓以上
房地(土地+建物)+車位,四維路６６巷８號十樓,10.0,27.0,1,52.52,993850,0.0,,25.034623,121.547484,大安站出口6,382,有電梯_7樓以上
房地(土地+建物)+車位,汀州路三段６０巷２弄２號九樓,9.0,21.0,1,46.99,803519,0.0,,25.015412,121.530835,公館站出口4,282,有電梯_7樓以上
房地(土地+建物)+車位,中和街２８號十五樓之１０,15.0,22.0,1,56.59,512471,0.0,,25.137951,121.502985,新北投站出口1,122,有電梯_7樓以上
房地(土地+建物)+車位,木柵路二段１０９巷１００弄７４號十五樓,15.0,26.0,1,30.6,479035,8.27,302297.0,24.992866,121.56186,萬芳醫院站出口,835,有電梯_7樓以上
房地(土地+建物),內湖路一段６６１號十五樓之３,15.0,11.0,1,16.65,1034261,0.0,,25.080209,121.575501,港墘站出口1,31,有電梯_7樓以上
房地(土地+建物),忠誠路一段１６３號九樓,9.0,30.0,1,43.96,846180,0.0,,25.107145,121.530289,芝山站出口2,881,有電梯_7樓以上
房地(土地+建物),福德街４５７號十四樓,14.0,24.0,1,38.86,619723,0.0,,25.039595,121.593376,昆陽站出口1,1194,有電梯_7樓以上
房地(土地+建物)+車位,和平東路四段６６巷７號十四樓,14.0,25.0,1,120.93,316704,0.0,,25.006501,121.565605,辛亥站出口,879,有電梯_7樓以上
房地(土地+建物),仁愛路四段２３０號十一樓之２,11.0,44.0,1,35.95,1009121,0.0,,25.037508,121.552177,忠孝敦化站出口3,430,有電梯_7樓以上
房地(土地+建物)+車位,民權東路六段２８０巷２２號九樓之１,9.0,18.0,1,53.36,702761,0.0,,25.071327,121.606414,葫洲站出口2,156,有電梯_7樓以上
房地(土地+建物)+車位,汀州路二段１６７號九樓之１,9.0,1.0,1,40.71,798645,12.48,188301.0,25.024475,121.521342,古亭站出口2,233,有電梯_7樓以上
房地(土地+建物)+車位,民生東路二段１１５巷８號十二樓,12.0,1.0,1,81.57,949754,22.71,264201.0,25.058592,121.531596,行天宮站出口1,156,有電梯_7樓以上
房地(土地+建物),民生東路二段９３巷１７號十二樓,12.0,1.0,1,75.82,910105,0.0,,25.058672,121.531057,行天宮站出口1,210,有電梯_7樓以上
房地(土地+建物)+車位,新富街１３５號十樓,10.0,9.0,1,78.88,897649,12.73,196386.0,25.060294,121.586004,昆陽站出口2,1297,有電梯_7樓以上
房地(土地+建物),金山南路一段１７號九樓,9.0,45.0,1,17.5,1045738,0.0,,25.040646,121.529312,忠孝新生站出口5,314,有電梯_7樓以上
房地(土地+建物)+車位,民生東路二段９３巷１５號十二樓,12.0,1.0,1,81.57,949754,22.71,264201.0,25.058623,121.531057,行天宮站出口1,209,有電梯_7樓以上
房地(土地+建物),國興路１巷１１號十一樓之１,11.0,40.0,1,30.78,552264,0.0,,25.023523,121.509085,頂溪站出口2,1217,有電梯_7樓以上
房地(土地+建物),安和路二段６５號十樓,10.0,42.0,1,45.23,1029922,0.0,,25.030627,121.552568,信義安和站出口2A,247,有電梯_7樓以上
房地(土地+建物)+車位,北安路６０８巷４弄６之５號十三樓,13.0,29.0,1,96.83,702261,0.0,,25.081415,121.549307,大直站出口1,267,有電梯_7樓以上
房地(土地+建物),敦化南路二段２６７號十二樓之６,12.0,43.0,1,40.79,975825,0.0,,25.025298,121.549093,六張犁站出口,401,有電梯_7樓以上
房地(土地+建物)+車位,忠孝東路四段２４８巷２９號十二樓之２,12.0,35.0,1,89.88,1337355,10.62,0.0,25.039509,121.554383,國父紀念館站出口2,289,有電梯_7樓以上
房地(土地+建物)+車位,民權東路六段１８０巷６６號八樓之６,8.0,13.0,1,30.46,844906,4.19,0.0,25.066578,121.592517,文德站出口1,1513,有電梯_7樓以上
房地(土地+建物)+車位,牯嶺街９５巷１２號十樓,10.0,1.0,1,52.41,850060,0.0,,25.02602,121.519846,古亭站出口8,236,有電梯_7樓以上
房地(土地+建物)+車位,西藏路１１３號八樓,8.0,11.0,1,64.26,616276,0.0,,25.029604,121.503054,龍山寺站出口3,663,有電梯_7樓以上
房地(土地+建物),泉源路３４號十樓之１,10.0,24.0,1,13.56,582551,0.0,,25.140316,121.50683,新北投站出口1,499,有電梯_7樓以上
房地(土地+建物)+車位,忠孝東路二段６４巷２８號九樓,9.0,14.0,1,91.06,1320555,11.55,0.0,25.042331,121.528038,忠孝新生站出口1,385,有電梯_7樓以上
房地(土地+建物)+車位,五常街１１巷５號十二樓之１,12.0,3.0,1,46.61,948997,10.62,216573.0,25.064522,121.537885,行天宮站出口4,676,有電梯_7樓以上
房地(土地+建物),四維路１９８巷２１弄４號十一樓,11.0,37.0,1,30.54,749098,0.0,,25.027292,121.546171,科技大樓站出口,285,有電梯_7樓以上
房地(土地+建物)+車位,汀州路二段１６７號十七樓,17.0,1.0,1,32.77,879802,12.48,188301.0,25.024475,121.521342,古亭站出口2,233,有電梯_7樓以上
房地(土地+建物)+車位,大度路三段２９５號十一樓之１,11.0,13.0,1,62.95,583687,12.12,206271.0,25.122922,121.466774,關渡站出口1,282,有電梯_7樓以上
房地(土地+建物)+車位,指南路一段５７號十一樓,11.0,16.0,1,63.3,557103,10.35,241546.0,24.98781,121.571024,木柵站出口,1177,有電梯_7樓以上
房地(土地+建物)+車位,吳興街２８４巷２之１號十三樓,13.0,21.0,1,38.17,817474,0.0,,25.026324,121.564169,台北101/世貿站出口3,716,有電梯_7樓以上
房地(土地+建物)+車位,興隆路四段１６５巷４０弄１９號十樓之１,10.0,8.0,1,65.73,616752,16.28,153563.0,24.984071,121.564351,萬芳社區站出口,1664,有電梯_7樓以上
房地(土地+建物),康寧路三段９９巷３９弄２３號八樓,8.0,27.0,1,39.42,664710,0.0,,25.0736,121.610487,葫洲站出口1,272,有電梯_7樓以上
房地(土地+建物),建國南路二段１９７號九樓,9.0,37.0,1,43.28,1051328,0.0,,25.027184,121.538101,科技大樓站出口,569,有電梯_7樓以上
房地(土地+建物)+車位,金龍路４７巷１３弄１１號九樓,9.0,7.0,1,92.86,710784,0.0,,25.085351,121.594039,內湖站出口1,180,有電梯_7樓以上
房地(土地+建物)+車位,五常街１１巷５號十三樓之１,13.0,3.0,1,46.61,955389,10.62,216573.0,25.064522,121.537885,行天宮站出口4,676,有電梯_7樓以上
房地(土地+建物),汀州路二段１６７號九樓之２,9.0,1.0,1,23.25,833436,0.0,,25.024475,121.521342,古亭站出口2,233,有電梯_7樓以上
房地(土地+建物),福德街４３７號十四樓,14.0,24.0,1,39.73,528524,0.0,,25.03993,121.593101,後山埤站出口3,1152,有電梯_7樓以上
房地(土地+建物),景福街５４巷５弄２３號八樓,8.0,23.0,1,37.54,639315,0.0,,24.999872,121.536872,萬隆站出口1,263,有電梯_7樓以上
房地(土地+建物)+車位,民權東路二段１３５巷３２號八樓,8.0,7.0,1,32.49,782415,3.48,517241.0,25.064321,121.534877,行天宮站出口4,479,有電梯_7樓以上
房地(土地+建物)+車位,中山北路六段１９５巷８號十一樓之１,11.0,14.0,1,54.04,1059471,11.02,0.0,25.107957,121.524427,芝山站出口2,504,有電梯_7樓以上
房地(土地+建物)+車位,新豐街１０６號八樓之１,8.0,13.0,1,55.26,714834,0.0,,25.060833,121.584692,松山站出口5,1338,有電梯_7樓以上
房地(土地+建物)+車位,松江路１７０巷１１號十樓,10.0,4.0,1,110.46,803845,45.53,193279.0,25.056122,121.531364,行天宮站出口1,278,有電梯_7樓以上
房地(土地+建物)+車位,民生東路二段１１５巷１０號十二樓,12.0,1.0,1,98.53,962864,22.71,264201.0,25.058632,121.531595,行天宮站出口1,158,有電梯_7樓以上
房地(土地+建物)+車位,汀州路二段１６７號十樓之２,10.0,0.0,1,35.73,819674,12.48,188301.0,25.024475,121.521342,古亭站出口2,233,有電梯_7樓以上
房地(土地+建物)+車位,重陽路３７８號八樓,8.0,17.0,1,42.1,788965,13.35,194757.0,25.059022,121.61005,南港軟體園區站出口1,605,有電梯_7樓以上
房地(土地+建物)+車位,民生東路二段１１５巷８號八樓,8.0,0.0,1,84.39,938351,22.71,264201.0,25.058592,121.531596,行天宮站出口1,156,有電梯_7樓以上
房地(土地+建物)+車位,民權西路１６０巷１８弄６號十樓,10.0,0.0,1,43.3,727435,0.0,,25.062139,121.515417,大橋頭站出口2,247,有電梯_7樓以上
房地(土地+建物)+車位,五常街１１巷７號八樓之１,8.0,2.0,1,69.2,798404,22.13,194306.0,25.064767,121.537842,行天宮站出口4,692,有電梯_7樓以上
房地(土地+建物)+車位,民權西路１６０巷１８弄８號九樓,9.0,0.0,1,64.23,614412,19.52,206967.0,25.062139,121.515256,大橋頭站出口2,233,有電梯_7樓以上
房地(土地+建物)+車位,重陽路２５號八樓,8.0,-1.0,1,32.55,968226,8.09,296663.0,25.055824,121.595325,昆陽站出口4,604,有電梯_7樓以上
房地(土地+建物)+車位,重陽路２７號九樓,9.0,-1.0,1,54.92,956102,8.09,346106.0,25.055882,121.595295,昆陽站出口4,609,有電梯_7樓以上
房地(土地+建物)+車位,重陽路２５號九樓,9.0,-1.0,1,32.55,972315,8.09,346106.0,25.055824,121.595325,昆陽站出口4,604,有電梯_7樓以上
房地(土地+建物)+車位,重陽路２９號九樓,9.0,-1.0,1,51.06,946411,7.44,322581.0,25.055867,121.595185,昆陽站出口4,605,有電梯_7樓以上
房地(土地+建物)+車位,重陽路３號八樓,8.0,-1.0,1,32.86,922311,8.09,346106.0,25.05525,121.595311,昆陽站出口4,542,有電梯_7樓以上
房地(土地+建物)+車位,重陽路２３號九樓,9.0,-1.0,1,31.9,972436,7.44,322581.0,25.05576,121.59536,昆陽站出口4,598,有電梯_7樓以上
房地(土地+建物)+車位,重陽路２９號八樓,8.0,-1.0,1,51.71,941826,8.09,321384.0,25.055867,121.595185,昆陽站出口4,605,有電梯_7樓以上
房地(土地+建物)+車位,民權西路１６０巷１８弄６號十六樓之３,16.0,0.0,1,51.23,659753,0.0,,25.062139,121.515417,大橋頭站出口2,247,有電梯_7樓以上
房地(土地+建物)+車位,重陽路１９號十一樓,11.0,-1.0,1,23.88,934920,8.09,296663.0,25.055311,121.595164,昆陽站出口4,545,有電梯_7樓以上
房地(土地+建物)+車位,重陽路１號十一樓,11.0,-1.0,1,48.89,896477,8.09,346106.0,25.055206,121.59522,昆陽站出口4,535,有電梯_7樓以上
房地(土地+建物)+車位,重陽路３號十一樓,11.0,-1.0,1,32.22,936439,7.44,349462.0,25.05525,121.595311,昆陽站出口4,542,有電梯_7樓以上
房地(土地+建物)+車位,西安街二段２６１號十二樓,12.0,-1.0,1,52.51,801494,12.23,220769.0,25.120294,121.507334,唭哩岸站出口1,62,有電梯_7樓以上
房地(土地+建物)+車位,重陽路１３號十樓,10.0,-1.0,1,43.93,837050,8.09,346106.0,25.055495,121.595456,昆陽站出口4,572,有電梯_7樓以上
房地(土地+建物)+車位,大安路二段８０號二十樓,20.0,-1.0,1,94.3,1404093,20.59,281690.0,25.031641,121.545821,大安站出口4,248,有電梯_7樓以上
房地(土地+建物)+車位,民權西路１６０巷１８弄８號十樓之１,10.0,-1.0,1,28.21,714502,9.76,245902.0,25.062139,121.515256,大橋頭站出口2,233,有電梯_7樓以上
房地(土地+建物)+車位,汀州路二段１６７號十二樓之３,12.0,-1.0,1,38.74,844728,12.48,192308.0,25.024475,121.521342,古亭站出口2,233,有電梯_7樓以上
房地(土地+建物)+車位,汀州路二段１６７號十四樓之３,14.0,-1.0,1,34.49,834894,8.74,205950.0,25.024475,121.521342,古亭站出口2,233,有電梯_7樓以上
房地(土地+建物)+車位,汀州路二段１６７號十一樓之３,11.0,-1.0,1,34.94,824634,8.74,205950.0,25.024475,121.521342,古亭站出口2,233,有電梯_7樓以上
房地(土地+建物),汀州路二段１６７號九樓之３,9.0,-1.0,1,26.19,862911,0.0,,25.024475,121.521342,古亭站出口2,233,有電梯_7樓以上
房地(土地+建物)+車位,行善路１８９號十五樓,15.0,-1.0,1,38.44,877981,9.63,280374.0,25.059612,121.581764,松山站出口5,1084,有電梯_7樓以上
房地(土地+建物)+車位,行善路１８９號十一樓,11.0,-1.0,1,38.44,873817,9.63,249221.0,25.059612,121.581764,松山站出口5,1084,有電梯_7樓以上
房地(土地+建物)+車位,重陽路９號九樓,9.0,-2.0,1,49.02,889297,8.09,309023.0,25.055345,121.595545,昆陽站出口4,559,有電梯_7樓以上
房地(土地+建物)+車位,行善路１９５號八樓,8.0,-1.0,1,69.7,839016,9.63,290758.0,25.059818,121.581868,松山站出口5,1109,有電梯_7樓以上
房地(土地+建物)+車位,汀州路二段１６７號八樓之５,8.0,-1.0,1,41.75,815173,12.48,224359.0,25.024475,121.521342,古亭站出口2,233,有電梯_7樓以上
房地(土地+建物)+車位,汀州路二段１６７號十二樓之２,12.0,-1.0,1,31.5,848089,8.74,171625.0,25.024475,121.521342,古亭站出口2,233,有電梯_7樓以上
房地(土地+建物)+車位,行善路１９５號十一樓,11.0,-1.0,1,78.24,839016,18.17,275179.0,25.059818,121.581868,松山站出口5,1109,有電梯_7樓以上
房地(土地+建物)+車位,行善路１８５號十二樓,12.0,-1.0,1,40.55,824749,9.63,269990.0,25.059626,121.581933,松山站出口5,1091,有電梯_7樓以上
房地(土地+建物),汀州路二段１６７號十三樓之２,13.0,-1.0,1,22.75,851718,0.0,,25.024475,121.521342,古亭站出口2,233,有電梯_7樓以上
房地(土地+建物)+車位,民生東路二段１１５巷８號十樓,10.0,-1.0,1,73.45,940508,11.36,281690.0,25.058592,121.531596,行天宮站出口1,156,有電梯_7樓以上
房地(土地+建物)+車位,石牌路二段３１３號十四樓,14.0,-1.0,1,59.34,747297,12.97,161912.0,25.121686,121.523146,石牌站出口1,1091,有電梯_7樓以上
房地(土地+建物)+車位,石牌路二段３０９號十三樓,13.0,-1.0,1,66.76,756682,12.97,177332.0,25.121607,121.523048,石牌站出口1,1078,有電梯_7樓以上
房地(土地+建物)+車位,汀州路二段１６７號九樓,9.0,-1.0,1,40.37,802359,11.83,177515.0,25.024475,121.521342,古亭站出口2,233,有電梯_7樓以上
房地(土地+建物)+車位,石牌路二段３１３號十三樓,13.0,-1.0,1,59.32,746510,12.97,161912.0,25.121686,121.523146,石牌站出口1,1091,有電梯_7樓以上
房地(土地+建物)+車位,重陽路２１號八樓,8.0,-2.0,1,54.92,814544,8.09,333745.0,25.05569,121.595403,昆陽站出口4,592,有電梯_7樓以上
房地(土地+建物)+車位,行善路２０３號十三樓,13.0,-1.0,1,54.97,861901,9.63,290758.0,25.060093,121.582238,松山站出口5,1151,有電梯_7樓以上
房地(土地+建物)+車位,汀州路二段１６７號十五樓之３,15.0,-1.0,1,38.22,848784,12.48,180288.0,25.024475,121.521342,古亭站出口2,233,有電梯_7樓以上
房地(土地+建物)+車位,汀州路二段１６７號八樓,8.0,-1.0,1,41.02,804461,12.48,180288.0,25.024475,121.521342,古亭站出口2,233,有電梯_7樓以上
房地(土地+建物)+車位,石牌路二段３１１號十四樓,14.0,-1.0,1,52.9,766516,12.97,146492.0,25.121647,121.523103,石牌站出口1,1085,有電梯_7樓以上
房地(土地+建物)+車位,石牌路二段３１３號九樓,9.0,-1.0,1,74.43,729761,25.95,154143.0,25.121686,121.523146,石牌站出口1,1091,有電梯_7樓以上
房地(土地+建物),忠順街一段４１巷２０號八樓,8.0,-3.0,1,17.98,552634,0.0,,24.984872,121.558536,大坪林站出口5,1561,有電梯_7樓以上
房地(土地+建物),忠順街一段４１巷１８號八樓,8.0,-3.0,1,18.12,583894,0.0,,24.984838,121.558624,大坪林站出口5,1569,有電梯_7樓以上
房地(土地+建物)+車位,汀州路二段１６７號十三樓之５,13.0,-2.0,1,41.75,817565,12.48,188301.0,25.024475,121.521342,古亭站出口2,233,有電梯_7樓以上
房地(土地+建物)+車位,汀州路二段１６７號十一樓,11.0,-2.0,1,41.02,817425,12.48,180288.0,25.024475,121.521342,古亭站出口2,233,有電梯_7樓以上
房地(土地+建物)+車位,行善路１９９號八樓,8.0,-2.0,1,39.71,830136,8.54,281030.0,25.059993,121.582096,松山站出口5,1135,有電梯_7樓以上
房地(土地+建物)+車位,行善路１９５號十二樓,12.0,-2.0,1,119.87,808890,28.89,290758.0,25.059818,121.581868,松山站出口5,1109,有電梯_7樓以上
房地(土地+建物)+車位,西安街二段２６１號十樓,10.0,-3.0,1,64.92,766374,24.47,200245.0,25.120294,121.507334,唭哩岸站出口1,62,有電梯_7樓以上
房地(土地+建物)+車位,西安街二段２６１號十二樓之１,12.0,-3.0,1,51.03,814399,12.23,220769.0,25.120294,121.507334,唭哩岸站出口1,62,有電梯_7樓以上
房地(土地+建物)+車位,汀州路二段１６７號十樓之３,10.0,-2.0,1,38.67,827784,12.48,188301.0,25.024475,121.521342,古亭站出口2,233,有電梯_7樓以上
房地(土地+建物)+車位,汀州路二段１６７號十樓之５,10.0,-2.0,1,41.75,829181,12.48,188301.0,25.024475,121.521342,古亭站出口2,233,有電梯_7樓以上
房地(土地+建物)+車位,行善路１９５號十樓,10.0,-2.0,1,79.32,837394,19.26,269990.0,25.059818,121.581868,松山站出口5,1109,有電梯_7樓以上
房地(土地+建物)+車位,忠順街一段４１巷１８號九樓,9.0,-3.0,1,22.79,574452,4.2,357143.0,24.984838,121.558624,大坪林站出口5,1569,有電梯_7樓以上
房地(土地+建物),忠順街一段４１巷１６號八樓,8.0,-3.0,1,17.49,667790,0.0,,24.984786,121.558562,大坪林站出口5,1562,有電梯_7樓以上
房地(土地+建物)+車位,汀州路二段１６７號十四樓之１,14.0,-2.0,1,35.22,863049,12.48,188301.0,25.024475,121.521342,古亭站出口2,233,有電梯_7樓以上
房地(土地+建物)+車位,汀州路二段１６７號十四樓,14.0,-2.0,1,33.07,842595,12.48,188301.0,25.024475,121.521342,古亭站出口2,233,有電梯_7樓以上
房地(土地+建物)+車位,石牌路二段３０９號十樓,10.0,-2.0,1,80.1,746070,25.95,192678.0,25.121607,121.523048,石牌站出口1,1078,有電梯_7樓以上
房地(土地+建物)+車位,民權西路１６０巷１８弄８號十七樓之６,17.0,-2.0,1,54.52,714862,9.76,225410.0,25.062139,121.515256,大橋頭站出口2,233,有電梯_7樓以上
房地(土地+建物)+車位,民權西路１６０巷１８弄６號十四樓之２,14.0,-2.0,1,51.23,684788,9.76,225410.0,25.062139,121.515417,大橋頭站出口2,247,有電梯_7樓以上
房地(土地+建物)+車位,民權西路１６０巷１８弄６號十五樓之１,15.0,-2.0,1,35.79,739913,9.76,235656.0,25.062139,121.515417,大橋頭站出口2,247,有電梯_7樓以上
房地(土地+建物)+車位,西安街二段２０１號十三樓之１,13.0,-3.0,1,43.02,709131,10.55,270142.0,25.119663,121.510481,唭哩岸站出口1,377,有電梯_7樓以上
房地(土地+建物),汀州路二段１６７號八樓之３,8.0,-2.0,1,26.19,827784,0.0,,25.024475,121.521342,古亭站出口2,233,有電梯_7樓以上
房地(土地+建物)+車位,石牌路二段３０９號十一樓,11.0,-2.0,1,78.8,776775,25.95,192678.0,25.121607,121.523048,石牌站出口1,1078,有電梯_7樓以上
房地(土地+建物)+車位,西安街二段２０３號十三樓,13.0,-3.0,1,62.92,721722,10.55,260664.0,25.11974,121.510091,唭哩岸站出口1,337,有電梯_7樓以上
房地(土地+建物)+車位,西安街二段２０３號十四樓之１,14.0,-3.0,1,53.57,717445,21.1,272512.0,25.11974,121.510091,唭哩岸站出口1,337,有電梯_7樓以上
房地(土地+建物)+車位,民生東路二段１１５巷１２號九樓,9.0,-2.0,1,47.46,886271,11.36,290493.0,25.058685,121.531591,行天宮站出口1,160,有電梯_7樓以上
房地(土地+建物)+車位,民權西路１６０巷１８弄６號十四樓之５,14.0,-2.0,1,35.79,760658,9.76,245902.0,25.062139,121.515417,大橋頭站出口2,247,有電梯_7樓以上
房地(土地+建物)+車位,民權西路１６０巷１８弄８號十六樓之３,16.0,-2.0,1,49.88,692965,9.76,307377.0,25.062139,121.515256,大橋頭站出口2,233,有電梯_7樓以上
房地(土地+建物)+車位,西安街二段２０１號十二樓之３,12.0,-3.0,1,60.27,717374,21.1,241706.0,25.119663,121.510481,唭哩岸站出口1,377,有電梯_7樓以上
房地(土地+建物)+車位,石牌路二段３１１號十三樓,13.0,-2.0,1,54.6,751971,12.97,177332.0,25.121647,121.523103,石牌站出口1,1085,有電梯_7樓以上
房地(土地+建物)+車位,汀州路二段１６７號十一樓之５,11.0,-2.0,1,41.75,828839,12.48,188301.0,25.024475,121.521342,古亭站出口2,233,有電梯_7樓以上
房地(土地+建物)+車位,石牌路二段３０９號九樓,9.0,-2.0,1,79.63,748903,25.95,177264.0,25.121607,121.523048,石牌站出口1,1078,有電梯_7樓以上
房地(土地+建物)+車位,石牌路二段３０７號十一樓,11.0,-2.0,1,87.39,787752,25.95,177264.0,25.121563,121.522994,石牌站出口1,1070,有電梯_7樓以上
房地(土地+建物)+車位,民權西路１６０巷１８弄６號十六樓之２,16.0,-2.0,1,51.23,699357,9.76,266393.0,25.062139,121.515417,大橋頭站出口2,247,有電梯_7樓以上
房地(土地+建物),汀州路二段１６７號八樓之２,8.0,-2.0,1,23.25,811933,0.0,,25.024475,121.521342,古亭站出口2,233,有電梯_7樓以上
房地(土地+建物),汀州路二段１６７號十一樓之２,11.0,-2.0,1,23.25,825695,0.0,,25.024475,121.521342,古亭站出口2,233,有電梯_7樓以上
房地(土地+建物)+車位,民權西路１６０巷１８弄８號十四樓之３,14.0,-2.0,1,49.88,679504,9.76,307377.0,25.062139,121.515256,大橋頭站出口2,233,有電梯_7樓以上
房地(土地+建物)+車位,西安街二段２０３號八樓之１,8.0,-3.0,1,43.03,692132,10.55,213270.0,25.11974,121.510091,唭哩岸站出口1,337,有電梯_7樓以上
房地(土地+建物)+車位,民權西路１６０巷１８弄６號十三樓之２,13.0,-2.0,1,51.23,687199,9.76,286885.0,25.062139,121.515417,大橋頭站出口2,247,有電梯_7樓以上
房地(土地+建物)+車位,民權西路１６０巷１８弄６號十七樓之２,17.0,-2.0,1,51.23,711311,9.76,286885.0,25.062139,121.515417,大橋頭站出口2,247,有電梯_7樓以上
房地(土地+建物)+車位,民權西路１６０巷１８弄６號十一樓之２,11.0,-2.0,1,51.23,674661,9.76,245902.0,25.062139,121.515417,大橋頭站出口2,247,有電梯_7樓以上
房地(土地+建物)+車位,西安街二段２０１號十樓之１,10.0,-3.0,1,43.02,681419,10.55,232227.0,25.119663,121.510481,唭哩岸站出口1,377,有電梯_7樓以上
房地(土地+建物)+車位,西安街二段２０３號十一樓,11.0,-3.0,1,73.37,726884,21.1,253555.0,25.11974,121.510091,唭哩岸站出口1,337,有電梯_7樓以上
房地(土地+建物)+車位,民權西路１６０巷１８弄６號十五樓之２,15.0,-2.0,1,51.23,690093,9.76,286885.0,25.062139,121.515417,大橋頭站出口2,247,有電梯_7樓以上
房地(土地+建物)+車位,民權西路１６０巷１８弄８號十七樓之３,17.0,-2.0,1,49.88,711660,9.76,286885.0,25.062139,121.515256,大橋頭站出口2,233,有電梯_7樓以上
房地(土地+建物)+車位,民權西路１６０巷１８弄６號十七樓之３,17.0,-2.0,1,51.23,708418,9.76,286885.0,25.062139,121.515417,大橋頭站出口2,247,有電梯_7樓以上
房地(土地+建物)+車位,西安街二段２６３號九樓之１,9.0,-3.0,1,37.38,749291,12.23,204415.0,25.120169,121.507265,唭哩岸站出口1,69,有電梯_7樓以上
房地(土地+建物)+車位,西安街二段２０１號十一樓之５,11.0,-3.0,1,44.99,693327,10.55,284360.0,25.119663,121.510481,唭哩岸站出口1,377,有電梯_7樓以上
房地(土地+建物)+車位,西安街二段２０１號十一樓之２,11.0,-3.0,1,49.99,716280,10.55,241706.0,25.119663,121.510481,唭哩岸站出口1,377,有電梯_7樓以上
房地(土地+建物)+車位,西安街二段２０３號九樓之５,9.0,-3.0,1,44.99,673584,10.55,265403.0,25.11974,121.510091,唭哩岸站出口1,337,有電梯_7樓以上
房地(土地+建物)+車位,汀州路二段１６７號九樓之５,9.0,-2.0,1,41.1,820981,11.83,177515.0,25.024475,121.521342,古亭站出口2,233,有電梯_7樓以上
房地(土地+建物),民生東路二段１１５巷１０號十一樓,11.0,-2.0,1,75.93,895521,0.0,,25.058632,121.531595,行天宮站出口1,158,有電梯_7樓以上
房地(土地+建物)+車位,民權西路１６０巷１８弄６號十五樓之３,15.0,-2.0,1,51.23,703113,9.76,245902.0,25.062139,121.515417,大橋頭站出口2,247,有電梯_7樓以上
房地(土地+建物)+車位,民權西路１６０巷１８弄６號十七樓之５,17.0,-2.0,1,35.79,725315,9.76,225410.0,25.062139,121.515417,大橋頭站出口2,247,有電梯_7樓以上
房地(土地+建物)+車位,民權西路１６０巷１８弄８號十七樓之５,17.0,-2.0,1,28.21,758955,9.76,245902.0,25.062139,121.515256,大橋頭站出口2,233,有電梯_7樓以上
房地(土地+建物)+車位,民權西路１６０巷１８弄８號十七樓之２,17.0,-2.0,1,49.86,708188,9.76,225410.0,25.062139,121.515256,大橋頭站出口2,233,有電梯_7樓以上
房地(土地+建物)+車位,民權西路１６０巷１８弄６號十三樓之３,13.0,-2.0,1,51.23,672732,9.76,245902.0,25.062139,121.515417,大橋頭站出口2,247,有電梯_7樓以上
房地(土地+建物)+車位,西安街二段２０３號十一樓之２,11.0,-3.0,1,60.53,718110,21.1,272512.0,25.11974,121.510091,唭哩岸站出口1,337,有電梯_7樓以上
房地(土地+建物)+車位,西安街二段２０３號十樓之２,10.0,-3.0,1,50.08,712106,10.55,260664.0,25.11974,121.510091,唭哩岸站出口1,337,有電梯_7樓以上
房地(土地+建物)+車位,西安街二段２０３號十樓,10.0,-3.0,1,62.92,717330,10.55,260664.0,25.11974,121.510091,唭哩岸站出口1,337,有電梯_7樓以上
房地(土地+建物)+車位,西安街二段２０３號十樓之３,10.0,-3.0,1,49.82,707456,10.55,260664.0,25.11974,121.510091,唭哩岸站出口1,337,有電梯_7樓以上
房地(土地+建物)+車位,民權西路１６０巷１８弄８號十五樓之１,15.0,-2.0,1,28.21,757871,9.76,245902.0,25.062139,121.515256,大橋頭站出口2,233,有電梯_7樓以上
房地(土地+建物)+車位,民權西路１６０巷１８弄８號十二樓之３,12.0,-2.0,1,49.88,680003,9.76,266393.0,25.062139,121.515256,大橋頭站出口2,233,有電梯_7樓以上
房地(土地+建物)+車位,民權西路１６０巷１８弄８號十五樓之５,15.0,-2.0,1,28.21,742691,9.76,266393.0,25.062139,121.515256,大橋頭站出口2,233,有電梯_7樓以上
房地(土地+建物)+車位,民權西路１６０巷１８弄６號十四樓之３,14.0,-2.0,1,51.23,683582,9.76,245902.0,25.062139,121.515417,大橋頭站出口2,247,有電梯_7樓以上
房地(土地+建物)+車位,石牌路二段３０７號九樓,9.0,-2.0,1,88.06,745425,25.95,161850.0,25.121563,121.522994,石牌站出口1,1070,有電梯_7樓以上
房地(土地+建物)+車位,市民大道六段１０８號十一樓之２,11.0,-3.0,1,32.06,1084718,4.56,405702.0,25.049134,121.57254,松山站出口2,391,有電梯_7樓以上
房地(土地+建物)+車位,石牌路二段３０９號十四樓,14.0,-2.0,1,79.74,788288,25.95,177264.0,25.121607,121.523048,石牌站出口1,1078,有電梯_7樓以上
房地(土地+建物)+車位,石牌路二段３０７號十四樓,14.0,-2.0,1,88.48,791662,25.95,177264.0,25.121563,121.522994,石牌站出口1,1070,有電梯_7樓以上
房地(土地+建物)+車位,民權西路１６０巷１８弄８號十三樓之３,13.0,-2.0,1,49.88,672525,9.76,245902.0,25.062139,121.515256,大橋頭站出口2,233,有電梯_7樓以上
房地(土地+建物)+車位,民權西路１６０巷１８弄８號十樓之３,10.0,-2.0,1,49.88,663052,9.76,245902.0,25.062139,121.515256,大橋頭站出口2,233,有電梯_7樓以上
房地(土地+建物)+車位,民權西路１６０巷１８弄６號十一樓之３,11.0,-2.0,1,51.23,665498,9.76,286885.0,25.062139,121.515417,大橋頭站出口2,247,有電梯_7樓以上
房地(土地+建物)+車位,民權西路１６０巷１８弄６號九樓之２,9.0,-2.0,1,51.23,660194,9.76,245902.0,25.062139,121.515417,大橋頭站出口2,247,有電梯_7樓以上
房地(土地+建物)+車位,民權西路１６０巷１８弄８號十三樓之５,13.0,-2.0,1,28.21,731849,9.76,245902.0,25.062139,121.515256,大橋頭站出口2,233,有電梯_7樓以上
房地(土地+建物)+車位,民權西路１６０巷１８弄６號十五樓之５,15.0,-2.0,1,35.79,744523,9.76,245902.0,25.062139,121.515417,大橋頭站出口2,247,有電梯_7樓以上
房地(土地+建物)+車位,民權西路１６０巷１８弄６號十七樓,17.0,-2.0,1,43.3,727101,9.76,266393.0,25.062139,121.515417,大橋頭站出口2,247,有電梯_7樓以上
房地(土地+建物)+車位,民權西路１６０巷１８弄６號十一樓之５,11.0,-2.0,1,35.79,721473,9.76,245902.0,25.062139,121.515417,大橋頭站出口2,247,有電梯_7樓以上
房地(土地+建物)+車位,民權西路１６０巷１８弄６號十一樓,11.0,-2.0,1,43.3,682682,9.76,286885.0,25.062139,121.515417,大橋頭站出口2,247,有電梯_7樓以上
房地(土地+建物)+車位,民權西路１６０巷１８弄６號十一樓之１,11.0,-2.0,1,35.79,698038,9.76,266393.0,25.062139,121.515417,大橋頭站出口2,247,有電梯_7樓以上
房地(土地+建物)+車位,市民大道六段１０８號九樓之３,9.0,-3.0,1,14.69,913065,4.56,405702.0,25.049134,121.57254,松山站出口2,391,有電梯_7樓以上
房地(土地+建物)+車位,市民大道六段１０８號九樓之２,9.0,-3.0,1,14.69,944652,4.56,405702.0,25.049134,121.57254,松山站出口2,391,有電梯_7樓以上
房地(土地+建物)+車位,民權西路１６０巷１８弄６號十三樓之１,13.0,-2.0,1,35.79,726083,9.76,235656.0,25.062139,121.515417,大橋頭站出口2,247,有電梯_7樓以上
房地(土地+建物)+車位,民權西路１６０巷１８弄６號十七樓之１,17.0,-2.0,1,35.79,745291,9.76,266393.0,25.062139,121.515417,大橋頭站出口2,247,有電梯_7樓以上
房地(土地+建物)+車位,民權西路１６０巷１８弄８號八樓之６,8.0,-2.0,1,54.52,683587,9.76,266393.0,25.062139,121.515256,大橋頭站出口2,233,有電梯_7樓以上
房地(土地+建物)+車位,市民大道六段１０８號十一樓之１,11.0,-3.0,1,14.69,922936,4.56,405702.0,25.049134,121.57254,松山站出口2,391,有電梯_7樓以上
房地(土地+建物)+車位,市民大道六段１０８號十二樓之１,12.0,-3.0,1,32.23,1015443,4.56,405702.0,25.049134,121.57254,松山站出口2,391,有電梯_7樓以上
房地(土地+建物)+車位,民權西路１６０巷１８弄６號十三樓,13.0,-3.0,1,43.3,682086,9.76,245902.0,25.062139,121.515417,大橋頭站出口2,247,有電梯_7樓以上
房地(土地+建物)+車位,民權西路１６０巷１８弄８號十樓之６,10.0,-3.0,1,54.52,669736,9.76,245902.0,25.062139,121.515256,大橋頭站出口2,233,有電梯_7樓以上
房地(土地+建物)+車位,民權西路１６０巷１８弄８號十四樓之６,14.0,-3.0,1,54.52,686268,9.76,286885.0,25.062139,121.515256,大橋頭站出口2,233,有電梯_7樓以上
房地(土地+建物)+車位,民權西路１６０巷１８弄８號十三樓之２,13.0,-3.0,1,49.86,669537,9.76,225410.0,25.062139,121.515256,大橋頭站出口2,233,有電梯_7樓以上
房地(土地+建物)+車位,民權西路１６０巷１８弄６號十七樓之６,17.0,-3.0,1,43.32,714556,9.76,266393.0,25.062139,121.515417,大橋頭站出口2,247,有電梯_7樓以上
房地(土地+建物)+車位,民權西路１６０巷１８弄６號十三樓之６,13.0,-3.0,1,43.32,668369,9.76,245902.0,25.062139,121.515417,大橋頭站出口2,247,有電梯_7樓以上
房地(土地+建物)+車位,民權西路１６０巷１８弄６號十三樓之５,13.0,-3.0,1,35.79,726083,9.76,266393.0,25.062139,121.515417,大橋頭站出口2,247,有電梯_7樓以上
房地(土地+建物)+車位,市民大道六段１０８號十樓之３,10.0,-4.0,1,14.69,921949,4.56,383772.0,25.049134,121.57254,松山站出口2,391,有電梯_7樓以上
房地(土地+建物)+車位,市民大道六段１０８號八樓之６,8.0,-4.0,1,14.69,883452,4.56,405702.0,25.049134,121.57254,松山站出口2,391,有電梯_7樓以上
房地(土地+建物)+車位,市民大道六段１０８號八樓之７,8.0,-4.0,1,19.74,925410,4.56,405702.0,25.049134,121.57254,松山站出口2,391,有電梯_7樓以上
房地(土地+建物),市民大道六段１０８號九樓之６,9.0,-4.0,1,10.13,918988,0.0,,25.049134,121.57254,松山站出口2,391,有電梯_7樓以上
房地(土地+建物)+車位,市民大道六段１０８號九樓之７,9.0,-4.0,1,19.74,913555,4.56,405702.0,25.049134,121.57254,松山站出口2,391,有電梯_7樓以上
房地(土地+建物)+車位,市民大道六段１０８號十樓之５,10.0,-4.0,1,14.69,921949,4.56,383772.0,25.049134,121.57254,松山站出口2,391,有電梯_7樓以上
房地(土地+建物)+車位,市民大道六段１０８號九樓之５,9.0,-4.0,1,14.69,903194,4.56,405702.0,25.049134,121.57254,松山站出口2,391,有電梯_7樓以上
房地(土地+建物)+車位,民權西路１６０巷１８弄８號九樓之６,9.0,-3.0,1,54.52,688055,9.76,307377.0,25.062139,121.515256,大橋頭站出口2,233,有電梯_7樓以上
房地(土地+建物)+車位,民權西路１６０巷１８弄８號十一樓之２,11.0,-3.0,1,49.86,665297,9.76,276639.0,25.062139,121.515256,大橋頭站出口2,233,有電梯_7樓以上
房地(土地+建物)+車位,民權西路１６０巷１８弄６號十五樓之６,15.0,-3.0,1,43.32,692803,9.76,245902.0,25.062139,121.515417,大橋頭站出口2,247,有電梯_7樓以上
房地(土地+建物)+車位,民權西路１６０巷１８弄８號十二樓之６,12.0,-3.0,1,54.52,685821,9.76,307377.0,25.062139,121.515256,大橋頭站出口2,233,有電梯_7樓以上
房地(土地+建物)+車位,民權西路１６０巷１８弄６號九樓之５,9.0,-3.0,1,35.79,701496,9.76,245902.0,25.062139,121.515417,大橋頭站出口2,247,有電梯_7樓以上
房地(土地+建物)+車位,市民大道六段１０８號八樓之３,8.0,-4.0,1,14.69,879504,4.56,405702.0,25.049134,121.57254,松山站出口2,391,有電梯_7樓以上
房地(土地+建物)+車位,民權西路１６０巷１８弄８號十樓,10.0,-3.0,1,64.23,679499,19.52,245902.0,25.062139,121.515256,大橋頭站出口2,233,有電梯_7樓以上
房地(土地+建物)+車位,民生東路二段９３巷１７號九樓,9.0,-3.0,1,58.49,891163,11.36,264085.0,25.058672,121.531057,行天宮站出口1,210,有電梯_7樓以上
房地(土地+建物),民權西路１６０巷１８弄６號十五樓,15.0,-3.0,1,33.54,703613,0.0,,25.062139,121.515417,大橋頭站出口2,247,有電梯_7樓以上
房地(土地+建物)+車位,民權西路１６０巷１８弄８號九樓之２,9.0,-3.0,1,49.86,677765,9.76,286885.0,25.062139,121.515256,大橋頭站出口2,233,有電梯_7樓以上
房地(土地+建物)+車位,民權西路１６０巷１８弄８號十三樓之１,13.0,-3.0,1,28.21,726428,9.76,245902.0,25.062139,121.515256,大橋頭站出口2,233,有電梯_7樓以上
房地(土地+建物)+車位,民權西路１６０巷２６弄１號九樓之１,9.0,-3.0,1,66.31,657798,9.76,245902.0,25.061697,121.515707,大橋頭站出口2,298,有電梯_7樓以上
房地(土地+建物),市民大道六段１０８號十樓,10.0,-4.0,1,13.89,933510,0.0,,25.049134,121.57254,松山站出口2,391,有電梯_7樓以上
房地(土地+建物)+車位,市民大道六段１０８號十樓之６,10.0,-4.0,1,14.69,898259,4.56,361842.0,25.049134,121.57254,松山站出口2,391,有電梯_7樓以上
房地(土地+建物),市民大道六段１０８號八樓之２,8.0,-4.0,1,10.13,952549,0.0,,25.049134,121.57254,松山站出口2,391,有電梯_7樓以上
房地(土地+建物)+車位,市民大道六段１０８號八樓之１,8.0,-4.0,1,19.66,966644,4.56,405702.0,25.049134,121.57254,松山站出口2,391,有電梯_7樓以上
房地(土地+建物)+車位,市民大道六段１０８號九樓之１,9.0,-4.0,1,19.66,888518,4.56,405702.0,25.049134,121.57254,松山站出口2,391,有電梯_7樓以上
房地(土地+建物),市民大道六段１０８號九樓,9.0,-4.0,1,13.89,927032,0.0,,25.049134,121.57254,松山站出口2,391,有電梯_7樓以上
房地(土地+建物)+車位,市民大道六段１０８號八樓,8.0,-4.0,1,18.45,874490,4.56,405702.0,25.049134,121.57254,松山站出口2,391,有電梯_7樓以上
房地(土地+建物)+車位,民權西路１６０巷１８弄８號九樓之５,9.0,-3.0,1,28.21,725344,9.76,286885.0,25.062139,121.515256,大橋頭站出口2,233,有電梯_7樓以上
房地(土地+建物)+車位,市民大道六段１０８號十二樓,12.0,-4.0,1,25.7,936877,4.56,405702.0,25.049134,121.57254,松山站出口2,391,有電梯_7樓以上
房地(土地+建物)+車位,市民大道六段１０８號十樓之７,10.0,-4.0,1,19.74,895771,4.56,361842.0,25.049134,121.57254,松山站出口2,391,有電梯_7樓以上
房地(土地+建物)+車位,市民大道六段１０８號十樓之１,10.0,-4.0,1,19.66,916988,4.56,405702.0,25.049134,121.57254,松山站出口2,391,有電梯_7樓以上
房地(土地+建物)+車位,市民大道六段１０８號八樓之５,8.0,-4.0,1,14.69,866672,4.56,405702.0,25.049134,121.57254,松山站出口2,391,有電梯_7樓以上
房地(土地+建物)+車位,市民大道六段１０８號十一樓,11.0,-4.0,1,32.43,992132,4.56,405702.0,25.049134,121.57254,松山站出口2,391,有電梯_7樓以上
房地(土地+建物),市民大道六段１０８號十樓之２,10.0,-4.0,1,10.13,918001,0.0,,25.049134,121.57254,松山站出口2,391,有電梯_7樓以上
房地(土地+建物),重慶北路三段２０３之３號十二樓之２,12.0,-2.0,1,21.32,889642,0.0,,25.069939,121.513933,圓山站出口1,622,有電梯_7樓以上
房地(土地+建物),重慶北路三段２０３之３號十二樓之６,12.0,-2.0,1,21.32,889642,0.0,,25.069939,121.513933,圓山站出口1,622,有電梯_7樓以上
房地(土地+建物),重慶北路三段２０３之３號十二樓之７,12.0,-2.0,1,22.95,1039921,0.0,,25.069939,121.513933,圓山站出口1,622,有電梯_7樓以上
房地(土地+建物)+車位,大龍街９１巷１２號八樓之７,8.0,1.0,1,25.79,842652,8.81,0.0,25.06721,121.516986,民權西路站出口5,477,有電梯_7樓以上
房地(土地+建物),和平東路三段１巷７２弄１４號十三樓,13.0,37.0,1,31.03,827575,0.0,,25.027714,121.546411,科技大樓站出口,329,有電梯_7樓以上
房地(土地+建物),建國北路一段２９號十一樓,11.0,19.0,1,11.52,868345,0.0,,25.047519,121.537049,松江南京站出口5,570,有電梯_7樓以上
房地(土地+建物)+車位,松平路１２８號十三樓,13.0,27.0,1,180.07,751392,0.0,,25.030268,121.56901,象山站出口2,252,有電梯_7樓以上
房地(土地+建物),幽雅路７號十二樓之６,12.0,14.0,1,14.76,392901,0.0,,25.137316,121.513129,新北投站出口1,968,有電梯_7樓以上
房地(土地+建物),仁愛路四段３３號九樓,9.0,46.0,1,48.64,1130641,0.0,,25.03821,121.545844,忠孝復興站出口3,377,有電梯_7樓以上
房地(土地+建物)+車位,基湖路１１２巷５７號十樓,10.0,18.0,1,67.84,1138870,10.45,0.0,25.079335,121.562286,西湖站出口1,552,有電梯_7樓以上
房地(土地+建物)+車位,成功路五段４０８號十六樓,16.0,22.0,1,84.02,843238,22.08,226449.0,25.075954,121.607603,葫洲站出口2,382,有電梯_7樓以上
房地(土地+建物),國興路１２號十一樓,11.0,44.0,1,18.1,614311,0.0,,25.024716,121.508713,小南門站出口3,1200,有電梯_7樓以上
房地(土地+建物),玉成街６６之２６號九樓,9.0,22.0,1,51.06,763869,0.0,,25.046851,121.581943,後山埤站出口4,142,有電梯_7樓以上
房地(土地+建物)+車位,玉成街６６之２６號八樓,8.0,22.0,1,65.3,627837,0.0,,25.046851,121.581943,後山埤站出口4,142,有電梯_7樓以上
房地(土地+建物),仁愛路四段５１２巷１６之１號八樓,8.0,16.0,1,11.53,1066944,0.0,,25.03651,121.56082,台北101/世貿站出口1,388,有電梯_7樓以上
房地(土地+建物)+車位,大龍街９１巷１２號九樓之１１,9.0,1.0,1,25.79,1001755,8.81,0.0,25.06721,121.516986,民權西路站出口5,477,有電梯_7樓以上
房地(土地+建物)+車位,環河北路三段２０３號十一樓之２,11.0,10.0,1,52.75,518265,12.23,0.0,25.087978,121.504215,三重國小站出口,2070,有電梯_7樓以上
房地(土地+建物),民權西路１６０巷１８弄８號十四樓之５,14.0,1.0,1,18.44,900199,0.0,,25.062139,121.515256,大橋頭站出口2,233,有電梯_7樓以上
房地(土地+建物)+車位,萬隆街９１號八樓,8.0,17.0,1,52.56,603778,4.53,441501.0,25.000214,121.537129,萬隆站出口1,219,有電梯_7樓以上
房地(土地+建物)+車位,木新路三段９１號十四樓,14.0,9.0,1,85.19,469556,0.0,,24.981902,121.563183,萬芳社區站出口,1928,有電梯_7樓以上
房地(土地+建物),明水路５５５號十五樓之３５,14.0,26.0,1,13.67,914212,0.0,,25.079106,121.552099,大直站出口3,514,有電梯_7樓以上
房地(土地+建物)+車位,木新路三段８５號十四樓,14.0,9.0,1,75.01,450602,0.0,,24.982128,121.563252,萬芳社區站出口,1902,有電梯_7樓以上
房地(土地+建物),健康路２１號九樓,9.0,25.0,1,54.7,859264,0.0,,25.053575,121.553503,台北小巨蛋站出口4,235,有電梯_7樓以上
房地(土地+建物)+車位,成功路四段１８０號十九樓之２,19.0,5.0,1,72.15,897983,8.8,284091.0,25.083593,121.593902,內湖站出口1,40,有電梯_7樓以上
房地(土地+建物)+車位,成功路四段１７８號二十二樓之２,22.0,5.0,1,72.1,902987,8.8,284091.0,25.083356,121.593582,內湖站出口1,81,有電梯_7樓以上
房地(土地+建物)+車位,成功路四段１７８號二十二樓之３,22.0,5.0,1,110.89,902977,35.21,312411.0,25.083356,121.593582,內湖站出口1,81,有電梯_7樓以上
房地(土地+建物)+車位,中央北路四段５４１巷３號十三樓,13.0,1.0,1,41.07,719795,12.59,142971.0,25.12766,121.468387,關渡站出口1,275,有電梯_7樓以上
房地(土地+建物),泉源路４８號八樓之３,8.0,22.0,1,14.52,585278,0.0,,25.140981,121.509059,新北投站出口1,714,有電梯_7樓以上
房地(土地+建物),南京東路六段１３３號八樓,8.0,25.0,1,9.84,457303,0.0,,25.056107,121.578311,松山站出口5,619,有電梯_7樓以上
房地(土地+建物)+車位,研究院路二段６１巷１７號九樓,9.0,9.0,1,91.84,778028,31.43,0.0,25.044702,121.617124,南港展覽館站出口7,1043,有電梯_7樓以上
房地(土地+建物),建國北路二段１０９號九樓,9.0,37.0,1,37.26,778338,0.0,,25.059293,121.53732,行天宮站出口3,401,有電梯_7樓以上
房地(土地+建物)+車位,中央北路二段３５０巷９２號十一樓,11.0,7.0,1,58.19,494775,0.0,,25.139879,121.489408,復興崗站出口1,472,有電梯_7樓以上
房地(土地+建物),仁愛路四段２３０號九樓之３,9.0,44.0,1,23.73,1158817,0.0,,25.037508,121.552177,忠孝敦化站出口3,430,有電梯_7樓以上
房地(土地+建物),承德路四段８８號十樓之７,10.0,0.0,1,16.2,792708,0.0,,25.082707,121.523055,劍潭站出口2,182,有電梯_7樓以上
房地(土地+建物)+車位,重陽路２５號九樓,9.0,1.0,1,32.55,1050002,8.09,346106.0,25.055824,121.595325,昆陽站出口4,604,有電梯_7樓以上
房地(土地+建物)+車位,和平東路四段６６巷１１號十五樓,15.0,25.0,1,98.36,464399,0.0,,25.006357,121.565959,萬芳社區站出口,899,有電梯_7樓以上
房地(土地+建物)+車位,木新路二段４３巷２５號八樓,8.0,5.0,1,88.88,719524,14.25,175439.0,24.98704,121.571516,木柵站出口,1253,有電梯_7樓以上
房地(土地+建物)+車位,市民大道三段１６９號十樓之５,10.0,14.0,1,25.75,1168790,12.49,0.0,25.044811,121.540648,忠孝復興站出口1,419,有電梯_7樓以上
房地(土地+建物),新民路５３之１號八樓之６,8.0,15.0,1,3.62,607580,0.0,,25.140218,121.510868,新北投站出口1,823,有電梯_7樓以上
房地(土地+建物)+車位,三合街一段８２巷１０６號九樓,9.0,4.0,1,40.88,811976,15.14,165125.0,25.129229,121.504549,奇岩站出口1,498,有電梯_7樓以上
房地(土地+建物)+車位,重陽路１５號十樓,10.0,1.0,1,22.21,769940,0.0,,25.055427,121.595399,昆陽站出口4,563,有電梯_7樓以上
房地(土地+建物)+車位,內湖路三段６０巷１２弄７３號九樓之１,9.0,30.0,1,49.38,547553,7.37,0.0,25.089553,121.591689,內湖站出口1,696,有電梯_7樓以上
房地(土地+建物)+車位,明水路５５５號十五樓之８,15.0,26.0,1,36.47,767704,0.0,,25.079106,121.552099,大直站出口3,514,有電梯_7樓以上
房地(土地+建物)+車位,辛亥路四段２０９巷２０號二十五樓,25.0,2.0,1,44.43,896535,10.0,280000.0,25.002049,121.55605,萬芳醫院站出口,342,有電梯_7樓以上
房地(土地+建物),建國北路二段１４７號十一樓之４,11.0,40.0,1,21.6,599875,0.0,,25.061583,121.537369,行天宮站出口3,444,有電梯_7樓以上
房地(土地+建物),建國北路二段１４７號十一樓之３,11.0,40.0,1,20.91,599835,0.0,,25.061583,121.537369,行天宮站出口3,444,有電梯_7樓以上
房地(土地+建物)+車位,金湖路４０１巷３２號十一樓,11.0,23.0,1,48.42,951450,13.42,186289.0,25.072764,121.603364,葫洲站出口2,387,有電梯_7樓以上
房地(土地+建物)+車位,辛亥路四段７７巷３９號十樓,10.0,26.0,1,48.87,487018,0.0,,25.008024,121.560315,辛亥站出口,463,有電梯_7樓以上
房地(土地+建物)+車位,中正路７１５號十二樓,12.0,18.0,1,33.61,534640,7.99,312891.0,25.085628,121.506367,劍潭站出口2,1870,有電梯_7樓以上
房地(土地+建物)+車位,承德路四段８８號十三樓之６,13.0,1.0,1,44.23,856908,6.89,0.0,25.082707,121.523055,劍潭站出口2,182,有電梯_7樓以上
房地(土地+建物)+車位,金湖路９５號八樓,8.0,12.0,1,63.51,688903,0.0,,25.080929,121.597698,內湖站出口2,433,有電梯_7樓以上
房地(土地+建物),辛亥路四段７７巷９２弄９號十三樓之１０,13.0,19.0,1,13.85,592254,0.0,,25.008779,121.561219,辛亥站出口,587,有電梯_7樓以上
房地(土地+建物)+車位,吳興街６００巷１２２號八樓,8.0,13.0,1,83.09,555999,0.0,,25.01827,121.572223,麟光站出口,1372,有電梯_7樓以上
房地(土地+建物),汀州路三段４５之４號十樓,10.0,24.0,1,10.8,960910,0.0,,25.019008,121.527078,台電大樓站出口1,166,有電梯_7樓以上
房地(土地+建物),重慶北路三段２０３之３號九樓之１,9.0,2.0,1,15.24,849573,0.0,,25.069939,121.513933,圓山站出口1,622,有電梯_7樓以上
房地(土地+建物),信義路五段１５０巷３３０號十二樓之３,12.0,14.0,1,11.89,925049,0.0,,25.026533,121.570157,象山站出口2,650,有電梯_7樓以上
房地(土地+建物)+車位,五分街９０號八樓,8.0,1.0,1,38.17,787010,9.58,260960.0,25.066967,121.617021,東湖站出口3,510,有電梯_7樓以上
房地(土地+建物),民權東路三段１２０號九樓,9.0,39.0,1,33.93,845825,0.0,,25.061878,121.545553,中山國中站出口,197,有電梯_7樓以上
房地(土地+建物),重慶北路三段２０３之３號十一樓之６,11.0,2.0,1,21.32,879793,0.0,,25.069939,121.513933,圓山站出口1,622,有電梯_7樓以上
房地(土地+建物),重陽路１１號十樓,10.0,1.0,1,16.12,936889,0.0,,25.05541,121.595513,昆陽站出口4,565,有電梯_7樓以上
房地(土地+建物)+車位,愛國西路３０號十三樓,13.0,12.0,1,217.41,1402771,0.0,,25.03541,121.510338,小南門站出口2,60,有電梯_7樓以上
房地(土地+建物)+車位,內湖路三段７２巷６３號八樓,8.0,28.0,1,49.66,517505,0.0,,25.088946,121.591042,內湖站出口1,663,有電梯_7樓以上
房地(土地+建物)+車位,忠誠路二段３０號十四樓,14.0,40.0,1,78.73,623765,0.0,,25.109243,121.529797,芝山站出口2,962,有電梯_7樓以上
房地(土地+建物),文湖街２１巷１１２弄１３號十三樓,13.0,21.0,1,27.55,689326,0.0,,25.091049,121.560387,劍南路站出口1,800,有電梯_7樓以上
房地(土地+建物)+車位,行善路３３３巷６６號八樓,8.0,12.0,1,91.48,895985,15.59,0.0,25.061634,121.585696,昆陽站出口2,1441,有電梯_7樓以上
房地(土地+建物)+車位,康樂街２１９號十一樓,11.0,28.0,1,47.49,475505,0.0,,25.075875,121.622046,東湖站出口3,1411,有電梯_7樓以上
房地(土地+建物)+車位,吳興街２８４巷５９弄１５號十二樓,12.0,15.0,1,67.62,799707,17.61,170358.0,25.021541,121.563729,麟光站出口,614,有電梯_7樓以上
房地(土地+建物),敦化南路二段２６７號十二樓,12.0,43.0,1,50.39,942640,0.0,,25.025298,121.549093,六張犁站出口,401,有電梯_7樓以上
房地(土地+建物)+車位,中和街３６８號八樓之２,8.0,24.0,1,23.1,259787,0.0,,25.141942,121.499133,新北投站出口2,659,有電梯_7樓以上
房地(土地+建物)+車位,木柵路四段３３巷５號八樓之３,8.0,14.0,1,28.21,690668,12.29,0.0,24.993939,121.57105,木柵站出口,528,有電梯_7樓以上
房地(土地+建物),敦化北路１９９巷８號十一樓,11.0,28.0,1,56.53,893361,0.0,,25.055953,121.550576,台北小巨蛋站出口1,468,有電梯_7樓以上
房地(土地+建物)+車位,成功路五段３９８號十四樓之２,14.0,22.0,1,59.0,796576,0.0,,25.076222,121.607427,葫洲站出口2,411,有電梯_7樓以上
房地(土地+建物)+車位,辛亥路六段２１巷４０號十五樓,15.0,23.0,1,56.75,486327,0.0,,24.989877,121.554313,萬芳醫院站出口,1112,有電梯_7樓以上
房地(土地+建物)+車位,景中街１號十樓之２,10.0,19.0,1,16.78,709761,3.82,340314.0,24.993043,121.541484,景美站出口2,4,有電梯_7樓以上
房地(土地+建物),大龍街９１巷１０號十二樓之３,12.0,1.0,1,25.79,620514,0.0,,25.067203,121.516761,民權西路站出口5,485,有電梯_7樓以上
房地(土地+建物)+車位,松德路１０１號十二樓之１,12.0,28.0,1,70.27,839611,0.0,,25.037925,121.575838,永春站出口3,311,有電梯_7樓以上
房地(土地+建物)+車位,成功路四段１６７巷１號十七樓之２,17.0,17.0,1,79.88,744886,0.0,,25.08336,121.594494,內湖站出口2,33,有電梯_7樓以上
房地(土地+建物)+車位,敦煌路８０巷２號十四樓,14.0,14.0,1,102.55,662911,11.29,221435.0,25.07541,121.517387,圓山站出口2,488,有電梯_7樓以上
房地(土地+建物),國興路６６號十樓,10.0,44.0,1,13.94,502182,0.0,,25.025946,121.506813,小南門站出口3,1123,有電梯_7樓以上
房地(土地+建物)+車位,天母北路５６號十二樓之２,12.0,2.0,1,57.35,975450,11.73,298380.0,25.121533,121.52636,石牌站出口1,1336,有電梯_7樓以上
房地(土地+建物)+車位,樟新街３６號十二樓之３,12.0,28.0,1,49.23,574105,10.27,194742.0,24.97842,121.555327,七張站出口2,1290,有電梯_7樓以上
房地(土地+建物)+車位,重陽路７號八樓,8.0,1.0,1,32.29,1120709,7.44,295699.0,25.055316,121.595472,昆陽站出口4,554,有電梯_7樓以上
房地(土地+建物),南深路３３號八樓之１２,8.0,24.0,1,10.38,481613,0.0,,25.036678,121.620821,南港展覽館站出口7,1949,有電梯_7樓以上
房地(土地+建物)+車位,民生東路二段９３巷１９號十樓,10.0,1.0,1,47.95,999190,11.32,265018.0,25.058737,121.531054,行天宮站出口1,213,有電梯_7樓以上
房地(土地+建物),羅斯福路三段１７７號十四樓之５,14.0,17.0,1,10.6,1046912,0.0,,25.021249,121.527878,台電大樓站出口3,8,有電梯_7樓以上
房地(土地+建物),大龍街９１巷１０號九樓之３,9.0,1.0,1,16.97,787261,0.0,,25.067203,121.516761,民權西路站出口5,485,有電梯_7樓以上
房地(土地+建物),復興南路二段１９３巷１３號十三樓,13.0,37.0,1,39.05,800007,0.0,,25.026741,121.544556,科技大樓站出口,113,有電梯_7樓以上
房地(土地+建物)+車位,汀州路四段２６３號十三樓,13.0,12.0,1,58.15,644856,0.0,,25.00116,121.536216,萬隆站出口1,271,有電梯_7樓以上
房地(土地+建物)+車位,水源路３９號十二樓之１,12.0,20.0,1,46.51,742936,10.17,0.0,25.019128,121.523674,台電大樓站出口4,421,有電梯_7樓以上
房地(土地+建物)+車位,安康路２６９號八樓之１,8.0,8.0,1,24.09,697442,0.0,,25.06643,121.614338,東湖站出口3,249,有電梯_7樓以上
房地(土地+建物)+車位,三福街７７號八樓之３,8.0,9.0,1,47.21,730398,11.68,0.0,24.997918,121.543059,萬隆站出口2,533,有電梯_7樓以上
房地(土地+建物)+車位,光復南路５８巷２號八樓,8.0,10.0,1,83.07,1074575,23.6,254237.0,25.045571,121.557189,國父紀念館站出口1,418,有電梯_7樓以上
房地(土地+建物)+車位,萬壽路７５巷４５號十二樓,12.0,23.0,1,52.04,380462,0.0,,24.985866,121.589168,動物園站出口1,1666,有電梯_7樓以上
房地(土地+建物),大龍街９１巷１２號十樓之５,10.0,1.0,1,11.06,741452,0.0,,25.06721,121.516986,民權西路站出口5,477,有電梯_7樓以上
房地(土地+建物)+車位,知行路２９３巷１６號八樓之７,8.0,13.0,1,38.01,637159,14.34,0.0,25.122169,121.466523,關渡站出口2,369,有電梯_7樓以上
房地(土地+建物)+車位,民權東路六段１８０巷１５８號十一樓之１,11.0,12.0,1,93.08,663303,11.97,0.0,25.065421,121.591536,文德站出口1,1589,有電梯_7樓以上
房地(土地+建物)+車位,復興南路二段７８巷３０弄２號十樓之２,10.0,35.0,1,56.7,1129827,10.34,386847.0,25.030958,121.542215,大安站出口3,254,有電梯_7樓以上
房地(土地+建物)+車位,街５８巷３號九樓之３,9.0,14.0,1,36.65,564836,0.0,,25.05467,121.606829,南港站出口2,300,有電梯_7樓以上
房地(土地+建物)+車位,吳興街６００巷１２６號十四樓,14.0,13.0,1,76.47,551553,0.0,,25.018145,121.572132,麟光站出口,1364,有電梯_7樓以上
房地(土地+建物)+車位,芝玉路二段６１巷６號八樓,8.0,21.0,1,75.63,795544,10.27,243427.0,25.11196,121.53465,芝山站出口2,1534,有電梯_7樓以上
房地(土地+建物)+車位,三合街一段８２巷５８號八樓,8.0,6.0,1,98.85,867957,23.39,0.0,25.128297,121.505247,奇岩站出口1,493,有電梯_7樓以上
房地(土地+建物)+車位,復興南路二段７８巷３０弄２號九樓之１,9.0,35.0,1,61.53,1103623,10.34,435203.0,25.030958,121.542215,大安站出口3,254,有電梯_7樓以上
房地(土地+建物)+車位,天母西路１１７巷６８號九樓,9.0,7.0,1,153.29,611136,31.67,94411.0,25.122773,121.525455,石牌站出口1,1345,有電梯_7樓以上
房地(土地+建物),指南路三段３２巷５號八樓之８,8.0,12.0,1,16.65,653589,0.0,,24.982383,121.580139,動物園站出口2,1735,有電梯_7樓以上
房地(土地+建物),忠誠路二段２４９號十樓,10.0,33.0,1,35.62,842168,0.0,,25.117818,121.534887,明德站出口2,1844,有電梯_7樓以上
房地(土地+建物)+車位,興隆路四段１０９巷１３０號八樓,8.0,9.0,1,52.67,472391,0.0,,24.98673,121.565507,萬芳社區站出口,1350,有電梯_7樓以上
房地(土地+建物),金山南路二段１４０號十七樓之１,17.0,38.0,1,32.0,937370,0.0,,25.029363,121.526215,古亭站出口5,415,有電梯_7樓以上
房地(土地+建物),仁愛路四段４２７號十二樓,12.0,41.0,1,44.94,1187904,0.0,,25.03798,121.556552,國父紀念館站出口2,339,有電梯_7樓以上
房地(土地+建物),木柵路二段１０９巷１００弄３號九樓,9.0,29.0,1,26.64,487912,0.0,,24.991461,121.562843,萬芳社區站出口,970,有電梯_7樓以上
房地(土地+建物)+車位,木新路三段９５巷４２號十五樓,15.0,15.0,1,80.04,810663,23.81,0.0,24.981062,121.562483,大坪林站出口5,1953,有電梯_7樓以上
房地(土地+建物),中央北路三段４０巷１９弄１１號八樓之３,8.0,14.0,1,24.0,562422,0.0,,25.138558,121.484893,復興崗站出口1,112,有電梯_7樓以上
房地(土地+建物)+車位,石牌路二段３１５巷３４弄７號九樓之１,9.0,7.0,1,68.46,796513,11.34,0.0,25.123747,121.522717,石牌站出口1,1232,有電梯_7樓以上
房地(土地+建物)+車位,延平北路六段２１３號九樓,9.0,6.0,1,73.29,624168,12.41,0.0,25.088897,121.505153,劍潭站出口3,2060,有電梯_7樓以上
房地(土地+建物),幽雅路７號十二樓之１１,12.0,14.0,1,17.19,395555,0.0,,25.137316,121.513129,新北投站出口1,968,有電梯_7樓以上
房地(土地+建物)+車位,重陽路４７０號十二樓之３,12.0,12.0,1,77.35,969347,14.42,416089.0,25.059719,121.611287,南港軟體園區站出口1,467,有電梯_7樓以上
房地(土地+建物)+車位,三民路２９巷１號十一樓之２,11.0,18.0,1,63.53,755537,0.0,,25.05463,121.563507,南京三民站出口1,335,有電梯_7樓以上
房地(土地+建物),光復北路１８２號十樓,10.0,25.0,1,60.63,746788,0.0,,25.054055,121.556082,台北小巨蛋站出口4,426,有電梯_7樓以上
房地(土地+建物)+車位,新富街７６號八樓,8.0,8.0,1,66.55,934117,12.4,201613.0,25.060013,121.58396,松山站出口5,1222,有電梯_7樓以上
房地(土地+建物)+車位,萬大路４２３巷４２號十一樓,11.0,15.0,1,57.26,529136,0.0,,25.021505,121.501104,龍山寺站出口2,1518,有電梯_7樓以上
房地(土地+建物)+車位,星雲街１６１巷２號十二樓,12.0,17.0,1,43.01,713798,0.0,,25.08167,121.596224,內湖站出口2,272,有電梯_7樓以上
房地(土地+建物)+車位,內湖路一段４１１巷１０６號八樓,8.0,16.0,1,27.08,683167,0.0,,25.084965,121.572295,港墘站出口2,596,有電梯_7樓以上
房地(土地+建物),重慶北路三段２０３之３號十一樓之３,11.0,2.0,1,15.25,880058,0.0,,25.069939,121.513933,圓山站出口1,622,有電梯_7樓以上
房地(土地+建物)+車位,成功路二段３６５號九樓,9.0,26.0,1,59.04,714800,12.18,205255.0,25.07362,121.590129,文德站出口1,721,有電梯_7樓以上
房地(土地+建物),敦化南路二段４６號十五樓之２,15.0,47.0,1,29.43,1153238,0.0,,25.031308,121.548271,信義安和站出口2,452,有電梯_7樓以上
房地(土地+建物)+車位,星雲街１５４號十一樓,11.0,27.0,1,44.64,622356,0.0,,25.080254,121.596078,內湖站出口2,404,有電梯_7樓以上
房地(土地+建物)+車位,中央北路二段３５０巷７０號八樓,8.0,7.0,1,55.47,478669,0.0,,25.139587,121.48891,復興崗站出口1,412,有電梯_7樓以上
房地(土地+建物),木新路二段１５之１號八樓,8.0,27.0,1,9.11,599655,0.0,,24.987376,121.570772,木柵站出口,1230,有電梯_7樓以上
房地(土地+建物)+車位,民權西路１６０巷１８弄８號八樓之６,8.0,1.0,1,54.52,890897,9.76,286885.0,25.062139,121.515256,大橋頭站出口2,233,有電梯_7樓以上
房地(土地+建物)+車位,萬大路４２３巷１１０號九樓,9.0,25.0,1,43.23,613040,0.0,,25.021939,121.502083,龍山寺站出口2,1482,有電梯_7樓以上
房地(土地+建物)+車位,忠孝東路六段１３０號十二樓,12.0,12.0,1,14.33,1004927,0.0,,25.047922,121.585355,後山埤站出口3,365,有電梯_7樓以上
房地(土地+建物),重陽路１９號十樓,10.0,1.0,1,15.79,1127478,0.0,,25.055311,121.595164,昆陽站出口4,545,有電梯_7樓以上
房地(土地+建物)+車位,經貿二路２５５巷７號十一樓,11.0,12.0,1,49.57,964118,14.31,0.0,25.061312,121.614375,南港軟體園區站出口1,182,有電梯_7樓以上
房地(土地+建物)+車位,三民路４３巷１０號八樓,8.0,16.0,1,60.33,853674,0.0,,25.056315,121.560808,南京三民站出口1,574,有電梯_7樓以上
房地(土地+建物),新民路５３之１號八樓之６,8.0,15.0,1,7.24,607580,0.0,,25.140218,121.510868,新北投站出口1,823,有電梯_7樓以上
房地(土地+建物),木柵路四段１４１號十二樓之５,12.0,12.0,1,27.62,760201,0.0,,24.998222,121.573873,木柵站出口,46,有電梯_7樓以上
房地(土地+建物)+車位,石牌路一段３９巷１４６號十樓之３,10.0,1.0,1,50.49,822322,13.52,221893.0,25.118068,121.510116,唭哩岸站出口1,436,有電梯_7樓以上
房地(土地+建物)+車位,民族西路７６巷２弄６號八樓之１,8.0,28.0,1,41.35,611297,0.0,,25.067924,121.517357,圓山站出口1,417,有電梯_7樓以上
房地(土地+建物)+車位,萬大路３３１號十三樓之１,13.0,26.0,1,57.49,506201,0.0,,25.023943,121.500316,龍山寺站出口2,1243,有電梯_7樓以上
房地(土地+建物),忠誠路二段７號十樓,10.0,36.0,1,58.68,903128,0.0,,25.108924,121.530633,芝山站出口2,1009,有電梯_7樓以上
房地(土地+建物)+車位,文德路２０８巷４０號八樓之１,8.0,28.0,1,59.01,671020,0.0,,25.076926,121.583409,文德站出口2,199,有電梯_7樓以上
房地(土地+建物)+車位,建國北路三段７１號十一樓之７,11.0,7.0,1,35.96,873575,6.68,449102.0,25.065123,121.537204,行天宮站出口4,678,有電梯_7樓以上
房地(土地+建物),興隆路二段２７５巷１弄８號十一樓之１,11.0,28.0,1,21.4,607596,0.0,,25.00296,121.552595,辛亥站出口,507,有電梯_7樓以上
房地(土地+建物)+車位,辛亥路四段７７巷１０４號八樓,8.0,27.0,1,54.06,485902,11.87,168492.0,25.009452,121.560663,辛亥站出口,606,有電梯_7樓以上
房地(土地+建物)+車位,稻香路１６１巷７號十樓之１,10.0,19.0,1,35.41,427838,0.0,,25.142022,121.488764,復興崗站出口1,591,有電梯_7樓以上
房地(土地+建物)+車位,辛亥路四段２０９巷２０號二十一樓,21.0,2.0,1,44.13,919561,10.0,200000.0,25.002049,121.55605,萬芳醫院站出口,342,有電梯_7樓以上
房地(土地+建物)+車位,建國北路三段７１號十四樓之２,14.0,7.0,1,31.49,881714,8.01,399501.0,25.065123,121.537204,行天宮站出口4,678,有電梯_7樓以上
房地(土地+建物)+車位,芝玉路一段２００號十七樓,17.0,27.0,1,82.5,756812,28.33,176491.0,25.107993,121.533793,芝山站出口2,1243,有電梯_7樓以上
房地(土地+建物),建國南路一段３３５號十樓,10.0,36.0,1,27.84,933323,0.0,,25.034591,121.538209,大安森林公園站出口6,250,有電梯_7樓以上
房地(土地+建物)+車位,信義路五段１５０巷４９９號八樓之６,8.0,26.0,1,41.24,484969,0.0,,25.021286,121.573541,象山站出口2,1286,有電梯_7樓以上
房地(土地+建物)+車位,三民路２９巷３號十一樓之２,11.0,18.0,1,62.7,859301,0.0,,25.054554,121.563215,南京三民站出口1,325,有電梯_7樓以上
房地(土地+建物),新生北路三段４３號十樓之８,10.0,45.0,1,15.65,613485,0.0,,25.065416,121.528038,中山國小站出口4,312,有電梯_7樓以上
房地(土地+建物),康寧路一段２９０號十一樓之５,11.0,31.0,1,14.38,742655,0.0,,25.078357,121.597842,內湖站出口2,671,有電梯_7樓以上
房地(土地+建物),光復北路３號九樓,9.0,34.0,1,41.09,657166,0.0,,25.048613,121.557997,南京三民站出口2,588,有電梯_7樓以上
房地(土地+建物)+車位,忠孝東路五段７４３巷３１弄２５號九樓,9.0,4.0,1,46.62,1234286,10.18,314342.0,25.044048,121.58041,後山埤站出口1,109,有電梯_7樓以上
房地(土地+建物)+車位,西安街二段２０１號十一樓之５,11.0,1.0,1,44.99,899758,10.55,284360.0,25.119663,121.510481,唭哩岸站出口1,377,有電梯_7樓以上
房地(土地+建物)+車位,承德路四段１９１號九樓,9.0,22.0,1,58.06,633775,0.0,,25.088022,121.522334,劍潭站出口1,439,有電梯_7樓以上
房地(土地+建物)+車位,金湖路４０１巷２０號八樓,8.0,23.0,1,61.75,889766,13.42,0.0,25.072699,121.603692,葫洲站出口2,353,有電梯_7樓以上
房地(土地+建物),國興路１９號十二樓之３,12.0,36.0,1,30.69,553897,0.0,,25.02682,121.505335,龍山寺站出口3,1027,有電梯_7樓以上
房地(土地+建物)+車位,中央北路四段５４１巷１３號十一樓,11.0,1.0,1,48.56,712812,12.59,190627.0,25.127405,121.468199,關渡站出口1,241,有電梯_7樓以上
房地(土地+建物)+車位,健康路２３號十樓,10.0,25.0,1,54.81,797345,0.0,,25.053663,121.553475,台北小巨蛋站出口4,244,有電梯_7樓以上
房地(土地+建物),承德路四段８８號十三樓之１,13.0,0.0,1,19.81,938743,0.0,,25.082707,121.523055,劍潭站出口2,182,有電梯_7樓以上
房地(土地+建物)+車位,中央北路三段４０巷３４弄１６號二十一樓,21.0,10.0,1,76.57,489756,0.0,,25.139641,121.485967,復興崗站出口1,227,有電梯_7樓以上
房地(土地+建物)+車位,明德路９號八樓,8.0,23.0,1,65.4,619234,0.0,,25.106787,121.517093,明德站出口1,348,有電梯_7樓以上
房地(土地+建物)+車位,內湖路三段６０巷３９號十三樓,13.0,5.0,1,86.92,678783,0.0,,25.088436,121.593329,內湖站出口1,530,有電梯_7樓以上
房地(土地+建物),辛亥路四段７７巷９２弄９號十四樓之２,14.0,19.0,1,24.01,645662,0.0,,25.008779,121.561219,辛亥站出口,587,有電梯_7樓以上
房地(土地+建物)+車位,五常街１１巷５號十二樓之２,12.0,3.0,1,33.26,965404,10.62,0.0,25.064522,121.537885,行天宮站出口4,676,有電梯_7樓以上
房地(土地+建物)+車位,環河北路三段１２７號十一樓之１,11.0,18.0,1,33.56,542144,11.83,253593.0,25.085263,121.506131,三重國小站出口,1882,有電梯_7樓以上
房地(土地+建物)+車位,金湖路３２８之１１號十二樓,12.0,21.0,1,66.06,711476,0.0,,25.074519,121.601485,葫洲站出口2,616,有電梯_7樓以上
房地(土地+建物)+車位,秀明路二段１１５巷１１號十七樓,17.0,25.0,1,48.17,469201,0.0,,24.991162,121.578079,動物園站出口2,767,有電梯_7樓以上
房地(土地+建物)+車位,延平北路六段２１１號九樓之１,9.0,6.0,1,59.23,506531,0.0,,25.089115,121.505681,劍潭站出口3,2014,有電梯_7樓以上
房地(土地+建物)+車位,久康街１５５之１號十二樓,12.0,9.0,1,67.77,554725,24.33,205508.0,24.990609,121.567236,萬芳社區站出口,894,有電梯_7樓以上
房地(土地+建物)+車位,吳興街６００巷１００弄２０號九樓,9.0,9.0,1,28.12,794868,4.85,0.0,25.01748,121.572241,麟光站出口,1379,有電梯_7樓以上
房地(土地+建物)+車位,興順街８５號八樓,8.0,17.0,1,42.64,602673,0.0,,25.001267,121.544363,萬隆站出口2,485,有電梯_7樓以上
房地(土地+建物),泉源路３４之１號八樓之１,8.0,25.0,1,13.17,514774,0.0,,25.140237,121.506529,新北投站出口1,473,有電梯_7樓以上
房地(土地+建物),國興路５２號八樓,8.0,43.0,1,18.1,607682,0.0,,25.025581,121.507244,小南門站出口3,1146,有電梯_7樓以上
房地(土地+建物)+車位,東華街一段４９６號十樓之１,10.0,16.0,1,77.55,1263129,33.22,0.0,25.112979,121.517675,石牌站出口2,156,有電梯_7樓以上
房地(土地+建物)+車位,天母北路５６號十三樓之１,13.0,2.0,1,55.37,1092153,11.73,213129.0,25.121533,121.52636,石牌站出口1,1336,有電梯_7樓以上
房地(土地+建物)+車位,木新路三段９５巷４２號十一樓之３,11.0,15.0,1,80.04,661620,23.81,209996.0,24.981062,121.562483,大坪林站出口5,1953,有電梯_7樓以上
房地(土地+建物)+車位,迪化街二段１５８號十一樓,11.0,2.0,1,54.22,775940,19.43,257334.0,25.066822,121.510066,大橋頭站出口1A,423,有電梯_7樓以上
房地(土地+建物)+車位,樟新街３６號十四樓之１,14.0,28.0,1,52.25,451694,0.0,,24.97842,121.555327,七張站出口2,1290,有電梯_7樓以上
房地(土地+建物)+車位,石牌路二段３１５巷３４弄７號九樓,9.0,7.0,1,66.87,798893,11.34,0.0,25.123747,121.522717,石牌站出口1,1232,有電梯_7樓以上
房地(土地+建物)+車位,三合街一段８２巷７３號八樓之６,8.0,0.0,1,36.02,732371,11.81,131245.0,25.128603,121.50433,奇岩站出口1,436,有電梯_7樓以上
房地(土地+建物)+車位,中坡南路２０１巷１８之３號十三樓,13.0,1.0,1,42.44,979994,9.91,302725.0,25.041398,121.586504,後山埤站出口2,534,有電梯_7樓以上
房地(土地+建物)+車位,明德路２８號十樓,10.0,6.0,1,92.91,921380,26.7,0.0,25.107193,121.518087,明德站出口1,258,有電梯_7樓以上
房地(土地+建物),木柵路四段１３９號十八樓之５,18.0,12.0,1,25.49,765138,0.0,,24.99857,121.573753,木柵站出口,56,有電梯_7樓以上
房地(土地+建物)+車位,明水路５３７號八樓之１,8.0,29.0,1,55.79,824476,0.0,,25.078307,121.551771,大直站出口3,495,有電梯_7樓以上
房地(土地+建物),青年路１２號十一樓,11.0,36.0,1,30.63,607286,0.0,,25.026038,121.5059,龍山寺站出口3,1129,有電梯_7樓以上
房地(土地+建物)+車位,石牌路一段３９巷１３１弄２０號十二樓,12.0,8.0,1,58.77,848782,0.0,,25.118128,121.509012,唭哩岸站出口1,356,有電梯_7樓以上
房地(土地+建物),國興路１０２號九樓之１,9.0,32.0,1,46.29,608398,0.0,,25.027382,121.505451,龍山寺站出口3,974,有電梯_7樓以上
房地(土地+建物)+車位,經貿二路２３５巷５８號八樓之３,8.0,14.0,1,52.17,953946,11.28,221631.0,25.062051,121.615424,南港軟體園區站出口1,190,有電梯_7樓以上
房地(土地+建物)+車位,民權東路六段１３３號八樓之１,8.0,16.0,1,58.38,782811,0.0,,25.06914,121.593798,文德站出口1,1341,有電梯_7樓以上
房地(土地+建物)+車位,辛亥路四段２０９巷６號二十一樓,21.0,2.0,1,76.64,890985,20.01,309845.0,25.002176,121.556232,辛亥站出口,337,有電梯_7樓以上
房地(土地+建物)+車位,中央北路四段５４１巷１１號十八樓,18.0,1.0,1,41.1,765712,11.54,225303.0,25.127483,121.468327,關渡站出口1,254,有電梯_7樓以上
房地(土地+建物)+車位,康樂街１２９之２號九樓,9.0,10.0,1,63.7,716004,21.8,229358.0,25.071464,121.619292,東湖站出口3,886,有電梯_7樓以上
房地(土地+建物)+車位,石牌路一段３９巷１４６號十樓之５,10.0,1.0,1,35.05,789858,13.52,221893.0,25.118068,121.510116,唭哩岸站出口1,436,有電梯_7樓以上
房地(土地+建物)+車位,成功路四段１７８號八樓,8.0,5.0,1,84.46,870194,0.0,,25.083356,121.593582,內湖站出口1,81,有電梯_7樓以上
房地(土地+建物)+車位,星雲街１６１巷８號十三樓之１,13.0,17.0,1,42.1,913528,11.66,214408.0,25.081878,121.596209,內湖站出口2,253,有電梯_7樓以上
房地(土地+建物),星雲街１３８巷６號十一樓,11.0,23.0,1,48.7,605795,0.0,,25.079498,121.594981,內湖站出口2,462,有電梯_7樓以上
房地(土地+建物)+車位,萬壽路６１巷３號十樓,10.0,27.0,1,40.75,488802,12.51,0.0,24.986932,121.588228,動物園站出口1,1515,有電梯_7樓以上
房地(土地+建物)+車位,陽光街９２巷２５弄１９號十樓之１,10.0,9.0,1,22.78,960312,0.0,,25.075915,121.584153,文德站出口2,275,有電梯_7樓以上
房地(土地+建物)+車位,涼州街２號十二樓之６,12.0,11.0,1,36.59,1051696,11.77,0.0,25.060812,121.515804,大橋頭站出口2,369,有電梯_7樓以上
房地(土地+建物)+車位,經貿二路１５７巷３６弄１１２號十四樓,14.0,8.0,1,99.23,732920,27.33,175631.0,25.062575,121.613946,南港軟體園區站出口1,311,有電梯_7樓以上
建物,瑞光路２５３巷１５號八樓,8.0,25.0,1,42.39,301942,0.0,,25.075276,121.578305,港墘站出口1,596,有電梯_7樓以上
房地(土地+建物),延吉街１７９號九樓,9.0,39.0,1,37.18,1070462,0.0,,25.038075,121.555492,國父紀念館站出口2,350,有電梯_7樓以上
房地(土地+建物)+車位,辛亥路四段７７巷９２弄３號八樓,8.0,19.0,1,68.07,499475,0.0,,25.008997,121.560418,辛亥站出口,551,有電梯_7樓以上
房地(土地+建物)+車位,市民大道六段１０８號九樓之２,9.0,0.0,1,14.69,1271382,4.56,0.0,25.049134,121.57254,松山站出口2,391,有電梯_7樓以上
房地(土地+建物)+車位,迪化街二段１７２巷２８號八樓之１,8.0,21.0,1,25.87,676294,1.03,1165049.0,25.067113,121.509423,大橋頭站出口1A,481,有電梯_7樓以上
房地(土地+建物),辛亥路四段２１巷１４號十六樓,16.0,27.0,1,19.77,632227,0.0,,25.008876,121.559108,辛亥站出口,468,有電梯_7樓以上
房地(土地+建物),新生北路二段３１之１號八樓之２,8.0,45.0,1,21.71,688706,0.0,,25.054327,121.527753,松江南京站出口1,543,有電梯_7樓以上
房地(土地+建物),和平東路三段１巷７２弄５號十一樓,11.0,37.0,1,26.26,879767,0.0,,25.027798,121.546263,科技大樓站出口,322,有電梯_7樓以上
房地(土地+建物)+車位,松信路５０巷８號十樓,10.0,9.0,1,117.15,682873,0.0,,25.047195,121.571233,松山站出口2,604,有電梯_7樓以上
房地(土地+建物),和平東路三段２３２號十一樓,11.0,38.0,1,33.67,809224,0.0,,25.02207,121.554712,六張犁站出口,281,有電梯_7樓以上
房地(土地+建物)+車位,民生東路二段９３巷１５號十三樓,13.0,1.0,1,101.69,1012106,22.65,309051.0,25.058623,121.531057,行天宮站出口1,209,有電梯_7樓以上
房地(土地+建物)+車位,中央北路二段３５０巷６２號十二樓,12.0,7.0,1,58.19,378099,0.0,,25.139601,121.488758,復興崗站出口1,400,有電梯_7樓以上
房地(土地+建物),和平西路一段１７０號九樓之１,9.0,43.0,1,17.89,625948,0.0,,25.027451,121.51483,中正紀念堂站出口2,650,有電梯_7樓以上
房地(土地+建物)+車位,民生東路二段１１５巷８號十三樓,13.0,1.0,1,101.69,1012106,22.65,309051.0,25.058592,121.531596,行天宮站出口1,156,有電梯_7樓以上
房地(土地+建物)+車位,街１９號十二樓,12.0,16.0,1,29.38,861029,2.35,0.0,25.05467,121.606829,南港站出口2,300,有電梯_7樓以上
房地(土地+建物)+車位,星雲街１３５號十一樓之３,11.0,18.0,1,64.09,981811,8.48,294811.0,25.080803,121.596185,內湖站出口2,353,有電梯_7樓以上
房地(土地+建物),松山路４８２巷２４號十四樓,14.0,37.0,1,34.17,681817,0.0,,25.038749,121.577689,永春站出口4,244,有電梯_7樓以上
房地(土地+建物)+車位,中央北路二段３５０巷８６號十一樓,11.0,7.0,1,66.86,460633,0.0,,25.13974,121.489199,復興崗站出口1,446,有電梯_7樓以上
房地(土地+建物)+車位,重陽路５７巷６３號八樓,8.0,15.0,1,55.54,863131,12.68,197161.0,25.057912,121.595998,昆陽站出口4,846,有電梯_7樓以上
房地(土地+建物)+車位,莒光路３３７號十二樓,12.0,5.0,1,78.48,750116,16.74,292712.0,25.030943,121.497288,龍山寺站出口2,528,有電梯_7樓以上
房地(土地+建物),松山路４８２巷３０號十四樓,14.0,37.0,1,23.83,839246,0.0,,25.03882,121.577786,永春站出口4,242,有電梯_7樓以上
房地(土地+建物)+車位,思源街１２之６號八樓,8.0,22.0,1,49.82,672357,0.0,,25.014634,121.531576,公館站出口4,214,有電梯_7樓以上
房地(土地+建物)+車位,辛亥路六段３７號十二樓之２,12.0,14.0,1,39.96,682851,13.13,190404.0,24.989292,121.55355,萬芳醫院站出口,1199,有電梯_7樓以上
房地(土地+建物)+車位,中央北路二段３５０巷７８號八樓,8.0,7.0,1,55.47,498801,0.0,,25.139474,121.489046,復興崗站出口1,418,有電梯_7樓以上
房地(土地+建物),復興南路二段１５１巷４４號十樓,10.0,37.0,1,31.22,860960,0.0,,25.028062,121.54572,科技大樓站出口,298,有電梯_7樓以上
房地(土地+建物)+車位,木柵路二段１０９巷１００弄４６號十六樓,16.0,26.0,1,38.74,501359,4.14,422705.0,24.992567,121.56223,萬芳醫院站出口,883,有電梯_7樓以上
房地(土地+建物),仁愛路四段５０之８７號,11.0,51.0,1,16.52,1457938,0.0,,25.037652,121.547449,忠孝敦化站出口6,414,有電梯_7樓以上
房地(土地+建物)+車位,松信路７號八樓,8.0,22.0,1,43.34,951850,10.24,0.0,25.048848,121.572352,松山站出口2,419,有電梯_7樓以上
房地(土地+建物)+車位,中央北路四段５４１巷３號十八樓,18.0,1.0,1,41.06,763037,12.59,214456.0,25.12766,121.468387,關渡站出口1,275,有電梯_7樓以上
房地(土地+建物)+車位,萬美街二段５１號九樓,9.0,27.0,1,55.19,308021,0.0,,25.005085,121.564543,辛亥站出口,758,有電梯_7樓以上
房地(土地+建物)+車位,文化三路１７２號八樓,8.0,3.0,1,57.79,645683,19.54,0.0,25.139439,121.49898,新北投站出口2,454,有電梯_7樓以上
房地(土地+建物),江南街９６巷３號十三樓之２,13.0,26.0,1,22.5,702319,0.0,,25.077172,121.576908,港墘站出口1,347,有電梯_7樓以上
房地(土地+建物)+車位,行善路１８７號十一樓,11.0,1.0,1,55.13,1098926,9.63,311526.0,25.059544,121.581828,松山站出口5,1079,有電梯_7樓以上
房地(土地+建物)+車位,寶清街１０３之６號十一樓,11.0,5.0,1,40.47,1027035,8.82,0.0,25.053248,121.567733,南京三民站出口4,356,有電梯_7樓以上
房地(土地+建物),國興路８６號八樓之１,8.0,32.0,1,46.29,585497,0.0,,25.026753,121.506034,龍山寺站出口3,1061,有電梯_7樓以上
房地(土地+建物)+車位,文德路２２０巷３５號八樓之２,8.0,15.0,1,34.03,909948,13.28,0.0,25.077894,121.58817,文德站出口1,269,有電梯_7樓以上
房地(土地+建物)+車位,安康路４２６號八樓,8.0,2.0,1,55.13,640194,9.05,0.0,25.066647,121.614698,東湖站出口3,279,有電梯_7樓以上
房地(土地+建物)+車位,金湖路１２７號十一樓,11.0,10.0,1,115.73,1030355,27.9,268817.0,25.080281,121.598181,內湖站出口2,518,有電梯_7樓以上
房地(土地+建物)+車位,中央北路二段３５０巷６２號十三樓,13.0,7.0,1,58.19,489810,0.0,,25.139601,121.488758,復興崗站出口1,400,有電梯_7樓以上
房地(土地+建物)+車位,內湖路一段９１巷５７號八樓之１,8.0,19.0,1,34.76,665091,5.77,311958.0,25.08881,121.562288,劍南路站出口1,790,有電梯_7樓以上
房地(土地+建物)+車位,松江路４０８號十二樓,12.0,7.0,1,79.4,1091342,18.01,333148.0,25.064158,121.532964,行天宮站出口4,422,有電梯_7樓以上
房地(土地+建物),民權東路六段２９６巷１０９之１號十一樓,11.0,28.0,1,29.14,823959,0.0,,25.070065,121.608729,葫洲站出口1,280,有電梯_7樓以上
房地(土地+建物),敦化南路二段２８號十二樓之１,12.0,35.0,1,45.93,1203887,0.0,,25.032229,121.548402,信義安和站出口2,406,有電梯_7樓以上
房地(土地+建物),福德街４４７號十七樓,17.0,24.0,1,52.86,529713,0.0,,25.039373,121.592884,後山埤站出口3,1167,有電梯_7樓以上
房地(土地+建物),大業路５２９號九樓,9.0,27.0,1,29.78,554099,0.0,,25.135109,121.496262,北投站出口1,361,有電梯_7樓以上
房地(土地+建物),國興路１０２號九樓之３,9.0,32.0,1,45.89,577440,0.0,,25.027382,121.505451,龍山寺站出口3,974,有電梯_7樓以上
房地(土地+建物),民生東路三段８８巷２０號十二樓之３,12.0,36.0,1,45.02,699720,0.0,,25.056934,121.542391,中山國中站出口,461,有電梯_7樓以上
房地(土地+建物),基隆路二段２１７號十二樓,12.0,38.0,1,36.62,764534,0.0,,25.022989,121.551283,六張犁站出口,175,有電梯_7樓以上
房地(土地+建物),康寧路三段１８９巷１４１弄３５號九樓,9.0,27.0,1,35.37,603546,0.0,,25.074361,121.61115,葫洲站出口1,372,有電梯_7樓以上
房地(土地+建物),忠孝東路六段１３０號八樓之２,8.0,12.0,1,10.06,1121146,0.0,,25.047922,121.585355,後山埤站出口3,365,有電梯_7樓以上
房地(土地+建物),忠孝東路五段５３６號十一樓,11.0,36.0,1,43.27,769595,0.0,,25.041612,121.579595,永春站出口5,308,有電梯_7樓以上
房地(土地+建物),信安街１６１之１號十一樓,11.0,39.0,1,20.43,822287,0.0,,25.022475,121.554921,六張犁站出口,268,有電梯_7樓以上
房地(土地+建物),復興北路２０４號十樓,10.0,36.0,1,29.64,887347,0.0,,25.055736,121.543692,南京復興站出口7,372,有電梯_7樓以上
房地(土地+建物),文德路９０巷３４號八樓,8.0,25.0,1,17.84,798839,0.0,,25.076966,121.58281,文德站出口2,237,有電梯_7樓以上
房地(土地+建物)+車位,重陽路１１號十一樓,11.0,1.0,1,24.21,1154048,8.09,296663.0,25.05541,121.595513,昆陽站出口4,565,有電梯_7樓以上
房地(土地+建物)+車位,成功路五段４５０巷２１弄５３號十一樓,11.0,23.0,1,84.14,781165,29.76,252016.0,25.073657,121.607835,葫洲站出口1,130,有電梯_7樓以上
房地(土地+建物)+車位,辛亥路六段３７號十樓之１,10.0,14.0,1,52.51,637487,13.13,190404.0,24.989292,121.55355,萬芳醫院站出口,1199,有電梯_7樓以上
房地(土地+建物)+車位,明德路１５０巷１５號十二樓,12.0,14.0,1,76.67,906511,23.59,206867.0,25.110578,121.52149,明德站出口1,275,有電梯_7樓以上
房地(土地+建物)+車位,社子街８６號八樓之１,8.0,14.0,1,30.15,639776,6.39,0.0,25.087439,121.506061,劍潭站出口3,1935,有電梯_7樓以上
房地(土地+建物),中正路４９７號十二樓,12.0,36.0,1,43.25,627307,0.0,,25.091946,121.518341,士林站出口1,805,有電梯_7樓以上
房地(土地+建物)+車位,三民路４３巷６號十二樓之３,12.0,16.0,1,60.83,789128,0.0,,25.05636,121.56144,南京三民站出口1,555,有電梯_7樓以上
房地(土地+建物),信義路四段１３７號九樓,9.0,42.0,1,58.27,900971,0.0,,25.033456,121.549346,信義安和站出口2,305,有電梯_7樓以上
房地(土地+建物),敬業三路１６２巷２８號八樓,8.0,22.0,1,47.11,653305,0.0,,25.077921,121.557953,劍南路站出口3,737,有電梯_7樓以上
房地(土地+建物),水源路２３之１號九樓,9.0,38.0,1,33.27,649196,0.0,,25.016516,121.525301,台電大樓站出口1,478,有電梯_7樓以上
房地(土地+建物),通北街６５巷２弄１０號八樓,8.0,28.0,1,45.34,595479,0.0,,25.083043,121.539293,大直站出口1,825,有電梯_7樓以上
房地(土地+建物)+車位,幽雅路７號八樓之７,8.0,14.0,1,28.74,454160,7.03,213371.0,25.137316,121.513129,新北投站出口1,968,有電梯_7樓以上
房地(土地+建物)+車位,中山北路六段４４１巷４７號十樓,10.0,14.0,1,135.48,880050,43.13,185486.0,25.116721,121.525379,石牌站出口2,986,有電梯_7樓以上
房地(土地+建物)+車位,文林北路１３０號十四樓之１,14.0,16.0,1,71.47,792957,10.48,0.0,25.106182,121.517076,明德站出口1,405,有電梯_7樓以上
房地(土地+建物)+車位,通北街１１８巷５號八樓,8.0,23.0,1,52.47,550362,0.0,,25.084033,121.537489,大直站出口1,1034,有電梯_7樓以上
房地(土地+建物)+車位,健康路３２５巷２５弄２０號九樓,9.0,1.0,1,66.82,1016829,12.06,248756.0,25.056345,121.565979,南京三民站出口4,544,有電梯_7樓以上
房地(土地+建物)+車位,北安路６６６號八樓,8.0,3.0,1,44.23,1240411,7.07,268741.0,25.083838,121.549417,大直站出口1,461,有電梯_7樓以上
房地(土地+建物)+車位,三民路３５巷５號十樓之２,10.0,18.0,1,67.99,742758,0.0,,25.055269,121.562829,南京三民站出口1,406,有電梯_7樓以上
房地(土地+建物)+車位,忠誠路一段８４號九樓,9.0,34.0,1,36.32,787552,0.0,,25.105205,121.527669,芝山站出口2,558,有電梯_7樓以上
房地(土地+建物)+車位,南港路二段１４６號十二樓,12.0,26.0,1,49.4,698406,0.0,,25.053843,121.600486,南港站出口1,629,有電梯_7樓以上
房地(土地+建物),青年路１５２巷２０號十一樓之３,11.0,15.0,1,57.26,534375,0.0,,25.020954,121.501849,頂溪站出口2,1561,有電梯_7樓以上
房地(土地+建物),五常街３１號十一樓之２,11.0,7.0,1,18.72,1079311,0.0,,25.064411,121.538465,中山國中站出口,684,有電梯_7樓以上
房地(土地+建物)+車位,汀州路四段１９５號十一樓,11.0,12.0,1,47.83,857378,10.89,229568.0,25.003574,121.535962,萬隆站出口4,281,有電梯_7樓以上
房地(土地+建物),國興路１巷１號九樓之１,9.0,40.0,1,30.78,581502,0.0,,25.024607,121.509002,小南門站出口4,1206,有電梯_7樓以上
房地(土地+建物)+車位,康寧路三段５４巷１２號十二樓,12.0,26.0,1,49.26,778858,13.69,182615.0,25.071428,121.60888,葫洲站出口1,145,有電梯_7樓以上
房地(土地+建物)+車位,承德路四段６３號九樓,9.0,26.0,1,50.25,626813,0.0,,25.081329,121.523313,劍潭站出口2,260,有電梯_7樓以上
房地(土地+建物)+車位,內湖路一段４１１巷６６號十三樓,13.0,6.0,1,166.92,1127581,29.57,405817.0,25.083934,121.5711,西湖站出口2,452,有電梯_7樓以上
房地(土地+建物),復興北路１９０巷２５號八樓之２,8.0,36.0,1,29.78,822670,0.0,,25.055702,121.542741,南京復興站出口1,348,有電梯_7樓以上
房地(土地+建物),復興南路二段７８巷３０弄７號十五樓,15.0,35.0,1,40.2,1082193,0.0,,25.030454,121.542475,大安站出口5,296,有電梯_7樓以上
房地(土地+建物),國興路１６號九樓,9.0,43.0,1,18.1,574536,0.0,,25.024653,121.508581,小南門站出口3,1209,有電梯_7樓以上
房地(土地+建物)+車位,中山北路六段３５巷１８號九樓,9.0,6.0,1,130.92,1202264,39.42,0.0,25.102971,121.524564,芝山站出口1,220,有電梯_7樓以上
房地(土地+建物),信義路三段１３４巷５０號十三樓,13.0,36.0,1,32.69,1000457,0.0,,25.030404,121.539153,大安站出口2,436,有電梯_7樓以上
房地(土地+建物)+車位,民權東路六段１８０巷９２號九樓,9.0,6.0,1,57.64,840948,11.27,221828.0,25.065602,121.592437,文德站出口1,1606,有電梯_7樓以上
房地(土地+建物)+車位,新明路４２８巷１號十一樓,11.0,3.0,1,31.65,753229,9.08,275330.0,25.054519,121.579268,松山站出口5,465,有電梯_7樓以上
房地(土地+建物)+車位,富貴一路４之１號九樓,9.0,34.0,1,82.52,702818,0.0,,25.114042,121.523988,明德站出口2,694,有電梯_7樓以上
房地(土地+建物),大安路一段２０４號十樓之１,10.0,14.0,1,16.92,1410943,0.0,,25.034773,121.545899,大安站出口6,233,有電梯_7樓以上
建物,北平東路１６號十二樓之１,12.0,33.0,1,24.52,344651,0.0,,25.046007,121.524627,善導寺站出口6,155,有電梯_7樓以上
房地(土地+建物)+車位,民權東路六段１８０巷１５２號十樓之３,10.0,11.0,1,52.34,681274,11.97,208855.0,25.065184,121.591969,文德站出口1,1630,有電梯_7樓以上
房地(土地+建物)+車位,敬業三路１６２巷４９號十樓,10.0,22.0,1,47.1,668844,0.0,,25.07834,121.558532,劍南路站出口3,710,有電梯_7樓以上
房地(土地+建物)+車位,芝玉路一段２２２號九樓之１,9.0,14.0,1,43.19,924643,9.25,0.0,25.108513,121.534003,芝山站出口2,1285,有電梯_7樓以上
房地(土地+建物)+車位,指南路三段２２巷１２號八樓,8.0,10.0,1,75.28,500356,11.32,0.0,24.983568,121.578464,動物園站出口2,1604,有電梯_7樓以上
房地(土地+建物)+車位,忠孝東路五段２３６巷２７弄２０號九樓,9.0,16.0,1,101.94,1353760,41.52,289017.0,25.038376,121.573401,永春站出口2,327,有電梯_7樓以上
房地(土地+建物)+車位,忠孝東路五段２３６巷２７弄２２號九樓,9.0,16.0,1,98.6,1353267,37.86,316957.0,25.038371,121.573553,永春站出口2,318,有電梯_7樓以上
房地(土地+建物)+車位,立農街二段２０８號八樓,8.0,26.0,1,59.63,822526,10.54,0.0,25.118735,121.514443,石牌站出口1,427,有電梯_7樓以上
房地(土地+建物)+車位,成功路四段６１巷５５號九樓之２,9.0,5.0,1,82.76,875999,22.17,0.0,25.079737,121.593624,內湖站出口2,445,有電梯_7樓以上
房地(土地+建物)+車位,健康路３２５巷２５弄１６號十二樓,12.0,1.0,1,51.69,1110077,12.41,261886.0,25.056364,121.566213,南京三民站出口4,552,有電梯_7樓以上
房地(土地+建物)+車位,康樂街１８６巷３４之１號十一樓,11.0,16.0,1,45.05,566060,0.0,,25.076728,121.620749,葫洲站出口1,1361,有電梯_7樓以上
房地(土地+建物)+車位,延壽街３３０巷１７弄６之１號十一樓,11.0,29.0,1,39.91,776713,0.0,,25.054913,121.560829,南京三民站出口1,436,有電梯_7樓以上
房地(土地+建物),木柵路二段１０９巷１００弄６４之１號十樓,10.0,26.0,1,20.14,520268,0.0,,24.992537,121.561519,萬芳醫院站出口,851,有電梯_7樓以上
房地(土地+建物)+車位,松江路３６３號十樓,10.0,40.0,1,137.29,622786,0.0,,25.063826,121.533458,行天宮站出口4,388,有電梯_7樓以上
房地(土地+建物)+車位,南港路二段３８巷２４號十一樓,11.0,13.0,1,70.61,977046,14.32,174581.0,25.055291,121.604282,南港站出口1,430,有電梯_7樓以上
房地(土地+建物)+車位,懷德街４６號九樓,9.0,12.0,1,79.51,628860,0.0,,25.1125,121.519643,明德站出口2,292,有電梯_7樓以上
房地(土地+建物)+車位,重陽路５７巷２號八樓之２,8.0,17.0,1,51.17,829831,11.27,221828.0,25.055833,121.596318,昆陽站出口4,638,有電梯_7樓以上
房地(土地+建物)+車位,延壽街３３２號十一樓之１,11.0,13.0,1,63.99,890796,0.0,,25.056447,121.559878,南京三民站出口1,631,有電梯_7樓以上
房地(土地+建物)+車位,康寧路三段７０巷１０號九樓之１,9.0,17.0,1,39.43,660600,0.0,,25.069195,121.611501,東湖站出口2,224,有電梯_7樓以上
房地(土地+建物)+車位,民和街８１巷７號八樓,8.0,4.0,1,45.66,674126,10.65,234742.0,25.025308,121.498209,龍山寺站出口2,1102,有電梯_7樓以上
房地(土地+建物)+車位,延壽街３３２號八樓之２,8.0,13.0,1,63.99,828284,0.0,,25.056447,121.559878,南京三民站出口1,631,有電梯_7樓以上
房地(土地+建物)+車位,重陽路５４７號九樓,9.0,11.0,1,82.46,718054,24.1,207469.0,25.063024,121.613743,南港軟體園區站出口1,363,有電梯_7樓以上
房地(土地+建物)+車位,建國北路二段６０號十六樓,16.0,0.0,1,84.63,1074435,9.71,391349.0,25.054217,121.536441,松江南京站出口6,347,有電梯_7樓以上
房地(土地+建物)+車位,三重路４１巷３５號十一樓,11.0,11.0,1,94.45,701341,21.73,230097.0,25.060439,121.612806,南港軟體園區站出口1,308,有電梯_7樓以上
房地(土地+建物)+車位,中央北路四段５４１巷１５號十七樓,17.0,1.0,1,64.25,762894,25.19,254069.0,25.127493,121.468118,關渡站出口1,247,有電梯_7樓以上
房地(土地+建物)+車位,民權西路１６０巷１８弄８號十一樓之５,11.0,1.0,1,28.21,654327,9.76,181352.0,25.062139,121.515256,大橋頭站出口2,233,有電梯_7樓以上
房地(土地+建物)+車位,民權西路１６０巷１８弄８號十一樓之６,11.0,1.0,1,54.52,618802,9.76,181352.0,25.062139,121.515256,大橋頭站出口2,233,有電梯_7樓以上
房地(土地+建物)+車位,民權西路１６０巷１８弄６號十六樓之１,16.0,1.0,1,35.79,849018,9.76,245902.0,25.062139,121.515417,大橋頭站出口2,247,有電梯_7樓以上
房地(土地+建物)+車位,民權西路１６０巷２６弄１號十四樓之２,14.0,1.0,1,56.65,732541,0.0,,25.061697,121.515707,大橋頭站出口2,298,有電梯_7樓以上
房地(土地+建物)+車位,金龍路２４９號十二樓,12.0,26.0,1,59.77,590254,0.0,,25.088949,121.587082,內湖站出口1,926,有電梯_7樓以上
房地(土地+建物)+車位,敬業三路１６２巷１０２號十一樓,11.0,22.0,1,47.11,649822,0.0,,25.077557,121.558492,劍南路站出口3,791,有電梯_7樓以上
房地(土地+建物),水源路１３之１號十樓,10.0,38.0,1,34.07,551846,0.0,,25.015566,121.525935,台電大樓站出口1,524,有電梯_7樓以上
房地(土地+建物)+車位,和平西路二段１２８號十一樓,11.0,14.0,1,72.21,1045352,7.64,0.0,25.031906,121.506679,小南門站出口2,533,有電梯_7樓以上
房地(土地+建物)+車位,德行東路２５８號九樓之３,9.0,0.0,1,42.61,1087953,7.31,246238.0,25.109603,121.534373,芝山站出口2,1371,有電梯_7樓以上
房地(土地+建物)+車位,磺港路１３６號十一樓,11.0,8.0,1,68.78,718287,8.91,0.0,25.129343,121.502508,北投站出口2,382,有電梯_7樓以上
房地(土地+建物)+車位,建國北路二段５８號十九樓之１,19.0,0.0,1,69.89,1071465,9.71,411946.0,25.054095,121.536441,松江南京站出口6,338,有電梯_7樓以上
房地(土地+建物),木柵路二段１０９巷１００弄２６號九樓,9.0,26.0,1,34.65,499303,0.0,,24.992231,121.561656,萬芳醫院站出口,888,有電梯_7樓以上
房地(土地+建物)+車位,承德路四段８８號十一樓,11.0,0.0,1,45.77,895125,6.89,0.0,25.082707,121.523055,劍潭站出口2,182,有電梯_7樓以上
房地(土地+建物)+車位,承德路七段３９０號十三樓之１,13.0,26.0,1,45.63,558892,0.0,,25.119731,121.501984,唭哩岸站出口2,413,有電梯_7樓以上
房地(土地+建物)+車位,光復南路２９０巷２８號十三樓,13.0,10.0,1,73.28,1224752,5.92,0.0,25.03945,121.55639,國父紀念館站出口2,178,有電梯_7樓以上
房地(土地+建物)+車位,重慶北路四段２２２號十一樓,11.0,5.0,1,38.96,791537,11.32,0.0,25.085867,121.511468,劍潭站出口2,1368,有電梯_7樓以上
房地(土地+建物)+車位,建國北路二段５８號十樓,10.0,0.0,1,85.48,1087457,9.71,360453.0,25.054095,121.536441,松江南京站出口6,338,有電梯_7樓以上
房地(土地+建物)+車位,長春路３４５號九樓,9.0,35.0,1,69.64,618147,0.0,,25.054662,121.545185,南京復興站出口7,249,有電梯_7樓以上
房地(土地+建物)+車位,長春路３４７號九樓,9.0,35.0,1,62.32,593914,0.0,,25.054661,121.545225,南京復興站出口7,250,有電梯_7樓以上
房地(土地+建物)+車位,建國北路二段５８號二十一樓,21.0,0.0,1,84.63,1038665,9.71,391349.0,25.054095,121.536441,松江南京站出口6,338,有電梯_7樓以上
房地(土地+建物)+車位,建國北路二段６０號二十一樓,21.0,0.0,1,93.0,1038665,18.08,409292.0,25.054217,121.536441,松江南京站出口6,347,有電梯_7樓以上
房地(土地+建物)+車位,建國北路二段６０號二十樓,20.0,0.0,1,93.0,1014507,18.08,414823.0,25.054217,121.536441,松江南京站出口6,347,有電梯_7樓以上
房地(土地+建物)+車位,建國北路二段５８號二十一樓之１,21.0,0.0,1,69.4,1032850,9.71,391349.0,25.054095,121.536441,松江南京站出口6,338,有電梯_7樓以上
房地(土地+建物)+車位,建國北路二段５８號二十樓,20.0,0.0,1,84.63,1014507,9.71,391349.0,25.054095,121.536441,松江南京站出口6,338,有電梯_7樓以上
房地(土地+建物)+車位,建國北路二段６０號二十一樓之１,21.0,0.0,1,69.38,1032777,9.71,391349.0,25.054217,121.536441,松江南京站出口6,347,有電梯_7樓以上
房地(土地+建物)+車位,建國北路二段６０號二十樓之１,20.0,0.0,1,69.38,1008813,9.71,391349.0,25.054217,121.536441,松江南京站出口6,347,有電梯_7樓以上
房地(土地+建物)+車位,承德路四段８８號九樓之２,9.0,0.0,1,33.4,1079927,6.89,0.0,25.082707,121.523055,劍潭站出口2,182,有電梯_7樓以上
房地(土地+建物)+車位,建國北路二段５８號二十樓之１,20.0,0.0,1,69.4,1008725,9.71,391349.0,25.054095,121.536441,松江南京站出口6,338,有電梯_7樓以上
房地(土地+建物)+車位,環山路一段２８號十三樓,13.0,13.0,1,130.45,1014673,39.11,255689.0,25.085104,121.564969,西湖站出口1,351,有電梯_7樓以上
房地(土地+建物),福德街４１３號十二樓,12.0,24.0,1,38.58,637105,0.0,,25.040001,121.591918,後山埤站出口3,1047,有電梯_7樓以上
房地(土地+建物)+車位,建國北路二段６０號十一樓,11.0,0.0,1,86.25,1100014,9.71,360453.0,25.054217,121.536441,松江南京站出口6,347,有電梯_7樓以上
房地(土地+建物)+車位,建國北路二段５８號二十二樓之１,22.0,0.0,1,69.4,1038379,9.71,422245.0,25.054095,121.536441,松江南京站出口6,338,有電梯_7樓以上
房地(土地+建物)+車位,德行東路２５８號十樓之１,10.0,0.0,1,54.86,1086111,12.29,215622.0,25.109603,121.534373,芝山站出口2,1371,有電梯_7樓以上
房地(土地+建物)+車位,健康路３２５巷２５弄１０號十二樓,12.0,1.0,1,57.3,1149753,12.41,261886.0,25.05638,121.566473,南京三民站出口4,562,有電梯_7樓以上
房地(土地+建物)+車位,建國北路二段５８號八樓,8.0,0.0,1,102.35,1014410,26.44,423601.0,25.054095,121.536441,松江南京站出口6,338,有電梯_7樓以上
房地(土地+建物)+車位,建國北路二段５８號二十三樓,23.0,-1.0,1,85.4,1200880,9.71,422245.0,25.054095,121.536441,松江南京站出口6,338,有電梯_7樓以上
房地(土地+建物)+車位,建國北路二段５８號十三樓,13.0,-1.0,1,95.15,1015480,19.42,417096.0,25.054095,121.536441,松江南京站出口6,338,有電梯_7樓以上
房地(土地+建物)+車位,建國北路二段６０號十三樓,13.0,-1.0,1,93.81,1030006,18.08,398230.0,25.054217,121.536441,松江南京站出口6,347,有電梯_7樓以上
房地(土地+建物)+車位,建國北路二段５８號九樓,9.0,-1.0,1,85.62,985163,9.71,422245.0,25.054095,121.536441,松江南京站出口6,338,有電梯_7樓以上
房地(土地+建物)+車位,建國北路二段６０號二十三樓,23.0,-1.0,1,93.77,1199559,18.08,442478.0,25.054217,121.536441,松江南京站出口6,347,有電梯_7樓以上
房地(土地+建物)+車位,內湖路二段１０３巷１６號二十六樓,26.0,3.0,1,193.61,1386094,36.19,265267.0,25.080468,121.582119,文德站出口2,343,有電梯_7樓以上
房地(土地+建物)+車位,建國北路二段５８號十二樓,12.0,-1.0,1,94.21,1012003,18.08,398230.0,25.054095,121.536441,松江南京站出口6,338,有電梯_7樓以上
房地(土地+建物)+車位,建國北路二段５８號十六樓,16.0,-1.0,1,93.0,1099794,18.08,420354.0,25.054095,121.536441,松江南京站出口6,338,有電梯_7樓以上
房地(土地+建物),建國北路二段５８號十五樓,15.0,-1.0,1,74.96,1062752,0.0,,25.054095,121.536441,松江南京站出口6,338,有電梯_7樓以上
房地(土地+建物)+車位,建國北路二段５８號十一樓,11.0,-1.0,1,95.96,987661,19.42,381050.0,25.054095,121.536441,松江南京站出口6,338,有電梯_7樓以上
房地(土地+建物)+車位,建國北路二段５８號十八樓,18.0,-1.0,1,85.0,1109103,9.71,422245.0,25.054095,121.536441,松江南京站出口6,338,有電梯_7樓以上
房地(土地+建物)+車位,育英街８５號八樓之２,8.0,-1.0,1,38.32,785490,13.66,186676.0,24.992599,121.538554,景美站出口3,201,有電梯_7樓以上
房地(土地+建物)+車位,建國北路二段６０號二十二樓之１,22.0,-1.0,1,69.38,1047021,9.71,422245.0,25.054217,121.536441,松江南京站出口6,347,有電梯_7樓以上
房地(土地+建物)+車位,育英街８５號八樓之１,8.0,-1.0,1,37.92,785723,13.24,188822.0,24.992599,121.538554,景美站出口3,201,有電梯_7樓以上
房地(土地+建物)+車位,建國北路二段６０號十六樓之１,16.0,-2.0,1,69.38,1068303,9.71,411946.0,25.054217,121.536441,松江南京站出口6,347,有電梯_7樓以上
房地(土地+建物)+車位,育英街８５號九樓,9.0,-2.0,1,77.83,869081,27.28,216276.0,24.992599,121.538554,景美站出口3,201,有電梯_7樓以上
房地(土地+建物)+車位,承德路二段１０９巷２號十二樓,12.0,-2.0,1,68.44,809655,10.38,247592.0,25.056628,121.519076,雙連站出口1,180,有電梯_7樓以上
房地(土地+建物)+車位,健康路３２５巷２５弄１８號十二樓,12.0,-1.0,1,51.34,933382,12.06,182421.0,25.056348,121.566102,南京三民站出口4,548,有電梯_7樓以上
房地(土地+建物)+車位,承德路二段１０９巷２號十四樓之８,14.0,-2.0,1,89.1,828130,31.14,262364.0,25.056628,121.519076,雙連站出口1,180,有電梯_7樓以上
房地(土地+建物)+車位,雲和街１０１號十二樓之１,12.0,-2.0,1,73.09,1220898,24.62,231519.0,25.023324,121.532185,台電大樓站出口2,467,有電梯_7樓以上
房地(土地+建物)+車位,雲和街１０１號十二樓,12.0,-2.0,1,72.94,1208502,24.62,227457.0,25.023324,121.532185,台電大樓站出口2,467,有電梯_7樓以上
房地(土地+建物)+車位,承德路二段１０９巷２號十一樓,11.0,-2.0,1,68.44,809655,10.38,219653.0,25.056628,121.519076,雙連站出口1,180,有電梯_7樓以上
房地(土地+建物)+車位,健康路３２５巷２５弄１８號十三樓,13.0,-1.0,1,49.87,946380,12.41,205479.0,25.056348,121.566102,南京三民站出口4,548,有電梯_7樓以上
房地(土地+建物)+車位,承德路二段１０９巷２號十三樓,13.0,-2.0,1,68.44,863563,10.38,269750.0,25.056628,121.519076,雙連站出口1,180,有電梯_7樓以上
房地(土地+建物)+車位,承德路二段１０９巷２號十四樓之２,14.0,-2.0,1,39.7,905579,10.38,240848.0,25.056628,121.519076,雙連站出口1,180,有電梯_7樓以上
房地(土地+建物)+車位,承德路二段１０９巷２號十四樓之６,14.0,-2.0,1,39.7,905579,10.38,240848.0,25.056628,121.519076,雙連站出口1,180,有電梯_7樓以上
房地(土地+建物)+車位,承德路二段１０９巷２號十五樓之１,15.0,-2.0,1,38.34,954695,9.02,243902.0,25.056628,121.519076,雙連站出口1,180,有電梯_7樓以上
房地(土地+建物)+車位,建國北路二段６０號二十三樓之１,23.0,-2.0,1,78.24,1193402,18.08,448009.0,25.054217,121.536441,松江南京站出口6,347,有電梯_7樓以上
房地(土地+建物)+車位,建國北路二段５８號二十三樓之１,23.0,-2.0,1,69.89,1193102,9.71,422245.0,25.054095,121.536441,松江南京站出口6,338,有電梯_7樓以上
房地(土地+建物)+車位,承德路二段１０９巷２號十一樓之５,11.0,-2.0,1,68.23,753807,10.38,206166.0,25.056628,121.519076,雙連站出口1,180,有電梯_7樓以上
房地(土地+建物)+車位,承德路二段１０９巷２號十一樓之６,11.0,-2.0,1,39.7,846913,10.38,260116.0,25.056628,121.519076,雙連站出口1,180,有電梯_7樓以上
房地(土地+建物)+車位,承德路二段１０９巷２號十二樓之３,12.0,-2.0,1,68.23,901422,10.38,313102.0,25.056628,121.519076,雙連站出口1,180,有電梯_7樓以上
房地(土地+建物)+車位,承德路二段１０９巷２號十六樓之１,16.0,-2.0,1,39.7,925362,10.38,260116.0,25.056628,121.519076,雙連站出口1,180,有電梯_7樓以上
房地(土地+建物)+車位,建國北路二段５８號十三樓之１,13.0,-2.0,1,79.6,976250,19.42,360453.0,25.054095,121.536441,松江南京站出口6,338,有電梯_7樓以上
房地(土地+建物)+車位,建國北路二段５８號十四樓之１,14.0,-2.0,1,69.4,1014421,9.71,381050.0,25.054095,121.536441,松江南京站出口6,338,有電梯_7樓以上
房地(土地+建物)+車位,建國北路二段５８號八樓之１,8.0,-2.0,1,69.46,942264,9.71,381050.0,25.054095,121.536441,松江南京站出口6,338,有電梯_7樓以上
房地(土地+建物)+車位,建國北路二段６０號十九樓之１,19.0,-2.0,1,89.29,1070405,29.13,411946.0,25.054217,121.536441,松江南京站出口6,347,有電梯_7樓以上
房地(土地+建物)+車位,建國北路二段５８號十二樓之１,12.0,-2.0,1,69.62,998214,9.71,360453.0,25.054095,121.536441,松江南京站出口6,338,有電梯_7樓以上
房地(土地+建物)+車位,建國北路二段６０號十二樓之１,12.0,-2.0,1,78.03,999177,18.08,376106.0,25.054217,121.536441,松江南京站出口6,347,有電梯_7樓以上
房地(土地+建物)+車位,承德路四段８８號十四樓,14.0,-3.0,1,45.77,773717,6.89,217707.0,25.082707,121.523055,劍潭站出口2,182,有電梯_7樓以上
房地(土地+建物)+車位,育英街８５號八樓,8.0,-3.0,1,56.29,784011,13.64,186950.0,24.992599,121.538554,景美站出口3,201,有電梯_7樓以上
房地(土地+建物)+車位,育英街８７號八樓,8.0,-3.0,1,72.15,781925,13.64,201613.0,24.992735,121.538613,景美站出口3,195,有電梯_7樓以上
房地(土地+建物)+車位,建國北路二段５８號十八樓之１,18.0,-3.0,1,69.62,1081676,9.71,370752.0,25.054095,121.536441,松江南京站出口6,338,有電梯_7樓以上
房地(土地+建物)+車位,雲和街１０１號八樓之１,8.0,-3.0,1,53.98,1189672,12.31,243704.0,25.023324,121.532185,台電大樓站出口2,467,有電梯_7樓以上
房地(土地+建物)+車位,雲和街１０１號十一樓,11.0,-3.0,1,60.63,1204363,12.31,268075.0,25.023324,121.532185,台電大樓站出口2,467,有電梯_7樓以上
房地(土地+建物)+車位,三合街一段８２巷７１號八樓之６,8.0,-3.0,1,38.7,622908,14.49,172533.0,25.128482,121.504389,奇岩站出口1,432,有電梯_7樓以上
房地(土地+建物)+車位,雲和街１０１號十樓,10.0,-3.0,1,72.94,1199810,24.62,268075.0,25.023324,121.532185,台電大樓站出口2,467,有電梯_7樓以上
房地(土地+建物)+車位,雲和街１０１號十一樓之１,11.0,-3.0,1,60.78,1211071,12.31,235581.0,25.023324,121.532185,台電大樓站出口2,467,有電梯_7樓以上
房地(土地+建物)+車位,雲和街１０１號九樓,9.0,-3.0,1,66.07,1224022,12.31,259951.0,25.023324,121.532185,台電大樓站出口2,467,有電梯_7樓以上
房地(土地+建物)+車位,建國北路二段５８號二十二樓,22.0,-3.0,1,84.63,817238,9.71,308960.0,25.054095,121.536441,松江南京站出口6,338,有電梯_7樓以上
房地(土地+建物)+車位,建國北路二段６０號二十二樓,22.0,-3.0,1,84.63,817238,9.71,308960.0,25.054217,121.536441,松江南京站出口6,347,有電梯_7樓以上
房地(土地+建物)+車位,雲和街１０１號九樓之１,9.0,-3.0,1,73.09,1208520,24.62,247766.0,25.023324,121.532185,台電大樓站出口2,467,有電梯_7樓以上
房地(土地+建物)+車位,雲和街１０１號八樓之２,8.0,-3.0,1,60.78,1206944,12.31,268075.0,25.023324,121.532185,台電大樓站出口2,467,有電梯_7樓以上
房地(土地+建物)+車位,建國北路二段６０號九樓之１,9.0,-3.0,1,69.44,954269,9.71,381050.0,25.054217,121.536441,松江南京站出口6,347,有電梯_7樓以上
房地(土地+建物)+車位,建國北路二段５８號九樓之１,9.0,-3.0,1,69.46,953979,9.71,381050.0,25.054095,121.536441,松江南京站出口6,338,有電梯_7樓以上
房地(土地+建物)+車位,雲和街１０１號八樓,8.0,-3.0,1,47.93,1195980,12.31,268075.0,25.023324,121.532185,台電大樓站出口2,467,有電梯_7樓以上
房地(土地+建物)+車位,雲和街１０１號十樓之１,10.0,-3.0,1,60.78,1210039,12.31,268075.0,25.023324,121.532185,台電大樓站出口2,467,有電梯_7樓以上
房地(土地+建物)+車位,三合街一段８２巷７１號八樓之５,8.0,-3.0,1,41.08,616710,14.49,165631.0,25.128482,121.504389,奇岩站出口1,432,有電梯_7樓以上
房地(土地+建物)+車位,三合街一段８２巷７３號八樓,8.0,-3.0,1,38.23,684407,14.49,165631.0,25.128603,121.50433,奇岩站出口1,436,有電梯_7樓以上
房地(土地+建物)+車位,三合街一段８２巷７３號八樓之１,8.0,-3.0,1,32.86,687617,14.49,158730.0,25.128603,121.50433,奇岩站出口1,436,有電梯_7樓以上
房地(土地+建物)+車位,承德路四段８８號十三樓,13.0,-3.0,1,47.37,760856,8.49,223793.0,25.082707,121.523055,劍潭站出口2,182,有電梯_7樓以上
房地(土地+建物),三合街一段８２巷７１號八樓之１,8.0,-3.0,1,18.37,680540,0.0,,25.128482,121.504389,奇岩站出口1,432,有電梯_7樓以上
房地(土地+建物)+車位,三合街一段８２巷７３號八樓之５,8.0,-3.0,1,41.08,637016,14.49,162181.0,25.128603,121.50433,奇岩站出口1,436,有電梯_7樓以上
房地(土地+建物),三合街一段８２巷７１號八樓之３,8.0,-3.0,1,14.96,631488,0.0,,25.128482,121.504389,奇岩站出口1,432,有電梯_7樓以上
房地(土地+建物)+車位,西安街二段２０３號八樓之２,8.0,-3.0,1,49.99,699799,10.55,284360.0,25.11974,121.510091,唭哩岸站出口1,337,有電梯_7樓以上
房地(土地+建物),三合街一段８２巷７３號八樓之３,8.0,-3.0,1,14.96,654877,0.0,,25.128603,121.50433,奇岩站出口1,436,有電梯_7樓以上
房地(土地+建物)+車位,三合街一段８２巷７１號八樓之２,8.0,-3.0,1,39.53,655328,14.49,165631.0,25.128482,121.504389,奇岩站出口1,432,有電梯_7樓以上
房地(土地+建物)+車位,三合街一段８２巷７３號八樓之２,8.0,-3.0,1,39.53,665311,14.49,169082.0,25.128603,121.50433,奇岩站出口1,436,有電梯_7樓以上
房地(土地+建物)+車位,三合街一段８２巷７１號八樓,8.0,-3.0,1,38.23,685670,14.49,165631.0,25.128482,121.504389,奇岩站出口1,432,有電梯_7樓以上
房地(土地+建物)+車位,承德路四段８８號十一樓,11.0,-3.0,1,45.77,717129,6.89,174165.0,25.082707,121.523055,劍潭站出口2,182,有電梯_7樓以上
房地(土地+建物)+車位,承德路四段８８號十四樓之６,14.0,-4.0,1,46.32,768751,8.49,212014.0,25.082707,121.523055,劍潭站出口2,182,有電梯_7樓以上
房地(土地+建物)+車位,建國北路二段５８號十一樓之１,11.0,-4.0,1,69.89,952986,9.71,381050.0,25.054095,121.536441,松江南京站出口6,338,有電梯_7樓以上
房地(土地+建物)+車位,承德路四段８８號八樓,8.0,-4.0,1,47.37,742851,8.49,259128.0,25.082707,121.523055,劍潭站出口2,182,有電梯_7樓以上
房地(土地+建物)+車位,建國北路二段６０號八樓之１,8.0,-4.0,1,69.44,920786,9.71,360453.0,25.054217,121.536441,松江南京站出口6,347,有電梯_7樓以上
房地(土地+建物),承德路四段８８號十二樓之７,12.0,-4.0,1,16.2,788650,0.0,,25.082707,121.523055,劍潭站出口2,182,有電梯_7樓以上
房地(土地+建物)+車位,承德路四段８８號十三樓之７,13.0,-4.0,1,23.1,707193,6.89,217707.0,25.082707,121.523055,劍潭站出口2,182,有電梯_7樓以上
房地(土地+建物),承德路四段８８號十五樓之１,15.0,-4.0,1,19.81,797427,0.0,,25.082707,121.523055,劍潭站出口2,182,有電梯_7樓以上
房地(土地+建物)+車位,承德路四段８８號十五樓,15.0,-4.0,1,47.37,778862,8.49,285041.0,25.082707,121.523055,劍潭站出口2,182,有電梯_7樓以上
房地(土地+建物),承德路四段８８號十四樓之７,14.0,-4.0,1,16.2,794821,0.0,,25.082707,121.523055,劍潭站出口2,182,有電梯_7樓以上
房地(土地+建物)+車位,承德路四段８８號十樓,10.0,-4.0,1,47.37,747995,8.49,259128.0,25.082707,121.523055,劍潭站出口2,182,有電梯_7樓以上
房地(土地+建物),重慶北路三段２０３之３號十二樓之５,12.0,-2.0,1,14.39,911750,0.0,,25.069939,121.513933,圓山站出口1,622,有電梯_7樓以上
房地(土地+建物),重慶北路三段２０３之３號十二樓之１,12.0,-2.0,1,14.36,913671,0.0,,25.069939,121.513933,圓山站出口1,622,有電梯_7樓以上
房地(土地+建物),重慶北路三段２０３之３號十二樓之３,12.0,-2.0,1,14.39,911750,0.0,,25.069939,121.513933,圓山站出口1,622,有電梯_7樓以上
房地(土地+建物)+車位,建國北路二段６０號十一樓之１,11.0,-4.0,1,68.59,949825,8.37,394265.0,25.054217,121.536441,松江南京站出口6,347,有電梯_7樓以上
房地(土地+建物)+車位,建國北路二段５８號十六樓之１,16.0,-4.0,1,69.4,1099026,9.71,411946.0,25.054095,121.536441,松江南京站出口6,338,有電梯_7樓以上
房地(土地+建物)+車位,承德路四段８８號九樓之５,9.0,-4.0,1,52.63,744682,15.98,187735.0,25.082707,121.523055,劍潭站出口2,182,有電梯_7樓以上
房地(土地+建物)+車位,建國北路二段６０號十八樓,18.0,-4.0,1,94.71,1109900,19.42,391349.0,25.054217,121.536441,松江南京站出口6,347,有電梯_7樓以上
房地(土地+建物),承德路四段８８號十五樓之７,15.0,-4.0,1,16.26,806920,0.0,,25.082707,121.523055,劍潭站出口2,182,有電梯_7樓以上
房地(土地+建物)+車位,承德路四段８８號十五樓之３,15.0,-4.0,1,35.03,767631,6.89,217707.0,25.082707,121.523055,劍潭站出口2,182,有電梯_7樓以上
房地(土地+建物),承德路四段８８號十四樓之１,14.0,-4.0,1,19.81,807521,0.0,,25.082707,121.523055,劍潭站出口2,182,有電梯_7樓以上
房地(土地+建物),承德路四段８８號十三樓之１,13.0,-4.0,1,19.81,798437,0.0,,25.082707,121.523055,劍潭站出口2,182,有電梯_7樓以上
房地(土地+建物)+車位,承德路四段８８號十五樓之６,15.0,-4.0,1,38.77,788634,8.49,212014.0,25.082707,121.523055,劍潭站出口2,182,有電梯_7樓以上
房地(土地+建物),承德路四段８８號八樓之１,8.0,-4.0,1,19.81,779763,0.0,,25.082707,121.523055,劍潭站出口2,182,有電梯_7樓以上
房地(土地+建物),承德路四段８８號八樓之７,8.0,-4.0,1,16.2,780628,0.0,,25.082707,121.523055,劍潭站出口2,182,有電梯_7樓以上
房地(土地+建物)+車位,承德路四段８８號十樓之１,10.0,-4.0,1,26.7,769786,6.89,217707.0,25.082707,121.523055,劍潭站出口2,182,有電梯_7樓以上
房地(土地+建物)+車位,建國北路二段５８號十七樓之１,17.0,-4.0,1,69.89,1075121,9.71,391349.0,25.054095,121.536441,松江南京站出口6,338,有電梯_7樓以上
房地(土地+建物),承德路四段８８號九樓之７,9.0,-4.0,1,16.2,789884,0.0,,25.082707,121.523055,劍潭站出口2,182,有電梯_7樓以上
房地(土地+建物),承德路四段８８號九樓之１,9.0,-4.0,1,19.81,785314,0.0,,25.082707,121.523055,劍潭站出口2,182,有電梯_7樓以上
房地(土地+建物),承德路四段８８號十二樓之１,12.0,-4.0,1,19.81,798437,0.0,,25.082707,121.523055,劍潭站出口2,182,有電梯_7樓以上
