交易標的,地址,幾樓,屋齡,是否有電梯,坪數,每坪價格,車位坪數,車位每坪價格,緯度,經度,最近捷運站出口,距離(公尺),類別
房地(土地+建物),金龍路２２２巷４號十一樓,11.0,30.0,1,30.82,619045,0.0,,25.087846,121.586284,內湖站出口1,924,有電梯_7樓以上
房地(土地+建物),東園街６６巷２４弄８號十一樓之１,11.0,7.0,1,32.75,610600,0.0,,25.024802,121.495488,龍山寺站出口2,1226,有電梯_7樓以上
房地(土地+建物)+車位,承德路七段１６６號十八樓,18.0,1.0,1,89.22,870051,15.08,364721.0,25.113407,121.508698,石牌站出口1,682,有電梯_7樓以上
房地(土地+建物)+車位,北安路８２９號十三樓之２,13.0,13.0,1,25.86,522089,0.0,,25.084811,121.556951,劍南路站出口3,104,有電梯_7樓以上
房地(土地+建物)+車位,幽雅路７號十二樓之９,12.0,15.0,1,30.57,496474,14.05,0.0,25.137316,121.513129,新北投站出口1,968,有電梯_7樓以上
房地(土地+建物),星雲街１６８巷４３號二十一樓之２,21.0,27.0,1,17.86,760376,0.0,,25.080177,121.59724,內湖站出口2,467,有電梯_7樓以上
房地(土地+建物)+車位,泉源路３９之４５號十一樓,11.0,39.0,1,50.08,345901,11.05,180995.0,25.141441,121.50715,新北投站出口1,617,有電梯_7樓以上
房地(土地+建物)+車位,重慶南路三段４３號二十一樓,21.0,2.0,1,87.61,1578004,24.25,338144.0,25.027784,121.516205,中正紀念堂站出口2,554,有電梯_7樓以上
房地(土地+建物),康寧路一段２９２號十一樓之４,11.0,32.0,1,14.38,785768,0.0,,25.078247,121.597872,內湖站出口2,683,有電梯_7樓以上
房地(土地+建物)+車位,內湖路二段１０３巷１８號十七樓,17.0,6.0,1,204.71,1579893,72.38,290135.0,25.080553,121.582045,文德站出口2,355,有電梯_7樓以上
房地(土地+建物),中華路二段５０４巷１６號十樓,10.0,45.0,1,13.94,744664,0.0,,25.025624,121.507519,小南門站出口3,1132,有電梯_7樓以上
房地(土地+建物)+車位,建國北路二段２２０號十四樓,14.0,13.0,1,93.39,820480,26.36,227618.0,25.06088,121.536571,行天宮站出口3,339,有電梯_7樓以上
房地(土地+建物)+車位,北安路８２９號十三樓之８,13.0,13.0,1,40.21,1090900,12.7,0.0,25.084811,121.556951,劍南路站出口3,104,有電梯_7樓以上
房地(土地+建物)+車位,敬業三路１６２巷１１９號十樓,10.0,24.0,1,47.02,638060,0.0,,25.079603,121.559497,劍南路站出口3,628,有電梯_7樓以上
房地(土地+建物)+車位,長春路２５８巷２６號九樓之２,9.0,21.0,1,25.23,878350,15.21,144642.0,25.053567,121.538976,南京復興站出口1,334,有電梯_7樓以上
房地(土地+建物)+車位,關渡路６６之１號十二樓,12.0,34.0,1,48.93,378120,0.0,,25.120566,121.469218,關渡站出口1,577,有電梯_7樓以上
房地(土地+建物),中山北路六段２３６巷９號十三樓之１,13.0,2.0,1,39.15,1175074,0.0,,25.10827,121.526184,芝山站出口2,627,有電梯_7樓以上
房地(土地+建物)+車位,和平東路三段２１２巷２號九樓之１,9.0,24.0,1,68.62,827723,0.0,,25.022553,121.553971,六張犁站出口,191,有電梯_7樓以上
房地(土地+建物),中華路二段４９８巷１１號十二樓,12.0,45.0,1,18.1,701596,0.0,,25.025946,121.507161,小南門站出口3,1110,有電梯_7樓以上
房地(土地+建物),青年路３０巷１０號十二樓之３,12.0,37.0,1,31.54,653043,0.0,,25.025933,121.503988,龍山寺站出口3,1082,有電梯_7樓以上
房地(土地+建物),明水路５３７號十樓,10.0,30.0,1,36.01,954667,0.0,,25.078307,121.551771,大直站出口3,495,有電梯_7樓以上
房地(土地+建物),敦化南路二段１０６號二十一樓,21.0,38.0,1,43.83,1183605,0.0,,25.027592,121.548383,科技大樓站出口,504,有電梯_7樓以上
房地(土地+建物),復興南路二段１７１巷１８號十一樓,11.0,39.0,1,39.05,839956,0.0,,25.027475,121.544608,科技大樓站出口,177,有電梯_7樓以上
房地(土地+建物)+車位,星雲街１３１號十一樓,11.0,19.0,1,35.35,1079973,8.48,294811.0,25.080963,121.595818,內湖站出口2,321,有電梯_7樓以上
房地(土地+建物)+車位,萬芳路１０７巷８號十三樓,13.0,11.0,1,79.3,573791,0.0,,24.996967,121.561955,萬芳醫院站出口,503,有電梯_7樓以上
房地(土地+建物)+車位,民生東路二段９３巷１９號八樓,8.0,2.0,1,47.43,1060666,11.32,309187.0,25.058737,121.531054,行天宮站出口1,213,有電梯_7樓以上
房地(土地+建物)+車位,忠誠路一段１７１巷１２弄１號八樓,8.0,14.0,1,62.43,1138816,15.89,0.0,25.106268,121.531197,芝山站出口2,932,有電梯_7樓以上
房地(土地+建物),敦化南路二段１０４號二十樓之１,20.0,38.0,1,40.86,1199257,0.0,,25.027709,121.548387,科技大樓站出口,509,有電梯_7樓以上
房地(土地+建物),光復北路２３０巷５號十五樓,15.0,22.0,1,39.97,825634,0.0,,25.056001,121.555129,台北小巨蛋站出口4,545,有電梯_7樓以上
房地(土地+建物)+車位,明德路３０號十五樓,15.0,8.0,1,77.75,757344,0.0,,25.107158,121.518232,明德站出口1,255,有電梯_7樓以上
房地(土地+建物),景興路１５３巷１９號十樓之４,10.0,30.0,1,11.25,751316,0.0,,24.994015,121.546038,景美站出口2,468,有電梯_7樓以上
房地(土地+建物),文德路５０號十樓,10.0,40.0,1,34.96,680839,0.0,,25.078308,121.580939,文德站出口2,369,有電梯_7樓以上
房地(土地+建物)+車位,明德路１５０巷１３號十二樓,12.0,15.0,1,54.4,800668,0.0,,25.110413,121.521373,明德站出口1,256,有電梯_7樓以上
房地(土地+建物)+車位,明德路１５０巷１３號十二樓之１,12.0,15.0,1,44.68,645087,0.0,,25.110413,121.521373,明德站出口1,256,有電梯_7樓以上
房地(土地+建物),木柵路四段１３９號十四樓之５,14.0,13.0,1,25.01,794765,0.0,,24.99857,121.573753,木柵站出口,56,有電梯_7樓以上
房地(土地+建物)+車位,敬業三路１６２巷３６號八樓,8.0,24.0,1,47.09,679592,0.0,,25.077908,121.557012,劍南路站出口3,720,有電梯_7樓以上
房地(土地+建物)+車位,民權東路六段２９６巷８８號十四樓,14.0,31.0,1,73.59,765095,21.96,227687.0,25.068843,121.610397,東湖站出口1,191,有電梯_7樓以上
房地(土地+建物)+車位,內湖路三段６０巷３１號十六樓,16.0,7.0,1,56.45,869836,7.93,315259.0,25.088484,121.593077,內湖站出口1,540,有電梯_7樓以上
房地(土地+建物),文德路２０８巷１２號九樓,9.0,29.0,1,23.63,880190,0.0,,25.077769,121.583497,文德站出口2,129,有電梯_7樓以上
房地(土地+建物),義理街２３號八樓,8.0,1.0,1,70.29,806672,0.0,,25.116729,121.515315,石牌站出口1,196,有電梯_7樓以上
房地(土地+建物)+車位,木柵路一段３５９號十三樓,13.0,16.0,1,102.32,647302,33.76,222156.0,24.989113,121.557646,萬芳醫院站出口,1142,有電梯_7樓以上
房地(土地+建物)+車位,內湖路一段４１１巷７４弄１５號十一樓,11.0,13.0,1,103.32,873049,21.08,237192.0,25.084276,121.571205,西湖站出口2,480,有電梯_7樓以上
房地(土地+建物),仁愛路四段６２號十樓之５,10.0,46.0,1,16.97,1100948,0.0,,25.037597,121.547607,忠孝敦化站出口6,413,有電梯_7樓以上
房地(土地+建物),復興南路二段１５１巷３０弄５號十樓,10.0,39.0,1,30.45,827679,0.0,,25.027958,121.54553,科技大樓站出口,277,有電梯_7樓以上
房地(土地+建物)+車位,忠孝東路五段１０１號十二樓,12.0,9.0,1,35.31,1447552,4.77,587002.0,25.0413,121.567416,市政府站出口4,24,有電梯_7樓以上
房地(土地+建物)+車位,重陽路４７０號九樓之２,9.0,14.0,1,70.12,957508,7.25,662069.0,25.059719,121.611287,南港軟體園區站出口1,467,有電梯_7樓以上
房地(土地+建物),文德路５４號十二樓,12.0,40.0,1,40.96,573668,0.0,,25.07831,121.581109,文德站出口2,351,有電梯_7樓以上
房地(土地+建物),五常街１１巷３號十一樓之１,11.0,4.0,1,19.53,947291,0.0,,25.064527,121.538121,行天宮站出口4,694,有電梯_7樓以上
房地(土地+建物),興隆路二段２５３號八樓,8.0,5.0,1,16.15,847035,0.0,,25.001972,121.551718,辛亥站出口,639,有電梯_7樓以上
房地(土地+建物),內湖路一段６５９號十八樓之４,18.0,13.0,1,16.65,1064291,0.0,,25.080257,121.575335,港墘站出口1,49,有電梯_7樓以上
房地(土地+建物)+車位,經貿二路２３５巷６５號十一樓,11.0,14.0,1,37.64,874070,0.0,,25.062095,121.615943,南港軟體園區站出口1,190,有電梯_7樓以上
房地(土地+建物)+車位,光復北路１１巷９５號八樓,8.0,34.0,1,52.33,838144,12.36,0.0,25.050432,121.562301,南京三民站出口2,117,有電梯_7樓以上
房地(土地+建物)+車位,德行東路２５８號十三樓之２,13.0,2.0,1,73.68,1096283,12.29,284784.0,25.109603,121.534373,芝山站出口2,1371,有電梯_7樓以上
房地(土地+建物)+車位,敦化南路一段１３８號十四樓之３,14.0,3.0,1,60.5,1588246,9.76,409836.0,25.044549,121.548483,忠孝敦化站出口8,300,有電梯_7樓以上
房地(土地+建物),和平西路三段３８４號八樓之２,8.0,42.0,1,8.94,464265,0.0,,25.035338,121.491277,龍山寺站出口1,832,有電梯_7樓以上
房地(土地+建物)+車位,新光路一段３２巷２７號十二樓,12.0,1.0,1,55.05,846697,11.47,261552.0,24.989622,121.572819,木柵站出口,953,有電梯_7樓以上
房地(土地+建物)+車位,三合街一段８２巷１１６號八樓,8.0,6.0,1,52.58,793069,15.13,165235.0,25.129334,121.504788,奇岩站出口1,524,有電梯_7樓以上
房地(土地+建物)+車位,福德街１６９號九樓,9.0,12.0,1,119.41,992223,28.81,177022.0,25.037776,121.583574,後山埤站出口2,681,有電梯_7樓以上
房地(土地+建物),三合街二段４５０號十六樓,16.0,25.0,1,14.95,835978,0.0,,25.126945,121.502398,奇岩站出口1,169,有電梯_7樓以上
房地(土地+建物)+車位,臥龍街２８９號八樓之１,8.0,1.0,1,47.5,946163,9.46,317125.0,25.017435,121.558235,麟光站出口,130,有電梯_7樓以上
房地(土地+建物)+車位,辛亥路四段７７巷１０２號十二樓,12.0,29.0,1,58.07,422043,11.87,168492.0,25.009499,121.560529,辛亥站出口,602,有電梯_7樓以上
房地(土地+建物)+車位,辛亥路四段２１巷４號十五樓,15.0,28.0,1,34.58,456888,0.0,,25.008499,121.558962,辛亥站出口,424,有電梯_7樓以上
房地(土地+建物)+車位,磺港路１３６號十樓,10.0,9.0,1,80.04,768361,20.17,0.0,25.129343,121.502508,北投站出口2,382,有電梯_7樓以上
房地(土地+建物)+車位,光復南路８６號十樓,10.0,19.0,1,94.76,1325455,23.41,341734.0,25.04446,121.557503,國父紀念館站出口1,304,有電梯_7樓以上
房地(土地+建物)+車位,興隆路四段１０５巷３號十樓,10.0,28.0,1,33.31,459304,0.0,,24.987894,121.561155,萬芳醫院站出口,1323,有電梯_7樓以上
房地(土地+建物)+車位,南京西路４４８號十一樓之１,11.0,1.0,1,56.63,1029951,11.99,266889.0,25.053399,121.508272,北門站出口3,432,有電梯_7樓以上
房地(土地+建物),中華路二段５０４巷８號十二樓,12.0,45.0,1,19.08,670694,0.0,,25.025947,121.507656,小南門站出口3,1094,有電梯_7樓以上
房地(土地+建物)+車位,星雲街１５０巷２６號十五樓,15.0,25.0,1,78.14,598912,0.0,,25.079502,121.596198,內湖站出口2,487,有電梯_7樓以上
房地(土地+建物)+車位,八德路二段１００號十九樓之１,19.0,11.0,1,71.55,1068759,9.34,374732.0,25.045816,121.536209,忠孝新生站出口4,480,有電梯_7樓以上
房地(土地+建物)+車位,大同街２３２號十樓之２,10.0,19.0,1,62.93,632844,10.94,228519.0,25.139761,121.499651,新北投站出口2,431,有電梯_7樓以上
房地(土地+建物),崇仁路一段１６８號八樓之１,8.0,25.0,1,10.97,638007,0.0,,25.122753,121.502497,奇岩站出口2,290,有電梯_7樓以上
房地(土地+建物),松江路３３０巷５３號八樓之５、八樓之６,8.0,16.0,1,24.74,872328,0.0,,25.061251,121.531227,行天宮站出口4,203,有電梯_7樓以上
房地(土地+建物),信義路五段１５０巷３３０號十二樓之１,12.0,15.0,1,27.86,989835,0.0,,25.026533,121.570157,象山站出口2,650,有電梯_7樓以上
房地(土地+建物),承德路四段３５４號十二樓,12.0,36.0,1,36.01,610342,0.0,,25.090348,121.517007,士林站出口2,990,有電梯_7樓以上
房地(土地+建物)+車位,興隆路二段２７５巷１弄８號十二樓之１,12.0,29.0,1,34.42,435775,0.0,,25.00296,121.552595,辛亥站出口,507,有電梯_7樓以上
房地(土地+建物)+車位,南港路二段１４２號十七樓,17.0,29.0,1,39.72,928593,15.48,161499.0,25.053682,121.60089,南港站出口1,585,有電梯_7樓以上
房地(土地+建物)+車位,惠民街７１號八樓,8.0,13.0,1,95.69,749914,13.01,384320.0,25.05861,121.610117,南港軟體園區站出口1,611,有電梯_7樓以上
房地(土地+建物)+車位,興華路１４６號九樓之２,9.0,15.0,1,35.9,821712,0.0,,25.057507,121.605277,南港站出口1,632,有電梯_7樓以上
房地(土地+建物),木柵路四段１５３號八樓之５,8.0,25.0,1,36.68,640710,0.0,,24.999095,121.575052,木柵站出口,194,有電梯_7樓以上
房地(土地+建物),國興路２１號十二樓之１,12.0,37.0,1,37.24,585381,0.0,,25.026915,121.5053,龍山寺站出口3,1016,有電梯_7樓以上
房地(土地+建物),水源路１９５號十二樓之１,12.0,41.0,1,14.0,589427,0.0,,25.023224,121.50919,頂溪站出口2,1183,有電梯_7樓以上
房地(土地+建物)+車位,三重路４１巷２５號十樓,10.0,1.0,1,40.69,895038,6.5,227692.0,25.060033,121.61321,南港軟體園區站出口1,270,有電梯_7樓以上
房地(土地+建物)+車位,富貴一路６之１號八樓,8.0,35.0,1,80.05,780942,13.08,344037.0,25.114287,121.524031,明德站出口2,715,有電梯_7樓以上
房地(土地+建物)+車位,至誠路一段１３８號八樓,8.0,5.0,1,153.32,897021,37.95,205534.0,25.101635,121.534763,士林站出口1,1219,有電梯_7樓以上
房地(土地+建物)+車位,至誠路一段１３８號十一樓,11.0,5.0,1,153.32,913022,37.95,210804.0,25.101635,121.534763,士林站出口1,1219,有電梯_7樓以上
房地(土地+建物),仁愛路四段３７之１０２號,10.0,52.0,1,56.79,1206236,0.0,,25.038134,121.546106,忠孝復興站出口3,393,有電梯_7樓以上
房地(土地+建物)+車位,敦化南路一段２３６巷５號十樓,10.0,46.0,1,107.75,1299263,0.0,,25.040667,121.547825,忠孝敦化站出口6,142,有電梯_7樓以上
房地(土地+建物),金湖路３７６號十樓之２,10.0,25.0,1,17.55,904635,0.0,,25.073617,121.604627,葫洲站出口2,285,有電梯_7樓以上
房地(土地+建物),敦化南路二段４６號九樓之４,9.0,49.0,1,19.87,1046741,0.0,,25.031308,121.548271,信義安和站出口2,452,有電梯_7樓以上
房地(土地+建物),忠孝東路六段１３０號十四樓之１,14.0,13.0,1,12.02,1101930,0.0,,25.047922,121.585355,後山埤站出口3,365,有電梯_7樓以上
房地(土地+建物)+車位,師大路６０號八樓之５,8.0,15.0,1,20.58,1235359,5.22,383142.0,25.024546,121.52822,台電大樓站出口3,376,有電梯_7樓以上
房地(土地+建物)+車位,木柵路四段９巷１８號十四樓,14.0,25.0,1,53.67,450908,0.0,,24.992858,121.570527,木柵站出口,659,有電梯_7樓以上
房地(土地+建物)+車位,辛亥路六段２１巷１２號十八樓,18.0,24.0,1,56.92,557632,15.17,197759.0,24.991223,121.552961,萬芳醫院站出口,1027,有電梯_7樓以上
房地(土地+建物)+車位,重陽路１９９巷１９號九樓,9.0,19.0,1,44.25,604483,0.0,,25.057515,121.600505,南港站出口1,858,有電梯_7樓以上
房地(土地+建物),忠孝東路五段３９號十樓,10.0,41.0,1,37.85,911596,0.0,,25.041454,121.566142,市政府站出口1,69,有電梯_7樓以上
房地(土地+建物)+車位,中山北路六段２３６巷９號十四樓之１,14.0,2.0,1,67.66,1311061,24.66,279805.0,25.10827,121.526184,芝山站出口2,627,有電梯_7樓以上
房地(土地+建物)+車位,重陽路５號十一樓,11.0,2.0,1,30.48,1045062,8.09,309023.0,25.055274,121.5954,昆陽站出口4,547,有電梯_7樓以上
房地(土地+建物),健康路１５巷２８號九樓,9.0,22.0,1,48.35,833066,0.0,,25.054749,121.553119,台北小巨蛋站出口5,341,有電梯_7樓以上
房地(土地+建物)+車位,中山北路六段２１２之２號十一樓,11.0,20.0,1,60.62,1016628,9.2,326087.0,25.108349,121.525284,芝山站出口2,583,有電梯_7樓以上
房地(土地+建物),忠誠路一段１０９號十一樓,11.0,34.0,1,62.49,840089,0.0,,25.105048,121.528711,芝山站出口2,656,有電梯_7樓以上
房地(土地+建物)+車位,中山北路六段７５４巷１２之１號十二樓,12.0,23.0,1,69.05,1142124,21.95,273349.0,25.115338,121.528726,明德站出口2,1168,有電梯_7樓以上
房地(土地+建物)+車位,忠順街一段４８巷５弄８號八樓,8.0,26.0,1,37.95,714031,12.9,193798.0,24.983663,121.560507,大坪林站出口5,1746,有電梯_7樓以上
房地(土地+建物)+車位,瑞安街８９號十二樓,12.0,14.0,1,100.53,1560290,37.31,335031.0,25.027607,121.540598,科技大樓站出口,346,有電梯_7樓以上
房地(土地+建物)+車位,金湖路４０１巷２２號八樓,8.0,24.0,1,61.04,718821,0.0,,25.072735,121.603692,葫洲站出口2,354,有電梯_7樓以上
房地(土地+建物)+車位,北安路４５８巷４１弄６０號九樓,9.0,2.0,1,46.98,1507701,12.38,250404.0,25.079222,121.546719,大直站出口3,38,有電梯_7樓以上
房地(土地+建物),民權東路三段１４２號十二樓之４,12.0,39.0,1,14.97,793710,0.0,,25.061723,121.546856,中山國中站出口,306,有電梯_7樓以上
房地(土地+建物)+車位,經貿二路２３５巷６１號九樓,9.0,14.0,1,51.92,1001464,10.19,0.0,25.062022,121.616079,南港軟體園區站出口1,183,有電梯_7樓以上
房地(土地+建物)+車位,重陽路５７巷９６號九樓,9.0,16.0,1,31.57,827446,4.02,0.0,25.058904,121.595259,昆陽站出口3,938,有電梯_7樓以上
房地(土地+建物)+車位,延平北路五段４６號九樓,9.0,8.0,1,37.92,643329,8.42,225653.0,25.080125,121.511034,圓山站出口2,1303,有電梯_7樓以上
房地(土地+建物),四維路１７０巷３６號八樓之３,8.0,15.0,1,19.51,1289202,0.0,,25.028196,121.546338,科技大樓站出口,354,有電梯_7樓以上
房地(土地+建物),中華路二段４１６巷９號八樓之４,8.0,37.0,1,32.04,655477,0.0,,25.026797,121.504384,龍山寺站出口3,999,有電梯_7樓以上
房地(土地+建物),木新路二段４３巷２１號九樓,9.0,29.0,1,11.64,691390,0.0,,24.986505,121.571123,木柵站出口,1318,有電梯_7樓以上
房地(土地+建物),新明路４６０巷１８弄６號十二樓,12.0,23.0,1,38.12,744413,0.0,,25.053945,121.578237,松山站出口5,379,有電梯_7樓以上
房地(土地+建物),松平路７４號十三樓,13.0,26.0,1,49.9,921894,0.0,,25.030355,121.565933,台北101/世貿站出口4,350,有電梯_7樓以上
房地(土地+建物)+車位,內湖路一段６６１號九樓之２,9.0,13.0,1,45.33,1170244,12.0,0.0,25.080209,121.575501,港墘站出口1,31,有電梯_7樓以上
房地(土地+建物)+車位,石牌路二段３１５巷１０弄７之１號八樓,8.0,16.0,1,42.02,796091,17.15,128280.0,25.12273,121.522769,石牌站出口1,1148,有電梯_7樓以上
房地(土地+建物),復興南路二段１７１巷３８號八樓,8.0,39.0,1,39.31,801265,0.0,,25.027508,121.545053,科技大樓站出口,207,有電梯_7樓以上
房地(土地+建物)+車位,中正路７１９號十一樓,11.0,20.0,1,30.66,661239,5.91,321489.0,25.085602,121.506273,劍潭站出口2,1879,有電梯_7樓以上
房地(土地+建物)+車位,瑞安街２０８巷７０弄５號九樓,9.0,24.0,1,62.51,1219237,11.25,355556.0,25.030497,121.539942,大安站出口2,388,有電梯_7樓以上
房地(土地+建物)+車位,瑞安街２０８巷７０弄７號九樓,9.0,24.0,1,67.31,1150693,11.25,355556.0,25.030497,121.539853,大安站出口2,392,有電梯_7樓以上
房地(土地+建物)+車位,仁愛路四段４３３號九樓,9.0,36.0,1,59.78,1102320,0.0,,25.038021,121.556716,國父紀念館站出口2,334,有電梯_7樓以上
房地(土地+建物)+車位,民權東路六段２８０巷２５弄６０號八樓,8.0,16.0,1,88.58,508027,0.0,,25.069818,121.605047,葫洲站出口2,372,有電梯_7樓以上
房地(土地+建物)+車位,木柵路一段５９巷８２號八樓,8.0,12.0,1,50.65,673112,13.51,0.0,24.988237,121.548357,大坪林站出口5,792,有電梯_7樓以上
房地(土地+建物),國興路１巷２號十樓之４,10.0,41.0,1,30.22,579150,0.0,,25.024241,121.508881,小南門站出口4,1249,有電梯_7樓以上
房地(土地+建物),星雲街１３８巷１０號九樓,9.0,25.0,1,48.7,641732,0.0,,25.079407,121.595155,內湖站出口2,473,有電梯_7樓以上
房地(土地+建物),幽雅路７號十一樓之７,11.0,15.0,1,14.76,447095,0.0,,25.137316,121.513129,新北投站出口1,968,有電梯_7樓以上
房地(土地+建物),南京東路六段１１１號八樓,8.0,27.0,1,38.84,594733,0.0,,25.055691,121.577523,松山站出口5,571,有電梯_7樓以上
房地(土地+建物)+車位,興隆路四段２之３號十樓,10.0,7.0,1,51.88,718200,8.44,213270.0,24.990408,121.559251,萬芳醫院站出口,1010,有電梯_7樓以上
房地(土地+建物)+車位,西園路二段８１巷７號十樓,10.0,3.0,1,37.78,724511,5.14,369650.0,25.030443,121.497144,龍山寺站出口2,584,有電梯_7樓以上
房地(土地+建物),辛亥路四段７７巷９２弄１１號十三樓之２,13.0,20.0,1,33.23,640452,0.0,,25.008661,121.561555,辛亥站出口,603,有電梯_7樓以上
房地(土地+建物)+車位,木新路二段４３巷２５號十樓,10.0,6.0,1,103.13,697818,28.5,175439.0,24.98704,121.571516,木柵站出口,1253,有電梯_7樓以上
房地(土地+建物)+車位,忠順街二段８５巷１５號十樓,10.0,11.0,1,63.06,824509,6.33,394945.0,24.986307,121.56528,萬芳社區站出口,1401,有電梯_7樓以上
房地(土地+建物)+車位,環河北路三段１２３號十樓,10.0,20.0,1,64.13,606477,7.99,312891.0,25.085183,121.506178,三重國小站出口,1877,有電梯_7樓以上
房地(土地+建物)+車位,仁愛路四段１５１巷２０號十一樓,11.0,34.0,1,54.75,1267594,10.75,0.0,25.039721,121.551673,忠孝敦化站出口3,180,有電梯_7樓以上
房地(土地+建物),三元街２１７號八樓之３,8.0,31.0,1,9.68,948349,0.0,,25.027658,121.513373,中正紀念堂站出口2,722,有電梯_7樓以上
房地(土地+建物)+車位,樟新街３２巷３號十六樓,16.0,29.0,1,47.17,544687,10.27,194742.0,24.978499,121.554793,七張站出口2,1238,有電梯_7樓以上
房地(土地+建物)+車位,經貿二路２３５巷２８號八樓,8.0,9.0,1,27.85,1059282,3.78,0.0,25.061293,121.614918,南港軟體園區站出口1,139,有電梯_7樓以上
房地(土地+建物)+車位,至誠路一段１３８號十四樓,14.0,5.0,1,78.29,1007369,12.65,237154.0,25.101635,121.534763,士林站出口1,1219,有電梯_7樓以上
房地(土地+建物)+車位,至誠路一段１３８號十四樓之１,14.0,5.0,1,76.77,1009843,25.3,233202.0,25.101635,121.534763,士林站出口1,1219,有電梯_7樓以上
房地(土地+建物)+車位,金山南路二段１８８號二十二樓,22.0,4.0,1,53.54,1305507,0.0,,25.028303,121.526011,古亭站出口5,340,有電梯_7樓以上
房地(土地+建物)+車位,萬芳路１８號九樓,9.0,19.0,1,39.67,593738,11.46,174520.0,24.9958,121.570509,萬芳社區站出口,375,有電梯_7樓以上
房地(土地+建物)+車位,萬芳路１８號九樓之３,9.0,19.0,1,47.25,593762,11.46,174520.0,24.9958,121.570509,萬芳社區站出口,375,有電梯_7樓以上
房地(土地+建物),南京東路三段４８巷３８號十三樓之３,13.0,20.0,1,62.96,1108601,0.0,,25.050651,121.538303,南京復興站出口2,379,有電梯_7樓以上
房地(土地+建物),福德街３８３號十一樓之１,11.0,26.0,1,39.73,676510,0.0,,25.041077,121.591003,後山埤站出口3,905,有電梯_7樓以上
房地(土地+建物),興華路３０巷２４號九樓,9.0,34.0,1,40.83,746919,0.0,,25.054532,121.605597,南港站出口1,301,有電梯_7樓以上
房地(土地+建物)+車位,豐年路一段５８號八樓,8.0,13.0,1,38.73,864189,10.84,0.0,25.134456,121.497953,北投站出口1,237,有電梯_7樓以上
建物,瑞光路２５３巷１５號九樓,9.0,27.0,1,42.39,305480,0.0,,25.075276,121.578305,港墘站出口1,596,有電梯_7樓以上
房地(土地+建物)+車位,吳興街６００巷１２８號九樓,9.0,14.0,1,76.37,608861,0.0,,25.018169,121.572235,麟光站出口,1374,有電梯_7樓以上
房地(土地+建物)+車位,木柵路三段８５巷８弄３號十一樓之１,11.0,0.0,1,29.96,832698,3.56,0.0,24.989576,121.567304,萬芳社區站出口,1007,有電梯_7樓以上
房地(土地+建物)+車位,重慶北路四段２２２號十樓之２,10.0,7.0,1,27.64,661888,5.73,261780.0,25.085867,121.511468,劍潭站出口2,1368,有電梯_7樓以上
房地(土地+建物)+車位,民權東路六段１２７號八樓,8.0,14.0,1,98.81,625472,0.0,,25.069096,121.593265,文德站出口1,1313,有電梯_7樓以上
房地(土地+建物)+車位,松江路３８巷２１號十二樓,12.0,5.0,1,94.55,1169974,18.67,417783.0,25.047651,121.531094,松江南京站出口3,422,有電梯_7樓以上
房地(土地+建物)+車位,民權東路二段７１巷８號十一樓,11.0,1.0,1,40.55,1038656,9.84,315041.0,25.063339,121.531609,行天宮站出口4,359,有電梯_7樓以上
房地(土地+建物)+車位,經貿二路１５７巷３６弄７８號九樓,9.0,10.0,1,53.4,1086786,11.58,0.0,25.061363,121.614783,南港軟體園區站出口1,154,有電梯_7樓以上
房地(土地+建物)+車位,文林北路７５巷６９號十三樓,13.0,6.0,1,57.79,924571,13.23,0.0,25.103325,121.517263,芝山站出口2,514,有電梯_7樓以上
房地(土地+建物)+車位,基隆路二段２５０號十一樓,11.0,12.0,1,111.76,805330,0.0,,25.02273,121.550419,六張犁站出口,265,有電梯_7樓以上
房地(土地+建物)+車位,北安路８２９號十四樓之２,14.0,13.0,1,40.39,999937,12.7,196850.0,25.084811,121.556951,劍南路站出口3,104,有電梯_7樓以上
房地(土地+建物)+車位,吳興街６００巷１２８號十四樓,14.0,14.0,1,63.73,530332,0.0,,25.018169,121.572235,麟光站出口,1374,有電梯_7樓以上
房地(土地+建物),新生北路三段４３號十一樓之１２,11.0,46.0,1,15.62,694844,0.0,,25.065416,121.528038,中山國小站出口4,312,有電梯_7樓以上
房地(土地+建物)+車位,延壽街３３０巷１８號十樓,10.0,15.0,1,63.87,876784,0.0,,25.055204,121.560145,南京三民站出口1,503,有電梯_7樓以上
房地(土地+建物)+車位,萬芳路１０７巷７號十一樓,11.0,15.0,1,33.64,762707,6.11,327332.0,24.996644,121.562555,萬芳醫院站出口,573,有電梯_7樓以上
房地(土地+建物),木柵路三段８５巷８弄３號十樓之１,10.0,0.0,1,26.4,757601,0.0,,24.989576,121.567304,萬芳社區站出口,1007,有電梯_7樓以上
房地(土地+建物),辛亥路四段７７巷９２弄９號八樓之１,8.0,20.0,1,12.55,657972,0.0,,25.008779,121.561219,辛亥站出口,587,有電梯_7樓以上
房地(土地+建物),松江路２５巷５號九樓,9.0,15.0,1,14.11,1100985,0.0,,25.047379,121.533775,松江南京站出口3,422,有電梯_7樓以上
房地(土地+建物)+車位,中正路６５５巷６號十三樓之２,13.0,9.0,1,46.48,617553,9.23,270856.0,25.085308,121.507794,劍潭站出口2,1723,有電梯_7樓以上
房地(土地+建物)+車位,信義路五段１５０巷４９９號十樓,10.0,27.0,1,46.13,566159,11.69,213858.0,25.021286,121.573541,象山站出口2,1286,有電梯_7樓以上
房地(土地+建物)+車位,木柵路二段１０９巷１００弄７４號八樓,8.0,27.0,1,26.18,603362,4.13,0.0,24.992866,121.56186,萬芳醫院站出口,835,有電梯_7樓以上
房地(土地+建物),新光路一段６５巷２６號十一樓,11.0,30.0,1,66.61,495418,0.0,,24.990412,121.574778,木柵站出口,874,有電梯_7樓以上
房地(土地+建物)+車位,石牌路二段３５９號十樓之１,10.0,22.0,1,101.33,659193,20.93,238892.0,25.12373,121.5253,石牌站出口1,1405,有電梯_7樓以上
房地(土地+建物),國興路８６號十樓之１,10.0,33.0,1,46.29,563892,0.0,,25.026753,121.506034,龍山寺站出口3,1061,有電梯_7樓以上
房地(土地+建物)+車位,內湖路一段６５９號十八樓之７,18.0,13.0,1,51.86,1023729,12.0,233333.0,25.080257,121.575335,港墘站出口1,49,有電梯_7樓以上
房地(土地+建物)+車位,民權東路六段１８０巷７２弄８號八樓,8.0,15.0,1,82.15,869100,29.22,154004.0,25.066079,121.592172,文德站出口1,1547,有電梯_7樓以上
房地(土地+建物),復興北路２０４號八樓之４,8.0,37.0,1,25.62,956220,0.0,,25.055736,121.543692,南京復興站出口7,372,有電梯_7樓以上
房地(土地+建物),光復北路２０４號十六樓,16.0,22.0,1,32.8,960454,0.0,,25.055083,121.555598,台北小巨蛋站出口4,479,有電梯_7樓以上
房地(土地+建物),中正路７０７巷１７號十二樓,12.0,40.0,1,31.4,493639,0.0,,25.084968,121.50692,劍潭站出口2,1806,有電梯_7樓以上
房地(土地+建物)+車位,安和路二段９２號十四樓之３,14.0,34.0,1,68.46,990889,6.0,333333.0,25.028772,121.550245,信義安和站出口2A,511,有電梯_7樓以上
房地(土地+建物),和平東路二段２６５巷２５弄４號十五樓,15.0,38.0,1,44.79,803785,0.0,,25.027081,121.54447,科技大樓站出口,133,有電梯_7樓以上
房地(土地+建物),安和路二段２１１號九樓之２,9.0,38.0,1,53.45,785801,0.0,,25.026075,121.5502,六張犁站出口,356,有電梯_7樓以上
房地(土地+建物),仁愛路二段７１號十一樓,11.0,47.0,1,45.36,1167994,0.0,,25.0384,121.530976,忠孝新生站出口5,327,有電梯_7樓以上
房地(土地+建物),辛亥路四段１２８之８號十二樓,12.0,6.0,1,32.48,695826,0.0,,25.005072,121.556915,辛亥站出口,12,有電梯_7樓以上
房地(土地+建物)+車位,內湖路二段２５３巷５８號十樓,10.0,14.0,1,48.99,757254,0.0,,25.08404,121.588256,內湖站出口1,606,有電梯_7樓以上
房地(土地+建物)+車位,明水路４３３號八樓,8.0,29.0,1,42.59,880573,0.0,,25.077503,121.549211,大直站出口3,309,有電梯_7樓以上
房地(土地+建物)+車位,三重路４１巷３５號十二樓之３,12.0,12.0,1,116.14,672619,21.73,230097.0,25.060439,121.612806,南港軟體園區站出口1,308,有電梯_7樓以上
房地(土地+建物),福興路１０６巷２８弄７號十一樓之１,11.0,14.0,1,35.4,670253,0.0,,25.006147,121.550107,辛亥站出口,706,有電梯_7樓以上
房地(土地+建物),忠孝東路五段４７號十二樓,12.0,41.0,1,40.48,983263,0.0,,25.041369,121.566291,市政府站出口1,84,有電梯_7樓以上
房地(土地+建物),安和路二段７８號八樓之２,8.0,45.0,1,60.16,808455,0.0,,25.029667,121.551122,信義安和站出口2A,383,有電梯_7樓以上
房地(土地+建物)+車位,安和路二段７８號八樓之１,8.0,45.0,1,67.19,710478,0.0,,25.029667,121.551122,信義安和站出口2A,383,有電梯_7樓以上
房地(土地+建物)+車位,成功路五段４５０巷２１弄３１號八樓,8.0,24.0,1,64.53,765199,0.0,,25.073452,121.608409,葫洲站出口1,110,有電梯_7樓以上
房地(土地+建物)+車位,和平東路四段６６巷３號十二樓,12.0,26.0,1,85.74,553943,14.11,141743.0,25.006521,121.565443,辛亥站出口,863,有電梯_7樓以上
房地(土地+建物)+車位,金龍路２５１號十五樓,15.0,27.0,1,48.42,574094,0.0,,25.088958,121.587041,內湖站出口1,930,有電梯_7樓以上
房地(土地+建物)+車位,研究院路二段６１巷１５號十六樓之１,16.0,10.0,1,76.28,729740,15.71,190961.0,25.044633,121.617248,南港展覽館站出口7,1049,有電梯_7樓以上
房地(土地+建物)+車位,溫泉路５７號八樓,8.0,29.0,1,40.81,514615,0.0,,25.135002,121.504378,新北投站出口1,235,有電梯_7樓以上
房地(土地+建物),仁愛路四段３１號十樓,10.0,45.0,1,49.65,1200091,0.0,,25.03821,121.545659,忠孝復興站出口3,372,有電梯_7樓以上
房地(土地+建物),安和路二段８２號十二樓之２,12.0,45.0,1,56.17,891609,0.0,,25.029538,121.550935,信義安和站出口2A,404,有電梯_7樓以上
房地(土地+建物),景興路１５３巷１９號十樓之４,10.0,30.0,1,11.25,720196,0.0,,24.994015,121.546038,景美站出口2,468,有電梯_7樓以上
房地(土地+建物),松德路２５巷２號十樓,10.0,38.0,1,34.03,841949,0.0,,25.038847,121.577213,永春站出口4,216,有電梯_7樓以上
房地(土地+建物)+車位,松平路７５號十三樓,13.0,26.0,1,50.44,912051,0.0,,25.030614,121.566066,台北101/世貿站出口4,333,有電梯_7樓以上
房地(土地+建物)+車位,重慶北路四段２１０號八樓,8.0,10.0,1,80.7,661526,20.99,238209.0,25.085662,121.511701,劍潭站出口2,1341,有電梯_7樓以上
房地(土地+建物)+車位,天母北路５６號二十二樓,22.0,3.0,1,67.25,1134896,11.73,170503.0,25.121533,121.52636,石牌站出口1,1336,有電梯_7樓以上
房地(土地+建物),木柵路二段１０９巷１００弄５４號十二樓,12.0,27.0,1,22.18,532101,0.0,,24.992436,121.561258,萬芳醫院站出口,850,有電梯_7樓以上
房地(土地+建物)+車位,萬壽路６１巷１１號八樓,8.0,28.0,1,54.9,455368,0.0,,24.986644,121.588092,動物園站出口1,1534,有電梯_7樓以上
房地(土地+建物)+車位,敦煌路８０巷２號十樓,10.0,15.0,1,71.62,770754,11.29,221435.0,25.07541,121.517387,圓山站出口2,488,有電梯_7樓以上
房地(土地+建物)+車位,康寧路三段７０巷８１號十二樓,12.0,16.0,1,54.71,956501,6.09,492611.0,25.0678,121.609862,東湖站出口1,125,有電梯_7樓以上
房地(土地+建物),中和街３６８號十三樓之３,13.0,25.0,1,24.73,557973,0.0,,25.141942,121.499133,新北投站出口2,659,有電梯_7樓以上
房地(土地+建物),泉源路３６之２２號八樓之６,8.0,34.0,1,42.77,362374,0.0,,25.140363,121.506481,新北投站出口1,481,有電梯_7樓以上
房地(土地+建物),辛亥路四段７７巷９２弄９號九樓之１２,9.0,20.0,1,16.45,638183,0.0,,25.008779,121.561219,辛亥站出口,587,有電梯_7樓以上
房地(土地+建物)+車位,新民街９９號十樓之１,10.0,23.0,1,59.21,854418,8.54,0.0,25.055472,121.610461,南港站出口2,490,有電梯_7樓以上
房地(土地+建物)+車位,明德路２８號九樓,9.0,8.0,1,91.93,866273,26.7,187266.0,25.107193,121.518087,明德站出口1,258,有電梯_7樓以上
房地(土地+建物),建國南路一段４２號十四樓之１,14.0,34.0,1,23.11,951929,0.0,,25.044017,121.536225,忠孝新生站出口4,349,有電梯_7樓以上
房地(土地+建物)+車位,秀明路二段１１５巷１２號十七樓,17.0,26.0,1,47.91,499302,0.0,,24.991139,121.578121,動物園站出口2,769,有電梯_7樓以上
房地(土地+建物)+車位,經貿二路２３１號九樓,9.0,9.0,1,112.43,834929,17.81,336889.0,25.060615,121.615096,南港軟體園區站出口1,81,有電梯_7樓以上
房地(土地+建物)+車位,辛亥路六段６５號八樓,8.0,26.0,1,36.02,444215,0.0,,24.989015,121.552664,大坪林站出口5,1173,有電梯_7樓以上
房地(土地+建物),光復北路１９０巷１４號九樓,9.0,26.0,1,63.42,731326,0.0,,25.054457,121.555269,台北小巨蛋站出口4,403,有電梯_7樓以上
房地(土地+建物),幽雅路７號十三樓之７,13.0,15.0,1,14.76,413224,0.0,,25.137316,121.513129,新北投站出口1,968,有電梯_7樓以上
房地(土地+建物)+車位,忠順街二段８５巷１５號九樓,9.0,11.0,1,69.4,804949,12.65,442688.0,24.986307,121.56528,萬芳社區站出口,1401,有電梯_7樓以上
房地(土地+建物)+車位,基湖路１３７號九樓,9.0,18.0,1,59.98,1042359,11.86,210793.0,25.078358,121.564108,西湖站出口2,509,有電梯_7樓以上
房地(土地+建物),桂林路２４６巷３４號八樓,8.0,29.0,1,40.3,558285,0.0,,25.037119,121.493049,龍山寺站出口1,678,有電梯_7樓以上
房地(土地+建物)+車位,南深路３３號八樓,8.0,25.0,1,30.66,326176,0.0,,25.036678,121.620821,南港展覽館站出口7,1949,有電梯_7樓以上
房地(土地+建物)+車位,水源路３７號八樓之１,8.0,6.0,1,72.59,803632,18.46,270856.0,25.018603,121.523945,台電大樓站出口4,431,有電梯_7樓以上
房地(土地+建物),福興路９５巷１７號八樓,8.0,16.0,1,29.85,609702,0.0,,25.004674,121.548715,辛亥站出口,838,有電梯_7樓以上
房地(土地+建物)+車位,承德路四段６７之１號九樓,9.0,23.0,1,48.25,1028551,10.82,0.0,25.081841,121.523123,劍潭站出口2,229,有電梯_7樓以上
房地(土地+建物)+車位,延平北路四段２９４巷１５號十三樓之１,13.0,7.0,1,54.13,753146,15.62,0.0,25.077541,121.509662,圓山站出口2,1232,有電梯_7樓以上
房地(土地+建物)+車位,成功路五段４５０巷４號八樓,8.0,24.0,1,50.7,660724,0.0,,25.074729,121.607167,葫洲站出口2,244,有電梯_7樓以上
房地(土地+建物)+車位,福美路２１２號九樓,9.0,6.0,1,57.6,555248,0.0,,25.100865,121.504646,明德站出口3,1726,有電梯_7樓以上
房地(土地+建物)+車位,南京西路４４８號九樓之２,9.0,0.0,1,53.98,977792,11.74,221465.0,25.053399,121.508272,北門站出口3,432,有電梯_7樓以上
房地(土地+建物)+車位,康樂街１８６巷３４之３號九樓之１,9.0,17.0,1,82.74,496515,0.0,,25.076728,121.620749,葫洲站出口1,1361,有電梯_7樓以上
房地(土地+建物)+車位,和平東路三段３１３號十一樓,11.0,25.0,1,45.18,863304,0.0,,25.021517,121.555845,六張犁站出口,407,有電梯_7樓以上
房地(土地+建物),辛亥路四段７７巷９２弄１１號十樓之７,10.0,20.0,1,16.85,687149,0.0,,25.008661,121.561555,辛亥站出口,603,有電梯_7樓以上
房地(土地+建物)+車位,中山北路六段２３６巷９號十三樓,13.0,2.0,1,37.85,1166196,12.33,259530.0,25.10827,121.526184,芝山站出口2,627,有電梯_7樓以上
房地(土地+建物)+車位,星雲街１５６號十三樓,13.0,28.0,1,36.93,944206,8.86,282167.0,25.079924,121.596151,內湖站出口2,441,有電梯_7樓以上
房地(土地+建物)+車位,雨農路７６號九樓,9.0,19.0,1,66.86,621855,0.0,,25.099622,121.533553,士林站出口1,980,有電梯_7樓以上
房地(土地+建物)+車位,松江路４２０號十三樓,13.0,8.0,1,105.9,1056761,18.0,333333.0,25.064572,121.532784,行天宮站出口4,468,有電梯_7樓以上
房地(土地+建物)+車位,研究院路二段８８號十樓之２,10.0,10.0,1,82.24,609016,5.07,552268.0,25.044846,121.615421,南港展覽館站出口7,1058,有電梯_7樓以上
房地(土地+建物),復興南路二段１７１巷２４號十八樓,18.0,38.0,1,44.83,841449,0.0,,25.027518,121.54492,科技大樓站出口,199,有電梯_7樓以上
房地(土地+建物),國興路１巷１號八樓之２,8.0,41.0,1,18.26,739367,0.0,,25.024607,121.509002,小南門站出口4,1206,有電梯_7樓以上
房地(土地+建物)+車位,港墘路２６巷５號十二樓之１,12.0,29.0,1,44.79,820199,9.58,292276.0,25.08309,121.577731,港墘站出口1,382,有電梯_7樓以上
房地(土地+建物),敦化南路二段２６７號八樓之６,8.0,44.0,1,40.86,971154,0.0,,25.025298,121.549093,六張犁站出口,401,有電梯_7樓以上
房地(土地+建物)+車位,北安路４５８巷４１弄６０號十五樓,15.0,2.0,1,46.98,1531395,12.38,266559.0,25.079222,121.546719,大直站出口3,38,有電梯_7樓以上
房地(土地+建物)+車位,德行東路２５８號十三樓之３,13.0,1.0,1,53.36,1151682,12.29,235964.0,25.109603,121.534373,芝山站出口2,1371,有電梯_7樓以上
房地(土地+建物),安和路二段８８號十五樓之２,15.0,34.0,1,69.04,1012219,0.0,,25.028998,121.550485,信義安和站出口2A,477,有電梯_7樓以上
房地(土地+建物),復興南路二段１７１巷３６號九樓,9.0,39.0,1,39.1,900231,0.0,,25.027509,121.545039,科技大樓站出口,207,有電梯_7樓以上
房地(土地+建物)+車位,木柵路四段９巷１號十一樓,11.0,25.0,1,33.15,512853,0.0,,24.991999,121.570719,木柵站出口,739,有電梯_7樓以上
房地(土地+建物)+車位,中山北路七段８２巷１２號十二樓之１,12.0,18.0,1,103.87,1084061,19.92,0.0,25.121115,121.532449,石牌站出口2,1837,有電梯_7樓以上
房地(土地+建物),辛亥路四段１２８之１０號十二樓,12.0,6.0,1,20.85,693003,0.0,,25.004565,121.556754,辛亥站出口,67,有電梯_7樓以上
房地(土地+建物),敬業三路１６２巷４５號十一樓,11.0,23.0,1,47.11,679199,0.0,,25.078994,121.558463,劍南路站出口3,640,有電梯_7樓以上
房地(土地+建物),青年路３２號十二樓之２,12.0,37.0,1,40.24,646196,0.0,,25.025664,121.504683,龍山寺站出口3,1128,有電梯_7樓以上
房地(土地+建物)+車位,港華街５１巷８弄１８號九樓,9.0,15.0,1,45.3,1004715,9.47,0.0,25.083543,121.574989,港墘站出口2,388,有電梯_7樓以上
房地(土地+建物),星雲街１６８巷３５號十七樓之７,17.0,27.0,1,11.65,755609,0.0,,25.079901,121.597014,內湖站出口2,481,有電梯_7樓以上
房地(土地+建物)+車位,景隆街３６巷２之１０號十樓,10.0,31.0,1,62.4,523004,12.69,0.0,24.998269,121.543859,萬隆站出口2,563,有電梯_7樓以上
房地(土地+建物),健康路１５巷６０號十樓,10.0,23.0,1,35.97,903601,0.0,,25.055868,121.553108,台北小巨蛋站出口5,460,有電梯_7樓以上
房地(土地+建物)+車位,西安街二段２０１號十四樓之５,14.0,2.0,1,44.99,1016183,10.55,0.0,25.119663,121.510481,唭哩岸站出口1,377,有電梯_7樓以上
房地(土地+建物),榮華二路１號八樓,8.0,43.0,1,43.96,705199,0.0,,25.113246,121.524467,明德站出口2,681,有電梯_7樓以上
房地(土地+建物),辛亥路四段７７巷９２弄１１號九樓之３,9.0,20.0,1,16.85,638490,0.0,,25.008661,121.561555,辛亥站出口,603,有電梯_7樓以上
房地(土地+建物)+車位,忠孝東路六段１３０號八樓之１,8.0,13.0,1,12.65,1057663,0.0,,25.047922,121.585355,後山埤站出口3,365,有電梯_7樓以上
房地(土地+建物),文林路７６３號十一樓之４,11.0,43.0,1,37.04,620882,0.0,,25.103191,121.519026,芝山站出口2,341,有電梯_7樓以上
房地(土地+建物)+車位,興華路６４巷１１號九樓,9.0,15.0,1,53.74,1068197,14.61,171116.0,25.055292,121.605352,南港站出口1,389,有電梯_7樓以上
房地(土地+建物),仁愛路四段４０９號八樓,8.0,42.0,1,54.66,1066679,0.0,,25.038005,121.555969,國父紀念館站出口2,344,有電梯_7樓以上
房地(土地+建物),復興南路二段１５１巷５２號十樓,10.0,38.0,1,31.06,927308,0.0,,25.028001,121.545914,科技大樓站出口,308,有電梯_7樓以上
房地(土地+建物)+車位,福美路２１９號十一樓,11.0,6.0,1,56.8,691150,12.99,192456.0,25.100246,121.504233,明德站出口3,1801,有電梯_7樓以上
房地(土地+建物)+車位,北寧路５８號十一樓,11.0,35.0,1,49.97,1092077,11.74,298126.0,25.050148,121.552819,台北小巨蛋站出口4,154,有電梯_7樓以上
房地(土地+建物)+車位,建國北路三段７１號九樓之８,9.0,8.0,1,34.66,821007,8.01,374532.0,25.065123,121.537204,行天宮站出口4,678,有電梯_7樓以上
房地(土地+建物)+車位,建國北路二段２２２號十三樓之１,13.0,13.0,1,59.65,845707,13.18,220030.0,25.06094,121.536567,行天宮站出口3,341,有電梯_7樓以上
房地(土地+建物),敦化南路一段１７７巷３０號八樓,8.0,16.0,1,13.37,1402343,0.0,,25.042961,121.550582,忠孝敦化站出口1,147,有電梯_7樓以上
房地(土地+建物)+車位,東湖路１１３巷７０弄９號十樓,10.0,9.0,1,48.21,775742,12.76,195925.0,25.071514,121.616192,東湖站出口3,653,有電梯_7樓以上
房地(土地+建物),和平東路三段４６３巷１７號九樓之１,9.0,23.0,1,23.44,873582,0.0,,25.019025,121.559775,麟光站出口,129,有電梯_7樓以上
房地(土地+建物)+車位,松德路９５號十三樓,13.0,29.0,1,61.21,997974,10.23,293255.0,25.038036,121.57599,永春站出口3,297,有電梯_7樓以上
房地(土地+建物)+車位,信義路六段１５巷１４號十一樓,11.0,29.0,1,78.82,759683,10.37,337512.0,25.035202,121.575406,象山站出口3,542,有電梯_7樓以上
房地(土地+建物)+車位,民權東路二段７１巷８號十五樓之７,15.0,1.0,1,51.59,1084447,9.84,315041.0,25.063339,121.531609,行天宮站出口4,359,有電梯_7樓以上
房地(土地+建物)+車位,指南路三段２５之１號八樓,8.0,12.0,1,49.09,502754,0.0,,24.985285,121.580041,動物園站出口2,1412,有電梯_7樓以上
房地(土地+建物)+車位,民權東路六段１８０巷６６號八樓之６,8.0,14.0,1,30.46,882965,4.19,357995.0,25.066578,121.592517,文德站出口1,1513,有電梯_7樓以上
房地(土地+建物)+車位,金龍路４７巷１３弄７號八樓,8.0,8.0,1,50.04,897464,12.27,211899.0,25.085225,121.593942,內湖站出口1,168,有電梯_7樓以上
房地(土地+建物)+車位,南京西路４４８號九樓,9.0,0.0,1,43.77,943092,10.55,241706.0,25.053399,121.508272,北門站出口3,432,有電梯_7樓以上
房地(土地+建物)+車位,南京西路４４８號八樓之２,8.0,0.0,1,53.98,974951,11.74,238501.0,25.053399,121.508272,北門站出口3,432,有電梯_7樓以上
房地(土地+建物)+車位,新富街１５８號十二樓,12.0,11.0,1,105.38,865686,25.67,194780.0,25.06074,121.585452,昆陽站出口2,1369,有電梯_7樓以上
房地(土地+建物),青年路３０巷８號十二樓,12.0,37.0,1,31.5,561972,0.0,,25.02633,121.503791,龍山寺站出口3,1034,有電梯_7樓以上
房地(土地+建物)+車位,通北街１３４號八樓,8.0,24.0,1,47.35,506861,0.0,,25.084601,121.537714,大直站出口1,1041,有電梯_7樓以上
房地(土地+建物)+車位,辛亥路六段３７號八樓之３,8.0,15.0,1,40.02,704903,13.13,228484.0,24.989292,121.55355,萬芳醫院站出口,1199,有電梯_7樓以上
房地(土地+建物)+車位,辛亥路四段２０９巷２６號十六樓,16.0,3.0,1,47.07,917106,10.0,300000.0,25.002081,121.555956,萬芳醫院站出口,350,有電梯_7樓以上
房地(土地+建物),健康路４３號八樓,8.0,26.0,1,47.23,857574,0.0,,25.053718,121.554882,台北小巨蛋站出口4,315,有電梯_7樓以上
房地(土地+建物)+車位,建國北路二段１９２號九樓之１,9.0,38.0,1,51.02,786839,13.53,221729.0,25.059806,121.536326,行天宮站出口3,296,有電梯_7樓以上
房地(土地+建物)+車位,景華街１９８號八樓,8.0,7.0,1,80.02,894179,12.7,196850.0,24.99879,121.547613,萬隆站出口2,866,有電梯_7樓以上
房地(土地+建物),復興北路２２８號十二樓之２,12.0,38.0,1,39.78,839015,0.0,,25.057009,121.543479,中山國中站出口,427,有電梯_7樓以上
房地(土地+建物)+車位,仁愛路二段１６號十六樓,16.0,14.0,1,100.1,1213327,23.14,302506.0,25.038075,121.526242,東門站出口2,449,有電梯_7樓以上
房地(土地+建物)+車位,石牌路二段３１５巷３４弄５號十二樓,12.0,8.0,1,56.79,816272,11.34,0.0,25.124012,121.522354,石牌站出口1,1234,有電梯_7樓以上
房地(土地+建物),康寧路三段１９０巷３５號十二樓之３,12.0,16.0,1,24.06,935248,0.0,,25.068665,121.610794,東湖站出口1,164,有電梯_7樓以上
房地(土地+建物)+車位,德行東路２５８號十二樓之３,12.0,1.0,1,48.26,1079302,7.31,246238.0,25.109603,121.534373,芝山站出口2,1371,有電梯_7樓以上
房地(土地+建物)+車位,敦化南路一段３０２號十四樓,14.0,48.0,1,58.83,1019833,0.0,,25.035907,121.548354,大安站出口6,510,有電梯_7樓以上
房地(土地+建物)+車位,明德路８號十樓,10.0,5.0,1,51.88,1089502,10.57,0.0,25.10661,121.517313,明德站出口1,352,有電梯_7樓以上
房地(土地+建物)+車位,明水路３９７巷７弄４０號九樓,9.0,30.0,1,32.78,1027494,10.88,183824.0,25.077889,121.550109,大直站出口3,356,有電梯_7樓以上
房地(土地+建物)+車位,木柵路四段９巷２號十九樓,19.0,25.0,1,90.35,415050,0.0,,24.992466,121.570806,木柵站出口,687,有電梯_7樓以上
房地(土地+建物)+車位,重慶南路三段４５號十樓,10.0,2.0,1,81.25,1450106,23.7,270042.0,25.027692,121.516224,古亭站出口7,552,有電梯_7樓以上
房地(土地+建物),文林路７６３號十一樓之６,11.0,43.0,1,42.88,603512,0.0,,25.103191,121.519026,芝山站出口2,341,有電梯_7樓以上
房地(土地+建物)+車位,仙岩路１６巷８５號十樓,10.0,26.0,1,48.74,592352,11.13,179695.0,24.996239,121.550969,萬芳醫院站出口,766,有電梯_7樓以上
房地(土地+建物)+車位,興隆路三段３２７號十七樓,17.0,7.0,1,55.22,742697,10.92,0.0,24.991525,121.558921,萬芳醫院站出口,882,有電梯_7樓以上
房地(土地+建物)+車位,德行東路２５８號十四樓之３,14.0,1.0,1,55.49,1086352,14.62,225718.0,25.109603,121.534373,芝山站出口2,1371,有電梯_7樓以上
房地(土地+建物)+車位,成功路二段４５０號十樓,10.0,3.0,1,43.65,750107,6.05,0.0,25.071991,121.58956,文德站出口1,841,有電梯_7樓以上
房地(土地+建物)+車位,明水路３９７巷１８弄１８號九樓,9.0,16.0,1,74.25,1235707,19.38,283798.0,25.078333,121.546851,大直站出口3,124,有電梯_7樓以上
房地(土地+建物),敬業三路１６２巷２６號八樓,8.0,23.0,1,47.05,637650,0.0,,25.078151,121.557764,劍南路站出口3,707,有電梯_7樓以上
房地(土地+建物)+車位,和平東路三段２１２巷２號十二樓之２,12.0,23.0,1,80.54,915034,10.27,340798.0,25.022553,121.553971,六張犁站出口,191,有電梯_7樓以上
房地(土地+建物)+車位,迪化街二段１５８號十三樓之８,13.0,3.0,1,57.94,716211,0.0,,25.066822,121.510066,大橋頭站出口1A,423,有電梯_7樓以上
房地(土地+建物)+車位,東新街５８號十五樓,15.0,1.0,1,76.55,1028476,24.04,249584.0,25.047523,121.585423,後山埤站出口3,334,有電梯_7樓以上
房地(土地+建物)+車位,重陽路５７巷５１號九樓,9.0,17.0,1,62.62,750590,0.0,,25.057459,121.596124,昆陽站出口4,801,有電梯_7樓以上
房地(土地+建物),健康路３２５巷２５弄１０號十三樓,13.0,2.0,1,38.93,1020150,0.0,,25.05638,121.566473,南京三民站出口4,562,有電梯_7樓以上
房地(土地+建物)+車位,北安路７８９號九樓之５,9.0,10.0,1,26.55,1047392,3.87,0.0,25.085623,121.55387,劍南路站出口1,150,有電梯_7樓以上
房地(土地+建物)+車位,新富街１３１號九樓,9.0,10.0,1,104.47,826163,25.46,180676.0,25.060405,121.585782,昆陽站出口2,1319,有電梯_7樓以上
房地(土地+建物)+車位,重慶南路三段４１號十三樓,13.0,2.0,1,93.37,1473705,23.7,345992.0,25.027876,121.516179,中正紀念堂站出口2,546,有電梯_7樓以上
房地(土地+建物)+車位,重慶北路四段２２２號十三樓之２,13.0,6.0,1,27.64,792259,5.7,0.0,25.085867,121.511468,劍潭站出口2,1368,有電梯_7樓以上
房地(土地+建物)+車位,南京西路４４８號十二樓之３,12.0,0.0,1,32.38,1030125,9.59,271116.0,25.053399,121.508272,北門站出口3,432,有電梯_7樓以上
房地(土地+建物)+車位,南京西路４４８號八樓,8.0,0.0,1,44.97,925248,11.74,242760.0,25.053399,121.508272,北門站出口3,432,有電梯_7樓以上
房地(土地+建物)+車位,師大路２１２號十一樓之１,11.0,12.0,1,34.13,905441,7.3,342466.0,25.02071,121.523076,台電大樓站出口4,427,有電梯_7樓以上
房地(土地+建物)+車位,興隆路三段３０４巷１５號八樓,8.0,0.0,1,56.74,636849,5.24,286260.0,24.993724,121.55836,萬芳醫院站出口,632,有電梯_7樓以上
房地(土地+建物)+車位,向陽路１９６巷１５號十樓,10.0,-2.0,1,122.16,739841,26.18,286478.0,25.056956,121.593627,昆陽站出口3,707,有電梯_7樓以上
房地(土地+建物)+車位,向陽路１９６巷１１號十樓,10.0,-2.0,1,122.77,729696,26.18,309396.0,25.056843,121.593759,昆陽站出口3,694,有電梯_7樓以上
房地(土地+建物)+車位,向陽路１９６巷７號十樓,10.0,-2.0,1,71.32,782496,17.45,286533.0,25.05673,121.5939,昆陽站出口3,682,有電梯_7樓以上
房地(土地+建物)+車位,向陽路１９６巷１號十樓,10.0,-2.0,1,70.41,793118,17.45,263610.0,25.056675,121.593934,昆陽站出口3,676,有電梯_7樓以上
房地(土地+建物)+車位,向陽路１９６巷５號十樓,10.0,-2.0,1,71.4,778531,17.45,286533.0,25.056698,121.593794,昆陽站出口3,678,有電梯_7樓以上
房地(土地+建物),木柵路三段８５巷８弄３號九樓之１,9.0,-2.0,1,26.4,639415,0.0,,24.989576,121.567304,萬芳社區站出口,1007,有電梯_7樓以上
房地(土地+建物)+車位,向陽路１９６巷９號十樓,10.0,-2.0,1,89.56,759952,17.45,309456.0,25.056903,121.593796,昆陽站出口3,701,有電梯_7樓以上
房地(土地+建物)+車位,向陽路１９６巷１１號九樓,9.0,-2.0,1,35.43,849194,8.73,286369.0,25.056843,121.593759,昆陽站出口3,694,有電梯_7樓以上
房地(土地+建物)+車位,向陽路１９６巷１３號九樓,9.0,-2.0,1,34.22,834978,8.73,286369.0,25.056827,121.593718,昆陽站出口3,693,有電梯_7樓以上
房地(土地+建物)+車位,向陽路１９６巷１號八樓,8.0,-2.0,1,49.07,776069,8.73,286369.0,25.056675,121.593934,昆陽站出口3,676,有電梯_7樓以上
房地(土地+建物)+車位,向陽路１９６巷５號八樓,8.0,-2.0,1,49.99,783550,8.73,286369.0,25.056698,121.593794,昆陽站出口3,678,有電梯_7樓以上
房地(土地+建物),萬芳路２８號十三樓之５,13.0,-2.0,1,38.04,641442,0.0,,24.996293,121.570393,萬芳社區站出口,324,有電梯_7樓以上
房地(土地+建物)+車位,寶興街１４０巷５號十四樓之１,14.0,-1.0,1,31.14,597413,11.65,204292.0,25.024467,121.494565,龍山寺站出口2,1295,有電梯_7樓以上
房地(土地+建物),寶興街１４０巷５號十四樓之２,14.0,-1.0,1,19.01,597514,0.0,,25.024467,121.494565,龍山寺站出口2,1295,有電梯_7樓以上
房地(土地+建物)+車位,向陽路１９６巷１７號八樓,8.0,-2.0,1,35.43,833094,8.73,263459.0,25.056971,121.593665,昆陽站出口3,709,有電梯_7樓以上
房地(土地+建物),寶興街１４０巷５號十二樓之２,12.0,-1.0,1,19.01,530189,0.0,,25.024467,121.494565,龍山寺站出口2,1295,有電梯_7樓以上
房地(土地+建物)+車位,向陽路１９６巷３號十樓,10.0,-2.0,1,70.47,806548,17.45,286533.0,25.05664,121.593835,昆陽站出口3,672,有電梯_7樓以上
房地(土地+建物)+車位,德行東路２００號十四樓,14.0,-2.0,1,63.81,1180390,12.32,259740.0,25.108693,121.531601,芝山站出口2,1078,有電梯_7樓以上
房地(土地+建物)+車位,義理街２３號十一樓,11.0,-2.0,1,86.94,891040,23.19,267357.0,25.116729,121.515315,石牌站出口1,196,有電梯_7樓以上
房地(土地+建物)+車位,興隆路三段３０４巷１５號十樓,10.0,-2.0,1,61.97,620503,10.47,143266.0,24.993724,121.55836,萬芳醫院站出口,632,有電梯_7樓以上
房地(土地+建物)+車位,興隆路三段３０４巷２１號十樓,10.0,-2.0,1,61.99,620357,10.47,143266.0,24.993912,121.558299,萬芳醫院站出口,611,有電梯_7樓以上
房地(土地+建物)+車位,萬芳路２８號十三樓之７,13.0,-3.0,1,68.38,663048,19.7,233503.0,24.996293,121.570393,萬芳社區站出口,324,有電梯_7樓以上
房地(土地+建物)+車位,東明街４３號十一樓,11.0,-3.0,1,35.33,676023,11.38,194200.0,25.056151,121.604453,南港站出口1,509,有電梯_7樓以上
房地(土地+建物)+車位,東明街４３號十一樓之２,11.0,-3.0,1,46.47,692731,11.38,210018.0,25.056151,121.604453,南港站出口1,509,有電梯_7樓以上
房地(土地+建物)+車位,興隆路三段３０４巷２１號八樓,8.0,-3.0,1,61.99,597841,10.47,95511.0,24.993912,121.558299,萬芳醫院站出口,611,有電梯_7樓以上
房地(土地+建物),寶興街１４０巷７號八樓之１,8.0,-2.0,1,17.1,590737,0.0,,25.024422,121.494505,龍山寺站出口2,1303,有電梯_7樓以上
房地(土地+建物),興隆路三段３０４巷２５號十樓,10.0,-3.0,1,42.23,629855,0.0,,24.993724,121.558215,萬芳醫院站出口,631,有電梯_7樓以上
房地(土地+建物)+車位,指南路三段７７巷１１號八樓,8.0,-3.0,1,20.92,571150,6.96,201149.0,24.982791,121.580718,動物園站出口2,1694,有電梯_7樓以上
房地(土地+建物)+車位,指南路三段７７巷９號八樓,8.0,-3.0,1,32.12,566536,6.96,186782.0,24.982776,121.580654,動物園站出口2,1695,有電梯_7樓以上
房地(土地+建物)+車位,延壽街１８巷７號八樓,8.0,-3.0,1,57.9,867770,9.99,240240.0,25.056752,121.568578,南京三民站出口4,694,有電梯_7樓以上
房地(土地+建物)+車位,興隆路三段３０４巷２５號八樓,8.0,-3.0,1,52.7,622706,10.47,257880.0,24.993724,121.558215,萬芳醫院站出口,631,有電梯_7樓以上
房地(土地+建物)+車位,新明路４５８號十三樓,13.0,-3.0,1,39.21,657250,9.53,194124.0,25.053719,121.578779,松山站出口5,365,有電梯_7樓以上
房地(土地+建物)+車位,八德路二段１４６巷１弄６號十一樓,11.0,-3.0,1,127.01,976286,36.46,263302.0,25.045707,121.537325,忠孝新生站出口4,550,有電梯_7樓以上
房地(土地+建物)+車位,新明路４５８號十樓之１,10.0,-3.0,1,40.68,637272,9.53,204617.0,25.053719,121.578779,松山站出口5,365,有電梯_7樓以上
房地(土地+建物)+車位,新明路４５８號九樓,9.0,-3.0,1,39.51,617001,9.53,194124.0,25.053719,121.578779,松山站出口5,365,有電梯_7樓以上
房地(土地+建物)+車位,新明路４５８號十一樓,11.0,-3.0,1,39.08,640245,9.53,183631.0,25.053719,121.578779,松山站出口5,365,有電梯_7樓以上
房地(土地+建物)+車位,新明路４５８號九樓之２,9.0,-3.0,1,39.08,614252,9.53,194124.0,25.053719,121.578779,松山站出口5,365,有電梯_7樓以上
房地(土地+建物)+車位,新明路４５８號十一樓之２,11.0,-3.0,1,38.57,634511,9.53,183631.0,25.053719,121.578779,松山站出口5,365,有電梯_7樓以上
房地(土地+建物)+車位,新明路４５８號十二樓,12.0,-3.0,1,39.1,654732,9.53,183631.0,25.053719,121.578779,松山站出口5,365,有電梯_7樓以上
房地(土地+建物)+車位,新明路４５８號八樓之２,8.0,-3.0,1,39.08,604099,9.53,194124.0,25.053719,121.578779,松山站出口5,365,有電梯_7樓以上
房地(土地+建物)+車位,八德路二段１４６巷１弄６號十樓,10.0,-3.0,1,114.86,942934,24.31,287947.0,25.045707,121.537325,忠孝新生站出口4,550,有電梯_7樓以上
房地(土地+建物)+車位,八德路二段１４６巷１弄６號十四樓,14.0,-3.0,1,126.61,966646,36.06,249584.0,25.045707,121.537325,忠孝新生站出口4,550,有電梯_7樓以上
房地(土地+建物),東明街４３號十樓之２,10.0,-4.0,1,19.88,757032,0.0,,25.056151,121.604453,南港站出口1,509,有電梯_7樓以上
房地(土地+建物)+車位,東明街４３號八樓之５,8.0,-4.0,1,53.31,735282,11.38,237258.0,25.056151,121.604453,南港站出口1,509,有電梯_7樓以上
房地(土地+建物),東明街４３號八樓之１,8.0,-4.0,1,21.78,740945,0.0,,25.056151,121.604453,南港站出口1,509,有電梯_7樓以上
房地(土地+建物)+車位,東明街４３號十樓之５,10.0,-4.0,1,52.3,742929,11.38,219684.0,25.056151,121.604453,南港站出口1,509,有電梯_7樓以上
房地(土地+建物)+車位,東明街４３號八樓,8.0,-4.0,1,35.58,743204,11.38,237258.0,25.056151,121.604453,南港站出口1,509,有電梯_7樓以上
房地(土地+建物)+車位,東明街４３號十一樓之１,11.0,-4.0,1,33.13,764855,11.38,219684.0,25.056151,121.604453,南港站出口1,509,有電梯_7樓以上
房地(土地+建物),東明街４３號十樓之３,10.0,-4.0,1,20.66,762912,0.0,,25.056151,121.604453,南港站出口1,509,有電梯_7樓以上
房地(土地+建物),東明街４３號十一樓之５,11.0,-4.0,1,24.93,760251,0.0,,25.056151,121.604453,南港站出口1,509,有電梯_7樓以上
房地(土地+建物)+車位,東明街４３號十二樓之５,12.0,-4.0,1,35.66,776113,11.38,237258.0,25.056151,121.604453,南港站出口1,509,有電梯_7樓以上
房地(土地+建物),東明街４３號十二樓之６,12.0,-4.0,1,20.71,772494,0.0,,25.056151,121.604453,南港站出口1,509,有電梯_7樓以上
房地(土地+建物)+車位,東明街４３號十三樓,13.0,-4.0,1,35.33,772478,11.38,254833.0,25.056151,121.604453,南港站出口1,509,有電梯_7樓以上
房地(土地+建物)+車位,東明街４３號十三樓之３,13.0,-4.0,1,35.99,772096,11.38,237258.0,25.056151,121.604453,南港站出口1,509,有電梯_7樓以上
房地(土地+建物)+車位,東明街４３號十二樓之１,12.0,-4.0,1,33.13,768532,11.38,219684.0,25.056151,121.604453,南港站出口1,509,有電梯_7樓以上
房地(土地+建物)+車位,東明街４３號十三樓之２,13.0,-4.0,1,46.47,772804,11.38,219684.0,25.056151,121.604453,南港站出口1,509,有電梯_7樓以上
房地(土地+建物)+車位,東明街４３號十三樓之５,13.0,-4.0,1,35.66,773231,11.38,254833.0,25.056151,121.604453,南港站出口1,509,有電梯_7樓以上
房地(土地+建物)+車位,東明街４３號十二樓之２,12.0,-4.0,1,46.47,770240,11.38,254833.0,25.056151,121.604453,南港站出口1,509,有電梯_7樓以上
房地(土地+建物)+車位,東明街４３號十三樓之１,13.0,-4.0,1,33.13,757041,11.38,219684.0,25.056151,121.604453,南港站出口1,509,有電梯_7樓以上
房地(土地+建物)+車位,東明街４３號十三樓之６,13.0,-4.0,1,32.09,760906,11.38,219684.0,25.056151,121.604453,南港站出口1,509,有電梯_7樓以上
房地(土地+建物)+車位,義理街２９號九樓,9.0,-4.0,1,95.21,845038,24.21,214787.0,25.116867,121.515206,石牌站出口1,212,有電梯_7樓以上
房地(土地+建物)+車位,東明街４３號十樓之６,10.0,-4.0,1,32.4,768291,11.38,237258.0,25.056151,121.604453,南港站出口1,509,有電梯_7樓以上
房地(土地+建物)+車位,義理街２５號九樓,9.0,-4.0,1,94.16,870336,24.21,247831.0,25.11684,121.515367,石牌站出口1,209,有電梯_7樓以上
房地(土地+建物)+車位,延壽街１８巷７號九樓,9.0,-4.0,1,57.9,886761,9.99,220220.0,25.056752,121.568578,南京三民站出口4,694,有電梯_7樓以上
房地(土地+建物)+車位,八德路二段１４６巷１弄８號十四樓,14.0,-4.0,1,126.61,911097,36.06,291181.0,25.04571,121.537537,忠孝新生站出口4,566,有電梯_7樓以上
房地(土地+建物)+車位,八德路二段１４６巷１弄８號十八樓,18.0,-4.0,1,114.86,991527,24.31,304401.0,25.04571,121.537537,忠孝新生站出口4,566,有電梯_7樓以上
房地(土地+建物)+車位,東明街４３號十一樓之３,11.0,-4.0,1,54.91,827596,11.38,254833.0,25.056151,121.604453,南港站出口1,509,有電梯_7樓以上
房地(土地+建物),東明街４３號十樓之１,10.0,-4.0,1,21.76,761637,0.0,,25.056151,121.604453,南港站出口1,509,有電梯_7樓以上
房地(土地+建物)+車位,東明街４３號十樓,10.0,-4.0,1,35.3,752266,11.38,219684.0,25.056151,121.604453,南港站出口1,509,有電梯_7樓以上
房地(土地+建物)+車位,東明街４３號十二樓,12.0,-4.0,1,35.33,758282,11.38,219684.0,25.056151,121.604453,南港站出口1,509,有電梯_7樓以上
房地(土地+建物)+車位,東明街４３號十二樓之３,12.0,-4.0,1,35.99,768439,11.38,237258.0,25.056151,121.604453,南港站出口1,509,有電梯_7樓以上
房地(土地+建物),東明街４３號十樓之７,10.0,-4.0,1,20.34,745708,0.0,,25.056151,121.604453,南港站出口1,509,有電梯_7樓以上
房地(土地+建物)+車位,莒光路２６６號八樓,8.0,-4.0,1,34.18,659173,13.02,195853.0,25.031294,121.499027,龍山寺站出口2,431,有電梯_7樓以上
房地(土地+建物)+車位,八德路二段１４６巷１弄８號十一樓,11.0,-4.0,1,115.06,879652,24.51,326397.0,25.04571,121.537537,忠孝新生站出口4,566,有電梯_7樓以上
房地(土地+建物)+車位,八德路二段１４６巷１弄６號十八樓,18.0,-4.0,1,127.01,973857,36.46,271530.0,25.045707,121.537325,忠孝新生站出口4,550,有電梯_7樓以上
房地(土地+建物)+車位,八德路二段１４６巷１弄８號二十樓,20.0,-4.0,1,158.51,1009477,36.46,296215.0,25.04571,121.537537,忠孝新生站出口4,566,有電梯_7樓以上
房地(土地+建物)+車位,民權東路二段７１巷８號十四樓之２,14.0,-4.0,1,38.84,913678,9.84,284553.0,25.063339,121.531609,行天宮站出口4,359,有電梯_7樓以上
房地(土地+建物)+車位,仁愛路二段７４號九樓之２,9.0,-4.0,1,70.79,1520692,13.91,258807.0,25.038029,121.529949,忠孝新生站出口5,416,有電梯_7樓以上
房地(土地+建物)+車位,秀明路二段７１號十樓,10.0,-4.0,1,35.77,559852,10.27,223953.0,24.991854,121.576149,動物園站出口2,752,有電梯_7樓以上
房地(土地+建物)+車位,秀明路二段７１號十樓之２,10.0,-4.0,1,37.24,545652,10.27,223953.0,24.991854,121.576149,動物園站出口2,752,有電梯_7樓以上
房地(土地+建物)+車位,秀明路二段７１號十樓之１,10.0,-4.0,1,39.4,548505,10.27,223953.0,24.991854,121.576149,動物園站出口2,752,有電梯_7樓以上
房地(土地+建物)+車位,秀明路二段７１號九樓,9.0,-4.0,1,35.77,564556,10.27,204479.0,24.991854,121.576149,動物園站出口2,752,有電梯_7樓以上
房地(土地+建物)+車位,寶興街１４０巷５號十三樓之１,13.0,-3.0,1,31.14,530179,11.65,231760.0,25.024467,121.494565,龍山寺站出口2,1295,有電梯_7樓以上
房地(土地+建物)+車位,寶興街１４０巷５號十三樓之２,13.0,-3.0,1,29.73,530189,10.72,251866.0,25.024467,121.494565,龍山寺站出口2,1295,有電梯_7樓以上
房地(土地+建物)+車位,寶興街１４０巷７號十二樓之２,12.0,-4.0,1,29.61,534719,11.65,231760.0,25.024422,121.494505,龍山寺站出口2,1303,有電梯_7樓以上
房地(土地+建物)+車位,寶興街１４０巷７號十樓之１,10.0,-4.0,1,28.75,508853,11.65,223176.0,25.024422,121.494505,龍山寺站出口2,1303,有電梯_7樓以上
房地(土地+建物)+車位,寶興街１４０巷５號十三樓之３,13.0,-4.0,1,49.96,503764,11.65,231760.0,25.024467,121.494565,龍山寺站出口2,1295,有電梯_7樓以上
房地(土地+建物),寶興街１４０巷５號十一樓之３,11.0,-4.0,1,38.31,518862,0.0,,25.024467,121.494565,龍山寺站出口2,1295,有電梯_7樓以上
房地(土地+建物)+車位,寶興街１４０巷７號十樓之３,10.0,-4.0,1,39.6,515300,11.65,223176.0,25.024422,121.494505,龍山寺站出口2,1303,有電梯_7樓以上
房地(土地+建物)+車位,寶興街１４０巷７號十樓之２,10.0,-4.0,1,29.61,523579,11.65,223176.0,25.024422,121.494505,龍山寺站出口2,1303,有電梯_7樓以上
房地(土地+建物)+車位,寶興街１４０巷７號十二樓之３,12.0,-4.0,1,39.6,519952,11.65,231760.0,25.024422,121.494505,龍山寺站出口2,1303,有電梯_7樓以上
房地(土地+建物)+車位,寶興街１４０巷７號十二樓,12.0,-4.0,1,36.96,509799,11.65,231760.0,25.024422,121.494505,龍山寺站出口2,1303,有電梯_7樓以上
房地(土地+建物)+車位,寶興街１４０巷７號十一樓之３,11.0,-4.0,1,37.81,527834,10.72,233209.0,25.024422,121.494505,龍山寺站出口2,1303,有電梯_7樓以上
房地(土地+建物)+車位,寶興街１４０巷７號十三樓之３,13.0,-4.0,1,38.74,530846,11.65,223176.0,25.024422,121.494505,龍山寺站出口2,1303,有電梯_7樓以上
房地(土地+建物),環河北路一段７３號十樓之３,10.0,42.0,1,14.11,636356,0.0,,25.05283,121.50745,北門站出口3,426,有電梯_7樓以上
房地(土地+建物)+車位,中央北路三段４０巷１９弄１１號八樓之２,8.0,16.0,1,29.51,604006,5.5,272727.0,25.138558,121.484893,復興崗站出口1,112,有電梯_7樓以上
房地(土地+建物)+車位,經貿二路２３５巷２６號八樓,8.0,10.0,1,35.73,1080017,3.78,0.0,25.061201,121.614943,南港軟體園區站出口1,130,有電梯_7樓以上
房地(土地+建物),行善路２５巷１４號九樓,9.0,27.0,1,36.47,630719,0.0,,25.055336,121.576097,松山站出口5,558,有電梯_7樓以上
房地(土地+建物)+車位,磺港路１３６號十二樓,12.0,10.0,1,79.41,863281,19.55,0.0,25.129343,121.502508,北投站出口2,382,有電梯_7樓以上
房地(土地+建物)+車位,復興北路３１３巷４２號十樓,10.0,16.0,1,77.27,1156982,21.27,376117.0,25.058836,121.54697,中山國中站出口,374,有電梯_7樓以上
房地(土地+建物)+車位,星雲街１６３號九樓之２,9.0,25.0,1,19.25,1176546,6.16,292208.0,25.08126,121.596442,內湖站出口2,322,有電梯_7樓以上
房地(土地+建物)+車位,和平東路四段６６巷３９號十樓,10.0,27.0,1,74.84,480998,0.0,,25.005505,121.565006,辛亥站出口,806,有電梯_7樓以上
房地(土地+建物)+車位,文林北路７５巷７３號十一樓,11.0,6.0,1,57.97,952523,13.04,0.0,25.103181,121.517405,芝山站出口2,502,有電梯_7樓以上
房地(土地+建物)+車位,興隆路三段１３７號十樓之５,10.0,16.0,1,15.49,819392,4.51,221729.0,24.998332,121.55878,萬芳醫院站出口,157,有電梯_7樓以上
房地(土地+建物)+車位,民權東路六段２９６巷１１３號九樓,9.0,30.0,1,47.79,911729,12.14,0.0,25.06991,121.608962,葫洲站出口1,303,有電梯_7樓以上
房地(土地+建物),民權西路１６０巷１８弄８號十樓之５,10.0,2.0,1,18.44,976119,0.0,,25.062139,121.515256,大橋頭站出口2,233,有電梯_7樓以上
房地(土地+建物),復興北路４６０號八樓,8.0,22.0,1,14.72,1066603,0.0,,25.064425,121.544075,中山國中站出口,400,有電梯_7樓以上
房地(土地+建物),建國南路一段１６０號九樓之１,9.0,47.0,1,52.29,822288,0.0,,25.041062,121.536977,忠孝新生站出口3,342,有電梯_7樓以上
房地(土地+建物)+車位,成功路五段３９８號十七樓之１,17.0,23.0,1,67.15,804147,0.0,,25.076222,121.607427,葫洲站出口2,411,有電梯_7樓以上
房地(土地+建物),指南路三段３２巷５號九樓之９,9.0,14.0,1,9.01,763985,0.0,,24.982383,121.580139,動物園站出口2,1735,有電梯_7樓以上
房地(土地+建物),星雲街１６８巷４３號十二樓之１,12.0,27.0,1,8.97,901174,0.0,,25.080177,121.59724,內湖站出口2,467,有電梯_7樓以上
房地(土地+建物)+車位,康樂街２０４之３號十一樓,11.0,16.0,1,41.12,688531,5.4,0.0,25.076318,121.621494,東湖站出口3,1407,有電梯_7樓以上
房地(土地+建物)+車位,內湖路一段６５９號十八樓之２,18.0,13.0,1,45.17,1124041,12.0,233333.0,25.080257,121.575335,港墘站出口1,49,有電梯_7樓以上
房地(土地+建物),復興北路４２７巷２５號十樓之２,10.0,15.0,1,19.52,886394,0.0,,25.063413,121.546383,中山國中站出口,376,有電梯_7樓以上
房地(土地+建物),建國南路二段９７號十一樓,11.0,38.0,1,37.71,967315,0.0,,25.03027,121.538278,大安森林公園站出口5,415,有電梯_7樓以上
房地(土地+建物),復興南路二段１７１巷３６號十七樓,17.0,39.0,1,39.1,818391,0.0,,25.027509,121.545039,科技大樓站出口,207,有電梯_7樓以上
房地(土地+建物),復興北路４６０號九樓之２,9.0,22.0,1,14.63,1147939,0.0,,25.064425,121.544075,中山國中站出口,400,有電梯_7樓以上
房地(土地+建物)+車位,明水路３９７巷１１號十二樓之１,12.0,19.0,1,73.91,1356601,25.26,0.0,25.078442,121.547821,大直站出口3,138,有電梯_7樓以上
房地(土地+建物)+車位,士東路８８號十二樓,12.0,6.0,1,58.54,1277370,12.35,283401.0,25.111899,121.528745,明德站出口1,1008,有電梯_7樓以上
房地(土地+建物)+車位,中山北路六段４０５巷８８號十二樓之１,12.0,1.0,1,64.73,1334616,17.9,0.0,25.117201,121.526575,石牌站出口2,1117,有電梯_7樓以上
房地(土地+建物)+車位,新光路一段６５巷３８號八樓,8.0,30.0,1,65.94,462550,0.0,,24.990703,121.575469,木柵站出口,856,有電梯_7樓以上
房地(土地+建物),國興路１巷６號九樓之２,9.0,42.0,1,18.26,766750,0.0,,25.023861,121.508494,頂溪站出口2,1280,有電梯_7樓以上
房地(土地+建物)+車位,寶興街６５巷１６號八樓,8.0,8.0,1,41.06,636392,3.34,0.0,25.027029,121.494868,龍山寺站出口2,1027,有電梯_7樓以上
房地(土地+建物)+車位,中山北路六段２３６巷９號十四樓,14.0,2.0,1,38.79,1197914,12.33,283861.0,25.10827,121.526184,芝山站出口2,627,有電梯_7樓以上
房地(土地+建物),復興南路二段１５１巷３０弄３號十五樓,15.0,39.0,1,30.99,855085,0.0,,25.027976,121.545531,科技大樓站出口,278,有電梯_7樓以上
房地(土地+建物)+車位,通安街１１８巷２號九樓,9.0,24.0,1,63.13,665245,0.0,,25.029093,121.552735,信義安和站出口2A,418,有電梯_7樓以上
房地(土地+建物)+車位,景興路１５３巷１９號十一樓之５,11.0,30.0,1,26.63,638328,0.0,,24.994015,121.546038,景美站出口2,468,有電梯_7樓以上
房地(土地+建物),長春路２５８巷２６號九樓之４,9.0,22.0,1,13.75,993555,0.0,,25.053567,121.538976,南京復興站出口1,334,有電梯_7樓以上
房地(土地+建物)+車位,金湖路３２６巷４７號十樓,10.0,26.0,1,24.42,943972,8.53,351700.0,25.073915,121.60387,葫洲站出口2,369,有電梯_7樓以上
房地(土地+建物)+車位,基河路３８２號十樓之１,10.0,14.0,1,101.36,1054643,23.61,0.0,25.095048,121.517993,士林站出口1,810,有電梯_7樓以上
房地(土地+建物),大湖山莊街２０６號八樓,8.0,31.0,1,11.35,757724,0.0,,25.088242,121.598537,大湖公園站出口1,619,有電梯_7樓以上
房地(土地+建物),吳興街２８４巷５９弄１０號九樓,9.0,30.0,1,22.58,797109,0.0,,25.021782,121.563545,麟光站出口,614,有電梯_7樓以上
房地(土地+建物),復興南路二段１５１巷４４號十四樓,14.0,39.0,1,31.22,848788,0.0,,25.028062,121.54572,科技大樓站出口,298,有電梯_7樓以上
房地(土地+建物),健康路１６６號八樓,8.0,46.0,1,40.27,812354,0.0,,25.053644,121.55823,南京三民站出口1,549,有電梯_7樓以上
房地(土地+建物),建國北路三段７１號十一樓之６,11.0,8.0,1,24.52,864685,0.0,,25.065123,121.537204,行天宮站出口4,678,有電梯_7樓以上
房地(土地+建物)+車位,南京東路三段４８巷３８號十三樓之２,13.0,20.0,1,79.97,1135813,10.41,336215.0,25.050651,121.538303,南京復興站出口2,379,有電梯_7樓以上
房地(土地+建物),仁愛路四段１４７號十樓之１,10.0,42.0,1,32.86,1216657,0.0,,25.038095,121.551682,忠孝敦化站出口3,361,有電梯_7樓以上
房地(土地+建物),松江路５０８之１號十一樓,11.0,39.0,1,15.73,959951,0.0,,25.065851,121.533108,行天宮站出口4,610,有電梯_7樓以上
房地(土地+建物)+車位,泉源路５２號十二樓,12.0,24.0,1,43.51,611826,12.46,160514.0,25.140896,121.509466,新北投站出口1,741,有電梯_7樓以上
房地(土地+建物)+車位,辛亥路七段８４巷５號九樓之２,9.0,23.0,1,31.78,506017,0.0,,24.981545,121.55474,大坪林站出口5,1171,有電梯_7樓以上
房地(土地+建物),辛亥路四段７７巷９２弄１１號九樓之６,9.0,21.0,1,16.85,715038,0.0,,25.008661,121.561555,辛亥站出口,603,有電梯_7樓以上
房地(土地+建物)+車位,秀明路二段３號八樓,8.0,18.0,1,103.87,766869,37.23,201450.0,24.992144,121.574201,木柵站出口,675,有電梯_7樓以上
房地(土地+建物)+車位,景中街１號十樓之４,10.0,21.0,1,20.48,996564,7.64,392670.0,24.993043,121.541484,景美站出口2,4,有電梯_7樓以上
房地(土地+建物)+車位,敦煌路８８巷８號十樓,10.0,14.0,1,49.32,849775,13.31,187829.0,25.075805,121.516919,圓山站出口2,551,有電梯_7樓以上
房地(土地+建物),文化三路２之１號九樓,9.0,29.0,1,42.19,711126,0.0,,25.136588,121.496204,北投站出口1,512,有電梯_7樓以上
房地(土地+建物),羅斯福路六段１６６巷１號九樓,9.0,1.0,1,33.2,962281,0.0,,24.994847,121.540476,景美站出口2,224,有電梯_7樓以上
房地(土地+建物),中華路二段４１６巷５號十二樓之３,12.0,37.0,1,30.87,576667,0.0,,25.027098,121.504688,龍山寺站出口3,976,有電梯_7樓以上
房地(土地+建物),八德路四段２４５巷２０號九樓之１,9.0,22.0,1,20.14,1046494,0.0,,25.049554,121.564297,南京三民站出口3,200,有電梯_7樓以上
房地(土地+建物),安和路二段１６９號十二樓,12.0,40.0,1,41.57,962174,0.0,,25.028186,121.550108,六張犁站出口,550,有電梯_7樓以上
房地(土地+建物),新生北路三段６１號八樓之１８,8.0,48.0,1,13.93,703360,0.0,,25.065942,121.528055,中山國小站出口4,367,有電梯_7樓以上
房地(土地+建物),星雲街１６８巷３５號二十樓之３,20.0,27.0,1,9.71,914784,0.0,,25.079901,121.597014,內湖站出口2,481,有電梯_7樓以上
房地(土地+建物),民權東路三段１６０巷１號九樓之４,9.0,44.0,1,20.26,999735,0.0,,25.061588,121.548046,松山機場站出口2,367,有電梯_7樓以上
房地(土地+建物)+車位,四維路７６巷５號九樓,9.0,29.0,1,58.53,1011488,0.0,,25.034444,121.547637,大安站出口6,395,有電梯_7樓以上
房地(土地+建物)+車位,溪口街７０號十二樓之１,12.0,6.0,1,49.72,653716,0.0,,24.995546,121.538914,景美站出口3,352,有電梯_7樓以上
房地(土地+建物)+車位,汀州路四段２５３號十二樓,12.0,13.0,1,58.15,701603,0.0,,25.001905,121.536284,萬隆站出口4,246,有電梯_7樓以上
房地(土地+建物),吳興街６００巷１００弄１８之２號九樓,9.0,10.0,1,19.46,738959,0.0,,25.017564,121.572151,麟光站出口,1369,有電梯_7樓以上
房地(土地+建物)+車位,樟新街３２巷１８號十樓,10.0,16.0,1,73.47,764649,6.27,685805.0,24.978955,121.554571,七張站出口2,1224,有電梯_7樓以上
房地(土地+建物)+車位,磺港路１３６號十三樓,13.0,10.0,1,69.95,818513,10.09,0.0,25.129343,121.502508,北投站出口2,382,有電梯_7樓以上
房地(土地+建物),安和路一段１８號八樓,8.0,47.0,1,55.4,1036704,0.0,,25.038692,121.550437,忠孝敦化站出口6,289,有電梯_7樓以上
房地(土地+建物)+車位,信義路四段９９巷３６號十三樓,13.0,27.0,1,52.63,1050253,0.0,,25.034796,121.546935,大安站出口6,333,有電梯_7樓以上
房地(土地+建物),興隆路三段１３７號九樓之８,9.0,16.0,1,9.19,848475,0.0,,24.998332,121.55878,萬芳醫院站出口,157,有電梯_7樓以上
房地(土地+建物)+車位,敬業三路１６２巷４７號十樓,10.0,24.0,1,47.03,1028163,16.39,0.0,25.078979,121.558389,劍南路站出口3,639,有電梯_7樓以上
房地(土地+建物),中央北路四段５４１巷９號十五樓,15.0,2.0,1,29.25,761823,0.0,,25.12756,121.468445,關渡站出口1,267,有電梯_7樓以上
房地(土地+建物),中華路二段４１６巷７號十一樓,11.0,37.0,1,29.41,641914,0.0,,25.026815,121.504809,龍山寺站出口3,1009,有電梯_7樓以上
房地(土地+建物),延壽街３３０巷１７弄８之１號十樓,10.0,31.0,1,40.54,850991,0.0,,25.054913,121.560829,南京三民站出口1,436,有電梯_7樓以上
房地(土地+建物)+車位,建國南路一段３０８號十三樓之３,13.0,6.0,1,31.37,1124561,0.0,,25.035567,121.537427,大安森林公園站出口6,259,有電梯_7樓以上
房地(土地+建物),敦化南路二段１２８號十三樓之２,13.0,45.0,1,51.11,944232,0.0,,25.026092,121.548377,科技大樓站出口,478,有電梯_7樓以上
房地(土地+建物),福德街３７３巷３９號十五樓,15.0,26.0,1,38.74,598682,0.0,,25.038964,121.591966,後山埤站出口3,1119,有電梯_7樓以上
房地(土地+建物),復興南路二段３２９號十八樓之１,18.0,37.0,1,34.84,1052664,0.0,,25.023787,121.543568,科技大樓站出口,263,有電梯_7樓以上
房地(土地+建物),重慶北路三段２０３之３號十一樓之８,11.0,4.0,1,23.63,879992,0.0,,25.069939,121.513933,圓山站出口1,622,有電梯_7樓以上
房地(土地+建物),成功路四段６１巷２２弄３號八樓之２,8.0,30.0,1,27.45,728709,0.0,,25.081425,121.593447,內湖站出口1,271,有電梯_7樓以上
房地(土地+建物)+車位,市民大道三段１８６號十七樓,17.0,8.0,1,97.31,1426418,15.0,440000.0,25.044442,121.537873,忠孝新生站出口3,516,有電梯_7樓以上
房地(土地+建物)+車位,中正路６９１號九樓,9.0,40.0,1,34.2,517535,0.0,,25.085356,121.507368,劍潭站出口2,1766,有電梯_7樓以上
房地(土地+建物),四維路１９８巷２１弄６號十樓,10.0,39.0,1,30.54,851248,0.0,,25.02721,121.546166,科技大樓站出口,281,有電梯_7樓以上
房地(土地+建物),四維路１９８巷３９弄７號十四樓,14.0,39.0,1,27.86,848973,0.0,,25.027575,121.545929,科技大樓站出口,280,有電梯_7樓以上
房地(土地+建物)+車位,幽雅路７號十一樓之３,11.0,15.0,1,28.81,440650,7.03,170697.0,25.137316,121.513129,新北投站出口1,968,有電梯_7樓以上
房地(土地+建物)+車位,建國南路一段４２號十樓之５,10.0,34.0,1,45.6,926648,9.77,286592.0,25.044017,121.536225,忠孝新生站出口4,349,有電梯_7樓以上
房地(土地+建物),康寧路一段２９２號十樓,10.0,32.0,1,19.11,784850,0.0,,25.078247,121.597872,內湖站出口2,683,有電梯_7樓以上
房地(土地+建物)+車位,興隆路四段１０５巷２３號十二樓,12.0,29.0,1,40.96,543153,0.0,,24.987961,121.561844,萬芳醫院站出口,1336,有電梯_7樓以上
房地(土地+建物),哈密街５９巷７８弄６號十一樓之２,11.0,25.0,1,50.37,561851,0.0,,25.075628,121.515188,圓山站出口2,655,有電梯_7樓以上
房地(土地+建物),重慶北路三段２０３之３號九樓之８,9.0,4.0,1,23.63,850363,0.0,,25.069939,121.513933,圓山站出口1,622,有電梯_7樓以上
房地(土地+建物)+車位,經貿二路１５７巷５６號二十樓,20.0,12.0,1,96.74,1004690,13.13,456969.0,25.060922,121.617035,南港軟體園區站出口2,114,有電梯_7樓以上
房地(土地+建物)+車位,街８號十樓,10.0,15.0,1,34.14,1025402,5.0,400000.0,25.05467,121.606829,南港站出口2,300,有電梯_7樓以上
房地(土地+建物)+車位,木新路二段６８號九樓,9.0,21.0,1,84.94,697295,16.54,151149.0,24.985671,121.570489,木柵站出口,1421,有電梯_7樓以上
房地(土地+建物),民權東路三段１２５巷６號十二樓之２,12.0,39.0,1,39.15,766353,0.0,,25.06256,121.545914,中山國中站出口,274,有電梯_7樓以上
房地(土地+建物)+車位,辛亥路六段２１巷３４號十二樓,12.0,25.0,1,115.01,424994,0.0,,24.989925,121.554189,萬芳醫院站出口,1111,有電梯_7樓以上
房地(土地+建物)+車位,萬芳路１８號十樓,10.0,19.0,1,39.67,773100,11.46,191972.0,24.9958,121.570509,萬芳社區站出口,375,有電梯_7樓以上
房地(土地+建物),延壽街１８巷１號十二樓,12.0,1.0,1,43.05,1072663,0.0,,25.057122,121.568559,南京三民站出口4,727,有電梯_7樓以上
房地(土地+建物)+車位,中庸一路１１之４號十三樓,13.0,29.0,1,84.72,353857,19.72,253550.0,25.134657,121.549285,石牌站出口1,4066,有電梯_7樓以上
房地(土地+建物)+車位,芝玉路一段２２６號十八樓之３,18.0,15.0,1,82.54,909526,20.88,311303.0,25.10904,121.534286,芝山站出口2,1335,有電梯_7樓以上
房地(土地+建物)+車位,義理街２５號十一樓,11.0,1.0,1,86.19,1024588,24.21,247831.0,25.11684,121.515367,石牌站出口1,209,有電梯_7樓以上
房地(土地+建物),天母北路２８巷３９號八樓,8.0,16.0,1,9.39,964144,0.0,,25.119397,121.525546,石牌站出口2,1141,有電梯_7樓以上
房地(土地+建物),天母北路１０５巷１５弄１號八樓之６,8.0,29.0,1,19.6,725437,0.0,,25.124083,121.527458,石牌站出口1,1593,有電梯_7樓以上
房地(土地+建物)+車位,民權東路六段１７３之２號八樓,8.0,18.0,1,64.49,666771,0.0,,25.068292,121.596216,葫洲站出口2,1202,有電梯_7樓以上
房地(土地+建物)+車位,民權東路六段１７３之１號八樓,8.0,18.0,1,64.42,667523,0.0,,25.068292,121.596216,葫洲站出口2,1202,有電梯_7樓以上
房地(土地+建物)+車位,中央北路四段５４１巷７號十五樓,15.0,2.0,1,50.9,740885,12.59,198570.0,25.127635,121.468545,關渡站出口1,279,有電梯_7樓以上
房地(土地+建物)+車位,中央北路二段３５０巷７８號十四樓,14.0,9.0,1,55.47,513825,0.0,,25.139474,121.489046,復興崗站出口1,418,有電梯_7樓以上
房地(土地+建物),和平東路二段３１１巷７７號十樓,10.0,39.0,1,30.54,877441,0.0,,25.026698,121.545423,科技大樓站出口,190,有電梯_7樓以上
房地(土地+建物),辛亥路四段７７巷９２弄９號八樓之５,8.0,20.0,1,16.45,643046,0.0,,25.008779,121.561219,辛亥站出口,587,有電梯_7樓以上
房地(土地+建物)+車位,銅山街１２號十一樓,11.0,17.0,1,168.91,1052652,0.0,,25.039694,121.526946,善導寺站出口5,551,有電梯_7樓以上
房地(土地+建物)+車位,金湖路３２８之１０號十一樓,11.0,22.0,1,78.45,635817,0.0,,25.074519,121.601485,葫洲站出口2,616,有電梯_7樓以上
房地(土地+建物),興安街７３號十五樓之１,15.0,38.0,1,33.76,800452,0.0,,25.056212,121.542922,南京復興站出口1,407,有電梯_7樓以上
房地(土地+建物)+車位,康寧路三段７０巷２號八樓,8.0,19.0,1,56.21,933058,13.56,184366.0,25.069804,121.611163,東湖站出口2,292,有電梯_7樓以上
房地(土地+建物)+車位,石牌路二段３１５巷３４弄７號十二樓之１,12.0,9.0,1,68.52,733181,11.4,245614.0,25.123747,121.522717,石牌站出口1,1232,有電梯_7樓以上
房地(土地+建物)+車位,敦化南路一段２３３巷３６號八樓,8.0,36.0,1,59.78,869813,0.0,,25.040256,121.551339,忠孝敦化站出口3,123,有電梯_7樓以上
房地(土地+建物)+車位,羅斯福路六段３９巷４８號十樓,10.0,16.0,1,50.34,803026,12.98,192604.0,24.998083,121.542467,萬隆站出口2,480,有電梯_7樓以上
房地(土地+建物),木柵路二段１０９巷１００弄４２號九樓,9.0,27.0,1,22.99,556838,0.0,,24.99252,121.562168,萬芳醫院站出口,884,有電梯_7樓以上
房地(土地+建物)+車位,下崙路１１巷２１號九樓,9.0,7.0,1,56.13,534456,0.0,,24.985652,121.559526,萬芳醫院站出口,1537,有電梯_7樓以上
房地(土地+建物)+車位,崇仁路一段１６８號十三樓之１,13.0,26.0,1,44.72,776322,8.91,0.0,25.122753,121.502497,奇岩站出口2,290,有電梯_7樓以上
房地(土地+建物),愛國東路１１６巷２３弄１號九樓,9.0,38.0,1,43.17,1150031,0.0,,25.03188,121.520895,中正紀念堂站出口3,196,有電梯_7樓以上
房地(土地+建物)+車位,興隆路四段２之３號十四樓,14.0,7.0,1,91.47,623405,16.88,0.0,24.990408,121.559251,萬芳醫院站出口,1010,有電梯_7樓以上
房地(土地+建物)+車位,木柵路三段８５巷８弄３號十一樓,11.0,1.0,1,36.42,846000,3.56,505618.0,24.989576,121.567304,萬芳社區站出口,1007,有電梯_7樓以上
房地(土地+建物),木柵路三段８５巷８弄３號十二樓之１,12.0,1.0,1,24.97,760780,0.0,,24.989576,121.567304,萬芳社區站出口,1007,有電梯_7樓以上
房地(土地+建物)+車位,金龍路２５１號十五樓,15.0,27.0,1,48.42,799080,8.78,0.0,25.088958,121.587041,內湖站出口1,930,有電梯_7樓以上
房地(土地+建物)+車位,行善路３３３巷８號十二樓,12.0,12.0,1,102.15,845667,24.1,0.0,25.06227,121.585203,松山站出口5,1502,有電梯_7樓以上
房地(土地+建物),民權東路三段１６０巷２號十一樓之１５,11.0,44.0,1,21.47,961608,0.0,,25.06169,121.547688,中山國中站出口,386,有電梯_7樓以上
房地(土地+建物)+車位,承德路七段１６８號十六樓,16.0,1.0,1,78.17,889891,10.03,299103.0,25.113628,121.508443,石牌站出口1,702,有電梯_7樓以上
房地(土地+建物)+車位,涼州街２號十四樓,14.0,13.0,1,81.96,815164,23.69,295483.0,25.060812,121.515804,大橋頭站出口2,369,有電梯_7樓以上
房地(土地+建物),樟新街３２巷１號九樓之１,9.0,29.0,1,11.37,703360,0.0,,24.978524,121.554907,七張站出口2,1249,有電梯_7樓以上
房地(土地+建物)+車位,西園路二段２８１巷３０之３號八樓,8.0,24.0,1,48.3,626206,6.02,249169.0,25.023936,121.492003,龍山寺站出口2,1470,有電梯_7樓以上
房地(土地+建物)+車位,潭美街７７號八樓,8.0,11.0,1,39.48,862815,1.46,0.0,25.05345,121.578015,松山站出口5,322,有電梯_7樓以上
房地(土地+建物)+車位,北安路４５８巷４１弄７２號十六樓,16.0,2.0,1,56.5,1502529,12.38,258481.0,25.079367,121.546914,大直站出口3,13,有電梯_7樓以上
房地(土地+建物)+車位,中央北路四段５４１巷７號十樓,10.0,2.0,1,50.9,801451,12.59,0.0,25.127635,121.468545,關渡站出口1,279,有電梯_7樓以上
房地(土地+建物)+車位,羅斯福路六段３９巷５２號十樓,10.0,16.0,1,38.52,946460,15.06,0.0,24.998053,121.542549,萬隆站出口2,488,有電梯_7樓以上
房地(土地+建物)+車位,康寧路三段１６巷１１８號八樓,8.0,22.0,1,37.89,895020,2.96,608108.0,25.070846,121.60949,葫洲站出口1,234,有電梯_7樓以上
房地(土地+建物),永吉路１２７巷１１弄６號八樓,8.0,6.0,1,17.32,957380,0.0,,25.046321,121.569887,市政府站出口4,625,有電梯_7樓以上
房地(土地+建物)+車位,中央北路二段３５０巷９０號十一樓,11.0,9.0,1,66.86,517464,0.0,,25.139891,121.489225,復興崗站出口1,457,有電梯_7樓以上
房地(土地+建物)+車位,臥龍街２８９號十四樓,14.0,1.0,1,48.25,1036282,9.46,295983.0,25.017435,121.558235,麟光站出口,130,有電梯_7樓以上
房地(土地+建物),復興南路二段３２７號十八樓,18.0,37.0,1,32.28,1052574,0.0,,25.023845,121.543569,科技大樓站出口,257,有電梯_7樓以上
房地(土地+建物),金華街４７號十二樓之２,12.0,38.0,1,18.77,1308091,0.0,,25.031913,121.520236,中正紀念堂站出口3,131,有電梯_7樓以上
房地(土地+建物)+車位,新明路４２８巷２號八樓,8.0,1.0,1,58.44,899934,17.55,284900.0,25.054303,121.579381,松山站出口5,446,有電梯_7樓以上
房地(土地+建物),永吉路１２０巷２０號八樓之５,8.0,17.0,1,16.22,1035950,0.0,,25.044779,121.570191,市政府站出口4,495,有電梯_7樓以上
房地(土地+建物),文林路７６５號九樓之３,9.0,43.0,1,26.22,503362,0.0,,25.103292,121.518965,芝山站出口2,345,有電梯_7樓以上
房地(土地+建物)+車位,興隆路三段３０４巷１５號八樓,8.0,1.0,1,56.74,689232,5.23,382409.0,24.993724,121.55836,萬芳醫院站出口,632,有電梯_7樓以上
房地(土地+建物),青年路２８號八樓之１,8.0,37.0,1,33.35,701573,0.0,,25.025813,121.505163,龍山寺站出口3,1126,有電梯_7樓以上
房地(土地+建物)+車位,復興北路４７２號九樓之１,9.0,22.0,1,77.27,882840,26.86,223380.0,25.064725,121.544073,中山國中站出口,434,有電梯_7樓以上
房地(土地+建物)+車位,中正路４９５號十六樓,16.0,37.0,1,55.5,782327,12.04,290698.0,25.091777,121.518449,士林站出口1,800,有電梯_7樓以上
房地(土地+建物),金華街４７號十二樓之１,12.0,38.0,1,18.77,1308091,0.0,,25.031913,121.520236,中正紀念堂站出口3,131,有電梯_7樓以上
房地(土地+建物),健康路５７號十四樓,14.0,27.0,1,60.78,723872,0.0,,25.053893,121.555668,台北小巨蛋站出口4,383,有電梯_7樓以上
房地(土地+建物)+車位,萬芳路２２號九樓之２,9.0,19.0,1,34.31,723261,10.84,202952.0,24.995934,121.570438,萬芳社區站出口,358,有電梯_7樓以上
房地(土地+建物)+車位,福興路１０６巷２９號十二樓,12.0,12.0,1,40.03,469651,0.0,,25.006845,121.549868,辛亥站出口,746,有電梯_7樓以上
房地(土地+建物),興隆路二段２１７巷８之１號十二樓,12.0,28.0,1,21.07,750021,0.0,,25.002223,121.548954,辛亥站出口,874,有電梯_7樓以上
房地(土地+建物),民族西路３３８號十樓之２,10.0,2.0,1,62.06,797566,0.0,,25.068593,121.509343,大橋頭站出口1A,633,有電梯_7樓以上
房地(土地+建物)+車位,新生北路二段９號十六樓,16.0,9.0,1,144.61,1168026,21.56,324675.0,25.052919,121.527848,松江南京站出口1,473,有電梯_7樓以上
房地(土地+建物),康寧路三段１９０巷３５號八樓之８,8.0,16.0,1,25.79,929669,0.0,,25.068665,121.610794,東湖站出口1,164,有電梯_7樓以上
房地(土地+建物),仁愛路四段６８號十三樓之６,13.0,46.0,1,12.98,1151481,0.0,,25.037474,121.547924,忠孝敦化站出口6,415,有電梯_7樓以上
房地(土地+建物),復興南路二段１５１巷３０弄１３號十三樓,13.0,39.0,1,30.51,841605,0.0,,25.027878,121.545522,科技大樓站出口,270,有電梯_7樓以上
房地(土地+建物)+車位,中華路二段３６４巷２６號十一樓,11.0,12.0,1,53.25,694809,0.0,,25.02868,121.50377,龍山寺站出口3,780,有電梯_7樓以上
房地(土地+建物),寶興街１４０巷７號九樓之１,9.0,1.0,1,17.1,657883,0.0,,25.024422,121.494505,龍山寺站出口2,1303,有電梯_7樓以上
房地(土地+建物),敬業三路１６２巷２８號九樓,9.0,24.0,1,47.11,671770,0.0,,25.077921,121.557953,劍南路站出口3,737,有電梯_7樓以上
房地(土地+建物)+車位,下崙路２８巷２號八樓,8.0,29.0,1,27.19,606938,0.0,,24.986213,121.556851,大坪林站出口5,1425,有電梯_7樓以上
房地(土地+建物),中華路二段４１６巷１３號十樓,10.0,37.0,1,32.72,678456,0.0,,25.027021,121.504194,龍山寺站出口3,969,有電梯_7樓以上
房地(土地+建物)+車位,北安路４５８巷４１弄５８號八樓,8.0,2.0,1,56.56,1495040,12.38,250404.0,25.079183,121.546665,大直站出口3,45,有電梯_7樓以上
房地(土地+建物),北安路４５８巷４１弄７０號十六樓,16.0,2.0,1,25.91,1546948,0.0,,25.079337,121.546875,大直站出口3,18,有電梯_7樓以上
房地(土地+建物)+車位,光復北路２１４號十三樓,13.0,22.0,1,39.97,858159,0.0,,25.055541,121.555435,台北小巨蛋站出口4,514,有電梯_7樓以上
房地(土地+建物)+車位,義理街２３號九樓,9.0,1.0,1,70.29,1026130,12.11,247729.0,25.116729,121.515315,石牌站出口1,196,有電梯_7樓以上
房地(土地+建物)+車位,建國北路二段２２６巷５７號八樓,8.0,1.0,1,52.42,1259794,12.85,280156.0,25.061096,121.535445,行天宮站出口3,248,有電梯_7樓以上
房地(土地+建物)+車位,延平北路六段３８４號八樓之１,8.0,18.0,1,52.04,656655,8.52,0.0,25.091279,121.500793,三和國中站出口2,2145,有電梯_7樓以上
房地(土地+建物)+車位,臥龍街３１６號十樓,10.0,14.0,1,51.11,982020,14.16,197740.0,25.016603,121.559948,麟光站出口,256,有電梯_7樓以上
房地(土地+建物),公路４２３巷１７號十樓,10.0,31.0,1,35.79,670489,0.0,,25.132303,121.502681,北投站出口2,379,有電梯_7樓以上
房地(土地+建物),興隆路三段１３７號八樓之６,8.0,16.0,1,9.19,989888,0.0,,24.998332,121.55878,萬芳醫院站出口,157,有電梯_7樓以上
房地(土地+建物),仙岩路２２巷３１號十樓之１,10.0,29.0,1,43.94,630801,0.0,,24.998404,121.549993,萬芳醫院站出口,788,有電梯_7樓以上
房地(土地+建物),民族西路２２５巷１３之６號八樓之１,8.0,19.0,1,30.52,802774,0.0,,25.069697,121.512333,大橋頭站出口3,672,有電梯_7樓以上
房地(土地+建物)+車位,文德路７３號十四樓之３,14.0,16.0,1,67.61,955437,11.91,0.0,25.078656,121.582246,文德站出口2,239,有電梯_7樓以上
房地(土地+建物)+車位,福林路２５１巷８號八樓之２,8.0,9.0,1,39.8,927360,10.81,259019.0,25.098723,121.534566,士林站出口1,1007,有電梯_7樓以上
房地(土地+建物)+車位,天玉街１３之２號十樓,10.0,17.0,1,87.39,889530,19.94,300903.0,25.120411,121.527403,石牌站出口2,1359,有電梯_7樓以上
房地(土地+建物)+車位,天母北路５６號十九樓,19.0,4.0,1,65.61,1170669,11.73,251492.0,25.121533,121.52636,石牌站出口1,1336,有電梯_7樓以上
房地(土地+建物)+車位,天母北路５６號十九樓之１,19.0,4.0,1,35.1,1170399,11.73,213129.0,25.121533,121.52636,石牌站出口1,1336,有電梯_7樓以上
房地(土地+建物),興城街７０號十五樓之６,15.0,1.0,1,59.33,1125135,0.0,,25.059555,121.51735,民權西路站出口2,343,有電梯_7樓以上
建物,成都路６７號十樓之２,10.0,29.0,1,10.38,422139,0.0,,25.042912,121.505693,西門站出口6,196,有電梯_7樓以上
房地(土地+建物)+車位,中山北路六段２３６巷９號十二樓,12.0,2.0,1,38.42,1160821,12.33,300081.0,25.10827,121.526184,芝山站出口2,627,有電梯_7樓以上
房地(土地+建物)+車位,行義路１２號十一樓,11.0,19.0,1,88.5,840571,22.65,220751.0,25.12476,121.526504,石牌站出口1,1571,有電梯_7樓以上
房地(土地+建物)+車位,南京東路六段１４８號十一樓之２,11.0,17.0,1,44.85,810491,5.36,466418.0,25.055209,121.578849,松山站出口5,528,有電梯_7樓以上
房地(土地+建物),大安路一段１４５號十樓,10.0,52.0,1,58.32,1111132,0.0,,25.03828,121.546164,忠孝復興站出口3,380,有電梯_7樓以上
房地(土地+建物)+車位,臥龍街２８９號九樓之２,9.0,1.0,1,36.1,1092296,9.46,0.0,25.017435,121.558235,麟光站出口,130,有電梯_7樓以上
房地(土地+建物),重慶南路二段５９號十一樓,11.0,,1,18.35,605017,0.0,,25.030789,121.515047,中正紀念堂站出口2,370,有電梯_7樓以上
房地(土地+建物),信義路三段１３４巷４６號十四樓,14.0,38.0,1,32.69,980570,0.0,,25.030416,121.539095,大安站出口2,439,有電梯_7樓以上
房地(土地+建物)+車位,木新路二段７０號十二樓,12.0,21.0,1,79.02,761865,16.54,151149.0,24.985645,121.570482,木柵站出口,1424,有電梯_7樓以上
房地(土地+建物)+車位,內湖路三段６０巷１２弄７１號十五樓,15.0,32.0,1,123.23,375560,0.0,,25.089083,121.591769,內湖站出口1,645,有電梯_7樓以上
房地(土地+建物)+車位,吳興街６００巷４２號八樓,8.0,30.0,1,89.96,646561,9.53,314795.0,25.020708,121.569281,麟光站出口,1102,有電梯_7樓以上
房地(土地+建物)+車位,忠孝東路六段８２號九樓,9.0,9.0,1,63.03,1048417,10.21,342801.0,25.046853,121.584124,後山埤站出口3,199,有電梯_7樓以上
房地(土地+建物)+車位,南深路３１號十一樓,11.0,25.0,1,70.17,342037,0.0,,25.037027,121.62085,南港展覽館站出口7,1911,有電梯_7樓以上
房地(土地+建物),信義路五段１５０巷４９９號十四樓之１,14.0,27.0,1,16.04,624864,0.0,,25.021286,121.573541,象山站出口2,1286,有電梯_7樓以上
房地(土地+建物)+車位,和興路２２之１號十樓,10.0,19.0,1,49.26,596882,0.0,,24.985577,121.546283,大坪林站出口5,433,有電梯_7樓以上
房地(土地+建物)+車位,新生北路二段７號十六樓,16.0,9.0,1,138.73,1128813,21.56,324675.0,25.052774,121.527866,松江南京站出口1,467,有電梯_7樓以上
房地(土地+建物)+車位,金湖路１２７號十樓,10.0,11.0,1,115.73,1081551,27.9,0.0,25.080281,121.598181,內湖站出口2,518,有電梯_7樓以上
房地(土地+建物)+車位,成功路四段１８０號十樓之３,10.0,6.0,1,93.52,1030137,17.61,0.0,25.083593,121.593902,內湖站出口1,40,有電梯_7樓以上
房地(土地+建物),文林路７６３號十一樓之７,11.0,43.0,1,42.88,603978,0.0,,25.103191,121.519026,芝山站出口2,341,有電梯_7樓以上
房地(土地+建物),民族西路３３８號十五樓之８,15.0,2.0,1,26.32,892841,0.0,,25.068593,121.509343,大橋頭站出口1A,633,有電梯_7樓以上
房地(土地+建物),四平街１３８號十一樓之２,11.0,41.0,1,33.08,888276,0.0,,25.053426,121.536273,松江南京站出口5,280,有電梯_7樓以上
房地(土地+建物)+車位,安和路一段９９號十五樓之２,15.0,43.0,1,81.38,1045058,15.86,283733.0,25.035796,121.552699,信義安和站出口1,269,有電梯_7樓以上
房地(土地+建物),信義路五段１５０巷３３０號十一樓之６,11.0,15.0,1,10.11,1127648,0.0,,25.026533,121.570157,象山站出口2,650,有電梯_7樓以上
房地(土地+建物)+車位,大度路三段２９９號十樓,10.0,15.0,1,36.39,772113,10.58,0.0,25.12293,121.466436,關渡站出口2,286,有電梯_7樓以上
房地(土地+建物)+車位,八德路二段１００號十八樓之１,18.0,12.0,1,72.83,1004713,9.33,375134.0,25.045816,121.536209,忠孝新生站出口4,480,有電梯_7樓以上
房地(土地+建物),文林路７６３號八樓之８,8.0,43.0,1,42.5,640073,0.0,,25.103191,121.519026,芝山站出口2,341,有電梯_7樓以上
房地(土地+建物)+車位,經貿二路１５７巷３６弄１１９號十樓,10.0,13.0,1,159.71,775293,28.15,213144.0,25.062781,121.614301,南港軟體園區站出口1,309,有電梯_7樓以上
房地(土地+建物),和平東路三段１巷３６號十二樓,12.0,39.0,1,26.31,874246,0.0,,25.026502,121.546579,科技大樓站出口,299,有電梯_7樓以上
房地(土地+建物)+車位,忠順街二段８５巷２３號十二樓,12.0,11.0,1,49.68,838625,6.16,405844.0,24.986302,121.565102,萬芳社區站出口,1405,有電梯_7樓以上
房地(土地+建物),萬大路４２３巷３２弄７號八樓,8.0,26.0,1,51.94,548687,0.0,,25.021019,121.500692,龍山寺站出口2,1569,有電梯_7樓以上
房地(土地+建物)+車位,研究院路二段６１巷１５號十樓之２,10.0,10.0,1,62.71,757457,15.71,190961.0,25.044633,121.617248,南港展覽館站出口7,1049,有電梯_7樓以上
房地(土地+建物)+車位,內湖路三段６０巷３１號十八樓,18.0,7.0,1,57.59,819632,0.0,,25.088484,121.593077,內湖站出口1,540,有電梯_7樓以上
房地(土地+建物)+車位,汀州路三段６３號八樓,8.0,5.0,1,43.48,1416949,12.08,289735.0,25.018005,121.528221,台電大樓站出口1,183,有電梯_7樓以上
房地(土地+建物),延平北路五段５０號十樓,10.0,11.0,1,43.4,580691,0.0,,25.080185,121.511019,圓山站出口2,1309,有電梯_7樓以上
房地(土地+建物)+車位,民權東路六段２９６巷９０號十二樓,12.0,31.0,1,65.5,749315,12.12,206271.0,25.068915,121.610464,東湖站出口1,197,有電梯_7樓以上
房地(土地+建物)+車位,興隆路三段１３７號九樓之５,9.0,16.0,1,15.49,826675,4.51,266075.0,24.998332,121.55878,萬芳醫院站出口,157,有電梯_7樓以上
房地(土地+建物)+車位,港華街９７號八樓,8.0,12.0,1,36.46,925092,9.24,270563.0,25.083506,121.573857,港墘站出口2,392,有電梯_7樓以上
房地(土地+建物)+車位,忠孝東路五段２３６巷４５弄３號十樓,10.0,24.0,1,61.91,1439362,13.42,0.0,25.037918,121.572385,永春站出口2,433,有電梯_7樓以上
房地(土地+建物),辛亥路一段８２號八樓,8.0,45.0,1,40.78,826447,0.0,,25.021076,121.531415,台電大樓站出口2,254,有電梯_7樓以上
房地(土地+建物)+車位,星雲街１６１巷８號十一樓之１,11.0,19.0,1,42.1,949675,11.66,240137.0,25.081878,121.596209,內湖站出口2,253,有電梯_7樓以上
房地(土地+建物)+車位,敦化南路二段１８２號八樓,8.0,34.0,1,77.13,1017858,10.45,0.0,25.023562,121.548312,六張犁站出口,447,有電梯_7樓以上
房地(土地+建物)+車位,福興路７８巷１弄２０之３號八樓,8.0,26.0,1,42.6,471820,0.0,,25.005215,121.551234,辛亥站出口,583,有電梯_7樓以上
房地(土地+建物),木柵路四段１３９號十二樓之１,12.0,13.0,1,25.13,835599,0.0,,24.99857,121.573753,木柵站出口,56,有電梯_7樓以上
房地(土地+建物),和平東路三段１巷５８號十五樓,15.0,39.0,1,31.15,802610,0.0,,25.027371,121.546684,科技大樓站出口,336,有電梯_7樓以上
房地(土地+建物)+車位,延壽街１８巷３號十二樓,12.0,1.0,1,54.96,1053592,11.59,241588.0,25.057012,121.56855,南京三民站出口4,717,有電梯_7樓以上
房地(土地+建物)+車位,敦化南路一段２６３號九樓之１,9.0,42.0,1,53.49,1299284,0.0,,25.036521,121.549225,信義安和站出口1,488,有電梯_7樓以上
房地(土地+建物)+車位,辛亥路四段７７巷３３號八樓,8.0,27.0,1,45.75,516250,0.0,,25.00802,121.560633,辛亥站出口,486,有電梯_7樓以上
房地(土地+建物),重陽路１９９巷２２號九樓之２,9.0,20.0,1,44.23,657450,0.0,,25.05724,121.599151,昆陽站出口4,917,有電梯_7樓以上
房地(土地+建物),敦化南路二段１２８號十三樓之１,13.0,45.0,1,51.11,964580,0.0,,25.026092,121.548377,科技大樓站出口,478,有電梯_7樓以上
房地(土地+建物)+車位,羅斯福路六段１４２巷２０弄２７號十樓,10.0,28.0,1,59.59,563859,0.0,,24.996913,121.539609,景美站出口2,469,有電梯_7樓以上
房地(土地+建物)+車位,復興南路二段７８巷３０弄６號八樓之１,8.0,37.0,1,50.25,1140100,10.34,386847.0,25.030745,121.542102,大安站出口3,278,有電梯_7樓以上
房地(土地+建物)+車位,敦煌路８８巷８號八樓,8.0,14.0,1,49.32,805342,13.31,187829.0,25.075805,121.516919,圓山站出口2,551,有電梯_7樓以上
房地(土地+建物)+車位,五分街１１１號十樓之１,10.0,17.0,1,25.16,850384,9.28,323276.0,25.067229,121.616757,東湖站出口3,483,有電梯_7樓以上
房地(土地+建物)+車位,三福街９巷１０號九樓之２,9.0,13.0,1,39.42,907130,10.76,0.0,24.997914,121.542255,萬隆站出口2,483,有電梯_7樓以上
房地(土地+建物),敦化北路１６５巷１６號九樓,9.0,34.0,1,40.23,916742,0.0,,25.054624,121.550923,台北小巨蛋站出口1,316,有電梯_7樓以上
房地(土地+建物)+車位,天母北路５６號十樓之１,10.0,4.0,1,89.07,1004937,23.47,270558.0,25.121533,121.52636,石牌站出口1,1336,有電梯_7樓以上
房地(土地+建物)+車位,敦煌路８０巷２號十一樓之１,11.0,16.0,1,71.62,820480,11.29,0.0,25.07541,121.517387,圓山站出口2,488,有電梯_7樓以上
房地(土地+建物)+車位,泉源路１８號八樓,8.0,20.0,1,53.72,617457,9.05,0.0,25.138739,121.505541,新北投站出口1,283,有電梯_7樓以上
房地(土地+建物)+車位,安和路二段２１１號十五樓,15.0,39.0,1,62.18,1040176,0.0,,25.026075,121.5502,六張犁站出口,356,有電梯_7樓以上
房地(土地+建物),忠順街一段９巷２２弄２號十二樓,12.0,18.0,1,18.75,820314,0.0,,24.984462,121.556845,大坪林站出口5,1386,有電梯_7樓以上
房地(土地+建物)+車位,東明街４３號十三樓,13.0,1.0,1,35.33,1089821,11.38,254833.0,25.056151,121.604453,南港站出口1,509,有電梯_7樓以上
房地(土地+建物)+車位,臥龍街３１６號九樓,9.0,14.0,1,49.06,1052396,12.11,0.0,25.016603,121.559948,麟光站出口,256,有電梯_7樓以上
房地(土地+建物),文林北路２５４號十二樓,12.0,39.0,1,46.91,596944,0.0,,25.109077,121.513651,明德站出口3,502,有電梯_7樓以上
房地(土地+建物),仙岩路１６巷２８之１號九樓,9.0,28.0,1,22.53,685655,0.0,,24.997749,121.548892,景美站出口2,907,有電梯_7樓以上
房地(土地+建物)+車位,研究院路二段６１巷１５號十五樓,15.0,10.0,1,76.17,731091,15.71,190961.0,25.044633,121.617248,南港展覽館站出口7,1049,有電梯_7樓以上
房地(土地+建物),明德路２６７巷１０號十樓之１,10.0,11.0,1,26.55,856959,0.0,,25.114608,121.521752,石牌站出口2,567,有電梯_7樓以上
房地(土地+建物)+車位,內湖路三段６０巷３９號十六樓,16.0,7.0,1,86.31,885228,17.53,285225.0,25.088436,121.593329,內湖站出口1,530,有電梯_7樓以上
房地(土地+建物)+車位,康寧路三段１８９巷９０之１號八樓,8.0,28.0,1,27.28,665337,0.0,,25.073131,121.612706,葫洲站出口1,472,有電梯_7樓以上
房地(土地+建物),明水路５５５號十二樓之３０,12.0,28.0,1,12.93,1017642,0.0,,25.079106,121.552099,大直站出口3,514,有電梯_7樓以上
房地(土地+建物),信義路五段１５０巷４５７號八樓,8.0,30.0,1,27.06,812869,0.0,,25.022772,121.572641,象山站出口2,1102,有電梯_7樓以上
房地(土地+建物)+車位,福德街１６９號八樓,8.0,12.0,1,121.54,931299,30.93,181054.0,25.037776,121.583574,後山埤站出口2,681,有電梯_7樓以上
房地(土地+建物)+車位,木柵路四段９巷８號九樓,9.0,26.0,1,64.23,487336,0.0,,24.992632,121.570917,木柵站出口,666,有電梯_7樓以上
房地(土地+建物)+車位,福興路１０６巷２５號八樓,8.0,11.0,1,52.16,681086,12.51,199840.0,25.006708,121.549781,辛亥站出口,751,有電梯_7樓以上
房地(土地+建物),富陽街９７號十一樓之１,11.0,37.0,1,40.14,702119,0.0,,25.020036,121.556742,麟光站出口,250,有電梯_7樓以上
房地(土地+建物),明水路５３９號十樓,10.0,30.0,1,36.01,956888,0.0,,25.078422,121.551829,大直站出口3,498,有電梯_7樓以上
房地(土地+建物),重陽路４７０號十三樓之１,13.0,14.0,1,73.21,954542,0.0,,25.059719,121.611287,南港軟體園區站出口1,467,有電梯_7樓以上
房地(土地+建物)+車位,木柵路四段１３９號八樓,8.0,13.0,1,48.2,776512,6.34,473186.0,24.99857,121.573753,木柵站出口,56,有電梯_7樓以上
房地(土地+建物),松江路３８巷２１號九樓,9.0,5.0,1,64.38,1079511,0.0,,25.047651,121.531094,松江南京站出口3,422,有電梯_7樓以上
房地(土地+建物),忠孝東路三段２１７巷７弄７號八樓之２,8.0,47.0,1,11.18,804981,0.0,,25.043666,121.539534,忠孝復興站出口1,419,有電梯_7樓以上
房地(土地+建物)+車位,安泰街１９號九樓,9.0,17.0,1,58.3,673372,8.03,0.0,25.073491,121.618814,東湖站出口3,993,有電梯_7樓以上
房地(土地+建物)+車位,北安路７８９號十二樓之３,12.0,10.0,1,29.78,1036558,3.87,465116.0,25.085623,121.55387,劍南路站出口1,150,有電梯_7樓以上
房地(土地+建物)+車位,康樂街１１０巷６號十一樓,11.0,7.0,1,59.93,752869,4.04,544554.0,25.070601,121.618611,東湖站出口3,777,有電梯_7樓以上
房地(土地+建物)+車位,泉源路４８號十一樓之２,11.0,24.0,1,28.01,551823,12.46,160514.0,25.140981,121.509059,新北投站出口1,714,有電梯_7樓以上
房地(土地+建物)+車位,士商路１３５號十一樓,11.0,20.0,1,50.38,927208,7.78,321337.0,25.093508,121.517988,士林站出口1,806,有電梯_7樓以上
房地(土地+建物),和平東路三段１巷３４號十一樓,11.0,39.0,1,35.3,881053,0.0,,25.026479,121.546578,科技大樓站出口,299,有電梯_7樓以上
房地(土地+建物),新光路一段６５巷３６號九樓,9.0,30.0,1,66.61,435367,0.0,,24.99075,121.575439,木柵站出口,850,有電梯_7樓以上
房地(土地+建物),新光路一段６５巷３８號九樓,9.0,30.0,1,65.94,424636,0.0,,24.990703,121.575469,木柵站出口,856,有電梯_7樓以上
房地(土地+建物)+車位,向陽路１６２巷６８號九樓,9.0,13.0,1,81.94,899403,23.03,217108.0,25.056011,121.596195,昆陽站出口4,651,有電梯_7樓以上
房地(土地+建物),民權東路三段１６０巷２號十一樓之８,11.0,44.0,1,14.56,892900,0.0,,25.06169,121.547688,中山國中站出口,386,有電梯_7樓以上
房地(土地+建物)+車位,忠孝東路六段９２號十四樓,14.0,9.0,1,87.29,932525,20.42,342801.0,25.047044,121.584298,後山埤站出口3,226,有電梯_7樓以上
房地(土地+建物)+車位,街４８號十樓之３,10.0,13.0,1,50.96,970268,10.25,243902.0,25.05467,121.606829,南港站出口2,300,有電梯_7樓以上
房地(土地+建物)+車位,中央北路三段４０巷３４弄１６號二十樓之１,20.0,12.0,1,111.36,590539,29.91,0.0,25.139641,121.485967,復興崗站出口1,227,有電梯_7樓以上
房地(土地+建物)+車位,三重路４１巷１９號十樓,10.0,1.0,1,53.57,1054520,13.0,0.0,25.060151,121.613375,南港軟體園區站出口1,252,有電梯_7樓以上
房地(土地+建物)+車位,辛亥路六段２１巷２６號十六樓,16.0,25.0,1,66.56,486486,0.0,,24.990449,121.554006,萬芳醫院站出口,1062,有電梯_7樓以上
房地(土地+建物),敦化南路二段４６號十二樓之１,12.0,49.0,1,16.43,1271177,0.0,,25.031308,121.548271,信義安和站出口2,452,有電梯_7樓以上
房地(土地+建物)+車位,街１７號十二樓之１,12.0,17.0,1,29.11,901375,2.35,0.0,25.05467,121.606829,南港站出口2,300,有電梯_7樓以上
房地(土地+建物)+車位,中山北路七段８１巷２８弄６號十六樓,16.0,13.0,1,226.79,855406,0.0,,25.122321,121.529867,石牌站出口1,1683,有電梯_7樓以上
房地(土地+建物)+車位,芝玉路一段２００號八樓,8.0,28.0,1,68.34,830647,14.16,211864.0,25.107993,121.533793,芝山站出口2,1243,有電梯_7樓以上
房地(土地+建物)+車位,重陽路１３號十樓,10.0,2.0,1,43.93,1037942,8.09,370828.0,25.055495,121.595456,昆陽站出口4,572,有電梯_7樓以上
房地(土地+建物),水源路２３號九樓,9.0,39.0,1,32.92,613646,0.0,,25.017077,121.525177,台電大樓站出口1,444,有電梯_7樓以上
房地(土地+建物)+車位,忠義街１５１號九樓,9.0,18.0,1,77.32,915460,21.06,284900.0,25.108706,121.532856,芝山站出口2,1190,有電梯_7樓以上
房地(土地+建物),興隆路四段１３３號十六樓之３,16.0,28.0,1,15.09,727406,0.0,,24.985418,121.561544,萬芳醫院站出口,1600,有電梯_7樓以上
房地(土地+建物)+車位,景隆街３６巷２之８號八樓,8.0,31.0,1,51.84,587401,12.69,197006.0,24.998465,121.543774,萬隆站出口2,543,有電梯_7樓以上
房地(土地+建物)+車位,三民路４３巷１０號十樓之１,10.0,17.0,1,61.02,863605,0.0,,25.056315,121.560808,南京三民站出口1,574,有電梯_7樓以上
房地(土地+建物),大業路５２９號十二樓之２,12.0,28.0,1,16.89,657250,0.0,,25.135109,121.496262,北投站出口1,361,有電梯_7樓以上
房地(土地+建物)+車位,重陽路４８５號二十樓,20.0,10.0,1,161.9,776657,42.8,175234.0,25.060692,121.611445,南港軟體園區站出口1,446,有電梯_7樓以上
房地(土地+建物)+車位,仁愛路四段３０４號十一樓,11.0,38.0,1,110.87,1362929,9.03,0.0,25.037354,121.554541,信義安和站出口5,459,有電梯_7樓以上
房地(土地+建物),民生東路三段９２號十樓之１,10.0,38.0,1,39.78,779193,0.0,,25.057534,121.54375,中山國中站出口,367,有電梯_7樓以上
房地(土地+建物)+車位,重慶南路三段４５號十七樓,17.0,2.0,1,72.49,1592874,11.85,286920.0,25.027692,121.516224,古亭站出口7,552,有電梯_7樓以上
房地(土地+建物)+車位,民和街１００號十五樓,15.0,1.0,1,85.19,737011,20.59,262263.0,25.02569,121.497323,龍山寺站出口2,1077,有電梯_7樓以上
房地(土地+建物)+車位,內湖路二段３５０號十二樓,12.0,9.0,1,55.05,947856,11.47,217960.0,25.081863,121.590162,內湖站出口1,463,有電梯_7樓以上
房地(土地+建物),康寧路一段２９２號十二樓之５,12.0,32.0,1,14.4,845716,0.0,,25.078247,121.597872,內湖站出口2,683,有電梯_7樓以上
房地(土地+建物)+車位,愛國東路８８號十二樓之３,12.0,2.0,1,51.53,1255172,0.0,,25.033351,121.519968,中正紀念堂站出口3,154,有電梯_7樓以上
房地(土地+建物)+車位,和平東路三段５０７號八樓,8.0,22.0,1,55.79,876809,10.17,245821.0,25.017286,121.560181,麟光站出口,212,有電梯_7樓以上
房地(土地+建物)+車位,安和路二段８８號十四樓,14.0,34.0,1,73.43,1136670,10.97,364631.0,25.028998,121.550485,信義安和站出口2A,477,有電梯_7樓以上
房地(土地+建物),金龍路２２２巷１６號九樓之７,9.0,30.0,1,19.51,733025,0.0,,25.087985,121.585356,內湖站出口1,1014,有電梯_7樓以上
房地(土地+建物)+車位,社子街８６號九樓之１,9.0,15.0,1,30.19,751431,6.39,0.0,25.087439,121.506061,劍潭站出口3,1935,有電梯_7樓以上
房地(土地+建物),新生北路一段２５號十一樓,11.0,43.0,1,17.08,808004,0.0,,25.046873,121.531513,忠孝新生站出口1,456,有電梯_7樓以上
房地(土地+建物),研究院路三段２巷１６號九樓,9.0,20.0,1,48.58,535217,0.0,,25.036394,121.616028,南港站出口2,1942,有電梯_7樓以上
房地(土地+建物),萬美街二段５９號十樓,10.0,28.0,1,41.16,388745,0.0,,25.005207,121.564022,辛亥站出口,706,有電梯_7樓以上
房地(土地+建物)+車位,中華路二段６０２號十三樓之１,13.0,28.0,1,57.88,544255,0.0,,25.024593,121.509861,小南門站出口4,1193,有電梯_7樓以上
房地(土地+建物),泉源路３９之３９號十樓,10.0,39.0,1,36.22,335494,0.0,,25.141441,121.50715,新北投站出口1,617,有電梯_7樓以上
房地(土地+建物)+車位,知行路２５９號八樓,8.0,13.0,1,26.86,524906,0.0,,25.121141,121.467091,關渡站出口1,477,有電梯_7樓以上
房地(土地+建物)+車位,信義路二段８６巷２７號十一樓,11.0,34.0,1,55.27,1433236,13.55,0.0,25.033915,121.525409,東門站出口2,220,有電梯_7樓以上
房地(土地+建物)+車位,石牌路二段３１５巷３９號八樓,8.0,10.0,1,80.26,708897,28.77,173792.0,25.124216,121.522062,石牌站出口1,1236,有電梯_7樓以上
房地(土地+建物)+車位,大度路三段１８９號十二樓之１,12.0,22.0,1,49.45,461104,0.0,,25.122718,121.469172,關渡站出口1,360,有電梯_7樓以上
房地(土地+建物)+車位,新民路５３之１號八樓之３,8.0,16.0,1,12.91,628123,4.31,185615.0,25.140218,121.510868,新北投站出口1,823,有電梯_7樓以上
房地(土地+建物)+車位,新生南路一段１６０巷１２號十樓,10.0,10.0,1,82.06,1200001,17.27,231616.0,25.034563,121.531417,東門站出口6,163,有電梯_7樓以上
房地(土地+建物)+車位,新生南路一段１６０巷１０號十樓,10.0,10.0,1,76.32,1199981,17.27,347423.0,25.034563,121.5315,東門站出口6,171,有電梯_7樓以上
房地(土地+建物)+車位,文湖街３１號八樓,8.0,13.0,1,106.89,849315,16.37,305437.0,25.086626,121.561235,劍南路站出口3,580,有電梯_7樓以上
房地(土地+建物)+車位,北安路４５８巷４１弄６６號八樓,8.0,2.0,1,47.81,1501349,12.38,274637.0,25.079291,121.546812,大直站出口3,26,有電梯_7樓以上
房地(土地+建物)+車位,興隆路二段２０３巷８８號十樓,10.0,27.0,1,33.85,932818,10.39,0.0,25.002591,121.547003,萬隆站出口2,759,有電梯_7樓以上
房地(土地+建物)+車位,寶興街１４０巷５號十三樓之２,13.0,1.0,1,29.73,345783,0.0,,25.024467,121.494565,龍山寺站出口2,1295,有電梯_7樓以上
房地(土地+建物)+車位,寶興街１４０巷５號十三樓之１,13.0,1.0,1,31.14,345256,0.0,,25.024467,121.494565,龍山寺站出口2,1295,有電梯_7樓以上
房地(土地+建物),政大二街２１５巷２２號十樓,10.0,21.0,1,41.75,498156,0.0,,24.989189,121.587632,動物園站出口1,1275,有電梯_7樓以上
房地(土地+建物)+車位,基河路２３６號十樓,10.0,28.0,1,53.42,888896,14.07,0.0,25.09082,121.521634,士林站出口2,534,有電梯_7樓以上
房地(土地+建物)+車位,新明路４２８巷１０號八樓,8.0,1.0,1,49.67,843750,8.78,284738.0,25.054189,121.579293,松山站出口5,431,有電梯_7樓以上
房地(土地+建物)+車位,民權東路六段１８０巷１５０號十一樓,11.0,13.0,1,63.87,751662,11.32,0.0,25.065024,121.592283,昆陽站出口3,1610,有電梯_7樓以上
房地(土地+建物)+車位,大業路５２９號十一樓之２,11.0,28.0,1,32.08,713840,15.71,0.0,25.135109,121.496262,北投站出口1,361,有電梯_7樓以上
房地(土地+建物)+車位,重陽路４７８號十三樓,13.0,8.0,1,72.72,1016478,23.53,0.0,25.060092,121.611667,南港軟體園區站出口1,424,有電梯_7樓以上
房地(土地+建物)+車位,麗山街１０５巷３號十一樓,11.0,28.0,1,47.92,949302,11.84,0.0,25.082315,121.579733,港墘站出口1,465,有電梯_7樓以上
房地(土地+建物)+車位,辛亥路六段２１巷３２號十九樓,19.0,24.0,1,62.61,520697,0.0,,24.990224,121.554177,萬芳醫院站出口,1080,有電梯_7樓以上
房地(土地+建物),承德路四段２４４號九樓,9.0,34.0,1,40.16,811817,0.0,,25.088985,121.52085,劍潭站出口1,619,有電梯_7樓以上
房地(土地+建物)+車位,興隆路二段２０３巷１０２號十樓,10.0,27.0,1,33.42,719858,10.39,240616.0,25.003106,121.546981,萬隆站出口2,768,有電梯_7樓以上
房地(土地+建物)+車位,延壽街１８巷３號十一樓,11.0,1.0,1,53.36,1072036,9.99,300300.0,25.057012,121.56855,南京三民站出口4,717,有電梯_7樓以上
房地(土地+建物),敦化南路二段９８號二十二樓,22.0,38.0,1,55.17,1177934,0.0,,25.027988,121.548387,科技大樓站出口,520,有電梯_7樓以上
房地(土地+建物)+車位,汀州路四段１８９號十六樓,16.0,13.0,1,66.45,940166,10.89,275482.0,25.003831,121.535829,萬隆站出口4,305,有電梯_7樓以上
房地(土地+建物)+車位,經貿二路１５７巷３６弄１０９號十樓,10.0,13.0,1,175.65,740066,42.23,213119.0,25.06231,121.614651,南港軟體園區站出口1,246,有電梯_7樓以上
房地(土地+建物),五分街７２巷７號八樓之６,8.0,16.0,1,25.38,837183,0.0,,25.067144,121.616305,東湖站出口3,437,有電梯_7樓以上
房地(土地+建物),福德街４２１號九樓,9.0,26.0,1,45.94,526802,0.0,,25.039824,121.591892,後山埤站出口3,1056,有電梯_7樓以上
房地(土地+建物),萬壽路６１巷９號九樓,9.0,28.0,1,65.54,435788,0.0,,24.986726,121.588133,動物園站出口1,1529,有電梯_7樓以上
房地(土地+建物)+車位,明水路３９７巷１８弄６號十二樓,12.0,16.0,1,82.88,1398276,19.38,309598.0,25.07833,121.547238,大直站出口3,125,有電梯_7樓以上
房地(土地+建物)+車位,南京西路４４８號十一樓,11.0,1.0,1,45.21,951220,11.99,266889.0,25.053399,121.508272,北門站出口3,432,有電梯_7樓以上
房地(土地+建物),安和路二段９０號十二樓之２,12.0,34.0,1,67.54,1009490,0.0,,25.028851,121.550338,信義安和站出口2A,499,有電梯_7樓以上
房地(土地+建物)+車位,南京西路４４８號十樓之２,10.0,1.0,1,52.78,987026,10.55,255924.0,25.053399,121.508272,北門站出口3,432,有電梯_7樓以上
建物,北平東路１６號九樓,9.0,35.0,1,44.89,469996,0.0,,25.046007,121.524627,善導寺站出口6,155,有電梯_7樓以上
建物,北平東路１６號九樓之１,9.0,35.0,1,37.66,470018,0.0,,25.046007,121.524627,善導寺站出口6,155,有電梯_7樓以上
房地(土地+建物)+車位,文湖街２１巷８３號十樓,10.0,8.0,1,181.33,380515,0.0,,25.090947,121.559529,劍南路站出口1,739,有電梯_7樓以上
房地(土地+建物)+車位,康樂街７２巷１７弄２９之２號八樓,8.0,25.0,1,35.76,546256,9.21,0.0,25.07068,121.617375,東湖站出口3,677,有電梯_7樓以上
房地(土地+建物)+車位,新光路一段６６巷６弄１４號十三樓,13.0,24.0,1,62.87,704765,22.01,227169.0,24.991358,121.573229,木柵站出口,758,有電梯_7樓以上
房地(土地+建物)+車位,金湖路３２８之１１號十一樓,11.0,22.0,1,78.45,630973,0.0,,25.074519,121.601485,葫洲站出口2,616,有電梯_7樓以上
房地(土地+建物)+車位,康樂街１３６巷１８弄２５號十三樓,13.0,11.0,1,41.03,835404,5.02,0.0,25.07106,121.617994,東湖站出口3,753,有電梯_7樓以上
建物,延壽街１６號十二樓,12.0,25.0,1,26.78,339841,0.0,,25.057199,121.568832,南京三民站出口4,749,有電梯_7樓以上
房地(土地+建物),安和路二段２１３號十五樓之１,15.0,39.0,1,40.87,1086027,0.0,,25.02588,121.550272,六張犁站出口,335,有電梯_7樓以上
房地(土地+建物),東園街６６巷２４弄３號八樓之２,8.0,7.0,1,30.61,531909,0.0,,25.024872,121.495798,龍山寺站出口2,1208,有電梯_7樓以上
房地(土地+建物),星雲街１６８巷７號十樓,10.0,28.0,1,21.17,921030,0.0,,25.080667,121.596738,內湖站出口2,393,有電梯_7樓以上
房地(土地+建物)+車位,忠誠路一段１１１號八樓,8.0,34.0,1,66.67,712122,0.0,,25.105084,121.528754,芝山站出口2,661,有電梯_7樓以上
房地(土地+建物)+車位,天母北路５６號二十一樓,21.0,4.0,1,65.6,1113873,11.73,170503.0,25.121533,121.52636,石牌站出口1,1336,有電梯_7樓以上
房地(土地+建物)+車位,興隆路四段１６５巷４０弄１９號九樓,9.0,10.0,1,66.24,676412,16.42,170524.0,24.984071,121.564351,萬芳社區站出口,1664,有電梯_7樓以上
房地(土地+建物)+車位,忠順街二段８５巷１１號十二樓,12.0,4.0,1,54.14,810492,10.9,275229.0,24.985817,121.565488,萬芳社區站出口,1449,有電梯_7樓以上
房地(土地+建物)+車位,民權西路１６０巷１８弄６號十六樓,16.0,2.0,1,43.3,1001574,9.76,0.0,25.062139,121.515417,大橋頭站出口2,247,有電梯_7樓以上
房地(土地+建物)+車位,敬業三路１６２巷８９號八樓,8.0,23.0,1,47.11,966929,16.39,0.0,25.079071,121.559024,劍南路站出口3,656,有電梯_7樓以上
房地(土地+建物)+車位,星雲街１５０巷３２號二十三樓,23.0,25.0,1,97.0,638157,23.35,0.0,25.079423,121.596455,內湖站出口2,504,有電梯_7樓以上
房地(土地+建物)+車位,延壽街１８巷５號九樓,9.0,0.0,1,49.99,1059832,11.59,241588.0,25.057129,121.568487,南京三民站出口4,724,有電梯_7樓以上
房地(土地+建物),仁愛路四段６２號十一樓之１,11.0,46.0,1,13.49,1110579,0.0,,25.037597,121.547607,忠孝敦化站出口6,413,有電梯_7樓以上
房地(土地+建物)+車位,興隆路四段１４５巷２５號十一樓之１,11.0,23.0,1,43.0,581391,0.0,,24.985327,121.562861,萬芳社區站出口,1576,有電梯_7樓以上
房地(土地+建物)+車位,承德路三段３０８號十樓,10.0,14.0,1,64.37,621418,0.0,,25.074476,121.519645,圓山站出口2,304,有電梯_7樓以上
房地(土地+建物)+車位,敦化南路一段１３８號八樓之８,8.0,3.0,1,63.23,1578176,9.76,409836.0,25.044549,121.548483,忠孝敦化站出口8,300,有電梯_7樓以上
房地(土地+建物)+車位,寶興街１４０巷５號十二樓之１,12.0,1.0,1,31.14,654383,11.65,223176.0,25.024467,121.494565,龍山寺站出口2,1295,有電梯_7樓以上
房地(土地+建物)+車位,永吉路２２５巷９號八樓之１,8.0,1.0,1,49.72,1066716,10.81,323774.0,25.046741,121.574296,松山站出口2,429,有電梯_7樓以上
房地(土地+建物)+車位,秀明路二段１１５巷１１號十一樓,11.0,26.0,1,46.56,486708,0.0,,24.991162,121.578079,動物園站出口2,767,有電梯_7樓以上
房地(土地+建物),三民路８０巷３號十三樓之３,13.0,19.0,1,68.0,798837,0.0,,25.056576,121.564083,南京三民站出口1,557,有電梯_7樓以上
房地(土地+建物)+車位,逸仙路３６號九樓,9.0,39.0,1,87.11,1321704,15.23,328299.0,25.039919,121.561666,國父紀念館站出口4,344,有電梯_7樓以上
房地(土地+建物)+車位,文湖街２１巷８２弄１３號八樓,8.0,30.0,1,43.96,639229,0.0,,25.088871,121.560523,劍南路站出口1,642,有電梯_7樓以上
房地(土地+建物),復興北路４５８號八樓,8.0,22.0,1,11.57,886498,0.0,,25.064372,121.544076,中山國中站出口,394,有電梯_7樓以上
房地(土地+建物)+車位,仁愛路一段３９號八樓,8.0,25.0,1,47.89,926674,0.0,,25.038738,121.523759,善導寺站出口4,599,有電梯_7樓以上
房地(土地+建物)+車位,中正路６５５巷８號八樓之２,8.0,9.0,1,49.23,687560,9.23,0.0,25.085204,121.507816,劍潭站出口2,1719,有電梯_7樓以上
房地(土地+建物),建國北路二段３５號十二樓之５,12.0,35.0,1,12.31,824620,0.0,,25.055296,121.537233,松江南京站出口6,487,有電梯_7樓以上
房地(土地+建物)+車位,民和街９８號十五樓之１,15.0,0.0,1,87.05,709974,20.59,257407.0,25.025484,121.497301,龍山寺站出口2,1099,有電梯_7樓以上
房地(土地+建物)+車位,延壽街１８巷１號十五樓,15.0,0.0,1,54.94,1087707,11.59,258844.0,25.057122,121.568559,南京三民站出口4,727,有電梯_7樓以上
房地(土地+建物)+車位,延壽街１８巷５號十五樓,15.0,0.0,1,53.56,1090098,11.59,241588.0,25.057129,121.568487,南京三民站出口4,724,有電梯_7樓以上
房地(土地+建物),延壽街１８巷５號十一樓,11.0,0.0,1,41.98,1060083,0.0,,25.057129,121.568487,南京三民站出口4,724,有電梯_7樓以上
房地(土地+建物)+車位,忠誠路一段１００巷１５弄３號十二樓,12.0,35.0,1,36.44,795782,0.0,,25.105492,121.52787,芝山站出口2,587,有電梯_7樓以上
房地(土地+建物)+車位,北科路１９０號十樓,10.0,-1.0,1,65.53,1055001,9.7,340206.0,25.107059,121.513783,明德站出口3,578,有電梯_7樓以上
房地(土地+建物)+車位,北科路１９０號九樓,9.0,-1.0,1,65.53,1049628,9.7,309278.0,25.107059,121.513783,明德站出口3,578,有電梯_7樓以上
房地(土地+建物)+車位,民和街９６號十三樓,13.0,0.0,1,70.94,709953,9.95,251256.0,25.025554,121.497575,龍山寺站出口2,1086,有電梯_7樓以上
房地(土地+建物)+車位,北科路１９２號十二樓,12.0,-2.0,1,64.93,1033993,19.4,319588.0,25.10713,121.513673,明德站出口3,582,有電梯_7樓以上
房地(土地+建物)+車位,北科路１９２號十三樓,13.0,-2.0,1,55.23,1045413,9.7,350515.0,25.10713,121.513673,明德站出口3,582,有電梯_7樓以上
房地(土地+建物)+車位,北科路１９２號十一樓,11.0,-2.0,1,55.23,1021474,9.7,298969.0,25.10713,121.513673,明德站出口3,582,有電梯_7樓以上
房地(土地+建物)+車位,北科路１８８號八樓,8.0,-2.0,1,65.53,1054643,9.7,340206.0,25.106999,121.513901,明德站出口3,572,有電梯_7樓以上
房地(土地+建物)+車位,民和街９６號十四樓之１,14.0,-1.0,1,71.57,716089,10.3,262136.0,25.025554,121.497575,龍山寺站出口2,1086,有電梯_7樓以上
房地(土地+建物)+車位,北科路１８８號十樓,10.0,-2.0,1,65.53,1065390,9.7,319588.0,25.106999,121.513901,明德站出口3,572,有電梯_7樓以上
房地(土地+建物)+車位,北科路１９０號八樓,8.0,-2.0,1,75.23,1044198,19.4,309278.0,25.107059,121.513783,明德站出口3,578,有電梯_7樓以上
房地(土地+建物)+車位,北科路１８６號十二樓,12.0,-2.0,1,55.23,1087142,9.7,350515.0,25.106938,121.513992,明德站出口3,568,有電梯_7樓以上
房地(土地+建物)+車位,北科路１８８號九樓,9.0,-2.0,1,75.23,1063541,19.4,319588.0,25.106999,121.513901,明德站出口3,572,有電梯_7樓以上
房地(土地+建物)+車位,北科路１９２號九樓,9.0,-2.0,1,64.93,1007199,19.4,360825.0,25.10713,121.513673,明德站出口3,582,有電梯_7樓以上
房地(土地+建物)+車位,北科路１８６號十樓,10.0,-2.0,1,55.23,1080553,9.7,340206.0,25.106938,121.513992,明德站出口3,568,有電梯_7樓以上
房地(土地+建物)+車位,民和街１００號十三樓之２,13.0,-1.0,1,54.06,717786,10.3,252427.0,25.02569,121.497323,龍山寺站出口2,1077,有電梯_7樓以上
房地(土地+建物)+車位,民和街９８號十樓,10.0,-1.0,1,58.37,676052,10.3,223301.0,25.025484,121.497301,龍山寺站出口2,1099,有電梯_7樓以上
房地(土地+建物)+車位,民和街９８號九樓之１,9.0,-1.0,1,48.81,679855,10.3,242718.0,25.025484,121.497301,龍山寺站出口2,1099,有電梯_7樓以上
房地(土地+建物)+車位,民和街９８號十一樓,11.0,-1.0,1,58.37,685621,10.3,242718.0,25.025484,121.497301,龍山寺站出口2,1099,有電梯_7樓以上
房地(土地+建物)+車位,向陽路１９６巷１３號八樓之１,8.0,-2.0,1,25.26,833555,8.73,263459.0,25.056827,121.593718,昆陽站出口3,693,有電梯_7樓以上
房地(土地+建物)+車位,向陽路１９６巷１５號八樓,8.0,-2.0,1,34.23,823311,8.73,309278.0,25.056956,121.593627,昆陽站出口3,707,有電梯_7樓以上
房地(土地+建物),向陽路１９６巷１５號九樓,9.0,-2.0,1,25.51,836249,0.0,,25.056956,121.593627,昆陽站出口3,707,有電梯_7樓以上
房地(土地+建物),向陽路１９６巷１５號八樓之１,8.0,-2.0,1,16.53,852912,0.0,,25.056956,121.593627,昆陽站出口3,707,有電梯_7樓以上
房地(土地+建物)+車位,向陽路１９６巷１３號八樓,8.0,-2.0,1,34.22,817721,8.73,309278.0,25.056827,121.593718,昆陽站出口3,693,有電梯_7樓以上
房地(土地+建物),向陽路１９６巷１５號九樓之１,9.0,-2.0,1,16.53,854122,0.0,,25.056956,121.593627,昆陽站出口3,707,有電梯_7樓以上
房地(土地+建物),向陽路１９６巷１３號九樓之１,9.0,-2.0,1,16.53,855936,0.0,,25.056827,121.593718,昆陽站出口3,693,有電梯_7樓以上
房地(土地+建物)+車位,向陽路１９６巷１７號九樓,9.0,-2.0,1,35.43,860426,8.73,263459.0,25.056971,121.593665,昆陽站出口3,709,有電梯_7樓以上
房地(土地+建物)+車位,向陽路１９６巷９號九樓,9.0,-2.0,1,37.96,851849,8.73,286369.0,25.056903,121.593796,昆陽站出口3,701,有電梯_7樓以上
房地(土地+建物)+車位,中山北路六段４０５巷８８號十三樓,13.0,-2.0,1,91.36,1137629,26.84,342772.0,25.117201,121.526575,石牌站出口2,1117,有電梯_7樓以上
房地(土地+建物)+車位,向陽路１９６巷１號九樓,9.0,-2.0,1,49.07,785983,8.73,286369.0,25.056675,121.593934,昆陽站出口3,676,有電梯_7樓以上
房地(土地+建物)+車位,中山北路六段４０５巷８８號八樓,8.0,-2.0,1,82.42,1097332,17.9,360335.0,25.117201,121.526575,石牌站出口2,1117,有電梯_7樓以上
房地(土地+建物)+車位,向陽路１９６巷１１號八樓,8.0,-2.0,1,35.43,805012,8.73,286369.0,25.056843,121.593759,昆陽站出口3,694,有電梯_7樓以上
房地(土地+建物)+車位,向陽路１９６巷３號九樓,9.0,-2.0,1,49.05,803448,8.73,263459.0,25.05664,121.593835,昆陽站出口3,672,有電梯_7樓以上
房地(土地+建物)+車位,向陽路１９６巷３號八樓,8.0,-2.0,1,49.05,790553,8.73,286369.0,25.05664,121.593835,昆陽站出口3,672,有電梯_7樓以上
房地(土地+建物)+車位,向陽路１９６巷１９號九樓,9.0,-2.0,1,35.28,838406,8.73,263459.0,25.056954,121.593759,昆陽站出口3,707,有電梯_7樓以上
房地(土地+建物)+車位,向陽路１９６巷７號八樓,8.0,-2.0,1,49.99,805906,8.73,263459.0,25.05673,121.5939,昆陽站出口3,682,有電梯_7樓以上
房地(土地+建物)+車位,溪洲街６５號八樓之２,8.0,-3.0,1,38.39,710228,12.06,207297.0,25.005542,121.534937,萬隆站出口4,486,有電梯_7樓以上
房地(土地+建物)+車位,溪洲街６５號八樓之１,8.0,-3.0,1,38.01,713036,12.06,207297.0,25.005542,121.534937,萬隆站出口4,486,有電梯_7樓以上
房地(土地+建物)+車位,溪洲街６５號八樓之８,8.0,-3.0,1,37.41,672518,12.06,194859.0,25.005542,121.534937,萬隆站出口4,486,有電梯_7樓以上
房地(土地+建物)+車位,溪洲街６５號八樓之９,8.0,-3.0,1,46.11,679835,12.06,194859.0,25.005542,121.534937,萬隆站出口4,486,有電梯_7樓以上
房地(土地+建物)+車位,新明路４５８號十三樓之１,13.0,-2.0,1,34.36,732666,8.77,210946.0,25.053719,121.578779,松山站出口5,365,有電梯_7樓以上
房地(土地+建物)+車位,蘭州街８９巷１６號八樓之２,8.0,-3.0,1,23.9,744896,6.06,313531.0,25.064328,121.515744,大橋頭站出口3,241,有電梯_7樓以上
房地(土地+建物),蘭州街８９巷１６號九樓之２,9.0,-3.0,1,17.84,749940,0.0,,25.064328,121.515744,大橋頭站出口3,241,有電梯_7樓以上
房地(土地+建物)+車位,蘭州街８９巷１６號十樓之３,10.0,-3.0,1,23.9,762271,6.06,313531.0,25.064328,121.515744,大橋頭站出口3,241,有電梯_7樓以上
房地(土地+建物)+車位,榮華二路２３號八樓,8.0,-4.0,1,53.37,867256,11.28,261525.0,25.113395,121.523224,明德站出口2,589,有電梯_7樓以上
房地(土地+建物)+車位,榮華二路２５號九樓,9.0,-4.0,1,51.9,879755,11.28,261525.0,25.113288,121.523201,明德站出口2,580,有電梯_7樓以上
房地(土地+建物)+車位,榮華二路２５號十一樓,11.0,-4.0,1,51.9,889604,11.28,283688.0,25.113288,121.523201,明德站出口2,580,有電梯_7樓以上
房地(土地+建物)+車位,榮華二路２５號八樓,8.0,-4.0,1,51.9,874830,11.28,261525.0,25.113288,121.523201,明德站出口2,580,有電梯_7樓以上
房地(土地+建物)+車位,溪洲街６５號十三樓,13.0,-4.0,1,52.78,700596,12.06,232172.0,25.005542,121.534937,萬隆站出口4,486,有電梯_7樓以上
房地(土地+建物)+車位,榮華二路２３號十樓,10.0,-4.0,1,53.37,869632,11.28,261525.0,25.113395,121.523224,明德站出口2,589,有電梯_7樓以上
房地(土地+建物)+車位,延壽街１８巷７號十二樓,12.0,-3.0,1,59.5,923492,11.59,215703.0,25.056752,121.568578,南京三民站出口4,694,有電梯_7樓以上
房地(土地+建物)+車位,延壽街１８巷７號十一樓,11.0,-3.0,1,57.9,900536,9.99,240240.0,25.056752,121.568578,南京三民站出口4,694,有電梯_7樓以上
房地(土地+建物)+車位,蘭州街８９巷１６號十二樓,12.0,-4.0,1,37.7,745786,6.06,313531.0,25.064328,121.515744,大橋頭站出口3,241,有電梯_7樓以上
房地(土地+建物),蘭州街８９巷１６號十一樓之３,11.0,-4.0,1,17.84,739291,0.0,,25.064328,121.515744,大橋頭站出口3,241,有電梯_7樓以上
房地(土地+建物),蘭州街８９巷１６號九樓之１,9.0,-4.0,1,20.75,771142,0.0,,25.064328,121.515744,大橋頭站出口3,241,有電梯_7樓以上
房地(土地+建物),溪洲街６５號十一樓之２,11.0,-4.0,1,26.25,728821,0.0,,25.005542,121.534937,萬隆站出口4,486,有電梯_7樓以上
房地(土地+建物)+車位,溪洲街６５號十二樓,12.0,-4.0,1,51.93,706055,12.06,194859.0,25.005542,121.534937,萬隆站出口4,486,有電梯_7樓以上
房地(土地+建物)+車位,溪洲街６５號八樓之３,8.0,-4.0,1,47.71,701330,12.06,207297.0,25.005542,121.534937,萬隆站出口4,486,有電梯_7樓以上
房地(土地+建物)+車位,溪洲街６５號八樓之５,8.0,-4.0,1,38.24,692775,11.1,193694.0,25.005542,121.534937,萬隆站出口4,486,有電梯_7樓以上
房地(土地+建物)+車位,延壽街１８巷９號十樓,10.0,-3.0,1,70.6,889610,11.59,276100.0,25.056706,121.568569,南京三民站出口4,689,有電梯_7樓以上
房地(土地+建物)+車位,延壽街１８巷７號十樓,10.0,-3.0,1,57.9,884883,9.99,300300.0,25.056752,121.568578,南京三民站出口4,694,有電梯_7樓以上
房地(土地+建物),蘭州街８９巷１６號十樓之２,10.0,-4.0,1,20.75,765359,0.0,,25.064328,121.515744,大橋頭站出口3,241,有電梯_7樓以上
房地(土地+建物)+車位,延壽街１８巷９號九樓,9.0,-3.0,1,83.8,881137,24.79,229931.0,25.056706,121.568569,南京三民站出口4,689,有電梯_7樓以上
房地(土地+建物)+車位,基河路３１６號十二樓,12.0,-4.0,1,34.77,962944,9.66,331263.0,25.093944,121.518867,士林站出口1,715,有電梯_7樓以上
房地(土地+建物)+車位,基河路３１６號十三樓,13.0,-4.0,1,34.77,958962,9.66,331263.0,25.093944,121.518867,士林站出口1,715,有電梯_7樓以上
房地(土地+建物)+車位,泰順街６０巷１８弄２號九樓,9.0,-4.0,1,42.24,1148454,12.43,249397.0,25.022187,121.529935,台電大樓站出口2,238,有電梯_7樓以上
房地(土地+建物)+車位,泰順街６０巷１８弄２號十一樓之１,11.0,-4.0,1,63.62,1213224,12.43,265487.0,25.022187,121.529935,台電大樓站出口2,238,有電梯_7樓以上
房地(土地+建物)+車位,泰順街６０巷１８弄２號九樓之３,9.0,-4.0,1,47.9,1143661,12.43,265487.0,25.022187,121.529935,台電大樓站出口2,238,有電梯_7樓以上
房地(土地+建物)+車位,泰順街６０巷１８弄２號九樓之１,9.0,-4.0,1,33.59,1176926,12.43,249397.0,25.022187,121.529935,台電大樓站出口2,238,有電梯_7樓以上
房地(土地+建物)+車位,基河路３１０號十四樓,14.0,-4.0,1,53.38,965161,9.66,310559.0,25.094162,121.518874,士林站出口1,714,有電梯_7樓以上
房地(土地+建物)+車位,基河路３０８號十四樓,14.0,-4.0,1,35.31,1003822,9.66,310559.0,25.094107,121.518916,士林站出口1,710,有電梯_7樓以上
房地(土地+建物)+車位,基河路３０８號九樓,9.0,-4.0,1,35.31,974584,9.66,269151.0,25.094107,121.518916,士林站出口1,710,有電梯_7樓以上
房地(土地+建物)+車位,基河路３０６號八樓,8.0,-4.0,1,35.31,962889,9.66,289855.0,25.094028,121.519001,士林站出口1,701,有電梯_7樓以上
房地(土地+建物)+車位,基河路３０６號十三樓,13.0,-4.0,1,35.31,999924,9.66,289855.0,25.094028,121.519001,士林站出口1,701,有電梯_7樓以上
房地(土地+建物)+車位,基河路３０２號十三樓,13.0,-4.0,1,53.62,983208,9.66,310559.0,25.093978,121.519052,士林站出口1,696,有電梯_7樓以上
房地(土地+建物)+車位,基河路３１８號十二樓,12.0,-4.0,1,34.77,951794,9.66,310559.0,25.094024,121.51879,士林站出口1,723,有電梯_7樓以上
房地(土地+建物)+車位,基河路３１８號十一樓,11.0,-4.0,1,34.77,939050,9.66,289855.0,25.094024,121.51879,士林站出口1,723,有電梯_7樓以上
房地(土地+建物)+車位,基河路３１８號十三樓,13.0,-4.0,1,34.77,947811,9.66,289855.0,25.094024,121.51879,士林站出口1,723,有電梯_7樓以上
房地(土地+建物)+車位,泰順街６０巷１８弄２號九樓之２,9.0,-4.0,1,59.73,1178222,24.87,245275.0,25.022187,121.529935,台電大樓站出口2,238,有電梯_7樓以上
房地(土地+建物)+車位,基河路３０６號十四樓,14.0,-4.0,1,35.31,997974,9.66,310559.0,25.094028,121.519001,士林站出口1,701,有電梯_7樓以上
房地(土地+建物)+車位,基河路３０２號十四樓,14.0,-4.0,1,53.62,984800,9.66,331263.0,25.093978,121.519052,士林站出口1,696,有電梯_7樓以上
房地(土地+建物)+車位,延壽街１８巷９號十一樓,11.0,-3.0,1,70.6,884526,11.59,232959.0,25.056706,121.568569,南京三民站出口4,689,有電梯_7樓以上
房地(土地+建物)+車位,基河路３１６號十九樓,19.0,-4.0,1,81.4,1070738,19.31,331434.0,25.093944,121.518867,士林站出口1,715,有電梯_7樓以上
房地(土地+建物)+車位,基河路３１６號十五樓,15.0,-4.0,1,34.77,969714,9.66,289855.0,25.093944,121.518867,士林站出口1,715,有電梯_7樓以上
房地(土地+建物)+車位,基河路３１６號八樓,8.0,-4.0,1,34.77,943829,9.66,289855.0,25.093944,121.518867,士林站出口1,715,有電梯_7樓以上
房地(土地+建物)+車位,基河路３１６號十樓,10.0,-4.0,1,34.77,949006,9.66,310559.0,25.093944,121.518867,士林站出口1,715,有電梯_7樓以上
房地(土地+建物)+車位,基河路３１０號十樓,10.0,-4.0,1,53.38,937715,9.66,320911.0,25.094162,121.518874,士林站出口1,714,有電梯_7樓以上
房地(土地+建物)+車位,基河路３０８號十九樓,19.0,-4.0,1,81.04,994637,19.31,310720.0,25.094107,121.518916,士林站出口1,710,有電梯_7樓以上
房地(土地+建物)+車位,基河路３０８號十樓,10.0,-4.0,1,35.31,974584,9.66,331263.0,25.094107,121.518916,士林站出口1,710,有電梯_7樓以上
房地(土地+建物)+車位,基河路３０８號十三樓,13.0,-4.0,1,35.31,989398,9.66,310559.0,25.094107,121.518916,士林站出口1,710,有電梯_7樓以上
房地(土地+建物)+車位,基河路３０８號八樓,8.0,-4.0,1,35.31,966788,9.66,289855.0,25.094107,121.518916,士林站出口1,710,有電梯_7樓以上
房地(土地+建物)+車位,基河路３０６號十六樓,16.0,-4.0,1,85.06,1008391,19.31,352149.0,25.094028,121.519001,士林站出口1,701,有電梯_7樓以上
房地(土地+建物)+車位,基河路３０６號十七樓,17.0,-4.0,1,85.06,1006110,19.31,352149.0,25.094028,121.519001,士林站出口1,701,有電梯_7樓以上
房地(土地+建物)+車位,基河路３０６號十九樓,19.0,-4.0,1,85.37,1077761,19.31,352149.0,25.094028,121.519001,士林站出口1,701,有電梯_7樓以上
房地(土地+建物)+車位,基河路３０６號九樓,9.0,-4.0,1,35.31,974584,9.66,289855.0,25.094028,121.519001,士林站出口1,701,有電梯_7樓以上
房地(土地+建物)+車位,基河路３０６號十二樓,12.0,-4.0,1,35.31,978483,9.66,320911.0,25.094028,121.519001,士林站出口1,701,有電梯_7樓以上
房地(土地+建物)+車位,基河路３０２號十五樓,15.0,-4.0,1,53.62,997992,9.66,310559.0,25.093978,121.519052,士林站出口1,696,有電梯_7樓以上
房地(土地+建物)+車位,基河路３１８號十九樓,19.0,-4.0,1,77.75,999421,19.31,341792.0,25.094024,121.51879,士林站出口1,723,有電梯_7樓以上
房地(土地+建物)+車位,基河路３１８號十四樓,14.0,-4.0,1,34.77,958165,9.66,269151.0,25.094024,121.51879,士林站出口1,723,有電梯_7樓以上
房地(土地+建物)+車位,基河路３１６號十四樓,14.0,-4.0,1,34.77,963741,9.66,310559.0,25.093944,121.518867,士林站出口1,715,有電梯_7樓以上
房地(土地+建物)+車位,基河路３０８號十六樓,16.0,-4.0,1,84.28,861692,9.66,346791.0,25.094107,121.518916,士林站出口1,710,有電梯_7樓以上
房地(土地+建物)+車位,延壽街１８巷９號十二樓,12.0,-3.0,1,70.6,931972,11.59,258844.0,25.056706,121.568569,南京三民站出口4,689,有電梯_7樓以上
房地(土地+建物)+車位,基河路３１２號九樓,9.0,-4.0,1,45.85,933777,9.66,289855.0,25.093889,121.51891,士林站出口1,711,有電梯_7樓以上
房地(土地+建物)+車位,基河路３１２號十五樓,15.0,-4.0,1,55.51,958640,19.31,269291.0,25.093889,121.51891,士林站出口1,711,有電梯_7樓以上
房地(土地+建物)+車位,基河路３１２號十一樓,11.0,-4.0,1,45.85,944275,9.66,289855.0,25.093889,121.51891,士林站出口1,711,有電梯_7樓以上
房地(土地+建物)+車位,基河路３１２號十樓,10.0,-4.0,1,45.85,938749,9.66,289855.0,25.093889,121.51891,士林站出口1,711,有電梯_7樓以上
房地(土地+建物)+車位,基河路３１２號十三樓,13.0,-4.0,1,45.85,950352,9.66,269151.0,25.093889,121.51891,士林站出口1,711,有電梯_7樓以上
房地(土地+建物)+車位,基河路３１０號十一樓,11.0,-4.0,1,53.38,940003,9.66,269151.0,25.094162,121.518874,士林站出口1,714,有電梯_7樓以上
房地(土地+建物)+車位,基河路３１０號十五樓,15.0,-4.0,1,53.38,966304,9.66,331263.0,25.094162,121.518874,士林站出口1,714,有電梯_7樓以上
房地(土地+建物)+車位,基河路３０８號十二樓,12.0,-4.0,1,35.31,982381,9.66,289855.0,25.094107,121.518916,士林站出口1,710,有電梯_7樓以上
房地(土地+建物)+車位,基河路３０８號十五樓,15.0,-4.0,1,35.31,1003822,9.66,310559.0,25.094107,121.518916,士林站出口1,710,有電梯_7樓以上
房地(土地+建物)+車位,基河路３１６號十七樓,17.0,-4.0,1,78.49,995303,19.31,305541.0,25.093944,121.518867,士林站出口1,715,有電梯_7樓以上
房地(土地+建物)+車位,基河路３０６號十樓,10.0,-4.0,1,35.31,970686,9.66,269151.0,25.094028,121.519001,士林站出口1,701,有電梯_7樓以上
房地(土地+建物)+車位,基河路３０２號八樓,8.0,-4.0,1,53.62,924075,9.66,310559.0,25.093978,121.519052,士林站出口1,696,有電梯_7樓以上
房地(土地+建物)+車位,基河路３０２號十一樓,11.0,-4.0,1,53.62,959782,9.66,289855.0,25.093978,121.519052,士林站出口1,696,有電梯_7樓以上
房地(土地+建物)+車位,基河路３１２號十四樓,14.0,-4.0,1,55.51,953115,19.31,258933.0,25.093889,121.51891,士林站出口1,711,有電梯_7樓以上
房地(土地+建物)+車位,基河路３１８號十樓,10.0,-4.0,1,34.77,929890,9.66,289855.0,25.094024,121.51879,士林站出口1,723,有電梯_7樓以上
房地(土地+建物)+車位,基河路３１８號九樓,9.0,-4.0,1,34.77,924713,9.66,289855.0,25.094024,121.51879,士林站出口1,723,有電梯_7樓以上
房地(土地+建物)+車位,基河路３２０號十二樓,12.0,-4.0,1,45.55,927638,9.66,248447.0,25.094076,121.518745,士林站出口1,727,有電梯_7樓以上
房地(土地+建物)+車位,基河路３０８號十七樓,17.0,-4.0,1,84.28,984841,19.31,310720.0,25.094107,121.518916,士林站出口1,710,有電梯_7樓以上
房地(土地+建物)+車位,基河路３１６號十六樓,16.0,-4.0,1,78.49,993613,19.31,310720.0,25.093944,121.518867,士林站出口1,715,有電梯_7樓以上
房地(土地+建物)+車位,基河路３０２號十二樓,12.0,-4.0,1,63.28,954779,19.31,310720.0,25.093978,121.519052,士林站出口1,696,有電梯_7樓以上
房地(土地+建物)+車位,基河路３１８號十六樓,16.0,-4.0,1,77.85,970332,19.31,310720.0,25.094024,121.51879,士林站出口1,723,有電梯_7樓以上
房地(土地+建物)+車位,基河路３１６號九樓,9.0,-4.0,1,34.77,935864,9.66,310559.0,25.093944,121.518867,士林站出口1,715,有電梯_7樓以上
房地(土地+建物)+車位,基河路３１０號八樓,8.0,-4.0,1,53.38,927423,9.66,269151.0,25.094162,121.518874,士林站出口1,714,有電梯_7樓以上
房地(土地+建物)+車位,基河路３１０號十二樓,12.0,-4.0,1,53.38,952810,9.66,289855.0,25.094162,121.518874,士林站出口1,714,有電梯_7樓以上
房地(土地+建物)+車位,基河路３１０號十三樓,13.0,-4.0,1,53.38,957842,9.66,310559.0,25.094162,121.518874,士林站出口1,714,有電梯_7樓以上
房地(土地+建物)+車位,基河路３１６號十八樓,18.0,-4.0,1,78.49,1000372,19.31,305541.0,25.093944,121.518867,士林站出口1,715,有電梯_7樓以上
房地(土地+建物)+車位,基河路３０６號十五樓,15.0,-4.0,1,35.31,1001873,9.66,289855.0,25.094028,121.519001,士林站出口1,701,有電梯_7樓以上
房地(土地+建物)+車位,基河路３０６號十一樓,11.0,-4.0,1,35.31,978483,9.66,289855.0,25.094028,121.519001,士林站出口1,701,有電梯_7樓以上
房地(土地+建物)+車位,基河路３０２號九樓,9.0,-4.0,1,53.62,952959,9.66,310559.0,25.093978,121.519052,士林站出口1,696,有電梯_7樓以上
房地(土地+建物)+車位,基河路３１８號十七樓,17.0,-4.0,1,77.85,966915,19.31,331434.0,25.094024,121.51879,士林站出口1,723,有電梯_7樓以上
房地(土地+建物)+車位,基河路３１８號十八樓,18.0,-4.0,1,68.19,979727,9.66,300207.0,25.094024,121.51879,士林站出口1,723,有電梯_7樓以上
房地(土地+建物)+車位,基河路３２０號八樓,8.0,-4.0,1,45.55,905352,9.66,310559.0,25.094076,121.518745,士林站出口1,727,有電梯_7樓以上
房地(土地+建物)+車位,基河路３２０號十一樓,11.0,-4.0,1,45.55,922902,9.66,269151.0,25.094076,121.518745,士林站出口1,727,有電梯_7樓以上
房地(土地+建物)+車位,基河路３２０號十四樓,14.0,-4.0,1,45.55,935995,9.66,310559.0,25.094076,121.518745,士林站出口1,727,有電梯_7樓以上
房地(土地+建物)+車位,基河路３２０號十三樓,13.0,-4.0,1,45.55,930424,9.66,310559.0,25.094076,121.518745,士林站出口1,727,有電梯_7樓以上
房地(土地+建物)+車位,基河路３２０號九樓,9.0,-4.0,1,55.21,913710,19.31,269291.0,25.094076,121.518745,士林站出口1,727,有電梯_7樓以上
房地(土地+建物)+車位,基河路３０８號十一樓,11.0,-4.0,1,35.31,978483,9.66,269151.0,25.094107,121.518916,士林站出口1,710,有電梯_7樓以上
房地(土地+建物)+車位,基河路３１８號十五樓,15.0,-4.0,1,34.77,955776,9.66,269151.0,25.094024,121.51879,士林站出口1,723,有電梯_7樓以上
房地(土地+建物)+車位,基河路３２０號十樓,10.0,-4.0,1,45.55,921510,9.66,310559.0,25.094076,121.518745,士林站出口1,727,有電梯_7樓以上
房地(土地+建物)+車位,基河路３２０號十五樓,15.0,-4.0,1,45.55,944352,9.66,289855.0,25.094076,121.518745,士林站出口1,727,有電梯_7樓以上
房地(土地+建物)+車位,新明路４５８號十一樓之１,11.0,-3.0,1,39.5,645802,8.77,188141.0,25.053719,121.578779,松山站出口5,365,有電梯_7樓以上
房地(土地+建物)+車位,新明路４５８號八樓之１,8.0,-3.0,1,40.68,615762,9.53,183631.0,25.053719,121.578779,松山站出口5,365,有電梯_7樓以上
房地(土地+建物)+車位,新明路４５８號十二樓之１,12.0,-3.0,1,38.93,650068,9.53,204617.0,25.053719,121.578779,松山站出口5,365,有電梯_7樓以上
房地(土地+建物)+車位,新明路４５８號十樓,10.0,-3.0,1,38.75,622003,8.77,188141.0,25.053719,121.578779,松山站出口5,365,有電梯_7樓以上
房地(土地+建物)+車位,新明路４５８號十樓之２,10.0,-3.0,1,39.08,617636,9.53,183631.0,25.053719,121.578779,松山站出口5,365,有電梯_7樓以上
房地(土地+建物)+車位,新明路４５８號九樓之１,9.0,-3.0,1,40.68,630851,9.53,194124.0,25.053719,121.578779,松山站出口5,365,有電梯_7樓以上
房地(土地+建物),新明路４５８號八樓,8.0,-3.0,1,29.98,606328,0.0,,25.053719,121.578779,松山站出口5,365,有電梯_7樓以上
房地(土地+建物)+車位,延壽街１８巷９號八樓,8.0,-4.0,1,78.99,888763,19.98,272773.0,25.056706,121.568569,南京三民站出口4,689,有電梯_7樓以上
房地(土地+建物)+車位,秀明路二段７１號八樓,8.0,-4.0,1,35.77,550834,10.27,214216.0,24.991854,121.576149,動物園站出口2,752,有電梯_7樓以上
房地(土地+建物)+車位,秀明路二段７１號八樓之２,8.0,-4.0,1,37.24,536385,10.27,214216.0,24.991854,121.576149,動物園站出口2,752,有電梯_7樓以上
房地(土地+建物)+車位,秀明路二段７１號八樓之１,8.0,-4.0,1,39.4,540954,10.27,214216.0,24.991854,121.576149,動物園站出口2,752,有電梯_7樓以上
房地(土地+建物)+車位,秀明路二段７１號九樓之２,9.0,-4.0,1,37.24,550100,10.27,204479.0,24.991854,121.576149,動物園站出口2,752,有電梯_7樓以上
房地(土地+建物)+車位,秀明路二段７１號九樓之１,9.0,-4.0,1,39.4,545759,10.27,204479.0,24.991854,121.576149,動物園站出口2,752,有電梯_7樓以上
房地(土地+建物)+車位,秀明路二段７１號十一樓,11.0,-4.0,1,35.05,590709,10.27,214216.0,24.991854,121.576149,動物園站出口2,752,有電梯_7樓以上
房地(土地+建物)+車位,秀明路二段７１號十一樓之２,11.0,-4.0,1,37.24,566040,10.27,214216.0,24.991854,121.576149,動物園站出口2,752,有電梯_7樓以上
房地(土地+建物)+車位,秀明路二段７１號十一樓之１,11.0,-4.0,1,39.15,569486,10.27,214216.0,24.991854,121.576149,動物園站出口2,752,有電梯_7樓以上
房地(土地+建物)+車位,民和街９６號九樓之１,9.0,1.0,1,71.57,714783,10.3,271845.0,25.025554,121.497575,龍山寺站出口2,1086,有電梯_7樓以上
房地(土地+建物)+車位,東新街１４２號十二樓,12.0,14.0,1,67.22,805731,0.0,,25.046415,121.589534,昆陽站出口1,540,有電梯_7樓以上
房地(土地+建物)+車位,延壽街３３２號九樓之２,9.0,15.0,1,63.99,915801,0.0,,25.056447,121.559878,南京三民站出口1,631,有電梯_7樓以上
房地(土地+建物),民權西路２７９號八樓之１,8.0,20.0,1,9.95,754058,0.0,,25.063401,121.509626,大橋頭站出口1A,213,有電梯_7樓以上
房地(土地+建物)+車位,大安路二段３巷５３號十二樓,12.0,7.0,1,88.7,1053351,19.4,360825.0,25.031434,121.54681,大安站出口4,342,有電梯_7樓以上
房地(土地+建物),健康路１６８之１號八樓,8.0,46.0,1,39.06,773135,0.0,,25.053685,121.558252,南京三民站出口1,548,有電梯_7樓以上
房地(土地+建物),成功路五段４２０巷１１號十二樓,12.0,26.0,1,22.29,989763,0.0,,25.075309,121.607802,葫洲站出口1,312,有電梯_7樓以上
房地(土地+建物),承德路四段１巷１７號九樓,9.0,43.0,1,29.87,535730,0.0,,25.07835,121.521948,劍潭站出口2,616,有電梯_7樓以上
房地(土地+建物)+車位,敬業三路１６２巷９４號八樓,8.0,24.0,1,46.98,723787,0.0,,25.07794,121.559367,劍南路站出口3,784,有電梯_7樓以上
房地(土地+建物)+車位,民和街１００號九樓之２,9.0,1.0,1,54.06,774687,10.3,0.0,25.02569,121.497323,龍山寺站出口2,1077,有電梯_7樓以上
房地(土地+建物),新生北路三段７號十二樓之２,12.0,42.0,1,37.2,767838,0.0,,25.063389,121.527988,中山國小站出口4,131,有電梯_7樓以上
房地(土地+建物),重慶北路三段２０３之３號八樓之８,8.0,4.0,1,23.63,863484,0.0,,25.069939,121.513933,圓山站出口1,622,有電梯_7樓以上
房地(土地+建物),四平街１３８號十四樓之１,14.0,41.0,1,32.59,909752,0.0,,25.053426,121.536273,松江南京站出口5,280,有電梯_7樓以上
房地(土地+建物)+車位,基河路３０２號十一樓,11.0,0.0,1,53.62,1310717,9.66,331263.0,25.093978,121.519052,士林站出口1,696,有電梯_7樓以上
房地(土地+建物)+車位,文林北路１３６號十八樓,18.0,7.0,1,120.7,895902,9.08,660793.0,25.10638,121.516714,明德站出口1,407,有電梯_7樓以上
房地(土地+建物)+車位,辛亥路四段７７巷１７號十一樓,11.0,28.0,1,46.02,532351,0.0,,25.00761,121.5598,辛亥站出口,394,有電梯_7樓以上
房地(土地+建物),和平東路三段１巷７２弄７號九樓,9.0,39.0,1,31.21,760114,0.0,,25.027814,121.546264,科技大樓站出口,323,有電梯_7樓以上
房地(土地+建物),新光路一段６５巷３８號九樓,9.0,31.0,1,65.94,485298,0.0,,24.990703,121.575469,木柵站出口,856,有電梯_7樓以上
房地(土地+建物)+車位,東明街１２７號十樓,10.0,34.0,1,82.93,564350,0.0,,25.054894,121.599797,南港站出口1,739,有電梯_7樓以上
房地(土地+建物)+車位,星雲街１６１巷９號十四樓之１,14.0,17.0,1,75.55,1124054,19.5,307692.0,25.08162,121.595942,內湖站出口2,261,有電梯_7樓以上
房地(土地+建物),星雲街１６３號十一樓之７,11.0,25.0,1,10.88,992564,0.0,,25.08126,121.596442,內湖站出口2,322,有電梯_7樓以上
房地(土地+建物)+車位,敦化南路二段７０號二十四樓之２,24.0,38.0,1,102.19,1370059,16.07,435594.0,25.029655,121.548394,信義安和站出口2,546,有電梯_7樓以上
房地(土地+建物)+車位,民和街９８號十四樓之１,14.0,1.0,1,48.81,773861,10.3,271845.0,25.025484,121.497301,龍山寺站出口2,1099,有電梯_7樓以上
房地(土地+建物),復興北路１９２號八樓之１,8.0,38.0,1,25.62,932022,0.0,,25.05562,121.543659,南京復興站出口7,361,有電梯_7樓以上
房地(土地+建物),大度路三段２９９號十一樓之２,11.0,16.0,1,17.5,720141,0.0,,25.12293,121.466436,關渡站出口2,286,有電梯_7樓以上
建物,成都路６７號八樓之１６,8.0,29.0,1,8.78,478440,0.0,,25.042912,121.505693,西門站出口6,196,有電梯_7樓以上
房地(土地+建物)+車位,汀州路四段２５１號九樓,9.0,14.0,1,58.13,593515,0.0,,25.001905,121.536162,萬隆站出口4,258,有電梯_7樓以上
房地(土地+建物)+車位,承德路七段１６８號十一樓,11.0,1.0,1,78.17,851289,10.03,299103.0,25.113628,121.508443,石牌站出口1,702,有電梯_7樓以上
房地(土地+建物),天母北路１０５巷１５弄１號八樓之２,8.0,29.0,1,10.13,770166,0.0,,25.124083,121.527458,石牌站出口1,1593,有電梯_7樓以上
房地(土地+建物)+車位,北科路１９０號十三樓,13.0,0.0,1,75.23,1076437,19.4,319588.0,25.107059,121.513783,明德站出口3,578,有電梯_7樓以上
房地(土地+建物)+車位,民族西路３３８號九樓之１,9.0,2.0,1,75.46,906905,10.37,0.0,25.068593,121.509343,大橋頭站出口1A,633,有電梯_7樓以上
房地(土地+建物)+車位,文德路７０號十四樓,14.0,15.0,1,92.01,955229,27.23,220345.0,25.078283,121.581478,文德站出口2,314,有電梯_7樓以上
房地(土地+建物),中正路６７０號九樓,9.0,25.0,1,20.93,702343,0.0,,25.086376,121.507056,劍潭站出口2,1815,有電梯_7樓以上
房地(土地+建物),重慶北路四段２２２號十二樓之１,12.0,7.0,1,27.07,768445,0.0,,25.085867,121.511468,劍潭站出口2,1368,有電梯_7樓以上
房地(土地+建物)+車位,嘉興街３２３巷３號十四樓之２,14.0,24.0,1,58.29,860075,0.0,,25.022374,121.553425,六張犁站出口,178,有電梯_7樓以上
房地(土地+建物)+車位,敦化南路一段２３６巷７號十一樓,11.0,47.0,1,68.0,1298782,9.19,489663.0,25.040668,121.547782,忠孝敦化站出口6,146,有電梯_7樓以上
房地(土地+建物)+車位,青年路１５２巷２４號十二樓之２,12.0,17.0,1,53.41,670257,0.0,,25.020529,121.501447,頂溪站出口2,1575,有電梯_7樓以上
房地(土地+建物),羅斯福路六段１６６巷７號十二樓,12.0,2.0,1,28.13,995399,0.0,,24.994855,121.540294,景美站出口2,234,有電梯_7樓以上
房地(土地+建物)+車位,辛亥路四段２０９巷１８號八樓,8.0,4.0,1,51.68,1070099,10.0,300000.0,25.002131,121.556066,辛亥站出口,346,有電梯_7樓以上
房地(土地+建物)+車位,忠順街一段１０巷９號十樓,10.0,29.0,1,56.03,417619,0.0,,24.983455,121.558506,大坪林站出口5,1543,有電梯_7樓以上
房地(土地+建物)+車位,敬業三路１８８號八樓,8.0,24.0,1,47.09,743304,0.0,,25.078379,121.556534,劍南路站出口3,663,有電梯_7樓以上
房地(土地+建物)+車位,承德路七段１６８號十八樓,18.0,1.0,1,88.24,983386,20.11,0.0,25.113628,121.508443,石牌站出口1,702,有電梯_7樓以上
房地(土地+建物),辛亥路三段３號八樓之１,8.0,46.0,1,36.28,851045,0.0,,25.021588,121.543686,科技大樓站出口,508,有電梯_7樓以上
房地(土地+建物),中華路二段６６６之２號十四樓之２,14.0,35.0,1,39.28,692472,0.0,,25.024295,121.511228,古亭站出口8,1118,有電梯_7樓以上
房地(土地+建物)+車位,汀州路四段１９７號十三樓,13.0,13.0,1,67.55,1059095,10.89,275482.0,25.003555,121.535826,萬隆站出口4,293,有電梯_7樓以上
房地(土地+建物)+車位,成功路四段１７８號二十一樓之２,21.0,6.0,1,80.99,1049232,17.61,340716.0,25.083356,121.593582,內湖站出口1,81,有電梯_7樓以上
房地(土地+建物),研究院路三段２巷８號八樓,8.0,21.0,1,53.48,486201,0.0,,25.036284,121.616328,南港站出口2,1967,有電梯_7樓以上
房地(土地+建物),福興路６２號八樓之３,8.0,29.0,1,26.89,739991,0.0,,25.003764,121.55025,辛亥站出口,699,有電梯_7樓以上
房地(土地+建物)+車位,西藏路１０７號九樓之１,9.0,13.0,1,57.43,696157,0.0,,25.029677,121.503413,龍山寺站出口3,664,有電梯_7樓以上
房地(土地+建物)+車位,內湖路二段３３６之２號十一樓,11.0,10.0,1,54.17,1057776,12.57,198886.0,25.081698,121.589168,文德站出口1,489,有電梯_7樓以上
房地(土地+建物)+車位,辛亥路四段１２８之６號十二樓,12.0,7.0,1,37.26,730017,7.33,204638.0,25.005072,121.556915,辛亥站出口,12,有電梯_7樓以上
房地(土地+建物)+車位,興隆路四段１０５巷１３號十一樓,11.0,29.0,1,43.13,551776,0.0,,24.988064,121.561398,萬芳醫院站出口,1312,有電梯_7樓以上
房地(土地+建物),中華路二段４９８巷９號十樓,10.0,45.0,1,13.94,746098,0.0,,25.025968,121.507183,小南門站出口3,1107,有電梯_7樓以上
房地(土地+建物)+車位,民權東路六段２９６巷４８號十樓之１,10.0,17.0,1,78.19,863258,16.79,297796.0,25.071133,121.607772,葫洲站出口1,156,有電梯_7樓以上
房地(土地+建物),敦化南路二段４６號十四樓之１２,14.0,49.0,1,28.6,1049124,0.0,,25.031308,121.548271,信義安和站出口2,452,有電梯_7樓以上
房地(土地+建物),辛亥路四段７７巷９２弄９號十四樓之１,14.0,21.0,1,13.06,715655,0.0,,25.008779,121.561219,辛亥站出口,587,有電梯_7樓以上
房地(土地+建物)+車位,中華路二段４１６巷８０號十二樓之３,12.0,12.0,1,63.42,750563,0.0,,25.027314,121.503458,龍山寺站出口3,920,有電梯_7樓以上
房地(土地+建物),五分街９１號八樓之１,8.0,27.0,1,10.0,929660,0.0,,25.067327,121.61567,東湖站出口3,374,有電梯_7樓以上
房地(土地+建物)+車位,中山北路六段４４１巷３０號八樓之２,8.0,0.0,1,104.35,1325405,31.84,329774.0,25.11709,121.526959,明德站出口2,1143,有電梯_7樓以上
房地(土地+建物)+車位,幽雅路７號十一樓之１,11.0,15.0,1,27.99,620044,7.03,0.0,25.137316,121.513129,新北投站出口1,968,有電梯_7樓以上
房地(土地+建物)+車位,民生東路二段９３巷１５號十一樓,11.0,3.0,1,70.18,1078824,11.32,265018.0,25.058623,121.531057,行天宮站出口1,209,有電梯_7樓以上
房地(土地+建物)+車位,芝玉路二段８４巷２號十一樓,11.0,24.0,1,60.14,999942,13.33,0.0,25.112197,121.535201,芝山站出口2,1594,有電梯_7樓以上
房地(土地+建物)+車位,松德路２６號十一樓,11.0,34.0,1,38.95,992600,4.19,0.0,25.039237,121.577063,永春站出口4,170,有電梯_7樓以上
房地(土地+建物)+車位,水源路３７之２號十二樓之１,12.0,6.0,1,63.89,867322,9.7,0.0,25.018701,121.523885,台電大樓站出口4,430,有電梯_7樓以上
房地(土地+建物),中華路二段４１６巷７號十一樓之２,11.0,37.0,1,26.96,715908,0.0,,25.026815,121.504809,龍山寺站出口3,1009,有電梯_7樓以上
房地(土地+建物)+車位,興隆路三段３３３號八樓,8.0,8.0,1,54.53,804948,10.92,201465.0,24.991503,121.559069,萬芳醫院站出口,886,有電梯_7樓以上
房地(土地+建物)+車位,辛亥路四段７７巷３１弄３號八樓,8.0,28.0,1,56.81,475273,0.0,,25.008319,121.560043,辛亥站出口,468,有電梯_7樓以上
房地(土地+建物)+車位,中華路二段４１６巷８０號十二樓,12.0,12.0,1,54.96,707812,0.0,,25.027314,121.503458,龍山寺站出口3,920,有電梯_7樓以上
房地(土地+建物)+車位,星雲街１３５號十四樓之１,14.0,20.0,1,66.93,1029954,15.8,316456.0,25.080803,121.596185,內湖站出口2,353,有電梯_7樓以上
房地(土地+建物),重陽路１９號十樓,10.0,3.0,1,15.79,1171817,0.0,,25.055311,121.595164,昆陽站出口4,545,有電梯_7樓以上
房地(土地+建物)+車位,三民路２９巷１號十樓之３,10.0,20.0,1,63.31,908184,0.0,,25.05463,121.563507,南京三民站出口1,335,有電梯_7樓以上
房地(土地+建物),光輝路１１２巷５弄６號十樓,10.0,18.0,1,33.92,406848,0.0,,24.984605,121.557451,大坪林站出口5,1449,有電梯_7樓以上
房地(土地+建物)+車位,建國北路二段２２０號十二樓之１,12.0,14.0,1,72.87,1016371,26.43,219448.0,25.06088,121.536571,行天宮站出口3,339,有電梯_7樓以上
房地(土地+建物)+車位,星雲街１２５號十一樓,11.0,20.0,1,65.48,1067363,10.12,444664.0,25.080473,121.595612,內湖站出口2,366,有電梯_7樓以上
房地(土地+建物),明水路３９７巷７弄２５號十四樓之１,14.0,30.0,1,24.54,1071774,0.0,,25.078102,121.549478,大直站出口3,289,有電梯_7樓以上
房地(土地+建物)+車位,士商路５號十一樓,11.0,24.0,1,62.9,936695,13.91,0.0,25.089761,121.521076,士林站出口2,641,有電梯_7樓以上
房地(土地+建物),中華路二段４１６巷１３號十一樓之３,11.0,37.0,1,30.41,644519,0.0,,25.027021,121.504194,龍山寺站出口3,969,有電梯_7樓以上
房地(土地+建物)+車位,哈密街５９巷７８弄１０號十樓之２,10.0,25.0,1,50.37,565822,0.0,,25.075634,121.51485,圓山站出口2,682,有電梯_7樓以上
房地(土地+建物)+車位,中山北路六段４４１巷３０號九樓之３,9.0,0.0,1,64.1,1345930,21.24,329567.0,25.11709,121.526959,明德站出口2,1143,有電梯_7樓以上
房地(土地+建物),建國南路一段３１９號十四樓,14.0,38.0,1,27.84,1199166,0.0,,25.034958,121.538212,大安森林公園站出口6,270,有電梯_7樓以上
房地(土地+建物),辛亥路四段７７巷９２弄１１號十樓之９,10.0,21.0,1,13.09,775272,0.0,,25.008661,121.561555,辛亥站出口,603,有電梯_7樓以上
房地(土地+建物)+車位,懷德街７５巷３３號八樓之２,8.0,13.0,1,86.98,966860,23.18,284728.0,25.113598,121.518591,石牌站出口2,236,有電梯_7樓以上
房地(土地+建物),天母北路２８巷３９號八樓之２,8.0,16.0,1,8.95,1173058,0.0,,25.119397,121.525546,石牌站出口2,1141,有電梯_7樓以上
房地(土地+建物)+車位,木柵路一段５９巷１６號八樓,8.0,17.0,1,65.64,662480,6.65,270677.0,24.987503,121.546278,大坪林站出口5,602,有電梯_7樓以上
房地(土地+建物)+車位,建國北路三段７１號十一樓之３,11.0,9.0,1,33.54,966784,8.01,436954.0,25.065123,121.537204,行天宮站出口4,678,有電梯_7樓以上
房地(土地+建物)+車位,福志路８６號十五樓,15.0,9.0,1,161.05,1189834,0.0,,25.098859,121.529022,士林站出口1,612,有電梯_7樓以上
房地(土地+建物)+車位,福興路９５巷１７之３號九樓,9.0,17.0,1,41.52,731075,11.43,0.0,25.004768,121.548896,辛亥站出口,820,有電梯_7樓以上
房地(土地+建物),大龍街９１巷１２號十樓之８,10.0,2.0,1,16.97,942996,0.0,,25.06721,121.516986,民權西路站出口5,477,有電梯_7樓以上
房地(土地+建物)+車位,萬大路４２３巷２８弄１３號十一樓,11.0,26.0,1,45.01,597579,0.0,,25.020454,121.500454,龍山寺站出口2,1631,有電梯_7樓以上
房地(土地+建物)+車位,新豐街５６號十三樓,13.0,14.0,1,100.08,841303,17.12,0.0,25.060303,121.583227,松山站出口5,1214,有電梯_7樓以上
房地(土地+建物)+車位,新豐街８６號十樓,10.0,9.0,1,50.53,1047707,14.26,210379.0,25.060429,121.583925,松山站出口5,1260,有電梯_7樓以上
房地(土地+建物),三合街一段８２巷１１８號九樓,9.0,6.0,1,37.92,896593,0.0,,25.129414,121.50474,奇岩站出口1,526,有電梯_7樓以上
房地(土地+建物),辛亥路四段１２８之３號十四樓,14.0,7.0,1,26.53,730105,0.0,,25.005072,121.556915,辛亥站出口,12,有電梯_7樓以上
房地(土地+建物)+車位,芝玉路二段８６號八樓,8.0,4.0,1,63.26,834303,7.89,291508.0,25.112378,121.535246,芝山站出口2,1610,有電梯_7樓以上
房地(土地+建物),仙岩路２２巷１５號十一樓,11.0,29.0,1,23.88,726478,0.0,,24.998941,121.549696,萬芳醫院站出口,812,有電梯_7樓以上
房地(土地+建物)+車位,榮華二路２５號十一樓,11.0,0.0,1,51.9,1164548,11.28,283688.0,25.113288,121.523201,明德站出口2,580,有電梯_7樓以上
房地(土地+建物)+車位,民權東路六段２８０巷２４號八樓,8.0,20.0,1,70.87,794184,5.39,742115.0,25.071195,121.606627,葫洲站出口2,160,有電梯_7樓以上
房地(土地+建物),松山路４８２巷３８號十四樓,14.0,39.0,1,46.06,835782,0.0,,25.039077,121.577738,永春站出口4,215,有電梯_7樓以上
房地(土地+建物)+車位,天母北路５６號十八樓之２,18.0,4.0,1,67.42,1155563,11.73,277067.0,25.121533,121.52636,石牌站出口1,1336,有電梯_7樓以上
房地(土地+建物),文德路９０巷３４號九樓之１,9.0,27.0,1,15.19,939998,0.0,,25.076966,121.58281,文德站出口2,237,有電梯_7樓以上
房地(土地+建物),重陽路４７０號九樓之１,9.0,14.0,1,73.21,944980,0.0,,25.059719,121.611287,南港軟體園區站出口1,467,有電梯_7樓以上
房地(土地+建物)+車位,士商路１２９號十樓,10.0,20.0,1,60.42,1055114,17.77,281373.0,25.093383,121.518219,士林站出口1,784,有電梯_7樓以上
房地(土地+建物),仁愛路四段６２號九樓之２,9.0,46.0,1,13.32,1058393,0.0,,25.037597,121.547607,忠孝敦化站出口6,413,有電梯_7樓以上
房地(土地+建物),木新路二段４３巷１７號八樓之１,8.0,30.0,1,10.5,728798,0.0,,24.98656,121.571145,木柵站出口,1312,有電梯_7樓以上
房地(土地+建物)+車位,辛亥路四段７７巷９２弄９號十四樓之８,14.0,21.0,1,29.8,690255,10.97,182315.0,25.008779,121.561219,辛亥站出口,587,有電梯_7樓以上
房地(土地+建物),康寧路一段２９０號十樓之６,10.0,33.0,1,16.88,728696,0.0,,25.078357,121.597842,內湖站出口2,671,有電梯_7樓以上
房地(土地+建物),新生北路二段２９號十樓,10.0,40.0,1,36.15,733083,0.0,,25.053804,121.527785,松江南京站出口1,512,有電梯_7樓以上
房地(土地+建物),康寧路一段２９２號十樓之５,10.0,33.0,1,14.38,820537,0.0,,25.078247,121.597872,內湖站出口2,683,有電梯_7樓以上
房地(土地+建物),稻香路１６１巷９號八樓之６,8.0,20.0,1,12.66,600335,0.0,,25.141925,121.488603,復興崗站出口1,573,有電梯_7樓以上
房地(土地+建物),仙岩路２２巷９號十四樓之３,14.0,29.0,1,44.17,595373,0.0,,24.998607,121.549464,萬芳醫院站出口,838,有電梯_7樓以上
房地(土地+建物),辛亥路一段３號十四樓,14.0,36.0,1,48.77,978141,0.0,,25.018808,121.527605,台電大樓站出口1,133,有電梯_7樓以上
房地(土地+建物)+車位,民和街９８號十一樓之１,11.0,1.0,1,48.81,762955,10.3,300971.0,25.025484,121.497301,龍山寺站出口2,1099,有電梯_7樓以上
房地(土地+建物),民權東路三段１０６巷３弄５５之３號十一樓,11.0,35.0,1,47.59,861594,0.0,,25.061538,121.544966,中山國中站出口,127,有電梯_7樓以上
房地(土地+建物)+車位,內湖路一段３８７巷８號十樓,10.0,12.0,1,102.08,996786,32.56,261057.0,25.082473,121.570208,西湖站出口2,313,有電梯_7樓以上
房地(土地+建物)+車位,經貿二路２３５巷３３號二十一樓,21.0,10.0,1,190.52,1056244,33.36,359712.0,25.061759,121.615787,南港軟體園區站出口1,153,有電梯_7樓以上
房地(土地+建物),天母北路５６號二十樓之１,20.0,4.0,1,23.23,1097626,0.0,,25.121533,121.52636,石牌站出口1,1336,有電梯_7樓以上
房地(土地+建物)+車位,北科路１９０號十一樓,11.0,0.0,1,65.53,1065748,9.7,298969.0,25.107059,121.513783,明德站出口3,578,有電梯_7樓以上
房地(土地+建物)+車位,辛亥路六段２７號八樓,8.0,16.0,1,62.33,717838,14.13,212314.0,24.989934,121.552597,景美站出口2,1170,有電梯_7樓以上
房地(土地+建物)+車位,五分街７２巷５號十二樓之２,12.0,17.0,1,45.7,877093,10.36,241313.0,25.067144,121.616305,東湖站出口3,437,有電梯_7樓以上
房地(土地+建物)+車位,芝玉路一段２２６號九樓之２,9.0,16.0,1,82.58,913719,20.88,311303.0,25.10904,121.534286,芝山站出口2,1335,有電梯_7樓以上
房地(土地+建物)+車位,和平東路四段６６巷９號十一樓,11.0,27.0,1,94.19,532982,14.11,141743.0,25.006388,121.56576,辛亥站出口,892,有電梯_7樓以上
房地(土地+建物),民權東路六段２４８巷１號八樓,8.0,22.0,1,60.54,691783,0.0,,25.067461,121.601693,葫洲站出口2,791,有電梯_7樓以上
房地(土地+建物)+車位,基河路３０２號九樓,9.0,0.0,1,53.62,1228157,9.66,310559.0,25.093978,121.519052,士林站出口1,696,有電梯_7樓以上
房地(土地+建物),和平東路二段３１１巷４３弄２５號十一樓,11.0,39.0,1,33.05,823119,0.0,,25.025766,121.546401,科技大樓站出口,282,有電梯_7樓以上
房地(土地+建物),復興南路二段１７１巷２４號十七樓,17.0,39.0,1,44.83,883388,0.0,,25.027518,121.54492,科技大樓站出口,199,有電梯_7樓以上
房地(土地+建物)+車位,汀州路二段２７５號八樓,8.0,8.0,1,48.93,880808,0.0,,25.022173,121.524206,台電大樓站出口4,337,有電梯_7樓以上
房地(土地+建物),重慶北路三段２０３之３號十樓之２,10.0,4.0,1,21.32,860096,0.0,,25.069939,121.513933,圓山站出口1,622,有電梯_7樓以上
房地(土地+建物)+車位,金湖路３２６巷４５號十樓之１,10.0,26.0,1,30.56,1034367,4.27,0.0,25.073915,121.603825,葫洲站出口2,373,有電梯_7樓以上
房地(土地+建物)+車位,指南路三段５４號八樓,8.0,17.0,1,87.1,552258,23.95,167015.0,24.981877,121.580568,動物園站出口2,1794,有電梯_7樓以上
房地(土地+建物)+車位,重慶北路三段３１２巷１８號八樓,8.0,21.0,1,56.66,661793,0.0,,25.07402,121.51304,圓山站出口2,754,有電梯_7樓以上
房地(土地+建物),星雲街１６８巷２３號十二樓之１,12.0,29.0,1,24.43,884054,0.0,,25.080449,121.597226,內湖站出口2,441,有電梯_7樓以上
房地(土地+建物),溫泉路６８巷６弄８號十一樓,11.0,8.0,1,31.24,729925,0.0,,25.134438,121.505199,新北投站出口1,328,有電梯_7樓以上
房地(土地+建物)+車位,文湖街３７號十四樓,14.0,13.0,1,107.23,956366,16.37,0.0,25.08676,121.561596,劍南路站出口3,619,有電梯_7樓以上
房地(土地+建物),南京東路六段１２５號十樓,10.0,27.0,1,39.27,695232,0.0,,25.055957,121.578161,松山站出口5,601,有電梯_7樓以上
房地(土地+建物),敦化南路二段１５２號十七樓,17.0,39.0,1,40.86,963811,0.0,,25.025219,121.548371,六張犁站出口,465,有電梯_7樓以上
房地(土地+建物)+車位,水源路３７之６號十三樓之１,13.0,6.0,1,63.99,937144,9.7,0.0,25.018701,121.523885,台電大樓站出口4,430,有電梯_7樓以上
房地(土地+建物),樂業街７２巷２２號九樓,9.0,3.0,1,21.18,1156531,0.0,,25.021508,121.549937,六張犁站出口,384,有電梯_7樓以上
房地(土地+建物)+車位,三重路４１巷３５號十二樓之２,12.0,12.0,1,117.73,581856,0.0,,25.060439,121.612806,南港軟體園區站出口1,308,有電梯_7樓以上
房地(土地+建物)+車位,德昌街１３１號二十二樓,22.0,13.0,1,78.85,812899,21.64,277264.0,25.023996,121.496442,龍山寺站出口2,1281,有電梯_7樓以上
房地(土地+建物)+車位,五分街７２巷７號八樓之１,8.0,17.0,1,27.07,944696,11.62,215146.0,25.067144,121.616305,東湖站出口3,437,有電梯_7樓以上
房地(土地+建物)+車位,陽光街６１號八樓,8.0,14.0,1,54.17,793483,11.32,0.0,25.076279,121.586617,文德站出口1,284,有電梯_7樓以上
房地(土地+建物)+車位,行善路２８１巷１８號八樓,8.0,14.0,1,81.06,867048,22.38,223414.0,25.060864,121.583914,松山站出口5,1302,有電梯_7樓以上
房地(土地+建物)+車位,臥龍街２９３號九樓之２,9.0,26.0,1,25.19,801837,0.0,,25.017119,121.558711,麟光站出口,160,有電梯_7樓以上
房地(土地+建物),文林路７６３號十一樓之５,11.0,43.0,1,44.29,679674,0.0,,25.103191,121.519026,芝山站出口2,341,有電梯_7樓以上
房地(土地+建物)+車位,臥龍街２２０號九樓,9.0,10.0,1,86.58,895650,17.58,341297.0,25.01835,121.553845,麟光站出口,480,有電梯_7樓以上
房地(土地+建物)+車位,興華路３０巷４號十二樓,12.0,34.0,1,43.97,645964,0.0,,25.054891,121.605756,南港站出口1,337,有電梯_7樓以上
房地(土地+建物)+車位,明德路８號八樓之１,8.0,6.0,1,38.59,1159989,10.57,0.0,25.10661,121.517313,明德站出口1,352,有電梯_7樓以上
房地(土地+建物)+車位,石牌路二段３１５巷３４弄７號九樓之２,9.0,9.0,1,87.61,730000,22.68,202822.0,25.123747,121.522717,石牌站出口1,1232,有電梯_7樓以上
房地(土地+建物)+車位,辛亥路四段７７巷９２弄９號十三樓之２,13.0,21.0,1,34.95,667078,10.97,182315.0,25.008779,121.561219,辛亥站出口,587,有電梯_7樓以上
房地(土地+建物)+車位,西園路二段３７號十一樓之３,11.0,2.0,1,54.11,819962,10.16,275591.0,25.03182,121.497409,龍山寺站出口2,438,有電梯_7樓以上
房地(土地+建物)+車位,明水路５５５號十五樓之１７,14.0,28.0,1,37.89,765351,0.0,,25.079106,121.552099,大直站出口3,514,有電梯_7樓以上
房地(土地+建物)+車位,環河南路三段１３５號九樓,9.0,8.0,1,67.64,562924,8.13,307503.0,25.023555,121.491379,龍山寺站出口2,1540,有電梯_7樓以上
房地(土地+建物)+車位,信安街１６８號九樓之９,9.0,1.0,1,62.52,1293729,24.18,264682.0,25.023439,121.555343,六張犁站出口,267,有電梯_7樓以上
建物,忠孝東路一段８６號十四樓之３,14.0,23.0,1,41.59,474420,0.0,,25.044333,121.524461,善導寺站出口4,35,有電梯_7樓以上
房地(土地+建物)+車位,羅斯福路六段１６６巷１號十一樓,11.0,1.0,1,54.04,988124,12.8,144531.0,24.994847,121.540476,景美站出口2,224,有電梯_7樓以上
房地(土地+建物)+車位,興隆路四段１０５巷１９號十二樓,12.0,29.0,1,55.85,416469,0.0,,24.988044,121.56168,萬芳醫院站出口,1322,有電梯_7樓以上
房地(土地+建物),敬業三路１６２巷１１９號九樓,9.0,24.0,1,47.02,693359,0.0,,25.079603,121.559497,劍南路站出口3,628,有電梯_7樓以上
房地(土地+建物),信義路五段１５０巷４９９號八樓之５,8.0,27.0,1,16.48,788971,0.0,,25.021286,121.573541,象山站出口2,1286,有電梯_7樓以上
房地(土地+建物),民權東路三段１６０巷２號九樓之６,9.0,44.0,1,21.47,901071,0.0,,25.06169,121.547688,中山國中站出口,386,有電梯_7樓以上
房地(土地+建物),大安路二段６６號八樓之２,8.0,15.0,1,13.44,1330352,0.0,,25.03224,121.545854,大安站出口4,213,有電梯_7樓以上
房地(土地+建物),天母北路２８巷３９號八樓之６、３９號八樓之７,8.0,16.0,1,22.42,869827,0.0,,25.119397,121.525546,石牌站出口2,1141,有電梯_7樓以上
房地(土地+建物)+車位,敦化南路二段２００巷２６號八樓,8.0,15.0,1,110.46,1296139,31.77,251810.0,25.022834,121.547101,科技大樓站出口,508,有電梯_7樓以上
房地(土地+建物)+車位,桂林路２４６巷３２號八樓,8.0,29.0,1,42.98,521220,0.0,,25.037162,121.493101,龍山寺站出口1,674,有電梯_7樓以上
房地(土地+建物),星雲街１６８巷１１號十二樓,12.0,29.0,1,25.65,935822,0.0,,25.080725,121.596963,內湖站出口2,401,有電梯_7樓以上
房地(土地+建物)+車位,大安路二段６６號十一樓之８,11.0,15.0,1,17.21,1278744,4.54,484581.0,25.03224,121.545854,大安站出口4,213,有電梯_7樓以上
房地(土地+建物)+車位,中山北路六段２１２號八樓,8.0,20.0,1,83.75,977431,18.4,326087.0,25.108375,121.525361,芝山站出口2,589,有電梯_7樓以上
房地(土地+建物)+車位,星雲街１６１巷２號九樓之１,9.0,19.0,1,39.82,1037166,11.66,240137.0,25.08167,121.596224,內湖站出口2,272,有電梯_7樓以上
房地(土地+建物)+車位,永吉路５５３巷９號十二樓,12.0,24.0,1,60.66,992755,12.51,239808.0,25.046152,121.581894,後山埤站出口4,78,有電梯_7樓以上
房地(土地+建物)+車位,福美路１９８號十樓,10.0,7.0,1,57.22,806401,13.2,0.0,25.100658,121.504983,明德站出口3,1713,有電梯_7樓以上
房地(土地+建物),辛亥路七段８４巷７號十樓之２,10.0,24.0,1,27.48,625862,0.0,,24.981539,121.554922,大坪林站出口5,1190,有電梯_7樓以上
房地(土地+建物),環河北路一段１０７號十二樓,12.0,42.0,1,26.92,698380,0.0,,25.053565,121.507576,北門站出口3,483,有電梯_7樓以上
房地(土地+建物)+車位,興隆路三段１５２巷２號九樓,9.0,4.0,1,45.65,833533,9.66,258799.0,24.998496,121.55793,萬芳醫院站出口,101,有電梯_7樓以上
房地(土地+建物)+車位,建國北路三段７１號八樓之７,8.0,9.0,1,37.35,984341,8.01,374532.0,25.065123,121.537204,行天宮站出口4,678,有電梯_7樓以上
房地(土地+建物),敦化南路二段２８號十樓,10.0,37.0,1,62.66,1225726,0.0,,25.032229,121.548402,信義安和站出口2,406,有電梯_7樓以上
房地(土地+建物)+車位,瑞安街１４２巷８號九樓之２,9.0,17.0,1,14.46,1311598,0.28,7142857.0,25.029699,121.541753,大安站出口3,398,有電梯_7樓以上
房地(土地+建物)+車位,和平東路四段６６巷３３號十二樓,12.0,27.0,1,74.84,487678,0.0,,25.005842,121.565078,辛亥站出口,816,有電梯_7樓以上
房地(土地+建物)+車位,仁愛路二段６３號二十樓,20.0,34.0,1,164.06,1155920,22.18,270514.0,25.038446,121.5305,忠孝新生站出口5,346,有電梯_7樓以上
房地(土地+建物)+車位,重陽路４８６號十五樓,15.0,8.0,1,87.83,854055,23.54,212404.0,25.060213,121.611775,南港軟體園區站出口1,412,有電梯_7樓以上
房地(土地+建物)+車位,至誠路一段１３６巷１７號九樓,9.0,6.0,1,117.1,937042,25.3,276680.0,25.102148,121.534579,芝山站出口1,1203,有電梯_7樓以上
房地(土地+建物),中山北路六段４０５巷８８號十二樓之２,12.0,1.0,1,61.53,1137305,0.0,,25.117201,121.526575,石牌站出口2,1117,有電梯_7樓以上
房地(土地+建物)+車位,臥龍街２９３號八樓之３,8.0,26.0,1,19.51,753529,0.0,,25.017119,121.558711,麟光站出口,160,有電梯_7樓以上
房地(土地+建物)+車位,忠誠路二段４２之１號十一樓,11.0,37.0,1,63.88,1013253,10.02,399202.0,25.110116,121.530389,芝山站出口2,1070,有電梯_7樓以上
房地(土地+建物)+車位,中山北路六段４４１巷３０號九樓之２,9.0,0.0,1,91.22,1357409,21.23,329722.0,25.11709,121.526959,明德站出口2,1143,有電梯_7樓以上
房地(土地+建物)+車位,南京東路六段１５０號九樓,9.0,18.0,1,42.09,866146,2.61,689655.0,25.05526,121.578951,松山站出口5,536,有電梯_7樓以上
房地(土地+建物),敦化南路一段３１３號十二樓之１,12.0,45.0,1,21.65,1357051,0.0,,25.034741,121.549239,信義安和站出口2,365,有電梯_7樓以上
房地(土地+建物)+車位,瑞安街２０８巷７０弄７號十樓,10.0,25.0,1,67.31,974502,0.0,,25.030497,121.539853,大安站出口2,392,有電梯_7樓以上
房地(土地+建物)+車位,瑞安街２０８巷７０弄５號十樓,10.0,25.0,1,62.51,1030320,0.0,,25.030497,121.539942,大安站出口2,388,有電梯_7樓以上
房地(土地+建物),中山北路七段８２巷２７號八樓,8.0,40.0,1,47.01,697657,0.0,,25.121638,121.533065,石牌站出口2,1919,有電梯_7樓以上
房地(土地+建物)+車位,大安路一段９６巷１３號八樓,8.0,19.0,1,65.56,1060037,0.0,,25.040716,121.545423,忠孝復興站出口3,104,有電梯_7樓以上
房地(土地+建物)+車位,杭州南路一段７１巷１８號八樓,8.0,1.0,1,75.64,1577620,12.33,0.0,25.039361,121.527067,忠孝新生站出口5,569,有電梯_7樓以上
房地(土地+建物),成功路四段６１巷５５號十四樓,14.0,7.0,1,71.35,861941,0.0,,25.079737,121.593624,內湖站出口2,445,有電梯_7樓以上
房地(土地+建物)+車位,重陽路１２５巷３６弄３０號八樓之２,8.0,16.0,1,25.47,714468,0.0,,25.057323,121.59661,昆陽站出口4,802,有電梯_7樓以上
房地(土地+建物)+車位,重陽路２７號九樓,9.0,2.0,1,54.92,877563,0.0,,25.055882,121.595295,昆陽站出口4,609,有電梯_7樓以上
房地(土地+建物)+車位,敦化南路一段１００巷１１號九樓,9.0,1.0,1,53.26,1385791,7.51,346205.0,25.04612,121.54803,忠孝敦化站出口8,481,有電梯_7樓以上
房地(土地+建物)+車位,松智路３１巷２號九樓,9.0,26.0,1,51.08,1050899,0.0,,25.030854,121.565822,台北101/世貿站出口4,297,有電梯_7樓以上
房地(土地+建物),龍江路２９８巷６號十樓,10.0,28.0,1,46.21,941358,0.0,,25.061687,121.540451,中山國中站出口,368,有電梯_7樓以上
房地(土地+建物)+車位,汀州路一段７８號十樓,10.0,12.0,1,85.37,875102,10.87,275989.0,25.031126,121.506126,小南門站出口2,636,有電梯_7樓以上
房地(土地+建物)+車位,內湖路二段３３６之２號八樓,8.0,10.0,1,53.07,1060180,11.47,0.0,25.081698,121.589168,文德站出口1,489,有電梯_7樓以上
房地(土地+建物)+車位,內湖路三段７２巷６３號九樓之２,9.0,30.0,1,50.14,662357,13.45,185874.0,25.088946,121.591042,內湖站出口1,663,有電梯_7樓以上
房地(土地+建物)+車位,星雲街１６５號十四樓之３,14.0,25.0,1,26.2,1048189,6.16,0.0,25.081047,121.596538,內湖站出口2,347,有電梯_7樓以上
房地(土地+建物),辛亥路四段７７巷９２弄１１號十三樓,13.0,21.0,1,13.22,679313,0.0,,25.008661,121.561555,辛亥站出口,603,有電梯_7樓以上
房地(土地+建物),五分街１１１號九樓之２,9.0,17.0,1,15.85,858622,0.0,,25.067229,121.616757,東湖站出口3,483,有電梯_7樓以上
房地(土地+建物)+車位,福美路１９０號九樓,9.0,6.0,1,59.1,849761,13.21,0.0,25.100821,121.505532,明德站出口3,1658,有電梯_7樓以上
房地(土地+建物),建國南路一段３０８號十二樓之７,12.0,6.0,1,14.33,1582759,0.0,,25.035567,121.537427,大安森林公園站出口6,259,有電梯_7樓以上
房地(土地+建物)+車位,安泰街８９號九樓之１,9.0,16.0,1,49.75,612441,10.95,182648.0,25.076689,121.616863,葫洲站出口1,1000,有電梯_7樓以上
房地(土地+建物)+車位,新明路４２８巷１號十八樓,18.0,5.0,1,31.65,899444,9.08,275330.0,25.054519,121.579268,松山站出口5,465,有電梯_7樓以上
房地(土地+建物)+車位,建國北路三段７１號八樓,8.0,9.0,1,30.68,1113678,7.98,0.0,25.065123,121.537204,行天宮站出口4,678,有電梯_7樓以上
房地(土地+建物)+車位,承德路四段１巷２５號十二樓之１,12.0,9.0,1,58.89,903571,11.43,0.0,25.078187,121.5223,劍潭站出口2,617,有電梯_7樓以上
房地(土地+建物)+車位,建國南路一段３３２之１號十二樓,12.0,17.0,1,41.19,1203211,3.37,593472.0,25.034679,121.537547,大安森林公園站出口6,197,有電梯_7樓以上
房地(土地+建物),延吉街１７７號八樓,8.0,40.0,1,50.91,1060744,0.0,,25.038216,121.555455,國父紀念館站出口2,337,有電梯_7樓以上
房地(土地+建物),明水路３９７巷７弄４５號十一樓,11.0,31.0,1,72.31,954192,0.0,,25.078133,121.550202,大直站出口3,353,有電梯_7樓以上
房地(土地+建物),中正路４９９號十一樓,11.0,37.0,1,53.3,712940,0.0,,25.091848,121.518266,士林站出口1,815,有電梯_7樓以上
房地(土地+建物),信義路三段１３４巷８０號十五樓,15.0,38.0,1,41.61,997240,0.0,,25.029616,121.538896,大安森林公園站出口5,510,有電梯_7樓以上
房地(土地+建物),復興北路２２２號十二樓之２,12.0,38.0,1,39.78,809858,0.0,,25.056669,121.543611,中山國中站出口,464,有電梯_7樓以上
房地(土地+建物)+車位,中央北路四段５４１巷９號十四樓,14.0,2.0,1,41.84,777209,12.59,222399.0,25.12756,121.468445,關渡站出口1,267,有電梯_7樓以上
房地(土地+建物)+車位,中和街３６６號十八樓之２,18.0,26.0,1,51.95,399436,0.0,,25.141741,121.499514,新北投站出口2,621,有電梯_7樓以上
房地(土地+建物)+車位,景豐街７０號十三樓,13.0,17.0,1,57.89,836020,10.88,248162.0,25.001149,121.545532,萬隆站出口2,603,有電梯_7樓以上
房地(土地+建物),仙岩路２２巷２３號十四樓,14.0,29.0,1,34.75,687291,0.0,,24.999113,121.549769,萬芳醫院站出口,804,有電梯_7樓以上
房地(土地+建物)+車位,明水路３９７巷７弄５９號十樓之１,10.0,30.0,1,58.26,1014124,11.22,222816.0,25.078535,121.55082,大直站出口3,396,有電梯_7樓以上
房地(土地+建物)+車位,重慶北路四段２２２號十三樓之１,13.0,7.0,1,31.32,761883,5.73,0.0,25.085867,121.511468,劍潭站出口2,1368,有電梯_7樓以上
房地(土地+建物)+車位,星雲街１６８巷２３號十樓,10.0,29.0,1,51.35,609976,0.0,,25.080449,121.597226,內湖站出口2,441,有電梯_7樓以上
房地(土地+建物),安和路二段６０號十一樓之１,11.0,45.0,1,84.79,790210,0.0,,25.030677,121.552242,信義安和站出口2A,244,有電梯_7樓以上
房地(土地+建物)+車位,辛亥路四段２０９巷３０號十六樓,16.0,4.0,1,56.17,1055938,10.0,260000.0,25.00202,121.556435,萬芳醫院站出口,321,有電梯_7樓以上
房地(土地+建物),和平東路三段４６４巷６號十樓,10.0,22.0,1,23.55,886754,0.0,,25.017026,121.559939,麟光站出口,217,有電梯_7樓以上
房地(土地+建物)+車位,康樂街１１０巷６號九樓,9.0,7.0,1,56.0,794883,4.04,544554.0,25.070601,121.618611,東湖站出口3,777,有電梯_7樓以上
房地(土地+建物),玉成街１８４巷３號十二樓,12.0,29.0,1,30.66,967341,0.0,,25.043826,121.584451,後山埤站出口3,196,有電梯_7樓以上
房地(土地+建物),敦化南路二段１２８號九樓之４,9.0,45.0,1,25.7,1220851,0.0,,25.026092,121.548377,科技大樓站出口,478,有電梯_7樓以上
房地(土地+建物)+車位,星雲街９２號十二樓,12.0,20.0,1,71.67,879078,10.58,236295.0,25.078924,121.593505,內湖站出口2,536,有電梯_7樓以上
房地(土地+建物)+車位,木柵路三段８５巷８弄３號九樓,9.0,1.0,1,36.42,785064,3.56,393258.0,24.989576,121.567304,萬芳社區站出口,1007,有電梯_7樓以上
房地(土地+建物),金湖路６５巷７號八樓之２,8.0,19.0,1,33.66,1000620,0.0,,25.081894,121.596651,內湖站出口2,282,有電梯_7樓以上
房地(土地+建物)+車位,新明路４２８巷１號十九樓之７,19.0,5.0,1,34.78,961556,9.3,268817.0,25.054519,121.579268,松山站出口5,465,有電梯_7樓以上
房地(土地+建物)+車位,信義路五段１５０巷８號八樓之３,8.0,27.0,1,52.72,720753,0.0,,25.027899,121.570781,象山站出口2,505,有電梯_7樓以上
房地(土地+建物)+車位,西園路二段３７號十二樓之３,12.0,2.0,1,52.72,829975,8.78,330296.0,25.03182,121.497409,龍山寺站出口2,438,有電梯_7樓以上
房地(土地+建物),星雲街１６８巷４３號十九樓之５,19.0,27.0,1,12.23,874677,0.0,,25.080177,121.59724,內湖站出口2,467,有電梯_7樓以上
房地(土地+建物)+車位,經貿二路２３５巷６０弄３０號九樓,9.0,12.0,1,69.16,945704,14.07,177683.0,25.062848,121.614907,南港軟體園區站出口1,290,有電梯_7樓以上
房地(土地+建物)+車位,興隆路二段２０３巷９８號十一樓,11.0,27.0,1,45.24,677287,10.39,240616.0,25.003052,121.546925,萬隆站出口2,762,有電梯_7樓以上
房地(土地+建物),久康街２４巷７號八樓,8.0,17.0,1,42.72,598839,0.0,,24.989352,121.565956,萬芳社區站出口,1056,有電梯_7樓以上
房地(土地+建物),興隆路四段１０５巷７號八樓,8.0,29.0,1,15.82,663813,0.0,,24.987964,121.561129,萬芳醫院站出口,1315,有電梯_7樓以上
房地(土地+建物)+車位,松勇路５３巷６８號九樓,9.0,18.0,1,83.7,1550104,15.79,253325.0,25.034023,121.573057,象山站出口3,272,有電梯_7樓以上
房地(土地+建物),信義路五段１５０巷３３０號十一樓之７,11.0,15.0,1,9.96,1113973,0.0,,25.026533,121.570157,象山站出口2,650,有電梯_7樓以上
房地(土地+建物),福德街３９５號十樓,10.0,26.0,1,48.15,593991,0.0,,25.040726,121.59144,後山埤站出口3,963,有電梯_7樓以上
房地(土地+建物)+車位,延平北路六段３９２巷６號十一樓之１,11.0,18.0,1,39.24,677109,8.52,0.0,25.091575,121.501053,三和國中站出口2,2187,有電梯_7樓以上
房地(土地+建物)+車位,天母北路５６號十三樓,13.0,4.0,1,64.03,1111937,11.73,353794.0,25.121533,121.52636,石牌站出口1,1336,有電梯_7樓以上
房地(土地+建物)+車位,水源路４１號十三樓之１,13.0,21.0,1,42.17,798118,5.46,0.0,25.019032,121.523879,台電大樓站出口4,409,有電梯_7樓以上
房地(土地+建物)+車位,重陽路２７號八樓,8.0,2.0,1,63.01,1031258,16.18,370828.0,25.055882,121.595295,昆陽站出口4,609,有電梯_7樓以上
房地(土地+建物),仁愛路四段６２號十三樓之１０,13.0,46.0,1,21.9,1150793,0.0,,25.037597,121.547607,忠孝敦化站出口6,413,有電梯_7樓以上
房地(土地+建物)+車位,和平東路三段２１２巷２號十一樓之１,11.0,24.0,1,68.37,985568,10.02,349301.0,25.022553,121.553971,六張犁站出口,191,有電梯_7樓以上
房地(土地+建物),民和街９８號十三樓之１,13.0,1.0,1,38.51,800609,0.0,,25.025484,121.497301,龍山寺站出口2,1099,有電梯_7樓以上
房地(土地+建物),北安路４５８巷４１弄７０號十五樓,15.0,2.0,1,25.82,1550061,0.0,,25.079337,121.546875,大直站出口3,18,有電梯_7樓以上
房地(土地+建物),星雲街１６８巷４３號十一樓之５,11.0,27.0,1,12.23,899201,0.0,,25.080177,121.59724,內湖站出口2,467,有電梯_7樓以上
房地(土地+建物),敦化南路二段１０６號十六樓,16.0,38.0,1,43.83,1181780,0.0,,25.027592,121.548383,科技大樓站出口,504,有電梯_7樓以上
房地(土地+建物),萬大路４２３巷３２弄１號九樓,9.0,26.0,1,49.07,539995,0.0,,25.021066,121.500472,龍山寺站出口2,1563,有電梯_7樓以上
房地(土地+建物)+車位,民權東路六段２８０巷８號十三樓之２,13.0,30.0,1,63.23,676878,0.0,,25.071965,121.605492,葫洲站出口2,183,有電梯_7樓以上
房地(土地+建物)+車位,內湖路二段１７９巷３弄１號十三樓,13.0,2.0,1,40.62,1046268,2.29,611354.0,25.081891,121.587595,文德站出口1,409,有電梯_7樓以上
房地(土地+建物)+車位,內湖路一段４１１巷６６號十九樓,19.0,8.0,1,186.01,1075194,0.0,,25.083934,121.5711,西湖站出口2,452,有電梯_7樓以上
房地(土地+建物)+車位,重慶北路四段２２２號十樓之５,10.0,7.0,1,31.55,755012,5.73,0.0,25.085867,121.511468,劍潭站出口2,1368,有電梯_7樓以上
房地(土地+建物)+車位,承德路四段３２２號八樓,8.0,11.0,1,82.43,991154,15.48,0.0,25.089595,121.517988,劍潭站出口1,884,有電梯_7樓以上
房地(土地+建物)+車位,北安路８２９號八樓,8.0,13.0,1,26.7,1037839,12.71,236035.0,25.084811,121.556951,劍南路站出口3,104,有電梯_7樓以上
房地(土地+建物),新生北路三段７號十二樓之３,12.0,42.0,1,43.67,749968,0.0,,25.063389,121.527988,中山國小站出口4,131,有電梯_7樓以上
房地(土地+建物),新生北路三段７號十二樓,12.0,42.0,1,46.2,749988,0.0,,25.063389,121.527988,中山國小站出口4,131,有電梯_7樓以上
房地(土地+建物),復興北路４２７巷２５號十一樓之１、之２,11.0,16.0,1,20.29,912197,0.0,,25.063413,121.546383,中山國中站出口,376,有電梯_7樓以上
房地(土地+建物)+車位,文德路２７１號九樓,9.0,16.0,1,58.46,781757,0.0,,25.079574,121.588941,文德站出口1,347,有電梯_7樓以上
房地(土地+建物),萬芳路１０７巷１３號十樓,10.0,16.0,1,62.7,478476,0.0,,24.996659,121.562849,萬芳醫院站出口,598,有電梯_7樓以上
房地(土地+建物)+車位,興隆路四段１０９巷１２８號十一樓,11.0,11.0,1,60.01,671590,0.0,,24.986604,121.56537,萬芳社區站出口,1367,有電梯_7樓以上
房地(土地+建物)+車位,北安路７８９號十三樓之５,13.0,11.0,1,26.55,1100754,3.87,439276.0,25.085623,121.55387,劍南路站出口1,150,有電梯_7樓以上
房地(土地+建物),重陽路５９０號八樓,8.0,17.0,1,22.94,1068071,0.0,,25.062949,121.614688,南港軟體園區站出口1,309,有電梯_7樓以上
房地(土地+建物),福德街３７３巷３９號十八樓,18.0,26.0,1,38.74,686716,0.0,,25.038964,121.591966,後山埤站出口3,1119,有電梯_7樓以上
房地(土地+建物),行善路４７號十樓,10.0,26.0,1,38.53,596900,0.0,,25.057109,121.57735,松山站出口5,730,有電梯_7樓以上
房地(土地+建物)+車位,新富街６６號十樓,10.0,10.0,1,110.45,944245,24.8,201613.0,25.059571,121.583538,松山站出口5,1158,有電梯_7樓以上
房地(土地+建物),敦化北路１９９巷１０號八樓,8.0,30.0,1,52.83,936940,0.0,,25.055629,121.550302,台北小巨蛋站出口1,440,有電梯_7樓以上
房地(土地+建物),新生南路三段６號九樓,9.0,40.0,1,46.79,1000136,0.0,,25.025355,121.534544,台電大樓站出口2,795,有電梯_7樓以上
房地(土地+建物),仁愛路四段６８號九樓之９,9.0,46.0,1,15.38,1084804,0.0,,25.037474,121.547924,忠孝敦化站出口6,415,有電梯_7樓以上
房地(土地+建物),大安路一段１４５號十一樓,11.0,52.0,1,58.32,1035342,0.0,,25.03828,121.546164,忠孝復興站出口3,380,有電梯_7樓以上
房地(土地+建物),重慶北路三段２０３之３號九樓之２,9.0,4.0,1,21.32,886359,0.0,,25.069939,121.513933,圓山站出口1,622,有電梯_7樓以上
房地(土地+建物)+車位,中坡北路９２號九樓之２,9.0,27.0,1,46.3,835291,12.66,197472.0,25.047944,121.580538,後山埤站出口4,319,有電梯_7樓以上
房地(土地+建物),詔安街５３號十樓之１,10.0,0.0,1,20.57,942012,0.0,,25.025666,121.511718,中正紀念堂站出口2,998,有電梯_7樓以上
房地(土地+建物)+車位,松江路４２０號十二樓,12.0,9.0,1,105.9,1080956,18.01,0.0,25.064572,121.532784,行天宮站出口4,468,有電梯_7樓以上
房地(土地+建物)+車位,林森南路７１號十三樓,13.0,7.0,1,47.2,1049730,6.52,352761.0,25.039689,121.521983,善導寺站出口4,541,有電梯_7樓以上
房地(土地+建物)+車位,和平東路三段２１２巷５０號十樓,10.0,7.0,1,56.62,1094925,0.0,,25.021049,121.552697,六張犁站出口,312,有電梯_7樓以上
房地(土地+建物),建國北路三段７１號十二樓之７,12.0,9.0,1,29.34,954445,0.0,,25.065123,121.537204,行天宮站出口4,678,有電梯_7樓以上
房地(土地+建物),中華路二段５０４巷１５號十一樓,11.0,45.0,1,13.94,738924,0.0,,25.02539,121.508083,小南門站出口3,1141,有電梯_7樓以上
房地(土地+建物)+車位,南京東路六段２５９號十一樓之２,11.0,11.0,1,101.42,977002,23.38,374251.0,25.058531,121.582838,松山站出口5,1022,有電梯_7樓以上
房地(土地+建物),仁愛路一段４號十一樓之２,11.0,47.0,1,29.84,1034798,0.0,,25.038567,121.521721,台大醫院站出口2,595,有電梯_7樓以上
房地(土地+建物)+車位,永吉路３０巷１０１弄２１號八樓,8.0,11.0,1,112.62,1296056,35.85,292887.0,25.043632,121.569605,市政府站出口4,359,有電梯_7樓以上
房地(土地+建物)+車位,忠誠路二段１號九樓,9.0,37.0,1,75.67,857779,15.19,0.0,25.10869,121.530797,芝山站出口2,1008,有電梯_7樓以上
房地(土地+建物),光復南路４６巷３６號二十一樓,21.0,3.0,1,51.23,1364090,0.0,,25.045734,121.554654,國父紀念館站出口1,478,有電梯_7樓以上
房地(土地+建物),行善路２１號十樓,10.0,26.0,1,37.66,658609,0.0,,25.056164,121.575478,松山站出口5,665,有電梯_7樓以上
房地(土地+建物),民權東路六段１８０巷６６號八樓之１,8.0,15.0,1,25.91,872179,0.0,,25.066578,121.592517,文德站出口1,1513,有電梯_7樓以上
房地(土地+建物),松山路４８２巷２４號十四樓,14.0,39.0,1,34.17,591103,0.0,,25.038749,121.577689,永春站出口4,244,有電梯_7樓以上
房地(土地+建物)+車位,重慶南路三段４３號九樓,9.0,3.0,1,75.21,1399969,11.85,270042.0,25.027784,121.516205,中正紀念堂站出口2,554,有電梯_7樓以上
房地(土地+建物)+車位,重慶南路三段４１號九樓,9.0,3.0,1,93.03,1416583,23.35,274090.0,25.027876,121.516179,中正紀念堂站出口2,546,有電梯_7樓以上
房地(土地+建物),光復北路２３０巷２９號十七樓,17.0,22.0,1,41.85,931814,0.0,,25.05597,121.554317,台北小巨蛋站出口5,512,有電梯_7樓以上
房地(土地+建物)+車位,臥龍街２８９號八樓,8.0,1.0,1,49.82,1161387,9.46,0.0,25.017435,121.558235,麟光站出口,130,有電梯_7樓以上
房地(土地+建物)+車位,信安街１６８號十樓之９,10.0,1.0,1,62.59,1318723,24.18,285360.0,25.023439,121.555343,六張犁站出口,267,有電梯_7樓以上
房地(土地+建物)+車位,吳興街６００巷７６弄１３號九樓,9.0,7.0,1,44.46,1015196,12.45,0.0,25.018177,121.570566,麟光站出口,1206,有電梯_7樓以上
房地(土地+建物)+車位,仁愛路四段１５１巷２８號九樓,9.0,35.0,1,62.39,1215105,9.52,472689.0,25.040095,121.551662,忠孝敦化站出口3,139,有電梯_7樓以上
房地(土地+建物),興隆路三段１３７號九樓之１２,9.0,16.0,1,9.43,794916,0.0,,24.998332,121.55878,萬芳醫院站出口,157,有電梯_7樓以上
房地(土地+建物)+車位,內湖路二段１０３巷１００弄１１號八樓之１,8.0,28.0,1,68.39,735042,21.05,0.0,25.083824,121.580273,港墘站出口1,610,有電梯_7樓以上
房地(土地+建物),忠孝東路五段１９號九樓之１,9.0,42.0,1,38.58,933180,0.0,,25.041314,121.565668,市政府站出口1,24,有電梯_7樓以上
房地(土地+建物),北安路４５８巷４１弄７０號九樓,9.0,2.0,1,25.82,1520237,0.0,,25.079337,121.546875,大直站出口3,18,有電梯_7樓以上
房地(土地+建物),復興南路二段１７１巷３２號八樓,8.0,39.0,1,34.22,894326,0.0,,25.027512,121.545001,科技大樓站出口,204,有電梯_7樓以上
房地(土地+建物),承德路四段３０５號九樓,9.0,39.0,1,26.9,636544,0.0,,25.090257,121.5183,士林站出口2,869,有電梯_7樓以上
房地(土地+建物)+車位,南港路二段３８巷２０號十四樓,14.0,15.0,1,63.69,1093694,14.32,209497.0,25.055358,121.604593,南港站出口1,422,有電梯_7樓以上
房地(土地+建物)+車位,民權東路二段１３５巷３６號九樓,9.0,10.0,1,51.62,846382,6.72,565476.0,25.064377,121.534874,行天宮站出口4,485,有電梯_7樓以上
房地(土地+建物)+車位,港華街１１７號十二樓,12.0,15.0,1,58.48,977213,12.35,226721.0,25.083824,121.572814,港墘站出口2,459,有電梯_7樓以上
房地(土地+建物)+車位,松江路１７０巷１１號八樓之１,8.0,7.0,1,30.42,1224654,6.11,0.0,25.056122,121.531364,行天宮站出口1,278,有電梯_7樓以上
房地(土地+建物),和平東路二段２６５巷２５弄６號九樓,9.0,39.0,1,39.1,840962,0.0,,25.027067,121.54447,科技大樓站出口,132,有電梯_7樓以上
房地(土地+建物)+車位,松德路１２７號十八樓,18.0,30.0,1,59.32,1082706,9.55,314136.0,25.037481,121.575239,永春站出口2,359,有電梯_7樓以上
房地(土地+建物),承德路二段９１巷３６號八樓之２,8.0,20.0,1,25.21,745637,0.0,,25.056155,121.519219,雙連站出口1,203,有電梯_7樓以上
房地(土地+建物)+車位,德昌街２０１號十一樓,11.0,1.0,1,40.95,735047,4.49,378619.0,25.023399,121.493781,龍山寺站出口2,1436,有電梯_7樓以上
房地(土地+建物),成功路四段６１巷２２弄３號八樓,8.0,30.0,1,14.47,856673,0.0,,25.081425,121.593447,內湖站出口1,271,有電梯_7樓以上
房地(土地+建物)+車位,水源路３７之３號十樓,10.0,6.0,1,47.93,931208,9.7,0.0,25.018701,121.523885,台電大樓站出口4,430,有電梯_7樓以上
房地(土地+建物)+車位,三重路４１巷２５號十三樓,13.0,1.0,1,40.69,979862,6.5,276923.0,25.060033,121.61321,南港軟體園區站出口1,270,有電梯_7樓以上
房地(土地+建物)+車位,康寧路三段７５巷１３５號九樓,9.0,25.0,1,38.44,987540,10.09,247770.0,25.074677,121.609404,葫洲站出口1,276,有電梯_7樓以上
房地(土地+建物)+車位,新富街１３１號十三樓,13.0,11.0,1,104.65,919222,25.45,196464.0,25.060405,121.585782,昆陽站出口2,1319,有電梯_7樓以上
房地(土地+建物),福德街３７３巷５９號十二樓,12.0,26.0,1,38.72,606875,0.0,,25.039479,121.592235,後山埤站出口3,1106,有電梯_7樓以上
房地(土地+建物)+車位,北科路１９０號十二樓,12.0,0.0,1,65.53,1067539,9.7,319588.0,25.107059,121.513783,明德站出口3,578,有電梯_7樓以上
房地(土地+建物)+車位,南京西路４４８號十一樓之３,11.0,1.0,1,39.04,1212185,11.98,0.0,25.053399,121.508272,北門站出口3,432,有電梯_7樓以上
房地(土地+建物)+車位,北安路４５８巷４１弄７２號八樓,8.0,2.0,1,57.48,1552014,12.38,258481.0,25.079367,121.546914,大直站出口3,13,有電梯_7樓以上
房地(土地+建物)+車位,健康路３２５巷２５弄８號十二樓,12.0,3.0,1,54.53,1106915,12.41,261886.0,25.056379,121.566625,南京三民站出口4,567,有電梯_7樓以上
房地(土地+建物)+車位,北科路１８８號十三樓,13.0,0.0,1,75.23,1083243,19.4,329897.0,25.106999,121.513901,明德站出口3,572,有電梯_7樓以上
房地(土地+建物)+車位,光復南路４６巷３６號十三樓之２,13.0,3.0,1,42.39,1497584,12.67,315706.0,25.045734,121.554654,國父紀念館站出口1,478,有電梯_7樓以上
房地(土地+建物)+車位,明德路３８巷１８號八樓,8.0,9.0,1,61.66,1077806,13.99,0.0,25.106984,121.518611,明德站出口1,263,有電梯_7樓以上
房地(土地+建物)+車位,市民大道六段１０８號九樓之１,9.0,2.0,1,19.66,1202346,4.56,0.0,25.049134,121.57254,松山站出口2,391,有電梯_7樓以上
房地(土地+建物)+車位,西園路二段３７號十二樓之２,12.0,2.0,1,72.83,819905,10.16,295276.0,25.03182,121.497409,龍山寺站出口2,438,有電梯_7樓以上
房地(土地+建物)+車位,木柵路四段１５９巷１６弄７１號十二樓,12.0,31.0,1,66.78,359406,0.0,,25.003994,121.576048,木柵站出口,699,有電梯_7樓以上
房地(土地+建物),星雲街１６８巷２３號十樓之１,10.0,28.0,1,24.43,857451,0.0,,25.080449,121.597226,內湖站出口2,441,有電梯_7樓以上
房地(土地+建物)+車位,明水路５５７巷１７號十一樓,11.0,29.0,1,84.4,671679,0.0,,25.079393,121.550615,大直站出口3,363,有電梯_7樓以上
房地(土地+建物)+車位,松信路５０巷７號十四樓,14.0,10.0,1,124.52,1243832,38.59,0.0,25.047483,121.571476,松山站出口2,566,有電梯_7樓以上
房地(土地+建物)+車位,社子街８６號十樓,10.0,15.0,1,67.44,671083,31.97,0.0,25.087439,121.506061,劍潭站出口3,1935,有電梯_7樓以上
房地(土地+建物)+車位,天母西路５０巷３９號十一樓,11.0,25.0,1,131.03,889888,0.0,,25.117443,121.524836,石牌站出口2,968,有電梯_7樓以上
房地(土地+建物)+車位,松平路６０號九樓,9.0,23.0,1,148.02,1174197,0.0,,25.030356,121.564836,台北101/世貿站出口3,291,有電梯_7樓以上
房地(土地+建物)+車位,中華路二段４１６巷６８號十四樓之１,14.0,12.0,1,55.45,742955,0.0,,25.027113,121.503911,龍山寺站出口3,952,有電梯_7樓以上
房地(土地+建物)+車位,信安街１６８號十一樓之３,11.0,1.0,1,41.42,1200928,12.09,256410.0,25.023439,121.555343,六張犁站出口,267,有電梯_7樓以上
房地(土地+建物),大安路二段８０號十二樓之１,12.0,3.0,1,79.84,1553014,0.0,,25.031641,121.545821,大安站出口4,248,有電梯_7樓以上
房地(土地+建物),安和路二段６４號十九樓,19.0,45.0,1,67.75,887772,0.0,,25.030425,121.552108,信義安和站出口2A,274,有電梯_7樓以上
房地(土地+建物),成福路１９４巷６號九樓,9.0,10.0,1,18.03,1164792,0.0,,25.040737,121.58789,後山埤站出口3,682,有電梯_7樓以上
房地(土地+建物)+車位,萬芳路１０７巷１５號十一樓,11.0,16.0,1,39.73,820277,12.18,205255.0,24.996559,121.562798,萬芳醫院站出口,599,有電梯_7樓以上
房地(土地+建物),建國南路一段３４１巷３號八樓之１,8.0,38.0,1,29.27,1093162,0.0,,25.0345,121.538406,大安森林公園站出口6,265,有電梯_7樓以上
房地(土地+建物)+車位,忠順街二段８５巷２３號九樓,9.0,11.0,1,49.85,899511,6.33,394945.0,24.986302,121.565102,萬芳社區站出口,1405,有電梯_7樓以上
房地(土地+建物),信義路三段９９巷３６號十樓,10.0,38.0,1,29.27,1082230,0.0,,25.034923,121.538475,大安森林公園站出口6,291,有電梯_7樓以上
房地(土地+建物),文林路７２０號九樓,9.0,35.0,1,34.29,889594,0.0,,25.102534,121.520811,芝山站出口1,192,有電梯_7樓以上
房地(土地+建物)+車位,吉林路１２之８號十四樓,14.0,6.0,1,81.88,1248975,28.82,263706.0,25.050314,121.529928,松江南京站出口1,300,有電梯_7樓以上
房地(土地+建物)+車位,民權東路六段２８０巷６９弄６６號八樓,8.0,17.0,1,48.31,979321,13.92,0.0,25.069111,121.606534,葫洲站出口2,386,有電梯_7樓以上
房地(土地+建物),金龍路２２２巷１２號八樓之３,8.0,30.0,1,19.51,712521,0.0,,25.08794,121.585659,內湖站出口1,984,有電梯_7樓以上
房地(土地+建物)+車位,文林北路７５巷７１號十三樓,13.0,6.0,1,57.79,935343,13.23,226757.0,25.103164,121.517268,芝山站出口2,516,有電梯_7樓以上
房地(土地+建物)+車位,星雲街１６８巷１５號十三樓,13.0,28.0,1,51.28,653241,0.0,,25.080618,121.596981,內湖站出口2,412,有電梯_7樓以上
房地(土地+建物)+車位,中坡南路２０１巷１８之３號十四樓,14.0,3.0,1,42.44,1177346,9.91,353179.0,25.041398,121.586504,後山埤站出口2,534,有電梯_7樓以上
房地(土地+建物)+車位,承德路七段２１２號十二樓,12.0,16.0,1,80.42,804976,21.04,190114.0,25.115092,121.506824,唭哩岸站出口1,625,有電梯_7樓以上
房地(土地+建物),福德街４３５號九樓,9.0,26.0,1,40.29,647260,0.0,,25.040071,121.593081,昆陽站出口1,1140,有電梯_7樓以上
房地(土地+建物),中華路二段５０４巷３１號十一樓,11.0,45.0,1,13.94,760446,0.0,,25.025016,121.50852,小南門站出口3,1171,有電梯_7樓以上
房地(土地+建物),健康路３４１號十一樓,11.0,25.0,1,52.89,631547,0.0,,25.054526,121.568176,南京三民站出口4,478,有電梯_7樓以上
房地(土地+建物)+車位,羅斯福路六段１５０巷２７號九樓,9.0,6.0,1,39.22,1007238,9.93,251762.0,24.995472,121.540243,景美站出口2,296,有電梯_7樓以上
房地(土地+建物)+車位,信安街１６８號九樓之６,9.0,1.0,1,33.99,1192057,12.09,256410.0,25.023439,121.555343,六張犁站出口,267,有電梯_7樓以上
房地(土地+建物)+車位,信安街１６８號十樓之７,10.0,1.0,1,41.28,1159031,12.09,256410.0,25.023439,121.555343,六張犁站出口,267,有電梯_7樓以上
房地(土地+建物)+車位,信安街１６８號十樓,10.0,1.0,1,52.9,1162871,12.09,293631.0,25.023439,121.555343,六張犁站出口,267,有電梯_7樓以上
房地(土地+建物)+車位,信安街１６８號十一樓之５,11.0,1.0,1,34.16,1205236,12.09,239868.0,25.023439,121.555343,六張犁站出口,267,有電梯_7樓以上
房地(土地+建物)+車位,信安街１６８號十一樓之１,11.0,1.0,1,43.32,1146443,12.09,256410.0,25.023439,121.555343,六張犁站出口,267,有電梯_7樓以上
房地(土地+建物)+車位,木新路三段８８之１號八樓,8.0,13.0,1,76.82,716532,16.87,0.0,24.982314,121.56295,萬芳社區站出口,1891,有電梯_7樓以上
房地(土地+建物)+車位,羅斯福路五段１７０巷２５號八樓,8.0,16.0,1,135.78,769624,18.84,371550.0,25.004615,121.537063,萬隆站出口4,264,有電梯_7樓以上
房地(土地+建物)+車位,信安街１６８號十一樓之７,11.0,1.0,1,41.28,1185411,12.09,252275.0,25.023439,121.555343,六張犁站出口,267,有電梯_7樓以上
房地(土地+建物)+車位,信安街１６８號九樓之１１,9.0,1.0,1,28.73,1148219,12.09,256410.0,25.023439,121.555343,六張犁站出口,267,有電梯_7樓以上
房地(土地+建物)+車位,信安街１６８號十一樓之９,11.0,1.0,1,62.59,1197135,24.18,277089.0,25.023439,121.555343,六張犁站出口,267,有電梯_7樓以上
房地(土地+建物)+車位,經貿二路１５７巷３６弄１１２號九樓,9.0,10.0,1,85.57,959611,13.66,0.0,25.062575,121.613946,南港軟體園區站出口1,311,有電梯_7樓以上
房地(土地+建物)+車位,天母北路５６號二十四樓之２,24.0,4.0,1,79.15,1124321,23.47,170430.0,25.121533,121.52636,石牌站出口1,1336,有電梯_7樓以上
房地(土地+建物),中央北路二段３５０巷７０號十四樓,14.0,9.0,1,55.47,474162,0.0,,25.139587,121.48891,復興崗站出口1,412,有電梯_7樓以上
房地(土地+建物)+車位,重慶南路三段３９號十六樓,16.0,2.0,1,85.32,1492718,23.7,312236.0,25.027989,121.516065,中正紀念堂站出口2,539,有電梯_7樓以上
房地(土地+建物),萬芳路１０５巷３５號八樓,8.0,28.0,1,24.16,794780,0.0,,24.996719,121.563609,萬芳社區站出口,526,有電梯_7樓以上
房地(土地+建物),敦化南路二段７７號二十樓之２,20.0,40.0,1,232.46,1129992,0.0,,25.030189,121.549317,信義安和站出口2,438,有電梯_7樓以上
房地(土地+建物)+車位,中央北路二段３５０巷９２號九樓,9.0,9.0,1,58.19,512153,0.0,,25.139879,121.489408,復興崗站出口1,472,有電梯_7樓以上
房地(土地+建物)+車位,富山路７號十三樓,13.0,0.0,1,29.04,829999,4.4,409091.0,24.988913,121.553704,萬芳醫院站出口,1233,有電梯_7樓以上
房地(土地+建物)+車位,木柵路一段５９巷２０號八樓,8.0,16.0,1,54.15,604153,6.65,270677.0,24.98763,121.546407,大坪林站出口5,621,有電梯_7樓以上
房地(土地+建物)+車位,延壽街１８巷２１號八樓,8.0,6.0,1,42.45,1101609,11.31,221043.0,25.056462,121.568641,南京三民站出口4,671,有電梯_7樓以上
房地(土地+建物)+車位,北安路４５８巷４１弄６０號八樓,8.0,2.0,1,46.98,1574736,12.38,282714.0,25.079222,121.546719,大直站出口3,38,有電梯_7樓以上
房地(土地+建物)+車位,信安街１６８號十樓之１０,10.0,1.0,1,27.36,1178113,12.09,260546.0,25.023439,121.555343,六張犁站出口,267,有電梯_7樓以上
房地(土地+建物)+車位,信安街１６８號十一樓之８,11.0,1.0,1,39.23,1165319,12.09,272953.0,25.023439,121.555343,六張犁站出口,267,有電梯_7樓以上
房地(土地+建物)+車位,信安街１６８號九樓之３,9.0,1.0,1,41.36,1156360,12.09,260546.0,25.023439,121.555343,六張犁站出口,267,有電梯_7樓以上
房地(土地+建物)+車位,信安街１６８號十樓之１,10.0,1.0,1,43.32,1117622,12.09,272953.0,25.023439,121.555343,六張犁站出口,267,有電梯_7樓以上
房地(土地+建物)+車位,信安街１６８號十一樓之１０,11.0,1.0,1,27.36,1185317,12.09,277089.0,25.023439,121.555343,六張犁站出口,267,有電梯_7樓以上
房地(土地+建物)+車位,重慶南路三段４３號二十樓,20.0,2.0,1,98.91,1564115,35.55,345992.0,25.027784,121.516205,中正紀念堂站出口2,554,有電梯_7樓以上
房地(土地+建物)+車位,磺港路１０８號十樓,10.0,1.0,1,59.32,808054,12.29,0.0,25.130327,121.5036,北投站出口2,450,有電梯_7樓以上
房地(土地+建物),興隆路二段２５２號十樓,10.0,29.0,1,26.15,720047,0.0,,25.000683,121.554258,萬芳醫院站出口,379,有電梯_7樓以上
房地(土地+建物)+車位,景華街１７６巷２號八樓,8.0,10.0,1,70.11,796281,13.26,196078.0,24.997167,121.548187,景美站出口2,812,有電梯_7樓以上
房地(土地+建物)+車位,民和街９８號十五樓,15.0,0.0,1,117.13,701050,30.55,271686.0,25.025484,121.497301,龍山寺站出口2,1099,有電梯_7樓以上
房地(土地+建物),溪洲街６５號十一樓之２,11.0,-1.0,1,26.25,851497,0.0,,25.005542,121.534937,萬隆站出口4,486,有電梯_7樓以上
房地(土地+建物)+車位,民和街９８號十三樓之３,13.0,0.0,1,41.35,780959,10.3,271845.0,25.025484,121.497301,龍山寺站出口2,1099,有電梯_7樓以上
房地(土地+建物)+車位,信安街１６８號十一樓之１１,11.0,0.0,1,28.76,1146135,12.09,277089.0,25.023439,121.555343,六張犁站出口,267,有電梯_7樓以上
房地(土地+建物)+車位,松高路８６號八樓,8.0,26.0,1,95.46,1034015,0.0,,25.038914,121.571598,永春站出口1,424,有電梯_7樓以上
房地(土地+建物)+車位,三合街一段８２巷１１２號九樓,9.0,5.0,1,41.29,887255,15.14,165125.0,25.129372,121.504627,奇岩站出口1,515,有電梯_7樓以上
房地(土地+建物)+車位,信安街１６８號十一樓之６,11.0,0.0,1,34.03,1180802,12.09,256410.0,25.023439,121.555343,六張犁站出口,267,有電梯_7樓以上
房地(土地+建物)+車位,信安街１６８號十樓之５,10.0,0.0,1,34.16,1149505,12.09,231596.0,25.023439,121.555343,六張犁站出口,267,有電梯_7樓以上
房地(土地+建物)+車位,民和街９８號十二樓之３,12.0,0.0,1,41.35,778704,10.3,262136.0,25.025484,121.497301,龍山寺站出口2,1099,有電梯_7樓以上
房地(土地+建物),南京西路４４８號八樓之３,8.0,0.0,1,27.06,973552,0.0,,25.053399,121.508272,北門站出口3,432,有電梯_7樓以上
房地(土地+建物)+車位,信安街１６８號十樓之６,10.0,0.0,1,34.03,1147977,12.09,231596.0,25.023439,121.555343,六張犁站出口,267,有電梯_7樓以上
房地(土地+建物)+車位,富山路７號十四樓,14.0,-1.0,1,29.04,783324,4.4,375000.0,24.988913,121.553704,萬芳醫院站出口,1233,有電梯_7樓以上
房地(土地+建物)+車位,民和街９６號八樓之２,8.0,0.0,1,75.91,685817,10.3,252427.0,25.025554,121.497575,龍山寺站出口2,1086,有電梯_7樓以上
房地(土地+建物)+車位,北科路１８８號十一樓,11.0,-1.0,1,65.53,1067539,9.7,309278.0,25.106999,121.513901,明德站出口3,572,有電梯_7樓以上
房地(土地+建物)+車位,民和街９８號九樓之３,9.0,0.0,1,41.35,722991,10.3,262136.0,25.025484,121.497301,龍山寺站出口2,1099,有電梯_7樓以上
房地(土地+建物)+車位,民和街１００號十四樓之２,14.0,0.0,1,54.06,726698,10.3,271845.0,25.02569,121.497323,龍山寺站出口2,1077,有電梯_7樓以上
房地(土地+建物)+車位,民和街９８號八樓之３,8.0,0.0,1,41.35,711719,10.3,233010.0,25.025484,121.497301,龍山寺站出口2,1099,有電梯_7樓以上
房地(土地+建物)+車位,民和街９８號八樓之２,8.0,-1.0,1,45.7,706124,10.3,242718.0,25.025484,121.497301,龍山寺站出口2,1099,有電梯_7樓以上
房地(土地+建物)+車位,北科路１８８號十二樓,12.0,-2.0,1,65.53,1074704,9.7,309278.0,25.106999,121.513901,明德站出口3,572,有電梯_7樓以上
房地(土地+建物)+車位,北科路１８６號十一樓,11.0,-2.0,1,55.23,1082749,9.7,340206.0,25.106938,121.513992,明德站出口3,568,有電梯_7樓以上
房地(土地+建物)+車位,信安街１６８號十樓之３,10.0,-1.0,1,41.42,1166148,12.09,277089.0,25.023439,121.555343,六張犁站出口,267,有電梯_7樓以上
房地(土地+建物)+車位,信安街１６８號十一樓之２,11.0,-1.0,1,26.52,1230400,12.09,256410.0,25.023439,121.555343,六張犁站出口,267,有電梯_7樓以上
房地(土地+建物)+車位,北科路１８６號八樓,8.0,-2.0,1,55.23,1060787,9.7,309278.0,25.106938,121.513992,明德站出口3,568,有電梯_7樓以上
房地(土地+建物)+車位,北科路１９２號十樓,10.0,-2.0,1,55.23,1016862,9.7,298969.0,25.10713,121.513673,明德站出口3,582,有電梯_7樓以上
房地(土地+建物)+車位,信安街１６８號十樓之８,10.0,-1.0,1,39.23,1155737,12.09,289495.0,25.023439,121.555343,六張犁站出口,267,有電梯_7樓以上
房地(土地+建物)+車位,信安街１６８號九樓之５,9.0,-1.0,1,34.12,1168805,12.09,285360.0,25.023439,121.555343,六張犁站出口,267,有電梯_7樓以上
房地(土地+建物)+車位,信安街１６８號十樓之２,10.0,-1.0,1,26.52,1226934,12.09,260546.0,25.023439,121.555343,六張犁站出口,267,有電梯_7樓以上
房地(土地+建物)+車位,民和街９８號十三樓之２,13.0,-1.0,1,45.7,738606,10.3,233010.0,25.025484,121.497301,龍山寺站出口2,1099,有電梯_7樓以上
房地(土地+建物)+車位,民和街９６號八樓之１,8.0,-1.0,1,71.57,665499,10.3,252427.0,25.025554,121.497575,龍山寺站出口2,1086,有電梯_7樓以上
房地(土地+建物)+車位,民和街９６號十四樓,14.0,-1.0,1,71.29,706674,10.3,262136.0,25.025554,121.497575,龍山寺站出口2,1086,有電梯_7樓以上
房地(土地+建物)+車位,民和街１００號十二樓之２,12.0,-1.0,1,54.06,709787,10.3,252427.0,25.02569,121.497323,龍山寺站出口2,1077,有電梯_7樓以上
房地(土地+建物),民和街１００號十二樓之１,12.0,-1.0,1,32.29,717586,0.0,,25.02569,121.497323,龍山寺站出口2,1077,有電梯_7樓以上
房地(土地+建物)+車位,民和街１００號十三樓之１,13.0,-1.0,1,42.59,725639,10.3,242718.0,25.02569,121.497323,龍山寺站出口2,1077,有電梯_7樓以上
房地(土地+建物)+車位,民和街９８號十一樓之３,11.0,-1.0,1,41.35,733618,10.3,242718.0,25.025484,121.497301,龍山寺站出口2,1099,有電梯_7樓以上
房地(土地+建物)+車位,民和街９８號十四樓之３,14.0,-1.0,1,41.35,744246,10.3,233010.0,25.025484,121.497301,龍山寺站出口2,1099,有電梯_7樓以上
房地(土地+建物)+車位,民和街９８號九樓之２,9.0,-1.0,1,45.7,689459,10.3,242718.0,25.025484,121.497301,龍山寺站出口2,1099,有電梯_7樓以上
房地(土地+建物)+車位,北科路１９２號八樓,8.0,-2.0,1,55.23,1012689,9.7,350515.0,25.10713,121.513673,明德站出口3,582,有電梯_7樓以上
房地(土地+建物)+車位,北科路１８６號十三樓,13.0,-2.0,1,55.23,1092852,9.7,371134.0,25.106938,121.513992,明德站出口3,568,有電梯_7樓以上
房地(土地+建物)+車位,民和街９８號十四樓之２,14.0,-1.0,1,45.7,749339,10.3,252427.0,25.025484,121.497301,龍山寺站出口2,1099,有電梯_7樓以上
房地(土地+建物),民和街１００號十三樓,13.0,-1.0,1,32.31,742255,0.0,,25.02569,121.497323,龍山寺站出口2,1077,有電梯_7樓以上
房地(土地+建物)+車位,民和街９８號十樓之１,10.0,-1.0,1,48.81,695956,10.3,223301.0,25.025484,121.497301,龍山寺站出口2,1099,有電梯_7樓以上
房地(土地+建物)+車位,北科路１８６號九樓,9.0,-2.0,1,64.93,1054198,19.4,345361.0,25.106938,121.513992,明德站出口3,568,有電梯_7樓以上
房地(土地+建物),民和街９８號十樓之３,10.0,-1.0,1,31.05,708177,0.0,,25.025484,121.497301,龍山寺站出口2,1099,有電梯_7樓以上
房地(土地+建物)+車位,民和街９８號十二樓之２,12.0,-1.0,1,45.7,723353,10.3,242718.0,25.025484,121.497301,龍山寺站出口2,1099,有電梯_7樓以上
房地(土地+建物)+車位,民和街９８號十一樓之２,11.0,-1.0,1,45.7,725331,10.3,242718.0,25.025484,121.497301,龍山寺站出口2,1099,有電梯_7樓以上
房地(土地+建物)+車位,民和街９６號十三樓之１,13.0,-1.0,1,71.57,691773,10.3,262136.0,25.025554,121.497575,龍山寺站出口2,1086,有電梯_7樓以上
房地(土地+建物)+車位,民和街９６號十樓之１,10.0,-1.0,1,71.57,666804,10.3,242718.0,25.025554,121.497575,龍山寺站出口2,1086,有電梯_7樓以上
房地(土地+建物)+車位,向陽路１９６巷９號八樓,8.0,-1.0,1,37.96,837480,8.73,252005.0,25.056903,121.593796,昆陽站出口3,701,有電梯_7樓以上
房地(土地+建物)+車位,向陽路１９６巷５號九樓,9.0,-2.0,1,49.99,787912,8.73,263459.0,25.056698,121.593794,昆陽站出口3,678,有電梯_7樓以上
房地(土地+建物)+車位,溪洲街６５號十四樓之１,14.0,-3.0,1,37.87,802038,12.06,207297.0,25.005542,121.534937,萬隆站出口4,486,有電梯_7樓以上
房地(土地+建物)+車位,向陽路１９６巷７號九樓,9.0,-2.0,1,49.99,765914,8.73,274914.0,25.05673,121.5939,昆陽站出口3,682,有電梯_7樓以上
房地(土地+建物)+車位,溪洲街６５號八樓之６,8.0,-3.0,1,39.46,570857,12.06,208955.0,25.005542,121.534937,萬隆站出口4,486,有電梯_7樓以上
房地(土地+建物)+車位,溪洲街６５號十四樓之２,14.0,-3.0,1,38.48,683865,12.06,208955.0,25.005542,121.534937,萬隆站出口4,486,有電梯_7樓以上
房地(土地+建物)+車位,溪洲街６５號十三樓之２,13.0,-3.0,1,38.31,788726,12.06,232172.0,25.005542,121.534937,萬隆站出口4,486,有電梯_7樓以上
房地(土地+建物)+車位,溪洲街６５號十五樓之２,15.0,-3.0,1,55.07,798832,28.91,190246.0,25.005542,121.534937,萬隆站出口4,486,有電梯_7樓以上
房地(土地+建物)+車位,溪洲街６５號十五樓之１,15.0,-3.0,1,37.69,803626,12.06,232172.0,25.005542,121.534937,萬隆站出口4,486,有電梯_7樓以上
房地(土地+建物)+車位,溪洲街６５號十四樓之６,14.0,-3.0,1,39.34,762395,12.06,232172.0,25.005542,121.534937,萬隆站出口4,486,有電梯_7樓以上
房地(土地+建物)+車位,富山路９號十四樓,14.0,-3.0,1,49.1,650085,12.8,203125.0,24.988947,121.553714,萬芳醫院站出口,1229,有電梯_7樓以上
房地(土地+建物)+車位,富山路５號十三樓,13.0,-3.0,1,69.02,651202,32.26,271234.0,24.988872,121.553694,萬芳醫院站出口,1238,有電梯_7樓以上
房地(土地+建物)+車位,溪洲街６５號十三樓之１,13.0,-3.0,1,37.96,772291,12.06,207297.0,25.005542,121.534937,萬隆站出口4,486,有電梯_7樓以上
房地(土地+建物)+車位,溪洲街６５號十三樓之５,13.0,-3.0,1,37.97,780617,11.13,238095.0,25.005542,121.534937,萬隆站出口4,486,有電梯_7樓以上
房地(土地+建物)+車位,溪洲街６５號十二樓之１,12.0,-3.0,1,37.96,762637,12.06,207297.0,25.005542,121.534937,萬隆站出口4,486,有電梯_7樓以上
房地(土地+建物)+車位,溪洲街６５號十二樓之２,12.0,-3.0,1,38.38,761677,12.06,207297.0,25.005542,121.534937,萬隆站出口4,486,有電梯_7樓以上
房地(土地+建物)+車位,富山路５號十一樓,11.0,-3.0,1,48.49,644674,11.73,221654.0,24.988872,121.553694,萬芳醫院站出口,1238,有電梯_7樓以上
房地(土地+建物)+車位,富山路７號十一樓,11.0,-3.0,1,29.04,645329,4.4,352273.0,24.988913,121.553704,萬芳醫院站出口,1233,有電梯_7樓以上
房地(土地+建物)+車位,溪洲街６５號八樓,8.0,-3.0,1,38.29,718567,12.06,207297.0,25.005542,121.534937,萬隆站出口4,486,有電梯_7樓以上
房地(土地+建物)+車位,溪洲街６５號八樓之７,8.0,-3.0,1,37.64,660689,12.06,194859.0,25.005542,121.534937,萬隆站出口4,486,有電梯_7樓以上
房地(土地+建物)+車位,詔安街５３號九樓之２,9.0,-3.0,1,38.82,535809,0.0,,25.025666,121.511718,中正紀念堂站出口2,998,有電梯_7樓以上
房地(土地+建物)+車位,詔安街５３號十一樓之２,11.0,-3.0,1,38.82,546156,0.0,,25.025666,121.511718,中正紀念堂站出口2,998,有電梯_7樓以上
房地(土地+建物)+車位,溪洲街６５號十二樓之６,12.0,-3.0,1,39.27,735028,12.06,232172.0,25.005542,121.534937,萬隆站出口4,486,有電梯_7樓以上
房地(土地+建物)+車位,溪洲街６５號十三樓之６,13.0,-3.0,1,39.68,648485,12.06,208955.0,25.005542,121.534937,萬隆站出口4,486,有電梯_7樓以上
房地(土地+建物)+車位,重慶北路四段１０８號十二樓,12.0,-3.0,1,49.57,580526,12.19,172272.0,25.082843,121.512788,劍潭站出口2,1206,有電梯_7樓以上
房地(土地+建物)+車位,溪洲街６５號九樓,9.0,-3.0,1,76.34,720341,12.06,208955.0,25.005542,121.534937,萬隆站出口4,486,有電梯_7樓以上
房地(土地+建物)+車位,溪洲街６５號十樓之１,10.0,-3.0,1,37.91,742787,12.06,194859.0,25.005542,121.534937,萬隆站出口4,486,有電梯_7樓以上
房地(土地+建物),溪洲街６５號十二樓之５,12.0,-3.0,1,27.0,740627,0.0,,25.005542,121.534937,萬隆站出口4,486,有電梯_7樓以上
房地(土地+建物)+車位,溪洲街６５號十五樓之５,15.0,-3.0,1,39.2,779285,12.06,194859.0,25.005542,121.534937,萬隆站出口4,486,有電梯_7樓以上
房地(土地+建物)+車位,溪洲街６５號十五樓之６,15.0,-3.0,1,39.46,753722,12.06,194859.0,25.005542,121.534937,萬隆站出口4,486,有電梯_7樓以上
房地(土地+建物)+車位,重慶北路四段１０８號十三樓,13.0,-3.0,1,49.57,585342,12.19,172272.0,25.082843,121.512788,劍潭站出口2,1206,有電梯_7樓以上
房地(土地+建物)+車位,富山路５號九樓,9.0,-3.0,1,48.49,641410,11.73,238704.0,24.988872,121.553694,萬芳醫院站出口,1238,有電梯_7樓以上
房地(土地+建物)+車位,重慶北路四段１０８號十三樓之３,13.0,-3.0,1,49.48,560485,12.19,139459.0,25.082843,121.512788,劍潭站出口2,1206,有電梯_7樓以上
房地(土地+建物)+車位,富山路９號十樓,10.0,-3.0,1,48.03,633610,11.73,204604.0,24.988947,121.553714,萬芳醫院站出口,1229,有電梯_7樓以上
房地(土地+建物)+車位,富山路９號十三樓,13.0,-3.0,1,48.03,649588,11.73,230179.0,24.988947,121.553714,萬芳醫院站出口,1229,有電梯_7樓以上
房地(土地+建物)+車位,市民大道七段１０號九樓之１,9.0,-3.0,1,49.63,1080032,10.21,284035.0,25.04884,121.580524,松山站出口4,278,有電梯_7樓以上
房地(土地+建物)+車位,溪洲街６５號九樓之６,9.0,-3.0,1,39.12,696559,12.06,194859.0,25.005542,121.534937,萬隆站出口4,486,有電梯_7樓以上
房地(土地+建物)+車位,詔安街５３號十樓之２,10.0,-3.0,1,38.82,543538,0.0,,25.025666,121.511718,中正紀念堂站出口2,998,有電梯_7樓以上
房地(土地+建物)+車位,溪洲街６５號九樓之２,9.0,-3.0,1,38.38,717989,12.06,207297.0,25.005542,121.534937,萬隆站出口4,486,有電梯_7樓以上
房地(土地+建物)+車位,溪洲街６５號九樓之５,9.0,-3.0,1,39.39,706084,12.06,207297.0,25.005542,121.534937,萬隆站出口4,486,有電梯_7樓以上
房地(土地+建物)+車位,三合街一段８２巷１２２號八樓,8.0,-3.0,1,38.27,702510,13.22,143722.0,25.129472,121.504399,奇岩站出口1,507,有電梯_7樓以上
房地(土地+建物)+車位,富山路７號十樓,10.0,-3.0,1,29.04,637212,4.4,409091.0,24.988913,121.553704,萬芳醫院站出口,1233,有電梯_7樓以上
房地(土地+建物),市民大道七段１０號十一樓之２,11.0,-3.0,1,15.26,1110667,0.0,,25.04884,121.580524,松山站出口4,278,有電梯_7樓以上
房地(土地+建物),市民大道七段１０號十樓之５,10.0,-3.0,1,23.67,1066861,0.0,,25.04884,121.580524,松山站出口4,278,有電梯_7樓以上
房地(土地+建物)+車位,溪洲街６５號十樓,10.0,-3.0,1,51.79,689598,12.06,194859.0,25.005542,121.534937,萬隆站出口4,486,有電梯_7樓以上
房地(土地+建物)+車位,溪洲街６５號十二樓之３,12.0,-3.0,1,47.55,747487,12.06,194859.0,25.005542,121.534937,萬隆站出口4,486,有電梯_7樓以上
房地(土地+建物)+車位,溪洲街６５號十四樓之５,14.0,-3.0,1,39.84,756062,12.06,219735.0,25.005542,121.534937,萬隆站出口4,486,有電梯_7樓以上
房地(土地+建物)+車位,詔安街５３號八樓,8.0,-3.0,1,44.29,556534,0.0,,25.025666,121.511718,中正紀念堂站出口2,998,有電梯_7樓以上
房地(土地+建物)+車位,詔安街５３號九樓,9.0,-3.0,1,44.29,566242,0.0,,25.025666,121.511718,中正紀念堂站出口2,998,有電梯_7樓以上
房地(土地+建物)+車位,詔安街５３號十一樓,11.0,-3.0,1,42.19,570046,0.0,,25.025666,121.511718,中正紀念堂站出口2,998,有電梯_7樓以上
房地(土地+建物)+車位,重慶北路四段１０８號十二樓之５,12.0,-3.0,1,49.48,591325,12.19,164069.0,25.082843,121.512788,劍潭站出口2,1206,有電梯_7樓以上
房地(土地+建物)+車位,溪洲街６５號十三樓之３,13.0,-3.0,1,47.07,762677,12.06,207297.0,25.005542,121.534937,萬隆站出口4,486,有電梯_7樓以上
房地(土地+建物)+車位,溪洲街６５號十五樓之３,15.0,-3.0,1,47.62,776245,12.06,207297.0,25.005542,121.534937,萬隆站出口4,486,有電梯_7樓以上
房地(土地+建物)+車位,溪洲街６５號十一樓之５,11.0,-3.0,1,37.94,741493,11.1,211712.0,25.005542,121.534937,萬隆站出口4,486,有電梯_7樓以上
房地(土地+建物)+車位,重慶北路四段１０８號十一樓,11.0,-3.0,1,49.57,584539,12.19,188679.0,25.082843,121.512788,劍潭站出口2,1206,有電梯_7樓以上
房地(土地+建物)+車位,富山路７號十二樓,12.0,-3.0,1,29.04,645329,4.4,352273.0,24.988913,121.553704,萬芳醫院站出口,1233,有電梯_7樓以上
房地(土地+建物)+車位,富山路５號十二樓,12.0,-3.0,1,52.89,639234,16.13,282083.0,24.988872,121.553694,萬芳醫院站出口,1238,有電梯_7樓以上
房地(土地+建物)+車位,富山路９號十一樓,11.0,-3.0,1,48.03,628927,11.73,204604.0,24.988947,121.553714,萬芳醫院站出口,1229,有電梯_7樓以上
房地(土地+建物),蘭州街８９巷１６號十二樓之３,12.0,-3.0,1,17.84,748819,0.0,,25.064328,121.515744,大橋頭站出口3,241,有電梯_7樓以上
房地(土地+建物)+車位,重慶北路四段１０８號十一樓之５,11.0,-3.0,1,49.48,587303,12.19,188679.0,25.082843,121.512788,劍潭站出口2,1206,有電梯_7樓以上
房地(土地+建物),市民大道七段１０號八樓,8.0,-3.0,1,34.93,1062136,0.0,,25.04884,121.580524,松山站出口4,278,有電梯_7樓以上
房地(土地+建物)+車位,市民大道七段１０號十樓,10.0,-3.0,1,44.25,1073587,9.32,300429.0,25.04884,121.580524,松山站出口4,278,有電梯_7樓以上
房地(土地+建物)+車位,市民大道七段１０號八樓之１,8.0,-3.0,1,49.63,1070393,10.21,274241.0,25.04884,121.580524,松山站出口4,278,有電梯_7樓以上
房地(土地+建物),市民大道七段１０號十四樓之１,14.0,-3.0,1,25.34,1079305,0.0,,25.04884,121.580524,松山站出口4,278,有電梯_7樓以上
房地(土地+建物),市民大道七段１０號十樓之２,10.0,-3.0,1,15.26,1104114,0.0,,25.04884,121.580524,松山站出口4,278,有電梯_7樓以上
房地(土地+建物)+車位,市民大道七段１０號十四樓之２,14.0,-3.0,1,34.03,1091435,10.21,264447.0,25.04884,121.580524,松山站出口4,278,有電梯_7樓以上
房地(土地+建物)+車位,市民大道七段１０號十樓之３,10.0,-3.0,1,31.68,1046460,6.26,303514.0,25.04884,121.580524,松山站出口4,278,有電梯_7樓以上
房地(土地+建物),市民大道七段１０號八樓之２,8.0,-3.0,1,15.26,1091009,0.0,,25.04884,121.580524,松山站出口4,278,有電梯_7樓以上
房地(土地+建物)+車位,溪洲街６５號十一樓,11.0,-4.0,1,52.78,687090,12.06,207297.0,25.005542,121.534937,萬隆站出口4,486,有電梯_7樓以上
房地(土地+建物)+車位,溪洲街６５號十樓之３,10.0,-4.0,1,47.55,732554,12.06,194859.0,25.005542,121.534937,萬隆站出口4,486,有電梯_7樓以上
房地(土地+建物)+車位,詔安街５３號十樓,10.0,-4.0,1,44.29,568952,0.0,,25.025666,121.511718,中正紀念堂站出口2,998,有電梯_7樓以上
房地(土地+建物),詔安街５３號八樓之１,8.0,-4.0,1,20.58,753304,0.0,,25.025666,121.511718,中正紀念堂站出口2,998,有電梯_7樓以上
房地(土地+建物),詔安街５３號九樓之１,9.0,-4.0,1,20.57,756331,0.0,,25.025666,121.511718,中正紀念堂站出口2,998,有電梯_7樓以上
房地(土地+建物),詔安街５３號十樓之１,10.0,-4.0,1,20.57,752443,0.0,,25.025666,121.511718,中正紀念堂站出口2,998,有電梯_7樓以上
房地(土地+建物),詔安街５３號十一樓之１,11.0,-4.0,1,20.57,754387,0.0,,25.025666,121.511718,中正紀念堂站出口2,998,有電梯_7樓以上
房地(土地+建物)+車位,溪洲街６５號十四樓之３,14.0,-4.0,1,45.99,702952,12.06,198176.0,25.005542,121.534937,萬隆站出口4,486,有電梯_7樓以上
房地(土地+建物)+車位,溪洲街６５號十五樓,15.0,-4.0,1,52.73,725277,12.06,207297.0,25.005542,121.534937,萬隆站出口4,486,有電梯_7樓以上
房地(土地+建物)+車位,重慶北路四段１０８號八樓,8.0,-4.0,1,49.57,558589,12.19,172272.0,25.082843,121.512788,劍潭站出口2,1206,有電梯_7樓以上
房地(土地+建物)+車位,詔安街５３號八樓之２,8.0,-4.0,1,39.62,537670,0.0,,25.025666,121.511718,中正紀念堂站出口2,998,有電梯_7樓以上
房地(土地+建物)+車位,溪洲街６５號十一樓之６,11.0,-4.0,1,39.89,695294,12.06,194859.0,25.005542,121.534937,萬隆站出口4,486,有電梯_7樓以上
房地(土地+建物)+車位,溪洲街６５號十樓之５,10.0,-4.0,1,39.24,719370,12.06,194859.0,25.005542,121.534937,萬隆站出口4,486,有電梯_7樓以上
房地(土地+建物)+車位,重慶北路四段１０８號十一樓之３,11.0,-4.0,1,55.93,683562,12.19,188679.0,25.082843,121.512788,劍潭站出口2,1206,有電梯_7樓以上
房地(土地+建物)+車位,重慶北路四段１０８號十二樓之１,12.0,-4.0,1,68.12,689687,24.38,159967.0,25.082843,121.512788,劍潭站出口2,1206,有電梯_7樓以上
房地(土地+建物)+車位,重慶北路四段１０８號八樓之５,8.0,-4.0,1,49.48,560485,12.19,172272.0,25.082843,121.512788,劍潭站出口2,1206,有電梯_7樓以上
房地(土地+建物)+車位,重慶北路四段１０８號十樓,10.0,-4.0,1,49.57,581329,12.19,200984.0,25.082843,121.512788,劍潭站出口2,1206,有電梯_7樓以上
房地(土地+建物)+車位,忠誠路二段９８巷７弄２號十一樓,11.0,-4.0,1,66.71,1150106,17.65,368272.0,25.113251,121.53012,明德站出口1,1188,有電梯_7樓以上
房地(土地+建物)+車位,忠誠路二段９８巷７弄６號十一樓,11.0,-4.0,1,75.89,1140401,8.83,396376.0,25.113335,121.530166,明德站出口1,1196,有電梯_7樓以上
房地(土地+建物)+車位,溪洲街６５號十四樓,14.0,-4.0,1,50.95,736706,12.06,207297.0,25.005542,121.534937,萬隆站出口4,486,有電梯_7樓以上
房地(土地+建物)+車位,溪洲街６５號九樓之３,9.0,-4.0,1,45.83,735311,12.06,194859.0,25.005542,121.534937,萬隆站出口4,486,有電梯_7樓以上
房地(土地+建物),溪洲街６５號十樓之６,10.0,-4.0,1,27.28,683590,0.0,,25.005542,121.534937,萬隆站出口4,486,有電梯_7樓以上
房地(土地+建物)+車位,溪洲街６５號十一樓之３,11.0,-4.0,1,47.55,732554,12.06,207297.0,25.005542,121.534937,萬隆站出口4,486,有電梯_7樓以上
房地(土地+建物)+車位,溪洲街６５號十一樓之１,11.0,-4.0,1,37.91,740853,12.06,207297.0,25.005542,121.534937,萬隆站出口4,486,有電梯_7樓以上
房地(土地+建物)+車位,溪洲街６５號十樓之２,10.0,-4.0,1,38.31,724249,12.06,194859.0,25.005542,121.534937,萬隆站出口4,486,有電梯_7樓以上
房地(土地+建物)+車位,基河路３１６號十一樓,11.0,-4.0,1,34.77,948608,9.66,320911.0,25.093944,121.518867,士林站出口1,715,有電梯_7樓以上
房地(土地+建物)+車位,基河路３０８號十八樓,18.0,-4.0,1,84.28,992845,19.31,321077.0,25.094107,121.518916,士林站出口1,710,有電梯_7樓以上
房地(土地+建物)+車位,基河路３０６號十八樓,18.0,-4.0,1,85.06,1012650,19.31,341792.0,25.094028,121.519001,士林站出口1,701,有電梯_7樓以上
房地(土地+建物)+車位,臨沂街２５巷１號九樓之１,9.0,-4.0,1,49.71,1365982,11.14,385996.0,25.041608,121.530675,忠孝新生站出口2,150,有電梯_7樓以上
房地(土地+建物)+車位,基河路３１０號九樓,9.0,-4.0,1,53.38,937487,9.66,310559.0,25.094162,121.518874,士林站出口1,714,有電梯_7樓以上
房地(土地+建物)+車位,基河路３１８號八樓,8.0,-4.0,1,34.77,919934,9.66,269151.0,25.094024,121.51879,士林站出口1,723,有電梯_7樓以上
房地(土地+建物)+車位,臨沂街２５巷１號十樓,10.0,-4.0,1,51.46,1431260,11.14,385996.0,25.041608,121.530675,忠孝新生站出口2,150,有電梯_7樓以上
房地(土地+建物)+車位,臨沂街２５巷１號八樓之１,8.0,-4.0,1,51.94,1348455,13.37,261780.0,25.041608,121.530675,忠孝新生站出口2,150,有電梯_7樓以上
房地(土地+建物)+車位,臨沂街２５巷１號十樓之１,10.0,-4.0,1,51.94,1387353,13.37,261780.0,25.041608,121.530675,忠孝新生站出口2,150,有電梯_7樓以上
房地(土地+建物)+車位,臨沂街２５巷１號八樓,8.0,-4.0,1,51.46,1401494,11.14,368043.0,25.041608,121.530675,忠孝新生站出口2,150,有電梯_7樓以上
房地(土地+建物)+車位,臨沂街２５巷１號九樓,9.0,-4.0,1,51.46,1413897,11.14,332136.0,25.041608,121.530675,忠孝新生站出口2,150,有電梯_7樓以上
房地(土地+建物)+車位,基河路３０２號十樓,10.0,-4.0,1,63.28,962057,19.31,300363.0,25.093978,121.519052,士林站出口1,696,有電梯_7樓以上
房地(土地+建物)+車位,明水路３８７號十樓之１,10.0,28.0,1,57.11,1330178,11.06,226040.0,25.077583,121.546364,大直站出口3,216,有電梯_7樓以上
房地(土地+建物)+車位,明德路２９２號八樓,8.0,9.0,1,31.15,993910,9.52,336134.0,25.115272,121.522423,石牌站出口2,651,有電梯_7樓以上
房地(土地+建物)+車位,虎林街１２０巷１２０號八樓,8.0,19.0,1,41.83,907969,0.0,,25.042084,121.574917,永春站出口1,123,有電梯_7樓以上
房地(土地+建物)+車位,中山北路五段７５７號十五樓,15.0,1.0,1,71.72,1050887,11.77,297366.0,25.099306,121.526646,芝山站出口1,506,有電梯_7樓以上
房地(土地+建物)+車位,內湖路三段２４２號八樓,8.0,11.0,1,80.51,565571,9.08,616740.0,25.088686,121.588075,內湖站出口1,831,有電梯_7樓以上
房地(土地+建物)+車位,忠誠路二段９８巷７弄６號十二樓,12.0,0.0,1,75.22,1205008,8.83,0.0,25.113335,121.530166,明德站出口1,1196,有電梯_7樓以上
房地(土地+建物),金山南路二段１４０號九樓之１,9.0,40.0,1,32.0,929558,0.0,,25.029363,121.526215,古亭站出口5,415,有電梯_7樓以上
房地(土地+建物)+車位,街８號十三樓之２,13.0,15.0,1,35.81,1038265,10.0,300000.0,25.05467,121.606829,南港站出口2,300,有電梯_7樓以上
房地(土地+建物),忠誠路二段９８巷７弄２號十樓,10.0,0.0,1,49.06,1335199,0.0,,25.113251,121.53012,明德站出口1,1188,有電梯_7樓以上
房地(土地+建物)+車位,仁愛路二段１６號十二樓,12.0,15.0,1,88.53,1211799,0.0,,25.038075,121.526242,東門站出口2,449,有電梯_7樓以上
房地(土地+建物)+車位,成功路四段１７８號十六樓之１,16.0,7.0,1,81.03,1087846,17.61,340716.0,25.083356,121.593582,內湖站出口1,81,有電梯_7樓以上
房地(土地+建物),國興路３０號十樓,10.0,46.0,1,13.94,738924,0.0,,25.024834,121.508114,小南門站出口3,1200,有電梯_7樓以上
房地(土地+建物)+車位,辛亥路二段１７１巷６弄１０號十九樓,19.0,42.0,1,68.85,961681,18.68,0.0,25.021984,121.54071,科技大樓站出口,549,有電梯_7樓以上
房地(土地+建物),重慶南路二段５９號十一樓,11.0,,1,18.35,714029,0.0,,25.030789,121.515047,中正紀念堂站出口2,370,有電梯_7樓以上
房地(土地+建物)+車位,松德路１０４號十樓之１,10.0,30.0,1,61.38,1033401,10.21,293830.0,25.037766,121.575024,永春站出口2,329,有電梯_7樓以上
房地(土地+建物),天母北路１０５巷１５弄１號十一樓之２,11.0,29.0,1,14.75,791709,0.0,,25.124083,121.527458,石牌站出口1,1593,有電梯_7樓以上
房地(土地+建物)+車位,成功路五段４０８號十三樓之１,13.0,24.0,1,64.72,1024502,11.04,0.0,25.075954,121.607603,葫洲站出口2,382,有電梯_7樓以上
房地(土地+建物)+車位,承德路四段２巷２１號十樓,10.0,0.0,1,56.37,1059825,12.35,255061.0,25.079321,121.520326,劍潭站出口2,626,有電梯_7樓以上
房地(土地+建物)+車位,重慶南路三段６３號九樓之１,9.0,12.0,1,37.72,831281,11.85,210970.0,25.026572,121.516316,古亭站出口7,558,有電梯_7樓以上
房地(土地+建物)+車位,大坑街４５０號十二樓之５,12.0,1.0,1,27.7,1360032,11.69,256630.0,25.040642,121.620975,南港展覽館站出口7,1516,有電梯_7樓以上
建物,成都路６７號九樓之１３,9.0,30.0,1,8.57,478424,0.0,,25.042912,121.505693,西門站出口6,196,有電梯_7樓以上
房地(土地+建物)+車位,文林北路８８號十八樓,18.0,12.0,1,219.28,836902,71.26,210497.0,25.105505,121.518022,明德站出口1,437,有電梯_7樓以上
房地(土地+建物),福德街４７３號八樓,8.0,26.0,1,38.86,622297,0.0,,25.039141,121.592801,後山埤站出口3,1174,有電梯_7樓以上
房地(土地+建物)+車位,忠誠路二段９８巷７弄８號十一樓,11.0,0.0,1,95.96,1359863,17.65,407932.0,25.113289,121.530265,明德站出口1,1204,有電梯_7樓以上
房地(土地+建物)+車位,西園路二段３７號十樓之３,10.0,2.0,1,54.11,819962,10.16,285433.0,25.03182,121.497409,龍山寺站出口2,438,有電梯_7樓以上
房地(土地+建物),天母東路７０號十一樓,11.0,35.0,1,37.83,806226,0.0,,25.117973,121.535041,明德站出口2,1866,有電梯_7樓以上
房地(土地+建物)+車位,建國南路一段３０８號八樓,8.0,7.0,1,88.04,1195779,24.82,282031.0,25.035567,121.537427,大安森林公園站出口6,259,有電梯_7樓以上
房地(土地+建物),敦化南路二段１２８號十五樓,15.0,46.0,1,33.86,1033798,0.0,,25.026092,121.548377,科技大樓站出口,478,有電梯_7樓以上
房地(土地+建物),幽雅路７號八樓之３,8.0,16.0,1,28.51,455923,0.0,,25.137316,121.513129,新北投站出口1,968,有電梯_7樓以上
房地(土地+建物)+車位,秀明路二段３號十三樓,13.0,18.0,1,91.46,778574,24.82,201450.0,24.992144,121.574201,木柵站出口,675,有電梯_7樓以上
房地(土地+建物),中華路二段５０４巷１８號十二樓之２,12.0,46.0,1,19.08,746672,0.0,,25.025293,121.507869,小南門站出口3,1157,有電梯_7樓以上
房地(土地+建物),文林路７６５號十樓之５,10.0,44.0,1,44.29,619836,0.0,,25.103292,121.518965,芝山站出口2,345,有電梯_7樓以上
房地(土地+建物),忠孝東路四段５００號八樓之３,8.0,47.0,1,50.41,1016632,0.0,,25.040967,121.5617,國父紀念館站出口4,319,有電梯_7樓以上
房地(土地+建物)+車位,重慶北路四段２２２號十一樓之３,11.0,7.0,1,33.08,765820,5.66,0.0,25.085867,121.511468,劍潭站出口2,1368,有電梯_7樓以上
房地(土地+建物)+車位,中山北路六段４０５巷８８號八樓,8.0,1.0,1,82.42,1216675,17.9,446927.0,25.117201,121.526575,石牌站出口2,1117,有電梯_7樓以上
房地(土地+建物)+車位,經貿二路２３５巷２９號十八樓,18.0,10.0,1,204.35,865589,33.37,359604.0,25.061246,121.616227,南港軟體園區站出口1,103,有電梯_7樓以上
房地(土地+建物)+車位,後港街１３４巷２號十五樓,15.0,0.0,1,9.51,788821,1.72,0.0,25.086933,121.52114,劍潭站出口1,458,有電梯_7樓以上
房地(土地+建物)+車位,景福街６８號十一樓,11.0,26.0,1,44.14,670536,0.0,,24.998968,121.537279,萬隆站出口1,313,有電梯_7樓以上
房地(土地+建物)+車位,東山路１３８號九樓,9.0,22.0,1,103.1,876898,17.57,0.0,25.112118,121.539488,芝山站出口2,1957,有電梯_7樓以上
房地(土地+建物)+車位,興隆路三段３２１號八樓,8.0,8.0,1,82.28,498299,0.0,,24.991774,121.558982,萬芳醫院站出口,855,有電梯_7樓以上
建物,成都路６７號八樓之４,8.0,30.0,1,10.2,490182,0.0,,25.042912,121.505693,西門站出口6,196,有電梯_7樓以上
房地(土地+建物)+車位,後港街１３４巷６號十二樓,12.0,0.0,1,14.08,1060017,3.82,0.0,25.086925,121.521053,劍潭站出口1,466,有電梯_7樓以上
房地(土地+建物)+車位,民和街９８號十一樓之２,11.0,1.0,1,45.7,869945,10.3,291262.0,25.025484,121.497301,龍山寺站出口2,1099,有電梯_7樓以上
房地(土地+建物)+車位,南京東路四段５３巷３弄１２號八樓,8.0,23.0,1,79.1,1260976,12.39,242131.0,25.052402,121.550522,台北小巨蛋站出口2,94,有電梯_7樓以上
房地(土地+建物)+車位,中山北路六段４４１巷３０號十樓之３,10.0,1.0,1,53.48,1388399,10.62,329567.0,25.11709,121.526959,明德站出口2,1143,有電梯_7樓以上
房地(土地+建物)+車位,中山北路六段４４１巷３０號十四樓,14.0,1.0,1,64.06,1461664,21.23,339143.0,25.11709,121.526959,明德站出口2,1143,有電梯_7樓以上
房地(土地+建物)+車位,中山北路六段４４１巷３０號十四樓之１,14.0,1.0,1,104.32,1452682,31.84,339196.0,25.11709,121.526959,明德站出口2,1143,有電梯_7樓以上
房地(土地+建物)+車位,星雲街１２５號十樓之１,10.0,20.0,1,66.65,1057234,8.48,294811.0,25.080473,121.595612,內湖站出口2,366,有電梯_7樓以上
房地(土地+建物)+車位,星雲街１２５號十樓,10.0,20.0,1,63.83,1056884,8.48,294811.0,25.080473,121.595612,內湖站出口2,366,有電梯_7樓以上
房地(土地+建物),信義路五段１５０巷８號十五樓之１,15.0,27.0,1,45.97,1033195,0.0,,25.027899,121.570781,象山站出口2,505,有電梯_7樓以上
房地(土地+建物)+車位,仁愛路四段１５１巷２０號十樓,10.0,35.0,1,54.75,1261231,10.75,465116.0,25.039721,121.551673,忠孝敦化站出口3,180,有電梯_7樓以上
房地(土地+建物)+車位,健康路３２５巷２４弄１３號八樓,8.0,18.0,1,47.46,750119,0.0,,25.056665,121.568022,南京三民站出口4,656,有電梯_7樓以上
房地(土地+建物)+車位,中山北路六段１９５巷１５號十九樓,19.0,5.0,1,126.31,1369463,20.42,342801.0,25.107704,121.524096,芝山站出口2,465,有電梯_7樓以上
房地(土地+建物),安和路一段９０巷１號十樓,10.0,47.0,1,61.62,990000,0.0,,25.034735,121.55215,信義安和站出口1,158,有電梯_7樓以上
房地(土地+建物)+車位,羅斯福路六段１６６巷５號十樓,10.0,2.0,1,46.72,979854,12.8,144531.0,24.994855,121.540347,景美站出口2,231,有電梯_7樓以上
房地(土地+建物)+車位,南港路二段３８巷２０號九樓,9.0,15.0,1,63.52,1144273,14.32,174581.0,25.055358,121.604593,南港站出口1,422,有電梯_7樓以上
房地(土地+建物),延平北路六段３９２巷６號八樓之２,8.0,19.0,1,15.25,634670,0.0,,25.091575,121.501053,三和國中站出口2,2187,有電梯_7樓以上
房地(土地+建物),和平東路二段２６５巷２５弄５號十二樓,12.0,39.0,1,39.1,792878,0.0,,25.027127,121.544472,科技大樓站出口,137,有電梯_7樓以上
房地(土地+建物),和平東路四段６６巷３９號八樓,8.0,27.0,1,61.23,522655,0.0,,25.005505,121.565006,辛亥站出口,806,有電梯_7樓以上
房地(土地+建物),長春路３４９號十一樓,11.0,37.0,1,65.84,1014549,0.0,,25.054879,121.545327,南京復興站出口7,276,有電梯_7樓以上
房地(土地+建物),延平北路五段５０號九樓,9.0,11.0,1,43.4,633690,0.0,,25.080185,121.511019,圓山站出口2,1309,有電梯_7樓以上
房地(土地+建物),西安街二段３７１號八樓,8.0,31.0,1,35.71,694482,0.0,,25.12075,121.503788,唭哩岸站出口2,212,有電梯_7樓以上
房地(土地+建物),安和路一段１０１號十三樓之２,13.0,44.0,1,39.59,1048294,0.0,,25.035811,121.552699,信義安和站出口1,271,有電梯_7樓以上
房地(土地+建物),瑞安街１４２巷８號十一樓之１,11.0,17.0,1,14.41,1387821,0.0,,25.029699,121.541753,大安站出口3,398,有電梯_7樓以上
房地(土地+建物)+車位,興隆路二段２５２號十四樓之１,14.0,30.0,1,44.31,699273,10.99,0.0,25.000683,121.554258,萬芳醫院站出口,379,有電梯_7樓以上
房地(土地+建物)+車位,辛亥路四段７７巷９２弄９號十三樓之８,13.0,21.0,1,12.41,483656,0.0,,25.008779,121.561219,辛亥站出口,587,有電梯_7樓以上
房地(土地+建物),內湖路一段９１巷８１號九樓,9.0,0.0,1,22.55,949073,0.0,,25.089171,121.56254,劍南路站出口1,832,有電梯_7樓以上
房地(土地+建物)+車位,木柵路四段１３９號十四樓,14.0,14.0,1,48.81,907922,6.96,0.0,24.99857,121.573753,木柵站出口,56,有電梯_7樓以上
房地(土地+建物)+車位,內湖路一段９１巷８３號九樓,9.0,0.0,1,27.33,900179,2.0,1000000.0,25.089157,121.562594,劍南路站出口1,836,有電梯_7樓以上
房地(土地+建物)+車位,內湖路一段９１巷８１號八樓,8.0,0.0,1,24.55,948186,2.0,1000000.0,25.089171,121.56254,劍南路站出口1,832,有電梯_7樓以上
房地(土地+建物),基河路１２８號八樓之９,8.0,28.0,1,8.51,852008,0.0,,25.088648,121.523185,劍潭站出口1,449,有電梯_7樓以上
房地(土地+建物)+車位,民和街１００號八樓之２,8.0,1.0,1,54.06,759834,10.3,0.0,25.02569,121.497323,龍山寺站出口2,1077,有電梯_7樓以上
房地(土地+建物),國興路１７號十一樓之１,11.0,37.0,1,26.96,764130,0.0,,25.026859,121.505461,龍山寺站出口3,1028,有電梯_7樓以上
房地(土地+建物),青年路３０巷５號十二樓,12.0,37.0,1,33.25,649668,0.0,,25.026488,121.504958,龍山寺站出口3,1049,有電梯_7樓以上
房地(土地+建物)+車位,敬業三路１６２巷１９號十二樓,12.0,24.0,1,47.04,790839,0.0,,25.078722,121.557459,劍南路站出口3,638,有電梯_7樓以上
房地(土地+建物),民生東路三段８８巷１２號十五樓之１,15.0,38.0,1,35.27,949940,0.0,,25.057194,121.542554,中山國中站出口,429,有電梯_7樓以上
房地(土地+建物),民和街１００號八樓,8.0,1.0,1,32.31,708207,0.0,,25.02569,121.497323,龍山寺站出口2,1077,有電梯_7樓以上
房地(土地+建物),興隆路二段２０３巷９８號八樓,8.0,27.0,1,25.19,740796,0.0,,25.003052,121.546925,萬隆站出口2,762,有電梯_7樓以上
房地(土地+建物)+車位,明水路４３３號九樓,9.0,30.0,1,42.59,1213632,10.33,0.0,25.077503,121.549211,大直站出口3,309,有電梯_7樓以上
房地(土地+建物),青年路１２號十二樓,12.0,38.0,1,30.63,756822,0.0,,25.026038,121.5059,龍山寺站出口3,1129,有電梯_7樓以上
房地(土地+建物)+車位,敦化南路二段１００號十樓之１,10.0,39.0,1,73.68,1127917,18.27,301040.0,25.027901,121.548385,科技大樓站出口,516,有電梯_7樓以上
房地(土地+建物)+車位,康寧路三段２５號十二樓之１,12.0,17.0,1,59.45,958597,11.99,208507.0,25.072813,121.607292,葫洲站出口2,32,有電梯_7樓以上
房地(土地+建物)+車位,民和街１００號八樓之１,8.0,1.0,1,42.24,805233,9.95,0.0,25.02569,121.497323,龍山寺站出口2,1077,有電梯_7樓以上
房地(土地+建物),興隆路四段１３３號九樓之３,9.0,29.0,1,14.99,716910,0.0,,24.985418,121.561544,萬芳醫院站出口,1600,有電梯_7樓以上
房地(土地+建物)+車位,街６號八樓之３,8.0,15.0,1,44.1,976368,5.0,300000.0,25.05467,121.606829,南港站出口2,300,有電梯_7樓以上
房地(土地+建物)+車位,天母北路５６號二十一樓之１,21.0,4.0,1,34.97,1100208,11.73,213129.0,25.121533,121.52636,石牌站出口1,1336,有電梯_7樓以上
房地(土地+建物),中和街３９８巷５弄２號八樓之４,8.0,29.0,1,10.34,590147,0.0,,25.143861,121.498676,新北投站出口2,869,有電梯_7樓以上
房地(土地+建物)+車位,政大二街２１５巷２２號八樓,8.0,21.0,1,41.75,462231,0.0,,24.989189,121.587632,動物園站出口1,1275,有電梯_7樓以上
房地(土地+建物)+車位,三福街９巷２號十樓之２,10.0,14.0,1,60.3,847897,10.76,278810.0,24.997784,121.542621,萬隆站出口2,516,有電梯_7樓以上
房地(土地+建物)+車位,通北街１３２巷３號九樓,9.0,25.0,1,43.49,864523,16.31,153280.0,25.084553,121.53745,大直站出口1,1062,有電梯_7樓以上
房地(土地+建物)+車位,重慶南路三段３９號八樓,8.0,3.0,1,72.81,1320085,11.85,303797.0,25.027989,121.516065,中正紀念堂站出口2,539,有電梯_7樓以上
房地(土地+建物)+車位,大安路二段８２號八樓之１,8.0,3.0,1,99.24,1453879,0.0,,25.031559,121.545821,大安站出口4,255,有電梯_7樓以上
房地(土地+建物),市民大道六段１０８號八樓之２,8.0,2.0,1,10.13,1347388,0.0,,25.049134,121.57254,松山站出口2,391,有電梯_7樓以上
房地(土地+建物),中正路７０７巷１５之１號十二樓,12.0,41.0,1,31.36,561168,0.0,,25.085321,121.506925,劍潭站出口2,1810,有電梯_7樓以上
房地(土地+建物)+車位,重慶南路三段３５號十六樓,16.0,3.0,1,94.91,1510649,23.7,312236.0,25.02813,121.516023,中正紀念堂站出口2,526,有電梯_7樓以上
房地(土地+建物),忠孝東路六段１４４號九樓,9.0,32.0,1,38.56,715831,0.0,,25.048075,121.585663,後山埤站出口3,397,有電梯_7樓以上
房地(土地+建物)+車位,大度路三段２９５號十一樓之１,11.0,16.0,1,62.95,639361,12.12,206271.0,25.122922,121.466774,關渡站出口1,282,有電梯_7樓以上
房地(土地+建物),興隆路三段１３７號九樓之１１,9.0,16.0,1,9.19,800613,0.0,,24.998332,121.55878,萬芳醫院站出口,157,有電梯_7樓以上
房地(土地+建物)+車位,成功路五段４５０巷２１弄２７號十樓,10.0,25.0,1,65.33,988055,9.92,252016.0,25.073677,121.608276,葫洲站出口1,131,有電梯_7樓以上
房地(土地+建物)+車位,南京東路五段１５８號十樓,10.0,40.0,1,46.94,656215,0.0,,25.051204,121.562955,南京三民站出口2,12,有電梯_7樓以上
房地(土地+建物),福德街３７３巷２７號十四樓,14.0,26.0,1,38.71,666480,0.0,,25.039354,121.59158,後山埤站出口3,1062,有電梯_7樓以上
房地(土地+建物)+車位,信安街１６８號十樓之３,10.0,1.0,1,41.42,1343457,12.09,0.0,25.023439,121.555343,六張犁站出口,267,有電梯_7樓以上
房地(土地+建物)+車位,富山路９號八樓,8.0,0.0,1,48.03,801654,11.73,247229.0,24.988947,121.553714,萬芳醫院站出口,1229,有電梯_7樓以上
房地(土地+建物),民權東路三段１４２號十二樓之３,12.0,40.0,1,17.03,864320,0.0,,25.061723,121.546856,中山國中站出口,306,有電梯_7樓以上
房地(土地+建物)+車位,信安街１６８號九樓之７,9.0,1.0,1,41.23,1304195,12.09,289495.0,25.023439,121.555343,六張犁站出口,267,有電梯_7樓以上
房地(土地+建物),永興路二段３８號九樓,9.0,11.0,1,31.08,633811,0.0,,25.140064,121.502359,新北投站出口2,359,有電梯_7樓以上
房地(土地+建物)+車位,松德路１０６號十二樓,12.0,30.0,1,73.83,989947,11.83,253593.0,25.037733,121.574976,永春站出口2,333,有電梯_7樓以上
房地(土地+建物)+車位,西園路二段３７號八樓之３,8.0,2.0,1,54.11,800162,10.16,285433.0,25.03182,121.497409,龍山寺站出口2,438,有電梯_7樓以上
房地(土地+建物),木柵路二段１０９巷１００弄９號八樓,8.0,31.0,1,26.64,593000,0.0,,24.991337,121.562673,萬芳社區站出口,991,有電梯_7樓以上
房地(土地+建物)+車位,松智路３１巷２號十一樓,11.0,26.0,1,51.08,1080265,0.0,,25.030854,121.565822,台北101/世貿站出口4,297,有電梯_7樓以上
房地(土地+建物)+車位,西安街二段３４５號八樓,8.0,20.0,1,25.94,822414,1.76,1022727.0,25.120708,121.505389,唭哩岸站出口2,53,有電梯_7樓以上
房地(土地+建物)+車位,市民大道三段１８８號二十樓,20.0,9.0,1,113.24,1526924,15.0,533333.0,25.044427,121.538095,忠孝新生站出口3,533,有電梯_7樓以上
房地(土地+建物),指南路三段２６號八樓之５,8.0,16.0,1,14.57,719516,0.0,,24.983108,121.579933,動物園站出口2,1654,有電梯_7樓以上
房地(土地+建物),幽雅路７號十一樓之８,11.0,16.0,1,18.62,472716,0.0,,25.137316,121.513129,新北投站出口1,968,有電梯_7樓以上
房地(土地+建物)+車位,建國北路三段７１號十四樓,14.0,9.0,1,30.68,904306,8.01,337079.0,25.065123,121.537204,行天宮站出口4,678,有電梯_7樓以上
房地(土地+建物)+車位,文湖街２１巷８５號十一樓,11.0,9.0,1,101.24,492673,0.0,,25.090957,121.559369,劍南路站出口1,731,有電梯_7樓以上
房地(土地+建物)+車位,福美路１７２號十一樓,11.0,7.0,1,59.34,792956,13.21,0.0,25.10083,121.506288,明德站出口3,1598,有電梯_7樓以上
房地(土地+建物)+車位,西園路二段３７號十樓之１,10.0,2.0,1,72.88,827307,10.16,275591.0,25.03182,121.497409,龍山寺站出口2,438,有電梯_7樓以上
房地(土地+建物)+車位,建國北路三段７１號十三樓之８,13.0,9.0,1,34.67,1058033,8.01,0.0,25.065123,121.537204,行天宮站出口4,678,有電梯_7樓以上
房地(土地+建物)+車位,富山路５號八樓,8.0,0.0,1,49.56,838892,12.8,238281.0,24.988872,121.553694,萬芳醫院站出口,1238,有電梯_7樓以上
房地(土地+建物),福德街３７３巷３５號十五樓之１,15.0,26.0,1,38.86,599649,0.0,,25.039079,121.591769,後山埤站出口3,1095,有電梯_7樓以上
房地(土地+建物),辛亥路四段７７巷９２弄１１號十三樓之３,13.0,21.0,1,17.09,748790,0.0,,25.008661,121.561555,辛亥站出口,603,有電梯_7樓以上
房地(土地+建物)+車位,西園路二段２８１巷３０之３號八樓之１,8.0,24.0,1,54.69,657469,12.41,201450.0,25.023936,121.492003,龍山寺站出口2,1470,有電梯_7樓以上
房地(土地+建物),重陽路５７巷９０號九樓,9.0,17.0,1,27.55,841962,0.0,,25.058717,121.595286,昆陽站出口3,918,有電梯_7樓以上
房地(土地+建物)+車位,永吉路２２５巷２９號十一樓,11.0,14.0,1,27.96,1224663,2.97,673401.0,25.047274,121.574422,松山站出口2,371,有電梯_7樓以上
房地(土地+建物)+車位,興隆路四段７４巷２１弄６號八樓之１,8.0,27.0,1,44.92,609117,12.9,0.0,24.983328,121.560517,大坪林站出口5,1745,有電梯_7樓以上
房地(土地+建物)+車位,南京東路四段１１２號十四樓,14.0,14.0,1,102.38,1172640,26.48,0.0,25.05143,121.554695,台北小巨蛋站出口4,181,有電梯_7樓以上
房地(土地+建物)+車位,磺港路１３２號十三樓,13.0,10.0,1,79.41,888671,19.55,0.0,25.12935,121.502686,北投站出口2,398,有電梯_7樓以上
房地(土地+建物)+車位,行善路３３３巷６８號八樓,8.0,14.0,1,83.57,905334,7.8,0.0,25.061563,121.585733,昆陽站出口2,1432,有電梯_7樓以上
房地(土地+建物)+車位,木柵路四段９巷１６號十三樓,13.0,26.0,1,54.6,576911,0.0,,24.992946,121.570529,木柵站出口,650,有電梯_7樓以上
房地(土地+建物),福德街３９３號十五樓,15.0,26.0,1,40.16,659863,0.0,,25.040897,121.591448,後山埤站出口3,954,有電梯_7樓以上
房地(土地+建物),敦化南路一段１０２號十一樓之４,11.0,47.0,1,34.31,1020036,0.0,,25.046107,121.548535,忠孝敦化站出口8,469,有電梯_7樓以上
房地(土地+建物)+車位,內湖路三段６０巷２９號十四樓,14.0,7.0,1,65.25,1029301,16.69,299581.0,25.088339,121.593084,內湖站出口1,525,有電梯_7樓以上
房地(土地+建物)+車位,明德路２８號十二樓,12.0,8.0,1,92.91,903254,26.7,224719.0,25.107193,121.518087,明德站出口1,258,有電梯_7樓以上
房地(土地+建物),忠誠路一段１１３號十二樓,12.0,35.0,1,38.11,799813,0.0,,25.105121,121.528798,芝山站出口2,666,有電梯_7樓以上
房地(土地+建物),辛亥路四段７７巷９２弄９號十樓之７,10.0,21.0,1,16.04,779226,0.0,,25.008779,121.561219,辛亥站出口,587,有電梯_7樓以上
房地(土地+建物)+車位,民生東路二段９３巷１７號八樓,8.0,3.0,1,58.46,1247548,11.32,0.0,25.058672,121.531057,行天宮站出口1,210,有電梯_7樓以上
房地(土地+建物),信義路五段１５０巷３３０號九樓之８,9.0,15.0,1,9.96,1142073,0.0,,25.026533,121.570157,象山站出口2,650,有電梯_7樓以上
房地(土地+建物)+車位,明水路４３３號八樓,8.0,30.0,1,42.59,1146983,10.33,290416.0,25.077503,121.549211,大直站出口3,309,有電梯_7樓以上
房地(土地+建物)+車位,港墘路１２７巷１６弄９號十一樓,11.0,27.0,1,39.87,974534,4.46,336323.0,25.077884,121.577361,港墘站出口1,295,有電梯_7樓以上
房地(土地+建物),松山路６２８號九樓之２,9.0,26.0,1,27.81,948621,0.0,,25.035439,121.578673,永春站出口4,622,有電梯_7樓以上
房地(土地+建物)+車位,哈密街５９巷７８弄６號十一樓之１,11.0,26.0,1,56.47,572657,0.0,,25.075628,121.515188,圓山站出口2,655,有電梯_7樓以上
房地(土地+建物)+車位,南京東路三段８９巷２７弄１號十四樓,14.0,15.0,1,66.27,1350112,20.95,381862.0,25.053745,121.537761,松江南京站出口5,425,有電梯_7樓以上
房地(土地+建物)+車位,成功路四段１８０號二十二樓之２,22.0,6.0,1,72.1,1101087,8.8,0.0,25.083593,121.593902,內湖站出口1,40,有電梯_7樓以上
房地(土地+建物)+車位,中山北路六段４４１巷３０號十六樓,16.0,0.0,1,54.29,1518140,10.62,329567.0,25.11709,121.526959,明德站出口2,1143,有電梯_7樓以上
房地(土地+建物)+車位,中山北路六段４４１巷３０號十二樓之２,12.0,0.0,1,101.85,1388843,31.86,338983.0,25.11709,121.526959,明德站出口2,1143,有電梯_7樓以上
房地(土地+建物),康寧路一段２９０號九樓之５,9.0,33.0,1,14.38,883120,0.0,,25.078357,121.597842,內湖站出口2,671,有電梯_7樓以上
房地(土地+建物),遼寧街２１１號十五樓之３,15.0,38.0,1,29.64,933233,0.0,,25.055216,121.542458,南京復興站出口1,290,有電梯_7樓以上
房地(土地+建物)+車位,公路４１８號十一樓之１,11.0,26.0,1,46.52,762295,10.7,233645.0,25.132303,121.502681,北投站出口2,379,有電梯_7樓以上
房地(土地+建物)+車位,木柵路四段１４１號十樓,10.0,14.0,1,47.48,688329,0.0,,24.998222,121.573873,木柵站出口,46,有電梯_7樓以上
房地(土地+建物)+車位,汀州路四段１９１號十五樓,15.0,14.0,1,77.8,715856,21.79,110142.0,25.003649,121.535826,萬隆站出口4,297,有電梯_7樓以上
房地(土地+建物)+車位,汀州路四段１９７號十五樓,15.0,14.0,1,100.22,716655,43.57,158366.0,25.003555,121.535826,萬隆站出口4,293,有電梯_7樓以上
房地(土地+建物)+車位,重慶南路三段４１號十五樓,15.0,3.0,1,91.78,1509682,23.7,312236.0,25.027876,121.516179,中正紀念堂站出口2,546,有電梯_7樓以上
房地(土地+建物),萬美街二段５５號八樓,8.0,29.0,1,44.09,399217,0.0,,25.005177,121.564179,辛亥站出口,721,有電梯_7樓以上
房地(土地+建物),建國南路一段１６０號九樓,9.0,48.0,1,54.58,835471,0.0,,25.041062,121.536977,忠孝新生站出口3,342,有電梯_7樓以上
房地(土地+建物)+車位,信義路五段１５０巷３３０號十三樓之６,13.0,15.0,1,24.34,1291072,13.2,0.0,25.026533,121.570157,象山站出口2,650,有電梯_7樓以上
房地(土地+建物)+車位,政大二街１３７號十樓,10.0,28.0,1,56.17,363195,0.0,,24.989773,121.584732,動物園站出口2,1062,有電梯_7樓以上
房地(土地+建物),青年路３２號九樓之２,9.0,37.0,1,40.24,751824,0.0,,25.025664,121.504683,龍山寺站出口3,1128,有電梯_7樓以上
房地(土地+建物),敦化南路一段５７號八樓之１２,8.0,48.0,1,33.76,1081098,0.0,,25.04578,121.549265,忠孝敦化站出口8,428,有電梯_7樓以上
房地(土地+建物),遼寧街２２３號十樓之１,10.0,38.0,1,25.62,1021790,0.0,,25.055443,121.542291,南京復興站出口1,314,有電梯_7樓以上
房地(土地+建物)+車位,忠誠路二段３號十一樓,11.0,38.0,1,71.76,898520,14.11,212615.0,25.108704,121.530681,芝山站出口2,999,有電梯_7樓以上
房地(土地+建物),復興南路二段１５１巷４２號十三樓,13.0,39.0,1,26.28,900472,0.0,,25.028063,121.545699,科技大樓站出口,297,有電梯_7樓以上
房地(土地+建物)+車位,寶興街１４０巷５號十三樓之１,13.0,2.0,1,31.14,1005798,11.65,0.0,25.024467,121.494565,龍山寺站出口2,1295,有電梯_7樓以上
房地(土地+建物)+車位,萬大路６２８號十三樓之３,13.0,14.0,1,40.29,517869,12.29,227828.0,25.01695,121.495556,橋和站出口,1452,有電梯_7樓以上
房地(土地+建物)+車位,康樂街１１６號八樓之４,8.0,30.0,1,41.58,688373,10.35,241546.0,25.071071,121.619057,東湖站出口3,842,有電梯_7樓以上
房地(土地+建物)+車位,信義路四段１５５號二十樓之１,20.0,39.0,1,59.5,1133344,10.26,292398.0,25.033441,121.550045,信義安和站出口2,235,有電梯_7樓以上
房地(土地+建物)+車位,文湖街３３號十一樓,11.0,14.0,1,94.84,923868,16.37,366524.0,25.08667,121.561358,劍南路站出口3,593,有電梯_7樓以上
房地(土地+建物)+車位,環河北路三段２０３號十樓,10.0,12.0,1,58.04,654828,12.23,0.0,25.087978,121.504215,三重國小站出口,2070,有電梯_7樓以上
房地(土地+建物)+車位,安康路２６９號十一樓,11.0,10.0,1,33.92,821918,2.45,734694.0,25.06643,121.614338,東湖站出口3,249,有電梯_7樓以上
房地(土地+建物)+車位,中山北路六段４４１巷３０號八樓,8.0,0.0,1,74.69,1353589,31.84,329774.0,25.11709,121.526959,明德站出口2,1143,有電梯_7樓以上
房地(土地+建物)+車位,和平東路四段６６巷５號九樓,9.0,27.0,1,99.54,521115,27.24,146843.0,25.006657,121.565572,辛亥站出口,879,有電梯_7樓以上
房地(土地+建物),忠孝東路三段２１７巷７弄７號九樓之３,9.0,47.0,1,37.97,1010724,0.0,,25.043666,121.539534,忠孝復興站出口1,419,有電梯_7樓以上
房地(土地+建物)+車位,八德路二段１００號八樓之２,8.0,12.0,1,73.81,912571,8.06,372208.0,25.045816,121.536209,忠孝新生站出口4,480,有電梯_7樓以上
房地(土地+建物),光復北路３號九樓,9.0,36.0,1,41.09,900561,0.0,,25.048613,121.557997,南京三民站出口2,588,有電梯_7樓以上
房地(土地+建物)+車位,中山北路六段４４１巷３０號十五樓之１,15.0,0.0,1,101.85,1455285,31.86,338983.0,25.11709,121.526959,明德站出口2,1143,有電梯_7樓以上
房地(土地+建物)+車位,中山北路六段４４１巷３０號十五樓,15.0,0.0,1,53.48,1466803,10.62,338983.0,25.11709,121.526959,明德站出口2,1143,有電梯_7樓以上
房地(土地+建物)+車位,秀明路二段１１５巷７號十七樓,17.0,27.0,1,44.98,600325,0.0,,24.991246,121.57756,動物園站出口2,769,有電梯_7樓以上
房地(土地+建物)+車位,興隆路四段１４５巷２５號十三樓,13.0,24.0,1,60.97,686302,12.45,200803.0,24.985327,121.562861,萬芳社區站出口,1576,有電梯_7樓以上
房地(土地+建物)+車位,興順街８０巷３號十二樓,12.0,17.0,1,39.28,588137,0.0,,25.000942,121.54516,萬隆站出口2,568,有電梯_7樓以上
房地(土地+建物),新光路一段６５巷３６號九樓,9.0,31.0,1,66.61,495418,0.0,,24.99075,121.575439,木柵站出口,850,有電梯_7樓以上
房地(土地+建物),福德街３７３巷４１號十五樓,15.0,26.0,1,38.74,653155,0.0,,25.039075,121.592036,後山埤站出口3,1117,有電梯_7樓以上
房地(土地+建物),興隆路四段１３３號十六樓之１,16.0,29.0,1,22.25,752951,0.0,,24.985418,121.561544,萬芳醫院站出口,1600,有電梯_7樓以上
房地(土地+建物)+車位,松山路６３２號九樓之１,9.0,26.0,1,26.08,1122484,9.37,0.0,25.03546,121.578706,永春站出口4,621,有電梯_7樓以上
房地(土地+建物)+車位,三合街一段８２巷１０１號九樓,9.0,9.0,1,33.44,889059,8.25,218182.0,25.128941,121.503978,奇岩站出口1,435,有電梯_7樓以上
房地(土地+建物)+車位,辛亥路四段７７巷１號九樓,9.0,28.0,1,36.71,580154,0.0,,25.007481,121.55919,辛亥站出口,342,有電梯_7樓以上
房地(土地+建物)+車位,舊莊街一段３巷１２弄４８號八樓,8.0,1.0,1,38.54,959869,12.49,0.0,25.041186,121.618761,南港展覽館站出口7,1430,有電梯_7樓以上
房地(土地+建物)+車位,汀州路四段１９１號十六樓,16.0,14.0,1,66.41,999735,10.89,275482.0,25.003649,121.535826,萬隆站出口4,297,有電梯_7樓以上
房地(土地+建物)+車位,立農街一段３３３號九樓之１,9.0,1.0,1,41.97,829038,13.02,153610.0,25.119521,121.50748,唭哩岸站出口1,144,有電梯_7樓以上
房地(土地+建物)+車位,羅斯福路六段１５０巷２５號十三樓,13.0,7.0,1,54.71,994886,9.93,281974.0,24.995474,121.540357,景美站出口2,292,有電梯_7樓以上
房地(土地+建物)+車位,富山路５號十四樓,14.0,0.0,1,48.49,652834,11.73,245524.0,24.988872,121.553694,萬芳醫院站出口,1238,有電梯_7樓以上
房地(土地+建物)+車位,莒光路３３５號十四樓,14.0,7.0,1,84.56,825747,16.74,418160.0,25.030944,121.497427,龍山寺站出口2,521,有電梯_7樓以上
房地(土地+建物),中華路二段５０４巷１６號十二樓之２,12.0,45.0,1,19.08,699513,0.0,,25.025624,121.507519,小南門站出口3,1132,有電梯_7樓以上
房地(土地+建物)+車位,慶城街７１號十五樓,15.0,37.0,1,91.41,1032881,0.0,,25.056637,121.547287,南京復興站出口7,535,有電梯_7樓以上
房地(土地+建物)+車位,福興路９５巷３９號九樓,9.0,24.0,1,36.48,665545,10.04,249004.0,25.005421,121.547584,萬隆站出口3,917,有電梯_7樓以上
房地(土地+建物)+車位,義理街２５號十三樓,13.0,1.0,1,69.38,1150174,12.11,247729.0,25.11684,121.515367,石牌站出口1,209,有電梯_7樓以上
房地(土地+建物),健康路１５巷４８號十樓,10.0,23.0,1,36.46,951172,0.0,,25.055488,121.553214,台北小巨蛋站出口5,422,有電梯_7樓以上
房地(土地+建物),辛亥路四段１２８之１０號十四樓,14.0,7.0,1,20.85,750553,0.0,,25.004565,121.556754,辛亥站出口,67,有電梯_7樓以上
房地(土地+建物)+車位,萬芳路１０７巷２０號十三樓,13.0,12.0,1,79.3,739927,20.67,266086.0,24.996901,121.561623,萬芳醫院站出口,479,有電梯_7樓以上
房地(土地+建物),新生北路二段２８巷３號十五樓之２,15.0,35.0,1,59.45,869254,0.0,,25.053907,121.526665,中山站出口3,574,有電梯_7樓以上
房地(土地+建物)+車位,建國北路三段７１號十四樓之１,14.0,9.0,1,31.13,1003721,8.01,436954.0,25.065123,121.537204,行天宮站出口4,678,有電梯_7樓以上
房地(土地+建物)+車位,富山路９號十二樓,12.0,0.0,1,48.03,639119,11.73,204604.0,24.988947,121.553714,萬芳醫院站出口,1229,有電梯_7樓以上
房地(土地+建物)+車位,松德路１０４號十三樓之３,13.0,30.0,1,49.98,1041447,7.65,457516.0,25.037766,121.575024,永春站出口2,329,有電梯_7樓以上
房地(土地+建物)+車位,德昌街１３１號二十三樓之３,23.0,13.0,1,59.98,909604,11.61,258398.0,25.023996,121.496442,龍山寺站出口2,1281,有電梯_7樓以上
房地(土地+建物)+車位,三重路４１巷３７號九樓之２,9.0,13.0,1,97.83,830455,21.73,230097.0,25.060735,121.612841,南港軟體園區站出口1,307,有電梯_7樓以上
房地(土地+建物)+車位,樂業街７５號十一樓,11.0,18.0,1,69.89,885436,0.0,,25.021889,121.550994,六張犁站出口,280,有電梯_7樓以上
房地(土地+建物)+車位,重陽路２１號十三樓,13.0,2.0,1,54.92,1086771,8.09,370828.0,25.05569,121.595403,昆陽站出口4,592,有電梯_7樓以上
房地(土地+建物)+車位,重陽路２３號十三樓,13.0,2.0,1,32.55,1087619,8.09,370828.0,25.05576,121.59536,昆陽站出口4,598,有電梯_7樓以上
房地(土地+建物)+車位,中山北路六段４４１巷３０號九樓,9.0,0.0,1,64.1,1423401,21.24,329567.0,25.11709,121.526959,明德站出口2,1143,有電梯_7樓以上
房地(土地+建物)+車位,松信路７號九樓,9.0,24.0,1,60.07,797105,0.0,,25.048848,121.572352,松山站出口2,419,有電梯_7樓以上
房地(土地+建物)+車位,重慶北路三段１９２號十一樓之１,11.0,19.0,1,51.23,683135,0.0,,25.069326,121.513535,大橋頭站出口3,621,有電梯_7樓以上
房地(土地+建物)+車位,明水路３９７巷７弄２３號十四樓,14.0,30.0,1,42.31,1104337,10.46,286807.0,25.078103,121.549364,大直站出口3,280,有電梯_7樓以上
房地(土地+建物),敦化南路二段１５２之１號十六樓,16.0,39.0,1,40.33,1008622,0.0,,25.02519,121.548425,六張犁站出口,459,有電梯_7樓以上
房地(土地+建物)+車位,秀明路二段１１５巷８號十樓,10.0,27.0,1,43.89,571889,0.0,,24.991245,121.577644,動物園站出口2,767,有電梯_7樓以上
房地(土地+建物)+車位,復興南路二段９０巷１２號十樓之２、十樓之３,10.0,16.0,1,38.55,946809,0.0,,25.03022,121.542386,大安站出口5,323,有電梯_7樓以上
房地(土地+建物)+車位,德昌街１３３號二十二樓之１,22.0,13.0,1,97.47,697619,0.0,,25.023922,121.496272,龍山寺站出口2,1294,有電梯_7樓以上
房地(土地+建物)+車位,德昌街１３３號二十二樓,22.0,13.0,1,78.85,684875,0.0,,25.023922,121.496272,龍山寺站出口2,1294,有電梯_7樓以上
房地(土地+建物)+車位,信安街１６８號九樓,9.0,1.0,1,64.91,1158868,24.18,281224.0,25.023439,121.555343,六張犁站出口,267,有電梯_7樓以上
房地(土地+建物)+車位,民族西路２２５巷１５號八樓之１,8.0,17.0,1,42.08,947981,12.44,0.0,25.070235,121.512403,大橋頭站出口3,730,有電梯_7樓以上
房地(土地+建物)+車位,三民路４３巷１０號十二樓,12.0,18.0,1,60.18,925189,0.0,,25.056315,121.560808,南京三民站出口1,574,有電梯_7樓以上
房地(土地+建物),中正路５２７號九樓,9.0,37.0,1,26.75,613153,0.0,,25.090842,121.517357,士林站出口1,940,有電梯_7樓以上
房地(土地+建物),辛亥路五段９５之１號八樓,8.0,41.0,1,32.88,486682,0.0,,24.997639,121.552628,萬芳醫院站出口,550,有電梯_7樓以上
房地(土地+建物)+車位,信安街１６８號十一樓,11.0,1.0,1,64.99,1170959,24.18,256410.0,25.023439,121.555343,六張犁站出口,267,有電梯_7樓以上
房地(土地+建物)+車位,經貿二路２３５巷２３號十三樓,13.0,10.0,1,100.4,1059286,16.68,359712.0,25.061166,121.616007,南港軟體園區站出口1,88,有電梯_7樓以上
房地(土地+建物)+車位,樂群二路１８２號八樓,8.0,24.0,1,43.27,774163,0.0,,25.079393,121.558465,劍南路站出口3,599,有電梯_7樓以上
房地(土地+建物)+車位,中山北路六段４４１巷３０號十七樓之１,17.0,0.0,1,155.78,1544349,42.46,329722.0,25.11709,121.526959,明德站出口2,1143,有電梯_7樓以上
房地(土地+建物)+車位,中山北路六段４４１巷３０號十七樓,17.0,0.0,1,155.78,1544349,42.46,329722.0,25.11709,121.526959,明德站出口2,1143,有電梯_7樓以上
房地(土地+建物)+車位,中山北路六段４４１巷３０號十六樓之２,16.0,0.0,1,100.4,1499846,31.86,329567.0,25.11709,121.526959,明德站出口2,1143,有電梯_7樓以上
房地(土地+建物)+車位,中山北路六段４４１巷３０號八樓之３,8.0,0.0,1,64.1,1271727,21.24,306026.0,25.11709,121.526959,明德站出口2,1143,有電梯_7樓以上
房地(土地+建物),國興路５２號十二樓,12.0,45.0,1,18.1,759602,0.0,,25.025581,121.507244,小南門站出口3,1146,有電梯_7樓以上
房地(土地+建物)+車位,中山北路六段４４１巷３０號十樓,10.0,0.0,1,64.1,1430401,21.24,329567.0,25.11709,121.526959,明德站出口2,1143,有電梯_7樓以上
房地(土地+建物)+車位,敦化南路二段７０號十五樓,15.0,38.0,1,102.19,1263241,16.07,311139.0,25.029655,121.548394,信義安和站出口2,546,有電梯_7樓以上
房地(土地+建物),和平東路二段３１１巷５１號十四樓,14.0,39.0,1,38.41,850075,0.0,,25.025897,121.545414,科技大樓站出口,181,有電梯_7樓以上
房地(土地+建物)+車位,辛亥路六段２１巷３４號十一樓,11.0,25.0,1,115.01,424212,0.0,,24.989925,121.554189,萬芳醫院站出口,1111,有電梯_7樓以上
房地(土地+建物),忠誠路一段９０號十二樓,12.0,36.0,1,36.31,859291,0.0,,25.105077,121.52783,芝山站出口2,570,有電梯_7樓以上
房地(土地+建物)+車位,舊莊街一段３巷１２弄４６號八樓,8.0,1.0,1,38.54,915715,12.49,0.0,25.041225,121.618705,南港展覽館站出口7,1426,有電梯_7樓以上
房地(土地+建物)+車位,辛亥路四段１２８之３號十五樓,15.0,7.0,1,32.24,819944,5.71,315236.0,25.005072,121.556915,辛亥站出口,12,有電梯_7樓以上
房地(土地+建物)+車位,建國北路二段２２２號九樓,9.0,14.0,1,91.29,883106,26.43,219448.0,25.06094,121.536567,行天宮站出口3,341,有電梯_7樓以上
房地(土地+建物),明水路３９７巷７弄２３號十四樓之１,14.0,30.0,1,24.54,1071774,0.0,,25.078103,121.549364,大直站出口3,280,有電梯_7樓以上
房地(土地+建物)+車位,新富街１６６號九樓,9.0,12.0,1,114.27,845155,25.67,194780.0,25.060776,121.585961,昆陽站出口2,1345,有電梯_7樓以上
房地(土地+建物)+車位,經貿二路２３５巷２５號十九樓,19.0,10.0,1,203.91,973326,33.36,359712.0,25.061311,121.616081,南港軟體園區站出口1,105,有電梯_7樓以上
房地(土地+建物)+車位,內湖路一段４１１巷６２弄６號十樓之２,10.0,16.0,1,49.36,1141123,11.85,0.0,25.083509,121.571309,西湖站出口2,451,有電梯_7樓以上
房地(土地+建物)+車位,信安街１６８號九樓之８,9.0,1.0,1,39.18,1284067,12.09,289495.0,25.023439,121.555343,六張犁站出口,267,有電梯_7樓以上
房地(土地+建物),福德街４４３號十八樓,18.0,26.0,1,38.86,660386,0.0,,25.039491,121.592681,後山埤站出口3,1142,有電梯_7樓以上
房地(土地+建物)+車位,重慶南路三段３９號十四樓,14.0,3.0,1,85.32,1497911,23.7,270042.0,25.027989,121.516065,中正紀念堂站出口2,539,有電梯_7樓以上
房地(土地+建物)+車位,民和街８１巷７號八樓,8.0,6.0,1,45.66,810034,10.48,238550.0,25.025308,121.498209,龍山寺站出口2,1102,有電梯_7樓以上
房地(土地+建物)+車位,內湖路一段９１巷５５號十樓之３,10.0,20.0,1,29.03,945740,5.77,0.0,25.088696,121.562257,劍南路站出口1,782,有電梯_7樓以上
房地(土地+建物)+車位,經貿二路２５５巷１號十樓,10.0,13.0,1,49.89,1103897,14.31,0.0,25.061536,121.614194,南港軟體園區站出口1,211,有電梯_7樓以上
房地(土地+建物)+車位,南京東路五段２９１巷１９弄１９號八樓,8.0,0.0,1,30.61,1199916,10.67,234302.0,25.052504,121.56702,南京三民站出口4,254,有電梯_7樓以上
房地(土地+建物),福德街４４９號十樓,10.0,26.0,1,40.29,660165,0.0,,25.039357,121.593076,後山埤站出口3,1184,有電梯_7樓以上
房地(土地+建物)+車位,福興路９５巷６３號十樓,10.0,24.0,1,36.68,608780,10.56,189394.0,25.005536,121.546785,萬隆站出口3,849,有電梯_7樓以上
房地(土地+建物),辛亥路二段１５９號二十三樓,23.0,41.0,1,57.68,1014152,0.0,,25.021682,121.540577,科技大樓站出口,585,有電梯_7樓以上
房地(土地+建物)+車位,東湖路１１３巷７０弄７號九樓,9.0,9.0,1,67.67,707706,12.84,0.0,25.071502,121.616131,東湖站出口3,648,有電梯_7樓以上
建物,成都路６７號八樓之６,8.0,29.0,1,10.2,490182,0.0,,25.042912,121.505693,西門站出口6,196,有電梯_7樓以上
房地(土地+建物)+車位,仁愛路二段８４號九樓,9.0,15.0,1,90.3,1261838,1.14,5701754.0,25.037974,121.53071,忠孝新生站出口5,381,有電梯_7樓以上
房地(土地+建物)+車位,辛亥路四段１２８之１號八樓,8.0,7.0,1,57.14,764610,4.82,0.0,25.005072,121.556915,辛亥站出口,12,有電梯_7樓以上
房地(土地+建物)+車位,民權東路六段４０７號八樓之２,8.0,19.0,1,43.18,968032,11.41,0.0,25.070227,121.603302,葫洲站出口2,469,有電梯_7樓以上
房地(土地+建物),試院路１４４巷４弄４０號十樓,10.0,29.0,1,20.62,582091,0.0,,24.990566,121.548078,景美站出口2,717,有電梯_7樓以上
房地(土地+建物),愛國東路１１６巷５號十一樓之２,11.0,38.0,1,42.49,1235699,0.0,,25.032379,121.521356,中正紀念堂站出口3,238,有電梯_7樓以上
房地(土地+建物)+車位,信安街１６８號九樓之１０,9.0,1.0,1,27.33,1167753,12.09,289495.0,25.023439,121.555343,六張犁站出口,267,有電梯_7樓以上
房地(土地+建物)+車位,中山北路七段１１４巷１號九樓,9.0,0.0,1,74.41,1020874,9.27,161812.0,25.122185,121.532171,石牌站出口2,1870,有電梯_7樓以上
房地(土地+建物)+車位,信安街１６８號十樓之１１,10.0,0.0,1,28.76,1135334,12.09,277089.0,25.023439,121.555343,六張犁站出口,267,有電梯_7樓以上
房地(土地+建物)+車位,中山北路五段７５７號十四樓,14.0,-1.0,1,71.55,1020357,11.77,284622.0,25.099306,121.526646,芝山站出口1,506,有電梯_7樓以上
房地(土地+建物)+車位,士東路２０２號十八樓,18.0,-1.0,1,53.3,1212947,9.2,391304.0,25.11249,121.533769,芝山站出口2,1500,有電梯_7樓以上
房地(土地+建物)+車位,士東路２１０號十八樓,18.0,-1.0,1,53.3,1217481,9.2,391304.0,25.112513,121.533967,芝山站出口2,1517,有電梯_7樓以上
房地(土地+建物)+車位,天母東路１０５巷９弄８號十樓,10.0,-2.0,1,41.5,908046,3.97,503778.0,25.119104,121.536145,明德站出口2,2024,有電梯_7樓以上
房地(土地+建物)+車位,中山北路五段７５７號十三樓,13.0,-2.0,1,71.72,980494,11.77,297366.0,25.099306,121.526646,芝山站出口1,506,有電梯_7樓以上
房地(土地+建物),民和街１００號十四樓之１,14.0,-1.0,1,32.29,750105,0.0,,25.02569,121.497323,龍山寺站出口2,1077,有電梯_7樓以上
房地(土地+建物),民和街９６號十樓,10.0,-1.0,1,60.99,666831,0.0,,25.025554,121.497575,龍山寺站出口2,1086,有電梯_7樓以上
房地(土地+建物)+車位,民和街１００號十樓之１,10.0,-1.0,1,52.88,699004,20.59,247693.0,25.02569,121.497323,龍山寺站出口2,1077,有電梯_7樓以上
房地(土地+建物),承德路四段２巷１９號八樓,8.0,-2.0,1,18.8,898000,0.0,,25.079289,121.520394,劍潭站出口2,624,有電梯_7樓以上
房地(土地+建物)+車位,承德路四段２巷１９號九樓,9.0,-2.0,1,30.1,914492,11.31,247569.0,25.079289,121.520394,劍潭站出口2,624,有電梯_7樓以上
建物,杭州南路二段６１巷３８號八樓之６,8.0,-3.0,1,13.73,922241,0.0,,25.029902,121.524381,古亭站出口6,337,有電梯_7樓以上
建物,杭州南路二段６１巷３８號八樓之１,8.0,-3.0,1,21.83,927278,10.72,279851.0,25.029902,121.524381,古亭站出口6,337,有電梯_7樓以上
房地(土地+建物)+車位,新生南路三段７０巷８號十二樓,12.0,-3.0,1,50.41,1524661,12.24,294118.0,25.019692,121.533295,台電大樓站出口2,427,有電梯_7樓以上
房地(土地+建物)+車位,新生南路三段７０巷６號十二樓,12.0,-3.0,1,50.49,1486089,12.24,298203.0,25.019687,121.53335,台電大樓站出口2,433,有電梯_7樓以上
建物,杭州南路二段６１巷３８號八樓之２,8.0,-3.0,1,22.38,882231,10.72,270522.0,25.029902,121.524381,古亭站出口6,337,有電梯_7樓以上
建物,杭州南路二段６１巷３８號八樓之５,8.0,-3.0,1,24.85,909623,10.72,289179.0,25.029902,121.524381,古亭站出口6,337,有電梯_7樓以上
房地(土地+建物)+車位,新生南路三段７０巷８號八樓,8.0,-3.0,1,50.41,1440831,12.24,261438.0,25.019692,121.533295,台電大樓站出口2,427,有電梯_7樓以上
房地(土地+建物)+車位,新生南路三段７０巷８號九樓,9.0,-3.0,1,50.41,1468600,12.24,294118.0,25.019692,121.533295,台電大樓站出口2,427,有電梯_7樓以上
房地(土地+建物)+車位,新生南路三段７０巷６號八樓,8.0,-3.0,1,50.49,1402163,12.24,265523.0,25.019687,121.53335,台電大樓站出口2,433,有電梯_7樓以上
房地(土地+建物)+車位,新生南路三段７０巷６號九樓,9.0,-3.0,1,50.49,1421772,12.24,269608.0,25.019687,121.53335,台電大樓站出口2,433,有電梯_7樓以上
房地(土地+建物)+車位,新生南路三段７０巷１０號八樓,8.0,-3.0,1,39.71,1408966,12.24,269608.0,25.019699,121.533235,台電大樓站出口2,421,有電梯_7樓以上
房地(土地+建物)+車位,新生南路三段７０巷１０號九樓,9.0,-3.0,1,39.71,1437363,12.24,257353.0,25.019699,121.533235,台電大樓站出口2,421,有電梯_7樓以上
房地(土地+建物)+車位,新生南路三段７０巷１０號十樓,10.0,-3.0,1,39.71,1444281,12.24,261438.0,25.019699,121.533235,台電大樓站出口2,421,有電梯_7樓以上
房地(土地+建物)+車位,新生南路三段７０巷１０號十一樓,11.0,-3.0,1,39.71,1461756,12.24,261438.0,25.019699,121.533235,台電大樓站出口2,421,有電梯_7樓以上
房地(土地+建物)+車位,新生南路三段７０巷８號十樓,10.0,-3.0,1,50.41,1471219,12.24,294118.0,25.019692,121.533295,台電大樓站出口2,427,有電梯_7樓以上
房地(土地+建物)+車位,新生南路三段７０巷８號十一樓,11.0,-3.0,1,50.41,1486676,12.24,285948.0,25.019692,121.533295,台電大樓站出口2,427,有電梯_7樓以上
房地(土地+建物)+車位,新生南路三段７０巷６號十樓,10.0,-3.0,1,50.49,1425171,12.24,294118.0,25.019687,121.53335,台電大樓站出口2,433,有電梯_7樓以上
房地(土地+建物)+車位,新生南路三段７０巷１０號十二樓,12.0,-3.0,1,39.71,1470494,12.24,261438.0,25.019699,121.533235,台電大樓站出口2,421,有電梯_7樓以上
房地(土地+建物),中華路二段４４０號九樓,9.0,-3.0,1,18.23,801620,0.0,,25.026991,121.506667,小南門站出口3,1022,有電梯_7樓以上
房地(土地+建物)+車位,中華路二段４３８號十一樓,11.0,-3.0,1,41.21,819034,12.89,205586.0,25.027032,121.506632,小南門站出口3,1020,有電梯_7樓以上
房地(土地+建物)+車位,中華路二段４４０號八樓,8.0,-3.0,1,31.11,826310,12.89,201707.0,25.026991,121.506667,小南門站出口3,1022,有電梯_7樓以上
房地(土地+建物)+車位,中華路二段４３８號九樓,9.0,-3.0,1,54.1,769256,25.77,202173.0,25.027032,121.506632,小南門站出口3,1020,有電梯_7樓以上
房地(土地+建物)+車位,中華路二段４４２號九樓,9.0,-3.0,1,31.11,836735,12.89,201707.0,25.02693,121.506739,小南門站出口3,1025,有電梯_7樓以上
房地(土地+建物),中華路二段４４２號十樓,10.0,-3.0,1,18.23,844417,0.0,,25.02693,121.506739,小南門站出口3,1025,有電梯_7樓以上
房地(土地+建物)+車位,中華路二段４４８號十樓,10.0,-3.0,1,31.11,839479,12.89,201707.0,25.026865,121.506826,小南門站出口3,1028,有電梯_7樓以上
房地(土地+建物),中華路二段４４６號八樓,8.0,-3.0,1,18.23,810399,0.0,,25.026887,121.506785,小南門站出口3,1028,有電梯_7樓以上
房地(土地+建物),中華路二段４４８號十一樓,11.0,-3.0,1,18.23,849355,0.0,,25.026865,121.506826,小南門站出口3,1028,有電梯_7樓以上
房地(土地+建物),中華路二段４４８號八樓,8.0,-3.0,1,18.23,826310,0.0,,25.026865,121.506826,小南門站出口3,1028,有電梯_7樓以上
房地(土地+建物),中華路二段４４０號十一樓,11.0,-3.0,1,18.23,849355,0.0,,25.026991,121.506667,小南門站出口3,1022,有電梯_7樓以上
房地(土地+建物)+車位,中華路二段４４２號十一樓,11.0,-3.0,1,31.11,854293,12.89,209465.0,25.02693,121.506739,小南門站出口3,1025,有電梯_7樓以上
房地(土地+建物),中華路二段４５２號十樓,10.0,-3.0,1,19.31,823987,0.0,,25.026748,121.506924,小南門站出口3,1036,有電梯_7樓以上
房地(土地+建物)+車位,中華路二段４５０號九樓,9.0,-3.0,1,40.11,801014,12.89,182312.0,25.026814,121.506876,小南門站出口3,1031,有電梯_7樓以上
房地(土地+建物),中華路二段４５２號八樓,8.0,-3.0,1,19.31,811040,0.0,,25.026748,121.506924,小南門站出口3,1036,有電梯_7樓以上
房地(土地+建物)+車位,中華路二段４４８號九樓,9.0,-3.0,1,30.1,810533,11.87,197978.0,25.026865,121.506826,小南門站出口3,1028,有電梯_7樓以上
房地(土地+建物)+車位,中華路二段４５０號十樓,10.0,-3.0,1,40.11,808727,12.89,205586.0,25.026814,121.506876,小南門站出口3,1031,有電梯_7樓以上
房地(土地+建物)+車位,中華路二段４３８號十樓,10.0,-3.0,1,41.21,808796,12.89,190070.0,25.027032,121.506632,小南門站出口3,1020,有電梯_7樓以上
房地(土地+建物),中華路二段４４０號十樓,10.0,-3.0,1,18.23,818629,0.0,,25.026991,121.506667,小南門站出口3,1022,有電梯_7樓以上
房地(土地+建物),中華路二段４４６號十樓,10.0,-3.0,1,18.23,823567,0.0,,25.026887,121.506785,小南門站出口3,1028,有電梯_7樓以上
房地(土地+建物)+車位,中華路二段４５０號十一樓,11.0,-3.0,1,40.11,819010,12.89,190070.0,25.026814,121.506876,小南門站出口3,1031,有電梯_7樓以上
房地(土地+建物),中華路二段４５２號九樓,9.0,-3.0,1,19.31,815701,0.0,,25.026748,121.506924,小南門站出口3,1036,有電梯_7樓以上
房地(土地+建物)+車位,中華路二段４４２號八樓,8.0,-3.0,1,31.11,810399,12.89,190070.0,25.02693,121.506739,小南門站出口3,1025,有電梯_7樓以上
房地(土地+建物)+車位,中華路二段４３８號八樓,8.0,-3.0,1,41.21,796087,12.89,190070.0,25.027032,121.506632,小南門站出口3,1020,有電梯_7樓以上
房地(土地+建物)+車位,中華路二段４５０號八樓,8.0,-3.0,1,40.11,795872,12.89,205586.0,25.026814,121.506876,小南門站出口3,1031,有電梯_7樓以上
房地(土地+建物),中華路二段４４６號九樓,9.0,-3.0,1,18.23,815337,0.0,,25.026887,121.506785,小南門站出口3,1028,有電梯_7樓以上
房地(土地+建物)+車位,中華路二段４５２號十一樓,11.0,-3.0,1,32.2,833697,12.89,182312.0,25.026748,121.506924,小南門站出口3,1036,有電梯_7樓以上
房地(土地+建物)+車位,中華路二段４４６號十一樓,11.0,-3.0,1,31.11,833443,12.89,182312.0,25.026887,121.506785,小南門站出口3,1028,有電梯_7樓以上
房地(土地+建物)+車位,南京東路四段５２巷１９號十樓,10.0,-3.0,1,41.65,1236924,4.34,460829.0,25.0507,121.553728,台北小巨蛋站出口4,125,有電梯_7樓以上
房地(土地+建物)+車位,後港街１３４巷６號八樓,8.0,-3.0,1,84.68,796927,22.94,209241.0,25.086925,121.521053,劍潭站出口1,466,有電梯_7樓以上
房地(土地+建物)+車位,市民大道七段１０號十樓之１,10.0,-3.0,1,49.61,1088309,10.21,303624.0,25.04884,121.580524,松山站出口4,278,有電梯_7樓以上
房地(土地+建物)+車位,市民大道七段１０號十一樓之５,11.0,-3.0,1,29.93,1073199,6.26,303514.0,25.04884,121.580524,松山站出口4,278,有電梯_7樓以上
房地(土地+建物)+車位,後港街１３４巷８號十樓,10.0,-3.0,1,84.68,814745,22.94,209241.0,25.086918,121.520949,劍潭站出口1,475,有電梯_7樓以上
房地(土地+建物)+車位,後港街１３４巷８號十一樓,11.0,-3.0,1,84.68,816364,22.94,217960.0,25.086918,121.520949,劍潭站出口1,475,有電梯_7樓以上
房地(土地+建物)+車位,重慶北路四段１０８號十四樓,14.0,-3.0,1,49.57,588552,12.19,188679.0,25.082843,121.512788,劍潭站出口2,1206,有電梯_7樓以上
房地(土地+建物)+車位,南京東路四段５２巷２３號八樓,8.0,-3.0,1,25.15,1239851,4.34,506912.0,25.050707,121.55384,台北小巨蛋站出口4,132,有電梯_7樓以上
房地(土地+建物)+車位,興南街１２６號八樓,8.0,-3.0,1,31.93,925539,12.42,201288.0,25.055206,121.59953,昆陽站出口4,774,有電梯_7樓以上
房地(土地+建物),市民大道七段１０號九樓之２,9.0,-3.0,1,15.26,1097562,0.0,,25.04884,121.580524,松山站出口4,278,有電梯_7樓以上
房地(土地+建物)+車位,市民大道七段１０號九樓之５,9.0,-3.0,1,29.93,1060523,6.26,303514.0,25.04884,121.580524,松山站出口4,278,有電梯_7樓以上
房地(土地+建物)+車位,後港街１３４巷８號十三樓,13.0,-3.0,1,84.68,819604,22.94,226678.0,25.086918,121.520949,劍潭站出口1,475,有電梯_7樓以上
建物,杭州南路二段６１巷３８號八樓,8.0,-3.0,1,15.99,916642,0.0,,25.029902,121.524381,古亭站出口6,337,有電梯_7樓以上
房地(土地+建物)+車位,市民大道七段１０號八樓之５,8.0,-3.0,1,29.93,1042777,6.26,335463.0,25.04884,121.580524,松山站出口4,278,有電梯_7樓以上
房地(土地+建物)+車位,市民大道七段１０號十一樓之３,11.0,-3.0,1,31.68,1050394,6.26,335463.0,25.04884,121.580524,松山站出口4,278,有電梯_7樓以上
房地(土地+建物)+車位,市民大道七段１０號九樓,9.0,-3.0,1,45.14,1067196,10.21,274241.0,25.04884,121.580524,松山站出口4,278,有電梯_7樓以上
房地(土地+建物),市民大道七段１０號九樓之３,9.0,-3.0,1,25.42,1042526,0.0,,25.04884,121.580524,松山站出口4,278,有電梯_7樓以上
房地(土地+建物),市民大道七段１０號八樓之３,8.0,-3.0,1,25.42,1034658,0.0,,25.04884,121.580524,松山站出口4,278,有電梯_7樓以上
房地(土地+建物)+車位,後港街１３４巷８號十六樓,16.0,-3.0,1,61.71,809179,11.47,231037.0,25.086918,121.520949,劍潭站出口1,475,有電梯_7樓以上
房地(土地+建物)+車位,後港街１３４巷８號十八樓,18.0,-3.0,1,61.71,817540,11.47,239756.0,25.086918,121.520949,劍潭站出口1,475,有電梯_7樓以上
建物,杭州南路二段６１巷３８號八樓之３,8.0,-3.0,1,25.86,938281,10.72,279851.0,25.029902,121.524381,古亭站出口6,337,有電梯_7樓以上
房地(土地+建物)+車位,後港街１３４巷２號二十二樓,22.0,-4.0,1,78.56,832605,22.94,217960.0,25.086933,121.52114,劍潭站出口1,458,有電梯_7樓以上
房地(土地+建物)+車位,後港街１３４巷６號二十二樓,22.0,-4.0,1,61.71,829483,11.47,217960.0,25.086925,121.521053,劍潭站出口1,466,有電梯_7樓以上
房地(土地+建物)+車位,南京東路四段１２０巷３０號十二樓,12.0,-4.0,1,75.32,1234710,18.39,282762.0,25.050042,121.554739,台北小巨蛋站出口4,249,有電梯_7樓以上
房地(土地+建物)+車位,後港街１３４巷６號二十樓,20.0,-4.0,1,61.71,824706,11.47,187446.0,25.086925,121.521053,劍潭站出口1,466,有電梯_7樓以上
房地(土地+建物)+車位,南京東路四段１２０巷２８號十三樓,13.0,-4.0,1,64.98,1276559,18.39,304513.0,25.049937,121.554929,台北小巨蛋站出口4,271,有電梯_7樓以上
房地(土地+建物)+車位,後港街１３４巷１０號二十一樓,21.0,-4.0,1,67.09,835302,11.47,187446.0,25.086909,121.520841,劍潭站出口1,484,有電梯_7樓以上
房地(土地+建物)+車位,後港街１３４巷８號八樓,8.0,-4.0,1,84.68,798709,22.94,213601.0,25.086918,121.520949,劍潭站出口1,475,有電梯_7樓以上
房地(土地+建物)+車位,南京東路四段１２０巷２８號十一樓,11.0,-4.0,1,64.98,1268403,18.39,258293.0,25.049937,121.554929,台北小巨蛋站出口4,271,有電梯_7樓以上
房地(土地+建物)+車位,後港街１３４巷８號二十一樓,21.0,-4.0,1,61.71,828488,11.47,217960.0,25.086918,121.520949,劍潭站出口1,475,有電梯_7樓以上
房地(土地+建物)+車位,南京東路四段１２０巷３０號九樓,9.0,-4.0,1,84.52,1222415,27.58,261059.0,25.050042,121.554739,台北小巨蛋站出口4,249,有電梯_7樓以上
房地(土地+建物)+車位,南京東路四段１２０巷３２號十一樓,11.0,-4.0,1,56.08,1247323,9.19,304679.0,25.049949,121.554739,台北小巨蛋站出口4,256,有電梯_7樓以上
房地(土地+建物)+車位,南京東路四段１２０巷３２號十三樓,13.0,-4.0,1,56.08,1258414,9.19,304679.0,25.049949,121.554739,台北小巨蛋站出口4,256,有電梯_7樓以上
房地(土地+建物)+車位,南京東路四段１２０巷３０號十一樓,11.0,-4.0,1,74.35,1225928,17.41,246984.0,25.050042,121.554739,台北小巨蛋站出口4,249,有電梯_7樓以上
房地(土地+建物)+車位,南京東路四段１２０巷２６號十一樓,11.0,-4.0,1,75.32,1293547,18.39,271887.0,25.050037,121.55494,台北小巨蛋站出口4,265,有電梯_7樓以上
房地(土地+建物)+車位,後港街１３４巷８號十四樓,14.0,-4.0,1,84.68,813935,22.94,220139.0,25.086918,121.520949,劍潭站出口1,475,有電梯_7樓以上
房地(土地+建物)+車位,後港街１３４巷２號十樓,10.0,-4.0,1,93.14,804615,22.94,244115.0,25.086933,121.52114,劍潭站出口1,458,有電梯_7樓以上
房地(土地+建物)+車位,南京東路四段１２０巷３２號十四樓,14.0,-4.0,1,56.08,1287208,9.19,380849.0,25.049949,121.554739,台北小巨蛋站出口4,256,有電梯_7樓以上
房地(土地+建物)+車位,後港街１３４巷８號十七樓,17.0,-4.0,1,61.71,813757,11.47,244115.0,25.086918,121.520949,劍潭站出口1,475,有電梯_7樓以上
房地(土地+建物)+車位,舊莊街一段８５號十三樓之６,13.0,-4.0,1,29.65,573535,10.82,212569.0,25.040853,121.61914,南港展覽館站出口7,1469,有電梯_7樓以上
房地(土地+建物)+車位,舊莊街一段８５號十三樓之１,13.0,-4.0,1,29.65,565569,10.82,203327.0,25.040853,121.61914,南港展覽館站出口7,1469,有電梯_7樓以上
房地(土地+建物)+車位,舊莊街一段８５號十四樓之１,14.0,-4.0,1,29.65,570879,10.82,170980.0,25.040853,121.61914,南港展覽館站出口7,1469,有電梯_7樓以上
房地(土地+建物)+車位,舊莊街一段８５號十五樓之２,15.0,-4.0,1,29.65,565569,10.82,217190.0,25.040853,121.61914,南港展覽館站出口7,1469,有電梯_7樓以上
房地(土地+建物)+車位,舊莊街一段８５號十五樓之１,15.0,-4.0,1,29.65,560789,10.82,194085.0,25.040853,121.61914,南港展覽館站出口7,1469,有電梯_7樓以上
房地(土地+建物)+車位,後港街１３４巷８號十九樓,19.0,-4.0,1,61.71,820924,11.47,187446.0,25.086918,121.520949,劍潭站出口1,475,有電梯_7樓以上
房地(土地+建物)+車位,後港街１３４巷１０號十九樓,19.0,-4.0,1,78.45,824060,22.94,209241.0,25.086909,121.520841,劍潭站出口1,484,有電梯_7樓以上
房地(土地+建物)+車位,後港街１３４巷１０號二十二樓,22.0,-4.0,1,78.56,832066,22.94,231037.0,25.086909,121.520841,劍潭站出口1,484,有電梯_7樓以上
房地(土地+建物)+車位,南京東路四段１２０巷３２號十二樓,12.0,-4.0,1,65.27,1243484,18.39,364328.0,25.049949,121.554739,台北小巨蛋站出口4,256,有電梯_7樓以上
房地(土地+建物)+車位,後港街１３４巷６號二十一樓,21.0,-4.0,1,61.71,828090,11.47,239756.0,25.086925,121.521053,劍潭站出口1,466,有電梯_7樓以上
房地(土地+建物)+車位,南京東路四段１２０巷２８號十四樓,14.0,-4.0,1,64.98,1287075,18.39,380642.0,25.049937,121.554929,台北小巨蛋站出口4,271,有電梯_7樓以上
房地(土地+建物)+車位,舊莊街一段８５號十四樓之７,14.0,-4.0,1,29.65,570879,10.82,194085.0,25.040853,121.61914,南港展覽館站出口7,1469,有電梯_7樓以上
房地(土地+建物)+車位,舊莊街一段８５號十三樓之７,13.0,-4.0,1,29.65,562914,10.82,203327.0,25.040853,121.61914,南港展覽館站出口7,1469,有電梯_7樓以上
房地(土地+建物)+車位,後港街１３４巷２號十九樓,19.0,-4.0,1,66.97,824646,11.47,217960.0,25.086933,121.52114,劍潭站出口1,458,有電梯_7樓以上
房地(土地+建物)+車位,後港街１３４巷６號十八樓,18.0,-4.0,1,61.71,818137,11.47,217960.0,25.086925,121.521053,劍潭站出口1,466,有電梯_7樓以上
房地(土地+建物)+車位,後港街１３４巷２號八樓,8.0,-4.0,1,93.14,795640,22.94,239756.0,25.086933,121.52114,劍潭站出口1,458,有電梯_7樓以上
房地(土地+建物)+車位,後港街１３４巷２號十七樓,17.0,-4.0,1,78.45,816494,22.94,217960.0,25.086933,121.52114,劍潭站出口1,458,有電梯_7樓以上
房地(土地+建物)+車位,後港街１３４巷２號十六樓,16.0,-4.0,1,78.45,811629,22.94,231037.0,25.086933,121.52114,劍潭站出口1,458,有電梯_7樓以上
房地(土地+建物)+車位,南京東路四段１２０巷２８號八樓,8.0,-4.0,1,64.98,1246941,18.39,266449.0,25.049937,121.554929,台北小巨蛋站出口4,271,有電梯_7樓以上
房地(土地+建物)+車位,後港街１３４巷２號二十一樓,21.0,-4.0,1,78.56,831886,22.94,244115.0,25.086933,121.52114,劍潭站出口1,458,有電梯_7樓以上
房地(土地+建物)+車位,舊莊街一段８５號十樓之６,10.0,-4.0,1,29.65,557603,10.82,212569.0,25.040853,121.61914,南港展覽館站出口7,1469,有電梯_7樓以上
房地(土地+建物)+車位,舊莊街一段８５號十一樓之７,11.0,-4.0,1,29.65,554948,10.82,184843.0,25.040853,121.61914,南港展覽館站出口7,1469,有電梯_7樓以上
房地(土地+建物)+車位,舊莊街一段８５號十一樓之８,11.0,-4.0,1,29.65,560258,10.82,184843.0,25.040853,121.61914,南港展覽館站出口7,1469,有電梯_7樓以上
房地(土地+建物)+車位,舊莊街一段８５號十樓之８,10.0,-4.0,1,29.65,549637,10.82,170980.0,25.040853,121.61914,南港展覽館站出口7,1469,有電梯_7樓以上
房地(土地+建物)+車位,舊莊街一段８５號十樓之７,10.0,-4.0,1,29.65,549637,10.82,198706.0,25.040853,121.61914,南港展覽館站出口7,1469,有電梯_7樓以上
房地(土地+建物)+車位,舊莊街一段８５號十二樓之６,12.0,-4.0,1,29.65,568224,10.82,231054.0,25.040853,121.61914,南港展覽館站出口7,1469,有電梯_7樓以上
房地(土地+建物)+車位,舊莊街一段８５號九樓之７,9.0,-4.0,1,29.65,550168,10.82,184843.0,25.040853,121.61914,南港展覽館站出口7,1469,有電梯_7樓以上
房地(土地+建物)+車位,舊莊街一段８５號八樓之１,8.0,-4.0,1,29.65,577783,10.82,231054.0,25.040853,121.61914,南港展覽館站出口7,1469,有電梯_7樓以上
房地(土地+建物)+車位,後港街１３４巷６號十九樓,19.0,-4.0,1,61.71,820924,11.47,239756.0,25.086925,121.521053,劍潭站出口1,466,有電梯_7樓以上
房地(土地+建物)+車位,南京東路四段１２０巷２８號十樓,10.0,-4.0,1,55.79,1266257,9.19,326442.0,25.049937,121.554929,台北小巨蛋站出口4,271,有電梯_7樓以上
房地(土地+建物)+車位,南京東路四段１２０巷３０號十樓,10.0,-4.0,1,75.32,1224172,18.39,206634.0,25.050042,121.554739,台北小巨蛋站出口4,249,有電梯_7樓以上
房地(土地+建物)+車位,南京東路四段１２０巷２８號九樓,9.0,-4.0,1,64.98,1255526,18.39,326264.0,25.049937,121.554929,台北小巨蛋站出口4,271,有電梯_7樓以上
房地(土地+建物)+車位,後港街１３４巷６號十七樓,17.0,-4.0,1,61.71,813558,11.47,231037.0,25.086925,121.521053,劍潭站出口1,466,有電梯_7樓以上
房地(土地+建物)+車位,後港街１３４巷８號二十二樓,22.0,-4.0,1,61.71,829085,11.47,252833.0,25.086918,121.520949,劍潭站出口1,475,有電梯_7樓以上
房地(土地+建物)+車位,後港街１３４巷１０號十七樓,17.0,-4.0,1,78.45,823880,22.94,220139.0,25.086909,121.520841,劍潭站出口1,484,有電梯_7樓以上
房地(土地+建物)+車位,後港街１３４巷２號二十樓,20.0,-4.0,1,78.45,828024,22.94,213601.0,25.086933,121.52114,劍潭站出口1,458,有電梯_7樓以上
房地(土地+建物)+車位,後港街１３４巷１０號十六樓,16.0,-4.0,1,78.45,813070,22.94,207062.0,25.086909,121.520841,劍潭站出口1,484,有電梯_7樓以上
房地(土地+建物)+車位,後港街１３４巷２號十二樓,12.0,-4.0,1,93.14,807037,22.94,235397.0,25.086933,121.52114,劍潭站出口1,458,有電梯_7樓以上
房地(土地+建物)+車位,舊莊街一段８５號九樓之８,9.0,-4.0,1,29.65,539547,10.82,166359.0,25.040853,121.61914,南港展覽館站出口7,1469,有電梯_7樓以上
房地(土地+建物)+車位,舊莊街一段８５號十二樓之７,12.0,-4.0,1,29.65,557603,10.82,198706.0,25.040853,121.61914,南港展覽館站出口7,1469,有電梯_7樓以上
房地(土地+建物)+車位,後港街１３４巷６號九樓,9.0,-4.0,1,84.68,805836,22.94,231037.0,25.086925,121.521053,劍潭站出口1,466,有電梯_7樓以上
房地(土地+建物)+車位,後港街１３４巷８號十二樓,12.0,-4.0,1,84.68,807456,22.94,246295.0,25.086918,121.520949,劍潭站出口1,475,有電梯_7樓以上
房地(土地+建物)+車位,後港街１３４巷６號十六樓,16.0,-4.0,1,73.18,810174,22.94,222319.0,25.086925,121.521053,劍潭站出口1,466,有電梯_7樓以上
房地(土地+建物)+車位,舊莊街一段８５號八樓之６,8.0,-4.0,1,29.65,550699,10.82,184843.0,25.040853,121.61914,南港展覽館站出口7,1469,有電梯_7樓以上
房地(土地+建物)+車位,舊莊街一段８５號九樓之６,9.0,-4.0,1,29.65,552293,10.82,184843.0,25.040853,121.61914,南港展覽館站出口7,1469,有電梯_7樓以上
房地(土地+建物)+車位,舊莊街一段８５號八樓之７,8.0,-4.0,1,29.65,538485,10.82,184843.0,25.040853,121.61914,南港展覽館站出口7,1469,有電梯_7樓以上
房地(土地+建物),舊莊街一段８５號八樓之８,8.0,-4.0,1,18.83,544414,0.0,,25.040853,121.61914,南港展覽館站出口7,1469,有電梯_7樓以上
房地(土地+建物)+車位,舊莊街一段８５號八樓,8.0,-4.0,1,54.65,528799,10.82,231054.0,25.040853,121.61914,南港展覽館站出口7,1469,有電梯_7樓以上
房地(土地+建物)+車位,南京東路四段１２０巷２６號八樓,8.0,-4.0,1,75.32,1269836,18.39,299076.0,25.050037,121.55494,台北小巨蛋站出口4,265,有電梯_7樓以上
房地(土地+建物)+車位,舊莊街一段８５號十樓之５,10.0,-4.0,1,42.68,529730,10.82,184843.0,25.040853,121.61914,南港展覽館站出口7,1469,有電梯_7樓以上
房地(土地+建物)+車位,立農街一段３３３號八樓,8.0,-4.0,1,41.83,688366,13.02,153610.0,25.119521,121.50748,唭哩岸站出口1,144,有電梯_7樓以上
房地(土地+建物)+車位,立農街一段３３３號十二樓之１,12.0,-4.0,1,48.65,665229,13.02,153610.0,25.119521,121.50748,唭哩岸站出口1,144,有電梯_7樓以上
房地(土地+建物)+車位,士東路２０８號十四樓,14.0,-4.0,1,75.03,1227996,18.39,391517.0,25.11259,121.533923,芝山站出口2,1519,有電梯_7樓以上
房地(土地+建物)+車位,士東路２１０號十四樓,14.0,-4.0,1,53.3,1171084,9.2,391304.0,25.112513,121.533967,芝山站出口2,1517,有電梯_7樓以上
房地(土地+建物)+車位,南京東路四段１２０巷２６號九樓,9.0,-4.0,1,75.32,1288805,18.39,337140.0,25.050037,121.55494,台北小巨蛋站出口4,265,有電梯_7樓以上
房地(土地+建物)+車位,南京東路四段１２０巷２６號十二樓,12.0,-4.0,1,74.35,1233305,17.41,321654.0,25.050037,121.55494,台北小巨蛋站出口4,265,有電梯_7樓以上
房地(土地+建物)+車位,南京東路四段１２０巷２８號十二樓,12.0,-4.0,1,55.79,1222475,9.19,304679.0,25.049937,121.554929,台北小巨蛋站出口4,271,有電梯_7樓以上
房地(土地+建物)+車位,立農街一段３３３號十樓之１,10.0,-4.0,1,48.49,720118,13.02,161290.0,25.119521,121.50748,唭哩岸站出口1,144,有電梯_7樓以上
房地(土地+建物)+車位,舊莊街一段８５號十四樓之５,14.0,-4.0,1,42.68,511528,10.82,231054.0,25.040853,121.61914,南港展覽館站出口7,1469,有電梯_7樓以上
房地(土地+建物)+車位,舊莊街一段８５號八樓之５,8.0,-4.0,1,42.68,488933,10.82,184843.0,25.040853,121.61914,南港展覽館站出口7,1469,有電梯_7樓以上
房地(土地+建物)+車位,舊莊街一段８５號十一樓之５,11.0,-4.0,1,42.68,501486,10.82,212569.0,25.040853,121.61914,南港展覽館站出口7,1469,有電梯_7樓以上
房地(土地+建物),舊莊街一段８５號十四樓之６,14.0,-4.0,1,18.83,568315,0.0,,25.040853,121.61914,南港展覽館站出口7,1469,有電梯_7樓以上
房地(土地+建物)+車位,舊莊街一段８５號十一樓之９,11.0,-4.0,1,42.69,510755,10.82,184843.0,25.040853,121.61914,南港展覽館站出口7,1469,有電梯_7樓以上
房地(土地+建物)+車位,舊莊街一段８５號九樓之９,9.0,-4.0,1,42.69,501343,10.82,175601.0,25.040853,121.61914,南港展覽館站出口7,1469,有電梯_7樓以上
房地(土地+建物)+車位,舊莊街一段８５號十三樓之５,13.0,-4.0,1,42.68,510901,10.82,231054.0,25.040853,121.61914,南港展覽館站出口7,1469,有電梯_7樓以上
房地(土地+建物)+車位,舊莊街一段８５號十二樓之８,12.0,-4.0,1,29.65,561852,10.82,184843.0,25.040853,121.61914,南港展覽館站出口7,1469,有電梯_7樓以上
房地(土地+建物)+車位,舊莊街一段８５號十一樓之６,11.0,-4.0,1,29.65,561852,10.82,184843.0,25.040853,121.61914,南港展覽館站出口7,1469,有電梯_7樓以上
房地(土地+建物)+車位,舊莊街一段８５號九樓之３,9.0,-4.0,1,42.69,495068,10.82,184843.0,25.040853,121.61914,南港展覽館站出口7,1469,有電梯_7樓以上
房地(土地+建物)+車位,舊莊街一段８５號十三樓之２,13.0,-4.0,1,29.65,556541,10.82,231054.0,25.040853,121.61914,南港展覽館站出口7,1469,有電梯_7樓以上
房地(土地+建物)+車位,舊莊街一段８５號九樓之２,9.0,-4.0,1,29.65,540610,10.82,212569.0,25.040853,121.61914,南港展覽館站出口7,1469,有電梯_7樓以上
房地(土地+建物)+車位,舊莊街一段８５號十二樓之１,12.0,-4.0,1,29.65,556541,10.82,184843.0,25.040853,121.61914,南港展覽館站出口7,1469,有電梯_7樓以上
房地(土地+建物)+車位,南京東路四段１２０巷３０號八樓,8.0,-4.0,1,74.35,1217497,17.41,310167.0,25.050042,121.554739,台北小巨蛋站出口4,249,有電梯_7樓以上
房地(土地+建物)+車位,南京東路四段１２０巷３２號八樓,8.0,-4.0,1,56.08,1214690,9.19,282916.0,25.049949,121.554739,台北小巨蛋站出口4,256,有電梯_7樓以上
房地(土地+建物)+車位,南京東路四段１２０巷３２號九樓,9.0,-4.0,1,56.08,1232393,9.19,304679.0,25.049949,121.554739,台北小巨蛋站出口4,256,有電梯_7樓以上
房地(土地+建物)+車位,南京東路四段１２０巷３２號十樓,10.0,-4.0,1,65.27,1230686,18.39,304513.0,25.049949,121.554739,台北小巨蛋站出口4,256,有電梯_7樓以上
房地(土地+建物)+車位,士東路２０８號十三樓,13.0,-4.0,1,69.49,1204156,9.2,347826.0,25.11259,121.533923,芝山站出口2,1519,有電梯_7樓以上
房地(土地+建物)+車位,士東路２１０號十三樓,13.0,-4.0,1,53.28,1151990,9.2,347826.0,25.112513,121.533967,芝山站出口2,1517,有電梯_7樓以上
房地(土地+建物)+車位,士東路２０８號十一樓,11.0,-4.0,1,78.69,1169208,18.39,391517.0,25.11259,121.533923,芝山站出口2,1519,有電梯_7樓以上
房地(土地+建物)+車位,士東路２０６號十一樓,11.0,-4.0,1,78.69,1164232,18.39,391517.0,25.112579,121.533785,芝山站出口2,1508,有電梯_7樓以上
房地(土地+建物)+車位,士東路２１０號十一樓,11.0,-4.0,1,53.28,1127489,9.2,391304.0,25.112513,121.533967,芝山站出口2,1517,有電梯_7樓以上
房地(土地+建物)+車位,士東路２０２號十一樓,11.0,-4.0,1,53.28,1125221,9.2,391304.0,25.11249,121.533769,芝山站出口2,1500,有電梯_7樓以上
房地(土地+建物)+車位,士東路２０８號十八樓,18.0,-4.0,1,75.03,1267790,18.39,369766.0,25.11259,121.533923,芝山站出口2,1519,有電梯_7樓以上
房地(土地+建物)+車位,士東路２０６號十八樓,18.0,-4.0,1,77.39,1262658,18.39,369766.0,25.112579,121.533785,芝山站出口2,1508,有電梯_7樓以上
房地(土地+建物)+車位,士東路２０２號八樓,8.0,-4.0,1,53.28,1107072,9.2,347826.0,25.11249,121.533769,芝山站出口2,1500,有電梯_7樓以上
房地(土地+建物)+車位,士東路２０２號十二樓,12.0,-4.0,1,53.28,1160384,9.2,391304.0,25.11249,121.533769,芝山站出口2,1500,有電梯_7樓以上
房地(土地+建物)+車位,士東路２０６號十二樓,12.0,-4.0,1,69.49,1199180,9.2,391304.0,25.112579,121.533785,芝山站出口2,1508,有電梯_7樓以上
房地(土地+建物)+車位,南京東路四段１２０巷２６號十樓,10.0,-4.0,1,75.32,1293196,18.39,326264.0,25.050037,121.55494,台北小巨蛋站出口4,265,有電梯_7樓以上
房地(土地+建物)+車位,南京東路四段１２０巷２６號十四樓,14.0,-4.0,1,141.45,1292283,27.58,315446.0,25.050037,121.55494,台北小巨蛋站出口4,265,有電梯_7樓以上
房地(土地+建物),士東路２０６號十三樓,13.0,-4.0,1,60.29,1160759,0.0,,25.112579,121.533785,芝山站出口2,1508,有電梯_7樓以上
房地(土地+建物)+車位,舊莊街一段８５號十樓之９,10.0,-4.0,1,42.69,504480,10.82,184843.0,25.040853,121.61914,南港展覽館站出口7,1469,有電梯_7樓以上
房地(土地+建物)+車位,舊莊街一段８５號十四樓之２,14.0,-4.0,1,29.65,567162,10.82,231054.0,25.040853,121.61914,南港展覽館站出口7,1469,有電梯_7樓以上
房地(土地+建物)+車位,舊莊街一段８５號八樓之２,8.0,-4.0,1,29.65,556541,10.82,184843.0,25.040853,121.61914,南港展覽館站出口7,1469,有電梯_7樓以上
房地(土地+建物)+車位,舊莊街一段８５號八樓之９,8.0,-4.0,1,42.69,498206,10.82,184843.0,25.040853,121.61914,南港展覽館站出口7,1469,有電梯_7樓以上
房地(土地+建物)+車位,舊莊街一段８５號十二樓之３,12.0,-4.0,1,42.69,542128,10.82,184843.0,25.040853,121.61914,南港展覽館站出口7,1469,有電梯_7樓以上
房地(土地+建物)+車位,舊莊街一段８５號十四樓之３,14.0,-4.0,1,42.69,520167,10.82,231054.0,25.040853,121.61914,南港展覽館站出口7,1469,有電梯_7樓以上
房地(土地+建物)+車位,士東路２０２號十三樓,13.0,-4.0,1,80.88,1222804,36.78,358891.0,25.11249,121.533769,芝山站出口2,1500,有電梯_7樓以上
房地(土地+建物),立農街一段３３３號八樓之１,8.0,-4.0,1,29.04,659093,0.0,,25.119521,121.50748,唭哩岸站出口1,144,有電梯_7樓以上
房地(土地+建物),立農街一段３３３號十一樓,11.0,-4.0,1,48.91,680814,0.0,,25.119521,121.50748,唭哩岸站出口1,144,有電梯_7樓以上
房地(土地+建物),立農街一段３３３號十樓,10.0,-4.0,1,48.91,706623,0.0,,25.119521,121.50748,唭哩岸站出口1,144,有電梯_7樓以上
房地(土地+建物),立農街一段３３３號八樓之２,8.0,-4.0,1,23.43,722141,0.0,,25.119521,121.50748,唭哩岸站出口1,144,有電梯_7樓以上
房地(土地+建物)+車位,立農街一段３３３號九樓之３,9.0,-4.0,1,50.34,656930,13.02,168971.0,25.119521,121.50748,唭哩岸站出口1,144,有電梯_7樓以上
房地(土地+建物)+車位,舊莊街一段８５號十二樓之２,12.0,-4.0,1,29.65,556541,10.82,184843.0,25.040853,121.61914,南港展覽館站出口7,1469,有電梯_7樓以上
房地(土地+建物),士東路２０８號十五樓,15.0,-4.0,1,56.63,1218480,0.0,,25.11259,121.533923,芝山站出口2,1519,有電梯_7樓以上
房地(土地+建物),士東路２０６號十五樓,15.0,-4.0,1,59.16,1216980,0.0,,25.112579,121.533785,芝山站出口2,1508,有電梯_7樓以上
房地(土地+建物)+車位,士東路２０２號十五樓,15.0,-4.0,1,90.1,1162217,45.98,356677.0,25.11249,121.533769,芝山站出口2,1500,有電梯_7樓以上
房地(土地+建物)+車位,士東路２１０號八樓,8.0,-4.0,1,53.28,1083479,9.2,347826.0,25.112513,121.533967,芝山站出口2,1517,有電梯_7樓以上
房地(土地+建物)+車位,立農街一段３３３號八樓之３,8.0,-4.0,1,50.34,653374,13.02,161290.0,25.119521,121.50748,唭哩岸站出口1,144,有電梯_7樓以上
房地(土地+建物)+車位,立農街一段３３３號十一樓之１,11.0,-4.0,1,48.49,642040,13.02,176651.0,25.119521,121.50748,唭哩岸站出口1,144,有電梯_7樓以上
房地(土地+建物)+車位,立農街一段３３３號十二樓,12.0,-4.0,1,61.92,661556,13.02,161290.0,25.119521,121.50748,唭哩岸站出口1,144,有電梯_7樓以上
房地(土地+建物)+車位,立農街一段３３３號九樓,9.0,-4.0,1,41.83,669272,13.02,192012.0,25.119521,121.50748,唭哩岸站出口1,144,有電梯_7樓以上
房地(土地+建物)+車位,士東路２０８號八樓,8.0,-4.0,1,78.69,1140185,18.39,369766.0,25.11259,121.533923,芝山站出口2,1519,有電梯_7樓以上
房地(土地+建物)+車位,士東路２０６號八樓,8.0,-4.0,1,69.49,1135323,9.2,369565.0,25.112579,121.533785,芝山站出口2,1508,有電梯_7樓以上
房地(土地+建物)+車位,士東路２０２號十四樓,14.0,-4.0,1,53.3,1155213,9.2,347826.0,25.11249,121.533769,芝山站出口2,1500,有電梯_7樓以上
房地(土地+建物)+車位,士東路２０６號十四樓,14.0,-4.0,1,77.56,1205470,18.39,348015.0,25.112579,121.533785,芝山站出口2,1508,有電梯_7樓以上
房地(土地+建物),士東路２０８號十二樓,12.0,-4.0,1,60.29,1160759,0.0,,25.11259,121.533923,芝山站出口2,1519,有電梯_7樓以上
房地(土地+建物)+車位,士東路２１０號十二樓,12.0,-4.0,1,71.68,1129979,27.59,369699.0,25.112513,121.533967,芝山站出口2,1517,有電梯_7樓以上
房地(土地+建物)+車位,士東路２１０號十五樓,15.0,-4.0,1,53.3,1174485,9.2,347826.0,25.112513,121.533967,芝山站出口2,1517,有電梯_7樓以上
