交易標的,地址,幾樓,屋齡,是否有電梯,坪數,每坪價格,車位坪數,車位每坪價格,緯度,經度,最近捷運站出口,距離(公尺),類別
房地(土地+建物)+車位,成功路四段１７８號十八樓之３,18.0,7.0,1,93.34,1087141,17.61,283930.0,25.083356,121.593582,內湖站出口1,81,有電梯_7樓以上
房地(土地+建物)+車位,文德路２１０巷３０弄１００號十樓,10.0,22.0,1,62.01,861710,8.77,0.0,25.076408,121.584807,文德站出口2,217,有電梯_7樓以上
房地(土地+建物),信義路五段１５０巷３３０號十樓之１,10.0,16.0,1,29.83,1005614,0.0,,25.026533,121.570157,象山站出口2,650,有電梯_7樓以上
房地(土地+建物),仁愛路四段３９６號九樓,9.0,45.0,1,36.22,1150152,0.0,,25.03742,121.556468,國父紀念館站出口2,402,有電梯_7樓以上
房地(土地+建物)+車位,潭美街７９號十樓,10.0,12.0,1,61.98,931352,2.93,0.0,25.053471,121.578114,松山站出口5,326,有電梯_7樓以上
房地(土地+建物)+車位,辛亥路四段２０９巷３８號十九樓,19.0,5.0,1,44.13,1027843,9.98,290581.0,25.001988,121.556326,萬芳醫院站出口,323,有電梯_7樓以上
房地(土地+建物),舊莊街一段８５號十三樓之８,13.0,1.0,1,18.83,849817,0.0,,25.040853,121.61914,南港展覽館站出口7,1469,有電梯_7樓以上
房地(土地+建物)+車位,中山北路七段８９號十一樓,11.0,10.0,1,220.8,1393206,63.03,288751.0,25.122019,121.531453,石牌站出口2,1799,有電梯_7樓以上
房地(土地+建物),萬美街二段５７號十樓之１,10.0,29.0,1,10.55,574673,0.0,,25.005138,121.564067,辛亥站出口,710,有電梯_7樓以上
房地(土地+建物),中和街２８號十五樓之８,15.0,25.0,1,18.12,755956,0.0,,25.137951,121.502985,新北投站出口1,122,有電梯_7樓以上
房地(土地+建物)+車位,敦化南路一段３５２號十二樓,12.0,16.0,1,40.68,1375782,7.46,442359.0,25.034564,121.548443,信義安和站出口2,427,有電梯_7樓以上
房地(土地+建物)+車位,臥龍街４３巷５號十樓,10.0,35.0,1,64.82,722004,0.0,,25.02259,121.547297,科技大樓站出口,541,有電梯_7樓以上
房地(土地+建物)+車位,士東路２巷１９號八樓,8.0,21.0,1,55.58,802516,0.0,,25.111089,121.526712,明德站出口1,787,有電梯_7樓以上
房地(土地+建物)+車位,木柵路三段４８巷１弄１號八樓,8.0,28.0,1,51.31,550608,0.0,,24.98774,121.565465,萬芳社區站出口,1241,有電梯_7樓以上
房地(土地+建物)+車位,民權東路六段２９６巷８４號十九樓,19.0,32.0,1,54.66,738172,12.12,160891.0,25.068818,121.610219,東湖站出口1,194,有電梯_7樓以上
房地(土地+建物)+車位,萬大路６２８號十四樓之３,14.0,15.0,1,40.29,578585,12.29,0.0,25.01695,121.495556,橋和站出口,1452,有電梯_7樓以上
房地(土地+建物)+車位,辛亥路二段４１號十八樓之２,18.0,36.0,1,67.34,1090185,10.01,0.0,25.022818,121.536274,台電大樓站出口2,780,有電梯_7樓以上
房地(土地+建物),信義路五段１５０巷３３０號十樓之８,10.0,16.0,1,9.96,1071823,0.0,,25.026533,121.570157,象山站出口2,650,有電梯_7樓以上
房地(土地+建物)+車位,民權東路六段１８５號十樓,10.0,16.0,1,84.51,1004471,19.8,252525.0,25.067997,121.597104,葫洲站出口2,1135,有電梯_7樓以上
房地(土地+建物),大龍街９１巷１２號九樓之１０,9.0,3.0,1,16.97,766048,0.0,,25.06721,121.516986,民權西路站出口5,477,有電梯_7樓以上
房地(土地+建物),成功路二段４８６巷１４號十一樓,11.0,26.0,1,17.29,592798,0.0,,25.073257,121.588879,文德站出口1,685,有電梯_7樓以上
房地(土地+建物),敦化南路二段１２８號十一樓之７,11.0,46.0,1,27.45,1153547,0.0,,25.026092,121.548377,科技大樓站出口,478,有電梯_7樓以上
房地(土地+建物)+車位,福興路１０６巷３５號八樓,8.0,12.0,1,59.38,592058,21.37,187178.0,25.00698,121.549988,辛亥站出口,738,有電梯_7樓以上
房地(土地+建物)+車位,天玉街１３號十二樓,12.0,18.0,1,64.57,862575,19.94,300903.0,25.120728,121.52731,石牌站出口2,1372,有電梯_7樓以上
房地(土地+建物)+車位,天玉街１３號十三樓,13.0,18.0,1,54.6,862575,9.97,300903.0,25.120728,121.52731,石牌站出口2,1372,有電梯_7樓以上
房地(土地+建物)+車位,磺港路１３８號十三樓之１,13.0,10.0,1,58.39,801299,17.83,280426.0,25.129295,121.502156,北投站出口2,355,有電梯_7樓以上
房地(土地+建物),建國南路二段１５１巷１９弄５號十樓,10.0,39.0,1,13.87,648759,0.0,,25.029244,121.538871,大安森林公園站出口5,543,有電梯_7樓以上
房地(土地+建物),建國南路二段１５１巷１９弄５號十樓,10.0,39.0,1,13.87,720844,0.0,,25.029244,121.538871,大安森林公園站出口5,543,有電梯_7樓以上
房地(土地+建物)+車位,研究院路二段９０號八樓之３,8.0,12.0,1,89.99,633612,26.39,189466.0,25.044516,121.615588,南港展覽館站出口7,1089,有電梯_7樓以上
房地(土地+建物)+車位,基河路３１６號八樓,8.0,1.0,1,34.77,1187552,9.66,310559.0,25.093944,121.518867,士林站出口1,715,有電梯_7樓以上
房地(土地+建物)+車位,萬壽路７５巷５１號九樓,9.0,26.0,1,43.95,422752,0.0,,24.985579,121.589263,動物園站出口1,1698,有電梯_7樓以上
房地(土地+建物),福德街３７３巷５１號十六樓,16.0,27.0,1,38.86,581634,0.0,,25.03919,121.592469,後山埤站出口3,1144,有電梯_7樓以上
房地(土地+建物)+車位,興隆路二段２１７巷８之１０號八樓,8.0,28.0,1,41.89,551005,0.0,,25.002132,121.549121,辛亥站出口,863,有電梯_7樓以上
房地(土地+建物)+車位,成福路１９４巷８號八樓之１,8.0,11.0,1,20.93,730904,0.0,,25.040676,121.587818,後山埤站出口3,683,有電梯_7樓以上
房地(土地+建物)+車位,忠誠路一段４８號八樓,8.0,25.0,1,79.96,815161,0.0,,25.104606,121.526771,芝山站出口2,455,有電梯_7樓以上
房地(土地+建物)+車位,承德路二段１０９巷２號十二樓之１,12.0,2.0,1,39.7,1224493,10.38,346821.0,25.056628,121.519076,雙連站出口1,180,有電梯_7樓以上
房地(土地+建物)+車位,向陽路１９６巷８號十二樓之１,12.0,16.0,1,41.45,1006001,13.61,0.0,25.056383,121.594046,昆陽站出口3,645,有電梯_7樓以上
房地(土地+建物)+車位,吳興街６００巷１２８號十樓,10.0,15.0,1,89.03,792599,23.74,0.0,25.018169,121.572235,麟光站出口,1374,有電梯_7樓以上
房地(土地+建物)+車位,木柵路二段１０９巷１００弄８０號十三樓,13.0,28.0,1,34.55,541922,4.14,386473.0,24.992931,121.561953,萬芳醫院站出口,834,有電梯_7樓以上
房地(土地+建物),萬芳路１０５巷３５號九樓,9.0,29.0,1,24.16,728549,0.0,,24.996719,121.563609,萬芳社區站出口,526,有電梯_7樓以上
房地(土地+建物)+車位,康寧路三段１９０巷３５號十樓之８,10.0,17.0,1,33.8,934321,8.0,312500.0,25.068665,121.610794,東湖站出口1,164,有電梯_7樓以上
房地(土地+建物)+車位,北安路８２９號十一樓之８,11.0,14.0,1,26.11,1077813,12.71,212431.0,25.084811,121.556951,劍南路站出口3,104,有電梯_7樓以上
房地(土地+建物),北安路８２９號十一樓之７,11.0,14.0,1,14.17,1115342,0.0,,25.084811,121.556951,劍南路站出口3,104,有電梯_7樓以上
房地(土地+建物)+車位,研究院路二段６１巷１７號十六樓之３,16.0,11.0,1,63.37,799013,15.71,190961.0,25.044702,121.617124,南港展覽館站出口7,1043,有電梯_7樓以上
房地(土地+建物),基河路１２８號九樓之８,9.0,28.0,1,8.51,852008,0.0,,25.088648,121.523185,劍潭站出口1,449,有電梯_7樓以上
房地(土地+建物)+車位,汀州路一段２３９號八樓之１,8.0,8.0,1,21.31,828678,3.37,534125.0,25.026631,121.512621,中正紀念堂站出口2,857,有電梯_7樓以上
房地(土地+建物)+車位,中山北路五段７５７號十二樓,12.0,1.0,1,78.27,988096,11.8,279661.0,25.099306,121.526646,芝山站出口1,506,有電梯_7樓以上
房地(土地+建物)+車位,致遠一路一段１０４巷２號八樓,8.0,17.0,1,35.88,780325,0.0,,25.10972,121.51539,明德站出口3,318,有電梯_7樓以上
房地(土地+建物)+車位,辛亥路一段３號十一樓,11.0,36.0,1,64.23,759773,0.0,,25.018808,121.527605,台電大樓站出口1,133,有電梯_7樓以上
房地(土地+建物)+車位,金湖路６５巷１１號八樓之１,8.0,19.0,1,40.37,1201486,12.48,0.0,25.081806,121.596474,內湖站出口2,277,有電梯_7樓以上
房地(土地+建物),敦化南路二段４６號九樓,9.0,50.0,1,21.16,1152018,0.0,,25.031308,121.548271,信義安和站出口2,452,有電梯_7樓以上
房地(土地+建物)+車位,福興路１０６巷１３號十二樓,12.0,14.0,1,41.91,682336,14.24,140449.0,25.006699,121.549509,辛亥站出口,777,有電梯_7樓以上
房地(土地+建物)+車位,吳興街２８４巷２之１號十樓,10.0,23.0,1,38.17,903937,0.0,,25.026324,121.564169,台北101/世貿站出口3,716,有電梯_7樓以上
房地(土地+建物),復興北路４６０號十一樓,11.0,23.0,1,14.72,1024482,0.0,,25.064425,121.544075,中山國中站出口,400,有電梯_7樓以上
房地(土地+建物),康寧路一段２９０號九樓之３,9.0,33.0,1,12.25,782155,0.0,,25.078357,121.597842,內湖站出口2,671,有電梯_7樓以上
房地(土地+建物),和平東路二段３１１巷４３弄５號十六樓,16.0,40.0,1,38.45,821831,0.0,,25.02585,121.545935,科技大樓站出口,234,有電梯_7樓以上
房地(土地+建物)+車位,文德路１００號十樓之２,10.0,29.0,1,31.88,871359,10.67,0.0,25.078312,121.582809,文德站出口2,180,有電梯_7樓以上
房地(土地+建物),星雲街２１０巷３９號九樓之１,9.0,24.0,1,26.62,882897,0.0,,25.08005,121.597892,內湖站出口2,518,有電梯_7樓以上
房地(土地+建物)+車位,辛亥路四段７７巷９２弄９號十四樓之３,14.0,21.0,1,33.31,805744,10.97,227894.0,25.008779,121.561219,辛亥站出口,587,有電梯_7樓以上
房地(土地+建物)+車位,四維路６６巷２號十五樓,15.0,29.0,1,52.52,1029835,0.0,,25.034614,121.547917,大安站出口6,425,有電梯_7樓以上
房地(土地+建物),建國南路一段３４１巷３號十樓之１,10.0,39.0,1,29.27,1010492,0.0,,25.0345,121.538406,大安森林公園站出口6,265,有電梯_7樓以上
房地(土地+建物)+車位,關渡路２８號十三樓,13.0,21.0,1,54.46,686323,12.5,0.0,25.12145,121.46912,關渡站出口1,482,有電梯_7樓以上
房地(土地+建物)+車位,水源路３７號十一樓之１,11.0,7.0,1,63.83,856838,9.7,257732.0,25.018603,121.523945,台電大樓站出口4,431,有電梯_7樓以上
房地(土地+建物)+車位,金湖路９７號十樓,10.0,15.0,1,75.61,968135,24.09,207555.0,25.080806,121.597809,內湖站出口2,450,有電梯_7樓以上
房地(土地+建物),福德街３７９號十二樓,12.0,27.0,1,40.16,647413,0.0,,25.040897,121.59103,後山埤站出口3,918,有電梯_7樓以上
房地(土地+建物)+車位,陽光街９２巷２５弄１９號九樓,9.0,11.0,1,20.69,991737,4.06,492611.0,25.075915,121.584153,文德站出口2,275,有電梯_7樓以上
房地(土地+建物),中華路二段６６６之８號八樓之２,8.0,35.0,1,33.3,645603,0.0,,25.024295,121.511228,古亭站出口8,1118,有電梯_7樓以上
房地(土地+建物),內湖路一段６６１號十二樓之４,12.0,14.0,1,16.65,1171201,0.0,,25.080209,121.575501,港墘站出口1,31,有電梯_7樓以上
房地(土地+建物)+車位,新明路４２８巷１０號九樓,9.0,2.0,1,49.67,788723,8.78,0.0,25.054189,121.579293,松山站出口5,431,有電梯_7樓以上
房地(土地+建物),青年路３０巷１號十二樓之３,12.0,38.0,1,33.25,670723,0.0,,25.026106,121.504904,龍山寺站出口3,1087,有電梯_7樓以上
房地(土地+建物)+車位,內湖路一段９１巷８３號八樓,8.0,0.0,1,27.45,927445,2.0,1000000.0,25.089157,121.562594,劍南路站出口1,836,有電梯_7樓以上
房地(土地+建物),民權西路２７９號八樓之１,8.0,20.0,1,9.95,804328,0.0,,25.063401,121.509626,大橋頭站出口1A,213,有電梯_7樓以上
房地(土地+建物)+車位,中山北路六段１９５巷８號十三樓之２,13.0,17.0,1,36.85,1087090,11.02,272232.0,25.107957,121.524427,芝山站出口2,504,有電梯_7樓以上
房地(土地+建物),興隆路二段２５２號十二樓之４,12.0,30.0,1,33.32,692070,0.0,,25.000683,121.554258,萬芳醫院站出口,379,有電梯_7樓以上
房地(土地+建物)+車位,敬業三路１６２巷１４４號九樓,9.0,24.0,1,43.21,870188,0.0,,25.077203,121.560053,西湖站出口1,876,有電梯_7樓以上
房地(土地+建物)+車位,松高路９２之２號十樓,10.0,27.0,1,122.06,1485458,25.46,0.0,25.038914,121.571532,永春站出口1,429,有電梯_7樓以上
房地(土地+建物),民權東路三段１１５巷２號九樓,9.0,40.0,1,30.75,796693,0.0,,25.062397,121.545407,中山國中站出口,226,有電梯_7樓以上
房地(土地+建物)+車位,清江路９１巷２２號九樓,9.0,0.0,1,37.54,710177,7.27,327373.0,25.129822,121.502277,北投站出口2,338,有電梯_7樓以上
房地(土地+建物),清江路９１巷２０號九樓,9.0,0.0,1,24.47,734802,0.0,,25.129755,121.502297,北投站出口2,343,有電梯_7樓以上
房地(土地+建物)+車位,福美路２０９號十樓,10.0,7.0,1,57.02,858748,13.21,0.0,25.100096,121.504833,明德站出口3,1763,有電梯_7樓以上
建物,成都路６７號十樓,10.0,30.0,1,21.27,432498,0.0,,25.042912,121.505693,西門站出口6,196,有電梯_7樓以上
房地(土地+建物),樟新街３２巷１號十樓,10.0,30.0,1,31.58,607386,0.0,,24.978524,121.554907,七張站出口2,1249,有電梯_7樓以上
房地(土地+建物),興隆路二段２１７巷８之１１號八樓,8.0,28.0,1,21.94,738469,0.0,,25.002223,121.548954,辛亥站出口,874,有電梯_7樓以上
房地(土地+建物)+車位,大安路二段８２號十一樓之１,11.0,3.0,1,111.42,1364175,0.0,,25.031559,121.545821,大安站出口4,255,有電梯_7樓以上
房地(土地+建物)+車位,寶興街６５巷１６號九樓,9.0,9.0,1,52.33,602203,3.34,0.0,25.027029,121.494868,龍山寺站出口2,1027,有電梯_7樓以上
房地(土地+建物)+車位,東新街１１８巷４３號八樓,8.0,13.0,1,40.6,1028940,9.5,0.0,25.046185,121.588943,後山埤站出口3,581,有電梯_7樓以上
房地(土地+建物)+車位,承德路四段２巷１７號九樓,9.0,0.0,1,49.98,1007312,12.35,242915.0,25.079257,121.520462,劍潭站出口2,621,有電梯_7樓以上
房地(土地+建物)+車位,民權東路六段１３３號九樓,9.0,18.0,1,58.36,865300,0.0,,25.06914,121.593798,文德站出口1,1341,有電梯_7樓以上
房地(土地+建物)+車位,研究院路三段２０巷１號八樓,8.0,21.0,1,48.59,510356,0.0,,25.03499,121.615236,南港站出口2,2051,有電梯_7樓以上
房地(土地+建物)+車位,重慶北路四段１０８號十一樓之５,11.0,1.0,1,49.48,796479,12.19,205086.0,25.082843,121.512788,劍潭站出口2,1206,有電梯_7樓以上
房地(土地+建物)+車位,敦化南路二段６０號十六樓,16.0,43.0,1,90.52,1014175,0.0,,25.030301,121.548401,信義安和站出口2,499,有電梯_7樓以上
房地(土地+建物)+車位,環河北路三段１０７號十一樓之１,11.0,21.0,1,25.92,699956,5.91,338409.0,25.084844,121.506386,三重國小站出口,1856,有電梯_7樓以上
房地(土地+建物)+車位,內湖路三段２４０號九樓,9.0,11.0,1,34.79,776736,10.65,262911.0,25.088707,121.588173,內湖站出口1,825,有電梯_7樓以上
房地(土地+建物)+車位,承德路七段１６６號十八樓,18.0,2.0,1,89.22,782372,15.08,331565.0,25.113407,121.508698,石牌站出口1,682,有電梯_7樓以上
房地(土地+建物),敦化南路二段２００巷２０號十一樓,11.0,35.0,1,34.92,1179821,0.0,,25.022793,121.547395,科技大樓站出口,532,有電梯_7樓以上
房地(土地+建物),環河南路二段２５０巷２５弄８號九樓,9.0,37.0,1,29.16,480094,0.0,,25.033538,121.489798,龍山寺站出口1,1004,有電梯_7樓以上
房地(土地+建物),康寧路一段１７１號十一樓,11.0,25.0,1,41.46,675389,0.0,,25.078805,121.595241,內湖站出口2,541,有電梯_7樓以上
房地(土地+建物)+車位,南港路二段３８巷１６號十樓,10.0,16.0,1,68.1,1046889,14.32,209497.0,25.055171,121.604818,南港站出口1,394,有電梯_7樓以上
房地(土地+建物)+車位,新豐街１５６號十一樓之２,11.0,14.0,1,61.71,855574,0.0,,25.061325,121.585393,松山站出口5,1422,有電梯_7樓以上
房地(土地+建物)+車位,松江路１７０巷９號八樓,8.0,7.0,1,41.49,1282767,10.55,312796.0,25.056119,121.531469,行天宮站出口1,272,有電梯_7樓以上
房地(土地+建物)+車位,松智路３９巷７號十一樓,11.0,27.0,1,49.66,1101124,0.0,,25.029733,121.566066,台北101/世貿站出口3,414,有電梯_7樓以上
房地(土地+建物)+車位,關渡路５８號八樓,8.0,35.0,1,65.03,549077,11.18,0.0,25.119857,121.46896,關渡站出口1,644,有電梯_7樓以上
房地(土地+建物)+車位,文湖街３３號十樓,10.0,14.0,1,86.66,858624,8.18,0.0,25.08667,121.561358,劍南路站出口3,593,有電梯_7樓以上
房地(土地+建物)+車位,中山北路六段４４１巷３０號十六樓之３,16.0,1.0,1,64.9,1476568,21.23,339143.0,25.11709,121.526959,明德站出口2,1143,有電梯_7樓以上
房地(土地+建物),承德路四段２８３號八樓,8.0,38.0,1,42.5,600069,0.0,,25.089981,121.519375,士林站出口2,780,有電梯_7樓以上
房地(土地+建物),民權東路三段１４２號十三樓,13.0,40.0,1,21.35,714272,0.0,,25.061723,121.546856,中山國中站出口,306,有電梯_7樓以上
房地(土地+建物),民權東路三段１４２號十三樓,13.0,40.0,1,21.35,714272,0.0,,25.061723,121.546856,中山國中站出口,306,有電梯_7樓以上
房地(土地+建物)+車位,向陽路１６２巷９１號九樓,9.0,20.0,1,79.8,807006,11.64,214777.0,25.056949,121.596857,昆陽站出口4,773,有電梯_7樓以上
房地(土地+建物),信義路五段１５０巷４９９號十三樓之８,13.0,28.0,1,17.93,716710,0.0,,25.021286,121.573541,象山站出口2,1286,有電梯_7樓以上
房地(土地+建物)+車位,指南路三段８９號九樓,9.0,10.0,1,26.55,732042,7.59,263505.0,24.982398,121.580986,動物園站出口2,1740,有電梯_7樓以上
房地(土地+建物)+車位,辛亥路六段２１巷１４號十七樓,17.0,25.0,1,55.19,489183,0.0,,24.991268,121.55302,萬芳醫院站出口,1020,有電梯_7樓以上
房地(土地+建物),星雲街１３８巷２０號十樓,10.0,25.0,1,41.78,646270,0.0,,25.079211,121.595533,內湖站出口2,501,有電梯_7樓以上
房地(土地+建物),向陽路１９６巷１５號九樓,9.0,1.0,1,25.51,1080106,0.0,,25.056956,121.593627,昆陽站出口3,707,有電梯_7樓以上
房地(土地+建物)+車位,辛亥路一段６號十四樓之２,14.0,6.0,1,47.53,1451174,11.49,278503.0,25.018276,121.528107,台電大樓站出口1,157,有電梯_7樓以上
房地(土地+建物)+車位,中和街３６８號十一樓之９,11.0,26.0,1,43.95,500601,0.0,,25.141942,121.499133,新北投站出口2,659,有電梯_7樓以上
房地(土地+建物)+車位,辛亥路四段１６６巷３１號十樓,10.0,6.0,1,39.32,793390,0.0,,25.00457,121.555267,辛亥站出口,187,有電梯_7樓以上
建物,成都路６７號八樓之５,8.0,30.0,1,10.2,470575,0.0,,25.042912,121.505693,西門站出口6,196,有電梯_7樓以上
建物,松勇路３１號八樓,8.0,21.0,1,152.8,799942,26.32,379939.0,25.037233,121.570031,象山站出口1,475,有電梯_7樓以上
房地(土地+建物)+車位,士商路１４３號九樓,9.0,21.0,1,73.4,906034,16.66,336134.0,25.093887,121.517991,士林站出口1,803,有電梯_7樓以上
房地(土地+建物)+車位,清江路１７７巷６號十樓,10.0,22.0,1,56.72,737650,11.99,333611.0,25.127899,121.502079,奇岩站出口1,227,有電梯_7樓以上
房地(土地+建物),汀州路二段１２１號十樓之１,10.0,17.0,1,16.6,993906,0.0,,25.02509,121.519278,古亭站出口8,342,有電梯_7樓以上
房地(土地+建物)+車位,三合街一段７９巷３８號九樓,9.0,8.0,1,69.47,905842,13.39,186706.0,25.125188,121.505435,奇岩站出口3,420,有電梯_7樓以上
房地(土地+建物)+車位,通河東街一段４５號十樓,10.0,17.0,1,52.37,572795,0.0,,25.083698,121.5165,劍潭站出口2,832,有電梯_7樓以上
房地(土地+建物),中和街３６６號十二樓之２,12.0,26.0,1,12.61,521758,0.0,,25.141741,121.499514,新北投站出口2,621,有電梯_7樓以上
房地(土地+建物),敦化南路二段４６號九樓之７,9.0,49.0,1,13.79,1050194,0.0,,25.031308,121.548271,信義安和站出口2,452,有電梯_7樓以上
房地(土地+建物)+車位,承德路二段１４５號十樓之２,10.0,0.0,1,23.61,814001,3.53,311615.0,25.057803,121.518402,雙連站出口1,223,有電梯_7樓以上
房地(土地+建物)+車位,萬壽路７５巷２５號八樓,8.0,26.0,1,35.2,660092,10.81,0.0,24.986093,121.588518,動物園站出口1,1609,有電梯_7樓以上
房地(土地+建物)+車位,舊莊街一段８５號十二樓之８,12.0,1.0,1,29.65,862957,10.82,231054.0,25.040853,121.61914,南港展覽館站出口7,1469,有電梯_7樓以上
房地(土地+建物)+車位,大直街２０巷２１號十四樓,14.0,28.0,1,108.27,709219,16.76,0.0,25.081373,121.545098,大直站出口1,216,有電梯_7樓以上
房地(土地+建物)+車位,中央北路三段４０巷３４弄１６號二十樓之１,20.0,12.0,1,101.39,600137,19.94,250752.0,25.139641,121.485967,復興崗站出口1,227,有電梯_7樓以上
房地(土地+建物)+車位,建國北路二段２２２號八樓之１,8.0,14.0,1,59.65,990596,13.21,227101.0,25.06094,121.536567,行天宮站出口3,341,有電梯_7樓以上
建物,杭州南路二段６１巷３８號八樓,8.0,1.0,1,15.99,1061704,0.0,,25.029902,121.524381,古亭站出口6,337,有電梯_7樓以上
房地(土地+建物),安和路一段８０號十樓,10.0,48.0,1,59.71,1040073,0.0,,25.034916,121.55235,信義安和站出口1,173,有電梯_7樓以上
房地(土地+建物)+車位,明水路３９７巷２弄２４號八樓,8.0,29.0,1,58.39,1142252,12.09,0.0,25.077979,121.546396,大直站出口3,174,有電梯_7樓以上
房地(土地+建物),南京東路五段１５４號十一樓之１,11.0,40.0,1,35.53,774654,0.0,,25.051222,121.562665,南京三民站出口2,41,有電梯_7樓以上
房地(土地+建物),信義路五段１５０巷４９９號九樓之４,9.0,28.0,1,45.58,636235,0.0,,25.021286,121.573541,象山站出口2,1286,有電梯_7樓以上
房地(土地+建物)+車位,光復南路４６巷３６號十三樓之１,13.0,4.0,1,63.12,1392878,13.0,0.0,25.045734,121.554654,國父紀念館站出口1,478,有電梯_7樓以上
房地(土地+建物)+車位,溫泉路６８巷６弄８號十一樓之１,11.0,8.0,1,58.13,721938,22.29,251234.0,25.134438,121.505199,新北投站出口1,328,有電梯_7樓以上
房地(土地+建物)+車位,研究院路二段６１巷１７號十樓之３,10.0,11.0,1,63.37,645063,0.0,,25.044702,121.617124,南港展覽館站出口7,1043,有電梯_7樓以上
房地(土地+建物),國興路１巷５號九樓之１,9.0,42.0,1,30.78,513866,0.0,,25.024142,121.50918,小南門站出口4,1254,有電梯_7樓以上
房地(土地+建物),泰順街４５號八樓之６,8.0,26.0,1,15.84,1326105,0.0,,25.022667,121.531296,台電大樓站出口2,354,有電梯_7樓以上
房地(土地+建物),和平東路三段１巷３６號八樓,8.0,39.0,1,24.99,920387,0.0,,25.026502,121.546579,科技大樓站出口,299,有電梯_7樓以上
房地(土地+建物)+車位,辛亥路六段２１巷１４號十二樓,12.0,25.0,1,55.19,430119,0.0,,24.991268,121.55302,萬芳醫院站出口,1020,有電梯_7樓以上
房地(土地+建物),大業路２８０巷３５弄１６號八樓,8.0,28.0,1,21.02,751640,0.0,,25.128162,121.499903,奇岩站出口1,252,有電梯_7樓以上
房地(土地+建物)+車位,新豐街１０８號八樓之１,8.0,15.0,1,67.06,896287,10.71,233427.0,25.060935,121.584889,松山站出口5,1358,有電梯_7樓以上
房地(土地+建物)+車位,承德路四段２巷１７號八樓,8.0,0.0,1,49.98,980202,12.35,246964.0,25.079257,121.520462,劍潭站出口2,621,有電梯_7樓以上
房地(土地+建物),樟新街３２巷５號十四樓,14.0,30.0,1,36.9,582626,0.0,,24.978372,121.554827,七張站出口2,1239,有電梯_7樓以上
房地(土地+建物)+車位,松江路４１８號十五樓,15.0,9.0,1,105.9,1170618,18.01,388673.0,25.064554,121.532976,行天宮站出口4,466,有電梯_7樓以上
房地(土地+建物),光復北路３號十樓之１,10.0,36.0,1,41.55,743285,0.0,,25.048613,121.557997,南京三民站出口2,588,有電梯_7樓以上
房地(土地+建物),忠誠路二段１１０號十一樓,11.0,38.0,1,60.79,838908,0.0,,25.113449,121.53123,明德站出口1,1301,有電梯_7樓以上
房地(土地+建物)+車位,仁愛路二段１６號十六樓之１,16.0,15.0,1,109.07,1140449,23.14,302506.0,25.038075,121.526242,東門站出口2,449,有電梯_7樓以上
房地(土地+建物),景中街１號九樓之４,9.0,21.0,1,12.85,988546,0.0,,24.993043,121.541484,景美站出口2,4,有電梯_7樓以上
房地(土地+建物)+車位,木新路二段４３巷２５號九樓,9.0,7.0,1,103.1,801517,28.5,210526.0,24.98704,121.571516,木柵站出口,1253,有電梯_7樓以上
房地(土地+建物)+車位,木柵路四段１５３號十四樓之１,14.0,26.0,1,47.88,650136,6.69,269058.0,24.999095,121.575052,木柵站出口,194,有電梯_7樓以上
房地(土地+建物)+車位,政大二街１３５號十四樓,14.0,28.0,1,47.31,394835,0.0,,24.989774,121.584661,動物園站出口2,1058,有電梯_7樓以上
房地(土地+建物),天母北路１０５巷１５弄１號九樓之２,9.0,29.0,1,19.55,777472,0.0,,25.124083,121.527458,石牌站出口1,1593,有電梯_7樓以上
房地(土地+建物)+車位,羅斯福路六段３２２號十樓,10.0,17.0,1,64.13,875008,14.76,189702.0,24.990017,121.539452,景美站出口1,266,有電梯_7樓以上
房地(土地+建物),松仁路２２８巷９弄１３號十三樓,13.0,30.0,1,42.14,901795,0.0,,25.024674,121.568593,象山站出口2,867,有電梯_7樓以上
房地(土地+建物),西安街二段３６７號十樓,10.0,31.0,1,35.79,698426,0.0,,25.120832,121.503914,唭哩岸站出口2,199,有電梯_7樓以上
房地(土地+建物)+車位,通北街１４６巷２弄８號八樓,8.0,25.0,1,53.97,809800,16.58,0.0,25.084859,121.537308,大直站出口1,1090,有電梯_7樓以上
房地(土地+建物),復興南路二段１５１巷５２號十七樓,17.0,39.0,1,31.09,919883,0.0,,25.028001,121.545914,科技大樓站出口,308,有電梯_7樓以上
房地(土地+建物)+車位,星雲街１５０巷２８號十九樓,19.0,26.0,1,70.61,627112,0.0,,25.079477,121.596279,內湖站出口2,492,有電梯_7樓以上
房地(土地+建物)+車位,重陽路５７巷９４號八樓,8.0,17.0,1,39.4,858013,10.73,232992.0,25.058841,121.595268,昆陽站出口3,931,有電梯_7樓以上
房地(土地+建物)+車位,松德路２０號十一樓,11.0,34.0,1,37.14,868017,3.83,522193.0,25.039319,121.577174,永春站出口4,165,有電梯_7樓以上
房地(土地+建物)+車位,建國南路一段３３２之１號十一樓,11.0,18.0,1,43.2,1069520,0.0,,25.034679,121.537547,大安森林公園站出口6,197,有電梯_7樓以上
房地(土地+建物)+車位,德昌街２０１號十三樓,13.0,2.0,1,33.49,895749,4.49,378619.0,25.023399,121.493781,龍山寺站出口2,1436,有電梯_7樓以上
房地(土地+建物)+車位,辛亥路二段４１號十一樓之１,11.0,36.0,1,60.55,723353,0.0,,25.022818,121.536274,台電大樓站出口2,780,有電梯_7樓以上
房地(土地+建物),新生南路三段２３號十樓,10.0,39.0,1,37.96,948350,0.0,,25.024732,121.534926,台電大樓站出口2,775,有電梯_7樓以上
房地(土地+建物),中正路５２７號九樓,9.0,38.0,1,26.75,613153,0.0,,25.090842,121.517357,士林站出口1,940,有電梯_7樓以上
房地(土地+建物),仁愛路四段３３號十二樓之３,12.0,48.0,1,37.61,1090230,0.0,,25.03821,121.545844,忠孝復興站出口3,377,有電梯_7樓以上
房地(土地+建物)+車位,永吉路３０巷１０１弄２３號十樓,10.0,11.0,1,111.59,1274047,35.85,292887.0,25.043632,121.569689,市政府站出口4,365,有電梯_7樓以上
房地(土地+建物)+車位,合江街３９號十樓,10.0,6.0,1,26.91,1176961,6.52,383436.0,25.055714,121.539197,南京復興站出口1,452,有電梯_7樓以上
房地(土地+建物)+車位,林森南路６９號十三樓,13.0,8.0,1,46.38,1080184,6.52,276074.0,25.039715,121.52199,善導寺站出口4,538,有電梯_7樓以上
房地(土地+建物)+車位,忠孝東路六段１３０號十樓之５,10.0,14.0,1,15.81,1264499,0.0,,25.047922,121.585355,後山埤站出口3,365,有電梯_7樓以上
房地(土地+建物)+車位,磺港路１３８號十二樓之１,12.0,10.0,1,50.65,924507,10.09,247770.0,25.129295,121.502156,北投站出口2,355,有電梯_7樓以上
房地(土地+建物),光復北路２３０巷３５號十一樓,11.0,22.0,1,40.73,944862,0.0,,25.055957,121.55412,台北小巨蛋站出口5,502,有電梯_7樓以上
房地(土地+建物)+車位,大度路三段２７０巷６７號十五樓之６,15.0,13.0,1,54.3,706881,11.04,0.0,25.125296,121.4673,關渡站出口1,17,有電梯_7樓以上
房地(土地+建物)+車位,萬青街２００號九樓,9.0,20.0,1,47.35,745916,11.15,224215.0,25.022547,121.501373,龍山寺站出口2,1406,有電梯_7樓以上
房地(土地+建物),吳興街２６０巷１９弄３號十二樓,12.0,23.0,1,41.22,950402,0.0,,25.02617,121.563561,台北101/世貿站出口3,731,有電梯_7樓以上
房地(土地+建物)+車位,公路１６５之３號十三樓,13.0,28.0,1,55.46,610690,12.07,165700.0,25.132303,121.502681,北投站出口2,379,有電梯_7樓以上
房地(土地+建物),忠孝東路五段２３６巷５５號八樓之１,8.0,27.0,1,13.33,1440562,0.0,,25.037506,121.571994,永春站出口2,493,有電梯_7樓以上
房地(土地+建物)+車位,吳興街６００巷１２６號十三樓,13.0,15.0,1,177.31,736982,47.48,0.0,25.018145,121.572132,麟光站出口,1364,有電梯_7樓以上
房地(土地+建物)+車位,臥龍街２９３號十二樓之８,12.0,26.0,1,25.79,1064821,11.96,217391.0,25.017119,121.558711,麟光站出口,160,有電梯_7樓以上
房地(土地+建物)+車位,敦化南路二段３８號十五樓之１,15.0,37.0,1,72.12,1217154,10.5,476190.0,25.031648,121.548378,信義安和站出口2,427,有電梯_7樓以上
房地(土地+建物),和平東路二段３１１巷５３號十五樓,15.0,39.0,1,32.99,848804,0.0,,25.025925,121.545414,科技大樓站出口,181,有電梯_7樓以上
房地(土地+建物)+車位,吳興街３９４巷３９號九樓,9.0,0.0,1,33.53,996445,6.77,369276.0,25.024498,121.56551,台北101/世貿站出口3,936,有電梯_7樓以上
房地(土地+建物)+車位,三民路４３巷１１號九樓之３,9.0,20.0,1,73.7,746259,0.0,,25.05572,121.561754,南京三民站出口1,477,有電梯_7樓以上
房地(土地+建物)+車位,水源路４５號九樓,9.0,22.0,1,57.62,777676,12.62,198098.0,25.019354,121.523945,台電大樓站出口4,385,有電梯_7樓以上
房地(土地+建物),建國北路二段３５號八樓之７,8.0,36.0,1,15.33,929509,0.0,,25.055296,121.537233,松江南京站出口6,487,有電梯_7樓以上
房地(土地+建物)+車位,敬業三路１６２巷１４６號十樓,10.0,24.0,1,47.11,729855,0.0,,25.077368,121.559944,劍南路站出口3,866,有電梯_7樓以上
房地(土地+建物)+車位,文德路１００號八樓之８,8.0,29.0,1,26.33,498622,0.0,,25.078312,121.582809,文德站出口2,180,有電梯_7樓以上
房地(土地+建物)+車位,吳興街３９４巷３９號十樓,10.0,0.0,1,33.53,975148,6.77,354505.0,25.024498,121.56551,台北101/世貿站出口3,936,有電梯_7樓以上
房地(土地+建物)+車位,重慶南路三段４１號十一樓,11.0,3.0,1,91.83,1447127,23.7,354430.0,25.027876,121.516179,中正紀念堂站出口2,546,有電梯_7樓以上
房地(土地+建物)+車位,承德路四段３２６號十一樓,11.0,12.0,1,80.57,956005,15.19,296248.0,25.08967,121.51778,劍潭站出口1,906,有電梯_7樓以上
房地(土地+建物),青年路５６號十樓之３,10.0,42.0,1,30.38,707631,0.0,,25.025169,121.502793,龍山寺站出口2,1146,有電梯_7樓以上
房地(土地+建物),濟南路二段１５號九樓之３,9.0,18.0,1,14.33,1196587,0.0,,25.041298,121.527651,善導寺站出口5,435,有電梯_7樓以上
房地(土地+建物)+車位,文德路６８號十三樓,13.0,15.0,1,99.69,960643,14.85,235690.0,25.078283,121.581404,文德站出口2,322,有電梯_7樓以上
房地(土地+建物),吳興街３９４巷３７號八樓之１,8.0,0.0,1,20.44,972119,0.0,,25.024454,121.565582,台北101/世貿站出口3,942,有電梯_7樓以上
房地(土地+建物)+車位,吳興街３９４巷３７號九樓,9.0,0.0,1,39.21,1093814,6.77,369276.0,25.024454,121.565582,台北101/世貿站出口3,942,有電梯_7樓以上
房地(土地+建物)+車位,一壽街３巷２３號八樓,8.0,23.0,1,60.27,722756,8.39,0.0,24.980121,121.557576,大坪林站出口5,1480,有電梯_7樓以上
房地(土地+建物)+車位,中山北路六段４４１巷３０號十一樓,11.0,0.0,1,64.08,1430502,21.23,329722.0,25.11709,121.526959,明德站出口2,1143,有電梯_7樓以上
房地(土地+建物)+車位,仁愛路一段４７號八樓,8.0,26.0,1,64.67,956882,0.0,,25.038661,121.524321,東門站出口2,592,有電梯_7樓以上
房地(土地+建物),吳興街３９４巷３９號十樓之１,10.0,0.0,1,28.72,940233,0.0,,25.024498,121.56551,台北101/世貿站出口3,936,有電梯_7樓以上
房地(土地+建物)+車位,中山北路六段４４１巷３０號十六樓之１,16.0,0.0,1,100.38,1501080,31.84,329774.0,25.11709,121.526959,明德站出口2,1143,有電梯_7樓以上
房地(土地+建物)+車位,中山北路六段４４１巷３０號十一樓之１,11.0,0.0,1,104.35,1430224,31.84,329774.0,25.11709,121.526959,明德站出口2,1143,有電梯_7樓以上
房地(土地+建物)+車位,東園街６６巷２４弄１０號十一樓之１,11.0,7.0,1,53.35,558588,0.0,,25.024711,121.495553,龍山寺站出口2,1233,有電梯_7樓以上
房地(土地+建物)+車位,敦化南路一段１８１號十一樓,11.0,42.0,1,109.11,1239225,13.89,359971.0,25.042972,121.549488,忠孝敦化站出口8,120,有電梯_7樓以上
房地(土地+建物)+車位,天母東路１０５巷９弄１０號九樓,9.0,0.0,1,46.9,958521,3.97,554156.0,25.119119,121.536016,明德站出口2,2014,有電梯_7樓以上
房地(土地+建物)+車位,民和街９８號十二樓之１,12.0,1.0,1,48.81,781652,10.3,310680.0,25.025484,121.497301,龍山寺站出口2,1099,有電梯_7樓以上
房地(土地+建物),建國南路一段１４號十二樓,12.0,41.0,1,31.49,762069,0.0,,25.045159,121.536268,忠孝新生站出口4,430,有電梯_7樓以上
房地(土地+建物)+車位,明水路５８１巷５０號十三樓,13.0,20.0,1,135.24,1164860,39.95,225282.0,25.079823,121.55054,大直站出口3,358,有電梯_7樓以上
房地(土地+建物)+車位,天母東路１０５巷９弄１０號十樓,10.0,0.0,1,46.67,974289,3.97,554156.0,25.119119,121.536016,明德站出口2,2014,有電梯_7樓以上
房地(土地+建物)+車位,天母東路１０５巷９弄６號十樓,10.0,0.0,1,42.96,959241,3.97,554156.0,25.119089,121.536274,明德站出口2,2035,有電梯_7樓以上
房地(土地+建物)+車位,木柵路四段９巷１６號十六樓,16.0,26.0,1,103.02,519320,0.0,,24.992946,121.570529,木柵站出口,650,有電梯_7樓以上
房地(土地+建物)+車位,秀明路二段１１５巷３號十七樓,17.0,27.0,1,58.52,528010,0.0,,24.991252,121.57723,動物園站出口2,776,有電梯_7樓以上
房地(土地+建物)+車位,天母東路１０５巷９弄１０號十二樓,12.0,-1.0,1,46.67,945482,3.97,503778.0,25.119119,121.536016,明德站出口2,2014,有電梯_7樓以上
房地(土地+建物)+車位,天母東路１０５巷９弄８號十二樓,12.0,-1.0,1,41.5,949878,3.97,503778.0,25.119104,121.536145,明德站出口2,2024,有電梯_7樓以上
房地(土地+建物)+車位,興南街６４巷２６弄３號十一樓,11.0,-1.0,1,19.1,792039,3.7,445946.0,25.055085,121.601787,南港站出口1,580,有電梯_7樓以上
房地(土地+建物),興南街６４巷２６弄３號十樓,10.0,-1.0,1,15.4,771264,0.0,,25.055085,121.601787,南港站出口1,580,有電梯_7樓以上
房地(土地+建物)+車位,中山北路一段１１２巷２１號十三樓之１,13.0,-1.0,1,90.1,1029498,22.54,270630.0,25.050738,121.520802,中山站出口2,185,有電梯_7樓以上
房地(土地+建物)+車位,中山北路一段１１２巷２８號十一樓,11.0,-2.0,1,61.53,1094311,12.1,239669.0,25.050546,121.520465,中山站出口1,208,有電梯_7樓以上
房地(土地+建物),天母東路１０５巷９弄８號八樓,8.0,-2.0,1,37.53,959204,0.0,,25.119104,121.536145,明德站出口2,2024,有電梯_7樓以上
房地(土地+建物)+車位,天母東路１０５巷９弄８號九樓,9.0,-2.0,1,41.5,897922,3.97,503778.0,25.119104,121.536145,明德站出口2,2024,有電梯_7樓以上
房地(土地+建物)+車位,木柵路一段３１３號十四樓之５,14.0,-2.0,1,77.36,750251,17.58,358362.0,24.987886,121.552169,大坪林站出口5,1062,有電梯_7樓以上
房地(土地+建物)+車位,木柵路一段３１３號十四樓之２,14.0,-2.0,1,78.39,714739,17.58,346985.0,24.987886,121.552169,大坪林站出口5,1062,有電梯_7樓以上
房地(土地+建物)+車位,木柵路一段３１３號十四樓之３,14.0,-2.0,1,66.49,733666,17.58,346985.0,24.987886,121.552169,大坪林站出口5,1062,有電梯_7樓以上
房地(土地+建物)+車位,木柵路一段３１３號十四樓之１,14.0,-2.0,1,69.2,731133,17.58,346985.0,24.987886,121.552169,大坪林站出口5,1062,有電梯_7樓以上
房地(土地+建物)+車位,木柵路一段３１３號十四樓,14.0,-2.0,1,85.89,752920,17.58,346985.0,24.987886,121.552169,大坪林站出口5,1062,有電梯_7樓以上
房地(土地+建物)+車位,木柵路一段３１５號九樓之２,9.0,-2.0,1,77.68,702275,16.88,313981.0,24.987886,121.552169,大坪林站出口5,1062,有電梯_7樓以上
房地(土地+建物)+車位,木柵路一段３１５號二十六樓之２,26.0,-2.0,1,78.37,743466,17.58,250284.0,24.987886,121.552169,大坪林站出口5,1062,有電梯_7樓以上
房地(土地+建物)+車位,木柵路一段３１３號二十五樓之５,25.0,-2.0,1,77.36,650720,17.58,281570.0,24.987886,121.552169,大坪林站出口5,1062,有電梯_7樓以上
房地(土地+建物)+車位,木柵路一段３１５號二十一樓之１,21.0,-2.0,1,59.7,759462,8.09,315204.0,24.987886,121.552169,大坪林站出口5,1062,有電梯_7樓以上
房地(土地+建物)+車位,木柵路一段３１５號二十六樓之１,26.0,-2.0,1,60.41,769536,8.79,312856.0,24.987886,121.552169,大坪林站出口5,1062,有電梯_7樓以上
房地(土地+建物)+車位,木柵路一段３１５號十六樓之１,16.0,-2.0,1,60.41,750356,8.79,301479.0,24.987886,121.552169,大坪林站出口5,1062,有電梯_7樓以上
房地(土地+建物)+車位,木柵路一段３１５號二十四樓之１,24.0,-2.0,1,59.7,765855,8.09,315204.0,24.987886,121.552169,大坪林站出口5,1062,有電梯_7樓以上
房地(土地+建物)+車位,木柵路一段３１５號十樓之１,10.0,-2.0,1,61.21,732338,9.59,286757.0,24.987886,121.552169,大坪林站出口5,1062,有電梯_7樓以上
房地(土地+建物)+車位,木柵路一段３１５號十三樓之２,13.0,-2.0,1,78.38,717899,17.58,290102.0,24.987886,121.552169,大坪林站出口5,1062,有電梯_7樓以上
房地(土地+建物)+車位,木柵路一段３１５號二十五樓之１,25.0,-2.0,1,60.4,768225,8.79,250284.0,24.987886,121.552169,大坪林站出口5,1062,有電梯_7樓以上
房地(土地+建物)+車位,木柵路一段３１５號十樓之２,10.0,-2.0,1,79.19,706058,18.38,252992.0,24.987886,121.552169,大坪林站出口5,1062,有電梯_7樓以上
房地(土地+建物)+車位,木柵路一段３１５號二十樓之２,20.0,-2.0,1,78.38,731879,17.58,329920.0,24.987886,121.552169,大坪林站出口5,1062,有電梯_7樓以上
房地(土地+建物)+車位,木柵路一段３１５號二十三樓之１,23.0,-2.0,1,60.4,764350,8.79,227531.0,24.987886,121.552169,大坪林站出口5,1062,有電梯_7樓以上
房地(土地+建物)+車位,南京東路四段５２巷２１號十樓,10.0,-2.0,1,42.06,1285939,4.34,460829.0,25.050595,121.553722,台北小巨蛋站出口4,133,有電梯_7樓以上
房地(土地+建物)+車位,木柵路一段３１５號二十二樓之１,22.0,-2.0,1,61.21,761980,9.59,276330.0,24.987886,121.552169,大坪林站出口5,1062,有電梯_7樓以上
房地(土地+建物)+車位,木柵路一段３１３號二十一樓之２,21.0,-2.0,1,69.59,762305,8.79,312856.0,24.987886,121.552169,大坪林站出口5,1062,有電梯_7樓以上
房地(土地+建物)+車位,木柵路一段３１５號二十三樓之２,23.0,-2.0,1,78.37,736557,17.58,250284.0,24.987886,121.552169,大坪林站出口5,1062,有電梯_7樓以上
房地(土地+建物)+車位,木柵路一段３１３號二十五樓,25.0,-2.0,1,85.89,653223,17.58,286689.0,24.987886,121.552169,大坪林站出口5,1062,有電梯_7樓以上
房地(土地+建物)+車位,木柵路一段３１５號二十二樓之２,22.0,-2.0,1,77.68,741747,16.88,343602.0,24.987886,121.552169,大坪林站出口5,1062,有電梯_7樓以上
房地(土地+建物)+車位,木柵路一段３１３號二十樓之２,20.0,-2.0,1,68.89,760294,8.09,315204.0,24.987886,121.552169,大坪林站出口5,1062,有電梯_7樓以上
房地(土地+建物)+車位,木柵路一段３１５號十六樓之２,16.0,-2.0,1,77.68,723491,16.88,290284.0,24.987886,121.552169,大坪林站出口5,1062,有電梯_7樓以上
房地(土地+建物)+車位,木柵路一段３１５號十一樓之１,11.0,-2.0,1,59.7,736794,8.09,290482.0,24.987886,121.552169,大坪林站出口5,1062,有電梯_7樓以上
房地(土地+建物)+車位,木柵路一段３１５號二十七樓之５,27.0,-2.0,1,76.66,833180,16.88,319905.0,24.987886,121.552169,大坪林站出口5,1062,有電梯_7樓以上
房地(土地+建物)+車位,木柵路一段３１５號二十七樓,27.0,-2.0,1,81.48,836463,17.58,335609.0,24.987886,121.552169,大坪林站出口5,1062,有電梯_7樓以上
房地(土地+建物)+車位,木柵路一段３１５號十二樓之２,12.0,-3.0,1,69.59,716254,8.79,290102.0,24.987886,121.552169,大坪林站出口5,1062,有電梯_7樓以上
房地(土地+建物)+車位,木柵路一段３１５號十四樓之３,14.0,-3.0,1,57.69,772973,8.79,250284.0,24.987886,121.552169,大坪林站出口5,1062,有電梯_7樓以上
房地(土地+建物)+車位,天母東路１０５巷９弄８號十一樓,11.0,-3.0,1,41.5,927231,3.97,503778.0,25.119104,121.536145,明德站出口2,2024,有電梯_7樓以上
房地(土地+建物)+車位,天母東路１０５巷９弄１０號十一樓,11.0,-3.0,1,46.67,920422,3.97,503778.0,25.119119,121.536016,明德站出口2,2014,有電梯_7樓以上
房地(土地+建物)+車位,木柵路一段３１３號二十三樓之１,23.0,-3.0,1,59.7,783633,8.09,315204.0,24.987886,121.552169,大坪林站出口5,1062,有電梯_7樓以上
房地(土地+建物)+車位,木柵路一段３１５號八樓之５,8.0,-3.0,1,77.36,787850,17.58,312856.0,24.987886,121.552169,大坪林站出口5,1062,有電梯_7樓以上
房地(土地+建物)+車位,木柵路一段３１３號二十樓之１,20.0,-3.0,1,60.41,777240,8.79,312856.0,24.987886,121.552169,大坪林站出口5,1062,有電梯_7樓以上
房地(土地+建物)+車位,木柵路一段３１５號二十四樓,24.0,-3.0,1,77.1,811075,8.79,324232.0,24.987886,121.552169,大坪林站出口5,1062,有電梯_7樓以上
房地(土地+建物)+車位,木柵路一段３１５號二十四樓之５,24.0,-3.0,1,67.87,827368,8.09,315204.0,24.987886,121.552169,大坪林站出口5,1062,有電梯_7樓以上
房地(土地+建物)+車位,木柵路一段３１３號二十六樓之１,26.0,-3.0,1,69.2,789445,17.58,315700.0,24.987886,121.552169,大坪林站出口5,1062,有電梯_7樓以上
房地(土地+建物)+車位,木柵路一段３１５號二十五樓之５,25.0,-3.0,1,76.66,832678,16.88,296209.0,24.987886,121.552169,大坪林站出口5,1062,有電梯_7樓以上
房地(土地+建物)+車位,木柵路一段３１５號十六樓之３,16.0,-3.0,1,57.7,776606,8.79,290102.0,24.987886,121.552169,大坪林站出口5,1062,有電梯_7樓以上
房地(土地+建物)+車位,木柵路一段３１５號二十樓之１,20.0,-3.0,1,60.4,766288,8.79,250284.0,24.987886,121.552169,大坪林站出口5,1062,有電梯_7樓以上
房地(土地+建物)+車位,木柵路一段３１３號十八樓之１,18.0,-3.0,1,69.2,774528,17.58,307167.0,24.987886,121.552169,大坪林站出口5,1062,有電梯_7樓以上
房地(土地+建物)+車位,木柵路一段３１３號十七樓之２,17.0,-3.0,1,78.37,754613,17.58,250284.0,24.987886,121.552169,大坪林站出口5,1062,有電梯_7樓以上
房地(土地+建物)+車位,木柵路一段３１３號二十六樓之２,26.0,-3.0,1,83.75,803094,26.37,290102.0,24.987886,121.552169,大坪林站出口5,1062,有電梯_7樓以上
房地(土地+建物)+車位,木柵路一段３１３號二十六樓之３,26.0,-3.0,1,56.99,796490,8.09,315204.0,24.987886,121.552169,大坪林站出口5,1062,有電梯_7樓以上
房地(土地+建物)+車位,木柵路一段３１５號十八樓之１,18.0,-3.0,1,61.21,754037,9.59,255474.0,24.987886,121.552169,大坪林站出口5,1062,有電梯_7樓以上
房地(土地+建物)+車位,木柵路一段３１５號十一樓之２,11.0,-3.0,1,69.59,710992,8.79,312856.0,24.987886,121.552169,大坪林站出口5,1062,有電梯_7樓以上
房地(土地+建物)+車位,木柵路一段３１５號十五樓之５,15.0,-3.0,1,68.57,810974,8.79,261661.0,24.987886,121.552169,大坪林站出口5,1062,有電梯_7樓以上
房地(土地+建物)+車位,木柵路一段３１５號二十六樓之５,26.0,-3.0,1,77.36,652560,17.58,263936.0,24.987886,121.552169,大坪林站出口5,1062,有電梯_7樓以上
房地(土地+建物)+車位,木柵路一段３１５號十九樓之１,19.0,-3.0,1,59.7,755587,8.09,247219.0,24.987886,121.552169,大坪林站出口5,1062,有電梯_7樓以上
房地(土地+建物)+車位,木柵路一段３１５號十五樓之１,15.0,-3.0,1,61.21,748806,9.59,276330.0,24.987886,121.552169,大坪林站出口5,1062,有電梯_7樓以上
房地(土地+建物)+車位,木柵路一段３１３號二十二樓之１,22.0,-3.0,1,59.7,785571,8.09,346106.0,24.987886,121.552169,大坪林站出口5,1062,有電梯_7樓以上
房地(土地+建物)+車位,木柵路一段３１３號二十五樓之１,25.0,-3.0,1,60.41,787121,8.79,290102.0,24.987886,121.552169,大坪林站出口5,1062,有電梯_7樓以上
房地(土地+建物)+車位,木柵路一段３１３號二十七樓之１,27.0,-3.0,1,69.2,800100,17.58,307167.0,24.987886,121.552169,大坪林站出口5,1062,有電梯_7樓以上
房地(土地+建物)+車位,木柵路一段３１５號二十一樓之２,21.0,-3.0,1,86.46,733231,25.66,249415.0,24.987886,121.552169,大坪林站出口5,1062,有電梯_7樓以上
房地(土地+建物)+車位,木柵路一段３１３號十九樓之２,19.0,-3.0,1,69.59,759838,8.79,250284.0,24.987886,121.552169,大坪林站出口5,1062,有電梯_7樓以上
房地(土地+建物)+車位,木柵路一段３１５號十三樓之３,13.0,-3.0,1,56.99,770881,8.09,247219.0,24.987886,121.552169,大坪林站出口5,1062,有電梯_7樓以上
房地(土地+建物)+車位,木柵路一段３１５號二十四樓之２,24.0,-3.0,1,69.59,740102,8.79,278726.0,24.987886,121.552169,大坪林站出口5,1062,有電梯_7樓以上
房地(土地+建物)+車位,木柵路一段３１５號十五樓之３,15.0,-3.0,1,56.99,774970,8.09,247219.0,24.987886,121.552169,大坪林站出口5,1062,有電梯_7樓以上
房地(土地+建物)+車位,木柵路一段３１５號十九樓之２,19.0,-3.0,1,69.59,729412,8.79,312856.0,24.987886,121.552169,大坪林站出口5,1062,有電梯_7樓以上
房地(土地+建物)+車位,木柵路一段３１３號二十四樓之１,24.0,-3.0,1,60.41,785183,8.79,290102.0,24.987886,121.552169,大坪林站出口5,1062,有電梯_7樓以上
房地(土地+建物)+車位,木柵路一段３１３號十二樓之１,12.0,-3.0,1,60.41,765229,8.79,290102.0,24.987886,121.552169,大坪林站出口5,1062,有電梯_7樓以上
房地(土地+建物)+車位,天母東路１０５巷９弄６號九樓,9.0,-3.0,1,44.25,898623,3.97,503778.0,25.119089,121.536274,明德站出口2,2035,有電梯_7樓以上
房地(土地+建物),天母東路１０５巷９弄６號十一樓,11.0,-3.0,1,28.15,983282,0.0,,25.119089,121.536274,明德站出口2,2035,有電梯_7樓以上
房地(土地+建物)+車位,木柵路一段３１５號十三樓之１,13.0,-3.0,1,60.4,727537,8.79,250284.0,24.987886,121.552169,大坪林站出口5,1062,有電梯_7樓以上
房地(土地+建物)+車位,木柵路一段３１３號十七樓之１,17.0,-3.0,1,68.49,780340,16.88,337678.0,24.987886,121.552169,大坪林站出口5,1062,有電梯_7樓以上
房地(土地+建物)+車位,木柵路一段３１３號二十七樓之２,27.0,-3.0,1,74.96,805227,17.58,295791.0,24.987886,121.552169,大坪林站出口5,1062,有電梯_7樓以上
房地(土地+建物)+車位,木柵路一段３１３號十八樓之２,18.0,-3.0,1,69.59,759838,8.79,290102.0,24.987886,121.552169,大坪林站出口5,1062,有電梯_7樓以上
房地(土地+建物)+車位,木柵路一段３１３號十三樓之２,13.0,-3.0,1,77.68,747466,16.88,290284.0,24.987886,121.552169,大坪林站出口5,1062,有電梯_7樓以上
房地(土地+建物)+車位,木柵路一段３１３號二十一樓之１,21.0,-3.0,1,60.41,779759,8.79,312856.0,24.987886,121.552169,大坪林站出口5,1062,有電梯_7樓以上
房地(土地+建物)+車位,木柵路一段３１３號十樓之２,10.0,-3.0,1,69.59,736813,8.79,290102.0,24.987886,121.552169,大坪林站出口5,1062,有電梯_7樓以上
房地(土地+建物)+車位,木柵路一段３１３號十九樓之１,19.0,-3.0,1,60.4,778448,8.79,261661.0,24.987886,121.552169,大坪林站出口5,1062,有電梯_7樓以上
房地(土地+建物)+車位,木柵路一段３１５號十四樓之１,14.0,-3.0,1,60.4,746912,8.79,261661.0,24.987886,121.552169,大坪林站出口5,1062,有電梯_7樓以上
房地(土地+建物)+車位,木柵路一段３１５號九樓之１,9.0,-3.0,1,61.21,727688,9.59,218978.0,24.987886,121.552169,大坪林站出口5,1062,有電梯_7樓以上
房地(土地+建物)+車位,木柵路一段３１５號十四樓之２,14.0,-3.0,1,78.37,719615,17.58,250284.0,24.987886,121.552169,大坪林站出口5,1062,有電梯_7樓以上
房地(土地+建物)+車位,木柵路一段３１３號十六樓之３,16.0,-3.0,1,57.69,620628,8.79,255973.0,24.987886,121.552169,大坪林站出口5,1062,有電梯_7樓以上
房地(土地+建物)+車位,木柵路一段３１３號十七樓之３,17.0,-3.0,1,57.69,741323,8.79,250284.0,24.987886,121.552169,大坪林站出口5,1062,有電梯_7樓以上
房地(土地+建物)+車位,木柵路一段３１５號二十三樓之５,23.0,-3.0,1,76.65,826364,16.87,243035.0,24.987886,121.552169,大坪林站出口5,1062,有電梯_7樓以上
房地(土地+建物)+車位,木柵路一段３１３號二十四樓之３,24.0,-3.0,1,56.99,792400,8.09,247219.0,24.987886,121.552169,大坪林站出口5,1062,有電梯_7樓以上
房地(土地+建物)+車位,木柵路一段３１５號十九樓之５,19.0,-3.0,1,76.66,818460,16.88,254739.0,24.987886,121.552169,大坪林站出口5,1062,有電梯_7樓以上
房地(土地+建物)+車位,木柵路一段３１５號九樓之５,9.0,-3.0,1,77.36,790359,17.58,295791.0,24.987886,121.552169,大坪林站出口5,1062,有電梯_7樓以上
房地(土地+建物)+車位,木柵路一段３１５號十一樓,11.0,-3.0,1,94.66,733253,26.36,257967.0,24.987886,121.552169,大坪林站出口5,1062,有電梯_7樓以上
房地(土地+建物)+車位,木柵路一段３１５號十九樓,19.0,-3.0,1,85.89,801559,17.58,312856.0,24.987886,121.552169,大坪林站出口5,1062,有電梯_7樓以上
房地(土地+建物)+車位,新生南路三段７０巷６號十一樓,11.0,-3.0,1,50.49,1442688,12.24,285948.0,25.019687,121.53335,台電大樓站出口2,433,有電梯_7樓以上
房地(土地+建物)+車位,木柵路一段３１３號十八樓之５,18.0,-3.0,1,77.35,807208,17.58,255973.0,24.987886,121.552169,大坪林站出口5,1062,有電梯_7樓以上
房地(土地+建物)+車位,木柵路一段３１３號十五樓之１,15.0,-3.0,1,60.41,767748,8.79,301479.0,24.987886,121.552169,大坪林站出口5,1062,有電梯_7樓以上
房地(土地+建物)+車位,木柵路一段３１３號十三樓之３,13.0,-3.0,1,66.49,771903,17.58,255973.0,24.987886,121.552169,大坪林站出口5,1062,有電梯_7樓以上
房地(土地+建物)+車位,木柵路一段３１５號十樓,10.0,-3.0,1,85.89,732017,17.58,312856.0,24.987886,121.552169,大坪林站出口5,1062,有電梯_7樓以上
房地(土地+建物)+車位,木柵路一段３１５號八樓,8.0,-3.0,1,85.87,727397,17.58,255973.0,24.987886,121.552169,大坪林站出口5,1062,有電梯_7樓以上
房地(土地+建物)+車位,木柵路一段３１３號十二樓之２,12.0,-3.0,1,77.68,713259,16.88,313981.0,24.987886,121.552169,大坪林站出口5,1062,有電梯_7樓以上
房地(土地+建物)+車位,木柵路一段３１３號二十二樓之３,22.0,-3.0,1,57.69,789333,8.79,227531.0,24.987886,121.552169,大坪林站出口5,1062,有電梯_7樓以上
房地(土地+建物)+車位,木柵路一段３１５號十樓之３,10.0,-3.0,1,57.69,759681,8.79,250284.0,24.987886,121.552169,大坪林站出口5,1062,有電梯_7樓以上
房地(土地+建物)+車位,木柵路一段３１５號九樓之３,9.0,-3.0,1,57.7,760043,8.79,250284.0,24.987886,121.552169,大坪林站出口5,1062,有電梯_7樓以上
房地(土地+建物)+車位,木柵路一段３１３號二十四樓,24.0,-3.0,1,85.89,831242,17.58,324232.0,24.987886,121.552169,大坪林站出口5,1062,有電梯_7樓以上
房地(土地+建物)+車位,木柵路一段３１３號十三樓之１,13.0,-3.0,1,60.4,729432,8.79,261661.0,24.987886,121.552169,大坪林站出口5,1062,有電梯_7樓以上
房地(土地+建物)+車位,木柵路一段３１３號九樓,9.0,-3.0,1,77.1,743257,8.79,324232.0,24.987886,121.552169,大坪林站出口5,1062,有電梯_7樓以上
房地(土地+建物)+車位,木柵路一段３１３號九樓之５,9.0,-3.0,1,68.57,740587,8.79,290102.0,24.987886,121.552169,大坪林站出口5,1062,有電梯_7樓以上
房地(土地+建物)+車位,木柵路一段３１５號十二樓之５,12.0,-3.0,1,77.36,736832,17.58,290102.0,24.987886,121.552169,大坪林站出口5,1062,有電梯_7樓以上
房地(土地+建物)+車位,木柵路一段３１３號十一樓,11.0,-3.0,1,85.89,750724,17.58,318544.0,24.987886,121.552169,大坪林站出口5,1062,有電梯_7樓以上
房地(土地+建物)+車位,木柵路一段３１５號十二樓之３,12.0,-3.0,1,57.69,730235,8.79,250284.0,24.987886,121.552169,大坪林站出口5,1062,有電梯_7樓以上
房地(土地+建物)+車位,木柵路一段３１５號十一樓之３,11.0,-3.0,1,58.5,725487,9.59,229406.0,24.987886,121.552169,大坪林站出口5,1062,有電梯_7樓以上
房地(土地+建物)+車位,木柵路一段３１５號十一樓之５,11.0,-3.0,1,68.57,734862,8.79,290102.0,24.987886,121.552169,大坪林站出口5,1062,有電梯_7樓以上
房地(土地+建物)+車位,木柵路一段３１３號十樓,10.0,-3.0,1,85.89,747942,17.58,244596.0,24.987886,121.552169,大坪林站出口5,1062,有電梯_7樓以上
房地(土地+建物)+車位,木柵路一段３１５號十樓之５,10.0,-3.0,1,76.66,735995,16.88,313981.0,24.987886,121.552169,大坪林站出口5,1062,有電梯_7樓以上
房地(土地+建物)+車位,木柵路一段３１３號十一樓之２,11.0,-3.0,1,78.39,709147,17.58,312856.0,24.987886,121.552169,大坪林站出口5,1062,有電梯_7樓以上
房地(土地+建物)+車位,木柵路一段３１３號十三樓,13.0,-3.0,1,85.89,752480,17.58,290102.0,24.987886,121.552169,大坪林站出口5,1062,有電梯_7樓以上
房地(土地+建物)+車位,木柵路一段３１５號十三樓之５,13.0,-3.0,1,77.36,742017,17.58,312856.0,24.987886,121.552169,大坪林站出口5,1062,有電梯_7樓以上
房地(土地+建物)+車位,木柵路一段３１５號十五樓之２,15.0,-3.0,1,78.38,592904,17.58,255973.0,24.987886,121.552169,大坪林站出口5,1062,有電梯_7樓以上
房地(土地+建物)+車位,木柵路一段３１３號二十三樓之５,23.0,-3.0,1,77.36,727669,17.58,318544.0,24.987886,121.552169,大坪林站出口5,1062,有電梯_7樓以上
房地(土地+建物)+車位,興南街１１８號八樓,8.0,-3.0,1,72.95,900143,24.85,185111.0,25.055227,121.599729,南港站出口1,763,有電梯_7樓以上
房地(土地+建物)+車位,木柵路一段３１３號十五樓之２,15.0,-3.0,1,87.18,717863,26.37,293895.0,24.987886,121.552169,大坪林站出口5,1062,有電梯_7樓以上
房地(土地+建物)+車位,木柵路一段３１５號十四樓,14.0,-3.0,1,85.87,724029,17.58,261661.0,24.987886,121.552169,大坪林站出口5,1062,有電梯_7樓以上
房地(土地+建物)+車位,木柵路一段３１３號二十一樓之５,21.0,-3.0,1,77.36,796253,17.58,295791.0,24.987886,121.552169,大坪林站出口5,1062,有電梯_7樓以上
房地(土地+建物)+車位,木柵路一段３１５號二十三樓,23.0,-3.0,1,85.89,730553,17.58,346985.0,24.987886,121.552169,大坪林站出口5,1062,有電梯_7樓以上
房地(土地+建物)+車位,木柵路一段３１３號十八樓,18.0,-3.0,1,85.18,765397,16.87,248963.0,24.987886,121.552169,大坪林站出口5,1062,有電梯_7樓以上
房地(土地+建物)+車位,木柵路一段３１５號十八樓,18.0,-3.0,1,85.89,751050,17.58,295791.0,24.987886,121.552169,大坪林站出口5,1062,有電梯_7樓以上
房地(土地+建物)+車位,木柵路一段３１５號十四樓之５,14.0,-3.0,1,68.57,741051,8.79,290102.0,24.987886,121.552169,大坪林站出口5,1062,有電梯_7樓以上
房地(土地+建物)+車位,木柵路一段３１５號十八樓之３,18.0,-3.0,1,57.69,712035,8.79,261661.0,24.987886,121.552169,大坪林站出口5,1062,有電梯_7樓以上
房地(土地+建物)+車位,木柵路一段３１３號二十四樓之５,24.0,-3.0,1,68.57,772873,8.79,250284.0,24.987886,121.552169,大坪林站出口5,1062,有電梯_7樓以上
房地(土地+建物)+車位,木柵路一段３１５號十五樓,15.0,-3.0,1,85.18,745194,16.88,290284.0,24.987886,121.552169,大坪林站出口5,1062,有電梯_7樓以上
房地(土地+建物)+車位,木柵路一段３１３號十七樓之５,17.0,-3.0,1,68.57,721014,8.79,295791.0,24.987886,121.552169,大坪林站出口5,1062,有電梯_7樓以上
房地(土地+建物)+車位,木柵路一段３１３號十三樓之５,13.0,-3.0,1,76.66,750753,16.88,313981.0,24.987886,121.552169,大坪林站出口5,1062,有電梯_7樓以上
房地(土地+建物)+車位,木柵路一段３１３號十二樓之５,12.0,-3.0,1,77.36,753095,17.58,346985.0,24.987886,121.552169,大坪林站出口5,1062,有電梯_7樓以上
房地(土地+建物)+車位,木柵路一段３１３號十二樓,12.0,-3.0,1,85.18,753978,16.87,248963.0,24.987886,121.552169,大坪林站出口5,1062,有電梯_7樓以上
房地(土地+建物)+車位,木柵路一段３１３號十一樓之５,11.0,-3.0,1,76.66,744397,16.88,284360.0,24.987886,121.552169,大坪林站出口5,1062,有電梯_7樓以上
房地(土地+建物)+車位,木柵路一段３１５號八樓之３,8.0,-3.0,1,57.69,711626,8.79,250284.0,24.987886,121.552169,大坪林站出口5,1062,有電梯_7樓以上
房地(土地+建物)+車位,木柵路一段３１５號二十五樓,25.0,-3.0,1,72.8,790478,8.79,318544.0,24.987886,121.552169,大坪林站出口5,1062,有電梯_7樓以上
房地(土地+建物)+車位,木柵路一段３１３號十五樓之５,15.0,-3.0,1,77.36,715624,17.58,295791.0,24.987886,121.552169,大坪林站出口5,1062,有電梯_7樓以上
房地(土地+建物)+車位,木柵路一段３１５號二十樓之５,20.0,-3.0,1,77.36,762759,17.58,307167.0,24.987886,121.552169,大坪林站出口5,1062,有電梯_7樓以上
房地(土地+建物)+車位,木柵路一段３１３號二十二樓,22.0,-3.0,1,85.89,728325,17.58,295791.0,24.987886,121.552169,大坪林站出口5,1062,有電梯_7樓以上
房地(土地+建物)+車位,木柵路一段３１５號十二樓之１,12.0,-3.0,1,59.7,708121,8.09,290482.0,24.987886,121.552169,大坪林站出口5,1062,有電梯_7樓以上
房地(土地+建物)+車位,木柵路一段３１３號十樓之１,10.0,-3.0,1,68.49,679988,16.88,290284.0,24.987886,121.552169,大坪林站出口5,1062,有電梯_7樓以上
房地(土地+建物)+車位,木柵路一段３１３號二十四樓之２,24.0,-3.0,1,78.39,738092,17.58,341297.0,24.987886,121.552169,大坪林站出口5,1062,有電梯_7樓以上
房地(土地+建物)+車位,木柵路一段３１５號二十一樓,21.0,-3.0,1,85.89,756759,17.58,292947.0,24.987886,121.552169,大坪林站出口5,1062,有電梯_7樓以上
房地(土地+建物)+車位,木柵路一段３１３號十二樓之３,12.0,-3.0,1,56.99,695676,8.09,247219.0,24.987886,121.552169,大坪林站出口5,1062,有電梯_7樓以上
房地(土地+建物)+車位,木柵路一段３１３號十一樓之３,11.0,-3.0,1,57.69,690768,8.79,250284.0,24.987886,121.552169,大坪林站出口5,1062,有電梯_7樓以上
房地(土地+建物)+車位,木柵路一段３１５號十七樓之１,17.0,-3.0,1,68.49,681966,16.88,248815.0,24.987886,121.552169,大坪林站出口5,1062,有電梯_7樓以上
房地(土地+建物)+車位,木柵路一段３１３號十九樓之５,19.0,-3.0,1,69.37,759992,9.59,265902.0,24.987886,121.552169,大坪林站出口5,1062,有電梯_7樓以上
房地(土地+建物)+車位,木柵路一段３１５號十七樓,17.0,-3.0,1,85.89,715913,17.58,250284.0,24.987886,121.552169,大坪林站出口5,1062,有電梯_7樓以上
房地(土地+建物)+車位,木柵路一段３１５號十六樓,16.0,-3.0,1,85.89,714449,17.58,295791.0,24.987886,121.552169,大坪林站出口5,1062,有電梯_7樓以上
房地(土地+建物)+車位,木柵路一段３１５號十六樓之５,16.0,-3.0,1,77.36,717595,17.58,290102.0,24.987886,121.552169,大坪林站出口5,1062,有電梯_7樓以上
房地(土地+建物)+車位,木柵路一段３１３號二十樓之３,20.0,-3.0,1,57.69,708559,8.79,301479.0,24.987886,121.552169,大坪林站出口5,1062,有電梯_7樓以上
房地(土地+建物)+車位,木柵路一段３１５號二十四樓之３,24.0,-3.0,1,66.49,734075,17.58,324232.0,24.987886,121.552169,大坪林站出口5,1062,有電梯_7樓以上
房地(土地+建物)+車位,木柵路一段３１５號二十一樓之３,21.0,-3.0,1,66.49,727940,17.58,318544.0,24.987886,121.552169,大坪林站出口5,1062,有電梯_7樓以上
房地(土地+建物)+車位,興南街１３０號八樓,8.0,-3.0,1,38.16,891619,12.42,185185.0,25.05512,121.599492,昆陽站出口4,765,有電梯_7樓以上
房地(土地+建物)+車位,木柵路一段３１３號二十一樓之３,21.0,-3.0,1,66.49,728963,17.58,318544.0,24.987886,121.552169,大坪林站出口5,1062,有電梯_7樓以上
房地(土地+建物)+車位,木柵路一段３１３號二十三樓,23.0,-3.0,1,85.89,649710,17.58,291240.0,24.987886,121.552169,大坪林站出口5,1062,有電梯_7樓以上
房地(土地+建物)+車位,木柵路一段３１３號二十七樓,27.0,-3.0,1,85.89,657030,17.58,291240.0,24.987886,121.552169,大坪林站出口5,1062,有電梯_7樓以上
房地(土地+建物)+車位,木柵路一段３１３號二十五樓之３,25.0,-3.0,1,66.49,736120,17.58,318544.0,24.987886,121.552169,大坪林站出口5,1062,有電梯_7樓以上
房地(土地+建物)+車位,木柵路一段３１５號二十三樓之３,23.0,-3.0,1,57.7,711582,8.79,250284.0,24.987886,121.552169,大坪林站出口5,1062,有電梯_7樓以上
房地(土地+建物)+車位,木柵路一段３１５號二十六樓之３,26.0,-3.0,1,65.78,727940,16.88,308057.0,24.987886,121.552169,大坪林站出口5,1062,有電梯_7樓以上
房地(土地+建物)+車位,木柵路一段３１５號十二樓,12.0,-3.0,1,85.87,683765,17.58,255973.0,24.987886,121.552169,大坪林站出口5,1062,有電梯_7樓以上
房地(土地+建物)+車位,木柵路一段３１５號二十五樓之３,25.0,-3.0,1,57.7,722828,8.79,301479.0,24.987886,121.552169,大坪林站出口5,1062,有電梯_7樓以上
房地(土地+建物)+車位,木柵路一段３１５號十七樓之３,17.0,-3.0,1,57.7,705448,8.79,290102.0,24.987886,121.552169,大坪林站出口5,1062,有電梯_7樓以上
房地(土地+建物)+車位,木柵路一段３１５號二十六樓,26.0,-3.0,1,81.48,760250,17.58,318544.0,24.987886,121.552169,大坪林站出口5,1062,有電梯_7樓以上
房地(土地+建物)+車位,木柵路一段３１５號十八樓之５,18.0,-3.0,1,77.36,735661,17.58,318544.0,24.987886,121.552169,大坪林站出口5,1062,有電梯_7樓以上
房地(土地+建物)+車位,木柵路一段３１３號二十五樓之２,25.0,-3.0,1,65.46,726796,8.09,315204.0,24.987886,121.552169,大坪林站出口5,1062,有電梯_7樓以上
房地(土地+建物)+車位,木柵路一段３１３號十九樓,19.0,-3.0,1,85.88,731285,17.58,301479.0,24.987886,121.552169,大坪林站出口5,1062,有電梯_7樓以上
房地(土地+建物)+車位,木柵路一段３１５號十三樓,13.0,-3.0,1,85.18,686632,16.88,296209.0,24.987886,121.552169,大坪林站出口5,1062,有電梯_7樓以上
房地(土地+建物)+車位,木柵路一段３１５號二十二樓之３,22.0,-3.0,1,56.99,715672,8.09,290482.0,24.987886,121.552169,大坪林站出口5,1062,有電梯_7樓以上
房地(土地+建物)+車位,木柵路一段３１５號八樓之２,8.0,-3.0,1,69.59,645040,8.79,312856.0,24.987886,121.552169,大坪林站出口5,1062,有電梯_7樓以上
房地(土地+建物)+車位,木柵路一段３１３號二十六樓,26.0,-3.0,1,85.89,745161,17.58,346985.0,24.987886,121.552169,大坪林站出口5,1062,有電梯_7樓以上
房地(土地+建物)+車位,木柵路一段３１３號二十三樓之２,23.0,-3.0,1,78.39,697306,17.58,346985.0,24.987886,121.552169,大坪林站出口5,1062,有電梯_7樓以上
房地(土地+建物)+車位,木柵路一段３１３號二十三樓之３,23.0,-3.0,1,66.49,719761,17.58,346985.0,24.987886,121.552169,大坪林站出口5,1062,有電梯_7樓以上
房地(土地+建物)+車位,木柵路一段３１３號九樓之１,9.0,-3.0,1,61.21,677122,9.59,276330.0,24.987886,121.552169,大坪林站出口5,1062,有電梯_7樓以上
房地(土地+建物)+車位,木柵路一段３１５號八樓之１,8.0,-3.0,1,60.41,654455,8.79,227531.0,24.987886,121.552169,大坪林站出口5,1062,有電梯_7樓以上
房地(土地+建物)+車位,木柵路一段３１３號十六樓之１,16.0,-3.0,1,60.41,698005,8.79,301479.0,24.987886,121.552169,大坪林站出口5,1062,有電梯_7樓以上
房地(土地+建物)+車位,興南街１２８號八樓,8.0,-3.0,1,43.42,877501,12.42,201288.0,25.055168,121.599449,昆陽站出口4,765,有電梯_7樓以上
房地(土地+建物)+車位,木柵路一段３１５號二十七樓之１,27.0,-3.0,1,60.41,697465,8.79,324232.0,24.987886,121.552169,大坪林站出口5,1062,有電梯_7樓以上
房地(土地+建物)+車位,木柵路一段３１３號八樓之１,8.0,-3.0,1,60.41,667396,8.79,290102.0,24.987886,121.552169,大坪林站出口5,1062,有電梯_7樓以上
房地(土地+建物)+車位,木柵路一段３１３號二十七樓之３,27.0,-3.0,1,56.99,725532,8.09,234858.0,24.987886,121.552169,大坪林站出口5,1062,有電梯_7樓以上
房地(土地+建物)+車位,木柵路一段３１３號十一樓之１,11.0,-3.0,1,60.41,691612,8.79,352673.0,24.987886,121.552169,大坪林站出口5,1062,有電梯_7樓以上
房地(土地+建物)+車位,木柵路一段３１３號二十六樓之５,26.0,-3.0,1,77.36,732687,17.58,295791.0,24.987886,121.552169,大坪林站出口5,1062,有電梯_7樓以上
房地(土地+建物)+車位,木柵路一段３１５號二十二樓,22.0,-3.0,1,85.18,723233,16.88,313981.0,24.987886,121.552169,大坪林站出口5,1062,有電梯_7樓以上
房地(土地+建物)+車位,木柵路一段３１３號十樓之５,10.0,-3.0,1,86.95,707260,27.17,283401.0,24.987886,121.552169,大坪林站出口5,1062,有電梯_7樓以上
房地(土地+建物)+車位,木柵路一段３１３號十六樓之２,16.0,-3.0,1,78.39,677571,17.58,284414.0,24.987886,121.552169,大坪林站出口5,1062,有電梯_7樓以上
房地(土地+建物)+車位,木柵路一段３１３號十九樓之３,19.0,-3.0,1,57.69,704469,8.79,312856.0,24.987886,121.552169,大坪林站出口5,1062,有電梯_7樓以上
房地(土地+建物)+車位,木柵路一段３１５號十七樓之５,17.0,-3.0,1,68.57,710941,8.79,284414.0,24.987886,121.552169,大坪林站出口5,1062,有電梯_7樓以上
房地(土地+建物)+車位,木柵路一段３１３號八樓之２,8.0,-3.0,1,77.68,665730,16.88,290284.0,24.987886,121.552169,大坪林站出口5,1062,有電梯_7樓以上
房地(土地+建物)+車位,木柵路一段３１５號九樓,9.0,-3.0,1,85.89,683558,17.58,318544.0,24.987886,121.552169,大坪林站出口5,1062,有電梯_7樓以上
房地(土地+建物)+車位,中山北路五段７４６號十八樓之１,18.0,-3.0,1,72.19,929432,13.93,201005.0,25.099197,121.527344,芝山站出口1,570,有電梯_7樓以上
房地(土地+建物)+車位,中山北路五段７４６號十八樓,18.0,-3.0,1,72.58,929434,13.93,208184.0,25.099197,121.527344,芝山站出口1,570,有電梯_7樓以上
房地(土地+建物)+車位,木柵路一段３１３號八樓之３,8.0,-3.0,1,57.69,670728,8.79,290102.0,24.987886,121.552169,大坪林站出口5,1062,有電梯_7樓以上
房地(土地+建物)+車位,木柵路一段３１３號二十二樓之２,22.0,-3.0,1,79.99,693195,19.18,265902.0,24.987886,121.552169,大坪林站出口5,1062,有電梯_7樓以上
房地(土地+建物)+車位,木柵路一段３１３號八樓之５,8.0,-3.0,1,69.37,703449,9.59,255474.0,24.987886,121.552169,大坪林站出口5,1062,有電梯_7樓以上
房地(土地+建物)+車位,木柵路一段３１３號十六樓,16.0,-3.0,1,85.89,727593,17.58,290102.0,24.987886,121.552169,大坪林站出口5,1062,有電梯_7樓以上
房地(土地+建物)+車位,木柵路一段３１５號二十樓之３,20.0,-3.0,1,57.69,701402,8.79,273038.0,24.987886,121.552169,大坪林站出口5,1062,有電梯_7樓以上
房地(土地+建物)+車位,木柵路一段３１３號十七樓,17.0,-3.0,1,85.18,719541,16.88,319905.0,24.987886,121.552169,大坪林站出口5,1062,有電梯_7樓以上
房地(土地+建物)+車位,木柵路一段３１３號十五樓,15.0,-3.0,1,85.89,723933,17.58,290102.0,24.987886,121.552169,大坪林站出口5,1062,有電梯_7樓以上
房地(土地+建物)+車位,木柵路一段３１３號九樓之３,9.0,-3.0,1,57.69,682998,8.79,250284.0,24.987886,121.552169,大坪林站出口5,1062,有電梯_7樓以上
房地(土地+建物)+車位,木柵路一段３１３號十八樓之３,18.0,-3.0,1,56.99,712240,8.09,315204.0,24.987886,121.552169,大坪林站出口5,1062,有電梯_7樓以上
房地(土地+建物)+車位,木柵路一段３１５號二十樓,20.0,-3.0,1,85.89,714156,17.58,318544.0,24.987886,121.552169,大坪林站出口5,1062,有電梯_7樓以上
房地(土地+建物)+車位,木柵路一段３１３號十樓之３,10.0,-3.0,1,56.99,686065,8.09,234858.0,24.987886,121.552169,大坪林站出口5,1062,有電梯_7樓以上
房地(土地+建物)+車位,木柵路一段３１３號二十一樓,21.0,-3.0,1,85.18,727593,16.88,313981.0,24.987886,121.552169,大坪林站出口5,1062,有電梯_7樓以上
房地(土地+建物)+車位,木柵路一段３１５號二十二樓之５,22.0,-3.0,1,77.36,728468,17.58,318544.0,24.987886,121.552169,大坪林站出口5,1062,有電梯_7樓以上
房地(土地+建物)+車位,木柵路一段３１３號二十樓,20.0,-3.0,1,85.18,727593,16.88,296209.0,24.987886,121.552169,大坪林站出口5,1062,有電梯_7樓以上
房地(土地+建物)+車位,木柵路一段３１３號二十樓之５,20.0,-3.0,1,68.57,724360,8.79,301479.0,24.987886,121.552169,大坪林站出口5,1062,有電梯_7樓以上
房地(土地+建物)+車位,南京東路四段５２巷１９號八樓,8.0,-3.0,1,30.6,1218724,4.34,456221.0,25.0507,121.553728,台北小巨蛋站出口4,125,有電梯_7樓以上
房地(土地+建物)+車位,中山北路五段７５０號十八樓,18.0,-3.0,1,63.85,929315,13.93,208184.0,25.099486,121.527257,芝山站出口1,545,有電梯_7樓以上
房地(土地+建物)+車位,中山北路五段７５０號十四樓,14.0,-3.0,1,63.85,905076,13.93,193826.0,25.099486,121.527257,芝山站出口1,545,有電梯_7樓以上
房地(土地+建物)+車位,清江路９１巷２０號十樓,10.0,-3.0,1,29.6,596669,5.13,233918.0,25.129755,121.502297,北投站出口2,343,有電梯_7樓以上
房地(土地+建物),清江路９１巷１８號十樓,10.0,-3.0,1,25.16,593031,0.0,,25.129734,121.502186,北投站出口2,334,有電梯_7樓以上
房地(土地+建物)+車位,中山北路五段７５０號十一樓,11.0,-3.0,1,63.77,878815,13.93,193826.0,25.099486,121.527257,芝山站出口1,545,有電梯_7樓以上
房地(土地+建物)+車位,中山北路五段７５０號十二樓,12.0,-3.0,1,63.77,881223,13.93,193826.0,25.099486,121.527257,芝山站出口1,545,有電梯_7樓以上
房地(土地+建物)+車位,南京東路四段１２０巷３０號十三樓,13.0,-3.0,1,75.32,1243491,18.39,293638.0,25.050042,121.554739,台北小巨蛋站出口4,249,有電梯_7樓以上
房地(土地+建物)+車位,南京東路四段１２０巷２６號十三樓,13.0,-3.0,1,75.32,1297938,18.39,293638.0,25.050037,121.55494,台北小巨蛋站出口4,265,有電梯_7樓以上
建物,杭州南路二段６１巷３８號八樓之７,8.0,-3.0,1,16.13,924233,0.0,,25.029902,121.524381,古亭站出口6,337,有電梯_7樓以上
房地(土地+建物)+車位,後港街１３４巷１０號十八樓,18.0,-3.0,1,78.45,820277,22.94,244115.0,25.086909,121.520841,劍潭站出口1,484,有電梯_7樓以上
房地(土地+建物),清江路９１巷１６號九樓,9.0,-3.0,1,30.27,581354,0.0,,25.129793,121.502173,北投站出口2,330,有電梯_7樓以上
房地(土地+建物)+車位,後港街１３４巷２號十八樓,18.0,-3.0,1,78.45,823880,22.94,209241.0,25.086933,121.52114,劍潭站出口1,458,有電梯_7樓以上
房地(土地+建物)+車位,承德路二段１４５號十一樓之２,11.0,-3.0,1,23.62,755524,3.53,424929.0,25.057803,121.518402,雙連站出口1,223,有電梯_7樓以上
房地(土地+建物)+車位,承德路二段１４５號十三樓,13.0,-3.0,1,22.65,823179,3.53,424929.0,25.057803,121.518402,雙連站出口1,223,有電梯_7樓以上
房地(土地+建物),清江路９１巷１８號九樓,9.0,-3.0,1,25.16,579517,0.0,,25.129734,121.502186,北投站出口2,334,有電梯_7樓以上
房地(土地+建物),承德路二段１４５號十二樓之２,12.0,-3.0,1,20.09,773939,0.0,,25.057803,121.518402,雙連站出口1,223,有電梯_7樓以上
房地(土地+建物)+車位,中山北路一段１１２巷２１號十三樓,13.0,-3.0,1,84.49,1027960,12.29,235964.0,25.050738,121.520802,中山站出口2,185,有電梯_7樓以上
房地(土地+建物)+車位,中山北路七段１１４巷１號八樓,8.0,-4.0,1,57.22,929723,5.05,495050.0,25.122185,121.532171,石牌站出口2,1870,有電梯_7樓以上
房地(土地+建物)+車位,中山北路五段７５０號十八樓之１,18.0,-4.0,1,83.55,914468,13.93,215363.0,25.099486,121.527257,芝山站出口1,545,有電梯_7樓以上
房地(土地+建物)+車位,指南路一段９６巷２１號八樓,8.0,-4.0,1,54.9,652996,5.16,310078.0,24.987224,121.571535,木柵站出口,1232,有電梯_7樓以上
房地(土地+建物)+車位,承德路二段１４５號十一樓,11.0,-4.0,1,22.65,820041,3.53,424929.0,25.057803,121.518402,雙連站出口1,223,有電梯_7樓以上
房地(土地+建物)+車位,承德路二段１４５號九樓,9.0,-4.0,1,22.65,813242,3.53,424929.0,25.057803,121.518402,雙連站出口1,223,有電梯_7樓以上
房地(土地+建物)+車位,中山北路五段７５０號九樓,9.0,-4.0,1,63.77,862764,13.93,208184.0,25.099486,121.527257,芝山站出口1,545,有電梯_7樓以上
房地(土地+建物)+車位,中山北路五段７５０號十三樓,13.0,-4.0,1,63.85,891453,13.93,208184.0,25.099486,121.527257,芝山站出口1,545,有電梯_7樓以上
房地(土地+建物)+車位,後港街１３４巷８號九樓,9.0,-4.0,1,84.68,805026,22.94,231037.0,25.086918,121.520949,劍潭站出口1,475,有電梯_7樓以上
房地(土地+建物)+車位,中山北路五段７４６號十三樓之１,13.0,-4.0,1,55.66,859879,13.93,215363.0,25.099197,121.527344,芝山站出口1,570,有電梯_7樓以上
房地(土地+建物)+車位,指南路一段９６巷２１號十一樓,11.0,-4.0,1,61.56,705699,5.16,426357.0,24.987224,121.571535,木柵站出口,1232,有電梯_7樓以上
房地(土地+建物)+車位,中山北路五段７４６號十三樓,13.0,-4.0,1,56.11,861122,13.93,208184.0,25.099197,121.527344,芝山站出口1,570,有電梯_7樓以上
房地(土地+建物)+車位,牯嶺街１２６號十一樓之３,11.0,-4.0,1,65.37,826039,10.29,262391.0,25.023728,121.518945,古亭站出口8,475,有電梯_7樓以上
房地(土地+建物)+車位,承德路二段１４５號十二樓之１,12.0,-4.0,1,21.78,858092,3.53,311615.0,25.057803,121.518402,雙連站出口1,223,有電梯_7樓以上
房地(土地+建物),承德路二段１４５號十一樓之１,11.0,-4.0,1,18.25,854946,0.0,,25.057803,121.518402,雙連站出口1,223,有電梯_7樓以上
房地(土地+建物)+車位,中山北路五段７５０號十一樓之１,11.0,-4.0,1,66.9,883180,13.93,229720.0,25.099486,121.527257,芝山站出口1,545,有電梯_7樓以上
房地(土地+建物)+車位,牯嶺街１２６號十二樓之３,12.0,-4.0,1,77.49,831122,22.41,258813.0,25.023728,121.518945,古亭站出口8,475,有電梯_7樓以上
房地(土地+建物)+車位,牯嶺街１２６號十樓之５,10.0,-4.0,1,31.97,827170,11.2,205357.0,25.023728,121.518945,古亭站出口8,475,有電梯_7樓以上
房地(土地+建物)+車位,後港街１３４巷６號十樓,10.0,-4.0,1,84.68,802758,22.94,231037.0,25.086925,121.521053,劍潭站出口1,466,有電梯_7樓以上
房地(土地+建物)+車位,中山北路五段７４６號十三樓之２,13.0,-4.0,1,40.21,858783,6.97,172166.0,25.099197,121.527344,芝山站出口1,570,有電梯_7樓以上
房地(土地+建物)+車位,牯嶺街１２６號十樓之３,10.0,-4.0,1,77.49,822408,22.41,232039.0,25.023728,121.518945,古亭站出口8,475,有電梯_7樓以上
房地(土地+建物)+車位,牯嶺街１２６號十三樓之３,13.0,-4.0,1,76.57,836569,21.49,269893.0,25.023728,121.518945,古亭站出口8,475,有電梯_7樓以上
房地(土地+建物)+車位,承德路二段１４５號八樓之２,8.0,-4.0,1,23.61,843375,3.53,424929.0,25.057803,121.518402,雙連站出口1,223,有電梯_7樓以上
房地(土地+建物)+車位,中山北路五段７４６號十樓,10.0,-4.0,1,56.11,855906,13.93,208184.0,25.099197,121.527344,芝山站出口1,570,有電梯_7樓以上
房地(土地+建物),中山北路五段７５０號十二樓之１,12.0,-4.0,1,52.93,884919,0.0,,25.099486,121.527257,芝山站出口1,545,有電梯_7樓以上
房地(土地+建物)+車位,中山北路五段７４６號九樓之１,9.0,-4.0,1,55.66,845979,13.93,208184.0,25.099197,121.527344,芝山站出口1,570,有電梯_7樓以上
房地(土地+建物)+車位,中山北路五段７４６號十一樓之１,11.0,-4.0,1,55.66,859160,13.93,215363.0,25.099197,121.527344,芝山站出口1,570,有電梯_7樓以上
房地(土地+建物)+車位,牯嶺街１２６號九樓,9.0,-4.0,1,78.03,838898,22.41,258813.0,25.023728,121.518945,古亭站出口8,475,有電梯_7樓以上
房地(土地+建物)+車位,牯嶺街１２６號十四樓,14.0,-4.0,1,120.95,899447,32.7,281346.0,25.023728,121.518945,古亭站出口8,475,有電梯_7樓以上
房地(土地+建物)+車位,牯嶺街１２６號八樓之５,8.0,-4.0,1,31.97,822355,11.2,205357.0,25.023728,121.518945,古亭站出口8,475,有電梯_7樓以上
房地(土地+建物)+車位,牯嶺街１２６號十二樓之５,12.0,-4.0,1,31.06,846429,10.29,233236.0,25.023728,121.518945,古亭站出口8,475,有電梯_7樓以上
房地(土地+建物)+車位,牯嶺街１２６號十一樓之５,11.0,-4.0,1,31.97,842577,11.2,205357.0,25.023728,121.518945,古亭站出口8,475,有電梯_7樓以上
房地(土地+建物)+車位,中山北路五段７４６號十樓之１,10.0,-4.0,1,55.66,854847,13.93,211773.0,25.099197,121.527344,芝山站出口1,570,有電梯_7樓以上
房地(土地+建物)+車位,中山北路五段７４６號十樓之２,10.0,-4.0,1,40.21,844947,6.97,229555.0,25.099197,121.527344,芝山站出口1,570,有電梯_7樓以上
房地(土地+建物)+車位,中山北路五段７４６號九樓,9.0,-4.0,1,56.11,851639,13.93,208184.0,25.099197,121.527344,芝山站出口1,570,有電梯_7樓以上
房地(土地+建物)+車位,指南路一段９６巷２１號十樓,10.0,-4.0,1,61.59,682531,10.32,290698.0,24.987224,121.571535,木柵站出口,1232,有電梯_7樓以上
房地(土地+建物)+車位,中山北路五段７５０號十三樓之１,13.0,-4.0,1,83.55,981409,13.93,201005.0,25.099486,121.527257,芝山站出口1,545,有電梯_7樓以上
房地(土地+建物)+車位,牯嶺街１２６號十三樓之５,13.0,-4.0,1,31.97,842577,11.2,205357.0,25.023728,121.518945,古亭站出口8,475,有電梯_7樓以上
房地(土地+建物)+車位,指南路一段９６巷２１號九樓,9.0,-4.0,1,54.9,654403,5.16,319767.0,24.987224,121.571535,木柵站出口,1232,有電梯_7樓以上
房地(土地+建物)+車位,天玉街２７巷２３號十樓,10.0,-4.0,1,59.61,992255,13.26,271493.0,25.121444,121.52792,石牌站出口1,1465,有電梯_7樓以上
房地(土地+建物)+車位,牯嶺街１２６號十四樓之１,14.0,-4.0,1,85.71,895088,22.41,285587.0,25.023728,121.518945,古亭站出口8,475,有電梯_7樓以上
房地(土地+建物)+車位,天玉街２７巷１９號十四樓,14.0,-4.0,1,60.69,990598,13.26,211161.0,25.121533,121.52806,石牌站出口1,1482,有電梯_7樓以上
房地(土地+建物)+車位,天玉街２７巷２３號十四樓,14.0,-4.0,1,72.78,977836,26.53,241236.0,25.121444,121.52792,石牌站出口1,1465,有電梯_7樓以上
房地(土地+建物)+車位,天玉街２７巷２５號十四樓,14.0,-4.0,1,57.22,1012981,26.53,241236.0,25.121559,121.527881,石牌站出口1,1468,有電梯_7樓以上
房地(土地+建物)+車位,天玉街２７巷２７號十四樓,14.0,-4.0,1,61.24,1012789,13.26,248869.0,25.121665,121.527858,石牌站出口1,1472,有電梯_7樓以上
房地(土地+建物)+車位,牯嶺街１２６號十樓之２,10.0,-4.0,1,38.61,862935,11.2,258929.0,25.023728,121.518945,古亭站出口8,475,有電梯_7樓以上
房地(土地+建物)+車位,牯嶺街１２６號十二樓之２,12.0,-4.0,1,38.61,876801,11.2,227679.0,25.023728,121.518945,古亭站出口8,475,有電梯_7樓以上
房地(土地+建物)+車位,牯嶺街１２６號九樓之５,9.0,-4.0,1,31.97,820429,11.2,209821.0,25.023728,121.518945,古亭站出口8,475,有電梯_7樓以上
房地(土地+建物)+車位,牯嶺街１２６號十二樓之１,12.0,-4.0,1,38.47,882277,11.2,205357.0,25.023728,121.518945,古亭站出口8,475,有電梯_7樓以上
房地(土地+建物)+車位,牯嶺街１２６號十一樓之２,11.0,-4.0,1,38.61,870233,11.2,285714.0,25.023728,121.518945,古亭站出口8,475,有電梯_7樓以上
房地(土地+建物)+車位,牯嶺街１２６號十三樓之２,13.0,-4.0,1,38.61,878625,11.2,232143.0,25.023728,121.518945,古亭站出口8,475,有電梯_7樓以上
房地(土地+建物)+車位,牯嶺街１２６號九樓之１,9.0,-4.0,1,38.47,857342,11.2,232143.0,25.023728,121.518945,古亭站出口8,475,有電梯_7樓以上
房地(土地+建物)+車位,牯嶺街１２６號十一樓之１,11.0,-4.0,1,38.47,880077,11.2,232143.0,25.023728,121.518945,古亭站出口8,475,有電梯_7樓以上
房地(土地+建物)+車位,牯嶺街１２６號九樓之２,9.0,-4.0,1,38.61,871327,11.2,187500.0,25.023728,121.518945,古亭站出口8,475,有電梯_7樓以上
房地(土地+建物)+車位,天玉街２７巷２５號十一樓,11.0,-4.0,1,43.96,929570,13.26,188537.0,25.121559,121.527881,石牌站出口1,1468,有電梯_7樓以上
房地(土地+建物)+車位,吳興街６００巷３２號九樓,9.0,-4.0,1,54.53,779352,11.17,232766.0,25.021004,121.569148,麟光站出口,1097,有電梯_7樓以上
房地(土地+建物)+車位,吳興街６００巷３２號十二樓,12.0,-4.0,1,54.53,848064,11.17,250671.0,25.021004,121.569148,麟光站出口,1097,有電梯_7樓以上
房地(土地+建物)+車位,天玉街２７巷２５號十三樓,13.0,-4.0,1,43.96,950749,13.26,203620.0,25.121559,121.527881,石牌站出口1,1468,有電梯_7樓以上
房地(土地+建物)+車位,天玉街２７巷２７號十三樓,13.0,-4.0,1,75.17,949739,26.53,233698.0,25.121665,121.527858,石牌站出口1,1472,有電梯_7樓以上
房地(土地+建物)+車位,天玉街２７巷２１號十四樓,14.0,-4.0,1,55.32,979159,13.26,188537.0,25.121449,121.52805,石牌站出口1,1476,有電梯_7樓以上
房地(土地+建物)+車位,天玉街２７巷２１號十一樓,11.0,-4.0,1,68.61,930422,26.53,207312.0,25.121449,121.52805,石牌站出口1,1476,有電梯_7樓以上
房地(土地+建物)+車位,天玉街２７巷２３號十三樓,13.0,-4.0,1,59.52,972863,13.26,188537.0,25.121444,121.52792,石牌站出口1,1465,有電梯_7樓以上
房地(土地+建物)+車位,天玉街２７巷２３號十二樓,12.0,-4.0,1,59.52,972863,13.26,188537.0,25.121444,121.52792,石牌站出口1,1465,有電梯_7樓以上
房地(土地+建物),天玉街２７巷２５號十二樓,12.0,-4.0,1,30.69,946745,0.0,,25.121559,121.527881,石牌站出口1,1468,有電梯_7樓以上
房地(土地+建物)+車位,天玉街２７巷２７號十二樓,12.0,-4.0,1,61.91,953645,13.26,211161.0,25.121665,121.527858,石牌站出口1,1472,有電梯_7樓以上
房地(土地+建物)+車位,天玉街２７巷１９號十二樓,12.0,-4.0,1,60.69,988490,13.26,211161.0,25.121533,121.52806,石牌站出口1,1482,有電梯_7樓以上
房地(土地+建物)+車位,天玉街２７巷２７號十一樓,11.0,-4.0,1,75.17,947272,26.53,222390.0,25.121665,121.527858,石牌站出口1,1472,有電梯_7樓以上
房地(土地+建物)+車位,天玉街２７巷１９號十三樓,13.0,-4.0,1,73.95,993192,26.53,222390.0,25.121533,121.52806,石牌站出口1,1482,有電梯_7樓以上
房地(土地+建物)+車位,天玉街２７巷１９號十一樓,11.0,-4.0,1,73.95,971683,26.53,211082.0,25.121533,121.52806,石牌站出口1,1482,有電梯_7樓以上
房地(土地+建物)+車位,天玉街２７巷２１號十二樓,12.0,-4.0,1,68.61,964882,26.53,211082.0,25.121449,121.52805,石牌站出口1,1476,有電梯_7樓以上
房地(土地+建物),興南街６４巷２６弄３號八樓,8.0,-5.0,1,15.4,660898,0.0,,25.055085,121.601787,南港站出口1,580,有電梯_7樓以上
房地(土地+建物)+車位,興南街６４巷２６弄１號八樓,8.0,-5.0,1,35.02,630632,3.7,500000.0,25.055107,121.601877,南港站出口1,574,有電梯_7樓以上
房地(土地+建物),興南街６４巷２６弄７號十二樓,12.0,-5.0,1,25.24,620108,0.0,,25.055046,121.601618,南港站出口1,591,有電梯_7樓以上
房地(土地+建物)+車位,興南街６４巷２６弄７號八樓,8.0,-5.0,1,28.94,650222,3.7,500000.0,25.055046,121.601618,南港站出口1,591,有電梯_7樓以上
房地(土地+建物)+車位,興南街６４巷２６弄１號十三樓,13.0,-5.0,1,28.82,770011,3.7,418919.0,25.055107,121.601877,南港站出口1,574,有電梯_7樓以上
房地(土地+建物)+車位,興南街６４巷２６弄１號十二樓,12.0,-5.0,1,35.02,660008,3.7,500000.0,25.055107,121.601877,南港站出口1,574,有電梯_7樓以上
房地(土地+建物)+車位,興南街６４巷２６弄１號九樓,9.0,-5.0,1,35.02,614986,3.7,500000.0,25.055107,121.601877,南港站出口1,574,有電梯_7樓以上
房地(土地+建物)+車位,興南街６４巷２６弄３號九樓,9.0,-5.0,1,19.1,614804,3.7,418919.0,25.055085,121.601787,南港站出口1,580,有電梯_7樓以上
房地(土地+建物)+車位,興南街６４巷２６弄７號九樓,9.0,-5.0,1,28.94,599900,3.7,500000.0,25.055046,121.601618,南港站出口1,591,有電梯_7樓以上
房地(土地+建物),興南街６４巷２６弄５號十樓,10.0,-5.0,1,17.72,676171,0.0,,25.055065,121.6017,南港站出口1,586,有電梯_7樓以上
房地(土地+建物)+車位,興南街６４巷２６弄１號十樓,10.0,-5.0,1,35.02,629994,3.7,500000.0,25.055107,121.601877,南港站出口1,574,有電梯_7樓以上
房地(土地+建物)+車位,興南街６４巷２６弄７號十三樓,13.0,-5.0,1,28.2,770535,3.7,500000.0,25.055046,121.601618,南港站出口1,591,有電梯_7樓以上
房地(土地+建物)+車位,興南街６４巷２６弄５號八樓,8.0,-5.0,1,21.42,666576,3.7,418919.0,25.055065,121.6017,南港站出口1,586,有電梯_7樓以上
房地(土地+建物)+車位,興南街６４巷２６弄３號十二樓,12.0,-5.0,1,19.1,660898,3.7,270270.0,25.055085,121.601787,南港站出口1,580,有電梯_7樓以上
房地(土地+建物)+車位,興南街６４巷２６弄１號十一樓,11.0,-5.0,1,35.02,646278,3.7,500000.0,25.055107,121.601877,南港站出口1,574,有電梯_7樓以上
房地(土地+建物),興南街６４巷２６弄５號十一樓,11.0,-5.0,1,17.72,677300,0.0,,25.055065,121.6017,南港站出口1,586,有電梯_7樓以上
房地(土地+建物),興南街６４巷２６弄５號十二樓,12.0,-5.0,1,17.72,686331,0.0,,25.055065,121.6017,南港站出口1,586,有電梯_7樓以上
房地(土地+建物),興南街６４巷２６弄５號九樓,9.0,-5.0,1,17.72,671092,0.0,,25.055065,121.6017,南港站出口1,586,有電梯_7樓以上
房地(土地+建物)+車位,興南街６４巷２６弄７號十樓,10.0,-5.0,1,28.94,635957,3.7,500000.0,25.055046,121.601618,南港站出口1,591,有電梯_7樓以上
房地(土地+建物)+車位,興南街６４巷２６弄７號十一樓,11.0,-5.0,1,28.94,642693,3.7,418919.0,25.055046,121.601618,南港站出口1,591,有電梯_7樓以上
房地(土地+建物)+車位,德行東路２５８號十三樓之１,13.0,3.0,1,61.06,1116886,19.6,255102.0,25.109603,121.534373,芝山站出口2,1371,有電梯_7樓以上
房地(土地+建物)+車位,興隆路三段１３７號十樓之５,10.0,17.0,1,15.49,1001479,4.51,221729.0,24.998332,121.55878,萬芳醫院站出口,157,有電梯_7樓以上
房地(土地+建物)+車位,木柵路一段３１３號二十七樓之２,27.0,1.0,1,74.96,1084094,17.58,318544.0,24.987886,121.552169,大坪林站出口5,1062,有電梯_7樓以上
房地(土地+建物)+車位,研究院路二段６１巷１５號十六樓之３,16.0,11.0,1,63.37,807826,15.71,190961.0,25.044633,121.617248,南港展覽館站出口7,1049,有電梯_7樓以上
房地(土地+建物),康寧路三段９９巷１７弄４０號八樓,8.0,30.0,1,34.93,724314,0.0,,25.073061,121.609852,葫洲站出口1,190,有電梯_7樓以上
房地(土地+建物)+車位,三民路３５巷５號九樓之１,9.0,21.0,1,75.66,759937,0.0,,25.055269,121.562829,南京三民站出口1,406,有電梯_7樓以上
房地(土地+建物)+車位,金龍路２２９號十樓之１,10.0,33.0,1,41.36,879824,10.93,329369.0,25.088719,121.586983,內湖站出口1,919,有電梯_7樓以上
房地(土地+建物)+車位,文湖街２１巷９１弄７號八樓,8.0,7.0,1,31.78,786568,0.0,,25.091106,121.55894,劍南路站出口1,722,有電梯_7樓以上
房地(土地+建物)+車位,林口街１７６號十一樓,11.0,34.0,1,78.81,809401,12.96,270062.0,25.040634,121.580842,後山埤站出口2,356,有電梯_7樓以上
房地(土地+建物)+車位,街８號十三樓,13.0,16.0,1,39.14,1029627,10.0,300000.0,25.05467,121.606829,南港站出口2,300,有電梯_7樓以上
房地(土地+建物)+車位,通河東街一段４５號十樓,10.0,17.0,1,52.37,606781,0.0,,25.083698,121.5165,劍潭站出口2,832,有電梯_7樓以上
房地(土地+建物)+車位,內湖路一段４１１巷６８號九樓,9.0,8.0,1,166.36,1111871,30.55,392799.0,25.083995,121.57088,西湖站出口2,436,有電梯_7樓以上
房地(土地+建物)+車位,石牌路二段３６３號八樓之１,8.0,0.0,1,50.04,979512,11.35,273128.0,25.123951,121.525611,石牌站出口1,1444,有電梯_7樓以上
房地(土地+建物),承德路四段３１７號十二樓,12.0,40.0,1,49.08,560269,0.0,,25.090208,121.518001,士林站出口2,900,有電梯_7樓以上
房地(土地+建物)+車位,中山北路六段１９５巷６號八樓之１,8.0,17.0,1,58.57,900221,11.02,272232.0,25.107972,121.524478,芝山站出口2,508,有電梯_7樓以上
房地(土地+建物)+車位,中山北路六段１９５巷６號八樓,8.0,17.0,1,58.31,847541,11.02,272232.0,25.107972,121.524478,芝山站出口2,508,有電梯_7樓以上
房地(土地+建物),國興路７２號十樓,10.0,46.0,1,18.1,839706,0.0,,25.026077,121.506734,小南門站出口3,1112,有電梯_7樓以上
房地(土地+建物),新民路５３之１號八樓之７,8.0,17.0,1,10.65,653645,0.0,,25.140218,121.510868,新北投站出口1,823,有電梯_7樓以上
房地(土地+建物)+車位,木柵路一段３１３號十六樓之５,16.0,1.0,1,69.37,1018453,9.59,312826.0,24.987886,121.552169,大坪林站出口5,1062,有電梯_7樓以上
房地(土地+建物),光復北路１１巷９７號九樓之２,9.0,36.0,1,40.89,845582,0.0,,25.050436,121.562341,南京三民站出口2,114,有電梯_7樓以上
房地(土地+建物)+車位,向陽路２５８巷１３號十五樓,15.0,19.0,1,93.68,962210,28.62,0.0,25.058376,121.592847,昆陽站出口3,868,有電梯_7樓以上
房地(土地+建物),福德街３７３巷４１號十七樓,17.0,27.0,1,38.74,601522,0.0,,25.039075,121.592036,後山埤站出口3,1117,有電梯_7樓以上
房地(土地+建物)+車位,天玉街２７巷２３號九樓,9.0,1.0,1,59.38,1062537,13.26,0.0,25.121444,121.52792,石牌站出口1,1465,有電梯_7樓以上
房地(土地+建物)+車位,康寧路三段２５號十二樓之１,12.0,17.0,1,59.45,979665,11.99,208507.0,25.072813,121.607292,葫洲站出口2,32,有電梯_7樓以上
房地(土地+建物)+車位,港墘路１２７巷６弄７號八樓,8.0,28.0,1,62.9,888653,13.39,186706.0,25.078271,121.576976,港墘站出口1,238,有電梯_7樓以上
房地(土地+建物)+車位,明德路１５０巷１７號十二樓,12.0,16.0,1,89.18,1103313,28.91,0.0,25.110689,121.521538,明德站出口1,286,有電梯_7樓以上
房地(土地+建物)+車位,文湖街２１巷９１弄９號九樓,9.0,7.0,1,31.9,715742,2.0,1050000.0,25.091018,121.558943,劍南路站出口1,714,有電梯_7樓以上
房地(土地+建物)+車位,重慶南路三段４３號八樓,8.0,4.0,1,75.21,1386554,11.85,308017.0,25.027784,121.516205,中正紀念堂站出口2,554,有電梯_7樓以上
房地(土地+建物)+車位,內湖路二段３５０之２號十一樓,11.0,10.0,1,59.25,1046926,15.98,219024.0,25.081957,121.590293,內湖站出口1,447,有電梯_7樓以上
房地(土地+建物),東明街４３號十樓之３,10.0,2.0,1,20.66,1176317,0.0,,25.056151,121.604453,南港站出口1,509,有電梯_7樓以上
房地(土地+建物),民權東路二段７１巷８號十一樓之８,11.0,2.0,1,19.34,1205020,0.0,,25.063339,121.531609,行天宮站出口4,359,有電梯_7樓以上
房地(土地+建物),基河路１２８號八樓之７,8.0,28.0,1,9.5,841971,0.0,,25.088648,121.523185,劍潭站出口1,449,有電梯_7樓以上
房地(土地+建物),光復南路９８之３號八樓,8.0,37.0,1,36.96,1198170,0.0,,25.044,121.55756,國父紀念館站出口1,257,有電梯_7樓以上
房地(土地+建物)+車位,內湖路三段２４０號十二樓,12.0,12.0,1,83.03,698817,23.07,242739.0,25.088707,121.588173,內湖站出口1,825,有電梯_7樓以上
房地(土地+建物)+車位,仁愛路四段４０８巷１８號十一樓,11.0,12.0,1,94.57,1011415,0.0,,25.036783,121.556801,國父紀念館站出口2,472,有電梯_7樓以上
房地(土地+建物)+車位,五分街７２巷１號十二樓之１,12.0,17.0,1,45.47,1021072,10.01,0.0,25.067144,121.616305,東湖站出口3,437,有電梯_7樓以上
房地(土地+建物)+車位,內湖路一段３８７巷５號十一樓之１,11.0,31.0,1,47.9,956365,10.78,231911.0,25.082538,121.570477,西湖站出口2,341,有電梯_7樓以上
房地(土地+建物),仁愛路四段６２號十一樓之６,11.0,47.0,1,12.6,1040006,0.0,,25.037597,121.547607,忠孝敦化站出口6,413,有電梯_7樓以上
房地(土地+建物),文林路７６３號八樓之１１,8.0,44.0,1,24.58,689554,0.0,,25.103191,121.519026,芝山站出口2,341,有電梯_7樓以上
房地(土地+建物)+車位,文德路２２巷９弄６４號七樓,9.0,34.0,1,64.5,715986,10.48,343511.0,25.076503,121.579322,港墘站出口1,537,有電梯_7樓以上
房地(土地+建物)+車位,大同街２０號十樓,10.0,1.0,1,34.5,1074968,9.77,307062.0,25.133229,121.499339,北投站出口1,159,有電梯_7樓以上
房地(土地+建物)+車位,中山北路五段７４６號八樓之２,8.0,1.0,1,47.2,1188700,13.97,0.0,25.099197,121.527344,芝山站出口1,570,有電梯_7樓以上
房地(土地+建物)+車位,幽雅路７號十一樓之６,11.0,16.0,1,21.79,470804,7.03,170697.0,25.137316,121.513129,新北投站出口1,968,有電梯_7樓以上
房地(土地+建物)+車位,大同街３２號十四樓,14.0,1.0,1,57.96,1122658,10.04,338645.0,25.133425,121.499486,北投站出口1,184,有電梯_7樓以上
房地(土地+建物),信義路三段１３４巷１００號十樓,10.0,39.0,1,44.42,1024266,0.0,,25.028983,121.53893,科技大樓站出口,569,有電梯_7樓以上
房地(土地+建物),青年路６８巷３弄９號十樓,10.0,42.0,1,33.83,674048,0.0,,25.024335,121.502062,龍山寺站出口2,1220,有電梯_7樓以上
房地(土地+建物)+車位,杭州南路一段７１巷１６號十樓,10.0,2.0,1,76.74,1371288,0.0,,25.039374,121.526984,東門站出口2,576,有電梯_7樓以上
房地(土地+建物)+車位,三重路４１巷２７號十二樓,12.0,2.0,1,34.6,1067532,6.5,307692.0,25.060106,121.61318,南港軟體園區站出口1,272,有電梯_7樓以上
房地(土地+建物)+車位,大同街２０號九樓,9.0,1.0,1,34.77,1066880,10.04,288845.0,25.133229,121.499339,北投站出口1,159,有電梯_7樓以上
房地(土地+建物)+車位,安和路二段９２號九樓之３,9.0,36.0,1,73.44,1040513,10.97,364631.0,25.028772,121.550245,信義安和站出口2A,511,有電梯_7樓以上
房地(土地+建物)+車位,街１９號十二樓,12.0,18.0,1,29.38,1069650,6.67,299850.0,25.05467,121.606829,南港站出口2,300,有電梯_7樓以上
房地(土地+建物),忠孝東路五段２３６巷５５號十樓之３,10.0,28.0,1,11.86,1390758,0.0,,25.037506,121.571994,永春站出口2,493,有電梯_7樓以上
房地(土地+建物)+車位,辛亥路五段６９之１號八樓,8.0,10.0,1,15.82,866335,1.97,0.0,24.998343,121.553322,萬芳醫院站出口,460,有電梯_7樓以上
房地(土地+建物)+車位,北安路５８８巷３０弄２０號八樓,8.0,30.0,1,56.02,821181,0.0,,25.08042,121.550524,大直站出口1,362,有電梯_7樓以上
房地(土地+建物)+車位,延壽街１８巷２１號十樓,10.0,7.0,1,42.45,848061,0.0,,25.056462,121.568641,南京三民站出口4,671,有電梯_7樓以上
房地(土地+建物)+車位,三民路４３巷８號十二樓之１,12.0,18.0,1,67.94,859641,0.0,,25.056338,121.561131,南京三民站出口1,563,有電梯_7樓以上
房地(土地+建物)+車位,北安路７８９號十三樓之３,13.0,12.0,1,29.86,1076179,3.84,0.0,25.085623,121.55387,劍南路站出口1,150,有電梯_7樓以上
房地(土地+建物)+車位,金湖路４０１巷３８號十二樓,12.0,26.0,1,56.68,959373,13.42,186289.0,25.072483,121.603354,葫洲站出口2,387,有電梯_7樓以上
房地(土地+建物)+車位,通河西街一段３號九樓,9.0,16.0,1,82.6,695541,6.4,0.0,25.079456,121.515108,圓山站出口2,991,有電梯_7樓以上
房地(土地+建物),信義路五段１５０巷３３０號十二樓之２,12.0,16.0,1,11.91,1049857,0.0,,25.026533,121.570157,象山站出口2,650,有電梯_7樓以上
房地(土地+建物)+車位,中山北路六段４４１巷３０號十三樓,13.0,1.0,1,64.1,1429934,21.24,329567.0,25.11709,121.526959,明德站出口2,1143,有電梯_7樓以上
房地(土地+建物)+車位,中山北路六段４４１巷３０號十三樓之３,13.0,1.0,1,64.08,1385697,21.23,329722.0,25.11709,121.526959,明德站出口2,1143,有電梯_7樓以上
房地(土地+建物)+車位,德行東路２００號十樓之２,10.0,2.0,1,55.22,1193376,12.32,308442.0,25.108693,121.531601,芝山站出口2,1078,有電梯_7樓以上
房地(土地+建物),中華路二段４１６巷１９號十一樓之１,11.0,38.0,1,29.55,511030,0.0,,25.026562,121.503618,龍山寺站出口3,1005,有電梯_7樓以上
房地(土地+建物)+車位,木柵路三段４８巷１弄５號九樓,9.0,29.0,1,63.79,521678,0.0,,24.987782,121.565148,萬芳社區站出口,1245,有電梯_7樓以上
房地(土地+建物)+車位,興隆路三段３１９號十一樓,11.0,9.0,1,43.91,829857,10.92,228938.0,24.99188,121.558983,萬芳醫院站出口,844,有電梯_7樓以上
房地(土地+建物)+車位,尊賢街２３６號十樓,10.0,5.0,1,78.2,628581,23.31,257400.0,25.116399,121.507619,唭哩岸站出口1,484,有電梯_7樓以上
房地(土地+建物)+車位,大同街３２號十一樓,11.0,1.0,1,57.96,1080924,10.04,318725.0,25.133425,121.499486,北投站出口1,184,有電梯_7樓以上
房地(土地+建物),石牌路二段３６３號八樓之３,8.0,0.0,1,18.95,989520,0.0,,25.123951,121.525611,石牌站出口1,1444,有電梯_7樓以上
房地(土地+建物),敦化北路１６５巷６號八樓,8.0,35.0,1,36.15,1051214,0.0,,25.054644,121.550275,台北小巨蛋站出口1,337,有電梯_7樓以上
房地(土地+建物)+車位,天母北路５６號十七樓之１,17.0,5.0,1,35.68,1171540,11.73,251492.0,25.121533,121.52636,石牌站出口1,1336,有電梯_7樓以上
房地(土地+建物),復興南路二段１７１巷１６號十八樓,18.0,40.0,1,39.29,849988,0.0,,25.027477,121.544577,科技大樓站出口,175,有電梯_7樓以上
房地(土地+建物)+車位,康寧路三段１９０巷３５號十樓之７,10.0,17.0,1,35.48,913523,8.0,312500.0,25.068665,121.610794,東湖站出口1,164,有電梯_7樓以上
房地(土地+建物),民權東路六段２９６巷１０９號九樓,9.0,31.0,1,29.13,901111,0.0,,25.070065,121.608729,葫洲站出口1,280,有電梯_7樓以上
房地(土地+建物)+車位,敬業三路１６２巷３３號九樓,9.0,25.0,1,46.98,1137786,16.39,0.0,25.079018,121.558015,劍南路站出口3,622,有電梯_7樓以上
房地(土地+建物),和平東路三段１巷７２弄９號十樓,10.0,40.0,1,31.04,900232,0.0,,25.027828,121.546265,科技大樓站出口,324,有電梯_7樓以上
房地(土地+建物)+車位,指南路三段９１號八樓,8.0,11.0,1,42.61,714033,10.12,0.0,24.982346,121.581012,動物園站出口2,1746,有電梯_7樓以上
房地(土地+建物)+車位,西園路二段３７號十三樓之３,13.0,3.0,1,54.11,819962,10.16,275591.0,25.03182,121.497409,龍山寺站出口2,438,有電梯_7樓以上
房地(土地+建物)+車位,成功路五段４５０巷２１弄５９號十樓,10.0,26.0,1,64.78,889565,9.92,0.0,25.073758,121.607609,葫洲站出口2,142,有電梯_7樓以上
房地(土地+建物)+車位,興南街６４巷２６弄７號十樓,10.0,1.0,1,28.94,950964,3.7,540541.0,25.055046,121.601618,南港站出口1,591,有電梯_7樓以上
房地(土地+建物),文德路２７５號八樓之５,8.0,19.0,1,15.41,957400,0.0,,25.079298,121.589008,文德站出口1,346,有電梯_7樓以上
房地(土地+建物),舊莊街一段８５號十四樓之６,14.0,1.0,1,18.83,860440,0.0,,25.040853,121.61914,南港展覽館站出口7,1469,有電梯_7樓以上
房地(土地+建物)+車位,福興路１０６巷２８弄５號九樓,9.0,15.0,1,32.17,742832,11.07,180668.0,25.006367,121.5501,辛亥站出口,711,有電梯_7樓以上
房地(土地+建物),國興路１４號九樓,9.0,46.0,1,19.08,723092,0.0,,25.024677,121.508607,小南門站出口3,1206,有電梯_7樓以上
房地(土地+建物)+車位,承德路四段２７７巷３５號八樓之１,8.0,15.0,1,24.77,951592,4.6,0.0,25.090409,121.519518,士林站出口2,748,有電梯_7樓以上
房地(土地+建物),松德路２５巷２２號十三樓,13.0,40.0,1,22.31,953731,0.0,,25.038501,121.577113,永春站出口4,250,有電梯_7樓以上
房地(土地+建物)+車位,思源街１２號八樓,8.0,24.0,1,51.42,894561,0.0,,25.014736,121.531583,公館站出口4,211,有電梯_7樓以上
房地(土地+建物)+車位,景興路１７７巷１１號十樓,10.0,13.0,1,59.12,823334,5.32,676692.0,24.992771,121.545068,景美站出口2,359,有電梯_7樓以上
房地(土地+建物),興隆路四段１３３號十二樓之３,12.0,29.0,1,14.99,680231,0.0,,24.985418,121.561544,萬芳醫院站出口,1600,有電梯_7樓以上
房地(土地+建物)+車位,內湖路二段１０３巷９８號九樓,9.0,28.0,1,93.76,693261,0.0,,25.083484,121.580917,港墘站出口1,636,有電梯_7樓以上
房地(土地+建物),忠誠路一段１５９號十樓,10.0,32.0,1,43.87,888898,0.0,,25.106944,121.530211,芝山站出口2,865,有電梯_7樓以上
房地(土地+建物)+車位,中華路二段３６４巷７號九樓之２,9.0,12.0,1,62.52,727725,0.0,,25.028338,121.5042,龍山寺站出口3,829,有電梯_7樓以上
房地(土地+建物),光復北路２３０巷５號十八樓,18.0,23.0,1,39.97,937720,0.0,,25.056001,121.555129,台北小巨蛋站出口4,545,有電梯_7樓以上
房地(土地+建物),敦化北路１６５巷８號八樓,8.0,35.0,1,36.15,879700,0.0,,25.054641,121.550387,台北小巨蛋站出口1,332,有電梯_7樓以上
房地(土地+建物),文林路７６３號九樓之２,9.0,44.0,1,21.79,695304,0.0,,25.103191,121.519026,芝山站出口2,341,有電梯_7樓以上
房地(土地+建物),復興南路二段３８１號八樓之３,8.0,45.0,1,19.25,857365,0.0,,25.022201,121.543541,科技大樓站出口,440,有電梯_7樓以上
房地(土地+建物),清江路９１巷２０號八樓,8.0,1.0,1,24.47,500630,0.0,,25.129755,121.502297,北投站出口2,343,有電梯_7樓以上
房地(土地+建物)+車位,辛亥路七段８４巷１號十樓之２,10.0,24.0,1,33.45,538061,0.0,,24.981565,121.554161,大坪林站出口5,1113,有電梯_7樓以上
房地(土地+建物),萬芳路１０５巷４３號十樓,10.0,29.0,1,30.2,817757,0.0,,24.996546,121.563478,萬芳社區站出口,546,有電梯_7樓以上
房地(土地+建物)+車位,政大二街２１５巷８號八樓,8.0,22.0,1,42.24,454502,0.0,,24.98878,121.587473,動物園站出口1,1302,有電梯_7樓以上
房地(土地+建物)+車位,中華路二段３６４巷７號十一樓,11.0,12.0,1,62.52,715729,0.0,,25.028338,121.5042,龍山寺站出口3,829,有電梯_7樓以上
房地(土地+建物)+車位,新富街１３５號八樓,8.0,12.0,1,78.72,1003178,12.73,219953.0,25.060294,121.586004,昆陽站出口2,1297,有電梯_7樓以上
房地(土地+建物)+車位,福志路１１８號十一樓,11.0,11.0,1,80.71,1022706,21.55,278422.0,25.0986,121.527805,士林站出口1,533,有電梯_7樓以上
房地(土地+建物),景福街５４巷５弄９號十二樓,12.0,26.0,1,37.56,726811,0.0,,24.999641,121.537241,萬隆站出口1,254,有電梯_7樓以上
房地(土地+建物),南京東路六段１５０號九樓之２,9.0,18.0,1,27.82,916578,0.0,,25.05526,121.578951,松山站出口5,536,有電梯_7樓以上
房地(土地+建物)+車位,和平東路四段６６巷３７號九樓,9.0,28.0,1,68.99,575800,13.62,146843.0,25.005826,121.564853,辛亥站出口,793,有電梯_7樓以上
房地(土地+建物)+車位,成功路五段４５０巷３２號八樓,8.0,28.0,1,54.92,906474,10.9,229358.0,25.074385,121.608386,葫洲站出口1,211,有電梯_7樓以上
房地(土地+建物)+車位,內湖路三段６０巷１２弄７３號十三樓之１,13.0,33.0,1,88.86,428421,14.75,169492.0,25.089553,121.591689,內湖站出口1,696,有電梯_7樓以上
房地(土地+建物)+車位,大安路二段６６號十樓之１０,10.0,15.0,1,17.51,1218369,4.54,484581.0,25.03224,121.545854,大安站出口4,213,有電梯_7樓以上
房地(土地+建物)+車位,西園路二段３７號十樓,10.0,3.0,1,54.12,823490,10.16,305118.0,25.03182,121.497409,龍山寺站出口2,438,有電梯_7樓以上
房地(土地+建物)+車位,興隆路四段７４巷２１弄６號八樓之１,8.0,27.0,1,44.92,765301,12.9,0.0,24.983328,121.560517,大坪林站出口5,1745,有電梯_7樓以上
房地(土地+建物)+車位,公路４２９號十樓,10.0,32.0,1,66.94,552733,0.0,,25.132303,121.502681,北投站出口2,379,有電梯_7樓以上
房地(土地+建物),松德路２６號八樓,8.0,34.0,1,19.79,803333,0.0,,25.039237,121.577063,永春站出口4,170,有電梯_7樓以上
房地(土地+建物),大業路３８８號十五樓,15.0,1.0,1,20.3,869789,0.0,,25.129798,121.497363,北投站出口2,229,有電梯_7樓以上
房地(土地+建物)+車位,建國南路一段４２號十四樓之４,14.0,35.0,1,45.61,926257,9.77,286592.0,25.044017,121.536225,忠孝新生站出口4,349,有電梯_7樓以上
房地(土地+建物)+車位,中坡南路２０１巷１８之１號十九樓,19.0,4.0,1,76.6,1039224,19.83,353001.0,25.041398,121.586504,後山埤站出口2,534,有電梯_7樓以上
房地(土地+建物)+車位,建國南路一段３３２之１號九樓,9.0,18.0,1,41.19,1229656,3.37,593472.0,25.034679,121.537547,大安森林公園站出口6,197,有電梯_7樓以上
房地(土地+建物),仁愛路二段７１號十樓之３,10.0,48.0,1,32.07,1062431,0.0,,25.0384,121.530976,忠孝新生站出口5,327,有電梯_7樓以上
房地(土地+建物)+車位,大同街３０號十樓,10.0,1.0,1,46.53,1028738,10.37,270010.0,25.133369,121.499411,北投站出口1,174,有電梯_7樓以上
房地(土地+建物),仁愛路四段６４號十樓之４,10.0,47.0,1,12.61,1242051,0.0,,25.037597,121.547682,忠孝敦化站出口6,410,有電梯_7樓以上
房地(土地+建物)+車位,汀州路四段２０５號九樓,9.0,14.0,1,57.5,634759,0.0,,25.003105,121.535727,萬隆站出口4,291,有電梯_7樓以上
房地(土地+建物)+車位,敬業三路１６２巷１０６號十二樓,12.0,25.0,1,43.29,706800,0.0,,25.077578,121.558599,劍南路站出口3,792,有電梯_7樓以上
房地(土地+建物)+車位,復興南路二段９０巷１２號十樓之２、十樓之３,10.0,17.0,1,38.55,1299701,9.54,398323.0,25.03022,121.542386,大安站出口5,323,有電梯_7樓以上
房地(土地+建物),興隆路三段１３７號十樓之８,10.0,17.0,1,9.19,940937,0.0,,24.998332,121.55878,萬芳醫院站出口,157,有電梯_7樓以上
房地(土地+建物)+車位,南京東路五段２９１巷１９弄１７號八樓,8.0,1.0,1,45.27,1179194,10.67,234302.0,25.052492,121.566977,南京三民站出口4,250,有電梯_7樓以上
房地(土地+建物)+車位,延壽街１８巷３號九樓,9.0,1.0,1,55.23,1031126,11.59,258844.0,25.057012,121.56855,南京三民站出口4,717,有電梯_7樓以上
房地(土地+建物),信義路五段１５０巷３３０號十二樓之８,12.0,16.0,1,10.09,1059993,0.0,,25.026533,121.570157,象山站出口2,650,有電梯_7樓以上
房地(土地+建物)+車位,星雲街１６５號十三樓之４,13.0,25.0,1,45.27,541172,0.0,,25.081047,121.596538,內湖站出口2,347,有電梯_7樓以上
房地(土地+建物)+車位,士東路８６號十三樓,13.0,7.0,1,85.53,1214540,24.7,283401.0,25.11197,121.528798,明德站出口1,1016,有電梯_7樓以上
房地(土地+建物)+車位,成功路二段５００號八樓,8.0,12.0,1,68.0,728287,9.4,0.0,25.073648,121.589697,文德站出口1,692,有電梯_7樓以上
房地(土地+建物),建國北路二段３５號十二樓之５,12.0,37.0,1,12.31,853055,0.0,,25.055296,121.537233,松江南京站出口6,487,有電梯_7樓以上
房地(土地+建物)+車位,重慶北路四段１０８號十樓之１,10.0,1.0,1,55.93,983050,12.19,0.0,25.082843,121.512788,劍潭站出口2,1206,有電梯_7樓以上
房地(土地+建物)+車位,福興路１０６巷２８弄３號十一樓,11.0,15.0,1,32.28,829511,11.07,0.0,25.006458,121.550113,辛亥站出口,712,有電梯_7樓以上
房地(土地+建物),金湖路６５巷１１號八樓,8.0,19.0,1,27.77,954182,0.0,,25.081806,121.596474,內湖站出口2,277,有電梯_7樓以上
房地(土地+建物),明水路５３７號十四樓,14.0,31.0,1,56.84,1190654,0.0,,25.078307,121.551771,大直站出口3,495,有電梯_7樓以上
房地(土地+建物),承德路四段３６０號十二樓,12.0,37.0,1,32.91,735430,0.0,,25.090432,121.516843,士林站出口2,1003,有電梯_7樓以上
房地(土地+建物)+車位,木柵路四段３３巷５號九樓之２,9.0,16.0,1,24.44,758082,12.89,155159.0,24.993939,121.57105,木柵站出口,528,有電梯_7樓以上
房地(土地+建物)+車位,慶城街７１號十二樓,12.0,37.0,1,91.84,1339893,13.22,264750.0,25.056637,121.547287,南京復興站出口7,535,有電梯_7樓以上
建物,成都路６７號九樓之８,9.0,30.0,1,10.29,542379,0.0,,25.042912,121.505693,西門站出口6,196,有電梯_7樓以上
房地(土地+建物)+車位,泉源路４６號八樓之３,8.0,9.0,1,109.14,683982,28.0,267857.0,25.140724,121.508796,新北投站出口1,675,有電梯_7樓以上
房地(土地+建物)+車位,五分街７２巷３號九樓之２,9.0,17.0,1,45.65,947382,11.81,211685.0,25.067144,121.616305,東湖站出口3,437,有電梯_7樓以上
房地(土地+建物)+車位,延平北路六段２１１號八樓之１,8.0,9.0,1,57.52,739560,10.74,279330.0,25.089115,121.505681,劍潭站出口3,2014,有電梯_7樓以上
房地(土地+建物)+車位,信義路一段１３之１號十一樓,11.0,29.0,1,52.78,1356192,0.0,,25.036609,121.522519,中正紀念堂站出口5,570,有電梯_7樓以上
房地(土地+建物)+車位,五分街９６號十樓,10.0,3.0,1,37.68,889610,9.58,260960.0,25.06692,121.616876,東湖站出口3,495,有電梯_7樓以上
房地(土地+建物)+車位,北投路一段８３號十二樓之１,12.0,15.0,1,37.05,810093,4.34,0.0,25.12865,121.499965,北投站出口2,275,有電梯_7樓以上
房地(土地+建物)+車位,康樂街１３６巷１８弄２９號十一樓,11.0,12.0,1,36.16,828448,6.16,357143.0,25.071052,121.618154,東湖站出口3,765,有電梯_7樓以上
房地(土地+建物)+車位,敦化南路二段１１巷２１號十二樓,12.0,10.0,1,119.76,1419511,0.0,,25.032642,121.550061,信義安和站出口2,233,有電梯_7樓以上
房地(土地+建物),和平西路一段１４７號十一樓,11.0,36.0,1,46.7,871579,0.0,,25.027608,121.515383,中正紀念堂站出口2,607,有電梯_7樓以上
房地(土地+建物),成功路二段１１５巷７號九樓,9.0,3.0,1,59.98,446818,0.0,,25.065676,121.592019,文德站出口1,1581,有電梯_7樓以上
房地(土地+建物)+車位,木柵路一段５９巷８０號八樓,8.0,13.0,1,50.87,722606,13.51,222058.0,24.988221,121.548276,大坪林站出口5,785,有電梯_7樓以上
房地(土地+建物)+車位,環山路一段２８號二十二樓,22.0,15.0,1,130.27,1075054,39.11,306827.0,25.085104,121.564969,西湖站出口1,351,有電梯_7樓以上
房地(土地+建物)+車位,敬業三路１６２巷１３６號九樓,9.0,25.0,1,43.21,946098,0.0,,25.077168,121.559705,劍南路站出口3,876,有電梯_7樓以上
房地(土地+建物),景福街５４巷５弄１７號十樓,10.0,26.0,1,37.49,733553,0.0,,24.99977,121.536927,萬隆站出口1,266,有電梯_7樓以上
房地(土地+建物),忠孝東路五段１９號十一樓之１,11.0,43.0,1,38.48,878287,0.0,,25.041314,121.565668,市政府站出口1,24,有電梯_7樓以上
房地(土地+建物),延壽街３３０巷１７弄１８之１號八樓,8.0,32.0,1,43.73,807238,0.0,,25.054741,121.562011,南京三民站出口1,366,有電梯_7樓以上
房地(土地+建物)+車位,忠誠路一段１８號十二樓,12.0,19.0,1,142.27,1044443,26.54,301432.0,25.104377,121.525805,芝山站出口2,354,有電梯_7樓以上
房地(土地+建物),中坡北路９２號九樓之３,9.0,28.0,1,15.74,980552,0.0,,25.047944,121.580538,後山埤站出口4,319,有電梯_7樓以上
房地(土地+建物),安和路二段８０號十四樓之３,14.0,46.0,1,15.12,1349302,0.0,,25.029565,121.55101,信義安和站出口2A,398,有電梯_7樓以上
房地(土地+建物)+車位,福德街３７３巷６３號十二樓,12.0,27.0,1,45.94,670040,0.0,,25.039594,121.592031,後山埤站出口3,1082,有電梯_7樓以上
房地(土地+建物)+車位,中央北路二段３５０巷８６號十樓,10.0,10.0,1,66.86,523447,0.0,,25.13974,121.489199,復興崗站出口1,446,有電梯_7樓以上
房地(土地+建物),內湖路一段６５９號十五樓之４,15.0,14.0,1,16.65,1194024,0.0,,25.080257,121.575335,港墘站出口1,49,有電梯_7樓以上
房地(土地+建物),致遠一路一段１０４巷８號九樓,9.0,17.0,1,28.59,874363,0.0,,25.109821,121.515802,明德站出口3,276,有電梯_7樓以上
房地(土地+建物)+車位,大安路二段８２號十一樓,11.0,3.0,1,111.83,1363988,0.0,,25.031559,121.545821,大安站出口4,255,有電梯_7樓以上
房地(土地+建物)+車位,研究院路二段６１巷１５號十五樓之２,15.0,11.0,1,78.43,791551,31.43,200445.0,25.044633,121.617248,南港展覽館站出口7,1049,有電梯_7樓以上
房地(土地+建物)+車位,民權東路六段４０７號十樓之３,10.0,19.0,1,43.33,971278,11.41,219106.0,25.070227,121.603302,葫洲站出口2,469,有電梯_7樓以上
房地(土地+建物)+車位,民生東路三段１３０巷７弄９號九樓,9.0,1.0,1,40.79,1488063,5.84,342466.0,25.056662,121.546656,南京復興站出口7,509,有電梯_7樓以上
房地(土地+建物)+車位,仁愛路二段１６號九樓之１,9.0,15.0,1,97.5,1122993,11.57,302506.0,25.038075,121.526242,東門站出口2,449,有電梯_7樓以上
房地(土地+建物)+車位,育英街５５號十樓,10.0,18.0,1,84.73,867968,24.82,241741.0,24.991966,121.537996,景美站出口3,271,有電梯_7樓以上
房地(土地+建物)+車位,金山南路一段１８號十一樓,11.0,11.0,1,93.49,1107740,11.45,436681.0,25.041918,121.529333,忠孝新生站出口1,269,有電梯_7樓以上
房地(土地+建物),安和路一段７９號十樓,10.0,40.0,1,33.47,1284788,0.0,,25.036818,121.552215,信義安和站出口1,385,有電梯_7樓以上
房地(土地+建物)+車位,木柵路一段３１３號二十二樓之２,22.0,1.0,1,79.99,1046781,19.18,312826.0,24.987886,121.552169,大坪林站出口5,1062,有電梯_7樓以上
房地(土地+建物),建國北路二段３５號十二樓之３,12.0,37.0,1,10.06,963816,0.0,,25.055296,121.537233,松江南京站出口6,487,有電梯_7樓以上
房地(土地+建物),仁愛路四段４４９號九樓,9.0,37.0,1,44.25,1454150,0.0,,25.038017,121.557273,國父紀念館站出口2,340,有電梯_7樓以上
房地(土地+建物)+車位,金龍路２２２巷２號九樓之２,9.0,31.0,1,33.98,805680,9.18,272331.0,25.0878,121.586576,內湖站出口1,896,有電梯_7樓以上
房地(土地+建物),信義路五段１５０巷３３０號十一樓之８,11.0,16.0,1,14.85,1077682,0.0,,25.026533,121.570157,象山站出口2,650,有電梯_7樓以上
房地(土地+建物),興安街６３號十四樓之１,14.0,39.0,1,38.97,838572,0.0,,25.056202,121.542527,南京復興站出口1,400,有電梯_7樓以上
房地(土地+建物)+車位,內湖路一段９１巷８５號九樓,9.0,1.0,1,30.3,922102,2.0,950000.0,25.089213,121.562618,劍南路站出口1,841,有電梯_7樓以上
房地(土地+建物),延吉街１７７號十一樓,11.0,41.0,1,50.91,1112406,0.0,,25.038216,121.555455,國父紀念館站出口2,337,有電梯_7樓以上
房地(土地+建物)+車位,敬業三路１６２巷３７號十一樓,11.0,25.0,1,47.11,679330,0.0,,25.079211,121.558013,劍南路站出口3,601,有電梯_7樓以上
房地(土地+建物)+車位,北安路７８９號十四樓之３,14.0,11.0,1,29.78,1106815,3.84,520833.0,25.085623,121.55387,劍南路站出口1,150,有電梯_7樓以上
房地(土地+建物),星雲街１６８巷１號十一樓,11.0,29.0,1,19.23,962044,0.0,,25.080594,121.596794,內湖站出口2,403,有電梯_7樓以上
房地(土地+建物)+車位,石牌路二段３５７巷１１號十一樓,11.0,29.0,1,100.25,473809,0.0,,25.124438,121.525047,石牌站出口1,1443,有電梯_7樓以上
房地(土地+建物)+車位,內湖路一段９１巷８５號八樓,8.0,1.0,1,30.95,918947,2.0,1000000.0,25.089213,121.562618,劍南路站出口1,841,有電梯_7樓以上
房地(土地+建物),中華路二段５０４巷２１號十一樓,11.0,46.0,1,19.08,812169,0.0,,25.025255,121.508316,小南門站出口3,1150,有電梯_7樓以上
房地(土地+建物),敦化南路二段１２８號十六樓之３,16.0,46.0,1,35.67,1121367,0.0,,25.026092,121.548377,科技大樓站出口,478,有電梯_7樓以上
房地(土地+建物)+車位,和平東路四段６６巷９號八樓,8.0,28.0,1,107.31,580686,27.24,146843.0,25.006388,121.56576,辛亥站出口,892,有電梯_7樓以上
房地(土地+建物)+車位,內湖路三段２３８號十二樓,12.0,11.0,1,83.03,584147,0.0,,25.088625,121.588243,內湖站出口1,814,有電梯_7樓以上
房地(土地+建物),松山路４８２巷３０號九樓,9.0,39.0,1,23.83,863584,0.0,,25.03882,121.577786,永春站出口4,242,有電梯_7樓以上
房地(土地+建物)+車位,中山北路五段７４６號十二樓之２,12.0,1.0,1,47.2,1043649,13.97,214746.0,25.099197,121.527344,芝山站出口1,570,有電梯_7樓以上
房地(土地+建物)+車位,內湖路一段９１巷５５號八樓,8.0,21.0,1,24.31,800701,5.77,311958.0,25.088696,121.562257,劍南路站出口1,782,有電梯_7樓以上
房地(土地+建物),福德街４３３號十二樓,12.0,27.0,1,52.86,639440,0.0,,25.040042,121.592888,後山埤站出口3,1127,有電梯_7樓以上
房地(土地+建物),福興路９５巷６７號十樓,10.0,24.0,1,26.16,691972,0.0,,25.005397,121.546746,萬隆站出口3,839,有電梯_7樓以上
房地(土地+建物)+車位,內湖路二段３５５巷２２號十樓,10.0,11.0,1,86.59,778396,19.78,303337.0,25.084328,121.592029,內湖站出口1,234,有電梯_7樓以上
房地(土地+建物)+車位,重慶北路四段１０８號十樓之５,10.0,1.0,1,49.48,938612,12.19,0.0,25.082843,121.512788,劍潭站出口2,1206,有電梯_7樓以上
房地(土地+建物)+車位,久康街８８號十七樓,17.0,31.0,1,89.93,637792,9.04,276549.0,24.990147,121.567072,萬芳社區站出口,947,有電梯_7樓以上
房地(土地+建物),辛亥路一段９３號八樓之２,8.0,34.0,1,53.36,1028526,0.0,,25.02182,121.531094,台電大樓站出口2,271,有電梯_7樓以上
房地(土地+建物),和平東路二段２６５巷２５弄１號十七樓,17.0,40.0,1,33.67,923043,0.0,,25.027159,121.544474,科技大樓站出口,140,有電梯_7樓以上
房地(土地+建物)+車位,重慶南路三段３５號十五樓,15.0,3.0,1,94.91,1495764,23.7,295359.0,25.02813,121.516023,中正紀念堂站出口2,526,有電梯_7樓以上
房地(土地+建物)+車位,忠順街一段４８巷５弄１０號八樓,8.0,27.0,1,56.72,637423,12.9,0.0,24.983677,121.560569,大坪林站出口5,1752,有電梯_7樓以上
房地(土地+建物),復興北路４４８號十樓之１３,10.0,16.0,1,12.96,1025003,0.0,,25.064155,121.544044,中山國中站出口,370,有電梯_7樓以上
房地(土地+建物)+車位,西園路二段３７號十二樓之１,12.0,3.0,1,72.88,830035,10.16,295276.0,25.03182,121.497409,龍山寺站出口2,438,有電梯_7樓以上
房地(土地+建物)+車位,延壽街３３０巷１８號八樓之２,8.0,16.0,1,63.87,861127,0.0,,25.055204,121.560145,南京三民站出口1,503,有電梯_7樓以上
房地(土地+建物)+車位,南京東路三段４８巷３８號八樓,8.0,21.0,1,70.98,966531,0.0,,25.050651,121.538303,南京復興站出口2,379,有電梯_7樓以上
房地(土地+建物)+車位,萬青街２０４號十一樓,11.0,20.0,1,62.67,803156,11.15,358744.0,25.022447,121.501382,龍山寺站出口2,1417,有電梯_7樓以上
房地(土地+建物)+車位,建國南路一段３０８號十樓,10.0,7.0,1,45.07,1514995,10.88,275735.0,25.035567,121.537427,大安森林公園站出口6,259,有電梯_7樓以上
房地(土地+建物),基河路３９６巷１６號十樓,10.0,15.0,1,70.17,979937,0.0,,25.095124,121.517521,士林站出口1,858,有電梯_7樓以上
房地(土地+建物)+車位,木新路三段９５巷４２號二十樓之６,20.0,17.0,1,83.34,761216,11.91,209908.0,24.981062,121.562483,大坪林站出口5,1953,有電梯_7樓以上
房地(土地+建物)+車位,中山北路六段２１２之２號十二樓,12.0,21.0,1,60.62,1030629,9.2,0.0,25.108349,121.525284,芝山站出口2,583,有電梯_7樓以上
房地(土地+建物)+車位,內湖路二段２５３巷３４號八樓之１,8.0,16.0,1,56.96,851397,10.57,331126.0,25.083654,121.589055,內湖站出口1,525,有電梯_7樓以上
房地(土地+建物),和平東路三段４５２號十一樓之２,11.0,4.0,1,26.89,1052586,0.0,,25.017309,121.559583,麟光站出口,170,有電梯_7樓以上
房地(土地+建物)+車位,八德路二段１００號十五樓之１,15.0,12.0,1,73.46,1029307,9.34,374732.0,25.045816,121.536209,忠孝新生站出口4,480,有電梯_7樓以上
房地(土地+建物)+車位,指南路三段６６號十樓,10.0,25.0,1,49.98,548330,10.77,232126.0,24.981474,121.580921,動物園站出口2,1841,有電梯_7樓以上
房地(土地+建物),仁愛路四段２３２號九樓之１,9.0,46.0,1,18.56,1112707,0.0,,25.037507,121.552262,忠孝敦化站出口3,432,有電梯_7樓以上
房地(土地+建物)+車位,興隆路四段１２３號八樓,8.0,29.0,1,45.66,520849,0.0,,24.98565,121.561456,萬芳醫院站出口,1572,有電梯_7樓以上
房地(土地+建物)+車位,重陽路５９２號十二樓,12.0,18.0,1,52.05,883696,0.0,,25.062959,121.614773,南港軟體園區站出口1,306,有電梯_7樓以上
房地(土地+建物),敦化南路二段５６號十五樓之２,15.0,43.0,1,77.47,1239236,0.0,,25.030632,121.548405,信義安和站出口2,477,有電梯_7樓以上
房地(土地+建物)+車位,康樂街１２９之３號十樓,10.0,12.0,1,34.27,820132,5.37,335196.0,25.071464,121.619292,東湖站出口3,886,有電梯_7樓以上
房地(土地+建物)+車位,敬業三路１６２巷１８２號十一樓,11.0,24.0,1,47.11,668587,0.0,,25.078659,121.55978,劍南路站出口3,733,有電梯_7樓以上
房地(土地+建物)+車位,明水路５６１號八樓,8.0,30.0,1,75.25,1037758,11.67,257069.0,25.079465,121.552036,大直站出口3,506,有電梯_7樓以上
房地(土地+建物)+車位,承德路四段２７７巷３５號八樓之２,8.0,15.0,1,27.47,926775,4.6,391304.0,25.090409,121.519518,士林站出口2,748,有電梯_7樓以上
房地(土地+建物)+車位,汀州路四段１８５號十七樓,17.0,14.0,1,96.99,987269,21.79,275356.0,25.003972,121.535972,萬隆站出口4,299,有電梯_7樓以上
房地(土地+建物),興隆路二段２０３巷８４號八樓,8.0,28.0,1,23.4,752093,0.0,,25.002544,121.547069,萬隆站出口2,765,有電梯_7樓以上
房地(土地+建物)+車位,辛亥路四段１６６巷２９號八樓,8.0,6.0,1,32.42,907102,8.05,211180.0,25.004527,121.555289,辛亥站出口,187,有電梯_7樓以上
房地(土地+建物),羅斯福路六段１６６巷７號九樓,9.0,2.0,1,29.78,973773,0.0,,24.994855,121.540294,景美站出口2,234,有電梯_7樓以上
房地(土地+建物)+車位,文德路２２巷９弄４６號八樓,11.0,34.0,1,51.83,789904,5.24,0.0,25.076964,121.579047,港墘站出口1,480,有電梯_7樓以上
房地(土地+建物)+車位,行善路１９９號十一樓,11.0,3.0,1,40.8,1122673,9.63,311526.0,25.059993,121.582096,松山站出口5,1135,有電梯_7樓以上
房地(土地+建物),水源路１９５號九樓,9.0,42.0,1,30.22,602316,0.0,,25.023224,121.50919,頂溪站出口2,1183,有電梯_7樓以上
房地(土地+建物)+車位,福德街３８７號十樓,10.0,27.0,1,38.86,702593,0.0,,25.041075,121.591462,後山埤站出口3,945,有電梯_7樓以上
房地(土地+建物),愛國東路１０６號十一樓之２,11.0,39.0,1,30.5,1180171,0.0,,25.032755,121.521073,中正紀念堂站出口3,215,有電梯_7樓以上
房地(土地+建物)+車位,民族西路７６巷１２弄１２號十四樓之２,14.0,30.0,1,36.78,728745,7.28,206044.0,25.067605,121.516809,圓山站出口1,480,有電梯_7樓以上
房地(土地+建物)+車位,忠誠路二段５號十四樓,14.0,38.0,1,93.68,831990,15.19,197498.0,25.108786,121.530612,芝山站出口2,999,有電梯_7樓以上
房地(土地+建物),忠孝東路五段１９號十樓之１,10.0,43.0,1,38.58,873042,0.0,,25.041314,121.565668,市政府站出口1,24,有電梯_7樓以上
房地(土地+建物)+車位,五分街７２巷７號十一樓之２,11.0,17.0,1,37.2,880520,11.82,211506.0,25.067144,121.616305,東湖站出口3,437,有電梯_7樓以上
房地(土地+建物)+車位,敦化南路一段３５０號十二樓,12.0,16.0,1,80.93,1320346,14.93,442063.0,25.034624,121.548445,信義安和站出口2,430,有電梯_7樓以上
房地(土地+建物),成福路１７５號十四樓,14.0,29.0,1,41.03,755526,0.0,,25.041073,121.588491,後山埤站出口3,700,有電梯_7樓以上
房地(土地+建物)+車位,松智路３５號十一樓,11.0,27.0,1,49.66,1040712,0.0,,25.029898,121.565503,台北101/世貿站出口3,367,有電梯_7樓以上
房地(土地+建物)+車位,五分街１１３號十一樓之１,11.0,17.0,1,27.63,882092,11.82,211506.0,25.067203,121.616934,東湖站出口3,501,有電梯_7樓以上
房地(土地+建物)+車位,敬業三路１６２巷１４０號十二樓,12.0,24.0,1,47.05,1202936,16.39,0.0,25.077137,121.559833,劍南路站出口3,885,有電梯_7樓以上
房地(土地+建物),五分街１１３號十一樓,11.0,17.0,1,15.82,885084,0.0,,25.067203,121.616934,東湖站出口3,501,有電梯_7樓以上
房地(土地+建物)+車位,健康路３２５巷２５弄２０號十樓,10.0,4.0,1,66.82,1113983,12.06,248756.0,25.056345,121.565979,南京三民站出口4,544,有電梯_7樓以上
房地(土地+建物),安和路一段９９號十三樓之１,13.0,44.0,1,64.3,1038940,0.0,,25.035796,121.552699,信義安和站出口1,269,有電梯_7樓以上
房地(土地+建物)+車位,光輝路２１巷１１號十一樓,11.0,14.0,1,90.01,537770,8.41,713436.0,24.986163,121.555479,大坪林站出口5,1290,有電梯_7樓以上
房地(土地+建物)+車位,南京東路四段１５８巷９號十樓,10.0,0.0,1,30.04,1444467,4.93,486815.0,25.050448,121.556312,台北小巨蛋站出口4,364,有電梯_7樓以上
房地(土地+建物)+車位,士東路８６號十四樓,14.0,7.0,1,85.55,1181250,24.7,202429.0,25.11197,121.528798,明德站出口1,1016,有電梯_7樓以上
建物,杭州南路二段６１巷３８號八樓之２,8.0,1.0,1,22.38,1165134,10.72,279851.0,25.029902,121.524381,古亭站出口6,337,有電梯_7樓以上
房地(土地+建物)+車位,康樂街２０４之３號九樓,9.0,17.0,1,27.85,729793,4.83,372671.0,25.076318,121.621494,東湖站出口3,1407,有電梯_7樓以上
房地(土地+建物)+車位,成功路二段５００號十樓,10.0,12.0,1,68.0,739965,9.38,0.0,25.073648,121.589697,文德站出口1,692,有電梯_7樓以上
房地(土地+建物)+車位,大業路４５２巷６號十四樓之７,14.0,28.0,1,48.05,611914,0.0,,25.131582,121.497302,北投站出口1,117,有電梯_7樓以上
房地(土地+建物)+車位,復興二路６０巷５號十樓,10.0,30.0,1,61.45,456871,9.36,0.0,25.144575,121.504122,新北投站出口1,848,有電梯_7樓以上
房地(土地+建物)+車位,興隆路三段３２３號十一樓,11.0,8.0,1,81.1,759331,21.84,228938.0,24.991689,121.559009,萬芳醫院站出口,865,有電梯_7樓以上
房地(土地+建物)+車位,康樂街１３６巷１８弄２３號八樓,8.0,11.0,1,51.08,882652,12.56,0.0,25.070943,121.617962,東湖站出口3,742,有電梯_7樓以上
房地(土地+建物),松德路２５巷１４號十三樓,13.0,39.0,1,36.13,851080,0.0,,25.038622,121.577049,永春站出口4,236,有電梯_7樓以上
房地(土地+建物),忠孝東路五段２３６巷６號八樓,8.0,42.0,1,57.4,763035,0.0,,25.040344,121.571787,永春站出口1,343,有電梯_7樓以上
房地(土地+建物)+車位,中山北路七段８１巷７號八樓,8.0,32.0,1,120.44,721176,24.07,207727.0,25.121752,121.530379,石牌站出口2,1692,有電梯_7樓以上
房地(土地+建物)+車位,西藏路１１９號十三樓,13.0,13.0,1,57.52,681534,0.0,,25.029546,121.502718,龍山寺站出口3,663,有電梯_7樓以上
房地(土地+建物)+車位,北安路６０８巷１２之１號十四樓,14.0,18.0,1,140.98,1332240,37.4,0.0,25.082068,121.549091,大直站出口1,289,有電梯_7樓以上
房地(土地+建物),松德路２５巷３４號十三樓,13.0,39.0,1,35.88,960159,0.0,,25.038707,121.577214,永春站出口4,231,有電梯_7樓以上
房地(土地+建物)+車位,康樂街１３６巷３０弄６７號十二樓,12.0,28.0,1,25.78,612054,0.0,,25.071084,121.61774,東湖站出口3,734,有電梯_7樓以上
房地(土地+建物)+車位,向陽路１６２巷８５號九樓,9.0,20.0,1,79.8,848090,11.64,214777.0,25.056808,121.596463,昆陽站出口4,744,有電梯_7樓以上
房地(土地+建物)+車位,光復北路１８０號八樓,8.0,27.0,1,60.96,798232,0.0,,25.053868,121.556006,台北小巨蛋站出口4,407,有電梯_7樓以上
房地(土地+建物)+車位,興隆路三段１５２巷６號十樓,10.0,5.0,1,41.75,1021035,8.74,320366.0,24.998474,121.557981,萬芳醫院站出口,104,有電梯_7樓以上
房地(土地+建物)+車位,涼州街２號十四樓之１,14.0,13.0,1,82.2,957237,23.82,0.0,25.060812,121.515804,大橋頭站出口2,369,有電梯_7樓以上
建物,杭州南路二段６１巷３８號八樓之１,8.0,0.0,1,21.83,1141542,10.72,298507.0,25.029902,121.524381,古亭站出口6,337,有電梯_7樓以上
房地(土地+建物)+車位,中山北路七段８１巷１６弄２０號十一樓,11.0,0.0,1,30.37,1022658,11.75,217021.0,25.12287,121.529948,石牌站出口1,1721,有電梯_7樓以上
房地(土地+建物),南京東路五段１５８號十一樓,11.0,40.0,1,33.98,859411,0.0,,25.051204,121.562955,南京三民站出口2,12,有電梯_7樓以上
房地(土地+建物)+車位,中山北路七段８１巷１６弄１８號九樓,9.0,0.0,1,35.81,1043343,11.75,217021.0,25.122814,121.529934,石牌站出口1,1716,有電梯_7樓以上
房地(土地+建物)+車位,興南街９９之１號二十一樓,21.0,0.0,1,29.38,1010190,7.1,464789.0,25.055155,121.598826,昆陽站出口4,718,有電梯_7樓以上
房地(土地+建物)+車位,興南街９１號二十六樓,26.0,0.0,1,52.75,974868,7.1,492958.0,25.055497,121.599526,南港站出口1,795,有電梯_7樓以上
房地(土地+建物)+車位,興南街９１之１號二十四樓,24.0,0.0,1,29.38,1013782,7.1,492958.0,25.055257,121.59919,昆陽站出口4,753,有電梯_7樓以上
房地(土地+建物)+車位,興南街１０１號十一樓,11.0,0.0,1,54.47,951689,7.1,535211.0,25.055592,121.598957,昆陽站出口4,763,有電梯_7樓以上
房地(土地+建物)+車位,興南街１０１號十三樓,13.0,0.0,1,54.47,953800,7.1,507042.0,25.055592,121.598957,昆陽站出口4,763,有電梯_7樓以上
房地(土地+建物)+車位,興南街９１之１號二十六樓,26.0,-1.0,1,28.86,1019358,7.1,521127.0,25.055257,121.59919,昆陽站出口4,753,有電梯_7樓以上
房地(土地+建物)+車位,中山北路七段８１巷１６弄１６號十一樓,11.0,-1.0,1,38.28,1013977,11.75,225532.0,25.122831,121.530066,石牌站出口1,1729,有電梯_7樓以上
房地(土地+建物)+車位,興南街９９之１號二十六樓,26.0,-1.0,1,28.86,1019358,7.1,521127.0,25.055155,121.598826,昆陽站出口4,718,有電梯_7樓以上
房地(土地+建物)+車位,杭州南路二段２５巷３號八樓,8.0,-2.0,1,57.11,1341952,7.41,377868.0,25.033815,121.523951,東門站出口2,367,有電梯_7樓以上
房地(土地+建物)+車位,興南街８９號二十六樓,26.0,-1.0,1,44.43,980565,7.1,507042.0,25.055429,121.599381,昆陽站出口4,780,有電梯_7樓以上
房地(土地+建物)+車位,興南街９１之１號二十三樓,23.0,-1.0,1,29.38,972027,7.1,521127.0,25.055257,121.59919,昆陽站出口4,753,有電梯_7樓以上
房地(土地+建物)+車位,興南街９９之２號二十六樓,26.0,-1.0,1,28.86,1011085,7.1,492958.0,25.055155,121.598826,昆陽站出口4,718,有電梯_7樓以上
房地(土地+建物),興南街９１之２號二十六樓,26.0,-1.0,1,21.74,1028172,0.0,,25.055257,121.59919,昆陽站出口4,753,有電梯_7樓以上
房地(土地+建物)+車位,興南街１０１號十樓,10.0,-1.0,1,61.59,919611,14.21,499648.0,25.055592,121.598957,昆陽站出口4,763,有電梯_7樓以上
房地(土地+建物),中山北路七段８１巷１６弄２０號八樓,8.0,-1.0,1,18.63,1046816,0.0,,25.12287,121.529948,石牌站出口1,1721,有電梯_7樓以上
房地(土地+建物)+車位,興南街８９之１號二十五樓,25.0,-1.0,1,34.05,1053074,7.1,535211.0,25.055294,121.599303,昆陽站出口4,764,有電梯_7樓以上
房地(土地+建物)+車位,興南街９１之２號二十四樓,24.0,-1.0,1,29.38,987741,7.1,521127.0,25.055257,121.59919,昆陽站出口4,753,有電梯_7樓以上
房地(土地+建物)+車位,興南街９７號二十四樓,24.0,-1.0,1,46.9,974878,7.1,492958.0,25.055383,121.599263,昆陽站出口4,768,有電梯_7樓以上
房地(土地+建物)+車位,興南街９７之１號二十四樓,24.0,-1.0,1,34.24,1053903,7.1,478873.0,25.055189,121.598946,昆陽站出口4,730,有電梯_7樓以上
房地(土地+建物)+車位,興南街９９號九樓,9.0,-1.0,1,54.47,928889,7.1,478873.0,25.055306,121.599102,昆陽站出口4,750,有電梯_7樓以上
房地(土地+建物)+車位,興南街９９之１號二十三樓,23.0,-1.0,1,29.38,985945,7.1,492958.0,25.055155,121.598826,昆陽站出口4,718,有電梯_7樓以上
房地(土地+建物)+車位,興南街９９之１號二十四樓,24.0,-1.0,1,29.38,986843,7.1,492958.0,25.055155,121.598826,昆陽站出口4,718,有電梯_7樓以上
房地(土地+建物)+車位,興南街９７之１號二十六樓,26.0,-1.0,1,36.18,1103306,7.1,507042.0,25.055189,121.598946,昆陽站出口4,730,有電梯_7樓以上
房地(土地+建物)+車位,興南街１０１號十四樓,14.0,-1.0,1,54.47,925934,7.1,507042.0,25.055592,121.598957,昆陽站出口4,763,有電梯_7樓以上
房地(土地+建物)+車位,興南街９５號十樓,10.0,-1.0,1,46.41,933100,7.1,478873.0,25.055711,121.599222,昆陽站出口4,791,有電梯_7樓以上
房地(土地+建物)+車位,興南街９９之１號二十二樓,22.0,-1.0,1,29.38,982353,7.1,492958.0,25.055155,121.598826,昆陽站出口4,718,有電梯_7樓以上
房地(土地+建物)+車位,興南街９９之２號二十四樓,24.0,-1.0,1,28.55,986977,6.28,541401.0,25.055155,121.598826,昆陽站出口4,718,有電梯_7樓以上
房地(土地+建物)+車位,興南街１０３號十三樓,13.0,-1.0,1,46.41,935644,7.1,492958.0,25.055668,121.599116,昆陽站出口4,780,有電梯_7樓以上
房地(土地+建物)+車位,興南街９１之２號二十二樓,22.0,-1.0,1,29.38,986394,7.1,521127.0,25.055257,121.59919,昆陽站出口4,753,有電梯_7樓以上
房地(土地+建物)+車位,興南街９１之１號二十二樓,22.0,-1.0,1,29.38,986394,7.1,521127.0,25.055257,121.59919,昆陽站出口4,753,有電梯_7樓以上
房地(土地+建物)+車位,興南街１０１之１號二十四樓,24.0,-1.0,1,34.24,1043953,7.1,478873.0,25.055132,121.598742,昆陽站出口4,711,有電梯_7樓以上
房地(土地+建物),安東街３５號八樓之７,8.0,-1.0,1,11.28,1479093,0.0,,25.044066,121.54271,忠孝復興站出口1,256,有電梯_7樓以上
房地(土地+建物)+車位,興南街９９之２號二十二樓,22.0,-1.0,1,29.38,983251,7.1,478873.0,25.055155,121.598826,昆陽站出口4,718,有電梯_7樓以上
房地(土地+建物)+車位,興南街１０３號十四樓,14.0,-1.0,1,46.41,938188,7.1,535211.0,25.055668,121.599116,昆陽站出口4,780,有電梯_7樓以上
房地(土地+建物),中山北路七段８１巷１６弄２０號九樓,9.0,-1.0,1,18.63,996891,0.0,,25.12287,121.529948,石牌站出口1,1721,有電梯_7樓以上
房地(土地+建物)+車位,興南街９５號十二樓,12.0,-1.0,1,46.41,938697,7.1,535211.0,25.055711,121.599222,昆陽站出口4,791,有電梯_7樓以上
房地(土地+建物)+車位,興南街９５號十一樓,11.0,-1.0,1,46.41,936153,7.1,478873.0,25.055711,121.599222,昆陽站出口4,791,有電梯_7樓以上
房地(土地+建物)+車位,興南街９９號八樓,8.0,-1.0,1,54.47,927834,7.1,478873.0,25.055306,121.599102,昆陽站出口4,750,有電梯_7樓以上
房地(土地+建物)+車位,興南街９３之１號二十六樓,26.0,-1.0,1,36.18,1100554,7.1,436620.0,25.055235,121.599108,昆陽站出口4,745,有電梯_7樓以上
房地(土地+建物)+車位,興南街９９之２號二十三樓,23.0,-1.0,1,29.38,997619,7.1,422535.0,25.055155,121.598826,昆陽站出口4,718,有電梯_7樓以上
房地(土地+建物)+車位,興南街９５號十八樓,18.0,-1.0,1,46.41,979399,7.1,478873.0,25.055711,121.599222,昆陽站出口4,791,有電梯_7樓以上
房地(土地+建物)+車位,臥龍街２６８號十八樓之５,18.0,-1.0,1,46.84,1029166,11.52,260417.0,25.017348,121.558081,麟光站出口,144,有電梯_7樓以上
房地(土地+建物),安東街３５號八樓之９,8.0,-1.0,1,21.4,1504331,0.0,,25.044066,121.54271,忠孝復興站出口1,256,有電梯_7樓以上
房地(土地+建物)+車位,興南街１０１號二十二樓,22.0,-1.0,1,54.47,979556,7.1,450704.0,25.055592,121.598957,昆陽站出口4,763,有電梯_7樓以上
房地(土地+建物)+車位,中山北路七段８１巷１６弄１８號十二樓,12.0,-1.0,1,35.81,1010518,11.75,221277.0,25.122814,121.529934,石牌站出口1,1716,有電梯_7樓以上
房地(土地+建物)+車位,中山北路七段８１巷１６弄２０號十二樓,12.0,-1.0,1,30.37,1006553,11.75,221277.0,25.12287,121.529948,石牌站出口1,1721,有電梯_7樓以上
房地(土地+建物)+車位,興南街９３之１號八樓,8.0,-1.0,1,34.24,990521,7.1,422535.0,25.055235,121.599108,昆陽站出口4,745,有電梯_7樓以上
房地(土地+建物)+車位,興南街９９號二十六樓,26.0,-1.0,1,52.75,969611,7.1,422535.0,25.055306,121.599102,昆陽站出口4,750,有電梯_7樓以上
房地(土地+建物)+車位,興南街９５號九樓,9.0,-1.0,1,46.41,931065,7.1,450704.0,25.055711,121.599222,昆陽站出口4,791,有電梯_7樓以上
房地(土地+建物)+車位,興南街９５號二十六樓,26.0,-1.0,1,44.53,983294,7.1,450704.0,25.055711,121.599222,昆陽站出口4,791,有電梯_7樓以上
房地(土地+建物)+車位,興南街１０１之１號十四樓,14.0,-1.0,1,34.24,990521,7.1,422535.0,25.055132,121.598742,昆陽站出口4,711,有電梯_7樓以上
房地(土地+建物)+車位,中山北路七段８１巷１６弄１８號十一樓,11.0,-1.0,1,35.81,1020490,11.75,217021.0,25.122814,121.529934,石牌站出口1,1716,有電梯_7樓以上
房地(土地+建物)+車位,興南街９１之１號二十一樓,21.0,-2.0,1,29.38,974272,7.1,450704.0,25.055257,121.59919,昆陽站出口4,753,有電梯_7樓以上
房地(土地+建物),安東街３５號十樓之７,10.0,-2.0,1,11.28,1514563,0.0,,25.044066,121.54271,忠孝復興站出口1,256,有電梯_7樓以上
房地(土地+建物),興南街９１之１號十八樓,18.0,-2.0,1,22.25,960949,0.0,,25.055257,121.59919,昆陽站出口4,753,有電梯_7樓以上
房地(土地+建物),興南街９１之２號二十一樓,21.0,-2.0,1,22.25,988815,0.0,,25.055257,121.59919,昆陽站出口4,753,有電梯_7樓以上
房地(土地+建物)+車位,興南街９９之１號二十樓,20.0,-2.0,1,29.38,992231,7.1,492958.0,25.055155,121.598826,昆陽站出口4,718,有電梯_7樓以上
房地(土地+建物)+車位,興南街９７號二十三樓,23.0,-2.0,1,46.9,977390,7.1,478873.0,25.055383,121.599263,昆陽站出口4,768,有電梯_7樓以上
房地(土地+建物)+車位,興南街９７號二十六樓,26.0,-2.0,1,44.43,999319,7.1,478873.0,25.055383,121.599263,昆陽站出口4,768,有電梯_7樓以上
房地(土地+建物),安東街３５號九樓之７,9.0,-2.0,1,11.28,1470225,0.0,,25.044066,121.54271,忠孝復興站出口1,256,有電梯_7樓以上
房地(土地+建物)+車位,興南街９３號八樓,8.0,-2.0,1,54.47,932689,7.1,507042.0,25.055775,121.599371,昆陽站出口4,806,有電梯_7樓以上
房地(土地+建物)+車位,興南街１０３號十一樓,11.0,-2.0,1,46.41,935644,7.1,464789.0,25.055668,121.599116,昆陽站出口4,780,有電梯_7樓以上
房地(土地+建物)+車位,興南街９１之１號十九樓,19.0,-2.0,1,28.55,969914,6.28,541401.0,25.055257,121.59919,昆陽站出口4,753,有電梯_7樓以上
房地(土地+建物),興南街９１之２號二十三樓,23.0,-2.0,1,22.25,1000052,0.0,,25.055257,121.59919,昆陽站出口4,753,有電梯_7樓以上
房地(土地+建物)+車位,興南街９５號二十四樓,24.0,-2.0,1,46.41,1007382,7.1,478873.0,25.055711,121.599222,昆陽站出口4,791,有電梯_7樓以上
房地(土地+建物)+車位,興南街９９之２號十四樓,14.0,-2.0,1,29.38,927130,7.1,450704.0,25.055155,121.598826,昆陽站出口4,718,有電梯_7樓以上
房地(土地+建物)+車位,興南街９９之２號二十一樓,21.0,-2.0,1,29.38,974272,7.1,450704.0,25.055155,121.598826,昆陽站出口4,718,有電梯_7樓以上
房地(土地+建物)+車位,興南街１０３號二十五樓,25.0,-2.0,1,46.29,1020857,7.1,507042.0,25.055668,121.599116,昆陽站出口4,780,有電梯_7樓以上
房地(土地+建物),興南街９１之２號十四樓,14.0,-2.0,1,22.25,946566,0.0,,25.055257,121.59919,昆陽站出口4,753,有電梯_7樓以上
房地(土地+建物)+車位,興南街１０３號十八樓,18.0,-2.0,1,53.54,968702,14.21,457424.0,25.055668,121.599116,昆陽站出口4,780,有電梯_7樓以上
房地(土地+建物)+車位,安東街３５號十樓之９,10.0,-2.0,1,28.86,1505987,7.45,516779.0,25.044066,121.54271,忠孝復興站出口1,256,有電梯_7樓以上
房地(土地+建物)+車位,興南街９９之１號十三樓,13.0,-2.0,1,29.38,920395,7.1,450704.0,25.055155,121.598826,昆陽站出口4,718,有電梯_7樓以上
房地(土地+建物)+車位,興南街９９之１號十四樓,14.0,-2.0,1,29.38,920395,7.1,471831.0,25.055155,121.598826,昆陽站出口4,718,有電梯_7樓以上
房地(土地+建物)+車位,興南街９９之２號十九樓,19.0,-2.0,1,29.38,981007,7.1,478873.0,25.055155,121.598826,昆陽站出口4,718,有電梯_7樓以上
房地(土地+建物),興南街９９之２號十三樓,13.0,-2.0,1,22.25,945667,0.0,,25.055155,121.598826,昆陽站出口4,718,有電梯_7樓以上
房地(土地+建物)+車位,興南街１０１號十八樓,18.0,-2.0,1,54.47,966467,7.1,450704.0,25.055592,121.598957,昆陽站出口4,763,有電梯_7樓以上
房地(土地+建物)+車位,興南街９３號十一樓,11.0,-2.0,1,54.47,952111,7.1,478873.0,25.055775,121.599371,昆陽站出口4,806,有電梯_7樓以上
房地(土地+建物)+車位,興南街９３號十三樓,13.0,-2.0,1,54.47,952111,7.1,492958.0,25.055775,121.599371,昆陽站出口4,806,有電梯_7樓以上
房地(土地+建物)+車位,興南街９５號二十二樓,22.0,-2.0,1,46.41,981434,7.1,478873.0,25.055711,121.599222,昆陽站出口4,791,有電梯_7樓以上
房地(土地+建物),安東街３５號十一樓之７,11.0,-2.0,1,11.28,1496828,0.0,,25.044066,121.54271,忠孝復興站出口1,256,有電梯_7樓以上
房地(土地+建物)+車位,興南街９１之２號二十樓,20.0,-2.0,1,29.38,969782,7.1,478873.0,25.055257,121.59919,昆陽站出口4,753,有電梯_7樓以上
房地(土地+建物)+車位,興南街９３號十樓,10.0,-2.0,1,54.47,934167,7.1,478873.0,25.055775,121.599371,昆陽站出口4,806,有電梯_7樓以上
房地(土地+建物)+車位,興南街９９號十八樓,18.0,-2.0,1,54.47,966889,7.1,478873.0,25.055306,121.599102,昆陽站出口4,750,有電梯_7樓以上
房地(土地+建物),興南街９９之１號十一樓,11.0,-2.0,1,22.25,940723,0.0,,25.055155,121.598826,昆陽站出口4,718,有電梯_7樓以上
房地(土地+建物)+車位,興南街９９之１號十樓,10.0,-2.0,1,29.38,915905,7.1,464789.0,25.055155,121.598826,昆陽站出口4,718,有電梯_7樓以上
房地(土地+建物)+車位,興南街１０１號九樓,9.0,-2.0,1,54.47,930578,7.1,464789.0,25.055592,121.598957,昆陽站出口4,763,有電梯_7樓以上
房地(土地+建物)+車位,興南街１０１號十六樓,16.0,-2.0,1,54.47,947889,7.1,478873.0,25.055592,121.598957,昆陽站出口4,763,有電梯_7樓以上
房地(土地+建物)+車位,安東街３５號十二樓之７,12.0,-2.0,1,18.73,1458698,7.45,516779.0,25.044066,121.54271,忠孝復興站出口1,256,有電梯_7樓以上
房地(土地+建物)+車位,安東街３５號十三樓之７,13.0,-2.0,1,38.6,1511154,7.45,550336.0,25.044066,121.54271,忠孝復興站出口1,256,有電梯_7樓以上
房地(土地+建物)+車位,興南街９１號九樓,9.0,-2.0,1,54.47,920023,7.1,464789.0,25.055497,121.599526,南港站出口1,795,有電梯_7樓以上
房地(土地+建物)+車位,興南街９１號二十四樓,24.0,-2.0,1,54.47,1005945,7.1,492958.0,25.055497,121.599526,南港站出口1,795,有電梯_7樓以上
房地(土地+建物)+車位,興南街９１之１號二十五樓,25.0,-2.0,1,29.45,961709,7.1,408451.0,25.055257,121.59919,昆陽站出口4,753,有電梯_7樓以上
房地(土地+建物)+車位,興南街９９之２號九樓,9.0,-2.0,1,29.38,915905,7.1,464789.0,25.055155,121.598826,昆陽站出口4,718,有電梯_7樓以上
房地(土地+建物)+車位,興南街９９之２號十樓,10.0,-2.0,1,29.38,915905,7.1,492958.0,25.055155,121.598826,昆陽站出口4,718,有電梯_7樓以上
房地(土地+建物)+車位,興南街１０１號十七樓,17.0,-2.0,1,61.59,930584,14.21,485574.0,25.055592,121.598957,昆陽站出口4,763,有電梯_7樓以上
房地(土地+建物)+車位,安東街３５號十一樓之８,11.0,-2.0,1,30.26,1433678,7.45,577181.0,25.044066,121.54271,忠孝復興站出口1,256,有電梯_7樓以上
房地(土地+建物)+車位,興南街１０３號十五樓,15.0,-2.0,1,46.41,917837,7.1,478873.0,25.055668,121.599116,昆陽站出口4,780,有電梯_7樓以上
房地(土地+建物)+車位,興南街９７號二十一樓,21.0,-2.0,1,46.9,975631,7.1,450704.0,25.055383,121.599263,昆陽站出口4,768,有電梯_7樓以上
房地(土地+建物)+車位,臥龍街２６８號二十樓之３,20.0,-2.0,1,50.8,1010117,11.52,269097.0,25.017348,121.558081,麟光站出口,144,有電梯_7樓以上
房地(土地+建物)+車位,木柵路一段３１３號九樓之２,9.0,-2.0,1,77.68,730198,16.88,313981.0,24.987886,121.552169,大坪林站出口5,1062,有電梯_7樓以上
房地(土地+建物)+車位,木柵路一段３１５號二十七樓之３,27.0,-2.0,1,57.7,797463,8.79,312856.0,24.987886,121.552169,大坪林站出口5,1062,有電梯_7樓以上
房地(土地+建物)+車位,興南街９１之１號十五樓,15.0,-2.0,1,29.38,910518,7.1,521127.0,25.055257,121.59919,昆陽站出口4,753,有電梯_7樓以上
房地(土地+建物)+車位,興南街９１之２號十九樓,19.0,-2.0,1,29.38,924885,7.1,492958.0,25.055257,121.59919,昆陽站出口4,753,有電梯_7樓以上
房地(土地+建物)+車位,興南街９１之２號十五樓,15.0,-2.0,1,29.38,910518,7.1,521127.0,25.055257,121.59919,昆陽站出口4,753,有電梯_7樓以上
房地(土地+建物)+車位,興南街９５號十九樓,19.0,-2.0,1,46.41,976346,7.1,464789.0,25.055711,121.599222,昆陽站出口4,791,有電梯_7樓以上
房地(土地+建物)+車位,興南街９９之１號十七樓,17.0,-2.0,1,29.38,908273,7.1,478873.0,25.055155,121.598826,昆陽站出口4,718,有電梯_7樓以上
房地(土地+建物)+車位,興南街９９之２號二十五樓,25.0,-2.0,1,29.45,984532,7.1,464789.0,25.055155,121.598826,昆陽站出口4,718,有電梯_7樓以上
房地(土地+建物)+車位,興南街９９之２號八樓,8.0,-2.0,1,29.38,893457,7.1,507042.0,25.055155,121.598826,昆陽站出口4,718,有電梯_7樓以上
房地(土地+建物)+車位,興南街９９之２號二十樓,20.0,-2.0,1,29.38,936109,7.1,464789.0,25.055155,121.598826,昆陽站出口4,718,有電梯_7樓以上
房地(土地+建物)+車位,興南街１０３號十二樓,12.0,-2.0,1,46.41,912240,7.1,464789.0,25.055668,121.599116,昆陽站出口4,780,有電梯_7樓以上
房地(土地+建物)+車位,興南街１０３號二十二樓,22.0,-2.0,1,46.41,975329,7.1,478873.0,25.055668,121.599116,昆陽站出口4,780,有電梯_7樓以上
房地(土地+建物)+車位,興南街１０３號十九樓,19.0,-2.0,1,46.41,973803,7.1,507042.0,25.055668,121.599116,昆陽站出口4,780,有電梯_7樓以上
房地(土地+建物)+車位,興南街８９號二十四樓,24.0,-2.0,1,46.9,982415,7.1,492958.0,25.055429,121.599381,昆陽站出口4,780,有電梯_7樓以上
房地(土地+建物)+車位,興南街８９號二十五樓,25.0,-2.0,1,46.43,1029722,7.1,507042.0,25.055429,121.599381,昆陽站出口4,780,有電梯_7樓以上
房地(土地+建物)+車位,興南街９１之１號十四樓,14.0,-2.0,1,28.55,902559,6.28,541401.0,25.055257,121.59919,昆陽站出口4,753,有電梯_7樓以上
房地(土地+建物)+車位,興南街９５號十四樓,14.0,-2.0,1,46.41,922925,7.1,478873.0,25.055711,121.599222,昆陽站出口4,791,有電梯_7樓以上
房地(土地+建物)+車位,大興街８０號八樓,8.0,-3.0,1,47.75,749080,11.56,203287.0,25.130651,121.501717,北投站出口2,257,有電梯_7樓以上
房地(土地+建物)+車位,興南街９５號十三樓,13.0,-2.0,1,46.41,922925,7.1,478873.0,25.055711,121.599222,昆陽站出口4,791,有電梯_7樓以上
房地(土地+建物)+車位,興南街９９之２號十六樓,16.0,-2.0,1,29.38,906028,7.1,492958.0,25.055155,121.598826,昆陽站出口4,718,有電梯_7樓以上
房地(土地+建物)+車位,大興街８０號八樓之１,8.0,-3.0,1,47.68,748246,11.56,203287.0,25.130651,121.501717,北投站出口2,257,有電梯_7樓以上
房地(土地+建物)+車位,大興街８０號八樓之３,8.0,-3.0,1,37.63,771786,11.56,198962.0,25.130651,121.501717,北投站出口2,257,有電梯_7樓以上
房地(土地+建物)+車位,臥龍街２６８號二十三樓,23.0,-2.0,1,47.53,1099893,11.52,295139.0,25.017348,121.558081,麟光站出口,144,有電梯_7樓以上
房地(土地+建物)+車位,臥龍街２６８號二十二樓之２,22.0,-2.0,1,41.4,1012455,11.52,303819.0,25.017348,121.558081,麟光站出口,144,有電梯_7樓以上
房地(土地+建物)+車位,興南街９１之１號十三樓,13.0,-2.0,1,29.38,897946,7.1,478873.0,25.055257,121.59919,昆陽站出口4,753,有電梯_7樓以上
房地(土地+建物)+車位,興南街９１之２號十六樓,16.0,-2.0,1,29.38,909620,7.1,478873.0,25.055257,121.59919,昆陽站出口4,753,有電梯_7樓以上
房地(土地+建物)+車位,興南街９１之２號十三樓,13.0,-2.0,1,29.38,897946,7.1,478873.0,25.055257,121.59919,昆陽站出口4,753,有電梯_7樓以上
房地(土地+建物)+車位,興南街９１之２號十七樓,17.0,-2.0,1,29.38,918599,7.1,492958.0,25.055257,121.59919,昆陽站出口4,753,有電梯_7樓以上
房地(土地+建物),興南街９９之１號十二樓,12.0,-2.0,1,22.25,938476,0.0,,25.055155,121.598826,昆陽站出口4,718,有電梯_7樓以上
房地(土地+建物)+車位,興南街９９之１號十六樓,16.0,-2.0,1,29.38,902436,7.1,464789.0,25.055155,121.598826,昆陽站出口4,718,有電梯_7樓以上
房地(土地+建物)+車位,興南街９９之２號十七樓,17.0,-2.0,1,29.38,918599,7.1,464789.0,25.055155,121.598826,昆陽站出口4,718,有電梯_7樓以上
房地(土地+建物)+車位,興南街１０１之１號十六樓,16.0,-2.0,1,34.24,997891,7.1,422535.0,25.055132,121.598742,昆陽站出口4,711,有電梯_7樓以上
房地(土地+建物)+車位,興南街１０３號二十四樓,24.0,-2.0,1,53.54,968702,14.21,485574.0,25.055668,121.599116,昆陽站出口4,780,有電梯_7樓以上
房地(土地+建物)+車位,興南街１０３號十樓,10.0,-2.0,1,46.41,903082,7.1,492958.0,25.055668,121.599116,昆陽站出口4,780,有電梯_7樓以上
房地(土地+建物)+車位,興南街１０１號十九樓,19.0,-2.0,1,60.77,973843,13.38,523169.0,25.055592,121.598957,昆陽站出口4,763,有電梯_7樓以上
房地(土地+建物)+車位,木柵路一段３１５號二十五樓之２,25.0,-2.0,1,77.68,741418,16.88,284360.0,24.987886,121.552169,大坪林站出口5,1062,有電梯_7樓以上
房地(土地+建物)+車位,興南街８９號二十二樓,22.0,-2.0,1,46.9,940958,7.1,478873.0,25.055429,121.599381,昆陽站出口4,780,有電梯_7樓以上
房地(土地+建物)+車位,興南街９１之１號二十樓,20.0,-2.0,1,29.38,933864,7.1,478873.0,25.055257,121.59919,昆陽站出口4,753,有電梯_7樓以上
房地(土地+建物)+車位,興南街９１號十二樓,12.0,-2.0,1,54.47,905667,7.1,507042.0,25.055497,121.599526,南港站出口1,795,有電梯_7樓以上
房地(土地+建物)+車位,興南街９７號十八樓,18.0,-2.0,1,46.9,926636,7.1,478873.0,25.055383,121.599263,昆陽站出口4,768,有電梯_7樓以上
房地(土地+建物)+車位,興南街９９之２號十八樓,18.0,-2.0,1,29.38,906028,7.1,492958.0,25.055155,121.598826,昆陽站出口4,718,有電梯_7樓以上
房地(土地+建物)+車位,興南街１０１號二十四樓,24.0,-2.0,1,61.59,965402,14.21,471499.0,25.055592,121.598957,昆陽站出口4,763,有電梯_7樓以上
房地(土地+建物)+車位,興南街１０１號十五樓,15.0,-2.0,1,54.47,907356,7.1,507042.0,25.055592,121.598957,昆陽站出口4,763,有電梯_7樓以上
房地(土地+建物)+車位,興南街１０１號二十樓,20.0,-2.0,1,54.47,962667,7.1,478873.0,25.055592,121.598957,昆陽站出口4,763,有電梯_7樓以上
房地(土地+建物)+車位,中山北路七段８１巷１６弄１６號十二樓,12.0,-2.0,1,38.28,1013977,11.75,221277.0,25.122831,121.530066,石牌站出口1,1729,有電梯_7樓以上
房地(土地+建物)+車位,興南街９１之１號十一樓,11.0,-2.0,1,29.38,893457,7.1,464789.0,25.055257,121.59919,昆陽站出口4,753,有電梯_7樓以上
房地(土地+建物)+車位,興南街１０３號九樓,9.0,-2.0,1,46.41,918346,7.1,507042.0,25.055668,121.599116,昆陽站出口4,780,有電梯_7樓以上
房地(土地+建物)+車位,臥龍街２６８號二十二樓之３,22.0,-2.0,1,50.8,1011899,11.52,269097.0,25.017348,121.558081,麟光站出口,144,有電梯_7樓以上
房地(土地+建物)+車位,興南街９９之１號十九樓,19.0,-2.0,1,29.38,915905,7.1,464789.0,25.055155,121.598826,昆陽站出口4,718,有電梯_7樓以上
房地(土地+建物)+車位,臥龍街２６８號二十三樓之１,23.0,-2.0,1,58.77,1052949,23.04,290799.0,25.017348,121.558081,麟光站出口,144,有電梯_7樓以上
房地(土地+建物)+車位,木柵路一段３１５號二十七樓之２,27.0,-3.0,1,78.38,751615,17.58,358362.0,24.987886,121.552169,大坪林站出口5,1062,有電梯_7樓以上
房地(土地+建物)+車位,興南街８９號二十三樓,23.0,-3.0,1,46.9,954777,7.1,478873.0,25.055429,121.599381,昆陽站出口4,780,有電梯_7樓以上
房地(土地+建物)+車位,興南街９１號十三樓,13.0,-3.0,1,54.47,867667,7.1,450704.0,25.055497,121.599526,南港站出口1,795,有電梯_7樓以上
房地(土地+建物),興南街９１之１號九樓,9.0,-3.0,1,22.25,839594,0.0,,25.055257,121.59919,昆陽站出口4,753,有電梯_7樓以上
房地(土地+建物)+車位,興南街９１之１號十二樓,12.0,-3.0,1,29.38,888967,7.1,478873.0,25.055257,121.59919,昆陽站出口4,753,有電梯_7樓以上
房地(土地+建物)+車位,興南街９１之２號十一樓,11.0,-3.0,1,29.38,888967,7.1,464789.0,25.055257,121.59919,昆陽站出口4,753,有電梯_7樓以上
房地(土地+建物)+車位,興南街９１之２號十八樓,18.0,-3.0,1,29.38,902436,7.1,478873.0,25.055257,121.59919,昆陽站出口4,753,有電梯_7樓以上
房地(土地+建物)+車位,興南街９７號二十二樓,22.0,-3.0,1,46.9,878144,7.1,450704.0,25.055383,121.599263,昆陽站出口4,768,有電梯_7樓以上
房地(土地+建物),興南街９９之１號十八樓,18.0,-3.0,1,22.25,942521,0.0,,25.055155,121.598826,昆陽站出口4,718,有電梯_7樓以上
房地(土地+建物)+車位,興南街９９之２號十一樓,11.0,-3.0,1,29.38,884477,7.1,478873.0,25.055155,121.598826,昆陽站出口4,718,有電梯_7樓以上
房地(土地+建物)+車位,興南街８９號十六樓,16.0,-3.0,1,46.9,864827,7.1,464789.0,25.055429,121.599381,昆陽站出口4,780,有電梯_7樓以上
房地(土地+建物)+車位,興南街９５號二十五樓,25.0,-3.0,1,46.29,1013201,7.1,464789.0,25.055711,121.599222,昆陽站出口4,791,有電梯_7樓以上
房地(土地+建物)+車位,興南街９９之１號二十五樓,25.0,-3.0,1,29.45,939781,7.1,478873.0,25.055155,121.598826,昆陽站出口4,718,有電梯_7樓以上
房地(土地+建物)+車位,興南街１０３號十七樓,17.0,-3.0,1,46.41,876371,7.1,464789.0,25.055668,121.599116,昆陽站出口4,780,有電梯_7樓以上
房地(土地+建物)+車位,木柵路一段３１５號十九樓之３,19.0,-3.0,1,57.7,782127,8.79,290102.0,24.987886,121.552169,大坪林站出口5,1062,有電梯_7樓以上
房地(土地+建物)+車位,中山北路七段８１巷１６弄１８號八樓,8.0,-3.0,1,35.81,1042928,11.75,229787.0,25.122814,121.529934,石牌站出口1,1716,有電梯_7樓以上
房地(土地+建物)+車位,臥龍街２６８號二十樓之２,20.0,-3.0,1,41.4,1000740,11.52,234375.0,25.017348,121.558081,麟光站出口,144,有電梯_7樓以上
房地(土地+建物)+車位,臥龍街２６８號十五樓之２,15.0,-3.0,1,41.4,976642,11.52,260417.0,25.017348,121.558081,麟光站出口,144,有電梯_7樓以上
房地(土地+建物),興南街９１之２號十樓,10.0,-3.0,1,22.25,833302,0.0,,25.055257,121.59919,昆陽站出口4,753,有電梯_7樓以上
房地(土地+建物)+車位,興南街９３號十五樓,15.0,-3.0,1,54.47,874000,7.1,464789.0,25.055775,121.599371,昆陽站出口4,806,有電梯_7樓以上
房地(土地+建物)+車位,興南街１０１之１號十樓,10.0,-3.0,1,34.24,856756,7.1,450704.0,25.055132,121.598742,昆陽站出口4,711,有電梯_7樓以上
房地(土地+建物)+車位,興南街１０１之１號二十二樓,22.0,-3.0,1,34.24,917558,7.1,436620.0,25.055132,121.598742,昆陽站出口4,711,有電梯_7樓以上
房地(土地+建物)+車位,木柵路一段３１５號十八樓之２,18.0,-3.0,1,78.38,728918,17.58,312856.0,24.987886,121.552169,大坪林站出口5,1062,有電梯_7樓以上
房地(土地+建物)+車位,木柵路一段３１５號十七樓之２,17.0,-3.0,1,78.38,726945,17.58,312856.0,24.987886,121.552169,大坪林站出口5,1062,有電梯_7樓以上
房地(土地+建物)+車位,興南街８９號十八樓,18.0,-3.0,1,46.9,864325,7.1,422535.0,25.055429,121.599381,昆陽站出口4,780,有電梯_7樓以上
房地(土地+建物)+車位,興南街９１號十樓,10.0,-3.0,1,54.47,848667,7.1,464789.0,25.055497,121.599526,南港站出口1,795,有電梯_7樓以上
房地(土地+建物)+車位,興南街９１之１號十六樓,16.0,-3.0,1,29.38,822519,7.1,436620.0,25.055257,121.59919,昆陽站出口4,753,有電梯_7樓以上
房地(土地+建物)+車位,興南街９３號九樓,9.0,-3.0,1,54.47,860911,7.1,450704.0,25.055775,121.599371,昆陽站出口4,806,有電梯_7樓以上
房地(土地+建物)+車位,興南街９９號十樓,10.0,-3.0,1,54.47,869356,7.1,478873.0,25.055306,121.599102,昆陽站出口4,750,有電梯_7樓以上
房地(土地+建物)+車位,興南街１０１號二十一樓,21.0,-3.0,1,61.59,892179,14.21,471499.0,25.055592,121.598957,昆陽站出口4,763,有電梯_7樓以上
房地(土地+建物)+車位,興南街８９之１號十八樓,18.0,-3.0,1,34.24,876287,7.1,436620.0,25.055294,121.599303,昆陽站出口4,764,有電梯_7樓以上
房地(土地+建物)+車位,興南街１０１號二十六樓,26.0,-3.0,1,59.87,895149,14.21,443350.0,25.055592,121.598957,昆陽站出口4,763,有電梯_7樓以上
房地(土地+建物)+車位,興南街９１之２號八樓,8.0,-3.0,1,29.38,817131,7.1,408451.0,25.055257,121.59919,昆陽站出口4,753,有電梯_7樓以上
房地(土地+建物)+車位,興南街１０１號二十五樓,25.0,-3.0,1,60.57,944814,13.38,478326.0,25.055592,121.598957,昆陽站出口4,763,有電梯_7樓以上
房地(土地+建物)+車位,臥龍街２６８號十八樓之１,18.0,-3.0,1,53.44,1023919,11.52,303819.0,25.017348,121.558081,麟光站出口,144,有電梯_7樓以上
房地(土地+建物)+車位,興南街８９號九樓,9.0,-3.0,1,46.9,844224,7.1,436620.0,25.055429,121.599381,昆陽站出口4,780,有電梯_7樓以上
房地(土地+建物)+車位,興南街８９號十三樓,13.0,-3.0,1,46.9,851259,7.1,436620.0,25.055429,121.599381,昆陽站出口4,780,有電梯_7樓以上
房地(土地+建物)+車位,興南街８９號十樓,10.0,-3.0,1,46.9,844224,7.1,436620.0,25.055429,121.599381,昆陽站出口4,780,有電梯_7樓以上
房地(土地+建物)+車位,興南街８９之１號二十二樓,22.0,-3.0,1,34.24,876287,7.1,436620.0,25.055294,121.599303,昆陽站出口4,764,有電梯_7樓以上
房地(土地+建物)+車位,興南街８９之１號二十六樓,26.0,-3.0,1,36.18,935471,7.1,464789.0,25.055294,121.599303,昆陽站出口4,764,有電梯_7樓以上
房地(土地+建物)+車位,興南街８９之１號十樓,10.0,-3.0,1,34.24,854914,7.1,408451.0,25.055294,121.599303,昆陽站出口4,764,有電梯_7樓以上
房地(土地+建物)+車位,興南街９１號十八樓,18.0,-3.0,1,54.47,859434,7.1,450704.0,25.055497,121.599526,南港站出口1,795,有電梯_7樓以上
房地(土地+建物)+車位,興南街９１號二十樓,20.0,-3.0,1,61.59,859050,14.21,443350.0,25.055497,121.599526,南港站出口1,795,有電梯_7樓以上
房地(土地+建物)+車位,興南街９１號二十一樓,21.0,-3.0,1,61.59,879729,14.21,443350.0,25.055497,121.599526,南港站出口1,795,有電梯_7樓以上
房地(土地+建物)+車位,興南街９１號二十二樓,22.0,-3.0,1,61.59,879940,14.21,443350.0,25.055497,121.599526,南港站出口1,795,有電梯_7樓以上
房地(土地+建物)+車位,興南街９３號二十二樓,22.0,-3.0,1,61.59,884161,14.21,471499.0,25.055775,121.599371,昆陽站出口4,806,有電梯_7樓以上
房地(土地+建物)+車位,興南街９３之１號十八樓,18.0,-3.0,1,34.24,899134,7.1,450704.0,25.055235,121.599108,昆陽站出口4,745,有電梯_7樓以上
房地(土地+建物)+車位,興南街９３之１號二十五樓,25.0,-3.0,1,34.05,935447,7.1,422535.0,25.055235,121.599108,昆陽站出口4,745,有電梯_7樓以上
房地(土地+建物)+車位,興南街９７號十三樓,13.0,-3.0,1,46.9,846737,7.1,436620.0,25.055383,121.599263,昆陽站出口4,768,有電梯_7樓以上
房地(土地+建物)+車位,興南街９９號十九樓,19.0,-3.0,1,54.47,915167,7.1,478873.0,25.055306,121.599102,昆陽站出口4,750,有電梯_7樓以上
房地(土地+建物)+車位,興南街１０１之１號十八樓,18.0,-3.0,1,34.24,887342,7.1,422535.0,25.055132,121.598742,昆陽站出口4,711,有電梯_7樓以上
房地(土地+建物)+車位,興南街１０１之１號十五樓,15.0,-3.0,1,34.24,873339,7.1,422535.0,25.055132,121.598742,昆陽站出口4,711,有電梯_7樓以上
房地(土地+建物)+車位,興南街９３之１號二十二樓,22.0,-3.0,1,34.24,884394,7.1,436620.0,25.055235,121.599108,昆陽站出口4,745,有電梯_7樓以上
房地(土地+建物)+車位,興南街９３之１號十樓,10.0,-3.0,1,34.24,876287,7.1,436620.0,25.055235,121.599108,昆陽站出口4,745,有電梯_7樓以上
房地(土地+建物)+車位,興南街９７號十九樓,19.0,-3.0,1,46.9,866837,7.1,478873.0,25.055383,121.599263,昆陽站出口4,768,有電梯_7樓以上
房地(土地+建物)+車位,興南街９７號十樓,10.0,-3.0,1,46.9,836686,7.1,436620.0,25.055383,121.599263,昆陽站出口4,768,有電梯_7樓以上
房地(土地+建物)+車位,興南街９７之１號十八樓,18.0,-3.0,1,34.24,884394,7.1,464789.0,25.055189,121.598946,昆陽站出口4,730,有電梯_7樓以上
房地(土地+建物)+車位,興南街９７之１號二十三樓,23.0,-3.0,1,34.24,927876,7.1,436620.0,25.055189,121.598946,昆陽站出口4,730,有電梯_7樓以上
房地(土地+建物)+車位,興南街９７之１號十樓,10.0,-3.0,1,34.24,869654,7.1,450704.0,25.055189,121.598946,昆陽站出口4,730,有電梯_7樓以上
房地(土地+建物)+車位,興南街９９號十四樓,14.0,-3.0,1,54.47,878223,7.1,478873.0,25.055306,121.599102,昆陽站出口4,750,有電梯_7樓以上
房地(土地+建物),大業路３８８號十五樓,15.0,-3.0,1,20.3,753555,0.0,,25.129798,121.497363,北投站出口2,229,有電梯_7樓以上
房地(土地+建物)+車位,興南街９３號十八樓,18.0,-3.0,1,54.47,872945,7.1,478873.0,25.055775,121.599371,昆陽站出口4,806,有電梯_7樓以上
房地(土地+建物)+車位,臥龍街２６８號十樓之７,10.0,-3.0,1,42.95,944875,11.52,243056.0,25.017348,121.558081,麟光站出口,144,有電梯_7樓以上
房地(土地+建物)+車位,臥龍街２６８號十樓之３,10.0,-3.0,1,41.27,951427,11.52,225694.0,25.017348,121.558081,麟光站出口,144,有電梯_7樓以上
房地(土地+建物)+車位,臥龍街２６８號二十一樓之３,21.0,-3.0,1,50.8,1008080,11.52,251736.0,25.017348,121.558081,麟光站出口,144,有電梯_7樓以上
房地(土地+建物)+車位,臥龍街２６８號十一樓之３,11.0,-3.0,1,41.27,962186,11.52,243056.0,25.017348,121.558081,麟光站出口,144,有電梯_7樓以上
房地(土地+建物)+車位,臥龍街２６８號十九樓之１,19.0,-3.0,1,53.44,1030838,11.52,260417.0,25.017348,121.558081,麟光站出口,144,有電梯_7樓以上
房地(土地+建物)+車位,臥龍街２６８號二十二樓,22.0,-3.0,1,55.91,1032764,11.52,269097.0,25.017348,121.558081,麟光站出口,144,有電梯_7樓以上
房地(土地+建物)+車位,臥龍街２６８號十四樓之３,14.0,-3.0,1,50.8,972441,11.52,225694.0,25.017348,121.558081,麟光站出口,144,有電梯_7樓以上
房地(土地+建物)+車位,臥龍街２６８號十四樓之１,14.0,-3.0,1,53.44,950441,11.52,234375.0,25.017348,121.558081,麟光站出口,144,有電梯_7樓以上
房地(土地+建物)+車位,興南街９９之２號十二樓,12.0,-3.0,1,29.38,831498,7.1,422535.0,25.055155,121.598826,昆陽站出口4,718,有電梯_7樓以上
房地(土地+建物)+車位,興南街１０１之１號二十五樓,25.0,-3.0,1,34.06,938470,7.1,450704.0,25.055132,121.598742,昆陽站出口4,711,有電梯_7樓以上
房地(土地+建物)+車位,臥龍街２６８號二十一樓,21.0,-3.0,1,55.91,1038396,11.52,277778.0,25.017348,121.558081,麟光站出口,144,有電梯_7樓以上
房地(土地+建物)+車位,臥龍街２６８號八樓之７,8.0,-3.0,1,42.95,932468,11.52,243056.0,25.017348,121.558081,麟光站出口,144,有電梯_7樓以上
房地(土地+建物)+車位,臥龍街２６８號十九樓,19.0,-3.0,1,55.03,1006859,11.52,303819.0,25.017348,121.558081,麟光站出口,144,有電梯_7樓以上
房地(土地+建物)+車位,臥龍街２６８號十七樓,17.0,-3.0,1,55.03,1017431,11.52,260417.0,25.017348,121.558081,麟光站出口,144,有電梯_7樓以上
房地(土地+建物)+車位,向陽路１２０巷２弄２９號十樓,10.0,-3.0,1,84.43,881285,22.71,253192.0,25.055018,121.59717,昆陽站出口4,600,有電梯_7樓以上
房地(土地+建物)+車位,臥龍街２６８號十三樓之２,13.0,-3.0,1,41.38,964705,11.52,243056.0,25.017348,121.558081,麟光站出口,144,有電梯_7樓以上
房地(土地+建物)+車位,臥龍街２６８號十一樓之２,11.0,-3.0,1,41.38,940253,11.52,269097.0,25.017348,121.558081,麟光站出口,144,有電梯_7樓以上
房地(土地+建物)+車位,臥龍街２６８號十四樓之２,14.0,-3.0,1,41.4,949867,11.52,251736.0,25.017348,121.558081,麟光站出口,144,有電梯_7樓以上
房地(土地+建物)+車位,興南街９１號二十五樓,25.0,-3.0,1,54.27,936757,7.1,436620.0,25.055497,121.599526,南港站出口1,795,有電梯_7樓以上
房地(土地+建物)+車位,興南街９３之１號十六樓,16.0,-3.0,1,34.24,872602,7.1,422535.0,25.055235,121.599108,昆陽站出口4,745,有電梯_7樓以上
房地(土地+建物)+車位,興南街９７號十七樓,17.0,-3.0,1,46.9,848747,7.1,422535.0,25.055383,121.599263,昆陽站出口4,768,有電梯_7樓以上
房地(土地+建物)+車位,興南街９７號十六樓,16.0,-3.0,1,46.9,848747,7.1,422535.0,25.055383,121.599263,昆陽站出口4,768,有電梯_7樓以上
房地(土地+建物)+車位,興南街９７號十五樓,15.0,-3.0,1,46.9,845731,7.1,422535.0,25.055383,121.599263,昆陽站出口4,768,有電梯_7樓以上
房地(土地+建物)+車位,興南街１０１之１號十二樓,12.0,-3.0,1,34.24,854914,7.1,422535.0,25.055132,121.598742,昆陽站出口4,711,有電梯_7樓以上
房地(土地+建物)+車位,興南街１０１之１號八樓,8.0,-3.0,1,34.24,854914,7.1,408451.0,25.055132,121.598742,昆陽站出口4,711,有電梯_7樓以上
房地(土地+建物)+車位,興南街１０３號二十三樓,23.0,-3.0,1,46.41,892907,7.1,450704.0,25.055668,121.599116,昆陽站出口4,780,有電梯_7樓以上
房地(土地+建物)+車位,興南街１０１之１號二十三樓,23.0,-3.0,1,34.24,920506,7.1,408451.0,25.055132,121.598742,昆陽站出口4,711,有電梯_7樓以上
房地(土地+建物)+車位,興南街１０１之１號九樓,9.0,-3.0,1,34.24,854914,7.1,422535.0,25.055132,121.598742,昆陽站出口4,711,有電梯_7樓以上
房地(土地+建物)+車位,木柵路一段３１３號十五樓之３,15.0,-3.0,1,57.69,737187,8.79,290102.0,24.987886,121.552169,大坪林站出口5,1062,有電梯_7樓以上
房地(土地+建物)+車位,興南街９１號十五樓,15.0,-3.0,1,54.47,848667,7.1,436620.0,25.055497,121.599526,南港站出口1,795,有電梯_7樓以上
房地(土地+建物)+車位,興南街９５號十五樓,15.0,-3.0,1,46.41,861108,7.1,436620.0,25.055711,121.599222,昆陽站出口4,791,有電梯_7樓以上
房地(土地+建物)+車位,興南街９５號二十樓,20.0,-3.0,1,46.41,877643,7.1,450704.0,25.055711,121.599222,昆陽站出口4,791,有電梯_7樓以上
房地(土地+建物)+車位,興南街９７之１號十四樓,14.0,-3.0,1,34.24,869654,7.1,436620.0,25.055189,121.598946,昆陽站出口4,730,有電梯_7樓以上
房地(土地+建物)+車位,興南街１０３號二十一樓,21.0,-3.0,1,46.41,892907,7.1,408451.0,25.055668,121.599116,昆陽站出口4,780,有電梯_7樓以上
房地(土地+建物)+車位,興南街９１之１號八樓,8.0,-3.0,1,29.38,821621,7.1,408451.0,25.055257,121.59919,昆陽站出口4,753,有電梯_7樓以上
房地(土地+建物)+車位,興南街９３之１號十三樓,13.0,-3.0,1,34.24,874444,7.1,422535.0,25.055235,121.599108,昆陽站出口4,745,有電梯_7樓以上
房地(土地+建物)+車位,興南街９３之１號十四樓,14.0,-3.0,1,34.24,874444,7.1,422535.0,25.055235,121.599108,昆陽站出口4,745,有電梯_7樓以上
房地(土地+建物),臥龍街２６８號九樓之２,9.0,-3.0,1,29.86,948866,0.0,,25.017348,121.558081,麟光站出口,144,有電梯_7樓以上
房地(土地+建物)+車位,臥龍街２６８號十二樓之２,12.0,-3.0,1,41.38,958006,11.52,260417.0,25.017348,121.558081,麟光站出口,144,有電梯_7樓以上
房地(土地+建物),臥龍街２６８號九樓之３,9.0,-3.0,1,29.75,949650,0.0,,25.017348,121.558081,麟光站出口,144,有電梯_7樓以上
房地(土地+建物)+車位,臥龍街２６８號十六樓,16.0,-3.0,1,55.03,1025016,11.52,303819.0,25.017348,121.558081,麟光站出口,144,有電梯_7樓以上
房地(土地+建物)+車位,興南街８９號十四樓,14.0,-3.0,1,46.9,850505,7.1,422535.0,25.055429,121.599381,昆陽站出口4,780,有電梯_7樓以上
房地(土地+建物)+車位,臥龍街２６８號十六樓之２,16.0,-3.0,1,41.4,967271,11.52,234375.0,25.017348,121.558081,麟光站出口,144,有電梯_7樓以上
房地(土地+建物)+車位,松江路２５２巷１０號九樓,9.0,-4.0,1,33.41,1066857,6.14,374593.0,25.059162,121.53232,行天宮站出口2,111,有電梯_7樓以上
房地(土地+建物)+車位,松江路２５２巷１０號十樓之１,10.0,-4.0,1,33.5,1072938,6.14,374593.0,25.059162,121.53232,行天宮站出口2,111,有電梯_7樓以上
房地(土地+建物)+車位,向陽路１２０巷２弄２９號八樓,8.0,-3.0,1,84.43,887117,22.71,228974.0,25.055018,121.59717,昆陽站出口4,600,有電梯_7樓以上
房地(土地+建物)+車位,向陽路１２０巷２弄２９號九樓,9.0,-3.0,1,73.08,957749,11.35,242291.0,25.055018,121.59717,昆陽站出口4,600,有電梯_7樓以上
房地(土地+建物)+車位,向陽路１２０巷２弄２９號十一樓,11.0,-3.0,1,73.08,893435,11.35,242291.0,25.055018,121.59717,昆陽站出口4,600,有電梯_7樓以上
房地(土地+建物)+車位,向陽路１２０巷２弄２９號十三樓,13.0,-3.0,1,84.43,966011,22.71,242184.0,25.055018,121.59717,昆陽站出口4,600,有電梯_7樓以上
房地(土地+建物)+車位,向陽路１２０巷２弄２９號十四樓,14.0,-3.0,1,84.43,889871,22.71,244386.0,25.055018,121.59717,昆陽站出口4,600,有電梯_7樓以上
房地(土地+建物)+車位,向陽路１２０巷２弄２５號十五樓,15.0,-3.0,1,104.01,874049,22.71,242184.0,25.054861,121.597154,昆陽站出口4,585,有電梯_7樓以上
房地(土地+建物)+車位,向陽路１２０巷２弄２７號十三樓,13.0,-3.0,1,45.28,986284,11.35,246696.0,25.054849,121.597296,昆陽站出口4,592,有電梯_7樓以上
房地(土地+建物)+車位,向陽路１２０巷２弄２５號九樓,9.0,-3.0,1,74.77,787378,11.35,246696.0,25.054861,121.597154,昆陽站出口4,585,有電梯_7樓以上
房地(土地+建物)+車位,向陽路１２０巷２弄２５號十樓,10.0,-3.0,1,86.12,791478,22.71,242184.0,25.054861,121.597154,昆陽站出口4,585,有電梯_7樓以上
房地(土地+建物)+車位,向陽路１２０巷２弄３９號八樓,8.0,-3.0,1,85.01,866853,22.71,253192.0,25.054978,121.597673,昆陽站出口4,626,有電梯_7樓以上
房地(土地+建物)+車位,向陽路１２０巷２弄３９號九樓,9.0,-3.0,1,85.01,868779,22.71,259797.0,25.054978,121.597673,昆陽站出口4,626,有電梯_7樓以上
房地(土地+建物)+車位,向陽路１２０巷２弄３９號十樓,10.0,-3.0,1,85.01,880495,22.71,253192.0,25.054978,121.597673,昆陽站出口4,626,有電梯_7樓以上
房地(土地+建物)+車位,向陽路１２０巷２弄３９號十二樓,12.0,-3.0,1,73.66,875038,11.35,242291.0,25.054978,121.597673,昆陽站出口4,626,有電梯_7樓以上
房地(土地+建物)+車位,向陽路１２０巷２弄３９號十三樓,13.0,-3.0,1,73.66,876964,11.35,242291.0,25.054978,121.597673,昆陽站出口4,626,有電梯_7樓以上
房地(土地+建物)+車位,向陽路１２０巷２弄３３號十二樓,12.0,-3.0,1,45.28,827111,11.35,259912.0,25.054823,121.597516,昆陽站出口4,603,有電梯_7樓以上
房地(土地+建物)+車位,向陽路１２０巷２弄３３號十三樓,13.0,-3.0,1,45.28,946785,11.35,251101.0,25.054823,121.597516,昆陽站出口4,603,有電梯_7樓以上
房地(土地+建物)+車位,向陽路１２０巷２弄３５號九樓,9.0,-3.0,1,74.77,792582,11.35,242291.0,25.054815,121.597659,昆陽站出口4,611,有電梯_7樓以上
房地(土地+建物)+車位,向陽路１２０巷２弄３５號十二樓,12.0,-3.0,1,74.77,805040,11.35,259912.0,25.054815,121.597659,昆陽站出口4,611,有電梯_7樓以上
房地(土地+建物)+車位,向陽路１２０巷２弄３５號十四樓,14.0,-3.0,1,74.77,813083,11.35,259912.0,25.054815,121.597659,昆陽站出口4,611,有電梯_7樓以上
房地(土地+建物)+車位,向陽路１２０巷２弄３９號十四樓,14.0,-3.0,1,73.66,879051,11.35,259912.0,25.054978,121.597673,昆陽站出口4,626,有電梯_7樓以上
房地(土地+建物)+車位,向陽路１２０巷２弄３９號十一樓,11.0,-3.0,1,85.01,872952,22.71,237781.0,25.054978,121.597673,昆陽站出口4,626,有電梯_7樓以上
房地(土地+建物)+車位,向陽路１２０巷２弄３５號十樓,10.0,-3.0,1,86.12,874900,22.71,246587.0,25.054815,121.597659,昆陽站出口4,611,有電梯_7樓以上
房地(土地+建物)+車位,向陽路１２０巷２弄２５號十四樓,14.0,-3.0,1,74.77,807879,11.35,246696.0,25.054861,121.597154,昆陽站出口4,585,有電梯_7樓以上
房地(土地+建物)+車位,向陽路１２０巷２弄３９號十五樓,15.0,-3.0,1,102.89,925591,22.71,277411.0,25.054978,121.597673,昆陽站出口4,626,有電梯_7樓以上
房地(土地+建物)+車位,向陽路１２０巷２弄３５號十五樓,15.0,-3.0,1,104.01,874049,22.71,242184.0,25.054815,121.597659,昆陽站出口4,611,有電梯_7樓以上
房地(土地+建物)+車位,興南街８９之１號二十四樓,24.0,-3.0,1,34.24,910189,7.1,422535.0,25.055294,121.599303,昆陽站出口4,764,有電梯_7樓以上
房地(土地+建物)+車位,興南街８９之１號九樓,9.0,-3.0,1,34.24,841280,7.1,408451.0,25.055294,121.599303,昆陽站出口4,764,有電梯_7樓以上
房地(土地+建物)+車位,興南街９７號十四樓,14.0,-3.0,1,46.9,841711,7.1,422535.0,25.055383,121.599263,昆陽站出口4,768,有電梯_7樓以上
房地(土地+建物)+車位,興南街９７號二十五樓,25.0,-3.0,1,46.43,928530,7.1,450704.0,25.055383,121.599263,昆陽站出口4,768,有電梯_7樓以上
房地(土地+建物)+車位,興南街９７之１號十三樓,13.0,-3.0,1,34.24,874076,7.1,422535.0,25.055189,121.598946,昆陽站出口4,730,有電梯_7樓以上
房地(土地+建物)+車位,興南街９７之１號二十五樓,25.0,-3.0,1,34.06,908796,7.1,436620.0,25.055189,121.598946,昆陽站出口4,730,有電梯_7樓以上
房地(土地+建物)+車位,興南街９９號二十五樓,25.0,-3.0,1,61.39,942634,14.21,408163.0,25.055306,121.599102,昆陽站出口4,750,有電梯_7樓以上
房地(土地+建物)+車位,興南街１０１號二十三樓,23.0,-3.0,1,54.47,895111,7.1,436620.0,25.055592,121.598957,昆陽站出口4,763,有電梯_7樓以上
房地(土地+建物)+車位,興南街１０１之１號二十一樓,21.0,-3.0,1,34.24,898397,7.1,436620.0,25.055132,121.598742,昆陽站出口4,711,有電梯_7樓以上
房地(土地+建物)+車位,興南街１０１之１號十三樓,13.0,-3.0,1,34.24,858599,7.1,422535.0,25.055132,121.598742,昆陽站出口4,711,有電梯_7樓以上
房地(土地+建物)+車位,木柵路一段３１３號十六樓之５,16.0,-3.0,1,69.37,714322,9.59,265902.0,24.987886,121.552169,大坪林站出口5,1062,有電梯_7樓以上
房地(土地+建物)+車位,興南街８９號八樓,8.0,-3.0,1,46.9,834174,7.1,422535.0,25.055429,121.599381,昆陽站出口4,780,有電梯_7樓以上
房地(土地+建物)+車位,興南街８９之１號十三樓,13.0,-3.0,1,34.24,865969,7.1,422535.0,25.055294,121.599303,昆陽站出口4,764,有電梯_7樓以上
房地(土地+建物)+車位,興南街１０３號二十樓,20.0,-3.0,1,46.41,868740,7.1,450704.0,25.055668,121.599116,昆陽站出口4,780,有電梯_7樓以上
房地(土地+建物)+車位,興南街９３之１號十七樓,17.0,-3.0,1,34.24,865969,7.1,422535.0,25.055235,121.599108,昆陽站出口4,745,有電梯_7樓以上
房地(土地+建物)+車位,興南街９３之１號二十一樓,21.0,-3.0,1,34.24,883657,7.1,422535.0,25.055235,121.599108,昆陽站出口4,745,有電梯_7樓以上
房地(土地+建物)+車位,興南街９７之１號二十一樓,21.0,-3.0,1,34.24,884394,7.1,450704.0,25.055189,121.598946,昆陽站出口4,730,有電梯_7樓以上
房地(土地+建物)+車位,興南街８９之１號十四樓,14.0,-3.0,1,34.24,856756,7.1,436620.0,25.055294,121.599303,昆陽站出口4,764,有電梯_7樓以上
房地(土地+建物)+車位,興南街８９之１號十九樓,19.0,-3.0,1,34.24,833910,7.1,436620.0,25.055294,121.599303,昆陽站出口4,764,有電梯_7樓以上
房地(土地+建物)+車位,興南街９３號十六樓,16.0,-3.0,1,54.47,859223,7.1,450704.0,25.055775,121.599371,昆陽站出口4,806,有電梯_7樓以上
房地(土地+建物)+車位,興南街９５號八樓,8.0,-3.0,1,46.41,849152,7.1,450704.0,25.055711,121.599222,昆陽站出口4,791,有電梯_7樓以上
房地(土地+建物)+車位,興南街１０３號八樓,8.0,-3.0,1,46.41,844064,7.1,422535.0,25.055668,121.599116,昆陽站出口4,780,有電梯_7樓以上
房地(土地+建物)+車位,興南街９３號二十五樓,25.0,-3.0,1,54.27,928700,7.1,450704.0,25.055775,121.599371,昆陽站出口4,806,有電梯_7樓以上
房地(土地+建物)+車位,興南街８９之１號十七樓,17.0,-3.0,1,34.24,844596,7.1,436620.0,25.055294,121.599303,昆陽站出口4,764,有電梯_7樓以上
房地(土地+建物)+車位,興南街９３之１號二十樓,20.0,-3.0,1,34.24,892869,7.1,436620.0,25.055235,121.599108,昆陽站出口4,745,有電梯_7樓以上
房地(土地+建物),松江路２５２巷１０號十樓,10.0,-4.0,1,27.28,1044860,0.0,,25.059162,121.53232,行天宮站出口2,111,有電梯_7樓以上
房地(土地+建物),興南街９１之２號十二樓,12.0,-3.0,1,22.25,843639,0.0,,25.055257,121.59919,昆陽站出口4,753,有電梯_7樓以上
房地(土地+建物)+車位,興南街９３之１號十一樓,11.0,-3.0,1,34.24,862284,7.1,408451.0,25.055235,121.599108,昆陽站出口4,745,有電梯_7樓以上
房地(土地+建物)+車位,興南街９３之１號十二樓,12.0,-3.0,1,34.24,857862,7.1,436620.0,25.055235,121.599108,昆陽站出口4,745,有電梯_7樓以上
房地(土地+建物)+車位,興南街９７號十一樓,11.0,-3.0,1,46.9,830405,7.1,450704.0,25.055383,121.599263,昆陽站出口4,768,有電梯_7樓以上
房地(土地+建物)+車位,興南街９９之２號十五樓,15.0,-3.0,1,29.38,860682,7.1,521127.0,25.055155,121.598826,昆陽站出口4,718,有電梯_7樓以上
房地(土地+建物)+車位,興南街８９號十七樓,17.0,-3.0,1,46.9,839199,7.1,436620.0,25.055429,121.599381,昆陽站出口4,780,有電梯_7樓以上
房地(土地+建物)+車位,興南街９１號八樓,8.0,-3.0,1,54.47,817000,7.1,436620.0,25.055497,121.599526,南港站出口1,795,有電梯_7樓以上
房地(土地+建物)+車位,興南街８９之１號十二樓,12.0,-3.0,1,34.24,844964,7.1,436620.0,25.055294,121.599303,昆陽站出口4,764,有電梯_7樓以上
房地(土地+建物)+車位,興南街９１號十六樓,16.0,-3.0,1,61.59,836682,14.21,415201.0,25.055497,121.599526,南港站出口1,795,有電梯_7樓以上
房地(土地+建物)+車位,興南街９１之１號十七樓,17.0,-3.0,1,29.38,927130,7.1,521127.0,25.055257,121.59919,昆陽站出口4,753,有電梯_7樓以上
房地(土地+建物)+車位,興南街９１之２號九樓,9.0,-3.0,1,28.55,803771,6.28,445860.0,25.055257,121.59919,昆陽站出口4,753,有電梯_7樓以上
房地(土地+建物)+車位,興南街９３號十九樓,19.0,-3.0,1,61.59,854196,14.21,443350.0,25.055775,121.599371,昆陽站出口4,806,有電梯_7樓以上
房地(土地+建物)+車位,興南街９７號九樓,9.0,-3.0,1,46.9,824877,7.1,422535.0,25.055383,121.599263,昆陽站出口4,768,有電梯_7樓以上
房地(土地+建物)+車位,興南街９７之１號十九樓,19.0,-3.0,1,34.24,865969,7.1,422535.0,25.055189,121.598946,昆陽站出口4,730,有電梯_7樓以上
房地(土地+建物)+車位,興南街９７之１號九樓,9.0,-3.0,1,34.24,846807,7.1,422535.0,25.055189,121.598946,昆陽站出口4,730,有電梯_7樓以上
房地(土地+建物)+車位,興南街１０１號八樓,8.0,-3.0,1,54.47,826078,7.1,450704.0,25.055592,121.598957,昆陽站出口4,763,有電梯_7樓以上
房地(土地+建物)+車位,興南街１０１之１號十一樓,11.0,-3.0,1,34.24,842385,7.1,422535.0,25.055132,121.598742,昆陽站出口4,711,有電梯_7樓以上
房地(土地+建物)+車位,木柵路一段３１３號二十七樓之５,27.0,-3.0,1,77.36,751088,17.58,318544.0,24.987886,121.552169,大坪林站出口5,1062,有電梯_7樓以上
房地(土地+建物)+車位,興南街８９號十五樓,15.0,-3.0,1,54.03,828205,14.21,443350.0,25.055429,121.599381,昆陽站出口4,780,有電梯_7樓以上
房地(土地+建物)+車位,興南街８９號二十一樓,21.0,-3.0,1,46.9,855531,7.1,436620.0,25.055429,121.599381,昆陽站出口4,780,有電梯_7樓以上
房地(土地+建物)+車位,興南街９１號十九樓,19.0,-3.0,1,53.65,847243,6.28,445860.0,25.055497,121.599526,南港站出口1,795,有電梯_7樓以上
房地(土地+建物)+車位,興南街９７之１號十五樓,15.0,-3.0,1,34.24,854914,7.1,422535.0,25.055189,121.598946,昆陽站出口4,730,有電梯_7樓以上
房地(土地+建物)+車位,興南街９７之１號二十樓,20.0,-3.0,1,34.24,834647,7.1,422535.0,25.055189,121.598946,昆陽站出口4,730,有電梯_7樓以上
房地(土地+建物)+車位,興南街９９號十一樓,11.0,-3.0,1,54.47,831778,7.1,436620.0,25.055306,121.599102,昆陽站出口4,750,有電梯_7樓以上
房地(土地+建物)+車位,興南街９９之１號八樓,8.0,-3.0,1,29.38,817580,7.1,408451.0,25.055155,121.598826,昆陽站出口4,718,有電梯_7樓以上
房地(土地+建物)+車位,南京東路四段１５８巷９號八樓之１,8.0,-3.0,1,27.68,1195711,4.93,446247.0,25.050448,121.556312,台北小巨蛋站出口4,364,有電梯_7樓以上
房地(土地+建物),南京東路四段１５８巷９號九樓之１,9.0,-3.0,1,27.83,1311536,0.0,,25.050448,121.556312,台北小巨蛋站出口4,364,有電梯_7樓以上
房地(土地+建物)+車位,興南街８９之１號十六樓,16.0,-3.0,1,34.24,847544,7.1,408451.0,25.055294,121.599303,昆陽站出口4,764,有電梯_7樓以上
房地(土地+建物)+車位,興南街９３號二十四樓,24.0,-3.0,1,54.47,899545,7.1,436620.0,25.055775,121.599371,昆陽站出口4,806,有電梯_7樓以上
房地(土地+建物)+車位,興南街９３之１號二十四樓,24.0,-3.0,1,34.24,908715,7.1,436620.0,25.055235,121.599108,昆陽站出口4,745,有電梯_7樓以上
房地(土地+建物)+車位,興南街９５號十七樓,17.0,-3.0,1,53.54,852254,14.21,415201.0,25.055711,121.599222,昆陽站出口4,791,有電梯_7樓以上
房地(土地+建物)+車位,松江路２５２巷１０號九樓之１,9.0,-4.0,1,32.6,1054195,6.14,374593.0,25.059162,121.53232,行天宮站出口2,111,有電梯_7樓以上
房地(土地+建物)+車位,興南街８９號十一樓,11.0,-3.0,1,46.9,828646,7.1,450704.0,25.055429,121.599381,昆陽站出口4,780,有電梯_7樓以上
房地(土地+建物)+車位,興南街８９號十二樓,12.0,-3.0,1,46.9,824123,7.1,450704.0,25.055429,121.599381,昆陽站出口4,780,有電梯_7樓以上
房地(土地+建物)+車位,興南街８９號十九樓,19.0,-3.0,1,46.9,846234,7.1,422535.0,25.055429,121.599381,昆陽站出口4,780,有電梯_7樓以上
房地(土地+建物)+車位,興南街８９之１號八樓,8.0,-3.0,1,34.24,810694,7.1,422535.0,25.055294,121.599303,昆陽站出口4,764,有電梯_7樓以上
房地(土地+建物)+車位,興南街８９之１號二十三樓,23.0,-3.0,1,34.24,862284,7.1,408451.0,25.055294,121.599303,昆陽站出口4,764,有電梯_7樓以上
房地(土地+建物)+車位,興南街８９之１號十五樓,15.0,-3.0,1,34.24,825434,7.1,408451.0,25.055294,121.599303,昆陽站出口4,764,有電梯_7樓以上
房地(土地+建物)+車位,興南街８９之１號十一樓,11.0,-3.0,1,34.24,818064,7.1,408451.0,25.055294,121.599303,昆陽站出口4,764,有電梯_7樓以上
房地(土地+建物)+車位,興南街８９之１號二十一樓,21.0,-3.0,1,34.24,846070,7.1,436620.0,25.055294,121.599303,昆陽站出口4,764,有電梯_7樓以上
房地(土地+建物)+車位,興南街９３號二十樓,20.0,-3.0,1,61.59,847866,14.21,443350.0,25.055775,121.599371,昆陽站出口4,806,有電梯_7樓以上
房地(土地+建物)+車位,興南街９３號十七樓,17.0,-3.0,1,54.47,858800,7.1,422535.0,25.055775,121.599371,昆陽站出口4,806,有電梯_7樓以上
房地(土地+建物)+車位,興南街９３之１號二十三樓,23.0,-3.0,1,34.24,872602,7.1,450704.0,25.055235,121.599108,昆陽站出口4,745,有電梯_7樓以上
房地(土地+建物)+車位,興南街９３之１號九樓,9.0,-3.0,1,34.24,843122,7.1,450704.0,25.055235,121.599108,昆陽站出口4,745,有電梯_7樓以上
房地(土地+建物)+車位,興南街９５號十六樓,16.0,-3.0,1,46.41,850932,7.1,422535.0,25.055711,121.599222,昆陽站出口4,791,有電梯_7樓以上
房地(土地+建物)+車位,興南街９７之１號十二樓,12.0,-3.0,1,34.24,847544,7.1,450704.0,25.055189,121.598946,昆陽站出口4,730,有電梯_7樓以上
房地(土地+建物)+車位,興南街９７之１號十七樓,17.0,-3.0,1,34.24,858967,7.1,436620.0,25.055189,121.598946,昆陽站出口4,730,有電梯_7樓以上
房地(土地+建物)+車位,興南街９７之１號十六樓,16.0,-3.0,1,33.41,844690,6.28,445860.0,25.055189,121.598946,昆陽站出口4,730,有電梯_7樓以上
房地(土地+建物)+車位,興南街９９號二十四樓,24.0,-3.0,1,54.47,905245,7.1,450704.0,25.055306,121.599102,昆陽站出口4,750,有電梯_7樓以上
房地(土地+建物)+車位,興南街９９號二十一樓,21.0,-3.0,1,54.47,852467,7.1,436620.0,25.055306,121.599102,昆陽站出口4,750,有電梯_7樓以上
房地(土地+建物)+車位,興南街９９號十二樓,12.0,-3.0,1,54.47,837056,7.1,422535.0,25.055306,121.599102,昆陽站出口4,750,有電梯_7樓以上
房地(土地+建物)+車位,興南街９９號十三樓,13.0,-3.0,1,54.47,838111,7.1,436620.0,25.055306,121.599102,昆陽站出口4,750,有電梯_7樓以上
房地(土地+建物)+車位,興南街９９號二十樓,20.0,-3.0,1,54.47,844023,7.1,450704.0,25.055306,121.599102,昆陽站出口4,750,有電梯_7樓以上
房地(土地+建物)+車位,興南街９９號十七樓,17.0,-3.0,1,54.47,837689,7.1,436620.0,25.055306,121.599102,昆陽站出口4,750,有電梯_7樓以上
房地(土地+建物)+車位,興南街１０１之１號十九樓,19.0,-3.0,1,34.24,851229,7.1,436620.0,25.055132,121.598742,昆陽站出口4,711,有電梯_7樓以上
房地(土地+建物),南京東路四段１５８巷９號八樓之２,8.0,-3.0,1,15.68,1185876,0.0,,25.050448,121.556312,台北小巨蛋站出口4,364,有電梯_7樓以上
房地(土地+建物)+車位,興南街９１號十一樓,11.0,-3.0,1,54.47,826500,7.1,436620.0,25.055497,121.599526,南港站出口1,795,有電梯_7樓以上
房地(土地+建物)+車位,興南街９３號二十一樓,21.0,-3.0,1,61.59,863481,14.21,450387.0,25.055775,121.599371,昆陽站出口4,806,有電梯_7樓以上
房地(土地+建物)+車位,興南街９５號二十一樓,21.0,-3.0,1,52.71,867067,13.38,440957.0,25.055711,121.599222,昆陽站出口4,791,有電梯_7樓以上
房地(土地+建物)+車位,興南街９５號二十三樓,23.0,-3.0,1,46.41,862380,7.1,436620.0,25.055711,121.599222,昆陽站出口4,791,有電梯_7樓以上
房地(土地+建物)+車位,興南街９７號八樓,8.0,-3.0,1,46.9,808545,7.1,450704.0,25.055383,121.599263,昆陽站出口4,768,有電梯_7樓以上
房地(土地+建物)+車位,興南街９７之１號八樓,8.0,-3.0,1,33.41,821841,6.28,445860.0,25.055189,121.598946,昆陽站出口4,730,有電梯_7樓以上
房地(土地+建物)+車位,興南街９９號二十三樓,23.0,-3.0,1,54.47,854578,7.1,450704.0,25.055306,121.599102,昆陽站出口4,750,有電梯_7樓以上
房地(土地+建物)+車位,興南街１０１之１號十七樓,17.0,-3.0,1,34.24,843859,7.1,422535.0,25.055132,121.598742,昆陽站出口4,711,有電梯_7樓以上
房地(土地+建物)+車位,興南街９３號十二樓,12.0,-3.0,1,54.47,834945,7.1,450704.0,25.055775,121.599371,昆陽站出口4,806,有電梯_7樓以上
房地(土地+建物)+車位,興南街９９號十六樓,16.0,-3.0,1,54.47,837056,7.1,436620.0,25.055306,121.599102,昆陽站出口4,750,有電梯_7樓以上
房地(土地+建物)+車位,興南街１０１之１號二十樓,20.0,-3.0,1,34.24,843859,7.1,408451.0,25.055132,121.598742,昆陽站出口4,711,有電梯_7樓以上
房地(土地+建物)+車位,清江路９１巷１６號十樓,10.0,-3.0,1,36.25,600512,5.97,201005.0,25.129793,121.502173,北投站出口2,330,有電梯_7樓以上
房地(土地+建物)+車位,清江路９１巷２２號十樓,10.0,-3.0,1,36.25,601173,5.97,335008.0,25.129822,121.502277,北投站出口2,338,有電梯_7樓以上
房地(土地+建物),南京東路四段１５８巷９號八樓之３,8.0,-3.0,1,15.7,1202337,0.0,,25.050448,121.556312,台北小巨蛋站出口4,364,有電梯_7樓以上
房地(土地+建物)+車位,興南街８９號二十樓,20.0,-3.0,1,46.9,837189,7.1,422535.0,25.055429,121.599381,昆陽站出口4,780,有電梯_7樓以上
房地(土地+建物)+車位,興南街８９之１號二十樓,20.0,-3.0,1,34.24,843859,7.1,436620.0,25.055294,121.599303,昆陽站出口4,764,有電梯_7樓以上
房地(土地+建物)+車位,興南街９３號二十三樓,23.0,-3.0,1,61.59,858839,14.21,443350.0,25.055775,121.599371,昆陽站出口4,806,有電梯_7樓以上
房地(土地+建物)+車位,興南街９７之１號十一樓,11.0,-3.0,1,33.41,836951,6.28,445860.0,25.055189,121.598946,昆陽站出口4,730,有電梯_7樓以上
房地(土地+建物)+車位,興南街１０３號十六樓,16.0,-3.0,1,46.41,841520,7.1,436620.0,25.055668,121.599116,昆陽站出口4,780,有電梯_7樓以上
房地(土地+建物)+車位,大業路３９０號十四樓,14.0,-3.0,1,49.55,746942,10.06,268390.0,25.129807,121.497268,北投站出口2,237,有電梯_7樓以上
房地(土地+建物)+車位,興南街９７號十二樓,12.0,-3.0,1,46.9,816083,7.1,450704.0,25.055383,121.599263,昆陽站出口4,768,有電梯_7樓以上
房地(土地+建物)+車位,南京東路四段１５８巷９號九樓,9.0,-3.0,1,32.75,1297304,4.93,446247.0,25.050448,121.556312,台北小巨蛋站出口4,364,有電梯_7樓以上
房地(土地+建物)+車位,大業路３９０號十三樓,13.0,-3.0,1,49.55,733016,10.06,263419.0,25.129807,121.497268,北投站出口2,237,有電梯_7樓以上
房地(土地+建物)+車位,大業路３８６號八樓,8.0,-3.0,1,47.1,669472,10.06,228628.0,25.129825,121.497452,北投站出口2,220,有電梯_7樓以上
房地(土地+建物)+車位,大業路３８６號十四樓,14.0,-3.0,1,47.1,701866,10.06,198807.0,25.129825,121.497452,北投站出口2,220,有電梯_7樓以上
房地(土地+建物)+車位,大業路３９０號十五樓,15.0,-3.0,1,49.55,735548,10.06,243539.0,25.129807,121.497268,北投站出口2,237,有電梯_7樓以上
房地(土地+建物)+車位,大業路３８６號十三樓,13.0,-3.0,1,47.1,685669,10.06,228628.0,25.129825,121.497452,北投站出口2,220,有電梯_7樓以上
房地(土地+建物)+車位,南京東路四段１５８巷９號八樓,8.0,-3.0,1,27.68,1213295,4.93,446247.0,25.050448,121.556312,台北小巨蛋站出口4,364,有電梯_7樓以上
房地(土地+建物)+車位,大業路３８６號十五樓,15.0,-3.0,1,47.1,689719,10.06,198807.0,25.129825,121.497452,北投站出口2,220,有電梯_7樓以上
房地(土地+建物)+車位,承德路二段１４５號十四樓之２,14.0,-3.0,1,23.62,760501,3.53,424929.0,25.057803,121.518402,雙連站出口1,223,有電梯_7樓以上
房地(土地+建物)+車位,大業路３８６號十一樓,11.0,-3.0,1,47.1,680270,10.06,238569.0,25.129825,121.497452,北投站出口2,220,有電梯_7樓以上
房地(土地+建物)+車位,大業路３９２號十四樓,14.0,-3.0,1,49.85,737496,10.06,253479.0,25.129865,121.497237,北投站出口2,235,有電梯_7樓以上
房地(土地+建物)+車位,大業路３８８號十三樓,13.0,-3.0,1,30.36,724003,10.06,238569.0,25.129798,121.497363,北投站出口2,229,有電梯_7樓以上
房地(土地+建物)+車位,大業路３９２號十三樓,13.0,-3.0,1,49.85,728701,10.06,228628.0,25.129865,121.497237,北投站出口2,235,有電梯_7樓以上
房地(土地+建物)+車位,承德路二段１４５號十五樓之１,15.0,-4.0,1,21.78,863571,3.53,311615.0,25.057803,121.518402,雙連站出口1,223,有電梯_7樓以上
房地(土地+建物)+車位,承德路二段１４５號十二樓,12.0,-4.0,1,22.65,840960,3.53,311615.0,25.057803,121.518402,雙連站出口1,223,有電梯_7樓以上
房地(土地+建物)+車位,承德路二段１４５號九樓之１,9.0,-4.0,1,21.78,824667,3.53,424929.0,25.057803,121.518402,雙連站出口1,223,有電梯_7樓以上
房地(土地+建物),指南路一段９６巷２５號九樓,9.0,-4.0,1,12.41,666958,0.0,,24.98725,121.571696,木柵站出口,1227,有電梯_7樓以上
房地(土地+建物)+車位,承德路二段１４５號八樓之１,8.0,-4.0,1,21.78,831790,3.53,368272.0,25.057803,121.518402,雙連站出口1,223,有電梯_7樓以上
房地(土地+建物),承德路二段１４５號十樓之１,10.0,-4.0,1,18.25,848369,0.0,,25.057803,121.518402,雙連站出口1,223,有電梯_7樓以上
房地(土地+建物),指南路一段９６巷２５號八樓,8.0,-4.0,1,12.41,640376,0.0,,24.98725,121.571696,木柵站出口,1227,有電梯_7樓以上
房地(土地+建物)+車位,吳興街６００巷３６號十三樓,13.0,-4.0,1,65.91,812222,22.33,232871.0,25.020992,121.569052,麟光站出口,1087,有電梯_7樓以上
房地(土地+建物)+車位,吳興街６００巷３６號九樓,9.0,-4.0,1,54.75,803044,11.17,250671.0,25.020992,121.569052,麟光站出口,1087,有電梯_7樓以上
房地(土地+建物)+車位,吳興街６００巷３２號八樓,8.0,-4.0,1,54.53,798259,11.17,250671.0,25.021004,121.569148,麟光站出口,1097,有電梯_7樓以上
房地(土地+建物)+車位,吳興街６００巷３６號十樓,10.0,-4.0,1,54.75,819335,11.17,241719.0,25.020992,121.569052,麟光站出口,1087,有電梯_7樓以上
房地(土地+建物)+車位,吳興街６００巷２２號八樓,8.0,-4.0,1,47.45,778287,11.17,250671.0,25.02115,121.569248,麟光站出口,1110,有電梯_7樓以上
房地(土地+建物)+車位,吳興街６００巷２２號十樓,10.0,-4.0,1,47.45,788208,11.17,250671.0,25.02115,121.569248,麟光站出口,1110,有電梯_7樓以上
房地(土地+建物)+車位,吳興街６００巷３６號八樓,8.0,-4.0,1,54.75,798456,11.17,250671.0,25.020992,121.569052,麟光站出口,1087,有電梯_7樓以上
房地(土地+建物)+車位,吳興街６００巷２２號十三樓,13.0,-4.0,1,47.47,792839,11.17,232766.0,25.02115,121.569248,麟光站出口,1110,有電梯_7樓以上
房地(土地+建物)+車位,吳興街６００巷３２號十一樓,11.0,-4.0,1,65.7,784018,22.33,250784.0,25.021004,121.569148,麟光站出口,1097,有電梯_7樓以上
房地(土地+建物)+車位,吳興街６００巷３６號十二樓,12.0,-4.0,1,54.75,793867,11.17,223814.0,25.020992,121.569052,麟光站出口,1087,有電梯_7樓以上
房地(土地+建物)+車位,吳興街６００巷２２號十二樓,12.0,-4.0,1,47.47,782370,11.17,223814.0,25.02115,121.569248,麟光站出口,1110,有電梯_7樓以上
房地(土地+建物)+車位,吳興街６００巷３２號十三樓,13.0,-4.0,1,65.7,799699,22.33,232871.0,25.021004,121.569148,麟光站出口,1097,有電梯_7樓以上
房地(土地+建物)+車位,吳興街６００巷２２號十一樓,11.0,-4.0,1,47.45,773877,11.17,232766.0,25.02115,121.569248,麟光站出口,1110,有電梯_7樓以上
房地(土地+建物)+車位,吳興街６００巷２８號十二樓,12.0,-4.0,1,45.46,816460,11.17,250671.0,25.021111,121.569044,麟光站出口,1089,有電梯_7樓以上
房地(土地+建物)+車位,吳興街６００巷２８號十三樓,13.0,-4.0,1,45.46,822292,11.17,250671.0,25.021111,121.569044,麟光站出口,1089,有電梯_7樓以上
房地(土地+建物)+車位,吳興街６００巷２８號九樓,9.0,-4.0,1,45.46,786718,11.17,241719.0,25.021111,121.569044,麟光站出口,1089,有電梯_7樓以上
房地(土地+建物)+車位,吳興街６００巷３０號十三樓,13.0,-4.0,1,31.8,801374,11.17,232766.0,25.021016,121.569256,麟光站出口,1107,有電梯_7樓以上
房地(土地+建物)+車位,吳興街６００巷２６號十三樓,13.0,-4.0,1,31.73,785958,11.17,223814.0,25.021135,121.569146,麟光站出口,1100,有電梯_7樓以上
房地(土地+建物)+車位,吳興街６００巷２８號十樓,10.0,-4.0,1,45.46,777679,11.17,241719.0,25.021111,121.569044,麟光站出口,1089,有電梯_7樓以上
房地(土地+建物)+車位,吳興街６００巷３２號十樓,10.0,-4.0,1,54.53,786269,11.17,250671.0,25.021004,121.569148,麟光站出口,1097,有電梯_7樓以上
房地(土地+建物)+車位,吳興街６００巷３６號十一樓,11.0,-4.0,1,65.91,789278,22.33,250784.0,25.020992,121.569052,麟光站出口,1087,有電梯_7樓以上
房地(土地+建物)+車位,吳興街６００巷２８號十一樓,11.0,-4.0,1,45.46,804214,11.17,232766.0,25.021111,121.569044,麟光站出口,1089,有電梯_7樓以上
房地(土地+建物)+車位,吳興街６００巷３０號八樓,8.0,-4.0,1,31.8,788777,11.17,232766.0,25.021016,121.569256,麟光站出口,1107,有電梯_7樓以上
房地(土地+建物)+車位,吳興街６００巷３０號十樓,10.0,-4.0,1,31.8,786355,11.17,250671.0,25.021016,121.569256,麟光站出口,1107,有電梯_7樓以上
房地(土地+建物)+車位,吳興街６００巷２２號九樓,9.0,-4.0,1,47.45,778011,11.17,250671.0,25.02115,121.569248,麟光站出口,1110,有電梯_7樓以上
房地(土地+建物)+車位,吳興街６００巷２６號十二樓,12.0,-4.0,1,31.73,813194,11.17,250671.0,25.021135,121.569146,麟光站出口,1100,有電梯_7樓以上
房地(土地+建物)+車位,天玉街２７巷２１號十三樓,13.0,-4.0,1,55.35,950554,13.26,188537.0,25.121449,121.52805,石牌站出口1,1476,有電梯_7樓以上
房地(土地+建物)+車位,吳興街６００巷２８號八樓,8.0,-4.0,1,45.46,781469,11.17,241719.0,25.021111,121.569044,麟光站出口,1089,有電梯_7樓以上
房地(土地+建物),吳興街６００巷２６號八樓,8.0,-4.0,1,20.56,765905,0.0,,25.021135,121.569146,麟光站出口,1100,有電梯_7樓以上
房地(土地+建物),吳興街６００巷２６號十一樓,11.0,-4.0,1,20.56,792650,0.0,,25.021135,121.569146,麟光站出口,1100,有電梯_7樓以上
房地(土地+建物),吳興街６００巷２６號十樓,10.0,-4.0,1,20.56,787788,0.0,,25.021135,121.569146,麟光站出口,1100,有電梯_7樓以上
房地(土地+建物)+車位,吳興街６００巷２６號九樓,9.0,-4.0,1,31.73,775744,11.17,241719.0,25.021135,121.569146,麟光站出口,1100,有電梯_7樓以上
房地(土地+建物)+車位,向陽路１２０巷２弄２７號十樓,10.0,1.0,1,45.28,1090631,11.35,264317.0,25.054849,121.597296,昆陽站出口4,592,有電梯_7樓以上
房地(土地+建物),天母東路１０５巷９弄６號十二樓,12.0,1.0,1,28.15,994149,0.0,,25.119089,121.536274,明德站出口2,2035,有電梯_7樓以上
房地(土地+建物)+車位,舊莊街一段８５號十四樓之９,14.0,1.0,1,42.69,869004,10.79,259500.0,25.040853,121.61914,南港展覽館站出口7,1469,有電梯_7樓以上
房地(土地+建物),舊莊街一段８５號十四樓之８,14.0,1.0,1,18.83,849817,0.0,,25.040853,121.61914,南港展覽館站出口7,1469,有電梯_7樓以上
房地(土地+建物),建國南路一段３０８號十三樓之５,13.0,7.0,1,12.19,1517170,0.0,,25.035567,121.537427,大安森林公園站出口6,259,有電梯_7樓以上
房地(土地+建物)+車位,瑞安街８１巷１２弄１６號八樓,8.0,16.0,1,78.89,1446819,26.37,303375.0,25.027292,121.541037,科技大樓站出口,291,有電梯_7樓以上
房地(土地+建物)+車位,經貿二路１５７巷５６號十八樓,18.0,13.0,1,97.26,990098,13.65,424908.0,25.060922,121.617035,南港軟體園區站出口2,114,有電梯_7樓以上
房地(土地+建物)+車位,八德路四段２４５巷１８號十二樓之１,12.0,23.0,1,29.75,1185532,10.77,297122.0,25.049656,121.564595,南京三民站出口3,186,有電梯_7樓以上
房地(土地+建物)+車位,新生北路二段７號十五樓,15.0,11.0,1,149.51,1442416,32.33,0.0,25.052774,121.527866,松江南京站出口1,467,有電梯_7樓以上
房地(土地+建物)+車位,中山北路五段７４６號十一樓之３,11.0,1.0,1,47.2,1077255,13.97,214746.0,25.099197,121.527344,芝山站出口1,570,有電梯_7樓以上
房地(土地+建物)+車位,民權東路六段４５１號十三樓之２,13.0,17.0,1,72.59,954730,6.61,0.0,25.071885,121.604489,葫洲站出口2,282,有電梯_7樓以上
房地(土地+建物)+車位,向陽路１２０巷２弄３３號十樓,10.0,1.0,1,45.28,1087093,11.35,264317.0,25.054823,121.597516,昆陽站出口4,603,有電梯_7樓以上
房地(土地+建物),建國北路二段６５號十樓,10.0,36.0,1,72.34,732685,0.0,,25.0559,121.537258,行天宮站出口1,490,有電梯_7樓以上
房地(土地+建物)+車位,星雲街１５０巷４６號十樓之３,10.0,26.0,1,21.8,954803,4.31,371230.0,25.079512,121.597442,內湖站出口2,540,有電梯_7樓以上
房地(土地+建物)+車位,重陽路１９號十一樓,11.0,3.0,1,23.88,1018530,8.09,370828.0,25.055311,121.595164,昆陽站出口4,545,有電梯_7樓以上
房地(土地+建物)+車位,雙連街７９號八樓之１,8.0,8.0,1,52.83,1262297,10.84,0.0,25.059914,121.519733,民權西路站出口3,199,有電梯_7樓以上
房地(土地+建物),復興南路二段１７１巷３６號十一樓,11.0,40.0,1,39.1,890001,0.0,,25.027509,121.545039,科技大樓站出口,207,有電梯_7樓以上
房地(土地+建物)+車位,後港街１５０號八樓,8.0,28.0,1,63.66,628328,0.0,,25.087288,121.520927,劍潭站出口1,496,有電梯_7樓以上
房地(土地+建物)+車位,南京東路三段４８巷３８號十三樓之１,13.0,21.0,1,66.49,1264164,9.53,0.0,25.050651,121.538303,南京復興站出口2,379,有電梯_7樓以上
房地(土地+建物)+車位,天玉街１３之２號八樓,8.0,18.0,1,87.33,919965,19.94,300903.0,25.120411,121.527403,石牌站出口2,1359,有電梯_7樓以上
房地(土地+建物)+車位,石牌路二段３６３號十三樓之１,13.0,1.0,1,49.97,1013800,11.35,268722.0,25.123951,121.525611,石牌站出口1,1444,有電梯_7樓以上
房地(土地+建物)+車位,石牌路二段３６３號十三樓,13.0,1.0,1,49.65,998630,11.35,273128.0,25.123951,121.525611,石牌站出口1,1444,有電梯_7樓以上
房地(土地+建物),寧波東街１２號八樓之１,8.0,40.0,1,36.27,1219925,0.0,,25.03234,121.520037,中正紀念堂站出口3,105,有電梯_7樓以上
房地(土地+建物)+車位,政大二街２１５巷１０號八樓,8.0,22.0,1,41.31,472014,0.0,,24.988823,121.587512,動物園站出口1,1301,有電梯_7樓以上
房地(土地+建物)+車位,環河南路一段１０１號十二樓,12.0,11.0,1,129.81,635370,44.03,227118.0,25.04347,121.5009,西門站出口6,682,有電梯_7樓以上
房地(土地+建物)+車位,建國北路二段６０號九樓,9.0,3.0,1,93.98,962934,0.0,,25.054217,121.536441,松江南京站出口6,347,有電梯_7樓以上
房地(土地+建物),松江路３３０巷５３號九樓之３,9.0,18.0,1,25.44,884427,0.0,,25.061251,121.531227,行天宮站出口4,203,有電梯_7樓以上
房地(土地+建物),健康路１６２之２號十樓,10.0,39.0,1,38.28,835983,0.0,,25.053648,121.557785,台北小巨蛋站出口4,546,有電梯_7樓以上
房地(土地+建物)+車位,康寧路三段５６巷１４８號九樓,9.0,17.0,1,86.05,920548,27.39,182548.0,25.06758,121.60882,東湖站出口1,214,有電梯_7樓以上
房地(土地+建物)+車位,文德路６６巷１４弄２０號十樓,10.0,31.0,1,26.21,1035865,11.72,255973.0,25.07729,121.580821,文德站出口2,398,有電梯_7樓以上
房地(土地+建物)+車位,興隆路三段１３７號九樓之１４,9.0,17.0,1,20.29,1017005,10.75,232558.0,24.998332,121.55878,萬芳醫院站出口,157,有電梯_7樓以上
房地(土地+建物),興南街６４巷２６弄５號十二樓,12.0,1.0,1,17.72,1065619,0.0,,25.055065,121.6017,南港站出口1,586,有電梯_7樓以上
房地(土地+建物)+車位,敦化南路一段８８號十四樓之２,14.0,39.0,1,69.08,1227796,15.08,232095.0,25.046818,121.5485,忠孝敦化站出口8,548,有電梯_7樓以上
房地(土地+建物)+車位,德行東路３３１巷３０號十二樓,12.0,22.0,1,79.62,861695,12.31,0.0,25.111616,121.538193,芝山站出口2,1816,有電梯_7樓以上
房地(土地+建物)+車位,民權東路六段１２５號八樓,8.0,16.0,1,98.81,897136,21.67,0.0,25.069105,121.593078,文德站出口1,1301,有電梯_7樓以上
房地(土地+建物)+車位,辛亥路一段８９號十八樓之３,18.0,34.0,1,50.77,980728,9.99,350350.0,25.021722,121.530999,台電大樓站出口2,257,有電梯_7樓以上
房地(土地+建物),國興路２１號八樓之２,8.0,38.0,1,27.15,702701,0.0,,25.026915,121.5053,龍山寺站出口3,1016,有電梯_7樓以上
房地(土地+建物)+車位,松德路２０號十二樓,12.0,34.0,1,37.44,800785,4.13,484262.0,25.039319,121.577174,永春站出口4,165,有電梯_7樓以上
房地(土地+建物),中華路二段４３４號九樓之１,9.0,34.0,1,46.29,583337,0.0,,25.027154,121.506505,小南門站出口2,1013,有電梯_7樓以上
房地(土地+建物)+車位,興隆路二段２２巷９弄２２號十一樓,11.0,33.0,1,56.59,480283,0.0,,24.99755,121.546857,景美站出口2,733,有電梯_7樓以上
房地(土地+建物)+車位,金龍路２２２巷６號十樓之１,10.0,31.0,1,40.12,808025,9.18,272331.0,25.087863,121.586189,內湖站出口1,933,有電梯_7樓以上
房地(土地+建物),南京東路四段１５８巷９號八樓之３,8.0,1.0,1,15.7,1387018,0.0,,25.050448,121.556312,台北小巨蛋站出口4,364,有電梯_7樓以上
房地(土地+建物)+車位,木柵路二段５７號十一樓之２,11.0,28.0,1,31.05,466321,0.0,,24.988877,121.560376,萬芳醫院站出口,1198,有電梯_7樓以上
房地(土地+建物)+車位,民權東路六段１８０巷１５６號十一樓之１,11.0,14.0,1,52.08,824484,11.32,220848.0,25.065291,121.591779,文德站出口1,1611,有電梯_7樓以上
房地(土地+建物)+車位,民權東路六段４５１號十三樓之３,13.0,17.0,1,83.77,913595,6.61,378215.0,25.071885,121.604489,葫洲站出口2,282,有電梯_7樓以上
房地(土地+建物),廣州街８巷１１號八樓,8.0,33.0,1,45.43,871300,0.0,,25.034515,121.508146,小南門站出口2,220,有電梯_7樓以上
房地(土地+建物),四維路１９８巷２０弄４號九樓,9.0,40.0,1,30.54,883989,0.0,,25.026767,121.545966,科技大樓站出口,244,有電梯_7樓以上
房地(土地+建物)+車位,木柵路四段１５９巷１６弄６９號十二樓,12.0,32.0,1,58.49,406898,0.0,,25.003924,121.57605,木柵站出口,692,有電梯_7樓以上
房地(土地+建物)+車位,萬大路４２３巷４２號十三樓,13.0,17.0,1,57.26,649632,0.0,,25.021505,121.501104,龍山寺站出口2,1518,有電梯_7樓以上
房地(土地+建物)+車位,臥龍街２６８號十二樓之６,12.0,1.0,1,46.84,1033413,11.52,286458.0,25.017348,121.558081,麟光站出口,144,有電梯_7樓以上
房地(土地+建物)+車位,樟新街３６號九樓之３,9.0,30.0,1,59.29,394354,0.0,,24.97842,121.555327,七張站出口2,1290,有電梯_7樓以上
房地(土地+建物)+車位,三民路２９巷３號十一樓之３,11.0,21.0,1,63.31,912922,0.0,,25.054554,121.563215,南京三民站出口1,325,有電梯_7樓以上
房地(土地+建物)+車位,文湖街３５號十五樓,15.0,14.0,1,95.01,915555,16.37,366524.0,25.086711,121.561465,劍南路站出口3,605,有電梯_7樓以上
房地(土地+建物)+車位,大同街２２號八樓,8.0,1.0,1,49.38,1048277,10.37,318226.0,25.133179,121.499254,北投站出口1,148,有電梯_7樓以上
房地(土地+建物),中正路６７５號八樓,8.0,42.0,1,34.2,461980,0.0,,25.085714,121.507278,劍潭站出口2,1780,有電梯_7樓以上
房地(土地+建物)+車位,金龍路２２２巷８號八樓之３,8.0,32.0,1,34.1,842700,9.18,272331.0,25.087891,121.585981,內湖站出口1,953,有電梯_7樓以上
房地(土地+建物),福德街４０５號九樓,9.0,27.0,1,38.86,676857,0.0,,25.040372,121.591808,後山埤站出口3,1015,有電梯_7樓以上
房地(土地+建物)+車位,松河街４８２號九樓,9.0,17.0,1,81.46,792358,27.19,183891.0,25.058846,121.594546,昆陽站出口3,922,有電梯_7樓以上
房地(土地+建物),建國北路二段１４３號十二樓,12.0,39.0,1,48.76,750617,0.0,,25.060953,121.537706,行天宮站出口3,451,有電梯_7樓以上
房地(土地+建物)+車位,木新路三段９５巷４２號十六樓之２,16.0,18.0,1,62.3,704415,11.91,209908.0,24.981062,121.562483,大坪林站出口5,1953,有電梯_7樓以上
房地(土地+建物)+車位,內湖路二段３５０之３號十樓,10.0,11.0,1,58.37,1030671,12.57,222753.0,25.081957,121.590293,內湖站出口1,447,有電梯_7樓以上
房地(土地+建物)+車位,興南街８９號十八樓,18.0,1.0,1,46.9,1048300,7.12,491573.0,25.055429,121.599381,昆陽站出口4,780,有電梯_7樓以上
房地(土地+建物),大安路二段６６號十一樓之２,11.0,16.0,1,12.42,1324409,0.0,,25.03224,121.545854,大安站出口4,213,有電梯_7樓以上
房地(土地+建物)+車位,環河北路三段２０３號十樓之１,10.0,13.0,1,51.77,662625,12.23,0.0,25.087978,121.504215,三重國小站出口,2070,有電梯_7樓以上
房地(土地+建物)+車位,福興路１０６巷１３號十三樓,13.0,15.0,1,35.51,627682,14.24,175562.0,25.006699,121.549509,辛亥站出口,777,有電梯_7樓以上
房地(土地+建物),福興路１０６巷１５號十三樓,13.0,15.0,1,21.57,650585,0.0,,25.006721,121.549584,辛亥站出口,770,有電梯_7樓以上
房地(土地+建物),健康路１５巷５８號十樓,10.0,24.0,1,36.84,865259,0.0,,25.055751,121.553231,台北小巨蛋站出口5,451,有電梯_7樓以上
房地(土地+建物)+車位,大度路三段１８７號十樓之１,10.0,23.0,1,45.68,633810,11.6,215517.0,25.12251,121.469185,關渡站出口1,381,有電梯_7樓以上
房地(土地+建物)+車位,民權東路六段４６７號八樓之２,8.0,17.0,1,90.82,825787,0.0,,25.072294,121.604761,葫洲站出口2,247,有電梯_7樓以上
房地(土地+建物),德昌街１４號八樓,8.0,26.0,1,37.32,643046,0.0,,25.025403,121.499554,龍山寺站出口2,1080,有電梯_7樓以上
房地(土地+建物)+車位,新富街１３７號十二樓,12.0,12.0,1,78.34,1008959,12.73,219953.0,25.060351,121.586112,昆陽站出口2,1297,有電梯_7樓以上
房地(土地+建物)+車位,民權東路六段１８０巷１５２號十樓之２,10.0,14.0,1,52.34,812079,11.97,233918.0,25.065184,121.591969,文德站出口1,1630,有電梯_7樓以上
房地(土地+建物)+車位,承德路七段１１０號九樓,9.0,29.0,1,56.43,567031,0.0,,25.11225,121.509929,石牌站出口1,615,有電梯_7樓以上
房地(土地+建物)+車位,重慶南路三段４１號十六樓,16.0,4.0,1,91.43,1511151,23.35,289079.0,25.027876,121.516179,中正紀念堂站出口2,546,有電梯_7樓以上
房地(土地+建物)+車位,重慶南路三段４３號十六樓,16.0,4.0,1,75.21,1510452,11.85,299578.0,25.027784,121.516205,中正紀念堂站出口2,554,有電梯_7樓以上
房地(土地+建物),信義路五段１５０巷４９９號九樓之５,9.0,29.0,1,16.48,679729,0.0,,25.021286,121.573541,象山站出口2,1286,有電梯_7樓以上
房地(土地+建物)+車位,清江路１７７巷２０號十樓,10.0,24.0,1,44.89,864033,10.17,245821.0,25.12798,121.502617,奇岩站出口1,264,有電梯_7樓以上
房地(土地+建物),大業路３８８號八樓,8.0,1.0,1,20.3,1058917,0.0,,25.129798,121.497363,北投站出口2,229,有電梯_7樓以上
房地(土地+建物)+車位,敦煌路８０巷１號十二樓之１,12.0,18.0,1,37.07,1049518,10.87,0.0,25.075045,121.517726,圓山站出口2,436,有電梯_7樓以上
房地(土地+建物)+車位,逸仙路３６號九樓,9.0,40.0,1,87.11,1147963,0.0,,25.039919,121.561666,國父紀念館站出口4,344,有電梯_7樓以上
房地(土地+建物)+車位,敦化南路二段９８號十一樓,11.0,39.0,1,73.44,1166877,18.27,301040.0,25.027988,121.548387,科技大樓站出口,520,有電梯_7樓以上
房地(土地+建物),國興路４４號九樓,9.0,46.0,1,13.94,789143,0.0,,25.024902,121.507784,小南門站出口3,1201,有電梯_7樓以上
房地(土地+建物)+車位,松江路３８巷２１號十樓,10.0,6.0,1,81.89,1219979,18.67,412426.0,25.047651,121.531094,松江南京站出口3,422,有電梯_7樓以上
房地(土地+建物)+車位,經貿二路１５７巷４８號十八樓,18.0,13.0,1,105.95,990047,13.65,439560.0,25.060672,121.616897,南港軟體園區站出口2,83,有電梯_7樓以上
房地(土地+建物)+車位,基隆路二段２４８號十一樓,11.0,13.0,1,122.83,886429,0.0,,25.022787,121.550474,六張犁站出口,257,有電梯_7樓以上
房地(土地+建物),敦化南路二段４６號九樓之６,9.0,50.0,1,12.79,1000807,0.0,,25.031308,121.548271,信義安和站出口2,452,有電梯_7樓以上
房地(土地+建物)+車位,金龍路２２２巷１２號十樓之３,10.0,31.0,1,28.69,891933,9.18,0.0,25.08794,121.585659,內湖站出口1,984,有電梯_7樓以上
房地(土地+建物)+車位,松高路９０之２號十四樓,14.0,27.0,1,122.1,1189180,0.0,,25.038914,121.571557,永春站出口1,427,有電梯_7樓以上
房地(土地+建物),中正路６０１號八樓之２,8.0,45.0,1,12.28,732811,0.0,,25.086441,121.509984,劍潭站出口3,1527,有電梯_7樓以上
房地(土地+建物)+車位,木新路三段９５巷４２號十六樓之３,16.0,18.0,1,80.04,705195,23.81,218396.0,24.981062,121.562483,大坪林站出口5,1953,有電梯_7樓以上
房地(土地+建物)+車位,建國北路三段７１號十二樓之８,12.0,10.0,1,29.46,934971,2.51,717131.0,25.065123,121.537204,行天宮站出口4,678,有電梯_7樓以上
房地(土地+建物)+車位,南京東路四段１２０巷２８號十二樓,12.0,1.0,1,55.79,1071218,0.0,,25.049937,121.554929,台北小巨蛋站出口4,271,有電梯_7樓以上
房地(土地+建物)+車位,經貿二路２３５巷５３號十一樓,11.0,15.0,1,53.89,1107040,10.19,245339.0,25.061776,121.616061,南港軟體園區站出口1,156,有電梯_7樓以上
房地(土地+建物)+車位,三民路４３巷１１號十三樓之３,13.0,21.0,1,73.0,799976,0.0,,25.05572,121.561754,南京三民站出口1,477,有電梯_7樓以上
房地(土地+建物)+車位,基河路３１６號十三樓,13.0,1.0,1,34.77,888792,0.0,,25.093944,121.518867,士林站出口1,715,有電梯_7樓以上
房地(土地+建物)+車位,安康路２６９號八樓之１,8.0,11.0,1,24.09,895780,2.45,0.0,25.06643,121.614338,東湖站出口3,249,有電梯_7樓以上
房地(土地+建物)+車位,康樂街１３６巷１８弄３５號九樓,9.0,12.0,1,37.86,802769,5.02,398406.0,25.07125,121.618071,東湖站出口3,771,有電梯_7樓以上
房地(土地+建物),幽雅路７號十一樓,11.0,16.0,1,17.68,515717,0.0,,25.137316,121.513129,新北投站出口1,968,有電梯_7樓以上
房地(土地+建物)+車位,敦化南路二段１８０號十六樓之１,16.0,36.0,1,68.53,987229,10.41,336215.0,25.023705,121.548312,六張犁站出口,446,有電梯_7樓以上
房地(土地+建物),金湖路３７２號八樓,8.0,26.0,1,9.01,1109326,0.0,,25.073617,121.604526,葫洲站出口2,295,有電梯_7樓以上
房地(土地+建物),忠誠路一段１７１巷１２弄７號十二樓,12.0,15.0,1,62.43,897007,0.0,,25.106023,121.530769,芝山站出口2,883,有電梯_7樓以上
房地(土地+建物)+車位,羅斯福路六段１４２巷２０弄９號十樓,10.0,29.0,1,45.87,640534,0.0,,24.997445,121.539367,萬隆站出口1,439,有電梯_7樓以上
房地(土地+建物),民權東路三段１２５巷２號十樓之２,10.0,40.0,1,40.37,723281,0.0,,25.062386,121.545862,中山國中站出口,257,有電梯_7樓以上
房地(土地+建物)+車位,中山北路七段８１巷１６弄１６號十樓,10.0,1.0,1,38.28,1036593,11.75,255319.0,25.122831,121.530066,石牌站出口1,1729,有電梯_7樓以上
房地(土地+建物),建國北路二段３４號十四樓,14.0,42.0,1,27.98,889072,0.0,,25.053416,121.536433,松江南京站出口5,292,有電梯_7樓以上
房地(土地+建物)+車位,基隆路二段２４６號十一樓,11.0,13.0,1,92.5,772962,0.0,,25.022829,121.550533,六張犁站出口,250,有電梯_7樓以上
房地(土地+建物)+車位,中山北路五段７４６號十二樓之３,12.0,1.0,1,47.2,1112763,13.97,214746.0,25.099197,121.527344,芝山站出口1,570,有電梯_7樓以上
房地(土地+建物)+車位,中華路二段４１６巷８２號八樓之１,8.0,13.0,1,55.28,672990,0.0,,25.026969,121.503444,龍山寺站出口3,958,有電梯_7樓以上
房地(土地+建物)+車位,南京東路三段４８巷３８號九樓之１,9.0,21.0,1,76.9,1183336,19.94,381143.0,25.050651,121.538303,南京復興站出口2,379,有電梯_7樓以上
房地(土地+建物)+車位,德行東路３３１巷８號十一樓,11.0,22.0,1,88.32,895733,23.01,260756.0,25.110665,121.537705,芝山站出口2,1724,有電梯_7樓以上
房地(土地+建物),承德路四段２９４之１號十一樓,11.0,37.0,1,38.82,682589,0.0,,25.089664,121.519163,劍潭站出口1,795,有電梯_7樓以上
房地(土地+建物),忠孝東路五段２３６巷５５號九樓之３,9.0,28.0,1,11.86,1483475,0.0,,25.037506,121.571994,永春站出口2,493,有電梯_7樓以上
房地(土地+建物)+車位,文湖街２１巷１１２弄１７號十樓,10.0,24.0,1,43.38,503937,0.0,,25.091215,121.560416,劍南路站出口1,816,有電梯_7樓以上
房地(土地+建物)+車位,康樂街１３６巷１８弄３７號十樓,10.0,12.0,1,40.61,832544,6.16,357143.0,25.071248,121.617989,東湖站出口3,765,有電梯_7樓以上
房地(土地+建物),復興南路二段１７１巷１８號九樓,9.0,40.0,1,39.05,832273,0.0,,25.027475,121.544608,科技大樓站出口,177,有電梯_7樓以上
建物,成都路６７號十樓之７,10.0,30.0,1,7.57,409754,0.0,,25.042912,121.505693,西門站出口6,196,有電梯_7樓以上
房地(土地+建物)+車位,文湖街２１巷９１弄９號十樓,10.0,7.0,1,31.9,732465,2.0,1050000.0,25.091018,121.558943,劍南路站出口1,714,有電梯_7樓以上
房地(土地+建物)+車位,向陽路１９６巷８號十一樓之１,11.0,16.0,1,41.45,973771,13.62,183554.0,25.056383,121.594046,昆陽站出口3,645,有電梯_7樓以上
房地(土地+建物)+車位,南京東路六段２５９號十四樓之２,14.0,12.0,1,202.54,994966,46.75,0.0,25.058531,121.582838,松山站出口5,1022,有電梯_7樓以上
房地(土地+建物),福德街３７３巷１５號十八樓之１,18.0,27.0,1,38.71,601382,0.0,,25.039907,121.591339,後山埤站出口3,1005,有電梯_7樓以上
房地(土地+建物)+車位,天母北路５６號十六樓,16.0,5.0,1,78.98,1076890,23.47,281210.0,25.121533,121.52636,石牌站出口1,1336,有電梯_7樓以上
房地(土地+建物),行善路２７號九樓,9.0,27.0,1,38.66,651897,0.0,,25.056382,121.575778,松山站出口5,678,有電梯_7樓以上
房地(土地+建物)+車位,臥龍街２６８號十樓之５,10.0,1.0,1,47.16,1346897,11.52,0.0,25.017348,121.558081,麟光站出口,144,有電梯_7樓以上
房地(土地+建物)+車位,文德路７３號十三樓之１,13.0,17.0,1,94.49,1018908,23.82,251889.0,25.078656,121.582246,文德站出口2,239,有電梯_7樓以上
房地(土地+建物),羅斯福路三段１７７號十五樓之２,15.0,20.0,1,12.86,1219642,0.0,,25.021249,121.527878,台電大樓站出口3,8,有電梯_7樓以上
房地(土地+建物),和平西路三段３８４號八樓之８,8.0,44.0,1,11.89,542691,0.0,,25.035338,121.491277,龍山寺站出口1,832,有電梯_7樓以上
房地(土地+建物)+車位,民權東路六段１８０巷１５８號十樓之３,10.0,14.0,1,74.32,697729,11.97,208855.0,25.065421,121.591536,文德站出口1,1589,有電梯_7樓以上
房地(土地+建物),松江路２５巷５號十樓之７,10.0,16.0,1,11.69,1079128,0.0,,25.047379,121.533775,松江南京站出口3,422,有電梯_7樓以上
房地(土地+建物)+車位,基河路３０６號十一樓,11.0,1.0,1,35.31,1250587,9.66,331263.0,25.094028,121.519001,士林站出口1,701,有電梯_7樓以上
房地(土地+建物),健康路３３號八樓,8.0,28.0,1,47.68,828440,0.0,,25.053663,121.554013,台北小巨蛋站出口4,262,有電梯_7樓以上
房地(土地+建物),仙岩路２２巷９號十四樓之３,14.0,30.0,1,44.17,645176,0.0,,24.998607,121.549464,萬芳醫院站出口,838,有電梯_7樓以上
房地(土地+建物)+車位,辛亥路六段３５號十四樓之３,14.0,17.0,1,40.03,780415,13.15,190114.0,24.989296,121.553286,萬芳醫院站出口,1208,有電梯_7樓以上
房地(土地+建物)+車位,星雲街１５０巷４６號十三樓之１,13.0,26.0,1,30.23,1003275,4.31,348028.0,25.079512,121.597442,內湖站出口2,540,有電梯_7樓以上
房地(土地+建物)+車位,仙岩路１６巷７９號十一樓,11.0,27.0,1,57.0,588607,11.13,179695.0,24.99632,121.550423,萬芳醫院站出口,812,有電梯_7樓以上
房地(土地+建物)+車位,文林北路７５巷７１號十二樓,12.0,8.0,1,57.84,974930,13.04,230061.0,25.103164,121.517268,芝山站出口2,516,有電梯_7樓以上
房地(土地+建物),建國南路二段１９５號十樓,10.0,40.0,1,43.16,1054201,0.0,,25.027323,121.538074,科技大樓站出口,575,有電梯_7樓以上
房地(土地+建物)+車位,和平東路四段６６巷３９號十樓,10.0,28.0,1,74.84,480998,0.0,,25.005505,121.565006,辛亥站出口,806,有電梯_7樓以上
房地(土地+建物),福興路６３巷４弄１１之１２號八樓,8.0,28.0,1,21.77,620553,0.0,,25.003978,121.549338,辛亥站出口,785,有電梯_7樓以上
房地(土地+建物)+車位,福興路６３巷４弄１１之１３號八樓,8.0,28.0,1,29.92,451245,0.0,,25.004194,121.549104,辛亥站出口,804,有電梯_7樓以上
房地(土地+建物),和平西路三段３８４號八樓之２０,8.0,44.0,1,11.22,508035,0.0,,25.035338,121.491277,龍山寺站出口1,832,有電梯_7樓以上
房地(土地+建物),經貿二路１５７巷３６弄９３號九樓,9.0,20.0,1,21.04,779986,0.0,,25.061856,121.615098,南港軟體園區站出口1,181,有電梯_7樓以上
房地(土地+建物),中華路二段４１６巷１１號九樓之２,9.0,38.0,1,26.96,634302,0.0,,25.026626,121.504186,龍山寺站出口3,1012,有電梯_7樓以上
房地(土地+建物),興隆路四段１３９號十四樓,14.0,30.0,1,34.22,613644,0.0,,24.985264,121.561599,萬芳醫院站出口,1617,有電梯_7樓以上
房地(土地+建物)+車位,環山路一段２８號十五樓之２,15.0,16.0,1,143.88,1119808,37.79,317544.0,25.085104,121.564969,西湖站出口1,351,有電梯_7樓以上
房地(土地+建物)+車位,信義路六段１５巷１８弄１０號十一樓,11.0,31.0,1,54.76,929905,11.53,329575.0,25.035345,121.575601,象山站出口3,567,有電梯_7樓以上
房地(土地+建物)+車位,指南路一段５５號十一樓,11.0,19.0,1,62.83,637986,10.35,241546.0,24.987833,121.570872,木柵站出口,1178,有電梯_7樓以上
房地(土地+建物)+車位,康寧路三段７０巷１８號八樓之３,8.0,17.0,1,72.63,817876,0.0,,25.069588,121.610755,東湖站出口1,267,有電梯_7樓以上
房地(土地+建物),青年路５６號九樓之１,9.0,43.0,1,14.18,712212,0.0,,25.025169,121.502793,龍山寺站出口2,1146,有電梯_7樓以上
房地(土地+建物),明水路５５５號十二樓之３６,12.0,29.0,1,12.93,1020735,0.0,,25.079106,121.552099,大直站出口3,514,有電梯_7樓以上
房地(土地+建物)+車位,文湖街２１巷１１２弄１７號八樓,8.0,24.0,1,50.03,493300,0.0,,25.091215,121.560416,劍南路站出口1,816,有電梯_7樓以上
房地(土地+建物),中華路二段５０４巷５１號八樓,8.0,46.0,1,19.08,759771,0.0,,25.02463,121.508099,小南門站出口3,1223,有電梯_7樓以上
房地(土地+建物)+車位,天母北路５６號二十二樓之１,22.0,5.0,1,37.18,1110183,11.73,323956.0,25.121533,121.52636,石牌站出口1,1336,有電梯_7樓以上
房地(土地+建物)+車位,天母北路５６號二十二樓之２,22.0,5.0,1,67.41,1110850,11.73,366581.0,25.121533,121.52636,石牌站出口1,1336,有電梯_7樓以上
房地(土地+建物),國興路４０號十樓,10.0,46.0,1,19.08,727284,0.0,,25.02485,121.507912,小南門站出口3,1204,有電梯_7樓以上
房地(土地+建物)+車位,汀州路四段２６７號十樓,10.0,15.0,1,54.35,721290,0.0,,25.001302,121.536021,萬隆站出口1,290,有電梯_7樓以上
房地(土地+建物)+車位,向陽路２５８巷２３號十四樓,14.0,19.0,1,55.12,931070,14.31,0.0,25.058644,121.593724,昆陽站出口3,895,有電梯_7樓以上
房地(土地+建物),星雲街１５０巷２２號九樓,9.0,30.0,1,26.84,924071,0.0,,25.079571,121.595686,內湖站出口2,465,有電梯_7樓以上
房地(土地+建物)+車位,汀州路四段２７５號十二樓,12.0,14.0,1,54.49,620340,0.0,,25.001324,121.535709,萬隆站出口1,321,有電梯_7樓以上
房地(土地+建物)+車位,民和街１００號十四樓之２,14.0,1.0,1,54.06,863354,10.3,271845.0,25.02569,121.497323,龍山寺站出口2,1077,有電梯_7樓以上
房地(土地+建物)+車位,後港街１５８之１號八樓,8.0,28.0,1,47.1,619929,0.0,,25.087463,121.521061,劍潭站出口1,495,有電梯_7樓以上
房地(土地+建物)+車位,天母北路５６號十六樓之２,16.0,5.0,1,67.41,1166168,11.73,251492.0,25.121533,121.52636,石牌站出口1,1336,有電梯_7樓以上
房地(土地+建物),安和路二段２１號十二樓之１,12.0,41.0,1,37.05,1214570,0.0,,25.032194,121.552614,信義安和站出口2A,73,有電梯_7樓以上
房地(土地+建物),民權東路三段１６０巷１號九樓之１１,9.0,45.0,1,19.63,950262,0.0,,25.061588,121.548046,松山機場站出口2,367,有電梯_7樓以上
房地(土地+建物)+車位,石牌路二段３６３號十二樓之２,12.0,0.0,1,50.04,1007942,11.35,290749.0,25.123951,121.525611,石牌站出口1,1444,有電梯_7樓以上
房地(土地+建物)+車位,育英街４５巷８號十二樓,12.0,14.0,1,56.63,960712,13.24,226586.0,24.991344,121.537995,景美站出口1,286,有電梯_7樓以上
房地(土地+建物)+車位,珠海路１３３巷１０號十一樓,11.0,17.0,1,64.71,471329,0.0,,25.142706,121.508056,新北投站出口1,784,有電梯_7樓以上
房地(土地+建物)+車位,興隆路二段２０３巷６０號十一樓,11.0,26.0,1,41.1,734988,10.93,228728.0,25.002598,121.547585,萬隆站出口2,818,有電梯_7樓以上
房地(土地+建物)+車位,興隆路四段２９巷４弄３號九樓之２,9.0,26.0,1,28.22,821079,4.47,402685.0,24.99084,121.560397,萬芳醫院站出口,987,有電梯_7樓以上
房地(土地+建物),萬大路２７７巷４６號九樓之２,9.0,43.0,1,18.26,711747,0.0,,25.02525,121.502522,龍山寺站出口2,1130,有電梯_7樓以上
房地(土地+建物)+車位,行善路４７號八樓,8.0,27.0,1,38.53,635829,0.0,,25.057109,121.57735,松山站出口5,730,有電梯_7樓以上
房地(土地+建物),辛亥路一段８６號九樓,9.0,46.0,1,39.55,851476,0.0,,25.021202,121.531566,台電大樓站出口2,273,有電梯_7樓以上
房地(土地+建物),辛亥路四段２１巷１６號十三樓,13.0,30.0,1,35.17,764318,0.0,,25.008957,121.559129,辛亥站出口,477,有電梯_7樓以上
房地(土地+建物)+車位,辛亥路六段３５號十二樓之１,12.0,17.0,1,51.02,746937,13.13,190404.0,24.989296,121.553286,萬芳醫院站出口,1208,有電梯_7樓以上
房地(土地+建物),康寧路三段１９０巷３５號九樓之９,9.0,17.0,1,16.73,930164,0.0,,25.068665,121.610794,東湖站出口1,164,有電梯_7樓以上
房地(土地+建物),和平東路三段１巷２６弄１號十五樓,15.0,40.0,1,31.4,875896,0.0,,25.026321,121.546301,科技大樓站出口,269,有電梯_7樓以上
房地(土地+建物),民權東路三段１４２號十樓之５,10.0,41.0,1,16.57,850129,0.0,,25.061723,121.546856,中山國中站出口,306,有電梯_7樓以上
房地(土地+建物)+車位,光輝路２１巷１１號九樓,9.0,15.0,1,61.06,757388,13.53,184775.0,24.986163,121.555479,大坪林站出口5,1290,有電梯_7樓以上
房地(土地+建物)+車位,中山北路六段４４１巷３０號九樓之１,9.0,1.0,1,101.83,1307455,31.84,329774.0,25.11709,121.526959,明德站出口2,1143,有電梯_7樓以上
房地(土地+建物),幽雅路７號十一樓之１１,11.0,16.0,1,17.51,550965,0.0,,25.137316,121.513129,新北投站出口1,968,有電梯_7樓以上
房地(土地+建物)+車位,萬壽路６１巷１１號十一樓,11.0,29.0,1,54.9,456516,12.51,143885.0,24.986644,121.588092,動物園站出口1,1534,有電梯_7樓以上
房地(土地+建物)+車位,和平東路三段５０７號九樓,9.0,23.0,1,61.45,966797,10.17,245821.0,25.017286,121.560181,麟光站出口,212,有電梯_7樓以上
房地(土地+建物)+車位,天母北路５６號八樓之３,8.0,5.0,1,61.35,927177,11.73,341006.0,25.121533,121.52636,石牌站出口1,1336,有電梯_7樓以上
房地(土地+建物)+車位,敦煌路８８巷６號十二樓,12.0,15.0,1,55.32,897034,13.31,0.0,25.075566,121.517035,圓山站出口2,523,有電梯_7樓以上
房地(土地+建物),星雲街１６８巷４３號二十樓之１,20.0,28.0,1,9.14,880887,0.0,,25.080177,121.59724,內湖站出口2,467,有電梯_7樓以上
房地(土地+建物),承德路四段８８號十四樓之１,14.0,3.0,1,19.81,1114379,0.0,,25.082707,121.523055,劍潭站出口2,182,有電梯_7樓以上
房地(土地+建物)+車位,環河北路三段２０３號十樓之２,10.0,13.0,1,52.79,591773,12.23,122649.0,25.087978,121.504215,三重國小站出口,2070,有電梯_7樓以上
房地(土地+建物),敦化南路二段２６７號八樓之７,8.0,46.0,1,14.77,1224266,0.0,,25.025298,121.549093,六張犁站出口,401,有電梯_7樓以上
房地(土地+建物),安和路二段９２號十四樓之２,14.0,36.0,1,69.09,979622,0.0,,25.028772,121.550245,信義安和站出口2A,511,有電梯_7樓以上
房地(土地+建物)+車位,大同街３０號九樓,9.0,1.0,1,45.93,1021272,9.77,307062.0,25.133369,121.499411,北投站出口1,174,有電梯_7樓以上
房地(土地+建物)+車位,臥龍街２６８號十一樓之５,11.0,1.0,1,47.16,1279552,11.52,260417.0,25.017348,121.558081,麟光站出口,144,有電梯_7樓以上
房地(土地+建物)+車位,思源街１２之９號十樓,10.0,24.0,1,49.98,820295,0.0,,25.014634,121.531576,公館站出口4,214,有電梯_7樓以上
房地(土地+建物)+車位,內湖路三段３６號十樓,10.0,6.0,1,55.1,986751,11.77,0.0,25.085653,121.59251,內湖站出口1,276,有電梯_7樓以上
房地(土地+建物),三民路４３巷８號十二樓,12.0,18.0,1,67.75,861982,0.0,,25.056338,121.561131,南京三民站出口1,563,有電梯_7樓以上
房地(土地+建物)+車位,景華街１２８巷２弄７之１號九樓,9.0,10.0,1,43.76,807101,1.63,1226994.0,24.995335,121.54734,景美站出口2,639,有電梯_7樓以上
房地(土地+建物)+車位,松德路１０６號十七樓之３,17.0,31.0,1,90.83,1055146,10.74,325885.0,25.037733,121.574976,永春站出口2,333,有電梯_7樓以上
房地(土地+建物)+車位,石牌路二段３１５巷３４弄７號十一樓之２,11.0,10.0,1,87.61,739240,22.68,220459.0,25.123747,121.522717,石牌站出口1,1232,有電梯_7樓以上
房地(土地+建物)+車位,明德路２９９號十一樓,11.0,24.0,1,63.77,763683,0.0,,25.115174,121.521134,石牌站出口2,525,有電梯_7樓以上
房地(土地+建物),南京東路六段１５０號八樓之２,8.0,18.0,1,27.82,786460,0.0,,25.05526,121.578951,松山站出口5,536,有電梯_7樓以上
房地(土地+建物)+車位,光復北路１１巷９７號十樓之２,10.0,36.0,1,53.26,807389,0.0,,25.050436,121.562341,南京三民站出口2,114,有電梯_7樓以上
房地(土地+建物)+車位,金山南路二段１４０號十七樓,17.0,40.0,1,63.0,1163920,23.91,209118.0,25.029363,121.526215,古亭站出口5,415,有電梯_7樓以上
房地(土地+建物),復興北路１９０巷２５號十三樓之１,13.0,39.0,1,25.62,1065503,0.0,,25.055702,121.542741,南京復興站出口1,348,有電梯_7樓以上
房地(土地+建物)+車位,劍潭路７１號十一樓之２,11.0,18.0,1,42.06,929281,16.26,215252.0,25.083543,121.520773,劍潭站出口2,402,有電梯_7樓以上
建物,忠孝東路一段８６號十一樓之７,11.0,24.0,1,40.22,497261,0.0,,25.044333,121.524461,善導寺站出口4,35,有電梯_7樓以上
房地(土地+建物)+車位,新明路４２８巷８號十一樓,11.0,2.0,1,59.74,912334,8.78,284738.0,25.05427,121.579261,松山站出口5,439,有電梯_7樓以上
房地(土地+建物),行善路２５巷１弄１１號八樓,8.0,27.0,1,37.53,650075,0.0,,25.056668,121.576674,松山站出口5,688,有電梯_7樓以上
房地(土地+建物)+車位,木柵路一段３１５號十八樓之３,18.0,1.0,1,57.69,999958,8.79,318544.0,24.987886,121.552169,大坪林站出口5,1062,有電梯_7樓以上
建物,哈密街５９巷３８弄５０號十三樓之２,13.0,5.0,1,41.8,425396,0.0,,25.074843,121.514388,圓山站出口2,669,有電梯_7樓以上
房地(土地+建物),中山北路五段７４６號九樓之３,9.0,1.0,1,33.23,1083372,0.0,,25.099197,121.527344,芝山站出口1,570,有電梯_7樓以上
房地(土地+建物)+車位,三民路４３巷１２號十四樓之１,14.0,18.0,1,67.74,862059,0.0,,25.056246,121.560546,南京三民站出口1,579,有電梯_7樓以上
房地(土地+建物)+車位,石牌路二段３６３號十三樓之２,13.0,0.0,1,50.04,1007942,11.35,290749.0,25.123951,121.525611,石牌站出口1,1444,有電梯_7樓以上
房地(土地+建物)+車位,市民大道三段１６９號十樓之５,10.0,17.0,1,25.75,780956,5.03,695825.0,25.044811,121.540648,忠孝復興站出口1,419,有電梯_7樓以上
房地(土地+建物)+車位,忠孝東路二段６４巷２８號十三樓,13.0,17.0,1,147.4,1388840,34.66,346220.0,25.042331,121.528038,忠孝新生站出口1,385,有電梯_7樓以上
房地(土地+建物),南京東路五段１５４號十樓之１,10.0,40.0,1,35.53,731868,0.0,,25.051222,121.562665,南京三民站出口2,41,有電梯_7樓以上
房地(土地+建物)+車位,仙岩路１６巷７９號十樓,10.0,27.0,1,57.0,669268,11.13,224618.0,24.99632,121.550423,萬芳醫院站出口,812,有電梯_7樓以上
房地(土地+建物),木柵路二段１０９巷１００弄４２號十四樓,14.0,29.0,1,22.99,585115,0.0,,24.99252,121.562168,萬芳醫院站出口,884,有電梯_7樓以上
房地(土地+建物)+車位,文林北路１０之１號十二樓,12.0,11.0,1,59.09,829240,0.0,,25.10427,121.519143,芝山站出口2,325,有電梯_7樓以上
房地(土地+建物)+車位,大同街３６號九樓,9.0,1.0,1,49.06,1061092,10.04,328685.0,25.133355,121.49955,北投站出口1,184,有電梯_7樓以上
房地(土地+建物),開明街４２號八樓,8.0,29.0,1,42.55,552336,0.0,,25.141409,121.501727,新北投站出口2,514,有電梯_7樓以上
房地(土地+建物)+車位,萬壽路７５巷４５號九樓,9.0,26.0,1,43.66,412250,0.0,,24.985866,121.589168,動物園站出口1,1666,有電梯_7樓以上
房地(土地+建物),安和路一段８３號九樓,9.0,40.0,1,58.16,1134711,0.0,,25.036582,121.55235,信義安和站出口1,357,有電梯_7樓以上
房地(土地+建物)+車位,北安路５５４巷３１號十樓,10.0,31.0,1,42.31,1065119,6.09,328407.0,25.080097,121.549513,大直站出口1,262,有電梯_7樓以上
房地(土地+建物),桂林路２４６巷３４號八樓,8.0,30.0,1,40.3,595504,0.0,,25.037119,121.493049,龍山寺站出口1,678,有電梯_7樓以上
房地(土地+建物)+車位,木柵路四段１３７號十五樓之１,15.0,14.0,1,61.3,791343,6.96,431034.0,24.998782,121.57338,木柵站出口,68,有電梯_7樓以上
房地(土地+建物)+車位,汀州路四段２１９號十二樓,12.0,14.0,1,64.46,698079,0.0,,25.002314,121.5362,萬隆站出口4,242,有電梯_7樓以上
房地(土地+建物)+車位,景華街１９８號十五樓,15.0,8.0,1,92.79,1035702,25.4,0.0,24.99879,121.547613,萬隆站出口2,866,有電梯_7樓以上
房地(土地+建物)+車位,港墘路２６巷５號十一樓,11.0,30.0,1,44.79,908808,9.58,292276.0,25.08309,121.577731,港墘站出口1,382,有電梯_7樓以上
房地(土地+建物)+車位,中山北路六段４４１巷３０號十三樓之１,13.0,1.0,1,92.28,1380650,21.24,329567.0,25.11709,121.526959,明德站出口2,1143,有電梯_7樓以上
房地(土地+建物)+車位,中山北路六段４４１巷３０號十三樓之２,13.0,1.0,1,92.28,1362632,21.24,329567.0,25.11709,121.526959,明德站出口2,1143,有電梯_7樓以上
房地(土地+建物)+車位,新生南路一段１４５號九樓,9.0,4.0,1,31.91,1504056,0.0,,25.035887,121.532987,大安森林公園站出口1,285,有電梯_7樓以上
房地(土地+建物)+車位,內湖路三段６０巷２９號十五樓,15.0,8.0,1,57.63,1011178,9.07,319735.0,25.088339,121.593084,內湖站出口1,525,有電梯_7樓以上
房地(土地+建物),中華路二段５０４巷６號十樓,10.0,46.0,1,18.1,773413,0.0,,25.02596,121.507641,小南門站出口3,1093,有電梯_7樓以上
房地(土地+建物)+車位,忠孝東路四段２６巷８６號九樓,9.0,15.0,1,68.16,1155967,10.12,247036.0,25.038664,121.544182,忠孝復興站出口2,290,有電梯_7樓以上
房地(土地+建物),寧波東街１８號十一樓之２,11.0,39.0,1,29.75,1270424,0.0,,25.032589,121.520168,中正紀念堂站出口3,123,有電梯_7樓以上
房地(土地+建物)+車位,重慶南路三段３７號十四樓,14.0,3.0,1,87.84,1461999,23.7,270042.0,25.028053,121.516043,中正紀念堂站出口2,533,有電梯_7樓以上
房地(土地+建物)+車位,仁愛路四段１０１號八樓之１,8.0,46.0,1,61.88,1196821,15.09,265076.0,25.038708,121.548413,忠孝敦化站出口6,269,有電梯_7樓以上
房地(土地+建物),仁愛路四段１０１號八樓之２,8.0,46.0,1,45.05,1043186,0.0,,25.038708,121.548413,忠孝敦化站出口6,269,有電梯_7樓以上
房地(土地+建物),愛國東路１１６巷２３弄１號九樓之３,9.0,39.0,1,29.91,1270686,0.0,,25.03188,121.520895,中正紀念堂站出口3,196,有電梯_7樓以上
房地(土地+建物)+車位,向陽路２５８巷２１號十三樓,13.0,18.0,1,41.22,909394,11.45,262009.0,25.058566,121.593516,昆陽站出口3,886,有電梯_7樓以上
房地(土地+建物),康寧路三段１９０巷３５號十二樓,12.0,17.0,1,24.06,1003833,0.0,,25.068665,121.610794,東湖站出口1,164,有電梯_7樓以上
房地(土地+建物)+車位,水源路４９號十三樓之１,13.0,22.0,1,48.55,887109,12.62,0.0,25.019507,121.523424,台電大樓站出口4,425,有電梯_7樓以上
房地(土地+建物)+車位,後港街１３４巷６號十四樓,14.0,1.0,1,84.68,1114402,22.94,0.0,25.086925,121.521053,劍潭站出口1,466,有電梯_7樓以上
房地(土地+建物),復興南路二段１５１巷３０弄１號十三樓,13.0,40.0,1,31.17,917009,0.0,,25.028001,121.545533,科技大樓站出口,281,有電梯_7樓以上
房地(土地+建物)+車位,天母北路５６號二十三樓之１,23.0,4.0,1,35.68,1102069,11.73,242967.0,25.121533,121.52636,石牌站出口1,1336,有電梯_7樓以上
房地(土地+建物)+車位,重慶南路三段３５號八樓,8.0,3.0,1,82.46,1379136,11.85,270042.0,25.02813,121.516023,中正紀念堂站出口2,526,有電梯_7樓以上
房地(土地+建物)+車位,民族西路３３８號十四樓,14.0,2.0,1,76.41,871141,10.41,336215.0,25.068593,121.509343,大橋頭站出口1A,633,有電梯_7樓以上
房地(土地+建物)+車位,辛亥路七段５巷５號十一樓,11.0,11.0,1,77.03,538719,0.0,,24.987479,121.553024,大坪林站出口5,1115,有電梯_7樓以上
房地(土地+建物)+車位,重慶南路三段３５號十四樓,14.0,3.0,1,94.83,1481673,23.7,286920.0,25.02813,121.516023,中正紀念堂站出口2,526,有電梯_7樓以上
房地(土地+建物)+車位,重慶南路三段４１號十樓,10.0,3.0,1,91.78,1421845,23.7,303797.0,25.027876,121.516179,中正紀念堂站出口2,546,有電梯_7樓以上
房地(土地+建物)+車位,景華街１９８號九樓之３,9.0,8.0,1,69.36,999979,12.7,0.0,24.99879,121.547613,萬隆站出口2,866,有電梯_7樓以上
房地(土地+建物)+車位,民權東路六段２８０巷２５弄６６號十一樓,11.0,17.0,1,88.58,951180,26.02,192160.0,25.069641,121.604926,葫洲站出口2,395,有電梯_7樓以上
房地(土地+建物)+車位,興南街１０１號十二樓,12.0,0.0,1,54.47,959500,7.1,492958.0,25.055592,121.598957,昆陽站出口4,763,有電梯_7樓以上
房地(土地+建物)+車位,興南街９１之２號二十五樓,25.0,-1.0,1,29.45,988112,7.1,521127.0,25.055257,121.59919,昆陽站出口4,753,有電梯_7樓以上
房地(土地+建物)+車位,文林北路７５巷１６號九樓,9.0,-2.0,1,39.72,1120168,12.67,220994.0,25.105195,121.517628,明德站出口1,481,有電梯_7樓以上
房地(土地+建物)+車位,西藏路４２８巷７號十四樓之１,14.0,-2.0,1,50.61,687595,0.0,,25.030122,121.497221,龍山寺站出口2,612,有電梯_7樓以上
房地(土地+建物)+車位,天玉街２７巷２７號十樓,10.0,-1.0,1,101.68,963992,53.06,197889.0,25.121665,121.527858,石牌站出口1,1472,有電梯_7樓以上
房地(土地+建物)+車位,西藏路４２８巷７號十四樓之２,14.0,-2.0,1,36.92,836115,10.28,276265.0,25.030122,121.497221,龍山寺站出口2,612,有電梯_7樓以上
房地(土地+建物)+車位,西藏路４２８巷９號十樓之１,10.0,-3.0,1,37.65,800230,10.28,272374.0,25.030244,121.497232,龍山寺站出口2,600,有電梯_7樓以上
房地(土地+建物)+車位,西藏路４２８巷９號九樓之２,9.0,-3.0,1,51.03,771351,10.28,272374.0,25.030244,121.497232,龍山寺站出口2,600,有電梯_7樓以上
房地(土地+建物)+車位,臥龍街２６８號十三樓之３,13.0,-2.0,1,50.8,1043210,11.52,251736.0,25.017348,121.558081,麟光站出口,144,有電梯_7樓以上
房地(土地+建物)+車位,興南街１０３號二十六樓,26.0,-2.0,1,44.53,966193,7.1,535211.0,25.055668,121.599116,昆陽站出口4,780,有電梯_7樓以上
房地(土地+建物)+車位,興南街１０１之１號二十六樓,26.0,-2.0,1,36.18,1098147,7.1,521127.0,25.055132,121.598742,昆陽站出口4,711,有電梯_7樓以上
房地(土地+建物)+車位,復興南路二段３０７號九樓,9.0,-3.0,1,79.64,1494760,24.78,302663.0,25.02421,121.54355,科技大樓站出口,216,有電梯_7樓以上
房地(土地+建物)+車位,西藏路４２８巷７號十一樓之２,11.0,-3.0,1,51.07,773304,10.28,272374.0,25.030122,121.497221,龍山寺站出口2,612,有電梯_7樓以上
房地(土地+建物)+車位,大安路一段２０６巷１５號八樓,8.0,-3.0,1,48.22,1471212,5.4,555556.0,25.034681,121.545149,大安站出口6,160,有電梯_7樓以上
房地(土地+建物)+車位,西藏路４２８巷７號九樓之２,9.0,-3.0,1,51.07,726965,10.28,272374.0,25.030122,121.497221,龍山寺站出口2,612,有電梯_7樓以上
房地(土地+建物),興南街９９之１號九樓,9.0,-2.0,1,22.25,928588,0.0,,25.055155,121.598826,昆陽站出口4,718,有電梯_7樓以上
房地(土地+建物)+車位,中山北路六段４０５巷４５弄８號八樓之１,8.0,-3.0,1,36.45,1071352,9.96,306225.0,25.115873,121.526171,明德站出口2,993,有電梯_7樓以上
房地(土地+建物)+車位,中山北路六段４０５巷４５弄８號十樓之１,10.0,-3.0,1,44.83,1099923,19.92,321285.0,25.115873,121.526171,明德站出口2,993,有電梯_7樓以上
房地(土地+建物)+車位,中山北路六段４０５巷４５弄１０號九樓,9.0,-3.0,1,67.02,1076813,9.96,336345.0,25.116023,121.526121,明德站出口2,1001,有電梯_7樓以上
房地(土地+建物)+車位,中山北路六段４０５巷４５弄１０號十一樓,11.0,-3.0,1,70.35,1113374,13.26,279035.0,25.116023,121.526121,明德站出口2,1001,有電梯_7樓以上
房地(土地+建物),中山北路六段４０５巷４５弄８號十二樓,12.0,-3.0,1,66.14,1133578,0.0,,25.115873,121.526171,明德站出口2,993,有電梯_7樓以上
房地(土地+建物)+車位,中山北路六段４０５巷４５弄８號十一樓,11.0,-3.0,1,75.85,1113363,9.96,366466.0,25.115873,121.526171,明德站出口2,993,有電梯_7樓以上
房地(土地+建物)+車位,中山北路六段４０５巷４５弄８號十一樓之１,11.0,-3.0,1,42.93,1128149,19.92,366466.0,25.115873,121.526171,明德站出口2,993,有電梯_7樓以上
房地(土地+建物)+車位,石牌路二段３１７號十一樓,11.0,-3.0,1,46.72,929975,4.46,381166.0,25.12177,121.523314,石牌站出口1,1110,有電梯_7樓以上
房地(土地+建物)+車位,中山北路六段４０５巷４５弄８號九樓之１,9.0,-3.0,1,36.45,1078902,9.96,306225.0,25.115873,121.526171,明德站出口2,993,有電梯_7樓以上
房地(土地+建物)+車位,中山北路六段４０５巷４５弄１０號十四樓,14.0,-3.0,1,95.51,1164738,39.36,368394.0,25.116023,121.526121,明德站出口2,1001,有電梯_7樓以上
房地(土地+建物)+車位,中山北路六段４０５巷４５弄１０號十樓,10.0,-3.0,1,76.95,1081474,19.92,316265.0,25.116023,121.526121,明德站出口2,1001,有電梯_7樓以上
房地(土地+建物)+車位,向陽路１２０巷２弄２５號十二樓,12.0,-3.0,1,97.47,799679,34.06,256900.0,25.054861,121.597154,昆陽站出口4,585,有電梯_7樓以上
房地(土地+建物)+車位,中山北路六段４０５巷４５弄８號八樓,8.0,-4.0,1,71.38,1067198,9.96,306225.0,25.115873,121.526171,明德站出口2,993,有電梯_7樓以上
房地(土地+建物)+車位,中山北路六段４０５巷４５弄１０號八樓,8.0,-4.0,1,66.56,1067995,9.49,321391.0,25.116023,121.526121,明德站出口2,1001,有電梯_7樓以上
房地(土地+建物)+車位,興南街９３號十四樓,14.0,-3.0,1,54.47,937334,7.1,507042.0,25.055775,121.599371,昆陽站出口4,806,有電梯_7樓以上
房地(土地+建物),西藏路４２８巷７號九樓之３,9.0,-4.0,1,26.69,740074,0.0,,25.030122,121.497221,龍山寺站出口2,612,有電梯_7樓以上
房地(土地+建物)+車位,西藏路４２８巷７號十樓之３,10.0,-4.0,1,36.97,743821,10.28,282101.0,25.030122,121.497221,龍山寺站出口2,612,有電梯_7樓以上
房地(土地+建物)+車位,臥龍街２６８號二十樓,20.0,-3.0,1,55.91,1038396,11.52,303819.0,25.017348,121.558081,麟光站出口,144,有電梯_7樓以上
房地(土地+建物)+車位,臥龍街２６８號二十三樓之３,23.0,-3.0,1,37.53,1095906,11.52,303819.0,25.017348,121.558081,麟光站出口,144,有電梯_7樓以上
房地(土地+建物)+車位,臥龍街２６８號二十一樓之２,21.0,-3.0,1,41.4,1007434,11.52,260417.0,25.017348,121.558081,麟光站出口,144,有電梯_7樓以上
房地(土地+建物)+車位,石牌路二段３１７號十一樓之１,11.0,-4.0,1,47.67,890955,4.46,381166.0,25.12177,121.523314,石牌站出口1,1110,有電梯_7樓以上
房地(土地+建物)+車位,中山北路六段４０５巷４５弄８號十二樓之１,12.0,-4.0,1,31.01,1121565,9.96,306225.0,25.115873,121.526171,明德站出口2,993,有電梯_7樓以上
房地(土地+建物)+車位,中山北路六段４０５巷４５弄１０號十二樓,12.0,-4.0,1,67.02,1113612,9.96,336345.0,25.116023,121.526121,明德站出口2,1001,有電梯_7樓以上
房地(土地+建物)+車位,中山北路六段４０５巷４５弄８號九樓,9.0,-4.0,1,71.38,1072082,9.96,336345.0,25.115873,121.526171,明德站出口2,993,有電梯_7樓以上
房地(土地+建物)+車位,大安路一段２０６巷１３號十樓,10.0,-4.0,1,48.22,1463039,5.4,555556.0,25.034679,121.545203,大安站出口6,164,有電梯_7樓以上
房地(土地+建物)+車位,大安路一段２０６巷１５號十樓,10.0,-4.0,1,48.22,1456033,5.4,555556.0,25.034681,121.545149,大安站出口6,160,有電梯_7樓以上
房地(土地+建物),西藏路４２８巷７號十三樓之１,13.0,-4.0,1,27.41,743538,0.0,,25.030122,121.497221,龍山寺站出口2,612,有電梯_7樓以上
房地(土地+建物),中山北路六段４０５巷４５弄１０號十三樓,13.0,-4.0,1,57.01,1139819,0.0,,25.116023,121.526121,明德站出口2,1001,有電梯_7樓以上
房地(土地+建物)+車位,興南街９７號二十樓,20.0,-3.0,1,54.03,863363,14.21,450387.0,25.055383,121.599263,昆陽站出口4,768,有電梯_7樓以上
房地(土地+建物)+車位,臥龍街２６８號十七樓之１,17.0,-3.0,1,53.44,996723,11.52,303819.0,25.017348,121.558081,麟光站出口,144,有電梯_7樓以上
房地(土地+建物)+車位,臥龍街２６８號十八樓,18.0,-3.0,1,55.03,1001573,11.52,269097.0,25.017348,121.558081,麟光站出口,144,有電梯_7樓以上
房地(土地+建物)+車位,石牌路二段３１７號十樓之１,10.0,-4.0,1,28.92,903623,4.46,381166.0,25.12177,121.523314,石牌站出口1,1110,有電梯_7樓以上
房地(土地+建物),石牌路二段３１７號十樓,10.0,-4.0,1,23.22,908823,0.0,,25.12177,121.523314,石牌站出口1,1110,有電梯_7樓以上
房地(土地+建物)+車位,臥龍街２６８號二十一樓之１,21.0,-3.0,1,52.82,1017911,11.52,260417.0,25.017348,121.558081,麟光站出口,144,有電梯_7樓以上
房地(土地+建物)+車位,臥龍街２６８號二十二樓之５,22.0,-3.0,1,46.84,1026335,11.52,251736.0,25.017348,121.558081,麟光站出口,144,有電梯_7樓以上
房地(土地+建物)+車位,臥龍街２６８號十九樓之３,19.0,-3.0,1,50.8,1009608,11.52,260417.0,25.017348,121.558081,麟光站出口,144,有電梯_7樓以上
房地(土地+建物)+車位,興南街９１號十四樓,14.0,-3.0,1,54.47,857111,7.1,478873.0,25.055497,121.599526,南港站出口1,795,有電梯_7樓以上
房地(土地+建物)+車位,向陽路１２０巷２弄２５號八樓,8.0,-3.0,1,74.77,783120,11.35,277533.0,25.054861,121.597154,昆陽站出口4,585,有電梯_7樓以上
房地(土地+建物)+車位,向陽路１２０巷２弄３５號八樓,8.0,-3.0,1,86.12,788324,22.71,242184.0,25.054815,121.597659,昆陽站出口4,611,有電梯_7樓以上
房地(土地+建物)+車位,臥龍街２６８號十七樓之２,17.0,-3.0,1,41.4,976642,11.52,243056.0,25.017348,121.558081,麟光站出口,144,有電梯_7樓以上
房地(土地+建物)+車位,臥龍街２６８號十九樓之２,19.0,-3.0,1,41.4,994716,11.52,225694.0,25.017348,121.558081,麟光站出口,144,有電梯_7樓以上
房地(土地+建物)+車位,向陽路１２０巷２弄２５號十一樓,11.0,-3.0,1,74.77,795578,11.35,259912.0,25.054861,121.597154,昆陽站出口4,585,有電梯_7樓以上
房地(土地+建物)+車位,向陽路１２０巷２弄２５號十三樓,13.0,-3.0,1,86.12,803621,22.71,242184.0,25.054861,121.597154,昆陽站出口4,585,有電梯_7樓以上
房地(土地+建物)+車位,向陽路１２０巷２弄３５號十一樓,11.0,-3.0,1,74.77,800782,11.35,277533.0,25.054815,121.597659,昆陽站出口4,611,有電梯_7樓以上
房地(土地+建物)+車位,石牌路二段３１７號十樓之２,10.0,-4.0,1,28.97,840524,4.46,381166.0,25.12177,121.523314,石牌站出口1,1110,有電梯_7樓以上
房地(土地+建物)+車位,石牌路二段３１７號九樓之１,9.0,-4.0,1,28.92,887268,4.46,381166.0,25.12177,121.523314,石牌站出口1,1110,有電梯_7樓以上
房地(土地+建物)+車位,石牌路二段３１７號八樓之１,8.0,-4.0,1,28.92,879091,4.46,381166.0,25.12177,121.523314,石牌站出口1,1110,有電梯_7樓以上
房地(土地+建物)+車位,石牌路二段３１７號八樓,8.0,-4.0,1,27.68,882980,4.46,381166.0,25.12177,121.523314,石牌站出口1,1110,有電梯_7樓以上
房地(土地+建物)+車位,向陽路１２０巷２弄２９號十二樓,12.0,-3.0,1,84.43,885821,22.71,261999.0,25.055018,121.59717,昆陽站出口4,600,有電梯_7樓以上
房地(土地+建物)+車位,石牌路二段３１７號九樓之２,9.0,-4.0,1,28.97,832364,4.46,381166.0,25.12177,121.523314,石牌站出口1,1110,有電梯_7樓以上
房地(土地+建物)+車位,向陽路１２０巷２弄３７號十四樓,14.0,-3.0,1,52.76,897079,11.35,251101.0,25.054982,121.597529,昆陽站出口4,618,有電梯_7樓以上
房地(土地+建物),石牌路二段３１７號八樓之２,8.0,-4.0,1,24.51,824203,0.0,,25.12177,121.523314,石牌站出口1,1110,有電梯_7樓以上
房地(土地+建物)+車位,興南街９１號十七樓,17.0,-3.0,1,54.47,850778,7.1,450704.0,25.055497,121.599526,南港站出口1,795,有電梯_7樓以上
房地(土地+建物)+車位,興南街９３之１號十五樓,15.0,-3.0,1,34.24,865969,7.1,436620.0,25.055235,121.599108,昆陽站出口4,745,有電梯_7樓以上
房地(土地+建物),松江路２５２巷１０號八樓之１,8.0,-4.0,1,26.47,1088202,0.0,,25.059162,121.53232,行天宮站出口2,111,有電梯_7樓以上
房地(土地+建物)+車位,西藏路４２８巷９號十一樓,11.0,-4.0,1,66.43,712526,20.57,291687.0,25.030244,121.497232,龍山寺站出口2,600,有電梯_7樓以上
房地(土地+建物)+車位,西藏路４２８巷７號十一樓,11.0,-4.0,1,66.43,712526,20.57,291687.0,25.030122,121.497221,龍山寺站出口2,612,有電梯_7樓以上
房地(土地+建物)+車位,興南街９３之１號十九樓,19.0,-3.0,1,33.41,877122,6.28,461783.0,25.055235,121.599108,昆陽站出口4,745,有電梯_7樓以上
房地(土地+建物)+車位,興南街９３號二十六樓,26.0,-3.0,1,52.75,893812,7.1,450704.0,25.055775,121.599371,昆陽站出口4,806,有電梯_7樓以上
房地(土地+建物)+車位,興南街９１號二十三樓,23.0,-3.0,1,54.47,844445,7.1,422535.0,25.055497,121.599526,南港站出口1,795,有電梯_7樓以上
房地(土地+建物),西藏路４２８巷７號九樓之１,9.0,-4.0,1,27.41,696109,0.0,,25.030122,121.497221,龍山寺站出口2,612,有電梯_7樓以上
房地(土地+建物)+車位,承德路二段１４５號十三樓之２,13.0,-3.0,1,23.62,759008,3.53,424929.0,25.057803,121.518402,雙連站出口1,223,有電梯_7樓以上
房地(土地+建物),承德路二段１４５號十五樓之２,15.0,-3.0,1,20.09,786382,0.0,,25.057803,121.518402,雙連站出口1,223,有電梯_7樓以上
房地(土地+建物)+車位,興南街９１之１號十樓,10.0,-3.0,1,29.38,887620,7.1,478873.0,25.055257,121.59919,昆陽站出口4,753,有電梯_7樓以上
房地(土地+建物)+車位,濟南路三段５２號九樓之１,9.0,-5.0,1,58.9,1468022,13.27,293896.0,25.040089,121.53636,忠孝新生站出口3,329,有電梯_7樓以上
房地(土地+建物)+車位,濟南路三段５６號九樓之１,9.0,-5.0,1,58.9,1439530,13.27,293896.0,25.040089,121.536523,忠孝新生站出口3,343,有電梯_7樓以上
房地(土地+建物)+車位,濟南路三段５６號九樓,9.0,-5.0,1,71.27,1505218,13.27,278824.0,25.040089,121.536523,忠孝新生站出口3,343,有電梯_7樓以上
房地(土地+建物)+車位,承德路二段１４５號十五樓,15.0,-4.0,1,22.65,826317,3.53,424929.0,25.057803,121.518402,雙連站出口1,223,有電梯_7樓以上
房地(土地+建物)+車位,吳興街６００巷３０號九樓,9.0,-4.0,1,31.8,774242,11.17,223814.0,25.021016,121.569256,麟光站出口,1107,有電梯_7樓以上
房地(土地+建物)+車位,吳興街６００巷３０號十二樓,12.0,-4.0,1,31.8,787808,11.17,214861.0,25.021016,121.569256,麟光站出口,1107,有電梯_7樓以上
房地(土地+建物),吳興街６００巷３０號十一樓,11.0,-4.0,1,20.64,782963,0.0,,25.021016,121.569256,麟光站出口,1107,有電梯_7樓以上
房地(土地+建物),安和路二段２４號十樓,10.0,43.0,1,29.19,1284500,0.0,,25.031962,121.552239,信義安和站出口2A,104,有電梯_7樓以上
房地(土地+建物)+車位,萬慶街２７之１號十四樓,14.0,33.0,1,69.36,726118,10.68,280899.0,24.992465,121.539428,景美站出口3,117,有電梯_7樓以上
房地(土地+建物)+車位,西藏路１２３號十三樓之１,13.0,14.0,1,57.43,722625,0.0,,25.029501,121.502506,龍山寺站出口3,664,有電梯_7樓以上
房地(土地+建物)+車位,重慶北路四段１０８號十樓之３,10.0,2.0,1,55.93,971619,12.19,0.0,25.082843,121.512788,劍潭站出口2,1206,有電梯_7樓以上
房地(土地+建物)+車位,新明路４２８巷２號十三樓,13.0,3.0,1,49.67,966033,8.78,0.0,25.054303,121.579381,松山站出口5,446,有電梯_7樓以上
房地(土地+建物)+車位,木柵路一段３１３號二十四樓之１,24.0,1.0,1,60.41,1050011,8.79,318544.0,24.987886,121.552169,大坪林站出口5,1062,有電梯_7樓以上
房地(土地+建物),舊莊街一段８５號十五樓之８,15.0,2.0,1,18.83,880092,0.0,,25.040853,121.61914,南港展覽館站出口7,1469,有電梯_7樓以上
房地(土地+建物)+車位,松德路１６９巷２０號八樓,8.0,0.0,1,64.39,1298118,10.09,346878.0,25.03645,121.575456,永春站出口2,473,有電梯_7樓以上
房地(土地+建物)+車位,承德路二段１４５號十四樓,14.0,1.0,1,22.65,1103499,3.53,623229.0,25.057803,121.518402,雙連站出口1,223,有電梯_7樓以上
房地(土地+建物),江南街９６巷３號九樓之１,9.0,29.0,1,10.93,896672,0.0,,25.077172,121.576908,港墘站出口1,347,有電梯_7樓以上
房地(土地+建物)+車位,朱崙街１１號九樓,9.0,0.0,1,48.7,1502585,9.98,320641.0,25.050193,121.537673,松江南京站出口5,408,有電梯_7樓以上
房地(土地+建物),福德街４４３號十七樓,17.0,27.0,1,38.86,656268,0.0,,25.039491,121.592681,後山埤站出口3,1142,有電梯_7樓以上
房地(土地+建物)+車位,民權東路六段２８０巷２４號九樓之１,9.0,21.0,1,53.36,808781,5.39,0.0,25.071195,121.606627,葫洲站出口2,160,有電梯_7樓以上
房地(土地+建物),延平北路五段５０號十樓,10.0,13.0,1,43.4,649821,0.0,,25.080185,121.511019,圓山站出口2,1309,有電梯_7樓以上
房地(土地+建物),遼寧街２２３號八樓,8.0,39.0,1,29.64,930196,0.0,,25.055443,121.542291,南京復興站出口1,314,有電梯_7樓以上
房地(土地+建物)+車位,五分街１４巷３１號十二樓,12.0,16.0,1,74.45,744007,11.95,209205.0,25.067439,121.613803,東湖站出口3,190,有電梯_7樓以上
房地(土地+建物),仁愛路四段３３號九樓之３,9.0,49.0,1,37.61,957275,0.0,,25.03821,121.545844,忠孝復興站出口3,377,有電梯_7樓以上
房地(土地+建物)+車位,至誠路一段１３６巷１５號八樓,8.0,7.0,1,117.1,980179,25.3,0.0,25.102167,121.534724,芝山站出口1,1217,有電梯_7樓以上
房地(土地+建物)+車位,南京東路四段１５８巷９號十樓之１,10.0,1.0,1,30.04,1455216,4.93,486815.0,25.050448,121.556312,台北小巨蛋站出口4,364,有電梯_7樓以上
房地(土地+建物),辛亥路四段７７巷９２弄９號十一樓之５,11.0,22.0,1,16.45,680729,0.0,,25.008779,121.561219,辛亥站出口,587,有電梯_7樓以上
房地(土地+建物)+車位,西昌街２９巷８號十三樓之５,13.0,1.0,1,32.32,874813,5.18,318533.0,25.042662,121.500955,西門站出口1,669,有電梯_7樓以上
房地(土地+建物)+車位,星雲街１２９號十樓,10.0,21.0,1,35.35,1131457,8.48,306604.0,25.080888,121.595651,內湖站出口2,323,有電梯_7樓以上
房地(土地+建物)+車位,中山北路七段８１巷２８弄８號十六樓,16.0,14.0,1,226.79,1149932,76.18,246784.0,25.122491,121.529895,石牌站出口1,1695,有電梯_7樓以上
房地(土地+建物)+車位,福興路１０６巷２８弄５號十樓之２,10.0,16.0,1,33.62,744867,11.07,180668.0,25.006367,121.5501,辛亥站出口,711,有電梯_7樓以上
房地(土地+建物),國興路１巷１１號十樓之３,10.0,43.0,1,14.0,643011,0.0,,25.023523,121.509085,頂溪站出口2,1217,有電梯_7樓以上
房地(土地+建物)+車位,建國北路一段１４６號八樓,8.0,26.0,1,42.62,809495,0.0,,25.051253,121.536393,松江南京站出口5,243,有電梯_7樓以上
房地(土地+建物),北寧路５８之２號十三樓,13.0,37.0,1,43.25,1040502,0.0,,25.050653,121.552717,台北小巨蛋站出口3,98,有電梯_7樓以上
房地(土地+建物),敦化北路１１６號八樓,8.0,41.0,1,38.74,1239090,0.0,,25.053791,121.548571,台北小巨蛋站出口2,328,有電梯_7樓以上
房地(土地+建物),安和路二段１７１巷８號十四樓,14.0,40.0,1,45.84,983339,0.0,,25.027922,121.550331,六張犁站出口,513,有電梯_7樓以上
房地(土地+建物),港墘路１２７巷１６弄７號八樓,8.0,29.0,1,23.02,934084,0.0,,25.077847,121.577336,港墘站出口1,297,有電梯_7樓以上
房地(土地+建物)+車位,吳興街６００巷７６弄９號九樓,9.0,8.0,1,57.69,981082,12.45,240964.0,25.01835,121.570613,麟光站出口,1210,有電梯_7樓以上
房地(土地+建物)+車位,承德路四段８８號十三樓之５,13.0,3.0,1,52.63,941082,15.98,219024.0,25.082707,121.523055,劍潭站出口2,182,有電梯_7樓以上
房地(土地+建物),和平東路三段３９１巷８弄１０號九樓,9.0,42.0,1,34.87,802933,0.0,,25.020267,121.557599,麟光站出口,216,有電梯_7樓以上
房地(土地+建物)+車位,辛亥路二段４１號十二樓之２,12.0,37.0,1,58.21,745538,0.0,,25.022818,121.536274,台電大樓站出口2,780,有電梯_7樓以上
房地(土地+建物),木柵路二段１０９巷１００弄２２號八樓,8.0,29.0,1,8.82,612393,0.0,,24.992147,121.561421,萬芳醫院站出口,886,有電梯_7樓以上
房地(土地+建物),建國南路一段３０７巷５號十一樓,11.0,39.0,1,32.06,1054409,0.0,,25.035304,121.538454,大安森林公園站出口6,312,有電梯_7樓以上
房地(土地+建物)+車位,關渡路２６號十樓,10.0,22.0,1,58.39,501100,0.0,,25.121518,121.469128,關渡站出口1,476,有電梯_7樓以上
房地(土地+建物)+車位,成功路二段１１５巷７號十樓之２,10.0,3.0,1,41.88,901824,12.16,213816.0,25.065676,121.592019,文德站出口1,1581,有電梯_7樓以上
房地(土地+建物)+車位,敦化北路１５５巷１００弄１２號十七樓之１,17.0,26.0,1,151.53,1400330,32.99,272810.0,25.055085,121.552271,台北小巨蛋站出口5,362,有電梯_7樓以上
房地(土地+建物),建國南路二段１２３巷７號九樓,9.0,39.0,1,32.92,972112,0.0,,25.029769,121.538497,大安森林公園站出口5,473,有電梯_7樓以上
房地(土地+建物)+車位,向陽路１２０巷２弄３３號十一樓,11.0,1.0,1,45.28,1105369,11.35,308370.0,25.054823,121.597516,昆陽站出口4,603,有電梯_7樓以上
房地(土地+建物)+車位,松德路９５號十五樓之１,15.0,31.0,1,63.42,1084445,10.23,293255.0,25.038036,121.57599,永春站出口3,297,有電梯_7樓以上
房地(土地+建物)+車位,松山路６２６號九樓之１,9.0,27.0,1,37.18,924629,9.37,266809.0,25.03543,121.578655,永春站出口4,622,有電梯_7樓以上
房地(土地+建物),木柵路二段１０９巷１００弄７４號十三樓,13.0,29.0,1,22.04,626131,0.0,,24.992866,121.56186,萬芳醫院站出口,835,有電梯_7樓以上
房地(土地+建物)+車位,指南路三段２２巷１２之３號十三樓,13.0,13.0,1,58.96,496945,0.0,,24.983701,121.578563,動物園站出口2,1589,有電梯_7樓以上
房地(土地+建物),信義路三段１３４巷７４號九樓,9.0,39.0,1,35.6,960244,0.0,,25.029763,121.538893,大安森林公園站出口5,496,有電梯_7樓以上
房地(土地+建物),民權東路三段１６０巷２號九樓,9.0,45.0,1,13.56,1047350,0.0,,25.06169,121.547688,中山國中站出口,386,有電梯_7樓以上
房地(土地+建物)+車位,南京東路四段１２０巷２６號十二樓,12.0,1.0,1,74.35,1019836,0.0,,25.050037,121.55494,台北小巨蛋站出口4,265,有電梯_7樓以上
房地(土地+建物)+車位,敦化南路二段１８２號二十樓,20.0,36.0,1,77.1,787050,0.0,,25.023562,121.548312,六張犁站出口,447,有電梯_7樓以上
房地(土地+建物),北寧路５８之４號十五樓,15.0,37.0,1,38.23,1111783,0.0,,25.050653,121.552717,台北小巨蛋站出口3,98,有電梯_7樓以上
房地(土地+建物)+車位,建國北路二段２２６巷５５號十三樓,13.0,3.0,1,52.17,1314788,12.85,295720.0,25.061092,121.535689,行天宮站出口3,268,有電梯_7樓以上
房地(土地+建物),建國南路二段１５１巷１９弄５號九樓,9.0,39.0,1,41.61,982341,0.0,,25.029244,121.538871,大安森林公園站出口5,543,有電梯_7樓以上
房地(土地+建物)+車位,南京東路三段８９巷２７弄１５號十五樓,15.0,16.0,1,55.57,1297027,10.17,393314.0,25.054199,121.538317,南京復興站出口1,421,有電梯_7樓以上
房地(土地+建物)+車位,南港路二段１４２號十四樓,14.0,31.0,1,41.1,844137,16.94,147580.0,25.053682,121.60089,南港站出口1,585,有電梯_7樓以上
房地(土地+建物)+車位,重陽路４８２號十一樓,11.0,9.0,1,55.83,873887,11.77,212404.0,25.06018,121.611743,南港軟體園區站出口1,415,有電梯_7樓以上
房地(土地+建物),信義路三段９９巷３４號九樓,9.0,39.0,1,7.72,1512995,0.0,,25.034855,121.538365,大安森林公園站出口6,277,有電梯_7樓以上
房地(土地+建物)+車位,新豐街８８號十樓,10.0,10.0,1,45.12,973912,14.26,196353.0,25.06058,121.583824,松山站出口5,1270,有電梯_7樓以上
房地(土地+建物)+車位,文林北路１０號九樓之１,9.0,12.0,1,58.56,845274,0.0,,25.104284,121.519337,芝山站出口2,306,有電梯_7樓以上
房地(土地+建物)+車位,水源路４３號十樓,10.0,23.0,1,58.13,794972,12.62,198098.0,25.019109,121.524037,台電大樓站出口4,391,有電梯_7樓以上
房地(土地+建物)+車位,中山北路七段８１巷１６弄２０號十二樓,12.0,1.0,1,30.37,1051110,11.75,255319.0,25.12287,121.529948,石牌站出口1,1721,有電梯_7樓以上
房地(土地+建物)+車位,中山北路七段８１巷１６弄１８號十二樓,12.0,1.0,1,35.81,1033787,11.75,255319.0,25.122814,121.529934,石牌站出口1,1716,有電梯_7樓以上
房地(土地+建物),興南街６４巷２６弄５號十樓,10.0,1.0,1,17.72,1120368,0.0,,25.055065,121.6017,南港站出口1,586,有電梯_7樓以上
房地(土地+建物)+車位,文湖街２１巷９１弄１１號八樓,8.0,8.0,1,31.87,796229,2.0,0.0,25.090927,121.55895,劍南路站出口1,705,有電梯_7樓以上
房地(土地+建物)+車位,安和路二段８８號十二樓,12.0,36.0,1,73.43,1024604,10.97,364631.0,25.028998,121.550485,信義安和站出口2A,477,有電梯_7樓以上
房地(土地+建物),復興北路２１４號八樓之２,8.0,40.0,1,33.76,947982,0.0,,25.056484,121.543519,南京復興站出口1,452,有電梯_7樓以上
房地(土地+建物)+車位,辛亥路四段１３２號八樓,8.0,16.0,1,53.25,724544,10.46,239006.0,25.004528,121.556642,辛亥站出口,76,有電梯_7樓以上
房地(土地+建物),復興二路６０巷５號九樓,9.0,31.0,1,22.74,519004,0.0,,25.144575,121.504122,新北投站出口1,848,有電梯_7樓以上
房地(土地+建物),三福街９巷２號十五樓之２,15.0,15.0,1,35.72,802091,0.0,,24.997784,121.542621,萬隆站出口2,516,有電梯_7樓以上
房地(土地+建物)+車位,吳興街６００巷２８號九樓,9.0,1.0,1,45.46,1011828,11.17,268577.0,25.021111,121.569044,麟光站出口,1089,有電梯_7樓以上
房地(土地+建物)+車位,建國南路一段４２號十一樓之５,11.0,35.0,1,55.59,827527,0.0,,25.044017,121.536225,忠孝新生站出口4,349,有電梯_7樓以上
房地(土地+建物)+車位,文林北路７５巷１８號八樓,8.0,0.0,1,51.87,1173442,12.67,0.0,25.105195,121.517628,明德站出口1,481,有電梯_7樓以上
房地(土地+建物),基隆路二段２２１號九樓之１,9.0,41.0,1,14.74,956725,0.0,,25.022816,121.551083,六張犁站出口,203,有電梯_7樓以上
房地(土地+建物),羅斯福路六段１４２巷２０弄２５號九樓,9.0,29.0,1,13.84,887131,0.0,,24.996967,121.53958,景美站出口2,475,有電梯_7樓以上
房地(土地+建物),星雲街１６８巷２３號十三樓,13.0,30.0,1,21.24,969133,0.0,,25.080449,121.597226,內湖站出口2,441,有電梯_7樓以上
房地(土地+建物)+車位,公路４１８號十樓,10.0,27.0,1,54.36,638663,10.7,233645.0,25.132303,121.502681,北投站出口2,379,有電梯_7樓以上
房地(土地+建物),國興路２４號十二樓,12.0,46.0,1,19.08,795402,0.0,,25.024464,121.508364,小南門站出口3,1235,有電梯_7樓以上
房地(土地+建物)+車位,信義路一段９之４號八樓,8.0,29.0,1,40.67,1135943,0.0,,25.036752,121.522215,中正紀念堂站出口5,545,有電梯_7樓以上
房地(土地+建物)+車位,富陽街７８號十一樓,11.0,34.0,1,32.1,850557,7.94,214106.0,25.021481,121.556361,麟光站出口,396,有電梯_7樓以上
房地(土地+建物)+車位,八德路四段２４５巷２０號十一樓之１,11.0,24.0,1,38.4,1132690,10.77,278552.0,25.049554,121.564297,南京三民站出口3,200,有電梯_7樓以上
房地(土地+建物)+車位,木新路三段９５巷７弄３號十樓,10.0,15.0,1,56.95,465283,0.0,,24.981723,121.563561,萬芳社區站出口,1937,有電梯_7樓以上
房地(土地+建物)+車位,松德路１６９巷２０號十樓,10.0,0.0,1,74.48,1294547,20.17,347050.0,25.03645,121.575456,永春站出口2,473,有電梯_7樓以上
房地(土地+建物),復興北路４５８號九樓之１,9.0,24.0,1,13.82,1040886,0.0,,25.064372,121.544076,中山國中站出口,394,有電梯_7樓以上
房地(土地+建物)+車位,大湖山莊街１７６巷１８號十二樓之１,12.0,17.0,1,39.61,862568,7.29,411523.0,25.087765,121.599116,大湖公園站出口1,541,有電梯_7樓以上
房地(土地+建物),安和路二段７８號十四樓,14.0,47.0,1,38.2,1038753,0.0,,25.029667,121.551122,信義安和站出口2A,383,有電梯_7樓以上
房地(土地+建物),興隆路四段１３３號十一樓之２,11.0,30.0,1,22.1,733011,0.0,,24.985418,121.561544,萬芳醫院站出口,1600,有電梯_7樓以上
房地(土地+建物),建國南路一段３０７巷４號八樓,8.0,39.0,1,30.02,1005328,0.0,,25.0351,121.538385,大安森林公園站出口6,293,有電梯_7樓以上
房地(土地+建物),安康路４３４巷２０弄４０號八樓,8.0,29.0,1,14.08,843669,0.0,,25.066757,121.615663,東湖站出口3,374,有電梯_7樓以上
房地(土地+建物)+車位,中坡北路５０巷２８號八樓,8.0,25.0,1,66.41,912880,14.93,200938.0,25.046566,121.581779,後山埤站出口4,121,有電梯_7樓以上
房地(土地+建物)+車位,文湖街２１巷９１弄１１號九樓,9.0,8.0,1,31.87,722566,2.0,1050000.0,25.090927,121.55895,劍南路站出口1,705,有電梯_7樓以上
房地(土地+建物),文化三路１２之２號十樓,10.0,31.0,1,43.94,551913,0.0,,25.137321,121.497299,新北投站出口2,522,有電梯_7樓以上
房地(土地+建物),信義路五段１５０巷３３０號八樓之８,8.0,16.0,1,10.11,1038623,0.0,,25.026533,121.570157,象山站出口2,650,有電梯_7樓以上
房地(土地+建物),信義路三段９９巷３４號九樓之３,9.0,39.0,1,8.1,1234886,0.0,,25.034855,121.538365,大安森林公園站出口6,277,有電梯_7樓以上
房地(土地+建物)+車位,天玉街２７巷２３號八樓,8.0,1.0,1,59.43,1119043,13.26,0.0,25.121444,121.52792,石牌站出口1,1465,有電梯_7樓以上
房地(土地+建物)+車位,成功路五段４５０巷３０號十二樓,12.0,28.0,1,46.14,940660,10.9,229358.0,25.074385,121.608321,葫洲站出口1,210,有電梯_7樓以上
房地(土地+建物),文林路７６３號十樓之１,10.0,45.0,1,6.2,725661,0.0,,25.103191,121.519026,芝山站出口2,341,有電梯_7樓以上
房地(土地+建物),復興北路４５８號十二樓之１,12.0,24.0,1,13.82,1035095,0.0,,25.064372,121.544076,中山國中站出口,394,有電梯_7樓以上
房地(土地+建物),和平東路三段２７８號九樓之１,9.0,39.0,1,35.81,733813,0.0,,25.020998,121.555866,麟光站出口,387,有電梯_7樓以上
房地(土地+建物)+車位,康寧路三段７０巷１０號十二樓之２,12.0,20.0,1,38.32,950156,11.75,238298.0,25.069195,121.611501,東湖站出口2,224,有電梯_7樓以上
房地(土地+建物),光復北路２１０巷１９號十二樓,12.0,23.0,1,40.93,891806,0.0,,25.055385,121.554367,台北小巨蛋站出口4,453,有電梯_7樓以上
房地(土地+建物)+車位,汀州路二段１６７號十七樓之３,17.0,4.0,1,38.22,1250839,12.48,224359.0,25.024475,121.521342,古亭站出口2,233,有電梯_7樓以上
房地(土地+建物)+車位,木柵路一段８９巷１２弄３號八樓,8.0,19.0,1,61.2,595128,9.96,251004.0,24.987747,121.54766,大坪林站出口5,705,有電梯_7樓以上
房地(土地+建物)+車位,汀州路四段２３７號十一樓,11.0,15.0,1,57.5,650063,0.0,,25.002187,121.535822,萬隆站出口4,282,有電梯_7樓以上
房地(土地+建物)+車位,成功路四段６７號十二樓,12.0,12.0,1,100.59,722343,10.99,0.0,25.082093,121.592609,內湖站出口1,248,有電梯_7樓以上
房地(土地+建物)+車位,新富街３３號十三樓,13.0,11.0,1,94.35,1042003,26.21,228920.0,25.05901,121.583182,松山站出口5,1086,有電梯_7樓以上
房地(土地+建物),忠孝東路五段３７號十二樓,12.0,42.0,1,40.48,910057,0.0,,25.04138,121.566123,市政府站出口1,67,有電梯_7樓以上
房地(土地+建物)+車位,中山北路六段４４１巷３０號十二樓之３,12.0,1.0,1,64.1,1320263,21.24,329567.0,25.11709,121.526959,明德站出口2,1143,有電梯_7樓以上
房地(土地+建物)+車位,萬大路４２３巷３０弄３號十一樓,11.0,27.0,1,60.08,557567,0.0,,25.021061,121.500422,龍山寺站出口2,1563,有電梯_7樓以上
房地(土地+建物)+車位,金湖路３６２號九樓,9.0,27.0,1,48.92,1023405,12.67,0.0,25.073653,121.60421,葫洲站出口2,326,有電梯_7樓以上
房地(土地+建物)+車位,復興北路１９０巷１３號九樓之２,9.0,39.0,1,29.78,1051003,0.0,,25.055446,121.542975,南京復興站出口1,325,有電梯_7樓以上
房地(土地+建物)+車位,成功路四段７３號十二樓,12.0,12.0,1,97.2,759752,10.99,0.0,25.082241,121.592809,內湖站出口1,222,有電梯_7樓以上
房地(土地+建物)+車位,北安路７８９號十二樓,12.0,12.0,1,26.57,1079316,3.87,516796.0,25.085623,121.55387,劍南路站出口1,150,有電梯_7樓以上
房地(土地+建物)+車位,松智路３１巷１０號十三樓,13.0,27.0,1,51.08,1100233,0.0,,25.030851,121.566177,台北101/世貿站出口4,320,有電梯_7樓以上
房地(土地+建物)+車位,興南街９３之１號十九樓,19.0,1.0,1,33.41,1079081,6.28,461783.0,25.055235,121.599108,昆陽站出口4,745,有電梯_7樓以上
房地(土地+建物)+車位,民生東路三段１３０巷７弄９號八樓,8.0,1.0,1,30.6,1454160,5.84,342466.0,25.056662,121.546656,南京復興站出口7,509,有電梯_7樓以上
房地(土地+建物)+車位,興南街９５號十三樓,13.0,1.0,1,46.41,1088864,7.12,491573.0,25.055711,121.599222,昆陽站出口4,791,有電梯_7樓以上
房地(土地+建物)+車位,成功路四段６１巷５３號十四樓,14.0,8.0,1,78.25,796160,0.0,,25.079758,121.593779,內湖站出口2,439,有電梯_7樓以上
房地(土地+建物),健康路１８９號九樓,9.0,33.0,1,41.76,833332,0.0,,25.054246,121.561787,南京三民站出口1,324,有電梯_7樓以上
房地(土地+建物)+車位,和平東路四段６６巷１１號十四樓,14.0,28.0,1,99.54,539371,27.24,146843.0,25.006357,121.565959,萬芳社區站出口,899,有電梯_7樓以上
房地(土地+建物),新生北路三段６１號九樓之６,9.0,49.0,1,13.93,613645,0.0,,25.065942,121.528055,中山國小站出口4,367,有電梯_7樓以上
房地(土地+建物),新生北路三段６１號八樓之１８,8.0,49.0,1,13.93,947382,0.0,,25.065942,121.528055,中山國小站出口4,367,有電梯_7樓以上
房地(土地+建物),中華路二段６６６之１２號十樓,10.0,36.0,1,45.1,613350,0.0,,25.024295,121.511228,古亭站出口8,1118,有電梯_7樓以上
房地(土地+建物)+車位,八德路二段１７４巷１６號十四樓,14.0,9.0,1,125.4,1280016,18.35,403270.0,25.045621,121.538179,忠孝新生站出口4,612,有電梯_7樓以上
房地(土地+建物),指南路三段２６號九樓之７,9.0,17.0,1,13.85,707507,0.0,,24.983108,121.579933,動物園站出口2,1654,有電梯_7樓以上
房地(土地+建物)+車位,星雲街１６８巷２３號八樓,8.0,30.0,1,34.63,591970,0.0,,25.080449,121.597226,內湖站出口2,441,有電梯_7樓以上
房地(土地+建物)+車位,文林北路８６號十九樓,19.0,13.0,1,152.7,910457,37.51,239936.0,25.105686,121.518089,明德站出口1,416,有電梯_7樓以上
房地(土地+建物)+車位,松山路４２１號十四樓之３,14.0,32.0,1,30.0,791737,9.19,195865.0,25.040496,121.578005,永春站出口4,146,有電梯_7樓以上
房地(土地+建物),東明街４３號十樓之３,10.0,2.0,1,20.66,1196649,0.0,,25.056151,121.604453,南港站出口1,509,有電梯_7樓以上
房地(土地+建物),和平東路二段３１１巷４３弄２３號十七樓,17.0,40.0,1,33.69,897990,0.0,,25.025767,121.546381,科技大樓站出口,280,有電梯_7樓以上
房地(土地+建物)+車位,汀州路一段３５０號十八樓,18.0,6.0,1,60.87,1008718,11.7,256410.0,25.026296,121.512699,中正紀念堂站出口2,881,有電梯_7樓以上
房地(土地+建物),復興南路二段１７１巷３０號十八樓,18.0,40.0,1,39.14,855959,0.0,,25.027513,121.544981,科技大樓站出口,203,有電梯_7樓以上
房地(土地+建物)+車位,向陽路１６２巷６８號十一樓,11.0,15.0,1,81.94,899743,23.03,217108.0,25.056011,121.596195,昆陽站出口4,651,有電梯_7樓以上
房地(土地+建物)+車位,明德路２６７巷１０號九樓,9.0,12.0,1,78.84,762766,22.07,135931.0,25.114608,121.521752,石牌站出口2,567,有電梯_7樓以上
房地(土地+建物),中華路二段５０４巷６１號九樓,9.0,46.0,1,19.08,784922,0.0,,25.024959,121.508071,小南門站出口3,1188,有電梯_7樓以上
房地(土地+建物),中華路二段５１２號九樓,9.0,46.0,1,13.94,724576,0.0,,25.025758,121.50805,小南門站出口3,1103,有電梯_7樓以上
房地(土地+建物),大同街３８號十二樓,12.0,1.0,1,24.73,1006216,0.0,,25.133301,121.499457,北投站出口1,173,有電梯_7樓以上
房地(土地+建物)+車位,金湖路４５號八樓,8.0,22.0,1,68.72,971081,10.86,276243.0,25.082404,121.596428,內湖站出口2,229,有電梯_7樓以上
房地(土地+建物),興隆路二段２０３巷１２０號八樓,8.0,28.0,1,29.94,634701,0.0,,25.003156,121.547704,萬隆站出口2,841,有電梯_7樓以上
房地(土地+建物)+車位,街８號十二樓,12.0,16.0,1,34.14,1042561,5.0,400000.0,25.05467,121.606829,南港站出口2,300,有電梯_7樓以上
房地(土地+建物),金湖路３７６號十樓之１,10.0,26.0,1,14.77,1000338,0.0,,25.073617,121.604627,葫洲站出口2,285,有電梯_7樓以上
房地(土地+建物),新生北路三段７號十二樓之１,12.0,43.0,1,48.7,749907,0.0,,25.063389,121.527988,中山國小站出口4,131,有電梯_7樓以上
房地(土地+建物)+車位,公路４１８號十樓之１,10.0,27.0,1,46.52,722644,10.7,233645.0,25.132303,121.502681,北投站出口2,379,有電梯_7樓以上
房地(土地+建物),民權東路六段１８０巷９２號八樓,8.0,9.0,1,46.38,840948,0.0,,25.065602,121.592437,文德站出口1,1606,有電梯_7樓以上
房地(土地+建物)+車位,經貿二路２５５巷９號九樓,9.0,15.0,1,49.39,1106016,14.31,0.0,25.061338,121.614455,南港軟體園區站出口1,177,有電梯_7樓以上
房地(土地+建物)+車位,成功路五段４５０巷２１弄３３號十一樓,11.0,26.0,1,76.25,603294,0.0,,25.073323,121.60838,葫洲站出口1,96,有電梯_7樓以上
房地(土地+建物)+車位,吳興街６００巷３０號十樓,10.0,1.0,1,31.8,1205453,11.17,0.0,25.021016,121.569256,麟光站出口,1107,有電梯_7樓以上
房地(土地+建物)+車位,港墘路１２７巷１６弄１０號十一樓之１,11.0,28.0,1,77.43,947557,26.77,186776.0,25.078102,121.577267,港墘站出口1,270,有電梯_7樓以上
房地(土地+建物)+車位,承德路七段１６８號八樓,8.0,2.0,1,78.17,880644,10.03,299103.0,25.113628,121.508443,石牌站出口1,702,有電梯_7樓以上
房地(土地+建物)+車位,重慶南路三段４１號八樓,8.0,4.0,1,81.52,1404814,11.85,299578.0,25.027876,121.516179,中正紀念堂站出口2,546,有電梯_7樓以上
房地(土地+建物),光復北路２１０巷８號十七樓,17.0,24.0,1,32.69,981827,0.0,,25.055249,121.555387,台北小巨蛋站出口4,483,有電梯_7樓以上
房地(土地+建物)+車位,福美路１９０號十二樓,12.0,8.0,1,58.91,686346,13.02,192012.0,25.100821,121.505532,明德站出口3,1658,有電梯_7樓以上
房地(土地+建物),新生北路二段３１之１號十樓之２,10.0,48.0,1,21.79,741095,0.0,,25.054327,121.527753,松江南京站出口1,543,有電梯_7樓以上
房地(土地+建物)+車位,五常街１１巷５號十三樓,13.0,6.0,1,46.07,1105221,10.62,329567.0,25.064522,121.537885,行天宮站出口4,676,有電梯_7樓以上
房地(土地+建物)+車位,至誠路一段１３６巷１５號十四樓,14.0,7.0,1,120.88,959995,25.3,276680.0,25.102167,121.534724,芝山站出口1,1217,有電梯_7樓以上
房地(土地+建物),復興南路二段３８１號十樓之６,10.0,46.0,1,32.83,1025977,0.0,,25.022201,121.543541,科技大樓站出口,440,有電梯_7樓以上
房地(土地+建物)+車位,興隆路四段１０９巷１３８號八樓,8.0,19.0,1,64.35,554353,4.82,622407.0,24.986899,121.565618,萬芳社區站出口,1329,有電梯_7樓以上
房地(土地+建物),民生東路三段９巷５號十三樓,13.0,41.0,1,43.09,754270,0.0,,25.058924,121.537703,行天宮站出口2,440,有電梯_7樓以上
房地(土地+建物),和平東路三段４６３巷１７號八樓之１,8.0,25.0,1,23.44,853107,0.0,,25.019025,121.559775,麟光站出口,129,有電梯_7樓以上
房地(土地+建物)+車位,士東路８８號十一樓,11.0,7.0,1,70.86,1180562,24.7,202429.0,25.111899,121.528745,明德站出口1,1008,有電梯_7樓以上
房地(土地+建物),福德街３７３巷３３號十一樓,11.0,27.0,1,38.86,649834,0.0,,25.039076,121.591538,後山埤站出口3,1078,有電梯_7樓以上
房地(土地+建物),文德路１００號八樓之６,8.0,29.0,1,8.57,956847,0.0,,25.078312,121.582809,文德站出口2,180,有電梯_7樓以上
房地(土地+建物)+車位,四維路７６巷５號十三樓,13.0,30.0,1,58.53,1013197,0.0,,25.034444,121.547637,大安站出口6,395,有電梯_7樓以上
房地(土地+建物),星雲街１６８巷４３號十九樓之６,19.0,28.0,1,12.23,770861,0.0,,25.080177,121.59724,內湖站出口2,467,有電梯_7樓以上
房地(土地+建物),敦化南路一段２８３號九樓,9.0,44.0,1,56.88,1301077,0.0,,25.035827,121.549343,信義安和站出口1,427,有電梯_7樓以上
房地(土地+建物)+車位,敦化南路一段２８３號九樓之１,9.0,44.0,1,74.35,1297096,16.14,216853.0,25.035827,121.549343,信義安和站出口1,427,有電梯_7樓以上
房地(土地+建物)+車位,辛亥路四段２０９巷２０號二十樓,20.0,5.0,1,44.13,1073114,10.0,280000.0,25.002049,121.55605,萬芳醫院站出口,342,有電梯_7樓以上
房地(土地+建物),寧波東街２４巷１０號八樓之１,8.0,40.0,1,35.92,1199727,0.0,,25.032674,121.520696,中正紀念堂站出口3,176,有電梯_7樓以上
房地(土地+建物)+車位,重慶北路三段１７８號十三樓,13.0,11.0,1,55.34,776983,0.0,,25.068998,121.513525,大橋頭站出口3,585,有電梯_7樓以上
房地(土地+建物),復興北路１９２號十一樓之４,11.0,39.0,1,25.62,1010081,0.0,,25.05562,121.543659,南京復興站出口7,361,有電梯_7樓以上
房地(土地+建物)+車位,松仁路２２８巷９弄５號十三樓,13.0,31.0,1,54.17,956318,11.82,253807.0,25.024937,121.568455,象山站出口2,840,有電梯_7樓以上
房地(土地+建物),和平東路三段３１２號十樓之１,10.0,38.0,1,40.41,674520,0.0,,25.020054,121.556762,麟光站出口,250,有電梯_7樓以上
房地(土地+建物)+車位,大安路二段８０號十一樓,11.0,4.0,1,100.97,1339885,0.0,,25.031641,121.545821,大安站出口4,248,有電梯_7樓以上
房地(土地+建物)+車位,新明路４２８巷１號十二樓之７,12.0,6.0,1,34.78,1020427,9.3,0.0,25.054519,121.579268,松山站出口5,465,有電梯_7樓以上
房地(土地+建物)+車位,星雲街１６０號十三樓,13.0,30.0,1,47.84,974749,11.93,0.0,25.080105,121.596463,內湖站出口2,435,有電梯_7樓以上
房地(土地+建物)+車位,中山北路五段７４６號十二樓之１,12.0,1.0,1,55.66,959451,13.97,214746.0,25.099197,121.527344,芝山站出口1,570,有電梯_7樓以上
房地(土地+建物)+車位,興順街１５５之３號八樓,8.0,25.0,1,49.85,745126,10.93,228728.0,25.0014,121.545372,萬隆站出口2,586,有電梯_7樓以上
房地(土地+建物)+車位,民權東路六段２８０巷１００之１號八樓,8.0,31.0,1,48.47,855175,10.88,0.0,25.069155,121.609124,東湖站出口1,282,有電梯_7樓以上
房地(土地+建物)+車位,五分街１４巷３１號八樓,8.0,16.0,1,74.45,665606,11.95,167364.0,25.067439,121.613803,東湖站出口3,190,有電梯_7樓以上
房地(土地+建物)+車位,三福街７５號十五樓之３,15.0,11.0,1,80.24,824676,13.91,201294.0,24.99792,121.543205,萬隆站出口2,542,有電梯_7樓以上
房地(土地+建物)+車位,民和街９６號十二樓,12.0,2.0,1,81.58,809969,20.59,271977.0,25.025554,121.497575,龍山寺站出口2,1086,有電梯_7樓以上
房地(土地+建物)+車位,吳興街６００巷３２號十一樓,11.0,1.0,1,65.7,1014470,22.32,268817.0,25.021004,121.569148,麟光站出口,1097,有電梯_7樓以上
房地(土地+建物)+車位,向陽路１２０巷２弄２７號十一樓,11.0,1.0,1,45.28,1099474,11.35,246696.0,25.054849,121.597296,昆陽站出口4,592,有電梯_7樓以上
房地(土地+建物)+車位,基河路３０８號十一樓,11.0,1.0,1,35.31,1263061,9.66,331263.0,25.094107,121.518916,士林站出口1,710,有電梯_7樓以上
房地(土地+建物),青年路３０巷４號十二樓之４,12.0,38.0,1,35.47,599028,0.0,,25.026328,121.504219,龍山寺站出口3,1044,有電梯_7樓以上
房地(土地+建物)+車位,松信路５０巷５號十四樓,14.0,12.0,1,97.76,1199871,12.33,202758.0,25.047354,121.571475,松山站出口2,574,有電梯_7樓以上
房地(土地+建物),光復南路２２巷３４號九樓,9.0,33.0,1,41.14,988820,0.0,,25.046808,121.555599,國父紀念館站出口1,563,有電梯_7樓以上
房地(土地+建物)+車位,萬芳路８之３號十七樓,17.0,0.0,1,33.97,1089208,10.65,262911.0,24.994986,121.571156,木柵站出口,421,有電梯_7樓以上
房地(土地+建物)+車位,大興街８０號八樓之２,8.0,0.0,1,37.46,949807,11.56,259516.0,25.130651,121.501717,北投站出口2,257,有電梯_7樓以上
房地(土地+建物),福德街４１５號十一樓,11.0,27.0,1,39.73,568792,0.0,,25.040021,121.591761,後山埤站出口3,1033,有電梯_7樓以上
房地(土地+建物)+車位,忠孝東路五段７４３巷３１弄１９號十六樓,16.0,7.0,1,54.46,1320326,10.24,341797.0,25.044168,121.580168,後山埤站出口1,128,有電梯_7樓以上
房地(土地+建物),復興北路１９０巷１３號十樓,10.0,39.0,1,29.64,950777,0.0,,25.055446,121.542975,南京復興站出口1,325,有電梯_7樓以上
房地(土地+建物),辛亥路一段７９號十一樓之１,11.0,34.0,1,46.74,909242,0.0,,25.021288,121.530541,台電大樓站出口2,190,有電梯_7樓以上
房地(土地+建物),敦化南路二段４６號十五樓之２,15.0,50.0,1,29.43,1267406,0.0,,25.031308,121.548271,信義安和站出口2,452,有電梯_7樓以上
房地(土地+建物)+車位,興南街９９號十七樓,17.0,1.0,1,54.47,1053916,7.12,435393.0,25.055306,121.599102,昆陽站出口4,750,有電梯_7樓以上
房地(土地+建物),民權東路三段１４２號八樓之３,8.0,41.0,1,16.57,769279,0.0,,25.061723,121.546856,中山國中站出口,306,有電梯_7樓以上
房地(土地+建物)+車位,三合街一段７９巷１６號九樓,9.0,9.0,1,91.7,934215,26.77,224131.0,25.125504,121.5051,奇岩站出口3,389,有電梯_7樓以上
房地(土地+建物),萬芳路２２號十一樓之１,11.0,20.0,1,23.07,541720,0.0,,24.995934,121.570438,萬芳社區站出口,358,有電梯_7樓以上
房地(土地+建物),天母北路５６號十四樓之１,14.0,5.0,1,43.79,981506,0.0,,25.121533,121.52636,石牌站出口1,1336,有電梯_7樓以上
房地(土地+建物)+車位,興隆路四段１０９巷１２８號十樓,10.0,12.0,1,60.01,619929,0.0,,24.986604,121.56537,萬芳社區站出口,1367,有電梯_7樓以上
房地(土地+建物)+車位,涼州街２號十二樓之６,12.0,14.0,1,36.59,1039607,11.77,254885.0,25.060812,121.515804,大橋頭站出口2,369,有電梯_7樓以上
房地(土地+建物),中山北路七段２１３之１０號八樓,8.0,40.0,1,38.74,618981,0.0,,25.126395,121.532787,石牌站出口1,2175,有電梯_7樓以上
房地(土地+建物),星雲街１６８巷７號十四樓之１,14.0,30.0,1,24.45,911321,0.0,,25.080667,121.596738,內湖站出口2,393,有電梯_7樓以上
房地(土地+建物)+車位,金湖路３２８之１號十樓,10.0,23.0,1,66.06,880438,12.39,201776.0,25.074519,121.601485,葫洲站出口2,616,有電梯_7樓以上
房地(土地+建物)+車位,金湖路３２８之２號十樓,10.0,23.0,1,78.45,880488,24.79,201694.0,25.074519,121.601485,葫洲站出口2,616,有電梯_7樓以上
房地(土地+建物)+車位,成功路四段６９號十二樓,12.0,12.0,1,107.59,795858,10.99,0.0,25.082122,121.592646,內湖站出口1,243,有電梯_7樓以上
房地(土地+建物)+車位,中山北路五段７５９號十五樓,15.0,1.0,1,98.37,1027655,22.61,316232.0,25.099362,121.526631,芝山站出口1,501,有電梯_7樓以上
房地(土地+建物),成功路四段７１號十二樓,12.0,12.0,1,96.78,721233,0.0,,25.082203,121.592769,內湖站出口1,228,有電梯_7樓以上
房地(土地+建物)+車位,中山北路七段８１巷１６弄９號十一樓,11.0,3.0,1,58.11,967020,4.54,660793.0,25.122196,121.530453,石牌站出口2,1725,有電梯_7樓以上
房地(土地+建物)+車位,木柵路一段３１３號二十一樓之１,21.0,1.0,1,60.41,1019983,8.79,341297.0,24.987886,121.552169,大坪林站出口5,1062,有電梯_7樓以上
房地(土地+建物)+車位,大同街２０號八樓,8.0,1.0,1,34.77,1039783,10.04,298805.0,25.133229,121.499339,北投站出口1,159,有電梯_7樓以上
房地(土地+建物)+車位,民權東路六段２８０巷６９弄６６號九樓,9.0,18.0,1,46.33,848980,11.94,209380.0,25.069111,121.606534,葫洲站出口2,386,有電梯_7樓以上
房地(土地+建物)+車位,石牌路二段３６３號十二樓之１,12.0,0.0,1,49.97,1008103,11.35,268722.0,25.123951,121.525611,石牌站出口1,1444,有電梯_7樓以上
房地(土地+建物)+車位,歸綏街５８號八樓之２,8.0,7.0,1,29.15,945676,9.53,230850.0,25.059072,121.517137,雙連站出口2,377,有電梯_7樓以上
房地(土地+建物),和平東路三段１巷４４號八樓,8.0,40.0,1,35.3,841319,0.0,,25.026569,121.546584,科技大樓站出口,301,有電梯_7樓以上
房地(土地+建物)+車位,承德路四段２７７巷３５號九樓之３,9.0,15.0,1,35.09,854872,0.0,,25.090409,121.519518,士林站出口2,748,有電梯_7樓以上
房地(土地+建物)+車位,北安路６０８巷４弄６之５號十一樓,11.0,32.0,1,102.9,846203,26.08,153374.0,25.081415,121.549307,大直站出口1,267,有電梯_7樓以上
房地(土地+建物)+車位,西安街二段２７５巷５號八樓之２,8.0,19.0,1,36.4,951763,11.18,268336.0,25.120168,121.506959,唭哩岸站出口1,60,有電梯_7樓以上
房地(土地+建物),南港路二段３８巷３９號九樓,9.0,16.0,1,36.63,955431,0.0,,25.055686,121.605142,南港站出口1,437,有電梯_7樓以上
房地(土地+建物),中央北路二段３５０巷７８號十一樓,11.0,10.0,1,55.47,531854,0.0,,25.139474,121.489046,復興崗站出口1,418,有電梯_7樓以上
房地(土地+建物),敦化南路二段１２８號八樓之２,8.0,46.0,1,51.11,1024842,0.0,,25.026092,121.548377,科技大樓站出口,478,有電梯_7樓以上
房地(土地+建物)+車位,汀州路四段２０３號十四樓,14.0,15.0,1,57.4,694745,0.0,,25.003118,121.535842,萬隆站出口4,279,有電梯_7樓以上
房地(土地+建物)+車位,明水路４３３號十二樓,12.0,31.0,1,68.79,945880,10.33,290416.0,25.077503,121.549211,大直站出口3,309,有電梯_7樓以上
房地(土地+建物)+車位,經貿二路１８５巷５６號八樓,8.0,15.0,1,56.67,1121804,8.53,293083.0,25.061701,121.616602,南港軟體園區站出口1,164,有電梯_7樓以上
房地(土地+建物)+車位,延壽街３３２號十樓之２,10.0,16.0,1,63.99,862665,0.0,,25.056447,121.559878,南京三民站出口1,631,有電梯_7樓以上
房地(土地+建物)+車位,新富街１３９號八樓,8.0,12.0,1,66.22,1000168,12.73,196386.0,25.060406,121.586243,昆陽站出口2,1295,有電梯_7樓以上
房地(土地+建物)+車位,建國北路三段７１號十四樓之５,14.0,10.0,1,32.6,1003478,7.99,375469.0,25.065123,121.537204,行天宮站出口4,678,有電梯_7樓以上
房地(土地+建物),福德街４２７號八樓,8.0,27.0,1,38.71,668546,0.0,,25.039797,121.592707,後山埤站出口3,1126,有電梯_7樓以上
房地(土地+建物)+車位,三合街一段３８號九樓之６,9.0,7.0,1,46.36,971678,13.75,218182.0,25.127272,121.505932,奇岩站出口1,514,有電梯_7樓以上
房地(土地+建物)+車位,萬芳路８之３號十六樓,16.0,0.0,1,28.64,1087064,5.32,404135.0,24.994986,121.571156,木柵站出口,421,有電梯_7樓以上
房地(土地+建物)+車位,士東路２１０號十二樓,12.0,1.0,1,53.28,1313514,9.2,391304.0,25.112513,121.533967,芝山站出口2,1517,有電梯_7樓以上
房地(土地+建物)+車位,士東路２０８號十二樓,12.0,1.0,1,78.69,1364905,18.39,391517.0,25.11259,121.533923,芝山站出口2,1519,有電梯_7樓以上
房地(土地+建物),木柵路四段１４１號八樓之３,8.0,14.0,1,37.75,815983,0.0,,24.998222,121.573873,木柵站出口,46,有電梯_7樓以上
房地(土地+建物),復興北路２１４號十二樓之２,12.0,39.0,1,33.76,865033,0.0,,25.056484,121.543519,南京復興站出口1,452,有電梯_7樓以上
房地(土地+建物)+車位,萬芳路８之１３號十五樓,15.0,0.0,1,40.5,1080416,5.32,375940.0,24.998794,121.565932,萬芳社區站出口,251,有電梯_7樓以上
房地(土地+建物)+車位,福志路２７號十三樓,13.0,0.0,1,79.56,1346974,21.0,380952.0,25.098291,121.531314,士林站出口1,712,有電梯_7樓以上
房地(土地+建物),三元街２１７號十二樓之１,12.0,33.0,1,11.07,812899,0.0,,25.027658,121.513373,中正紀念堂站出口2,722,有電梯_7樓以上
房地(土地+建物)+車位,重陽路１２５巷３６弄１１號九樓,9.0,16.0,1,97.62,847098,21.71,230309.0,25.057765,121.597072,昆陽站出口4,865,有電梯_7樓以上
房地(土地+建物)+車位,福興路１０６巷２８弄１號八樓,8.0,15.0,1,32.62,835030,11.07,0.0,25.006575,121.550103,辛亥站出口,716,有電梯_7樓以上
房地(土地+建物),重陽路５０３號九樓之２,9.0,19.0,1,14.69,1055402,0.0,,25.061707,121.61255,南港軟體園區站出口1,364,有電梯_7樓以上
房地(土地+建物)+車位,萬芳路８之７號十五樓,15.0,0.0,1,27.52,1117095,5.32,375940.0,24.998357,121.570704,萬芳社區站出口,233,有電梯_7樓以上
房地(土地+建物)+車位,文林北路９４巷３３號十二樓之３,12.0,14.0,1,64.79,1054441,11.8,0.0,25.106497,121.51838,明德站出口1,321,有電梯_7樓以上
房地(土地+建物)+車位,敬業三路１６２巷５號九樓,9.0,25.0,1,47.1,693900,0.0,,25.079277,121.557225,劍南路站出口3,573,有電梯_7樓以上
房地(土地+建物)+車位,敬業三路１６２巷７號九樓,9.0,25.0,1,46.89,696944,0.0,,25.079303,121.55713,劍南路站出口3,568,有電梯_7樓以上
房地(土地+建物)+車位,南京東路三段８９巷２８號九樓,9.0,-1.0,1,62.08,1428980,18.45,352304.0,25.052938,121.538295,南京復興站出口2,383,有電梯_7樓以上
房地(土地+建物)+車位,五分街７２巷３號九樓之３,9.0,17.0,1,45.69,953957,11.81,0.0,25.067144,121.616305,東湖站出口3,437,有電梯_7樓以上
房地(土地+建物)+車位,萬芳路８之７號二十四樓,24.0,-1.0,1,49.2,1204204,10.65,281690.0,24.998357,121.570704,萬芳社區站出口,233,有電梯_7樓以上
房地(土地+建物)+車位,南京東路三段８９巷２０號十樓,10.0,-1.0,1,45.07,1424120,9.91,383451.0,25.052938,121.538295,南京復興站出口2,383,有電梯_7樓以上
房地(土地+建物)+車位,萬芳路８之９號二十樓,20.0,-1.0,1,46.92,1071790,10.65,281690.0,24.998382,121.57065,萬芳社區站出口,227,有電梯_7樓以上
房地(土地+建物)+車位,萬芳路８號二十四樓,24.0,-1.0,1,54.15,1191923,21.3,262911.0,24.996857,121.570726,萬芳社區站出口,302,有電梯_7樓以上
房地(土地+建物)+車位,萬芳路８之３號十八樓,18.0,-1.0,1,33.97,1093925,10.65,244131.0,24.994986,121.571156,木柵站出口,421,有電梯_7樓以上
房地(土地+建物)+車位,萬芳路８號十二樓,12.0,-1.0,1,37.44,1013597,5.32,338346.0,24.996857,121.570726,萬芳社區站出口,302,有電梯_7樓以上
房地(土地+建物)+車位,萬芳路１０７巷３號十二樓,12.0,16.0,1,50.51,871690,12.22,204583.0,24.996794,121.562482,萬芳醫院站出口,558,有電梯_7樓以上
房地(土地+建物)+車位,萬芳路８之７號二十樓,20.0,-1.0,1,27.49,1122687,5.32,375940.0,24.998357,121.570704,萬芳社區站出口,233,有電梯_7樓以上
房地(土地+建物)+車位,南京東路三段８９巷２８號十樓,10.0,-1.0,1,52.17,1432417,8.54,386417.0,25.052938,121.538295,南京復興站出口2,383,有電梯_7樓以上
房地(土地+建物)+車位,萬芳路８之７號二十五樓,25.0,-1.0,1,50.19,1069810,10.65,272300.0,24.998357,121.570704,萬芳社區站出口,233,有電梯_7樓以上
房地(土地+建物),萬芳路８之１號八樓,8.0,-1.0,1,22.6,1138066,0.0,,24.994708,121.571189,木柵站出口,446,有電梯_7樓以上
房地(土地+建物),萬芳路８之５號二十一樓,21.0,-1.0,1,23.81,1126850,0.0,,24.99809,121.570992,木柵站出口,245,有電梯_7樓以上
房地(土地+建物)+車位,萬芳路８之２號二十五樓,25.0,-1.0,1,29.29,1129742,5.32,375940.0,24.996857,121.570726,萬芳社區站出口,302,有電梯_7樓以上
房地(土地+建物)+車位,萬芳路８之７號二十六樓,26.0,-1.0,1,50.19,1071834,10.65,281690.0,24.998357,121.570704,萬芳社區站出口,233,有電梯_7樓以上
房地(土地+建物)+車位,萬芳路８之２號十八樓,18.0,-1.0,1,29.29,1115975,5.32,357143.0,24.996857,121.570726,萬芳社區站出口,302,有電梯_7樓以上
房地(土地+建物),同安街１０１巷２１號九樓,9.0,-1.0,1,20.67,996623,0.0,,25.02122,121.521357,古亭站出口2,517,有電梯_7樓以上
房地(土地+建物)+車位,南京東路三段８９巷２０號十四樓,14.0,-1.0,1,44.91,1494320,9.91,332997.0,25.052938,121.538295,南京復興站出口2,383,有電梯_7樓以上
房地(土地+建物)+車位,南京東路三段８９巷２０號十三樓,13.0,-1.0,1,45.07,1506587,9.91,343088.0,25.052938,121.538295,南京復興站出口2,383,有電梯_7樓以上
房地(土地+建物)+車位,南京東路三段８９巷２６號十一樓,11.0,-1.0,1,56.39,1431211,9.91,332997.0,25.052938,121.538295,南京復興站出口2,383,有電梯_7樓以上
房地(土地+建物)+車位,南京東路三段８９巷２６號十二樓,12.0,-1.0,1,56.39,1416583,9.91,373360.0,25.052938,121.538295,南京復興站出口2,383,有電梯_7樓以上
房地(土地+建物)+車位,南京東路三段８９巷２６號九樓,9.0,-1.0,1,56.39,1400449,9.91,393542.0,25.052938,121.538295,南京復興站出口2,383,有電梯_7樓以上
房地(土地+建物)+車位,南京東路三段８９巷２８號十二樓,12.0,-1.0,1,53.62,1415460,9.91,322906.0,25.052938,121.538295,南京復興站出口2,383,有電梯_7樓以上
房地(土地+建物)+車位,同安街１０１巷１９號九樓,9.0,-1.0,1,40.81,908199,3.04,625000.0,25.021251,121.521395,古亭站出口2,512,有電梯_7樓以上
房地(土地+建物)+車位,南京東路三段８９巷２６號十樓,10.0,-1.0,1,56.39,1408838,9.91,373360.0,25.052938,121.538295,南京復興站出口2,383,有電梯_7樓以上
房地(土地+建物)+車位,南京東路三段８９巷２０號九樓,9.0,-1.0,1,45.07,1423267,9.91,332997.0,25.052938,121.538295,南京復興站出口2,383,有電梯_7樓以上
房地(土地+建物)+車位,南京東路三段８９巷２０號十一樓,11.0,-1.0,1,45.07,1424689,9.91,353179.0,25.052938,121.538295,南京復興站出口2,383,有電梯_7樓以上
房地(土地+建物)+車位,南京東路三段８９巷２６號八樓,8.0,-1.0,1,56.39,1374204,9.91,353179.0,25.052938,121.538295,南京復興站出口2,383,有電梯_7樓以上
房地(土地+建物)+車位,南京東路三段８９巷２２號十四樓,14.0,-1.0,1,55.27,1439600,9.91,403633.0,25.052938,121.538295,南京復興站出口2,383,有電梯_7樓以上
房地(土地+建物)+車位,文林北路１５７號十三樓,13.0,-1.0,1,51.22,1206864,9.95,361809.0,25.10652,121.515874,明德站出口1,452,有電梯_7樓以上
房地(土地+建物)+車位,文林北路１５７號十四樓,14.0,-1.0,1,51.22,1232068,9.95,386935.0,25.10652,121.515874,明德站出口1,452,有電梯_7樓以上
房地(土地+建物)+車位,文林北路１５９號十三樓,13.0,-1.0,1,53.56,1230584,9.95,386935.0,25.10652,121.515874,明德站出口1,452,有電梯_7樓以上
房地(土地+建物)+車位,文林北路１５９號十四樓,14.0,-1.0,1,63.51,1244573,19.9,371859.0,25.10652,121.515874,明德站出口1,452,有電梯_7樓以上
房地(土地+建物)+車位,文林北路１６１號十三樓,13.0,-1.0,1,35.81,1251613,9.95,346734.0,25.10652,121.515874,明德站出口1,452,有電梯_7樓以上
房地(土地+建物)+車位,文林北路１６５號十三樓,13.0,-1.0,1,48.99,1183567,9.95,371859.0,25.10652,121.515874,明德站出口1,452,有電梯_7樓以上
房地(土地+建物)+車位,三合街一段８２巷３０弄１５號九樓,9.0,-1.0,1,37.07,890050,10.82,277264.0,25.127946,121.504846,奇岩站出口1,439,有電梯_7樓以上
房地(土地+建物)+車位,三合街一段８２巷３０弄１５號八樓,8.0,-1.0,1,37.07,885479,10.82,277264.0,25.127946,121.504846,奇岩站出口1,439,有電梯_7樓以上
房地(土地+建物)+車位,文林北路１５７號十二樓,12.0,-1.0,1,51.22,1171725,9.95,361809.0,25.10652,121.515874,明德站出口1,452,有電梯_7樓以上
房地(土地+建物)+車位,文林北路１５９號十二樓,12.0,-1.0,1,53.56,1194809,9.95,366834.0,25.10652,121.515874,明德站出口1,452,有電梯_7樓以上
房地(土地+建物)+車位,文林北路１６１號十四樓,14.0,-1.0,1,35.81,1245811,9.95,341709.0,25.10652,121.515874,明德站出口1,452,有電梯_7樓以上
房地(土地+建物)+車位,文林北路１６５號十二樓,12.0,-1.0,1,48.99,1153594,9.95,361809.0,25.10652,121.515874,明德站出口1,452,有電梯_7樓以上
房地(土地+建物)+車位,文林北路１６５號十四樓,14.0,-1.0,1,48.99,1185617,9.95,361809.0,25.10652,121.515874,明德站出口1,452,有電梯_7樓以上
房地(土地+建物)+車位,文林北路１６７號十四樓,14.0,-1.0,1,44.81,1154817,9.95,336683.0,25.10779,121.514221,明德站出口3,497,有電梯_7樓以上
房地(土地+建物)+車位,南京東路三段８９巷２２號十三樓,13.0,-1.0,1,55.53,1439502,9.91,363269.0,25.052938,121.538295,南京復興站出口2,383,有電梯_7樓以上
房地(土地+建物)+車位,文林北路１５７號十一樓,11.0,-1.0,1,51.22,1158638,9.95,366834.0,25.10652,121.515874,明德站出口1,452,有電梯_7樓以上
房地(土地+建物)+車位,文林北路１６７號十三樓,13.0,-1.0,1,44.81,1150514,9.95,321608.0,25.10779,121.514221,明德站出口3,497,有電梯_7樓以上
房地(土地+建物)+車位,文林北路１６１號十樓,10.0,-2.0,1,35.81,1175031,9.95,261307.0,25.10652,121.515874,明德站出口1,452,有電梯_7樓以上
房地(土地+建物)+車位,文林北路１６１號十一樓,11.0,-2.0,1,35.81,1195917,9.95,306533.0,25.10652,121.515874,明德站出口1,452,有電梯_7樓以上
房地(土地+建物)+車位,文林北路１６３號十二樓,12.0,-2.0,1,35.81,1199011,9.95,341709.0,25.10652,121.515874,明德站出口1,452,有電梯_7樓以上
房地(土地+建物)+車位,文林北路１６３號十三樓,13.0,-2.0,1,35.81,1208681,9.95,326633.0,25.10652,121.515874,明德站出口1,452,有電梯_7樓以上
房地(土地+建物)+車位,文林北路１６５號十一樓,11.0,-2.0,1,48.99,1143346,9.95,346734.0,25.10652,121.515874,明德站出口1,452,有電梯_7樓以上
房地(土地+建物)+車位,文林北路１６７號十二樓,12.0,-2.0,1,44.81,1129282,9.95,341709.0,25.10779,121.514221,明德站出口3,497,有電梯_7樓以上
房地(土地+建物)+車位,文林北路１５７號八樓,8.0,-2.0,1,51.22,1113562,9.95,351759.0,25.10652,121.515874,明德站出口1,452,有電梯_7樓以上
房地(土地+建物)+車位,文林北路１５７號十樓,10.0,-2.0,1,51.22,1132465,9.95,331658.0,25.10652,121.515874,明德站出口1,452,有電梯_7樓以上
房地(土地+建物)+車位,文林北路１５９號九樓,9.0,-2.0,1,53.56,1158116,9.95,321608.0,25.10652,121.515874,明德站出口1,452,有電梯_7樓以上
房地(土地+建物)+車位,文林北路１６３號十四樓,14.0,-2.0,1,35.81,1221444,9.95,356784.0,25.10652,121.515874,明德站出口1,452,有電梯_7樓以上
房地(土地+建物),文林北路１６７號十一樓,11.0,-2.0,1,34.85,1115797,0.0,,25.10779,121.514221,明德站出口3,497,有電梯_7樓以上
房地(土地+建物)+車位,文林北路１６１號八樓,8.0,-2.0,1,35.81,1155692,9.95,341709.0,25.10652,121.515874,明德站出口1,452,有電梯_7樓以上
房地(土地+建物),文林北路１６１號九樓,9.0,-2.0,1,25.85,1166522,0.0,,25.10652,121.515874,明德站出口1,452,有電梯_7樓以上
房地(土地+建物)+車位,文林北路１６３號九樓,9.0,-2.0,1,35.81,1162267,9.95,306533.0,25.10652,121.515874,明德站出口1,452,有電梯_7樓以上
房地(土地+建物)+車位,文林北路１６３號八樓,8.0,-2.0,1,35.81,1148730,9.95,271357.0,25.10652,121.515874,明德站出口1,452,有電梯_7樓以上
房地(土地+建物)+車位,文林北路１６３號十樓,10.0,-2.0,1,35.81,1167295,9.95,311558.0,25.10652,121.515874,明德站出口1,452,有電梯_7樓以上
房地(土地+建物)+車位,文林北路１６３號十一樓,11.0,-2.0,1,35.81,1179672,9.95,336683.0,25.10652,121.515874,明德站出口1,452,有電梯_7樓以上
房地(土地+建物)+車位,文林北路１６７號九樓,9.0,-2.0,1,44.81,1096861,9.95,331658.0,25.10779,121.514221,明德站出口3,497,有電梯_7樓以上
房地(土地+建物)+車位,文林北路１６７號十樓,10.0,-2.0,1,44.81,1104034,9.95,261307.0,25.10779,121.514221,明德站出口3,497,有電梯_7樓以上
房地(土地+建物),南京東路三段８９巷２２號十二樓,12.0,-2.0,1,47.62,1419497,0.0,,25.052938,121.538295,南京復興站出口2,383,有電梯_7樓以上
房地(土地+建物)+車位,南京東路三段８９巷２８號十一樓,11.0,-2.0,1,53.54,1364349,9.91,363269.0,25.052938,121.538295,南京復興站出口2,383,有電梯_7樓以上
房地(土地+建物)+車位,三合街一段８２巷３０弄７號八樓,8.0,-2.0,1,35.56,888979,10.82,277264.0,25.127946,121.504846,奇岩站出口1,439,有電梯_7樓以上
房地(土地+建物)+車位,三合街一段８２巷３０弄１７號八樓,8.0,-2.0,1,52.97,950035,10.82,258780.0,25.127946,121.504846,奇岩站出口1,439,有電梯_7樓以上
房地(土地+建物)+車位,文林北路１６５號八樓,8.0,-2.0,1,48.99,1100820,9.95,306533.0,25.10652,121.515874,明德站出口1,452,有電梯_7樓以上
房地(土地+建物)+車位,南京東路三段８９巷２６號十三樓,13.0,-2.0,1,44.26,1489957,8.54,362998.0,25.052938,121.538295,南京復興站出口2,383,有電梯_7樓以上
房地(土地+建物)+車位,南京東路三段８９巷２８號十三樓,13.0,-2.0,1,44.55,1462793,9.91,363269.0,25.052938,121.538295,南京復興站出口2,383,有電梯_7樓以上
房地(土地+建物)+車位,三合街一段８２巷３０弄７號九樓,9.0,-2.0,1,35.56,892616,10.82,295749.0,25.127946,121.504846,奇岩站出口1,439,有電梯_7樓以上
房地(土地+建物)+車位,三合街一段８２巷３０弄１３號九樓,9.0,-2.0,1,48.16,881080,10.82,258780.0,25.127946,121.504846,奇岩站出口1,439,有電梯_7樓以上
房地(土地+建物)+車位,三合街一段８２巷３０弄５號九樓,9.0,-2.0,1,32.98,889809,12.98,246533.0,25.127946,121.504846,奇岩站出口1,439,有電梯_7樓以上
房地(土地+建物)+車位,文林北路１５７號九樓,9.0,-2.0,1,51.22,1124953,9.95,341709.0,25.10652,121.515874,明德站出口1,452,有電梯_7樓以上
房地(土地+建物)+車位,文林北路１５９號八樓,8.0,-2.0,1,53.56,1141604,9.95,341709.0,25.10652,121.515874,明德站出口1,452,有電梯_7樓以上
房地(土地+建物)+車位,西藏路４２８巷９號十一樓之２,11.0,-2.0,1,51.03,809882,10.28,291829.0,25.030244,121.497232,龍山寺站出口2,600,有電梯_7樓以上
房地(土地+建物),南京東路三段８９巷２２號十樓,10.0,-2.0,1,47.67,1413771,0.0,,25.052938,121.538295,南京復興站出口2,383,有電梯_7樓以上
房地(土地+建物)+車位,南京東路三段８９巷２２號十一樓,11.0,-2.0,1,66.12,1456595,19.81,363453.0,25.052938,121.538295,南京復興站出口2,383,有電梯_7樓以上
房地(土地+建物)+車位,三合街一段８２巷３０弄１７號九樓,9.0,-2.0,1,52.97,882430,10.82,258780.0,25.127946,121.504846,奇岩站出口1,439,有電梯_7樓以上
房地(土地+建物)+車位,文林北路１６５號十樓,10.0,-2.0,1,48.99,1123364,9.95,331658.0,25.10652,121.515874,明德站出口1,452,有電梯_7樓以上
房地(土地+建物)+車位,文林北路１６５號九樓,9.0,-2.0,1,48.99,1118240,9.95,341709.0,25.10652,121.515874,明德站出口1,452,有電梯_7樓以上
房地(土地+建物)+車位,文林北路１６７號八樓,8.0,-2.0,1,44.81,1081655,9.95,291457.0,25.10779,121.514221,明德站出口3,497,有電梯_7樓以上
房地(土地+建物)+車位,南京東路三段８９巷２０號十二樓,12.0,-2.0,1,45.07,1437485,9.91,363269.0,25.052938,121.538295,南京復興站出口2,383,有電梯_7樓以上
房地(土地+建物),南京東路三段８９巷２２號八樓,8.0,-2.0,1,47.67,1410624,0.0,,25.052938,121.538295,南京復興站出口2,383,有電梯_7樓以上
房地(土地+建物)+車位,三合街一段８２巷３０弄３號八樓,8.0,-2.0,1,62.46,910680,10.82,277264.0,25.127946,121.504846,奇岩站出口1,439,有電梯_7樓以上
房地(土地+建物)+車位,西藏路４２８巷９號十三樓之１,13.0,-2.0,1,37.65,822154,10.28,291829.0,25.030244,121.497232,龍山寺站出口2,600,有電梯_7樓以上
房地(土地+建物),西藏路４２８巷７號十三樓之３,13.0,-3.0,1,26.69,820639,0.0,,25.030122,121.497221,龍山寺站出口2,612,有電梯_7樓以上
房地(土地+建物)+車位,西園路二段２８１巷１號十三樓,13.0,-3.0,1,40.08,651158,5.28,265152.0,25.024438,121.492134,龍山寺站出口2,1416,有電梯_7樓以上
房地(土地+建物)+車位,市民大道八段１９７號十八樓,18.0,-3.0,1,172.65,1482665,74.58,219898.0,25.052032,121.598183,昆陽站出口4,471,有電梯_7樓以上
房地(土地+建物)+車位,西藏路４２８巷９號十三樓之２,13.0,-3.0,1,51.03,803746,10.28,291829.0,25.030244,121.497232,龍山寺站出口2,600,有電梯_7樓以上
房地(土地+建物)+車位,西藏路４２８巷７號十三樓之２,13.0,-3.0,1,51.07,801745,10.28,291829.0,25.030122,121.497221,龍山寺站出口2,612,有電梯_7樓以上
房地(土地+建物)+車位,西藏路４２８巷９號十樓之２,10.0,-3.0,1,51.03,777977,10.28,272374.0,25.030244,121.497232,龍山寺站出口2,600,有電梯_7樓以上
房地(土地+建物)+車位,明水路３６７號十九樓之５,19.0,-3.0,1,60.63,1488840,20.95,248210.0,25.077559,121.544868,大直站出口2,299,有電梯_7樓以上
房地(土地+建物)+車位,西藏路４２８巷７號十二樓之２,12.0,-3.0,1,51.07,784583,10.28,291829.0,25.030122,121.497221,龍山寺站出口2,612,有電梯_7樓以上
房地(土地+建物)+車位,三元街８５號十九樓之１,19.0,-3.0,1,35.66,915287,11.12,260791.0,25.028834,121.510041,小南門站出口4,725,有電梯_7樓以上
房地(土地+建物)+車位,三元街８５號十九樓之２,19.0,-3.0,1,58.14,901734,11.12,251799.0,25.028834,121.510041,小南門站出口4,725,有電梯_7樓以上
房地(土地+建物)+車位,忠孝東路五段４２３巷９號十二樓,12.0,-2.0,1,116.66,1293397,36.37,261204.0,25.041952,121.575275,永春站出口1,108,有電梯_7樓以上
房地(土地+建物)+車位,西園路二段２８１巷１號十一樓之３,11.0,-3.0,1,31.21,664628,5.28,265152.0,25.024438,121.492134,龍山寺站出口2,1416,有電梯_7樓以上
房地(土地+建物)+車位,木柵路一段３１３號二十二樓之５,22.0,-2.0,1,77.36,645534,17.58,281570.0,24.987886,121.552169,大坪林站出口5,1062,有電梯_7樓以上
房地(土地+建物)+車位,明水路３６７號十四樓之５,14.0,-3.0,1,50.15,1399883,10.47,219675.0,25.077559,121.544868,大直站出口2,299,有電梯_7樓以上
房地(土地+建物)+車位,西園路二段２８１巷１號十三樓之３,13.0,-3.0,1,31.21,666941,5.28,265152.0,25.024438,121.492134,龍山寺站出口2,1416,有電梯_7樓以上
房地(土地+建物)+車位,西藏路４２８巷７號十一樓之３,11.0,-3.0,1,36.97,771551,10.28,262646.0,25.030122,121.497221,龍山寺站出口2,612,有電梯_7樓以上
房地(土地+建物)+車位,西藏路４２８巷９號十一樓之１,11.0,-3.0,1,37.65,764421,10.28,311284.0,25.030244,121.497232,龍山寺站出口2,600,有電梯_7樓以上
房地(土地+建物)+車位,西園路二段２８１巷１號十三樓之１,13.0,-3.0,1,39.97,635663,10.55,218009.0,25.024438,121.492134,龍山寺站出口2,1416,有電梯_7樓以上
房地(土地+建物),西園路二段２８１巷１號十二樓之２,12.0,-3.0,1,24.78,609269,0.0,,25.024438,121.492134,龍山寺站出口2,1416,有電梯_7樓以上
房地(土地+建物)+車位,西園路二段２８１巷１號十一樓之１,11.0,-3.0,1,39.97,649261,10.55,218009.0,25.024438,121.492134,龍山寺站出口2,1416,有電梯_7樓以上
房地(土地+建物)+車位,西園路二段２８１巷１號十樓之３,10.0,-3.0,1,31.21,632244,5.28,265152.0,25.024438,121.492134,龍山寺站出口2,1416,有電梯_7樓以上
房地(土地+建物)+車位,西園路二段２８１巷１號十四樓之２,14.0,-3.0,1,30.06,652846,5.28,265152.0,25.024438,121.492134,龍山寺站出口2,1416,有電梯_7樓以上
房地(土地+建物)+車位,西園路二段２８１巷１號十四樓之１,14.0,-3.0,1,39.97,676455,10.55,218009.0,25.024438,121.492134,龍山寺站出口2,1416,有電梯_7樓以上
房地(土地+建物)+車位,南京東路六段３６１號九樓,9.0,-3.0,1,67.24,1025505,15.12,410053.0,25.06091,121.587703,昆陽站出口2,1277,有電梯_7樓以上
房地(土地+建物)+車位,南京東路六段３５９號九樓,9.0,-3.0,1,46.8,1030654,7.56,410053.0,25.060909,121.587701,昆陽站出口2,1277,有電梯_7樓以上
房地(土地+建物)+車位,南京東路六段３６１號十四樓,14.0,-3.0,1,67.24,1065988,15.12,410053.0,25.06091,121.587703,昆陽站出口2,1277,有電梯_7樓以上
房地(土地+建物)+車位,南京東路六段３５９號十四樓,14.0,-3.0,1,46.8,1071177,7.56,410053.0,25.060909,121.587701,昆陽站出口2,1277,有電梯_7樓以上
房地(土地+建物)+車位,西藏路４２８巷７號十樓之２,10.0,-3.0,1,51.07,733830,10.28,272374.0,25.030122,121.497221,龍山寺站出口2,612,有電梯_7樓以上
房地(土地+建物)+車位,南京東路六段３５３號十樓,10.0,-3.0,1,46.8,1050023,7.56,383598.0,25.060907,121.587696,昆陽站出口2,1277,有電梯_7樓以上
房地(土地+建物)+車位,南京東路六段３５３號十一樓,11.0,-3.0,1,46.8,1061492,7.56,410053.0,25.060907,121.587696,昆陽站出口2,1277,有電梯_7樓以上
房地(土地+建物)+車位,西園路二段２８１巷１號九樓,9.0,-3.0,1,40.08,591962,5.28,321970.0,25.024438,121.492134,龍山寺站出口2,1416,有電梯_7樓以上
房地(土地+建物),西園路二段２８１巷１號九樓之３,9.0,-3.0,1,25.94,611427,0.0,,25.024438,121.492134,龍山寺站出口2,1416,有電梯_7樓以上
房地(土地+建物)+車位,西園路二段２８１巷１號十三樓之２,13.0,-3.0,1,30.06,621374,5.28,321970.0,25.024438,121.492134,龍山寺站出口2,1416,有電梯_7樓以上
房地(土地+建物)+車位,南京東路六段３５３號八樓,8.0,-3.0,1,46.8,1032183,7.56,357143.0,25.060907,121.587696,昆陽站出口2,1277,有電梯_7樓以上
房地(土地+建物)+車位,西園路二段２８１巷１號十樓,10.0,-3.0,1,40.08,612077,5.28,321970.0,25.024438,121.492134,龍山寺站出口2,1416,有電梯_7樓以上
房地(土地+建物)+車位,南京東路六段３６１號十一樓,11.0,-3.0,1,59.68,1056203,7.56,357143.0,25.06091,121.587703,昆陽站出口2,1277,有電梯_7樓以上
房地(土地+建物)+車位,三元街８５號十六樓之２,16.0,-3.0,1,58.14,914494,11.12,296763.0,25.028834,121.510041,小南門站出口4,725,有電梯_7樓以上
房地(土地+建物)+車位,大安路一段２０６巷１５號十二樓,12.0,-4.0,1,48.22,1482888,5.4,555556.0,25.034681,121.545149,大安站出口6,160,有電梯_7樓以上
房地(土地+建物)+車位,中山北路六段４０５巷４５弄８號十三樓之１,13.0,-4.0,1,37.76,1160357,19.45,331620.0,25.115873,121.526171,明德站出口2,993,有電梯_7樓以上
房地(土地+建物)+車位,三元街８５號十五樓之２,15.0,-4.0,1,69.26,899878,22.25,224719.0,25.028834,121.510041,小南門站出口4,725,有電梯_7樓以上
房地(土地+建物),明水路３６７號八樓之５,8.0,-4.0,1,39.68,1231796,0.0,,25.077559,121.544868,大直站出口2,299,有電梯_7樓以上
房地(土地+建物)+車位,大安路一段２０６巷１３號十一樓,11.0,-4.0,1,48.22,1509744,5.4,555556.0,25.034679,121.545203,大安站出口6,164,有電梯_7樓以上
房地(土地+建物)+車位,大安路一段２０６巷１５號十一樓,11.0,-4.0,1,48.22,1502738,5.4,555556.0,25.034681,121.545149,大安站出口6,160,有電梯_7樓以上
房地(土地+建物)+車位,西藏路４２８巷７號十樓,10.0,-4.0,1,56.15,723428,10.28,291829.0,25.030122,121.497221,龍山寺站出口2,612,有電梯_7樓以上
房地(土地+建物)+車位,三元街８５號二十樓之２,20.0,-4.0,1,58.14,912367,11.12,287770.0,25.028834,121.510041,小南門站出口4,725,有電梯_7樓以上
房地(土地+建物)+車位,仙岩路１６巷３２號十樓,10.0,-4.0,1,57.07,695594,12.0,204167.0,24.997594,121.549214,萬芳醫院站出口,882,有電梯_7樓以上
房地(土地+建物)+車位,仙岩路１６巷３２號九樓之２,9.0,-4.0,1,37.29,655465,12.0,216667.0,24.997594,121.549214,萬芳醫院站出口,882,有電梯_7樓以上
房地(土地+建物)+車位,仙岩路１６巷３２號十樓之２,10.0,-4.0,1,37.29,643605,12.0,200000.0,24.997594,121.549214,萬芳醫院站出口,882,有電梯_7樓以上
房地(土地+建物)+車位,仙岩路１６巷３２號八樓之１,8.0,-4.0,1,46.19,674902,12.0,191667.0,24.997594,121.549214,萬芳醫院站出口,882,有電梯_7樓以上
房地(土地+建物)+車位,仙岩路１６巷３２號十一樓之２,11.0,-4.0,1,37.29,685511,12.0,191667.0,24.997594,121.549214,萬芳醫院站出口,882,有電梯_7樓以上
房地(土地+建物)+車位,仙岩路１６巷３２號十二樓之３,12.0,-4.0,1,37.13,684478,12.0,195833.0,24.997594,121.549214,萬芳醫院站出口,882,有電梯_7樓以上
房地(土地+建物)+車位,仙岩路１６巷３２號十一樓,11.0,-4.0,1,57.07,703360,12.0,216667.0,24.997594,121.549214,萬芳醫院站出口,882,有電梯_7樓以上
房地(土地+建物)+車位,仙岩路１６巷３２號十一樓之３,11.0,-4.0,1,37.13,675723,12.0,216667.0,24.997594,121.549214,萬芳醫院站出口,882,有電梯_7樓以上
房地(土地+建物)+車位,仙岩路１６巷３２號十二樓,12.0,-4.0,1,69.06,710016,23.99,206336.0,24.997594,121.549214,萬芳醫院站出口,882,有電梯_7樓以上
房地(土地+建物)+車位,仙岩路１６巷３２號九樓之１,9.0,-4.0,1,46.19,679873,12.0,204167.0,24.997594,121.549214,萬芳醫院站出口,882,有電梯_7樓以上
房地(土地+建物)+車位,仙岩路１６巷３２號十二樓之２,12.0,-4.0,1,37.29,695789,12.0,212500.0,24.997594,121.549214,萬芳醫院站出口,882,有電梯_7樓以上
房地(土地+建物)+車位,仙岩路１６巷３２號十一樓之１,11.0,-4.0,1,46.19,684844,12.0,191667.0,24.997594,121.549214,萬芳醫院站出口,882,有電梯_7樓以上
房地(土地+建物)+車位,仙岩路１６巷３２號十二樓之１,12.0,-4.0,1,46.19,698880,12.0,212500.0,24.997594,121.549214,萬芳醫院站出口,882,有電梯_7樓以上
房地(土地+建物)+車位,西藏路４２８巷７號十一樓之１,11.0,-4.0,1,37.69,707784,10.28,250973.0,25.030122,121.497221,龍山寺站出口2,612,有電梯_7樓以上
房地(土地+建物)+車位,三元街８５號十四樓之２,14.0,-4.0,1,58.14,863453,11.12,242806.0,25.028834,121.510041,小南門站出口4,725,有電梯_7樓以上
房地(土地+建物)+車位,仙岩路１６巷３２號十樓之３,10.0,-4.0,1,37.13,676519,12.0,191667.0,24.997594,121.549214,萬芳醫院站出口,882,有電梯_7樓以上
房地(土地+建物)+車位,仙岩路１６巷３２號八樓之３,8.0,-4.0,1,37.13,646673,12.0,179167.0,24.997594,121.549214,萬芳醫院站出口,882,有電梯_7樓以上
房地(土地+建物)+車位,石牌路一段１６６巷２５號十三樓之１,13.0,-4.0,1,79.32,995964,22.54,224046.0,25.113906,121.514031,石牌站出口1,170,有電梯_7樓以上
房地(土地+建物)+車位,興南街９９號十五樓,15.0,-3.0,1,54.47,838534,7.1,436620.0,25.055306,121.599102,昆陽站出口4,750,有電梯_7樓以上
房地(土地+建物)+車位,興南街９９之１號十五樓,15.0,-3.0,1,29.38,837784,7.1,436620.0,25.055155,121.598826,昆陽站出口4,718,有電梯_7樓以上
房地(土地+建物)+車位,三元街８５號十六樓,16.0,-4.0,1,69.44,879369,22.25,220225.0,25.028834,121.510041,小南門站出口4,725,有電梯_7樓以上
房地(土地+建物)+車位,溫州街３５號十六樓,16.0,-4.0,1,72.65,1393261,25.07,279218.0,25.021766,121.533191,台電大樓站出口2,448,有電梯_7樓以上
房地(土地+建物)+車位,明水路３６７號十四樓,14.0,-4.0,1,73.2,1360746,20.95,248210.0,25.077559,121.544868,大直站出口2,299,有電梯_7樓以上
房地(土地+建物)+車位,石牌路一段１６６巷２５號十一樓之２,11.0,-4.0,1,68.55,928149,11.27,217391.0,25.113906,121.514031,石牌站出口1,170,有電梯_7樓以上
房地(土地+建物)+車位,石牌路一段１６６巷２５號十三樓之２,13.0,-4.0,1,68.55,952244,11.27,217391.0,25.113906,121.514031,石牌站出口1,170,有電梯_7樓以上
房地(土地+建物)+車位,石牌路一段１６６巷２５號十二樓之３,12.0,-4.0,1,66.93,924364,11.27,208518.0,25.113906,121.514031,石牌站出口1,170,有電梯_7樓以上
房地(土地+建物)+車位,石牌路一段１６６巷２５號十三樓之３,13.0,-4.0,1,78.41,954509,22.54,259539.0,25.113906,121.514031,石牌站出口1,170,有電梯_7樓以上
房地(土地+建物)+車位,石牌路一段１６６巷２５號十二樓之１,12.0,-4.0,1,79.35,993779,22.54,224046.0,25.113906,121.514031,石牌站出口1,170,有電梯_7樓以上
房地(土地+建物)+車位,石牌路一段１６６巷２５號十一樓之３,11.0,-4.0,1,78.41,937685,22.54,235138.0,25.113906,121.514031,石牌站出口1,170,有電梯_7樓以上
房地(土地+建物)+車位,明水路３６７號八樓,8.0,-4.0,1,62.72,1213450,10.47,248329.0,25.077559,121.544868,大直站出口2,299,有電梯_7樓以上
房地(土地+建物)+車位,明水路３６７號十一樓之３,11.0,-4.0,1,63.79,1490935,10.47,276982.0,25.077559,121.544868,大直站出口2,299,有電梯_7樓以上
房地(土地+建物)+車位,溫州街３５號十四樓,14.0,-4.0,1,72.65,1481522,25.07,283207.0,25.021766,121.533191,台電大樓站出口2,448,有電梯_7樓以上
房地(土地+建物)+車位,三元街８５號十五樓,15.0,-4.0,1,58.32,858179,11.12,296763.0,25.028834,121.510041,小南門站出口4,725,有電梯_7樓以上
房地(土地+建物)+車位,明水路３６７號九樓,9.0,-4.0,1,62.72,1232207,10.47,248329.0,25.077559,121.544868,大直站出口2,299,有電梯_7樓以上
房地(土地+建物)+車位,溫州街３３號九樓,9.0,-4.0,1,85.98,1347563,25.07,271241.0,25.024716,121.53351,台電大樓站出口2,672,有電梯_7樓以上
房地(土地+建物)+車位,溫州街３３號十一樓,11.0,-4.0,1,60.12,1376449,12.53,255387.0,25.024716,121.53351,台電大樓站出口2,672,有電梯_7樓以上
房地(土地+建物)+車位,石牌路一段１６６巷２５號十一樓,11.0,-4.0,1,57.35,931584,11.27,261757.0,25.113906,121.514031,石牌站出口1,170,有電梯_7樓以上
房地(土地+建物)+車位,石牌路一段１６６巷２５號十二樓之２,12.0,-4.0,1,79.82,921515,22.54,217391.0,25.113906,121.514031,石牌站出口1,170,有電梯_7樓以上
房地(土地+建物)+車位,溫州街３３號十二樓,12.0,-4.0,1,60.12,1399145,12.53,271349.0,25.024716,121.53351,台電大樓站出口2,672,有電梯_7樓以上
房地(土地+建物)+車位,石牌路一段１６６巷２５號九樓,9.0,-5.0,1,80.06,892475,22.54,263975.0,25.113906,121.514031,石牌站出口1,170,有電梯_7樓以上
房地(土地+建物)+車位,石牌路一段１６６巷２５號十四樓之２,14.0,-5.0,1,79.82,913134,22.54,259539.0,25.113906,121.514031,石牌站出口1,170,有電梯_7樓以上
房地(土地+建物)+車位,石牌路一段１６６巷２５號十四樓之３,14.0,-5.0,1,78.2,919872,22.54,252884.0,25.113906,121.514031,石牌站出口1,170,有電梯_7樓以上
房地(土地+建物)+車位,松德路１６９巷２６號十九樓,19.0,-5.0,1,76.1,1249048,18.78,340788.0,25.036295,121.575379,永春站出口2,490,有電梯_7樓以上
房地(土地+建物)+車位,忠孝東路五段４２３巷９號十樓,10.0,-4.0,1,84.24,1046587,23.95,196242.0,25.041952,121.575275,永春站出口1,108,有電梯_7樓以上
房地(土地+建物)+車位,忠孝東路五段４２３巷９號十一樓,11.0,-4.0,1,84.24,1064003,23.95,235908.0,25.041952,121.575275,永春站出口1,108,有電梯_7樓以上
房地(土地+建物)+車位,松德路１６９巷２６號十四樓,14.0,-5.0,1,72.71,1164868,20.17,337134.0,25.036295,121.575379,永春站出口2,490,有電梯_7樓以上
房地(土地+建物)+車位,松德路１６９巷２６號十五樓,15.0,-5.0,1,73.18,1195932,20.17,376797.0,25.036295,121.575379,永春站出口2,490,有電梯_7樓以上
房地(土地+建物)+車位,松德路１６９巷１８號十四樓,14.0,-5.0,1,74.93,1139487,20.17,337134.0,25.036369,121.575319,永春站出口2,482,有電梯_7樓以上
房地(土地+建物)+車位,忠孝東路五段４２３巷９號九樓,9.0,-4.0,1,84.19,1039679,23.95,227557.0,25.041952,121.575275,永春站出口1,108,有電梯_7樓以上
房地(土地+建物)+車位,松德路１６９巷１８號十九樓,19.0,-5.0,1,89.03,1209841,28.86,346500.0,25.036369,121.575319,永春站出口2,482,有電梯_7樓以上
房地(土地+建物)+車位,松德路１６９巷１８號十二樓,12.0,-5.0,1,74.93,1151904,20.17,337134.0,25.036369,121.575319,永春站出口2,482,有電梯_7樓以上
房地(土地+建物)+車位,忠孝東路五段４２３巷７號十一樓,11.0,-4.0,1,77.52,1055516,23.95,198330.0,25.041903,121.575278,永春站出口1,102,有電梯_7樓以上
房地(土地+建物)+車位,松德路１６９巷２６號十七樓,17.0,-5.0,1,63.01,1206915,10.09,336967.0,25.036295,121.575379,永春站出口2,490,有電梯_7樓以上
房地(土地+建物)+車位,松德路１６９巷２０號十六樓,16.0,-5.0,1,79.6,1175856,20.17,337134.0,25.03645,121.575456,永春站出口2,473,有電梯_7樓以上
房地(土地+建物)+車位,忠孝東路五段４２３巷７號十二樓,12.0,-4.0,1,77.52,1082580,23.95,248434.0,25.041903,121.575278,永春站出口1,102,有電梯_7樓以上
房地(土地+建物)+車位,忠孝東路五段４２３巷７號八樓之１,8.0,-4.0,1,38.74,1023800,12.42,165056.0,25.041903,121.575278,永春站出口1,102,有電梯_7樓以上
房地(土地+建物)+車位,忠孝東路五段４２３巷７號十樓,10.0,-4.0,1,89.94,1070448,36.37,217212.0,25.041903,121.575278,永春站出口1,102,有電梯_7樓以上
房地(土地+建物)+車位,三元街８５號二十一樓,21.0,-5.0,1,58.39,881826,11.12,242806.0,25.028834,121.510041,小南門站出口4,725,有電梯_7樓以上
房地(土地+建物)+車位,三元街８５號二十一樓之１,21.0,-5.0,1,35.65,907472,11.12,260791.0,25.028834,121.510041,小南門站出口4,725,有電梯_7樓以上
房地(土地+建物)+車位,三元街８５號二十一樓之２,21.0,-5.0,1,58.25,883581,11.12,242806.0,25.028834,121.510041,小南門站出口4,725,有電梯_7樓以上
房地(土地+建物)+車位,松德路１６９巷１８號八樓,8.0,-5.0,1,63.45,1095660,8.69,425777.0,25.036369,121.575319,永春站出口2,482,有電梯_7樓以上
房地(土地+建物)+車位,三元街８５號十八樓,18.0,-5.0,1,58.32,895261,11.12,215827.0,25.028834,121.510041,小南門站出口4,725,有電梯_7樓以上
房地(土地+建物)+車位,松德路１６９巷２２號十樓,10.0,-5.0,1,72.25,1209716,20.17,337134.0,25.03636,121.575516,永春站出口2,483,有電梯_7樓以上
房地(土地+建物)+車位,松德路１６９巷２０號十七樓,17.0,-5.0,1,69.51,1201432,10.09,356789.0,25.03645,121.575456,永春站出口2,473,有電梯_7樓以上
房地(土地+建物)+車位,松德路１６９巷１８號十七樓,17.0,-5.0,1,68.58,1195608,8.69,391254.0,25.036369,121.575319,永春站出口2,482,有電梯_7樓以上
房地(土地+建物)+車位,松德路１６９巷１８號二十一樓,21.0,-5.0,1,76.6,1345936,8.69,414269.0,25.036369,121.575319,永春站出口2,482,有電梯_7樓以上
房地(土地+建物)+車位,三元街８５號十七樓之１,17.0,-5.0,1,35.66,904691,11.12,197842.0,25.028834,121.510041,小南門站出口4,725,有電梯_7樓以上
房地(土地+建物)+車位,三元街８５號十七樓之２,17.0,-5.0,1,58.14,871960,11.12,206835.0,25.028834,121.510041,小南門站出口4,725,有電梯_7樓以上
房地(土地+建物)+車位,松德路１６９巷２６號十六樓,16.0,-5.0,1,63.01,1228075,10.09,356789.0,25.036295,121.575379,永春站出口2,490,有電梯_7樓以上
房地(土地+建物)+車位,松德路１６９巷２２號十六樓,16.0,-5.0,1,62.56,1238766,10.09,356789.0,25.03636,121.575516,永春站出口2,483,有電梯_7樓以上
房地(土地+建物)+車位,三元街８５號十樓之２,10.0,-5.0,1,58.14,844737,11.12,278777.0,25.028834,121.510041,小南門站出口4,725,有電梯_7樓以上
房地(土地+建物)+車位,松德路１６９巷２６號十一樓,11.0,-5.0,1,62.62,1187777,10.09,356789.0,25.036295,121.575379,永春站出口2,490,有電梯_7樓以上
房地(土地+建物)+車位,松德路１６９巷２２號十五樓,15.0,-5.0,1,72.72,1202209,20.17,337134.0,25.03636,121.575516,永春站出口2,483,有電梯_7樓以上
房地(土地+建物),松德路１６９巷１８號十八樓,18.0,-5.0,1,59.89,1159874,0.0,,25.036369,121.575319,永春站出口2,482,有電梯_7樓以上
房地(土地+建物)+車位,三元街８５號二十樓,20.0,-5.0,1,69.51,898809,22.25,238202.0,25.028834,121.510041,小南門站出口4,725,有電梯_7樓以上
房地(土地+建物)+車位,松德路１６９巷２２號二十二樓,22.0,-5.0,1,72.87,1337861,10.09,396432.0,25.03636,121.575516,永春站出口2,483,有電梯_7樓以上
房地(土地+建物)+車位,松德路１６９巷２２號十七樓,17.0,-5.0,1,72.64,1261636,20.17,337134.0,25.03636,121.575516,永春站出口2,483,有電梯_7樓以上
房地(土地+建物)+車位,三元街８５號八樓之３,8.0,-5.0,1,57.08,782223,11.12,215827.0,25.028834,121.510041,小南門站出口4,725,有電梯_7樓以上
房地(土地+建物)+車位,三元街８５號十樓之３,10.0,-5.0,1,57.08,839666,11.12,215827.0,25.028834,121.510041,小南門站出口4,725,有電梯_7樓以上
房地(土地+建物)+車位,三元街８５號十五樓之３,15.0,-5.0,1,67.85,872589,11.12,242806.0,25.028834,121.510041,小南門站出口4,725,有電梯_7樓以上
房地(土地+建物)+車位,三元街８５號十八樓之２,18.0,-5.0,1,58.14,884507,11.12,242806.0,25.028834,121.510041,小南門站出口4,725,有電梯_7樓以上
房地(土地+建物)+車位,松德路１６９巷２２號二十一樓,21.0,-5.0,1,84.3,1446995,20.17,356966.0,25.03636,121.575516,永春站出口2,483,有電梯_7樓以上
房地(土地+建物)+車位,三元街８５號十五樓之１,15.0,-6.0,1,35.66,896541,11.12,242806.0,25.028834,121.510041,小南門站出口4,725,有電梯_7樓以上
房地(土地+建物)+車位,三元街８５號八樓之１,8.0,-6.0,1,35.66,880240,11.12,215827.0,25.028834,121.510041,小南門站出口4,725,有電梯_7樓以上
房地(土地+建物)+車位,三元街８５號十八樓之１,18.0,-6.0,1,35.66,849146,11.12,215827.0,25.028834,121.510041,小南門站出口4,725,有電梯_7樓以上
房地(土地+建物),三元街８５號八樓之５,8.0,-6.0,1,25.91,787626,0.0,,25.028834,121.510041,小南門站出口4,725,有電梯_7樓以上
房地(土地+建物)+車位,三元街８５號十四樓之６,14.0,-6.0,1,58.36,857464,11.12,242806.0,25.028834,121.510041,小南門站出口4,725,有電梯_7樓以上
房地(土地+建物)+車位,三元街８５號十六樓之５,16.0,-6.0,1,56.43,904970,11.12,206835.0,25.028834,121.510041,小南門站出口4,725,有電梯_7樓以上
房地(土地+建物)+車位,三元街８５號九樓之５,9.0,-6.0,1,37.03,820176,11.12,242806.0,25.028834,121.510041,小南門站出口4,725,有電梯_7樓以上
房地(土地+建物)+車位,三元街８５號十四樓之３,14.0,-6.0,1,57.08,867735,11.12,251799.0,25.028834,121.510041,小南門站出口4,725,有電梯_7樓以上
房地(土地+建物),三元街８５號九樓之１,9.0,-6.0,1,24.54,620488,0.0,,25.028834,121.510041,小南門站出口4,725,有電梯_7樓以上
房地(土地+建物)+車位,三元街８５號八樓之２,8.0,-6.0,1,58.14,840909,11.12,251799.0,25.028834,121.510041,小南門站出口4,725,有電梯_7樓以上
房地(土地+建物)+車位,三元街８５號十七樓,17.0,-6.0,1,58.32,879369,11.12,215827.0,25.028834,121.510041,小南門站出口4,725,有電梯_7樓以上
房地(土地+建物)+車位,三元街８５號十樓之６,10.0,-6.0,1,69.48,836292,22.25,242697.0,25.028834,121.510041,小南門站出口4,725,有電梯_7樓以上
房地(土地+建物)+車位,三元街８５號十五樓之５,15.0,-6.0,1,66.55,878633,11.12,242806.0,25.028834,121.510041,小南門站出口4,725,有電梯_7樓以上
房地(土地+建物)+車位,三元街８５號十六樓之１,16.0,-6.0,1,35.66,907951,11.12,242806.0,25.028834,121.510041,小南門站出口4,725,有電梯_7樓以上
房地(土地+建物)+車位,三元街８５號九樓之６,9.0,-6.0,1,69.48,832058,22.25,260674.0,25.028834,121.510041,小南門站出口4,725,有電梯_7樓以上
房地(土地+建物)+車位,三元街８５號十七樓之３,17.0,-6.0,1,57.78,817325,11.12,233813.0,25.028834,121.510041,小南門站出口4,725,有電梯_7樓以上
房地(土地+建物)+車位,三元街８５號二十樓之１,20.0,-6.0,1,35.67,919837,11.12,215827.0,25.028834,121.510041,小南門站出口4,725,有電梯_7樓以上
房地(土地+建物)+車位,三元街８５號十九樓,19.0,-6.0,1,58.32,870893,11.12,260791.0,25.028834,121.510041,小南門站出口4,725,有電梯_7樓以上
房地(土地+建物)+車位,三元街８５號十七樓之５,17.0,-6.0,1,48.62,827362,11.12,224820.0,25.028834,121.510041,小南門站出口4,725,有電梯_7樓以上
房地(土地+建物)+車位,三元街８５號十樓之５,10.0,-6.0,1,37.03,863018,11.12,206835.0,25.028834,121.510041,小南門站出口4,725,有電梯_7樓以上
