鄉鎮市區,交易標的,土地位置建物門牌,土地移轉總面積平方公尺,都市土地使用分區,非都市土地使用分區,非都市土地使用編定,交易年月日,交易筆棟數,移轉層次,總樓層數,建物型態,主要用途,建築完成年月,建物移轉總面積平方公尺,建物現況格局-房,建物現況格局-廳,建物現況格局-衛,建物現況格局-隔間,有無管理組織,總價元,單價元平方公尺,車位類別,車位移轉總面積平方公尺,車位總價元,備註,編號,主建物面積,附屬建物面積,陽台面積,電梯,移轉編號,屋齡
信義區,房地(土地+建物),松隆路１０９號四樓,22.23,住,,,1120803,土地1建物1車位0,四層,五層,公寓(5樓含以下無電梯),住家用,731102.0,87.56,3,1,1,有,無,15700000,179306.0,,0.0,0,,RPWNMLOJQHIGFDA38DA,69.86,2.36,7.22,無,,39.0
文山區,房地(土地+建物),萬盛街８９之６號七樓,11.24,住,,,1120801,土地1建物1車位0,七層,八層,華廈(10層含以下有電梯),住家用,1050816.0,67.69999999999999,2,2,1,有,有,18000000,265879.0,,0.0,0,夾層；,RPPNMLOKQHIGFAA57EA,33.9,8.15,0.0,有,15.0,7.0
大同區,房地(土地+建物),大龍街９１巷１２號十三樓之３,5.12,住,,,1120804,土地1建物1車位0,十三層,十三層,住宅大樓(11層含以上有電梯),住家用,1110422.0,36.19,1,1,1,有,有,8700000,240398.0,,0.0,0,,RPQNMLQKQHIGFBA97EA,21.2,0.0,2.78,有,,1.0
萬華區,房地(土地+建物),西園路二段２６１巷３９號,65.0,住,,,1120809,土地2建物1車位0,全,二層,透天厝,住家用,491231.0,67.32,0,0,0,無,無,22600000,335710.0,,0.0,0,陽台外推；頂樓加蓋；,RPPNMLTJQHIGFBA97DA,67.32,0.0,0.0,無,,63.0
中山區,房地(土地+建物),龍江路１００巷１之２號,31.0,住,,,1120810,土地1建物1車位0,一層,四層,公寓(5樓含以下無電梯),住家用,561229.0,93.33,0,0,0,無,無,39000000,417872.0,,0.0,0,,RPQNMLRKQHIGFCA08DA,93.33,0.0,0.0,無,,56.0
大安區,房地(土地+建物),和平東路三段１巷７２弄９號九樓,19.94,住,,,1120805,土地1建物1車位0,九層,十七層,住宅大樓(11層含以上有電梯),住家用,740522.0,102.6,2,2,1,有,有,26500000,258285.0,,0.0,0,,RPPNMLLLQHIGFFA87EA,75.13,1.26,7.07,有,,38.0
信義區,房地(土地+建物),和平東路三段３９１巷２９之１號四樓,26.5,住,,,1120812,土地1建物1車位0,四層,四層,公寓(5樓含以下無電梯),住家用,660921.0,72.81,2,3,2,有,無,17780000,244197.0,,0.0,0,增建項目：頂樓平台、前後陽台,RPSOMLOKQHIGFDA18DA,62.79,0.79,9.23,無,,46.0
萬華區,房地(土地+建物),興義街７５號四樓,27.25,住,,,1120801,土地1建物1車位0,四層,四層,公寓(5樓含以下無電梯),住家用,590630.0,80.83,0,3,1,有,無,8900000,110108.0,,0.0,0,其他增建；,RPSNMLLJQHIGFBA47DA,80.83,0.0,0.0,無,,53.0
內湖區,房地(土地+建物)+車位,文湖街２１巷９１弄７號四樓,22.32,住,,,1120811,土地1建物1車位1,四層,十層,華廈(10層含以下有電梯),住家用,1070105.0,105.07,2,1,1,有,有,24928000,237251.0,升降機械,0.0,0,,RPQOMLMLQHIGFCA77DA,48.48,8.77,3.9,有,,6.0
內湖區,房地(土地+建物),康寧路一段１９５巷１弄５號五樓,45.49,住,,,1120813,土地1建物1車位0,五層,五層,公寓(5樓含以下無電梯),住家用,780808.0,122.08,3,1,2,有,無,20800000,170380.0,,0.0,0,,RPSNMLOLQHIGFCA18EA,102.97,0.36,10.7,無,,34.0
文山區,房地(土地+建物),興隆路三段１８５巷７弄２號五樓,37.79,住,,,1120814,土地7建物1車位0,五層,五層,公寓(5樓含以下無電梯),住家用,720823.0,112.04,3,2,1,有,有,10000000,89254.0,,0.0,0,頂樓增建1套房頂樓加蓋；,RPRNMLNLQHIGFAA67DA,75.13,9.57,16.49,無,,40.0
大安區,房地(土地+建物),建國南路一段３４１巷３號八樓之１,13.61,住,,,1120814,土地1建物1車位0,八層,十四層,住宅大樓(11層含以上有電梯),住家用,750520.0,96.77,2,2,2,有,有,27000000,279041.0,,0.0,0,受債權債務關係影響或債務抵償；,RPQNMLPLQHIGFFA38EA,70.95,0.7,10.29,有,,37.0
松山區,房地(土地+建物),八德路三段１５５巷４弄１之２號二樓,35.12,住,,,1120801,土地1建物1車位0,二層，陽台,四層,公寓(5樓含以下無電梯),住家用,,101.22,3,2,1,有,無,21000000,207469.0,,0.0,0,,RPVNMLLJQHIGFDA97DA,101.22,0.0,0.0,無,93.0,
北投區,房地(土地+建物)+車位,西安街二段２０１號三樓之２,19.43,住,,,1120810,土地1建物1車位1,三層,十五層,住宅大樓(11層含以上有電梯),住家用,1110106.0,166.04,2,2,2,有,有,37300000,224645.0,坡道平面,34.87,0,,RPQNMLPLQHIGFEA28EA,70.88,6.77,7.84,有,96.0,2.0
內湖區,房地(土地+建物)+車位,民權東路六段１８０巷６６號八樓之５,14.2,住,,,1120801,土地1建物1車位1,八層,十層,華廈(10層含以下有電梯),住家用,980715.0,92.6,2,2,1,有,有,19900000,233651.0,升降機械,13.85,1500000,,RPVOMLOLQHIGFCA48DA,44.06,2.48,4.27,有,98.0,14.0
士林區,房地(土地+建物),士東路５４巷２４號三樓,39.3,住,,,1120801,土地1建物1車位0,三層,五層,公寓(5樓含以下無電梯),住家用,681208.0,115.9,3,2,2,有,無,17000000,146678.0,,0.0,0,,RPWNMLTJQHIGFEA98DA,99.28,0.0,16.62,無,,44.0
文山區,房地(土地+建物)+車位,景華街１７６巷１號二樓,17.85,住,,,1120815,土地1建物1車位1,二層,五層,公寓(5樓含以下無電梯),住家用,840601.0,61.65,3,2,2,有,有,8880000,144039.0,塔式車位,0.0,0,,RPSNMLOLQHIGFAA97EA,43.36,1.05,5.13,無,,28.0
文山區,房地(土地+建物),興隆路三段１１６巷３弄１２號四樓,33.75,住,,,1120807,土地1建物1車位0,四層,四層,公寓(5樓含以下無電梯),住家用,,54.3,2,1,1,有,無,9000000,165746.0,,0.0,0,,RPTNMLMLQHIGFAA77DA,54.3,0.0,0.0,無,,
萬華區,房地(土地+建物),青年路１６６號四樓,12.18,住,,,1120805,土地1建物1車位0,四層,五層,公寓(5樓含以下無電梯),住家用,640523.0,32.51,0,1,1,有,無,6150000,189173.0,,0.0,0,,RPRNMLNLQHIGFBA77DA,32.51,0.0,0.0,無,115.0,48.0
南港區,房地(土地+建物),研究院路二段７０巷３７弄１６號四樓,30.06,住,,,1120803,土地1建物1車位0,四層,七層,華廈(10層含以下有電梯),住家用,730331.0,116.09,3,2,2,有,無,20260000,174520.0,,0.0,0,,RPPNMLQKQHIGFDA97DA,90.02,0.0,15.51,有,,39.0
南港區,房地(土地+建物)+車位,成福路１９４巷６號七樓之１,11.27,住,,,1120810,土地1建物1車位1,七層,九層,華廈(10層含以下有電梯),住家用,1030314.0,69.78999999999999,2,1,1,有,有,16000000,229259.0,坡道機械,0.0,0,,RPQNMLTLQHIGFDA48DA,28.74,5.84,2.97,有,127.0,9.0
中山區,房地(土地+建物),合江街１８０巷１５號六樓,17.66,住,,,1120805,土地1建物1車位0,六層,七層,華廈(10層含以下有電梯),住家用,661231.0,105.83,3,2,2,有,無,25250000,238590.0,,0.0,0,陽台外推；,RPXPMLPKQHIGFCA78DA,72.96,0.0,19.06,有,133.0,46.0
信義區,房地(土地+建物),虎林街４０巷２７號,26.38,住,,,1120816,土地1建物1車位0,一層,五層,公寓(5樓含以下無電梯),住家用,740517.0,105.84,3,2,2,有,無,30000000,283447.0,,0.0,0,,RPVNMLQKQHIGFDA58DA,90.49,9.58,0.0,無,,38.0
信義區,房地(土地+建物),忠孝東路五段７９０巷２４弄１６號三樓,26.0,住,,,1120816,土地1建物1車位0,三層,四層,公寓(5樓含以下無電梯),住家用,591023.0,64.26,3,1,1,有,無,8500000,132275.0,,0.0,0,陽台外推；,RPOOMLLLQHIGFDA57DA,64.26,0.0,0.0,無,,53.0
士林區,房地(土地+建物)+車位,延平北路六段３９２巷６號十一樓之３,26.71,住,,,1120805,土地1建物1車位1,十一層,十一層,住宅大樓(11層含以上有電梯),住家用,950215.0,159.69,2,1,1,有,有,27000000,182468.0,坡道平面,28.16,3000000,陽台外推；其他增建；,RPWNMLQLQHIGFEA88DA,63.01,31.07,4.98,有,,17.0
內湖區,房地(土地+建物),內湖路一段２８５巷６３弄１２號三樓,23.5,住,,,1120801,土地1建物1車位0,三層,五層,公寓(5樓含以下無電梯),住家用,720526.0,99.26,3,2,2,有,無,18810000,189502.0,,0.0,0,陽台外推；其他增建；,RPOPMLRKQHIGFCA08DA,74.92,0.0,13.54,無,,40.0
信義區,房地(土地+建物)+車位,信義路五段９１巷１２弄１號二樓之３,15.66,住,,,1120802,土地1建物1車位1,二層,七層,華廈(10層含以下有電梯),住家用,971224.0,98.18,1,1,1,有,有,26580000,270727.0,坡道機械,0.0,2500000,陽台外推；,RPXOMLQKQHIGFDA88DA,29.26,6.02,4.25,有,,15.0
南港區,房地(土地+建物),研究院路二段１８２巷７９弄１４號,26.53,住,,,1120802,土地2建物1車位0,一層,五層,公寓(5樓含以下無電梯),住家用,731029.0,97.46,3,2,2,有,有,13000000,133388.0,,0.0,0,平台:空地加蓋其他增建；,RPSNMLKMQHIGFDA87DA,78.41,8.57,0.0,無,145.0,39.0
中山區,房地(土地+建物),安東街１９號二樓之９、二樓之１０,12.56,住,,,1120808,土地1建物1車位0,二層,七層,華廈(10層含以下有電梯),住家用,700905.0,62.489999999999995,3,1,1,有,有,17300000,276844.0,,0.0,0,陽台外推；其他增建；,RPOPMLSKQHIGFCA18DA,40.21,0.0,6.76,有,146.0,42.0
大安區,房地(土地+建物),仁愛路四段５０之２８號,8.78,住,,,1120807,土地4建物1車位0,五層，陽台,十二層,住宅大樓(11層含以上有電梯),住家用,600420.0,54.6,1,1,1,有,有,25660000,469963.0,,0.0,0,陽台外推；其他增建；,RPUNMLNLQHIGFFA48DA,54.6,0.0,0.0,有,149.0,52.0
文山區,房地(土地+建物)+車位,木新路二段１０６號四樓,25.31,住,,,1120802,土地1建物1車位1,四層,五層,華廈(10層含以下有電梯),住家用,1100924.0,118.2,2,1,2,有,有,22300000,188663.0,升降機械,0.0,1700000,,RPPNMLLJRHIGFAA17DA,46.34,4.66,6.72,有,,2.0
信義區,房地(土地+建物),信義路五段１５０巷４９９號五樓之３,10.84,住,,,1120801,土地1建物1車位0,五層,十六層,住宅大樓(11層含以上有電梯),住家用,851209.0,53.010000000000005,1,1,1,有,有,11230000,211847.0,,0.0,0,其他增建:花台外移之增建物陽台外推；其他增建；,RPRNMLOKQHIGFDA97DA,29.75,1.35,4.46,有,158.0,27.0
內湖區,房地(土地+建物),康寧路三段１８９巷１４１弄１４號九樓,34.25,住,,,1120806,土地2建物1車位0,九層,十層,華廈(10層含以下有電梯),住家用,840612.0,129.05,3,2,2,有,有,25300000,196048.0,,0.0,0,,RPTOMLQKQHIGFCA38DA,83.38,0.0,10.52,有,,28.0
萬華區,房地(土地+建物),環河南路二段５４號四樓,24.69,住,,,1120801,土地1建物1車位0,四層,五層,公寓(5樓含以下無電梯),住家用,720929.0,107.4,3,2,2,有,無,12000000,111732.0,,0.0,0,陽台外推；,RPOOMLSLQHIGFBA08DA,84.04,0.0,13.88,無,164.0,40.0
大安區,房地(土地+建物),東豐街２３號五樓,11.47,住,,,1120821,土地1建物1車位0,五層,七層,華廈(10層含以下有電梯),住家用,670315.0,73.68,4,2,2,有,有,20000000,271444.0,,0.0,0,,RPQNMLLJRHIGFFA77DA,63.22,0.0,1.7,有,165.0,45.0
文山區,房地(土地+建物),興隆路四段１２４號三樓,36.83,住,,,1120808,土地1建物1車位0,三層,四層,公寓(5樓含以下無電梯),住家用,640508.0,116.21,3,2,2,有,無,12200000,104982.0,,0.0,0,,RPWNMLOKQHIGFAA18DA,116.21,0.0,0.0,無,,48.0
士林區,房地(土地+建物),德行東路１９０巷３１弄１３號四樓,27.84,住,,,1120806,土地1建物1車位0,四層,五層,公寓(5樓含以下無電梯),住家用,720223.0,110.83,3,2,2,有,無,17880000,161328.0,,0.0,0,,RPTNMLOLQHIGFEA38DA,90.37,0.0,11.26,無,,40.0
大安區,房地(土地+建物),忠孝東路三段１０巷２０號五樓之１,13.69,住,,,1120804,土地1建物2車位0,五層,七層,華廈(10層含以下有電梯),住家用,711215.0,73.11,2,1,2,有,有,25000000,341950.0,,0.0,0,陽台外推；,RPPNMLLJRHIGFFA77EA,41.46,0.0,16.36,有,,41.0
士林區,房地(土地+建物),大南路４００號四樓,25.23,住,,,1120809,土地1建物1車位0,四層,五層,公寓(5樓含以下無電梯),住家用,721006.0,105.56,3,2,2,有,無,18500000,175256.0,,0.0,0,陽台加窗,RPQNMLLJRHIGFEA77EA,98.23,0.0,7.33,無,172.0,40.0
北投區,房地(土地+建物),大興街２５號四樓,49.07,住,,,1120816,土地1建物1車位0,四層,五層,公寓(5樓含以下無電梯),住家用,790421.0,139.04,3,2,2,有,無,22700000,163262.0,,0.0,0,陽台外推；,RPPOMLMLQHIGFEA87DA,113.13,4.42,13.32,無,,33.0
南港區,房地(土地+建物),福德街３３９巷３２號四樓,17.5,住,,,1120821,土地1建物1車位0,四層，陽台,四層,公寓(5樓含以下無電梯),住家用,641203.0,62.61,3,1,1,有,無,11000000,175691.0,,0.0,0,,RPWNMLLKQHIGFDA28EA,62.61,0.0,0.0,無,,48.0
北投區,房地(土地+建物),中央北路四段５８３巷１０弄７號四樓之５,31.96,住,,,1120807,土地2建物1車位0,四層,五層,華廈(10層含以下有電梯),住家用,1050817.0,69.5,2,1,1,有,有,11270000,162158.0,,0.0,0,夾層；其他增建；,RPQOMLKMQHIGFEA87DA,33.98,7.25,4.01,有,174.0,7.0
萬華區,房地(土地+建物),西園路二段３２０巷３６弄３６號,17.51,住,,,1120810,土地1建物1車位0,一層,五層,公寓(5樓含以下無電梯),住家用,601012.0,48.6,0,3,2,有,無,9000000,185185.0,,0.0,0,其他增建；,RPUNMLKMQHIGFBA87DA,48.6,0.0,0.0,無,176.0,52.0
北投區,房地(土地+建物),稻香路１３５巷９號二樓,35.82,住,,,1120805,土地1建物1車位0,二層,四層,公寓(5樓含以下無電梯),住家用,701214.0,107.61,3,2,1,有,無,11000000,102221.0,,0.0,0,,RPSNMLTLQHIGFEA78DA,97.38,0.0,10.23,無,,42.0
士林區,房地(土地+建物),德行東路３２０號二樓,33.24,住,,,1120802,土地1建物1車位0,二層,五層,公寓(5樓含以下無電梯),住家用,710707.0,113.63,3,2,2,有,無,21300000,187450.0,,0.0,0,陽台外推；其他增建；,RPWNMLOKQHIGFEA58DA,99.88,0.0,13.75,無,,41.0
中正區,房地(土地+建物)+車位,寧波東街６號六樓之２,49.84,住,,,1120801,土地1建物2車位2,六層,十二層,住宅大樓(11層含以上有電梯),住家用,741022.0,287.53000000000003,6,4,4,有,有,100000000,347790.0,坡道平面,0.0,0,,RPQNMLLJRHIGFAA37EA,178.1,0.0,16.14,有,,38.0
內湖區,房地(土地+建物)+車位,成功路二段５０８號七樓,36.04,住,,,1120814,土地3建物1車位1,七層,十四層,住宅大樓(11層含以上有電梯),住家用,1011123.0,222.78,3,2,2,有,有,44700000,220124.0,坡道平面,31.07,2500000,,RPRNMLOJRHIGFCA97EA,109.89,8.23,11.88,有,186.0,11.0
大安區,房地(土地+建物),泰順街１６巷２６號五樓之２,7.04,住,,,1120804,土地1建物1車位0,五層,六層,華廈(10層含以下有電梯),住家用,970103.0,27.57,1,1,1,有,無,10500000,380849.0,,0.0,0,陽台外推；其他增建；,RPQNMLLLQHIGFFA87DA,14.68,1.24,1.71,有,192.0,16.0
南港區,房地(土地+建物),研究院路二段１５０巷３弄１８號四樓,33.0,住,,,1120802,土地1建物1車位0,四層，陽台,四層,公寓(5樓含以下無電梯),住家用,630701.0,101.39,5,2,1,有,無,14500000,143012.0,,0.0,0,其他增建：陽台、頂樓。其他增建；,RPUOMLRJQHIGFDA58DA,101.39,0.0,0.0,無,,49.0
大安區,房地(土地+建物),臥龍街１９５巷１７號二樓,25.9,住,,,1120803,土地1建物1車位0,二層,五層,公寓(5樓含以下無電梯),住家用,710702.0,96.34,3,2,1,有,無,18000000,186838.0,,0.0,0,,RPRNMLOJRHIGFFA28EA,84.33,0.0,12.01,無,193.0,41.0
文山區,房地(土地+建物),興隆路三段２５５巷６弄１３號四樓,14.7,住,,,1120815,土地1建物1車位0,四層,四層,公寓(5樓含以下無電梯),住家用,750327.0,50.22,2,1,2,有,有,6000000,119474.0,,0.0,0,,RPWNMLLJRHIGFAA87DA,36.23,0.0,12.23,無,,37.0
中正區,房地(土地+建物),連雲街２６巷３６號三樓,43.62,住,,,1120817,土地1建物1車位0,三層,四層,公寓(5樓含以下無電梯),住家用,560225.0,116.6,5,2,2,有,無,28280000,242539.0,,0.0,0,,RPQNMLOJRHIGFBA67DA,116.6,0.0,0.0,無,,56.0
大同區,房地(土地+建物),哈密街５９巷５６弄４２號四樓,16.93,住,,,1120805,土地1建物1車位0,四層,六層,華廈(10層含以下有電梯),住家用,951114.0,67.6,2,1,1,有,有,16500000,244083.0,,0.0,0,陽台外推；其他增建；,RPRNMLMLQHIGFBA67DA,42.64,0.3,5.5,有,,17.0
松山區,房地(土地+建物),南京東路五段２５０巷３６弄１９號二樓,17.91,住,,,1120809,土地1建物1車位0,二層,六層,華廈(10層含以下有電梯),住家用,660524.0,87.94,2,1,1,有,有,23500000,267228.0,,0.0,0,陽台外推；,RPUNMLPJRHIGFDA38DA,66.66,0.0,12.65,有,204.0,46.0
大安區,房地(土地+建物),光復南路６７６巷１６號六樓,10.18,住,,,1120812,土地1建物1車位0,六層,九層,華廈(10層含以下有電梯),住家用,921020.0,43.28,1,2,1,有,有,11800000,272643.0,,0.0,0,,RPPNMLPJRHIGFFA18EA,22.98,0.0,5.76,有,,20.0
南港區,房地(土地+建物),福德街３０９巷２３號三樓,15.25,住,,,1120810,土地1建物1車位0,三層，陽台,四層,公寓(5樓含以下無電梯),住家用,640925.0,54.35,2,2,1,有,無,9900000,182153.0,,0.0,0,陽台外推；,RPPNMLLJRHIGFDA47DA,54.35,0.0,0.0,無,212.0,48.0
士林區,建物,仰德大道三段１２１號,0.0,,,,1120829,土地0建物1車位1,全,一層,透天厝,住家用,560101.0,108.14,4,1,5,有,無,1500000,13871.0,一樓平面,0.0,0,,RPPNMLPJRHIGFEA08EA,108.14,0.0,0.0,無,,57.0
士林區,房地(土地+建物)+車位,芝玉路一段２２２號十一樓之１,37.01,住,,,1120829,土地1建物1車位1,十一層,十八層,住宅大樓(11層含以上有電梯),住家用,971112.0,195.46,3,2,2,有,有,41160000,210580.0,坡道平面,30.59,0,,RPUNMLPJRHIGFEA58EA,94.93,4.46,10.25,有,,15.0
中山區,房地(土地+建物),中山北路二段６２巷８號三樓,10.46,住,,,1120819,土地1建物1車位0,三層,七層,華廈(10層含以下有電梯),住家用,960716.0,58.879999999999995,1,1,1,有,有,15000000,254755.0,,0.0,0,陽台外推；其他增建；,RPXNMLSLQHIGFCA98DA,23.72,0.0,6.66,有,219.0,16.0
北投區,房地(土地+建物),公路３０１巷５號,39.26,住,,,1120807,土地1建物1車位0,一層,五層,公寓(5樓含以下無電梯),住家用,750526.0,139.34,3,2,2,有,無,23000000,165064.0,,0.0,0,其他增建；,RPTNMLPLQHIGFEA48DA,111.25,17.06,0.0,無,,37.0
信義區,房地(土地+建物),吳興街２２０巷１１弄５號四樓,26.53,住,,,1120813,土地1建物1車位0,四層,七層,華廈(10層含以下有電梯),住家用,820818.0,138.49,4,2,2,有,無,31800000,229619.0,,0.0,0,,RPXNMLNLQHIGFDA58DA,110.0,0.4,16.21,有,,30.0
士林區,建物,文林路６８１巷２０號,0.0,,,,1120831,土地0建物1車位0,全,三層,透天厝,住家用,600109.0,120.33,3,3,4,有,無,180000,1496.0,,0.0,0,,RPRNMLQJRHIGFEA38EA,120.33,0.0,0.0,無,,53.0
萬華區,房地(土地+建物),東園街６６巷２４弄１０號四樓之１,21.39,住,,,1120829,土地1建物1車位0,四層,十二層,住宅大樓(11層含以上有電梯),住家用,1060515.0,134.94,3,2,2,有,有,21580000,159923.0,,0.0,0,,RPTNMLQJRHIGFBA28EA,83.18,4.63,8.58,有,229.0,6.0
萬華區,房地(土地+建物)+車位,萬大路６２８號十四樓之３,15.31,住,,,1120829,土地2建物1車位1,十四層,十四層,住宅大樓(11層含以上有電梯),住家用,990310.0,133.2,2,1,1,有,有,15880000,119219.0,坡道平面,40.64,0,,RPUNMLQJRHIGFBA38EA,56.45,3.37,4.66,有,230.0,13.0
士林區,房地(土地+建物),文昌路２６號二樓,22.0,住,,,1120808,土地1建物1車位0,二層,四層,公寓(5樓含以下無電梯),住家用,590303.0,80.3,2,1,1,有,無,14800000,184309.0,,0.0,0,,RPOOMLKKLHIGFEA07EA,80.3,0.0,0.0,無,,53.0
萬華區,房地(土地+建物)+車位,東園街６７巷１９號九樓,41.5,住,,,1120811,土地1建物1車位1,九層,十一層,住宅大樓(11層含以上有電梯),住家用,1020806.0,224.87,3,2,2,有,有,39000000,173434.0,升降機械,0.0,0,,RPVNMLTJQHIGFBA58DA,115.8,8.38,14.54,有,234.0,10.0
士林區,房地(土地+建物),天母西路２２巷１６號四樓,32.5,住,,,1120814,土地1建物1車位0,四層,六層,華廈(10層含以下有電梯),住家用,690819.0,173.10000000000002,3,2,2,有,有,31000000,179087.0,,0.0,0,本案含使用權車位一個其他增建；,RPRNMLNLQHIGFEA08DA,134.64,0.0,19.72,有,,44.0
文山區,房地(土地+建物),福興路８２巷７弄１１號二樓,20.82,住,,,1120808,土地2建物1車位0,二層,五層,公寓(5樓含以下無電梯),住家用,720905.0,79.92,3,2,1,有,無,10450000,130756.0,,0.0,0,陽台外推；,RPQNMLQJRHIGFAA87EA,70.2,0.0,4.69,無,236.0,40.0
萬華區,房地(土地+建物),長泰街２８２巷１１弄１５號三樓,28.44,住,,,1120805,土地1建物1車位0,三層，露台,四層,公寓(5樓含以下無電梯),住家用,600720.0,87.24,2,1,1,有,無,10600000,121504.0,,0.0,0,陽台外推；其他增建；,RPQNMLNLQHIGFBA67DA,87.24,0.0,0.0,無,,52.0
南港區,房地(土地+建物)+車位,東新街１４６號五樓,31.72,住,,,1120805,土地3建物1車位1,五層,十五層,住宅大樓(11層含以上有電梯),住家用,990331.0,218.21,3,2,2,有,有,45000000,206223.0,坡道平面,42.83,0,其他增建；,RPPOMLLLQHIGFDA67DA,106.91,0.0,11.26,有,239.0,13.0
松山區,房地(土地+建物),南京東路五段２５０巷３６弄３７之１號,21.9,住,,,1120820,土地1建物1車位0,一層，平台,四層,公寓(5樓含以下無電梯),住家用,640612.0,68.35,2,1,1,有,無,14500000,212143.0,,0.0,0,,RPQPMLLJRHIGFDA77DA,68.35,0.0,0.0,無,,48.0
南港區,房地(土地+建物)+車位,研究院路二段９８巷３號四樓,25.04,住,,,1120805,土地1建物1車位1,四層,十一層,住宅大樓(11層含以上有電梯),住家用,1020808.0,175.02,3,2,2,有,有,30000000,171409.0,坡道平面,44.34,0,,RPQNMLSJQHIGFDA18DA,77.63,6.35,4.56,有,248.0,10.0
北投區,房地(土地+建物)+車位,承德路七段３９０號三樓,57.72,住,,,1120807,土地1建物1車位2,三層，電梯樓梯間,二十三層,住宅大樓(11層含以上有電梯),住家用,841221.0,436.7999999999999,3,2,2,有,有,42660000,97665.0,坡道平面,0.0,0,陽台外推；其他增建；,RPTNMLQKQHIGFEA48DA,142.04,145.87,27.87,有,,28.0
文山區,房地(土地+建物),指南路三段３２巷５號七樓之７,12.35,住,,,1120703,土地1建物1車位0,七層,十層,華廈(10層含以下有電梯),住家用,990806.0,55.67,1,1,1,有,有,10250000,184121.0,,0.0,0,夾層；其他增建；,RPVNMLLKPHIGFAA67DA,30.83,3.75,2.5,有,267.0,13.0
北投區,房地(土地+建物),大度路三段３０１巷８０弄２１號,105.0,住,,,1120701,土地1建物1車位0,全,二層,透天厝,住家用,690419.0,146.78,4,1,2,有,無,17700000,120589.0,,0.0,0,,RPQOMLPJPHIGFEA97DA,119.6,13.0,14.18,無,,43.0
北投區,房地(土地+建物)+車位,石牌路二段３１５巷３４弄３號十一樓,38.69,住,,,1120717,土地1建物1車位1,十一層,十四層,住宅大樓(11層含以上有電梯),住家用,1040804.0,188.26,3,2,2,有,有,32000000,169978.0,坡道平面,37.48,0,,RPROMLLLPHIGFEA97EA,89.78,9.15,7.07,有,,8.0
中正區,房地(土地+建物),汀州路二段９３號九樓之１,17.42,住,,,1120701,土地1建物1車位0,九層,十一層,住宅大樓(11層含以上有電梯),住家用,1030123.0,82.22999999999999,1,2,1,有,有,21580000,262435.0,,0.0,0,,RPRNMLKLPHIGFAA27DA,46.59,1.58,3.98,有,317.0,9.0
文山區,房地(土地+建物)+車位,興隆路二段８６巷１６號,37.33,住,,,1120702,土地1建物1車位2,一層,十三層,住宅大樓(11層含以上有電梯),住家用,970909.0,225.8,4,2,2,有,有,50000000,221435.0,坡道機械,41.88,0,夾層；其他增建；,RPVNMLRKPHIGFAA28DA,110.21,0.0,20.41,有,,15.0
信義區,房地(土地+建物)+車位,松德路１１７號十八樓,16.26,住,,,1120704,土地3建物1車位1,十八層,二十三層,住宅大樓(11層含以上有電梯),住家用,831021.0,196.31,3,2,2,有,有,57250000,329307.0,坡道平面,31.58,3000000,其他增建；,RPVOMLRJPHIGFDA58DA,145.9,4.04,15.62,有,320.0,29.0
中山區,房地(土地+建物),吉林路４９０號三樓,70.0,住,,,1120703,土地1建物1車位0,三層,三層,公寓(5樓含以下無電梯),住家用,630530.0,169.25,2,2,2,有,無,35000000,206795.0,,0.0,0,頂樓加蓋；,RPQNMLLLPHIGFCA47DA,164.07,0.0,5.18,無,,49.0
內湖區,房地(土地+建物),成功路二段４９８巷６號四樓,30.01,住,,,1120705,土地2建物1車位0,四層,五層,公寓(5樓含以下無電梯),住家用,691028.0,103.04,3,2,2,有,無,13750000,133443.0,,0.0,0,,RPXNMLKKPHIGFCA97DA,89.33,0.0,13.71,無,,43.0
信義區,房地(土地+建物),吳興街６００巷１００弄５１號五樓,25.0,住,,,1120702,土地5建物1車位0,五層,五層,公寓(5樓含以下無電梯),住家用,720905.0,89.38,5,3,2,有,無,15360000,171851.0,,0.0,0,頂樓加蓋；,RPQNMLOLPHIGFDA97EA,74.34,0.0,7.55,無,337.0,40.0
北投區,房地(土地+建物),明德路１１８巷１２號二樓,32.54,住,,,1120711,土地1建物1車位0,二層,五層,公寓(5樓含以下無電梯),住家用,741216.0,116.6,3,2,2,有,無,22400000,192110.0,,0.0,0,陽台外推；,RPPNMLLLPHIGFEA57DA,99.17,0.0,7.5,無,352.0,38.0
大安區,房地(土地+建物),和平東路三段１巷５４號十一樓,19.94,住,,,1120702,土地1建物1車位0,十一層,十五層,住宅大樓(11層含以上有電梯),住家用,740522.0,103.21,3,2,1,有,有,24800000,240287.0,,0.0,0,,RPPNMLPLPHIGFFA18EA,75.13,1.26,7.07,有,,38.0
北投區,房地(土地+建物),中山北路七段２１９巷３弄１０３號三樓,28.59,住,,,1120707,土地1建物1車位0,三層,七層,華廈(10層含以下有電梯),住家用,730923.0,124.3,4,2,2,有,有,16850000,135559.0,,0.0,0,,RPTNMLQLPHIGFEA48DA,91.01,0.0,14.75,有,354.0,39.0
內湖區,房地(土地+建物),行善路５９巷２０弄２之１號二樓之１,74.61,住,,,1120710,土地1建物1車位0,二層,九層,華廈(10層含以下有電梯),住家用,910117.0,181.88,3,2,2,有,有,37500000,206180.0,,0.0,0,,RPQNMLPLPHIGFCA97EA,114.43,0.0,11.24,有,,21.0
士林區,房地(土地+建物),忠誠路一段９０號十五樓,25.41,住,,,1120702,土地2建物1車位0,十五層,十五層,住宅大樓(11層含以上有電梯),住家用,770711.0,120.52,3,2,2,有,有,27000000,224011.0,,0.0,0,,RPSNMLPLPHIGFEA38EA,89.45,0.0,11.01,有,,35.0
大安區,房地(土地+建物),安和路二段６９巷１８號三樓之５,10.75,住,,,1120701,土地2建物1車位0,三層,八層,華廈(10層含以下有電梯),住家用,941201.0,42.349999999999994,1,1,1,有,有,13450000,317591.0,,0.0,0,,RPOOMLLKPHIGFFA57DA,27.84,0.0,2.06,有,359.0,18.0
中正區,房地(土地+建物)+車位,汀州路三段１６０巷４之１號三樓之６,7.13,住,,,1120701,土地1建物1車位1,三層,九層,華廈(10層含以下有電梯),住家用,951130.0,47.17,1,1,1,有,有,12500000,333230.0,升降機械,15.06,1800000,夾層；其他增建；,RPUQMLLLRHHGFAA18EA,21.08,0.95,0.0,有,362.0,17.0
信義區,房地(土地+建物)+車位,永吉路２２５巷７弄７號九樓之２,16.03,住,,,1120702,土地1建物1車位1,九層,十二層,住宅大樓(11層含以上有電梯),住家用,1111111.0,131.39,2,2,1,有,有,32500000,305280.0,坡道平面,35.74,3300000,,RPQNMLPLPHIGFDA08EA,54.5,5.55,4.39,有,,1.0
信義區,房地(土地+建物),瑞雲街３６號四樓之１,17.15,住,,,1120703,土地1建物1車位0,四層,七層,華廈(10層含以下有電梯),住家用,860109.0,33.14,1,1,1,有,無,6050000,182559.0,,0.0,0,陽台外推；夾層；其他增建；,RPQNMLNKPHIGFDA67DA,15.45,1.06,5.4,有,,26.0
中山區,房地(土地+建物),八德路二段１６７巷５號二樓之１,12.24,住,,,1120704,土地1建物1車位0,二層,六層,華廈(10層含以下有電梯),住家用,841127.0,42.21,1,1,1,有,無,10000000,236911.0,,0.0,0,,RPPNMLOLPHIGFCA67DA,29.53,2.83,3.53,有,,28.0
中山區,房地(土地+建物),新生北路三段６１號八樓之４,15.65,住,,,1120703,土地4建物1車位0,八層,九層,華廈(10層含以下有電梯),住家用,650907.0,107.0,5,0,5,有,有,18600000,173832.0,,0.0,0,陽台外推；,RPRNMLPLPHIGFCA97DA,74.55,0.0,17.15,有,369.0,47.0
信義區,房地(土地+建物),吳興街１５６巷２２弄１０號四樓,36.25,住,,,1120708,土地1建物1車位0,四層，陽台,四層,公寓(5樓含以下無電梯),住家用,640324.0,95.26,3,2,1,有,無,18000000,188957.0,,0.0,0,,RPOOMLPLPHIGFDA87DA,95.26,0.0,0.0,無,,48.0
文山區,房地(土地+建物)+車位,木新路二段１０６號三樓,25.31,住,,,1120701,土地1建物1車位1,三層,五層,華廈(10層含以下有電梯),住家用,1100924.0,118.2,2,1,1,有,有,22350000,205985.0,升降機械,17.95,1700000,,RPTNMLPLPHIGFAA97DA,46.34,4.66,6.72,有,,2.0
內湖區,房地(土地+建物)+車位,新明路４９８巷１４弄９號七樓,17.06,住,,,1120702,土地1建物1車位1,七層,七層,華廈(10層含以下有電梯),住家用,1001123.0,111.53,2,1,1,有,有,20880000,236578.0,塔式車位,30.88,1800000,,RPSNMLPLPHIGFCA18EA,41.63,4.61,7.84,有,,12.0
北投區,房地(土地+建物),西安街二段３７３號六樓,36.6,住,,,1120704,土地1建物1車位0,六層,十一層,住宅大樓(11層含以上有電梯),住家用,820511.0,118.05,3,2,1,有,有,21500000,182126.0,,0.0,0,陽台外推；,RPPNMLKKPHIGFEA37DA,82.25,0.45,9.68,有,,30.0
信義區,房地(土地+建物),吳興街３４５巷３號二樓,29.25,住,,,1120702,土地1建物1車位0,二層，陽台,四層,公寓(5樓含以下無電梯),住家用,610408.0,85.8,3,2,1,有,無,15800000,184149.0,,0.0,0,陽台外推；,RPUNMLKLPHIGFDA87DA,85.8,0.0,0.0,無,,51.0
北投區,房地(土地+建物),奇岩路１２之６號三樓,31.15,住,,,1120701,土地1建物1車位0,三層,五層,華廈(10層含以下有電梯),住家用,1011023.0,45.129999999999995,1,0,1,有,有,5500000,121870.0,,0.0,0,,RPXOMLPLPHIGFEA88DA,24.52,0.96,2.74,有,385.0,11.0
大安區,房地(土地+建物),復興南路二段９０巷１２號二樓之３,10.19,住,,,1120707,土地1建物1車位0,二層,十二層,住宅大樓(11層含以上有電梯),住家用,970125.0,50.290000000000006,1,1,1,有,有,17950000,356930.0,,0.0,0,陽台外推；,RPRNMLLLPHIGFFA87DA,29.4,1.76,2.86,有,,15.0
內湖區,房地(土地+建物),金湖路４６巷６弄８號二樓,21.4,住,,,1120705,土地5建物1車位0,二層,五層,公寓(5樓含以下無電梯),住家用,701224.0,96.2,3,2,2,有,無,16600000,172557.0,,0.0,0,,RPPNMLRJPHIGFCA77DA,76.29,0.0,10.41,無,,42.0
文山區,房地(土地+建物),光輝路３０巷４號四樓,0.31,住,,,1120713,土地1建物1車位0,四層，五層,五層,公寓(5樓含以下無電梯),住家用,571023.0,1.06,3,2,2,有,無,121802,114908.0,,0.0,0,其他增建；,RPSNMLOLPHIGFAA77DA,1.06,0.0,0.0,無,,55.0
中山區,房地(土地+建物),北安路６０８巷４弄３號四樓,27.09,住,,,1120712,土地1建物1車位0,四層,四層,公寓(5樓含以下無電梯),住家用,601215.0,69.52,2,2,1,有,無,16850000,242376.0,,0.0,0,其他增建；,RPPNMLMLPHIGFCA47DA,65.69,0.0,3.83,無,396.0,52.0
文山區,房地(土地+建物),恆光街２２巷５號五樓,41.04,住,,,1120702,土地1建物1車位0,五層,五層,公寓(5樓含以下無電梯),住家用,780824.0,117.04,3,2,2,有,無,14180000,121155.0,,0.0,0,其他增建；,RPQPMLLKPHIGFAA37DA,85.8,8.4,9.84,無,,34.0
北投區,房地(土地+建物),泉源路３９之１８號三樓,48.64,住,,,1120702,土地1建物1車位0,三層，陽台,四層,公寓(5樓含以下無電梯),住家用,641215.0,128.16,3,2,2,有,無,11680000,91136.0,,0.0,0,陽台外推；其他增建；,RPVNMLTKPHIGFEA88DA,128.16,0.0,0.0,無,402.0,48.0
松山區,房地(土地+建物)+車位,延壽街３３０巷８弄８號五樓之２,51.53,住,,,1120709,土地1建物1車位1,五層,十一層,住宅大樓(11層含以上有電梯),住家用,980320.0,188.08999999999995,3,2,2,有,有,51000000,271147.0,坡道平面,0.0,0,,RPQNMLMKPHIGFDA57DA,103.44,0.0,10.38,有,,14.0
北投區,房地(土地+建物)+車位,奇岩路２２９號,197.09,住,,,1120709,土地4建物1車位2,一層,五層,華廈(10層含以下有電梯),住家用,1040617.0,236.42,3,2,2,有,有,43000000,180914.0,坡道機械,15.32,3000000,含裝潢費；,RPQOMLMKPHIGFEA77DA,132.57,1.67,13.96,有,,8.0
中山區,房地(土地+建物),中山北路二段１１６巷１２號四樓,28.14,住,,,1120704,土地3建物1車位0,四層,五層,公寓(5樓含以下無電梯),住家用,741212.0,80.08999999999999,5,0,5,有,無,18590000,232114.0,,0.0,0,陽台外推；其他增建；,RPTOMLOJPHIGFCA97DA,65.63,0.0,7.83,無,,38.0
萬華區,房地(土地+建物)+車位,西藏路１２３號十樓之１,40.47,住,,,1120710,土地2建物1車位1,十層,十五層,住宅大樓(11層含以上有電梯),住家用,1000908.0,189.85,3,2,2,有,有,36000000,189623.0,坡道平面,0.0,0,,RPQNMLSLPHIGFBA08DA,102.55,0.0,12.96,有,415.0,12.0
大安區,房地(土地+建物)+車位,金山南路二段１３２巷２０號四樓之７,17.62,住,,,1120708,土地1建物2車位1,四層,六層,華廈(10層含以下有電梯),住家用,870331.0,80.88,2,1,1,有,有,26860000,332097.0,一樓平面,0.0,4000000,交易總價為2686萬元整，土地及建物價格為2286萬元整。陽台外推；其他增建；,RPRNMLKLPHIGFFA77DA,31.93,0.0,7.16,有,,25.0
中正區,房地(土地+建物)+車位,林森南路９７號四樓,31.75,住,,,1120708,土地1建物1車位2,四層,十層,華廈(10層含以下有電梯),住家用,990818.0,194.75,3,2,2,有,有,49800000,242803.0,升降機械,6.13,4000000,,RPWNMLRLPHIGFBA58DA,87.05,1.41,12.25,有,,13.0
士林區,房地(土地+建物),中社路二段９１巷２號三樓,99.94,住,,,1120712,土地1建物1車位0,三層,四層,公寓(5樓含以下無電梯),住家用,650406.0,103.75,4,2,2,有,無,10000000,96386.0,,0.0,0,,RPPOMLRLPHIGFEA28DA,103.75,0.0,0.0,無,,47.0
松山區,房地(土地+建物),南京東路四段１２０巷１９弄１４號三樓,39.75,住,,,1120718,土地1建物1車位0,三層,四層,公寓(5樓含以下無電梯),住家用,580602.0,101.3,3,2,2,有,無,27300000,269497.0,,0.0,0,陽台外推；其他增建；,RPUNMLLLPHIGFDA97DA,92.66,0.0,8.64,無,423.0,54.0
中山區,房地(土地+建物),農安街１１９號,33.33,住,,,1120703,土地1建物1車位0,一層，騎樓,三層,公寓(5樓含以下無電梯),住家用,570113.0,84.18,1,1,1,有,無,25000000,296983.0,,0.0,0,,RPPPMLLKPHIGFCA47DA,84.18,0.0,0.0,無,427.0,55.0
中山區,房地(土地+建物),新生北路二段１４７號六樓,17.38,住,,,1120703,土地1建物1車位0,六層,七層,華廈(10層含以下有電梯),住家用,680323.0,100.88,3,2,2,有,無,19300000,191316.0,,0.0,0,陽台外推；,RPVOMLLMPHIGFCA18DA,84.44,0.0,12.78,有,,44.0
北投區,房地(土地+建物),中和街５００號二樓,93.5,住,,,1120702,土地2建物1車位0,二層,二層,公寓(5樓含以下無電梯),住家用,620906.0,73.24,4,3,2,有,無,11700000,159749.0,,0.0,0,頂樓加蓋；其他增建；,RPUNMLLLPHIGFEA08DA,73.24,0.0,0.0,無,429.0,50.0
士林區,房地(土地+建物),中社路一段６１巷８號,53.19,住,,,1120711,土地1建物1車位0,一層,四層,公寓(5樓含以下無電梯),住家用,640801.0,69.66,3,1,1,有,無,11680000,167672.0,,0.0,0,,RPTNMLMKPHIGFEA97DA,69.66,0.0,0.0,無,,48.0
南港區,房地(土地+建物)+車位,經貿二路１５７巷３６弄１０１號二樓之３,11.07,住,,,1120713,土地1建物1車位1,二層,十一層,住宅大樓(11層含以上有電梯),住家用,1020812.0,88.03999999999999,2,1,1,有,有,20000000,227169.0,其他,0.0,1800000,,RPPNMLNKPHIGFDA57DA,38.35,4.91,5.09,有,431.0,10.0
內湖區,房地(土地+建物)+車位,內湖路二段３５５巷２０號九樓,18.0,住,,,1120704,土地2建物1車位1,九層,十層,華廈(10層含以下有電梯),住家用,1030513.0,124.58,2,2,1,有,有,25280000,248148.0,升降平面,32.78,2500000,,RPXOMLLKPHIGFCA18DA,63.67,2.15,4.56,有,432.0,9.0
文山區,房地(土地+建物)+車位,木柵路二段１０９巷１００弄５４號九樓,50.12,住,,,1120701,土地2建物1車位1,九層,十七層,住宅大樓(11層含以上有電梯),住家用,850925.0,86.98,2,1,1,有,有,13400000,154058.0,坡道機械,13.67,0,,RPUNMLSLPHIGFAA38DA,47.85,1.16,7.88,有,,27.0
南港區,房地(土地+建物),研究院路三段８６巷８號三樓,25.62,住,,,1120710,土地1建物1車位0,三層,四層,公寓(5樓含以下無電梯),住家用,681224.0,48.55,2,1,1,有,無,5700000,117405.0,,0.0,0,陽台外推；,RPOOMLPKOHIGFDA77EA,46.66,0.0,1.89,無,434.0,44.0
中山區,房地(土地+建物),合江街１３０巷２３號二樓,33.25,住,,,1120707,土地1建物1車位0,二層,四層,公寓(5樓含以下無電梯),住家用,590303.0,96.29,3,2,1,有,無,19500000,202513.0,,0.0,0,陽台外推；,RPRNMLLMPHIGFCA77EA,84.94,0.0,11.35,無,436.0,53.0
中正區,房地(土地+建物),南昌路一段５４巷２４號二樓,14.32,住,,,1120710,土地1建物1車位0,二層,七層,華廈(10層含以下有電梯),住家用,960112.0,50.66,1,0,1,有,有,17080000,337150.0,,0.0,0,陽台外推；其他增建；,RPTNMLRLPHIGFAA18DA,27.0,0.0,6.05,有,437.0,16.0
士林區,房地(土地+建物),華齡街６７號三樓,31.96,住,,,1120707,土地1建物1車位0,三層,五層,公寓(5樓含以下無電梯),住家用,690331.0,100.4,3,2,1,有,無,17100000,170319.0,,0.0,0,其他增建；,RPWNMLNKPHIGFEA38DA,91.83,0.0,8.57,無,,43.0
信義區,房地(土地+建物),吳興街３５０巷３號四樓,43.57,住,,,1120701,土地1建物1車位0,四層,六層,華廈(10層含以下有電梯),住家用,770430.0,208.27,4,2,2,有,無,39060000,187545.0,,0.0,0,,RPXPMLQJPHIGFDA78DA,138.04,0.79,18.61,有,,35.0
文山區,房地(土地+建物),辛亥路四段７７巷６４號九樓,51.0,住,,,1120701,土地1建物1車位0,九層,十層,華廈(10層含以下有電梯),住家用,831101.0,84.27,2,2,1,有,有,16600000,196986.0,,0.0,0,陽台外推；其他增建；,RPQOMLRJPHIGFAA77DA,62.78,2.94,7.16,有,,29.0
文山區,房地(土地+建物),辛亥路七段６９巷１６號五樓,22.62,住,,,1120702,土地1建物1車位0,五層,五層,公寓(5樓含以下無電梯),住家用,671206.0,103.87,4,2,2,有,無,14700000,141523.0,,0.0,0,陽台外推；頂樓加蓋；,RPPNMLKMPHIGFAA17DA,72.19,0.0,17.42,無,444.0,45.0
中山區,房地(土地+建物)+車位,敬業三路１６２巷６５號四樓,43.31,住,,,1120702,土地1建物1車位1,四層,十層,華廈(10層含以下有電梯),住家用,890628.0,143.09,2,2,2,有,有,26100000,182403.0,坡道平面,0.0,0,陽台外推；,RPOOMLLMPHIGFCA47DA,71.49,0.0,7.62,有,,23.0
大安區,房地(土地+建物)+車位,瑞安街２２２巷６８號,67.77,住,,,1120716,土地1建物2車位1,一層，地下一層,六層,華廈(10層含以下有電梯),住家用,830627.0,287.87,4,2,3,有,無,51500000,178900.0,升降平面,0.0,0,其他增建；,RPSNMLLMPHIGFFA08DA,195.69,9.83,0.0,有,,29.0
大同區,房地(土地+建物),昌吉街７１號,21.6,住,,,1120714,土地1建物1車位0,一層，騎樓,五層,公寓(5樓含以下無電梯),住家用,650726.0,121.45,2,3,1,有,無,27080000,222972.0,,0.0,0,,RPTNMLLJQHIGFBA67EA,68.0,53.45,0.0,無,,47.0
南港區,房地(土地+建物),研究院路二段１８２巷７９弄１０號二樓,26.53,住,,,1120701,土地2建物1車位0,二層,五層,公寓(5樓含以下無電梯),住家用,731029.0,97.91,3,2,2,有,有,12500000,127668.0,,0.0,0,,RPSNMLPJPHIGFDA97DA,78.39,0.0,9.04,無,,39.0
內湖區,房地(土地+建物),文德路６６巷１０１號三樓之５,18.44,住,,,1120705,土地1建物1車位0,三層,七層,華廈(10層含以下有電梯),住家用,811124.0,72.04,2,2,1,有,有,17500000,242921.0,,0.0,0,陽台外推；其他增建；,RPRNMLSKPHIGFCA18DA,46.35,4.05,9.13,有,451.0,31.0
中山區,房地(土地+建物)+車位,明水路３９７巷１９弄１０號六樓,25.11,住,,,1120707,土地1建物1車位1,六層,十二層,住宅大樓(11層含以上有電梯),住家用,880125.0,136.29000000000002,3,2,2,有,有,38500000,282486.0,坡道平面,0.0,0,,RPPPMLPJPHIGFCA77DA,76.44,0.0,8.9,有,,24.0
中正區,房地(土地+建物)+車位,仁愛路一段２３巷１９號三樓,40.84,住,,,1120702,土地1建物1車位2,三層,六層,華廈(10層含以下有電梯),住家用,1031113.0,225.49,2,2,2,有,有,66060000,304619.0,其他,21.76,4000000,,RPQOMLLMPHIGFBA57DA,85.74,16.16,0.0,有,,9.0
中山區,房地(土地+建物),吉林路３６９號三樓之１２,6.31,住,,,1120708,土地1建物1車位0,三層,七層,華廈(10層含以下有電梯),住家用,681219.0,39.21,1,1,1,有,有,7400000,188727.0,,0.0,0,,RPTOMLLLPHIGFCA87DA,31.33,0.0,0.0,有,,44.0
松山區,房地(土地+建物),延壽街４０２巷２弄９號四樓,31.0,住,,,1120706,土地2建物1車位0,四層,五層,公寓(5樓含以下無電梯),住家用,670508.0,99.77,3,2,1,有,無,24000000,240553.0,,0.0,0,陽台外推；,RPSNMLLJQHIGFDA67DA,86.29,0.0,13.48,無,,45.0
中山區,房地(土地+建物)+車位,基湖路１５７巷３號六樓,112.17,住,,,1120701,土地1建物1車位2,六層,十三層,住宅大樓(11層含以上有電梯),住家用,900227.0,385.99,7,2,5,有,有,143800000,476042.0,坡道平面,96.52,6000000,陽台加窗、空調機房劃為室內面積使用其他增建；,RPXPMLOJPHIGFCA48DA,188.14,0.0,25.35,有,,22.0
信義區,房地(土地+建物)+車位,松平路７０號十一樓,49.72,住,,,1120702,土地2建物1車位1,十一層,十三層,住宅大樓(11層含以上有電梯),住家用,870428.0,193.05,3,2,2,有,有,55000000,284900.0,坡道平面,0.0,0,其他增建：花台外推。陽台外推；其他增建；,RPXOMLPJPHIGFDA58DA,95.14,1.92,12.72,有,456.0,25.0
士林區,房地(土地+建物)+車位,天母東路７７之８號五樓,22.17,住,,,1120703,土地1建物1車位1,五層,七層,華廈(10層含以下有電梯),住家用,740508.0,155.95999999999998,3,2,2,有,有,33180000,212761.0,坡道平面,0.0,0,陽台外推；其他增建；,RPXNMLOJQHIGFEA68EA,124.72,1.58,13.49,有,,38.0
信義區,房地(土地+建物),吳興街３３６巷４６號三樓,29.17,住,,,1120716,土地2建物1車位0,三層,五層,公寓(5樓含以下無電梯),住家用,781124.0,123.34,3,2,2,有,無,18880000,153073.0,,0.0,0,,RPTNMLLMPHIGFDA97DA,107.12,0.0,12.04,無,,34.0
信義區,房地(土地+建物),永吉路５１７巷１弄４號四樓,36.25,住,,,1120707,土地1建物1車位0,四層,四層,公寓(5樓含以下無電梯),住家用,590730.0,89.44,2,2,2,有,無,17300000,193426.0,,0.0,0,陽台外推；頂樓加蓋；,RPQNMLMJQHIGFDA67EA,89.44,0.0,0.0,無,,53.0
北投區,房地(土地+建物)+車位,大同街２３２號三樓之２,52.14,住,,,1120708,土地1建物1車位1,三層,十四層,住宅大樓(11層含以上有電梯),住家用,940222.0,208.02999999999997,3,2,2,有,有,32680000,157093.0,坡道平面,0.0,0,其他增建；,RPQNMLRLPHIGFEA28DA,112.41,2.41,12.75,有,476.0,18.0
信義區,房地(土地+建物),林口街２４巷９號,35.75,住,,,1120702,土地2建物1車位0,一層,四層,公寓(5樓含以下無電梯),住家用,590121.0,67.65,3,2,1,有,無,16500000,243902.0,,0.0,0,其他增建；,RPTNMLLJQHIGFDA77DA,67.65,0.0,0.0,無,,53.0
南港區,房地(土地+建物)+車位,重陽路５８８號九樓,21.65,住,,,1120704,土地1建物1車位1,九層,十二層,住宅大樓(11層含以上有電梯),住家用,960130.0,116.34,2,1,1,有,有,23800000,204573.0,升降平面,0.0,0,夾層；,RPSNMLPLPHIGFDA18DA,50.8,6.43,5.65,有,,16.0
南港區,房地(土地+建物),成福路２０６巷５弄１２號二樓之１,21.36,住,,,1120720,土地1建物1車位0,二層,六層,華廈(10層含以下有電梯),住家用,801001.0,72.51,3,1,2,有,無,13800000,190319.0,,0.0,0,陽台外推；,RPQOMLPKOHIGFDA97EA,52.5,2.06,6.8,有,,32.0
北投區,房地(土地+建物)+車位,溫泉路６８巷６弄６號三樓之１,27.21,住,,,1120702,土地1建物1車位1,三層,十一層,住宅大樓(11層含以上有電梯),住家用,1051109.0,166.91000000000005,3,2,2,有,有,27180000,189759.0,坡道平面,36.85,2500000,,RPRNMLMJQHIGFEA87EA,72.21,5.63,7.2,有,,7.0
北投區,房地(土地+建物),吉利街２８０巷２７弄１１號二樓,44.5,住,,,1120707,土地1建物1車位0,二層,四層,公寓(5樓含以下無電梯),住家用,611115.0,119.31,3,2,2,有,無,18700000,156735.0,,0.0,0,陽台外推；,RPQSMLLJQHIGFEA08DA,119.31,0.0,0.0,無,,51.0
北投區,房地(土地+建物),榮華三路５７號五樓,40.77,住,,,1120701,土地1建物1車位0,五層,五層,公寓(5樓含以下無電梯),住家用,670621.0,132.06,3,2,2,有,有,18300000,138573.0,,0.0,0,,RPTNMLRLPHIGFEA58DA,118.49,0.0,13.57,無,,45.0
信義區,房地(土地+建物),忠孝東路五段２３６巷１０弄５號二樓,38.5,住,,,1120715,土地1建物1車位0,二層，陽台,四層,公寓(5樓含以下無電梯),住家用,600720.0,102.03,3,2,1,有,無,25000000,245026.0,,0.0,0,,RPWOMLPKOHIGFDA58EA,102.03,0.0,0.0,無,,52.0
文山區,房地(土地+建物),興隆路三段１８５巷９弄４號四樓,25.98,住,,,1120705,土地7建物1車位0,四層,五層,公寓(5樓含以下無電梯),住家用,720823.0,86.72999999999999,3,1,2,有,有,11650000,134325.0,,0.0,0,陽台外推；,RPRNMLLMPHIGFAA47DA,64.8,0.0,13.91,無,485.0,40.0
大安區,房地(土地+建物),光復南路９８之２號三樓,15.95,住,,,1120712,土地1建物1車位0,三層,十二層,住宅大樓(11層含以上有電梯),住家用,761105.0,108.27,2,2,2,有,有,32380000,299067.0,,0.0,0,陽台外推；,RPSOMLNKPHIGFFA18DA,75.97,3.44,12.59,有,,36.0
文山區,房地(土地+建物),忠順街一段２６巷３０弄１號四樓,33.32,住,,,1120710,土地1建物2車位0,四層,六層,華廈(10層含以下有電梯),住家用,840109.0,119.63,3,2,2,有,無,18500000,154643.0,,0.0,0,陽台外推；其他增建；,RPPNMLQKPHIGFAA57DA,71.76,1.94,8.54,有,490.0,29.0
文山區,房地(土地+建物),指南路三段５７號三樓之５,12.88,住,,,1120709,土地1建物1車位0,三層,八層,華廈(10層含以下有電梯),住家用,1110913.0,55.260000000000005,1,1,1,有,有,10850000,196345.0,,0.0,0,陽台外推；其他增建；,RPTNMLQLPHIGFAA08DA,25.11,7.82,2.02,有,,1.0
內湖區,房地(土地+建物)+車位,金湖路３４７巷１２１弄２０號,111.29,住,,,1120712,土地1建物1車位2,一層,五層,華廈(10層含以下有電梯),住家用,941219.0,269.5,4,2,2,有,有,58000000,215213.0,坡道平面,0.0,0,,RPTNMLNKPHIGFCA87DA,128.99,2.44,13.14,有,493.0,18.0
大安區,房地(土地+建物),四維路１２２號二樓之１,15.29,住,,,1120702,土地3建物2車位0,二層,四層,公寓(5樓含以下無電梯),住家用,620824.0,43.16,1,1,1,有,無,14060000,325765.0,,0.0,0,陽台外推；其他增建；,RPXNMLSKPHIGFFA09DA,30.02,0.0,6.86,無,495.0,50.0
大安區,房地(土地+建物),安和路二段１７７號十二樓,18.96,住,,,1120702,土地1建物1車位0,十二層,十七層,住宅大樓(11層含以上有電梯),住家用,750131.0,193.32,3,2,2,有,有,51450000,266139.0,,0.0,0,,RPWNMLLJQHIGFFA28DA,123.02,0.0,35.18,有,,37.0
大安區,房地(土地+建物),和平東路二段７６巷３１弄１４號,29.12,住,,,1120708,土地2建物1車位0,一層，平台,四層,公寓(5樓含以下無電梯),住家用,,128.91,4,3,2,有,無,33660000,261112.0,,0.0,0,其他增建；,RPSNMLLLPHIGFFA97DA,81.38,47.53,0.0,無,,
士林區,房地(土地+建物),華岡路４７巷５號四樓,35.28,住,,,1120710,土地1建物1車位0,四層,四層,公寓(5樓含以下無電梯),住家用,670705.0,126.61,7,0,7,有,無,15600000,123213.0,,0.0,0,頂樓加蓋；,RPWNMLOJQHIGFEA58EA,111.51,0.0,15.1,無,,45.0
中山區,房地(土地+建物),建國北路三段７４號九樓,10.04,住,,,1120704,土地2建物1車位0,九層,十二層,住宅大樓(11層含以上有電梯),住家用,750411.0,69.17999999999999,2,1,1,有,有,14100000,203816.0,,0.0,0,,RPRPMLRJPHIGFCA18DA,59.2,1.32,4.55,有,,37.0
士林區,房地(土地+建物),通河街３２３巷７１之３號,11.71,住,,,1120714,土地1建物1車位0,三層,五層,公寓(5樓含以下無電梯),住家用,591210.0,29.48,1,1,1,有,有,4800000,162822.0,,0.0,0,,RPPOMLOJQHIGFEA97EA,26.28,1.85,1.35,無,,53.0
萬華區,房地(土地+建物),國興路２號五樓,16.78,住,,,1120708,土地1建物1車位0,五層,十二層,住宅大樓(11層含以上有電梯),住家用,680403.0,59.84,3,2,1,有,有,14000000,233957.0,,0.0,0,,RPQNMLTLPHIGFBA18DA,52.57,0.0,7.27,有,499.0,44.0
萬華區,房地(土地+建物),長泰街７３巷６弄１８號三樓,28.0,住,,,1120706,土地1建物1車位0,三層,四層,公寓(5樓含以下無電梯),住家用,610822.0,85.13,3,2,2,有,無,11000000,129214.0,,0.0,0,其他增建；,RPUNMLMKPHIGFBA77DA,81.33,0.0,3.8,無,500.0,51.0
士林區,房地(土地+建物)+車位,菁山路５３之２號三樓,105.02,住,,,1120717,土地1建物1車位2,三層,五層,華廈(10層含以下有電梯),住家用,980605.0,285.71,3,2,2,有,有,37680000,160047.0,坡道平面,81.52,5000000,,RPSNMLMJQHIGFEA87DA,129.92,3.67,14.61,有,,14.0
中正區,房地(土地+建物)+車位,羅斯福路二段８巷８號九樓,26.51,住,,,1120709,土地1建物1車位1,九層,九層,華廈(10層含以下有電梯),住家用,1000408.0,111.53,2,2,2,有,有,36000000,357367.0,升降機械,15.83,1800000,陽台外推；其他增建；,RPUNMLKLPHIGFAA57DA,53.05,4.62,2.21,有,503.0,12.0
內湖區,房地(土地+建物),麗山街３３０號三樓,29.17,住,,,1120703,土地1建物1車位0,三層,五層,公寓(5樓含以下無電梯),住家用,720211.0,138.85,5,0,5,有,無,20800000,149802.0,,0.0,0,陽台外推；,RPROMLKLPHIGFCA57DA,87.55,0.0,23.22,無,506.0,40.0
中正區,房地(土地+建物),汀州路二段１８５號,26.5,住,,,1120718,土地2建物1車位0,一層，騎樓,四層,公寓(5樓含以下無電梯),住家用,600503.0,78.0,0,0,0,無,無,34880000,447179.0,,0.0,0,其他增建；未登記建物；,RPOOMLLJQHIGFAA07DA,78.0,0.0,0.0,無,,52.0
中山區,房地(土地+建物),北安路４５８巷４７弄１８號四樓,12.64,住,,,1120703,土地1建物1車位0,四層,七層,華廈(10層含以下有電梯),住家用,961219.0,53.83,1,1,1,有,有,16300000,302805.0,,0.0,0,,RPRNMLMLPHIGFCA67DA,31.01,1.9,2.94,有,507.0,16.0
北投區,房地(土地+建物),中央北路四段５８３巷１１弄４１之２號,48.0,住,,,1120707,土地3建物1車位0,一層,四層,公寓(5樓含以下無電梯),住家用,730130.0,120.32,3,2,1,有,無,16500000,137134.0,,0.0,0,一樓空地增建、平台外推、鐵鋁窗增建其他增建；,RPPNMLRJQHIGFEA18EA,78.56,41.76,0.0,無,509.0,39.0
內湖區,房地(土地+建物)+車位,港墘路２６巷１１號十三樓之１,36.85,住,,,1120723,土地1建物1車位1,十三層,十四層,住宅大樓(11層含以上有電梯),住家用,840401.0,180.82,4,2,2,有,有,40500000,256690.0,坡道平面,33.94,2800000,,RPOPMLLMPHIGFCA57DA,149.71,2.29,13.93,有,,28.0
大安區,房地(土地+建物),復興南路一段７９巷１０號五樓,5.33,住,,,1120716,土地2建物1車位0,五層,七層,華廈(10層含以下有電梯),住家用,690904.0,27.26,0,1,1,有,無,8560000,314013.0,,0.0,0,陽台外推；其他增建；,RPXNMLOLPHIGFFA78DA,17.36,0.0,4.29,有,512.0,43.0
士林區,房地(土地+建物),忠誠路二段２１巷４５弄７號五樓,31.7,住,,,1120723,土地1建物1車位0,五層,五層,公寓(5樓含以下無電梯),住家用,730118.0,106.25,3,2,2,有,無,20880000,196518.0,,0.0,0,陽台外推；其他增建；,RPQNMLQLPHIGFEA18DA,96.51,0.0,7.62,無,,40.0
中山區,房地(土地+建物),龍江路２８６巷１４號四樓,43.0,住,,,1120719,土地1建物1車位0,四層,四層,公寓(5樓含以下無電梯),住家用,641117.0,121.34,3,2,2,有,無,28900000,238174.0,,0.0,0,頂樓加蓋；未登記建物；,RPPNMLRLPHIGFCA97DA,103.98,0.0,17.36,無,513.0,48.0
文山區,房地(土地+建物)+車位,汀州路四段１９１號十三樓,29.11,住,,,1120719,土地1建物1車位2,十三層,二十二層,住宅大樓(11層含以上有電梯),住家用,1000113.0,257.2,3,2,2,有,有,56000000,217738.0,坡道平面,72.02,0,,RPSOMLTKPHIGFAA28DA,116.41,10.28,6.18,有,516.0,13.0
萬華區,房地(土地+建物)+車位,西藏路１１９號十三樓之１,40.54,住,,,1120722,土地2建物1車位1,十三層,十五層,住宅大樓(11層含以上有電梯),住家用,1000908.0,190.14,3,2,2,有,有,37500000,197223.0,坡道平面,0.0,0,含機車車位編號173、174,RPWNMLOJQHIGFBA18DA,102.71,0.0,12.96,有,518.0,12.0
內湖區,房地(土地+建物),新富街１６６號十二樓,54.83,住,,,1120707,土地1建物1車位0,十二層,十四層,住宅大樓(11層含以上有電梯),住家用,1010601.0,295.37,4,2,3,有,有,69865000,236534.0,,0.0,0,,RPPOMLLJQHIGFCA37DA,173.37,7.88,19.64,有,,11.0
中山區,房地(土地+建物),合江街１８８巷２２號五樓,20.75,住,,,1120719,土地1建物1車位0,五層,七層,華廈(10層含以下有電梯),住家用,661231.0,118.92,3,2,2,有,無,25600000,215271.0,,0.0,0,陽台外推；,RPTPMLOLPHIGFCA28DA,88.1,0.0,16.17,有,,46.0
中山區,房地(土地+建物),新生北路三段４３號四樓之２０,6.57,住,,,1120704,土地2建物1車位0,四層,十一層,住宅大樓(11層含以上有電梯),住家用,670301.0,51.73,1,1,1,有,有,8500000,164315.0,,0.0,0,,RPSNMLRJQHIGFCA28EA,35.62,0.0,3.09,有,,45.0
士林區,房地(土地+建物),忠誠路二段１０８號三樓,21.01,住,,,1120707,土地1建物1車位0,三層,十四層,住宅大樓(11層含以上有電梯),住家用,750812.0,200.83,4,2,2,有,有,49000000,243987.0,,0.0,0,陽台外推；其他增建；,RPTNMLPLPHIGFEA38DA,149.38,0.0,20.31,有,,37.0
文山區,房地(土地+建物),興隆路三段１８５巷１５弄８號五樓,28.34,住,,,1120702,土地7建物1車位0,五層,五層,公寓(5樓含以下無電梯),住家用,720823.0,93.72,3,2,2,有,有,8800000,93897.0,,0.0,0,其他增建；,RPROMLOLPHIGFAA77DA,62.31,0.0,23.39,無,528.0,40.0
中正區,房地(土地+建物),中華路二段３１１巷４１號三樓,10.66,住,,,1120723,土地1建物1車位0,三層,五層,公寓(5樓含以下無電梯),住家用,560519.0,25.63,1,1,1,有,無,5600000,218494.0,,0.0,0,其他增建；,RPXQMLLLRHHGFAA48EA,24.0,0.0,1.63,無,532.0,56.0
士林區,房地(土地+建物),德行東路３３２巷１號四樓,33.24,住,,,1120719,土地1建物1車位0,四層,五層,公寓(5樓含以下無電梯),住家用,710707.0,115.48,3,2,2,有,無,19000000,164531.0,,0.0,0,陽台外推；其他增建；,RPOQMLKLPHIGFEA67DA,99.5,0.0,15.98,無,,41.0
內湖區,房地(土地+建物),民權東路六段９０巷１０號四樓,17.79,住,,,1120717,土地1建物1車位0,四層,五層,公寓(5樓含以下無電梯),住家用,711022.0,73.63,3,2,1,有,無,11500000,156186.0,,0.0,0,,RPRNMLRJQHIGFCA18EA,54.02,0.0,19.61,無,,41.0
文山區,房地(土地+建物),指南路三段５７號二樓之５,12.88,住,,,1120709,土地1建物1車位0,二層,八層,華廈(10層含以下有電梯),住家用,1110913.0,55.260000000000005,1,1,1,有,有,11530000,208650.0,,0.0,0,陽台外推；其他增建；,RPVOMLOLPHIGFAA18DA,25.11,7.82,2.02,有,,1.0
內湖區,房地(土地+建物),康寧路三段９９巷３９弄７８號四樓,16.43,住,,,1120708,土地1建物1車位0,四層,七層,華廈(10層含以下有電梯),住家用,820426.0,48.55,1,1,1,有,無,10800000,222451.0,,0.0,0,陽台外推；其他增建；,RPQOMLOLPHIGFCA87DA,27.28,1.54,4.04,有,538.0,30.0
內湖區,房地(土地+建物),安泰街８２號五樓,33.67,住,,,1120705,土地3建物1車位0,五層,五層,公寓(5樓含以下無電梯),住家用,690808.0,104.4,3,2,2,有,無,12300000,117816.0,,0.0,0,陽台外推；其他增建；,RPWOMLPLPHIGFCA58DA,95.22,0.0,9.18,無,,43.0
信義區,房地(土地+建物)+車位,松德路１２７號十八樓,16.31,住,,,1120714,土地3建物1車位1,十八層,二十三層,住宅大樓(11層含以上有電梯),住家用,831021.0,196.08999999999995,3,2,2,有,有,54500000,277934.0,坡道平面,0.0,3000000,,RPSNMLRJQHIGFDA28DA,146.17,3.19,12.84,有,,29.0
中正區,房地(土地+建物)+車位,羅斯福路三段２４４巷９弄３號三樓,19.73,住,,,1120702,土地1建物1車位1,三層,七層,華廈(10層含以下有電梯),住家用,1120105.0,93.33,2,2,1,有,有,29000000,351226.0,升降機械,17.88,2500000,,RPPOMLLJQHIGFAA17DA,41.83,0.0,3.96,有,541.0,
內湖區,房地(土地+建物),新明路４９１號,58.0,住,,,1120718,土地1建物1車位0,全,一層,透天厝,住家用,460620.0,41.11,1,2,1,有,無,22100000,537582.0,,0.0,0,,RPVNMLSJQHIGFCA68EA,41.11,0.0,0.0,無,542.0,66.0
北投區,房地(土地+建物)+車位,中和街３６８號九樓之２,8.29,,,,1120709,土地1建物1車位1,九層，電梯樓梯間,十九層,住宅大樓(11層含以上有電梯),住家用,870624.0,70.84,1,1,1,有,有,8050000,113636.0,坡道平面,0.0,0,,RPVNMLSJQHIGFEA78DA,29.12,1.8,5.33,有,546.0,25.0
文山區,房地(土地+建物)+車位,景華街１２８巷２弄７之１號三樓,17.35,住,,,1120708,土地1建物1車位1,三層,九層,華廈(10層含以下有電梯),住家用,1040430.0,85.06,2,2,1,有,有,17600000,214441.0,升降機械,11.38,1800000,,RPQNMLQLPHIGFAA77DA,40.41,3.71,6.67,有,547.0,8.0
文山區,房地(土地+建物)+車位,興隆路二段６１巷９號十樓,24.02,住,,,1120721,土地1建物1車位1,十層,十三層,住宅大樓(11層含以上有電梯),住家用,1020812.0,169.07999999999998,3,2,2,有,有,32000000,189260.0,坡道平面,36.42,0,,RPSNMLRLPHIGFAA08DA,78.42,6.21,6.24,有,548.0,10.0
萬華區,房地(土地+建物),長泰街２８２巷１１弄２號三樓,32.25,住,,,1120701,土地1建物1車位0,三層,四層,公寓(5樓含以下無電梯),住家用,580812.0,75.89,3,2,1,有,無,10200000,134405.0,,0.0,0,其他增建；,RPVOMLLKPHIGFBA87DA,75.89,0.0,0.0,無,550.0,54.0
大安區,房地(土地+建物),大安路二段１５巷２號四樓之１,23.73,住,,,1120702,土地1建物1車位0,四層,八層,華廈(10層含以下有電梯),住家用,701102.0,145.57999999999998,3,2,2,有,有,39400000,270642.0,,0.0,0,,RPPNMLSJQHIGFFA28DA,107.04,0.0,21.34,有,,42.0
北投區,房地(土地+建物),杏林三路１３號四樓,13.14,住,,,1120709,土地1建物1車位0,四層,七層,華廈(10層含以下有電梯),住家用,1020925.0,54.510000000000005,1,1,1,有,有,9090000,166758.0,,0.0,0,,RPQNMLSKPHIGFEA28DA,31.72,1.76,4.72,有,552.0,10.0
中山區,房地(土地+建物)+車位,基湖路１５１巷３５號五樓之３,15.68,住,,,1120703,土地1建物1車位1,五層,五層,華廈(10層含以下有電梯),住家用,930630.0,65.31,0,0,0,無,有,12500000,191395.0,坡道平面,26.72,0,,RPQOMLKKQHIGFCA47DA,21.15,0.0,2.54,有,,19.0
文山區,房地(土地+建物),景興路１０２巷６號二樓,33.5,住,,,1120716,土地1建物1車位0,二層,四層,公寓(5樓含以下無電梯),住家用,571130.0,105.95,2,3,1,有,無,18300000,172723.0,,0.0,0,其他增建；,RPVNMLTKPHIGFAA48DA,105.95,0.0,0.0,無,554.0,55.0
信義區,房地(土地+建物)+車位,和平東路三段３１９號三樓,19.73,住,,,1120704,土地1建物1車位1,三層,十二層,住宅大樓(11層含以上有電梯),住家用,800527.0,167.28,2,2,2,有,有,32000000,191296.0,坡道平面,0.0,3000000,前陽台外推，後陽台加窗陽台外推；其他增建；,RPRNMLOLPHIGFDA97DA,136.98,0.0,9.2,有,556.0,32.0
信義區,房地(土地+建物)+車位,松山路４８２巷３０號十一樓,8.7,住,,,1120705,土地2建物1車位1,十一層,十四層,住宅大樓(11層含以上有電梯),住家用,740723.0,78.78,2,2,1,有,有,17400000,220868.0,坡道平面,0.0,0,,RPVPMLPKOHIGFDA58EA,57.91,0.0,8.32,有,,38.0
萬華區,房地(土地+建物),青年路３０巷２號五樓,28.35,住,,,1120715,土地1建物1車位0,五層,十二層,住宅大樓(11層含以上有電梯),住家用,760316.0,133.01,3,2,2,有,有,24400000,183445.0,,0.0,0,,RPXNMLOJQHIGFBA28DA,89.68,0.0,14.34,有,,36.0
中正區,房地(土地+建物),和平西路二段４０號三樓,19.4,住,,,1120731,土地1建物1車位0,三層,五層,公寓(5樓含以下無電梯),住家用,660429.0,79.67,4,2,2,有,無,19000000,238484.0,,0.0,0,其他增建；,RPPNMLTJQHIGFAA97EA,71.98,0.0,7.69,無,,46.0
北投區,房地(土地+建物),榮華一路１之５號四樓,27.29,住,,,1120705,土地1建物1車位0,四層,六層,華廈(10層含以下有電梯),住家用,770726.0,187.31,4,2,2,有,有,30000000,160162.0,,0.0,0,,RPSNMLOJQHIGFEA18EA,154.66,0.0,19.45,有,,35.0
中正區,房地(土地+建物),臨沂街５０之４號四樓,25.51,住,,,1120710,土地2建物1車位0,四層,五層,公寓(5樓含以下無電梯),住家用,740116.0,93.13,2,2,2,有,無,25800000,277032.0,,0.0,0,,RPTPMLRJQHIGFBA38DA,80.57,0.0,9.94,無,,38.0
內湖區,房地(土地+建物),大湖山莊街２２６號二樓,10.9,住,,,1120703,土地1建物1車位0,二層,十層,華廈(10層含以下有電梯),住家用,820729.0,41.3,1,1,1,有,有,8000000,193705.0,,0.0,0,,RPQNMLMJQHIGFCA47DA,27.65,0.6,1.86,有,,30.0
士林區,房地(土地+建物)+車位,重慶北路四段２２２號十樓之３,13.51,住,,,1120725,土地2建物1車位1,十層,十四層,住宅大樓(11層含以上有電梯),住家用,1060413.0,105.14,1,1,1,有,有,19500000,208792.0,坡道機械,18.94,1500000,,RPQNMLKKQHIGFEA67EA,47.39,5.31,4.64,有,,6.0
南港區,房地(土地+建物),松河街７７０號五樓之３,10.58,住,,,1120704,土地1建物1車位0,五層,七層,華廈(10層含以下有電梯),住家用,981207.0,39.25,1,1,1,有,有,8560000,218089.0,,0.0,0,,RPPNMLPKPHIGFDA77DA,20.9,3.49,0.0,有,,14.0
北投區,房地(土地+建物),公路３０１巷６號三樓,32.64,住,,,1120713,土地1建物1車位0,三層,五層,公寓(5樓含以下無電梯),住家用,750526.0,115.14,3,2,2,有,無,13800000,119854.0,,0.0,0,,RPWNMLKKQHIGFEA28EA,92.77,0.0,13.2,無,,37.0
文山區,房地(土地+建物)+車位,汀州路四段２６３號十二樓,38.0,住,,,1120710,土地1建物1車位1,十二層,十四層,住宅大樓(11層含以上有電梯),住家用,991104.0,192.24,3,2,2,有,有,37000000,192468.0,坡道平面,0.0,0,,RPPOMLTJQHIGFAA97DA,102.87,0.0,11.67,有,,13.0
北投區,房地(土地+建物)+車位,行義路１３０巷２４號三樓,92.04,住,,,1120709,土地1建物1車位1,三層,五層,華廈(10層含以下有電梯),住家用,951011.0,215.88,3,2,2,有,無,28350000,131323.0,坡道平面,0.0,2500000,其他增建；,RPWQMLLJQHIGFEA48DA,119.17,0.0,11.06,有,565.0,17.0
士林區,房地(土地+建物),中山北路六段２９０巷３４號二樓,41.6,住,,,1120717,土地2建物1車位0,二層,五層,公寓(5樓含以下無電梯),住家用,750528.0,145.04000000000002,3,2,2,有,無,26480000,182570.0,,0.0,0,其他增建；,RPURMLLJQHIGFEA38DA,128.53,0.0,13.83,無,,37.0
松山區,房地(土地+建物)+車位,吉祥路３７號四樓,25.0,住,,,1120714,土地1建物1車位1,四層,七層,華廈(10層含以下有電梯),住家用,811222.0,183.84,4,2,2,有,無,31500000,171345.0,坡道平面,0.0,0,,RPXNMLSJQHIGFDA88DA,152.68,1.14,13.11,有,,31.0
文山區,房地(土地+建物),興隆路四段６２巷１６號三樓,34.38,住,,,1120714,土地1建物1車位0,三層,四層,公寓(5樓含以下無電梯),住家用,680104.0,87.47,3,2,1,有,無,11700000,133760.0,,0.0,0,,RPSNMLTJQHIGFAA18DA,73.63,0.0,13.84,無,,45.0
信義區,房地(土地+建物),光復南路４１５巷２號二樓,9.08,住,,,1120718,土地1建物1車位0,二層,九層,華廈(10層含以下有電梯),住家用,821229.0,61.66,2,1,1,有,有,18000000,291923.0,,0.0,0,,RPPOMLSJQHIGFDA18DA,42.08,0.0,5.35,有,,30.0
大安區,房地(土地+建物),忠孝東路三段２１７巷５弄１５之１號,42.0,住,,,1120710,土地1建物1車位0,二層,六層,華廈(10層含以下有電梯),住家用,600621.0,168.83,4,2,2,有,無,48000000,284310.0,,0.0,0,陽台外推；,RPUNMLSJQHIGFFA78DA,151.11,0.0,17.72,有,,52.0
南港區,房地(土地+建物)+車位,經貿二路１５７巷３６弄８８號七樓,12.58,住,,,1120701,土地1建物1車位2,七層,七層,華廈(10層含以下有電梯),住家用,970910.0,86.67,1,1,1,有,有,14650000,226786.0,升降機械,35.3,3000000,夾層；其他增建；,RPPOMLLMPHIGFDA67DA,29.23,1.09,3.11,有,573.0,15.0
內湖區,房地(土地+建物)+車位,民權東路六段４５１號四樓之３,54.26,住,,,1120718,土地2建物1車位2,四層,十四層,住宅大樓(11層含以上有電梯),住家用,970916.0,301.69,4,2,2,有,有,69850000,231529.0,坡道平面,46.6,0,,RPUNMLLKQHIGFCA87DA,160.85,7.78,12.07,有,574.0,15.0
中正區,房地(土地+建物),臨沂街７１巷１９弄９號二樓,47.0,住,,,1120707,土地1建物1車位0,二層，陽台,六層,華廈(10層含以下有電梯),住家用,600720.0,178.24,4,2,2,有,無,47200000,264811.0,,0.0,0,,RPXNMLPLPHIGFBA48DA,178.24,0.0,0.0,有,,52.0
士林區,房地(土地+建物),天玉街１０４號四樓之２,10.91,住,,,1120712,土地1建物1車位0,四層,八層,華廈(10層含以下有電梯),住家用,840619.0,41.64,1,1,1,有,有,9880000,237272.0,,0.0,0,夾層；,RPPOMLMKPHIGFEA67DA,26.25,1.5,2.79,有,,28.0
大安區,房地(土地+建物),光復南路２９０巷３號三樓,21.77,住,,,1120716,土地1建物1車位0,三層,七層,華廈(10層含以下有電梯),住家用,671213.0,144.9,4,3,2,有,有,41500000,286404.0,,0.0,0,陽台加窗.天井加蓋之增建物其他增建；,RPPOMLKLPHIGFFA67DA,107.3,0.0,19.15,有,,45.0
士林區,房地(土地+建物)+車位,中山北路六段８號三樓,60.42,住,,,1120702,土地1建物1車位2,三層,六層,華廈(10層含以下有電梯),住家用,900116.0,260.53,4,2,2,有,無,47500000,182321.0,升降機械,0.0,0,陽台外推；其他增建；,RPRRMLLJQHIGFEA08DA,118.97,4.94,14.24,有,,22.0
內湖區,房地(土地+建物),康寧路三段７５巷１８６弄９９號六樓,78.04,住,,,1120704,土地1建物1車位0,六層,六層,華廈(10層含以下有電梯),住家用,900817.0,145.32,3,2,2,有,有,23000000,158271.0,,0.0,0,有一個抽籤式使用權的車位陽台外推；,RPPNMLLJQHIGFCA27DA,83.2,2.83,11.58,有,,22.0
內湖區,房地(土地+建物),內湖路二段１０３巷１０３號九樓,20.41,住,,,1120713,土地1建物1車位0,九層,十四層,住宅大樓(11層含以上有電梯),住家用,720331.0,162.48,3,2,2,有,有,28500000,175406.0,,0.0,0,陽台外推；,RPTNMLLKQHIGFCA87EA,127.95,0.0,12.31,有,,40.0
北投區,房地(土地+建物)+車位,中央北路三段４０巷３８弄１８號三樓,29.85,住,,,1120708,土地1建物1車位1,三層,七層,華廈(10層含以下有電梯),住家用,920421.0,110.29,3,2,2,有,有,19000000,172273.0,塔式車位,0.0,0,車位位於地下第一層樓。陽台外推；其他增建；,RPVOMLLMPHIGFEA38DA,58.33,0.0,8.13,有,,20.0
士林區,房地(土地+建物),社中街４７４號四樓,33.0,住,,,1120701,土地1建物1車位0,四層,四層,公寓(5樓含以下無電梯),住家用,621001.0,106.79,4,1,1,有,無,10600000,99260.0,,0.0,0,頂樓加蓋；其他增建；,RPWOMLLMPHIGFEA48DA,106.79,0.0,0.0,無,,50.0
北投區,房地(土地+建物),東華街二段１７４巷３６弄６號四樓,39.22,住,,,1120701,土地1建物1車位0,四層,五層,公寓(5樓含以下無電梯),住家用,730921.0,125.79,4,2,2,有,無,19200000,152635.0,,0.0,0,,RPQPMLOKQHIGFEA28EA,113.39,0.0,12.4,無,,39.0
北投區,房地(土地+建物)+車位,石牌路一段１６６巷２６號四樓,15.38,住,,,1120708,土地1建物1車位1,四層,九層,華廈(10層含以下有電梯),住家用,1030911.0,85.81,2,2,2,有,有,20600000,254516.0,塔式車位,12.73,2000000,陽台外推；夾層；其他增建；,RPWNMLRLPHIGFEA88DA,40.62,0.0,4.25,有,,9.0
內湖區,房地(土地+建物),成功路二段１１５巷５號五樓之２,14.8,住,,,1120725,土地1建物2車位0,五層,十一層,住宅大樓(11層含以上有電梯),住家用,1110510.0,84.77,2,1,1,有,有,24350000,287248.0,,0.0,0,,RPTNMLRJQHIGFCA28DA,46.59,4.87,8.12,有,,1.0
萬華區,房地(土地+建物),寶興街８０巷２８號二樓,27.25,住,,,1120702,土地1建物1車位0,二層,四層,公寓(5樓含以下無電梯),住家用,620417.0,66.64,2,1,1,有,無,9500000,142557.0,,0.0,0,其他增建；,RPVNMLLJQHIGFBA77DA,66.64,0.0,0.0,無,,50.0
士林區,房地(土地+建物)+車位,天母北路５６號十三樓之２,17.1,住,,,1120713,土地1建物1車位1,十三層,二十四層,住宅大樓(11層含以上有電梯),住家用,1090703.0,179.12,3,2,2,有,有,41680000,282762.0,坡道平面,38.79,2000000,,RPQNMLOKQHIGFEA97DA,76.12,7.17,8.3,有,,3.0
中山區,房地(土地+建物),新生北路三段４３號二樓之４,6.57,住,,,1120708,土地2建物1車位0,二層,十一層,住宅大樓(11層含以上有電梯),住家用,670301.0,51.73,2,1,1,有,有,9400000,181713.0,,0.0,0,陽台外推；其他增建；,RPTNMLMJQHIGFCA77DA,35.62,0.0,3.09,有,,45.0
文山區,房地(土地+建物),萬美街二段４９號九樓之１,12.4,住,,,1120714,土地1建物1車位0,九層,十三層,住宅大樓(11層含以上有電梯),住家用,840530.0,37.72,1,1,1,有,有,5680000,150583.0,,0.0,0,其他增建；,RPWNMLLJQHIGFAA77DA,24.16,0.0,5.57,有,,28.0
大安區,房地(土地+建物),羅斯福路三段２８３巷１９弄４號,36.6,住,,,1120704,土地1建物1車位0,一層,五層,公寓(5樓含以下無電梯),住家用,680109.0,103.68,3,1,1,有,有,40000000,385802.0,,0.0,0,,RPPNMLLKQHIGFFA77EA,98.77,4.91,0.0,無,,44.0
北投區,房地(土地+建物)+車位,大業路４６２之６號七樓,17.81,住,,,1120709,土地3建物1車位1,七層，電梯樓梯間,十九層,住宅大樓(11層含以上有電梯),住家用,860111.0,156.18,3,2,2,有,有,28280000,181073.0,坡道平面,0.0,0,陽台外推；其他增建；,RPVNMLKKQHIGFEA08DA,90.35,3.12,10.85,有,,26.0
士林區,房地(土地+建物),德行東路８１巷１４號,32.4,住,,,1120704,土地3建物1車位0,一層,五層,公寓(5樓含以下無電梯),住家用,690818.0,147.06,4,2,2,有,無,35500000,241398.0,,0.0,0,其他增建；,RPVOMLKKQHIGFEA18DA,90.27,56.79,0.0,無,,43.0
南港區,房地(土地+建物)+車位,經貿二路１８５巷５８號五樓,47.6,住,,,1120722,土地1建物1車位1,五層,十一層,住宅大樓(11層含以上有電梯),住家用,990628.0,224.27999999999997,3,2,2,有,有,57800000,282042.0,坡道平面,28.21,2500000,陽台外推；,RPRNMLSJQHIGFDA38EA,117.82,5.63,13.75,有,,13.0
北投區,房地(土地+建物)+車位,吉利街１０６巷７號三樓,21.25,住,,,1120716,土地1建物1車位1,三層,八層,華廈(10層含以下有電梯),住家用,1070129.0,105.37,2,1,1,有,有,22600000,214482.0,升降機械,14.08,0,,RPWNMLSJQHIGFEA88DA,45.47,3.43,5.36,有,602.0,5.0
文山區,房地(土地+建物),辛亥路四段２１巷４０號五樓,55.28,住,,,1120712,土地1建物1車位0,五層,五層,公寓(5樓含以下無電梯),住家用,750624.0,106.96,2,2,1,有,有,17850000,166885.0,,0.0,0,陽台外推；頂樓加蓋；其他增建；,RPROMLTKPHIGFAA18DA,94.89,0.0,9.22,無,603.0,37.0
文山區,房地(土地+建物),興隆路三段２２９巷９弄３號三樓,39.37,住,,,1120713,土地3建物1車位0,三層,五層,公寓(5樓含以下無電梯),住家用,680717.0,128.48,3,2,2,有,無,14500000,112858.0,,0.0,0,,RPPOMLPKQHIGFAA67DA,108.98,0.0,19.5,無,,44.0
士林區,房地(土地+建物),延平北路五段１３６巷２７弄６號三樓,26.25,住,,,1120717,土地1建物1車位0,三層,四層,公寓(5樓含以下無電梯),住家用,600720.0,85.02,0,1,1,有,無,11500000,135262.0,,0.0,0,,RPPNMLQKQHIGFEA18EA,80.4,0.0,4.62,無,604.0,52.0
中山區,房地(土地+建物),新生北路三段４３號二樓之１２,7.14,住,,,1120709,土地2建物1車位0,二層,十一層,住宅大樓(11層含以上有電梯),住家用,670301.0,55.59,3,2,1,有,有,11460000,206152.0,,0.0,0,陽台外推；,RPQOMLMKPHIGFCA57DA,35.51,0.0,3.09,有,605.0,45.0
信義區,房地(土地+建物),永吉路３０巷１０２弄１９號三樓之１,18.8,住,,,1120721,土地1建物1車位0,三層,九層,華廈(10層含以下有電梯),住家用,990908.0,83.09,2,2,2,有,有,33900000,407991.0,,0.0,0,陽台外推；,RPWNMLPKQHIGFDA68EA,45.5,4.45,5.85,有,614.0,13.0
北投區,房地(土地+建物),三合街二段４１７號,31.67,住,,,1120727,土地1建物1車位0,一層，騎樓,三層,公寓(5樓含以下無電梯),住家用,620629.0,61.59,1,2,1,有,無,15500000,251664.0,,0.0,0,其他增建；,RPRNMLPKQHIGFEA18DA,61.59,0.0,0.0,無,,50.0
信義區,房地(土地+建物),吳興街６００巷１１０號二樓,26.29,住,,,1120726,土地1建物1車位0,二層,十一層,住宅大樓(11層含以上有電梯),住家用,810806.0,138.26,3,2,2,有,有,19900000,143932.0,,0.0,0,,RPWOMLPKQHIGFDA68DA,104.67,0.0,16.41,有,,31.0
北投區,房地(土地+建物),新興路４８號四樓,24.71,住,,,1120703,土地1建物1車位0,四層,五層,華廈(10層含以下有電梯),住家用,841028.0,81.35,2,2,1,有,無,13500000,165950.0,,0.0,0,,RPSOMLPKQHIGFEA38DA,60.44,1.3,7.76,有,,28.0
內湖區,房地(土地+建物),內湖路二段３０１巷７弄５號五樓,25.42,住,,,1120716,土地1建物1車位0,五層,五層,公寓(5樓含以下無電梯),住家用,720315.0,91.26,4,0,4,有,無,15000000,164366.0,,0.0,0,陽台外推；其他增建；,RPQNMLLMPHIGFCA57DA,71.49,0.0,9.04,無,628.0,40.0
萬華區,房地(土地+建物),萬大路５３６號,27.25,住,,,1120717,土地1建物1車位0,一層，騎樓,四層,公寓(5樓含以下無電梯),住家用,571218.0,88.88,0,0,0,無,無,19300000,217147.0,,0.0,0,,RPVNMLPKQHIGFBA28DA,88.88,0.0,0.0,無,,55.0
士林區,房地(土地+建物),天母北路２８巷３９號五樓,7.66,住,,,1120723,土地1建物1車位0,五層,九層,華廈(10層含以下有電梯),住家用,970130.0,40.73,1,1,1,有,有,11200000,274982.0,,0.0,0,陽台外推；夾層；,RPQOMLSLPHIGFEA48DA,21.13,1.23,2.39,有,633.0,15.0
士林區,房地(土地+建物)+車位,忠誠路一段１７１巷１２弄８號十二樓,53.26,住,,,1120704,土地1建物2車位1,十二層,十二層,住宅大樓(11層含以上有電梯),住家用,981231.0,192.91,3,2,2,有,有,48500000,251413.0,坡道平面,51.88,0,,RPSNMLPLPHIGFEA28DA,105.1,0.0,11.03,有,,14.0
文山區,房地(土地+建物)+車位,木新路三段２４３巷３弄１號六樓,20.83,住,,,1120720,土地1建物1車位1,六層,七層,華廈(10層含以下有電梯),住家用,1050203.0,105.72,2,1,1,有,無,17300000,163640.0,其他,0.0,2500000,陽台外推；夾層；其他增建；,RPSNMLQKQHIGFAA97DA,33.62,3.6,5.91,有,636.0,7.0
中正區,房地(土地+建物)+車位,仁愛路二段２０巷３之１號二樓,34.97,住,,,1120703,土地1建物1車位1,二層,六層,華廈(10層含以下有電梯),住家用,990331.0,165.36,4,2,2,有,有,54000000,352166.0,升降機械,19.7,2700000,,RPQNMLMLPHIGFBA47DA,80.49,9.12,9.6,有,,13.0
士林區,房地(土地+建物),天玉街３８巷１２號六樓之２,8.1,住,,,1120726,土地1建物1車位0,六層,十一層,住宅大樓(11層含以上有電梯),住家用,860414.0,26.880000000000003,0,0,0,無,有,7200000,267857.0,,0.0,0,陽台外推；,RPQNMLQKQHIGFEA28EA,15.72,0.75,2.08,有,,26.0
中正區,房地(土地+建物),仁愛路二段３８巷７弄３號四樓,25.0,住,,,1120717,土地1建物1車位0,四層,四層,公寓(5樓含以下無電梯),住家用,720517.0,66.79,5,2,2,有,無,20060000,300344.0,,0.0,0,陽台外推；頂樓加蓋；其他增建；,RPWNMLPLPHIGFBA38DA,60.11,0.0,6.68,無,,40.0
信義區,房地(土地+建物),信義路五段１５０巷３３０號二樓之９,6.81,住,,,1120709,土地1建物1車位0,二層,十三層,住宅大樓(11層含以上有電梯),住家用,980408.0,49.08,1,0,1,有,有,11880000,242054.0,,0.0,0,,RPROMLKKQHIGFDA67DA,22.17,4.26,3.75,有,646.0,14.0
內湖區,房地(土地+建物),康寧路三段９９巷３９弄７４號,65.73,住,,,1120717,土地1建物1車位0,一層,七層,華廈(10層含以下有電梯),住家用,820426.0,173.86,5,2,3,有,有,31800000,182906.0,,0.0,0,陽台外推；,RPVPMLPKQHIGFCA58DA,45.41,86.32,0.0,有,,30.0
萬華區,房地(土地+建物),萬大路９０巷５弄３號三樓,35.5,住,,,1120707,土地1建物1車位0,三層,四層,公寓(5樓含以下無電梯),住家用,661129.0,109.18,3,2,1,有,無,14260000,130610.0,,0.0,0,陽台外推；其他增建；,RPVOMLLKQHIGFBA97DA,99.2,0.0,9.98,無,650.0,46.0
萬華區,房地(土地+建物),青年路１６８巷２弄６６號二樓,16.19,住,,,1120725,土地1建物1車位0,二層，陽台,五層,公寓(5樓含以下無電梯),住家用,640523.0,44.83,2,1,1,有,有,6600000,147223.0,,0.0,0,陽台外推；其他增建；,RPWSMLOLPHIGFBA78DA,38.71,0.0,0.0,無,,48.0
內湖區,房地(土地+建物),金龍路２２２巷１６號三樓之３,20.09,住,,,1120705,土地1建物1車位0,三層,十二層,住宅大樓(11層含以上有電梯),住家用,821213.0,64.49000000000001,2,2,1,有,有,13650000,211661.0,,0.0,0,陽台外推；其他增建；,RPQNMLSJQHIGFCA08DA,44.28,0.0,10.46,有,,30.0
內湖區,房地(土地+建物)+車位,金湖路３６３巷５１弄２７號二樓,27.43,住,,,1120705,土地1建物1車位1,二層,五層,華廈(10層含以下有電梯),住家用,1111103.0,86.15,0,0,0,無,有,16000000,185723.0,坡道平面,35.21,0,,RPQQMLPKQHIGFCA18DA,29.26,0.0,4.39,有,,1.0
士林區,房地(土地+建物),承德路四段２９７巷２６號二樓,29.67,住,,,1120715,土地1建物1車位0,二層,三層,公寓(5樓含以下無電梯),住家用,580412.0,56.73,1,2,2,有,無,11950000,210647.0,,0.0,0,其他增建；,RPPNMLSJQHIGFEA18DA,56.73,0.0,0.0,無,656.0,54.0
士林區,房地(土地+建物),文林路４９７之１號七樓,20.26,住,,,1120703,土地1建物1車位0,七層,七層,華廈(10層含以下有電梯),住家用,710709.0,126.57,3,2,4,有,有,28800000,227542.0,,0.0,0,頂樓加蓋；,RPQNMLTJPHIGFEA28DA,90.71,0.0,13.68,有,,41.0
中山區,房地(土地+建物),新生北路三段４３號三樓之２０,6.57,住,,,1120721,土地2建物1車位0,三層,十一層,住宅大樓(11層含以上有電梯),住家用,670301.0,51.73,1,1,1,有,有,10400000,201044.0,,0.0,0,陽台外推；其他增建；,RPROMLSJQHIGFCA28DA,35.62,0.0,3.09,有,,45.0
文山區,房地(土地+建物),興隆路四段１２１號六樓,20.16,住,,,1120713,土地1建物1車位0,六層,八層,華廈(10層含以下有電梯),住家用,841122.0,75.15,2,2,1,有,有,16800000,223553.0,,0.0,0,其他增建；,RPQNMLTJQHIGFAA97DA,53.02,2.25,5.9,有,,28.0
內湖區,房地(土地+建物),康寧路三段９９巷３９弄４６號五樓,35.17,住,,,1120716,土地1建物1車位0,五層,八層,華廈(10層含以下有電梯),住家用,840511.0,126.53,3,2,2,有,有,24880000,196633.0,,0.0,0,其他增建；,RPQNMLSLPHIGFCA18DA,83.15,0.0,11.32,有,,28.0
北投區,房地(土地+建物),尊賢街２３９巷８號二樓,37.5,住,,,1120713,土地1建物1車位0,二層,四層,公寓(5樓含以下無電梯),住家用,620119.0,96.98,3,2,2,有,無,17500000,180450.0,,0.0,0,陽台外推；其他增建；,RPOOMLOJQHIGFEA77DA,96.98,0.0,0.0,無,,50.0
士林區,房地(土地+建物),後街２１巷１３號五樓之１,12.04,住,,,1120722,土地1建物2車位0,五層,七層,華廈(10層含以下有電梯),住家用,850115.0,56.56,1,1,1,有,有,10900000,192716.0,,0.0,0,,RPOOMLRJQHIGFEA08DA,30.51,0.0,2.56,有,659.0,28.0
士林區,房地(土地+建物),士東路４６巷２９號四樓,29.71,住,,,1120718,土地2建物1車位0,四層,五層,公寓(5樓含以下無電梯),住家用,680119.0,103.89,2,2,2,有,無,18500000,178073.0,,0.0,0,陽台外推；其他增建；,RPUOMLRLPHIGFEA78DA,88.32,0.0,15.57,無,,44.0
中正區,房地(土地+建物)+車位,思源街１２之９號五樓,34.4,住,,,1120704,土地1建物1車位1,五層,十二層,住宅大樓(11層含以上有電梯),住家用,891018.0,165.23000000000002,3,2,2,有,有,42180000,255281.0,坡道平面,0.0,0,其他增建；,RPPNMLLKQHIGFAA17DA,85.05,0.0,9.46,有,,23.0
北投區,房地(土地+建物)+車位,榮華三路１４巷１０號二樓,53.9,住,,,1120711,土地1建物1車位1,二層,七層,華廈(10層含以下有電梯),住家用,951018.0,218.11,4,2,2,有,有,47500000,217780.0,坡道平面,0.0,0,其他增建：增建露臺。陽台外推；其他增建；,RPPNMLKLPHIGFEA47DA,119.9,7.87,13.08,有,,17.0
內湖區,房地(土地+建物),金龍路２１號四樓,30.96,住,,,1120709,土地1建物1車位0,四層,五層,公寓(5樓含以下無電梯),住家用,700826.0,115.44,3,1,1,有,無,15000000,129938.0,,0.0,0,,RPQNMLQKQHIGFCA97DA,101.73,0.0,13.71,無,,42.0
信義區,房地(土地+建物),和平東路三段３９１巷７弄２８號,20.25,住,,,1120718,土地1建物1車位0,一層，露台,四層,公寓(5樓含以下無電梯),住家用,,59.55,2,3,1,有,無,16880000,283459.0,,0.0,0,露台加蓋、空地加蓋及庭院加蓋之增建物其他增建；,RPVNMLKLPHIGFDA97DA,59.55,0.0,0.0,無,,
北投區,房地(土地+建物)+車位,清江路１７７巷２０號十樓,28.24,住,,,1120715,土地1建物1車位1,十層,十層,華廈(10層含以下有電梯),住家用,901113.0,148.4,3,2,2,有,有,27800000,187332.0,坡道平面,33.62,0,共有人數2人陽台外推；其他增建；,RPUNMLQLPHIGFEA58DA,71.64,3.14,7.97,有,,22.0
內湖區,房地(土地+建物)+車位,文德路８８號七樓,38.81,住,,,1120715,土地2建物1車位4,七層,十七層,住宅大樓(11層含以上有電梯),住家用,981224.0,422.71,5,2,3,有,有,74280000,227196.0,坡道平面,130.98,8000000,,RPVOMLRLPHIGFCA68DA,192.18,19.97,11.02,有,,14.0
內湖區,房地(土地+建物)+車位,內湖路一段２０３巷５號二樓之１,25.44,住,,,1120709,土地1建物1車位1,二層，電梯樓梯間,七層,華廈(10層含以下有電梯),住家用,850805.0,84.58,2,2,1,有,有,17900000,211634.0,坡道機械,0.0,1500000,,RPQNMLPJQHIGFCA77DA,52.18,0.0,5.62,有,,27.0
士林區,房地(土地+建物),雨聲街５３巷４號六樓,25.08,住,,,1120713,土地1建物1車位0,六層,七層,華廈(10層含以下有電梯),住家用,750311.0,126.74,4,2,2,有,無,25800000,203566.0,,0.0,0,陽台外推；,RPPOMLSKQHIGFEA38DA,105.78,0.0,13.84,有,671.0,37.0
信義區,房地(土地+建物),嘉興街２８０號三樓,20.25,住,,,1120702,土地1建物1車位0,三層，陽台,四層,公寓(5樓含以下無電梯),住家用,651022.0,65.41,2,2,1,有,無,12500000,191102.0,,0.0,0,陽台外推；,RPPNMLTJPHIGFDA08DA,65.41,0.0,0.0,無,,47.0
萬華區,房地(土地+建物),長沙街二段１９９號二樓,19.6,住,,,1120709,土地1建物1車位0,二層,五層,公寓(5樓含以下無電梯),住家用,720312.0,73.48,2,1,1,有,無,9680000,131737.0,,0.0,0,,RPRNMLLMPHIGFBA57DA,60.76,0.0,12.72,無,,40.0
大同區,房地(土地+建物),重慶北路三段２０３之３號九樓之６,8.68,住,,,1120728,土地2建物1車位0,九層,十二層,住宅大樓(11層含以上有電梯),住家用,1090728.0,70.49,0,0,0,無,有,18120000,257058.0,,0.0,0,,RPSPMLLKQHIGFBA77DA,32.99,9.76,0.0,有,,3.0
中山區,房地(土地+建物),新生北路三段６１號四樓之５,21.95,住,,,1120715,土地3建物1車位0,四層,九層,華廈(10層含以下有電梯),住家用,650907.0,152.57,3,3,2,有,有,25200000,165170.0,,0.0,0,,RPVNMLSKQHIGFCA78EA,110.38,0.0,20.72,有,,47.0
大安區,房地(土地+建物),雲和街６３號五樓,24.5,住,,,1120722,土地2建物1車位0,五層,五層,公寓(5樓含以下無電梯),住家用,680915.0,85.05,2,2,1,有,無,21800000,256320.0,,0.0,0,陽台外推；頂樓加蓋；其他增建；,RPSPMLRKQHIGFFA78DA,75.31,0.0,9.74,無,680.0,44.0
北投區,房地(土地+建物),大業路２８０巷９弄９之１號一樓,33.5,住,,,1120702,土地2建物1車位0,一層,四層,公寓(5樓含以下無電梯),住家用,661111.0,90.49,3,2,2,有,無,17900000,197812.0,,0.0,0,其他增建；,RPQNMLPLPHIGFEA08DA,79.6,10.89,0.0,無,,46.0
內湖區,房地(土地+建物)+車位,內湖路一段４１１巷６２弄１０號十二樓,49.76,住,,,1120717,土地1建物1車位2,十二層,十五層,住宅大樓(11層含以上有電梯),住家用,970331.0,315.72,4,2,3,有,有,65000000,205879.0,坡道平面,73.27,0,陽台外推；其他增建；,RPUOMLRJQHIGFCA48DA,142.31,7.46,12.61,有,,15.0
文山區,房地(土地+建物)+車位,育英街４５巷２１號二樓,22.97,住,,,1120718,土地7建物1車位1,二層,五層,華廈(10層含以下有電梯),住家用,810106.0,155.75,3,2,2,有,無,27000000,173355.0,升降平面,0.0,1050000,其他增建；,RPVOMLRKQHIGFAA48DA,115.08,17.91,10.52,有,,32.0
北投區,房地(土地+建物),崗山路９巷８號五樓,27.55,住,,,1120712,土地4建物1車位0,五層,五層,公寓(5樓含以下無電梯),住家用,730814.0,106.1,3,2,2,有,無,9900000,93308.0,,0.0,0,頂樓加蓋；,RPPOMLRKQHIGFEA28DA,80.63,5.41,10.98,無,,39.0
北投區,房地(土地+建物),實踐街５６巷１５號四樓,48.5,住,,,1120714,土地1建物1車位0,四層,四層,公寓(5樓含以下無電梯),住家用,620430.0,105.87,3,2,2,有,無,15300000,144517.0,,0.0,0,,RPSNMLLJQHIGFEA77DA,105.87,0.0,0.0,無,,50.0
北投區,房地(土地+建物)+車位,清江路１７７巷１０號八樓,28.45,住,,,1120719,土地1建物1車位1,八層,十三層,住宅大樓(11層含以上有電梯),住家用,920508.0,171.82999999999998,4,2,2,有,有,31770000,211718.0,坡道平面,33.58,2500000,陽台外推；其他增建；,RPQNMLLJQHIGFEA57DA,90.86,2.93,9.35,有,,20.0
北投區,房地(土地+建物),中山北路七段２１９巷３弄１６３號六樓,25.85,住,,,1120719,土地1建物1車位0,六層,七層,華廈(10層含以下有電梯),住家用,731227.0,117.13,3,2,2,有,有,19200000,163920.0,,0.0,0,陽台外推；其他增建；,RPROMLLMPHIGFEA97DA,99.47,0.0,8.91,有,,39.0
中山區,房地(土地+建物),新生北路二段８３號五樓,22.78,住,,,1120717,土地2建物1車位0,五層,十二層,住宅大樓(11層含以上有電梯),住家用,731218.0,162.09,4,2,2,有,有,34000000,209760.0,,0.0,0,陽台外推；其他增建；,RPRNMLLKQHIGFCA57DA,135.12,0.0,15.79,有,694.0,39.0
大安區,房地(土地+建物),安和路一段１０２巷４號二樓,48.67,住,,,1120703,土地1建物1車位0,二層，陽台,五層,華廈(10層含以下有電梯),住家用,,182.51,4,2,2,有,無,48500000,265739.0,,0.0,0,陽台外推；其他增建；,RPXNMLQKQHIGFFA98DA,182.51,0.0,0.0,有,,
內湖區,房地(土地+建物),文德路６６巷２６號,35.5,住,,,1120731,土地1建物1車位0,一層,七層,華廈(10層含以下有電梯),住家用,730204.0,128.62,3,2,2,有,有,25000000,194371.0,,0.0,0,陽台外推；,RPRNMLPKQHIGFCA97DA,82.37,16.41,0.0,有,,39.0
文山區,房地(土地+建物),興隆路二段１５３巷２弄１７號二樓,36.25,住,,,1120707,土地1建物1車位0,二層,四層,公寓(5樓含以下無電梯),住家用,611027.0,98.4,3,2,1,有,無,15800000,160569.0,,0.0,0,其他增建；,RPTNMLLLQHIGFAA77EA,88.3,0.0,10.1,無,,51.0
士林區,房地(土地+建物),德行東路１８８號三樓,21.0,住,,,1120715,土地1建物1車位0,三層,四層,公寓(5樓含以下無電梯),住家用,660301.0,67.35,2,2,1,有,無,15500000,230141.0,,0.0,0,,RPRNMLMLQHIGFEA97DA,62.4,0.0,4.95,無,696.0,46.0
士林區,房地(土地+建物),雨聲街１５巷７號二樓,36.8,住,,,1120730,土地1建物1車位0,二層,五層,公寓(5樓含以下無電梯),住家用,711202.0,108.74,3,2,2,有,無,17900000,164613.0,,0.0,0,,RPRNMLLLQHIGFEA97EA,85.04,0.0,12.34,無,,41.0
大安區,房地(土地+建物),和平東路二段９６巷１０弄１４號三樓,21.98,住,,,1120714,土地1建物1車位0,三層,五層,公寓(5樓含以下無電梯),住家用,690526.0,86.82,2,2,1,有,無,26300000,302926.0,,0.0,0,陽台外推；其他增建；,RPTNMLOJQHIGFFA28DA,66.64,0.0,16.22,無,,43.0
文山區,房地(土地+建物),木柵路四段１５３號八樓之５,24.69,,,,1120703,土地1建物1車位0,八層,十四層,住宅大樓(11層含以上有電梯),住家用,870910.0,121.25,3,2,2,有,有,18000000,148454.0,,0.0,0,,RPUNMLSKQHIGFAA38DA,81.63,0.0,12.72,有,,25.0
內湖區,房地(土地+建物)+車位,內湖路三段６０巷２７號十九樓,31.62,住,,,1120710,土地1建物1車位2,十九層,十九層,住宅大樓(11層含以上有電梯),住家用,1060407.0,258.23,3,2,2,有,有,62580000,285106.0,坡道平面,56.27,5000000,,RPXOMLSKQHIGFCA98DA,141.46,10.29,11.93,有,699.0,6.0
文山區,房地(土地+建物),辛亥路四段７７巷９２弄９號十樓,37.87,住,,,1120716,土地3建物1車位0,十層,十四層,住宅大樓(11層含以上有電梯),住家用,920922.0,59.45,1,1,1,有,有,11480000,193103.0,,0.0,0,另有大安區辛亥段四小段615-1、615-2、762-1地號，同一價格。陽台外推；其他增建；預售屋、或土地及建物分件登記案件；,RPWNMLRLPHIGFAA48DA,37.15,0.0,5.88,有,700.0,20.0
北投區,房地(土地+建物),中央北路三段４０巷３８弄２號四樓,30.25,住,,,1120715,土地1建物1車位0,四層,四層,公寓(5樓含以下無電梯),住家用,700324.0,86.42,3,2,1,有,無,10000000,115714.0,,0.0,0,其他增建；,RPXNMLLMPHIGFEA48DA,75.39,0.0,11.03,無,701.0,42.0
北投區,房地(土地+建物)+車位,知行路２５５號八樓,13.27,住,,,1120715,土地1建物1車位1,八層,十層,華廈(10層含以下有電梯),住家用,1000722.0,85.74000000000001,2,2,1,有,有,13880000,185710.0,塔式車位,18.0,1300000,陽台外推；夾層；其他增建；,RPRPMLLJQHIGFEA87DA,38.23,2.54,4.3,有,,12.0
中山區,房地(土地+建物),錦州街４３５號二樓,39.0,住,,,1120726,土地1建物1車位0,二層,四層,公寓(5樓含以下無電梯),住家用,580118.0,96.74,3,2,1,有,無,18000000,186066.0,,0.0,0,,RPQNMLLLQHIGFCA67EA,96.74,0.0,0.0,無,,55.0
文山區,房地(土地+建物),景興路１５３巷１７號五樓之８,12.02,住,,,1120723,土地1建物1車位0,五層,十二層,住宅大樓(11層含以上有電梯),住家用,830317.0,64.65,2,2,1,有,有,13380000,206961.0,,0.0,0,,RPSNMLSLPHIGFAA18DA,39.81,2.33,2.43,有,702.0,29.0
內湖區,房地(土地+建物),內湖路三段１４３巷２７號五樓之１,18.32,住,,,1120725,土地3建物1車位0,五層,五層,公寓(5樓含以下無電梯),住家用,710226.0,77.22999999999999,3,2,2,有,有,10500000,135958.0,,0.0,0,陽台外推；頂樓加蓋；,RPQNMLMLQHIGFCA77EA,63.59,0.0,8.18,無,,41.0
內湖區,房地(土地+建物)+車位,星雲街１６５號三樓之３,10.09,,,,1120704,土地1建物1車位1,三層,十四層,住宅大樓(11層含以上有電梯),住家用,880901.0,72.95,1,1,1,有,有,13950000,191227.0,坡道機械,0.0,1500000,,RPRNMLMLQHIGFCA87EA,37.85,0.0,2.74,有,,24.0
文山區,房地(土地+建物),興隆路二段１５３巷２弄２８號二樓,27.25,住,,,1120710,土地1建物1車位0,二層,四層,公寓(5樓含以下無電梯),住家用,611118.0,78.77,2,1,1,有,無,12000000,152342.0,,0.0,0,陽台外推；,SPSOMLRKQHIGFAA28DA,68.02,0.0,10.75,無,,51.0
中正區,房地(土地+建物)+車位,羅斯福路二段８巷８號,24.23,住,,,1120731,土地1建物1車位1,一層,九層,華廈(10層含以下有電梯),住家用,1000408.0,119.18,2,2,2,有,有,37500000,348398.0,升降機械,15.84,1500000,其他增建；,RPRNMLLLQHIGFAA47DA,55.55,2.47,8.56,有,704.0,12.0
文山區,房地(土地+建物),福興路９６號四樓之１,9.77,住,,,1120730,土地1建物1車位0,四層,六層,華廈(10層含以下有電梯),住家用,850503.0,35.230000000000004,2,1,1,有,有,7100000,201533.0,,0.0,0,陽台外推；夾層；其他增建；,RPOOMLPKQHIGFAA57DA,22.07,0.0,5.02,有,,27.0
大同區,房地(土地+建物),重慶北路三段２０３之３號四樓之６,8.68,住,,,1120724,土地2建物1車位0,四層,十二層,住宅大樓(11層含以上有電梯),住家用,1090728.0,70.49,0,0,0,無,有,17060000,242020.0,,0.0,0,,RPOOMLKKQHIGFBA17DA,32.99,9.76,0.0,有,,3.0
松山區,房地(土地+建物),南京東路三段３３５巷５號六樓,11.56,住,,,1120715,土地1建物1車位0,六層,七層,華廈(10層含以下有電梯),住家用,760217.0,61.84,1,1,1,有,有,17350000,280563.0,,0.0,0,,RPWOMLMJQHIGFDA28DA,28.68,0.0,6.81,有,705.0,36.0
信義區,房地(土地+建物),福德街２６８巷３０弄４號三樓,30.77,住,,,1120709,土地1建物1車位0,三層,五層,公寓(5樓含以下無電梯),住家用,720121.0,114.52,3,2,2,有,無,22500000,196472.0,,0.0,0,陽台外推；其他增建；,RPRNMLQLPHIGFDA18DA,95.02,0.0,10.05,無,706.0,40.0
大同區,房地(土地+建物),承德路三段２９７之１號二樓之２,9.22,住,,,1120716,土地1建物1車位0,二層,六層,華廈(10層含以下有電梯),住家用,960418.0,45.13,1,1,1,有,有,10880000,241081.0,,0.0,0,陽台外推；夾層；,RPRNMLKLPHIGFBA37DA,18.79,5.59,4.49,有,708.0,16.0
文山區,房地(土地+建物)+車位,久康街５８號三樓,26.57,住,,,1120714,土地1建物1車位1,三層,七層,華廈(10層含以下有電梯),住家用,950828.0,156.97,2,2,2,有,有,25200000,202733.0,坡道平面,45.0,2500000,陽台外推；其他增建；,RPTNMLOJQHIGFAA77DA,70.83,2.0,7.97,有,,17.0
文山區,房地(土地+建物),興隆路四段５８巷３５號四樓,43.45,住,,,1120702,土地1建物2車位0,四層，五層,五層,公寓(5樓含以下無電梯),住家用,790501.0,164.96,4,2,2,有,無,24000000,145490.0,,0.0,0,陽台外推；其他增建；,RPRNMLMLQHIGFAA57DA,112.2,18.49,10.83,無,,33.0
士林區,房地(土地+建物),天母北路２８巷３９號五樓之６,7.66,住,,,1120731,土地1建物1車位0,五層,九層,華廈(10層含以下有電梯),住家用,970130.0,41.32,1,1,1,有,有,11150000,269845.0,,0.0,0,其他增建：雨遮加蓋。陽台外推；其他增建；,RPRNMLMJQHIGFEA77DA,21.1,1.85,2.39,有,,16.0
北投區,房地(土地+建物),稻香路１６１巷１７號三樓之１,17.81,住,,,1120714,土地1建物1車位0,三層,七層,華廈(10層含以下有電梯),住家用,990204.0,103.14,3,2,2,有,有,16300000,158038.0,,0.0,0,陽台外推；其他增建；,RPPRMLKLPHIGFEA87DA,56.87,5.29,9.04,有,,13.0
大安區,房地(土地+建物),仁愛路三段１２３巷３弄８號四樓,31.3,住,,,1120722,土地2建物1車位0,四層,七層,華廈(10層含以下有電梯),住家用,670203.0,163.47,3,2,2,有,有,52250000,319631.0,,0.0,0,陽台外推；其他增建；,RPSNMLLJQHIGFFA87DA,122.91,0.0,18.24,有,,45.0
文山區,房地(土地+建物),興隆路二段１５３巷２弄２８號,27.25,住,,,1120710,土地1建物1車位0,一層,四層,公寓(5樓含以下無電梯),住家用,611118.0,68.02,3,1,3,有,無,18000000,264628.0,,0.0,0,陽台外推；,RPSOMLRKQHIGFAA18DA,68.02,0.0,0.0,無,,51.0
中山區,房地(土地+建物),北安路８３７號二樓,31.5,住,,,1120714,土地2建物1車位0,二層,五層,公寓(5樓含以下無電梯),住家用,731231.0,121.43,4,1,3,有,無,23880000,196657.0,,0.0,0,陽台外推；,RPPNMLTKQHIGFCA18DA,99.76,0.0,10.68,無,718.0,39.0
信義區,房地(土地+建物),松山路４６５巷１４弄１３號二樓,23.0,住,,,1120728,土地1建物1車位0,二層，陽台,四層,公寓(5樓含以下無電梯),住家用,610325.0,77.45,3,2,1,有,無,17100000,220788.0,,0.0,0,建築物含有：增建陽台外推；,RPQNMLNLQHIGFDA97EA,77.45,0.0,0.0,無,,51.0
北投區,房地(土地+建物),公路６３巷９弄１１號、１１號二樓,69.0,住,,,1120712,土地1建物1車位0,全,,透天厝,住家用,540720.0,114.24,2,2,3,有,無,21300000,186450.0,,0.0,0,,RPQNMLMLQHIGFEA97EA,114.24,0.0,0.0,無,719.0,58.0
大安區,房地(土地+建物),樂利路３８號六樓,24.28,住,,,1120722,土地1建物1車位0,六層,七層,華廈(10層含以下有電梯),住家用,680611.0,126.77,3,2,2,有,無,32390000,255502.0,,0.0,0,陽台外推；其他增建；,RPROMLQKQHIGFFA48DA,90.89,0.0,24.27,有,,44.0
北投區,房地(土地+建物),吉利街３６９巷８號,30.33,住,,,1120710,土地1建物1車位0,二層,三層,公寓(5樓含以下無電梯),住家用,580923.0,76.9,3,2,1,有,無,14000000,182055.0,,0.0,0,鐵鋁窗增建其他增建；,RPPNMLOLQHIGFEA08EA,76.9,0.0,0.0,無,,54.0
萬華區,房地(土地+建物),和平西路三段３８２巷２弄２２號三樓,30.0,住,,,1120730,土地1建物1車位0,三層,四層,公寓(5樓含以下無電梯),住家用,641205.0,89.75,3,2,1,有,無,11600000,129248.0,,0.0,0,陽台外推；其他增建；,RPSNMLMLQHIGFBA77DA,76.23,0.0,13.52,無,,48.0
文山區,房地(土地+建物)+車位,和興路２６巷７號六樓之１,21.25,住,,,1120707,土地1建物1車位1,六層,九層,華廈(10層含以下有電梯),住家用,980317.0,88.59,2,1,1,有,有,17800000,197098.0,塔式車位,5.89,1500000,車位所在樓層為地下第一層。陽台外推；,RPQNMLLLPHIGFAA27DA,45.92,3.35,3.01,有,725.0,14.0
內湖區,房地(土地+建物)+車位,成功路四段６１巷５５號六樓之２,35.64,住,,,1120719,土地1建物1車位2,六層,十五層,住宅大樓(11層含以上有電梯),住家用,1060905.0,273.59000000000003,3,2,3,有,有,48200000,218162.0,坡道平面,73.28,4500000,,RPRNMLNLQHIGFCA97EA,115.61,6.71,11.69,有,726.0,6.0
北投區,房地(土地+建物),一心路３０號二樓,18.08,住,,,1120727,土地3建物1車位0,二層,三層,公寓(5樓含以下無電梯),住家用,690114.0,124.6,3,2,1,有,無,10100000,81059.0,,0.0,0,,RPWNMLNLQHIGFEA68EA,109.34,0.0,15.26,無,,44.0
文山區,房地(土地+建物),興隆路二段１５４巷１４號三樓,42.62,住,,,1120715,土地2建物1車位0,三層，陽台,四層,公寓(5樓含以下無電梯),住家用,630705.0,95.91,3,2,1,有,無,14200000,148055.0,,0.0,0,陽台外推；其他增建；,RPWNMLOJQHIGFAA08DA,95.91,0.0,0.0,無,,49.0
文山區,房地(土地+建物),興隆路二段９６巷１之１號四樓,21.52,住,,,1120721,土地1建物1車位0,四層,五層,公寓(5樓含以下無電梯),住家用,690616.0,95.45,2,2,1,有,無,14080000,147512.0,,0.0,0,其他增建；,RPWNMLTJQHIGFAA58DA,66.84,0.0,17.4,無,,43.0
內湖區,房地(土地+建物)+車位,南京東路六段１６０號,37.58,住,,,1120725,土地1建物1車位1,一層，二層,五層,華廈(10層含以下有電梯),住家用,970422.0,253.73,6,3,2,有,有,30900000,121783.0,坡道平面,0.0,0,陽台外推；夾層；,RPQNMLNLQHIGFCA87EA,64.69,0.0,18.62,有,,15.0
士林區,房地(土地+建物)+車位,中山北路七段２１６巷５之１號六樓,29.74,住,,,1120709,土地1建物1車位1,六層,六層,華廈(10層含以下有電梯),住家用,750605.0,181.7,3,2,2,有,有,28500000,156852.0,坡道平面,0.0,3500000,頂樓加蓋；,RPXPMLLJQHIGFEA48DA,116.3,0.0,8.4,有,727.0,37.0
士林區,房地(土地+建物)+車位,中山北路七段２２６之２號,38.75,住,,,1120712,土地1建物1車位1,一層,七層,華廈(10層含以下有電梯),住家用,761008.0,211.85,4,2,3,有,有,40190000,189719.0,坡道平面,28.61,0,車位C1編號,RPRNMLMKPHIGFEA77DA,165.4,20.99,0.0,有,,36.0
文山區,房地(土地+建物)+車位,木柵路四段３３巷９號九樓之３,15.93,住,,,1120703,土地1建物1車位1,九層,十層,華廈(10層含以下有電梯),住家用,971208.0,99.14,1,1,1,有,有,13560000,136776.0,坡道平面,40.62,0,其他增建；,RPUOMLLKQHIGFAA77DA,35.64,5.2,0.0,有,,15.0
北投區,房地(土地+建物),立農街二段２７９號五樓,20.97,住,,,1120728,土地1建物1車位0,五層,五層,公寓(5樓含以下無電梯),住家用,671117.0,84.8,5,2,2,有,無,17500000,206368.0,,0.0,0,陽台外推；頂樓加蓋；其他增建；,RPRNMLSJQHIGFEA38DA,69.43,0.0,15.37,無,728.0,45.0
內湖區,房地(土地+建物)+車位,星雲街１６３號九樓之５,13.56,,,,1120721,土地1建物1車位1,九層,十四層,住宅大樓(11層含以上有電梯),住家用,880901.0,109.98,1,2,1,有,有,21400000,272924.0,坡道平面,40.73,2500000,夾層；,RPUNMLOLQHIGFCA38EA,49.07,0.0,4.43,有,730.0,24.0
萬華區,房地(土地+建物),中華路二段５０４巷４９號十一樓,16.78,住,,,1120718,土地1建物1車位0,十一層,十二層,住宅大樓(11層含以上有電梯),住家用,680403.0,59.84,2,2,1,有,有,11500000,192179.0,,0.0,0,含裝潢費；含傢俱設備費；陽台外推；,RPRNMLQKQHIGFBA97DA,52.57,0.0,7.27,有,731.0,44.0
文山區,房地(土地+建物)+車位,光輝路１３２之１號三樓,30.13,住,,,1120722,土地1建物1車位1,三層,五層,公寓(5樓含以下無電梯),住家用,840414.0,113.07,3,2,2,有,無,14300000,126470.0,升降平面,0.0,0,,RPTNMLNLQHIGFAA87DA,71.64,1.56,7.27,無,,28.0
萬華區,建物,昆明街７９號七樓之１,0.0,,,,1120701,土地0建物1車位0,七層,十層,華廈(10層含以下有電梯),住家用,750404.0,34.089999999999996,1,1,1,有,無,4200000,123203.0,,0.0,0,其他增建；,RPPOMLSKPHIGFBA97DA,26.2,0.0,0.0,有,,37.0
大同區,房地(土地+建物),民權西路１３３巷６弄１２號二樓,22.25,住,,,1120705,土地1建物1車位0,二層,四層,公寓(5樓含以下無電梯),住家用,631118.0,76.51,3,1,1,有,無,14000000,182983.0,,0.0,0,,RPQNMLPLQHIGFBA97EA,71.18,0.0,5.33,無,,49.0
信義區,房地(土地+建物)+車位,中坡南路２０１巷１８之２號六樓,14.96,住,,,1120725,土地1建物1車位1,六層,二十層,住宅大樓(11層含以上有電梯),住家用,1100423.0,140.51999999999998,2,2,1,有,有,34500000,292343.0,坡道平面,32.77,3000000,,RPRPMLSJQHIGFDA48DA,56.1,9.86,5.2,有,,2.0
內湖區,房地(土地+建物),內湖路二段１０３巷３８號四樓,27.13,住,,,1120714,土地1建物1車位0,四層,七層,華廈(10層含以下有電梯),住家用,720912.0,135.01,3,2,2,有,有,26100000,193333.0,,0.0,0,陽台外推；,RPTNMLNLQHIGFCA18EA,97.31,0.0,16.03,有,,40.0
內湖區,房地(土地+建物)+車位,成功路五段４５０巷２３弄２３號十四樓之１,62.62,住,,,1120711,土地1建物1車位2,十四層,十七層,住宅大樓(11層含以上有電梯),住家用,970814.0,295.44,4,2,3,有,有,74000000,300380.0,坡道平面,69.06,6000000,,RPSOMLPLPHIGFCA18DA,151.17,0.0,11.57,有,734.0,15.0
信義區,房地(土地+建物),虎林街１６４巷１０號四樓,28.4,住,,,1120723,土地2建物1車位0,四層,五層,公寓(5樓含以下無電梯),住家用,661214.0,99.61,3,2,2,有,無,22000000,220861.0,,0.0,0,陽台外推；,RPXNMLRLPHIGFDA88DA,85.1,0.0,14.51,無,,46.0
大安區,房地(土地+建物),青田街５巷１２之７號,33.5,住,,,1120711,土地2建物1車位0,四層,四層,公寓(5樓含以下無電梯),住家用,580521.0,86.76,3,2,2,有,無,25500000,293914.0,,0.0,0,,RPPNMLOLQHIGFFA18EA,78.0,0.0,8.76,無,,54.0
松山區,房地(土地+建物),民族東路６６６號四樓,32.0,住,,,1120703,土地1建物1車位0,四層,四層,公寓(5樓含以下無電梯),住家用,600615.0,97.6,3,2,2,有,無,16880000,172951.0,,0.0,0,陽台外推；頂樓加蓋；其他增建；,RPWNMLTJQHIGFDA88DA,84.1,0.0,13.5,無,,52.0
士林區,房地(土地+建物),文林路７６５號五樓之９,14.81,住,,,1120702,土地1建物1車位0,五層,十一層,住宅大樓(11層含以上有電梯),住家用,700204.0,127.86,4,2,2,有,有,21980000,171907.0,,0.0,0,陽台外推；其他增建；,RPXNMLOKPHIGFEA58DA,93.86,0.0,15.73,有,,42.0
文山區,房地(土地+建物),興德路６２巷１６弄２號三樓,39.44,住,,,1120719,土地1建物1車位0,三層,五層,公寓(5樓含以下無電梯),住家用,,114.26,4,2,2,有,無,15300000,133905.0,,0.0,0,陽台外推；,RPXNMLSJQHIGFAA58DA,96.11,0.0,18.15,無,,
信義區,房地(土地+建物),信安街３６號四樓,27.5,住,,,1120729,土地1建物1車位0,四層,四層,公寓(5樓含以下無電梯),住家用,661022.0,83.99,7,2,4,有,無,17500000,208358.0,,0.0,0,陽台外推；頂樓加蓋；,RPRNMLOLQHIGFDA18EA,70.4,0.0,13.59,無,,46.0
中山區,房地(土地+建物)+車位,建國北路三段７１號十樓之５,10.75,住,,,1120719,土地2建物1車位1,十層,十四層,住宅大樓(11層含以上有電梯),住家用,1041016.0,107.77,2,2,1,有,有,24750000,229656.0,坡道平面,26.39,0,夾層；,RPSPMLMLQHIGFCA08DA,47.7,3.74,0.0,有,740.0,8.0
文山區,房地(土地+建物),木新路三段７４巷１５號三樓,24.55,住,,,1120724,土地1建物1車位0,三層,五層,公寓(5樓含以下無電梯),住家用,700521.0,109.28,3,2,2,有,無,14500000,132687.0,,0.0,0,陽台外推；,RPWNMLSLPHIGFAA58DA,89.19,0.0,10.76,無,,42.0
信義區,房地(土地+建物)+車位,和平東路三段３９１巷２０弄８１號一樓,37.16,住,,,1120723,土地1建物1車位1,一層,六層,華廈(10層含以下有電梯),住家用,880906.0,107.21,2,2,1,有,有,23000000,251713.0,坡道平面,26.96,2800000,陽台外推；夾層；其他增建；,RPOOMLRKQHIGFDA08DA,54.75,0.0,11.62,有,,24.0
內湖區,房地(土地+建物)+車位,民權東路六段２６５號十一樓,54.32,住,,,1120722,土地2建物1車位1,十一層,十一層,住宅大樓(11層含以上有電梯),住家用,960621.0,229.25,4,2,3,有,有,44200000,213857.0,坡道平面,34.26,2500000,陽台外推；其他增建；,RPPNMLRKQHIGFCA97DA,124.43,4.4,10.87,有,,16.0
大安區,房地(土地+建物),復興南路二段１５１巷５６號十三樓,19.94,住,,,1120716,土地1建物1車位0,十三層,十七層,住宅大樓(11層含以上有電梯),住家用,740522.0,102.91,2,2,1,有,有,24600000,239044.0,,0.0,0,其他增建；,RPQOMLSLPHIGFFA58DA,75.13,1.26,7.07,有,743.0,38.0
信義區,房地(土地+建物),虎林街１３２巷１９號二樓,33.5,住,,,1120716,土地1建物1車位0,二層,四層,公寓(5樓含以下無電梯),住家用,590922.0,78.2,3,1,1,有,無,19750000,252558.0,,0.0,0,,RPPNMLOLQHIGFDA87DA,78.2,0.0,0.0,無,,53.0
文山區,房地(土地+建物)+車位,政大二街１７１巷１９號,127.16,住,,,1120718,土地1建物1車位1,全,三層,透天厝,住家用,850106.0,264.06,5,3,4,有,有,33360000,126335.0,坡道平面,0.0,0,陽台外推；夾層；其他增建；,RPPNMLLJQHIGFAA07DA,157.71,1.0,18.86,無,,28.0
內湖區,房地(土地+建物),康寧路三段１８９巷８３弄４號,51.17,住,,,1120709,土地1建物2車位0,一層，夾層,五層,公寓(5樓含以下無電梯),住家用,770420.0,154.1,3,2,3,有,無,34500000,223881.0,,0.0,0,夾層；其他增建；,RPRNMLLLPHIGFCA57DA,140.79,7.19,0.0,無,749.0,35.0
大安區,房地(土地+建物),大安路一段２０４號四樓之３,5.65,住,,,1120713,土地1建物1車位0,四層,十二層,住宅大樓(11層含以上有電梯),住家用,971028.0,55.95,1,1,1,有,有,21500000,384272.0,,0.0,0,其他增建；,RPROMLSLPHIGFFA68DA,25.24,9.43,1.32,有,,15.0
信義區,房地(土地+建物),吳興街６００巷７６弄８２號二樓,32.67,住,,,1120707,土地1建物1車位0,二層,五層,公寓(5樓含以下無電梯),住家用,750829.0,90.51,3,2,2,有,無,15260000,168600.0,,0.0,0,其他增建；,RPXNMLRJQHIGFDA78DA,76.1,0.0,9.65,無,,37.0
北投區,房地(土地+建物),裕民六路１１４巷２７之２號三樓,23.95,住,,,1120731,土地1建物1車位0,三層,五層,公寓(5樓含以下無電梯),住家用,661117.0,84.6,2,2,1,有,無,15680000,185343.0,,0.0,0,,RPSOMLKKQHIGFEA87DA,63.7,0.0,14.3,無,,46.0
北投區,房地(土地+建物)+車位,石牌路二段３１５巷３４弄３２號,8.62,住,,,1120709,土地1建物1車位1,一層,七層,華廈(10層含以下有電梯),住家用,1080121.0,50.77,1,1,1,有,有,12500000,246208.0,塔式車位,17.38,0,夾層；其他增建；,RPVOMLRJQHIGFEA78DA,18.79,0.0,0.0,有,752.0,4.0
大安區,房地(土地+建物),金山南路二段１３２巷２０號三樓之７,8.89,住,,,1120709,土地1建物1車位0,三層,六層,華廈(10層含以下有電梯),住家用,870331.0,30.85,1,1,1,有,有,13860000,449271.0,,0.0,0,陽台外推；其他增建；,RPRNMLRLPHIGFFA48DA,16.13,0.0,3.58,有,,25.0
北投區,房地(土地+建物),公路４２３巷１７號六樓,36.6,住,,,1120728,土地1建物1車位0,六層,十一層,住宅大樓(11層含以上有電梯),住家用,820511.0,118.33,3,2,2,有,有,22500000,190146.0,,0.0,0,,RPSNMLSLQHIGFEA78EA,82.53,0.45,9.68,有,,30.0
萬華區,房地(土地+建物),寶興街１４０巷３２號三樓,28.33,住,,,1120717,土地1建物1車位0,三層,三層,公寓(5樓含以下無電梯),住家用,,74.24,3,2,1,有,無,11080000,149246.0,,0.0,0,頂樓加蓋；,RPROMLOKQHIGFBA87DA,74.24,0.0,0.0,無,,
信義區,房地(土地+建物),忠孝東路四段５５３巷１６號七樓之１,6.25,住,,,1120730,土地1建物1車位0,七層,七層,華廈(10層含以下有電梯),住家用,830729.0,46.629999999999995,1,1,1,有,無,12920000,277075.0,,0.0,0,陽台外移及加窗、凸窗加蓋之增建物其他增建；,RPXOMLOJQHIGFDA58DA,17.4,0.38,6.37,有,,29.0
大安區,建物,光復南路６００之１號四樓,0.0,,,,1120706,土地0建物1車位0,四層，陽台,四層,公寓(5樓含以下無電梯),住家用,640220.0,66.0,1,1,1,有,無,23920000,362424.0,,0.0,0,具重建或重劃、都更等效益；,RPPNMLRKQHIGFFA38EA,66.0,0.0,0.0,無,,48.0
士林區,房地(土地+建物),延平北路五段２４４巷１２號四樓,23.75,住,,,1120723,土地1建物1車位0,四層,四層,公寓(5樓含以下無電梯),住家用,601206.0,50.74,2,2,1,有,無,10500000,206937.0,,0.0,0,頂樓加蓋；其他增建；,RPVOMLOJQHIGFEA48DA,50.74,0.0,0.0,無,,52.0
士林區,房地(土地+建物),中社路二段１２８號,187.31,住,,,1120719,土地1建物1車位0,全,一層,透天厝,住家用,650103.0,105.0,0,0,0,無,無,18000000,171429.0,,0.0,0,增建露臺、陽台、頂樓後方平台、玄關、地下一樓、地下二樓。,RPPNMLPKQHIGFEA97DA,105.0,0.0,0.0,無,,48.0
文山區,房地(土地+建物)+車位,羅斯福路五段２６９巷２０號八樓,27.82,住,,,1120730,土地1建物1車位1,八層,十三層,住宅大樓(11層含以上有電梯),住家用,1000517.0,159.42000000000002,3,2,2,有,有,35500000,231003.0,塔式車位,14.4,2000000,其他增建；,RPTNMLSJQHIGFAA18DA,76.97,6.39,8.54,有,759.0,12.0
大同區,房地(土地+建物),敦煌路１３０號二樓,27.0,住,,,1120722,土地1建物1車位0,二層,四層,公寓(5樓含以下無電梯),住家用,630116.0,82.66,1,2,1,有,無,12980000,157029.0,,0.0,0,,RPSNMLTLQHIGFBA48DA,82.66,0.0,0.0,無,760.0,50.0
北投區,房地(土地+建物)+車位,新民路１巷５之３號三樓,24.32,住,,,1120716,土地2建物1車位1,三層,六層,華廈(10層含以下有電梯),住家用,710226.0,112.8,2,2,1,有,有,11460000,101596.0,坡道平面,40.94,0,其他增建；,RPTOMLLKQHIGFEA08DA,92.78,0.0,1.31,有,,41.0
士林區,房地(土地+建物),基河路１２８號五樓之３,7.55,住,,,1120720,土地1建物1車位0,五層,十一層,住宅大樓(11層含以上有電梯),住家用,850916.0,26.909999999999997,0,0,0,無,有,6380000,237087.0,,0.0,0,,RPOPMLKLPHIGFEA57DA,15.92,0.0,2.37,有,,27.0
中山區,房地(土地+建物)+車位,敬業三路１６２巷７５號七樓,43.31,住,,,1120723,土地1建物1車位1,七層,十二層,住宅大樓(11層含以上有電梯),住家用,890628.0,142.84,3,2,2,有,有,27650000,193573.0,坡道平面,0.0,0,陽台外推；,RPTNMLSJQHIGFCA38DA,71.24,0.0,7.62,有,,23.0
大同區,房地(土地+建物),哈密街５９巷７８弄５０之１號五樓,32.64,住,,,1120714,土地4建物1車位0,五層,五層,公寓(5樓含以下無電梯),住家用,740927.0,121.28,4,3,3,有,無,18500000,152540.0,,0.0,0,頂樓加蓋；其他增建；,RPQOMLOKPHIGFBA67DA,98.77,0.0,11.2,無,764.0,38.0
大安區,房地(土地+建物),敦化南路一段３１３號九樓之１,9.82,住,,,1120712,土地3建物1車位0,九層,十三層,住宅大樓(11層含以上有電梯),住家用,680316.0,71.57,1,2,1,有,有,27800000,388431.0,,0.0,0,,RPVNMLLJQHIGFFA18DA,53.18,0.0,6.79,有,,44.0
內湖區,房地(土地+建物),港墘路１巷１１號五樓,26.39,住,,,1120703,土地1建物1車位0,五層,五層,公寓(5樓含以下無電梯),住家用,700716.0,100.65,3,2,2,有,有,16900000,167909.0,,0.0,0,陽台外推；其他增建；,RPUOMLLLPHIGFCA97DA,81.61,0.0,8.2,無,,42.0
中山區,房地(土地+建物),農安街１１９號二樓,33.33,住,,,1120720,土地1建物1車位0,二層,三層,公寓(5樓含以下無電梯),住家用,570113.0,84.18,3,1,1,有,無,16350000,194227.0,,0.0,0,其他增建；,RPXOMLRKQHIGFCA88DA,84.18,0.0,0.0,無,768.0,56.0
內湖區,房地(土地+建物),內湖路三段５９巷１０號五樓,27.44,住,,,1120718,土地1建物1車位0,五層,五層,公寓(5樓含以下無電梯),住家用,700703.0,96.85,4,1,2,有,無,15900000,164171.0,,0.0,0,頂樓加蓋；其他增建；,RPPQMLPKQHIGFCA08DA,89.49,0.0,7.36,無,,42.0
北投區,房地(土地+建物)+車位,奇岩路１２之５號五樓,32.49,住,,,1120724,土地1建物1車位1,五層,五層,華廈(10層含以下有電梯),住家用,1011023.0,83.42,1,1,2,有,有,6780000,110250.0,坡道平面,38.25,1800000,買賣總價為新台幣 678萬元整其中內含停車位總價新台幣180萬元整，其中拆分為：土地價款為新台幣4407000元整，建物價款為新台幣2373000元整。,RPQRMLLJQHIGFEA97DA,24.52,0.28,2.74,有,770.0,11.0
大安區,房地(土地+建物),新生南路一段１３９巷９號四樓,44.75,住,,,1120708,土地1建物1車位0,四層,四層,公寓(5樓含以下無電梯),住家用,620228.0,112.13,3,2,2,有,無,32600000,290734.0,,0.0,0,依土地法第34條之1第1項至第3項規定辦理頂樓加蓋；,RPUNMLSLQHIGFFA09EA,112.13,0.0,0.0,無,,50.0
大安區,房地(土地+建物)+車位,和平東路二段７６巷２３弄８號二樓,20.85,住,,,1120709,土地1建物1車位1,二層,七層,華廈(10層含以下有電梯),住家用,800104.0,150.14,3,2,1,有,有,28500000,189823.0,升降機械,0.0,0,露台外移、陽台加窗其他增建；,RPTNMLNLQHIGFFA38DA,86.73,37.58,7.87,有,771.0,33.0
內湖區,房地(土地+建物)+車位,康樂街１８６巷１弄１１號三樓,41.28,住,,,1120725,土地1建物1車位1,三層,五層,公寓(5樓含以下無電梯),住家用,761128.0,135.7,3,2,2,有,有,19890000,146563.0,坡道平面,0.0,2500000,陽台外推；其他增建；,RPRPMLQKQHIGFCA28DA,109.58,0.74,11.68,無,,36.0
松山區,房地(土地+建物),南京東路三段３３５巷２３號六樓之１１,12.09,住,,,1120723,土地3建物1車位0,六層,七層,華廈(10層含以下有電梯),住家用,740819.0,75.33,2,2,1,有,有,20060000,266295.0,,0.0,0,,RPOOMLTJQHIGFDA18DA,43.2,0.0,6.45,有,,38.0
信義區,房地(土地+建物),永吉路１２７巷１１弄６號二樓,12.68,住,,,1120720,土地1建物1車位0,二層,八層,華廈(10層含以下有電梯),住家用,1061130.0,57.25,1,2,1,有,有,15200000,265502.0,,0.0,0,,RPTNMLTLQHIGFDA88EA,23.51,2.13,4.25,有,776.0,6.0
大安區,房地(土地+建物),金山南路二段１８５巷３號三樓,48.5,住,,,1120716,土地2建物1車位0,三層,四層,公寓(5樓含以下無電梯),住家用,600422.0,120.13,3,2,2,有,無,35000000,291351.0,,0.0,0,,RPPNMLNKQHIGFFA87DA,120.13,0.0,0.0,無,,52.0
內湖區,房地(土地+建物)+車位,康寧路三段５６巷１４８號四樓,43.78,住,,,1120716,土地1建物1車位2,四層,十四層,住宅大樓(11層含以上有電梯),住家用,971031.0,277.48,4,2,2,有,有,53160000,248120.0,坡道平面,83.38,5000000,,RPVNMLLLQHIGFCA08DA,117.32,3.01,11.89,有,,15.0
南港區,房地(土地+建物),福德街３３９巷９弄６號三樓,22.0,住,,,1120720,土地1建物1車位0,三層,四層,公寓(5樓含以下無電梯),住家用,660521.0,62.96,2,1,1,有,無,12000000,190597.0,,0.0,0,陽台外推；,RPRNMLRKQHIGFDA28DA,56.56,0.0,6.4,無,,46.0
內湖區,房地(土地+建物)+車位,內湖路三段６０巷３３號九樓,31.62,住,,,1120730,土地1建物1車位2,九層,十九層,住宅大樓(11層含以上有電梯),住家用,1060407.0,257.68,3,2,2,有,有,54180000,242888.0,坡道平面,55.2,5000000,,RPVPMLRJQHIGFCA68DA,110.6,10.2,12.7,有,780.0,6.0
南港區,房地(土地+建物),福德街３７３巷２１號八樓之３,22.2,住,,,1120709,土地1建物1車位0,八層,十八層,住宅大樓(11層含以上有電梯),住家用,870521.0,132.76,3,2,1,有,有,21580000,162549.0,,0.0,0,其他增建；,RPXOMLRKQHIGFDA98DA,72.22,0.0,8.0,有,,25.0
中正區,房地(土地+建物)+車位,仁愛路二段９巷１７號七樓之１,24.25,住,,,1120723,土地2建物2車位1,七層,七層,華廈(10層含以下有電梯),住家用,971114.0,120.13,4,2,2,有,有,34650000,314729.0,其他,16.39,2000000,陽台外推；其他增建；,RPVNMLQJQHIGFBA28DA,47.78,4.81,9.12,有,,15.0
內湖區,房地(土地+建物),江南街７１巷１號三樓,27.56,住,,,1120715,土地2建物1車位0,三層,五層,公寓(5樓含以下無電梯),住家用,700327.0,103.92,3,2,2,有,無,19200000,184758.0,,0.0,0,陽台外推；其他增建；,RPUOMLKKQHIGFCA87DA,84.99,0.0,18.93,無,,42.0
文山區,房地(土地+建物),光輝路９之１號三樓,24.55,住,,,1120720,土地2建物1車位0,三層,五層,公寓(5樓含以下無電梯),住家用,680613.0,101.31,3,2,1,有,無,12980000,128122.0,,0.0,0,其他增建；,RPXNMLPLPHIGFAA38DA,78.41,0.0,10.74,無,,44.0
文山區,房地(土地+建物),興隆路四段１２２巷１７號四樓,40.5,住,,,1120714,土地1建物1車位0,四層,四層,公寓(5樓含以下無電梯),住家用,670227.0,106.57,3,2,1,有,無,13500000,126677.0,,0.0,0,陽台外推；其他增建；,RPTOMLKMQHIGFAA77DA,93.45,0.0,13.12,無,,45.0
信義區,房地(土地+建物),嘉興街３０５巷３號三樓,21.75,住,,,1120721,土地1建物1車位0,三層,四層,公寓(5樓含以下無電梯),住家用,570916.0,67.08,3,2,1,有,無,15100000,225104.0,,0.0,0,其他增建；,RPVNMLKMQHIGFDA18DA,67.08,0.0,0.0,無,,55.0
士林區,房地(土地+建物),福港街２５９巷２９弄４號五樓,27.94,住,,,1120723,土地1建物1車位0,五層,五層,公寓(5樓含以下無電梯),住家用,690612.0,88.85,2,2,1,有,無,15300000,172200.0,,0.0,0,陽台外推；頂樓加蓋；,RPTNMLNLPHIGFEA18DA,75.87,0.0,12.98,無,,43.0
士林區,房地(土地+建物),雨聲街４巷１１號四樓,56.5,住,,,1120717,土地1建物1車位0,四層,四層,公寓(5樓含以下無電梯),住家用,660915.0,98.97,3,2,1,有,無,16500000,166717.0,,0.0,0,,RPOOMLNLQHIGFEA87DA,84.73,0.0,14.24,無,,46.0
士林區,房地(土地+建物)+車位,中山北路六段４０５巷８９號二樓,48.54,住,,,1120720,土地1建物2車位2,二層,八層,華廈(10層含以下有電梯),住家用,1060307.0,272.04999999999995,3,2,2,有,有,69800000,256570.0,升降平面,68.32,0,,RPXOMLSLQHIGFEA66DA,106.14,8.84,15.91,有,793.0,6.0
文山區,房地(土地+建物),景明街１４巷３號二樓,40.25,住,,,1120720,土地1建物1車位0,二層，陽台,四層,公寓(5樓含以下無電梯),住家用,630716.0,104.78,3,2,2,有,無,18500000,176560.0,,0.0,0,陽台外推；其他增建；,RPWOMLLKQHIGFAA97DA,104.78,0.0,0.0,無,,49.0
內湖區,房地(土地+建物),星雲街１６８巷３５號十八樓,8.58,住,,,1120718,土地1建物1車位0,十八層,二十一層,住宅大樓(11層含以上有電梯),住家用,860124.0,45.129999999999995,1,1,1,有,有,11000000,243740.0,,0.0,0,另有夾層增建夾層；,RPXPMLLLQHIGFCA48DA,27.56,1.0,2.82,有,,26.0
萬華區,房地(土地+建物)+車位,中華路二段３６４巷１５號五樓之２,41.39,住,,,1120713,土地1建物1車位1,五層,十四層,住宅大樓(11層含以上有電梯),住家用,1020702.0,159.86,3,2,2,有,有,33400000,208933.0,坡道平面,0.0,0,,RPPNMLRKQHIGFBA87DA,88.85,0.0,10.16,有,795.0,10.0
大同區,房地(土地+建物),重慶北路三段２５２巷２號五樓,24.25,住,,,1120716,土地1建物1車位0,五層,七層,華廈(10層含以下有電梯),住家用,701210.0,144.64,2,2,2,有,無,24380000,168556.0,,0.0,0,陽台外推；其他增建；,RPPNMLRLQHIGFBA97DA,110.91,0.0,33.73,有,,42.0
大安區,房地(土地+建物),復興南路一段７９巷１０號三樓之１,6.02,住,,,1120728,土地2建物1車位0,三層,七層,華廈(10層含以下有電梯),住家用,690904.0,29.12,1,1,1,有,無,9400000,322802.0,,0.0,0,陽台外推；其他增建；,RPPOMLMLQHIGFFA97DA,19.42,0.0,3.33,有,796.0,43.0
信義區,房地(土地+建物)+車位,中坡南路２０１巷１８之２號八樓,14.96,住,,,1120731,土地1建物1車位1,八層,二十層,住宅大樓(11層含以上有電梯),住家用,1100423.0,140.51999999999998,2,2,1,有,有,35000000,249075.0,坡道平面,32.77,0,,RPRNMLKMQHIGFDA87EA,56.1,9.86,5.2,有,,2.0
內湖區,房地(土地+建物),康寧路三段１８９巷７３弄４號四樓,30.17,住,,,1120723,土地1建物1車位0,四層,五層,公寓(5樓含以下無電梯),住家用,731218.0,112.97,3,2,2,有,無,19200000,169957.0,,0.0,0,,RPUNMLLMQHIGFCA18EA,96.23,0.0,8.22,無,797.0,39.0
大安區,房地(土地+建物)+車位,安和路一段９０巷１號六樓,22.82,住,,,1120710,土地1建物1車位2,六層,十二層,住宅大樓(11層含以上有電梯),住家用,660423.0,203.69,5,2,2,有,有,65000000,319112.0,升降平面,0.0,0,交易車位為使用權車位陽台外推；,RPVNMLMLQHIGFFA48DA,164.45,0.0,25.07,有,,46.0
北投區,房地(土地+建物)+車位,稻香路１６０號四樓,78.23,住,,,1120726,土地1建物1車位2,四層,五層,華廈(10層含以下有電梯),住家用,1060815.0,302.89,4,2,3,有,有,39370000,142788.0,坡道平面,55.18,4000000,,RPTOMLLLQHIGFEA18DA,143.96,7.04,15.95,有,799.0,6.0
內湖區,房地(土地+建物),金龍路４７巷１０號五樓,23.18,住,,,1120723,土地1建物1車位0,五層,五層,公寓(5樓含以下無電梯),住家用,730716.0,107.74,4,2,3,有,無,16830000,156224.0,,0.0,0,陽台外推；頂樓加蓋；其他增建；,RPQOMLOJQHIGFCA77DA,85.22,0.0,14.27,無,,39.0
內湖區,房地(土地+建物)+車位,星雲街１３１號十四樓之１,18.77,住,,,1120725,土地1建物1車位1,十四層,十四層,住宅大樓(11層含以上有電梯),住家用,931222.0,145.64,3,2,2,有,有,41880000,287558.0,坡道平面,28.03,0,陽台外推；,RPTPMLLLQHIGFCA08DA,65.9,3.39,10.67,有,802.0,19.0
中正區,房地(土地+建物),臨沂街２３之１號四樓,21.71,住,,,1120702,土地2建物1車位0,四層,七層,華廈(10層含以下有電梯),住家用,650609.0,97.4,3,2,2,有,無,30500000,313142.0,,0.0,0,陽台外推；其他增建；,RPPPMLLKQHIGFBA47DA,83.74,0.0,13.66,有,,47.0
內湖區,房地(土地+建物),星雲街１６８巷３５號十六樓之３,5.0,住,,,1120709,土地1建物1車位0,十六層,二十一層,住宅大樓(11層含以上有電梯),住家用,860124.0,32.09,1,1,1,有,有,7700000,239950.0,,0.0,0,陽台外推；夾層；,RPSNMLLMQHIGFCA97EA,15.58,1.58,4.45,有,,26.0
北投區,房地(土地+建物),珠海路１２６號四樓,11.22,住,,,1120729,土地1建物1車位0,四層,七層,華廈(10層含以下有電梯),住家用,710226.0,83.0,2,2,1,有,無,11200000,134940.0,,0.0,0,陽台外推；其他增建；,RPQNMLMKQHIGFEA77DA,57.62,0.0,11.76,有,804.0,41.0
北投區,房地(土地+建物),天母北路１０５巷１５弄１號十樓之３,17.73,住,,,1120705,土地1建物1車位0,十層,十一層,住宅大樓(11層含以上有電梯),住家用,840629.0,62.87,2,1,1,有,有,12800000,203595.0,,0.0,0,陽台外推；其他增建；,RPTNMLLLQHIGFEA08DA,38.14,1.84,3.68,有,805.0,28.0
大安區,房地(土地+建物)+車位,樂業街１５９巷１７號五樓,38.03,住,,,1120702,土地1建物1車位1,五層,五層,華廈(10層含以下有電梯),住家用,721227.0,182.85,6,0,3,有,無,39080000,213715.0,坡道平面,0.0,3500000,陽台向外加蓋凸窗頂樓加蓋；其他增建；,RPPNMLRLQHIGFFA38DA,165.28,0.0,12.68,有,,40.0
萬華區,房地(土地+建物),青年路８號三樓,23.85,住,,,1120722,土地1建物1車位0,三層,十二層,住宅大樓(11層含以上有電梯),住家用,760316.0,112.37,3,2,2,有,有,20400000,181543.0,,0.0,0,,RPPNMLLMPHIGFBA37DA,76.9,0.0,10.22,有,,36.0
北投區,房地(土地+建物),中央北路四段３９８號四樓,19.53,住,,,1120709,土地1建物1車位0,四層,五層,公寓(5樓含以下無電梯),住家用,721116.0,84.98,1,2,1,有,無,8160000,96023.0,,0.0,0,陽台外推；,RPSNMLPLQHIGFEA38DA,69.74,0.0,7.07,無,,40.0
中正區,房地(土地+建物)+車位,汀州路二段９３號三樓之３,17.57,住,,,1120721,土地1建物1車位1,三層,十一層,住宅大樓(11層含以上有電梯),住家用,1030123.0,121.22,2,2,1,有,有,25000000,273623.0,升降平面,38.99,2500000,,RPTNMLLJRHIGFAA57DA,46.76,1.58,3.98,有,811.0,9.0
大安區,房地(土地+建物),臥龍街２５２之１號二樓,25.89,住,,,1120709,土地1建物1車位0,二層,五層,公寓(5樓含以下無電梯),住家用,720125.0,97.29,4,2,2,有,無,17600000,180902.0,,0.0,0,陽台外推；其他增建；,RPOOMLTJQHIGFFA38DA,85.79,0.0,11.5,無,,40.0
大安區,房地(土地+建物),師大路１０５巷１８號六樓之２,5.83,住,,,1120716,土地1建物1車位0,六層,十層,華廈(10層含以下有電梯),住家用,961127.0,33.76,2,1,1,有,有,14580000,431872.0,,0.0,0,陽台外推；夾層；其他增建；,RPRPMLLKQHIGFFA08DA,19.97,1.6,1.68,有,812.0,16.0
大安區,房地(土地+建物),泰順街５４巷１３號四樓,29.8,住,,,1120709,土地1建物1車位0,四層,五層,公寓(5樓含以下無電梯),住家用,681002.0,112.81,2,2,2,有,無,29200000,258842.0,,0.0,0,陽台外推；,RPPNMLTKQHIGFFA48DA,101.25,0.0,11.56,無,,44.0
文山區,房地(土地+建物),指南路三段２６號八樓之２,11.48,住,,,1120702,土地1建物1車位0,八層,十層,華廈(10層含以下有電梯),住家用,970508.0,43.01,1,0,1,有,有,8880000,206464.0,,0.0,0,,RPRPMLRKQHIGFAA18DA,24.69,0.0,3.51,有,,15.0
文山區,房地(土地+建物),景福街２３０巷１２號二樓,43.96,住,,,1120722,土地1建物1車位0,二層,五層,公寓(5樓含以下無電梯),住家用,810717.0,124.88,3,2,2,有,無,24000000,192184.0,,0.0,0,其他增建；,RPSPMLRKQHIGFAA28DA,102.11,2.3,10.09,無,,31.0
北投區,房地(土地+建物)+車位,義方街１號四樓,55.92,住,,,1120724,土地1建物1車位2,四層,七層,華廈(10層含以下有電梯),住家用,1010427.0,272.38,4,2,2,有,有,38880000,142742.0,坡道機械,53.34,0,,RPTOMLLJRHIGFEA08DA,121.0,16.94,12.6,有,,11.0
內湖區,房地(土地+建物),內湖路一段２８５巷６９弄６６號四樓,24.83,住,,,1120727,土地1建物1車位0,四層,五層,公寓(5樓含以下無電梯),住家用,720331.0,85.24,3,2,1,有,無,14480000,169873.0,,0.0,0,,RPSOMLLKQHIGFCA77DA,77.14,0.0,8.1,無,815.0,40.0
士林區,房地(土地+建物),通河西街一段１０４號二樓,19.25,住,,,1120727,土地1建物1車位0,二層,四層,公寓(5樓含以下無電梯),住家用,580107.0,71.01,3,1,1,有,無,9200000,129559.0,,0.0,0,,RPUNMLLJRHIGFEA18EA,71.01,0.0,0.0,無,,55.0
北投區,房地(土地+建物)+車位,奇岩路８號五樓,97.6,住,,,1120722,土地2建物1車位1,五層,五層,華廈(10層含以下有電梯),住家用,900502.0,189.82,3,2,2,有,有,21000000,110631.0,坡道平面,41.24,0,其他增建；,RPXNMLSKQHIGFEA09DA,111.01,0.0,10.92,有,,22.0
士林區,房地(土地+建物),中山北路六段４１９巷３號二樓,37.08,住,,,1120719,土地4建物1車位0,二層,五層,公寓(5樓含以下無電梯),住家用,690131.0,107.65,3,2,2,有,無,22350000,207617.0,,0.0,0,陽台外推；,RPRNMLLMQHIGFEA08EA,96.19,0.0,11.46,無,816.0,43.0
中山區,房地(土地+建物),五常街１號四樓,34.0,住,,,1120714,土地1建物1車位0,四層,五層,公寓(5樓含以下無電梯),住家用,681210.0,112.86,3,2,2,有,無,24100000,213539.0,,0.0,0,,RPQNMLOKQHIGFCA77DA,91.65,0.0,21.21,無,,44.0
內湖區,房地(土地+建物),文湖街２１巷８２弄４３號四樓之１,15.22,住,,,1120716,土地1建物1車位0,四層,五層,公寓(5樓含以下無電梯),住家用,930120.0,43.78,1,1,1,有,無,9500000,216994.0,,0.0,0,陽台外推；,RPVNMLOKQHIGFCA28DA,29.84,0.7,6.25,無,,19.0
松山區,房地(土地+建物),市民大道四段６３號四樓,25.23,住,,,1120716,土地1建物1車位0,四層,五層,公寓(5樓含以下無電梯),住家用,730628.0,101.59,3,2,2,有,無,22500000,221478.0,,0.0,0,其他增建；,RPRNMLLJQHIGFDA57DA,92.72,0.0,8.87,無,,39.0
士林區,房地(土地+建物),德行東路２６５巷５號二樓,33.8,住,,,1120721,土地1建物1車位0,二層,五層,公寓(5樓含以下無電梯),住家用,680419.0,105.65,3,2,2,有,無,16600000,157123.0,,0.0,0,其他增建:鐵鋁窗其他增建；,RPUNMLLJRHIGFEA08DA,93.0,0.0,12.65,無,,44.0
士林區,房地(土地+建物),福港街３５號,30.75,住,,,1120714,土地1建物1車位0,一層，騎樓,四層,公寓(5樓含以下無電梯),住家用,611002.0,77.78,0,0,0,無,無,20200000,259707.0,,0.0,0,其他增建；,RPVNMLMJQHIGFEA18DA,77.78,0.0,0.0,無,,51.0
內湖區,房地(土地+建物)+車位,成功路四段６１巷２２弄１７號四樓之３,32.64,住,,,1120728,土地1建物2車位1,四層,九層,華廈(10層含以下有電梯),住家用,821214.0,161.54000000000002,4,2,2,有,有,29000000,179522.0,坡道平面,0.0,0,陽台外推；,RPPNMLLJRHIGFCA47EA,73.69,2.36,13.51,有,,30.0
北投區,房地(土地+建物),石牌路一段３９巷１３０號二樓,40.06,住,,,1120723,土地1建物1車位0,二層,四層,公寓(5樓含以下無電梯),住家用,631106.0,119.73,3,2,1,有,無,23580000,196943.0,,0.0,0,陽台外推；其他增建；,RPSNMLTKQHIGFEA68DA,119.73,0.0,0.0,無,,49.0
文山區,房地(土地+建物)+車位,政大一街８３號三樓,46.36,住,,,1120731,土地1建物1車位1,三層,五層,公寓(5樓含以下無電梯),住家用,831224.0,97.88,3,2,1,有,有,14200000,145076.0,坡道機械,0.0,0,其他增建；,RPPOMLKMQHIGFAA37DA,56.6,2.02,6.47,無,817.0,29.0
萬華區,房地(土地+建物),萬大路４２３巷１２７號四樓,14.83,住,,,1120731,土地2建物1車位0,四層,五層,公寓(5樓含以下無電梯),住家用,640403.0,37.59,2,1,1,有,無,6500000,172918.0,,0.0,0,,RPTNMLKMQHIGFBA77DA,37.59,0.0,0.0,無,818.0,48.0
內湖區,房地(土地+建物)+車位,內湖路一段９１巷３５弄７７號六樓,41.15,住,,,1120713,土地1建物1車位1,六層,九層,華廈(10層含以下有電梯),住家用,840627.0,151.47,3,2,2,有,有,27500000,181566.0,坡道平面,35.17,0,,RPTNMLLJRHIGFCA77DA,124.46,1.53,10.08,有,,28.0
信義區,房地(土地+建物),忠孝東路五段３７２巷２８弄１號二樓,22.99,住,,,1120729,土地1建物1車位0,二層,七層,華廈(10層含以下有電梯),住家用,721003.0,109.76,3,2,2,有,有,24000000,218659.0,,0.0,0,,RPVNMLSKQHIGFDA78DA,89.19,0.0,10.76,有,,40.0
士林區,房地(土地+建物),中山北路六段７２８巷６號四樓,27.5,住,,,1120715,土地2建物1車位0,四層,五層,公寓(5樓含以下無電梯),住家用,750818.0,88.36,3,2,2,有,無,18300000,207107.0,,0.0,0,,RPSNMLLJRHIGFEA97EA,79.55,0.0,8.81,無,,37.0
士林區,房地(土地+建物),福國路５０巷６弄６號四樓,28.44,住,,,1120723,土地4建物1車位0,四層,四層,公寓(5樓含以下無電梯),住家用,680502.0,80.3,3,2,1,有,無,16100000,200498.0,,0.0,0,陽台外推；其他增建；,RPRNMLRJQHIGFEA28DA,66.81,0.0,13.49,無,,44.0
北投區,房地(土地+建物),吉利街３２０巷４弄２號四樓,23.12,住,,,1120719,土地1建物1車位0,四層,四層,公寓(5樓含以下無電梯),住家用,600317.0,56.96,2,0,2,有,無,10780000,189256.0,,0.0,0,陽台外推；頂樓加蓋；,RPQNMLTKQHIGFEA48DA,45.16,0.0,4.49,無,819.0,52.0
中山區,房地(土地+建物),松江路３７巷８號四樓之１,13.04,住,,,1120728,土地1建物1車位0,四層,五層,華廈(10層含以下有電梯),住家用,950113.0,46.1,1,1,1,有,無,12700000,275488.0,,0.0,0,陽台外推；夾層；其他增建；,RPWOMLSKQHIGFCA88DA,23.89,0.0,6.49,有,820.0,18.0
士林區,房地(土地+建物),德行東路１３２巷５弄４號,0.0,住,,,1120711,土地4建物1車位0,一層,五層,公寓(5樓含以下無電梯),住家用,710428.0,0.12,3,2,2,有,有,2344,0.0,,0.0,0,政府機關標讓售；地清或未辦繼承標售；,RPPNMLLJRHIGFEA67EA,0.0,0.0,0.0,無,821.0,41.0
文山區,房地(土地+建物),溪口街１０７巷１之１號二樓,23.94,住,,,1120710,土地1建物1車位0,二層,五層,公寓(5樓含以下無電梯),住家用,690125.0,82.19999999999999,3,2,1,有,無,15900000,193431.0,,0.0,0,陽台外推；其他增建；,RPXNMLQKQHIGFAA48DA,66.35,0.0,12.61,無,824.0,43.0
中山區,房地(土地+建物)+車位,八德路二段１００號十樓之１,22.41,住,,,1120715,土地2建物1車位2,十層,二十層,住宅大樓(11層含以上有電梯),住家用,1010905.0,285.02,3,2,2,有,有,62080000,250890.0,坡道平面,57.51,5000000,,RPWOMLMLQHIGFCA38DA,129.21,9.11,12.53,有,,11.0
北投區,房地(土地+建物),榮華二路１９巷７號三樓,36.54,住,,,1120725,土地2建物1車位0,三層,五層,公寓(5樓含以下無電梯),住家用,660616.0,108.24,2,2,2,有,無,20150000,186160.0,,0.0,0,陽台外推；,RPVNMLLJRHIGFEA18DA,102.31,0.0,5.93,無,,46.0
士林區,房地(土地+建物)+車位,中正路６９０號二樓之２,14.26,住,,,1120723,土地3建物1車位1,二層,九層,華廈(10層含以下有電梯),住家用,870810.0,105.14,2,2,1,有,有,14450000,137436.0,坡道機械,35.79,0,陽台外推；其他增建；,RPTNMLLKQHIGFEA97DA,50.56,0.0,6.33,有,,25.0
士林區,房地(土地+建物),中山北路七段１００巷１０號四樓,48.75,住,,,1120727,土地2建物1車位0,四層，陽台,四層,公寓(5樓含以下無電梯),住家用,640602.0,115.7,4,3,2,有,無,18800000,162489.0,,0.0,0,頂樓加蓋；,RPSNMLLMQHIGFEA18EA,115.7,0.0,0.0,無,,48.0
中山區,房地(土地+建物)+車位,樂群二路３０巷６６號八樓,80.58,住,,,1120723,土地1建物1車位2,八層,十一層,住宅大樓(11層含以上有電梯),住家用,1010724.0,394.89,0,0,0,無,有,163500000,513180.0,坡道平面,87.98,6000000,毛胚屋；,RPPNMLLLQHIGFCA47DA,169.59,12.06,20.72,有,825.0,11.0
內湖區,房地(土地+建物),民權東路六段１２０巷１弄４號三樓,30.37,住,,,1120729,土地1建物1車位0,三層,五層,公寓(5樓含以下無電梯),住家用,730130.0,98.79,3,2,2,有,無,16700000,169045.0,,0.0,0,陽台外推；,RPRNMLOJRHIGFCA87DA,78.13,0.0,13.74,無,,39.0
文山區,房地(土地+建物)+車位,福興路１００號二樓,18.24,住,,,1120713,土地1建物1車位1,二層,九層,華廈(10層含以下有電梯),住家用,910912.0,101.57,2,2,1,有,有,14500000,142759.0,坡道平面,0.0,0,,RPPNMLPJRHIGFAA67EA,47.67,0.03,5.08,有,827.0,21.0
內湖區,房地(土地+建物)+車位,康寧路三段７５巷１２３號四樓,47.83,住,,,1120724,土地1建物1車位1,四層，五層,十一層,住宅大樓(11層含以上有電梯),住家用,880819.0,126.41,4,2,2,有,有,28520000,225615.0,坡道平面,0.0,2500000,,RPVOMLPKQHIGFCA48DA,67.05,0.0,6.37,有,,24.0
文山區,房地(土地+建物)+車位,興隆路三段３０４巷３２之２號,23.45,住,,,1120720,土地2建物1車位1,一層,七層,華廈(10層含以下有電梯),住家用,1030314.0,151.07999999999998,3,2,2,有,有,18880000,144060.0,坡道平面,31.13,1600000,陽台外推；其他增建；,RPVNMLKLPHIGFAA67DA,56.59,11.42,7.79,有,,9.0
文山區,房地(土地+建物)+車位,興隆路二段２０３巷１０７號八樓,41.09,住,,,1120718,土地2建物1車位1,八層,十一層,住宅大樓(11層含以上有電梯),住家用,1020103.0,206.99,3,2,2,有,有,37000000,209931.0,坡道平面,42.65,2500000,陽台外推；,RPQNMLLJQHIGFAA17DA,95.87,5.15,11.17,有,829.0,11.0
內湖區,房地(土地+建物)+車位,南京東路六段１５９號七樓,17.86,住,,,1120715,土地1建物1車位1,七層,七層,華廈(10層含以下有電梯),住家用,980105.0,120.89,2,1,1,有,有,26200000,216726.0,坡道平面,0.0,2500000,,RPQNMLOJRHIGFCA87EA,54.32,6.49,4.3,有,,15.0
文山區,房地(土地+建物),景福街５４巷５弄７號十五樓,27.52,住,,,1120731,土地1建物1車位0,十五層,十五層,住宅大樓(11層含以上有電梯),住家用,880119.0,122.0,3,2,1,有,有,24000000,196721.0,,0.0,0,陽台外推；其他增建；,RPWNMLSKQHIGFAA58DA,68.1,0.0,7.71,有,830.0,25.0
北投區,房地(土地+建物)+車位,奇岩路８之１號五樓,97.6,住,,,1120722,土地2建物1車位2,五層,五層,華廈(10層含以下有電梯),住家用,900502.0,231.06,3,2,2,有,有,23000000,99541.0,坡道平面,0.0,0,其他增建；,RPQNMLSKQHIGFEA38DA,111.01,0.0,10.92,有,,22.0
信義區,房地(土地+建物),福德街２１１號五樓,28.4,住,,,1120702,土地1建物1車位0,五層,五層,公寓(5樓含以下無電梯),住家用,721007.0,114.72,3,2,2,有,無,20880000,182008.0,,0.0,0,陽台外推；頂樓加蓋；其他增建；,RPUNMLRKQHIGFDA58DA,88.95,12.3,10.13,無,,40.0
萬華區,房地(土地+建物),德昌街２７４號四樓,34.0,住,,,1120730,土地3建物1車位0,四層,五層,公寓(5樓含以下無電梯),住家用,700223.0,152.93,3,2,2,有,無,15660000,102400.0,,0.0,0,陽台外推；其他增建；,RPPQMLRJQHIGFBA08DA,126.56,0.0,26.37,無,832.0,42.0
南港區,房地(土地+建物),松河街７５８號十一樓,29.09,住,,,1120731,土地1建物1車位0,十一層,十四層,住宅大樓(11層含以上有電梯),住家用,1040819.0,89.44,2,2,1,有,有,25100000,280635.0,,0.0,0,,RPUOMLMLQHIGFDA28DA,51.76,4.05,3.09,有,833.0,8.0
內湖區,房地(土地+建物),康樂街２０巷６弄５號五樓,34.1,住,,,1120730,土地1建物1車位0,五層,五層,公寓(5樓含以下無電梯),住家用,741014.0,119.06,8,0,8,有,無,20000000,167983.0,,0.0,0,陽台外推；頂樓加蓋；其他增建；,RPPNMLOKQHIGFCA67DA,99.15,0.0,10.44,無,834.0,38.0
內湖區,房地(土地+建物)+車位,新明路４２８巷１號四樓,12.11,住,,,1120709,土地1建物1車位1,四層,二十層,住宅大樓(11層含以上有電梯),住家用,1080506.0,104.62,2,1,1,有,有,19980000,234285.0,坡道平面,30.01,2500000,其他增建；,RPUNMLLMPHIGFCA97DA,40.1,3.95,3.71,有,835.0,4.0
中山區,房地(土地+建物)+車位,敬業三路１６２巷２５號三樓,47.09,住,,,1120728,土地1建物1車位1,三層,十二層,住宅大樓(11層含以上有電梯),住家用,890628.0,155.75,3,2,2,有,有,32550000,208989.0,坡道平面,0.0,0,陽台外推；其他增建；,RPTOMLLJRHIGFCA87DA,77.91,0.0,8.1,有,,23.0
中山區,房地(土地+建物)+車位,敬業三路１６１巷５９號,92.01,住,,,1120717,土地1建物2車位2,一層,九層,華廈(10層含以下有電梯),住家用,921211.0,260.2,4,2,2,有,有,69180000,323006.0,坡道平面,64.6,6000000,陽台外推；,RPROMLOJRHIGFCA97DA,122.75,3.65,15.92,有,836.0,20.0
士林區,房地(土地+建物),天母北路８７巷２弄１５號四樓,29.8,住,,,1120719,土地2建物1車位0,四層,五層,公寓(5樓含以下無電梯),住家用,661124.0,105.27,3,2,2,有,無,15600000,148190.0,,0.0,0,陽台外推；其他增建；,RPTOMLKKQHIGFEA97DA,97.89,0.0,7.38,無,,46.0
北投區,房地(土地+建物),幽雅路７號十二樓之７,7.88,,,,1120718,土地1建物1車位0,十二層,十三層,住宅大樓(11層含以上有電梯),住家用,980205.0,48.8,1,1,1,有,有,7500000,153689.0,,0.0,0,陽台外推；,RPRNMLPLQHIGFEA28DA,24.92,1.13,4.76,有,838.0,14.0
內湖區,房地(土地+建物),南京東路六段１４８號三樓之１,19.79,住,,,1120708,土地1建物1車位0,三層,十二層,住宅大樓(11層含以上有電梯),住家用,951205.0,92.31,2,2,1,有,有,21500000,232911.0,,0.0,0,陽台外推；其他增建；,RPWPMLPKQHIGFCA68DA,55.29,0.0,6.3,有,,17.0
大安區,房地(土地+建物),和平東路二段２６５巷２９之１號三樓,40.64,住,,,1120702,土地1建物1車位0,三層,六層,華廈(10層含以下有電梯),住家用,710204.0,190.64,5,2,2,有,有,38360000,201217.0,,0.0,0,陽台外推；其他增建；,RPOOMLSJQHIGFFA28DA,118.86,0.0,39.78,有,,41.0
文山區,房地(土地+建物)+車位,福興路１０６巷２８弄５號四樓,15.86,住,,,1120718,土地2建物1車位1,四層,十二層,住宅大樓(11層含以上有電梯),住家用,981202.0,106.36,2,2,1,有,有,16050000,150903.0,坡道平面,0.0,1800000,,RPTNMLOJRHIGFAA97EA,42.19,1.46,3.92,有,,14.0
大安區,房地(土地+建物),和平東路三段４００號四樓,29.44,住,,,1120712,土地1建物1車位0,四層,五層,公寓(5樓含以下無電梯),住家用,680704.0,98.92,3,2,2,有,無,19380000,195916.0,,0.0,0,其他增建；,RPQOMLRKQHIGFFA48DA,90.28,0.0,8.64,無,,44.0
中山區,房地(土地+建物)+車位,新生北路二段２８巷５號十三樓,19.88,,,,1120725,土地1建物1車位2,十三層,十五層,住宅大樓(11層含以上有電梯),住家用,780517.0,222.91,4,2,2,有,有,44000000,197389.0,坡道平面,0.0,6000000,增建項目：陽台外推、陽台增建,RPPOMLSJQHIGFCA08DA,173.87,1.2,15.05,有,844.0,34.0
大安區,房地(土地+建物),仁愛路三段１２３巷３弄８號,31.3,住,,,1120713,土地2建物1車位0,一層,七層,華廈(10層含以下有電梯),住家用,670203.0,163.47,3,2,2,有,有,56800000,347464.0,,0.0,0,其他增建；,RPUNMLTKPHIGFFA88DA,122.91,18.24,0.0,有,,45.0
大安區,房地(土地+建物),浦城街６巷２４號三樓,11.88,住,,,1120723,土地1建物1車位0,三層,十層,華廈(10層含以下有電梯),住家用,961219.0,45.4,1,1,1,有,有,17200000,378855.0,,0.0,0,夾層；其他增建；,RPTPMLRKQHIGFFA88DA,26.92,0.0,5.09,有,846.0,16.0
萬華區,房地(土地+建物),寶興街１４０巷３５號四樓,28.75,住,,,1120703,土地1建物1車位0,四層,五層,公寓(5樓含以下無電梯),住家用,661108.0,120.01,3,2,2,有,無,15500000,129156.0,,0.0,0,陽台外推；,RPRNMLLLPHIGFBA47DA,102.44,0.0,17.57,無,,46.0
內湖區,房地(土地+建物),安泰街５１巷５號二樓,22.74,住,,,1120728,土地1建物1車位0,二層,五層,公寓(5樓含以下無電梯),住家用,730706.0,84.35000000000001,3,2,1,有,無,11500000,136337.0,,0.0,0,,RPRPMLOJRHIGFCA08DA,69.78,0.0,5.81,無,848.0,39.0
士林區,房地(土地+建物),福志路１８號五樓,30.46,住,,,1120730,土地1建物1車位0,五層,五層,公寓(5樓含以下無電梯),住家用,720819.0,141.78,4,2,3,有,無,18850000,132952.0,,0.0,0,陽台外推；其他增建；,RPVOMLQKQHIGFEA78DA,100.13,20.41,7.35,無,,40.0
士林區,房地(土地+建物),雨農路８０號五樓,50.18,住,,,1120723,土地1建物1車位0,五層,十二層,住宅大樓(11層含以上有電梯),住家用,940505.0,221.04,3,2,2,有,有,35000000,158342.0,,0.0,0,其他增建；,RPRNMLLLQHIGFEA87DA,116.76,0.0,11.27,有,,18.0
內湖區,房地(土地+建物)+車位,東湖路１１３巷５０號四樓之１,18.06,住,,,1120728,土地1建物1車位1,四層,十層,華廈(10層含以下有電梯),住家用,850308.0,102.09,2,2,1,有,有,19000000,186110.0,坡道平面,0.0,2500000,陽台外推；其他增建；,RPOPMLLJQHIGFCA37DA,44.44,3.48,5.16,有,,27.0
內湖區,房地(土地+建物)+車位,文湖街２１巷８０號四樓,40.42,住,,,1120722,土地1建物1車位1,四層,九層,華廈(10層含以下有電梯),住家用,950504.0,174.39999999999998,3,2,2,有,有,35000000,237417.0,坡道平面,37.51,2500000,陽台外推；,RPPQMLLJQHIGFCA57DA,87.69,1.5,9.38,有,849.0,17.0
信義區,房地(土地+建物)+車位,吳興街２８４巷５９弄１１號十二樓,48.85,住,,,1120726,土地1建物1車位2,十二層,十三層,住宅大樓(11層含以上有電梯),住家用,970128.0,311.15,3,2,3,有,有,54100000,245956.0,坡道平面,116.4,6200000,其他增建：機房增建。停車位編號第36號，金額320萬元整；停車位編號第42號，金額300萬元整。車位交易價格：車位編號地下一樓36號新台幣320萬元正，地下一樓42號新台幣300萬元正。陽台外推；其他增建；,RPWOMLRJQHIGFDA78DA,123.43,7.14,13.65,有,,15.0
信義區,房地(土地+建物)+車位,虎林街２３５號四樓,24.37,住,,,1120731,土地1建物1車位1,四層,七層,華廈(10層含以下有電梯),住家用,800702.0,144.92000000000002,4,2,2,有,有,28000000,193223.0,升降平面,26.47,0,陽台外推；其他增建；,RPSNMLOJRHIGFDA08DA,120.71,1.11,11.55,有,,32.0
北投區,房地(土地+建物),西安街一段２９９巷２７號三樓,22.5,住,,,1120717,土地2建物1車位0,三層,四層,公寓(5樓含以下無電梯),住家用,610818.0,57.19,3,1,2,有,無,12800000,223815.0,,0.0,0,,RPVNMLPJRHIGFEA68EA,51.96,0.0,5.23,無,850.0,51.0
萬華區,房地(土地+建物),中華路二段４９８巷１１號十二樓,16.78,住,,,1120726,土地1建物1車位0,十二層,十二層,住宅大樓(11層含以上有電梯),住家用,680403.0,59.84,2,1,1,有,有,10800000,180481.0,,0.0,0,,RPTOMLOJRHIGFBA08DA,52.57,0.0,7.27,有,,44.0
文山區,房地(土地+建物),景華街１４７巷１弄１１號,23.25,住,,,1120707,土地3建物1車位0,一層，平台,四層,公寓(5樓含以下無電梯),住家用,650319.0,65.35,2,2,1,有,無,13100000,200459.0,,0.0,0,其他增建；,RPXPMLMKPHIGFAA18DA,65.35,0.0,0.0,無,,47.0
中正區,房地(土地+建物),汀州路二段２３１號四樓之３,20.6,住,,,1120716,土地1建物1車位0,四層,七層,華廈(10層含以下有電梯),住家用,700310.0,106.42,3,2,2,有,無,19000000,178538.0,,0.0,0,陽台外推；其他增建；,RPQOMLTKPHIGFAA08DA,62.89,0.0,31.43,有,,42.0
士林區,房地(土地+建物),明溪街３５巷１號二樓,92.0,住,,,1120713,土地1建物1車位0,二層,四層,公寓(5樓含以下無電梯),住家用,650103.0,103.75,3,2,2,有,無,11750000,113253.0,,0.0,0,,RPROMLOJRHIGFEA18DA,103.75,0.0,0.0,無,,48.0
士林區,房地(土地+建物),文林路５９４巷１８號五樓,26.21,住,,,1120726,土地1建物1車位0,五層,五層,公寓(5樓含以下無電梯),住家用,710716.0,105.94,4,2,2,有,無,17680000,166887.0,,0.0,0,陽台外推；頂樓加蓋；其他增建；,RPXNMLQLPHIGFEA88DA,74.53,0.0,16.77,無,,41.0
內湖區,房地(土地+建物),行善路２５巷３６號六樓,49.24,住,,,1120703,土地1建物1車位0,六層,八層,華廈(10層含以下有電梯),住家用,860526.0,129.84,3,2,2,有,有,24980000,192391.0,,0.0,0,陽台外推；其他增建；,RPQNMLKLPHIGFCA37DA,74.88,0.0,8.44,有,,26.0
士林區,房地(土地+建物),通河西街一段９６號,30.75,住,,,1120716,土地1建物1車位0,一層,四層,公寓(5樓含以下無電梯),住家用,580301.0,85.91,0,1,0,有,無,17000000,197882.0,,0.0,0,其他增建；,RPRNMLKKQHIGFEA67DA,85.91,0.0,0.0,無,,54.0
北投區,房地(土地+建物),富貴一路１２號六樓,28.59,住,,,1120715,土地1建物1車位0,六層,九層,華廈(10層含以下有電梯),住家用,771118.0,190.79,4,2,2,有,有,34500000,180827.0,,0.0,0,陽台外推；,RPROMLPLPHIGFEA28DA,154.6,0.0,15.57,有,,35.0
信義區,房地(土地+建物),信義路五段１５０巷４９９號十一樓之８,11.82,住,,,1120731,土地1建物1車位0,十一層,十六層,住宅大樓(11層含以上有電梯),住家用,851209.0,57.63,1,1,1,有,有,12000000,208225.0,,0.0,0,陽台外推；其他增建；,RPPNMLNJRHIGFDA67DA,32.2,2.9,3.24,有,,27.0
中山區,房地(土地+建物),農安街１３８之１號七樓,13.85,住,,,1120708,土地1建物2車位0,七層,七層,華廈(10層含以下有電梯),住家用,720427.0,73.7,5,2,3,有,無,17000000,230665.0,,0.0,0,陽台外推；頂樓加蓋；,RPWOMLMKPHIGFCA18DA,50.32,0.0,9.88,有,,40.0
中正區,房地(土地+建物)+車位,重慶南路三段６３號八樓,16.16,住,,,1120729,土地1建物1車位1,八層,十一層,住宅大樓(11層含以上有電梯),住家用,1020304.0,127.71,2,2,1,有,有,24800000,254151.0,升降平面,39.18,2300000,夾層；其他增建；,RPQNMLQKQHIGFAA77DA,49.28,6.2,3.67,有,856.0,10.0
內湖區,房地(土地+建物)+車位,內湖路二段１０３巷１００弄１１號九樓之１,51.49,住,,,1120713,土地5建物1車位1,九層,十層,華廈(10層含以下有電梯),住家用,850423.0,191.3,4,2,2,有,有,33600000,175640.0,坡道平面,0.0,0,,RPOOMLLLQHIGFCA47DA,136.13,4.84,13.47,有,,27.0
內湖區,房地(土地+建物)+車位,民權東路六段１９０巷１１７弄４９號五樓,51.77,住,,,1120723,土地1建物1車位1,五層,五層,華廈(10層含以下有電梯),住家用,991103.0,127.81,2,2,1,有,有,23680000,185275.0,坡道機械,17.19,0,其他增建；,RPOPMLRJQHIGFCA97DA,59.42,10.78,5.18,有,,13.0
信義區,房地(土地+建物)+車位,吳興街３２０巷５９號五樓,27.52,住,,,1120716,土地1建物1車位1,五層,六層,華廈(10層含以下有電梯),住家用,791113.0,167.79999999999998,4,2,2,有,無,25500000,151967.0,升降平面,27.03,0,陽台外推；,RPTOMLPJRHIGFDA38DA,130.03,0.67,8.78,有,,33.0
信義區,房地(土地+建物),中坡南路８６號三樓,36.12,住,,,1120721,土地1建物1車位0,三層,五層,公寓(5樓含以下無電梯),住家用,720603.0,135.92000000000002,4,2,2,有,無,24880000,183049.0,,0.0,0,其他增建；,RPQOMLLKQHIGFDA67DA,95.41,0.0,12.4,無,858.0,40.0
萬華區,房地(土地+建物),萬大路４８６巷３７弄６８號,18.5,住,,,1120720,土地1建物1車位0,一層,四層,公寓(5樓含以下無電梯),住家用,580613.0,55.94,2,0,2,有,無,9300000,166250.0,,0.0,0,其他增建；,RPTOMLPJRHIGFBA18DA,55.94,0.0,0.0,無,,54.0
信義區,房地(土地+建物)+車位,永吉路２２５巷７弄７號五樓之２,16.93,住,,,1120730,土地1建物1車位1,五層,十二層,住宅大樓(11層含以上有電梯),住家用,1111111.0,135.35,2,1,1,有,有,33980000,307970.0,坡道平面,35.73,3300000,,RPXNMLKMQHIGFDA38DA,57.72,5.55,4.79,有,,1.0
內湖區,房地(土地+建物),文德路２１０巷３０弄１０２號十樓之３,15.49,住,,,1120709,土地1建物1車位0,十層,十四層,住宅大樓(11層含以上有電梯),住家用,911031.0,92.22,2,2,1,有,有,24500000,265669.0,,0.0,0,陽台外推；,RPUOMLOKQHIGFCA28DA,54.39,0.0,8.92,有,,21.0
士林區,房地(土地+建物),中山北路七段３８巷１２弄４之４號三樓,33.21,住,,,1120730,土地1建物1車位0,三層,五層,公寓(5樓含以下無電梯),住家用,670905.0,93.76,3,2,2,有,無,15000000,159983.0,,0.0,0,陽台外推；,RPTNMLQJRHIGFEA58EA,81.88,0.0,11.88,無,,45.0
士林區,房地(土地+建物)+車位,延平北路六段３９２巷６號九樓之８,11.05,住,,,1120721,土地1建物1車位1,九層,十一層,住宅大樓(11層含以上有電梯),住家用,950215.0,75.15,2,1,1,有,有,9200000,122422.0,坡道平面,28.16,0,夾層；,RPTPMLLJRHIGFEA18DA,28.87,2.0,2.75,有,,17.0
內湖區,房地(土地+建物),康寧路三段９９巷６弄２號五樓,28.8,住,,,1120719,土地1建物1車位0,五層,五層,公寓(5樓含以下無電梯),住家用,741030.0,107.02,3,2,2,有,無,16150000,150906.0,,0.0,0,陽台外推；頂樓加蓋；,RPVNMLLMPHIGFCA08DA,87.96,0.0,10.15,無,,38.0
南港區,房地(土地+建物)+車位,街３６號四樓之３,22.36,住,,,1120726,土地1建物1車位1,四層,十二層,住宅大樓(11層含以上有電梯),住家用,1000414.0,169.23000000000002,3,2,2,有,有,39380000,272459.0,坡道平面,33.87,2500000,,RPQNMLQJRHIGFDA18EA,80.77,7.41,5.74,有,,12.0
大安區,房地(土地+建物),基隆路三段２０之１號二樓,30.75,住,,,1120730,土地1建物1車位0,二層,五層,公寓(5樓含以下無電梯),住家用,,113.49,8,0,8,有,無,24250000,213675.0,,0.0,0,陽台外推；其他增建；,RPVNMLNLQHIGFFA58DA,97.35,0.0,16.14,無,861.0,
北投區,房地(土地+建物),溫泉路６８巷６弄６號七樓之１,27.1,住,,,1120703,土地1建物1車位0,七層,十一層,住宅大樓(11層含以上有電梯),住家用,1051109.0,129.99,3,2,2,有,有,24720000,190168.0,,0.0,0,,RPSNMLQJRHIGFEA48EA,72.16,5.63,7.2,有,,7.0
大安區,房地(土地+建物),敦化南路一段１７７巷２６號五樓,16.72,住,,,1120713,土地1建物1車位0,五層,七層,華廈(10層含以下有電梯),住家用,1021003.0,109.26,1,1,1,有,有,45500000,416438.0,,0.0,0,,RPQNMLQJRHIGFFA38EA,64.72,5.42,0.0,有,862.0,10.0
文山區,房地(土地+建物),景隆街３６巷２之３號三樓,22.26,,,,1120703,土地2建物1車位0,三層,十四層,住宅大樓(11層含以上有電梯),住家用,820410.0,129.5,3,2,2,有,有,21550000,166409.0,,0.0,0,其他增建；,RPSNMLQLPHIGFAA97DA,98.41,7.15,9.56,有,,30.0
中山區,房地(土地+建物),北安路５７８巷８弄９號二樓,32.21,住,,,1120715,土地1建物1車位0,二層,五層,公寓(5樓含以下無電梯),住家用,710201.0,129.29,4,2,2,有,無,27800000,215020.0,,0.0,0,陽台外推；,RPTOMLTLQHIGFCA78DA,91.38,0.0,25.35,無,,41.0
中山區,房地(土地+建物),龍江路４１５巷７號四樓,28.1,住,,,1120725,土地1建物1車位0,四層,五層,公寓(5樓含以下無電梯),住家用,680910.0,118.25,3,2,2,有,無,23400000,197886.0,,0.0,0,陽台外推；,RPWNMLQJRHIGFCA58DA,103.64,0.0,14.61,無,,44.0
內湖區,房地(土地+建物)+車位,內湖路三段７２巷６３號四樓之１,32.91,住,,,1120709,土地1建物1車位1,四層,十六層,住宅大樓(11層含以上有電梯),住家用,830729.0,175.35,3,2,2,有,有,29200000,197939.0,坡道平面,40.45,2500000,陽台外推；,RPUNMLQJRHIGFCA48EA,148.06,1.44,9.62,有,867.0,29.0
萬華區,房地(土地+建物),青年路３０巷１０號十一樓之１,22.05,住,,,1120722,土地1建物1車位0,十一層,十二層,住宅大樓(11層含以上有電梯),住家用,760316.0,104.73,3,2,2,有,有,18200000,173780.0,,0.0,0,陽台外推；,RPWQMLLLQHIGFBA38DA,70.63,0.0,10.72,有,,36.0
松山區,房地(土地+建物),光復南路３３巷２０弄５號二樓,23.29,住,,,1120730,土地1建物1車位0,二層,四層,公寓(5樓含以下無電梯),住家用,610609.0,79.21,2,2,1,有,無,16000000,201995.0,,0.0,0,,RPQNMLNKQHIGFDA77DA,69.42,0.0,9.79,無,,51.0
士林區,房地(土地+建物)+車位,忠誠路一段１６巷２３號,10.87,住,,,1120730,土地2建物1車位1,一層,五層,華廈(10層含以下有電梯),住家用,840921.0,50.47,1,0,1,有,有,12260000,242917.0,坡道平面,0.0,2500000,其他增建；,RPROMLOLQHIGFEA28DA,21.23,3.56,0.0,有,,28.0
內湖區,房地(土地+建物)+車位,文湖街２１巷９４弄８號三樓,24.53,住,,,1120729,土地1建物1車位1,三層,五層,華廈(10層含以下有電梯),住家用,850110.0,108.04,3,2,2,有,無,22880000,211773.0,塔式車位,0.0,0,陽台外推；夾層；其他增建；,RPRNMLRKQHIGFCA18DA,60.47,4.99,6.56,有,869.0,28.0
文山區,房地(土地+建物),福興路８２巷１弄１５號四樓,32.9,住,,,1120718,土地3建物1車位0,四層,五層,公寓(5樓含以下無電梯),住家用,720905.0,88.34,3,2,1,有,無,11500000,130179.0,,0.0,0,陽台外推；其他增建；,RPXNMLSLPHIGFAA68DA,80.21,0.0,4.51,無,,40.0
文山區,房地(土地+建物),保儀路１０９巷３弄３０號三樓,21.69,住,,,1120716,土地1建物1車位0,三層，陽台,四層,公寓(5樓含以下無電梯),住家用,660105.0,83.73,3,2,1,有,無,12300000,146901.0,,0.0,0,其他增建；,RPPNMLQJRHIGFAA67DA,83.73,0.0,0.0,無,870.0,47.0
士林區,房地(土地+建物),忠誠路一段１６巷２３之１號,12.07,住,,,1120730,土地2建物1車位0,一層,五層,華廈(10層含以下有電梯),住家用,840921.0,38.94,1,1,0,有,有,11000000,282486.0,,0.0,0,其他增建；,RPSOMLOLQHIGFEA38DA,23.53,3.56,0.0,有,871.0,28.0
內湖區,房地(土地+建物),星雲街１６８巷３５號二樓之２,10.36,住,,,1120718,土地1建物1車位0,二層,二十一層,住宅大樓(11層含以上有電梯),住家用,860124.0,59.88,1,1,1,有,有,13700000,228791.0,,0.0,0,,RPTNMLTLQHIGFCA68DA,33.16,2.17,3.77,有,,26.0
文山區,房地(土地+建物),育英街３１巷４０弄６號三樓,28.25,住,,,1120606,土地1建物1車位0,三層，陽台,四層,公寓(5樓含以下無電梯),住家用,610418.0,80.62,3,1,1,有,無,10680000,132473.0,,0.0,0,,RPQNMLPKOHIGFAA57EA,80.62,0.0,0.0,無,,51.0
內湖區,房地(土地+建物),民權東路六段４７巷１２號三樓,20.38,住,,,1120601,土地1建物1車位0,三層,五層,公寓(5樓含以下無電梯),住家用,721122.0,75.0,2,2,1,有,無,12000000,160000.0,,0.0,0,,RPPNMLLJOHIGFCA07DA,64.46,0.0,5.67,無,,40.0
北投區,房地(土地+建物)+車位,中央北路二段４２巷１１弄６號四樓,60.2,住,,,1120609,土地1建物1車位1,四層，五層,五層,華廈(10層含以下有電梯),住家用,800111.0,226.51,4,2,2,有,無,31500000,139067.0,坡道平面,28.46,0,夾層；其他增建；,RPPOMLOKOHIGFEA77DA,174.07,23.57,9.97,有,,32.0
中山區,房地(土地+建物)+車位,明水路５８１巷１２弄９號十三樓,103.15,住,,,1120608,土地1建物1車位3,十三層，十四層,十四層,住宅大樓(11層含以上有電梯),住家用,920310.0,617.94,5,2,5,有,有,161000000,302076.0,坡道平面,109.79,7500000,陽台外推；其他增建；,RPPOMLSJOHIGFCA87DA,264.49,5.45,26.61,有,,20.0
中正區,房地(土地+建物)+車位,重慶南路三段４１號十二樓,49.45,住,,,1120606,土地2建物1車位4,十二層,二十一層,住宅大樓(11層含以上有電梯),住家用,1100915.0,387.01,3,2,2,有,有,114800000,442843.0,坡道平面,156.68,12800000,,RPWNMLRJOHIGFAA18DA,126.43,10.64,13.55,有,,2.0
大安區,房地(土地+建物)+車位,仁愛路三段１１１號十樓,60.61,住,,,1120605,土地4建物1車位6,十層,二十一層,住宅大樓(11層含以上有電梯),住家用,1010531.0,829.5999999999999,1,1,1,有,有,396800000,626516.0,坡道平面,244.14,30000000,,RPUNMLPKOHIGFFA38DA,303.91,24.22,38.65,有,,11.0
大安區,房地(土地+建物)+車位,建國南路二段５７號二十五樓,65.7,住,,,1120602,土地2建物1車位3,二十五層,三十一層,住宅大樓(11層含以上有電梯),住家用,1070802.0,567.9200000000001,0,0,0,無,有,415400000,837926.0,坡道平面,90.67,15500000,,RPSNMLOKOHIGFFA08DA,251.24,8.23,33.9,有,,5.0
大安區,房地(土地+建物)+車位,建國南路二段５５號二十五樓,67.16,住,,,1120602,土地2建物1車位2,二十五層,三十一層,住宅大樓(11層含以上有電梯),住家用,1070802.0,554.6,0,0,0,無,有,423380000,837944.0,坡道平面,61.87,10500000,,RPRNMLOKOHIGFFA97DA,251.95,6.45,44.64,有,,5.0
內湖區,房地(土地+建物)+車位,內湖路二段１０３巷１６號十九樓,101.64,住,,,1120607,土地1建物1車位4,十九層,二十六層,住宅大樓(11層含以上有電梯),住家用,1070619.0,684.0,3,2,4,有,有,230000000,415268.0,坡道平面,159.52,12200000,,RPQOMLNKOHIGFCA57DA,279.42,2.0,44.73,有,,5.0
信義區,房地(土地+建物)+車位,松德路２００巷５３號八樓,122.31,住,,,1120608,土地1建物1車位4,八層,十六層,住宅大樓(11層含以上有電梯),住家用,1061128.0,763.5,3,2,4,有,有,344112456,583839.0,坡道平面,208.36,20000000,依公司法第131條第3項及第272條之適用辦理移轉登記,RPVNMLTJOHIGFDA58DA,295.35,6.82,37.42,有,933.0,6.0
士林區,房地(土地+建物),中山北路五段７５１巷１３號,52.75,,,,1120606,土地2建物1車位0,一層,四層,公寓(5樓含以下無電梯),住家用,621226.0,119.07,3,2,2,有,無,28000000,235156.0,,0.0,0,,RPSNMLQKOHIGFEA18DA,119.07,0.0,0.0,無,,49.0
北投區,房地(土地+建物)+車位,公路２２８巷１１３號四樓,21.58,住,,,1120601,土地1建物1車位1,四層,七層,華廈(10層含以下有電梯),住家用,1070918.0,100.92,2,1,1,有,有,19200000,203402.0,塔式車位,13.9,1500000,陽台外推；其他增建；,RPTNMLRKOHIGFEA38DA,44.32,4.58,4.63,有,,5.0
信義區,房地(土地+建物)+車位,紫雲街６６號十二樓,751.91,住,,,1120602,土地2建物2車位2,十二層,十五層,住宅大樓(11層含以上有電梯),住家用,800723.0,786.0699999999999,7,2,4,有,有,142000000,180645.0,坡道平面,0.0,0,,RPPNMLMJOHIGFDA27DA,679.05,11.71,65.17,有,,32.0
大安區,房地(土地+建物)+車位,泰順街６０巷１８弄９號二樓,23.52,住,,,1120602,土地1建物1車位1,二層,七層,華廈(10層含以下有電梯),住家用,1010309.0,107.72,2,2,1,有,有,35800000,360507.0,塔式車位,15.35,2500000,,RPQNMLQJOHIGFFA97DA,56.37,1.77,7.03,有,949.0,11.0
文山區,房地(土地+建物),辛亥路五段４３號三樓,41.29,住,,,1120603,土地4建物1車位0,三層,五層,公寓(5樓含以下無電梯),住家用,740709.0,110.19,3,2,2,有,無,15000000,136129.0,,0.0,0,預售屋、或土地及建物分件登記案件；,RPXNMLTKOHIGFAA58DA,95.01,0.0,15.18,無,,38.0
士林區,房地(土地+建物),中山北路七段１４巷３１弄１０號二樓,23.67,住,,,1120610,土地1建物1車位0,二層,六層,華廈(10層含以下有電梯),住家用,751103.0,105.62,2,2,2,有,無,23000000,217762.0,,0.0,0,陽台外推；其他增建；,RPROMLQKOHIGFEA18DA,82.13,0.0,11.38,有,955.0,37.0
信義區,房地(土地+建物)+車位,吳興街６００巷１２６號十九樓,48.3,住,,,1120606,土地1建物1車位4,十九層，屋頂突出物,十九層,住宅大樓(11層含以上有電梯),住家用,990122.0,391.63,3,3,3,有,有,74580000,190435.0,坡道機械,0.0,0,陽台外推；其他增建；,RPTNMLLLOHIGFDA77DA,171.32,19.54,5.94,有,956.0,13.0
南港區,房地(土地+建物),南港路二段８６巷９弄７號二樓,30.68,住,,,1120616,土地2建物1車位0,二層,五層,公寓(5樓含以下無電梯),住家用,730211.0,79.54,4,2,2,有,無,16200000,203671.0,,0.0,0,1.建物有氯離子超標的情況。2.移轉買賣標的權利範圍為專有部分的2/3，共有人確已放棄其優先購買權。陽台外推；瑕疵物件；含租約；,RPXNMLQLOHIGFDA68DA,62.43,0.0,14.13,無,958.0,39.0
信義區,房地(土地+建物),信義路五段１５０巷３３０號十樓之１,13.68,住,,,1120602,土地1建物1車位0,十層,十三層,住宅大樓(11層含以上有電梯),住家用,980408.0,98.62,2,2,2,有,有,27000000,273778.0,,0.0,0,,RPSNMLKLOHIGFDA57DA,52.33,7.89,3.64,有,,14.0
北投區,房地(土地+建物),溫泉路５８巷１６號四樓,35.62,住,,,1120604,土地2建物1車位0,四層,五層,公寓(5樓含以下無電梯),住家用,680712.0,99.71,3,2,2,有,無,9400000,94273.0,,0.0,0,,RPRNMLQLOHIGFEA18DA,84.63,0.0,15.08,無,961.0,44.0
南港區,房地(土地+建物)+車位,街４２號十樓,23.22,住,,,1120606,土地1建物1車位1,十層,十二層,住宅大樓(11層含以上有電梯),住家用,1000414.0,173.03,3,2,2,有,有,42880000,247818.0,坡道平面,34.0,0,,RPOOMLRLOHIGFDA97DA,79.64,7.57,9.73,有,,12.0
北投區,房地(土地+建物),裕民六路１１４巷１７弄２之２號,23.23,住,,,1120604,土地1建物1車位0,一層,五層,公寓(5樓含以下無電梯),住家用,661117.0,79.17999999999999,3,2,2,有,無,19600000,247537.0,,0.0,0,其他增建；,RPPNMLMKOHIGFEA47DA,62.12,10.7,0.0,無,,46.0
士林區,房地(土地+建物),通河西街二段１０７之１號,40.25,住,,,1120614,土地1建物1車位0,三層，陽台,四層,公寓(5樓含以下無電梯),住家用,641210.0,93.43,3,1,1,有,無,11000000,117735.0,,0.0,0,,RPPNMLPKOHIGFEA77DA,93.43,0.0,0.0,無,975.0,48.0
文山區,房地(土地+建物)+車位,興隆路三段３０４巷３２之１７號五樓,38.15,住,,,1120609,土地2建物1車位2,五層,七層,華廈(10層含以下有電梯),住家用,1030314.0,252.19,4,2,2,有,有,30500000,144264.0,坡道平面,62.26,3100000,,RPOOMLMKOHIGFAA07DA,93.62,19.0,7.46,有,,9.0
信義區,房地(土地+建物),虎林街１０４巷１６６號,38.0,住,,,1120614,土地1建物1車位0,全,三層,透天厝,住家用,520601.0,114.21,3,2,3,有,無,25740000,225374.0,,0.0,0,頂樓加蓋；,RPSOMLQLOHIGFDA28DA,114.21,0.0,0.0,無,,60.0
中山區,房地(土地+建物)+車位,民族東路１６８號二樓,58.57,住,,,1120605,土地1建物1車位2,二層，三層,六層,華廈(10層含以下有電梯),住家用,1030508.0,360.7999999999999,4,2,3,有,有,56000000,155211.0,坡道平面,65.4,0,,RPRNMLRLOHIGFCA18EA,166.66,8.7,23.59,有,982.0,9.0
士林區,房地(土地+建物)+車位,忠誠路一段１７１巷１２弄５號七樓,65.69,住,,,1120605,土地2建物2車位1,七層,十二層,住宅大樓(11層含以上有電梯),住家用,981231.0,206.38,4,2,2,有,有,51380000,248958.0,坡道平面,0.0,2800000,,RPTOMLPJOHIGFEA18DA,117.41,0.0,11.51,有,,13.0
大安區,房地(土地+建物),金山南路二段１３８號十一樓之１,11.59,住,,,1120602,土地1建物1車位0,十一層,十七層,住宅大樓(11層含以上有電梯),住家用,740225.0,105.8,3,2,2,有,有,30680000,289981.0,,0.0,0,陽台外推；,RPRNMLKLOHIGFFA67DA,75.01,0.0,14.78,有,,38.0
士林區,房地(土地+建物)+車位,中山北路七段６３巷９號十一樓,52.21,住,,,1120601,土地1建物1車位4,十一層,十二層,住宅大樓(11層含以上有電梯),住家用,950816.0,430.79,4,2,4,有,有,84000000,194995.0,坡道平面,160.2,0,陽台外推；其他增建；,RPOOMLRLOHIGFEA08DA,165.66,3.73,26.59,有,,17.0
文山區,房地(土地+建物),指南路二段４５巷２１弄１之２號,39.13,住,,,1120610,土地1建物1車位0,一層，二層,五層,公寓(5樓含以下無電梯),住家用,701007.0,129.65,4,2,2,有,無,22800000,175858.0,,0.0,0,陽台外推；其他增建；,RPTNMLSLOHIGFAA18DA,82.98,11.79,11.79,無,999.0,42.0
南港區,房地(土地+建物),玉成街７４號二樓,44.44,住,,,1120615,土地3建物1車位0,二層,五層,公寓(5樓含以下無電梯),住家用,750305.0,138.86,3,2,2,有,無,27000000,194440.0,,0.0,0,,RPTPMLRLLHIGFDA38EA,123.99,0.0,11.07,無,,37.0
士林區,房地(土地+建物),忠誠路二段５０巷１７號四樓,39.86,住,,,1120610,土地1建物1車位0,四層,五層,公寓(5樓含以下無電梯),住家用,710626.0,102.53,3,2,2,有,無,19000000,185312.0,,0.0,0,陽台外推；其他增建；,RPROMLOKOHIGFEA97DA,90.73,0.0,11.8,無,,41.0
士林區,房地(土地+建物),延平北路六段１９９巷１１號三樓,28.12,住,,,1120602,土地1建物1車位0,三層,四層,公寓(5樓含以下無電梯),住家用,650910.0,79.86,3,0,3,有,無,12500000,156524.0,,0.0,0,其他增建；,RPXNMLLLOHIGFEA28DA,70.95,0.0,8.91,無,1010.0,47.0
北投區,房地(土地+建物)+車位,溫泉路６８巷６弄８號九樓之１,29.09,住,,,1120618,土地1建物1車位1,九層,十一層,住宅大樓(11層含以上有電梯),住家用,1051109.0,178.22000000000003,3,2,2,有,有,31400000,203706.0,坡道平面,36.85,2600000,,RPPNMLTLOHIGFEA38EA,76.96,9.02,6.45,有,,7.0
南港區,房地(土地+建物)+車位,昆陽街１７８號,18.01,住,,,1120604,土地1建物1車位1,一層,十二層,住宅大樓(11層含以上有電梯),住家用,1091026.0,123.92,0,0,0,無,有,28750000,284185.0,坡道平面,33.31,3000000,毛胚屋；,RPXNMLLKOHIGFDA08DA,56.82,0.0,3.91,有,1016.0,3.0
文山區,房地(土地+建物),興隆路二段２２０巷５３弄３８號三樓,21.84,住,,,1120601,土地5建物1車位0,三層,五層,公寓(5樓含以下無電梯),住家用,680716.0,86.39,3,2,2,有,無,11900000,137747.0,,0.0,0,陽台外推；,RPSNMLTLOHIGFAA18DA,72.97,0.0,13.42,無,,44.0
南港區,房地(土地+建物),研究院路三段６８巷１０弄１０號三樓,12.52,住,,,1120604,土地1建物1車位0,三層,四層,公寓(5樓含以下無電梯),住家用,670801.0,64.5,2,1,1,有,無,9500000,147287.0,,0.0,0,廚房次臥其他增建；,RPOOMLQLOHIGFDA87DA,57.66,0.0,6.84,無,1026.0,45.0
文山區,房地(土地+建物),新光路一段１００號四樓,39.5,住,,,1120615,土地1建物1車位0,四層，陽台,四層,公寓(5樓含以下無電梯),住家用,,104.28,4,2,1,有,無,10800000,103567.0,,0.0,0,,RPRNMLKMOHIGFAA27DA,104.28,0.0,0.0,無,,
南港區,房地(土地+建物),南港路一段１７１巷２２號四樓,24.5,住,,,1120602,土地1建物1車位0,四層，陽台,四層,公寓(5樓含以下無電梯),住家用,640218.0,93.15,3,3,3,有,無,20350000,218465.0,,0.0,0,頂樓加蓋；具重建或重劃、都更等效益；,RPTOMLTKOHIGFDA58DA,93.15,0.0,0.0,無,1032.0,48.0
信義區,房地(土地+建物),忠孝東路五段２１５巷２３號二樓之３,12.1,住,,,1120606,土地1建物1車位0,二層,六層,華廈(10層含以下有電梯),住家用,831129.0,57.66,1,1,1,有,有,18300000,317378.0,,0.0,0,露臺遮雨棚增建其他增建；,RPQNMLTLOHIGFDA28DA,25.81,15.82,3.96,有,,29.0
北投區,房地(土地+建物),西安街二段３６７號八樓,36.6,住,,,1120601,土地1建物1車位0,八層,十一層,住宅大樓(11層含以上有電梯),住家用,820511.0,118.33,3,2,2,有,有,22200000,187611.0,,0.0,0,,RPWOMLSLOHIGFEA98DA,82.53,0.45,9.68,有,,30.0
大安區,房地(土地+建物)+車位,大安路二段８０號十八樓之１,27.74,住,,,1120606,土地1建物1車位1,十八層,二十一層,住宅大樓(11層含以上有電梯),住家用,1100831.0,203.27,3,2,2,有,有,81000000,462066.0,坡道平面,34.03,2800000,,RPUNMLQLOHIGFFA58DA,83.03,8.75,20.88,有,,2.0
中正區,房地(土地+建物),臨沂街６１巷１６之８號,51.0,住,,,1120609,土地1建物1車位0,一層,四層,公寓(5樓含以下無電梯),住家用,551221.0,135.13,4,2,2,有,無,40000000,296011.0,,0.0,0,朋友間特殊關係買賣,RPPNMLOKOHIGFBA37DA,135.13,0.0,0.0,無,,56.0
中山區,房地(土地+建物),新生北路三段１９巷５２號三樓,34.0,住,,,1120602,土地1建物1車位0,三層,四層,公寓(5樓含以下無電梯),住家用,630830.0,91.64,3,2,1,有,無,17000000,185509.0,,0.0,0,,RPPNMLKMOHIGFCA37EA,81.0,0.0,10.64,無,,49.0
信義區,房地(土地+建物),基隆路一段１４７巷５弄３２號三樓之１３,12.22,住,,,1120603,土地2建物1車位0,三層,六層,華廈(10層含以下有電梯),住家用,800903.0,39.59,1,1,1,有,有,11400000,287952.0,,0.0,0,前陽台外推。,RPTNMLTLOHIGFDA58DA,22.93,0.49,2.62,有,1057.0,32.0
文山區,房地(土地+建物)+車位,興隆路三段３０４巷３２之１３號四樓,31.88,住,,,1120609,土地2建物1車位1,四層,七層,華廈(10層含以下有電梯),住家用,1030314.0,199.47,3,2,2,有,有,25850000,144045.0,坡道平面,31.13,1600000,,RPVNMLKLOHIGFAA57DA,82.88,16.29,7.09,有,,9.0
文山區,房地(土地+建物),辛亥路四段１３０巷３號四樓,9.91,住,,,1120612,土地1建物1車位0,四層,八層,華廈(10層含以下有電梯),住家用,840727.0,36.31,1,1,1,有,有,7180000,197742.0,,0.0,0,其他增建；,RPPNMLKLOHIGFAA96DA,25.49,2.73,0.0,有,,28.0
南港區,房地(土地+建物)+車位,東新街１４８號五樓,30.64,住,,,1120607,土地3建物1車位1,五層,十五層,住宅大樓(11層含以上有電梯),住家用,990331.0,211.25,2,2,2,有,有,42500000,235530.0,坡道平面,41.42,2500000,,RPPNMLLLOHIGFDA47EA,103.95,0.0,10.49,有,1060.0,13.0
大安區,房地(土地+建物)+車位,永康街１７巷２號五樓,42.05,住,,,1120610,土地1建物1車位1,五層,七層,華廈(10層含以下有電梯),住家用,920919.0,186.57,3,2,2,有,有,66200000,354827.0,一樓平面,0.0,0,陽台外推；其他增建；,RPVNMLTLOHIGFFA98DA,96.49,2.29,15.35,有,,20.0
內湖區,房地(土地+建物)+車位,金湖路３２８之２號十二樓,37.22,,,,1120602,土地1建物1車位1,十二層,十二層,住宅大樓(11層含以上有電梯),住家用,910204.0,218.38,2,2,1,有,有,44940000,239220.0,坡道平面,40.97,2500000,,SPUNMLNJPHIGFCA97DA,121.64,4.63,12.26,有,,21.0
內湖區,房地(土地+建物)+車位,金湖路３２８之１號十二樓,37.22,住,,,1120602,土地1建物1車位1,十二層,十二層,住宅大樓(11層含以上有電梯),住家用,910204.0,218.38,4,2,2,有,有,44940000,239220.0,坡道平面,40.97,2500000,,RPUNMLNJPHIGFCA87DA,121.64,4.63,12.26,有,,21.0
大安區,房地(土地+建物),金山南路二段１０巷２５號七樓,10.06,住,,,1120604,土地1建物1車位0,七層,七層,華廈(10層含以下有電梯),住家用,1010806.0,44.47,1,1,1,有,有,19500000,438498.0,,0.0,0,陽台外推；其他增建；,RPSNMLQLOHIGFFA38DA,24.72,0.0,3.88,有,1068.0,11.0
士林區,房地(土地+建物),華齡街４０巷１６號三樓,33.6,住,,,1120604,土地1建物1車位0,三層,五層,公寓(5樓含以下無電梯),住家用,730502.0,117.41,3,2,2,有,無,19800000,168640.0,,0.0,0,其他增建；,RPTNMLPKOHIGFEA18DA,103.43,0.0,10.76,無,1069.0,39.0
士林區,房地(土地+建物)+車位,承德路四段５７之１號十一樓,29.55,住,,,1120615,土地1建物1車位1,十一層,十六層,住宅大樓(11層含以上有電梯),住家用,860115.0,164.68,3,2,2,有,有,31800000,193102.0,坡道平面,0.0,0,陽台外推；,RPSNMLNJPHIGFEA87DA,94.42,2.9,10.92,有,1074.0,26.0
大安區,房地(土地+建物),泰順街１６巷１６號六樓之２,14.99,住,,,1120617,土地1建物1車位0,六層,六層,華廈(10層含以下有電梯),住家用,960711.0,52.22,1,1,1,有,有,20540000,393336.0,,0.0,0,陽台外推；其他增建；,RPPNMLNLOHIGFFA77DA,18.65,1.07,10.87,有,1079.0,16.0
文山區,房地(土地+建物),試院路１４４巷４弄２６號,19.66,住,,,1120609,土地7建物1車位0,一層,七層,華廈(10層含以下有電梯),住家用,840303.0,56.21,2,0,2,有,有,7200000,128091.0,,0.0,0,平台其他增建；,RPSNMLTKOHIGFAA08DA,19.01,21.87,0.0,有,1080.0,28.0
信義區,房地(土地+建物),忠孝東路五段７９０巷６８弄８號三樓,35.0,住,,,1120616,土地1建物1車位0,三層，陽台,四層,公寓(5樓含以下無電梯),住家用,631001.0,100.24,3,2,1,有,無,18000000,179569.0,,0.0,0,,RPTQMLRLLHIGFDA48EA,100.24,0.0,0.0,無,,49.0
松山區,房地(土地+建物),敦化南路一段８０巷２９號三樓,48.5,住,,,1120621,土地1建物1車位0,三層，陽台,四層,公寓(5樓含以下無電梯),住家用,,127.98,3,2,2,有,無,27650000,216049.0,,0.0,0,,RPTNMLPJPHIGFDA18EA,127.98,0.0,0.0,無,,
北投區,房地(土地+建物),泉源路３９之２７號二樓,7.88,住,,,1120618,土地1建物1車位0,二層,七層,公寓(5樓含以下無電梯),住家用,701021.0,37.89,1,0,1,有,無,3800000,100290.0,,0.0,0,陽台加窗其他增建；,RPVNMLTLOHIGFEA88DA,26.0,0.0,3.1,無,,42.0
松山區,房地(土地+建物),敦化北路２２２巷１１號三樓,27.21,住,,,1120611,土地2建物1車位0,三層,七層,華廈(10層含以下有電梯),住家用,720104.0,135.76,4,2,2,有,有,34500000,254125.0,,0.0,0,陽台外推；,RPTOMLOKOHIGFDA08DA,94.72,0.0,22.49,有,,40.0
文山區,房地(土地+建物)+車位,木新路三段８５號十四樓,32.03,住,,,1120611,土地1建物1車位2,十四層,十五層,住宅大樓(11層含以上有電梯),住家用,1020910.0,247.97000000000003,3,2,2,有,有,35500000,143168.0,坡道平面,93.8,0,,RPVNMLNJPHIGFAA77DA,89.61,10.19,6.81,有,1101.0,10.0
大安區,房地(土地+建物),復興南路二段１１１巷１７弄７號三樓,28.99,住,,,1120609,土地1建物1車位0,三層,七層,華廈(10層含以下有電梯),住家用,710921.0,148.29000000000002,3,2,2,有,有,40000000,269742.0,,0.0,0,,RPQNMLPJPHIGFFA08EA,120.17,0.0,16.69,有,,41.0
萬華區,房地(土地+建物),武成街３５巷７號四樓,41.1,住,,,1120602,土地1建物1車位0,四層,四層,公寓(5樓含以下無電梯),住家用,671123.0,98.86,4,3,2,有,無,13460000,136152.0,,0.0,0,陽台外推；頂樓加蓋；,RPVNMLRLOHIGFBA38DA,91.04,0.0,7.82,無,,45.0
內湖區,房地(土地+建物),文湖街２１巷９８弄６號二樓之６,10.54,住,,,1120603,土地1建物1車位0,二層,八層,華廈(10層含以下有電梯),住家用,970124.0,51.25,1,0,1,有,有,9680000,188878.0,,0.0,0,其他增建；,RPOTMLTJOHIGFCA38DA,28.71,4.76,0.0,有,1104.0,15.0
大安區,房地(土地+建物),忠孝東路三段２１７巷３弄１２之５號,42.0,住,,,1120601,土地1建物1車位0,六層,六層,華廈(10層含以下有電梯),住家用,600428.0,167.92,4,2,3,有,有,45000000,267985.0,,0.0,0,頂樓加蓋；,RPTNMLNJPHIGFFA08DA,151.11,0.0,16.81,有,,52.0
中山區,房地(土地+建物)+車位,松江路６９巷１１號五樓,15.37,住,,,1120611,土地1建物1車位1,五層,七層,華廈(10層含以下有電梯),住家用,1020903.0,89.58000000000001,2,1,1,有,有,26000000,290243.0,其他,12.01,0,,RPTPMLSLOHIGFCA58DA,41.67,3.19,4.52,有,1105.0,10.0
北投區,房地(土地+建物),崗山路１６之３號二樓,27.03,住,,,1120617,土地1建物1車位0,二層,五層,公寓(5樓含以下無電梯),住家用,690729.0,91.7,3,2,2,有,無,9500000,103599.0,,0.0,0,,RPOOMLTLOHIGFEA28DA,78.5,0.0,13.2,無,,43.0
士林區,房地(土地+建物),忠誠路二段１５４巷２３弄１之４號五樓,16.82,住,,,1120602,土地1建物1車位0,五層,五層,公寓(5樓含以下無電梯),住家用,681207.0,62.48,2,2,1,有,無,11000000,176056.0,,0.0,0,頂樓加蓋；,RPSNMLSLOHIGFEA48DA,56.06,0.0,6.42,無,,43.0
大安區,房地(土地+建物),師大路６８巷２５號四樓之１,6.71,住,,,1120604,土地1建物1車位0,四層,六層,華廈(10層含以下有電梯),住家用,960215.0,34.5,1,1,1,有,有,12500000,362319.0,,0.0,0,陽台外推；其他增建；,RPWNMLTLOHIGFFA09DA,12.6,0.3,4.04,有,,16.0
內湖區,房地(土地+建物),民權東路六段１９０巷６３弄２之１號,95.41,住,,,1120603,土地1建物1車位0,一層,五層,華廈(10層含以下有電梯),住家用,950227.0,196.29,4,2,2,有,有,61600000,313821.0,,0.0,0,本一樓住宅產品有寬廣之庭院專屬住戶使用,RPXOMLTKOHIGFCA88DA,130.11,3.2,13.34,有,,17.0
士林區,房地(土地+建物),忠義街１１７之３號,15.39,住,,,1120602,土地1建物1車位0,一層,七層,華廈(10層含以下有電梯),住家用,731205.0,73.81,0,0,0,無,有,25000000,338707.0,,0.0,0,平台外推、花台加蓋、外擴增建其他增建；,RPPNMLPJPHIGFEA87EA,60.28,3.51,0.0,有,1115.0,38.0
內湖區,房地(土地+建物)+車位,環山路二段２８之６號,49.49,住,,,1120602,土地2建物1車位1,一層,五層,華廈(10層含以下有電梯),住家用,1070928.0,96.34,2,2,1,有,有,20500000,242511.0,坡道機械,19.23,1800000,,RPTNMLNJPHIGFCA77DA,44.01,0.0,4.35,有,1117.0,5.0
文山區,房地(土地+建物),木柵路一段５９巷７弄４號三樓,43.69,住,,,1120615,土地1建物1車位0,三層,五層,公寓(5樓含以下無電梯),住家用,701223.0,135.14,5,1,2,有,無,17360000,128459.0,,0.0,0,陽台外推；其他增建；,RPWNMLNJPHIGFAA87DA,109.92,0.0,16.02,無,1123.0,41.0
南港區,房地(土地+建物),東明街１０２號四樓,31.46,住,,,1120609,土地1建物1車位0,四層,四層,公寓(5樓含以下無電梯),住家用,670509.0,90.84,4,0,4,有,無,16000000,176134.0,,0.0,0,陽台外推；,RPPNMLQKOHIGFDA77DA,77.71,0.0,13.13,無,,45.0
信義區,房地(土地+建物),虎林街６０巷１７號二樓,44.0,住,,,1120613,土地2建物1車位0,二層,四層,公寓(5樓含以下無電梯),住家用,611006.0,106.14,3,2,2,有,無,21500000,202563.0,,0.0,0,陽台外推；,RPPNMLQJPHIGFDA87EA,94.64,0.0,11.5,無,,51.0
松山區,房地(土地+建物),健康路２２５巷１１號七樓,27.45,住,,,1120606,土地2建物1車位0,七層,十二層,住宅大樓(11層含以上有電梯),住家用,811028.0,151.11,3,2,2,有,有,36430000,241083.0,,0.0,0,陽台外推；其他增建；,RPQNMLNJPHIGFDA57DA,101.67,0.0,12.05,有,1133.0,31.0
北投區,房地(土地+建物),清江路１９３之１號三樓,26.87,住,,,1120608,土地1建物1車位0,三層,四層,公寓(5樓含以下無電梯),住家用,660214.0,73.29,2,2,1,有,無,12300000,167826.0,,0.0,0,陽台外推；,RPUNMLRLOHIGFEA58DA,63.61,0.0,9.68,無,,46.0
信義區,房地(土地+建物)+車位,永吉路２２５巷９號二樓,15.37,住,,,1120613,土地1建物1車位1,二層,十二層,住宅大樓(11層含以上有電梯),住家用,1111111.0,127.45000000000002,2,2,1,有,有,27200000,257553.0,坡道平面,35.42,3500000,,RPRQMLRLLHIGFDA28EA,53.38,4.97,3.42,有,,1.0
士林區,房地(土地+建物),中山北路七段１９０巷２６弄１８號四樓,31.78,住,,,1120601,土地1建物1車位0,四層,七層,華廈(10層含以下有電梯),住家用,690130.0,170.02999999999997,4,2,2,有,有,23600000,138799.0,,0.0,0,,RPTOMLNJPHIGFEA08DA,147.26,0.0,19.38,有,,43.0
內湖區,房地(土地+建物)+車位,文德路２０８巷４２號十樓,27.23,住,,,1120606,土地1建物1車位1,十層,十一層,住宅大樓(11層含以上有電梯),住家用,831229.0,170.76,3,2,2,有,有,32880000,192551.0,坡道平面,42.95,0,其他增建；,RPVPMLRKOHIGFCA58DA,129.6,1.27,10.56,有,1135.0,28.0
中山區,房地(土地+建物),農安街７７巷１４號四樓,22.8,住,,,1120605,土地1建物1車位0,四層,五層,公寓(5樓含以下無電梯),住家用,730901.0,96.68,2,2,2,有,無,16000000,165494.0,,0.0,0,,RPTNMLQJPHIGFCA18EA,77.66,0.0,10.35,無,,39.0
內湖區,房地(土地+建物)+車位,行善路１９１號二樓,28.6,住,,,1120606,土地2建物1車位1,二層,十五層,住宅大樓(11層含以上有電梯),住家用,1101125.0,176.72,3,2,2,有,有,47880000,270937.0,坡道平面,0.0,0,,RPVNMLQJPHIGFCA38EA,88.61,0.0,7.47,有,1138.0,2.0
信義區,房地(土地+建物),信義路五段１５０巷２９０號三樓,30.83,住,,,1120608,土地1建物1車位0,三層,五層,公寓(5樓含以下無電梯),住家用,711123.0,107.38,3,2,1,有,無,21000000,195567.0,,0.0,0,其他增建；,RPROMLOJPHIGFDA87DA,90.75,0.0,9.01,無,,41.0
士林區,房地(土地+建物),中山北路六段４０５巷５３號四樓,30.55,住,,,1120621,土地2建物1車位0,四層,七層,華廈(10層含以下有電梯),住家用,731109.0,150.77,3,2,2,有,有,35000000,232142.0,,0.0,0,其他增建；,RPPPMLLLOHIGFEA67DA,128.14,0.0,14.76,有,,39.0
大同區,房地(土地+建物),延平北路四段１７９巷１號四樓,25.0,住,,,1120613,土地1建物1車位0,四層,四層,公寓(5樓含以下無電梯),住家用,581001.0,84.21,3,2,1,有,無,12500000,148438.0,,0.0,0,頂樓加蓋；,RPRNMLQJPHIGFBA77DA,84.21,0.0,0.0,無,,54.0
大安區,房地(土地+建物),樂利路５５號五樓,22.52,住,,,1120605,土地1建物1車位0,五層,七層,華廈(10層含以下有電梯),住家用,750529.0,121.96,4,2,2,有,無,31180000,255658.0,,0.0,0,,RPVNMLPJPHIGFFA48DA,96.19,0.0,12.03,有,,37.0
松山區,房地(土地+建物),敦化南路一段７號五樓之１,45.75,住,,,1120621,土地1建物1車位0,五層,十一層,住宅大樓(11層含以上有電梯),住家用,640526.0,277.09,3,2,1,有,有,75860000,273774.0,,0.0,0,,RPQOMLRJPHIGFDA08DA,268.62,0.0,8.47,有,,48.0
北投區,房地(土地+建物),新民路１巷８號二樓之１,10.58,住,,,1120602,土地2建物1車位0,二層,七層,華廈(10層含以下有電梯),住家用,690805.0,50.05,1,1,1,有,有,5300000,105894.0,,0.0,0,,RPTNMLQJPHIGFEA28DA,39.34,0.0,4.2,有,1159.0,43.0
信義區,房地(土地+建物),富陽街７２巷２５號二樓,38.25,住,,,1120603,土地1建物1車位0,二層，陽台,四層,公寓(5樓含以下無電梯),住家用,650225.0,116.46,3,2,2,有,無,20000000,171733.0,,0.0,0,陽台外推；,RPPNMLRJPHIGFDA97EA,116.46,0.0,0.0,無,,47.0
內湖區,房地(土地+建物),內湖路三段１９１巷４號五樓,20.2,住,,,1120613,土地1建物1車位0,五層,五層,公寓(5樓含以下無電梯),住家用,670921.0,79.7,6,1,5,有,無,13500000,169385.0,,0.0,0,頂樓加蓋；,RPRPMLQJPHIGFCA08DA,67.18,0.0,12.52,無,1161.0,45.0
南港區,房地(土地+建物),玉成街２３５巷３號四樓,21.8,住,,,1120604,土地1建物1車位0,四層,五層,公寓(5樓含以下無電梯),住家用,661104.0,91.83,3,2,2,有,無,17800000,193836.0,,0.0,0,,RPVOMLPJOHIGFDA28DA,73.48,0.0,18.35,無,,46.0
士林區,房地(土地+建物)+車位,福林路１００巷７７弄１１號,66.84,住,,,1120604,土地1建物1車位1,一層,七層,華廈(10層含以下有電梯),住家用,980316.0,169.96,3,2,2,有,有,35000000,231779.0,坡道平面,29.74,2500000,,RPPNMLRJPHIGFEA08EA,98.18,0.0,16.3,有,,14.0
文山區,房地(土地+建物)+車位,萬壽路６１巷１號七樓,96.53,住,,,1120609,土地1建物1車位1,七層，電梯樓梯間,十五層,住宅大樓(11層含以上有電梯),住家用,841220.0,183.94,1,2,1,有,有,20800000,131865.0,坡道平面,41.37,2000000,,RPVNMLLLOHIGFAA67DA,148.37,2.14,13.3,有,,27.0
松山區,房地(土地+建物)+車位,三民路８０巷３號十四樓,48.36,住,,,1120616,土地1建物1車位1,十四層,十四層,住宅大樓(11層含以上有電梯),住家用,930914.0,224.05,4,2,2,有,有,54000000,241018.0,坡道平面,0.0,0,,RPRNMLTJPHIGFDA28DA,116.48,0.0,13.05,有,,19.0
信義區,房地(土地+建物),吳興街１６４號二樓,27.75,住,,,1120602,土地2建物1車位0,二層，陽台,四層,公寓(5樓含以下無電梯),住家用,631204.0,74.44,3,1,3,有,無,15200000,204191.0,,0.0,0,陽台外推；其他增建；,RPROMLQKOHIGFDA08DA,74.44,0.0,0.0,無,1163.0,48.0
士林區,房地(土地+建物),延平北路五段１３６巷１０號四樓,31.9,住,,,1120602,土地1建物1車位0,四層,五層,公寓(5樓含以下無電梯),住家用,721222.0,120.01,3,2,2,有,無,13600000,113324.0,,0.0,0,陽台外推；,RPPNMLQJPHIGFEA97EA,98.59,0.0,10.89,無,,39.0
文山區,房地(土地+建物)+車位,羅斯福路六段３２２號七樓之１,28.48,住,,,1120609,土地2建物1車位1,七層,十四層,住宅大樓(11層含以上有電梯),住家用,960604.0,175.38,3,2,2,有,有,33120000,241902.0,坡道平面,48.8,2500000,有1公設產權機車位,RPOOMLRJPHIGFAA57DA,89.4,2.24,5.13,有,,16.0
文山區,房地(土地+建物),興隆路一段２５１巷２弄１６號四樓,28.75,住,,,1120607,土地1建物1車位0,四層，陽台,四層,公寓(5樓含以下無電梯),住家用,600604.0,71.77,2,2,1,有,無,10500000,146301.0,,0.0,0,現況交屋,RPPNMLKKPHIGFAA07EA,71.77,0.0,0.0,無,,52.0
大同區,房地(土地+建物),敦煌路２４巷６號七樓之２,17.02,住,,,1120618,土地1建物1車位0,七層,九層,華廈(10層含以下有電梯),住家用,1080516.0,82.44,2,1,1,有,有,19600000,237749.0,,0.0,0,,RPOOMLKKPHIGFBA07DA,41.54,4.72,4.51,有,1170.0,4.0
文山區,房地(土地+建物)+車位,木新路三段８９號十四樓,38.49,住,,,1120609,土地1建物1車位2,十四層,十五層,住宅大樓(11層含以上有電梯),住家用,1020910.0,280.06,4,2,2,有,有,40300000,143898.0,坡道平面,93.8,0,,RPTNMLQJPHIGFAA87DA,106.5,13.36,10.01,有,1171.0,10.0
北投區,房地(土地+建物),中和街３６８號六樓之８,3.68,,,,1120613,土地1建物1車位0,六層，電梯樓梯間,十九層,住宅大樓(11層含以上有電梯),住家用,870624.0,34.55,1,0,1,有,有,5700000,164978.0,,0.0,0,陽台外推；,RPTOMLPJPHIGFEA28DA,24.35,1.23,4.1,有,1172.0,25.0
中山區,房地(土地+建物),龍江路３９７巷１１號四樓,22.2,住,,,1120602,土地1建物1車位0,四層,七層,華廈(10層含以下有電梯),住家用,760817.0,114.81,3,2,2,有,有,27500000,239526.0,,0.0,0,陽台外推；,RPPPMLQJPHIGFCA87DA,85.84,0.0,10.63,有,,36.0
大安區,房地(土地+建物),基隆路二段２０９巷１８號三樓,27.42,住,,,1120611,土地1建物1車位0,三層,六層,華廈(10層含以下有電梯),住家用,750103.0,132.32,3,2,2,有,無,38300000,289450.0,,0.0,0,陽台外推；其他增建；,RPQNMLRLOHIGFFA28DA,97.35,0.0,11.26,有,1178.0,37.0
南港區,房地(土地+建物),東新街１１８巷６３號十樓,20.27,住,,,1120607,土地3建物1車位0,十層,十一層,住宅大樓(11層含以上有電梯),住家用,1010314.0,97.73,2,2,2,有,有,27380000,280160.0,,0.0,0,其他增建；,RPROMLRJPHIGFDA18DA,64.81,0.0,10.23,有,1181.0,11.0
南港區,房地(土地+建物)+車位,街４２號三樓之５,16.77,住,,,1120610,土地1建物1車位1,三層,十二層,住宅大樓(11層含以上有電梯),住家用,1000414.0,133.53,2,2,1,有,有,32200000,298013.0,坡道平面,33.87,2500000,,RPRNMLOLOHIGFDA87DA,59.19,5.1,4.88,有,1186.0,12.0
信義區,房地(土地+建物)+車位,永吉路２２５巷７弄７號六樓之３,16.93,住,,,1120620,土地1建物1車位1,六層,十二層,住宅大樓(11層含以上有電梯),住家用,1111111.0,135.35,2,2,1,有,有,32300000,238641.0,坡道平面,35.42,0,,RPPNMLLKPHIGFDA47EA,57.72,5.55,4.79,有,,1.0
文山區,房地(土地+建物),木新路三段３３９巷１２號五樓,37.75,住,,,1120604,土地1建物1車位0,五層,五層,公寓(5樓含以下無電梯),住家用,740112.0,116.08,3,2,2,有,無,14200000,122329.0,,0.0,0,,RPRNMLTJPHIGFAA97DA,98.6,0.0,8.07,無,,38.0
文山區,房地(土地+建物),興隆路一段２７５號,30.25,住,,,1120603,土地1建物1車位0,一層，騎樓,四層,公寓(5樓含以下無電梯),住家用,601231.0,70.02,0,1,1,有,無,19500000,278492.0,,0.0,0,其他增建；,RPQOMLTLOHIGFAA08DA,70.02,0.0,0.0,無,,51.0
士林區,房地(土地+建物),延平北路五段１６３巷２６弄１５號一樓、二樓,70.0,住,,,1120602,土地1建物1車位0,一層，二層,三層,公寓(5樓含以下無電梯),住家用,510101.0,131.88,7,4,2,有,無,15760000,119503.0,,0.0,0,陽台外推；頂樓加蓋；其他增建；,RPPOMLRKOHIGFEA08DA,124.32,3.78,3.78,無,,61.0
內湖區,房地(土地+建物),內湖路一段２８５巷６９弄１１０號二樓,18.99,住,,,1120611,土地1建物1車位0,二層,五層,公寓(5樓含以下無電梯),住家用,720331.0,69.76,2,2,1,有,無,10800000,154817.0,,0.0,0,陽台外推；,RPPOMLQKOHIGFCA77DA,60.68,0.0,9.08,無,,40.0
文山區,房地(土地+建物),景福街２４２巷４號三樓,35.91,住,,,1120610,土地3建物1車位0,三層,五層,公寓(5樓含以下無電梯),住家用,720317.0,123.45,4,2,2,有,無,21000000,170109.0,,0.0,0,其他增建；,RPUNMLLLOHIGFAA57DA,105.2,0.0,18.25,無,,40.0
內湖區,房地(土地+建物)+車位,新富街１６２號五樓,48.81,住,,,1120604,土地1建物1車位2,五層,十四層,住宅大樓(11層含以上有電梯),住家用,1010601.0,337.22,3,2,3,有,有,69800000,206987.0,坡道平面,84.86,0,其他增建；,RPRPMLSLOHIGFCA38DA,154.38,2.0,18.86,有,1192.0,11.0
中山區,房地(土地+建物),龍江路４４３巷１２號四樓,28.3,住,,,1120612,土地1建物1車位0,四層,五層,公寓(5樓含以下無電梯),住家用,720223.0,101.43,4,2,2,有,無,16700000,164646.0,,0.0,0,,RPQNMLRLOHIGFCA08EA,86.59,0.0,14.84,無,,40.0
內湖區,房地(土地+建物)+車位,成功路二段５０２號六樓,19.22,住,,,1120605,土地3建物1車位1,六層,十四層,住宅大樓(11層含以上有電梯),住家用,1011123.0,132.9,2,2,1,有,有,24000000,180587.0,坡道平面,31.07,0,,RPQNMLLKPHIGFCA47EA,61.85,0.39,6.74,有,1196.0,11.0
大安區,房地(土地+建物),光復南路１８０巷１６號四樓,32.32,住,,,1120609,土地1建物1車位0,四層，陽台,十二層,住宅大樓(11層含以上有電梯),住家用,630824.0,178.63,4,2,3,有,有,53000000,296703.0,,0.0,0,,RPOOMLKKPHIGFFA47DA,166.93,0.0,0.0,有,,49.0
士林區,房地(土地+建物),社中街２８１之１號二樓,28.42,住,,,1120607,土地1建物1車位0,二層,五層,公寓(5樓含以下無電梯),住家用,700601.0,94.52,3,2,1,有,無,12980000,137325.0,,0.0,0,鐵鋁窗增建、沿一樓空地增建陽台外推；其他增建；,RPSNMLKKPHIGFEA77EA,70.9,0.0,18.02,無,,42.0
內湖區,房地(土地+建物)+車位,內湖路一段４７巷８弄２８號二樓,49.37,住,,,1120611,土地1建物1車位1,二層，三層,五層,公寓(5樓含以下無電梯),住家用,790625.0,200.02,4,3,2,有,有,31860000,176942.0,坡道平面,34.09,2500000,,RPTPMLRJPHIGFCA38DA,183.92,0.0,9.97,無,,33.0
信義區,房地(土地+建物),吳興街２８４巷２２弄６０號四樓,30.25,住,,,1120601,土地1建物1車位0,四層,四層,公寓(5樓含以下無電梯),住家用,610629.0,86.67,3,2,1,有,無,14600000,168455.0,,0.0,0,陽台外推；頂樓加蓋；其他增建；,RPSNMLKMOHIGFDA67DA,73.62,0.0,13.05,無,,51.0
中山區,房地(土地+建物),敬業三路１７４號,47.09,住,,,1120614,土地1建物1車位0,一層,八層,華廈(10層含以下有電梯),住家用,890628.0,155.39999999999998,3,2,2,有,有,32580000,209653.0,,0.0,0,陽台外推；其他增建；,RPTOMLTLOHIGFCA58DA,77.56,0.0,8.1,有,1203.0,23.0
松山區,房地(土地+建物),三民路１０號四樓,20.94,住,,,1120611,土地1建物1車位0,四層,七層,華廈(10層含以下有電梯),住家用,681226.0,116.81,3,2,2,有,無,31700000,271381.0,,0.0,0,前陽台外推、後陽台外推。陽台外推；,RPSOMLRJPHIGFDA28DA,84.72,0.0,20.52,有,,43.0
北投區,房地(土地+建物),永興路二段４７號二樓,7.72,住,,,1120601,土地1建物1車位0,二層,八層,華廈(10層含以下有電梯),住家用,990901.0,37.61,1,1,1,有,有,6750000,179474.0,,0.0,0,陽台外推；其他增建；,RPPOMLKKPHIGFEA47DA,18.88,1.05,2.21,有,,13.0
萬華區,房地(土地+建物),環河南路三段２０９號,24.5,住,,,1120606,土地2建物1車位0,一層，騎樓,四層,公寓(5樓含以下無電梯),住家用,580811.0,82.2,0,0,0,無,無,14000000,170316.0,,0.0,0,其他增建；,RPOOMLLKPHIGFBA17DA,82.2,0.0,0.0,無,,54.0
北投區,房地(土地+建物),承德路七段３４４巷８號四樓,17.83,住,,,1120611,土地1建物1車位0,四層，電梯樓梯間,五層,華廈(10層含以下有電梯),住家用,840626.0,68.3,1,1,1,有,無,13800000,202050.0,,0.0,0,陽台外推；其他增建；,RPUOMLLLOHIGFEA08DA,46.96,10.24,7.89,有,,28.0
南港區,房地(土地+建物),研究院路二段１８２巷５８弄３３號二樓,26.68,住,,,1120611,土地1建物1車位0,二層,五層,公寓(5樓含以下無電梯),住家用,730802.0,97.95,3,2,2,有,有,12000000,122511.0,,0.0,0,,RPPNMLPKOHIGFDA67DA,81.07,0.0,9.41,無,1215.0,39.0
大安區,房地(土地+建物),仁愛路四段７１巷２８號四樓,27.5,住,,,1120609,土地1建物1車位0,四層，陽台,六層,華廈(10層含以下有電梯),住家用,,130.65,2,2,2,有,無,42000000,321470.0,,0.0,0,陽台外推；,RPSOMLSLOHIGFFA68DA,118.93,0.0,0.0,有,,47.0
中山區,房地(土地+建物)+車位,新生北路二段４７號十二樓,27.36,住,,,1120624,土地2建物1車位1,十二層,十九層,住宅大樓(11層含以上有電梯),住家用,980916.0,267.96999999999997,4,2,3,有,有,57680000,215248.0,坡道平面,26.94,0,陽台外推；,RPQOMLNJPHIGFCA57DA,152.04,6.14,16.77,有,,14.0
北投區,房地(土地+建物),崇仰一路３之１號,27.62,住,,,1120611,土地1建物1車位0,一層,五層,公寓(5樓含以下無電梯),住家用,710525.0,96.96,3,2,2,有,無,14500000,149546.0,,0.0,0,陽台外推；,RPQNMLMKPHIGFEA77EA,86.9,10.06,0.0,無,,41.0
大安區,房地(土地+建物)+車位,浦城街１３巷９號六樓之２,7.82,住,,,1120603,土地1建物1車位1,六層,六層,華廈(10層含以下有電梯),住家用,960913.0,39.879999999999995,1,0,1,有,有,11500000,407900.0,升降機械,16.59,2000000,未登記建物；,RPPNMLMKPHIGFFA77EA,8.84,0.0,6.55,有,,16.0
士林區,房地(土地+建物),芝玉路二段５６號四樓,32.49,住,,,1120616,土地1建物1車位0,四層,五層,公寓(5樓含以下無電梯),住家用,750904.0,113.59,3,2,2,有,無,20000000,176072.0,,0.0,0,其他增建；,RPSOMLQKOHIGFEA28DA,97.65,0.88,11.17,無,,37.0
南港區,房地(土地+建物)+車位,經園街６２號七樓,33.72,住,,,1120612,土地1建物1車位1,七層,十一層,住宅大樓(11層含以上有電梯),住家用,1000908.0,168.35000000000002,3,2,2,有,有,37880000,267402.0,坡道平面,36.04,2500000,其他增建；,RPROMLTLOHIGFDA48DA,76.45,10.19,4.62,有,,12.0
南港區,房地(土地+建物)+車位,研究院路二段１５１號五樓,47.83,住,,,1120610,土地1建物1車位1,五層,五層,華廈(10層含以下有電梯),住家用,1020801.0,132.57,2,2,1,有,有,19380000,146187.0,坡道平面,30.24,0,,RPUNMLNKPHIGFDA08DA,57.08,8.83,3.94,有,1221.0,10.0
北投區,房地(土地+建物),石牌路二段３１５巷３４弄８號,30.75,住,,,1120604,土地2建物1車位0,一層,五層,公寓(5樓含以下無電梯),住家用,681115.0,104.24,2,2,1,有,無,18800000,180353.0,,0.0,0,其他增建；,RPQOMLLLOHIGFEA67DA,89.51,14.73,0.0,無,,44.0
士林區,房地(土地+建物)+車位,後港街１６０之２號十樓,28.97,住,,,1120607,土地1建物1車位1,十層,十二層,住宅大樓(11層含以上有電梯),住家用,860822.0,165.07,3,2,2,有,有,26700000,161740.0,坡道平面,0.0,0,陽台外推；其他增建；,RPVOMLRLOHIGFEA78DA,65.63,9.81,13.43,有,,26.0
大安區,房地(土地+建物),復興南路二段１９３巷１７號八樓,21.91,住,,,1120604,土地1建物1車位0,八層,十九層,住宅大樓(11層含以上有電梯),住家用,740522.0,113.05,3,2,2,有,有,27000000,238832.0,,0.0,0,陽台外推；其他增建；,RPQNMLPJPHIGFFA97DA,84.65,1.56,8.27,有,,38.0
文山區,房地(土地+建物)+車位,福興路６２號九樓之７,16.54,,,,1120611,土地3建物1車位1,九層，電梯樓梯間,十六層,住宅大樓(11層含以上有電梯),住家用,841030.0,133.77,2,2,1,有,有,18310000,136877.0,坡道平面,0.0,2000000,,RPROMLTLOHIGFAA18DA,113.9,2.23,8.05,有,,28.0
大安區,房地(土地+建物),建國南路一段２１２巷１５號,19.57,住,,,1120615,土地1建物1車位0,一層,六層,華廈(10層含以下有電梯),住家用,670609.0,90.63,3,2,1,有,無,32680000,360587.0,,0.0,0,,RPPNMLNKPHIGFFA87EA,80.27,10.36,0.0,有,1231.0,45.0
北投區,房地(土地+建物),幽雅路７號九樓,9.47,,,,1120620,土地1建物1車位0,九層,十三層,住宅大樓(11層含以上有電梯),住家用,980205.0,58.46,0,0,0,無,有,7000000,119740.0,,0.0,0,,RPPNMLOKPHIGFEA87EA,34.05,2.87,0.0,有,1234.0,14.0
內湖區,房地(土地+建物),新明路３８０巷３弄５之１號三樓,32.72,住,,,1120630,土地1建物1車位0,三層，陽台,四層,公寓(5樓含以下無電梯),住家用,630913.0,86.72,2,2,1,有,無,12000000,138376.0,,0.0,0,,RPPNMLOJPHIGFCA47DA,86.72,0.0,0.0,無,,49.0
內湖區,房地(土地+建物),文湖街２１巷９８弄１２號三樓,40.0,住,,,1120606,土地4建物1車位0,三層,四層,公寓(5樓含以下無電梯),住家用,700408.0,104.66,3,2,2,有,無,15000000,143321.0,,0.0,0,其他增建；,RPVNMLKLOHIGFCA77DA,96.06,0.0,8.6,無,,42.0
中正區,房地(土地+建物),臨沂街３９號三樓,39.12,住,,,1120610,土地1建物1車位0,三層,四層,公寓(5樓含以下無電梯),住家用,600111.0,111.63,2,1,2,有,無,28300000,253516.0,,0.0,0,,RPUNMLKMOHIGFBA67DA,99.22,0.0,12.41,無,,52.0
士林區,房地(土地+建物),基河路１２８號七樓之１,7.22,住,,,1120612,土地1建物1車位0,七層,十一層,住宅大樓(11層含以上有電梯),住家用,850916.0,25.81,1,1,1,有,有,5350000,207284.0,,0.0,0,鐵窗陽台外推；其他增建；,RPTNMLNKPHIGFEA08DA,15.14,0.0,2.47,有,1247.0,27.0
中山區,房地(土地+建物),新生北路三段４３號二樓之１１,6.57,住,,,1120606,土地2建物1車位0,二層,十一層,住宅大樓(11層含以上有電梯),住家用,670301.0,51.73,2,1,1,有,有,10400000,201044.0,,0.0,0,,RPTNMLOKPHIGFCA08EA,35.62,0.0,3.09,有,1248.0,45.0
大安區,房地(土地+建物),金山南路二段１４０號十七樓之１,13.04,住,,,1120612,土地1建物1車位0,十七層,十七層,住宅大樓(11層含以上有電梯),住家用,740225.0,105.8,2,2,2,有,有,37000000,349716.0,,0.0,0,陽台外推；頂樓加蓋；,RPPNMLOKPHIGFFA97EA,75.01,0.0,14.78,有,1252.0,38.0
松山區,房地(土地+建物)+車位,健康路１７５之１號五樓,20.75,住,,,1120602,土地2建物1車位1,五層,十二層,住宅大樓(11層含以上有電梯),住家用,820323.0,109.39,2,2,2,有,有,27500000,251394.0,其他,0.0,0,車位需定期抽籤,RPRNMLOKPHIGFDA87DA,75.0,0.0,10.01,有,,30.0
文山區,房地(土地+建物),指南路三段５７號五樓之５,12.76,住,,,1120609,土地1建物1車位0,五層,八層,華廈(10層含以下有電梯),住家用,1110913.0,55.260000000000005,1,1,1,有,有,11250000,203583.0,,0.0,0,陽台外推；其他增建；,RPPOMLPKOHIGFAA47DA,25.11,7.82,2.02,有,,1.0
信義區,房地(土地+建物),永吉路２７８巷２７弄８號六樓,15.56,住,,,1120628,土地1建物1車位0,六層,七層,華廈(10層含以下有電梯),住家用,720715.0,89.24,2,2,1,有,無,19390000,217279.0,,0.0,0,其他增建；,RPUOMLMKPHIGFDA08DA,69.48,3.92,11.15,有,,40.0
內湖區,房地(土地+建物),康寧路三段９９巷３９弄７號,35.56,住,,,1120607,土地1建物1車位0,一層,十層,華廈(10層含以下有電梯),住家用,840508.0,129.97,3,2,2,有,有,25200000,193891.0,,0.0,0,陽台外推；,RPRNMLMJPHIGFCA47DA,84.23,0.0,11.24,有,1254.0,28.0
松山區,房地(土地+建物),八德路三段１５５巷４弄３３號三樓,43.75,住,,,1120609,土地1建物1車位0,三層，陽台,四層,公寓(5樓含以下無電梯),住家用,630104.0,109.42,3,2,2,有,無,23500000,214769.0,,0.0,0,陽台外推；其他增建；,RPUNMLKKPHIGFDA77DA,109.42,0.0,0.0,無,,49.0
內湖區,房地(土地+建物)+車位,港華街１０１號十樓,35.21,住,,,1120618,土地1建物1車位2,十層,十一層,住宅大樓(11層含以上有電梯),住家用,1000610.0,246.61,4,2,2,有,有,56500000,263629.0,坡道平面,51.26,5000000,其他增建；,RPUOMLPJPHIGFCA18DA,111.29,7.22,13.77,有,,12.0
松山區,房地(土地+建物),敦化北路１５５巷６號二樓,39.25,住,,,1120613,土地1建物1車位0,二層,九層,華廈(10層含以下有電梯),住家用,790524.0,152.2,4,2,2,有,有,42000000,275953.0,,0.0,0,,RPTNMLQKOHIGFDA18DA,113.75,0.0,13.25,有,,33.0
信義區,房地(土地+建物),吳興街６００巷７６弄１２０號三樓,32.78,住,,,1120617,土地2建物1車位0,三層,五層,公寓(5樓含以下無電梯),住家用,731016.0,96.45,3,2,1,有,無,15500000,160705.0,,0.0,0,陽台外推；其他增建；,RPUOMLPJPHIGFDA28DA,85.76,0.0,10.69,無,1255.0,39.0
士林區,房地(土地+建物),通河街３２５巷２８之５號,13.45,住,,,1120612,土地1建物1車位0,五層,五層,公寓(5樓含以下無電梯),住家用,591210.0,35.97,3,3,1,有,有,6300000,175146.0,,0.0,0,陽台外推；頂樓加蓋；其他增建；,RPSNMLPKOHIGFEA08DA,32.77,1.85,1.35,無,,53.0
中正區,房地(土地+建物),晉江街４６巷１４號五樓,22.4,住,,,1120611,土地2建物1車位0,五層,五層,公寓(5樓含以下無電梯),住家用,730326.0,81.97999999999999,4,2,3,有,無,14500000,176872.0,,0.0,0,陽台外推；頂樓加蓋；其他增建；,RPVNMLQJPHIGFAA08DA,63.34,7.2,8.48,無,,39.0
大同區,房地(土地+建物),重慶北路三段２０３之３號七樓之２,8.68,住,,,1120616,土地2建物1車位0,七層,十二層,住宅大樓(11層含以上有電梯),住家用,1090728.0,70.49,0,0,0,無,有,18400000,261030.0,,0.0,0,,RPTOMLNKPHIGFBA87DA,33.08,9.67,0.0,有,,3.0
士林區,房地(土地+建物),後港街１６２巷１０弄１０號,69.0,住,,,1120604,土地1建物1車位0,全,二層,透天厝,住家用,560201.0,91.18,6,0,6,有,無,30880000,338671.0,,0.0,0,頂樓加蓋；其他增建；,RPPNMLLJPHIGFEA37DA,91.18,0.0,0.0,無,1257.0,56.0
大安區,房地(土地+建物)+車位,忠孝東路四段２４８巷２９號五樓之２,31.03,住,,,1120619,土地1建物1車位1,五層,十三層,住宅大樓(11層含以上有電梯),住家用,760622.0,193.47,3,2,2,有,有,67680000,402147.0,坡道平面,35.12,4000000,陽台外推；其他增建；,RPPOMLPJPHIGFFA97DA,159.91,3.28,14.16,有,1260.0,36.0
內湖區,房地(土地+建物),陽光街９２巷１７號二樓,27.56,住,,,1120610,土地1建物1車位0,二層,五層,公寓(5樓含以下無電梯),住家用,720725.0,89.48,2,2,3,有,無,17500000,195574.0,,0.0,0,陽台外推；,RPTPMLOKOHIGFCA08DA,84.1,0.0,5.38,無,,40.0
大安區,房地(土地+建物),瑞安街１８０巷４弄２號三樓,41.58,住,,,1120612,土地1建物1車位0,三層,五層,公寓(5樓含以下無電梯),住家用,720704.0,145.43,4,2,3,有,無,35500000,244104.0,,0.0,0,陽台外推；,RPXNMLNKPHIGFFA58DA,117.04,0.0,14.23,無,1264.0,40.0
中山區,房地(土地+建物),北安路５７３巷７號三樓,30.75,住,,,1120608,土地1建物1車位0,三層,四層,公寓(5樓含以下無電梯),住家用,621219.0,82.07,3,2,1,有,無,16800000,204703.0,,0.0,0,,RPQOMLQLOHIGFCA97DA,75.42,0.0,6.65,無,,49.0
中正區,房地(土地+建物),和平西路一段１５０號五樓之２,8.65,住,,,1120606,土地2建物1車位0,五層,十二層,住宅大樓(11層含以上有電梯),住家用,701117.0,94.43,3,2,2,有,有,20300000,214974.0,,0.0,0,其他增建；,RPUOMLQKOHIGFAA08DA,73.57,0.0,11.67,有,,42.0
內湖區,房地(土地+建物),內湖路一段４１９號五樓,34.15,住,,,1120613,土地2建物1車位0,五層,五層,公寓(5樓含以下無電梯),住家用,670518.0,109.12,3,2,2,有,無,18560000,170088.0,,0.0,0,陽台外推；頂樓加蓋；其他增建；,RPWOMLTLOHIGFCA88DA,101.2,0.0,7.92,無,1267.0,45.0
內湖區,房地(土地+建物)+車位,新明路４２８巷１號二樓之１,13.81,住,,,1120618,土地1建物1車位1,二層,二十層,住宅大樓(11層含以上有電梯),住家用,1080506.0,115.3,2,2,1,有,有,22500000,195143.0,坡道平面,30.01,0,,RPSNMLLLOHIGFCA57DA,42.66,7.57,4.41,有,1268.0,4.0
萬華區,房地(土地+建物)+車位,德昌街１３１號五樓之２,47.7,住,,,1120620,土地1建物1車位2,五層,二十三層,住宅大樓(11層含以上有電梯),住家用,1000131.0,304.63,4,2,2,有,有,52600000,172668.0,坡道平面,76.72,0,,RPPNMLRKPHIGFBA87EA,133.68,6.9,12.27,有,,12.0
大安區,房地(土地+建物),安居街９４號二樓,30.11,住,,,1120604,土地1建物1車位0,二層,四層,公寓(5樓含以下無電梯),住家用,660318.0,83.44,3,2,2,有,無,16900000,202541.0,,0.0,0,其他增建；,RPVNMLQJPHIGFFA58DA,73.92,0.0,9.52,無,,46.0
大安區,房地(土地+建物),瑞安街２０８巷１４弄９號三樓,45.25,住,,,1120603,土地1建物1車位0,三層,四層,公寓(5樓含以下無電梯),住家用,581014.0,123.09,5,2,2,有,無,30000000,243724.0,,0.0,0,其他增建；,RPROMLTKOHIGFFA58DA,118.02,0.0,5.07,無,,54.0
士林區,房地(土地+建物),忠義街８０號五樓,26.16,住,,,1120614,土地1建物1車位0,五層,五層,公寓(5樓含以下無電梯),住家用,680625.0,102.02,3,2,2,有,無,16660000,163301.0,,0.0,0,,RPROMLPJPHIGFEA08DA,88.73,0.0,13.29,無,,44.0
士林區,房地(土地+建物),永平街８８號三樓,28.34,住,,,1120601,土地3建物1車位0,三層,四層,公寓(5樓含以下無電梯),住家用,680226.0,77.97,2,2,1,有,無,7500000,96191.0,,0.0,0,,RPWNMLKKPHIGFEA08DA,73.46,0.0,4.51,無,,44.0
士林區,房地(土地+建物),葫蘆街３０巷５號四樓,27.25,住,,,1120606,土地1建物1車位0,四層,四層,公寓(5樓含以下無電梯),住家用,620129.0,75.29,3,2,2,有,無,11900000,158056.0,,0.0,0,陽台外推；頂樓加蓋；,RPWNMLOKPHIGFEA48DA,75.29,0.0,0.0,無,,50.0
士林區,房地(土地+建物),中山北路七段８１巷４１弄７之２號四樓,31.8,住,,,1120613,土地2建物1車位0,四層,五層,華廈(10層含以下有電梯),住家用,670720.0,104.84,3,2,2,有,有,22280000,212514.0,,0.0,0,,RPVNMLRKPHIGFEA68DA,98.67,0.0,6.17,有,,45.0
內湖區,房地(土地+建物),五分街１１３號五樓之１,11.6,住,,,1120611,土地1建物1車位0,五層,十二層,住宅大樓(11層含以上有電梯),住家用,960709.0,52.2,1,2,1,有,有,12950000,248084.0,,0.0,0,陽台外推；,RPPPMLNKPHIGFCA67DA,32.6,0.78,4.25,有,,16.0
內湖區,房地(土地+建物)+車位,文湖街２１巷６８弄１０號八樓,36.08,住,,,1120616,土地1建物1車位1,八層,九層,華廈(10層含以下有電梯),住家用,821230.0,167.35000000000002,3,2,2,有,有,35600000,212715.0,坡道平面,0.0,2500000,陽台外推；,RPTNMLRKPHIGFCA38EA,103.33,0.78,14.16,有,,29.0
北投區,房地(土地+建物)+車位,大業路４６２號十七樓,13.62,住,,,1120627,土地3建物1車位1,十七層，電梯樓梯間,十九層,住宅大樓(11層含以上有電梯),住家用,860111.0,122.94,1,1,1,有,有,22500000,183016.0,坡道平面,0.0,2500000,陽台外推；,RPVNMLSKPHIGFEA88EA,69.23,3.01,7.35,有,1273.0,26.0
萬華區,房地(土地+建物),青年路６８巷３２號五樓,14.23,住,,,1120601,土地2建物1車位0,五層,五層,公寓(5樓含以下無電梯),住家用,640403.0,36.77,1,1,1,有,無,6672000,181452.0,,0.0,0,頂樓加蓋；,RPXNMLPJOHIGFBA18DA,36.77,0.0,0.0,無,,48.0
信義區,房地(土地+建物),林口街１９０號二樓,22.5,住,,,1120602,土地3建物1車位0,二層,七層,華廈(10層含以下有電梯),住家用,750414.0,122.36,3,2,2,有,無,29660000,242399.0,,0.0,0,陽台外推；其他增建；,RPPNMLPLOHIGFDA77DA,102.72,0.0,12.08,有,1276.0,37.0
士林區,房地(土地+建物),志成街２２巷１５弄１５號,64.61,住,,,1120625,土地1建物1車位0,一層,七層,華廈(10層含以下有電梯),住家用,720209.0,289.14,3,2,2,有,無,47500000,164280.0,,0.0,0,其他增建；,RPWNMLRJPHIGFEA68DA,85.77,189.53,0.0,無,,40.0
中山區,房地(土地+建物),松江路３５７巷６號,29.27,住,,,1120601,土地1建物1車位0,一層,五層,公寓(5樓含以下無電梯),住家用,710907.0,97.03,3,2,2,有,無,25800000,265897.0,,0.0,0,3建築物含有：前後空地,RPXOMLRKPHIGFCA88EA,83.06,13.97,0.0,無,,41.0
萬華區,房地(土地+建物),青年路５８號十二樓之１,23.6,住,,,1120614,土地1建物1車位0,十二層,十二層,住宅大樓(11層含以上有電梯),住家用,711027.0,99.26,3,2,1,有,有,18300000,184364.0,,0.0,0,陽台外推；,RPPNMLSKOHIGFBA77DA,68.29,0.0,7.92,有,,41.0
萬華區,房地(土地+建物),萬大路８５巷７號五樓之１,24.27,住,,,1120618,土地1建物1車位0,五層,十一層,住宅大樓(11層含以上有電梯),住家用,961102.0,122.42,3,2,2,有,有,26400000,215651.0,,0.0,0,,RPOPMLTLOHIGFBA08DA,72.53,5.04,5.15,有,,16.0
士林區,房地(土地+建物),延平北路五段１３６巷１０號五樓,31.9,住,,,1120609,土地1建物1車位0,五層,五層,公寓(5樓含以下無電梯),住家用,721222.0,120.01,3,2,2,有,無,13700000,114157.0,,0.0,0,3建築物含有：鐵皮屋其他增建；,RPPNMLRKPHIGFEA18EA,98.59,0.0,10.89,無,,39.0
文山區,房地(土地+建物),興隆路四段１７９巷１２之３號三樓,20.02,住,,,1120610,土地1建物1車位0,三層,五層,公寓(5樓含以下無電梯),住家用,700521.0,88.24,3,2,1,有,無,11900000,134859.0,,0.0,0,其他增建；,RPTNMLQKOHIGFAA87DA,69.72,0.0,5.67,無,,42.0
內湖區,房地(土地+建物)+車位,成功路四段１７８號二十五樓之１,17.38,,,,1120603,土地1建物1車位2,二十五層,二十九層,住宅大樓(11層含以上有電梯),住家用,1070223.0,267.28999999999996,3,2,2,有,有,68000000,254405.0,坡道平面,58.2,0,,RPPPMLSLOHIGFCA18DA,121.63,2.85,17.12,有,1279.0,5.0
中山區,房地(土地+建物),建國北路三段６４號七樓,17.69,住,,,1120617,土地1建物1車位0,七層,七層,華廈(10層含以下有電梯),住家用,710723.0,93.91,2,2,2,有,無,18500000,196997.0,,0.0,0,其他增建；,RPQNMLOKPHIGFCA67DA,80.31,0.0,13.6,有,,41.0
北投區,房地(土地+建物),義理街６３巷１５弄５號三樓,40.61,住,,,1120617,土地1建物1車位0,三層,七層,華廈(10層含以下有電梯),住家用,780706.0,120.62,3,2,2,有,有,25000000,207280.0,,0.0,0,陽台外推；其他增建；,RPSNMLKLOHIGFEA67DA,103.54,0.0,13.11,有,,34.0
內湖區,房地(土地+建物)+車位,民權東路六段１８０巷１５２號六樓之３,25.22,住,,,1120606,土地1建物1車位1,六層,十一層,住宅大樓(11層含以上有電梯),住家用,1000221.0,174.76999999999998,3,2,2,有,有,31000000,210814.0,坡道平面,39.58,2500000,其他增建；,RPOOMLOJPHIGFCA47DA,75.86,1.1,10.24,有,1281.0,12.0
內湖區,房地(土地+建物),新明路４６０巷６號二樓,29.0,住,,,1120604,土地1建物1車位0,二層,四層,公寓(5樓含以下無電梯),住家用,660223.0,79.29,3,2,1,有,無,13200000,166477.0,,0.0,0,陽台外推；其他增建；,RPXOMLTLOHIGFCA98DA,70.58,0.0,8.71,無,,46.0
內湖區,房地(土地+建物),康寧路三段５４之５號八樓之１,16.4,住,,,1120604,土地1建物1車位0,八層，電梯樓梯間,十三層,住宅大樓(11層含以上有電梯),住家用,850904.0,71.51,2,2,1,有,有,18000000,251713.0,,0.0,0,陽台外推；其他增建；,RPTPMLOJPHIGFCA08DA,52.22,3.62,5.58,有,,27.0
南港區,房地(土地+建物)+車位,東明街２６號三樓之２,32.47,住,,,1120607,土地1建物1車位1,三層,十五層,住宅大樓(11層含以上有電梯),住家用,980312.0,187.37,4,2,2,有,有,47500000,302806.0,坡道平面,38.76,2500000,,RPTPMLQKOHIGFDA38DA,99.66,3.28,6.36,有,1284.0,14.0
北投區,房地(土地+建物),中和街３８２巷２弄１１號二樓,27.0,住,,,1120610,土地1建物1車位0,二層,四層,公寓(5樓含以下無電梯),住家用,670531.0,88.02,2,1,1,有,無,11000000,124972.0,,0.0,0,陽台外推；,RPXNMLMKPHIGFEA38DA,80.01,0.0,8.01,無,1285.0,45.0
北投區,房地(土地+建物),承德路七段２８０巷１０之１號二樓,22.8,住,,,1120609,土地1建物1車位0,二層,五層,公寓(5樓含以下無電梯),住家用,670529.0,97.7,3,2,2,有,無,16000000,163767.0,,0.0,0,其他增建；,RPXNMLPJPHIGFEA58DA,85.73,0.0,11.97,無,,45.0
信義區,房地(土地+建物),永吉路３０巷１１９弄３２號五樓,23.0,住,,,1120604,土地1建物1車位0,五層,六層,華廈(10層含以下有電梯),住家用,730116.0,103.24,3,2,2,有,無,28500000,276056.0,,0.0,0,陽台外推；其他增建；,RPQNMLTKPHIGFDA28DA,70.95,0.62,14.44,有,,39.0
中正區,房地(土地+建物),臨沂街２３號三樓,21.71,住,,,1120604,土地2建物1車位0,三層,七層,華廈(10層含以下有電梯),住家用,650609.0,97.81,2,2,2,有,無,29008000,296575.0,,0.0,0,陽台外推；,RPPNMLMJPHIGFBA17DA,83.94,0.0,13.87,有,,47.0
信義區,房地(土地+建物),松隆路１３號五樓,25.82,住,,,1120617,土地2建物1車位0,五層,七層,華廈(10層含以下有電梯),住家用,720908.0,145.58,3,2,2,有,有,33000000,226679.0,,0.0,0,陽台外推；,RPRNMLSKPHIGFDA38EA,112.27,0.0,22.98,有,1286.0,40.0
士林區,房地(土地+建物),文林路７４０巷９弄３號四樓,32.5,住,,,1120604,土地1建物1車位0,四層,四層,公寓(5樓含以下無電梯),住家用,640110.0,92.64,5,3,2,有,無,18000000,194301.0,,0.0,0,陽台外推；頂樓加蓋；,RPPNMLPKPHIGFEA87DA,81.7,0.0,10.94,無,,48.0
大安區,房地(土地+建物),和平東路三段１巷２６弄３號九樓,16.62,住,,,1120610,土地1建物1車位0,九層,十五層,住宅大樓(11層含以上有電梯),住家用,740522.0,86.97999999999999,2,1,1,有,有,22500000,258680.0,,0.0,0,,RPTNMLSKPHIGFFA68DA,63.19,1.26,5.96,有,,38.0
大安區,房地(土地+建物)+車位,忠孝東路三段２４８巷１９弄５０號五樓,13.57,住,,,1120606,土地1建物1車位1,五層,七層,華廈(10層含以下有電梯),住家用,1010911.0,93.5,1,1,1,有,有,27000000,335662.0,塔式車位,20.51,2500000,買方共有人數2人陽台外推；其他增建；,RPQNMLLKPHIGFFA67DA,32.34,6.35,5.66,有,1289.0,11.0
士林區,房地(土地+建物),中山北路七段１８２號七樓之２,16.54,住,,,1120613,土地2建物1車位0,七層,七層,華廈(10層含以下有電梯),住家用,660804.0,77.72,1,2,1,有,有,15000000,193001.0,,0.0,0,陽台外推；其他增建；,RPPNMLPJPHIGFEA77DA,68.81,0.0,8.91,有,1290.0,46.0
北投區,房地(土地+建物)+車位,大屯路光華一巷８號三樓,57.72,住,,,1120630,土地4建物1車位1,三層,五層,華廈(10層含以下有電梯),住家用,1050823.0,146.95,1,2,1,有,有,22600000,169533.0,坡道平面,25.44,2000000,陽台外推；其他增建；,RPOOMLKKPHIGFEA37DA,62.05,11.65,6.51,有,1291.0,7.0
士林區,房地(土地+建物),中正路４９７號十一樓,18.2,住,,,1120603,土地1建物1車位0,十一層,十六層,住宅大樓(11層含以上有電梯),住家用,751224.0,142.97,3,2,2,有,有,31500000,220326.0,,0.0,0,其他增建；,RPQNMLTLOHIGFEA38DA,105.3,0.0,18.43,有,1292.0,36.0
大安區,房地(土地+建物),市民大道四段６４號二樓之１,17.98,住,,,1120621,土地1建物1車位0,二層，陽台,七層,華廈(10層含以下有電梯),住家用,,71.8,2,2,1,有,有,17500000,243733.0,,0.0,0,其他增建；,RPUNMLOJPHIGFFA28DA,71.8,0.0,0.0,有,,
松山區,房地(土地+建物),延吉街５０巷１０號二樓,20.62,住,,,1120613,土地1建物1車位0,二層,七層,華廈(10層含以下有電梯),住家用,670320.0,110.9,2,2,1,有,有,25000000,225428.0,,0.0,0,陽台外推；,RPSNMLNJPHIGFDA77DA,83.57,0.0,10.7,有,,45.0
士林區,房地(土地+建物)+車位,德行東路２７６號二樓,41.18,住,,,1120619,土地1建物1車位1,二層,七層,華廈(10層含以下有電梯),住家用,740209.0,213.38,4,2,2,有,有,31000000,145281.0,坡道平面,0.0,0,,RPPNMLSKPHIGFEA18DA,186.69,0.0,18.72,有,1294.0,38.0
大安區,房地(土地+建物),和平東路三段１巷３２號十二樓,19.94,住,,,1120604,土地1建物1車位0,十二層,十五層,住宅大樓(11層含以上有電梯),住家用,740522.0,103.52,2,2,1,有,有,23500000,227009.0,,0.0,0,其他增建；,RPPNMLLJPHIGFFA47DA,75.13,1.56,7.07,有,,38.0
大安區,房地(土地+建物),大安路一段１６９巷１０號三樓之１,30.81,住,,,1120623,土地1建物1車位0,三層,七層,華廈(10層含以下有電梯),住家用,660118.0,174.98999999999998,3,2,2,有,有,52930000,302474.0,,0.0,0,陽台外推；,RPSNMLRKPHIGFFA48DA,138.88,0.0,20.1,有,,46.0
士林區,房地(土地+建物)+車位,雨農路６４號八樓之１,45.53,住,,,1120609,土地1建物1車位1,八層,十二層,住宅大樓(11層含以上有電梯),住家用,940505.0,200.59,3,2,2,有,有,33660000,167805.0,坡道平面,0.0,0,,RPQNMLSKPHIGFEA38EA,106.02,0.0,10.18,有,,18.0
大安區,房地(土地+建物),忠孝東路三段２３７巷１０號二樓,39.5,住,,,1120611,土地1建物1車位0,二層,四層,公寓(5樓含以下無電梯),住家用,610921.0,95.6,4,1,2,有,無,26380000,275941.0,,0.0,0,,RPRNMLTKPHIGFFA58DA,95.6,0.0,0.0,無,,51.0
信義區,房地(土地+建物),吳興街１２號三樓,28.77,住,,,1120607,土地1建物1車位0,三層,五層,公寓(5樓含以下無電梯),住家用,730814.0,108.76,3,2,2,有,無,20300000,186650.0,,0.0,0,3建築物含有：凸窗約0.5坪左右,RPQNMLSKPHIGFDA28EA,87.24,0.0,10.52,無,,39.0
士林區,房地(土地+建物),天玉街９號四樓,55.0,住,,,1120616,土地1建物1車位0,四層,四層,公寓(5樓含以下無電梯),住家用,760730.0,146.67999999999998,4,3,3,有,無,22900000,156122.0,,0.0,0,陽台外推；頂樓加蓋；其他增建；,RPPPMLPJPHIGFEA97DA,117.99,0.76,17.14,無,,36.0
南港區,房地(土地+建物),合順街８巷３弄３７號四樓,22.75,住,,,1120611,土地1建物1車位0,四層,四層,公寓(5樓含以下無電梯),住家用,,77.0,3,1,3,有,無,11800000,153247.0,,0.0,0,陽台外推；頂樓加蓋；,RPPNMLRLOHIGFDA97DA,77.0,0.0,0.0,無,1295.0,
松山區,房地(土地+建物),八德路四段１０６巷４弄５號四樓,30.75,住,,,1120604,土地2建物1車位0,四層，露台,四層,公寓(5樓含以下無電梯),住家用,,88.57,3,2,1,有,無,19000000,214520.0,,0.0,0,其他增建；,RPSNMLRJOHIGFDA08DA,88.57,0.0,0.0,無,,
信義區,房地(土地+建物),吳興街２８４巷９弄１１號三樓,39.24,住,,,1120610,土地1建物1車位0,三層,五層,公寓(5樓含以下無電梯),住家用,781023.0,137.68,4,2,2,有,有,21860000,158774.0,,0.0,0,,RPPNMLLJPHIGFDA27DA,112.2,0.07,13.05,無,,34.0
信義區,房地(土地+建物),光復南路４１９巷７４號七樓,22.08,住,,,1120629,土地1建物1車位0,七層,七層,華廈(10層含以下有電梯),住家用,690103.0,102.69,3,2,2,有,無,30900000,300906.0,,0.0,0,陽台外推；其他增建；,RPPNMLKLPHIGFDA47EA,79.86,0.0,12.78,有,,43.0
大安區,房地(土地+建物),樂業街１５９巷３８號三樓,32.0,住,,,1120609,土地1建物1車位0,三層，陽台,四層,公寓(5樓含以下無電梯),住家用,660111.0,92.64,5,0,5,有,無,18000000,194301.0,,0.0,0,,RPPNMLTKPHIGFFA48EA,92.64,0.0,0.0,無,,46.0
南港區,房地(土地+建物)+車位,經貿二路１５７巷５２號九樓,49.71,住,,,1120612,土地1建物1車位2,九層,二十三層,住宅大樓(11層含以上有電梯),住家用,1010716.0,318.31,2,2,2,有,有,79580000,269356.0,坡道平面,45.14,6000000,其他增建；,RPPNMLKKPHIGFDA27DA,158.83,13.75,16.82,有,1298.0,11.0
內湖區,房地(土地+建物),港華街９９號八樓之３,9.61,住,,,1120624,土地1建物1車位0,八層,十層,華廈(10層含以下有電梯),住家用,1010515.0,58.85,1,1,1,有,有,15700000,266780.0,,0.0,0,陽台外推；其他增建；,RPPOMLKKPHIGFCA27DA,25.66,8.21,4.62,有,1301.0,11.0
萬華區,房地(土地+建物),中華路二段１３０巷４８號三樓,16.25,住,,,1120612,土地1建物1車位0,三層,四層,公寓(5樓含以下無電梯),住家用,581202.0,52.62,3,1,1,有,無,10800000,205245.0,,0.0,0,,RPQNMLTKPHIGFBA08DA,47.1,0.0,5.52,無,1302.0,54.0
中山區,房地(土地+建物),敬業三路１６２巷１５６號二樓,47.09,住,,,1120612,土地1建物1車位0,二層,十層,華廈(10層含以下有電梯),住家用,890628.0,155.01,3,2,2,有,有,28600000,184504.0,,0.0,0,陽台外推；其他增建；,RPQPMLMKPHIGFCA67DA,77.17,0.0,8.1,有,,23.0
萬華區,房地(土地+建物)+車位,萬大路４２３巷３８號四樓之２,40.52,住,,,1120605,土地4建物1車位1,四層,十四層,住宅大樓(11層含以上有電梯),住家用,970103.0,189.3,3,2,2,有,有,34000000,179609.0,坡道平面,0.0,2800000,其他增建；,RPVPMLMKOHIGFBA97DA,103.07,0.0,9.77,有,1305.0,15.0
大安區,房地(土地+建物)+車位,敦化南路一段１３８號十一樓之６,13.0,住,,,1120622,土地2建物1車位1,十一層,二十三層,住宅大樓(11層含以上有電梯),住家用,1090909.0,206.37,3,2,2,有,有,83500000,404613.0,坡道平面,32.28,0,,RPPNMLRJPHIGFFA08DA,103.61,5.83,7.06,有,,3.0
中正區,房地(土地+建物),廈門街２５巷４弄７號五樓,32.6,住,,,1120611,土地1建物1車位0,五層,五層,公寓(5樓含以下無電梯),住家用,700511.0,156.44,4,2,2,有,無,27000000,172590.0,,0.0,0,陽台外推；,RPQOMLQKOHIGFAA67DA,111.18,0.0,24.96,無,1307.0,42.0
內湖區,房地(土地+建物)+車位,康寧路一段１９５巷３弄６號二樓之１,16.94,住,,,1120614,土地1建物1車位2,二層,九層,華廈(10層含以下有電梯),住家用,1080814.0,155.0,2,2,1,有,有,20700000,242658.0,坡道平面,90.3,5000000,,RPPOMLSKPHIGFCA08DA,37.14,0.0,4.92,有,1308.0,4.0
內湖區,房地(土地+建物)+車位,康樂街１３６巷３０弄１１號十四樓之１,25.55,住,,,1120618,土地2建物1車位1,十四層,十五層,住宅大樓(11層含以上有電梯),住家用,1090424.0,154.17000000000002,3,2,2,有,有,31680000,214135.0,坡道機械,16.5,2200000,,RPUNMLLKPHIGFCA77DA,90.58,0.63,9.13,有,,3.0
信義區,房地(土地+建物)+車位,中坡南路２２巷７號五樓之１,12.22,住,,,1120613,土地1建物1車位1,五層,七層,華廈(10層含以下有電梯),住家用,1021107.0,85.53,1,1,1,有,有,20500000,276728.0,塔式車位,19.4,2200000,房屋價格：1830萬元整，其中土地價格為1281萬元整、建物價格為549萬元整；停車位價格：220萬元整，其中土地價格為154萬元整、建物價格為66萬元整。塔式車位位於地下三層。陽台外推；夾層；其他增建；,RPTOMLPJPHIGFDA18DA,34.28,3.42,8.58,有,,10.0
內湖區,房地(土地+建物),新明路３８０巷６弄１０號二樓,24.75,住,,,1120605,土地1建物1車位0,二層，陽台,四層,公寓(5樓含以下無電梯),住家用,630130.0,73.44,2,2,2,有,無,14000000,190632.0,,0.0,0,3建築物含有：增建約3坪左右地下室使用權陽台外推；,RPVNMLTKPHIGFCA78EA,73.44,0.0,0.0,無,,49.0
萬華區,房地(土地+建物),和平西路三段３８４號五樓之１２,3.1,住,,,1120615,土地2建物1車位0,五層,八層,華廈(10層含以下有電梯),住家用,700706.0,21.82,1,0,1,有,有,3060000,140238.0,,0.0,0,,RPTOMLQJPHIGFBA08DA,15.38,0.0,0.0,有,1309.0,42.0
文山區,房地(土地+建物),辛亥路四段１４０號六樓之３,12.89,住,,,1120604,土地1建物1車位0,六層,九層,華廈(10層含以下有電梯),住家用,981116.0,63.379999999999995,2,1,1,有,有,13800000,217734.0,,0.0,0,陽台外推；夾層；,RPPNMLOJOHIGFAA17DA,30.29,6.1,5.75,有,1310.0,14.0
文山區,房地(土地+建物),興隆路三段２２１巷４弄１５號,53.28,住,,,1120604,土地3建物1車位0,一層,五層,公寓(5樓含以下無電梯),住家用,690910.0,90.01,3,2,3,有,有,15650000,173870.0,,0.0,0,陽台外推；,RPSNMLSLOHIGFAA08DA,75.81,14.2,0.0,無,,43.0
大安區,房地(土地+建物),信義路三段１３４巷７０號四樓,21.13,住,,,1120607,土地1建物1車位0,四層,十六層,住宅大樓(11層含以上有電梯),住家用,750415.0,108.82,3,2,2,有,有,24700000,226980.0,,0.0,0,,RPQNMLMJPHIGFFA67DA,75.83,0.55,10.27,有,,37.0
北投區,房地(土地+建物),泉源路３６之２２號八樓之１,9.35,住,,,1120621,土地1建物1車位0,八層,十一層,住宅大樓(11層含以上有電梯),住家用,780921.0,77.52000000000001,1,1,1,有,有,8000000,103186.0,,0.0,0,陽台外推；其他增建；,RPQNMLLKPHIGFEA57DA,41.9,19.95,3.6,有,,34.0
北投區,房地(土地+建物),中和街５０２巷８弄１５之１號二樓,22.97,住,,,1120605,土地1建物1車位0,二層,五層,公寓(5樓含以下無電梯),住家用,671215.0,90.54,3,2,1,有,無,8800000,97195.0,,0.0,0,陽台外推；,RPOOMLMJPHIGFEA47DA,68.16,0.0,16.73,無,,44.0
內湖區,房地(土地+建物)+車位,星雲街１５０巷４０號九樓,28.0,住,,,1120602,土地1建物1車位1,九層,十三層,住宅大樓(11層含以上有電梯),住家用,880121.0,131.33,5,2,2,有,有,29000000,234048.0,坡道機械,14.26,1600000,夾層；其他增建；,RPPOMLOJPHIGFCA57DA,83.47,0.0,7.68,有,,24.0
信義區,房地(土地+建物),永吉路１２０巷４３弄７號,6.38,住,,,1120615,土地1建物1車位0,一層,六層,華廈(10層含以下有電梯),住家用,1040330.0,26.380000000000003,1,1,1,有,無,8000000,303260.0,,0.0,0,,RPXNMLQJPHIGFDA58DA,14.32,0.0,0.0,有,1311.0,8.0
北投區,房地(土地+建物),石牌路二段３１５巷２號五樓之２,8.2,住,,,1120616,土地4建物1車位0,五層,六層,華廈(10層含以下有電梯),住家用,830912.0,43.97,1,1,1,有,有,7700000,175119.0,,0.0,0,陽台外推；其他增建；,RPPNMLOLOHIGFEA77DA,16.88,12.39,3.5,有,1313.0,29.0
松山區,房地(土地+建物),寶清街１０３巷３０號三樓,26.75,住,,,1120629,土地1建物1車位0,三層，陽台,四層,公寓(5樓含以下無電梯),住家用,611023.0,79.35,3,1,1,有,無,11500000,144928.0,,0.0,0,,RPSRMLRLLHIGFDA48EA,79.35,0.0,0.0,無,,51.0
大安區,房地(土地+建物),安居街７５巷１０號三樓,19.98,住,,,1120608,土地1建物1車位0,三層,五層,公寓(5樓含以下無電梯),住家用,671205.0,71.14,3,2,2,有,無,17000000,238965.0,,0.0,0,陽台外推；,RPUNMLMKPHIGFFA18DA,58.96,0.0,12.18,無,1315.0,45.0
信義區,房地(土地+建物),虎林街２２２巷５０號三樓,47.0,住,,,1120615,土地2建物1車位0,三層,四層,公寓(5樓含以下無電梯),住家用,580123.0,87.43,3,2,1,有,無,19000000,217317.0,,0.0,0,,RPWNMLPKOHIGFDA38DA,87.43,0.0,0.0,無,,54.0
大安區,房地(土地+建物),復興南路一段１０７巷５弄１０之１號,21.57,住,,,1120618,土地1建物1車位0,一層,六層,華廈(10層含以下有電梯),住家用,,90.44,3,2,2,有,有,30700000,339452.0,,0.0,0,其他增建；,RPQNMLKMOHIGFFA67DA,84.07,6.37,0.0,有,,
松山區,房地(土地+建物),興安街１５１號七樓,29.96,住,,,1120619,土地1建物1車位0,七層,七層,華廈(10層含以下有電梯),住家用,730814.0,143.67,4,3,2,有,有,37000000,257535.0,,0.0,0,陽台外推；頂樓加蓋；,RPQOMLLKPHIGFDA57DA,109.52,0.91,13.09,有,,39.0
中正區,房地(土地+建物)+車位,汀州路二段１６７號十六樓之５,11.21,住,,,1120618,土地1建物1車位1,十六層,十八層,住宅大樓(11層含以上有電梯),住家用,1101108.0,118.72,1,2,1,有,有,26800000,234290.0,坡道平面,17.99,3200000,,RPTNMLNKPHIGFAA67DA,41.61,7.55,2.34,有,1318.0,2.0
士林區,房地(土地+建物)+車位,重慶北路四段２２２號三樓之１,11.54,住,,,1120617,土地2建物1車位1,三層,十四層,住宅大樓(11層含以上有電梯),住家用,1060413.0,92.56,2,2,1,有,有,16450000,203070.0,坡道機械,18.94,1500000,,RPQPMLKLPHIGFEA77DA,44.88,0.0,4.11,有,1319.0,6.0
北投區,房地(土地+建物),懷德街３之２號四樓,30.55,住,,,1120624,土地1建物1車位0,四層,五層,公寓(5樓含以下無電梯),住家用,690419.0,107.0,3,2,2,有,無,18200000,170093.0,,0.0,0,其他增建；,RPSNMLRJPHIGFEA28DA,91.92,0.0,15.08,無,,43.0
信義區,房地(土地+建物),松山路５１８號六樓,21.41,住,,,1120616,土地1建物1車位0,六層,七層,華廈(10層含以下有電梯),住家用,710225.0,108.84,1,3,1,有,無,23300000,214076.0,,0.0,0,陽台外推；,RPQNMLPJPHIGFDA77DA,80.1,1.24,12.88,有,,41.0
信義區,房地(土地+建物),虎林街２０２巷４５號四樓,31.25,住,,,1120604,土地1建物1車位0,四層,四層,公寓(5樓含以下無電梯),住家用,600407.0,90.44,3,2,1,有,無,17500000,193498.0,,0.0,0,頂樓加蓋；,RPRNMLKLPHIGFDA57DA,81.97,0.0,8.47,無,1321.0,52.0
內湖區,房地(土地+建物)+車位,行善路２８１巷１９弄３號八樓,55.88,住,,,1120630,土地1建物1車位1,八層,十層,華廈(10層含以下有電梯),住家用,980921.0,278.14,4,1,2,有,有,61000000,239911.0,坡道平面,35.55,2800000,,RPVNMLKLPHIGFCA97EA,134.08,16.45,14.83,有,,14.0
士林區,房地(土地+建物),承德路五段５６號二樓,29.0,住,,,1120626,土地1建物1車位0,二層,三層,公寓(5樓含以下無電梯),住家用,591104.0,67.2,2,2,1,有,無,8010000,119196.0,,0.0,0,陽台外推；其他增建；,RPQNMLOJPHIGFEA77DA,67.2,0.0,0.0,無,,53.0
內湖區,房地(土地+建物),康寧路三段１９０巷３５號十樓之３,7.26,住,,,1120619,土地1建物1車位0,十層,十二層,住宅大樓(11層含以上有電梯),住家用,970103.0,31.15,1,1,1,有,有,9380000,301124.0,,0.0,0,陽台外推；其他增建；,RPUOMLKKPHIGFCA77DA,18.4,1.15,1.48,有,,15.0
中山區,房地(土地+建物),民權東路二段９２巷１弄９號五樓之１,15.68,住,,,1120611,土地1建物1車位0,五層,五層,華廈(10層含以下有電梯),住家用,810427.0,64.6,2,2,1,有,有,14880000,230341.0,,0.0,0,陽台外推；頂樓加蓋；其他增建；,RPQNMLTKPHIGFCA18DA,30.59,8.95,4.49,有,,31.0
中山區,房地(土地+建物),龍江路３３１巷１３號二樓,18.12,住,,,1120620,土地2建物1車位0,二層,五層,公寓(5樓含以下無電梯),住家用,680107.0,56.63,3,2,2,有,無,9700000,171287.0,,0.0,0,,RPSNMLTKPHIGFCA38DA,49.19,0.0,7.45,無,1325.0,44.0
文山區,房地(土地+建物),萬芳路６０之１７號六樓,36.12,,,,1120629,土地1建物1車位0,六層,七層,華廈(10層含以下有電梯),住家用,960921.0,69.53999999999999,1,2,1,有,有,16500000,237274.0,,0.0,0,陽台外推；其他增建；,RPUNMLQJPHIGFAA97DA,48.43,0.0,5.43,有,,16.0
信義區,房地(土地+建物)+車位,和平東路三段４６３巷１７號五樓,26.29,住,,,1120617,土地1建物1車位2,五層,十一層,住宅大樓(11層含以上有電梯),住家用,891021.0,122.1,2,2,2,有,有,26300000,215397.0,塔式車位,0.0,0,陽台外推；,RPTOMLQLOHIGFDA38DA,72.64,2.52,5.92,有,1328.0,23.0
萬華區,房地(土地+建物),國興路１０２號十樓之１,29.28,住,,,1120614,土地1建物1車位0,十層,十層,華廈(10層含以下有電梯),住家用,800102.0,153.01,3,2,2,有,有,25600000,167309.0,,0.0,0,其他增建；,RPTOMLTKOHIGFBA38DA,109.6,0.0,13.1,有,,32.0
士林區,房地(土地+建物),中山北路五段８３７號三樓,24.77,住,,,1120618,土地1建物1車位0,三層，陽台,四層,公寓(5樓含以下無電梯),住家用,651109.0,91.04,2,2,2,有,無,20300000,222979.0,,0.0,0,陽台外推；其他增建；,RPUNMLKKPHIGFEA87DA,91.04,0.0,0.0,無,1331.0,47.0
北投區,房地(土地+建物),大興街２４巷８弄６號四樓,33.71,住,,,1120629,土地1建物1車位0,四層,四層,公寓(5樓含以下無電梯),住家用,681224.0,90.5,4,4,3,有,無,10580000,116906.0,,0.0,0,鐵鋁窗增建陽台外推；頂樓加蓋；其他增建；,RPOOMLLLPHIGFEA67EA,85.17,0.0,5.33,無,,44.0
士林區,房地(土地+建物),文昌路１６９巷２號四樓,30.75,住,,,1120622,土地1建物1車位0,四層,四層,公寓(5樓含以下無電梯),住家用,611115.0,89.38,3,2,1,有,無,16200000,181249.0,,0.0,0,頂樓加蓋；其他增建；,RPTNMLOJPHIGFEA08DA,89.38,0.0,0.0,無,,51.0
中山區,房地(土地+建物)+車位,南京東路三段８９巷１５弄１０號四樓,23.05,住,,,1120612,土地1建物1車位1,四層,七層,華廈(10層含以下有電梯),住家用,1010323.0,112.16,2,2,1,有,有,32900000,297631.0,升降機械,10.02,2500000,陽台外推；其他增建；,RPUNMLKMOHIGFCA77DA,51.67,7.1,8.64,有,1332.0,11.0
萬華區,房地(土地+建物),西園路二段３２０巷３６弄４號四樓,9.92,住,,,1120627,土地1建物1車位0,四層,五層,公寓(5樓含以下無電梯),住家用,601012.0,30.41,2,1,1,有,無,3180000,104571.0,,0.0,0,買方負擔土地增值稅109614元整,RPPOMLQJPHIGFBA67DA,27.62,0.0,2.79,無,,52.0
士林區,房地(土地+建物),天玉街１０６號三樓,32.67,住,,,1120618,土地1建物1車位0,三層,五層,公寓(5樓含以下無電梯),住家用,680316.0,109.66,3,2,1,有,無,17500000,159584.0,,0.0,0,陽台外推；,RPQNMLLLPHIGFEA67DA,96.08,0.0,13.58,無,,44.0
北投區,房地(土地+建物),承德路七段３４４巷８號二樓,19.1,住,,,1120603,土地1建物1車位0,二層，電梯樓梯間,五層,華廈(10層含以下有電梯),住家用,840626.0,73.26,2,2,1,有,有,16000000,218400.0,,0.0,0,陽台外推；其他增建；,RPPNMLTKOHIGFEA18DA,59.4,2.05,7.89,有,,28.0
中正區,房地(土地+建物)+車位,汀州路三段６０巷２弄７號三樓,29.4,住,,,1120616,土地1建物1車位1,三層,十四層,住宅大樓(11層含以上有電梯),住家用,891012.0,139.91,2,2,2,有,有,36800000,263026.0,坡道平面,0.0,0,陽台外推；其他增建；,RPPNMLLJPHIGFAA96DA,68.82,0.0,10.69,有,,23.0
中正區,房地(土地+建物),寧波西街９７號六樓之２,8.23,住,,,1120622,土地1建物1車位0,六層,十二層,住宅大樓(11層含以上有電梯),住家用,710709.0,57.12,2,1,1,有,有,10000000,175070.0,,0.0,0,,RPUNMLTLOHIGFAA38DA,43.55,0.0,3.1,有,,41.0
內湖區,房地(土地+建物),內湖路三段６０巷１２弄１０號四樓,31.53,住,,,1120612,土地1建物1車位0,四層,五層,公寓(5樓含以下無電梯),住家用,681128.0,99.54,3,2,2,有,無,13000000,130601.0,,0.0,0,,RPPPMLKLPHIGFCA47DA,87.94,0.0,11.6,無,,44.0
北投區,房地(土地+建物)+車位,珠海路１０７巷８號四樓,127.87,住,,,1120610,土地1建物2車位2,四層，五層,五層,華廈(10層含以下有電梯),住家用,991116.0,383.15,4,2,4,有,有,68000000,182002.0,坡道平面,37.0,5000000,其他增建；,RPWNMLLLPHIGFEA28DA,163.94,59.27,16.0,有,,13.0
南港區,房地(土地+建物)+車位,中南街１４２之２號六樓,20.55,住,,,1120619,土地1建物1車位1,六層,九層,華廈(10層含以下有電梯),住家用,861110.0,113.84,3,2,2,有,有,17150000,150650.0,坡道機械,0.0,2000000,陽台外推；夾層；其他增建；,RPPOMLMKPHIGFDA57DA,46.4,2.35,6.68,有,,26.0
北投區,房地(土地+建物)+車位,中央北路三段４０巷３４弄１７號七樓,16.26,住,,,1120623,土地1建物1車位1,七層,九層,華廈(10層含以下有電梯),住家用,990806.0,97.29,2,2,1,有,有,14700000,151095.0,升降機械,18.09,0,,RPQNMLOKPHIGFEA87DA,44.43,5.05,4.95,有,1336.0,13.0
中山區,房地(土地+建物),新生北路二段１３３巷４３號三樓,25.0,住,,,1120603,土地1建物1車位0,三層,四層,公寓(5樓含以下無電梯),住家用,561002.0,88.25,3,2,1,有,無,15800000,179037.0,,0.0,0,,RPOOMLLLPHIGFCA47EA,88.25,0.0,0.0,無,,56.0
內湖區,房地(土地+建物),康樂街１１１巷８號二樓,27.37,住,,,1120611,土地1建物1車位0,二層,五層,公寓(5樓含以下無電梯),住家用,731022.0,90.81,3,2,1,有,無,15600000,171787.0,,0.0,0,其他增建；,RPQNMLSJPHIGFCA97DA,82.76,0.0,8.05,無,1337.0,39.0
北投區,房地(土地+建物),永興路一段５號三樓,12.8,住,,,1120601,土地1建物1車位0,三層,五層,公寓(5樓含以下無電梯),住家用,661121.0,62.8,2,2,1,有,無,9200000,146497.0,,0.0,0,陽台外推；,RPUNMLTKPHIGFEA78DA,52.25,0.0,10.55,無,,46.0
士林區,房地(土地+建物)+車位,承德路四段８８號十樓之２,10.69,住,,,1120626,土地1建物1車位1,十層,十五層,住宅大樓(11層含以上有電梯),住家用,1110421.0,110.42,2,2,1,有,有,27120000,245608.0,塔式車位,22.78,0,,RPTRMLKLPHIGFEA28DA,52.92,2.6,2.02,有,,1.0
信義區,房地(土地+建物),仁愛路四段４５２巷６號六樓,15.66,住,,,1120623,土地1建物1車位0,六層,七層,華廈(10層含以下有電梯),住家用,721006.0,93.23,3,2,2,有,無,29330000,314598.0,,0.0,0,陽台外推；其他增建；,RPROMLLKPHIGFDA67DA,63.44,0.0,15.27,有,,40.0
北投區,房地(土地+建物),中央北路三段４０巷３４弄１１號三樓,32.31,住,,,1120612,土地1建物1車位0,三層,四層,公寓(5樓含以下無電梯),住家用,680613.0,88.93,3,2,1,有,無,9300000,104577.0,,0.0,0,,RPQNMLQLOHIGFEA08DA,77.32,0.0,11.61,無,,44.0
北投區,房地(土地+建物)+車位,泉源路２０號五樓,39.28,住,,,1120610,土地1建物1車位1,五層,十二層,住宅大樓(11層含以上有電梯),住家用,921119.0,177.59,3,2,2,有,有,24500000,148991.0,坡道平面,29.93,2500000,,RPRRMLKLPHIGFEA08DA,102.06,0.0,12.75,有,,20.0
中山區,房地(土地+建物),建國北路三段７１號五樓之２,7.77,住,,,1120621,土地2建物1車位0,五層,十四層,住宅大樓(11層含以上有電梯),住家用,1041016.0,77.98,2,2,1,有,有,19800000,253911.0,,0.0,0,夾層；其他增建；,RPSOMLKKPHIGFCA57DA,42.66,2.32,4.31,有,1339.0,8.0
士林區,房地(土地+建物),社中街１３４號二樓,29.68,住,,,1120618,土地1建物1車位0,二層,五層,公寓(5樓含以下無電梯),住家用,710224.0,103.54,2,2,1,有,無,13600000,131350.0,,0.0,0,,RPPNMLOLPHIGFEA97EA,98.17,0.0,5.37,無,,41.0
萬華區,房地(土地+建物),青年路１０６巷３０弄９號,17.7,住,,,1120614,土地2建物1車位0,一層，騎樓,五層,公寓(5樓含以下無電梯),住家用,640403.0,51.81,1,2,1,有,有,9500000,183362.0,,0.0,0,平台、天井其他增建；,RPPOMLTKOHIGFBA97DA,51.81,0.0,0.0,無,,48.0
內湖區,房地(土地+建物),康寧路三段１８９巷５４號,33.84,住,,,1120628,土地2建物1車位0,一層,六層,華廈(10層含以下有電梯),住家用,801125.0,133.1,3,2,2,有,無,20200000,151766.0,,0.0,0,其他增建；,RPPOMLRKPHIGFCA97DA,43.01,73.98,0.0,有,,32.0
大安區,房地(土地+建物),羅斯福路二段８１巷１６弄５號五樓,12.42,住,,,1120620,土地1建物1車位0,五層,五層,華廈(10層含以下有電梯),住家用,960524.0,44.7,2,1,1,有,有,18200000,407159.0,,0.0,0,陽台外推；,RPOOMLQLOHIGFFA08DA,23.0,0.0,7.23,有,,16.0
信義區,房地(土地+建物),基隆路一段３５巷５弄５號二樓,26.0,住,,,1120621,土地1建物1車位0,二層,四層,公寓(5樓含以下無電梯),住家用,570826.0,72.6,2,1,1,有,無,14270000,196556.0,,0.0,0,其他增建:窗戶外推陽台外推；其他增建；,RPQNMLOLPHIGFDA87DA,72.6,0.0,0.0,無,,55.0
文山區,房地(土地+建物)+車位,興隆路四段１６５巷５６號六樓,49.35,住,,,1120610,土地1建物1車位2,六層,十三層,住宅大樓(11層含以上有電梯),住家用,981113.0,250.23,4,2,2,有,有,40000000,173266.0,坡道機械,33.8,2500000,,RPQOMLOKOHIGFAA47DA,130.12,11.84,12.43,有,,14.0
信義區,房地(土地+建物),吳興街２８４巷２０弄６３號,30.0,住,,,1120620,土地1建物1車位0,一層,四層,公寓(5樓含以下無電梯),住家用,610518.0,80.13,3,2,1,有,無,17500000,218395.0,,0.0,0,,RPTNMLOLPHIGFDA18DA,73.62,6.51,0.0,無,,51.0
文山區,房地(土地+建物),富山路２之２號三樓,39.62,住,,,1120611,土地1建物1車位0,三層,四層,公寓(5樓含以下無電梯),住家用,671122.0,102.23,3,2,1,有,無,12500000,122273.0,,0.0,0,其他增建；,RPQNMLSKPHIGFAA87DA,84.88,6.95,0.0,無,,45.0
中正區,房地(土地+建物)+車位,汀州路三段６７號十一樓,25.8,住,,,1120604,土地2建物1車位1,十一層,十二層,住宅大樓(11層含以上有電梯),住家用,1071122.0,205.17,0,2,2,有,有,66000000,375189.0,坡道平面,39.92,4000000,其他增建；,RPTQMLLLRHHGFAA08EA,91.25,8.97,9.29,有,,5.0
萬華區,房地(土地+建物)+車位,東園街３０號五樓之３,18.91,住,,,1120604,土地1建物1車位1,五層,九層,華廈(10層含以下有電梯),住家用,1090220.0,94.06,2,2,1,有,有,19000000,217086.0,塔式車位,15.75,2000000,,RPPOMLOKOHIGFBA47DA,42.15,2.38,4.23,有,1349.0,3.0
南港區,房地(土地+建物)+車位,經貿二路２３５巷５３號十二樓,37.27,住,,,1120602,土地1建物1車位1,十二層,十二層,住宅大樓(11層含以上有電梯),住家用,990409.0,178.14,2,2,2,有,有,41000000,266491.0,坡道平面,33.67,2500000,,RPVNMLRJPHIGFDA48DA,84.47,11.11,6.17,有,1350.0,13.0
北投區,房地(土地+建物),立農街二段２８９巷３號二樓,25.03,住,,,1120626,土地1建物1車位0,二層,五層,公寓(5樓含以下無電梯),住家用,671117.0,93.78,3,2,2,有,無,19430000,207187.0,,0.0,0,陽台外推；其他增建；,RPSNMLLKPHIGFEA77DA,77.57,0.0,16.21,無,,45.0
大安區,房地(土地+建物),建國南路二段７９巷２０號九樓,21.13,住,,,1120628,土地1建物1車位0,九層,十七層,住宅大樓(11層含以上有電梯),住家用,750415.0,108.82,3,2,2,有,有,31680000,291123.0,,0.0,0,陽台外推；其他增建；,RPPNMLNKPHIGFFA77DA,75.83,0.55,10.27,有,,37.0
大安區,房地(土地+建物),新生南路二段１６巷２號二樓,9.04,住,,,1120619,土地2建物1車位0,二層,八層,華廈(10層含以下有電梯),住家用,961220.0,43.7,0,0,0,無,有,17400000,398169.0,,0.0,0,,RPUNMLLLPHIGFFA18DA,19.09,1.59,2.46,有,,15.0
文山區,房地(土地+建物)+車位,興隆路四段１４５巷８３弄８號六樓,22.08,住,,,1120606,土地1建物1車位1,六層,十層,華廈(10層含以下有電梯),住家用,870730.0,111.2,3,2,2,有,有,17500000,157374.0,升降機械,0.0,1800000,車位面積無法概算陽台外推；夾層；其他增建；,RPUNMLPJPHIGFAA87DA,66.09,4.44,6.53,有,,25.0
士林區,房地(土地+建物),忠義街７１巷３３號二樓,32.44,住,,,1120618,土地2建物1車位0,二層,五層,公寓(5樓含以下無電梯),住家用,750418.0,120.08,3,2,2,有,無,19300000,160726.0,,0.0,0,,RPPNMLOLPHIGFEA87DA,106.23,0.0,8.79,無,,37.0
萬華區,房地(土地+建物),青年路６２之１號,23.6,住,,,1120603,土地1建物1車位0,一層,十二層,住宅大樓(11層含以上有電梯),住家用,711027.0,98.73,3,2,1,有,有,17430000,176542.0,,0.0,0,其他增建；,RPTNMLLLPHIGFBA67DA,68.29,7.92,0.0,有,,41.0
萬華區,房地(土地+建物),德昌街１４號四樓,30.92,住,,,1120615,土地1建物1車位0,四層,十二層,住宅大樓(11層含以上有電梯),住家用,880409.0,123.38,3,2,2,有,有,20880000,169233.0,,0.0,0,,RPPOMLKLPHIGFBA27DA,80.22,2.43,8.29,有,,24.0
大安區,房地(土地+建物),臥龍街１５１巷７０弄９號四樓,24.0,住,,,1120610,土地1建物1車位0,四層,五層,公寓(5樓含以下無電梯),住家用,711214.0,82.13,3,2,1,有,無,15200000,185072.0,,0.0,0,其他增建；,RPRNMLSLOHIGFFA48DA,67.92,0.0,4.52,無,,40.0
北投區,房地(土地+建物),石牌路一段３９巷１４２號五樓,22.95,住,,,1120629,土地1建物1車位0,五層,七層,華廈(10層含以下有電梯),住家用,1020701.0,75.07,1,1,1,有,有,16550000,220461.0,,0.0,0,,RPSNMLLLPHIGFEA87DA,41.21,0.0,3.28,有,1356.0,10.0
大安區,房地(土地+建物),青田街６巷１２號五樓之２,9.49,住,,,1120617,土地1建物1車位0,五層,七層,華廈(10層含以下有電梯),住家用,980828.0,42.35,1,2,1,有,有,18580000,438725.0,,0.0,0,夾層；其他增建；,RPPNMLLKPHIGFFA57DA,21.38,1.72,3.82,有,1357.0,14.0
南港區,房地(土地+建物)+車位,松河街４８０號四樓,48.12,住,,,1120618,土地1建物1車位1,四層,九層,華廈(10層含以下有電梯),住家用,970718.0,191.11,3,2,2,有,有,34980000,222207.0,坡道平面,44.94,2500000,陽台外推；,RPRNMLKKPHIGFDA47DA,79.86,6.35,11.07,有,,15.0
內湖區,房地(土地+建物),成功路二段４２６巷７弄３號五樓,34.68,住,,,1120613,土地1建物1車位0,五層,五層,公寓(5樓含以下無電梯),住家用,750224.0,109.96,3,2,2,有,無,14500000,131866.0,,0.0,0,頂樓加蓋；,RPSPMLNKOHIGFCA87DA,90.31,0.0,9.43,無,,37.0
北投區,房地(土地+建物),大度路三段２９９號三樓之２,5.92,住,,,1120629,土地3建物1車位0,三層,十四層,住宅大樓(11層含以上有電梯),住家用,971013.0,57.84,1,1,1,有,有,10380000,179461.0,,0.0,0,其他增建；,RPQRMLKLPHIGFEA97DA,32.86,1.85,4.12,有,1359.0,15.0
中山區,房地(土地+建物)+車位,敬業三路１６２巷２４號十一樓,47.09,住,,,1120619,土地1建物1車位1,十一層,十二層,住宅大樓(11層含以上有電梯),住家用,890628.0,155.72,3,2,2,有,有,30000000,192653.0,坡道平面,0.0,0,陽台外推；,RPPRMLOKPHIGFCA97DA,77.76,0.0,8.22,有,1362.0,23.0
萬華區,房地(土地+建物),中華路二段５０４巷１５號九樓,12.4,住,,,1120611,土地1建物1車位0,九層,十二層,住宅大樓(11層含以上有電梯),住家用,680403.0,46.08,2,2,1,有,有,9800000,212674.0,,0.0,0,其他增建；,RPXNMLNJPHIGFBA08DA,38.94,0.0,7.14,有,,44.0
萬華區,房地(土地+建物),萬大路２７７巷４６號十二樓,19.23,住,,,1120607,土地1建物1車位0,十二層,十二層,住宅大樓(11層含以上有電梯),住家用,711027.0,80.31,3,2,2,有,有,16500000,205454.0,,0.0,0,陽台外推；,RPRQMLOLPHIGFBA08DA,55.51,0.0,6.75,有,1363.0,41.0
中山區,房地(土地+建物),中山北路二段６２巷１９號三樓,32.0,住,,,1120625,土地1建物1車位0,三層,四層,公寓(5樓含以下無電梯),住家用,580903.0,79.54,0,0,0,無,無,13510000,169852.0,,0.0,0,,RPOOMLLLPHIGFCA37DA,79.54,0.0,0.0,無,,54.0
北投區,房地(土地+建物)+車位,承德路七段３８８號二十樓之１,23.87,住,,,1120630,土地1建物1車位1,二十層，電梯樓梯間,二十三層,住宅大樓(11層含以上有電梯),住家用,841221.0,180.78,3,2,2,有,有,28300000,156544.0,坡道平面,0.0,2000000,陽台加窗其他增建；,RPQNMLMLPHIGFEA77DA,111.15,7.49,16.36,有,,28.0
松山區,房地(土地+建物),延吉街１２號六樓,32.78,住,,,1120614,土地1建物1車位0,六層,七層,華廈(10層含以下有電梯),住家用,771001.0,168.44,3,2,2,有,有,40880000,242698.0,,0.0,0,陽台外推；其他增建；,RPVPMLQJPHIGFDA58DA,128.88,0.85,13.97,有,1366.0,35.0
內湖區,房地(土地+建物)+車位,星雲街１６５號六樓之４,11.98,,,,1120624,土地1建物1車位1,六層,十四層,住宅大樓(11層含以上有電梯),住家用,880901.0,85.17,2,1,2,有,有,19200000,292438.0,坡道機械,20.37,250000,夾層；,RPXNMLOJPHIGFCA28DA,45.18,0.0,5.38,有,,24.0
士林區,房地(土地+建物),天母北路８７巷８號五樓,46.7,住,,,1120627,土地1建物1車位0,五層,五層,公寓(5樓含以下無電梯),住家用,670701.0,106.89,5,2,2,有,無,16300000,152493.0,,0.0,0,頂樓加蓋；,RPTNMLPLPHIGFEA48EA,101.77,0.0,5.12,無,,45.0
大安區,房地(土地+建物),富陽街１２２號三樓,29.6,住,,,1120618,土地2建物1車位0,三層,四層,公寓(5樓含以下無電梯),住家用,690109.0,88.53999999999999,2,2,1,有,無,15400000,173933.0,,0.0,0,陽台外推；,RPSNMLSKPHIGFFA58DA,70.58,0.0,14.5,無,,43.0
大安區,房地(土地+建物),安和路一段１４１巷５號二樓,37.4,住,,,1120610,土地5建物1車位0,二層,五層,公寓(5樓含以下無電梯),住家用,730216.0,138.92,4,2,2,有,無,36180000,260438.0,,0.0,0,陽台外推；其他增建；,RPXNMLQJPHIGFFA78DA,116.05,0.0,12.46,無,,39.0
南港區,房地(土地+建物)+車位,東明街２６號十二樓之３,32.05,住,,,1120613,土地1建物1車位1,十二層,十五層,住宅大樓(11層含以上有電梯),住家用,980312.0,186.27999999999997,3,2,2,有,有,49400000,317923.0,坡道平面,38.76,2500000,,RPQNMLLJPHIGFDA37DA,98.12,3.28,6.81,有,,14.0
內湖區,房地(土地+建物)+車位,成功路四段７１號六樓,31.24,住,,,1120627,土地2建物1車位5,六層,十二層,住宅大樓(11層含以上有電梯),住家用,1020607.0,415.1799999999999,4,2,2,有,有,65880000,244209.0,坡道平面,178.17,8000000,,RPPNMLRKPHIGFCA87DA,124.85,22.93,7.13,有,,10.0
中山區,房地(土地+建物),松江路４３１巷２２號,29.5,住,,,1120609,土地1建物1車位0,一層,七層,華廈(10層含以下有電梯),住家用,720829.0,163.95999999999998,2,1,2,有,有,28000000,170773.0,,0.0,0,建物格局：一樓2房1廳2衛，地下室無隔間,RPQNMLPLPHIGFCA87DA,101.84,54.17,0.0,有,,40.0
南港區,房地(土地+建物),研究院路二段１２巷５７弄２７號二樓,26.9,住,,,1120606,土地1建物1車位0,二層,五層,公寓(5樓含以下無電梯),住家用,741210.0,104.65,3,2,2,有,無,13000000,124224.0,,0.0,0,,RPQNMLPKOHIGFDA77DA,86.05,0.0,9.57,無,,37.0
信義區,房地(土地+建物)+車位,永吉路２２５巷９號六樓之１,21.81,住,,,1120625,土地1建物1車位1,六層,十二層,住宅大樓(11層含以上有電梯),住家用,1111111.0,164.35000000000002,3,2,2,有,有,43500000,311042.0,坡道平面,35.74,3500000,,RPROMLRKPHIGFDA28DA,73.56,4.45,9.77,有,,1.0
北投區,房地(土地+建物),崗山路５巷１號三樓,32.16,住,,,1120621,土地1建物1車位0,三層,五層,公寓(5樓含以下無電梯),住家用,780612.0,116.86,3,2,2,有,有,13700000,117234.0,,0.0,0,其他增建；,RPSNMLMLPHIGFEA97DA,89.55,1.54,9.11,無,,34.0
北投區,房地(土地+建物)+車位,石牌路二段３１９號七樓,67.58,住,,,1120608,土地1建物1車位2,七層,十四層,住宅大樓(11層含以上有電梯),住家用,930712.0,401.11,4,2,4,有,有,80300000,235769.0,坡道平面,81.74,5000000,,RPSNMLOLPHIGFEA18DA,193.6,0.0,23.44,有,,19.0
信義區,房地(土地+建物)+車位,信義路五段１５０巷８號二十八樓之３,17.84,住,,,1120606,土地1建物1車位1,二十八層，電梯樓梯間,三十層,住宅大樓(11層含以上有電梯),住家用,861024.0,166.26,1,2,2,有,有,42500000,255624.0,坡道平面,0.0,0,,RPXOMLOLPHIGFDA68DA,138.22,1.69,11.81,有,1369.0,26.0
南港區,房地(土地+建物)+車位,經貿二路２３５巷５８號十二樓,43.62,住,,,1120609,土地1建物1車位1,十二層,十二層,住宅大樓(11層含以上有電梯),住家用,970627.0,203.84,4,2,2,有,有,46680000,265282.0,坡道平面,37.3,2500000,其他增建；,RPTOMLQJPHIGFDA28DA,104.04,7.63,8.09,有,,15.0
大安區,房地(土地+建物)+車位,金山南路二段１８５巷５號四樓,31.51,住,,,1120617,土地1建物1車位1,四層,七層,華廈(10層含以下有電梯),住家用,941215.0,125.13,3,1,2,有,無,35500000,283705.0,升降平面,17.59,0,陽台外推；,RPVNMLOKPHIGFFA48DA,55.88,0.0,8.82,有,,18.0
中正區,房地(土地+建物)+車位,羅斯福路三段２４４巷９弄３號五樓之５,18.17,住,,,1120624,土地1建物1車位1,五層,七層,華廈(10層含以下有電梯),住家用,1120105.0,87.38,2,2,1,有,有,30200000,398561.0,塔式車位,17.88,2500000,,RPTOMLNJPHIGFAA67DA,38.31,0.0,3.84,有,1374.0,
中正區,房地(土地+建物),水源路２３之１號十樓,19.18,住,,,1120622,土地1建物1車位0,十層,十層,華廈(10層含以下有電梯),住家用,731117.0,109.99,3,2,2,有,有,21000000,190926.0,,0.0,0,其他增建；,RPVNMLMKPHIGFAA77DA,78.67,0.0,7.53,有,1375.0,39.0
內湖區,房地(土地+建物)+車位,民權東路六段１９１巷１５號四樓,104.43,住,,,1120616,土地1建物2車位2,四層，五層,五層,華廈(10層含以下有電梯),住家用,980120.0,259.33000000000004,3,2,2,有,無,52500000,207985.0,坡道機械,26.14,4000000,雨遮外推陽台外推；,RPSPMLOKPHIGFCA08DA,127.6,19.78,17.36,有,,14.0
中正區,房地(土地+建物),愛國東路６２號九樓,19.48,住,,,1120607,土地3建物1車位0,九層,十二層,住宅大樓(11層含以上有電梯),住家用,761111.0,130.44,3,2,2,有,有,41500000,318154.0,,0.0,0,其他增建；,RPTNMLPJPHIGFAA77DA,111.73,0.39,12.02,有,,36.0
內湖區,房地(土地+建物),康寧路一段２９０號十樓之４,12.32,,,,1120616,土地4建物1車位0,十層,十二層,住宅大樓(11層含以上有電梯),住家用,801021.0,40.489999999999995,1,1,1,有,有,9360000,231168.0,,0.0,0,,RPVNMLLLPHIGFCA97DA,23.6,1.5,3.23,有,,32.0
南港區,房地(土地+建物)+車位,經貿二路２３５巷６５號二樓,23.92,住,,,1120618,土地1建物1車位1,二層,十二層,住宅大樓(11層含以上有電梯),住家用,990409.0,123.93,2,2,1,有,有,31200000,317970.0,坡道平面,33.67,2500000,,RPVOMLKKPHIGFDA97DA,53.83,3.99,5.22,有,1377.0,13.0
大安區,房地(土地+建物),樂業街７２巷２２號八樓,15.15,住,,,1120626,土地1建物1車位0,八層,十層,華廈(10層含以下有電梯),住家用,1100906.0,70.03,2,1,1,有,有,22500000,321291.0,,0.0,0,,RPPNMLPLPHIGFFA08DA,38.33,1.94,4.45,有,1378.0,2.0
北投區,房地(土地+建物),三合街二段４１０巷１４號四樓,26.94,住,,,1120616,土地2建物1車位0,四層,五層,公寓(5樓含以下無電梯),住家用,720111.0,99.68,3,2,1,有,無,11600000,116372.0,,0.0,0,,RPWNMLOLPHIGFEA58DA,80.14,0.0,12.16,無,,40.0
中山區,房地(土地+建物),龍江路３９７巷５１號二樓,29.4,住,,,1120617,土地2建物1車位0,二層,五層,公寓(5樓含以下無電梯),住家用,670712.0,106.11,3,2,1,有,無,20600000,194138.0,,0.0,0,陽台外推；其他增建；,RPRNMLTLOHIGFCA28DA,90.19,0.0,15.92,無,,45.0
內湖區,房地(土地+建物)+車位,安泰街１２５巷２３號三樓,18.27,住,,,1120615,土地1建物1車位1,三層，電梯樓梯間,七層,華廈(10層含以下有電梯),住家用,850715.0,75.07,2,2,2,有,有,12000000,159851.0,坡道機械,0.0,0,陽台外推；夾層；其他增建；,RPTOMLNJPHIGFCA87DA,42.43,1.64,4.76,有,1380.0,27.0
內湖區,房地(土地+建物),安泰街４９巷８號五樓,28.12,住,,,1120618,土地1建物1車位0,五層,五層,公寓(5樓含以下無電梯),住家用,730706.0,104.37,3,2,2,有,無,12250000,117371.0,,0.0,0,其他增建；,RPTPMLQJPHIGFCA28DA,85.66,0.0,8.11,無,,39.0
北投區,房地(土地+建物),裕民六路１１４巷２４弄６號四樓,22.5,住,,,1120614,土地1建物1車位0,四層，陽台,四層,公寓(5樓含以下無電梯),住家用,650421.0,62.96,2,0,2,有,無,13170000,209180.0,,0.0,0,陽台外推；頂樓加蓋；,RPOOMLQLOHIGFEA97DA,62.96,0.0,0.0,無,,47.0
內湖區,房地(土地+建物)+車位,新豐街１９號十樓,34.64,住,,,1120616,土地1建物1車位1,十層,十一層,住宅大樓(11層含以上有電梯),住家用,1090603.0,172.28,3,2,2,有,有,42880000,248897.0,坡道平面,0.0,0,,RPPNMLPLPHIGFCA87EA,80.65,3.79,4.07,有,1382.0,3.0
士林區,房地(土地+建物),中社路二段１７巷３０號,65.25,住,,,1120625,土地1建物1車位0,一層,四層,公寓(5樓含以下無電梯),住家用,650406.0,68.8,2,2,1,有,無,9700000,140988.0,,0.0,0,其他增建；,RPPNMLMKPHIGFEA57DA,68.8,0.0,0.0,無,,47.0
士林區,房地(土地+建物)+車位,菁山路５５之３號五樓,90.57,住,,,1120619,土地1建物1車位1,五層,五層,華廈(10層含以下有電梯),住家用,980605.0,218.94,3,2,2,有,有,27880000,144685.0,坡道平面,40.76,2100000,,RPPNMLTKPHIGFEA38EA,110.55,7.87,11.03,有,,14.0
文山區,房地(土地+建物)+車位,興隆路三段３０４巷３２之３號,25.44,住,,,1120618,土地2建物1車位2,一層,七層,華廈(10層含以下有電梯),住家用,1030314.0,155.60000000000002,3,2,2,有,有,21650000,187341.0,坡道平面,53.38,2500000,其他增建；,RPUNMLNJPHIGFAA67DA,68.13,6.08,8.22,有,1384.0,9.0
萬華區,房地(土地+建物)+車位,德昌街１３１號十九樓之２,47.09,住,,,1120612,土地1建物1車位2,十九層,二十三層,住宅大樓(11層含以上有電梯),住家用,1000131.0,299.45,3,2,2,有,有,59000000,236946.0,坡道平面,71.55,5000000,,RPQOMLNJPHIGFBA47DA,133.68,6.9,12.27,有,1385.0,12.0
內湖區,房地(土地+建物),內湖路三段１６３巷８弄１１號四樓,27.0,住,,,1120625,土地1建物1車位0,四層,五層,公寓(5樓含以下無電梯),住家用,661219.0,85.5,3,2,1,有,無,14500000,169591.0,,0.0,0,陽台外推；其他增建；,RPTPMLOKPHIGFCA18DA,71.43,0.0,14.07,無,,46.0
士林區,房地(土地+建物)+車位,至誠路一段１３６巷１７號十二樓,80.64,住,,,1120621,土地2建物1車位3,十二層,十四層,住宅大樓(11層含以上有電梯),住家用,1070702.0,429.59,0,0,0,無,有,92900000,216253.0,坡道平面,0.0,8900000,毛胚屋；,RPPNMLQLPHIGFEA08DA,167.9,10.71,19.87,有,,5.0
北投區,房地(土地+建物)+車位,三合街一段３６巷７號三樓,42.71,住,,,1120623,土地1建物1車位1,三層,九層,華廈(10層含以下有電梯),住家用,1050311.0,257.9,2,2,2,有,有,55860000,216596.0,坡道平面,38.2,0,,RPTNMLQLPHIGFEA58EA,123.35,11.68,12.94,有,1387.0,7.0
松山區,房地(土地+建物),光復北路１１巷８９號三樓之３,28.36,住,,,1120601,土地1建物1車位0,三層,十四層,住宅大樓(11層含以上有電梯),住家用,780810.0,181.68,3,2,2,有,有,49800000,274108.0,,0.0,0,陽台外推；其他增建；,RPOOMLKKPHIGFDA27DA,121.49,6.19,18.74,有,,34.0
文山區,房地(土地+建物)+車位,指南路三段２２巷１２之１號四樓,52.61,住,,,1120618,土地1建物1車位1,四層,十四層,住宅大樓(11層含以上有電梯),住家用,1010906.0,248.85,2,2,2,有,有,36000000,144665.0,坡道平面,0.0,2500000,,RPQOMLKKPHIGFAA17DA,120.53,10.01,13.62,有,1388.0,11.0
大安區,房地(土地+建物),延吉街１３７巷７弄７號三樓,27.07,住,,,1120629,土地1建物1車位0,三層,六層,華廈(10層含以下有電梯),住家用,710227.0,134.94,3,2,2,有,無,30000000,222321.0,,0.0,0,,RPQNMLQLPHIGFFA38EA,102.28,0.0,17.79,有,,41.0
內湖區,房地(土地+建物)+車位,星雲街１２９號五樓,13.29,住,,,1120630,土地1建物1車位1,五層,十四層,住宅大樓(11層含以上有電梯),住家用,931222.0,114.95,2,2,1,有,有,31000000,320838.0,坡道平面,26.12,2500000,其他增建；,RPXPMLOKPHIGFCA58DA,52.86,4.07,3.35,有,1390.0,19.0
中正區,房地(土地+建物),汀州路三段４５之３號四樓,7.1,住,,,1120619,土地3建物1車位0,四層,十三層,住宅大樓(11層含以上有電梯),住家用,871231.0,44.31,2,1,1,有,有,13000000,293387.0,,0.0,0,夾層；其他增建；,RPXNMLKLOHIGFAA77DA,27.03,0.0,5.23,有,,24.0
士林區,房地(土地+建物),社中街１３２號四樓,29.28,住,,,1120617,土地1建物1車位0,四層,五層,公寓(5樓含以下無電梯),住家用,710224.0,102.82,3,2,1,有,無,12300000,119627.0,,0.0,0,,RPWNMLQLPHIGFEA88EA,97.58,0.0,5.24,無,,41.0
北投區,房地(土地+建物),中華街２３號三樓,33.09,住,,,1120629,土地4建物1車位0,三層,五層,公寓(5樓含以下無電梯),住家用,700731.0,128.2,4,2,2,有,無,15000000,117005.0,,0.0,0,其他增建；,RPROMLOKPHIGFEA08DA,116.0,0.0,12.2,無,,42.0
信義區,房地(土地+建物),信義路六段１５巷８號,25.18,住,,,1120609,土地1建物1車位0,一層,七層,華廈(10層含以下有電梯),住家用,701231.0,119.72,4,2,2,有,有,24630000,205730.0,,0.0,0,其他增建；,RPUNMLOKPHIGFDA18DA,102.43,0.0,0.0,有,,41.0
北投區,房地(土地+建物),豐年路二段３２巷１２之１號五樓,26.03,住,,,1120607,土地1建物1車位0,五層,五層,公寓(5樓含以下無電梯),住家用,690227.0,93.39,3,2,2,有,無,12000000,128493.0,,0.0,0,頂樓加蓋；,RPUNMLMKPHIGFEA08DA,76.45,0.0,7.35,無,,43.0
內湖區,房地(土地+建物)+車位,成功路四段１７８號八樓之３,20.53,,,,1120627,土地1建物1車位2,八層,二十九層,住宅大樓(11層含以上有電梯),住家用,1070223.0,308.33,0,0,0,無,有,72800000,272258.0,坡道平面,58.2,4700000,,RPUOMLLKPHIGFCA87DA,145.68,5.95,18.1,有,1396.0,5.0
文山區,房地(土地+建物),指南路三段５７號四樓之５,12.88,住,,,1120617,土地1建物1車位0,四層,八層,華廈(10層含以下有電梯),住家用,1110913.0,55.260000000000005,1,1,1,有,有,11000000,199059.0,,0.0,0,其他增建:雨遮加蓋之增建物陽台外推；其他增建；,RPSNMLKMOHIGFAA37DA,25.11,7.82,2.02,有,,1.0
信義區,房地(土地+建物)+車位,永吉路１２０巷４３弄７號三樓,21.07,住,,,1120630,土地1建物1車位1,三層,六層,華廈(10層含以下有電梯),住家用,1040330.0,95.01,2,1,1,有,有,26000000,273655.0,升降機械,7.7,0,,RPPNMLLLPHIGFDA47DA,39.99,3.67,3.7,有,1399.0,8.0
萬華區,房地(土地+建物),中華路二段５０４巷３９號五樓,17.51,住,,,1120627,土地1建物1車位0,五層,十二層,住宅大樓(11層含以上有電梯),住家用,680403.0,63.09,3,2,1,有,有,12500000,198130.0,,0.0,0,,RPTNMLRLPHIGFBA28DA,55.83,0.0,7.26,有,,44.0
中山區,房地(土地+建物),建國北路二段９９號十四樓之３,16.22,住,,,1120614,土地1建物1車位0,十四層,十四層,住宅大樓(11層含以上有電梯),住家用,731101.0,138.86,3,2,2,有,有,32380000,233185.0,,0.0,0,陽台外推；頂樓加蓋；其他增建；,RPPOMLLKPHIGFCA37DA,102.26,2.88,8.6,有,,39.0
信義區,房地(土地+建物)+車位,虎林街１２０巷１２０號五樓之１,17.53,住,,,1120617,土地1建物1車位2,五層,八層,華廈(10層含以下有電梯),住家用,950404.0,104.66,3,2,1,有,有,25280000,241544.0,塔式車位,25.24,0,塔式車位位於地下三層。夾層；其他增建；,RPSOMLLKPHIGFDA77DA,46.09,1.1,3.44,有,1404.0,17.0
大安區,房地(土地+建物),信義路三段１３４巷９４號十四樓,24.73,住,,,1120625,土地1建物1車位0,十四層,十七層,住宅大樓(11層含以上有電梯),住家用,750415.0,117.66,3,2,2,有,有,34000000,288968.0,,0.0,0,陽台外推；其他增建；,RPOOMLPLPHIGFFA08DA,82.58,0.55,11.25,有,,37.0
北投區,房地(土地+建物),致遠一路二段７１巷６之１號一樓,16.68,住,,,1120615,土地3建物1車位0,一層,五層,公寓(5樓含以下無電梯),住家用,710827.0,71.74,3,1,2,有,無,15660000,218288.0,,0.0,0,其他增建；,RPVNMLSLOHIGFEA78DA,59.07,7.54,0.0,無,,41.0
信義區,房地(土地+建物)+車位,吳興街２８４巷８號三樓之１,18.41,住,,,1120625,土地1建物1車位1,三層,十一層,住宅大樓(11層含以上有電梯),住家用,1030805.0,122.07999999999998,2,2,2,有,有,32400000,282018.0,塔式車位,14.64,2100000,陽台外推；其他增建；,RPPNMLRLPHIGFDA08DA,58.71,14.62,2.99,有,,9.0
內湖區,房地(土地+建物)+車位,星雲街１６１巷９號八樓之１,31.16,住,,,1120627,土地1建物1車位2,八層,十五層,住宅大樓(11層含以上有電梯),住家用,961026.0,239.56,3,2,2,有,有,65000000,323694.0,坡道平面,54.2,5000000,,RPWOMLLKPHIGFCA08DA,117.97,11.89,5.39,有,1408.0,16.0
信義區,房地(土地+建物),基隆路二段７９巷３３弄３號二樓,24.8,住,,,1120617,土地1建物1車位0,二層,六層,華廈(10層含以下有電梯),住家用,780620.0,112.87,3,2,2,有,無,27600000,244529.0,,0.0,0,陽台外推；其他增建；,RPWNMLKLPHIGFDA08DA,88.11,2.8,13.53,有,,34.0
萬華區,房地(土地+建物),青年路１６８巷４９弄１３號五樓之１,17.63,住,,,1120626,土地1建物1車位0,五層，陽台,五層,公寓(5樓含以下無電梯),住家用,640523.0,58.02,2,1,1,有,無,6550000,112892.0,,0.0,0,其他增建；,RPUNMLSLPHIGFBA48DA,49.64,0.0,0.0,無,,48.0
內湖區,房地(土地+建物)+車位,大湖山莊街２０９號四樓,38.56,住,,,1120630,土地1建物1車位1,四層,五層,公寓(5樓含以下無電梯),住家用,770204.0,132.52,3,2,2,有,無,19720000,171088.0,坡道平面,31.87,2500000,,RPTOMLSLPHIGFCA58DA,122.26,0.61,9.65,無,,35.0
中正區,房地(土地+建物),濟南路二段１５號九樓之１,9.36,住,,,1120616,土地1建物1車位0,九層,十一層,住宅大樓(11層含以上有電梯),住家用,960129.0,47.38,0,0,0,無,有,13500000,284930.0,,0.0,0,夾層；,RPRNMLLJQHIGFBA47EA,29.11,2.17,0.0,有,1411.0,16.0
內湖區,房地(土地+建物),內湖路一段９１巷１４６號二樓,34.03,住,,,1120628,土地2建物1車位0,二層,七層,華廈(10層含以下有電梯),住家用,820921.0,109.55,2,2,2,有,有,20700000,188955.0,,0.0,0,其他增建；,RPSPMLRJPHIGFCA28DA,88.08,1.53,10.61,有,,30.0
文山區,房地(土地+建物),光輝路３０巷３號三樓,37.0,住,,,1120611,土地1建物1車位0,三層,五層,公寓(5樓含以下無電梯),住家用,571023.0,94.05,3,2,1,有,無,11500000,122275.0,,0.0,0,陽台外推；,RPQNMLSLPHIGFAA08EA,94.05,0.0,0.0,無,1412.0,55.0
松山區,房地(土地+建物),敦化南路一段１００巷２５號六樓,27.89,住,,,1120629,土地1建物1車位0,六層,七層,華廈(10層含以下有電梯),住家用,700730.0,147.3,3,2,2,有,無,44600000,302783.0,,0.0,0,陽台外推；其他增建；,RPOPMLSLPHIGFDA28DA,121.76,5.18,15.28,有,,42.0
文山區,房地(土地+建物),辛亥路四段７７巷９２弄９號六樓之１０,35.22,住,,,1120621,土地3建物1車位0,六層,十四層,住宅大樓(11層含以上有電梯),住家用,920922.0,53.03,1,0,1,有,有,7000000,132001.0,,0.0,0,預售屋、或土地及建物分件登記案件；,RPQNMLRLPHIGFAA87DA,34.47,0.0,3.33,有,1417.0,20.0
士林區,房地(土地+建物)+車位,中山北路六段２３６巷７號四樓之３,17.02,住,,,1120611,土地1建物1車位1,四層,十四層,住宅大樓(11層含以上有電梯),住家用,1110331.0,127.02,2,2,1,有,有,28900000,300255.0,坡道平面,40.76,3000000,,RPPNMLRLPHIGFEA18DA,47.8,1.59,5.06,有,,1.0
信義區,房地(土地+建物),信義路五段１５０巷１６號四樓,51.97,住,,,1120613,土地1建物1車位0,四層,五層,公寓(5樓含以下無電梯),住家用,690811.0,136.12,4,2,2,有,無,22000000,161622.0,,0.0,0,陽台外推；,RPSNMLSLPHIGFDA48DA,124.02,0.0,12.1,無,,43.0
信義區,房地(土地+建物),松仁路２０２巷２弄２號三樓,33.75,住,,,1120608,土地1建物1車位0,三層，陽台,四層,公寓(5樓含以下無電梯),住家用,640422.0,95.39,3,1,1,有,無,21000000,220149.0,,0.0,0,其它增建:陽台加窗其他增建；,RPVNMLPKOHIGFDA28DA,95.39,0.0,0.0,無,,48.0
信義區,房地(土地+建物),松智路３１巷１０號七樓,41.42,住,,,1120626,土地2建物1車位0,七層,十三層,住宅大樓(11層含以上有電梯),住家用,870420.0,168.86,3,2,2,有,有,49500000,293142.0,,0.0,0,陽台外推；,RPQNMLOKPHIGFDA77DA,82.09,1.92,11.2,有,1421.0,25.0
北投區,房地(土地+建物),杏林二路２０號二樓,18.95,住,,,1120621,土地3建物1車位0,二層,七層,華廈(10層含以下有電梯),住家用,831103.0,80.63999999999999,2,2,1,有,有,12450000,154390.0,,0.0,0,其他增建；,RPSNMLKKPHIGFEA67DA,61.83,0.0,7.88,有,,29.0
大安區,房地(土地+建物),大安路一段１６巷１３號四樓之６,10.81,住,,,1120622,土地1建物1車位0,四層,九層,華廈(10層含以下有電梯),住家用,881222.0,38.79,1,0,1,有,有,15000000,386698.0,,0.0,0,陽台外推；,RPOOMLSLPHIGFFA38DA,25.65,0.79,1.7,有,1423.0,24.0
中正區,房地(土地+建物),和平西路一段１５０號二樓之４,10.7,住,,,1120611,土地2建物1車位0,二層,十二層,住宅大樓(11層含以上有電梯),住家用,701117.0,113.38,0,0,0,無,有,18000000,158758.0,,0.0,0,,RPQNMLLMPHIGFAA47EA,87.92,0.0,14.09,有,,42.0
文山區,房地(土地+建物)+車位,木柵路一段３８５之１號,25.52,住,,,1120615,土地1建物1車位1,一層,十三層,住宅大樓(11層含以上有電梯),住家用,950317.0,134.18,2,2,2,有,有,26500000,242253.0,坡道平面,35.11,2500000,陽台外推；其他增建；,RPSNMLNKPHIGFAA57DA,61.47,0.66,5.56,有,1426.0,17.0
文山區,房地(土地+建物)+車位,汀州路四段２３７號七樓,36.7,住,,,1120617,土地1建物1車位1,七層,十四層,住宅大樓(11層含以上有電梯),住家用,991105.0,190.09,3,2,2,有,有,34500000,181493.0,坡道平面,0.0,0,,RPTNMLNJPHIGFAA57DA,103.03,0.0,11.77,有,,13.0
內湖區,房地(土地+建物),安泰街２８號三樓,27.59,住,,,1120624,土地1建物1車位0,三層,五層,公寓(5樓含以下無電梯),住家用,750616.0,105.29,3,2,2,有,無,14500000,137715.0,,0.0,0,其他增建；,RPSNMLMKPHIGFCA67DA,85.47,0.0,9.74,無,,37.0
中正區,房地(土地+建物),愛國東路１１６巷５號八樓之２,25.1,住,,,1120611,土地1建物1車位0,八層,十二層,住宅大樓(11層含以上有電梯),住家用,741022.0,141.76,3,2,2,有,有,52550000,370697.0,,0.0,0,陽台外推；其他增建；,RPPPMLLKPHIGFAA27DA,86.99,0.0,8.12,有,,38.0
大安區,房地(土地+建物),忠孝東路四段２１６巷１１弄１８號四樓,28.6,住,,,1120626,土地1建物1車位0,四層，陽台,七層,華廈(10層含以下有電梯),住家用,660113.0,136.36,3,2,2,有,有,36200000,265474.0,,0.0,0,,RPPNMLLMPHIGFFA87EA,126.7,0.0,0.0,有,1428.0,46.0
文山區,房地(土地+建物)+車位,指南路三段７７巷３號八樓,23.36,住,,,1120630,土地1建物1車位1,八層,十三層,住宅大樓(11層含以上有電梯),住家用,990721.0,133.95999999999998,2,2,2,有,有,16800000,150635.0,坡道機械,32.39,1500000,其他增建；,RPSNMLTKPHIGFAA18DA,57.47,6.59,3.99,有,1429.0,13.0
文山區,房地(土地+建物)+車位,仙岩路１８號六樓,39.97,住,,,1120612,土地1建物1車位1,六層,七層,華廈(10層含以下有電梯),住家用,901107.0,147.16,3,2,2,有,有,27800000,204621.0,升降機械,18.63,1500000,陽台外推；其他增建；,RPTNMLLKPHIGFAA47DA,86.46,2.26,9.53,有,,22.0
內湖區,房地(土地+建物),康樂街１５１巷１弄３號三樓,21.73,住,,,1120613,土地2建物1車位0,三層,五層,公寓(5樓含以下無電梯),住家用,731022.0,72.64,3,2,1,有,無,10400000,143172.0,,0.0,0,其他增建；,RPTOMLKKPHIGFCA67DA,66.95,0.0,5.69,無,,39.0
中山區,房地(土地+建物),大直街５７巷９之１號五樓,27.65,住,,,1120623,土地1建物1車位0,五層,五層,公寓(5樓含以下無電梯),住家用,750819.0,104.29,3,2,2,有,無,24380000,233771.0,,0.0,0,陽台外推；頂樓加蓋；其他增建；,RPXOMLNKPHIGFCA38DA,84.49,6.35,9.71,無,,37.0
中正區,房地(土地+建物)+車位,齊東街６０號二樓,25.6,住,,,1120617,土地1建物1車位1,二層,五層,華廈(10層含以下有電梯),住家用,1030421.0,122.84,1,2,1,有,有,37180000,302670.0,升降機械,11.1,0,其他增建；,RPTOMLRLPHIGFBA38DA,51.31,9.88,7.41,有,,9.0
中正區,房地(土地+建物),寧波東街１２號十二樓之２,24.74,住,,,1120611,土地1建物1車位0,十二層,十二層,住宅大樓(11層含以上有電梯),住家用,741022.0,141.31,3,2,2,有,有,52400000,370816.0,,0.0,0,其他增建；,RPRNMLLKPHIGFAA27DA,86.48,0.0,8.18,有,,38.0
文山區,房地(土地+建物),木新路二段２１８巷３５號五樓,28.52,住,,,1120625,土地1建物1車位0,五層,五層,公寓(5樓含以下無電梯),住家用,,95.78,3,2,2,有,無,12280000,128210.0,,0.0,0,陽台外推；頂樓加蓋；其他增建；,RPSQMLMKPHIGFAA77DA,85.92,0.0,9.86,無,1435.0,
文山區,房地(土地+建物),溪口街８５巷８號三樓,40.75,住,,,1120630,土地5建物1車位0,三層，陽台,四層,公寓(5樓含以下無電梯),住家用,640512.0,132.64,3,2,2,有,無,18400000,138721.0,,0.0,0,其他增建；,RPTNMLKMOHIGFAA47DA,132.64,0.0,0.0,無,,48.0
內湖區,房地(土地+建物),內湖路二段１０３巷３８號二樓,27.13,住,,,1120616,土地1建物1車位0,二層,七層,華廈(10層含以下有電梯),住家用,720912.0,134.54000000000002,3,2,2,有,有,26000000,193251.0,,0.0,0,其他增建；,RPQNMLSKPHIGFCA08DA,96.84,0.0,16.03,有,,40.0
南港區,房地(土地+建物)+車位,東新街５６號八樓,33.77,住,,,1120608,土地2建物1車位2,八層,十六層,住宅大樓(11層含以上有電梯),住家用,1110701.0,284.76,4,2,2,有,無,63880000,284879.0,坡道平面,79.48,5400000,,RPXNMLTLOHIGFDA98DA,122.1,0.0,11.33,有,,1.0
內湖區,房地(土地+建物)+車位,內湖路二段２５３巷３８號十一樓,49.31,住,,,1120625,土地1建物2車位2,十一層,十一層,住宅大樓(11層含以上有電梯),住家用,971008.0,290.11,4,3,3,有,有,63600000,219227.0,坡道平面,71.31,0,陽台外推；其他增建；,RPQOMLSKPHIGFCA18DA,130.39,4.81,16.55,有,,15.0
內湖區,房地(土地+建物),內湖路一段３８７巷３弄３號五樓,31.0,住,,,1120622,土地2建物1車位0,五層,五層,公寓(5樓含以下無電梯),住家用,690806.0,73.22,3,2,1,有,無,12150000,165938.0,,0.0,0,,RPOOMLTKPHIGFCA08DA,65.39,0.0,7.83,無,1438.0,43.0
信義區,房地(土地+建物),松隆路７４號四樓,22.5,住,,,1120624,土地1建物1車位0,四層，陽台,四層,公寓(5樓含以下無電梯),住家用,650401.0,79.27,2,1,1,有,無,18700000,235903.0,,0.0,0,頂樓加蓋；,RPUOMLOJPHIGFDA18DA,79.27,0.0,0.0,無,,47.0
文山區,房地(土地+建物),試院路５４號三樓之１,27.0,住,,,1120627,土地1建物1車位0,三層,五層,公寓(5樓含以下無電梯),住家用,700612.0,75.52000000000001,3,0,3,有,無,9250000,122468.0,,0.0,0,,RPRNMLLJQHIGFAA37EA,53.52,0.48,14.09,無,,42.0
大安區,房地(土地+建物),師大路６８巷２５號五樓,4.47,住,,,1120613,土地1建物1車位0,五層,六層,華廈(10層含以下有電梯),住家用,960215.0,22.39,1,1,1,有,有,8880000,396606.0,,0.0,0,其他增建；,RPOOMLNKPHIGFFA77DA,8.96,2.31,0.0,有,1440.0,16.0
松山區,房地(土地+建物),敦化北路１５５巷２號三樓,39.25,住,,,1120625,土地1建物1車位0,三層,九層,華廈(10層含以下有電梯),住家用,790524.0,152.73,4,2,2,有,有,44500000,291364.0,,0.0,0,,RPTPMLSLPHIGFDA78DA,114.28,0.0,13.25,有,1441.0,33.0
士林區,房地(土地+建物),中山北路七段１９５號二樓,36.11,住,,,1120618,土地1建物1車位0,二層,七層,華廈(10層含以下有電梯),住家用,740813.0,148.39999999999998,4,2,2,有,有,30700000,206873.0,,0.0,0,陽台外推；,RPPNMLLJQHIGFEA47DA,105.06,0.0,24.2,有,,38.0
內湖區,房地(土地+建物),東湖路１１９巷４９弄１４號五樓,31.02,住,,,1120630,土地1建物1車位0,五層,五層,公寓(5樓含以下無電梯),住家用,740524.0,110.01,3,2,2,有,無,15350000,139533.0,,0.0,0,頂樓加蓋鐵皮屋頂,RPXNMLSKPHIGFCA78DA,81.32,0.0,19.09,無,,38.0
萬華區,房地(土地+建物),西園路二段２６１巷１２弄４２號十一樓,17.38,住,,,1120604,土地2建物1車位0,十一層,十二層,住宅大樓(11層含以上有電梯),住家用,720427.0,120.62,3,2,2,有,有,16760000,138949.0,,0.0,0,,RPQNMLLMPHIGFBA47DA,100.15,0.0,15.44,有,,40.0
內湖區,房地(土地+建物),內湖路三段７２巷１７號三樓,41.91,住,,,1120610,土地1建物1車位0,三層,五層,公寓(5樓含以下無電梯),住家用,720406.0,101.04,3,2,1,有,有,15800000,156374.0,,0.0,0,陽台外推；其他增建；,RPSNMLPLOHIGFCA97DA,86.03,0.0,10.58,無,,40.0
松山區,房地(土地+建物),八德路四段２４５巷３２弄４號四樓,26.62,住,,,1120625,土地1建物1車位0,四層,四層,公寓(5樓含以下無電梯),住家用,651201.0,79.48,3,2,1,有,無,16000000,201309.0,,0.0,0,頂樓加蓋；,RPSNMLLJQHIGFDA77EA,70.08,0.0,9.4,無,,47.0
南港區,房地(土地+建物)+車位,東新街６２號二樓,33.06,住,,,1120616,土地2建物1車位2,二層,十六層,住宅大樓(11層含以上有電梯),住家用,1110701.0,280.49,4,2,2,有,無,63880000,286951.0,坡道平面,79.48,6200000,含裝潢費；,RPSOMLOKPHIGFDA08DA,119.58,0.0,10.96,有,,1.0
信義區,房地(土地+建物),福德街１６５巷１６號二樓,32.5,住,,,1120624,土地1建物1車位0,二層，陽台,四層,公寓(5樓含以下無電梯),住家用,630806.0,86.92,2,2,1,有,無,18660000,214680.0,,0.0,0,陽台外推；其他增建；,RPPPMLSLPHIGFDA38DA,86.92,0.0,0.0,無,,49.0
萬華區,房地(土地+建物),武成街５９號,77.0,住,,,1120606,土地1建物1車位0,全,二層,透天厝,住家用,,107.02,6,2,3,有,無,23750000,221921.0,,0.0,0,陽台外推；頂樓加蓋；,RPOOMLOKPHIGFBA47DA,107.02,0.0,0.0,無,,
松山區,房地(土地+建物),南京東路五段２９１巷５弄１９號二樓,35.08,住,,,1120615,土地2建物1車位0,二層,五層,公寓(5樓含以下無電梯),住家用,720511.0,111.34,3,2,2,有,無,25250000,226783.0,,0.0,0,陽台外推；,RPRNMLNKPHIGFDA77DA,88.21,0.0,13.73,無,,40.0
中正區,房地(土地+建物),忠孝東路二段１３４巷１０號五樓,24.86,住,,,1120608,土地2建物1車位0,五層,七層,華廈(10層含以下有電梯),住家用,660707.0,124.27,3,2,2,有,無,33800000,271988.0,,0.0,0,建築物含有：陽台外推約1坪左右陽台外推；,RPQNMLLJQHIGFBA37EA,113.34,0.0,10.93,有,,46.0
松山區,房地(土地+建物),南京東路五段２５０巷１８弄１８號二樓,18.96,住,,,1120608,土地1建物1車位0,二層,六層,華廈(10層含以下有電梯),住家用,660524.0,81.42999999999999,2,1,1,有,有,17850000,219207.0,,0.0,0,陽台外推；,RPSNMLOLPHIGFDA08DA,59.3,0.0,13.41,有,,46.0
南港區,房地(土地+建物),研究院路二段７０巷５９號六樓,27.64,住,,,1120607,土地1建物1車位0,六層,七層,華廈(10層含以下有電梯),住家用,730319.0,98.6,3,2,1,有,有,22180000,224949.0,,0.0,0,,RPOPMLQJPHIGFDA87DA,84.41,0.0,14.19,有,,39.0
內湖區,房地(土地+建物),環山路二段４２號四樓,37.37,住,,,1120618,土地1建物1車位0,四層,四層,公寓(5樓含以下無電梯),住家用,670712.0,99.53,3,2,1,有,無,17600000,176831.0,,0.0,0,陽台外推；其他增建；,RPVNMLRKPHIGFCA48DA,88.81,0.0,10.72,無,,45.0
中山區,房地(土地+建物),北安路４５８巷４７弄２２號六樓,11.88,住,,,1120621,土地1建物1車位0,六層,七層,華廈(10層含以下有電梯),住家用,961219.0,50.53,1,2,1,有,有,14000000,277063.0,,0.0,0,,RPRNMLTKPHIGFCA28DA,29.05,1.17,3.44,有,1449.0,16.0
信義區,房地(土地+建物),福德街２６８巷３０弄１號四樓,31.0,住,,,1120625,土地1建物1車位0,四層,四層,公寓(5樓含以下無電梯),住家用,660530.0,89.65,3,2,1,有,無,16500000,184049.0,,0.0,0,其他增建；,RPXNMLSKPHIGFDA88DA,78.57,0.0,11.08,無,,46.0
內湖區,房地(土地+建物),民權東路六段２８０巷９８號十樓,17.14,住,,,1120603,土地1建物1車位0,十層,十三層,住宅大樓(11層含以上有電梯),住家用,830314.0,75.55,2,1,1,有,有,19150000,253475.0,,0.0,0,,RPSOMLMKPHIGFCA77DA,53.51,2.06,8.21,有,,29.0
內湖區,房地(土地+建物),成功路三段１８７巷１２號三樓,31.49,住,,,1120609,土地4建物1車位0,三層,四層,公寓(5樓含以下無電梯),住家用,690418.0,85.49,3,2,2,有,無,14925000,174582.0,,0.0,0,,RPTOMLOKPHIGFCA08DA,73.33,0.0,12.16,無,,43.0
松山區,房地(土地+建物),北寧路５８號十二樓,13.98,住,,,1120627,土地3建物1車位0,十二層,十八層,住宅大樓(11層含以上有電梯),住家用,770701.0,126.37,3,2,2,有,有,39580000,313207.0,,0.0,0,,RPQNMLPKPHIGFDA87DA,89.46,0.0,11.66,有,1450.0,35.0
士林區,房地(土地+建物)+車位,基河路３８２號五樓之１,50.26,住,,,1120613,土地1建物1車位1,五層,十五層,住宅大樓(11層含以上有電梯),住家用,990224.0,295.87,4,2,4,有,有,70500000,238280.0,坡道平面,39.22,0,,RPUNMLRJPHIGFEA48DA,155.66,8.21,10.0,有,,13.0
信義區,房地(土地+建物),忠孝東路五段７９３號三樓,20.5,住,,,1120630,土地1建物1車位0,三層,四層,公寓(5樓含以下無電梯),住家用,621205.0,68.82,3,2,2,有,無,17100000,248474.0,,0.0,0,陽台外推；,RPXNMLLJQHIGFDA18DA,68.82,0.0,0.0,無,,50.0
中正區,房地(土地+建物),廈門街９９巷２３弄１號四樓,41.25,住,,,1120625,土地1建物1車位0,四層，陽台,四層,公寓(5樓含以下無電梯),住家用,611011.0,112.32,4,2,2,有,無,17000000,151353.0,,0.0,0,陽台外推；其他增建；,RPTNMLLJQHIGFAA47DA,112.32,0.0,0.0,無,,51.0
士林區,房地(土地+建物),克強路１０巷９弄１５號二樓,38.2,住,,,1120623,土地1建物1車位0,二層,五層,公寓(5樓含以下無電梯),住家用,670127.0,126.87,3,2,2,有,無,24000000,189170.0,,0.0,0,其他增建；,RPQOMLNJPHIGFEA77DA,110.4,0.0,16.47,無,,45.0
文山區,房地(土地+建物),木新路二段２１１巷１０弄６號五樓,30.56,住,,,1120619,土地1建物1車位0,五層,五層,公寓(5樓含以下無電梯),住家用,700622.0,106.1,3,2,2,有,無,14860000,140057.0,,0.0,0,其他增建；,RPRQMLMKPHIGFAA67DA,91.37,0.0,14.73,無,,42.0
內湖區,房地(土地+建物)+車位,新富街１３５號三樓,40.68,住,,,1120608,土地1建物1車位1,三層,十三層,住宅大樓(11層含以上有電梯),住家用,1020808.0,260.21999999999997,2,2,2,有,有,53500000,233784.0,坡道平面,42.07,2500000,,RPUOMLLJQHIGFCA87DA,129.03,7.23,13.88,有,1452.0,10.0
大安區,房地(土地+建物),光復南路４２０巷２４號五樓,21.3,住,,,1120606,土地1建物1車位0,五層，陽台,七層,華廈(10層含以下有電梯),住家用,651020.0,103.96,3,2,2,有,無,31260000,300693.0,,0.0,0,陽台外推；其他增建；,RPOOMLKLPHIGFFA57DA,91.57,0.0,0.0,有,,47.0
中山區,房地(土地+建物),新生北路三段４３號三樓之１,6.57,住,,,1120619,土地2建物1車位0,三層,十一層,住宅大樓(11層含以上有電梯),住家用,670301.0,51.620000000000005,2,1,1,有,有,10000000,193723.0,,0.0,0,陽台外推；,RPUOMLLMPHIGFCA08DA,35.51,0.0,3.09,有,1453.0,45.0
文山區,房地(土地+建物),木柵路一段５９巷１１弄１０號四樓,25.36,住,,,1120626,土地1建物1車位0,四層,五層,公寓(5樓含以下無電梯),住家用,701223.0,80.9,4,0,2,有,無,10400000,128554.0,,0.0,0,陽台外推；其他增建；,RPRNMLKKPHIGFAA17DA,64.27,0.0,9.65,無,,42.0
南港區,房地(土地+建物),研究院路二段１９號三樓,32.0,住,,,1120611,土地1建物1車位0,三層，陽台,四層,公寓(5樓含以下無電梯),住家用,620518.0,100.27,3,2,1,有,無,14100000,140620.0,,0.0,0,陽台外推；,RPPOMLSLPHIGFDA28DA,100.27,0.0,0.0,無,,50.0
松山區,房地(土地+建物),健康路２２５巷１１之２號十二樓,27.65,住,,,1120628,土地2建物1車位0,十二層,十二層,住宅大樓(11層含以上有電梯),住家用,811028.0,155.38,3,2,2,有,有,38800000,249710.0,,0.0,0,,RPPNMLMJQHIGFDA57EA,101.73,0.0,16.0,有,,31.0
大同區,房地(土地+建物),民權西路１４４巷１３號三樓,23.67,住,,,1120620,土地1建物1車位0,三層,七層,華廈(10層含以下有電梯),住家用,750403.0,138.56,3,1,2,有,有,22000000,158776.0,,0.0,0,,RPQNMLLMPHIGFBA57EA,89.84,0.0,11.33,有,,37.0
士林區,房地(土地+建物)+車位,雙溪街１０６號八樓,10.46,住,,,1120626,土地1建物1車位1,八層,九層,華廈(10層含以下有電梯),住家用,810109.0,74.47999999999999,1,2,1,有,有,15000000,201369.0,坡道機械,17.94,0,露台增建陽台外推；其他增建；,RPPNMLLJQHIGFEA57EA,48.94,11.34,5.63,有,,31.0
中正區,建物,金山南路一段６７巷１０號四樓,0.0,,,,1120607,土地0建物1車位0,四層,七層,華廈(10層含以下有電梯),住家用,721014.0,139.68,4,2,2,有,有,15000000,107388.0,,0.0,0,地主為仁濟院之土地租賃權房屋；建物坐落地號僅設定地上權無所有權：臨沂段四小段316地號；,RPVOMLRLPHIGFBA58DA,100.48,0.0,17.82,有,,40.0
北投區,房地(土地+建物),大興街２４巷４弄２號二樓,28.71,住,,,1120619,土地4建物1車位0,二層,四層,公寓(5樓含以下無電梯),住家用,681224.0,94.82,3,2,1,有,無,15000000,158194.0,,0.0,0,陽台外推；其他增建；,RPVNMLQLPHIGFEA68DA,81.41,0.0,13.41,無,,43.0
北投區,房地(土地+建物),石牌路一段３９巷１４２號七樓,22.95,住,,,1120629,土地1建物2車位0,七層,七層,華廈(10層含以下有電梯),住家用,1020701.0,138.46,1,1,1,有,有,20000000,144446.0,,0.0,0,,RPPRMLLJQHIGFEA87DA,41.21,0.0,3.28,有,1460.0,10.0
內湖區,房地(土地+建物),文德路２１０巷３０弄５號四樓,28.27,住,,,1120610,土地2建物1車位0,四層,五層,公寓(5樓含以下無電梯),住家用,700626.0,97.3,3,2,2,有,無,18550000,190647.0,,0.0,0,陽台外推；其他增建；,RPUNMLPJPHIGFCA08DA,84.92,0.0,12.38,無,1462.0,42.0
大安區,房地(土地+建物),濟南路三段５９之２號七樓,17.22,住,,,1120629,土地1建物1車位0,七層,七層,華廈(10層含以下有電梯),住家用,710913.0,75.73,2,1,1,有,無,19800000,261455.0,,0.0,0,陽台外推；,RPTNMLMKPHIGFFA08DA,51.41,0.0,14.15,有,,41.0
士林區,房地(土地+建物),社子街６３巷５號三樓,26.0,住,,,1120617,土地1建物1車位0,三層，陽台,四層,公寓(5樓含以下無電梯),住家用,640220.0,75.0,3,1,1,有,無,10500000,140000.0,,0.0,0,,RPQNMLRJQHIGFEA28EA,75.0,0.0,0.0,無,1464.0,48.0
內湖區,房地(土地+建物),文德路２２巷６２弄１號二樓,21.7,住,,,1120606,土地1建物1車位0,二層,五層,公寓(5樓含以下無電梯),住家用,710107.0,102.88,4,1,4,有,無,17000000,165241.0,,0.0,0,陽台外推；,RPVNMLRJPHIGFCA38DA,81.2,0.0,15.3,無,,41.0
士林區,房地(土地+建物)+車位,中山北路六段２３６巷９號十樓,17.19,住,,,1120617,土地1建物1車位1,十層,十四層,住宅大樓(11層含以上有電梯),住家用,1110331.0,128.24,2,2,1,有,有,35000000,365798.0,坡道平面,40.76,3000000,,RPOSMLLJQHIGFEA87DA,47.84,2.32,5.06,有,,1.0
文山區,房地(土地+建物),景興路１３７巷７號五樓,25.93,住,,,1120617,土地2建物1車位0,五層,五層,公寓(5樓含以下無電梯),住家用,681018.0,80.79,4,3,2,有,無,13680000,169328.0,,0.0,0,陽台外推；頂樓加蓋；,RPXNMLRKOHIGFAA38DA,65.01,0.0,15.78,無,,44.0
士林區,房地(土地+建物)+車位,中山北路六段２３６巷９號十樓之１,24.95,住,,,1120619,土地1建物1車位1,十層,十四層,住宅大樓(11層含以上有電梯),住家用,1110331.0,167.7,3,2,2,有,有,50000000,366315.0,坡道平面,40.76,3500000,,RPWRMLLJQHIGFEA58DA,72.17,3.47,4.49,有,,1.0
中正區,房地(土地+建物),汀州路三段１１６號四樓,25.44,住,,,1120609,土地1建物1車位0,四層，陽台,四層,公寓(5樓含以下無電梯),住家用,641030.0,93.19,2,1,2,有,無,21380000,229424.0,,0.0,0,頂樓加蓋；,RPPNMLOJQHIGFAA37DA,93.19,0.0,0.0,無,,48.0
士林區,房地(土地+建物),延平北路六段１５５巷１６號二樓,41.5,住,,,1120626,土地1建物1車位0,二層,,公寓(5樓含以下無電梯),住家用,560115.0,67.83,3,2,1,有,無,11200000,165119.0,,0.0,0,頂樓加蓋；,RPTNMLOJQHIGFEA18DA,67.83,0.0,0.0,無,,56.0
信義區,房地(土地+建物),和平東路三段４３５巷６之７號五樓,24.6,住,,,1120618,土地2建物1車位0,五層,五層,公寓(5樓含以下無電梯),住家用,680115.0,88.38,3,2,2,有,無,20100000,227427.0,,0.0,0,陽台外推；頂樓加蓋；其他增建；,RPVNMLQLPHIGFDA58DA,76.03,0.0,12.35,無,1468.0,44.0
信義區,房地(土地+建物),松隆路７３巷１號二樓,9.8,住,,,1120619,土地1建物1車位0,二層，陽台,四層,公寓(5樓含以下無電梯),住家用,620918.0,48.78,1,1,1,有,無,10640000,218122.0,,0.0,0,陽台外推；,RPQPMLLKPHIGFDA67DA,48.78,0.0,0.0,無,,50.0
士林區,房地(土地+建物)+車位,中山北路六段２３６巷７號十樓之３,17.19,住,,,1120611,土地1建物1車位1,十層,十四層,住宅大樓(11層含以上有電梯),住家用,1110331.0,128.24,2,2,1,有,有,32760000,339049.0,坡道平面,40.76,3100000,,RPXRMLLJQHIGFEA68DA,47.87,2.29,5.06,有,,1.0
南港區,房地(土地+建物),東明街１巷１號三樓,29.25,住,,,1120610,土地1建物1車位0,三層,四層,公寓(5樓含以下無電梯),住家用,650322.0,97.29,3,2,2,有,無,19880000,204338.0,,0.0,0,陽台外推；,RPTNMLOJQHIGFDA08DA,88.11,0.0,9.18,無,1470.0,47.0
中山區,房地(土地+建物),復興北路４３２號二樓之１,24.32,住,,,1120624,土地2建物1車位0,二層,七層,華廈(10層含以下有電梯),住家用,661123.0,135.65,3,2,2,有,有,26500000,195356.0,,0.0,0,天井陽台外推；其他增建；,RPPPMLPLPHIGFCA97DA,95.76,0.0,12.88,有,,46.0
士林區,房地(土地+建物)+車位,天母北路５６號十一樓之２,18.45,住,,,1120630,土地1建物1車位1,十一層,二十四層,住宅大樓(11層含以上有電梯),住家用,1090703.0,189.6,3,2,2,有,有,45880000,282674.0,坡道平面,38.79,3250000,,RPWNMLMJQHIGFEA28DA,82.99,7.17,8.3,有,,3.0
內湖區,房地(土地+建物)+車位,內湖路一段４１１巷１２號四樓之３,42.23,住,,,1120628,土地1建物1車位1,四層,十二層,住宅大樓(11層含以上有電梯),住家用,830309.0,207.4,3,2,2,有,有,42000000,202497.0,坡道平面,0.0,0,其他增建；,RPPOMLPJPHIGFCA67DA,162.44,9.0,16.16,有,,29.0
中山區,房地(土地+建物)+車位,建國北路三段７１號十四樓之７,12.31,住,,,1120627,土地2建物1車位1,十四層,十四層,住宅大樓(11層含以上有電梯),住家用,1041016.0,123.47,1,1,1,有,有,27800000,225156.0,坡道平面,26.39,0,,RPSNMLOJPHIGFCA77DA,52.21,3.81,5.34,有,1472.0,8.0
北投區,房地(土地+建物),新興路１５８巷１４號四樓,30.95,住,,,1120627,土地1建物1車位0,四層,四層,公寓(5樓含以下無電梯),住家用,700304.0,91.67,3,2,1,有,無,9400000,102542.0,,0.0,0,陽台外推；頂樓加蓋；,RPQOMLSKPHIGFEA38DA,79.13,0.0,12.54,無,,42.0
北投區,房地(土地+建物)+車位,三合街一段６７號九樓,44.72,住,,,1120622,土地1建物1車位2,九層,九層,華廈(10層含以下有電梯),住家用,1031119.0,302.65,3,2,2,有,有,65500000,270222.0,坡道平面,80.98,5600000,,RPPNMLMJQHIGFEA57DA,127.8,6.97,13.52,有,1476.0,9.0
北投區,房地(土地+建物)+車位,石牌路二段３１５巷３４弄２２號三樓,10.3,住,,,1120629,土地1建物1車位1,三層,七層,華廈(10層含以下有電梯),住家用,1080121.0,56.82,1,1,1,有,有,13000000,283976.0,塔式車位,17.38,1800000,,RPQOMLKMOHIGFEA67DA,18.62,0.86,2.69,有,1477.0,4.0
信義區,房地(土地+建物),松德路２５巷５２號四樓之１,13.73,住,,,1120630,土地1建物1車位0,四層,七層,華廈(10層含以下有電梯),住家用,710225.0,72.55,2,2,1,有,有,17550000,241902.0,,0.0,0,,RPWNMLSJQHIGFDA78DA,51.9,0.0,4.5,有,,41.0
內湖區,房地(土地+建物),康寧路三段５６巷１３２弄８號三樓,39.64,住,,,1120627,土地1建物1車位0,三層，四層，五層,五層,公寓(5樓含以下無電梯),住家用,770922.0,141.66,4,2,3,有,無,20300000,143301.0,,0.0,0,陽台外推；頂樓加蓋；其他增建；,RPQNMLRKPHIGFCA97DA,113.17,6.26,9.16,無,,35.0
文山區,房地(土地+建物),久康街１５７之３號三樓,35.5,住,,,1120623,土地1建物1車位0,三層,七層,華廈(10層含以下有電梯),住家用,720614.0,149.39,4,2,2,有,有,22000000,147266.0,,0.0,0,其他增建；,RPPOMLOLPHIGFAA57DA,129.39,0.0,13.39,有,,40.0
信義區,房地(土地+建物),松隆路６７號二樓,11.6,住,,,1120619,土地1建物1車位0,二層,四層,公寓(5樓含以下無電梯),住家用,620918.0,56.7,3,1,0,有,無,12360000,217989.0,,0.0,0,,RPPPMLLKPHIGFDA57DA,56.7,0.0,0.0,無,1478.0,50.0
信義區,房地(土地+建物)+車位,中坡南路９８巷７號三樓,24.38,住,,,1120611,土地1建物1車位1,三層,七層,華廈(10層含以下有電梯),住家用,790109.0,183.22,4,2,2,有,無,33500000,213499.0,升降平面,38.01,2500000,建築物含有：小房間外推約1坪左右其他增建；,RPPNMLRJQHIGFDA08EA,148.3,5.29,11.97,有,,33.0
文山區,房地(土地+建物)+車位,指南路三段３２巷３號六樓,38.52,住,,,1120627,土地2建物1車位1,六層,十一層,住宅大樓(11層含以上有電梯),住家用,990729.0,169.62,3,2,2,有,有,26350000,151403.0,坡道機械,7.47,1800000,陽台外推；其他增建；,RPTNMLRJPHIGFAA97DA,81.44,19.71,10.5,有,1480.0,13.0
北投區,房地(土地+建物)+車位,致遠二路６１巷７號五樓之１,49.85,住,,,1120606,土地1建物1車位1,五層,七層,華廈(10層含以下有電梯),住家用,970623.0,220.87,4,2,2,有,有,44500000,201476.0,坡道機械,0.0,0,,RPUNMLLJQHIGFEA97DA,115.5,3.32,14.88,有,,15.0
中正區,房地(土地+建物),牯嶺街８８之１號五樓,25.28,住,,,1120613,土地2建物1車位0,五層,七層,華廈(10層含以下有電梯),住家用,720616.0,94.76,3,2,2,有,有,25000000,263824.0,,0.0,0,陽台外推；其他增建；,RPOOMLKLOHIGFAA96DA,82.35,0.0,12.41,有,,40.0
內湖區,房地(土地+建物),康寧路三段２６５巷８號五樓,23.14,住,,,1120629,土地1建物1車位0,五層,五層,公寓(5樓含以下無電梯),住家用,730724.0,82.78,3,3,3,有,無,15800000,190867.0,,0.0,0,,RPXNMLLMPHIGFCA28DA,71.1,0.0,11.68,無,1484.0,39.0
信義區,房地(土地+建物)+車位,永吉路２２５巷９號五樓之２,16.73,住,,,1120628,土地1建物1車位1,五層,十二層,住宅大樓(11層含以上有電梯),住家用,1111111.0,134.28,2,2,1,有,有,32500000,299371.0,坡道平面,35.73,3000000,,RPWOMLOJQHIGFDA48DA,56.95,5.57,4.79,有,,1.0
北投區,房地(土地+建物)+車位,稻香路１８０號四樓,78.22,住,,,1120624,土地1建物1車位2,四層,五層,華廈(10層含以下有電梯),住家用,1060815.0,304.45,4,2,2,有,有,41680000,136903.0,坡道平面,0.0,0,,RPWOMLOJQHIGFEA58DA,145.15,5.12,20.54,有,1486.0,6.0
大安區,房地(土地+建物),信義路四段１３７號十一樓之２,16.17,住,,,1120611,土地3建物1車位0,十一層,十二層,住宅大樓(11層含以上有電梯),住家用,690531.0,151.56,4,2,2,有,有,43460000,286751.0,,0.0,0,陽台外推；其他增建；,RPSNMLNKPHIGFFA08DA,116.47,0.0,9.95,有,,43.0
南港區,房地(土地+建物),東新街８９巷１弄１０號二樓,29.83,住,,,1120615,土地1建物1車位0,二層，陽台,三層,公寓(5樓含以下無電梯),住家用,,37.02,3,2,1,有,無,7400000,199892.0,,0.0,0,含土地增值稅或其他稅費308697元；,RPPNMLOJQHIGFDA67DA,37.02,0.0,0.0,無,,
文山區,房地(土地+建物)+車位,汀州路四段２７１號七樓,35.61,住,,,1120611,土地1建物1車位1,七層,十四層,住宅大樓(11層含以上有電梯),住家用,991104.0,180.18,3,2,2,有,有,32200000,178710.0,坡道平面,0.0,0,其他增建；,RPUNMLOJPHIGFAA77DA,96.26,0.0,11.11,有,,13.0
內湖區,房地(土地+建物)+車位,文湖街３５號五樓,34.39,,,,1120615,土地1建物1車位2,五層,十五層,住宅大樓(11層含以上有電梯),住家用,991230.0,314.07,3,2,3,有,有,69880000,222498.0,坡道平面,54.1,0,,RPQNMLSJQHIGFCA18EA,157.69,9.72,19.32,有,,12.0
中山區,房地(土地+建物)+車位,敬業三路１６２巷１１１號五樓,47.09,住,,,1120629,土地1建物1車位1,五層,十層,華廈(10層含以下有電梯),住家用,890628.0,155.43,3,2,2,有,有,29800000,191726.0,坡道平面,0.0,0,陽台外推；,RPWNMLRJQHIGFCA58DA,77.59,0.0,8.1,有,,23.0
松山區,房地(土地+建物),寶清街４０號六樓,21.09,住,,,1120626,土地3建物1車位0,六層,七層,華廈(10層含以下有電梯),住家用,701209.0,124.95,3,2,2,有,有,23300000,186475.0,,0.0,0,陽台外推；,RPOOMLSJQHIGFDA08DA,89.56,0.0,29.96,有,,42.0
內湖區,房地(土地+建物),安泰街３０號三樓,27.59,住,,,1120628,土地1建物1車位0,三層,五層,公寓(5樓含以下無電梯),住家用,750616.0,105.29,3,2,2,有,無,13200000,125368.0,,0.0,0,陽台外推；其他增建；,RPUNMLRJQHIGFCA38DA,85.47,0.0,9.74,無,,37.0
北投區,房地(土地+建物),大同街１１４巷６號二樓,37.67,住,,,1120612,土地1建物1車位0,二層,三層,公寓(5樓含以下無電梯),住家用,580805.0,97.91,4,2,2,有,無,15200000,155245.0,,0.0,0,其他增建；,RPTNMLRJPHIGFEA38DA,97.91,0.0,0.0,無,,54.0
信義區,房地(土地+建物)+車位,信義路五段１５０巷３３０號五樓之１,19.42,住,,,1120629,土地1建物1車位1,五層,十三層,住宅大樓(11層含以上有電梯),住家用,980408.0,140.02,2,2,2,有,有,26000000,185688.0,坡道平面,0.0,0,,RPSOMLOJQHIGFDA08DA,51.33,7.51,3.64,有,,14.0
內湖區,房地(土地+建物),康寧路三段２４５巷４２號,33.44,住,,,1120629,土地1建物1車位0,一層,五層,公寓(5樓含以下無電梯),住家用,740429.0,121.15,4,2,3,有,有,24500000,202229.0,,0.0,0,,RPRNMLRLPHIGFCA18DA,110.74,5.85,0.0,無,1489.0,38.0
大安區,房地(土地+建物)+車位,臥龍街３１６號五樓之１,33.05,住,,,1120626,土地2建物1車位1,五層,十三層,住宅大樓(11層含以上有電梯),住家用,990513.0,202.25,3,2,2,有,有,43000000,212619.0,坡道平面,45.99,0,,RPQOMLSKPHIGFFA48DA,92.35,9.75,6.22,有,1490.0,13.0
松山區,房地(土地+建物)+車位,三民路３８號五樓之３,11.15,住,,,1120613,土地1建物1車位1,五層,八層,華廈(10層含以下有電梯),住家用,980703.0,61.34,1,1,1,有,有,15250000,248614.0,其他,0.0,0,陽台外推；,RPQNMLRJQHIGFDA08DA,27.97,3.29,1.5,有,,14.0
松山區,房地(土地+建物),三民路３８號五樓之２,8.98,住,,,1120613,土地1建物1車位0,五層,八層,華廈(10層含以下有電梯),住家用,980703.0,42.620000000000005,1,1,1,有,有,11050000,259268.0,,0.0,0,陽台外推；,RPRNMLRJQHIGFDA18DA,22.51,1.65,1.54,有,,14.0
大同區,房地(土地+建物),哈密街１５９號四樓,22.46,住,,,1120611,土地1建物1車位0,四層,五層,公寓(5樓含以下無電梯),住家用,730216.0,87.32,3,2,2,有,無,13860000,158727.0,,0.0,0,其他增建；,RPWNMLLLPHIGFBA97DA,82.34,0.0,4.98,無,,39.0
北投區,房地(土地+建物),中山北路七段２１９巷３弄５３號五樓,20.8,住,,,1120605,土地1建物1車位0,五層,七層,華廈(10層含以下有電梯),住家用,730920.0,94.3,3,2,1,有,有,13880000,147190.0,,0.0,0,陽台外推；其他增建；,RPUOMLLMPHIGFEA28DA,78.19,0.0,12.2,有,,39.0
內湖區,房地(土地+建物),康寧路一段２１４巷７之２號三樓,26.71,住,,,1120620,土地2建物1車位0,三層,五層,公寓(5樓含以下無電梯),住家用,750319.0,96.91,3,2,2,有,無,16180000,166959.0,,0.0,0,陽台外推；,RPXNMLSJQHIGFCA88EA,77.95,0.0,11.91,無,,37.0
中山區,房地(土地+建物)+車位,朱崙街５０號九樓,18.47,住,,,1120629,土地1建物1車位1,九層,十一層,住宅大樓(11層含以上有電梯),住家用,1030821.0,185.66,3,2,2,有,有,68000000,379085.0,坡道平面,17.36,4200000,,RPWOMLRKPHIGFCA68DA,98.84,3.01,15.22,有,1492.0,9.0
松山區,房地(土地+建物),光復北路２６巷１８號二樓,19.12,住,,,1120610,土地1建物1車位0,二層,十層,華廈(10層含以下有電梯),住家用,771102.0,113.87,3,2,2,有,有,26150000,229648.0,,0.0,0,陽台外推；其他增建；,RPOOMLRJQHIGFDA97DA,79.78,3.36,13.82,有,1493.0,35.0
內湖區,房地(土地+建物),內湖路三段２７６號三樓,45.37,住,,,1120623,土地4建物1車位0,三層,五層,公寓(5樓含以下無電梯),住家用,750221.0,128.94,4,2,2,有,無,15000000,116333.0,,0.0,0,,RPUNMLRLPHIGFCA48DA,106.51,3.02,9.19,無,,37.0
大同區,房地(土地+建物),重慶北路三段１１３巷５５號二樓之１,35.84,住,,,1120627,土地2建物1車位0,二層,七層,華廈(10層含以下有電梯),住家用,790507.0,149.65,0,0,1,有,有,28180000,188306.0,,0.0,0,陽台外推；其他增建；,RPXNMLSKPHIGFBA68DA,102.79,5.81,15.94,有,,33.0
士林區,房地(土地+建物)+車位,中庸一路１１之１號八樓,112.62,住,,,1120619,土地1建物1車位2,八層,十四層,住宅大樓(11層含以上有電梯),住家用,831003.0,284.61,4,2,2,有,有,31500000,120778.0,坡道平面,65.2,5000000,其他增建；,RPTNMLKLOHIGFEA77DA,209.39,0.99,19.54,有,,29.0
文山區,房地(土地+建物)+車位,樟新街３６號十三樓之３,29.05,住,,,1120624,土地1建物1車位1,十三層,十六層,住宅大樓(11層含以上有電梯),住家用,831221.0,156.16,2,2,2,有,有,23000000,147285.0,坡道平面,0.0,2000000,陽台外推；,RPVNMLPLPHIGFAA18DA,90.11,3.66,10.66,有,,29.0
內湖區,房地(土地+建物)+車位,金湖路４５之３號十三樓,36.2,住,,,1120625,土地1建物1車位1,十三層,十四層,住宅大樓(11層含以上有電梯),住家用,920930.0,201.25,3,2,2,有,有,49880000,298657.0,坡道平面,35.91,500000,陽台外推；其他增建；,RPUPMLPJPHIGFCA28DA,104.66,0.0,12.95,有,,20.0
信義區,房地(土地+建物),吳興街２８１巷１１弄５號三樓,32.5,住,,,1120621,土地1建物1車位0,三層，陽台,四層,公寓(5樓含以下無電梯),住家用,610822.0,83.9,3,2,1,有,無,16280000,194041.0,,0.0,0,陽台加鐵窗。陽台外推；其他增建；,RPPOMLRJQHIGFDA08DA,83.9,0.0,0.0,無,,51.0
士林區,房地(土地+建物),葫蘆街３９巷７號二樓,30.25,住,,,1120626,土地1建物1車位0,二層,四層,公寓(5樓含以下無電梯),住家用,620226.0,90.18,3,2,1,有,無,12250000,135839.0,,0.0,0,,RPROMLRJQHIGFEA38DA,90.18,0.0,0.0,無,,50.0
南港區,房地(土地+建物),興南街１４號,33.0,住,,,1120626,土地1建物1車位0,全,一層,透天厝,住家用,1409.0,111.12,0,0,0,無,無,11000000,98992.0,,0.0,0,,RPXNMLQLPHIGFDA78DA,111.12,0.0,0.0,無,,98.0
大安區,房地(土地+建物)+車位,忠孝東路四段１８１巷３５弄２號三樓,31.64,住,,,1120629,土地1建物1車位1,三層,六層,華廈(10層含以下有電梯),住家用,750903.0,171.61999999999998,3,2,2,有,有,39500000,264196.0,坡道平面,37.25,4000000,陽台外推；其他增建；,RPUNMLOLPHIGFFA48DA,149.43,0.0,14.99,有,,37.0
大安區,房地(土地+建物)+車位,辛亥路二段４１號二十三樓之２,14.72,住,,,1120630,土地1建物1車位1,二十三層，二十四層,二十五層,住宅大樓(11層含以上有電梯),住家用,780221.0,252.55,6,2,3,有,有,82000000,365438.0,坡道平面,38.57,3800000,頂樓加蓋；其他增建；,RPWOMLSLPHIGFFA56DA,213.65,2.62,0.0,有,,34.0
信義區,房地(土地+建物),虎林街２１２巷４１之１號,38.5,住,,,1120630,土地1建物1車位0,一層,四層,公寓(5樓含以下無電梯),住家用,601217.0,94.79,3,2,2,有,無,23000000,242642.0,,0.0,0,其他增建；,RPTNMLRKPHIGFDA38DA,94.79,0.0,0.0,無,1500.0,52.0
信義區,房地(土地+建物),忠孝東路五段２３６巷５５號六樓之６,13.06,住,,,1120629,土地1建物1車位0,六層,十一層,住宅大樓(11層含以上有電梯),住家用,860610.0,40.14,2,1,1,有,有,15000000,373692.0,,0.0,0,陽台外推；夾層；,RPQOMLRJQHIGFDA18DA,23.87,1.14,4.4,有,,26.0
信義區,房地(土地+建物),松山路５９８號二樓,31.0,住,,,1120629,土地1建物1車位0,二層，陽台,四層,公寓(5樓含以下無電梯),住家用,610717.0,83.95,5,0,5,有,無,18380000,218940.0,,0.0,0,陽台外推；其他增建；,RPPOMLSKPHIGFDA18DA,83.95,0.0,0.0,無,,51.0
信義區,房地(土地+建物),信義路五段１５０巷３３０號五樓之７,4.63,住,,,1120614,土地1建物1車位0,五層,十三層,住宅大樓(11層含以上有電梯),住家用,980408.0,33.42,1,1,1,有,有,8880000,265709.0,,0.0,0,含租約；,RPWOMLSJQHIGFDA88DA,18.48,3.15,0.0,有,,14.0
內湖區,房地(土地+建物)+車位,康寧路三段７５巷２４弄３５號五樓,33.93,住,,,1120630,土地1建物1車位1,五層,八層,華廈(10層含以下有電梯),住家用,790607.0,190.55,4,2,2,有,有,32000000,167926.0,坡道平面,0.0,0,陽台外推；,RPPPMLLJQHIGFCA47DA,167.23,0.57,13.05,有,1507.0,33.0
文山區,房地(土地+建物),辛亥路七段７６巷２６號五樓,29.4,住,,,1120603,土地2建物1車位0,五層,五層,公寓(5樓含以下無電梯),住家用,670515.0,97.51,3,2,1,有,無,10000000,102554.0,,0.0,0,頂樓加蓋；,RPUNMLLMPHIGFAA77DA,84.78,0.0,12.73,無,,45.0
中山區,房地(土地+建物),長春路２５８巷２６號五樓之３,11.72,住,,,1120607,土地1建物1車位0,五層,十層,華廈(10層含以下有電梯),住家用,910816.0,45.47,1,1,1,有,有,12450000,273807.0,,0.0,0,其他增建；,RPXSMLTJOHIGFCA56DA,27.9,0.76,3.15,有,,21.0
內湖區,房地(土地+建物),康寧路三段２６９號,22.75,住,,,1120621,土地1建物1車位0,一層,五層,公寓(5樓含以下無電梯),住家用,730801.0,79.13,2,1,1,有,無,25800000,326046.0,,0.0,0,其他增建；,RPQNMLLKQHIGFCA47DA,69.8,9.33,0.0,無,1511.0,39.0
南港區,房地(土地+建物)+車位,東新街５６號二樓,33.75,住,,,1120630,土地2建物1車位1,二層,十六層,住宅大樓(11層含以上有電梯),住家用,1110701.0,244.84,4,2,2,有,無,59500000,276938.0,坡道平面,39.74,2700000,,RPVNMLOLPHIGFDA38DA,122.1,0.0,11.18,有,,1.0
松山區,房地(土地+建物),八德路三段１５８巷７弄３９號二樓,25.5,住,,,1120615,土地1建物1車位0,二層,五層,公寓(5樓含以下無電梯),住家用,681119.0,90.95,2,2,2,有,無,22380000,246069.0,,0.0,0,陽台外推；其他增建；,RPQPMLOKPHIGFDA97DA,79.07,0.0,11.88,無,,44.0
南港區,房地(土地+建物)+車位,東新街５６號十一樓,33.77,住,,,1120603,土地2建物1車位2,十一層,十六層,住宅大樓(11層含以上有電梯),住家用,1110701.0,284.76,4,2,2,有,無,65330000,291943.0,坡道平面,79.48,5400000,,RPPOMLOKPHIGFDA77DA,122.1,0.0,11.33,有,,1.0
文山區,房地(土地+建物),辛亥路四段１２８之１０號十樓,13.65,,,,1120602,土地16建物1車位0,十層,十八層,住宅大樓(11層含以上有電梯),住家用,1060602.0,68.93,1,1,1,有,有,13350000,193675.0,,0.0,0,,RPRNMLTKPHIGFAA08DA,37.43,0.0,8.33,有,,6.0
文山區,房地(土地+建物),羅斯福路五段２１１巷３６號四樓,54.5,住,,,1120610,土地1建物1車位0,四層，陽台,四層,公寓(5樓含以下無電梯),住家用,,116.44,5,3,2,有,無,16200000,139127.0,,0.0,0,頂樓加蓋；,RPQNMLPKQHIGFAA77EA,116.44,0.0,0.0,無,,
文山區,房地(土地+建物),溪口街１０７巷１弄１８號四樓,28.39,住,,,1120618,土地1建物1車位0,四層,五層,公寓(5樓含以下無電梯),住家用,681227.0,93.16,3,2,1,有,無,15350000,164770.0,,0.0,0,陽台外推；其他增建；,RPSOMLTLOHIGFAA28DA,76.71,0.0,16.45,無,,43.0
大安區,房地(土地+建物),和平東路三段２２８巷２２號四樓,19.38,住,,,1120603,土地1建物1車位0,四層，陽台,四層,公寓(5樓含以下無電梯),住家用,621003.0,68.4,3,3,2,有,無,16680000,243860.0,,0.0,0,陽台外推；頂樓加蓋；其他增建；,RPPNMLQKPHIGFFA08DA,68.4,0.0,0.0,無,1516.0,50.0
大安區,房地(土地+建物),通化街３９巷３７號,75.0,住,,,1120616,土地2建物1車位0,全,三層,透天厝,住家用,781210.0,222.42,5,6,3,有,無,46000000,206816.0,,0.0,0,頂樓加蓋；其他增建；,RPRNMLKKPHIGFFA67DA,222.42,0.0,0.0,無,,34.0
士林區,房地(土地+建物),福港街１８巷９號三樓,24.67,住,,,1120612,土地1建物1車位0,三層,三層,公寓(5樓含以下無電梯),住家用,580624.0,58.51,3,1,1,有,無,9300000,158947.0,,0.0,0,頂樓加蓋；其他增建；,RPTNMLLMPHIGFEA08DA,58.51,0.0,0.0,無,,54.0
中正區,房地(土地+建物)+車位,中華路二段７５巷２０號五樓,50.58,住,,,1120610,土地1建物1車位1,五層,六層,華廈(10層含以下有電梯),住家用,820205.0,211.54,4,2,2,有,有,39500000,186726.0,坡道平面,0.0,0,,RPRNMLOKQHIGFAA67DA,114.16,0.94,11.87,有,,30.0
中山區,房地(土地+建物),吉林路４３３巷２４號二樓,28.89,住,,,1120605,土地1建物1車位0,二層,七層,華廈(10層含以下有電梯),住家用,700916.0,147.41,3,2,2,有,有,26500000,179771.0,,0.0,0,陽台外推；,RPXNMLQKOHIGFCA48DA,108.63,0.0,23.05,有,,42.0
士林區,房地(土地+建物),福港街１８巷９號二樓,24.67,住,,,1120612,土地1建物1車位0,二層,三層,公寓(5樓含以下無電梯),住家用,580624.0,58.51,1,1,1,有,無,9700000,165784.0,,0.0,0,其他增建；,RPRNMLLMPHIGFEA87DA,58.51,0.0,0.0,無,,54.0
文山區,房地(土地+建物),辛亥路五段８１之１號五樓,14.14,住,,,1120627,土地3建物1車位0,五層,八層,華廈(10層含以下有電梯),住家用,720818.0,82.56,3,1,1,有,有,12000000,145349.0,,0.0,0,,RPUNMLLKQHIGFAA67DA,61.76,0.0,6.52,有,,40.0
松山區,房地(土地+建物),三民路４３巷１０號四樓之３,43.52,住,,,1120623,土地1建物1車位0,四層,十四層,住宅大樓(11層含以上有電梯),住家用,951218.0,202.33,3,2,2,有,有,47500000,234765.0,,0.0,0,陽台外推；,RPPOMLQKQHIGFDA08DA,103.5,3.56,12.45,有,,17.0
文山區,房地(土地+建物),興隆路二段２４４巷３９弄２０號二樓,27.21,住,,,1120624,土地1建物1車位0,二層,四層,公寓(5樓含以下無電梯),住家用,681015.0,81.15,3,2,1,有,無,12250000,150955.0,,0.0,0,其他增建；,RPSOMLOKPHIGFAA77DA,66.83,0.0,14.32,無,,44.0
內湖區,房地(土地+建物),康寧路三段９９巷１４號四樓,27.2,住,,,1120604,土地1建物1車位0,四層,五層,公寓(5樓含以下無電梯),住家用,750120.0,105.85,3,2,2,有,無,17500000,165328.0,,0.0,0,其他增建；,RPWOMLLJQHIGFCA08DA,85.01,1.49,9.95,無,,37.0
文山區,房地(土地+建物),辛亥路四段７７巷９２弄９號七樓之１０,35.22,住,,,1120627,土地3建物1車位0,七層,十四層,住宅大樓(11層含以上有電梯),住家用,920922.0,53.03,1,1,1,有,有,9850000,185744.0,,0.0,0,與大安區辛亥段四小段615-1、615-2、762-1地號一併移轉,RPQNMLOJQHIGFAA47DA,34.47,0.0,3.33,有,,20.0
南港區,房地(土地+建物)+車位,經貿二路１５７巷３６弄５６號五樓,20.58,住,,,1120627,土地1建物1車位1,五層,十一層,住宅大樓(11層含以上有電梯),住家用,1030129.0,141.28,2,1,1,有,有,37380000,264581.0,塔式車位,18.7,0,含租約；,RPOOMLSLOHIGFDA08DA,68.22,4.89,8.75,有,1528.0,9.0
大安區,房地(土地+建物),辛亥路一段１３５號五樓之３,18.67,住,,,1120603,土地1建物1車位0,五層,十四層,住宅大樓(11層含以上有電梯),住家用,720920.0,133.66,4,2,2,有,有,32800000,245399.0,,0.0,0,陽台外推；,RPUNMLTJQHIGFFA88DA,89.89,0.0,21.41,有,1529.0,40.0
大安區,房地(土地+建物),浦城街２２巷８號五樓,34.28,住,,,1120623,土地1建物1車位0,五層,五層,公寓(5樓含以下無電梯),住家用,820113.0,128.45,3,2,2,有,無,28000000,217984.0,,0.0,0,陽台外推；,RPROMLRKQHIGFFA58DA,79.25,23.54,8.05,無,,30.0
大安區,房地(土地+建物),安和路二段８０號五樓之３,5.6,住,,,1120612,土地1建物1車位0,五層,十五層,住宅大樓(11層含以上有電梯),住家用,680116.0,49.74,1,1,1,有,有,16880000,339365.0,,0.0,0,,RPQOMLQJPHIGFFA18DA,40.02,0.0,3.0,有,,44.0
北投區,房地(土地+建物),溫泉路６８之５號四樓,24.75,住,,,1120630,土地1建物1車位0,四層,四層,公寓(5樓含以下無電梯),住家用,620519.0,78.32,3,2,1,有,無,9800000,125128.0,,0.0,0,頂樓加蓋；其他增建；,RPXOMLSKQHIGFEA56DA,78.32,0.0,0.0,無,,50.0
內湖區,房地(土地+建物)+車位,新明路３９６號三樓,20.5,住,,,1120617,土地1建物1車位1,三層,十一層,住宅大樓(11層含以上有電梯),住家用,990712.0,142.17000000000002,3,2,2,有,有,28200000,198354.0,坡道機械,15.48,0,,RPTNMLLJQHIGFCA67DA,69.3,5.66,10.47,有,1532.0,13.0
文山區,房地(土地+建物),樟新街８巷５弄６號,54.72,住,,,1120610,土地1建物1車位0,一層,六層,華廈(10層含以下有電梯),住家用,820218.0,190.1,5,3,3,有,有,29000000,152551.0,,0.0,0,其他增建；,RPWNMLRJQHIGFAA38DA,75.06,90.15,0.0,有,,30.0
文山區,房地(土地+建物)+車位,政大一街９７號四樓之１,67.35,住,,,1120628,土地1建物1車位1,四層,五層,華廈(10層含以下有電梯),住家用,960117.0,145.48000000000002,3,2,2,有,有,25000000,191245.0,坡道平面,27.83,2500000,陽台外推；,RPVNMLSLPHIGFAA48DA,69.98,1.91,7.69,有,1534.0,16.0
文山區,房地(土地+建物),仙岩路２２巷２５號七樓,17.48,住,,,1120614,土地1建物1車位0,七層,十六層,住宅大樓(11層含以上有電梯),住家用,840411.0,76.61,2,2,1,有,有,15900000,207545.0,,0.0,0,陽台外推；,RPWNMLRKPHIGFAA38DA,48.98,0.0,6.56,有,1537.0,28.0
內湖區,房地(土地+建物)+車位,金龍路２２２巷１２號十一樓之２,42.0,住,,,1120622,土地1建物1車位1,十一層,十一層,住宅大樓(11層含以上有電梯),住家用,821213.0,134.43,3,2,2,有,有,23000000,171093.0,坡道平面,32.54,0,陽台外推；其他增建；,RPRPMLRKQHIGFCA38DA,105.22,0.0,12.94,有,,30.0
士林區,房地(土地+建物),至善路二段１巷３６弄１號,943.58,住,,,1120626,土地1建物1車位0,全,一層,透天厝,住家用,53.0,94.63,3,1,1,有,無,357790000,3780936.0,,0.0,0,具重建或重劃、都更等效益；,RPXNMLLKQHIGFEA38DA,82.55,12.08,0.0,無,,59.0
萬華區,房地(土地+建物)+車位,德昌街１８５巷１１號三樓,45.65,住,,,1120601,土地2建物1車位1,三層,十層,華廈(10層含以下有電梯),住家用,990319.0,206.99,4,2,2,有,有,34770000,188469.0,坡道平面,37.36,2800000,,RPSNMLMLQHIGFBA87EA,105.35,5.09,12.34,有,1543.0,13.0
文山區,房地(土地+建物)+車位,羅斯福路六段１４２巷２０弄１５號五樓,28.06,住,,,1120626,土地1建物1車位1,五層，電梯樓梯間,十層,華廈(10層含以下有電梯),住家用,850327.0,146.54,3,2,2,有,有,27800000,189709.0,坡道平面,0.0,2500000,陽台外推；其他增建；,RPPNMLSJPHIGFAA67DA,74.45,4.71,10.76,有,,27.0
大安區,房地(土地+建物),師大路６８巷２５號三樓之２,6.28,住,,,1120624,土地1建物1車位0,三層,六層,華廈(10層含以下有電梯),住家用,960215.0,32.48,1,0,1,有,有,12000000,369458.0,,0.0,0,陽台外推；,RPQNMLMKPHIGFFA77DA,11.53,0.3,4.04,有,1546.0,16.0
松山區,房地(土地+建物),光復南路３２巷３８號四樓,34.86,住,,,1120609,土地1建物1車位0,四層,七層,華廈(10層含以下有電梯),住家用,731116.0,179.46,4,2,2,有,有,42580000,237267.0,,0.0,0,陽台外推；,RPQNMLQLPHIGFDA08DA,133.61,0.0,19.42,有,,39.0
信義區,房地(土地+建物),永吉路３０巷１０１弄３８號四樓,23.49,住,,,1120604,土地1建物1車位0,四層,七層,華廈(10層含以下有電梯),住家用,730517.0,109.06,3,2,2,有,無,24660000,226114.0,,0.0,0,,RPTNMLPKQHIGFDA28DA,93.71,0.0,10.92,有,,39.0
中山區,房地(土地+建物),五常街６１號五樓,23.11,住,,,1120618,土地1建物1車位0,五層,五層,公寓(5樓含以下無電梯),住家用,661110.0,92.39,3,2,1,有,無,17000000,184003.0,,0.0,0,,RPWNMLOKQHIGFCA38DA,85.36,0.0,7.03,無,,46.0
文山區,房地(土地+建物),羅斯福路六段３９巷２０號二樓,31.25,住,,,1120615,土地2建物1車位0,二層,四層,公寓(5樓含以下無電梯),住家用,,72.33,3,2,1,有,無,10500000,145168.0,,0.0,0,,RPQNMLLKQHIGFAA27DA,72.33,0.0,0.0,無,,
文山區,房地(土地+建物),和平東路四段６５巷２７弄８號,180.22,住,,,1120616,土地1建物1車位0,全,三層,透天厝,住家用,760711.0,205.07,4,4,3,有,有,38800000,189204.0,,0.0,0,陽台外推；頂樓加蓋；其他增建；,RPQNMLOKQHIGFAA57DA,171.7,22.51,10.86,有,1554.0,36.0
南港區,房地(土地+建物),福德街３１０巷１５號三樓,23.0,住,,,1120611,土地1建物1車位0,三層,四層,公寓(5樓含以下無電梯),住家用,670724.0,64.07,2,2,1,有,無,12600000,196660.0,,0.0,0,,RPWNMLPLPHIGFDA58DA,57.27,0.0,6.8,無,1557.0,45.0
中山區,房地(土地+建物)+車位,敬業三路１６２巷５４號六樓,47.09,住,,,1120629,土地1建物1車位1,六層,十層,華廈(10層含以下有電梯),住家用,890628.0,155.69,3,2,2,有,有,30880000,198343.0,坡道平面,0.0,0,其他增建；,RPXPMLLJQHIGFCA28DA,77.73,0.0,8.22,有,,23.0
中山區,房地(土地+建物)+車位,民族東路１７０之１號四樓,59.35,住,,,1120605,土地1建物1車位2,四層，五層,六層,華廈(10層含以下有電梯),住家用,1030508.0,364.69,4,3,3,有,有,69000000,189202.0,坡道平面,65.4,0,,RPTNMLOJQHIGFCA97DA,168.31,7.75,24.7,有,1558.0,9.0
內湖區,房地(土地+建物),星雲街１６８巷４３號十四樓之７,10.36,住,,,1120627,土地1建物1車位0,十四層,二十一層,住宅大樓(11層含以上有電梯),住家用,860124.0,56.33,1,2,1,有,有,12500000,221907.0,,0.0,0,,RPVPMLLLQHIGFCA28DA,32.91,2.22,4.44,有,,26.0
中山區,房地(土地+建物)+車位,明水路３９７巷１８弄１２號九樓,51.43,住,,,1120620,土地1建物1車位2,九層,十五層,住宅大樓(11層含以上有電梯),住家用,960919.0,274.0,3,2,2,有,有,91700000,408212.0,坡道平面,64.06,6000000,陽台外推；其他增建；,RPTPMLQKQHIGFCA48DA,127.74,3.51,18.05,有,,16.0
中山區,房地(土地+建物),吉林路４３５號三樓,28.5,住,,,1120614,土地1建物1車位0,三層,四層,公寓(5樓含以下無電梯),住家用,590805.0,74.4,3,2,1,有,無,13200000,177419.0,,0.0,0,其他增建；,RPUPMLOKOHIGFCA18DA,74.4,0.0,0.0,無,,53.0
士林區,房地(土地+建物),福港街２４４巷１８弄１１號三樓,39.27,住,,,1120624,土地2建物1車位0,三層,四層,公寓(5樓含以下無電梯),住家用,670801.0,103.23,2,2,2,有,無,18500000,179211.0,,0.0,0,其他增建；,RPSNMLKKQHIGFEA77DA,92.76,0.0,10.47,無,1562.0,45.0
士林區,房地(土地+建物)+車位,中山北路七段１４１巷２３號八樓之１,28.45,住,,,1120608,土地1建物1車位2,八層,八層,華廈(10層含以下有電梯),住家用,1111006.0,173.84,3,2,2,有,有,48000000,287056.0,升降機械,20.56,4000000,,RPQOMLLLQHIGFEA87DA,88.4,0.0,10.46,有,,1.0
文山區,房地(土地+建物),景華街１２８巷１８號,26.99,,,,1120612,土地2建物1車位0,一層,五層,公寓(5樓含以下無電梯),住家用,720902.0,96.82,3,2,3,有,有,19500000,201405.0,,0.0,0,其他增建；,RPPNMLMJQHIGFAA17DA,82.54,14.28,0.0,無,1563.0,40.0
大安區,房地(土地+建物),信義路四段２６５巷２１弄２號六樓,23.96,住,,,1120607,土地2建物1車位0,六層，陽台,六層,華廈(10層含以下有電梯),住家用,621002.0,123.53,1,2,2,有,無,32650000,264308.0,,0.0,0,陽台外推；,RPQNMLRLPHIGFFA38DA,123.53,0.0,0.0,有,,50.0
內湖區,房地(土地+建物)+車位,港墘路１２７巷１２號十三樓之２,22.85,住,,,1120622,土地1建物1車位1,十三層，電梯樓梯間,十五層,住宅大樓(11層含以上有電梯),住家用,860806.0,150.57,3,2,2,有,有,32000000,212526.0,坡道平面,44.25,0,陽台外推；其他增建；,RPTOMLSJQHIGFCA48DA,119.96,3.53,8.97,有,1565.0,26.0
內湖區,房地(土地+建物)+車位,成功路四段１６７巷１號十樓之１,33.79,住,,,1120626,土地2建物1車位1,十層,十七層,住宅大樓(11層含以上有電梯),住家用,940627.0,232.03000000000003,3,2,2,有,有,58000000,249968.0,坡道平面,41.05,0,陽台外推；其他增建；,RPXOMLQKQHIGFCA78DA,121.18,3.88,10.18,有,1566.0,18.0
萬華區,房地(土地+建物)+車位,中華路二段３６４巷２６號十四樓之１,37.76,住,,,1120612,土地1建物1車位1,十四層,十四層,住宅大樓(11層含以上有電梯),住家用,1010625.0,174.87,3,2,2,有,有,34380000,196603.0,坡道平面,0.0,0,,RPTNMLTLQHIGFBA58DA,94.63,0.0,9.16,有,1567.0,11.0
士林區,房地(土地+建物)+車位,福港街１９巷１號五樓,43.32,住,,,1120615,土地1建物2車位1,五層,八層,華廈(10層含以下有電梯),住家用,941229.0,192.68,4,2,2,有,有,38300000,198775.0,坡道平面,34.25,0,陽台外推；其他增建；,RPUOMLRJQHIGFEA68DA,99.54,3.73,9.93,有,,17.0
內湖區,房地(土地+建物),陽光街１６１巷１２之３９號二樓,22.75,住,,,1120620,土地1建物1車位0,二層,五層,華廈(10層含以下有電梯),住家用,1080716.0,44.11,1,1,1,有,有,11900000,269780.0,,0.0,0,,RPXNMLTLQHIGFCA09DA,23.41,0.0,3.55,有,1571.0,4.0
士林區,房地(土地+建物),德行東路１３２巷５弄４號,0.0,住,,,1120606,土地4建物1車位0,一層,五層,公寓(5樓含以下無電梯),住家用,710428.0,0.12,3,1,2,有,無,2344,0.0,,0.0,0,政府機關標讓售；,RPSNMLPLQHIGFEA48EA,0.0,0.0,0.0,無,821.0,41.0
文山區,房地(土地+建物)+車位,景豐街４８巷２３號四樓,91.59,住,,,1120629,土地2建物1車位1,四層,五層,華廈(10層含以下有電梯),住家用,1010711.0,251.31,3,2,3,有,有,52250000,207911.0,坡道平面,25.31,0,其他增建；,RPWNMLLKQHIGFAA87DA,136.51,5.53,15.6,有,1576.0,11.0
北投區,房地(土地+建物),西安街二段３７５號六樓,36.6,住,,,1120629,土地1建物1車位0,六層,十一層,住宅大樓(11層含以上有電梯),住家用,820511.0,118.33,3,2,2,有,無,23000000,194372.0,,0.0,0,陽台有鐵窗雨遮增建其他增建；,RPSNMLQLPHIGFEA38DA,82.53,0.45,9.68,有,,30.0
信義區,房地(土地+建物),忠孝東路五段５３８號十一樓,20.19,住,,,1120619,土地1建物1車位0,十一層,十二層,住宅大樓(11層含以上有電梯),住家用,751106.0,143.04000000000002,3,2,2,有,有,34080000,238255.0,,0.0,0,其他增建；,RPSNMLRLPHIGFDA38DA,123.81,0.0,14.21,有,,37.0
大安區,房地(土地+建物)+車位,金山南路二段１８８號二十二樓之２,20.11,住,,,1120630,土地4建物1車位1,二十二層,二十四層,住宅大樓(11層含以上有電梯),住家用,1080910.0,175.89999999999998,2,2,2,有,有,69700000,507357.0,坡道平面,45.42,3500000,本案土地、建物義務人分屬2人。本案拆算土地、建物總價。土地總價：新台幣46340000元整；建物總價：23360000萬元整含車位總價：3500000元整。,RPRNMLSKPHIGFFA48DA,82.61,0.0,6.28,有,,4.0
文山區,房地(土地+建物),福興路６３巷４弄８號四樓,21.58,住,,,1120604,土地1建物1車位0,四層，陽台,四層,公寓(5樓含以下無電梯),住家用,641204.0,64.81,2,1,1,有,無,7950000,122666.0,,0.0,0,陽台外推；,RPPNMLTLQHIGFAA18EA,64.81,0.0,0.0,無,,48.0
文山區,房地(土地+建物),景福街４７號五樓,23.6,住,,,1120625,土地1建物1車位0,五層,五層,公寓(5樓含以下無電梯),住家用,691002.0,83.72,2,2,1,有,無,12150000,145127.0,,0.0,0,其他增建；,RPSNMLRJPHIGFAA87DA,68.03,0.0,15.69,無,,43.0
大安區,房地(土地+建物),潮州街１４６號五樓,21.4,住,,,1120625,土地1建物1車位0,五層,五層,公寓(5樓含以下無電梯),住家用,800814.0,74.85000000000001,2,1,1,有,無,21200000,283233.0,,0.0,0,陽台外推；頂樓加蓋；其他增建；,RPUNMLOJQHIGFFA38DA,39.91,19.37,4.6,無,,32.0
北投區,房地(土地+建物),東陽街４７９號三樓,26.75,住,,,1120627,土地1建物1車位0,三層,四層,公寓(5樓含以下無電梯),住家用,600526.0,82.14,3,2,1,有,無,16700000,203311.0,,0.0,0,其他增建；,RPPOMLOJQHIGFEA87DA,82.14,0.0,0.0,無,,52.0
士林區,房地(土地+建物)+車位,承德路四段６７號九樓,28.33,住,,,1120628,土地2建物1車位1,九層,十一層,住宅大樓(11層含以上有電梯),住家用,890523.0,160.32999999999998,3,2,2,有,有,34000000,212063.0,坡道平面,35.77,0,陽台外推；,RPPOMLLLQHIGFEA77DA,93.0,0.59,9.07,有,,23.0
萬華區,房地(土地+建物)+車位,德昌街１３１號九樓之３,33.75,住,,,1120618,土地1建物1車位2,九層,二十三層,住宅大樓(11層含以上有電梯),住家用,1000131.0,226.28,3,2,2,有,有,41000000,225113.0,坡道平面,66.36,5000000,,RPTNMLRKQHIGFBA28DA,90.43,6.5,12.21,有,1586.0,12.0
內湖區,房地(土地+建物)+車位,內湖路一段９１巷５７號九樓之３,18.19,住,,,1120606,土地1建物1車位1,九層,十一層,住宅大樓(11層含以上有電梯),住家用,921205.0,95.97,3,2,1,有,有,17800000,185475.0,坡道機械,19.07,0,夾層；其他增建；,RPUOMLOJQHIGFCA18DA,49.89,1.12,5.72,有,1587.0,20.0
中山區,房地(土地+建物)+車位,明水路３９７巷７弄２５號二樓,40.66,住,,,1120627,土地1建物1車位1,二層,十四層,住宅大樓(11層含以上有電梯),住家用,830614.0,226.99,5,2,3,有,有,54880000,272203.0,坡道平面,34.57,2500000,陽台外推；其他增建；,RPPNMLNLPHIGFCA57DA,177.62,8.39,16.55,有,,29.0
內湖區,房地(土地+建物)+車位,民權東路六段１８０巷６６號四樓之７,23.42,住,,,1120604,土地1建物1車位1,四層,十層,華廈(10層含以下有電梯),住家用,980715.0,180.52,3,2,2,有,有,36700000,203302.0,坡道平面,43.67,0,陽台外推；其他增建；,RPSOMLOKQHIGFCA08DA,72.87,8.2,12.46,有,1589.0,14.0
中山區,房地(土地+建物),復興北路４３２號二樓之４,23.41,住,,,1120607,土地2建物1車位0,二層,七層,華廈(10層含以下有電梯),住家用,661123.0,129.82,3,2,1,有,有,24500000,188723.0,,0.0,0,天井加蓋之增建物陽台外推；其他增建；,RPXOMLLMPHIGFCA38DA,90.25,0.0,13.73,有,,46.0
內湖區,房地(土地+建物)+車位,金湖路３４７巷１２１弄３０號三樓,100.35,住,,,1120627,土地1建物1車位1,三層,五層,華廈(10層含以下有電梯),住家用,941219.0,224.96,3,2,2,有,有,49880000,221728.0,坡道平面,34.86,0,其他增建；,RPROMLOKQHIGFCA97DA,127.9,2.49,12.73,有,,18.0
文山區,房地(土地+建物),興隆路三段２５５巷６弄１７號三樓,29.4,住,,,1120601,土地1建物1車位0,三層,四層,公寓(5樓含以下無電梯),住家用,750327.0,99.83,3,2,2,有,有,13660000,136833.0,,0.0,0,陽台外推；其他增建；,RPPNMLNKOHIGFAA17DA,72.46,0.0,23.84,無,,37.0
南港區,房地(土地+建物)+車位,三重路４１巷３５號十二樓,45.72,住,,,1120617,土地1建物1車位2,十二層，十三層,十三層,住宅大樓(11層含以上有電梯),住家用,1010119.0,418.4299999999999,4,2,3,有,有,73580000,175848.0,坡道平面,0.0,5000000,其他增建；,RPPNMLLJQHIGFDA37DA,190.86,32.42,12.67,有,,11.0
信義區,房地(土地+建物),吳興街６００巷７６弄７２號五樓,24.53,住,,,1120625,土地1建物1車位0,五層,五層,公寓(5樓含以下無電梯),住家用,761006.0,92.23,3,2,2,有,無,14100000,152879.0,,0.0,0,陽台外推；其他增建；,RPXNMLPLQHIGFDA78DA,82.17,0.0,10.06,無,,36.0
萬華區,房地(土地+建物),東園街６６巷３７弄３１號,63.0,住,,,1120630,土地2建物1車位0,全,二層,透天厝,住家用,480622.0,74.47,5,3,3,有,無,19200000,257822.0,,0.0,0,頂樓加蓋；其他增建；,RPTNMLOKPHIGFBA87DA,74.47,0.0,0.0,無,,64.0
大安區,房地(土地+建物),泰順街５０巷２４號四樓,28.0,住,,,1120602,土地2建物1車位0,四層，陽台,四層,公寓(5樓含以下無電梯),住家用,650315.0,87.62,3,2,2,有,無,21800000,248802.0,,0.0,0,陽台外推；其他增建；,RPVNMLRJOHIGFFA58DA,87.62,0.0,0.0,無,,47.0
松山區,房地(土地+建物)+車位,長春路３４７號三樓,22.0,住,,,1120629,土地1建物1車位1,三層,十四層,住宅大樓(11層含以上有電梯),住家用,760929.0,206.01,0,0,0,無,有,37214600,180645.0,坡道平面,0.0,0,,RPQNMLTLQHIGFDA58EA,168.97,0.0,12.51,有,,36.0
內湖區,房地(土地+建物),康寧路三段１８０巷１６號二樓之２,18.1,住,,,1120604,土地1建物1車位0,二層,七層,華廈(10層含以下有電梯),住家用,981009.0,71.18,3,2,1,有,有,19380000,272267.0,,0.0,0,,RPTOMLLKQHIGFCA87DA,39.73,0.0,7.94,有,1591.0,14.0
士林區,房地(土地+建物),德行東路１３２巷５弄４號,0.0,住,,,1120619,土地4建物1車位0,一層,五層,公寓(5樓含以下無電梯),住家用,710428.0,0.03,3,2,2,有,無,82,0.0,,0.0,0,政府機關標讓售；,RPQNMLTLQHIGFEA68EA,0.0,0.0,0.0,無,821.0,41.0
北投區,房地(土地+建物),石牌路二段３１５巷１０弄１２號二樓,34.35,住,,,1120624,土地2建物1車位0,二層,五層,公寓(5樓含以下無電梯),住家用,701223.0,123.79,3,2,2,有,無,18000000,145408.0,,0.0,0,陽台外推；,RPPOMLLKQHIGFEA67DA,93.61,0.0,14.1,無,,42.0
大安區,房地(土地+建物),仁愛路三段１１８巷１２弄６號五樓,26.0,住,,,1120629,土地1建物1車位0,五層,六層,華廈(10層含以下有電梯),住家用,730120.0,110.84,3,2,2,有,無,39680000,357994.0,,0.0,0,陽台外推；其他增建；,RPPNMLRKQHIGFFA28DA,87.68,3.27,14.71,有,,39.0
士林區,建物,德行東路１３２巷５弄４號,0.0,,,,1120619,土地0建物1車位0,一層,五層,公寓(5樓含以下無電梯),住家用,710428.0,0.03,3,2,2,有,無,624,0.0,,0.0,0,政府機關標讓售；,RPRNMLTLQHIGFEA78EA,0.0,0.0,0.0,無,821.0,41.0
中正區,房地(土地+建物),湖口街１之１號五樓之１,21.3,住,,,1120616,土地1建物1車位0,五層,五層,公寓(5樓含以下無電梯),住家用,611004.0,65.71,2,1,1,有,無,16000000,243494.0,,0.0,0,具重建或重劃、都更等效益；,RPPNMLKMQHIGFAA37EA,42.85,0.0,10.66,無,,51.0
萬華區,房地(土地+建物),桂林路２４６巷５２號,29.75,住,,,1120629,土地1建物1車位0,一層,四層,公寓(5樓含以下無電梯),住家用,580826.0,97.51,3,2,1,有,無,15680000,160804.0,,0.0,0,陽台外推；,RPQNMLSJPHIGFBA87DA,84.51,0.0,13.0,無,,54.0
中山區,房地(土地+建物)+車位,敬業三路１６２巷１號三樓,47.09,住,,,1120615,土地1建物1車位1,三層,十層,華廈(10層含以下有電梯),住家用,890628.0,155.72,4,0,2,有,有,30700000,197149.0,坡道平面,0.0,0,陽台外推；其他增建；,RPUPMLLLQHIGFCA18DA,77.88,0.0,8.1,有,,23.0
士林區,建物,德行東路１３２巷５弄４號,0.0,,,,1120619,土地0建物1車位0,一層,五層,公寓(5樓含以下無電梯),住家用,710428.0,0.03,3,2,2,有,無,858,0.0,,0.0,0,政府機關標讓售；,RPTNMLTLQHIGFEA98EA,0.0,0.0,0.0,無,821.0,41.0
士林區,建物,德行東路１３２巷５弄４號,0.0,,,,1120619,土地0建物1車位0,一層,五層,公寓(5樓含以下無電梯),住家用,710428.0,0.03,3,2,2,有,無,780,0.0,,0.0,0,政府機關標讓售；,RPSNMLTLQHIGFEA88EA,0.0,0.0,0.0,無,821.0,41.0
南港區,房地(土地+建物),東新街８９巷１弄１３號三樓,33.0,住,,,1120625,土地1建物1車位0,三層，陽台,三層,公寓(5樓含以下無電梯),住家用,,76.13,3,2,1,有,無,14500000,190464.0,,0.0,0,陽台外推；頂樓加蓋；其他增建；,RPQNMLLLPHIGFDA57DA,76.13,0.0,0.0,無,,
內湖區,房地(土地+建物),陽光街９２巷２５弄９號三樓,40.3,住,,,1120625,土地1建物1車位0,三層,四層,公寓(5樓含以下無電梯),住家用,680926.0,108.78,3,2,2,有,無,21000000,193050.0,,0.0,0,陽台外推；其他增建；,RPTOMLOKQHIGFCA18DA,96.04,0.0,12.74,無,1600.0,44.0
中正區,房地(土地+建物),新生南路一段１７０巷３號五樓,33.0,住,,,1120628,土地2建物1車位0,五層，陽台,五層,公寓(5樓含以下無電梯),住家用,650828.0,120.09,3,2,2,有,無,39000000,324756.0,,0.0,0,陽台外推；頂樓加蓋；其他增建；,RPXNMLRKQHIGFBA68DA,120.09,0.0,0.0,無,,47.0
士林區,建物,德行東路１３２巷５弄４號,0.0,,,,1120628,土地0建物1車位0,一層,五層,公寓(5樓含以下無電梯),住家用,710428.0,0.03,3,2,2,有,無,858,0.0,,0.0,0,政府機關標讓售；,RPTNMLOLQHIGFEA48EA,0.0,0.0,0.0,無,821.0,41.0
士林區,建物,德行東路１３２巷５弄４號,0.0,,,,1120619,土地0建物1車位0,一層,五層,公寓(5樓含以下無電梯),住家用,710428.0,0.03,3,2,2,有,無,858,0.0,,0.0,0,政府機關標讓售；,RPUNMLNLQHIGFEA48EA,0.0,0.0,0.0,無,821.0,41.0
士林區,建物,德行東路１３２巷５弄４號,0.0,,,,1120619,土地0建物1車位0,一層,五層,公寓(5樓含以下無電梯),住家用,710428.0,0.03,3,2,2,有,無,624,0.0,,0.0,0,政府機關標讓售；,RPVNMLNLQHIGFEA58EA,0.0,0.0,0.0,無,821.0,41.0
士林區,房地(土地+建物),德行東路１３２巷５弄４號,0.0,住,,,1120619,土地4建物1車位0,一層,五層,公寓(5樓含以下無電梯),住家用,710428.0,0.03,3,2,2,有,無,82,0.0,,0.0,0,政府機關標讓售；,RPSNMLNLQHIGFEA28EA,0.0,0.0,0.0,無,821.0,41.0
松山區,房地(土地+建物)+車位,光復南路３２巷３４號十樓,27.49,住,,,1120625,土地1建物1車位1,十層,十層,華廈(10層含以下有電梯),住家用,960801.0,165.26999999999998,4,2,2,有,有,48750000,369503.0,坡道平面,43.62,3800000,陽台外推；夾層；其他增建；,RPOOMLNLQHIGFDA77DA,71.52,3.26,12.88,有,1607.0,16.0
士林區,建物,德行東路１３２巷５弄４號,0.0,,,,1120628,土地0建物1車位0,一層,五層,公寓(5樓含以下無電梯),住家用,710428.0,0.03,3,2,2,有,無,624,0.0,,0.0,0,政府機關標讓售；,RPRNMLOLQHIGFEA28EA,0.0,0.0,0.0,無,821.0,41.0
士林區,房地(土地+建物),德行東路１３２巷５弄４號,0.04,住,,,1120628,土地4建物1車位0,一層,五層,公寓(5樓含以下無電梯),住家用,710428.0,0.03,3,2,2,有,無,82,0.0,,0.0,0,政府機關標讓售；,RPQNMLOLQHIGFEA18EA,0.0,0.0,0.0,無,821.0,41.0
中山區,房地(土地+建物),復興北路４３０巷３８號七樓,29.43,住,,,1120612,土地3建物1車位0,七層,七層,華廈(10層含以下有電梯),住家用,700313.0,140.16,5,3,3,有,無,38000000,271119.0,,0.0,0,陽台外推；頂樓加蓋；,RPQNMLQJRHIGFCA08EA,114.32,0.0,20.92,有,,42.0
士林區,建物,德行東路１３２巷５弄４號,0.0,,,,1120619,土地0建物1車位0,一層,五層,公寓(5樓含以下無電梯),住家用,710428.0,0.03,3,2,2,有,無,780,0.0,,0.0,0,政府機關標讓售；,RPTNMLNLQHIGFEA38EA,0.0,0.0,0.0,無,821.0,41.0
士林區,建物,德行東路１３２巷５弄４號,0.0,,,,1120628,土地0建物1車位0,一層,五層,公寓(5樓含以下無電梯),住家用,710428.0,0.03,3,2,2,有,無,780,0.0,,0.0,0,政府機關標讓售；,RPSNMLOLQHIGFEA38EA,0.0,0.0,0.0,無,821.0,41.0
北投區,房地(土地+建物)+車位,吉利街１６４巷２弄８號四樓,41.11,住,,,1120513,土地2建物1車位1,四層,五層,公寓(5樓含以下無電梯),住家用,720303.0,177.54,3,2,2,有,無,21000000,118283.0,坡道平面,0.0,0,,RPWPMLQJOHIGFEA68DA,169.73,0.0,7.81,無,,40.0
萬華區,房地(土地+建物),萬大路４８６巷３７弄６６號,18.5,住,,,1120511,土地1建物1車位0,一層,四層,公寓(5樓含以下無電梯),住家用,580613.0,55.94,2,1,2,有,無,8750000,156418.0,,0.0,0,其他增建；,RPRNMLRJOHIGFBA77DA,55.94,0.0,0.0,無,,54.0
北投區,房地(土地+建物),新民路１巷８號六樓之１,10.58,住,,,1120514,土地2建物1車位0,六層,七層,華廈(10層含以下有電梯),住家用,690805.0,50.33,1,1,1,有,有,5380000,106894.0,,0.0,0,陽台外推；,RPOQMLQJOHIGFEA97DA,39.34,0.0,4.2,有,,43.0
內湖區,房地(土地+建物),內湖路一段６２９巷３３弄２號四樓,32.4,住,,,1120529,土地1建物1車位0,四層,五層,公寓(5樓含以下無電梯),住家用,701229.0,116.34,3,2,2,有,無,23800000,204573.0,,0.0,0,陽台外推；,RPQNMLTJOHIGFCA08EA,94.32,0.0,22.02,無,1613.0,41.0
南港區,房地(土地+建物),研究院路二段１５０巷３弄１２號二樓,26.25,住,,,1120505,土地1建物1車位0,二層，陽台,四層,公寓(5樓含以下無電梯),住家用,630701.0,79.08,2,1,1,有,無,9000000,113809.0,,0.0,0,,RPPOMLSJOHIGFDA97DA,79.08,0.0,0.0,無,1614.0,49.0
信義區,房地(土地+建物),虎林街１０４巷１１１號,23.0,住,,,1120513,土地1建物1車位0,全,三層,透天厝,住家用,510201.0,64.14,4,4,4,有,無,18500000,288432.0,,0.0,0,頂樓加蓋；含租約；,RPQOMLSJOHIGFDA08DA,64.14,0.0,0.0,無,,61.0
內湖區,房地(土地+建物),內湖路一段９１巷６５號五樓,31.89,住,,,1120521,土地3建物1車位0,五層,五層,公寓(5樓含以下無電梯),住家用,711228.0,107.53,4,2,2,有,無,16750000,155770.0,,0.0,0,,RPVNMLSJOHIGFCA38DA,94.01,0.0,13.52,無,,40.0
內湖區,房地(土地+建物)+車位,江南街１１７巷８弄１號六樓,47.78,住,,,1120513,土地1建物1車位1,六層,九層,華廈(10層含以下有電梯),住家用,881215.0,175.04000000000002,3,2,2,有,有,37100000,211952.0,坡道平面,0.0,0,,RPVOMLQJOHIGFCA28DA,102.15,1.72,10.67,有,,23.0
士林區,房地(土地+建物),延平北路五段５９巷８弄１１號,25.5,住,,,1120503,土地1建物1車位0,一層,四層,公寓(5樓含以下無電梯),住家用,601215.0,64.97,2,1,1,有,無,7750000,119286.0,,0.0,0,含租約；,RPRNMLTJOHIGFEA28DA,64.97,0.0,0.0,無,,51.0
文山區,房地(土地+建物),下崙路３３巷２１號五樓,25.73,住,,,1120505,土地1建物1車位0,五層,五層,公寓(5樓含以下無電梯),住家用,820217.0,100.72,3,2,1,有,無,13000000,129058.0,,0.0,0,陽台外推；,RPXNMLRJOHIGFAA28DA,81.78,2.06,11.32,無,1627.0,30.0
文山區,房地(土地+建物),木柵路四段１５９巷１７０弄６之１號二樓,25.61,住,,,1120502,土地1建物1車位0,二層,五層,公寓(5樓含以下無電梯),住家用,700203.0,86.42,3,2,2,有,無,10200000,118028.0,,0.0,0,,RPWNMLKMNHIGFAA67DA,76.12,0.0,10.3,無,,42.0
大安區,房地(土地+建物),信義路二段１９８巷７之３號,25.0,住,,,1120523,土地2建物2車位0,一層,七層,華廈(10層含以下有電梯),住家用,660426.0,113.94,0,0,0,無,有,31500000,276461.0,,0.0,0,,RPTNMLTJOHIGFFA68EA,105.74,8.19,0.0,有,,46.0
松山區,房地(土地+建物),敦化南路一段１０２號八樓之４,13.57,住,,,1120515,土地4建物1車位0,八層,十二層,住宅大樓(11層含以上有電梯),住家用,660413.0,120.63,3,2,1,有,有,36000000,298433.0,,0.0,0,,RPQNMLTJOHIGFDA18EA,90.65,0.0,7.2,有,,46.0
中山區,房地(土地+建物),農安街２０８號十樓,6.79,住,,,1120509,土地1建物2車位0,十層,十二層,住宅大樓(11層含以上有電梯),住家用,750331.0,65.46000000000001,1,1,1,有,有,13000000,198595.0,,0.0,0,,RPTNMLTKNHIGFCA28DA,40.24,0.0,9.35,有,1628.0,37.0
中正區,房地(土地+建物),仁愛路二段１５巷１號,4.99,住,,,1120524,土地1建物1車位0,一層,六層,華廈(10層含以下有電梯),住家用,920717.0,20.01,1,0,1,有,無,8080000,403798.0,,0.0,0,,RPPNMLMKOHIGFBA27EA,8.8,0.0,6.43,有,1630.0,20.0
文山區,房地(土地+建物),忠順街一段１５７號三樓,19.27,住,,,1120514,土地1建物1車位0,三層,五層,公寓(5樓含以下無電梯),住家用,710602.0,77.36,2,2,1,有,無,12660000,163650.0,,0.0,0,陽台外推；其他增建；,RPPNMLOKNHIGFAA17DA,65.6,0.0,9.13,無,1632.0,41.0
內湖區,房地(土地+建物)+車位,行善路２８１巷３０號八樓之２,31.01,住,,,1120503,土地1建物1車位1,八層,九層,華廈(10層含以下有電梯),住家用,980826.0,165.48000000000002,2,2,2,有,有,35980000,221370.0,坡道平面,14.24,2500000,其他增建；,RPTQMLQKNHIGFCA28DA,73.93,6.39,8.97,有,1633.0,14.0
大安區,房地(土地+建物),羅斯福路三段２８３巷２９弄３號三樓,19.62,住,,,1120524,土地1建物1車位0,三層,七層,華廈(10層含以下有電梯),住家用,680712.0,109.59,3,2,1,有,無,31000000,282873.0,,0.0,0,,RPPNMLTJOHIGFFA18DA,90.34,0.0,19.25,有,,44.0
中正區,房地(土地+建物),南昌路一段５１巷３弄２號地下一層之１,8.95,住,,,1120519,土地1建物1車位0,地下一層,五層,華廈(10層含以下有電梯),住家用,1000711.0,28.410000000000004,1,0,1,有,有,6100000,214713.0,,0.0,0,,RPPNMLMLNHIGFAA07DA,19.17,0.0,0.0,有,1635.0,12.0
信義區,房地(土地+建物),虎林街１２０巷１６５號,22.5,住,,,1120511,土地1建物1車位0,一層,四層,公寓(5樓含以下無電梯),住家用,581231.0,59.6,0,0,0,無,無,36980000,620470.0,,0.0,0,其他增建；,RPWPMLRJOHIGFDA68DA,59.6,0.0,0.0,無,,53.0
信義區,房地(土地+建物),吳興街４３２巷１２６之１號五樓,29.11,住,,,1120515,土地1建物1車位0,五層,五層,公寓(5樓含以下無電梯),住家用,770923.0,110.56,3,2,2,有,無,15180000,137301.0,,0.0,0,其他增建；,RPXOMLSJOHIGFDA78DA,94.71,1.23,14.62,無,1636.0,35.0
內湖區,房地(土地+建物),大湖山莊街２２６號三樓,10.9,住,,,1120519,土地1建物1車位0,三層,十層,華廈(10層含以下有電梯),住家用,820729.0,41.3,1,1,1,有,有,7400000,179177.0,,0.0,0,,RPTOMLSJOHIGFCA28DA,27.65,0.6,1.86,有,,30.0
文山區,房地(土地+建物)+車位,萬壽路７５巷４１號三樓,75.03,住,,,1120502,土地1建物1車位2,三層,十二層,住宅大樓(11層含以上有電梯),住家用,880413.0,184.39,3,2,2,有,有,17680000,95884.0,坡道平面,0.0,4000000,夾層；其他增建；,RPSNMLMKOHIGFAA37DA,77.66,0.0,9.94,有,,24.0
松山區,房地(土地+建物)+車位,三民路２９巷５號十二樓之１,44.14,住,,,1120504,土地2建物1車位1,十二層,十二層,住宅大樓(11層含以上有電梯),住家用,931111.0,207.3,4,2,2,有,有,55000000,265316.0,坡道平面,0.0,0,,RPWNMLMLNHIGFDA08DA,117.26,2.54,11.24,有,,18.0
松山區,房地(土地+建物)+車位,塔悠路１６７號四樓,33.97,住,,,1120513,土地1建物1車位1,四層,四層,華廈(10層含以下有電梯),住家用,831111.0,172.41,3,2,2,有,有,27300000,158343.0,坡道平面,0.0,0,陽台外推；,RPXOMLMLNHIGFDA28DA,96.37,4.44,10.62,有,1643.0,29.0
中山區,房地(土地+建物),農安街１２５巷２３號,23.5,住,,,1120515,土地1建物1車位0,一層,四層,公寓(5樓含以下無電梯),住家用,580625.0,61.06,0,1,1,有,無,16000000,262037.0,,0.0,0,其他增建；,RPSOMLMJOHIGFCA57DA,61.06,0.0,0.0,無,,54.0
北投區,房地(土地+建物),吉利街３７１號三樓,28.75,住,,,1120508,土地1建物1車位0,三層,四層,公寓(5樓含以下無電梯),住家用,620509.0,81.01,3,2,1,有,無,15180000,187384.0,,0.0,0,陽台外推；其他增建；,RPTNMLSJOHIGFEA38DA,74.4,0.0,6.61,無,,50.0
文山區,房地(土地+建物),羅斯福路五段１７０巷１１號五樓,27.4,住,,,1120505,土地1建物1車位0,五層,五層,公寓(5樓含以下無電梯),住家用,670701.0,99.89,6,0,6,有,無,17500000,175193.0,,0.0,0,陽台外推；頂樓加蓋；其他增建；,RPTNMLLJOHIGFAA27DA,89.21,0.0,10.68,無,1647.0,45.0
大安區,房地(土地+建物),敦化南路二段４６號八樓之１３,4.02,住,,,1120514,土地1建物1車位0,八層,十六層,住宅大樓(11層含以上有電梯),住家用,640602.0,45.61,1,1,1,有,有,15100000,331068.0,,0.0,0,,RPPNMLMKOHIGFFA67EA,35.23,0.0,0.0,有,1649.0,48.0
松山區,房地(土地+建物),寶清街１０１巷２６號二樓,24.96,住,,,1120506,土地2建物1車位0,二層,五層,華廈(10層含以下有電梯),住家用,981029.0,78.74,2,2,1,有,無,17550000,222885.0,,0.0,0,陽台外推；,RPRNMLTJOHIGFDA18DA,39.57,4.6,7.7,有,1650.0,14.0
松山區,房地(土地+建物),南京東路五段２８６巷４號六樓之３,7.86,住,,,1120511,土地1建物1車位0,六層，陽台,六層,華廈(10層含以下有電梯),住家用,650609.0,31.05,2,1,1,有,有,10400000,334944.0,,0.0,0,陽台外推；,RPTNMLMKOHIGFDA77DA,31.05,0.0,0.0,有,1651.0,47.0
中山區,房地(土地+建物)+車位,基湖路１２０巷３０弄５號三樓,89.15,住,,,1120503,土地1建物1車位2,三層,九層,華廈(10層含以下有電梯),住家用,900103.0,310.11,3,2,2,有,有,55000000,177356.0,坡道平面,0.0,0,陽台外推；,RPROMLLJOHIGFCA37DA,128.67,0.0,14.21,有,,22.0
內湖區,房地(土地+建物)+車位,陽光街１６１巷１２之２３號,45.61,住,,,1120506,土地1建物1車位1,一層,五層,華廈(10層含以下有電梯),住家用,1080716.0,90.97,3,2,1,有,有,25200000,277014.0,塔式車位,0.0,1500000,,RPXOMLSJOHIGFCA68DA,54.08,0.0,0.0,有,1652.0,4.0
士林區,房地(土地+建物)+車位,中正路６５５巷６號十四樓,25.88,住,,,1120511,土地1建物1車位1,十四層,十五層,住宅大樓(11層含以上有電梯),住家用,1030606.0,172.39,3,2,2,有,有,28000000,162422.0,坡道平面,30.52,0,,RPXNMLMKNHIGFEA18DA,83.03,6.0,5.33,有,1657.0,9.0
信義區,房地(土地+建物),忠孝東路四段５５９巷１８號二樓之４,6.97,住,,,1120513,土地1建物1車位0,二層,五層,華廈(10層含以下有電梯),住家用,820506.0,37.19,0,1,1,有,有,11200000,301156.0,,0.0,0,陽台外推；其他增建；,RPUNMLTKNHIGFDA48DA,21.85,0.7,3.09,有,1658.0,30.0
大安區,房地(土地+建物)+車位,安和路一段１０１號十三樓之３,13.28,住,,,1120506,土地1建物1車位1,十三層,十六層,住宅大樓(11層含以上有電梯),住家用,700216.0,173.82,2,2,2,有,有,40880000,307882.0,坡道平面,52.42,3500000,陽台外推；,RPVOMLPJOHIGFFA48DA,128.75,0.0,17.26,有,,42.0
大安區,房地(土地+建物),仁愛路四段６８號十二樓之９,11.94,住,,,1120519,土地2建物1車位0,十二層,十四層,住宅大樓(11層含以上有電梯),住家用,661212.0,125.46,1,1,1,有,有,39680000,316276.0,,0.0,0,,RPPNMLRLNHIGFFA08DA,109.16,0.0,0.0,有,,45.0
大安區,房地(土地+建物),雲和街７５巷２號三樓,22.0,住,,,1120513,土地2建物1車位0,三層,四層,公寓(5樓含以下無電梯),住家用,,60.32,2,2,1,有,無,14700000,243700.0,,0.0,0,陽台外推；其他增建；,RPPNMLOLNHIGFFA77DA,47.14,0.0,13.18,無,,
中山區,房地(土地+建物),龍江路１７９巷１３之１號四樓,19.0,住,,,1120502,土地1建物1車位0,四層,四層,公寓(5樓含以下無電梯),住家用,600301.0,53.75,2,0,2,有,無,16000000,297674.0,,0.0,0,頂樓加蓋建物.隔成2房.1廳.1衛.併同移轉頂樓加蓋；,RPQNMLMKOHIGFCA47EA,53.75,0.0,0.0,無,1660.0,52.0
文山區,房地(土地+建物)+車位,萬盛街８９號二樓,16.9,住,,,1120531,土地1建物1車位1,二層,八層,華廈(10層含以下有電梯),住家用,1050816.0,101.84,0,2,1,有,有,23100000,226826.0,升降機械,0.0,0,,RPPNMLMKOHIGFAA17EA,51.47,11.96,0.0,有,,7.0
北投區,房地(土地+建物)+車位,三合街一段６３號九樓,42.76,住,,,1120506,土地1建物1車位1,九層,九層,華廈(10層含以下有電梯),住家用,1031119.0,261.13,4,2,2,有,有,52000000,199135.0,坡道平面,40.49,0,陽台外推；,RPRNMLNKOHIGFEA87EA,126.8,7.44,13.52,有,1661.0,8.0
文山區,房地(土地+建物),興隆路一段８３巷６號二樓之１,16.35,住,,,1120506,土地1建物1車位0,二層，電梯樓梯間,六層,華廈(10層含以下有電梯),住家用,850628.0,72.69000000000001,2,1,1,有,有,12660000,174164.0,,0.0,0,陽台外推；其他增建；,RPWNMLNLNHIGFAA87DA,40.36,21.56,4.62,有,,27.0
大安區,房地(土地+建物),忠孝東路四段２１６巷１６號五樓之８,10.0,住,,,1120530,土地1建物1車位0,五層,七層,華廈(10層含以下有電梯),住家用,641103.0,39.24,1,1,1,有,有,13600000,346585.0,,0.0,0,,RPPNMLNKOHIGFFA77EA,39.24,0.0,0.0,有,,48.0
南港區,房地(土地+建物)+車位,經貿二路１５７巷３６弄１０７號五樓,22.27,住,,,1120502,土地1建物1車位1,五層,七層,華廈(10層含以下有電梯),住家用,981002.0,141.12,3,2,1,有,有,26500000,261083.0,升降平面,47.28,2000000,其他增建；,RPTOMLSJOHIGFDA38DA,55.11,7.11,4.76,有,,14.0
大安區,房地(土地+建物),敦化南路一段２６１號十四樓,26.49,住,,,1120501,土地2建物1車位0,十四層,十四層,住宅大樓(11層含以上有電梯),住家用,710610.0,206.73,2,2,2,有,有,86500000,418420.0,,0.0,0,1.本買賣標的頂樓空中花園部分，賣方擁有分管使用權隨同主建物一併移轉，確保本交易之完整性。2.另地下室停車位亦擁有使用權B2車位41、41-1號隨同移轉。其他增建；,RPSNMLSJNHIGFFA28DA,166.65,0.0,22.72,有,,41.0
內湖區,房地(土地+建物)+車位,民權東路六段１９０巷６３弄７號,101.99,住,,,1120516,土地1建物1車位1,一層,五層,華廈(10層含以下有電梯),住家用,950227.0,227.43,4,2,2,有,有,62000000,303680.0,坡道平面,31.5,2500000,陽台外推；其他增建；,RPOOMLMLNHIGFCA27DA,129.81,3.01,13.56,有,,17.0
文山區,房地(土地+建物)+車位,政大三街２８號三樓,48.57,住,,,1120517,土地1建物1車位1,三層,五層,公寓(5樓含以下無電梯),住家用,831224.0,104.89,3,2,1,有,有,13680000,130422.0,坡道平面,0.0,0,夾層；其他增建；,RPRNMLSJOHIGFAA77DA,56.6,2.02,6.47,無,,28.0
大安區,房地(土地+建物),和平東路一段１８８巷１８號三樓之１,13.65,住,,,1120506,土地1建物1車位0,三層,六層,華廈(10層含以下有電梯),住家用,921112.0,50.42,1,0,1,有,無,18300000,362951.0,,0.0,0,陽台外推；,RPOOMLKKNHIGFFA27DA,24.4,2.01,2.68,有,,19.0
文山區,房地(土地+建物),興隆路二段２５２號十三樓,13.49,,,,1120511,土地1建物1車位0,十三層,十五層,住宅大樓(11層含以上有電梯),住家用,840105.0,86.45,1,1,1,有,有,15990000,184962.0,,0.0,0,陽台外推；,RPRNMLPJOHIGFAA47DA,58.33,2.78,8.0,有,1669.0,28.0
文山區,房地(土地+建物)+車位,景華街１２２號二樓,22.99,住,,,1120508,土地1建物1車位1,二層,十層,華廈(10層含以下有電梯),住家用,910821.0,148.37,2,1,1,有,有,20330000,182236.0,坡道平面,50.53,2500000,其他增建；,RPSNMLNKOHIGFAA47DA,60.65,0.62,7.05,有,,21.0
士林區,房地(土地+建物),中山北路六段２３６巷１弄１７號二樓,52.0,住,,,1120508,土地1建物1車位0,二層,二層,公寓(5樓含以下無電梯),住家用,610502.0,80.57,3,2,2,有,無,19000000,235820.0,,0.0,0,頂樓加蓋；,RPPNMLNKOHIGFEA67EA,80.57,0.0,0.0,無,,51.0
大安區,房地(土地+建物),富陽街１６０巷８號五樓,30.34,住,,,1120514,土地1建物1車位0,五層,五層,公寓(5樓含以下無電梯),住家用,741230.0,115.12,3,2,2,有,無,19180000,166609.0,,0.0,0,陽台外推；其他增建；,RPSNMLMKOHIGFFA87DA,87.23,5.05,13.91,無,1672.0,37.0
大安區,房地(土地+建物),敦化南路一段２６１號十四樓之１,22.53,住,,,1120501,土地2建物1車位0,十四層,十四層,住宅大樓(11層含以上有電梯),住家用,710610.0,176.82999999999998,2,2,2,有,無,73500000,415653.0,,0.0,0,1.本買賣標的頂樓空中花園部分，賣方擁有分管使用權隨同主建物一併移轉，確保本交易之完整性。2.另地下室停車位亦擁有使用權B2車位41、41-1號隨同移轉。其他增建；,SPSNMLSJNHIGFFA38DA,131.85,0.0,21.94,有,,41.0
文山區,房地(土地+建物),萬壽路６２之９號,25.66,住,,,1120511,土地1建物1車位0,一層,五層,華廈(10層含以下有電梯),住家用,961023.0,53.36,1,0,1,有,有,7550000,141492.0,,0.0,0,其他增建；,RPQNMLMKOHIGFAA17DA,31.05,0.0,1.79,有,1673.0,16.0
中正區,房地(土地+建物)+車位,徐州路１０號二樓,21.29,住,,,1120519,土地1建物1車位2,二層,九層,華廈(10層含以下有電梯),住家用,1020125.0,126.08,4,2,2,有,有,37000000,309474.0,塔式車位,20.74,4400000,夾層；其他增建；,RPWNMLKMNHIGFBA77DA,49.01,4.19,12.77,有,1674.0,10.0
信義區,房地(土地+建物),和平東路三段５０９巷７弄３號二樓,7.0,住,,,1120506,土地1建物1車位0,三層,四層,公寓(5樓含以下無電梯),住家用,840223.0,27.28,1,0,1,有,無,5300000,194282.0,,0.0,0,其他增建；,RPQOMLKMNHIGFDA47DA,16.83,2.1,0.0,無,1675.0,28.0
文山區,房地(土地+建物),景華街１２４號二樓,18.81,住,,,1120508,土地1建物1車位0,二層,十層,華廈(10層含以下有電梯),住家用,910821.0,99.68,2,1,1,有,有,18170000,182283.0,,0.0,0,其他增建；,SPSNMLNKOHIGFAA57DA,61.43,0.62,7.73,有,,21.0
內湖區,房地(土地+建物),康寧路一段１９５巷１弄４號,39.8,住,,,1120513,土地1建物1車位0,一層,五層,公寓(5樓含以下無電梯),住家用,780808.0,107.72,3,1,2,有,無,21500000,199592.0,,0.0,0,,RPPNMLNKOHIGFCA47EA,90.26,10.42,0.0,無,,34.0
內湖區,房地(土地+建物)+車位,成功路二段４８６巷１２號十樓,9.37,住,,,1120509,土地2建物1車位1,十層,十一層,住宅大樓(11層含以上有電梯),住家用,870911.0,98.73,1,1,1,有,有,12580000,127405.0,坡道平面,0.0,2000000,,RPPNMLOKOHIGFCA57EA,72.43,0.52,4.64,有,,25.0
文山區,房地(土地+建物),萬盛街６０巷７號二樓,38.0,住,,,1120513,土地1建物1車位0,二層,三層,公寓(5樓含以下無電梯),住家用,,65.57,3,2,1,有,無,12600000,192161.0,,0.0,0,陽台外推；其他增建；,RPQNMLNKNHIGFAA17DA,65.57,0.0,0.0,無,,
中正區,房地(土地+建物)+車位,南海路４６號五樓之２,14.89,住,,,1120507,土地1建物1車位1,五層,七層,華廈(10層含以下有電梯),住家用,961017.0,126.98,2,2,1,有,有,29000000,228364.0,升降平面,51.34,0,陽台外推；其他增建；,RPRNMLRJOHIGFAA67DA,45.04,7.48,4.43,有,1682.0,16.0
中山區,房地(土地+建物)+車位,民族東路１６６號三樓,61.15,住,,,1120513,土地1建物1車位2,二層，三層,六層,華廈(10層含以下有電梯),住家用,1030508.0,373.7,4,2,2,有,有,63880000,184496.0,坡道平面,65.4,7000000,,RPWOMLNKOHIGFCA18DA,168.6,15.37,24.51,有,1684.0,9.0
內湖區,房地(土地+建物),內湖路一段９１巷３９弄２２號三樓,23.76,住,,,1120508,土地2建物1車位0,三層,五層,公寓(5樓含以下無電梯),住家用,741223.0,106.63,3,2,2,有,無,16100000,150989.0,,0.0,0,,RPSOMLMKOHIGFCA67DA,92.11,1.22,9.26,無,,37.0
文山區,房地(土地+建物),景明街１４巷６之１號三樓,45.38,住,,,1120515,土地1建物1車位0,三層，陽台,四層,公寓(5樓含以下無電梯),住家用,640905.0,133.05,4,2,2,有,無,19500000,146561.0,,0.0,0,陽台外推；其他增建；,RPQOMLTLNHIGFAA97DA,133.05,0.0,0.0,無,,48.0
南港區,房地(土地+建物)+車位,重陽路１２５巷３６弄１０號六樓之８,20.96,住,,,1120514,土地1建物1車位1,六層,八層,華廈(10層含以下有電梯),住家用,961008.0,109.08,1,2,1,有,有,20500000,187935.0,坡道平面,21.15,0,陽台外推；夾層；其他增建；,RPWOMLTLNHIGFDA88DA,49.25,0.0,6.35,有,,16.0
內湖區,房地(土地+建物),成功路二段１１５巷５號四樓之２,14.8,住,,,1120513,土地1建物2車位0,四層,十一層,住宅大樓(11層含以上有電梯),住家用,1110510.0,84.77,2,1,1,有,有,23580000,278164.0,,0.0,0,,RPUNMLKMNHIGFCA67DA,46.59,4.87,8.12,有,,1.0
士林區,房地(土地+建物)+車位,德行東路１０６號十三樓,34.18,住,,,1120525,土地1建物1車位1,十三層,十四層,住宅大樓(11層含以上有電梯),住家用,1011123.0,256.89,3,1,2,有,有,64000000,249134.0,坡道平面,33.08,0,,RPTNMLOKOHIGFEA08DA,128.17,4.94,12.19,有,1695.0,11.0
北投區,房地(土地+建物)+車位,溫泉路６８巷６弄８號十樓,22.77,住,,,1120501,土地1建物1車位1,十層,十一層,住宅大樓(11層含以上有電梯),住家用,1051109.0,145.7,2,2,2,有,有,23660000,194855.0,坡道平面,36.85,2450000,,RPVOMLOKOHIGFEA48EA,58.73,5.75,6.69,有,,6.0
內湖區,房地(土地+建物),民權東路六段４２３號三樓,7.09,住,,,1120521,土地1建物1車位0,三層,九層,華廈(10層含以下有電梯),住家用,980629.0,43.09,1,1,1,有,有,11100000,257600.0,,0.0,0,,RPXNMLOKOHIGFCA28DA,23.16,3.42,2.08,有,,14.0
松山區,房地(土地+建物),健康路３２５巷６弄３０號四樓,35.63,住,,,1120523,土地1建物1車位0,四層,五層,公寓(5樓含以下無電梯),住家用,751020.0,111.72,3,2,2,有,無,21280000,190476.0,,0.0,0,,RPPNMLMKOHIGFDA37DA,91.25,4.42,8.71,無,,37.0
信義區,房地(土地+建物),吳興街２８４巷２４弄７８之１號三樓,16.8,住,,,1120510,土地1建物1車位0,三層,五層,公寓(5樓含以下無電梯),住家用,670708.0,63.5,2,2,1,有,無,13200000,207874.0,,0.0,0,,RPQNMLMKOHIGFDA47DA,54.49,0.0,9.01,無,,45.0
文山區,房地(土地+建物)+車位,木新路二段１０６號五樓,18.37,住,,,1120515,土地1建物1車位1,五層,五層,華廈(10層含以下有電梯),住家用,1100924.0,90.72,2,1,1,有,無,17450000,216435.0,升降機械,17.95,1700000,,RPXNMLPKNHIGFAA08DA,31.47,7.29,3.14,有,,2.0
信義區,房地(土地+建物),吳興街６００巷１００弄２５號三樓,30.5,住,,,1120507,土地1建物1車位0,三層，陽台,四層,公寓(5樓含以下無電梯),住家用,,86.92,3,2,1,有,無,11700000,134607.0,,0.0,0,,RPWNMLLKNHIGFDA87DA,86.92,0.0,0.0,無,,
內湖區,房地(土地+建物),康寧路三段１６５巷２５弄７號五樓,25.43,住,,,1120509,土地1建物1車位0,五層,五層,公寓(5樓含以下無電梯),住家用,731218.0,95.33,3,2,2,有,無,15300000,160495.0,,0.0,0,頂樓加蓋；其他增建；,RPWNMLOLNHIGFCA18DA,78.26,0.0,8.88,無,,38.0
信義區,房地(土地+建物),基隆路一段１４７巷５弄２２號三樓,25.25,住,,,1120501,土地1建物1車位0,三層，陽台,四層,公寓(5樓含以下無電梯),住家用,611020.0,74.32,2,2,1,有,無,20100000,270452.0,,0.0,0,陽台外推；其他增建；,RPUOMLSJOHIGFDA48DA,74.32,0.0,0.0,無,,51.0
內湖區,房地(土地+建物)+車位,大湖山莊街１７６巷１８號四樓之５,14.19,住,,,1120527,土地1建物1車位1,四層,十四層,住宅大樓(11層含以上有電梯),住家用,971127.0,83.13,1,1,1,有,有,16380000,234578.0,坡道平面,23.96,2500000,,RPOOMLOKOHIGFCA47DA,33.79,3.02,2.87,有,1713.0,15.0
中正區,房地(土地+建物),師大路２１２號六樓之１,7.28,住,,,1120507,土地1建物1車位0,六層,十三層,住宅大樓(11層含以上有電梯),住家用,991027.0,54.06999999999999,1,1,1,有,有,14650000,270945.0,,0.0,0,陽台外推；夾層；其他增建；,RPPQMLLLRHHGFAA67EA,30.8,1.27,3.23,有,1716.0,13.0
大安區,房地(土地+建物),樂業街１６９巷２３號三樓,23.98,住,,,1120528,土地1建物1車位0,三層,七層,華廈(10層含以下有電梯),住家用,710902.0,151.57000000000002,4,2,2,有,無,32880000,216929.0,,0.0,0,陽台外推；,RPPNMLMJOHIGFFA47DA,105.88,0.0,31.92,有,,41.0
大安區,房地(土地+建物),仁愛路四段３４５巷４弄３２號二樓,27.02,住,,,1120507,土地1建物1車位0,二層,七層,華廈(10層含以下有電梯),住家用,670315.0,146.71,4,2,2,有,有,38600000,263104.0,,0.0,0,其他增建；,RPWOMLPJOHIGFFA58DA,111.4,0.0,17.84,有,1721.0,45.0
北投區,房地(土地+建物),大興街２３巷１７號五樓,32.14,住,,,1120513,土地1建物1車位0,五層,五層,公寓(5樓含以下無電梯),住家用,720112.0,118.36,3,2,1,有,有,13500000,114059.0,,0.0,0,其他增建；,RPOOMLLMNHIGFEA47DA,90.14,2.86,14.8,無,,40.0
北投區,房地(土地+建物)+車位,大度路三段１８９號三樓,22.16,住,,,1120507,土地3建物1車位1,三層,十四層,住宅大樓(11層含以上有電梯),住家用,910322.0,206.37,4,2,2,有,有,26000000,125987.0,坡道平面,38.19,0,其他增建；,RPPNMLNLNHIGFEA57DA,103.0,7.64,7.62,有,,21.0
松山區,房地(土地+建物),八德路三段１２巷５１弄２４號二樓,27.75,住,,,1120513,土地1建物1車位0,二層,七層,華廈(10層含以下有電梯),住家用,700513.0,158.34,4,2,2,有,無,36000000,227359.0,,0.0,0,陽台外推；其他增建；,RPSOMLMKOHIGFDA77DA,122.08,0.0,31.16,有,,42.0
北投區,房地(土地+建物),奇岩路３６號地下一層,52.5,住,,,1120523,土地1建物1車位0,地下一層,三層,公寓(5樓含以下無電梯),住家用,690823.0,176.39,4,2,2,有,無,9880000,56012.0,,0.0,0,,RPSNMLPKOHIGFEA18EA,160.91,15.48,0.0,無,,43.0
士林區,房地(土地+建物),承德路四段６巷８號二樓,22.0,住,,,1120518,土地1建物1車位0,二層,五層,公寓(5樓含以下無電梯),住家用,680920.0,79.81,2,2,1,有,無,14000000,175417.0,,0.0,0,陽台外推；其他增建；,RPVNMLTJOHIGFEA68DA,67.89,0.0,11.92,無,,44.0
北投區,房地(土地+建物)+車位,中山北路七段２１９巷３弄１７９號五樓,47.27,住,,,1120513,土地1建物1車位1,五層,七層,華廈(10層含以下有電梯),住家用,731227.0,222.41,4,2,2,有,有,25800000,139013.0,坡道平面,65.6,4000000,陽台外推；其他增建；,RPTNMLQLNHIGFEA28DA,201.96,0.0,14.44,有,1732.0,38.0
北投區,房地(土地+建物),行義路１８６巷３６號三樓,28.49,住,,,1120505,土地1建物1車位0,三層,七層,華廈(10層含以下有電梯),住家用,731221.0,137.03,4,2,2,有,有,14500000,105816.0,,0.0,0,陽台外推；其他增建；,RPOOMLKKOHIGFEA27DA,109.83,0.0,17.86,有,,38.0
士林區,房地(土地+建物),士東路２６６巷１６弄２號四樓,35.7,住,,,1120513,土地2建物1車位0,四層,五層,公寓(5樓含以下無電梯),住家用,730912.0,133.25,4,2,2,有,無,21750000,163227.0,,0.0,0,,RPPNMLQLNHIGFEA87DA,113.94,0.0,11.18,無,,39.0
北投區,房地(土地+建物),石牌路一段３９巷８０弄５號二樓,27.5,住,,,1120506,土地2建物1車位0,二層,五層,公寓(5樓含以下無電梯),住家用,710820.0,98.9,3,2,1,有,無,18880000,190900.0,,0.0,0,鋁窗增建陽台外推；其他增建；,RPSOMLOKOHIGFEA08DA,83.31,0.0,15.59,無,,41.0
大同區,房地(土地+建物),環河北路二段２６９號四樓之１,24.99,住,,,1120517,土地2建物1車位0,四層,四層,華廈(10層含以下有電梯),住家用,650113.0,57.42999999999999,2,2,1,有,有,12580000,219049.0,,0.0,0,頂樓加蓋；其他增建；,RPTNMLSKNHIGFBA08DA,44.48,0.0,0.0,有,1741.0,47.0
文山區,房地(土地+建物),木新路三段１２７巷４號五樓,46.24,住,,,1120514,土地1建物1車位0,五層,七層,華廈(10層含以下有電梯),住家用,800113.0,157.16,4,2,2,有,無,25000000,159074.0,,0.0,0,其他增建；,RPVNMLOKOHIGFAA87DA,108.84,2.22,16.48,有,,32.0
內湖區,房地(土地+建物)+車位,五分街６８號二樓,20.51,住,,,1120514,土地1建物1車位1,二層，電梯樓梯間,九層,華廈(10層含以下有電梯),住家用,861203.0,96.04,2,2,1,有,有,17500000,182216.0,坡道平面,0.0,1500000,其他增建；,RPSNMLOLNHIGFCA77DA,53.44,6.33,5.99,有,,25.0
內湖區,房地(土地+建物),康樂街３２號四樓,45.4,住,,,1120506,土地1建物1車位0,四層,五層,公寓(5樓含以下無電梯),住家用,771018.0,139.69,3,2,2,有,無,19500000,139595.0,,0.0,0,,RPSNMLTLNHIGFCA28DA,107.18,2.44,11.0,無,,35.0
松山區,房地(土地+建物),八德路四段２８４號三樓,17.0,住,,,1120514,土地1建物1車位0,三層,五層,公寓(5樓含以下無電梯),住家用,680227.0,77.0,3,2,2,有,無,16750000,217532.0,,0.0,0,陽台外推；,RPQQMLPKOHIGFDA18EA,66.0,0.0,11.0,無,,44.0
大安區,房地(土地+建物)+車位,信義路二段１９８巷１８號八樓,42.73,住,,,1120506,土地1建物1車位3,八層,九層,華廈(10層含以下有電梯),住家用,1010910.0,250.37,4,2,2,有,有,93380000,414398.0,升降機械,39.51,6000000,陽台外推；,RPQNMLOKOHIGFFA87DA,116.02,10.7,11.69,有,,11.0
大安區,房地(土地+建物)+車位,和平東路二段９６巷１４號六樓,34.03,住,,,1120505,土地1建物1車位2,六層,九層,華廈(10層含以下有電梯),住家用,1020201.0,249.55,4,2,2,有,有,79180000,356104.0,升降機械,41.24,5000000,陽台外推；其他增建；,RPUNMLOKOHIGFFA28DA,103.48,14.91,14.8,有,1746.0,10.0
北投區,房地(土地+建物),大度路三段２９９號三樓之３,5.91,住,,,1120501,土地3建物1車位0,三層,十四層,住宅大樓(11層含以上有電梯),住家用,971013.0,57.77,1,1,1,有,有,10300000,178293.0,,0.0,0,其他增建；,RPUNMLMJOHIGFEA87DA,32.82,1.85,4.12,有,,15.0
內湖區,房地(土地+建物)+車位,文湖街７號六樓之１,7.5,住,,,1120518,土地1建物1車位1,六層,七層,華廈(10層含以下有電梯),住家用,960308.0,42.45,1,1,1,有,有,9700000,222282.0,塔式車位,5.57,1500000,陽台外推；夾層；其他增建；,RPOPMLLMNHIGFCA37DA,18.32,0.0,4.5,有,,16.0
中正區,房地(土地+建物)+車位,重慶南路三段３５號十七樓,48.92,住,,,1120518,土地2建物1車位2,十七層,二十一層,住宅大樓(11層含以上有電梯),住家用,1100915.0,313.76,3,2,2,有,有,118600000,468949.0,坡道平面,78.34,8200000,,RPVNMLRJOHIGFAA08DA,127.71,10.64,13.55,有,,2.0
大同區,房地(土地+建物),重慶北路三段９巷１６號二樓,23.6,住,,,1120524,土地1建物1車位0,二層,五層,公寓(5樓含以下無電梯),住家用,721014.0,79.99,2,1,1,有,無,11000000,137517.0,,0.0,0,含租約；,RPQNMLQKOHIGFBA77EA,73.63,0.0,6.36,無,,40.0
南港區,房地(土地+建物),重陽路１６６巷１０弄１０號三樓,31.0,住,,,1120515,土地1建物1車位0,三層,四層,公寓(5樓含以下無電梯),住家用,610320.0,66.04,2,2,1,有,無,12250000,185494.0,,0.0,0,,RPSNMLRKOHIGFDA28EA,0.0,0.0,0.0,無,,51.0
信義區,房地(土地+建物)+車位,嘉興街３１２號七樓,18.61,住,,,1120515,土地1建物1車位1,七層,七層,華廈(10層含以下有電梯),住家用,821203.0,153.84,4,2,2,有,有,31880000,232874.0,升降機械,25.54,2000000,陽台外推；其他增建；,RPOPMLTLNHIGFDA18DA,121.85,3.64,9.98,有,,29.0
萬華區,房地(土地+建物)+車位,環河南路三段１３３號七樓,22.87,住,,,1120509,土地3建物1車位1,七層,十三層,住宅大樓(11層含以上有電梯),住家用,1050419.0,173.82,3,2,2,有,有,29200000,167990.0,升降平面,26.89,0,,RPOPMLNKOHIGFBA37DA,83.95,6.27,6.92,有,,7.0
內湖區,房地(土地+建物)+車位,康寧路一段２９２號九樓,18.53,,,,1120503,土地4建物1車位1,九層,十二層,住宅大樓(11層含以上有電梯),住家用,801021.0,97.07,1,1,1,有,有,15450000,159163.0,坡道平面,0.0,0,陽台外推；,RPQOMLNLNHIGFCA57DA,70.92,1.76,4.41,有,,32.0
松山區,房地(土地+建物),八德路四段３６巷１８號,20.5,住,,,1120516,土地1建物1車位0,一層，騎樓,四層,公寓(5樓含以下無電梯),住家用,,65.38,2,1,1,有,無,18500000,282961.0,,0.0,0,其他增建；,RPQOMLNKOHIGFDA67DA,65.38,0.0,0.0,無,,
信義區,房地(土地+建物)+車位,吳興街４４９巷２弄６號,18.17,住,,,1120531,土地1建物1車位1,一層,五層,公寓(5樓含以下無電梯),住家用,910927.0,74.53,1,2,2,有,無,18000000,241513.0,升降機械,0.0,0,,RPSNMLPKOHIGFDA97DA,31.74,0.0,10.32,無,1753.0,21.0
松山區,房地(土地+建物),民權東路三段１６０巷１９弄２８號七樓,28.47,住,,,1120510,土地1建物1車位0,七層,七層,華廈(10層含以下有電梯),住家用,690115.0,149.34,4,2,2,有,有,39300000,263158.0,,0.0,0,頂樓加蓋；其他增建；,RPPPMLSJOHIGFDA08DA,117.21,0.0,20.15,有,,43.0
士林區,房地(土地+建物),中山北路七段２１９巷８號七樓之１８,17.27,住,,,1120526,土地1建物2車位0,七層,七層,華廈(10層含以下有電梯),住家用,780817.0,98.06,1,1,2,有,有,17350000,176932.0,,0.0,0,兩戶打通合併使用  土地款新台幣12145000- 房屋款新台幣5205000-陽台外推；,RPRNMLRKOHIGFEA28EA,54.82,3.07,10.41,有,,34.0
文山區,房地(土地+建物),景福街２１巷３弄９之１號二樓,31.61,住,,,1120522,土地2建物1車位0,二層,四層,公寓(5樓含以下無電梯),住家用,730908.0,75.34,2,2,1,有,無,12500000,165915.0,,0.0,0,,RPPOMLQKOHIGFAA57DA,64.92,0.0,10.42,無,,39.0
內湖區,房地(土地+建物),成功路三段１８７巷３５弄５號四樓,26.88,住,,,1120501,土地1建物1車位0,四層,五層,公寓(5樓含以下無電梯),住家用,690331.0,88.26,3,2,1,有,無,12800000,145026.0,,0.0,0,,RPROMLSJOHIGFCA08DA,77.04,0.0,11.22,無,,43.0
士林區,房地(土地+建物),中山北路六段４０５巷３６號七樓,28.5,住,,,1120517,土地1建物1車位0,七層,七層,華廈(10層含以下有電梯),住家用,731003.0,142.51999999999998,3,2,2,有,無,27000000,189447.0,,0.0,0,頂樓加蓋；其他增建；,RPVNMLMJOHIGFEA97DA,117.88,0.0,16.72,有,1755.0,39.0
北投區,房地(土地+建物),石牌路二段３１５巷２８弄５號三樓,39.12,住,,,1120529,土地1建物1車位0,三層,五層,公寓(5樓含以下無電梯),住家用,770621.0,103.48,3,2,2,有,無,13430000,129784.0,,0.0,0,,RPQOMLPKOHIGFEA97DA,88.65,2.32,9.71,無,,35.0
萬華區,房地(土地+建物),萬大路４９３巷５４號三樓,28.0,住,,,1120504,土地1建物1車位0,三層,四層,公寓(5樓含以下無電梯),住家用,630426.0,90.97,3,2,2,有,無,11880000,130593.0,,0.0,0,其他增建；,RPXNMLNKOHIGFBA08DA,80.23,0.0,10.74,無,,49.0
松山區,房地(土地+建物),敦化北路２２２巷２９之１號五樓,24.01,住,,,1120520,土地1建物1車位0,五層,七層,華廈(10層含以下有電梯),住家用,691231.0,131.72,3,2,2,有,有,32500000,246735.0,,0.0,0,陽台外推；,RPPOMLQJOHIGFDA77DA,95.5,0.0,17.35,有,1757.0,42.0
文山區,房地(土地+建物),忠順街二段９０巷２２號五樓,27.01,住,,,1120509,土地1建物1車位0,五層,五層,公寓(5樓含以下無電梯),住家用,720208.0,80.03,3,2,1,有,無,11580000,144696.0,,0.0,0,陽台外推；其他增建；,RPQOMLPKNHIGFAA47DA,62.9,0.0,8.47,無,1760.0,40.0
文山區,房地(土地+建物),羅斯福路五段９７巷１１號四樓,28.0,住,,,1120504,土地1建物1車位0,四層,四層,公寓(5樓含以下無電梯),住家用,600906.0,70.09,3,2,1,有,無,11000000,156941.0,,0.0,0,陽台外推；頂樓加蓋；,RPPNMLMJOHIGFAA96DA,70.09,0.0,0.0,無,,52.0
文山區,房地(土地+建物)+車位,萬壽路６２之９號二樓,29.19,住,,,1120507,土地1建物1車位1,二層,五層,華廈(10層含以下有電梯),住家用,961023.0,71.71000000000001,1,0,1,有,有,9400000,131084.0,升降機械,11.0,0,其他增建；,RPXNMLMKOHIGFAA87DA,31.05,5.81,1.79,有,1762.0,16.0
北投區,房地(土地+建物),大同街１７６之３號四樓,21.25,住,,,1120509,土地1建物1車位0,四層,四層,公寓(5樓含以下無電梯),住家用,620323.0,70.36,3,3,2,有,無,11000000,156339.0,,0.0,0,頂樓加蓋；,RPWOMLKKNHIGFEA97DA,70.36,0.0,0.0,無,,50.0
士林區,房地(土地+建物),福華路１６６巷６號三樓,22.0,住,,,1120528,土地1建物1車位0,三層,四層,公寓(5樓含以下無電梯),住家用,621226.0,70.86,3,2,1,有,無,18000000,254022.0,,0.0,0,陽台外推；其他增建；,RPSNMLRKOHIGFEA28DA,70.86,0.0,0.0,無,,49.0
信義區,房地(土地+建物),吳興街３２０巷１０之１號四樓,19.4,住,,,1120507,土地2建物1車位0,四層,五層,華廈(10層含以下有電梯),住家用,801016.0,95.0,3,2,2,有,有,19200000,202105.0,,0.0,0,陽台外推；其他增建；,RPTNMLPKOHIGFDA08DA,63.19,0.0,10.53,有,,32.0
北投區,房地(土地+建物),懷德街３之３號五樓,30.55,住,,,1120513,土地1建物1車位0,五層,五層,公寓(5樓含以下無電梯),住家用,690419.0,107.68,3,2,2,有,無,18800000,174591.0,,0.0,0,,RPUNMLMKOHIGFEA08EA,92.5,0.0,15.18,無,,43.0
大安區,房地(土地+建物),浦城街１３巷９號四樓之３,5.53,住,,,1120509,土地1建物1車位0,四層,六層,華廈(10層含以下有電梯),住家用,960913.0,23.16,1,1,1,有,有,7500000,323834.0,,0.0,0,,RPOOMLMKOHIGFFA57DA,12.49,2.15,0.0,有,,16.0
文山區,房地(土地+建物),興隆路二段２０３巷１２２號三樓,19.69,住,,,1120510,土地1建物1車位0,三層,十一層,住宅大樓(11層含以上有電梯),住家用,860623.0,83.38999999999999,2,2,1,有,有,17500000,209857.0,,0.0,0,,RPQOMLPKOHIGFAA57DA,55.81,2.0,7.93,有,1769.0,26.0
大安區,房地(土地+建物),青田街６巷１２號二樓之１,11.91,住,,,1120526,土地1建物1車位0,二層,七層,華廈(10層含以下有電梯),住家用,980828.0,51.11,1,2,1,有,有,21180000,414400.0,,0.0,0,夾層；,RPPNMLOKOHIGFFA77DA,26.76,1.63,3.53,有,1770.0,14.0
內湖區,房地(土地+建物),康樂街６１巷１５弄１０號三樓,35.02,住,,,1120521,土地1建物1車位0,三層,五層,公寓(5樓含以下無電梯),住家用,760814.0,100.72,3,2,1,有,無,17200000,170770.0,,0.0,0,陽台外推；,RPQNMLQKOHIGFCA87EA,82.07,0.6,7.43,無,,36.0
中山區,房地(土地+建物)+車位,明水路３９７巷１９弄１０號五樓之１,22.91,住,,,1120509,土地1建物1車位1,五層,十二層,住宅大樓(11層含以上有電梯),住家用,880125.0,132.85,2,2,2,有,有,32500000,244637.0,坡道平面,0.0,0,陽台外推；其他增建；,RPRNMLNLNHIGFCA57DA,104.54,0.0,8.08,有,,24.0
松山區,房地(土地+建物),三民路３５巷３號二樓,42.49,住,,,1120502,土地1建物1車位0,二層,十三層,住宅大樓(11層含以上有電梯),住家用,930917.0,203.45,3,2,2,有,有,45080000,221578.0,,0.0,0,,RPTOMLMJOHIGFDA77DA,93.51,3.2,11.31,有,,19.0
北投區,房地(土地+建物),文林北路８０巷７６號,49.67,住,,,1120506,土地1建物1車位0,三層,三層,公寓(5樓含以下無電梯),住家用,610526.0,90.28,5,2,3,有,無,18700000,207133.0,,0.0,0,頂樓加蓋；其他增建；未登記建物；,RPPNMLRKOHIGFEA08EA,0.0,0.0,0.0,無,,51.0
文山區,房地(土地+建物),和興路３號四樓,30.75,住,,,1120512,土地1建物1車位0,四層,四層,公寓(5樓含以下無電梯),住家用,,77.26,4,0,4,有,無,10800000,139788.0,,0.0,0,陽台外推；頂樓加蓋；其他增建；,RPOOMLTLNHIGFAA77DA,77.26,0.0,0.0,無,1780.0,
北投區,房地(土地+建物)+車位,三合街一段８２巷１０１號五樓,16.22,住,,,1120505,土地1建物1車位1,五層,九層,華廈(10層含以下有電梯),住家用,1040708.0,110.56,2,2,1,有,有,21900000,198082.0,坡道機械,0.0,0,,RPOOMLQLNHIGFEA87DA,50.81,3.35,4.65,有,1781.0,8.0
松山區,房地(土地+建物),南京東路五段６６巷２２弄３２號七樓,21.08,住,,,1120517,土地1建物1車位0,七層,七層,華廈(10層含以下有電梯),住家用,740107.0,132.86,4,3,2,有,無,31000000,233328.0,,0.0,0,陽台外推；其他增建；,RPWNMLTJOHIGFDA68DA,92.76,0.0,20.97,有,,38.0
大安區,房地(土地+建物),延吉街２４６巷６號三樓,18.97,住,,,1120525,土地3建物1車位0,三層,七層,華廈(10層含以下有電梯),住家用,691011.0,100.41,3,2,2,有,有,26200000,260930.0,,0.0,0,,RPSNMLRKOHIGFFA48EA,76.16,0.0,12.18,有,,43.0
士林區,房地(土地+建物),大光街８號,73.0,住,,,1120523,土地1建物1車位0,全,,透天厝,住家用,500908.0,106.56,3,2,2,有,無,25500000,239302.0,,0.0,0,,RPXNMLRJOHIGFEA68DA,106.56,0.0,0.0,無,,62.0
文山區,房地(土地+建物)+車位,指南路三段２２巷３之１號三樓,34.05,住,,,1120516,土地1建物1車位1,三層,九層,華廈(10層含以下有電梯),住家用,1010326.0,175.11,3,2,2,有,有,23760000,135686.0,坡道平面,0.0,2000000,,RPWOMLLJOHIGFAA67DA,76.06,7.19,8.56,有,,11.0
文山區,房地(土地+建物),木柵路二段１０９巷１００弄４６號十樓,63.49,住,,,1120504,土地2建物1車位0,十層,十七層,住宅大樓(11層含以上有電梯),住家用,850925.0,115.64,3,2,1,有,有,17500000,151332.0,,0.0,0,陽台外推；其他增建；,RPOOMLMJOHIGFAA96DA,75.9,0.79,11.31,有,,27.0
中正區,房地(土地+建物),杭州南路一段１１１巷１９號四樓,21.17,住,,,1120520,土地1建物1車位0,四層,五層,公寓(5樓含以下無電梯),住家用,690116.0,90.4,3,2,2,有,無,26000000,287611.0,,0.0,0,陽台外推；,RPVOMLTLNHIGFBA58DA,71.9,0.0,18.5,無,1783.0,43.0
士林區,房地(土地+建物),忠誠路一段３９號六樓,21.89,住,,,1120502,土地1建物1車位0,六層,七層,華廈(10層含以下有電梯),住家用,740118.0,130.43,3,2,2,有,有,28200000,216208.0,,0.0,0,陽台外推；,RPXNMLKMNHIGFEA18DA,98.55,0.0,15.83,有,,38.0
南港區,房地(土地+建物),研究院路三段６８巷１８號二樓,33.69,住,,,1120531,土地1建物1車位0,二層,四層,公寓(5樓含以下無電梯),住家用,701202.0,95.22,2,2,2,有,無,11500000,120773.0,,0.0,0,,RPQNMLTKOHIGFDA28EA,83.72,0.0,11.5,無,,41.0
內湖區,房地(土地+建物)+車位,成功路二段１１５巷５號五樓之１,22.87,住,,,1120502,土地1建物2車位1,五層,十一層,住宅大樓(11層含以上有電梯),住家用,1110510.0,170.16000000000005,2,1,1,有,有,36000000,257152.0,坡道平面,40.19,2578000,,RPTNMLKMNHIGFCA57DA,78.39,8.98,4.03,有,,1.0
文山區,房地(土地+建物),試院路１５４巷２弄２５號二樓,29.83,住,,,1120518,土地1建物1車位0,二層,四層,公寓(5樓含以下無電梯),住家用,750321.0,96.71,5,0,5,有,無,8880000,91821.0,,0.0,0,陽台外推；其他增建；,RPVNMLQLNHIGFAA08DA,82.56,0.0,9.78,無,,37.0
文山區,房地(土地+建物),指南路三段２巷１０之１號二樓,25.78,住,,,1120507,土地1建物1車位0,二層,六層,華廈(10層含以下有電梯),住家用,860318.0,96.5,3,2,2,有,有,16000000,165803.0,,0.0,0,陽台外推；,RPPNMLNLNHIGFAA17DA,67.24,0.0,8.79,有,,26.0
士林區,房地(土地+建物),中社路二段４６巷１號,64.38,住,,,1120513,土地1建物1車位0,一層,四層,公寓(5樓含以下無電梯),住家用,650406.0,69.66,3,2,1,有,無,10000000,143554.0,,0.0,0,其他增建；,RPUNMLRKOHIGFEA48DA,69.66,0.0,0.0,無,,47.0
信義區,房地(土地+建物),仁愛路四段４５２巷１８號五樓,21.62,住,,,1120528,土地1建物1車位0,五層,七層,華廈(10層含以下有電梯),住家用,660914.0,132.58,3,2,2,有,無,40720000,307135.0,,0.0,0,其他增建；,RPUOMLNKOHIGFDA08DA,110.18,1.9,7.53,有,1788.0,46.0
中山區,房地(土地+建物)+車位,堤頂大道二段２５８號,388.92,住,,,1120510,土地1建物8車位9,七層，見其他登記事項,七層,華廈(10層含以下有電梯),住家用,1110125.0,1416.09,0,0,0,無,無,380000000,268345.0,其他,0.0,0,,RPSOMLQKOHIGFCA08DA,579.28,0.0,62.01,有,,1.0
北投區,房地(土地+建物),大度路三段３０１巷８０弄４２號,114.0,住,,,1120515,土地1建物1車位0,全,二層,透天厝,住家用,690419.0,146.19,3,3,2,有,無,18000000,123127.0,,0.0,0,陽台外推；頂樓加蓋；其他增建；,RPUOMLMKOHIGFEA08DA,116.44,14.2,15.55,無,,43.0
松山區,房地(土地+建物),復興北路４２７巷２５號十樓，復興北路４２７巷２５號十樓之１,11.98,住,,,1120512,土地1建物1車位0,十層,十一層,住宅大樓(11層含以上有電梯),住家用,971013.0,73.83,1,1,1,有,有,18980000,257077.0,,0.0,0,陽台外推；夾層；,RPSNMLRKOHIGFDA18DA,37.79,2.5,4.2,有,1791.0,15.0
萬華區,房地(土地+建物),武成街９８巷３０號,28.0,住,,,1120511,土地1建物1車位0,全,二層,透天厝,住家用,580402.0,40.0,4,1,3,有,無,8900000,222500.0,,0.0,0,其他增建；,RPOOMLRKOHIGFBA67DA,40.0,0.0,0.0,無,,54.0
中山區,房地(土地+建物),建國北路三段８１巷８號二樓,22.4,住,,,1120504,土地1建物1車位0,二層,五層,公寓(5樓含以下無電梯),住家用,661110.0,73.04,2,2,1,有,無,13600000,186199.0,,0.0,0,陽台外推；其他增建；,RPOPMLLJOHIGFCA17DA,64.49,0.0,8.55,無,,45.0
文山區,房地(土地+建物),興隆路二段２４４巷３９弄２０號四樓,27.21,住,,,1120521,土地1建物1車位0,四層,四層,公寓(5樓含以下無電梯),住家用,681015.0,81.15,3,2,2,有,無,11000000,135551.0,,0.0,0,陽台外推；其他增建；,RPUOMLMLNHIGFAA67DA,66.83,0.0,14.32,無,,44.0
內湖區,房地(土地+建物)+車位,星雲街１６８巷４３號十樓之３,18.94,住,,,1120513,土地1建物1車位1,十層,二十一層,住宅大樓(11層含以上有電梯),住家用,860124.0,126.54,3,2,1,有,有,24400000,246788.0,坡道平面,37.8,2500000,,RPWOMLQKOHIGFCA48DA,90.62,4.12,6.01,有,1799.0,26.0
萬華區,房地(土地+建物),寶興街１００號四樓,19.2,住,,,1120521,土地1建物1車位0,四層,四層,公寓(5樓含以下無電梯),住家用,680301.0,78.99,3,2,1,有,無,11500000,145588.0,,0.0,0,陽台外推；頂樓加蓋；,RPQNMLPKOHIGFBA57DA,74.68,0.0,4.31,無,,44.0
中山區,房地(土地+建物),北安路５９２之３號三樓,27.1,住,,,1120505,土地2建物1車位0,三層,四層,公寓(5樓含以下無電梯),住家用,630813.0,78.79,2,2,1,有,無,16360000,207641.0,,0.0,0,陽台外推；其他增建；,RPQNMLKKOHIGFCA17DA,74.15,0.0,4.64,無,,49.0
內湖區,房地(土地+建物),康樂街６３號五樓,30.67,住,,,1120527,土地3建物1車位0,五層,五層,公寓(5樓含以下無電梯),住家用,741230.0,120.32,3,2,2,有,無,13800000,114694.0,,0.0,0,,RPPOMLQJOHIGFCA67DA,104.29,0.0,7.33,無,1802.0,37.0
中山區,房地(土地+建物),龍江路３１８巷２１號五樓,30.1,住,,,1120506,土地2建物1車位0,五層,五層,公寓(5樓含以下無電梯),住家用,690527.0,103.29,3,2,2,有,無,18200000,176203.0,,0.0,0,頂樓加蓋；,RPPNMLTKOHIGFCA08EA,90.93,0.0,12.36,無,,43.0
士林區,房地(土地+建物)+車位,德行東路１１２號十三樓,48.69,住,,,1120525,土地1建物1車位2,十三層,十四層,住宅大樓(11層含以上有電梯),住家用,1011123.0,389.36,3,2,3,有,有,91000000,233717.0,坡道平面,66.16,0,,RPUNMLOKOHIGFEA18DA,181.7,3.75,21.17,有,1805.0,11.0
內湖區,房地(土地+建物),成功路四段２１４巷３弄１７號三樓,27.2,住,,,1120523,土地1建物1車位0,三層,五層,公寓(5樓含以下無電梯),住家用,740712.0,91.07,3,2,2,有,無,18000000,197650.0,,0.0,0,,RPQNMLTKOHIGFCA08DA,84.18,0.0,6.89,無,,38.0
文山區,房地(土地+建物)+車位,富山路１６之８號二樓,26.87,住,,,1120520,土地1建物3車位1,二層,七層,華廈(10層含以下有電梯),住家用,971125.0,131.85,2,2,2,有,有,20000000,163096.0,坡道機械,18.42,1500000,其他增建；,RPXNMLQJOHIGFAA18DA,61.63,2.1,6.66,有,1810.0,14.0
萬華區,房地(土地+建物),國興路６８號九樓,16.78,住,,,1120501,土地1建物1車位0,九層,十二層,住宅大樓(11層含以上有電梯),住家用,680403.0,59.84,2,2,1,有,有,12500000,208890.0,,0.0,0,其他增建；,RPROMLRKNHIGFBA87DA,52.57,0.0,7.27,有,,44.0
文山區,房地(土地+建物),興隆路二段２４４巷３７弄１５號五樓,25.63,住,,,1120508,土地1建物1車位0,五層,五層,公寓(5樓含以下無電梯),住家用,711102.0,95.73,3,2,1,有,無,15660000,163585.0,,0.0,0,頂樓加蓋；其他增建；,RPPOMLLMNHIGFAA17DA,78.03,0.0,10.03,無,,41.0
信義區,房地(土地+建物),松山路５１５巷２弄３５號四樓,27.5,住,,,1120505,土地1建物1車位0,四層，露台,四層,公寓(5樓含以下無電梯),住家用,600220.0,79.03,5,3,2,有,無,17300000,218904.0,,0.0,0,頂樓加蓋；其他增建；,RPPOMLTKOHIGFDA18DA,79.03,0.0,0.0,無,,52.0
松山區,房地(土地+建物),慶城街４６巷１號七樓,27.5,住,,,1120513,土地1建物1車位0,七層,七層,華廈(10層含以下有電梯),住家用,711214.0,135.24,3,2,2,有,有,37000000,273588.0,,0.0,0,陽台外推；,RPPPMLQKOHIGFDA97DA,93.44,0.0,19.04,有,,40.0
內湖區,房地(土地+建物)+車位,陽光街１６１巷１２之３３號二樓,27.99,住,,,1120530,土地1建物1車位1,二層,五層,華廈(10層含以下有電梯),住家用,1080716.0,56.77,1,1,1,有,有,15000000,264224.0,塔式車位,0.0,0,,RPPNMLNKOHIGFCA37DA,28.98,0.0,4.2,有,1814.0,4.0
松山區,房地(土地+建物),南京東路五段６６巷１５號六樓,24.56,住,,,1120516,土地1建物1車位0,六層,七層,華廈(10層含以下有電梯),住家用,720824.0,121.09,3,2,2,有,有,30000000,247750.0,,0.0,0,,RPRNMLTKOHIGFDA38EA,88.6,0.65,17.19,有,1815.0,40.0
中山區,房地(土地+建物),新生北路三段４３號九樓之２,6.57,住,,,1120530,土地2建物1車位0,九層,十一層,住宅大樓(11層含以上有電梯),住家用,670301.0,51.73,1,2,1,有,有,10300000,199111.0,,0.0,0,其他增建；,RPRPMLPKOHIGFCA97DA,35.62,0.0,3.09,有,1816.0,45.0
北投區,房地(土地+建物),大興街２４巷７弄９號四樓,30.56,住,,,1120503,土地1建物1車位0,四層,四層,公寓(5樓含以下無電梯),住家用,681224.0,97.79,3,2,2,有,無,15300000,156458.0,,0.0,0,陽台外推；頂樓加蓋；,RPSNMLKLOHIGFEA77EA,89.82,0.0,7.97,無,,43.0
士林區,房地(土地+建物)+車位,德行東路１１０號十三樓,49.16,住,,,1120525,土地1建物1車位4,十三層,十四層,住宅大樓(11層含以上有電梯),住家用,1011123.0,425.24,3,2,3,有,有,96000000,278678.0,坡道平面,110.54,8300000,,RPXOMLOKOHIGFEA68EA,213.22,3.75,21.17,有,1818.0,11.0
中正區,房地(土地+建物),汀州路三段１４２號四樓,29.77,住,,,1120516,土地1建物1車位0,四層,五層,公寓(5樓含以下無電梯),住家用,720331.0,94.66,6,0,6,有,無,21700000,229241.0,,0.0,0,陽台外推；其他增建；,RPROMLSJOHIGFAA87DA,82.73,0.0,11.93,無,,40.0
內湖區,房地(土地+建物),內湖路一段９１巷９２弄４２號二樓,37.06,住,,,1120501,土地1建物1車位0,二層，夾層,五層,公寓(5樓含以下無電梯),住家用,771129.0,107.94,3,2,2,有,有,18300000,169539.0,,0.0,0,其他增建；,RPRNMLKMNHIGFCA37DA,84.37,0.75,6.25,無,1819.0,34.0
士林區,房地(土地+建物),大南路４０８巷１號四樓,29.0,住,,,1120518,土地1建物1車位0,四層,四層,公寓(5樓含以下無電梯),住家用,610704.0,97.94,3,2,1,有,無,12200000,124566.0,,0.0,0,,RPQNMLOKOHIGFEA77DA,97.94,0.0,0.0,無,,51.0
松山區,房地(土地+建物)+車位,民生東路三段１１３巷２５弄１４號七樓,21.34,住,,,1120526,土地1建物1車位1,七層,七層,華廈(10層含以下有電梯),住家用,700905.0,143.18,3,2,1,有,有,31300000,218591.0,坡道平面,23.02,0,頂樓加蓋；,RPWNMLRKOHIGFDA68EA,104.86,0.0,12.66,有,,42.0
中山區,房地(土地+建物),吉林路３６９號七樓之２１,6.04,住,,,1120515,土地1建物1車位0,七層,七層,華廈(10層含以下有電梯),住家用,681219.0,36.07,1,1,1,有,有,7500000,207929.0,,0.0,0,陽台外推；其他增建；,RPRNMLQKOHIGFCA87DA,25.69,0.0,3.88,有,,43.0
內湖區,房地(土地+建物)+車位,金龍路２２９號十二樓之１,29.59,住,,,1120525,土地1建物1車位1,十二層,十二層,住宅大樓(11層含以上有電梯),住家用,810822.0,118.64,2,2,2,有,有,23200000,215770.0,坡道機械,18.07,1500000,,RPPNMLQKOHIGFCA67DA,80.62,2.94,7.92,有,1820.0,31.0
文山區,房地(土地+建物)+車位,萬隆街４６號二樓,42.43,住,,,1120509,土地1建物1車位1,二層,五層,華廈(10層含以下有電梯),住家用,880810.0,150.37,3,2,2,有,有,28000000,195464.0,升降機械,16.33,1800000,陽台外推；其他增建；,RPPOMLTLNHIGFAA87DA,80.29,0.0,11.25,有,1821.0,24.0
信義區,房地(土地+建物),吳興街２２０巷７３弄４號,10.32,住,,,1120510,土地1建物1車位0,一層,五層,公寓(5樓含以下無電梯),住家用,790424.0,26.58,3,2,2,有,無,5000000,188111.0,,0.0,0,,RPTNMLKLOHIGFDA77EA,22.32,2.45,0.0,無,,33.0
南港區,房地(土地+建物),南深路２３巷２０號四樓,44.08,住,,,1120520,土地2建物1車位0,四層,四層,公寓(5樓含以下無電梯),住家用,700331.0,90.49,3,2,1,有,無,12300000,135927.0,,0.0,0,頂樓加蓋；,RPOOMLRKOHIGFDA87DA,80.71,0.0,9.78,無,1822.0,42.0
信義區,房地(土地+建物),福德街１３號三樓,24.72,住,,,1120521,土地2建物1車位0,三層,五層,公寓(5樓含以下無電梯),住家用,700727.0,86.17,3,2,2,有,無,18240000,211675.0,,0.0,0,陽台外推；,RPPNMLKLOHIGFDA37EA,76.81,0.0,9.36,無,,42.0
南港區,房地(土地+建物)+車位,研究院路二段９８巷２１弄８號六樓,40.14,住,,,1120504,土地1建物1車位2,六層,十五層,住宅大樓(11層含以上有電梯),住家用,1000216.0,277.8,4,2,2,有,有,45800000,192817.0,坡道平面,66.2,5000000,,RPWNMLKLOHIGFDA97DA,117.57,10.13,11.99,有,1824.0,12.0
北投區,房地(土地+建物)+車位,中央北路三段２２０巷１５號二樓,91.86,住,,,1120530,土地2建物1車位2,二層,五層,華廈(10層含以下有電梯),住家用,1000211.0,260.67,4,2,2,有,有,32500000,139809.0,坡道平面,53.96,3600000,天井加蓋、雨遮加蓋。陽台外推；其他增建；,RPRNMLKLOHIGFEA57DA,116.2,14.49,8.81,有,,12.0
中山區,房地(土地+建物)+車位,合江街１０２巷３６號六樓,52.52,住,,,1120510,土地1建物1車位1,六層,七層,華廈(10層含以下有電梯),住家用,1001007.0,250.42,4,2,2,有,有,61000000,243591.0,一樓平面,0.0,3000000,陽台外推；其他增建；,RPSOMLKLOHIGFCA57DA,121.49,15.98,13.55,有,1826.0,12.0
信義區,房地(土地+建物),信義路五段１５０巷４２１弄１１號二樓,33.0,住,,,1120506,土地1建物1車位0,二層，陽台,四層,公寓(5樓含以下無電梯),住家用,621031.0,94.72,3,2,2,有,無,17800000,187922.0,,0.0,0,陽台加鐵窗其他增建；,RPQNMLSKOHIGFDA08DA,94.72,0.0,0.0,無,,50.0
中山區,房地(土地+建物)+車位,基湖路１５１巷２１號三樓之８,18.04,住,,,1120508,土地1建物1車位1,三層,五層,華廈(10層含以下有電梯),住家用,930630.0,70.79,1,1,1,有,有,14100000,263218.0,坡道平面,26.72,2500000,陽台外推；夾層；其他增建；,RPQPMLLJOHIGFCA37DA,24.38,0.0,2.6,有,,19.0
中山區,房地(土地+建物)+車位,明水路３９７巷１９弄１０號五樓,25.11,住,,,1120513,土地1建物1車位1,五層,十二層,住宅大樓(11層含以上有電梯),住家用,880125.0,136.29000000000002,2,2,1,有,有,38000000,340998.0,坡道平面,33.65,3000000,陽台外推；,RPOOMLLKOHIGFCA17DA,76.44,0.0,8.9,有,,24.0
大同區,房地(土地+建物),哈密街２３巷３４號四樓,29.0,住,,,1120528,土地1建物1車位0,四層,四層,公寓(5樓含以下無電梯),住家用,650217.0,90.36,3,2,2,有,無,14800000,163789.0,,0.0,0,陽台外推；其他增建；,RPRPMLMKOHIGFBA57DA,71.89,0.0,18.47,無,,47.0
文山區,房地(土地+建物),興隆路三段１８５巷１５弄７號,25.98,住,,,1120507,土地7建物1車位0,一層,五層,公寓(5樓含以下無電梯),住家用,720823.0,81.53999999999999,3,2,2,有,有,11500000,141035.0,,0.0,0,陽台外推；,RPQNMLKLOHIGFAA17EA,61.41,12.58,0.0,無,,40.0
萬華區,房地(土地+建物),長順街１２３巷２１號四樓,28.91,住,,,1120531,土地1建物1車位0,四層,五層,公寓(5樓含以下無電梯),住家用,721227.0,121.45,3,2,2,有,無,11000000,90572.0,,0.0,0,含土地增值稅或其他稅費82372元；,RPQNMLKLOHIGFBA27EA,98.97,0.0,12.53,無,1827.0,39.0
內湖區,房地(土地+建物),麗山街３４８巷５號五樓,23.44,住,,,1120520,土地1建物1車位0,五層,五層,公寓(5樓含以下無電梯),住家用,720613.0,89.00999999999999,3,3,2,有,無,15650000,175823.0,,0.0,0,頂樓加蓋；,RPTNMLPKOHIGFCA97DA,69.83,0.0,6.77,無,,40.0
中正區,房地(土地+建物)+車位,水源路３７號十二樓之１,21.66,住,,,1120524,土地1建物1車位1,十二層,十三層,住宅大樓(11層含以上有電梯),住家用,1070223.0,211.0,4,2,2,有,有,45280000,214597.0,坡道平面,32.06,0,,RPWNMLTKOHIGFAA48DA,98.8,9.13,12.12,有,,5.0
信義區,房地(土地+建物),信義路五段１５０巷４０７號三樓,25.09,住,,,1120527,土地1建物1車位0,三層,五層,公寓(5樓含以下無電梯),住家用,700527.0,83.35,4,2,2,有,無,19680000,236113.0,,0.0,0,其他增建：前陽台外推。其他增建；含租約；,RPPNMLLMNHIGFDA37DA,76.74,0.0,6.61,無,1829.0,42.0
北投區,房地(土地+建物),新民路１巷５之４號五樓,16.05,住,,,1120528,土地1建物1車位0,五層,六層,華廈(10層含以下有電梯),住家用,710226.0,66.12,1,2,1,有,有,6800000,102843.0,,0.0,0,陽台外推；其他增建；,RPUNMLPKOHIGFEA28DA,49.29,0.0,5.49,有,,41.0
大安區,房地(土地+建物),杭州南路二段６５巷１５號二樓,29.0,住,,,1120501,土地4建物1車位0,二層,五層,公寓(5樓含以下無電梯),住家用,751204.0,116.31,3,2,2,有,無,31650000,272118.0,,0.0,0,陽台外推；其他增建；,RPWNMLSJOHIGFFA78DA,89.43,2.92,10.21,無,,36.0
北投區,房地(土地+建物)+車位,榮華一路１０號八樓,18.18,住,,,1120522,土地1建物1車位1,八層,十層,華廈(10層含以下有電梯),住家用,1110815.0,127.93,3,2,1,有,有,30580000,304021.0,其他,34.91,2300000,,RPROMLNLNHIGFEA87DA,53.88,0.0,5.17,有,,1.0
士林區,房地(土地+建物),雨聲街１５巷９號四樓,23.0,住,,,1120527,土地1建物1車位0,四層,五層,公寓(5樓含以下無電梯),住家用,741210.0,81.08,2,1,1,有,無,13600000,167736.0,,0.0,0,陽台外推；,RPPNMLKLOHIGFEA37DA,74.32,0.0,6.76,無,,37.0
中山區,房地(土地+建物),北安路６１５號二樓之４,20.53,住,,,1120510,土地1建物1車位0,二層,四層,公寓(5樓含以下無電梯),住家用,651204.0,74.9,2,1,1,有,無,16780000,224032.0,,0.0,0,陽台外推；其他增建；,RPSSMLTJOHIGFCA68DA,60.31,0.0,9.7,無,,46.0
內湖區,房地(土地+建物)+車位,康樂街１３６巷１８弄１９號八樓,23.81,住,,,1120514,土地1建物1車位1,八層,十四層,住宅大樓(11層含以上有電梯),住家用,1020625.0,176.74,2,2,2,有,有,34500000,219265.0,坡道機械,29.43,2200000,,RPPOMLMKOHIGFCA37DA,101.29,0.0,10.55,有,1836.0,10.0
文山區,房地(土地+建物),興隆路一段２０２巷５弄６號,33.85,住,,,1120525,土地1建物1車位0,一層，露台,四層,公寓(5樓含以下無電梯),住家用,630418.0,98.7,3,2,2,有,無,16500000,167173.0,,0.0,0,其他增建；受民情風俗因素影響；,RPPNMLSKOHIGFAA67DA,98.7,0.0,0.0,無,,49.0
大安區,房地(土地+建物)+車位,安和路一段９０巷１號五樓,22.82,住,,,1120505,土地1建物1車位1,五層,十二層,住宅大樓(11層含以上有電梯),住家用,660423.0,203.69,4,2,3,有,有,67700000,332368.0,升降平面,0.0,2500000,交易車位為使用權車位。陽台外推；,RPXNMLKLOHIGFFA28DA,164.45,0.0,25.07,有,,46.0
大安區,房地(土地+建物),敦化南路二段１２８號四樓之１,14.79,住,,,1120501,土地1建物1車位0,四層,十六層,住宅大樓(11層含以上有電梯),住家用,680219.0,168.95999999999998,4,2,2,有,有,49880000,295218.0,,0.0,0,其他增建；,RPPNMLPLOHIGFFA97DA,133.15,0.0,12.3,有,,44.0
中山區,房地(土地+建物),建國北路三段７５巷５號四樓,32.63,住,,,1120503,土地1建物1車位0,四層,七層,華廈(10層含以下有電梯),住家用,720225.0,152.23,4,2,2,有,有,28500000,187217.0,,0.0,0,陽台外推；,RPVOMLTKOHIGFCA68DA,120.23,0.0,14.72,有,,40.0
萬華區,房地(土地+建物),雙園街６０巷３２弄７號,56.0,住,,,1120523,土地1建物1車位0,全,二層,透天厝,住家用,471231.0,84.32,3,2,1,有,無,16000000,189753.0,,0.0,0,頂樓加蓋；其他增建；,RPWNMLQJOHIGFBA18DA,84.32,0.0,0.0,無,,64.0
中正區,房地(土地+建物),詔安街１７３號四樓,28.2,住,,,1120521,土地3建物1車位0,四層,五層,公寓(5樓含以下無電梯),住家用,690716.0,93.85,3,2,1,有,無,16800000,179009.0,,0.0,0,陽台外推；其他增建；,RPRQMLLLRHHGFAA87EA,82.65,0.0,11.2,無,,43.0
士林區,房地(土地+建物),天玉街５６巷４號二樓,63.64,住,,,1120531,土地3建物1車位0,二層，陽台,四層,公寓(5樓含以下無電梯),住家用,640731.0,133.91,4,2,2,有,無,27420000,204764.0,,0.0,0,,RPPOMLLLOHIGFEA67EA,133.91,0.0,0.0,無,1842.0,48.0
文山區,房地(土地+建物)+車位,久康街１５７號三樓,29.3,住,,,1120522,土地1建物1車位2,三層,十三層,住宅大樓(11層含以上有電梯),住家用,1021217.0,260.79,4,2,2,有,有,40600000,197372.0,坡道平面,80.42,5000000,其他增建；,RPSNMLLMNHIGFAA37DA,103.54,9.5,11.69,有,1844.0,9.0
北投區,房地(土地+建物),實踐街５６巷１５號三樓,48.5,住,,,1120522,土地1建物1車位0,三層,四層,公寓(5樓含以下無電梯),住家用,620430.0,105.87,3,2,2,有,無,17700000,167186.0,,0.0,0,其他增建；,RPTPMLQJOHIGFEA38DA,105.87,0.0,0.0,無,,50.0
文山區,房地(土地+建物)+車位,新光路一段１６１號十二樓,27.31,住,,,1120514,土地2建物1車位1,十二層，電梯樓梯間,十二層,住宅大樓(11層含以上有電梯),住家用,840725.0,152.41,2,2,2,有,有,23300000,152877.0,坡道平面,0.0,2500000,陽台外推；其他增建；,RPRNMLKMNHIGFAA17DA,83.8,8.07,10.27,有,,28.0
士林區,房地(土地+建物),中社路二段１３號三樓,97.12,住,,,1120504,土地1建物1車位0,三層,四層,公寓(5樓含以下無電梯),住家用,640801.0,103.75,3,2,2,有,無,14000000,134940.0,,0.0,0,其他增建；,RPPNMLPJOHIGFEA67DA,103.75,0.0,0.0,無,,48.0
文山區,房地(土地+建物),興順街１９７號,23.41,住,,,1120503,土地1建物1車位0,一層,五層,華廈(10層含以下有電梯),住家用,880908.0,72.07,1,1,1,有,有,18700000,259470.0,,0.0,0,陽台外推；,RPWNMLKLOHIGFAA67DA,53.61,0.0,5.28,有,,24.0
北投區,房地(土地+建物),泉源路華南巷１４號,36.66,住,,,1120510,土地1建物1車位0,一層,五層,公寓(5樓含以下無電梯),住家用,700615.0,133.87,3,2,2,有,無,16000000,119519.0,,0.0,0,,RPPOMLMJOHIGFEA47DA,117.99,15.88,0.0,無,,42.0
文山區,房地(土地+建物),保儀路１８１號四樓,25.84,住,,,1120507,土地5建物1車位0,四層,五層,公寓(5樓含以下無電梯),住家用,,100.92,3,2,1,有,無,13000000,128815.0,,0.0,0,,RPPNMLQLOHIGFAA67EA,92.55,0.0,8.37,無,1848.0,
中山區,房地(土地+建物),松江路７０巷５號三樓,30.58,住,,,1120508,土地1建物1車位0,三層，陽台,六層,華廈(10層含以下有電梯),住家用,620706.0,116.96,4,2,2,有,無,26500000,226573.0,,0.0,0,陽台外推；,RPVNMLQKNHIGFCA18DA,116.96,0.0,0.0,有,,50.0
北投區,房地(土地+建物)+車位,知行路２１４巷２７號二樓,50.55,住,,,1120522,土地1建物1車位3,二層,十一層,住宅大樓(11層含以上有電梯),住家用,1000919.0,331.27,5,2,2,有,有,43680000,131856.0,坡道平面,92.46,0,露台其他增建；,RPWNMLTKOHIGFEA88DA,140.51,2.03,18.38,有,,12.0
萬華區,房地(土地+建物),西園路二段３２０巷３６弄４９號五樓,14.85,住,,,1120509,土地1建物1車位0,五層,五層,公寓(5樓含以下無電梯),住家用,601012.0,43.93,2,2,1,有,無,5800000,132028.0,,0.0,0,陽台外推；頂樓加蓋；其他增建；,RPPNMLTKOHIGFBA87DA,41.14,0.0,2.79,無,,52.0
文山區,房地(土地+建物),景福街５４巷５弄７號十五樓,27.52,住,,,1120515,土地1建物1車位0,十五層,十五層,住宅大樓(11層含以上有電梯),住家用,880119.0,122.0,3,2,1,有,有,23380000,191639.0,,0.0,0,陽台外推；其他增建；,RPPOMLQJOHIGFAA47DA,68.1,0.0,7.71,有,830.0,24.0
大安區,房地(土地+建物),仁愛路三段２３號二樓,3.28,住,,,1120531,土地1建物1車位0,二層,十二層,住宅大樓(11層含以上有電梯),住家用,660111.0,25.209999999999997,0,0,0,無,有,7500000,297501.0,,0.0,0,,RPQNMLRKOHIGFFA28EA,20.28,0.0,1.11,有,,46.0
內湖區,房地(土地+建物),環山路三段１６巷１弄４號,33.87,住,,,1120514,土地1建物1車位0,一層，停車場,五層,公寓(5樓含以下無電梯),住家用,691231.0,124.92,3,2,2,有,有,23500000,188120.0,,0.0,0,其他增建；,RPPOMLOKOHIGFCA57DA,106.97,17.95,0.0,無,1851.0,42.0
北投區,房地(土地+建物)+車位,崗山路８巷３號九樓,48.09,住,,,1120523,土地1建物1車位2,九層,十二層,住宅大樓(11層含以上有電梯),住家用,961214.0,256.51,4,2,2,有,有,32880000,128182.0,坡道機械,0.0,0,,RPPNMLLLOHIGFEA57EA,127.37,4.05,12.66,有,,15.0
大安區,房地(土地+建物),金山南路二段１４１巷１２號二樓,24.2,住,,,1120515,土地1建物1車位0,二層,五層,公寓(5樓含以下無電梯),住家用,720510.0,85.58,3,2,2,有,無,23300000,272260.0,,0.0,0,陽台外推；其他增建；,RPWNMLRKOHIGFFA78DA,73.74,0.0,11.84,無,,40.0
大安區,房地(土地+建物),浦城街１３巷９號四樓之６,5.53,住,,,1120529,土地1建物1車位0,四層,六層,華廈(10層含以下有電梯),住家用,960913.0,23.16,1,1,1,有,有,8750000,377807.0,,0.0,0,其他增建；,RPRNMLLLOHIGFFA77DA,12.23,2.41,0.0,有,,16.0
士林區,房地(土地+建物),福華路１２８巷１弄２５號四樓,21.25,住,,,1120527,土地1建物1車位0,四層,四層,公寓(5樓含以下無電梯),住家用,601231.0,75.26,3,2,1,有,無,14500000,192665.0,,0.0,0,含裝潢費；含傢俱設備費；頂樓加蓋；,RPWNMLLLOHIGFEA28EA,71.16,0.0,4.1,無,1856.0,51.0
信義區,房地(土地+建物),吳興街３９４巷６２號六樓,20.32,住,,,1120512,土地4建物1車位0,六層,六層,華廈(10層含以下有電梯),住家用,791022.0,122.1,2,2,2,有,有,19500000,159718.0,,0.0,0,陽台外推；其他增建；,RPSPMLRJOHIGFDA28DA,97.95,1.2,8.04,有,,33.0
信義區,房地(土地+建物),嘉興街１７５巷２弄１２號三樓,23.84,住,,,1120517,土地2建物1車位0,三層,六層,華廈(10層含以下有電梯),住家用,780127.0,110.67,3,2,2,有,無,26500000,239451.0,,0.0,0,陽台外推；其他增建；,RPSOMLLMNHIGFDA77DA,88.7,2.62,10.31,有,,34.0
南港區,房地(土地+建物)+車位,成福路７４巷８號三樓之５,23.47,住,,,1120513,土地1建物1車位1,三層,七層,華廈(10層含以下有電梯),住家用,1060710.0,132.14,2,2,1,有,無,27000000,280686.0,坡道平面,45.21,2600000,,RPWNMLQKNHIGFDA38DA,43.85,4.02,6.44,有,,6.0
大安區,房地(土地+建物),文昌街２４６之３號,5.6,住,,,1120512,土地1建物1車位0,四層,四層,公寓(5樓含以下無電梯),住家用,590325.0,77.47,4,0,3,有,無,16750000,216213.0,,0.0,0,陽台外推；頂樓加蓋；,RPUNMLSJOHIGFFA58DA,73.19,0.0,4.28,無,1859.0,53.0
內湖區,房地(土地+建物)+車位,金湖路３４７巷７０號四樓,102.43,住,,,1120523,土地1建物1車位1,四層，五層,五層,華廈(10層含以下有電梯),住家用,960208.0,248.04,4,2,3,有,有,53300000,237394.0,坡道平面,34.05,2500000,,RPPNMLMLOHIGFCA37DA,129.58,3.44,19.7,有,,16.0
內湖區,房地(土地+建物),內湖路二段１０３巷３８號五樓,27.13,住,,,1120502,土地1建物1車位0,五層,七層,華廈(10層含以下有電梯),住家用,720912.0,135.01,2,2,2,有,有,27280000,202074.0,,0.0,0,陽台外推；,RPOOMLKLOHIGFCA17DA,97.31,0.0,16.03,有,,40.0
萬華區,房地(土地+建物),長泰街２９７巷１４號六樓,19.69,住,,,1120528,土地3建物1車位0,六層,七層,華廈(10層含以下有電梯),住家用,721229.0,111.85,3,2,2,有,有,13500000,120697.0,,0.0,0,陽台外推；其他增建；,RPPNMLSLNHIGFBA77DA,79.72,0.0,13.05,有,,39.0
大安區,房地(土地+建物),金山南路二段１８５巷１０號四樓,37.88,住,,,1120528,土地1建物1車位0,四層，陽台,四層,公寓(5樓含以下無電梯),住家用,,102.76,4,2,2,有,無,27000000,262748.0,,0.0,0,陽台外推；,RPVNMLQLOHIGFFA68DA,102.76,0.0,0.0,無,,
南港區,房地(土地+建物)+車位,經貿二路１５７巷３６弄１０１號八樓,11.07,住,,,1120506,土地1建物1車位1,八層,十一層,住宅大樓(11層含以上有電梯),住家用,1020812.0,88.03999999999999,2,1,1,有,有,21380000,280959.0,塔式車位,18.35,1800000,陽台外推；其他增建；,RPSNMLMJOHIGFDA57DA,38.35,4.91,5.09,有,1862.0,10.0
文山區,房地(土地+建物)+車位,辛亥路四段７７巷９２弄９號七樓之１３,65.96,住,,,1120507,土地3建物1車位1,七層,十四層,住宅大樓(11層含以上有電梯),住家用,920922.0,138.06,1,2,1,有,有,20800000,184676.0,坡道平面,36.26,2000000,另有大安區辛亥段四小段615-1.615-2.762-1地號.同一價格陽台外推；,RPVNMLTKNHIGFAA28DA,62.61,0.0,11.51,有,,20.0
文山區,房地(土地+建物)+車位,景華街１９６號十二樓之１,32.05,住,,,1120526,土地1建物1車位2,十二層,十七層,住宅大樓(11層含以上有電梯),住家用,1050930.0,306.18,3,2,2,有,有,53800000,175714.0,坡道平面,0.0,3000000,,RPRNMLLLOHIGFAA27DA,129.81,4.95,15.06,有,1864.0,7.0
中山區,房地(土地+建物),龍江路３７０巷２４號五樓,27.4,住,,,1120519,土地1建物1車位0,五層,五層,公寓(5樓含以下無電梯),住家用,670410.0,111.67,5,0,5,有,無,18500000,165667.0,,0.0,0,陽台外推；其他增建；,RPROMLKLOHIGFCA47DA,97.91,0.0,13.76,無,1865.0,45.0
松山區,房地(土地+建物),八德路三段１９９巷２１號七樓之２,5.69,住,,,1120502,土地1建物1車位0,七層,七層,華廈(10層含以下有電梯),住家用,730127.0,30.26,0,1,1,有,有,8300000,274289.0,,0.0,0,陽台外推；其他增建；,RPXNMLLLOHIGFDA18DA,22.49,0.0,2.96,有,1866.0,39.0
北投區,房地(土地+建物),承德路七段１１２巷２３號二樓,28.75,住,,,1120528,土地1建物1車位0,二層，電梯樓梯間,四層,公寓(5樓含以下無電梯),住家用,841206.0,76.84,3,0,3,有,無,14750000,191957.0,,0.0,0,陽台外推；其他增建；,RPVNMLNKOHIGFEA18DA,68.14,0.0,8.7,無,,27.0
士林區,房地(土地+建物)+車位,中山北路七段８７號七樓,100.79,住,,,1120509,土地1建物1車位6,七層,十九層,住宅大樓(11層含以上有電梯),住家用,1030811.0,658.34,0,0,0,無,有,182000000,276453.0,坡道平面,208.38,0,,RPOOMLMJOHIGFEA37DA,259.47,5.13,23.88,有,1870.0,9.0
內湖區,房地(土地+建物),文德路２２巷１２４號六樓,38.38,住,,,1120521,土地1建物1車位0,六層,七層,華廈(10層含以下有電梯),住家用,730131.0,140.89,3,2,2,有,有,24000000,170346.0,,0.0,0,,RPRNMLMKOHIGFCA47DA,92.34,0.0,18.44,有,,39.0
文山區,房地(土地+建物),景仁街７８巷７號三樓,37.5,住,,,1120515,土地1建物1車位0,三層,四層,公寓(5樓含以下無電梯),住家用,580807.0,105.3,3,2,1,有,無,17000000,161443.0,,0.0,0,,RPROMLMJOHIGFAA27DA,90.0,0.0,15.3,無,1873.0,54.0
大同區,房地(土地+建物),重慶北路三段２０３之３號十一樓之１,6.21,住,,,1120526,土地2建物1車位0,十一層,十二層,住宅大樓(11層含以上有電梯),住家用,1090728.0,50.39,0,0,0,無,有,13410000,266124.0,,0.0,0,,RPPPMLNKOHIGFBA47DA,25.03,1.85,3.68,有,,3.0
中正區,房地(土地+建物),詔安街２６之１號三樓,44.53,住,,,1120522,土地1建物2車位0,三層，陽台,四層,公寓(5樓含以下無電梯),住家用,640926.0,97.24,4,4,2,有,無,18000000,185109.0,,0.0,0,陽台外推；頂樓加蓋；,RPQNMLQLOHIGFAA77EA,97.24,0.0,0.0,無,,48.0
信義區,房地(土地+建物),永吉路１２７巷２３號,31.0,住,,,1120515,土地1建物1車位0,一層，平台,四層,公寓(5樓含以下無電梯),住家用,630722.0,108.04,0,0,1,有,無,32350000,299426.0,,0.0,0,,RPRNMLQLOHIGFDA08DA,108.04,0.0,0.0,無,,49.0
信義區,房地(土地+建物),松隆路６４號四樓,24.5,住,,,1120515,土地1建物1車位0,四層，露台,四層,公寓(5樓含以下無電梯),住家用,581216.0,87.52,6,4,2,有,無,19500000,222806.0,,0.0,0,頂樓加蓋；,RPTNMLQLOHIGFDA28DA,87.52,0.0,0.0,無,,53.0
中正區,房地(土地+建物),寧波東街９巷９號四樓,6.64,住,,,1120524,土地1建物1車位0,四層,六層,華廈(10層含以下有電梯),住家用,881028.0,25.86,0,0,0,無,有,12100000,467904.0,,0.0,0,陽台外推；,RPVNMLPKOHIGFAA97DA,13.32,0.0,2.04,有,1876.0,24.0
大同區,房地(土地+建物),重慶北路三段２５２巷２號三樓,24.25,住,,,1120505,土地1建物1車位0,三層,七層,華廈(10層含以下有電梯),住家用,701210.0,144.64,2,2,2,有,無,24000000,165929.0,,0.0,0,陽台外推；,RPTOMLSJOHIGFBA18DA,110.91,0.0,33.73,有,,41.0
松山區,房地(土地+建物),南京東路五段２８６巷７號、南京東路五段２８６巷７之１號、南京東路五段２８６巷７之２號,43.2,住,,,1120522,土地1建物1車位0,一層,四層,公寓(5樓含以下無電梯),住家用,640612.0,129.82,0,0,0,無,無,43000000,331228.0,,0.0,0,平台增建、一樓空地增建其他增建；含租約；,RPVOMLLLOHIGFDA08DA,97.99,31.83,0.0,無,1877.0,48.0
內湖區,房地(土地+建物),康寧路三段１８９巷９３弄５號七樓,36.9,住,,,1120527,土地2建物1車位0,七層,八層,華廈(10層含以下有電梯),住家用,840612.0,138.67,3,2,2,有,有,25500000,183890.0,,0.0,0,,RPPNMLOLOHIGFCA57DA,89.5,0.0,11.3,有,,28.0
大同區,房地(土地+建物),重慶北路三段２５２巷２號四樓,24.25,住,,,1120505,土地1建物1車位0,四層,七層,華廈(10層含以下有電梯),住家用,701210.0,144.64,5,1,2,有,無,23500000,162472.0,,0.0,0,陽台外推；,RPROMLKLOHIGFBA37DA,110.91,0.0,33.73,有,,41.0
士林區,房地(土地+建物)+車位,中山北路七段２１９巷８號五樓之６、五樓之７、五樓之８,34.0,住,,,1120523,土地1建物1車位1,五層,七層,華廈(10層含以下有電梯),住家用,780817.0,197.74,2,2,3,有,有,38508888,196845.0,坡道平面,17.35,3000000,陽台外推；,RPTNMLQLOHIGFEA48EA,103.27,0.99,21.38,有,,34.0
大安區,房地(土地+建物),和平東路二段３１１巷４３弄１５號十樓,24.93,住,,,1120527,土地1建物1車位0,十層,十七層,住宅大樓(11層含以上有電梯),住家用,740522.0,127.29,3,2,2,有,有,29450000,231361.0,,0.0,0,其他增建；,RPUNMLKLOHIGFFA97DA,95.57,1.8,9.07,有,,38.0
文山區,房地(土地+建物)+車位,政大二街１３７號三樓,92.61,住,,,1120524,土地1建物1車位1,三層,十六層,住宅大樓(11層含以上有電梯),住家用,850824.0,187.82,4,2,2,有,有,23200000,123523.0,坡道平面,0.0,2000000,陽台外推；其他增建；,RPUNMLPKOHIGFAA87DA,101.34,4.15,12.87,有,1878.0,27.0
文山區,房地(土地+建物),興隆路三段２２９巷６弄２號,18.66,住,,,1120521,土地2建物1車位0,一層,五層,公寓(5樓含以下無電梯),住家用,680717.0,70.28,3,2,2,有,無,10000000,142288.0,,0.0,0,其他增建；,RPWNMLRLOHIGFAA38DA,45.44,24.84,0.0,無,,44.0
北投區,房地(土地+建物),東陽街４７８巷５號,38.88,住,,,1120523,土地1建物1車位0,一層,五層,公寓(5樓含以下無電梯),住家用,730512.0,108.57,4,2,2,有,無,25680000,236529.0,,0.0,0,其他增建；,RPWNMLNKOHIGFEA28DA,89.32,9.43,0.0,無,1880.0,39.0
文山區,房地(土地+建物)+車位,忠順街二段８５巷３號十二樓,22.82,住,,,1120506,土地1建物1車位1,十二層,十四層,住宅大樓(11層含以上有電梯),住家用,1090213.0,188.1,3,2,2,有,有,39680000,244493.0,坡道平面,36.03,2500000,,RPXOMLLJOHIGFAA77DA,89.8,7.42,3.32,有,1881.0,3.0
中山區,房地(土地+建物),龍江路３１８巷３０號五樓,32.6,住,,,1120521,土地2建物1車位0,五層,五層,公寓(5樓含以下無電梯),住家用,670809.0,110.01,3,2,2,有,無,20000000,181802.0,,0.0,0,陽台外推；頂樓加蓋；,RPPOMLLLOHIGFCA37DA,98.68,0.0,11.33,無,,45.0
內湖區,房地(土地+建物)+車位,金湖路３２６巷４８號七樓之１,17.41,住,,,1120528,土地1建物1車位1,七層,七層,華廈(10層含以下有電梯),住家用,1081210.0,82.14,2,1,2,有,無,22380000,303545.0,塔式車位,15.0,2000000,,RPQNMLQLOHIGFCA97EA,37.28,0.0,2.71,有,1882.0,3.0
文山區,房地(土地+建物),指南路三段２６號二樓之８,12.3,住,,,1120515,土地1建物1車位0,二層,十層,華廈(10層含以下有電梯),住家用,970508.0,45.79,1,0,1,有,有,9000000,196549.0,,0.0,0,其他增建；,RPRNMLLJOHIGFAA07DA,25.06,0.0,5.09,有,,15.0
南港區,房地(土地+建物)+車位,研究院路二段９８巷５號四樓,37.47,住,,,1120504,土地1建物2車位1,四層,十一層,住宅大樓(11層含以上有電梯),住家用,1020808.0,240.31,4,2,2,有,有,42200000,175607.0,坡道平面,0.0,0,,RPWNMLOLNHIGFDA28DA,110.97,14.53,7.35,有,1883.0,10.0
南港區,房地(土地+建物)+車位,向陽路２５８巷９８號三樓,39.69,住,,,1120505,土地1建物1車位1,三層,九層,華廈(10層含以下有電梯),住家用,971009.0,172.69,3,2,2,有,有,35500000,205571.0,坡道平面,0.0,0,其他增建；,RPWNMLQLOHIGFDA58DA,86.04,3.78,7.56,有,,15.0
內湖區,房地(土地+建物)+車位,成功路五段４２０巷１７號十一樓之１,33.63,住,,,1120527,土地1建物1車位2,十一層,十一層,住宅大樓(11層含以上有電梯),住家用,860515.0,181.98,4,1,1,有,有,33380000,249353.0,坡道平面,62.15,3500000,,RPTNMLOLOHIGFCA97DA,81.06,0.0,12.42,有,,26.0
大安區,房地(土地+建物),潮州街５５巷３號二樓之５,7.25,住,,,1120520,土地1建物1車位0,二層,七層,華廈(10層含以下有電梯),住家用,980302.0,34.33,1,1,1,有,有,13750000,400524.0,,0.0,0,陽台外推；夾層；其他增建；,RPTOMLQLNHIGFFA48DA,18.43,1.48,3.07,有,1886.0,14.0
文山區,房地(土地+建物),保儀路１７５號四樓,22.75,住,,,1120506,土地5建物1車位0,四層,五層,公寓(5樓含以下無電梯),住家用,,86.39,3,2,1,有,無,10400000,120384.0,,0.0,0,其他增建；,RPQPMLLJOHIGFAA17DA,81.62,0.0,4.77,無,,
大安區,房地(土地+建物)+車位,安和路二段１８１巷２號五樓之１,19.27,住,,,1120517,土地2建物1車位1,五層,十七層,住宅大樓(11層含以上有電梯),住家用,790123.0,219.81,3,2,2,有,有,56880000,258757.0,坡道平面,44.22,0,,RPQNMLSLOHIGFFA48EA,172.15,5.32,11.4,有,,33.0
內湖區,房地(土地+建物)+車位,民權東路六段１８０巷９０號四樓,17.53,住,,,1120502,土地1建物1車位1,四層,十一層,住宅大樓(11層含以上有電梯),住家用,1050322.0,137.74,2,2,2,有,有,28000000,203282.0,坡道平面,37.25,0,,RPUOMLLMNHIGFCA87DA,57.55,6.94,3.36,有,1888.0,7.0
中正區,房地(土地+建物)+車位,臨沂街１０巷３號二樓,26.08,住,,,1120528,土地1建物1車位1,二層,七層,華廈(10層含以下有電梯),住家用,1090303.0,130.09,3,2,2,有,有,43000000,411993.0,其他,32.03,2600000,陽台外推；,RPPOMLRKOHIGFBA77DA,55.57,1.53,6.19,有,1889.0,3.0
萬華區,房地(土地+建物),中華路二段４２２號十樓之１,29.28,住,,,1120509,土地1建物1車位0,十層,十層,華廈(10層含以下有電梯),住家用,800102.0,153.01,3,2,2,有,有,28500000,186262.0,,0.0,0,陽台外推；,RPQNMLQLOHIGFBA77DA,109.6,0.0,13.1,有,1890.0,32.0
南港區,房地(土地+建物),興華路１１６號四樓,36.71,住,,,1120503,土地1建物1車位0,四層,五層,公寓(5樓含以下無電梯),住家用,730612.0,96.87,3,2,1,有,無,19180000,197997.0,,0.0,0,,RPSPMLKMNHIGFDA77DA,84.44,0.0,12.43,無,,39.0
大同區,房地(土地+建物),延平北路四段２８２巷４９號,33.0,住,,,1120527,土地1建物1車位0,一層，騎樓,二層,公寓(5樓含以下無電梯),住家用,,59.6,2,2,1,有,無,12500000,209732.0,,0.0,0,其他增建；,RPWNMLSJOHIGFBA38DA,59.6,0.0,0.0,無,1892.0,
北投區,房地(土地+建物)+車位,行義路１８６巷３９號六樓,74.42,住,,,1120516,土地1建物1車位1,六層,七層,華廈(10層含以下有電梯),住家用,910819.0,212.82,4,2,2,有,有,29800000,159286.0,坡道平面,41.43,2500000,其他增建；,RPRPMLQLOHIGFEA38DA,111.47,2.03,8.99,有,,21.0
內湖區,房地(土地+建物),內湖路二段１７９巷７５弄２號,194.0,住,,,1120509,土地1建物1車位0,全,二層,透天厝,住家用,620907.0,163.89,4,2,2,有,有,64580000,394045.0,,0.0,0,其他增建；,RPTOMLPJOHIGFCA97DA,163.89,0.0,0.0,無,,50.0
大安區,房地(土地+建物),師大路８０巷４號,70.0,住,,,1120520,土地1建物1車位0,全,四層,透天厝,住家用,670729.0,192.36,7,2,4,有,無,65000000,337908.0,,0.0,0,陽台外推；頂樓加蓋；其他增建；,RPQNMLQLOHIGFFA18DA,167.08,6.32,18.96,無,,45.0
信義區,房地(土地+建物),富陽街８７巷１９號三樓,37.75,住,,,1120513,土地1建物1車位0,三層,四層,公寓(5樓含以下無電梯),住家用,590918.0,93.54,3,2,2,有,無,19380000,207184.0,,0.0,0,其他增建；,RPXNMLRJOHIGFDA58DA,93.54,0.0,0.0,無,,53.0
大同區,房地(土地+建物),延平北路三段１８巷４２號三樓,16.6,住,,,1120527,土地1建物1車位0,三層,五層,華廈(10層含以下有電梯),住家用,990805.0,69.43,2,1,1,有,無,12800000,184358.0,,0.0,0,陽台外推；,RPQNMLRLOHIGFBA97EA,29.37,0.0,4.44,有,,13.0
松山區,房地(土地+建物),延壽街３７４號四樓,28.25,住,,,1120511,土地1建物1車位0,四層,七層,華廈(10層含以下有電梯),住家用,670713.0,135.86,3,2,2,有,有,32000000,235537.0,,0.0,0,,RPQNMLQLOHIGFDA08EA,104.72,0.0,15.39,有,1895.0,45.0
萬華區,房地(土地+建物)+車位,中華路二段４１６巷６２號九樓之１,41.39,住,,,1120522,土地1建物1車位1,九層,十四層,住宅大樓(11層含以上有電梯),住家用,1020702.0,159.86,3,2,2,有,有,32800000,205180.0,坡道平面,0.0,0,,RPQOMLPJOHIGFBA57DA,88.85,0.0,10.16,有,1896.0,10.0
中山區,房地(土地+建物),合江街１８０巷１５號三樓,19.86,住,,,1120513,土地1建物1車位0,三層,七層,華廈(10層含以下有電梯),住家用,661231.0,105.02,3,2,2,有,無,25550000,243287.0,,0.0,0,陽台外推；,RPTNMLQJOHIGFCA97DA,84.82,0.0,15.41,有,,45.0
文山區,房地(土地+建物),溪洲街１２號三樓之９,22.77,住,,,1120528,土地2建物1車位0,三層,五層,公寓(5樓含以下無電梯),住家用,600830.0,61.28,3,2,1,有,無,11500000,187663.0,,0.0,0,陽台外推；,RPRNMLLMNHIGFAA27DA,61.28,0.0,0.0,無,,52.0
士林區,房地(土地+建物),承德路四段２９２巷１１弄７號二樓,34.31,住,,,1120506,土地2建物1車位0,二層,五層,公寓(5樓含以下無電梯),住家用,730514.0,135.14,4,2,2,有,無,19620000,145183.0,,0.0,0,陽台外推；其他增建；,RPVNMLQKOHIGFEA48DA,105.37,0.0,12.92,無,,39.0
萬華區,房地(土地+建物),長泰街３１６巷１６之１號四樓,28.5,住,,,1120517,土地2建物1車位0,四層,四層,公寓(5樓含以下無電梯),住家用,580811.0,78.84,4,3,2,有,無,9800000,124302.0,,0.0,0,頂樓加蓋；,RPUNMLSLOHIGFBA38DA,78.84,0.0,0.0,無,1899.0,54.0
文山區,房地(土地+建物),木新路三段２４３巷１弄１０號四樓,24.55,住,,,1120510,土地1建物1車位0,四層,五層,公寓(5樓含以下無電梯),住家用,690611.0,89.18,3,2,1,有,無,10380000,116394.0,,0.0,0,增建項目：前、後陽台增建其他增建；,RPSNMLKLNHIGFAA17DA,76.17,0.0,13.01,無,,43.0
信義區,房地(土地+建物)+車位,虎林街８２巷３７號六樓,34.18,住,,,1120523,土地1建物1車位1,六層,六層,華廈(10層含以下有電梯),住家用,920806.0,140.26999999999998,3,2,2,有,有,33500000,258747.0,升降機械,17.37,1700000,陽台外推；其他增建；,RPWOMLSLOHIGFDA88DA,72.19,0.0,8.75,有,,20.0
北投區,房地(土地+建物),建民路１２５巷３號四樓,32.75,住,,,1120516,土地1建物1車位0,四層，陽台,四層,公寓(5樓含以下無電梯),住家用,640429.0,100.63,3,2,1,有,無,16000000,158998.0,,0.0,0,,RPUNMLLMNHIGFEA97DA,100.63,0.0,0.0,無,,48.0
信義區,房地(土地+建物),忠孝東路五段７９０巷２２弄１７號四樓,16.66,住,,,1120515,土地1建物1車位0,四層,六層,華廈(10層含以下有電梯),住家用,1111216.0,62.49,1,1,1,有,有,16300000,260842.0,,0.0,0,含裝潢費；,RPUNMLTLOHIGFDA68DA,32.0,0.0,4.85,有,1901.0,
南港區,房地(土地+建物)+車位,經貿二路１５７巷３６弄８８號五樓之５,13.1,住,,,1120501,土地1建物1車位1,五層,七層,華廈(10層含以下有電梯),住家用,970910.0,71.41,1,1,1,有,有,14200000,198852.0,升降機械,17.65,0,,RPQNMLSLOHIGFDA18DA,29.24,2.82,3.11,有,,15.0
中山區,房地(土地+建物),復興北路４０２巷２６號五樓,26.83,住,,,1120526,土地1建物1車位0,五層,七層,華廈(10層含以下有電梯),住家用,730214.0,122.58,3,2,2,有,有,30150000,245962.0,,0.0,0,陽台外推；其他增建；,RPQPMLOKOHIGFCA77DA,101.41,0.0,5.28,有,,39.0
松山區,房地(土地+建物),民族東路７０４號二樓,20.34,住,,,1120521,土地1建物1車位0,二層,七層,華廈(10層含以下有電梯),住家用,690726.0,101.36,3,2,2,有,有,18620000,183702.0,,0.0,0,陽台外推；,RPWNMLNKOHIGFDA18DA,87.59,0.0,13.77,有,,43.0
中山區,房地(土地+建物),建國北路二段６４巷１４號四樓,28.5,住,,,1120514,土地1建物1車位0,四層,四層,公寓(5樓含以下無電梯),住家用,570126.0,75.66,3,2,1,有,無,19580000,258789.0,,0.0,0,頂樓加蓋；其他增建；,RPQOMLOKOHIGFCA67DA,75.66,0.0,0.0,無,,55.0
北投區,房地(土地+建物),復興四路１２巷１０號二樓,30.94,住,,,1120528,土地1建物1車位0,二層,六層,華廈(10層含以下有電梯),住家用,810813.0,100.73,4,2,1,有,無,15160000,150516.0,,0.0,0,陽台外推；其他增建；,RPXNMLOKOHIGFEA48DA,84.43,1.4,8.09,有,,31.0
文山區,房地(土地+建物),政大三街３５號四樓之５,22.91,住,,,1120520,土地1建物1車位0,四層,五層,公寓(5樓含以下無電梯),住家用,950724.0,44.18,0,0,0,無,有,8050000,182209.0,,0.0,0,,RPRNMLRLOHIGFAA87DA,24.42,0.0,5.95,無,1904.0,17.0
士林區,房地(土地+建物),承德路四段２９７巷３１號,23.33,住,,,1120513,土地1建物1車位0,一層,三層,公寓(5樓含以下無電梯),住家用,581031.0,51.88,0,0,1,有,無,9680000,186584.0,,0.0,0,,RPWNMLMKOHIGFEA18DA,51.88,0.0,0.0,無,,54.0
北投區,房地(土地+建物),尊賢街２４５巷７號四樓,26.75,住,,,1120520,土地1建物1車位0,四層,四層,公寓(5樓含以下無電梯),住家用,611101.0,84.0,3,2,1,有,無,14380000,171190.0,,0.0,0,,RPSNMLTLOHIGFEA68EA,84.0,0.0,0.0,無,1905.0,51.0
士林區,房地(土地+建物)+車位,承德路四段２７７巷３６號七樓,21.99,住,,,1120519,土地1建物1車位1,七層,八層,華廈(10層含以下有電梯),住家用,951116.0,94.97,2,2,1,有,有,20800000,236436.0,坡道機械,14.61,1800000,,RPWOMLTKNHIGFEA88DA,52.95,3.95,2.52,有,1906.0,17.0
文山區,房地(土地+建物),興隆路二段２２巷９弄２號四樓,45.22,住,,,1120521,土地1建物1車位0,四層,五層,公寓(5樓含以下無電梯),住家用,750321.0,147.07999999999998,4,2,2,有,無,22280000,151482.0,,0.0,0,其他增建；,RPPNMLLLNHIGFAA96DA,121.23,0.0,13.06,無,,37.0
大安區,房地(土地+建物),信義路四段２６５巷２０弄９號四樓,24.71,住,,,1120505,土地1建物1車位0,四層,七層,華廈(10層含以下有電梯),住家用,740719.0,128.15,3,2,2,有,有,40500000,316036.0,,0.0,0,陽台外推；,RPWNMLSLOHIGFFA98DA,91.91,0.0,18.38,有,1907.0,38.0
士林區,房地(土地+建物),通河街３２５巷８之４號,10.88,住,,,1120508,土地1建物1車位0,四層,五層,公寓(5樓含以下無電梯),住家用,591210.0,29.48,1,1,1,有,有,4350000,147558.0,,0.0,0,,RPPNMLKMOHIGFEA57EA,26.28,1.85,1.35,無,1908.0,52.0
士林區,房地(土地+建物)+車位,芝玉路一段２２２號八樓之５,39.05,住,,,1120515,土地1建物1車位1,八層,十八層,住宅大樓(11層含以上有電梯),住家用,971112.0,206.27,3,2,2,有,有,45000000,245580.0,坡道平面,33.21,2500000,,RPWNMLLMNHIGFEA18DA,100.23,4.46,12.88,有,,15.0
內湖區,房地(土地+建物),成功路四段３２４巷２弄１９號三樓,28.47,住,,,1120531,土地2建物1車位0,三層,五層,公寓(5樓含以下無電梯),住家用,741104.0,119.73,3,2,2,有,無,18000000,150338.0,,0.0,0,,RPXNMLSLOHIGFCA78DA,98.14,0.0,11.31,無,1909.0,38.0
文山區,房地(土地+建物),羅斯福路五段２３６巷７號七樓之１,30.9,住,,,1120526,土地1建物1車位0,七層,七層,華廈(10層含以下有電梯),住家用,700227.0,148.28,3,2,2,有,有,25688888,173246.0,,0.0,0,其他增建；,RPQNMLSLOHIGFAA87DA,103.37,15.07,6.67,有,,42.0
士林區,房地(土地+建物),通河西街二段８５號,30.75,住,,,1120528,土地1建物1車位0,一層，平台,四層,公寓(5樓含以下無電梯),住家用,650108.0,79.2,4,2,2,有,無,16000000,202020.0,,0.0,0,,RPOPMLSLOHIGFEA28DA,79.2,0.0,0.0,無,,47.0
北投區,房地(土地+建物),關渡路６８之１號二樓,28.93,住,,,1120526,土地1建物1車位0,二層,十四層,住宅大樓(11層含以上有電梯),住家用,790110.0,109.2,3,2,2,有,有,16200000,148352.0,,0.0,0,花台外推陽台外推；其他增建；,RPRNMLKMOHIGFEA77EA,89.76,3.67,10.5,有,,33.0
信義區,房地(土地+建物),吳興街２８４巷５９弄１號四樓之２,6.87,住,,,1120522,土地5建物1車位0,四層,六層,華廈(10層含以下有電梯),住家用,810721.0,32.39,1,1,1,有,無,8380000,258722.0,,0.0,0,其他增建；,RPQNMLKLOHIGFDA37DA,25.06,0.0,0.0,有,1910.0,31.0
萬華區,房地(土地+建物),環河南路三段３９號二樓,25.75,住,,,1120519,土地1建物1車位0,二層,四層,公寓(5樓含以下無電梯),住家用,590730.0,86.87,0,1,1,有,無,8850000,101876.0,,0.0,0,,RPXNMLKMNHIGFBA87DA,86.87,0.0,0.0,無,,53.0
士林區,房地(土地+建物),忠誠路一段１６巷１１號三樓,15.4,住,,,1120529,土地1建物1車位0,三層,六層,華廈(10層含以下有電梯),住家用,880120.0,59.83,2,1,1,有,有,19100000,319238.0,,0.0,0,,RPXOMLSLOHIGFEA09DA,39.33,0.53,3.56,有,,24.0
中山區,房地(土地+建物),合江街３７號七樓,12.94,住,,,1120526,土地1建物1車位0,七層,十一層,住宅大樓(11層含以上有電梯),住家用,1070514.0,82.83000000000001,2,1,1,有,有,23800000,287336.0,,0.0,0,陽台外推；其他增建；,RPPNMLTLOHIGFCA08DA,25.03,17.93,2.63,有,1917.0,5.0
中正區,房地(土地+建物)+車位,仁愛路一段２３巷１９號四樓,40.84,住,,,1120527,土地1建物1車位2,四層,六層,華廈(10層含以下有電梯),住家用,1031113.0,225.49,3,2,2,有,有,66860000,308546.0,其他,21.76,4000000,,RPTPMLMKOHIGFBA77DA,85.74,16.16,0.0,有,,9.0
內湖區,房地(土地+建物)+車位,民權東路六段２４８巷６８號,111.29,住,,,1120531,土地1建物1車位2,全,四層,透天厝,住家用,900824.0,248.28,4,2,3,有,有,42880000,172708.0,坡道平面,0.0,0,陽台外推；夾層；其他增建；,RPOOMLQKOHIGFCA67DA,138.31,32.32,14.73,無,,22.0
信義區,房地(土地+建物),松山路５５４之１號,33.0,住,,,1120527,土地1建物1車位0,二層,四層,公寓(5樓含以下無電梯),住家用,571118.0,77.98,3,1,1,有,無,15680000,201077.0,,0.0,0,,RPSOMLTKOHIGFDA48DA,77.98,0.0,0.0,無,,55.0
信義區,房地(土地+建物),莊敬路４２３巷２弄１５號,28.5,住,,,1120507,土地1建物1車位0,一層，平台,四層,公寓(5樓含以下無電梯),住家用,611105.0,81.32,2,2,2,有,無,22500000,276685.0,,0.0,0,,RPVNMLSKNHIGFDA48DA,81.32,0.0,0.0,無,,51.0
中正區,房地(土地+建物),和平西路二段７０巷２弄２號三樓之１,16.73,住,,,1120516,土地3建物1車位0,三層,九層,華廈(10層含以下有電梯),住家用,990714.0,75.65,3,1,2,有,有,21000000,277594.0,,0.0,0,,RPPNMLTLOHIGFAA97EA,42.11,7.71,0.0,有,1922.0,13.0
中山區,房地(土地+建物),南京東路二段１１５巷３弄３號三樓,26.98,住,,,1120525,土地1建物1車位0,三層,五層,公寓(5樓含以下無電梯),住家用,741122.0,121.29,3,2,2,有,無,27623763,227750.0,,0.0,0,陽台外推；,RPSNMLTJOHIGFCA18DA,102.66,1.16,12.01,無,1924.0,38.0
萬華區,房地(土地+建物)+車位,萬大路７１巷８號六樓,26.19,住,,,1120514,土地1建物1車位1,六層,十一層,住宅大樓(11層含以上有電梯),住家用,961102.0,143.85,3,2,2,有,有,29460000,215841.0,坡道平面,21.26,3000000,,RPTNMLOKNHIGFBA67DA,72.43,4.84,5.7,有,,16.0
南港區,房地(土地+建物)+車位,經貿二路１５７巷４８號八樓,54.87,住,,,1120529,土地1建物1車位2,八層,二十三層,住宅大樓(11層含以上有電梯),住家用,1010716.0,348.52,4,2,3,有,有,98660000,303684.0,坡道平面,43.4,6000000,其他增建；,RPPOMLTLOHIGFDA28DA,180.49,10.89,20.55,有,1926.0,11.0
大同區,房地(土地+建物)+車位,重慶北路三段２０５巷３５號,48.94,住,,,1120530,土地1建物1車位2,一層,六層,華廈(10層含以下有電梯),住家用,830625.0,166.06,2,2,1,有,有,38000000,228833.0,坡道機械,0.0,0,增建項目：平台外推、防火巷、一樓增建沿著加蓋其他增建；,RPUNMLQJOHIGFBA97DA,107.31,12.53,0.0,有,,29.0
內湖區,房地(土地+建物)+車位,港墘路２６巷３號五樓之１,29.58,住,,,1120513,土地1建物1車位1,五層,十四層,住宅大樓(11層含以上有電梯),住家用,840401.0,150.33999999999995,3,2,2,有,有,30000000,199561.0,坡道平面,33.95,0,陽台外推；其他增建；,RPPNMLKMOHIGFCA27DA,127.0,1.13,10.26,有,,28.0
士林區,房地(土地+建物),中山北路七段１９１巷２１號五樓,26.94,住,,,1120504,土地1建物1車位0,五層,七層,華廈(10層含以下有電梯),住家用,700219.0,140.29,4,2,2,有,無,26600000,189607.0,,0.0,0,陽台外推；其他增建；,RPSNMLTJOHIGFEA38DA,106.18,0.0,19.02,有,,42.0
南港區,房地(土地+建物)+車位,成福路１９４巷８號五樓,11.27,住,,,1120530,土地1建物1車位1,五層,九層,華廈(10層含以下有電梯),住家用,1030314.0,69.78999999999999,2,1,1,有,有,16150000,231409.0,塔式車位,0.0,0,夾層；,RPUNMLNKOHIGFDA97DA,28.74,5.84,2.97,有,1928.0,9.0
萬華區,房地(土地+建物),德昌街１８９號三樓,20.33,住,,,1120506,土地1建物1車位0,三層,三層,公寓(5樓含以下無電梯),住家用,,59.75,3,1,1,有,無,8700000,145607.0,,0.0,0,其他增建；,RPQNMLKLOHIGFBA17DA,59.75,0.0,0.0,無,,
中正區,房地(土地+建物),杭州南路一段１３１巷２６之１號二樓,38.12,住,,,1120521,土地1建物1車位0,二層,四層,公寓(5樓含以下無電梯),住家用,620611.0,93.76,3,2,2,有,無,27200000,290102.0,,0.0,0,3建築物含有：陽台加窗,RPQNMLTLNHIGFBA97DA,93.76,0.0,0.0,無,,50.0
文山區,房地(土地+建物)+車位,木新路三段２３２巷４５弄２號二樓,43.09,住,,,1120514,土地1建物1車位1,二層，電梯樓梯間,七層,華廈(10層含以下有電梯),住家用,840829.0,170.89,2,2,2,有,有,24650000,144245.0,坡道機械,0.0,1800000,陽台外推；其他增建；,RPQNMLTLNHIGFAA87DA,98.58,30.98,8.8,有,,28.0
中正區,房地(土地+建物)+車位,水源路４１號六樓,35.87,住,,,1120530,土地1建物1車位1,六層,十三層,住宅大樓(11層含以上有電梯),住家用,911202.0,193.43,4,2,2,有,有,33500000,204324.0,坡道平面,41.71,2500000,其他增建；,RPWOMLTLOHIGFAA68DA,99.77,0.0,10.39,有,,20.0
內湖區,房地(土地+建物),大湖山莊街１５１巷１０號四樓,34.42,住,,,1120530,土地2建物1車位0,四層,五層,公寓(5樓含以下無電梯),住家用,760730.0,128.23,3,2,2,有,無,18720000,145988.0,,0.0,0,陽台外推；其他增建；,RPVPMLLMNHIGFCA08DA,88.16,10.12,21.19,無,,36.0
大安區,房地(土地+建物),敦化南路一段２３３巷３１號十樓之９,17.25,住,,,1120508,土地1建物1車位0,十層,十層,華廈(10層含以下有電梯),住家用,760709.0,107.5,1,1,1,有,有,32280000,300279.0,,0.0,0,頂樓加蓋；其他增建；,RPOOMLLLOHIGFFA57DA,68.07,0.0,0.0,有,,36.0
大安區,房地(土地+建物),通化街１４０巷８號二樓,14.2,住,,,1120518,土地1建物1車位0,二層,五層,公寓(5樓含以下無電梯),住家用,690104.0,48.62,2,2,1,有,無,11100000,228301.0,,0.0,0,其他增建:後陽台增建陽台外推；其他增建；,RPXNMLTLOHIGFFA56DA,41.8,0.0,6.82,無,1931.0,43.0
文山區,房地(土地+建物),興隆路二段２２０巷３１弄５４號三樓,52.86,住,,,1120515,土地1建物1車位0,三層，陽台,四層,公寓(5樓含以下無電梯),住家用,651019.0,121.1,3,2,2,有,無,17000000,140380.0,,0.0,0,陽台外推；其他增建；,RPWNMLMKOHIGFAA77DA,121.1,0.0,0.0,無,,47.0
萬華區,房地(土地+建物),萬大路３２９巷２７弄１５號四樓,29.57,住,,,1120522,土地1建物1車位0,四層,五層,公寓(5樓含以下無電梯),住家用,700413.0,108.22,3,2,1,有,無,12300000,113657.0,,0.0,0,陽台外推；其他增建；,RPSNMLPKOHIGFBA77DA,85.1,0.0,14.89,無,,42.0
文山區,房地(土地+建物),辛亥路四段２１巷１２號八樓之１,18.93,住,,,1120516,土地4建物1車位0,八層,十八層,住宅大樓(11層含以上有電梯),住家用,840801.0,48.849999999999994,1,1,1,有,有,8960000,183419.0,,0.0,0,陽台外推；其他增建；,RPXNMLQKOHIGFAA28DA,36.15,1.73,5.06,有,,28.0
中山區,房地(土地+建物),新生北路二段１３３巷４３號二樓,25.0,住,,,1120528,土地1建物1車位0,二層,四層,公寓(5樓含以下無電梯),住家用,561002.0,88.25,0,0,0,無,無,15850000,179603.0,,0.0,0,,RPQOMLNJPHIGFCA67EA,88.25,0.0,0.0,無,,56.0
內湖區,房地(土地+建物),內湖路一段９１巷１００號二樓,30.07,住,,,1120528,土地1建物1車位0,二層,五層,公寓(5樓含以下無電梯),住家用,700710.0,92.39,3,2,1,有,無,15360000,166252.0,,0.0,0,陽台外推；,RPSNMLRLOHIGFCA18DA,80.77,0.0,11.62,無,,42.0
大安區,房地(土地+建物),敦化南路二段４６號十五樓之９,6.37,住,,,1120519,土地1建物1車位0,十五層,十六層,住宅大樓(11層含以上有電梯),住家用,640602.0,70.56,2,1,1,有,有,27500000,389739.0,,0.0,0,夾層；,RPQOMLPJOHIGFFA97DA,44.86,0.0,3.94,有,1934.0,48.0
內湖區,房地(土地+建物),行善路５５號五樓,47.3,住,,,1120527,土地1建物1車位0,五層,九層,華廈(10層含以下有電梯),住家用,870506.0,124.39,3,2,2,有,有,24800000,199373.0,,0.0,0,,RPWOMLSLOHIGFCA78DA,75.03,0.0,7.06,有,,25.0
大同區,房地(土地+建物),大龍街９１巷１０號四樓之１,14.74,住,,,1120529,土地1建物1車位0,四層,十三層,住宅大樓(11層含以上有電梯),住家用,1110422.0,103.5,2,2,2,有,有,25580000,247150.0,,0.0,0,,RPWNMLTJOHIGFBA48DA,62.59,0.0,6.45,有,,1.0
文山區,房地(土地+建物)+車位,木柵路一段５９巷２０號十一樓,20.22,住,,,1120519,土地1建物1車位1,十一層,十二層,住宅大樓(11層含以上有電梯),住家用,961029.0,121.08,3,2,1,有,有,22700000,187479.0,坡道機械,21.97,0,其他增建；,RPOOMLQJOHIGFAA37DA,56.81,2.16,3.55,有,1937.0,16.0
中山區,房地(土地+建物),敬業三路１７８號七樓,47.09,住,,,1120523,土地1建物1車位0,七層,八層,華廈(10層含以下有電梯),住家用,890628.0,155.44,3,2,2,有,有,30500000,196217.0,,0.0,0,其他增建；,RPXNMLQJOHIGFCA38DA,77.6,0.0,8.1,有,,23.0
文山區,房地(土地+建物),景華街１２８巷３３號四樓,26.43,住,,,1120528,土地1建物1車位0,四層,五層,公寓(5樓含以下無電梯),住家用,730121.0,102.0,3,2,1,有,無,13500000,132353.0,,0.0,0,陽台外推；其他增建；,RPVNMLMKOHIGFAA67DA,78.15,0.0,13.19,無,,39.0
士林區,房地(土地+建物)+車位,環河北路三段１１１號六樓之１,9.12,住,,,1120519,土地2建物2車位1,六層,十三層,住宅大樓(11層含以上有電梯),住家用,930518.0,85.67,2,1,1,有,有,10300000,120229.0,坡道機械,19.54,0,鐵鋁窗增建、公設增建、室內面積變更做陽台其他增建；,RPPNMLNJPHIGFEA67EA,44.56,0.0,0.0,有,,19.0
南港區,房地(土地+建物),東新街１９７號四樓,39.37,住,,,1120520,土地1建物1車位0,四層，陽台,四層,公寓(5樓含以下無電梯),住家用,650624.0,105.98,3,2,2,有,無,19800000,186828.0,,0.0,0,,RPSOMLMJOHIGFDA67DA,105.98,0.0,0.0,無,,47.0
文山區,房地(土地+建物)+車位,興隆路四段１０９巷９２弄１９號四樓,35.72,住,,,1120522,土地1建物1車位1,四層,五層,公寓(5樓含以下無電梯),住家用,831212.0,136.27,2,2,1,有,無,16600000,121817.0,升降機械,0.0,0,陽台外推；其他增建；,RPPOMLMJOHIGFAA07DA,80.22,1.69,8.63,無,,28.0
士林區,房地(土地+建物),延平北路五段２２０號三樓,43.0,住,,,1120529,土地2建物1車位0,三層,四層,公寓(5樓含以下無電梯),住家用,600521.0,136.86,2,1,2,有,無,15750000,115081.0,,0.0,0,陽台向外加蓋凸窗、天井向外加蓋凸窗、建物向外加蓋鐵窗其他增建；,RPQNMLKMOHIGFEA57DA,136.86,0.0,0.0,無,1941.0,52.0
文山區,房地(土地+建物),辛亥路四段２１巷５２號,66.0,住,,,1120521,土地1建物1車位0,一層,五層,公寓(5樓含以下無電梯),住家用,750624.0,128.94,3,2,2,有,有,21880000,169691.0,,0.0,0,其他增建；,RPUNMLRKOHIGFAA08DA,117.04,9.34,0.0,無,1942.0,37.0
文山區,房地(土地+建物),景興路２２號三樓,29.16,住,,,1120514,土地5建物1車位0,三層,五層,公寓(5樓含以下無電梯),住家用,691126.0,109.43,3,2,2,有,無,15000000,137074.0,,0.0,0,陽台外推；,RPQNMLLMNHIGFAA17DA,95.02,0.0,14.41,無,,42.0
內湖區,房地(土地+建物),文德路６６巷３２弄１１號二樓,53.91,住,,,1120509,土地1建物1車位0,二層,七層,華廈(10層含以下有電梯),住家用,730131.0,138.76,4,1,2,有,有,26000000,187374.0,,0.0,0,,RPXNMLTJNHIGFCA58DA,99.85,0.0,11.97,有,,39.0
文山區,房地(土地+建物),辛亥路四段７７巷１００號八樓之１,33.03,住,,,1120527,土地2建物1車位0,八層,十層,華廈(10層含以下有電梯),住家用,840516.0,57.510000000000005,1,1,1,有,有,8500000,147826.0,,0.0,0,,RPPNMLPJPHIGFAA37DA,47.29,1.12,4.76,有,,28.0
內湖區,房地(土地+建物),行善路４５號,47.3,住,,,1120502,土地1建物1車位0,一層,十層,華廈(10層含以下有電梯),住家用,870506.0,124.08,3,2,2,有,有,25300000,203901.0,,0.0,0,,RPOOMLNJPHIGFCA47EA,74.1,0.0,7.06,有,1945.0,25.0
士林區,房地(土地+建物),克強路１０巷１０弄３號五樓,14.35,住,,,1120521,土地1建物2車位0,五層,五層,公寓(5樓含以下無電梯),住家用,700312.0,50.16,2,2,1,有,無,11500000,229266.0,,0.0,0,陽台外推；,RPQOMLKMNHIGFEA57DA,38.9,0.0,8.93,無,1948.0,42.0
內湖區,房地(土地+建物)+車位,民權東路六段４２３號九樓之６,7.68,住,,,1120506,土地1建物1車位1,九層,九層,華廈(10層含以下有電梯),住家用,980629.0,54.489999999999995,1,1,1,有,有,12500000,229400.0,升降機械,11.4,0,其他增建；,RPWNMLTKOHIGFCA68DA,23.16,3.42,2.08,有,1949.0,14.0
北投區,房地(土地+建物),開明街２３巷６號一樓,20.75,住,,,1120512,土地1建物1車位0,一層,四層,公寓(5樓含以下無電梯),住家用,630424.0,55.75,2,1,1,有,無,7500000,134529.0,,0.0,0,其他增建；,RPXNMLRKOHIGFEA78DA,55.75,0.0,0.0,無,,49.0
文山區,房地(土地+建物)+車位,樟新街５巷１０號八樓,37.59,住,,,1120530,土地1建物1車位1,八層,八層,華廈(10層含以下有電梯),住家用,830204.0,181.73,4,2,2,有,有,28750000,158202.0,坡道平面,0.0,2000000,陽台外推；,RPSOMLQJOHIGFAA77DA,99.12,4.17,17.45,有,1951.0,29.0
文山區,房地(土地+建物),木新路三段７４巷１弄７號四樓,35.8,住,,,1120528,土地2建物1車位0,四層,四層,公寓(5樓含以下無電梯),住家用,,99.58,3,2,1,有,無,13800000,138582.0,,0.0,0,頂樓加蓋；其他增建；,RPTNMLLMNHIGFAA47DA,85.44,0.0,14.14,無,,
士林區,房地(土地+建物),士東路９１巷１２之１號五樓,22.48,住,,,1120520,土地1建物1車位0,五層,七層,華廈(10層含以下有電梯),住家用,750804.0,124.9,3,2,2,有,無,27800000,222578.0,,0.0,0,陽台外移且向外擴大其他增建；,RPSNMLTLOHIGFEA58DA,93.86,0.0,12.33,有,,37.0
內湖區,房地(土地+建物),港華街７２號五樓,25.33,住,,,1120523,土地1建物1車位0,五層,五層,公寓(5樓含以下無電梯),住家用,720620.0,116.09,3,2,2,有,無,18800000,161943.0,,0.0,0,陽台外推；其他增建；,RPSOMLPJOHIGFCA87DA,85.09,0.0,7.52,無,,40.0
內湖區,房地(土地+建物),文湖街２１巷１１２弄６號四樓之２,19.4,住,,,1120521,土地1建物1車位0,四層,八層,華廈(10層含以下有電梯),住家用,920515.0,63.95,3,1,1,有,有,12800000,200156.0,,0.0,0,陽台外推；其他增建；,RPVNMLQKOHIGFCA28DA,40.69,0.75,5.2,有,,20.0
文山區,房地(土地+建物)+車位,仙岩路２２巷９號三樓之２,33.53,住,,,1120506,土地1建物1車位1,三層,二十層,住宅大樓(11層含以上有電梯),住家用,840411.0,192.06,4,2,2,有,有,27300000,142143.0,坡道平面,0.0,3000000,陽台外推；其他增建；,RPPPMLLJOHIGFAA07DA,150.97,5.37,12.88,有,,28.0
內湖區,房地(土地+建物),金湖路３３８號八樓之３,13.76,住,,,1120531,土地1建物1車位0,八層,十層,華廈(10層含以下有電梯),住家用,880824.0,58.870000000000005,2,2,1,有,有,15850000,269237.0,,0.0,0,陽台外推；其他增建；,RPTNMLQLOHIGFCA18DA,35.34,1.28,4.34,有,1955.0,24.0
文山區,房地(土地+建物),萬美街二段５１號五樓之１,13.52,住,,,1120528,土地1建物1車位0,五層,十二層,住宅大樓(11層含以上有電梯),住家用,840830.0,44.41,1,1,1,有,有,6000000,135105.0,,0.0,0,其他增建；,RPUNMLRJOHIGFAA97DA,30.76,0.57,2.88,有,,28.0
萬華區,房地(土地+建物),環河南路三段４３號二樓,26.75,住,,,1120505,土地1建物1車位0,二層,四層,公寓(5樓含以下無電梯),住家用,590730.0,85.47,1,1,1,有,無,8870000,103779.0,,0.0,0,陽台外推；,RPPNMLOKNHIGFBA27DA,85.47,0.0,0.0,無,,53.0
萬華區,房地(土地+建物),環河南路三段４３號四樓,26.75,住,,,1120505,土地1建物1車位0,四層,四層,公寓(5樓含以下無電梯),住家用,590730.0,85.47,0,2,1,有,無,8660000,101322.0,,0.0,0,頂樓加蓋；,RPRNMLOKNHIGFBA47DA,85.47,0.0,0.0,無,,53.0
萬華區,房地(土地+建物),青年路１５２巷３０號八樓之２,35.24,住,,,1120527,土地4建物1車位0,八層,十層,華廈(10層含以下有電梯),住家用,970103.0,164.82,3,2,2,有,有,29400000,178376.0,,0.0,0,其他增建；,RPUNMLLLOHIGFBA67DA,89.64,0.0,8.69,有,,15.0
內湖區,房地(土地+建物)+車位,民權東路六段１５１號五樓之７,59.52,住,,,1120520,土地1建物1車位1,五層,五層,華廈(10層含以下有電梯),住家用,960808.0,155.76,2,2,2,有,有,28100000,180406.0,坡道平面,36.35,0,陽台外推；,RPSOMLPKOHIGFCA97DA,71.59,0.0,11.54,有,,16.0
信義區,房地(土地+建物)+車位,和平東路三段３１９號三樓,19.73,住,,,1120517,土地1建物1車位1,三層,十二層,住宅大樓(11層含以上有電梯),住家用,800527.0,167.28,3,2,2,有,有,28280000,169058.0,坡道平面,0.0,0,,RPQNMLOJPHIGFDA67DA,136.98,0.0,9.2,有,556.0,32.0
大安區,房地(土地+建物),永康街３０號三樓,21.91,住,,,1120528,土地1建物1車位0,三層,六層,華廈(10層含以下有電梯),住家用,971023.0,105.2,2,2,1,有,有,40000000,380228.0,,0.0,0,賣方共有人有兩位陽台外推；其他增建；,RPTNMLRKOHIGFFA48DA,49.92,14.19,4.41,有,,15.0
中山區,房地(土地+建物),松江路１３３巷５０號三樓之２,7.17,住,,,1120529,土地1建物1車位0,三層,八層,華廈(10層含以下有電梯),住家用,930829.0,33.08,1,1,1,有,有,10400000,314389.0,,0.0,0,陽台外推；夾層；其他增建；,RPPPMLPJOHIGFCA67DA,18.15,0.86,3.38,有,,19.0
大安區,房地(土地+建物),文昌街２７８巷６號三樓,25.98,住,,,1120525,土地1建物1車位0,三層,七層,華廈(10層含以下有電梯),住家用,701231.0,127.27,3,2,2,有,無,29700000,233362.0,,0.0,0,陽台外推；,RPUNMLNJPHIGFFA28EA,102.1,0.0,16.7,有,,41.0
萬華區,房地(土地+建物),和平西路三段３８４號三樓之１４,3.68,住,,,1120529,土地2建物1車位0,三層,八層,華廈(10層含以下有電梯),住家用,700706.0,25.82,1,1,1,有,有,3800000,147173.0,,0.0,0,,RPPNMLQJPHIGFBA67EA,18.22,0.0,0.0,有,1962.0,42.0
文山區,房地(土地+建物),木柵路四段１５９巷１８２號四樓,27.33,住,,,1120513,土地2建物1車位0,四層,五層,公寓(5樓含以下無電梯),住家用,,99.73,3,2,1,有,無,8450000,84729.0,,0.0,0,,RPQOMLPJPHIGFAA57DA,85.72,0.0,14.01,無,,
內湖區,房地(土地+建物),大湖山莊街２２８號四樓,11.52,住,,,1120529,土地1建物1車位0,四層,十層,華廈(10層含以下有電梯),住家用,820729.0,42.33,1,1,1,有,有,9200000,217340.0,,0.0,0,,RPRNMLRJOHIGFCA87DA,28.78,0.0,1.94,有,1964.0,30.0
萬華區,房地(土地+建物),環河南路三段４３號三樓,26.75,住,,,1120505,土地1建物1車位0,三層,四層,公寓(5樓含以下無電梯),住家用,590730.0,85.47,1,1,1,有,無,8470000,99099.0,,0.0,0,陽台外推；其他增建；,RPXNMLPKNHIGFBA18DA,85.47,0.0,0.0,無,,53.0
內湖區,房地(土地+建物)+車位,安康路４３４巷２０弄２８號三樓,18.63,住,,,1120517,土地1建物1車位1,三層,八層,華廈(10層含以下有電梯),住家用,850613.0,98.7,3,1,1,有,有,14600000,147923.0,坡道平面,0.0,2500000,夾層；其他增建；,RPPNMLPLOHIGFCA67DA,34.71,0.0,5.93,有,,27.0
南港區,房地(土地+建物)+車位,經貿二路２３５巷５８號十樓之３,36.1,住,,,1120501,土地1建物1車位1,十層,十二層,住宅大樓(11層含以上有電梯),住家用,970627.0,172.45,2,2,2,有,有,38680000,224297.0,坡道平面,37.3,0,其他增建；,RPTNMLOJPHIGFDA97DA,85.38,6.74,4.64,有,,15.0
松山區,房地(土地+建物)+車位,復興北路３１３巷４２號五樓,40.69,住,,,1120506,土地1建物1車位1,五層,十一層,住宅大樓(11層含以上有電梯),住家用,970813.0,247.31,3,2,2,有,有,69600000,310547.0,坡道平面,34.46,3500000,,RPSNMLPJPHIGFDA08EA,130.93,1.43,7.03,有,,15.0
中正區,房地(土地+建物),師大路１８６巷５號五樓,15.39,住,,,1120531,土地1建物1車位0,五層,七層,華廈(10層含以下有電梯),住家用,790627.0,84.93,3,1,2,有,無,15680000,184623.0,,0.0,0,,RPWNMLOKOHIGFAA97DA,68.86,1.28,8.9,有,,33.0
北投區,房地(土地+建物),公路２３６號三樓,29.0,住,,,1120527,土地1建物1車位0,三層，陽台,三層,公寓(5樓含以下無電梯),住家用,651019.0,98.04,3,2,1,有,無,13700000,139739.0,,0.0,0,陽台外推；其他增建；,RPTNMLQKOHIGFEA28DA,98.04,0.0,0.0,無,,47.0
士林區,房地(土地+建物),葫蘆街２３巷６號四樓,24.25,住,,,1120521,土地1建物1車位0,四層,四層,公寓(5樓含以下無電梯),住家用,611207.0,65.53,3,1,1,有,無,9100000,138868.0,,0.0,0,其他增建；,RPPNMLKMNHIGFEA37DA,65.53,0.0,0.0,無,1969.0,50.0
北投區,房地(土地+建物),建民路１１０巷３之１號,29.65,住,,,1120514,土地5建物1車位0,一層,五層,公寓(5樓含以下無電梯),住家用,700114.0,98.83,3,2,1,有,無,26920000,272387.0,,0.0,0,其他增建；,RPXNMLLMNHIGFEA28DA,84.73,14.1,0.0,無,,42.0
內湖區,房地(土地+建物)+車位,安泰街１７號二樓之１,22.22,住,,,1120521,土地1建物1車位1,二層,十層,華廈(10層含以下有電梯),住家用,960112.0,148.89,3,2,2,有,有,24660000,165637.0,坡道平面,0.0,0,陽台外推；其他增建；,RPWOMLPKOHIGFCA38DA,81.82,8.52,6.94,有,,16.0
士林區,房地(土地+建物)+車位,通河街１７號四樓,17.41,住,,,1120503,土地1建物1車位1,四層,八層,華廈(10層含以下有電梯),住家用,1011112.0,126.95,2,2,1,有,有,23500000,185112.0,升降平面,0.0,2800000,,RPVNMLPJPHIGFEA38DA,42.97,1.06,5.17,有,1973.0,10.0
大安區,房地(土地+建物),仁愛路四段５０之６８號,8.78,住,,,1120517,土地4建物1車位0,九層，陽台,十二層,住宅大樓(11層含以上有電梯),住家用,600420.0,54.6,2,2,1,有,有,25580000,468498.0,,0.0,0,陽台外推；,RPSNMLNKOHIGFFA97DA,54.6,0.0,0.0,有,1974.0,52.0
中山區,房地(土地+建物),吉林路１５４巷８號五樓,20.0,住,,,1120530,土地1建物1車位0,五層,五層,公寓(5樓含以下無電梯),住家用,630404.0,67.08,4,2,2,有,無,16000000,238521.0,,0.0,0,頂樓加蓋；其他增建；,RPTNMLKLOHIGFCA57DA,67.08,0.0,0.0,無,1977.0,49.0
大安區,房地(土地+建物),信義路四段２６５巷３９號,5.7,住,,,1120531,土地1建物1車位0,一層,七層,華廈(10層含以下有電梯),住家用,670715.0,28.24,0,1,1,有,有,13000000,460340.0,,0.0,0,,RPPOMLQLOHIGFFA18DA,23.46,3.23,0.0,有,,45.0
士林區,房地(土地+建物)+車位,中山北路六段２９０巷２９弄１１號五樓之５,14.17,住,,,1120530,土地1建物1車位1,五層,五層,華廈(10層含以下有電梯),住家用,850417.0,55.04,1,1,1,有,有,13000000,236192.0,升降機械,19.23,0,陽台外推；夾層；其他增建；,RPUOMLNJPHIGFEA18DA,27.09,1.35,2.7,有,1982.0,27.0
萬華區,房地(土地+建物),和平西路三段３８４號三樓之１,4.84,住,,,1120529,土地2建物1車位0,三層,八層,華廈(10層含以下有電梯),住家用,700706.0,34.0,1,1,1,有,有,4500000,132353.0,,0.0,0,其他增建；,RPROMLLLOHIGFBA47DA,24.02,0.0,0.0,有,1983.0,42.0
南港區,房地(土地+建物),興南街６４巷２６弄１８號二樓,33.37,住,,,1120517,土地2建物1車位0,二層,四層,公寓(5樓含以下無電梯),住家用,670509.0,85.73,2,2,1,有,無,17250000,201213.0,,0.0,0,陽台外推；其他增建；,RPQOMLQJPHIGFDA97DA,74.22,0.0,11.51,無,,45.0
內湖區,房地(土地+建物)+車位,民權東路六段２８０巷４５弄４１號三樓,40.25,住,,,1120531,土地1建物1車位2,三層,十一層,住宅大樓(11層含以上有電梯),住家用,910422.0,234.57,4,2,2,有,有,40500000,172656.0,升降機械,0.0,0,,RPQNMLSKOHIGFCA97DA,122.31,0.0,12.2,有,,21.0
中山區,房地(土地+建物)+車位,通北街１３２巷５號三樓之１,29.66,住,,,1120514,土地1建物1車位1,三層,九層,華廈(10層含以下有電梯),住家用,880511.0,145.55,3,2,2,有,有,21380000,146891.0,坡道平面,0.0,0,,RPVNMLPLOHIGFCA28DA,80.6,0.0,9.93,有,,24.0
士林區,房地(土地+建物),重慶北路四段２２０巷２１弄１４號,57.0,住,,,1120515,土地1建物1車位0,全,三層,透天厝,住家用,580409.0,125.58,3,3,3,有,無,17750000,141344.0,,0.0,0,陽台外推；其他增建；,RPSOMLPJPHIGFEA18DA,125.58,0.0,0.0,無,,54.0
信義區,房地(土地+建物),仁愛路四段５１２巷６號三樓,40.0,住,,,1120530,土地1建物1車位0,三層,七層,華廈(10層含以下有電梯),住家用,711213.0,185.21,3,2,2,有,有,45800000,247287.0,,0.0,0,,RPVOMLQJPHIGFDA48DA,155.74,0.0,29.47,有,,40.0
大同區,房地(土地+建物),赤峰街４７巷５號,111.0,住,,,1120525,土地1建物1車位0,全,二層,透天厝,住家用,,168.15,11,6,3,有,無,57000000,338983.0,,0.0,0,頂樓加蓋；,RPOOMLLLOHIGFBA17DA,168.15,0.0,0.0,無,,
大安區,房地(土地+建物),泰順街２０號三樓,35.5,住,,,1120527,土地1建物1車位0,三層,四層,公寓(5樓含以下無電梯),住家用,610807.0,80.5,3,2,2,有,無,22180000,275528.0,,0.0,0,陽台外推；其他增建；,RPUOMLQKOHIGFFA58DA,80.5,0.0,0.0,無,,51.0
中山區,房地(土地+建物)+車位,北安路５５４巷３１號八樓之１,24.55,住,,,1120502,土地1建物1車位1,八層,十二層,住宅大樓(11層含以上有電梯),住家用,821221.0,132.21,3,2,2,有,有,35000000,264730.0,坡道機械,20.13,0,其他增建；,RPROMLQLOHIGFCA08DA,101.23,0.0,10.49,有,,29.0
中正區,房地(土地+建物),臨沂街７５巷２１號三樓,8.24,住,,,1120523,土地1建物1車位0,三層,九層,華廈(10層含以下有電梯),住家用,850824.0,37.82,3,1,1,有,有,13000000,343733.0,,0.0,0,陽台外推；夾層；其他增建；,RPVNMLPKOHIGFBA08DA,22.24,1.69,3.28,有,,27.0
文山區,房地(土地+建物),指南路三段２４巷５號六樓,19.47,住,,,1120521,土地1建物1車位0,六層,七層,華廈(10層含以下有電梯),住家用,830627.0,76.38,2,2,1,有,無,12200000,159728.0,,0.0,0,其他增建；,RPVNMLRKOHIGFAA18DA,54.27,2.04,6.88,有,,29.0
松山區,房地(土地+建物),八德路三段１２巷５７弄４０之３號六樓,29.01,住,,,1120511,土地1建物1車位0,六層,六層,華廈(10層含以下有電梯),住家用,751211.0,131.6,3,2,3,有,有,36880000,280243.0,,0.0,0,頂樓加蓋；其他增建；,RPPNMLKLOHIGFDA27DA,108.46,0.0,13.91,有,,36.0
信義區,房地(土地+建物),中坡南路６０之１號四樓,19.63,住,,,1120501,土地1建物1車位0,四層,五層,公寓(5樓含以下無電梯),住家用,750619.0,97.72,2,2,2,有,無,16600000,169873.0,,0.0,0,其他增建；,RPVOMLPJPHIGFDA38DA,81.94,0.0,7.96,無,,37.0
大安區,房地(土地+建物),忠孝東路四段１８１巷４８號三樓,29.38,住,,,1120527,土地1建物1車位0,三層,七層,華廈(10層含以下有電梯),住家用,760404.0,165.23000000000002,2,2,1,有,有,44200000,267506.0,,0.0,0,陽台外推；,RPSNMLRJPHIGFFA38DA,111.97,2.66,15.8,有,,36.0
萬華區,房地(土地+建物),青年路１６８巷２弄９號五樓之１,20.32,住,,,1120509,土地2建物1車位0,五層，陽台,五層,公寓(5樓含以下無電梯),住家用,640523.0,49.64,2,1,1,有,無,6600000,132957.0,,0.0,0,天井為室內其他增建；,RPQNMLRKOHIGFBA77DA,49.64,0.0,0.0,無,,48.0
士林區,房地(土地+建物),重慶北路四段２２０巷２１弄１２號,57.0,住,,,1120515,土地1建物1車位0,全,三層,透天厝,住家用,580409.0,125.58,3,3,3,有,無,17750000,141344.0,,0.0,0,頂樓加蓋；其他增建；,RPUOMLPJPHIGFEA38DA,125.58,0.0,0.0,無,,54.0
北投區,房地(土地+建物),新興路１６８號四樓,28.15,住,,,1120530,土地2建物1車位0,四層,五層,公寓(5樓含以下無電梯),住家用,701014.0,94.21,3,2,1,有,無,8200000,87040.0,,0.0,0,,RPUNMLSLOHIGFEA68DA,82.36,0.0,11.85,無,,42.0
文山區,房地(土地+建物)+車位,辛亥路六段２１巷１２號八樓,60.82,住,,,1120521,土地8建物1車位1,八層,二十二層,住宅大樓(11層含以上有電梯),住家用,880809.0,171.44,3,2,2,有,有,25150000,146699.0,坡道平面,0.0,0,,RPQNMLKKPHIGFAA17EA,116.22,0.75,8.39,有,,24.0
士林區,房地(土地+建物)+車位,中山北路六段２３６巷９號六樓之１,24.95,住,,,1120525,土地1建物1車位1,六層,十四層,住宅大樓(11層含以上有電梯),住家用,1110331.0,167.7,3,2,2,有,有,45300000,333228.0,坡道平面,40.76,3000000,,RPVOMLQLOHIGFEA68DA,72.17,3.47,4.49,有,,1.0
大安區,房地(土地+建物),瑞安街１３５巷１７號三樓,29.5,住,,,1120528,土地1建物1車位0,三層,四層,公寓(5樓含以下無電梯),住家用,571206.0,82.07,3,2,1,有,無,19000000,231510.0,,0.0,0,,RPPNMLKKPHIGFFA57EA,75.47,0.0,6.6,無,1998.0,54.0
士林區,房地(土地+建物),重慶北路四段４９巷１５弄５６號五樓之３,16.57,住,,,1120529,土地1建物1車位0,五層,五層,公寓(5樓含以下無電梯),住家用,670719.0,73.25,4,3,2,有,無,8000000,109215.0,,0.0,0,陽台外推；頂樓加蓋；其他增建；,RPXNMLQLOHIGFEA78DA,56.82,0.0,12.18,無,,45.0
信義區,房地(土地+建物),中坡南路１７０號三樓,24.89,住,,,1120530,土地2建物1車位0,三層,四層,公寓(5樓含以下無電梯),住家用,660929.0,84.43,4,2,1,有,無,16000000,189506.0,,0.0,0,,RPPNMLRJPHIGFDA87DA,81.81,0.0,2.62,無,,46.0
文山區,房地(土地+建物)+車位,興隆路四段１６５巷４０弄１７號九樓,32.13,住,,,1120527,土地1建物1車位1,九層,十二層,住宅大樓(11層含以上有電梯),住家用,1021118.0,223.96,4,2,2,有,有,34900000,188668.0,坡道平面,53.82,2800000,,RPQNMLQKOHIGFAA57DA,104.23,3.31,11.22,有,2001.0,10.0
大安區,房地(土地+建物),仁愛路四段３００巷１１號五樓之１１,5.95,住,,,1120528,土地1建物1車位0,五層,七層,華廈(10層含以下有電梯),住家用,721128.0,39.33,1,1,1,有,有,12980000,330028.0,,0.0,0,其他增建；,RPRNMLQLOHIGFFA28DA,28.14,5.01,0.0,有,2003.0,40.0
萬華區,房地(土地+建物),武成街８０巷２０號,44.0,住,,,1120522,土地1建物1車位0,全,三層,透天厝,住家用,520312.0,120.99,3,4,1,有,無,20000000,165303.0,,0.0,0,頂樓加蓋；,RPSNMLLKPHIGFBA47DA,120.99,0.0,0.0,無,,60.0
大安區,房地(土地+建物),和平東路二段９６巷１５弄１３號七樓,21.7,住,,,1120530,土地1建物1車位0,七層,七層,華廈(10層含以下有電梯),住家用,730920.0,112.18,3,3,3,有,無,36800000,328044.0,,0.0,0,陽台外推；頂樓加蓋；,RPQNMLKKPHIGFFA57DA,88.2,0.0,18.9,有,,39.0
大安區,房地(土地+建物),忠孝東路四段１８１巷３５弄２９號五樓,36.92,住,,,1120525,土地1建物1車位0,五層,五層,公寓(5樓含以下無電梯),住家用,760806.0,138.13,3,2,2,有,無,27500000,199088.0,,0.0,0,陽台外推；頂樓加蓋；,RPPOMLKKPHIGFFA57DA,111.64,2.8,11.99,無,2004.0,36.0
中山區,房地(土地+建物)+車位,明水路５５５號十五樓之９,26.18,住,,,1120527,土地1建物1車位3,十四層，十五層,十六層,住宅大樓(11層含以上有電梯),住家用,850530.0,169.89999999999998,1,2,2,有,有,29800000,175397.0,坡道機械,0.0,5000000,,RPTOMLSLOHIGFCA48DA,61.07,2.88,4.62,有,2005.0,27.0
士林區,房地(土地+建物),德行東路３３１巷５０弄１０號四樓,32.49,住,,,1120501,土地2建物1車位0,四層,五層,公寓(5樓含以下無電梯),住家用,681128.0,129.68,3,2,2,有,無,20050000,154611.0,,0.0,0,陽台外推；其他增建；,RPWNMLPKOHIGFEA48DA,115.27,0.0,14.41,無,,43.0
萬華區,房地(土地+建物),青年路１０６巷３０弄８號四樓,17.8,住,,,1120514,土地2建物1車位0,四層,五層,公寓(5樓含以下無電梯),住家用,640403.0,45.88,2,1,1,有,無,7100000,154752.0,,0.0,0,公設增建陽台外推；其他增建；,RPQPMLNKOHIGFBA57DA,45.88,0.0,0.0,無,2008.0,48.0
大安區,房地(土地+建物),和平東路三段１巷３４號,22.71,住,,,1120507,土地1建物1車位0,一層,十五層,住宅大樓(11層含以上有電梯),住家用,740522.0,116.69,3,2,2,有,有,31000000,265661.0,,0.0,0,,RPUNMLTLOHIGFFA88DA,84.61,9.67,0.0,有,,38.0
北投區,房地(土地+建物),杏林三路１號,90.0,住,,,1120526,土地2建物1車位0,一層，二層，騎樓,,公寓(5樓含以下無電梯),住家用,550913.0,117.82,5,3,2,有,無,19900000,168902.0,,0.0,0,陽台外推；頂樓加蓋；,RPVNMLLKPHIGFEA08DA,117.82,0.0,0.0,無,,57.0
大同區,房地(土地+建物),酒泉街５０巷３號四樓,26.09,住,,,1120521,土地1建物1車位0,四層,五層,公寓(5樓含以下無電梯),住家用,720702.0,102.8,3,2,1,有,無,16250000,158074.0,,0.0,0,陽台外推；其他增建；,RPROMLKKPHIGFBA37DA,81.31,0.0,13.81,無,,40.0
內湖區,房地(土地+建物),陽光街１２０號五樓,43.35,住,,,1120528,土地1建物1車位0,五層,五層,公寓(5樓含以下無電梯),住家用,761119.0,126.48,4,3,3,有,無,20000000,158128.0,,0.0,0,,RPSPMLSLOHIGFCA48DA,100.49,2.67,10.85,無,,36.0
北投區,房地(土地+建物),同德街４４巷７號二樓,24.67,住,,,1120520,土地1建物1車位0,二層,五層,公寓(5樓含以下無電梯),住家用,731022.0,87.46,3,2,2,有,有,13500000,154356.0,,0.0,0,陽台增建陽台外推；其他增建；,RPPNMLLKPHIGFEA47DA,76.46,0.0,8.2,無,,39.0
內湖區,房地(土地+建物),內湖路一段７３７巷８６號三樓,42.88,住,,,1120527,土地1建物1車位0,三層,四層,公寓(5樓含以下無電梯),住家用,661209.0,98.77,3,2,2,有,無,16000000,161993.0,,0.0,0,陽台外推；其他增建；,RPRNMLPLOHIGFCA87DA,85.58,0.0,13.19,無,,45.0
文山區,房地(土地+建物)+車位,下崙路１１巷１３號三樓,36.31,住,,,1120528,土地1建物1車位1,三層,七層,華廈(10層含以下有電梯),住家用,1060104.0,186.38,3,2,2,有,有,25800000,158266.0,升降平面,36.0,2000000,,RPVNMLQKOHIGFAA08DA,79.91,9.84,6.55,有,,6.0
中山區,房地(土地+建物),北安路５８８巷３號,29.38,住,,,1120522,土地1建物1車位0,一層，走廊,四層,公寓(5樓含以下無電梯),住家用,611229.0,80.75,1,1,1,有,無,30000000,371517.0,,0.0,0,其他增建；,RPXNMLSJOHIGFCA58DA,80.75,0.0,0.0,無,,50.0
中山區,房地(土地+建物)+車位,明水路５３９號三樓之１,34.94,住,,,1120520,土地1建物1車位1,三層,十五層,住宅大樓(11層含以上有電梯),住家用,821222.0,184.49,4,2,2,有,有,40880000,221596.0,坡道平面,0.0,0,陽台外推；其他增建；,RPRNMLOKOHIGFCA67DA,123.43,3.97,9.46,有,,29.0
萬華區,房地(土地+建物),西昌街５９號二樓之３,9.35,住,,,1120521,土地1建物1車位0,二層,八層,華廈(10層含以下有電梯),住家用,871228.0,88.33,1,1,2,有,有,16280000,184309.0,,0.0,0,夾層；其他增建；,RPVNMLTJOHIGFBA38DA,40.98,30.59,5.34,有,,24.0
中山區,房地(土地+建物)+車位,建國北路三段７１號十一樓之２,10.42,住,,,1120528,土地2建物1車位1,十一層,十四層,住宅大樓(11層含以上有電梯),住家用,1041016.0,104.47,2,2,2,有,有,22570000,256091.0,坡道平面,26.49,2600000,夾層；其他增建；,RPXNMLLKPHIGFCA08DA,42.72,2.32,4.31,有,2013.0,8.0
內湖區,房地(土地+建物)+車位,新明路３９８號三樓,20.5,住,,,1120529,土地1建物1車位1,三層,十一層,住宅大樓(11層含以上有電梯),住家用,990712.0,142.17000000000002,3,2,2,有,有,28000000,206804.0,坡道機械,15.48,1800000,其他增建；,RPTOMLQLOHIGFCA28DA,69.3,5.66,10.47,有,2016.0,13.0
內湖區,房地(土地+建物),康寧路三段１６巷１０４號四樓,34.34,住,,,1120518,土地2建物1車位0,四層,四層,公寓(5樓含以下無電梯),住家用,660422.0,93.76,6,0,6,有,無,16720000,178328.0,,0.0,0,陽台外推；頂樓加蓋；,RPPOMLRLOHIGFCA97DA,82.33,0.0,11.43,無,,46.0
士林區,房地(土地+建物)+車位,中山北路七段８１巷３８之２號四樓,204.16,住,,,1120531,土地1建物1車位4,四層，五層,五層,華廈(10層含以下有電梯),住家用,970205.0,570.54,3,3,4,有,有,143380000,333808.0,坡道平面,176.96,12000000,陽台加窗、頂樓加蓋花園。其他增建；,RPROMLMKPHIGFEA87DA,214.59,0.0,28.55,有,,15.0
大同區,房地(土地+建物),民族西路７６巷２弄６號八樓之１,24.93,住,,,1120531,土地1建物1車位0,八層,九層,華廈(10層含以下有電梯),住家用,830926.0,105.07,3,2,2,有,有,23180000,220615.0,,0.0,0,陽台外推；其他增建；,RPVNMLQLOHIGFBA28DA,63.38,16.18,14.8,有,2017.0,29.0
文山區,房地(土地+建物)+車位,試院路６０巷１８號三樓,75.56,住,,,1120528,土地1建物1車位1,三層，四層，五層,五層,公寓(5樓含以下無電梯),住家用,880322.0,132.12,2,2,2,有,有,21500000,162731.0,坡道機械,19.57,0,地下層機械式停車位，上層地18號，約計5.92坪。其中一套為半套衛浴。,RPQNMLKKPHIGFAA07DA,83.82,0.0,9.63,無,2018.0,24.0
南港區,房地(土地+建物),福德街３５２號四樓,30.0,住,,,1120506,土地1建物1車位0,四層,五層,公寓(5樓含以下無電梯),住家用,700709.0,98.08,3,2,2,有,無,17580000,179241.0,,0.0,0,陽台外推；其他增建；,RPWNMLSLOHIGFDA78DA,86.97,0.0,11.11,無,,42.0
北投區,房地(土地+建物),清江路９１巷２５弄４號三樓,45.25,住,,,1120510,土地1建物1車位0,三層,四層,公寓(5樓含以下無電梯),住家用,670616.0,106.96,3,2,1,有,無,15500000,144914.0,,0.0,0,陽台外推；其他增建；,RPXOMLLLOHIGFEA38DA,98.86,0.0,8.1,無,,45.0
大安區,房地(土地+建物),新生南路一段１５１巷７之１號,44.0,住,,,1120514,土地1建物1車位0,一層，陽台,四層,公寓(5樓含以下無電梯),住家用,620308.0,115.58,3,3,2,有,無,46000000,397993.0,,0.0,0,其他增建；,RPUNMLRJPHIGFFA58DA,115.58,0.0,0.0,無,2019.0,50.0
大同區,房地(土地+建物),重慶北路三段１５２巷１０號三樓,21.21,住,,,1120523,土地1建物1車位0,三層,五層,公寓(5樓含以下無電梯),住家用,740321.0,72.75999999999999,3,2,1,有,無,13615000,187122.0,,0.0,0,,RPPNMLOKPHIGFBA57EA,63.55,0.0,7.36,無,,38.0
大安區,房地(土地+建物)+車位,四維路６６巷３號,33.2,住,,,1120518,土地2建物1車位2,一層,八層,華廈(10層含以下有電梯),住家用,840809.0,142.8,2,2,2,有,有,52000000,364146.0,一樓平面,0.0,0,本案車位僅有使用權。其他增建；,RPQNMLSLOHIGFFA38DA,90.69,11.94,0.0,有,2020.0,28.0
南港區,房地(土地+建物),舊莊街一段３巷１２弄３號八樓,16.82,住,,,1120505,土地1建物1車位0,八層,八層,華廈(10層含以下有電梯),住家用,961120.0,68.37,1,2,1,有,有,12180000,178148.0,,0.0,0,,RPTNMLNKPHIGFDA97DA,36.4,7.6,4.69,有,2022.0,15.0
士林區,房地(土地+建物),雨聲街５６之１號六樓,27.13,住,,,1120520,土地1建物1車位0,六層,七層,華廈(10層含以下有電梯),住家用,730907.0,141.57999999999998,4,2,2,有,無,28850000,203772.0,,0.0,0,,RPQNMLTKOHIGFEA28DA,112.52,0.0,20.87,有,,39.0
內湖區,房地(土地+建物)+車位,星雲街９６號,35.81,住,,,1120517,土地2建物1車位2,一層,十四層,住宅大樓(11層含以上有電梯),住家用,930107.0,212.96,4,2,2,有,有,31000000,145560.0,坡道平面,70.26,0,陽台外推；其他增建；,RPWNMLMKPHIGFCA08DA,89.13,0.0,5.81,有,,19.0
大安區,房地(土地+建物),延吉街１７９號十三樓,11.64,住,,,1120501,土地1建物1車位0,十三層,十四層,住宅大樓(11層含以上有電梯),住家用,721130.0,122.59,2,2,2,有,有,40000000,326291.0,,0.0,0,陽台外推；,RPSNMLTJNHIGFFA38DA,86.79,0.0,14.01,有,,39.0
北投區,房地(土地+建物),致遠一路二段３７號,45.0,住,,,1120521,土地1建物1車位0,一層，騎樓,三層,公寓(5樓含以下無電梯),住家用,630809.0,89.82,0,1,1,有,無,26660000,296816.0,,0.0,0,空地加蓋其他增建；,RPTNMLPLNHIGFEA18DA,89.82,0.0,0.0,無,,49.0
文山區,房地(土地+建物)+車位,興隆路四段１６５巷１號七樓,36.25,住,,,1120520,土地1建物1車位2,七層,八層,華廈(10層含以下有電梯),住家用,851009.0,145.82,4,2,2,有,有,22360000,162248.0,坡道平面,32.66,4000000,陽台外推；其他增建；,RPTNMLTJOHIGFAA08DA,56.12,21.43,7.67,有,,27.0
大同區,房地(土地+建物)+車位,延平北路三段１０１號六樓,31.81,住,,,1120530,土地1建物1車位2,六層,八層,華廈(10層含以下有電梯),住家用,910619.0,201.41,3,2,2,有,有,28700000,142495.0,升降平面,0.0,3000000,其他增建；,RPRNMLNKPHIGFBA57DA,115.98,0.0,10.66,有,,21.0
文山區,建物,木新路二段１２６號五樓,0.0,,,,1120529,土地0建物1車位0,五層,五層,公寓(5樓含以下無電梯),住家用,780125.0,124.93,4,2,2,有,無,6300000,50428.0,,0.0,0,陽台外推；,RPVNMLTLOHIGFAA48DA,104.53,0.35,12.57,無,,34.0
北投區,房地(土地+建物),溫泉路６５巷９之５號二樓,22.79,住,,,1120530,土地2建物1車位0,二層,七層,華廈(10層含以下有電梯),住家用,890719.0,76.97,2,2,1,有,有,14100000,183188.0,,0.0,0,其他增建；,RPXNMLRLOHIGFEA88DA,51.49,2.34,5.84,有,2026.0,23.0
北投區,房地(土地+建物),尊賢街２４２巷９號三樓,29.16,住,,,1120510,土地1建物1車位0,三層,五層,公寓(5樓含以下無電梯),住家用,670921.0,102.39,3,2,1,有,無,17000000,166032.0,,0.0,0,其他增建；,RPRNMLPLNHIGFEA97DA,88.5,0.0,13.89,無,,45.0
北投區,房地(土地+建物),致遠一路二段３９號,38.67,住,,,1120521,土地1建物1車位0,一層，騎樓,三層,公寓(5樓含以下無電梯),住家用,630809.0,82.5,0,1,1,有,無,22220000,269333.0,,0.0,0,空地加蓋其他增建；,RPSNMLPLNHIGFEA08DA,82.5,0.0,0.0,無,,49.0
松山區,房地(土地+建物),民權東路三段１２６號十一樓,16.74,住,,,1120513,土地1建物1車位0,十一層,十二層,住宅大樓(11層含以上有電梯),住家用,740927.0,109.54,2,2,2,有,有,30700000,280263.0,,0.0,0,陽台外推；,RPRQMLNKPHIGFDA18EA,93.47,0.0,11.02,有,,38.0
內湖區,房地(土地+建物),康寧路三段１６５巷２５弄５號四樓,27.05,住,,,1120522,土地1建物1車位0,四層,五層,公寓(5樓含以下無電梯),住家用,731218.0,100.96,3,2,2,有,無,16880000,167195.0,,0.0,0,其他增建；,RPQNMLPLOHIGFCA77DA,83.7,0.0,8.88,無,,38.0
北投區,房地(土地+建物)+車位,自強街６１巷１９號四樓之１,19.44,住,,,1120530,土地1建物1車位1,四層,十層,華廈(10層含以下有電梯),住家用,990504.0,86.44999999999999,1,2,1,有,有,17450000,208628.0,塔式車位,8.56,1200000,夾層；其他增建；,RPSOMLKMNHIGFEA77DA,39.91,6.25,4.17,有,,13.0
大安區,房地(土地+建物)+車位,瑞安街８９號五樓之１,59.74,住,,,1120511,土地1建物1車位3,五層,十三層,住宅大樓(11層含以上有電梯),住家用,980910.0,369.23,4,2,3,有,有,125000000,338533.0,坡道平面,86.0,0,,RPSNMLRLOHIGFFA48DA,211.6,6.69,14.58,有,,14.0
北投區,房地(土地+建物),行義路１８６巷２０號二樓,22.7,住,,,1120530,土地1建物1車位0,二層,七層,華廈(10層含以下有電梯),住家用,750116.0,124.71,3,2,2,有,無,17000000,136316.0,,0.0,0,後陽台。陽台外推；其他增建；,RPQNMLKKPHIGFEA47DA,92.05,1.18,14.75,有,,37.0
文山區,房地(土地+建物)+車位,政大一街４５巷２１號三樓,81.87,住,,,1120528,土地1建物1車位1,三層，四層,四層,華廈(10層含以下有電梯),住家用,900328.0,165.5,3,2,3,有,有,24800000,149849.0,坡道平面,0.0,2000000,陽台外推；,RPOOMLOKPHIGFAA37DA,99.3,1.36,10.65,有,,22.0
大同區,房地(土地+建物),民族西路２２５巷３弄２１號四樓,24.77,住,,,1120524,土地1建物1車位0,四層,七層,華廈(10層含以下有電梯),住家用,771215.0,139.07,3,2,2,有,有,24500000,176183.0,,0.0,0,陽台外推；其他增建；,RPXNMLKLOHIGFBA87DA,113.66,0.0,14.79,有,,34.0
士林區,房地(土地+建物)+車位,中山北路六段４０５巷８７號七樓,33.94,住,,,1120521,土地1建物2車位1,七層,八層,華廈(10層含以下有電梯),住家用,1060307.0,176.85,3,0,2,有,有,52000000,342000.0,坡道平面,34.16,3200000,其他增建；,RPPNMLSKOHIGFEA08DA,73.04,7.17,11.57,有,2033.0,6.0
士林區,房地(土地+建物)+車位,中山北路六段４０５巷８９號七樓,34.25,住,,,1120521,土地1建物2車位1,七層,八層,華廈(10層含以下有電梯),住家用,1060307.0,177.79000000000002,1,2,0,有,有,51500000,341851.0,升降平面,34.16,2400000,其他增建；,RPQNMLSKOHIGFEA18DA,73.83,7.28,11.57,有,,6.0
萬華區,房地(土地+建物),萬大路２７７巷４４弄１號三樓之３,24.03,住,,,1120530,土地1建物1車位0,三層,十二層,住宅大樓(11層含以上有電梯),住家用,711027.0,100.91,3,2,1,有,有,17200000,170449.0,,0.0,0,陽台外推；其他增建；,RPPOMLQLOHIGFBA77DA,70.49,0.0,7.29,有,,41.0
文山區,房地(土地+建物),羅斯福路五段２６９巷１７弄２號四樓,20.73,住,,,1120522,土地1建物1車位0,四層,五層,公寓(5樓含以下無電梯),住家用,670626.0,83.06,3,2,1,有,無,15700000,189020.0,,0.0,0,陽台外推；其他增建；,RPPNMLOKPHIGFAA47EA,68.44,0.0,14.62,無,,45.0
北投區,房地(土地+建物),立農街一段３４９巷３弄３號二樓,37.26,住,,,1120525,土地1建物1車位0,二層,五層,公寓(5樓含以下無電梯),住家用,690630.0,124.25,3,2,2,有,無,19100000,153722.0,,0.0,0,其他增建；,RPWNMLRLOHIGFEA78DA,111.93,0.0,12.32,無,,43.0
松山區,房地(土地+建物),三民路２９巷５號九樓,44.73,住,,,1120514,土地2建物1車位0,九層,十二層,住宅大樓(11層含以上有電梯),住家用,931111.0,210.02,4,2,2,有,有,53000000,252357.0,,0.0,0,陽台外推；其他增建；,RPQOMLQKOHIGFDA97DA,117.42,4.07,11.24,有,,19.0
士林區,房地(土地+建物)+車位,德行西路４８號三樓,29.71,住,,,1120520,土地3建物1車位1,三層,十三層,住宅大樓(11層含以上有電梯),住家用,970502.0,187.79,3,2,2,有,有,45200000,294693.0,坡道平面,44.59,3000000,其他增建；,RPVNMLNKPHIGFEA28DA,86.88,0.0,10.54,有,,15.0
大同區,房地(土地+建物)+車位,承德路三段３０８號十二樓之２,15.65,住,,,1120517,土地2建物1車位1,十二層,十二層,住宅大樓(11層含以上有電梯),住家用,990310.0,178.49,2,2,2,有,有,33500000,187686.0,坡道平面,40.4,0,陽台外推；其他增建；,RPUNMLQLOHIGFBA18DA,66.19,0.0,16.89,有,,13.0
北投區,房地(土地+建物)+車位,稻香路１６１巷９號八樓之２,18.92,住,,,1120513,土地1建物1車位1,八層,十一層,住宅大樓(11層含以上有電梯),住家用,930312.0,98.14,2,1,1,有,有,12500000,136358.0,升降機械,15.27,1200000,陽台外推；夾層；,RPSNMLMKPHIGFEA87DA,48.74,5.39,2.89,有,,19.0
內湖區,房地(土地+建物),東湖路１２７號二樓,28.62,住,,,1120531,土地1建物1車位0,二層,五層,公寓(5樓含以下無電梯),住家用,730218.0,95.07,0,0,0,無,無,17200000,180919.0,,0.0,0,其他增建；,RPOPMLNKPHIGFCA57DA,88.65,0.0,6.42,無,2038.0,39.0
士林區,房地(土地+建物)+車位,中山北路六段１９５巷８號二樓之１,30.68,住,,,1120530,土地1建物1車位1,二層,十四層,住宅大樓(11層含以上有電梯),住家用,970506.0,178.66,3,1,2,有,有,44500000,291801.0,坡道平面,36.44,3000000,,RPQOMLTKOHIGFEA38DA,81.36,1.69,10.17,有,,15.0
信義區,房地(土地+建物),虎林街１３２巷７１號四樓,30.0,住,,,1120521,土地1建物1車位0,四層,四層,公寓(5樓含以下無電梯),住家用,590922.0,85.0,3,2,1,有,無,20380000,239765.0,,0.0,0,其他增建；,RPWNMLRLOHIGFDA68DA,85.0,0.0,0.0,無,,53.0
內湖區,房地(土地+建物),康寧路三段１８９巷９１號八樓,28.91,住,,,1120527,土地1建物1車位0,八層,十層,華廈(10層含以下有電梯),住家用,831229.0,111.54,3,2,2,有,有,22200000,199032.0,,0.0,0,,RPQPMLNKPHIGFCA77DA,77.15,0.0,10.44,有,,28.0
內湖區,房地(土地+建物),新富街１３３號三樓,33.45,住,,,1120527,土地1建物1車位0,三層,十三層,住宅大樓(11層含以上有電梯),住家用,1020808.0,178.27,2,2,2,有,有,43000000,241207.0,,0.0,0,,RPSNMLRKPHIGFCA28EA,106.18,4.8,11.36,有,2043.0,10.0
文山區,房地(土地+建物)+車位,育英街１１號二樓之２,35.03,住,,,1120526,土地1建物1車位1,二層,七層,華廈(10層含以下有電梯),住家用,980814.0,191.08,4,2,2,有,有,37000000,234904.0,升降平面,43.36,2300000,其他增建；,RPQNMLRJPHIGFAA67DA,93.29,12.24,7.2,有,2045.0,14.0
中正區,房地(土地+建物)+車位,重慶南路三段４１號七樓,48.0,住,,,1120526,土地2建物1車位1,七層,二十一層,住宅大樓(11層含以上有電梯),住家用,1100915.0,269.5,3,2,2,有,有,109000000,455434.0,坡道平面,39.17,4100000,含裝潢費7150000元；,RPSOMLQLNHIGFAA87DA,126.43,10.64,13.55,有,,2.0
中山區,房地(土地+建物),遼寧街１３８巷２５號四樓,18.25,住,,,1120525,土地1建物1車位0,四層,四層,公寓(5樓含以下無電梯),住家用,640514.0,57.14,2,1,1,有,無,8100000,141757.0,,0.0,0,陽台外推；頂樓加蓋；,RPPNMLSKPHIGFCA97DA,47.74,0.0,9.4,無,,48.0
中山區,房地(土地+建物),德惠街６５號七樓之１,27.15,住,,,1120530,土地2建物1車位0,七層,十層,華廈(10層含以下有電梯),住家用,900926.0,150.87,2,2,1,有,有,29500000,195533.0,,0.0,0,其他增建；,RPRRMLQJPHIGFCA28DA,100.34,0.0,10.36,有,,22.0
信義區,房地(土地+建物),福德街３００巷３５之１號三樓,22.0,住,,,1120517,土地1建物1車位0,三層,四層,公寓(5樓含以下無電梯),住家用,660719.0,63.0,3,2,1,有,無,12700000,201587.0,,0.0,0,陽台外推；其他增建；,RPTOMLNKPHIGFDA08DA,50.58,0.0,12.42,無,,46.0
大安區,房地(土地+建物),忠孝東路三段２４８巷１３弄４之１號三樓,27.9,住,,,1120521,土地1建物1車位0,三層,七層,華廈(10層含以下有電梯),住家用,710313.0,112.27,3,2,1,有,有,29000000,258306.0,,0.0,0,其他增建；,RPROMLQJPHIGFFA28DA,79.18,0.0,3.25,有,,41.0
北投區,房地(土地+建物),天母西路１１７巷５９號二樓之２,9.23,住,,,1120529,土地1建物1車位0,二層,七層,華廈(10層含以下有電梯),住家用,970818.0,36.09,0,0,0,無,有,5500000,152397.0,,0.0,0,有非自然身故情事受民情風俗因素影響；,RPTNMLSKPHIGFEA68EA,21.53,3.05,0.0,有,2050.0,15.0
萬華區,房地(土地+建物),富民路１４５巷１５弄３４號二樓,16.0,住,,,1120516,土地1建物1車位0,二層,四層,公寓(5樓含以下無電梯),住家用,630910.0,61.72,2,1,1,有,無,7500000,121517.0,,0.0,0,其他增建；,RPRNMLRJPHIGFBA87DA,59.68,0.0,2.04,無,2052.0,49.0
北投區,房地(土地+建物)+車位,中央北路四段５８３巷１０弄７號三樓之３,26.92,住,,,1120516,土地2建物1車位1,三層,五層,華廈(10層含以下有電梯),住家用,1050817.0,64.78,1,1,1,有,有,9500000,146650.0,升降機械,11.99,0,,RPTNMLTKPHIGFEA68DA,28.65,1.71,4.01,有,2057.0,7.0
文山區,房地(土地+建物),木新路三段２３２巷３５號三樓,30.75,住,,,1120527,土地1建物1車位0,三層，陽台,四層,公寓(5樓含以下無電梯),住家用,650120.0,84.39,3,2,1,有,無,12800000,151677.0,,0.0,0,,RPWNMLTKPHIGFAA58DA,84.39,0.0,0.0,無,,47.0
士林區,房地(土地+建物)+車位,中山北路六段４０５巷８５號五樓,51.64,住,,,1120512,土地1建物1車位3,五層,八層,華廈(10層含以下有電梯),住家用,1011129.0,320.25,4,2,4,有,有,60000000,187354.0,升降機械,28.35,0,陽台外推；夾層；其他增建；,RPVNMLPJOHIGFEA28DA,150.19,26.65,13.37,有,,10.0
內湖區,房地(土地+建物),內湖路一段９１巷３９弄１１號二樓,16.38,住,,,1120501,土地3建物1車位0,二層,五層,公寓(5樓含以下無電梯),住家用,741218.0,83.72000000000001,3,2,2,有,無,15800000,188724.0,,0.0,0,陽台外推；其他增建；,RPRSMLTJOHIGFCA58DA,74.33,0.0,6.46,無,,37.0
文山區,房地(土地+建物),久康街２４巷７號二樓,20.38,住,,,1120524,土地1建物1車位0,二層,八層,華廈(10層含以下有電梯),住家用,960427.0,95.5,2,2,1,有,有,18200000,190576.0,,0.0,0,陽台外推；其他增建；,RPQNMLTJOHIGFAA77DA,48.37,4.07,11.04,有,,16.0
南港區,房地(土地+建物)+車位,東新街１０３號五樓,41.37,住,,,1120531,土地4建物1車位1,五層,八層,華廈(10層含以下有電梯),住家用,800531.0,154.82,3,2,2,有,有,31680000,204625.0,升降機械,0.0,0,,RPUOMLQKOHIGFDA38DA,109.74,1.14,12.47,有,,32.0
士林區,房地(土地+建物)+車位,環河北路三段１３５號七樓之１,9.67,住,,,1120529,土地2建物2車位1,七層,十三層,住宅大樓(11層含以上有電梯),住家用,930518.0,91.89,2,2,1,有,有,15200000,165415.0,坡道機械,0.0,0,陽台外推；其他增建；,RPRPMLOKPHIGFEA18DA,45.2,0.0,2.05,有,,19.0
北投區,房地(土地+建物),稻香路１６８號五樓,97.94,住,,,1120516,土地1建物1車位0,五層，見其他登記事項,五層,華廈(10層含以下有電梯),住家用,1060815.0,326.19,4,2,3,有,有,42500000,130292.0,,0.0,0,,RPRNMLTKPHIGFEA58EA,184.69,5.73,28.53,有,,6.0
北投區,房地(土地+建物)+車位,三合街一段６７號二樓,42.76,住,,,1120507,土地1建物1車位1,二層,九層,華廈(10層含以下有電梯),住家用,1031119.0,262.86,2,2,2,有,有,57000000,216845.0,坡道平面,40.49,0,其他增建；,RPQNMLKLPHIGFEA67EA,127.8,7.67,13.52,有,2061.0,8.0
大安區,房地(土地+建物)+車位,光復南路２６０巷３８之３號,44.84,住,,,1120526,土地1建物1車位1,四層,七層,華廈(10層含以下有電梯),住家用,,168.99,4,2,2,有,有,47200000,279306.0,一樓平面,0.0,0,,RPTOMLSKPHIGFFA78DA,168.99,0.0,0.0,有,,
北投區,房地(土地+建物),中央北路四段３４６號二樓,38.2,住,,,1120516,土地3建物1車位0,二層,五層,公寓(5樓含以下無電梯),住家用,720713.0,135.31,3,2,1,有,無,15000000,110857.0,,0.0,0,,RPPPMLKLPHIGFEA67DA,101.32,0.0,8.03,無,,40.0
文山區,房地(土地+建物),育英街３１巷３６弄１１號四樓,30.5,住,,,1120504,土地1建物1車位0,四層，陽台,四層,公寓(5樓含以下無電梯),住家用,610426.0,81.99,2,1,1,有,無,15900000,193926.0,,0.0,0,頂樓加蓋；,RPVOMLLJOHIGFAA57DA,81.99,0.0,0.0,無,,51.0
內湖區,房地(土地+建物),大湖街１６０巷２弄５號,341.0,住,,,1120513,土地1建物1車位0,全,二層,透天厝,住家用,640501.0,158.96,4,2,3,有,有,105000000,660544.0,,0.0,0,其他增建；,RPSPMLKLPHIGFCA77DA,158.96,0.0,0.0,無,,48.0
中山區,房地(土地+建物),龍江路３１８巷３１號四樓,33.1,住,,,1120506,土地2建物1車位0,四層,五層,公寓(5樓含以下無電梯),住家用,661114.0,114.02,3,2,2,有,無,18280000,160323.0,,0.0,0,陽台外推；其他增建；,RPUNMLLLOHIGFCA77DA,100.22,0.0,13.8,無,,45.0
文山區,房地(土地+建物),辛亥路四段１２８之５號十樓,22.11,,,,1120522,土地16建物1車位0,十層,十八層,住宅大樓(11層含以上有電梯),住家用,1060602.0,110.54999999999998,2,1,1,有,有,22070400,199642.0,,0.0,0,,RPQNMLTKPHIGFAA97DA,58.99,0.0,15.08,有,,6.0
士林區,房地(土地+建物),中正路６８５號,19.92,住,,,1120518,土地1建物1車位0,一層,十二層,住宅大樓(11層含以上有電梯),住家用,721011.0,105.96,3,1,2,有,有,15900000,150057.0,,0.0,0,,RPVNMLLLPHIGFEA28EA,72.99,10.48,0.0,有,,40.0
文山區,房地(土地+建物)+車位,富山路２２號三樓之１,78.28,住,,,1120516,土地2建物1車位4,三層,十三層,住宅大樓(11層含以上有電梯),住家用,961228.0,344.77,4,2,2,有,有,48000000,159921.0,坡道機械,72.76,4500000,,RPXNMLOKOHIGFAA08DA,177.37,9.74,11.47,有,,15.0
內湖區,房地(土地+建物)+車位,文湖街２１巷８２弄１９號二樓,30.18,住,,,1120517,土地1建物1車位1,二層,九層,華廈(10層含以下有電梯),住家用,821230.0,143.60000000000002,3,2,2,有,有,26500000,184540.0,坡道平面,0.0,2500000,陽台外推；,RPQOMLQJPHIGFCA87DA,85.9,0.73,10.05,有,,29.0
北投區,房地(土地+建物),承德路七段３４號九樓之５,8.6,住,,,1120525,土地1建物1車位0,九層,十層,華廈(10層含以下有電梯),住家用,670425.0,54.73,1,1,1,有,有,8600000,157135.0,,0.0,0,,RPQOMLKKPHIGFEA57DA,42.08,0.0,4.35,有,,45.0
士林區,房地(土地+建物)+車位,忠誠路二段１５４巷２２號四樓,64.81,住,,,1120531,土地1建物1車位2,四層,十二層,住宅大樓(11層含以上有電梯),住家用,930219.0,375.78,4,2,2,有,有,85000000,226196.0,坡道平面,67.44,0,,RPURMLKLPHIGFEA38DA,179.5,7.41,16.5,有,,19.0
松山區,房地(土地+建物),八德路四段２４５巷５２弄２１號六樓,26.03,住,,,1120528,土地1建物1車位0,六層,七層,華廈(10層含以下有電梯),住家用,750318.0,141.3,4,2,2,有,無,37800000,267516.0,,0.0,0,陽台外推；其他增建；,RPRNMLRLOHIGFDA18DA,117.82,0.0,15.26,有,,37.0
大安區,房地(土地+建物),敦化南路二段１７２巷２５號三樓,34.0,住,,,1120519,土地1建物1車位0,三層,四層,公寓(5樓含以下無電梯),住家用,600301.0,83.96,3,2,2,有,無,24200000,288232.0,,0.0,0,陽台外推；其他增建；,RPSOMLQLNHIGFFA38DA,83.96,0.0,0.0,無,,52.0
大安區,房地(土地+建物),光復南路３０８巷４３號,78.0,住,,,1120525,土地1建物1車位0,全,二層,透天厝,住家用,571005.0,98.9,0,2,3,有,無,69880000,706572.0,,0.0,0,頂樓加蓋；其他增建；,RPWNMLLLOHIGFFA28DA,98.9,0.0,0.0,無,,55.0
文山區,房地(土地+建物),永安街４１號三樓,31.62,住,,,1120512,土地1建物1車位0,三層,四層,公寓(5樓含以下無電梯),住家用,660507.0,89.95,3,2,2,有,無,12700000,141190.0,,0.0,0,,RPVNMLLLPHIGFAA87EA,75.7,0.0,14.25,無,2064.0,46.0
萬華區,房地(土地+建物),和平西路三段３８４號八樓之５,5.42,住,,,1120524,土地2建物1車位0,八層,八層,華廈(10層含以下有電梯),住家用,700706.0,37.98,1,1,1,有,有,5000000,131648.0,,0.0,0,,RPOOMLTKOHIGFBA87DA,26.84,0.0,0.0,有,,42.0
文山區,房地(土地+建物)+車位,秀明路二段１號十樓,55.74,住,,,1120530,土地2建物1車位3,十層,十五層,住宅大樓(11層含以上有電梯),住家用,950718.0,382.89,3,2,2,有,有,60600000,204388.0,坡道平面,123.09,7500000,其他增建；,RPXNMLPJPHIGFAA18DA,157.57,2.61,17.4,有,2065.0,17.0
大安區,房地(土地+建物)+車位,四維路６６巷８號八樓,28.19,住,,,1120506,土地1建物1車位1,八層,十六層,住宅大樓(11層含以上有電梯),住家用,840915.0,173.63,3,2,2,有,有,52000000,299487.0,坡道平面,0.0,0,,RPTNMLKKPHIGFFA87DA,88.84,1.23,11.4,有,,28.0
南港區,房地(土地+建物)+車位,興南街１５０號十樓,33.37,住,,,1120513,土地1建物1車位1,十層,十二層,住宅大樓(11層含以上有電梯),住家用,1010813.0,221.39,3,2,2,有,有,46000000,207778.0,坡道平面,0.0,0,,RPOOMLRKPHIGFDA97DA,103.87,9.54,11.26,有,2069.0,11.0
中山區,房地(土地+建物)+車位,松江路４１２號十二樓,24.23,住,,,1120530,土地2建物1車位2,十二層,十七層,住宅大樓(11層含以上有電梯),住家用,1040713.0,294.5,3,2,2,有,有,82500000,325587.0,坡道平面,59.54,6000000,,RPPNMLMKPHIGFCA37DA,135.91,10.39,17.32,有,2071.0,8.0
士林區,房地(土地+建物),芝玉路一段２１２號三樓,31.3,住,,,1120520,土地1建物1車位0,三層,五層,公寓(5樓含以下無電梯),住家用,721209.0,103.76,3,2,2,有,無,19500000,187934.0,,0.0,0,陽台外推；其他增建；,RPUNMLPJPHIGFEA28DA,89.99,0.0,13.77,無,,39.0
士林區,建物,中山北路七段１９０巷３４之３號,0.0,,,,1120512,土地0建物1車位0,全,一層,透天厝,住家用,520601.0,205.76,5,2,3,有,無,25880000,125778.0,,0.0,0,土地為租賃使用；建物坐落地號僅設定地上權無所有權：天玉段一小段298-1地號；其他增建；,RPRNMLPKPHIGFEA08DA,205.76,0.0,0.0,無,,60.0
北投區,房地(土地+建物)+車位,石牌路二段３１５巷６之５號,43.45,住,,,1120528,土地1建物1車位2,一層,五層,華廈(10層含以下有電梯),住家用,860522.0,181.06,3,2,2,有,有,31260000,172650.0,升降機械,0.0,0,陽台外推；其他增建；,RPTNMLTKOHIGFEA58DA,108.55,0.0,14.07,有,,26.0
大安區,房地(土地+建物),新生南路一段１３７巷１９號五樓,29.71,住,,,1120517,土地1建物1車位0,五層,六層,華廈(10層含以下有電梯),住家用,730814.0,146.83,4,2,2,有,無,44480000,302935.0,,0.0,0,陽台外推；其他增建；,RPVNMLPLPHIGFFA68DA,123.9,0.0,13.93,有,,39.0
中山區,房地(土地+建物)+車位,南京東路三段１９４巷５號二樓,10.6,住,,,1120524,土地1建物1車位1,二層,五層,華廈(10層含以下有電梯),住家用,790724.0,47.43,1,1,1,有,有,11458300,262221.0,升降機械,11.36,2000000,陽台外推；,RPVNMLTLOHIGFCA68DA,34.06,0.0,3.52,有,,33.0
中正區,房地(土地+建物),寧波東街９巷８號五樓之３,8.01,住,,,1120508,土地1建物1車位0,五層,八層,華廈(10層含以下有電梯),住家用,951115.0,38.41,0,1,1,有,有,18000000,468628.0,,0.0,0,陽台外推；夾層；其他增建；,RPTNMLRKPHIGFAA08DA,22.53,0.47,2.64,有,2073.0,16.0
文山區,房地(土地+建物),萬壽路６２之７號五樓,26.01,住,,,1120529,土地1建物1車位0,五層,五層,華廈(10層含以下有電梯),住家用,961023.0,54.01,1,1,1,有,有,7700000,142566.0,,0.0,0,其他增建；,RPTNMLQLOHIGFAA97DA,27.44,5.81,1.76,有,2074.0,16.0
士林區,房地(土地+建物),福林路３７３號,22.53,住,,,1120510,土地1建物1車位0,全,二層,透天厝,住家用,580429.0,19.55,2,2,2,有,無,12958000,662813.0,,0.0,0,,RPXNMLNJPHIGFEA38DA,19.55,0.0,0.0,無,2076.0,54.0
士林區,房地(土地+建物),福林路３７３號,12.88,住,,,1120510,土地1建物1車位0,全,二層,透天厝,住家用,580429.0,11.17,2,2,2,有,無,7391000,661683.0,,0.0,0,,RPOOMLNJPHIGFEA57DA,11.17,0.0,0.0,無,2076.0,54.0
北投區,房地(土地+建物),文林北路１８６號,35.0,住,,,1120530,土地1建物1車位0,一層，騎樓,三層,公寓(5樓含以下無電梯),住家用,610519.0,81.09,0,0,0,無,無,30379587,374640.0,,0.0,0,含租約；具重建或重劃、都更等效益；,RPXOMLRLOHIGFEA98DA,81.09,0.0,0.0,無,,51.0
萬華區,房地(土地+建物),雙園街４６號三樓,28.5,住,,,1120531,土地1建物1車位0,三層，陽台,四層,公寓(5樓含以下無電梯),住家用,610810.0,81.32,3,1,1,有,無,11400000,140187.0,,0.0,0,陽台外推；,RPWOMLTLOHIGFBA78DA,81.32,0.0,0.0,無,,51.0
北投區,房地(土地+建物),文林北路１８６號二樓,35.0,住,,,1120530,土地1建物1車位0,二層,三層,公寓(5樓含以下無電梯),住家用,610519.0,81.09,0,0,0,無,無,30379587,374640.0,,0.0,0,含租約；具重建或重劃、都更等效益；,RPOPMLRLOHIGFEA18DA,81.09,0.0,0.0,無,,51.0
內湖區,房地(土地+建物),陽光街９２巷２１號三樓,29.59,住,,,1120520,土地1建物1車位0,三層,五層,公寓(5樓含以下無電梯),住家用,720725.0,96.43,3,2,2,有,無,16500000,171109.0,,0.0,0,陽台外推；其他增建；,RPPOMLSLPHIGFCA18DA,85.63,0.0,10.8,無,,40.0
中山區,房地(土地+建物),民權東路二段１３５巷２７號二樓,31.8,住,,,1120523,土地1建物1車位0,二層,五層,公寓(5樓含以下無電梯),住家用,730426.0,108.24,3,2,2,有,無,19800000,182927.0,,0.0,0,陽台外推；其他增建；,RPVNMLOJPHIGFCA08DA,97.79,0.0,10.45,無,,39.0
中正區,房地(土地+建物),汀州路一段２２４號二樓,22.38,住,,,1120531,土地3建物1車位0,二層,七層,華廈(10層含以下有電梯),住家用,700630.0,131.65,3,2,2,有,無,20500000,155716.0,,0.0,0,,RPPOMLRJPHIGFAA67DA,93.43,0.0,24.13,有,2084.0,42.0
士林區,房地(土地+建物),中正路６０１號八樓之２,5.78,,,,1120509,土地2建物1車位0,八層,十二層,住宅大樓(11層含以上有電梯),住家用,690111.0,40.599999999999994,1,0,1,有,有,5700000,140394.0,,0.0,0,陽台加窗陽台外推；其他增建；,SPPNMLNKPHIGFEA77DA,30.37,0.0,3.43,有,,43.0
信義區,房地(土地+建物),仁愛路四段４５６號七樓,25.9,住,,,1120513,土地1建物1車位0,七層,十二層,住宅大樓(11層含以上有電梯),住家用,740814.0,173.16,4,2,2,有,有,69500000,401363.0,,0.0,0,陽台外推；其他增建；,RPTNMLKKPHIGFDA67DA,122.94,1.65,18.51,有,,38.0
士林區,房地(土地+建物),中正路６０１號八樓之１,11.58,,,,1120509,土地2建物1車位0,八層,十二層,住宅大樓(11層含以上有電梯),住家用,690111.0,87.07,2,2,1,有,有,12180000,139887.0,,0.0,0,陽台加窗陽台外推；其他增建；,RPPNMLNKPHIGFEA67DA,63.48,0.0,9.4,有,,43.0
士林區,房地(土地+建物)+車位,中山北路七段８１巷２８弄８號九樓,100.78,住,,,1120522,土地1建物1車位6,九層,二十二層,住宅大樓(11層含以上有電梯),住家用,1000623.0,654.44,4,2,4,有,有,176410000,269559.0,坡道平面,156.48,0,含租約；,RPVNMLSKPHIGFEA78DA,278.25,3.76,23.22,有,2085.0,12.0
士林區,房地(土地+建物),德行東路３３１巷３５號三樓,25.48,,,,1120528,土地1建物1車位0,三層,九層,華廈(10層含以下有電梯),住家用,761130.0,144.81,3,2,2,有,無,30800000,212692.0,,0.0,0,其他增建；,RPTNMLLKPHIGFEA87DA,114.95,15.12,3.91,有,,35.0
松山區,房地(土地+建物),南京東路三段２５６巷２８弄１７號三樓,32.5,住,,,1120527,土地1建物1車位0,三層,四層,公寓(5樓含以下無電梯),住家用,,97.03,3,2,1,有,無,24000000,247346.0,,0.0,0,陽台外推；其他增建；,RPUNMLMKPHIGFDA97DA,97.03,0.0,0.0,無,,
文山區,房地(土地+建物)+車位,汀州路四段２６７號十樓,35.52,住,,,1120531,土地1建物1車位1,十層,十四層,住宅大樓(11層含以上有電梯),住家用,991104.0,179.66000000000005,3,2,2,有,有,35000000,194812.0,坡道平面,0.0,0,,RPTNMLLMPHIGFAA67DA,96.05,0.0,10.99,有,,13.0
士林區,房地(土地+建物),通河西街一段９５號,30.5,住,,,1120517,土地1建物1車位0,一層,四層,公寓(5樓含以下無電梯),住家用,580321.0,85.91,0,1,1,有,無,18300000,213014.0,,0.0,0,其他增建；,RPWOMLRKNHIGFEA68DA,85.91,0.0,0.0,無,,54.0
大安區,房地(土地+建物),安和路二段１８９巷１３號二樓,197.26,住,,,1120526,土地9建物7車位0,二層,四層,公寓(5樓含以下無電梯),住家用,580905.0,569.87,18,12,6,有,無,147521000,258868.0,,0.0,0,大安區通化段六小段301-6、301-8、301-9、301-10、301-11、301-12、344地號總價123317538元大安區通化段六小段205、206、207、208、209、210建號總價7600000元大安區通化段六小段204、207建號、301-7、344地號總價16530462元大安區通化段六小段343地號總價73000元,RPPNMLLMPHIGFFA77DA,569.87,0.0,0.0,無,,54.0
南港區,房地(土地+建物),舊莊街一段３巷１２弄１號四樓,29.56,住,,,1120502,土地1建物1車位0,四層,八層,華廈(10層含以下有電梯),住家用,961120.0,120.07,3,2,2,有,無,21980000,183060.0,,0.0,0,其他增建；,RPXOMLKKPHIGFDA18DA,74.12,6.85,4.52,有,,15.0
大安區,房地(土地+建物),市民大道四段５８號三樓,39.67,住,,,1120516,土地1建物1車位0,三層,四層,公寓(5樓含以下無電梯),住家用,600113.0,130.76,3,2,1,有,無,29500000,225604.0,,0.0,0,陽台外推；其他增建；,RPXNMLLKPHIGFFA38DA,90.53,0.0,8.47,無,,52.0
信義區,房地(土地+建物)+車位,松仁路２７５巷７號七樓,38.12,住,,,1120523,土地1建物1車位1,七層,十三層,住宅大樓(11層含以上有電梯),住家用,940614.0,160.45,3,2,2,有,有,38500000,239950.0,坡道平面,0.0,0,,RPRNMLLJQHIGFDA67EA,88.45,0.0,8.82,有,,18.0
南港區,房地(土地+建物)+車位,東新街６２號六樓,33.09,住,,,1120523,土地2建物1車位2,六層,十六層,住宅大樓(11層含以上有電梯),住家用,1110701.0,280.7,4,2,2,有,無,61000000,274327.0,坡道平面,79.48,5800000,,RPTOMLOKPHIGFDA18DA,119.58,0.0,11.11,有,,1.0
南港區,房地(土地+建物)+車位,成福路１９４巷６號六樓之１,11.27,住,,,1120513,土地1建物1車位1,六層,九層,華廈(10層含以下有電梯),住家用,1030314.0,69.78999999999999,2,1,1,有,有,16500000,236424.0,塔式車位,0.0,0,夾層；其他增建；,RPSNMLNKOHIGFDA77DA,28.74,5.84,2.97,有,2093.0,9.0
北投區,房地(土地+建物)+車位,承德路七段３８８號二十二樓之１,35.96,住,,,1120525,土地1建物1車位1,二十二層，二十三層，電梯樓梯間,二十三層,住宅大樓(11層含以上有電梯),住家用,841221.0,267.87,5,2,3,有,有,42800000,159779.0,坡道平面,0.0,0,露台、鐵鋁窗夾層；其他增建；,RPSNMLQJPHIGFEA18DA,174.75,10.33,23.53,有,,27.0
中正區,房地(土地+建物)+車位,水源路４１號三樓,35.87,住,,,1120510,土地1建物1車位1,三層,十三層,住宅大樓(11層含以上有電梯),住家用,911202.0,193.43,4,2,2,有,有,33000000,170604.0,坡道平面,0.0,0,,RPQNMLMJQHIGFAA37EA,99.77,0.0,10.39,有,,20.0
大安區,房地(土地+建物),浦城街６巷４之５號,21.84,住,,,1120507,土地1建物2車位0,四層,四層,公寓(5樓含以下無電梯),住家用,580612.0,65.52,3,2,2,有,無,18000000,274725.0,,0.0,0,陽台外推；其他增建；,RPTNMLRKPHIGFFA58DA,50.71,0.98,8.5,無,,54.0
北投區,房地(土地+建物)+車位,公路２０９巷１４號四樓,39.14,住,,,1120515,土地1建物1車位1,四層,七層,華廈(10層含以下有電梯),住家用,980122.0,155.06,3,2,2,有,有,23880000,154005.0,塔式車位,11.77,0,陽台外推；其他增建；,RPTNMLMJQHIGFEA97DA,84.27,0.9,11.28,有,,14.0
士林區,房地(土地+建物)+車位,中山北路七段１４１巷２３號三樓,30.64,住,,,1120516,土地1建物1車位1,三層,八層,華廈(10層含以下有電梯),住家用,1111006.0,175.31,3,2,2,有,有,45880000,261708.0,塔式車位,10.28,0,,RPPOMLQKOHIGFEA97DA,95.58,0.0,10.87,有,,1.0
南港區,房地(土地+建物)+車位,向陽路２５８巷７３號八樓之１,43.1,住,,,1120507,土地1建物1車位1,八層,八層,華廈(10層含以下有電梯),住家用,960529.0,147.66,3,2,2,有,有,33800000,228904.0,坡道平面,28.84,0,陽台外推；其他增建；,RPOPMLKKPHIGFDA37DA,79.65,3.47,7.75,有,,16.0
中正區,房地(土地+建物),廈門街９９巷２６之１號,27.29,住,,,1120524,土地3建物1車位0,一層,五層,公寓(5樓含以下無電梯),住家用,790411.0,127.22,4,2,2,有,無,28000000,220091.0,,0.0,0,其他增建；,RPUNMLMKOHIGFAA57DA,58.08,58.29,0.0,無,2097.0,33.0
中正區,房地(土地+建物),汀州路三段１６０巷４號六樓,40.0,住,,,1120508,土地1建物1車位0,六層,七層,華廈(10層含以下有電梯),住家用,600910.0,161.83,3,2,2,有,無,29800000,184144.0,,0.0,0,,RPUNMLRJQHIGFAA18DA,161.83,0.0,0.0,有,,52.0
萬華區,房地(土地+建物),東園街６６巷５３弄２２號五樓,24.61,住,,,1120515,土地2建物1車位0,五層,五層,公寓(5樓含以下無電梯),住家用,660406.0,89.36,3,2,2,有,無,10860000,121531.0,,0.0,0,陽台外推；頂樓加蓋；其他增建；,RPSNMLRLOHIGFBA08DA,76.33,0.0,13.03,無,,46.0
內湖區,房地(土地+建物),東湖路１６０巷１０弄２７號四樓,25.66,住,,,1120510,土地1建物1車位0,四層,五層,公寓(5樓含以下無電梯),住家用,691118.0,88.71,2,2,1,有,無,12500000,140909.0,,0.0,0,陽台外推；,RPVOMLMKPHIGFCA08DA,79.65,0.0,9.06,無,,42.0
松山區,房地(土地+建物),興安街１４１號五樓,16.6,住,,,1120521,土地1建物1車位0,五層,七層,華廈(10層含以下有電梯),住家用,720809.0,114.77,3,2,2,有,無,27600000,240481.0,,0.0,0,,RPQOMLOLPHIGFDA97DA,87.95,0.0,13.66,有,,40.0
中正區,房地(土地+建物),廈門街１１３巷２２之１號,20.07,住,,,1120510,土地1建物1車位0,一層，平台,七層,華廈(10層含以下有電梯),住家用,651222.0,106.01,3,2,2,有,無,19550000,184417.0,,0.0,0,其他增建；,RPTNMLTJQHIGFAA28DA,106.01,0.0,0.0,有,2100.0,46.0
士林區,房地(土地+建物)+車位,重慶北路四段２１２號三樓,23.49,住,,,1120521,土地1建物1車位2,三層,十五層,住宅大樓(11層含以上有電梯),住家用,1020711.0,286.07,4,2,3,有,有,43980000,153739.0,坡道平面,69.38,0,梯廳增建其他增建；,RPSNMLKKQHIGFEA87EA,124.71,9.89,11.52,有,2101.0,10.0
文山區,房地(土地+建物)+車位,木柵路四段１４１號六樓之６,41.07,住,,,1120530,土地2建物1車位1,六層,十九層,住宅大樓(11層含以上有電梯),住家用,1000214.0,149.86,3,2,2,有,有,30000000,213360.0,坡道平面,20.97,2500000,,RPSNMLLMPHIGFAA57DA,80.6,5.41,5.79,有,2102.0,12.0
士林區,房地(土地+建物),社子街１２５巷３號二樓,30.25,住,,,1120519,土地1建物1車位0,二層，陽台,四層,公寓(5樓含以下無電梯),住家用,650910.0,80.09,3,2,2,有,無,12450000,155450.0,,0.0,0,陽台外推；,RPPNMLOJOHIGFEA57DA,80.09,0.0,0.0,無,,47.0
內湖區,房地(土地+建物),內湖路一段３８７巷５號三樓之１,29.63,住,,,1120524,土地1建物1車位0,三層,十二層,住宅大樓(11層含以上有電梯),住家用,830309.0,122.39,3,2,2,有,有,32600000,266362.0,,0.0,0,陽台外推；其他增建；,RPSNMLLKQHIGFCA77EA,93.53,3.72,10.87,有,,29.0
中正區,房地(土地+建物),羅斯福路三段２４４巷９弄３號六樓之５,18.07,住,,,1120526,土地1建物1車位0,六層,七層,華廈(10層含以下有電梯),住家用,1120105.0,69.47999999999999,2,2,1,有,有,26000000,374208.0,,0.0,0,,RPWNMLTLOHIGFAA58DA,38.31,0.0,3.84,有,2107.0,
信義區,房地(土地+建物),吳興街２８１巷７２號二樓,15.25,住,,,1120518,土地1建物1車位0,二層，陽台,四層,公寓(5樓含以下無電梯),住家用,640724.0,50.96,2,1,1,有,無,10580000,207614.0,,0.0,0,陽台外推；其他增建；,RPOOMLOLPHIGFDA77DA,50.96,0.0,0.0,無,,48.0
文山區,房地(土地+建物),木柵路四段１５９巷１６弄９號,220.73,住,,,1120518,土地16建物1車位0,全,四層,透天厝,住家用,810710.0,339.48,5,2,3,有,有,38880000,114528.0,,0.0,0,陽台外推；其他增建；,RPVNMLRJPHIGFAA18DA,219.22,70.42,27.18,無,,31.0
內湖區,房地(土地+建物)+車位,文德路２１０巷３０弄１００號十二樓之２,20.11,住,,,1120514,土地1建物1車位1,十二層,十四層,住宅大樓(11層含以上有電梯),住家用,911031.0,135.81,2,2,1,有,有,23000000,169354.0,坡道平面,0.0,0,含土地增值稅或其他稅費；,RPQQMLRJQHIGFCA28DA,88.82,0.0,6.37,有,,21.0
大安區,房地(土地+建物),和平東路三段４１２號四樓,13.54,住,,,1120530,土地2建物1車位0,四層,十四層,住宅大樓(11層含以上有電梯),住家用,951113.0,70.13,1,2,1,有,有,20000000,285185.0,,0.0,0,,RPRNMLMKPHIGFFA87DA,47.46,0.0,2.53,有,2109.0,17.0
大安區,房地(土地+建物),通化街９８巷６之１號二樓,26.1,住,,,1120530,土地1建物1車位0,二層,五層,公寓(5樓含以下無電梯),住家用,740418.0,104.28,3,2,1,有,無,19000000,182202.0,,0.0,0,陽台外推；其他增建；,RPRNMLKKQHIGFFA77DA,86.92,1.71,9.64,無,,38.0
萬華區,房地(土地+建物),西園路二段２８１巷６弄６１號,63.5,住,,,1120527,土地2建物2車位0,二層,二層,公寓(5樓含以下無電梯),住家用,570401.0,76.88,2,2,0,有,無,18000000,234131.0,,0.0,0,,RPPNMLQKQHIGFBA77DA,69.84,3.52,3.52,無,2111.0,55.0
中山區,房地(土地+建物)+車位,北安路６６９號七樓之１,18.19,住,,,1120509,土地2建物1車位1,七層,七層,華廈(10層含以下有電梯),住家用,1061212.0,104.75,1,2,1,有,有,22800000,217661.0,坡道平面,29.86,0,夾層；其他增建；,RPWNMLLJQHIGFCA97DA,39.43,2.19,2.72,有,2112.0,5.0
內湖區,房地(土地+建物)+車位,民權東路六段１９１巷９９號,119.53,住,,,1120521,土地1建物1車位1,全,四層,透天厝,住家用,881217.0,255.85,4,2,2,有,有,56880000,222318.0,一樓平面,0.0,0,陽台外推；其他增建；,RPOQMLPKQHIGFCA97DA,203.54,5.58,31.24,無,2113.0,23.0
松山區,房地(土地+建物),民權東路三段１１５巷１號五樓之１,21.32,住,,,1120522,土地1建物1車位0,五層,十層,華廈(10層含以下有電梯),住家用,740408.0,113.96,3,2,2,有,有,24800000,217620.0,,0.0,0,其他增建；,RPTNMLRLPHIGFDA48DA,79.97,0.0,11.36,有,,38.0
文山區,房地(土地+建物),興德路６６巷３６號,158.5,住,,,1120512,土地1建物1車位0,全,二層,透天厝,住家用,770421.0,150.0,4,2,4,有,有,33660000,224400.0,,0.0,0,陽台外推；其他增建；,RPQNMLMLQHIGFAA57EA,124.46,12.77,12.77,無,,35.0
大安區,房地(土地+建物)+車位,安和路二段３５巷１６號十樓,33.24,住,,,1120519,土地2建物1車位1,十層,十層,華廈(10層含以下有電梯),住家用,960705.0,153.3,1,2,2,有,有,53700000,347213.0,升降機械,5.84,2500000,其他增建:露臺加蓋、建物向外擴大加蓋、陽台之增建物陽台外推；,RPQNMLLJQHIGFFA67DA,78.51,0.0,11.97,有,2115.0,16.0
中正區,房地(土地+建物)+車位,新生南路一段６０巷８號六樓,32.9,住,,,1120527,土地2建物1車位1,六層，七層,七層,華廈(10層含以下有電梯),住家用,980505.0,145.48,3,2,2,有,無,41000000,281826.0,升降機械,21.29,0,,RPPNMLOLQHIGFBA77EA,39.32,0.0,35.2,有,2116.0,14.0
中山區,房地(土地+建物),基湖路１５１巷２１號四樓之３,15.53,住,,,1120527,土地1建物1車位0,四層,五層,華廈(10層含以下有電梯),住家用,930630.0,38.59,1,1,1,有,有,11000000,285048.0,,0.0,0,陽台外推；夾層；其他增建；,RPVOMLOJQHIGFCA28DA,21.15,0.0,2.54,有,2117.0,19.0
大安區,房地(土地+建物),瑞安街２０８巷５３弄１７號四樓,39.25,住,,,1120504,土地1建物1車位0,四層,四層,公寓(5樓含以下無電梯),住家用,660505.0,117.71,3,2,2,有,無,32880000,279331.0,,0.0,0,陽台外推；頂樓加蓋；其他增建；,RPSPMLLKQHIGFFA18DA,104.03,0.0,13.68,無,,46.0
士林區,房地(土地+建物),承德路四段６巷２號五樓,27.8,住,,,1120519,土地1建物1車位0,五層,五層,公寓(5樓含以下無電梯),住家用,730106.0,95.48,4,2,2,有,無,11890000,124529.0,,0.0,0,陽台外推；頂樓加蓋；,RPQNMLNLQHIGFEA97DA,86.37,0.0,9.11,無,,39.0
中正區,房地(土地+建物),重慶南路二段９０號四樓,18.82,住,,,1120503,土地1建物1車位0,四層,十二層,住宅大樓(11層含以上有電梯),住家用,760826.0,146.1,4,2,2,有,有,37300000,255305.0,,0.0,0,陽台外推；,RPXOMLOLPHIGFAA38DA,119.17,0.0,20.14,有,,36.0
士林區,房地(土地+建物)+車位,社中街１５６巷３５號七樓,39.02,住,,,1120508,土地1建物1車位1,七層,七層,華廈(10層含以下有電梯),住家用,1020315.0,168.18,4,2,2,有,無,24500000,148663.0,升降機械,11.45,1200000,陽台外推；,RPUNMLKKQHIGFEA97DA,83.67,7.65,13.67,有,,10.0
中山區,房地(土地+建物)+車位,北安路８２９號十一樓之９,6.02,住,,,1120527,土地2建物1車位2,十一層,十四層,住宅大樓(11層含以上有電梯),住家用,991224.0,86.33,1,1,1,有,有,16500000,282103.0,坡道機械,42.02,4000000,,RPWOMLQKQHIGFCA68DA,23.3,0.79,3.47,有,2118.0,12.0
中正區,房地(土地+建物)+車位,仁愛路一段４７號九樓,28.83,住,,,1120507,土地2建物1車位1,九層,十六層,住宅大樓(11層含以上有電梯),住家用,870724.0,213.78000000000003,4,2,2,有,有,57000000,266629.0,坡道平面,0.0,0,此交易車位為使用權車位。其他增建；,RPPNMLKKPHIGFBA07DA,114.86,5.7,15.96,有,,25.0
中山區,房地(土地+建物),北安路４５８巷４１弄５２之１號四樓,24.88,住,,,1120520,土地1建物1車位0,四層,五層,公寓(5樓含以下無電梯),住家用,681024.0,89.64,3,1,1,有,無,19480000,217314.0,,0.0,0,,RPUOMLLKQHIGFCA97DA,76.35,0.0,13.29,無,2119.0,44.0
大安區,房地(土地+建物),建國南路二段３９巷１５號二樓,56.47,住,,,1120521,土地1建物1車位0,二層,四層,公寓(5樓含以下無電梯),住家用,601214.0,131.15,4,2,2,有,無,42680000,325429.0,,0.0,0,其他增建；,RPUOMLOLQHIGFFA68DA,115.77,0.0,15.38,無,,51.0
北投區,房地(土地+建物),自強街３１巷６１號二樓,18.5,住,,,1120528,土地1建物1車位0,二層,四層,公寓(5樓含以下無電梯),住家用,610608.0,46.6,2,1,1,有,無,9800000,210300.0,,0.0,0,陽台外推；其他增建；,RPRNMLPJRHIGFEA28EA,46.6,0.0,0.0,無,,51.0
信義區,房地(土地+建物),林口街６８之１號,20.0,住,,,1120531,土地1建物1車位0,二層,四層,公寓(5樓含以下無電梯),住家用,601224.0,73.34,3,1,1,有,無,17080000,232888.0,,0.0,0,其他增建；,RPQOMLRKQHIGFDA28DA,73.34,0.0,0.0,無,,51.0
士林區,房地(土地+建物)+車位,承德路四段１９５巷６號三樓,62.03,住,,,1120430,土地1建物1車位2,三層,十二層,住宅大樓(11層含以上有電梯),住家用,970925.0,293.78999999999996,3,2,3,有,有,64000000,263812.0,坡道平面,72.42,5600000,夾層；,RPTNMLRJOHIGFEA28DA,136.28,8.93,12.52,有,,15.0
文山區,房地(土地+建物),指南路三段５７之３號,8.87,住,,,1120427,土地1建物1車位0,一層,八層,華廈(10層含以下有電梯),住家用,1110913.0,37.59,1,1,1,有,有,8500000,226124.0,,0.0,0,,RPWNMLMLNHIGFAA77DA,21.98,0.0,1.77,有,,1.0
內湖區,房地(土地+建物)+車位,行善路８９之１號二樓之２,23.22,住,,,1120413,土地1建物1車位1,二層,九層,華廈(10層含以下有電梯),住家用,970806.0,100.99,2,2,1,有,有,24080000,251042.0,坡道機械,12.24,1800000,陽台外推；其他增建；,RPSOMLPKNHIGFCA87DA,52.05,0.5,5.28,有,,15.0
北投區,房地(土地+建物),吉利街３５９號五樓,16.39,住,,,1120424,土地1建物1車位0,五層,九層,華廈(10層含以下有電梯),住家用,1030605.0,81.82,3,2,2,有,有,21300000,260328.0,,0.0,0,陽台外推；夾層；其他增建；,RPUOMLNLNHIGFEA18DA,41.14,3.62,4.74,有,,9.0
中山區,房地(土地+建物)+車位,龍江路４６巷９號十樓,75.63,住,,,1120427,土地1建物1車位2,十層,十四層,住宅大樓(11層含以上有電梯),住家用,940526.0,482.81,4,1,4,有,有,183300000,438649.0,坡道平面,81.34,7200000,,RPQOMLNJNHIGFCA37DA,262.78,0.0,25.1,有,,18.0
中山區,房地(土地+建物),北安路６２１巷８號三樓,24.0,住,,,1120423,土地1建物1車位0,三層,四層,公寓(5樓含以下無電梯),住家用,650817.0,79.41,2,2,1,有,無,15850000,199597.0,,0.0,0,,RPTNMLPLMHIGFCA87DA,66.88,0.0,12.53,無,,47.0
中正區,房地(土地+建物),連雲街５７之２號,13.45,住,,,1120423,土地1建物1車位0,一層,五層,華廈(10層含以下有電梯),住家用,800403.0,52.32,0,1,1,有,有,11180000,213685.0,,0.0,0,其他增建；,RPOOMLQJOHIGFBA47DA,12.74,29.11,0.0,有,,32.0
松山區,房地(土地+建物),復興北路４２７巷２５號二樓之７,7.68,住,,,1120429,土地1建物1車位0,二層,十一層,住宅大樓(11層含以上有電梯),住家用,971013.0,47.31,1,1,1,有,有,12200000,257874.0,,0.0,0,陽台外推；夾層；其他增建；,RPQOMLLKNHIGFDA37DA,22.16,4.29,2.06,有,2128.0,15.0
文山區,房地(土地+建物),木新路二段１６１巷６弄５號三樓,31.47,住,,,1120425,土地1建物1車位0,三層,五層,公寓(5樓含以下無電梯),住家用,720815.0,121.08,3,2,2,有,無,16800000,138751.0,,0.0,0,陽台外推；其他增建；,RPVNMLNJNHIGFAA57DA,94.85,0.0,17.28,無,,40.0
中山區,房地(土地+建物)+車位,新生北路三段８５號三樓,11.01,住,,,1120424,土地1建物1車位1,三層,九層,華廈(10層含以下有電梯),住家用,1080723.0,93.79,2,1,1,有,有,20600000,220096.0,塔式車位,10.19,2200000,陽台外推；其他增建；,RPRPMLLJOHIGFCA47DA,37.49,10.87,5.54,有,2130.0,4.0
中正區,房地(土地+建物),中華路二段４６７巷１０弄２４號,27.0,住,,,1120424,土地1建物1車位0,一層,五層,華廈(10層含以下有電梯),住家用,990714.0,73.28,2,2,2,有,有,21880000,298581.0,,0.0,0,陽台增建、壹樓空地、機房二工其他增建；,RPQNMLTJOHIGFAA87EA,51.45,0.0,5.44,有,2132.0,13.0
士林區,房地(土地+建物),葫東街１０巷６號三樓,37.75,住,,,1120430,土地1建物1車位0,三層,四層,公寓(5樓含以下無電梯),住家用,570412.0,83.4,3,2,2,有,無,11560000,138609.0,,0.0,0,其他增建；,RPPOMLSJOHIGFEA08DA,83.4,0.0,0.0,無,,55.0
中山區,房地(土地+建物)+車位,敬業三路１６２巷１５８號六樓,47.09,住,,,1120423,土地1建物1車位1,六層,十層,華廈(10層含以下有電梯),住家用,890628.0,155.26999999999998,3,2,2,有,有,27500000,177111.0,坡道平面,0.0,0,陽台加蓋鐵窗；本案車位為定期每年輪調抽籤更換車位。其他增建；,RPXNMLQLNHIGFCA48DA,77.31,0.0,8.22,有,,23.0
萬華區,房地(土地+建物),中華路二段５３０號十一樓,12.4,住,,,1120428,土地1建物1車位0,十一層,十二層,住宅大樓(11層含以上有電梯),住家用,680403.0,46.08,0,0,0,有,有,8500000,184462.0,,0.0,0,陽台外推；,RPPNMLNLNHIGFBA27DA,38.94,0.0,7.14,有,2135.0,44.0
中山區,房地(土地+建物),吉林路１６８巷１６號三樓,21.8,住,,,1120429,土地1建物1車位0,三層,五層,公寓(5樓含以下無電梯),住家用,671009.0,76.47,3,2,2,有,無,18430000,241010.0,,0.0,0,其他增建；,RPROMLQJOHIGFCA87DA,67.46,0.0,9.01,無,2137.0,45.0
北投區,房地(土地+建物)+車位,明德路９號十樓,69.96,住,,,1120422,土地1建物1車位2,十層，十一層,十一層,住宅大樓(11層含以上有電梯),住家用,881224.0,349.93,2,3,2,有,有,60200000,172039.0,坡道平面,0.0,0,陽台外推；,RPSNMLMKOHIGFEA77DA,199.13,0.0,26.48,有,,23.0
內湖區,房地(土地+建物)+車位,民權東路六段２０６巷１４３弄５７號二樓,60.74,住,,,1120430,土地1建物1車位1,二層，三層,五層,華廈(10層含以下有電梯),住家用,1050106.0,132.1,3,2,2,有,有,32800000,263158.0,塔式車位,14.3,1800000,其他增建；,RPSOMLQKNHIGFCA97DA,76.86,0.0,7.25,有,2139.0,7.0
信義區,房地(土地+建物),虎林街２３２巷６２之１號四樓,34.38,住,,,1120429,土地2建物1車位0,四層,四層,公寓(5樓含以下無電梯),住家用,580703.0,74.37,4,0,4,有,無,16500000,221864.0,,0.0,0,四樓鐵窗增建頂樓加蓋；其他增建；,RPSNMLPJOHIGFDA87DA,74.37,0.0,0.0,無,2140.0,54.0
松山區,房地(土地+建物)+車位,光復南路６０號十二樓,43.51,住,,,1120418,土地2建物1車位1,十二層,十三層,住宅大樓(11層含以上有電梯),住家用,1010911.0,321.98,4,2,3,有,有,103550000,321614.0,坡道平面,0.0,3000000,車位編號:地下二層129號,RPPNMLQJOHIGFDA67DA,181.66,6.31,14.36,有,,11.0
中正區,房地(土地+建物)+車位,汀州路三段６６號四樓,30.75,住,,,1120406,土地1建物1車位1,四層,十層,華廈(10層含以下有電梯),住家用,1020403.0,235.56,3,2,2,有,有,61000000,258957.0,坡道平面,50.84,0,其他增建；,RPRNMLSJOHIGFAA87EA,107.97,8.65,12.8,有,2141.0,10.0
大安區,房地(土地+建物)+車位,瑞安街１３５巷２２號三樓,59.14,住,,,1120425,土地1建物1車位3,三層,十四層,住宅大樓(11層含以上有電梯),住家用,960307.0,391.4,4,2,2,有,有,113000000,288707.0,坡道平面,119.01,0,,RPQNMLTJOHIGFFA28DA,219.49,9.83,18.94,有,,16.0
中山區,房地(土地+建物)+車位,明水路３９７巷７弄１７之３號,26.36,住,,,1120414,土地1建物1車位1,一層,十二層,住宅大樓(11層含以上有電梯),住家用,880125.0,139.15,0,0,1,有,有,32380000,232699.0,坡道平面,33.65,0,陽台外推；其他增建；,RPSNMLMKOHIGFCA67EA,80.3,0.0,5.0,有,,24.0
內湖區,房地(土地+建物),江南街７１巷１６弄２３號,45.6,住,,,1120424,土地1建物2車位0,一層,五層,公寓(5樓含以下無電梯),住家用,781117.0,130.5,4,2,2,有,無,29500000,226054.0,,0.0,0,其他增建；,RPWNMLTLNHIGFCA68DA,118.97,4.6,0.0,無,,33.0
大安區,房地(土地+建物),師大路６８巷２７號二樓,5.67,住,,,1120421,土地1建物1車位0,二層,六層,華廈(10層含以下有電梯),住家用,960215.0,30.3,1,0,1,有,有,9700000,320132.0,,0.0,0,其他增建；,RPPOMLLKNHIGFFA47DA,11.92,2.41,0.0,有,2143.0,16.0
大安區,房地(土地+建物)+車位,四維路７６巷１７號五樓,36.69,住,,,1120412,土地1建物1車位1,五層,十四層,住宅大樓(11層含以上有電梯),住家用,860926.0,219.16,4,2,2,有,有,66000000,301150.0,坡道平面,0.0,0,陽台外推；其他增建；,RPOOMLPJOHIGFFA77DA,114.99,3.12,16.7,有,,26.0
文山區,房地(土地+建物)+車位,汀州路四段２０９號十四樓,41.12,住,,,1120411,土地1建物1車位1,十四層,十四層,住宅大樓(11層含以上有電梯),住家用,991105.0,213.1,4,2,2,有,有,41180000,193243.0,坡道平面,0.0,0,其他增建；,RPXNMLSKMHIGFAA28DA,116.82,0.0,11.93,有,,12.0
萬華區,房地(土地+建物),長順街４８巷１１號,72.0,住,,,1120427,土地1建物1車位0,全,二層,透天厝,住家用,,80.96,3,2,2,有,無,16000000,197628.0,,0.0,0,1樓空地增建頂樓加蓋；,RPVNMLMLNHIGFBA77DA,80.96,0.0,0.0,無,,
信義區,房地(土地+建物),忠孝東路五段７０３巷１弄４５號六樓,21.3,住,,,1120422,土地1建物1車位0,六層,七層,華廈(10層含以下有電梯),住家用,721228.0,103.45,3,2,2,有,有,27000000,260996.0,,0.0,0,,RPTOMLMKOHIGFDA87DA,75.84,0.0,14.07,有,,39.0
文山區,房地(土地+建物),景華街１４９號四樓,24.69,住,,,1120410,土地3建物1車位0,四層，陽台,四層,公寓(5樓含以下無電梯),住家用,640922.0,65.59,2,1,1,有,無,11600000,176856.0,,0.0,0,,RPSNMLSLMHIGFAA87DA,65.59,0.0,0.0,無,2147.0,48.0
大安區,房地(土地+建物),安和路二段６３號十樓,20.6,住,,,1120418,土地2建物1車位0,十層,十二層,住宅大樓(11層含以上有電梯),住家用,691016.0,192.13,6,0,1,有,有,66470000,345964.0,,0.0,0,土地價格：59823000元整，建物價格：6647000元整。陽台外推；,RPUNMLRJOHIGFFA48DA,140.77,0.0,19.23,有,,43.0
文山區,房地(土地+建物),辛亥路五段７１之１號二樓,11.42,住,,,1120430,土地1建物1車位0,二層,十一層,住宅大樓(11層含以上有電梯),住家用,1040318.0,58.7,1,1,1,有,有,12980000,221124.0,,0.0,0,陽台外推；夾層；其他增建；,RPVNMLTLNHIGFAA38DA,32.5,1.34,4.24,有,2149.0,8.0
內湖區,房地(土地+建物),江南街８９巷７號五樓,41.43,住,,,1120416,土地1建物1車位0,五層，夾層,五層,公寓(5樓含以下無電梯),住家用,770204.0,148.04000000000002,4,2,2,有,無,24000000,162118.0,,0.0,0,其他增建；,RPUNMLQLNHIGFCA18DA,113.17,15.5,6.1,無,,35.0
北投區,房地(土地+建物),東華街二段１７４巷３６弄７號五樓,30.92,住,,,1120429,土地1建物1車位0,五層,五層,公寓(5樓含以下無電梯),住家用,730921.0,95.66,3,2,2,有,無,17000000,177713.0,,0.0,0,陽台外推；頂樓加蓋；,RPVNMLMKOHIGFEA08DA,88.32,0.0,7.34,無,2151.0,39.0
士林區,房地(土地+建物),社子街２２巷５２之１號,30.94,住,,,1120405,土地2建物1車位0,一層,七層,華廈(10層含以下有電梯),住家用,970311.0,125.86,4,2,2,有,有,24800000,197044.0,,0.0,0,機房增建其他增建；,RPPNMLMKOHIGFEA57EA,75.4,9.4,9.44,有,2152.0,15.0
中山區,房地(土地+建物)+車位,明水路５７５號四樓,43.79,住,,,1120425,土地1建物1車位2,四層,十六層,住宅大樓(11層含以上有電梯),住家用,840223.0,307.13,4,2,2,有,有,69000000,304501.0,坡道平面,96.95,5000000,陽台外推；,RPTOMLMJOHIGFCA67DA,257.58,6.66,18.76,有,,28.0
南港區,房地(土地+建物),成福路２００號四樓,25.8,住,,,1120430,土地1建物1車位0,四層,五層,公寓(5樓含以下無電梯),住家用,720729.0,95.09,3,2,1,有,無,14800000,155642.0,,0.0,0,,RPOOMLMLNHIGFDA37DA,78.15,0.0,8.56,無,,40.0
信義區,房地(土地+建物),基隆路一段１８６號十二樓之５,11.67,住,,,1120414,土地2建物1車位0,十二層,十二層,住宅大樓(11層含以上有電梯),住家用,670404.0,99.49,3,2,1,有,有,26700000,268369.0,,0.0,0,其他增建；,RPOOMLPJNHIGFDA47DA,81.22,0.0,7.24,有,,45.0
大安區,房地(土地+建物),新生南路三段６號四樓,21.18,住,,,1120415,土地1建物1車位0,四層,十二層,住宅大樓(11層含以上有電梯),住家用,730712.0,154.69,5,2,2,有,無,45180000,292068.0,,0.0,0,其他增建；,RPXNMLMKOHIGFFA38DA,118.69,0.48,14.33,有,,39.0
內湖區,房地(土地+建物),康樂街１３６巷２９弄５７號四樓,27.59,住,,,1120414,土地1建物1車位0,四層,五層,公寓(5樓含以下無電梯),住家用,750616.0,106.49,3,2,2,有,無,14500000,136163.0,,0.0,0,其他增建；,RPRNMLLJOHIGFCA27DA,86.75,0.0,9.66,無,,37.0
士林區,房地(土地+建物),中山北路七段１４巷６３弄２２號,27.4,住,,,1120423,土地1建物1車位0,一層,五層,公寓(5樓含以下無電梯),住家用,731107.0,104.01,3,2,2,有,有,17500000,168253.0,,0.0,0,其他增建；,RPUNMLMKNHIGFEA87DA,82.45,8.49,0.0,無,,38.0
內湖區,房地(土地+建物),安泰街９４號三樓,30.02,住,,,1120429,土地2建物1車位0,三層,五層,公寓(5樓含以下無電梯),住家用,690808.0,95.47,3,2,1,有,無,10900000,114172.0,,0.0,0,,RPTNMLRJOHIGFCA08DA,86.08,0.0,9.39,無,,43.0
文山區,房地(土地+建物),指南路三段５７號二樓之６,8.75,住,,,1120414,土地1建物1車位0,二層,八層,華廈(10層含以下有電梯),住家用,1110913.0,36.94,1,1,1,有,有,7020000,190038.0,,0.0,0,,RPPNMLMKOHIGFAA07DA,20.63,1.46,1.04,有,,1.0
大安區,房地(土地+建物),臥龍街２０７之３號五樓,18.9,住,,,1120414,土地1建物1車位0,五層,五層,公寓(5樓含以下無電梯),住家用,670106.0,57.03,2,1,1,有,無,10900000,191127.0,,0.0,0,,RPUNMLQLMHIGFFA38DA,49.61,0.0,7.42,無,2157.0,45.0
內湖區,房地(土地+建物)+車位,成功路四段１６７巷１６號十七樓之５,32.61,住,,,1120430,土地1建物1車位2,十七層，十八層,十八層,住宅大樓(11層含以上有電梯),住家用,840128.0,284.31,4,2,2,有,有,49500000,174112.0,坡道平面,0.0,0,陽台外推；其他增建；,RPXNMLTKNHIGFCA68DA,230.82,27.6,5.52,有,,28.0
北投區,房地(土地+建物),泉源路４１巷４３號,28.76,住,,,1120415,土地2建物1車位0,一層,五層,公寓(5樓含以下無電梯),住家用,740322.0,96.13,3,2,2,有,無,11300000,117549.0,,0.0,0,增建項目：平台、防火巷其他增建；,RPPNMLSJNHIGFEA87DA,78.53,12.91,0.0,無,,38.0
中正區,房地(土地+建物)+車位,銅山街１０號十二樓,75.61,住,,,1120418,土地1建物2車位2,十二層,十四層,住宅大樓(11層含以上有電梯),住家用,960117.0,406.3,5,2,2,有,有,153980000,378981.0,坡道平面,83.5,0,陽台外推；其他增建；,RPQOMLLJOHIGFBA17DA,197.94,0.0,25.15,有,,16.0
大安區,房地(土地+建物),泰順街２６巷４之１號二樓,33.32,住,,,1120428,土地2建物1車位0,二層,五層,公寓(5樓含以下無電梯),住家用,730616.0,128.31,4,2,2,有,無,28500000,222118.0,,0.0,0,,RPSNMLTJOHIGFFA48DA,101.51,0.0,13.29,無,,39.0
中山區,房地(土地+建物),新生北路二段２８巷１號十五樓,8.67,,,,1120426,土地1建物1車位0,十五層,十五層,住宅大樓(11層含以上有電梯),住家用,780517.0,78.62,1,1,1,有,有,18880000,240142.0,,0.0,0,,RPUPMLLMNHIGFCA97DA,53.97,0.23,7.06,有,,34.0
大同區,房地(土地+建物),延平北路四段１５３巷３２號四樓,25.75,住,,,1120425,土地1建物1車位0,四層，陽台,四層,公寓(5樓含以下無電梯),住家用,600811.0,80.47,4,2,2,有,無,10900000,135454.0,,0.0,0,頂樓加蓋；,RPPOMLSJNHIGFBA67DA,80.47,0.0,0.0,無,,52.0
信義區,房地(土地+建物),虎林街２３２巷７６號三樓,29.26,住,,,1120423,土地1建物1車位0,三層,四層,公寓(5樓含以下無電梯),住家用,700109.0,77.44,3,2,1,有,無,14200000,183368.0,,0.0,0,陽台外推；其他增建；,RPOOMLNKOHIGFDA47DA,67.24,0.0,10.2,無,,42.0
北投區,房地(土地+建物),尊賢街２５１巷１２號四樓,40.5,住,,,1120423,土地1建物1車位0,四層,四層,公寓(5樓含以下無電梯),住家用,660415.0,115.12,4,2,2,有,無,17100000,148541.0,,0.0,0,頂樓加蓋；其他增建；,RPQPMLMLNHIGFEA77DA,109.22,0.0,5.9,無,,46.0
南港區,房地(土地+建物)+車位,重陽路１２５巷３６弄３６號,10.49,住,,,1120401,土地1建物1車位1,一層,八層,華廈(10層含以下有電梯),住家用,970122.0,53.17,2,2,1,有,有,15600000,293399.0,坡道機械,0.0,1800000,夾層；其他增建；,RPQOMLLLMHIGFDA37DA,25.28,0.0,3.99,有,2161.0,15.0
松山區,房地(土地+建物),復興北路３１３巷３２號六樓,35.06,住,,,1120420,土地1建物1車位0,六層,七層,華廈(10層含以下有電梯),住家用,680910.0,182.87,4,2,2,有,無,45000000,246076.0,,0.0,0,陽台外推；其他增建；,RPVNMLMKOHIGFDA97DA,157.14,0.0,22.45,有,,44.0
內湖區,房地(土地+建物)+車位,行善路２８１巷３０號七樓之２,46.33,住,,,1120428,土地1建物2車位2,七層,九層,華廈(10層含以下有電梯),住家用,980826.0,254.32,4,2,2,有,有,51680000,206695.0,坡道平面,28.48,5000000,,RPSNMLOKOHIGFCA77DA,110.87,10.9,11.52,有,,14.0
內湖區,房地(土地+建物),民權東路六段９０巷１５弄１３號二樓,33.75,住,,,1120430,土地1建物1車位0,二層,五層,公寓(5樓含以下無電梯),住家用,730127.0,102.54,2,2,2,有,無,16600000,161888.0,,0.0,0,陽台外推；,RPRNMLPKOHIGFCA87EA,77.57,0.0,17.79,無,,39.0
文山區,房地(土地+建物)+車位,木柵路一段６６之８號三樓,34.99,住,,,1120408,土地1建物1車位1,三層,七層,華廈(10層含以下有電梯),住家用,880204.0,131.05,3,2,2,有,無,22580000,183504.0,升降機械,17.81,1800000,其他增建；,RPSNMLOKOHIGFAA57DA,78.74,0.0,9.52,有,,24.0
大安區,房地(土地+建物),金華街１９９巷１弄３之１號,40.5,住,,,1120422,土地2建物1車位0,二層,四層,公寓(5樓含以下無電梯),住家用,540305.0,102.37,3,2,1,有,無,25000000,244212.0,,0.0,0,陽台外推；其他增建；,RPPOMLQLNHIGFFA08DA,89.18,0.0,13.19,無,,58.0
內湖區,房地(土地+建物),星雲街１６８巷３５號四樓之１,5.72,住,,,1120422,土地1建物1車位0,四層,二十一層,住宅大樓(11層含以上有電梯),住家用,860124.0,31.57,1,2,1,有,有,7550000,239151.0,,0.0,0,,RPOOMLPKOHIGFCA57DA,18.69,1.33,2.22,有,2166.0,26.0
中正區,房地(土地+建物),和平西路一段５５巷１９號二樓,26.8,住,,,1120404,土地1建物1車位0,二層,五層,公寓(5樓含以下無電梯),住家用,740225.0,98.99,3,2,2,有,無,23760000,240024.0,,0.0,0,其他增建；,RPQQMLLLRHHGFAA77EA,85.12,0.0,9.04,無,2167.0,38.0
內湖區,房地(土地+建物),康寧路三段１８９巷１４１弄１０號四樓,36.9,住,,,1120422,土地2建物1車位0,四層,六層,華廈(10層含以下有電梯),住家用,840612.0,138.67,3,2,2,有,有,25000000,180284.0,,0.0,0,其他增建；,RPXQMLPLNHIGFCA68DA,89.5,0.0,11.3,有,,28.0
內湖區,房地(土地+建物),星雲街３０號四樓,27.49,住,,,1120420,土地3建物1車位0,四層,五層,公寓(5樓含以下無電梯),住家用,730406.0,100.41,3,2,2,有,無,14500000,144408.0,,0.0,0,,RPTNMLTJOHIGFCA38EA,89.5,0.0,10.91,無,,39.0
南港區,房地(土地+建物)+車位,松河街７７０號七樓之１,33.05,住,,,1120424,土地1建物1車位1,七層,七層,華廈(10層含以下有電梯),住家用,981207.0,139.39999999999998,3,2,2,有,有,29080000,208608.0,坡道平面,18.19,0,陽台外推；其他增建；,RPOOMLMKNHIGFDA27DA,61.35,6.65,7.35,有,2173.0,13.0
中山區,房地(土地+建物),新生北路二段３１之１號八樓之２,7.11,住,,,1120413,土地11建物1車位0,八層,十二層,住宅大樓(11層含以上有電梯),住家用,661105.0,71.76,3,2,1,有,有,17000000,236901.0,,0.0,0,,RPQNMLRLMHIGFCA77DA,63.24,0.0,0.0,有,2175.0,45.0
南港區,房地(土地+建物)+車位,中坡南路４９巷７號十一樓,39.19,住,,,1120416,土地1建物1車位1,十一層，電梯樓梯間,十三層,住宅大樓(11層含以上有電梯),住家用,841115.0,178.71,3,2,2,有,有,42280000,287117.0,坡道平面,40.15,2500000,陽台外推；,RPVNMLMJOHIGFDA87DA,146.83,1.74,12.48,有,2176.0,27.0
內湖區,房地(土地+建物)+車位,星雲街１３５號三樓之１,26.59,住,,,1120414,土地1建物1車位1,三層,十四層,住宅大樓(11層含以上有電梯),住家用,931222.0,199.86,2,2,2,有,有,51000000,279153.0,坡道平面,26.12,2500000,,RPWNMLRKOHIGFCA58EA,105.87,5.54,10.63,有,,18.0
士林區,房地(土地+建物),士東路１２０巷２２弄１１號二樓,18.84,住,,,1120404,土地1建物1車位0,二層,五層,公寓(5樓含以下無電梯),住家用,731212.0,123.74,3,2,2,有,無,23200000,187490.0,,0.0,0,陽台外推；其他增建；,RPQNMLQLNHIGFEA97DA,98.89,0.0,14.71,無,2178.0,38.0
大安區,房地(土地+建物),仁愛路四段２６６巷１５弄４號六樓,24.31,住,,,1120415,土地1建物1車位0,六層,七層,華廈(10層含以下有電梯),住家用,690917.0,130.41,3,2,2,有,有,38180000,292769.0,,0.0,0,陽台外推；其他增建；,RPTNMLTJOHIGFFA58DA,105.29,0.0,21.51,有,2179.0,43.0
文山區,房地(土地+建物),仙岩路２２巷４號三樓之４,22.39,住,,,1120405,土地1建物1車位0,三層,六層,華廈(10層含以下有電梯),住家用,840724.0,78.18,2,2,1,有,有,15700000,200819.0,,0.0,0,陽台外推；夾層；其他增建；,RPSNMLPLNHIGFAA67DA,52.08,1.28,7.88,有,2181.0,28.0
士林區,房地(土地+建物),中山北路五段８１１巷３１弄４號三樓,32.75,住,,,1120401,土地1建物1車位0,三層,四層,公寓(5樓含以下無電梯),住家用,661231.0,97.92,3,2,2,有,無,20500000,209355.0,,0.0,0,陽台外推；其他增建；,RPUNMLTLNHIGFEA68DA,81.72,0.0,16.2,無,,45.0
松山區,房地(土地+建物)+車位,光復南路５８巷２之１號六樓,29.38,住,,,1120429,土地2建物1車位2,六層,十二層,住宅大樓(11層含以上有電梯),住家用,1010911.0,271.37,4,2,2,有,有,68950000,320112.0,坡道平面,74.72,6000000,,RPUNMLRJOHIGFDA28DA,114.55,0.0,11.94,有,,11.0
文山區,房地(土地+建物)+車位,下崙路２８巷５號四樓,34.58,住,,,1120421,土地1建物1車位1,四層,八層,華廈(10層含以下有電梯),住家用,840821.0,117.12,1,2,2,有,無,20300000,173327.0,升降機械,0.0,1600000,陽台外推；,RPRNMLNLNHIGFAA37DA,80.02,4.52,9.12,有,,28.0
中山區,房地(土地+建物),松江路５１２號六樓,14.07,住,,,1120426,土地1建物1車位0,六層,十二層,住宅大樓(11層含以上有電梯),住家用,731214.0,122.18,3,2,2,有,有,25100000,205435.0,,0.0,0,陽台外推；,RPTOMLRKOHIGFCA28DA,90.74,0.0,14.06,有,,38.0
大安區,房地(土地+建物)+車位,新生南路三段３６號九樓之２,12.58,住,,,1120426,土地1建物1車位1,九層,二十二層,住宅大樓(11層含以上有電梯),住家用,770106.0,199.18,4,2,2,有,有,53880000,270523.0,坡道平面,0.0,0,,RPPNMLPKOHIGFFA87DA,157.63,0.0,13.73,有,,35.0
內湖區,房地(土地+建物),康寧路三段９９巷１０弄１１號二樓,26.46,住,,,1120423,土地1建物1車位0,二層,五層,公寓(5樓含以下無電梯),住家用,741017.0,98.79,3,2,2,有,無,16880000,170867.0,,0.0,0,其他增建；,RPROMLRKNHIGFCA97DA,81.02,0.0,9.14,無,,38.0
中山區,房地(土地+建物),大直街４９號三樓,22.65,住,,,1120409,土地1建物1車位0,三層,五層,公寓(5樓含以下無電梯),住家用,701224.0,80.69,2,1,1,有,無,16500000,204486.0,,0.0,0,,RPTNMLTKOHIGFCA38DA,70.55,0.0,10.14,無,,41.0
信義區,房地(土地+建物),松山路４８２巷１８號十二樓,12.89,住,,,1120426,土地2建物1車位0,十二層,十四層,住宅大樓(11層含以上有電梯),住家用,740723.0,112.64,3,2,2,有,有,29000000,257457.0,,0.0,0,陽台外推；其他增建；,RPUNMLMKOHIGFDA87DA,84.15,0.0,9.9,有,2184.0,38.0
信義區,房地(土地+建物),信義路六段９９號四樓,32.5,住,,,1120410,土地1建物1車位0,四層,四層,公寓(5樓含以下無電梯),住家用,600823.0,88.21,4,3,2,有,無,21500000,243737.0,,0.0,0,頂樓加蓋；,RPROMLTKOHIGFDA38DA,88.21,0.0,0.0,無,,52.0
中山區,房地(土地+建物),吉林路１６１巷１１之１號二樓,24.5,住,,,1120419,土地1建物1車位0,二層,四層,公寓(5樓含以下無電梯),住家用,580812.0,79.85,3,2,1,有,無,16800000,210394.0,,0.0,0,其他增建；,RPOPMLLLMHIGFCA17DA,79.85,0.0,0.0,無,2187.0,54.0
內湖區,房地(土地+建物)+車位,民權東路六段１８０巷７２弄８號,57.44,住,,,1120407,土地1建物1車位3,一層,十層,華廈(10層含以下有電梯),住家用,970904.0,361.4,3,2,2,有,有,56180000,231778.0,坡道平面,144.9,6000000,,RPPNMLKLOHIGFCA27EA,127.72,7.63,15.32,有,,15.0
內湖區,房地(土地+建物),星雲街１６１巷２號四樓之２,16.35,住,,,1120420,土地1建物1車位0,四層,十四層,住宅大樓(11層含以上有電梯),住家用,940712.0,77.66,2,2,1,有,有,20700000,266546.0,,0.0,0,,RPQOMLMJOHIGFCA37DA,48.1,0.0,7.21,有,,18.0
信義區,房地(土地+建物),虎林街１００巷１９３號,43.0,住,,,1120427,土地1建物1車位0,全,三層,透天厝,住家用,510201.0,129.6,6,3,5,有,無,38000000,293210.0,,0.0,0,頂樓加蓋；,RPOOMLTKOHIGFDA08DA,129.6,0.0,0.0,無,2189.0,61.0
士林區,房地(土地+建物)+車位,中山北路六段２３６巷９號八樓之２,21.98,住,,,1120426,土地1建物1車位1,八層,十四層,住宅大樓(11層含以上有電梯),住家用,1110331.0,152.87,3,2,1,有,有,41180000,340558.0,坡道平面,40.76,3000000,,RPQNMLRJOHIGFEA97DA,63.66,2.62,4.49,有,,1.0
信義區,房地(土地+建物),虎林街２３２巷５３號,14.88,住,,,1120427,土地2建物1車位0,一層,四層,公寓(5樓含以下無電梯),住家用,640826.0,46.56,2,1,1,有,無,20490000,440077.0,,0.0,0,夾層；其他增建；,RPRNMLNKOHIGFDA67DA,42.94,3.62,0.0,無,,48.0
大安區,房地(土地+建物)+車位,忠孝東路四段１８１巷３５弄１７號四樓,32.05,住,,,1120413,土地2建物1車位1,四層,五層,公寓(5樓含以下無電梯),住家用,760806.0,140.63,3,2,2,有,無,32000000,227547.0,坡道平面,0.0,0,,RPPNMLQKOHIGFFA97DA,119.04,0.89,9.73,無,,36.0
文山區,房地(土地+建物)+車位,興隆路二段２０３巷１６１號六樓,41.84,住,,,1120416,土地4建物1車位1,六層,十三層,住宅大樓(11層含以上有電梯),住家用,1030808.0,159.38,3,2,2,有,有,28100000,182550.0,塔式車位,15.31,1800000,陽台外推；其他增建；,RPTNMLKMMHIGFAA27DA,85.57,0.0,9.09,有,2191.0,9.0
南港區,房地(土地+建物)+車位,重陽路５７巷７１號六樓,46.06,住,,,1120409,土地1建物1車位1,六層,八層,華廈(10層含以下有電梯),住家用,960503.0,183.62,2,2,2,有,有,39950000,217569.0,坡道平面,41.91,0,陽台外推；其他增建；,RPSNMLTJOHIGFDA28DA,88.48,2.82,12.88,有,,16.0
南港區,房地(土地+建物)+車位,經貿二路２３５巷５８號二樓之１,43.07,住,,,1120410,土地1建物1車位1,二層,十二層,住宅大樓(11層含以上有電梯),住家用,970627.0,202.31,4,2,2,有,有,45500000,260590.0,坡道平面,37.3,2500000,其他增建；,RPXNMLPJOHIGFDA38DA,103.04,7.63,7.95,有,2193.0,15.0
文山區,房地(土地+建物),指南路三段５７之５號,8.75,住,,,1120412,土地1建物1車位0,一層,八層,華廈(10層含以下有電梯),住家用,1110913.0,37.33,1,1,1,有,有,9000000,241093.0,,0.0,0,,RPWNMLRKNHIGFAA18DA,20.85,0.0,2.73,有,,1.0
松山區,房地(土地+建物),民權東路三段１９１巷７６號二樓,36.19,住,,,1120410,土地2建物1車位0,二層，陽台,四層,公寓(5樓含以下無電梯),住家用,620415.0,120.77,3,2,2,有,無,19200000,158980.0,,0.0,0,,RPVNMLQLNHIGFDA38DA,120.77,0.0,0.0,無,,50.0
松山區,房地(土地+建物)+車位,三民路４３巷１９號二樓,45.89,住,,,1120414,土地1建物1車位1,二層,十二層,住宅大樓(11層含以上有電梯),住家用,931020.0,238.28,4,2,2,有,有,45000000,188853.0,坡道平面,0.0,0,,RPQNMLLLOHIGFDA47DA,114.78,2.71,11.39,有,,18.0
大同區,房地(土地+建物),延平北路三段１００號五樓,17.38,住,,,1120421,土地1建物1車位0,五層,七層,華廈(10層含以下有電梯),住家用,700112.0,90.88,3,2,2,有,無,16000000,176056.0,,0.0,0,陽台外推；,RPROMLTKNHIGFBA08DA,70.05,0.0,10.52,有,2194.0,42.0
士林區,房地(土地+建物)+車位,雨農路７８號四樓,49.42,住,,,1120428,土地1建物1車位1,四層,十二層,住宅大樓(11層含以上有電梯),住家用,940505.0,217.54,4,2,2,有,有,40800000,187552.0,坡道平面,0.0,0,,RPSNMLRLOHIGFEA38DA,114.66,0.0,11.27,有,2195.0,18.0
中山區,房地(土地+建物),龍江路３３１巷１３號二樓,54.36,住,,,1120410,土地2建物2車位0,二層,五層,公寓(5樓含以下無電梯),住家用,680107.0,169.91,3,2,2,有,無,25368889,149308.0,,0.0,0,,RPTNMLPKNHIGFCA87DA,147.57,0.0,22.34,無,1325.0,44.0
大安區,房地(土地+建物)+車位,通化街１８８號九樓,37.42,住,,,1120415,土地1建物1車位1,九層,十層,華廈(10層含以下有電梯),住家用,941104.0,218.44,2,2,2,有,有,59680000,300405.0,坡道平面,33.09,4000000,陽台外推；其他增建；,RPQNMLSJOHIGFFA18DA,106.89,4.83,13.15,有,,17.0
士林區,房地(土地+建物)+車位,中山北路七段１９０巷１２弄１３號,43.75,住,,,1120430,土地1建物1車位1,一層,七層,華廈(10層含以下有電梯),住家用,761001.0,214.95,5,2,2,有,無,33960000,157983.0,坡道平面,33.75,0,其他增建；,RPSNMLQLNHIGFEA18DA,189.6,15.39,0.0,有,,36.0
士林區,房地(土地+建物),德行東路２０９巷３號二樓,48.55,住,,,1120430,土地1建物1車位0,二層,五層,公寓(5樓含以下無電梯),住家用,680910.0,142.35,4,2,2,有,無,24060000,169020.0,,0.0,0,鐵鋁窗增建陽台外推；其他增建；,RPUNMLRLOHIGFEA68EA,123.77,0.0,18.58,無,,44.0
內湖區,房地(土地+建物),文德路２２０巷３５號八樓之３,8.5,住,,,1120407,土地1建物1車位0,八層,九層,華廈(10層含以下有電梯),住家用,960330.0,47.54,1,1,1,有,有,12880000,270930.0,,0.0,0,,RPPOMLQLOHIGFCA87DA,26.31,3.52,2.47,有,2201.0,16.0
北投區,房地(土地+建物)+車位,民族街４３巷１９號五樓,49.5,住,,,1120408,土地1建物1車位2,五層，見其他登記事項,五層,華廈(10層含以下有電梯),住家用,1050615.0,196.49,4,2,3,有,無,26300000,133849.0,升降機械,28.02,0,,RPTNMLRKNHIGFEA28DA,86.68,5.63,14.52,有,,7.0
中山區,房地(土地+建物),龍江路４４３巷１之１號五樓,21.7,住,,,1120411,土地1建物1車位0,五層,五層,公寓(5樓含以下無電梯),住家用,750103.0,78.28999999999999,3,2,1,有,無,15800000,201814.0,,0.0,0,陽台外推；頂樓加蓋；其他增建；,RPRPMLTJOHIGFCA28DA,67.83,0.0,6.94,無,2203.0,37.0
信義區,房地(土地+建物),松山路４６５巷４０號三樓,31.25,住,,,1120411,土地1建物1車位0,三層，陽台,四層,公寓(5樓含以下無電梯),住家用,610103.0,88.65,3,2,1,有,無,19600000,221094.0,,0.0,0,陽台外推；其他增建；,RPRPMLQKOHIGFDA18DA,88.65,0.0,0.0,無,,51.0
信義區,房地(土地+建物),虎林街１００巷９１號,22.0,住,,,1120430,土地1建物1車位0,全,三層,透天厝,住家用,510201.0,63.9,3,3,3,有,無,18900000,295775.0,,0.0,0,頂樓加蓋；,RPUNMLKLOHIGFDA77DA,63.9,0.0,0.0,無,2206.0,61.0
士林區,房地(土地+建物),承德路四段３６０號十二樓,15.3,住,,,1120415,土地1建物1車位0,十二層,十二層,住宅大樓(11層含以上有電梯),住家用,770420.0,108.78,2,2,2,有,有,22400000,205920.0,,0.0,0,陽台外推；頂樓加蓋；,RPPNMLLKNHIGFEA27DA,81.89,0.53,10.88,有,,35.0
北投區,房地(土地+建物),中和街４９３巷１６弄６號四樓,22.61,住,,,1120420,土地1建物1車位0,四層,五層,公寓(5樓含以下無電梯),住家用,750930.0,77.59,3,2,1,有,無,7750000,99884.0,,0.0,0,陽台加窗其他增建；,RPUOMLRLOHIGFEA68DA,70.52,0.0,7.07,無,,37.0
士林區,房地(土地+建物),至誠路二段４５之１號五樓,33.03,住,,,1120430,土地1建物1車位0,五層,五層,公寓(5樓含以下無電梯),住家用,710719.0,107.69,3,2,2,有,無,17300000,160646.0,,0.0,0,頂樓加蓋；其他增建；,RPQNMLMKOHIGFEA57DA,87.18,0.0,9.31,無,,41.0
北投區,房地(土地+建物),知行路１巷１５號,84.0,住,,,1120411,土地2建物1車位0,全,一層,透天厝,住家用,5601.0,83.52,4,2,3,有,無,15000000,179598.0,,0.0,0,頂樓加蓋；,RPPNMLSLOHIGFEA28EA,83.52,0.0,0.0,無,,56.0
士林區,房地(土地+建物)+車位,通河西街二段１２６號三樓,37.53,住,,,1120423,土地1建物1車位1,三層,十四層,住宅大樓(11層含以上有電梯),住家用,1000525.0,219.37,3,2,2,有,有,30800000,154484.0,坡道平面,36.18,2500000,其他增建；,RPQNMLMJOHIGFEA47DA,98.9,13.38,7.13,有,2212.0,12.0
中山區,房地(土地+建物),吉林路２４號四樓之２,19.35,住,,,1120426,土地1建物1車位0,四層,十二層,住宅大樓(11層含以上有電梯),住家用,661227.0,168.69,3,1,0,有,有,36800000,218152.0,,0.0,0,,RPPNMLNJPHIGFCA47EA,135.02,0.0,0.0,有,2213.0,45.0
中山區,房地(土地+建物)+車位,建國北路二段２２０號十樓,24.19,住,,,1120425,土地2建物1車位2,十層,十五層,住宅大樓(11層含以上有電梯),住家用,990924.0,301.65999999999997,3,2,2,有,有,58000000,247317.0,坡道平面,87.36,5000000,,RPUOMLLJOHIGFCA67DA,117.04,10.37,16.48,有,,13.0
中正區,房地(土地+建物),同安街１０１巷１１號,47.5,住,,,1120425,土地3建物1車位0,一層，平台,四層,公寓(5樓含以下無電梯),住家用,650810.0,140.59,3,2,2,有,無,33500000,238282.0,,0.0,0,其他增建；,RPOOMLQKOHIGFAA47DA,140.59,0.0,0.0,無,,47.0
內湖區,房地(土地+建物),港墘路２４號四樓,30.0,住,,,1120426,土地1建物1車位0,四層,五層,公寓(5樓含以下無電梯),住家用,720518.0,102.03,3,2,2,有,無,19150000,187690.0,,0.0,0,,RPXNMLKLOHIGFCA97DA,95.38,0.0,6.65,無,2217.0,40.0
士林區,房地(土地+建物)+車位,中山北路七段１１４巷４１弄１１號,35.64,住,,,1120411,土地1建物1車位1,一層,六層,華廈(10層含以下有電梯),住家用,770112.0,165.77,4,2,2,有,有,26800000,161670.0,坡道機械,0.0,0,,RPSNMLOJPHIGFEA08EA,133.75,10.02,0.0,有,,35.0
萬華區,房地(土地+建物),環河南路三段４３號,26.75,住,,,1120419,土地1建物1車位0,一層，騎樓,四層,公寓(5樓含以下無電梯),住家用,590730.0,85.47,0,1,1,有,無,17800000,208260.0,,0.0,0,其他增建；,RPTNMLMKNHIGFBA47DA,85.47,0.0,0.0,無,,53.0
北投區,房地(土地+建物)+車位,吉利街１４９巷９號,32.03,住,,,1120426,土地1建物1車位3,一層，見其他登記事項,九層,華廈(10層含以下有電梯),住家用,1060120.0,171.87,1,1,1,有,有,31500000,183278.0,塔式車位,33.27,0,土地總價24885000元整，建物總價6615000元整陽台外推；其他增建；,RPXPMLQJOHIGFEA78DA,74.34,2.84,3.63,有,2221.0,6.0
文山區,房地(土地+建物),指南路三段５７之１號,8.21,住,,,1120414,土地1建物1車位0,一層,八層,華廈(10層含以下有電梯),住家用,1110913.0,34.66,1,1,1,有,有,7800000,225043.0,,0.0,0,,RPUNMLMJOHIGFAA47DA,20.13,0.0,1.77,有,,1.0
文山區,房地(土地+建物),指南路三段５７號三樓之６,8.75,住,,,1120414,土地1建物1車位0,三層,八層,華廈(10層含以下有電梯),住家用,1110913.0,36.94,1,1,1,有,有,7050000,190850.0,,0.0,0,其他增建；,RPVNMLMJOHIGFAA57DA,20.63,1.46,1.04,有,,1.0
文山區,房地(土地+建物)+車位,忠順街二段８５巷１７號五樓,29.03,住,,,1120423,土地1建物1車位2,五層,十五層,住宅大樓(11層含以上有電梯),住家用,1020103.0,244.99,3,2,2,有,有,54000000,235064.0,坡道平面,40.78,6000000,車位層次於建物測量成果圖為地下四層，系因本社區所在地勢因素所致，現況為地下三層,RPRNMLLJNHIGFAA96DA,127.8,8.65,5.67,有,2222.0,10.0
萬華區,房地(土地+建物),國興路３２號四樓,16.78,住,,,1120419,土地1建物1車位0,四層,十二層,住宅大樓(11層含以上有電梯),住家用,680403.0,59.84,3,1,1,有,有,11750000,196357.0,,0.0,0,陽台外推；其他增建；,RPQNMLPLNHIGFBA57DA,52.57,0.0,7.27,有,,44.0
士林區,房地(土地+建物)+車位,中山北路七段８２巷１２號十一樓,131.95,住,,,1120421,土地1建物1車位3,十一層，十二層,十四層,住宅大樓(11層含以上有電梯),住家用,940812.0,585.44,6,3,5,有,有,145200000,281106.0,坡道平面,98.79,8400000,陽台外推；,RPRPMLPJPHIGFEA18DA,296.7,0.0,35.8,有,,18.0
內湖區,房地(土地+建物)+車位,內湖路三段３６號六樓,15.14,住,,,1120424,土地2建物1車位1,六層,十五層,住宅大樓(11層含以上有電梯),住家用,1080418.0,117.37,2,1,1,有,有,24250000,206612.0,坡道平面,38.92,0,,RPSNMLNKOHIGFCA67DA,45.97,2.89,5.19,有,2223.0,4.0
松山區,房地(土地+建物),南京東路三段３３５巷１３之１號五樓,5.84,住,,,1120418,土地1建物1車位0,五層,七層,華廈(10層含以下有電梯),住家用,750321.0,36.06,1,1,1,有,有,10400000,288408.0,,0.0,0,陽台外推；,RPVOMLNKOHIGFDA18DA,18.59,0.0,5.17,有,,37.0
大安區,房地(土地+建物),光復南路１８０巷８號三樓,33.42,住,,,1120406,土地1建物1車位0,三層，陽台,十二層,住宅大樓(11層含以上有電梯),住家用,630506.0,178.63,4,2,3,有,有,58280000,326261.0,,0.0,0,陽台外推；,RPSOMLQJPHIGFFA38DA,166.93,0.0,0.0,有,2225.0,49.0
南港區,房地(土地+建物)+車位,東新街６２號五樓,33.09,住,,,1120428,土地2建物1車位2,五層,十六層,住宅大樓(11層含以上有電梯),住家用,1110701.0,280.7,4,2,2,有,無,60200000,272339.0,坡道平面,79.48,5400000,,RPWNMLQKOHIGFDA48DA,119.58,0.0,11.11,有,,1.0
士林區,房地(土地+建物),中山北路六段１９５巷１８弄２之１號三樓,38.72,住,,,1120429,土地1建物1車位0,三層,四層,公寓(5樓含以下無電梯),住家用,640222.0,99.32,3,2,2,有,無,19380000,195127.0,,0.0,0,,RPQPMLPJPHIGFEA08DA,88.52,0.0,10.8,無,,48.0
士林區,房地(土地+建物),中山北路六段２３６巷７號十樓,15.7,住,,,1120403,土地1建物1車位0,十層,十四層,住宅大樓(11層含以上有電梯),住家用,1110331.0,80.31,1,2,1,有,有,30020000,373802.0,,0.0,0,,RPWOMLQLOHIGFEA78DA,47.13,0.43,3.13,有,,1.0
士林區,房地(土地+建物)+車位,中山北路六段２３６巷７號十一樓,15.86,住,,,1120401,土地1建物1車位1,十一層,十四層,住宅大樓(11層含以上有電梯),住家用,1110331.0,121.41,1,2,1,有,有,31300000,350899.0,坡道平面,40.76,3000000,,RPXOMLQLOHIGFEA88DA,47.13,0.64,3.13,有,,1.0
士林區,房地(土地+建物)+車位,中山北路六段２３６巷７號十三樓,15.86,住,,,1120409,土地1建物1車位1,十三層,十四層,住宅大樓(11層含以上有電梯),住家用,1110331.0,121.08,1,2,1,有,有,31720000,357570.0,坡道平面,40.76,3000000,,RPOPMLQLOHIGFEA08DA,47.13,0.44,3.13,有,,1.0
文山區,房地(土地+建物),木柵路二段１０９巷１００弄２４號五樓,63.49,住,,,1120424,土地2建物1車位0,五層,十七層,住宅大樓(11層含以上有電梯),住家用,850925.0,106.8,3,2,2,有,有,16630000,155712.0,,0.0,0,陽台外推；其他增建；,RPTNMLTLOHIGFAA28DA,75.9,0.0,8.85,有,2228.0,27.0
南港區,房地(土地+建物)+車位,重陽路１２５巷３６弄３３號七樓,53.34,住,,,1120410,土地1建物1車位3,七層,九層,華廈(10層含以下有電梯),住家用,980921.0,334.35,4,2,2,有,有,57780000,172813.0,坡道平面,97.56,0,,RPRNMLPKOHIGFDA87DA,128.09,18.49,13.08,有,,14.0
大同區,房地(土地+建物),雙連街７７號七樓之３,8.26,住,,,1120410,土地1建物1車位0,七層,十五層,住宅大樓(11層含以上有電梯),住家用,1060726.0,90.17,2,1,1,有,有,27500000,304979.0,,0.0,0,含租約；,RPRNMLOLMHIGFBA47DA,49.51,2.77,4.86,有,,6.0
大安區,房地(土地+建物),大安路一段２０２號五樓之１１,3.49,住,,,1120425,土地1建物1車位0,五層,十二層,住宅大樓(11層含以上有電梯),住家用,971028.0,34.56,1,1,1,有,有,17200000,497685.0,,0.0,0,夾層；其他增建；,RPUNMLKMOHIGFFA08DA,19.1,1.39,1.75,有,2229.0,14.0
文山區,房地(土地+建物)+車位,指南路一段５７號五樓,42.11,住,,,1120408,土地1建物1車位2,五層,十一層,住宅大樓(11層含以上有電梯),住家用,950510.0,229.81,5,2,2,有,有,33500000,161868.0,坡道平面,48.18,4100000,陽台外推；其他增建；,RPXNMLNJPHIGFAA97DA,116.37,4.18,11.15,有,2230.0,17.0
士林區,房地(土地+建物),中山北路七段１１４巷６０弄６號四樓之３,25.7,住,,,1120423,土地1建物1車位0,四層,七層,華廈(10層含以下有電梯),住家用,720425.0,128.82,3,2,2,有,有,22680000,176060.0,,0.0,0,陽台外推；其他增建；,RPRNMLTKOHIGFEA38DA,88.74,0.45,14.82,有,2231.0,40.0
南港區,房地(土地+建物),研究院路二段１８２巷８０號二樓,25.65,住,,,1120430,土地1建物1車位0,二層,五層,公寓(5樓含以下無電梯),住家用,730802.0,89.72,3,2,1,有,有,11980000,133527.0,,0.0,0,,RPXQMLLLOHIGFDA48DA,75.38,0.0,7.16,無,,39.0
信義區,房地(土地+建物),信安街８號五樓,33.16,住,,,1120423,土地1建物1車位0,五層,七層,華廈(10層含以下有電梯),住家用,761217.0,148.06,4,2,2,有,有,32000000,216129.0,,0.0,0,陽台外推；其他增建；,RPPNMLLJNHIGFDA07DA,126.42,0.0,14.78,有,,35.0
士林區,房地(土地+建物),重慶北路四段４９巷２０弄４之２號,63.0,住,,,1120428,土地1建物1車位0,全,二層,透天厝,住家用,550120.0,107.48,0,2,2,有,無,13200000,122814.0,,0.0,0,夾層；其他增建；,RPXNMLPKNHIGFEA48DA,107.48,0.0,0.0,無,,57.0
文山區,房地(土地+建物)+車位,辛亥路四段２０９巷３６號十九樓,12.91,住,,,1120426,土地1建物1車位1,十九層,二十六層,住宅大樓(11層含以上有電梯),住家用,1090430.0,122.14,2,2,1,有,有,25850000,211625.0,坡道平面,33.07,0,,RPQNMLOKPHIGFAA47DA,51.56,3.74,5.91,有,,3.0
信義區,房地(土地+建物)+車位,松山路７２３號七樓,31.58,住,,,1120425,土地1建物1車位1,七層,七層,華廈(10層含以下有電梯),住家用,800114.0,142.38,3,2,2,有,有,23100000,162242.0,坡道機械,19.66,0,陽台外推；其他增建；,RPVNMLMKPHIGFDA08DA,113.24,0.74,13.69,有,,32.0
中正區,房地(土地+建物)+車位,思源街１４之３號八樓,39.32,住,,,1120424,土地1建物1車位1,八層,十一層,住宅大樓(11層含以上有電梯),住家用,891018.0,189.84,4,2,2,有,有,42200000,222292.0,坡道平面,0.0,0,陽台外推；其他增建；,RPSNMLTJNHIGFAA87DA,98.12,0.0,10.88,有,,23.0
文山區,房地(土地+建物)+車位,景華街１２８巷２弄６號四樓,26.72,住,,,1120415,土地1建物2車位1,四層,七層,華廈(10層含以下有電梯),住家用,910821.0,172.95999999999998,4,2,2,有,有,27680000,205669.0,坡道平面,50.53,2500000,陽台外推；其他增建；,RPPOMLNLNHIGFAA27DA,73.05,0.5,10.72,有,,21.0
大安區,房地(土地+建物)+車位,臥龍街３１８號十三樓,19.26,住,,,1120423,土地2建物1車位1,十三層,十三層,住宅大樓(11層含以上有電梯),住家用,990513.0,138.77,2,2,1,有,有,28860000,284502.0,坡道平面,46.82,2700000,其他增建；,RPQNMLLJPHIGFFA57DA,51.56,4.62,8.08,有,2234.0,13.0
內湖區,房地(土地+建物),康寧路一段１６９號三樓,35.43,住,,,1120430,土地1建物1車位0,三層,十二層,住宅大樓(11層含以上有電梯),住家用,880602.0,138.11,3,2,2,有,有,25700000,186084.0,,0.0,0,其他增建；,RPVOMLPKNHIGFCA18DA,85.7,2.53,11.13,有,,24.0
文山區,房地(土地+建物),興隆路三段１８５巷１３弄１０號,28.34,住,,,1120413,土地7建物1車位0,一層,五層,公寓(5樓含以下無電梯),住家用,720823.0,91.48,2,2,1,有,有,13980000,152820.0,,0.0,0,其他增建；,RPWNMLOJPHIGFAA97DA,69.41,13.58,0.0,無,,40.0
大安區,房地(土地+建物),大安路一段１６巷６號六樓,16.23,住,,,1120427,土地1建物1車位0,六層,七層,華廈(10層含以下有電梯),住家用,730208.0,83.69,2,2,2,有,有,25000000,298721.0,,0.0,0,陽台外推；其他增建；,RPRNMLLKPHIGFFA77DA,61.27,0.0,7.8,有,2237.0,39.0
中正區,房地(土地+建物),丹陽街２２號二樓,40.54,住,,,1120410,土地1建物1車位0,二層,八層,華廈(10層含以下有電梯),住家用,861120.0,148.29,3,2,2,有,有,43000000,289972.0,,0.0,0,陽台外推；其他增建；,RPTNMLKLOHIGFBA47DA,85.5,3.4,11.07,有,2238.0,25.0
信義區,房地(土地+建物),林口街２４巷２號二樓,18.1,住,,,1120422,土地1建物1車位0,二層,五層,公寓(5樓含以下無電梯),住家用,660106.0,74.11,3,2,1,有,無,18800000,253677.0,,0.0,0,陽台外推；其他增建；,RPSNMLTKPHIGFDA48DA,70.0,0.0,4.11,無,2239.0,46.0
文山區,房地(土地+建物)+車位,景華街２２巷６之１號六樓,32.79,住,,,1120430,土地1建物1車位1,六層,七層,華廈(10層含以下有電梯),住家用,800613.0,184.0,4,2,2,有,有,28800000,156522.0,坡道平面,0.0,2500000,車位面積無法概算,RPVNMLRLOHIGFAA28DA,142.61,0.0,11.27,有,,32.0
中山區,房地(土地+建物),龍江路２９６號六樓,21.24,住,,,1120421,土地1建物1車位0,六層,七層,華廈(10層含以下有電梯),住家用,980120.0,93.07,2,2,1,有,無,23360000,250994.0,,0.0,0,,RPXPMLRJPHIGFCA78DA,50.27,5.23,4.29,有,,14.0
內湖區,房地(土地+建物),康寧路三段１８９巷５１號五樓,30.72,住,,,1120426,土地1建物1車位0,五層,五層,公寓(5樓含以下無電梯),住家用,750130.0,91.46,3,2,1,有,無,13000000,142139.0,,0.0,0,陽台外推；其他增建；,RPQPMLKKPHIGFCA47DA,74.39,0.0,7.75,無,,37.0
士林區,房地(土地+建物),中山北路六段４２７巷１２號五樓,27.4,住,,,1120421,土地2建物1車位0,五層,五層,公寓(5樓含以下無電梯),住家用,670630.0,80.76,3,2,1,有,無,14600000,180783.0,,0.0,0,陽台外推；其他增建；,RPXNMLTKPHIGFEA09DA,73.47,0.0,7.29,無,,45.0
松山區,房地(土地+建物),三民路９號三樓之６,22.35,住,,,1120430,土地3建物1車位0,三層，陽台,八層,華廈(10層含以下有電梯),住家用,640106.0,702.85,4,2,2,有,有,29880000,42513.0,,0.0,0,其他增建；,RPUNMLNJPHIGFDA97DA,112.24,590.61,0.0,有,,48.0
大安區,房地(土地+建物),安和路二段６３號十樓之１,20.4,住,,,1120422,土地2建物1車位0,十層,十二層,住宅大樓(11層含以上有電梯),住家用,691016.0,189.42,5,0,1,有,有,65530000,345951.0,,0.0,0,土地價格：61764956元整、建物價格：3765044元整陽台外推；其他增建；,RPVOMLTLOHIGFFA09DA,140.71,0.0,16.58,有,,43.0
信義區,房地(土地+建物),松山路４８２巷６號十三樓,17.73,住,,,1120419,土地2建物1車位0,十三層，夾層,十四層,住宅大樓(11層含以上有電梯),住家用,740723.0,152.6,3,2,3,有,有,36000000,235911.0,,0.0,0,陽台外推；,RPUOMLSLPHIGFDA78DA,116.49,0.0,10.55,有,,38.0
北投區,房地(土地+建物)+車位,三合街一段１１８巷２０號三樓,75.47,住,,,1120428,土地1建物1車位2,三層,七層,華廈(10層含以下有電梯),住家用,1050411.0,339.37,3,2,3,有,有,68000000,242803.0,坡道平面,79.9,5000000,其他增建；,RPPOMLPKOHIGFEA87DA,164.54,0.0,9.59,有,2243.0,7.0
信義區,房地(土地+建物),松信路１５號,25.53,住,,,1120413,土地1建物1車位0,一層，平台，騎樓,四層,公寓(5樓含以下無電梯),住家用,640908.0,73.84,0,1,1,有,無,28000000,379198.0,,0.0,0,其他增建；,RPQNMLTKNHIGFDA08DA,73.84,0.0,0.0,無,,48.0
中山區,房地(土地+建物),松江路１６４巷７號二樓,37.0,住,,,1120426,土地1建物1車位0,二層,四層,公寓(5樓含以下無電梯),住家用,630424.0,85.49,3,2,2,有,無,15000000,175459.0,,0.0,0,,RPSNMLRLMHIGFCA97DA,85.49,0.0,0.0,無,,49.0
大安區,房地(土地+建物),永康街４１巷３６號四樓,53.7,住,,,1120430,土地1建物1車位0,四層,六層,華廈(10層含以下有電梯),住家用,900412.0,184.14,4,2,2,有,無,63360000,344086.0,,0.0,0,其他增建；,RPSNMLKMOHIGFFA87DA,107.22,0.0,12.13,有,,22.0
中正區,房地(土地+建物),和平西路一段１５０號二樓之２,25.54,住,,,1120421,土地2建物2車位0,二層,十二層,住宅大樓(11層含以上有電梯),住家用,701117.0,270.69,0,0,0,無,有,48300000,178433.0,,0.0,0,陽台外推；其他增建；,RPRNMLLMPHIGFAA57EA,216.75,0.0,26.79,有,,41.0
大安區,房地(土地+建物),和平東路二段１７５巷４４弄５號三樓,58.75,住,,,1120429,土地1建物1車位0,三層,四層,公寓(5樓含以下無電梯),住家用,,166.44,6,2,6,有,無,37500000,225306.0,,0.0,0,陽台外推；,RPTNMLLJQHIGFFA97DA,150.79,0.0,15.65,無,,
中山區,房地(土地+建物),松江路６３巷９號四樓之２,31.38,住,,,1120411,土地1建物2車位0,四層,五層,華廈(10層含以下有電梯),住家用,850213.0,83.48,2,2,2,有,無,21680000,259703.0,,0.0,0,陽台外推；其他增建；,RPTPMLPJPHIGFCA18DA,34.45,22.18,9.24,有,2245.0,27.0
士林區,房地(土地+建物),福林路２５１巷８號七樓之１,11.28,住,,,1120404,土地2建物1車位0,七層,八層,華廈(10層含以下有電梯),住家用,1040520.0,48.44,1,2,1,有,有,15300000,315855.0,,0.0,0,,RPTNMLRKPHIGFEA48DA,27.3,2.2,2.02,有,2248.0,8.0
文山區,房地(土地+建物)+車位,新光路一段３２巷１６號六樓,42.92,住,,,1120402,土地1建物1車位2,六層，夾層,六層,華廈(10層含以下有電梯),住家用,870305.0,194.86,4,2,3,有,有,23060000,162745.0,升降平面,71.6,3000000,陽台外推；其他增建；,RPRNMLOLPHIGFAA67DA,67.84,14.65,8.91,有,,25.0
文山區,房地(土地+建物)+車位,萬壽路７５之３號二樓,69.4,住,,,1120423,土地1建物1車位1,二層,五層,華廈(10層含以下有電梯),住家用,970527.0,149.78,3,2,2,有,有,22000000,151908.0,坡道機械,14.83,1500000,陽台外推；其他增建；,RPSNMLNJPHIGFAA47DA,81.53,2.59,10.28,有,2249.0,15.0
內湖區,房地(土地+建物)+車位,康寧路三段７０巷１０號十三樓之２,19.69,住,,,1120424,土地1建物1車位1,十三層,十三層,住宅大樓(11層含以上有電梯),住家用,940811.0,126.68,2,2,1,有,有,25880000,204294.0,坡道平面,38.83,0,陽台外推；其他增建；,RPROMLLLPHIGFCA67DA,46.86,1.96,8.54,有,2250.0,18.0
南港區,房地(土地+建物),東明街１巷１９號三樓,35.5,住,,,1120430,土地1建物1車位0,三層，陽台,四層,公寓(5樓含以下無電梯),住家用,650322.0,97.29,4,2,2,有,無,18000000,185014.0,,0.0,0,,RPPNMLOLPHIGFDA77DA,97.29,0.0,0.0,無,,47.0
文山區,房地(土地+建物),木柵路二段１０９巷２６弄１４號四樓,40.62,住,,,1120423,土地2建物1車位0,四層,五層,公寓(5樓含以下無電梯),住家用,760924.0,111.27,3,2,2,有,有,14000000,125820.0,,0.0,0,,RPVNMLQLMHIGFAA97DA,90.7,0.0,9.65,無,,36.0
內湖區,房地(土地+建物),星雲街１６巷３１號三樓,23.24,住,,,1120423,土地1建物1車位0,三層,五層,公寓(5樓含以下無電梯),住家用,730402.0,89.72,2,2,1,有,有,17600000,196166.0,,0.0,0,陽台外推；,RPXNMLPKQHIGFCA68EA,81.28,0.0,8.44,無,2251.0,39.0
文山區,房地(土地+建物),萬壽路６１巷１２號,133.0,住,,,1120429,土地1建物1車位0,全,二層,透天厝,住家用,630920.0,132.56,3,2,2,有,有,20380000,153742.0,,0.0,0,其他增建；,RPUOMLOKPHIGFAA97DA,132.56,0.0,0.0,無,2252.0,49.0
信義區,房地(土地+建物),忠孝東路五段７０３巷１弄４５號五樓,21.3,住,,,1120422,土地1建物1車位0,五層,七層,華廈(10層含以下有電梯),住家用,721228.0,103.45,3,2,2,有,有,26800000,259062.0,,0.0,0,陽台外推；,RPXNMLPKQHIGFDA78EA,75.84,0.0,14.07,有,,39.0
士林區,房地(土地+建物),承德路四段４０巷２號二樓之１１,12.82,住,,,1120425,土地1建物1車位0,一層,五層,公寓(5樓含以下無電梯),住家用,591008.0,35.97,1,1,1,有,無,6330000,175980.0,,0.0,0,陽台外推；其他增建；,RPPNMLPLQHIGFEA18EA,32.77,1.85,1.35,無,,53.0
松山區,房地(土地+建物),南京東路五段２９１巷５６弄２號二樓,37.75,住,,,1120414,土地1建物1車位0,二層,四層,公寓(5樓含以下無電梯),住家用,570113.0,122.72,4,2,1,有,無,19500000,158898.0,,0.0,0,,RPTNMLNLQHIGFDA18DA,122.72,0.0,0.0,無,,55.0
士林區,房地(土地+建物)+車位,天母北路６２號四樓之１,26.25,住,,,1120404,土地1建物1車位1,四層,十三層,住宅大樓(11層含以上有電梯),住家用,860808.0,152.05,3,2,2,有,有,25450000,167379.0,坡道平面,0.0,2800000,,RPTNMLNLQHIGFEA28DA,73.76,0.53,11.93,有,,26.0
士林區,房地(土地+建物)+車位,天母北路４２之１號三樓,26.88,住,,,1120427,土地1建物1車位1,三層,十二層,住宅大樓(11層含以上有電梯),住家用,800304.0,319.0,6,2,4,有,有,66500000,202379.0,升降機械,1.28,2200000,,RPXOMLLJQHIGFEA38DA,259.13,1.26,43.12,有,,32.0
內湖區,房地(土地+建物),文湖街２１巷１００弄５號三樓,40.94,住,,,1120424,土地1建物1車位0,三層,四層,公寓(5樓含以下無電梯),住家用,691013.0,108.03,3,2,2,有,無,16380000,151625.0,,0.0,0,陽台外推；其他增建；,RPUNMLNLQHIGFCA18DA,93.33,0.0,14.7,無,,43.0
內湖區,房地(土地+建物),東湖路１１３巷４９弄１１６號四樓,30.47,住,,,1120319,土地1建物1車位0,四層,五層,公寓(5樓含以下無電梯),住家用,750124.0,107.97,4,2,2,有,無,15280000,141521.0,,0.0,0,,RPTOMLQJOHIGFCA08DA,89.15,0.0,10.28,無,2259.0,37.0
大安區,房地(土地+建物),辛亥路一段９３號二樓之１,12.17,住,,,1120303,土地3建物1車位0,二層,二十七層,住宅大樓(11層含以上有電梯),住家用,791219.0,199.72,4,2,2,有,有,45800000,229321.0,,0.0,0,,RPQOMLLKNHIGFFA57DA,136.23,4.95,14.7,有,,32.0
南港區,房地(土地+建物)+車位,街４６號十二樓之２,16.34,住,,,1120326,土地1建物1車位1,十二層,十二層,住宅大樓(11層含以上有電梯),住家用,1000414.0,131.25,2,2,1,有,有,30800000,290614.0,坡道平面,33.87,2500000,,RPPOMLMLNHIGFDA47DA,59.19,3.6,4.88,有,2261.0,12.0
士林區,房地(土地+建物),後街２１巷２８號二樓,34.98,住,,,1120331,土地1建物1車位0,二層,四層,公寓(5樓含以下無電梯),住家用,680418.0,102.05,3,2,1,有,無,17100000,167565.0,,0.0,0,陽台外推；其他增建；,RPTOMLPJNHIGFEA08DA,85.67,0.0,16.38,無,,44.0
南港區,房地(土地+建物)+車位,東新街６０號三樓,28.57,住,,,1120303,土地2建物1車位2,三層,十六層,住宅大樓(11層含以上有電梯),住家用,1110701.0,253.17,3,2,2,有,無,52600000,271749.0,坡道平面,79.48,5400000,,RPTNMLMJOHIGFDA67DA,104.73,0.0,8.07,有,,1.0
內湖區,房地(土地+建物),江南街１０６號四樓,19.22,住,,,1120312,土地1建物1車位0,四層,六層,華廈(10層含以下有電梯),住家用,851008.0,69.05,2,2,1,有,無,16200000,234613.0,,0.0,0,,RPROMLPJOHIGFCA77DA,50.72,3.51,3.94,有,2264.0,26.0
中山區,房地(土地+建物)+車位,敬業三路１６２巷１１７號八樓,47.09,住,,,1120314,土地1建物1車位1,八層,十層,華廈(10層含以下有電梯),住家用,890628.0,155.26,4,1,2,有,有,30100000,193868.0,坡道平面,0.0,0,陽台外推；,RPUNMLRJOHIGFCA18DA,77.42,0.0,8.1,有,,23.0
萬華區,房地(土地+建物),萬大路６７號六樓,22.97,住,,,1120325,土地1建物1車位0,六層,七層,華廈(10層含以下有電梯),住家用,750324.0,122.73,3,2,2,有,無,22500000,183329.0,,0.0,0,陽台外推；其他增建；,RPXNMLLMLHIGFBA77DA,100.82,2.85,9.94,有,,37.0
中正區,房地(土地+建物)+車位,水源路４７號九樓之１,42.74,住,,,1120330,土地1建物1車位1,九層,十三層,住宅大樓(11層含以上有電梯),住家用,911202.0,213.31,4,2,2,有,有,39000000,212121.0,坡道平面,41.71,2600000,,RPTNMLMKOHIGFAA47DA,119.06,0.0,10.99,有,,20.0
士林區,房地(土地+建物),通河街１７３之１號三樓,19.8,住,,,1120331,土地1建物1車位0,三層,七層,華廈(10層含以下有電梯),住家用,730119.0,93.51,3,2,2,有,無,18000000,192493.0,,0.0,0,陽台外推；其他增建；,RPXOMLMKOHIGFEA38DA,67.75,0.0,6.99,有,,39.0
內湖區,房地(土地+建物),文德路２０８巷１４號九樓,21.05,住,,,1120305,土地1建物1車位0,九層,九層,華廈(10層含以下有電梯),住家用,840523.0,78.8,2,2,1,有,有,20500000,260152.0,,0.0,0,陽台外推；,RPPOMLPJNHIGFCA47DA,60.83,2.65,6.91,有,2268.0,28.0
內湖區,房地(土地+建物)+車位,金湖路３９號二樓,36.2,住,,,1120309,土地1建物1車位1,二層,十四層,住宅大樓(11層含以上有電梯),住家用,920930.0,201.22,4,2,2,有,有,45200000,255278.0,坡道平面,35.91,3000000,陽台外推；其他增建；,RPPNMLOKOHIGFCA47DA,104.66,0.0,12.95,有,,19.0
信義區,房地(土地+建物),吳興街５２２號七樓,26.47,住,,,1120321,土地1建物1車位0,七層,七層,華廈(10層含以下有電梯),住家用,780523.0,147.14,3,2,2,有,無,23000000,156324.0,,0.0,0,,RPTOMLNKMHIGFDA77DA,118.94,0.0,21.35,有,2270.0,34.0
士林區,房地(土地+建物)+車位,中山北路七段２１８之１號,115.66,住,,,1120324,土地1建物1車位2,全,四層,透天厝,住家用,860910.0,274.41,4,2,4,有,有,48000000,174921.0,坡道平面,0.0,0,陽台外推；頂樓加蓋；夾層；,RPUNMLNKOHIGFEA18EA,140.81,23.33,17.57,無,,26.0
松山區,房地(土地+建物),復興北路４８９號十一樓之３,6.68,住,,,1120329,土地1建物1車位0,十一層,十一層,住宅大樓(11層含以上有電梯),住家用,960216.0,41.42,1,1,1,有,有,10880000,262675.0,,0.0,0,,RPWNMLSJNHIGFDA48DA,24.94,0.0,2.24,有,2273.0,16.0
信義區,房地(土地+建物),永吉路２７８巷２８弄７號三樓,28.75,住,,,1120311,土地1建物1車位0,三層，陽台,四層,公寓(5樓含以下無電梯),住家用,621121.0,75.03,3,2,1,有,無,16300000,217246.0,,0.0,0,陽台外推；,RPTNMLQKNHIGFDA08DA,75.03,0.0,0.0,無,2274.0,49.0
內湖區,建物,瑞光路２５３巷１９號三樓,0.0,,,,1120325,土地0建物1車位0,三層,十層,華廈(10層含以下有電梯),住家用,860214.0,144.43,3,2,2,有,有,13000000,90009.0,,0.0,0,陽台外推；其他增建；地上權房屋；,RPTNMLPLNHIGFCA97DA,98.57,0.0,9.86,有,,26.0
北投區,房地(土地+建物),榮華一路２號四樓,25.6,住,,,1120331,土地1建物1車位0,四層,五層,公寓(5樓含以下無電梯),住家用,670112.0,96.02,3,2,1,有,無,15680000,163299.0,,0.0,0,其他增建；,RPQNMLKKNHIGFEA27DA,88.71,0.0,7.31,無,,45.0
文山區,房地(土地+建物),興隆路三段１３７號十樓之２,5.86,住,,,1120330,土地1建物1車位0,十層,十層,華廈(10層含以下有電梯),住家用,970523.0,27.85,0,1,1,有,有,7100000,254937.0,,0.0,0,夾層；其他增建；,RPPOMLMLNHIGFAA17DA,14.14,1.43,2.3,有,2275.0,15.0
士林區,房地(土地+建物),士東路１３４號二樓,26.8,住,,,1120330,土地1建物1車位0,二層,五層,公寓(5樓含以下無電梯),住家用,670731.0,117.81,1,1,0,有,無,23380000,198455.0,,0.0,0,陽台外推；其他增建；,RPROMLOJNHIGFEA77DA,105.59,0.0,12.22,無,,45.0
大安區,房地(土地+建物)+車位,瑞安街２０８巷３９號五樓之３,8.2,住,,,1120328,土地1建物1車位1,五層,七層,華廈(10層含以下有電梯),住家用,1040511.0,53.03,1,1,1,有,有,16200000,340201.0,塔式車位,11.29,2000000,塔式車位位於地下二層。,RPRNMLMKOHIGFFA77DA,19.38,0.0,6.51,有,,8.0
大安區,房地(土地+建物),安和路一段１０１號十一樓之２,12.97,住,,,1120324,土地1建物1車位0,十一層,十六層,住宅大樓(11層含以上有電梯),住家用,700216.0,130.87,2,2,2,有,有,40800000,311760.0,,0.0,0,陽台外推；其他增建；,RPOPMLOLNHIGFFA87DA,90.98,0.0,19.03,有,,42.0
中山區,房地(土地+建物),北安路８２７之１號,37.02,住,,,1120329,土地2建物1車位0,一層,四層,公寓(5樓含以下無電梯),住家用,650114.0,86.85,3,2,1,有,無,30800000,354634.0,,0.0,0,地下室。,RPSOMLPLMHIGFCA87DA,76.42,10.43,0.0,無,2277.0,47.0
大安區,房地(土地+建物),復興南路二段１５１巷３０弄１號三樓,19.94,住,,,1120320,土地1建物1車位0,三層,十九層,住宅大樓(11層含以上有電梯),住家用,740522.0,103.03,3,2,1,有,有,25200000,244589.0,,0.0,0,,RPQNMLKLOHIGFFA67EA,75.58,1.26,7.07,有,2278.0,38.0
文山區,房地(土地+建物)+車位,辛亥路四段２０９巷３８號六樓,16.31,住,,,1120328,土地1建物1車位1,六層,二十六層,住宅大樓(11層含以上有電梯),住家用,1090430.0,146.34,3,2,2,有,有,33100000,272800.0,坡道平面,33.07,2200000,,RPOPMLLJOHIGFAA96DA,65.79,5.55,6.53,有,,3.0
中正區,房地(土地+建物),臨沂街８巷８號三樓,47.0,住,,,1120319,土地1建物1車位0,三層，陽台,四層,公寓(5樓含以下無電梯),住家用,600724.0,136.52,3,2,2,有,無,31500000,230735.0,,0.0,0,,RPVNMLKLOHIGFBA67DA,136.52,0.0,0.0,無,,52.0
文山區,房地(土地+建物)+車位,下崙路１１巷２１號十樓,43.35,住,,,1120327,土地1建物1車位1,十層，見其他登記事項,十層,華廈(10層含以下有電梯),住家用,1060106.0,214.79,3,2,2,有,有,26580000,123749.0,坡道平面,39.47,0,平價住宅活動申購中簽，屋主銷售無仲介費，總價已扣除折價10萬元,RPQNMLPLOHIGFAA57DA,105.62,3.01,6.46,有,,6.0
士林區,房地(土地+建物)+車位,中山北路七段２２６號七樓,51.02,住,,,1120313,土地1建物1車位1,七層,七層,華廈(10層含以下有電梯),住家用,761008.0,279.35,0,0,0,無,有,51880000,194951.0,坡道平面,28.62,3000000,陽台外推；頂樓加蓋；其他增建；,RPOOMLQKOHIGFEA87DA,210.79,14.35,17.26,有,,35.0
內湖區,房地(土地+建物)+車位,金湖路３４７巷１２１弄７號,115.79,住,,,1120331,土地1建物1車位2,一層,五層,華廈(10層含以下有電梯),住家用,941219.0,278.03999999999996,4,2,2,有,有,61300000,220472.0,坡道平面,0.0,5000000,,RPTNMLSLOHIGFCA48EA,139.5,2.93,14.26,有,,17.0
大安區,房地(土地+建物)+車位,仁愛路四段４４９號十一樓,16.27,住,,,1120328,土地2建物1車位1,十一層,十三層,住宅大樓(11層含以上有電梯),住家用,770511.0,194.96,4,2,2,有,有,67360000,419441.0,坡道平面,48.67,6000000,陽台外推；其他增建；,RPTNMLNKOHIGFFA08DA,154.73,0.0,13.75,有,2282.0,35.0
中山區,房地(土地+建物)+車位,堤頂大道二段２８８號三樓,67.41,住,,,1120324,土地1建物1車位1,三層,九層,華廈(10層含以下有電梯),住家用,901004.0,210.77999999999997,4,2,2,有,有,40880000,193946.0,坡道平面,0.0,2500000,,RPQOMLSLOHIGFCA18DA,102.74,0.0,12.08,有,,21.0
北投區,房地(土地+建物),稻香路９號,56.0,住,,,1120326,土地1建物1車位0,全,二層,透天厝,住家用,620725.0,153.48,4,2,5,有,無,22800000,148554.0,,0.0,0,空地加蓋、部分主建物陽台使用頂樓加蓋；其他增建；,RPQOMLTLOHIGFEA48DA,153.48,0.0,0.0,無,2284.0,50.0
北投區,房地(土地+建物)+車位,行義路１７８之１號四樓,32.95,住,,,1120326,土地1建物1車位1,四層,七層,華廈(10層含以下有電梯),住家用,730412.0,175.57000000000002,3,2,2,有,有,23880000,136014.0,坡道平面,0.0,0,陽台外推；其他增建；,RPSOMLPJOHIGFEA08DA,135.24,0.0,14.53,有,2286.0,39.0
大安區,房地(土地+建物),忠孝東路四段２２３巷５３號二樓,23.8,住,,,1120328,土地2建物1車位0,二層,七層,華廈(10層含以下有電梯),住家用,690502.0,151.66000000000005,8,0,8,有,無,37000000,243967.0,,0.0,0,陽台外推；其他增建；,RPVNMLLLOHIGFFA18DA,118.35,0.0,11.51,有,2287.0,43.0
中正區,房地(土地+建物),新生南路一段１３２巷６弄４號四樓,32.75,住,,,1120311,土地1建物1車位0,四層,四層,公寓(5樓含以下無電梯),住家用,700604.0,89.86,2,1,2,有,無,24750000,275428.0,,0.0,0,陽台外推；頂樓加蓋；其他增建；,RPTNMLSLOHIGFBA28DA,72.92,0.0,16.94,無,,42.0
北投區,房地(土地+建物),石仙路１５號,49.5,住,,,1120325,土地1建物1車位0,一層,五層,公寓(5樓含以下無電梯),住家用,790822.0,137.62,4,2,2,有,無,17150000,124619.0,,0.0,0,其他增建；,RPRNMLRKOHIGFEA18DA,112.77,9.74,0.0,無,2289.0,33.0
文山區,房地(土地+建物),景福街５４巷５弄１號八樓,27.46,住,,,1120319,土地1建物1車位0,八層,十五層,住宅大樓(11層含以上有電梯),住家用,880119.0,123.93,2,2,2,有,有,25000000,201727.0,,0.0,0,陽台外推；,RPPOMLOLLHIGFAA17DA,68.18,2.1,7.56,有,,24.0
文山區,房地(土地+建物)+車位,秀明路一段１２９巷７２弄３號,262.39,住,,,1120329,土地1建物1車位2,一層，二層,五層,華廈(10層含以下有電梯),住家用,1070302.0,411.09,4,2,4,有,有,67800000,190309.0,坡道平面,81.1,5000000,,RPSOMLLJOHIGFAA27DA,218.42,0.0,14.26,有,2290.0,5.0
文山區,房地(土地+建物)+車位,羅斯福路六段１７２號十四樓,34.0,,,,1120303,土地2建物1車位1,十四層,十八層,住宅大樓(11層含以上有電梯),住家用,1111215.0,265.98,3,2,2,有,有,61560000,263050.0,坡道平面,42.6,2800000,,RPWNMLPJPHIGFAA08DA,124.91,12.63,7.67,有,,
中山區,房地(土地+建物)+車位,松江路６９巷１１號四樓之５,11.55,住,,,1120328,土地1建物1車位1,四層,七層,華廈(10層含以下有電梯),住家用,1020903.0,70.25999999999999,2,1,1,有,有,21500000,306006.0,塔式車位,0.0,1800000,車位面積無法概算、本案塔式車位乙個位於地下三層陽台外推；其他增建；,RPSOMLNJPHIGFCA77DA,29.18,3.38,4.52,有,2291.0,10.0
松山區,房地(土地+建物),八德路四段３３２號,82.0,住,,,1120316,土地1建物2車位0,全,二層,透天厝,住家用,741011.0,163.19,2,2,2,有,無,36880000,225994.0,,0.0,0,,RPVNMLNJPHIGFDA08DA,163.19,0.0,0.0,無,,37.0
松山區,建物,延壽街８號五樓之２,0.0,,,,1120324,土地0建物1車位0,五層,十三層,住宅大樓(11層含以上有電梯),住家用,880428.0,77.85,2,1,2,有,有,7450000,95697.0,,0.0,0,地上權房屋；,RPOQMLLLOHIGFDA57DA,51.71,0.0,5.72,有,2293.0,24.0
大安區,房地(土地+建物),忠孝東路四段２１６巷１６號三樓之３,11.37,住,,,1120327,土地1建物1車位0,三層,七層,華廈(10層含以下有電梯),住家用,641103.0,44.85,1,1,1,有,有,17280000,385284.0,,0.0,0,,RPOOMLTLOHIGFFA38DA,44.85,0.0,0.0,有,,47.0
士林區,房地(土地+建物)+車位,中山北路六段２３６巷７號八樓之２,21.65,住,,,1120325,土地1建物1車位1,八層,十四層,住宅大樓(11層含以上有電梯),住家用,1110331.0,150.66000000000005,3,2,1,有,有,39880000,333303.0,坡道平面,40.76,3250000,,RPTOMLQLOHIGFEA48DA,60.86,3.34,5.2,有,,1.0
南港區,房地(土地+建物)+車位,重陽路４７０號九樓之３,29.96,住,,,1120313,土地1建物1車位2,九層,十五層,住宅大樓(11層含以上有電梯),住家用,990419.0,232.02,3,2,2,有,有,64000000,285975.0,坡道機械,23.96,4500000,陽台外推；其他增建；,RPQNMLLJOHIGFDA27DA,125.6,4.8,15.62,有,,13.0
信義區,房地(土地+建物)+車位,永吉路２２５巷９號七樓之２,16.73,住,,,1120313,土地1建物1車位1,七層,十二層,住宅大樓(11層含以上有電梯),住家用,1111111.0,134.28,2,2,1,有,有,32000000,238326.0,坡道平面,35.42,0,,RPSOMLKKPHIGFDA67DA,56.95,5.57,4.79,有,,
內湖區,房地(土地+建物),康寧路三段１６５巷２５弄６號,29.1,住,,,1120312,土地1建物1車位0,一層,五層,公寓(5樓含以下無電梯),住家用,731218.0,127.82,3,2,2,有,無,20380000,159443.0,,0.0,0,其他增建；,RPOPMLQJPHIGFCA77DA,90.86,8.88,0.0,無,,38.0
中山區,房地(土地+建物),農安街１６６巷１２號,66.16,住,,,1120315,土地1建物2車位0,一層,七層,華廈(10層含以下有電梯),住家用,681229.0,309.08,5,2,3,有,無,50300000,162741.0,,0.0,0,,RPPOMLTLOHIGFCA18DA,287.55,21.53,0.0,有,,43.0
中正區,房地(土地+建物),愛國東路６０號三樓,15.58,住,,,1120305,土地1建物2車位0,三層,十二層,住宅大樓(11層含以上有電梯),住家用,801127.0,127.9,1,0,1,有,有,44000000,344019.0,,0.0,0,陽台外推；其他增建；,RPXNMLPKOHIGFAA18DA,93.9,5.16,11.87,有,,31.0
北投區,房地(土地+建物)+車位,行義路１５４巷２３號三樓,31.58,住,,,1120325,土地1建物1車位1,三層,七層,華廈(10層含以下有電梯),住家用,700514.0,159.61,3,2,2,有,有,18100000,113401.0,坡道平面,0.0,0,,RPSNMLTKPHIGFEA58DA,110.29,0.0,18.84,有,,42.0
信義區,房地(土地+建物),福德街２６０號四樓,23.5,住,,,1120319,土地1建物1車位0,四層，陽台,四層,公寓(5樓含以下無電梯),住家用,650107.0,73.87,7,0,7,有,無,14680000,198727.0,,0.0,0,陽台外推；頂樓加蓋；,RPQNMLKLPHIGFDA57EA,73.87,0.0,0.0,無,,47.0
萬華區,房地(土地+建物),雙園街６０巷４６弄１號,56.0,住,,,1120302,土地1建物1車位0,全,二層,透天厝,住家用,,69.28,4,2,3,有,無,19200000,277136.0,,0.0,0,,RPPOMLTKPHIGFBA08DA,69.28,0.0,0.0,無,,
文山區,房地(土地+建物)+車位,羅斯福路六段１７２號十三樓,33.74,,,,1120331,土地2建物1車位3,十三層,十八層,住宅大樓(11層含以上有電梯),住家用,1111215.0,350.45,3,2,2,有,有,66600000,262295.0,坡道平面,127.8,8200000,,RPWOMLOKPHIGFAA18DA,124.49,12.63,7.67,有,,
信義區,房地(土地+建物),信安街９巷３號四樓,35.25,住,,,1120316,土地1建物1車位0,四層，陽台,四層,公寓(5樓含以下無電梯),住家用,651124.0,87.14,3,2,1,有,無,17080000,196006.0,,0.0,0,其他增建；,RPSNMLRKPHIGFDA28DA,87.14,0.0,0.0,無,,46.0
大安區,房地(土地+建物),和平東路二段３１１巷３４弄７號四樓,34.0,住,,,1120329,土地1建物1車位0,四層,四層,公寓(5樓含以下無電梯),住家用,580701.0,78.28,3,2,1,有,無,20500000,261880.0,,0.0,0,,RPPNMLRLPHIGFFA38EA,78.28,0.0,0.0,無,,54.0
士林區,房地(土地+建物)+車位,中山北路六段１９５巷６號十二樓之一,69.51,住,,,1120315,土地1建物2車位2,十二層,十四層,住宅大樓(11層含以上有電梯),住家用,970506.0,388.22,4,2,2,有,有,92000000,272722.0,坡道平面,72.88,6000000,,RPPNMLSLPHIGFEA38EA,184.34,1.66,22.0,有,,15.0
中正區,房地(土地+建物),重慶南路三段５４巷１６弄１號三樓,28.19,住,,,1120327,土地2建物1車位0,三層,五層,公寓(5樓含以下無電梯),住家用,741223.0,98.08,3,2,2,有,無,18590000,189539.0,,0.0,0,陽台外推；,RPVQMLLLRHHGFAA28EA,79.7,0.0,15.53,無,,37.0
士林區,房地(土地+建物),社中街１５６巷２４弄８號,24.93,住,,,1120326,土地1建物1車位0,一層,五層,公寓(5樓含以下無電梯),住家用,700126.0,88.66,2,2,2,有,無,14400000,162418.0,,0.0,0,其他增建；,RPPNMLLMNHIGFEA47DA,74.43,14.23,0.0,無,,42.0
南港區,房地(土地+建物),街１７號三樓之１,15.08,住,,,1120316,土地1建物1車位0,三層,十二層,住宅大樓(11層含以上有電梯),住家用,951116.0,75.7,2,1,1,有,有,19800000,261559.0,,0.0,0,其他增建；,RPWNMLRJPHIGFDA58DA,46.38,1.24,3.03,有,,16.0
中正區,房地(土地+建物)+車位,重慶南路三段３５號三樓,48.48,住,,,1120316,土地2建物1車位2,三層,二十一層,住宅大樓(11層含以上有電梯),住家用,1100915.0,311.76,3,2,2,有,有,104000000,418130.0,坡道平面,78.34,6400000,,RPPNMLRJPHIGFAA57DA,126.43,10.64,13.55,有,,2.0
北投區,房地(土地+建物),公路２７３號,30.36,住,,,1120325,土地1建物1車位0,一層,五層,公寓(5樓含以下無電梯),住家用,691028.0,103.47,3,2,2,有,無,19500000,188460.0,,0.0,0,其他增建；,RPPNMLNJMHIGFEA27DA,90.83,12.64,0.0,無,,42.0
文山區,房地(土地+建物),景華街１２８巷８４號五樓,44.27,住,,,1120328,土地1建物1車位0,五層,五層,公寓(5樓含以下無電梯),住家用,730330.0,104.96,3,2,2,有,無,11500000,109566.0,,0.0,0,陽台外推；其他增建；,RPVNMLLJOHIGFAA47DA,92.14,0.0,9.01,無,2301.0,39.0
內湖區,房地(土地+建物)+車位,金湖路３４７巷１１８號五樓,96.31,住,,,1120309,土地1建物1車位2,五層,五層,華廈(10層含以下有電梯),住家用,950522.0,219.21,3,2,2,有,有,49580000,226176.0,坡道機械,38.7,0,陽台外推；其他增建；,RPQNMLMKPHIGFCA47DA,117.6,7.3,13.57,有,,17.0
南港區,房地(土地+建物),東新街１１８巷５１號三樓,20.27,住,,,1120327,土地3建物1車位0,三層,十一層,住宅大樓(11層含以上有電梯),住家用,1010314.0,98.66,3,2,2,有,有,25800000,261504.0,,0.0,0,,RPPNMLSJQHIGFDA08DA,64.81,0.0,11.16,有,2303.0,11.0
士林區,房地(土地+建物)+車位,延平北路五段４６號八樓,14.83,住,,,1120327,土地2建物1車位1,八層,十一層,住宅大樓(11層含以上有電梯),住家用,1050112.0,125.36,3,2,1,有,有,20500000,163529.0,塔式車位,27.83,0,夾層；其他增建；,RPPNMLOJQHIGFEA77DA,51.13,9.5,3.9,有,2304.0,7.0
信義區,房地(土地+建物)+車位,松平路１３５號三樓,42.92,住,,,1120305,土地1建物1車位1,三層,十五層,住宅大樓(11層含以上有電梯),住家用,800927.0,201.82,4,2,2,有,有,66000000,376465.0,坡道平面,37.13,4000000,陽台外推；其他增建；,RPUNMLLLQHIGFDA08DA,140.73,5.58,14.96,有,,31.0
文山區,房地(土地+建物)+車位,辛亥路六段２１巷１６號十四樓,91.35,住,,,1120313,土地8建物1車位1,十四層,十八層,住宅大樓(11層含以上有電梯),住家用,880809.0,255.0,4,2,2,有,有,34680000,136000.0,坡道平面,0.0,3000000,,RPSNMLMJQHIGFAA47DA,175.22,2.21,13.08,有,,24.0
內湖區,房地(土地+建物),江南街７１巷７５弄２８號,41.99,住,,,1120210,土地1建物1車位0,一層,七層,華廈(10層含以下有電梯),住家用,730131.0,112.25,3,2,2,有,有,24500000,218263.0,,0.0,0,,RPWNMLRJOHIGFCA48EA,76.27,7.32,0.0,有,,39.0
士林區,房地(土地+建物)+車位,德行東路１８５號七樓,43.08,住,,,1120208,土地1建物1車位2,七層,九層,華廈(10層含以下有電梯),住家用,941221.0,276.38,4,2,2,有,有,62500000,226138.0,坡道平面,75.2,0,陽台外推；其他增建；,RPROMLKMNHIGFEA67DA,119.26,4.33,13.86,有,2308.0,17.0
北投區,房地(土地+建物)+車位,溫泉路６５巷９之５號三樓之１,25.27,住,,,1120220,土地2建物1車位2,三層,七層,華廈(10層含以下有電梯),住家用,890719.0,127.41,2,2,1,有,有,16000000,167606.0,坡道平面,58.2,4400000,,RPWOMLMLNHIGFEA28DA,46.7,2.34,4.62,有,,23.0
中山區,房地(土地+建物),龍江路４５巷３６號、３６號二樓,36.5,住,,,1120220,土地1建物1車位0,一層，二層,四層,公寓(5樓含以下無電梯),住家用,650505.0,105.32,3,2,2,有,無,25000000,237372.0,,0.0,0,陽台外推；未登記建物；,RPQNMLRJOHIGFCA77DA,91.17,7.07,7.08,無,,47.0
士林區,房地(土地+建物)+車位,士商路１５７號二樓,49.57,住,,,1120225,土地1建物1車位1,二層,十二層,住宅大樓(11層含以上有電梯),住家用,900212.0,194.29,3,2,2,有,有,42000000,251645.0,坡道平面,39.31,3000000,,RPOPMLOLNHIGFEA77DA,107.4,0.0,10.9,有,,22.0
內湖區,房地(土地+建物),成功路四段３２３巷１弄８號三樓,34.37,住,,,1120222,土地4建物1車位0,三層,四層,公寓(5樓含以下無電梯),住家用,700311.0,89.57,4,2,2,有,無,14700000,164117.0,,0.0,0,陽台外推；其他增建；,RPVNMLQJOHIGFCA18DA,80.25,0.0,9.32,無,,42.0
松山區,房地(土地+建物),民權東路三段１０３巷３０弄３號,41.75,住,,,1120228,土地1建物1車位0,一層,四層,公寓(5樓含以下無電梯),住家用,630823.0,89.76,4,2,1,有,無,23800000,265152.0,,0.0,0,其他增建；,RPXOMLMJOHIGFDA18DA,89.76,0.0,0.0,無,,49.0
文山區,房地(土地+建物),辛亥路四段２１巷１２號十三樓,23.66,住,,,1120212,土地4建物1車位0,十三層,十八層,住宅大樓(11層含以上有電梯),住家用,840801.0,65.56,2,1,1,有,有,12580000,191885.0,,0.0,0,其他增建；,RPUNMLKMNHIGFAA47DA,50.11,0.47,3.4,有,,28.0
南港區,房地(土地+建物)+車位,向陽路１９６巷４６號四樓,60.73,住,,,1120221,土地1建物1車位1,四層,七層,華廈(10層含以下有電梯),住家用,980514.0,226.58,4,2,2,有,有,48380000,248255.0,坡道平面,41.77,2500000,其他增建；,RPQOMLLJOHIGFDA37DA,110.02,5.51,10.92,有,,14.0
北投區,房地(土地+建物)+車位,奇岩路２４１巷７弄２８號,109.01,住,,,1120217,土地1建物1車位2,一層,五層,華廈(10層含以下有電梯),住家用,1081223.0,240.0,4,2,2,有,有,34830000,166630.0,坡道平面,56.18,4200000,,RPTNMLTLOHIGFEA68DA,112.4,0.0,5.3,有,,3.0
松山區,房地(土地+建物),延吉街６３號二樓,24.9,住,,,1120211,土地2建物1車位0,二層,五層,公寓(5樓含以下無電梯),住家用,670919.0,76.96,3,2,1,有,無,18600000,241684.0,,0.0,0,陽台外推；其他增建；,RPQOMLSLOHIGFDA28DA,67.69,0.0,9.27,無,,44.0
大安區,房地(土地+建物),忠孝東路三段２１７巷３弄８之５號,42.0,住,,,1120210,土地1建物1車位0,六層,六層,華廈(10層含以下有電梯),住家用,600428.0,151.11,4,2,3,有,有,39000000,258090.0,,0.0,0,依土地法34條之一第一項至第三項辦理。頂樓加蓋；,RPSNMLLLOHIGFFA87DA,151.11,0.0,0.0,有,,52.0
文山區,房地(土地+建物)+車位,羅斯福路六段１７６號十四樓,33.74,,,,1120213,土地2建物1車位2,十四層,十八層,住宅大樓(11層含以上有電梯),住家用,1111215.0,306.57000000000005,3,2,2,有,有,66000000,267709.0,坡道平面,83.94,6400000,,RPVOMLOKPHIGFAA08DA,125.69,12.98,6.1,有,,
南港區,房地(土地+建物)+車位,重陽路５７巷５７號三樓,37.31,住,,,1120222,土地1建物1車位1,三層,九層,華廈(10層含以下有電梯),住家用,951229.0,184.55,3,2,2,有,有,38300000,271130.0,坡道平面,52.51,2500000,,RPPNMLMLPHIGFDA57DA,86.41,0.0,9.43,有,,16.0
中山區,房地(土地+建物),四平街１３８號六樓,16.83,住,,,1120217,土地1建物1車位0,六層,十四層,住宅大樓(11層含以上有電梯),住家用,720620.0,91.96,2,2,1,有,有,24000000,260983.0,,0.0,0,陽台外推；,RPOOMLRJPHIGFCA77DA,66.86,0.0,10.36,有,2316.0,40.0
大安區,房地(土地+建物),延吉街１５３之２號四樓,26.81,住,,,1120224,土地1建物1車位0,四層,七層,華廈(10層含以下有電梯),住家用,701222.0,157.37,3,1,2,有,有,44680000,283917.0,,0.0,0,,RPQNMLKKQHIGFFA77EA,121.47,3.13,18.95,有,,41.0
士林區,房地(土地+建物)+車位,至善路二段９０之６號,41.25,住,,,1120214,土地1建物1車位1,一層,五層,華廈(10層含以下有電梯),住家用,1040915.0,125.1,2,2,1,有,有,29000000,292541.0,坡道平面,35.54,2800000,夾層；其他增建；,RPWNMLLMPHIGFEA38DA,55.03,0.0,0.0,有,,7.0
大安區,房地(土地+建物),大安路一段１９巷１６號二樓,43.65,住,,,1120223,土地4建物1車位0,二層，陽台，見其他登記事項,七層,華廈(10層含以下有電梯),住家用,,181.48,4,2,2,有,無,46300000,255125.0,,0.0,0,陽台外推；其他增建；,RPQNMLKKQHIGFFA67DA,181.48,0.0,0.0,有,,
萬華區,房地(土地+建物)+車位,德昌街２０１號十一樓,19.2,住,,,1120205,土地1建物1車位1,十一層,十三層,住宅大樓(11層含以上有電梯),住家用,1120407.0,135.37,3,2,2,有,無,26400000,204928.0,其他,14.84,1700000,預售屋、或土地及建物分件登記案件；,RPQPMLLLQHIGFBA67DA,71.72,2.8,3.07,有,,
士林區,房地(土地+建物),中社路二段１７巷３２號四樓,65.25,住,,,1120113,土地1建物1車位0,四層,四層,公寓(5樓含以下無電梯),住家用,650406.0,68.8,3,1,1,有,無,9000000,130814.0,,0.0,0,其他增建；,RPWNMLNKJHIGFEA77DA,68.8,0.0,0.0,無,2319.0,47.0
內湖區,房地(土地+建物),行善路９號四樓,47.79,住,,,1120115,土地1建物1車位0,四層,九層,華廈(10層含以下有電梯),住家用,870506.0,126.63,3,2,2,有,有,22300000,176104.0,,0.0,0,陽台外推；其他增建；,RPXOMLLMNHIGFCA18DA,76.75,0.0,7.06,有,,25.0
信義區,房地(土地+建物),大道路１３５號四樓之１,17.58,住,,,1120108,土地4建物1車位0,四層,七層,華廈(10層含以下有電梯),住家用,730308.0,79.28,2,1,1,有,有,19000000,239657.0,,0.0,0,其他增建；,RPSOMLTJNHIGFDA28DA,63.65,0.0,5.13,有,,39.0
信義區,建物,松勇路３７號十二樓、３９號十二樓,0.0,,,,1120103,土地0建物2車位4,十二層,十三層,住宅大樓(11層含以上有電梯),住家用,921009.0,871.0799999999999,4,3,5,有,有,146556000,194123.0,坡道平面,172.78,11000000,地上權房屋；,RPPNMLRJOHIGFDA77DA,448.6,0.0,47.46,有,,19.0
士林區,房地(土地+建物)+車位,至誠路一段１３６巷１５號十一樓,80.31,住,,,1120104,土地2建物1車位2,十一層,十四層,住宅大樓(11層含以上有電梯),住家用,1070702.0,387.11,0,0,0,無,有,88000000,272844.0,坡道平面,83.64,5200000,,RPTNMLPKOHIGFEA28EA,167.9,11.35,18.84,有,,5.0
士林區,房地(土地+建物),承德路四段１０巷２１號七樓,44.57,住,,,1120104,土地1建物1車位0,七層,七層,華廈(10層含以下有電梯),住家用,740725.0,197.3,3,2,2,有,有,35600000,180436.0,,0.0,0,,RPTNMLKMNHIGFEA77DA,177.19,0.0,20.11,有,,37.0
南港區,房地(土地+建物)+車位,重陽路１９９巷１７號七樓,44.98,住,,,1120128,土地1建物1車位1,七層,十層,華廈(10層含以下有電梯),住家用,930706.0,146.22,3,2,2,有,有,29350000,200725.0,坡道平面,0.0,0,,RPOQMLPLNHIGFDA87DA,74.64,0.0,8.9,有,,19.0
內湖區,房地(土地+建物)+車位,康寧路三段５４巷１１號二樓,29.96,住,,,1120103,土地1建物1車位1,二層,五層,華廈(10層含以下有電梯),住家用,821227.0,105.73,2,2,1,有,有,24200000,228885.0,坡道機械,0.0,0,,RPQNMLQKNHIGFCA67DA,67.57,0.7,5.08,有,,29.0
文山區,房地(土地+建物)+車位,羅斯福路六段１７６號十三樓,34.26,,,,1120114,土地2建物1車位2,十三層,十八層,住宅大樓(11層含以上有電梯),住家用,1111215.0,309.28,3,2,2,有,有,64580000,263210.0,坡道平面,85.2,5600000,,RPWOMLLKPHIGFAA87DA,126.53,12.98,6.1,有,,
內湖區,房地(土地+建物),成功路二段１１５巷５號三樓之２,14.8,住,,,1111221,土地1建物2車位0,三層,十一層,住宅大樓(11層含以上有電梯),住家用,1110510.0,84.77,2,1,1,有,有,23845200,281293.0,,0.0,0,,RPVNMLPJOHIGFCA08DA,46.59,4.87,8.12,有,,1.0
文山區,房地(土地+建物),秀明路二段１１２巷１１號三樓,28.98,住,,,1111222,土地1建物1車位0,三層,五層,公寓(5樓含以下無電梯),住家用,,111.68,3,2,2,有,無,14800000,132521.0,,0.0,0,陽台外推；,RPTNMLKMOHIGFAA57EA,80.03,0.0,12.12,無,,40.0
內湖區,房地(土地+建物)+車位,文湖街３７號五樓,39.88,,,,1111214,土地1建物1車位2,五層,十五層,住宅大樓(11層含以上有電梯),住家用,991230.0,354.48,4,2,3,有,有,88000000,248251.0,坡道平面,54.1,0,,RPRNMLMKPHIGFCA67EA,185.43,13.18,17.16,有,,12.0
萬華區,房地(土地+建物)+車位,德昌街１９９號八樓,18.79,住,,,1111210,土地1建物1車位1,八層,十三層,住宅大樓(11層含以上有電梯),住家用,1120407.0,132.76999999999998,3,2,2,有,無,25180000,199101.0,其他,14.84,1700000,預售屋、或土地及建物分件登記案件；,RPTOMLLLQHIGFBA87DA,65.33,5.72,4.86,有,,
松山區,房地(土地+建物),延壽街３３０巷７弄１２號七樓,29.2,住,,,1111107,土地1建物1車位0,七層,七層,華廈(10層含以下有電梯),住家用,810309.0,137.86,3,2,2,有,有,29850000,216524.0,,0.0,0,,RPUNMLRLOHIGFDA48DA,88.0,0.0,10.48,有,,31.0
士林區,房地(土地+建物)+車位,忠誠路二段１０巷４５號二樓,45.97,住,,,1111011,土地1建物1車位1,二層,七層,華廈(10層含以下有電梯),住家用,810331.0,168.57,3,2,2,有,有,36000000,213561.0,坡道平面,0.0,0,陽台外推；其他增建；,RPOOMLPJOHIGFEA67DA,141.8,0.5,12.86,有,,31.0
南港區,房地(土地+建物)+車位,東新街５６號六樓,33.77,住,,,1111005,土地2建物1車位2,六層,十六層,住宅大樓(11層含以上有電梯),住家用,1110701.0,284.76,4,2,2,有,無,61000000,268901.0,坡道平面,79.48,5800000,,RPUNMLMJOHIGFDA77DA,122.1,0.0,11.33,有,,
萬華區,房地(土地+建物)+車位,德昌街２０１號八樓,12.83,住,,,1111025,土地1建物1車位1,八層,十三層,住宅大樓(11層含以上有電梯),住家用,1120407.0,95.35,2,2,1,有,無,17770000,199603.0,其他,14.84,1700000,預售屋、或土地及建物分件登記案件；,RPXPMLLLQHIGFBA38DA,45.96,2.8,3.07,有,,
士林區,房地(土地+建物)+車位,中山北路六段２３６巷７號十一樓之１,18.01,住,,,1110924,土地1建物1車位1,十一層,十四層,住宅大樓(11層含以上有電梯),住家用,1110331.0,132.12,2,2,1,有,有,36750000,366681.0,坡道平面,40.76,3250000,,RPVRMLLJQHIGFEA48DA,51.59,2.43,3.66,有,,
萬華區,房地(土地+建物),德昌街１９９號五樓之１,11.92,住,,,1110930,土地1建物1車位0,五層,十三層,住宅大樓(11層含以上有電梯),住家用,1120407.0,74.8,2,2,1,有,無,13780000,184225.0,,0.0,0,預售屋、或土地及建物分件登記案件；,RPSOMLLLQHIGFBA77DA,37.76,6.5,3.89,有,,
萬華區,房地(土地+建物)+車位,德昌街１９７號六樓,16.81,住,,,1110930,土地1建物1車位1,六層,十三層,住宅大樓(11層含以上有電梯),住家用,1120407.0,120.34,3,2,2,有,無,22050000,192891.0,其他,14.84,1700000,預售屋、或土地及建物分件登記案件；,RPOOMLLLQHIGFBA37DA,53.14,7.17,7.6,有,,
大安區,房地(土地+建物),濟南路三段３１之１號,19.32,住,,,1110801,土地1建物1車位0,一層,七層,華廈(10層含以下有電梯),住家用,730220.0,100.21,0,0,1,有,無,33800000,337292.0,,0.0,0,,RPSNMLTJOHIGFFA58EA,69.74,14.24,0.0,有,,38.0
大安區,房地(土地+建物),濟南路三段３１號,15.68,住,,,1110801,土地1建物1車位0,一層,七層,華廈(10層含以下有電梯),住家用,730220.0,80.67,0,0,1,有,無,30000000,371885.0,,0.0,0,,RPQNMLTJOHIGFFA38EA,67.5,0.0,0.0,有,2328.0,38.0
士林區,房地(土地+建物),通河街３２５巷４４之５號,10.88,住,,,1110711,土地1建物1車位0,五層,五層,公寓(5樓含以下無電梯),住家用,591210.0,29.48,1,1,1,有,無,5000000,169607.0,,0.0,0,陽台外推；頂樓加蓋；其他增建；,RPUNMLTJOHIGFEA58DA,26.28,1.85,1.35,無,,52.0
信義區,房地(土地+建物),嘉興街１５１之５號二樓,31.75,住,,,1110702,土地1建物1車位0,二層，陽台,四層,公寓(5樓含以下無電梯),住家用,631205.0,87.02,3,2,1,有,無,18500000,212595.0,,0.0,0,陽台外推；,RPVOMLMJQHIGFDA18DA,87.02,0.0,0.0,無,,48.0
南港區,房地(土地+建物)+車位,東新街５６號十樓,33.77,住,,,1110616,土地2建物1車位2,十層,十六層,住宅大樓(11層含以上有電梯),住家用,1110701.0,284.76,4,2,2,有,無,62200000,276208.0,坡道平面,79.48,5500000,預售屋、或土地及建物分件登記案件；,RPQNMLRLMHIGFDA87DA,122.1,0.0,11.33,有,,
文山區,房地(土地+建物)+車位,羅斯福路六段１７６號十六樓,33.74,,,,1110606,土地2建物1車位2,十六層,十八層,住宅大樓(11層含以上有電梯),住家用,1111215.0,307.83000000000004,3,2,2,有,有,67230000,275030.0,坡道平面,85.2,6000000,預售屋、或土地及建物分件登記案件；,RPTOMLLKPHIGFAA57DA,125.69,12.98,6.1,有,,
信義區,房地(土地+建物)+車位,永吉路２２５巷７弄７號二樓之１,31.35,住,,,1110522,土地1建物1車位1,二層,十二層,住宅大樓(11層含以上有電梯),住家用,1111111.0,220.97,3,2,2,有,有,51153000,257264.0,坡道平面,35.74,3500000,,RPTNMLSJQHIGFDA48DA,106.12,7.42,12.8,有,,
文山區,房地(土地+建物)+車位,羅斯福路六段１７２號七樓,32.7,,,,1110226,土地2建物1車位2,七層,十八層,住宅大樓(11層含以上有電梯),住家用,1111215.0,302.44,3,2,2,有,有,62980000,264132.0,坡道平面,85.2,5600000,預售屋、或土地及建物分件登記案件；,TPPNMLSLOHIGFAA97DA,124.49,9.25,8.04,有,,
文山區,房地(土地+建物)+車位,羅斯福路六段１７０號十四樓,33.74,,,,1110228,土地2建物1車位2,十四層,十八層,住宅大樓(11層含以上有電梯),住家用,1111215.0,307.94,3,2,2,有,有,64800000,265781.0,坡道平面,85.2,5600000,預售屋、或土地及建物分件登記案件；,RPSOMLLKPHIGFAA47DA,124.49,12.51,7.88,有,,
文山區,房地(土地+建物)+車位,羅斯福路六段１７２號十五樓,33.48,,,,1110123,土地2建物1車位1,十五層,十八層,住宅大樓(11層含以上有電梯),住家用,1111215.0,263.34000000000003,3,2,2,有,有,61800000,267283.0,坡道平面,42.6,2800000,預售屋、或土地及建物分件登記案件；,RPXOMLOKPHIGFAA28DA,124.91,12.63,6.23,有,,
文山區,房地(土地+建物)+車位,羅斯福路六段１７６號十五樓,34.26,,,,1110123,土地2建物1車位2,十五層,十八層,住宅大樓(11層含以上有電梯),住家用,1111215.0,309.28,3,2,2,有,有,65980000,269457.0,坡道平面,85.2,5600000,預售屋、或土地及建物分件登記案件；,RPOPMLOKPHIGFAA47DA,126.53,12.98,6.1,有,,
大同區,房地(土地+建物)+車位,興城街７０號四樓之３,18.56,住,,,1110120,土地1建物1車位1,四層,十五層,住宅大樓(11層含以上有電梯),住家用,1120119.0,162.97,3,2,2,有,有,28360000,196575.0,坡道平面,30.4,2300000,預售屋、或土地及建物分件登記案件；,RPRNMLOLQHIGFBA97EA,79.95,3.51,8.9,有,,
北投區,房地(土地+建物)+車位,承德路七段１６６號十三樓之１,25.9,,,,1101209,土地3建物1車位1,十三層,二十層,住宅大樓(11層含以上有電梯),住家用,1120413.0,241.86,3,2,3,有,有,49150000,211562.0,坡道機械,16.62,1500000,預售屋、或土地及建物分件登記案件；,RPXOMLQJOHIGFEA68DA,127.41,12.51,11.44,有,,
文山區,房地(土地+建物)+車位,羅斯福路六段１７６號九樓,33.74,,,,1101226,土地2建物1車位1,九層,十八層,住宅大樓(11層含以上有電梯),住家用,1111215.0,265.23,3,2,2,有,有,58300000,250191.0,坡道平面,42.6,2600000,預售屋、或土地及建物分件登記案件；,RPQOMLOKPHIGFAA57DA,125.69,12.98,6.1,有,,
大同區,房地(土地+建物)+車位,興城街７０號四樓之５,18.56,住,,,1101217,土地1建物1車位1,四層,十五層,住宅大樓(11層含以上有電梯),住家用,1120119.0,162.97,3,2,2,有,有,31650000,220638.0,坡道平面,30.4,2400000,預售屋、或土地及建物分件登記案件；,RPTNMLLJRHIGFBA67DA,79.95,3.51,8.9,有,,
文山區,房地(土地+建物)+車位,羅斯福路六段１７０號十七樓,33.48,,,,1101105,土地2建物1車位2,十七層,十八層,住宅大樓(11層含以上有電梯),住家用,1111215.0,306.29,3,2,2,有,有,66010000,273237.0,坡道平面,85.2,5600000,預售屋、或土地及建物分件登記案件；,RPPNMLSLOHIGFAA77DA,124.49,13.11,6.23,有,,
文山區,房地(土地+建物)+車位,羅斯福路六段１６８號十七樓,26.73,,,,1101105,土地2建物1車位2,十七層,十八層,住宅大樓(11層含以上有電梯),住家用,1111215.0,263.58000000000004,3,2,2,有,有,55190000,278002.0,坡道平面,85.2,5600000,預售屋、或土地及建物分件登記案件；,UPPNMLSLOHIGFAA08DA,101.26,8.76,6.07,有,,
文山區,房地(土地+建物)+車位,羅斯福路六段１６８號十六樓,26.73,,,,1101106,土地2建物1車位1,十六層,十八層,住宅大樓(11層含以上有電梯),住家用,1111215.0,220.35,3,2,2,有,有,51660000,273349.0,坡道平面,41.97,2900000,預售屋、或土地及建物分件登記案件；,RPTOMLPJPHIGFAA87DA,101.26,8.76,6.07,有,,
北投區,房地(土地+建物)+車位,承德路七段１６８號二十樓,25.95,,,,1101027,土地3建物1車位2,二十層,二十層,住宅大樓(11層含以上有電梯),住家用,1120413.0,275.09000000000003,3,2,3,有,有,59500000,245083.0,坡道平面,49.86,4300000,預售屋、或土地及建物分件登記案件；,RPOOMLQJOHIGFEA77DA,127.48,12.51,11.44,有,,
北投區,房地(土地+建物)+車位,承德路七段１６８號十九樓,25.95,,,,1101022,土地3建物1車位2,十九層,二十層,住宅大樓(11層含以上有電梯),住家用,1120413.0,275.09000000000003,3,2,3,有,有,58000000,239311.0,坡道平面,49.86,4100000,預售屋、或土地及建物分件登記案件；,RPXNMLQJOHIGFEA58DA,127.48,12.51,11.44,有,,
北投區,房地(土地+建物)+車位,承德路七段１６６號二十樓,28.37,,,,1101001,土地3建物1車位2,二十層,二十層,住宅大樓(11層含以上有電梯),住家用,1120413.0,294.93,3,2,3,有,有,63850000,243818.0,坡道平面,49.86,4100000,預售屋、或土地及建物分件登記案件；,RPUOMLQJOHIGFEA38DA,135.24,16.0,14.26,有,,
北投區,房地(土地+建物)+車位,承德路七段１６６號二十樓之１,25.92,,,,1101001,土地3建物1車位1,二十層,二十層,住宅大樓(11層含以上有電梯),住家用,1120413.0,258.46999999999997,3,2,3,有,有,57950000,244861.0,坡道平面,33.24,2800000,預售屋、或土地及建物分件登記案件；,RPQPMLQJOHIGFEA08DA,127.44,12.51,11.44,有,,
文山區,房地(土地+建物)+車位,羅斯福路六段１７６號十二樓,33.74,,,,1101003,土地2建物1車位2,十二層,十八層,住宅大樓(11層含以上有電梯),住家用,1111215.0,307.83000000000004,3,2,2,有,有,62300000,258276.0,坡道平面,85.2,4800000,預售屋、或土地及建物分件登記案件；,RPVNMLPJPHIGFAA97DA,125.69,12.98,6.1,有,,
文山區,房地(土地+建物)+車位,羅斯福路六段１６８號十四樓,33.74,,,,1101026,土地2建物1車位2,十四層,十八層,住宅大樓(11層含以上有電梯),住家用,1111215.0,308.09000000000003,3,2,2,有,有,64800000,264853.0,坡道平面,84.57,5600000,預售屋、或土地及建物分件登記案件；,RPROMLPJPHIGFAA67DA,126.61,12.38,6.07,有,,
文山區,房地(土地+建物)+車位,羅斯福路六段１６６巷７號二樓,19.0,,,,1100911,土地3建物1車位1,二層,十二層,住宅大樓(11層含以上有電梯),住家用,1111215.0,141.77999999999997,2,1,1,有,有,27380000,251865.0,坡道平面,42.6,2400000,預售屋、或土地及建物分件登記案件；,RPOOMLPJPHIGFAA37DA,59.69,0.92,6.96,有,,
松山區,房地(土地+建物)+車位,敦化南路一段１００巷１１號八樓,24.85,住,,,1100929,土地1建物1車位1,八層,十二層,住宅大樓(11層含以上有電梯),住家用,1120419.0,176.06,0,0,0,無,有,59800000,378207.0,塔式車位,24.82,2600000,毛胚屋；預售屋、或土地及建物分件登記案件；,RPVNMLLKPHIGFDA97DA,79.48,0.0,9.36,有,,
信義區,房地(土地+建物)+車位,永吉路２２５巷７弄７號五樓,36.3,住,,,1100819,土地1建物1車位2,五層,十二層,住宅大樓(11層含以上有電梯),住家用,1111111.0,288.25,3,2,2,有,有,59000000,238270.0,坡道平面,70.84,7200000,預售屋、或土地及建物分件登記案件；,RPWOMLRJOHIGFDA58DA,122.02,10.07,13.7,有,,
北投區,房地(土地+建物)+車位,承德路七段１６６號十八樓之１,25.95,,,,1100831,土地3建物1車位2,十八層,二十層,住宅大樓(11層含以上有電梯),住家用,1120413.0,275.09000000000003,3,2,3,有,有,56500000,233539.0,坡道平面,49.86,3900000,預售屋、或土地及建物分件登記案件；,RPPQMLTLOHIGFEA58DA,127.48,12.51,11.44,有,,
信義區,房地(土地+建物)+車位,永吉路２２５巷７弄７號八樓,36.3,住,,,1100710,土地1建物1車位2,八層,十二層,住宅大樓(11層含以上有電梯),住家用,1111111.0,288.56,3,2,2,有,有,59500000,240217.0,坡道平面,70.84,7200000,預售屋、或土地及建物分件登記案件；,RPXOMLRJOHIGFDA68DA,122.12,10.07,13.91,有,,
信義區,房地(土地+建物)+車位,永吉路２２５巷７弄７號七樓,36.3,住,,,1100731,土地1建物1車位2,七層,十二層,住宅大樓(11層含以上有電梯),住家用,1111111.0,288.56,3,2,2,有,有,58800000,239757.0,坡道平面,70.84,6600000,預售屋、或土地及建物分件登記案件；,RPOPMLRJOHIGFDA87DA,122.12,10.07,13.91,有,,
大安區,房地(土地+建物)+車位,仁愛路三段５３之２號八樓,100.9,住,,,1100601,土地2建物1車位3,八層,二十三層,住宅大樓(11層含以上有電梯),住家用,941005.0,679.0799999999999,4,2,4,有,有,415000000,611121.0,坡道平面,148.27,0,,RPPQMLRKIIHGFFA87EA,316.78,0.0,32.35,有,,16.0
北投區,房地(土地+建物)+車位,承德路七段１６８號十五樓,25.97,,,,1100629,土地3建物1車位2,十五層,二十層,住宅大樓(11層含以上有電梯),住家用,1120413.0,291.71000000000004,3,2,3,有,有,55500000,221551.0,坡道平面,66.48,5600000,預售屋、或土地及建物分件登記案件；,RPRPMLTLOHIGFEA68DA,127.51,12.51,11.44,有,,
北投區,房地(土地+建物)+車位,承德路七段１６８號十八樓,25.97,住,,,1100630,土地3建物1車位2,十八層,二十層,住宅大樓(11層含以上有電梯),住家用,1120413.0,291.71000000000004,3,2,3,有,有,57780000,232562.0,坡道平面,66.48,5400000,預售屋、或土地及建物分件登記案件；,RPVPMLTLOHIGFEA09DA,127.51,12.51,11.44,有,,
信義區,房地(土地+建物)+車位,永吉路２２５巷７弄７號十一樓之１,22.75,住,,,1100505,土地1建物1車位1,十一層,十二層,住宅大樓(11層含以上有電梯),住家用,1111111.0,172.05,3,2,2,有,有,38980000,263339.0,坡道平面,35.42,3000000,預售屋、或土地及建物分件登記案件；,RPQPMLRJOHIGFDA08DA,80.0,8.49,3.16,有,,
信義區,房地(土地+建物)+車位,永吉路２２５巷７弄７號五樓之１,31.35,住,,,1100503,土地1建物1車位1,五層,十二層,住宅大樓(11層含以上有電梯),住家用,1111111.0,220.97,3,2,2,有,有,49170000,247211.0,坡道平面,35.42,3300000,預售屋、或土地及建物分件登記案件；,RPPPMLRJOHIGFDA97DA,106.12,7.42,12.8,有,,
北投區,房地(土地+建物)+車位,承德路七段１６８號二樓,26.29,,,,1100502,土地3建物1車位1,二層,二十層,住宅大樓(11層含以上有電梯),住家用,1120413.0,262.66,3,2,3,有,有,52380000,214793.0,坡道平面,33.24,3100000,預售屋、或土地及建物分件登記案件；,RPVNMLQJOHIGFEA38DA,127.44,10.96,15.06,有,,
信義區,房地(土地+建物)+車位,永吉路２２５巷７弄７號十一樓,35.89,住,,,1100513,土地1建物1車位2,十一層,十二層,住宅大樓(11層含以上有電梯),住家用,1111111.0,282.89,4,2,2,有,有,67000000,281066.0,坡道平面,70.84,7400000,預售屋、或土地及建物分件登記案件；,RPXNMLRKOHIGFDA68DA,118.6,7.0,18.81,有,,
文山區,房地(土地+建物)+車位,羅斯福路六段１７６號十七樓,33.74,,,,1100507,土地2建物1車位2,十七層,十八層,住宅大樓(11層含以上有電梯),住家用,1111215.0,307.83000000000004,3,2,2,有,有,66500000,273548.0,坡道平面,85.2,5600000,預售屋、或土地及建物分件登記案件；,SPPNMLSLOHIGFAA87DA,125.69,12.98,6.1,有,,
文山區,房地(土地+建物)+車位,羅斯福路六段１６６巷５號四樓,30.0,,,,1100512,土地3建物1車位1,四層,十二層,住宅大樓(11層含以上有電梯),住家用,1111215.0,199.63,3,2,2,有,有,39900000,236897.0,坡道平面,42.6,2700000,預售屋、或土地及建物分件登記案件；,RPQOMLLKPHIGFAA27DA,95.83,6.0,5.23,有,,
文山區,房地(土地+建物)+車位,羅斯福路六段１６６巷５號二樓,21.3,,,,1100520,土地1建物1車位1,二層,十二層,住宅大樓(11層含以上有電梯),住家用,1111215.0,154.44,2,1,1,有,有,29380000,245116.0,坡道平面,42.33,1900000,預售屋、或土地及建物分件登記案件；,RPPOMLNKPHIGFAA37DA,69.53,3.21,3.81,有,,
北投區,房地(土地+建物)+車位,承德路七段１６８號五樓之１,28.37,住,,,1100501,土地3建物1車位2,五層,二十層,住宅大樓(11層含以上有電梯),住家用,1120413.0,294.93,3,2,3,有,有,53310000,201216.0,坡道平面,49.86,4000000,預售屋、或土地及建物分件登記案件；,RPWNMLKMOHIGFEA18DA,135.24,16.0,14.26,有,,
北投區,房地(土地+建物)+車位,承德路七段１６６號十七樓之１,25.95,住,,,1100501,土地3建物1車位2,十七層,二十層,住宅大樓(11層含以上有電梯),住家用,1120413.0,275.09000000000003,3,2,3,有,有,55690000,228167.0,坡道平面,49.86,4300000,預售屋、或土地及建物分件登記案件；,RPXNMLKMOHIGFEA28DA,127.48,12.51,11.44,有,,
北投區,房地(土地+建物)+車位,承德路七段１６６號七樓,28.37,,,,1100424,土地3建物1車位2,七層,二十層,住宅大樓(11層含以上有電梯),住家用,1120413.0,294.93,3,2,3,有,有,54000000,204848.0,坡道平面,49.86,3800000,預售屋、或土地及建物分件登記案件；,RPQOMLQJOHIGFEA97DA,135.24,16.0,14.26,有,,
北投區,房地(土地+建物)+車位,承德路七段１６６號七樓之１,25.95,,,,1100408,土地3建物1車位2,七層,二十層,住宅大樓(11層含以上有電梯),住家用,1120413.0,275.09000000000003,3,2,3,有,有,51300000,206900.0,坡道平面,49.86,4700000,預售屋、或土地及建物分件登記案件；,RPVOMLQJOHIGFEA48DA,127.48,12.51,11.44,有,,
文山區,房地(土地+建物)+車位,羅斯福路六段１６６巷７號五樓,19.0,,,,1100407,土地3建物1車位1,五層,十二層,住宅大樓(11層含以上有電梯),住家用,1111215.0,141.77999999999997,2,1,1,有,有,26500000,240976.0,坡道平面,42.6,2600000,預售屋、或土地及建物分件登記案件；,RPPOMLLKPHIGFAA17DA,59.69,0.92,6.96,有,,
北投區,房地(土地+建物)+車位,承德路七段１６８號五樓,25.99,住,,,1100426,土地3建物1車位3,五層,二十層,住宅大樓(11層含以上有電梯),住家用,1120413.0,308.33000000000004,3,2,3,有,有,51100000,195356.0,坡道平面,83.1,7100000,預售屋、或土地及建物分件登記案件；,RPUPMLTLOHIGFEA98DA,127.55,12.51,11.44,有,,
文山區,房地(土地+建物)+車位,羅斯福路六段１６６巷７號十一樓,17.69,,,,1100307,土地1建物1車位1,十一層,十二層,住宅大樓(11層含以上有電梯),住家用,1111215.0,129.66,2,1,1,有,有,25700000,259140.0,坡道平面,36.66,1600000,預售屋、或土地及建物分件登記案件；,RPSNMLLKPHIGFAA37DA,55.58,0.92,6.96,有,,
文山區,房地(土地+建物)+車位,羅斯福路六段１６６巷１號八樓,20.86,,,,1100305,土地1建物1車位1,八層,十二層,住宅大樓(11層含以上有電梯),住家用,1111215.0,152.09,2,1,1,有,有,27770000,236607.0,坡道平面,42.33,1800000,預售屋、或土地及建物分件登記案件；,RPVOMLKKPHIGFAA67DA,67.03,3.32,4.59,有,,
文山區,房地(土地+建物)+車位,羅斯福路六段１６６巷３號十樓,15.75,,,,1100312,土地3建物1車位1,十層,十二層,住宅大樓(11層含以上有電梯),住家用,1111215.0,124.61,2,1,1,有,有,23180000,253384.0,坡道平面,42.6,2400000,預售屋、或土地及建物分件登記案件；,RPOOMLLKPHIGFAA07DA,47.74,3.01,5.09,有,,
北投區,房地(土地+建物)+車位,承德路七段１６８號十四樓,25.97,,,,1100302,土地3建物1車位2,十四層,二十層,住宅大樓(11層含以上有電梯),住家用,1120413.0,291.71000000000004,3,2,3,有,有,54660000,215158.0,坡道平面,66.48,6200000,預售屋、或土地及建物分件登記案件；,RPQPMLTLOHIGFEA58DA,127.51,12.51,11.44,有,,
松山區,房地(土地+建物)+車位,敦化北路４巷２５弄１８號六樓,37.07,住,,,1100302,土地1建物1車位1,六層,十三層,住宅大樓(11層含以上有電梯),住家用,1120117.0,291.76,0,0,0,無,有,103870000,408396.0,升降平面,43.3,2400000,毛胚屋；預售屋、或土地及建物分件登記案件；,RPTPMLLLOHIGFDA97DA,130.87,0.0,25.63,有,,
文山區,房地(土地+建物),羅斯福路六段１６６巷７號七樓,18.74,,,,1100206,土地1建物1車位0,七層,十二層,住宅大樓(11層含以上有電梯),住家用,1111215.0,98.45,2,1,1,有,有,24250000,246318.0,,0.0,0,預售屋、或土地及建物分件登記案件；,RPPNMLQJPHIGFAA47DA,59.27,0.92,6.96,有,,
文山區,房地(土地+建物)+車位,羅斯福路六段１６６巷１號七樓,20.86,住,,,1100221,土地1建物1車位1,七層,十二層,住宅大樓(11層含以上有電梯),住家用,1111215.0,152.09,2,1,1,有,有,28480000,244898.0,坡道平面,42.33,1600000,預售屋、或土地及建物分件登記案件；,RPOOMLNKPHIGFAA27DA,67.03,3.32,4.59,有,,
文山區,房地(土地+建物)+車位,羅斯福路六段１６６巷３號二樓,15.49,,,,1100109,土地1建物1車位1,二層,十二層,住宅大樓(11層含以上有電梯),住家用,1111215.0,117.94,2,1,1,有,有,21100000,237451.0,坡道平面,36.66,1800000,預售屋、或土地及建物分件登記案件；,RPUOMLKKPHIGFAA57DA,47.32,3.01,5.09,有,,
文山區,房地(土地+建物)+車位,羅斯福路六段１６６巷５號七樓,21.56,,,,1100109,土地3建物1車位1,七層,十二層,住宅大樓(11層含以上有電梯),住家用,1111215.0,155.44,2,1,1,有,有,29000000,233960.0,坡道平面,42.6,2600000,預售屋、或土地及建物分件登記案件；,RPXNMLLKPHIGFAA87DA,69.95,3.21,3.81,有,,
文山區,房地(土地+建物)+車位,羅斯福路六段１７０號十三樓,33.74,,,,1100108,土地2建物1車位2,十三層,十八層,住宅大樓(11層含以上有電梯),住家用,1111215.0,307.94,3,2,2,有,有,61150000,252986.0,坡道平面,85.2,4800000,預售屋、或土地及建物分件登記案件；,RPROMLLKPHIGFAA37DA,124.49,12.51,7.88,有,,
文山區,房地(土地+建物)+車位,羅斯福路六段１６６巷７號十樓,18.74,住,,,1100116,土地1建物1車位1,十層,十二層,住宅大樓(11層含以上有電梯),住家用,1111215.0,135.11,2,1,1,有,有,26300000,250889.0,坡道平面,36.66,1600000,預售屋、或土地及建物分件登記案件；,RPWNMLNKPHIGFAA97DA,59.27,0.92,6.96,有,,
文山區,房地(土地+建物)+車位,羅斯福路六段１６８號十三樓,33.74,,,,1091230,土地2建物1車位2,十三層,十八層,住宅大樓(11層含以上有電梯),住家用,1111215.0,308.72,3,2,2,有,有,62080000,254474.0,坡道平面,85.2,5200000,預售屋、或土地及建物分件登記案件；,RPQOMLSJOHIGFAA77DA,126.61,12.38,6.07,有,,
北投區,房地(土地+建物)+車位,承德路七段１６６號十九樓,28.39,,,,1091203,土地3建物1車位2,十九層,二十層,住宅大樓(11層含以上有電梯),住家用,1120413.0,311.53999999999996,3,2,3,有,有,63710000,237534.0,坡道平面,66.48,5500000,預售屋、或土地及建物分件登記案件；,RPTOMLQJOHIGFEA28DA,135.27,16.0,14.26,有,,
北投區,房地(土地+建物)+車位,承德路七段１６８號四樓,28.37,,,,1091203,土地3建物1車位2,四層,二十層,住宅大樓(11層含以上有電梯),住家用,1120413.0,294.93,3,2,3,有,有,52170000,196564.0,坡道平面,49.86,4000000,預售屋、或土地及建物分件登記案件；,RPPNMLQJOHIGFEA77DA,135.24,16.0,14.26,有,,
北投區,房地(土地+建物)+車位,承德路七段１６６號十九樓之１,25.95,,,,1091203,土地3建物1車位2,十九層,二十層,住宅大樓(11層含以上有電梯),住家用,1120413.0,275.09000000000003,3,2,3,有,有,57970000,239622.0,坡道平面,49.86,4000000,預售屋、或土地及建物分件登記案件；,RPPPMLQJOHIGFEA97DA,127.48,12.51,11.44,有,,
文山區,房地(土地+建物)+車位,羅斯福路六段１６６巷５號八樓,21.3,,,,1091216,土地1建物1車位1,八層,十二層,住宅大樓(11層含以上有電梯),住家用,1111215.0,154.44,2,1,1,有,有,28400000,239051.0,坡道平面,42.33,1600000,預售屋、或土地及建物分件登記案件；,RPTOMLKKPHIGFAA47DA,69.53,3.21,3.81,有,,
文山區,房地(土地+建物)+車位,羅斯福路六段１６６巷５號三樓,30.0,,,,1091217,土地3建物1車位1,三層,十二層,住宅大樓(11層含以上有電梯),住家用,1111215.0,199.63,3,2,2,有,有,38400000,227982.0,坡道平面,42.6,2600000,預售屋、或土地及建物分件登記案件；,RPUNMLLKPHIGFAA57DA,95.83,6.0,5.23,有,,
文山區,房地(土地+建物)+車位,羅斯福路六段１６６巷７號三樓,19.0,,,,1091230,土地3建物1車位1,三層,十二層,住宅大樓(11層含以上有電梯),住家用,1111215.0,141.77999999999997,2,1,1,有,有,25670000,232607.0,坡道平面,42.6,2600000,預售屋、或土地及建物分件登記案件；,RPWNMLLKPHIGFAA77DA,59.69,0.92,6.96,有,,
北投區,房地(土地+建物)+車位,承德路七段１６６號十六樓之１,25.95,,,,1091227,土地3建物1車位2,十六層,二十層,住宅大樓(11層含以上有電梯),住家用,1120413.0,275.09000000000003,3,2,3,有,有,54300000,223327.0,坡道平面,49.86,4000000,預售屋、或土地及建物分件登記案件；,RPUNMLKMOHIGFEA97DA,127.48,12.51,11.44,有,,
北投區,房地(土地+建物)+車位,承德路七段１６６號六樓,28.39,,,,1091103,土地3建物1車位2,六層,二十層,住宅大樓(11層含以上有電梯),住家用,1120413.0,311.53999999999996,3,2,3,有,有,52300000,193014.0,坡道平面,66.48,5000000,111.9.5親屬讓渡取得交易總價不變.預售屋、或土地及建物分件登記案件；,RPRPMLQJOHIGFEA18DA,135.27,16.0,14.26,有,,
內湖區,房地(土地+建物)+車位,新豐街３８號五樓,36.03,住,,,1091113,土地1建物1車位1,五層,十層,華廈(10層含以下有電梯),住家用,1120117.0,165.8,3,2,2,有,有,34000000,232123.0,坡道平面,32.25,3000000,預售屋、或土地及建物分件登記案件；,RPROMLOJLHIGFCA37DA,80.66,0.0,6.4,有,,
北投區,房地(土地+建物)+車位,承德路七段１６６號四樓,28.37,住,,,1091105,土地3建物1車位2,四層,二十層,住宅大樓(11層含以上有電梯),住家用,1120413.0,294.93,3,2,3,有,有,50550000,191178.0,坡道平面,49.86,3700000,預售屋、或土地及建物分件登記案件；,RPWPMLTLOHIGFEA56DA,135.24,16.0,14.26,有,,
南港區,房地(土地+建物),三重路４１巷２３號十二樓,14.52,住,,,1091008,土地1建物1車位0,十二層,十三層,住宅大樓(11層含以上有電梯),住家用,1111129.0,89.36,2,2,1,有,有,22650000,253469.0,,0.0,0,預售屋、或土地及建物分件登記案件；,RPPNMLNJKHIGFDA96DA,48.77,0.0,8.91,有,,
北投區,房地(土地+建物)+車位,承德路七段１６８號三樓,25.95,,,,1091024,土地3建物1車位2,三層,二十層,住宅大樓(11層含以上有電梯),住家用,1120413.0,275.09000000000003,3,2,3,有,有,46900000,191360.0,坡道平面,49.86,3800000,111.9.12親屬讓渡1/2交易總價不變.預售屋、或土地及建物分件登記案件；,RPWNMLQJOHIGFEA48DA,127.48,12.51,11.44,有,,
內湖區,房地(土地+建物)+車位,新豐街３２號二樓,23.41,住,,,1091014,土地1建物1車位1,二層,十層,華廈(10層含以下有電梯),住家用,1120117.0,127.63,2,2,2,有,有,27480000,256658.0,坡道平面,32.25,3000000,預售屋、或土地及建物分件登記案件；,RPSNMLOJLHIGFCA37DA,52.36,0.0,9.83,有,,
北投區,房地(土地+建物)+車位,承德路七段１６６號五樓,28.37,,,,1091030,土地3建物1車位2,五層,二十層,住宅大樓(11層含以上有電梯),住家用,1120413.0,294.93,3,2,3,有,有,50800000,191994.0,坡道平面,49.86,3750000,預售屋、或土地及建物分件登記案件；,RPPOMLQJOHIGFEA87DA,135.24,16.0,14.26,有,,
北投區,房地(土地+建物)+車位,承德路七段１６６號十三樓,28.35,,,,1090908,土地3建物1車位1,十三層,二十層,住宅大樓(11層含以上有電梯),住家用,1120413.0,278.3,3,2,3,有,有,53980000,210022.0,坡道平面,33.24,2510000,預售屋、或土地及建物分件登記案件；,RPROMLQJOHIGFEA08DA,135.2,16.0,14.26,有,,
北投區,房地(土地+建物)+車位,承德路七段１６８號十九樓之１,28.43,,,,1090919,土地3建物1車位3,十九層,二十層,住宅大樓(11層含以上有電梯),住家用,1120413.0,344.79,3,2,3,有,有,67100000,238309.0,坡道平面,99.72,8700000,預售屋、或土地及建物分件登記案件；,RPTNMLQJOHIGFEA18DA,135.35,16.0,14.26,有,,
北投區,房地(土地+建物)+車位,承德路七段１６８號十四樓之１,28.35,,,,1090919,土地3建物1車位1,十四層,二十層,住宅大樓(11層含以上有電梯),住家用,1120413.0,278.3,3,2,3,有,有,57130000,221692.0,坡道平面,33.24,2800000,預售屋、或土地及建物分件登記案件；,RPRNMLQJOHIGFEA97DA,135.2,16.0,14.26,有,,
北投區,房地(土地+建物)+車位,承德路七段１６８號十五樓之１,28.35,,,,1090919,土地3建物1車位1,十五層,二十層,住宅大樓(11層含以上有電梯),住家用,1120413.0,278.3,3,2,3,有,有,58020000,225323.0,坡道平面,33.24,2800000,預售屋、或土地及建物分件登記案件；,RPSNMLQJOHIGFEA08DA,135.2,16.0,14.26,有,,
北投區,房地(土地+建物)+車位,承德路七段１６８號十三樓,25.95,,,,1090919,土地3建物1車位2,十三層,二十層,住宅大樓(11層含以上有電梯),住家用,1120413.0,275.09000000000003,3,2,3,有,有,51500000,211340.0,坡道平面,49.86,3900000,112年5月26日親屬間讓渡交易總價不變.預售屋、或土地及建物分件登記案件；,RPVQMLTLOHIGFEA56DA,127.48,12.51,11.44,有,,
北投區,房地(土地+建物)+車位,承德路七段１６６號十七樓,28.39,,,,1090903,土地3建物1車位2,十七層,二十層,住宅大樓(11層含以上有電梯),住家用,1120413.0,311.53999999999996,3,2,3,有,有,59750000,226271.0,坡道平面,66.48,4300000,預售屋、或土地及建物分件登記案件；,RPOQMLTLOHIGFEA48DA,135.27,16.0,14.26,有,,
北投區,房地(土地+建物)+車位,承德路七段１６６號三樓,28.35,住,,,1090917,土地3建物1車位1,三層,二十層,住宅大樓(11層含以上有電梯),住家用,1120413.0,278.3,3,2,3,有,有,47960000,189578.0,坡道平面,33.24,1500000,預售屋、或土地及建物分件登記案件；,RPQQMLTLOHIGFEA68DA,135.2,16.0,14.26,有,,
北投區,房地(土地+建物)+車位,承德路七段１６８號十三樓之１,28.43,,,,1090822,土地3建物1車位4,十三層,二十層,住宅大樓(11層含以上有電梯),住家用,1120413.0,344.79,3,2,3,有,有,59000000,211377.0,坡道平面,99.72,7200000,預售屋、或土地及建物分件登記案件；,RPQNMLQJOHIGFEA87DA,135.35,16.0,14.26,有,,
南港區,房地(土地+建物)+車位,三重路４１巷２５號七樓,18.65,住,,,1090826,土地1建物1車位1,七層,十三層,住宅大樓(11層含以上有電梯),住家用,1111129.0,134.5,3,2,2,有,有,29500000,245089.0,坡道機械,21.48,1800000,預售屋、或土地及建物分件登記案件；,RPSPMLTLQHHGFDA78DA,62.44,4.27,6.24,有,,
松山區,房地(土地+建物)+車位,敦化北路４巷２５弄１６號二樓,31.08,住,,,1090821,土地1建物1車位1,二層,十三層,住宅大樓(11層含以上有電梯),住家用,1120117.0,247.57,3,2,3,有,有,82700000,389429.0,升降平面,39.83,1800000,預售屋、或土地及建物分件登記案件；,RPTQMLLLOHIGFDA08DA,120.53,2.44,7.83,有,,
松山區,房地(土地+建物)+車位,敦化北路４巷２５弄１６號四樓,31.08,住,,,1090814,土地1建物1車位1,四層,十三層,住宅大樓(11層含以上有電梯),住家用,1120117.0,251.02,3,2,3,有,有,85880000,403774.0,升降平面,43.28,2000000,預售屋、或土地及建物分件登記案件；,RPVNMLLLOHIGFDA97DA,120.53,2.44,7.83,有,,
大安區,房地(土地+建物)+車位,和平東路二段７６巷１７弄１之２號六樓,33.98,住,,,1090819,土地1建物1車位1,六層,七層,華廈(10層含以下有電梯),住家用,1120217.0,162.7,3,2,2,有,有,48400000,375983.0,升降平面,41.95,3000000,1. 於112年5月23日契約轉讓，轉讓總價4980萬元整。2. 權利人二人。預售屋、或土地及建物分件登記案件；,RPTNMLPJOHIGFFA18DA,65.36,0.0,15.14,有,,
南港區,房地(土地+建物)+車位,三重路４１巷２７號十二樓,16.46,住,,,1090821,土地1建物1車位1,十二層,十三層,住宅大樓(11層含以上有電梯),住家用,1111129.0,114.38,3,2,1,有,有,24740000,251023.0,坡道機械,21.48,1420000,預售屋、或土地及建物分件登記案件；,RPSOMLTLQHHGFDA68DA,55.1,0.0,4.86,有,,
北投區,房地(土地+建物)+車位,承德路七段１６６號十四樓,28.39,,,,1090730,土地3建物1車位2,十四層,二十層,住宅大樓(11層含以上有電梯),住家用,1120413.0,311.53999999999996,3,2,3,有,有,56380000,205582.0,坡道平面,66.48,6000000,預售屋、或土地及建物分件登記案件；,RPSOMLQJOHIGFEA18DA,135.27,16.0,14.26,有,,
松山區,房地(土地+建物)+車位,敦化北路４巷２５弄１８號九樓,36.93,住,,,1090728,土地1建物1車位2,九層,十三層,住宅大樓(11層含以上有電梯),住家用,1120117.0,332.97,0,0,0,無,有,108700000,424902.0,升降平面,86.56,4000000,毛胚屋；預售屋、或土地及建物分件登記案件；,RPUOMLLLOHIGFDA97DA,129.55,0.0,25.63,有,,
松山區,房地(土地+建物)+車位,敦化北路４巷２５弄１６號三樓,31.08,住,,,1090731,土地1建物1車位1,三層,十三層,住宅大樓(11層含以上有電梯),住家用,1120117.0,251.02,3,2,2,有,有,85100000,400019.0,升降平面,43.28,2000000,預售屋、或土地及建物分件登記案件；,RPUNMLLLOHIGFDA87DA,120.53,2.44,7.83,有,,
松山區,房地(土地+建物)+車位,敦化北路４巷２５弄１６號九樓,31.08,住,,,1090731,土地1建物1車位1,九層,十三層,住宅大樓(11層含以上有電梯),住家用,1120117.0,251.03000000000003,0,0,0,無,有,90470000,423964.0,升降平面,43.3,2400000,毛胚屋；預售屋、或土地及建物分件登記案件；,RPOOMLLLOHIGFDA37DA,120.53,2.44,7.83,有,,
北投區,房地(土地+建物)+車位,承德路七段１６６號十五樓,28.41,,,,1090723,土地3建物1車位3,十五層,二十層,住宅大樓(11層含以上有電梯),住家用,1120413.0,328.15999999999997,3,2,3,有,有,59980000,215376.0,坡道平面,83.1,7200000,預售屋、或土地及建物分件登記案件；,RPSPMLTLOHIGFEA78DA,135.31,16.0,14.26,有,,
北投區,房地(土地+建物)+車位,承德路七段１６６號十五樓之１,25.95,,,,1090723,土地3建物1車位2,十五層,二十層,住宅大樓(11層含以上有電梯),住家用,1120413.0,275.09000000000003,3,2,3,有,有,53120000,215424.0,坡道平面,49.86,4600000,預售屋、或土地及建物分件登記案件；,RPTPMLTLOHIGFEA88DA,127.48,12.51,11.44,有,,
松山區,房地(土地+建物)+車位,敦化北路４巷２５弄１６號六樓,31.08,住,,,1090728,土地1建物1車位1,六層,十三層,住宅大樓(11層含以上有電梯),住家用,1120117.0,247.57,3,2,3,有,有,86550000,407962.0,升降平面,39.83,1800000,預售屋、或土地及建物分件登記案件；,RPQPMLLLOHIGFDA67DA,120.53,2.44,7.83,有,,
北投區,房地(土地+建物)+車位,承德路七段１６６號三樓之１,25.9,住,,,1090731,土地3建物1車位1,三層,二十層,住宅大樓(11層含以上有電梯),住家用,1120413.0,241.86,3,2,3,有,有,43580000,185055.0,坡道機械,16.62,1900000,預售屋、或土地及建物分件登記案件；,RPRQMLTLOHIGFEA78DA,127.41,12.51,11.44,有,,
大安區,房地(土地+建物)+車位,和平東路二段７６巷１７弄３號三樓,29.33,住,,,1090608,土地1建物1車位1,三層,十一層,住宅大樓(11層含以上有電梯),住家用,1120221.0,188.26,4,2,2,有,有,58980000,364425.0,坡道平面,36.02,3500000,於112年5月10日契約轉讓，轉讓總價同原預售契約。預售屋、或土地及建物分件登記案件；,RPRNMLPJOHIGFFA97DA,89.01,0.0,9.85,有,,
松山區,房地(土地+建物)+車位,敦化北路４巷２５弄１６號七樓,31.08,住,,,1090615,土地1建物1車位1,七層,十三層,住宅大樓(11層含以上有電梯),住家用,1120117.0,251.02,3,2,2,有,有,87380000,410032.0,升降平面,43.28,2200000,預售屋、或土地及建物分件登記案件；,RPUQMLLLOHIGFDA18DA,120.53,2.44,7.83,有,,
北投區,房地(土地+建物)+車位,承德路七段１６８號七樓,25.97,,,,1090624,土地3建物1車位2,七層,二十層,住宅大樓(11層含以上有電梯),住家用,1120413.0,291.71000000000004,3,2,3,有,有,49850000,199130.0,坡道平面,66.48,5000000,預售屋、或土地及建物分件登記案件；,RPTNMLKMOHIGFEA87DA,127.51,12.51,11.44,有,,
松山區,房地(土地+建物)+車位,敦化北路４巷２５弄１８號四樓,37.15,住,,,1090530,土地1建物1車位2,四層,十三層,住宅大樓(11層含以上有電梯),住家用,1120117.0,331.58000000000004,0,0,0,無,有,102980000,397553.0,升降平面,83.11,4200000,毛胚屋；預售屋、或土地及建物分件登記案件；,RPSOMLLLOHIGFDA77DA,130.87,0.0,25.63,有,,
大同區,房地(土地+建物)+車位,興城街７０號三樓之２,20.11,住,,,1090531,土地1建物1車位1,三層,十五層,住宅大樓(11層含以上有電梯),住家用,1120119.0,174.16,4,2,2,有,有,31500000,203116.0,坡道平面,30.4,2300000,預售屋、或土地及建物分件登記案件；,RPQNMLOLQHIGFBA87EA,90.29,0.0,9.91,有,,
萬華區,房地(土地+建物)+車位,德昌街２０１號二樓之１,13.33,住,,,1090505,土地1建物1車位1,二層,十三層,住宅大樓(11層含以上有電梯),住家用,1120407.0,98.53,2,2,1,有,無,13990000,148046.0,其他,14.84,1600000,其中1房為儲藏空間買受人名義變更預售屋、或土地及建物分件登記案件；,RPTPMLLLQHIGFBA97DA,44.02,5.98,3.88,有,,
萬華區,房地(土地+建物),德昌街２０１號四樓之１,13.33,住,,,1090502,土地1建物1車位0,四層,十三層,住宅大樓(11層含以上有電梯),住家用,1120407.0,83.69,2,2,1,有,無,12600000,150556.0,,0.0,0,其中1房為儲藏空間,RPVOMLOJRHIGFBA28DA,44.02,5.98,3.88,有,,
松山區,房地(土地+建物)+車位,敦化北路４巷２５弄１８號五樓,37.07,住,,,1090430,土地1建物1車位1,五層,十三層,住宅大樓(11層含以上有電梯),住家用,1120117.0,288.28999999999996,3,2,2,有,有,102580000,403606.0,升降平面,39.83,2300000,預售屋、或土地及建物分件登記案件；,RPVQMLLLOHIGFDA28DA,130.87,0.0,25.63,有,,
大安區,房地(土地+建物)+車位,和平東路二段７６巷１７弄３號七樓之５,17.91,住,,,1090305,土地1建物1車位1,七層,十一層,住宅大樓(11層含以上有電梯),住家用,1120221.0,129.06,2,2,1,有,有,38700000,378332.0,坡道平面,36.02,3500000,預售屋、或土地及建物分件登記案件；,RPWOMLQKKHIGFFA38DA,56.15,0.0,4.31,有,,
北投區,房地(土地+建物)+車位,承德路七段１６８號二十樓之１,28.39,,,,1090327,土地3建物1車位2,二十層,二十層,住宅大樓(11層含以上有電梯),住家用,1120413.0,311.53999999999996,3,2,3,有,有,60660000,227128.0,坡道平面,66.48,5000000,預售屋、或土地及建物分件登記案件；,RPUNMLQJOHIGFEA28DA,135.27,16.0,14.26,有,,
松山區,房地(土地+建物)+車位,敦化北路４巷２５弄１８號三樓,37.07,住,,,1090315,土地1建物1車位1,三層,十三層,住宅大樓(11層含以上有電梯),住家用,1120117.0,291.74,3,2,3,有,有,103190000,406464.0,升降平面,43.28,2200000,預售屋、或土地及建物分件登記案件；,RPSQMLLLOHIGFDA97DA,130.87,0.0,25.63,有,,
松山區,房地(土地+建物)+車位,敦化北路４巷２５弄１６號五樓,31.08,住,,,1090309,土地1建物1車位1,五層,十三層,住宅大樓(11層含以上有電梯),住家用,1120117.0,251.02,0,0,0,無,有,88180000,413883.0,升降平面,43.28,2200000,毛胚屋；預售屋、或土地及建物分件登記案件；,RPPPMLLLOHIGFDA57DA,120.53,2.44,7.83,有,,
萬華區,房地(土地+建物),德昌街１９９號三樓,12.35,住,,,1090316,土地1建物1車位0,三層,十三層,住宅大樓(11層含以上有電梯),住家用,1120407.0,77.52,1,2,1,有,無,12070000,155702.0,,0.0,0,預售屋、或土地及建物分件登記案件；,RPWOMLLLQHIGFBA18DA,39.32,5.72,4.86,有,,
萬華區,房地(土地+建物),德昌街１９９號四樓之１,11.92,住,,,1090312,土地1建物1車位0,四層,十三層,住宅大樓(11層含以上有電梯),住家用,1120407.0,74.8,2,2,1,有,無,11600000,155080.0,,0.0,0,預售屋、或土地及建物分件登記案件；,RPROMLLLQHIGFBA67DA,37.76,6.5,3.89,有,,
萬華區,房地(土地+建物)+車位,德昌街２０１號五樓之１,13.33,住,,,1090329,土地1建物1車位1,五層,十三層,住宅大樓(11層含以上有電梯),住家用,1120407.0,98.53,2,2,1,有,無,14700000,155335.0,其他,14.84,1700000,112年2月27日購買1個機械車位170萬元其中1房為儲藏空間,RPVPMLLLQHIGFBA18DA,44.02,5.98,3.88,有,,
萬華區,房地(土地+建物),德昌街２０１號三樓之１,13.33,住,,,1090318,土地1建物1車位0,三層,十三層,住宅大樓(11層含以上有電梯),住家用,1120407.0,83.69,2,2,1,有,無,12850000,153543.0,,0.0,0,其中1房為儲藏空間預售屋、或土地及建物分件登記案件；,RPUPMLLLQHIGFBA08DA,44.02,5.98,3.88,有,,
大安區,房地(土地+建物)+車位,和平東路二段７６巷１７弄１之２號三樓之２,30.54,住,,,1090202,土地1建物1車位1,三層,七層,華廈(10層含以下有電梯),住家用,1120217.0,150.36,3,2,2,有,有,39650000,343142.0,升降平面,41.95,2450000,於110年4月26日契約轉讓，轉讓總價4208萬元整。預售屋、或土地及建物分件登記案件；,RPWNMLOKMHIGFFA28DA,63.43,0.0,8.8,有,,
松山區,房地(土地+建物)+車位,敦化南路一段１００巷１１號十一樓,24.66,住,,,1090214,土地1建物1車位1,十一層,十二層,住宅大樓(11層含以上有電梯),住家用,1120419.0,175.29000000000002,0,0,0,無,有,63000000,402738.0,塔式車位,24.82,2400000,毛胚屋；預售屋、或土地及建物分件登記案件；,RPUNMLLKPHIGFDA87DA,79.03,0.0,9.36,有,,
萬華區,房地(土地+建物)+車位,德昌街２０１號四樓,12.83,住,,,1090207,土地1建物1車位1,四層,十三層,住宅大樓(11層含以上有電梯),住家用,1120407.0,95.35,2,2,1,有,無,13900000,152776.0,其他,14.84,1600000,預售屋、或土地及建物分件登記案件；,RPQQMLLLQHIGFBA77DA,45.96,2.8,3.07,有,,
萬華區,房地(土地+建物),德昌街１９９號五樓,12.35,住,,,1090216,土地1建物1車位0,五層,十三層,住宅大樓(11層含以上有電梯),住家用,1120407.0,77.52,1,2,1,有,無,12200000,157379.0,,0.0,0,預售屋、或土地及建物分件登記案件；,RPOPMLLLQHIGFBA47DA,39.32,5.72,4.86,有,,
萬華區,房地(土地+建物),德昌街１９９號四樓,12.35,住,,,1090216,土地1建物1車位0,四層,十三層,住宅大樓(11層含以上有電梯),住家用,1120407.0,77.52,2,2,1,有,無,12000000,154799.0,,0.0,0,預售屋、或土地及建物分件登記案件；,RPXOMLLLQHIGFBA28DA,39.32,5.72,4.86,有,,
萬華區,房地(土地+建物)+車位,德昌街２０１號八樓之１,13.59,住,,,1090225,土地1建物1車位1,八層,十三層,住宅大樓(11層含以上有電梯),住家用,1120407.0,100.21,2,2,1,有,無,15400000,160478.0,其他,14.84,1700000,其中1房為儲藏空間預售屋、或土地及建物分件登記案件；,RPPPMLLLQHIGFBA57DA,41.45,5.98,7.57,有,,
萬華區,房地(土地+建物),德昌街１９７號二樓,16.81,住,,,1090216,土地1建物1車位0,二層,十三層,住宅大樓(11層含以上有電梯),住家用,1120407.0,105.5,2,2,2,有,無,16000000,151659.0,,0.0,0,預售屋、或土地及建物分件登記案件；,RPWNMLLLQHIGFBA08DA,53.14,7.17,7.6,有,,
萬華區,房地(土地+建物),德昌街２０１號六樓之１,13.33,住,,,1090216,土地1建物1車位0,六層,十三層,住宅大樓(11層含以上有電梯),住家用,1120407.0,83.69,2,2,1,有,無,13000000,155335.0,,0.0,0,其中1房為儲藏空間預售屋、或土地及建物分件登記案件；,RPOPMLOJRHIGFBA67DA,44.02,5.98,3.88,有,,
大安區,房地(土地+建物)+車位,和平東路二段７６巷１７弄３號八樓,29.33,住,,,1090107,土地1建物1車位1,八層,十一層,住宅大樓(11層含以上有電梯),住家用,1120221.0,188.26,4,2,2,有,有,61280000,378219.0,坡道平面,36.02,3700000,預售屋、或土地及建物分件登記案件；,RPVNMLPKKHIGFFA08DA,89.01,0.0,9.85,有,,
大安區,房地(土地+建物)+車位,和平東路二段７６巷１７弄３號十樓之５,17.91,住,,,1090118,土地1建物1車位1,十層,十一層,住宅大樓(11層含以上有電梯),住家用,1120221.0,129.06,2,2,1,有,有,40000000,392304.0,坡道平面,36.02,3500000,預售屋、或土地及建物分件登記案件；,RPOPMLQKKHIGFFA67DA,56.15,0.0,4.31,有,,
大安區,房地(土地+建物)+車位,和平東路二段７６巷１７弄３號三樓之３,15.08,住,,,1090111,土地1建物1車位1,三層,十一層,住宅大樓(11層含以上有電梯),住家用,1120221.0,114.23,2,1,1,有,有,32070000,369134.0,坡道平面,36.02,3200000,預售屋、或土地及建物分件登記案件；,RPXNMLQKKHIGFFA38DA,45.91,0.0,4.86,有,,
大安區,房地(土地+建物)+車位,和平東路二段７６巷１７弄３號三樓之２,23.09,住,,,1090111,土地1建物1車位1,三層,十一層,住宅大樓(11層含以上有電梯),住家用,1120221.0,155.97000000000003,3,2,2,有,有,48530000,375406.0,坡道平面,36.02,3500000,預售屋、或土地及建物分件登記案件；,RPXOMLPKKHIGFFA38DA,73.59,0.0,4.34,有,,
松山區,房地(土地+建物)+車位,敦化北路４巷２５弄１８號八樓,37.15,住,,,1090101,土地1建物1車位1,八層,十三層,住宅大樓(11層含以上有電梯),住家用,1120117.0,291.76,0,0,0,無,有,106800000,420993.0,升降平面,43.3,2200000,毛胚屋；預售屋、或土地及建物分件登記案件；,RPTOMLLLOHIGFDA87DA,130.87,0.0,25.63,有,,
松山區,房地(土地+建物)+車位,敦化北路４巷２５弄１６號八樓,31.08,住,,,1090101,土地1建物1車位1,八層,十三層,住宅大樓(11層含以上有電梯),住家用,1120117.0,251.03000000000003,0,0,0,無,有,90080000,423049.0,升降平面,43.3,2200000,毛胚屋；預售屋、或土地及建物分件登記案件；,RPWNMLLLOHIGFDA08DA,120.53,2.44,7.83,有,,
松山區,房地(土地+建物)+車位,敦化北路４巷２５弄１８號七樓,37.15,住,,,1090110,土地1建物1車位2,七層,十三層,住宅大樓(11層含以上有電梯),住家用,1120117.0,335.03,0,0,0,無,有,106980000,413652.0,升降平面,86.56,4200000,毛胚屋；預售屋、或土地及建物分件登記案件；,RPUPMLLLOHIGFDA08DA,130.87,0.0,25.63,有,,
萬華區,房地(土地+建物)+車位,德昌街２０１號三樓,12.83,住,,,1090130,土地1建物1車位1,三層,十三層,住宅大樓(11層含以上有電梯),住家用,1120407.0,95.35,2,2,1,有,無,13700000,150292.0,其他,14.84,1600000,預售屋、或土地及建物分件登記案件；,RPPQMLLLQHIGFBA67DA,45.96,2.8,3.07,有,,
萬華區,房地(土地+建物)+車位,德昌街１９７號五樓,16.81,住,,,1090103,土地1建物1車位1,五層,十三層,住宅大樓(11層含以上有電梯),住家用,1120407.0,120.34,3,2,1,有,無,17900000,153555.0,其他,14.84,1700000,預售屋、或土地及建物分件登記案件；,RPXOMLOJRHIGFBA48DA,53.14,7.17,7.6,有,,
松山區,房地(土地+建物)+車位,敦化南路一段１００巷１１號九樓,24.85,住,,,1081231,土地1建物1車位1,九層,十二層,住宅大樓(11層含以上有電梯),住家用,1120419.0,176.06,0,0,0,無,有,61000000,386141.0,塔式車位,24.82,2600000,毛胚屋；預售屋、或土地及建物分件登記案件；,RPSNMLLKPHIGFDA67DA,79.48,0.0,9.36,有,,
松山區,房地(土地+建物)+車位,敦化南路一段１００巷１１號十二樓,29.52,住,,,1081213,土地1建物1車位2,十二層，見其他登記事項,十二層,住宅大樓(11層含以上有電梯),住家用,1120419.0,223.9,0,0,0,無,有,79880000,428555.0,塔式車位,49.64,5200000,毛胚屋；預售屋、或土地及建物分件登記案件；,RPQNMLRKPHIGFDA18EA,93.86,0.0,7.7,有,,
松山區,房地(土地+建物)+車位,敦化南路一段１００巷１１號十樓,24.99,住,,,1081219,土地1建物1車位2,十層,十二層,住宅大樓(11層含以上有電梯),住家用,1120419.0,200.88,0,0,0,無,有,65000000,395398.0,塔式車位,49.64,5200000,毛胚屋；預售屋、或土地及建物分件登記案件；,RPTNMLLKPHIGFDA77DA,79.48,0.0,9.36,有,,
萬華區,房地(土地+建物),德昌街１９５號五樓,17.98,住,,,1081208,土地1建物1車位0,五層,十三層,住宅大樓(11層含以上有電梯),住家用,1120407.0,113.0,3,2,2,有,無,17530000,155133.0,,0.0,0,買受人名義變更預售屋、或土地及建物分件登記案件；,RPUNMLLLQHIGFBA87DA,57.22,8.0,7.56,有,,
萬華區,房地(土地+建物),德昌街２０１號六樓,12.83,住,,,1081221,土地1建物1車位0,六層,十三層,住宅大樓(11層含以上有電梯),住家用,1120407.0,80.50999999999999,2,2,1,有,無,12510000,155384.0,,0.0,0,預售屋、或土地及建物分件登記案件；,RPSQMLLLQHIGFBA97DA,45.96,2.8,3.07,有,,
萬華區,房地(土地+建物),德昌街１９９號三樓之１,11.92,住,,,1081206,土地1建物1車位0,三層,十三層,住宅大樓(11層含以上有電梯),住家用,1120407.0,74.8,2,2,1,有,無,11180000,149465.0,,0.0,0,預售屋、或土地及建物分件登記案件；,RPQOMLLLQHIGFBA57DA,37.76,6.5,3.89,有,,
萬華區,房地(土地+建物)+車位,德昌街１９５號二樓,17.98,住,,,1081210,土地1建物1車位1,二層,十三層,住宅大樓(11層含以上有電梯),住家用,1120407.0,127.84,3,2,2,有,無,18700000,150442.0,其他,14.84,1700000,預售屋、或土地及建物分件登記案件；,RPSNMLLLQHIGFBA67DA,57.22,8.0,7.56,有,,
萬華區,房地(土地+建物)+車位,德昌街１９７號四樓,16.81,住,,,1081228,土地1建物1車位1,四層,十三層,住宅大樓(11層含以上有電梯),住家用,1120407.0,120.34,1,2,1,有,無,17860000,153175.0,其他,14.84,1700000,預售屋、或土地及建物分件登記案件；,RPXNMLLLQHIGFBA18DA,53.14,7.17,7.6,有,,
萬華區,房地(土地+建物),德昌街２０１號二樓,12.83,住,,,1081229,土地1建物1車位0,二層,十三層,住宅大樓(11層含以上有電梯),住家用,1120407.0,80.50999999999999,2,2,1,有,無,12280000,152528.0,,0.0,0,預售屋、或土地及建物分件登記案件；,RPOQMLLLQHIGFBA57DA,45.96,2.8,3.07,有,,
萬華區,房地(土地+建物)+車位,德昌街２０１號五樓,12.83,住,,,1081203,土地1建物1車位1,五層,十三層,住宅大樓(11層含以上有電梯),住家用,1120407.0,95.35,2,2,1,有,無,14200000,155260.0,其他,14.84,1700000,預售屋、或土地及建物分件登記案件；,RPRQMLLLQHIGFBA87DA,45.96,2.8,3.07,有,,
南港區,房地(土地+建物)+車位,東新街６０號十一樓,28.57,住,,,1081120,土地2建物1車位1,十一層,十六層,住宅大樓(11層含以上有電梯),住家用,1110701.0,213.43,3,2,2,有,無,47350000,258794.0,坡道平面,39.74,2400000,,RPWNMLTLOHIGFDA88DA,104.73,0.0,8.07,有,,
萬華區,房地(土地+建物),德昌街２０１號七樓之１,13.8,住,,,1081116,土地1建物1車位0,七層,十三層,住宅大樓(11層含以上有電梯),住家用,1120407.0,86.65,2,2,1,有,無,13300000,153491.0,,0.0,0,其中1房為儲藏空間預售屋、或土地及建物分件登記案件；,RPWPMLLLQHIGFBA28DA,43.56,5.98,6.26,有,,
萬華區,房地(土地+建物),德昌街１９９號二樓之１,11.92,住,,,1081116,土地1建物1車位0,二層,十三層,住宅大樓(11層含以上有電梯),住家用,1120407.0,74.8,1,2,1,有,無,10980000,146791.0,,0.0,0,預售屋、或土地及建物分件登記案件；,RPPOMLLLQHIGFBA47DA,37.76,6.5,3.89,有,,
萬華區,房地(土地+建物)+車位,德昌街１９９號十一樓,14.75,住,,,1081130,土地1建物1車位1,十一層,十三層,住宅大樓(11層含以上有電梯),住家用,1120407.0,107.75,2,2,2,有,無,17280000,167689.0,其他,14.84,1700000,預售屋、或土地及建物分件登記案件；,RPVOMLLLQHIGFBA08DA,45.14,6.92,7.86,有,,
萬華區,房地(土地+建物)+車位,德昌街２０１號十三樓,15.27,住,,,1081116,土地1建物1車位1,十三層,十三層,住宅大樓(11層含以上有電梯),住家用,1120407.0,110.72,2,2,2,有,無,17600000,165832.0,其他,14.84,1700000,預售屋、或土地及建物分件登記案件；,RPSPMLLLQHIGFBA87DA,58.06,2.8,0.87,有,,
萬華區,房地(土地+建物),德昌街１９５號六樓,16.29,住,,,1081125,土地1建物1車位0,六層,十三層,住宅大樓(11層含以上有電梯),住家用,1120407.0,102.23,3,2,2,有,無,16080000,157292.0,,0.0,0,預售屋、或土地及建物分件登記案件；,RPVNMLLLQHIGFBA97DA,53.95,8.0,3.86,有,,
萬華區,房地(土地+建物)+車位,德昌街１９９號十樓,17.02,住,,,1081110,土地1建物1車位1,十層,十三層,住宅大樓(11層含以上有電梯),住家用,1120407.0,121.99,2,2,2,有,無,18900000,160523.0,其他,14.84,1700000,預售屋、或土地及建物分件登記案件；,RPUOMLLLQHIGFBA97DA,52.1,6.92,10.07,有,,
萬華區,房地(土地+建物)+車位,德昌街１９５號三樓,17.98,住,,,1081130,土地1建物1車位1,三層,十三層,住宅大樓(11層含以上有電梯),住家用,1120407.0,127.84,3,2,2,有,無,19000000,153097.0,其他,14.84,1700000,預售屋、或土地及建物分件登記案件；,RPTNMLLLQHIGFBA77DA,57.22,8.0,7.56,有,,
萬華區,房地(土地+建物)+車位,德昌街２０１號十二樓,17.66,住,,,1081117,土地1建物1車位1,十二層,十三層,住宅大樓(11層含以上有電梯),住家用,1120407.0,125.72,3,2,2,有,無,19500000,160534.0,其他,14.84,1700000,預售屋、或土地及建物分件登記案件；,RPRPMLLLQHIGFBA77DA,65.51,2.8,3.07,有,,
萬華區,房地(土地+建物),德昌街１９７號三樓,16.81,住,,,1081102,土地1建物1車位0,三層,十三層,住宅大樓(11層含以上有電梯),住家用,1120407.0,105.5,3,2,2,有,無,15750000,149289.0,,0.0,0,預售屋、或土地及建物分件登記案件；,RPUOMLOJRHIGFBA18DA,53.14,7.17,7.6,有,,
萬華區,房地(土地+建物)+車位,德昌街１９５號四樓,17.98,住,,,1081125,土地1建物1車位1,四層,十三層,住宅大樓(11層含以上有電梯),住家用,1120407.0,127.84,3,2,2,有,無,19180000,154690.0,其他,14.84,1700000,買受人名義變更預售屋、或土地及建物分件登記案件；,RPWOMLOJRHIGFBA38DA,57.22,8.0,7.56,有,,
大同區,房地(土地+建物)+車位,興城街７０號八樓之６,21.21,住,,,1081009,土地1建物1車位1,八層,十五層,住宅大樓(11層含以上有電梯),住家用,1120119.0,177.75,4,2,2,有,有,32500000,199130.0,坡道平面,26.09,2300000,預售屋、或土地及建物分件登記案件；,RPPOMLOLQHIGFBA87EA,90.29,5.5,9.91,有,,
大同區,房地(土地+建物)+車位,承德路一段８８號十三樓,14.42,,,,1080910,土地1建物1車位1,十三層,十四層,住宅大樓(11層含以上有電梯),住家用,1120309.0,202.47,3,2,2,有,有,49000000,261022.0,坡道平面,25.09,2700000,預售屋、或土地及建物分件登記案件；,SPSOMLQJQHIGFBA18DA,98.84,15.85,4.59,有,,
大同區,房地(土地+建物)+車位,承德路一段８８號十一樓,14.42,,,,1080910,土地1建物1車位1,十一層,十四層,住宅大樓(11層含以上有電梯),住家用,1120309.0,203.67,3,2,2,有,有,49000000,261036.0,坡道平面,26.3,2700000,預售屋、或土地及建物分件登記案件；,RPSOMLQJQHIGFBA08DA,98.84,15.85,4.59,有,,
大同區,房地(土地+建物)+車位,興城街７０號九樓之３,18.56,住,,,1080907,土地1建物1車位1,九層,十五層,住宅大樓(11層含以上有電梯),住家用,1120119.0,162.97,3,2,2,有,有,28800000,199894.0,坡道平面,30.4,2300000,預售屋、或土地及建物分件登記案件；,RPVNMLOLQHIGFBA38EA,79.95,3.51,8.9,有,,
大安區,房地(土地+建物)+車位,臥龍街２９１號五樓,25.15,住,,,1080926,土地1建物1車位1,五層,十四層,住宅大樓(11層含以上有電梯),住家用,1120503.0,195.94,3,2,2,有,有,40850000,231054.0,坡道平面,31.26,2800000,原買方鄭OO與新買方楊OO蘇OO於111.5.10 簽立權利義務移轉證明更名轉讓總價款不變預售屋、或土地及建物分件登記案件；,RPVNMLOLQHIGFFA68DA,94.48,8.99,10.19,有,,
大安區,房地(土地+建物)+車位,臥龍街２８９號二樓之１,19.22,住,,,1080807,土地1建物1車位2,二層,十四層,住宅大樓(11層含以上有電梯),住家用,1120503.0,193.01,3,2,2,有,有,33240000,216415.0,坡道平面,62.52,5000000,預售屋、或土地及建物分件登記案件；,RPSNMLRKQHIGFFA58DA,67.91,0.0,17.94,有,,
大安區,房地(土地+建物)+車位,臥龍街２９１號十二樓之２,17.9,住,,,1080813,土地1建物1車位1,十二層,十四層,住宅大樓(11層含以上有電梯),住家用,1120503.0,148.14,3,2,2,有,有,30430000,238107.0,坡道平面,31.26,2600000,預售屋、或土地及建物分件登記案件；,RPSNMLOLQHIGFFA38DA,65.41,8.12,7.09,有,,
大安區,房地(土地+建物)+車位,臥龍街２８９號四樓之１,18.36,住,,,1080802,土地1建物1車位1,四層,十四層,住宅大樓(11層含以上有電梯),住家用,1120503.0,157.04,3,2,2,有,有,29810000,217920.0,坡道平面,31.26,2400000,預售屋、或土地及建物分件登記案件；,RPSOMLOLQHIGFFA48DA,67.91,8.25,6.58,有,,
大安區,房地(土地+建物)+車位,臥龍街２９１號十四樓之３,17.21,住,,,1080810,土地1建物1車位1,十四層,十四層,住宅大樓(11層含以上有電梯),住家用,1120503.0,143.64,3,2,2,有,有,29830000,244083.0,坡道平面,31.26,2400000,原買方徐OO與新買方阮OO於112.1.12 簽立權利義務移轉證明更名轉讓總價款不變預售屋、或土地及建物分件登記案件；,RPPOMLOLQHIGFFA18DA,64.47,6.43,6.62,有,,
大安區,房地(土地+建物)+車位,臥龍街２９１號十四樓之２,18.0,住,,,1080810,土地1建物1車位1,十四層,十四層,住宅大樓(11層含以上有電梯),住家用,1120503.0,148.87,3,2,2,有,有,31430000,245132.0,坡道平面,31.26,2600000,預售屋、或土地及建物分件登記案件；,RPPNMLOLQHIGFFA08DA,67.81,6.25,7.09,有,,
大安區,房地(土地+建物)+車位,臥龍街２９１號十一樓之３,17.09,住,,,1080803,土地1建物1車位1,十一層,十四層,住宅大樓(11層含以上有電梯),住家用,1120503.0,142.82999999999998,3,2,2,有,有,28860000,235368.0,坡道平面,31.26,2600000,原買方李OO林OO與新買方林OO於112.6.30 簽立1/2權利義務移轉證明更名轉讓總價款不變預售屋、或土地及建物分件登記案件；,RPXNMLOLQHIGFFA88DA,62.06,8.3,6.62,有,,
大安區,房地(土地+建物)+車位,臥龍街２９１號十樓之２,17.9,住,,,1080707,土地1建物1車位1,十層,十四層,住宅大樓(11層含以上有電梯),住家用,1120503.0,148.14,3,2,2,有,有,30290000,235198.0,坡道平面,31.26,2800000,預售屋、或土地及建物分件登記案件；,RPTNMLRKQHIGFFA68DA,65.41,8.12,7.09,有,,
大安區,房地(土地+建物)+車位,臥龍街２９１號十樓,25.15,住,,,1080707,土地1建物1車位1,十層,十四層,住宅大樓(11層含以上有電梯),住家用,1120503.0,195.94,3,2,2,有,有,43040000,241924.0,坡道平面,31.26,3200000,預售屋、或土地及建物分件登記案件；,RPVNMLRKQHIGFFA88DA,94.48,8.99,10.19,有,,
大安區,房地(土地+建物)+車位,臥龍街２９１號十樓之３,17.09,住,,,1080707,土地1建物1車位1,十層,十四層,住宅大樓(11層含以上有電梯),住家用,1120503.0,142.82999999999998,3,2,2,有,有,28890000,233844.0,坡道平面,31.26,2800000,預售屋、或土地及建物分件登記案件；,RPUNMLRKQHIGFFA78DA,62.06,8.3,6.62,有,,
大安區,房地(土地+建物)+車位,臥龍街２９１號七樓,25.33,住,,,1080722,土地1建物1車位2,七層,十四層,住宅大樓(11層含以上有電梯),住家用,1120503.0,227.21,3,2,2,有,有,45630000,238205.0,坡道平面,62.52,6400000,1.原買方維O股份有限公司與新買方洪OO於112.6.28 簽立權利義務移轉證明更名轉讓總價款不變2.二個停車位未拆分單價預售屋、或土地及建物分件登記案件；,RPOOMLRKQHIGFFA28DA,94.48,8.99,10.19,有,,
大安區,房地(土地+建物)+車位,臥龍街２９１號七樓之３,17.09,住,,,1080717,土地1建物1車位1,七層,十四層,住宅大樓(11層含以上有電梯),住家用,1120503.0,142.82999999999998,3,2,2,有,有,27010000,220579.0,坡道平面,31.26,2400000,原買方王OO與新買方張OO於110.6.21 簽立權利義務移轉證明更名轉讓總價款不變預售屋、或土地及建物分件登記案件；,RPXNMLRKQHIGFFA09DA,62.06,8.3,6.62,有,,
大安區,房地(土地+建物)+車位,臥龍街２９１號十樓之１,18.3,住,,,1080707,土地1建物1車位1,十層,十四層,住宅大樓(11層含以上有電梯),住家用,1120503.0,150.78,3,2,2,有,有,31570000,240713.0,坡道平面,31.26,2800000,預售屋、或土地及建物分件登記案件；,RPWNMLRKQHIGFFA98DA,67.29,7.02,8.16,有,,
大同區,房地(土地+建物)+車位,興城街７０號七樓之６,21.21,住,,,1080726,土地1建物1車位1,七層,十五層,住宅大樓(11層含以上有電梯),住家用,1120119.0,182.06,4,2,2,有,有,32700000,199789.0,坡道平面,30.4,2400000,預售屋、或土地及建物分件登記案件；,RPUNMLOLQHIGFBA28EA,90.29,5.5,9.91,有,,
大安區,房地(土地+建物)+車位,臥龍街２９１號十一樓之１,18.3,住,,,1080706,土地1建物1車位1,十一層,十四層,住宅大樓(11層含以上有電梯),住家用,1120503.0,150.78,3,2,2,有,有,31940000,242135.0,坡道平面,31.26,3000000,預售屋、或土地及建物分件登記案件；,RPQNMLOLQHIGFFA18DA,67.29,7.02,8.16,有,,
大安區,房地(土地+建物)+車位,臥龍街２９１號四樓之３,17.09,住,,,1080711,土地1建物1車位1,四層,十四層,住宅大樓(11層含以上有電梯),住家用,1120503.0,142.82999999999998,3,2,2,有,有,26430000,213588.0,坡道平面,31.26,2600000,預售屋、或土地及建物分件登記案件；,RPRNMLOLQHIGFFA28DA,62.06,8.3,6.62,有,,
大安區,房地(土地+建物)+車位,臥龍街２９１號十二樓,25.15,住,,,1080719,土地1建物1車位1,十二層,十四層,住宅大樓(11層含以上有電梯),住家用,1120503.0,195.94,3,2,2,有,有,43110000,244778.0,坡道平面,31.26,2800000,預售屋、或土地及建物分件登記案件；,RPUNMLOLQHIGFFA58DA,94.48,8.99,10.19,有,,
大安區,房地(土地+建物)+車位,臥龍街２８９號十三樓,18.36,住,,,1080729,土地1建物1車位1,十三層,十四層,住宅大樓(11層含以上有電梯),住家用,1120503.0,156.94,3,2,2,有,有,32760000,241566.0,坡道平面,31.26,2400000,預售屋、或土地及建物分件登記案件；,RPQOMLOLQHIGFFA28DA,67.91,8.04,6.76,有,,
大安區,房地(土地+建物)+車位,臥龍街２９１號七樓之１,18.3,住,,,1080711,土地1建物1車位1,七層,十四層,住宅大樓(11層含以上有電梯),住家用,1120503.0,150.78,3,2,2,有,有,30620000,232764.0,坡道平面,31.26,2800000,預售屋、或土地及建物分件登記案件；,RPTNMLOLQHIGFFA48DA,67.29,7.02,8.16,有,,
大安區,房地(土地+建物)+車位,臥龍街２８９號十三樓之１,18.36,住,,,1080713,土地1建物1車位1,十三層,十四層,住宅大樓(11層含以上有電梯),住家用,1120503.0,156.94,3,2,2,有,有,32960000,241566.0,坡道平面,31.26,2600000,原買方詹OO與新買方朱OO於111.3.11 簽立權利義務移轉證明更名轉讓總價款不變預售屋、或土地及建物分件登記案件；,RPROMLOLQHIGFFA38DA,67.91,8.04,6.76,有,,
大安區,房地(土地+建物)+車位,臥龍街２９１號九樓,25.15,住,,,1080707,土地1建物1車位1,九層,十四層,住宅大樓(11層含以上有電梯),住家用,1120503.0,195.94,3,2,2,有,有,42400000,240466.0,坡道平面,31.26,2800000,預售屋、或土地及建物分件登記案件；,RPOOMLOLQHIGFFA08DA,94.48,8.99,10.19,有,,
南港區,房地(土地+建物)+車位,東新街６２號九樓,33.09,住,,,1080614,土地2建物1車位1,九層,十六層,住宅大樓(11層含以上有電梯),住家用,1110701.0,240.97,4,2,2,有,無,54220000,257019.0,坡道平面,39.74,2500000,,RPRNMLLJOHIGFDA37DA,119.58,0.0,11.11,有,,
大同區,房地(土地+建物)+車位,興城街７０號六樓之３,18.56,住,,,1080607,土地1建物1車位1,六層,十五層,住宅大樓(11層含以上有電梯),住家用,1120119.0,162.97,3,2,2,有,有,28980000,200498.0,坡道平面,30.4,2400000,預售屋、或土地及建物分件登記案件；,RPTNMLOLQHIGFBA18EA,79.95,3.51,8.9,有,,
大同區,房地(土地+建物)+車位,興城街７０號六樓之２,21.21,住,,,1080602,土地1建物1車位1,六層,十五層,住宅大樓(11層含以上有電梯),住家用,1120119.0,182.06,4,2,2,有,有,32500000,197811.0,坡道平面,30.4,2500000,預售屋、或土地及建物分件登記案件；,RPSNMLOLQHIGFBA08EA,90.29,5.5,9.91,有,,
大同區,房地(土地+建物)+車位,興城街７０號七樓之２,21.21,住,,,1080615,土地1建物1車位1,七層,十五層,住宅大樓(11層含以上有電梯),住家用,1120119.0,182.06,4,2,2,有,有,32800000,199789.0,坡道平面,30.4,2500000,預售屋、或土地及建物分件登記案件；,RPOOMLOLQHIGFBA77EA,90.29,5.5,9.91,有,,
大同區,房地(土地+建物)+車位,興城街７０號五樓之２,21.21,住,,,1080615,土地1建物1車位1,五層,十五層,住宅大樓(11層含以上有電梯),住家用,1120119.0,182.96,4,2,2,有,有,32670000,198932.0,坡道平面,31.3,2500000,預售屋、或土地及建物分件登記案件；,RPXNMLOLQHIGFBA58EA,90.29,5.5,9.91,有,,
大同區,房地(土地+建物)+車位,興城街７０號十樓之５,18.56,住,,,1080614,土地1建物1車位1,十層,十五層,住宅大樓(11層含以上有電梯),住家用,1120119.0,162.97,3,2,2,有,有,29000000,200649.0,坡道平面,30.4,2400000,預售屋、或土地及建物分件登記案件；,RPWNMLOLQHIGFBA48EA,79.95,3.51,8.9,有,,
大同區,房地(土地+建物)+車位,興城街７０號三樓之３,17.87,住,,,1080622,土地1建物1車位1,三層,十五層,住宅大樓(11層含以上有電梯),住家用,1120119.0,157.92,3,2,2,有,有,27570000,198165.0,坡道平面,30.4,2300000,預售屋、或土地及建物分件登記案件；,RPQNMLLJRHIGFBA37DA,79.95,0.0,8.9,有,,
大同區,房地(土地+建物)+車位,興城街７０號八樓之３,18.56,住,,,1080612,土地1建物1車位1,八層,十五層,住宅大樓(11層含以上有電梯),住家用,1120119.0,162.97,3,2,2,有,有,29000000,200649.0,坡道平面,30.4,2400000,預售屋、或土地及建物分件登記案件；,RPVNMLLJRHIGFBA87DA,79.95,3.51,8.9,有,,
大同區,房地(土地+建物)+車位,興城街７０號七樓之３,18.56,住,,,1080615,土地1建物1車位1,七層,十五層,住宅大樓(11層含以上有電梯),住家用,1120119.0,162.97,3,2,2,有,有,29300000,202157.0,坡道平面,30.4,2500000,預售屋、或土地及建物分件登記案件；,RPXNMLRJRHIGFBA68DA,79.95,3.51,8.9,有,,
