鄉鎮市區,交易標的,土地位置建物門牌,土地移轉總面積平方公尺,都市土地使用分區,非都市土地使用分區,非都市土地使用編定,交易年月日,交易筆棟數,移轉層次,總樓層數,建物型態,主要用途,建築完成年月,建物移轉總面積平方公尺,建物現況格局-房,建物現況格局-廳,建物現況格局-衛,建物現況格局-隔間,有無管理組織,總價元,單價元平方公尺,車位類別,車位移轉總面積平方公尺,車位總價元,備註,編號,主建物面積,附屬建物面積,陽台面積,電梯,移轉編號,屋齡
文山區,房地(土地+建物),木柵路二段１６１巷８號三樓,29.0,住,,,1121106,土地1建物1車位0,三層,四層,公寓(5樓含以下無電梯),住家用,,82.58,3,2,1,有,無,12400000,150157.0,,0.0,0,,RPQNMLQKJIIGFAA17DA,82.58,0.0,0.0,無,,
大安區,房地(土地+建物)+車位,和平東路三段４５２號四樓之３,13.29,住,,,1121105,土地1建物1車位1,四層,十三層,住宅大樓(11層含以上有電梯),住家用,1090804,114.2,2,1,1,有,有,26280000,304106.0,坡道平面,36.99,2800000,其他增建；,RPOOMLRJJIIGFFA57DA,45.63,0.0,3.21,有,27.0,3.0
士林區,房地(土地+建物)+車位,基河路２３８號七樓之８,9.22,住,,,1121106,土地2建物1車位1,七層,七層,華廈(10層含以下有電梯),住家用,0850919,59.34,1,0,1,有,有,8400000,141557.0,升降機械,38.11,0,,RPSOMLNKJIIGFEA57DA,18.06,1.29,1.88,有,,27.0
中山區,房地(土地+建物)+車位,民權東路二段７１巷８號四樓之７,13.76,,,,1121102,土地1建物1車位1,四層,十五層,住宅大樓(11層含以上有電梯),住家用,1120203,128.69,3,1,1,有,有,34900000,336938.0,升降平面,32.53,2500000,含裝潢費2400000元；,RPRNMLMLJIIGFCA17DA,56.4,0.0,4.6,有,,1.0
北投區,房地(土地+建物)+車位,中和街３６８號五樓之１０,14.74,,,,1121107,土地1建物1車位1,五層，電梯樓梯間,十九層,住宅大樓(11層含以上有電梯),住家用,0870624,127.18,2,2,2,有,有,15100000,118729.0,坡道平面,0.0,2000000,車位面積無法拆算陽台外推；其他增建；,RPRNMLKLJIIGFEA17DA,73.2,1.52,5.89,有,37.0,25.0
大安區,房地(土地+建物),和平東路一段２４８巷１７號二樓之１,26.74,住,,,1121105,土地1建物1車位0,二層,七層,華廈(10層含以下有電梯),住家用,0720125,128.9,4,2,2,有,有,36700000,284717.0,,0.0,0,前、後陽台外推。陽台外推；,RPTNMLRJJIIGFFA97DA,83.01,0.0,18.15,有,,41.0
士林區,房地(土地+建物),至誠路二段９２巷９弄９號,77.0,住,,,1121115,土地1建物1車位0,全,二層,透天厝,住家用,0560528,68.08,2,2,2,有,無,28300000,415687.0,,0.0,0,其他增建；,RPQNMLLLJIIGFEA27EA,68.08,0.0,0.0,無,40.0,56.0
文山區,房地(土地+建物)+車位,政大一街２７９號四樓,54.5,住,,,1121111,土地1建物1車位1,四層,五層,華廈(10層含以下有電梯),住家用,1031113,158.54000000000002,3,2,2,有,有,25680000,188760.0,坡道平面,33.09,2000000,其他增建；,RPUNMLOKJIIGFAA37DA,75.95,1.17,8.53,有,41.0,9.0
大同區,房地(土地+建物),歸綏街９７巷８號二樓之１,9.9,住,,,1121115,土地1建物1車位0,二層,七層,華廈(10層含以下有電梯),住家用,0841030,43.11,1,1,1,有,有,8900000,206449.0,,0.0,0,其他增建；,RPXNMLMLJIIGFBA67DA,27.03,0.91,3.79,有,,28.0
內湖區,房地(土地+建物)+車位,內湖路一段６５９號五樓之２,15.48,,,,1121116,土地1建物1車位1,五層,十八層,住宅大樓(11層含以上有電梯),住家用,0991123,149.85,0,0,0,無,有,31150206,260055.0,坡道平面,39.68,2500000,政府機關標讓售；,RPPNMLMLJIIGFCA07EA,65.89,3.04,4.32,有,,13.0
內湖區,房地(土地+建物)+車位,港華街９９號六樓之２,10.64,住,,,1121102,土地1建物1車位1,六層,十層,華廈(10層含以下有電梯),住家用,1010515,84.06,2,1,1,有,有,18600000,277273.0,升降機械,23.46,1800000,,RPPNMLNLJIIGFCA17EA,44.14,2.66,3.02,有,46.0,11.0
文山區,房地(土地+建物)+車位,政大三街１０８號三樓,74.76,住,,,1121101,土地1建物1車位1,三層,五層,華廈(10層含以下有電梯),住家用,0990106,170.1,4,2,2,有,有,29490000,182021.0,坡道平面,21.82,2500000,其他增建；,RPXNMLPKJIIGFAA77DA,97.11,0.0,10.03,有,,14.0
萬華區,房地(土地+建物),寶興街３６號二樓,21.6,住,,,1121113,土地1建物1車位0,二層,五層,公寓(5樓含以下無電梯),住家用,0690824,73.41,2,1,1,有,無,7800000,106253.0,,0.0,0,含租約；,RPOPMLMLJIIGFBA96DA,64.35,0.0,9.06,無,,43.0
信義區,房地(土地+建物),虎林街２３２巷６２之１號四樓,34.38,住,,,1121106,土地2建物1車位0,四層,四層,公寓(5樓含以下無電梯),住家用,0580703,83.08,4,0,4,有,無,18400000,221473.0,,0.0,0,頂樓平台增建、前後陽台增建陽台外推；頂樓加蓋；其他增建；,RPTNMLMLJIIGFDA47DA,74.37,0.0,8.71,無,53.0,54.0
士林區,房地(土地+建物),中山北路七段２０９之２號三樓,31.55,住,,,1121101,土地1建物1車位0,三層,七層,華廈(10層含以下有電梯),住家用,0740320,156.89,4,2,2,有,有,26580000,169418.0,,0.0,0,其他增建；,RPQNMLOKJIIGFEA37DA,116.99,0.0,18.02,有,,39.0
文山區,房地(土地+建物),福興路９５巷１７之２號九樓,27.05,住,,,1121103,土地1建物1車位0,九層,十層,華廈(10層含以下有電梯),住家用,0961121,99.27,3,1,2,有,有,18550000,186864.0,,0.0,0,陽台外推；,RPSPMLMLJIIGFAA27DA,65.06,2.46,6.96,有,,16.0
大同區,房地(土地+建物),哈密街６３巷１０號五樓,16.8,住,,,1121101,土地1建物1車位0,五層,五層,公寓(5樓含以下無電梯),住家用,0690125,51.24,2,1,1,有,無,8140000,158860.0,,0.0,0,陽台外推；其他增建；,RPXNMLNLJIIGFBA77DA,40.68,0.0,10.56,無,,44.0
內湖區,房地(土地+建物),康寧路三段２４９號五樓,16.12,住,,,1121105,土地1建物1車位0,五層,九層,華廈(10層含以下有電梯),住家用,0830701,100.29,3,2,2,有,有,17900000,178482.0,,0.0,0,,RPUOMLKKJIIGFCA27DA,75.35,2.97,7.96,有,58.0,29.0
中山區,房地(土地+建物),龍江路１４７號六樓之１,21.77,住,,,1121107,土地1建物2車位0,六層,七層,華廈(10層含以下有電梯),住家用,0711210,156.89999999999998,0,0,2,有,有,38000000,242192.0,,0.0,0,含租約；,RPTNMLRLJIIGFCA87DA,133.92,0.0,0.0,有,,41.0
北投區,房地(土地+建物)+車位,泉源路１６號九樓,54.16,住,,,1121103,土地1建物1車位2,九層,十二層,住宅大樓(11層含以上有電梯),住家用,0921119,258.94,4,2,2,有,有,38500000,168274.0,坡道平面,59.86,5000000,其他增建；,RPUNMLRKJIIGFEA08DA,143.24,0.0,11.5,有,60.0,20.0
大安區,房地(土地+建物),敦化南路二段１１巷５８號三樓,19.57,住,,,1121104,土地1建物1車位0,三層,七層,華廈(10層含以下有電梯),住家用,0690310,106.71,3,2,2,有,無,32000000,299878.0,,0.0,0,陽台外推；,RPSOMLTJJIIGFFA18DA,79.68,0.0,20.28,有,,44.0
內湖區,房地(土地+建物)+車位,南京東路六段３８９號二樓,58.08,住,,,1121107,土地1建物1車位1,二層,十層,華廈(10層含以下有電梯),住家用,1030801,279.83,3,2,2,有,有,59000000,247146.0,坡道平面,51.22,2500000,,RPPNMLOLJIIGFCA27EA,126.67,10.38,17.15,有,62.0,9.0
北投區,房地(土地+建物),中和街３６８號四樓之８,10.13,,,,1121102,土地1建物1車位0,四層，電梯樓梯間,十九層,住宅大樓(11層含以上有電梯),住家用,0870624,86.02,2,1,1,有,有,11600000,134852.0,,0.0,0,,RPQNMLOLJIIGFEA57EA,65.23,1.46,7.7,有,,25.0
北投區,房地(土地+建物),大度路三段２９９號六樓之３,5.91,住,,,1121106,土地3建物1車位0,六層,十四層,住宅大樓(11層含以上有電梯),住家用,0971013,57.77,1,1,1,有,有,10750000,186083.0,,0.0,0,,RPPNMLRLJIIGFEA77EA,32.82,1.85,4.12,有,63.0,15.0
中正區,房地(土地+建物),汀州路三段６０巷２弄７號二樓,29.4,住,,,1121102,土地1建物1車位0,二層,十四層,住宅大樓(11層含以上有電梯),住家用,0891012,139.91,3,2,3,有,有,36000000,257308.0,,0.0,0,陽台外推；其他增建；,RPTPMLMLJIIGFAA37DA,68.82,0.0,10.69,有,,23.0
北投區,房地(土地+建物),一心路１巷５號五樓,31.24,住,,,1121101,土地1建物1車位0,五層,五層,公寓(5樓含以下無電梯),住家用,0741015,106.82,3,2,2,有,無,11580000,108407.0,,0.0,0,其他增建；,RPWNMLRJJIIGFEA18DA,91.4,0.0,12.38,無,,38.0
士林區,房地(土地+建物),中山北路六段４０５巷１４號四樓,34.7,住,,,1121107,土地1建物1車位0,四層,五層,公寓(5樓含以下無電梯),住家用,0680216,122.86,3,2,2,有,無,21500000,174996.0,,0.0,0,,RPSOMLOKJIIGFEA67DA,108.96,0.0,13.9,無,,45.0
中山區,房地(土地+建物)+車位,民生東路二段９３巷１９號二樓,20.68,住,,,1121120,土地1建物1車位1,二層,十三層,住宅大樓(11層含以上有電梯),住家用,1101201,156.93,3,2,2,有,有,39030000,248710.0,坡道平面,0.0,0,政府機關標讓售；,RPQNMLRLJIIGFCA67EA,75.17,1.26,8.31,有,,2.0
中山區,房地(土地+建物),龍江路２７１巷９之１號,38.0,住,,,1121102,土地1建物1車位0,一層,四層,公寓(5樓含以下無電梯),住家用,0650622,99.68,3,2,2,有,無,27200000,272873.0,,0.0,0,建築物含有：增建地下室,RPTNMLRLJIIGFCA97EA,86.64,13.04,0.0,無,,47.0
北投區,房地(土地+建物),復興二路６０巷７號九樓,55.44,住,,,1121112,土地1建物1車位0,九層，電梯樓梯間,十二層,住宅大樓(11層含以上有電梯),住家用,0840321,105.27,2,2,2,有,有,16100000,152940.0,,0.0,0,,RPRNMLOLJIIGFEA67EA,81.59,7.25,8.68,有,,29.0
北投區,房地(土地+建物),文林北路２２２號二十一樓之２,36.51,住,,,1121128,土地1建物1車位0,二十一層，二十二層,二十三層,住宅大樓(11層含以上有電梯),住家用,0850216,189.64,4,1,2,有,有,20000000,105463.0,,0.0,0,,RPPNMLSLJIIGFEA87EA,121.0,1.84,17.45,有,,28.0
大同區,房地(土地+建物),延平北路四段２８２巷４８號五樓,23.07,住,,,1121103,土地1建物1車位0,五層,五層,公寓(5樓含以下無電梯),住家用,0740621,82.14,4,3,2,有,無,12800000,155832.0,,0.0,0,陽台外推；頂樓加蓋；其他增建；,RPQOMLNJJIIGFBA96DA,70.78,0.0,8.05,無,71.0,38.0
內湖區,房地(土地+建物),環山路一段６０巷１號四樓,37.08,住,,,1121112,土地1建物1車位0,四層,四層,公寓(5樓含以下無電梯),住家用,0690624,90.58,3,2,1,有,無,14500000,160079.0,,0.0,0,陽台外推增建,RPUOMLSLJIIGFCA18DA,75.04,0.0,15.54,無,,43.0
大安區,房地(土地+建物),和平東路三段２２８巷６８號五樓,23.21,住,,,1121102,土地1建物1車位0,五層,七層,華廈(10層含以下有電梯),住家用,0730906,108.67,3,2,2,有,無,26200000,241097.0,,0.0,0,陽台外推；,RPRNMLRJJIIGFFA77DA,92.5,0.0,10.8,有,,39.0
大安區,房地(土地+建物),泰順街４５號三樓之１０,4.37,,,,1121105,土地1建物1車位0,三層,九層,華廈(10層含以下有電梯),住家用,0870625,31.81,0,1,1,有,有,10600000,333229.0,,0.0,0,,RPTNMLSJJIIGFFA08DA,19.56,4.56,0.0,有,,25.0
萬華區,房地(土地+建物),萬大路４８６巷４６弄２４號二樓,30.75,住,,,1121101,土地1建物1車位0,二層,四層,公寓(5樓含以下無電梯),住家用,0601001,76.51,2,1,1,有,無,10500000,137237.0,,0.0,0,,RPQNMLSLJIIGFBA67EA,76.51,0.0,0.0,無,,52.0
文山區,房地(土地+建物)+車位,政大二街２６０巷４３號四樓,26.12,住,,,1121102,土地1建物1車位1,四層,五層,華廈(10層含以下有電梯),住家用,0990730,69.3,1,1,1,有,有,11300000,184141.0,坡道機械,16.08,1500000,,RPSNMLLLJIIGFAA96DA,27.45,1.4,4.81,有,82.0,13.0
信義區,房地(土地+建物)+車位,松仁路３０８巷９５號,14.54,住,,,1121104,土地1建物2車位1,一層,九層,華廈(10層含以下有電梯),住家用,1030418,144.29,1,1,1,有,有,43880000,304110.0,塔式車位,0.0,0,,RPRNMLPLJIIGFDA57DA,39.48,4.96,0.0,有,,10.0
中山區,房地(土地+建物),農安街１８８號四樓,20.59,住,,,1121115,土地1建物1車位0,四層,七層,華廈(10層含以下有電梯),住家用,0711231,115.73,3,2,2,有,無,26000000,224661.0,,0.0,0,,RPRNMLTLJIIGFCA97EA,92.37,0.0,18.06,有,,41.0
文山區,房地(土地+建物),木柵路一段５９巷４號五樓之１,18.56,住,,,1121104,土地1建物1車位0,五層,六層,華廈(10層含以下有電梯),住家用,0810814,69.55,2,1,1,有,有,12100000,173976.0,,0.0,0,,RPROMLKLJIIGFAA86DA,50.31,1.43,5.02,有,,31.0
文山區,房地(土地+建物),興隆路一段８６號四樓,33.25,住,,,1121107,土地1建物1車位0,四層，陽臺,四層,公寓(5樓含以下無電梯),住家用,0620131,98.15,3,2,2,有,無,15300000,155884.0,,0.0,0,陽台外推；其他增建；,RPPNMLTLJIIGFAA47DA,98.15,0.0,0.0,無,94.0,51.0
文山區,房地(土地+建物),景興路１５３巷１７號十樓之２,22.19,住,,,1121115,土地1建物1車位0,十層,十二層,住宅大樓(11層含以上有電梯),住家用,0830317,115.62,3,2,2,有,有,23980000,207404.0,,0.0,0,有2處滲漏水由買方自行修復陽台外推；,RPVNMLTLJIIGFAA08DA,71.93,2.78,9.79,有,,30.0
文山區,房地(土地+建物),福興路８２巷５弄３號四樓,20.94,住,,,1121113,土地1建物1車位0,四層,五層,公寓(5樓含以下無電梯),住家用,0720905,83.09,3,2,1,有,無,10400000,125165.0,,0.0,0,,RPRNMLKMJIIGFAA86DA,72.99,0.0,5.19,無,95.0,40.0
內湖區,房地(土地+建物)+車位,東湖路１１３巷４９弄８６號六樓,48.21,住,,,1121105,土地1建物1車位1,六層,十三層,住宅大樓(11層含以上有電梯),住家用,0791126,215.48,4,2,2,有,有,37500000,174030.0,坡道平面,0.0,0,其他增建；,RPTOMLOKJIIGFCA57DA,153.12,0.0,20.83,有,98.0,33.0
中山區,房地(土地+建物),龍江路４５５號,24.5,住,,,1121109,土地1建物1車位0,一層，騎樓,四層,公寓(5樓含以下無電梯),住家用,0650924,84.73,0,1,1,有,無,22800000,269090.0,,0.0,0,,RPQOMLTLJIIGFCA87DA,79.82,4.91,0.0,無,,47.0
內湖區,房地(土地+建物),文德路２２巷４弄８號五樓,19.01,住,,,1121105,土地2建物1車位0,五層,五層,公寓(5樓含以下無電梯),住家用,0691229,80.95,3,2,1,有,無,14680000,181347.0,,0.0,0,頂樓加蓋；,RPRPMLTLJIIGFCA08DA,66.76,0.0,7.18,無,,43.0
南港區,房地(土地+建物),合順街８巷３弄３３號三樓,22.0,住,,,1121111,土地1建物1車位0,三層,四層,公寓(5樓含以下無電梯),住家用,,77.0,3,2,1,有,無,9200000,119481.0,,0.0,0,,RPOOMLSLJIIGFDA67DA,77.0,0.0,0.0,無,,
信義區,房地(土地+建物),松德路２５巷１４號六樓,13.47,住,,,1121103,土地2建物1車位0,六層,十四層,住宅大樓(11層含以上有電梯),住家用,0740620,119.44,3,2,2,有,有,27500000,230241.0,,0.0,0,停車位無編號，每年抽籤,RPRNMLKMJIIGFDA27EA,89.48,0.0,9.92,有,,38.0
北投區,房地(土地+建物),中央北路二段４２巷１１弄１６號二樓,27.52,住,,,1121110,土地1建物1車位0,二層,五層,華廈(10層含以下有電梯),住家用,0810602,98.49,3,2,1,有,無,14800000,150269.0,,0.0,0,,RPSNMLKMJIIGFEA47EA,70.19,1.34,9.48,有,112.0,31.0
中正區,房地(土地+建物),金門街１２巷１弄１號,40.19,住,,,1121110,土地2建物1車位0,一層,四層,公寓(5樓含以下無電梯),住家用,,90.13,4,2,2,有,無,29000000,321757.0,,0.0,0,其他增建；未登記建物；,RPSNMLLJKIIGFAA86DA,90.13,0.0,0.0,無,,
大同區,房地(土地+建物),歸綏街９７巷８號四樓之３,8.5,住,,,1121104,土地1建物1車位0,四層,七層,華廈(10層含以下有電梯),住家用,0841030,37.32,1,1,1,有,有,7400000,198285.0,,0.0,0,,RPQNMLKKJIIGFBA66DA,23.02,1.0,3.45,有,114.0,28.0
中山區,房地(土地+建物)+車位,明水路６１１號六樓之１,67.91,住,,,1121107,土地1建物1車位5,六層,十四層,住宅大樓(11層含以上有電梯),住家用,0881014,464.52,4,2,3,有,有,99000000,298977.0,坡道平面,175.2,12500000,陽台外推；,RPWPMLOKJIIGFCA97DA,199.31,0.0,21.8,有,116.0,24.0
內湖區,房地(土地+建物)+車位,金湖路３４７巷１２１弄９號四樓,151.81,住,,,1121113,土地1建物1車位2,四層，五層,五層,華廈(10層含以下有電梯),住家用,0941219,356.83000000000004,5,2,3,有,有,69500000,194771.0,坡道平面,77.46,0,陽台外推；頂樓加蓋；其他增建；,RPUNMLQKJIIGFCA77DA,188.4,6.25,15.47,有,,18.0
內湖區,房地(土地+建物),內湖路一段２８５巷５９弄１１號四樓,41.67,住,,,1121114,土地2建物1車位0,四層,五層,公寓(5樓含以下無電梯),住家用,0700608,141.37,6,0,6,有,無,25800000,182500.0,,0.0,0,陽台外推；,RPSNMLKMJIIGFCA17DA,126.87,0.0,14.5,無,,42.0
中山區,房地(土地+建物),龍江路１４７號六樓之２,10.19,住,,,1121117,土地1建物1車位0,六層,七層,華廈(10層含以下有電梯),住家用,0711210,73.48,0,0,1,有,有,18890000,257077.0,,0.0,0,含租約；,RPVNMLLJKIIGFCA37DA,62.72,0.0,0.0,有,,41.0
信義區,房地(土地+建物),吳興街６００巷１００弄１０號七樓,30.8,住,,,1121109,土地1建物1車位0,七層,十層,華廈(10層含以下有電梯),住家用,0850606,105.14,3,2,2,有,有,19250000,183089.0,,0.0,0,,RPQOMLTLJIIGFDA97DA,77.71,4.17,8.17,有,,27.0
北投區,房地(土地+建物)+車位,翠嶺路２６之１號四樓,104.9,住,,,1121105,土地1建物2車位2,四層，五層,五層,華廈(10層含以下有電梯),住家用,1001212,369.17,4,2,4,有,有,40800000,110518.0,坡道平面,65.92,0,其他增建；,RPOOMLKKJIIGFEA86DA,167.17,9.94,18.95,有,121.0,12.0
北投區,房地(土地+建物),東華街二段３４０巷２弄１７號四樓,24.24,住,,,1121105,土地1建物1車位0,四層,四層,公寓(5樓含以下無電梯),住家用,0661027,76.18,3,2,2,有,無,13500000,177212.0,,0.0,0,陽台外推；其他增建；,RPQNMLSLJIIGFEA87DA,68.9,0.0,7.28,無,123.0,46.0
北投區,房地(土地+建物),中央北路三段２５８巷１弄８號五樓,22.96,住,,,1121104,土地2建物1車位0,五層,五層,公寓(5樓含以下無電梯),住家用,0710226,84.99,3,2,1,有,無,8120000,95541.0,,0.0,0,,RPUOMLKMJIIGFEA67DA,74.48,0.0,10.51,無,124.0,42.0
松山區,房地(土地+建物),寶清街１８之５號二樓,25.25,住,,,1121103,土地1建物1車位0,二層，陽臺,四層,公寓(5樓含以下無電梯),住家用,0640220,73.3,2,1,1,有,無,11800000,160982.0,,0.0,0,,RPQNMLPJKIIGFDA47EA,73.3,0.0,0.0,無,131.0,49.0
士林區,房地(土地+建物)+車位,仁民路７號,612.24,住,,,1121101,土地1建物1車位2,全,二層,透天厝,住家用,0770722,727.39,8,4,7,有,無,95000000,130604.0,坡道平面,0.0,0,其他增建；,RPQNMLLJKIIGFEA17EA,380.83,337.2,9.36,無,,35.0
北投區,房地(土地+建物)+車位,稻香路１６１巷９號十樓之１,22.69,住,,,1121101,土地1建物1車位1,十層,十一層,住宅大樓(11層含以上有電梯),住家用,0930312,117.35,2,1,2,有,有,15850000,135066.0,坡道平面,18.13,0,陽台外推；其他增建；,RPPNMLLLJIIGFEA07DA,56.73,6.57,2.89,有,,20.0
大安區,房地(土地+建物),樂業街７２巷１８號八樓,15.76,住,,,1121108,土地1建物1車位0,八層,十層,華廈(10層含以下有電梯),住家用,1100906,72.84,2,2,1,有,有,24800000,340472.0,,0.0,0,,RPXNMLPKJIIGFFA28DA,39.88,1.85,4.78,有,143.0,2.0
士林區,房地(土地+建物),忠義街１１５號四樓,22.14,住,,,1121108,土地1建物1車位0,四層,七層,華廈(10層含以下有電梯),住家用,0731205,108.22,2,1,2,有,有,20000000,184809.0,,0.0,0,,RPQNMLSJKIIGFEA87EA,83.73,0.97,12.62,有,,39.0
文山區,房地(土地+建物)+車位,辛亥路四段２０９巷２６號七樓,17.67,住,,,1121109,土地1建物1車位1,七層,二十六層,住宅大樓(11層含以上有電梯),住家用,1090430,155.84,3,2,2,有,有,36800000,278388.0,坡道平面,32.99,2600000,,RPSNMLPJKIIGFAA27DA,70.07,6.69,7.66,有,,4.0
萬華區,房地(土地+建物),環河南路三段２７９號二樓,29.25,住,,,1121110,土地2建物1車位0,二層,四層,公寓(5樓含以下無電梯),住家用,0580412,89.2,2,2,1,有,無,8300000,93049.0,,0.0,0,其他增建；,RPWOMLPKJIIGFBA87DA,84.17,5.03,0.0,無,,55.0
中正區,房地(土地+建物),臨沂街７５巷１０之２號,27.0,住,,,1121103,土地1建物1車位0,二層,三層,公寓(5樓含以下無電梯),住家用,,71.43,2,2,1,有,無,18500000,258995.0,,0.0,0,,RPRNMLOLJIIGFBA27DA,71.43,0.0,0.0,無,,
萬華區,房地(土地+建物),中華路二段５０６號十樓,16.78,住,,,1121109,土地1建物1車位0,十層,十二層,住宅大樓(11層含以上有電梯),住家用,0680403,59.84,2,1,1,有,有,11000000,183824.0,,0.0,0,,RPRNMLPJKIIGFBA27DA,52.57,0.0,7.27,有,,45.0
南港區,房地(土地+建物)+車位,三重路４１巷３７號十樓之２,34.78,住,,,1121113,土地1建物1車位2,十層,十三層,住宅大樓(11層含以上有電梯),住家用,1010119,323.42,4,2,2,有,有,68880000,253935.0,坡道平面,71.86,5000000,其他增建；,RPTNMLPKJIIGFDA67DA,139.51,18.91,12.7,有,,12.0
信義區,房地(土地+建物)+車位,中坡南路２０１巷８號四樓,34.83,住,,,1121105,土地1建物1車位1,四層,七層,華廈(10層含以下有電梯),住家用,0790315,207.71,4,2,2,有,有,39180000,209050.0,升降平面,32.25,2500000,陽台外推；其他增建；,RPUNMLPKJIIGFDA77DA,186.94,0.79,16.21,有,,34.0
松山區,房地(土地+建物),南京東路三段３３５巷２３號三樓之１５,4.92,住,,,1121121,土地3建物1車位0,三層,七層,華廈(10層含以下有電梯),住家用,0740819,30.28,1,1,1,有,有,10600000,350066.0,,0.0,0,,RPTOMLOLJIIGFDA77DA,16.73,0.0,3.24,有,156.0,38.0
北投區,房地(土地+建物),尊賢街２３９巷７號三樓,16.17,住,,,1121111,土地1建物1車位0,三層,七層,華廈(10層含以下有電梯),住家用,0970625,68.8,2,1,1,有,有,13000000,188953.0,,0.0,0,,RPSOMLOJKIIGFEA67DA,40.39,6.6,0.0,有,,15.0
大安區,房地(土地+建物),信義路三段１４７巷１１弄８號,13.52,住,,,1121105,土地2建物2車位0,一層,七層,華廈(10層含以下有電梯),住家用,1030819,65.72,1,1,1,有,有,28800000,438223.0,,0.0,0,陽台外推；,RPPNMLPJKIIGFFA47DA,28.24,2.12,0.0,有,161.0,9.0
內湖區,房地(土地+建物),大湖山莊街１６８巷１８號,25.1,住,,,1121107,土地1建物1車位0,一層,四層,公寓(5樓含以下無電梯),住家用,0850823,56.900000000000006,2,2,1,有,有,9000000,158172.0,,0.0,0,,RPRNMLPJKIIGFCA47EA,31.4,4.99,0.0,無,,27.0
士林區,房地(土地+建物),美崙街６２巷２０號五樓,29.66,住,,,1121113,土地1建物1車位0,五層,五層,公寓(5樓含以下無電梯),住家用,0690131,109.32,3,2,2,有,無,16500000,150933.0,,0.0,0,陽台外推；,RPPNMLPJKIIGFEA47EA,89.39,0.0,19.93,無,163.0,44.0
萬華區,房地(土地+建物),萬大路４８６巷２２號三樓,16.75,住,,,1121109,土地2建物1車位0,三層,四層,公寓(5樓含以下無電梯),住家用,0580213,50.43,2,2,1,有,無,8600000,170533.0,,0.0,0,其他增建；,RPOOMLQKJIIGFBA17DA,50.43,0.0,0.0,無,,55.0
中正區,房地(土地+建物)+車位,臨沂街３２巷２號五樓之３,10.56,住,,,1121117,土地1建物1車位1,五層,七層,華廈(10層含以下有電梯),住家用,1040206,66.88,1,1,1,有,有,18500000,348861.0,其他,19.01,1800000,,RPTNMLQJKIIGFBA57DA,20.36,0.75,3.88,有,169.0,9.0
中山區,房地(土地+建物)+車位,敬業三路１６２巷１３２號十二樓,43.31,住,,,1121121,土地1建物1車位1,十二層,十二層,住宅大樓(11層含以上有電梯),住家用,0890628,142.84,2,1,1,有,有,36000000,252030.0,坡道平面,0.0,0,陽台外推；,RPQNMLNJKIIGFCA07DA,71.24,0.0,7.62,有,,23.0
中山區,房地(土地+建物)+車位,南京東路三段４８巷６號四樓,37.2,住,,,1121112,土地1建物1車位1,四層,五層,華廈(10層含以下有電梯),住家用,0871126,110.51,2,2,2,有,無,31500000,285042.0,一樓平面,0.0,0,陽台外推；,RPWNMLOJKIIGFCA77DA,78.21,0.0,9.66,有,,25.0
南港區,房地(土地+建物)+車位,經貿二路１５７巷３６弄８０號九樓,27.05,住,,,1121103,土地1建物1車位1,九層,九層,華廈(10層含以下有電梯),住家用,1030224,184.97,3,2,2,有,有,45450000,245716.0,坡道平面,44.37,0,其他增建；,RPUOMLRKJIIGFDA08DA,86.61,2.58,7.78,有,175.0,10.0
松山區,房地(土地+建物),南京東路五段５９巷３０弄４號三樓,40.75,住,,,1121102,土地1建物1車位0,三層,四層,公寓(5樓含以下無電梯),住家用,0610425,110.91,3,2,2,有,無,25600000,230818.0,,0.0,0,,RPVOMLTLJIIGFDA48DA,100.35,0.0,10.56,無,,52.0
大安區,房地(土地+建物)+車位,臥龍街２９１號六樓之２,17.9,住,,,1121109,土地1建物1車位1,六層,十四層,住宅大樓(11層含以上有電梯),住家用,1120503,148.14,3,2,2,有,有,36700000,247739.0,坡道平面,31.26,0,土地總價新台幣2385.5萬元正  建物總價新台幣1284.5萬元正,RPUNMLNLJIIGFFA87DA,65.41,8.12,7.09,有,,1.0
大安區,房地(土地+建物),延吉街１６２號四樓之１,28.71,住,,,1121104,土地1建物1車位0,四層,七層,華廈(10層含以下有電梯),住家用,0690205,150.78,4,2,2,有,有,35000000,232126.0,,0.0,0,,RPRNMLKMJIIGFFA37DA,109.97,0.0,9.43,有,,44.0
大安區,房地(土地+建物),建國南路一段３２７號十三樓之１,2.54,住,,,1121101,土地1建物1車位0,十三層,十四層,住宅大樓(11層含以上有電梯),住家用,0750520,25.78,1,1,1,有,有,10500000,407292.0,,0.0,0,陽台外推；,RPUNMLPJKIIGFFA97DA,17.66,0.0,4.52,有,183.0,37.0
大安區,房地(土地+建物),光復南路４２０巷５號六樓,18.42,住,,,1121102,土地1建物1車位0,六層,七層,華廈(10層含以下有電梯),住家用,0700105,99.94,3,2,2,有,有,27500000,275165.0,,0.0,0,陽台外推；,RPTNMLQJKIIGFFA97DA,81.48,0.0,14.54,有,,43.0
中正區,房地(土地+建物)+車位,水源路４７號十二樓,41.86,住,,,1121114,土地1建物1車位1,十二層,十三層,住宅大樓(11層含以上有電梯),住家用,0911202,212.44,4,2,2,有,有,43500000,239546.0,坡道平面,41.7,2600000,,RPQNMLRJKIIGFAA37EA,118.41,0.0,10.99,有,,21.0
大安區,房地(土地+建物),和平東路三段１巷３８號十四樓,19.94,住,,,1121108,土地1建物1車位0,十四層,十五層,住宅大樓(11層含以上有電梯),住家用,0740522,103.78,3,2,1,有,有,26200000,252457.0,,0.0,0,,RPSNMLQJKIIGFFA97EA,75.58,1.26,7.07,有,185.0,38.0
信義區,房地(土地+建物),永吉路１２０巷２０號十樓之３,10.57,住,,,1121002,土地2建物1車位0,十層,十層,華廈(10層含以下有電梯),住家用,0951201,49.35,1,1,1,有,有,15830000,320770.0,,0.0,0,,RPWNMLNKRHIGFDA58EA,27.85,1.19,3.48,有,189.0,17.0
文山區,房地(土地+建物),新光路一段３２巷４弄３號三樓之２,17.17,住,,,1121005,土地1建物1車位0,三層,八層,華廈(10層含以下有電梯),住家用,0930910,53.7,1,1,1,有,有,9500000,176909.0,,0.0,0,,RPWNMLRKIIIGFAA77DA,32.05,0.0,3.79,有,196.0,19.0
大安區,房地(土地+建物),敦化南路一段１８７巷３７號五樓之４,13.32,住,,,1121004,土地1建物1車位0,五層，六層,八層,華廈(10層含以下有電梯),住家用,0840809,55.45,2,1,2,有,有,18000000,324617.0,,0.0,0,,RPVNMLRKIIIGFFA18DA,39.08,0.78,3.34,有,199.0,28.0
中山區,房地(土地+建物),新生北路二段１２７巷３０號二樓,21.5,住,,,1121002,土地2建物1車位0,二層,四層,公寓(5樓含以下無電梯),住家用,0580731,52.84,2,1,1,有,無,13000000,246026.0,,0.0,0,,RPPOMLMLQHIGFCA77EA,45.96,0.0,6.88,無,,54.0
中山區,房地(土地+建物),北安路８２９號三樓之１,5.79,住,,,1121005,土地2建物1車位0,三層,十四層,住宅大樓(11層含以上有電梯),住家用,0991224,45.3,0,0,0,無,有,12700000,280353.0,,0.0,0,,RPRNMLSKIIIGFCA67EA,23.63,0.9,3.62,有,201.0,13.0
大安區,房地(土地+建物),臥龍街１８８巷２號三樓,30.52,住,,,1121004,土地1建物1車位0,三層,五層,公寓(5樓含以下無電梯),住家用,0680817,97.6,3,2,2,有,無,14170000,145184.0,,0.0,0,,RPSNMLOJIIIGFFA47DA,85.07,0.0,12.53,無,,44.0
士林區,房地(土地+建物)+車位,天玉街１１３號二樓,88.04,住,,,1121001,土地1建物1車位2,二層,五層,華廈(10層含以下有電梯),住家用,0961009,314.68,4,2,3,有,有,74600000,294876.0,坡道平面,82.04,6000000,其他增建；,RPOOMLOJIIIGFEA07DA,145.54,8.28,15.54,有,214.0,16.0
內湖區,房地(土地+建物)+車位,內湖路二段３３８之１號九樓,26.59,住,,,1121013,土地1建物1車位1,九層,十四層,住宅大樓(11層含以上有電梯),住家用,1031023,176.89,3,2,2,有,有,39500000,273386.0,坡道平面,41.55,2500000,,RPPNMLNLIIIGFCA96DA,84.14,2.5,7.92,有,223.0,9.0
文山區,房地(土地+建物)+車位,政大二街２１５巷２號五樓,71.4,住,,,1121006,土地1建物1車位1,五層,九層,華廈(10層含以下有電梯),住家用,0920609,140.09,3,2,2,有,有,17500000,124920.0,坡道平面,0.0,0,每戶1個車位，車位位置每年抽籤。,RPVNMLKLIIIGFAA07DA,75.77,0.0,10.49,有,240.0,20.0
中山區,房地(土地+建物),明水路３９７巷７弄４６號三樓之２,13.2,住,,,1121006,土地1建物1車位0,三層,七層,華廈(10層含以下有電梯),住家用,0810618,42.68000000000001,1,1,1,有,無,11880000,278351.0,,0.0,0,鐵窗增建,RPQNMLOLIIIGFCA17DA,30.13,0.56,3.4,有,,31.0
內湖區,房地(土地+建物)+車位,民權東路六段１９０巷６３弄２號四樓,135.98,住,,,1121017,土地1建物1車位2,四層，五層,五層,華廈(10層含以下有電梯),住家用,0950227,318.76,3,2,2,有,有,86000000,269795.0,坡道平面,62.96,0,,RPTNMLOLIIIGFCA47DA,167.87,6.17,17.05,有,,18.0
信義區,房地(土地+建物),忠孝東路五段３７２巷２７弄３６號二樓,20.45,住,,,1121014,土地1建物1車位0,二層,七層,華廈(10層含以下有電梯),住家用,0710608,103.21,3,2,2,有,無,28180000,273036.0,,0.0,0,陽台外推；其他增建；,RPWOMLSKIIIGFDA28DA,75.03,1.71,6.27,有,245.0,41.0
士林區,房地(土地+建物)+車位,中山北路六段４５０巷７弄５號,42.02,住,,,1121006,土地3建物1車位1,一層,五層,公寓(5樓含以下無電梯),住家用,0761127,204.74,3,2,2,有,有,32000000,156296.0,坡道平面,56.06,0,,RPPNMLSKIIIGFEA57DA,183.84,14.69,0.0,無,,36.0
大安區,房地(土地+建物),瑞安街２５６巷１號,43.75,住,,,1121003,土地1建物1車位0,一層，地下層,四層,公寓(5樓含以下無電梯),住家用,0631224,132.46,3,2,2,有,無,46000000,347275.0,,0.0,0,其他增建；,RPRNMLQJIIIGFFA57DA,132.46,0.0,0.0,無,246.0,49.0
大安區,房地(土地+建物),安和路二段２２７巷１號二樓之１,26.39,住,,,1121002,土地3建物1車位0,二層,五層,公寓(5樓含以下無電梯),住家用,0661207,100.08,2,2,2,有,無,26570000,265488.0,,0.0,0,陽台外推；,RPTNMLNLIIIGFFA67DA,80.39,0.0,19.69,無,,46.0
文山區,建物,萬寧街１５５號,0.0,,,,1121016,土地0建物1車位0,一層,十六層,住宅大樓(11層含以上有電梯),住家用,0861030,143.92000000000002,3,1,2,有,有,6800000,47248.0,,0.0,0,地上權房屋；,RPPNMLPLIIIGFAA07EA,81.94,11.46,0.0,有,,26.0
大同區,房地(土地+建物),重慶北路三段２９６巷１０之１號二樓,30.62,住,,,1121015,土地1建物1車位0,二層,四層,公寓(5樓含以下無電梯),住家用,0651102,92.0,3,2,2,有,無,13700000,148913.0,,0.0,0,陽台外推；,RPOPMLQKIIIGFBA17DA,82.3,0.0,9.7,無,,47.0
中正區,房地(土地+建物),仁愛路一段５９號四樓之３,4.78,住,,,1121013,土地1建物1車位0,四層,八層,華廈(10層含以下有電梯),住家用,0841120,30.32,0,0,0,無,有,11004000,362929.0,,0.0,0,,RPRNMLPLIIIGFBA27DA,19.8,0.0,0.0,有,,28.0
內湖區,房地(土地+建物)+車位,民權東路六段１８０巷４２弄３０號五樓,49.82,住,,,1121011,土地1建物1車位1,五層,七層,華廈(10層含以下有電梯),住家用,1030901,264.32,3,2,2,有,有,48000000,206278.0,坡道平面,41.32,2000000,,RPSOMLPLIIIGFCA57DA,115.67,7.5,11.24,有,,9.0
士林區,房地(土地+建物),福港街１８巷１０號,10.67,住,,,1121016,土地3建物1車位0,三層,三層,公寓(5樓含以下無電梯),住家用,0580624,28.88,0,0,0,無,無,4000000,138504.0,,0.0,0,,RPOOMLPLIIIGFEA37DA,28.88,0.0,0.0,無,,54.0
內湖區,房地(土地+建物),康樂街１８６巷２弄３號四樓,18.82,住,,,1121003,土地1建物1車位0,四層,五層,公寓(5樓含以下無電梯),住家用,0730621,68.60000000000001,2,2,1,有,無,9500000,138484.0,,0.0,0,陽台外推；,RPPPMLMLQHIGFCA87EA,57.71,0.0,5.42,無,,39.0
中山區,房地(土地+建物),中山北路二段６２巷９號二樓之２,4.71,住,,,1121010,土地1建物1車位0,二層,七層,華廈(10層含以下有電梯),住家用,0971031,25.48,0,1,1,有,有,7700000,302198.0,,0.0,0,,RPPNMLRLIIIGFCA47EA,11.33,1.25,2.97,有,294.0,15.0
文山區,房地(土地+建物),忠順街一段２６巷２７弄８號三樓,45.78,住,,,1121004,土地2建物1車位0,三層，陽臺,四層,公寓(5樓含以下無電梯),住家用,,97.85,4,0,4,有,無,12200000,124681.0,,0.0,0,陽台外推；其他增建；含租約；,RPTNMLPJIIIGFAA17DA,97.85,0.0,0.0,無,,
文山區,房地(土地+建物)+車位,政大一街２１０巷４５號三樓,43.89,住,,,1121014,土地1建物1車位1,三層,七層,華廈(10層含以下有電梯),住家用,0831222,103.37,2,2,1,有,有,16080000,155558.0,坡道平面,0.0,0,夾層；其他增建；,RPPOMLNLIIIGFAA86DA,51.31,0.43,6.08,有,306.0,29.0
中正區,房地(土地+建物),臨沂街２７巷９號七樓之４,21.22,住,,,1121002,土地2建物1車位0,七層,七層,華廈(10層含以下有電梯),住家用,0670127,146.66,3,2,2,有,有,38000000,259103.0,,0.0,0,,RPWNMLRKIIIGFBA87DA,115.32,0.0,11.92,有,,46.0
大同區,房地(土地+建物)+車位,昌吉街９９巷１６號三樓之２,15.61,住,,,1121007,土地1建物1車位1,三層,八層,華廈(10層含以下有電梯),住家用,1051108,122.04,2,1,1,有,有,24250000,198705.0,坡道平面,45.18,0,,RPXPMLRLIIIGFBA28DA,46.15,0.0,4.55,有,,7.0
松山區,房地(土地+建物)+車位,復興北路３１３巷４０號七樓,49.05,住,,,1121007,土地1建物1車位2,七層,十一層,住宅大樓(11層含以上有電梯),住家用,0970813,325.46000000000004,3,2,2,有,有,79000000,282176.0,坡道平面,70.3,7000000,,RPQNMLOKIIIGFDA17DA,148.14,3.52,16.53,有,318.0,15.0
信義區,房地(土地+建物),福德街２５０號七樓,24.95,住,,,1121016,土地1建物1車位0,七層,七層,華廈(10層含以下有電梯),住家用,0771012,109.16,3,3,3,有,有,25000000,229022.0,,0.0,0,含頂樓增建一併移轉義務人共二人頂樓加蓋；,RPOOMLQKIIIGFDA27DA,92.4,1.41,9.24,有,319.0,35.0
松山區,房地(土地+建物)+車位,民權東路三段１０３巷２５弄８號五樓,41.38,住,,,1121003,土地3建物1車位1,五層,十一層,住宅大樓(11層含以上有電梯),住家用,0840816,195.22,3,2,2,有,有,37500000,192091.0,坡道平面,0.0,0,陽台外推；,RPUNMLOLIIIGFDA67DA,111.79,0.0,12.69,有,,28.0
北投區,房地(土地+建物),崇仁路一段１３１巷２弄５號五樓,40.68,住,,,1121004,土地1建物1車位0,五層,五層,公寓(5樓含以下無電梯),住家用,0751016,107.22,3,2,2,有,無,17000000,158553.0,,0.0,0,頂樓加蓋；其他增建；,RPWNMLKLIIIGFEA57DA,78.05,0.0,10.98,無,,37.0
文山區,房地(土地+建物)+車位,指南路三段７７巷５號七樓,37.84,住,,,1121002,土地1建物1車位1,七層,十三層,住宅大樓(11層含以上有電梯),住家用,0990721,196.93,3,2,2,有,有,25680000,143916.0,升降機械,32.39,2000000,,RPRNMLLKIIIGFAA66DA,93.45,10.57,6.2,有,,13.0
文山區,房地(土地+建物),興隆路四段５８巷２８號五樓,28.58,住,,,1121001,土地1建物1車位0,五層,五層,公寓(5樓含以下無電梯),住家用,0700312,117.4,4,2,2,有,無,14200000,120954.0,,0.0,0,頂樓加蓋；其他增建；,RPXNMLNKIIIGFAA47DA,91.94,17.1,8.36,無,,43.0
北投區,房地(土地+建物)+車位,中央北路三段４０巷３８弄１６號三樓,25.64,住,,,1121016,土地1建物1車位2,三層,七層,華廈(10層含以下有電梯),住家用,1091231,107.76,1,2,1,有,有,16680000,182089.0,坡道機械,27.14,2000000,,RPTOMLQKIIIGFEA87DA,45.37,5.6,4.31,有,330.0,3.0
大安區,房地(土地+建物)+車位,金華街２４７號五樓,51.55,住,,,1121004,土地1建物1車位1,五層,七層,華廈(10層含以下有電梯),住家用,0860203,230.14,2,2,2,有,有,69000000,299818.0,坡道平面,38.31,0,,RPWNMLPLIIIGFFA18DA,107.45,4.19,14.2,有,,27.0
文山區,房地(土地+建物),辛亥路四段２５２巷２弄５號十一樓,15.36,住,,,1121003,土地1建物1車位0,十一層,十四層,住宅大樓(11層含以上有電梯),住家用,0910507,67.42,2,2,1,有,有,15500000,229902.0,,0.0,0,陽台外推；其他增建；,RPWVMLOJIIIGFAA18DA,47.25,0.0,6.74,有,,21.0
萬華區,房地(土地+建物),國興路１巷１１之２號,15.97,住,,,1121006,土地1建物1車位0,一層,十二層,住宅大樓(11層含以上有電梯),住家用,0710702,60.36,2,1,1,有,有,10100000,167329.0,,0.0,0,,RPPNMLPLIIIGFBA07DA,42.12,3.57,0.0,有,344.0,41.0
內湖區,房地(土地+建物)+車位,新豐街１０６號四樓,44.92,住,,,1121003,土地1建物1車位1,四層,十層,華廈(10層含以下有電梯),住家用,0980715,221.67,3,2,2,有,有,56000000,252628.0,坡道平面,35.41,0,,RPOOMLOJIIIGFCA86DA,101.12,10.18,4.82,有,,14.0
內湖區,房地(土地+建物),江南街１２６號四樓,33.08,住,,,1121003,土地1建物1車位0,四層,四層,公寓(5樓含以下無電梯),住家用,0690428,97.44,3,2,1,有,無,18500000,189860.0,,0.0,0,,RPVNMLSKIIIGFCA97DA,84.12,0.0,13.32,無,,43.0
內湖區,房地(土地+建物),內湖路三段６０巷１２弄７２號二樓之３,11.64,住,,,1121005,土地1建物1車位0,二層,八層,華廈(10層含以下有電梯),住家用,0830804,37.93,1,0,1,有,有,8200000,216188.0,,0.0,0,陽台外推；,RPTNMLKLIIIGFCA07DA,26.09,1.43,3.81,有,349.0,29.0
內湖區,房地(土地+建物)+車位,新豐街３２號八樓,23.41,住,,,1121007,土地1建物1車位1,八層,十層,華廈(10層含以下有電梯),住家用,1120117,127.63,2,2,2,有,有,31800000,305095.0,坡道平面,32.25,2700000,,RPUOMLKLIIIGFCA27DA,52.36,0.0,9.83,有,,1.0
內湖區,房地(土地+建物)+車位,成功路二段４８６巷６號四樓,20.61,住,,,1121002,土地2建物1車位1,四層,十二層,住宅大樓(11層含以上有電梯),住家用,0870911,173.19,3,2,2,有,有,28900000,166859.0,坡道平面,0.0,0,,RPPNMLSLIIIGFCA47DA,122.81,3.12,9.34,有,350.0,25.0
內湖區,房地(土地+建物),康寧路三段９９巷１７弄９５號二樓,78.04,住,,,1121002,土地1建物1車位0,二層,七層,華廈(10層含以下有電梯),住家用,0900817,145.32,3,2,2,有,有,23000000,158271.0,,0.0,0,,RPPNMLTLIIIGFCA57DA,83.2,2.83,11.58,有,,22.0
內湖區,房地(土地+建物)+車位,康寧路三段７０巷１７３號,45.42,住,,,1121008,土地1建物1車位1,一層,十層,華廈(10層含以下有電梯),住家用,0811202,199.45,4,2,2,有,有,29880000,149812.0,升降平面,0.0,0,其他增建；,RPXNMLLMIIIGFCA67DA,106.14,11.98,0.0,有,,31.0
士林區,房地(土地+建物)+車位,天玉街１３之１號四樓,59.17,住,,,1121003,土地1建物1車位2,四層,十五層,住宅大樓(11層含以上有電梯),住家用,0960201,289.24,4,2,3,有,有,64000000,259717.0,坡道平面,65.92,6000000,,RPSOMLQJIIIGFEA67DA,131.1,9.12,14.51,有,,17.0
北投區,房地(土地+建物)+車位,關渡路４８號二十一樓,53.45,住,,,1121006,土地2建物1車位3,二十一層,二十七層,住宅大樓(11層含以上有電梯),住家用,1010810,521.48,0,0,0,無,有,86800000,166449.0,坡道平面,0.0,0,陽台外推；其他增建；,RPVNMLMKIIIGFEA57DA,214.04,25.55,24.14,有,,11.0
士林區,房地(土地+建物),士東路８９巷１３號三樓,10.89,住,,,1121010,土地1建物1車位0,三層,六層,華廈(10層含以下有電梯),住家用,0830810,37.55,0,0,0,無,有,7800000,207723.0,,0.0,0,其他增建；,RPUNMLSKIIIGFEA08DA,21.87,1.8,4.18,有,,29.0
北投區,房地(土地+建物)+車位,三合街一段８２巷１０３號四樓,16.22,住,,,1121011,土地1建物1車位1,四層,九層,華廈(10層含以下有電梯),住家用,1040708,128.74,1,1,1,有,有,19800000,211285.0,坡道平面,45.44,2200000,,RPOOMLKMIIIGFEA96DA,50.81,3.35,4.65,有,355.0,8.0
大安區,房地(土地+建物)+車位,敦化南路二段５６號十八樓之３,23.74,住,,,1121012,土地2建物1車位1,十八層,二十一層,住宅大樓(11層含以上有電梯),住家用,0710113,303.97,4,3,4,有,有,86000000,282923.0,坡道平面,48.47,0,其他增建；,RPRNMLRKIIIGFFA77DA,246.42,0.0,16.93,有,,42.0
大安區,房地(土地+建物),復興南路二段３２９號十八樓,12.36,住,,,1121001,土地2建物1車位0,十八層,十八層,住宅大樓(11層含以上有電梯),住家用,0760519,109.63,3,2,2,有,有,33160000,302472.0,,0.0,0,陽台外推；其他增建；,RPTNMLTKIIIGFFA18DA,66.9,9.37,10.36,有,357.0,36.0
萬華區,房地(土地+建物),環河南路三段４７號三樓,21.25,住,,,1121001,土地1建物1車位0,三層,四層,公寓(5樓含以下無電梯),住家用,0620808,65.28,3,1,1,有,無,7000000,107230.0,,0.0,0,其他增建；,RPPNMLLMIIIGFBA86EA,65.28,0.0,0.0,無,,50.0
信義區,房地(土地+建物),忠孝東路四段５５３巷１８號五樓,15.85,住,,,1121002,土地1建物1車位0,五層,七層,華廈(10層含以下有電梯),住家用,0670203,86.32,3,2,2,有,無,25000000,289620.0,,0.0,0,陽台外推；,RPTNMLLMIIIGFDA47EA,64.89,0.0,11.05,有,,46.0
士林區,房地(土地+建物),重慶北路四段２３８號四樓,23.25,住,,,1121003,土地2建物1車位0,四層,十二層,住宅大樓(11層含以上有電梯),住家用,0740402,166.62,4,0,4,有,有,21500000,129036.0,,0.0,0,,RPTNMLLMIIIGFEA57EA,122.48,0.0,22.34,有,,39.0
萬華區,房地(土地+建物),東園街６７巷２號,27.57,住,,,1121010,土地1建物1車位0,一層,五層,華廈(10層含以下有電梯),住家用,0901211,85.25,2,2,1,有,有,15600000,182991.0,,0.0,0,,RPQNMLRLIIIGFBA37DA,51.54,0.0,7.02,有,364.0,22.0
內湖區,房地(土地+建物),內湖路一段４７巷３４之１號,26.5,住,,,1121003,土地1建物1車位0,一層,七層,華廈(10層含以下有電梯),住家用,1020506,111.82,3,2,2,有,有,31380000,280630.0,,0.0,0,陽台外推；其他增建；,RPSNMLQKIIIGFCA47DA,76.97,0.0,4.43,有,367.0,10.0
內湖區,房地(土地+建物),內湖路一段２８５巷６９弄５２號四樓,27.75,住,,,1121007,土地1建物1車位0,四層,五層,公寓(5樓含以下無電梯),住家用,0720331,96.56,3,2,2,有,無,15800000,163629.0,,0.0,0,,RPOQMLKMIIIGFCA96DA,87.43,0.0,9.13,無,,41.0
松山區,房地(土地+建物),復興南路一段４７巷１２號,37.25,住,,,1121001,土地1建物1車位0,一層,四層,公寓(5樓含以下無電梯),住家用,0580821,103.57,4,2,3,有,無,34500000,333108.0,,0.0,0,,RPPNMLTJIIIGFDA47DA,103.57,0.0,0.0,無,,54.0
信義區,房地(土地+建物),林口街１０巷１７號,36.5,住,,,1121011,土地2建物1車位0,一層,四層,公寓(5樓含以下無電梯),住家用,0591007,67.65,3,2,1,有,無,18800000,277901.0,,0.0,0,陽台外推；未登記建物；,RPVOMLLMIIIGFDA67DA,67.65,0.0,0.0,無,,53.0
信義區,房地(土地+建物),信義路五段１５０巷４６３號九樓之１,10.79,住,,,1121012,土地1建物1車位0,九層,十層,華廈(10層含以下有電梯),住家用,0830715,39.76,1,1,1,有,有,8700000,218813.0,,0.0,0,,RPQOMLLJJIIGFDA96DA,23.58,0.75,4.28,有,370.0,29.0
北投區,房地(土地+建物),中央北路二段４０６號六樓,12.6,住,,,1121006,土地1建物1車位0,六層,十層,華廈(10層含以下有電梯),住家用,0941027,55.3,1,1,1,有,有,10250000,185353.0,,0.0,0,陽台外推；,RPRNMLLJJIIGFEA07DA,33.97,1.38,4.59,有,,18.0
信義區,房地(土地+建物),松隆路２８２號,8.38,住,,,1121019,土地1建物1車位0,一層,七層,華廈(10層含以下有電梯),住家用,0780624,50.42,1,1,1,有,有,16800000,333201.0,,0.0,0,,RPOOMLMKIIIGFDA96EA,37.26,5.05,0.0,有,,34.0
北投區,房地(土地+建物),公路１４５巷４弄２號三樓,25.35,住,,,1121016,土地5建物1車位0,三層,五層,公寓(5樓含以下無電梯),住家用,0720127,93.58,3,2,2,有,無,11200000,119684.0,,0.0,0,陽台外推；,RPRNMLMJJIIGFEA27EA,80.94,0.0,11.32,無,377.0,41.0
中正區,房地(土地+建物),中華路二段３１３巷３６號二樓,10.49,住,,,1121011,土地1建物1車位0,二層,五層,公寓(5樓含以下無電梯),住家用,0560519,25.63,2,1,1,有,無,5880000,229419.0,,0.0,0,陽台外推；未登記建物；,RPTOMLPJIIIGFAA27DA,24.0,0.0,1.63,無,,56.0
內湖區,房地(土地+建物),東湖路１１９巷４９弄１６號二樓,31.02,住,,,1121001,土地1建物1車位0,二層,五層,公寓(5樓含以下無電梯),住家用,0740524,111.57,3,2,2,有,無,18800000,168504.0,,0.0,0,陽台外推；其他增建；,RPSOMLMKIIIGFCA17DA,82.55,0.0,19.42,無,379.0,38.0
南港區,房地(土地+建物),南港路二段８６巷１０弄４號二樓,56.69,住,,,1121015,土地2建物1車位0,二層,五層,公寓(5樓含以下無電梯),住家用,0730126,129.1,4,2,2,有,無,16800000,130132.0,,0.0,0,,RPQNMLLJJIIGFDA86DA,101.86,0.0,22.66,無,384.0,40.0
北投區,房地(土地+建物)+車位,磺港路１３２號十二樓,33.46,住,,,1121001,土地1建物1車位2,十二層,十四層,住宅大樓(11層含以上有電梯),住家用,1030619,267.33,1,2,2,有,有,50080000,187334.0,坡道平面,69.42,0,,RPWNMLPLIIIGFEA08DA,138.65,12.34,11.23,有,385.0,9.0
士林區,房地(土地+建物)+車位,福志路１１８號二樓,33.44,住,,,1121008,土地2建物1車位2,二層,十二層,住宅大樓(11層含以上有電梯),住家用,1030224,263.74,3,2,3,有,有,51680000,195951.0,坡道平面,0.0,5000000,,RPQOMLKMIIIGFEA17DA,108.71,4.19,11.79,有,386.0,10.0
北投區,房地(土地+建物),公路３０６巷９號五樓,36.57,住,,,1121011,土地4建物1車位0,五層,五層,公寓(5樓含以下無電梯),住家用,0700203,130.5,3,2,2,有,無,17650000,135249.0,,0.0,0,,RPSNMLNJJIIGFEA47EA,119.45,0.0,11.05,無,,43.0
中正區,房地(土地+建物),羅斯福路三段８４巷１９號三樓,18.2,住,,,1121016,土地1建物1車位0,三層,五層,公寓(5樓含以下無電梯),住家用,0711018,74.08,3,2,2,有,無,18000000,242981.0,,0.0,0,其他增建；,RPQPMLTKIIIGFAA57DA,57.49,0.0,9.99,無,,41.0
文山區,房地(土地+建物),萬芳路２０號三樓之１,18.7,住,,,1121008,土地1建物1車位0,三層,十二層,住宅大樓(11層含以上有電梯),住家用,0940128,76.28,2,1,1,有,有,14580000,191138.0,,0.0,0,,RPQNMLKMIIIGFAA66DA,46.82,0.0,3.17,有,,19.0
文山區,房地(土地+建物),景華街１３巷２號六樓之１,26.79,住,,,1121022,土地1建物1車位0,六層,七層,華廈(10層含以下有電梯),住家用,0720728,133.08,4,2,2,有,有,22700000,170574.0,,0.0,0,,RPWPMLMJJIIGFAA47DA,99.06,0.0,17.36,有,,40.0
萬華區,房地(土地+建物),富民路１４５巷１５弄４８號二樓,26.7,住,,,1121019,土地1建物1車位0,二層,五層,公寓(5樓含以下無電梯),住家用,0720421,106.39,4,2,2,有,無,15000000,140991.0,,0.0,0,,RPPNMLQJJIIGFBA07DA,82.79,0.0,23.6,無,,40.0
中山區,房地(土地+建物)+車位,松江路３８巷２１號六樓,37.31,住,,,1121003,土地2建物1車位1,六層,十二層,住宅大樓(11層含以上有電梯),住家用,1080104,243.69,0,0,0,無,有,72650000,324907.0,坡道平面,30.86,3500000,,RPVNMLNJIIIGFCA37DA,115.75,11.62,11.03,有,,5.0
中山區,房地(土地+建物)+車位,松江路３８巷２１號七樓,37.31,住,,,1121003,土地2建物1車位1,七層,十二層,住宅大樓(11層含以上有電梯),住家用,1080104,243.69,0,0,0,無,有,74820000,335103.0,坡道平面,30.86,3500000,,RPPOMLOJIIIGFCA96DA,115.75,11.62,11.03,有,,5.0
內湖區,房地(土地+建物),內湖路一段４１１巷９０弄２７號六樓之６,11.06,住,,,1121002,土地1建物1車位0,六層,九層,華廈(10層含以下有電梯),住家用,0981204,58.7,1,1,1,有,有,14260000,242930.0,,0.0,0,,RPRNMLTJIIIGFCA57DA,30.96,3.45,3.38,有,,14.0
內湖區,房地(土地+建物),內湖路三段６０巷１２弄７４之１號,11.96,住,,,1121008,土地1建物1車位0,一層,八層,華廈(10層含以下有電梯),住家用,0830804,36.76,1,1,1,有,有,6500000,176823.0,,0.0,0,陽台外推；,RPRNMLMJJIIGFCA96DA,30.14,0.0,0.0,有,,29.0
內湖區,房地(土地+建物)+車位,環山路一段２８號七樓之３,49.99,住,,,1121006,土地1建物1車位3,七層,二十四層,住宅大樓(11層含以上有電梯),住家用,0981007,345.78999999999996,3,2,2,有,有,83380000,245203.0,坡道平面,42.45,9000000,,RPSOMLMJJIIGFCA17DA,148.57,3.38,15.9,有,,14.0
松山區,房地(土地+建物),南京東路五段２５０巷１８弄１８號二樓,18.96,住,,,1121009,土地1建物1車位0,二層,六層,華廈(10層含以下有電梯),住家用,0660524,81.42999999999999,3,2,2,有,有,21500000,264030.0,,0.0,0,陽台外推；,RPOOMLMJJIIGFDA86DA,59.3,0.0,13.41,有,400.0,46.0
信義區,房地(土地+建物),崇德街８８號六樓,13.98,住,,,1121024,土地1建物1車位0,六層,七層,華廈(10層含以下有電梯),住家用,0770924,76.81,2,1,1,有,無,20000000,260383.0,,0.0,0,,RPPNMLQJJIIGFDA27DA,50.05,0.42,6.5,有,,35.0
士林區,房地(土地+建物)+車位,福林路１００巷７７弄７號五樓,85.11,住,,,1121007,土地1建物1車位1,五層,七層,華廈(10層含以下有電梯),住家用,0980316,216.65,4,2,2,有,有,49000000,226171.0,坡道平面,33.14,0,廁所漏水由買方自行修繕,RPPNMLOJJIIGFEA17DA,123.94,5.01,17.03,有,408.0,15.0
大安區,房地(土地+建物)+車位,安和路二段１８１巷２號十五樓之２,19.27,住,,,1121007,土地2建物1車位1,十五層,十七層,住宅大樓(11層含以上有電梯),住家用,0790123,222.74,3,2,2,有,有,58500000,262638.0,坡道平面,0.0,0,,RPSNMLLMIIIGFFA47DA,173.2,4.84,11.4,有,,34.0
中正區,房地(土地+建物),和平西路一段１５５號四樓,37.2,住,,,1121016,土地1建物1車位0,四層,五層,公寓(5樓含以下無電梯),住家用,0750108,121.18,3,2,1,有,無,20800000,171645.0,,0.0,0,,RPPNMLNJJIIGFAA76EA,114.81,0.0,6.37,無,,38.0
內湖區,房地(土地+建物)+車位,星雲街１６３號十樓之４,11.98,,,,1121001,土地1建物1車位1,十層,十四層,住宅大樓(11層含以上有電梯),住家用,0880901,85.17,2,2,1,有,有,20880000,245157.0,坡道機械,0.0,0,夾層；,RPRNMLQJJIIGFCA47EA,45.18,0.0,5.38,有,,24.0
士林區,房地(土地+建物),士東路１２０巷２２弄５號五樓,24.12,住,,,1121004,土地1建物1車位0,五層,五層,公寓(5樓含以下無電梯),住家用,0730629,114.37,3,2,2,有,無,18400000,160881.0,,0.0,0,,RPQNMLNJJIIGFEA27EA,89.91,0.0,11.59,無,,39.0
士林區,房地(土地+建物)+車位,天母西路５０巷２０之１號二樓,45.28,住,,,1121002,土地1建物1車位1,二層，電梯樓梯間,十一層,住宅大樓(11層含以上有電梯),住家用,0850503,225.42,2,2,2,有,有,52500000,278481.0,坡道平面,47.67,3000000,陽台外推；,RPRNMLNJJIIGFEA37EA,111.94,17.05,13.04,有,412.0,27.0
北投區,房地(土地+建物),致遠一路一段９０巷２號二樓,33.5,住,,,1121023,土地1建物1車位0,二層,四層,公寓(5樓含以下無電梯),住家用,0601204,86.72,3,1,1,有,無,14000000,161439.0,,0.0,0,,RPVNMLNJJIIGFEA77EA,86.72,0.0,0.0,無,,52.0
中山區,房地(土地+建物),北安路６２１巷６弄２４號三樓,28.0,住,,,1121005,土地1建物1車位0,三層,四層,公寓(5樓含以下無電梯),住家用,0651014,82.57,3,2,1,有,無,18500000,224052.0,,0.0,0,陽台外推；,RPPOMLKMIIIGFCA86DA,70.58,0.0,11.99,無,,47.0
內湖區,房地(土地+建物),陽光街１６１巷１弄５號,24.32,住,,,1121015,土地1建物1車位0,一層,五層,公寓(5樓含以下無電梯),住家用,0720129,81.85,3,2,2,有,有,13980000,170800.0,,0.0,0,,RPPQMLLMIIIGFCA17DA,73.28,8.57,0.0,無,421.0,41.0
南港區,房地(土地+建物),街１７號十二樓,18.01,住,,,1121002,土地1建物2車位0,十二層,十二層,住宅大樓(11層含以上有電梯),住家用,0951116,89.78999999999999,2,2,1,有,有,26350000,293463.0,,0.0,0,其他增建；,RPSNMLLKIIIGFDA07DA,54.26,1.12,3.74,有,422.0,17.0
信義區,建物,永吉路４６８巷３６弄１１號,0.0,,,,1121011,土地0建物1車位0,全,三層,透天厝,住家用,0680923,56.4,1,2,1,有,無,2000000,35461.0,,0.0,0,頂樓加蓋；,RPROMLTKIIIGFDA87DA,56.4,0.0,0.0,無,,44.0
士林區,房地(土地+建物),延平北路六段２５８巷２４號三樓,36.8,住,,,1121007,土地1建物1車位0,三層,五層,公寓(5樓含以下無電梯),住家用,0730123,107.29,3,2,2,有,無,16500000,153789.0,,0.0,0,陽台外推；其他增建；,RPQNMLSKIIIGFEA67DA,86.1,0.0,8.75,無,427.0,40.0
北投區,房地(土地+建物),尊賢街２４２巷９號三樓,29.16,住,,,1121005,土地1建物1車位0,三層,五層,公寓(5樓含以下無電梯),住家用,0670921,102.39,3,2,1,有,無,17650000,172380.0,,0.0,0,其他增建；,RPSOMLRLIIIGFEA97DA,88.5,0.0,13.89,無,429.0,45.0
士林區,房地(土地+建物)+車位,中山北路六段２３６巷７號十一樓之２,21.81,住,,,1121007,土地1建物1車位2,十一層,十四層,住宅大樓(11層含以上有電梯),住家用,1110331,191.42,3,2,1,有,有,47080000,365605.0,坡道平面,81.52,6900000,,RPVNMLNJJIIGFEA67DA,60.86,3.34,5.2,有,,2.0
大安區,房地(土地+建物),泰順街２６巷４之１號二樓,33.32,住,,,1121004,土地2建物1車位0,二層,五層,公寓(5樓含以下無電梯),住家用,0730616,128.31,4,2,2,有,無,30880000,240667.0,,0.0,0,陽台外推；其他增建；,RPXNMLKLIIIGFFA77DA,101.51,0.0,13.29,無,431.0,39.0
萬華區,房地(土地+建物),青年路３０巷７號九樓之３,22.05,住,,,1121017,土地1建物1車位0,九層,十二層,住宅大樓(11層含以上有電梯),住家用,0760316,102.22,3,2,2,有,有,17900000,175113.0,,0.0,0,,RPRNMLQJJIIGFBA37EA,70.71,0.0,9.07,有,433.0,37.0
內湖區,房地(土地+建物)+車位,文湖街８１巷２４號三樓,29.39,住,,,1121010,土地1建物1車位1,三層,九層,華廈(10層含以下有電梯),住家用,0840307,148.78,3,2,2,有,有,29000000,235501.0,坡道平面,40.5,3500000,陽台外推；,RPPNMLQJJIIGFCA27EA,127.75,1.59,8.19,有,435.0,29.0
信義區,房地(土地+建物)+車位,忠孝東路五段７４３巷２１弄２１號八樓,19.77,住,,,1121004,土地1建物1車位1,八層,十一層,住宅大樓(11層含以上有電梯),住家用,1040821,133.06,2,2,1,有,有,33200000,334860.0,坡道平面,41.38,2500000,,RPRNMLQJJIIGFDA57EA,48.91,6.0,4.17,有,436.0,8.0
松山區,房地(土地+建物),敦化北路４巷３１號五樓之１８,7.32,住,,,1121011,土地3建物1車位0,五層,七層,華廈(10層含以下有電梯),住家用,0590728,33.0,1,1,1,有,有,10880000,329697.0,,0.0,0,,RPSNMLQJJIIGFDA67EA,27.95,0.0,0.0,有,437.0,53.0
中正區,房地(土地+建物),汀州路二段１２１號四樓之２,10.96,住,,,1121004,土地1建物1車位0,四層,十層,華廈(10層含以下有電梯),住家用,0961031,48.959999999999994,1,1,1,有,有,13600000,277778.0,,0.0,0,陽台外推；,RPUOMLLJJIIGFAA07DA,28.74,1.12,2.26,有,438.0,16.0
萬華區,房地(土地+建物),德昌街１８５巷６０弄１０號四樓,28.7,住,,,1121002,土地1建物1車位0,四層,四層,公寓(5樓含以下無電梯),住家用,0651023,83.31,3,2,1,有,無,11550000,138639.0,,0.0,0,,RPTOMLMJJIIGFBA17DA,68.78,0.0,14.53,無,440.0,47.0
中正區,房地(土地+建物),杭州南路一段２５號四樓之２,19.61,住,,,1121003,土地3建物1車位0,四層,七層,華廈(10層含以下有電梯),住家用,0660506,140.77,3,2,2,有,有,41800000,296938.0,,0.0,0,陽台外推；,RPPNMLPJJIIGFBA96DA,117.01,0.0,7.55,有,,46.0
內湖區,房地(土地+建物)+車位,內湖路二段１７９巷３弄３號十二樓,7.36,住,,,1121006,土地1建物1車位1,十二層,十三層,住宅大樓(11層含以上有電梯),住家用,1110428,59.89,0,1,1,有,有,16680000,292049.0,升降機械,7.57,1400000,,RPVQMLMKIIIGFCA67DA,28.71,2.64,3.6,有,,1.0
北投區,房地(土地+建物),杏林二路２４號三樓,21.7,住,,,1121012,土地3建物1車位0,三層,六層,華廈(10層含以下有電梯),住家用,0800730,65.74,1,2,1,有,無,10800000,164284.0,,0.0,0,陽台外推；其他增建；,RPQNMLQLIIIGFEA57DA,44.14,3.03,8.24,有,465.0,32.0
北投區,房地(土地+建物),大興街９巷２號三樓,31.12,住,,,1121001,土地1建物1車位0,三層,五層,公寓(5樓含以下無電梯),住家用,0720112,111.14,3,2,1,有,有,18500000,166457.0,,0.0,0,陽台外推；其他增建；,RPPNMLRJJIIGFEA47DA,87.57,1.39,11.95,無,,41.0
中山區,房地(土地+建物),建國北路二段３３巷１號七樓,17.19,住,,,1121009,土地5建物1車位0,七層,十五層,住宅大樓(11層含以上有電梯),住家用,0770524,144.26999999999998,4,2,2,有,有,33000000,228738.0,,0.0,0,,RPRNMLSJJIIGFCA67EA,105.05,0.15,14.01,有,468.0,35.0
北投區,房地(土地+建物),自強街５巷１５３號六樓之６,13.06,住,,,1121017,土地1建物1車位0,六層,六層,華廈(10層含以下有電梯),住家用,0881014,40.0,1,1,1,有,有,10360000,259000.0,,0.0,0,陽台外推；夾層；,RPTNMLRJJIIGFEA97EA,26.62,0.0,2.79,有,,24.0
士林區,房地(土地+建物),至誠路一段１３６巷１２號三樓,48.38,住,,,1121010,土地1建物1車位0,三層,五層,華廈(10層含以下有電梯),住家用,0711217,183.27,3,2,2,有,有,26300000,143504.0,,0.0,0,,RPPNMLKKJIIGFEA96EA,136.66,0.0,13.24,有,,41.0
文山區,房地(土地+建物)+車位,景福街１４１號三樓,32.45,住,,,1121001,土地1建物1車位1,三層,五層,公寓(5樓含以下無電梯),住家用,0781115,124.92,3,2,2,有,無,20300000,162504.0,坡道平面,0.0,2500000,陽台外推；其他增建；,RPPNMLLJIIIGFAA98DA,71.56,10.03,10.07,無,,34.0
文山區,房地(土地+建物),福興路９９之１號三樓,21.36,住,,,1121002,土地1建物1車位0,三層,七層,華廈(10層含以下有電梯),住家用,0960521,76.82,2,2,1,有,有,13150000,171179.0,,0.0,0,陽台外推；其他增建；,RPOOMLSKIIIGFAA17DA,49.99,0.64,5.66,有,474.0,16.0
文山區,房地(土地+建物),興隆路三段２０７巷１６弄１２號三樓,24.12,住,,,1121011,土地1建物1車位0,三層,五層,公寓(5樓含以下無電梯),住家用,0730830,92.4,3,2,2,有,無,7900000,85498.0,,0.0,0,陽台外推；,RPWOMLQJJIIGFAA77DA,68.53,0.0,14.11,無,,39.0
中正區,房地(土地+建物),汀州路二段２５５巷１２弄６號,32.45,住,,,1121002,土地1建物1車位0,一層,五層,公寓(5樓含以下無電梯),住家用,0780825,110.52,3,2,2,有,無,25500000,230727.0,,0.0,0,陽台外推；其他增建；,RPROMLSJJIIGFAA47DA,77.96,21.33,0.0,無,,34.0
萬華區,房地(土地+建物),西藏路２５０號六樓,17.76,住,,,1121007,土地1建物1車位0,六層,七層,華廈(10層含以下有電梯),住家用,0711220,96.31,3,2,2,有,無,18350000,190531.0,,0.0,0,陽台外推；其他增建；,RPQOMLNKIIIGFBA96DA,73.2,0.0,12.18,有,,41.0
內湖區,房地(土地+建物)+車位,民權東路六段４２３號八樓,7.68,住,,,1121016,土地1建物1車位1,八層,九層,華廈(10層含以下有電梯),住家用,0980629,54.489999999999995,1,1,1,有,有,13100000,269204.0,升降機械,11.4,1500000,,RPQOMLQJJIIGFCA37DA,23.16,3.42,2.08,有,491.0,14.0
內湖區,房地(土地+建物),大湖山莊街２２４號三樓,10.9,住,,,1121004,土地1建物1車位0,三層,十層,華廈(10層含以下有電梯),住家用,0820729,39.93,1,1,1,有,有,8000000,200351.0,,0.0,0,,RPPPMLRJJIIGFCA47DA,27.09,0.0,1.86,有,493.0,30.0
信義區,房地(土地+建物),林口街５２巷３２號三樓,35.5,住,,,1121002,土地1建物1車位0,三層，陽臺,四層,公寓(5樓含以下無電梯),住家用,0620713,87.8,3,1,1,有,無,16500000,187927.0,,0.0,0,,RPOOMLRJJIIGFDA37DA,87.8,0.0,0.0,無,,50.0
北投區,房地(土地+建物)+車位,吉利街１４９巷１３號四樓,10.26,住,,,1121004,土地1建物1車位1,四層,九層,華廈(10層含以下有電梯),住家用,1060120,58.04,1,1,1,有,有,13480000,248775.0,其他,11.09,1800000,陽台外推；夾層；其他增建；,RPXNMLRJJIIGFEA28DA,19.75,5.14,2.35,有,,7.0
內湖區,房地(土地+建物)+車位,成功路二段５００號十一樓,36.04,住,,,1121011,土地3建物1車位1,十一層,十四層,住宅大樓(11層含以上有電梯),住家用,1011123,222.78,3,2,2,有,有,39180000,175869.0,坡道平面,30.95,0,,RPPNMLSJJIIGFCA47EA,109.89,8.23,11.88,有,499.0,11.0
北投區,房地(土地+建物),榮華一路１４之１號六樓,29.12,住,,,1121011,土地1建物1車位0,六層,七層,華廈(10層含以下有電梯),住家用,0721115,155.53,4,2,2,有,無,36500000,234681.0,,0.0,0,,RPRNMLRJJIIGFEA77EA,133.14,0.0,15.53,有,,40.0
士林區,房地(土地+建物)+車位,承德路四段１８３號六樓之１,27.5,住,,,1121030,土地1建物1車位1,六層,十四層,住宅大樓(11層含以上有電梯),住家用,0900724,215.6,4,2,3,有,有,47000000,217996.0,坡道平面,0.0,0,,RPRNMLSJJIIGFEA87EA,122.93,0.0,11.4,有,,22.0
中正區,房地(土地+建物),羅斯福路一段９巷１３號二樓,32.5,住,,,1121013,土地1建物1車位0,二層,五層,公寓(5樓含以下無電梯),住家用,0721028,124.07,3,2,2,有,無,34190000,275570.0,,0.0,0,,RPRNMLQLIIIGFAA27DA,100.05,0.0,12.86,無,,40.0
文山區,房地(土地+建物),木新路二段１１１巷１２弄２號五樓,20.0,住,,,1121006,土地1建物1車位0,五層,五層,公寓(5樓含以下無電梯),住家用,0751021,89.91,3,2,1,有,無,11380000,126571.0,,0.0,0,其他增建；,RPPNMLTJJIIGFAA27DA,71.56,0.0,9.96,無,,37.0
萬華區,房地(土地+建物),萬大路７１巷３６號四樓,22.75,住,,,1121014,土地1建物1車位0,四層,四層,公寓(5樓含以下無電梯),住家用,0630430,65.11,2,2,1,有,無,6500000,99831.0,,0.0,0,,RPPQMLRKIIIGFBA47DA,59.92,0.0,5.19,無,,49.0
內湖區,房地(土地+建物),行善路３號六樓,43.9,住,,,1121001,土地1建物1車位0,六層,八層,華廈(10層含以下有電梯),住家用,0870506,115.89,3,2,1,有,有,23500000,202778.0,,0.0,0,陽台外推；,RPROMLKLIIIGFCA96DA,70.1,0.0,6.38,有,515.0,25.0
中山區,房地(土地+建物),松江路４６９巷１號七樓之２,20.72,住,,,1121027,土地1建物1車位0,七層,七層,華廈(10層含以下有電梯),住家用,0730721,119.93,1,2,2,有,無,30000000,250146.0,,0.0,0,頂樓加蓋；,RPXOMLRLIIIGFCA28DA,86.31,0.0,14.79,有,516.0,39.0
中山區,房地(土地+建物),復興北路２１４號六樓之１,22.82,住,,,1121019,土地1建物1車位0,六層,十四層,住宅大樓(11層含以上有電梯),住家用,0750314,111.76,3,1,2,有,有,24200000,216535.0,,0.0,0,,RPWNMLNJJIIGFCA57DA,84.44,0.99,6.25,有,,38.0
中山區,房地(土地+建物)+車位,北安路８２９號五樓之８,5.94,住,,,1121027,土地2建物1車位1,五層,十四層,住宅大樓(11層含以上有電梯),住家用,0991224,83.82,0,1,1,有,有,15660000,300525.0,坡道平面,40.03,2500000,,RPWOMLRJJIIGFCA08DA,37.37,0.79,3.62,有,517.0,13.0
中山區,房地(土地+建物)+車位,通北街１１８巷１１號四樓,18.75,住,,,1121023,土地1建物1車位1,四層,九層,華廈(10層含以下有電梯),住家用,0880511,89.27,3,1,2,有,有,13500000,151227.0,坡道平面,0.0,0,,RPROMLSJJIIGFCA67DA,50.09,0.0,6.14,有,518.0,24.0
內湖區,房地(土地+建物),民權東路六段１７９號五樓之１,13.14,住,,,1121008,土地2建物1車位0,五層,十一層,住宅大樓(11層含以上有電梯),住家用,1041016,81.76,2,2,1,有,有,21780000,266389.0,,0.0,0,陽台外推；,RPVOMLSJJIIGFCA08DA,44.21,5.83,4.78,有,519.0,8.0
松山區,房地(土地+建物),八德路三段１２巷１６弄５號四樓之１,10.44,住,,,1121001,土地1建物1車位0,四層,七層,華廈(10層含以下有電梯),住家用,0650819,53.94,1,2,1,有,無,16380000,303671.0,,0.0,0,,RPXNMLQKIIIGFDA08DA,48.92,0.0,0.0,有,,47.0
南港區,房地(土地+建物),重陽路１６６巷１０弄２３號二樓,73.0,住,,,1121019,土地1建物1車位0,二層,四層,公寓(5樓含以下無電梯),住家用,0610320,61.18,3,2,1,有,無,16500000,269696.0,,0.0,0,未登記之後陽台外推,RPROMLNJJIIGFDA27DA,61.18,0.0,0.0,無,,52.0
南港區,房地(土地+建物),重陽路１６６巷１０弄５號二樓,35.75,住,,,1121012,土地1建物1車位0,二層,四層,公寓(5樓含以下無電梯),住家用,0610320,61.18,3,2,1,有,無,13000000,212488.0,,0.0,0,未登記之前後陽台外推,RPSOMLNJJIIGFDA37DA,61.18,0.0,0.0,無,,52.0
士林區,房地(土地+建物),忠誠路二段１７８巷２７弄５號一樓,40.06,住,,,1121016,土地1建物1車位0,一層，平台,四層,公寓(5樓含以下無電梯),住家用,0650813,107.71,4,2,2,有,無,27200000,252530.0,,0.0,0,,RPVNMLSKIIIGFEA18DA,107.71,0.0,0.0,無,,47.0
松山區,房地(土地+建物),南京東路五段６６巷２５號二樓,24.24,住,,,1121017,土地1建物1車位0,二層,七層,華廈(10層含以下有電梯),住家用,0720824,119.11,3,2,2,有,無,28500000,239275.0,,0.0,0,其他增建；,RPPNMLSJJIIGFDA57EA,88.43,0.65,15.38,有,530.0,40.0
大安區,房地(土地+建物),安居街４號十一樓,14.12,住,,,1121011,土地1建物1車位0,十一層,十二層,住宅大樓(11層含以上有電梯),住家用,0730420,126.61,3,2,2,有,有,26100000,206145.0,,0.0,0,,RPQNMLTJJIIGFFA97EA,93.28,0.0,10.76,有,,39.0
文山區,房地(土地+建物)+車位,政大一街２１０巷４３號三樓,43.89,住,,,1121014,土地1建物1車位1,三層,七層,華廈(10層含以下有電梯),住家用,0831222,103.37,3,2,1,有,有,15000000,145110.0,坡道平面,0.0,0,陽台外推；夾層；,RPSOMLTKIIIGFAA67DA,51.31,0.43,6.08,有,,29.0
文山區,房地(土地+建物)+車位,政大三街３５號四樓,32.27,住,,,1121007,土地1建物1車位1,四層,五層,華廈(10層含以下有電梯),住家用,0950724,90.03999999999999,2,2,1,有,有,13380000,188889.0,坡道平面,32.44,2500000,夾層；其他增建；,RPUNMLKLIIIGFAA96DA,38.14,0.0,0.0,有,,17.0
文山區,房地(土地+建物),興德路６２巷１４號五樓,28.71,住,,,1121010,土地1建物1車位0,五層,五層,公寓(5樓含以下無電梯),住家用,,96.92,3,2,1,有,無,12460000,128560.0,,0.0,0,,RPRQMLLMIIIGFAA17DA,74.4,0.0,22.52,無,534.0,
文山區,房地(土地+建物),辛亥路五段９３號二樓,14.14,住,,,1121005,土地3建物1車位0,二層,七層,華廈(10層含以下有電梯),住家用,0720818,82.56,3,2,1,有,有,11500000,139293.0,,0.0,0,,RPWNMLSJJIIGFAA87DA,61.76,0.0,6.52,有,,40.0
萬華區,房地(土地+建物),環河南路三段３９號二樓,25.75,住,,,1121010,土地1建物1車位0,二層,四層,公寓(5樓含以下無電梯),住家用,0590730,86.87,0,1,1,有,無,9600000,110510.0,,0.0,0,其他增建；,RPPNMLLLIIIGFBA66DA,86.87,0.0,0.0,無,535.0,53.0
中正區,房地(土地+建物),臨沂街６９巷８弄３號、３號二樓、３號三樓、３號四樓,107.0,住,,,1121013,土地1建物1車位0,全,四層,透天厝,住家用,0660201,336.97,2,4,5,有,無,81000000,240377.0,,0.0,0,陽台外推；頂樓加蓋；其他增建；,RPROMLNLIIIGFBA17DA,252.45,55.43,29.09,無,,47.0
萬華區,房地(土地+建物),西藏路１９９巷２３號五樓,14.8,住,,,1121004,土地3建物1車位0,五層,五層,公寓(5樓含以下無電梯),住家用,0771004,44.32,1,0,1,有,無,5700000,128610.0,,0.0,0,陽台外推；頂樓加蓋；其他增建；,RPRNMLMJJIIGFBA86DA,32.18,0.0,3.42,無,,35.0
萬華區,房地(土地+建物),西藏路１９９巷２３號四樓,14.8,住,,,1121004,土地3建物1車位0,四層,五層,公寓(5樓含以下無電梯),住家用,0771004,47.82,0,1,1,有,無,6180000,129235.0,,0.0,0,陽台外推；其他增建；,RPXNMLSJJIIGFBA08DA,35.68,0.0,3.42,無,,35.0
內湖區,房地(土地+建物)+車位,內湖路一段３８７巷３弄６號八樓,45.19,住,,,1121006,土地1建物1車位1,八層,十三層,住宅大樓(11層含以上有電梯),住家用,0830309,217.14,4,2,2,有,有,43200000,224626.0,坡道平面,35.96,2500000,,RPUNMLLKIIIGFCA17DA,175.27,5.13,15.54,有,,30.0
內湖區,房地(土地+建物),港墘路２６巷８之１號四樓,31.68,住,,,1121007,土地1建物1車位0,四層,五層,公寓(5樓含以下無電梯),住家用,0720513,113.55,3,2,2,有,無,20580000,181242.0,,0.0,0,陽台外推；,RPTQMLMKIIIGFCA47DA,92.49,0.0,10.35,無,,40.0
中山區,房地(土地+建物),明水路３９７巷１０號六樓,27.55,住,,,1121008,土地1建物1車位0,六層,六層,華廈(10層含以下有電梯),住家用,0830916,92.07,3,2,1,有,有,28500000,309547.0,,0.0,0,,RPRPMLOLIIIGFCA47DA,60.29,5.6,7.65,有,,29.0
內湖區,房地(土地+建物),民權東路六段２８０巷１９弄７號二樓,46.38,住,,,1121021,土地1建物1車位0,二層,五層,公寓(5樓含以下無電梯),住家用,0771012,144.70000000000002,3,2,2,有,無,23200000,160332.0,,0.0,0,陽台外推；其他增建；,RPQOMLMJJIIGFCA96DA,108.0,9.83,13.57,無,,35.0
內湖區,房地(土地+建物),康寧路三段１８９巷７３弄３號五樓,34.57,住,,,1121015,土地1建物1車位0,五層,五層,公寓(5樓含以下無電梯),住家用,0740103,129.53,4,2,2,有,無,16900000,130472.0,,0.0,0,頂樓加蓋；其他增建；,RPOQMLQJJIIGFCA37DA,111.06,0.0,8.35,無,539.0,39.0
內湖區,房地(土地+建物)+車位,康樂街１３６巷３０弄５號十樓之１,27.25,住,,,1121005,土地2建物1車位1,十層,十五層,住宅大樓(11層含以上有電梯),住家用,1090424,181.82,3,1,2,有,有,33500000,184248.0,坡道平面,0.0,0,,RPUNMLSJJIIGFCA87DA,97.12,0.63,9.2,有,,3.0
松山區,房地(土地+建物),八德路二段３６６巷１３弄２號三樓,45.75,住,,,1121012,土地1建物1車位0,三層，陽臺,四層,公寓(5樓含以下無電梯),住家用,0610919,123.9,3,2,2,有,無,29000000,234060.0,,0.0,0,,RPXNMLTKIIIGFDA38DA,123.9,0.0,0.0,無,,51.0
信義區,房地(土地+建物),福德街２６８巷２６弄３號四樓,26.31,住,,,1121012,土地1建物1車位0,四層,四層,公寓(5樓含以下無電梯),住家用,0660530,61.91,2,2,1,有,無,13050000,210790.0,,0.0,0,陽台外推；頂樓加蓋；其他增建；,RPPOMLRJJIIGFDA47DA,53.09,0.0,8.82,無,,46.0
信義區,房地(土地+建物)+車位,信安街１０３巷８之１號,39.5,住,,,1121009,土地1建物1車位1,一層,五層,華廈(10層含以下有電梯),住家用,1100618,126.63,2,2,1,有,有,31880000,365755.0,坡道平面,47.67,3000000,夾層；,RPRNMLKKJIIGFDA96DA,50.73,0.0,0.0,有,,2.0
士林區,房地(土地+建物),重慶北路四段２２０巷２５號三樓,28.9,住,,,1121002,土地1建物1車位0,三層,五層,公寓(5樓含以下無電梯),住家用,0780313,86.73,3,2,2,有,無,13300000,153349.0,,0.0,0,陽台外推；其他增建；,RPXOMLSKIIIGFEA48DA,70.23,0.0,7.86,無,,35.0
北投區,房地(土地+建物),天母北路８０之１號二樓,25.39,住,,,1121002,土地1建物1車位0,二層,七層,華廈(10層含以下有電梯),住家用,0670411,133.52,3,2,2,有,有,27300000,204464.0,,0.0,0,陽台外推；其他增建；,RPOOMLKLIIIGFEA86DA,111.5,0.0,22.02,有,,45.0
北投區,房地(土地+建物)+車位,石牌路二段３１５巷３７號七樓,52.05,住,,,1121003,土地1建物1車位2,七層,十一層,住宅大樓(11層含以上有電梯),住家用,1021023,313.65999999999997,4,2,2,有,有,48000000,203425.0,坡道平面,102.28,5000000,,RPRNMLNLIIIGFEA37DA,119.68,16.15,11.32,有,543.0,10.0
士林區,房地(土地+建物),基河路１２８號八樓之９,7.55,住,,,1121022,土地1建物1車位0,八層,十一層,住宅大樓(11層含以上有電梯),住家用,0850916,28.13,1,1,1,有,有,6500000,231070.0,,0.0,0,陽台外推；,RPPPMLTJJIIGFEA87DA,15.92,1.18,2.37,有,544.0,27.0
大安區,房地(土地+建物),杭州南路二段６５巷２６號五樓,12.17,住,,,1121011,土地2建物1車位0,五層,六層,華廈(10層含以下有電梯),住家用,0710618,54.64,2,2,1,有,有,21250000,388909.0,,0.0,0,陽台外推；其他增建；,RPXNMLNJJIIGFFA97DA,43.05,0.0,8.98,有,545.0,41.0
大同區,房地(土地+建物),哈密街２０巷１６號三樓,28.0,住,,,1121023,土地2建物1車位0,三層,四層,公寓(5樓含以下無電梯),住家用,0650308,103.69,4,1,2,有,無,16000000,154306.0,,0.0,0,,RPUNMLTJJIIGFBA97EA,97.81,0.0,5.88,無,547.0,48.0
中山區,房地(土地+建物),中山北路二段３６巷１２號二樓,22.25,住,,,1121017,土地1建物1車位0,二層,四層,公寓(5樓含以下無電梯),住家用,0560110,76.56,0,1,1,有,無,18500000,241641.0,,0.0,0,,RPRNMLKKJIIGFCA96EA,76.56,0.0,0.0,無,,57.0
大安區,房地(土地+建物),師大路８０巷３號,33.0,住,,,1121003,土地1建物1車位0,一層,四層,公寓(5樓含以下無電梯),住家用,0600720,75.48,1,1,1,有,無,28000000,370959.0,,0.0,0,,RPPNMLTJJIIGFFA87EA,75.48,0.0,0.0,無,,52.0
內湖區,房地(土地+建物),大湖山莊街２１９巷３４弄３號三樓之３,11.38,住,,,1121011,土地1建物1車位0,三層,六層,華廈(10層含以下有電梯),住家用,0810717,40.73,1,1,1,有,有,7200000,176774.0,,0.0,0,,RPTNMLOKIIIGFCA37DA,25.99,0.0,4.19,有,,31.0
內湖區,房地(土地+建物),環山路一段６９號三樓,36.5,住,,,1121005,土地1建物1車位0,三層,四層,公寓(5樓含以下無電梯),住家用,0670605,90.18,4,2,1,有,無,15320000,169882.0,,0.0,0,陽台外推；其他增建；,RPWOMLKLIIIGFCA47DA,82.37,0.0,7.81,無,,45.0
內湖區,房地(土地+建物),南京東路六段９３號八樓,49.24,住,,,1121001,土地1建物1車位0,八層,九層,華廈(10層含以下有電梯),住家用,0860526,130.89999999999998,3,2,2,有,有,24000000,183346.0,,0.0,0,其他增建；,RPQPMLKLIIIGFCA96DA,74.88,0.0,8.44,有,,26.0
中山區,房地(土地+建物)+車位,北安路７８９號八樓,8.77,住,,,1121009,土地1建物1車位1,八層,十四層,住宅大樓(11層含以上有電梯),住家用,1020904,87.84,2,2,2,有,有,24680000,302199.0,塔式車位,12.8,2000000,夾層；,RPXOMLNLIIIGFCA87DA,39.41,4.44,3.65,有,557.0,10.0
內湖區,房地(土地+建物),麗山街８０號四樓,27.15,住,,,1121011,土地2建物1車位0,四層,五層,公寓(5樓含以下無電梯),住家用,0721004,100.66,3,2,2,有,無,19200000,190741.0,,0.0,0,,RPRNMLPLIIIGFCA37DA,85.75,0.0,14.91,無,,40.0
內湖區,房地(土地+建物),民權東路六段１２０巷３弄４號二樓,30.87,住,,,1121008,土地1建物1車位0,二層,五層,公寓(5樓含以下無電梯),住家用,0730130,99.82,3,2,2,有,無,20000000,200361.0,,0.0,0,陽台外推；,RPRNMLNKJIIGFCA17DA,77.76,0.0,15.02,無,561.0,40.0
南港區,房地(土地+建物),興南街６４巷４弄７號,29.25,住,,,1121011,土地1建物1車位0,一層,四層,公寓(5樓含以下無電梯),住家用,0690502,84.03,4,2,2,有,無,21000000,249911.0,,0.0,0,陽台外推；其他增建；,RPSNMLSKIIIGFDA77DA,69.87,14.16,0.0,無,562.0,43.0
信義區,房地(土地+建物),虎林街２０２巷４３號二樓,36.25,住,,,1121008,土地1建物1車位0,二層,四層,公寓(5樓含以下無電梯),住家用,0600407,90.44,3,2,1,有,無,19890000,219925.0,,0.0,0,,RPPNMLLJJIIGFDA76DA,81.97,0.0,8.47,無,,53.0
信義區,房地(土地+建物),忠孝東路五段４２３巷４弄５號四樓,29.98,住,,,1121010,土地1建物1車位0,四層,五層,公寓(5樓含以下無電梯),住家用,0780428,121.67,3,2,2,有,有,26050000,214104.0,,0.0,0,陽台外推；其他增建；,RPOOMLTJJIIGFDA57DA,85.23,0.0,9.93,無,563.0,34.0
北投區,房地(土地+建物),中央北路四段５０１號三樓,23.25,住,,,1121009,土地1建物1車位0,三層，陽臺,四層,公寓(5樓含以下無電梯),住家用,0640507,67.99,2,1,1,有,無,9400000,138256.0,,0.0,0,陽台外推；,RPSNMLKLIIIGFEA17DA,67.99,0.0,0.0,無,,48.0
士林區,房地(土地+建物),福港街２３３之１號五樓,35.98,住,,,1121014,土地1建物1車位0,五層,五層,公寓(5樓含以下無電梯),住家用,0721214,122.24,4,2,2,有,無,18510000,151423.0,,0.0,0,陽台外推；其他增建；,RPSNMLNLIIIGFEA47DA,84.86,0.0,12.43,無,,40.0
北投區,房地(土地+建物),珠海路１１６號二樓,31.93,住,,,1121007,土地1建物1車位0,二層,七層,華廈(10層含以下有電梯),住家用,0710225,146.51,4,2,2,有,有,16680000,113849.0,,0.0,0,陽台外推；,RPWNMLNLIIIGFEA87DA,119.94,0.0,22.15,有,,42.0
北投區,房地(土地+建物),新民路１巷７之２號,27.0,住,,,1121004,土地2建物1車位0,三層,三層,公寓(5樓含以下無電梯),住家用,0580507,77.07,3,2,1,有,無,8080000,104840.0,,0.0,0,其他增建；,RPOOMLRJJIIGFEA47DA,77.07,0.0,0.0,無,,54.0
士林區,房地(土地+建物),天玉街３８巷１１之１號五樓,33.6,住,,,1121005,土地1建物1車位0,五層,五層,公寓(5樓含以下無電梯),住家用,0680206,110.47,4,3,2,有,無,22700000,205486.0,,0.0,0,陽台外推；頂樓加蓋；,RPWNMLNKJIIGFEA87DA,93.29,0.0,17.18,無,570.0,45.0
北投區,房地(土地+建物)+車位,稻香路１６１巷１號三樓,33.0,住,,,1121001,土地1建物1車位1,三層,十層,華廈(10層含以下有電梯),住家用,0960627,172.53,3,2,2,有,有,20200000,137910.0,坡道平面,40.56,2000000,,RPXNMLNKJIIGFEA97DA,82.56,2.19,12.03,有,,16.0
大安區,房地(土地+建物),羅斯福路三段２８３巷１９弄１４號四樓,26.8,住,,,1121011,土地2建物1車位0,四層,五層,公寓(5樓含以下無電梯),住家用,0710621,82.58,3,2,1,有,無,22500000,272463.0,,0.0,0,陽台外推；其他增建；,RPVNMLLKIIIGFFA57DA,73.59,0.0,8.99,無,571.0,41.0
文山區,房地(土地+建物)+車位,政大三街２１巷１４號四樓,100.6,住,,,1121005,土地1建物1車位1,四層，五層，電梯樓梯間,五層,華廈(10層含以下有電梯),住家用,0851217,192.47,4,2,2,有,有,26080000,135502.0,坡道平面,0.0,2000000,陽台外推；夾層；其他增建；,RPWNMLOLIIIGFAA57DA,117.94,5.98,13.26,有,,27.0
文山區,房地(土地+建物),指南路二段４５巷２１弄７號五樓,32.61,住,,,1121001,土地1建物1車位0,五層,五層,公寓(5樓含以下無電梯),住家用,0701007,114.04,3,2,2,有,無,15200000,133287.0,,0.0,0,陽台外推；其他增建；,RPPNMLPLIIIGFAA96DA,71.56,0.0,23.24,無,577.0,42.0
文山區,房地(土地+建物),興隆路三段２２１巷２弄８號三樓,51.38,住,,,1121014,土地3建物1車位0,三層,五層,公寓(5樓含以下無電梯),住家用,0690910,88.73,3,2,2,有,有,12100000,136369.0,,0.0,0,其他增建；,RPUOMLMJJIIGFAA17DA,74.78,0.0,13.95,無,,43.0
萬華區,房地(土地+建物),西昌街７７號二樓,15.0,住,,,1121013,土地1建物1車位0,二層,六層,公寓(5樓含以下無電梯),住家用,0720314,64.77,2,2,1,有,無,10000000,154392.0,,0.0,0,陽台外推；其他增建；,RPTOMLQKIIIGFBA57DA,56.29,0.0,8.48,無,579.0,41.0
萬華區,房地(土地+建物),萬大路４２４巷１７０號四樓,25.0,住,,,1121003,土地1建物1車位0,四層,四層,公寓(5樓含以下無電梯),住家用,0600121,74.06,3,1,1,有,無,10100000,136376.0,,0.0,0,頂樓加蓋；其他增建；,RPPOMLKMIIIGFBA76DA,74.06,0.0,0.0,無,,53.0
中山區,房地(土地+建物),合江街１０２巷３８號三樓,36.41,住,,,1121002,土地1建物1車位0,三層,六層,華廈(10層含以下有電梯),住家用,0740725,169.61,4,2,2,有,無,37000000,218148.0,,0.0,0,其他增建；,RPQPMLNJIIIGFCA07DA,144.76,0.0,16.78,有,,38.0
內湖區,房地(土地+建物)+車位,新明路４２８巷１０號十樓,26.35,住,,,1121010,土地1建物1車位2,十層,十四層,住宅大樓(11層含以上有電梯),住家用,1120221,193.2,2,2,2,有,有,38200000,197723.0,坡道平面,58.04,0,,RPQOMLRLIIIGFCA57DA,84.42,0.0,5.48,有,583.0,1.0
內湖區,房地(土地+建物),內湖路一段５９１巷１１弄１３號四樓,31.41,住,,,1121018,土地1建物1車位0,四層,五層,公寓(5樓含以下無電梯),住家用,0750218,93.58,3,2,2,有,無,17100000,182731.0,,0.0,0,其他增建；,RPWNMLLJJIIGFCA37DA,81.48,0.0,8.67,無,,38.0
內湖區,房地(土地+建物),內湖路三段３２９巷２弄７號四樓,22.8,住,,,1121001,土地1建物1車位0,四層,五層,公寓(5樓含以下無電梯),住家用,0680504,83.65,3,2,1,有,無,10200000,121937.0,,0.0,0,,RPUNMLMKJIIGFCA37DA,72.23,0.0,11.42,無,,44.0
內湖區,房地(土地+建物)+車位,環山路一段２８號二十三樓,59.73,住,,,1121007,土地1建物1車位4,二十三層,二十四層,住宅大樓(11層含以上有電梯),住家用,0981007,426.29,3,2,3,有,有,113000000,265078.0,坡道平面,56.56,0,,RPPNMLOKJIIGFCA07DA,177.36,6.91,16.5,有,,14.0
中山區,房地(土地+建物)+車位,敬業三路１６２巷７６號六樓,47.09,住,,,1121025,土地1建物1車位1,六層,十二層,住宅大樓(11層含以上有電梯),住家用,0890628,155.45999999999998,2,2,2,有,有,30500000,196192.0,坡道平面,0.0,0,陽台外推；,RPSOMLOKJIIGFCA47DA,77.62,0.0,8.1,有,,23.0
松山區,房地(土地+建物),光復南路３３巷１５號,52.68,住,,,1121011,土地1建物1車位0,一層,七層,華廈(10層含以下有電梯),住家用,0830106,179.48000000000002,4,2,2,有,有,52500000,292512.0,,0.0,0,,RPOOMLMKIIIGFDA86DA,121.52,14.16,0.0,有,,30.0
信義區,房地(土地+建物),嘉興街３０５巷３號四樓,21.75,住,,,1121005,土地1建物1車位0,四層,四層,公寓(5樓含以下無電梯),住家用,0570916,71.06,3,2,1,有,無,13000000,182944.0,,0.0,0,陽台外推；其他增建；,RPSNMLQKIIIGFDA57DA,47.18,0.0,23.88,無,,55.0
南港區,房地(土地+建物),福德街３１０巷５６號二樓,23.25,住,,,1121018,土地1建物1車位0,二層，陽臺,四層,公寓(5樓含以下無電梯),住家用,0630814,61.45,2,1,1,有,無,11010000,179170.0,,0.0,0,有其他增建：後陽台。其他增建；,RPTOMLNLIIIGFDA57DA,61.45,0.0,0.0,無,,49.0
松山區,房地(土地+建物),寶清街１８之８號三樓,37.67,住,,,1121001,土地1建物1車位0,三層，陽臺,四層,公寓(5樓含以下無電梯),住家用,0640220,126.19,3,2,1,有,無,23150000,183454.0,,0.0,0,,RPXNMLPLIIIGFDA08DA,126.19,0.0,0.0,無,,49.0
信義區,房地(土地+建物),虎林街４０巷３１號二樓,26.38,住,,,1121006,土地1建物1車位0,二層,五層,公寓(5樓含以下無電梯),住家用,0740517,105.84,3,2,2,有,無,22580000,213341.0,,0.0,0,陽台外推；其他增建；,RPVNMLMJJIIGFDA47DA,89.55,0.0,10.52,無,588.0,38.0
信義區,房地(土地+建物),吳興街２６０巷１９弄１２號五樓,35.8,住,,,1121017,土地1建物1車位0,五層,九層,華廈(10層含以下有電梯),住家用,0891027,150.53,3,2,2,有,有,37000000,245798.0,,0.0,0,其他增建；,RPVNMLNJJIIGFDA57DA,89.92,0.0,13.78,有,,23.0
南港區,房地(土地+建物),東新街１１８巷４１號七樓,20.27,住,,,1121022,土地3建物1車位0,七層,十一層,住宅大樓(11層含以上有電梯),住家用,1010314,98.66,2,2,2,有,有,28960000,293533.0,,0.0,0,其他增建；,RPSPMLQJJIIGFDA77DA,64.81,0.0,11.16,有,589.0,12.0
松山區,房地(土地+建物),復興北路４２７巷２５號九樓之７,7.68,住,,,1121022,土地1建物1車位0,九層,十一層,住宅大樓(11層含以上有電梯),住家用,0971013,47.31,1,1,1,有,有,12580000,265906.0,,0.0,0,,RPUOMLRJJIIGFDA97DA,22.16,4.29,2.06,有,590.0,15.0
信義區,房地(土地+建物)+車位,永吉路２２５巷７弄７號七樓之２,14.94,住,,,1121023,土地1建物1車位1,七層,十二層,住宅大樓(11層含以上有電梯),住家用,1111111,123.51,2,2,2,有,有,32500000,331479.0,坡道平面,35.42,3300000,,RPPOMLNKJIIGFDA17DA,53.23,1.28,5.5,有,,1.0
南港區,房地(土地+建物),成福路１４９巷３號五樓,23.37,住,,,1121004,土地1建物1車位0,五層,五層,公寓(5樓含以下無電梯),住家用,0691216,86.15,5,2,2,有,無,15500000,179919.0,,0.0,0,頂樓加蓋；,RPWNMLOKJIIGFDA87DA,76.75,0.0,9.4,無,,43.0
士林區,房地(土地+建物),中山北路七段１１４巷６０弄３號,36.94,住,,,1121004,土地1建物1車位0,一層,五層,公寓(5樓含以下無電梯),住家用,0700904,135.91,3,2,2,有,無,18980000,139651.0,,0.0,0,其他增建；,RPPOMLMJJIIGFEA07DA,105.88,19.71,0.0,無,592.0,42.0
北投區,房地(土地+建物)+車位,崗山路８巷５號四樓,29.67,住,,,1121016,土地1建物1車位1,四層,十二層,住宅大樓(11層含以上有電梯),住家用,0961214,167.29,2,2,2,有,有,24500000,166578.0,坡道平面,35.22,2500000,陽台外推；其他增建；,RPUOMLRJJIIGFEA08DA,78.31,2.22,11.71,有,593.0,16.0
北投區,房地(土地+建物)+車位,承德路七段１６６號十六樓,28.39,住,,,1121009,土地3建物1車位2,十六層,二十層,住宅大樓(11層含以上有電梯),住家用,1120413,311.53999999999996,2,2,2,有,有,64000000,205431.0,坡道平面,66.48,0,,RPTNMLKKJIIGFEA27DA,135.27,16.0,14.26,有,594.0,
士林區,房地(土地+建物),中山北路六段４４４號五樓,12.62,住,,,1121009,土地1建物1車位0,五層,七層,華廈(10層含以下有電梯),住家用,0750531,67.3,2,2,1,有,有,16900000,251114.0,,0.0,0,陽台外推；,RPQNMLNKJIIGFEA27DA,53.85,0.0,6.6,有,596.0,37.0
士林區,房地(土地+建物),磺溪街３５巷１２號四樓,38.6,住,,,1121006,土地1建物1車位0,四層,五層,公寓(5樓含以下無電梯),住家用,0770109,110.96,3,2,2,有,有,22500000,202776.0,,0.0,0,陽台外推；,RPVNMLNKJIIGFEA77DA,94.58,0.36,11.86,無,,36.0
文山區,房地(土地+建物),忠順街一段１１３號五樓,27.63,住,,,1121013,土地1建物1車位0,五層,五層,公寓(5樓含以下無電梯),住家用,0680924,99.61,3,2,1,有,無,12000000,120470.0,,0.0,0,,RPSNMLOKJIIGFAA27EA,88.48,0.0,11.13,無,,44.0
松山區,房地(土地+建物)+車位,敦化北路６號十三樓,42.2,住,,,1121016,土地2建物1車位3,十三層,二十三層,住宅大樓(11層含以上有電梯),住家用,1071126,541.15,0,0,0,無,有,283880000,524587.0,坡道平面,0.0,0,毛胚屋；,RPPNMLOKJIIGFDA27EA,247.25,15.59,33.91,有,,5.0
中正區,房地(土地+建物)+車位,水源路３７之２號九樓之２,21.66,住,,,1121013,土地1建物1車位1,九層,十三層,住宅大樓(11層含以上有電梯),住家用,1070223,211.2,4,2,2,有,有,46000000,242827.0,坡道平面,32.06,2500000,,RPWOMLTKIIIGFAA08DA,98.8,9.13,12.12,有,,6.0
中正區,房地(土地+建物)+車位,同安街６６號六樓,16.3,住,,,1121013,土地1建物1車位1,六層,七層,華廈(10層含以下有電梯),住家用,0860131,94.1,1,1,1,有,有,16800000,178533.0,升降機械,0.0,2000000,陽台外推；夾層；其他增建；,RPQOMLKLIIIGFAA66DA,22.33,29.2,3.64,有,604.0,27.0
中正區,房地(土地+建物)+車位,汀州路二段２７７號四樓,24.02,住,,,1121008,土地1建物1車位1,四層,十層,華廈(10層含以下有電梯),住家用,1051209,162.28,1,2,1,有,有,37420000,291571.0,坡道平面,44.23,3000000,其他增建；,RPTQMLLMIIIGFAA37DA,64.64,4.88,8.75,有,605.0,7.0
文山區,房地(土地+建物),興隆路一段２５１巷２弄６號四樓,24.5,住,,,1121016,土地1建物1車位0,四層，陽臺,四層,公寓(5樓含以下無電梯),住家用,0600604,70.15,2,2,1,有,無,11520000,164220.0,,0.0,0,陽台外推；其他增建；,RPXNMLMJJIIGFAA37DA,70.15,0.0,0.0,無,,52.0
文山區,房地(土地+建物)+車位,指南路三段５７號八樓之５,22.41,住,,,1121003,土地1建物2車位1,八層,八層,華廈(10層含以下有電梯),住家用,1110913,134.65,3,2,2,有,有,22000000,197476.0,塔式車位,30.84,1500000,其他增建；,RPVOMLQJJIIGFAA67DA,46.39,11.79,2.22,有,,1.0
萬華區,房地(土地+建物),和平西路三段３０９巷１５弄５號二樓,12.35,住,,,1121015,土地2建物1車位0,二層,五層,公寓(5樓含以下無電梯),住家用,0660128,67.39,2,2,1,有,無,8970000,133106.0,,0.0,0,陽台外推；其他增建；,RPSNMLKMIIIGFBA96DA,58.61,0.0,8.78,無,606.0,47.0
萬華區,房地(土地+建物),民和街６３號四樓,18.6,住,,,1121008,土地1建物1車位0,四層,五層,公寓(5樓含以下無電梯),住家用,0660325,71.57,0,1,1,有,無,9800000,136929.0,,0.0,0,陽台外推；其他增建；,RPPNMLKKJIIGFBA56DA,67.34,0.0,4.23,無,,47.0
萬華區,房地(土地+建物),青年路１６８巷４９弄５１號五樓之２,11.36,住,,,1121023,土地2建物1車位0,五層,五層,公寓(5樓含以下無電梯),住家用,0640523,38.37,1,1,1,有,無,4600000,119885.0,,0.0,0,,RPVPMLPKJIIGFBA87DA,32.51,0.0,0.0,無,608.0,48.0
中山區,房地(土地+建物),民權東路二段９２巷１弄９號二樓之２,11.42,住,,,1121003,土地1建物1車位0,二層,五層,華廈(10層含以下有電梯),住家用,0810427,34.14,1,0,1,有,有,8050000,235794.0,,0.0,0,陽台外推；,RPPOMLTKIIIGFCA57DA,19.03,0.0,7.08,有,609.0,31.0
內湖區,房地(土地+建物)+車位,港華街９９號四樓之２,10.64,住,,,1121014,土地1建物1車位1,四層,十層,華廈(10層含以下有電梯),住家用,1010515,88.1,1,1,1,有,有,17500000,255818.0,升降機械,27.52,2000000,,RPXPMLKMIIIGFCA77DA,45.87,2.66,3.02,有,,11.0
內湖區,房地(土地+建物),陽光街１６１巷１２之３２號四樓,22.05,住,,,1121012,土地1建物1車位0,四層,五層,華廈(10層含以下有電梯),住家用,1080716,42.77,1,1,1,有,有,11700000,273556.0,,0.0,0,,RPSPMLOKJIIGFCA57DA,23.26,2.88,0.0,有,610.0,4.0
內湖區,房地(土地+建物),成功路二段４２６巷４２號二樓,31.43,住,,,1121007,土地1建物1車位0,二層,五層,公寓(5樓含以下無電梯),住家用,0760817,109.63,3,2,2,有,無,15080000,137554.0,,0.0,0,,RPPNMLPKJIIGFCA17DA,92.32,0.0,10.09,無,,36.0
內湖區,房地(土地+建物)+車位,內湖路二段２３５巷２０號四樓之１,169.03,住,,,1121006,土地3建物1車位2,四層,五層,華廈(10層含以下有電梯),住家用,1110722,323.42,3,2,3,有,有,61930000,221636.0,坡道平面,67.46,5200000,追減金額59997元,RPWNMLPKJIIGFCA87DA,154.39,8.86,12.61,有,,1.0
信義區,房地(土地+建物)+車位,吳興街６００巷７６弄１３號六樓,18.96,住,,,1121015,土地4建物1車位1,六層,九層,華廈(10層含以下有電梯),住家用,1060907,146.99,2,2,1,有,有,30000000,204096.0,坡道平面,41.16,0,,RPPPMLRKIIIGFDA57DA,61.28,0.0,8.5,有,611.0,6.0
信義區,房地(土地+建物),福德街２６８巷２６弄２號,41.12,住,,,1121013,土地1建物1車位0,一層,四層,公寓(5樓含以下無電梯),住家用,0660530,115.79,3,2,2,有,無,31300000,270317.0,,0.0,0,前後陽台外推。陽台外推；,RPTNMLPLIIIGFDA67DA,101.92,0.0,13.87,無,,46.0
松山區,房地(土地+建物)+車位,敦化南路一段３號十四樓,16.85,住,,,1121021,土地2建物1車位2,十四層,二十三層,住宅大樓(11層含以上有電梯),住家用,1100203,269.78999999999996,4,2,2,有,有,118880000,550509.0,坡道平面,66.56,7000000,,RPVOMLOKJIIGFDA87DA,113.34,7.37,13.08,有,614.0,3.0
士林區,房地(土地+建物)+車位,劍潭路７３號七樓,34.9,住,,,1121006,土地1建物1車位1,七層,十四層,住宅大樓(11層含以上有電梯),住家用,0960122,171.76,3,2,2,有,有,43000000,250349.0,坡道平面,0.0,3000000,陽台外推；其他增建；,RPXNMLOLIIIGFEA08DA,90.42,1.56,12.55,有,,17.0
士林區,房地(土地+建物),芝玉路二段８９巷２號五樓,33.0,住,,,1121014,土地1建物1車位0,五層,五層,公寓(5樓含以下無電梯),住家用,0670201,102.0,3,2,1,有,無,17500000,171569.0,,0.0,0,,RPPOMLQJJIIGFEA47DA,90.95,0.0,11.05,無,615.0,46.0
北投區,房地(土地+建物),西安街二段８９號五樓,24.5,住,,,1121027,土地2建物1車位0,五層,五層,公寓(5樓含以下無電梯),住家用,0730901,91.39,5,0,4,有,無,17200000,188204.0,,0.0,0,陽台外推；頂樓加蓋；其他增建；,RPUNMLKKJIIGFEA37DA,76.29,0.0,8.01,無,616.0,39.0
士林區,房地(土地+建物),文林路６６１巷２號,62.0,住,,,1121027,土地2建物1車位0,全,二層,透天厝,住家用,0570221,71.4,1,2,2,有,無,30000000,420168.0,,0.0,0,頂樓加蓋；其他增建；,RPVNMLOKJIIGFEA87DA,71.4,0.0,0.0,無,618.0,56.0
大安區,房地(土地+建物),樂業街１４８號四樓,30.11,住,,,1121031,土地1建物1車位0,四層,七層,華廈(10層含以下有電梯),住家用,0711208,145.27,4,2,2,有,無,33550000,230949.0,,0.0,0,,RPVNMLLMIIIGFFA77DA,119.58,0.0,21.11,有,,41.0
大安區,房地(土地+建物),四維路１７０巷３６號四樓之７,7.69,住,,,1121009,土地1建物1車位0,四層,八層,華廈(10層含以下有電梯),住家用,0980115,40.72,1,1,1,有,有,12680000,311395.0,,0.0,0,陽台外推；其他增建；,RPTOMLMJJIIGFFA57DA,21.38,2.31,2.67,有,620.0,15.0
文山區,房地(土地+建物),興隆路四段１０５巷９號三樓,15.45,住,,,1121024,土地1建物1車位0,三層,十二層,住宅大樓(11層含以上有電梯),住家用,0840821,73.25999999999999,2,1,1,有,有,14380000,196287.0,,0.0,0,,RPUNMLPKJIIGFAA57EA,47.98,2.35,5.54,有,,28.0
信義區,房地(土地+建物)+車位,基隆路一段１４７巷３４號三樓之１,37.34,住,,,1121002,土地1建物1車位1,三層,六層,華廈(10層含以下有電梯),住家用,0821001,162.16,3,2,2,有,無,30000000,218783.0,升降平面,38.75,3000000,,RPRNMLQKJIIGFDA67EA,128.09,3.01,10.54,有,,30.0
文山區,房地(土地+建物),辛亥路四段１６６巷１６號,28.0,住,,,1121015,土地1建物1車位0,一層，平台,四層,公寓(5樓含以下無電梯),住家用,,82.0,2,2,1,有,無,15850000,193293.0,,0.0,0,其他增建；,RPQNMLPKIIIGFAA96DA,82.0,0.0,0.0,無,625.0,
中正區,房地(土地+建物),羅斯福路三段８４巷２１號二樓,16.98,住,,,1121021,土地1建物1車位0,二層,七層,華廈(10層含以下有電梯),住家用,,105.4,3,2,2,有,有,24000000,227704.0,,0.0,0,陽台外推；其他增建；,RPQNMLNJJIIGFAA76DA,77.68,0.0,16.47,有,,
中正區,房地(土地+建物),和平西路二段１６巷６號四樓,23.15,住,,,1121030,土地1建物1車位0,四層,四層,華廈(10層含以下有電梯),住家用,0620503,67.4,2,2,1,有,有,17280000,256380.0,,0.0,0,陽台外推；,RPQPMLQJJIIGFAA27DA,40.62,0.0,3.78,有,626.0,50.0
文山區,房地(土地+建物)+車位,羅斯福路六段３９巷４６號十一樓,12.72,住,,,1121011,土地1建物1車位1,十一層,十三層,住宅大樓(11層含以上有電梯),住家用,0960913,120.44,2,2,1,有,有,15800000,131186.0,坡道平面,42.9,0,,RPROMLPKJIIGFAA27DA,50.25,1.04,4.83,有,,16.0
大同區,房地(土地+建物),哈密街１４３之２號二樓,24.19,住,,,1121007,土地2建物1車位0,二層,七層,華廈(10層含以下有電梯),住家用,0740617,115.57,3,2,1,有,無,18880000,163364.0,,0.0,0,陽台外推；,RPVOMLOKJIIGFBA67DA,80.02,0.0,13.38,有,,38.0
內湖區,房地(土地+建物),環山路二段５３巷５弄４號四樓,32.53,住,,,1121020,土地2建物1車位0,四層,四層,公寓(5樓含以下無電梯),住家用,0681015,94.75,3,2,1,有,無,16300000,172032.0,,0.0,0,陽台外推；其他增建；,RPRNMLLMIIIGFCA07DA,80.71,0.0,14.04,無,631.0,44.0
信義區,房地(土地+建物),松山路２５４號十四樓,13.43,住,,,1121011,土地2建物1車位0,十四層,十五層,住宅大樓(11層含以上有電梯),住家用,0730608,87.59,2,2,1,有,有,18680000,213266.0,,0.0,0,陽台外推；其他增建；,RPTNMLOLIIIGFDA57DA,57.3,0.0,6.67,有,,39.0
信義區,房地(土地+建物)+車位,忠孝東路五段２３６巷６６號八樓,234.04,住,,,1121002,土地1建物1車位4,八層,十七層,住宅大樓(11層含以上有電梯),住家用,1000112,1137.05,0,0,0,無,有,662000000,659558.0,坡道平面,185.2,34200000,,RPSOMLPLIIIGFDA67DA,557.16,16.31,53.17,有,,13.0
信義區,房地(土地+建物)+車位,忠孝東路五段２３６巷６６號七樓,234.04,住,,,1121002,土地1建物1車位4,七層,十七層,住宅大樓(11層含以上有電梯),住家用,1000112,1138.03,0,0,0,無,有,651500000,650693.0,坡道平面,185.2,31500000,,RPUOMLPLIIIGFDA87DA,557.16,16.98,53.17,有,,13.0
信義區,房地(土地+建物),松山路２２５巷１７之１號,45.0,住,,,1121015,土地3建物1車位0,全,三層,透天厝,住家用,0610510,119.37,6,2,3,有,無,26000000,217810.0,,0.0,0,頂樓加蓋；其他增建；,RPOOMLKMIIIGFDA86DA,119.37,0.0,0.0,無,,51.0
信義區,房地(土地+建物),忠孝東路五段４２３巷５弄２８號二樓之１,10.9,住,,,1121009,土地1建物1車位0,二層,五層,華廈(10層含以下有電梯),住家用,0881005,39.15,1,1,1,有,有,11020000,281481.0,,0.0,0,其他增建；,RPWOMLLMIIIGFDA77DA,25.01,0.88,2.51,有,,24.0
松山區,房地(土地+建物),三民路７４巷８號六樓之１,27.74,住,,,1121020,土地1建物1車位0,六層,七層,華廈(10層含以下有電梯),住家用,0810310,118.2,3,2,2,有,有,32050000,271151.0,,0.0,0,,RPSNMLLJJIIGFDA07DA,78.43,0.0,7.2,有,639.0,32.0
信義區,房地(土地+建物),吳興街２８４巷５之６號,35.0,住,,,1121022,土地1建物1車位0,一層,五層,公寓(5樓含以下無電梯),住家用,0750430,103.83,3,2,2,有,無,18700000,180102.0,,0.0,0,其他增建；,RPOOMLSJJIIGFDA47DA,77.41,6.6,0.0,無,,37.0
信義區,房地(土地+建物),忠孝東路五段７４３巷２１弄３號,30.75,住,,,1121015,土地1建物1車位0,一層，平台,四層,公寓(5樓含以下無電梯),住家用,0650315,83.14,2,2,2,有,無,27580000,331730.0,,0.0,0,其他增建；,RPVOMLNKJIIGFDA77DA,83.14,0.0,0.0,無,642.0,48.0
北投區,房地(土地+建物)+車位,稻香路１８６號四樓之５,43.27,住,,,1121021,土地1建物1車位1,四層,五層,華廈(10層含以下有電梯),住家用,1101217,114.23,2,2,1,有,有,15800000,172696.0,坡道平面,34.9,2100000,,RPOOMLRLIIIGFEA57DA,47.55,3.07,3.58,有,643.0,2.0
北投區,房地(土地+建物),中央北路三段４０巷３８弄１６號四樓,19.23,住,,,1121014,土地1建物1車位0,四層,七層,華廈(10層含以下有電梯),住家用,1091231,80.63,2,2,1,有,有,15300000,189756.0,,0.0,0,,RPPNMLNJJIIGFEA07DA,45.37,5.6,4.31,有,644.0,3.0
北投區,房地(土地+建物)+車位,三合街一段８２巷９９號四樓,15.97,住,,,1121010,土地1建物1車位1,四層,九層,華廈(10層含以下有電梯),住家用,1040708,109.34,2,2,1,有,有,21300000,237602.0,坡道機械,27.27,1800000,,RPVNMLRJJIIGFEA08DA,49.97,3.35,4.65,有,645.0,8.0
北投區,房地(土地+建物)+車位,稻香路１６１巷１６弄２之３號五樓,48.31,住,,,1121004,土地1建物1車位1,五層,五層,華廈(10層含以下有電梯),住家用,1100902,123.41,2,2,1,有,有,19500000,197705.0,坡道平面,35.4,2100000,含裝潢設備及家電,RPWOMLNKJIIGFEA97DA,47.79,4.56,5.0,有,,2.0
大安區,房地(土地+建物),信義路三段１３４巷７８號十二樓,22.93,住,,,1121003,土地1建物1車位0,十二層,十八層,住宅大樓(11層含以上有電梯),住家用,0750415,117.67,3,2,2,有,有,36550000,310614.0,,0.0,0,陽台外推；其他增建；,RPPNMLPKIIIGFFA37DA,82.58,0.55,11.26,有,,37.0
大安區,房地(土地+建物),敦化南路二段１７２巷２５號四樓,34.0,住,,,1121017,土地1建物1車位0,四層,四層,公寓(5樓含以下無電梯),住家用,0600301,83.96,3,2,2,有,無,22080000,262982.0,,0.0,0,陽台外推；頂樓加蓋；其他增建；,RPQOMLPLIIIGFFA67DA,83.96,0.0,0.0,無,,53.0
大安區,房地(土地+建物),溫州街７４巷３弄１號五樓之５,16.11,住,,,1121010,土地1建物1車位0,五層,七層,華廈(10層含以下有電梯),住家用,0680417,52.11,2,1,1,有,有,18980000,364230.0,,0.0,0,其他增建；,RPRNMLKMIIIGFFA27DA,48.68,0.0,3.43,有,,44.0
大安區,房地(土地+建物)+車位,和平東路二段７６巷３１弄１５號二樓之４,14.6,住,,,1121014,土地1建物1車位1,二層,六層,華廈(10層含以下有電梯),住家用,0831125,52.81,1,1,1,有,無,15000000,284037.0,升降機械,0.0,0,其他增建；,RPUNMLLJJIIGFFA47DA,24.93,1.25,1.77,有,647.0,29.0
大安區,房地(土地+建物),金山南路二段１４８號六樓,18.18,住,,,1121010,土地1建物1車位0,六層,十二層,住宅大樓(11層含以上有電梯),住家用,0721214,131.59,3,2,2,有,有,37000000,281176.0,,0.0,0,,RPPNMLRKJIIGFFA67DA,98.05,0.0,17.81,有,,40.0
大同區,房地(土地+建物),承德路二段１１２號五樓之１,2.69,住,,,1121023,土地1建物1車位0,五層,七層,華廈(10層含以下有電梯),住家用,1120331,27.92,1,1,1,有,無,8270000,296203.0,,0.0,0,含傢俱設備費；,RPQNMLQKJIIGFBA37EA,8.51,0.0,7.05,有,,1.0
內湖區,房地(土地+建物)+車位,文湖街１１巷２９號,36.96,住,,,1121009,土地2建物1車位1,一層,七層,華廈(10層含以下有電梯),住家用,0830923,119.89,3,2,2,有,無,30000000,279512.0,坡道機械,19.0,1800000,,RPRNMLQKJIIGFCA57EA,103.81,9.74,0.0,有,,29.0
中山區,房地(土地+建物),民生東路二段１４７巷５弄９號五樓,39.0,住,,,1121018,土地1建物1車位0,五層,五層,公寓(5樓含以下無電梯),住家用,0670421,134.46,3,2,2,有,無,28500000,211959.0,,0.0,0,頂樓加蓋；,RPUNMLQKJIIGFCA87EA,112.94,0.0,21.52,無,,45.0
信義區,房地(土地+建物),永吉路４４３巷１１弄７號五樓,13.88,住,,,1121027,土地1建物1車位0,五層,五層,公寓(5樓含以下無電梯),住家用,0730403,53.75,2,2,1,有,無,6500000,120953.0,,0.0,0,,RPWOMLMKIIIGFDA77EA,40.35,0.0,4.65,無,,40.0
士林區,房地(土地+建物),至誠路二段９號三樓,41.46,住,,,1121020,土地1建物1車位0,三層,五層,公寓(5樓含以下無電梯),住家用,0710719,126.86,3,2,2,有,無,19566000,154233.0,,0.0,0,,RPXNMLQKJIIGFEA38EA,103.04,0.0,13.29,無,,41.0
士林區,房地(土地+建物),天母西路５巷６號四樓,39.9,住,,,1121016,土地1建物1車位0,四層,五層,公寓(5樓含以下無電梯),住家用,0700414,122.5,3,2,2,有,無,22050000,180000.0,,0.0,0,陽台外推；,RPOOMLQKJIIGFEA57EA,111.15,0.0,11.35,無,654.0,43.0
士林區,房地(土地+建物)+車位,後港街１５０號八樓,43.88,住,,,1121013,土地1建物1車位1,八層,十二層,住宅大樓(11層含以上有電梯),住家用,0860822,210.45,4,2,2,有,有,32000000,152055.0,坡道平面,0.0,0,陽台外推；,RPRNMLRKJIIGFEA87EA,122.04,2.25,13.78,有,,26.0
中正區,房地(土地+建物),廈門街９９巷１８號三樓,46.25,住,,,1121009,土地1建物1車位0,三層,四層,公寓(5樓含以下無電梯),住家用,0610119,132.79,3,2,2,有,無,27000000,203329.0,,0.0,0,陽台外推；其他增建；,RPRNMLKLIIIGFAA66DA,117.49,0.0,15.3,無,655.0,52.0
萬華區,房地(土地+建物)+車位,民和街８１巷９號六樓,16.24,住,,,1121021,土地1建物1車位1,六層,十三層,住宅大樓(11層含以上有電梯),住家用,1071105,120.06,2,2,1,有,有,21100000,219159.0,坡道平面,35.2,2500000,,RPPNMLRLIIIGFBA27DA,51.06,2.96,3.66,有,656.0,5.0
大同區,房地(土地+建物),歸綏街９７巷８號四樓之７,8.4,住,,,1121029,土地1建物1車位0,四層,七層,華廈(10層含以下有電梯),住家用,0841030,36.57,1,1,1,有,有,6930000,189500.0,,0.0,0,,RPTNMLOKJIIGFBA37DA,23.02,0.0,3.9,有,,28.0
萬華區,房地(土地+建物),莒光路２９９巷９號三樓,46.8,住,,,1121009,土地1建物1車位0,三層,五層,公寓(5樓含以下無電梯),住家用,0721223,170.48,4,2,3,有,無,22000000,129047.0,,0.0,0,陽台外推；,RPVNMLOKJIIGFBA57DA,143.83,0.0,16.71,無,,40.0
中山區,房地(土地+建物),新生北路三段４３號十一樓之８,6.57,住,,,1121028,土地2建物1車位0,十一層,十一層,住宅大樓(11層含以上有電梯),住家用,0670301,51.73,1,1,1,有,有,11500000,222308.0,,0.0,0,陽台外推；,RPQQMLQJJIIGFCA57DA,35.62,0.0,3.09,有,658.0,46.0
內湖區,房地(土地+建物)+車位,文德路２７１號八樓,32.42,住,,,1121006,土地2建物1車位1,八層,十一層,住宅大樓(11層含以上有電梯),住家用,0961130,193.62,4,2,2,有,有,42000000,248147.0,坡道平面,34.44,2500000,,RPTPMLPKJIIGFCA77DA,101.04,3.13,10.62,有,,16.0
信義區,房地(土地+建物),信義路五段１５０巷２９６號三樓,27.29,住,,,1121010,土地1建物1車位0,三層,五層,公寓(5樓含以下無電梯),住家用,0711123,106.73,3,2,1,有,無,20300000,190200.0,,0.0,0,陽台外推；其他增建；,RPVNMLQKJIIGFDA97DA,85.16,0.0,13.95,無,,41.0
松山區,房地(土地+建物),延壽街３６６號二樓,30.8,住,,,1121028,土地1建物1車位0,二層,五層,公寓(5樓含以下無電梯),住家用,0670824,106.83,3,2,2,有,無,25300000,236825.0,,0.0,0,陽台外推；,RPSOMLQKJIIGFDA77DA,94.52,0.0,12.31,無,,45.0
北投區,房地(土地+建物),同德街２９巷２號五樓,21.55,住,,,1121011,土地1建物1車位0,五層,五層,公寓(5樓含以下無電梯),住家用,0700130,70.94,4,3,2,有,有,11300000,159290.0,,0.0,0,陽台外推；頂樓加蓋；,RPWNMLLKIIIGFEA57DA,64.49,0.0,6.45,無,,43.0
士林區,房地(土地+建物),中山北路六段４２７巷６弄３號三樓,30.42,住,,,1121018,土地2建物1車位0,三層,四層,公寓(5樓含以下無電梯),住家用,0660215,84.18,3,2,2,有,無,17580000,208838.0,,0.0,0,陽台外推；,RPPPMLSKIIIGFEA77DA,79.14,0.0,5.04,無,668.0,47.0
北投區,房地(土地+建物)+車位,知行路２６１號七樓,13.11,住,,,1121013,土地1建物1車位1,七層,十層,華廈(10層含以下有電梯),住家用,1000722,84.74000000000001,2,2,1,有,有,14000000,165211.0,升降機械,0.0,0,陽台外推；夾層；其他增建；,RPUOMLLMIIIGFEA67DA,37.48,2.62,4.3,有,,12.0
士林區,房地(土地+建物),士東路９１巷７號三樓,34.98,住,,,1121021,土地1建物1車位0,三層,五層,公寓(5樓含以下無電梯),住家用,0680716,117.8,3,2,2,有,無,20400000,173175.0,,0.0,0,,RPUNMLRJJIIGFEA97DA,102.52,0.0,15.28,無,,44.0
北投區,房地(土地+建物),榮華二路９之３號七樓,30.57,住,,,1121011,土地2建物1車位0,七層,八層,華廈(10層含以下有電梯),住家用,0690430,164.20999999999998,4,2,2,有,有,30680000,186834.0,,0.0,0,陽台外推；,RPROMLRJJIIGFEA77DA,131.23,0.0,14.25,有,,43.0
北投區,房地(土地+建物)+車位,稻香路１６１巷１６弄２之２號三樓,48.1,住,,,1121004,土地1建物1車位1,三層,五層,華廈(10層含以下有電梯),住家用,1100902,123.06,2,2,1,有,有,20300000,207620.0,坡道平面,35.4,2100000,含裝潢設備及家電,RPROMLNKJIIGFEA47DA,47.79,4.4,4.94,有,,2.0
大安區,房地(土地+建物),安東街４０巷４５號四樓,27.25,住,,,1121014,土地2建物1車位0,四層,四層,公寓(5樓含以下無電梯),住家用,0640502,108.2,3,2,1,有,無,29000000,268022.0,,0.0,0,頂樓加蓋；,RPXNMLTJJIIGFFA58DA,108.2,0.0,0.0,無,,48.0
大安區,房地(土地+建物),辛亥路一段８６號三樓,16.71,住,,,1121017,土地1建物1車位0,三層,十一層,住宅大樓(11層含以上有電梯),住家用,0671027,130.76,3,2,2,有,有,32800000,250841.0,,0.0,0,陽台外推；,RPUNMLRKJIIGFFA18DA,100.58,0.0,13.02,有,,45.0
南港區,房地(土地+建物)+車位,中坡南路３１巷８號五樓之１,21.3,住,,,1121030,土地1建物1車位1,五層,六層,華廈(10層含以下有電梯),住家用,1090731,123.83,0,0,0,無,有,26200000,211580.0,一樓平面,39.34,0,,RPQPMLMKIIIGFDA27EA,39.76,3.93,8.37,有,,3.0
文山區,房地(土地+建物),忠順街一段３４號,33.25,住,,,1121022,土地1建物1車位0,一層，平台,四層,公寓(5樓含以下無電梯),住家用,0640721,84.57,2,1,1,有,無,22880000,270545.0,,0.0,0,其他增建；,RPRNMLRJJIIGFAA27DA,84.57,0.0,0.0,無,,48.0
文山區,房地(土地+建物),指南路一段１８號三樓,37.33,住,,,1121012,土地1建物1車位0,三層,三層,公寓(5樓含以下無電梯),住家用,,107.7,4,1,3,有,無,16000000,148561.0,,0.0,0,頂樓加蓋；,RPQNMLTKJIIGFAA47DA,107.7,0.0,0.0,無,,
文山區,房地(土地+建物),福興路８２巷４號,35.06,住,,,1121021,土地1建物1車位0,一層,五層,公寓(5樓含以下無電梯),住家用,0720905,109.37,2,2,2,有,無,18130000,165768.0,,0.0,0,,RPWOMLKLJIIGFAA37DA,95.34,5.12,0.0,無,673.0,40.0
大同區,房地(土地+建物),敦煌路８８巷１０號六樓之３,12.9,住,,,1121014,土地1建物1車位0,六層,十五層,住宅大樓(11層含以上有電梯),住家用,0981102,85.95,2,2,1,有,有,22080000,256894.0,,0.0,0,,RPPNMLLMIIIGFBA76DA,54.46,1.49,4.65,有,,14.0
中正區,房地(土地+建物),臨沂街３３巷５號三樓,24.0,住,,,1121011,土地1建物1車位0,三層，陽臺,五層,公寓(5樓含以下無電梯),住家用,0651108,87.0,3,2,1,有,無,23680000,272184.0,,0.0,0,其他增建；,RPPNMLLLJIIGFBA76DA,87.0,0.0,0.0,無,,47.0
中山區,房地(土地+建物),龍江路３８４巷２５號四樓,27.69,住,,,1121001,土地1建物1車位0,四層,五層,公寓(5樓含以下無電梯),住家用,0710918,107.71,3,2,2,有,無,21000000,194968.0,,0.0,0,其他增建；,RPVPMLMKIIIGFCA57DA,95.59,0.0,12.12,無,,41.0
中山區,房地(土地+建物),民生東路三段８８巷４號四樓,23.42,住,,,1121011,土地1建物1車位0,四層,十五層,住宅大樓(11層含以上有電梯),住家用,0750314,113.98,3,2,2,有,有,29000000,254431.0,,0.0,0,陽台外推；其他增建；,RPPOMLOLIIIGFCA17DA,87.51,0.14,6.25,有,,38.0
內湖區,房地(土地+建物)+車位,江南街９６巷３號四樓,20.51,住,,,1121020,土地1建物1車位1,四層，電梯樓梯間,十六層,住宅大樓(11層含以上有電梯),住家用,0851113,163.99,4,2,2,有,有,29400000,179279.0,坡道機械,22.9,0,陽台外推；其他增建；,RPROMLRKJIIGFCA67DA,85.82,30.31,9.48,有,,27.0
松山區,房地(土地+建物),八德路四段７２巷１４弄６號二樓,32.75,住,,,1121014,土地2建物1車位0,二層，露台,四層,公寓(5樓含以下無電梯),住家用,0590128,88.42,3,2,1,有,無,17000000,192264.0,,0.0,0,有其他增建：後陽台、露台。其他增建；,RPUNMLRKIIIGFDA87DA,88.42,0.0,0.0,無,678.0,54.0
南港區,房地(土地+建物)+車位,街５８巷３號三樓之１,18.85,住,,,1121016,土地1建物1車位1,三層,十層,華廈(10層含以下有電梯),住家用,0970909,125.82,2,2,1,有,有,27200000,268449.0,坡道平面,33.81,2500000,,RPXNMLRLIIIGFDA28DA,52.16,7.09,4.58,有,,15.0
信義區,房地(土地+建物),信義路五段１５０巷３４２弄３９號三樓,26.75,住,,,1121008,土地1建物1車位0,三層，陽臺,四層,公寓(5樓含以下無電梯),住家用,0650914,81.46,2,2,1,有,無,18000000,220967.0,,0.0,0,陽台外推；其他增建；,RPWNMLMJJIIGFDA57DA,81.46,0.0,0.0,無,682.0,47.0
信義區,房地(土地+建物),永吉路１８０巷６０弄２５號,35.0,住,,,1121026,土地1建物1車位0,全,二層,透天厝,住家用,0520601,66.76,1,2,2,有,無,18000000,269623.0,,0.0,0,頂樓加蓋；,RPSNMLSJJIIGFDA77DA,66.76,0.0,0.0,無,,60.0
北投區,房地(土地+建物)+車位,致遠二路１０３之１號十一樓,38.92,住,,,1121011,土地1建物1車位1,十一層,十一層,住宅大樓(11層含以上有電梯),住家用,0900220,198.9,3,2,2,有,有,40880000,205530.0,坡道平面,0.0,2800000,陽台外推；其他增建；,RPRNMLPLIIIGFEA57DA,101.4,0.35,10.65,有,684.0,23.0
士林區,房地(土地+建物),忠義街７１巷３３號二樓,32.44,住,,,1121022,土地2建物1車位0,二層,五層,公寓(5樓含以下無電梯),住家用,0750418,120.08,3,2,2,有,無,22380000,186376.0,,0.0,0,,RPTNMLPLIIIGFEA77DA,106.23,0.0,8.79,無,685.0,38.0
北投區,房地(土地+建物),致遠一路二段３５巷４號三樓,37.3,住,,,1121001,土地1建物1車位0,三層,五層,公寓(5樓含以下無電梯),住家用,0810130,107.74,3,2,2,有,無,21200000,196770.0,,0.0,0,陽台外推；其他增建；,RPTOMLLMIIIGFEA57DA,86.53,0.87,8.34,無,,32.0
士林區,房地(土地+建物)+車位,承德路四段２９６號十二樓、２９８號十二樓,53.29,住,,,1121021,土地1建物1車位2,十二層,十二層,住宅大樓(11層含以上有電梯),住家用,0770715,270.64,5,2,3,有,有,46000000,169967.0,坡道平面,0.0,0,坡道平面車位2位，約定專用，無所有權。陽台外推；其他增建；,RPTOMLNKJIIGFEA67DA,205.48,5.44,20.21,有,,35.0
士林區,房地(土地+建物),重慶北路四段２２２號三樓之５,5.69,住,,,1121029,土地2建物1車位0,三層,十四層,住宅大樓(11層含以上有電梯),住家用,1060413,36.4,1,1,1,有,有,7500000,206044.0,,0.0,0,,RPRNMLRKJIIGFEA77DA,20.8,1.44,1.91,有,686.0,7.0
大安區,房地(土地+建物),樂業街１６９巷２５號三樓,23.59,住,,,1121022,土地1建物1車位0,三層,七層,華廈(10層含以下有電梯),住家用,0710902,132.8,3,2,2,有,無,31500000,237199.0,,0.0,0,陽台外推；,RPQOMLKMIIIGFFA27DA,105.38,0.0,20.38,有,,41.0
大安區,房地(土地+建物),泰順街１６巷３５號,38.0,住,,,1121016,土地1建物1車位0,一層,四層,公寓(5樓含以下無電梯),住家用,0620725,103.17,3,2,2,有,無,35500000,344092.0,,0.0,0,其他增建；,RPVNMLTJJIIGFFA38DA,92.94,10.23,0.0,無,,50.0
中正區,房地(土地+建物),三元街２１７號四樓,8.63,住,,,1121030,土地1建物1車位0,四層,十二層,住宅大樓(11層含以上有電梯),住家用,0810910,43.73,2,1,1,有,有,12250000,280128.0,,0.0,0,,RPRNMLKLJIIGFAA86EA,28.78,0.47,3.29,有,688.0,31.0
內湖區,房地(土地+建物),文德路２２巷２５號四樓,34.25,住,,,1121021,土地1建物1車位0,四層,四層,公寓(5樓含以下無電梯),住家用,0671127,96.09,3,2,1,有,無,17180000,178791.0,,0.0,0,,RPQNMLLLJIIGFCA07EA,80.0,0.0,16.09,無,,45.0
中正區,房地(土地+建物)+車位,水源路３７之３號二樓之１,22.26,住,,,1121006,土地1建物1車位2,二層,十三層,住宅大樓(11層含以上有電梯),住家用,1070223,234.12,4,2,2,有,有,42000000,206542.0,坡道平面,54.98,5000000,,RPWOMLQKIIIGFAA77DA,98.8,9.13,12.12,有,,6.0
文山區,房地(土地+建物)+車位,政大一街２５１號二樓,40.38,住,,,1121004,土地1建物1車位1,二層,五層,華廈(10層含以下有電梯),住家用,1031113,124.46,2,2,1,有,有,19800000,194812.0,坡道平面,33.09,2000000,,RPTNMLKLIIIGFAA86DA,55.05,2.19,4.77,有,690.0,9.0
文山區,房地(土地+建物)+車位,羅斯福路六段１４２巷２０弄２３號六樓之１,26.75,住,,,1121018,土地1建物1車位1,六層，電梯樓梯間,十層,華廈(10層含以下有電梯),住家用,0850327,137.42000000000002,2,2,1,有,有,27000000,196478.0,坡道平面,0.0,2200000,陽台外推；其他增建；,RPSOMLPLIIIGFAA37DA,74.58,5.13,8.43,有,,28.0
文山區,房地(土地+建物)+車位,秀明路二段５號十二樓之２,41.7,住,,,1121015,土地2建物1車位2,十二層,十五層,住宅大樓(11層含以上有電梯),住家用,0950718,270.91999999999996,4,2,2,有,有,45000000,211797.0,坡道平面,82.06,5000000,,RPPNMLQJJIIGFAA96DA,117.86,1.16,13.23,有,,17.0
文山區,房地(土地+建物),仙岩路２２巷２７號九樓,17.48,住,,,1121008,土地1建物1車位0,九層,十五層,住宅大樓(11層含以上有電梯),住家用,0840411,76.61,2,2,1,有,有,16000000,208850.0,,0.0,0,陽台外推；,RPQOMLRKJIIGFAA37DA,48.98,0.0,6.56,有,,28.0
文山區,房地(土地+建物),羅斯福路五段１９２巷２９號五樓,25.89,住,,,1121015,土地1建物1車位0,五層,五層,公寓(5樓含以下無電梯),住家用,0681120,95.74,3,2,2,有,無,14950000,156152.0,,0.0,0,陽台外推；,RPQNMLKLJIIGFAA66DA,84.33,0.0,11.41,無,691.0,44.0
中正區,房地(土地+建物),仁愛路二段１５巷２３號三樓,39.0,住,,,1121021,土地1建物1車位0,三層，陽臺,四層,公寓(5樓含以下無電梯),住家用,0640109,104.34,2,2,1,有,無,28680000,274871.0,,0.0,0,其他增建；,RPXNMLQLIIIGFBA97DA,104.34,0.0,0.0,無,692.0,49.0
萬華區,房地(土地+建物),艋舺大道２５２號三樓,19.75,住,,,1121022,土地1建物1車位0,三層,四層,公寓(5樓含以下無電梯),住家用,0600929,62.82,2,1,1,有,無,9360000,148997.0,,0.0,0,其他增建；,RPSNMLOKJIIGFBA27DA,62.82,0.0,0.0,無,,52.0
萬華區,房地(土地+建物)+車位,中華路二段３６４巷３６號五樓之３,40.56,住,,,1121016,土地1建物1車位1,五層,十四層,住宅大樓(11層含以上有電梯),住家用,1010625,187.87,3,2,2,有,有,35200000,187364.0,坡道平面,0.0,0,,RPPOMLRKJIIGFBA37DA,101.36,0.0,10.16,有,693.0,11.0
內湖區,房地(土地+建物)+車位,成功路二段３７３號十五樓之１,28.34,住,,,1121016,土地2建物1車位1,十五層,二十層,住宅大樓(11層含以上有電梯),住家用,0860113,234.48,4,2,2,有,有,46000000,223961.0,坡道平面,40.25,2500000,其他增建；,RPTNMLKMIIIGFCA17DA,149.47,6.17,17.26,有,,27.0
內湖區,房地(土地+建物),內湖路二段１７９巷６９弄５號,188.0,住,,,1121014,土地1建物1車位0,全,四層,透天厝,住家用,1000426,294.9,5,2,4,有,無,67880000,230180.0,,0.0,0,陽台外推；其他增建；,RPSNMLNJJIIGFCA17DA,264.61,0.0,30.29,無,,12.0
內湖區,房地(土地+建物)+車位,康寧路一段２９２號九樓之３,25.16,,,,1121020,土地4建物1車位1,九層,十二層,住宅大樓(11層含以上有電梯),住家用,0801021,112.1,2,1,1,有,有,21300000,227621.0,坡道平面,33.9,3500000,陽台外推；,RPQOMLNJJIIGFCA07DA,81.1,2.99,6.46,有,,32.0
內湖區,房地(土地+建物)+車位,新富街１６２號三樓,48.81,住,,,1121021,土地1建物1車位2,三層,十四層,住宅大樓(11層含以上有電梯),住家用,1010601,337.22,4,2,4,有,有,69800000,256776.0,坡道平面,84.86,5000000,,RPROMLKKJIIGFCA96DA,154.38,2.0,18.86,有,,11.0
內湖區,房地(土地+建物),港墘路５３號二樓,28.29,住,,,1121022,土地1建物1車位0,二層,五層,公寓(5樓含以下無電梯),住家用,0720526,95.4,3,2,2,有,無,17880000,187421.0,,0.0,0,,RPVNMLLLJIIGFCA47DA,88.8,0.0,6.6,無,,40.0
信義區,房地(土地+建物),和平東路三段４１３號,20.5,住,,,1121017,土地1建物1車位0,一層,四層,公寓(5樓含以下無電梯),住家用,0610714,46.62,2,2,1,有,無,13000000,278850.0,,0.0,0,防火巷加蓋.天井加蓋之增建物陽台外推；夾層；其他增建；,RPQNMLMLIIIGFDA07DA,37.14,0.0,9.48,無,,51.0
南港區,房地(土地+建物),重陽路１６６巷１０弄２０號四樓,31.0,住,,,1121021,土地1建物1車位0,四層,四層,公寓(5樓含以下無電梯),住家用,0610320,66.04,2,2,1,有,無,13950000,211236.0,,0.0,0,其他增建；,RPWNMLLMIIIGFDA67DA,66.04,0.0,0.0,無,,52.0
南港區,房地(土地+建物)+車位,重陽路４８９號三樓之１,37.68,住,,,1121018,土地1建物1車位1,三層,七層,華廈(10層含以下有電梯),住家用,0980119,126.77,2,2,1,有,有,25880000,269883.0,坡道平面,40.14,2500000,其他增建；,RPQNMLTJJIIGFDA67DA,48.97,6.61,4.81,有,694.0,15.0
信義區,房地(土地+建物),虎林街５０巷３４號五樓,29.9,住,,,1121017,土地1建物1車位0,五層,五層,公寓(5樓含以下無電梯),住家用,0740517,138.61,4,3,3,有,無,22250000,160522.0,,0.0,0,頂樓加蓋；,RPVNMLKLJIIGFDA47DA,93.96,28.24,9.87,無,,38.0
士林區,房地(土地+建物),天母東路１０５巷５２號五樓,47.23,住,,,1121003,土地2建物1車位0,五層,五層,公寓(5樓含以下無電梯),住家用,0680517,125.23,3,2,1,有,無,17360000,138625.0,,0.0,0,頂樓加蓋；,RPTOMLKLIIIGFEA37DA,102.44,11.96,10.83,無,,44.0
士林區,房地(土地+建物),中山北路五段８１１巷２２號二樓,19.3,住,,,1121006,土地2建物1車位0,二層，陽臺,七層,華廈(10層含以下有電梯),住家用,0651230,101.85,3,2,2,有,有,21300000,209131.0,,0.0,0,陽台外推；,RPUNMLNLIIIGFEA67DA,96.22,0.0,0.0,有,,47.0
北投區,房地(土地+建物),永興路一段１９號五樓,16.0,住,,,1121019,土地1建物1車位0,五層,五層,公寓(5樓含以下無電梯),住家用,0661121,77.57,2,2,1,有,無,10200000,131494.0,,0.0,0,陽台外推；頂樓加蓋；,RPXNMLLMIIIGFEA87DA,67.56,0.0,10.01,無,,46.0
北投區,房地(土地+建物),西安街二段２６７號七樓之２,7.61,住,,,1121016,土地1建物1車位0,七層,七層,華廈(10層含以下有電梯),住家用,0981123,30.99,1,1,1,有,有,8420000,271701.0,,0.0,0,夾層；其他增建；,RPXNMLNJJIIGFEA87DA,15.89,2.89,1.46,有,,14.0
士林區,房地(土地+建物),延平北路五段１６３巷１８弄１號,39.0,住,,,1121027,土地1建物1車位0,一層,二層,公寓(5樓含以下無電梯),住家用,0560320,67.1,0,2,1,有,無,11380000,169598.0,,0.0,0,,RPRNMLLKJIIGFEA17DA,67.1,0.0,0.0,無,,57.0
士林區,房地(土地+建物)+車位,忠誠路二段５號三樓,27.45,住,,,1121021,土地3建物1車位1,三層,十四層,住宅大樓(11層含以上有電梯),住家用,0751231,334.43,4,2,3,有,有,69380000,244720.0,坡道平面,75.43,6000000,其他增建；,RPUNMLOKJIIGFEA77DA,249.25,1.84,38.53,有,,37.0
士林區,房地(土地+建物),中正路７０７巷１５號十二樓,20.77,住,,,1121017,土地3建物1車位0,十二層,十二層,住宅大樓(11層含以上有電梯),住家用,0721011,103.68,3,1,2,有,有,16500000,159144.0,,0.0,0,其他增建；,RPXNMLRKJIIGFEA38DA,68.93,0.0,9.01,有,696.0,40.0
北投區,房地(土地+建物)+車位,三合街一段６３號四樓,44.42,住,,,1121018,土地1建物1車位2,四層,九層,華廈(10層含以下有電梯),住家用,1031119,301.63,4,2,2,有,有,54180000,220168.0,坡道平面,80.98,5600000,,RPSOMLLLJIIGFEA47DA,126.8,7.44,13.52,有,697.0,9.0
大安區,房地(土地+建物),潮州街６０巷７號三樓之２,12.47,住,,,1121025,土地1建物1車位0,三層,七層,華廈(10層含以下有電梯),住家用,0980206,57.39,1,1,1,有,有,20500000,357205.0,,0.0,0,夾層；,RPPNMLOKJIIGFFA37DA,31.6,3.07,0.0,有,698.0,15.0
大安區,房地(土地+建物)+車位,敦化南路二段１２８號十六樓之１,15.26,住,,,1121023,土地1建物1車位1,十六層,十六層,住宅大樓(11層含以上有電梯),住家用,0680219,212.98,3,2,1,有,有,52200000,245105.0,升降平面,44.02,0,陽台外推；,RPQNMLPKJIIGFFA57DA,174.17,0.0,12.3,有,,45.0
大安區,房地(土地+建物),辛亥路三段３號十二樓之５,12.02,住,,,1121030,土地1建物1車位0,十二層,十二層,住宅大樓(11層含以上有電梯),住家用,,144.51,4,2,2,有,有,36280000,251055.0,,0.0,0,陽台外推；其他增建；,RPWNMLKLJIIGFFA77DA,89.49,27.61,9.73,有,,45.0
大安區,房地(土地+建物),仁愛路四段５０之７３號,9.11,住,,,1121023,土地4建物1車位0,十層，陽臺,十二層,住宅大樓(11層含以上有電梯),住家用,0600420,56.64,1,1,1,有,有,28150000,496999.0,,0.0,0,陽台外推；,RPTOMLKLJIIGFFA57DA,56.64,0.0,0.0,有,,53.0
大同區,房地(土地+建物),迪化街二段３０５號四樓,22.8,住,,,1121020,土地1建物1車位0,四層,五層,公寓(5樓含以下無電梯),住家用,0680524,78.25,3,2,1,有,無,12000000,153355.0,,0.0,0,陽台外推；,RPPNMLLLJIIGFBA86EA,69.8,0.0,8.45,無,,44.0
松山區,房地(土地+建物),民權東路三段１６０巷２５號四樓之３,9.88,住,,,1121021,土地1建物1車位0,四層,七層,華廈(10層含以下有電梯),住家用,0720527,82.67,3,2,2,有,有,23300000,281843.0,,0.0,0,建築物含有：鐵鋁增建、陽台外推約2坪左右陽台外推；其他增建；,RPRNMLRKJIIGFDA77EA,60.16,0.0,10.04,有,,40.0
文山區,房地(土地+建物)+車位,政大三街３５號三樓,32.27,住,,,1121014,土地1建物1車位1,三層,五層,華廈(10層含以下有電梯),住家用,0950724,90.03999999999999,1,1,1,有,有,12800000,178819.0,坡道平面,32.44,2500000,夾層；其他增建；,RPXNMLLJJIIGFAA27DA,38.14,0.0,0.0,有,700.0,17.0
文山區,房地(土地+建物)+車位,福興路８２巷６弄７號七樓,72.2,住,,,1121020,土地2建物1車位1,七層,十層,華廈(10層含以下有電梯),住家用,0800425,175.61,3,2,2,有,有,22000000,125278.0,坡道平面,39.22,0,,RPPNMLKKJIIGFAA09DA,147.7,0.0,11.83,有,,32.0
文山區,房地(土地+建物),興德路６４巷２１號二樓,29.25,住,,,1121023,土地2建物1車位0,二層,四層,公寓(5樓含以下無電梯),住家用,0670803,83.92,3,1,1,有,無,11500000,137035.0,,0.0,0,,RPPNMLLLJIIGFAA66DA,71.68,0.0,12.24,無,,45.0
中山區,房地(土地+建物),吉林路４２６號二樓,24.5,住,,,1121030,土地1建物1車位0,二層,四層,公寓(5樓含以下無電梯),住家用,0580410,64.88,0,0,0,無,無,9500000,146424.0,,0.0,0,,RPQQMLLMIIIGFCA27DA,64.88,0.0,0.0,無,703.0,55.0
松山區,房地(土地+建物),敦化北路１２０巷１１號七樓之１,18.17,住,,,1121011,土地1建物2車位0,七層,七層,華廈(10層含以下有電梯),住家用,0730528,101.91,3,2,2,有,無,26800000,262977.0,,0.0,0,,RPQNMLSKIIIGFDA57DA,66.14,0.0,11.39,有,,39.0
信義區,房地(土地+建物),吳興街６００巷７６弄２２號五樓,29.92,住,,,1121006,土地1建物1車位0,五層,六層,華廈(10層含以下有電梯),住家用,1050301,130.99,0,0,0,無,有,20000000,152683.0,,0.0,0,,RPTOMLPLIIIGFDA77DA,69.48,4.95,15.21,有,,8.0
松山區,房地(土地+建物),塔悠路３２３號二樓之９,8.99,住,,,1121021,土地1建物1車位0,二層,四層,華廈(10層含以下有電梯),住家用,0821021,47.08,1,1,1,有,有,9600000,203908.0,,0.0,0,夾層；,RPRNMLRKJIIGFDA67DA,29.58,0.79,4.12,有,,30.0
信義區,房地(土地+建物),林口街２９號,23.75,住,,,1121027,土地1建物1車位0,一層,四層,公寓(5樓含以下無電梯),住家用,0591007,67.65,0,0,0,無,無,35000000,517369.0,,0.0,0,,RPPNMLMLJIIGFDA07DA,67.65,0.0,0.0,無,,53.0
士林區,房地(土地+建物)+車位,士東路２８６巷１之７號二樓,51.81,住,,,1121015,土地1建物1車位1,二層，三層,五層,公寓(5樓含以下無電梯),住家用,0770702,176.48999999999998,3,2,2,有,有,27800000,157516.0,坡道平面,40.48,0,陽台外推；其他增建；,RPRNMLKMIIIGFEA17DA,120.92,1.99,13.1,無,,35.0
士林區,房地(土地+建物)+車位,承德路四段８８號七樓之３,11.34,住,,,1121012,土地1建物1車位1,七層,十五層,住宅大樓(11層含以上有電梯),住家用,1110421,121.09,2,2,1,有,有,28880000,238500.0,坡道機械,28.07,0,,RPROMLSJJIIGFEA87DA,55.97,3.08,2.02,有,,1.0
大安區,房地(土地+建物),敦南街５１號五樓,37.95,住,,,1121012,土地1建物1車位0,五層,五層,公寓(5樓含以下無電梯),住家用,0760127,142.43,11,1,4,有,無,31000000,217651.0,,0.0,0,其他增建：頂樓平台加蓋。其他增建；,RPQNMLRKIIIGFFA67DA,126.22,2.92,13.29,無,,37.0
大安區,房地(土地+建物),溫州街７０號二樓之３,29.72,住,,,1121015,土地1建物1車位0,二層,七層,華廈(10層含以下有電梯),住家用,0680418,106.08,3,2,2,有,無,32000000,301659.0,,0.0,0,陽台外推；其他增建；,RPWNMLQJJIIGFFA18DA,96.96,0.0,9.12,有,,44.0
大安區,房地(土地+建物)+車位,四維路６６巷２號十一樓,28.19,住,,,1121024,土地1建物1車位1,十一層,十六層,住宅大樓(11層含以上有電梯),住家用,0840915,173.63,3,2,2,有,有,52520000,302482.0,坡道平面,0.0,0,其他增建；,RPOOMLNKJIIGFFA27DA,88.84,1.23,11.4,有,,28.0
萬華區,房地(土地+建物),國興路１７號十樓之３,21.6,住,,,1121021,土地1建物1車位0,十層,十二層,住宅大樓(11層含以上有電梯),住家用,0760316,100.68,3,2,1,有,有,17000000,168852.0,,0.0,0,,RPROMLLKQHIGFBA67EA,68.85,0.0,9.39,有,,37.0
萬華區,房地(土地+建物),國興路１巷１１號四樓之２,15.97,住,,,1121014,土地1建物1車位0,四層,十二層,住宅大樓(11層含以上有電梯),住家用,0710702,60.36,2,1,1,有,有,9860000,163353.0,,0.0,0,,RPQNMLNLJIIGFBA17EA,42.12,0.0,3.57,有,,41.0
信義區,房地(土地+建物)+車位,忠孝東路五段４２３巷５弄３０號,35.68,住,,,1121024,土地1建物1車位2,一層,五層,華廈(10層含以下有電梯),住家用,0811016,165.31,1,2,1,有,無,25500000,154246.0,升降機械,0.0,2000000,與申報書序號A3AD11211210004 A3AD11211210005併同出售，但有分別拆價,RPRNMLLLJIIGFDA27EA,106.18,10.24,0.0,有,,31.0
士林區,房地(土地+建物)+車位,承德路四段４９號二樓,29.55,住,,,1121024,土地1建物1車位1,二層,十二層,住宅大樓(11層含以上有電梯),住家用,0860115,164.39,2,2,2,有,有,31250000,190097.0,坡道平面,0.0,0,陽台外推；,RPQNMLMLJIIGFEA37EA,94.99,2.3,10.66,有,,27.0
北投區,房地(土地+建物),泉源路３９之５６號五樓,8.87,住,,,1121027,土地1建物1車位0,五層,七層,華廈(10層含以下有電梯),住家用,0751013,56.5,1,1,1,有,有,5800000,102655.0,,0.0,0,陽台外推；,RPWNMLNLJIIGFEA08EA,41.47,0.0,5.18,有,,37.0
文山區,房地(土地+建物),辛亥路四段１２８之１０號六樓,17.68,,,,1121016,土地16建物1車位0,六層,十八層,住宅大樓(11層含以上有電梯),住家用,1060602,90.54,2,2,1,有,有,18100000,199912.0,,0.0,0,,RPRNMLPLIIIGFAA17DA,50.53,0.0,8.74,有,,6.0
萬華區,房地(土地+建物),長泰街２３０號四樓,29.5,住,,,1121006,土地2建物1車位0,四層,四層,公寓(5樓含以下無電梯),住家用,0590213,70.68,3,2,1,有,無,8880000,125637.0,,0.0,0,其他增建；,RPUOMLTKIIIGFBA97DA,70.68,0.0,0.0,無,,54.0
內湖區,房地(土地+建物),康寧路三段９９巷３９弄１號四樓,32.09,住,,,1121013,土地1建物1車位0,四層,十層,華廈(10層含以下有電梯),住家用,0840508,118.89,3,2,2,有,有,24200000,203549.0,,0.0,0,其他增建；,RPSNMLLMIIIGFCA17DA,77.27,0.73,9.76,有,,28.0
內湖區,房地(土地+建物)+車位,內湖路三段６０巷１２弄７３號八樓,35.04,住,,,1121015,土地1建物1車位1,八層,十六層,住宅大樓(11層含以上有電梯),住家用,0810623,196.0,4,2,2,有,有,28500000,157324.0,坡道機械,24.38,1500000,,RPTPMLQJJIIGFCA77DA,154.87,3.3,11.87,有,,31.0
中山區,房地(土地+建物),松江路４０２巷７弄８號四樓,22.0,住,,,1121020,土地2建物1車位0,四層,五層,公寓(5樓含以下無電梯),住家用,0701014,83.13,3,1,1,有,無,18500000,222543.0,,0.0,0,,RPPNMLKKJIIGFCA66DA,70.88,0.0,12.25,無,714.0,42.0
內湖區,房地(土地+建物),成功路四段２２４號二樓,24.78,住,,,1121020,土地1建物1車位0,二層,五層,公寓(5樓含以下無電梯),住家用,0740712,83.19,3,2,2,有,無,15530000,186681.0,,0.0,0,陽台外推；,RPQNMLKKJIIGFCA76DA,74.96,0.0,8.23,無,,38.0
內湖區,房地(土地+建物),安泰街８０巷３號五樓,31.01,住,,,1121006,土地2建物1車位0,五層,五層,公寓(5樓含以下無電梯),住家用,0690808,97.01,3,2,2,有,無,13000000,134007.0,,0.0,0,,RPUOMLQKJIIGFCA87DA,88.63,0.0,8.38,無,,43.0
中山區,房地(土地+建物),興安街７７號十四樓之３,22.52,住,,,1121029,土地1建物1車位0,十四層,十五層,住宅大樓(11層含以上有電梯),住家用,0750314,110.9,3,2,2,有,有,29700000,267809.0,,0.0,0,陽台外推；其他增建；,RPPNMLLLJIIGFCA86DA,83.58,0.99,6.25,有,,38.0
內湖區,房地(土地+建物)+車位,星雲街１０２號九樓之１,27.69,住,,,1121024,土地2建物1車位1,九層,十二層,住宅大樓(11層含以上有電梯),住家用,0930107,152.53,2,2,2,有,有,32700000,256978.0,坡道平面,35.0,2500000,陽台外推；,RPUPMLNLJIIGFCA77DA,90.06,0.0,8.29,有,,20.0
信義區,房地(土地+建物)+車位,松德路１０４號十五樓之１,15.72,住,,,1121007,土地1建物1車位1,十五層,二十四層,住宅大樓(11層含以上有電梯),住家用,0831006,205.42,3,2,2,有,有,59800000,334314.0,坡道平面,35.51,3000000,,RPSOMLQLIIIGFDA77DA,157.1,1.5,20.6,有,722.0,29.0
士林區,房地(土地+建物)+車位,士東路９１巷１８號四樓,18.06,住,,,1121012,土地1建物1車位1,四層,七層,華廈(10層含以下有電梯),住家用,0971226,114.03,2,2,1,有,有,27600000,267698.0,升降機械,18.39,2000000,其他增建；,RPXNMLTKIIIGFEA48DA,51.04,5.73,7.72,有,,15.0
北投區,房地(土地+建物),中央北路四段３２４號三樓,25.58,住,,,1121030,土地2建物1車位0,三層,五層,公寓(5樓含以下無電梯),住家用,0741205,93.98,2,2,1,有,有,11880000,126410.0,,0.0,0,陽台外推；其他增建；,RPRPMLKMIIIGFEA37DA,78.8,0.0,6.37,無,,38.0
北投區,房地(土地+建物)+車位,磺港路１０２號三樓,18.22,住,,,1121031,土地2建物1車位1,三層,十六層,住宅大樓(11層含以上有電梯),住家用,1120526,152.32,3,2,2,有,有,21450000,168611.0,升降機械,34.0,1500000,,RPSNMLLJJIIGFEA17DA,71.1,0.0,7.46,有,,
士林區,房地(土地+建物)+車位,中山北路六段２３６巷７號十三樓之３,16.53,住,,,1121011,土地1建物1車位1,十三層,十四層,住宅大樓(11層含以上有電梯),住家用,1110331,124.78,2,2,1,有,有,32630000,349679.0,坡道平面,40.76,3250000,,RPPOMLNJJIIGFEA17DA,45.91,2.08,5.06,有,,2.0
士林區,房地(土地+建物),永平街８０巷５號三樓,36.33,住,,,1121015,土地1建物1車位0,三層，陽臺,三層,公寓(5樓含以下無電梯),住家用,0650922,69.6,3,1,1,有,無,9500000,136494.0,,0.0,0,其他增建；,RPOOMLSJJIIGFEA57DA,69.6,0.0,0.0,無,,47.0
士林區,房地(土地+建物),永平街８０巷５號二樓,36.33,住,,,1121015,土地1建物1車位0,二層，陽臺,三層,公寓(5樓含以下無電梯),住家用,0650922,69.6,4,1,1,有,無,9500000,136494.0,,0.0,0,其他增建；,RPQOMLSJJIIGFEA77DA,69.6,0.0,0.0,無,,47.0
大安區,房地(土地+建物),安和路二段３５巷３號七樓,26.0,住,,,1121012,土地2建物1車位0,七層,七層,華廈(10層含以下有電梯),住家用,0741230,144.79000000000002,3,2,2,有,有,49980000,345190.0,,0.0,0,,RPUNMLKLIIIGFFA47DA,116.72,6.61,13.75,有,727.0,38.0
大安區,房地(土地+建物),溫州街７４巷３弄６號七樓之４,11.94,住,,,1121023,土地1建物1車位0,七層,七層,華廈(10層含以下有電梯),住家用,0680418,45.22,2,1,1,有,有,15730000,347855.0,,0.0,0,陽台外推；,RPSNMLKKJIIGFFA27DA,33.98,0.0,11.24,有,728.0,45.0
大安區,房地(土地+建物),忠孝東路三段２５１巷８弄８號六樓,16.16,住,,,1121031,土地1建物1車位0,六層,七層,華廈(10層含以下有電梯),住家用,0690212,86.22,2,1,1,有,無,17500000,202969.0,,0.0,0,,RPSNMLQKJIIGFFA87DA,60.61,0.0,13.24,有,,44.0
大安區,房地(土地+建物),敦化南路一段３４４號五樓,11.26,住,,,1121007,土地1建物1車位0,五層,十四層,住宅大樓(11層含以上有電梯),住家用,0660907,124.41,3,2,2,有,有,48310000,388313.0,,0.0,0,,RPQOMLLLJIIGFFA37DA,102.49,0.0,7.9,有,,46.0
中山區,房地(土地+建物)+車位,敬業三路１６２巷２０４號四樓,47.09,住,,,1121018,土地1建物1車位1,四層,八層,華廈(10層含以下有電梯),住家用,0890628,155.44,3,2,2,有,有,31380000,201879.0,坡道平面,0.0,0,車位需每年抽籤陽台外推；,RPSNMLMLJIIGFCA37EA,77.6,0.0,8.1,有,,23.0
北投區,房地(土地+建物),尊賢街２０６巷１２號,34.25,住,,,1121002,土地1建物1車位0,一層,四層,公寓(5樓含以下無電梯),住家用,0601105,87.3,3,2,1,有,無,20500000,234822.0,,0.0,0,,RPSNMLOLJIIGFEA77EA,87.3,0.0,0.0,無,,52.0
文山區,房地(土地+建物)+車位,久康街８８號十二樓之２,41.11,住,,,1121005,土地1建物1車位1,十二層，十三層,十八層,住宅大樓(11層含以上有電梯),住家用,0820907,222.63,4,2,2,有,有,37000000,166195.0,坡道平面,0.0,2500000,陽台外推；其他增建；,RPXNMLSKIIIGFAA97DA,169.4,9.54,21.45,有,,30.0
文山區,房地(土地+建物)+車位,樟新街１５巷６號六樓,40.39,住,,,1121009,土地1建物1車位1,六層,十一層,住宅大樓(11層含以上有電梯),住家用,0790821,171.44,4,2,2,有,有,26500000,154573.0,坡道平面,0.0,2000000,,RPQNMLPLIIIGFAA07DA,148.16,4.15,12.62,有,,33.0
中正區,房地(土地+建物),詔安街２７２巷５號,23.25,住,,,1121025,土地1建物1車位0,一層,四層,公寓(5樓含以下無電梯),住家用,0620131,61.93,3,2,1,有,無,15700000,253512.0,,0.0,0,其他增建；,RPUOMLPLIIIGFAA57DA,61.93,0.0,0.0,無,,51.0
文山區,房地(土地+建物),興隆路二段２７５巷１弄４號三樓,15.04,住,,,1121017,土地2建物1車位0,三層,十三層,住宅大樓(11層含以上有電梯),住家用,0831018,60.76,1,2,1,有,有,13180000,216919.0,,0.0,0,,RPPNMLQLIIIGFAA07DA,41.56,0.0,3.91,有,,29.0
文山區,房地(土地+建物)+車位,育英街１１號四樓之２,34.71,住,,,1121015,土地1建物1車位1,四層,七層,華廈(10層含以下有電梯),住家用,0980814,169.21,4,2,2,有,有,36750000,238918.0,升降機械,21.68,1500000,陽台外推；其他增建；,RPROMLQJJIIGFAA27DA,93.15,12.24,7.2,有,,14.0
文山區,房地(土地+建物)+車位,木柵路一段１１７巷２弄８號六樓,34.06,住,,,1121010,土地2建物1車位1,六層,七層,華廈(10層含以下有電梯),住家用,0840710,146.2,3,2,2,有,無,20900000,142955.0,坡道平面,0.0,0,陽台外推；其他增建；,RPXNMLSJJIIGFAA97DA,63.67,14.46,14.28,有,,28.0
文山區,房地(土地+建物)+車位,辛亥路七段８４巷３號三樓之１,19.5,住,,,1121027,土地2建物1車位1,三層,十層,華廈(10層含以下有電梯),住家用,0891025,111.58,2,2,1,有,有,16200000,145187.0,坡道機械,0.0,1000000,陽台外推；其他增建；,RPOOMLSJJIIGFAA17DA,49.76,0.0,9.09,有,732.0,23.0
萬華區,房地(土地+建物),萬大路２７７巷３３弄５號二樓之１,31.9,住,,,1121023,土地1建物1車位0,二層,七層,華廈(10層含以下有電梯),住家用,0721207,118.09,3,2,1,有,有,19500000,165128.0,,0.0,0,,RPVNMLKKJIIGFBA17DA,76.42,0.0,14.15,有,,40.0
萬華區,房地(土地+建物),長泰街２８２巷１３弄１３號二樓,23.5,住,,,1121027,土地1建物1車位0,二層,四層,公寓(5樓含以下無電梯),住家用,0580812,75.88,2,2,1,有,無,12200000,160780.0,,0.0,0,其他增建；,RPTOMLMLJIIGFBA37DA,75.88,0.0,0.0,無,,54.0
內湖區,房地(土地+建物),康寧路三段１６５巷２５弄１２號四樓,25.75,住,,,1121001,土地1建物1車位0,四層,五層,公寓(5樓含以下無電梯),住家用,0731218,96.5,3,2,2,有,無,17200000,178238.0,,0.0,0,其他增建；,RPOOMLNLIIIGFCA96DA,79.1,0.0,8.88,無,,39.0
中山區,房地(土地+建物),基湖路１５１巷３５號二樓之５,16.12,住,,,1121023,土地1建物1車位0,二層,五層,華廈(10層含以下有電梯),住家用,0930630,40.09,1,1,1,有,有,11000000,274383.0,,0.0,0,夾層增建陽台外推；其他增建；,RPOOMLSJJIIGFCA37DA,22.03,0.0,2.51,有,735.0,19.0
中山區,房地(土地+建物)+車位,通北街１１８巷９號七樓,37.5,住,,,1121018,土地1建物1車位1,七層,九層,華廈(10層含以下有電梯),住家用,0880511,179.3,3,2,2,有,有,28000000,156163.0,坡道平面,0.0,2500000,,RPSNMLKLJIIGFCA07DA,100.95,0.0,12.28,有,,24.0
內湖區,房地(土地+建物),安泰街１２９巷１之１號四樓,19.5,住,,,1121014,土地1建物1車位0,四層,五層,公寓(5樓含以下無電梯),住家用,0700515,77.82,2,2,1,有,無,7800000,100231.0,,0.0,0,其他增建；,RPWOMLMLJIIGFCA77DA,52.67,0.0,11.15,無,,42.0
內湖區,房地(土地+建物)+車位,江南街６５巷２５之３號四樓,18.57,住,,,1121024,土地1建物1車位1,四層,八層,華廈(10層含以下有電梯),住家用,1050913,90.05000000000001,2,1,1,有,有,22100000,245419.0,升降機械,0.0,0,,RPOPMLMLJIIGFCA07DA,39.73,3.99,5.34,有,738.0,7.0
內湖區,房地(土地+建物),成功路四段２１８號二樓,24.18,住,,,1121024,土地1建物1車位0,二層,五層,公寓(5樓含以下無電梯),住家用,0740712,83.19,3,2,2,有,無,16500000,198341.0,,0.0,0,,RPTNMLNLJIIGFCA47DA,74.96,0.0,8.23,無,,38.0
中山區,房地(土地+建物)+車位,明水路４５３號六樓,30.35,住,,,1121006,土地1建物1車位1,六層,十一層,住宅大樓(11層含以上有電梯),住家用,0830223,159.76,3,2,2,有,有,46180000,289059.0,坡道平面,0.0,2500000,,RPQOMLNLJIIGFCA27DA,95.24,3.21,11.79,有,,30.0
信義區,房地(土地+建物),嘉興街２４９號三樓,9.3,住,,,1121012,土地2建物1車位0,三層,七層,華廈(10層含以下有電梯),住家用,0810727,71.95,2,2,1,有,無,17500000,243224.0,,0.0,0,陽台外推；其他增建；,RPTNMLKMIIIGFDA27DA,54.06,3.49,7.71,有,,31.0
松山區,房地(土地+建物),延壽街４０８號三樓,26.4,住,,,1121008,土地1建物1車位0,三層,五層,公寓(5樓含以下無電梯),住家用,0670508,99.77,3,2,2,有,無,26000000,260599.0,,0.0,0,陽台外推；,RPPOMLKMIIIGFDA96DA,86.29,0.0,13.48,無,,45.0
信義區,房地(土地+建物),松德路２８９號三樓,29.2,住,,,1121022,土地1建物1車位0,三層,五層,公寓(5樓含以下無電梯),住家用,0671129,98.57,3,2,1,有,無,21500000,218119.0,,0.0,0,,RPQNMLKLJIIGFDA96DA,83.07,0.0,15.5,無,,45.0
信義區,房地(土地+建物),吳興街６００巷７６弄１２２號五樓,32.77,住,,,1121012,土地3建物1車位0,五層,五層,公寓(5樓含以下無電梯),住家用,0731016,95.04,4,3,3,有,無,14800000,155724.0,,0.0,0,頂樓加蓋；含租約；,RPXNMLLLJIIGFDA77DA,84.35,0.0,10.69,無,740.0,39.0
信義區,房地(土地+建物),松仁路２３４巷２號二樓,40.27,住,,,1121018,土地1建物1車位0,二層,四層,公寓(5樓含以下無電梯),住家用,0860906,112.0,3,2,2,有,無,27888168,249002.0,,0.0,0,,RPUOMLLLJIIGFDA57DA,87.69,1.23,10.78,無,,26.0
信義區,房地(土地+建物),松山路５８２號三樓,33.0,住,,,1121021,土地1建物1車位0,三層,四層,公寓(5樓含以下無電梯),住家用,0580926,89.57,2,2,2,有,無,19980000,223066.0,,0.0,0,陽台外推；其他增建；,RPPOMLMLJIIGFDA17DA,81.86,0.0,7.71,無,,54.0
北投區,房地(土地+建物)+車位,文林北路３０２號十一樓之１,26.06,住,,,1121022,土地2建物1車位1,十一層,二十三層,住宅大樓(11層含以上有電梯),住家用,1040213,205.58999999999995,3,2,2,有,有,48500000,269776.0,坡道平面,36.19,2800000,,RPQNMLMLIIIGFEA17DA,101.68,11.06,9.28,有,,9.0
北投區,房地(土地+建物),致遠二路１１３巷１０號二樓,26.57,住,,,1121016,土地5建物1車位0,二層,五層,公寓(5樓含以下無電梯),住家用,0670512,94.72,3,2,1,有,無,18000000,190034.0,,0.0,0,陽台外推；其他增建；,RPOOMLQLIIIGFEA47DA,81.76,0.0,12.96,無,,45.0
北投區,房地(土地+建物)+車位,永興路二段３８號八樓,18.69,住,,,1121010,土地1建物1車位1,八層,十層,華廈(10層含以下有電梯),住家用,1030218,112.79,2,2,2,有,有,20000000,180066.0,塔式車位,10.05,1500000,夾層；其他增建；,RPSNMLLMIIIGFEA37DA,48.97,7.59,6.73,有,746.0,10.0
大安區,房地(土地+建物),仁愛路四段３０號七樓,35.86,住,,,1121016,土地1建物1車位0,七層，陽臺,七層,華廈(10層含以下有電梯),住家用,0630813,178.13,0,2,2,有,無,60000000,336833.0,,0.0,0,陽台外推；頂樓加蓋；,RPOOMLTJJIIGFFA77DA,178.13,0.0,0.0,有,,49.0
大安區,房地(土地+建物),永康街７５巷１５號五樓,29.6,住,,,1121013,土地1建物1車位0,五層,五層,公寓(5樓含以下無電梯),住家用,0760608,105.01,2,2,1,有,無,35000000,333302.0,,0.0,0,頂樓加蓋；,RPXNMLMLJIIGFFA08DA,75.55,19.06,0.0,無,,36.0
內湖區,房地(土地+建物)+車位,康樂街１８６巷３４之１號二樓,26.33,住,,,1121028,土地1建物1車位1,二層,十二層,住宅大樓(11層含以上有電梯),住家用,0951120,140.79,3,2,2,有,有,23660000,168052.0,坡道平面,31.5,0,露台其他增建；,RPQNMLNLJIIGFCA27EA,81.49,0.86,9.51,有,747.0,17.0
文山區,房地(土地+建物),恆光街２２巷１０號五樓,40.57,住,,,1121005,土地1建物1車位0,五層,五層,公寓(5樓含以下無電梯),住家用,0790317,126.08,4,3,3,有,無,17800000,141180.0,,0.0,0,頂樓加蓋；其他增建；,RPQNMLQLIIIGFAA17DA,94.11,12.4,8.34,無,,34.0
文山區,房地(土地+建物),辛亥路四段１０１巷８５之２號四樓,26.6,住,,,1121031,土地3建物1車位0,四層,五層,公寓(5樓含以下無電梯),住家用,0710929,96.57,3,2,1,有,無,14220000,147251.0,,0.0,0,陽台外推；其他增建；,RPWQMLLMIIIGFAA67DA,83.11,0.0,13.46,無,,41.0
文山區,房地(土地+建物),汀州路四段１５８號二樓,17.37,住,,,1121028,土地2建物1車位0,二層,七層,華廈(10層含以下有電梯),住家用,0731115,100.29,3,2,2,有,有,22600000,225346.0,,0.0,0,陽台外推；其他增建；,RPPNMLOKJIIGFAA86DA,84.11,0.0,9.2,有,,39.0
文山區,房地(土地+建物),興隆路三段１１６巷３弄４號四樓,30.0,住,,,1121013,土地1建物1車位0,四層,四層,公寓(5樓含以下無電梯),住家用,,66.3,4,2,1,有,無,10500000,158371.0,,0.0,0,頂樓加蓋；,RPXOMLKLJIIGFAA47DA,66.3,0.0,0.0,無,,
萬華區,房地(土地+建物),環河南路二段２８０巷２０號二樓,21.67,住,,,1121012,土地1建物1車位0,二層,五層,公寓(5樓含以下無電梯),住家用,0660128,91.23,2,2,1,有,無,12000000,131536.0,,0.0,0,陽台外推；其他增建；,RPSNMLSJJIIGFBA57DA,75.56,0.0,15.67,無,,47.0
萬華區,房地(土地+建物),萬大路４２３巷１０１弄２５號四樓,12.02,住,,,1121025,土地2建物1車位0,四層,五層,公寓(5樓含以下無電梯),住家用,0640403,31.18,1,1,1,有,無,4600000,147530.0,,0.0,0,,RPRNMLLLJIIGFBA96DA,31.18,0.0,0.0,無,,49.0
萬華區,房地(土地+建物),萬大路１８６巷２弄９號二樓,29.5,住,,,1121024,土地1建物1車位0,二層,四層,公寓(5樓含以下無電梯),住家用,0610614,85.79,3,2,1,有,無,12300000,143373.0,,0.0,0,法定空地陽台外推；其他增建；,RPPNMLOLJIIGFBA07DA,77.54,0.0,8.25,無,,51.0
萬華區,房地(土地+建物),富民路１４５巷１５弄３８號,22.25,住,,,1121018,土地1建物1車位0,一層,四層,公寓(5樓含以下無電梯),住家用,0630910,77.21,1,1,1,有,無,19000000,246082.0,,0.0,0,,RPVNMLOLJIIGFBA67DA,77.21,0.0,0.0,無,,49.0
萬華區,房地(土地+建物),德昌街２３３號二樓,31.67,住,,,1121013,土地1建物1車位0,二層,三層,公寓(5樓含以下無電梯),住家用,0610809,72.13,5,0,5,有,無,9200000,127547.0,,0.0,0,,RPSNMLPLJIIGFBA47DA,62.85,0.0,9.28,無,753.0,51.0
萬華區,房地(土地+建物),寶興街１５３號三樓,24.0,住,,,1121021,土地1建物1車位0,三層,五層,公寓(5樓含以下無電梯),住家用,0670809,78.36,2,2,1,有,無,11300000,144206.0,,0.0,0,含仲介費678000元；,RPSNMLLJKIIGFBA96DA,65.25,0.0,13.11,無,754.0,45.0
內湖區,房地(土地+建物),星雲街１６８巷３５號十七樓之１,5.72,住,,,1121010,土地1建物1車位0,十七層,二十一層,住宅大樓(11層含以上有電梯),住家用,0860124,30.92,1,1,1,有,有,7800000,252264.0,,0.0,0,陽台外推；夾層；其他增建；,RPWNMLPLIIIGFCA87DA,18.32,1.0,2.9,有,,27.0
中山區,房地(土地+建物),錦州街２０６號,39.5,住,,,1121010,土地1建物1車位0,一層,四層,公寓(5樓含以下無電梯),住家用,0600609,101.83,4,0,2,有,無,39500000,387901.0,,0.0,0,其他增建；,RPWPMLLMIIIGFCA77DA,101.83,0.0,0.0,無,,52.0
中山區,房地(土地+建物),民權東路二段９２巷７弄２４號二樓,23.75,住,,,1121008,土地1建物1車位0,二層,四層,公寓(5樓含以下無電梯),住家用,0571231,62.34,3,1,2,有,無,13660000,219121.0,,0.0,0,其他增建；,RPVOMLNJJIIGFCA57DA,51.94,10.4,0.0,無,,55.0
中山區,房地(土地+建物),北安路８２１巷１弄１７號二樓,25.89,住,,,1121016,土地1建物1車位0,二層,五層,公寓(5樓含以下無電梯),住家用,0730125,97.7,3,2,2,有,無,18950000,193961.0,,0.0,0,其他增建；,RPXOMLNJJIIGFCA77DA,80.88,0.0,8.11,無,,40.0
信義區,房地(土地+建物),和平東路三段４４７號四樓,26.77,住,,,1121025,土地1建物1車位0,四層,五層,公寓(5樓含以下無電梯),住家用,0690428,94.64,3,2,2,有,無,15000000,158495.0,,0.0,0,,RPUNMLKMIIIGFDA37DA,83.08,0.0,11.56,無,,43.0
南港區,房地(土地+建物),東新街１６８巷１６號八樓,20.2,住,,,1121007,土地3建物1車位0,八層,十一層,住宅大樓(11層含以上有電梯),住家用,1010314,99.01,3,2,2,有,有,29180000,294718.0,,0.0,0,其他增建；,RPPOMLNJJIIGFDA07DA,64.95,0.0,11.37,有,761.0,12.0
南港區,房地(土地+建物),三重路７號五樓,35.8,住,,,1121021,土地1建物1車位0,五層,五層,公寓(5樓含以下無電梯),住家用,0690125,123.64,4,2,2,有,無,21080000,170495.0,,0.0,0,陽台外推；頂樓加蓋；其他增建；,RPVNMLRJJIIGFDA97DA,111.22,0.0,12.42,無,,44.0
信義區,房地(土地+建物),松山路４６５巷２弄１號三樓,30.0,住,,,1121015,土地2建物1車位0,三層，陽臺,四層,公寓(5樓含以下無電梯),住家用,0610522,65.1,2,2,1,有,無,17000000,261137.0,,0.0,0,陽台外推；,RPXNMLSJJIIGFDA28DA,65.1,0.0,0.0,無,,51.0
南港區,房地(土地+建物)+車位,研究院路三段７號二樓之２,63.08,住,,,1121028,土地1建物1車位1,二層,五層,華廈(10層含以下有電梯),住家用,0990921,189.64,3,2,2,有,有,25200000,159242.0,坡道平面,43.95,2000000,其他增建；,RPWNMLQKJIIGFDA08DA,78.02,10.9,10.98,有,762.0,13.0
松山區,房地(土地+建物),民族東路６９３號四樓,19.81,住,,,1121016,土地1建物1車位0,四層,七層,華廈(10層含以下有電梯),住家用,0731213,122.19,3,2,2,有,有,25000000,204599.0,,0.0,0,,RPTNMLRLJIIGFDA97DA,91.97,0.0,12.94,有,,39.0
北投區,房地(土地+建物),自強街４６巷１３之１號一樓,26.61,住,,,1121029,土地2建物1車位0,一層,五層,公寓(5樓含以下無電梯),住家用,0670130,93.46,4,1,1,有,無,17180000,183822.0,,0.0,0,其他增建；,RPVNMLTJJIIGFEA28DA,82.17,3.15,0.0,無,,46.0
士林區,房地(土地+建物),通河街２５號七樓,18.52,住,,,1121004,土地1建物1車位0,七層,八層,華廈(10層含以下有電梯),住家用,1011112,101.94,2,2,1,有,有,23000000,225623.0,,0.0,0,,RPQNMLRKJIIGFEA77EA,46.05,3.11,12.04,有,,11.0
文山區,房地(土地+建物)+車位,樟新街３６號二樓之１,32.94,住,,,1121015,土地1建物1車位1,二層,十六層,住宅大樓(11層含以上有電梯),住家用,0831221,179.21,4,2,2,有,有,26000000,145081.0,坡道平面,0.0,2000000,陽台外推；其他增建；,RPUNMLTJJIIGFAA77DA,96.96,19.94,10.97,有,,29.0
萬華區,房地(土地+建物),德昌街２６１巷１３號四樓,27.5,住,,,1121014,土地1建物1車位0,四層,四層,公寓(5樓含以下無電梯),住家用,0580703,89.73,3,2,1,有,無,11500000,128162.0,,0.0,0,陽台外推；頂樓加蓋；其他增建；,RPWNMLLLJIIGFBA47DA,83.13,0.0,6.6,無,,54.0
中山區,房地(土地+建物),建國北路二段１５１巷１２號六樓,26.76,住,,,1121029,土地1建物1車位0,六層,七層,華廈(10層含以下有電梯),住家用,0691114,140.11,3,2,2,有,無,37880000,270359.0,,0.0,0,陽台外推；,RPOPMLRJJIIGFCA37DA,121.33,0.0,15.36,有,,43.0
內湖區,房地(土地+建物),成功路四段２２３巷６弄１號五樓,27.8,住,,,1121028,土地1建物1車位0,五層,五層,公寓(5樓含以下無電梯),住家用,0690822,90.17,2,2,2,有,無,19500000,216258.0,,0.0,0,,RPQOMLOLJIIGFCA37DA,77.75,0.0,12.42,無,771.0,43.0
松山區,房地(土地+建物),八德路二段４１０巷１２號三樓,40.2,住,,,1121008,土地1建物1車位0,三層,五層,公寓(5樓含以下無電梯),住家用,0670712,122.96,4,2,2,有,無,32500000,264314.0,,0.0,0,陽台外推；其他增建；,RPSOMLNLIIIGFDA47DA,111.9,0.0,11.06,無,,45.0
松山區,房地(土地+建物),敦化北路２２２巷１８弄６號四樓之２,13.87,住,,,1121015,土地1建物1車位0,四層,七層,華廈(10層含以下有電梯),住家用,0720526,84.08999999999999,3,2,2,有,有,22500000,267570.0,,0.0,0,,RPPOMLRLIIIGFDA57DA,63.27,0.0,8.33,有,,40.0
南港區,房地(土地+建物)+車位,經貿二路１８５巷５２號九樓,39.73,住,,,1121022,土地1建物1車位1,九層,十一層,住宅大樓(11層含以上有電梯),住家用,0990628,187.14,3,2,2,有,有,51000000,305166.0,坡道平面,28.21,2500000,陽台外推；其他增建；,RPQOMLNJJIIGFDA17DA,93.41,7.69,11.16,有,772.0,13.0
信義區,房地(土地+建物),吳興街５２４巷３６號三樓,34.5,住,,,1121028,土地1建物1車位0,三層,四層,公寓(5樓含以下無電梯),住家用,0690318,117.12,3,2,2,有,無,18800000,160519.0,,0.0,0,其他增建；,RPSOMLTJJIIGFDA97DA,103.59,0.0,13.53,無,,44.0
北投區,房地(土地+建物),文化三路７號四樓,54.3,住,,,1121024,土地1建物1車位0,四層,五層,公寓(5樓含以下無電梯),住家用,0821209,150.81,3,2,2,有,有,19300000,127976.0,,0.0,0,陽台外推；其他增建；,RPUNMLQJJIIGFEA87DA,100.26,0.0,9.07,無,,30.0
士林區,房地(土地+建物)+車位,天母西路５巷４弄８號,37.37,住,,,1121027,土地1建物1車位1,一層,七層,華廈(10層含以下有電梯),住家用,0690712,197.14,3,2,3,有,無,35000000,177539.0,坡道平面,0.0,2500000,其他增建；,RPOOMLRKJIIGFEA57DA,144.93,32.8,0.0,有,,43.0
大安區,房地(土地+建物),建國南路二段１５１巷５０號七樓,25.14,住,,,1121012,土地1建物1車位0,七層,七層,華廈(10層含以下有電梯),住家用,0740418,116.87,3,2,2,有,有,45200000,386755.0,,0.0,0,,RPVOMLMLJIIGFFA97DA,98.78,1.62,10.5,有,,38.0
大安區,房地(土地+建物),安和路一段１２７巷２９弄１３號四樓,26.33,住,,,1121022,土地1建物1車位0,四層,七層,華廈(10層含以下有電梯),住家用,0680316,120.65,2,2,1,有,有,36888000,305744.0,,0.0,0,,RPQNMLSLJIIGFFA97DA,91.04,0.0,10.89,有,,45.0
大同區,房地(土地+建物),承德路二段１１２號五樓,14.19,住,,,1121023,土地1建物1車位0,五層,七層,華廈(10層含以下有電梯),住家用,1120331,77.88,2,1,1,有,無,23080000,296353.0,,0.0,0,含傢俱設備費；,RPRNMLSLJIIGFBA77EA,44.45,0.0,0.0,有,,1.0
內湖區,房地(土地+建物)+車位,文湖街２１巷１１６號六樓之１,21.33,住,,,1121031,土地1建物1車位1,六層,十層,華廈(10層含以下有電梯),住家用,0970723,131.65,3,2,1,有,有,23250000,176605.0,坡道平面,34.6,0,,RPVNMLOLIIIGFCA77EA,54.97,2.45,10.46,有,,15.0
中正區,房地(土地+建物),中華路二段３０３巷３號,19.24,住,,,1121028,土地1建物1車位0,一層，騎樓,五層,公寓(5樓含以下無電梯),住家用,,50.87,0,0,0,無,無,20500000,402988.0,,0.0,0,其他增建；未登記建物；,RPQNMLRJJIIGFAA17DA,50.87,0.0,0.0,無,,
文山區,房地(土地+建物),辛亥路七段６９巷１７號六樓,21.77,住,,,1121022,土地2建物1車位0,六層,七層,華廈(10層含以下有電梯),住家用,0700805,115.18,3,2,2,有,有,19910000,172860.0,,0.0,0,陽台外推；其他增建；,RPPOMLPKJIIGFAA07DA,88.74,0.0,17.05,有,778.0,42.0
文山區,房地(土地+建物),興隆路二段２５巷２０之５號三樓,37.65,住,,,1121022,土地1建物1車位0,三層,五層,公寓(5樓含以下無電梯),住家用,0740104,107.4,3,2,2,有,無,17000000,158287.0,,0.0,0,其他增建；,RPOOMLNLJIIGFAA86DA,88.74,0.0,8.93,無,,39.0
大同區,房地(土地+建物)+車位,興城街７０號六樓之８,14.06,住,,,1121021,土地1建物1車位1,六層,十五層,住宅大樓(11層含以上有電梯),住家用,1120119,130.25,2,2,1,有,有,33300000,308463.0,坡道平面,30.4,2500000,,RPSOMLTLJIIGFBA97DA,57.69,2.45,9.46,有,,1.0
中山區,房地(土地+建物),松江路３３０巷５３號五樓,7.95,住,,,1121015,土地1建物1車位0,五層,九層,華廈(10層含以下有電梯),住家用,0961207,52.95,1,1,1,有,有,15380000,290463.0,,0.0,0,陽台外推；夾層；其他增建；,RPVNMLPLIIIGFCA77DA,22.75,0.0,12.08,有,,16.0
中山區,房地(土地+建物)+車位,敬業三路１６２巷７６號十一樓,47.09,住,,,1121021,土地1建物1車位1,十一層,十二層,住宅大樓(11層含以上有電梯),住家用,0890628,155.45999999999998,3,2,2,有,有,32200000,207127.0,坡道平面,54.18,0,陽台外推；其他增建；,RPPOMLMJJIIGFCA86DA,77.62,0.0,8.1,有,,23.0
中山區,房地(土地+建物),復興北路１９０巷２５號十樓之５,18.51,住,,,1121030,土地1建物1車位0,十層,十五層,住宅大樓(11層含以上有電梯),住家用,0750609,98.45,3,2,1,有,有,25700000,261046.0,,0.0,0,陽台外推；,RPTNMLTJJIIGFCA87DA,76.81,0.0,6.1,有,,37.0
內湖區,房地(土地+建物)+車位,民權東路六段１８０巷７７弄２５號,101.49,住,,,1121021,土地1建物1車位1,一層,五層,華廈(10層含以下有電梯),住家用,0951102,226.91000000000005,3,2,2,有,有,52500000,231369.0,坡道平面,35.21,0,其他增建；,RPQNMLOKJIIGFCA17DA,118.44,3.56,12.68,有,,17.0
內湖區,房地(土地+建物),行善路２５巷５２號九樓,47.79,住,,,1121028,土地1建物1車位0,九層,九層,華廈(10層含以下有電梯),住家用,0870506,125.6,3,2,2,有,有,22500000,179140.0,,0.0,0,,RPTNMLRKJIIGFCA77DA,75.03,0.0,7.06,有,,25.0
中山區,房地(土地+建物)+車位,明水路６１３號五樓之１,55.22,住,,,1121015,土地1建物1車位4,五層,十四層,住宅大樓(11層含以上有電梯),住家用,0881014,352.1,4,2,3,有,有,85600000,319158.0,坡道平面,105.2,6800000,,RPQNMLKLJIIGFCA86DA,163.51,0.0,20.33,有,,24.0
內湖區,房地(土地+建物),康寧路一段１６７號五樓,34.83,住,,,1121015,土地1建物1車位0,五層,十二層,住宅大樓(11層含以上有電梯),住家用,0880602,137.05,4,2,2,有,有,26000000,189712.0,,0.0,0,,RPTOMLSLJIIGFCA08DA,85.3,2.53,11.13,有,,24.0
內湖區,房地(土地+建物),康寧路三段２６５巷１９號四樓,24.96,住,,,1121031,土地1建物1車位0,四層,五層,公寓(5樓含以下無電梯),住家用,0740429,90.31,3,2,2,有,有,14600000,161665.0,,0.0,0,,RPXOMLTLJIIGFCA58DA,75.76,0.87,9.12,無,,39.0
信義區,房地(土地+建物),吳興街２８４巷２２弄１１２號二樓,22.31,住,,,1121001,土地4建物1車位0,二層,四層,公寓(5樓含以下無電梯),住家用,0670930,77.55,3,2,1,有,無,15000000,193424.0,,0.0,0,其他增建；,RPSNMLNJJIIGFDA27DA,65.25,0.0,12.3,無,,45.0
南港區,房地(土地+建物)+車位,街８號十四樓,18.75,住,,,1121021,土地1建物1車位3,十四層,十四層,住宅大樓(11層含以上有電梯),住家用,0980611,145.91,2,2,1,有,有,31500000,280316.0,坡道機械,49.59,4500000,,RPUOMLNJJIIGFDA57DA,54.95,5.7,5.8,有,,14.0
南港區,房地(土地+建物)+車位,重陽路４１號五樓之１,20.24,住,,,1121010,土地1建物1車位1,五層,十一層,住宅大樓(11層含以上有電梯),住家用,0991012,113.95,2,2,1,有,有,23000000,270163.0,坡道平面,38.07,2500000,,RPQNMLPJJIIGFDA27DA,44.42,1.44,6.33,有,,13.0
信義區,房地(土地+建物)+車位,永吉路２２５巷７弄７號十樓之２,15.73,住,,,1121020,土地1建物1車位1,十層,十二層,住宅大樓(11層含以上有電梯),住家用,1111111,130.59,2,2,1,有,有,33200000,254231.0,坡道平面,35.42,0,,RPXOMLOLJIIGFDA18DA,51.77,4.99,7.12,有,,1.0
松山區,房地(土地+建物),八德路三段１２巷５１弄２４號三樓,27.75,住,,,1121016,土地1建物1車位0,三層,七層,華廈(10層含以下有電梯),住家用,0700513,158.34,3,2,2,有,無,37500000,236832.0,,0.0,0,陽台外推；,RPWNMLSLJIIGFDA38DA,122.08,0.0,31.16,有,,42.0
信義區,房地(土地+建物),信義路六段７６巷２弄９７號二樓,38.58,住,,,1121014,土地1建物1車位0,二層,五層,公寓(5樓含以下無電梯),住家用,0720129,112.39,3,2,2,有,無,21100000,187739.0,,0.0,0,,RPOOMLTLJIIGFDA77DA,96.99,0.0,13.7,無,,41.0
北投區,房地(土地+建物),復興四路２８號三樓,16.29,住,,,1121014,土地1建物1車位0,三層,七層,華廈(10層含以下有電梯),住家用,1001031,79.64,3,1,2,有,有,12450000,156328.0,,0.0,0,陽台外推；夾層；,RPQPMLKMIIIGFEA27DA,40.06,7.15,5.48,有,786.0,12.0
北投區,房地(土地+建物),建民路１６２巷９號,44.0,住,,,1121025,土地5建物2車位0,一層,五層,公寓(5樓含以下無電梯),住家用,0820628,139.55,5,2,2,有,無,23000000,164815.0,,0.0,0,其他增建；,RPTNMLLJJIIGFEA27DA,65.52,57.11,0.0,無,,30.0
士林區,房地(土地+建物),磺溪街２１巷１６號五樓,46.48,住,,,1121015,土地1建物1車位0,五層,五層,公寓(5樓含以下無電梯),住家用,0780213,131.76000000000002,3,2,2,有,無,22580000,171372.0,,0.0,0,陽台外推；,RPSNMLOKJIIGFEA57DA,107.12,1.64,12.03,無,,35.0
北投區,房地(土地+建物),同德街７巷９號三樓,48.44,住,,,1121027,土地1建物1車位0,三層,四層,公寓(5樓含以下無電梯),住家用,0681215,123.31,3,2,1,有,無,18500000,150028.0,,0.0,0,,RPWNMLMLJIIGFEA87DA,115.55,0.0,7.76,無,,44.0
大安區,房地(土地+建物),杭州南路二段６１巷１７號二樓之２,22.11,住,,,1121007,土地1建物1車位0,二層,七層,華廈(10層含以下有電梯),住家用,0721008,122.34,3,2,2,有,有,31300000,255844.0,,0.0,0,其他增建:雨遮之增建物 依土地法第34條之1辦理移轉陽台外推；其他增建；,RPPNMLPJJIIGFFA37DA,75.79,0.0,16.43,有,,40.0
大安區,房地(土地+建物),信義路三段１３４巷２９號,29.11,住,,,1121026,土地1建物1車位0,一層,七層,華廈(10層含以下有電梯),住家用,0750814,111.57,2,2,2,有,無,27000000,242001.0,,0.0,0,,RPTNMLSLJIIGFFA28DA,73.13,12.11,0.0,有,,37.0
中山區,房地(土地+建物),松江路１５０巷２６之１號二樓,24.2,住,,,1121021,土地2建物1車位0,二層,五層,公寓(5樓含以下無電梯),住家用,0690422,87.25,3,2,1,有,無,21400000,245272.0,,0.0,0,陽台外推；,RPPNMLTLJIIGFCA77EA,71.19,0.0,12.97,無,,43.0
中山區,房地(土地+建物),新生北路二段７３號七樓之８,5.73,住,,,1121001,土地1建物1車位0,七層,七層,華廈(10層含以下有電梯),住家用,0680301,26.51,1,1,1,有,有,6350000,239532.0,,0.0,0,凸窗約0.5坪左右其他增建；,RPQNMLLJKIIGFCA96EA,21.52,0.0,0.0,有,789.0,45.0
文山區,房地(土地+建物),興隆路二段２２０巷５５弄８號三樓,34.72,住,,,1121011,土地3建物1車位0,三層,五層,公寓(5樓含以下無電梯),住家用,0680716,112.03,3,2,2,有,無,15250000,136124.0,,0.0,0,陽台外推；其他增建；,RPPOMLKLIIIGFAA56DA,86.61,0.0,25.42,無,,44.0
萬華區,房地(土地+建物),西昌街８１之１號六樓,9.0,住,,,1121023,土地1建物1車位0,六層,七層,華廈(10層含以下有電梯),住家用,0770803,48.03,1,1,1,有,無,6375000,132730.0,,0.0,0,陽台外推；,RPRNMLKMJIIGFBA96DA,32.97,1.77,5.62,有,,35.0
萬華區,房地(土地+建物),西昌街８１之１號五樓,9.0,住,,,1121023,土地1建物1車位0,五層,七層,華廈(10層含以下有電梯),住家用,0770803,48.03,1,1,1,有,無,6375000,132730.0,,0.0,0,陽台外推；,RPSNMLKMJIIGFBA07DA,32.97,1.77,5.62,有,,35.0
中山區,房地(土地+建物),民權東路二段１３５巷２０弄１號三樓,20.46,住,,,1121020,土地1建物1車位0,三層,七層,華廈(10層含以下有電梯),住家用,0730308,111.25,3,2,2,有,無,23000000,206742.0,,0.0,0,陽台外推；其他增建；,RPOQMLLMIIIGFCA07DA,90.98,0.0,14.81,有,,40.0
內湖區,房地(土地+建物)+車位,環山路二段５０巷１０弄６號,269.0,住,,,1121027,土地1建物1車位3,全,三層,透天厝,住家用,1030702,280.28,3,2,4,有,有,92000000,328243.0,一樓平面,0.0,0,其他增建:空地加蓋之增建物、加蓋之電梯其他增建；,RPTOMLSJJIIGFCA87DA,264.4,0.0,15.88,有,,9.0
內湖區,房地(土地+建物),康寧路三段１８９巷９０號六樓,24.46,住,,,1121029,土地2建物1車位0,六層,八層,華廈(10層含以下有電梯),住家用,0840830,70.11999999999999,2,1,1,有,有,14500000,206788.0,,0.0,0,陽台外推；夾層；其他增建；,RPTOMLKKJIIGFCA17DA,57.79,2.61,5.56,有,793.0,28.0
內湖區,房地(土地+建物)+車位,環山路二段７７巷８號八樓,31.3,住,,,1121028,土地1建物1車位2,八層,十三層,住宅大樓(11層含以上有電梯),住家用,0951124,190.67,2,2,2,有,有,40880000,214402.0,坡道機械,43.02,0,陽台外推；其他增建；,RPWOMLOKJIIGFCA87DA,90.85,8.88,8.76,有,,17.0
內湖區,房地(土地+建物),內湖路三段１３４號四樓,37.77,住,,,1121008,土地3建物1車位0,四層,五層,公寓(5樓含以下無電梯),住家用,0690423,88.41,3,2,1,有,無,15000000,169664.0,,0.0,0,,RPPNMLTLJIIGFCA67DA,76.66,0.0,11.75,無,,43.0
中山區,房地(土地+建物),龍江路４２９巷１８號二樓,14.1,住,,,1121025,土地1建物2車位0,二層,七層,華廈(10層含以下有電梯),住家用,1020914,73.41,1,1,1,有,有,18560000,252827.0,,0.0,0,,RPTPMLTLJIIGFCA28DA,35.57,8.17,3.35,有,795.0,10.0
信義區,房地(土地+建物),吳興街５８３巷１５弄１７號,21.0,住,,,1121015,土地1建物1車位0,全,三層,透天厝,住家用,0510101,53.19,2,2,1,有,無,11580000,217710.0,,0.0,0,頂樓加蓋；,RPTOMLLLJIIGFDA47DA,53.19,0.0,0.0,無,,62.0
信義區,房地(土地+建物),永吉路２２５巷３之２號四樓,29.6,住,,,1121009,土地1建物1車位0,四層,五層,公寓(5樓含以下無電梯),住家用,0741118,116.26,3,2,2,有,無,21960000,188887.0,,0.0,0,其他增建；,RPWNMLMLJIIGFDA77DA,93.84,1.9,9.63,無,,38.0
北投區,房地(土地+建物),中和街５０７巷６弄４號三樓,41.0,住,,,1121010,土地2建物1車位0,三層,四層,公寓(5樓含以下無電梯),住家用,0640221,88.18,3,2,1,有,無,10400000,117941.0,,0.0,0,其他增建；,RPQOMLOKJIIGFEA47DA,88.18,0.0,0.0,無,796.0,49.0
北投區,房地(土地+建物)+車位,中央北路二段４０６號十樓,14.69,住,,,1121025,土地1建物1車位1,十層,十層,華廈(10層含以下有電梯),住家用,0941027,64.5,1,1,1,有,有,12280000,207353.0,升降機械,10.1,1000000,其他增建；,RPRNMLTLJIIGFEA08DA,35.28,1.38,2.64,有,797.0,18.0
大安區,房地(土地+建物),建國南路一段３０８號五樓,8.2,住,,,1121008,土地2建物1車位0,五層,十四層,住宅大樓(11層含以上有電梯),住家用,1070412,65.4,2,1,1,有,有,28880000,441590.0,,0.0,0,陽台加窗之增建物其他增建；,RPXNMLNLIIIGFFA08DA,36.54,1.04,3.84,有,798.0,5.0
大安區,房地(土地+建物)+車位,敦化南路一段１３８號五樓之８,13.26,住,,,1121017,土地2建物1車位1,五層,二十三層,住宅大樓(11層含以上有電梯),住家用,1090909,209.67,3,2,2,有,有,68600000,361351.0,坡道平面,32.28,4500000,交易總價：6860萬元整，房屋價格：6410萬元整土地價格：4487萬元整、建物價格1923萬元整、車位價格：450萬元整土地價格：315萬元整、建物價格135萬元整。,RPSOMLNJJIIGFFA57DA,105.73,5.83,7.06,有,,3.0
大安區,房地(土地+建物)+車位,仁愛路四段３５７號十二樓之２,27.27,住,,,1121019,土地2建物1車位1,十二層,十七層,住宅大樓(11層含以上有電梯),住家用,0751224,272.02,4,2,2,有,有,95500000,351077.0,坡道平面,0.0,0,陽台外推；,RPTNMLRLJIIGFFA18DA,220.69,0.52,24.51,有,,37.0
萬華區,房地(土地+建物),萬大路１８６巷３號四樓,21.28,住,,,1121025,土地1建物1車位0,四層,七層,華廈(10層含以下有電梯),住家用,0740529,106.99,3,2,2,有,無,16000000,149547.0,,0.0,0,,RPQNMLTLJIIGFBA77EA,85.92,1.44,9.69,有,,38.0
大同區,房地(土地+建物),酒泉街５０巷５號四樓,26.61,住,,,1121011,土地1建物1車位0,四層,五層,公寓(5樓含以下無電梯),住家用,0740408,102.36,3,2,2,有,無,17200000,168034.0,,0.0,0,陽台外推；,RPRNMLKMJIIGFBA07EA,83.28,0.0,8.75,無,,39.0
萬華區,房地(土地+建物),青年路１７６號三樓,14.32,住,,,1121030,土地1建物1車位0,三層，陽臺,五層,公寓(5樓含以下無電梯),住家用,0640523,38.82,1,2,1,有,無,7500000,193199.0,,0.0,0,,RPQNMLLJKIIGFBA86EA,38.82,0.0,0.0,無,799.0,48.0
文山區,房地(土地+建物),景興路１５３巷１７號三樓之１,4.62,住,,,1121030,土地1建物1車位0,三層,十二層,住宅大樓(11層含以上有電梯),住家用,0830317,27.95,1,1,1,有,有,6300000,225403.0,,0.0,0,,RPTNMLLJJIIGFAA86DA,16.35,0.45,3.79,有,,30.0
文山區,房地(土地+建物),光輝路３０巷４號四樓,31.25,住,,,1121031,土地1建物1車位0,四層，五層,五層,公寓(5樓含以下無電梯),住家用,0571023,106.13,4,2,2,有,無,13880000,130783.0,,0.0,0,陽台外推；,RPRNMLLLJIIGFAA86DA,106.13,0.0,0.0,無,800.0,55.0
大同區,房地(土地+建物),民族西路１６９巷７號,34.7,住,,,1121016,土地1建物1車位0,一層,五層,公寓(5樓含以下無電梯),住家用,0750515,118.8,2,2,1,有,無,24100000,202862.0,,0.0,0,其他增建；,RPVNMLQLIIIGFBA77DA,106.29,12.51,0.0,無,802.0,37.0
大同區,房地(土地+建物),民族西路１６９巷７號二樓,34.7,住,,,1121016,土地1建物1車位0,二層,五層,公寓(5樓含以下無電梯),住家用,0750515,118.8,0,1,0,有,無,19500000,164141.0,,0.0,0,其他增建；,RPQOMLQLIIIGFBA37DA,106.29,0.0,12.51,無,,37.0
大同區,房地(土地+建物)+車位,民族西路３３８號十一樓之１,30.24,住,,,1121027,土地2建物1車位1,十一層,十五層,住宅大樓(11層含以上有電梯),住家用,1110802,249.46999999999997,4,2,3,有,有,55660000,244851.0,坡道平面,34.4,3000000,,RPOOMLNJJIIGFBA76DA,132.84,0.86,18.47,有,,1.0
內湖區,房地(土地+建物),金龍路２１６號二樓,29.91,住,,,1121022,土地1建物1車位0,二層,五層,公寓(5樓含以下無電梯),住家用,0691208,106.57,3,2,2,有,無,16500000,154828.0,,0.0,0,陽台外推；其他增建；,RPSOMLNKJIIGFCA37DA,90.14,0.0,16.43,無,,43.0
松山區,房地(土地+建物),健康路３５巷８號十樓,34.85,住,,,1121019,土地1建物1車位0,十層,十三層,住宅大樓(11層含以上有電梯),住家用,0860728,156.12,3,2,2,有,有,37000000,236997.0,,0.0,0,,RPPNMLNJJIIGFDA96DA,87.31,2.49,8.07,有,,26.0
南港區,房地(土地+建物),玉成街２２１號五樓,19.4,住,,,1121022,土地1建物1車位0,五層,五層,公寓(5樓含以下無電梯),住家用,0721201,80.60000000000001,2,2,2,有,無,19000000,235732.0,,0.0,0,陽台外推；頂樓加蓋；,RPPNMLPJJIIGFDA17DA,65.56,0.0,8.14,無,809.0,40.0
南港區,房地(土地+建物),忠孝東路六段７０巷２１弄２６號三樓,24.04,住,,,1121029,土地1建物1車位0,三層,七層,華廈(10層含以下有電梯),住家用,0730724,100.02,3,2,1,有,有,22550000,225455.0,,0.0,0,陽台外推；其他增建；,RPUNMLSJJIIGFDA97DA,66.75,0.0,7.66,有,,39.0
南港區,房地(土地+建物),舊莊街一段１９９巷１１弄６號,37.22,住,,,1121007,土地1建物1車位0,一層,五層,公寓(5樓含以下無電梯),住家用,0780526,113.4,3,2,2,有,無,19000000,167549.0,,0.0,0,其他增建；,RPVNMLSJJIIGFDA08DA,96.06,10.69,0.0,無,,34.0
南港區,房地(土地+建物),研究院路二段１２巷５８弄１之１號五樓,29.78,住,,,1121029,土地1建物1車位0,五層,五層,公寓(5樓含以下無電梯),住家用,0720909,101.16,3,2,1,有,無,15000000,148280.0,,0.0,0,陽台外推；頂樓加蓋；其他增建；,RPROMLNKJIIGFDA37DA,91.17,0.0,9.99,無,811.0,40.0
信義區,房地(土地+建物),吳興街２８４巷８號二樓之１,18.2,住,,,1121031,土地1建物1車位0,二層,十一層,住宅大樓(11層含以上有電梯),住家用,1030805,100.2,2,2,2,有,有,29400000,293413.0,,0.0,0,,RPQNMLPKJIIGFDA37DA,58.71,7.39,2.99,有,,9.0
北投區,房地(土地+建物),文化三路１２４號七樓,36.6,,,,1121010,土地2建物1車位0,七層,七層,華廈(10層含以下有電梯),住家用,0750312,115.3,3,2,1,有,有,14800000,128361.0,,0.0,0,陽台外推；其他增建；,RPQNMLRKIIIGFEA57DA,73.2,0.0,11.16,有,812.0,38.0
士林區,房地(土地+建物)+車位,環河北路三段２０３號七樓之２,27.33,住,,,1121029,土地2建物1車位1,七層,十一層,住宅大樓(11層含以上有電梯),住家用,1011008,174.5,2,2,2,有,有,23260000,154995.0,坡道平面,40.57,2500000,,RPVOMLRJJIIGFEA18DA,72.77,14.18,5.75,有,,11.0
士林區,房地(土地+建物),社中街４４４號二樓,29.0,住,,,1121012,土地1建物1車位0,二層,四層,公寓(5樓含以下無電梯),住家用,0661020,76.96,4,1,2,有,無,12500000,162422.0,,0.0,0,其他增建；,RPQNMLPKJIIGFEA47DA,70.58,0.0,6.38,無,813.0,46.0
士林區,房地(土地+建物)+車位,中山北路七段１４１巷２３號七樓之１,29.22,住,,,1121030,土地1建物1車位1,七層,八層,華廈(10層含以下有電梯),住家用,1111006,167.65,3,2,2,有,有,45000000,273241.0,塔式車位,10.28,2000000,,RPTNMLQKJIIGFEA87DA,91.04,0.0,10.46,有,,1.0
大安區,房地(土地+建物),復興南路二段１５１巷３０弄１號三樓,19.94,住,,,1121022,土地1建物1車位0,三層,十九層,住宅大樓(11層含以上有電梯),住家用,0740522,103.03,3,2,1,有,有,27450000,266427.0,,0.0,0,其他增建；,RPQOMLKLJIIGFFA27DA,75.58,1.26,7.07,有,815.0,38.0
大安區,房地(土地+建物)+車位,仁愛路四段３１４號六樓之４,23.07,住,,,1121016,土地2建物1車位1,六層,十四層,住宅大樓(11層含以上有電梯),住家用,0701223,197.57,4,2,3,有,有,69200000,350256.0,一樓平面,0.0,0,陽台外推；,RPTOMLTLJIIGFFA48DA,159.63,0.0,10.59,有,,42.0
大安區,房地(土地+建物)+車位,大安路一段２０２號九樓之２,5.26,住,,,1121028,土地1建物1車位1,九層,十二層,住宅大樓(11層含以上有電梯),住家用,0971028,51.71,1,1,1,有,有,18800000,503577.0,塔式車位,16.75,1200000,夾層；其他增建；,RPTNMLKMJIIGFFA57DA,19.79,2.73,0.0,有,,15.0
中正區,房地(土地+建物),杭州南路一段７７巷２６號三樓,32.5,住,,,1121026,土地2建物1車位0,三層，陽臺,四層,公寓(5樓含以下無電梯),住家用,0650628,92.7,3,1,1,有,無,25000000,269687.0,,0.0,0,,RPSNMLLJKIIGFBA07EA,92.7,0.0,0.0,無,,47.0
文山區,房地(土地+建物),指南路三段７１號三樓之１,20.2,住,,,1121027,土地1建物1車位0,三層,七層,華廈(10層含以下有電梯),住家用,0840509,71.81,2,2,1,有,有,10860000,151232.0,,0.0,0,其他增建；,RPWNMLKKJIIGFAA17DA,47.33,0.62,7.26,有,,28.0
萬華區,房地(土地+建物),萬大路８５巷２０弄１號,41.0,住,,,1121027,土地1建物1車位0,一層,二層,公寓(5樓含以下無電梯),住家用,0540814,59.28,0,0,0,無,無,12500000,210864.0,,0.0,0,其他增建；,RPOOMLRLIIIGFBA27DA,59.28,0.0,0.0,無,,58.0
萬華區,房地(土地+建物),武成街５６巷１０號四樓,22.75,住,,,1121031,土地1建物1車位0,四層,四層,公寓(5樓含以下無電梯),住家用,0650823,64.56,1,2,1,有,無,10100000,156444.0,,0.0,0,陽台外推；頂樓加蓋；其他增建；,RPRNMLLKJIIGFBA86DA,57.29,0.0,7.27,無,819.0,47.0
萬華區,房地(土地+建物),桂林路２２８巷３０弄１２號,21.0,住,,,1121029,土地1建物1車位0,一層,二層,公寓(5樓含以下無電梯),住家用,,32.1,2,1,1,有,無,4200000,130841.0,,0.0,0,其他增建；,RPPOMLPKJIIGFBA17DA,32.1,0.0,0.0,無,,
中山區,房地(土地+建物),松江路３３０巷２４號三樓,38.25,住,,,1121021,土地1建物1車位0,三層,四層,公寓(5樓含以下無電梯),住家用,0640718,105.39,3,2,1,有,無,21400000,203055.0,,0.0,0,其他增建；,RPUNMLOLJIIGFCA67DA,91.13,0.0,14.26,無,,48.0
中山區,房地(土地+建物)+車位,明水路４７９號十樓,47.7,住,,,1121030,土地1建物1車位3,十層,十二層,住宅大樓(11層含以上有電梯),住家用,0840718,273.9,4,2,2,有,有,55880000,315043.0,坡道平面,106.05,3000000,,RPOOMLRLJIIGFCA47DA,233.94,3.51,14.8,有,,28.0
南港區,房地(土地+建物),南深路２３巷１２弄３號二樓,43.6,住,,,1121016,土地1建物1車位0,二層,四層,公寓(5樓含以下無電梯),住家用,0700331,89.55,3,2,1,有,無,12000000,134003.0,,0.0,0,,RPXNMLQLIIIGFDA18DA,80.22,0.0,9.33,無,,43.0
信義區,房地(土地+建物),中坡南路１６６號二樓,27.1,住,,,1121021,土地11建物1車位0,二層,五層,公寓(5樓含以下無電梯),住家用,0680606,93.36,4,2,2,有,無,18200000,194944.0,,0.0,0,陽台外推；,RPWNMLSJJIIGFDA18DA,79.87,0.0,13.49,無,,44.0
信義區,房地(土地+建物)+車位,松勇路５３巷６８號六樓,75.28,住,,,1121028,土地1建物2車位2,六層,十八層,住宅大樓(11層含以上有電梯),住家用,0950315,328.89,6,2,3,有,有,110500000,447681.0,坡道平面,104.4,10000000,其他增建；,RPRNMLKMJIIGFDA17DA,132.03,0.0,17.46,有,,18.0
北投區,房地(土地+建物)+車位,東華街二段２６號三樓,26.9,住,,,1121009,土地1建物1車位1,三層,十二層,住宅大樓(11層含以上有電梯),住家用,1020923,193.26,3,2,2,有,有,37120000,237034.0,升降平面,43.83,1700000,其他增建；,RPSOMLQKIIIGFEA77DA,82.25,9.27,7.08,有,826.0,10.0
士林區,房地(土地+建物)+車位,芝玉路一段２２６號十四樓,59.41,住,,,1121020,土地1建物1車位1,十四層,十八層,住宅大樓(11層含以上有電梯),住家用,0971112,274.53,3,2,3,有,有,65280000,237788.0,坡道平面,33.21,0,,RPOOMLLJJIIGFEA86DA,152.37,3.79,13.1,有,,15.0
士林區,房地(土地+建物)+車位,天玉街３８巷１２號二樓之２,26.9,住,,,1121023,土地1建物1車位1,二層,十一層,住宅大樓(11層含以上有電梯),住家用,0860414,98.49,3,2,2,有,有,19300000,195959.0,升降機械,11.74,0,陽台外推；夾層；其他增建；,RPVNMLQKJIIGFEA08DA,31.88,27.94,4.01,有,,27.0
大安區,房地(土地+建物)+車位,敦化南路一段１６１巷７０號十二樓之１,10.33,住,,,1121016,土地1建物1車位1,十二層,十四層,住宅大樓(11層含以上有電梯),住家用,1090817,110.04,0,1,1,有,有,32580000,423847.0,坡道平面,42.61,4000000,,RPSNMLRLIIIGFFA97DA,37.56,3.7,2.88,有,827.0,3.0
大安區,房地(土地+建物)+車位,金華街８０號四樓,56.4,住,,,1121031,土地1建物1車位6,四層,十一層,住宅大樓(11層含以上有電梯),住家用,0980910,380.98,3,2,3,有,有,103900000,327910.0,坡道機械,100.72,12000000,,RPXNMLNKJIIGFFA08DA,157.58,15.52,17.36,有,828.0,14.0
大安區,房地(土地+建物),大安路一段１６巷３之１號三樓,12.03,住,,,1121028,土地1建物1車位0,三層,七層,華廈(10層含以下有電梯),住家用,0730216,61.42,1,1,1,有,有,19800000,322371.0,,0.0,0,陽台外推；其他增建；,RPPOMLRKJIIGFFA77DA,47.67,0.0,5.64,有,829.0,40.0
大安區,房地(土地+建物),泰順街４０巷２１之１號,18.68,住,,,1121014,土地1建物1車位0,一層,六層,華廈(10層含以下有電梯),住家用,0980402,77.24,2,2,1,有,有,24380000,315640.0,,0.0,0,陽台外推；其他增建；,RPPOMLKLJIIGFFA17DA,35.41,2.58,7.84,有,,15.0
大安區,房地(土地+建物),通安街１６２號三樓,67.25,住,,,1121012,土地1建物1車位0,三層,四層,公寓(5樓含以下無電梯),住家用,0630626,169.07,4,2,2,有,無,39800000,235405.0,,0.0,0,,RPVNMLKMJIIGFFA77DA,142.76,0.0,26.31,無,,49.0
文山區,房地(土地+建物)+車位,汀州路四段２５３號三樓,38.0,住,,,1121021,土地1建物1車位1,三層,十四層,住宅大樓(11層含以上有電梯),住家用,0991104,192.24,3,2,2,有,有,37500000,195069.0,坡道平面,0.0,0,,RPPNMLMLIIIGFAA66DA,102.87,0.0,11.67,有,,13.0
文山區,房地(土地+建物),景華街１２８巷４８號五樓,30.32,住,,,1121024,土地1建物1車位0,五層,五層,公寓(5樓含以下無電梯),住家用,0720902,109.14,3,2,2,有,有,12880000,118014.0,,0.0,0,其他增建；,RPVNMLLJJIIGFAA07DA,95.9,0.0,13.24,無,,40.0
文山區,房地(土地+建物)+車位,政大二街２１５巷１２號九樓,71.25,住,,,1121029,土地1建物1車位1,九層,九層,華廈(10層含以下有電梯),住家用,0920609,138.03,3,2,2,有,有,18880000,136782.0,坡道平面,0.0,0,夾層；其他增建；,RPPOMLKKJIIGFAA56DA,77.05,0.0,7.15,有,,20.0
文山區,房地(土地+建物)+車位,木柵路四段１４１號七樓之６,41.07,住,,,1121030,土地2建物1車位1,七層,十九層,住宅大樓(11層含以上有電梯),住家用,1000214,151.91,3,2,2,有,有,32000000,224981.0,坡道平面,23.01,3000000,,RPTNMLNKJIIGFAA17DA,80.6,5.41,5.79,有,,13.0
內湖區,房地(土地+建物),內湖路三段５９巷７弄７號五樓,13.78,住,,,1121019,土地1建物1車位0,五層，走廊,五層,公寓(5樓含以下無電梯),住家用,0680717,49.06,5,0,5,有,無,9900000,201794.0,,0.0,0,陽台外推；頂樓加蓋；,RPWNMLKKJIIGFCA37DA,47.26,0.0,1.8,無,832.0,44.0
內湖區,房地(土地+建物),內湖路三段７２巷６１號十五樓之３,17.43,住,,,1121025,土地1建物1車位0,十五層,二十層,住宅大樓(11層含以上有電梯),住家用,0830729,81.9,2,2,1,有,有,17400000,212454.0,,0.0,0,其他增建；,RPRNMLTKJIIGFCA77DA,63.52,2.17,7.04,有,,29.0
中山區,房地(土地+建物)+車位,建國北路一段７１號八樓,22.47,住,,,1121002,土地2建物1車位2,八層,十二層,住宅大樓(11層含以上有電梯),住家用,0731231,222.92,4,2,2,有,有,42000000,188408.0,坡道平面,0.0,5000000,陽台外推；其他增建；,RPTNMLMLJIIGFCA37DA,189.97,3.45,14.9,有,,39.0
信義區,房地(土地+建物)+車位,和平東路三段３１１號六樓,42.5,住,,,1121028,土地2建物1車位1,六層，電梯樓梯間,十二層,住宅大樓(11層含以上有電梯),住家用,0870805,148.62,3,2,2,有,有,36680000,246804.0,坡道平面,0.0,0,其他增建；,RPROMLPKJIIGFDA57DA,96.19,2.15,12.2,有,,25.0
信義區,房地(土地+建物),忠孝東路五段３１巷１８弄２９號四樓,37.65,住,,,1121005,土地1建物1車位0,四層,五層,公寓(5樓含以下無電梯),住家用,0710608,113.7,4,2,1,有,無,26880000,236412.0,,0.0,0,其他增建；,RPXNMLTLJIIGFDA58DA,88.2,0.0,14.92,無,,41.0
南港區,房地(土地+建物)+車位,昆陽街１７７號七樓,54.63,住,,,1121012,土地1建物1車位6,七層,十七層,住宅大樓(11層含以上有電梯),住家用,1050908,459.09,3,2,3,有,有,116000000,352626.0,坡道平面,164.16,12000000,,RPPPMLOJKIIGFDA37DA,174.66,6.19,13.84,有,840.0,7.0
士林區,房地(土地+建物),德行東路３５８巷２４弄４號四樓,54.18,住,,,1121010,土地1建物1車位0,四層，五層，屋頂突出物，夾層,五層,公寓(5樓含以下無電梯),住家用,0770309,174.36999999999998,5,2,3,有,有,27000000,154843.0,,0.0,0,其他增建：頂樓、露臺、陽台。其他增建；,RPWNMLKMIIIGFEA67DA,145.45,8.14,9.36,無,,36.0
北投區,房地(土地+建物),公路２０９巷１６弄８號,32.82,住,,,1121026,土地1建物1車位0,一層,四層,公寓(5樓含以下無電梯),住家用,0720401,109.86,2,2,2,有,無,15200000,138358.0,,0.0,0,其他增建；,RPTNMLNKJIIGFEA57DA,80.64,16.5,0.0,無,,41.0
士林區,房地(土地+建物),文林路７６５號七樓之４,13.49,住,,,1121015,土地1建物1車位0,七層,十一層,住宅大樓(11層含以上有電梯),住家用,0700204,122.46,2,2,2,有,有,23000000,187816.0,,0.0,0,陽台外推；其他增建；,RPXNMLOKJIIGFEA08DA,93.74,0.0,10.45,有,841.0,43.0
士林區,房地(土地+建物),重慶北路四段４９巷６０號,23.33,住,,,1121025,土地1建物1車位0,一層,三層,公寓(5樓含以下無電梯),住家用,0590513,54.24,1,1,1,有,無,12500000,230457.0,,0.0,0,其他增建；,RPRNMLKMJIIGFEA27DA,54.24,0.0,0.0,無,842.0,53.0
北投區,房地(土地+建物),義方街２５號四樓,34.0,住,,,1121010,土地2建物1車位0,四層,四層,公寓(5樓含以下無電梯),住家用,0630711,82.8,3,2,2,有,無,12000000,144928.0,,0.0,0,,RPTNMLOJKIIGFEA67DA,82.8,0.0,0.0,無,843.0,49.0
北投區,房地(土地+建物)+車位,大業路４５６號十一樓,22.36,住,,,1121025,土地3建物1車位2,十一層，電梯樓梯間,十九層,住宅大樓(11層含以上有電梯),住家用,0860111,206.85,3,2,2,有,有,39515000,191032.0,坡道平面,0.0,5000000,,RPWNMLOJKIIGFEA97DA,107.76,3.21,14.33,有,,27.0
大安區,房地(土地+建物),敦化南路二段１５２號十樓,13.54,住,,,1121021,土地2建物1車位0,十層,十九層,住宅大樓(11層含以上有電梯),住家用,0740417,135.07,3,2,2,有,有,37680000,278966.0,,0.0,0,其他增建；,RPVNMLRJJIIGFFA18DA,80.32,0.0,12.22,有,,39.0
大安區,房地(土地+建物),復興南路二段７８巷３０弄３號二樓,26.72,住,,,1121024,土地1建物1車位0,二層,十六層,住宅大樓(11層含以上有電梯),住家用,0761105,161.0,3,2,2,有,有,50060000,310932.0,,0.0,0,陽台外推；,RPSNMLNKJIIGFFA57DA,107.28,1.06,16.7,有,844.0,36.0
大安區,房地(土地+建物),基隆路三段６號三樓之１,22.64,住,,,1121029,土地3建物1車位0,三層,七層,華廈(10層含以下有電梯),住家用,0720110,132.26,3,2,2,有,有,31280000,236504.0,,0.0,0,其他增建；,RPSNMLOKJIIGFFA67DA,91.52,0.0,22.02,有,,41.0
大安區,房地(土地+建物),雲和街６１之１號五樓,24.5,住,,,1121023,土地2建物1車位0,五層,五層,公寓(5樓含以下無電梯),住家用,0680915,85.05,3,2,1,有,無,21680000,254909.0,,0.0,0,頂樓加蓋；其他增建；,RPSNMLRKJIIGFFA97DA,75.31,0.0,9.74,無,,44.0
信義區,房地(土地+建物),松信路１５１號四樓,24.94,住,,,1121019,土地1建物1車位0,四層,七層,華廈(10層含以下有電梯),住家用,0690112,142.0,4,2,1,有,無,29000000,204225.0,,0.0,0,,RPQNMLLJKIIGFDA07EA,103.17,0.0,23.71,有,,44.0
北投區,房地(土地+建物),天母西路１１７巷５０號六樓,72.64,住,,,1121020,土地1建物1車位0,六層,八層,華廈(10層含以下有電梯),住家用,1010817,285.88,4,2,2,有,有,62000000,216874.0,,0.0,0,,RPQNMLPJKIIGFEA57EA,157.12,7.7,29.98,有,,11.0
文山區,房地(土地+建物),政大二街２６０巷４３號三樓,25.81,住,,,1121028,土地1建物1車位0,三層,五層,華廈(10層含以下有電梯),住家用,0990730,52.81,1,1,1,有,有,10300000,195039.0,,0.0,0,,RPOPMLKLJIIGFAA66DA,27.22,1.39,4.77,有,847.0,13.0
大同區,房地(土地+建物),酒泉街１８９號三樓,29.25,住,,,1121007,土地1建物1車位0,三層，陽臺,四層,公寓(5樓含以下無電梯),住家用,0600603,90.69,3,2,1,有,無,16500000,181938.0,,0.0,0,陽台外推；,RPOOMLQJJIIGFBA07DA,90.69,0.0,0.0,無,849.0,52.0
萬華區,房地(土地+建物),青年路１６８巷４９弄１４號四樓,11.14,住,,,1121016,土地1建物1車位0,四層,五層,公寓(5樓含以下無電梯),住家用,0640523,38.37,2,1,1,有,無,5500000,143341.0,,0.0,0,其他增建；,RPVNMLRKJIIGFBA87DA,32.51,0.0,0.0,無,,48.0
萬華區,房地(土地+建物),中華路二段５３０號七樓,12.4,住,,,1121022,土地1建物1車位0,七層,十二層,住宅大樓(11層含以上有電梯),住家用,0680403,46.08,2,1,1,有,有,9800000,212674.0,,0.0,0,陽台外推；其他增建；,RPWNMLSLJIIGFBA18DA,38.94,0.0,7.14,有,,45.0
內湖區,房地(土地+建物),康寧路一段１９５巷２弄７號五樓,44.48,住,,,1121006,土地1建物1車位0,五層,五層,公寓(5樓含以下無電梯),住家用,0780808,108.26,3,2,2,有,無,16660000,153889.0,,0.0,0,其他增建；,RPUNMLNKJIIGFCA47DA,91.31,0.36,10.06,無,,34.0
中山區,房地(土地+建物),龍江路４５巷１７號二樓,26.24,住,,,1121027,土地1建物1車位0,二層,七層,華廈(10層含以下有電梯),住家用,0711029,142.61,4,2,2,有,無,31750000,222635.0,,0.0,0,陽台外推；其他增建；,RPRNMLOKJIIGFCA27DA,117.29,0.0,19.15,有,,41.0
內湖區,房地(土地+建物),成功路二段４２６巷７弄６號五樓,34.29,住,,,1121026,土地1建物1車位0,五層,五層,公寓(5樓含以下無電梯),住家用,0750224,108.58,3,2,2,有,無,13000000,119727.0,,0.0,0,頂樓加蓋；,RPRPMLLJKIIGFCA17DA,77.79,8.25,12.43,無,,38.0
中山區,房地(土地+建物)+車位,民權東路二段７１巷８號六樓,12.56,,,,1121021,土地1建物1車位1,六層,十五層,住宅大樓(11層含以上有電梯),住家用,1120203,103.93,3,1,1,有,有,33300000,308283.0,塔式車位,2.4,2000000,,RPQNMLOJKIIGFCA17DA,59.47,0.0,4.99,有,,1.0
內湖區,房地(土地+建物),內湖路一段６２９巷１２弄１３號五樓,27.42,住,,,1121029,土地1建物1車位0,五層,五層,公寓(5樓含以下無電梯),住家用,0701015,96.77,3,2,2,有,無,19200000,198409.0,,0.0,0,頂樓加蓋；其他增建；,RPUNMLPJKIIGFCA67DA,83.01,0.0,13.76,無,,42.0
南港區,房地(土地+建物),研究院路二段１５４號二樓,30.5,住,,,1121005,土地1建物1車位0,二層，陽臺,四層,公寓(5樓含以下無電梯),住家用,0611129,81.07,3,1,1,有,無,10900000,134452.0,,0.0,0,,RPTOMLTJJIIGFDA08DA,81.07,0.0,0.0,無,,51.0
北投區,房地(土地+建物),石牌路一段１６６巷１１１號五樓,19.0,住,,,1121021,土地2建物1車位0,五層,五層,公寓(5樓含以下無電梯),住家用,0691205,65.19,2,2,1,有,無,13450000,206320.0,,0.0,0,頂樓加蓋；其他增建；,RPRNMLKKJIIGFEA07DA,48.91,11.44,4.84,無,852.0,43.0
北投區,房地(土地+建物),中和街４１０號四樓,39.83,住,,,1121022,土地3建物1車位0,四層,四層,公寓(5樓含以下無電梯),住家用,0660214,105.21,5,4,3,有,無,11360000,107975.0,,0.0,0,陽台外推；頂樓加蓋；,RPQNMLOJKIIGFEA37DA,99.54,0.0,5.67,無,,47.0
北投區,房地(土地+建物)+車位,稻香路１６１巷１６弄８之５號三樓,66.96,住,,,1121005,土地1建物1車位1,三層,五層,華廈(10層含以下有電梯),住家用,1100902,157.47,3,2,2,有,有,25380000,190710.0,坡道平面,35.4,2100000,含裝潢設備及家電,RPPNMLQJKIIGFEA47DA,69.99,3.61,5.92,有,,2.0
北投區,房地(土地+建物),泉源路３９之４３號四樓,8.26,住,,,1121029,土地2建物1車位0,四層,十一層,住宅大樓(11層含以上有電梯),住家用,0740117,58.5,2,1,1,有,有,6200000,105983.0,,0.0,0,陽台外推；,RPXNMLQJKIIGFEA28DA,39.79,0.0,10.55,有,,39.0
大安區,房地(土地+建物),敦化南路二段１５４巷３號十七樓,13.59,住,,,1121027,土地2建物1車位0,十七層,十九層,住宅大樓(11層含以上有電梯),住家用,0740417,137.71,2,2,1,有,有,38330000,278339.0,,0.0,0,陽台外推；其他增建；,RPSNMLTLJIIGFFA28DA,80.57,0.0,13.83,有,,39.0
中山區,房地(土地+建物),吉林路２４號七樓之４,8.57,住,,,1120901,土地1建物1車位0,七層,十二層,住宅大樓(11層含以上有電梯),住家用,0661227,74.66,0,0,0,無,有,16300000,218323.0,,0.0,0,,RPVOMLSJRHIGFCA78DA,60.72,0.0,0.0,有,861.0,46.0
南港區,房地(土地+建物),東新街１１８巷８７號六樓,18.27,住,,,1120904,土地3建物1車位0,六層,十一層,住宅大樓(11層含以上有電梯),住家用,1010314,89.38,3,1,2,有,有,26380000,295144.0,,0.0,0,其他增建；,RPWOMLLKQHIGFDA38EA,58.66,0.0,10.23,有,863.0,11.0
中正區,房地(土地+建物),師大路２０８號五樓,20.32,住,,,1120902,土地3建物1車位0,五層,十四層,住宅大樓(11層含以上有電梯),住家用,1010824,138.41,3,2,2,有,有,32000000,231197.0,,0.0,0,,RPPNMLOKRHIGFAA57DA,80.32,8.16,8.22,有,881.0,11.0
中正區,房地(土地+建物)+車位,汀州路二段９３號二樓,13.92,住,,,1120901,土地1建物1車位1,二層,十一層,住宅大樓(11層含以上有電梯),住家用,1030123,85.39,1,1,1,有,有,17080000,200000.0,升降機械,19.49,0,,RPQNMLOKRHIGFAA67DA,36.73,1.17,3.98,有,891.0,10.0
松山區,房地(土地+建物),光復南路４６巷４３之１號三樓,27.5,住,,,1120901,土地1建物1車位0,三層,四層,公寓(5樓含以下無電梯),住家用,0570926,73.53,2,1,1,有,無,17000000,231198.0,,0.0,0,其他增建；,RPUNMLLKRHIGFDA08DA,73.53,0.0,0.0,無,,55.0
大安區,房地(土地+建物),和平東路二段２６５巷２５弄６號八樓,25.33,住,,,1120904,土地1建物1車位0,八層,十七層,住宅大樓(11層含以上有電梯),住家用,0740522,129.25,3,2,2,有,有,32000000,247601.0,,0.0,0,,RPPNMLPKRHIGFFA28EA,97.03,1.8,9.07,有,,38.0
士林區,房地(土地+建物),葫東街１７巷１４號,12.0,住,,,1120912,土地1建物1車位0,二層,二層,公寓(5樓含以下無電梯),住家用,0560310,22.64,3,2,1,有,無,3200000,141343.0,,0.0,0,內梯增建頂樓加蓋；其他增建；,RPPNMLTKRHIGFEA58EA,22.64,0.0,0.0,無,904.0,57.0
信義區,房地(土地+建物),信義路五段１５０巷１０號十七樓之３,18.59,住,,,1120908,土地1建物1車位0,十七層，電梯樓梯間,三十層,住宅大樓(11層含以上有電梯),住家用,0861024,138.99,2,2,2,有,有,37850000,272322.0,,0.0,0,,RPPOMLLKRHIGFDA67DA,109.11,1.69,12.94,有,,26.0
士林區,房地(土地+建物),基河路１２８號十一樓之５,7.22,住,,,1120904,土地1建物1車位0,十一層,十一層,住宅大樓(11層含以上有電梯),住家用,0850916,26.84,1,1,1,有,有,5700000,212370.0,,0.0,0,陽台外推；,RPQOMLRJRHIGFEA38DA,15.28,0.0,3.01,有,,27.0
內湖區,房地(土地+建物),康寧路三段７５巷１８６弄９７號五樓,79.9,住,,,1120902,土地1建物1車位0,五層,六層,華廈(10層含以下有電梯),住家用,0900817,146.01,3,2,2,有,有,23000000,157523.0,,0.0,0,,RPTOMLOJRHIGFCA18DA,82.99,2.59,11.58,有,,22.0
南港區,房地(土地+建物),研究院路二段１８４之３號四樓,26.62,住,,,1120904,土地1建物1車位0,四層,五層,公寓(5樓含以下無電梯),住家用,0701231,101.99,3,2,1,有,無,10800000,105893.0,,0.0,0,,RPPOMLQJRHIGFDA08DA,80.06,0.0,14.52,無,,42.0
內湖區,房地(土地+建物),康寧路三段７５巷２號四樓,54.63,住,,,1120911,土地2建物1車位0,四層,六層,華廈(10層含以下有電梯),住家用,0830328,121.07,3,2,2,有,有,23680000,195589.0,,0.0,0,其他增建；,RPROMLKLRHIGFCA77DA,84.46,4.27,8.88,有,,29.0
信義區,房地(土地+建物),忠孝東路五段７９０巷４７弄６號二樓,33.25,住,,,1120902,土地2建物1車位0,二層,四層,公寓(5樓含以下無電梯),住家用,0581111,67.34,2,2,1,有,無,15000000,222750.0,,0.0,0,其他增建；,RPXNMLTKRHIGFDA56DA,67.34,0.0,0.0,無,,54.0
信義區,房地(土地+建物),忠孝東路五段２３６巷５５號六樓之６,13.06,住,,,1120903,土地1建物1車位0,六層,十一層,住宅大樓(11層含以上有電梯),住家用,0860610,40.14,2,1,1,有,有,15500000,386148.0,,0.0,0,陽台外推；夾層；,RPWNMLLLRHIGFDA38DA,23.87,1.14,4.4,有,947.0,26.0
文山區,房地(土地+建物),福興路６３巷４弄８號,21.58,住,,,1120908,土地1建物1車位0,一層，平台,四層,公寓(5樓含以下無電梯),住家用,0641204,64.81,2,2,1,有,無,11500000,177442.0,,0.0,0,,RPPNMLNLRHIGFAA67EA,64.81,0.0,0.0,無,958.0,48.0
南港區,房地(土地+建物),中坡北路６０巷１６號四樓,4.92,住,,,1120915,土地1建物1車位0,四層，陽臺,四層,公寓(5樓含以下無電梯),住家用,0611108,14.56,3,2,1,有,無,1665000,114354.0,,0.0,0,,RPSNMLMLRHIGFDA18EA,14.56,0.0,0.0,無,,51.0
大安區,房地(土地+建物),和平東路二段３１１巷４３弄２５號八樓,21.05,住,,,1120906,土地1建物1車位0,八層,十九層,住宅大樓(11層含以上有電梯),住家用,0740522,109.24,3,2,1,有,有,28000000,256316.0,,0.0,0,,RPQNMLLLRHIGFFA08EA,82.05,1.56,7.76,有,,38.0
文山區,房地(土地+建物),福興路４１號三樓,27.5,住,,,1120906,土地1建物1車位0,三層，陽台,四層,公寓(5樓含以下無電梯),住家用,0650825,84.55,4,0,4,有,無,11600000,137197.0,,0.0,0,,RPRNMLNLRHIGFAA77DA,84.55,0.0,0.0,無,964.0,47.0
內湖區,房地(土地+建物),內湖路二段１０３巷９２弄６號三樓之２,27.26,住,,,1120912,土地2建物1車位0,三層,五層,華廈(10層含以下有電梯),住家用,1120216,57.1,1,0,1,有,無,17380000,304378.0,,0.0,0,,RPSOMLMLRHIGFCA08DA,27.76,4.48,2.94,有,,1.0
內湖區,房地(土地+建物),內湖路二段１０３巷９２弄６號四樓之２,27.26,住,,,1120912,土地2建物1車位0,四層,五層,華廈(10層含以下有電梯),住家用,1120216,57.1,1,0,1,有,無,17380000,304378.0,,0.0,0,,SPSOMLMLRHIGFCA18DA,27.76,4.48,2.94,有,,1.0
內湖區,房地(土地+建物),內湖路二段１０３巷９２弄１０號四樓之３,26.89,住,,,1120912,土地2建物1車位0,四層,五層,華廈(10層含以下有電梯),住家用,1120216,55.68,1,0,1,有,無,16880000,303161.0,,0.0,0,,TPSOMLMLRHIGFCA28DA,27.39,4.63,2.94,有,,1.0
內湖區,房地(土地+建物),內湖路二段１０３巷９２弄１０號四樓之１,27.22,住,,,1120912,土地2建物1車位0,四層,五層,華廈(10層含以下有電梯),住家用,1120216,57.74,1,0,1,有,無,17480000,302736.0,,0.0,0,,UPSOMLMLRHIGFCA38DA,27.73,6.11,2.94,有,,1.0
內湖區,房地(土地+建物),內湖路二段１０３巷９２弄１０號四樓,25.53,住,,,1120912,土地2建物1車位0,四層,五層,華廈(10層含以下有電梯),住家用,1120216,54.31999999999999,1,0,1,有,無,16380000,301546.0,,0.0,0,,VPSOMLMLRHIGFCA48DA,26.02,5.55,2.94,有,,1.0
內湖區,房地(土地+建物),內湖路二段１０３巷９２弄１２號,27.19,住,,,1120912,土地2建物1車位0,一層,五層,華廈(10層含以下有電梯),住家用,1120216,51.85,1,0,1,有,無,17280000,333269.0,,0.0,0,,WPSOMLMLRHIGFCA58DA,27.7,3.19,0.0,有,,1.0
南港區,房地(土地+建物)+車位,三重路４１巷１９號十一樓,23.72,住,,,1120904,土地1建物1車位1,十一層,十三層,住宅大樓(11層含以上有電梯),住家用,1111129,177.07999999999998,2,2,2,有,有,42000000,293043.0,坡道平面,42.97,2700000,,RPWOMLSJRHIGFDA98DA,79.31,0.0,7.25,有,973.0,1.0
北投區,房地(土地+建物)+車位,溫泉路３２號六樓之３,43.39,住,,,1120903,土地1建物1車位2,六層,十三層,住宅大樓(11層含以上有電梯),住家用,0990329,269.23,3,2,2,有,有,38000000,172370.0,坡道平面,71.98,4000000,陽台外推；,RPOOMLMLRHIGFEA87DA,113.31,4.08,14.39,有,,13.0
北投區,房地(土地+建物),知行路２９２巷１５弄２號二樓,25.13,住,,,1120911,土地3建物1車位0,二層,五層,公寓(5樓含以下無電梯),住家用,0731127,97.66,3,1,1,有,有,15600000,159738.0,,0.0,0,具重建或重劃、都更等效益；,RPRNMLNLRHIGFEA28EA,83.28,0.0,10.56,無,,39.0
中山區,房地(土地+建物),新生北路二段１３３巷５７號四樓,35.75,住,,,1120903,土地1建物1車位0,四層,四層,公寓(5樓含以下無電梯),住家用,0570807,118.87,3,2,2,有,無,22600000,190124.0,,0.0,0,頂樓加蓋；其他增建；,RPVOMLMKRHIGFCA28DA,118.87,0.0,0.0,無,988.0,55.0
信義區,房地(土地+建物),信義路五段１５０巷３３０號二樓之５,6.63,住,,,1120908,土地1建物1車位0,二層,十三層,住宅大樓(11層含以上有電梯),住家用,0980408,47.83,1,1,1,有,有,11880000,248380.0,,0.0,0,陽台外推；,RPQOMLMKRHIGFDA87DA,21.28,4.26,3.85,有,993.0,14.0
北投區,房地(土地+建物)+車位,關渡路４８號二十七樓,51.71,住,,,1120908,土地2建物1車位2,二十七層,二十七層,住宅大樓(11層含以上有電梯),住家用,1010810,475.99,3,2,4,有,有,99000000,207988.0,坡道平面,90.98,0,陽台外推；其他增建；,RPUNMLMKRHIGFEA28DA,214.04,25.55,24.14,有,999.0,11.0
士林區,房地(土地+建物)+車位,德行東路３５８巷８弄５號四樓,51.85,住,,,1120901,土地1建物1車位1,四層，五層，夾層,五層,公寓(5樓含以下無電梯),住家用,0770423,171.28,4,2,3,有,有,21360000,124708.0,坡道平面,0.0,2000000,陽台外推；頂樓加蓋；夾層；,RPVNMLQLRHIGFEA98EA,137.11,13.52,6.56,無,,35.0
士林區,房地(土地+建物),葫蘆街３０巷１８號三樓,21.75,住,,,1120903,土地2建物1車位0,三層,四層,公寓(5樓含以下無電梯),住家用,0600608,62.9,2,2,1,有,無,9000000,143084.0,,0.0,0,鐵鋁窗增建其他增建；,RPUNMLRLRHIGFEA98EA,52.38,0.0,10.52,無,1012.0,52.0
文山區,房地(土地+建物)+車位,指南路三段７９號三樓,33.33,住,,,1120902,土地1建物1車位1,三層,十一層,住宅大樓(11層含以上有電梯),住家用,1030513,182.85,3,2,2,有,有,27080000,167519.0,坡道平面,36.12,2500000,夾層；其他增建；,RPUNMLPKRHIGFAA18DA,88.0,10.08,6.25,有,1014.0,9.0
信義區,房地(土地+建物),光復南路４１９巷１５１號七樓,5.28,住,,,1120911,土地1建物1車位0,七層,七層,華廈(10層含以下有電梯),住家用,0890526,35.65,1,1,1,有,無,10250000,287518.0,,0.0,0,陽台外推；其他增建；,RPPNMLRKRHIGFDA18DA,11.14,0.0,8.19,有,,23.0
北投區,房地(土地+建物),中和街４５５巷１１弄１７號,103.0,住,,,1120903,土地3建物1車位0,全,二層,透天厝,住家用,0620519,99.4,5,3,2,有,無,26800000,269618.0,,0.0,0,頂樓加蓋；其他增建；,RPXNMLNKRHIGFEA68DA,99.4,0.0,0.0,無,,50.0
北投區,房地(土地+建物),公路４２３巷１７號二樓,36.6,住,,,1120906,土地1建物1車位0,二層,十一層,住宅大樓(11層含以上有電梯),住家用,0820511,118.33,3,2,2,有,有,21900000,185076.0,,0.0,0,,RPQPMLRLRHIGFEA68DA,82.53,0.45,9.68,有,,30.0
文山區,房地(土地+建物),興隆路三段１８５巷７弄１０號五樓,25.98,住,,,1120918,土地7建物1車位0,五層,五層,公寓(5樓含以下無電梯),住家用,0720823,86.72999999999999,2,1,1,有,有,8800000,101464.0,,0.0,0,,RPPNMLRLRHIGFAA08EA,64.8,0.0,13.91,無,,40.0
松山區,房地(土地+建物),敦化北路１４５巷２３弄３號二樓之１,15.75,住,,,1120916,土地1建物1車位0,二層,七層,華廈(10層含以下有電梯),住家用,1100315,68.28,1,1,1,有,有,27680000,405390.0,,0.0,0,,RPROMLSLQHIGFDA68EA,33.12,0.0,3.31,有,,3.0
南港區,房地(土地+建物),向陽路２５８巷５號十四樓,20.81,住,,,1120903,土地1建物1車位0,十四層,十五層,住宅大樓(11層含以上有電梯),住家用,0950803,88.4,2,2,1,有,有,23600000,266968.0,,0.0,0,,RPVNMLNKRHIGFDA38DA,54.94,3.44,5.96,有,,17.0
南港區,房地(土地+建物),松河街７７０號五樓之２,10.37,住,,,1120901,土地1建物1車位0,五層,七層,華廈(10層含以下有電梯),住家用,0981207,38.66,1,1,1,有,有,9300000,240559.0,,0.0,0,,RPOPMLPKRHIGFDA08DA,20.9,3.45,0.0,有,1023.0,14.0
中山區,房地(土地+建物)+車位,民生東路二段１１５巷１２號二樓,20.68,住,,,1120922,土地1建物1車位1,二層,十三層,住宅大樓(11層含以上有電梯),住家用,1101201,156.93,3,1,2,有,有,38050000,242465.0,坡道平面,0.0,0,政府機關標讓售；,RPRNMLSLRHIGFCA58EA,75.17,1.26,8.31,有,,2.0
中山區,房地(土地+建物)+車位,民生東路二段１１５巷１２號五樓,20.68,住,,,1120922,土地1建物1車位1,五層,十三層,住宅大樓(11層含以上有電梯),住家用,1101201,156.8,3,1,2,有,有,39650000,252870.0,坡道平面,0.0,0,政府機關標讓售；,RPSNMLSLRHIGFCA68EA,75.17,1.26,8.31,有,,2.0
信義區,房地(土地+建物)+車位,忠孝東路五段７４３巷２９號七樓,41.36,住,,,1120922,土地1建物1車位1,七層,十層,華廈(10層含以下有電梯),住家用,0990503,204.41,3,2,2,有,有,50200000,245585.0,坡道平面,0.0,0,,RPUOMLSLQHIGFDA98EA,110.25,2.89,12.05,有,,13.0
士林區,房地(土地+建物),至善路一段１３８巷５２弄１３號,31.0,,,,1120925,土地1建物1車位0,全,一層,透天厝,住家用,0550530,25.95,1,1,1,有,無,1936400,74620.0,,0.0,0,,RPSNMLSLRHIGFEA88EA,25.95,0.0,0.0,無,,57.0
文山區,房地(土地+建物)+車位,木新路二段１０６號,22.7,住,,,1120917,土地1建物1車位1,一層,五層,華廈(10層含以下有電梯),住家用,1100924,107.87,2,1,2,有,無,20850000,212967.0,升降機械,17.95,1700000,,RPPNMLNJIIIGFAA56DA,48.64,0.0,3.13,有,,2.0
內湖區,房地(土地+建物),內湖路三段１６３巷８弄１３號三樓,27.2,住,,,1120916,土地1建物1車位0,三層,五層,公寓(5樓含以下無電梯),住家用,0661219,92.69,5,0,5,有,無,15100000,162909.0,,0.0,0,陽台外推；其他增建；,RPROMLLLRHIGFCA87DA,78.38,0.0,14.31,無,1029.0,46.0
內湖區,房地(土地+建物)+車位,康寧路三段７５巷２４弄８號四樓,50.0,住,,,1120902,土地1建物1車位1,四層,四層,公寓(5樓含以下無電梯),住家用,0820330,113.88,3,2,1,有,無,17580000,154373.0,坡道平面,0.0,0,,RPSOMLSLRHIGFCA68DA,98.16,3.74,6.75,無,,30.0
南港區,房地(土地+建物)+車位,街４２號四樓之１,22.36,住,,,1120903,土地1建物1車位1,四層,十二層,住宅大樓(11層含以上有電梯),住家用,1000414,167.65,2,2,2,有,有,39500000,276573.0,坡道平面,33.87,2500000,陽台外推；,RPTNMLRJRHIGFDA48DA,77.37,7.57,8.18,有,,12.0
松山區,房地(土地+建物),南京東路三段３３５巷２３號七樓之２７,4.78,住,,,1120905,土地3建物1車位0,七層,七層,華廈(10層含以下有電梯),住家用,0740819,29.43,1,1,1,有,有,9600000,326198.0,,0.0,0,,RPRNMLTJRHIGFDA48DA,15.9,0.0,3.27,有,,38.0
南港區,房地(土地+建物)+車位,街３２號二樓之１,33.2,住,,,1120909,土地1建物1車位2,二層,十一層,住宅大樓(11層含以上有電梯),住家用,1020521,244.26,4,2,2,有,有,54780000,227993.0,坡道平面,25.92,5000000,含租約；,RPUOMLNKRHIGFDA38DA,103.16,8.17,10.56,有,1031.0,10.0
信義區,房地(土地+建物),永吉路１８７巷６弄１之２號五樓,26.8,住,,,1120910,土地1建物1車位0,五層,五層,公寓(5樓含以下無電梯),住家用,0721104,86.56,3,2,2,有,無,17880000,206562.0,,0.0,0,頂樓有做棚子,RPSOMLMJIIIGFDA17DA,78.29,0.0,8.27,無,1035.0,40.0
北投區,房地(土地+建物),公路１３０巷１弄７號三樓,29.75,住,,,1120907,土地1建物1車位0,三層，陽臺,四層,公寓(5樓含以下無電梯),住家用,0650212,84.66,2,1,1,有,無,13500000,159461.0,,0.0,0,,RPPNMLNLRHIGFEA97DA,84.66,0.0,0.0,無,,48.0
中正區,房地(土地+建物)+車位,詔安街８８號十一樓,26.95,住,,,1120912,土地1建物1車位1,十一層,十一層,住宅大樓(11層含以上有電梯),住家用,1060218,141.3,3,2,2,有,有,33100000,234253.0,塔式車位,23.13,0,陽台外推；其他增建；,RPPNMLQLRHIGFAA87DA,58.35,8.29,7.35,有,1039.0,7.0
文山區,房地(土地+建物)+車位,興隆路四段１０９巷１２６號八樓,54.24,住,,,1120911,土地2建物1車位1,八層,十三層,住宅大樓(11層含以上有電梯),住家用,1020927,220.37,3,2,2,有,有,33850000,153605.0,坡道平面,0.0,0,其他增建；,RPUNMLMJIIIGFAA96DA,118.3,1.72,13.16,有,1040.0,10.0
萬華區,房地(土地+建物),萬大路５３４巷８號二樓,20.25,住,,,1120916,土地1建物1車位0,二層,四層,公寓(5樓含以下無電梯),住家用,0610630,49.5,2,2,1,有,無,7050000,142424.0,,0.0,0,其他增建；,RPUNMLMJIIIGFBA07DA,49.5,0.0,0.0,無,,51.0
中山區,房地(土地+建物),天祥路４７巷８號三樓,41.0,住,,,1120909,土地1建物1車位0,三層，陽臺,四層,公寓(5樓含以下無電梯),住家用,0620126,117.28,3,2,2,有,無,23760000,202592.0,,0.0,0,陽台外推；其他增建；,RPWNMLPKRHIGFCA58DA,117.28,0.0,0.0,無,1042.0,51.0
北投區,房地(土地+建物)+車位,關渡路５０號二樓,36.05,住,,,1120906,土地2建物1車位1,二層,十二層,住宅大樓(11層含以上有電梯),住家用,0821203,211.75,4,1,2,有,有,25900000,122314.0,坡道平面,0.0,0,,RPQNMLMJIIIGFEA07EA,127.93,7.77,16.64,有,,30.0
內湖區,房地(土地+建物),內湖路一段３２９號三樓,23.67,住,,,1120903,土地1建物1車位0,三層,五層,公寓(5樓含以下無電梯),住家用,0730220,105.18,3,3,1,有,無,16000000,152120.0,,0.0,0,陽台外推；,RPWOMLMJIIIGFCA47DA,91.26,0.0,13.92,無,,40.0
中山區,房地(土地+建物)+車位,民權東路二段７１巷８號十四樓之８,8.02,,,,1120907,土地1建物1車位1,十四層,十五層,住宅大樓(11層含以上有電梯),住家用,1120203,66.31,2,1,1,有,有,22500000,320764.0,塔式車位,2.4,2000000,含裝潢費500000元；,RPSPMLNJIIIGFCA27DA,35.64,0.0,4.94,有,,1.0
信義區,房地(土地+建物),信義路五段１５０巷３３０號八樓之６,6.63,住,,,1120902,土地1建物1車位0,八層,十三層,住宅大樓(11層含以上有電梯),住家用,0980408,47.83,1,1,1,有,有,13000000,271796.0,,0.0,0,陽台外推；,RPOOMLSLRHIGFDA38DA,21.28,4.26,3.85,有,1051.0,14.0
士林區,房地(土地+建物),中山北路五段７０４巷１５號四樓,29.4,住,,,1120902,土地1建物1車位0,四層,五層,公寓(5樓含以下無電梯),住家用,0670626,115.98,3,2,2,有,無,20500000,176755.0,,0.0,0,,RPVNMLSLRHIGFEA09DA,95.96,0.0,10.9,無,,45.0
士林區,房地(土地+建物),中社路一段４３巷１２號,63.52,住,,,1120917,土地1建物1車位0,一層,四層,公寓(5樓含以下無電梯),住家用,0640801,68.8,3,2,1,有,無,10000000,145349.0,,0.0,0,其他增建；,RPRPMLNJIIIGFEA37DA,68.8,0.0,0.0,無,,48.0
大安區,房地(土地+建物),忠孝東路三段２４８巷１３弄４之２號六樓,27.9,住,,,1120905,土地1建物1車位0,六層,七層,華廈(10層含以下有電梯),住家用,0710313,112.27,3,2,1,有,有,29680000,264363.0,,0.0,0,,RPTNMLQLRHIGFFA78DA,79.18,0.0,3.25,有,,41.0
大安區,房地(土地+建物),樂利路２８巷７號三樓,46.0,住,,,1120905,土地1建物1車位0,三層，陽臺,四層,公寓(5樓含以下無電梯),住家用,,126.9,3,2,2,有,無,26560000,209299.0,,0.0,0,,RPRNMLNJIIIGFFA27DA,126.9,0.0,0.0,無,,
文山區,房地(土地+建物)+車位,木柵路二段１０９巷１０４號七樓,98.62,住,,,1120908,土地3建物1車位1,七層,七層,華廈(10層含以下有電梯),住家用,0821206,203.96,4,2,2,有,有,27240000,133562.0,坡道機械,17.46,0,,RPWNMLMKRHIGFAA08DA,127.57,31.7,14.37,有,1063.0,30.0
中正區,房地(土地+建物)+車位,重慶南路二段８０號十三樓之１,16.9,住,,,1120907,土地2建物1車位1,十三層,十四層,住宅大樓(11層含以上有電梯),住家用,1090811,154.71,0,0,0,無,有,44880000,290091.0,坡道平面,38.35,0,1.土地總價新台幣參仟伍佰伍拾萬元整；建物總價新台幣玖佰參拾捌萬元整。2.有1衛。,RPUNMLRLRHIGFAA48DA,69.12,3.86,5.3,有,1064.0,3.0
松山區,房地(土地+建物),南京東路三段３３５巷２３號六樓之１０,8.15,住,,,1120902,土地3建物1車位0,六層,七層,華廈(10層含以下有電梯),住家用,0740819,50.7,1,1,1,有,有,15500000,305720.0,,0.0,0,,RPUOMLPJRHIGFDA48DA,28.2,0.0,5.21,有,,38.0
信義區,房地(土地+建物),信義路五段１５０巷３３０號十二樓之７,4.63,住,,,1120907,土地1建物1車位0,十二層,十三層,住宅大樓(11層含以上有電梯),住家用,0980408,33.42,1,0,1,有,有,9500000,284261.0,,0.0,0,其他增建；,RPSNMLLLRHIGFDA97DA,18.48,3.15,0.0,有,1075.0,14.0
大同區,房地(土地+建物),延平北路四段１２３號三樓,27.5,住,,,1120922,土地2建物1車位0,三層,四層,公寓(5樓含以下無電梯),住家用,0610710,81.31,2,1,1,有,無,10800000,132825.0,,0.0,0,,RPQNMLPJIIIGFBA07EA,81.31,0.0,0.0,無,,51.0
北投區,房地(土地+建物),石牌路二段３１５巷２８弄１４之５號,9.99,住,,,1120908,土地1建物1車位0,一層,五層,華廈(10層含以下有電梯),住家用,0811009,44.58,1,2,1,有,有,9010000,202109.0,,0.0,0,其他增建；,RPSNMLPJIIIGFEA57EA,30.55,5.55,0.0,有,1080.0,31.0
文山區,房地(土地+建物),興隆路三段１１６巷３弄１１號二樓,37.0,住,,,1120920,土地1建物1車位0,二層,四層,公寓(5樓含以下無電梯),住家用,,80.0,3,2,2,有,無,11360000,142000.0,,0.0,0,其他增建；,RPPOMLKLRHIGFAA37DA,80.0,0.0,0.0,無,1081.0,
中正區,房地(土地+建物),和平西路二段９８巷２弄９號二樓,28.3,住,,,1120913,土地1建物1車位0,二層,五層,公寓(5樓含以下無電梯),住家用,0711005,104.1,3,2,2,有,無,21000000,201729.0,,0.0,0,,RPOUMLOJIIIGFAA27DA,83.37,0.0,11.09,無,,41.0
內湖區,房地(土地+建物),康寧路一段１９５巷１弄４號,39.8,住,,,1120910,土地1建物1車位0,一層,五層,公寓(5樓含以下無電梯),住家用,0780808,107.72,3,2,2,有,無,23380000,217044.0,,0.0,0,,RPVOMLPKRHIGFCA58DA,90.26,10.42,0.0,無,1087.0,34.0
內湖區,房地(土地+建物),康寧路一段６５號四樓,29.82,住,,,1120911,土地1建物1車位0,四層,五層,公寓(5樓含以下無電梯),住家用,0691203,98.84,4,0,4,有,無,17880000,180898.0,,0.0,0,,RPTOMLNJIIIGFCA27DA,92.68,0.0,6.16,無,1089.0,43.0
內湖區,房地(土地+建物),內湖路二段１０３巷９２弄１２之１號,23.95,住,,,1120922,土地2建物1車位0,一層,五層,華廈(10層含以下有電梯),住家用,1120216,46.02,1,0,1,有,無,14880000,323338.0,,0.0,0,,RPQNMLPJIIIGFCA07DA,24.4,3.19,0.0,有,,1.0
中山區,房地(土地+建物),北安路４５８巷４１弄６２號八樓,18.17,住,,,1120925,土地1建物1車位0,八層,十六層,住宅大樓(11層含以上有電梯),住家用,1110419,105.58,0,0,0,無,有,47910000,453779.0,,0.0,0,,RPQNMLLKIIIGFCA76DA,61.02,1.57,4.54,有,,1.0
信義區,房地(土地+建物)+車位,市民大道六段１０８號七樓之５,7.1,住,,,1120908,土地1建物1車位1,七層,十二層,住宅大樓(11層含以上有電梯),住家用,1110414,48.56,1,1,1,有,有,13800000,284185.0,升降機械,15.06,0,,RPXNMLPJIIIGFDA87DA,18.32,0.39,2.12,有,1092.0,1.0
北投區,房地(土地+建物),天母北路１０５巷１５弄１號五樓之５,9.8,住,,,1120903,土地1建物1車位0,五層,十一層,住宅大樓(11層含以上有電梯),住家用,0840629,33.480000000000004,0,0,0,無,有,7200000,215054.0,,0.0,0,陽台外推；,RPRNMLPKRHIGFEA28DA,20.7,0.92,1.84,有,,28.0
北投區,房地(土地+建物),中和街５０２巷７弄９號,105.0,住,,,1120901,土地2建物1車位0,全,二層,透天厝,住家用,0630206,104.4,4,3,3,有,無,23500000,225096.0,,0.0,0,頂樓加蓋；其他增建；,RPRNMLLLRHIGFEA97DA,104.4,0.0,0.0,無,,50.0
大安區,房地(土地+建物)+車位,信義路四段１５５號十二樓,21.09,住,,,1120903,土地2建物1車位1,十二層,二十一層,住宅大樓(11層含以上有電梯),住家用,0741210,262.61,4,2,2,有,有,65500000,249419.0,坡道平面,0.0,3500000,陽台外推；,RPWOMLOJIIIGFFA97DA,201.46,0.0,23.08,有,,38.0
北投區,房地(土地+建物),中央北路三段２１０號五樓,34.71,住,,,1120903,土地1建物1車位0,五層,五層,公寓(5樓含以下無電梯),住家用,0710619,116.75,3,2,1,有,無,11600000,99358.0,,0.0,0,陽台外推；,RPTNMLLKIIIGFEA37EA,100.08,0.0,16.67,無,1102.0,41.0
大安區,房地(土地+建物),瑞安街１３５巷１７號三樓,29.5,住,,,1120917,土地1建物1車位0,三層,四層,公寓(5樓含以下無電梯),住家用,0571206,82.07,3,2,1,有,無,22200000,270501.0,,0.0,0,陽台外推；,RPPNMLQJIIIGFFA47EA,75.47,0.0,6.6,無,1103.0,55.0
內湖區,房地(土地+建物)+車位,內湖路三段６０巷１２弄５７號二樓,24.48,住,,,1120909,土地1建物1車位1,二層,五層,公寓(5樓含以下無電梯),住家用,0721015,86.41,3,2,1,有,無,12700000,146974.0,坡道平面,0.0,0,為先到先停使用權車位,RPTNMLNJIIIGFCA17DA,75.28,0.0,8.44,無,,40.0
中山區,房地(土地+建物),民權東路二段７１巷８號五樓之８,7.9,,,,1120919,土地1建物1車位0,五層,十五層,住宅大樓(11層含以上有電梯),住家用,1120203,63.92,2,1,1,有,有,20800000,325407.0,,0.0,0,含裝潢費1600000元；,RPWNMLNJIIIGFCA47DA,35.64,0.0,4.94,有,,1.0
中山區,房地(土地+建物),民權東路二段７１巷８號十樓之１,7.06,,,,1120906,土地1建物1車位0,十層,十五層,住宅大樓(11層含以上有電梯),住家用,1120203,57.89,1,1,1,有,有,19250000,332527.0,,0.0,0,,RPXNMLQJIIIGFCA87DA,32.65,0.0,4.04,有,,1.0
信義區,房地(土地+建物),吳興街２８４巷１之４號五樓之１,9.65,住,,,1120902,土地1建物1車位0,五層,六層,華廈(10層含以下有電梯),住家用,0791212,45.08,1,1,1,有,有,10300000,228483.0,,0.0,0,,RPOPMLPJIIIGFDA17DA,34.03,1.12,1.89,有,,33.0
士林區,房地(土地+建物),中山北路七段２１６巷５之１號五樓,33.05,住,,,1120924,土地1建物1車位0,五層,六層,華廈(10層含以下有電梯),住家用,0750605,133.98,0,0,0,無,有,23800000,177638.0,,0.0,0,,RPQOMLNJIIIGFEA17DA,106.65,0.0,11.63,有,1121.0,37.0
北投區,房地(土地+建物),承德路七段１８８巷２８號三樓,32.75,住,,,1120901,土地1建物1車位0,三層,四層,公寓(5樓含以下無電梯),住家用,0620430,101.8,3,2,1,有,無,16000000,157171.0,,0.0,0,,RPXNMLQJIIIGFEA08DA,88.2,0.0,13.6,無,,50.0
士林區,房地(土地+建物),中山北路六段１８６巷２５弄６號二樓,29.17,住,,,1120905,土地1建物1車位0,二層,五層,公寓(5樓含以下無電梯),住家用,0741028,111.21,3,2,2,有,有,21060000,189371.0,,0.0,0,,RPOOMLQJIIIGFEA27DA,98.44,0.0,9.53,無,1129.0,38.0
北投區,房地(土地+建物),立農街一段３８５巷３號三樓,32.73,住,,,1120908,土地1建物1車位0,三層,五層,公寓(5樓含以下無電梯),住家用,0731124,125.27,3,2,2,有,無,21260000,169713.0,,0.0,0,陽台外推；,RPRNMLSJIIIGFEA67DA,103.26,0.0,19.66,無,,39.0
北投區,房地(土地+建物)+車位,磺港路１３２號十一樓,33.46,住,,,1120918,土地1建物1車位2,十一層,十四層,住宅大樓(11層含以上有電梯),住家用,1030619,264.59000000000003,1,2,2,有,有,48450000,183113.0,坡道平面,66.68,0,,RPQNMLLKIIIGFEA96DA,108.64,12.34,11.23,有,1130.0,9.0
大安區,房地(土地+建物),和平東路一段８５巷１２號四樓,9.87,住,,,1120910,土地2建物1車位0,四層,七層,華廈(10層含以下有電梯),住家用,0941124,39.400000000000006,1,1,1,有,有,16500000,418782.0,,0.0,0,,RPTNMLMJIIIGFFA37DA,21.62,1.66,0.0,有,1132.0,18.0
文山區,房地(土地+建物),萬盛街９２號,46.49,住,,,1120925,土地1建物1車位0,一層,四層,公寓(5樓含以下無電梯),住家用,0630506,104.46,3,2,1,有,無,18000000,172315.0,,0.0,0,陽台外推；,RPQNMLLKIIIGFAA66EA,90.72,0.0,13.74,無,,49.0
文山區,房地(土地+建物),樟新街３２巷１２號四樓,27.18,住,,,1120908,土地1建物1車位0,四層,八層,華廈(10層含以下有電梯),住家用,0820514,84.16,2,1,1,有,無,14000000,166350.0,,0.0,0,,RPPNMLMKIIIGFAA66EA,64.11,2.27,6.69,有,,30.0
萬華區,房地(土地+建物),西園路二段３７２巷１０１弄３１號三樓,15.72,住,,,1120903,土地1建物1車位0,三層,五層,公寓(5樓含以下無電梯),住家用,0591109,39.74,2,1,1,有,無,3900000,98138.0,,0.0,0,,RPQNMLMKIIIGFBA86EA,37.06,0.0,2.68,無,,53.0
內湖區,房地(土地+建物),安泰街１２９巷１號五樓,31.18,住,,,1120901,土地1建物1車位0,五層,五層,公寓(5樓含以下無電梯),住家用,0700515,130.44,3,2,1,有,無,13800000,105796.0,,0.0,0,,RPRNMLQJIIIGFCA37EA,87.42,0.0,15.41,無,1136.0,42.0
中山區,房地(土地+建物),建國北路二段１３９號十一樓之１,13.58,住,,,1120916,土地1建物1車位0,十一層,十五層,住宅大樓(11層含以上有電梯),住家用,0751014,115.54,3,2,2,有,有,25800000,223299.0,,0.0,0,,RPSNMLLKIIIGFCA07EA,85.71,0.0,6.97,有,,37.0
文山區,房地(土地+建物),羅斯福路六段１４２巷２０弄２５號九樓之１,10.96,住,,,1120909,土地1建物1車位0,九層，電梯樓梯間,十層,華廈(10層含以下有電梯),住家用,0850327,47.24,1,1,1,有,有,11200000,237087.0,,0.0,0,陽台外推；其他增建；,RPPOMLTKRHIGFAA18DA,33.21,2.77,3.87,有,1145.0,27.0
文山區,房地(土地+建物)+車位,萬芳路１８號七樓之３,30.62,住,,,1120914,土地1建物1車位2,七層,十二層,住宅大樓(11層含以上有電梯),住家用,0940128,194.09,4,2,2,有,有,25000000,177500.0,坡道平面,75.78,4000000,陽台外推；夾層；其他增建；,RPQNMLTJIIIGFAA27DA,67.18,5.57,9.31,有,,19.0
大同區,房地(土地+建物)+車位,雙連街７９號十二樓之１,16.23,住,,,1120901,土地1建物1車位1,十二層,十五層,住宅大樓(11層含以上有電梯),住家用,1060726,172.32,3,2,2,有,有,46880000,272052.0,坡道平面,0.0,3200000,,RPRPMLSLRHIGFBA58DA,86.06,2.5,6.37,有,,6.0
內湖區,房地(土地+建物),內湖路一段９１巷３９弄１４之１號五樓,35.86,住,,,1120905,土地1建物1車位0,五層,五層,公寓(5樓含以下無電梯),住家用,0760623,118.68,4,2,2,有,無,15650000,131867.0,,0.0,0,陽台外推；頂樓加蓋；其他增建；,RPOOMLLLRHIGFCA57DA,87.42,22.37,7.76,無,1152.0,36.0
內湖區,房地(土地+建物),陽光街２１８號六樓,39.72,住,,,1120912,土地2建物1車位0,六層,七層,華廈(10層含以下有電梯),住家用,0730131,105.93,3,2,1,有,有,20000000,188804.0,,0.0,0,其他增建；,RPUNMLSLRHIGFCA78DA,71.56,0.0,7.13,有,,40.0
內湖區,房地(土地+建物),康寧路三段９９巷３９弄７４號三樓,18.43,住,,,1120912,土地1建物1車位0,三層,七層,華廈(10層含以下有電梯),住家用,0820426,54.23,2,2,1,有,有,11180000,206159.0,,0.0,0,陽台外推；其他增建；,RPOPMLSLRHIGFCA38DA,31.97,1.45,3.36,有,,30.0
中山區,房地(土地+建物),中山北路二段６２巷９號五樓之３,4.71,住,,,1120920,土地1建物1車位0,五層,七層,華廈(10層含以下有電梯),住家用,0971031,25.49,1,0,0,有,有,7400000,290310.0,,0.0,0,,RPOQMLQJIIIGFCA27DA,11.33,1.25,2.97,有,1155.0,15.0
內湖區,房地(土地+建物),陽光街９２巷２５弄９號二樓,40.3,住,,,1120910,土地1建物1車位0,二層,四層,公寓(5樓含以下無電梯),住家用,0680926,108.78,3,2,2,有,無,17000000,156279.0,,0.0,0,,RPTNMLMKIIIGFCA17DA,96.04,0.0,12.74,無,1156.0,44.0
信義區,房地(土地+建物),吳興街２８４巷１８弄３號二樓,25.0,住,,,1120917,土地1建物1車位0,二層,五層,公寓(5樓含以下無電梯),住家用,0760625,101.05,3,2,2,有,無,19480000,192776.0,,0.0,0,陽台外推；其他增建；,RPTNMLSLRHIGFDA78DA,76.52,2.52,8.93,無,1157.0,36.0
信義區,房地(土地+建物),松山路５１５巷８號四樓,30.25,住,,,1120913,土地1建物1車位0,四層，陽臺,四層,公寓(5樓含以下無電梯),住家用,,87.93,3,2,1,有,無,16880000,191971.0,,0.0,0,其他增建；,RPVNMLOJIIIGFDA57DA,87.93,0.0,0.0,無,,
南港區,房地(土地+建物),興南街５２巷１７號四樓,20.62,住,,,1120905,土地1建物1車位0,四層,四層,公寓(5樓含以下無電梯),住家用,0660518,57.72,2,2,1,有,無,12370000,214310.0,,0.0,0,頂樓加蓋；,RPRNMLLKIIIGFDA96DA,50.7,0.0,7.02,無,,46.0
南港區,房地(土地+建物),忠孝東路六段９巷９號二樓,42.3,住,,,1120916,土地1建物1車位0,二層,五層,公寓(5樓含以下無電梯),住家用,0731121,118.11,3,2,2,有,無,24580000,208111.0,,0.0,0,,RPQOMLMKIIIGFDA07DA,97.02,0.0,11.14,無,,39.0
北投區,房地(土地+建物),大度路三段２７０巷６７號十五樓,17.82,,,,1120905,土地1建物1車位0,十五層,十九層,住宅大樓(11層含以上有電梯),住家用,1010217,103.03,2,2,1,有,有,19500000,189265.0,,0.0,0,其他增建；,RPXNMLSKRHIGFEA56DA,61.25,2.06,4.51,有,1161.0,12.0
北投區,房地(土地+建物)+車位,三合街一段７９巷２０號五樓,24.41,住,,,1120909,土地1建物1車位1,五層,九層,華廈(10層含以下有電梯),住家用,1050712,154.81,2,2,2,有,有,31250000,255517.0,坡道平面,44.25,3000000,,RPQNMLOLRHIGFEA18DA,67.78,1.46,4.24,有,1162.0,7.0
大安區,房地(土地+建物),新生南路一段１３７巷３號二樓,39.14,住,,,1120902,土地1建物1車位0,二層,五層,公寓(5樓含以下無電梯),住家用,0870919,110.12,3,2,2,有,無,33980000,308572.0,,0.0,0,,RPXNMLOKRHIGFFA88DA,82.78,1.93,9.9,無,,25.0
大安區,房地(土地+建物),建國南路一段３０８號十樓之１,4.92,住,,,1120902,土地2建物1車位0,十層,十四層,住宅大樓(11層含以上有電梯),住家用,1070412,40.09,1,1,1,有,有,18200000,453979.0,,0.0,0,陽台外推；夾層；其他增建；,RPTNMLTKRHIGFFA98DA,21.98,0.0,3.82,有,1163.0,5.0
大安區,房地(土地+建物),樂利路３５號七樓,26.43,住,,,1120928,土地1建物1車位0,七層,七層,華廈(10層含以下有電梯),住家用,0670919,118.96,4,3,3,有,無,32800000,275723.0,,0.0,0,頂樓加蓋；,RPQOMLMJIIIGFFA17DA,100.7,0.0,12.93,有,,45.0
內湖區,房地(土地+建物),陽光街１６１巷１２之２９號,19.42,住,,,1120912,土地1建物1車位0,一層,五層,華廈(10層含以下有電梯),住家用,1080716,37.67,0,0,1,有,有,9700000,257499.0,,0.0,0,,RPQNMLMKIIIGFCA96EA,23.02,0.0,0.0,有,1170.0,4.0
內湖區,房地(土地+建物),內湖路二段１０３巷９２弄８號二樓之１,27.85,住,,,1120915,土地2建物1車位0,二層,五層,華廈(10層含以下有電梯),住家用,1120216,55.53,1,1,1,有,有,15000000,270124.0,,0.0,0,,RPUNMLMKIIIGFCA37EA,28.36,2.43,2.85,有,1171.0,1.0
信義區,房地(土地+建物),松山路６２６號,13.66,住,,,1120924,土地1建物1車位0,一層,九層,華廈(10層含以下有電梯),住家用,0870526,56.03,2,1,1,有,有,15000000,267714.0,,0.0,0,夾層；,RPRQMLMKIIIGFDA47EA,36.76,0.99,3.48,有,1175.0,25.0
北投區,房地(土地+建物)+車位,公路２２８巷１１３號六樓,21.58,住,,,1120911,土地1建物1車位1,六層,七層,華廈(10層含以下有電梯),住家用,1070918,100.92,2,2,1,有,有,19500000,193222.0,升降機械,13.9,0,雨遮增建陽台外推；其他增建；,RPSNMLNKIIIGFEA47EA,44.32,4.58,4.63,有,,5.0
文山區,房地(土地+建物),仙岩路１６巷５３號二樓,48.57,住,,,1120901,土地3建物1車位0,二層,四層,公寓(5樓含以下無電梯),住家用,0680315,140.41,4,2,2,有,無,19400000,138167.0,,0.0,0,其他增建；,RPUNMLMKRHIGFAA87DA,123.59,0.0,16.82,無,,44.0
文山區,房地(土地+建物)+車位,興隆路三段３０４巷３２之１０號四樓,20.06,住,,,1120902,土地2建物1車位1,四層,七層,華廈(10層含以下有電梯),住家用,1030314,126.48,2,2,1,有,有,17000000,148297.0,坡道平面,26.69,2200000,其他增建；,RPXNMLNKRHIGFAA28DA,48.6,11.3,3.31,有,1181.0,9.0
文山區,房地(土地+建物),興隆路一段５５巷９號二樓,38.5,住,,,1120903,土地1建物1車位0,二層，陽臺,四層,公寓(5樓含以下無電梯),住家用,0601027,110.42,3,2,3,有,無,17500000,158486.0,,0.0,0,陽台外推；其他增建；,RPPOMLNKRHIGFAA57DA,110.42,0.0,0.0,無,,52.0
萬華區,房地(土地+建物),萬大路１２０號二樓,20.12,住,,,1120910,土地1建物1車位0,二層,四層,公寓(5樓含以下無電梯),住家用,0640310,77.28,3,2,1,有,無,11880000,153727.0,,0.0,0,,RPXNMLPJIIIGFBA67DA,73.5,0.0,3.78,無,,49.0
中山區,房地(土地+建物)+車位,明水路５５５號十二樓之１４,12.76,住,,,1120915,土地1建物1車位1,十二層，十三層,十六層,住宅大樓(11層含以上有電梯),住家用,0850530,78.22999999999999,1,1,1,有,有,16500000,210917.0,坡道平面,0.0,0,,RPXNMLOKRHIGFCA58DA,30.55,1.15,3.8,有,,27.0
內湖區,房地(土地+建物),成功路二段４２６巷２６號三樓,31.43,住,,,1120913,土地1建物1車位0,三層,五層,公寓(5樓含以下無電梯),住家用,0760817,124.63,3,2,2,有,無,17800000,142823.0,,0.0,0,陽台外推；其他增建；,RPPNMLNJIIIGFCA76DA,93.32,0.0,10.21,無,,36.0
內湖區,房地(土地+建物),行善路２５巷８弄８號,47.79,住,,,1120901,土地1建物1車位0,一層,八層,華廈(10層含以下有電梯),住家用,0870506,126.63,3,2,2,有,有,25800000,203743.0,,0.0,0,陽台外推；,RPVOMLLKIIIGFCA37DA,76.75,0.0,7.06,有,,25.0
中山區,房地(土地+建物)+車位,中山北路二段１２８巷９號二樓之３,10.57,住,,,1120909,土地1建物1車位1,二層,十層,華廈(10層含以下有電梯),住家用,1000921,103.54,1,1,1,有,有,16800000,263935.0,升降平面,49.36,2500000,,RPTOMLMKIIIGFCA27DA,29.74,1.33,3.2,有,1186.0,12.0
松山區,房地(土地+建物),南京東路三段３３５巷２３號四樓之１,4.5,住,,,1120909,土地3建物1車位0,四層,七層,華廈(10層含以下有電梯),住家用,0740819,27.64,1,1,1,有,有,8800000,318379.0,,0.0,0,,RPPNMLOLRHIGFDA97DA,15.18,0.0,3.05,有,,38.0
信義區,房地(土地+建物),信義路五段１５０巷３３０號十一樓之６,4.63,住,,,1120903,土地1建物1車位0,十一層,十三層,住宅大樓(11層含以上有電梯),住家用,0980408,33.42,1,1,1,有,有,9450000,282765.0,,0.0,0,其他增建；,RPWNMLMKIIIGFDA57DA,18.48,3.15,0.0,有,1188.0,14.0
士林區,房地(土地+建物),福國路１９之４號十樓,10.67,住,,,1120911,土地1建物1車位0,十層,十一層,住宅大樓(11層含以上有電梯),住家用,0671218,73.08,2,1,1,有,有,20560000,281336.0,,0.0,0,陽台外推；其他增建；,RPPOMLMLRHIGFEA97DA,55.44,0.0,10.2,有,,45.0
北投區,房地(土地+建物),行義路１４０巷３號六樓,27.79,住,,,1120921,土地1建物1車位0,六層,七層,華廈(10層含以下有電梯),住家用,0740522,126.57,3,2,2,有,有,12800000,101130.0,,0.0,0,,RPRNMLPLRHIGFEA38DA,91.37,0.0,18.47,有,1190.0,38.0
北投區,房地(土地+建物),中央北路四段１２２號四樓,31.0,住,,,1120905,土地1建物1車位0,四層,五層,公寓(5樓含以下無電梯),住家用,0740108,116.79,3,2,1,有,無,11380000,97440.0,,0.0,0,其他增建；,RPWNMLPLRHIGFEA88DA,93.89,0.0,12.57,無,,39.0
士林區,房地(土地+建物),通河東街一段１３０巷３號四樓,34.5,住,,,1120902,土地1建物1車位0,四層,四層,公寓(5樓含以下無電梯),住家用,0660810,108.14,2,2,2,有,無,17680000,163492.0,,0.0,0,陽台外推；頂樓加蓋；其他增建；,RPTNMLSLRHIGFEA88DA,93.11,0.0,15.03,無,,46.0
士林區,房地(土地+建物),基河路１２８號九樓之８,7.55,住,,,1120907,土地1建物1車位0,九層,十一層,住宅大樓(11層含以上有電梯),住家用,0850916,28.13,1,1,1,有,有,5960000,211873.0,,0.0,0,,RPTNMLNKIIIGFEA47DA,15.92,1.18,2.37,有,,27.0
大安區,房地(土地+建物),和平東路三段４６４巷２號十一樓,15.51,住,,,1120908,土地1建物1車位0,十一層,十四層,住宅大樓(11層含以上有電梯),住家用,0910704,78.53999999999999,2,2,1,有,有,20700000,263560.0,,0.0,0,陽台外推；,RPQNMLLKIIIGFFA07DA,47.02,0.0,5.42,有,,21.0
士林區,房地(土地+建物),承德路四段１１６號三樓之９,7.24,住,,,1120912,土地1建物1車位0,三層,七層,華廈(10層含以下有電梯),住家用,0661014,49.02,2,1,1,有,有,13000000,265198.0,,0.0,0,陽台外推；,RPTNMLNKIIIGFEA57EA,37.63,0.0,4.77,有,,46.0
文山區,房地(土地+建物),景興路１５３巷１７號六樓之７,4.62,住,,,1120910,土地1建物1車位0,六層,十二層,住宅大樓(11層含以上有電梯),住家用,0830317,27.95,0,0,0,無,有,6100000,218247.0,,0.0,0,,RPVNMLQKIIIGFAA57DA,16.35,0.45,3.79,有,1196.0,29.0
中山區,房地(土地+建物)+車位,敬業三路１６２巷１１４號四樓,47.09,住,,,1120907,土地1建物1車位1,四層,十二層,住宅大樓(11層含以上有電梯),住家用,0890628,155.75,3,2,2,有,有,28500000,182986.0,坡道平面,54.18,0,陽台外推；其他增建；,RPSNMLNLRHIGFCA08DA,77.91,0.0,8.1,有,,23.0
內湖區,房地(土地+建物),康樂街４８巷１號三樓,27.9,住,,,1120909,土地1建物1車位0,三層,五層,公寓(5樓含以下無電梯),住家用,0730825,107.24,3,2,1,有,無,15500000,144536.0,,0.0,0,其他增建；,RPVNMLQLRHIGFCA68DA,86.45,0.0,9.3,無,,39.0
中山區,房地(土地+建物),五常街５３巷５號四樓,24.66,住,,,1120903,土地1建物1車位0,四層,五層,公寓(5樓含以下無電梯),住家用,0661110,98.43,3,2,2,有,無,19800000,201158.0,,0.0,0,陽台外推；其他增建；,RPTOMLNKIIIGFCA37DA,90.54,0.0,7.89,無,1202.0,46.0
中山區,房地(土地+建物)+車位,樂群二路１１６巷６１弄２７號二樓,111.5,住,,,1120920,土地1建物1車位2,二層,七層,華廈(10層含以下有電梯),住家用,0990115,431.35,0,0,0,無,有,125000000,363253.0,坡道平面,109.26,8000000,毛胚屋；,RPUPMLNKIIIGFCA57DA,166.27,19.23,22.87,有,,14.0
內湖區,房地(土地+建物),成功路五段４５巷５６號四樓,25.27,住,,,1120921,土地1建物1車位0,四層,六層,華廈(10層含以下有電梯),住家用,0880427,98.9,3,2,2,有,無,22000000,222447.0,,0.0,0,,RPTNMLRKIIIGFCA67DA,65.17,0.0,7.48,有,,24.0
信義區,房地(土地+建物),虎林街２３２巷４０號三樓,28.95,住,,,1120908,土地2建物1車位0,三層,五層,公寓(5樓含以下無電梯),住家用,0700228,105.82,3,1,3,有,無,21400000,202230.0,,0.0,0,陽台外推；,RPTOMLPJIIIGFDA57DA,89.84,0.0,15.98,無,1206.0,43.0
士林區,房地(土地+建物),延平北路五段３２號五樓,20.36,住,,,1120909,土地3建物1車位0,五層,十三層,住宅大樓(11層含以上有電梯),住家用,1010528,137.18,3,2,2,有,有,21750000,158551.0,,0.0,0,陽台外推；,RPUNMLSKRHIGFEA88DA,74.35,8.01,12.54,有,,11.0
北投區,房地(土地+建物),吉利街３５９號七樓,16.39,住,,,1120918,土地1建物1車位0,七層,九層,華廈(10層含以下有電梯),住家用,1030605,81.82,2,2,2,有,有,21600000,263994.0,,0.0,0,陽台外推；夾層；,RPVNMLLLRHIGFEA38DA,41.14,3.62,4.74,有,1207.0,9.0
北投區,房地(土地+建物)+車位,榮華二路９之２號,33.55,住,,,1120909,土地2建物1車位1,一層,八層,華廈(10層含以下有電梯),住家用,0690430,173.8,4,2,2,有,有,29500000,207226.0,坡道平面,45.92,3000000,其他增建；,RPPNMLMLRHIGFEA87DA,149.88,9.3,0.0,有,,43.0
北投區,房地(土地+建物),崇仁路一段１６８號八樓之１,7.88,住,,,1120911,土地1建物1車位0,八層，電梯樓梯間,十四層,住宅大樓(11層含以上有電梯),住家用,0870729,36.27,1,1,1,有,有,7000000,192997.0,,0.0,0,陽台外推；,RPTNMLSJIIIGFEA87DA,24.99,1.38,3.76,有,,25.0
大安區,房地(土地+建物),復興南路二段１７１巷２８號十七樓,21.91,住,,,1120915,土地1建物1車位0,十七層,十九層,住宅大樓(11層含以上有電梯),住家用,0740522,111.37,3,2,2,有,有,29580000,265625.0,,0.0,0,,RPOQMLQJIIIGFFA57DA,83.5,1.56,7.76,有,,38.0
大安區,房地(土地+建物),安東街４０巷９號五樓,20.0,住,,,1120904,土地1建物1車位0,五層,七層,華廈(10層含以下有電梯),住家用,0740910,107.85,3,2,2,有,有,30000000,278164.0,,0.0,0,花台客廳陽台外推陽台外推；其他增建；,RPWNMLMKIIIGFFA77DA,86.76,1.97,9.64,有,,38.0
北投區,房地(土地+建物),石牌路一段１６６巷８６弄３號五樓,24.99,住,,,1120919,土地1建物1車位0,五層,五層,公寓(5樓含以下無電梯),住家用,0721227,86.91999999999999,2,2,1,有,無,17300000,199034.0,,0.0,0,,RPPNMLQKIIIGFEA47EA,71.56,0.0,7.18,無,,40.0
士林區,房地(土地+建物)+車位,芝玉路一段２２２號十三樓,37.01,住,,,1120923,土地1建物1車位2,十三層,十八層,住宅大樓(11層含以上有電梯),住家用,0971112,198.23,3,2,2,有,有,41780000,210765.0,坡道機械,30.58,0,,RPRNMLQKIIIGFEA67EA,94.97,4.46,10.34,有,,15.0
大安區,房地(土地+建物),仁愛路四段３００巷１７弄１號七樓,31.29,住,,,1120919,土地1建物1車位0,七層,七層,華廈(10層含以下有電梯),住家用,0730724,145.07,4,4,3,有,有,42000000,289515.0,,0.0,0,頂樓加蓋；,RPOPMLKKLHIGFFA27EA,118.74,14.47,4.58,有,,39.0
文山區,房地(土地+建物),試院路１５４巷５弄３號四樓,24.83,住,,,1120911,土地1建物1車位0,四層,四層,華廈(10層含以下有電梯),住家用,0840119,68.21,2,1,1,有,有,10560000,154793.0,,0.0,0,,RPVNMLKLRHIGFAA87DA,52.08,2.34,4.7,有,1214.0,29.0
文山區,房地(土地+建物),興隆路二段２２７號四樓,31.5,住,,,1120905,土地2建物1車位0,四層，陽臺,四層,公寓(5樓含以下無電梯),住家用,0621121,95.07,2,2,1,有,無,14500000,152519.0,,0.0,0,頂樓加蓋；,RPVNMLNKIIIGFAA27DA,95.07,0.0,0.0,無,,50.0
文山區,房地(土地+建物),景華街１２８巷２０號,15.97,,,,1120918,土地2建物1車位0,一層,五層,公寓(5樓含以下無電梯),住家用,0720902,56.69,2,2,2,有,無,12000000,211678.0,,0.0,0,交易總價含日立變頻冷氣機三台1.8噸*1+1噸*1+0.8噸*1含傢俱設備費；其他增建；,RPSOMLQKIIIGFAA37DA,48.11,8.58,0.0,無,1216.0,40.0
大同區,房地(土地+建物),延平北路三段１０２號四樓,12.07,住,,,1120910,土地1建物1車位0,四層,七層,華廈(10層含以下有電梯),住家用,0700112,64.0,2,1,1,有,有,12000000,187500.0,,0.0,0,陽台外推；其他增建；,RPPNMLOLRHIGFBA77DA,43.52,0.0,14.29,有,,43.0
萬華區,房地(土地+建物),中華路二段６６６之８號二樓之２,14.83,住,,,1120904,土地1建物1車位0,二層,十四層,住宅大樓(11層含以上有電梯),住家用,0780811,110.09,2,2,2,有,有,20500000,186211.0,,0.0,0,陽台外推；其他增建；,RPQNMLOJIIIGFBA86DA,96.41,0.0,8.7,有,,34.0
大同區,房地(土地+建物),昌吉街６１巷３５弄２號四樓之３,20.4,,,,1120918,土地1建物1車位0,四層,五層,公寓(5樓含以下無電梯),住家用,0640723,55.78,2,1,1,有,無,7500000,134457.0,,0.0,0,其他增建；,RPPNMLOKIIIGFBA86DA,45.53,0.0,0.0,無,,48.0
大同區,房地(土地+建物),昌吉街６１巷３５弄２號四樓之４,13.33,,,,1120918,土地1建物1車位0,四層,五層,公寓(5樓含以下無電梯),住家用,0640723,37.09,2,1,1,有,無,5000000,134807.0,,0.0,0,其他增建；,SPPNMLOKIIIGFBA96DA,30.17,0.0,0.0,無,,48.0
內湖區,房地(土地+建物),內湖路一段６６１號十二樓之４,7.54,,,,1120907,土地1建物1車位0,十二層,十八層,住宅大樓(11層含以上有電梯),住家用,0991123,55.040000000000006,1,1,1,有,有,18020000,327398.0,,0.0,0,,RPPNMLNLRHIGFCA77DA,32.59,0.0,3.47,有,1219.0,13.0
內湖區,房地(土地+建物)+車位,康寧路三段５４巷１３號二樓,34.21,住,,,1120908,土地1建物1車位1,二層,五層,華廈(10層含以下有電梯),住家用,0821227,116.43,3,2,2,有,有,22800000,195826.0,坡道平面,0.0,0,法定空地陽台外推；其他增建；,RPTNMLQKIIIGFCA57DA,76.97,0.47,4.74,有,1221.0,30.0
內湖區,房地(土地+建物),麗山街８４號三樓,33.38,住,,,1120912,土地2建物1車位0,三層,五層,公寓(5樓含以下無電梯),住家用,0721004,120.96,3,2,2,有,無,19000000,157077.0,,0.0,0,,RPOOMLQKIIIGFCA17DA,99.71,0.0,21.25,無,,40.0
內湖區,房地(土地+建物),東湖路１１３巷９５弄７３號四樓,34.24,住,,,1120914,土地1建物1車位0,四層,五層,公寓(5樓含以下無電梯),住家用,0750203,122.51,4,2,2,有,有,15000000,122439.0,,0.0,0,,RPTOMLRKIIIGFCA77DA,99.18,0.54,6.96,無,,38.0
信義區,房地(土地+建物),莊敬路４２３巷４弄１６號二樓,25.75,住,,,1120907,土地1建物1車位0,二層，陽臺,四層,公寓(5樓含以下無電梯),住家用,0611105,72.6,3,1,1,有,無,15800000,217631.0,,0.0,0,,RPQOMLLKRHIGFDA77DA,72.6,0.0,0.0,無,,51.0
南港區,房地(土地+建物),重陽路１６６巷１０弄３號三樓,24.0,住,,,1120917,土地1建物1車位0,三層,五層,公寓(5樓含以下無電梯),住家用,0731120,72.74,3,2,1,有,無,15060000,207039.0,,0.0,0,其他增建；,RPWNMLRLRHIGFDA98DA,66.69,0.0,6.05,無,,39.0
松山區,房地(土地+建物),民權東路三段１９１巷８７號二樓,34.75,住,,,1120912,土地2建物1車位0,二層,四層,公寓(5樓含以下無電梯),住家用,0600615,101.56,3,2,2,有,無,16400000,161481.0,,0.0,0,其他增建；,RPPNMLPKIIIGFDA17DA,88.82,0.0,12.74,無,,52.0
南港區,房地(土地+建物),研究院路二段１５０巷３弄１３號二樓,21.75,住,,,1120923,土地1建物1車位0,二層，陽臺,四層,公寓(5樓含以下無電梯),住家用,0620129,63.74,2,1,1,有,無,8800000,138061.0,,0.0,0,,RPOPMLRKIIIGFDA47DA,63.74,0.0,0.0,無,1223.0,51.0
士林區,房地(土地+建物)+車位,中山北路六段２３６巷７號十一樓之３,17.02,住,,,1120906,土地1建物1車位1,十一層,十四層,住宅大樓(11層含以上有電梯),住家用,1110331,127.02,2,2,1,有,有,34090000,361581.0,坡道平面,40.76,2900000,,RPUNMLPJIIIGFEA67DA,47.8,1.59,5.06,有,,1.0
北投區,房地(土地+建物),杏林二路１３號五樓,38.19,住,,,1120916,土地3建物1車位0,五層,五層,公寓(5樓含以下無電梯),住家用,0700615,120.61,4,2,2,有,無,11000000,91203.0,,0.0,0,其他增建；,RPROMLQKIIIGFEA67DA,106.76,0.0,13.85,無,1226.0,42.0
中正區,房地(土地+建物),汀州路一段２２６巷１３號三樓,43.21,住,,,1120911,土地1建物1車位0,三層，陽臺,四層,公寓(5樓含以下無電梯),住家用,0650220,106.13,3,2,2,有,無,17000000,160181.0,,0.0,0,陽台外推；其他增建；,RPOOMLTKRHIGFAA08DA,106.13,0.0,0.0,無,,48.0
文山區,房地(土地+建物),木柵路四段１５９巷１７８號四樓,28.02,住,,,1120903,土地2建物1車位0,四層,五層,公寓(5樓含以下無電梯),住家用,,93.64,3,2,1,有,無,9680000,103375.0,,0.0,0,其他增建；,RPSNMLMKIIIGFAA86DA,81.9,0.0,11.74,無,,
中正區,房地(土地+建物),汀州路二段１８５號,26.5,住,,,1120913,土地2建物1車位0,一層，騎樓,四層,公寓(5樓含以下無電梯),住家用,0600503,78.0,0,0,0,無,無,37500000,480769.0,,0.0,0,其他增建；,RPTNMLNKIIIGFAA07DA,78.0,0.0,0.0,無,1236.0,52.0
文山區,房地(土地+建物),木柵路四段３３巷７之１號,13.64,住,,,1120910,土地1建物1車位0,一層,十層,華廈(10層含以下有電梯),住家用,0971208,48.39,1,1,1,有,有,11200000,231453.0,,0.0,0,,RPPNMLSKIIIGFAA17DA,30.78,2.37,0.0,有,,15.0
文山區,房地(土地+建物)+車位,久康街２６號七樓之１,11.83,住,,,1120901,土地1建物1車位1,七層,七層,華廈(10層含以下有電梯),住家用,0980805,53.94,1,1,1,有,有,9850000,182610.0,塔式車位,0.0,0,夾層；,RPQNMLSKIIIGFAA27DA,19.99,8.53,2.73,有,,14.0
中山區,房地(土地+建物),松江路３３０巷５３號四樓,7.98,住,,,1120902,土地1建物1車位0,四層,九層,華廈(10層含以下有電梯),住家用,0961207,53.17999999999999,2,1,1,有,有,15000000,282061.0,,0.0,0,陽台外推；夾層；,RPUNMLMLRHIGFCA18DA,22.75,0.0,12.23,有,,16.0
內湖區,房地(土地+建物),環山路三段１６巷３弄３號五樓,36.24,住,,,1120910,土地4建物1車位0,五層,五層,公寓(5樓含以下無電梯),住家用,0691231,134.99,4,2,2,有,有,19300000,142974.0,,0.0,0,陽台外推；其他增建；,RPXNMLQLRHIGFCA88DA,119.51,0.0,15.48,無,,43.0
中山區,房地(土地+建物),合江街１３０巷２２號,33.75,住,,,1120925,土地1建物1車位0,一層,四層,公寓(5樓含以下無電梯),住家用,0621113,81.37,3,2,1,有,無,26500000,325673.0,,0.0,0,本買賣含一樓空地增建、平台外推、地下室未辦保存登記面積之使用權、增設室內梯相通地下室。其他增建；未登記建物；,RPPNMLSLRHIGFCA28DA,81.37,0.0,0.0,無,,50.0
松山區,房地(土地+建物),敦化北路４巷３７號二樓之２,6.91,住,,,1120916,土地1建物1車位0,二層,六層,華廈(10層含以下有電梯),住家用,1050203,30.51,0,1,1,有,有,11500000,376926.0,,0.0,0,,RPROMLMLRHIGFDA08DA,12.74,0.0,1.14,有,,8.0
南港區,房地(土地+建物),重陽路１６６巷４弄２０號三樓,30.5,住,,,1120922,土地1建物1車位0,三層,四層,公寓(5樓含以下無電梯),住家用,0610317,69.53,3,2,1,有,無,12890000,185388.0,,0.0,0,陽台外推；,RPVNMLNJIIIGFDA47DA,62.69,0.0,6.84,無,1245.0,52.0
信義區,房地(土地+建物),吳興街４５０巷５弄５號五樓,24.92,住,,,1120921,土地1建物1車位0,五層,五層,公寓(5樓含以下無電梯),住家用,0790518,94.16,3,1,2,有,無,18680000,198386.0,,0.0,0,陽台外推；其他增建；,RPTOMLNKIIIGFDA47DA,75.28,1.36,8.81,無,,33.0
北投區,房地(土地+建物),溫泉路２１巷２號四樓,33.0,住,,,1120910,土地1建物1車位0,四層,四層,公寓(5樓含以下無電梯),住家用,0620214,85.3,6,3,2,有,無,10300000,120750.0,,0.0,0,其他增建；,RPPNMLKKRHIGFEA57DA,85.3,0.0,0.0,無,,51.0
北投區,房地(土地+建物),立農街一段１８７巷１２號五樓,31.95,住,,,1120902,土地1建物1車位0,五層,五層,公寓(5樓含以下無電梯),住家用,0741007,112.83,2,2,2,有,無,15000000,132943.0,,0.0,0,陽臺增建其他增建；,RPPNMLQKRHIGFEA18DA,93.26,0.0,9.53,無,,38.0
士林區,房地(土地+建物),中山北路七段１９０巷８之４號,20.56,住,,,1120903,土地1建物1車位0,一層,七層,華廈(10層含以下有電梯),住家用,0700711,108.6,2,2,1,有,無,18880000,173849.0,,0.0,0,其他增建；,RPQOMLPLRHIGFEA38DA,81.57,14.86,0.0,有,,42.0
北投區,房地(土地+建物)+車位,榮華一路８號七樓,21.74,住,,,1120918,土地1建物1車位1,七層,十層,華廈(10層含以下有電梯),住家用,1110815,147.86,3,2,2,有,有,36500000,302789.0,塔式車位,34.91,2300000,土地總價19150000元整建物總價15050000元整,RPWNMLOJIIIGFEA77DA,64.96,0.0,6.74,有,,1.0
北投區,房地(土地+建物),中和街４９３巷５弄１６號五樓,22.73,住,,,1120907,土地9建物1車位0,五層,五層,公寓(5樓含以下無電梯),住家用,0690530,68.02,3,2,1,有,無,9580000,140841.0,,0.0,0,陽台外推；其他增建；,RPRNMLRJIIIGFEA57DA,64.87,0.0,3.15,無,1250.0,43.0
士林區,房地(土地+建物),延平北路六段２５８巷３６弄１２號四樓,18.33,住,,,1120910,土地1建物1車位0,四層,五層,公寓(5樓含以下無電梯),住家用,0690920,59.37,2,2,1,有,無,7900000,133064.0,,0.0,0,,RPQNMLPKIIIGFEA37DA,55.5,0.0,3.87,無,,43.0
內湖區,房地(土地+建物)+車位,民權東路六段１９０巷１１１號二樓,59.88,住,,,1120907,土地1建物1車位1,二層,五層,華廈(10層含以下有電梯),住家用,0980123,150.07999999999998,3,2,2,有,有,28100000,187233.0,坡道平面,0.0,0,,RPPNMLSKIIIGFCA47EA,72.32,3.17,6.78,有,,15.0
信義區,房地(土地+建物),吳興街２８４巷１３弄１號三樓之１,9.98,住,,,1120917,土地1建物1車位0,三層,七層,華廈(10層含以下有電梯),住家用,0821123,54.43,1,1,1,有,有,12080000,221936.0,,0.0,0,,RPPNMLSKIIIGFDA57EA,37.44,0.0,5.92,有,1252.0,30.0
文山區,房地(土地+建物),木柵路二段１０９巷１００弄２０號十七樓,40.1,住,,,1120916,土地2建物1車位0,十七層,十七層,住宅大樓(11層含以上有電梯),住家用,0850925,75.68,2,2,1,有,有,13200000,174419.0,,0.0,0,其他增建；,RPXNMLQLRHIGFAA68DA,49.48,1.16,7.15,有,1254.0,27.0
文山區,房地(土地+建物),試院路１４４巷４弄２４號六樓,23.47,住,,,1120908,土地7建物1車位0,六層,七層,華廈(10層含以下有電梯),住家用,0840303,67.32,2,0,2,有,有,10150000,150772.0,,0.0,0,陽台外推；其他增建；,RPPNMLNKIIIGFAA66DA,38.02,1.49,5.0,有,1255.0,29.0
萬華區,房地(土地+建物),環河南路二段１９８巷１０號三樓,27.33,住,,,1120902,土地1建物1車位0,三層,三層,公寓(5樓含以下無電梯),住家用,0570919,58.41,2,2,1,有,無,7000000,119842.0,,0.0,0,其他增建；,RPQNMLNJIIIGFBA76DA,58.41,0.0,0.0,無,,55.0
萬華區,房地(土地+建物),青年路３０巷７號六樓之２,22.5,住,,,1120926,土地1建物1車位0,六層,十二層,住宅大樓(11層含以上有電梯),住家用,0760316,105.14,3,2,2,有,有,20000000,190223.0,,0.0,0,,RPTNMLLKIIIGFBA96DA,73.26,0.0,8.5,有,,37.0
內湖區,房地(土地+建物)+車位,內湖路二段１７９巷３弄３號七樓,12.49,住,,,1120921,土地1建物1車位1,七層,十三層,住宅大樓(11層含以上有電梯),住家用,1110428,96.73,2,1,1,有,有,25500000,270301.0,升降機械,7.57,1400000,,RPSNMLMJIIIGFCA96DA,48.81,6.13,4.6,有,,1.0
內湖區,房地(土地+建物)+車位,行善路３３３巷８８號四樓,37.31,住,,,1120916,土地1建物1車位1,四層,九層,華廈(10層含以下有電梯),住家用,0980306,192.93,1,2,1,有,有,35940000,186285.0,升降平面,14.67,0,其他增建；,RPTOMLMJIIIGFCA17DA,87.57,18.44,8.33,有,1258.0,15.0
內湖區,房地(土地+建物),金龍路７３號四樓,23.9,住,,,1120903,土地1建物1車位0,四層,五層,公寓(5樓含以下無電梯),住家用,0710921,86.33,3,2,1,有,無,17000000,196919.0,,0.0,0,其他增建；,RPVNMLQJIIIGFCA67DA,78.26,0.0,8.07,無,,41.0
內湖區,房地(土地+建物)+車位,江南街４１巷１６號二樓,39.83,住,,,1120910,土地1建物1車位1,二層，電梯樓梯間,六層,華廈(10層含以下有電梯),住家用,0860612,139.78,3,2,2,有,無,29000000,234887.0,坡道平面,26.96,2500000,,RPWNMLQJIIIGFCA77DA,92.76,1.37,10.95,有,,26.0
內湖區,房地(土地+建物),陽光街１６１巷１２之２６號四樓,25.66,住,,,1120909,土地1建物1車位0,四層,五層,華廈(10層含以下有電梯),住家用,1080716,49.85,1,1,1,有,有,12200000,244734.0,,0.0,0,,RPROMLQKIIIGFCA47DA,30.48,0.0,0.0,有,1260.0,4.0
中山區,房地(土地+建物)+車位,民權東路二段７１巷８號八樓,12.56,,,,1120919,土地1建物1車位1,八層,十五層,住宅大樓(11層含以上有電梯),住家用,1120203,103.93,3,1,1,有,有,33580000,311041.0,塔式車位,2.4,2000000,,RPVNMLTKIIIGFCA08DA,59.47,0.0,4.99,有,,1.0
松山區,房地(土地+建物),南京東路五段２３巷６弄１５號,40.0,住,,,1120903,土地1建物1車位0,一層,四層,公寓(5樓含以下無電梯),住家用,0630617,102.0,3,3,2,有,無,39100000,383333.0,,0.0,0,,RPPNMLSKRHIGFDA28DA,102.0,0.0,0.0,無,,49.0
北投區,房地(土地+建物),尊賢街３０２巷４號,56.75,住,,,1120908,土地1建物1車位0,一層,四層,公寓(5樓含以下無電梯),住家用,0610505,94.94,6,1,4,有,無,25250000,265957.0,,0.0,0,其他增建；,RPPNMLSKRHIGFEA38DA,94.94,0.0,0.0,無,,51.0
大安區,房地(土地+建物),新生南路二段７８號五樓之１,24.45,住,,,1120908,土地15建物1車位0,五層,七層,華廈(10層含以下有電梯),住家用,0690526,120.47,1,2,2,有,有,45000000,373568.0,,0.0,0,陽台外推；,RPQOMLRKIIIGFFA77DA,88.07,0.0,17.09,有,,43.0
內湖區,房地(土地+建物),東湖路１１３巷４９弄３２號二樓,31.88,住,,,1120926,土地1建物1車位0,二層,五層,公寓(5樓含以下無電梯),住家用,0741004,117.77,3,2,1,有,無,22000000,186805.0,,0.0,0,,RPRNMLTKIIIGFCA77EA,97.26,0.0,10.87,無,,38.0
信義區,房地(土地+建物),吳興街６００巷７６弄１５１號四樓,35.3,住,,,1120912,土地1建物1車位0,四層,五層,公寓(5樓含以下無電梯),住家用,0731231,110.84,3,1,2,有,無,12500000,112775.0,,0.0,0,含土地增值稅或其他稅費345168元；含仲介費60000元；含地政士服務費20000元；,RPTOMLNKRHIGFDA38EA,99.15,0.0,11.69,無,1266.0,39.0
士林區,房地(土地+建物),劍潭路６２號五樓,29.47,住,,,1120928,土地1建物1車位0,五層,五層,公寓(5樓含以下無電梯),住家用,0740802,103.83,3,2,2,有,無,14700000,141578.0,,0.0,0,,RPPNMLTKIIIGFEA77EA,86.81,0.0,13.28,無,,38.0
文山區,房地(土地+建物),景興路１５３巷１４弄１１號五樓,28.03,住,,,1120909,土地2建物1車位0,五層,五層,公寓(5樓含以下無電梯),住家用,0710726,91.42,3,2,2,有,有,16400000,179392.0,,0.0,0,陽台外推；其他增建；,RPQOMLTKRHIGFAA28DA,77.58,8.03,5.81,無,,41.0
文山區,房地(土地+建物)+車位,政大三街９號四樓,99.18,住,,,1120914,土地1建物1車位1,四層，五層，電梯樓梯間,五層,華廈(10層含以下有電梯),住家用,0851217,190.86,5,2,2,有,有,26000000,136226.0,坡道平面,0.0,2000000,陽台外推；其他增建；,RPOPMLTKIIIGFAA37DA,116.17,5.84,13.26,有,,27.0
文山區,房地(土地+建物),興隆路一段１０１號六樓之２,6.15,住,,,1120911,土地1建物1車位0,六層,九層,華廈(10層含以下有電梯),住家用,0990729,32.18,1,1,1,有,有,8050000,250155.0,,0.0,0,有夾層,RPSNMLKLIIIGFAA76DA,19.91,1.63,0.0,有,1267.0,13.0
大同區,房地(土地+建物),延平北路三段４６號五樓之１,8.7,住,,,1120917,土地1建物1車位0,五層,七層,華廈(10層含以下有電梯),住家用,0720422,50.27,2,1,1,有,無,12000000,238711.0,,0.0,0,陽台外推；,RPOOMLKLRHIGFBA37DA,34.21,0.0,8.8,有,1269.0,40.0
萬華區,房地(土地+建物),長順街４６巷２７號,50.0,住,,,1120911,土地2建物1車位0,全,二層,透天厝,住家用,,67.08,0,3,2,有,無,10060000,149970.0,,0.0,0,頂樓加蓋；其他增建；,RPSNMLPLRHIGFBA18DA,67.08,0.0,0.0,無,,
萬華區,房地(土地+建物)+車位,西園路二段８１巷７號二樓,20.39,住,,,1120911,土地1建物1車位1,二層,十二層,住宅大樓(11層含以上有電梯),住家用,1090721,131.03,2,2,2,有,有,23000000,175532.0,塔式車位,0.0,1900000,塔式車位樓層位於地下第二層。,RPUNMLMKIIIGFBA17DA,64.34,3.31,7.58,有,1270.0,3.0
內湖區,房地(土地+建物)+車位,金龍路２２２巷２號十一樓之２,42.0,住,,,1120902,土地1建物1車位1,十一層,十二層,住宅大樓(11層含以上有電梯),住家用,0821213,134.43,3,2,2,有,有,24300000,180763.0,坡道平面,32.54,0,陽台外推；其他增建；,RPOOMLKLRHIGFCA47DA,105.22,0.0,12.94,有,,30.0
內湖區,房地(土地+建物)+車位,行善路３３３巷８８號四樓之１,37.31,住,,,1120916,土地1建物1車位1,四層,九層,華廈(10層含以下有電梯),住家用,0980306,193.05,3,1,2,有,有,35940000,186169.0,升降平面,14.67,0,陽台外推；其他增建；,RPQPMLMJIIIGFCA96DA,87.59,18.44,8.33,有,1273.0,15.0
內湖區,房地(土地+建物),康寧路三段７５巷１２０號,81.76,住,,,1120912,土地1建物1車位0,一層,七層,華廈(10層含以下有電梯),住家用,0900817,151.86,3,2,1,有,有,26700000,175820.0,,0.0,0,陽台外推；其他增建；,RPRNMLOJIIIGFCA07DA,87.38,2.92,11.58,有,,22.0
內湖區,房地(土地+建物),文德路６６巷２６號,35.5,住,,,1120917,土地1建物1車位0,一層,七層,華廈(10層含以下有電梯),住家用,0730204,128.62,3,2,2,有,無,25600000,199036.0,,0.0,0,法定空地增建、平台加鐵窗,RPWNMLLKIIIGFCA37DA,82.37,16.41,0.0,有,1275.0,40.0
中山區,房地(土地+建物),八德路二段８８巷５號二樓,19.75,住,,,1120924,土地2建物1車位0,二層,四層,公寓(5樓含以下無電梯),住家用,0611213,54.84,2,1,1,有,無,13600000,247994.0,,0.0,0,其他增建；,RPWPMLMKIIIGFCA67DA,54.84,0.0,0.0,無,,51.0
內湖區,房地(土地+建物)+車位,內湖路二段３５０之２號七樓,28.07,住,,,1120904,土地1建物1車位1,七層,十二層,住宅大樓(11層含以上有電梯),住家用,1031023,184.6,3,2,2,有,有,39100000,211809.0,坡道平面,41.5,0,,RPQNMLRKIIIGFCA37DA,88.28,3.62,8.04,有,,9.0
信義區,房地(土地+建物),光復南路４１５巷２號二樓之１,9.45,住,,,1120913,土地1建物1車位0,二層,九層,華廈(10層含以下有電梯),住家用,0821229,63.99,2,1,1,有,有,19860000,310361.0,,0.0,0,其他增建；,RPQOMLPJIIIGFDA27DA,46.28,0.0,2.0,有,,30.0
松山區,房地(土地+建物)+車位,健康路１７８之１號三樓,16.77,住,,,1120913,土地6建物1車位1,三層,十三層,住宅大樓(11層含以上有電梯),住家用,0670720,162.93,3,2,2,有,有,32500000,233941.0,坡道平面,36.83,3000000,陽台外推；其他增建；,RPTNMLLKIIIGFDA17DA,128.29,0.0,15.15,有,,45.0
士林區,房地(土地+建物)+車位,中山北路六段３５巷１０號十二樓,12.8,住,,,1120909,土地1建物1車位1,十二層,二十一層,住宅大樓(11層含以上有電梯),住家用,1051003,118.4,2,2,1,有,有,34300000,365740.0,坡道平面,32.82,3000000,,RPVOMLPKRHIGFEA78DA,45.12,3.82,8.46,有,1279.0,7.0
士林區,房地(土地+建物)+車位,中山北路七段８７號八樓,100.79,住,,,1120911,土地1建物1車位6,八層,十九層,住宅大樓(11層含以上有電梯),住家用,1030811,658.34,5,2,6,有,有,195000000,393368.0,坡道平面,208.38,18000000,,RPTNMLQLRHIGFEA68DA,259.47,5.13,23.88,有,1280.0,9.0
北投區,房地(土地+建物),吉利街１３４號四樓,39.5,住,,,1120912,土地1建物1車位0,四層,四層,公寓(5樓含以下無電梯),住家用,0621116,119.85,3,2,2,有,無,18000000,150188.0,,0.0,0,頂樓加蓋；其他增建；,RPPNMLNJIIIGFEA96DA,119.85,0.0,0.0,無,,50.0
士林區,房地(土地+建物)+車位,格致路２０３號三樓之５,22.46,住,,,1120907,土地1建物1車位1,三層,十層,華廈(10層含以下有電梯),住家用,0850730,72.46,1,1,1,有,有,5300000,73144.0,坡道平面,0.0,800000,陽台外推；夾層；,RPTNMLQKIIIGFEA77DA,21.8,0.0,3.72,有,,27.0
北投區,房地(土地+建物),溫泉路６５巷９之５號三樓,22.79,住,,,1120913,土地2建物1車位0,三層,七層,華廈(10層含以下有電梯),住家用,0890719,76.97,2,2,1,有,有,15500000,201377.0,,0.0,0,,RPTOMLSKIIIGFEA08DA,51.49,2.34,5.84,有,1284.0,23.0
中正區,房地(土地+建物)+車位,杭州南路一段１４巷１９號五樓,42.44,住,,,1120910,土地1建物1車位1,五層,六層,華廈(10層含以下有電梯),住家用,0861028,157.39999999999998,3,2,2,有,有,46880000,297840.0,坡道平面,0.0,0,其他增建；,RPQNMLNLIIIGFBA07EA,90.94,2.5,11.63,有,1286.0,26.0
中山區,房地(土地+建物),松江路４６９巷４７號九樓,21.49,住,,,1120910,土地1建物1車位0,九層,十一層,住宅大樓(11層含以上有電梯),住家用,0770104,148.54,3,2,2,有,有,27650000,186145.0,,0.0,0,,RPSNMLKLIIIGFCA07EA,134.02,2.86,4.99,有,,36.0
北投區,房地(土地+建物),杏林一路２６之１號一樓,49.25,住,,,1120924,土地1建物1車位0,一層，平台,二層,公寓(5樓含以下無電梯),住家用,0640324,62.83,3,2,1,有,無,10680000,169982.0,,0.0,0,其他增建；,RPRNMLTKIIIGFEA97EA,62.83,0.0,0.0,無,,49.0
北投區,房地(土地+建物),同德街１３號五樓,32.91,住,,,1120921,土地1建物1車位0,五層,五層,公寓(5樓含以下無電梯),住家用,0730619,119.62,3,1,1,有,無,18000000,150477.0,,0.0,0,具重建或重劃、都更等效益；,RPQNMLKLIIIGFEA07EA,96.63,0.0,11.79,無,,39.0
大安區,房地(土地+建物)+車位,金山南路二段１８８號二十二樓之１,20.16,住,,,1120916,土地4建物1車位1,二十二層,二十四層,住宅大樓(11層含以上有電梯),住家用,1080910,176.17,2,2,2,有,有,69400000,504015.0,坡道平面,45.42,3500000,土地價款：4613萬、建物價款：1977萬、車位價款：350萬,RPPNMLKLIIIGFFA07EA,82.79,0.0,6.28,有,,4.0
大安區,房地(土地+建物)+車位,金山南路二段１８８號二十二樓之３,20.29,住,,,1120916,土地4建物1車位1,二十二層,二十四層,住宅大樓(11層含以上有電梯),住家用,1080910,177.0,2,2,2,有,有,69800000,503838.0,坡道平面,45.42,3500000,土地價款：4641萬、建物價款：1989萬、車位價款：350萬,RPQNMLKLIIIGFFA17EA,83.38,0.0,6.26,有,,4.0
大安區,房地(土地+建物),臥龍街１９２號五樓,29.7,住,,,1120927,土地1建物1車位0,五層,五層,公寓(5樓含以下無電梯),住家用,0680817,96.85,3,2,1,有,無,14000000,144553.0,,0.0,0,頂樓加蓋；,RPSNMLKLIIIGFFA37EA,92.03,0.0,4.82,無,,44.0
文山區,房地(土地+建物)+車位,辛亥路四段７７巷６８號十樓,109.03,住,,,1120905,土地1建物1車位1,十層，十一層,十一層,住宅大樓(11層含以上有電梯),住家用,0831101,214.21,5,2,2,有,有,33680000,157229.0,升降平面,0.0,1800000,陽台外推；其他增建；,RPPOMLSJRHIGFAA97DA,122.74,19.71,10.86,有,,29.0
文山區,房地(土地+建物)+車位,辛亥路四段７７巷９２弄５號四樓之１,105.46,住,,,1120919,土地3建物1車位1,四層,十一層,住宅大樓(11層含以上有電梯),住家用,0920922,197.92,3,2,2,有,有,31680000,183595.0,坡道平面,36.26,2000000,另有大安區辛亥段四小段615-1、615-2、762-1地號，同一價格陽台外推；預售屋、或土地及建物分件登記案件；,RPQVMLOJIIIGFAA57DA,101.27,0.0,14.9,有,,20.0
文山區,房地(土地+建物),木新路二段２１２號三樓,26.28,住,,,1120916,土地1建物1車位0,三層,五層,公寓(5樓含以下無電梯),住家用,0730502,123.79,3,2,2,有,無,16200000,130867.0,,0.0,0,陽台外推；其他增建；,RPQNMLLKIIIGFAA56DA,98.6,5.33,6.54,無,,39.0
文山區,房地(土地+建物),和興路２８巷５號三樓之３,20.64,住,,,1120913,土地2建物1車位0,三層,六層,華廈(10層含以下有電梯),住家用,0810820,69.5,2,1,1,有,有,12000000,172662.0,,0.0,0,,RPWNMLKLIIIGFAA17DA,47.99,4.13,6.06,有,,31.0
萬華區,房地(土地+建物),萬大路３２２巷３７弄１號三樓,34.25,住,,,1120919,土地1建物1車位0,三層,四層,公寓(5樓含以下無電梯),住家用,0640122,86.03,3,2,1,有,無,11500000,133674.0,,0.0,0,陽台外推；其他增建；,RPPNMLKMRHIGFBA47DA,73.18,0.0,12.85,無,,49.0
中正區,建物,忠孝東路一段８６號九樓之５,0.0,,,,1120915,土地0建物1車位0,九層,十四層,住宅大樓(11層含以上有電梯),住家用,0900913,126.46,3,2,2,有,有,18880000,149296.0,,0.0,0,陽台外推；其他增建；,RPPOMLNKIIIGFBA86DA,68.45,1.22,8.11,有,,22.0
萬華區,房地(土地+建物),中華路二段５０２號四樓,17.51,住,,,1120913,土地1建物1車位0,四層,十二層,住宅大樓(11層含以上有電梯),住家用,0680403,63.09,2,1,1,有,有,12600000,199715.0,,0.0,0,陽台外推；其他增建；,RPRNMLKLIIIGFBA76DA,55.83,0.0,7.26,有,,44.0
中山區,房地(土地+建物),伊通街１２５巷１５之１號四樓,27.51,住,,,1120924,土地1建物1車位0,四層,七層,華廈(10層含以下有電梯),住家用,0701223,136.04,4,2,2,有,無,35500000,260953.0,,0.0,0,陽台外推；其他增建；,RPPNMLOLRHIGFCA87DA,92.88,0.0,19.92,有,,42.0
中山區,房地(土地+建物),松江路３３０巷５３號四樓之１,6.95,住,,,1120917,土地1建物1車位0,四層,九層,華廈(10層含以下有電梯),住家用,0961207,46.27,1,1,1,有,有,12880000,278366.0,,0.0,0,,RPVNMLSLRHIGFCA88DA,27.49,2.95,0.0,有,1297.0,16.0
內湖區,房地(土地+建物),環山路二段１２３號五樓,26.75,住,,,1120912,土地2建物1車位0,五層,五層,公寓(5樓含以下無電梯),住家用,0700128,99.23,3,2,2,有,無,17100000,172327.0,,0.0,0,頂樓加蓋；其他增建；,RPUPMLOJIIIGFCA57DA,91.0,0.0,8.23,無,,43.0
內湖區,房地(土地+建物),內湖路一段９１巷３７弄８號五樓,36.86,住,,,1120917,土地1建物1車位0,五層,五層,公寓(5樓含以下無電梯),住家用,0770505,104.11,3,2,2,有,無,16850000,161848.0,,0.0,0,頂樓加蓋；,RPROMLNLIIIGFCA27DA,85.7,0.52,8.07,無,,35.0
南港區,房地(土地+建物)+車位,松河街７７２號三樓,28.73,住,,,1120910,土地1建物1車位1,三層,七層,華廈(10層含以下有電梯),住家用,0981207,123.38,2,1,1,有,有,25000000,202626.0,坡道平面,18.19,0,陽台外推；其他增建；,RPRNMLPLRHIGFDA28DA,52.06,6.65,6.67,有,,14.0
信義區,房地(土地+建物),吳興街２８４巷１之３號四樓之１,8.08,住,,,1120902,土地1建物1車位0,四層,六層,華廈(10層含以下有電梯),住家用,0791212,45.61,1,1,1,有,無,12650000,277351.0,,0.0,0,其他增建；,RPQNMLQJIIIGFDA27DA,34.03,1.12,1.89,有,,33.0
松山區,房地(土地+建物),八德路四段３４０號,63.0,住,,,1120923,土地1建物1車位0,全,二層,透天厝,住家用,0741011,124.96,1,3,3,有,無,29000000,232074.0,,0.0,0,頂樓加蓋；其他增建；,RPVOMLMKIIIGFDA57DA,124.96,0.0,0.0,無,,38.0
南港區,房地(土地+建物),舊莊街一段１４５巷８弄１８號四樓,22.66,住,,,1120919,土地2建物1車位0,四層,四層,公寓(5樓含以下無電梯),住家用,0670828,57.74,2,1,1,有,無,7500000,129893.0,,0.0,0,頂樓加蓋；,RPPNMLNLIIIGFDA07DA,53.42,0.0,4.32,無,,45.0
南港區,房地(土地+建物),東新街７７巷１５弄８號,30.0,住,,,1120920,土地1建物1車位0,一層，平台，騎樓,三層,公寓(5樓含以下無電梯),住家用,,57.03,2,2,1,有,無,13000000,227950.0,,0.0,0,平台夾層；,RPSNMLNLIIIGFDA37DA,57.03,0.0,0.0,無,,
北投區,房地(土地+建物)+車位,泉源路４８號九樓之６,14.66,住,,,1120917,土地1建物1車位1,九層,十三層,住宅大樓(11層含以上有電梯),住家用,0890615,89.0,1,2,1,有,有,10880000,122247.0,坡道平面,0.0,2000000,夾層；其他增建；,RPRNMLNKIIIGFEA27DA,31.15,0.0,4.81,有,,23.0
大安區,房地(土地+建物)+車位,金山南路二段１６５號四樓,60.3,住,,,1120928,土地1建物1車位2,四層,九層,華廈(10層含以下有電梯),住家用,0981209,346.88,0,0,0,無,有,103680000,298893.0,坡道平面,0.0,0,,RPPNMLLJIIIGFFA86DA,155.55,5.14,17.85,有,1304.0,14.0
文山區,房地(土地+建物)+車位,羅斯福路六段１６６巷５號九樓,21.3,住,,,1120901,土地1建物1車位1,九層,十二層,住宅大樓(11層含以上有電梯),住家用,1111215,154.44,2,1,1,有,有,29775750,249538.0,坡道平面,42.33,1800000,,RPUNMLQJRHIGFAA18DA,69.53,3.21,3.81,有,,1.0
文山區,房地(土地+建物)+車位,萬壽路６２號九樓,47.93,住,,,1120918,土地1建物1車位1,九層，電梯樓梯間,十層,華廈(10層含以下有電梯),住家用,0860613,129.63,2,2,1,有,有,15980000,123274.0,坡道平面,0.0,2000000,陽台外推；夾層；其他增建；,RPQUMLOJIIIGFAA47DA,60.28,2.66,7.12,有,,26.0
文山區,房地(土地+建物),忠順街二段３８號三樓,18.59,住,,,1120916,土地1建物1車位0,三層,七層,華廈(10層含以下有電梯),住家用,0730712,105.24,3,2,1,有,有,16000000,152033.0,,0.0,0,陽台外推；其他增建；,RPSOMLPJIIIGFAA17DA,63.89,0.0,16.02,有,,39.0
中正區,房地(土地+建物)+車位,重慶南路三段６３號十樓,16.16,住,,,1120909,土地1建物1車位1,十層,十一層,住宅大樓(11層含以上有電梯),住家用,1020304,127.71,2,2,1,有,有,25800000,263188.0,升降平面,39.18,2500000,其他增建；,RPWNMLLKIIIGFAA17DA,49.28,6.2,3.67,有,1310.0,11.0
文山區,房地(土地+建物),下崙路２８巷１之１號,15.21,住,,,1120914,土地1建物1車位0,一層,七層,華廈(10層含以下有電梯),住家用,1051129,58.41,2,1,1,有,有,15300000,261941.0,,0.0,0,夾層；,RPWNMLNKIIIGFAA37DA,35.31,0.0,0.0,有,1311.0,7.0
文山區,房地(土地+建物),景福街１２４號四樓,18.56,住,,,1120922,土地2建物1車位0,四層,五層,公寓(5樓含以下無電梯),住家用,0690911,114.05,3,2,2,有,無,13400000,117492.0,,0.0,0,,RPSNMLNLIIIGFAA07DA,98.23,0.0,15.82,無,,43.0
文山區,房地(土地+建物),興隆路三段１８５巷１１弄２０號,28.34,住,,,1120917,土地7建物1車位0,一層,五層,公寓(5樓含以下無電梯),住家用,0720823,92.51,3,2,2,有,無,12200000,131878.0,,0.0,0,其他增建；,RPRNMLOLIIIGFAA07DA,62.43,22.06,0.0,無,,40.0
萬華區,房地(土地+建物),青年路３０巷７號七樓之２,22.5,住,,,1120920,土地1建物1車位0,七層,十二層,住宅大樓(11層含以上有電梯),住家用,0760316,105.14,3,1,2,有,有,18000000,171200.0,,0.0,0,陽台外推；,RPPOMLSLRHIGFBA28DA,73.26,0.0,8.5,有,,37.0
萬華區,房地(土地+建物),長泰街２８２巷６號四樓,27.5,住,,,1120912,土地1建物1車位0,四層,四層,公寓(5樓含以下無電梯),住家用,0581201,72.77,3,2,1,有,無,10800000,148413.0,,0.0,0,陽台外推；頂樓加蓋；,RPRNMLLKIIIGFBA76DA,72.77,0.0,0.0,無,,54.0
中山區,房地(土地+建物),松江路１４０巷６之１號四樓,27.75,住,,,1120922,土地1建物1車位0,四層,四層,公寓(5樓含以下無電梯),住家用,0571226,88.75,2,1,2,有,無,21480000,242028.0,,0.0,0,頂樓加蓋；其他增建；,RPUNMLQKIIIGFCA67DA,88.75,0.0,0.0,無,,55.0
內湖區,房地(土地+建物)+車位,成功路四段１８０號十樓之１,17.01,,,,1120901,土地1建物1車位1,十層,二十九層,住宅大樓(11層含以上有電梯),住家用,1070223,239.3,3,2,2,有,有,66180000,302950.0,坡道平面,29.1,2500000,,RPXNMLOLIIIGFCA87DA,122.03,3.29,17.12,有,1313.0,6.0
松山區,房地(土地+建物),南京東路三段３３５巷２３號四樓之２５,4.64,住,,,1120926,土地3建物1車位0,四層,七層,華廈(10層含以下有電梯),住家用,0740819,28.78,1,1,1,有,有,9400000,326616.0,,0.0,0,,RPPOMLQJIIIGFDA27DA,15.77,0.0,3.24,有,,38.0
信義區,房地(土地+建物)+車位,松德路７２號四樓,19.8,住,,,1120912,土地2建物1車位1,四層,十二層,住宅大樓(11層含以上有電梯),住家用,0790821,240.38,3,2,2,有,有,50000000,208004.0,坡道平面,0.0,2500000,另有2室.遊戲室及書房,RPQNMLNLIIIGFDA17DA,203.24,0.86,20.28,有,1314.0,33.0
信義區,房地(土地+建物),林口街２４巷７號三樓,35.75,住,,,1120913,土地2建物1車位0,三層,四層,公寓(5樓含以下無電梯),住家用,0590121,67.65,2,2,1,有,無,15500000,229120.0,,0.0,0,,RPTNMLNLIIIGFDA47DA,67.65,0.0,0.0,無,,54.0
信義區,房地(土地+建物),吳興街３２０巷１０之１號四樓,19.4,住,,,1120923,土地2建物1車位0,四層,五層,華廈(10層含以下有電梯),住家用,0801016,95.0,3,2,2,有,有,20380000,214526.0,,0.0,0,陽台外推；,RPQOMLNLIIIGFDA27DA,63.19,0.0,10.53,有,1315.0,32.0
信義區,房地(土地+建物),忠孝東路五段７１巷１２弄９號,35.0,住,,,1120917,土地1建物1車位0,一層,四層,公寓(5樓含以下無電梯),住家用,0631021,86.82,6,0,6,有,無,30200000,347846.0,,0.0,0,空地增建其他增建；,RPPNMLOLIIIGFDA17DA,86.82,0.0,0.0,無,,49.0
北投區,房地(土地+建物),中山北路七段２１９巷３弄１３１號,9.6,住,,,1120917,土地1建物1車位0,一層,七層,華廈(10層含以下有電梯),住家用,0731027,46.51,1,1,1,有,有,7800000,167706.0,,0.0,0,其他增建；,RPXNMLRLRHIGFEA56DA,36.11,5.3,0.0,有,1316.0,39.0
北投區,房地(土地+建物),文林北路２５８號十一樓,20.23,住,,,1120926,土地1建物1車位0,十一層,十二層,住宅大樓(11層含以上有電梯),住家用,0740404,138.48,3,2,2,有,有,24880000,179665.0,,0.0,0,鐵鋁窗增建其他增建；,RPPOMLPJIIIGFEA27DA,101.34,0.0,16.3,有,,38.0
北投區,房地(土地+建物),公路３２６巷１５號,123.0,住,,,1120909,土地1建物1車位0,全,二層,透天厝,住家用,0611221,158.62,4,4,2,有,無,49000000,308914.0,,0.0,0,頂樓加蓋；其他增建；,RPUNMLPLIIIGFEA87DA,158.62,0.0,0.0,無,,51.0
大安區,房地(土地+建物),安居街９巷１１號三樓,29.46,住,,,1120917,土地1建物1車位0,三層,五層,公寓(5樓含以下無電梯),住家用,0680807,102.13,6,0,6,有,無,18000000,176246.0,,0.0,0,陽台外推；其他增建；,RPTOMLOJIIIGFFA67DA,88.62,0.0,13.51,無,,44.0
大安區,房地(土地+建物),泰順街２６巷４之２號三樓,25.06,住,,,1120909,土地2建物1車位0,三層,五層,公寓(5樓含以下無電梯),住家用,0730616,112.94,3,2,2,有,無,26500000,234638.0,,0.0,0,陽台外推；其他增建；,RPUNMLNKIIIGFFA67DA,75.28,0.0,24.15,無,,39.0
大安區,房地(土地+建物),復興南路二段３４０巷２１號三樓,30.75,住,,,1120905,土地1建物1車位0,三層，陽臺,四層,公寓(5樓含以下無電梯),住家用,0601008,87.36,2,2,1,有,無,22500000,257555.0,,0.0,0,,RPQNMLKLIIIGFFA07DA,87.36,0.0,0.0,無,,52.0
大安區,房地(土地+建物),新生南路三段７之４號,33.83,住,,,1120919,土地1建物1車位0,四層,六層,華廈(10層含以下有電梯),住家用,,167.6,0,0,0,無,無,38000000,226730.0,,0.0,0,其他增建；,RPRNMLNLIIIGFFA47DA,167.6,0.0,0.0,有,,
大安區,房地(土地+建物),信義路三段１３４巷１００號,29.22,住,,,1120927,土地1建物1車位0,一層,十五層,住宅大樓(11層含以上有電梯),住家用,0750415,145.44,2,2,1,有,有,42000000,288799.0,,0.0,0,平台外推其他增建；,RPQNMLOLIIIGFFA47DA,106.26,12.57,0.0,有,1322.0,37.0
內湖區,房地(土地+建物)+車位,東湖路１２２號七樓之１,21.5,住,,,1120920,土地1建物1車位1,七層，電梯樓梯間,九層,華廈(10層含以下有電梯),住家用,0861204,97.87,2,1,1,有,有,18300000,186983.0,坡道平面,0.0,0,,RPVNMLNLIIIGFCA67EA,55.64,2.47,7.46,有,1324.0,26.0
北投區,房地(土地+建物),大興街２４巷７弄５號四樓,30.56,住,,,1120909,土地1建物1車位0,四層,四層,公寓(5樓含以下無電梯),住家用,0681224,97.79,3,2,2,有,無,15100000,154413.0,,0.0,0,陽台外推；頂樓加蓋；,RPRNMLOLIIIGFEA57EA,89.82,0.0,7.97,無,1325.0,44.0
文山區,房地(土地+建物),羅斯福路五段２６９巷２０號六樓,27.17,住,,,1120913,土地1建物1車位0,六層,十三層,住宅大樓(11層含以上有電梯),住家用,1000517,145.02,3,2,2,有,有,31280000,215694.0,,0.0,0,,RPQNMLMLRHIGFAA57DA,76.97,6.39,8.54,有,,12.0
文山區,房地(土地+建物),辛亥路四段７７巷９２弄９號十二樓之９,35.22,住,,,1120926,土地3建物1車位0,十二層,十四層,住宅大樓(11層含以上有電梯),住家用,0920922,53.03,1,1,1,有,有,10060000,189704.0,,0.0,0,另有大安區辛亥段四小段615-1、615-2、762-1地號，同一價格。預售屋、或土地及建物分件登記案件；,RPRVMLOJIIIGFAA67DA,34.47,0.0,3.33,有,,20.0
文山區,房地(土地+建物)+車位,辛亥路四段１２８之２號八樓,33.64,,,,1120920,土地16建物1車位1,八層,十八層,住宅大樓(11層含以上有電梯),住家用,1060602,184.2,3,2,2,有,有,34700000,196741.0,坡道機械,15.45,1500000,,RPQNMLPJIIIGFAA86DA,95.46,0.0,14.25,有,,6.0
中正區,房地(土地+建物),汀州路二段２３６號二樓,15.0,住,,,1120912,土地1建物1車位0,二層,五層,公寓(5樓含以下無電梯),住家用,0700204,57.71,1,1,1,有,無,14500000,251256.0,,0.0,0,陽台外推；其他增建；,RPQNMLQJIIIGFAA96DA,50.67,0.0,7.04,無,1326.0,43.0
文山區,房地(土地+建物)+車位,政大二街２６０巷１５號二樓,83.68,住,,,1120912,土地1建物1車位1,二層,五層,華廈(10層含以下有電梯),住家用,1020805,204.54,3,2,3,有,有,26800000,138154.0,坡道平面,25.03,2000000,其他增建；,RPPNMLQKIIIGFAA96DA,98.77,13.11,13.55,有,1327.0,10.0
文山區,房地(土地+建物)+車位,萬盛街８９之８號六樓,13.2,住,,,1120915,土地1建物1車位1,六層,八層,華廈(10層含以下有電梯),住家用,1050816,104.76,0,0,0,無,有,21780000,246879.0,升降平面,25.45,2200000,,RPQOMLQKIIIGFAA17DA,37.5,11.71,0.0,有,,7.0
萬華區,房地(土地+建物),東園街７３巷４８號三樓,20.5,住,,,1120916,土地1建物1車位0,三層,四層,公寓(5樓含以下無電梯),住家用,0580703,70.75,3,1,1,有,無,7900000,111661.0,,0.0,0,漏滲水由買方自行修繕,RPTPMLQKIIIGFBA67DA,65.11,0.0,5.64,無,,54.0
內湖區,房地(土地+建物),康寧路三段７５巷１８６弄５４號,217.94,住,,,1120915,土地2建物1車位0,全,四層,透天厝,住家用,0750127,320.53999999999996,5,2,3,有,有,38600000,120422.0,,0.0,0,,RPPNMLQKIIIGFCA17DA,205.1,101.28,13.14,無,,38.0
中山區,房地(土地+建物),遼寧街２１１號二樓之４,16.19,住,,,1120920,土地1建物1車位0,二層,十五層,住宅大樓(11層含以上有電梯),住家用,0750609,84.7,3,2,1,有,有,21550000,254427.0,,0.0,0,陽台外推；其他增建；,RPTPMLKLIIIGFCA27DA,65.97,0.0,5.58,有,,37.0
南港區,房地(土地+建物),合順街８巷３弄４５號二樓,21.25,住,,,1120913,土地1建物1車位0,二層,四層,公寓(5樓含以下無電梯),住家用,,77.0,3,2,2,有,無,9800000,127273.0,,0.0,0,陽台外推；其他增建；,RPUOMLTKRHIGFDA98DA,77.0,0.0,0.0,無,,
松山區,房地(土地+建物),民權東路三段１０６巷２１弄６號三樓,27.14,住,,,1120915,土地1建物1車位0,三層,七層,華廈(10層含以下有電梯),住家用,0710422,128.93,3,2,2,有,有,29300000,227255.0,,0.0,0,陽台外推；,RPSNMLRLRHIGFDA58DA,106.03,0.0,15.54,有,,41.0
南港區,房地(土地+建物),經貿二路１５７巷３６弄８８號四樓之３,12.95,住,,,1120907,土地1建物1車位0,四層,七層,華廈(10層含以下有電梯),住家用,0970910,53.75,1,1,1,有,有,13600000,253023.0,,0.0,0,,RPSOMLOJIIIGFDA37DA,29.24,2.82,3.11,有,1334.0,15.0
信義區,房地(土地+建物),忠孝東路五段４２３巷３０號三樓,23.25,住,,,1120918,土地1建物1車位0,三層,四層,公寓(5樓含以下無電梯),住家用,0610929,56.93,3,2,1,有,無,14880000,261374.0,,0.0,0,其他增建；,RPQOMLLKIIIGFDA96DA,56.93,0.0,0.0,無,,51.0
士林區,房地(土地+建物),文林路７６３號五樓之５,17.11,住,,,1120920,土地1建物1車位0,五層,十一層,住宅大樓(11層含以上有電梯),住家用,0700204,146.4,4,3,2,有,有,26350000,179986.0,,0.0,0,陽台外推；其他增建；,RPQOMLMJIIIGFEA07DA,110.66,0.0,14.04,有,,43.0
北投區,房地(土地+建物),崇仁路一段１６８號二樓之３,10.28,住,,,1120930,土地1建物1車位0,二層，電梯樓梯間,十四層,住宅大樓(11層含以上有電梯),住家用,0870729,46.45,1,1,1,有,有,10000000,215285.0,,0.0,0,夾層；其他增建；,RPUNMLKLIIIGFEA37DA,32.23,2.62,3.28,有,,25.0
士林區,房地(土地+建物)+車位,格致路１７９號四樓之１,156.37,住,,,1120928,土地1建物1車位3,四層,四層,華廈(10層含以下有電梯),住家用,1020409,408.51,0,0,0,無,有,69800000,170865.0,坡道平面,0.0,6000000,,RPPNMLOLIIIGFEA27DA,190.38,3.14,20.45,有,,10.0
士林區,房地(土地+建物)+車位,格致路１７９號四樓,156.37,住,,,1120928,土地1建物1車位3,四層,四層,華廈(10層含以下有電梯),住家用,1020409,408.51,0,0,0,無,有,69800000,170865.0,坡道平面,0.0,6000000,,RPQNMLOLIIIGFEA37DA,190.38,3.14,20.45,有,,10.0
大安區,房地(土地+建物)+車位,敦化南路二段２００巷８號四樓,29.12,住,,,1120901,土地2建物1車位1,四層,十層,華廈(10層含以下有電梯),住家用,0780322,164.07,3,2,2,有,有,45080000,320734.0,坡道平面,34.43,3500000,其他增建；,RPQNMLNJIIIGFFA17DA,133.47,0.0,13.9,有,,34.0
大安區,房地(土地+建物),新生南路三段３６號四樓,14.87,住,,,1120920,土地1建物1車位0,四層,二十二層,住宅大樓(11層含以上有電梯),住家用,0770106,183.23,3,2,2,有,有,53000000,289254.0,,0.0,0,,RPRNMLQKIIIGFFA67DA,142.97,0.0,7.4,有,1340.0,36.0
大安區,房地(土地+建物),安和路一段４９巷２３號二樓之１,29.99,住,,,1120903,土地1建物1車位0,二層,七層,華廈(10層含以下有電梯),住家用,0650210,149.32999999999998,5,2,2,有,有,38000000,254470.0,,0.0,0,陽台外推；,RPWNMLRKIIIGFFA28DA,126.2,0.0,14.49,有,,48.0
大安區,房地(土地+建物),和平東路二段１７５巷３７弄８號三樓,48.0,住,,,1120923,土地1建物1車位0,三層，陽臺,四層,公寓(5樓含以下無電梯),住家用,0610929,126.43,4,2,2,有,無,35800000,283161.0,,0.0,0,陽台外推；其他增建；,RPWNMLNLIIIGFFA97DA,126.43,0.0,0.0,無,1341.0,51.0
大安區,房地(土地+建物),建國南路一段３２７號十三樓之１,2.54,住,,,1120917,土地1建物1車位0,十三層,十四層,住宅大樓(11層含以上有電梯),住家用,0750520,25.78,1,0,1,有,有,9500000,368503.0,,0.0,0,,RPTNMLPLIIIGFFA87DA,17.66,0.0,4.52,有,183.0,37.0
內湖區,房地(土地+建物)+車位,內湖路一段９１巷１０２弄１８號六樓,36.53,住,,,1120919,土地1建物1車位1,六層,八層,華廈(10層含以下有電梯),住家用,0941228,161.0,3,2,2,有,無,33000000,204969.0,坡道平面,33.84,0,,RPPNMLPLIIIGFCA27EA,81.62,4.08,9.24,有,,18.0
士林區,房地(土地+建物),承德路四段４０巷５０號六樓之１１,12.82,住,,,1120928,土地1建物1車位0,五層,五層,公寓(5樓含以下無電梯),住家用,0591008,35.97,2,2,1,有,無,5500000,152905.0,,0.0,0,頂樓加蓋；,RPQNMLPLIIIGFEA57EA,32.77,1.85,1.35,無,,53.0
文山區,房地(土地+建物),興隆路四段２９巷４弄３１號五樓,22.61,住,,,1120916,土地2建物1車位0,五層,五層,公寓(5樓含以下無電梯),住家用,0710629,82.25,2,2,1,有,無,11600000,141033.0,,0.0,0,頂樓加蓋；,RPQNMLNLRHIGFAA67DA,59.78,0.0,10.83,無,,41.0
中正區,房地(土地+建物)+車位,羅斯福路三段２４４巷９弄３號五樓,19.73,住,,,1120922,土地1建物1車位1,五層,七層,華廈(10層含以下有電梯),住家用,1120105,93.33,2,2,1,有,有,30660000,373227.0,升降機械,17.88,2500000,,RPUNMLNJIIIGFAA07DA,41.83,0.0,3.96,有,1345.0,1.0
文山區,房地(土地+建物),辛亥路四段７７巷９２弄１１號九樓之２,37.87,住,,,1120924,土地3建物1車位0,九層,十四層,住宅大樓(11層含以上有電梯),住家用,0920922,60.51,1,1,1,有,有,12100000,199967.0,,0.0,0,另有大安區辛亥段四小段615-1、615-2、762-1地號，同一價格。預售屋、或土地及建物分件登記案件；,RPPNMLTJIIIGFAA17DA,37.01,0.0,4.28,有,1346.0,20.0
文山區,房地(土地+建物),福興路６３巷１１號三樓之３,11.8,住,,,1120928,土地2建物1車位0,三層,五層,公寓(5樓含以下無電梯),住家用,0830530,39.51,1,1,1,有,無,5700000,144267.0,,0.0,0,其他增建；,RPPNMLKKIIIGFAA98DA,27.4,0.0,0.0,無,1347.0,29.0
文山區,房地(土地+建物)+車位,汀州路四段２３１號五樓,36.7,住,,,1120923,土地1建物1車位1,五層,十四層,住宅大樓(11層含以上有電梯),住家用,0991105,190.09,3,2,2,有,有,36480000,191909.0,坡道平面,0.0,0,,RPTNMLQKIIIGFAA37DA,103.03,0.0,11.77,有,,13.0
萬華區,房地(土地+建物),德昌街１８５巷３６號五樓,31.69,住,,,1120914,土地2建物1車位0,五層,五層,公寓(5樓含以下無電梯),住家用,0690201,110.43,3,2,1,有,無,10700000,96894.0,,0.0,0,現況格局：３房２廳1.5衛,RPTNMLQLIIIGFBA57DA,94.63,0.0,15.8,無,,44.0
中山區,房地(土地+建物),中山北路二段６２巷１６號三樓,34.0,住,,,1120920,土地1建物1車位0,三層,四層,公寓(5樓含以下無電梯),住家用,0660316,100.61,3,2,3,有,無,28000000,278302.0,,0.0,0,陽台外推；其他增建；,RPQNMLKMRHIGFCA67DA,85.91,0.0,14.7,無,,47.0
內湖區,房地(土地+建物),文德路２１３號四樓,29.56,住,,,1120917,土地1建物1車位0,四層,五層,公寓(5樓含以下無電梯),住家用,0730602,108.46,3,2,2,有,無,16000000,147520.0,,0.0,0,陽台外推；其他增建；,RPUOMLPJIIIGFCA57DA,94.79,0.0,10.42,無,,39.0
中山區,房地(土地+建物),松江路１９４巷２６號四樓,39.3,住,,,1120910,土地5建物1車位0,四層,六層,華廈(10層含以下有電梯),住家用,0660202,119.39,3,2,2,有,無,26400000,221124.0,,0.0,0,其他增建；,RPTRMLSJIIIGFCA08DA,93.2,0.0,13.07,有,,47.0
內湖區,房地(土地+建物),民權東路六段２８０巷１５５弄２１３號八樓之３,14.87,住,,,1120917,土地1建物1車位0,八層，九層,十一層,住宅大樓(11層含以上有電梯),住家用,0860710,42.82,2,2,2,有,有,10620000,248015.0,,0.0,0,陽台外推；夾層；其他增建；,RPSNMLLKIIIGFCA96DA,24.96,0.0,1.64,有,1354.0,26.0
內湖區,房地(土地+建物)+車位,康寧路三段２６５巷２０號五樓,32.83,住,,,1120920,土地2建物1車位1,五層,五層,華廈(10層含以下有電梯),住家用,0830505,156.18,3,2,2,有,無,26800000,171597.0,坡道平面,0.0,0,陽台外推；頂樓加蓋；,RPSOMLLKIIIGFCA07DA,86.17,0.89,8.01,有,,29.0
內湖區,房地(土地+建物)+車位,東湖路１１３巷７０弄１３號八樓,23.69,住,,,1120908,土地1建物1車位2,八層,十二層,住宅大樓(11層含以上有電梯),住家用,1040416,182.15,3,2,2,有,有,32500000,178424.0,坡道機械,0.0,0,,RPUNMLPLIIIGFCA67DA,80.08,4.72,8.04,有,1356.0,8.0
松山區,房地(土地+建物),南京東路五段５９巷２８弄１５號,23.39,住,,,1120911,土地1建物1車位0,一層,七層,華廈(10層含以下有電梯),住家用,0770107,134.4,3,2,2,有,有,40500000,301339.0,,0.0,0,其他增建；,RPXNMLOJIIIGFDA77DA,107.17,18.04,0.0,有,,36.0
信義區,房地(土地+建物),福德街２３２巷１６弄１２號二樓,26.5,住,,,1120902,土地1建物1車位0,二層，陽臺,四層,公寓(5樓含以下無電梯),住家用,0601118,71.94,2,2,1,有,無,14250000,198082.0,,0.0,0,陽台外推；,RPWNMLNLIIIGFDA77DA,71.94,0.0,0.0,無,,52.0
北投區,房地(土地+建物),中山北路七段２１９巷３弄１３５號,34.72,住,,,1120925,土地1建物1車位0,一層,七層,華廈(10層含以下有電梯),住家用,0731027,107.36,3,2,2,有,有,15800000,147168.0,,0.0,0,其他增建；,RPVNMLNJIIIGFEA57DA,86.27,12.55,0.0,有,,39.0
北投區,房地(土地+建物)+車位,奇岩路２４１巷７弄２６號二樓,136.75,住,,,1120923,土地1建物1車位2,二層,五層,華廈(10層含以下有電梯),住家用,1081223,286.92,3,2,2,有,有,42580000,165468.0,坡道平面,56.18,4400000,,RPQNMLPJIIIGFEA27DA,115.03,12.89,19.79,有,,4.0
士林區,房地(土地+建物),天母東路１０５巷６４號二樓,37.29,住,,,1120915,土地2建物1車位0,二層,五層,公寓(5樓含以下無電梯),住家用,0680517,97.16,3,2,2,有,無,14500000,149238.0,,0.0,0,其他增建；,RPXNMLLKIIIGFEA67DA,89.02,0.0,8.14,無,,44.0
北投區,房地(土地+建物)+車位,行義路１７０巷１號四樓之１,96.63,住,,,1120917,土地1建物1車位1,四層，五層,五層,華廈(10層含以下有電梯),住家用,0840930,234.68,4,3,3,有,有,25750000,109724.0,升降平面,0.0,1500000,陽台外推；其他增建；,RPPNMLPKIIIGFEA27DA,115.47,31.08,14.09,有,,28.0
北投區,房地(土地+建物),公路３３４巷２號四樓,24.2,住,,,1120910,土地1建物1車位0,四層,五層,公寓(5樓含以下無電梯),住家用,0720127,85.1,3,2,1,有,無,12000000,141011.0,,0.0,0,陽台外推；,RPTNMLKLIIIGFEA27DA,74.64,0.0,10.46,無,,41.0
士林區,房地(土地+建物),大光街１０號,69.0,住,,,1120916,土地1建物1車位0,全,二層,透天厝,住家用,0490817,90.34,3,2,1,有,無,24900000,275625.0,,0.0,0,其他增建；,RPQNMLPLIIIGFEA47DA,90.34,0.0,0.0,無,,63.0
北投區,房地(土地+建物),泉源路３５巷２０號四樓,20.7,住,,,1120926,土地1建物1車位0,四層,五層,公寓(5樓含以下無電梯),住家用,0670706,106.55,3,2,2,有,有,10500000,98545.0,,0.0,0,陽台外推；其他增建；,RPPOMLPLIIIGFEA47DA,97.25,0.0,9.3,無,,45.0
北投區,房地(土地+建物)+車位,石牌路二段３１３號十樓,30.06,住,,,1120915,土地1建物1車位1,十層,十四層,住宅大樓(11層含以上有電梯),住家用,1101027,200.93,3,2,2,有,有,44950000,267970.0,坡道平面,42.89,2600000,,RPVNMLQLIIIGFEA08DA,92.46,8.01,9.71,有,,2.0
士林區,房地(土地+建物),延平北路五段５９巷８弄３號二樓,24.0,住,,,1120925,土地1建物1車位0,二層,四層,公寓(5樓含以下無電梯),住家用,0601215,57.15,3,2,1,有,無,8000000,139983.0,,0.0,0,,RPPNMLRLIIIGFEA57DA,57.15,0.0,0.0,無,,52.0
大安區,房地(土地+建物),仁愛路四段３４５巷４弄３１號七樓,25.48,住,,,1120909,土地1建物1車位0,七層,七層,華廈(10層含以下有電梯),住家用,0670315,149.13000000000002,6,4,3,有,無,40800000,273587.0,,0.0,0,建物格局：4房2廳2衛含屋突1房，頂樓加蓋含1房2廳1衛。陽台外推；頂樓加蓋；,RPQOMLOKRHIGFFA28DA,120.08,11.15,15.35,有,,45.0
中正區,房地(土地+建物),汀州路二段３１７號二樓,26.5,住,,,1120917,土地2建物1車位0,二層,五層,公寓(5樓含以下無電梯),住家用,0690717,93.15,3,2,2,有,無,18300000,196457.0,,0.0,0,陽台外推；其他增建；,RPUNMLLKQHIGFAA77EA,83.2,0.0,9.95,無,,43.0
文山區,房地(土地+建物)+車位,富山路１號三樓之１,28.87,住,,,1120915,土地3建物2車位1,三層,七層,華廈(10層含以下有電梯),住家用,0980417,130.01,3,2,2,有,有,25850000,198831.0,升降機械,0.0,0,,RPQNMLPLIIIGFAA17EA,79.16,5.62,6.3,有,,14.0
中山區,房地(土地+建物),敬業三路１６２巷２８號四樓,47.09,住,,,1120916,土地1建物1車位0,四層,十二層,住宅大樓(11層含以上有電梯),住家用,0890628,155.75,3,2,2,有,有,30600000,196469.0,,0.0,0,車位是抽籤,RPTNMLQLIIIGFCA77EA,77.91,0.0,8.1,有,,23.0
中正區,房地(土地+建物)+車位,牯嶺街９５巷１６號八樓,23.54,住,,,1120925,土地1建物1車位1,八層,十四層,住宅大樓(11層含以上有電梯),住家用,1101025,172.79000000000002,3,2,2,有,有,49000000,311489.0,坡道平面,24.47,2800000,,RPRNMLTJIIIGFAA37DA,79.79,3.63,6.23,有,,2.0
中正區,房地(土地+建物)+車位,愛國東路８８號十二樓,17.9,住,,,1120926,土地2建物1車位1,十二層,十三層,住宅大樓(11層含以上有電梯),住家用,1101013,170.01999999999998,0,0,1,有,有,68560000,484005.0,坡道平面,34.98,3200000,,RPUNMLQKIIIGFAA47DA,78.75,5.7,6.05,有,,2.0
文山區,房地(土地+建物),興隆路一段２７１巷４弄１號二樓,21.0,住,,,1120924,土地1建物1車位0,二層，陽臺,四層,公寓(5樓含以下無電梯),住家用,0630523,61.95,2,1,1,有,無,9700000,156578.0,,0.0,0,其他增建；,RPROMLNLIIIGFAA07DA,61.95,0.0,0.0,無,,49.0
萬華區,房地(土地+建物)+車位,環河南路三段１３５號十一樓,25.9,住,,,1120919,土地1建物1車位2,十一層,十三層,住宅大樓(11層含以上有電梯),住家用,1050419,237.63,3,2,2,有,有,34800000,163194.0,升降平面,53.8,4800000,,RPVNMLPLIIIGFBA67DA,103.83,6.25,12.19,有,1364.0,7.0
中山區,房地(土地+建物)+車位,建國北路二段１９２號九樓,16.06,住,,,1120906,土地1建物1車位1,九層,十四層,住宅大樓(11層含以上有電梯),住家用,0750203,168.7,3,2,2,有,有,32000000,189686.0,坡道平面,44.72,0,陽台外推；,RPTOMLMLRHIGFCA18DA,134.22,0.4,13.29,有,,38.0
中山區,房地(土地+建物),吉林路４５４號,37.75,住,,,1120920,土地1建物1車位0,一層，騎樓，走廊,四層,公寓(5樓含以下無電梯),住家用,0610615,106.04,0,0,1,有,無,41500000,391362.0,,0.0,0,其他增建；含租約；,RPOPMLLKIIIGFCA76DA,106.04,0.0,0.0,無,,51.0
中山區,房地(土地+建物),合江街９３巷１７號四樓,32.5,住,,,1120922,土地1建物1車位0,四層,四層,公寓(5樓含以下無電梯),住家用,0630227,86.36,3,2,1,有,無,18500000,214220.0,,0.0,0,陽台外推；頂樓加蓋；其他增建；,RPPNMLNKIIIGFCA86DA,76.32,0.0,10.04,無,,50.0
信義區,房地(土地+建物)+車位,仁愛路四段５１２巷１６之１號六樓,19.89,住,,,1120904,土地2建物1車位1,六層,八層,華廈(10層含以下有電梯),住家用,0951226,127.81,3,2,2,有,有,37880000,296377.0,塔式車位,0.0,0,陽台外推；,RPQNMLKKRHIGFDA57DA,72.97,2.64,7.76,有,,17.0
松山區,房地(土地+建物),復興北路４９９巷２弄８號三樓,26.0,住,,,1120924,土地1建物1車位0,三層，陽臺,四層,公寓(5樓含以下無電梯),住家用,0600718,83.95,3,2,1,有,無,16200000,192972.0,,0.0,0,陽台外推；其他增建；,RPPOMLPJIIIGFDA17DA,83.95,0.0,0.0,無,,52.0
信義區,房地(土地+建物),吳興街３２０巷６之５號五樓,28.14,住,,,1120921,土地1建物1車位0,五層,五層,公寓(5樓含以下無電梯),住家用,0740518,99.42,5,3,3,有,無,16000000,160933.0,,0.0,0,陽台外推；頂樓加蓋；其他增建；,RPSNMLTJIIIGFDA77DA,78.19,0.0,9.96,無,,38.0
信義區,房地(土地+建物),永吉路３０巷１４８弄２０號,37.25,住,,,1120928,土地1建物1車位0,一層，平台,四層,公寓(5樓含以下無電梯),住家用,0651230,106.36,4,1,5,有,無,36800000,345995.0,,0.0,0,其他增建；,RPVNMLRKIIIGFDA97DA,106.36,0.0,0.0,無,,47.0
信義區,房地(土地+建物)+車位,松信路５０巷８號二樓,54.67,住,,,1120929,土地1建物1車位3,二層,十四層,住宅大樓(11層含以上有電梯),住家用,1021206,382.6,4,1,2,有,有,69900000,264104.0,坡道平面,134.97,4500000,,RPXNMLNLIIIGFDA87DA,142.81,12.39,17.94,有,1367.0,10.0
士林區,房地(土地+建物),士東路２７６號六樓,14.93,住,,,1120924,土地1建物1車位0,六層,七層,華廈(10層含以下有電梯),住家用,0971014,65.44,1,2,1,有,有,16800000,256724.0,,0.0,0,夾層；其他增建；,RPSNMLMJIIIGFEA17DA,32.28,7.96,3.69,有,,15.0
北投區,房地(土地+建物)+車位,三合街一段８２巷７６號六樓,34.9,住,,,1120914,土地1建物1車位1,六層,八層,華廈(10層含以下有電梯),住家用,1040303,212.02,3,2,2,有,有,40720000,226919.0,坡道平面,43.59,2500000,,RPVOMLNJIIIGFEA67DA,98.42,2.27,10.2,有,,9.0
大安區,房地(土地+建物)+車位,安和路二段９０號十九樓,30.09,住,,,1120925,土地2建物2車位1,十九層,二十五層,住宅大樓(11層含以上有電梯),住家用,0780810,325.79999999999995,5,2,3,有,有,89000000,273174.0,坡道平面,36.26,0,陽台外推；,RPPOMLNJIIIGFFA17DA,240.37,0.0,40.65,有,,34.0
大安區,房地(土地+建物),師大路１０５巷１８號八樓之２,5.74,住,,,1120921,土地1建物1車位0,八層,十層,華廈(10層含以下有電梯),住家用,0961127,33.29,0,0,0,無,有,12800000,384500.0,,0.0,0,,RPPNMLRLIIIGFFA67DA,19.97,1.6,1.68,有,,16.0
松山區,房地(土地+建物)+車位,興安街１５９號五樓之２,11.96,住,,,1120917,土地1建物1車位1,五層,十層,華廈(10層含以下有電梯),住家用,0911011,60.09,1,1,1,有,有,15500000,257946.0,塔式車位,0.0,1800000,,RPRNMLOLIIIGFDA47EA,34.35,0.0,0.0,有,,21.0
北投區,房地(土地+建物),立農街一段２２巷２弄８號二樓,35.75,住,,,1120913,土地1建物1車位0,二層,四層,公寓(5樓含以下無電梯),住家用,0611108,83.25,3,2,1,有,無,15000000,180180.0,,0.0,0,含土地增值稅或其他稅費750247元；,RPQNMLRLIIIGFEA77EA,83.25,0.0,0.0,無,,51.0
中正區,房地(土地+建物)+車位,和平西路二段７０巷２弄２號四樓,24.72,住,,,1120903,土地3建物2車位1,四層,九層,華廈(10層含以下有電梯),住家用,0990714,135.75,3,2,2,有,有,28150000,207366.0,升降機械,23.42,0,陽台外推；其他增建；,RPROMLTKIIIGFAA57DA,53.62,9.09,10.2,有,1373.0,13.0
文山區,房地(土地+建物),新光路一段６５巷１８號七樓,58.25,住,,,1120928,土地1建物1車位0,七層,七層,華廈(10層含以下有電梯),住家用,0820602,174.95000000000002,4,2,2,有,無,24860000,142098.0,,0.0,0,,RPQNMLNLIIIGFAA86DA,113.26,3.54,11.78,有,1374.0,30.0
萬華區,房地(土地+建物),西藏路１２５巷５０號二樓,37.62,住,,,1120929,土地1建物1車位0,二層,八層,華廈(10層含以下有電梯),住家用,0850216,116.15,3,2,2,有,無,23750000,204477.0,,0.0,0,陽台外推；其他增建；,RPPOMLNLIIIGFBA96DA,72.65,3.34,9.14,有,,28.0
內湖區,房地(土地+建物),內湖路三段６０巷１２弄７４號二樓,11.47,住,,,1120917,土地1建物1車位0,二層,八層,華廈(10層含以下有電梯),住家用,0830804,40.41,1,1,1,有,有,8000000,197971.0,,0.0,0,陽台外推；其他增建；,RPTOMLPJIIIGFCA47DA,26.65,1.48,5.26,有,,29.0
內湖區,房地(土地+建物),江南街６７號三樓,25.94,住,,,1120925,土地2建物1車位0,三層,五層,公寓(5樓含以下無電梯),住家用,0700327,97.22,3,2,1,有,無,19500000,200576.0,,0.0,0,陽台外推；其他增建；,RPUOMLMKIIIGFCA37DA,79.37,0.0,17.85,無,,42.0
內湖區,房地(土地+建物)+車位,民權東路六段２９６巷４１之１號四樓,32.05,住,,,1120924,土地1建物1車位1,四層,八層,華廈(10層含以下有電梯),住家用,0840117,137.76999999999998,3,2,2,有,有,28950000,210133.0,升降平面,30.3,0,陽台外推；其他增建；,RPUPMLMKIIIGFCA47DA,83.96,4.18,9.72,有,,29.0
中山區,房地(土地+建物)+車位,樂群二路２００號二樓,47.09,住,,,1120917,土地1建物1車位1,二層,十層,華廈(10層含以下有電梯),住家用,0890628,155.47,3,2,2,有,有,31250000,201003.0,坡道平面,0.0,2500000,空地加蓋。陽台外推；其他增建；,RPSPMLOLIIIGFCA57DA,77.63,0.0,8.1,有,1379.0,23.0
南港區,房地(土地+建物)+車位,研究院路二段６１巷１７號十二樓之２,28.22,,,,1120916,土地1建物1車位2,十二層,十八層,住宅大樓(11層含以上有電梯),住家用,1021230,259.25,3,2,2,有,有,39000000,212424.0,坡道平面,103.9,6000000,,RPWNMLNJIIIGFDA57DA,88.84,3.94,9.94,有,1381.0,10.0
南港區,房地(土地+建物)+車位,興華路６４巷１號二樓,30.44,住,,,1120921,土地1建物1車位2,二層,十三層,住宅大樓(11層含以上有電梯),住家用,0971030,177.41,3,2,2,有,有,43300000,309126.0,坡道機械,48.66,3500000,,RPSOMLPJIIIGFDA47DA,82.5,2.66,9.47,有,,15.0
南港區,房地(土地+建物),研究院路三段１２巷５號,59.28,住,,,1120923,土地2建物1車位0,一層,九層,華廈(10層含以下有電梯),住家用,0921204,151.72,3,2,2,有,有,24750000,163129.0,,0.0,0,其他增建；,RPVNMLQJIIIGFDA77DA,84.43,0.0,8.72,有,1382.0,20.0
信義區,房地(土地+建物),吳興街２８４巷２２弄４５號四樓,38.25,住,,,1120902,土地1建物1車位0,四層，陽臺,四層,公寓(5樓含以下無電梯),住家用,0641119,105.32,3,2,1,有,無,18320000,173946.0,,0.0,0,頂樓加蓋；其他增建；,RPSOMLQJIIIGFDA57DA,105.32,0.0,0.0,無,,48.0
南港區,房地(土地+建物)+車位,重陽路４８９號四樓之１,37.68,住,,,1120923,土地1建物1車位1,四層,七層,華廈(10層含以下有電梯),住家用,0980119,126.77,2,2,1,有,有,25800000,203518.0,坡道平面,0.0,0,,RPQNMLNKIIIGFDA07DA,48.97,6.61,4.81,有,,15.0
松山區,房地(土地+建物),延壽街４０２巷１弄２號四樓,63.0,住,,,1120928,土地3建物1車位0,四層,五層,公寓(5樓含以下無電梯),住家用,0670711,117.01,3,2,2,有,有,30000000,256388.0,,0.0,0,,RPVOMLKMIIIGFDA57DA,105.14,0.0,11.87,無,,45.0
士林區,房地(土地+建物),延平北路六段１７６巷６弄７號,29.67,住,,,1120921,土地1建物1車位0,二層,三層,公寓(5樓含以下無電梯),住家用,0580129,80.66,3,2,1,有,無,9500000,117778.0,,0.0,0,,RPRNMLQJIIIGFEA47DA,80.66,0.0,0.0,無,,55.0
士林區,房地(土地+建物)+車位,中山北路六段２３６巷９號九樓之２,21.98,住,,,1120901,土地1建物1車位1,九層,十四層,住宅大樓(11層含以上有電梯),住家用,1110331,152.92,3,2,1,有,有,41880000,342190.0,坡道平面,40.76,3500000,,RPVNMLQJIIIGFEA87DA,63.66,2.67,4.49,有,,1.0
士林區,房地(土地+建物),延平北路六段３６８巷１８號五樓,28.05,住,,,1120922,土地2建物1車位0,五層,五層,公寓(5樓含以下無電梯),住家用,0691002,83.9,4,2,2,有,無,9500000,113230.0,,0.0,0,其他增建；,RPVNMLNKIIIGFEA67DA,77.62,0.0,6.28,無,,43.0
士林區,房地(土地+建物)+車位,通河西街二段１２６號二樓之１,19.46,住,,,1120923,土地1建物1車位1,二層,十四層,住宅大樓(11層含以上有電梯),住家用,1000525,128.36,2,1,1,有,有,18000000,168131.0,坡道平面,36.17,2500000,其他增建；,RPVNMLQKIIIGFEA97DA,47.95,5.78,6.34,有,1386.0,12.0
北投區,房地(土地+建物),三合街二段４５４號八樓之１,15.5,住,,,1120923,土地1建物1車位0,八層，九層,十八層,住宅大樓(11層含以上有電梯),住家用,0870714,62.98,2,2,1,有,有,14380000,228326.0,,0.0,0,陽台外推；其他增建；,RPPOMLQKIIIGFEA47DA,41.33,0.92,3.78,有,1387.0,25.0
大安區,房地(土地+建物),大安路一段１６巷１３號三樓之２,7.61,住,,,1120916,土地1建物1車位0,三層,九層,華廈(10層含以下有電梯),住家用,0881222,40.61,1,1,1,有,有,16930000,416892.0,,0.0,0,陽台外推；其他增建；,RPUNMLNJIIIGFFA57DA,26.82,0.64,2.09,有,1388.0,24.0
大安區,房地(土地+建物),安和路二段８８號十七樓之２,22.73,住,,,1120916,土地2建物1車位0,十七層,二十五層,住宅大樓(11層含以上有電梯),住家用,0780810,228.22,4,2,2,有,有,69500000,304531.0,,0.0,0,陽台外推；其他增建；,RPQOMLOJIIIGFFA37DA,157.86,0.0,38.42,有,1389.0,34.0
大安區,房地(土地+建物),仁愛路四段３００巷２５弄３號,31.26,住,,,1120926,土地1建物1車位0,一層,七層,華廈(10層含以下有電梯),住家用,0730721,150.87,0,0,0,無,有,49000000,324783.0,,0.0,0,其他增建；,RPOOMLRKIIIGFFA57DA,96.22,47.75,0.0,有,1390.0,39.0
大安區,房地(土地+建物),敦化南路二段４６號十二樓,6.1,住,,,1120916,土地1建物1車位0,十二層，陽臺,十六層,住宅大樓(11層含以上有電梯),住家用,0640602,73.05000000000001,2,2,1,有,有,21800000,298426.0,,0.0,0,其他增建；,RPPOMLRKIIIGFFA67DA,57.34,0.0,0.0,有,,48.0
大安區,房地(土地+建物)+車位,市民大道三段２０８號六樓之１,14.55,住,,,1120929,土地1建物1車位1,六層,七層,華廈(10層含以下有電梯),住家用,0991209,90.62,3,2,1,有,無,25980000,302091.0,升降機械,11.24,2000000,陽台外推；夾層；其他增建；,RPRNMLKLIIIGFFA17DA,43.12,9.09,3.43,有,,13.0
大安區,房地(土地+建物),大安路一段１６巷１３號九樓,19.85,住,,,1120922,土地1建物1車位0,九層,九層,華廈(10層含以下有電梯),住家用,0881222,92.33,1,1,2,有,有,33800000,366078.0,,0.0,0,陽台外推；其他增建；,RPOOMLKLIIIGFFA96DA,59.53,0.58,7.51,有,,24.0
大安區,房地(土地+建物),仁愛路四段９１巷２１號二樓,26.06,住,,,1120923,土地2建物1車位0,二層,七層,華廈(10層含以下有電梯),住家用,0711227,124.82,5,2,2,有,有,33380000,267425.0,,0.0,0,陽台外推；其他增建；,RPSNMLPLIIIGFFA77DA,93.6,0.0,16.11,有,,41.0
大安區,房地(土地+建物),忠孝東路三段２４８巷１３弄２２號,31.92,住,,,1120913,土地1建物1車位0,一層,七層,華廈(10層含以下有電梯),住家用,0710313,117.68,3,2,2,有,無,42600000,361999.0,,0.0,0,,RPUNMLRLIIIGFFA18DA,92.54,9.4,0.0,有,,42.0
中正區,房地(土地+建物)+車位,汀州路二段１８９號九樓,25.15,住,,,1120918,土地1建物1車位1,九層,九層,華廈(10層含以下有電梯),住家用,0961109,136.83,3,2,2,有,有,32500000,253913.0,塔式車位,16.71,2000000,陽台外推；,RPPNMLSLRHIGFAA08DA,71.92,6.07,5.32,有,,16.0
中正區,房地(土地+建物)+車位,汀州路二段２７１號四樓,17.04,住,,,1120913,土地1建物1車位2,四層,十層,華廈(10層含以下有電梯),住家用,1051209,127.78,1,2,1,有,有,28360000,308355.0,坡道機械,44.24,2600000,,RPVNMLNLIIIGFAA37DA,45.13,5.42,4.84,有,,7.0
中山區,房地(土地+建物),松江路９７巷４號二樓,20.8,住,,,1120911,土地1建物1車位0,二層,五層,公寓(5樓含以下無電梯),住家用,0691121,74.24,2,1,1,有,無,18500000,249192.0,,0.0,0,,RPOOMLOKRHIGFCA77DA,65.2,0.0,9.04,無,,43.0
中山區,房地(土地+建物),吉林路３６９號七樓之１２,6.31,住,,,1120922,土地1建物1車位0,七層,七層,華廈(10層含以下有電梯),住家用,0681219,39.21,1,1,1,有,有,7800000,198929.0,,0.0,0,,RPOPMLRLRHIGFCA28DA,31.33,0.0,0.0,有,,44.0
中山區,房地(土地+建物),遼寧街２１１號五樓之４,16.19,住,,,1120908,土地1建物1車位0,五層,十五層,住宅大樓(11層含以上有電梯),住家用,0750609,84.7,2,2,1,有,有,22500000,265643.0,,0.0,0,陽台外推；其他增建；,RPUNMLKLIIIGFCA17DA,65.97,0.0,5.58,有,,37.0
內湖區,房地(土地+建物)+車位,成功路五段４５０巷２１弄３１號十二樓,64.48,住,,,1120926,土地1建物1車位2,十二層，十三層,十四層,住宅大樓(11層含以上有電梯),住家用,0880731,321.32,5,2,3,有,有,69000000,214739.0,坡道平面,65.58,0,,RPPPMLKMIIIGFCA96DA,172.07,9.63,10.87,有,,24.0
南港區,房地(土地+建物),研究院路二段１２巷５７弄１７號,26.09,住,,,1120921,土地1建物1車位0,一層,五層,公寓(5樓含以下無電梯),住家用,0741210,98.94,3,2,2,有,無,19100000,193046.0,,0.0,0,其他增建；,RPOOMLNKIIIGFDA96DA,75.16,13.46,0.0,無,,38.0
南港區,房地(土地+建物)+車位,南港路二段１３８號三樓,37.12,住,,,1120926,土地1建物1車位1,三層,十二層,住宅大樓(11層含以上有電梯),住家用,0831221,186.71,3,2,2,有,有,38380000,264758.0,坡道平面,51.19,2500000,其他增建；,RPPNMLQKIIIGFDA27DA,143.0,1.34,12.33,有,1399.0,29.0
信義區,房地(土地+建物),虎林街１６４巷６０弄２０號三樓,20.2,住,,,1120913,土地1建物1車位0,三層,五層,公寓(5樓含以下無電梯),住家用,0660215,77.5,3,2,1,有,無,20000000,258065.0,,0.0,0,陽台外推；,RPROMLRKIIIGFDA67DA,65.09,0.0,12.41,無,,47.0
松山區,房地(土地+建物),民權東路三段１６０巷１９弄２１號四樓,30.61,住,,,1120907,土地1建物1車位0,四層,七層,華廈(10層含以下有電梯),住家用,0681217,161.65,4,2,2,有,有,39680000,245469.0,,0.0,0,陽台外推；,RPOOMLLMIIIGFDA96DA,118.57,0.0,18.17,有,,44.0
北投區,房地(土地+建物),中和街５２７號三樓,40.02,住,,,1120918,土地1建物1車位0,三層,四層,公寓(5樓含以下無電梯),住家用,0660705,129.42,3,2,2,有,無,10000000,77268.0,,0.0,0,,RPUNMLPLRHIGFEA68DA,118.5,0.0,10.92,無,,46.0
士林區,房地(土地+建物)+車位,天母北路５６號八樓之２,18.45,住,,,1120924,土地1建物1車位1,八層,二十四層,住宅大樓(11層含以上有電梯),住家用,1090703,189.58,3,2,2,有,有,42800000,270575.0,坡道平面,38.79,2000000,,RPOOMLRLRHIGFEA38DA,82.97,7.17,8.3,有,,3.0
士林區,房地(土地+建物),社中街１５２巷１８號三樓,35.0,住,,,1120926,土地1建物1車位0,三層,三層,公寓(5樓含以下無電梯),住家用,0600811,94.71,3,2,1,有,無,13250000,139901.0,,0.0,0,其他增建；,RPPNMLRKIIIGFEA47DA,86.03,0.0,8.68,無,,52.0
大安區,房地(土地+建物),和平東路二段３１１巷５３號二樓,10.53,住,,,1120916,土地1建物1車位0,二層,十九層,住宅大樓(11層含以上有電梯),住家用,0740522,54.53,3,2,2,有,有,11000000,201724.0,,0.0,0,此次交易建物持分為1/2,RPVNMLRLIIIGFFA28DA,41.02,0.78,3.88,有,1401.0,38.0
大安區,房地(土地+建物)+車位,羅斯福路三段２６９巷１５號六樓,9.84,住,,,1120921,土地1建物1車位1,六層,六層,華廈(10層含以下有電梯),住家用,1081107,37.48,1,1,1,有,有,14000000,373533.0,一樓平面,0.0,0,,RPSNMLKMIIIGFFA37DA,10.54,0.0,9.36,有,,4.0
文山區,房地(土地+建物),忠順街一段２６巷１３弄１９號五樓,29.2,住,,,1120925,土地1建物1車位0,五層,五層,公寓(5樓含以下無電梯),住家用,0680915,101.64,3,2,1,有,無,13660000,134396.0,,0.0,0,其他增建；,RPSNMLQLIIIGFAA37DA,89.96,0.0,11.68,無,,44.0
文山區,房地(土地+建物),辛亥路四段１３０巷３號八樓之１,16.08,住,,,1120916,土地1建物1車位0,八層,八層,華廈(10層含以下有電梯),住家用,0840727,64.13,2,1,1,有,有,12880000,200842.0,,0.0,0,陽台外推；其他增建；,RPUQMLLMIIIGFAA47DA,30.35,6.5,14.15,有,,28.0
內湖區,房地(土地+建物),康寧路三段９９巷３９弄３８號,31.3,住,,,1120916,土地1建物1車位0,一層,九層,華廈(10層含以下有電梯),住家用,0840511,113.24,3,2,2,有,有,23000000,203108.0,,0.0,0,陽台外推；,RPTNMLSLIIIGFCA87DA,74.3,0.0,10.41,有,,28.0
內湖區,房地(土地+建物)+車位,民權東路六段２２２號四樓,61.87,住,,,1120910,土地2建物1車位1,四層,十一層,住宅大樓(11層含以上有電梯),住家用,0960731,214.75,3,2,2,有,有,39500000,200623.0,坡道平面,31.82,2800000,陽台外推；,RPRNMLLJJIIGFCA86DA,113.79,3.16,10.11,有,1405.0,16.0
信義區,房地(土地+建物),吳興街４５０巷６弄２號四樓,32.41,住,,,1120918,土地1建物1車位0,四層,五層,公寓(5樓含以下無電梯),住家用,0791126,140.36,5,2,2,有,無,22500000,160302.0,,0.0,0,其他增建；,RPPOMLMJIIIGFDA86DA,108.01,4.91,13.34,無,,33.0
南港區,房地(土地+建物),研究院路二段２巷３２號五樓,36.5,住,,,1120924,土地1建物1車位0,五層,五層,公寓(5樓含以下無電梯),住家用,0750225,118.89,4,2,2,有,無,17280000,145344.0,,0.0,0,,RPROMLQJIIIGFDA47DA,97.43,0.0,8.97,無,,38.0
南港區,房地(土地+建物),研究院路二段７０巷３７弄１１號四樓,22.58,住,,,1120922,土地10建物1車位0,四層,五層,公寓(5樓含以下無電梯),住家用,0691212,85.32,3,2,1,有,無,12290000,144046.0,,0.0,0,增建:陽台其他增建；,RPRNMLMKIIIGFDA07DA,74.64,0.0,10.68,無,1406.0,43.0
信義區,房地(土地+建物),吳興街４５０巷５弄４號二樓,37.74,住,,,1120926,土地1建物1車位0,二層,五層,公寓(5樓含以下無電梯),住家用,0780829,144.42000000000002,4,2,3,有,無,24500000,169644.0,,0.0,0,陽台外推；,RPTNMLMKIIIGFDA27DA,114.45,5.1,13.48,無,,34.0
北投區,房地(土地+建物),中和街３６８號十五樓之５,11.97,,,,1120925,土地1建物1車位0,十五層，電梯樓梯間,十九層,住宅大樓(11層含以上有電梯),住家用,0870624,101.77,3,2,2,有,有,15800000,155252.0,,0.0,0,陽台外推；其他增建；,RPQOMLKLIIIGFEA07DA,77.18,1.46,9.83,有,,25.0
士林區,房地(土地+建物),中山北路五段８５０巷４號,20.12,住,,,1120922,土地1建物1車位0,一層,五層,公寓(5樓含以下無電梯),住家用,0721124,148.01000000000002,3,2,2,有,無,25500000,172286.0,,0.0,0,其他增建；,RPPOMLLMIIIGFEA17DA,63.1,74.76,0.0,無,,40.0
大安區,房地(土地+建物),和平東路三段１巷４０號十五樓,19.94,住,,,1120917,土地1建物1車位0,十五層,十五層,住宅大樓(11層含以上有電梯),住家用,0740522,104.09,3,2,1,有,有,25250000,242579.0,,0.0,0,其他增建；,RPVPMLQJIIIGFFA18DA,75.58,1.56,7.07,有,,38.0
大安區,房地(土地+建物),金山南路二段１８５巷２２號三樓,44.25,住,,,1120925,土地1建物1車位0,三層,四層,公寓(5樓含以下無電梯),住家用,0590512,131.12,3,2,2,有,無,38000000,289811.0,,0.0,0,陽台外推；其他增建；,RPUNMLLKIIIGFFA47DA,111.79,0.0,19.33,無,1408.0,53.0
大安區,房地(土地+建物),樂利路１１巷５號三樓,36.25,住,,,1120915,土地1建物1車位0,三層,四層,公寓(5樓含以下無電梯),住家用,0650702,89.3,3,2,1,有,無,22660000,253751.0,,0.0,0,其他增建；,RPSNMLNKIIIGFFA47DA,78.48,0.0,10.82,無,,47.0
大安區,房地(土地+建物),光復南路７６號五樓,26.53,住,,,1120923,土地1建物1車位0,五層,十三層,住宅大樓(11層含以上有電梯),住家用,0940126,176.87,2,2,2,有,有,67800000,383332.0,,0.0,0,陽台外推；其他增建；,RPWNMLKLIIIGFFA67DA,112.49,1.23,11.67,有,,19.0
大安區,房地(土地+建物),大安路一段２０２號二樓之１,3.58,住,,,1120928,土地1建物1車位0,二層,十二層,住宅大樓(11層含以上有電梯),住家用,0971028,35.43,1,1,1,有,有,17000000,479819.0,,0.0,0,夾層；其他增建；,RPPOMLQLIIIGFFA67DA,20.07,2.73,0.0,有,1409.0,15.0
萬華區,房地(土地+建物),青年路１０６巷２０號五樓,13.22,住,,,1120912,土地2建物1車位0,五層,五層,公寓(5樓含以下無電梯),住家用,0640403,31.18,1,1,1,有,無,6650000,213278.0,,0.0,0,頂樓加蓋；,RPPNMLMJJIIGFBA76EA,31.18,0.0,0.0,無,,48.0
文山區,房地(土地+建物),景仁街７９巷１號三樓,37.75,住,,,1120922,土地1建物1車位0,三層,四層,公寓(5樓含以下無電梯),住家用,,100.93,3,2,2,有,無,18380000,182106.0,,0.0,0,陽台外推；其他增建；,RPVNMLQLRHIGFAA48DA,88.27,0.0,12.66,無,,
文山區,房地(土地+建物),光輝路２１巷１６號五樓,28.25,住,,,1120918,土地1建物1車位0,五層,五層,公寓(5樓含以下無電梯),住家用,0701230,103.42,3,2,2,有,無,14800000,143106.0,,0.0,0,陽台外推；頂樓加蓋；其他增建；,RPSNMLLKIIIGFAA76DA,88.41,0.0,15.01,無,,42.0
文山區,房地(土地+建物),興隆路二段９６巷２弄１０號五樓,27.25,住,,,1120925,土地1建物1車位0,五層,五層,公寓(5樓含以下無電梯),住家用,0690616,102.16,3,2,2,有,無,15300000,149765.0,,0.0,0,陽台外推；其他增建；,RPTNMLQLIIIGFAA47DA,77.63,0.0,17.75,無,1411.0,43.0
文山區,房地(土地+建物),木新路二段２１８巷３號,26.25,住,,,1120919,土地2建物1車位0,一層,四層,公寓(5樓含以下無電梯),住家用,,78.67,3,2,1,有,無,17680000,224736.0,,0.0,0,其他增建；,RPPNMLLJJIIGFAA09DA,68.51,10.16,0.0,無,1412.0,
文山區,房地(土地+建物),興隆路三段２０７巷１８弄２４號三樓,25.85,住,,,1120925,土地1建物1車位0,三層,五層,公寓(5樓含以下無電梯),住家用,0730830,113.34,3,2,2,有,有,13360000,117875.0,,0.0,0,陽台外推；其他增建；,RPSPMLLJJIIGFAA96DA,75.97,0.0,25.86,無,,39.0
內湖區,房地(土地+建物),康寧路三段１８９巷９３弄２號八樓,31.18,住,,,1120930,土地1建物1車位0,八層,十層,華廈(10層含以下有電梯),住家用,0831229,120.3,3,2,2,有,有,25400000,211139.0,,0.0,0,陽台外推；其他增建；,RPQOMLNKIIIGFCA07DA,83.95,0.0,10.52,有,1417.0,29.0
中山區,房地(土地+建物)+車位,基湖路１４９號四樓,63.69,住,,,1120923,土地1建物1車位1,四層,七層,華廈(10層含以下有電梯),住家用,0920103,174.79,3,2,2,有,有,46500000,266034.0,坡道機械,0.0,2000000,陽台外推；其他增建；,RPPPMLNKIIIGFCA07DA,98.35,5.77,10.51,有,,21.0
內湖區,房地(土地+建物),康樂街６１巷８１弄１號五樓,25.06,住,,,1120903,土地1建物1車位0,五層,五層,公寓(5樓含以下無電梯),住家用,0731019,81.5,3,2,1,有,無,12180000,149448.0,,0.0,0,其他增建；,RPRNMLSKIIIGFCA57DA,74.55,0.0,6.95,無,1420.0,39.0
內湖區,房地(土地+建物),康寧路三段９９巷１０弄８號三樓,25.77,住,,,1120927,土地1建物1車位0,三層,五層,公寓(5樓含以下無電梯),住家用,0741017,96.32,3,2,2,有,無,12200000,126661.0,,0.0,0,,RPWOMLLMIIIGFCA67DA,78.78,0.0,9.14,無,,38.0
信義區,房地(土地+建物)+車位,虎林街４６巷４９號四樓,20.61,住,,,1120921,土地1建物1車位1,四層,七層,華廈(10層含以下有電梯),住家用,1050126,89.44,2,2,1,有,有,25250000,282312.0,塔式車位,12.09,0,,RPQNMLOLIIIGFDA27DA,44.57,0.0,3.52,有,1422.0,8.0
士林區,房地(土地+建物)+車位,德行東路３３１巷１８號四樓,76.29,住,,,1120916,土地1建物1車位3,四層,十二層,住宅大樓(11層含以上有電梯),住家用,0950307,398.68,4,2,3,有,有,75000000,227045.0,坡道平面,99.18,7000000,陽台外推；其他增建；,RPOOMLPLRHIGFEA18DA,177.61,0.0,19.73,有,1424.0,18.0
士林區,房地(土地+建物)+車位,天母北路５６號十八樓,21.67,住,,,1120907,土地1建物1車位1,十八層,二十四層,住宅大樓(11層含以上有電梯),住家用,1090703,216.86,2,2,2,有,有,64880000,350312.0,坡道平面,38.79,2500000,,RPQNMLRLRHIGFEA48DA,95.03,11.05,10.14,有,,3.0
北投區,房地(土地+建物)+車位,榮華一路８號四樓,21.74,住,,,1120924,土地1建物1車位1,四層,十層,華廈(10層含以下有電梯),住家用,1110815,147.86,3,2,2,有,有,35500000,293935.0,塔式車位,34.91,2300000,,RPQOMLOJIIIGFEA27DA,64.96,0.0,6.74,有,,1.0
士林區,房地(土地+建物),德行東路４６巷４弄２號四樓,56.55,住,,,1120925,土地10建物1車位0,四層,四層,公寓(5樓含以下無電梯),住家用,0610815,107.75,3,2,2,有,無,19880000,184501.0,,0.0,0,陽台外推；,RPQOMLLKIIIGFEA07DA,98.47,0.0,9.28,無,,51.0
士林區,房地(土地+建物)+車位,延平北路六段３５６號六樓,18.14,住,,,1120919,土地1建物1車位1,六層,十二層,住宅大樓(11層含以上有電梯),住家用,1050805,161.71,3,2,2,有,有,25280000,156329.0,升降平面,32.12,0,其他增建；,RPUOMLQKIIIGFEA97DA,72.29,6.51,8.23,有,1425.0,7.0
士林區,房地(土地+建物),中山北路六段１２巷８號,30.38,住,,,1120928,土地1建物1車位0,一層,五層,公寓(5樓含以下無電梯),住家用,0700907,154.08999999999995,2,2,2,有,無,30880000,200402.0,,0.0,0,其他增建；,RPSOMLQLIIIGFEA87DA,91.36,53.78,0.0,無,1426.0,42.0
北投區,房地(土地+建物),吉利街２５７巷５弄４號,48.75,住,,,1120927,土地1建物1車位0,一層，平台,四層,公寓(5樓含以下無電梯),住家用,0640317,142.1,3,2,2,有,無,23500000,165376.0,,0.0,0,其他增建；,RPVNMLRLIIIGFEA18DA,142.1,0.0,0.0,無,,49.0
北投區,房地(土地+建物),中央北路四段１２６巷３號四樓,30.81,住,,,1120918,土地1建物1車位0,四層,五層,公寓(5樓含以下無電梯),住家用,0730809,122.46,3,2,2,有,無,13900000,113506.0,,0.0,0,陽台外推；,RPTNMLQJJIIGFEA87EA,102.45,0.0,11.31,無,,39.0
文山區,房地(土地+建物),保儀路１０９巷２３弄１７號三樓,27.25,住,,,1120918,土地1建物1車位0,三層，陽臺,四層,公寓(5樓含以下無電梯),住家用,0610831,91.05,2,2,1,有,無,12300000,135091.0,,0.0,0,其他增建；,RPTNMLLKIIIGFAA86DA,91.05,0.0,0.0,無,1431.0,51.0
萬華區,房地(土地+建物),萬大路４２３巷２８弄３號九樓,44.57,住,,,1120919,土地1建物1車位0,九層,十四層,住宅大樓(11層含以上有電梯),住家用,0870824,194.12,3,2,2,有,有,29500000,151968.0,,0.0,0,陽台外推；其他增建；,RPPNMLNKIIIGFBA76DA,101.51,3.04,6.51,有,,25.0
大同區,房地(土地+建物),環河北路一段１０７號九樓,13.36,住,,,1120912,土地1建物1車位0,九層,十二層,住宅大樓(11層含以上有電梯),住家用,0710428,102.59,2,2,1,有,有,19100000,186178.0,,0.0,0,3建築物含有：加裝窗戶陽台外推；,RPVNMLKLIIIGFBA17DA,72.19,0.0,15.43,有,,41.0
中山區,房地(土地+建物),復興北路２２６號九樓之２,27.36,住,,,1120921,土地1建物1車位0,九層,十四層,住宅大樓(11層含以上有電梯),住家用,0750314,131.52,3,2,2,有,有,28800000,218978.0,,0.0,0,,RPTPMLPLRHIGFCA58DA,102.21,0.21,6.51,有,,38.0
中山區,房地(土地+建物),興安街６３號十四樓之３,30.03,住,,,1120910,土地1建物1車位0,十四層,十四層,住宅大樓(11層含以上有電梯),住家用,0750314,146.47,4,2,2,有,有,31880000,217641.0,,0.0,0,,RPQPMLSLRHIGFCA58DA,113.4,0.21,6.51,有,,37.0
內湖區,房地(土地+建物),內湖路一段６６１號十八樓之１,11.51,,,,1120930,土地1建物1車位0,十八層,十八層,住宅大樓(11層含以上有電梯),住家用,0991123,84.64,2,1,1,有,有,27010000,319116.0,,0.0,0,,RPROMLTKIIIGFCA77DA,52.99,1.31,1.61,有,1434.0,13.0
中山區,房地(土地+建物),松江路１３２巷５之１號四樓,5.07,住,,,1120926,土地1建物1車位0,四層,四層,公寓(5樓含以下無電梯),住家用,0580523,62.13,3,2,1,有,無,8500000,136810.0,,0.0,0,其他增建；,RPQQMLKMIIIGFCA17DA,62.13,0.0,0.0,無,,54.0
中山區,房地(土地+建物),大直街２巷３５號,15.14,住,,,1120919,土地1建物1車位0,一層,四層,公寓(5樓含以下無電梯),住家用,0860514,43.51,0,1,1,有,無,10100000,232131.0,,0.0,0,,RPRQMLKMIIIGFCA27DA,23.77,0.0,6.09,無,,26.0
中山區,房地(土地+建物),安東街１９號五樓之５,6.33,住,,,1120923,土地1建物1車位0,五層,七層,華廈(10層含以下有電梯),住家用,0700905,30.67,1,1,1,有,有,7800000,254320.0,,0.0,0,陽台外推；,RPTNMLMJJIIGFCA17DA,19.33,0.0,3.58,有,,42.0
中山區,房地(土地+建物),遼寧街６３巷１１號,88.0,住,,,1120928,土地1建物3車位0,一層,三層,公寓(5樓含以下無電梯),住家用,0560731,176.88,4,3,3,有,無,60000000,339213.0,,0.0,0,頂樓加蓋；其他增建；,RPROMLMJJIIGFCA07DA,176.88,0.0,0.0,無,1435.0,56.0
內湖區,房地(土地+建物)+車位,成功路五段４２０巷１５之３號九樓,40.88,住,,,1120920,土地1建物1車位1,九層,十一層,住宅大樓(11層含以上有電梯),住家用,0860515,185.05,4,2,2,有,有,37880000,204701.0,坡道平面,0.0,2500000,,RPWOMLMJJIIGFCA57DA,100.12,3.2,15.56,有,,26.0
內湖區,房地(土地+建物),民權東路六段１２０巷５弄３號五樓,32.39,住,,,1120924,土地1建物1車位0,五層,五層,公寓(5樓含以下無電梯),住家用,0730130,104.02,3,2,2,有,無,16700000,160546.0,,0.0,0,陽台外推；頂樓加蓋；其他增建；,RPTNMLNJJIIGFCA27DA,81.05,0.0,15.59,無,,40.0
松山區,房地(土地+建物),光復南路６６巷７０號四樓,19.25,住,,,1120923,土地1建物1車位0,四層,四層,公寓(5樓含以下無電梯),住家用,0590214,53.43,2,2,1,有,無,12300000,230208.0,,0.0,0,頂樓加蓋；,RPPNMLRLRHIGFDA28DA,53.43,0.0,0.0,無,1437.0,54.0
信義區,房地(土地+建物),吳興街１１８巷２２號五樓,23.19,住,,,1120926,土地1建物1車位0,五層,七層,華廈(10層含以下有電梯),住家用,0731226,122.82,3,2,1,有,有,29600000,241003.0,,0.0,0,陽台外推；,RPTOMLOJIIIGFDA47DA,101.24,0.0,11.47,有,,39.0
南港區,房地(土地+建物),研究院路二段７０巷３號五樓,26.1,住,,,1120919,土地7建物1車位0,五層,五層,公寓(5樓含以下無電梯),住家用,0691215,95.54,6,1,2,有,無,13700000,143395.0,,0.0,0,,RPOOMLLKIIIGFDA76DA,86.34,0.0,9.2,無,1438.0,43.0
信義區,房地(土地+建物),虎林街１６４巷２３號二樓,26.8,住,,,1120928,土地1建物1車位0,二層,五層,公寓(5樓含以下無電梯),住家用,0660620,90.05,3,2,2,有,無,23380000,259634.0,,0.0,0,陽台外推；其他增建；,RPRNMLSKIIIGFDA67DA,77.52,0.0,12.53,無,,46.0
南港區,房地(土地+建物),東明街１０８巷１２號三樓之１,25.87,住,,,1120928,土地1建物1車位0,三層,七層,華廈(10層含以下有電梯),住家用,0960420,101.76,3,2,2,有,無,24750000,243219.0,,0.0,0,鐵窗增建陽台外推；,RPOOMLQLIIIGFDA37DA,64.57,4.98,5.91,有,,16.0
士林區,房地(土地+建物),美崙街７號五樓,27.85,住,,,1120928,土地1建物1車位0,五層,五層,公寓(5樓含以下無電梯),住家用,0700123,95.75,4,4,3,有,無,16500000,172324.0,,0.0,0,頂樓加蓋；其他增建；,RPVNMLKLIIIGFEA47DA,87.25,0.0,8.5,無,,43.0
萬華區,房地(土地+建物)+車位,環河南路三段１３５號六樓,30.82,住,,,1120927,土地3建物1車位1,六層,十三層,住宅大樓(11層含以上有電梯),住家用,1050419,231.27,3,2,3,有,有,34000000,147014.0,升降平面,26.89,0,,RPQNMLNJJIIGFBA96EA,116.12,5.14,14.26,有,,7.0
中山區,房地(土地+建物)+車位,明水路５９５號三樓,36.61,住,,,1120926,土地1建物1車位1,三層,十二層,住宅大樓(11層含以上有電梯),住家用,0821108,189.95,2,2,2,有,有,45000000,236904.0,坡道平面,0.0,2500000,,RPQNMLQJJIIGFCA37EA,122.02,3.13,11.35,有,1444.0,30.0
文山區,房地(土地+建物),興隆路四段２９巷２弄１２號四樓,29.23,住,,,1120910,土地2建物1車位0,四層,四層,公寓(5樓含以下無電梯),住家用,,86.17,3,2,1,有,無,12680000,147151.0,,0.0,0,陽台外推；頂樓加蓋；,RPSVMLOJIIIGFAA77DA,74.18,0.0,11.99,無,1445.0,
文山區,房地(土地+建物)+車位,樟新街１５巷６號三樓,53.52,住,,,1120916,土地1建物1車位1,三層,十一層,住宅大樓(11層含以上有電梯),住家用,0790821,231.59,3,2,2,有,有,28600000,123494.0,坡道平面,0.0,1500000,其他增建；,RPQNMLMKIIIGFAA66DA,148.04,61.7,12.62,有,,33.0
中正區,房地(土地+建物),愛國東路７４巷２５號二樓之５,7.52,住,,,1120930,土地1建物1車位0,二層,八層,華廈(10層含以下有電梯),住家用,0970701,33.28,1,1,1,有,無,15600000,468750.0,,0.0,0,夾層；其他增建；,RPQNMLQKIIIGFAA07DA,17.07,2.27,0.0,有,1446.0,15.0
文山區,房地(土地+建物)+車位,福興路４巷５弄１２號三樓,43.69,住,,,1120904,土地2建物1車位1,三層，電梯樓梯間,六層,華廈(10層含以下有電梯),住家用,0850304,194.55,4,2,2,有,有,23500000,120792.0,坡道平面,0.0,0,陽台外推；,RPROMLNJJIIGFAA96DA,150.22,3.34,10.53,有,,28.0
文山區,房地(土地+建物),興隆路三段２２１巷２弄７號三樓,58.99,住,,,1120926,土地3建物1車位0,三層,五層,公寓(5樓含以下無電梯),住家用,0690910,98.73,3,2,2,有,無,12100000,122556.0,,0.0,0,,RPTNMLQJJIIGFAA37DA,82.97,0.0,15.76,無,,43.0
內湖區,房地(土地+建物),成功路二段１１５巷５號二樓之２,13.61,住,,,1120908,土地1建物2車位0,二層,十一層,住宅大樓(11層含以上有電梯),住家用,1110510,77.98,2,1,1,有,有,25250000,323801.0,,0.0,0,,RPWNMLOKRHIGFCA48DA,46.59,0.0,8.12,有,,1.0
內湖區,房地(土地+建物),安泰街５１巷６之１號五樓,24.53,住,,,1120930,土地1建物1車位0,五層,五層,公寓(5樓含以下無電梯),住家用,0730706,91.66,3,2,1,有,無,9500000,103644.0,,0.0,0,陽台外推；頂樓加蓋；其他增建；,RPWNMLSKIIIGFCA08DA,70.92,0.0,11.29,無,,39.0
中山區,房地(土地+建物)+車位,復興北路４７２號五樓,29.42,住,,,1120920,土地1建物1車位1,五層,十三層,住宅大樓(11層含以上有電梯),住家用,0910418,200.15,7,2,2,有,有,40800000,242697.0,坡道平面,44.4,3000000,陽台外推；夾層；其他增建；,RPROMLPLIIIGFCA47DA,115.97,0.0,10.46,有,1448.0,21.0
中山區,房地(土地+建物)+車位,明水路３８９號七樓,33.94,住,,,1120919,土地1建物1車位1,七層，電梯樓梯間,十五層,住宅大樓(11層含以上有電梯),住家用,0850527,188.78,3,2,2,有,有,58800000,311457.0,坡道平面,0.0,0,,RPVNMLRJJIIGFCA87DA,146.12,2.23,12.87,有,1449.0,27.0
南港區,房地(土地+建物),向陽路２５８巷２３號三樓,31.72,住,,,1120917,土地1建物1車位0,三層,十五層,住宅大樓(11層含以上有電梯),住家用,0950803,134.92,3,2,2,有,有,32650000,241995.0,,0.0,0,,RPSNMLRJJIIGFDA67DA,85.0,4.0,9.19,有,,17.0
士林區,房地(土地+建物)+車位,中山北路六段２３６巷９號十一樓之２,21.98,住,,,1120909,土地1建物1車位1,十一層,十四層,住宅大樓(11層含以上有電梯),住家用,1110331,152.87,3,2,1,有,有,42200000,349657.0,坡道平面,40.76,3000000,,RPWNMLQJIIIGFEA97DA,63.66,2.62,4.49,有,,1.0
士林區,房地(土地+建物)+車位,中山北路六段２３６巷９號十二樓之２,21.98,住,,,1120926,土地1建物1車位1,十二層,十四層,住宅大樓(11層含以上有電梯),住家用,1110331,152.87,3,2,1,有,有,42900000,352779.0,坡道平面,40.76,3350000,,RPOOMLNJJIIGFEA07DA,63.66,2.62,4.49,有,,1.0
士林區,房地(土地+建物),延平北路六段１１６巷１５弄１８號三樓,26.29,住,,,1120916,土地1建物1車位0,三層,五層,公寓(5樓含以下無電梯),住家用,0681129,99.3,3,2,2,有,無,10860000,109366.0,,0.0,0,,RPTNMLRJJIIGFEA87DA,94.86,0.0,4.44,無,,44.0
大安區,房地(土地+建物),安居街６０巷２號七樓,24.88,住,,,1120903,土地1建物1車位0,七層,七層,華廈(10層含以下有電梯),住家用,0731119,122.21,6,2,5,有,無,31100000,254480.0,,0.0,0,陽台外推；頂樓加蓋；其他增建；,RPTNMLQKIIIGFFA87DA,86.13,0.0,30.89,有,,39.0
南港區,房地(土地+建物)+車位,福德街３９１號三樓,20.09,住,,,1120928,土地1建物1車位1,三層,十六層,住宅大樓(11層含以上有電梯),住家用,0870521,120.3,3,2,1,有,有,22100000,183707.0,坡道平面,0.0,0,,RPUNMLQJJIIGFDA87EA,64.3,0.0,8.46,有,,25.0
士林區,房地(土地+建物),中山北路七段２１３之８號,28.73,住,,,1120928,土地1建物1車位0,一層,十層,華廈(10層含以下有電梯),住家用,0740320,140.63,3,2,2,有,有,27500000,195549.0,,0.0,0,其他增建；,RPVNMLQJJIIGFEA08EA,106.23,14.66,0.0,有,1451.0,39.0
文山區,房地(土地+建物),木新路二段１６１巷６弄２１號,54.53,住,,,1120904,土地1建物1車位0,一層,五層,公寓(5樓含以下無電梯),住家用,0721024,158.65,3,2,3,有,無,33500000,211157.0,,0.0,0,未登記建物；,RPTNMLMJIIIGFAA86DA,128.73,29.92,0.0,無,,40.0
文山區,房地(土地+建物),景華街９７巷２號三樓,30.92,住,,,1120919,土地1建物1車位0,三層,五層,公寓(5樓含以下無電梯),住家用,0690212,99.41,3,2,2,有,無,15680000,157731.0,,0.0,0,陽台外推；其他增建；,RPSNMLOLIIIGFAA17DA,87.41,0.0,12.0,無,,44.0
大同區,房地(土地+建物)+車位,興城街７０號十二樓之８,14.06,住,,,1120909,土地1建物1車位1,十二層,十五層,住宅大樓(11層含以上有電梯),住家用,1120119,131.16,2,2,1,有,有,33600000,308432.0,坡道平面,31.3,2800000,,RPUOMLLJJIIGFBA17DA,57.69,2.45,9.46,有,,1.0
內湖區,房地(土地+建物)+車位,文湖街２１巷６６號二樓,47.37,住,,,1120923,土地1建物1車位1,二層,七層,華廈(10層含以下有電梯),住家用,0800429,214.96,4,2,2,有,有,32880000,178475.0,坡道平面,44.74,2500000,陽台外推；其他增建；,RPSOMLNJIIIGFCA17DA,169.52,2.24,11.86,有,,32.0
內湖區,房地(土地+建物)+車位,民權東路六段４０７號五樓之１,23.43,住,,,1120912,土地1建物1車位1,五層,十二層,住宅大樓(11層含以上有電梯),住家用,0940914,139.38,3,2,2,有,有,32100000,230306.0,坡道平面,34.19,0,,RPSNMLMKIIIGFCA07DA,67.69,0.0,7.03,有,1455.0,18.0
內湖區,房地(土地+建物),民權東路六段９０巷２５弄３７號五樓,28.86,住,,,1120930,土地1建物1車位0,五層,五層,公寓(5樓含以下無電梯),住家用,0720119,106.26,4,2,2,有,無,14700000,138340.0,,0.0,0,,RPQOMLQKIIIGFCA37DA,79.21,0.0,27.05,無,,41.0
內湖區,房地(土地+建物),環山路一段５９巷２４號,31.0,住,,,1120921,土地2建物1車位0,一層,四層,公寓(5樓含以下無電梯),住家用,0670606,78.96,3,2,1,有,無,18500000,234296.0,,0.0,0,其他增建；,RPQNMLKLIIIGFCA76DA,70.58,8.38,0.0,無,,45.0
中山區,房地(土地+建物),龍江路４１５巷３８號四樓,26.56,住,,,1120910,土地1建物1車位0,四層,五層,公寓(5樓含以下無電梯),住家用,0720107,103.85,2,2,1,有,無,18000000,173327.0,,0.0,0,陽台外推；其他增建；,RPXOMLKLIIIGFCA57DA,83.21,0.0,12.89,無,,41.0
內湖區,房地(土地+建物),民權東路六段２８０巷１５５弄２１３號九樓之１０,17.09,住,,,1120920,土地1建物1車位0,八層，九層,十一層,住宅大樓(11層含以上有電梯),住家用,0860710,50.81999999999999,2,1,1,有,有,12900000,253837.0,,0.0,0,,RPQPMLQJJIIGFCA47DA,28.79,0.78,2.51,有,,26.0
信義區,房地(土地+建物),虎林街１３２巷３３號,33.75,住,,,1120916,土地1建物1車位0,一層,四層,公寓(5樓含以下無電梯),住家用,0590922,90.43,2,1,1,有,無,31000000,342807.0,,0.0,0,其他增建；含租約；,RPSNMLTKRHIGFDA68DA,90.43,0.0,0.0,無,,53.0
信義區,房地(土地+建物),吳興街５８３巷２弄３２號,25.0,住,,,1120919,土地1建物1車位0,全,三層,透天厝,住家用,0771220,65.19,4,4,4,有,無,19000000,291456.0,,0.0,0,頂樓加蓋；其他增建；,RPXNMLNKIIIGFDA77DA,65.19,0.0,0.0,無,,35.0
南港區,房地(土地+建物),重陽路３９巷１００號二樓之１,20.58,住,,,1120927,土地1建物1車位0,二層,九層,華廈(10層含以下有電梯),住家用,0920716,71.05,2,1,1,有,有,17660000,248557.0,,0.0,0,,RPROMLNKIIIGFDA27DA,45.53,1.43,4.95,有,1457.0,20.0
北投區,房地(土地+建物),大度路三段３０１巷２８弄３號一樓,42.96,住,,,1120924,土地1建物1車位0,一層,四層,公寓(5樓含以下無電梯),住家用,0751113,108.6,3,2,2,有,無,15600000,143646.0,,0.0,0,其他增建；,RPQOMLQJIIIGFEA47DA,89.9,8.02,0.0,無,1459.0,37.0
北投區,房地(土地+建物),幽雅路７號十二樓之１０,7.02,,,,1120907,土地1建物1車位0,十二層,十三層,住宅大樓(11層含以上有電梯),住家用,0980205,43.48,0,0,0,無,有,5000000,114995.0,,0.0,0,,RPXNMLPLIIIGFEA18DA,26.09,1.36,0.0,有,1460.0,15.0
士林區,房地(土地+建物),芝玉路二段８９巷８號二樓,32.0,住,,,1120921,土地1建物1車位0,二層,五層,公寓(5樓含以下無電梯),住家用,0670201,105.63,3,2,2,有,無,20700000,195967.0,,0.0,0,陽台外推；其他增建；,RPQNMLNJJIIGFEA17DA,95.58,0.0,10.05,無,1461.0,46.0
大安區,房地(土地+建物),仁愛路四段３００巷１９弄１２號六樓,21.99,住,,,1120904,土地1建物1車位0,六層,七層,華廈(10層含以下有電梯),住家用,0730721,116.48,3,2,2,有,有,35600000,305632.0,,0.0,0,陽台外推；,RPOOMLMLRHIGFFA97DA,94.62,0.0,15.03,有,,39.0
大安區,房地(土地+建物),安和路一段５３號五樓,12.32,住,,,1120916,土地1建物1車位0,五層,十二層,住宅大樓(11層含以上有電梯),住家用,0710813,115.67,2,2,2,有,有,40000000,345811.0,,0.0,0,陽台外推；其他增建；,RPUNMLMJIIIGFFA47DA,86.71,1.87,14.37,有,,41.0
大安區,房地(土地+建物),復興南路二段１５１巷８號七樓之４,14.06,住,,,1120919,土地1建物1車位0,七層,七層,華廈(10層含以下有電梯),住家用,0670929,108.07,2,2,2,有,有,27500000,254465.0,,0.0,0,陽台外推；其他增建；,RPTNMLNJIIIGFFA47DA,88.94,0.0,4.23,有,,45.0
大安區,房地(土地+建物),安居街１２１之１號五樓,21.44,住,,,1120929,土地1建物1車位0,五層,五層,公寓(5樓含以下無電梯),住家用,0661011,86.37,3,2,1,有,無,15000000,173671.0,,0.0,0,陽台外推；頂樓加蓋；其他增建；,RPSNMLKLIIIGFFA27DA,71.19,0.0,15.18,無,,46.0
內湖區,房地(土地+建物)+車位,康寧路三段５６巷１６８號五樓,37.59,住,,,1120909,土地1建物1車位1,五層,十層,華廈(10層含以下有電梯),住家用,0981211,211.1,4,2,2,有,有,35000000,165798.0,坡道平面,0.0,0,,RPTNMLRJJIIGFCA77EA,103.21,6.62,11.93,有,,14.0
南港區,房地(土地+建物),忠孝東路六段２５０巷１８號二樓,35.8,住,,,1120927,土地1建物1車位0,二層,五層,公寓(5樓含以下無電梯),住家用,0870107,110.6,3,2,2,有,無,18000000,162749.0,,0.0,0,,RPVNMLQJJIIGFDA97EA,81.15,0.0,8.04,無,,26.0
信義區,房地(土地+建物),福德街１３７巷１８弄５號五樓,29.36,住,,,1120927,土地1建物1車位0,五層,五層,公寓(5樓含以下無電梯),住家用,0740827,106.45,3,2,2,有,有,19090000,179333.0,,0.0,0,陽台外推；頂樓加蓋；,RPQNMLSJJIIGFDA67EA,93.48,0.0,9.74,無,1463.0,38.0
士林區,房地(土地+建物),華岡路２１號三樓之４,28.43,住,,,1120928,土地1建物1車位0,三層,五層,華廈(10層含以下有電梯),住家用,0840911,74.19,1,1,1,有,有,6550000,88287.0,,0.0,0,,RPPNMLSJJIIGFEA67EA,43.34,2.03,4.21,有,,28.0
中正區,房地(土地+建物),同安街２８巷３號四樓,41.62,住,,,1120924,土地3建物1車位0,四層,四層,公寓(5樓含以下無電梯),住家用,0650308,109.34,3,2,1,有,無,22680000,207426.0,,0.0,0,陽台外推；,RPVOMLMJIIIGFAA17DA,94.41,0.0,14.93,無,,48.0
大同區,房地(土地+建物),哈密街１４３之２號六樓,24.19,住,,,1120914,土地2建物1車位0,六層,七層,華廈(10層含以下有電梯),住家用,0740617,115.57,3,0,2,有,有,20260000,175305.0,,0.0,0,陽台外推；其他增建；,RPTNMLKLIIIGFBA96DA,80.02,0.0,13.38,有,,38.0
內湖區,房地(土地+建物),民權東路六段２８０巷７７號,54.25,住,,,1120930,土地1建物1車位0,一層,五層,公寓(5樓含以下無電梯),住家用,0770524,150.93,5,3,4,有,無,36500000,241834.0,,0.0,0,其他增建；,RPXNMLNKIIIGFCA67DA,126.51,13.08,0.0,無,,35.0
中山區,房地(土地+建物),遼寧街２２３號十三樓之１,16.19,住,,,1120927,土地1建物1車位0,十三層,十五層,住宅大樓(11層含以上有電梯),住家用,0750609,84.7,2,2,1,有,有,22280000,263046.0,,0.0,0,1、陽台加建。2、地下1、2層停車位每年10月登記，登記取得後每月1500元管理費，位置不固定，先到先停。,RPQPMLKMIIIGFCA07DA,65.97,0.0,5.58,有,,37.0
中山區,房地(土地+建物),五常街５３巷１１號三樓,29.67,住,,,1120903,土地2建物1車位0,三層,五層,公寓(5樓含以下無電梯),住家用,0680605,118.39,3,2,2,有,無,20880000,176366.0,,0.0,0,陽台外推；,RPXOMLRJJIIGFCA18DA,103.47,0.0,14.92,無,,44.0
信義區,房地(土地+建物),永吉路２００巷４１弄１９號二樓,32.85,住,,,1120917,土地1建物1車位0,二層,五層,公寓(5樓含以下無電梯),住家用,0721019,125.43,3,2,2,有,無,28500000,227218.0,,0.0,0,其他增建；,RPOOMLRKIIIGFDA37DA,102.96,0.0,10.44,無,1467.0,40.0
信義區,房地(土地+建物),吳興街４５０巷５弄５號三樓,24.92,住,,,1120915,土地1建物1車位0,三層,五層,公寓(5樓含以下無電梯),住家用,0790518,94.16,3,2,2,有,無,19180000,203696.0,,0.0,0,,RPVOMLPLIIIGFDA97DA,75.28,1.36,8.81,無,,33.0
南港區,房地(土地+建物)+車位,東新街１８０巷２號,78.87,住,,,1120926,土地2建物1車位1,一層,五層,華廈(10層含以下有電梯),住家用,1120426,143.22,3,2,2,有,有,40600000,353535.0,坡道機械,32.33,1400000,買賣標的含新光段一小段338建號權利範圍2299/100000,RPROMLRJJIIGFDA67DA,72.73,0.0,0.0,有,,
南港區,房地(土地+建物)+車位,東新街１８０巷１０號三樓,65.55,住,,,1120930,土地2建物1車位1,三層,五層,華廈(10層含以下有電梯),住家用,1120426,124.51,2,2,2,有,有,31560000,324981.0,坡道機械,32.33,1600000,買賣標的含新光段一小段338建號權利範圍1910/100000,RPSOMLRJJIIGFDA77DA,51.4,3.9,5.16,有,,
南港區,房地(土地+建物)+車位,東新街１８０巷１０號四樓,65.55,住,,,1120926,土地2建物1車位1,四層,五層,華廈(10層含以下有電梯),住家用,1120426,124.51,2,2,2,有,有,32100000,330838.0,坡道機械,32.33,1600000,買賣標的含新光段一小段338建號權利範圍1910/100000,RPTOMLRJJIIGFDA87DA,51.4,3.9,5.16,有,,
北投區,房地(土地+建物),中央北路二段４０６號六樓之１,13.18,住,,,1120901,土地1建物1車位0,六層,十層,華廈(10層含以下有電梯),住家用,0941027,57.86,1,1,1,有,有,9900000,171103.0,,0.0,0,陽台外推；,RPWNMLQKIIIGFEA08DA,35.89,1.38,4.53,有,,18.0
文山區,房地(土地+建物),指南路三段２巷８之２號四樓,18.72,住,,,1120930,土地1建物1車位0,四層,十二層,住宅大樓(11層含以上有電梯),住家用,0860318,69.16,2,2,1,有,有,12300000,177848.0,,0.0,0,,RPQNMLQJJIIGFAA17EA,48.89,0.0,9.01,有,,27.0
萬華區,房地(土地+建物),富民路１４５巷１５弄２１號三樓,35.0,住,,,1120915,土地1建物1車位0,三層,四層,公寓(5樓含以下無電梯),住家用,0630221,93.67,4,1,1,有,無,11370000,121384.0,,0.0,0,,RPUNMLSJJIIGFBA77DA,86.19,0.0,7.48,無,,50.0
萬華區,房地(土地+建物),富民路１４５巷１５弄２３號三樓,26.0,住,,,1120915,土地1建物1車位0,三層,四層,公寓(5樓含以下無電梯),住家用,0630221,79.23,1,2,1,有,無,9620000,121419.0,,0.0,0,,RPVNMLSJJIIGFBA87DA,71.84,0.0,7.39,無,,50.0
萬華區,房地(土地+建物),雙園街３６號三樓,19.5,住,,,1120913,土地1建物1車位0,三層,四層,公寓(5樓含以下無電梯),住家用,0610415,64.67,2,1,1,有,無,9700000,149992.0,,0.0,0,陽台外推；,RPUNMLTJJIIGFBA87DA,64.67,0.0,0.0,無,1468.0,51.0
內湖區,房地(土地+建物),港華街１０７巷２２號五樓,30.65,住,,,1120924,土地1建物1車位0,五層,五層,公寓(5樓含以下無電梯),住家用,0690704,104.81,4,2,3,有,無,17800000,169831.0,,0.0,0,頂樓加蓋；,RPWNMLKLIIIGFCA37DA,94.06,0.0,10.75,無,,43.0
南港區,房地(土地+建物),福山街２巷３弄１９號,55.0,住,,,1120920,土地2建物1車位0,全,二層,透天厝,住家用,0611103,60.4,3,2,2,有,無,20800000,344371.0,,0.0,0,其它增建:一樓空地後方增建遮雨棚，三樓加蓋其他增建；,RPQNMLQLRHIGFDA28DA,60.4,0.0,0.0,無,,51.0
北投區,房地(土地+建物),奇岩路２０１巷２號,40.14,住,,,1120921,土地1建物1車位0,一層,四層,華廈(10層含以下有電梯),住家用,0600218,112.59,4,2,2,有,有,10500000,93259.0,,0.0,0,,RPPOMLSJJIIGFEA67DA,112.59,0.0,0.0,有,,53.0
大安區,房地(土地+建物),潮州街８４號二樓之６,7.98,住,,,1120919,土地1建物1車位0,二層,九層,華廈(10層含以下有電梯),住家用,0980120,35.87,1,1,1,有,有,17100000,476721.0,,0.0,0,雨遮加蓋之增建物夾層；其他增建；,RPQNMLLLIIIGFFA17DA,15.06,6.27,0.0,有,,15.0
松山區,房地(土地+建物)+車位,八德路二段４３７巷１０弄２３號二樓,31.24,住,,,1120920,土地1建物1車位1,二層,七層,華廈(10層含以下有電梯),住家用,0730120,196.87,4,2,2,有,無,38000000,231069.0,坡道平面,45.4,3000000,陽台外推；,RPUNMLTJJIIGFDA18EA,119.79,3.7,11.92,有,,40.0
文山區,房地(土地+建物)+車位,興隆路二段１０號三樓,46.68,住,,,1120925,土地1建物1車位1,三層,十四層,住宅大樓(11層含以上有電梯),住家用,1041202,269.61,3,2,2,有,有,56000000,235186.0,坡道平面,42.13,2500000,,RPWOMLMJIIIGFAA27DA,120.57,16.95,14.06,有,,8.0
文山區,房地(土地+建物)+車位,興隆路三段３０４巷３２之１８號四樓,17.99,住,,,1120913,土地2建物1車位1,四層,七層,華廈(10層含以下有電梯),住家用,1030314,115.2,2,2,1,有,有,13650000,118490.0,坡道平面,26.69,0,,RPSNMLPJIIIGFAA07DA,42.04,9.72,4.01,有,1472.0,9.0
文山區,房地(土地+建物)+車位,木新路二段１６１巷２４弄６號三樓,42.95,住,,,1120918,土地1建物1車位1,三層,五層,華廈(10層含以下有電梯),住家用,0831227,198.74,3,2,2,有,無,25680000,129208.0,升降平面,57.26,0,陽台外推；,RPQNMLTJJIIGFAA37DA,166.68,5.36,12.54,有,,29.0
萬華區,房地(土地+建物),青年路３０巷１０號,22.05,住,,,1120924,土地1建物1車位0,一層,十二層,住宅大樓(11層含以上有電梯),住家用,0760316,104.73,2,2,2,有,有,19680000,187912.0,,0.0,0,其他增建；,RPRNMLRLIIIGFBA47DA,70.63,10.72,0.0,有,1474.0,37.0
中山區,房地(土地+建物),松江路４３１巷２５號七樓,21.17,住,,,1120926,土地1建物1車位0,七層,七層,華廈(10層含以下有電梯),住家用,0780722,109.86,3,2,2,有,有,22500000,204806.0,,0.0,0,其他增建；,RPPNMLKMRHIGFCA57DA,93.96,0.26,9.41,有,,34.0
松山區,房地(土地+建物),市民大道四段２４９號四樓,29.28,住,,,1120920,土地1建物1車位0,四層，陽臺,四層,公寓(5樓含以下無電梯),住家用,0640430,89.11,2,2,1,有,無,23700000,265963.0,,0.0,0,陽台加窗陽台外推；頂樓加蓋；其他增建；,RPVOMLNKIIIGFDA67DA,89.11,0.0,0.0,無,,48.0
信義區,房地(土地+建物)+車位,吳興街６００巷７６弄２２號六樓,27.8,住,,,1120928,土地1建物1車位1,六層,六層,華廈(10層含以下有電梯),住家用,1050301,145.64,2,2,2,有,有,23200000,159297.0,升降平面,34.89,0,,RPRNMLRKIIIGFDA57DA,58.94,13.77,3.09,有,1476.0,8.0
信義區,房地(土地+建物),松信路１７號四樓,25.53,住,,,1120929,土地1建物1車位0,四層，陽臺,四層,公寓(5樓含以下無電梯),住家用,0640908,80.24,3,2,1,有,無,16260000,202642.0,,0.0,0,其他增建；,RPROMLQLIIIGFDA67DA,80.24,0.0,0.0,無,,48.0
士林區,房地(土地+建物),故宮路４８巷２０之３號,194.0,住,,,1120924,土地2建物1車位0,全,三層,透天厝,住家用,0680312,232.85,6,4,4,有,無,49200000,211295.0,,0.0,0,頂樓加蓋；其他增建；,RPSOMLPLIIIGFEA77DA,183.57,39.28,10.0,無,,45.0
北投區,房地(土地+建物),致遠二路９５巷３５號,21.25,住,,,1120926,土地1建物1車位0,一層,四層,公寓(5樓含以下無電梯),住家用,0590324,60.05,2,2,1,有,無,16800000,279767.0,,0.0,0,其他增建；,RPTNMLNJJIIGFEA47DA,60.05,0.0,0.0,無,,54.0
大安區,房地(土地+建物),光復南路２６０巷４３之５號,41.63,住,,,1120905,土地1建物1車位0,六層,六層,華廈(10層含以下有電梯),住家用,0580514,152.05,3,2,2,有,無,42580000,280039.0,,0.0,0,其他增建；,RPQNMLPLIIIGFFA57DA,137.17,2.23,12.65,有,,54.0
中山區,房地(土地+建物),北安路５６９之１號四樓,28.5,住,,,1120924,土地1建物1車位0,四層,四層,公寓(5樓含以下無電梯),住家用,0660211,75.75,3,2,1,有,無,12500000,165017.0,,0.0,0,,RPQNMLNKJIIGFCA17EA,72.61,0.0,3.14,無,,47.0
北投區,房地(土地+建物),天母北路１０５巷１５弄１號八樓之６,18.82,住,,,1120916,土地1建物1車位0,八層,十一層,住宅大樓(11層含以上有電梯),住家用,0840629,64.8,1,1,1,有,有,12700000,195988.0,,0.0,0,陽台外推；,RPRNMLNKJIIGFEA47EA,39.99,1.81,3.62,有,1479.0,28.0
文山區,房地(土地+建物),景華街１２８巷２弄７之３號三樓,16.85,住,,,1120928,土地1建物1車位0,三層,九層,華廈(10層含以下有電梯),住家用,1040430,70.22999999999999,2,2,1,有,有,16500000,234942.0,,0.0,0,,RPTNMLMKIIIGFAA96DA,40.96,1.99,4.96,有,1480.0,8.0
萬華區,房地(土地+建物),寶興街１４０巷２２號三樓,31.7,住,,,1120926,土地5建物1車位0,三層,五層,公寓(5樓含以下無電梯),住家用,0681101,111.06,3,1,1,有,無,16000000,144066.0,,0.0,0,陽台外推；其他增建；,RPXNMLOJIIIGFBA57DA,94.93,0.0,16.13,無,,44.0
內湖區,房地(土地+建物)+車位,五分街７２巷３號五樓之１,25.29,住,,,1120910,土地1建物1車位1,五層,十二層,住宅大樓(11層含以上有電梯),住家用,0961025,150.92000000000002,3,2,2,有,有,31280000,207262.0,坡道平面,39.05,0,陽台外推；其他增建；,RPTOMLNLIIIGFCA47DA,82.41,6.27,8.36,有,,16.0
中山區,房地(土地+建物),松江路２５２巷５號三樓,32.67,住,,,1120909,土地1建物1車位0,三層,五層,公寓(5樓含以下無電梯),住家用,0680411,132.62,4,2,2,有,無,25000000,188509.0,,0.0,0,陽台外推；其他增建；,RPPNMLLKJIIGFCA76DA,107.35,0.0,25.27,無,,44.0
信義區,房地(土地+建物)+車位,吳興街６００巷７６弄１４３號三樓之２,24.18,住,,,1120909,土地1建物1車位1,三層,七層,華廈(10層含以下有電梯),住家用,0851227,116.77,3,2,1,有,有,16800000,176936.0,坡道平面,35.95,2500000,陽台外推；夾層；其他增建；,RPRNMLKLIIIGFDA96DA,46.38,0.0,6.75,有,,27.0
南港區,房地(土地+建物)+車位,經貿二路１８５巷５８號八樓,47.6,住,,,1120926,土地1建物1車位1,八層,十一層,住宅大樓(11層含以上有電梯),住家用,0990628,224.27999999999997,4,2,2,有,有,59000000,288162.0,坡道平面,28.21,2500000,陽台外推；其他增建；,RPUNMLKLIIIGFDA27DA,117.82,5.63,13.75,有,,13.0
南港區,房地(土地+建物),研究院路二段１２巷５８弄１之１號四樓,29.78,住,,,1120910,土地1建物1車位0,四層,五層,公寓(5樓含以下無電梯),住家用,0720909,101.16,4,2,1,有,無,14760000,145907.0,,0.0,0,陽台外推；其他增建；,RPPOMLNLIIIGFDA17DA,91.17,0.0,9.99,無,,40.0
信義區,房地(土地+建物),忠孝東路五段７４３巷１弄１９號二樓,24.5,住,,,1120927,土地1建物1車位0,二層，陽臺,四層,公寓(5樓含以下無電梯),住家用,0611125,69.27,3,1,1,有,無,14580000,210481.0,,0.0,0,,RPSNMLNKJIIGFDA37DA,69.27,0.0,0.0,無,,51.0
北投區,房地(土地+建物),溫泉路３４巷１７號三樓,38.0,住,,,1120923,土地1建物1車位0,三層,四層,公寓(5樓含以下無電梯),住家用,0631226,91.51,3,2,1,有,無,13080000,142935.0,,0.0,0,陽台外推；其他增建；,RPXNMLNKIIIGFEA87DA,80.42,0.0,11.09,無,,49.0
士林區,房地(土地+建物)+車位,承德路四段３１號七樓,26.52,住,,,1120926,土地2建物1車位1,七層,十一層,住宅大樓(11層含以上有電梯),住家用,0890705,155.15,3,2,2,有,有,32000000,206252.0,坡道平面,0.0,0,陽台增建、凸窗增建陽台外推；其他增建；,RPVNMLKMIIIGFEA57DA,84.07,0.0,9.38,有,,23.0
文山區,房地(土地+建物),忠順街一段４８巷６號五樓,30.28,住,,,1120929,土地2建物1車位0,五層,五層,公寓(5樓含以下無電梯),住家用,0700626,101.92,5,0,5,有,無,14650000,143740.0,,0.0,0,陽台外推；頂樓加蓋；,RPQOMLNLIIIGFAA96DA,88.24,0.0,13.68,無,,42.0
信義區,房地(土地+建物),吳興街２８４巷３６弄１３號三樓,29.87,住,,,1120923,土地1建物1車位0,三層,五層,公寓(5樓含以下無電梯),住家用,0720714,116.04,4,0,4,有,無,18200000,156842.0,,0.0,0,陽台外推；,RPWOMLPJIIIGFDA87DA,92.12,0.0,14.58,無,1484.0,40.0
信義區,房地(土地+建物)+車位,松德路１１９號三樓,16.26,住,,,1120918,土地3建物1車位1,三層,二十三層,住宅大樓(11層含以上有電梯),住家用,0831021,198.56,4,2,2,有,有,51000000,288333.0,坡道平面,33.82,3500000,,RPQNMLSJIIIGFDA47DA,148.14,4.04,15.62,有,,29.0
南港區,房地(土地+建物)+車位,重陽路１２５巷３６弄１０號二樓之１,20.38,住,,,1120902,土地1建物1車位1,二層,八層,華廈(10層含以下有電梯),住家用,0961008,96.19,1,2,1,有,有,19930000,212494.0,坡道機械,10.87,1800000,,RPQNMLQKIIIGFDA37DA,48.29,0.0,6.35,有,1485.0,16.0
南港區,房地(土地+建物)+車位,經貿二路１８５巷５０號八樓,47.85,住,,,1120926,土地1建物1車位1,八層,十一層,住宅大樓(11層含以上有電梯),住家用,0990628,225.44,3,2,2,有,有,59880000,290929.0,坡道平面,28.21,2500000,陽台外推；其他增建；,RPVNMLKLIIIGFDA37DA,117.82,6.79,13.75,有,,13.0
松山區,房地(土地+建物),南京東路三段３３５巷１３號四樓,13.55,住,,,1120926,土地1建物1車位0,四層,七層,華廈(10層含以下有電梯),住家用,0750321,81.22,1,2,1,有,有,22180000,273085.0,,0.0,0,陽台外推；其他增建；,RPROMLNLIIIGFDA37DA,46.04,0.0,7.01,有,1486.0,38.0
士林區,房地(土地+建物),中山北路七段８１巷１６弄５號五樓之１,17.86,住,,,1120924,土地1建物1車位0,五層,十五層,住宅大樓(11層含以上有電梯),住家用,1111115,141.89,3,2,2,有,有,36500000,257242.0,,0.0,0,,RPQOMLPLIIIGFEA57DA,80.07,0.0,12.21,有,,1.0
大安區,房地(土地+建物),杭州南路二段９巷３之４號,29.75,住,,,1120924,土地2建物1車位0,三層,四層,公寓(5樓含以下無電梯),住家用,0580623,72.03,2,2,1,有,無,23300000,323476.0,,0.0,0,陽台外推；其他增建；,RPPNMLLLIIIGFFA07DA,63.94,0.0,8.09,無,,54.0
文山區,房地(土地+建物),興隆路二段２０３巷３６號七樓,18.23,住,,,1120918,土地1建物1車位0,七層,十三層,住宅大樓(11層含以上有電梯),住家用,0880510,72.75999999999999,2,2,1,有,有,15650000,215091.0,,0.0,0,陽台加窗其他增建；,RPVNMLMKIIIGFAA17DA,51.48,0.0,6.43,有,,24.0
文山區,房地(土地+建物),木新路三段１７２巷４弄２號二樓,39.17,住,,,1120925,土地1建物1車位0,二層,四層,公寓(5樓含以下無電梯),住家用,0690412,100.42,3,2,1,有,無,14500000,144394.0,,0.0,0,陽台外推；其他增建；,RPUNMLNKJIIGFAA27DA,87.63,0.0,12.79,無,,43.0
大同區,房地(土地+建物),延平北路三段１０４巷２弄２號三樓,32.3,住,,,1120914,土地1建物1車位0,三層,五層,公寓(5樓含以下無電梯),住家用,0740214,106.81,3,2,2,有,無,13800000,129201.0,,0.0,0,,RPROMLSLRHIGFBA48DA,96.46,0.0,10.35,無,,39.0
萬華區,房地(土地+建物)+車位,環河南路二段２７２號二樓,51.82,住,,,1120920,土地1建物1車位1,二層,十層,華廈(10層含以下有電梯),住家用,1041023,237.22,3,1,2,有,有,32500000,157509.0,坡道平面,43.58,2000000,,RPSNMLRJJIIGFBA47DA,115.43,5.81,8.6,有,,8.0
大同區,房地(土地+建物),延平北路四段２３５巷３號四樓之１,32.81,住,,,1120917,土地2建物1車位0,四層,四層,公寓(5樓含以下無電梯),住家用,0671017,93.82,3,2,1,有,無,11400000,121509.0,,0.0,0,陽台外推；頂樓加蓋；,RPWNMLOKJIIGFBA67DA,82.02,0.0,11.8,無,,45.0
內湖區,房地(土地+建物)+車位,內湖路一段１巷９弄１６號三樓,38.02,住,,,1120926,土地1建物1車位1,三層,五層,華廈(10層含以下有電梯),住家用,0790621,166.89999999999998,2,2,2,有,有,28000000,197889.0,坡道平面,38.04,2500000,陽台外推；其他增建；,RPOPMLOLIIIGFCA17DA,130.95,1.26,10.83,有,1492.0,33.0
內湖區,房地(土地+建物)+車位,麗山街９１號,178.43,住,,,1120901,土地1建物1車位2,全,四層,透天厝,住家用,0920129,373.88,5,2,4,有,有,68880000,184230.0,坡道平面,0.0,0,,RPTOMLQJJIIGFCA67DA,217.47,19.03,25.98,有,1493.0,21.0
內湖區,房地(土地+建物),安泰街１２５巷３４號五樓,18.9,住,,,1120903,土地1建物1車位0,五層，電梯樓梯間,六層,華廈(10層含以下有電梯),住家用,0851009,62.260000000000005,2,2,1,有,有,11500000,184709.0,,0.0,0,陽台外推；夾層；其他增建；,RPXOMLPKJIIGFCA08DA,44.41,1.04,4.65,有,1494.0,27.0
南港區,房地(土地+建物)+車位,舊莊街一段３巷１２弄５０號七樓,21.8,住,,,1120926,土地1建物1車位1,七層,八層,華廈(10層含以下有電梯),住家用,1120426,127.51,2,2,1,有,有,21960000,172222.0,坡道平面,41.29,0,,RPOOMLLJJIIGFDA76DA,48.42,7.17,3.04,有,,
士林區,房地(土地+建物),士東路２巷１１弄１７號三樓,30.68,住,,,1120924,土地1建物1車位0,三層,七層,華廈(10層含以下有電梯),住家用,0710903,146.38,4,2,2,有,有,31790000,217174.0,,0.0,0,陽台外推；,RPPNMLRJIIIGFEA37DA,106.32,0.0,18.4,有,,41.0
大安區,房地(土地+建物),仁愛路四段３００巷２５弄９號三樓,22.42,住,,,1120922,土地1建物1車位0,三層,七層,華廈(10層含以下有電梯),住家用,0730721,113.09,3,2,2,有,無,35100000,310372.0,,0.0,0,陽台外推；其他增建；,RPXPMLQJIIIGFFA38DA,93.91,0.0,12.35,有,,39.0
大安區,房地(土地+建物),仁愛路三段１２７號三樓,25.33,住,,,1120916,土地1建物1車位0,三層,十二層,住宅大樓(11層含以上有電梯),住家用,0700127,188.94,2,1,2,有,有,66880000,353975.0,,0.0,0,陽台外推；其他增建；,RPWNMLRLIIIGFFA38DA,135.16,0.0,17.81,有,1495.0,43.0
大安區,房地(土地+建物),新生南路一段１４３巷２６號三樓之２,26.71,住,,,1120910,土地1建物1車位0,三層,五層,公寓(5樓含以下無電梯),住家用,0700625,91.8,2,2,1,有,無,25750000,280501.0,,0.0,0,陽台外推；,RPPNMLSJJIIGFFA67DA,71.86,0.0,14.79,無,,42.0
文山區,房地(土地+建物)+車位,辛亥路六段３７號十三樓之２,22.81,住,,,1120903,土地2建物1車位2,十三層,十四層,住宅大樓(11層含以上有電梯),住家用,0970521,132.11,1,2,1,有,有,21000000,208568.0,坡道機械,43.42,2500000,其他增建；,RPWOMLMJJIIGFAA37DA,54.23,2.17,3.69,有,,15.0
內湖區,房地(土地+建物)+車位,南京東路六段８９號八樓,48.51,住,,,1120915,土地1建物1車位1,八層,九層,華廈(10層含以下有電梯),住家用,0860526,129.23000000000002,3,2,1,有,有,23500000,181846.0,坡道平面,0.0,0,陽台外推；,RPRNMLKLIIIGFCA86DA,73.96,0.0,8.44,有,1498.0,26.0
南港區,房地(土地+建物),新民街８１號,32.5,住,,,1120918,土地1建物1車位0,一層，平台，騎樓,四層,公寓(5樓含以下無電梯),住家用,0640522,74.35,0,1,1,有,無,36000000,484196.0,,0.0,0,含土地增值稅或其他稅費；其他增建；具重建或重劃、都更等效益；,RPUOMLMKIIIGFDA47DA,74.35,0.0,0.0,無,,48.0
信義區,房地(土地+建物),虎林街１６４巷６０弄１８之１號二樓,17.4,住,,,1120923,土地1建物1車位0,二層,五層,公寓(5樓含以下無電梯),住家用,0660215,60.12,2,2,1,有,無,15380000,255822.0,,0.0,0,陽台外推；其他增建；,RPUNMLSKIIIGFDA97DA,55.39,0.0,4.73,無,1501.0,47.0
士林區,房地(土地+建物),中山北路六段４２５之１號四樓,28.4,住,,,1120919,土地2建物1車位0,四層,七層,華廈(10層含以下有電梯),住家用,0700609,161.02,3,2,2,有,有,30000000,186312.0,,0.0,0,,RPOOMLOKJIIGFEA27DA,111.81,0.0,35.31,有,,42.0
士林區,房地(土地+建物),中山北路六段７５４巷２６之２號五樓,19.95,住,,,1120930,土地1建物1車位0,五層,五層,公寓(5樓含以下無電梯),住家用,0680629,73.09,2,2,1,有,無,14800000,202490.0,,0.0,0,陽台外推；,RPWNMLQKJIIGFEA28EA,66.07,0.0,7.02,無,1503.0,44.0
士林區,房地(土地+建物)+車位,延平北路六段３５０號十一樓,23.53,住,,,1120927,土地1建物1車位2,十一層,十一層,住宅大樓(11層含以上有電梯),住家用,0900119,162.19,2,2,2,有,有,23000000,141809.0,升降機械,0.0,0,,RPTNMLKLJIIGFEA47EA,87.62,2.42,9.24,有,,23.0
中正區,房地(土地+建物),汀州路二段１３３巷１８號五樓,30.3,住,,,1120926,土地1建物1車位0,五層,五層,公寓(5樓含以下無電梯),住家用,0721105,112.5,5,3,4,有,無,23100000,205333.0,,0.0,0,頂樓加蓋；其他增建；,RPSNMLPLIIIGFAA27DA,91.6,4.64,5.32,無,1504.0,40.0
文山區,房地(土地+建物),福興路３９號二樓,31.25,住,,,1120923,土地1建物1車位0,二層，陽臺,四層,公寓(5樓含以下無電梯),住家用,0650825,84.55,3,2,2,有,無,12500000,147842.0,,0.0,0,陽台外推；,RPPOMLKMIIIGFAA66DA,84.55,0.0,0.0,無,,47.0
文山區,房地(土地+建物),秀明路二段１１２巷１１號四樓,28.98,住,,,1120921,土地1建物1車位0,四層,五層,公寓(5樓含以下無電梯),住家用,,111.68,3,2,2,有,無,14500000,129835.0,,0.0,0,,RPVOMLKLJIIGFAA27DA,80.03,0.0,12.12,無,,41.0
內湖區,房地(土地+建物)+車位,內湖路二段１７９巷３弄３號十一樓,7.36,住,,,1120927,土地1建物1車位1,十一層,十三層,住宅大樓(11層含以上有電梯),住家用,1110428,59.89,0,1,1,有,有,16500000,288609.0,升降機械,7.57,1400000,,RPUOMLMJIIIGFCA27DA,28.71,2.64,3.6,有,,1.0
內湖區,房地(土地+建物),內湖路三段７３號二樓,24.49,住,,,1120910,土地1建物1車位0,二層,五層,公寓(5樓含以下無電梯),住家用,0661207,79.99,4,0,4,有,無,10600000,132517.0,,0.0,0,陽台外推；,RPPNMLMKJIIGFCA86DA,69.64,0.0,10.35,無,1506.0,46.0
信義區,房地(土地+建物),忠孝東路五段５３號十二樓,18.96,住,,,1120911,土地2建物1車位0,十二層,十二層,住宅大樓(11層含以上有電梯),住家用,0720406,116.19,3,2,1,有,有,32600000,280575.0,,0.0,0,陽台外推；,RPWNMLLKIIIGFDA47DA,74.48,0.0,17.28,有,,40.0
松山區,房地(土地+建物),南京東路三段３０３巷３弄４號七樓,60.4,住,,,1120901,土地3建物1車位0,七層,七層,華廈(10層含以下有電梯),住家用,0730716,228.05,5,2,3,有,有,60000000,263100.0,,0.0,0,陽台外推；頂樓加蓋；其他增建；,RPTOMLNKJIIGFDA57DA,191.91,17.22,8.39,有,1507.0,39.0
南港區,房地(土地+建物),研究院路二段１９２號四樓,21.67,住,,,1120905,土地1建物1車位0,四層，陽臺,四層,公寓(5樓含以下無電梯),住家用,0641128,67.91,6,0,6,有,無,11250000,165660.0,,0.0,0,陽台外推；頂樓加蓋；含租約；,RPTNMLTKJIIGFDA08DA,67.91,0.0,0.0,無,,48.0
北投區,房地(土地+建物)+車位,稻香路１６１巷１６弄１０之３號四樓,50.58,住,,,1120904,土地1建物1車位2,四層,五層,華廈(10層含以下有電梯),住家用,1100902,163.01,2,2,1,有,有,23510000,211582.0,坡道平面,70.8,4000000,含裝潢設備及家電,RPOOMLNKJIIGFEA17DA,50.61,4.6,4.86,有,,2.0
北投區,房地(土地+建物),稻香路１６１巷１６弄８之２號三樓,48.16,住,,,1120914,土地1建物1車位0,三層,五層,華廈(10層含以下有電梯),住家用,1100902,87.76,2,2,1,有,有,16980000,193482.0,,0.0,0,含裝潢設備及家電,RPQOMLNKJIIGFEA37DA,47.79,4.4,4.98,有,,2.0
北投區,房地(土地+建物)+車位,公路５５號三樓之２,42.11,住,,,1120929,土地1建物1車位1,三層,十層,華廈(10層含以下有電梯),住家用,1000609,216.94,3,2,2,有,有,34800000,160413.0,升降平面,46.5,0,陽台外推；其他增建；,RPROMLOKJIIGFEA57DA,92.99,5.58,10.8,有,,12.0
北投區,房地(土地+建物)+車位,稻香路１６１巷１６弄６號四樓,70.89,住,,,1120922,土地1建物1車位1,四層,五層,華廈(10層含以下有電梯),住家用,1100902,164.59,3,2,2,有,有,28980000,208066.0,坡道平面,35.4,2100000,含裝潢設備及家電,RPUNMLPKJIIGFEA87DA,72.49,5.85,5.83,有,,2.0
大安區,房地(土地+建物),忠孝東路四段２１６巷２７弄５號四樓,29.6,住,,,1120904,土地1建物1車位0,四層，陽臺,七層,華廈(10層含以下有電梯),住家用,0651231,125.1,3,2,2,有,有,36600000,292566.0,,0.0,0,,RPVNMLQLRHIGFFA98DA,125.1,0.0,0.0,有,,47.0
大同區,房地(土地+建物)+車位,興城街７０號二樓之２,16.1,住,,,1120917,土地1建物1車位1,二層,十五層,住宅大樓(11層含以上有電梯),住家用,1120119,142.68,0,0,0,無,有,31130000,257048.0,坡道平面,31.3,2500000,,RPTNMLSJJIIGFBA67DA,71.08,0.0,8.88,有,,1.0
中山區,房地(土地+建物)+車位,建國北路二段２２２號十三樓,24.24,住,,,1120915,土地2建物1車位2,十三層,十五層,住宅大樓(11層含以上有電梯),住家用,0990924,301.78,3,2,2,有,有,60500000,254845.0,坡道平面,87.14,5800000,,RPQNMLQKJIIGFCA37DA,116.91,10.79,16.48,有,,13.0
松山區,房地(土地+建物),寶清街１０３巷４１號三樓,27.75,住,,,1120908,土地1建物1車位0,三層，陽臺,四層,公寓(5樓含以下無電梯),住家用,0640509,81.33,4,2,1,有,無,13500000,165990.0,,0.0,0,其他增建：前陽台、後陽台。其他增建；,RPSNMLMKIIIGFDA17DA,81.33,0.0,0.0,無,,48.0
信義區,房地(土地+建物),和平東路三段４６３巷１７號六樓之１,17.41,住,,,1120930,土地1建物1車位0,六層,十一層,住宅大樓(11層含以上有電梯),住家用,0891021,77.5,2,1,1,有,有,19800000,255484.0,,0.0,0,陽台外推；其他增建；,RPSOMLRLIIIGFDA87DA,46.05,1.56,6.31,有,1514.0,23.0
士林區,房地(土地+建物)+車位,社中街１２３號六樓之２,20.58,住,,,1120921,土地1建物1車位1,六層,十三層,住宅大樓(11層含以上有電梯),住家用,0960711,140.41,2,2,1,有,有,18800000,133894.0,坡道平面,0.0,0,,RPQNMLRJJIIGFEA57DA,51.83,4.38,2.99,有,,16.0
內湖區,房地(土地+建物)+車位,康寧路三段７５巷２１７之２號四樓,31.37,住,,,1120924,土地1建物1車位1,四層,四層,公寓(5樓含以下無電梯),住家用,0840923,84.86,3,2,1,有,有,14200000,167334.0,坡道機械,0.0,0,建築物含有：夾層增建約7坪左右、鐵皮增建、露台增建、陽台外推約1.2坪左右陽台外推；夾層；其他增建；未登記建物；,RPTNMLKLJIIGFCA27EA,37.09,14.4,4.24,無,1515.0,28.0
文山區,房地(土地+建物),景華街１２８巷３弄３號四樓,29.2,住,,,1120905,土地2建物1車位0,四層,五層,公寓(5樓含以下無電梯),住家用,,110.35,3,2,2,有,無,16500000,149524.0,,0.0,0,陽台外推；其他增建；,RPWOMLLJJIIGFAA27DA,93.81,0.0,16.54,無,,
中山區,房地(土地+建物),農安街２２７巷９號五樓,31.0,住,,,1120909,土地1建物1車位0,五層,五層,公寓(5樓含以下無電梯),住家用,0731126,121.89,3,4,2,有,無,19900000,163262.0,,0.0,0,陽台外推；頂樓加蓋；其他增建；,RPXPMLQJJIIGFCA18DA,96.51,13.2,7.37,無,,39.0
內湖區,房地(土地+建物)+車位,康寧路三段９９巷３９弄９４號三樓,31.91,住,,,1120906,土地2建物1車位1,三層,五層,華廈(10層含以下有電梯),住家用,0831101,126.79,3,2,1,有,有,25900000,254625.0,坡道平面,34.89,2500000,,RPRNMLKLJIIGFCA96DA,105.54,1.41,7.03,有,,29.0
松山區,房地(土地+建物),八德路四段７２巷１２弄１０號四樓,43.25,住,,,1120903,土地2建物1車位0,四層,四層,公寓(5樓含以下無電梯),住家用,,106.92,3,2,1,有,無,25500000,238496.0,,0.0,0,頂樓加蓋；,RPPNMLLLJIIGFDA96DA,106.92,0.0,0.0,無,,
士林區,房地(土地+建物),中山北路七段１４１巷８之２號二樓,32.81,住,,,1120909,土地1建物1車位0,二層,五層,公寓(5樓含以下無電梯),住家用,0680125,117.51,4,2,2,有,無,22800000,194026.0,,0.0,0,陽台外推；其他增建；,RPUNMLNJJIIGFEA57DA,97.4,0.0,20.11,無,,45.0
士林區,房地(土地+建物),中山北路七段２１９巷８號二樓之１６,19.22,住,,,1120925,土地1建物2車位0,二層,七層,華廈(10層含以下有電梯),住家用,0780817,109.14,2,1,1,有,有,19000000,174088.0,,0.0,0,,RPTOMLLLJIIGFEA57DA,70.94,2.43,2.65,有,,34.0
中山區,房地(土地+建物),中原街２２號七樓之８,8.16,住,,,1120927,土地1建物1車位0,七層,七層,華廈(10層含以下有電梯),住家用,0660625,52.66,1,1,1,有,有,10300000,195594.0,,0.0,0,含裝潢費；陽台外推；其他增建；,RPPOMLMLJIIGFCA07DA,36.05,0.0,8.21,有,1520.0,46.0
南港區,房地(土地+建物)+車位,東新街１８０巷２號四樓,85.63,住,,,1120923,土地2建物1車位1,四層,五層,華廈(10層含以下有電梯),住家用,1120426,152.75,3,2,2,有,有,39550000,314317.0,坡道機械,32.33,1700000,買賣標的含新光段一小段338建號權利範圍2495/100000,RPQNMLLLJIIGFDA07DA,72.8,2.61,3.56,有,,
北投區,房地(土地+建物),致遠一路一段４６巷３６號五樓,30.18,住,,,1120921,土地3建物1車位0,五層,五層,公寓(5樓含以下無電梯),住家用,0700428,101.89,2,2,1,有,無,16800000,164884.0,,0.0,0,頂樓加蓋；其他增建；,RPWNMLNJJIIGFEA77DA,68.09,28.31,3.79,無,,42.0
北投區,房地(土地+建物)+車位,清江路１７７巷２２號十樓,28.24,住,,,1120924,土地1建物1車位1,十層,十層,華廈(10層含以下有電梯),住家用,0901113,148.4,3,2,2,有,有,29000000,195418.0,坡道平面,0.0,0,陽台外推；其他增建；,RPWNMLOKJIIGFEA97DA,71.64,3.14,7.97,有,1521.0,22.0
大安區,房地(土地+建物),和平東路三段１巷７２弄１１號十二樓,22.71,住,,,1120927,土地1建物1車位0,十二層,十七層,住宅大樓(11層含以上有電梯),住家用,0740522,116.06,3,2,2,有,有,28800000,248148.0,,0.0,0,陽台外推；其他增建；,RPOOMLLJJIIGFFA96DA,84.61,1.56,8.11,有,,38.0
大安區,房地(土地+建物),基隆路二段２２１號六樓之１,6.33,住,,,1120918,土地1建物1車位0,六層,十二層,住宅大樓(11層含以上有電梯),住家用,0731204,48.72,1,1,1,有,有,12000000,246305.0,,0.0,0,陽台外推；其他增建；,RPVNMLQJJIIGFFA08DA,35.01,0.0,6.95,有,,39.0
信義區,房地(土地+建物),松隆路６２號二樓,24.75,住,,,1120918,土地1建物1車位0,二層，露台,四層,公寓(5樓含以下無電梯),住家用,0581216,87.52,2,2,1,有,無,20000000,228519.0,,0.0,0,陽台外推；,RPRNMLMLJIIGFDA37EA,87.52,0.0,0.0,無,1524.0,54.0
文山區,房地(土地+建物),試院路１５４巷２弄７號五樓之１,29.51,住,,,1120926,土地1建物1車位0,地下一層,三層,華廈(10層含以下有電梯),住家用,0720120,87.16,5,1,2,有,有,9600000,110142.0,,0.0,0,陽台外推；,RPTNMLMLJIIGFAA17DA,70.97,7.69,8.5,有,1525.0,41.0
內湖區,房地(土地+建物),大湖山莊街２１６號,14.4,住,,,1120923,土地1建物1車位0,一層,八層,華廈(10層含以下有電梯),住家用,0820729,57.28,2,1,1,有,有,12000000,209497.0,,0.0,0,陽台外推；其他增建；,RPXNMLNLIIIGFCA77DA,35.68,0.0,7.3,有,1528.0,30.0
信義區,房地(土地+建物)+車位,忠孝東路五段７４３巷３１弄２５號十二樓,18.44,住,,,1120927,土地1建物1車位1,十二層,十六層,住宅大樓(11層含以上有電梯),住家用,1070824,154.13,3,2,2,有,有,48500000,374158.0,坡道平面,33.86,3500000,,RPRPMLMLJIIGFDA47DA,64.52,9.27,4.62,有,1530.0,5.0
士林區,房地(土地+建物)+車位,福林路１００巷７７弄１３號七樓,66.84,住,,,1120909,土地1建物1車位1,七層,七層,華廈(10層含以下有電梯),住家用,0980316,169.96,3,2,2,有,有,41500000,278134.0,坡道平面,29.74,2500000,其他增建；,RPWNMLNKIIIGFEA77DA,98.18,0.0,16.3,有,1531.0,14.0
萬華區,房地(土地+建物),萬大路４９３巷５８弄１２號三樓,63.37,住,,,1120909,土地2建物1車位0,三層,四層,公寓(5樓含以下無電梯),住家用,0660328,137.69,3,2,2,有,無,16680000,121142.0,,0.0,0,陽台外推；其他增建；,RPVOMLLLJIIGFBA47DA,117.23,0.0,20.46,無,,46.0
內湖區,房地(土地+建物),康寧路三段７５巷１７７之１號八樓,61.14,住,,,1120924,土地1建物1車位0,八層,九層,華廈(10層含以下有電梯),住家用,0850418,130.01,3,2,2,有,無,23000000,176909.0,,0.0,0,,RPQOMLSKIIIGFCA57DA,83.4,2.7,10.8,有,,27.0
內湖區,房地(土地+建物)+車位,陽光街２６５巷１１號六樓,27.23,住,,,1120923,土地1建物1車位1,六層，電梯樓梯間,八層,華廈(10層含以下有電梯),住家用,0851126,111.52,2,2,2,有,有,22150000,198619.0,升降機械,0.0,0,陽台外推；其他增建；,RPXNMLLJJIIGFCA47DA,60.31,8.75,6.13,有,1532.0,27.0
中山區,房地(土地+建物)+車位,民權東路二段７１巷８號五樓之７,11.97,,,,1120909,土地1建物1車位1,五層,十五層,住宅大樓(11層含以上有電梯),住家用,1120203,98.56,3,1,1,有,有,32100000,313020.0,塔式車位,2.4,2000000,,RPSPMLNLJIIGFCA57DA,56.4,0.0,4.6,有,,1.0
信義區,房地(土地+建物),福德街２２１巷３弄３號,34.25,住,,,1120924,土地1建物1車位0,一層，平台,四層,公寓(5樓含以下無電梯),住家用,0650105,86.31,3,2,1,有,無,17500000,202758.0,,0.0,0,平台外移.防火巷加蓋之增建其他增建；,RPRNMLSJIIIGFDA57DA,86.31,0.0,0.0,無,,48.0
北投區,房地(土地+建物),公路２５７巷２弄３號,40.55,住,,,1120915,土地1建物1車位0,一層,五層,公寓(5樓含以下無電梯),住家用,0700122,155.32,3,2,2,有,無,28500000,183492.0,,0.0,0,平台、地下室陽台外推；其他增建；,RPQOMLQLIIIGFEA67DA,122.62,17.41,0.0,無,,43.0
內湖區,房地(土地+建物)+車位,成功路五段４００號九樓之１,53.83,住,,,1120930,土地3建物1車位1,九層，十層,十九層,住宅大樓(11層含以上有電梯),住家用,0891016,216.22000000000003,2,2,2,有,有,46300000,214134.0,坡道平面,0.0,0,,RPUNMLRLJIIGFCA08EA,121.88,0.0,6.33,有,,23.0
士林區,房地(土地+建物),中山北路五段７７７巷２號,51.75,住,,,1120920,土地2建物1車位0,一層,四層,公寓(5樓含以下無電梯),住家用,0630819,109.96,3,2,2,有,無,17000000,154602.0,,0.0,0,,RPVNMLQKJIIGFEA18EA,109.96,0.0,0.0,無,,49.0
大同區,房地(土地+建物),迪化街二段１９０巷１９號五樓,29.9,住,,,1120903,土地4建物1車位0,五層,五層,公寓(5樓含以下無電梯),住家用,0730608,79.4,2,2,1,有,無,11280000,142065.0,,0.0,0,頂樓加蓋；,RPWOMLSJJIIGFBA08DA,71.65,0.0,7.75,無,,39.0
北投區,房地(土地+建物),民族街２９號五樓,32.4,住,,,1120928,土地1建物1車位0,五層,五層,公寓(5樓含以下無電梯),住家用,0740409,121.07,3,2,2,有,無,13700000,113158.0,,0.0,0,陽台外推；其他增建；,RPTNMLTJJIIGFEA08DA,98.48,0.0,12.77,無,,38.0
大安區,房地(土地+建物),和平東路二段３１１巷４３弄２７號十六樓,24.93,住,,,1120902,土地1建物1車位0,十六層,十九層,住宅大樓(11層含以上有電梯),住家用,0740522,127.26,3,2,2,有,有,31100000,244382.0,,0.0,0,其他增建；,RPQOMLNJJIIGFFA37DA,95.57,1.8,9.07,有,,38.0
大同區,房地(土地+建物),延平北路三段９９巷３弄５號四樓,18.2,住,,,1120917,土地1建物1車位0,四層,五層,公寓(5樓含以下無電梯),住家用,0860821,72.53999999999999,2,2,1,有,無,12880000,177557.0,,0.0,0,陽台外推；其他增建；,RPQOMLLLJIIGFBA96DA,42.49,0.0,7.3,無,,26.0
內湖區,房地(土地+建物),環山路一段５９巷３０弄２號四樓,33.75,住,,,1120924,土地2建物1車位0,四層,四層,公寓(5樓含以下無電梯),住家用,0670606,79.77,4,0,4,有,無,15300000,191801.0,,0.0,0,陽台外推；,RPPNMLMLJIIGFCA96DA,71.39,0.0,8.38,無,,45.0
松山區,房地(土地+建物),健康路１７７之２號八樓,19.93,住,,,1120929,土地2建物1車位0,八層,十二層,住宅大樓(11層含以上有電梯),住家用,0820323,104.9,3,2,2,有,有,27500000,262154.0,,0.0,0,其他增建：前、後陽台外推。其他增建；,RPXOMLPJIIIGFDA97DA,72.45,0.0,9.03,有,,31.0
松山區,房地(土地+建物),三民路７４巷６號三樓之１,29.5,住,,,1120911,土地1建物1車位0,三層,七層,華廈(10層含以下有電梯),住家用,0810310,125.8,3,2,2,有,有,30500000,242448.0,,0.0,0,,RPUNMLQJJIIGFDA77DA,83.72,0.0,7.44,有,1536.0,32.0
信義區,房地(土地+建物),松山路４８２巷２４號六樓,8.06,住,,,1120923,土地2建物1車位0,六層,十四層,住宅大樓(11層含以上有電梯),住家用,0740723,71.38,2,2,1,有,有,18800000,263379.0,,0.0,0,其他增建；,RPVNMLNKJIIGFDA67DA,52.31,0.0,7.45,有,,38.0
北投區,房地(土地+建物)+車位,稻香路２３３號四樓,48.0,住,,,1120927,土地1建物1車位1,四層,五層,華廈(10層含以下有電梯),住家用,1101015,124.21,2,2,1,有,有,19400000,207658.0,坡道平面,40.9,2100000,含裝潢設備及家電,RPVNMLRLJIIGFEA28DA,45.6,3.7,4.98,有,,2.0
松山區,房地(土地+建物),光復北路５號十一樓,4.74,住,,,1120925,土地2建物1車位0,十一層,十二層,住宅大樓(11層含以上有電梯),住家用,0771123,33.63,1,1,1,有,有,8230000,244722.0,,0.0,0,,RPPNMLRLJIIGFDA67EA,22.93,0.0,4.41,有,1540.0,35.0
文山區,房地(土地+建物)+車位,政大三街２８號,65.91,住,,,1120903,土地1建物1車位1,一層，二層,五層,公寓(5樓含以下無電梯),住家用,0831224,137.98000000000002,4,2,2,有,有,23200000,168140.0,坡道機械,0.0,0,陽台外推；其他增建；,RPUNMLOLIIIGFAA37DA,85.28,1.48,10.19,無,,29.0
大同區,房地(土地+建物)+車位,南京西路４４８號四樓之１,22.38,住,,,1120903,土地2建物1車位1,四層,十二層,住宅大樓(11層含以上有電梯),住家用,1120526,190.25,3,2,2,有,有,46200000,285468.0,坡道平面,39.62,3200000,,RPSPMLPKJIIGFBA57DA,84.35,1.34,11.5,有,,
內湖區,房地(土地+建物)+車位,文湖街２１巷９８弄６號六樓之６,10.6,住,,,1120917,土地1建物1車位1,六層,八層,華廈(10層含以下有電梯),住家用,0970124,66.09,1,1,1,有,有,11350000,171736.0,坡道機械,14.81,0,夾層；其他增建；,RPPOMLLJJIIGFCA76DA,28.88,4.76,0.0,有,,16.0
中正區,房地(土地+建物),汀州路二段１８９號九樓之１,7.47,住,,,1120924,土地1建物1車位0,九層,九層,華廈(10層含以下有電梯),住家用,0961109,40.77,1,1,1,有,有,12500000,306598.0,,0.0,0,其他增建；,RPWNMLLJJIIGFAA17DA,22.68,0.0,6.01,有,,16.0
內湖區,房地(土地+建物)+車位,瑞光路１２６之２號,226.24,住,,,1120929,土地1建物1車位3,全,四層,透天厝,住家用,0970111,540.53,5,2,6,有,有,97800000,180934.0,坡道平面,97.77,0,有其他增建：露台、地下室。其他增建；,RPUOMLTKIIIGFCA08DA,352.08,12.8,34.59,有,1544.0,16.0
內湖區,房地(土地+建物),新明路３８０巷３弄２４號,42.0,住,,,1120915,土地1建物1車位0,一層,五層,公寓(5樓含以下無電梯),住家用,0700622,104.73,3,2,1,有,無,16000000,152774.0,,0.0,0,,RPOOMLSLJIIGFCA57DA,91.19,13.54,0.0,無,,42.0
內湖區,房地(土地+建物),新明路３８０巷３弄２４號四樓,39.2,住,,,1120915,土地1建物1車位0,四層,五層,公寓(5樓含以下無電梯),住家用,0700622,100.85,3,2,1,有,無,15000000,148736.0,,0.0,0,,RPPOMLSLJIIGFCA67DA,85.58,0.0,15.27,無,,42.0
南港區,房地(土地+建物)+車位,東新街６２號三樓,33.09,住,,,1120928,土地2建物1車位2,三層,十六層,住宅大樓(11層含以上有電梯),住家用,1110701,280.7,4,2,2,有,無,60600000,272339.0,坡道平面,79.48,5800000,,RPOOMLMJIIIGFDA76DA,119.58,0.0,11.11,有,,1.0
士林區,房地(土地+建物)+車位,至誠路一段１３８號三樓,99.48,住,,,1120919,土地2建物1車位2,三層,十四層,住宅大樓(11層含以上有電梯),住家用,1070702,465.9,0,0,0,無,有,109310000,269215.0,坡道平面,83.64,6400000,,RPQNMLSLRHIGFEA58DA,219.96,8.01,17.17,有,,5.0
大安區,房地(土地+建物),仁愛路四段３４５巷４弄７號,40.0,住,,,1120921,土地1建物1車位0,一層,七層,華廈(10層含以下有電梯),住家用,0620924,136.16,0,1,2,有,無,72000000,528790.0,,0.0,0,土地價格：69753800元整、建物價格：2246200元整。其他增建；,RPTNMLPKJIIGFFA87DA,136.16,0.0,0.0,有,,50.0
文山區,房地(土地+建物),木新路二段７９巷１２弄２６號三樓,31.36,住,,,1120914,土地1建物1車位0,三層,五層,公寓(5樓含以下無電梯),住家用,0720411,106.94,3,2,2,有,無,14500000,135590.0,,0.0,0,陽台外推；其他增建；,RPXOMLLJJIIGFAA37DA,96.73,0.0,10.21,無,,40.0
大同區,房地(土地+建物),環河北路二段１６１巷５號二樓,20.5,住,,,1120924,土地2建物1車位0,二層,五層,公寓(5樓含以下無電梯),住家用,0731120,103.64,3,2,2,有,無,13350000,128811.0,,0.0,0,陽台外推；其他增建；,RPSNMLNJIIIGFBA96DA,81.04,0.0,8.59,無,,39.0
內湖區,房地(土地+建物)+車位,內湖路一段３８７巷５號九樓之２,36.3,住,,,1120924,土地1建物1車位1,九層,十二層,住宅大樓(11層含以上有電梯),住家用,0830309,178.04,4,2,2,有,有,42160000,236801.0,坡道平面,0.0,0,,RPRNMLKMJIIGFCA07DA,144.78,5.3,10.93,有,1548.0,30.0
信義區,房地(土地+建物)+車位,光復南路４２１巷６號九樓,20.69,住,,,1120927,土地1建物1車位1,九層,九層,華廈(10層含以下有電梯),住家用,1070814,130.75,2,2,2,有,有,50000000,382409.0,塔式車位,19.57,0,塔式車位位於地下二層。陽台外推；,RPPPMLNKIIIGFDA17DA,56.44,2.78,7.46,有,1549.0,5.0
中正區,房地(土地+建物)+車位,水源路３７號九樓之１,21.66,住,,,1120925,土地1建物1車位1,九層,十三層,住宅大樓(11層含以上有電梯),住家用,1070223,211.0,3,2,2,有,有,43500000,206161.0,坡道平面,32.06,0,,RPQOMLTKIIIGFAA47DA,98.8,9.13,12.12,有,,6.0
文山區,房地(土地+建物),興隆路四段７４巷２１弄１５號二樓,30.65,住,,,1120926,土地1建物1車位0,二層,六層,華廈(10層含以下有電梯),住家用,0810805,112.26,3,1,2,有,無,17600000,156779.0,,0.0,0,,RPWPMLMLJIIGFAA67DA,67.95,6.11,10.11,有,,31.0
中山區,房地(土地+建物),民生東路三段７３巷４號四樓,39.75,住,,,1120916,土地1建物1車位0,四層，露台,四層,公寓(5樓含以下無電梯),住家用,0601202,107.94,5,0,4,有,無,25380000,235131.0,,0.0,0,其他增建；,RPXOMLQJJIIGFCA08DA,107.94,0.0,0.0,無,1551.0,52.0
內湖區,房地(土地+建物)+車位,新豐街１５１號七樓,42.98,住,,,1120921,土地1建物1車位1,七層,八層,華廈(10層含以下有電梯),住家用,0980814,224.83,3,2,2,有,有,41980000,186719.0,坡道平面,0.0,3000000,含裝潢費；其他增建；,RPUNMLOJKIIGFCA57DA,90.16,6.79,10.12,有,1552.0,14.0
信義區,房地(土地+建物),松山路５４０巷３弄３７號三樓,32.75,住,,,1120924,土地2建物1車位0,三層，陽臺,四層,公寓(5樓含以下無電梯),住家用,0610320,70.37,3,2,1,有,無,15500000,220264.0,,0.0,0,陽台外推；,RPWOMLQJJIIGFDA08DA,70.37,0.0,0.0,無,,52.0
內湖區,房地(土地+建物),康寧路三段７５巷１３５號五樓之２,39.72,住,,,1120927,土地1建物1車位0,五層，六層,十一層,住宅大樓(11層含以上有電梯),住家用,0880819,93.68,3,2,2,有,有,26600000,283945.0,,0.0,0,,RPVNMLPJKIIGFCA77DA,66.7,0.0,6.37,有,,24.0
松山區,房地(土地+建物),民權東路三段１６０巷２號十一樓之１６,16.84,住,,,1120917,土地1建物1車位0,十一層，十二層,十二層,住宅大樓(11層含以上有電梯),住家用,0690801,70.99,3,2,2,有,有,19500000,274687.0,,0.0,0,陽台外推；其他增建；,RPQNMLNKJIIGFDA17DA,67.92,0.0,3.07,有,1553.0,43.0
文山區,房地(土地+建物)+車位,羅斯福路六段１５０巷２５號十二樓,11.92,住,,,1120902,土地1建物1車位1,十二層,十三層,住宅大樓(11層含以上有電梯),住家用,1061106,85.75,2,2,2,有,有,17500000,204082.0,坡道平面,16.41,0,,RPPNMLQJKIIGFAA07DA,38.28,3.17,2.29,有,1554.0,6.0
內湖區,房地(土地+建物),成功路四段３２４巷１弄１６號五樓,28.59,住,,,1120901,土地3建物1車位0,五層,五層,公寓(5樓含以下無電梯),住家用,0730113,103.67,3,2,2,有,無,15600000,150477.0,,0.0,0,,RPQPMLSLJIIGFCA87DA,81.08,0.0,12.48,無,,40.0
內湖區,房地(土地+建物),康寧路三段２６９號四樓,22.75,住,,,1120901,土地1建物1車位0,四層,五層,公寓(5樓含以下無電梯),住家用,0730801,79.13,3,2,1,有,無,13800000,174397.0,,0.0,0,陽台外推；,RPUOMLPJKIIGFCA77DA,69.8,0.0,9.33,無,,39.0
文山區,房地(土地+建物),辛亥路四段１８８巷２４弄５號三樓,32.25,住,,,1120816,土地1建物1車位0,三層,四層,公寓(5樓含以下無電梯),住家用,,90.77,3,2,1,有,無,14200000,156439.0,,0.0,0,陽台外推；,RPPNMLMLQHIGFAA37DA,71.44,0.0,19.33,無,1556.0,
文山區,房地(土地+建物)+車位,政大二街１０９號七樓,67.77,住,,,1120806,土地1建物1車位1,七層,十二層,住宅大樓(11層含以上有電梯),住家用,0850815,170.2,4,2,2,有,有,25300000,148649.0,坡道機械,0.0,1800000,其他增建；,RPTNMLSLQHIGFAA38DA,107.06,2.88,14.4,有,1557.0,27.0
文山區,房地(土地+建物),福興路８２巷１弄１５號三樓,32.9,住,,,1120817,土地3建物1車位0,三層,五層,公寓(5樓含以下無電梯),住家用,0720905,88.34,3,2,1,有,無,10780000,122029.0,,0.0,0,,RPXNMLQJRHIGFAA48DA,80.21,0.0,4.51,無,,40.0
內湖區,房地(土地+建物),內湖路一段２１７巷６７號七樓,35.35,住,,,1120805,土地1建物1車位0,七層,七層,華廈(10層含以下有電梯),住家用,0721117,108.53,3,2,2,有,有,21330000,196536.0,,0.0,0,陽台外推；其他增建；,RPUNMLSKQHIGFCA58DA,71.02,0.0,9.32,有,1559.0,40.0
內湖區,房地(土地+建物)+車位,民權東路六段２０６巷１４３弄２７號三樓,39.68,住,,,1120805,土地1建物1車位1,三層,五層,華廈(10層含以下有電梯),住家用,1030415,117.11,2,2,1,有,有,21500000,204451.0,坡道平面,23.2,2300000,,RPSOMLOLQHIGFCA18DA,50.13,6.45,3.71,有,1560.0,9.0
中山區,房地(土地+建物),新生北路三段４３號二樓之９,6.57,住,,,1120815,土地2建物1車位0,二層,十一層,住宅大樓(11層含以上有電梯),住家用,0670301,51.73,0,0,0,無,無,9500000,183646.0,,0.0,0,3建築物含有：陽台加窗,RPUOMLSLQHIGFCA78DA,35.62,0.0,3.09,有,,45.0
南港區,房地(土地+建物)+車位,重陽路１２５巷３６號九樓,44.28,住,,,1120806,土地1建物1車位1,九層,九層,華廈(10層含以下有電梯),住家用,0951214,212.24,4,2,2,有,有,44000000,240440.0,坡道平面,39.64,2500000,,RPQNMLNJRHIGFDA77DA,112.03,1.13,10.37,有,,17.0
北投區,房地(土地+建物)+車位,行義路９６巷２１號五樓,38.18,住,,,1120807,土地1建物1車位1,五層,五層,華廈(10層含以下有電梯),住家用,1020318,130.09,2,2,1,有,有,19000000,186652.0,坡道平面,41.69,2500000,,RPWOMLLKQHIGFEA38DA,48.74,8.93,3.95,有,1567.0,10.0
北投區,房地(土地+建物),石牌路二段３０３號三樓,18.84,住,,,1120805,土地1建物1車位0,三層,九層,華廈(10層含以下有電梯),住家用,0810129,86.22,2,2,1,有,有,20300000,235444.0,,0.0,0,陽台外推；其他增建；,RPRNMLTKQHIGFEA58DA,65.87,3.13,7.67,有,1568.0,32.0
士林區,房地(土地+建物),中山北路七段２１３之１號五樓,25.92,住,,,1120806,土地1建物1車位0,五層,七層,華廈(10層含以下有電梯),住家用,0740320,127.02,3,2,2,有,有,22500000,177137.0,,0.0,0,其他增建；,RPPNMLNLQHIGFEA87DA,96.21,0.0,16.29,有,,38.0
北投區,房地(土地+建物)+車位,自強街３１巷１６號四樓,29.77,住,,,1120805,土地2建物1車位1,四層,四層,公寓(5樓含以下無電梯),住家用,0660302,95.0,2,2,2,有,無,21000000,221053.0,塔式車位,3.3,0,陽台外推；頂樓加蓋；其他增建；,RPPNMLPLQHIGFEA08DA,85.45,0.0,6.3,無,,21.0
大安區,房地(土地+建物)+車位,和平東路二段７６巷１７弄３號二樓,29.33,住,,,1120810,土地1建物1車位1,二層,十一層,住宅大樓(11層含以上有電梯),住家用,1120221,188.26,0,0,0,無,有,63800000,396085.0,坡道平面,36.02,3500000,,RPSNMLLKQHIGFFA97DA,89.01,0.0,9.85,有,,
大安區,房地(土地+建物),敦化南路一段２３３巷６８號,29.81,住,,,1120821,土地1建物1車位0,一層,七層,華廈(10層含以下有電梯),住家用,0630605,121.8,1,3,3,有,有,86500000,710181.0,,0.0,0,其他增建；,RPTNMLQJRHIGFFA58DA,111.37,0.0,0.0,有,,49.0
松山區,房地(土地+建物),延吉街３９號三樓,30.25,住,,,1120812,土地1建物1車位0,三層，陽台,四層,公寓(5樓含以下無電梯),住家用,,90.33,3,2,2,有,無,17000000,188199.0,,0.0,0,買方負擔土增稅379620元正,RPUOMLLKQHIGFDA18EA,90.33,0.0,0.0,無,,
信義區,房地(土地+建物),嘉興街１７５巷２弄７號,29.25,住,,,1120826,土地1建物1車位0,一層,四層,公寓(5樓含以下無電梯),住家用,0661103,93.75,3,2,1,有,無,25500000,272000.0,,0.0,0,,RPVOMLLKQHIGFDA28EA,79.96,13.79,0.0,無,,46.0
文山區,房地(土地+建物)+車位,萬壽路７５之１０號,33.37,住,,,1120802,土地1建物1車位1,一層,五層,華廈(10層含以下有電梯),住家用,0970527,79.38999999999999,1,1,1,有,有,11880000,149641.0,坡道機械,14.83,0,,RPTNMLMJQHIGFAA57DA,41.21,0.0,3.95,有,1590.0,15.0
萬華區,房地(土地+建物),中華路二段４１６巷９號七樓,22.05,住,,,1120801,土地1建物1車位0,七層,十二層,住宅大樓(11層含以上有電梯),住家用,0760316,102.22,3,2,2,有,有,18580000,181765.0,,0.0,0,陽台外推；其他增建；,RPQQMLRJQHIGFBA18DA,70.71,0.0,9.07,有,1593.0,36.0
大同區,房地(土地+建物),重慶北路三段２０３之３號六樓之６,8.68,住,,,1120814,土地2建物1車位0,六層,十二層,住宅大樓(11層含以上有電梯),住家用,1090728,70.49,0,0,0,無,有,17480000,247978.0,,0.0,0,,RPSOMLLJRHIGFBA67DA,32.99,9.76,0.0,有,,3.0
中山區,房地(土地+建物),民生東路三段９０號六樓,30.97,住,,,1120806,土地1建物1車位0,六層,十四層,住宅大樓(11層含以上有電梯),住家用,0750314,150.05,4,2,2,有,有,30300000,201933.0,,0.0,0,陽台外推；其他增建；,RPXNMLMLQHIGFCA38DA,116.98,0.21,6.51,有,,37.0
內湖區,房地(土地+建物)+車位,文湖街２１巷９８弄６號七樓之１,9.9,住,,,1120801,土地1建物1車位1,七層,八層,華廈(10層含以下有電梯),住家用,0970124,62.93,1,1,1,有,有,10800000,193227.0,坡道機械,14.8,1500000,夾層；其他增建；,RPPOMLKMQHIGFCA57DA,26.07,0.63,4.96,有,1596.0,16.0
內湖區,房地(土地+建物),內湖路三段７２巷５９號三樓,27.45,住,,,1120808,土地1建物1車位0,三層,十六層,住宅大樓(11層含以上有電梯),住家用,0830729,119.83,3,2,2,有,有,26000000,216974.0,,0.0,0,,RPOOMLSJRHIGFCA08DA,87.97,1.58,15.73,有,,29.0
南港區,房地(土地+建物)+車位,重陽路１２５巷１號二樓,37.82,住,,,1120804,土地1建物1車位1,二層,十一層,住宅大樓(11層含以上有電梯),住家用,0960911,188.96,3,2,2,有,有,37300000,228917.0,坡道平面,36.94,2500000,,RPSNMLSKQHIGFDA48DA,94.56,5.46,10.76,有,,16.0
士林區,房地(土地+建物),文林路５９４巷１２號四樓,27.66,住,,,1120809,土地1建物1車位0,四層,五層,公寓(5樓含以下無電梯),住家用,0710716,105.77,5,0,5,有,無,16300000,154108.0,,0.0,0,,RPQPMLLLQHIGFEA97DA,79.09,0.0,14.15,無,1600.0,41.0
北投區,房地(土地+建物),中和街３７０巷２８號,45.0,住,,,1120812,土地1建物1車位0,一層,二層,公寓(5樓含以下無電梯),住家用,0601001,63.36,2,2,1,有,無,11280000,178030.0,,0.0,0,其他增建；,RPSOMLRJRHIGFEA58DA,63.36,0.0,0.0,無,,52.0
內湖區,房地(土地+建物),麗山街４６巷５弄３號,24.13,住,,,1120801,土地1建物1車位0,一層,四層,公寓(5樓含以下無電梯),住家用,0691024,104.74,3,2,2,有,無,21500000,205270.0,,0.0,0,,RPPNMLSJRHIGFCA18EA,94.01,10.73,0.0,無,1604.0,43.0
士林區,房地(土地+建物),中山北路七段１１４巷２號三樓,19.38,住,,,1120822,土地1建物1車位0,三層,四層,公寓(5樓含以下無電梯),住家用,0660416,52.65,3,2,2,有,無,10580000,200950.0,,0.0,0,,RPPNMLLKRHIGFEA77EA,45.94,0.0,6.71,無,,46.0
中正區,房地(土地+建物),臨沂街６３巷１３號二樓,22.9,住,,,1120802,土地2建物1車位0,二層,五層,公寓(5樓含以下無電梯),住家用,0610224,82.59,3,2,2,有,無,22680000,274610.0,,0.0,0,其他增建；,RPPOMLNLQHIGFBA67DA,82.59,0.0,0.0,無,,51.0
大同區,房地(土地+建物),歸綏街９７巷８號五樓之５,21.3,住,,,1120812,土地1建物1車位0,五層,七層,華廈(10層含以下有電梯),住家用,0841030,96.93,3,2,1,有,有,19700000,203239.0,,0.0,0,陽台外推；其他增建；,RPRNMLSLQHIGFBA28DA,59.18,6.6,7.3,有,1610.0,28.0
萬華區,房地(土地+建物)+車位,東園街６７巷２號四樓,28.62,住,,,1120808,土地1建物1車位1,四層,五層,華廈(10層含以下有電梯),住家用,0901211,96.23,3,1,1,有,無,15200000,157955.0,升降機械,10.98,0,,RPRNMLLKRHIGFBA57DA,51.54,0.0,7.02,有,1613.0,22.0
中正區,房地(土地+建物)+車位,仁愛路一段２３巷１７號二樓,37.49,住,,,1120811,土地1建物1車位2,二層,六層,華廈(10層含以下有電梯),住家用,1031113,211.12,3,2,2,有,有,68800000,342205.0,其他,21.76,4000000,含裝潢費；,RPSNMLLKRHIGFBA67DA,81.55,8.3,3.66,有,1614.0,9.0
內湖區,房地(土地+建物)+車位,文德路２７５號四樓之５,12.5,住,,,1120803,土地1建物1車位1,四層,十層,華廈(10層含以下有電梯),住家用,0950417,67.25,1,2,1,有,有,14980000,257372.0,坡道機械,16.04,1800000,陽台外推；,RPPNMLKMQHIGFCA47DA,35.02,0.79,3.56,有,1616.0,17.0
內湖區,房地(土地+建物),港墘路１２７巷１６弄５號七樓,20.61,住,,,1120818,土地1建物1車位0,七層,十二層,住宅大樓(11層含以上有電梯),住家用,0860319,77.21000000000001,2,2,1,有,有,18000000,233130.0,,0.0,0,夾層；,RPQNMLKKRHIGFCA47DA,49.5,1.32,6.79,有,,26.0
南港區,房地(土地+建物)+車位,經貿二路１８５巷５０號五樓,47.85,住,,,1120812,土地1建物1車位1,五層,十一層,住宅大樓(11層含以上有電梯),住家用,0990628,225.44,3,2,2,有,有,57387200,278290.0,坡道平面,28.21,2500000,,RPOPMLRKQHIGFDA18DA,117.82,6.79,13.75,有,,13.0
信義區,房地(土地+建物),松德路２５巷１２號四樓,12.1,住,,,1120806,土地2建物1車位0,四層,十四層,住宅大樓(11層含以上有電梯),住家用,0740620,104.43,3,2,2,有,有,26350000,252322.0,,0.0,0,其他增建；,RPVOMLSJRHIGFDA88DA,80.1,0.0,6.33,有,1620.0,38.0
士林區,房地(土地+建物),社子街１２５巷１６號三樓,31.33,住,,,1120811,土地1建物1車位0,三層,三層,公寓(5樓含以下無電梯),住家用,0600907,70.41,3,1,1,有,無,9300000,132084.0,,0.0,0,承買人為承租人頂樓加蓋；,RPSNMLQJRHIGFEA38DA,70.41,0.0,0.0,無,,52.0
大安區,房地(土地+建物),臥龍街１５１巷７號四樓,43.0,住,,,1120801,土地1建物1車位0,四層，陽台,四層,公寓(5樓含以下無電梯),住家用,0650610,105.28,4,2,1,有,無,17900000,170023.0,,0.0,0,頂樓加蓋；其他增建；,RPSOMLLKQHIGFFA08DA,105.28,0.0,0.0,無,,47.0
大安區,房地(土地+建物),復興南路二段９０巷１２號五樓之５,10.3,住,,,1120826,土地1建物1車位0,五層,十二層,住宅大樓(11層含以上有電梯),住家用,0970125,51.61,2,1,1,有,有,19180000,371633.0,,0.0,0,夾層；其他增建；,RPWNMLQJRHIGFFA88DA,29.5,3.15,2.86,有,,16.0
內湖區,房地(土地+建物),內湖路三段６０巷１２弄７７號十樓,22.15,住,,,1120827,土地1建物1車位0,十層,十八層,住宅大樓(11層含以上有電梯),住家用,0830729,99.64,3,2,2,有,有,21080000,211562.0,,0.0,0,陽台外推；,RPQNMLLKRHIGFCA67EA,79.2,0.0,8.68,有,,29.0
信義區,房地(土地+建物),永吉路２７８巷５７弄８號三樓,39.5,住,,,1120810,土地1建物1車位0,三層,四層,公寓(5樓含以下無電梯),住家用,0570924,107.15,3,2,2,有,無,23000000,214652.0,,0.0,0,,RPRNMLLKRHIGFDA87EA,107.15,0.0,0.0,無,,55.0
文山區,房地(土地+建物),興隆路一段２５１巷１弄１號四樓,40.25,住,,,1120806,土地1建物1車位0,四層，陽台,四層,公寓(5樓含以下無電梯),住家用,0630403,112.96,3,2,2,有,無,15500000,137217.0,,0.0,0,其他增建；,RPVNMLSKQHIGFAA48DA,112.96,0.0,0.0,無,,49.0
文山區,房地(土地+建物),指南路三段２６號三樓,22.77,住,,,1120804,土地1建物1車位0,三層,十層,華廈(10層含以下有電梯),住家用,0970508,97.09,2,2,2,有,有,16000000,164796.0,,0.0,0,,RPSNMLSLQHIGFAA28DA,59.45,5.06,4.13,有,,15.0
內湖區,房地(土地+建物),文湖街２１巷１１８弄１０號八樓,23.7,住,,,1120801,土地1建物1車位0,八層,八層,華廈(10層含以下有電梯),住家用,1010423,98.76,2,2,1,有,有,15680000,158769.0,,0.0,0,,RPSPMLRKQHIGFCA48DA,61.22,1.21,7.06,有,1630.0,11.0
內湖區,房地(土地+建物)+車位,民權東路六段２８０巷１５５弄２１３號三樓之１０,22.94,住,,,1120805,土地1建物1車位1,三層，四層,十一層,住宅大樓(11層含以上有電梯),住家用,0860710,108.27,2,2,1,有,有,16360000,151104.0,坡道機械,30.58,0,陽台外推；夾層；其他增建；,RPTOMLOLQHIGFCA28DA,40.29,3.15,8.96,有,1632.0,26.0
中山區,房地(土地+建物)+車位,敬業三路１６２巷１３４號十樓,47.09,住,,,1120810,土地1建物1車位1,十層,十二層,住宅大樓(11層含以上有電梯),住家用,0890628,155.75,2,2,2,有,有,33000000,211878.0,坡道平面,0.0,0,陽台外推；,RPPNMLLKRHIGFCA47DA,77.91,0.0,8.1,有,1637.0,23.0
中山區,房地(土地+建物)+車位,北安路８０５巷４２之１號五樓,31.64,住,,,1120812,土地1建物1車位1,五層,六層,華廈(10層含以下有電梯),住家用,0820823,122.19,2,2,1,有,有,24700000,202144.0,坡道平面,0.0,2500000,,RPVNMLMKRHIGFCA18DA,101.54,1.01,10.25,有,1641.0,30.0
內湖區,房地(土地+建物),內湖路一段９１巷９２弄４６號,67.36,住,,,1120806,土地1建物1車位0,一層,五層,公寓(5樓含以下無電梯),住家用,0771129,224.18,4,2,3,有,有,33450000,149210.0,,0.0,0,其他增建；,RPWNMLMKRHIGFCA28DA,86.87,120.15,0.0,無,1642.0,35.0
松山區,房地(土地+建物),南京東路五段２９１巷２０弄２號三樓,30.25,住,,,1120808,土地1建物1車位0,三層，陽台,四層,公寓(5樓含以下無電梯),住家用,0601221,84.66,3,2,1,有,無,14550000,171864.0,,0.0,0,,RPWNMLOKQHIGFDA48DA,84.66,0.0,0.0,無,,52.0
南港區,房地(土地+建物)+車位,經貿二路２５５巷９號十樓,32.92,住,,,1120811,土地1建物1車位1,十層,十三層,住宅大樓(11層含以上有電梯),住家用,0991201,163.26,2,2,2,有,有,35800000,287143.0,坡道平面,47.29,2500000,,RPXOMLPKQHIGFDA78DA,65.57,3.19,8.06,有,1643.0,13.0
松山區,房地(土地+建物),八德路四段１０６巷４弄１２號二樓,51.5,住,,,1120831,土地1建物1車位0,二層,四層,公寓(5樓含以下無電梯),住家用,,151.68,4,2,2,有,無,30500000,201081.0,,0.0,0,,RPUNMLRJRHIGFDA58DA,132.78,0.0,18.9,無,,
信義區,房地(土地+建物)+車位,松德路２００巷５５號十樓,152.41,住,,,1120801,土地1建物1車位4,十層,十六層,住宅大樓(11層含以上有電梯),住家用,1061005,885.01,0,0,0,無,有,399980000,555518.0,坡道平面,201.0,20000000,,RPTNMLMKRHIGFDA08DA,383.95,8.4,44.77,有,,6.0
松山區,房地(土地+建物),南京東路四段５３巷１０弄２１號三樓,38.5,住,,,1120810,土地2建物1車位0,三層,四層,公寓(5樓含以下無電梯),住家用,0600913,111.71,3,2,1,有,無,30000000,268553.0,,0.0,0,,RPUNMLMKRHIGFDA18DA,98.69,0.0,13.02,無,1644.0,52.0
士林區,房地(土地+建物)+車位,中山北路七段１４１巷２３號四樓,30.64,住,,,1120812,土地1建物1車位1,四層,八層,華廈(10層含以下有電梯),住家用,1111006,175.31,3,2,2,有,有,44500000,257529.0,其他,10.28,2000000,,RPPNMLMKQHIGFEA67DA,95.58,0.0,10.87,有,,1.0
北投區,房地(土地+建物),尊賢街２４２巷１０號四樓,27.44,住,,,1120805,土地1建物1車位0,四層,五層,公寓(5樓含以下無電梯),住家用,0730905,97.75,3,2,1,有,無,17000000,173913.0,,0.0,0,陽台外推；其他增建；,RPTNMLPKQHIGFEA38DA,83.73,0.0,5.72,無,,39.0
北投區,房地(土地+建物),溫泉路８２之１號二樓,36.52,住,,,1120813,土地1建物1車位0,二層,五層,公寓(5樓含以下無電梯),住家用,0760207,100.9,3,2,2,有,有,13150000,130327.0,,0.0,0,,RPXNMLLLQHIGFEA48DA,90.02,0.0,8.16,無,,37.0
士林區,房地(土地+建物),中山北路七段８１巷３０號五樓之１,10.0,住,,,1120812,土地1建物1車位0,五層,七層,華廈(10層含以下有電梯),住家用,0680828,74.4,2,1,1,有,有,15000000,201613.0,,0.0,0,陽台外推；,RPPOMLLKRHIGFEA77DA,59.68,0.0,2.29,有,1647.0,44.0
北投區,房地(土地+建物),泉源路３９之３５號五樓,9.06,住,,,1120820,土地1建物1車位0,五層,七層,公寓(5樓含以下無電梯),住家用,0701021,43.870000000000005,1,1,1,有,無,5360000,122179.0,,0.0,0,其他增建；,RPPNMLMKRHIGFEA77DA,32.74,0.0,2.75,無,,42.0
北投區,房地(土地+建物),石牌路二段３１５巷３４弄２８號,9.39,住,,,1120817,土地1建物1車位0,一層,七層,華廈(10層含以下有電梯),住家用,1080121,37.92,1,1,1,有,有,9910000,261340.0,,0.0,0,,RPPOMLMKRHIGFEA87DA,18.62,0.0,2.69,有,1648.0,5.0
大安區,房地(土地+建物)+車位,和平東路二段１８巷９之１０號五樓,44.46,住,,,1120814,土地1建物1車位1,五層，六層，電梯樓梯間,六層,華廈(10層含以下有電梯),住家用,0841205,256.59,4,3,3,有,無,60000000,233836.0,升降平面,0.0,2500000,陽台外推；其他增建；,RPOOMLNLQHIGFFA97DA,126.29,61.2,14.4,有,1649.0,28.0
大安區,房地(土地+建物),潮州街９８巷４號五樓,42.94,住,,,1120807,土地3建物1車位0,五層,七層,華廈(10層含以下有電梯),住家用,0710322,135.36,4,2,2,有,有,37500000,277039.0,,0.0,0,陽台外推；,RPRNMLQJRHIGFFA38DA,121.33,0.0,14.03,有,,41.0
文山區,房地(土地+建物),辛亥路四段７７巷９２弄１１號七樓之２,37.87,住,,,1120801,土地3建物1車位0,七層,十四層,住宅大樓(11層含以上有電梯),住家用,0920922,60.51,1,1,1,有,有,10680000,176500.0,,0.0,0,跨所案件另有基地為大安區辛亥段四小段615-1、615-2、762-1地號,RPXNMLTJQHIGFAA68DA,37.01,0.0,4.28,有,,20.0
文山區,房地(土地+建物),興隆路二段２０３巷４０號六樓,21.97,住,,,1120809,土地1建物1車位0,六層,十三層,住宅大樓(11層含以上有電梯),住家用,0880510,87.8,2,2,2,有,有,16000000,182232.0,,0.0,0,陽台外推；其他增建；,RPSOMLTJQHIGFAA28DA,61.24,0.0,8.5,有,,24.0
文山區,房地(土地+建物),興隆路四段５８巷１８號三樓,35.15,住,,,1120808,土地1建物1車位0,三層,四層,公寓(5樓含以下無電梯),住家用,0810617,120.88,3,2,2,有,無,15000000,124090.0,,0.0,0,,RPQNMLTJRHIGFAA08DA,92.29,5.85,10.25,無,,31.0
大同區,房地(土地+建物),重慶北路三段２０３之３號六樓之７,6.2,住,,,1120825,土地2建物1車位0,六層,十二層,住宅大樓(11層含以上有電梯),住家用,1090728,50.31,1,1,1,有,有,13620000,270722.0,,0.0,0,,RPWOMLPJRHIGFBA48DA,25.03,1.85,3.63,有,1655.0,3.0
萬華區,房地(土地+建物),萬大路３２２巷２４號四樓,21.5,住,,,1120802,土地1建物1車位0,四層,四層,公寓(5樓含以下無電梯),住家用,0640331,83.51,3,1,1,有,無,10500000,125733.0,,0.0,0,頂樓加蓋；,RPXQMLRJRHIGFBA98DA,83.51,0.0,0.0,無,,48.0
中山區,房地(土地+建物),松江路１９４巷３４號五樓,31.66,住,,,1120801,土地3建物1車位0,五層,六層,華廈(10層含以下有電梯),住家用,0660202,120.08,3,2,1,有,無,25280000,210526.0,,0.0,0,其他增建；,RPUOMLSKQHIGFCA68DA,93.99,0.0,13.02,有,,46.0
內湖區,房地(土地+建物)+車位,大湖街１３１巷５９號四樓,19.47,住,,,1120808,土地2建物1車位1,四層,五層,華廈(10層含以下有電梯),住家用,0860115,59.39,1,1,1,有,有,10300000,173430.0,坡道機械,17.54,0,夾層；其他增建；,RPPOMLPLQHIGFCA97DA,27.63,0.0,2.29,有,1661.0,27.0
內湖區,房地(土地+建物),文德路２２巷２９弄１號五樓,28.21,住,,,1120817,土地1建物1車位0,五層,五層,公寓(5樓含以下無電梯),住家用,0710501,100.37,3,2,1,有,無,17880000,178141.0,,0.0,0,頂樓加蓋；其他增建；,RPPNMLTLQHIGFCA28DA,71.77,18.35,10.25,無,,41.0
中山區,房地(土地+建物)+車位,敬業三路１６２巷２６號十二樓,47.09,住,,,1120807,土地1建物1車位1,十二層,十二層,住宅大樓(11層含以上有電梯),住家用,0890628,155.53,3,2,1,有,有,31500000,202533.0,坡道平面,54.18,0,陽台外推；其他增建；,RPXOMLLJRHIGFCA28DA,77.69,0.0,8.1,有,,23.0
中山區,房地(土地+建物),龍江路３１７巷１號六樓之１,22.9,住,,,1120807,土地1建物1車位0,六層,七層,華廈(10層含以下有電梯),住家用,0720916,116.47,3,2,2,有,有,27950000,239976.0,,0.0,0,陽台外推；,RPRPMLLJRHIGFCA77DA,92.72,0.0,16.85,有,,40.0
內湖區,房地(土地+建物),東湖路１１３巷９５弄６０號三樓,23.53,住,,,1120814,土地1建物1車位0,三層,五層,公寓(5樓含以下無電梯),住家用,0740215,88.63,3,0,3,有,無,11750000,132574.0,,0.0,0,,RPSOMLSJRHIGFCA48DA,68.73,0.0,7.85,無,,38.0
內湖區,房地(土地+建物),成功路三段１８７巷１２號四樓,31.49,住,,,1120811,土地4建物1車位0,四層,四層,公寓(5樓含以下無電梯),住家用,0690418,85.49,3,2,2,有,無,14770000,172769.0,,0.0,0,,RPOPMLSJRHIGFCA18DA,73.33,0.0,12.16,無,,43.0
內湖區,房地(土地+建物)+車位,金湖路３６３巷５１弄２７號三樓,27.43,住,,,1120812,土地1建物1車位1,三層,五層,華廈(10層含以下有電梯),住家用,1111103,86.15,0,1,1,有,有,17000000,197330.0,坡道平面,35.21,0,,RPUNMLNKRHIGFCA18DA,29.26,0.0,4.39,有,,1.0
松山區,房地(土地+建物),民權東路三段１０３巷５弄３１號三樓,26.15,住,,,1120812,土地1建物1車位0,三層,七層,華廈(10層含以下有電梯),住家用,0740326,104.75,2,2,1,有,有,25000000,238663.0,,0.0,0,,RPOPMLPKQHIGFDA97DA,71.41,0.0,9.68,有,1663.0,38.0
南港區,房地(土地+建物)+車位,重陽路４８６號十樓,35.99,住,,,1120807,土地1建物1車位2,十層,十五層,住宅大樓(11層含以上有電梯),住家用,1050411,290.35,4,2,2,有,有,52580000,223874.0,坡道平面,77.82,5000000,,RPVNMLMLQHIGFDA28DA,115.69,9.79,15.02,有,1664.0,7.0
松山區,房地(土地+建物),市民大道五段６３號二樓,29.0,住,,,1120821,土地1建物1車位0,二層，露台,四層,公寓(5樓含以下無電梯),住家用,,95.32,3,1,1,有,無,19000000,199329.0,,0.0,0,,RPPNMLKKRHIGFDA47DA,95.32,0.0,0.0,無,,
北投區,房地(土地+建物)+車位,溫泉路３２號三樓之３,43.39,住,,,1120811,土地1建物1車位2,三層,十三層,住宅大樓(11層含以上有電梯),住家用,0990329,269.23,3,2,2,有,有,36000000,162231.0,坡道平面,71.98,4000000,陽台外推；,RPTNMLOKQHIGFEA28DA,113.31,4.08,14.39,有,,13.0
士林區,房地(土地+建物),忠誠路一段１６巷２２弄８號,149.0,住,,,1120808,土地1建物2車位0,全,二層,透天厝,住家用,0610607,190.28,2,1,3,有,無,120880000,635274.0,,0.0,0,頂樓加蓋；其他增建；,RPRNMLSKQHIGFEA48DA,190.28,0.0,0.0,無,,51.0
北投區,房地(土地+建物)+車位,明德路１７巷３弄６號九樓,40.27,住,,,1120812,土地1建物1車位1,九層,十三層,住宅大樓(11層含以上有電梯),住家用,0910911,180.53,3,2,2,有,有,40680000,225337.0,坡道平面,35.24,0,陽台外推；,RPWNMLPLQHIGFEA78DA,90.55,1.02,9.71,有,,21.0
大安區,房地(土地+建物)+車位,四維路７６巷１３號八樓,36.69,住,,,1120805,土地1建物1車位1,八層,十六層,住宅大樓(11層含以上有電梯),住家用,0860926,217.64,4,2,2,有,有,65880000,302702.0,坡道平面,0.0,0,其他增建；,RPRNMLOKQHIGFFA18DA,114.36,3.17,15.84,有,,26.0
大安區,房地(土地+建物),復興南路一段２９５巷２１號二樓之２,12.5,住,,,1120809,土地1建物1車位0,二層,四層,公寓(5樓含以下無電梯),住家用,0561206,32.75,1,1,1,有,無,12700000,387786.0,,0.0,0,陽台外移且向外加蓋凸窗、建物向外加蓋凸窗之增建物未登記建物；,RPRNMLLLQHIGFFA97DA,25.74,0.0,2.68,無,,56.0
大安區,房地(土地+建物)+車位,忠孝東路三段２１７巷４弄１６之４號,38.57,住,,,1120801,土地1建物1車位1,五層,七層,華廈(10層含以下有電梯),住家用,0600222,180.99,4,2,3,有,有,54070000,298746.0,坡道平面,0.0,0,交易車位為使用權車位。陽台外推；其他增建；,RPTNMLRJRHIGFFA68DA,159.36,0.0,21.63,有,1666.0,52.0
文山區,房地(土地+建物),木新路三段２１８號,31.0,住,,,1120810,土地1建物1車位0,一層，二層，騎樓,,公寓(5樓含以下無電梯),住家用,,90.14,4,3,2,有,無,15000000,166408.0,,0.0,0,陽台外推；頂樓加蓋；,RPQNMLNKRHIGFAA67EA,90.14,0.0,0.0,無,,
中山區,房地(土地+建物),德惠街１１１號六樓,22.57,住,,,1120817,土地1建物1車位0,六層,七層,華廈(10層含以下有電梯),住家用,0740619,118.31,3,2,2,有,無,20200000,170738.0,,0.0,0,陽台外推；,RPPNMLNKRHIGFCA77EA,95.73,0.0,11.46,有,1668.0,38.0
信義區,房地(土地+建物),忠孝東路五段２９５巷６弄２３之２號三樓,11.99,住,,,1120820,土地1建物1車位0,三層,六層,華廈(10層含以下有電梯),住家用,0831217,51.06999999999999,0,0,0,無,有,14480000,283532.0,,0.0,0,,RPTRMLNKRHIGFDA68EA,24.09,4.81,3.18,有,,29.0
士林區,房地(土地+建物),至善路二段６５號一樓,54.71,住,,,1120823,土地10建物1車位0,一層，平台,三層,公寓(5樓含以下無電梯),住家用,0651110,28.53,6,5,5,有,無,6350000,222573.0,,0.0,0,,RPSNMLMKRHIGFEA18EA,28.53,0.0,0.0,無,,47.0
北投區,房地(土地+建物),民族街５２號五樓,34.47,住,,,1120822,土地1建物1車位0,五層,五層,公寓(5樓含以下無電梯),住家用,0730618,123.18,3,2,2,有,無,12100000,98230.0,,0.0,0,頂樓加蓋；,RPPNMLOKRHIGFEA08EA,106.38,0.0,8.26,無,,39.0
文山區,房地(土地+建物),羅斯福路六段１６６巷３號七樓,15.49,住,,,1120823,土地1建物1車位0,七層,十二層,住宅大樓(11層含以上有電梯),住家用,1111215,81.28,2,1,1,有,有,19418200,238905.0,,0.0,0,,RPQNMLNLQHIGFAA57DA,47.32,3.01,5.09,有,,1.0
中正區,房地(土地+建物)+車位,重慶南路二段８０號十三樓之３,15.99,住,,,1120806,土地2建物1車位1,十三層,十四層,住宅大樓(11層含以上有電梯),住家用,1090811,122.82,2,2,2,有,有,46890000,405216.0,坡道機械,12.78,2300000,,RPWNMLOLQHIGFAA28DA,65.83,3.5,4.7,有,1669.0,3.0
文山區,房地(土地+建物)+車位,興隆路二段２５２號十四樓之６,15.08,,,,1120806,土地1建物1車位1,十四層,十五層,住宅大樓(11層含以上有電梯),住家用,0840105,124.81,2,2,1,有,有,21000000,168256.0,坡道平面,0.0,2300000,陽台外推；其他增建；,RPPNMLSLQHIGFAA97DA,95.96,1.1,10.41,有,,29.0
萬華區,房地(土地+建物),萬大路４７２號四樓,23.75,住,,,1120804,土地3建物1車位0,四層,四層,公寓(5樓含以下無電梯),住家用,0601110,72.92,2,1,1,有,無,8200000,112452.0,,0.0,0,,RPVQMLLLQHIGFBA28DA,72.92,0.0,0.0,無,,52.0
大同區,房地(土地+建物),重慶北路三段２０３之３號七樓之６,8.68,住,,,1120804,土地2建物1車位0,七層,十二層,住宅大樓(11層含以上有電梯),住家用,1090728,70.49,0,0,0,無,有,18400000,261030.0,,0.0,0,,RPPPMLNKRHIGFBA77DA,32.99,9.76,0.0,有,,3.0
內湖區,房地(土地+建物)+車位,民權東路六段２８０巷１５５弄７之２號五樓,33.16,住,,,1120807,土地1建物1車位1,五層,八層,華廈(10層含以下有電梯),住家用,0821231,140.11,3,2,1,有,有,29500000,210549.0,坡道平面,0.0,0,,RPVNMLSJRHIGFCA68DA,82.31,1.04,8.38,有,1675.0,30.0
內湖區,房地(土地+建物)+車位,成功路二段１９３巷８號二樓之２,12.76,住,,,1120826,土地2建物1車位1,二層,七層,華廈(10層含以下有電梯),住家用,0981225,64.82000000000001,1,1,1,有,有,12500000,192842.0,坡道機械,13.28,0,夾層；,RPQPMLSJRHIGFCA38DA,26.01,2.47,2.64,有,1676.0,14.0
南港區,房地(土地+建物),東新街１０８巷２０號,31.0,住,,,1120814,土地1建物1車位0,一層，停車場,四層,公寓(5樓含以下無電梯),住家用,0670118,90.0,3,2,1,有,無,18600000,206667.0,,0.0,0,平台增建，後陽台增建,RPSNMLOKRHIGFDA18DA,81.16,8.84,0.0,無,,46.0
士林區,房地(土地+建物),忠誠路一段６１之１號七樓,23.17,住,,,1120801,土地1建物1車位0,七層,七層,華廈(10層含以下有電梯),住家用,0740118,127.54,2,2,2,有,有,28880000,226439.0,,0.0,0,陽台外推；頂樓加蓋；其他增建；,RPRPMLSKQHIGFEA68DA,97.38,0.0,14.11,有,,39.0
北投區,房地(土地+建物)+車位,中央北路四段５８３巷１０弄７號五樓,48.03,住,,,1120805,土地2建物1車位1,五層,五層,華廈(10層含以下有電梯),住家用,1050817,97.9,3,2,2,有,有,16500000,178093.0,塔式車位,11.99,1200000,陽台外推；夾層；其他增建；,RPUNMLTKQHIGFEA88DA,51.12,0.0,4.78,有,1679.0,7.0
士林區,房地(土地+建物),重慶北路四段４９巷１５弄１７號二樓,28.5,住,,,1120812,土地1建物1車位0,二層,四層,公寓(5樓含以下無電梯),住家用,0600720,85.8,3,2,1,有,無,11760000,137063.0,,0.0,0,其他增建；,RPROMLPLQHIGFEA38DA,85.8,0.0,0.0,無,,52.0
士林區,房地(土地+建物),後街２１巷１９號五樓之１,14.79,住,,,1120811,土地1建物1車位0,五層,七層,華廈(10層含以下有電梯),住家用,1030618,57.6,2,1,1,有,有,14500000,251736.0,,0.0,0,夾層；,RPPOMLKMQHIGFEA77DA,32.03,1.15,3.45,有,1680.0,9.0
士林區,房地(土地+建物),忠誠路一段１６巷２３號三樓之５,8.72,住,,,1120809,土地2建物1車位0,三層,五層,華廈(10層含以下有電梯),住家用,0840921,29.78,1,0,1,有,有,8880000,298187.0,,0.0,0,陽台外推；,RPTOMLMKRHIGFEA28DA,17.04,1.08,3.27,有,1681.0,28.0
士林區,房地(土地+建物),中社路二段２０巷６號,124.0,住,,,1120813,土地1建物1車位0,一層,二層,公寓(5樓含以下無電梯),住家用,0650406,104.16,3,2,2,有,無,15000000,144009.0,,0.0,0,陽台外推；,RPRNMLOKRHIGFEA18DA,104.16,0.0,0.0,無,,47.0
大安區,房地(土地+建物),泰順街５０巷９之１號,9.14,住,,,1120814,土地1建物1車位0,一層,六層,華廈(10層含以下有電梯),住家用,0941017,37.24,1,1,1,有,有,13980000,375403.0,,0.0,0,陽台外推；其他增建；,RPUNMLLLQHIGFFA28DA,20.97,0.44,3.37,有,,18.0
大安區,房地(土地+建物),仁愛路四段３００巷２０弄４號四樓,23.62,住,,,1120819,土地1建物1車位0,四層,七層,華廈(10層含以下有電梯),住家用,0740215,122.67,3,2,2,有,有,34120000,278145.0,,0.0,0,陽台外推；,RPPNMLKKRHIGFFA67DA,93.86,0.0,14.32,有,,39.0
文山區,房地(土地+建物),辛亥路五段９３之１號三樓,14.14,住,,,1120811,土地3建物1車位0,三層,九層,華廈(10層含以下有電梯),住家用,0720818,82.56,3,2,1,有,有,14000000,169574.0,,0.0,0,,RPRNMLOKRHIGFAA87EA,61.76,0.0,6.52,有,1685.0,40.0
內湖區,房地(土地+建物),康寧路一段１９５巷３弄６號四樓之３,25.64,住,,,1120828,土地1建物1車位0,四層,九層,華廈(10層含以下有電梯),住家用,1080814,97.83,2,2,1,有,有,24750000,252990.0,,0.0,0,,RPSNMLPKRHIGFCA28EA,49.15,6.94,7.49,有,1687.0,4.0
松山區,房地(土地+建物),敦化北路１４５巷２３弄３號五樓之２,16.59,住,,,1120821,土地1建物1車位0,五層,七層,華廈(10層含以下有電梯),住家用,1100315,71.91,1,1,1,有,有,29530000,410652.0,,0.0,0,,RPVPMLLKQHIGFDA38EA,34.6,0.0,3.76,有,,2.0
信義區,房地(土地+建物),吳興街５０巷２１弄５號三樓,48.5,住,,,1120806,土地1建物1車位0,三層,四層,公寓(5樓含以下無電梯),住家用,0660226,120.89,3,2,2,有,無,23500000,194392.0,,0.0,0,陽台外推；其他增建；,RPSNMLOKRHIGFDA28EA,100.09,0.0,20.8,無,,46.0
士林區,房地(土地+建物),承德路四段２９２巷１１弄８號四樓,36.68,住,,,1120831,土地2建物1車位0,四層,五層,公寓(5樓含以下無電梯),住家用,0730514,119.41,3,1,2,有,無,18000000,150741.0,,0.0,0,,RPTNMLLKRHIGFEA18EA,95.41,0.0,13.09,無,1690.0,39.0
文山區,房地(土地+建物),景華街１２８巷９２號二樓,49.05,住,,,1120809,土地1建物1車位0,二層,五層,公寓(5樓含以下無電梯),住家用,0730330,119.91,3,2,1,有,有,16300000,135924.0,,0.0,0,陽台外推；,RPTNMLPKQHIGFAA97DA,106.24,0.0,9.86,無,1692.0,39.0
文山區,房地(土地+建物)+車位,仙岩路１６巷７９號八樓,68.58,住,,,1120813,土地1建物1車位2,八層，電梯樓梯間,十三層,住宅大樓(11層含以上有電梯),住家用,0870312,225.22,3,2,2,有,有,29300000,166843.0,坡道平面,73.58,4000000,其他增建；,RPQOMLRKQHIGFAA97DA,113.11,5.23,14.0,有,1693.0,25.0
文山區,房地(土地+建物),辛亥路四段２２２巷２２號二樓,20.96,住,,,1120806,土地1建物1車位0,二層,五層,公寓(5樓含以下無電梯),住家用,0690725,73.73,2,2,1,有,無,12000000,162756.0,,0.0,0,陽台外推；其他增建；,RPQOMLKMQHIGFAA47DA,68.08,0.0,5.65,無,,43.0
文山區,房地(土地+建物),光輝路１３４巷６號二樓,30.13,住,,,1120814,土地1建物1車位0,二層,五層,公寓(5樓含以下無電梯),住家用,0850523,108.78,3,2,2,有,無,15000000,137893.0,,0.0,0,陽台外推；,RPSNMLPJRHIGFAA87DA,63.9,1.93,8.14,無,,27.0
文山區,房地(土地+建物),仙岩路１６巷４６號二樓,40.19,住,,,1120817,土地3建物1車位0,二層,八層,華廈(10層含以下有電梯),住家用,0821221,113.93,2,2,1,有,有,15750000,138243.0,,0.0,0,,RPRNMLNKRHIGFAA67DA,67.73,5.44,0.0,有,,30.0
文山區,房地(土地+建物),仙岩路１６巷５１弄４號二樓,36.15,住,,,1120804,土地3建物1車位0,二層,四層,公寓(5樓含以下無電梯),住家用,0680315,104.02,3,2,2,有,無,14800000,142280.0,,0.0,0,,RPWNMLNKRHIGFAA18DA,90.55,0.0,13.47,無,,44.0
文山區,房地(土地+建物)+車位,萬美街二段４９號三樓,49.59,住,,,1120811,土地1建物1車位2,三層,十三層,住宅大樓(11層含以上有電梯),住家用,0840530,177.42,3,2,2,有,有,17500000,98636.0,坡道平面,0.0,2000000,坡道車道平面車位現況已加裝機械式停車設備，變更為機械車位陽台外推；其他增建；,RPOOMLOKRHIGFAA57DA,138.55,2.56,7.58,有,,28.0
文山區,房地(土地+建物)+車位,木新路二段１０６號二樓,25.31,住,,,1120812,土地1建物1車位1,二層,五層,華廈(10層含以下有電梯),住家用,1100924,118.2,2,1,2,有,無,22460000,207082.0,升降機械,17.95,1700000,,RPPNMLPKRHIGFAA67DA,46.34,4.66,6.72,有,,2.0
萬華區,房地(土地+建物),東園街６７巷２號五樓,27.57,住,,,1120804,土地1建物1車位0,五層,五層,華廈(10層含以下有電梯),住家用,0901211,82.0,1,1,1,有,無,14000000,170732.0,,0.0,0,陽台外推；頂樓加蓋；,RPQNMLSKQHIGFBA08DA,51.54,0.0,3.77,有,1695.0,22.0
萬華區,房地(土地+建物),和平西路三段３８２巷１２弄２０號四樓,17.27,住,,,1120805,土地2建物1車位0,四層,五層,公寓(5樓含以下無電梯),住家用,0650709,51.35,2,2,1,有,無,7000000,136319.0,,0.0,0,其他增建；,RPQOMLTLQHIGFBA38DA,48.65,0.0,2.7,無,,47.0
萬華區,房地(土地+建物),和平西路三段３０９巷１５弄２３號三樓,27.68,住,,,1120801,土地2建物1車位0,三層,四層,公寓(5樓含以下無電梯),住家用,0600908,79.81,3,2,1,有,無,10000000,125298.0,,0.0,0,,RPPNMLMKRHIGFBA47DA,75.38,0.0,4.43,無,1697.0,52.0
內湖區,房地(土地+建物)+車位,金湖路４０５號七樓之１,30.31,住,,,1120805,土地1建物1車位1,七層,九層,華廈(10層含以下有電梯),住家用,0881029,155.7,2,2,2,有,有,34500000,264747.0,坡道平面,34.83,2500000,,RPXNMLSJQHIGFCA78DA,97.08,0.68,9.36,有,,24.0
中山區,房地(土地+建物),合江街７３巷３７號二樓,27.36,住,,,1120815,土地1建物1車位0,二層,七層,華廈(10層含以下有電梯),住家用,0710510,131.57,3,2,2,有,有,28500000,216615.0,,0.0,0,陽台外推；,RPWOMLPKQHIGFCA58DA,109.95,0.0,12.47,有,,41.0
內湖區,房地(土地+建物),內湖路二段１７９巷３弄３號十樓,7.36,住,,,1120810,土地1建物1車位0,十層,十三層,住宅大樓(11層含以上有電梯),住家用,1110428,52.33,0,1,1,有,有,14950000,285687.0,,0.0,0,,RPRPMLPKQHIGFCA18DA,28.71,2.64,3.6,有,,1.0
內湖區,房地(土地+建物),文湖街７號四樓之５,7.43,住,,,1120813,土地1建物1車位0,四層,七層,華廈(10層含以下有電梯),住家用,0960308,34.1,1,1,1,有,有,9000000,263930.0,,0.0,0,夾層；,RPUPMLPKQHIGFCA48DA,19.47,3.15,0.0,有,1701.0,16.0
內湖區,房地(土地+建物)+車位,康寧路三段７５巷２４弄５１之６號,21.06,住,,,1120810,土地1建物1車位1,三層,三層,公寓(5樓含以下無電梯),住家用,0790607,59.98,2,1,2,有,有,11350000,189230.0,升降機械,0.0,1500000,頂樓加蓋；,RPSNMLQKQHIGFCA18DA,49.18,0.0,10.8,無,,33.0
內湖區,房地(土地+建物),行善路２５巷１弄１５號二樓,48.27,住,,,1120801,土地1建物1車位0,二層,九層,華廈(10層含以下有電梯),住家用,0870506,127.79,3,2,2,有,有,21500000,168245.0,,0.0,0,,RPSOMLSKQHIGFCA48DA,76.75,0.0,7.06,有,,25.0
中山區,房地(土地+建物),松江路１３３巷５０號三樓之１,8.19,住,,,1120809,土地1建物1車位0,三層,八層,華廈(10層含以下有電梯),住家用,0930829,38.41,2,1,1,有,有,12300000,320229.0,,0.0,0,陽台外推；夾層；,RPSNMLOLQHIGFCA08DA,21.81,1.61,2.8,有,1703.0,19.0
內湖區,房地(土地+建物),康寧路一段２９２號七樓之６,16.18,,,,1120813,土地4建物1車位0,七層,十二層,住宅大樓(11層含以上有電梯),住家用,0801021,55.8,1,1,1,有,有,13380000,239785.0,,0.0,0,其他增建；,RPQOMLSJRHIGFCA28DA,31.35,3.96,2.7,有,1706.0,32.0
中山區,房地(土地+建物),松江路４３１巷２９號五樓,25.51,住,,,1120813,土地1建物1車位0,五層,七層,華廈(10層含以下有電梯),住家用,0780722,132.4,3,2,2,有,無,24600000,185801.0,,0.0,0,陽台外推；,RPSNMLPKRHIGFCA18DA,111.7,0.26,10.06,有,1708.0,34.0
中山區,房地(土地+建物)+車位,堤頂大道二段２４６巷１號十一樓,66.67,住,,,1120818,土地1建物1車位1,十一層,十二層,住宅大樓(11層含以上有電梯),住家用,0960503,268.07,3,2,2,有,有,69000000,257395.0,坡道平面,34.49,0,,RPSOMLPKRHIGFCA28DA,143.67,14.5,15.96,有,1710.0,16.0
南港區,房地(土地+建物)+車位,舊莊街一段２６７號五樓,21.11,住,,,1120814,土地1建物1車位1,五層,七層,華廈(10層含以下有電梯),住家用,1070814,107.26,2,1,1,有,有,15700000,146373.0,塔式車位,23.57,0,夾層；其他增建；,RPTNMLOLQHIGFDA28DA,43.09,3.79,4.62,有,1711.0,5.0
信義區,房地(土地+建物)+車位,永吉路２２５巷２９號九樓,18.63,住,,,1120803,土地1建物1車位1,九層,十二層,住宅大樓(11層含以上有電梯),住家用,0990510,103.93,2,2,1,有,有,30660000,295006.0,升降機械,9.82,0,雨遮陽台外推；夾層；其他增建；,RPPOMLPLQHIGFDA08DA,47.52,8.22,4.59,有,1712.0,13.0
松山區,房地(土地+建物),健康路１６６號五樓,13.5,住,,,1120809,土地3建物1車位0,五層,十三層,住宅大樓(11層含以上有電梯),住家用,0670720,133.11,3,2,2,有,有,33500000,251672.0,,0.0,0,其他增建；,RPVNMLLJRHIGFDA08DA,102.38,0.0,14.92,有,,45.0
信義區,房地(土地+建物),和平東路三段３９１巷２０弄３１號三樓,29.0,住,,,1120819,土地1建物1車位0,三層,五層,公寓(5樓含以下無電梯),住家用,0680319,101.58,3,2,2,有,無,20300000,199842.0,,0.0,0,其他增建；,RPRNMLPKRHIGFDA18DA,88.82,0.0,12.76,無,1714.0,44.0
北投區,房地(土地+建物),尊賢街２４３巷３１號二樓,36.75,住,,,1120812,土地1建物1車位0,二層,四層,公寓(5樓含以下無電梯),住家用,0621228,96.71,3,2,2,有,無,17700000,183021.0,,0.0,0,其他增建；,RPWNMLMLQHIGFEA48DA,96.71,0.0,0.0,無,,50.0
士林區,房地(土地+建物),承德路四段２９號二樓,26.52,住,,,1120806,土地2建物1車位0,二層,十一層,住宅大樓(11層含以上有電梯),住家用,0890705,154.49,3,2,2,有,有,26680000,172697.0,,0.0,0,,RPQOMLPLQHIGFEA28DA,84.15,0.0,8.64,有,,23.0
北投區,房地(土地+建物),尊賢街２３０巷１６號四樓,28.94,住,,,1120806,土地1建物1車位0,四層,五層,公寓(5樓含以下無電梯),住家用,0680509,90.15,3,2,2,有,無,16000000,177482.0,,0.0,0,其他增建；,RPOQMLLJRHIGFEA77DA,77.97,0.0,12.18,無,,44.0
士林區,房地(土地+建物),社正路１７巷２號五樓之１,13.97,住,,,1120821,土地1建物1車位0,五層,九層,華廈(10層含以下有電梯),住家用,1050105,66.26,2,2,1,有,有,12350000,186387.0,,0.0,0,,RPQOMLQJRHIGFEA28DA,32.86,3.9,3.08,有,1716.0,8.0
士林區,房地(土地+建物),承德路四段１２巷７６號二樓,42.25,住,,,1120804,土地1建物1車位0,二層,四層,公寓(5樓含以下無電梯),住家用,0600921,125.5,3,2,2,有,無,19200000,152988.0,,0.0,0,,RPWNMLMKRHIGFEA48DA,107.94,0.0,17.56,無,,52.0
中正區,房地(土地+建物),汀州路三段６０巷９號四樓,33.12,住,,,1120808,土地1建物1車位0,四層，陽台,四層,公寓(5樓含以下無電梯),住家用,0640423,102.01,2,2,1,有,無,22100000,216645.0,,0.0,0,頂樓加蓋；其他增建；,RPOOMLKKLHIGFAA66EA,102.01,0.0,0.0,無,,48.0
信義區,房地(土地+建物),福德街２２１巷３弄２３號,29.25,住,,,1120829,土地1建物1車位0,一層,五層,公寓(5樓含以下無電梯),住家用,0690312,99.29,3,2,2,有,無,26600000,267902.0,,0.0,0,,RPWPMLLKQHIGFDA48EA,88.81,10.48,0.0,無,,43.0
文山區,房地(土地+建物),興隆路三段２０７巷１２弄２號四樓,32.74,住,,,1120806,土地1建物1車位0,四層,五層,公寓(5樓含以下無電梯),住家用,0730830,140.52,4,2,2,有,有,13200000,93937.0,,0.0,0,陽台外推；其他增建；,RPVOMLLKQHIGFAA87DA,95.95,0.0,30.55,無,1720.0,39.0
中正區,房地(土地+建物)+車位,三元街２５０號七樓,15.56,住,,,1120805,土地1建物1車位1,七層,九層,華廈(10層含以下有電梯),住家用,0951201,117.79,3,2,1,有,有,25800000,240283.0,塔式車位,18.74,2000000,陽台外推；其他增建；,RPXOMLLLQHIGFAA18DA,62.84,2.68,11.46,有,,17.0
文山區,房地(土地+建物)+車位,興隆路四段１０９巷１３８號二樓,28.99,住,,,1120807,土地1建物1車位1,二層,八層,華廈(10層含以下有電梯),住家用,0950508,153.03,4,2,2,有,有,27000000,173721.0,坡道機械,7.97,1800000,陽台外推；其他增建；,RPXNMLPLQHIGFAA48DA,86.95,5.57,8.45,有,1721.0,17.0
文山區,房地(土地+建物)+車位,忠順街一段９巷２２弄６號六樓,26.45,住,,,1120819,土地2建物1車位1,六層,十二層,住宅大樓(11層含以上有電梯),住家用,0950330,140.7,2,2,2,有,有,23960000,170291.0,升降平面,0.0,2200000,其他增建；,RPWNMLKMQHIGFAA97DA,69.37,1.19,9.63,有,,17.0
大同區,房地(土地+建物),大龍街２２３號四樓,18.8,住,,,1120801,土地1建物1車位0,四層,五層,公寓(5樓含以下無電梯),住家用,0670422,62.68,2,1,1,有,無,12300000,196235.0,,0.0,0,陽台外推；其他增建；,RPWNMLOKQHIGFBA28DA,59.02,0.0,3.66,無,,45.0
萬華區,房地(土地+建物),萬大路２３７巷１０弄４５號五樓,27.25,住,,,1120801,土地1建物1車位0,五層,五層,公寓(5樓含以下無電梯),住家用,0750424,96.21,3,2,1,有,無,16580000,172331.0,,0.0,0,陽台外推；頂樓加蓋；其他增建；,RPSOMLTLQHIGFBA58DA,84.28,0.0,8.44,無,,37.0
萬華區,房地(土地+建物),青年路１６８巷４９弄２３號五樓,11.36,住,,,1120805,土地2建物1車位0,五層,五層,公寓(5樓含以下無電梯),住家用,0640523,38.65,0,2,1,有,有,5770000,149288.0,,0.0,0,其他增建；,RPSNMLLJRHIGFBA57DA,32.51,0.0,0.0,無,1723.0,48.0
大同區,房地(土地+建物),延平北路四段１７９巷１６號,24.0,住,,,1120816,土地2建物1車位0,一層,四層,公寓(5樓含以下無電梯),住家用,0581001,76.17,3,1,1,有,無,13000000,170671.0,,0.0,0,其他增建；,RPPNMLOKRHIGFBA67DA,76.17,0.0,0.0,無,,54.0
內湖區,房地(土地+建物)+車位,民權東路六段４２３號九樓之３,10.14,住,,,1120814,土地1建物1車位1,九層,九層,華廈(10層含以下有電梯),住家用,0980629,69.58,2,1,1,有,有,17100000,245760.0,升降機械,0.0,0,,RPRNMLLLQHIGFCA67DA,31.61,2.71,4.36,有,1725.0,14.0
中山區,房地(土地+建物)+車位,敬業三路１６２巷１３號七樓,47.09,住,,,1120813,土地1建物1車位1,七層,十層,華廈(10層含以下有電梯),住家用,0890628,155.69,3,2,2,有,有,32000000,205537.0,坡道平面,0.0,0,,RPSOMLPLQHIGFCA28DA,77.73,0.0,8.22,有,,23.0
內湖區,房地(土地+建物)+車位,港華街９７號二樓之１,9.39,住,,,1120805,土地1建物1車位1,二層,十層,華廈(10層含以下有電梯),住家用,1010515,76.44,1,1,1,有,有,14800000,193641.0,升降機械,23.46,0,其他增建；,RPPPMLLJRHIGFCA57DA,38.08,2.74,3.98,有,1726.0,11.0
內湖區,房地(土地+建物),金龍路５１號五樓,26.37,住,,,1120806,土地1建物1車位0,五層,五層,公寓(5樓含以下無電梯),住家用,0730208,107.98,3,2,2,有,無,18080000,167438.0,,0.0,0,其他增建；,RPSPMLLJRHIGFCA87DA,84.24,0.0,15.09,無,1727.0,39.0
內湖區,房地(土地+建物),環山路一段８２號四樓,38.8,住,,,1120827,土地2建物1車位0,四層,四層,公寓(5樓含以下無電梯),住家用,0700526,97.45,3,2,2,有,無,17600000,180605.0,,0.0,0,頂樓加蓋；其他增建；,RPQNMLLKRHIGFCA57DA,88.96,0.0,8.49,無,,42.0
中山區,房地(土地+建物),新生北路三段４３號二樓之２０,6.57,住,,,1120813,土地2建物1車位0,二層,十一層,住宅大樓(11層含以上有電梯),住家用,0670301,51.73,1,1,1,有,有,10800000,208776.0,,0.0,0,陽台外推；,RPROMLOKRHIGFCA08DA,35.62,0.0,3.09,有,1729.0,45.0
內湖區,房地(土地+建物)+車位,內湖路一段４７巷８弄３４之１號四樓,70.22,住,,,1120805,土地1建物1車位1,四層，五層,五層,公寓(5樓含以下無電梯),住家用,0790625,269.04,5,2,3,有,有,34800000,129349.0,坡道平面,0.0,2500000,廚房後陽台加蓋其他增建；,RPRNMLPKRHIGFCA08DA,240.15,0.0,19.26,無,,33.0
內湖區,房地(土地+建物),潭美街１３１號三樓,32.17,住,,,1120818,土地1建物1車位0,三層,五層,公寓(5樓含以下無電梯),住家用,0710227,140.1,4,2,2,有,無,19800000,141328.0,,0.0,0,,RPXNMLPKRHIGFCA68DA,121.23,0.0,18.87,無,,41.0
南港區,房地(土地+建物),玉成街２２１號四樓,19.4,住,,,1120807,土地1建物1車位0,四層,五層,公寓(5樓含以下無電梯),住家用,0721201,80.60000000000001,2,2,2,有,無,16800000,208437.0,,0.0,0,陽台外推；,RPRNMLPKQHIGFDA08DA,65.56,0.0,8.14,無,,40.0
松山區,房地(土地+建物),民生東路三段１１３巷２５弄６號五樓,36.68,住,,,1120805,土地2建物1車位0,五層,七層,華廈(10層含以下有電梯),住家用,0720528,162.32,3,2,2,有,有,38000000,234105.0,,0.0,0,,RPWNMLLLQHIGFDA28DA,126.53,0.0,15.42,有,,40.0
南港區,房地(土地+建物),東新街１７０巷１７之１號,26.65,住,,,1120808,土地1建物1車位0,一層,五層,公寓(5樓含以下無電梯),住家用,0731121,104.74,4,1,2,有,無,17500000,167080.0,,0.0,0,其他增建；,RPSNMLPLQHIGFDA28DA,88.78,6.94,0.0,無,1730.0,39.0
信義區,房地(土地+建物)+車位,虎林街１２０巷１２０號七樓之２,10.9,住,,,1120805,土地1建物1車位1,七層,八層,華廈(10層含以下有電梯),住家用,0950404,62.03,2,2,1,有,有,16000000,257940.0,塔式車位,12.62,0,,RPWNMLSJRHIGFDA88DA,27.21,0.0,4.32,有,1731.0,17.0
信義區,房地(土地+建物)+車位,信義路五段１５０巷３３０號十二樓,18.66,住,,,1120812,土地1建物1車位1,十二層,十三層,住宅大樓(11層含以上有電梯),住家用,0980408,134.5,2,2,2,有,有,27300000,202974.0,坡道平面,39.4,0,,RPTOMLPKRHIGFDA48DA,47.19,11.22,3.16,有,,14.0
士林區,房地(土地+建物),中山北路七段２１３之９號,25.35,住,,,1120806,土地1建物1車位0,一層,十層,華廈(10層含以下有電梯),住家用,0740320,128.07,3,2,2,有,有,23380000,182556.0,,0.0,0,其他增建；,RPQNMLTJRHIGFEA48DA,94.28,16.29,0.0,有,,38.0
士林區,房地(土地+建物),中山北路六段２９０巷１１弄１２號四樓,31.14,住,,,1120807,土地1建物1車位0,四層,五層,公寓(5樓含以下無電梯),住家用,0740107,118.54,3,2,1,有,無,21300000,179686.0,,0.0,0,陽台外推；,RPTOMLPKRHIGFEA58DA,95.72,0.0,11.97,無,,39.0
大安區,房地(土地+建物),永康街３７巷１２之２號,42.0,住,,,1120802,土地1建物1車位0,三層,四層,公寓(5樓含以下無電梯),住家用,0571210,122.64,3,2,2,有,無,35000000,285388.0,,0.0,0,陽台外推；,RPQNMLSKQHIGFFA48DA,104.7,0.0,17.94,無,,55.0
大安區,房地(土地+建物),安居街９７號四樓,12.1,住,,,1120807,土地1建物1車位0,四層，陽台,五層,公寓(5樓含以下無電梯),住家用,0660111,41.31,1,1,1,有,無,8380000,202856.0,,0.0,0,陽台外推；其他增建；,RPOOMLLLQHIGFFA77DA,41.31,0.0,0.0,無,,47.0
大安區,房地(土地+建物),建國南路二段８７號七樓,21.13,住,,,1120813,土地1建物1車位0,七層,十六層,住宅大樓(11層含以上有電梯),住家用,0750415,108.82,3,2,2,有,有,31300000,287631.0,,0.0,0,其他增建；,RPRNMLPLQHIGFFA38DA,75.83,0.55,10.27,有,,37.0
大安區,房地(土地+建物),和平東路三段４６４巷２號十二樓,15.51,住,,,1120811,土地1建物1車位0,十二層,十四層,住宅大樓(11層含以上有電梯),住家用,0910704,78.53999999999999,2,1,1,有,有,20928000,266463.0,,0.0,0,陽台外推；,RPRNMLMKRHIGFFA08DA,47.02,0.0,5.42,有,,21.0
內湖區,房地(土地+建物),康寧路一段１５６巷３２弄１０號,29.11,住,,,1120812,土地1建物1車位0,一層,四層,公寓(5樓含以下無電梯),住家用,0661111,78.64,3,1,2,有,無,16800000,213632.0,,0.0,0,其他增建；,RPSNMLLKRHIGFCA87EA,67.01,11.63,0.0,無,1737.0,46.0
內湖區,房地(土地+建物),星雲街１６８巷４３號六樓之１,5.72,住,,,1120813,土地1建物1車位0,六層,二十一層,住宅大樓(11層含以上有電梯),住家用,0860124,30.21,0,0,0,無,有,8500000,281364.0,,0.0,0,陽台外推；夾層；,RPPNMLTKRHIGFCA38EA,18.32,0.0,2.9,有,1740.0,27.0
松山區,房地(土地+建物)+車位,敦化北路１４５巷２３弄３號五樓之１,15.75,住,,,1120823,土地1建物1車位1,五層,七層,華廈(10層含以下有電梯),住家用,1100315,86.16,1,1,1,有,有,32100000,372563.0,升降平面,17.87,0,,RPXPMLLKQHIGFDA58EA,33.12,0.0,3.31,有,,2.0
中正區,房地(土地+建物),羅斯福路三段１２８巷１８號四樓,34.98,住,,,1120807,土地1建物1車位0,四層,六層,華廈(10層含以下有電梯),住家用,0700326,162.14,3,2,2,有,無,40380000,249044.0,,0.0,0,陽台外推；其他增建；,RPQPMLLKQHIGFAA47DA,121.06,0.0,17.42,有,,42.0
文山區,房地(土地+建物),辛亥路五段８５之１號九樓,17.43,住,,,1120805,土地2建物1車位0,九層,九層,華廈(10層含以下有電梯),住家用,0720818,109.3,3,2,2,有,無,14500000,132662.0,,0.0,0,陽台外推；其他增建；,RPSNMLTLQHIGFAA38DA,79.32,0.0,12.84,有,,40.0
文山區,房地(土地+建物),試院路１５４巷５弄１號四樓,22.14,住,,,1120818,土地1建物1車位0,四層,四層,公寓(5樓含以下無電梯),住家用,0840119,65.67999999999999,5,1,1,有,無,9100000,138551.0,,0.0,0,花台陽台外推；其他增建；,RPRNMLKMQHIGFAA47DA,47.19,2.52,5.66,無,,29.0
文山區,房地(土地+建物),下崙路１１巷１７號,31.42,住,,,1120808,土地1建物1車位0,一層,七層,華廈(10層含以下有電梯),住家用,1060104,140.1,3,2,2,有,有,25500000,182013.0,,0.0,0,其他增建；,RPWNMLQJRHIGFAA38DA,82.95,0.0,0.0,有,1743.0,7.0
文山區,房地(土地+建物),木新路三段４５巷７弄１號二樓,39.46,住,,,1120818,土地1建物1車位0,二層，電梯樓梯間,七層,華廈(10層含以下有電梯),住家用,0841207,116.05,3,2,2,有,有,19000000,163723.0,,0.0,0,其他增建；,RPOOMLQJRHIGFAA67DA,88.67,1.91,10.01,有,,28.0
文山區,房地(土地+建物),萬盛街１４６巷１０號三樓,36.31,住,,,1120807,土地1建物1車位0,三層,四層,公寓(5樓含以下無電梯),住家用,0670727,107.62,3,2,2,有,無,15600000,144954.0,,0.0,0,陽台外推；,RPUNMLSKRHIGFAA48DA,92.59,0.0,15.03,無,,45.0
中正區,房地(土地+建物)+車位,延平南路８３號十三樓之３,8.46,,,,1120818,土地1建物1車位1,十三層,十四層,住宅大樓(11層含以上有電梯),住家用,0900816,101.52,1,1,1,有,有,27180000,267730.0,塔式車位,0.0,1500000,陽台外推；其他增建；,RPVNMLOLQHIGFBA28DA,50.97,0.03,8.58,有,,22.0
萬華區,房地(土地+建物)+車位,內江街１０５號八樓,40.02,住,,,1120812,土地1建物2車位1,八層，夾層,八層,華廈(10層含以下有電梯),住家用,0871228,203.84000000000003,4,2,2,有,有,27150000,133193.0,坡道平面,49.4,0,其他增建：露臺增建。頂樓加蓋；其他增建；,RPUNMLOJRHIGFBA08DA,97.99,22.62,12.44,有,,25.0
萬華區,房地(土地+建物)+車位,東園街６７巷２號三樓,28.62,住,,,1120807,土地1建物1車位1,三層,五層,華廈(10層含以下有電梯),住家用,0901211,96.23,1,3,1,有,有,15200000,157955.0,升降機械,10.98,0,其他增建；,RPWOMLQJRHIGFBA58DA,51.54,0.0,7.02,有,1744.0,22.0
內湖區,房地(土地+建物)+車位,內湖路一段６５９號五樓之５,15.48,,,,1120812,土地1建物1車位1,五層,十八層,住宅大樓(11層含以上有電梯),住家用,0991123,155.26,3,2,2,有,有,34500000,222208.0,坡道平面,45.09,0,,RPUOMLSJQHIGFCA58DA,65.89,3.04,4.32,有,1745.0,13.0
中山區,房地(土地+建物),民生東路三段８８巷４號十五樓,23.42,住,,,1120812,土地1建物1車位0,十五層,十五層,住宅大樓(11層含以上有電梯),住家用,0750314,113.98,2,2,1,有,有,24800000,217582.0,,0.0,0,其他增建；,RPWOMLOJRHIGFCA48DA,87.51,0.14,6.25,有,,37.0
中山區,房地(土地+建物),新生北路二段７３號六樓之１６,3.68,住,,,1120801,土地1建物1車位0,六層,七層,華廈(10層含以下有電梯),住家用,0680301,20.02,1,1,1,有,有,4290000,214286.0,,0.0,0,其他增建；,RPXOMLOJRHIGFCA58DA,13.82,0.0,3.0,有,1747.0,44.0
中山區,房地(土地+建物),松江路２５巷５號二樓之６,7.91,住,,,1120820,土地1建物1車位0,二層,十一層,住宅大樓(11層含以上有電梯),住家用,0971118,41.75,0,1,1,有,有,12300000,294611.0,,0.0,0,夾層；其他增建；,RPVOMLRJRHIGFCA68DA,19.03,6.71,0.0,有,1748.0,15.0
內湖區,房地(土地+建物),南京東路六段１０９號三樓,49.24,住,,,1120827,土地1建物1車位0,三層,八層,華廈(10層含以下有電梯),住家用,0860526,129.84,3,2,2,有,有,23800000,183303.0,,0.0,0,,RPROMLNKRHIGFCA97DA,74.88,0.0,8.44,有,,26.0
內湖區,房地(土地+建物)+車位,內湖路三段６０巷１２弄７１號九樓之２,34.42,住,,,1120819,土地1建物1車位1,九層,十六層,住宅大樓(11層含以上有電梯),住家用,0810623,193.12,3,2,2,有,有,28000000,157037.0,坡道機械,24.38,1500000,,RPPOMLPKRHIGFCA97DA,130.71,1.72,16.83,有,,31.0
松山區,房地(土地+建物),南京東路五段５９巷２７之３號,40.25,住,,,1120805,土地1建物1車位0,四層,四層,公寓(5樓含以下無電梯),住家用,0610331,105.8,3,2,1,有,無,23760000,224575.0,,0.0,0,其他增建：頂樓平台。其他增建；,RPTNMLTJQHIGFDA58DA,94.18,0.0,11.62,無,1749.0,51.0
南港區,房地(土地+建物)+車位,重陽路５８８號二樓,21.73,住,,,1120803,土地1建物1車位2,二層,十二層,住宅大樓(11層含以上有電梯),住家用,0960130,122.34,2,2,1,有,有,28000000,288351.0,升降機械,35.64,3000000,其他增建；,RPPOMLNLQHIGFDA87DA,50.8,6.43,5.65,有,1750.0,17.0
南港區,房地(土地+建物),研究院路二段１９７巷２３號二樓,49.67,住,,,1120808,土地1建物1車位0,二層，陽台,三層,公寓(5樓含以下無電梯),住家用,,71.65,2,1,1,有,無,8800000,122819.0,,0.0,0,,RPQOMLPLQHIGFDA18DA,71.65,0.0,0.0,無,,
南港區,房地(土地+建物)+車位,經貿二路２３５巷２３號五樓,55.47,住,,,1120807,土地1建物1車位2,五層,二十一層,住宅大樓(11層含以上有電梯),住家用,1031204,331.89,3,2,3,有,有,90000000,303523.0,坡道平面,55.14,6000000,,RPQNMLLMQHIGFDA77DA,171.6,0.0,15.06,有,1751.0,9.0
信義區,房地(土地+建物),吳興街１５６巷２２弄２號四樓之１,7.37,住,,,1120820,土地1建物1車位0,四層,七層,華廈(10層含以下有電梯),住家用,0811110,49.18,1,1,1,有,有,13200000,268402.0,,0.0,0,陽台外推；其他增建；,RPTNMLQKRHIGFDA48DA,34.74,0.0,5.95,有,1753.0,31.0
松山區,房地(土地+建物)+車位,健康路１７６號四樓,20.17,住,,,1120810,土地6建物1車位1,四層,十三層,住宅大樓(11層含以上有電梯),住家用,0670720,198.83,3,2,2,有,有,44180000,222200.0,坡道平面,0.0,4000000,,RPWNMLSKRHIGFDA98DA,157.83,0.0,18.29,有,,45.0
北投區,房地(土地+建物)+車位,奇岩路２３３號二樓,194.07,住,,,1120807,土地4建物1車位1,二層,五層,華廈(10層含以下有電梯),住家用,1040617,233.05,4,2,2,有,有,35500000,151557.0,坡道平面,15.31,2500000,,RPOOMLSJQHIGFEA18DA,128.07,6.96,10.89,有,,8.0
士林區,房地(土地+建物),通河西街二段１１８號三樓,29.75,住,,,1120814,土地1建物1車位0,三層,四層,公寓(5樓含以下無電梯),住家用,0670517,77.91,2,2,1,有,無,11800000,151457.0,,0.0,0,其他增建；,RPPOMLPLQHIGFEA18DA,68.02,0.0,9.89,無,,45.0
士林區,房地(土地+建物)+車位,中山北路五段７２７號五樓,31.95,住,,,1120814,土地1建物1車位1,五層,十三層,住宅大樓(11層含以上有電梯),住家用,0821018,217.44,4,2,2,有,有,33380000,153514.0,坡道平面,40.72,0,陽台外推；,RPPNMLLMQHIGFEA77DA,183.14,1.04,13.87,有,,30.0
北投區,房地(土地+建物),中央北路四段３６４號五樓,26.84,住,,,1120813,土地1建物1車位0,五層,五層,公寓(5樓含以下無電梯),住家用,0721116,97.67,3,2,1,有,無,10280000,105252.0,,0.0,0,陽台外推；其他增建；,RPQNMLLMQHIGFEA87DA,78.25,0.0,10.82,無,,40.0
士林區,房地(土地+建物),忠誠路一段１７１巷６號八樓,31.01,住,,,1120820,土地1建物1車位0,八層,十層,華廈(10層含以下有電梯),住家用,0810930,127.99,3,2,2,有,有,32500000,253946.0,,0.0,0,陽台加蓋鐵窗、建物向外加蓋鐵窗。其他增建；,RPQNMLRKRHIGFEA38DA,111.72,0.0,11.04,有,,31.0
大安區,房地(土地+建物),光復南路２００巷２６之５號,12.95,住,,,1120819,土地1建物1車位0,六層，陽台,六層,華廈(10層含以下有電梯),住家用,0600623,44.72,3,2,3,有,有,11888000,265832.0,,0.0,0,,RPWNMLLLQHIGFFA48DA,44.72,0.0,0.0,有,,52.0
大安區,房地(土地+建物),光復南路６７６巷１０弄７號四樓,20.88,住,,,1120804,土地1建物1車位0,四層，陽台,四層,公寓(5樓含以下無電梯),住家用,0630417,64.62,3,2,1,有,無,16500000,255339.0,,0.0,0,陽台外推；,RPWNMLMLQHIGFFA58DA,64.62,0.0,0.0,無,1757.0,49.0
大安區,房地(土地+建物),忠孝東路四段２１６巷１９弄１４號二樓,29.17,住,,,1120802,土地1建物1車位0,二層，陽台,七層,華廈(10層含以下有電梯),住家用,0651231,126.32,3,2,2,有,有,34770000,275253.0,,0.0,0,其他增建；,RPTNMLPLQHIGFFA58DA,126.32,0.0,0.0,有,,47.0
內湖區,房地(土地+建物)+車位,成功路五段３９８號二樓之１,34.43,住,,,1120816,土地3建物1車位1,二層,十九層,住宅大樓(11層含以上有電梯),住家用,0891016,146.9,2,2,2,有,有,35000000,238257.0,坡道平面,0.0,0,,RPRNMLSKRHIGFCA48EA,75.55,0.0,5.21,有,,23.0
文山區,房地(土地+建物),忠順街二段８５巷１弄２１號四樓,43.78,住,,,1120814,土地1建物1車位0,四層，五層,五層,公寓(5樓含以下無電梯),住家用,0780916,173.33,4,2,3,有,無,20500000,118272.0,,0.0,0,陽台外推；頂樓加蓋；其他增建；,RPTNMLTLQHIGFAA48DA,123.21,18.06,16.13,無,,34.0
文山區,房地(土地+建物),興隆路四段６２巷３號三樓,24.7,住,,,1120818,土地1建物1車位0,三層,五層,公寓(5樓含以下無電梯),住家用,0730105,67.55,2,2,1,有,無,10250000,151739.0,,0.0,0,陽台外推；其他增建；,RPRNMLLMQHIGFAA57DA,47.47,0.0,17.69,無,,40.0
文山區,房地(土地+建物),木新路三段５０巷２０號四樓,21.32,住,,,1120820,土地1建物1車位0,四層,五層,公寓(5樓含以下無電梯),住家用,,87.39999999999999,3,2,1,有,無,13570000,155263.0,,0.0,0,陽台外推；其他增建；,RPUNMLSJRHIGFAA38DA,65.19,0.0,12.86,無,1762.0,41.0
中正區,房地(土地+建物)+車位,重慶南路三段４５號十二樓,42.14,住,,,1120808,土地2建物1車位2,十二層,二十一層,住宅大樓(11層含以上有電梯),住家用,1100915,277.78,3,2,2,有,有,97100000,451264.0,坡道平面,78.34,7100000,,RPWNMLOKRHIGFAA28DA,107.87,10.6,11.95,有,,2.0
文山區,房地(土地+建物),興隆路三段１８５巷７弄１２號二樓,25.98,住,,,1120810,土地7建物1車位0,二層,五層,公寓(5樓含以下無電梯),住家用,0720823,86.72999999999999,3,1,2,有,有,10380000,119682.0,,0.0,0,陽台外推；,RPUNMLTKRHIGFAA58DA,64.8,0.0,13.91,無,,40.0
萬華區,房地(土地+建物),中華路二段５０４巷１６號十樓,12.4,住,,,1120805,土地1建物1車位0,十層,十二層,住宅大樓(11層含以上有電梯),住家用,0680403,46.08,2,1,1,有,有,9700000,210503.0,,0.0,0,陽台外推；其他增建；,RPXNMLLJRHIGFBA08DA,38.94,0.0,7.14,有,1768.0,44.0
萬華區,房地(土地+建物),桂林路２４６巷１６號四樓,13.35,住,,,1120805,土地4建物1車位0,四層,四層,公寓(5樓含以下無電梯),住家用,0680419,48.26,1,1,1,有,無,7800000,161625.0,,0.0,0,陽台外推；其他增建；,RPPNMLQJRHIGFBA77DA,41.25,0.0,7.01,無,,44.0
大同區,房地(土地+建物),重慶北路三段２５２巷２號二樓,24.25,住,,,1120815,土地1建物1車位0,二層,七層,華廈(10層含以下有電梯),住家用,0701210,144.64,3,1,1,有,無,25250000,174571.0,,0.0,0,陽台外推；其他增建；,RPQOMLSKRHIGFBA28DA,110.91,0.0,33.73,有,,42.0
內湖區,房地(土地+建物)+車位,內湖路二段１７９巷３弄３號八樓,12.49,住,,,1120801,土地1建物1車位1,八層,十三層,住宅大樓(11層含以上有電梯),住家用,1110428,96.73,2,1,1,有,有,26050000,276469.0,升降機械,7.57,1400000,,RPQPMLPKQHIGFCA08DA,48.81,6.13,4.6,有,,1.0
內湖區,房地(土地+建物)+車位,成功路二段５０２號七樓,19.42,住,,,1120806,土地3建物1車位1,七層,十四層,住宅大樓(11層含以上有電梯),住家用,1011123,134.06,2,2,1,有,有,25200000,187962.0,坡道平面,31.07,0,其他增建；,RPUOMLOLQHIGFCA38DA,61.85,1.28,6.74,有,1771.0,11.0
內湖區,房地(土地+建物)+車位,內湖路一段４１１巷６２弄８號十二樓,37.19,住,,,1120807,土地1建物1車位2,十二層,十五層,住宅大樓(11層含以上有電梯),住家用,0970331,250.46,2,2,2,有,有,51880000,263801.0,坡道平面,72.75,5000000,陽台外推；其他增建；,RPSOMLMKRHIGFCA97DA,131.16,4.75,10.96,有,,15.0
內湖區,房地(土地+建物),成功路二段１９３巷８號二樓之８,11.07,住,,,1120809,土地2建物1車位0,二層,七層,華廈(10層含以下有電梯),住家用,0981225,45.16,0,0,0,無,有,9300000,205934.0,,0.0,0,,RPQQMLSKRHIGFCA58DA,23.16,1.43,2.64,有,1773.0,14.0
內湖區,房地(土地+建物),內湖路一段２８５巷５９弄１１號二樓,41.67,住,,,1120804,土地2建物1車位0,二層,五層,公寓(5樓含以下無電梯),住家用,0700608,141.37,4,2,2,有,無,23600000,166938.0,,0.0,0,鐵窗增建陽台外推；其他增建；,RPWNMLKLRHIGFCA18DA,126.87,0.0,14.5,無,1774.0,42.0
松山區,房地(土地+建物),光復北路５號八樓之２,7.17,住,,,1120827,土地2建物1車位0,八層,十二層,住宅大樓(11層含以上有電梯),住家用,0771123,51.87,1,1,1,有,有,11500000,221708.0,,0.0,0,,RPPNMLPLQHIGFDA97DA,33.12,0.59,6.26,有,,35.0
信義區,房地(土地+建物),吳興街６００巷７６弄２０號二樓之３,22.51,住,,,1120815,土地1建物1車位0,二層,六層,華廈(10層含以下有電梯),住家用,1050301,98.68,2,2,2,有,有,15500000,157073.0,,0.0,0,,RPSPMLLJRHIGFDA97DA,56.99,6.43,4.13,有,,7.0
南港區,房地(土地+建物),重陽路３８０號九樓,13.24,住,,,1120812,土地1建物1車位0,九層,九層,華廈(10層含以下有電梯),住家用,0940321,45.14,2,2,2,有,有,14200000,314577.0,,0.0,0,其他增建；,RPRNMLSKRHIGFDA48DA,27.69,2.59,2.32,有,,18.0
北投區,房地(土地+建物)+車位,磺港路１０６號十三樓,23.99,住,,,1120820,土地2建物1車位1,十三層,十六層,住宅大樓(11層含以上有電梯),住家用,1120526,196.09,3,2,2,有,有,38750000,232551.0,坡道平面,40.64,2600000,,RPROMLSLQHIGFEA68DA,93.48,0.0,9.61,有,,
士林區,房地(土地+建物),忠誠路二段１５４巷４號五樓,34.3,住,,,1120826,土地1建物1車位0,五層,五層,公寓(5樓含以下無電梯),住家用,0710225,131.73,3,2,2,有,無,26500000,201169.0,,0.0,0,陽台外推；頂樓加蓋；其他增建；,RPOOMLQJRHIGFEA08DA,98.11,0.0,16.66,無,,42.0
大安區,房地(土地+建物),和平東路二段２６５巷２５弄７號十二樓,21.91,住,,,1120810,土地1建物1車位0,十二層,十七層,住宅大樓(11層含以上有電梯),住家用,0740522,111.22,3,2,1,有,無,27000000,242784.0,,0.0,0,其他增建；,RPWNMLPJRHIGFFA78DA,83.5,1.56,7.76,有,,38.0
文山區,房地(土地+建物)+車位,和平東路四段２９５巷３號十樓之１,51.82,住,,,1120813,土地1建物1車位1,十層,十層,華廈(10層含以下有電梯),住家用,0930521,134.81,3,2,1,有,有,20160000,149544.0,坡道平面,0.0,0,地下一層坡道平面停車位，定期抽籤，面積併入公設面積中。,RPPNMLLLRHIGFAA47EA,74.26,0.0,7.21,有,,19.0
士林區,房地(土地+建物),中山北路七段２１９巷８號四樓之１５,19.22,住,,,1120827,土地1建物2車位0,四層,七層,華廈(10層含以下有電梯),住家用,0780817,109.14,2,2,1,有,有,20500000,187832.0,,0.0,0,二戶打通合併使用,RPQOMLKLRHIGFEA97EA,70.94,2.43,2.65,有,,34.0
大安區,房地(土地+建物),仁愛路三段１８之１號七樓,23.0,住,,,1120810,土地1建物1車位0,七層,七層,華廈(10層含以下有電梯),住家用,0661101,116.55,0,0,0,無,無,36800000,315744.0,,0.0,0,陽台外推；頂樓加蓋；,RPSNMLOKRHIGFFA48EA,101.33,0.0,5.18,有,,46.0
文山區,房地(土地+建物)+車位,景華街１９８號十三樓之２,26.88,住,,,1120808,土地1建物1車位1,十三層,十七層,住宅大樓(11層含以上有電梯),住家用,1050930,230.22,4,2,2,有,有,54800000,277837.0,坡道平面,41.98,2500000,,RPOOMLSJQHIGFAA77DA,110.47,5.18,11.41,有,1779.0,7.0
文山區,房地(土地+建物),景仁街７８巷７號四樓,37.5,住,,,1120805,土地1建物1車位0,四層,四層,公寓(5樓含以下無電梯),住家用,0580807,105.3,3,2,2,有,無,19300000,183286.0,,0.0,0,陽台外推；其他增建；,RPPOMLOKQHIGFAA57DA,90.0,0.0,15.3,無,,54.0
文山區,房地(土地+建物),指南路三段３２巷５號二樓,8.79,住,,,1120820,土地1建物1車位0,二層,十層,華廈(10層含以下有電梯),住家用,0990806,39.55,1,1,1,有,有,7820000,197724.0,,0.0,0,陽台外推；其他增建；,RPQNMLTLQHIGFAA18DA,17.62,3.96,4.75,有,1780.0,13.0
中正區,房地(土地+建物)+車位,水源路３７之６號三樓之１,11.28,住,,,1120801,土地1建物1車位1,三層,十三層,住宅大樓(11層含以上有電梯),住家用,1070223,124.47,2,2,1,有,有,22800000,220755.0,坡道平面,32.06,2400000,,RPUOMLKLRHIGFAA87DA,49.62,4.35,8.63,有,,5.0
大同區,房地(土地+建物),承德路三段１０８巷１７號三樓,20.75,住,,,1120817,土地1建物1車位0,三層,四層,公寓(5樓含以下無電梯),住家用,0601001,61.25,3,1,1,有,無,11780000,192327.0,,0.0,0,其他增建；,RPQNMLTLQHIGFBA28DA,61.25,0.0,0.0,無,,52.0
內湖區,房地(土地+建物),江南街７１巷７５弄２０號六樓,41.99,住,,,1120821,土地1建物1車位0,六層,七層,華廈(10層含以下有電梯),住家用,0730131,112.25,3,2,1,有,有,21000000,187082.0,,0.0,0,,RPXOMLLKRHIGFCA38DA,76.27,0.0,7.32,有,,40.0
中山區,房地(土地+建物)+車位,松江路２５巷５號四樓之１,5.91,住,,,1120812,土地1建物1車位1,四層,十一層,住宅大樓(11層含以上有電梯),住家用,0971118,32.97,0,1,1,有,有,12000000,332248.0,塔式車位,2.26,1800000,塔式車位位於地上1層。夾層；其他增建；,RPOOMLPKRHIGFCA87DA,16.87,2.19,0.0,有,,15.0
內湖區,房地(土地+建物),大湖山莊街２３巷６之２號三樓,25.69,住,,,1120817,土地1建物1車位0,三層,三層,公寓(5樓含以下無電梯),住家用,0840728,59.78,1,1,1,有,無,8000000,133824.0,,0.0,0,,RPRNMLTKRHIGFCA48DA,27.27,2.19,3.0,無,1788.0,28.0
內湖區,房地(土地+建物)+車位,金湖路３４７巷１２１弄３號三樓,101.64,住,,,1120813,土地1建物1車位1,三層,五層,華廈(10層含以下有電梯),住家用,0941219,229.15,4,2,2,有,有,45500000,225817.0,坡道平面,38.73,2500000,,RPQOMLTKRHIGFCA48DA,128.05,2.36,12.78,有,,18.0
中山區,房地(土地+建物),吉林路４０７巷２１號四樓,34.25,住,,,1120829,土地1建物1車位0,四層，陽台,四層,公寓(5樓含以下無電梯),住家用,0610910,93.68,3,2,1,有,無,18500000,197481.0,,0.0,0,頂樓加蓋；,RPVOMLKLRHIGFCA18DA,93.68,0.0,0.0,無,1793.0,51.0
信義區,房地(土地+建物),福德街２２１巷２弄７號,26.7,住,,,1120804,土地5建物1車位0,一層，平台,四層,公寓(5樓含以下無電梯),住家用,0651104,80.4,5,2,2,有,無,17400000,216418.0,,0.0,0,其他增建；,RPVNMLPLQHIGFDA58DA,80.4,0.0,0.0,無,1795.0,47.0
南港區,房地(土地+建物),重陽路４９９號八樓之４,18.52,住,,,1120805,土地1建物1車位0,八層,九層,華廈(10層含以下有電梯),住家用,0950418,43.61,1,1,1,有,有,11000000,252236.0,,0.0,0,,RPROMLLJRHIGFDA77DA,28.93,2.0,0.0,有,,17.0
南港區,房地(土地+建物)+車位,港東街９４號五樓,35.71,住,,,1120812,土地1建物1車位1,五層,七層,華廈(10層含以下有電梯),住家用,0960115,97.68,2,2,1,有,有,24500000,250819.0,坡道平面,0.0,2500000,陽台外推；,RPRNMLPJRHIGFDA08DA,51.89,0.69,5.4,有,,17.0
松山區,房地(土地+建物),南京東路五段２５１巷４１號四樓,35.0,住,,,1120830,土地1建物1車位0,四層，陽臺,四層,公寓(5樓含以下無電梯),住家用,0620109,93.99,3,2,2,有,無,22500000,239387.0,,0.0,0,,RPVNMLLKRHIGFDA18DA,93.99,0.0,0.0,無,,51.0
信義區,房地(土地+建物),信安街１２３號五樓,6.83,住,,,1120812,土地1建物1車位0,五層,七層,華廈(10層含以下有電梯),住家用,0790825,36.97,1,1,1,有,無,9030000,244252.0,,0.0,0,其他增建；,RPSNMLKLRHIGFDA87DA,20.88,3.12,3.7,有,1796.0,33.0
松山區,房地(土地+建物),健康路３７號七樓,34.97,住,,,1120819,土地1建物1車位0,七層,十三層,住宅大樓(11層含以上有電梯),住家用,0860728,156.52,3,2,2,有,有,39195000,250415.0,,0.0,0,公設車位先到先停無權狀無固定號碼,RPXNMLLLRHIGFDA48DA,87.55,2.58,7.93,有,,26.0
士林區,房地(土地+建物),文昌路１５４巷８號,73.0,住,,,1120813,土地1建物1車位0,全,二層,透天厝,住家用,0560929,100.7,4,2,2,有,無,28050000,278550.0,,0.0,0,其他增建；,RPUPMLLJRHIGFEA28DA,100.7,0.0,0.0,無,,56.0
士林區,房地(土地+建物),通河西街一段８５號,34.5,住,,,1120804,土地1建物1車位0,一層,四層,公寓(5樓含以下無電梯),住家用,0580728,84.24,3,2,2,有,無,16000000,189934.0,,0.0,0,其他增建；,RPPNMLSJRHIGFEA28DA,84.24,0.0,0.0,無,1797.0,54.0
士林區,房地(土地+建物),葫東街５號,18.75,住,,,1120825,土地2建物1車位0,一層，騎樓,四層,公寓(5樓含以下無電梯),住家用,0621114,65.57,1,2,1,有,無,14880000,226933.0,,0.0,0,其他增建；,RPTNMLSJRHIGFEA68DA,65.57,0.0,0.0,無,,50.0
北投區,房地(土地+建物),榮華一路１之９號五樓,9.92,住,,,1120813,土地1建物1車位0,五層,五層,華廈(10層含以下有電梯),住家用,0830909,45.45,1,1,1,有,無,10940000,240704.0,,0.0,0,夾層；,RPOOMLOKRHIGFEA97DA,28.62,2.47,2.03,有,1798.0,29.0
士林區,房地(土地+建物),德行東路３３８巷３５號六樓,40.93,住,,,1120813,土地1建物1車位0,六層,十二層,住宅大樓(11層含以上有電梯),住家用,0790825,170.16,4,2,2,有,有,35000000,205689.0,,0.0,0,,RPXNMLTKRHIGFEA66DA,120.71,3.33,15.9,有,,33.0
大安區,房地(土地+建物)+車位,仁愛路四段４０８巷１８號四樓,56.62,住,,,1120809,土地1建物1車位3,四層,十三層,住宅大樓(11層含以上有電梯),住家用,1011113,482.74,3,2,4,有,有,144000000,368019.0,坡道平面,126.78,13000000,,RPWNMLTKRHIGFFA66DA,207.31,13.03,18.98,有,1806.0,11.0
內湖區,房地(土地+建物),星雲街６８巷６號四樓,26.49,,,,1120814,土地4建物1車位0,四層,五層,公寓(5樓含以下無電梯),住家用,0691029,90.35,3,1,2,有,無,13500000,149419.0,,0.0,0,陽台外推；,RPTNMLKLRHIGFCA97EA,80.21,0.0,10.14,無,1808.0,43.0
內湖區,房地(土地+建物)+車位,民權東路六段２２２號九樓之１,38.53,住,,,1120812,土地2建物1車位1,九層,十一層,住宅大樓(11層含以上有電梯),住家用,0960731,152.85000000000002,3,2,1,有,有,32500000,254755.0,坡道平面,35.09,2500000,陽台外推；,RPUNMLKLRHIGFCA08EA,66.62,4.84,7.69,有,,16.0
中山區,房地(土地+建物),松江路２５２巷６弄２號一樓,32.0,住,,,1120823,土地1建物1車位0,一層,四層,公寓(5樓含以下無電梯),住家用,0610701,79.09,3,2,2,有,無,24000000,303452.0,,0.0,0,未登記建物；,RPPNMLMLRHIGFCA77EA,79.09,0.0,0.0,無,1810.0,51.0
松山區,房地(土地+建物),敦化北路１４５巷２３弄５號三樓之１,15.75,住,,,1120826,土地1建物1車位0,三層,七層,華廈(10層含以下有電梯),住家用,1100315,68.28,1,1,1,有,有,27680000,405390.0,,0.0,0,,RPUNMLSLQHIGFDA88EA,33.12,0.0,3.31,有,,2.0
信義區,房地(土地+建物),永吉路２２５巷３弄１８號,53.0,住,,,1120824,土地1建物1車位0,全,二層,透天厝,住家用,0510728,50.4,4,2,2,有,無,27000000,535714.0,,0.0,0,其他增建；,RPTNMLLLRHIGFDA18EA,50.4,0.0,0.0,無,1811.0,61.0
士林區,房地(土地+建物),承德路四段４０巷５０號五樓之４,12.82,住,,,1120828,土地1建物1車位0,四層,五層,公寓(5樓含以下無電梯),住家用,0591008,35.6,1,1,1,有,有,4850000,136236.0,,0.0,0,陽台外推；其他增建；,RPPNMLLLRHIGFEA87EA,32.4,1.85,1.35,無,,53.0
北投區,房地(土地+建物),文化三路７６號,39.11,,,,1120819,土地2建物1車位0,一層,七層,華廈(10層含以下有電梯),住家用,0750312,122.65,3,2,2,有,有,16600000,135344.0,,0.0,0,,RPRNMLLLRHIGFEA08EA,78.67,10.75,0.0,有,,37.0
北投區,房地(土地+建物),清江路９２號四樓,26.25,住,,,1120810,土地1建物1車位0,四層，陽台,四層,公寓(5樓含以下無電梯),住家用,0651229,83.21,3,2,1,有,無,11400000,137003.0,,0.0,0,頂樓加蓋；,RPSNMLLLRHIGFEA18EA,83.21,0.0,0.0,無,,47.0
士林區,房地(土地+建物),忠誠路一段１００巷１５弄１５號,28.16,住,,,1120831,土地5建物1車位0,一層,十五層,住宅大樓(11層含以上有電梯),住家用,0770711,134.51,3,2,2,有,有,33670000,250297.0,,0.0,0,其他增建；,RPWNMLLLRHIGFEA58EA,101.71,10.47,0.0,有,1812.0,35.0
文山區,房地(土地+建物),木新路二段２１１巷１０弄１５號四樓,33.84,住,,,1120816,土地1建物1車位0,四層,五層,公寓(5樓含以下無電梯),住家用,0850725,105.31,3,2,1,有,有,21000000,199411.0,,0.0,0,陽台外推；其他增建；,RPRNMLLLRHIGFAA57DA,70.08,1.77,8.43,無,1815.0,27.0
萬華區,房地(土地+建物)+車位,東園街６６巷２４弄１０號六樓,28.29,住,,,1120812,土地1建物1車位1,六層,十二層,住宅大樓(11層含以上有電梯),住家用,1060515,209.4,4,2,2,有,有,33500000,186321.0,坡道平面,41.41,2200000,,RPPOMLPJRHIGFBA77DA,99.61,12.39,10.01,有,1817.0,6.0
大同區,房地(土地+建物),民權西路１３３巷６弄１８號二樓,22.25,住,,,1120819,土地1建物1車位0,二層,四層,公寓(5樓含以下無電梯),住家用,0631118,77.62,3,2,1,有,無,16000000,206132.0,,0.0,0,陽台外推；,RPSOMLOKRHIGFBA08DA,71.92,0.0,5.7,無,,49.0
內湖區,房地(土地+建物),金龍路２２２巷１６號三樓之４,21.0,住,,,1120823,土地1建物1車位0,三層,十二層,住宅大樓(11層含以上有電梯),住家用,0821213,64.49000000000001,2,2,1,有,有,14060000,218018.0,,0.0,0,陽台外推；其他增建；,RPOQMLLKRHIGFCA67DA,44.28,0.0,10.46,有,1820.0,30.0
北投區,房地(土地+建物),中央北路三段２５２巷１０號三樓,24.61,住,,,1120823,土地2建物1車位0,三層,五層,公寓(5樓含以下無電梯),住家用,0730809,97.32,3,2,2,有,無,11000000,113029.0,,0.0,0,陽台外推；其他增建；,RPRPMLLJRHIGFEA97DA,80.41,0.0,13.92,無,,39.0
士林區,房地(土地+建物),福港街２６２巷１６號四樓,24.2,住,,,1120830,土地2建物1車位0,四層,五層,公寓(5樓含以下無電梯),住家用,0690110,101.1,3,2,2,有,無,16300000,161227.0,,0.0,0,陽台外推；其他增建；,RPUNMLPKRHIGFEA58DA,85.19,0.0,15.91,無,1825.0,44.0
大安區,房地(土地+建物)+車位,市民大道三段１８２號六樓,32.9,住,,,1120823,土地2建物1車位2,六層,二十三層,住宅大樓(11層含以上有電梯),住家用,1050111,321.67999999999995,5,2,3,有,有,115000000,396942.0,坡道平面,49.6,7000000,,RPRNMLLLRHIGFFA08DA,163.0,10.69,14.48,有,,8.0
大安區,房地(土地+建物),忠孝東路四段２１６巷２７弄３號五樓,39.66,住,,,1120813,土地2建物1車位0,五層，陽臺,七層,華廈(10層含以下有電梯),住家用,0651231,172.92,4,2,2,有,無,41848000,242008.0,,0.0,0,,RPSNMLMLRHIGFFA28DA,172.92,0.0,0.0,有,,47.0
文山區,房地(土地+建物),景興路１２０巷４號三樓,33.5,住,,,1120823,土地1建物1車位0,三層,四層,公寓(5樓含以下無電梯),住家用,0580607,105.95,3,2,1,有,無,22000000,207645.0,,0.0,0,具重建或重劃、都更等效益；,RPQNMLMLRHIGFAA67EA,105.95,0.0,0.0,無,1829.0,54.0
內湖區,房地(土地+建物)+車位,內湖路二段１７９巷３弄２７號七樓,33.47,住,,,1120819,土地1建物1車位1,七層,十層,華廈(10層含以下有電梯),住家用,0831117,163.79000000000002,2,2,2,有,有,29000000,177056.0,坡道平面,0.0,2500000,,RPSNMLLLRHIGFCA97EA,80.38,2.94,8.8,有,,29.0
士林區,房地(土地+建物),士東路２５巷８弄７號二樓,35.66,住,,,1120814,土地1建物1車位0,二層,五層,公寓(5樓含以下無電梯),住家用,0740107,134.82,4,1,2,有,無,22150000,164293.0,,0.0,0,,RPTNMLMLRHIGFEA38EA,111.83,0.0,10.52,無,,39.0
文山區,房地(土地+建物)+車位,萬盛街８９之８號五樓,13.44,住,,,1120804,土地1建物1車位1,五層,八層,華廈(10層含以下有電梯),住家用,1050816,105.91,3,2,1,有,有,21880000,206591.0,升降平面,0.0,2800000,夾層；其他增建；,RPOOMLPKRHIGFAA67DA,37.5,12.59,0.0,有,,7.0
文山區,房地(土地+建物),辛亥路四段７７巷６號七樓,28.98,住,,,1120818,土地3建物1車位0,七層,十層,華廈(10層含以下有電梯),住家用,0870731,113.17,3,2,2,有,有,21800000,192631.0,,0.0,0,,RPTNMLLLRHIGFAA77DA,75.69,1.91,7.24,有,,25.0
文山區,房地(土地+建物),仙岩路１６巷７０之１３號三樓,25.37,住,,,1120820,土地1建物1車位0,三層,三層,公寓(5樓含以下無電梯),住家用,0870327,45.85,1,1,1,有,有,8180000,178408.0,,0.0,0,,RPPNMLOLRHIGFAA67DA,31.84,0.0,3.33,無,,25.0
萬華區,房地(土地+建物),中華路二段１３２巷１８號四樓,21.32,住,,,1120825,土地1建物1車位0,四層,五層,公寓(5樓含以下無電梯),住家用,0700819,77.35,3,1,1,有,無,12000000,155139.0,,0.0,0,陽台外推；其他增建；,RPUOMLNLRHIGFBA28DA,67.2,0.0,10.15,無,,42.0
中山區,房地(土地+建物)+車位,民權東路二段７１巷８號十二樓之５,9.57,,,,1120822,土地1建物1車位1,十二層,十五層,住宅大樓(11層含以上有電梯),住家用,1120203,94.51,2,1,1,有,有,22920000,332688.0,升降平面,32.53,2300000,,RPPNMLNLQHIGFCA67DA,35.36,0.0,3.92,有,1836.0,1.0
內湖區,房地(土地+建物),成功路四段３２３巷２３號五樓,30.04,住,,,1120828,土地1建物1車位0,五層,五層,公寓(5樓含以下無電梯),住家用,0701228,91.05,2,2,1,有,無,17950000,197144.0,,0.0,0,,RPXNMLNKRHIGFCA48DA,78.15,0.0,12.9,無,1837.0,42.0
內湖區,房地(土地+建物)+車位,民權東路六段２４５巷１７號四樓,56.92,住,,,1120820,土地2建物1車位1,四層,七層,華廈(10層含以下有電梯),住家用,0970731,216.24,4,2,2,有,有,38300000,177118.0,坡道機械,17.85,0,陽台外推；,RPOOMLSKRHIGFCA18DA,111.14,9.99,17.17,有,1838.0,15.0
中山區,房地(土地+建物),安東街１９號三樓之５、三樓之６,12.52,住,,,1120826,土地1建物1車位0,三層,七層,華廈(10層含以下有電梯),住家用,0700905,60.84,1,2,1,有,有,14280000,234714.0,,0.0,0,陽台外推；,RPPPMLLLRHIGFCA77DA,38.33,0.0,7.1,有,,42.0
內湖區,房地(土地+建物)+車位,麗山街１０５巷１１號八樓,30.95,住,,,1120817,土地1建物1車位1,八層,十二層,住宅大樓(11層含以上有電梯),住家用,0850109,156.59,4,2,2,有,有,29300000,244997.0,坡道平面,45.16,2000000,陽台外推；,RPQNMLMLRHIGFCA77DA,132.49,0.68,9.85,有,,28.0
南港區,房地(土地+建物)+車位,成福路７４巷８號五樓之３,23.47,住,,,1120826,土地1建物1車位1,五層,七層,華廈(10層含以下有電梯),住家用,1060710,132.42000000000002,2,2,1,有,無,28200000,293544.0,坡道平面,45.21,2600000,,RPPOMLKMQHIGFDA67DA,45.45,4.19,4.83,有,,6.0
信義區,房地(土地+建物)+車位,松仁路２７５巷７號四樓,38.12,住,,,1120821,土地1建物1車位1,四層,十三層,住宅大樓(11層含以上有電梯),住家用,0940614,160.45,3,2,2,有,有,38500000,239950.0,坡道平面,0.0,0,陽台外推；其他增建；,RPOOMLOKRHIGFDA87DA,88.45,0.0,8.82,有,,18.0
信義區,房地(土地+建物),虎林街２１２巷１７號四樓,38.5,住,,,1120819,土地2建物1車位0,四層,四層,公寓(5樓含以下無電梯),住家用,0581101,86.35,3,1,1,有,無,13000000,150550.0,,0.0,0,頂樓加蓋；,RPUNMLNLRHIGFDA38DA,75.13,0.0,11.22,無,1839.0,54.0
士林區,房地(土地+建物),承德路四段２７２號三樓,30.64,住,,,1120815,土地1建物1車位0,三層,八層,華廈(10層含以下有電梯),住家用,0730801,162.7,4,2,2,有,有,26500000,162876.0,,0.0,0,隔間陽台外推；其他增建；,RPPNMLQJRHIGFEA08DA,116.6,0.0,15.22,有,1840.0,39.0
士林區,房地(土地+建物)+車位,忠誠路一段１２號六樓,53.0,住,,,1120810,土地2建物1車位3,六層,十三層,住宅大樓(11層含以上有電梯),住家用,0950113,469.46,4,2,4,有,有,120000000,337756.0,坡道平面,140.82,9000000,陽台外推；其他增建；,RPTNMLMKRHIGFEA18DA,186.6,6.13,21.27,有,,18.0
北投區,房地(土地+建物),中山北路七段２１９巷３弄１２７號五樓,28.07,住,,,1120822,土地1建物1車位0,五層,七層,華廈(10層含以下有電梯),住家用,0731027,136.86,3,2,2,有,有,18680000,136490.0,,0.0,0,陽台外推；,RPXNMLMKRHIGFEA58DA,113.48,0.0,11.51,有,,39.0
萬華區,房地(土地+建物),國興路１６號七樓,16.78,住,,,1120826,土地1建物1車位0,七層,十二層,住宅大樓(11層含以上有電梯),住家用,0680403,59.84,2,2,1,有,有,12500000,208890.0,,0.0,0,陽台外推；其他增建；,RPTNMLNLRHIGFBA18EA,52.57,0.0,7.27,有,,44.0
內湖區,房地(土地+建物)+車位,民權東路六段１８０巷１５０號六樓之２,26.07,住,,,1120822,土地1建物1車位2,六層,十一層,住宅大樓(11層含以上有電梯),住家用,1000221,216.23,2,2,2,有,有,34120000,157795.0,坡道平面,0.0,0,,RPQNMLMLRHIGFCA87EA,76.89,1.23,10.3,有,,13.0
信義區,房地(土地+建物),忠孝東路四段５５３巷３６號二樓,28.42,住,,,1120814,土地1建物1車位0,二層,五層,公寓(5樓含以下無電梯),住家用,0570712,51.98,3,2,1,有,無,17880000,343978.0,,0.0,0,,RPPNMLPLRHIGFDA18EA,51.98,0.0,0.0,無,,55.0
中正區,房地(土地+建物),廈門街９９巷３５之４號三樓,39.28,住,,,1120806,土地1建物1車位0,三層,四層,公寓(5樓含以下無電梯),住家用,0570212,91.68,3,2,1,有,無,20300000,221422.0,,0.0,0,其他增建；,RPQNMLQJQHIGFAA67DA,91.68,0.0,0.0,無,,55.0
文山區,房地(土地+建物),興隆路三段１１２巷２弄３３號四樓,25.49,住,,,1120830,土地1建物1車位0,四層,五層,公寓(5樓含以下無電梯),住家用,0690201,84.2,3,2,1,有,有,14000000,166271.0,,0.0,0,,RPTNMLLMQHIGFAA77DA,74.87,0.0,9.33,無,,44.0
文山區,房地(土地+建物)+車位,興隆路四段２之１號七樓,32.82,住,,,1120823,土地1建物1車位2,七層，八層,十五層,住宅大樓(11層含以上有電梯),住家用,1060112,270.61,3,3,2,有,有,40060000,148036.0,塔式車位,55.78,0,,RPOOMLNKRHIGFAA47DA,125.18,12.16,7.13,有,,7.0
萬華區,房地(土地+建物)+車位,青年路１５２巷２號十三樓之１,45.63,住,,,1120819,土地4建物1車位1,十三層,十四層,住宅大樓(11層含以上有電梯),住家用,0970103,213.45,3,2,2,有,有,39880000,186835.0,坡道平面,0.0,0,陽台外推；其他增建；,RPUOMLMLQHIGFBA08DA,116.43,0.0,10.92,有,1844.0,16.0
萬華區,房地(土地+建物),萬大路２７７巷４６號九樓之４,23.6,住,,,1120810,土地1建物1車位0,九層,十二層,住宅大樓(11層含以上有電梯),住家用,0711027,99.18,3,2,1,有,有,15600000,157290.0,,0.0,0,其他增建；,RPWNMLNLQHIGFBA28DA,69.63,0.0,6.91,有,,41.0
萬華區,房地(土地+建物),中華路二段５００號五樓,16.78,住,,,1120822,土地1建物1車位0,五層,十二層,住宅大樓(11層含以上有電梯),住家用,0680403,59.84,2,1,1,有,有,14300000,238971.0,,0.0,0,,RPPOMLMLRHIGFBA67DA,52.57,0.0,7.27,有,1846.0,44.0
內湖區,房地(土地+建物)+車位,成功路二段１１５巷５號六樓之２,14.97,住,,,1120815,土地1建物2車位1,六層,十一層,住宅大樓(11層含以上有電梯),住家用,1110510,124.96,2,1,1,有,有,27780000,298219.0,坡道平面,40.19,2500000,,RPQNMLSLQHIGFCA28DA,46.59,4.87,8.12,有,,1.0
內湖區,房地(土地+建物),陽光街９２巷７弄２號,28.69,住,,,1120815,土地1建物1車位0,一層,五層,公寓(5樓含以下無電梯),住家用,0720725,94.19,0,0,0,無,無,25120000,266695.0,,0.0,0,其他增建；,RPROMLTLQHIGFCA58DA,84.27,9.92,0.0,無,,40.0
內湖區,房地(土地+建物),康寧路一段２９０號八樓之１,14.49,,,,1120808,土地4建物1車位0,八層,十二層,住宅大樓(11層含以上有電梯),住家用,0801021,50.43,1,1,1,有,有,11480000,227642.0,,0.0,0,陽台外推；其他增建；,RPQPMLLJRHIGFCA67DA,27.95,2.8,4.68,有,1847.0,32.0
內湖區,房地(土地+建物),文德路２２巷１２６號,38.38,住,,,1120813,土地1建物1車位0,一層,七層,華廈(10層含以下有電梯),住家用,0730131,140.89,2,2,2,有,有,26500000,188090.0,,0.0,0,前後平台外推加窗為室內使用,RPUNMLKLRHIGFCA97DA,92.34,18.44,0.0,有,,40.0
內湖區,房地(土地+建物),成功路四段２２８號五樓,24.18,住,,,1120818,土地1建物1車位0,五層,五層,公寓(5樓含以下無電梯),住家用,0740712,83.19,5,5,5,有,無,16600000,199543.0,,0.0,0,本案內部現為隔間套房，隔間數量以主建物5樓為計算基準。頂樓加蓋；,RPVNMLMLRHIGFCA28DA,74.96,0.0,8.23,無,1850.0,38.0
內湖區,房地(土地+建物)+車位,行善路１９５號六樓,38.82,住,,,1120823,土地2建物1車位1,六層,十五層,住宅大樓(11層含以上有電梯),住家用,1101125,230.41000000000005,2,1,2,有,有,58000000,276966.0,坡道平面,31.83,3000000,,RPWNMLMLRHIGFCA38DA,120.5,0.0,10.93,有,1851.0,2.0
內湖區,房地(土地+建物)+車位,行善路１９３號六樓,20.45,住,,,1120823,土地2建物1車位1,六層,十五層,住宅大樓(11層含以上有電梯),住家用,1101125,134.04000000000002,3,1,1,有,有,30880000,272772.0,坡道平面,31.83,3000000,,RPXNMLMLRHIGFCA48DA,63.34,0.0,3.8,有,1852.0,2.0
南港區,房地(土地+建物)+車位,三重路４１巷２７號三樓,16.46,住,,,1120811,土地1建物1車位1,三層,十三層,住宅大樓(11層含以上有電梯),住家用,1111129,114.38,2,2,1,有,有,29560000,293434.0,坡道機械,21.48,2300000,,RPSOMLLJRHIGFDA87DA,55.1,0.0,4.86,有,1854.0,1.0
南港區,房地(土地+建物),忠孝東路六段１３０號八樓之５,6.13,住,,,1120827,土地1建物1車位0,八層,十四層,住宅大樓(11層含以上有電梯),住家用,1000110,50.2,1,1,1,有,有,16120000,321116.0,,0.0,0,陽台外推；夾層；其他增建；,RPRNMLNKRHIGFDA97DA,24.38,0.47,6.33,有,1855.0,13.0
松山區,房地(土地+建物),南京東路五段２５０巷３６弄３１之１號二樓,31.75,住,,,1120818,土地1建物1車位0,二層，陽台,四層,公寓(5樓含以下無電梯),住家用,0640612,99.27,3,2,2,有,無,18100000,182331.0,,0.0,0,,RPQNMLNLRHIGFDA97DA,99.27,0.0,0.0,無,,48.0
士林區,房地(土地+建物),士東路４６巷２號二樓,22.06,住,,,1120808,土地1建物1車位0,二層,五層,公寓(5樓含以下無電梯),住家用,0820805,66.25,2,0,1,有,無,13166000,198732.0,,0.0,0,陽台外推；其他增建；,RPSNMLLLQHIGFEA97DA,58.9,0.0,3.2,無,,30.0
士林區,房地(土地+建物),承德路四段８０巷５０號四樓,38.3,住,,,1120811,土地2建物1車位0,四層,五層,公寓(5樓含以下無電梯),住家用,0740706,141.95999999999998,3,2,2,有,無,22880000,161172.0,,0.0,0,陽台外推；其他增建；,RPUNMLSJRHIGFEA78DA,117.61,0.97,11.9,無,,38.0
北投區,房地(土地+建物)+車位,稻香路２４３號五樓,57.12,住,,,1120802,土地1建物1車位1,五層,五層,華廈(10層含以下有電梯),住家用,1101015,140.01,3,2,2,有,有,21680000,198567.0,坡道平面,40.9,2000000,含家電含裝潢費；,RPRNMLKLRHIGFEA87DA,55.51,4.08,4.98,有,,2.0
大安區,房地(土地+建物)+車位,光復南路２９０巷２８號七樓,32.99,住,,,1120801,土地1建物1車位1,七層,十四層,住宅大樓(11層含以上有電梯),住家用,1010613,242.33,2,2,2,有,有,87120000,368780.0,坡道平面,19.65,5000000,陽台外推；其他增建；,RPRNMLPKRHIGFFA38DA,122.35,0.0,13.7,有,1859.0,11.0
信義區,房地(土地+建物),光復南路４１７巷１８３號三樓,22.71,住,,,1120821,土地1建物1車位0,三層,六層,華廈(10層含以下有電梯),住家用,0720929,116.6,2,2,2,有,無,34800000,298456.0,,0.0,0,陽台外推；,RPRNMLPLRHIGFDA38EA,92.87,0.0,19.18,有,1861.0,40.0
北投區,房地(土地+建物),溫泉路７８號七樓,11.35,住,,,1120811,土地2建物1車位0,七層,七層,華廈(10層含以下有電梯),住家用,0660607,43.46,1,1,1,有,有,5960000,137138.0,,0.0,0,,RPRNMLQLRHIGFEA58EA,38.72,0.0,4.74,有,,46.0
中正區,房地(土地+建物),汀州路二段２２６號二樓,29.5,住,,,1120821,土地1建物1車位0,二層，陽台,四層,公寓(5樓含以下無電梯),住家用,0610125,81.4,0,0,0,無,無,16350000,200860.0,,0.0,0,陽台外推；,RPOOMLKMQHIGFAA27DA,81.4,0.0,0.0,無,,52.0
文山區,房地(土地+建物),興隆路二段２４４巷３４號三樓,28.75,住,,,1120814,土地1建物1車位0,三層，陽臺,四層,公寓(5樓含以下無電梯),住家用,0610825,71.46,3,1,1,有,無,12800000,179121.0,,0.0,0,陽台外推；其他增建；,RPWNMLSJRHIGFAA58DA,71.46,0.0,0.0,無,,51.0
文山區,房地(土地+建物),辛亥路五段１１０號二樓,21.57,住,,,1120826,土地1建物1車位0,二層,五層,公寓(5樓含以下無電梯),住家用,0700605,90.9,3,2,1,有,無,13070000,143784.0,,0.0,0,陽台外推；其他增建；,RPUNMLLKRHIGFAA77DA,82.2,0.0,8.7,無,,42.0
中正區,建物,忠孝東路一段８６號十樓,0.0,,,,1120805,土地0建物1車位0,十層,十四層,住宅大樓(11層含以上有電梯),住家用,0900913,132.95999999999998,3,2,2,有,有,17300000,130114.0,,0.0,0,本案僅有建物交易，無土地持分移轉。；建物坐落地號僅設定地上權無所有權：成功段二小段79地號；陽台外推；,RPUQMLRJRHIGFBA68DA,70.18,5.71,7.52,有,,22.0
大同區,房地(土地+建物),延平北路四段１７９巷１號四樓,25.0,住,,,1120810,土地1建物1車位0,四層,四層,公寓(5樓含以下無電梯),住家用,0581001,84.21,3,2,1,有,無,12800000,152001.0,,0.0,0,頂樓加蓋；,RPTNMLOKRHIGFBA08DA,84.21,0.0,0.0,無,1864.0,54.0
南港區,房地(土地+建物)+車位,研究院路二段８８號十二樓之３,45.42,住,,,1120814,土地1建物1車位2,十二層,十三層,住宅大樓(11層含以上有電梯),住家用,1020603,288.84,4,2,2,有,有,51940000,181498.0,坡道平面,33.52,5600000,,RPXOMLLJRHIGFDA38DA,139.5,10.19,14.38,有,,10.0
松山區,房地(土地+建物),光復北路１１巷６３號二樓,22.57,住,,,1120819,土地3建物1車位0,二層,七層,華廈(10層含以下有電梯),住家用,0700216,110.38,5,0,5,有,無,28080000,254394.0,,0.0,0,陽台外推；其他增建；,RPPNMLPJRHIGFDA87DA,97.96,0.0,12.42,有,,43.0
南港區,房地(土地+建物)+車位,研究院路二段８８號十二樓之２,44.89,住,,,1120814,土地1建物1車位2,十二層,十三層,住宅大樓(11層含以上有電梯),住家用,1020603,285.56,4,2,2,有,有,51770000,181500.0,坡道平面,31.18,5600000,,RPSOMLQJRHIGFDA38DA,139.02,10.18,14.26,有,1868.0,10.0
松山區,房地(土地+建物),敦化南路一段５７號八樓之１２,14.79,住,,,1120825,土地4建物1車位0,八層,十二層,住宅大樓(11層含以上有電梯),住家用,0660110,111.61,3,2,2,有,有,33200000,297464.0,,0.0,0,陽台外推；其他增建；,RPRNMLMKRHIGFDA87DA,81.92,0.0,13.94,有,,47.0
信義區,房地(土地+建物)+車位,嘉興街３２２號十二樓之２,21.18,住,,,1120820,土地3建物1車位1,十二層,十六層,住宅大樓(11層含以上有電梯),住家用,0840216,229.43,4,2,2,有,有,45000000,233068.0,坡道平面,47.08,2500000,陽台外推；其他增建；,RPTNMLPLRHIGFDA48DA,191.33,1.64,18.92,有,,29.0
信義區,房地(土地+建物),忠孝東路五段７４３巷１弄１９號,24.5,住,,,1120830,土地1建物1車位0,一層，平台,四層,公寓(5樓含以下無電梯),住家用,0611125,69.27,2,1,1,有,無,22700000,327703.0,,0.0,0,,RPWNMLQLRHIGFDA88DA,69.27,0.0,0.0,無,,51.0
士林區,房地(土地+建物),芝玉路一段２１０之１號五樓,31.71,住,,,1120814,土地1建物1車位0,五層,五層,公寓(5樓含以下無電梯),住家用,0730808,117.65,3,2,2,有,無,17620000,149766.0,,0.0,0,陽台外推；頂樓加蓋；,RPOPMLQKQHIGFEA18DA,90.73,15.35,11.57,無,,39.0
士林區,房地(土地+建物)+車位,基河路２５１巷３２號六樓,43.96,住,,,1120812,土地1建物1車位1,六層,七層,華廈(10層含以下有電梯),住家用,1030912,209.5,3,2,2,有,有,43000000,205251.0,升降平面,46.39,0,,RPPNMLQLRHIGFEA28DA,98.34,0.0,10.07,有,1871.0,9.0
大安區,房地(土地+建物),仁愛路四段４２５號十二樓,17.59,住,,,1120827,土地1建物1車位0,十二層,十四層,住宅大樓(11層含以上有電梯),住家用,0710227,147.98,4,2,2,有,有,47000000,317610.0,,0.0,0,,RPXNMLLJRHIGFFA48DA,106.32,0.0,21.94,有,,42.0
中正區,房地(土地+建物),師大路２１２號四樓之１,7.28,住,,,1120815,土地1建物1車位0,四層,十三層,住宅大樓(11層含以上有電梯),住家用,0991027,54.06999999999999,0,1,1,有,有,14880000,275199.0,,0.0,0,陽台外推；,RPQOMLKKLHIGFAA86EA,30.8,1.27,3.23,有,,13.0
萬華區,房地(土地+建物)+車位,環河南路一段１１１號十樓之１,36.56,住,,,1120811,土地1建物1車位2,十層,二十三層,住宅大樓(11層含以上有電梯),住家用,1031107,281.26,4,2,2,有,有,41800000,148617.0,坡道平面,0.0,0,,RPPNMLQLRHIGFBA08EA,116.72,16.93,9.2,有,,9.0
士林區,房地(土地+建物),福華路１４７巷３１號二樓,27.0,住,,,1120829,土地1建物1車位0,二層,四層,公寓(5樓含以下無電梯),住家用,0610713,81.26,3,2,1,有,有,15500000,190746.0,,0.0,0,,RPQNMLRLRHIGFEA58EA,81.26,0.0,0.0,無,,51.0
文山區,房地(土地+建物)+車位,興隆路四段１４５巷８３弄２號二樓,21.67,住,,,1120805,土地1建物1車位1,二層,七層,華廈(10層含以下有電梯),住家用,0870730,111.03,3,2,2,有,有,16880000,152031.0,升降機械,0.0,0,陽台外推；,RPSNMLOLQHIGFAA87DA,67.05,5.25,7.04,有,,25.0
文山區,房地(土地+建物)+車位,政大三街１１２號二樓,76.25,住,,,1120807,土地1建物1車位1,二層,五層,華廈(10層含以下有電梯),住家用,0990106,186.07,3,2,2,有,有,27500000,157672.0,坡道平面,25.61,2200000,,RPQNMLRLRHIGFAA08DA,98.68,9.41,10.48,有,,14.0
萬華區,房地(土地+建物),青年路１７８巷７０號四樓,13.42,住,,,1120827,土地1建物1車位0,四層，陽臺,五層,公寓(5樓含以下無電梯),住家用,0640523,44.83,2,1,1,有,無,6450000,143877.0,,0.0,0,其他增建；,RPSOMLQLRHIGFBA38DA,38.71,0.0,0.0,無,,48.0
萬華區,房地(土地+建物),德昌街１８５巷１２弄１１之１號四樓,27.95,住,,,1120819,土地3建物1車位0,四層,五層,公寓(5樓含以下無電梯),住家用,0701126,106.76,3,2,2,有,無,13580000,127201.0,,0.0,0,,RPROMLRLRHIGFBA38DA,85.26,0.0,9.06,無,,42.0
內湖區,房地(土地+建物)+車位,內湖路一段９１巷５７號九樓之２,27.02,住,,,1120818,土地1建物1車位1,九層,十一層,住宅大樓(11層含以上有電梯),住家用,0921205,133.21,2,2,2,有,有,27680000,207792.0,坡道機械,19.07,0,陽台外推；夾層；,RPPNMLQJRHIGFCA87DA,68.18,4.01,7.35,有,,20.0
內湖區,房地(土地+建物)+車位,民權東路六段２８０巷４８號八樓,34.05,住,,,1120807,土地2建物1車位1,八層,十二層,住宅大樓(11層含以上有電梯),住家用,0980122,230.87,4,1,2,有,有,52580000,242908.0,坡道平面,26.76,3000000,,RPVNMLPLRHIGFCA58DA,112.34,12.73,10.61,有,,15.0
內湖區,房地(土地+建物),康寧路三段１８９巷７３弄２３號五樓,31.14,住,,,1120812,土地1建物1車位0,五層,五層,公寓(5樓含以下無電梯),住家用,0740103,115.91,4,2,2,有,無,17530000,151238.0,,0.0,0,頂樓加蓋；,RPOOMLQLRHIGFCA08DA,93.86,0.0,12.43,無,,39.0
內湖區,房地(土地+建物)+車位,康寧路三段１８９巷７３弄２３號,34.08,住,,,1120827,土地1建物1車位1,一層,五層,公寓(5樓含以下無電梯),住家用,0740103,126.96,3,2,2,有,無,21500000,169345.0,一樓平面,12.43,0,,RPVNMLRLRHIGFCA78DA,93.86,12.43,0.0,無,,39.0
松山區,房地(土地+建物)+車位,三民路４３巷１５號十一樓之１,46.63,住,,,1120813,土地1建物1車位1,十一層,十二層,住宅大樓(11層含以上有電梯),住家用,0931020,242.38,4,2,2,有,有,54600000,225266.0,坡道平面,0.0,0,,RPWNMLQKQHIGFDA68DA,116.88,2.71,11.61,有,,19.0
南港區,房地(土地+建物),福德街３７３巷１９號十七樓,29.6,住,,,1120805,土地1建物1車位0,十七層,十八層,住宅大樓(11層含以上有電梯),住家用,0870521,175.14999999999998,4,2,2,有,有,29500000,168427.0,,0.0,0,陽台外推；其他增建；,RPWNMLNLQHIGFDA48DA,96.64,0.0,8.46,有,,25.0
信義區,房地(土地+建物),松山路５１５巷２弄３１號三樓,27.5,住,,,1120822,土地1建物1車位0,三層，露台,四層,公寓(5樓含以下無電梯),住家用,0600220,79.03,3,2,1,有,無,17500000,221435.0,,0.0,0,,RPPOMLLJRHIGFDA57DA,79.03,0.0,0.0,無,,53.0
信義區,房地(土地+建物),吳興街２８４巷５之３號二樓,35.0,住,,,1120821,土地1建物1車位0,二層,五層,公寓(5樓含以下無電梯),住家用,0750430,105.35,3,2,2,有,無,19600000,186047.0,,0.0,0,其他增建；,RPOOMLLKRHIGFDA57DA,77.83,0.0,7.7,無,,37.0
北投區,房地(土地+建物),建民路３８號四樓,36.27,住,,,1120813,土地1建物1車位0,四層,五層,公寓(5樓含以下無電梯),住家用,0700914,125.55,3,2,2,有,無,19000000,151334.0,,0.0,0,陽台外推；其他增建；,RPVNMLSJRHIGFEA88DA,89.07,0.0,34.08,無,,42.0
北投區,房地(土地+建物),杏林三路１４號五樓,30.26,住,,,1120829,土地1建物1車位0,五層,五層,公寓(5樓含以下無電梯),住家用,0780907,86.66,3,2,2,有,無,10000000,115393.0,,0.0,0,,RPTNMLKLRHIGFEA08DA,69.99,0.0,7.83,無,,34.0
士林區,房地(土地+建物)+車位,承德路四段３５號十四樓,29.55,住,,,1120825,土地1建物1車位1,十四層,十六層,住宅大樓(11層含以上有電梯),住家用,0860115,164.39,3,2,3,有,有,31580000,192104.0,坡道平面,0.0,0,其他增建；,RPUNMLMLRHIGFEA38DA,94.41,2.88,10.66,有,,27.0
士林區,房地(土地+建物),克強路１０巷９弄２５號,37.75,住,,,1120827,土地2建物1車位0,一層,四層,公寓(5樓含以下無電梯),住家用,0670127,99.2,3,4,2,有,無,29800000,300403.0,,0.0,0,其他增建；,RPWNMLMLRHIGFEA58DA,83.04,16.16,0.0,無,,46.0
文山區,房地(土地+建物),試院路１５４巷２弄２５號三樓,29.83,住,,,1120818,土地1建物1車位0,三層,四層,公寓(5樓含以下無電梯),住家用,0750321,96.71,4,2,2,有,有,9400000,97198.0,,0.0,0,其他增建；,RPWNMLPLQHIGFAA38DA,82.56,0.0,9.78,無,,37.0
文山區,房地(土地+建物),汀州路四段２１１號四樓,41.12,住,,,1120816,土地1建物1車位0,四層,十四層,住宅大樓(11層含以上有電梯),住家用,0991105,213.1,4,2,2,有,有,41180000,193243.0,,0.0,0,兩年抽一次車位，目前B2-77號,RPSNMLRLRHIGFAA28DA,116.82,0.0,11.93,有,,13.0
萬華區,房地(土地+建物)+車位,青年路１５２巷２４號七樓之２,37.7,住,,,1120810,土地4建物1車位1,七層,十四層,住宅大樓(11層含以上有電梯),住家用,0970103,176.57,3,2,2,有,有,31680000,179419.0,坡道平面,0.0,0,其他增建；,RPTOMLSLQHIGFBA58DA,96.09,0.0,9.34,有,,16.0
中正區,房地(土地+建物),濟南路二段１３號四樓,37.75,住,,,1120812,土地2建物1車位0,四層,七層,華廈(10層含以下有電梯),住家用,0691129,189.05,4,2,2,有,有,55800000,295160.0,,0.0,0,其他增建；,RPXNMLKMQHIGFBA18DA,163.49,0.0,17.61,有,,43.0
中正區,房地(土地+建物)+車位,連雲街６巷８號三樓之３,13.87,住,,,1120830,土地1建物1車位1,三層,八層,華廈(10層含以下有電梯),住家用,0930917,104.56,3,2,2,有,有,26880000,392085.0,坡道平面,44.94,3500000,夾層；其他增建；,RPSPMLOJRHIGFBA08DA,38.48,0.0,0.0,有,,19.0
中正區,房地(土地+建物),臨沂街７１巷１９弄９號,47.0,住,,,1120821,土地1建物2車位0,一層,六層,華廈(10層含以下有電梯),住家用,0600720,242.55,3,2,3,有,無,58280000,240280.0,,0.0,0,其他增建；,RPWNMLKLRHIGFBA08DA,242.55,0.0,0.0,有,,52.0
萬華區,房地(土地+建物),萬大路４２３巷３２弄１１號四樓,36.01,住,,,1120822,土地1建物1車位0,四層,十三層,住宅大樓(11層含以上有電梯),住家用,0870824,157.91,3,2,2,有,有,25000000,158318.0,,0.0,0,其他增建；,RPPNMLMLRHIGFBA57DA,81.72,1.53,7.59,有,,25.0
萬華區,房地(土地+建物),國興路１巷１１之２號,15.97,住,,,1120823,土地1建物1車位0,一層,十二層,住宅大樓(11層含以上有電梯),住家用,0710702,60.36,2,1,1,有,有,9800000,162359.0,,0.0,0,,RPQOMLRLRHIGFBA28DA,42.12,3.57,0.0,有,344.0,41.0
中山區,房地(土地+建物),民生東路二段９３巷１５號十樓,34.82,住,,,1120826,土地1建物1車位0,十層,十三層,住宅大樓(11層含以上有電梯),住家用,1101201,205.26,4,2,3,有,有,61000000,297184.0,,0.0,0,,RPWNMLRJRHIGFCA68DA,123.86,9.11,13.0,有,,2.0
內湖區,房地(土地+建物),文德路２２巷１６弄３２號四樓,24.94,住,,,1120828,土地1建物1車位0,四層,五層,公寓(5樓含以下無電梯),住家用,0711231,94.51,3,2,2,有,無,18380000,194477.0,,0.0,0,其他增建；,RPTOMLMKRHIGFCA08DA,79.07,6.66,2.1,無,1886.0,41.0
中山區,房地(土地+建物),北安路６０８巷３號二樓之４,19.53,住,,,1120827,土地1建物1車位0,二層,六層,華廈(10層含以下有電梯),住家用,0661104,79.44,2,1,1,有,有,21080000,265358.0,,0.0,0,,RPTOMLPKRHIGFCA38DA,72.9,0.0,6.54,有,,46.0
內湖區,房地(土地+建物),內湖路一段９１巷３９弄４１號五樓,22.96,住,,,1120826,土地1建物1車位0,五層,七層,華廈(10層含以下有電梯),住家用,0841215,75.32,2,2,1,有,有,18600000,246946.0,,0.0,0,,RPQOMLQLRHIGFCA28DA,55.77,1.46,6.32,有,,28.0
松山區,房地(土地+建物),南京東路三段３０３巷２２號四樓,22.55,住,,,1120825,土地1建物1車位0,四層,七層,華廈(10層含以下有電梯),住家用,0741129,137.93,3,2,2,有,有,43680000,316682.0,,0.0,0,陽台外推；,RPVNMLTLQHIGFDA98DA,99.46,0.0,21.36,有,,38.0
松山區,房地(土地+建物),八德路三段７１巷１１號三樓,25.5,住,,,1120827,土地2建物1車位0,三層,四層,公寓(5樓含以下無電梯),住家用,0561124,52.54,2,2,1,有,無,10500000,199848.0,,0.0,0,,RPPNMLPLRHIGFDA08DA,52.54,0.0,0.0,無,,56.0
士林區,房地(土地+建物),中山北路七段１４０巷７號,42.9,住,,,1120814,土地1建物1車位0,一層,七層,華廈(10層含以下有電梯),住家用,0740228,211.27,6,3,2,有,有,33600000,159038.0,,0.0,0,其他增建；,RPOOMLOKQHIGFEA87DA,100.34,104.26,0.0,有,,38.0
士林區,房地(土地+建物),福德路５７巷１３號,69.27,住,,,1120811,土地2建物1車位0,全,二層,透天厝,住家用,0520627,114.74,5,2,2,有,無,28000000,244030.0,,0.0,0,其他增建；,RPWNMLRLRHIGFEA09DA,114.74,0.0,0.0,無,,60.0
北投區,房地(土地+建物)+車位,稻香路１６２號二樓,82.59,住,,,1120822,土地1建物1車位1,二層,五層,華廈(10層含以下有電梯),住家用,1060815,291.15,4,2,3,有,有,34750000,123297.0,坡道平面,23.91,1800000,,RPPOMLRLRHIGFEA48DA,154.68,6.88,22.24,有,1889.0,6.0
北投區,房地(土地+建物)+車位,三合街一段６７號七樓,44.72,住,,,1120823,土地1建物1車位2,七層,九層,華廈(10層含以下有電梯),住家用,1031119,302.65,3,2,2,有,有,63500000,261650.0,坡道平面,80.98,5500000,,RPROMLRLRHIGFEA68DA,127.8,6.97,13.52,有,1890.0,9.0
大安區,房地(土地+建物)+車位,延吉街１６１號三樓之１,12.68,住,,,1120805,土地1建物1車位1,三層,五層,公寓(5樓含以下無電梯),住家用,0851210,77.62,1,0,1,有,無,17000000,219016.0,升降機械,0.0,1500000,其他增建；,RPPNMLPKQHIGFFA08DA,24.37,9.86,3.8,無,,27.0
士林區,房地(土地+建物),延平北路五段２７６巷１２號,27.75,住,,,1120828,土地1建物1車位0,三層,四層,公寓(5樓含以下無電梯),住家用,0610908,50.98,2,1,1,有,無,6800000,133386.0,,0.0,0,,RPUNMLSLRHIGFEA09EA,50.98,0.0,0.0,無,,51.0
士林區,房地(土地+建物),中山北路六段２１０號四樓,19.8,住,,,1120802,土地1建物1車位0,四層,五層,公寓(5樓含以下無電梯),住家用,0700810,71.07,2,2,1,有,無,15980000,224849.0,,0.0,0,陽台外推；,RPPNMLMJIIIGFEA96EA,61.71,0.0,9.36,無,,42.0
文山區,房地(土地+建物),景華街１２１巷１４弄８號三樓,38.36,住,,,1120820,土地1建物1車位0,三層,四層,公寓(5樓含以下無電梯),住家用,0630109,114.23,3,2,2,有,無,19000000,166331.0,,0.0,0,陽台外推；其他增建；,RPQNMLSJRHIGFAA97DA,103.0,0.0,11.23,無,,50.0
文山區,房地(土地+建物)+車位,指南路三段７１號二樓之１,25.69,住,,,1120827,土地1建物1車位1,二層,七層,華廈(10層含以下有電梯),住家用,0840509,104.76,2,2,1,有,有,13580000,129630.0,坡道平面,0.0,2000000,其他增建；,RPSNMLNKRHIGFAA77DA,80.15,0.62,7.26,有,,28.0
大同區,房地(土地+建物),延平北路三段１８巷１２之２號,26.25,住,,,1120831,土地1建物1車位0,三層,四層,公寓(5樓含以下無電梯),住家用,0610308,74.0,3,2,1,有,無,13000000,175676.0,,0.0,0,其他增建；,RPRNMLLLRHIGFBA67DA,74.0,0.0,0.0,無,,51.0
萬華區,房地(土地+建物),德昌街１８５巷３４號二樓,33.72,住,,,1120826,土地2建物1車位0,二層,五層,公寓(5樓含以下無電梯),住家用,0690201,117.45,3,2,1,有,無,15500000,131971.0,,0.0,0,陽台外推；,RPWNMLNLRHIGFBA38DA,100.59,0.0,16.86,無,,44.0
中山區,房地(土地+建物)+車位,北安路８４１巷２４弄９號四樓,29.15,住,,,1120818,土地2建物1車位1,四層,五層,公寓(5樓含以下無電梯),住家用,0770930,151.15,2,3,1,有,無,24850000,164406.0,坡道平面,48.38,0,陽台外推；其他增建；,RPWOMLSJRHIGFCA88DA,93.31,0.0,9.46,無,,35.0
內湖區,房地(土地+建物),文德路２１０巷３０弄１０２號十樓之２,15.72,住,,,1120819,土地1建物1車位0,十層,十四層,住宅大樓(11層含以上有電梯),住家用,0911031,91.35,2,2,1,有,有,25510000,279256.0,,0.0,0,陽台外推；,RPVNMLLKRHIGFCA08DA,55.01,0.0,7.58,有,,21.0
內湖區,房地(土地+建物),康樂街１８６巷１弄１３號二樓,44.23,住,,,1120825,土地1建物1車位0,二層,五層,公寓(5樓含以下無電梯),住家用,0761128,126.73,3,2,2,有,有,16800000,132565.0,,0.0,0,其他增建；,RPOOMLLKRHIGFCA47DA,100.47,0.74,11.82,無,,36.0
內湖區,房地(土地+建物)+車位,康樂街１８６巷３２號四樓之４,18.29,住,,,1120818,土地1建物1車位1,四層,七層,華廈(10層含以下有電梯),住家用,0880128,77.52000000000001,2,1,1,有,有,12430000,160346.0,升降機械,0.0,0,,RPPNMLMJIIIGFCA66DA,41.37,1.66,3.49,有,,25.0
松山區,房地(土地+建物)+車位,三民路４３巷１０號三樓之３,43.28,住,,,1120831,土地1建物1車位1,三層,十四層,住宅大樓(11層含以上有電梯),住家用,0951218,200.97,3,2,2,有,有,48600000,241827.0,坡道平面,0.0,0,其他增建：前陽台外推。其他增建；,RPQNMLPJRHIGFDA97DA,103.5,2.64,12.45,有,,17.0
松山區,房地(土地+建物),民權東路三段１６０巷２號五樓之１１,17.85,住,,,1120813,土地1建物1車位0,五層，六層,十二層,住宅大樓(11層含以上有電梯),住家用,0690801,76.29,3,2,1,有,有,19000000,249050.0,,0.0,0,,RPSNMLTJRHIGFDA58DA,73.22,0.0,3.07,有,,43.0
信義區,房地(土地+建物),松山路６２７號四樓,30.0,住,,,1120818,土地1建物1車位0,四層,四層,公寓(5樓含以下無電梯),住家用,0580513,71.9,3,0,4,有,無,20000000,278164.0,,0.0,0,,RPWNMLTKRHIGFDA09DA,71.9,0.0,0.0,無,,54.0
士林區,房地(土地+建物)+車位,德行東路２５８號五樓之１,22.35,住,,,1120818,土地1建物2車位2,五層,十四層,住宅大樓(11層含以上有電梯),住家用,1110706,232.13,3,2,2,有,有,58000000,344713.0,坡道平面,81.28,6000000,含裝潢費；,RPOOMLRJRHIGFEA18DA,88.15,8.24,5.16,有,,1.0
士林區,房地(土地+建物),文林路５８７巷１００號二樓,35.4,住,,,1120828,土地1建物1車位0,二層,五層,公寓(5樓含以下無電梯),住家用,0700127,122.18,3,2,2,有,無,19500000,159601.0,,0.0,0,陽台外推；其他增建；,RPTNMLOKRHIGFEA38DA,109.31,0.0,12.87,無,1903.0,43.0
北投區,房地(土地+建物)+車位,明德路８號十一樓之１,15.5,住,,,1120820,土地1建物1車位1,十一層,十二層,住宅大樓(11層含以上有電梯),住家用,1070426,127.57,2,2,1,有,有,30500000,296912.0,坡道平面,34.95,3000000,,RPROMLSKRHIGFEA68DA,50.72,6.3,4.32,有,1904.0,5.0
北投區,房地(土地+建物)+車位,西安街二段２０１號四樓,26.78,住,,,1120826,土地1建物1車位2,四層,十五層,住宅大樓(11層含以上有電梯),住家用,1110106,242.48,3,2,2,有,有,54080000,278305.0,坡道平面,69.72,6000000,,RPVNMLMLRHIGFEA48DA,96.81,7.23,8.57,有,1905.0,2.0
大安區,房地(土地+建物),延吉街１２３號三樓之１,10.88,住,,,1120827,土地2建物2車位0,三層,七層,華廈(10層含以下有電梯),住家用,0670220,60.7,2,1,1,有,有,19680000,324217.0,,0.0,0,其他增建；,RPPNMLSJRHIGFFA38DA,52.12,0.0,0.0,有,,46.0
大安區,房地(土地+建物),羅斯福路三段１７７號十六樓之２,2.84,,,,1120822,土地1建物1車位0,十六層,十六層,住宅大樓(11層含以上有電梯),住家用,0941102,42.5,1,1,1,有,有,13680000,321882.0,,0.0,0,陽台外推；,RPTNMLLLRHIGFFA28DA,21.43,0.0,5.5,有,,18.0
文山區,房地(土地+建物),仙岩路６８號七樓,15.37,住,,,1120820,土地1建物1車位0,七層,七層,華廈(10層含以下有電梯),住家用,1010103,61.629999999999995,1,1,1,有,有,12500000,202823.0,,0.0,0,陽台外推；,RPVNMLMKRHIGFAA97DA,28.72,4.93,7.5,有,,12.0
內湖區,房地(土地+建物)+車位,康寧路三段７０巷２０號四樓,18.68,住,,,1120828,土地3建物1車位1,四層,四層,華廈(10層含以下有電梯),住家用,0970903,109.19,3,2,1,有,有,27200000,304886.0,坡道平面,29.16,2800000,,RPTNMLRLRHIGFCA58DA,64.62,0.0,6.33,有,,15.0
松山區,房地(土地+建物),民權東路三段１６０巷２號九樓之２,16.84,住,,,1120803,土地1建物1車位0,九層，十層,十二層,住宅大樓(11層含以上有電梯),住家用,0690801,70.99,1,1,1,有,有,16800000,236653.0,,0.0,0,,RPSNMLQJRHIGFDA28DA,67.92,0.0,3.07,有,,43.0
南港區,房地(土地+建物),重陽路５９２號八樓,29.22,住,,,1120819,土地1建物2車位0,八層,十二層,住宅大樓(11層含以上有電梯),住家用,0960130,117.34,3,2,2,有,有,29680000,252940.0,,0.0,0,其他增建；,RPROMLOKRHIGFDA18DA,70.01,9.47,7.64,有,,17.0
大安區,房地(土地+建物),大安路一段２０２號十樓之１,3.53,住,,,1120820,土地1建物1車位0,十層,十二層,住宅大樓(11層含以上有電梯),住家用,0971028,34.95,1,1,1,有,有,17280000,494421.0,,0.0,0,夾層；其他增建；,RPTNMLLJRHIGFFA08DA,19.44,3.05,0.0,有,,15.0
大安區,房地(土地+建物),安居街９巷２９號四樓,15.6,住,,,1120825,土地1建物1車位0,四層,五層,公寓(5樓含以下無電梯),住家用,0691007,62.6,2,2,1,有,無,13000000,207668.0,,0.0,0,其他增建；,RPSNMLMJIIIGFFA27DA,47.98,0.0,14.62,無,,43.0
士林區,房地(土地+建物),建業路２８巷１２弄１號,79.52,住,,,1120804,土地1建物1車位0,全,二層,透天厝,住家用,0541201,70.38,4,2,2,有,無,9000000,127877.0,,0.0,0,其他增建；,RPPNMLNJIIIGFEA07EA,70.38,0.0,0.0,無,,58.0
文山區,房地(土地+建物)+車位,興隆路三段３０４巷３２之１號六樓,45.3,住,,,1120807,土地2建物1車位3,六層，七層,七層,華廈(10層含以下有電梯),住家用,1030314,309.89,4,2,2,有,有,38680000,142198.0,坡道平面,80.07,6000000,其他增建；,RPXNMLSKRHIGFAA78DA,106.39,20.75,9.92,有,1916.0,9.0
文山區,房地(土地+建物),萬盛街８９之６號二樓,14.07,住,,,1120828,土地1建物1車位0,二層,八層,華廈(10層含以下有電梯),住家用,1050816,84.78999999999999,3,2,1,有,有,19400000,228801.0,,0.0,0,夾層；其他增建；,RPSNMLLLRHIGFAA67DA,36.3,9.01,7.55,有,,7.0
大同區,房地(土地+建物),承德路二段１巷２５號二樓,26.25,住,,,1120831,土地2建物1車位0,二層,四層,公寓(5樓含以下無電梯),住家用,0590130,82.87,4,2,1,有,無,20380000,245927.0,,0.0,0,,RPQNMLMKRHIGFBA57DA,82.87,0.0,0.0,無,,54.0
內湖區,房地(土地+建物),內湖路一段４７巷２２弄１４號七樓,24.88,住,,,1120826,土地2建物1車位0,七層,七層,華廈(10層含以下有電梯),住家用,0821115,94.44,3,2,2,有,有,20680000,218975.0,,0.0,0,陽台外推；頂樓加蓋；其他增建；,RPQPMLTKRHIGFCA58DA,59.08,19.22,7.43,有,1917.0,30.0
內湖區,房地(土地+建物)+車位,新豐街９２號二樓,28.26,住,,,1120803,土地1建物1車位1,二層,十層,華廈(10層含以下有電梯),住家用,1040522,149.25,2,2,1,有,有,32880000,220302.0,坡道平面,0.0,0,,RPUNMLNLRHIGFCA28DA,56.91,0.0,3.66,有,1918.0,8.0
中山區,房地(土地+建物)+車位,龍江路２９８巷１２號三樓,35.58,住,,,1120806,土地1建物1車位1,三層,六層,華廈(10層含以下有電梯),住家用,0900108,132.0,3,2,2,有,無,35200000,272380.0,升降機械,9.01,1700000,陽台外推；夾層；其他增建；,RPXNMLRLRHIGFCA98DA,65.66,0.0,7.15,有,,23.0
中山區,房地(土地+建物)+車位,民權東路二段７１巷８號十四樓,12.56,,,,1120819,土地1建物1車位1,十四層,十五層,住宅大樓(11層含以上有電梯),住家用,1120203,103.93,3,1,1,有,有,34580000,320890.0,塔式車位,2.4,2000000,,RPQOMLNJIIIGFCA96DA,59.47,0.0,4.99,有,,1.0
信義區,房地(土地+建物),松隆路７３巷５號三樓,19.8,住,,,1120808,土地1建物1車位0,三層，陽臺,四層,公寓(5樓含以下無電梯),住家用,0620918,65.62,3,1,1,有,無,16520000,251753.0,,0.0,0,陽台外推；其他增建；,RPOOMLQKQHIGFDA97DA,65.62,0.0,0.0,無,,50.0
南港區,房地(土地+建物)+車位,經貿二路２３５巷２６號四樓,20.18,住,,,1120814,土地1建物1車位1,四層,十層,華廈(10層含以下有電梯),住家用,1031002,118.1,2,2,1,有,有,32000000,270957.0,塔式車位,12.5,0,,RPVNMLSLQHIGFDA88DA,64.31,1.22,6.37,有,1921.0,9.0
士林區,房地(土地+建物)+車位,天母北路５６號十七樓,21.84,住,,,1120813,土地1建物1車位2,十七層,二十四層,住宅大樓(11層含以上有電梯),住家用,1090703,255.11,2,2,2,有,有,61880000,326029.0,坡道平面,77.58,4000000,,RPVOMLSKQHIGFEA98DA,95.03,7.12,13.71,有,,3.0
士林區,房地(土地+建物),福林路２５１巷１號四樓,25.44,住,,,1120819,土地1建物1車位0,四層,七層,華廈(10層含以下有電梯),住家用,0740615,105.98,3,2,2,有,有,21200000,200038.0,,0.0,0,,RPVOMLSLQHIGFEA09DA,71.59,0.0,8.7,有,,38.0
士林區,房地(土地+建物),中山北路六段１７２巷６號五樓,45.07,住,,,1120831,土地1建物1車位0,五層,五層,公寓(5樓含以下無電梯),住家用,0671003,161.64,7,0,7,有,無,23500000,145385.0,,0.0,0,陽台外推；其他增建；含租約；,RPVNMLSKRHIGFEA98DA,135.72,0.0,25.92,無,,45.0
北投區,房地(土地+建物)+車位,稻香路２３７號四樓,55.47,住,,,1120807,土地1建物1車位2,四層,五層,華廈(10層含以下有電梯),住家用,1101015,178.01,2,2,1,有,有,24680000,213907.0,坡道平面,81.8,4100000,含家電含裝潢費；,RPPNMLKLRHIGFEA67DA,51.74,6.04,4.92,有,,2.0
北投區,房地(土地+建物)+車位,稻香路２４７號二樓,73.84,住,,,1120829,土地1建物1車位1,二層,五層,華廈(10層含以下有電梯),住家用,1101015,169.01,3,2,2,有,有,25800000,184997.0,坡道平面,40.9,2100000,含家電含裝潢費；,RPSNMLRLRHIGFEA68DA,69.96,7.59,5.95,有,,2.0
大安區,房地(土地+建物),敦化南路一段２３３巷３１號五樓之１,6.16,住,,,1120822,土地1建物1車位0,五層,十層,華廈(10層含以下有電梯),住家用,0760709,43.51,1,1,1,有,有,12800000,294185.0,,0.0,0,陽台外推；,RPVNMLNKRHIGFFA58DA,25.04,0.0,4.16,有,,36.0
大安區,房地(土地+建物),仁愛路四段４１９號七樓,17.59,住,,,1120830,土地1建物1車位0,七層,十四層,住宅大樓(11層含以上有電梯),住家用,0710227,147.98,3,2,2,有,有,53500000,361535.0,,0.0,0,陽台外推；,RPPNMLLLRHIGFFA87DA,106.32,0.0,21.94,有,,42.0
大安區,房地(土地+建物)+車位,浦城街１３巷９號三樓之５,7.56,住,,,1120820,土地1建物1車位1,三層,六層,華廈(10層含以下有電梯),住家用,0960913,38.75,1,0,1,有,無,10600000,273548.0,升降機械,0.0,1800000,房屋價格為880萬元整。其他增建；,RPXNMLOJIIIGFFA97DA,12.23,2.41,0.0,有,,16.0
內湖區,房地(土地+建物)+車位,新豐街１６０號五樓,63.38,住,,,1120813,土地1建物1車位1,五層,九層,華廈(10層含以下有電梯),住家用,0990929,289.26,4,2,2,有,有,63000000,217797.0,坡道平面,46.63,0,,RPTNMLTKRHIGFCA78EA,134.76,7.69,16.03,有,,13.0
松山區,房地(土地+建物)+車位,敦化北路１４５巷２３弄５號二樓之２,22.38,住,,,1120818,土地1建物1車位1,二層,七層,華廈(10層含以下有電梯),住家用,1100315,115.73,2,1,1,有,有,43280000,373974.0,升降平面,18.75,0,,RPXOMLSLQHIGFDA66EA,47.6,0.0,4.14,有,,2.0
南港區,房地(土地+建物),重陽路１２５巷３６弄３０號六樓之１,14.46,住,,,1120807,土地1建物1車位0,六層,八層,華廈(10層含以下有電梯),住家用,0970122,64.37,2,2,1,有,有,14500000,225260.0,,0.0,0,建築物含有：內梯增建約1坪左右夾層；其他增建；,RPRNMLOJIIIGFDA27EA,36.11,3.54,0.0,有,1925.0,16.0
北投區,房地(土地+建物),吉利街２５９巷４２號二樓,29.67,住,,,1120825,土地1建物1車位0,二層,五層,公寓(5樓含以下無電梯),住家用,0740522,96.01,3,1,2,有,無,15800000,164566.0,,0.0,0,陽台外推；,RPTNMLRLRHIGFEA88EA,87.36,0.0,8.65,無,,38.0
文山區,房地(土地+建物)+車位,木新路三段９１號十四樓,38.73,住,,,1120827,土地1建物1車位2,十四層,十五層,住宅大樓(11層含以上有電梯),住家用,1020910,281.61,4,2,2,有,有,41500000,194356.0,坡道平面,93.8,5000000,,RPVNMLPJRHIGFAA18DA,107.52,12.91,9.91,有,1926.0,10.0
文山區,房地(土地+建物)+車位,福興路１０６巷１３號六樓,23.77,住,,,1120823,土地1建物1車位1,六層,十三層,住宅大樓(11層含以上有電梯),住家用,0990819,134.55,3,2,1,有,有,19400000,184988.0,坡道平面,40.49,2000000,陽台外推；其他增建；,RPSNMLQJRHIGFAA97DA,56.72,8.28,4.97,有,1927.0,13.0
文山區,房地(土地+建物),木柵路二段１０９巷２５弄６５號四樓,37.19,住,,,1120822,土地1建物1車位0,四層,四層,公寓(5樓含以下無電梯),住家用,0711220,86.87,3,2,1,有,無,12500000,143893.0,,0.0,0,陽台外推；頂樓加蓋；,RPRNMLRJRHIGFAA97DA,77.86,0.0,9.01,無,,41.0
文山區,房地(土地+建物),木新路三段５０巷１０弄３之２號十二樓,25.46,住,,,1120813,土地1建物1車位0,十二層,十二層,住宅大樓(11層含以上有電梯),住家用,1050129,97.26,2,2,2,有,有,18080000,185893.0,,0.0,0,陽台外推；,RPPOMLLLRHIGFAA47DA,58.01,0.49,6.97,有,1929.0,8.0
文山區,房地(土地+建物),興隆路四段９６巷４弄７號三樓,43.0,住,,,1120813,土地1建物1車位0,三層,四層,公寓(5樓含以下無電梯),住家用,0660728,117.53,4,2,2,有,無,15500000,131881.0,,0.0,0,陽台外推；其他增建；,RPTVMLOJIIIGFAA87DA,103.81,0.0,13.72,無,,46.0
內湖區,房地(土地+建物),陽光街２１２號,32.18,住,,,1120821,土地2建物1車位0,一層,七層,華廈(10層含以下有電梯),住家用,0730131,85.43,2,2,1,有,有,21000000,245815.0,,0.0,0,其他增建；,RPXNMLQJRHIGFCA68DA,58.38,4.95,0.0,有,,40.0
信義區,房地(土地+建物),松山路５４０巷２２號三樓,18.83,住,,,1120819,土地1建物1車位0,三層,五層,公寓(5樓含以下無電梯),住家用,0800611,76.45,2,1,2,有,無,16550000,216481.0,,0.0,0,,RPRNMLLLRHIGFDA87DA,55.36,0.42,6.3,無,1933.0,32.0
信義區,房地(土地+建物),忠孝東路五段７９０巷２４弄５號五樓,26.45,住,,,1120827,土地2建物1車位0,五層,五層,公寓(5樓含以下無電梯),住家用,0700131,92.04,3,2,1,有,無,19000000,206432.0,,0.0,0,陽台外推；其他增建；,RPXOMLOJIIIGFDA87DA,80.66,0.0,11.38,無,,43.0
士林區,房地(土地+建物)+車位,社中街１５２巷３０號四樓之７,11.98,住,,,1120827,土地1建物1車位2,四層,七層,華廈(10層含以下有電梯),住家用,0840414,78.68,1,1,1,有,有,10600000,134723.0,升降機械,0.0,0,,RPSNMLSLQHIGFEA68DA,29.22,0.0,4.06,有,,28.0
北投區,房地(土地+建物),文化三路１２之４號八樓,36.7,住,,,1120805,土地1建物1車位0,八層,十層,華廈(10層含以下有電梯),住家用,0840110,134.91,3,2,2,有,有,23000000,170484.0,,0.0,0,其他增建；,RPQNMLLKRHIGFEA77DA,93.02,0.0,10.05,有,,29.0
北投區,房地(土地+建物)+車位,翠宜路４８號三樓,59.9,住,,,1120824,土地1建物1車位1,三層，電梯樓梯間,六層,華廈(10層含以下有電梯),住家用,0850214,146.98,2,2,2,有,有,13200000,89808.0,坡道平面,0.0,0,其他增建；,RPWNMLLLRHIGFEA48DA,85.87,0.0,10.12,有,1934.0,28.0
士林區,房地(土地+建物),芝玉路一段１９７巷４號四樓,22.74,住,,,1120805,土地1建物1車位0,四層,五層,公寓(5樓含以下無電梯),住家用,0740723,82.89,2,2,1,有,無,12400000,149596.0,,0.0,0,,RPSOMLRLRHIGFEA78DA,70.91,0.0,5.21,無,,38.0
士林區,房地(土地+建物)+車位,福華路８號,16.07,住,,,1120821,土地1建物1車位1,一層,九層,華廈(10層含以下有電梯),住家用,1070709,141.60000000000002,3,2,2,有,有,33000000,233051.0,升降平面,0.0,2500000,,RPPOMLNJIIIGFEA07DA,73.15,0.0,0.0,有,,5.0
大安區,房地(土地+建物),泰順街１６巷１６號三樓之５,7.41,住,,,1120827,土地1建物1車位0,三層,六層,華廈(10層含以下有電梯),住家用,0960711,24.76,1,1,1,有,有,10000000,403877.0,,0.0,0,夾層；,RPXNMLOJRHIGFFA78DA,12.57,2.58,0.0,有,1935.0,16.0
大安區,房地(土地+建物),四維路１９８巷２１弄８號十六樓,19.39,住,,,1120815,土地1建物1車位0,十六層,十九層,住宅大樓(11層含以上有電梯),住家用,0740522,101.3,3,2,2,有,有,27660000,273050.0,,0.0,0,陽台外推；其他增建；,RPXNMLSLRHIGFFA76DA,73.96,1.56,4.72,有,,38.0
大安區,房地(土地+建物)+車位,安和路二段１８１巷１０號十樓之１,20.29,住,,,1120823,土地1建物1車位1,十層,十層,華廈(10層含以下有電梯),住家用,0980505,119.06,1,2,1,有,有,30580000,299267.0,塔式車位,23.56,2000000,,RPPNMLMJIIIGFFA96DA,51.19,5.29,4.27,有,,14.0
大安區,房地(土地+建物),和平東路二段１７５巷２９號六樓之３,9.23,住,,,1120823,土地2建物1車位0,六層,六層,華廈(10層含以下有電梯),住家用,0600118,39.58,1,1,1,有,有,8900000,224861.0,,0.0,0,陽台外推；,RPPNMLPJIIIGFFA37EA,29.41,0.0,3.7,有,1937.0,53.0
文山區,房地(土地+建物),木新路二段７９巷６弄２２號,52.89,住,,,1120808,土地1建物1車位0,一層,五層,公寓(5樓含以下無電梯),住家用,0770708,152.45,4,2,2,有,無,31000000,203345.0,,0.0,0,,RPPOMLOJQHIGFAA47DA,123.28,13.28,0.0,無,,35.0
萬華區,房地(土地+建物),桂林路２４６巷４２弄１８號,28.5,住,,,1120807,土地1建物1車位0,一層,四層,公寓(5樓含以下無電梯),住家用,0590422,79.13,4,2,1,有,無,13600000,171869.0,,0.0,0,其他增建；,RPXNMLQJRHIGFBA58DA,79.13,0.0,0.0,無,,53.0
萬華區,房地(土地+建物)+車位,東園街６７巷２號二樓,28.62,住,,,1120831,土地1建物1車位1,二層,五層,華廈(10層含以下有電梯),住家用,0901211,96.23,2,2,1,有,無,15000000,155877.0,升降機械,10.98,0,陽台外推；,RPPNMLTJRHIGFBA08DA,51.54,0.0,7.02,有,1939.0,22.0
大同區,房地(土地+建物)+車位,興城街７０號三樓之７,23.0,住,,,1120817,土地1建物1車位1,三層,十五層,住宅大樓(11層含以上有電梯),住家用,1120119,194.97,4,2,3,有,有,46000000,264325.0,坡道平面,30.4,2500000,,RPWNMLMJIIIGFBA27DA,105.61,0.0,9.1,有,,1.0
大同區,房地(土地+建物)+車位,興城街７０號六樓之５,18.56,住,,,1120814,土地1建物1車位1,六層,十五層,住宅大樓(11層含以上有電梯),住家用,1120119,162.97,3,2,2,有,有,38600000,273063.0,坡道平面,30.4,2400000,,RPXNMLMJIIIGFBA37DA,79.95,3.51,8.9,有,,1.0
內湖區,房地(土地+建物),文德路２２巷５９弄１４號六樓,34.61,住,,,1120831,土地1建物1車位0,六層,七層,華廈(10層含以下有電梯),住家用,0730131,125.31,3,2,1,有,有,22600000,180353.0,,0.0,0,,RPRPMLSJRHIGFCA48DA,78.34,0.0,17.81,有,,40.0
內湖區,房地(土地+建物)+車位,康寧路三段５６巷１９８號九樓之１,19.15,住,,,1120812,土地2建物1車位2,九層,十一層,住宅大樓(11層含以上有電梯),住家用,0990820,149.37,2,2,1,有,有,25000000,167370.0,坡道平面,55.56,0,陽台外推；,RPTNMLTKRHIGFCA68DA,51.29,7.13,5.63,有,1940.0,13.0
中山區,房地(土地+建物)+車位,松江路３８巷２１號五樓,37.31,住,,,1120814,土地2建物1車位1,五層,十二層,住宅大樓(11層含以上有電梯),住家用,1080104,243.69,0,0,0,無,有,66990000,297373.0,坡道平面,30.86,3700000,,RPQOMLSLRHIGFCA48DA,115.75,11.62,11.03,有,,5.0
內湖區,房地(土地+建物)+車位,民權東路六段１９０巷７５弄３２號,121.41,住,,,1120826,土地1建物1車位2,一層，二層，地下一層,四層,華廈(10層含以下有電梯),住家用,1010209,353.54,3,2,3,有,有,66000000,186683.0,坡道平面,0.0,0,陽台外推；其他增建；,RPQPMLOJIIIGFCA17DA,214.65,7.02,18.63,有,1943.0,12.0
中山區,房地(土地+建物)+車位,新生北路二段５３之１號四樓,16.88,住,,,1120807,土地2建物1車位1,四層,十九層,住宅大樓(11層含以上有電梯),住家用,0980916,176.94,4,2,2,有,有,39800000,255698.0,坡道平面,33.02,3000000,陽台外推；其他增建；,RPSPMLOJIIIGFCA37DA,88.84,6.29,10.35,有,,14.0
松山區,房地(土地+建物),延壽街４０２巷３弄１９之１號,18.83,住,,,1120814,土地1建物1車位0,一層,七層,華廈(10層含以下有電梯),住家用,0680915,99.41,2,2,2,有,有,29000000,291721.0,,0.0,0,其他增建；,RPOOMLMLRHIGFDA77DA,77.79,10.21,0.0,有,,44.0
松山區,房地(土地+建物),健康路２４４號二樓,60.75,住,,,1120811,土地1建物1車位0,二層,四層,公寓(5樓含以下無電梯),住家用,0570828,137.01,4,2,2,有,無,27400000,199985.0,,0.0,0,,RPTNMLQJIIIGFDA57DA,137.01,0.0,0.0,無,,55.0
北投區,房地(土地+建物),建民路９７號四樓,29.75,住,,,1120820,土地1建物1車位0,四層,四層,公寓(5樓含以下無電梯),住家用,0660425,79.2,4,2,2,有,無,16400000,207071.0,,0.0,0,陽台外推；頂樓加蓋；其他增建；,RPSNMLPKRHIGFEA38DA,69.93,0.0,9.27,無,,46.0
大安區,房地(土地+建物),泰順街２巷４號五樓,27.4,住,,,1120819,土地2建物1車位0,五層,五層,公寓(5樓含以下無電梯),住家用,0730120,101.59,4,2,3,有,無,23500000,231322.0,,0.0,0,頂樓加蓋；其他增建；,RPOOMLQLRHIGFFA38DA,83.6,6.56,8.73,無,,40.0
中正區,房地(土地+建物),臨沂街２７巷９號七樓之３,29.31,住,,,1120821,土地2建物1車位0,七層,七層,華廈(10層含以下有電梯),住家用,0670127,197.68,4,2,2,有,無,47840000,242007.0,,0.0,0,,RPUNMLLKIIIGFBA17EA,154.51,0.0,17.72,有,,46.0
內湖區,房地(土地+建物)+車位,港墘路２６巷１１號五樓,36.85,住,,,1120826,土地1建物1車位1,五層,十四層,住宅大樓(11層含以上有電梯),住家用,0840401,181.25,4,2,2,有,有,39300000,216840.0,坡道平面,0.0,2500000,,RPRNMLLKIIIGFCA96EA,149.71,2.72,13.93,有,1948.0,28.0
內湖區,房地(土地+建物)+車位,康寧路三段１８９巷２３號六樓之１,23.3,住,,,1120820,土地1建物1車位1,六層,七層,華廈(10層含以下有電梯),住家用,0991015,122.09,3,2,2,有,有,26800000,219528.0,塔式車位,10.28,0,,RPUNMLLKIIIGFCA27EA,62.43,6.43,8.77,有,,13.0
松山區,房地(土地+建物),光復南路３２巷３０號,47.25,住,,,1120822,土地1建物1車位0,一層,四層,公寓(5樓含以下無電梯),住家用,0610523,118.34,4,2,2,有,無,40800000,344769.0,,0.0,0,,RPPNMLLKIIIGFDA86EA,118.34,0.0,0.0,無,,51.0
士林區,房地(土地+建物)+車位,中山北路六段４７號九樓,29.66,住,,,1120813,土地1建物1車位2,九層,十三層,住宅大樓(11層含以上有電梯),住家用,1010522,229.91,3,2,2,有,有,56130000,308322.0,坡道平面,67.32,6000000,,RPQNMLQJIIIGFEA47EA,93.74,7.83,8.79,有,1950.0,11.0
大安區,房地(土地+建物),復興南路二段１７１巷３６號十二樓,25.33,住,,,1120819,土地1建物1車位0,十二層,十七層,住宅大樓(11層含以上有電梯),住家用,0740522,129.26,3,2,2,有,有,30700000,237506.0,,0.0,0,,RPROMLKKLHIGFFA47EA,97.03,1.8,9.07,有,,38.0
大同區,房地(土地+建物)+車位,敦煌路８８巷２號六樓,17.02,住,,,1120814,土地1建物1車位1,六層,十五層,住宅大樓(11層含以上有電梯),住家用,0981102,152.99,3,2,2,有,有,28360000,237291.0,坡道平面,44.01,2500000,,RPOOMLPLRHIGFBA87DA,70.55,2.79,4.2,有,,14.0
內湖區,房地(土地+建物),文德路２２巷５３弄３１號,35.25,住,,,1120827,土地1建物1車位0,一層,七層,華廈(10層含以下有電梯),住家用,0730131,100.49,3,1,1,有,有,20600000,204996.0,,0.0,0,,RPVOMLOJRHIGFCA38DA,67.24,7.64,0.0,有,,40.0
內湖區,房地(土地+建物),內湖路一段４７巷６弄１０號五樓,35.5,住,,,1120814,土地1建物1車位0,五層,五層,公寓(5樓含以下無電梯),住家用,0760929,124.79,5,3,3,有,有,21800000,174707.0,,0.0,0,,RPWNMLRLRHIGFCA88DA,96.16,15.86,10.46,無,,36.0
中山區,房地(土地+建物)+車位,民權東路二段７１巷８號六樓之７,13.76,,,,1120826,土地1建物1車位1,六層,十五層,住宅大樓(11層含以上有電梯),住家用,1120203,128.69,3,1,1,有,有,32750000,314580.0,升降平面,32.53,2500000,,RPXNMLNJIIIGFCA57DA,56.4,0.0,4.6,有,,1.0
中山區,房地(土地+建物),建國北路三段７１號十二樓之２,7.74,住,,,1120821,土地2建物1車位0,十二層,十四層,住宅大樓(11層含以上有電梯),住家用,1041016,77.62,1,2,1,有,有,19680000,253543.0,,0.0,0,,RPSOMLPJIIIGFCA37DA,42.46,2.29,4.31,有,1954.0,8.0
內湖區,房地(土地+建物),星雲街１６８巷７號七樓,15.78,住,,,1120829,土地1建物1車位0,七層,十六層,住宅大樓(11層含以上有電梯),住家用,0841116,69.99,2,2,1,有,有,18980000,271182.0,,0.0,0,,RPOOMLQJIIIGFCA07DA,50.28,2.65,7.4,有,1955.0,28.0
中山區,房地(土地+建物),農安街２２７巷３弄１１號四樓,26.0,住,,,1120814,土地1建物1車位0,四層,五層,公寓(5樓含以下無電梯),住家用,0661109,88.62,3,2,1,有,無,14200000,160235.0,,0.0,0,陽台外推；,RPROMLQJIIIGFCA37DA,77.23,0.0,11.39,無,,46.0
南港區,房地(土地+建物)+車位,經園街６６號九樓之２,22.3,住,,,1120814,土地1建物1車位1,九層,十層,華廈(10層含以下有電梯),住家用,0970304,121.87,2,2,1,有,有,24500000,248531.0,坡道平面,33.35,2500000,,RPPNMLMKRHIGFDA67DA,51.9,7.83,3.56,有,,15.0
士林區,房地(土地+建物)+車位,中山北路七段１４１巷２３號八樓,39.71,住,,,1120806,土地1建物1車位1,八層，見其他登記事項,八層,華廈(10層含以下有電梯),住家用,1111006,235.98,3,2,3,有,有,58300000,248560.0,塔式車位,10.28,2200000,,RPQNMLQJQHIGFEA08DA,128.09,0.0,10.81,有,,1.0
士林區,房地(土地+建物)+車位,芝玉路一段１９７巷９號二樓,45.65,住,,,1120828,土地1建物1車位3,二層,十四層,住宅大樓(11層含以上有電梯),住家用,1000720,293.14,3,2,2,有,有,58000000,248115.0,坡道平面,87.59,7000000,坡道平面車位價格為300萬元；2個坡道機械車位為一組子母車位，車位價格為一組400萬元，不拆分單一車位價格。,RPPPMLSLQHIGFEA58DA,121.4,3.26,13.39,有,,12.0
士林區,房地(土地+建物),延平北路六段３９２巷６號二樓之７,8.47,住,,,1120828,土地1建物1車位0,二層,十一層,住宅大樓(11層含以上有電梯),住家用,0950215,36.94,1,1,1,有,有,7060000,191121.0,,0.0,0,,RPPNMLLLRHIGFEA77DA,22.92,0.0,3.47,有,,18.0
內湖區,房地(土地+建物),環山路二段１０９巷８弄９號五樓,24.81,住,,,1120815,土地1建物1車位0,五層,五層,公寓(5樓含以下無電梯),住家用,0730417,97.83,6,3,3,有,有,14200000,145150.0,,0.0,0,,RPVNMLLKIIIGFCA37EA,84.4,0.0,8.65,無,,39.0
文山區,房地(土地+建物),景福街１３３巷１８之１號三樓,22.63,住,,,1120805,土地1建物1車位0,三層,五層,公寓(5樓含以下無電梯),住家用,0700602,89.45,3,2,1,有,無,14800000,165456.0,,0.0,0,陽台外推；其他增建；,RPTOMLLJRHIGFAA67DA,76.25,0.0,13.2,無,,42.0
文山區,房地(土地+建物),景興路１０８巷１０號三樓,33.5,住,,,1120826,土地1建物1車位0,三層,四層,公寓(5樓含以下無電梯),住家用,0571130,105.95,3,2,1,有,無,20000000,188768.0,,0.0,0,陽台外推；其他增建；,RPVNMLTKRHIGFAA68DA,105.95,0.0,0.0,無,1958.0,55.0
文山區,房地(土地+建物)+車位,木柵路一段２３８巷１５弄９號三樓,25.36,住,,,1120813,土地1建物1車位1,三層,七層,華廈(10層含以下有電梯),住家用,1030827,128.6,2,2,2,有,有,13600000,105754.0,坡道機械,20.0,0,急買急賣；,RPPNMLSJIIIGFAA07DA,60.88,6.24,6.35,有,1959.0,9.0
中山區,房地(土地+建物)+車位,通北街９５號五樓,44.54,住,,,1120829,土地1建物1車位1,五層,九層,華廈(10層含以下有電梯),住家用,0870525,203.65,4,2,2,有,有,31500000,154677.0,坡道平面,0.0,0,其他增建；,RPPOMLTKRHIGFCA38DA,113.2,0.0,13.7,有,,25.0
南港區,房地(土地+建物),福德街４６１號十八樓,22.2,住,,,1120821,土地1建物1車位0,十八層,十八層,住宅大樓(11層含以上有電梯),住家用,0870521,131.35,3,2,2,有,有,24450000,186144.0,,0.0,0,,RPWNMLMKRHIGFDA38DA,70.81,0.0,8.0,有,,25.0
北投區,房地(土地+建物)+車位,磺港路１０６號十五樓,23.99,住,,,1120805,土地2建物1車位1,十五層,十六層,住宅大樓(11層含以上有電梯),住家用,1120526,199.79,3,2,2,有,有,39800000,238003.0,坡道平面,44.33,2800000,,RPXNMLOLQHIGFEA78DA,93.48,0.0,9.61,有,,
士林區,房地(土地+建物),華聲街３０號二樓,16.3,住,,,1120826,土地1建物1車位0,二層,五層,公寓(5樓含以下無電梯),住家用,0680724,78.89,3,2,2,有,無,15150000,192040.0,,0.0,0,陽台外推；其他增建；,RPSNMLMKRHIGFEA08DA,60.56,0.0,12.73,無,,44.0
北投區,房地(土地+建物),公路２５５巷１０號四樓,22.5,住,,,1120829,土地1建物1車位0,四層,五層,公寓(5樓含以下無電梯),住家用,0730215,83.73,2,2,1,有,無,13500000,161233.0,,0.0,0,其他增建；,RPWNMLTKRHIGFEA56DA,69.56,0.0,7.58,無,,40.0
士林區,房地(土地+建物),中社路二段１５號四樓,97.12,住,,,1120829,土地1建物1車位0,四層,四層,公寓(5樓含以下無電梯),住家用,0640801,103.75,4,2,2,有,無,12000000,115663.0,,0.0,0,其他增建；,RPVOMLKLRHIGFEA38DA,103.75,0.0,0.0,無,,48.0
士林區,房地(土地+建物),士東路８９巷１５之２號,34.21,住,,,1120819,土地1建物1車位0,一層,五層,公寓(5樓含以下無電梯),住家用,0740528,119.93,3,2,2,有,無,32680000,272492.0,,0.0,0,,RPQNMLMKIIIGFEA17EA,109.06,10.87,0.0,無,,38.0
文山區,房地(土地+建物)+車位,木柵路四段９巷５號六樓,43.85,住,,,1120812,土地2建物1車位1,六層,十三層,住宅大樓(11層含以上有電梯),住家用,0870815,105.74,3,2,1,有,有,18410000,174106.0,坡道機械,0.0,0,陽台外推；夾層；其他增建；,RPOOMLLJRHIGFAA17DA,51.67,1.73,7.78,有,,25.0
文山區,房地(土地+建物)+車位,育英街１１號三樓之１,19.06,住,,,1120817,土地1建物1車位1,三層,七層,華廈(10層含以下有電梯),住家用,0980814,102.09,2,2,1,有,有,22200000,257431.0,升降機械,21.68,1500000,機房室內使用其他增建；,RPRNMLSLRHIGFAA28DA,48.64,2.68,10.04,有,1973.0,14.0
中正區,房地(土地+建物),汀州路三段１６０巷４之１號四樓之７,5.2,住,,,1120815,土地1建物1車位0,四層,九層,華廈(10層含以下有電梯),住家用,0951130,23.79,1,1,1,有,有,8250000,346784.0,,0.0,0,夾層；其他增建；,RPRNMLMJIIIGFAA66DA,15.1,1.23,0.0,有,1974.0,17.0
萬華區,房地(土地+建物),青年路５８號五樓之３,24.03,住,,,1120806,土地1建物1車位0,五層,十二層,住宅大樓(11層含以上有電梯),住家用,0711027,101.98,4,2,1,有,有,19350000,189743.0,,0.0,0,其他增建；,RPVRMLLLQHIGFBA38DA,70.51,0.0,7.67,有,,41.0
萬華區,房地(土地+建物),中華路二段４９８巷２３號六樓,12.4,住,,,1120829,土地1建物1車位0,六層,十二層,住宅大樓(11層含以上有電梯),住家用,0680403,46.08,2,1,1,有,有,10800000,234375.0,,0.0,0,陽台外推；,RPXOMLSLRHIGFBA09DA,38.94,0.0,7.14,有,1975.0,44.0
大同區,房地(土地+建物),長安西路３０３號十樓之３,12.85,住,,,1120820,土地2建物1車位0,十層,十一層,住宅大樓(11層含以上有電梯),住家用,0690314,90.58,3,2,1,有,有,17490000,193089.0,,0.0,0,天井增建陽台外推；,RPVNMLMKIIIGFBA27DA,69.35,0.0,11.6,有,,43.0
中山區,房地(土地+建物),合江街３９號十一樓,9.72,住,,,1120816,土地1建物1車位0,十一層,十一層,住宅大樓(11層含以上有電梯),住家用,1070514,62.21,2,1,1,有,有,19500000,313454.0,,0.0,0,其他增建：前陽台、雨遮加蓋、壹樓空地垂直增建。其他增建；含租約；,RPTNMLLLQHIGFCA87DA,19.44,12.17,2.63,有,1976.0,5.0
松山區,房地(土地+建物),南京東路五段１２３巷２弄２３號三樓,45.75,住,,,1120805,土地1建物1車位0,三層,四層,公寓(5樓含以下無電梯),住家用,0541002,120.58,3,2,2,有,無,26000000,215624.0,,0.0,0,陽台外推；其他增建；,RPSNMLOLQHIGFDA18DA,110.26,0.0,10.32,無,1977.0,58.0
大安區,房地(土地+建物),仁愛路四段３４５巷４弄４號三樓,30.29,住,,,1120827,土地1建物1車位0,三層，陽臺,七層,華廈(10層含以下有電梯),住家用,0620813,138.6,3,2,2,有,無,40000000,288600.0,,0.0,0,陽台外推；其他增建；,RPOOMLOJRHIGFFA97DA,129.84,0.0,0.0,有,,50.0
文山區,房地(土地+建物),興隆路二段２７５巷１弄８號十三樓之１,17.72,住,,,1120821,土地2建物1車位0,十三層,十三層,住宅大樓(11層含以上有電梯),住家用,0831018,70.73,2,2,1,有,有,15220000,215185.0,,0.0,0,其他增建；,RPPNMLLLRHIGFAA37DA,44.57,0.0,5.9,有,,29.0
文山區,房地(土地+建物),興隆路三段２２１巷２弄１２號二樓,51.38,住,,,1120824,土地3建物1車位0,二層,五層,公寓(5樓含以下無電梯),住家用,0690910,89.75,3,2,2,有,有,11100000,123677.0,,0.0,0,其他增建；,RPQNMLOKIIIGFAA86DA,76.01,0.0,13.74,無,,43.0
文山區,建物,萬寧街１４９號十五樓,0.0,,,,1120802,土地0建物1車位1,十五層,十六層,住宅大樓(11層含以上有電梯),住家用,0861030,153.73000000000002,3,2,2,有,有,7200000,46835.0,坡道平面,0.0,0,地上權房屋；,RPQNMLRKIIIGFAA17DA,87.24,0.0,12.54,有,,26.0
萬華區,房地(土地+建物),中華路二段５０４巷１６號六樓之２,17.51,住,,,1120819,土地1建物1車位0,六層,十二層,住宅大樓(11層含以上有電梯),住家用,0680403,63.09,2,2,1,有,有,12600000,199715.0,,0.0,0,其他增建；,RPQNMLMJRHIGFBA47DA,55.83,0.0,7.26,有,,44.0
南港區,房地(土地+建物),東明街１巷２號四樓之１,34.25,住,,,1120810,土地2建物1車位0,四層，陽臺,四層,公寓(5樓含以下無電梯),住家用,0650322,84.44,3,2,1,有,無,18060000,213880.0,,0.0,0,,RPWNMLLKRHIGFDA28DA,84.44,0.0,0.0,無,,47.0
松山區,房地(土地+建物),光復北路５號九樓之４,7.17,住,,,1120829,土地2建物1車位0,九層,十二層,住宅大樓(11層含以上有電梯),住家用,0771123,51.03,2,1,1,有,有,13160000,257888.0,,0.0,0,,RPSNMLMKRHIGFDA97DA,33.05,0.48,3.24,有,,35.0
南港區,房地(土地+建物)+車位,街２２號四樓之３,33.05,住,,,1120827,土地1建物1車位1,四層,十五層,住宅大樓(11層含以上有電梯),住家用,1000412,208.72,3,2,2,有,有,56280000,324386.0,坡道平面,42.93,2500000,,RPTOMLTKRHIGFDA88DA,106.38,2.84,11.35,有,1983.0,12.0
南港區,房地(土地+建物)+車位,經貿一路５９號三樓之３,17.37,住,,,1120826,土地1建物1車位1,三層,九層,華廈(10層含以下有電梯),住家用,0981001,54.81,1,0,1,有,有,11500000,209816.0,坡道機械,18.63,0,陽台外推；其他增建；,RPOOMLLLRHIGFDA67DA,20.91,0.92,1.59,有,1984.0,14.0
南港區,房地(土地+建物)+車位,松河街７７２號二樓之２,10.8,住,,,1120827,土地1建物1車位1,二層,七層,華廈(10層含以下有電梯),住家用,0981207,49.1,1,1,1,有,有,10400000,211813.0,坡道機械,9.93,0,陽台外推；其他增建；,RPVNMLSLRHIGFDA98DA,20.9,3.45,0.0,有,1985.0,14.0
士林區,房地(土地+建物),中山北路七段１４０巷９號六樓,22.19,住,,,1120829,土地1建物1車位0,六層,七層,華廈(10層含以下有電梯),住家用,0740228,109.07,3,2,2,有,有,26880000,246447.0,,0.0,0,其他增建；,RPVNMLTLQHIGFEA09DA,95.83,0.0,8.48,有,,39.0
士林區,房地(土地+建物)+車位,承德路四段８８號十二樓之２,10.69,住,,,1120828,土地1建物1車位1,十二層,十五層,住宅大樓(11層含以上有電梯),住家用,1110421,115.71,2,2,1,有,有,28380000,298722.0,坡道機械,28.07,2200000,,RPQNMLOJRHIGFEA97DA,52.92,2.6,2.02,有,,1.0
北投區,房地(土地+建物),吉利街３１４巷５號二樓,45.38,住,,,1120812,土地1建物1車位0,二層,五層,公寓(5樓含以下無電梯),住家用,0860919,141.77,4,2,2,有,有,24800000,174931.0,,0.0,0,其他增建；,RPVNMLMJIIIGFEA47DA,87.43,0.0,12.49,無,,26.0
北投區,房地(土地+建物)+車位,三合街一段７３號六樓,57.41,住,,,1120826,土地1建物1車位2,六層,九層,華廈(10層含以下有電梯),住家用,1031119,369.75,3,2,2,有,有,68880000,218444.0,坡道平面,80.98,5800000,,RPQPMLNJIIIGFEA27DA,166.34,9.52,17.47,有,1987.0,9.0
北投區,房地(土地+建物)+車位,稻香路２２９號二樓,48.41,住,,,1120829,土地1建物1車位1,二層,五層,華廈(10層含以下有電梯),住家用,1101015,124.93,2,2,1,有,有,18430000,196715.0,坡道平面,40.9,1900000,含家電,RPPNMLQJIIIGFEA27DA,45.6,1.69,7.45,有,,2.0
文山區,房地(土地+建物),辛亥路五段１２４巷１３號四樓,28.76,住,,,1120825,土地1建物1車位0,四層,五層,公寓(5樓含以下無電梯),住家用,0730705,105.77,3,2,2,有,無,14100000,133308.0,,0.0,0,其他增建；,RPQNMLPLRHIGFAA87DA,83.85,0.0,13.65,無,,39.0
文山區,房地(土地+建物),興隆路四段１０５巷２９號六樓,20.46,住,,,1120801,土地1建物1車位0,六層,十三層,住宅大樓(11層含以上有電梯),住家用,0840821,96.78,2,2,2,有,有,16500000,170490.0,,0.0,0,陽台外推；,RPRNMLPJIIIGFAA96DA,60.81,2.0,8.8,有,,28.0
萬華區,建物,昆明街７９號七樓之４,0.0,,,,1120813,土地0建物1車位0,七層,十層,華廈(10層含以下有電梯),住家用,0750404,37.1,1,1,1,有,無,4200000,113208.0,,0.0,0,土地與仁濟院承租。；建物坐落地號僅設定地上權無所有權：漢中段一小段655地號；含租約；,RPPOMLSKQHIGFBA08DA,28.28,0.0,0.0,有,,37.0
大同區,房地(土地+建物),環河北路一段１０７號四樓,13.36,住,,,1120821,土地1建物1車位0,四層,十二層,住宅大樓(11層含以上有電梯),住家用,0710428,102.59,3,2,2,有,有,17380000,169412.0,,0.0,0,陽台外推；其他增建；,RPWNMLPJIIIGFBA57DA,72.19,0.0,15.43,有,1989.0,41.0
中山區,房地(土地+建物)+車位,龍江路４６巷３號三樓,49.87,住,,,1120826,土地1建物1車位2,三層,十四層,住宅大樓(11層含以上有電梯),住家用,0940526,337.99,2,2,3,有,有,122680000,449320.0,坡道平面,82.76,8000000,其他增建；,RPSNMLQLRHIGFCA38DA,149.01,0.0,17.86,有,,18.0
內湖區,房地(土地+建物),康樂街１３６巷２７號二樓,18.18,住,,,1120807,土地3建物1車位0,二層,五層,公寓(5樓含以下無電梯),住家用,0721103,70.26,3,2,2,有,無,9800000,139482.0,,0.0,0,,RPSNMLRKIIIGFCA57DA,59.19,0.0,11.07,無,,40.0
松山區,房地(土地+建物),健康路２４０號三樓,51.25,住,,,1120830,土地1建物1車位0,三層,四層,公寓(5樓含以下無電梯),住家用,0560426,139.55,4,2,2,有,無,30000000,214977.0,,0.0,0,,RPOPMLLJRHIGFDA57DA,139.55,0.0,0.0,無,1994.0,56.0
松山區,房地(土地+建物),延吉街４８巷９號六樓,21.38,住,,,1120822,土地1建物1車位0,六層,七層,華廈(10層含以下有電梯),住家用,0670330,109.8,3,2,2,有,有,25000000,227687.0,,0.0,0,,RPPOMLTKRHIGFDA48DA,81.38,0.0,10.7,有,,45.0
士林區,房地(土地+建物)+車位,中山北路六段２３６巷７號十三樓之２,21.98,住,,,1120804,土地1建物1車位1,十三層,十四層,住宅大樓(11層含以上有電梯),住家用,1110331,152.57,3,2,1,有,有,42750000,353278.0,坡道平面,40.76,3250000,,RPTNMLPJIIIGFEA57DA,62.1,3.3,5.2,有,,1.0
士林區,房地(土地+建物)+車位,中山北路六段２３６巷９號五樓,17.19,住,,,1120814,土地1建物1車位1,五層,十四層,住宅大樓(11層含以上有電梯),住家用,1110331,128.24,2,2,1,有,有,30920000,320302.0,坡道平面,40.76,2900000,,RPVNMLPJIIIGFEA77DA,47.84,2.32,5.06,有,,1.0
士林區,房地(土地+建物),雨聲街４２巷１６號四樓,41.75,住,,,1120805,土地1建物1車位0,四層,四層,公寓(5樓含以下無電梯),住家用,0661207,102.21,3,2,2,有,無,17000000,166324.0,,0.0,0,鐵鋁窗其他增建；,RPQNMLRJIIIGFEA47DA,91.23,0.0,10.98,無,,46.0
文山區,房地(土地+建物)+車位,政大二街２１８號,103.18,住,,,1120819,土地1建物1車位1,一層,四層,華廈(10層含以下有電梯),住家用,0981019,230.91,4,2,2,有,有,34200000,160775.0,坡道平面,33.74,2500000,夾層；其他增建；,RPUOMLLJRHIGFAA77DA,120.87,5.12,19.45,有,1999.0,14.0
中正區,房地(土地+建物),汀州路一段１７３號四樓,11.5,住,,,1120828,土地1建物1車位0,四層,四層,公寓(5樓含以下無電梯),住家用,0660216,31.84,2,0,1,有,無,8080000,253769.0,,0.0,0,陽台外推；頂樓加蓋；,RPPNMLRJRHIGFAA77DA,29.99,0.0,1.85,無,2000.0,47.0
文山區,房地(土地+建物),育英街３１巷３４弄８號四樓,36.75,住,,,1120830,土地1建物1車位0,四層，陽臺,四層,公寓(5樓含以下無電梯),住家用,0640903,129.88,6,3,3,有,無,21500000,165537.0,,0.0,0,陽台外推；頂樓加蓋；其他增建；,RPWNMLTKRHIGFAA78DA,129.88,0.0,0.0,無,,48.0
內湖區,房地(土地+建物)+車位,康寧路一段２９２號二樓,26.57,,,,1120819,土地4建物1車位1,二層,十二層,住宅大樓(11層含以上有電梯),住家用,0801021,96.97,1,1,1,有,有,16000000,214082.0,坡道平面,33.9,2500000,,RPWNMLMJIIIGFCA37DA,70.92,1.76,4.41,有,,32.0
南港區,房地(土地+建物)+車位,東新街５８號二樓,28.53,住,,,1120801,土地2建物1車位1,二層,十六層,住宅大樓(11層含以上有電梯),住家用,1110701,213.02,3,2,2,有,無,50300000,277008.0,坡道平面,39.74,2300000,,RPPNMLTJQHIGFDA18DA,104.73,0.0,7.84,有,,1.0
北投區,房地(土地+建物)+車位,磺港路１０８號十五樓,23.99,住,,,1120831,土地2建物1車位1,十五層,十六層,住宅大樓(11層含以上有電梯),住家用,1120526,199.79,3,2,2,有,有,39800000,238968.0,坡道平面,44.33,2650000,,RPXNMLLKRHIGFEA48DA,93.48,0.0,9.61,有,,
北投區,房地(土地+建物),新興路１５２巷６弄２號,33.1,住,,,1120820,土地1建物1車位0,一層,四層,公寓(5樓含以下無電梯),住家用,0690418,93.38,3,2,1,有,無,14250000,152602.0,,0.0,0,其他增建:廚房增建、平台外推法定空地其他增建；,RPRNMLQKIIIGFEA57DA,84.58,8.8,0.0,無,,43.0
大安區,房地(土地+建物),光復南路４２０巷２８號七樓,20.59,住,,,1120815,土地1建物1車位0,七層,七層,華廈(10層含以下有電梯),住家用,0700917,108.01,3,3,2,有,無,36200000,335154.0,,0.0,0,陽台外推；頂樓加蓋；其他增建；,RPPNMLOJIIIGFFA17DA,80.95,0.0,17.74,有,,42.0
文山區,房地(土地+建物),光輝路４７巷５弄３號四樓,28.76,住,,,1120827,土地1建物1車位0,四層,五層,公寓(5樓含以下無電梯),住家用,0710722,131.28,5,2,2,有,無,15000000,114260.0,,0.0,0,陽台外推；其他增建；,RPSOMLOJRHIGFAA87DA,95.85,0.0,26.61,無,,41.0
文山區,房地(土地+建物),興隆路二段９６巷８１號,113.0,住,,,1120826,土地1建物1車位0,全,二層,透天厝,住家用,,133.32,4,2,2,有,無,31300000,234773.0,,0.0,0,頂樓加蓋；,RPQNMLQJRHIGFAA77DA,133.32,0.0,0.0,無,,
文山區,房地(土地+建物)+車位,辛亥路四段７７巷２５號二樓,56.71,住,,,1120829,土地4建物1車位1,二層,十四層,住宅大樓(11層含以上有電梯),住家用,0851107,149.86,3,2,2,有,有,21600000,144135.0,坡道平面,0.0,2000000,陽台外推；其他增建；,RPSOMLMJIIIGFAA86DA,73.31,2.0,8.8,有,,27.0
大同區,房地(土地+建物),赤峰街３３巷１６之３號,18.5,住,,,1120808,土地2建物1車位0,四層,四層,公寓(5樓含以下無電梯),住家用,0580224,35.84,3,1,1,有,無,10600000,295759.0,,0.0,0,陽台外推；頂樓加蓋；,RPXNMLSJQHIGFBA68DA,35.84,0.0,0.0,無,,54.0
中正區,房地(土地+建物),杭州南路一段７７巷７號三樓,57.25,住,,,1120808,土地1建物1車位0,三層,四層,公寓(5樓含以下無電梯),住家用,0611018,158.6,3,2,2,有,無,55500000,349937.0,,0.0,0,,RPUNMLTKIIIGFBA87DA,135.76,0.0,9.41,無,,51.0
大安區,房地(土地+建物),敦化南路一段２９５巷４６號七樓,25.12,住,,,1120807,土地1建物1車位0,七層,七層,華廈(10層含以下有電梯),住家用,0661221,129.96,5,3,3,有,無,49480000,380733.0,,0.0,0,陽台外推；頂樓加蓋；其他增建；,RPQNMLRJRHIGFFA38DA,108.82,0.0,21.14,有,,46.0
內湖區,房地(土地+建物),康寧路一段８５號四樓,28.7,住,,,1120822,土地1建物1車位0,四層,五層,公寓(5樓含以下無電梯),住家用,0691203,94.61,3,1,1,有,無,14500000,153261.0,,0.0,0,,RPPNMLQKIIIGFCA27EA,88.71,0.0,5.9,無,,43.0
文山區,房地(土地+建物)+車位,興隆路四段１０５巷９號十樓,16.28,住,,,1120813,土地1建物1車位1,十層,十二層,住宅大樓(11層含以上有電梯),住家用,0840821,103.97,2,2,1,有,有,17070000,164182.0,坡道平面,0.0,2000000,陽台外推；,RPUNMLLKIIIGFAA96DA,47.98,1.38,5.54,有,,28.0
中山區,房地(土地+建物)+車位,明水路３９７巷７弄４６號四樓之４,17.25,住,,,1120808,土地1建物1車位1,四層,七層,華廈(10層含以下有電梯),住家用,0810618,81.36,2,1,1,有,有,16400000,278111.0,坡道平面,31.38,2500000,陽台外推；其他增建；,RPWOMLNJIIIGFCA57DA,66.15,0.7,3.81,有,2011.0,31.0
內湖區,房地(土地+建物)+車位,康寧路三段５４之６號十三樓,18.92,住,,,1120816,土地1建物1車位1,十三層，電梯樓梯間,十三層,住宅大樓(11層含以上有電梯),住家用,0850904,130.56,2,2,1,有,有,24500000,257943.0,坡道平面,45.26,2500000,,RPUNMLTKIIIGFCA97DA,107.7,2.98,8.34,有,,27.0
士林區,房地(土地+建物),天母西路２２巷１４號三樓,32.5,住,,,1120829,土地1建物1車位0,三層,六層,華廈(10層含以下有電梯),住家用,0690819,173.31,3,2,2,有,有,31250000,180313.0,,0.0,0,含使用權車位一個陽台外推；其他增建；,RPOPMLRLRHIGFEA48DA,133.85,0.0,20.72,有,,44.0
士林區,房地(土地+建物)+車位,中山北路六段２３６巷７號十二樓之１,18.01,住,,,1120828,土地1建物1車位1,十二層,十四層,住宅大樓(11層含以上有電梯),住家用,1110331,132.12,2,2,1,有,有,35680000,357706.0,坡道平面,40.76,3000000,其他增建；,RPPNMLOJIIIGFEA07DA,51.59,2.43,3.66,有,,1.0
士林區,房地(土地+建物),忠誠路一段１６巷２１之１號三樓,38.8,住,,,1120831,土地1建物1車位0,三層,五層,公寓(5樓含以下無電梯),住家用,0710225,139.44,4,2,2,有,無,32900000,235944.0,,0.0,0,,RPPNMLKLIIIGFEA86DA,115.32,0.0,21.49,無,,42.0
文山區,房地(土地+建物)+車位,萬壽路７５巷２１號,70.42,住,,,1120812,土地1建物1車位1,一層，夾層,三層,公寓(5樓含以下無電梯),住家用,0880413,139.57999999999998,4,2,2,有,有,17500000,125376.0,坡道平面,0.0,2000000,陽台外推；夾層；其他增建；,RPROMLMJIIIGFAA76DA,81.98,0.0,6.55,無,2015.0,24.0
信義區,房地(土地+建物),吳興街６００巷８６弄９號四樓,28.36,住,,,1120805,土地2建物1車位0,四層,四層,公寓(5樓含以下無電梯),住家用,0670724,80.36,3,2,2,有,無,17000000,211548.0,,0.0,0,頂樓加蓋；,RPPNMLQJIIIGFDA17DA,67.62,0.0,12.74,無,,45.0
南港區,房地(土地+建物)+車位,經貿二路２４５號九樓,16.37,住,,,1120819,土地1建物1車位1,九層,十三層,住宅大樓(11層含以上有電梯),住家用,1020222,115.79,2,2,1,有,有,27500000,237499.0,塔式車位,0.0,1500000,交易總價2750萬元整內含車位價土地價格:25264400元整、建物價格:2235600元整。塔式車位位於地下2層。,RPOOMLSKIIIGFDA47DA,52.89,6.42,3.68,有,2017.0,10.0
大安區,房地(土地+建物),泰順街１６巷３５號三樓,38.0,住,,,1120813,土地1建物1車位0,三層,四層,公寓(5樓含以下無電梯),住家用,0620725,103.17,3,2,2,有,無,25580000,247940.0,,0.0,0,義務人共有人數2人其他增建；,RPSNMLQKIIIGFFA77DA,92.94,0.0,10.23,無,,50.0
文山區,房地(土地+建物),木柵路一段４９之１號五樓,29.62,住,,,1120812,土地1建物1車位0,五層,五層,公寓(5樓含以下無電梯),住家用,0711230,108.07,5,2,3,有,無,13170000,121865.0,,0.0,0,頂樓加蓋；其他增建；,RPSNMLMJIIIGFAA76DA,86.71,0.0,12.22,無,2018.0,41.0
文山區,房地(土地+建物),育英街６７號六樓,11.11,住,,,1120827,土地1建物1車位0,六層,六層,華廈(10層含以下有電梯),住家用,0840808,45.85,1,1,1,有,有,11800000,257361.0,,0.0,0,夾層；其他增建；,RPSNMLTJIIIGFAA47DA,29.89,4.62,3.55,有,,28.0
萬華區,房地(土地+建物),中華路二段４９８巷１５號,16.78,住,,,1120826,土地1建物1車位0,一層,十二層,住宅大樓(11層含以上有電梯),住家用,0680403,58.39,2,1,1,有,有,11000000,188388.0,,0.0,0,其他增建；,RPRNMLOLIIIGFBA17DA,52.57,5.82,0.0,有,,44.0
中山區,房地(土地+建物)+車位,民生東路二段９３巷１９號八樓,20.68,住,,,1120828,土地1建物1車位1,八層,十三層,住宅大樓(11層含以上有電梯),住家用,1101201,156.8,3,2,2,有,有,42800000,333417.0,坡道平面,37.43,3000000,陽台外推；,RPXNMLMKRHIGFCA38DA,75.17,1.26,8.31,有,,2.0
中山區,房地(土地+建物),龍江路４１５巷３０號四樓,27.4,住,,,1120826,土地1建物1車位0,四層,五層,公寓(5樓含以下無電梯),住家用,0710225,97.75,3,2,1,有,無,18880000,193146.0,,0.0,0,陽台外推；,RPPNMLTJIIIGFCA37DA,84.05,0.0,13.7,無,2021.0,42.0
信義區,房地(土地+建物),松信路１８號三樓,30.61,住,,,1120827,土地3建物1車位0,三層,五層,公寓(5樓含以下無電梯),住家用,0701229,109.29,3,2,2,有,無,21880000,200201.0,,0.0,0,,RPSNMLSLRHIGFDA68DA,93.68,0.0,7.09,無,,42.0
士林區,房地(土地+建物),中山北路七段１４巷５０弄１９號三樓,35.57,住,,,1120818,土地1建物1車位0,三層,五層,公寓(5樓含以下無電梯),住家用,0750327,118.31,3,2,2,有,無,18000000,152143.0,,0.0,0,,RPPNMLQLQHIGFEA18DA,96.53,0.0,16.36,無,2023.0,37.0
士林區,房地(土地+建物),承德路四段２９０號十二樓,15.72,住,,,1120822,土地1建物1車位0,十二層,十二層,住宅大樓(11層含以上有電梯),住家用,0750616,119.92,3,4,3,有,有,25000000,208472.0,,0.0,0,陽台外推；頂樓加蓋；其他增建；,RPVNMLKLRHIGFEA28DA,84.42,5.31,10.23,有,,37.0
大安區,房地(土地+建物),和平東路二段１７５巷３３號,30.47,住,,,1120807,土地2建物1車位0,一層，地下層,六層,華廈(10層含以下有電梯),住家用,0600118,136.38,1,2,1,有,無,30600000,224373.0,,0.0,0,,RPRNMLSLRHIGFFA78DA,136.38,0.0,0.0,有,,53.0
大安區,房地(土地+建物),仁愛路四段３００巷１１號六樓之１３,8.11,住,,,1120806,土地1建物1車位0,六層,七層,華廈(10層含以下有電梯),住家用,0721128,49.79,1,1,1,有,有,14300000,287206.0,,0.0,0,陽台外推；其他增建；,RPPOMLSKIIIGFFA77DA,36.91,0.0,2.95,有,2024.0,40.0
大安區,房地(土地+建物),忠孝東路四段２１６巷８弄１０號三樓,31.0,住,,,1120829,土地1建物1車位0,三層，露台,七層,華廈(10層含以下有電梯),住家用,,137.76,3,2,2,有,無,36460000,264663.0,,0.0,0,建築物含有：前陽台外推約2坪左右陽台外推；,RPRNMLPLIIIGFFA77EA,137.76,0.0,0.0,有,2025.0,
中山區,房地(土地+建物),德惠街１６７巷４號四樓,36.5,住,,,1120828,土地1建物1車位0,四層，露台,四層,公寓(5樓含以下無電梯),住家用,0610212,99.62,3,2,1,有,無,16330000,163923.0,,0.0,0,其他增建；,RPQNMLTJIIIGFCA47DA,99.62,0.0,0.0,無,,52.0
內湖區,房地(土地+建物),內湖路三段２３９號三樓,32.28,住,,,1120820,土地2建物1車位0,三層,五層,公寓(5樓含以下無電梯),住家用,0720823,119.24,3,2,2,有,無,16480000,138209.0,,0.0,0,陽台外推；其他增建；,RPQNMLMKIIIGFCA86DA,89.98,0.0,10.08,無,2032.0,40.0
內湖區,房地(土地+建物)+車位,康樂街１５１巷５之１號三樓,28.19,住,,,1120828,土地1建物1車位1,三層,七層,華廈(10層含以下有電梯),住家用,0830707,96.67,2,1,1,有,無,14520000,185962.0,坡道平面,30.43,2200000,,RPUNMLNLIIIGFCA47DA,73.58,0.63,5.58,有,,29.0
信義區,房地(土地+建物),中坡南路９６號六樓,22.44,住,,,1120822,土地1建物1車位0,六層,七層,華廈(10層含以下有電梯),住家用,0780505,150.26000000000002,4,2,2,有,無,32200000,214295.0,,0.0,0,其他增建；,RPVPMLLJRHIGFDA28DA,122.29,0.35,11.13,有,,34.0
南港區,房地(土地+建物),舊莊街一段１９９巷１弄１號四樓,26.6,住,,,1120812,土地4建物1車位0,四層,四層,公寓(5樓含以下無電梯),住家用,0660919,79.43,2,2,1,有,無,11470000,144404.0,,0.0,0,頂樓加蓋；其他增建；,RPQNMLNJIIIGFDA96DA,67.65,0.0,11.78,無,,46.0
松山區,房地(土地+建物),八德路三段１２巷５７弄２３號二樓,28.75,住,,,1120821,土地1建物1車位0,二層,四層,公寓(5樓含以下無電梯),住家用,0560829,70.39,3,2,1,有,無,17330000,246200.0,,0.0,0,陽台外推；其他增建；,RPSOMLMKIIIGFDA27DA,70.39,0.0,0.0,無,,56.0
北投區,房地(土地+建物)+車位,明德路８號三樓,21.14,住,,,1120826,土地1建物1車位2,三層,十二層,住宅大樓(11層含以上有電梯),住家用,1070426,168.57,3,2,2,有,有,39880000,236578.0,坡道機械,0.0,2700000,,RPOOMLNKIIIGFEA07DA,74.87,6.85,8.7,有,2033.0,5.0
大安區,房地(土地+建物),濟南路三段３０號五樓,32.05,住,,,1120815,土地1建物1車位0,五層，陽臺,七層,華廈(10層含以下有電梯),住家用,0660121,168.49,4,2,2,有,無,44000000,261143.0,,0.0,0,陽台外推；其他增建；,RPWPMLQJIIIGFFA28DA,168.49,0.0,0.0,有,,47.0
內湖區,房地(土地+建物)+車位,成功路四段１６７巷１號十一樓之２,35.86,住,,,1120828,土地2建物1車位2,十一層,十七層,住宅大樓(11層含以上有電梯),住家用,0940627,275.57,3,2,2,有,有,59500000,215916.0,坡道平面,0.0,0,,RPRNMLPLIIIGFCA47EA,117.6,3.88,10.18,有,2035.0,18.0
文山區,房地(土地+建物),木柵路一段６７號二樓,29.75,住,,,1120806,土地1建物1車位0,二層，陽臺,四層,公寓(5樓含以下無電梯),住家用,0630710,83.59,4,2,1,有,無,12700000,151932.0,,0.0,0,其他增建；,RPSNMLMLRHIGFAA77DA,83.59,0.0,0.0,無,,49.0
大同區,房地(土地+建物),承德路三段２０８巷９３號四樓,19.11,住,,,1120806,土地1建物1車位0,四層,七層,華廈(10層含以下有電梯),住家用,0720630,104.17,3,2,2,有,有,22000000,211193.0,,0.0,0,陽台外推；其他增建；,RPTOMLMKIIIGFBA17DA,80.31,0.0,12.54,有,2037.0,40.0
內湖區,房地(土地+建物)+車位,安泰街１２５巷１５號二樓,19.09,住,,,1120827,土地1建物1車位1,二層，電梯樓梯間,七層,華廈(10層含以下有電梯),住家用,0850715,78.3,1,2,1,有,有,13600000,173691.0,坡道機械,0.0,0,陽台外推；夾層；其他增建；,RPXNMLLLRHIGFCA38DA,44.41,2.39,4.76,有,2038.0,27.0
文山區,建物,萬寧街１７７號六樓,0.0,,,,1120821,土地0建物1車位0,六層,十六層,住宅大樓(11層含以上有電梯),住家用,0861030,151.69,3,2,1,有,有,8450000,55706.0,,0.0,0,其他增建；地上權房屋；,RPVNMLRLRHIGFAA58DA,86.71,0.0,11.46,有,,26.0
文山區,房地(土地+建物)+車位,興隆路二段３０１巷２２號九樓之１,33.1,住,,,1120827,土地1建物1車位1,九層,九層,華廈(10層含以下有電梯),住家用,0840511,117.55,3,2,2,有,有,22000000,187154.0,坡道機械,0.0,1800000,陽台外推；其他增建；,RPXNMLKLIIIGFAA27DA,74.73,2.62,6.36,有,2042.0,28.0
文山區,房地(土地+建物),辛亥路四段７７巷９２弄１１號三樓之３,35.22,住,,,1120826,土地3建物1車位0,三層,十四層,住宅大樓(11層含以上有電梯),住家用,0920922,55.709999999999994,1,1,1,有,有,10600000,190271.0,,0.0,0,另有大安區辛亥段四小段615-1、615-2、762-1地號，同一價格。其他增建；預售屋、或土地及建物分件登記案件；,RPQNMLLLIIIGFAA66DA,34.49,0.0,3.31,有,2043.0,20.0
中正區,房地(土地+建物)+車位,水源路３７之３號二樓,17.69,住,,,1120815,土地1建物1車位1,二層,十三層,住宅大樓(11層含以上有電梯),住家用,1070223,172.03,3,2,2,有,有,31700000,202712.0,坡道平面,27.49,2400000,,RPSNMLKMIIIGFAA86DA,80.55,7.62,8.23,有,,5.0
中正區,房地(土地+建物),金山南路一段１２７之２號四樓,23.2,住,,,1120808,土地1建物1車位0,四層,五層,公寓(5樓含以下無電梯),住家用,0590331,90.71,3,2,1,有,無,24500000,270092.0,,0.0,0,,RPVNMLSJQHIGFBA48DA,90.71,0.0,0.0,無,,53.0
北投區,房地(土地+建物)+車位,磺港路１０６號二樓,27.46,住,,,1120805,土地2建物1車位2,二層,十六層,住宅大樓(11層含以上有電梯),住家用,1120526,264.2,4,2,2,有,有,39500000,200429.0,坡道平面,87.08,4000000,,RPWNMLOLQHIGFEA68DA,107.86,0.0,9.33,有,,
士林區,房地(土地+建物)+車位,中山北路六段２３６巷９號六樓,17.19,住,,,1120820,土地1建物1車位1,六層,十四層,住宅大樓(11層含以上有電梯),住家用,1110331,128.24,2,2,1,有,有,31980000,330133.0,坡道平面,40.76,3100000,,RPUNMLQJIIIGFEA77DA,47.84,2.32,5.06,有,,1.0
北投區,房地(土地+建物)+車位,稻香路２２７號五樓,48.0,住,,,1120830,土地1建物1車位1,五層,五層,華廈(10層含以下有電梯),住家用,1101015,124.23,2,2,1,有,有,19880000,214569.0,坡道平面,40.9,2000000,含家電含裝潢費；,RPRNMLQLIIIGFEA67DA,45.6,3.7,5.0,有,,2.0
大安區,房地(土地+建物),安和路二段３２巷１２號三樓,23.59,住,,,1120826,土地8建物1車位0,三層,七層,華廈(10層含以下有電梯),住家用,0700331,141.95,3,2,2,有,無,46000000,324058.0,,0.0,0,陽台外推；其他增建；,RPPNMLKLRHIGFFA77DA,102.45,0.0,24.24,有,2045.0,42.0
大安區,房地(土地+建物),新生南路一段９７巷１６號四樓,27.92,住,,,1120830,土地1建物1車位0,四層,六層,華廈(10層含以下有電梯),住家用,0730126,127.96,3,2,2,有,有,42090000,328931.0,,0.0,0,陽台外推；其他增建；,RPWNMLQLRHIGFFA09DA,95.48,1.33,10.21,有,,40.0
中正區,房地(土地+建物),同安街９１之５號三樓,31.25,住,,,1120824,土地1建物1車位0,三層,四層,公寓(5樓含以下無電梯),住家用,0630521,79.45,2,1,1,有,無,17800000,224040.0,,0.0,0,,RPRNMLKMIIIGFAA86EA,69.92,0.0,9.53,無,2046.0,49.0
文山區,房地(土地+建物),秀明路二段１１２巷１８號五樓,38.18,住,,,1120817,土地2建物1車位0,五層,五層,公寓(5樓含以下無電梯),住家用,0701231,127.27,4,2,2,有,無,18680000,146775.0,,0.0,0,陽台外推；其他增建；,RPTNMLQLRHIGFAA28DA,101.26,0.0,16.24,無,,42.0
松山區,房地(土地+建物),敦化南路一段６７號六樓,27.21,住,,,1120814,土地7建物1車位0,六層,七層,華廈(10層含以下有電梯),住家用,0721024,142.85000000000002,2,2,2,有,無,49500000,346517.0,,0.0,0,陽台外推；其他增建；,RPPOMLOKRHIGFDA97DA,121.82,0.0,15.01,有,,40.0
北投區,房地(土地+建物)+車位,奇岩路８號,97.6,住,,,1120829,土地2建物1車位1,一層,五層,華廈(10層含以下有電梯),住家用,0900502,186.8,3,1,2,有,無,30000000,160600.0,坡道平面,0.0,0,,RPSNMLRLIIIGFEA87DA,109.27,0.0,9.64,有,,22.0
北投區,房地(土地+建物)+車位,奇岩路８之１號,97.6,住,,,1120829,土地2建物1車位1,一層,五層,華廈(10層含以下有電梯),住家用,0900502,190.46,2,1,2,有,無,30000000,157513.0,坡道平面,0.0,0,,RPTNMLRLIIIGFEA97DA,109.27,0.0,13.3,有,,22.0
北投區,房地(土地+建物),中央北路四段１３８巷７號三樓,14.22,住,,,1120825,土地1建物1車位0,三層,五層,公寓(5樓含以下無電梯),住家用,0730809,55.3,3,2,1,有,無,5200000,94033.0,,0.0,0,,RPRNMLLMIIIGFEA37EA,45.88,0.0,5.41,無,2048.0,39.0
大安區,房地(土地+建物),敦化南路一段２３３巷３２號五樓,39.9,住,,,1120821,土地1建物1車位0,五層，陽臺,七層,華廈(10層含以下有電梯),住家用,0651231,163.82,4,2,2,有,有,47000000,286900.0,,0.0,0,其他增建；,RPPNMLSJIIIGFFA57DA,163.82,0.0,0.0,有,,47.0
內湖區,房地(土地+建物),大湖山莊街２１９巷５２號,51.53,住,,,1120826,土地1建物1車位0,一層,五層,公寓(5樓含以下無電梯),住家用,0760410,140.0,4,2,3,有,有,22500000,160703.0,,0.0,0,其他增建；,RPWNMLLMIIIGFCA57DA,120.01,11.43,0.0,無,,36.0
內湖區,房地(土地+建物),康寧路一段２１４巷１５號二樓,25.38,住,,,1120824,土地4建物1車位0,二層,四層,公寓(5樓含以下無電梯),住家用,0691002,124.81,4,2,2,有,無,18450000,147825.0,,0.0,0,陽台外推；,RPQOMLLJJIIGFCA86DA,112.07,0.0,12.74,無,,43.0
士林區,房地(土地+建物),社中街２３１巷２１號三樓,54.73,住,,,1120829,土地1建物1車位0,三層,四層,公寓(5樓含以下無電梯),住家用,0670726,160.63,7,0,7,有,無,18000000,112059.0,,0.0,0,其他增建；,RPQNMLNKIIIGFEA17DA,121.46,0.0,30.29,無,,45.0
中正區,房地(土地+建物)+車位,水源路３７之６號三樓,11.31,住,,,1120807,土地1建物1車位1,三層,十三層,住宅大樓(11層含以上有電梯),住家用,1070223,119.11,2,2,1,有,有,20200000,204480.0,坡道平面,32.06,2400000,,RPRNMLMLRHIGFAA67DA,49.67,3.76,3.74,有,,5.0
內湖區,房地(土地+建物),康樂街１３６巷１９號五樓,30.3,住,,,1120801,土地3建物1車位0,五層,五層,公寓(5樓含以下無電梯),住家用,0721103,107.23,5,4,4,有,無,15000000,139886.0,,0.0,0,,RPXNMLMJIIIGFCA47DA,97.56,0.0,9.67,無,,40.0
中山區,房地(土地+建物),合江街５８巷１５號二樓,45.75,住,,,1120828,土地1建物1車位0,二層,四層,公寓(5樓含以下無電梯),住家用,0620907,112.03,5,0,5,有,無,24000000,214228.0,,0.0,0,,RPRNMLQJJIIGFCA37DA,112.03,0.0,0.0,無,,50.0
中山區,房地(土地+建物),合江街５８巷１５號三樓,45.75,住,,,1120828,土地1建物1車位0,三層,四層,公寓(5樓含以下無電梯),住家用,0620907,112.03,5,0,5,有,無,24000000,214228.0,,0.0,0,,RPSNMLQJJIIGFCA47DA,112.03,0.0,0.0,無,,50.0
中山區,房地(土地+建物),合江街５８巷１５號四樓,45.75,住,,,1120828,土地1建物1車位0,四層,四層,公寓(5樓含以下無電梯),住家用,0620907,112.03,9,0,9,有,無,24000000,214228.0,,0.0,0,頂樓加蓋；,RPTNMLQJJIIGFCA57DA,112.03,0.0,0.0,無,,50.0
內湖區,房地(土地+建物),康樂街１２５號五樓,41.73,住,,,1120811,土地1建物1車位0,五層,五層,公寓(5樓含以下無電梯),住家用,0751115,130.27,5,4,4,有,無,21000000,161204.0,,0.0,0,頂樓加蓋屋突：2房2廳2衛五樓：3房2廳2衛頂樓加蓋；,RPVOMLQJJIIGFCA87DA,93.0,9.46,15.74,無,,37.0
士林區,房地(土地+建物),雙溪街１５６號三樓,23.55,住,,,1120829,土地3建物1車位0,三層,五層,公寓(5樓含以下無電梯),住家用,0670810,90.98,3,2,1,有,無,14450000,158826.0,,0.0,0,,RPPOMLPKRHIGFEA18DA,76.62,0.0,14.36,無,,45.0
大安區,房地(土地+建物)+車位,四維路１８６巷１號二樓,61.8,住,,,1120828,土地4建物1車位1,二層,六層,華廈(10層含以下有電梯),住家用,0580815,219.9,4,2,2,有,有,53200000,241928.0,一樓平面,0.0,0,,RPXNMLQJJIIGFFA28DA,191.58,0.0,28.32,有,,54.0
文山區,房地(土地+建物),福興路１００之２號五樓,17.86,住,,,1120826,土地1建物1車位0,五層,九層,華廈(10層含以下有電梯),住家用,0910912,70.02,2,2,1,有,有,12700000,181377.0,,0.0,0,陽台外推；其他增建；,RPUNMLLJRHIGFAA67DA,46.73,0.0,4.74,有,,21.0
萬華區,房地(土地+建物),雙園街１５６號,53.0,住,,,1120829,土地1建物1車位0,全,二層,透天厝,住家用,0500101,79.54,3,2,1,有,無,17000000,213729.0,,0.0,0,其他增建；,RPVNMLSKIIIGFBA87DA,79.54,0.0,0.0,無,,63.0
內湖區,房地(土地+建物),東湖路１２０號六樓之１,21.27,住,,,1120806,土地1建物1車位0,六層，電梯樓梯間,九層,華廈(10層含以下有電梯),住家用,0861204,74.49000000000001,2,2,1,有,有,15600000,209424.0,,0.0,0,陽台外推；其他增建；,RPUOMLLKIIIGFCA27DA,55.63,2.47,7.46,有,,26.0
南港區,房地(土地+建物),福德街４２７號四樓,21.15,住,,,1120827,土地1建物1車位0,四層,十八層,住宅大樓(11層含以上有電梯),住家用,0870521,127.97,3,2,1,有,有,22200000,173478.0,,0.0,0,,RPPNMLSJIIIGFDA37DA,69.87,0.0,8.06,有,,25.0
南港區,房地(土地+建物),福德街４１１號五樓,21.15,住,,,1120826,土地1建物1車位0,五層,十四層,住宅大樓(11層含以上有電梯),住家用,0870521,127.97,3,2,1,有,有,22500000,175822.0,,0.0,0,,RPQNMLLKIIIGFDA86DA,69.87,0.0,8.06,有,,25.0
大安區,房地(土地+建物),和平東路三段１巷７２弄１４號十八樓,19.94,住,,,1120806,土地1建物1車位0,十八層,十九層,住宅大樓(11層含以上有電梯),住家用,0740522,102.58,2,2,1,有,有,26690000,260187.0,,0.0,0,陽台外推；其他增建；,RPPNMLKLIIIGFFA96DA,75.13,1.26,7.07,有,,38.0
士林區,房地(土地+建物),前港街２０號四樓,24.0,住,,,1120811,土地1建物1車位0,四層,四層,公寓(5樓含以下無電梯),住家用,0620911,76.05,5,2,2,有,無,13800000,181460.0,,0.0,0,頂樓加蓋；,RPSNMLRJJIIGFEA87EA,76.05,0.0,0.0,無,,50.0
南港區,房地(土地+建物)+車位,經貿二路１５７巷３６弄１０１號十樓之１,11.07,住,,,1120810,土地1建物1車位1,十層,十一層,住宅大樓(11層含以上有電梯),住家用,1020812,81.58000000000001,2,1,1,有,有,21500000,263545.0,其他,0.0,0,其他增建；,RPRNMLTKIIIGFDA77DA,38.46,0.0,5.42,有,2056.0,10.0
大同區,房地(土地+建物),大龍街９１巷１２號九樓之１３,8.11,住,,,1120813,土地1建物1車位0,九層,十三層,住宅大樓(11層含以上有電梯),住家用,1110422,57.150000000000006,1,1,1,有,有,13500000,236220.0,,0.0,0,,RPPNMLSJJIIGFBA37EA,35.01,0.0,3.01,有,,1.0
內湖區,房地(土地+建物),陽光街９２巷６號四樓,21.68,住,,,1120822,土地2建物1車位0,四層,五層,公寓(5樓含以下無電梯),住家用,0711224,67.95,2,2,1,有,無,13880000,204268.0,,0.0,0,,RPROMLNJJIIGFCA17DA,61.79,0.0,6.16,無,2059.0,41.0
松山區,房地(土地+建物),敦化北路２２２巷１８弄２號五樓之１,12.95,住,,,1120830,土地1建物1車位0,五層,七層,華廈(10層含以下有電梯),住家用,0720526,80.86,2,2,1,有,有,23000000,284442.0,,0.0,0,陽台外推；,RPTNMLLJJIIGFDA17DA,60.16,0.0,8.21,有,,40.0
文山區,房地(土地+建物)+車位,汀州路四段２１５號十樓,36.9,住,,,1120813,土地1建物1車位1,十層,十四層,住宅大樓(11層含以上有電梯),住家用,0991105,191.05,3,2,2,有,有,38800000,203088.0,坡道平面,0.0,0,其他增建；,RPSQMLLMIIIGFAA27DA,103.58,0.0,11.77,有,,13.0
大同區,房地(土地+建物),昌吉街９６號七樓,39.03,住,,,1120825,土地2建物1車位0,七層,七層,華廈(10層含以下有電梯),住家用,0801120,176.13,4,2,2,有,無,30660000,174076.0,,0.0,0,陽台外推；其他增建；,RPSPMLRKIIIGFBA67DA,122.9,5.03,16.72,有,,32.0
萬華區,房地(土地+建物),青年路５０號九樓之３,23.4,住,,,1120831,土地1建物1車位0,九層,十二層,住宅大樓(11層含以上有電梯),住家用,0760316,110.82,3,2,2,有,有,20500000,184985.0,,0.0,0,其他增建；,RPROMLQJJIIGFBA37DA,75.21,0.0,11.3,有,2060.0,36.0
內湖區,房地(土地+建物)+車位,新富街１６６號三樓,54.32,住,,,1120831,土地1建物1車位2,三層,十四層,住宅大樓(11層含以上有電梯),住家用,1010601,377.75,4,2,3,有,有,72000000,228755.0,坡道平面,84.86,5000000,,RPRNMLMKIIIGFCA96DA,171.77,7.88,19.64,有,,11.0
中山區,房地(土地+建物)+車位,建國北路二段１１６巷２０號七樓,35.42,住,,,1120820,土地1建物1車位1,七層,七層,華廈(10層含以下有電梯),住家用,0731017,195.27,8,4,3,有,有,49880000,276598.0,坡道平面,27.59,3500000,陽台外推；頂樓加蓋；其他增建；,RPUOMLSJJIIGFCA97DA,165.1,9.91,9.19,有,,39.0
南港區,房地(土地+建物)+車位,經貿二路１５７巷４８號七樓,55.05,住,,,1120828,土地1建物1車位2,七層,二十三層,住宅大樓(11層含以上有電梯),住家用,1010716,350.26,3,2,3,有,有,96880000,276595.0,坡道平面,0.0,6000000,,RPOOMLPLRHIGFDA08DA,180.49,10.43,20.55,有,2062.0,11.0
士林區,房地(土地+建物),中山北路七段１５９巷１０號七樓,40.29,住,,,1120819,土地1建物1車位0,七層,七層,華廈(10層含以下有電梯),住家用,0731122,184.28,4,2,3,有,無,27880000,151292.0,,0.0,0,陽台外推；頂樓加蓋；其他增建；,RPTNMLKMIIIGFEA37DA,140.89,0.0,15.64,有,,39.0
北投區,房地(土地+建物)+車位,稻香路２２９號五樓,47.96,住,,,1120829,土地1建物1車位1,五層,五層,華廈(10層含以下有電梯),住家用,1101015,124.17000000000002,2,2,1,有,有,18960000,203675.0,坡道平面,40.9,2000000,含家電,RPQNMLMJJIIGFEA07DA,45.6,3.7,4.94,有,,2.0
北投區,房地(土地+建物)+車位,稻香路２３９號五樓,74.02,住,,,1120830,土地1建物1車位1,五層,五層,華廈(10層含以下有電梯),住家用,1101015,169.34,3,2,2,有,有,28160000,202896.0,坡道平面,40.9,2100000,含裝潢設備及家電,RPPOMLTJJIIGFEA77DA,71.73,7.45,4.52,有,,2.0
北投區,房地(土地+建物)+車位,稻香路２２１號四樓,48.6,住,,,1120802,土地1建物1車位1,四層,五層,華廈(10層含以下有電梯),住家用,1101015,125.29,2,2,1,有,有,19780000,210688.0,坡道平面,40.9,2000000,含裝潢設備及家電,RPQOMLTJJIIGFEA87DA,48.21,1.55,5.21,有,,2.0
大安區,房地(土地+建物),安和路二段１１８號十二樓,22.39,住,,,1120822,土地2建物1車位0,十二層,十二層,住宅大樓(11層含以上有電梯),住家用,0770109,175.56,3,3,3,有,有,63380000,361016.0,,0.0,0,陽台外推；頂樓加蓋；其他增建；,RPWNMLNKIIIGFFA87DA,120.45,16.24,14.08,有,,36.0
內湖區,房地(土地+建物)+車位,民權東路六段４１７號九樓,41.92,住,,,1120813,土地1建物1車位1,九層,十一層,住宅大樓(11層含以上有電梯),住家用,0890915,223.13,3,2,2,有,有,41800000,187335.0,坡道平面,44.88,0,,RPUOMLNKJIIGFCA57DA,132.65,0.0,10.14,有,,23.0
士林區,房地(土地+建物),承德路四段６巷４８號四樓,38.12,住,,,1120826,土地1建物1車位0,四層,四層,公寓(5樓含以下無電梯),住家用,0630417,91.93,2,2,1,有,無,16260000,176874.0,,0.0,0,其他增建；,RPUNMLLJJIIGFEA37DA,78.77,0.0,13.16,無,2071.0,49.0
大安區,房地(土地+建物),通化街１０１巷４０號二樓,29.42,住,,,1120826,土地1建物1車位0,二層,五層,公寓(5樓含以下無電梯),住家用,0700604,103.46,3,2,2,有,無,22300000,215542.0,,0.0,0,陽台外推；其他增建；,RPXNMLQLRHIGFFA56DA,86.14,0.0,17.32,無,,42.0
文山區,房地(土地+建物),興隆路四段７４巷５號六樓,17.08,住,,,1120821,土地1建物1車位0,六層,七層,華廈(10層含以下有電梯),住家用,0711015,132.2,3,2,2,有,無,17000000,128593.0,,0.0,0,陽台外推；其他增建；,RPRNMLOJRHIGFAA67DA,76.21,21.78,5.61,有,,41.0
文山區,房地(土地+建物)+車位,木柵路二段１０９巷１００弄３０號五樓,90.22,住,,,1120831,土地2建物1車位1,五層,十七層,住宅大樓(11層含以上有電梯),住家用,0850925,152.98000000000002,4,2,2,有,有,23500000,157203.0,坡道機械,13.67,1600000,其他增建；,RPUNMLNLIIIGFAA27DA,98.5,0.79,11.69,有,,27.0
信義區,房地(土地+建物),崇德街３８巷５號三樓,20.75,住,,,1120830,土地1建物1車位0,三層，陽臺,四層,公寓(5樓含以下無電梯),住家用,0650206,61.94,3,2,1,有,無,17500000,282531.0,,0.0,0,天井陽台外推；其他增建；,RPOPMLOJIIIGFDA07DA,61.94,0.0,0.0,無,2073.0,48.0
信義區,房地(土地+建物),永吉路３０巷１５７弄１９號,19.25,住,,,1120825,土地1建物1車位0,一層，平台,四層,公寓(5樓含以下無電梯),住家用,0610904,66.84,1,1,1,有,無,30310000,453471.0,,0.0,0,其他增建；,RPROMLLJJIIGFDA07DA,66.84,0.0,0.0,無,2074.0,51.0
內湖區,房地(土地+建物)+車位,安泰街８９號七樓,23.14,住,,,1120812,土地1建物1車位1,七層,十層,華廈(10層含以下有電梯),住家用,0970619,132.77,3,2,2,有,有,18300000,148384.0,坡道機械,19.55,1500000,,RPUNMLKKJIIGFCA27EA,61.74,5.82,11.73,有,,15.0
內湖區,房地(土地+建物),南京東路六段９３號三樓,49.24,住,,,1120819,土地1建物1車位0,三層,九層,華廈(10層含以下有電梯),住家用,0860526,130.89999999999998,3,2,1,有,有,23300000,177998.0,,0.0,0,陽台外推；其他增建；,RPSNMLNKRHIGFCA97DA,74.88,0.0,8.44,有,2076.0,26.0
南港區,房地(土地+建物)+車位,經貿二路１５７巷５６號七樓,50.08,住,,,1120828,土地1建物1車位2,七層,二十三層,住宅大樓(11層含以上有電梯),住家用,1010716,319.8,4,2,2,有,有,85980000,289363.0,坡道平面,43.4,6000000,,RPPOMLPLRHIGFDA18DA,159.0,15.29,16.82,有,2077.0,11.0
士林區,房地(土地+建物),忠誠路一段７９號七樓,23.17,住,,,1120829,土地1建物1車位0,七層,七層,華廈(10層含以下有電梯),住家用,0740118,150.46,3,1,2,有,有,27000000,179450.0,,0.0,0,,RPSNMLKLJIIGFEA37EA,120.25,0.0,9.58,有,,39.0
文山區,房地(土地+建物),興隆路一段２７１巷２弄１號三樓,41.75,住,,,1120820,土地1建物1車位0,三層，陽臺,四層,公寓(5樓含以下無電梯),住家用,0600604,101.28,2,2,2,有,無,14500000,143167.0,,0.0,0,其他增建；,RPWOMLKLRHIGFAA08DA,101.28,0.0,0.0,無,,52.0
內湖區,房地(土地+建物),文湖街２１巷１１８弄１０號七樓,23.7,住,,,1120823,土地1建物1車位0,七層,八層,華廈(10層含以下有電梯),住家用,1010423,99.59,2,2,1,有,有,15680000,157446.0,,0.0,0,,RPOOMLNJJIIGFCA86DA,61.22,1.21,7.06,有,2079.0,11.0
士林區,房地(土地+建物),中社路二段１８５巷６弄６號,195.0,住,,,1120803,土地1建物1車位0,全,二層,透天厝,住家用,0650103,103.36,4,2,2,有,無,15700000,151896.0,,0.0,0,其他增建；,RPPOMLLJJIIGFEA96DA,103.36,0.0,0.0,無,,48.0
士林區,房地(土地+建物)+車位,德行東路２５８號八樓之１,22.35,住,,,1120825,土地1建物2車位2,八層,十四層,住宅大樓(11層含以上有電梯),住家用,1110706,232.4,0,0,0,無,有,52440000,313923.0,坡道平面,81.28,5000000,,RPTOMLRJRHIGFEA68DA,88.15,8.24,5.16,有,,1.0
北投區,房地(土地+建物),崇仰一路３之２號四樓,32.2,住,,,1120831,土地1建物1車位0,四層,五層,公寓(5樓含以下無電梯),住家用,0710525,109.19,3,2,1,有,無,13800000,126385.0,,0.0,0,,RPSNMLNLJIIGFEA67EA,101.33,0.0,7.86,無,,41.0
南港區,房地(土地+建物),福德街３７３巷１５號十三樓,29.6,住,,,1120827,土地1建物1車位0,十三層,十八層,住宅大樓(11層含以上有電梯),住家用,0870521,174.74,4,2,2,有,有,33100000,189424.0,,0.0,0,陽台外推；其他增建；,RPQNMLPLIIIGFDA37DA,96.35,0.0,8.34,有,,25.0
北投區,房地(土地+建物),中山北路七段２１９巷３弄９１號七樓,15.6,住,,,1120823,土地1建物1車位0,七層,七層,華廈(10層含以下有電梯),住家用,0730920,70.87,1,2,1,有,有,14100000,198956.0,,0.0,0,陽台外推；頂樓加蓋；其他增建；,RPRNMLTKIIIGFEA87DA,58.22,0.0,8.58,有,,39.0
大安區,房地(土地+建物),瑞安街２５６巷２７號三樓,35.75,住,,,1120819,土地1建物1車位0,三層,四層,公寓(5樓含以下無電梯),住家用,0570930,99.43,3,2,1,有,無,27300000,274565.0,,0.0,0,陽台外推；其他增建；,RPOOMLRJRHIGFFA28DA,86.92,0.0,12.51,無,,55.0
北投區,房地(土地+建物)+車位,稻香路２５３號五樓,72.64,住,,,1120814,土地1建物1車位2,五層,五層,華廈(10層含以下有電梯),住家用,1101015,207.86,3,2,2,有,有,29800000,204664.0,坡道平面,81.8,4000000,含家電含裝潢費150000元；,RPRNMLMJJIIGFEA17DA,71.36,6.49,4.31,有,,2.0
大安區,房地(土地+建物),大安路一段１９巷１４號五樓,23.84,住,,,1120826,土地3建物1車位0,五層，陽臺，見其他登記事項,七層,華廈(10層含以下有電梯),住家用,,120.72,2,2,2,有,無,35680000,295560.0,,0.0,0,陽台外推；其他增建；,RPRNMLKKJIIGFFA17DA,120.72,0.0,0.0,有,2083.0,
萬華區,房地(土地+建物),武成街１５號三樓,25.7,住,,,1120828,土地1建物1車位0,三層,五層,公寓(5樓含以下無電梯),住家用,0701231,99.64,3,2,2,有,無,11800000,118426.0,,0.0,0,陽台外推；其他增建；,RPTNMLSJRHIGFBA38DA,75.35,0.0,24.29,無,,42.0
大同區,房地(土地+建物)+車位,南京西路４４８號五樓之１,22.38,住,,,1120807,土地2建物1車位1,五層,十二層,住宅大樓(11層含以上有電梯),住家用,1120526,189.46,3,2,2,有,有,46670000,289565.0,坡道平面,38.82,3050000,,RPRQMLRJJIIGFBA67DA,84.35,1.34,11.5,有,,
文山區,房地(土地+建物)+車位,木柵路四段９巷１０號,70.99,住,,,1120827,土地2建物1車位1,一層,十九層,住宅大樓(11層含以上有電梯),住家用,0870815,161.07,3,2,2,有,有,26500000,164525.0,坡道平面,0.0,2500000,陽台外推；其他增建；,RPSNMLNJJIIGFAA96DA,80.79,2.4,15.47,有,,25.0
士林區,房地(土地+建物)+車位,中山北路六段２５２巷１６號八樓,36.31,住,,,1120825,土地1建物1車位1,八層,八層,華廈(10層含以下有電梯),住家用,0820730,148.26,2,2,2,有,有,33000000,222582.0,坡道平面,55.82,0,陽台外推；,RPWNMLKKJIIGFEA57DA,83.11,0.88,8.45,有,,30.0
士林區,房地(土地+建物),忠誠路二段１７２巷２號,123.0,住,,,1120808,土地1建物1車位0,全,二層,透天厝,住家用,0620611,125.06,0,0,0,無,無,180000000,1439309.0,,0.0,0,,RPSOMLRLJIIGFEA08DA,125.06,0.0,0.0,無,,50.0
士林區,房地(土地+建物),雨農路６１號五樓,40.01,住,,,1120810,土地1建物1車位0,五層,五層,公寓(5樓含以下無電梯),住家用,0770202,115.56,3,2,2,有,無,16500000,142783.0,,0.0,0,本案確依土地法第34條之1第1項至第3項規定辦理頂樓加蓋；其他增建；,RPPNMLLKRHIGFEA67DA,93.04,1.14,9.16,無,,36.0
文山區,房地(土地+建物),政大三街３５號四樓之２,29.48,住,,,1120721,土地1建物1車位0,四層,五層,華廈(10層含以下有電梯),住家用,0950724,53.64,1,1,1,有,有,9800000,182699.0,,0.0,0,其他增建；,RPSOMLOJQHIGFAA77DA,35.22,0.6,0.0,有,2088.0,17.0
文山區,房地(土地+建物),指南路三段２６號八樓之７,12.3,住,,,1120730,土地1建物1車位0,八層,十層,華廈(10層含以下有電梯),住家用,0970508,45.79,1,0,1,有,有,9200000,200917.0,,0.0,0,,RPUNMLNLQHIGFAA97DA,25.06,0.0,5.09,有,2089.0,15.0
內湖區,房地(土地+建物)+車位,金龍路４７巷１３弄９號五樓,34.12,住,,,1120721,土地1建物1車位1,五層,十一層,住宅大樓(11層含以上有電梯),住家用,1040518,184.64,3,2,2,有,有,41000000,253599.0,坡道平面,33.22,2600000,其他增建；,RPTOMLOJQHIGFCA08DA,91.76,2.56,9.04,有,2094.0,8.0
內湖區,房地(土地+建物)+車位,成功路二段１１５巷５號四樓之１,22.87,住,,,1120726,土地1建物2車位1,四層,十一層,住宅大樓(11層含以上有電梯),住家用,1110510,170.16000000000005,2,1,1,有,有,37500000,269293.0,坡道平面,40.19,2500000,,RPSNMLRJQHIGFCA18DA,78.39,8.98,4.03,有,,1.0
內湖區,房地(土地+建物),環山路一段１３６巷８弄５號二樓,34.95,住,,,1120723,土地1建物1車位0,二層，通道,四層,公寓(5樓含以下無電梯),住家用,0660623,91.33,3,2,1,有,有,16880000,184824.0,,0.0,0,陽台外推；其他增建；,RPSNMLPKQHIGFCA08DA,81.11,0.0,10.22,無,,46.0
內湖區,房地(土地+建物),東湖路１１３巷５弄２９號三樓,34.29,住,,,1120728,土地1建物1車位0,三層,五層,公寓(5樓含以下無電梯),住家用,0741205,121.99,3,2,2,有,無,16000000,131158.0,,0.0,0,,RPOPMLPKQHIGFCA87DA,105.75,0.0,11.91,無,,38.0
內湖區,房地(土地+建物),康寧路三段９９巷２號三樓之２,39.08,住,,,1120708,土地1建物1車位0,三層,七層,華廈(10層含以下有電梯),住家用,0831202,121.02,3,2,2,有,有,23430000,193604.0,,0.0,0,其他增建；,RPROMLSKQHIGFCA38DA,78.42,0.5,9.91,有,2097.0,29.0
內湖區,房地(土地+建物),民權東路六段１２０巷５弄４號五樓,32.9,住,,,1120715,土地1建物1車位0,五層,五層,公寓(5樓含以下無電梯),住家用,0730130,105.73,3,2,2,有,無,17800000,168353.0,,0.0,0,頂樓加蓋；,RPROMLOLQHIGFCA08DA,81.58,0.0,16.65,無,,39.0
信義區,房地(土地+建物),逸仙路３６號二樓之２,16.5,住,,,1120716,土地2建物1車位0,二層,十二層,住宅大樓(11層含以上有電梯),住家用,0740130,139.42,3,2,2,有,有,52980000,380003.0,,0.0,0,其他增建；,RPWNMLQJRHIGFDA68DA,101.87,2.14,7.4,有,2098.0,38.0
信義區,房地(土地+建物),松山路４８２巷６號五樓,13.54,住,,,1120725,土地2建物1車位0,五層,十四層,住宅大樓(11層含以上有電梯),住家用,0740723,119.16,3,2,2,有,有,30600000,256798.0,,0.0,0,,RPPNMLRJRHIGFDA18EA,89.09,0.0,10.55,有,,38.0
中正區,房地(土地+建物),羅斯福路三段２１０巷１０弄２１號四樓,18.79,住,,,1120729,土地1建物1車位0,四層,五層,公寓(5樓含以下無電梯),住家用,0710921,65.71,2,2,1,有,無,14600000,222188.0,,0.0,0,陽台外推；其他增建；,RPQNMLRKQHIGFAA87DA,58.06,0.0,7.65,無,,41.0
文山區,房地(土地+建物),福興路８２巷５弄７號,21.76,住,,,1120725,土地1建物1車位0,一層,五層,公寓(5樓含以下無電梯),住家用,0720905,85.7,2,2,1,有,無,14000000,163361.0,,0.0,0,其他增建；,RPTNMLOLQHIGFAA97DA,76.9,5.19,0.0,無,2102.0,40.0
文山區,房地(土地+建物),景福街１６２號四樓,28.25,住,,,1120726,土地1建物1車位0,四層,四層,公寓(5樓含以下無電梯),住家用,0620607,72.93,2,1,1,有,無,12200000,167284.0,,0.0,0,頂樓加蓋；,RPRNMLSJRHIGFAA08DA,63.38,0.0,9.55,無,,50.0
中正區,房地(土地+建物),青島東路２１之６號,16.16,住,,,1120730,土地1建物1車位0,一層,七層,華廈(10層含以下有電梯),住家用,0750711,100.75,2,2,2,有,有,24800000,246154.0,,0.0,0,其他增建；,RPRNMLMKQHIGFBA57DA,70.28,2.91,0.0,有,,37.0
萬華區,房地(土地+建物),寶興街６８巷７號五樓之１,17.23,住,,,1120728,土地1建物1車位0,五層,五層,公寓(5樓含以下無電梯),住家用,0740924,55.93,3,2,2,有,無,8700000,155552.0,,0.0,0,陽台外推；頂樓加蓋；其他增建；,RPTNMLMKQHIGFBA77DA,52.97,0.0,2.96,無,2104.0,38.0
內湖區,房地(土地+建物)+車位,文湖街２１巷１１２弄１５號四樓,41.81,住,,,1120718,土地1建物2車位1,四層,十四層,住宅大樓(11層含以上有電梯),住家用,0901023,230.43,5,2,2,有,有,36580000,158747.0,坡道平面,43.98,0,陽台外推；其他增建；,RPPNMLSJQHIGFCA97DA,113.59,3.0,13.43,有,,22.0
中山區,房地(土地+建物)+車位,樂群二路２１８號,47.09,住,,,1120725,土地1建物1車位1,一層,十層,華廈(10層含以下有電梯),住家用,0890628,155.26,3,2,2,有,有,33800000,217699.0,坡道平面,0.0,0,車位為定期輪抽。陽台外推；其他增建；,RPSOMLQKQHIGFCA28DA,77.42,0.0,8.1,有,,23.0
內湖區,房地(土地+建物)+車位,星雲街１５０巷２２號五樓,31.43,住,,,1120724,土地1建物1車位1,五層,九層,華廈(10層含以下有電梯),住家用,0840829,127.79,2,2,1,有,有,26800000,209719.0,坡道平面,0.0,2500000,陽台外推；其他增建；,RPOPMLRJRHIGFCA08DA,106.52,2.21,7.17,有,,28.0
中山區,房地(土地+建物)+車位,北安路４５８巷４１弄５８號十六樓,25.15,住,,,1120725,土地1建物1車位1,十六層,十六層,住宅大樓(11層含以上有電梯),住家用,1110419,183.99,2,2,2,有,有,68880000,459044.0,坡道平面,40.91,3200000,,RPSNMLSJRHIGFCA38DA,77.26,1.89,11.83,有,,1.0
松山區,房地(土地+建物),敦化北路４巷３１之１６號,7.45,住,,,1120716,土地3建物1車位0,一層,七層,華廈(10層含以下有電梯),住家用,0590728,33.0,1,0,1,有,有,10000000,303030.0,,0.0,0,,RPROMLSJQHIGFDA38DA,27.95,0.0,0.0,有,2106.0,53.0
松山區,房地(土地+建物),八德路二段３６６巷５５弄６號三樓,32.0,住,,,1120723,土地1建物1車位0,三層,四層,公寓(5樓含以下無電梯),住家用,,83.65,3,2,1,有,無,20500000,245069.0,,0.0,0,其他增建；,RPVNMLTJQHIGFDA78DA,83.65,0.0,0.0,無,,
信義區,房地(土地+建物),吳興街６００巷１３６號五樓,26.9,住,,,1120725,土地1建物1車位0,五層,五層,公寓(5樓含以下無電梯),住家用,0780516,94.34,3,2,2,有,無,13280000,140767.0,,0.0,0,,RPOOMLSKQHIGFDA18DA,83.88,0.0,7.24,無,,34.0
南港區,房地(土地+建物),東新街１９５號三樓,39.37,住,,,1120721,土地1建物1車位0,三層，陽台,四層,公寓(5樓含以下無電梯),住家用,0650624,105.98,3,2,1,有,無,20000000,188715.0,,0.0,0,,RPRPMLLJRHIGFDA87DA,105.98,0.0,0.0,無,,47.0
信義區,房地(土地+建物),莊敬路２８９巷８弄３號三樓,36.6,住,,,1120712,土地2建物1車位0,三層,五層,公寓(5樓含以下無電梯),住家用,0750903,136.67000000000002,4,2,2,有,無,28500000,208531.0,,0.0,0,其他增建；,RPSNMLSJRHIGFDA48DA,105.33,0.0,26.94,無,,37.0
士林區,房地(土地+建物)+車位,德行東路５１號四樓,40.81,住,,,1120730,土地1建物1車位1,四層,八層,華廈(10層含以下有電梯),住家用,0900704,161.08999999999995,4,2,2,有,有,38250000,237445.0,升降機械,0.0,0,陽台外推；其他增建；,RPRNMLMKQHIGFEA87DA,87.77,0.68,8.26,有,,22.0
北投區,房地(土地+建物)+車位,泉源路３９之４７號七樓,18.78,住,,,1120723,土地2建物1車位1,七層,十一層,住宅大樓(11層含以上有電梯),住家用,0740117,155.77,3,2,2,有,有,14000000,89876.0,坡道平面,28.16,0,陽台外推；其他增建；,RPOOMLRKQHIGFEA18DA,116.11,0.0,21.1,有,,39.0
士林區,房地(土地+建物)+車位,社中街２８６號五樓,37.71,住,,,1120711,土地1建物1車位1,五層,九層,華廈(10層含以下有電梯),住家用,0980213,188.04,3,2,2,有,有,26880000,142948.0,坡道平面,43.2,0,其他增建；,RPOPMLSKQHIGFEA38DA,85.52,2.33,10.06,有,,14.0
北投區,房地(土地+建物)+車位,知行路２５５號三樓,13.27,住,,,1120729,土地1建物1車位1,三層,十層,華廈(10層含以下有電梯),住家用,1000722,85.74000000000001,2,1,1,有,有,13800000,160952.0,升降機械,0.0,0,夾層；,RPQNMLMLQHIGFEA87DA,38.23,2.54,4.3,有,2109.0,12.0
大安區,房地(土地+建物),安居街８４巷１４號二樓,32.47,住,,,1120717,土地1建物1車位0,二層,四層,公寓(5樓含以下無電梯),住家用,0660318,94.77,3,2,1,有,無,18800000,198375.0,,0.0,0,,RPSNMLSJRHIGFFA68DA,80.78,0.0,13.99,無,,46.0
大安區,房地(土地+建物),敦化南路一段１７７巷１０號六樓,38.67,住,,,1120722,土地1建物1車位0,六層,六層,華廈(10層含以下有電梯),住家用,0730424,165.41,5,3,3,有,有,50500000,305302.0,,0.0,0,陽台外推；頂樓加蓋；,RPTNMLSJRHIGFFA78DA,121.65,0.0,13.98,有,,39.0
南港區,房地(土地+建物),玉成街２０１巷６號四樓,33.4,住,,,1120710,土地1建物1車位0,四層,五層,公寓(5樓含以下無電梯),住家用,0670117,136.8,4,2,2,有,無,21850000,159722.0,,0.0,0,,RPQNMLLKRHIGFDA77EA,119.57,1.88,15.35,無,,45.0
文山區,房地(土地+建物)+車位,景華街２２巷６之２號三樓,33.97,住,,,1120723,土地1建物1車位1,三層,七層,華廈(10層含以下有電梯),住家用,0800613,188.89,4,2,2,有,有,32500000,200468.0,坡道平面,39.24,2500000,陽台外推；其他增建；,RPQNMLSLPHIGFAA97DA,146.53,0.0,11.32,有,,32.0
文山區,房地(土地+建物),羅斯福路六段３９巷３６號十二樓,10.42,住,,,1120723,土地1建物1車位0,十二層,十三層,住宅大樓(11層含以上有電梯),住家用,0960913,79.89,2,1,1,有,有,17200000,215296.0,,0.0,0,機房增建其他增建；,RPRNMLQKQHIGFAA87DA,49.61,2.58,6.52,有,,16.0
內湖區,房地(土地+建物)+車位,成功路五段４０６號十八樓,75.74,住,,,1120717,土地3建物1車位2,十八層，十九層,十九層,住宅大樓(11層含以上有電梯),住家用,0891016,313.92999999999995,4,2,3,有,有,67000000,213423.0,坡道機械,0.0,4000000,其他增建；,RPQPMLLJQHIGFCA57DA,165.0,0.0,15.2,有,2111.0,23.0
內湖區,房地(土地+建物),內湖路三段７２巷６３號六樓,26.88,住,,,1120723,土地1建物1車位0,六層,十六層,住宅大樓(11層含以上有電梯),住家用,0830729,119.71,4,2,2,有,有,23800000,198814.0,,0.0,0,陽台外推；其他增建；,RPPNMLSKQHIGFCA08DA,88.03,1.58,15.75,有,2112.0,29.0
松山區,房地(土地+建物),延吉街３０巷７之１號二樓,25.05,住,,,1120721,土地1建物1車位0,二層,七層,華廈(10層含以下有電梯),住家用,0661228,123.7,3,2,2,有,有,30880000,249636.0,,0.0,0,,RPWNMLSLPHIGFDA88DA,95.4,0.0,10.75,有,,46.0
松山區,房地(土地+建物),延壽街４０２巷４弄２號五樓,30.8,住,,,1120727,土地1建物1車位0,五層,五層,公寓(5樓含以下無電梯),住家用,0670508,114.9,3,2,1,有,無,26880000,233943.0,,0.0,0,頂樓加蓋；其他增建；,RPVOMLLKQHIGFDA18DA,101.21,6.2,7.49,無,,45.0
南港區,房地(土地+建物)+車位,忠孝東路六段１２０號六樓,25.1,住,,,1120712,土地1建物1車位1,六層,九層,華廈(10層含以下有電梯),住家用,0830812,185.65,3,2,2,有,無,36380000,195960.0,升降機械,66.89,0,陽台外推；其他增建；,RPXNMLSKQHIGFDA98DA,100.46,4.55,13.75,有,2113.0,29.0
南港區,房地(土地+建物),研究院路二段１２巷１號四樓,21.93,住,,,1120708,土地1建物1車位0,四層,五層,公寓(5樓含以下無電梯),住家用,0730424,94.05,3,2,1,有,無,13900000,147794.0,,0.0,0,陽台外推；其他增建；,RPSOMLLLQHIGFDA97DA,75.19,0.0,10.42,無,,39.0
信義區,房地(土地+建物),嘉興街１８１巷９弄３２號四樓,39.0,住,,,1120723,土地1建物1車位0,四層,四層,公寓(5樓含以下無電梯),住家用,0570415,100.24,3,2,1,有,無,18500000,184557.0,,0.0,0,其他增建；,RPUOMLLLQHIGFDA18DA,94.93,0.0,5.31,無,,55.0
松山區,房地(土地+建物),健康路３２５巷２４弄１１號十樓,38.35,住,,,1120727,土地1建物1車位0,十層,十一層,住宅大樓(11層含以上有電梯),住家用,0950524,156.31,3,2,2,有,有,35080000,224426.0,,0.0,0,其他增建；,RPVOMLLLQHIGFDA28DA,77.12,0.0,9.7,有,,17.0
信義區,房地(土地+建物),光復南路４１５巷８６號五樓,25.42,住,,,1120726,土地3建物1車位0,五層,五層,公寓(5樓含以下無電梯),住家用,0721118,78.5,3,2,1,有,無,23000000,292994.0,,0.0,0,陽台外推；頂樓加蓋；其他增建；,RPQOMLOJRHIGFDA97DA,61.89,0.0,6.28,無,,40.0
南港區,房地(土地+建物),玉成街６６號五樓,17.36,住,,,1120702,土地1建物1車位0,五層,八層,華廈(10層含以下有電梯),住家用,0860825,85.97999999999999,2,1,1,有,有,22500000,261689.0,,0.0,0,另有半套衛浴夾層；,RPPNMLSJRHIGFDA18DA,57.97,3.04,8.54,有,2114.0,26.0
士林區,房地(土地+建物),承德路四段１２巷２５號,36.25,住,,,1120724,土地1建物1車位0,一層,四層,公寓(5樓含以下無電梯),住家用,0590604,96.42,3,2,1,有,無,23800000,246837.0,,0.0,0,其他增建；,RPQOMLOLPHIGFEA08DA,96.42,0.0,0.0,無,2115.0,53.0
北投區,房地(土地+建物),榮華一路４巷９號,146.0,住,,,1120730,土地2建物1車位0,全,二層,透天厝,住家用,0580131,156.76,4,4,4,有,無,70940000,452539.0,,0.0,0,陽台外推；頂樓加蓋；其他增建；,RPPPMLLMPHIGFEA87DA,156.76,0.0,0.0,無,,54.0
士林區,房地(土地+建物)+車位,福林路２５１巷８號二樓之２,15.9,住,,,1120709,土地2建物1車位1,二層,八層,華廈(10層含以下有電梯),住家用,1040520,84.17999999999999,1,1,1,有,有,16300000,193633.0,升降平面,35.74,0,,RPQOMLSJQHIGFEA38DA,27.3,2.2,2.02,有,2116.0,8.0
北投區,房地(土地+建物),中央北路二段１０５號三樓,19.0,住,,,1120730,土地1建物1車位0,三層，陽台,四層,公寓(5樓含以下無電梯),住家用,0641205,86.45,2,2,1,有,無,12860000,148757.0,,0.0,0,陽台外推；其他增建；,RPROMLLLQHIGFEA97DA,86.45,0.0,0.0,無,,48.0
士林區,房地(土地+建物),社子街２２巷２３弄３號四樓,27.5,住,,,1120716,土地1建物1車位0,四層,四層,公寓(5樓含以下無電梯),住家用,0640505,54.61,2,1,1,有,無,7800000,142831.0,,0.0,0,頂樓加蓋；其他增建；,RPSOMLLLQHIGFEA08DA,54.61,0.0,0.0,無,,48.0
北投區,房地(土地+建物)+車位,稻香路２２７號四樓,48.0,住,,,1120728,土地1建物1車位1,四層,五層,華廈(10層含以下有電梯),住家用,1101015,124.23,2,2,1,有,有,19130000,205568.0,坡道平面,40.9,2000000,含家電含裝潢費；,RPTNMLLJRHIGFEA97DA,45.6,3.7,5.0,有,,2.0
內湖區,房地(土地+建物)+車位,成功路二段５０６號六樓,19.22,住,,,1120722,土地3建物1車位1,六層,十四層,住宅大樓(11層含以上有電梯),住家用,1011123,132.9,2,2,1,有,有,23800000,179082.0,坡道平面,30.95,0,,RPQNMLMKRHIGFCA77EA,61.85,0.39,6.74,有,2119.0,11.0
萬華區,房地(土地+建物),國興路８６號十樓之２,29.52,住,,,1120726,土地1建物1車位0,十層,十層,華廈(10層含以下有電梯),住家用,0800102,154.31,4,2,2,有,有,29080000,188452.0,,0.0,0,陽台外推；,RPQNMLLKRHIGFBA47DA,110.51,0.0,13.24,有,2122.0,33.0
內湖區,房地(土地+建物),內湖路一段２８５巷５９弄６號二樓,30.89,住,,,1120709,土地1建物1車位0,二層,五層,公寓(5樓含以下無電梯),住家用,0691008,127.68,3,2,1,有,無,21640000,169486.0,,0.0,0,,RPXNMLPLPHIGFCA58DA,117.95,0.0,9.73,無,,43.0
內湖區,房地(土地+建物)+車位,新明路４９８巷１４弄７號二樓,23.21,住,,,1120709,土地1建物1車位1,二層,九層,華廈(10層含以下有電梯),住家用,1001123,134.5,3,2,2,有,有,26550000,197412.0,塔式車位,24.3,0,其他增建；,RPSOMLRKQHIGFCA38DA,59.99,5.57,8.05,有,2123.0,12.0
內湖區,房地(土地+建物)+車位,內湖路三段６０巷２９號十六樓,25.3,住,,,1120731,土地1建物1車位1,十六層,十九層,住宅大樓(11層含以上有電梯),住家用,1060407,189.5,3,2,2,有,有,46880000,276476.0,坡道平面,28.98,2500000,,RPXNMLSKQHIGFCA88DA,89.96,9.95,5.42,有,2124.0,6.0
中山區,房地(土地+建物)+車位,北安路５７８巷８弄２１號五樓,34.6,住,,,1120702,土地1建物1車位1,五層,七層,華廈(10層含以下有電梯),住家用,0831022,126.14,3,2,2,有,無,33300000,263992.0,升降機械,0.0,0,其他增建；,RPTOMLMLQHIGFCA08DA,81.32,3.58,9.34,有,,29.0
信義區,房地(土地+建物),吳興街６００巷７６弄７６號三樓,34.86,住,,,1120728,土地1建物1車位0,三層,五層,華廈(10層含以下有電梯),住家用,0800930,165.54,4,2,2,有,無,23980000,144859.0,,0.0,0,陽台外推；其他增建；,RPOPMLSJQHIGFDA18DA,135.79,0.0,15.58,有,,32.0
松山區,房地(土地+建物),三民路７４巷４號五樓之１,29.5,住,,,1120731,土地1建物1車位0,五層,七層,華廈(10層含以下有電梯),住家用,0810310,125.8,3,2,2,有,有,31500000,250397.0,,0.0,0,,RPUOMLOKQHIGFDA38DA,83.72,0.0,7.44,有,,31.0
南港區,房地(土地+建物),研究院路三段８６巷４號,45.21,住,,,1120730,土地1建物1車位0,一層,四層,公寓(5樓含以下無電梯),住家用,0681224,104.36,3,2,1,有,無,17400000,166731.0,,0.0,0,其他增建；,RPSOMLMLQHIGFDA08DA,92.06,12.3,0.0,無,,44.0
北投區,房地(土地+建物)+車位,大度路三段１８９號十二樓之２,14.4,住,,,1120723,土地3建物1車位1,十二層,十四層,住宅大樓(11層含以上有電梯),住家用,0910322,147.32,3,2,1,有,有,18880000,150096.0,坡道平面,38.19,2500000,其他增建；,RPVNMLQKQHIGFEA68DA,65.97,3.48,6.6,有,,21.0
大安區,房地(土地+建物),敦化南路二段２６５巷１５號三樓,34.59,住,,,1120715,土地2建物1車位0,三層，陽台,四層,公寓(5樓含以下無電梯),住家用,0630816,103.73,3,2,2,有,無,25830000,249012.0,,0.0,0,其他增建；,RPTNMLMLQHIGFFA28DA,103.73,0.0,0.0,無,,49.0
大安區,房地(土地+建物),復興南路二段１９３巷１９號二樓,25.33,住,,,1120701,土地1建物1車位0,二層,十九層,住宅大樓(11層含以上有電梯),住家用,0740522,129.89,3,2,2,有,有,28700000,220973.0,,0.0,0,其他增建；,RPSNMLNLQHIGFFA28DA,97.73,1.8,9.07,有,,38.0
文山區,房地(土地+建物),景華街１０３號,25.5,住,,,1120730,土地1建物1車位0,一層，停車場,五層,公寓(5樓含以下無電梯),住家用,0690212,79.94,2,3,2,有,無,14500000,181386.0,,0.0,0,其他增建；,RPPNMLKKQHIGFAA07DA,71.26,8.68,0.0,無,,43.0
文山區,房地(土地+建物)+車位,和平東路四段２９５巷１０之５號三樓,78.05,住,,,1120728,土地1建物1車位1,三層,五層,華廈(10層含以下有電梯),住家用,0981116,191.72,4,2,2,有,有,33000000,172126.0,坡道平面,33.58,0,,RPROMLLJRHIGFAA47DA,101.67,10.96,10.39,有,,14.0
中正區,房地(土地+建物),臨沂街７１巷１９弄７號五樓,48.17,住,,,1120708,土地1建物1車位0,五層，陽台,六層,華廈(10層含以下有電梯),住家用,0600720,178.24,4,2,2,有,無,50000000,280521.0,,0.0,0,,RPQNMLSLQHIGFBA18DA,178.24,0.0,0.0,有,,52.0
內湖區,房地(土地+建物),東湖路１１３巷９５弄６０號,23.53,住,,,1120701,土地1建物1車位0,一層,五層,公寓(5樓含以下無電梯),住家用,0740215,88.63,2,2,2,有,無,15000000,169243.0,,0.0,0,天井加蓋、防火巷增建陽台外推；,RPQPMLOLPHIGFCA97DA,68.73,0.0,7.85,無,2136.0,38.0
中山區,房地(土地+建物),建國北路二段３５號十一樓之３,3.57,住,,,1120729,土地5建物1車位0,十一層,十五層,住宅大樓(11層含以上有電梯),住家用,0770524,33.27,1,1,1,有,有,9800000,294560.0,,0.0,0,陽台外推；其他增建；,RPWNMLRKQHIGFCA68DA,18.66,0.28,5.77,有,,35.0
中山區,房地(土地+建物)+車位,建國北路三段７１號七樓之８,11.43,住,,,1120714,土地2建物1車位1,七層,十四層,住宅大樓(11層含以上有電梯),住家用,1041016,114.6,2,2,2,有,有,25300000,253093.0,坡道平面,26.49,3000000,夾層；其他增建；,RPTOMLQJRHIGFCA38DA,46.99,2.39,6.37,有,2138.0,8.0
松山區,房地(土地+建物)+車位,三民路４３巷１０號七樓之１,43.4,住,,,1120723,土地1建物1車位1,七層,十四層,住宅大樓(11層含以上有電梯),住家用,0951218,201.73,3,2,2,有,有,49500000,245377.0,坡道平面,0.0,0,其他增建：前陽台。其他增建；,RPPOMLQLPHIGFDA08DA,103.12,3.56,12.45,有,,17.0
南港區,房地(土地+建物),昆陽街１４０巷４３號四樓,35.5,住,,,1120724,土地2建物1車位0,四層,四層,公寓(5樓含以下無電梯),住家用,0651125,93.6,3,2,1,有,無,17800000,190171.0,,0.0,0,陽台外推；,RPSPMLSLPHIGFDA68DA,83.79,0.0,9.81,無,,47.0
信義區,房地(土地+建物),光復南路４７３巷２７號四樓,35.6,住,,,1120723,土地1建物1車位0,四層,七層,華廈(10層含以下有電梯),住家用,0750716,180.43,4,2,2,有,無,45300000,251067.0,,0.0,0,其他增建；,RPVOMLOJQHIGFDA38DA,155.82,0.0,14.94,有,,37.0
松山區,房地(土地+建物),敦化南路一段１００巷５弄３５號五樓,22.81,住,,,1120729,土地1建物1車位0,五層,五層,公寓(5樓含以下無電梯),住家用,0600818,87.47,3,2,2,有,無,20450000,233794.0,,0.0,0,陽台外推；其他增建；,RPSOMLRKQHIGFDA48DA,77.95,0.0,9.52,無,,52.0
南港區,房地(土地+建物)+車位,重陽路５７巷６５號七樓,45.8,住,,,1120720,土地1建物1車位1,七層,八層,華廈(10層含以下有電梯),住家用,0960503,179.01999999999998,3,2,2,有,有,37000000,251623.0,坡道平面,41.91,2500000,陽台外推；其他增建；,RPVNMLLLQHIGFDA18DA,87.77,4.07,7.96,有,,16.0
北投區,房地(土地+建物)+車位,承德路七段２８２號十樓,27.38,住,,,1120717,土地2建物1車位1,十層，十一層,十一層,住宅大樓(11層含以上有電梯),住家用,0951214,192.11,3,3,2,有,有,30000000,174923.0,升降平面,32.04,2000000,陽台外推；其他增建；,RPXNMLMLQHIGFEA58DA,91.86,4.46,17.67,有,,17.0
大安區,房地(土地+建物),忠孝東路三段２４８巷１３弄１８號六樓,31.92,住,,,1120724,土地1建物1車位0,六層,七層,華廈(10層含以下有電梯),住家用,0710313,117.68,3,2,1,有,有,30600000,260027.0,,0.0,0,,RPPNMLTJRHIGFFA48DA,92.54,0.0,9.4,有,,41.0
文山區,房地(土地+建物)+車位,指南路三段３２巷３號三樓,37.57,住,,,1120728,土地3建物1車位1,三層,十一層,住宅大樓(11層含以上有電梯),住家用,0990729,194.43,3,2,2,有,有,25160000,145176.0,坡道平面,34.9,2000000,陽台外推；其他增建；,RPVNMLMJQHIGFAA77DA,81.6,19.69,10.46,有,,13.0
文山區,房地(土地+建物)+車位,木新路三段３５號二樓,26.31,住,,,1120711,土地1建物1車位2,二層，電梯樓梯間,六層,華廈(10層含以下有電梯),住家用,0841207,175.64,3,2,1,有,無,18000000,102482.0,坡道平面,0.0,4000000,陽台外推；其他增建；,RPQNMLSLQHIGFAA08DA,59.46,17.61,7.87,有,2140.0,28.0
文山區,房地(土地+建物),興隆路二段２２０巷５３弄２７號五樓,28.96,住,,,1120729,土地5建物1車位0,五層,五層,公寓(5樓含以下無電梯),住家用,0680320,90.01,3,2,2,有,無,12350000,137207.0,,0.0,0,頂樓加蓋；,RPTNMLMKRHIGFAA77DA,73.97,0.0,16.04,無,,44.0
萬華區,房地(土地+建物),西園路二段３２０巷３６弄５９號四樓,10.59,住,,,1120711,土地1建物1車位0,四層,五層,公寓(5樓含以下無電梯),住家用,0601012,32.2,2,1,1,有,無,4730000,146894.0,,0.0,0,其他增建；,RPPPMLRKQHIGFBA08DA,29.41,0.0,2.79,無,2142.0,52.0
內湖區,房地(土地+建物),文德路２３５號五樓,29.56,住,,,1120722,土地1建物1車位0,五層,五層,公寓(5樓含以下無電梯),住家用,0730602,108.46,3,2,2,有,有,16580000,152867.0,,0.0,0,頂樓加蓋；,RPWOMLSLPHIGFCA88DA,94.79,0.0,10.42,無,,39.0
內湖區,房地(土地+建物),環山路二段１０９巷８弄１４號五樓,28.05,住,,,1120731,土地1建物1車位0,五層,五層,公寓(5樓含以下無電梯),住家用,0730417,104.35,3,2,2,有,有,16830000,161269.0,,0.0,0,陽台外推；其他增建；,RPQRMLMLQHIGFCA08DA,89.39,0.0,9.93,無,,39.0
內湖區,房地(土地+建物)+車位,新豐街３８號九樓,36.03,住,,,1120731,土地1建物1車位1,九層,十層,華廈(10層含以下有電梯),住家用,1120117,165.8,2,2,2,有,有,43300000,300262.0,坡道平面,32.25,3200000,,RPWOMLMKRHIGFCA38DA,80.66,0.0,6.4,有,2143.0,1.0
內湖區,房地(土地+建物),金龍路１３巷１８號四樓,33.49,住,,,1120731,土地1建物1車位0,四層,五層,公寓(5樓含以下無電梯),住家用,0750719,101.09,3,2,2,有,無,16500000,163221.0,,0.0,0,,RPPNMLNKRHIGFCA67DA,89.87,0.0,11.22,無,,37.0
內湖區,房地(土地+建物)+車位,民權東路六段１７７號十樓,17.26,住,,,1120730,土地2建物1車位1,十層,十一層,住宅大樓(11層含以上有電梯),住家用,1041016,118.93,3,2,1,有,有,31260000,282323.0,塔式車位,15.29,2000000,,RPVNMLNKRHIGFCA28DA,56.08,7.71,5.78,有,2144.0,8.0
信義區,房地(土地+建物),福德街２２１巷４弄３號二樓,32.04,住,,,1120715,土地1建物1車位0,二層,五層,公寓(5樓含以下無電梯),住家用,0740207,119.89,3,2,2,有,無,20080000,167487.0,,0.0,0,陽台外推；其他增建；,RPUOMLRKQHIGFDA68DA,101.81,0.45,9.2,無,,38.0
松山區,房地(土地+建物),塔悠路３２３號二樓之５,8.8,住,,,1120729,土地1建物1車位0,二層,四層,華廈(10層含以下有電梯),住家用,0821021,46.22,1,1,1,有,有,9200000,199048.0,,0.0,0,夾層；,RPSNMLSLQHIGFDA58DA,28.94,0.79,4.12,有,,30.0
南港區,房地(土地+建物)+車位,經貿二路２３５巷６１號十二樓,35.21,住,,,1120728,土地1建物1車位1,十二層,十二層,住宅大樓(11層含以上有電梯),住家用,0990409,169.67000000000002,2,2,2,有,有,44000000,305147.0,坡道平面,33.67,2500000,,RPOPMLNKRHIGFDA87DA,79.01,10.0,7.03,有,2145.0,13.0
信義區,房地(土地+建物),莊敬路３９１巷３弄１３號,15.84,住,,,1120712,土地5建物1車位0,一層,七層,華廈(10層含以下有電梯),住家用,0750206,76.64,3,2,1,有,無,22500000,293580.0,,0.0,0,其他增建；,RPSPMLNKRHIGFDA28DA,61.51,7.01,0.0,有,,37.0
士林區,房地(土地+建物),德行東路２１３號五樓,30.6,住,,,1120716,土地1建物1車位0,五層,五層,公寓(5樓含以下無電梯),住家用,0700522,108.51,3,2,2,有,有,16580000,152797.0,,0.0,0,陽台外推；其他增建；,RPWNMLRKPHIGFEA78DA,93.3,0.0,6.6,無,,42.0
北投區,房地(土地+建物),公路２９２巷１３號五樓,44.6,住,,,1120723,土地3建物1車位0,五層,五層,公寓(5樓含以下無電梯),住家用,0690702,133.99,3,2,2,有,無,15680000,117024.0,,0.0,0,陽台外推；其他增建；,RPPPMLSKQHIGFEA48DA,125.14,0.0,8.85,無,,43.0
士林區,房地(土地+建物),大南路２７６號一樓,36.0,住,,,1120728,土地1建物1車位0,一層，騎樓,三層,公寓(5樓含以下無電梯),住家用,0610525,89.88,0,1,1,有,無,27300000,303738.0,,0.0,0,防火巷加蓋。其他增建；含租約；,RPSOMLMKRHIGFEA18DA,89.88,0.0,0.0,無,2148.0,51.0
大安區,房地(土地+建物),通化街１７６巷１號三樓之１,14.23,住,,,1120723,土地1建物1車位0,三層,七層,華廈(10層含以下有電梯),住家用,0701020,91.22,3,2,1,有,無,24380000,267266.0,,0.0,0,陽台外推；,RPVNMLPJRHIGFFA68DA,58.28,0.0,16.09,有,2149.0,42.0
文山區,房地(土地+建物)+車位,興順街１５５之２號七樓,28.56,住,,,1120726,土地1建物1車位1,七層,十四層,住宅大樓(11層含以上有電梯),住家用,0890324,137.12,3,2,2,有,有,23680000,172695.0,坡道平面,0.0,2300000,,RPPNMLOKRHIGFAA67EA,72.02,0.0,8.07,有,,23.0
內湖區,房地(土地+建物)+車位,成功路四段６１巷２２弄３號二樓,19.44,住,,,1120729,土地1建物1車位1,二層,九層,華廈(10層含以下有電梯),住家用,0821214,105.23,2,1,2,有,有,18500000,175805.0,坡道平面,0.0,0,陽台外推；,RPRNMLPKRHIGFCA18EA,44.1,1.5,2.53,有,,30.0
北投區,房地(土地+建物)+車位,稻香路１６１巷９號二樓之２,11.15,住,,,1120728,土地1建物1車位1,二層,十一層,住宅大樓(11層含以上有電梯),住家用,0930312,58.02,1,1,1,有,有,7450000,128404.0,升降機械,0.0,0,陽台外推；夾層；,RPSNMLPKRHIGFEA48EA,24.64,1.94,2.83,有,2153.0,19.0
士林區,房地(土地+建物),忠誠路二段１４０巷２號二樓,28.12,住,,,1120705,土地1建物1車位0,二層,五層,公寓(5樓含以下無電梯),住家用,0700326,129.37,4,2,2,有,無,26000000,200974.0,,0.0,0,陽台外推；其他增建；,RPUNMLPKRHIGFEA68EA,104.07,0.0,8.8,無,,42.0
文山區,房地(土地+建物)+車位,政大二街１０６號四樓,69.8,住,,,1120722,土地1建物1車位1,四層,五層,華廈(10層含以下有電梯),住家用,0980406,167.59,3,2,2,有,有,26680000,180542.0,坡道平面,33.66,2500000,其他增建；,RPPOMLSKQHIGFAA97DA,79.89,1.24,8.65,有,,14.0
萬華區,房地(土地+建物),青年路３０巷３號二樓之２,23.4,住,,,1120709,土地1建物1車位0,二層,十二層,住宅大樓(11層含以上有電梯),住家用,0760316,109.91,3,2,2,有,有,18300000,166500.0,,0.0,0,其他增建；,RPOOMLPJRHIGFBA67DA,75.38,0.0,10.22,有,,36.0
中正區,房地(土地+建物)+車位,青島東路６之３號二樓,38.96,住,,,1120723,土地1建物1車位1,二層,九層,華廈(10層含以下有電梯),住家用,0890913,141.95999999999998,3,2,2,有,有,34500000,243026.0,一樓平面,0.0,0,陽台外推；,RPSNMLPKRHIGFBA08DA,73.38,8.7,10.3,有,,23.0
內湖區,房地(土地+建物),民權東路六段２９６巷３６號三樓,27.6,住,,,1120717,土地1建物1車位0,三層,七層,華廈(10層含以下有電梯),住家用,0821014,95.22,3,2,2,有,有,24800000,260449.0,,0.0,0,其他增建；,RPXNMLLLQHIGFCA28DA,78.2,1.86,9.27,有,,30.0
內湖區,房地(土地+建物)+車位,星雲街１５０巷２６號三樓之１,28.66,住,,,1120723,土地1建物1車位1,三層,二十四層,住宅大樓(11層含以上有電梯),住家用,0870717,182.44,4,2,2,有,有,35140000,192611.0,坡道平面,0.0,2500000,陽台外推；其他增建；,RPXOMLSLQHIGFCA09DA,85.37,6.71,14.93,有,,25.0
內湖區,房地(土地+建物),文德路６６巷１４弄２３號四樓,21.52,住,,,1120725,土地1建物1車位0,四層,七層,華廈(10層含以下有電梯),住家用,1060315,87.82,2,2,1,有,有,23900000,272148.0,,0.0,0,,RPOOMLMKRHIGFCA57DA,47.94,2.34,5.45,有,2154.0,6.0
中山區,房地(土地+建物),五常街９３號六樓,21.44,住,,,1120730,土地1建物1車位0,六層,七層,華廈(10層含以下有電梯),住家用,0750218,131.37,3,2,2,有,有,30800000,234452.0,,0.0,0,陽台外推；,RPROMLPKRHIGFCA18DA,104.59,0.0,13.21,有,,37.0
信義區,房地(土地+建物)+車位,永吉路２２５巷９號六樓,22.96,住,,,1120716,土地1建物1車位1,六層,十二層,住宅大樓(11層含以上有電梯),住家用,1111111,172.47,3,2,2,有,有,45500000,306443.0,坡道平面,35.74,3600000,,RPXNMLQKQHIGFDA78DA,77.98,5.58,9.75,有,,1.0
信義區,房地(土地+建物),林口街１１４巷３號四樓,25.28,住,,,1120711,土地1建物1車位0,四層，五層,五層,華廈(10層含以下有電梯),住家用,0820810,98.92,2,2,2,有,無,25500000,257784.0,,0.0,0,陽台外推；其他增建；,RPQPMLRKQHIGFDA38DA,70.18,6.42,8.16,有,,30.0
信義區,房地(土地+建物)+車位,虎林街１２０巷１４２號二樓,38.5,住,,,1120731,土地1建物1車位1,二層,四層,華廈(10層含以下有電梯),住家用,0920107,143.39,2,2,2,有,無,34600000,247846.0,升降機械,11.05,1800000,陽台外推；,RPUPMLLJRHIGFDA18DA,87.02,0.0,10.0,有,2155.0,21.0
信義區,房地(土地+建物)+車位,永吉路２２５巷９號九樓之２,17.53,住,,,1120722,土地1建物1車位1,九層,十二層,住宅大樓(11層含以上有電梯),住家用,1111111,138.99,2,2,2,有,有,35360000,313444.0,坡道平面,35.74,3000000,,RPPNMLPKRHIGFDA97DA,60.16,5.57,4.79,有,,1.0
北投區,房地(土地+建物),知行路５巷１號五樓,14.14,住,,,1120709,土地1建物1車位0,五層,五層,華廈(10層含以下有電梯),住家用,1060606,39.09,2,2,1,有,有,8000000,204656.0,,0.0,0,陽台外推；頂樓加蓋；其他增建；,RPWNMLLLQHIGFEA38DA,13.97,0.0,1.34,有,2156.0,6.0
中正區,房地(土地+建物),羅斯福路三段１２８巷１６號四樓,33.56,住,,,1120723,土地1建物1車位0,四層,六層,華廈(10層含以下有電梯),住家用,0700326,159.17,4,2,2,有,無,37000000,232456.0,,0.0,0,,RPQNMLOKRHIGFAA77EA,116.13,0.0,20.34,有,,42.0
文山區,房地(土地+建物)+車位,萬壽路５６號四樓,66.53,住,,,1120710,土地1建物1車位1,四層，五層,五層,華廈(10層含以下有電梯),住家用,1071225,163.51,3,2,1,有,有,25650000,179533.0,坡道平面,27.88,1300000,,RPPNMLPKRHIGFAA77EA,77.64,4.65,9.07,有,,5.0
士林區,房地(土地+建物),德行東路１３２巷５弄４號,0.0,住,,,1120703,土地4建物1車位0,一層,五層,公寓(5樓含以下無電梯),住家用,0710428,0.12,3,2,2,有,無,2344,0.0,,0.0,0,政府機關標讓售；,RPTNMLPKRHIGFEA58EA,0.0,0.0,0.0,無,2158.0,41.0
士林區,房地(土地+建物),通河西街二段８５號,30.75,住,,,1120725,土地1建物1車位0,一層，平台,四層,公寓(5樓含以下無電梯),住家用,0650108,79.2,4,2,1,有,無,15000000,189394.0,,0.0,0,,RPVNMLPKRHIGFEA78EA,79.2,0.0,0.0,無,2159.0,48.0
文山區,房地(土地+建物)+車位,興隆路一段５３號五樓之４,18.72,,,,1120730,土地1建物1車位1,五層,九層,華廈(10層含以下有電梯),住家用,0860704,127.97,2,2,1,有,有,18000000,141718.0,升降平面,15.07,2000000,陽台外推；夾層；其他增建；,RPSOMLSKQHIGFAA28DA,55.48,0.0,7.19,有,,26.0
文山區,房地(土地+建物)+車位,辛亥路六段３１號八樓,41.25,住,,,1120721,土地2建物1車位2,八層,十四層,住宅大樓(11層含以上有電梯),住家用,0970521,218.21,3,2,1,有,有,36880000,169004.0,坡道機械,43.4,0,,RPSNMLSKRHIGFAA28DA,102.04,2.97,16.01,有,,15.0
中山區,房地(土地+建物),南京東路二段２１巷１９號,19.0,住,,,1120731,土地2建物1車位0,一層，騎樓,五層,公寓(5樓含以下無電梯),住家用,0570417,92.92,4,1,5,有,無,30800000,331468.0,,0.0,0,其他增建；,RPQOMLOJRHIGFCA87DA,92.92,0.0,0.0,無,2161.0,55.0
內湖區,房地(土地+建物)+車位,康寧路三段３５號四樓,31.51,住,,,1120730,土地1建物1車位1,四層,十五層,住宅大樓(11層含以上有電梯),住家用,0961121,157.83999999999995,3,2,2,有,有,35000000,221744.0,坡道平面,0.0,0,陽台外推；,RPPPMLOJRHIGFCA87DA,75.0,3.9,7.34,有,,16.0
中山區,房地(土地+建物)+車位,民權東路二段７１巷８號十三樓之６,13.4,,,,1120715,土地1建物1車位1,十三層,十五層,住宅大樓(11層含以上有電梯),住家用,1120203,125.87,3,1,2,有,有,33100000,327834.0,升降平面,32.53,2500000,,RPVNMLSKRHIGFCA78DA,55.09,0.0,4.16,有,,
中山區,房地(土地+建物),北安路４５８巷４１弄６８號十五樓,15.0,住,,,1120716,土地1建物1車位0,十五層,十六層,住宅大樓(11層含以上有電梯),住家用,1110419,85.4,0,0,0,無,有,40280000,471663.0,,0.0,0,,RPWOMLSKRHIGFCA98DA,49.65,0.0,4.66,有,,1.0
中山區,房地(土地+建物)+車位,民權東路二段７１巷８號七樓,12.56,,,,1120719,土地1建物1車位1,七層,十五層,住宅大樓(11層含以上有電梯),住家用,1120203,103.93,3,1,1,有,有,33380000,309071.0,塔式車位,2.4,2000000,,RPQPMLSKRHIGFCA48DA,59.47,0.0,4.99,有,,
松山區,房地(土地+建物),南京東路五段１５６號十三樓,10.99,住,,,1120710,土地2建物1車位0,十三層,十七層,住宅大樓(11層含以上有電梯),住家用,0731106,137.57999999999998,4,2,2,有,有,32100000,233319.0,,0.0,0,,RPQOMLPKQHIGFDA08DA,102.07,0.0,12.54,有,,39.0
松山區,房地(土地+建物),復興北路５０９號五樓,24.0,住,,,1120715,土地3建物1車位0,五層,五層,公寓(5樓含以下無電梯),住家用,0721128,101.73,3,2,2,有,無,18500000,181854.0,,0.0,0,頂樓加蓋；其他增建；,RPQQMLSLQHIGFDA68DA,91.48,0.0,4.22,無,,40.0
北投區,房地(土地+建物),吉利街３５９號六樓,16.39,住,,,1120724,土地1建物1車位0,六層,九層,華廈(10層含以下有電梯),住家用,1030605,93.39,2,2,2,有,有,22300000,238784.0,,0.0,0,陽台外推；夾層；其他增建；,RPPOMLOLPHIGFEA97DA,41.14,3.62,4.73,有,2162.0,9.0
北投區,房地(土地+建物),崗山路１６之６號,30.07,住,,,1120721,土地1建物1車位0,一層,五層,公寓(5樓含以下無電梯),住家用,0690729,104.44,3,2,2,有,無,8250000,78993.0,,0.0,0,其他增建；,RPUNMLNLQHIGFEA38DA,92.29,12.15,0.0,無,,43.0
北投區,房地(土地+建物)+車位,石牌路二段３１５巷３９號五樓,42.98,住,,,1120719,土地1建物1車位1,五層,十一層,住宅大樓(11層含以上有電梯),住家用,1021023,221.34,3,2,2,有,有,37680000,170236.0,坡道平面,51.14,0,,RPQNMLKMQHIGFEA77DA,99.17,10.31,7.46,有,2163.0,10.0
大安區,房地(土地+建物),和平東路二段３１１巷４３弄２５號七樓,21.05,住,,,1120730,土地1建物1車位0,七層,十九層,住宅大樓(11層含以上有電梯),住家用,0740522,109.24,3,2,2,有,有,26700000,244416.0,,0.0,0,其他增建；,RPXNMLSJQHIGFFA09DA,82.05,1.56,7.76,有,,38.0
大安區,房地(土地+建物),仁愛路三段１２３巷３弄７號四樓,29.39,住,,,1120716,土地1建物1車位0,四層,七層,華廈(10層含以下有電梯),住家用,0711220,138.16,3,2,2,有,有,43880000,317603.0,,0.0,0,陽台外推；其他增建；,RPSNMLPLQHIGFFA48DA,104.76,0.0,19.39,有,,41.0
文山區,房地(土地+建物),育英街３１巷３６弄３號四樓,34.62,住,,,1120722,土地1建物1車位0,四層，陽台,四層,公寓(5樓含以下無電梯),住家用,0640414,92.12,4,2,2,有,無,17180000,186496.0,,0.0,0,陽台外推；頂樓加蓋；其他增建；,RPPNMLMLPHIGFAA27DA,92.12,0.0,0.0,無,,48.0
中正區,房地(土地+建物),金門街１２巷１弄４號四樓,20.18,住,,,1120716,土地1建物1車位0,四層,五層,華廈(10層含以下有電梯),住家用,0791122,78.49000000000001,2,2,1,有,無,18880000,240540.0,,0.0,0,陽台外推；其他增建；,RPOOMLRJQHIGFAA67DA,53.03,8.76,6.13,有,2166.0,33.0
文山區,房地(土地+建物)+車位,政大三街３５號五樓之１,24.04,住,,,1120731,土地1建物1車位1,五層,五層,華廈(10層含以下有電梯),住家用,0950724,77.98,2,1,1,有,有,12500000,219587.0,坡道平面,32.44,2500000,陽台外推；夾層；其他增建；,RPTNMLQKQHIGFAA08DA,25.68,0.0,5.33,有,2167.0,17.0
文山區,房地(土地+建物),景華街１２８巷９２號五樓,49.05,住,,,1120724,土地1建物1車位0,五層,五層,公寓(5樓含以下無電梯),住家用,0730330,119.91,3,2,2,有,無,14200000,118412.0,,0.0,0,陽台外推；其他增建；,RPXOMLRKQHIGFAA68DA,106.24,0.0,9.86,無,,39.0
文山區,房地(土地+建物)+車位,樟新街１５巷６號,56.52,住,,,1120730,土地1建物1車位1,一層，二層,十一層,住宅大樓(11層含以上有電梯),住家用,0790821,255.63,6,1,4,有,有,30300000,118531.0,坡道平面,27.67,0,陽台外推；其他增建；,RPRNMLTKRHIGFAA28DA,136.85,97.86,10.61,有,2168.0,33.0
大同區,房地(土地+建物)+車位,民族西路２２５巷１７號十一樓,47.85,住,,,1120716,土地1建物1車位2,十一層，夾層,十一層,住宅大樓(11層含以上有電梯),住家用,0960731,254.23,4,3,3,有,有,47000000,203034.0,坡道機械,39.98,3500000,陽台外推；夾層；其他增建；,RPXNMLPJRHIGFBA48DA,127.11,12.51,13.83,有,,16.0
內湖區,房地(土地+建物),東湖路１６０巷１０弄４１號三樓,30.13,住,,,1120731,土地1建物1車位0,三層,五層,華廈(10層含以下有電梯),住家用,0691118,101.04,3,2,2,有,有,15300000,151425.0,,0.0,0,,RPPPMLSLQHIGFCA38DA,88.9,0.0,12.14,有,,43.0
中山區,房地(土地+建物)+車位,敬業三路１６２巷１１６號九樓,43.31,住,,,1120731,土地1建物1車位1,九層,十二層,住宅大樓(11層含以上有電梯),住家用,0890628,142.84,2,2,2,有,有,35500000,248530.0,坡道平面,0.0,0,陽台外推；,RPUNMLPJRHIGFCA28DA,71.24,0.0,7.62,有,,23.0
松山區,房地(土地+建物),復興北路４９９巷２弄１８號二樓,25.75,住,,,1120701,土地1建物1車位0,二層，露台,四層,公寓(5樓含以下無電梯),住家用,0600617,83.95,3,2,2,有,無,15200000,181060.0,,0.0,0,依土地法第三十四條之一出售陽台外推；其他增建；,RPSNMLLJRHIGFDA77DA,83.95,0.0,0.0,無,,52.0
信義區,房地(土地+建物),永吉路２００巷４１弄２３號三樓,26.77,住,,,1120716,土地1建物1車位0,三層,五層,公寓(5樓含以下無電梯),住家用,0721019,104.04,3,2,2,有,無,21000000,201845.0,,0.0,0,陽台外推；,RPQOMLSKRHIGFDA48DA,84.95,0.0,9.1,無,2172.0,40.0
信義區,房地(土地+建物),吳興街３６號四樓之２,27.39,住,,,1120727,土地1建物1車位0,四層,六層,華廈(10層含以下有電梯),住家用,0830215,120.31,4,2,2,有,有,29380000,244202.0,,0.0,0,,RPROMLSKRHIGFDA58DA,91.99,2.59,12.54,有,2173.0,29.0
士林區,房地(土地+建物),中山北路五段６９８巷３６號二樓,25.8,住,,,1120724,土地1建物1車位0,二層,五層,公寓(5樓含以下無電梯),住家用,0741218,88.01,3,2,1,有,無,19500000,221566.0,,0.0,0,鐵欄杆外推、懸空增建陽台外推；其他增建；,RPUOMLLLQHIGFEA28DA,79.78,0.0,8.23,無,,38.0
士林區,房地(土地+建物),基河路１２８號七樓之８,7.55,住,,,1120729,土地1建物1車位0,七層,十一層,住宅大樓(11層含以上有電梯),住家用,0850916,28.13,1,1,1,有,有,6200000,220405.0,,0.0,0,陽台外推；,RPROMLKMQHIGFEA97DA,15.92,1.18,2.37,有,2174.0,27.0
士林區,房地(土地+建物)+車位,中山北路六段２３６巷７號十二樓之３,17.02,住,,,1120703,土地1建物1車位1,十二層,十四層,住宅大樓(11層含以上有電梯),住家用,1110331,127.02,2,2,1,有,有,32950000,347206.0,坡道平面,40.76,3000000,,RPWNMLOKRHIGFEA68DA,47.8,1.59,5.06,有,,1.0
北投區,房地(土地+建物),實踐街６巷３弄１３號,72.0,住,,,1120724,土地1建物1車位0,一層,四層,公寓(5樓含以下無電梯),住家用,0621024,167.02,5,2,3,有,無,35000000,209556.0,,0.0,0,其他增建；,RPTNMLTKRHIGFEA98EA,167.02,0.0,0.0,無,,50.0
文山區,房地(土地+建物),景華街１９８號三樓之６,20.84,住,,,1120731,土地1建物1車位0,三層,十七層,住宅大樓(11層含以上有電梯),住家用,1050930,147.53,3,2,2,有,有,37000000,250796.0,,0.0,0,增建項目：露台土地價金2294萬、建物價金1406萬其他增建；,RPSOMLLLQHIGFAA67DA,86.41,4.49,8.53,有,,7.0
文山區,房地(土地+建物)+車位,景華街１７６巷６３號,67.78,住,,,1120731,土地1建物1車位2,一層,三層,公寓(5樓含以下無電梯),住家用,0870327,166.75,3,2,2,有,有,19000000,168218.0,坡道平面,77.58,4000000,陽台外推；其他增建；,RPVNMLOLQHIGFAA18DA,61.49,0.0,7.81,無,,25.0
中正區,房地(土地+建物)+車位,重慶南路三段４１號十八樓,48.92,住,,,1120712,土地2建物1車位2,十八層,二十一層,住宅大樓(11層含以上有電梯),住家用,1100915,310.64,3,2,2,有,有,116000000,471804.0,坡道平面,78.34,6400000,,RPQNMLPKRHIGFAA77DA,127.71,10.64,13.55,有,,2.0
文山區,房地(土地+建物),指南路二段４５巷４４號三樓,30.25,住,,,1120708,土地1建物1車位0,三層，陽台,四層,公寓(5樓含以下無電梯),住家用,,89.67,4,1,2,有,無,14000000,156128.0,,0.0,0,其他增建；,RPVNMLPKRHIGFAA28DA,89.67,0.0,0.0,無,2175.0,
內湖區,房地(土地+建物)+車位,新富街１５８號四樓,50.96,住,,,1120723,土地1建物1車位2,四層,十四層,住宅大樓(11層含以上有電梯),住家用,1010601,347.09000000000003,3,2,3,有,有,69580000,200467.0,坡道平面,0.0,0,,RPWPMLSKRHIGFCA09DA,161.13,2.0,18.6,有,2176.0,11.0
內湖區,房地(土地+建物)+車位,康寧路三段９９巷４７號二樓,42.07,住,,,1120710,土地1建物1車位1,二層,十層,華廈(10層含以下有電梯),住家用,0840508,153.18,4,2,2,有,有,30600000,199765.0,坡道平面,0.0,0,車位僅有使用權，為抽籤車位其他增建；,RPROMLTKRHIGFCA58DA,101.96,0.5,9.91,有,2177.0,28.0
北投區,房地(土地+建物),東華街一段４００巷１０號,33.33,住,,,1120707,土地1建物1車位0,一層，騎樓,三層,公寓(5樓含以下無電梯),住家用,0601224,64.4,0,0,0,無,無,16000000,248447.0,,0.0,0,後院加蓋其他增建；,RPVOMLPLPHIGFEA68DA,64.4,0.0,0.0,無,,52.0
北投區,房地(土地+建物),中和街５２５巷７號四樓之１,11.67,住,,,1120704,土地1建物1車位0,四層,六層,華廈(10層含以下有電梯),住家用,0840811,41.66,1,1,1,有,有,5680000,136342.0,,0.0,0,陽台加窗外推陽台外推；夾層；其他增建；,RPTNMLTLQHIGFEA88DA,21.77,0.0,4.22,有,2178.0,28.0
大安區,房地(土地+建物),通安街１１８巷４號八樓,47.31,住,,,1120715,土地1建物1車位0,八層,九層,華廈(10層含以下有電梯),住家用,0881214,209.57,4,2,2,有,有,48000000,229040.0,,0.0,0,其他增建；,RPPNMLOKQHIGFFA97DA,115.36,0.0,9.98,有,,24.0
內湖區,房地(土地+建物)+車位,星雲街１６１巷２號八樓之１,20.39,住,,,1120712,土地1建物1車位1,八層,十四層,住宅大樓(11層含以上有電梯),住家用,0940712,131.63,3,2,1,有,有,28200000,272913.0,坡道平面,38.56,2800000,,RPSNMLKLRHIGFCA87EA,59.86,0.0,7.57,有,,18.0
中正區,房地(土地+建物),汀州路一段３０６巷５號四樓,19.25,住,,,1120711,土地2建物1車位0,四層,四層,公寓(5樓含以下無電梯),住家用,,40.95,3,1,2,有,無,11350000,277167.0,,0.0,0,陽台外推；頂樓加蓋；,RPPOMLRKQHIGFAA87DA,32.85,0.0,8.1,無,2179.0,
中正區,房地(土地+建物)+車位,師大路２１２號二樓之１,7.53,住,,,1120724,土地1建物1車位1,二層,十三層,住宅大樓(11層含以上有電梯),住家用,0991027,77.96000000000001,2,1,1,有,有,16800000,215495.0,塔式車位,24.12,0,陽台外推；夾層；其他增建；,RPUPMLRKQHIGFAA48DA,30.8,1.04,3.23,有,,13.0
內湖區,房地(土地+建物)+車位,民權東路六段１８０巷９２號二樓,26.76,住,,,1120720,土地1建物1車位1,二層,十一層,住宅大樓(11層含以上有電梯),住家用,1050322,190.56,3,2,2,有,有,41500000,217779.0,坡道平面,37.25,0,車位含租約,RPTOMLRJQHIGFCA38DA,87.11,8.35,8.02,有,2181.0,7.0
內湖區,房地(土地+建物)+車位,港墘路１２７巷６弄７號六樓,33.91,住,,,1120725,土地1建物1車位1,六層，電梯樓梯間,十五層,住宅大樓(11層含以上有電梯),住家用,0860806,207.93,4,2,2,有,有,46380000,223056.0,坡道平面,44.25,0,陽台外推；,RPTPMLLJRHIGFCA97DA,163.9,6.28,12.32,有,,26.0
內湖區,房地(土地+建物)+車位,康寧路三段１８９巷１５７弄２１號四樓,54.02,住,,,1120701,土地1建物1車位1,四層，五層,五層,公寓(5樓含以下無電梯),住家用,0780127,190.48,6,3,4,有,有,24880000,145705.0,坡道平面,33.44,2000000,陽台外推；頂樓加蓋；其他增建；,RPPOMLNKRHIGFCA77DA,159.98,6.86,14.11,無,,34.0
南港區,房地(土地+建物),合順街８巷３弄３２號三樓,21.25,住,,,1120704,土地1建物1車位0,三層,四層,公寓(5樓含以下無電梯),住家用,,77.0,3,2,1,有,無,8600000,111688.0,,0.0,0,其他增建；,RPTNMLSKPHIGFDA48DA,77.0,0.0,0.0,無,,
信義區,房地(土地+建物)+車位,吳興街５１６號七樓之１,25.51,住,,,1120722,土地1建物1車位1,七層,九層,華廈(10層含以下有電梯),住家用,1050808,123.76,3,2,2,有,有,29000000,234324.0,升降機械,0.0,2000000,,RPUOMLPKRHIGFDA58DA,59.85,5.39,4.06,有,,7.0
北投區,房地(土地+建物),中山北路七段２１９巷３弄１９７號二樓,16.67,住,,,1120730,土地1建物1車位0,二層,七層,華廈(10層含以下有電梯),住家用,0731022,92.03,2,2,1,有,有,15650000,170053.0,,0.0,0,陽台外推；其他增建；,RPPOMLOLQHIGFEA08DA,73.36,0.0,12.68,有,,39.0
北投區,房地(土地+建物),立農街二段２０２巷９弄４號四樓,29.9,住,,,1120731,土地1建物1車位0,四層,五層,公寓(5樓含以下無電梯),住家用,0700609,97.66,3,2,2,有,無,17500000,179193.0,,0.0,0,其他增建；,RPRNMLKMQHIGFEA87DA,88.65,0.0,9.01,無,,42.0
文山區,房地(土地+建物)+車位,和興路２６巷７號九樓之１,29.93,住,,,1120722,土地1建物2車位1,九層,九層,華廈(10層含以下有電梯),住家用,0980317,125.75,3,2,2,有,無,20650000,159770.0,塔式車位,5.89,1500000,本案總價為新台幣貳仟零陸拾伍萬元整，兩戶打通無拆算價格 : 臺北市文山區和興路２６巷７號九樓 ，臺北市文山區和興路２６巷７號九樓之１陽台外推；其他增建；,RPVNMLLKQHIGFAA77DA,60.09,5.85,6.0,有,,14.0
文山區,房地(土地+建物),興隆路二段２２巷８弄７號四樓,34.25,住,,,1120731,土地1建物1車位0,四層，陽臺,四層,公寓(5樓含以下無電梯),住家用,0650624,92.4,3,2,2,有,無,17100000,185065.0,,0.0,0,頂樓加蓋；其他增建；,RPSNMLOKRHIGFAA87DA,92.4,0.0,0.0,無,2186.0,47.0
內湖區,房地(土地+建物),江南街７１巷１６弄２５號二樓,48.67,住,,,1120705,土地1建物1車位0,二層，三層,五層,公寓(5樓含以下無電梯),住家用,0781117,146.68,3,3,3,有,無,25680000,175075.0,,0.0,0,陽台外推；,RPQNMLNLQHIGFCA77DA,119.04,0.63,15.18,無,,34.0
中山區,房地(土地+建物)+車位,堤頂大道二段２４６巷８號七樓,49.62,住,,,1120718,土地1建物1車位2,七層,十二層,住宅大樓(11層含以上有電梯),住家用,0960503,241.97,2,2,2,有,有,60000000,315882.0,坡道平面,71.02,6000000,其他增建；,RPUOMLMKRHIGFCA18DA,108.1,7.96,11.14,有,,16.0
南港區,房地(土地+建物),福德街４４７號四樓,29.6,住,,,1120715,土地1建物1車位0,四層,十八層,住宅大樓(11層含以上有電梯),住家用,0870521,174.74,4,2,2,有,有,28800008,164816.0,,0.0,0,陽台外推；,RPXNMLOJRHIGFDA58DA,96.35,0.0,8.34,有,,25.0
信義區,房地(土地+建物),松德路２５巷２２號十二樓,7.7,住,,,1120731,土地2建物1車位0,十二層,十四層,住宅大樓(11層含以上有電梯),住家用,0740620,74.15,2,2,1,有,有,16880000,227647.0,,0.0,0,,RPRPMLKLRHIGFDA97DA,51.46,0.0,11.24,有,,38.0
大安區,房地(土地+建物),建國南路一段４２號十二樓之４,8.22,住,,,1120715,土地2建物1車位0,十二層,十五層,住宅大樓(11層含以上有電梯),住家用,0790515,63.95,2,2,1,有,有,18520000,289601.0,,0.0,0,陽台外推；其他增建；,RPROMLLKQHIGFFA97DA,44.59,0.0,6.7,有,,33.0
文山區,房地(土地+建物)+車位,政大二街１７１巷６０號六樓,71.42,住,,,1120712,土地1建物1車位1,六層,八層,華廈(10層含以下有電梯),住家用,0920114,133.85,3,2,2,有,有,17800000,132985.0,坡道平面,0.0,0,車位定期輪抽陽台外推；其他增建；,RPUNMLRKPHIGFAA18DA,75.77,0.0,10.51,有,2191.0,20.0
文山區,建物,萬寧街１８５號十一樓,0.0,,,,1120726,土地0建物1車位0,十一層,十六層,住宅大樓(11層含以上有電梯),住家用,0861030,151.51999999999998,3,2,1,有,有,9200000,60718.0,,0.0,0,地上權房屋；,RPTNMLNKRHIGFAA87DA,84.49,0.0,14.36,有,,26.0
中正區,房地(土地+建物),寧波東街９巷９號四樓,6.64,住,,,1120712,土地1建物1車位0,四層,六層,華廈(10層含以下有電梯),住家用,0881028,25.86,1,1,1,有,有,12880000,498067.0,,0.0,0,陽台外推；,RPTOMLSKRHIGFAA48DA,13.32,0.0,2.04,有,2192.0,24.0
中山區,房地(土地+建物)+車位,龍江路２９６號七樓,25.64,住,,,1120730,土地1建物1車位2,七層,七層,華廈(10層含以下有電梯),住家用,0980120,134.92,1,2,1,有,有,26000000,260047.0,塔式車位,41.86,1800000,塔式車位樓層位於地下第一層。塔式車位現況僅有一個車位可做使用。夾層；其他增建；,RPUNMLSLQHIGFCA68DA,50.27,5.23,4.29,有,,15.0
信義區,房地(土地+建物),信安街１４９號五樓之１,21.65,住,,,1120730,土地1建物1車位0,五層,七層,華廈(10層含以下有電梯),住家用,0720322,115.63,3,2,2,有,無,24100000,208423.0,,0.0,0,陽台外推；其他增建；,RPTNMLLLQHIGFDA97DA,73.07,0.0,14.63,有,,40.0
松山區,房地(土地+建物)+車位,健康路３２５巷６弄２３號六樓,40.27,住,,,1120729,土地1建物1車位1,六層,六層,華廈(10層含以下有電梯),住家用,0751020,188.33,5,3,2,有,無,50250000,266819.0,坡道平面,0.0,2500000,,RPPOMLOJRHIGFDA87DA,107.1,33.07,11.18,有,2194.0,37.0
士林區,房地(土地+建物),基河路１２８號五樓之１,7.22,住,,,1120710,土地1建物1車位0,五層,十一層,住宅大樓(11層含以上有電梯),住家用,0850916,25.83,1,1,1,有,有,5350000,207123.0,,0.0,0,陽台外移其他增建；,RPVNMLPLQHIGFEA68DA,15.14,0.0,2.47,有,,27.0
士林區,房地(土地+建物),文林路７６３號九樓之１,2.3,住,,,1120721,土地1建物1車位0,九層,十一層,住宅大樓(11層含以上有電梯),住家用,0700204,20.5,1,0,1,有,有,3900000,190244.0,,0.0,0,懸空增建其他增建；,RPWNMLKMQHIGFEA38DA,17.07,0.0,0.0,有,2195.0,42.0
中正區,房地(土地+建物),臨沂街３２巷２號五樓之２,10.26,住,,,1120730,土地1建物1車位0,五層,七層,華廈(10層含以下有電梯),住家用,1040206,45.66,1,1,1,有,有,17170000,376040.0,,0.0,0,,RPWNMLSLQHIGFBA78DA,19.52,0.94,3.88,有,2196.0,8.0
松山區,房地(土地+建物)+車位,健康路２２５巷１１號十二樓,26.67,住,,,1120727,土地2建物1車位1,十二層,十二層,住宅大樓(11層含以上有電梯),住家用,0811028,145.13,3,1,2,有,有,36000000,248053.0,坡道平面,0.0,0,,RPPOMLMLRHIGFDA87DA,101.67,0.0,7.13,有,,31.0
士林區,房地(土地+建物),中正路６５５巷６號十二樓之１,15.02,住,,,1120718,土地1建物1車位0,十二層,十五層,住宅大樓(11層含以上有電梯),住家用,1030606,83.88,2,1,1,有,有,16500000,196710.0,,0.0,0,本案含機車位1個,RPPNMLPLRHIGFEA18DA,50.41,2.04,2.77,有,2199.0,9.0
大安區,房地(土地+建物),安和路二段８２號十二樓之４,14.01,住,,,1120708,土地1建物1車位0,十二層,十五層,住宅大樓(11層含以上有電梯),住家用,0680116,126.28,3,2,2,有,有,40000000,316756.0,,0.0,0,,RPSNMLTLQHIGFFA88DA,101.0,0.0,7.98,有,,44.0
信義區,房地(土地+建物),松山路５１５巷３號四樓,25.0,住,,,1120715,土地1建物1車位0,四層,四層,公寓(5樓含以下無電梯),住家用,0611012,69.77,3,2,2,有,無,13900000,199226.0,,0.0,0,頂樓加蓋；,RPPNMLRJRHIGFDA08DA,69.77,0.0,0.0,無,,51.0
南港區,房地(土地+建物),研究院路二段２１４號,23.51,住,,,1120713,土地1建物1車位0,一層,五層,公寓(5樓含以下無電梯),住家用,0740429,79.94,2,2,2,有,無,13000000,162622.0,,0.0,0,其他增建；,RPSNMLLKRHIGFDA87DA,74.63,5.31,0.0,無,,38.0
信義區,房地(土地+建物),吳興街６００巷１００弄５５號三樓,20.47,住,,,1120729,土地3建物1車位0,三層,五層,公寓(5樓含以下無電梯),住家用,0721007,82.49000000000001,2,2,1,有,無,10900000,132137.0,,0.0,0,陽台外推；,RPVNMLPLRHIGFDA68DA,61.19,0.0,9.34,無,,40.0
士林區,房地(土地+建物),德行東路１３２巷５弄４號,0.04,住,,,1120703,土地4建物1車位0,一層,五層,公寓(5樓含以下無電梯),住家用,0710428,0.12,3,2,2,有,無,2344,0.0,,0.0,0,政府機關標讓售；,RPPNMLQLRHIGFEA38EA,0.0,0.0,0.0,無,2158.0,41.0
士林區,房地(土地+建物),承德路四段４０巷１０５號五樓之１３,14.08,住,,,1120728,土地1建物1車位0,四層,五層,公寓(5樓含以下無電梯),住家用,0591008,42.8,2,1,1,有,無,6700000,156542.0,,0.0,0,陽台外推；其他增建；,RPUNMLNKRHIGFEA38DA,39.6,1.85,1.35,無,,53.0
大安區,房地(土地+建物),信義路三段１４７巷１５弄１８號五樓,40.0,住,,,1120724,土地1建物1車位0,五層,六層,華廈(10層含以下有電梯),住家用,0751017,201.69,4,2,2,有,無,69800000,346076.0,,0.0,0,其他增建；,RPVNMLKMQHIGFFA38DA,166.0,3.59,17.42,有,,37.0
大安區,房地(土地+建物),建國南路二段１０３號八樓,21.13,住,,,1120729,土地1建物1車位0,八層,十三層,住宅大樓(11層含以上有電梯),住家用,0750415,108.82,3,2,2,有,有,31000000,284874.0,,0.0,0,陽台外推；其他增建；,RPXNMLKLRHIGFFA58DA,75.83,0.55,10.27,有,,37.0
中正區,房地(土地+建物),愛國東路１１６巷２３弄１號十樓之３,17.39,住,,,1120723,土地1建物1車位0,十層,十二層,住宅大樓(11層含以上有電梯),住家用,0741022,98.86,2,2,1,有,有,30000000,303459.0,,0.0,0,,RPXNMLOKRHIGFAA38DA,58.94,0.0,7.79,有,,38.0
中山區,房地(土地+建物),復興北路４９０號四樓之１,20.83,住,,,1120729,土地1建物1車位0,四層,七層,華廈(10層含以下有電梯),住家用,0721028,121.03,3,2,2,有,有,27450000,226803.0,,0.0,0,陽台外推；其他增建；,RPXNMLNLQHIGFCA48DA,86.75,0.0,8.6,有,,40.0
信義區,房地(土地+建物),永吉路１２０巷２７弄８號二樓之２,14.86,住,,,1120707,土地1建物1車位0,二層,八層,華廈(10層含以下有電梯),住家用,1070328,61.44,1,1,1,有,有,15280000,248698.0,,0.0,0,,RPPOMLLLRHIGFDA77DA,28.64,7.62,2.37,有,,5.0
中山區,房地(土地+建物),錦州街３６３號四樓之１,20.76,住,,,1120702,土地1建物1車位0,四層,七層,華廈(10層含以下有電梯),住家用,0730524,91.44,2,2,1,有,有,20300000,222003.0,,0.0,0,其他增建；,RPROMLLKRHIGFCA77DA,69.18,0.0,10.75,有,,39.0
內湖區,房地(土地+建物)+車位,民權東路六段２８０巷１５５弄２１３號六樓,22.31,住,,,1120709,土地1建物1車位1,五層，六層,十一層,住宅大樓(11層含以上有電梯),住家用,0860710,98.24,2,1,2,有,有,15500000,206581.0,坡道機械,30.47,1500000,陽台外推；夾層；其他增建；,RPUOMLLKRHIGFCA08DA,37.67,1.66,4.78,有,2208.0,26.0
內湖區,房地(土地+建物),康樂街７５巷３號三樓,37.57,住,,,1120706,土地1建物1車位0,三層,五層,公寓(5樓含以下無電梯),住家用,0741204,137.55,4,2,2,有,無,14800000,107597.0,,0.0,0,陽台外推；,RPSNMLOLRHIGFCA18DA,114.94,0.0,11.5,無,,38.0
中山區,房地(土地+建物),德惠街１７０巷１號四樓之１,8.76,住,,,1120702,土地1建物1車位0,四層，走廊,七層,華廈(10層含以下有電梯),住家用,0720520,47.43,1,1,1,有,無,9900000,208729.0,,0.0,0,陽台外推；其他增建；,RPPNMLQLRHIGFCA08DA,34.21,0.0,8.26,有,2209.0,40.0
內湖區,房地(土地+建物),安泰街５１巷６之１號四樓,24.53,住,,,1120710,土地1建物1車位0,四層,五層,公寓(5樓含以下無電梯),住家用,0730706,91.66,3,2,1,有,無,7030200,76699.0,,0.0,0,陽台外推；,RPPNMLRLRHIGFCA18DA,70.92,0.0,11.29,無,,39.0
中山區,房地(土地+建物)+車位,大直街１５號八樓之２,38.75,住,,,1120723,土地1建物1車位1,八層,十四層,住宅大樓(11層含以上有電梯),住家用,0890801,221.42,6,2,2,有,有,58100000,313066.0,坡道平面,44.78,2800000,,RPRNMLSLRHIGFCA48DA,117.01,0.0,15.69,有,,23.0
南港區,房地(土地+建物),松河街５００號五樓,37.47,住,,,1120710,土地1建物1車位0,五層,九層,華廈(10層含以下有電梯),住家用,0940919,111.62,3,2,2,有,有,23000000,206056.0,,0.0,0,陽台外推；其他增建；,RPOOMLSJRHIGFDA18DA,69.69,3.47,7.03,有,,18.0
士林區,房地(土地+建物)+車位,雨聲街２０７號六樓,39.18,住,,,1120715,土地1建物1車位1,六層,七層,華廈(10層含以下有電梯),住家用,0870122,196.26,3,2,2,有,有,36180000,184347.0,坡道平面,36.42,0,夾層；其他增建；,RPUNMLLKRHIGFEA18DA,109.42,0.0,11.61,有,,25.0
北投區,房地(土地+建物),泉源路３９之３７號六樓,19.91,住,,,1120701,土地2建物1車位0,六層,十一層,住宅大樓(11層含以上有電梯),住家用,0740117,136.12,2,2,2,有,有,13100000,96239.0,,0.0,0,其他增建；,RPQNMLNLRHIGFEA08DA,95.18,0.0,21.53,有,2210.0,38.0
文山區,房地(土地+建物),辛亥路四段１０１巷９３弄３號三樓,30.15,住,,,1120730,土地1建物1車位0,三層,五層,公寓(5樓含以下無電梯),住家用,0740607,96.29,3,2,2,有,無,14000000,145394.0,,0.0,0,鐵窗增建陽台外推；其他增建；,RPVNMLPLQHIGFAA28DA,77.48,0.0,9.68,無,,38.0
中山區,房地(土地+建物)+車位,通北街１３２巷５號九樓,29.66,住,,,1120701,土地1建物1車位1,九層,九層,華廈(10層含以下有電梯),住家用,0880511,144.88,4,2,2,有,有,24000000,165654.0,坡道平面,0.0,0,,RPSPMLMJIIIGFCA17DA,79.93,0.0,9.93,有,,24.0
中山區,房地(土地+建物),民權東路二段７１巷８號十四樓之３,7.54,,,,1120731,土地1建物1車位0,十四層,十五層,住宅大樓(11層含以上有電梯),住家用,1120203,61.84,2,1,1,有,有,20420000,330207.0,,0.0,0,,RPPOMLNJIIIGFCA86DA,35.36,0.0,3.9,有,,
北投區,房地(土地+建物)+車位,磺港路１０２號九樓,18.22,住,,,1120708,土地2建物1車位1,九層,十六層,住宅大樓(11層含以上有電梯),住家用,1120526,152.32,3,2,2,有,有,27750000,221856.0,升降機械,34.0,1500000,,RPOQMLLJQHIGFEA67DA,71.1,0.0,7.46,有,,
北投區,房地(土地+建物),實踐街５巷２６號一樓,31.2,住,,,1120708,土地1建物1車位0,一層，平台,五層,公寓(5樓含以下無電梯),住家用,0651113,108.28,4,2,2,有,無,22500000,207795.0,,0.0,0,其他增建；,RPSNMLNJIIIGFEA27DA,108.28,0.0,0.0,無,,47.0
信義區,房地(土地+建物),信義路六段１１２號三樓,38.25,住,,,1120728,土地2建物1車位0,三層,四層,公寓(5樓含以下無電梯),住家用,0601217,78.62,2,2,1,有,無,17300000,220046.0,,0.0,0,其他增建：陽台增建。其他增建；,RPSOMLMJQHIGFDA87DA,78.62,0.0,0.0,無,2217.0,52.0
南港區,房地(土地+建物)+車位,研究院路三段７號五樓,77.93,住,,,1120717,土地1建物1車位2,五層,五層,華廈(10層含以下有電梯),住家用,0990921,255.89,3,2,2,有,有,29300000,114502.0,坡道平面,87.9,0,,RPTNMLPJIIIGFDA47DA,96.06,0.0,15.5,有,,13.0
信義區,房地(土地+建物),松仁路３１５巷１０號,41.5,住,,,1120728,土地1建物1車位0,一層，平台,四層,公寓(5樓含以下無電梯),住家用,,88.77,3,2,2,有,無,24650000,277684.0,,0.0,0,其他增建；,RPQPMLMLQHIGFDA97DA,88.77,0.0,0.0,無,,
松山區,房地(土地+建物)+車位,敦化北路１５５巷１００弄１２號二樓,56.99,住,,,1120729,土地4建物1車位1,二層,十七層,住宅大樓(11層含以上有電梯),住家用,0881022,265.61,4,2,2,有,有,98000000,414377.0,坡道平面,36.35,3000000,,RPPOMLOKQHIGFDA87DA,158.32,0.0,17.06,有,,24.0
大安區,房地(土地+建物),延吉街１７６號,21.25,住,,,1120701,土地1建物1車位0,一層，平台，騎樓,四層,公寓(5樓含以下無電梯),住家用,0610414,60.69,1,1,1,有,無,38000000,626133.0,,0.0,0,其他增建；,RPWNMLOKRHIGFFA78DA,60.69,0.0,0.0,無,,51.0
文山區,房地(土地+建物)+車位,汀州路四段２０７號十樓,36.6,住,,,1120710,土地1建物1車位1,十層,十四層,住宅大樓(11層含以上有電梯),住家用,0991105,189.82,3,2,2,有,有,38000000,200190.0,坡道平面,0.0,0,,RPQOMLMJIIIGFAA66DA,102.96,0.0,11.77,有,,13.0
中山區,房地(土地+建物),吉林路３４３巷７號,27.4,住,,,1120724,土地1建物1車位0,一層,五層,公寓(5樓含以下無電梯),住家用,0670905,95.03,1,1,2,有,無,28800000,303062.0,,0.0,0,本買賣包含未辦保存登記之地下一層建物建物格局：4房1廳。,RPRNMLSJRHIGFCA28DA,82.08,12.95,0.0,無,,45.0
信義區,房地(土地+建物),信義路六段７６巷２弄７８號三樓,24.2,住,,,1120725,土地1建物1車位0,三層,五層,公寓(5樓含以下無電梯),住家用,0680213,89.11,3,2,2,有,無,16560000,185838.0,,0.0,0,,RPVNMLRLRHIGFDA88DA,77.27,0.0,11.84,無,,44.0
文山區,房地(土地+建物)+車位,辛亥路四段７７巷７０號八樓,68.59,住,,,1120717,土地1建物1車位1,八層,十一層,住宅大樓(11層含以上有電梯),住家用,0831101,143.01,2,2,2,有,有,25280000,176771.0,坡道平面,0.0,2000000,其他增建；,RPOPMLOLPHIGFAA57DA,84.59,3.17,8.49,有,2229.0,29.0
中正區,房地(土地+建物)+車位,羅斯福路三段２４４巷２弄１０號四樓,74.39,住,,,1120729,土地1建物1車位1,四層，五層，電梯樓梯間,五層,公寓(5樓含以下無電梯),住家用,0841017,256.25,5,3,3,有,無,40000000,156098.0,坡道平面,0.0,0,陽台外推；其他增建；,RPROMLLLRHIGFAA67DA,155.82,22.08,21.39,無,,28.0
南港區,房地(土地+建物),東新街１１８巷３９號八樓,20.27,住,,,1120712,土地3建物1車位0,八層,十一層,住宅大樓(11層含以上有電梯),住家用,1010314,98.66,3,2,2,有,有,29000000,293939.0,,0.0,0,陽台外推；其他增建；,RPWNMLNKRHIGFDA48DA,64.81,0.0,11.16,有,2231.0,11.0
南港區,房地(土地+建物),舊莊街一段２９０巷１弄１號,40.0,住,,,1120722,土地2建物1車位0,一層，平台，停車場,四層,公寓(5樓含以下無電梯),住家用,0651207,96.15,3,2,1,有,無,12000000,124805.0,,0.0,0,,RPPOMLNKRHIGFDA97EA,96.15,0.0,0.0,無,,47.0
內湖區,房地(土地+建物)+車位,康寧路三段７５巷１３１號二樓,46.99,住,,,1120724,土地1建物1車位1,二層,十一層,住宅大樓(11層含以上有電梯),住家用,0880819,129.18,2,2,1,有,有,27980000,273567.0,坡道平面,36.04,2500000,其他增建；,RPTNMLSLRHIGFCA68DA,66.83,0.0,6.07,有,2232.0,24.0
北投區,房地(土地+建物)+車位,大業路４５８號十一樓,17.12,住,,,1120722,土地3建物1車位1,十一層，電梯樓梯間,十九層,住宅大樓(11層含以上有電梯),住家用,0860111,151.77,3,2,2,有,有,31500000,207551.0,坡道平面,0.0,0,陽台外推；其他增建；,RPSNMLPLRHIGFEA48DA,88.71,1.98,9.81,有,,27.0
北投區,房地(土地+建物)+車位,三合街一段３６巷５號三樓,29.92,住,,,1120728,土地1建物1車位1,三層,九層,華廈(10層含以下有電梯),住家用,1050311,185.26,3,2,2,有,有,41000000,255763.0,坡道平面,34.73,2500000,,RPRNMLQLRHIGFEA48DA,84.56,6.28,10.02,有,2234.0,7.0
北投區,房地(土地+建物)+車位,稻香路２１９號三樓,40.31,住,,,1120721,土地1建物1車位1,三層,五層,華廈(10層含以下有電梯),住家用,1101015,110.92,2,2,1,有,有,17000000,215653.0,坡道平面,40.9,1900000,含家電含裝潢費；,RPRNMLRLRHIGFEA58DA,38.98,2.02,4.6,有,,2.0
中正區,房地(土地+建物)+車位,金門街２４巷２４之８號七樓,16.82,住,,,1120727,土地2建物1車位1,七層,十層,華廈(10層含以下有電梯),住家用,1020207,90.79,3,2,2,有,有,26500000,293440.0,升降機械,8.32,2300000,陽台外推；夾層；其他增建；,RPPNMLPKIIIGFAA86DA,39.75,5.53,4.85,有,2235.0,10.0
萬華區,房地(土地+建物),莒光路２５６號四樓,24.66,住,,,1120715,土地1建物1車位0,四層,七層,華廈(10層含以下有電梯),住家用,0890420,118.23,3,2,2,有,有,20080000,169838.0,,0.0,0,陽台外推；,RPSNMLMKIIIGFBA96DA,75.79,0.0,13.6,有,,23.0
中山區,房地(土地+建物),合江街１４４巷２０號,35.25,住,,,1120730,土地1建物1車位0,一層,四層,公寓(5樓含以下無電梯),住家用,0590303,87.39,3,2,1,有,無,27200000,311248.0,,0.0,0,平台加蓋、空地加蓋及防火巷加蓋之增建物其他增建；,RPUPMLLJRHIGFCA08DA,87.39,0.0,0.0,無,,53.0
內湖區,房地(土地+建物),康樂街７２巷１７弄１３６號四樓,26.66,住,,,1120702,土地1建物1車位0,四層,五層,公寓(5樓含以下無電梯),住家用,0730907,97.45,3,2,2,有,無,15360000,157619.0,,0.0,0,其他增建；,RPUOMLLLRHIGFCA18DA,81.16,0.0,8.57,無,,39.0
大安區,房地(土地+建物),樂業街１２１號四樓,24.94,住,,,1120727,土地1建物1車位0,四層,九層,華廈(10層含以下有電梯),住家用,0910710,128.85,3,2,2,有,有,32380000,251300.0,,0.0,0,陽台外推；其他增建；,RPRNMLNLRHIGFFA28DA,75.79,0.0,9.79,有,,21.0
中正區,房地(土地+建物)+車位,重慶南路三段４５號七樓,41.65,住,,,1120727,土地2建物1車位1,七層,二十一層,住宅大樓(11層含以上有電梯),住家用,1100915,238.61,3,2,2,有,有,97000000,465554.0,坡道平面,39.17,4150000,含裝潢費7000000元；,RPQNMLMLQHIGFAA47DA,107.87,10.6,11.95,有,,2.0
北投區,房地(土地+建物)+車位,磺港路１１０號十樓,18.22,住,,,1120723,土地2建物1車位1,十層,十六層,住宅大樓(11層含以上有電梯),住家用,1120526,162.66,3,2,2,有,有,28650000,220992.0,坡道平面,44.33,2500000,,RPOOMLOLQHIGFEA97DA,71.1,0.0,7.46,有,,
士林區,房地(土地+建物)+車位,忠誠路一段１７１巷１２弄７號六樓,65.69,住,,,1120709,土地2建物2車位1,六層,十二層,住宅大樓(11層含以上有電梯),住家用,0981231,206.38,4,2,2,有,有,52000000,251962.0,坡道平面,52.53,0,,RPRNMLMJIIIGFEA07DA,117.41,0.0,11.51,有,,14.0
內湖區,房地(土地+建物),南京東路六段１１１號四樓,48.76,住,,,1120720,土地1建物1車位0,四層,八層,華廈(10層含以下有電梯),住家用,0860526,128.4,2,2,2,有,有,24580000,191433.0,,0.0,0,陽台外推；,RPQNMLTKIIIGFCA67EA,73.96,0.0,8.44,有,,26.0
大安區,房地(土地+建物),復興南路一段７９巷１０號五樓之１,6.02,住,,,1120716,土地2建物1車位0,五層,七層,華廈(10層含以下有電梯),住家用,0690904,29.11,1,0,1,有,有,9280000,318791.0,,0.0,0,陽台外推；其他增建；,RPRNMLTLQHIGFFA78DA,19.42,0.0,3.33,有,2238.0,43.0
大安區,房地(土地+建物),敦化南路一段３１１號五樓,23.23,住,,,1120714,土地3建物1車位0,五層,十三層,住宅大樓(11層含以上有電梯),住家用,0680316,168.74,2,2,1,有,有,58000000,343724.0,,0.0,0,,RPQNMLSLRHIGFFA68DA,126.88,0.0,15.21,有,2239.0,44.0
文山區,房地(土地+建物)+車位,政大三街３３號四樓,100.6,住,,,1120728,土地1建物1車位1,四層，五層，電梯樓梯間,五層,華廈(10層含以下有電梯),住家用,0851217,192.47,4,2,3,有,有,28000000,145477.0,坡道平面,0.0,2000000,陽台外推；夾層；其他增建；,RPSNMLPLRHIGFAA08DA,117.94,5.98,13.26,有,,27.0
南港區,房地(土地+建物),中南街１４２號,30.64,住,,,1120725,土地1建物1車位0,一層，夾層,九層,華廈(10層含以下有電梯),住家用,0861110,101.0,3,2,2,有,有,19000000,188119.0,,0.0,0,,RPRNMLKLIIIGFDA07EA,72.99,0.0,7.24,有,,26.0
北投區,房地(土地+建物),新興路１６０號三樓,23.1,住,,,1120721,土地2建物1車位0,三層,五層,公寓(5樓含以下無電梯),住家用,0701014,78.41,3,2,1,有,無,9850000,125622.0,,0.0,0,,RPUOMLSKIIIGFEA18DA,68.32,0.0,10.09,無,2243.0,42.0
大安區,房地(土地+建物),忠孝東路四段２１６巷１９弄１０號七樓,29.6,住,,,1120729,土地1建物1車位0,七層，陽臺,七層,華廈(10層含以下有電梯),住家用,0651231,126.32,4,2,2,有,有,42680000,337872.0,,0.0,0,陽台外推；頂樓加蓋；其他增建；,RPPNMLKKIIIGFFA86DA,126.32,0.0,0.0,有,,47.0
文山區,房地(土地+建物),木新路二段２１８巷１號三樓,46.0,住,,,1120715,土地1建物1車位0,三層,四層,公寓(5樓含以下無電梯),住家用,,99.57,3,2,1,有,無,14300000,143618.0,,0.0,0,其他增建；,RPVNMLSJRHIGFAA48DA,90.14,0.0,9.43,無,,
大安區,房地(土地+建物),忠孝東路三段２４８巷１１號三樓,32.38,住,,,1120731,土地1建物1車位0,三層,七層,華廈(10層含以下有電梯),住家用,0710313,126.37,3,2,2,有,有,32500000,257181.0,,0.0,0,其他增建：陽台。其他增建；,RPQNMLPLIIIGFFA67EA,83.09,0.0,6.64,有,2244.0,41.0
內湖區,房地(土地+建物),成功路四段３２３巷３弄７號四樓,34.45,住,,,1120730,土地4建物1車位0,四層,四層,公寓(5樓含以下無電梯),住家用,0700311,93.49,3,2,1,有,無,16500000,176489.0,,0.0,0,陽台外推；其他增建；,RPSNMLPJIIIGFCA27DA,85.8,0.0,7.69,無,,42.0
內湖區,房地(土地+建物)+車位,安康路３４８號二樓,20.69,住,,,1120727,土地1建物1車位1,二層,八層,華廈(10層含以下有電梯),住家用,0930611,100.92,2,1,1,有,有,16300000,198533.0,坡道平面,31.41,2500000,陽台外推；,RPSOMLQJIIIGFCA47DA,37.26,0.0,3.76,有,2245.0,19.0
大安區,房地(土地+建物),泰順街５４巷１１號五樓,28.2,住,,,1120718,土地1建物1車位0,五層,五層,公寓(5樓含以下無電梯),住家用,0681002,106.86,3,2,1,有,無,25200000,235823.0,,0.0,0,陽台外推；頂樓加蓋；其他增建；,RPRPMLQJIIIGFFA77DA,95.3,0.0,11.56,無,2246.0,44.0
文山區,房地(土地+建物)+車位,木新路三段２３２巷７弄８之３號五樓,38.16,住,,,1120725,土地1建物1車位1,五層,十層,華廈(10層含以下有電梯),住家用,0960215,219.0,4,2,2,有,有,35600000,162557.0,一樓平面,0.0,3000000,其他增建；,RPPOMLMJIIIGFAA56DA,132.65,14.53,12.27,有,,16.0
松山區,房地(土地+建物)+車位,延壽街３３０巷１８號十一樓,56.68,住,,,1120725,土地1建物1車位1,十一層,十一層,住宅大樓(11層含以上有電梯),住家用,0980320,211.14,4,2,2,有,有,58000000,274699.0,坡道平面,0.0,0,,RPPNMLLMQHIGFDA67DA,117.23,0.0,10.76,有,,14.0
北投區,房地(土地+建物)+車位,稻香路２４１號五樓,53.18,住,,,1120706,土地1建物1車位2,五層,五層,華廈(10層含以下有電梯),住家用,1101015,174.1,2,2,1,有,有,22220000,198483.0,坡道平面,81.8,3900000,含家電含裝潢費100000元；,RPRNMLSKIIIGFEA77DA,50.83,4.32,4.98,有,,2.0
文山區,房地(土地+建物),景興路４２巷８弄２號四樓,33.05,住,,,1120708,土地1建物1車位0,四層，陽臺,四層,公寓(5樓含以下無電梯),住家用,0640602,95.93,3,2,1,有,無,15500000,161576.0,,0.0,0,陽台外推；其他增建；,RPRNMLRKIIIGFAA27DA,95.93,0.0,0.0,無,,48.0
內湖區,房地(土地+建物),內湖路二段１７９巷２２４弄２５號,195.0,住,,,1120711,土地1建物1車位0,全,二層,透天厝,住家用,0621012,163.89,4,2,2,有,無,63200000,385625.0,,0.0,0,陽台外推；其他增建；,RPRQMLMKIIIGFCA27DA,163.89,0.0,0.0,無,,50.0
大安區,房地(土地+建物),泰順街５０巷９號二樓之２,10.67,住,,,1120730,土地1建物1車位0,二層,六層,華廈(10層含以下有電梯),住家用,0941017,43.39,1,1,1,有,無,14000000,322655.0,,0.0,0,陽台外推；其他增建；,RPRNMLNKIIIGFFA37DA,24.15,0.21,4.41,有,2255.0,18.0
大安區,房地(土地+建物)+車位,臥龍街２８９號五樓,18.36,住,,,1120706,土地1建物1車位1,五層,十四層,住宅大樓(11層含以上有電梯),住家用,1120503,157.04,3,2,2,有,有,33600000,243282.0,坡道平面,31.26,3000000,,RPSNMLLJJIIGFFA27DA,67.91,8.25,6.58,有,,
大安區,房地(土地+建物),瑞安街２２２巷２１號五樓,31.0,住,,,1120709,土地2建物1車位0,五層,五層,公寓(5樓含以下無電梯),住家用,0670619,88.84,6,2,3,有,無,23800000,267897.0,,0.0,0,頂樓加蓋；,RPPNMLKMIIIGFFA07DA,71.76,0.0,17.08,無,,45.0
文山區,房地(土地+建物)+車位,興隆路三段１９２巷２弄３３號三樓,20.28,住,,,1120704,土地1建物1車位1,三層,十層,華廈(10層含以下有電梯),住家用,1090825,144.59,2,2,1,有,有,25700000,230525.0,坡道平面,43.95,2500000,,RPTNMLOLIIIGFAA27DA,55.19,5.46,4.91,有,2257.0,3.0
萬華區,房地(土地+建物),桂林路２４２巷４號四樓之２,22.21,住,,,1120703,土地1建物1車位0,四層,七層,華廈(10層含以下有電梯),住家用,0711202,124.86,2,2,2,有,有,16000000,128144.0,,0.0,0,陽台外推；其他增建；,RPRNMLNKIIIGFBA96DA,92.07,0.0,20.6,有,,41.0
文山區,房地(土地+建物),興隆路四段１６５巷３號二樓,42.88,住,,,1120731,土地1建物1車位0,二層,五層,公寓(5樓含以下無電梯),住家用,0790626,137.42,4,2,2,有,無,19000000,138262.0,,0.0,0,,RPUNMLPLIIIGFAA47DA,112.3,2.61,7.5,無,,33.0
北投區,房地(土地+建物)+車位,中央北路三段４０巷３８弄１６號二樓,25.64,住,,,1120730,土地1建物1車位2,二層,七層,華廈(10層含以下有電梯),住家用,1091231,107.76,2,2,1,有,有,16080000,174646.0,坡道機械,27.14,2000000,,RPPOMLKMIIIGFEA07DA,45.37,5.6,4.31,有,2260.0,3.0
大同區,房地(土地+建物),民族西路３３８號七樓,30.46,住,,,1120718,土地2建物1車位0,七層,十五層,住宅大樓(11層含以上有電梯),住家用,1110802,218.19,4,2,3,有,有,50680000,232275.0,,0.0,0,,RPPOMLNJJIIGFBA86DA,137.2,1.88,15.31,有,,1.0
信義區,房地(土地+建物),忠孝東路五段７１巷１２弄８號三樓之２,7.49,住,,,1120707,土地1建物1車位0,三層,七層,華廈(10層含以下有電梯),住家用,0980810,32.989999999999995,1,1,1,有,有,13000000,394059.0,,0.0,0,陽台外推；夾層；,RPUNMLPJIIIGFDA57DA,16.69,2.36,2.42,有,2262.0,14.0
信義區,房地(土地+建物),忠孝東路五段４２３巷３弄１６號四樓,31.97,住,,,1120718,土地1建物1車位0,四層,五層,公寓(5樓含以下無電梯),住家用,0780425,130.51,3,2,2,有,有,25500000,195387.0,,0.0,0,其他增建；,RPRPMLQJJIIGFDA67DA,90.97,0.0,10.97,無,,34.0
萬華區,房地(土地+建物)+車位,德昌街１３１號十樓之１,50.75,住,,,1120722,土地1建物1車位2,十層,二十三層,住宅大樓(11層含以上有電梯),住家用,1000131,322.23,4,2,3,有,有,63500000,233365.0,坡道平面,71.55,5000000,,RPTNMLTKIIIGFBA77DA,146.33,8.44,13.61,有,,12.0
南港區,房地(土地+建物)+車位,街８號四樓之５,24.06,住,,,1120711,土地1建物1車位2,四層,十四層,住宅大樓(11層含以上有電梯),住家用,0980611,179.95999999999998,3,2,2,有,有,38000000,211158.0,坡道機械,0.0,0,,RPTOMLLJJIIGFDA27DA,85.85,7.72,9.15,有,,14.0
內湖區,房地(土地+建物)+車位,民權東路六段４０７號五樓之２,23.43,住,,,1120715,土地1建物1車位1,五層,十二層,住宅大樓(11層含以上有電梯),住家用,0940914,142.73000000000002,3,2,2,有,有,30800000,215792.0,坡道平面,37.72,0,陽台外推；其他增建；,RPPNMLQKJIIGFCA27DA,67.61,0.0,7.03,有,,18.0
大同區,房地(土地+建物)+車位,興城街７０號十四樓之８,12.13,住,,,1120706,土地1建物1車位1,十四層,十五層,住宅大樓(11層含以上有電梯),住家用,1120119,116.51,2,2,1,有,有,30700000,328649.0,坡道平面,30.4,2400000,預售屋、或土地及建物分件登記案件；,RPTNMLLLJIIGFBA17DA,54.88,1.18,3.93,有,,
士林區,房地(土地+建物),德行東路１３２巷５弄４號,0.0,住,,,1120711,土地4建物1車位0,一層,五層,公寓(5樓含以下無電梯),住家用,0710428,0.03,0,0,0,無,無,37,0.0,,0.0,0,地清或未辦繼承標售；,RPVNMLLKIIIGFEA57EA,0.0,0.0,0.0,無,2158.0,41.0
士林區,房地(土地+建物),德行東路１３２巷５弄４號,0.0,住,,,1120711,土地4建物1車位0,一層,五層,公寓(5樓含以下無電梯),住家用,0710428,0.03,0,0,0,無,無,193,0.0,,0.0,0,地清或未辦繼承標售；,SPVNMLLKIIIGFEA67EA,0.0,0.0,0.0,無,2158.0,41.0
士林區,房地(土地+建物),德行東路１３２巷５弄４號,0.0,住,,,1120711,土地4建物1車位0,一層,五層,公寓(5樓含以下無電梯),住家用,0710428,0.03,0,0,0,無,無,154,0.0,,0.0,0,地清或未辦繼承標售；,TPVNMLLKIIIGFEA77EA,0.0,0.0,0.0,無,2158.0,41.0
士林區,房地(土地+建物),德行東路１３２巷５弄４號,0.0,住,,,1120711,土地4建物1車位0,一層,五層,公寓(5樓含以下無電梯),住家用,0710428,0.03,0,0,0,無,無,212,0.0,,0.0,0,地清或未辦繼承標售；,UPVNMLLKIIIGFEA87EA,0.0,0.0,0.0,無,2158.0,41.0
士林區,房地(土地+建物)+車位,中山北路六段３５巷１０號六樓,29.22,住,,,1120724,土地1建物1車位3,六層,二十一層,住宅大樓(11層含以上有電梯),住家用,1051003,292.79,3,2,2,有,有,79200000,270501.0,坡道平面,0.0,9600000,,RPTOMLTJJIIGFEA18DA,109.22,12.65,8.46,有,2267.0,7.0
大同區,房地(土地+建物)+車位,南京西路４４８號四樓,16.34,住,,,1120707,土地2建物1車位1,四層,十二層,住宅大樓(11層含以上有電梯),住家用,1120526,148.65,2,2,1,有,有,32550000,272239.0,坡道平面,38.82,2650000,,RPOPMLPKJIIGFBA17DA,61.86,4.15,4.83,有,,
信義區,房地(土地+建物),忠孝東路五段７１巷１１弄１２號四樓,32.75,住,,,1120711,土地1建物1車位0,四層，陽臺,四層,公寓(5樓含以下無電梯),住家用,0610324,92.53,9,0,9,有,無,23000000,248568.0,,0.0,0,陽台外推；頂樓加蓋；,RPQNMLTJIIIGFDA57DA,92.53,0.0,0.0,無,,51.0
文山區,房地(土地+建物)+車位,和興路５２巷７弄６號十樓,28.41,,,,1120713,土地1建物1車位1,十層,十三層,住宅大樓(11層含以上有電梯),住家用,0851227,186.78,4,2,2,有,有,28500000,152586.0,坡道平面,0.0,2500000,陽台外推；其他增建；,RPPPMLMLJIIGFAA96DA,89.95,19.56,12.53,有,2269.0,27.0
內湖區,房地(土地+建物)+車位,江南街８９巷１６號五樓,70.78,住,,,1120731,土地1建物1車位1,五層，六層,六層,華廈(10層含以下有電梯),住家用,0790924,333.96999999999997,5,3,4,有,無,45300000,135645.0,升降平面,44.73,0,陽台外推；其他增建；,RPPPMLNLJIIGFCA27DA,243.01,51.81,22.89,有,,33.0
大同區,房地(土地+建物),雙連街１６號二樓,34.5,住,,,1120603,土地1建物1車位0,二層,四層,公寓(5樓含以下無電梯),住家用,0651202,94.34,3,1,4,有,無,23580000,249947.0,,0.0,0,陽台增建、鐵鋁窗增建其他增建；,RPVNMLOJRHIGFBA18DA,86.84,0.0,7.5,無,2270.0,47.0
內湖區,房地(土地+建物)+車位,成功路二段４８６巷４號十樓,20.15,住,,,1120618,土地2建物1車位1,十層,十二層,住宅大樓(11層含以上有電梯),住家用,0870911,169.76,3,2,2,有,有,29000000,206741.0,坡道平面,41.58,2500000,,RPUOMLOJRHIGFCA28DA,120.33,3.0,9.34,有,2272.0,25.0
內湖區,房地(土地+建物)+車位,內湖路一段９１巷３７弄１號,34.91,住,,,1120622,土地1建物2車位1,一層,五層,華廈(10層含以下有電梯),住家用,0830202,139.13,2,2,2,有,有,20500000,147344.0,坡道平面,0.0,0,其他增建；,RPTNMLRJRHIGFCA38DA,73.74,13.07,0.0,有,2273.0,29.0
北投區,房地(土地+建物),文林北路２３４之５號三樓,28.21,住,,,1120625,土地3建物1車位0,三層,五層,公寓(5樓含以下無電梯),住家用,0730112,116.61,3,2,2,有,無,20500000,175800.0,,0.0,0,陽台外推；其他增建；,RPSNMLRKQHIGFEA48DA,109.02,0.0,7.59,無,,39.0
大安區,房地(土地+建物),復興南路二段２１０巷１１號四樓,47.0,住,,,1120630,土地1建物1車位0,四層,四層,公寓(5樓含以下無電梯),住家用,0610706,140.08,3,2,2,有,無,33380000,238292.0,,0.0,0,其他增建；,RPRNMLPJRHIGFFA28DA,116.17,0.0,23.91,無,,51.0
松山區,房地(土地+建物),敦化北路１５３之３７號,27.56,住,,,1120602,土地3建物2車位0,十二層，陽台,十二層,住宅大樓(11層含以上有電梯),住家用,0590627,198.92,0,0,0,無,有,59000000,296602.0,,0.0,0,,RPPOMLLKQHIGFDA67EA,178.91,0.0,0.0,有,,53.0
萬華區,房地(土地+建物)+車位,中華路二段３６４巷３６號十樓之１,40.77,住,,,1120619,土地1建物1車位1,十層,十四層,住宅大樓(11層含以上有電梯),住家用,1010625,188.74,3,2,2,有,有,36500000,193388.0,坡道平面,0.0,0,,RPPNMLOJQHIGFBA47DA,101.84,0.0,10.16,有,2275.0,11.0
中山區,房地(土地+建物)+車位,通北街１３２巷５號三樓,29.66,住,,,1120603,土地1建物1車位1,三層,九層,華廈(10層含以下有電梯),住家用,0880511,144.88,3,2,2,有,有,23500000,162203.0,坡道平面,0.0,0,陽台加窗之增建物其他增建；,RPVPMLLJRHIGFCA18DA,79.93,0.0,9.93,有,,24.0
內湖區,房地(土地+建物)+車位,內湖路三段６０巷３３號十六樓,31.23,住,,,1120618,土地1建物1車位2,十六層,十九層,住宅大樓(11層含以上有電梯),住家用,1060407,257.68,3,2,2,有,有,62060000,281806.0,坡道平面,55.2,5000000,,RPPOMLQJRHIGFCA97DA,110.6,10.2,12.7,有,2276.0,6.0
松山區,房地(土地+建物),八德路四段７２巷１６弄１０號三樓,42.0,住,,,1120628,土地2建物1車位0,三層,四層,公寓(5樓含以下無電梯),住家用,0590128,96.96,3,2,1,有,無,20800000,214521.0,,0.0,0,陽台外推；其他增建；,RPSOMLPJRHIGFDA28DA,84.36,0.0,12.6,無,2277.0,53.0
士林區,房地(土地+建物),德行東路１３２巷５弄４號,0.0,住,,,1120629,土地4建物1車位0,一層,五層,公寓(5樓含以下無電梯),住家用,0710428,0.12,3,2,2,有,無,2414,0.0,,0.0,0,政府機關標讓售；地清或未辦繼承標售；,RPSNMLNLQHIGFEA18DA,0.0,0.0,0.0,無,2158.0,41.0
中正區,房地(土地+建物)+車位,新生南路一段１６０巷１２號八樓,47.63,住,,,1120613,土地1建物1車位3,八層,十二層,住宅大樓(11層含以上有電梯),住家用,1030407,365.76,4,2,3,有,有,130880000,454119.0,坡道平面,95.17,8000000,其他增建；,RPPNMLSJRHIGFBA08EA,159.89,12.6,7.02,有,,9.0
內湖區,房地(土地+建物)+車位,內湖路一段１巷９弄１６號,40.11,住,,,1120604,土地1建物1車位1,一層,五層,華廈(10層含以下有電梯),住家用,0790621,178.54,3,2,2,有,有,28880000,161756.0,坡道平面,0.0,0,其他增建；,RPQOMLLMPHIGFCA67DA,139.12,13.93,0.0,有,2280.0,33.0
內湖區,房地(土地+建物),金龍路１３巷４號五樓,33.2,住,,,1120621,土地1建物1車位0,五層,五層,公寓(5樓含以下無電梯),住家用,0710715,117.04,3,2,2,有,無,19800000,169173.0,,0.0,0,陽台外推；其他增建；,RPVNMLQJRHIGFCA48DA,100.66,0.0,16.38,無,2281.0,41.0
中山區,房地(土地+建物),一江街４８號三樓,28.2,住,,,1120630,土地3建物1車位0,三層,五層,公寓(5樓含以下無電梯),住家用,0731005,99.49,2,2,2,有,無,27000000,271384.0,,0.0,0,,RPUOMLRJRHIGFCA58DA,88.21,0.0,6.65,無,,39.0
中山區,房地(土地+建物),一江街４８號四樓,28.2,住,,,1120630,土地3建物1車位0,四層,五層,公寓(5樓含以下無電梯),住家用,0731005,99.49,2,2,2,有,無,27000000,271384.0,,0.0,0,,RPWOMLRJRHIGFCA78DA,88.21,0.0,6.65,無,,39.0
中山區,房地(土地+建物),一江街４８號五樓,28.2,住,,,1120630,土地3建物1車位0,五層,五層,公寓(5樓含以下無電梯),住家用,0731005,99.49,2,2,2,有,無,27000000,271384.0,,0.0,0,,RPXOMLRJRHIGFCA88DA,88.21,0.0,6.65,無,,39.0
中山區,房地(土地+建物)+車位,松江路１７０巷１１號七樓之１,15.15,住,,,1120627,土地1建物1車位1,七層,十一層,住宅大樓(11層含以上有電梯),住家用,1060927,99.17,3,2,2,有,有,29029050,292720.0,坡道平面,20.2,0,,RPWNMLLKRHIGFCA18DA,46.15,2.06,4.71,有,,6.0
松山區,房地(土地+建物),敦化南路一段１０２號四樓之４,13.57,住,,,1120628,土地4建物1車位0,四層,十二層,住宅大樓(11層含以上有電梯),住家用,0660413,120.63,3,2,2,有,有,35360000,293128.0,,0.0,0,陽台外推；,RPROMLRJQHIGFDA28DA,90.65,0.0,7.2,有,,46.0
松山區,房地(土地+建物),健康路１５巷２０號六樓,40.77,住,,,1120610,土地1建物1車位0,六層,十層,華廈(10層含以下有電梯),住家用,0860723,188.9,4,2,2,有,有,42400000,224457.0,,0.0,0,,RPOPMLRJQHIGFDA08DA,100.09,3.03,11.62,有,,26.0
士林區,房地(土地+建物),德行東路１３２巷５弄４號,0.02,住,,,1120621,土地4建物1車位0,一層,五層,公寓(5樓含以下無電梯),住家用,0710428,0.06,3,2,2,有,無,1169,0.0,,0.0,0,政府機關標讓售；,RPTNMLPJRHIGFEA48EA,0.0,0.0,0.0,無,2158.0,41.0
士林區,房地(土地+建物),德行東路１３２巷５弄４號,0.02,住,,,1120621,土地4建物1車位0,一層,五層,公寓(5樓含以下無電梯),住家用,0710428,0.06,3,2,2,有,無,1169,0.0,,0.0,0,政府機關標讓售；,RPWNMLPJRHIGFEA78EA,0.0,0.0,0.0,無,2158.0,41.0
內湖區,房地(土地+建物),文德路６６巷３４弄９號五樓,53.91,住,,,1120607,土地1建物1車位0,五層,七層,華廈(10層含以下有電梯),住家用,0730131,138.76,4,2,2,有,有,26500000,190977.0,,0.0,0,陽台外推；,RPPOMLRKQHIGFCA08DA,99.85,0.0,11.97,有,,39.0
士林區,房地(土地+建物)+車位,忠誠路二段５號十三樓,27.45,住,,,1120628,土地3建物1車位1,十三層,十四層,住宅大樓(11層含以上有電梯),住家用,0751231,305.01,4,2,3,有,有,69300000,227206.0,坡道平面,0.0,0,其他增建；,RPUNMLMLQHIGFEA28DA,220.47,1.84,37.71,有,,36.0
文山區,房地(土地+建物),仙岩路２２巷２３號十六樓,24.69,住,,,1120623,土地1建物1車位0,十六層,十六層,住宅大樓(11層含以上有電梯),住家用,0840411,118.35,3,2,1,有,有,24000000,202788.0,,0.0,0,陽台外推；其他增建；,RPVNMLQKQHIGFAA28DA,70.63,2.03,11.69,有,,28.0
北投區,房地(土地+建物)+車位,文化三路１７２號八樓,30.04,住,,,1120625,土地1建物1車位2,八層,十層,華廈(10層含以下有電梯),住家用,1080503,191.04,2,2,2,有,有,28400000,189783.0,坡道平面,64.58,4400000,,RPRNMLMKRHIGFEA97DA,66.4,7.02,7.61,有,2286.0,4.0
大安區,房地(土地+建物),師大路１０５巷１８號六樓之６,5.69,住,,,1120611,土地1建物1車位0,六層,十層,華廈(10層含以下有電梯),住家用,0961127,32.980000000000004,1,1,1,有,有,14000000,424500.0,,0.0,0,陽台外推；夾層；其他增建；,RPSNMLPJRHIGFFA38DA,17.54,2.99,2.18,有,2287.0,16.0
大安區,房地(土地+建物)+車位,麗水街１７巷１６號六樓,51.24,住,,,1120621,土地1建物2車位2,五層，六層,七層,華廈(10層含以下有電梯),住家用,1030415,293.15999999999997,4,3,3,有,有,123000000,419566.0,升降平面,0.0,0,陽台外推；,RPUNMLMKRHIGFFA48EA,144.57,12.0,9.6,有,2288.0,9.0
中正區,房地(土地+建物),連雲街３９之１號四樓,39.12,住,,,1120625,土地1建物1車位0,四層,四層,公寓(5樓含以下無電梯),住家用,0600125,114.3,4,2,2,有,無,29300000,256343.0,,0.0,0,陽台外推；,RPQNMLSJRHIGFBA08DA,96.74,0.0,17.56,無,,52.0
萬華區,房地(土地+建物),青年路３０巷４號五樓,27.45,住,,,1120629,土地1建物1車位0,五層,十二層,住宅大樓(11層含以上有電梯),住家用,0760316,127.12,3,2,2,有,有,22600000,177785.0,,0.0,0,陽台外推；,RPOOMLMKRHIGFBA47DA,88.2,0.0,10.87,有,,36.0
中山區,房地(土地+建物)+車位,敬業三路１６２巷１號二樓,47.09,住,,,1120614,土地1建物1車位1,二層,十層,華廈(10層含以下有電梯),住家用,0890628,155.72,2,2,2,有,有,29000000,186232.0,坡道平面,54.18,0,陽台外推；其他增建；,RPOQMLLLQHIGFCA67DA,77.88,0.0,8.1,有,,23.0
中山區,房地(土地+建物)+車位,民權東路二段７１巷８號十四樓之１,7.18,,,,1120627,土地1建物1車位1,十四層,十五層,住宅大樓(11層含以上有電梯),住家用,1120203,60.28,1,1,1,有,有,21300000,333449.0,塔式車位,2.4,2000000,,RPPPMLLKRHIGFCA67DA,32.65,0.0,4.04,有,,
中山區,房地(土地+建物)+車位,民權東路二段７１巷８號十五樓之３,7.66,,,,1120627,土地1建物1車位1,十五層,十五層,住宅大樓(11層含以上有電梯),住家用,1120203,64.24,2,1,1,有,有,22780000,336028.0,塔式車位,2.4,2000000,,RPQPMLLKRHIGFCA77DA,35.36,0.0,3.9,有,,
南港區,房地(土地+建物),東明街９７巷１１號五樓,25.79,住,,,1120619,土地1建物1車位0,五層,五層,公寓(5樓含以下無電梯),住家用,0720401,115.7,4,3,3,有,無,23980000,207260.0,,0.0,0,,RPSOMLOJPHIGFDA97DA,97.0,0.0,13.93,無,2289.0,40.0
南港區,房地(土地+建物)+車位,東新街５６號七樓,33.77,住,,,1120610,土地2建物1車位2,七層,十六層,住宅大樓(11層含以上有電梯),住家用,1110701,284.76,4,2,2,有,無,63500000,283028.0,坡道平面,79.48,5400000,,RPROMLRKQHIGFDA38DA,122.1,0.0,11.33,有,,1.0
南港區,房地(土地+建物)+車位,三重路４１巷３７號三樓之２,36.0,住,,,1120610,土地1建物1車位3,三層,十三層,住宅大樓(11層含以上有電梯),住家用,1010119,352.37,3,2,2,有,有,60000000,220760.0,坡道平面,107.76,6000000,,RPOQMLLKQHIGFDA77EA,139.51,14.19,12.7,有,,11.0
萬華區,房地(土地+建物),萬大路３８７巷４７號四樓,24.36,住,,,1120630,土地4建物1車位0,四層,五層,公寓(5樓含以下無電梯),住家用,0690510,88.06,3,2,1,有,無,12300000,139677.0,,0.0,0,其他增建；,RPUOMLRKPHIGFBA38DA,69.07,0.0,12.07,無,2290.0,43.0
信義區,房地(土地+建物),吳興街１１８巷１９號六樓,30.75,住,,,1120605,土地1建物1車位0,六層,六層,華廈(10層含以下有電梯),住家用,0750122,133.12,3,2,2,有,無,32820000,246544.0,,0.0,0,陽台外推；頂樓加蓋；,RPOPMLOJQHIGFDA77DA,113.36,0.0,12.46,有,,37.0
信義區,房地(土地+建物)+車位,永吉路２２５巷９號十二樓之１,28.45,住,,,1120621,土地1建物1車位1,十二層，見其他登記事項,十二層,住宅大樓(11層含以上有電梯),住家用,1111111,210.8,2,2,2,有,有,51880000,246110.0,坡道平面,35.42,0,,RPPOMLNKRHIGFDA87DA,99.56,6.65,11.43,有,,1.0
士林區,房地(土地+建物),中山北路七段６３巷２５號一樓,54.94,住,,,1120619,土地2建物1車位0,一層，平台,四層,公寓(5樓含以下無電梯),住家用,0640731,120.52,3,2,2,有,無,25580000,212247.0,,0.0,0,,RPWNMLTKPHIGFEA98DA,120.52,0.0,0.0,無,,48.0
北投區,房地(土地+建物)+車位,磺港路１０２號四樓,18.22,住,,,1120628,土地2建物1車位1,四層,十六層,住宅大樓(11層含以上有電梯),住家用,1120526,162.46,3,2,2,有,有,27000000,207911.0,坡道平面,44.14,2400000,,RPWPMLLJQHIGFEA38DA,71.1,0.0,7.46,有,,
北投區,房地(土地+建物)+車位,磺港路１１０號十六樓,18.22,住,,,1120627,土地2建物1車位1,十六層,十六層,住宅大樓(11層含以上有電梯),住家用,1120526,152.32,3,2,2,有,有,29500000,236646.0,升降機械,34.0,1500000,,RPVQMLLJQHIGFEA38DA,71.1,0.0,7.46,有,,
士林區,房地(土地+建物)+車位,天母北路５６號七樓之３,22.86,住,,,1120626,土地1建物1車位1,七層,二十四層,住宅大樓(11層含以上有電梯),住家用,1090703,226.28,3,2,2,有,有,53160000,272868.0,坡道平面,38.79,2000000,,RPUOMLSKQHIGFEA88DA,102.23,10.3,9.86,有,,3.0
大安區,房地(土地+建物),通化街１４３巷１９號三樓,36.25,住,,,1120625,土地2建物1車位0,三層，陽台,四層,公寓(5樓含以下無電梯),住家用,,103.44,3,2,2,有,無,23400000,226218.0,,0.0,0,陽台外推；,RPRNMLSKQHIGFFA58DA,103.44,0.0,0.0,無,,
松山區,房地(土地+建物)+車位,長春路３４５號三樓,26.4,住,,,1120629,土地1建物1車位1,三層,十四層,住宅大樓(11層含以上有電梯),住家用,0760929,230.23,0,0,0,無,有,44728400,194269.0,坡道平面,0.0,0,,RPQNMLNKRHIGFDA97EA,186.74,0.0,17.71,有,,36.0
松山區,房地(土地+建物)+車位,長春路３４３號三樓,27.86,住,,,1120629,土地1建物1車位1,三層,十四層,住宅大樓(11層含以上有電梯),住家用,0760929,238.89,0,0,0,無,有,46981600,196666.0,坡道平面,0.0,0,,RPRNMLNKRHIGFDA08EA,195.22,0.0,17.26,有,,36.0
文山區,房地(土地+建物)+車位,辛亥路四段２０９巷３６號九樓,12.91,住,,,1120621,土地1建物1車位1,九層,二十六層,住宅大樓(11層含以上有電梯),住家用,1090430,122.51,2,2,1,有,有,26260000,265653.0,坡道平面,33.07,2500000,,RPVNMLQLOHIGFAA18DA,51.56,3.74,6.13,有,,3.0
萬華區,房地(土地+建物),萬大路４９３巷５４號四樓,28.0,住,,,1120624,土地1建物1車位0,四層,四層,公寓(5樓含以下無電梯),住家用,0630426,90.97,4,2,1,有,無,10600000,116522.0,,0.0,0,陽台外推；其他增建；,RPQNMLTJPHIGFBA97DA,80.23,0.0,10.74,無,,49.0
內湖區,房地(土地+建物),新明路４６０巷１８弄２號三樓,21.9,住,,,1120623,土地2建物1車位0,三層,四層,公寓(5樓含以下無電梯),住家用,0671212,66.49,3,1,1,有,無,12600000,189502.0,,0.0,0,陽台外推；其他增建；,RPQNMLPJRHIGFCA87DA,55.51,0.0,10.98,無,2292.0,45.0
中山區,房地(土地+建物),一江街４８號二樓,28.2,住,,,1120630,土地3建物1車位0,二層,五層,公寓(5樓含以下無電梯),住家用,0731005,99.49,2,2,2,有,無,27000000,271384.0,,0.0,0,,RPQPMLRJRHIGFCA28DA,88.21,0.0,6.65,無,,39.0
信義區,房地(土地+建物),吳興街５１０號七樓,26.63,住,,,1120629,土地1建物1車位0,七層,七層,華廈(10層含以下有電梯),住家用,0780704,135.03,3,2,2,有,無,28500000,211064.0,,0.0,0,其他增建；,RPPQMLSLQHIGFDA58DA,106.48,7.27,12.7,有,,34.0
信義區,房地(土地+建物),松山路４６５巷１３號三樓,26.0,住,,,1120624,土地2建物1車位0,三層，陽台,四層,公寓(5樓含以下無電梯),住家用,0621105,89.86,3,2,1,有,無,18880000,210105.0,,0.0,0,其他增建；,RPSQMLSLQHIGFDA88DA,89.86,0.0,0.0,無,,50.0
南港區,房地(土地+建物)+車位,研究院路三段５號五樓,77.86,住,,,1120621,土地1建物1車位2,五層,五層,華廈(10層含以下有電梯),住家用,0990921,251.75,3,2,2,有,有,31450000,124926.0,坡道平面,83.76,0,,RPOOMLPKRHIGFDA97DA,96.06,0.0,15.5,有,,13.0
士林區,房地(土地+建物),延平北路五段８３巷２８弄５號二樓,48.25,住,,,1120629,土地1建物1車位0,二層，陽台,四層,公寓(5樓含以下無電梯),住家用,0650119,87.84,3,2,1,有,無,9000000,102459.0,,0.0,0,陽台外推；,RPPNMLMJPHIGFEA47DA,87.84,0.0,0.0,無,,47.0
萬華區,房地(土地+建物)+車位,中華路二段６００號十一樓,19.7,住,,,1120604,土地1建物1車位1,十一層,十四層,住宅大樓(11層含以上有電梯),住家用,0841123,126.62,3,2,1,有,有,22000000,173748.0,坡道平面,0.0,0,陽台外推；其他增建；,RPPNMLQJQHIGFBA67DA,60.05,0.76,7.98,有,2293.0,28.0
中山區,房地(土地+建物)+車位,松江路４１６號十五樓,27.55,住,,,1120625,土地2建物1車位2,十五層,十七層,住宅大樓(11層含以上有電梯),住家用,1040713,321.66999999999996,2,2,2,有,有,92500000,329989.0,坡道平面,59.54,6000000,,RPTNMLPJRHIGFCA18DA,155.74,11.12,15.42,有,2294.0,8.0
信義區,房地(土地+建物),松山路５００號七樓之５,27.68,住,,,1120617,土地1建物1車位0,七層,七層,華廈(10層含以下有電梯),住家用,0700704,131.29,3,2,2,有,有,28500000,217077.0,,0.0,0,陽台外推；頂樓加蓋；其他增建；,RPVOMLQKQHIGFDA68DA,108.91,0.0,10.7,有,,42.0
信義區,房地(土地+建物),虎林街１３２巷１９號,33.5,住,,,1120624,土地1建物1車位0,一層,四層,公寓(5樓含以下無電梯),住家用,0590922,78.2,2,1,1,有,無,33300000,425831.0,,0.0,0,其他增建；,RPVNMLNLQHIGFDA38DA,78.2,0.0,0.0,無,,53.0
北投區,房地(土地+建物),富貴一路１２之１號五樓,27.0,住,,,1120629,土地1建物1車位0,五層,九層,華廈(10層含以下有電梯),住家用,0771118,181.63,3,2,2,有,有,37080000,204151.0,,0.0,0,,RPUNMLTKRHIGFEA09EA,138.09,0.0,21.86,有,,35.0
大同區,房地(土地+建物),酒泉街１９５號二樓,34.5,住,,,1120621,土地1建物1車位0,二層，陽台,四層,公寓(5樓含以下無電梯),住家用,0600603,106.6,1,2,1,有,無,15000000,140713.0,,0.0,0,,RPRNMLPJRHIGFBA87DA,106.6,0.0,0.0,無,,52.0
北投區,房地(土地+建物)+車位,磺港路１１０號十三樓,18.22,住,,,1120623,土地2建物1車位1,十三層,十六層,住宅大樓(11層含以上有電梯),住家用,1120526,152.41,3,2,2,有,有,28500000,228195.0,升降機械,34.09,1500000,,RPTQMLLJQHIGFEA18DA,71.1,0.0,7.46,有,,
信義區,房地(土地+建物),光復南路４１５巷１５８號,41.0,住,,,1120612,土地2建物1車位0,一層,三層,公寓(5樓含以下無電梯),住家用,0450810,31.85,1,1,1,有,無,15000000,470958.0,,0.0,0,其他增建；,RPPNMLTKRHIGFDA48EA,31.85,0.0,0.0,無,,67.0
中山區,房地(土地+建物),一江街２２號五樓之１,21.32,住,,,1120630,土地2建物1車位0,五層,七層,華廈(10層含以下有電梯),住家用,0661102,123.89,3,2,2,有,無,28000000,226007.0,,0.0,0,其他增建；,RPRPMLSKRHIGFCA58DA,103.55,0.0,5.95,有,,46.0
士林區,房地(土地+建物),雨農路３２巷６弄１８號,58.0,住,,,1120625,土地1建物1車位0,全,二層,透天厝,住家用,0580524,84.24,5,3,2,有,無,24300000,288462.0,,0.0,0,頂樓加蓋；其他增建；,RPUNMLOJPHIGFEA18DA,84.24,0.0,0.0,無,,54.0
信義區,房地(土地+建物)+車位,松智路１４號八樓,190.59,住,,,1120629,土地2建物1車位3,八層,十四層,住宅大樓(11層含以上有電梯),住家用,0910903,756.55,2,3,2,有,有,315000000,416358.0,坡道平面,0.0,0,,RPPNMLSLQHIGFDA38EA,335.76,1.59,42.06,有,,21.0
萬華區,房地(土地+建物),萬大路８５巷２１號三樓,36.75,住,,,1120625,土地1建物1車位0,三層,四層,公寓(5樓含以下無電梯),住家用,0651023,91.48,2,2,1,有,無,14580000,159379.0,,0.0,0,陽台外推；,RPQNMLKKQHIGFBA27DA,85.68,0.0,5.8,無,,47.0
萬華區,房地(土地+建物),萬大路８５巷２１號四樓,36.75,住,,,1120625,土地1建物1車位0,四層,四層,公寓(5樓含以下無電梯),住家用,0651023,91.48,3,1,1,有,無,14500000,158505.0,,0.0,0,陽台外推；頂樓加蓋；其他增建；,RPRNMLKKQHIGFBA37DA,85.68,0.0,5.8,無,,47.0
內湖區,房地(土地+建物)+車位,金湖路３４７巷１８０弄８號四樓,69.63,住,,,1120629,土地1建物1車位1,四層,四層,公寓(5樓含以下無電梯),住家用,0861117,136.69,3,2,2,有,無,25080000,210105.0,坡道平面,29.22,2500000,,RPPOMLMLRHIGFCA77DA,73.01,0.0,7.75,無,2296.0,26.0
松山區,房地(土地+建物),光復南路１３巷４之１號三樓,23.37,住,,,1120618,土地1建物1車位0,三層,六層,華廈(10層含以下有電梯),住家用,0750113,119.19,3,2,2,有,無,30000000,251699.0,,0.0,0,其他增建；,RPXOMLLLQHIGFDA48DA,96.47,0.0,12.57,有,,37.0
北投區,房地(土地+建物)+車位,稻香路２２７號三樓,47.96,住,,,1120612,土地1建物1車位1,三層,五層,華廈(10層含以下有電梯),住家用,1101015,124.09,2,2,1,有,有,19000000,204351.0,坡道平面,40.9,2000000,含家電含裝潢費；,RPQNMLKLRHIGFEA77DA,45.6,3.7,4.92,有,,2.0
北投區,房地(土地+建物)+車位,稻香路２２３號三樓,48.05,住,,,1120630,土地1建物1車位1,三層,五層,華廈(10層含以下有電梯),住家用,1101015,124.24,2,2,1,有,有,18960000,204704.0,坡道平面,40.9,1900000,含家電含裝潢費；,RPSNMLKLRHIGFEA97DA,45.6,3.7,5.01,有,,2.0
大安區,房地(土地+建物)+車位,信義路二段１９８巷４２號五樓,19.06,住,,,1120623,土地1建物1車位1,五層,六層,華廈(10層含以下有電梯),住家用,0841003,85.61,3,1,1,有,有,26720000,312113.0,坡道平面,0.0,3500000,陽台外推；夾層；其他增建；,RPUOMLRKQHIGFFA88DA,34.0,1.37,4.18,有,,28.0
文山區,房地(土地+建物)+車位,育英街６１號五樓之２,14.67,住,,,1120618,土地1建物1車位1,五層,八層,華廈(10層含以下有電梯),住家用,0930513,103.48,2,1,1,有,有,17500000,246792.0,坡道平面,42.7,2500000,陽台外推；,RPQNMLLKPHIGFAA17DA,32.6,1.32,5.47,有,2299.0,19.0
文山區,房地(土地+建物),木柵路四段１３７號十一樓之１,55.9,住,,,1120623,土地2建物1車位0,十一層,十九層,住宅大樓(11層含以上有電梯),住家用,1000214,179.62,3,2,2,有,有,37500000,208774.0,,0.0,0,,RPPNMLMKRHIGFAA37DA,114.57,3.93,10.69,有,,12.0
內湖區,房地(土地+建物),內湖路三段２７８號,48.64,住,,,1120630,土地4建物1車位0,一層,五層,公寓(5樓含以下無電梯),住家用,0750221,137.12,2,2,1,有,無,24300000,177217.0,,0.0,0,其他增建；,RPUOMLRKQHIGFCA58DA,114.38,12.36,0.0,無,,37.0
士林區,房地(土地+建物)+車位,中正路６９０號九樓之１,20.51,住,,,1120626,土地3建物1車位1,九層,九層,華廈(10層含以下有電梯),住家用,0870810,123.56,3,2,2,有,有,20800000,191575.0,坡道機械,23.86,1700000,陽台外推；其他增建；,RPVNMLMKRHIGFEA38DA,72.74,0.0,9.01,有,2300.0,25.0
文山區,房地(土地+建物)+車位,木新路三段９５巷４２號,33.02,住,,,1120605,土地1建物1車位1,一層,二十一層,住宅大樓(11層含以上有電梯),住家用,0961031,209.35,4,2,2,有,有,44000000,244132.0,坡道平面,39.36,2500000,其他增建；,RPTNMLOKRHIGFAA97DA,119.75,0.0,19.23,有,,16.0
松山區,房地(土地+建物),光復北路１１巷６３號三樓,22.57,住,,,1120627,土地3建物1車位0,三層,七層,華廈(10層含以下有電梯),住家用,0700216,110.38,3,2,2,有,有,27500000,249139.0,,0.0,0,陽台外推；其他增建；,RPVNMLKLRHIGFDA18DA,97.96,0.0,12.42,有,,42.0
北投區,房地(土地+建物)+車位,磺港路１０６號十二樓,23.99,住,,,1120630,土地2建物1車位2,十二層,十六層,住宅大樓(11層含以上有電梯),住家用,1120526,233.59,3,2,2,有,有,39780000,231457.0,坡道平面,78.14,3800000,,RPTPMLLJQHIGFEA08DA,93.48,0.0,9.61,有,,
北投區,房地(土地+建物)+車位,磺港路１１０號四樓,18.22,住,,,1120630,土地2建物1車位1,四層,十六層,住宅大樓(11層含以上有電梯),住家用,1120526,152.41,3,2,2,有,有,26300000,209601.0,升降機械,34.09,1500000,,RPSQMLLJQHIGFEA08DA,71.1,0.0,7.46,有,,
北投區,房地(土地+建物),明德路３巷２號五樓,49.4,住,,,1120601,土地1建物1車位0,五層,五層,公寓(5樓含以下無電梯),住家用,0780302,159.84,3,2,2,有,無,22500000,140766.0,,0.0,0,陽台外推；其他增建；,RPSNMLOKRHIGFEA28DA,107.25,30.01,12.01,無,,34.0
文山區,房地(土地+建物)+車位,興隆路二段２０３巷７０號十一樓,30.84,住,,,1120611,土地1建物1車位1,十一層,十二層,住宅大樓(11層含以上有電梯),住家用,0880329,124.8,3,2,2,有,有,20600000,204105.0,坡道平面,36.12,2500000,夾層；其他增建；,RPPNMLNLQHIGFAA47DA,61.42,0.0,8.58,有,,24.0
內湖區,房地(土地+建物),文德路５４號十一樓,23.81,住,,,1120602,土地1建物1車位0,十一層,十二層,住宅大樓(11層含以上有電梯),住家用,0730208,135.42000000000002,4,2,2,有,有,21900000,161719.0,,0.0,0,,RPQNMLQLRHIGFCA18DA,93.02,0.0,12.76,有,,39.0
南港區,房地(土地+建物)+車位,經貿二路２３５巷２８號三樓,14.82,住,,,1120624,土地1建物1車位1,三層,十層,華廈(10層含以下有電梯),住家用,1031002,92.08,1,2,1,有,有,23420000,269163.0,塔式車位,12.5,2000000,,RPVNMLPKRHIGFDA58DA,46.89,1.69,6.24,有,2307.0,9.0
大安區,房地(土地+建物),富陽街１６３巷９號四樓,27.6,住,,,1120618,土地1建物1車位0,四層,五層,公寓(5樓含以下無電梯),住家用,0720526,90.32,2,2,2,有,無,18580000,205713.0,,0.0,0,,RPSPMLQJIIIGFFA87DA,82.86,0.0,7.46,無,,40.0
士林區,房地(土地+建物)+車位,中山北路七段７７號九樓之３,73.26,住,,,1120607,土地1建物1車位5,九層,十六層,住宅大樓(11層含以上有電梯),住家用,1000304,498.99,4,2,3,有,有,135000000,270541.0,坡道機械,0.0,0,,RPTNMLNJIIIGFEA37DA,177.5,3.79,15.44,有,,12.0
中正區,房地(土地+建物),牯嶺街９５巷２號十一樓之１,21.42,住,,,1120610,土地1建物1車位0,十一層,十四層,住宅大樓(11層含以上有電梯),住家用,0961031,97.35,2,2,2,有,有,28000000,287622.0,,0.0,0,陽台外推；其他增建；,RPOPMLLKQHIGFAA27DA,57.14,1.71,4.48,有,,16.0
大安區,房地(土地+建物),和平東路三段３０８巷１５弄２９號三樓,23.7,住,,,1120622,土地1建物1車位0,三層,五層,公寓(5樓含以下無電梯),住家用,0670429,88.41,3,2,2,有,無,18000000,203597.0,,0.0,0,陽台外推；其他增建；,RPUNMLSLRHIGFFA09DA,73.61,0.0,14.8,無,,45.0
士林區,房地(土地+建物)+車位,中山北路六段２３６巷７號八樓之３,17.02,住,,,1120611,土地1建物1車位1,八層,十四層,住宅大樓(11層含以上有電梯),住家用,1110331,127.02,2,2,1,有,有,32000000,333295.0,坡道平面,40.76,3250000,,RPVNMLOKRHIGFEA58DA,47.8,1.59,5.06,有,,1.0
大安區,房地(土地+建物),羅斯福路四段１１９巷２２號五樓,34.96,住,,,1120602,土地1建物1車位0,五層,七層,華廈(10層含以下有電梯),住家用,0751211,168.5,4,2,2,有,有,33000000,195846.0,,0.0,0,陽台外推；其他增建；,RPUNMLOJIIIGFFA67DA,127.75,0.0,14.03,有,,36.0
北投區,房地(土地+建物)+車位,磺港路１１０號三樓,18.22,住,,,1120630,土地2建物1車位1,三層,十六層,住宅大樓(11層含以上有電梯),住家用,1120526,152.32,3,2,2,有,有,25500000,202840.0,升降機械,34.0,1500000,,RPRQMLLJQHIGFEA97DA,71.1,0.0,7.46,有,,
中山區,房地(土地+建物)+車位,北安路４５８巷４１弄６０號十六樓,19.44,住,,,1120618,土地1建物1車位1,十六層,十六層,住宅大樓(11層含以上有電梯),住家用,1110419,150.95,2,2,2,有,有,55230000,470102.0,坡道平面,40.91,3500000,,RPSNMLOLIIIGFCA37DA,63.77,0.0,6.1,有,,1.0
松山區,房地(土地+建物),敦化北路１４５巷２３弄５號七樓之２,22.38,住,,,1120620,土地1建物1車位0,七層,七層,華廈(10層含以下有電梯),住家用,1100315,96.99,2,1,1,有,有,39600000,408290.0,,0.0,0,,RPWPMLNKRHIGFDA78EA,47.6,0.0,4.14,有,,2.0
中正區,房地(土地+建物),汀州路一段９２巷８號二樓,21.65,住,,,1120618,土地1建物1車位0,二層,五層,公寓(5樓含以下無電梯),住家用,0661221,81.04,3,1,1,有,無,14800000,182626.0,,0.0,0,其他增建；,RPXNMLTKRHIGFAA88DA,67.33,0.0,13.71,無,,45.0
大安區,房地(土地+建物),和平東路二段１０７巷１８號二樓之２,5.52,住,,,1120616,土地1建物1車位0,二層,七層,華廈(10層含以下有電梯),住家用,0980715,29.47,1,0,1,有,有,11250000,381744.0,,0.0,0,陽台外推；,RPTNMLLMIIIGFFA57DA,14.98,1.88,2.34,有,2321.0,14.0
北投區,房地(土地+建物),中央北路四段３１６巷１弄７號四樓,26.96,住,,,1120608,土地2建物1車位0,四層,五層,公寓(5樓含以下無電梯),住家用,0741205,102.91,3,2,2,有,有,11400000,110776.0,,0.0,0,依土地法第34-1條辦理,RPRNMLPLIIIGFEA67EA,85.37,0.0,8.76,無,,38.0
內湖區,房地(土地+建物),麗山街７６號二樓,27.15,住,,,1120603,土地2建物1車位0,二層,五層,公寓(5樓含以下無電梯),住家用,0721004,100.66,3,2,2,有,無,19000000,188754.0,,0.0,0,,RPTNMLSJJIIGFCA77DA,85.75,0.0,14.91,無,,40.0
士林區,房地(土地+建物),德行東路１３２巷５弄４號,0.0,住,,,1120628,土地4建物1車位0,一層,五層,公寓(5樓含以下無電梯),住家用,0710428,0.03,0,0,0,無,無,858,0.0,,0.0,0,政府機關標讓售案件格局未確認。政府機關標讓售；,RPQOMLLMQHIGFEA08EA,0.0,0.0,0.0,無,2158.0,41.0
士林區,建物,德行東路１３２巷５弄４號,0.0,,,,1120628,土地0建物1車位0,一層,五層,公寓(5樓含以下無電梯),住家用,0710428,0.03,0,0,0,無,無,780,0.0,,0.0,0,政府機關標讓售案件格局未確認。；建物坐落地號僅設定地上權無所有權：芝山段二小段65地號；政府機關標讓售；,RPROMLLMQHIGFEA18EA,0.0,0.0,0.0,無,2158.0,41.0
士林區,建物,德行東路１３２巷５弄４號,0.0,,,,1120628,土地0建物1車位0,一層,五層,公寓(5樓含以下無電梯),住家用,0710428,0.03,0,0,0,無,無,624,0.0,,0.0,0,政府機關標讓售案件格局未確認。；建物坐落地號僅設定地上權無所有權：芝山段二小段65地號；政府機關標讓售；,RPSOMLLMQHIGFEA28EA,0.0,0.0,0.0,無,2158.0,41.0
士林區,建物,德行東路１３２巷５弄４號,0.0,,,,1120628,土地0建物1車位0,一層,五層,公寓(5樓含以下無電梯),住家用,0710428,0.03,0,0,0,無,無,82,0.0,,0.0,0,政府機關標讓售案件格局未確認。；建物坐落地號僅設定地上權無所有權：芝山段二小段65地號；政府機關標讓售；,RPTOMLLMQHIGFEA38EA,0.0,0.0,0.0,無,2158.0,41.0
文山區,房地(土地+建物),忠順街一段２６巷３３號三樓,36.5,住,,,1120627,土地1建物1車位0,三層，陽臺,四層,公寓(5樓含以下無電梯),住家用,0640813,98.19,3,2,1,有,無,14900000,151747.0,,0.0,0,,RPUNMLKKJIIGFAA07EA,98.19,0.0,0.0,無,,48.0
士林區,房地(土地+建物),德行東路１３２巷５弄４號,0.0,住,,,1120628,土地4建物1車位0,一層,五層,公寓(5樓含以下無電梯),住家用,0710428,0.03,0,0,0,無,無,82,0.0,,0.0,0,政府機關標讓售案件格局未確認。政府機關標讓售；,RPUOMLLMQHIGFEA48EA,0.0,0.0,0.0,無,2158.0,41.0
士林區,建物,德行東路１３２巷５弄４號,0.0,,,,1120628,土地0建物1車位0,一層,五層,公寓(5樓含以下無電梯),住家用,0710428,0.03,0,0,0,無,無,780,0.0,,0.0,0,政府機關標讓售案件格局未確認。；建物坐落地號僅設定地上權無所有權：芝山段二小段65地號；政府機關標讓售；,RPVOMLLMQHIGFEA58EA,0.0,0.0,0.0,無,2158.0,41.0
士林區,建物,德行東路１３２巷５弄４號,0.0,,,,1120628,土地0建物1車位0,一層,五層,公寓(5樓含以下無電梯),住家用,0710428,0.03,0,0,0,無,無,858,0.0,,0.0,0,政府機關標讓售案件格局未確認。；建物坐落地號僅設定地上權無所有權：芝山段二小段65地號；政府機關標讓售；,RPWOMLLMQHIGFEA68EA,0.0,0.0,0.0,無,2158.0,41.0
士林區,建物,德行東路１３２巷５弄４號,0.0,,,,1120628,土地0建物1車位0,一層,五層,公寓(5樓含以下無電梯),住家用,0710428,0.03,0,0,0,無,無,624,0.0,,0.0,0,政府機關標讓售案件格局未確認。；建物坐落地號僅設定地上權無所有權：芝山段二小段65地號；政府機關標讓售；,RPXOMLLMQHIGFEA78EA,0.0,0.0,0.0,無,2158.0,41.0
士林區,房地(土地+建物),中山北路七段１６３號四樓,33.25,住,,,1120604,土地1建物1車位0,四層,四層,公寓(5樓含以下無電梯),住家用,0640322,72.75,4,2,1,有,無,13500000,185567.0,,0.0,0,共有人數2人 頂樓增建頂樓加蓋；其他增建；,RPXNMLKMIIIGFEA77DA,72.75,0.0,0.0,無,,48.0
信義區,房地(土地+建物),永吉路２００巷４１弄４號三樓,32.75,住,,,1120610,土地1建物1車位0,三層，陽臺,四層,公寓(5樓含以下無電梯),住家用,0630813,88.4,3,2,1,有,無,18300000,207014.0,,0.0,0,陽台外推；其他增建；,RPWNMLQJIIIGFDA87DA,88.4,0.0,0.0,無,,49.0
中正區,房地(土地+建物),晉江街６號四樓,31.48,住,,,1120630,土地5建物1車位0,四層,六層,華廈(10層含以下有電梯),住家用,0810731,118.34,2,2,2,有,無,28880000,244043.0,,0.0,0,本案依土地法第34條之1規定處分。建築物含有花台外推、鐵鋁窗增建。其他增建；,RPSNMLSLRHIGFAA38DA,94.75,2.14,10.86,有,,31.0
大同區,房地(土地+建物)+車位,南京西路４４８號三樓,16.43,住,,,1120629,土地2建物1車位1,三層,十二層,住宅大樓(11層含以上有電梯),住家用,1120526,149.24,3,2,1,有,有,32170000,266890.0,坡道平面,38.82,2700000,,RPQQMLRJJIIGFBA57DA,61.86,4.55,4.83,有,,
內湖區,房地(土地+建物)+車位,新明路３１２巷２之２號六樓,9.1,住,,,1120628,土地1建物1車位1,六層,六層,華廈(10層含以下有電梯),住家用,1030108,66.42,1,2,1,有,有,11800000,196307.0,升降機械,14.97,1700000,,RPQNMLLJKIIGFCA86DA,23.93,14.03,0.0,有,2331.0,9.0
松山區,房地(土地+建物)+車位,敦化南路一段３號十七樓,32.89,住,,,1120628,土地2建物1車位3,十七層,二十三層,住宅大樓(11層含以上有電梯),住家用,1100203,497.2000000000001,4,2,4,有,有,225160000,530466.0,坡道平面,97.25,13000000,,RPVNMLOJKIIGFDA77DA,225.77,10.24,25.9,有,,2.0
內湖區,房地(土地+建物)+車位,民權東路六段１７９號九樓,13.78,住,,,1120513,土地2建物1車位1,九層,十一層,住宅大樓(11層含以上有電梯),住家用,1041016,97.05,1,1,1,有,有,23300000,262965.0,塔式車位,15.29,1800000,其他增建；,RPPOMLQKNHIGFCA67DA,44.21,5.83,4.78,有,2333.0,8.0
南港區,房地(土地+建物)+車位,松河街７７２號二樓之６,38.23,住,,,1120529,土地1建物1車位1,二層,七層,華廈(10層含以下有電梯),住家用,0981207,155.92000000000002,3,2,2,有,有,30000000,192406.0,坡道平面,0.0,0,,RPPNMLTLQHIGFDA38DA,69.79,9.8,7.07,有,,13.0
文山區,房地(土地+建物),福興路４巷６弄２８號四樓,36.21,住,,,1120507,土地1建物1車位0,四層,五層,公寓(5樓含以下無電梯),住家用,0721006,104.59,2,2,1,有,無,10500000,100392.0,,0.0,0,其他增建；,RPPNMLRJNHIGFAA37DA,88.13,0.0,12.96,無,,40.0
文山區,房地(土地+建物)+車位,興隆路二段２０３巷１５９號七樓,41.84,住,,,1120520,土地4建物1車位1,七層,十三層,住宅大樓(11層含以上有電梯),住家用,1030808,159.38,3,2,2,有,有,28800000,187409.0,坡道機械,15.31,1800000,陽台外推；,RPVOMLMLNHIGFAA77DA,85.57,0.0,9.09,有,2334.0,9.0
內湖區,房地(土地+建物),內湖路一段２８５巷６９弄１０６號,16.55,住,,,1120508,土地1建物1車位0,一層,五層,公寓(5樓含以下無電梯),住家用,0720331,128.11,5,2,2,有,無,17180000,134104.0,,0.0,0,其他增建；,RPQOMLQKQHIGFCA08DA,59.83,68.28,0.0,無,,40.0
大安區,房地(土地+建物),麗水街３１之４號,23.2,住,,,1120531,土地2建物1車位0,四層,五層,公寓(5樓含以下無電梯),住家用,0591016,84.78,3,2,2,有,無,28600000,337344.0,,0.0,0,陽台外推；其他增建；,RPSNMLLMNHIGFFA87DA,69.88,4.86,10.04,無,2337.0,53.0
南港區,房地(土地+建物),南港路一段１３７巷４之１號二樓,31.25,住,,,1120529,土地1建物1車位0,二層,四層,公寓(5樓含以下無電梯),住家用,0660907,102.87,4,2,2,有,無,18000000,174978.0,,0.0,0,,RPXNMLPKQHIGFDA68DA,88.12,0.0,14.75,無,2338.0,46.0
南港區,房地(土地+建物)+車位,經園街６２號八樓,33.72,住,,,1120523,土地1建物1車位1,八層,十一層,住宅大樓(11層含以上有電梯),住家用,1000908,168.35000000000002,3,2,2,有,有,38000000,268309.0,坡道平面,36.04,2500000,其他增建；,RPROMLPKQHIGFDA18DA,76.45,10.19,4.62,有,2339.0,12.0
文山區,房地(土地+建物),興隆路二段２７５巷１弄８號十二樓,15.38,住,,,1120528,土地2建物1車位0,十二層,十四層,住宅大樓(11層含以上有電梯),住家用,0831018,71.31,2,2,1,有,有,15100000,211752.0,,0.0,0,陽台外推；其他增建；,RPTNMLLLQHIGFAA67DA,43.87,1.84,4.95,有,2342.0,29.0
大安區,房地(土地+建物),信義路三段１３４巷７８號十一樓,22.93,住,,,1120514,土地1建物1車位0,十一層,十八層,住宅大樓(11層含以上有電梯),住家用,0750415,117.67,3,2,2,有,有,31250000,265573.0,,0.0,0,陽台外推；其他增建；,RPVOMLOKRHIGFFA78DA,82.58,0.55,11.26,有,,37.0
萬華區,房地(土地+建物),莒光路１７７號五樓,20.57,住,,,1120505,土地1建物1車位0,五層,七層,華廈(10層含以下有電梯),住家用,0760527,121.53,3,2,2,有,無,20550000,169094.0,,0.0,0,陽台外推；其他增建；,RPQOMLOKRHIGFBA87DA,92.54,0.75,19.48,有,,36.0
士林區,房地(土地+建物),忠誠路二段１１８巷１１弄８號,71.0,住,,,1120513,土地1建物1車位0,全,二層,透天厝,住家用,0611106,96.72,5,3,3,有,無,42580000,440240.0,,0.0,0,頂樓加蓋；其他增建；,RPPNMLMJRHIGFEA67DA,96.72,0.0,0.0,無,,51.0
士林區,房地(土地+建物),至善路二段４６０巷１６號,390.0,,,,1120516,土地3建物1車位0,全,二層,透天厝,住家用,0640603,139.03,5,3,6,有,有,32000000,230166.0,,0.0,0,,RPSNMLSKRHIGFEA68DA,139.04,0.0,0.0,無,,48.0
信義區,房地(土地+建物),崇德街６３巷２９號,37.3,住,,,1120525,土地1建物1車位0,一層,五層,公寓(5樓含以下無電梯),住家用,0780309,170.45999999999998,4,3,2,有,無,45680000,267981.0,,0.0,0,其他增建；,RPSOMLPKRHIGFDA38DA,108.3,52.02,0.0,無,2343.0,34.0
內湖區,房地(土地+建物),成功路三段１８７巷３５弄７號五樓,22.35,住,,,1120506,土地1建物1車位0,五層,五層,公寓(5樓含以下無電梯),住家用,0690331,69.83,5,4,2,有,無,14000000,200487.0,,0.0,0,陽台外推；頂樓加蓋；,RPUOMLQJRHIGFCA48DA,54.97,0.0,14.86,無,,43.0
松山區,房地(土地+建物)+車位,健康路３２５巷２５弄２號十三樓,18.37,住,,,1120530,土地1建物1車位1,十三層,十三層,住宅大樓(11層含以上有電梯),住家用,1100323,168.95,0,0,0,無,有,42780000,308592.0,升降平面,39.88,2950000,,RPTNMLLJOHIGFDA57DA,80.0,4.02,8.58,有,,2.0
北投區,房地(土地+建物),石牌路一段１６６巷６９弄１４之１號五樓,24.33,住,,,1120506,土地1建物1車位0,五層,五層,公寓(5樓含以下無電梯),住家用,0730710,73.38,2,2,1,有,無,14000000,190788.0,,0.0,0,陽台外推；,RPTNMLSKRHIGFEA78DA,68.39,0.0,3.32,無,,39.0
內湖區,房地(土地+建物),南京東路六段１０５號二樓,49.24,住,,,1120521,土地1建物1車位0,二層,九層,華廈(10層含以下有電梯),住家用,0860526,129.84,3,2,2,有,有,21800000,167899.0,,0.0,0,陽台外推；其他增建；,RPROMLSLQHIGFCA48DA,74.88,0.0,8.44,有,,26.0
大安區,建物,通化街３９巷４９弄４號,0.0,,,,1120521,土地0建物1車位0,全,三層,透天厝,住家用,0761002,148.5,5,3,3,有,無,9500000,63973.0,,0.0,0,頂樓加蓋；,RPPNMLPLQHIGFFA18DA,148.5,0.0,0.0,無,,36.0
南港區,房地(土地+建物)+車位,經貿二路２５５巷１１號九樓,28.36,住,,,1120521,土地1建物1車位1,九層,十三層,住宅大樓(11層含以上有電梯),住家用,0991201,147.07,1,1,2,有,有,29750000,202285.0,坡道平面,47.29,0,,RPVNMLSJRHIGFDA78DA,56.12,1.86,8.13,有,2345.0,12.0
士林區,房地(土地+建物),雨聲街８巷９之１號三樓,36.85,住,,,1120506,土地1建物1車位0,三層,五層,公寓(5樓含以下無電梯),住家用,0710719,118.4,3,2,2,有,無,18660000,157601.0,,0.0,0,其他增建；,RPQNMLPLQHIGFEA18DA,100.91,0.0,6.17,無,,41.0
內湖區,房地(土地+建物),內湖路一段４０９號六樓,35.12,住,,,1120515,土地1建物1車位0,六層,七層,華廈(10層含以下有電梯),住家用,0780620,115.5,3,2,2,有,無,24500000,212121.0,,0.0,0,其他增建；,RPPNMLKMNHIGFCA17DA,97.65,0.57,9.53,有,,34.0
信義區,房地(土地+建物),虎林街１４１巷１５弄７號四樓,22.25,住,,,1120525,土地1建物1車位0,四層,四層,公寓(5樓含以下無電梯),住家用,0600816,64.66,3,2,1,有,無,15880000,245592.0,,0.0,0,其他增建；,RPXNMLSLQHIGFDA09DA,61.84,0.0,2.82,無,,52.0
文山區,房地(土地+建物)+車位,羅斯福路五段１７０巷２５號五樓,43.02,住,,,1120531,土地1建物1車位4,五層,八層,華廈(10層含以下有電梯),住家用,0970724,281.17,4,2,2,有,有,63000000,251705.0,坡道機械,62.66,8000000,陽台外推；其他增建；,RPROMLSKQHIGFAA18DA,122.57,10.53,12.64,有,,15.0
內湖區,房地(土地+建物),港墘路３４號五樓,26.38,住,,,1120506,土地1建物1車位0,五層,五層,公寓(5樓含以下無電梯),住家用,0720518,97.52,3,2,2,有,無,14680000,150533.0,,0.0,0,,RPXNMLSLRHIGFCA09DA,93.01,0.0,4.51,無,,40.0
中正區,房地(土地+建物),愛國東路７４巷２５號二樓之３,10.04,住,,,1120501,土地1建物1車位0,二層,八層,華廈(10層含以下有電梯),住家用,0970701,44.37,1,1,1,有,有,19880000,448050.0,,0.0,0,陽台外推；夾層；其他增建；,RPVOMLKKLHIGFAA37EA,18.13,5.27,2.41,有,2346.0,15.0
文山區,房地(土地+建物)+車位,興隆路四段１０９巷９２弄１５號四樓,34.48,住,,,1120519,土地1建物1車位1,四層,五層,公寓(5樓含以下無電梯),住家用,0831212,132.43,3,2,2,有,無,17300000,130635.0,升降機械,0.0,0,陽台外推；其他增建；,RPVNMLOJRHIGFAA08DA,76.66,1.64,8.79,無,2347.0,28.0
大同區,房地(土地+建物)+車位,興城街７０號七樓,14.06,住,,,1120518,土地1建物1車位1,七層,十五層,住宅大樓(11層含以上有電梯),住家用,1120119,125.95,3,2,2,有,有,33200000,263597.0,坡道平面,26.1,0,,RPQNMLPJIIIGFBA96DA,57.69,2.45,9.46,有,,
士林區,房地(土地+建物)+車位,德行東路２５８號九樓之１,20.16,住,,,1120511,土地1建物2車位1,九層,十四層,住宅大樓(11層含以上有電梯),住家用,1110706,178.16,3,2,2,有,有,50600000,338260.0,坡道平面,37.44,3000000,112年7月10日指定登記名義人含裝潢費；,RPOOMLRLPHIGFEA18DA,82.27,7.13,6.04,有,,1.0
內湖區,房地(土地+建物)+車位,星雲街１３５號十三樓之３,28.93,住,,,1120523,土地1建物1車位1,十三層,十四層,住宅大樓(11層含以上有電梯),住家用,0931222,211.87,4,2,2,有,有,57000000,296453.0,坡道平面,28.03,2500000,,RPOOMLLKIIIGFCA66DA,110.53,5.34,12.41,有,,18.0
萬華區,房地(土地+建物)+車位,莒光路２６６號二樓,4.98,住,,,1120531,土地1建物1車位1,二層,九層,華廈(10層含以下有電梯),住家用,1120720,54.97,0,0,0,無,有,4300000,184255.0,坡道平面,43.03,2100000,預售屋、或土地及建物分件登記案件；,RPVOMLSLRHIGFBA88DA,6.74,0.0,0.81,有,,
士林區,房地(土地+建物),中社路二段９１巷９號二樓,64.19,住,,,1120511,土地1建物1車位0,二層,四層,公寓(5樓含以下無電梯),住家用,0650406,68.8,3,2,1,有,無,8500000,123547.0,,0.0,0,其他增建；,RPRNMLRKIIIGFEA67DA,68.8,0.0,0.0,無,,47.0
大安區,房地(土地+建物),仁愛路三段１２３巷５號二樓,28.36,住,,,1120509,土地1建物1車位0,二層,七層,華廈(10層含以下有電梯),住家用,0711220,140.03,3,2,2,有,無,40000000,285653.0,,0.0,0,其他增建；,RPPNMLPJIIIGFFA27DA,101.5,0.0,24.91,有,,40.0
大安區,房地(土地+建物)+車位,大安路二段８２號十七樓之１,36.59,住,,,1120527,土地1建物1車位2,十七層,二十一層,住宅大樓(11層含以上有電梯),住家用,1100831,288.6,0,0,0,無,有,120080000,508207.0,坡道平面,68.06,8000000,二個停車位未拆分單價,RPUNMLMJJIIGFFA57DA,126.19,14.82,5.81,有,,2.0
大安區,房地(土地+建物),大安路二段８２號十七樓,33.53,住,,,1120527,土地1建物1車位0,十七層,二十一層,住宅大樓(11層含以上有電梯),住家用,1100831,209.25,0,0,0,無,有,107900000,515651.0,,0.0,0,,RPVNMLMJJIIGFFA67DA,105.27,9.06,24.92,有,,2.0
內湖區,房地(土地+建物),民權東路六段１３６巷４０弄５號五樓,34.83,住,,,1120528,土地1建物1車位0,五層,五層,公寓(5樓含以下無電梯),住家用,0741209,106.68,4,3,2,有,無,18250000,171072.0,,0.0,0,,RPSOMLNJJIIGFCA27DA,82.49,2.36,12.3,無,2352.0,37.0
中山區,房地(土地+建物)+車位,敬業三路１６２巷８２號五樓,47.09,住,,,1120501,土地1建物1車位1,五層,十二層,住宅大樓(11層含以上有電梯),住家用,0890628,155.75,3,2,2,有,有,28150000,180738.0,坡道平面,0.0,0,,RPWNMLRJJIIGFCA97DA,77.91,0.0,8.1,有,2353.0,23.0
大同區,房地(土地+建物)+車位,南京西路４４８號七樓,16.34,住,,,1120510,土地2建物1車位1,七層,十二層,住宅大樓(11層含以上有電梯),住家用,1120526,148.65,2,2,1,有,有,33440000,279887.0,坡道平面,38.82,2700000,,RPOQMLRJJIIGFBA37DA,61.86,4.15,4.83,有,,
大同區,房地(土地+建物)+車位,南京西路４４８號九樓之３,13.33,住,,,1120524,土地2建物1車位1,九層,十二層,住宅大樓(11層含以上有電梯),住家用,1120526,124.3,2,2,1,有,有,29990000,307916.0,坡道平面,34.86,2450000,,RPPNMLSJJIIGFBA27DA,52.04,2.83,2.84,有,,
大同區,房地(土地+建物)+車位,興城街７０號十一樓,14.06,住,,,1120530,土地1建物1車位1,十一層,十五層,住宅大樓(11層含以上有電梯),住家用,1120119,130.25,2,2,1,有,有,33000000,305458.0,坡道平面,30.4,2500000,預售屋、或土地及建物分件登記案件；,RPUNMLLLJIIGFBA27DA,57.69,2.45,9.46,有,,
松山區,房地(土地+建物),光復北路２０２號九樓,27.54,住,,,1120528,土地2建物1車位0,九層,十八層,住宅大樓(11層含以上有電梯),住家用,0910208,108.08,2,2,1,有,有,29500000,272946.0,,0.0,0,陽台外推；其他增建；,RPSNMLOLIIIGFDA47DA,60.68,1.2,8.48,有,2354.0,21.0
北投區,房地(土地+建物),尊賢街２３９巷２６弄１號二樓,39.5,住,,,1120518,土地1建物1車位0,二層,四層,公寓(5樓含以下無電梯),住家用,0620119,88.14,3,2,1,有,無,12300000,139551.0,,0.0,0,本案件為土地法三十四條之一其他增建；,RPXNMLOJIIIGFEA87DA,88.14,0.0,0.0,無,,50.0
內湖區,房地(土地+建物)+車位,新豐街９２號十樓,48.25,住,,,1120409,土地1建物2車位1,十層,十層,華廈(10層含以下有電梯),住家用,1040522,223.78,3,2,2,有,有,47500000,212262.0,坡道平面,47.15,0,,RPQOMLPLQHIGFCA08DA,97.18,1.63,6.92,有,2355.0,8.0
北投區,房地(土地+建物)+車位,石牌路二段３１５巷３４弄３號五樓,38.69,住,,,1120404,土地1建物1車位1,五層,十四層,住宅大樓(11層含以上有電梯),住家用,1040804,188.26,3,2,2,有,有,37500000,230152.0,坡道平面,37.49,2800000,,RPRNMLTLQHIGFEA68DA,89.78,9.15,7.07,有,2356.0,8.0
大安區,房地(土地+建物),仁愛路四段２６６巷１５弄１６號三樓,23.31,住,,,1120430,土地1建物1車位0,三層,七層,華廈(10層含以下有電梯),住家用,0690920,124.16,3,2,2,有,有,33000000,265786.0,,0.0,0,陽台外推；其他增建；,RPQNMLRJQHIGFFA28DA,102.09,0.0,14.71,有,,43.0
文山區,房地(土地+建物),福興路８２巷６弄１２號二樓,47.54,住,,,1120427,土地1建物1車位0,二層,六層,華廈(10層含以下有電梯),住家用,0800506,118.44,3,2,2,有,無,15800000,133401.0,,0.0,0,其他增建；,RPSNMLSJQHIGFAA08DA,97.17,0.0,11.86,有,,32.0
內湖區,房地(土地+建物)+車位,大湖山莊街１７６巷１８號八樓之６,19.31,住,,,1120429,土地1建物1車位1,八層,十四層,住宅大樓(11層含以上有電梯),住家用,0971127,105.75,2,2,1,有,有,21600000,204255.0,坡道平面,24.09,0,,RPOPMLQKQHIGFCA97DA,46.92,4.46,3.37,有,,14.0
萬華區,房地(土地+建物),中華路二段６６６之２號十三樓之２,17.24,住,,,1120419,土地1建物1車位0,十三層,十四層,住宅大樓(11層含以上有電梯),住家用,0780811,129.85,3,2,2,有,有,23500000,180978.0,,0.0,0,,RPPQMLOLPHIGFBA87DA,109.43,0.0,14.59,有,2359.0,34.0
南港區,房地(土地+建物)+車位,東新街６２號十六樓,33.09,住,,,1120420,土地2建物1車位2,十六層,十六層,住宅大樓(11層含以上有電梯),住家用,1110701,280.7,4,2,2,有,無,64200000,293708.0,坡道平面,79.48,5100000,,RPPOMLRKQHIGFDA18DA,119.58,0.0,11.11,有,,1.0
信義區,房地(土地+建物)+車位,松智路２８號四樓,152.56,住,,,1120428,土地1建物1車位4,四層,十四層,住宅大樓(11層含以上有電梯),住家用,0910903,639.69,4,2,4,有,有,235000000,367365.0,坡道平面,0.0,21000000,其他增建；,RPTOMLPKQHIGFDA38DA,263.7,0.0,33.61,有,,21.0
文山區,房地(土地+建物),景華街１２１巷１２弄６號,35.36,住,,,1120423,土地2建物1車位0,一層，露台,四層,公寓(5樓含以下無電梯),住家用,0640118,89.22,4,2,2,有,無,17080000,191437.0,,0.0,0,其他增建；,RPUOMLRKQHIGFAA38DA,89.22,0.0,0.0,無,2360.0,48.0
士林區,房地(土地+建物),中山北路六段２３６巷９號十三樓之１,25.28,住,,,1120406,土地1建物1車位0,十三層,十四層,住宅大樓(11層含以上有電梯),住家用,1110331,129.41,3,2,2,有,有,46600000,360096.0,,0.0,0,,RPXNMLOKRHIGFEA78DA,74.13,3.08,4.49,有,,1.0
萬華區,房地(土地+建物)+車位,德昌街１９９號十二樓,23.76,住,,,1120406,土地1建物1車位1,十二層，十三層,十三層,住宅大樓(11層含以上有電梯),住家用,1120407,164.61,3,2,4,有,無,26000000,162249.0,其他,14.84,1700000,預售屋、或土地及建物分件登記案件；,RPUNMLSKRHIGFBA68EA,70.64,13.85,12.15,有,,
文山區,房地(土地+建物),辛亥路四段１８８巷４號三樓,32.72,住,,,1120415,土地3建物1車位0,三層，陽臺,四層,公寓(5樓含以下無電梯),住家用,,75.69,3,2,1,有,無,12880000,170168.0,,0.0,0,其他增建；,RPUNMLPJIIIGFAA27DA,75.69,0.0,0.0,無,,
大同區,房地(土地+建物)+車位,南京西路４４８號八樓之１,22.38,住,,,1120409,土地2建物1車位1,八層,十二層,住宅大樓(11層含以上有電梯),住家用,1120526,190.25,3,2,2,有,有,48310000,299807.0,坡道平面,39.62,3150000,,RPSQMLRJJIIGFBA77DA,84.35,1.34,11.5,有,,
大同區,房地(土地+建物)+車位,南京西路４４８號七樓之１,22.38,住,,,1120428,土地2建物1車位1,七層,十二層,住宅大樓(11層含以上有電梯),住家用,1120526,189.46,3,2,2,有,有,47610000,296800.0,坡道平面,38.82,2900000,,RPPPMLPKJIIGFBA27DA,84.35,1.34,11.5,有,,
中山區,房地(土地+建物)+車位,明水路４１９號四樓之２,32.61,住,,,1120325,土地1建物1車位1,四層,十四層,住宅大樓(11層含以上有電梯),住家用,0831006,183.28,4,2,2,有,有,60000000,382191.0,坡道平面,34.14,3000000,陽台外推；其他增建；,RPWPMLKLPHIGFCA18DA,140.74,4.2,11.85,有,2364.0,28.0
士林區,房地(土地+建物),中山北路五段８５０巷２２號二樓,38.83,住,,,1120320,土地1建物1車位0,二層,五層,公寓(5樓含以下無電梯),住家用,0690703,134.3,3,2,2,有,無,21250000,158228.0,,0.0,0,陽台外推；,RPPPMLLLQHIGFEA87DA,118.29,0.0,7.14,無,,43.0
大安區,房地(土地+建物),安和路二段１６３號六樓,15.56,住,,,1120311,土地3建物1車位0,六層,七層,華廈(10層含以下有電梯),住家用,0690626,114.65,3,2,2,有,無,36680000,319930.0,,0.0,0,陽台外推；其他增建；,RPRNMLQLRHIGFFA58DA,84.48,0.0,17.59,有,,43.0
松山區,房地(土地+建物),民權東路三段１０６巷２１弄１０號五樓,34.1,住,,,1120318,土地2建物1車位0,五層,七層,華廈(10層含以下有電梯),住家用,0720519,198.44,4,2,2,有,有,54200000,273130.0,,0.0,0,陽台外推；其他增建；,RPTNMLNJIIIGFDA27DA,158.74,0.0,19.97,有,,40.0
士林區,房地(土地+建物),社中街２５１巷１３號五樓,29.83,住,,,1120312,土地5建物1車位0,五層,五層,公寓(5樓含以下無電梯),住家用,0720712,101.31,5,3,3,有,無,12000000,118448.0,,0.0,0,鐵窗增建、外梯增建頂樓加蓋；其他增建；,RPPNMLQLIIIGFEA57EA,81.21,0.0,11.0,無,,40.0
大同區,房地(土地+建物)+車位,南京西路４４８號七樓之３,13.33,住,,,1120331,土地2建物1車位1,七層,十二層,住宅大樓(11層含以上有電梯),住家用,1120526,121.13,2,2,1,有,有,27590000,278287.0,坡道機械,31.69,2700000,,RPTQMLRJJIIGFBA87DA,52.04,2.83,2.84,有,,
內湖區,房地(土地+建物),瑞光路２３５巷１９號七樓,37.07,住,,,1120326,土地1建物1車位0,七層,七層,華廈(10層含以下有電梯),住家用,0730210,112.35,3,2,1,有,有,20200000,179795.0,,0.0,0,其他增建；,RPUPMLQJJIIGFCA87DA,76.27,0.0,7.32,有,,39.0
中正區,房地(土地+建物)+車位,金山南路一段５７號九樓,33.67,住,,,1120330,土地4建物1車位2,九層,十九層,住宅大樓(11層含以上有電梯),住家用,1120606,347.57,0,0,0,無,有,141100000,492821.0,坡道平面,73.84,6200000,預售屋、或土地及建物分件登記案件；,RPRNMLSLJIIGFBA67DA,155.11,7.15,12.14,有,,
文山區,房地(土地+建物),木柵路二段１０９巷２５弄６１號三樓,39.49,住,,,1120228,土地1建物1車位0,三層,四層,公寓(5樓含以下無電梯),住家用,0711220,92.42,3,2,1,有,有,11800000,127678.0,,0.0,0,陽台外推；其他增建；,RPSNMLLKRHIGFAA57DA,80.49,0.0,11.93,無,,40.0
南港區,房地(土地+建物)+車位,東新街６０號十五樓,28.57,住,,,1120226,土地2建物1車位2,十五層,十六層,住宅大樓(11層含以上有電梯),住家用,1110701,253.17,3,2,2,有,無,57000000,294778.0,坡道平面,79.48,5800000,,RPROMLOKPHIGFDA97DA,104.73,0.0,8.07,有,,1.0
士林區,房地(土地+建物),中正路７０７巷２３號七樓,20.77,住,,,1120205,土地3建物1車位0,七層,十二層,住宅大樓(11層含以上有電梯),住家用,0721011,104.3,3,2,2,有,有,15000000,143816.0,,0.0,0,陽台外推；,RPUNMLLLQHIGFEA18DA,69.49,0.0,9.07,有,2366.0,39.0
大同區,房地(土地+建物)+車位,興城街７０號十樓之８,14.06,住,,,1120224,土地1建物1車位1,十層,十五層,住宅大樓(11層含以上有電梯),住家用,1120119,130.25,2,2,1,有,有,30650000,286930.0,坡道平面,30.4,2000000,,RPQOMLLKQHIGFBA57EA,57.69,2.45,9.46,有,,
文山區,房地(土地+建物),指南路三段７７巷１２號二樓,10.31,住,,,1120212,土地1建物1車位0,二層,七層,華廈(10層含以下有電梯),住家用,1120808,37.239999999999995,1,0,1,有,有,6530000,175349.0,,0.0,0,1.民國112年07月13日簽訂房屋土地轉讓協議書2.價格不變預售屋、或土地及建物分件登記案件；,RPRPMLMJJIIGFAA96DA,17.81,2.52,2.0,有,,
中正區,房地(土地+建物)+車位,金山南路一段５７號八樓,33.67,住,,,1120107,土地4建物1車位2,八層,十九層,住宅大樓(11層含以上有電梯),住家用,1120606,347.39,0,0,0,無,有,142280000,492341.0,坡道平面,73.84,7600000,預售屋、或土地及建物分件登記案件；,RPROMLSJJIIGFBA57DA,155.11,6.97,12.14,有,,
萬華區,房地(土地+建物),德昌街２０１號二樓,12.83,住,,,1111226,土地1建物1車位0,二層,十三層,住宅大樓(11層含以上有電梯),住家用,1120407,80.50999999999999,2,2,1,有,無,13200000,163955.0,,0.0,0,,RPTOMLQLRHIGFBA48DA,45.96,2.8,3.07,有,2369.0,
大同區,房地(土地+建物)+車位,興城街７０號七樓之７,23.83,住,,,1111208,土地1建物1車位1,七層,十五層,住宅大樓(11層含以上有電梯),住家用,1120119,200.94,4,2,2,有,有,54090000,302510.0,坡道平面,30.4,2500000,預售屋、或土地及建物分件登記案件；,RPOOMLLLJIIGFBA76DA,105.61,4.16,9.1,有,,
中山區,房地(土地+建物)+車位,建國北路二段２２６巷５５號四樓,22.75,住,,,1111225,土地1建物1車位1,四層,十五層,住宅大樓(11層含以上有電梯),住家用,1110923,172.45999999999998,3,2,2,有,有,49790000,356901.0,坡道平面,42.48,3400000,,RPPNMLLJKIIGFCA76DA,78.15,0.0,9.48,有,,
大安區,房地(土地+建物),仁愛路四段４２７之１號六樓,20.29,住,,,1111116,土地1建物1車位0,六層,十四層,住宅大樓(11層含以上有電梯),住家用,0710227,166.36,4,2,2,有,有,46000000,276509.0,,0.0,0,,RPQNMLOKRHIGFFA28EA,121.13,0.0,22.69,有,,41.0
北投區,房地(土地+建物)+車位,承德路七段１６６號十六樓,28.39,,,,1111125,土地3建物1車位2,十六層,二十層,住宅大樓(11層含以上有電梯),住家用,1120413,311.53999999999996,3,2,3,有,有,61840000,234392.0,坡道平面,66.48,4400000,預售屋、或土地及建物分件登記案件；,RPSQMLTLOHIGFEA88DA,135.27,16.0,14.26,有,594.0,
大同區,房地(土地+建物)+車位,興城街７０號十樓之６,21.21,住,,,1111108,土地1建物1車位1,十層,十五層,住宅大樓(11層含以上有電梯),住家用,1120119,182.06,4,2,2,有,有,44500000,277595.0,坡道平面,30.4,2400000,預售屋、或土地及建物分件登記案件；,RPOOMLMJIIIGFBA56DA,90.29,5.5,9.91,有,,
大同區,房地(土地+建物)+車位,興城街７０號十三樓,14.06,住,,,1111125,土地1建物1車位1,十三層,十五層,住宅大樓(11層含以上有電梯),住家用,1120119,130.25,2,2,1,有,無,33600000,308463.0,坡道平面,30.4,2800000,,RPSNMLRKIIIGFBA47DA,57.69,2.45,9.46,有,,
萬華區,房地(土地+建物),德昌街２０１號九樓之１,11.89,住,,,1111009,土地1建物1車位0,九層,十三層,住宅大樓(11層含以上有電梯),住家用,1120407,74.7,2,1,1,有,無,14700000,196787.0,,0.0,0,原購買之箱型循環式機械停車位於112年2月27日以170萬元售出。買受人名義變更預售屋、或土地及建物分件登記案件；,RPSNMLRLRHIGFBA38DA,38.81,3.41,5.88,有,,
士林區,房地(土地+建物)+車位,中山北路六段４０５巷８８號七樓,38.32,住,,,1111029,土地1建物1車位3,七層,十四層,住宅大樓(11層含以上有電梯),住家用,1120927,302.03,4,2,3,有,有,77500000,328192.0,坡道平面,88.74,7500000,預售屋、或土地及建物分件登記案件；,RPQNMLLLJIIGFEA17DA,125.58,0.0,13.09,有,,
士林區,房地(土地+建物),天玉街２７巷７號五樓,32.63,住,,,1111030,土地1建物1車位0,五層,五層,公寓(5樓含以下無電梯),住家用,0700529,112.84,2,2,1,有,無,18000000,159518.0,,0.0,0,陽台外推；頂樓加蓋；其他增建；,RPPOMLKKJIIGFEA96DA,91.16,0.0,13.24,無,,41.0
大同區,房地(土地+建物)+車位,興城街７０號四樓之７,23.83,住,,,1110922,土地1建物1車位1,四層,十五層,住宅大樓(11層含以上有電梯),住家用,1120119,200.94,4,2,3,有,有,46300000,256831.0,坡道平面,30.4,2500000,預售屋、或土地及建物分件登記案件；,RPSOMLMJIIIGFBA96DA,105.61,4.16,9.1,有,,
文山區,房地(土地+建物)+車位,指南路三段７７巷８號二樓,12.7,住,,,1110903,土地1建物1車位1,二層,七層,華廈(10層含以下有電梯),住家用,1120808,74.65,1,0,1,有,有,9700000,180867.0,其他,28.76,1400000,預售屋、或土地及建物分件登記案件；,RPOOMLKMJIIGFAA66DA,18.5,1.12,7.91,有,,
大同區,房地(土地+建物),興城街７０號十二樓之６,19.15,住,,,1110817,土地1建物1車位0,十二層,十五層,住宅大樓(11層含以上有電梯),住家用,1120119,138.37,3,2,2,有,有,35150000,254029.0,,0.0,0,預售屋、或土地及建物分件登記案件；,RPSOMLQJIIIGFBA37DA,83.47,3.04,9.91,有,,
士林區,房地(土地+建物)+車位,社中街３３７號七樓,28.21,住,,,1110711,土地1建物1車位2,七層,九層,華廈(10層含以下有電梯),住家用,1120711,196.73,3,2,2,有,有,24250000,170198.0,升降平面,79.22,4250000,預售屋、或土地及建物分件登記案件；,RPOOMLKLRHIGFEA77EA,69.86,0.0,7.62,有,,
文山區,房地(土地+建物)+車位,指南路三段７７巷１２號四樓,10.31,住,,,1110729,土地1建物1車位1,四層,七層,華廈(10層含以下有電梯),住家用,1120808,66.0,1,0,1,有,有,8150000,181257.0,其他,28.76,1400000,預售屋、或土地及建物分件登記案件；,RPQNMLSKIIIGFAA37EA,17.81,2.52,2.0,有,,
內湖區,房地(土地+建物),新明路３９７巷１弄６號,80.0,住,,,1110623,土地1建物1車位0,全,一層,透天厝,住家用,0470530,36.68,3,1,2,有,無,32670000,890676.0,,0.0,0,,RPQNMLSJRHIGFCA28EA,36.68,0.0,0.0,無,,64.0
大同區,房地(土地+建物)+車位,興城街７０號四樓之２,21.21,住,,,1110601,土地1建物1車位1,四層,十五層,住宅大樓(11層含以上有電梯),住家用,1120119,182.06,4,2,2,有,有,31150000,190558.0,坡道平面,30.4,2250000,預售屋、或土地及建物分件登記案件；,RPXNMLQJIIIGFBA77DA,90.29,5.5,9.91,有,,
中正區,房地(土地+建物)+車位,金山南路一段５７號十樓,34.66,住,,,1110601,土地4建物1車位3,十層,十九層,住宅大樓(11層含以上有電梯),住家用,1120606,384.31,0,0,0,無,有,146700000,494608.0,坡道平面,110.76,11400000,預售屋、或土地及建物分件登記案件；,RPQOMLQKJIIGFBA37DA,155.11,6.97,12.14,有,,
大安區,房地(土地+建物),臥龍街２８９號二樓之３,12.71,住,,,1110526,土地1建物1車位0,二層,十四層,住宅大樓(11層含以上有電梯),住家用,1120503,87.88,2,2,1,有,有,22000000,250341.0,,0.0,0,預售屋、或土地及建物分件登記案件；,RPTQMLNKRHIGFFA68DA,47.87,5.36,4.58,有,,
文山區,房地(土地+建物)+車位,指南路三段７７巷８號六樓,12.01,住,,,1110523,土地1建物1車位1,六層,七層,華廈(10層含以下有電梯),住家用,1120808,72.23,1,0,1,有,有,9290000,181504.0,其他,28.76,1400000,預售屋、或土地及建物分件登記案件；,RPOOMLKLJIIGFAA56DA,18.5,1.12,6.43,有,,
大安區,房地(土地+建物),臥龍街２８９號五樓之２,12.72,住,,,1110427,土地1建物1車位0,五層,十四層,住宅大樓(11層含以上有電梯),住家用,1120503,88.06,2,2,1,有,有,23000000,261186.0,,0.0,0,預售屋、或土地及建物分件登記案件；,RPPOMLQJIIIGFFA47DA,48.31,5.04,4.58,有,,
士林區,房地(土地+建物)+車位,中山北路六段４０５巷８８號三樓,28.65,住,,,1110318,土地1建物1車位2,三層,十四層,住宅大樓(11層含以上有電梯),住家用,1120927,218.62,3,2,2,有,有,55300000,315440.0,坡道平面,59.16,5000000,預售屋、或土地及建物分件登記案件；,RPSOMLKLJIIGFEA37DA,94.64,0.0,9.04,有,,
士林區,房地(土地+建物)+車位,中山北路六段４０５巷８８號十四樓之２,36.56,住,,,1110311,土地1建物1車位3,十四層,十四層,住宅大樓(11層含以上有電梯),住家用,1120927,292.14,3,2,3,有,有,77500000,342183.0,坡道平面,88.74,7900000,預售屋、或土地及建物分件登記案件；,RPROMLNLJIIGFEA57DA,121.27,0.0,11.0,有,,
文山區,房地(土地+建物)+車位,指南路三段７７巷１２號六樓,10.29,住,,,1110223,土地1建物1車位1,六層,七層,華廈(10層含以下有電梯),住家用,1120808,66.0,1,0,1,有,有,7710000,169441.0,其他,28.76,1400000,預售屋、或土地及建物分件登記案件；,RPTPMLMJJIIGFAA17DA,17.81,2.52,2.0,有,,
文山區,房地(土地+建物),指南路三段７７巷８號四樓,12.01,住,,,1110223,土地1建物1車位0,四層,七層,華廈(10層含以下有電梯),住家用,1120808,43.47,1,0,1,有,有,7700000,177134.0,,0.0,0,預售屋、或土地及建物分件登記案件；,RPUNMLKLJIIGFAA07DA,18.5,1.12,6.43,有,,
士林區,房地(土地+建物)+車位,中山北路六段４０５巷８８號二樓之５,12.74,住,,,1110217,土地1建物1車位1,二層,十四層,住宅大樓(11層含以上有電梯),住家用,1120927,100.43,2,2,1,有,有,27100000,338744.0,坡道平面,29.58,3100000,預售屋、或土地及建物分件登記案件；,RPUOMLNLJIIGFEA87DA,43.54,0.0,2.51,有,,
大同區,房地(土地+建物)+車位,興城街７０號十二樓之２,19.59,住,,,1110109,土地1建物1車位2,十二層,十五層,住宅大樓(11層含以上有電梯),住家用,1120119,199.17,3,2,2,有,有,36800000,231264.0,坡道平面,60.8,4800000,預售屋、或土地及建物分件登記案件；,RPTNMLQLRHIGFBA38DA,83.47,3.04,9.91,有,,
文山區,房地(土地+建物),指南路三段７７巷６號六樓,11.91,住,,,1110113,土地1建物1車位0,六層,七層,華廈(10層含以下有電梯),住家用,1120808,42.650000000000006,1,0,1,有,有,7640000,179132.0,,0.0,0,1.民國112年07月10日簽訂房屋土地轉讓協議書2.價格不變預售屋、或土地及建物分件登記案件；,RPPPMLMJJIIGFAA76DA,21.28,2.25,1.89,有,,
中正區,房地(土地+建物)+車位,金山南路一段５７號十六樓,33.18,住,,,1110109,土地4建物1車位2,十六層,十九層,住宅大樓(11層含以上有電梯),住家用,1120606,341.81,0,0,0,無,有,157370000,550510.0,坡道平面,70.48,8000000,預售屋、或土地及建物分件登記案件；,RPTOMLNKJIIGFBA37DA,153.48,6.37,12.14,有,,
士林區,房地(土地+建物)+車位,中山北路六段４０５巷８８號十四樓,38.32,住,,,1110123,土地1建物1車位2,十四層,十四層,住宅大樓(11層含以上有電梯),住家用,1120927,272.45,4,2,3,有,有,79800000,344601.0,坡道平面,59.16,6300000,預售屋、或土地及建物分件登記案件；,RPTNMLLLJIIGFEA47DA,125.58,0.0,13.09,有,,
文山區,房地(土地+建物)+車位,興順街１１２號二樓,34.95,住,,,1101215,土地1建物1車位1,二層,七層,華廈(10層含以下有電梯),住家用,1120619,142.58999999999995,3,2,2,有,有,22800000,177081.0,其他,24.0,1800000,預售屋、或土地及建物分件登記案件；,RPPOMLPKRHIGFAA87EA,70.99,0.0,5.61,有,,
文山區,房地(土地+建物)+車位,指南路三段７７巷６號七樓,11.73,住,,,1101204,土地1建物1車位1,七層,七層,華廈(10層含以下有電梯),住家用,1120808,70.87,1,0,1,有,有,8650000,172168.0,其他,28.76,1400000,預售屋、或土地及建物分件登記案件；,RPQPMLMJJIIGFAA86DA,21.25,1.99,1.89,有,,
文山區,房地(土地+建物)+車位,指南路三段７７巷６號四樓,11.91,住,,,1101206,土地1建物1車位1,四層,七層,華廈(10層含以下有電梯),住家用,1120808,71.41,1,0,1,有,有,8700000,171161.0,其他,28.76,1400000,預售屋、或土地及建物分件登記案件；,RPXNMLKMJIIGFAA47DA,21.28,2.25,1.89,有,,
文山區,房地(土地+建物)+車位,木柵路三段８５巷８弄３號六樓,15.7,住,,,1101229,土地1建物1車位1,六層,十二層,住宅大樓(11層含以上有電梯),住家用,1120829,101.45,2,2,1,有,有,18400000,188448.0,其他,11.77,1500000,預售屋、或土地及建物分件登記案件；,RPTNMLOLJIIGFAA37DA,54.06,0.0,4.93,有,,
士林區,房地(土地+建物)+車位,中山北路六段４０５巷８８號二樓之１,16.83,住,,,1101212,土地1建物1車位1,二層,十四層,住宅大樓(11層含以上有電梯),住家用,1120927,123.27,2,2,1,有,有,32500000,315936.0,坡道平面,29.58,2900000,預售屋、或土地及建物分件登記案件；,RPUNMLLLJIIGFEA57DA,57.93,0.0,2.98,有,,
士林區,房地(土地+建物)+車位,中山北路六段４０５巷８８號四樓之１,16.83,住,,,1101211,土地1建物1車位1,四層,十四層,住宅大樓(11層含以上有電梯),住家用,1120927,123.27,2,2,1,有,有,33100000,322873.0,坡道平面,29.58,2850000,預售屋、或土地及建物分件登記案件；,RPOOMLLLJIIGFEA07DA,57.93,0.0,2.98,有,,
士林區,房地(土地+建物)+車位,中山北路六段４０５巷８８號二樓之２,33.32,住,,,1101212,土地1建物1車位2,二層,十四層,住宅大樓(11層含以上有電梯),住家用,1120927,244.43,3,2,3,有,有,66000000,323852.0,坡道平面,59.16,6000000,預售屋、或土地及建物分件登記案件；,RPVNMLNLJIIGFEA87DA,111.88,0.0,8.61,有,,
士林區,房地(土地+建物)+車位,中山北路六段４０５巷８８號四樓之５,12.71,住,,,1101225,土地1建物1車位1,四層,十四層,住宅大樓(11層含以上有電梯),住家用,1120927,100.34,2,2,1,有,有,25250000,316563.0,坡道平面,29.58,2850000,預售屋、或土地及建物分件登記案件；,RPWOMLNLJIIGFEA08DA,43.54,0.0,2.48,有,,
士林區,房地(土地+建物)+車位,中山北路六段４０５巷８８號五樓之５,12.71,住,,,1101225,土地1建物1車位1,五層,十四層,住宅大樓(11層含以上有電梯),住家用,1120927,100.34,2,2,1,有,有,25200000,319389.0,坡道平面,29.58,2600000,預售屋、或土地及建物分件登記案件；,RPXOMLNLJIIGFEA18DA,43.54,0.0,2.48,有,,
大同區,房地(土地+建物)+車位,興城街７０號十一樓之５,18.56,住,,,1101124,土地1建物1車位1,十一層,十五層,住宅大樓(11層含以上有電梯),住家用,1120119,162.97,3,2,2,有,有,33800000,236856.0,坡道平面,30.4,2400000,預售屋、或土地及建物分件登記案件；,RPPNMLNKRHIGFBA57DA,79.95,3.51,8.9,有,,
士林區,房地(土地+建物)+車位,社中街３３５號二樓,31.91,住,,,1101112,土地1建物1車位2,二層,九層,華廈(10層含以下有電梯),住家用,1120711,210.81,3,2,2,有,有,24450000,153887.0,升降平面,79.22,4200000,預售屋、或土地及建物分件登記案件；,RPQNMLKLRHIGFEA87EA,79.05,0.0,7.61,有,,
士林區,房地(土地+建物)+車位,社中街３３５號三樓,31.91,住,,,1101118,土地1建物1車位1,三層,九層,華廈(10層含以下有電梯),住家用,1120711,171.2,4,2,2,有,有,22480000,154875.0,升降平面,39.61,2100000,預售屋、或土地及建物分件登記案件；,RPRNMLKLRHIGFEA97EA,79.05,0.0,7.61,有,,
士林區,房地(土地+建物)+車位,社中街３３７號二樓,28.21,住,,,1101103,土地1建物1車位1,二層,九層,華廈(10層含以下有電梯),住家用,1120711,157.12,3,2,2,有,有,21000000,160837.0,升降平面,39.61,2100000,預售屋、或土地及建物分件登記案件；,RPVNMLKLRHIGFEA38EA,69.86,0.0,7.62,有,,
文山區,房地(土地+建物)+車位,指南路三段７７巷１０號七樓,7.04,住,,,1101120,土地1建物1車位1,七層,七層,華廈(10層含以下有電梯),住家用,1120808,54.22,1,0,1,有,有,5700000,168892.0,其他,28.76,1400000,預售屋、或土地及建物分件登記案件；,RPXOMLNKIIIGFAA67EA,13.05,2.2,0.0,有,,
大同區,房地(土地+建物),歸綏街６９號,18.0,住,,,1101122,土地1建物1車位0,一層，二層,十五層,住宅大樓(11層含以上有電梯),住家用,1120119,126.33,0,0,0,無,有,33000000,261221.0,,0.0,0,預售屋、或土地及建物分件登記案件；,RPXNMLLJJIIGFBA37DA,80.74,0.0,9.95,有,,
中正區,房地(土地+建物)+車位,金山南路一段５７號十二樓,33.67,住,,,1101118,土地4建物1車位2,十二層,十九層,住宅大樓(11層含以上有電梯),住家用,1120606,347.39,0,0,0,無,有,150400000,518370.0,坡道平面,73.84,8600000,預售屋、或土地及建物分件登記案件；,RPTOMLSJJIIGFBA77DA,155.11,6.97,12.14,有,,
士林區,房地(土地+建物)+車位,中山北路六段４０５巷８８號四樓,28.65,住,,,1101107,土地1建物1車位2,四層,十四層,住宅大樓(11層含以上有電梯),住家用,1120927,218.62,3,2,2,有,有,55750000,318262.0,坡道平面,59.16,5000000,預售屋、或土地及建物分件登記案件；,RPTOMLKLJIIGFEA47DA,94.64,0.0,9.04,有,,
士林區,房地(土地+建物)+車位,中山北路六段４０５巷８８號三樓之１,16.83,住,,,1101119,土地1建物1車位1,三層,十四層,住宅大樓(11層含以上有電梯),住家用,1120927,123.27,2,2,1,有,有,33000000,320739.0,坡道平面,29.58,2950000,預售屋、或土地及建物分件登記案件；,RPTNMLLJKIIGFEA37DA,57.93,0.0,2.98,有,,
大同區,房地(土地+建物)+車位,興城街７０號十三樓之３,18.56,住,,,1101015,土地1建物1車位1,十三層,十五層,住宅大樓(11層含以上有電梯),住家用,1120119,162.97,3,2,2,有,有,33650000,235725.0,坡道平面,30.4,2400000,預售屋、或土地及建物分件登記案件；,RPWNMLNKRHIGFBA28DA,79.95,3.51,8.9,有,,
士林區,房地(土地+建物)+車位,中山北路六段４０５巷８８號十四樓之１,27.81,住,,,1101022,土地1建物1車位3,十四層,十四層,住宅大樓(11層含以上有電梯),住家用,1120927,243.55,3,2,2,有,有,63880000,349654.0,坡道平面,88.74,9750000,預售屋、或土地及建物分件登記案件；,RPUNMLNLJIIGFEA77DA,90.93,0.0,9.73,有,,
士林區,房地(土地+建物)+車位,中山北路六段４０５巷８８號十三樓之２,36.56,住,,,1101031,土地1建物1車位3,十三層,十四層,住宅大樓(11層含以上有電梯),住家用,1120927,292.14,3,2,3,有,有,76350000,334317.0,坡道平面,88.74,8350000,預售屋、或土地及建物分件登記案件；,RPQOMLNLJIIGFEA47DA,121.27,0.0,11.0,有,,
士林區,房地(土地+建物)+車位,社中街３３５號四樓,31.91,住,,,1100917,土地1建物1車位1,四層,九層,華廈(10層含以下有電梯),住家用,1120711,171.2,4,2,2,有,有,22630000,154875.0,升降平面,39.61,2250000,預售屋、或土地及建物分件登記案件；,RPSNMLKLRHIGFEA08EA,79.05,0.0,7.61,有,,
大同區,房地(土地+建物),興城街７０號十二樓之３,18.34,,,,1100902,土地1建物1車位0,十二層,十五層,住宅大樓(11層含以上有電梯),住家用,1120119,132.57,3,2,2,有,有,29400000,221770.0,,0.0,0,車位另件併同移轉,RPVNMLQLRHIGFBA58DA,79.95,3.51,8.9,有,,
大同區,房地(土地+建物)+車位,興城街７０號十三樓之５,18.56,住,,,1100925,土地1建物1車位1,十三層,十五層,住宅大樓(11層含以上有電梯),住家用,1120119,158.67000000000002,3,2,2,有,有,33670000,235875.0,坡道平面,26.1,2400000,預售屋、或土地及建物分件登記案件；,RPUNMLQJIIIGFBA47DA,79.95,3.51,8.9,有,,
士林區,房地(土地+建物)+車位,德行東路２００號九樓,31.22,住,,,1100909,土地1建物1車位1,九層,十四層,住宅大樓(11層含以上有電梯),住家用,1120512,210.95,3,2,2,有,有,61780000,340324.0,坡道平面,40.73,3850000,1.總價含工程加減帳及面積找補款110952元。加減後總價為61890952元。預售屋、或土地及建物分件登記案件；,RPXNMLQLRHIGFEA09DA,102.29,0.0,8.24,有,,
士林區,房地(土地+建物)+車位,中山北路六段４０５巷８８號六樓,38.32,住,,,1100930,土地1建物1車位2,六層,十四層,住宅大樓(11層含以上有電梯),住家用,1120927,277.96,4,2,3,有,有,77890000,332349.0,坡道平面,64.66,7000000,預售屋、或土地及建物分件登記案件；,RPVOMLKLJIIGFEA67DA,125.58,0.0,13.09,有,,
內湖區,房地(土地+建物),江南街２１巷３號,41.88,住,,,1100816,土地2建物1車位0,一層,五層,公寓(5樓含以下無電梯),住家用,0700212,138.99,3,2,2,有,無,29600000,212965.0,,0.0,0,,RPPNMLOKRHIGFCA77DA,111.33,18.64,0.0,無,,41.0
文山區,房地(土地+建物)+車位,萬芳路２８號十一樓之１,14.63,住,,,1100830,土地4建物1車位1,十一層,十四層,住宅大樓(11層含以上有電梯),住家用,1120601,117.25,2,2,1,有,有,18400000,188924.0,坡道平面,32.56,2400000,預售屋、或土地及建物分件登記案件；,RPOTMLOJIIIGFAA17DA,47.85,4.08,3.32,有,,
文山區,房地(土地+建物)+車位,萬芳路２８號三樓之７,27.69,住,,,1100828,土地4建物1車位1,三層,十四層,住宅大樓(11層含以上有電梯),住家用,1120601,192.99,3,2,2,有,有,32800000,191361.0,坡道平面,32.56,2100000,預售屋、或土地及建物分件登記案件；,RPOQMLOJIIIGFAA86DA,91.25,7.39,5.62,有,,
文山區,房地(土地+建物)+車位,萬芳路２８號二樓之７,27.69,住,,,1100821,土地4建物1車位1,二層,十四層,住宅大樓(11層含以上有電梯),住家用,1120601,193.54,3,2,2,有,有,33800000,196919.0,坡道平面,32.56,2100000,預售屋、或土地及建物分件登記案件；,RPTQMLOJIIIGFAA37DA,91.25,7.94,5.62,有,,
文山區,房地(土地+建物)+車位,萬芳路２８號五樓之６,14.63,住,,,1100828,土地4建物1車位1,五層,十四層,住宅大樓(11層含以上有電梯),住家用,1120601,117.25,2,2,1,有,有,18100000,187744.0,坡道平面,32.56,2200000,預售屋、或土地及建物分件登記案件；,RPRNMLRKJIIGFAA37DA,47.85,4.08,3.32,有,,
士林區,房地(土地+建物)+車位,中山北路六段４０５巷８８號十三樓之１,27.81,住,,,1100804,土地1建物1車位2,十三層,十四層,住宅大樓(11層含以上有電梯),住家用,1120927,213.97,3,2,2,有,有,59730000,346425.0,坡道平面,59.16,6100000,預售屋、或土地及建物分件登記案件；,RPTNMLNLJIIGFEA67DA,90.93,0.0,9.73,有,,
士林區,房地(土地+建物)+車位,中山北路六段４０５巷８８號三樓之２,33.32,住,,,1100818,土地1建物1車位2,三層,十四層,住宅大樓(11層含以上有電梯),住家用,1120927,244.43,3,2,3,有,有,67500000,333027.0,坡道平面,59.16,5800000,預售屋、或土地及建物分件登記案件；,RPWNMLNLJIIGFEA97DA,111.88,0.0,8.61,有,,
大安區,房地(土地+建物)+車位,臥龍街２８９號四樓之２,12.9,住,,,1100720,土地1建物1車位1,四層,十四層,住宅大樓(11層含以上有電梯),住家用,1120503,119.33,2,2,1,有,有,22950000,233337.0,坡道平面,31.26,2400000,原買方呂OO尹OO與新買方呂OO於112.7.5 簽立1/2權利義務移轉證明更名轉讓總價款不變預售屋、或土地及建物分件登記案件；,RPVPMLNKRHIGFFA78DA,48.31,5.04,4.58,有,,
士林區,房地(土地+建物)+車位,社中街３３７號三樓,28.21,住,,,1100720,土地1建物1車位1,三層,九層,華廈(10層含以下有電梯),住家用,1120711,157.12,3,2,2,有,有,21130000,161093.0,升降平面,39.61,2200000,預售屋、或土地及建物分件登記案件；,RPWNMLKLRHIGFEA48EA,69.86,0.0,7.62,有,,
文山區,房地(土地+建物)+車位,萬芳路２８號十三樓之３,15.99,住,,,1100731,土地4建物1車位1,十三層,十四層,住宅大樓(11層含以上有電梯),住家用,1120601,125.54,2,2,1,有,有,19880000,191224.0,坡道平面,32.56,2100000,原買方趙OO與傅OO共同持有，於112年06月20日與傅O、傅O訂定協議，將本合約所有權利義務全部轉讓予傅O、傅O，交易總價不變。預售屋、或土地及建物分件登記案件；,RPWRMLOJIIIGFAA77DA,52.35,5.04,3.35,有,,
文山區,房地(土地+建物)+車位,萬芳路２８號二樓,27.48,住,,,1100723,土地4建物1車位1,二層,十四層,住宅大樓(11層含以上有電梯),住家用,1120601,192.71,3,2,2,有,有,33400000,192944.0,坡道平面,32.56,2500000,預售屋、或土地及建物分件登記案件；,RPVNMLOJIIIGFAA27DA,90.47,8.1,5.89,有,,
文山區,房地(土地+建物)+車位,萬芳路２８號八樓之１,14.63,住,,,1100726,土地4建物1車位1,八層,十四層,住宅大樓(11層含以上有電梯),住家用,1120601,117.25,2,2,1,有,有,18360000,191994.0,坡道平面,32.56,2100000,預售屋、或土地及建物分件登記案件；,RPSNMLOJIIIGFAA96DA,47.85,4.08,3.32,有,,
文山區,房地(土地+建物)+車位,萬芳路２８號五樓之１,14.63,住,,,1100704,土地4建物1車位1,五層,十四層,住宅大樓(11層含以上有電梯),住家用,1120601,117.25,2,2,1,有,有,18400000,191286.0,坡道平面,32.56,2200000,預售屋、或土地及建物分件登記案件；,RPXNMLOJIIIGFAA47DA,47.85,4.08,3.32,有,,
文山區,房地(土地+建物)+車位,萬芳路２８號十一樓之６,14.63,住,,,1100718,土地4建物1車位1,十一層,十四層,住宅大樓(11層含以上有電梯),住家用,1120601,117.25,2,2,1,有,有,18580000,193411.0,坡道平面,32.56,2200000,原買方張OO與余OO取得各半，雙方於112年06月05日與協議，由張OO取得所有權全部，交易總價不變。預售屋、或土地及建物分件登記案件；,RPSPMLLMIIIGFAA17DA,47.85,4.08,3.32,有,,
文山區,房地(土地+建物)+車位,萬芳路２８號十三樓之１,14.63,住,,,1100712,土地4建物1車位1,十三層,十四層,住宅大樓(11層含以上有電梯),住家用,1120601,117.25,2,2,1,有,有,18900000,194828.0,坡道平面,32.56,2400000,預售屋、或土地及建物分件登記案件；,RPOQMLLMIIIGFAA86DA,47.85,4.08,3.32,有,,
文山區,房地(土地+建物)+車位,萬芳路２８號十四樓之５,21.38,住,,,1100714,土地4建物1車位1,十四層,十四層,住宅大樓(11層含以上有電梯),住家用,1120601,158.32,3,2,2,有,有,26500000,191635.0,坡道平面,32.56,2400000,預售屋、或土地及建物分件登記案件；,RPPQMLLMIIIGFAA96DA,70.25,8.17,4.13,有,,
大同區,房地(土地+建物),興城街７０號七樓之８,13.83,住,,,1100724,土地1建物1車位0,七層,十五層,住宅大樓(11層含以上有電梯),住家用,1120119,99.85,2,2,1,有,有,23148300,231831.0,,0.0,0,預售屋、或土地及建物分件登記案件；,RPTNMLPJKIIGFBA47DA,57.69,2.45,9.46,有,,
北投區,房地(土地+建物)+車位,磺港路１０８號十三樓,23.99,住,,,1100601,土地2建物1車位2,十三層,十六層,住宅大樓(11層含以上有電梯),住家用,1120526,233.88,3,2,2,有,有,32045965,183494.0,坡道平面,78.42,3520000,原預售合約金額為3204萬，登記面積誤差找補金額為5965元預售屋、或土地及建物分件登記案件；,RPWOMLKLPHIGFEA28DA,93.48,0.0,9.61,有,,
文山區,房地(土地+建物)+車位,興順街１１２號四樓,34.95,住,,,1100619,土地1建物1車位1,四層,七層,華廈(10層含以下有電梯),住家用,1120619,142.58999999999995,3,2,2,有,有,22520000,174720.0,其他,24.0,1800000,預售屋、或土地及建物分件登記案件；,RPTNMLSKRHIGFAA48EA,70.99,0.0,5.61,有,,
大同區,房地(土地+建物)+車位,興城街７０號十四樓之３,17.96,住,,,1100613,土地1建物1車位1,十四層,十五層,住宅大樓(11層含以上有電梯),住家用,1120119,154.25,3,2,2,有,有,32520000,235817.0,坡道平面,26.1,2300000,預售屋、或土地及建物分件登記案件；,RPVNMLSLRHIGFBA78DA,76.55,3.23,9.55,有,,
文山區,房地(土地+建物)+車位,萬芳路２８號十二樓之５,21.38,住,,,1100612,土地4建物1車位1,十二層,十四層,住宅大樓(11層含以上有電梯),住家用,1120601,157.66,3,2,2,有,有,26600000,192646.0,坡道平面,32.56,2500000,預售屋、或土地及建物分件登記案件；,RPTRMLOJIIIGFAA47DA,70.25,7.51,4.13,有,,
文山區,房地(土地+建物),萬芳路２８號十四樓之１,14.42,住,,,1100629,土地4建物1車位0,十四層,十四層,住宅大樓(11層含以上有電梯),住家用,1120601,84.69,2,2,1,有,有,16500000,194828.0,,0.0,0,原買方張OO於112年06月08日與張OO訂定協議，將本合約所有權利義務全部轉讓予張OO，交易總價不變。預售屋、或土地及建物分件登記案件；,RPXQMLOJIIIGFAA77DA,47.85,4.08,3.32,有,,
大同區,房地(土地+建物),興城街７０號三樓之５,17.64,住,,,1100625,土地1建物1車位0,三層,十五層,住宅大樓(11層含以上有電梯),住家用,1120119,127.51,3,2,2,有,有,28150000,220767.0,,0.0,0,預售屋、或土地及建物分件登記案件；,RPRNMLQJIIIGFBA17DA,79.95,0.0,8.9,有,,
文山區,房地(土地+建物)+車位,萬芳路２８號二樓之５,21.38,住,,,1100612,土地4建物1車位1,二層,十四層,住宅大樓(11層含以上有電梯),住家用,1120601,157.04,3,2,2,有,有,25370000,186938.0,坡道平面,32.56,2100000,預售屋、或土地及建物分件登記案件；,RPQOMLOJIIIGFAA86DA,70.25,6.89,4.13,有,,
文山區,房地(土地+建物)+車位,萬芳路２８號四樓之１,14.63,住,,,1100606,土地4建物1車位1,四層,十四層,住宅大樓(11層含以上有電梯),住家用,1120601,117.25,2,2,1,有,有,18150000,189515.0,坡道平面,32.56,2100000,原買方高OO於112年09月08日與劉OO訂定協議，將本合約所有權利義務全部轉讓予劉OO，交易總價不變。預售屋、或土地及建物分件登記案件；,RPVPMLOJIIIGFAA47DA,47.85,4.08,3.32,有,,
文山區,房地(土地+建物)+車位,興順街１１２號三樓,34.95,住,,,1100606,土地1建物1車位1,三層,七層,華廈(10層含以下有電梯),住家用,1120619,142.58999999999995,3,2,2,有,有,22800000,177081.0,其他,24.0,1800000,預售屋、或土地及建物分件登記案件；,RPSNMLOJIIIGFAA07EA,70.99,0.0,5.61,有,,
文山區,房地(土地+建物),指南路三段７７巷１０號四樓,7.04,住,,,1100608,土地1建物1車位0,四層,七層,華廈(10層含以下有電梯),住家用,1120808,25.46,1,0,1,有,有,4400000,172820.0,,0.0,0,預售屋、或土地及建物分件登記案件；,RPVNMLKLJIIGFAA17DA,13.05,2.2,0.0,有,,
士林區,房地(土地+建物)+車位,德行東路２００號七樓,31.22,住,,,1100506,土地1建物1車位1,七層,十四層,住宅大樓(11層含以上有電梯),住家用,1120512,210.95,3,2,2,有,有,59560000,331101.0,坡道平面,40.73,3200000,1.總價含工程加減帳及面積找補款6133元。加減後總價為59566133元。預售屋、或土地及建物分件登記案件；,RPOOMLPLQHIGFEA08DA,102.29,0.0,8.24,有,,
士林區,房地(土地+建物)+車位,德行東路２００號十樓,31.23,住,,,1100508,土地1建物1車位2,十層,十四層,住宅大樓(11層含以上有電梯),住家用,1120512,251.68,3,2,2,有,有,65300000,345435.0,坡道平面,81.46,6500000,1.總價含工程加減帳及面積找補款-133772元。加減後總價為65166228元。預售屋、或土地及建物分件登記案件；,RPXNMLKKQHIGFEA28DA,102.29,0.0,8.24,有,,
文山區,房地(土地+建物)+車位,興順街１０６號六樓,34.9,住,,,1100502,土地1建物1車位1,六層,七層,華廈(10層含以下有電梯),住家用,1120619,142.24,3,2,2,有,有,23200000,180988.0,其他,24.0,1800000,預售屋、或土地及建物分件登記案件；,RPRNMLKLRHIGFAA57EA,70.86,0.0,5.48,有,,
文山區,房地(土地+建物)+車位,萬芳路２８號十一樓之５,21.38,住,,,1100516,土地4建物1車位1,十一層,十四層,住宅大樓(11層含以上有電梯),住家用,1120601,157.66,3,2,2,有,有,26600000,192646.0,坡道平面,32.56,2500000,預售屋、或土地及建物分件登記案件；,RPPRMLOJIIIGFAA07DA,70.25,7.51,4.13,有,,
文山區,房地(土地+建物)+車位,萬芳路２８號六樓之５,21.38,住,,,1100511,土地4建物1車位1,六層,十四層,住宅大樓(11層含以上有電梯),住家用,1120601,158.32,3,2,2,有,有,26430000,190283.0,坡道平面,32.56,2500000,預售屋、或土地及建物分件登記案件；,RPUSMLOJIIIGFAA67DA,70.25,8.17,4.13,有,,
文山區,房地(土地+建物)+車位,萬芳路２８號三樓之８,16.62,住,,,1100501,土地4建物1車位1,三層,十四層,住宅大樓(11層含以上有電梯),住家用,1120601,129.86,2,2,1,有,有,21170000,195992.0,坡道平面,32.56,2100000,原買方王OO於111年11月21日與王OO訂定協議，將本合約所有權利義務全部轉讓予王OO，交易總價不變。預售屋、或土地及建物分件登記案件；,RPRNMLOJIIIGFAA86DA,54.46,5.96,3.35,有,,
文山區,房地(土地+建物)+車位,萬芳路２８號九樓之５,21.38,住,,,1100508,土地4建物1車位1,九層,十四層,住宅大樓(11層含以上有電梯),住家用,1120601,158.32,3,2,2,有,有,26230000,190283.0,坡道平面,32.56,2300000,預售屋、或土地及建物分件登記案件；,RPSOMLOJIIIGFAA07DA,70.25,8.17,4.13,有,,
文山區,房地(土地+建物)+車位,萬芳路２８號四樓之５,21.38,住,,,1100516,土地4建物1車位1,四層,十四層,住宅大樓(11層含以上有電梯),住家用,1120601,157.66,3,2,2,有,有,25600000,187850.0,坡道平面,32.56,2100000,原買方余OO於112年06月12日與余OO訂定協議，將本合約所有權利義務全部轉讓予余OO，交易總價不變。預售屋、或土地及建物分件登記案件；,RPWOMLOJIIIGFAA47DA,70.25,7.51,4.13,有,,
文山區,房地(土地+建物)+車位,萬芳路２８號五樓之７,27.69,住,,,1100529,土地4建物1車位1,五層,十四層,住宅大樓(11層含以上有電梯),住家用,1120601,193.5,3,2,2,有,有,33800000,195725.0,坡道平面,32.56,2300000,預售屋、或土地及建物分件登記案件；,RPPPMLOJIIIGFAA86DA,91.25,7.9,5.62,有,,
文山區,房地(土地+建物)+車位,萬芳路２８號二樓之８,16.62,住,,,1100501,土地4建物1車位1,二層,十四層,住宅大樓(11層含以上有電梯),住家用,1120601,130.32999999999998,2,2,1,有,有,21180000,195152.0,坡道平面,32.56,2100000,預售屋、或土地及建物分件登記案件；,RPQQMLOJIIIGFAA07DA,54.46,6.43,3.35,有,,
大同區,房地(土地+建物)+車位,興城街７０號九樓之５,18.56,住,,,1100507,土地1建物1車位1,九層,十五層,住宅大樓(11層含以上有電梯),住家用,1120119,162.97,3,2,2,有,有,32300000,225541.0,坡道平面,30.4,2400000,預售屋、或土地及建物分件登記案件；,RPPOMLQJIIIGFBA07DA,79.95,3.51,8.9,有,,
文山區,房地(土地+建物),指南路三段７７巷１０號二樓,7.04,住,,,1100530,土地1建物1車位0,二層,七層,華廈(10層含以下有電梯),住家用,1120808,25.46,1,0,1,有,有,4360000,171249.0,,0.0,0,預售屋、或土地及建物分件登記案件；,RPRNMLSKIIIGFAA47EA,13.05,2.2,0.0,有,,
文山區,房地(土地+建物)+車位,萬芳路２８號七樓之１,14.63,住,,,1100508,土地4建物1車位1,七層,十四層,住宅大樓(11層含以上有電梯),住家用,1120601,117.25,2,2,1,有,有,18320000,191522.0,坡道平面,32.56,2100000,預售屋、或土地及建物分件登記案件；,RPVNMLLMIIIGFAA27DA,47.85,4.08,3.32,有,,
文山區,房地(土地+建物)+車位,萬芳路２８號三樓之６,14.63,住,,,1100516,土地4建物1車位1,三層,十四層,住宅大樓(11層含以上有電梯),住家用,1120601,117.25,2,2,1,有,有,18100000,188924.0,坡道平面,32.56,2100000,預售屋、或土地及建物分件登記案件；,RPTOMLLMIIIGFAA17DA,47.85,4.08,3.32,有,,
文山區,房地(土地+建物),指南路三段７７巷６號三樓,11.73,住,,,1100509,土地1建物1車位0,三層,七層,華廈(10層含以下有電梯),住家用,1120808,42.11,1,0,1,有,有,6900000,163857.0,,0.0,0,預售屋、或土地及建物分件登記案件；,RPVPMLMJJIIGFAA37DA,21.25,1.99,1.89,有,,
文山區,房地(土地+建物),指南路三段７７巷６號二樓,11.91,住,,,1100509,土地1建物1車位0,二層,七層,華廈(10層含以下有電梯),住家用,1120808,42.650000000000006,1,0,1,有,有,6960000,163189.0,,0.0,0,預售屋、或土地及建物分件登記案件；,RPTNMLKLJIIGFAA96DA,21.28,2.25,1.89,有,,
文山區,房地(土地+建物),指南路三段７７巷１２號三樓,10.31,住,,,1100508,土地1建物1車位0,三層,七層,華廈(10層含以下有電梯),住家用,1120808,37.239999999999995,1,0,1,有,有,6190000,166219.0,,0.0,0,預售屋、或土地及建物分件登記案件；,RPXNMLKLJIIGFAA37DA,17.81,2.52,2.0,有,,
文山區,房地(土地+建物),指南路三段７７巷１０號三樓,7.04,住,,,1100504,土地1建物1車位0,三層,七層,華廈(10層含以下有電梯),住家用,1120808,25.46,1,0,1,有,有,4430000,173998.0,,0.0,0,112年10月12日簽訂房屋土地轉讓協議書價格不變預售屋、或土地及建物分件登記案件；,RPPOMLKLJIIGFAA66DA,13.05,2.2,0.0,有,,
文山區,房地(土地+建物)+車位,萬芳路２８號十三樓之６,14.63,住,,,1100507,土地4建物1車位1,十三層,十四層,住宅大樓(11層含以上有電梯),住家用,1120601,117.25,2,2,1,有,有,18790000,192349.0,坡道平面,32.56,2500000,原權利人吳OO與林OO於111.10.26與新權利人林OO簽訂房地協議轉讓協議書預售屋、或土地及建物分件登記案件；,RPRNMLSLJIIGFAA57DA,47.85,4.08,3.32,有,,
士林區,房地(土地+建物)+車位,德行東路２００號四樓之１,41.29,住,,,1100406,土地1建物1車位1,四層,十四層,住宅大樓(11層含以上有電梯),住家用,1120512,268.82,2,2,1,有,有,76210000,321627.0,坡道平面,40.73,2850000,1.總價含工程加減帳及面積找補款1233683元。加減後總價為74976317元。預售屋、或土地及建物分件登記案件；,RPUNMLQKQHIGFEA58DA,135.27,0.0,13.88,有,,
士林區,房地(土地+建物)+車位,德行東路２００號四樓之２,26.32,住,,,1100406,土地1建物1車位1,四層,十四層,住宅大樓(11層含以上有電梯),住家用,1120512,182.56,4,1,2,有,有,48470000,321653.0,坡道平面,40.73,2850000,1.總價含工程加減帳及面積找補款-590298元。加減後總價為47879702元。預售屋、或土地及建物分件登記案件；,RPXNMLQKQHIGFEA88DA,86.25,0.0,5.26,有,,
文山區,房地(土地+建物)+車位,興順街１０６號四樓,34.9,住,,,1100430,土地1建物1車位1,四層,七層,華廈(10層含以下有電梯),住家用,1120619,142.24,3,2,2,有,有,23150000,180565.0,其他,24.0,1800000,於111年1216日與讓與人及賣方簽訂「房地讓渡協議書」，交易總價不變。預售屋、或土地及建物分件登記案件；,RPSNMLPKRHIGFAA08EA,70.86,0.0,5.48,有,,
文山區,房地(土地+建物)+車位,興順街１０８號七樓,18.66,住,,,1100406,土地1建物1車位1,七層,七層,華廈(10層含以下有電梯),住家用,1120619,87.28999999999999,2,2,1,有,有,14300000,197504.0,其他,24.0,1800000,預售屋、或土地及建物分件登記案件；,RPXNMLPKRHIGFAA58EA,36.71,0.0,4.17,有,,
士林區,房地(土地+建物)+車位,社中街３３５號五樓,31.91,住,,,1100421,土地1建物1車位1,五層,九層,華廈(10層含以下有電梯),住家用,1120711,171.2,4,2,2,有,有,22800000,157307.0,升降平面,39.61,2100000,預售屋、或土地及建物分件登記案件；,RPTNMLKLRHIGFEA18EA,79.05,0.0,7.61,有,,
文山區,房地(土地+建物)+車位,興順街１０６號三樓,34.9,住,,,1100430,土地1建物1車位1,三層,七層,華廈(10層含以下有電梯),住家用,1120619,142.24,3,2,2,有,有,22880000,178281.0,其他,24.0,1800000,預售屋、或土地及建物分件登記案件；,RPPNMLQLRHIGFAA97EA,70.86,0.0,5.48,有,,
文山區,房地(土地+建物)+車位,萬芳路２８號十二樓之７,27.69,住,,,1100410,土地4建物1車位1,十二層,十四層,住宅大樓(11層含以上有電梯),住家用,1120601,192.99,3,2,2,有,有,34770000,201147.0,坡道平面,32.56,2500000,預售屋、或土地及建物分件登記案件；,RPRRMLOJIIIGFAA27DA,91.25,7.39,5.62,有,,
文山區,房地(土地+建物)+車位,萬芳路２８號十樓之５,21.38,住,,,1100416,土地4建物1車位1,十層,十四層,住宅大樓(11層含以上有電梯),住家用,1120601,158.32,3,2,2,有,有,26480000,190681.0,坡道平面,32.56,2500000,預售屋、或土地及建物分件登記案件；,RPTSMLOJIIIGFAA57DA,70.25,8.17,4.13,有,,
文山區,房地(土地+建物)+車位,萬芳路２８號十四樓之６,14.63,住,,,1100423,土地4建物1車位1,十四層,十四層,住宅大樓(11層含以上有電梯),住家用,1120601,117.25,2,2,1,有,有,18680000,191050.0,坡道平面,32.56,2500000,預售屋、或土地及建物分件登記案件；,RPVSMLOJIIIGFAA77DA,47.85,4.08,3.32,有,,
文山區,房地(土地+建物)+車位,萬芳路２８號十樓之６,14.63,住,,,1100417,土地4建物1車位1,十層,十四層,住宅大樓(11層含以上有電梯),住家用,1120601,117.25,2,2,1,有,有,18800000,191286.0,坡道平面,32.56,2600000,預售屋、或土地及建物分件登記案件；,RPPTMLOJIIIGFAA27DA,47.85,4.08,3.32,有,,
文山區,房地(土地+建物)+車位,萬芳路２８號十四樓之２,21.7,住,,,1100411,土地4建物1車位1,十四層,十四層,住宅大樓(11層含以上有電梯),住家用,1120601,159.76999999999998,3,2,2,有,有,26780000,190865.0,坡道平面,32.56,2500000,預售屋、或土地及建物分件登記案件；,RPQTMLOJIIIGFAA37DA,71.33,7.82,4.13,有,,
文山區,房地(土地+建物)+車位,萬芳路２８號六樓之７,27.69,住,,,1100423,土地4建物1車位1,六層,十四層,住宅大樓(11層含以上有電梯),住家用,1120601,193.5,3,2,2,有,有,33950000,196657.0,坡道平面,32.56,2300000,預售屋、或土地及建物分件登記案件；,RPUOMLLMIIIGFAA27DA,91.25,7.9,5.62,有,,
文山區,房地(土地+建物)+車位,萬芳路２８號三樓之５,21.38,住,,,1100403,土地4建物1車位1,三層,十四層,住宅大樓(11層含以上有電梯),住家用,1120601,157.66,3,2,2,有,有,25200000,186251.0,坡道平面,32.56,1900000,預售屋、或土地及建物分件登記案件；,RPVOMLLMIIIGFAA37DA,70.25,7.51,4.13,有,,
文山區,房地(土地+建物)+車位,萬芳路２８號十二樓之６,14.63,住,,,1100425,土地4建物1車位1,十二層,十四層,住宅大樓(11層含以上有電梯),住家用,1120601,117.25,2,2,1,有,有,18740000,191758.0,坡道平面,32.56,2500000,預售屋、或土地及建物分件登記案件；,RPUPMLLMIIIGFAA37DA,47.85,4.08,3.32,有,,
文山區,房地(土地+建物)+車位,萬芳路２８號十二樓之１,14.63,住,,,1100408,土地4建物1車位1,十二層,十四層,住宅大樓(11層含以上有電梯),住家用,1120601,117.25,2,2,1,有,有,18770000,192112.0,坡道平面,32.56,2500000,預售屋、或土地及建物分件登記案件；,RPXPMLLMIIIGFAA67DA,47.85,4.08,3.32,有,,
文山區,房地(土地+建物),指南路三段７７巷６號五樓,11.73,住,,,1100425,土地1建物1車位0,五層,七層,華廈(10層含以下有電梯),住家用,1120808,42.11,1,0,1,有,有,6960000,165281.0,,0.0,0,預售屋、或土地及建物分件登記案件；,RPOPMLMJJIIGFAA66DA,21.25,1.99,1.89,有,,
文山區,房地(土地+建物),指南路三段７７巷１２號五樓,10.31,住,,,1100425,土地1建物1車位0,五層,七層,華廈(10層含以下有電梯),住家用,1120808,37.239999999999995,1,0,1,有,有,6320000,169710.0,,0.0,0,預售屋、或土地及建物分件登記案件；,RPSPMLMJJIIGFAA07DA,17.81,2.52,2.0,有,,
文山區,房地(土地+建物)+車位,興順街１１０號二樓,24.6,住,,,1100308,土地1建物1車位1,二層,七層,華廈(10層含以下有電梯),住家用,1120619,107.48,2,2,1,有,有,16580000,177048.0,其他,24.0,1800000,於110年9月30日以1760萬元受讓取得，並於110年12月10日與讓與人及賣方簽訂「房地讓渡協議書」預售屋、或土地及建物分件登記案件；,RPPNMLSKRHIGFAA08EA,50.04,0.0,3.89,有,,
文山區,房地(土地+建物)+車位,萬芳路２８號十樓之１,14.63,住,,,1100324,土地4建物1車位1,十層,十四層,住宅大樓(11層含以上有電梯),住家用,1120601,117.25,2,2,1,有,有,18600000,192467.0,坡道平面,32.56,2300000,預售屋、或土地及建物分件登記案件；,RPRSMLOJIIIGFAA37DA,47.85,4.08,3.32,有,,
文山區,房地(土地+建物)+車位,萬芳路２８號五樓之５,21.38,住,,,1100324,土地4建物1車位1,五層,十四層,住宅大樓(11層含以上有電梯),住家用,1120601,158.32,3,2,2,有,有,25700000,186864.0,坡道平面,32.56,2200000,原買方曾OO於111年11月25日與林OO訂定協議，將本合約所有權利義務全部轉讓予林OO，交易總價不變。預售屋、或土地及建物分件登記案件；,RPOOMLOJIIIGFAA66DA,70.25,8.17,4.13,有,,
文山區,房地(土地+建物)+車位,萬芳路２８號四樓之６,14.63,住,,,1100306,土地4建物1車位1,四層,十四層,住宅大樓(11層含以上有電梯),住家用,1120601,117.25,2,2,1,有,有,17950000,187153.0,坡道平面,32.56,2100000,預售屋、或土地及建物分件登記案件；,RPPOMLOJIIIGFAA76DA,47.85,4.08,3.32,有,,
文山區,房地(土地+建物)+車位,萬芳路２８號六樓之６,14.63,住,,,1100316,土地4建物1車位1,六層,十四層,住宅大樓(11層含以上有電梯),住家用,1120601,117.25,2,2,1,有,有,17970000,189751.0,坡道平面,32.56,1900000,原買方余OO於112年05月30日與黃OO訂定協議，將本合約所有權利義務全部轉讓予黃OO，交易總價不變。預售屋、或土地及建物分件登記案件；,RPSTMLOJIIIGFAA57DA,47.85,4.08,3.32,有,,
文山區,房地(土地+建物)+車位,萬芳路２８號八樓之５,21.38,住,,,1100310,土地4建物1車位1,八層,十四層,住宅大樓(11層含以上有電梯),住家用,1120601,157.66,3,2,2,有,有,26100000,190248.0,坡道平面,32.56,2300000,預售屋、或土地及建物分件登記案件；,RPUTMLOJIIIGFAA77DA,70.25,7.51,4.13,有,,
文山區,房地(土地+建物)+車位,萬芳路２８號四樓之３,15.99,住,,,1100321,土地4建物1車位1,四層,十四層,住宅大樓(11層含以上有電梯),住家用,1120601,125.69,2,2,1,有,有,19650000,188446.0,坡道平面,32.56,2100000,預售屋、或土地及建物分件登記案件；,RPWOMLLMIIIGFAA47DA,52.35,5.19,3.35,有,,
文山區,房地(土地+建物)+車位,萬芳路２８號八樓之６,14.63,住,,,1100331,土地4建物1車位1,八層,十四層,住宅大樓(11層含以上有電梯),住家用,1120601,117.25,2,2,1,有,有,18300000,191286.0,坡道平面,32.56,2100000,原買方劉OO與翁OO取得各半，雙方於112年05月26日與協議，由劉OO取得所有權全部，交易總價不變。預售屋、或土地及建物分件登記案件；,RPXOMLLMIIIGFAA57DA,47.85,4.08,3.32,有,,
文山區,房地(土地+建物)+車位,萬芳路２８號七樓之５,21.38,住,,,1100321,土地4建物1車位1,七層,十四層,住宅大樓(11層含以上有電梯),住家用,1120601,157.66,3,2,2,有,有,26170000,190008.0,坡道平面,32.56,2400000,原買方許OO於112年05月31日與林OO訂定協議，將本合約所有權利義務全部轉讓予林OO，交易總價不變。預售屋、或土地及建物分件登記案件；,RPQQMLLMIIIGFAA07DA,70.25,7.51,4.13,有,,
中正區,房地(土地+建物)+車位,金山南路一段５９號七樓,34.04,住,,,1100313,土地4建物1車位3,七層,十九層,住宅大樓(11層含以上有電梯),住家用,1120606,380.47,0,0,0,無,有,143900000,491268.0,坡道平面,110.76,11400000,預售屋、或土地及建物分件登記案件；,RPQOMLSJJIIGFBA47DA,154.06,8.14,10.19,有,,
中正區,房地(土地+建物)+車位,金山南路一段５７號十八樓,33.18,住,,,1100324,土地4建物1車位2,十八層,十九層,住宅大樓(11層含以上有電梯),住家用,1120606,341.81,0,0,0,無,有,159040000,556665.0,坡道平面,70.48,8000000,預售屋、或土地及建物分件登記案件；,RPUOMLSJJIIGFBA87DA,153.48,6.37,12.14,有,,
中正區,房地(土地+建物)+車位,金山南路一段５９號十八樓,33.8,住,,,1100324,土地4建物1車位3,十八層,十九層,住宅大樓(11層含以上有電梯),住家用,1120606,376.41,0,0,0,無,有,161840000,556634.0,坡道平面,107.4,12100000,預售屋、或土地及建物分件登記案件；,RPVOMLSJJIIGFBA97DA,152.96,8.54,10.19,有,,
文山區,房地(土地+建物)+車位,興順街１０８號二樓,24.6,住,,,1100225,土地1建物1車位1,二層,七層,華廈(10層含以下有電梯),住家用,1120619,107.48,2,2,1,有,有,16520000,176330.0,其他,24.0,1800000,預售屋、或土地及建物分件登記案件；,RPUNMLPKRHIGFAA28EA,50.04,0.0,3.89,有,,
文山區,房地(土地+建物)+車位,興順街１０８號四樓,24.6,住,,,1100204,土地1建物1車位1,四層,七層,華廈(10層含以下有電梯),住家用,1120619,107.48,2,2,1,有,有,16560000,176809.0,其他,24.0,1800000,預售屋、或土地及建物分件登記案件；,RPWNMLPKRHIGFAA48EA,50.04,0.0,3.89,有,,
文山區,房地(土地+建物)+車位,興順街１１０號四樓,24.6,住,,,1100208,土地1建物1車位1,四層,七層,華廈(10層含以下有電梯),住家用,1120619,107.48,2,2,1,有,有,16800000,179684.0,其他,24.0,1800000,預售屋、或土地及建物分件登記案件；,RPQNMLSKRHIGFAA18EA,50.04,0.0,3.89,有,,
文山區,房地(土地+建物)+車位,興順街１１０號六樓,24.6,住,,,1100226,土地1建物1車位1,六層,七層,華廈(10層含以下有電梯),住家用,1120619,107.48,2,2,1,有,有,17300000,185673.0,其他,24.0,1800000,預售屋、或土地及建物分件登記案件；,RPRNMLSKRHIGFAA28EA,50.04,0.0,3.89,有,,
文山區,房地(土地+建物)+車位,興順街１０８號六樓,24.6,住,,,1100227,土地1建物1車位1,六層,七層,華廈(10層含以下有電梯),住家用,1120619,107.48,2,2,1,有,有,17500000,188069.0,其他,24.0,1800000,預售屋、或土地及建物分件登記案件；,RPPNMLKLRHIGFAA37EA,50.04,0.0,3.89,有,,
文山區,房地(土地+建物)+車位,興順街１０６號七樓,27.79,住,,,1100217,土地1建物1車位1,七層,七層,華廈(10層含以下有電梯),住家用,1120619,118.25,2,2,2,有,有,19850000,191512.0,其他,24.0,1800000,預售屋、或土地及建物分件登記案件；,RPSNMLKLRHIGFAA67EA,54.86,0.0,6.02,有,,
文山區,房地(土地+建物)+車位,萬芳路２８號三樓,27.48,住,,,1100206,土地4建物1車位1,三層,十四層,住宅大樓(11層含以上有電梯),住家用,1120601,192.75,3,2,2,有,有,33050000,193208.0,坡道平面,32.56,2100000,預售屋、或土地及建物分件登記案件；,RPWNMLOJIIIGFAA37DA,90.47,8.14,5.89,有,,
文山區,房地(土地+建物)+車位,萬芳路２８號四樓之８,16.62,住,,,1100205,土地4建物1車位1,四層,十四層,住宅大樓(11層含以上有電梯),住家用,1120601,129.86,2,2,1,有,有,20850000,194758.0,坡道平面,32.56,1900000,原買方高OO於112年05月23日與鄭OO訂定協議，將本合約所有權利義務全部轉讓予鄭OO，交易總價不變。預售屋、或土地及建物分件登記案件；,RPQPMLOJIIIGFAA96DA,54.46,5.96,3.35,有,,
文山區,房地(土地+建物),指南路三段７７巷８號五樓,10.95,住,,,1100207,土地1建物1車位0,五層,七層,華廈(10層含以下有電梯),住家用,1120808,39.57,1,0,1,有,有,6680000,168815.0,,0.0,0,預售屋、或土地及建物分件登記案件；,RPUPMLMJJIIGFAA27DA,18.5,0.0,5.22,有,,
中正區,房地(土地+建物)+車位,金山南路一段５７號十七樓,33.18,住,,,1100218,土地4建物1車位2,十七層,十九層,住宅大樓(11層含以上有電梯),住家用,1120606,341.69,0,0,0,無,有,158880000,553372.0,坡道平面,70.48,8800000,預售屋、或土地及建物分件登記案件；,RPPOMLSJJIIGFBA37DA,153.48,6.25,12.14,有,,
文山區,房地(土地+建物)+車位,興順街１０６號二樓,34.9,住,,,1100112,土地1建物1車位1,二層,七層,華廈(10層含以下有電梯),住家用,1120619,142.24,3,2,2,有,有,22780000,177436.0,其他,24.0,1800000,預售屋、或土地及建物分件登記案件；,RPRNMLPKRHIGFAA97EA,70.86,0.0,5.48,有,,
文山區,房地(土地+建物)+車位,興順街１０８號三樓,24.6,住,,,1100116,土地1建物1車位1,三層,七層,華廈(10層含以下有電梯),住家用,1120619,107.48,2,2,1,有,有,16800000,179684.0,其他,24.0,1800000,預售屋、或土地及建物分件登記案件；,RPVNMLPKRHIGFAA38EA,50.04,0.0,3.89,有,,
士林區,房地(土地+建物)+車位,社中街３３５號六樓,31.91,住,,,1100120,土地1建物1車位1,六層,九層,華廈(10層含以下有電梯),住家用,1120711,171.2,4,2,2,有,有,22240000,152291.0,升降平面,39.61,2200000,預售屋、或土地及建物分件登記案件；,RPUNMLKLRHIGFEA28EA,79.05,0.0,7.61,有,,
士林區,房地(土地+建物)+車位,社中街３３７號四樓,28.21,住,,,1100120,土地1建物1車位1,四層,九層,華廈(10層含以下有電梯),住家用,1120711,157.12,3,2,2,有,有,20170000,153774.0,升降平面,39.61,2100000,預售屋、或土地及建物分件登記案件；,RPXNMLKLRHIGFEA58EA,69.86,0.0,7.62,有,,
士林區,房地(土地+建物)+車位,社中街３３９號二樓,19.66,住,,,1100119,土地1建物1車位1,二層,九層,華廈(10層含以下有電梯),住家用,1120711,120.13,2,2,1,有,有,14710000,157849.0,升降平面,39.61,2000000,預售屋、或土地及建物分件登記案件；,RPPOMLKLRHIGFEA87EA,48.62,0.0,4.43,有,,
大同區,房地(土地+建物)+車位,興城街７０號十五樓之５,19.64,住,,,1100118,土地1建物1車位1,十五層,十五層,住宅大樓(11層含以上有電梯),住家用,1120119,171.61,3,2,2,有,有,35300000,234481.0,坡道平面,31.3,2400000,預售屋、或土地及建物分件登記案件；,RPXNMLSLRHIGFBA98DA,83.58,4.6,9.62,有,,
文山區,房地(土地+建物)+車位,萬芳路２８號十三樓之８,16.62,住,,,1100106,土地4建物1車位1,十三層,十四層,住宅大樓(11層含以上有電梯),住家用,1120601,129.95,2,2,1,有,有,22040000,202690.0,坡道平面,32.56,2300000,原買方林OO於110年01月13日與陳OO訂定協議，將本合約所有權利義務全部轉讓予陳OO，交易總價不變。預售屋、或土地及建物分件登記案件；,RPOSMLOJIIIGFAA07DA,54.46,6.05,3.35,有,,
大同區,房地(土地+建物)+車位,興城街７０號四樓之６,21.21,住,,,1100121,土地1建物1車位1,四層,十五層,住宅大樓(11層含以上有電梯),住家用,1120119,177.75,4,2,2,有,有,34000000,208375.0,坡道平面,26.1,2400000,預售屋、或土地及建物分件登記案件；,RPOOMLQJIIIGFBA96DA,90.29,5.5,9.91,有,,
文山區,房地(土地+建物)+車位,萬芳路２８號九樓之６,14.63,住,,,1100117,土地4建物1車位1,九層,十四層,住宅大樓(11層含以上有電梯),住家用,1120601,117.25,2,2,1,有,有,18000000,190105.0,坡道平面,32.56,1900000,原買方曾OO與徐OO取得各半，雙方於112年06月19日與協議，由曾OO取得所有權全部，交易總價不變。預售屋、或土地及建物分件登記案件；,RPSOMLLMIIIGFAA07DA,47.85,4.08,3.32,有,,
文山區,房地(土地+建物)+車位,萬芳路２８號八樓之２,21.7,住,,,1100116,土地4建物1車位1,八層,十四層,住宅大樓(11層含以上有電梯),住家用,1120601,160.29,3,2,2,有,有,26270000,188444.0,坡道平面,32.56,2200000,原買方張OO於112年05月23日與姜OO訂定協議，將本合約所有權利義務全部轉讓予姜OO，交易總價不變。預售屋、或土地及建物分件登記案件；,RPTPMLLMIIIGFAA27DA,71.33,8.34,4.13,有,,
文山區,房地(土地+建物)+車位,萬芳路２８號十二樓之８,16.62,住,,,1100131,土地4建物1車位1,十二層,十四層,住宅大樓(11層含以上有電梯),住家用,1120601,129.86,2,2,1,有,有,21930000,201747.0,坡道平面,32.56,2300000,預售屋、或土地及建物分件登記案件；,RPQNMLSLJIIGFAA47DA,54.46,5.96,3.35,有,,
文山區,房地(土地+建物)+車位,興順街１１０號七樓,18.66,住,,,1091205,土地1建物1車位1,七層,七層,華廈(10層含以下有電梯),住家用,1120619,87.28999999999999,1,1,1,有,有,14240000,196556.0,其他,24.0,1800000,預售屋、或土地及建物分件登記案件；,RPSNMLSKRHIGFAA38EA,36.71,0.0,4.17,有,,
文山區,房地(土地+建物)+車位,興順街１１０號五樓,24.6,住,,,1091203,土地1建物1車位1,五層,七層,華廈(10層含以下有電梯),住家用,1120619,107.48,2,2,1,有,有,17060000,182798.0,其他,24.0,1800000,預售屋、或土地及建物分件登記案件；,RPVNMLSKRHIGFAA68EA,50.04,0.0,3.89,有,,
文山區,房地(土地+建物)+車位,興順街１０８號五樓,24.6,住,,,1091220,土地1建物1車位1,五層,七層,華廈(10層含以下有電梯),住家用,1120619,107.48,2,2,1,有,有,16880000,180642.0,其他,24.0,1800000,預售屋、或土地及建物分件登記案件；,RPTNMLKLRHIGFAA77EA,50.04,0.0,3.89,有,,
士林區,房地(土地+建物)+車位,德行東路２００號十四樓之１,41.3,住,,,1091213,土地1建物1車位2,十四層,十四層,住宅大樓(11層含以上有電梯),住家用,1120512,309.55,3,2,2,有,有,89550000,360165.0,坡道平面,81.46,7400000,1.總價含工程加減帳及面積找補款-212143元。加減後總價為89337857元2.讓與日期：112年01月14日，提供買賣契約；讓渡總價為9050萬元整。預售屋、或土地及建物分件登記案件；,RPUOMLSLQHIGFEA98DA,135.27,0.0,13.88,有,,
士林區,房地(土地+建物)+車位,德行東路２００號八樓之１,41.29,住,,,1091212,土地1建物1車位1,八層,十四層,住宅大樓(11層含以上有電梯),住家用,1120512,268.82,3,2,3,有,有,79560000,334561.0,坡道平面,40.73,3250000,1.總價含工程加減帳及面積找補款-401972元。加減後總價為79158028元。預售屋、或土地及建物分件登記案件；,RPPOMLSLQHIGFEA48DA,135.27,0.0,13.88,有,,
士林區,房地(土地+建物)+車位,德行東路２００號八樓之２,26.34,住,,,1091212,土地1建物1車位2,八層,十四層,住宅大樓(11層含以上有電梯),住家用,1120512,223.29,3,1,2,有,有,53600000,332793.0,坡道平面,81.46,6400000,1.總價含工程加減帳及面積找補款-181815元。加減後總價為53418185元。預售屋、或土地及建物分件登記案件；,RPQOMLSLQHIGFEA58DA,86.25,0.0,5.26,有,,
文山區,房地(土地+建物)+車位,萬芳路２８號十一樓之８,16.62,住,,,1091227,土地4建物1車位1,十一層,十四層,住宅大樓(11層含以上有電梯),住家用,1120601,129.86,2,2,1,有,有,21690000,199281.0,坡道平面,32.56,2300000,預售屋、或土地及建物分件登記案件；,RPWSMLOJIIIGFAA87DA,54.46,5.96,3.35,有,,
文山區,房地(土地+建物)+車位,萬芳路２８號四樓,27.48,住,,,1091211,土地4建物1車位1,四層,十四層,住宅大樓(11層含以上有電梯),住家用,1120601,192.75,3,2,2,有,有,32330000,189962.0,坡道平面,32.56,1900000,預售屋、或土地及建物分件登記案件；,RPSPMLOJIIIGFAA17DA,90.47,8.14,5.89,有,,
文山區,房地(土地+建物)+車位,萬芳路２８號三樓之２,21.7,住,,,1091223,土地4建物1車位1,三層,十四層,住宅大樓(11層含以上有電梯),住家用,1120601,160.29,3,2,2,有,有,25420000,184138.0,坡道平面,32.56,1900000,預售屋、或土地及建物分件登記案件；,RPXOMLOJIIIGFAA57DA,71.33,8.34,4.13,有,,
文山區,房地(土地+建物)+車位,萬芳路２８號二樓之１,14.63,住,,,1091219,土地4建物1車位1,二層,十四層,住宅大樓(11層含以上有電梯),住家用,1120601,117.25,2,2,1,有,有,17700000,186563.0,坡道平面,32.56,1900000,買賣雙方交屋依民國112年08月08日協議折讓52萬元，雙方依協議前價款登錄。預售屋、或土地及建物分件登記案件；,RPRPMLOJIIIGFAA07DA,47.85,4.08,3.32,有,,
文山區,房地(土地+建物)+車位,萬芳路２８號四樓之２,21.7,住,,,1091221,土地4建物1車位1,四層,十四層,住宅大樓(11層含以上有電梯),住家用,1120601,160.29,3,2,2,有,有,25620000,184138.0,坡道平面,32.56,2100000,預售屋、或土地及建物分件登記案件；,RPTPMLOJIIIGFAA27DA,71.33,8.34,4.13,有,,
文山區,房地(土地+建物)+車位,萬芳路２８號六樓之８,16.62,住,,,1091223,土地4建物1車位1,六層,十四層,住宅大樓(11層含以上有電梯),住家用,1120601,129.95,2,2,1,有,有,21120000,197351.0,坡道平面,32.56,1900000,預售屋、或土地及建物分件登記案件；,RPUPMLOJIIIGFAA37DA,54.46,6.05,3.35,有,,
文山區,房地(土地+建物),萬芳路２８號三樓之１,14.42,住,,,1091211,土地4建物1車位0,三層,十四層,住宅大樓(11層含以上有電梯),住家用,1120601,84.69,2,2,1,有,有,15650000,184792.0,,0.0,0,預售屋、或土地及建物分件登記案件；,RPSQMLOJIIIGFAA27DA,47.85,4.08,3.32,有,,
士林區,房地(土地+建物)+車位,德行東路２００號六樓之１,41.29,住,,,1091221,土地1建物1車位1,六層,十四層,住宅大樓(11層含以上有電梯),住家用,1120512,268.82,2,2,3,有,有,78920000,330221.0,坡道平面,40.73,3600000,1.總價含工程加減帳及面積找補款-146389元。加減後總價為78773611元。預售屋、或土地及建物分件登記案件；,RPQPMLQJRHIGFEA38DA,135.27,0.0,13.88,有,,
士林區,房地(土地+建物)+車位,德行東路２００號七樓之１,41.29,,,,1091221,土地1建物1車位1,七層,十四層,住宅大樓(11層含以上有電梯),住家用,1120512,268.82,2,2,2,有,有,79550000,333859.0,坡道平面,40.73,3400000,1.總價含工程加減帳及面積找補款-533635元。加減後總價為79016365元。預售屋、或土地及建物分件登記案件；,RPPOMLNKIIIGFEA17DA,135.27,0.0,13.88,有,,
士林區,房地(土地+建物)+車位,德行東路２００號七樓之２,26.32,,,,1091221,土地1建物1車位1,七層,十四層,住宅大樓(11層含以上有電梯),住家用,1120512,182.56,3,1,2,有,有,50700000,332088.0,坡道平面,40.73,3600000,1.總價含工程加減帳及面積找補款-367733元。加減後總價為50332267元。預售屋、或土地及建物分件登記案件；,SPPOMLNKIIIGFEA27DA,86.25,0.0,5.26,有,,
文山區,房地(土地+建物)+車位,萬芳路２８號六樓之２,21.7,住,,,1091219,土地4建物1車位1,六層,十四層,住宅大樓(11層含以上有電梯),住家用,1120601,159.76999999999998,3,2,2,有,有,25640000,186621.0,坡道平面,32.56,1900000,預售屋、或土地及建物分件登記案件；,RPUNMLLMIIIGFAA17DA,71.33,7.82,4.13,有,,
文山區,房地(土地+建物)+車位,萬芳路２８號五樓之２,21.7,住,,,1091218,土地4建物1車位1,五層,十四層,住宅大樓(11層含以上有電梯),住家用,1120601,159.76999999999998,3,2,2,有,有,25350000,184341.0,坡道平面,32.56,1900000,預售屋、或土地及建物分件登記案件；,RPWNMLLMIIIGFAA37DA,71.33,7.82,4.13,有,,
文山區,房地(土地+建物)+車位,萬芳路２８號七樓之６,14.63,住,,,1091205,土地4建物1車位1,七層,十四層,住宅大樓(11層含以上有電梯),住家用,1120601,117.25,2,2,1,有,有,17300000,184201.0,坡道平面,32.56,1700000,預售屋、或土地及建物分件登記案件；,RPPOMLLMIIIGFAA76DA,47.85,4.08,3.32,有,,
文山區,房地(土地+建物)+車位,萬芳路２８號六樓之１,14.63,住,,,1091219,土地4建物1車位1,六層,十四層,住宅大樓(11層含以上有電梯),住家用,1120601,117.25,2,2,1,有,有,17860000,188452.0,坡道平面,32.56,1900000,預售屋、或土地及建物分件登記案件；,RPQOMLLMIIIGFAA86DA,47.85,4.08,3.32,有,,
大同區,房地(土地+建物)+車位,興城街７０號十四樓之５,17.96,住,,,1091211,土地1建物1車位1,十四層,十五層,住宅大樓(11層含以上有電梯),住家用,1120119,158.56,3,2,2,有,有,31800000,224335.0,坡道平面,27.06,2300000,預售屋、或土地及建物分件登記案件；,RPSNMLPKJIIGFBA37DA,76.55,3.23,9.55,有,,
文山區,房地(土地+建物),興順街１１０號三樓,24.6,住,,,1091106,土地1建物1車位0,三層,七層,華廈(10層含以下有電梯),住家用,1120619,83.48,2,2,1,有,有,15000000,179684.0,,0.0,0,預售屋、或土地及建物分件登記案件；,RPOOMLPKRHIGFAA77EA,50.04,0.0,3.89,有,,
文山區,房地(土地+建物)+車位,興順街１１２號六樓,34.95,住,,,1091120,土地1建物1車位1,六層,七層,華廈(10層含以下有電梯),住家用,1120619,142.58999999999995,3,2,2,有,有,23880000,186188.0,其他,24.0,1800000,預售屋、或土地及建物分件登記案件；,RPUNMLSKRHIGFAA58EA,70.99,0.0,5.61,有,,
文山區,房地(土地+建物)+車位,興順街１１２號五樓,34.95,住,,,1091101,土地1建物1車位1,五層,七層,華廈(10層含以下有電梯),住家用,1120619,142.58999999999995,3,2,2,有,有,23150000,180032.0,其他,24.0,1800000,預售屋、或土地及建物分件登記案件；,RPWNMLSKRHIGFAA78EA,70.99,0.0,5.61,有,,
文山區,房地(土地+建物)+車位,興順街１１２號七樓,27.84,住,,,1091119,土地1建物1車位1,七層,七層,華廈(10層含以下有電梯),住家用,1120619,118.43,2,2,2,有,有,19800000,190617.0,其他,24.0,1800000,預售屋、或土地及建物分件登記案件；,RPXNMLSKRHIGFAA88EA,54.98,0.0,6.02,有,,
士林區,房地(土地+建物)+車位,德行東路２００號十二樓,31.22,住,,,1091128,土地1建物1車位1,十二層,十四層,住宅大樓(11層含以上有電梯),住家用,1120512,210.95,3,2,2,有,有,63060000,350488.0,坡道平面,40.73,3400000,1.總價含工程加減帳及面積找補款5747元。加減後總價為63065747元。預售屋、或土地及建物分件登記案件；,RPSOMLQJRHIGFEA48DA,102.29,0.0,8.24,有,,
文山區,房地(土地+建物)+車位,萬芳路２８號十二樓之３,15.99,住,,,1091130,土地4建物1車位1,十二層,十四層,住宅大樓(11層含以上有電梯),住家用,1120601,125.69,2,2,1,有,有,19900000,191131.0,坡道平面,32.56,2100000,預售屋、或土地及建物分件登記案件；,RPRTMLOJIIIGFAA47DA,52.35,5.19,3.35,有,,
文山區,房地(土地+建物)+車位,萬芳路２８號六樓,27.69,住,,,1091121,土地4建物1車位2,六層,十四層,住宅大樓(11層含以上有電梯),住家用,1120601,224.71,3,2,2,有,有,34560000,192744.0,坡道平面,65.12,3800000,預售屋、或土地及建物分件登記案件；,RPQNMLOJIIIGFAA76DA,90.47,7.54,5.89,有,,
文山區,房地(土地+建物)+車位,萬芳路２８號三樓之３,15.99,住,,,1091115,土地4建物1車位1,三層,十四層,住宅大樓(11層含以上有電梯),住家用,1120601,125.69,2,2,1,有,有,19170000,185440.0,坡道平面,32.56,1900000,原買方郭OO與黎OO共同持有，雙方於112年05月26日協議，將本合約所有權利義務全部轉讓予郭OO，交易總價不變。預售屋、或土地及建物分件登記案件；,RPVOMLOJIIIGFAA37DA,52.35,5.19,3.35,有,,
文山區,房地(土地+建物)+車位,萬芳路２８號五樓之８,16.62,住,,,1091121,土地4建物1車位1,五層,十四層,住宅大樓(11層含以上有電梯),住家用,1120601,129.95,2,2,1,有,有,20630000,192320.0,坡道平面,32.56,1900000,原買方舒OO與范OO共同持有，雙方於112年05月31日協議，將本合約所有權利義務全部轉讓予范OO，交易總價不變。預售屋、或土地及建物分件登記案件；,RPXPMLOJIIIGFAA67DA,54.46,6.05,3.35,有,,
文山區,房地(土地+建物)+車位,萬芳路２８號十三樓,27.48,住,,,1091121,土地4建物1車位1,十三層,十四層,住宅大樓(11層含以上有電梯),住家用,1120601,192.15,3,2,2,有,有,33930000,198195.0,坡道平面,32.56,2300000,預售屋、或土地及建物分件登記案件；,RPRPMLLMIIIGFAA07DA,90.47,7.54,5.89,有,,
文山區,房地(土地+建物)+車位,萬芳路２８號十四樓之３,15.99,住,,,1091115,土地4建物1車位1,十四層,十四層,住宅大樓(11層含以上有電梯),住家用,1120601,125.54,2,2,1,有,有,19900000,191439.0,坡道平面,32.56,2100000,預售屋、或土地及建物分件登記案件；,RPVPMLLMIIIGFAA47DA,52.35,5.04,3.35,有,,
士林區,房地(土地+建物)+車位,德行東路２００號五樓之１,41.3,住,,,1091124,土地1建物1車位2,五層,十四層,住宅大樓(11層含以上有電梯),住家用,1120512,309.55,4,2,3,有,有,79990000,326582.0,坡道平面,81.46,5500000,1.總價含工程加減帳及面積找補款99272元。加減後總價為80089272元。預售屋、或土地及建物分件登記案件；,RPUNMLQJRHIGFEA58DA,135.27,0.0,13.88,有,,
文山區,房地(土地+建物)+車位,萬芳路２８號九樓之３,15.99,住,,,1091101,土地4建物1車位1,九層,十四層,住宅大樓(11層含以上有電梯),住家用,1120601,125.54,2,2,1,有,有,19780000,190148.0,坡道平面,32.56,2100000,預售屋、或土地及建物分件登記案件；,RPQOMLSJJIIGFAA37DA,52.35,5.04,3.35,有,,
文山區,房地(土地+建物)+車位,萬芳路２８號九樓之８,16.62,住,,,1091105,土地4建物1車位1,九層,十四層,住宅大樓(11層含以上有電梯),住家用,1120601,129.95,2,2,1,有,有,21400000,198172.0,坡道平面,32.56,2100000,預售屋、或土地及建物分件登記案件；,RPRNMLMLJIIGFAA96DA,54.46,6.05,3.35,有,,
文山區,房地(土地+建物)+車位,萬芳路２８號九樓之７,27.69,住,,,1091111,土地4建物1車位1,九層,十四層,住宅大樓(11層含以上有電梯),住家用,1120601,193.5,3,2,2,有,有,33650000,196036.0,坡道平面,32.56,2100000,預售屋、或土地及建物分件登記案件；,RPSNMLMLJIIGFAA07DA,91.25,7.9,5.62,有,,
文山區,房地(土地+建物)+車位,萬芳路２８號二樓之６,14.63,住,,,1091111,土地4建物1車位1,二層,十四層,住宅大樓(11層含以上有電梯),住家用,1120601,117.25,2,2,1,有,有,17550000,182430.0,坡道平面,32.56,2100000,預售屋、或土地及建物分件登記案件；,RPWNMLPJKIIGFAA67DA,47.85,4.08,3.32,有,,
文山區,房地(土地+建物)+車位,興順街１０６號五樓,34.9,住,,,1091031,土地1建物1車位1,五層,七層,華廈(10層含以下有電梯),住家用,1120619,142.24,3,2,2,有,有,23400000,182679.0,其他,24.0,1800000,預售屋、或土地及建物分件登記案件；,RPTNMLPKRHIGFAA18EA,70.86,0.0,5.48,有,,
文山區,房地(土地+建物)+車位,萬芳路２８號十四樓之８,16.62,住,,,1091009,土地4建物1車位1,十四層,十四層,住宅大樓(11層含以上有電梯),住家用,1120601,129.95,2,2,1,有,有,22000000,202279.0,坡道平面,32.56,2300000,原買方王OO於112年05月25日與王OO訂定協議，將本合約所有權利義務全部轉讓予王OO，交易總價不變。預售屋、或土地及建物分件登記案件；,RPXRMLOJIIIGFAA87DA,54.46,6.05,3.35,有,,
文山區,房地(土地+建物)+車位,萬芳路２８號五樓,27.48,住,,,1091024,土地4建物1車位1,五層,十四層,住宅大樓(11層含以上有電梯),住家用,1120601,192.15,3,2,2,有,有,32750000,192055.0,坡道平面,32.56,2100000,預售屋、或土地及建物分件登記案件；,RPOPMLOJIIIGFAA76DA,90.47,7.54,5.89,有,,
文山區,房地(土地+建物)+車位,萬芳路２８號二樓之２,21.92,住,,,1091002,土地4建物1車位2,二層,十四層,住宅大樓(11層含以上有電梯),住家用,1120601,193.81,3,2,2,有,有,27300000,184163.0,坡道平面,65.12,3600000,原買方高OO於112年05月31日與蔡OO訂定協議，將本合約所有權利義務全部轉讓予蔡OO，交易總價不變。預售屋、或土地及建物分件登記案件；,RPUNMLOJIIIGFAA17DA,71.33,9.3,4.13,有,,
文山區,房地(土地+建物)+車位,萬芳路２８號五樓之３,15.99,住,,,1091031,土地4建物1車位1,五層,十四層,住宅大樓(11層含以上有電梯),住家用,1120601,125.54,2,2,1,有,有,19600000,188213.0,坡道平面,32.56,2100000,預售屋、或土地及建物分件登記案件；,RPROMLOJIIIGFAA96DA,52.35,5.04,3.35,有,,
文山區,房地(土地+建物)+車位,萬芳路２８號十樓,27.48,住,,,1091024,土地4建物1車位1,十層,十四層,住宅大樓(11層含以上有電梯),住家用,1120601,192.15,3,2,2,有,有,33390000,194812.0,坡道平面,32.56,2300000,預售屋、或土地及建物分件登記案件；,RPWPMLLMIIIGFAA57DA,90.47,7.54,5.89,有,,
文山區,房地(土地+建物)+車位,木柵路三段８５巷８弄３號九樓,19.0,住,,,1091012,土地1建物1車位1,九層,十二層,住宅大樓(11層含以上有電梯),住家用,1120829,120.4,3,2,2,有,有,22240000,191844.0,其他,11.77,1400000,預售屋、或土地及建物分件登記案件；,RPWNMLMLJIIGFAA47DA,66.4,0.0,5.09,有,,
文山區,房地(土地+建物)+車位,木柵路三段８５巷８弄３號十樓,19.0,住,,,1091024,土地1建物1車位1,十層,十二層,住宅大樓(11層含以上有電梯),住家用,1120829,120.4,3,2,2,有,有,23000000,198840.0,其他,11.77,1400000,預售屋、或土地及建物分件登記案件；,RPXNMLMLJIIGFAA57DA,66.4,0.0,5.09,有,,
士林區,房地(土地+建物)+車位,中山北路六段２９０巷７弄３５號三樓,18.56,住,,,1090902,土地1建物1車位1,三層,七層,華廈(10層含以下有電梯),住家用,1120628,118.64,2,2,2,有,有,25000000,247450.0,升降機械,26.5,2200000,預售屋、或土地及建物分件登記案件；,RPWNMLLJQHIGFEA18DA,50.98,0.0,7.57,有,,
士林區,房地(土地+建物),中山北路六段２９０巷７弄３５號六樓,18.56,住,,,1090928,土地1建物1車位0,六層,七層,華廈(10層含以下有電梯),住家用,1120628,92.14,2,2,2,有,有,24000000,260473.0,,0.0,0,,RPPOMLLJQHIGFEA57DA,50.98,0.0,7.57,有,,
士林區,房地(土地+建物),中山北路六段２９０巷７弄３５號七樓之１,9.88,住,,,1090930,土地1建物1車位0,七層,七層,華廈(10層含以下有電梯),住家用,1120628,49.66,1,1,1,有,有,15170000,305477.0,,0.0,0,本案含有約定專用之露臺面積約5坪預售屋、或土地及建物分件登記案件；,RPQQMLLJQHIGFEA87DA,29.55,0.0,1.62,有,,
文山區,房地(土地+建物)+車位,萬芳路２８號十樓之２,21.7,住,,,1090919,土地4建物1車位1,十層,十四層,住宅大樓(11層含以上有電梯),住家用,1120601,159.76999999999998,3,2,2,有,有,25700000,183948.0,坡道平面,32.56,2300000,原買方李OO於112年05月22日與王OO訂定協議，將本合約所有權利義務全部轉讓予王OO，交易總價不變。預售屋、或土地及建物分件登記案件；,RPUQMLOJIIIGFAA47DA,71.33,7.82,4.13,有,,
文山區,房地(土地+建物)+車位,萬芳路２８號十一樓之３,15.99,住,,,1090911,土地4建物1車位1,十一層,十四層,住宅大樓(11層含以上有電梯),住家用,1120601,125.69,2,2,1,有,有,19800000,187909.0,坡道平面,32.56,2300000,預售屋、或土地及建物分件登記案件；,RPVRMLOJIIIGFAA67DA,52.35,5.19,3.35,有,,
文山區,房地(土地+建物)+車位,萬芳路２８號十一樓之２,21.7,住,,,1090928,土地4建物1車位1,十一層,十四層,住宅大樓(11層含以上有電梯),住家用,1120601,160.29,3,2,2,有,有,25900000,184765.0,坡道平面,32.56,2300000,預售屋、或土地及建物分件登記案件；,RPQSMLOJIIIGFAA27DA,71.33,8.34,4.13,有,,
文山區,房地(土地+建物)+車位,萬芳路２８號九樓之１,14.63,住,,,1090918,土地4建物1車位1,九層,十四層,住宅大樓(11層含以上有電梯),住家用,1120601,117.25,2,2,1,有,有,18000000,185382.0,坡道平面,32.56,2300000,預售屋、或土地及建物分件登記案件；,RPURMLOJIIIGFAA57DA,47.85,4.08,3.32,有,,
文山區,房地(土地+建物)+車位,萬芳路２８號八樓之７,27.69,住,,,1090919,土地4建物1車位1,八層,十四層,住宅大樓(11層含以上有電梯),住家用,1120601,192.99,3,2,2,有,有,32870000,191797.0,坡道平面,32.56,2100000,原買方陳OO於112年05月24日與蘇OO訂定協議，將本合約所有權利義務全部轉讓予蘇OO，交易總價不變。預售屋、或土地及建物分件登記案件；,RPWPMLOJIIIGFAA57DA,91.25,7.39,5.62,有,,
文山區,房地(土地+建物)+車位,萬芳路２８號八樓,27.48,住,,,1090919,土地4建物1車位1,八層,十四層,住宅大樓(11層含以上有電梯),住家用,1120601,192.75,3,2,2,有,有,32670000,190836.0,坡道平面,32.56,2100000,預售屋、或土地及建物分件登記案件；,RPTTMLOJIIIGFAA67DA,90.47,8.14,5.89,有,,
文山區,房地(土地+建物)+車位,萬芳路２８號八樓之８,16.62,住,,,1090919,土地4建物1車位1,八層,十四層,住宅大樓(11層含以上有電梯),住家用,1120601,129.86,2,2,1,有,有,20960000,193834.0,坡道平面,32.56,2100000,預售屋、或土地及建物分件登記案件；,SPTTMLOJIIIGFAA77DA,54.46,5.96,3.35,有,,
士林區,房地(土地+建物)+車位,德行東路２００號六樓,31.23,住,,,1090924,土地1建物1車位2,六層,十四層,住宅大樓(11層含以上有電梯),住家用,1120512,251.68,3,2,2,有,有,62000000,326636.0,坡道平面,81.46,6400000,1.總價含工程加減帳及面積找補款-133409元。加減後總價為61866591元。預售屋、或土地及建物分件登記案件；,RPVOMLQJRHIGFEA78DA,102.29,0.0,8.24,有,,
士林區,房地(土地+建物)+車位,中山北路六段２９０巷７弄３５號四樓,18.56,住,,,1090915,土地1建物1車位1,四層,七層,華廈(10層含以下有電梯),住家用,1120628,118.64,2,2,2,有,有,25100000,251791.0,升降機械,26.5,1900000,預售屋、或土地及建物分件登記案件；,RPXNMLLJQHIGFEA28DA,50.98,0.0,7.57,有,,
士林區,房地(土地+建物)+車位,中山北路六段２９０巷７弄３５號五樓之１,13.74,住,,,1090905,土地1建物1車位1,五層,七層,華廈(10層含以下有電梯),住家用,1120628,94.71,2,2,1,有,有,20000000,260959.0,升降機械,26.5,2200000,本案含有約定專用之露台，面積約1.34坪。預售屋、或土地及建物分件登記案件；,RPQPMLLJQHIGFEA77DA,40.64,0.0,2.71,有,,
士林區,房地(土地+建物)+車位,中山北路六段２９０巷７弄３５號,16.09,住,,,1090928,土地1建物1車位1,一層,七層,華廈(10層含以下有電梯),住家用,1120628,106.62,2,2,1,有,有,28300000,325761.0,升降機械,26.5,2200000,本案含有約定專用之法定空地1F，面積約6.06坪。預售屋、或土地及建物分件登記案件；,RPTNMLRKQHIGFEA58DA,51.02,0.0,0.0,有,,
士林區,房地(土地+建物)+車位,德行東路２００號五樓之２,26.32,住,,,1090918,土地1建物1車位1,五層,十四層,住宅大樓(11層含以上有電梯),住家用,1120512,182.56,2,2,2,有,有,49000000,322217.0,坡道平面,40.73,3300000,1.總價含工程加減帳及面積找補款14880元。加減後總價為49014880元。預售屋、或土地及建物分件登記案件；,RPXNMLQJRHIGFEA88DA,86.25,0.0,5.26,有,,
文山區,房地(土地+建物)+車位,萬芳路２８號十四樓,27.48,住,,,1090929,土地4建物1車位1,十四層,十四層,住宅大樓(11層含以上有電梯),住家用,1120601,192.15,3,2,2,有,有,33000000,194874.0,坡道平面,32.56,1900000,原買方楊OO於112年01月12日與林OO訂定協議，將本合約所有權利義務全部轉讓予林OO，交易總價不變。預售屋、或土地及建物分件登記案件；,RPXNMLLMIIIGFAA47DA,90.47,7.54,5.89,有,,
文山區,房地(土地+建物)+車位,萬芳路２８號九樓,27.48,住,,,1090906,土地4建物1車位1,九層,十四層,住宅大樓(11層含以上有電梯),住家用,1120601,192.15,3,2,2,有,有,32930000,191929.0,坡道平面,32.56,2300000,預售屋、或土地及建物分件登記案件；,RPOPMLLMIIIGFAA76DA,90.47,7.54,5.89,有,,
士林區,房地(土地+建物),中山北路六段２９０巷７弄３５號三樓之１,13.74,住,,,1090922,土地1建物1車位0,三層,七層,華廈(10層含以下有電梯),住家用,1120628,68.21000000000001,2,2,1,有,有,16930000,248204.0,,0.0,0,預售屋、或土地及建物分件登記案件；,RPWOMLLJQHIGFEA28DA,40.64,0.0,2.71,有,,
士林區,房地(土地+建物),中山北路六段２９０巷７弄３５號五樓,18.56,住,,,1090906,土地1建物1車位0,五層,七層,華廈(10層含以下有電梯),住家用,1120628,92.14,2,2,2,有,有,23000000,249620.0,,0.0,0,預售屋、或土地及建物分件登記案件；,RPWNMLLMIIIGFEA77DA,50.98,0.0,7.57,有,,
文山區,房地(土地+建物)+車位,木柵路三段８５巷８弄３號八樓之１,15.31,住,,,1090911,土地1建物1車位1,八層,十二層,住宅大樓(11層含以上有電梯),住家用,1120829,99.03,2,2,1,有,有,18750000,198831.0,其他,11.77,1400000,預售屋、或土地及建物分件登記案件；,RPQOMLMLJIIGFAA96DA,52.49,0.0,4.97,有,,
大同區,房地(土地+建物)+車位,興城街７０號五樓之５,18.56,住,,,1090831,土地1建物1車位1,五層,十五層,住宅大樓(11層含以上有電梯),住家用,1120119,162.97,3,2,2,有,有,30350000,211586.0,坡道平面,30.4,2300000,預售屋、或土地及建物分件登記案件；,RPSNMLSLRHIGFBA48DA,79.95,3.51,8.9,有,,
士林區,房地(土地+建物),中山北路六段２９０巷７弄３５號二樓,18.56,住,,,1090830,土地1建物1車位0,二層,七層,華廈(10層含以下有電梯),住家用,1120628,92.14,2,2,2,有,有,22880000,248318.0,,0.0,0,預售屋、或土地及建物分件登記案件；,RPVNMLLJQHIGFEA08DA,50.98,0.0,7.57,有,,
士林區,房地(土地+建物),中山北路六段２９０巷７弄３５號四樓之１,13.74,住,,,1090830,土地1建物1車位0,四層,七層,華廈(10層含以下有電梯),住家用,1120628,68.21000000000001,2,2,1,有,有,17500000,256561.0,,0.0,0,預售屋、或土地及建物分件登記案件；,RPPPMLLJQHIGFEA67DA,40.64,0.0,2.71,有,,
文山區,房地(土地+建物)+車位,萬芳路２８號十四樓之７,27.69,住,,,1090818,土地4建物1車位1,十四層,十四層,住宅大樓(11層含以上有電梯),住家用,1120601,193.5,3,2,2,有,有,33850000,196036.0,坡道平面,32.56,2300000,原買方蔡OO於111年11月29日與王OO訂定協議，將本合約所有權利義務全部轉讓予王OO，交易總價不變。預售屋、或土地及建物分件登記案件；,RPORMLOJIIIGFAA96DA,91.25,7.9,5.62,有,,
文山區,房地(土地+建物)+車位,萬芳路２８號十三樓之２,21.7,住,,,1090810,土地4建物1車位1,十三層,十四層,住宅大樓(11層含以上有電梯),住家用,1120601,159.76999999999998,3,2,2,有,有,25650000,185127.0,坡道平面,32.56,2100000,預售屋、或土地及建物分件登記案件；,RPQRMLOJIIIGFAA17DA,71.33,7.82,4.13,有,,
文山區,房地(土地+建物)+車位,萬芳路２８號九樓之２,21.7,住,,,1090816,土地4建物1車位1,九層,十四層,住宅大樓(11層含以上有電梯),住家用,1120601,159.76999999999998,3,2,2,有,有,25100000,180803.0,坡道平面,32.56,2100000,預售屋、或土地及建物分件登記案件；,RPTNMLOJIIIGFAA07DA,71.33,7.82,4.13,有,,
文山區,房地(土地+建物)+車位,萬芳路２８之３號,16.46,住,,,1090816,土地4建物1車位2,一層,十四層,住宅大樓(11層含以上有電梯),住家用,1120601,158.51,2,2,1,有,有,23910000,211050.0,坡道平面,65.12,4200000,預售屋、或土地及建物分件登記案件；,RPUOMLOJIIIGFAA27DA,53.59,0.0,7.07,有,,
文山區,房地(土地+建物),萬芳路２８號八樓之３,15.77,住,,,1090821,土地4建物1車位0,八層,十四層,住宅大樓(11層含以上有電梯),住家用,1120601,93.13,2,2,1,有,有,17390000,186728.0,,0.0,0,預售屋、或土地及建物分件登記案件；,RPPQMLOJIIIGFAA96DA,52.35,5.19,3.35,有,,
士林區,房地(土地+建物)+車位,中山北路六段２９０巷７弄３５號六樓之１,13.74,住,,,1090830,土地1建物1車位1,六層,七層,華廈(10層含以下有電梯),住家用,1120628,94.71,2,2,1,有,有,20000000,260959.0,升降機械,26.5,2200000,本案含有約定專用之露台，面積約1.58坪。預售屋、或土地及建物分件登記案件；,RPVPMLLJQHIGFEA28DA,40.64,0.0,2.71,有,,
士林區,房地(土地+建物)+車位,德行東路２００號五樓,31.22,住,,,1090817,土地1建物1車位1,五層,十四層,住宅大樓(11層含以上有電梯),住家用,1120512,210.95,3,2,2,有,有,58800000,326636.0,坡道平面,40.73,3200000,1.總價含工程加減帳及面積找補款24826元。加減後總價為58824826元。2.讓與日期：112年08月14日，買方提供資訊；總價款不變未提供買賣契約書。預售屋、或土地及建物分件登記案件；,RPROMLQJRHIGFEA38DA,102.29,0.0,8.24,有,,
文山區,房地(土地+建物)+車位,木柵路三段８５巷８弄３號八樓,19.0,住,,,1090829,土地1建物1車位1,八層,十二層,住宅大樓(11層含以上有電梯),住家用,1120829,120.4,3,2,2,有,有,22700000,194237.0,其他,11.77,1600000,預售屋、或土地及建物分件登記案件；,RPVNMLMLJIIGFAA37DA,66.4,0.0,5.09,有,,
文山區,房地(土地+建物)+車位,木柵路三段８５巷８弄３號十一樓之２,14.96,住,,,1090818,土地1建物2車位1,十一層,十二層,住宅大樓(11層含以上有電梯),住家用,1120829,103.25,2,2,1,有,有,19510000,198924.0,一樓平面,17.74,2500000,預售屋、或土地及建物分件登記案件；,RPTOMLMLJIIGFAA27DA,48.01,0.0,8.25,有,,
大同區,房地(土地+建物)+車位,興城街７０號十四樓之６,19.64,住,,,1090703,土地1建物1車位1,十四層,十五層,住宅大樓(11層含以上有電梯),住家用,1120119,167.37,3,2,2,有,有,34550000,228439.0,坡道平面,27.07,2500000,預售屋、或土地及建物分件登記案件；,RPSNMLNKRHIGFBA87DA,83.58,4.6,9.62,有,,
士林區,房地(土地+建物)+車位,德行東路２００號三樓之２,26.32,住,,,1090719,土地1建物1車位1,三層,十四層,住宅大樓(11層含以上有電梯),住家用,1120512,182.56,2,2,2,有,有,48300000,317634.0,坡道平面,40.73,3250000,1.總價含工程加減帳及面積找補款303993元。加減後總價為48603993元。預售屋、或土地及建物分件登記案件；,RPSNMLQKQHIGFEA38DA,86.25,0.0,5.26,有,,
中山區,房地(土地+建物)+車位,民生東路三段６５巷２之３號二樓,21.7,住,,,1090722,土地1建物1車位1,二層,九層,華廈(10層含以下有電梯),住家用,1120614,147.60000000000002,2,2,1,有,無,34200000,290414.0,坡道平面,38.79,2600000,預售屋、或土地及建物分件登記案件；,RPPQMLMLQHIGFCA87DA,63.39,0.0,7.48,有,,
文山區,房地(土地+建物)+車位,萬芳路２８號十二樓之２,21.7,住,,,1090731,土地4建物1車位1,十二層,十四層,住宅大樓(11層含以上有電梯),住家用,1120601,160.29,3,2,2,有,有,25870000,184530.0,坡道平面,32.56,2300000,預售屋、或土地及建物分件登記案件；,RPVQMLOJIIIGFAA57DA,71.33,8.34,4.13,有,,
文山區,房地(土地+建物)+車位,萬芳路２８號七樓之２,21.7,住,,,1090719,土地4建物1車位1,七層,十四層,住宅大樓(11層含以上有電梯),住家用,1120601,160.29,3,2,2,有,有,25400000,180850.0,坡道平面,32.56,2300000,預售屋、或土地及建物分件登記案件；,RPWQMLOJIIIGFAA67DA,71.33,8.34,4.13,有,,
文山區,房地(土地+建物)+車位,萬芳路２８號十樓之３,15.99,住,,,1090715,土地4建物1車位1,十層,十四層,住宅大樓(11層含以上有電梯),住家用,1120601,125.54,2,2,1,有,有,19550000,185524.0,坡道平面,32.56,2300000,原買方郭OO、郭OO分別持有，雙方於112年06月06日訂定協議，郭OO將本合約1/2權利義務全部轉讓予郭OO單獨持有，交易總價不變。預售屋、或土地及建物分件登記案件；,RPSRMLOJIIIGFAA37DA,52.35,5.04,3.35,有,,
文山區,房地(土地+建物)+車位,萬芳路２８號十樓之７,27.69,住,,,1090718,土地4建物1車位1,十層,十四層,住宅大樓(11層含以上有電梯),住家用,1120601,193.5,3,2,2,有,有,32720000,190257.0,坡道平面,32.56,2100000,預售屋、或土地及建物分件登記案件；,RPPSMLOJIIIGFAA17DA,91.25,7.9,5.62,有,,
文山區,房地(土地+建物)+車位,萬芳路２８號十樓之８,16.62,住,,,1090719,土地4建物1車位1,十層,十四層,住宅大樓(11層含以上有電梯),住家用,1120601,129.95,2,2,1,有,有,20880000,192833.0,坡道平面,32.56,2100000,預售屋、或土地及建物分件登記案件；,RPSSMLOJIIIGFAA47DA,54.46,6.05,3.35,有,,
文山區,房地(土地+建物)+車位,萬芳路２８號十二樓,27.48,住,,,1090717,土地4建物1車位1,十二層,十四層,住宅大樓(11層含以上有電梯),住家用,1120601,192.75,3,2,2,有,有,32980000,191523.0,坡道平面,32.56,2300000,預售屋、或土地及建物分件登記案件；,RPXSMLOJIIIGFAA97DA,90.47,8.14,5.89,有,,
士林區,房地(土地+建物),德行東路２００號十三樓之１,41.27,住,,,1090701,土地1建物1車位0,十三層,十四層,住宅大樓(11層含以上有電梯),住家用,1120512,228.1,3,2,2,有,有,79950000,350504.0,,0.0,0,1.總價含工程加減帳及面積找補款-369736元。加減後總價為79580264元。預售屋、或土地及建物分件登記案件；,RPUNMLQLRHIGFEA78DA,135.27,0.0,13.88,有,,
士林區,房地(土地+建物)+車位,德行東路２００號十三樓之２,26.35,住,,,1090701,土地1建物1車位3,十三層,十四層,住宅大樓(11層含以上有電梯),住家用,1120512,264.02,2,2,2,有,有,60170000,351618.0,坡道平面,122.19,10300000,1.總價含工程加減帳及面積找補款23437元。加減後總價為60193437元。預售屋、或土地及建物分件登記案件；,RPVNMLQLRHIGFEA88DA,86.25,0.0,5.26,有,,
文山區,房地(土地+建物)+車位,萬芳路２８之１號,17.28,住,,,1090725,土地4建物1車位2,一層,十四層,住宅大樓(11層含以上有電梯),住家用,1120601,159.36,2,2,1,有,有,23500000,206919.0,坡道平面,65.12,4000000,買方於109年09月26日加購車位B4-14號。預售屋、或土地及建物分件登記案件；,RPPNMLOJIIIGFAA66DA,56.32,0.0,3.51,有,,
文山區,房地(土地+建物)+車位,萬芳路２８之２號,23.21,住,,,1090725,土地4建物1車位2,一層,十四層,住宅大樓(11層含以上有電梯),住家用,1120601,191.71,3,2,2,有,有,30950000,212102.0,坡道平面,65.12,4100000,買方於109年12月19日加購車位B3-53號。預售屋、或土地及建物分件登記案件；,RPRQMLOJIIIGFAA17DA,75.97,0.0,4.13,有,,
士林區,房地(土地+建物)+車位,德行東路２００號十一樓之１,41.29,住,,,1090714,土地1建物1車位1,十一層,十四層,住宅大樓(11層含以上有電梯),住家用,1120512,268.82,4,2,3,有,有,82800000,347670.0,坡道平面,40.73,3500000,1.總價含工程加減帳及面積找補款120848元。加減後總價為82920848元。預售屋、或土地及建物分件登記案件；,RPUNMLOKRHIGFEA48DA,135.27,0.0,13.88,有,,
文山區,房地(土地+建物)+車位,萬芳路２８號六樓之３,15.99,住,,,1090726,土地4建物1車位1,六層,十四層,住宅大樓(11層含以上有電梯),住家用,1120601,125.54,2,2,1,有,有,18990000,185954.0,坡道平面,32.56,1700000,預售屋、或土地及建物分件登記案件；,RPOOMLLMIIIGFAA66DA,52.35,5.04,3.35,有,,
文山區,房地(土地+建物)+車位,萬芳路２８號,16.31,住,,,1090715,土地4建物1車位1,一層,十四層,住宅大樓(11層含以上有電梯),住家用,1120601,126.47,2,2,1,有,有,20600000,199127.0,坡道平面,32.56,1900000,預售屋、或土地及建物分件登記案件；,RPROMLLMIIIGFAA96DA,53.82,0.0,7.21,有,,
文山區,房地(土地+建物)+車位,萬芳路２８號七樓之３,15.99,住,,,1090726,土地4建物1車位1,七層,十四層,住宅大樓(11層含以上有電梯),住家用,1120601,125.69,2,2,1,有,有,19460000,186406.0,坡道平面,32.56,2100000,預售屋、或土地及建物分件登記案件；,RPPPMLLMIIIGFAA86DA,52.35,5.19,3.35,有,,
文山區,房地(土地+建物)+車位,萬芳路２８號十一樓,27.48,住,,,1090720,土地4建物1車位1,十一層,十四層,住宅大樓(11層含以上有電梯),住家用,1120601,192.75,3,2,2,有,有,34050000,198202.0,坡道平面,32.56,2300000,預售屋、或土地及建物分件登記案件；,RPQPMLLMIIIGFAA96DA,90.47,8.14,5.89,有,,
文山區,房地(土地+建物),木柵路三段８５巷８弄３號五樓之２,15.25,住,,,1090731,土地1建物1車位0,五層,十二層,住宅大樓(11層含以上有電梯),住家用,1120829,87.27,2,2,1,有,有,16580000,189985.0,,0.0,0,預售屋、或土地及建物分件登記案件；,RPPOMLMLJIIGFAA86DA,52.49,0.0,4.97,有,,
文山區,房地(土地+建物),木柵路三段８５巷８弄３號十樓之２,14.91,住,,,1090707,土地1建物1車位0,十層,十二層,住宅大樓(11層含以上有電梯),住家用,1120829,85.50999999999999,2,2,1,有,有,17050000,199392.0,,0.0,0,預售屋、或土地及建物分件登記案件；,RPSOMLMLJIIGFAA17DA,48.01,0.0,8.25,有,,
士林區,房地(土地+建物)+車位,德行東路２００號十樓之１,41.3,住,,,1090622,土地1建物1車位2,十層,十四層,住宅大樓(11層含以上有電梯),住家用,1120512,309.55,3,2,3,有,有,84970000,344908.0,坡道平面,81.46,6300000,1.總價含工程加減帳及面積找補款-6402元。加減後總價為84963598元。預售屋、或土地及建物分件登記案件；,RPVNMLTJQHIGFEA88DA,135.27,0.0,13.88,有,,
大安區,房地(土地+建物)+車位,臥龍街２８９號三樓,18.36,住,,,1090609,土地1建物1車位1,三層,十四層,住宅大樓(11層含以上有電梯),住家用,1120503,157.04,3,2,2,有,有,30370000,217602.0,坡道平面,31.26,3000000,預售屋、或土地及建物分件登記案件；,RPSQMLNKRHIGFFA58DA,67.91,8.25,6.58,有,,
士林區,房地(土地+建物)+車位,德行東路２００號十一樓之２,26.32,住,,,1090625,土地1建物1車位1,十一層,十四層,住宅大樓(11層含以上有電梯),住家用,1120512,182.56,2,2,2,有,有,52250000,346894.0,坡道平面,40.73,3050000,1.總價含工程加減帳及面積找補款108140元。加減後總價為52358140元。2.讓與日期：110年10月20日，買方提供資訊；總價款不變未提供買賣契約書。預售屋、或土地及建物分件登記案件；,RPOOMLLLRHIGFEA77DA,86.25,0.0,5.26,有,,
文山區,房地(土地+建物)+車位,木柵路三段８５巷８弄３號三樓,15.7,住,,,1090612,土地1建物1車位1,三層,十二層,住宅大樓(11層含以上有電梯),住家用,1120829,101.94,2,2,1,有,有,18580000,188204.0,升降機械,12.25,1700000,預售屋、或土地及建物分件登記案件；,RPUNMLMLJIIGFAA27DA,54.06,0.0,4.93,有,,
文山區,房地(土地+建物)+車位,木柵路三段８５巷８弄３號十二樓之２,14.79,住,,,1090624,土地1建物1車位1,十二層,十二層,住宅大樓(11層含以上有電梯),住家用,1120829,96.77,2,2,1,有,有,18300000,194037.0,升降機械,12.25,1900000,預售屋、或土地及建物分件登記案件；,RPUOMLMLJIIGFAA37DA,48.01,0.0,7.59,有,,
文山區,房地(土地+建物)+車位,木柵路三段８５巷８弄３號四樓之２,15.31,住,,,1090618,土地1建物1車位1,四層,十二層,住宅大樓(11層含以上有電梯),住家用,1120829,99.03,2,2,1,有,有,17780000,186569.0,其他,11.77,1500000,預售屋、或土地及建物分件登記案件；,RPQOMLOLJIIGFAA17DA,52.49,0.0,4.97,有,,
文山區,房地(土地+建物)+車位,木柵路三段８５巷８弄３號九樓之２,14.96,住,,,1090623,土地1建物1車位1,九層,十二層,住宅大樓(11層含以上有電梯),住家用,1120829,97.76,2,2,1,有,有,18580000,197404.0,升降機械,12.25,1700000,預售屋、或土地及建物分件登記案件；,RPWOMLOLJIIGFAA77DA,48.01,0.0,8.25,有,,
中山區,房地(土地+建物)+車位,民生東路三段６５巷２之１號三樓,22.18,住,,,1090512,土地1建物1車位1,三層,九層,華廈(10層含以下有電梯),住家用,1120614,153.0,2,2,1,有,無,34750000,283698.0,坡道平面,41.79,3200000,預售屋、或土地及建物分件登記案件；,RPTNMLMLQHIGFCA97DA,65.41,0.0,7.03,有,,
中山區,房地(土地+建物)+車位,民生東路三段６５巷２之１號二樓,22.18,住,,,1090508,土地1建物1車位1,二層,九層,華廈(10層含以下有電梯),住家用,1120614,153.0,2,2,1,有,無,32890000,266972.0,坡道平面,41.79,3200000,預售屋、或土地及建物分件登記案件；,RPQNMLMLQHIGFCA67DA,65.41,0.0,7.03,有,,
中山區,房地(土地+建物)+車位,民生東路三段６５巷２之１號五樓,22.18,住,,,1090514,土地1建物1車位1,五層,九層,華廈(10層含以下有電梯),住家用,1120614,153.0,2,2,1,有,無,35000000,287744.0,坡道平面,41.79,3000000,預售屋、或土地及建物分件登記案件；,RPUNMLMLQHIGFCA08DA,65.41,0.0,7.03,有,,
中山區,房地(土地+建物)+車位,民生東路三段６５巷２之２號二樓,35.64,住,,,1090522,土地1建物1車位2,二層,九層,華廈(10層含以下有電梯),住家用,1120614,259.28999999999996,3,2,2,有,無,56350000,280622.0,坡道平面,80.58,6200000,預售屋、或土地及建物分件登記案件；,RPSOMLMLQHIGFCA97DA,103.15,0.0,13.26,有,,
文山區,房地(土地+建物),木柵路三段８５巷８弄３號四樓之３,14.91,住,,,1090516,土地1建物1車位0,四層,十二層,住宅大樓(11層含以上有電梯),住家用,1120829,85.49000000000001,2,2,1,有,有,15950000,186572.0,,0.0,0,預售屋、或土地及建物分件登記案件；,RPROMLMLJIIGFAA07DA,47.99,0.0,8.25,有,,
文山區,房地(土地+建物),木柵路三段８５巷８弄３號五樓,15.65,住,,,1090513,土地1建物1車位0,五層,十二層,住宅大樓(11層含以上有電梯),住家用,1120829,89.69,2,2,1,有,有,16950000,188984.0,,0.0,0,預售屋、或土地及建物分件登記案件；,RPWNMLNLJIIGFAA57DA,54.06,0.0,4.93,有,,
文山區,房地(土地+建物)+車位,木柵路三段８５巷８弄３號十二樓,16.96,住,,,1090526,土地1建物1車位1,十二層,十二層,住宅大樓(11層含以上有電梯),住家用,1120829,109.3,3,2,2,有,有,20730000,194024.0,升降機械,12.25,1900000,預售屋、或土地及建物分件登記案件；,RPWNMLOLJIIGFAA67DA,59.45,0.0,4.34,有,,
文山區,房地(土地+建物),木柵路三段８５巷８弄３號四樓之１,10.19,住,,,1090510,土地1建物1車位0,四層,十二層,住宅大樓(11層含以上有電梯),住家用,1120829,58.239999999999995,1,2,1,有,有,11260000,193338.0,,0.0,0,預售屋、或土地及建物分件登記案件；,RPXNMLOLJIIGFAA77DA,34.54,0.0,3.79,有,,
文山區,房地(土地+建物),木柵路三段８５巷８弄３號十二樓之１,14.45,住,,,1090526,土地1建物1車位0,十二層,十二層,住宅大樓(11層含以上有電梯),住家用,1120829,82.56,2,2,1,有,有,16100000,195010.0,,0.0,0,預售屋、或土地及建物分件登記案件；,RPUOMLOLJIIGFAA57DA,49.34,0.0,4.97,有,,
萬華區,房地(土地+建物),德昌街１９９號二樓,12.35,住,,,1090425,土地1建物1車位0,二層,十三層,住宅大樓(11層含以上有電梯),住家用,1120407,77.52,2,2,2,有,無,11500000,148349.0,,0.0,0,預售屋、或土地及建物分件登記案件；,RPVOMLNKRHIGFBA28DA,39.32,5.72,4.86,有,,
中山區,房地(土地+建物)+車位,民權東路二段７１巷８號七樓之７,11.97,,,,1090410,土地1建物1車位1,七層,十五層,住宅大樓(11層含以上有電梯),住家用,1120203,98.56,3,1,1,有,有,26000000,251664.0,塔式車位,2.4,1800000,預售屋、或土地及建物分件登記案件；,RPWOMLLKRHIGFCA28DA,56.4,0.0,4.6,有,,
文山區,房地(土地+建物),木柵路三段８５巷８弄３號三樓之１,10.19,住,,,1090424,土地1建物1車位0,三層,十二層,住宅大樓(11層含以上有電梯),住家用,1120829,58.239999999999995,1,2,1,有,有,11270000,193510.0,,0.0,0,預售屋、或土地及建物分件登記案件；,RPOOMLMLJIIGFAA76DA,34.54,0.0,3.79,有,,
文山區,房地(土地+建物),木柵路三段８５巷８弄３號五樓之１,10.19,住,,,1090425,土地1建物1車位0,五層,十二層,住宅大樓(11層含以上有電梯),住家用,1120829,58.239999999999995,1,2,1,有,有,11300000,194025.0,,0.0,0,預售屋、或土地及建物分件登記案件；,RPOOMLOLJIIGFAA96DA,34.54,0.0,3.79,有,,
文山區,房地(土地+建物)+車位,木柵路三段８５巷８弄３號八樓之２,14.96,住,,,1090425,土地1建物1車位1,八層,十二層,住宅大樓(11層含以上有電梯),住家用,1120829,97.28,2,2,1,有,有,18300000,195299.0,其他,11.77,1600000,預售屋、或土地及建物分件登記案件；,RPVOMLOLJIIGFAA67DA,48.01,0.0,8.25,有,,
中山區,房地(土地+建物)+車位,民權東路二段７１巷８號三樓之３,11.97,,,,1090329,土地1建物1車位1,三層,十五層,住宅大樓(11層含以上有電梯),住家用,1120203,98.56,1,1,2,有,有,25000000,239185.0,塔式車位,2.4,2000000,110年4月14日更名，112年8月21日再次更名，成交價2500萬元。預售屋、或土地及建物分件登記案件；,RPPPMLSKRHIGFCA38DA,56.4,0.0,4.6,有,,
中山區,房地(土地+建物)+車位,民生東路三段６５巷２之２號八樓,35.64,住,,,1090312,土地1建物1車位1,八層,九層,華廈(10層含以下有電梯),住家用,1120614,220.5,3,2,2,有,無,57850000,306922.0,坡道平面,41.79,3000000,預售屋、或土地及建物分件登記案件；,RPVPMLMLQHIGFCA38DA,103.15,0.0,13.26,有,,
中山區,房地(土地+建物)+車位,民生東路三段６５巷２之３號四樓,21.7,住,,,1090305,土地1建物1車位1,四層,九層,華廈(10層含以下有電梯),住家用,1120614,150.60000000000002,2,2,1,有,無,34700000,294091.0,坡道平面,41.79,2700000,民國111年4月29日讓渡轉讓金額新台幣3680萬元整民國112年6月1日配偶讓渡預售屋、或土地及建物分件登記案件；,RPSQMLMLQHIGFCA18DA,63.39,0.0,7.48,有,,
中山區,房地(土地+建物)+車位,民生東路三段６５巷２之３號六樓,21.7,住,,,1090321,土地1建物1車位1,六層,九層,華廈(10層含以下有電梯),住家用,1120614,150.60000000000002,2,2,1,有,無,36880000,313207.0,坡道平面,41.79,2800000,預售屋、或土地及建物分件登記案件；,RPVQMLMLQHIGFCA48DA,63.39,0.0,7.48,有,,
中山區,房地(土地+建物)+車位,民生東路三段６５巷２之２號五樓,35.64,住,,,1090311,土地1建物1車位1,五層,九層,華廈(10層含以下有電梯),住家用,1120614,220.5,3,2,2,有,無,54360000,288512.0,坡道平面,41.79,2800000,預售屋、或土地及建物分件登記案件；,RPXOMLMLQHIGFCA48DA,103.15,0.0,13.26,有,,
中山區,房地(土地+建物)+車位,民生東路三段６５巷２之２號九樓,35.64,住,,,1090327,土地1建物1車位2,九層,九層,華廈(10層含以下有電梯),住家用,1120614,262.28999999999996,3,2,2,有,無,61380000,308768.0,坡道平面,83.58,6200000,民國111年7月29日讓渡預售屋、或土地及建物分件登記案件；,RPOQMLMLQHIGFCA77DA,103.15,0.0,13.26,有,,
中山區,房地(土地+建物)+車位,八德路二段１４６巷１弄６號十二樓,46.65,住,,,1090301,土地2建物1車位3,十二層,二十層,住宅大樓(11層含以上有電梯),住家用,1120531,419.87,2,2,3,有,無,98000000,295326.0,坡道平面,120.54,9600000,預售屋、或土地及建物分件登記案件；,RPWOMLMKIIIGFCA57DA,172.11,9.97,15.98,有,,
中山區,房地(土地+建物)+車位,八德路二段１４６巷１弄６號十六樓,46.65,住,,,1090305,土地2建物1車位3,十六層,二十層,住宅大樓(11層含以上有電梯),住家用,1120531,417.57,3,2,2,有,無,104300000,309347.0,坡道平面,118.23,11700000,預售屋、或土地及建物分件登記案件；,RPXOMLMKIIIGFCA67DA,172.11,9.97,15.98,有,,
中山區,房地(土地+建物)+車位,八德路二段１４６巷１弄８號十二樓,46.65,住,,,1090301,土地2建物1車位3,十二層,二十層,住宅大樓(11層含以上有電梯),住家用,1120531,419.87,2,2,2,有,無,98000000,295326.0,坡道平面,120.54,9600000,預售屋、或土地及建物分件登記案件；,RPRPMLMKIIIGFCA17DA,172.11,9.97,15.98,有,,
文山區,房地(土地+建物)+車位,新光路一段３２巷２３號二樓,25.5,住,,,1090301,土地1建物1車位2,二層,十二層,住宅大樓(11層含以上有電梯),住家用,1120602,166.12,2,2,1,有,有,19750000,187633.0,坡道平面,76.85,3000000,預售屋權利受讓，讓渡日期112年1月9日，成交價格同。預售屋、或土地及建物分件登記案件；,RPVOMLRJJIIGFAA77DA,52.95,0.0,4.5,有,,
中山區,房地(土地+建物)+車位,民生東路三段６５巷２之１號七樓,22.18,住,,,1090212,土地1建物1車位1,七層,九層,華廈(10層含以下有電梯),住家用,1120614,153.0,2,2,1,有,無,36750000,303930.0,坡道平面,41.79,2950000,民國111年4月8日讓渡轉讓金額新台幣3695萬元整預售屋、或土地及建物分件登記案件；,RPOOMLMLQHIGFCA57DA,65.41,0.0,7.03,有,,
中山區,房地(土地+建物)+車位,民生東路三段６５巷２之３號五樓,21.7,住,,,1090213,土地1建物1車位1,五層,九層,華廈(10層含以下有電梯),住家用,1120614,150.60000000000002,2,2,1,有,無,35800000,301443.0,坡道平面,41.79,3000000,預售屋、或土地及建物分件登記案件；,RPTQMLMLQHIGFCA28DA,63.39,0.0,7.48,有,,
萬華區,房地(土地+建物),德昌街１９９號六樓,12.35,住,,,1090225,土地1建物1車位0,六層,十三層,住宅大樓(11層含以上有電梯),住家用,1120407,77.52,2,2,1,有,無,12330000,159056.0,,0.0,0,預售屋、或土地及建物分件登記案件；,RPTNMLSKRHIGFBA58EA,39.32,5.72,4.86,有,,
文山區,房地(土地+建物)+車位,新光路一段３２巷２９號十二樓,35.28,住,,,1090224,土地1建物1車位3,十二層,十二層,住宅大樓(11層含以上有電梯),住家用,1120602,234.42,3,2,2,有,有,27400000,190618.0,坡道平面,113.76,4400000,預售屋、或土地及建物分件登記案件；,RPPNMLTKIIIGFAA27DA,72.15,0.0,6.74,有,,
大同區,房地(土地+建物)+車位,興城街７０號十三樓之６,19.37,住,,,1090229,土地1建物1車位1,十三層,十五層,住宅大樓(11層含以上有電梯),住家用,1120119,168.76999999999998,3,2,2,有,有,31700000,211751.0,坡道平面,30.4,2400000,預售屋、或土地及建物分件登記案件；,RPQNMLQKJIIGFBA27DA,83.47,3.04,9.91,有,,
中山區,房地(土地+建物),民權東路二段７１巷８號十五樓之１,7.06,,,,1090121,土地1建物1車位0,十五層,十五層,住宅大樓(11層含以上有電梯),住家用,1120203,57.89,1,1,1,有,有,15900000,274659.0,,0.0,0,112年7月31日契約更名，成交價壹仟柒佰萬元預售屋、或土地及建物分件登記案件；,RPSPMLLKRHIGFCA97DA,32.65,0.0,4.04,有,,
文山區,房地(土地+建物)+車位,新光路一段３２巷１９號四樓,31.03,住,,,1090115,土地1建物1車位1,四層,十二層,住宅大樓(11層含以上有電梯),住家用,1120602,158.75,3,2,2,有,有,23950000,181660.0,坡道平面,37.92,2000000,預售屋、或土地及建物分件登記案件；,RPQNMLTKIIIGFAA37DA,72.27,0.0,6.74,有,,
萬華區,房地(土地+建物),莒光路２６８號九樓,16.44,住,,,1090105,土地1建物1車位0,九層,九層,華廈(10層含以下有電梯),住家用,1120720,72.66,2,1,2,有,有,16800000,231214.0,,0.0,0,預售屋、或土地及建物分件登記案件；,RPPOMLMJIIIGFBA66DA,42.62,0.0,4.67,有,,
文山區,房地(土地+建物)+車位,新光路一段３２巷１９號三樓,31.03,住,,,1090107,土地1建物1車位1,三層,十二層,住宅大樓(11層含以上有電梯),住家用,1120602,158.75,3,2,2,有,有,24250000,180005.0,坡道平面,37.92,2500000,預售屋、或土地及建物分件登記案件；,RPUNMLRJJIIGFAA57DA,72.27,0.0,6.74,有,,
文山區,房地(土地+建物)+車位,新光路一段３２巷１９號十一樓,31.03,住,,,1090102,土地1建物1車位1,十一層,十二層,住宅大樓(11層含以上有電梯),住家用,1120602,158.75,3,2,2,有,有,25350000,192419.0,坡道平面,37.92,2100000,預售屋、或土地及建物分件登記案件；,RPUOMLRJJIIGFAA67DA,72.27,0.0,6.74,有,,
文山區,房地(土地+建物)+車位,新光路一段３２巷２９號四樓,31.03,住,,,1090125,土地1建物1車位1,四層,十二層,住宅大樓(11層含以上有電梯),住家用,1120602,158.57999999999998,3,2,2,有,有,23750000,180259.0,坡道平面,37.92,2000000,預售屋權利受讓，讓渡日期112年4月19日母親讓與預售屋、或土地及建物分件登記案件；,RPVNMLSJJIIGFAA77DA,72.15,0.0,6.74,有,,
中山區,房地(土地+建物)+車位,八德路二段１４６巷１弄８號四樓,45.3,住,,,1090118,土地2建物1車位3,四層,二十層,住宅大樓(11層含以上有電梯),住家用,1120531,413.19,3,2,3,有,無,93000000,283957.0,坡道平面,120.54,9900000,預售屋、或土地及建物分件登記案件；,RPOPMLRKJIIGFCA47DA,172.11,5.13,15.98,有,,
大同區,房地(土地+建物)+車位,興城街７０號十一樓之３,18.56,住,,,1081216,土地1建物1車位1,十一層,十五層,住宅大樓(11層含以上有電梯),住家用,1120119,162.97,3,2,2,有,有,30230000,210681.0,坡道平面,30.4,2300000,預售屋、或土地及建物分件登記案件；,RPPOMLNKRHIGFBA67DA,79.95,3.51,8.9,有,,
萬華區,房地(土地+建物)+車位,德昌街１９７號七樓,14.14,住,,,1081206,土地1建物1車位1,七層,十三層,住宅大樓(11層含以上有電梯),住家用,1120407,103.64,3,2,2,有,無,16200000,163288.0,其他,14.84,1700000,預售屋、或土地及建物分件登記案件；,RPVNMLSKRHIGFBA78EA,47.92,5.24,4.01,有,,
文山區,房地(土地+建物)+車位,新光路一段３２巷１９號十二樓,31.03,住,,,1081219,土地1建物1車位1,十二層,十二層,住宅大樓(11層含以上有電梯),住家用,1120602,158.75,3,2,2,有,有,26000000,193661.0,坡道平面,37.92,2600000,預售屋、或土地及建物分件登記案件；,RPTNMLTKIIIGFAA67DA,72.27,0.0,6.74,有,,
萬華區,房地(土地+建物),莒光路２６８號三樓,15.75,住,,,1081209,土地1建物1車位0,三層,九層,華廈(10層含以下有電梯),住家用,1120720,69.72,2,1,2,有,有,12800000,183592.0,,0.0,0,原買受人徐○○112.8.7轉讓女兒：江○○預售屋、或土地及建物分件登記案件；,RPSNMLMJIIIGFBA86DA,38.63,0.0,3.31,有,,
萬華區,房地(土地+建物),莒光路２７０號三樓,17.8,住,,,1081211,土地1建物1車位0,三層,九層,華廈(10層含以下有電梯),住家用,1120720,78.54,2,1,2,有,有,14850000,189076.0,,0.0,0,預售屋、或土地及建物分件登記案件；,RPQOMLMJIIIGFBA76DA,46.85,0.0,4.1,有,,
萬華區,房地(土地+建物)+車位,莒光路２７０號四樓,20.12,住,,,1081201,土地1建物1車位1,四層,九層,華廈(10層含以下有電梯),住家用,1120720,121.58,2,1,2,有,有,17200000,187778.0,坡道平面,43.03,2450000,預售屋、或土地及建物分件登記案件；,RPROMLMJIIIGFBA86DA,46.85,0.0,4.1,有,,
萬華區,房地(土地+建物)+車位,莒光路２７０號五樓,20.12,住,,,1081202,土地1建物1車位1,五層,九層,華廈(10層含以下有電梯),住家用,1120720,121.58,2,1,2,有,有,17350000,188415.0,坡道平面,43.03,2550000,預售屋、或土地及建物分件登記案件；,RPTOMLMJIIIGFBA07DA,46.85,0.0,4.1,有,,
萬華區,房地(土地+建物)+車位,莒光路２７２號三樓,17.53,住,,,1081204,土地1建物1車位1,三層,九層,華廈(10層含以下有電梯),住家用,1120720,110.42,2,1,2,有,有,14800000,184746.0,坡道平面,43.03,2350000,預售屋、或土地及建物分件登記案件；,RPUOMLMJIIIGFBA17DA,40.1,0.0,3.46,有,,
文山區,房地(土地+建物)+車位,新光路一段３２巷２９號二樓,31.03,住,,,1081225,土地1建物1車位1,二層,十二層,住宅大樓(11層含以上有電梯),住家用,1120602,160.13,3,2,2,有,有,24300000,181655.0,坡道平面,37.92,2100000,預售屋、或土地及建物分件登記案件；,RPQOMLRJJIIGFAA27DA,72.15,0.0,6.74,有,,
中山區,房地(土地+建物)+車位,八德路二段１４６巷１弄６號十五樓,46.31,住,,,1081228,土地2建物1車位2,十五層,二十層,住宅大樓(11層含以上有電梯),住家用,1120531,379.69,0,0,0,無,無,93250000,289480.0,坡道平面,80.36,6600000,原買方於112.6.27讓渡持分1/2予權利人預售屋、或土地及建物分件登記案件；,RPSOMLTJJIIGFCA87DA,172.11,9.97,15.98,有,,
中山區,房地(土地+建物)+車位,八德路二段１４６巷１弄８號十五樓,46.31,住,,,1081228,土地2建物1車位2,十五層,二十層,住宅大樓(11層含以上有電梯),住家用,1120531,379.69,0,0,0,無,無,94050000,289480.0,坡道平面,80.36,7400000,預售屋、或土地及建物分件登記案件；,RPTOMLTJJIIGFCA97DA,172.11,9.97,15.98,有,,
中山區,房地(土地+建物)+車位,八德路二段１４６巷１弄６號十三樓,46.65,住,,,1081206,土地2建物1車位3,十三層,二十層,住宅大樓(11層含以上有電梯),住家用,1120531,419.87,2,2,3,有,無,96740000,287108.0,坡道平面,120.54,10800000,預售屋、或土地及建物分件登記案件；,RPVOMLRKJIIGFCA08DA,172.11,9.97,15.98,有,,
中山區,房地(土地+建物)+車位,八德路二段１４６巷１弄８號十三樓,46.65,住,,,1081206,土地2建物1車位3,十三層,二十層,住宅大樓(11層含以上有電梯),住家用,1120531,419.87,0,0,0,無,無,95540000,287108.0,坡道平面,120.54,9600000,原買方於112.5.5讓渡予權利人，交易總價不變預售屋、或土地及建物分件登記案件；,RPWOMLRKJIIGFCA18DA,172.11,9.97,15.98,有,,
萬華區,房地(土地+建物)+車位,德昌街２０１號十樓,20.84,住,,,1081117,土地1建物1車位1,十層,十三層,住宅大樓(11層含以上有電梯),住家用,1120407,145.68,3,2,2,有,無,22500000,158973.0,其他,14.84,1700000,預售屋、或土地及建物分件登記案件；,RPRRMLRJRHIGFBA48DA,78.36,2.8,3.07,有,,
萬華區,房地(土地+建物),德昌街２０１號九樓,12.82,住,,,1081109,土地1建物1車位0,九層,十三層,住宅大樓(11層含以上有電梯),住家用,1120407,80.50999999999999,2,2,1,有,無,12500000,155260.0,,0.0,0,預售屋、或土地及建物分件登記案件；,RPWOMLNKRHIGFBA38DA,45.96,2.8,3.07,有,,
萬華區,房地(土地+建物),德昌街２０１號七樓,12.83,住,,,1081110,土地1建物1車位0,七層,十三層,住宅大樓(11層含以上有電梯),住家用,1120407,80.50999999999999,2,2,1,有,無,12380000,153770.0,,0.0,0,預售屋、或土地及建物分件登記案件；,RPSNMLSKRHIGFBA48EA,45.96,2.8,3.07,有,,
萬華區,房地(土地+建物)+車位,德昌街１９９號九樓,17.96,住,,,1081125,土地1建物1車位1,九層,十三層,住宅大樓(11層含以上有電梯),住家用,1120407,127.95,2,2,2,有,無,19900000,160905.0,其他,14.84,1700000,預售屋、或土地及建物分件登記案件；,RPPNMLRLRHIGFBA08DA,58.81,9.27,4.86,有,,
萬華區,房地(土地+建物)+車位,德昌街１９５號七樓,14.16,住,,,1081113,土地1建物1車位1,七層,十三層,住宅大樓(11層含以上有電梯),住家用,1120407,103.7,3,2,2,有,無,16000000,160927.0,其他,14.84,1700000,預售屋、或土地及建物分件登記案件；,RPQNMLRLRHIGFBA18DA,48.34,5.74,3.12,有,,
文山區,房地(土地+建物)+車位,新光路一段３２巷２７號二樓,38.68,住,,,1081123,土地1建物1車位2,二層,十二層,住宅大樓(11層含以上有電梯),住家用,1120602,221.75,4,2,2,有,有,31100000,188472.0,坡道平面,75.84,3600000,預售屋、或土地及建物分件登記案件；,RPUNMLTKIIIGFAA77DA,85.51,0.0,9.06,有,,
文山區,房地(土地+建物)+車位,新光路一段３２巷２５號二樓,23.38,住,,,1081123,土地1建物1車位1,二層,十二層,住宅大樓(11層含以上有電梯),住家用,1120602,127.17,2,2,1,有,有,19200000,187675.0,坡道平面,37.92,2450000,預售屋、或土地及建物分件登記案件；,RPVNMLTKIIIGFAA87DA,52.93,0.0,4.51,有,,
萬華區,房地(土地+建物),莒光路２６２號四樓,15.28,住,,,1081130,土地1建物1車位0,四層,九層,華廈(10層含以下有電梯),住家用,1120720,67.39,2,1,2,有,有,12330000,182965.0,,0.0,0,預售屋、或土地及建物分件登記案件；,RPTOMLSLRHIGFBA68DA,40.1,0.0,3.46,有,,
萬華區,房地(土地+建物)+車位,莒光路２６２號八樓,17.53,住,,,1081130,土地1建物1車位1,八層,九層,華廈(10層含以下有電梯),住家用,1120720,110.42,2,1,2,有,有,15100000,188455.0,坡道平面,43.03,2400000,預售屋、或土地及建物分件登記案件；,RPUOMLSLRHIGFBA78DA,40.1,0.0,3.46,有,,
萬華區,房地(土地+建物)+車位,莒光路２６６號三樓,20.32,住,,,1081128,土地1建物1車位1,三層,九層,華廈(10層含以下有電梯),住家用,1120720,122.7,2,1,2,有,有,17320000,184762.0,坡道平面,43.03,2600000,原買受人：李○○111.12.10轉讓二親等親屬預售屋、或土地及建物分件登記案件；,RPWOMLSLRHIGFBA98DA,47.08,0.0,4.23,有,,
萬華區,房地(土地+建物),莒光路２６６號四樓,18.07,住,,,1081128,土地1建物1車位0,四層,九層,華廈(10層含以下有電梯),住家用,1120720,79.67,2,1,2,有,有,14800000,185766.0,,0.0,0,預售屋、或土地及建物分件登記案件；,RPPNMLMJIIIGFBA56DA,47.08,0.0,4.23,有,,
萬華區,房地(土地+建物)+車位,莒光路２６６號七樓,20.32,住,,,1081130,土地1建物1車位1,七層,九層,華廈(10層含以下有電梯),住家用,1120720,122.7,2,1,2,有,有,17670000,191666.0,坡道平面,43.03,2400000,預售屋、或土地及建物分件登記案件；,RPQNMLMJIIIGFBA66DA,47.08,0.0,4.23,有,,
萬華區,房地(土地+建物)+車位,莒光路２６６號九樓,18.62,住,,,1081123,土地1建物1車位1,九層,九層,華廈(10層含以下有電梯),住家用,1120720,115.02,2,1,2,有,有,19200000,231282.0,坡道平面,43.03,2550000,預售屋、或土地及建物分件登記案件；,RPRNMLMJIIIGFBA76DA,42.16,0.0,5.23,有,,
萬華區,房地(土地+建物),莒光路２６８號四樓,15.62,住,,,1081125,土地1建物1車位0,四層,九層,華廈(10層含以下有電梯),住家用,1120720,68.96,2,1,2,有,有,12600000,182715.0,,0.0,0,原申報：郭○○；更正:郭○○林○○預售屋、或土地及建物分件登記案件；,RPTNMLMJIIIGFBA96DA,38.63,0.0,3.31,有,,
萬華區,房地(土地+建物)+車位,莒光路２６８號七樓,35.87,住,,,1081123,土地1建物1車位1,七層,九層,華廈(10層含以下有電梯),住家用,1120720,191.16,4,2,2,有,有,31000000,191723.0,坡道平面,43.03,2600000,預售屋、或土地及建物分件登記案件；,RPVNMLMJIIIGFBA17DA,85.6,0.0,7.29,有,,
萬華區,房地(土地+建物),莒光路２７２號四樓,15.28,住,,,1081123,土地1建物1車位0,四層,九層,華廈(10層含以下有電梯),住家用,1120720,67.39,2,1,2,有,有,12500000,185487.0,,0.0,0,預售屋、或土地及建物分件登記案件；,RPVOMLMJIIIGFBA27DA,40.1,0.0,3.46,有,,
萬華區,房地(土地+建物)+車位,莒光路２７２號七樓,17.53,住,,,1081130,土地1建物1車位1,七層,九層,華廈(10層含以下有電梯),住家用,1120720,110.42,2,1,2,有,有,15500000,189939.0,坡道平面,43.03,2700000,預售屋、或土地及建物分件登記案件；,RPXOMLMJIIIGFBA47DA,40.1,0.0,3.46,有,,
萬華區,房地(土地+建物)+車位,莒光路２７２號八樓,17.53,住,,,1081130,土地1建物1車位1,八層,九層,華廈(10層含以下有電梯),住家用,1120720,110.42,2,1,2,有,有,15250000,189939.0,坡道平面,43.03,2450000,預售屋、或土地及建物分件登記案件；,RPOPMLMJIIIGFBA66DA,40.1,0.0,3.46,有,,
萬華區,房地(土地+建物)+車位,莒光路２７０號六樓,50.6,住,,,1081120,土地1建物2車位1,六層,九層,華廈(10層含以下有電梯),住家用,1120720,256.08,6,3,5,有,有,42680000,188125.0,坡道平面,43.03,2600000,預售屋、或土地及建物分件登記案件；,RPQPMLMJIIIGFBA86DA,127.05,0.0,11.02,有,,
萬華區,房地(土地+建物),莒光路２６２號三樓,15.28,住,,,1081130,土地1建物1車位0,三層,九層,華廈(10層含以下有電梯),住家用,1120720,67.39,2,1,2,有,有,12350000,183262.0,,0.0,0,預售屋、或土地及建物分件登記案件；,RPQNMLQJIIIGFBA07DA,40.1,0.0,3.46,有,,
文山區,房地(土地+建物)+車位,新光路一段３２巷１９號六樓,31.03,住,,,1081110,土地1建物1車位1,六層,十二層,住宅大樓(11層含以上有電梯),住家用,1120602,158.75,3,2,2,有,有,25100000,186212.0,坡道平面,37.92,2600000,預售屋、或土地及建物分件登記案件；,RPVNMLRJJIIGFAA67DA,72.27,0.0,6.74,有,,
文山區,房地(土地+建物)+車位,新光路一段３２巷２１號二樓,44.63,住,,,1081111,土地1建物1車位4,二層,十二層,住宅大樓(11層含以上有電梯),住家用,1120602,300.39,4,2,2,有,有,34530000,187385.0,坡道平面,147.87,5950000,預售屋、或土地及建物分件登記案件；,RPWNMLRJJIIGFAA77DA,89.35,0.0,9.42,有,,
文山區,房地(土地+建物)+車位,新光路一段３２巷２３號三樓,23.38,住,,,1081123,土地1建物1車位1,三層,十二層,住宅大樓(11層含以上有電梯),住家用,1120602,126.02,2,2,1,有,有,18950000,191260.0,坡道平面,37.92,2100000,預售屋、或土地及建物分件登記案件；,RPXNMLRJJIIGFAA87DA,52.95,0.0,4.5,有,,
文山區,房地(土地+建物)+車位,新光路一段３２巷２５號四樓,23.17,住,,,1081129,土地1建物1車位1,四層,十二層,住宅大樓(11層含以上有電梯),住家用,1120602,126.0,2,2,1,有,有,18690000,191757.0,坡道平面,37.92,1800000,預售屋、或土地及建物分件登記案件；,RPOOMLRJJIIGFAA07DA,52.93,0.0,4.51,有,,
文山區,房地(土地+建物)+車位,新光路一段３２巷２９號三樓,31.03,住,,,1081104,土地1建物1車位1,三層,十二層,住宅大樓(11層含以上有電梯),住家用,1120602,158.57999999999998,3,2,2,有,有,23750000,180259.0,坡道平面,37.92,2000000,預售屋、或土地及建物分件登記案件；,RPROMLRJJIIGFAA37DA,72.15,0.0,6.74,有,,
文山區,房地(土地+建物)+車位,新光路一段３２巷２３號四樓,23.38,住,,,1081116,土地1建物1車位1,四層,十二層,住宅大樓(11層含以上有電梯),住家用,1120602,126.02,2,2,1,有,有,18850000,190125.0,坡道平面,37.92,2100000,預售屋、或土地及建物分件登記案件；,RPTOMLRJJIIGFAA57DA,52.95,0.0,4.5,有,,
文山區,房地(土地+建物)+車位,新光路一段３２巷２９號十一樓,31.03,住,,,1081110,土地1建物1車位1,十一層,十二層,住宅大樓(11層含以上有電梯),住家用,1120602,154.76,3,2,2,有,有,25450000,191447.0,坡道平面,34.1,2350000,預售屋、或土地及建物分件登記案件；,RPQNMLSJJIIGFAA27DA,72.15,0.0,6.74,有,,
萬華區,房地(土地+建物)+車位,莒光路２６２號七樓,17.6,住,,,1081130,土地1建物1車位1,七層,九層,華廈(10層含以下有電梯),住家用,1120720,110.42,2,1,2,有,有,15130000,188900.0,坡道平面,43.03,2400000,預售屋、或土地及建物分件登記案件；,RPOOMLKMJIIGFBA76DA,40.1,0.0,3.46,有,,
萬華區,房地(土地+建物)+車位,莒光路２６８號八樓,33.62,住,,,1081122,土地1建物1車位1,八層,九層,華廈(10層含以下有電梯),住家用,1120720,181.3,4,2,2,有,有,29680000,195849.0,坡道平面,43.03,2600000,預售屋、或土地及建物分件登記案件；,RPPOMLKMJIIGFBA86DA,80.1,0.0,6.41,有,,
中山區,房地(土地+建物),民權東路二段７１巷８號十樓之３,7.54,,,,1081021,土地1建物1車位0,十層,十五層,住宅大樓(11層含以上有電梯),住家用,1120203,61.84,1,1,1,有,有,16450000,266009.0,,0.0,0,預售屋、或土地及建物分件登記案件；,RPOPMLLKRHIGFCA57DA,35.36,0.0,3.9,有,,
北投區,房地(土地+建物)+車位,磺港路１０２號十三樓,18.22,住,,,1081024,土地2建物1車位1,十三層,十六層,住宅大樓(11層含以上有電梯),住家用,1120526,158.96,3,2,2,有,有,23708354,179246.0,坡道平面,40.64,2500000,原預售合約金額為2370萬，登記面積誤差找補金額為8354元預售屋、或土地及建物分件登記案件；,RPXPMLKLPHIGFEA48DA,71.1,0.0,7.46,有,,
中山區,房地(土地+建物)+車位,八德路二段１４６巷１弄８號十九樓,62.48,住,,,1081013,土地2建物1車位3,十九層,二十層,住宅大樓(11層含以上有電梯),住家用,1120531,523.99,3,2,3,有,無,141560000,323361.0,坡道平面,120.54,11100000,原買方於112.4.27 讓渡予權利人，交易總價不變預售屋、或土地及建物分件登記案件；,RPVOMLMKIIIGFCA47DA,234.98,14.71,17.13,有,,
中山區,房地(土地+建物)+車位,八德路二段１４６巷１弄８號十樓,46.31,住,,,1081016,土地2建物1車位2,十層,二十層,住宅大樓(11層含以上有電梯),住家用,1120531,379.69,3,2,3,有,無,87120000,269001.0,坡道平面,80.36,6600000,預售屋、或土地及建物分件登記案件；,RPQPMLMKIIIGFCA07DA,172.11,9.97,15.98,有,,
文山區,房地(土地+建物)+車位,新光路一段３２巷２３號十樓,23.38,住,,,1081016,土地1建物1車位1,十層,十二層,住宅大樓(11層含以上有電梯),住家用,1120602,126.02,2,2,1,有,有,19800000,200908.0,坡道平面,37.92,2100000,預售屋、或土地及建物分件登記案件；,RPPPMLSKIIIGFAA37DA,52.95,0.0,4.5,有,,
文山區,房地(土地+建物)+車位,新光路一段３２巷１９號九樓,33.16,住,,,1081006,土地1建物1車位2,九層,十二層,住宅大樓(11層含以上有電梯),住家用,1120602,196.67,3,2,2,有,有,26500000,190350.0,坡道平面,75.84,3500000,預售屋、或土地及建物分件登記案件；,RPSNMLTKIIIGFAA57DA,72.27,0.0,6.74,有,,
中正區,房地(土地+建物)+車位,杭州南路一段７１巷１８號七樓,32.32,住,,,1081027,土地1建物1車位1,七層,二十層,住宅大樓(11層含以上有電梯),住家用,1120328,250.06,3,2,2,有,有,91800000,421385.0,坡道平面,40.75,3600000,預售屋、或土地及建物分件登記案件；,RPPOMLRKQHIGFBA97DA,118.96,8.17,11.39,有,,
中山區,房地(土地+建物)+車位,八德路二段１４６巷１弄６號十七樓,46.31,住,,,1081013,土地2建物1車位2,十七層,二十層,住宅大樓(11層含以上有電梯),住家用,1120531,380.35,2,2,3,有,無,92750000,277787.0,坡道平面,81.02,9600000,預售屋、或土地及建物分件登記案件；,RPUOMLOLIIIGFCA67DA,172.11,9.97,15.98,有,,
中山區,房地(土地+建物)+車位,八德路二段１４６巷１弄８號十七樓,46.31,住,,,1081013,土地2建物1車位2,十七層,二十層,住宅大樓(11層含以上有電梯),住家用,1120531,380.35,2,2,3,有,無,92750000,277787.0,坡道平面,81.02,9600000,預售屋、或土地及建物分件登記案件；,RPVOMLOLIIIGFCA77DA,172.11,9.97,15.98,有,,
文山區,房地(土地+建物)+車位,新光路一段３２巷２１號三樓,36.34,住,,,1081030,土地1建物1車位1,三層,十二層,住宅大樓(11層含以上有電梯),住家用,1120602,181.99,4,2,2,有,有,30000000,192962.0,坡道平面,37.92,2200000,預售屋讓售，讓渡日期111年4月25日，成交金額同。預售屋、或土地及建物分件登記案件；,RPRNMLSJJIIGFAA37DA,85.51,0.0,9.06,有,,
中山區,房地(土地+建物)+車位,八德路二段１４６巷１弄６號二樓,39.41,住,,,1081015,土地2建物1車位2,二層,二十層,住宅大樓(11層含以上有電梯),住家用,1120531,336.21000000000004,2,2,2,有,無,80000000,283760.0,坡道平面,80.36,7400000,預售屋、或土地及建物分件登記案件；,RPTOMLRKJIIGFCA87DA,155.19,0.0,13.75,有,,
中山區,房地(土地+建物),民權東路二段７１巷８號十五樓之６,8.97,,,,1081026,土地1建物1車位0,十五層,十五層,住宅大樓(11層含以上有電梯),住家用,1120203,72.50999999999999,1,1,1,有,有,21150000,291684.0,,0.0,0,預售屋、或土地及建物分件登記案件；,RPSNMLMLJIIGFCA27DA,39.1,0.0,6.98,有,,
中山區,房地(土地+建物)+車位,民權東路二段７１巷８號五樓之２,13.64,,,,1080929,土地1建物1車位1,五層,十五層,住宅大樓(11層含以上有電梯),住家用,1120203,125.91,3,1,1,有,有,27000000,258630.0,升降平面,30.02,2200000,預售屋、或土地及建物分件登記案件；,RPVOMLLKRHIGFCA18DA,56.0,0.0,4.84,有,,
大同區,房地(土地+建物)+車位,興城街７０號十五樓之３,17.96,住,,,1080912,土地1建物1車位1,十五層,十五層,住宅大樓(11層含以上有電梯),住家用,1120119,155.22,3,2,2,有,有,30000000,215373.0,坡道平面,27.07,2400000,預售屋、或土地及建物分件登記案件；,RPTNMLNKRHIGFBA97DA,76.55,3.23,9.55,有,,
大同區,房地(土地+建物)+車位,興城街７０號十五樓之１,19.64,住,,,1080912,土地1建物1車位1,十五層,十五層,住宅大樓(11層含以上有電梯),住家用,1120119,167.37,3,2,2,有,有,32700000,215966.0,坡道平面,27.07,2400000,預售屋、或土地及建物分件登記案件；,RPOOMLNKRHIGFBA57DA,83.58,4.6,9.62,有,,
大同區,房地(土地+建物)+車位,興城街７０號十四樓之２,19.64,住,,,1080921,土地1建物1車位1,十四層,十五層,住宅大樓(11層含以上有電梯),住家用,1120119,171.61,3,2,2,有,有,31800000,209536.0,坡道平面,31.3,2400000,預售屋、或土地及建物分件登記案件；,RPSNMLOKRHIGFBA97DA,83.58,4.6,9.62,有,,
北投區,房地(土地+建物)+車位,磺港路１０６號十一樓,23.99,住,,,1080908,土地2建物1車位2,十一層,十六層,住宅大樓(11層含以上有電梯),住家用,1120526,233.79,3,2,2,有,有,34506378,196233.0,坡道平面,78.33,4000000,原預售合約金額為3450萬，登記面積誤差找補金額為6378元預售屋、或土地及建物分件登記案件；,RPWNMLKLPHIGFEA18DA,93.48,0.0,9.61,有,,
大安區,房地(土地+建物)+車位,臥龍街２９１號五樓之１,18.3,住,,,1080926,土地1建物1車位1,五層,十四層,住宅大樓(11層含以上有電梯),住家用,1120503,150.78,3,2,2,有,有,30300000,230087.0,坡道平面,31.26,2800000,原買方鄭OO與新買方李OO於110.10.6 簽立權利義務移轉證明更名轉讓轉售金額3270萬元預售屋、或土地及建物分件登記案件；,RPUPMLQJIIIGFFA08DA,67.29,7.02,8.16,有,,
北投區,房地(土地+建物)+車位,磺港路１０６號十四樓,23.99,住,,,1080917,土地2建物1車位2,十四層,十六層,住宅大樓(11層含以上有電梯),住家用,1120526,233.68,3,2,2,有,有,34506400,196889.0,坡道平面,78.23,3900000,原預售合約金額為3450萬，登記面積誤差找補金額為6400元預售屋、或土地及建物分件登記案件；,RPXNMLKLPHIGFEA28DA,93.48,0.0,9.61,有,,
中山區,房地(土地+建物)+車位,八德路二段１４６巷１弄８號二樓,39.41,住,,,1080920,土地2建物1車位2,二層,二十層,住宅大樓(11層含以上有電梯),住家用,1120531,336.21000000000004,2,2,3,有,無,79890000,284503.0,坡道平面,80.36,7100000,預售屋、或土地及建物分件登記案件；,RPPPMLMKIIIGFCA96DA,155.19,0.0,13.75,有,,
中山區,房地(土地+建物)+車位,八德路二段１４６巷１弄８號十六樓,46.31,住,,,1080920,土地2建物1車位2,十六層,二十層,住宅大樓(11層含以上有電梯),住家用,1120531,379.69,0,0,0,無,無,89880000,276217.0,坡道平面,80.36,7200000,預售屋、或土地及建物分件登記案件；,RPTPMLMKIIIGFCA37DA,172.11,9.97,15.98,有,,
文山區,房地(土地+建物)+車位,新光路一段３２巷２３號七樓,23.38,住,,,1080912,土地1建物1車位1,七層,十二層,住宅大樓(11層含以上有電梯),住家用,1120602,126.02,2,2,2,有,有,19350000,195800.0,坡道平面,37.92,2100000,預售屋權利轉售，讓渡日期112年3月9日，權利買賣契約成交價格1955萬元正。土地價額1200萬元含車位土地131萬元，建物價額735萬元含車位建物79萬元。預售屋、或土地及建物分件登記案件；,RPUOMLSKIIIGFAA77DA,52.95,0.0,4.5,有,,
文山區,房地(土地+建物)+車位,新光路一段３２巷１９號七樓,31.03,住,,,1080928,土地1建物1車位1,七層,十二層,住宅大樓(11層含以上有電梯),住家用,1120602,158.75,3,2,2,有,有,24300000,186212.0,坡道平面,37.92,1800000,預售屋、或土地及建物分件登記案件；,RPRNMLTKIIIGFAA47DA,72.27,0.0,6.74,有,,
中山區,房地(土地+建物)+車位,八德路二段１４６巷１弄６號三樓,45.47,住,,,1080926,土地2建物1車位2,三層,二十層,住宅大樓(11層含以上有電梯),住家用,1120531,376.44,3,2,3,有,無,83600000,260065.0,坡道平面,80.36,6600000,預售屋、或土地及建物分件登記案件；,RPTOMLOLIIIGFCA57DA,172.11,7.45,15.98,有,,
大安區,房地(土地+建物)+車位,臥龍街２８９號四樓,18.36,住,,,1080918,土地1建物1車位1,四層,十四層,住宅大樓(11層含以上有電梯),住家用,1120503,157.04,3,2,2,有,有,29800000,216251.0,坡道平面,31.26,2600000,預售屋、或土地及建物分件登記案件；,RPRNMLQLIIIGFFA77DA,67.91,8.25,6.58,有,,
文山區,房地(土地+建物)+車位,新光路一段３２巷２９號七樓,31.03,住,,,1080912,土地1建物1車位1,七層,十二層,住宅大樓(11層含以上有電梯),住家用,1120602,158.57999999999998,3,2,2,有,有,24630000,186723.0,坡道平面,37.92,2100000,預售屋、或土地及建物分件登記案件；,RPPNMLSJJIIGFAA17DA,72.15,0.0,6.74,有,,
文山區,房地(土地+建物)+車位,新光路一段３２巷２５號三樓,23.17,住,,,1080912,土地1建物1車位1,三層,十二層,住宅大樓(11層含以上有電梯),住家用,1120602,126.0,2,2,1,有,有,18780000,192779.0,坡道平面,37.92,1800000,預售屋受讓，讓渡日期112年4月15日配偶讓與。預售屋、或土地及建物分件登記案件；,RPSNMLSJJIIGFAA47DA,52.93,0.0,4.51,有,,
中山區,房地(土地+建物)+車位,八德路二段１４６巷１弄８號三樓,45.8,住,,,1080929,土地2建物1車位3,三層,二十層,住宅大樓(11層含以上有電梯),住家用,1120531,416.62,3,2,3,有,無,88000000,259727.0,坡道平面,120.54,11100000,預售屋、或土地及建物分件登記案件；,RPUOMLRKJIIGFCA97DA,172.11,7.45,15.98,有,,
文山區,房地(土地+建物)+車位,新光路一段３２巷２７號三樓,36.34,住,,,1080909,土地1建物1車位1,三層,十二層,住宅大樓(11層含以上有電梯),住家用,1120602,181.99,4,2,2,有,有,30000000,192962.0,坡道平面,37.92,2200000,預售屋、或土地及建物分件登記案件；,RPTNMLSJJIIGFAA57DA,85.51,0.0,9.06,有,,
大同區,房地(土地+建物)+車位,興城街７０號十三樓之２,19.37,住,,,1080820,土地1建物1車位1,十三層,十五層,住宅大樓(11層含以上有電梯),住家用,1120119,168.76999999999998,3,2,2,有,有,30680000,205102.0,坡道平面,30.4,2300000,預售屋、或土地及建物分件登記案件；,RPXNMLNKRHIGFBA38DA,83.47,3.04,9.91,有,,
大安區,房地(土地+建物)+車位,臥龍街２９１號十三樓之２,17.9,住,,,1080809,土地1建物1車位1,十三層,十四層,住宅大樓(11層含以上有電梯),住家用,1120503,148.14,3,2,2,有,有,31290000,243754.0,坡道平面,31.26,2800000,預售屋、或土地及建物分件登記案件；,RPSOMLNKRHIGFFA38DA,65.41,8.12,7.09,有,,
大安區,房地(土地+建物)+車位,臥龍街２９１號六樓之１,18.3,住,,,1080810,土地1建物1車位1,六層,十四層,住宅大樓(11層含以上有電梯),住家用,1120503,150.78,3,2,2,有,有,31180000,235776.0,坡道平面,31.26,3000000,預售屋、或土地及建物分件登記案件；,RPWOMLNKRHIGFFA78DA,67.29,7.02,8.16,有,,
大安區,房地(土地+建物)+車位,臥龍街２９１號二樓之２,17.09,住,,,1080811,土地1建物1車位1,二層,十四層,住宅大樓(11層含以上有電梯),住家用,1120503,142.82999999999998,3,2,2,有,有,26430000,213588.0,坡道平面,31.26,2600000,預售屋、或土地及建物分件登記案件；,RPTPMLNKRHIGFFA58DA,62.06,8.3,6.62,有,,
大安區,房地(土地+建物),臥龍街２８９號四樓之３,12.76,住,,,1080814,土地1建物1車位0,四層,十四層,住宅大樓(11層含以上有電梯),住家用,1120503,88.25,2,2,1,有,有,19880000,225269.0,,0.0,0,原買方高OO與新買方林OO於110.9.16 簽立權利義務移轉證明更名轉讓轉售金額2100萬元預售屋、或土地及建物分件登記案件；,RPWPMLNKRHIGFFA88DA,48.11,5.36,4.58,有,,
大安區,房地(土地+建物),臥龍街２８９號三樓之３,12.76,住,,,1080804,土地1建物1車位0,三層,十四層,住宅大樓(11層含以上有電梯),住家用,1120503,88.25,2,2,1,有,有,20010000,226742.0,,0.0,0,預售屋、或土地及建物分件登記案件；,RPOQMLNKRHIGFFA18DA,48.11,5.36,4.58,有,,
大安區,房地(土地+建物),臥龍街２８９號三樓之２,12.72,住,,,1080804,土地1建物1車位0,三層,十四層,住宅大樓(11層含以上有電梯),住家用,1120503,88.06,2,2,1,有,有,20040000,227572.0,,0.0,0,預售屋、或土地及建物分件登記案件；,RPQQMLNKRHIGFFA38DA,48.31,5.04,4.58,有,,
大安區,房地(土地+建物)+車位,臥龍街２９１號十三樓之３,17.09,住,,,1080809,土地1建物1車位1,十三層,十四層,住宅大樓(11層含以上有電梯),住家用,1120503,142.82999999999998,3,2,2,有,有,29850000,242449.0,坡道平面,31.26,2800000,預售屋、或土地及建物分件登記案件；,RPSNMLQJIIIGFFA67DA,62.06,8.3,6.62,有,,
大安區,房地(土地+建物)+車位,臥龍街２９１號八樓,25.15,住,,,1080807,土地1建物1車位1,八層,十四層,住宅大樓(11層含以上有電梯),住家用,1120503,195.94,3,2,2,有,有,42870000,243320.0,坡道平面,31.26,2800000,預售屋、或土地及建物分件登記案件；,RPWNMLQJIIIGFFA08DA,94.48,8.99,10.19,有,,
大安區,房地(土地+建物)+車位,臥龍街２９１號二樓,17.6,住,,,1080820,土地1建物1車位2,二層,十四層,住宅大樓(11層含以上有電梯),住家用,1120503,176.23000000000002,3,2,2,有,有,35200000,262070.0,坡道平面,62.52,5400000,二個停車位未拆分單價預售屋、或土地及建物分件登記案件；,RPSOMLQJIIIGFFA77DA,64.64,0.0,13.81,有,,
大安區,房地(土地+建物)+車位,臥龍街２９１號十四樓之１,18.59,住,,,1080801,土地1建物1車位1,十四層,十四層,住宅大樓(11層含以上有電梯),住家用,1120503,152.67000000000002,3,2,2,有,有,33980000,253521.0,坡道平面,31.26,3200000,預售屋、或土地及建物分件登記案件；,RPTOMLQJIIIGFFA87DA,69.69,5.91,8.16,有,,
大安區,房地(土地+建物)+車位,臥龍街２８９號十四樓,18.9,住,,,1080814,土地1建物1車位1,十四層,十四層,住宅大樓(11層含以上有電梯),住家用,1120503,159.5,3,2,2,有,有,34390000,249454.0,坡道平面,31.26,2400000,原買方依O有限公司與新買方戴OO於111.4.1 簽立權利義務移轉證明更名轉讓總價款不變預售屋、或土地及建物分件登記案件；,RPPPMLQJIIIGFFA57DA,70.31,6.93,6.76,有,,
文山區,房地(土地+建物)+車位,新光路一段３２巷２３號八樓,23.38,住,,,1080806,土地1建物1車位1,八層,十二層,住宅大樓(11層含以上有電梯),住家用,1120602,126.02,2,2,2,有,有,19660000,197616.0,坡道平面,37.92,2250000,預售屋、或土地及建物分件登記案件；,RPTOMLSKIIIGFAA67DA,52.95,0.0,4.5,有,,
大同區,房地(土地+建物)+車位,興城街７０號十五樓,27.37,住,,,1080802,土地1建物1車位1,十五層,十五層,住宅大樓(11層含以上有電梯),住家用,1120119,226.52999999999997,5,2,2,有,有,43880000,212002.0,坡道平面,30.4,2300000,預售屋、或土地及建物分件登記案件；,RPVNMLQJIIIGFBA57DA,119.87,3.37,13.43,有,,
大安區,房地(土地+建物)+車位,臥龍街２８９號十四樓之１,18.9,住,,,1080803,土地1建物1車位1,十四層,十四層,住宅大樓(11層含以上有電梯),住家用,1120503,159.45999999999998,3,2,2,有,有,35190000,249532.0,坡道平面,31.26,3200000,預售屋、或土地及建物分件登記案件；,RPTNMLQLIIIGFFA97DA,70.31,6.89,6.76,有,,
文山區,房地(土地+建物)+車位,新光路一段３２巷２５號,32.94,住,,,1080813,土地1建物1車位2,一層,十二層,住宅大樓(11層含以上有電梯),住家用,1120602,184.56,3,2,2,有,有,25260000,202907.0,坡道平面,75.84,3200000,預售屋、或土地及建物分件登記案件；,RPSOMLRJJIIGFAA47DA,71.49,0.0,3.75,有,,
文山區,房地(土地+建物)+車位,新光路一段３２巷１９號十樓,33.16,住,,,1080829,土地1建物1車位2,十層,十二層,住宅大樓(11層含以上有電梯),住家用,1120602,196.67,3,2,2,有,有,27050000,190764.0,坡道平面,75.84,4000000,預售屋權利受讓，讓渡日期110年5月25日母親讓與。預售屋、或土地及建物分件登記案件；,RPOPMLRJJIIGFAA17DA,72.27,0.0,6.74,有,,
文山區,房地(土地+建物)+車位,新光路一段３２巷２７號六樓,38.47,住,,,1080829,土地1建物1車位2,六層,十二層,住宅大樓(11層含以上有電梯),住家用,1120602,219.91,4,2,2,有,有,31750000,194350.0,坡道平面,75.84,3750000,預售屋、或土地及建物分件登記案件；,RPUNMLSJJIIGFAA67DA,85.51,0.0,9.06,有,,
大安區,房地(土地+建物)+車位,臥龍街２９１號十四樓,25.43,住,,,1080808,土地1建物1車位1,十四層,十四層,住宅大樓(11層含以上有電梯),住家用,1120503,197.77,3,2,2,有,有,45270000,253859.0,坡道平面,31.26,3000000,預售屋、或土地及建物分件登記案件；,RPQNMLKKJIIGFFA07DA,96.88,7.88,10.19,有,,
大同區,房地(土地+建物)+車位,興城街７０號十二樓之５,18.56,住,,,1080713,土地1建物1車位1,十二層,十五層,住宅大樓(11層含以上有電梯),住家用,1120119,162.97,3,2,2,有,有,29200000,202912.0,坡道平面,30.4,2300000,預售屋、或土地及建物分件登記案件；,RPRNMLNKRHIGFBA77DA,79.95,3.51,8.9,有,,
大安區,房地(土地+建物)+車位,臥龍街２９１號十三樓之１,18.3,住,,,1080723,土地1建物1車位1,十三層,十四層,住宅大樓(11層含以上有電梯),住家用,1120503,150.78,3,2,2,有,有,32610000,249414.0,坡道平面,31.26,2800000,預售屋、或土地及建物分件登記案件；,RPPOMLNKRHIGFFA08DA,67.29,7.02,8.16,有,,
大安區,房地(土地+建物)+車位,臥龍街２９１號八樓之１,18.3,住,,,1080725,土地1建物1車位1,八層,十四層,住宅大樓(11層含以上有電梯),住家用,1120503,150.78,3,2,2,有,有,31230000,237868.0,坡道平面,31.26,2800000,預售屋、或土地及建物分件登記案件；,RPQOMLNKRHIGFFA18DA,67.29,7.02,8.16,有,,
大安區,房地(土地+建物)+車位,臥龍街２９１號四樓之２,17.9,住,,,1080707,土地1建物1車位1,四層,十四層,住宅大樓(11層含以上有電梯),住家用,1120503,148.14,3,2,2,有,有,27690000,214665.0,坡道平面,31.26,2600000,預售屋、或土地及建物分件登記案件；,RPROMLNKRHIGFFA28DA,65.41,8.12,7.09,有,,
大安區,房地(土地+建物)+車位,臥龍街２９１號五樓之２,17.9,住,,,1080720,土地1建物1車位1,五層,十四層,住宅大樓(11層含以上有電梯),住家用,1120503,148.14,3,2,2,有,有,28400000,219028.0,坡道平面,31.26,2800000,原買方謝OO與新買方陳OO於110.6.23 簽立權利義務移轉證明更名轉讓轉售金額3000萬元預售屋、或土地及建物分件登記案件；,RPTOMLNKRHIGFFA48DA,65.41,8.12,7.09,有,,
大安區,房地(土地+建物)+車位,臥龍街２９１號三樓之３,17.09,住,,,1080729,土地1建物1車位1,三層,十四層,住宅大樓(11層含以上有電梯),住家用,1120503,142.82999999999998,3,2,2,有,有,26980000,214932.0,坡道平面,31.26,3000000,預售屋、或土地及建物分件登記案件；,RPUOMLNKRHIGFFA58DA,62.06,8.3,6.62,有,,
大安區,房地(土地+建物)+車位,臥龍街２９１號十二樓之３,17.09,住,,,1080731,土地1建物1車位1,十二層,十四層,住宅大樓(11層含以上有電梯),住家用,1120503,142.82999999999998,3,2,2,有,有,29020000,236802.0,坡道平面,31.26,2600000,原買方陳OO與新買方陳OO徐OO於112.5.8 簽立1/2權利義務移轉證明更名轉讓總價款不變預售屋、或土地及建物分件登記案件；,RPVOMLNKRHIGFFA68DA,62.06,8.3,6.62,有,,
大安區,房地(土地+建物)+車位,臥龍街２９１號三樓之１,18.3,住,,,1080718,土地1建物1車位1,三層,十四層,住宅大樓(11層含以上有電梯),住家用,1120503,150.78,3,2,2,有,有,29760000,227242.0,坡道平面,31.26,2600000,原買方汪OO與新買方鄭OO於111.3.30 簽立權利義務移轉證明更名轉讓轉售金額3330萬元新買方鄭OO以其二等親親屬郭OO與汪OO另簽立買賣契約預售屋、或土地及建物分件登記案件；,RPPPMLNKRHIGFFA18DA,67.29,7.02,8.16,有,,
大安區,房地(土地+建物)+車位,臥龍街２９１號十二樓之１,18.3,住,,,1080712,土地1建物1車位1,十二層,十四層,住宅大樓(11層含以上有電梯),住家用,1120503,150.78,3,2,2,有,有,32310000,243558.0,坡道平面,31.26,3200000,預售屋、或土地及建物分件登記案件；,RPQPMLNKRHIGFFA28DA,67.29,7.02,8.16,有,,
大安區,房地(土地+建物)+車位,臥龍街２９１號七樓之２,17.9,住,,,1080712,土地1建物1車位1,七層,十四層,住宅大樓(11層含以上有電梯),住家用,1120503,148.14,3,2,2,有,有,28730000,221851.0,坡道平面,31.26,2800000,預售屋、或土地及建物分件登記案件；,RPRPMLNKRHIGFFA38DA,65.41,8.12,7.09,有,,
大安區,房地(土地+建物)+車位,臥龍街２９１號五樓之３,17.09,住,,,1080721,土地1建物1車位1,五層,十四層,住宅大樓(11層含以上有電梯),住家用,1120503,142.82999999999998,3,2,2,有,有,26900000,217800.0,坡道平面,31.26,2600000,原買方游OO與新買方葉OO游OO游OO於111.12.23 簽立3/4權利義務移轉證明更名轉讓總價款不變預售屋、或土地及建物分件登記案件；,RPSPMLNKRHIGFFA48DA,62.06,8.3,6.62,有,,
大安區,房地(土地+建物),臥龍街２８９號六樓之２,12.72,住,,,1080731,土地1建物1車位0,六層,十四層,住宅大樓(11層含以上有電梯),住家用,1120503,88.06,2,2,1,有,有,20410000,231774.0,,0.0,0,預售屋、或土地及建物分件登記案件；,RPXPMLNKRHIGFFA98DA,48.31,5.04,4.58,有,,
大安區,房地(土地+建物)+車位,臥龍街２８９號三樓之１,18.36,住,,,1080731,土地1建物1車位1,三層,十四層,住宅大樓(11層含以上有電梯),住家用,1120503,157.04,3,2,2,有,有,30080000,218477.0,坡道平面,31.26,2600000,原買方彭OO與新買方石OO於110.6.30 簽立權利義務移轉證明更名轉讓總價款不變預售屋、或土地及建物分件登記案件；,RPPQMLNKRHIGFFA28DA,67.91,8.25,6.58,有,,
大安區,房地(土地+建物)+車位,臥龍街２８９號五樓之１,18.36,住,,,1080712,土地1建物1車位1,五層,十四層,住宅大樓(11層含以上有電梯),住家用,1120503,157.04,3,2,2,有,有,30840000,221339.0,坡道平面,31.26,3000000,預售屋、或土地及建物分件登記案件；,RPRQMLNKRHIGFFA48DA,67.91,8.25,6.58,有,,
大安區,房地(土地+建物)+車位,臥龍街２９１號二樓之１,17.9,住,,,1080709,土地1建物1車位1,二層,十四層,住宅大樓(11層含以上有電梯),住家用,1120503,148.14,3,2,2,有,有,27490000,214665.0,坡道平面,31.26,2400000,原買方黃OO與新買方黃OO於110.8.10 簽立權利義務移轉證明更名轉讓轉售金額2892萬元預售屋、或土地及建物分件登記案件；,RPSNMLOKRHIGFFA38DA,65.41,8.12,7.09,有,,
大同區,房地(土地+建物)+車位,興城街７０號九樓之６,21.43,住,,,1080706,土地1建物1車位2,九層,十五層,住宅大樓(11層含以上有電梯),住家用,1120119,212.46,4,2,2,有,有,35300000,201767.0,坡道平面,60.8,4700000,預售屋、或土地及建物分件登記案件；,RPUNMLSLRHIGFBA68DA,90.29,5.5,9.91,有,,
大同區,房地(土地+建物)+車位,興城街７０號五樓之３,18.56,住,,,1080709,土地1建物1車位1,五層,十五層,住宅大樓(11層含以上有電梯),住家用,1120119,162.97,3,2,2,有,有,28400000,196877.0,坡道平面,30.4,2300000,預售屋、或土地及建物分件登記案件；,RPOOMLSLRHIGFBA18DA,79.95,3.51,8.9,有,,
大安區,房地(土地+建物)+車位,臥龍街２９１號九樓之２,17.9,住,,,1080719,土地1建物1車位1,九層,十四層,住宅大樓(11層含以上有電梯),住家用,1120503,148.14,3,2,2,有,有,29470000,228183.0,坡道平面,31.26,2800000,預售屋、或土地及建物分件登記案件；,RPTNMLQJIIIGFFA77DA,65.41,8.12,7.09,有,,
大安區,房地(土地+建物)+車位,臥龍街２９１號十一樓,25.15,住,,,1080706,土地1建物1車位1,十一層,十四層,住宅大樓(11層含以上有電梯),住家用,1120503,195.94,3,2,2,有,有,43270000,243320.0,坡道平面,31.26,3200000,原買方劉OO與新買方梁OO於112.6.28 簽立權利義務移轉證明更名轉讓轉售金額4568萬元預售屋、或土地及建物分件登記案件；,RPOOMLQJIIIGFFA37DA,94.48,8.99,10.19,有,,
大安區,房地(土地+建物)+車位,臥龍街２９１號八樓之３,17.09,住,,,1080707,土地1建物1車位1,八層,十四層,住宅大樓(11層含以上有電梯),住家用,1120503,142.82999999999998,3,2,2,有,有,27560000,225509.0,坡道平面,31.26,2400000,預售屋、或土地及建物分件登記案件；,RPQOMLQJIIIGFFA57DA,62.06,8.3,6.62,有,,
大安區,房地(土地+建物)+車位,臥龍街２９１號四樓之１,18.3,住,,,1080731,土地1建物1車位1,四層,十四層,住宅大樓(11層含以上有電梯),住家用,1120503,150.78,3,2,2,有,有,29370000,225653.0,坡道平面,31.26,2400000,原買方宋OO與新買方金OO於110.6.25 簽立權利義務移轉證明更名轉讓總價款不變預售屋、或土地及建物分件登記案件；,RPWOMLQJIIIGFFA18DA,67.29,7.02,8.16,有,,
大安區,房地(土地+建物)+車位,臥龍街２９１號三樓,23.8,住,,,1080731,土地1建物1車位1,三層,十四層,住宅大樓(11層含以上有電梯),住家用,1120503,186.99,3,2,2,有,有,41470000,248314.0,坡道平面,31.26,2800000,預售屋、或土地及建物分件登記案件；,RPXOMLQJIIIGFFA28DA,94.48,0.68,12.27,有,,
大安區,房地(土地+建物)+車位,臥龍街２９１號六樓之３,17.09,住,,,1080723,土地1建物1車位1,六層,十四層,住宅大樓(11層含以上有電梯),住家用,1120503,142.82999999999998,3,2,2,有,有,27250000,219145.0,坡道平面,31.26,2800000,原買方陳OO與新買方蔡OO於112.8.9 簽立權利義務移轉證明更名轉讓總價款不變預售屋、或土地及建物分件登記案件；,RPOPMLQJIIIGFFA47DA,62.06,8.3,6.62,有,,
大安區,房地(土地+建物)+車位,臥龍街２９１號九樓之３,17.09,住,,,1080721,土地1建物1車位1,九層,十四層,住宅大樓(11層含以上有電梯),住家用,1120503,142.82999999999998,3,2,2,有,有,28130000,227032.0,坡道平面,31.26,2800000,原買方林OO與新買方倪OO於111.10.18 簽立權利義務移轉證明更名轉讓轉售金額3200萬元預售屋、或土地及建物分件登記案件；,RPTPMLQJIIIGFFA97DA,62.06,8.3,6.62,有,,
文山區,房地(土地+建物)+車位,新光路一段３２巷１９號八樓,31.03,住,,,1080726,土地1建物1車位1,八層,十二層,住宅大樓(11層含以上有電梯),住家用,1120602,158.75,3,2,2,有,有,25200000,191178.0,坡道平面,37.92,2100000,預售屋、或土地及建物分件登記案件；,RPROMLSKIIIGFAA47DA,72.27,0.0,6.74,有,,
文山區,房地(土地+建物)+車位,新光路一段３２巷２５號十二樓,23.17,住,,,1080705,土地1建物1車位1,十二層,十二層,住宅大樓(11層含以上有電梯),住家用,1120602,126.0,2,2,2,有,有,20000000,200386.0,坡道平面,37.92,2350000,預售屋、或土地及建物分件登記案件；,RPWOMLSKIIIGFAA97DA,52.93,0.0,4.51,有,,
文山區,房地(土地+建物)+車位,新光路一段３２巷２７號四樓,36.34,住,,,1080710,土地1建物1車位1,四層,十二層,住宅大樓(11層含以上有電梯),住家用,1120602,181.99,4,2,2,有,有,30150000,193656.0,坡道平面,37.92,2250000,預售屋、或土地及建物分件登記案件；,RPRPMLSKIIIGFAA57DA,85.51,0.0,9.06,有,,
文山區,房地(土地+建物)+車位,新光路一段３２巷２９號,35.07,住,,,1080708,土地1建物1車位2,一層,十二層,住宅大樓(11層含以上有電梯),住家用,1120602,199.42,3,2,2,有,有,31000000,209581.0,坡道平面,75.84,5100000,預售屋、或土地及建物分件登記案件；,RPSPMLSKIIIGFAA67DA,76.79,0.0,10.83,有,,
北投區,房地(土地+建物)+車位,磺港路１０６號五樓,23.99,住,,,1080716,土地2建物1車位1,五層,十六層,住宅大樓(11層含以上有電梯),住家用,1120526,196.09,3,2,2,有,有,31055991,184342.0,坡道平面,40.64,2400000,1.原預售合約金額為3105萬，登記面積誤差找補金額為5991元，2.原簽約2人指定產權登記名義人一人預售屋、或土地及建物分件登記案件；,RPSNMLKLPHIGFEA77DA,93.48,0.0,9.61,有,,
北投區,房地(土地+建物)+車位,磺港路１０６號十六樓,23.99,住,,,1080716,土地2建物1車位2,十六層,十六層,住宅大樓(11層含以上有電梯),住家用,1120526,233.79,1,2,2,有,有,35006442,198163.0,坡道平面,78.33,4200000,原預售合約金額為3500萬，登記面積誤差找補金額為6442元預售屋、或土地及建物分件登記案件；,RPOOMLKLPHIGFEA47DA,93.48,0.0,9.61,有,,
北投區,房地(土地+建物)+車位,磺港路１０２號十六樓,18.22,住,,,1080716,土地2建物1車位1,十六層,十六層,住宅大樓(11層含以上有電梯),住家用,1120526,162.66,3,2,2,有,有,24438601,184557.0,坡道平面,44.33,2600000,原預售合約金額為2443萬，登記面積誤差找補金額為8601元，原簽約2位，指定產權登記名義人1人預售屋、或土地及建物分件登記案件；,RPSQMLKLPHIGFEA08DA,71.1,0.0,7.46,有,,
大安區,房地(土地+建物)+車位,臥龍街２９１號十一樓之２,17.9,住,,,1080718,土地1建物1車位1,十一層,十四層,住宅大樓(11層含以上有電梯),住家用,1120503,148.14,3,2,2,有,有,30670000,236739.0,坡道平面,31.26,3000000,原買方喬OO與新買方孫OO於110.8.16 簽立權利義務移轉證明更名轉讓總價款不變預售屋、或土地及建物分件登記案件；,RPPNMLQLIIIGFFA57DA,65.41,8.12,7.09,有,,
大安區,房地(土地+建物)+車位,臥龍街２９１號三樓之２,17.9,住,,,1080726,土地1建物1車位1,三層,十四層,住宅大樓(11層含以上有電梯),住家用,1120503,148.14,3,2,2,有,有,27870000,216205.0,坡道平面,31.26,2600000,預售屋、或土地及建物分件登記案件；,RPQNMLQLIIIGFFA67DA,65.41,8.12,7.09,有,,
大安區,房地(土地+建物)+車位,臥龍街２９１號九樓之１,18.3,住,,,1080708,土地1建物1車位1,九層,十四層,住宅大樓(11層含以上有電梯),住家用,1120503,150.78,3,2,2,有,有,31400000,239290.0,坡道平面,31.26,2800000,預售屋、或土地及建物分件登記案件；,RPUNMLQLIIIGFFA08DA,67.29,7.02,8.16,有,,
大安區,房地(土地+建物)+車位,臥龍街２９１號十三樓,25.33,住,,,1080727,土地1建物1車位2,十三層,十四層,住宅大樓(11層含以上有電梯),住家用,1120503,227.21,3,2,2,有,有,46650000,250471.0,坡道平面,62.52,5400000,二個停車位未拆分單價預售屋、或土地及建物分件登記案件；,RPUNMLLJKIIGFFA57DA,94.48,8.99,10.19,有,,
大安區,房地(土地+建物)+車位,臥龍街２９１號四樓,25.15,住,,,1080727,土地1建物1車位1,四層,十四層,住宅大樓(11層含以上有電梯),住家用,1120503,195.94,3,2,2,有,有,40540000,226743.0,坡道平面,31.26,3200000,預售屋、或土地及建物分件登記案件；,RPVNMLLJKIIGFFA67DA,94.48,8.99,10.19,有,,
大同區,房地(土地+建物)+車位,興城街７０號十五樓之２,17.96,住,,,1080607,土地1建物1車位1,十五層,十五層,住宅大樓(11層含以上有電梯),住家用,1120119,158.56,3,2,2,有,有,29100000,209114.0,坡道平面,30.4,2300000,預售屋、或土地及建物分件登記案件；,RPUNMLNKRHIGFBA08DA,76.55,3.23,9.55,有,,
北投區,房地(土地+建物)+車位,磺港路１０６號六樓,23.99,住,,,1080629,土地2建物1車位1,六層,十六層,住宅大樓(11層含以上有電梯),住家用,1120526,199.79,3,2,2,有,有,31386040,185810.0,坡道平面,44.33,2500000,原預售合約金額為3138萬，登記面積誤差找補金額為6040元預售屋、或土地及建物分件登記案件；,RPTNMLKLPHIGFEA87DA,93.48,0.0,9.61,有,,
北投區,房地(土地+建物)+車位,磺港路１０８號三樓,23.99,住,,,1080629,土地2建物1車位1,三層,十六層,住宅大樓(11層含以上有電梯),住家用,1120526,199.79,3,2,2,有,有,29385630,173586.0,坡道平面,44.33,2400000,原預售合約金額為2938萬，登記面積誤差找補金額為5630元預售屋、或土地及建物分件登記案件；,RPPOMLKLPHIGFEA57DA,93.79,0.0,9.3,有,,
北投區,房地(土地+建物)+車位,磺港路１０８號十六樓,23.99,住,,,1080603,土地2建物1車位2,十六層,十六層,住宅大樓(11層含以上有電梯),住家用,1120526,233.79,1,2,2,有,有,35086458,198678.0,坡道平面,78.33,4200000,原預售合約金額為3508萬，登記面積誤差找補金額為6458元預售屋、或土地及建物分件登記案件；,RPSPMLKLPHIGFEA97DA,93.48,0.0,9.61,有,,
文山區,房地(土地+建物)+車位,新光路一段３２巷２１號十二樓,38.47,住,,,1080622,土地1建物1車位2,十二層,十二層,住宅大樓(11層含以上有電梯),住家用,1120602,219.91,4,2,2,有,有,33460000,197543.0,坡道平面,75.84,5000000,預售屋、或土地及建物分件登記案件；,RPQOMLSKIIIGFAA37DA,85.51,0.0,9.06,有,,
文山區,房地(土地+建物)+車位,新光路一段３２巷２５號八樓,23.17,住,,,1080618,土地1建物1車位1,八層,十二層,住宅大樓(11層含以上有電梯),住家用,1120602,126.0,2,2,2,有,有,19750000,198115.0,坡道平面,37.92,2300000,預售屋、或土地及建物分件登記案件；,RPVOMLSKIIIGFAA87DA,52.93,0.0,4.51,有,,
文山區,房地(土地+建物)+車位,新光路一段３２巷２７號,42.93,住,,,1080622,土地1建物1車位2,一層,十二層,住宅大樓(11層含以上有電梯),住家用,1120602,229.92,4,2,2,有,有,34500000,195353.0,坡道平面,75.84,4400000,預售屋、或土地及建物分件登記案件；,RPXOMLSKIIIGFAA08DA,96.55,0.0,12.32,有,,
文山區,房地(土地+建物)+車位,新光路一段３２巷２３號十二樓,23.38,住,,,1080622,土地1建物1車位1,十二層,十二層,住宅大樓(11層含以上有電梯),住家用,1120602,126.02,2,2,1,有,有,20040000,197957.0,坡道平面,37.92,2600000,預售屋、或土地及建物分件登記案件；,RPQPMLSKIIIGFAA47DA,52.95,0.0,4.5,有,,
文山區,房地(土地+建物)+車位,新光路一段３２巷２９號九樓,31.03,住,,,1080622,土地1建物1車位1,九層,十二層,住宅大樓(11層含以上有電梯),住家用,1120602,158.57999999999998,3,2,2,有,有,25100000,189789.0,坡道平面,37.92,2200000,預售屋、或土地及建物分件登記案件；,RPTPMLSKIIIGFAA77DA,72.15,0.0,6.74,有,,
文山區,房地(土地+建物)+車位,新光路一段３２巷２９號十樓,35.28,住,,,1080622,土地1建物1車位3,十層,十二層,住宅大樓(11層含以上有電梯),住家用,1120602,234.42,3,2,2,有,有,27100000,191447.0,坡道平面,113.76,4000000,預售屋、或土地及建物分件登記案件；,RPWNMLTKIIIGFAA97DA,72.15,0.0,6.74,有,,
大同區,房地(土地+建物)+車位,興城街７０號五樓之１,24.06,住,,,1080617,土地1建物1車位2,五層,十五層,住宅大樓(11層含以上有電梯),住家用,1120119,233.15,4,2,3,有,有,38620000,197127.0,坡道平面,62.6,5000000,預售屋、或土地及建物分件登記案件；,RPQOMLTLJIIGFBA77DA,105.61,4.16,9.1,有,,
北投區,房地(土地+建物)+車位,磺港路１０６號四樓,23.99,住,,,1080521,土地2建物1車位2,四層,十六層,住宅大樓(11層含以上有電梯),住家用,1120526,233.79,0,0,0,無,有,31705772,177575.0,坡道平面,78.33,4100000,1.原預售合約金額為3030萬，因登記面積誤差找補金額為5772元 2.112年8月15日加買車位140萬預售屋、或土地及建物分件登記案件；,RPROMLQKQHIGFEA38DA,93.48,0.0,9.61,有,,
北投區,房地(土地+建物)+車位,磺港路１０８號七樓,23.99,住,,,1080415,土地2建物1車位1,七層,十六層,住宅大樓(11層含以上有電梯),住家用,1120526,199.59,3,2,2,有,有,31786124,188396.0,坡道平面,44.14,2500000,原預售合約金額為3178萬，登記面積誤差找補金額為6124元預售屋、或土地及建物分件登記案件；,RPSOMLKLPHIGFEA87DA,93.48,0.0,9.61,有,,
北投區,房地(土地+建物)+車位,磺港路１０８號五樓,23.99,住,,,1080415,土地2建物1車位1,五層,十六層,住宅大樓(11層含以上有電梯),住家用,1120526,199.79,3,2,2,有,有,31226005,184781.0,坡道平面,44.33,2500000,原預售合約金額為3122萬，登記面積誤差找補金額為6005元預售屋、或土地及建物分件登記案件；,RPROMLKLPHIGFEA77DA,93.48,0.0,9.61,有,,
北投區,房地(土地+建物)+車位,磺港路１０２號八樓,18.22,住,,,1080414,土地2建物1車位2,八層,十六層,住宅大樓(11層含以上有電梯),住家用,1120526,196.65,3,2,2,有,有,24688188,175695.0,坡道平面,78.33,3900000,1.原預售合約金額為2328萬，登記面積誤差找補金額為8188元 2.112年7月27日加購一個車位140萬預售屋、或土地及建物分件登記案件；,RPUNMLOKQHIGFEA38DA,71.1,0.0,7.46,有,,
北投區,房地(土地+建物)+車位,磺港路１０８號八樓,23.99,住,,,1080319,土地2建物1車位1,八層,十六層,住宅大樓(11層含以上有電梯),住家用,1120526,199.59,2,2,2,有,有,33276497,199913.0,坡道平面,44.14,2200000,原預售合約金額為3327萬，登記面積誤差找補金額為6497元預售屋、或土地及建物分件登記案件；,RPTOMLKLPHIGFEA97DA,93.48,0.0,9.61,有,,
