鄉鎮市區,交易標的,土地位置建物門牌,土地移轉總面積平方公尺,都市土地使用分區,非都市土地使用分區,非都市土地使用編定,交易年月日,交易筆棟數,移轉層次,總樓層數,建物型態,主要用途,建築完成年月,建物移轉總面積平方公尺,建物現況格局-房,建物現況格局-廳,建物現況格局-衛,建物現況格局-隔間,有無管理組織,總價元,單價元平方公尺,車位類別,車位移轉總面積平方公尺,車位總價元,備註,編號,主建物面積,附屬建物面積,陽台面積,電梯,移轉編號,屋齡
大同區,房地(土地+建物),大龍街９１巷１２號四樓之１６,7.24,住,,,1111103,土地1建物1車位0,四層,十三層,住宅大樓(11層含以上有電梯),住家用,1110422.0,51.16,1,1,1,有,有,11800000,230649.0,,0.0,0,,RPQNMLLKJIHGFBA76EA,31.11,0.0,2.91,有,,1.0
大同區,房地(土地+建物)+車位,大龍街９１巷１２號八樓之７,8.27,住,,,1111102,土地1建物1車位1,八層,十三層,住宅大樓(11層含以上有電梯),住家用,1110422.0,85.24,1,1,1,有,有,14300000,167762.0,坡道平面,29.14,0,,RPORMLPKQHHGFBA97EA,34.32,0.0,3.01,有,,1.0
中正區,房地(土地+建物),臨沂街６１巷５號二樓,41.8,住,,,1111107,土地2建物1車位0,二層,五層,公寓(5樓含以下無電梯),住家用,570506.0,95.61,3,2,1,有,無,20500000,214413.0,,0.0,0,,RPPRMLPKQHHGFBA08EA,95.61,0.0,0.0,無,,55.0
大安區,房地(土地+建物),和平東路三段１巷７２弄１４號十三樓,19.94,住,,,1111106,土地1建物1車位0,十三層,十九層,住宅大樓(11層含以上有電梯),住家用,740522.0,102.58,3,2,1,有,有,25680000,250341.0,,0.0,0,,RPQNMLKKJIHGFFA96DA,75.13,1.26,7.07,有,,37.0
大安區,房地(土地+建物),四維路７８號二樓,33.58,住,,,1111108,土地1建物1車位0,二層,六層,華廈(10層含以下有電梯),住家用,740617.0,168.73,3,2,3,有,無,46000000,272641.0,,0.0,0,,RPPOMLLKJIHGFFA07DA,139.26,0.0,16.19,有,24.0,37.0
中山區,房地(土地+建物),建國北路一段２９號十一樓,5.67,住,,,1111109,土地1建物1車位0,十一層,十四層,住宅大樓(11層含以上有電梯),住家用,930416.0,38.07,1,1,1,有,有,10000000,262674.0,,0.0,0,,RPPNMLSKJIHGFCA47EA,25.49,1.37,0.0,有,33.0,19.0
中山區,房地(土地+建物),松江路１６４巷１２號七樓,39.93,住,,,1111110,土地2建物1車位0,七層,七層,華廈(10層含以下有電梯),住家用,611015.0,196.67,4,2,2,有,無,50000000,254233.0,,0.0,0,,RPWNMLKKJIHGFCA27DA,175.74,0.0,20.93,有,,50.0
北投區,房地(土地+建物),中和街３４９號,56.0,,,,1111104,土地1建物1車位0,全,,透天厝,住家用,450115.0,33.65,2,2,1,有,無,9800000,291233.0,,0.0,0,其他增建；急買急賣；,RPSOMLLLJIHGFEA47EA,33.65,0.0,0.0,無,,67.0
信義區,房地(土地+建物)+車位,松平路１２８號十三樓,97.71,住,,,1111103,土地1建物1車位1,十三層，十四層,二十一層,住宅大樓(11層含以上有電梯),住家用,850402.0,595.26,4,3,5,有,有,135300000,227296.0,坡道平面,0.0,0,,RPPNMLNJJIHGFDA86DA,461.74,9.87,28.99,有,,27.0
北投區,房地(土地+建物),裕民六路１１４巷３９之１號三樓,16.46,住,,,1111101,土地1建物1車位0,三層，陽臺,四層,公寓(5樓含以下無電梯),住家用,651129.0,55.89,2,2,1,有,無,11300000,202183.0,,0.0,0,,RPQOMLMLJIHGFEA37EA,47.54,0.0,0.0,無,46.0,46.0
北投區,房地(土地+建物),幽雅路７號十二樓之６,7.88,,,,1111102,土地1建物1車位0,十二層,十三層,住宅大樓(11層含以上有電梯),住家用,980205.0,48.8,0,0,0,無,有,5800000,118852.0,,0.0,0,陽台外推；,RPROMLMLJIHGFEA47EA,24.92,1.13,4.76,有,,14.0
中正區,房地(土地+建物),重慶南路三段５４巷７號二樓,30.5,住,,,1111110,土地1建物1車位0,二層，陽臺,四層,公寓(5樓含以下無電梯),住家用,650219.0,86.66,3,2,1,有,無,14000000,161551.0,,0.0,0,陽台加窗,RPQOMLRKJIHGFAA27DA,86.66,0.0,0.0,無,53.0,47.0
中正區,房地(土地+建物),齊東街７０巷５號四樓,41.6,住,,,1111104,土地1建物1車位0,四層,五層,公寓(5樓含以下無電梯),住家用,631107.0,131.05,4,2,2,有,無,40000000,305227.0,,0.0,0,具重建或重劃、都更等效益；,RPVPMLMLJIHGFBA67EA,122.0,0.0,9.05,無,,48.0
中正區,房地(土地+建物),廈門街８１巷２７號,48.0,住,,,1111107,土地1建物1車位0,全,四層,透天厝,住家用,600330.0,130.2,5,3,3,有,無,26500000,203533.0,,0.0,0,,RPRNMLOKJIHGFAA96DA,130.2,0.0,0.0,無,,52.0
大安區,房地(土地+建物),仁愛路四段３３號九樓,16.34,住,,,1111102,土地4建物1車位0,九層,十二層,住宅大樓(11層含以上有電梯),住家用,651125.0,160.81,4,3,3,有,有,55000000,342019.0,,0.0,0,陽台外推；,RPUOMLSJJIHGFFA18DA,129.5,0.0,9.45,有,,46.0
文山區,房地(土地+建物),興隆路二段９６巷１７號二樓,36.8,住,,,1111102,土地1建物1車位0,三層,十三層,住宅大樓(11層含以上有電梯),住家用,990212.0,178.20999999999998,4,2,2,有,有,34500000,193592.0,,0.0,0,陽台外推；,RPTNMLOKJIHGFAA17DA,100.62,8.69,13.32,有,,13.0
信義區,房地(土地+建物)+車位,市民大道六段１０８號四樓之７,10.36,住,,,1111103,土地1建物1車位1,四層,十二層,住宅大樓(11層含以上有電梯),住家用,1110414.0,65.26,0,1,1,有,有,17500000,308826.0,塔式車位,15.07,2000000,塔式車位位於地下第三層。,RPWNMLPKJIHGFDA87DA,27.55,1.8,2.32,有,57.0,1.0
中山區,房地(土地+建物)+車位,基湖路１１２巷５７號十樓,79.78,住,,,1111103,土地1建物2車位1,十層,十層,華廈(10層含以下有電梯),住家用,930709.0,224.25,3,2,2,有,有,65360000,291460.0,坡道平面,34.53,0,陽台外推；其他增建；,RPPOMLOKJIHGFCA07DA,114.18,1.32,15.36,有,,18.0
文山區,房地(土地+建物),福興路９８號四樓之１,10.95,住,,,1111105,土地1建物1車位0,四層,六層,華廈(10層含以下有電梯),住家用,850503.0,39.58,1,1,1,有,有,6950000,175594.0,,0.0,0,陽台外推；夾層；,RPXNMLNLJIHGFAA57DA,22.07,0.0,5.02,有,,27.0
內湖區,房地(土地+建物),內湖路一段１巷１１弄４號二樓,25.17,住,,,1111104,土地1建物1車位0,二層,五層,公寓(5樓含以下無電梯),住家用,740208.0,93.82,3,2,2,有,無,16830000,179386.0,,0.0,0,後陽台外推，前陽台並無外推陽台外推；,RPPPMLSKJIHGFCA57DA,77.06,0.0,8.49,無,,38.0
內湖區,房地(土地+建物),瑞光路１２２巷４１弄１０號三樓,69.3,住,,,1111101,土地2建物1車位0,三層,三層,華廈(10層含以下有電梯),住家用,860519.0,103.63,2,2,1,有,有,21000000,202644.0,,0.0,0,陽台外推；,RPRNMLNKJIHGFCA07DA,78.86,0.0,9.92,有,,25.0
信義區,房地(土地+建物),福德街４４號,30.75,住,,,1111105,土地1建物1車位0,一層，騎樓,四層,公寓(5樓含以下無電梯),住家用,611109.0,82.21,2,1,2,有,無,31000000,377083.0,,0.0,0,,RPVNMLLJJIHGFDA37EA,82.21,0.0,0.0,無,77.0,50.0
內湖區,房地(土地+建物),金龍路１４３號二樓,34.25,住,,,1111107,土地1建物1車位0,二層，陽臺,四層,公寓(5樓含以下無電梯),住家用,650901.0,129.06,3,1,1,有,無,18500000,143344.0,,0.0,0,,RPXNMLMLJIHGFCA67DA,129.06,0.0,0.0,無,,46.0
內湖區,房地(土地+建物)+車位,成功路五段４０８號十六樓,65.73,住,,,1111101,土地3建物1車位2,十六層，十七層,十九層,住宅大樓(11層含以上有電梯),住家用,891016.0,277.74,4,2,3,有,有,57230000,255079.0,坡道平面,72.98,5000000,,RPRQMLNKRHHGFCA18EA,140.3,0.0,8.21,有,81.0,22.0
萬華區,房地(土地+建物),國興路１２號十一樓,16.78,住,,,1111114,土地1建物1車位0,十一層,十二層,住宅大樓(11層含以上有電梯),住家用,680403.0,59.84,2,2,1,有,有,11120000,185829.0,,0.0,0,,RPXOMLPLJIHGFBA08EA,52.57,0.0,7.27,有,,44.0
中山區,房地(土地+建物),松江路４３１巷２５號六樓,21.17,住,,,1111104,土地1建物1車位0,六層,七層,華廈(10層含以下有電梯),住家用,780722.0,109.86,3,2,2,有,有,21100000,192063.0,,0.0,0,,RPVNMLOLJIHGFCA67DA,93.96,0.26,9.41,有,,33.0
北投區,房地(土地+建物)+車位,三合街一段３６巷５號二樓,30.41,住,,,1111115,土地1建物1車位1,二層,九層,華廈(10層含以下有電梯),住家用,1050311.0,189.25,2,2,2,有,有,39000000,206077.0,坡道平面,38.2,0,,RPXNMLPLJIHGFEA28EA,85.08,6.28,10.02,有,88.0,7.0
中山區,房地(土地+建物),大直街９４巷１弄２７號二樓,32.55,住,,,1111101,土地1建物1車位0,二層,五層,公寓(5樓含以下無電梯),住家用,770629.0,126.72,3,2,2,有,無,24500000,193340.0,,0.0,0,,RPTNMLRKJIHGFCA67DA,100.76,1.3,10.35,無,,34.0
萬華區,房地(土地+建物),寶興街８０巷１７弄１號二樓,23.75,住,,,1111107,土地1建物1車位0,二層,四層,公寓(5樓含以下無電梯),住家用,620117.0,79.07,3,2,2,有,無,13000000,164411.0,,0.0,0,陽台外推；其他增建；,RPOOMLPLJIHGFBA07DA,70.37,0.0,8.7,無,90.0,50.0
文山區,房地(土地+建物)+車位,萬芳路２０號四樓之１,18.7,住,,,1111101,土地1建物1車位1,四層,十二層,住宅大樓(11層含以上有電梯),住家用,940128.0,114.17000000000002,2,2,1,有,有,16080000,140843.0,坡道平面,0.0,2000000,,RPSNMLTLJIHGFAA77EA,46.82,0.0,3.17,有,,18.0
士林區,房地(土地+建物),社中街４２４號三樓,65.67,住,,,1111109,土地3建物1車位0,三層,三層,公寓(5樓含以下無電梯),住家用,600203.0,168.83,5,2,1,有,無,19500000,115501.0,,0.0,0,,RPSNMLSLJIHGFEA08EA,168.83,0.0,0.0,無,,52.0
士林區,房地(土地+建物),延平北路五段２７６巷６號,28.0,住,,,1111114,土地1建物1車位0,一層,四層,公寓(5樓含以下無電梯),住家用,620408.0,73.69,0,0,0,無,無,14700000,199484.0,,0.0,0,其他增建；,RPRPMLSLJIHGFEA18EA,73.69,0.0,0.0,無,,50.0
南港區,房地(土地+建物),玉成街６６之２６號九樓,42.05,住,,,1111109,土地1建物1車位0,九層,十四層,住宅大樓(11層含以上有電梯),住家用,891124.0,168.78,4,1,2,有,有,39000000,231070.0,,0.0,0,,RPXNMLLJJIHGFDA57EA,110.67,1.97,10.87,有,,22.0
大同區,房地(土地+建物),大龍街９１巷１０號六樓之１３,6.92,住,,,1111109,土地1建物1車位0,六層,十三層,住宅大樓(11層含以上有電梯),住家用,1110422.0,48.86,1,1,1,有,有,10900000,223086.0,,0.0,0,,RPPPMLPLJIHGFBA27DA,29.53,0.0,2.95,有,,1.0
南港區,房地(土地+建物)+車位,玉成街６６之２６號八樓,42.39,住,,,1111109,土地1建物1車位1,八層,十四層,住宅大樓(11層含以上有電梯),住家用,891124.0,215.88,2,1,2,有,有,41000000,189920.0,坡道平面,0.0,0,,RPOOMLLJJIHGFDA76EA,151.8,1.97,10.87,有,,22.0
信義區,房地(土地+建物),吳興街２８４巷２２弄７４號,46.5,住,,,1111105,土地2建物1車位0,一層,四層,公寓(5樓含以下無電梯),住家用,551121.0,82.35,4,2,2,有,無,18000000,218579.0,,0.0,0,其他增建；,RPUNMLSKJIHGFDA97DA,82.35,0.0,0.0,無,,56.0
大同區,房地(土地+建物)+車位,環河北路二段２０５巷２號六樓之１,19.27,住,,,1111109,土地1建物1車位1,六層,八層,華廈(10層含以下有電梯),住家用,991028.0,108.64,2,2,2,有,有,19880000,182990.0,坡道機械,2.55,0,車位編號為21號,RPTNMLPKJIHGFBA37DA,60.6,7.29,8.45,有,,12.0
文山區,房地(土地+建物),木柵路一段２３８巷１５弄１１號三樓,12.07,住,,,1111106,土地1建物1車位0,三層,七層,華廈(10層含以下有電梯),住家用,1030827.0,51.95,2,1,1,有,有,9680000,186333.0,,0.0,0,其他增建；,RPRNMLKMJIHGFAA76DA,31.33,0.66,1.67,有,107.0,8.0
信義區,房地(土地+建物),嘉興街１５５之６號三樓,26.25,住,,,1111103,土地1建物1車位0,三層，陽臺,四層,公寓(5樓含以下無電梯),住家用,631205.0,73.91,3,2,1,有,無,15100000,204303.0,,0.0,0,陽台外推；,RPTNMLTLJIHGFDA08DA,73.91,0.0,0.0,無,,48.0
士林區,房地(土地+建物),承德路五段４４號三樓,53.5,住,,,1111106,土地1建物1車位0,三層,四層,公寓(5樓含以下無電梯),住家用,670605.0,128.04,3,2,2,有,無,13080000,102156.0,,0.0,0,,RPXOMLQKJIHGFEA28DA,117.72,0.0,10.32,無,,44.0
信義區,房地(土地+建物),仁愛路四段５１２巷１６之１號八樓,6.47,住,,,1111105,土地2建物1車位0,八層,八層,華廈(10層含以下有電梯),住家用,951226.0,38.11,2,2,1,有,有,12300000,322750.0,,0.0,0,其他增建；,RPPNMLQKJIHGFDA27DA,20.35,5.56,0.0,有,,16.0
中山區,房地(土地+建物)+車位,通北街１３０號五樓,33.12,住,,,1111106,土地1建物1車位1,五層,九層,華廈(10層含以下有電梯),住家用,880511.0,152.71,3,2,2,有,有,27000000,176806.0,坡道平面,0.0,2500000,,RPVOMLPKJIHGFCA77DA,87.6,0.0,10.71,有,,23.0
內湖區,房地(土地+建物)+車位,民權東路六段４２３巷９弄１５之２號,23.63,住,,,1111101,土地1建物1車位1,一層,五層,華廈(10層含以下有電梯),住家用,1030605.0,49.379999999999995,2,2,3,有,有,10000000,202511.0,升降機械,0.0,0,,RPPOMLTLJIHGFCA77EA,22.0,0.1,0.0,有,126.0,8.0
中山區,房地(土地+建物)+車位,龍江路２０９巷２９號七樓,39.27,住,,,1111105,土地1建物1車位1,七層,八層,華廈(10層含以下有電梯),住家用,900116.0,153.98000000000002,2,2,2,有,有,36200000,235095.0,一樓平面,0.0,0,陽台外推；,RPTQMLNKRHHGFCA38EA,75.9,3.14,13.94,有,,22.0
北投區,房地(土地+建物),大屯路光華四巷１號,43.0,住,,,1111112,土地1建物1車位0,一層,二層,公寓(5樓含以下無電梯),住家用,610504.0,54.4,2,1,1,有,無,8400000,154412.0,,0.0,0,其他增建；急買急賣；,RPOOMLSLJIHGFEA67DA,54.4,0.0,0.0,無,,51.0
文山區,建物,羅斯福路六段２６巷３號,0.0,,,,1111107,土地0建物1車位0,一層,四層,公寓(5樓含以下無電梯),住家用,570614.0,74.8,3,2,1,有,無,7500000,100267.0,,0.0,0,地上權房屋；,RPRNMLSLJIHGFAA57EA,74.8,0.0,0.0,無,,54.0
萬華區,房地(土地+建物),萬大路５１２號二樓,18.79,住,,,1111104,土地1建物1車位0,二層,五層,公寓(5樓含以下無電梯),住家用,680605.0,67.58,3,2,1,有,無,8400000,124297.0,,0.0,0,,RPWOMLKMJIHGFBA47DA,63.28,0.0,4.3,無,,43.0
士林區,房地(土地+建物),社中街３４６巷４弄６號,48.67,住,,,1111115,土地1建物1車位0,一層,三層,公寓(5樓含以下無電梯),住家用,620614.0,86.31,2,2,1,有,無,17700000,205075.0,,0.0,0,,RPPNMLLJKIHGFEA86DA,86.31,0.0,0.0,無,,49.0
北投區,房地(土地+建物),泉源路３５巷１４號二樓,6.63,住,,,1111114,土地1建物1車位0,二層,五層,公寓(5樓含以下無電梯),住家用,670706.0,34.75,1,1,1,有,有,2500000,71942.0,,0.0,0,,RPSNMLMJKIHGFEA37EA,30.75,0.0,4.0,無,,44.0
北投區,房地(土地+建物),懷德街９９巷７號四樓,41.76,住,,,1111105,土地1建物1車位0,四層,八層,華廈(10層含以下有電梯),住家用,841106.0,141.43,3,2,2,有,有,35800000,253129.0,,0.0,0,其他增建；,RPPOMLSLJIHGFEA77DA,79.48,1.79,11.83,有,,27.0
北投區,房地(土地+建物),致遠二路８７巷２６號,25.75,住,,,1111104,土地1建物1車位0,一層,四層,公寓(5樓含以下無電梯),住家用,640630.0,73.94,2,2,1,有,無,17500000,236678.0,,0.0,0,,RPUNMLLJKIHGFEA47EA,66.51,7.43,0.0,無,132.0,47.0
中山區,房地(土地+建物),建國北路一段７８巷１２號二樓,29.75,住,,,1111104,土地1建物1車位0,二層,四層,公寓(5樓含以下無電梯),住家用,580722.0,91.32,3,2,1,有,無,18900000,206965.0,,0.0,0,其他增建；,RPROMLNLJIHGFCA27DA,91.32,0.0,0.0,無,,53.0
北投區,房地(土地+建物),中央北路三段２４６號三樓,26.28,住,,,1111108,土地3建物2車位0,三層,五層,公寓(5樓含以下無電梯),住家用,540101.0,145.11,5,1,5,有,無,15000000,103370.0,,0.0,0,其他增建；,RPQOMLPLJIHGFEA57DA,123.62,0.0,21.49,無,,58.0
信義區,房地(土地+建物),虎林街１２０巷１３４號,42.25,住,,,1111108,土地1建物1車位0,一層,四層,公寓(5樓含以下無電梯),住家用,580708.0,85.52,1,2,2,有,無,29000000,339102.0,,0.0,0,,RPSPMLKMJIHGFDA47EA,85.52,0.0,0.0,無,,53.0
信義區,房地(土地+建物),吳興街３３６巷４０號,27.95,住,,,1111107,土地2建物1車位0,一層,五層,公寓(5樓含以下無電梯),住家用,670120.0,86.25,3,2,2,有,無,20000000,231884.0,,0.0,0,,RPUNMLLJKIHGFDA37EA,76.13,10.12,0.0,無,,45.0
大同區,房地(土地+建物)+車位,大龍街９１巷１２號九樓之１１,8.27,住,,,1111103,土地1建物1車位1,九層,十三層,住宅大樓(11層含以上有電梯),住家用,1110422.0,85.24,1,1,1,有,有,17000000,199437.0,坡道平面,29.14,0,,RPRNMLPJKIHGFBA27EA,34.32,0.0,3.01,有,,1.0
信義區,房地(土地+建物)+車位,吳興街６００巷１００弄１８之１號七樓,13.83,住,,,1111106,土地1建物1車位1,七層,十一層,住宅大樓(11層含以上有電梯),住家用,1030108.0,105.74,2,2,2,有,有,19300000,203386.0,升降平面,23.63,2600000,陽台外推；夾層；其他增建；,RPVOMLLJJIHGFDA47EA,39.8,10.72,3.89,有,137.0,9.0
中正區,房地(土地+建物)+車位,仁愛路一段５１號,25.74,住,,,1111114,土地2建物1車位1,一層,十六層,住宅大樓(11層含以上有電梯),住家用,870724.0,166.92000000000002,0,1,1,有,有,65000000,389408.0,坡道平面,0.0,0,陽台外推；,RPSNMLNLJIHGFBA17DA,101.61,0.0,12.17,有,,24.0
大安區,房地(土地+建物),金山南路二段１３２巷９號二樓,22.5,住,,,1111104,土地2建物1車位0,二層，陽臺,四層,公寓(5樓含以下無電梯),住家用,,60.93,2,2,1,有,無,17680000,290169.0,,0.0,0,陽台外推；其他增建；,RPUNMLSJJIHGFFA08DA,60.93,0.0,0.0,無,140.0,
士林區,房地(土地+建物)+車位,環河北路三段２０３號十一樓之２,27.24,住,,,1111118,土地2建物1車位1,十一層,十一層,住宅大樓(11層含以上有電梯),住家用,1011008.0,174.38,2,2,2,有,有,21000000,120427.0,坡道平面,40.43,0,其他增建；,RPOOMLMJKIHGFEA96DA,72.64,14.18,5.75,有,143.0,10.0
中山區,房地(土地+建物),民生東路二段１１５巷１２號三樓,20.48,住,,,1111104,土地1建物1車位0,三層,十三層,住宅大樓(11層含以上有電梯),住家用,1101201.0,119.36,3,2,2,有,有,36000000,301609.0,,0.0,0,,RPQQMLLJKIHGFCA07DA,75.17,1.26,8.31,有,,1.0
大同區,房地(土地+建物),民權西路１６０巷１８弄８號十四樓之５,8.0,住,,,1111101,土地1建物1車位0,十四層,十八層,住宅大樓(11層含以上有電梯),住家用,1101227.0,60.96,1,1,1,有,有,16600000,272310.0,,0.0,0,,RPXNMLKMJIHGFBA47DA,33.76,2.0,4.99,有,,1.0
大安區,房地(土地+建物),安居街７５巷８號三樓,19.93,住,,,1111111,土地1建物1車位0,三層,五層,公寓(5樓含以下無電梯),住家用,,98.55,3,2,2,有,無,18000000,182648.0,,0.0,0,,RPQNMLMJKIHGFFA17DA,81.77,0.0,16.78,無,,
北投區,房地(土地+建物),清江路２０７巷１１號,57.65,住,,,1111101,土地1建物1車位0,一層,五層,公寓(5樓含以下無電梯),住家用,791006.0,181.73,4,2,2,有,無,26000000,143069.0,,0.0,0,其他增建；,RPOOMLLJKIHGFEA86DA,96.79,66.48,0.0,無,,32.0
北投區,房地(土地+建物),中和街４９３巷９弄２３號,37.18,住,,,1111111,土地3建物1車位0,一層,四層,公寓(5樓含以下無電梯),住家用,671003.0,100.5,4,2,2,有,無,15300000,152239.0,,0.0,0,,RPQOMLTLJIHGFEA97DA,86.43,14.07,0.0,無,,44.0
內湖區,房地(土地+建物)+車位,陽光街９２巷２５弄１９號六樓之３,10.86,住,,,1111114,土地1建物1車位1,六層,十層,華廈(10層含以下有電梯),住家用,1021101.0,72.56,2,1,1,有,有,15900000,219129.0,塔式車位,0.0,0,,RPUOMLMJKIHGFCA37DA,26.0,4.29,4.28,有,148.0,9.0
文山區,房地(土地+建物)+車位,萬隆街９１號八樓,30.26,住,,,1111103,土地1建物1車位1,八層,十層,華廈(10層含以下有電梯),住家用,941104.0,173.76,3,2,2,有,有,31000000,182643.0,坡道平面,14.98,2000000,雨遮、機房陽台外推；,RPOOMLKMJIHGFAA56DA,80.83,15.61,10.4,有,,17.0
士林區,房地(土地+建物),延平北路六段１５０巷３號五樓,28.96,住,,,1111111,土地1建物1車位0,五層,五層,公寓(5樓含以下無電梯),住家用,740516.0,82.78999999999999,3,2,1,有,無,8880000,107259.0,,0.0,0,陽台外推；其他增建；,RPVPMLSLJIHGFEA48DA,66.6,0.0,7.4,無,,37.0
中山區,房地(土地+建物),新生北路三段４３號二樓之１１,6.57,住,,,1111107,土地2建物1車位0,二層,十一層,住宅大樓(11層含以上有電梯),住家用,670301.0,51.73,1,1,1,有,有,8300000,160448.0,,0.0,0,其他增建；,RPXNMLQKJIHGFCA97DA,35.62,0.0,3.09,有,,45.0
中正區,房地(土地+建物),仁愛路二段９８號四樓,37.42,住,,,1111115,土地2建物1車位0,四層，陽臺,七層,華廈(10層含以下有電梯),住家用,660106.0,203.74,0,0,0,無,有,66800000,327869.0,,0.0,0,,RPOOMLMJKIHGFBA66DA,174.17,0.0,0.0,有,,46.0
內湖區,房地(土地+建物),江南街８９巷７號三樓,33.59,住,,,1111103,土地1建物1車位0,三層,五層,公寓(5樓含以下無電梯),住家用,770204.0,113.02,3,2,2,有,無,20680000,182976.0,,0.0,0,其他增建；,RPWNMLSKJIHGFCA08DA,92.36,0.35,9.55,無,,35.0
內湖區,房地(土地+建物),江南街２５號五樓,25.17,住,,,1111115,土地1建物1車位0,五層,五層,公寓(5樓含以下無電梯),住家用,720514.0,99.39,3,1,2,有,無,19000000,191166.0,,0.0,0,未登記建物；,RPWOMLPJKIHGFCA97EA,82.57,0.0,7.44,無,,40.0
文山區,房地(土地+建物)+車位,萬壽路６２之８號二樓,17.07,住,,,1111103,土地1建物1車位1,二層,五層,華廈(10層含以下有電梯),住家用,961023.0,46.57,1,0,1,有,有,5700000,132171.0,升降機械,11.01,1000000,,RPQNMLPLJIHGFAA07DA,18.56,2.33,2.25,有,,15.0
大安區,房地(土地+建物),樂利路１１巷３號四樓,32.75,住,,,1111115,土地1建物1車位0,四層,四層,公寓(5樓含以下無電梯),住家用,650702.0,87.65,4,0,4,有,無,20800000,237307.0,,0.0,0,頂樓加蓋；,RPQOMLQJKIHGFFA77EA,77.09,0.0,10.56,無,,46.0
中正區,建物,漢口街一段１０號三樓,0.0,,,,1111118,土地0建物1車位0,三層,五層,公寓(5樓含以下無電梯),住家用,520520.0,71.61,1,2,1,有,無,5800000,80994.0,,0.0,0,,RPUOMLKMJIHGFBA27DA,71.61,0.0,0.0,無,,59.0
文山區,房地(土地+建物)+車位,木新路三段９１號十四樓,38.73,住,,,1111115,土地1建物1車位2,十四層,十五層,住宅大樓(11層含以上有電梯),住家用,1020910.0,281.61,3,2,2,有,有,40000000,142045.0,坡道平面,0.0,0,,RPVNMLRJKIHGFAA77EA,107.52,12.91,9.91,有,,9.0
內湖區,房地(土地+建物)+車位,新豐街１５１號,40.62,住,,,1111101,土地1建物1車位1,一層,八層,華廈(10層含以下有電梯),住家用,980814.0,214.87,3,2,2,有,有,37660000,175269.0,坡道平面,0.0,0,陽台外推；,RPQOMLRKJIHGFCA47DA,88.98,1.05,10.12,有,,13.0
北投區,房地(土地+建物),清江路１２６號四樓,20.62,住,,,1111101,土地2建物1車位0,四層,四層,公寓(5樓含以下無電梯),住家用,690826.0,58.11,3,2,1,有,無,9000000,154879.0,,0.0,0,頂樓加蓋；其他增建；,RPRNMLLLJIHGFEA17DA,56.08,0.0,2.03,無,,42.0
大安區,房地(土地+建物),師大路８０巷２２號四樓,39.0,住,,,1111109,土地2建物1車位0,四層,四層,公寓(5樓含以下無電梯),住家用,600802.0,107.22,4,2,2,有,無,23500000,219176.0,,0.0,0,陽台外推；頂樓加蓋；,RPWNMLQJKIHGFFA28EA,91.42,0.0,15.8,無,,51.0
信義區,房地(土地+建物),永吉路２００巷６１弄２號五樓之１,9.8,住,,,1111111,土地1建物1車位0,五層,五層,華廈(10層含以下有電梯),住家用,1040723.0,32.7,1,1,1,有,有,10700000,327217.0,,0.0,0,夾層；,RPWNMLMJKIHGFDA57DA,12.88,3.06,1.59,有,166.0,7.0
松山區,房地(土地+建物),八德路二段４１０巷８８弄２號三樓,56.5,住,,,1111105,土地1建物1車位0,三層，陽臺,四層,公寓(5樓含以下無電梯),住家用,630510.0,131.81,3,2,2,有,無,32000000,242774.0,,0.0,0,,RPOOMLQJKIHGFDA37EA,131.81,0.0,0.0,無,,48.0
文山區,房地(土地+建物),溪口街５４號三樓,24.0,住,,,1111110,土地1建物1車位0,三層,五層,公寓(5樓含以下無電梯),住家用,670503.0,94.28,3,2,1,有,無,16100000,170768.0,,0.0,0,其他增建；,RPQNMLNJKIHGFAA76DA,80.54,0.0,13.74,無,,45.0
中山區,房地(土地+建物),明水路３９７巷７弄６０號四樓之３,12.75,住,,,1111119,土地1建物1車位0,四層,七層,華廈(10層含以下有電梯),住家用,810618.0,41.52,1,1,1,有,有,11800000,284200.0,,0.0,0,陽台外推；,RPPOMLSLJIHGFCA57DA,28.56,1.03,3.61,有,171.0,30.0
士林區,房地(土地+建物),社中街２７３號三樓,25.08,住,,,1111106,土地1建物1車位0,三層,五層,公寓(5樓含以下無電梯),住家用,691215.0,92.45,3,2,1,有,無,11200000,121147.0,,0.0,0,,RPXOMLPJKIHGFEA18DA,79.17,0.0,13.28,無,,42.0
中山區,房地(土地+建物),明水路５５５號十五樓之３５,10.47,住,,,1111106,土地1建物1車位0,十四層，十五層,十六層,住宅大樓(11層含以上有電梯),住家用,850530.0,45.2,1,1,1,有,有,12500000,276549.0,,0.0,0,,RPRNMLNJKIHGFCA07DA,29.76,0.0,3.8,有,173.0,26.0
士林區,房地(土地+建物),社子街２２巷５６號二樓,20.5,住,,,1111111,土地1建物1車位0,二層,五層,公寓(5樓含以下無電梯),住家用,690307.0,72.26,3,2,1,有,無,8800000,121782.0,,0.0,0,陽台外推；其他增建；,RPPNMLSLJIHGFEA67DA,60.49,0.0,11.77,無,,43.0
文山區,房地(土地+建物)+車位,木新路三段８５號十四樓,32.03,住,,,1111115,土地1建物1車位2,十四層,十五層,住宅大樓(11層含以上有電梯),住家用,1020910.0,247.97000000000003,2,2,2,有,有,33800000,136312.0,坡道平面,0.0,0,,RPUNMLRJKIHGFAA67EA,89.61,10.19,6.81,有,176.0,9.0
松山區,房地(土地+建物),健康路２１號九樓,39.78,住,,,1111107,土地1建物1車位0,九層,十三層,住宅大樓(11層含以上有電梯),住家用,860728.0,180.82,4,2,2,有,有,47000000,259927.0,,0.0,0,,RPXQMLLJJIHGFDA87EA,100.46,3.03,11.62,有,178.0,25.0
北投區,房地(土地+建物)+車位,稻香路１６１巷７號三樓之８,11.64,住,,,1111105,土地1建物2車位1,三層,十一層,住宅大樓(11層含以上有電梯),住家用,930312.0,71.4,3,1,1,有,有,9450000,132353.0,升降機械,6.71,0,陽台外推；夾層；其他增建；,RPOOMLMLJIHGFEA07DA,26.8,0.67,3.7,有,179.0,19.0
中正區,房地(土地+建物),愛國東路７４巷２５號二樓之５,7.52,住,,,1111105,土地1建物1車位0,二層,八層,華廈(10層含以下有電梯),住家用,970701.0,33.28,1,1,1,有,有,14500000,435697.0,,0.0,0,夾層；其他增建；,RPWNMLSLJIHGFAA97DA,17.07,2.27,0.0,有,184.0,14.0
內湖區,房地(土地+建物)+車位,成功路四段１８０號十九樓之２,16.97,,,,1111117,土地1建物1車位1,十九層,二十九層,住宅大樓(11層含以上有電梯),住家用,1070223.0,238.51,3,2,2,有,有,59384000,271639.0,坡道平面,29.1,2500000,,RPWNMLQJKIHGFCA87DA,121.77,3.29,17.12,有,188.0,5.0
信義區,房地(土地+建物)+車位,永吉路２００巷２１弄１８號六樓,30.23,住,,,1111112,土地1建物1車位1,六層,六層,華廈(10層含以下有電梯),住家用,910830.0,122.39,3,2,2,有,有,26560000,217011.0,升降機械,19.82,0,陽台外推；,RPUNMLKMJIHGFDA37DA,61.93,0.72,8.84,有,,20.0
南港區,房地(土地+建物),昆陽街１４２巷３５號,27.38,住,,,1111107,土地1建物1車位0,一層，平台,四層,公寓(5樓含以下無電梯),住家用,641028.0,87.86,6,0,6,有,無,16000000,182108.0,,0.0,0,一樓平台有外推,RPPOMLQJKIHGFDA37DA,87.86,0.0,0.0,無,,47.0
文山區,房地(土地+建物)+車位,政大一街２９７號四樓,58.85,住,,,1111118,土地1建物1車位1,四層,五層,華廈(10層含以下有電梯),住家用,1031113.0,168.64,2,2,2,有,有,27080000,160579.0,坡道平面,0.0,0,,RPTOMLRJKIHGFAA57DA,79.72,3.11,9.57,有,191.0,8.0
文山區,房地(土地+建物),光輝路５３號三樓,28.91,住,,,1111114,土地1建物1車位0,三層，陽臺,五層,公寓(5樓含以下無電梯),住家用,,49.55,3,1,1,有,無,5000000,100908.0,,0.0,0,二親等買賣,RPROMLOKJIHGFAA07DA,49.55,0.0,0.0,無,,
內湖區,房地(土地+建物)+車位,成功路四段１７８號二十二樓之２,16.97,,,,1111117,土地1建物1車位1,二十二層,二十九層,住宅大樓(11層含以上有電梯),住家用,1070223.0,238.36,2,2,2,有,有,59660000,273153.0,坡道平面,29.1,2500000,,RPXNMLQJKIHGFCA97DA,121.62,3.29,17.12,有,194.0,5.0
內湖區,房地(土地+建物)+車位,文湖街２１巷８２弄２５號三樓之１,17.7,住,,,1111113,土地1建物1車位1,三層,七層,華廈(10層含以下有電梯),住家用,1110715.0,94.48,0,0,0,無,有,20770000,237248.0,升降機械,14.1,1700000,,RPWPMLRJKIHGFCA28EA,37.99,6.01,5.08,有,,
南港區,房地(土地+建物),重陽路１２５巷３６弄１０號五樓之７,19.22,住,,,1111108,土地1建物1車位0,五層,八層,華廈(10層含以下有電梯),住家用,961008.0,80.46,2,2,1,有,有,17000000,211285.0,,0.0,0,陽台外推約1.92坪左右陽台外推；,RPROMLRJKIHGFDA77EA,44.55,0.0,6.35,有,,15.0
內湖區,房地(土地+建物)+車位,文湖街２１巷８２弄２５號二樓之１,17.7,住,,,1111113,土地1建物1車位1,二層,七層,華廈(10層含以下有電梯),住家用,1110715.0,94.48,0,0,0,無,有,18750000,212117.0,升降機械,14.1,1700000,,RPXPMLRJKIHGFCA38EA,37.99,6.01,5.08,有,,
中山區,房地(土地+建物)+車位,堤頂大道二段３００號四樓,80.27,住,,,1111112,土地1建物1車位1,四層，五層,十一層,住宅大樓(11層含以上有電梯),住家用,900621.0,226.49,6,3,2,有,有,63000000,314318.0,坡道平面,34.01,2500000,陽台外推；其他增建；,RPROMLPKJIHGFCA37DA,124.04,3.14,13.67,有,,21.0
內湖區,房地(土地+建物),金湖路１５號四樓,28.87,住,,,1111102,土地1建物1車位0,四層,五層,公寓(5樓含以下無電梯),住家用,690421.0,101.61,5,0,5,有,無,16450000,161894.0,,0.0,0,陽台外推；其他增建；,RPUNMLTLJIHGFCA08DA,86.48,0.0,6.53,無,,43.0
中正區,房地(土地+建物),辛亥路一段７巷１０號二樓,32.2,住,,,1111111,土地3建物1車位0,二層,五層,公寓(5樓含以下無電梯),住家用,731108.0,133.91,3,2,2,有,無,27500000,205362.0,,0.0,0,陽台外推；,RPOOMLQJKIHGFAA96DA,98.94,0.0,10.84,無,,38.0
北投區,房地(土地+建物),尊賢街３０２巷２１號,32.5,住,,,1111102,土地1建物1車位0,一層，平台,四層,公寓(5樓含以下無電梯),住家用,641105.0,113.55,4,2,1,有,無,29700000,261559.0,,0.0,0,,RPROMLRJKIHGFEA77DA,113.55,0.0,0.0,無,203.0,47.0
南港區,房地(土地+建物),昆陽街１４０巷３６號,27.38,住,,,1111107,土地1建物2車位0,一層,四層,公寓(5樓含以下無電梯),住家用,641028.0,87.86,2,2,2,有,無,21000000,239017.0,,0.0,0,2戶都是一樓、打通使用  平台外推,RPSOMLQJKIHGFDA67DA,76.52,11.34,0.0,無,,47.0
文山區,房地(土地+建物),木柵路一段５７之６號三樓,33.94,住,,,1111118,土地1建物1車位0,三層,五層,公寓(5樓含以下無電梯),住家用,711230.0,114.2,3,2,2,有,無,15000000,131349.0,,0.0,0,,RPPNMLSJKIHGFAA27EA,98.3,0.0,5.54,無,,40.0
文山區,房地(土地+建物)+車位,木柵路四段２１巷８號五樓,51.56,住,,,1111114,土地2建物1車位1,五層，電梯樓梯間,六層,華廈(10層含以下有電梯),住家用,841127.0,122.76,3,2,1,有,有,18000000,146628.0,坡道平面,0.0,2500000,其他增建；,RPUNMLKMJIHGFAA07DA,62.09,2.55,6.03,有,,27.0
內湖區,房地(土地+建物)+車位,成功路四段１７８號二十二樓之３,21.4,,,,1111117,土地1建物1車位4,二十二層,二十九層,住宅大樓(11層含以上有電梯),住家用,1070223.0,366.5700000000001,2,2,2,有,有,79334000,273150.0,坡道平面,116.4,11000000,,RPPOMLQJKIHGFCA27DA,144.96,6.71,18.1,有,205.0,5.0
北投區,房地(土地+建物),懷德街７８巷１３號三樓,38.41,住,,,1111004,土地1建物1車位0,三層,五層,公寓(5樓含以下無電梯),住家用,671227.0,147.88,3,2,2,有,無,28800000,194753.0,,0.0,0,,RPOOMLOJIIHGFEA96DA,108.67,0.0,21.06,無,,44.0
北投區,房地(土地+建物)+車位,中央北路四段５４１巷３號十三樓,19.33,住,,,1111005,土地1建物1車位1,十三層,十八層,住宅大樓(11層含以上有電梯),住家用,1101216.0,135.78,2,1,1,有,有,22300000,217738.0,坡道平面,41.63,1800000,,RPPNMLPJIIHGFEA07DA,51.54,2.05,7.86,有,207.0,1.0
北投區,房地(土地+建物),自強街５巷１０２弄１２號二樓,44.67,住,,,1111006,土地1建物1車位0,二層,三層,公寓(5樓含以下無電梯),住家用,590702.0,76.35,3,1,1,有,無,8750000,114604.0,,0.0,0,,RPSOMLRKIIHGFEA87EA,76.35,0.0,0.0,無,,52.0
北投區,房地(土地+建物),民族街４３巷２６號二樓,30.4,住,,,1111003,土地1建物1車位0,二層,五層,公寓(5樓含以下無電梯),住家用,661214.0,102.12,3,2,2,有,無,10500000,102820.0,,0.0,0,,RPRPMLRJIIHGFEA67DA,89.78,0.0,12.34,無,,45.0
北投區,房地(土地+建物)+車位,復興四路３６號,15.31,住,,,1111002,土地1建物1車位1,一層,七層,華廈(10層含以下有電梯),住家用,1001031.0,83.5,2,2,2,有,有,15500000,184089.0,塔式車位,7.45,1500000,夾層；其他增建；,RPRNMLRKIIHGFEA57DA,41.7,3.15,6.12,有,,11.0
大安區,房地(土地+建物),永康街４巷２之２號,29.5,住,,,1111006,土地2建物1車位0,三層,四層,公寓(5樓含以下無電梯),住家用,580725.0,72.75,2,1,1,有,無,21200000,291409.0,,0.0,0,,RPQNMLRKIIHGFFA57DA,72.75,0.0,0.0,無,,53.0
士林區,房地(土地+建物),延平北路六段１１６巷２弄８號三樓,31.1,住,,,1111003,土地1建物1車位0,三層,四層,公寓(5樓含以下無電梯),住家用,701231.0,74.97,3,1,2,有,無,7500000,100040.0,,0.0,0,,RPPOMLTKIIHGFEA67DA,65.52,0.0,9.45,無,,41.0
萬華區,房地(土地+建物),青年路１６８巷１３號四樓之１,17.69,住,,,1111003,土地2建物1車位0,四層，陽臺,五層,公寓(5樓含以下無電梯),住家用,640523.0,58.1,0,0,0,無,無,7900000,135972.0,,0.0,0,,RPQQMLPKQHHGFBA08EA,49.64,0.0,0.0,無,276.0,47.0
信義區,房地(土地+建物),吳興街２８４巷２４弄２４號二樓,35.25,住,,,1111001,土地1建物1車位0,二層，陽臺,四層,公寓(5樓含以下無電梯),住家用,640825.0,97.4,3,2,2,有,無,16600000,170431.0,,0.0,0,,RPTPMLTKIIHGFDA08DA,97.4,0.0,0.0,無,,47.0
大安區,房地(土地+建物),安和路一段１１２巷２５號二樓,33.59,住,,,1111011,土地1建物1車位0,二層,七層,華廈(10層含以下有電梯),住家用,710910.0,175.36,4,2,2,有,無,41880000,238823.0,,0.0,0,陽台外推；其他增建；,RPRNMLSKIIHGFFA77DA,148.07,0.0,21.45,有,,40.0
北投區,房地(土地+建物),泉源路４８號八樓之３,11.19,住,,,1111012,土地1建物1車位0,八層,十三層,住宅大樓(11層含以上有電梯),住家用,890615.0,48.010000000000005,1,2,1,有,有,8500000,177046.0,,0.0,0,夾層；,RPXQMLMKIIHGFEA97DA,31.83,0.0,4.05,有,285.0,22.0
內湖區,房地(土地+建物),南京東路六段１３３號八樓,12.13,住,,,1111011,土地1建物1車位0,八層,九層,華廈(10層含以下有電梯),住家用,860526.0,32.53,3,1,2,有,有,4500000,138334.0,,0.0,0,,RPVOMLTKIIHGFCA18EA,18.72,0.0,2.11,有,,25.0
北投區,房地(土地+建物),幽雅路７號四樓之１３,7.88,,,,1111016,土地1建物1車位0,四層,十三層,住宅大樓(11層含以上有電梯),住家用,980205.0,48.8,0,0,0,無,有,6200000,127049.0,,0.0,0,陽台外推；,RPROMLOLIIHGFEA57EA,24.92,1.13,4.76,有,298.0,14.0
文山區,房地(土地+建物)+車位,忠順街二段９０巷３２號,31.33,住,,,1111003,土地1建物1車位2,一層,七層,華廈(10層含以下有電梯),住家用,840831.0,174.66,3,2,2,有,有,21500000,123096.0,坡道平面,0.0,0,,RPOOMLLLIIHGFAA56EA,68.4,14.27,0.0,有,,27.0
南港區,房地(土地+建物)+車位,研究院路二段６１巷１７號九樓,35.74,,,,1111014,土地1建物1車位2,九層,十八層,住宅大樓(11層含以上有電梯),住家用,1021230.0,303.6,3,2,2,有,有,47000000,154809.0,坡道平面,103.9,0,,RPVOMLOLIIHGFDA77DA,114.92,7.08,10.24,有,300.0,9.0
中山區,房地(土地+建物),建國北路二段１０９號九樓,17.0,住,,,1111010,土地1建物1車位0,九層,十二層,住宅大樓(11層含以上有電梯),住家用,741123.0,123.17,3,2,2,有,有,29000000,235447.0,,0.0,0,,RPSOMLOLIIHGFCA37DA,103.78,0.0,15.69,有,,37.0
文山區,房地(土地+建物),興隆路一段９３號二樓,33.27,住,,,1111005,土地1建物1車位0,二層，陽臺,四層,公寓(5樓含以下無電梯),住家用,640128.0,93.81,3,2,1,有,無,11000000,117258.0,,0.0,0,,RPPNMLNLIIHGFAA66DA,93.81,0.0,0.0,無,,48.0
北投區,房地(土地+建物)+車位,公路１６１巷１號六樓,66.64,住,,,1111013,土地4建物1車位1,六層,七層,華廈(10層含以下有電梯),住家用,1040717.0,188.5,3,2,2,有,有,27000000,159039.0,坡道平面,29.42,1700000,,RPUOMLTKIIHGFEA18DA,70.25,12.1,14.86,有,,7.0
南港區,房地(土地+建物),重陽路１６６巷１６弄５號二樓,39.25,住,,,1111011,土地1建物1車位0,二層,四層,公寓(5樓含以下無電梯),住家用,610320.0,70.54,2,2,1,有,無,13200000,187128.0,,0.0,0,,RPSPMLPLIIHGFDA67DA,67.74,0.0,2.8,無,318.0,51.0
北投區,房地(土地+建物),中和街３９８巷５弄２號五樓之８,15.76,住,,,1111006,土地4建物1車位0,五層,十層,華廈(10層含以下有電梯),住家用,840622.0,34.97,1,1,1,有,有,4800000,137261.0,,0.0,0,陽台外推；,RPRNMLPLIIHGFEA47DA,20.87,1.05,3.22,有,,27.0
內湖區,房地(土地+建物)+車位,康樂街１３１巷１２號六樓,35.44,住,,,1111004,土地1建物1車位1,六層,九層,華廈(10層含以下有電梯),住家用,820604.0,158.35000000000002,3,2,2,有,有,22500000,142099.0,坡道平面,0.0,0,其他增建；,RPRQMLPLIIHGFCA57DA,126.99,18.05,9.81,有,,29.0
北投區,房地(土地+建物)+車位,中央北路二段３５０巷９２號十一樓,47.75,住,,,1111018,土地1建物1車位1,十一層,十四層,住宅大樓(11層含以上有電梯),住家用,1040724.0,192.35,3,2,2,有,有,28788888,149669.0,坡道平面,0.0,0,政府機關標讓售；,RPTQMLSKIIHGFEA18DA,104.03,0.0,11.14,有,,7.0
大安區,房地(土地+建物)+車位,基隆路二段２７３號六樓,11.59,住,,,1111001,土地2建物1車位1,六層,八層,華廈(10層含以下有電梯),住家用,840824.0,55.44,2,1,1,有,有,12000000,216450.0,升降機械,0.0,0,,RPOOMLOLIIHGFFA37EA,18.02,2.68,2.42,有,,27.0
文山區,房地(土地+建物),景豐街５０號六樓之１,11.45,住,,,1111006,土地1建物1車位0,六層,九層,華廈(10層含以下有電梯),住家用,831227.0,48.91,1,1,1,有,有,9150000,187078.0,,0.0,0,其他增建；,RPXOMLLLIIHGFAA37DA,28.66,1.73,4.13,有,,28.0
大安區,房地(土地+建物),仁愛路四段２３０號九樓之３,10.31,住,,,1111008,土地2建物1車位0,九層,十二層,住宅大樓(11層含以上有電梯),住家用,670912.0,78.44999999999999,3,2,1,有,有,27500000,350542.0,,0.0,0,陽台外推；,RPORMLNKPHHGFFA08EA,59.52,0.0,6.33,有,,44.0
士林區,房地(土地+建物)+車位,幸福街５巷３２號二樓之２,20.18,住,,,1111002,土地1建物1車位1,二層,八層,華廈(10層含以下有電梯),住家用,991014.0,111.43,2,2,1,有,有,21900000,196536.0,升降機械,21.0,0,陽台外推；夾層；其他增建；,RPPOMLRKIIHGFEA47DA,43.87,7.68,5.63,有,,12.0
士林區,房地(土地+建物),承德路四段８８號十樓之７,6.52,住,,,1111017,土地1建物1車位0,十層,十五層,住宅大樓(11層含以上有電梯),住家用,1110421.0,53.57,1,1,1,有,有,12845749,239794.0,,0.0,0,,RPVOMLQLIIHGFEA08DA,31.21,1.22,2.74,有,,
內湖區,房地(土地+建物)+車位,新豐街１０８號二樓,35.65,住,,,1111013,土地1建物1車位1,二層,十層,華廈(10層含以下有電梯),住家用,980715.0,182.67,3,2,2,有,有,42000000,229923.0,坡道平面,0.0,0,,RPSRMLTJQHHGFCA78EA,78.29,8.19,5.26,有,,13.0
南港區,房地(土地+建物)+車位,重陽路２５號九樓,17.0,住,,,1111005,土地1建物1車位1,九層,十四層,住宅大樓(11層含以上有電梯),住家用,1110124.0,107.59,1,1,1,有,有,28480000,317625.0,坡道平面,26.74,2800000,,RPSNMLQLIIHGFDA57DA,44.23,1.48,7.0,有,336.0,1.0
南港區,房地(土地+建物)+車位,街１９號五樓之３,27.85,住,,,1111005,土地1建物1車位1,五層,十二層,住宅大樓(11層含以上有電梯),住家用,951116.0,167.72,3,2,2,有,有,32900000,196160.0,坡道平面,35.39,0,,RPVNMLKLIIHGFDA27DA,75.49,1.26,8.03,有,,16.0
內湖區,房地(土地+建物),金湖路６４巷６號,4.51,住,,,1111018,土地4建物1車位0,一層,五層,公寓(5樓含以下無電梯),住家用,701224.0,107.33,3,2,2,有,無,18000000,167707.0,,0.0,0,,RPVRMLTJQHHGFCA09EA,84.79,13.43,0.0,無,,41.0
北投區,房地(土地+建物),中和街４５８巷４４弄６號,55.0,住,,,1111006,土地1建物1車位0,全,二層,透天厝,住家用,620605.0,70.5,3,2,3,有,無,17100000,242553.0,,0.0,0,陽台外推；頂樓加蓋；,RPUNMLRLIIHGFEA08EA,70.5,0.0,0.0,無,,49.0
內湖區,房地(土地+建物),康樂街１１１巷１６號五樓,25.43,住,,,1111002,土地1建物1車位0,五層,五層,公寓(5樓含以下無電梯),住家用,731117.0,110.01,2,2,2,有,無,15600000,141805.0,,0.0,0,陽台外推；,RPUPMLRLIIHGFCA08EA,78.5,0.0,9.84,無,,38.0
北投區,房地(土地+建物)+車位,石牌路二段３４８巷１５號四樓之１,15.53,住,,,1111011,土地1建物1車位1,四層,六層,華廈(10層含以下有電梯),住家用,821231.0,71.72,1,1,1,有,有,12450000,173592.0,升降機械,20.52,0,,RPQOMLRLIIHGFEA77EA,36.83,1.23,0.0,有,,29.0
文山區,房地(土地+建物),景福街５４巷５弄４號三樓,38.56,住,,,1111001,土地1建物1車位0,三層,五層,公寓(5樓含以下無電梯),住家用,770517.0,108.56,3,2,2,有,無,17360000,159912.0,,0.0,0,,RPSNMLLMIIHGFAA96EA,87.74,0.0,9.95,無,,34.0
文山區,房地(土地+建物)+車位,和平東路四段６６巷１１號十五樓,104.84,住,,,1111004,土地2建物1車位2,十五層,十六層,住宅大樓(11層含以上有電梯),住家用,860529.0,325.17,3,2,2,有,有,45680000,140480.0,坡道平面,0.0,0,,RPQNMLPLIIHGFAA96DA,165.33,6.62,20.2,有,362.0,25.0
北投區,房地(土地+建物),致遠三路３９巷７號五樓,22.8,住,,,1111001,土地1建物1車位0,五層,五層,公寓(5樓含以下無電梯),住家用,750313.0,78.63,2,2,1,有,無,11800000,150070.0,,0.0,0,頂樓加蓋；其他增建；,RPQNMLMKIIHGFEA96DA,65.4,0.0,6.84,無,,37.0
文山區,房地(土地+建物)+車位,木新路二段４３巷２５號八樓,64.99,住,,,1111007,土地1建物1車位1,八層,十二層,住宅大樓(11層含以上有電梯),住家用,1070103.0,293.82000000000005,0,0,0,無,有,56200000,217656.0,坡道平面,47.1,2500000,,RPWNMLMKIIHGFAA17DA,120.26,20.06,16.14,有,,5.0
中山區,房地(土地+建物)+車位,市民大道三段１６９號十樓之５,11.85,住,,,1111002,土地1建物1車位1,十層,十三層,住宅大樓(11層含以上有電梯),住家用,970602.0,85.12,2,1,1,有,有,15500000,182074.0,坡道平面,41.28,0,車位編號：10號。夾層；,RPSNMLKLIIHGFCA86DA,24.51,1.94,3.41,有,366.0,14.0
文山區,房地(土地+建物),興隆路二段２２５號二樓,31.5,住,,,1111012,土地2建物1車位0,二層，陽臺,四層,公寓(5樓含以下無電梯),住家用,621121.0,95.07,4,2,1,有,無,14000000,147260.0,,0.0,0,陽台外推；其他增建；,RPOPMLSLIIHGFAA27DA,95.07,0.0,0.0,無,,49.0
北投區,房地(土地+建物),西安街二段２６７號三樓之５,6.68,住,,,1111018,土地1建物1車位0,三層,七層,華廈(10層含以下有電梯),住家用,981123.0,27.51,1,1,1,有,有,7490000,272265.0,,0.0,0,,RPPRMLMKMHHGFEA67EA,14.82,1.27,1.69,有,,13.0
大安區,房地(土地+建物),忠孝東路四段２２３巷４３號二樓,24.26,住,,,1111024,土地3建物1車位0,二層,七層,華廈(10層含以下有電梯),住家用,670125.0,130.22,4,2,2,有,無,38000000,291814.0,,0.0,0,陽台外推；,RPUNMLLMIIHGFFA57DA,117.86,0.0,12.36,有,,45.0
北投區,房地(土地+建物),新民路５３之１號八樓之６,2.4,住,,,1111026,土地1建物1車位0,八層,十層,華廈(10層含以下有電梯),住家用,970221.0,11.97,1,1,1,有,有,2200000,183793.0,,0.0,0,,RPOOMLOLIIHGFEA17DA,6.54,1.23,0.0,有,376.0,15.0
北投區,房地(土地+建物)+車位,三合街一段８２巷１０６號九樓,18.88,住,,,1111001,土地1建物1車位1,九層,九層,華廈(10層含以下有電梯),住家用,1070423.0,135.13,2,2,1,有,有,23400000,245622.0,坡道平面,50.04,2500000,,RPQOMLLJJIHGFEA07EA,50.79,0.0,3.31,有,379.0,4.0
北投區,房地(土地+建物),立農街二段２５９號三樓,32.47,住,,,1111005,土地1建物1車位0,三層,五層,公寓(5樓含以下無電梯),住家用,710812.0,110.44,3,2,2,有,無,19000000,172039.0,,0.0,0,陽台外推；,RPQNMLLJJIHGFEA96EA,94.99,0.0,15.45,無,,40.0
萬華區,房地(土地+建物),國興路６６號五樓,12.4,住,,,1111001,土地1建物1車位0,五層,十二層,住宅大樓(11層含以上有電梯),住家用,680403.0,46.08,1,1,1,有,有,9010000,195530.0,,0.0,0,陽台外推；其他增建；,RPUPMLOKIIHGFBA47DA,38.94,0.0,7.14,有,,43.0
南港區,房地(土地+建物)+車位,重陽路１５號十樓,10.58,住,,,1111002,土地1建物1車位1,十層,十四層,住宅大樓(11層含以上有電梯),住家用,1110124.0,73.42,0,0,0,無,有,17100000,232907.0,坡道平面,0.0,0,,RPRNMLLJJIHGFDA96EA,25.45,0.0,6.38,有,382.0,1.0
內湖區,房地(土地+建物)+車位,內湖路三段６０巷１２弄７３號九樓之１,27.85,住,,,1111010,土地1建物1車位1,九層,十六層,住宅大樓(11層含以上有電梯),住家用,810623.0,163.23999999999998,2,2,2,有,有,23000000,140897.0,坡道機械,24.38,0,陽台外推；,RPRPMLLKIIHGFCA96DA,135.1,3.49,10.92,有,,30.0
中山區,房地(土地+建物),松江路３３０巷５３號二樓,7.98,住,,,1111003,土地1建物1車位0,二層,九層,華廈(10層含以下有電梯),住家用,961207.0,53.17999999999999,1,1,1,有,有,14700000,276420.0,,0.0,0,陽台外推；夾層；其他增建；,RPROMLKLIIHGFCA86DA,22.75,0.0,12.23,有,,15.0
南港區,房地(土地+建物),中坡北路４０巷７號三樓,33.75,住,,,1111010,土地2建物1車位0,三層,四層,公寓(5樓含以下無電梯),住家用,660514.0,80.99,3,1,1,有,無,16000000,197555.0,,0.0,0,,RPSQMLSLIIHGFDA08DA,68.0,0.0,12.99,無,,45.0
中山區,房地(土地+建物)+車位,明水路５５５號十五樓之８,20.62,住,,,1111001,土地1建物1車位1,十五層，十六層,十六層,住宅大樓(11層含以上有電梯),住家用,850530.0,120.57,3,2,1,有,有,28000000,232230.0,坡道平面,0.0,0,,RPWNMLLJJIHGFCA37EA,52.39,1.15,13.85,有,,26.0
南港區,房地(土地+建物),南深路３３號七樓之１５,11.39,住,,,1111010,土地1建物1車位0,七層,十層,華廈(10層含以下有電梯),住家用,880316.0,32.74,1,1,1,有,有,5000000,152672.0,,0.0,0,,RPQNMLOKIIHGFDA07DA,21.78,0.0,3.59,有,384.0,24.0
中正區,房地(土地+建物),牯嶺街４４號三樓,17.8,住,,,1111002,土地1建物1車位0,三層,五層,公寓(5樓含以下無電梯),住家用,670330.0,65.79,2,2,1,有,無,15000000,227998.0,,0.0,0,,RPQOMLOLIIHGFAA96DA,57.94,0.0,7.85,無,,45.0
文山區,房地(土地+建物)+車位,辛亥路四段２０９巷２０號二十五樓,16.99,住,,,1111003,土地1建物1車位1,二十五層,二十六層,住宅大樓(11層含以上有電梯),住家用,1090430.0,146.86,3,2,2,有,有,33660000,271201.0,坡道平面,33.07,2800000,,RPXNMLSJPHHGFAA48EA,65.48,6.23,6.53,有,385.0,2.0
士林區,房地(土地+建物),雨聲街４巷１４號,60.0,住,,,1111006,土地1建物1車位0,一層,二層,公寓(5樓含以下無電梯),住家用,660901.0,107.2,3,2,2,有,無,20900000,194963.0,,0.0,0,平台、防火巷其他增建；,RPRPMLSKIIHGFEA87DA,94.24,12.96,0.0,無,386.0,45.0
北投區,房地(土地+建物),大興街２４巷３弄５號四樓,34.76,住,,,1111001,土地1建物1車位0,四層,四層,公寓(5樓含以下無電梯),住家用,681224.0,107.79,4,2,2,有,無,14880000,138046.0,,0.0,0,其他增建；,RPOOMLLJJIHGFEA76DA,99.33,0.0,8.46,無,387.0,43.0
南港區,房地(土地+建物),重陽路５７巷９６號二樓,21.49,住,,,1111016,土地1建物1車位0,二層,十層,華廈(10層含以下有電梯),住家用,961128.0,91.09,2,2,1,有,有,18700000,205291.0,,0.0,0,,RPQNMLLMIIHGFDA96DA,57.16,3.57,4.07,有,,15.0
北投區,房地(土地+建物),溫泉路６８巷２０之１號五樓,22.27,住,,,1111009,土地1建物1車位0,五層,五層,公寓(5樓含以下無電梯),住家用,700515.0,89.18,3,2,1,有,無,12000000,134559.0,,0.0,0,陽台外推；頂樓加蓋；其他增建；,RPWNMLSLIIHGFEA28DA,67.19,0.0,21.99,無,,41.0
南港區,房地(土地+建物),福德街３３９巷３２號,17.5,住,,,1111007,土地1建物1車位0,一層，平台,四層,公寓(5樓含以下無電梯),住家用,641203.0,62.61,3,2,1,有,無,12200000,194857.0,,0.0,0,,RPPOMLNJJIHGFDA07EA,62.61,0.0,0.0,無,,47.0
松山區,房地(土地+建物),八德路三段９９巷８號四樓,36.75,住,,,1111006,土地1建物1車位0,四層,四層,公寓(5樓含以下無電梯),住家用,600330.0,137.38,5,1,5,有,無,32400000,235842.0,,0.0,0,頂樓加蓋；其他增建；,RPOOMLLMIIHGFDA86DA,131.89,5.49,0.0,無,393.0,52.0
松山區,房地(土地+建物),延壽街３５６巷４弄４號五樓,25.8,住,,,1111016,土地1建物1車位0,五層,五層,公寓(5樓含以下無電梯),住家用,670824.0,90.75,3,2,1,有,無,19650000,216529.0,,0.0,0,,RPWOMLMJJIHGFDA67EA,83.82,0.0,6.93,無,,44.0
內湖區,房地(土地+建物),內湖路一段７３７巷３３弄７號二樓,33.26,住,,,1111020,土地1建物1車位0,二層,五層,公寓(5樓含以下無電梯),住家用,700327.0,120.87,3,1,2,有,無,18500000,153057.0,,0.0,0,,RPSPMLMJJIHGFCA17DA,106.17,0.0,14.7,無,,42.0
中山區,房地(土地+建物),建國北路二段１４７號十一樓之４,9.03,住,,,1111007,土地1建物1車位0,十一層,十四層,住宅大樓(11層含以上有電梯),住家用,710702.0,71.42,0,0,0,無,有,12960000,181462.0,,0.0,0,,RPPTMLLJJIHGFCA17DA,52.25,0.0,0.0,有,,40.0
士林區,房地(土地+建物),中山北路六段２９０巷４２號二樓,46.8,住,,,1111024,土地1建物1車位0,二層,五層,公寓(5樓含以下無電梯),住家用,720209.0,144.7,4,2,2,有,無,26260000,181479.0,,0.0,0,陽台外移及向外加裝鐵窗其他增建；,RPXPMLOLIIHGFEA18DA,119.12,0.0,25.58,無,,40.0
內湖區,房地(土地+建物),金龍路２１５號五樓之２,17.85,,,,1111006,土地1建物1車位0,五層,十層,華廈(10層含以下有電梯),住家用,781103.0,92.22,2,2,2,有,有,18700000,202776.0,,0.0,0,,RPQNMLNJJIHGFCA96EA,68.45,2.32,3.47,有,,33.0
士林區,房地(土地+建物),通河西街一段９１號,32.25,住,,,1111012,土地2建物1車位0,一層,四層,公寓(5樓含以下無電梯),住家用,580728.0,84.24,3,2,1,有,無,18000000,213675.0,,0.0,0,其他增建；,RPQOMLKMIIHGFEA07DA,84.24,0.0,0.0,無,,53.0
內湖區,房地(土地+建物)+車位,東湖路１１３巷４９弄２７號五樓之２,33.73,住,,,1111003,土地1建物1車位1,五層,八層,華廈(10層含以下有電梯),住家用,840513.0,159.29000000000002,3,2,2,有,有,24200000,151924.0,坡道平面,0.0,0,陽台外推；,RPWPMLMJJIHGFCA57DA,92.51,5.14,11.22,有,,27.0
中山區,房地(土地+建物),建國北路二段１４７號十一樓之３,9.03,住,,,1111007,土地1建物1車位0,十一層,十四層,住宅大樓(11層含以上有電梯),住家用,710702.0,69.11,0,0,0,無,有,12540000,181450.0,,0.0,0,,RPSTMLLJJIHGFCA47DA,49.27,0.0,0.0,有,,40.0
北投區,房地(土地+建物),義方街１２號六樓,31.93,住,,,1111016,土地1建物1車位0,六層,七層,華廈(10層含以下有電梯),住家用,730629.0,150.01,4,2,2,有,有,19600000,130658.0,,0.0,0,,RPVNMLRKIIHGFEA97DA,120.5,0.0,19.35,有,,38.0
士林區,房地(土地+建物),中山北路七段８１巷３０號五樓之１,10.0,住,,,1111003,土地1建物1車位0,五層,七層,華廈(10層含以下有電梯),住家用,680828.0,74.4,2,2,1,有,有,12000000,161290.0,,0.0,0,,RPUNMLSLIIHGFEA08DA,59.68,0.0,2.29,有,,43.0
中山區,房地(土地+建物),四平街１０７號五樓之５,9.75,住,,,1111015,土地1建物1車位0,五層,十層,華廈(10層含以下有電梯),住家用,900827.0,40.61,1,1,1,有,有,10560000,260034.0,,0.0,0,陽台外推；夾層；,RPUOMLMJJIHGFCA37EA,20.81,0.81,3.28,有,,21.0
內湖區,房地(土地+建物)+車位,金湖路４０１巷３２號十一樓,30.78,住,,,1111010,土地1建物1車位1,十一層,十四層,住宅大樓(11層含以上有電梯),住家用,880812.0,160.07999999999998,3,2,2,有,有,35800000,287813.0,坡道平面,44.38,2500000,陽台外推；,RPOOMLNKIIHGFCA76DA,82.36,0.0,12.62,有,405.0,23.0
文山區,房地(土地+建物)+車位,辛亥路四段７７巷３９號十樓,64.14,住,,,1111004,土地4建物1車位1,十層,十五層,住宅大樓(11層含以上有電梯),住家用,851107.0,161.55,2,2,2,有,有,25800000,159703.0,坡道平面,0.0,2000000,陽台外推；其他增建；,RPQOMLLMIIHGFAA76DA,82.55,1.34,9.21,有,406.0,26.0
北投區,房地(土地+建物)+車位,中央北路二段３５０巷６８號六樓,47.75,住,,,1111021,土地1建物1車位1,六層,十四層,住宅大樓(11層含以上有電梯),住家用,1040724.0,192.35,3,2,2,有,有,28300000,147128.0,坡道平面,0.0,0,,RPWOMLSLIIHGFEA38DA,104.03,0.0,11.14,有,407.0,7.0
信義區,房地(土地+建物),吳興街３６１巷３號五樓,35.2,住,,,1111002,土地1建物1車位0,五層,五層,公寓(5樓含以下無電梯),住家用,681126.0,119.96,3,2,2,有,無,21880000,182394.0,,0.0,0,頂樓加蓋；,RPRNMLLLIIHGFDA96DA,108.34,0.0,11.62,無,408.0,43.0
文山區,房地(土地+建物),萬盛街８９之１號三樓,10.06,住,,,1111002,土地1建物1車位0,三層,八層,華廈(10層含以下有電梯),住家用,1050816.0,60.79,2,2,1,有,有,14560000,239513.0,,0.0,0,夾層；其他增建；,RPVNMLSKIIHGFAA67DA,33.0,4.94,0.0,有,410.0,6.0
文山區,房地(土地+建物),興隆路一段２５１巷４弄７號三樓,60.25,住,,,1111002,土地2建物1車位0,三層,四層,公寓(5樓含以下無電梯),住家用,620411.0,83.96,3,1,2,有,無,12560000,149595.0,,0.0,0,其他增建；,RPSNMLRLIIHGFAA37DA,77.16,0.0,6.8,無,,49.0
內湖區,房地(土地+建物)+車位,港墘路１２７巷１２號三樓,26.42,住,,,1111001,土地1建物1車位1,三層，電梯樓梯間,十五層,住宅大樓(11層含以上有電梯),住家用,860806.0,167.68,3,2,2,有,有,35500000,257974.0,坡道平面,39.76,2500000,,RPPNMLTLIIHGFCA47DA,95.75,3.96,11.84,有,,25.0
萬華區,房地(土地+建物),西園路二段２７９之１號四樓,25.8,住,,,1111005,土地3建物1車位0,四層,五層,公寓(5樓含以下無電梯),住家用,680622.0,93.98,3,2,1,有,無,10550000,112258.0,,0.0,0,,RPRNMLNJJIHGFBA86DA,79.53,0.0,14.45,無,,43.0
文山區,房地(土地+建物)+車位,木新路三段９５巷７弄９號五樓,33.26,住,,,1111009,土地1建物1車位1,五層,十三層,住宅大樓(11層含以上有電梯),住家用,990324.0,215.37,3,2,2,有,有,34000000,182991.0,坡道平面,43.23,2500000,夾層；其他增建；,RPXNMLOLIIHGFAA57DA,92.52,15.87,8.38,有,,13.0
內湖區,房地(土地+建物),內湖路三段５巷２號二樓,26.21,住,,,1111007,土地1建物1車位0,二層,五層,公寓(5樓含以下無電梯),住家用,760609.0,99.27,3,2,2,有,無,19000000,191397.0,,0.0,0,車位需定期抽籤陽台外推；,RPPOMLOJJIHGFCA96DA,78.36,0.0,9.02,無,,35.0
北投區,房地(土地+建物)+車位,富貴一路６之１號,37.33,住,,,1111003,土地1建物1車位1,一層,九層,華廈(10層含以下有電梯),住家用,771118.0,249.53,4,2,2,有,有,53000000,212399.0,坡道平面,0.0,0,,RPOOMLOJJIHGFEA17EA,199.78,20.87,0.0,有,414.0,34.0
萬華區,房地(土地+建物),富民路８９號三樓,29.17,住,,,1111005,土地2建物1車位0,三層,五層,公寓(5樓含以下無電梯),住家用,670131.0,118.4,3,2,2,有,無,16000000,135135.0,,0.0,0,陽台外推；其他增建；,RPPOMLTKIIHGFBA37DA,100.6,0.0,17.8,無,,45.0
信義區,房地(土地+建物),林口街２６號,17.25,住,,,1111006,土地1建物1車位0,一層，平台,四層,公寓(5樓含以下無電梯),住家用,611124.0,66.31,0,0,2,有,無,32500000,490122.0,,0.0,0,其他增建；,RPXOMLLLIIHGFDA67DA,66.31,0.0,0.0,無,415.0,50.0
文山區,房地(土地+建物),景華街１２８巷２６號四樓,25.23,,,,1111001,土地2建物1車位0,四層,五層,公寓(5樓含以下無電梯),住家用,720902.0,92.77,3,2,2,有,有,12820000,138191.0,,0.0,0,陽台外推；,RPWNMLMJJIHGFAA17DA,78.18,0.0,14.59,無,,39.0
內湖區,房地(土地+建物),康樂街１３６巷３０弄６９號七樓,23.39,住,,,1111003,土地1建物1車位0,七層,十二層,住宅大樓(11層含以上有電梯),住家用,860326.0,84.41,1,1,1,有,有,13180000,156143.0,,0.0,0,夾層；,RPQOMLOJJIHGFCA07DA,42.78,3.0,5.38,有,,26.0
北投區,房地(土地+建物),中和街２７８巷９號,59.0,住,,,1111004,土地1建物1車位0,全,,透天厝,住家用,561020.0,86.4,2,0,2,有,無,11300000,130787.0,,0.0,0,頂樓加蓋；,RPPQMLOJIIHGFEA27DA,86.4,0.0,0.0,無,,55.0
士林區,房地(土地+建物)+車位,中正路７１５號十二樓,11.59,住,,,1111005,土地2建物1車位1,十二層,十三層,住宅大樓(11層含以上有電梯),住家用,930518.0,111.11,3,2,1,有,有,16200000,161728.0,坡道平面,26.4,2500000,陽台外推；其他增建；,RPTNMLLLIIHGFEA27DA,45.98,0.0,10.7,有,,18.0
大安區,房地(土地+建物),安東街３１號三樓之７,8.08,住,,,1111002,土地1建物1車位0,三層,五層,華廈(10層含以下有電梯),住家用,850910.0,34.45,1,1,1,有,有,8500000,246734.0,,0.0,0,,RPTOMLLMIIHGFFA57DA,19.42,0.86,3.45,有,,26.0
士林區,房地(土地+建物)+車位,承德路四段８８號十三樓之６,15.05,住,,,1111021,土地1建物1車位1,十三層,十五層,住宅大樓(11層含以上有電梯),住家用,1110421.0,146.23000000000002,3,2,2,有,有,32000000,218833.0,升降機械,22.78,0,,RPPNMLOLIIHGFEA17DA,73.31,2.17,5.57,有,,1.0
文山區,房地(土地+建物),福興路３４號,23.5,住,,,1111008,土地1建物1車位0,一層，平台,四層,公寓(5樓含以下無電梯),住家用,,71.51,1,1,1,有,無,18750000,262201.0,,0.0,0,其他增建；,RPQNMLLLIIHGFAA56DA,71.51,0.0,0.0,無,,
信義區,房地(土地+建物),大道路８９號五樓,28.68,住,,,1111022,土地1建物1車位0,五層,五層,公寓(5樓含以下無電梯),住家用,720118.0,122.81,5,3,2,有,無,20800000,169367.0,,0.0,0,陽台外推；頂樓加蓋；其他增建；,RPVOMLLMIIHGFDA57DA,88.88,12.5,21.43,無,423.0,40.0
文山區,房地(土地+建物),辛亥路七段６９巷１６號五樓,22.62,住,,,1111007,土地1建物1車位0,五層,五層,公寓(5樓含以下無電梯),住家用,,103.87,4,2,2,有,無,14000000,134784.0,,0.0,0,,RPQOMLQLIIHGFAA17DA,72.19,0.0,17.42,無,,
內湖區,房地(土地+建物)+車位,金湖路９５號八樓,29.89,住,,,1111008,土地1建物1車位1,八層,十四層,住宅大樓(11層含以上有電梯),住家用,990518.0,209.94,4,2,2,有,有,46550000,221730.0,坡道平面,0.0,2800000,其他增建；,RPRNMLKLIIHGFCA76DA,115.34,7.79,11.94,有,424.0,12.0
文山區,房地(土地+建物)+車位,政大一街２８７號,51.44,住,,,1111018,土地1建物1車位1,一層,五層,華廈(10層含以下有電梯),住家用,1031113.0,150.31,2,2,2,有,有,26800000,207303.0,坡道平面,33.09,2500000,夾層；其他增建；,RPXNMLLLIIHGFAA27DA,79.66,0.0,0.0,有,427.0,8.0
信義區,房地(土地+建物),松智路３１巷１０號三樓,20.71,住,,,1111025,土地2建物1車位0,三層,十三層,住宅大樓(11層含以上有電梯),住家用,870420.0,84.43,3,2,2,有,有,23000000,272415.0,,0.0,0,共有人間之交易,RPSNMLOJJIHGFDA37EA,41.05,0.96,5.6,有,,25.0
內湖區,房地(土地+建物)+車位,金龍路２２２巷４號,40.17,住,,,1111002,土地1建物1車位1,一層,十一層,住宅大樓(11層含以上有電梯),住家用,821213.0,132.88,3,2,2,有,有,23280000,175196.0,坡道平面,30.85,0,其他增建；,RPUNMLKLIIHGFCA07DA,96.06,15.86,0.0,有,,29.0
文山區,房地(土地+建物),木新路二段１４３號四樓,27.6,住,,,1111015,土地2建物1車位0,四層,五層,公寓(5樓含以下無電梯),住家用,730917.0,105.22,3,2,2,有,無,12300000,116898.0,,0.0,0,,RPUNMLOJJIHGFAA17DA,96.71,0.0,8.51,無,,38.0
信義區,房地(土地+建物),虎林街６０巷２５號三樓,63.5,住,,,1111014,土地2建物1車位0,三層,四層,公寓(5樓含以下無電梯),住家用,611006.0,127.07,4,2,2,有,無,24600000,193594.0,,0.0,0,,RPSOMLLKIIHGFDA17EA,114.93,0.0,12.14,無,,50.0
南港區,房地(土地+建物),成福路１４９巷１０弄７號四樓,24.76,住,,,1111018,土地10建物1車位0,四層,五層,公寓(5樓含以下無電梯),住家用,740307.0,91.97,3,2,2,有,無,11000000,119604.0,,0.0,0,,RPPNMLRJJIHGFDA37EA,77.94,1.42,10.61,無,,38.0
中山區,房地(土地+建物)+車位,南京東路三段８９巷２７弄１１號六樓,31.01,住,,,1111015,土地1建物1車位2,六層,十七層,住宅大樓(11層含以上有電梯),住家用,980901.0,256.91999999999996,3,2,2,有,有,81000000,374570.0,坡道平面,59.36,7000000,,RPVSMLTJQHHGFCA56EA,121.28,11.51,6.41,有,,13.0
文山區,房地(土地+建物),興隆路三段１８５巷９弄４號四樓,25.98,住,,,1111010,土地7建物1車位0,四層,五層,公寓(5樓含以下無電梯),住家用,720823.0,86.72999999999999,3,2,2,有,有,9000000,103770.0,,0.0,0,其他增建；,RPRNMLNJJIHGFAA76DA,64.8,0.0,13.91,無,,39.0
中正區,房地(土地+建物),詔安街５４號二樓,44.0,住,,,1111007,土地1建物1車位0,二層，陽臺,四層,公寓(5樓含以下無電梯),住家用,650701.0,122.37,3,2,2,有,無,18500000,151181.0,,0.0,0,,RPQNMLOJJIHGFAA86EA,122.37,0.0,0.0,無,,46.0
信義區,房地(土地+建物),永吉路２７８巷２７弄３６號四樓,27.75,住,,,1111019,土地1建物1車位0,四層，陽臺,四層,公寓(5樓含以下無電梯),住家用,620530.0,79.26,2,2,2,有,無,17000000,214484.0,,0.0,0,,RPTNMLRJJIHGFDA77EA,79.26,0.0,0.0,無,,49.0
文山區,房地(土地+建物),仙岩路２２巷２７號,24.02,住,,,1111016,土地1建物1車位0,一層,十五層,住宅大樓(11層含以上有電梯),住家用,840411.0,77.36,2,2,1,有,有,14050000,181618.0,,0.0,0,,RPOOMLMJJIHGFAA09DA,48.98,6.56,0.0,有,436.0,28.0
文山區,房地(土地+建物),辛亥路四段７７巷９２弄９號十三樓之１０,29.72,住,,,1111001,土地3建物1車位0,十三層,十四層,住宅大樓(11層含以上有電梯),住家用,920922.0,45.77,1,1,1,有,有,8200000,179157.0,,0.0,0,,RPUOMLOLIIHGFAA37DA,29.15,0.0,3.28,有,,19.0
文山區,房地(土地+建物)+車位,政大二街１０２號二樓,77.77,住,,,1111001,土地1建物1車位1,二層,五層,華廈(10層含以下有電梯),住家用,980406.0,183.19,2,2,2,有,有,28800000,175884.0,坡道平面,33.66,2500000,其他增建；,RPRPMLRKIIHGFAA37DA,90.64,3.69,7.42,有,438.0,13.0
中山區,房地(土地+建物),松江路８５巷７號三樓,26.65,住,,,1111010,土地2建物1車位0,三層,七層,華廈(10層含以下有電梯),住家用,650623.0,133.93,1,2,2,有,有,37680000,281341.0,,0.0,0,,RPWSMLTJQHHGFCA66EA,117.31,0.0,6.92,有,,46.0
內湖區,房地(土地+建物)+車位,康寧路三段７５巷１７５弄２之５號二樓,44.74,住,,,1111002,土地1建物1車位1,二層,五層,華廈(10層含以下有電梯),住家用,960201.0,123.54,2,2,1,有,有,22100000,178889.0,坡道平面,0.0,2500000,陽台外推；其他增建；,RPTNMLOKIIHGFCA27DA,53.46,7.04,4.82,有,,16.0
中山區,房地(土地+建物),吉林路３６９號五樓之５,6.04,住,,,1111018,土地1建物1車位0,五層,七層,華廈(10層含以下有電梯),住家用,681219.0,40.41,1,1,1,有,有,8560000,211829.0,,0.0,0,陽台外推；,RPROMLPLIIHGFCA37DA,30.58,0.0,4.2,有,448.0,43.0
中山區,房地(土地+建物)+車位,民生東路二段１１５巷１２號七樓,20.68,住,,,1111022,土地1建物1車位1,七層,十三層,住宅大樓(11層含以上有電梯),住家用,1101201.0,158.01,3,2,2,有,有,38480000,293415.0,坡道平面,37.43,3100000,,RPPUMLLJJIHGFCA27DA,75.17,2.53,8.31,有,,1.0
中山區,房地(土地+建物),龍江路１２號二樓,20.61,住,,,1111021,土地1建物1車位0,二層,七層,華廈(10層含以下有電梯),住家用,670620.0,121.83,3,2,2,有,無,24500000,201100.0,,0.0,0,,RPOOMLRJJIHGFCA17DA,88.68,0.0,15.75,有,450.0,44.0
北投區,房地(土地+建物),明德路１５０巷１０號四樓,18.42,住,,,1111013,土地5建物1車位0,四層，陽臺,四層,公寓(5樓含以下無電梯),住家用,631015.0,74.77,3,2,1,有,無,8800000,117694.0,,0.0,0,陽台外推；,RPSNMLSJJIHGFEA87EA,74.77,0.0,0.0,無,,48.0
文山區,房地(土地+建物)+車位,政大一街２９３號,47.86,住,,,1111001,土地1建物1車位1,一層,五層,華廈(10層含以下有電梯),住家用,1031113.0,142.10000000000002,3,2,2,有,有,24000000,197230.0,坡道平面,33.09,2500000,其他增建；,RPWNMLNKIIHGFAA27DA,74.15,0.0,0.0,有,456.0,8.0
內湖區,房地(土地+建物)+車位,大湖山莊街１７６巷１８號三樓之１,30.89,住,,,1111002,土地1建物1車位1,三層,十四層,住宅大樓(11層含以上有電梯),住家用,971127.0,157.07,3,2,2,有,有,32800000,227631.0,坡道平面,23.96,2500000,,RPQPMLOJJIHGFCA17DA,72.58,5.94,10.53,有,458.0,14.0
中正區,房地(土地+建物),重慶南路三段１號四樓之３,17.18,住,,,1111010,土地2建物1車位0,四層,十二層,住宅大樓(11層含以上有電梯),住家用,661227.0,165.14,3,2,2,有,有,32500000,196803.0,,0.0,0,陽台外推；,RPXNMLSJJIHGFAA87DA,126.81,0.0,19.45,有,,45.0
松山區,房地(土地+建物),健康路３３５號二樓,24.17,住,,,1111001,土地1建物1車位0,二層,十二層,住宅大樓(11層含以上有電梯),住家用,880806.0,140.2,2,2,2,有,有,26380000,188160.0,,0.0,0,,RPPPMLLKIIHGFDA96EA,68.48,5.31,8.98,有,,23.0
內湖區,房地(土地+建物)+車位,康寧路三段２４５巷２０號四樓,30.85,住,,,1111003,土地1建物1車位1,四層,五層,公寓(5樓含以下無電梯),住家用,740429.0,144.94,3,2,2,有,有,19300000,155618.0,坡道平面,33.77,2000000,,RPQOMLSJJIHGFCA57EA,129.39,0.0,10.93,無,,37.0
文山區,房地(土地+建物),萬隆街４７之６號,27.29,住,,,1111003,土地1建物1車位0,一層，通道,五層,公寓(5樓含以下無電梯),住家用,670921.0,111.06,3,2,1,有,無,21200000,190888.0,,0.0,0,其他增建；,RPWOMLMKIIHGFAA27DA,98.06,13.0,0.0,無,,44.0
內湖區,房地(土地+建物)+車位,文湖街２１巷８２弄２５號六樓之１,16.97,住,,,1111023,土地1建物1車位1,六層,七層,華廈(10層含以下有電梯),住家用,1110715.0,91.02,0,0,0,無,有,20950000,250260.0,升降機械,14.1,1700000,,RPTNMLTJJIHGFCA87EA,35.88,6.01,5.08,有,,
北投區,房地(土地+建物),公路２９２巷１弄７號二樓,31.43,住,,,1111028,土地1建物1車位0,二層,五層,公寓(5樓含以下無電梯),住家用,701109.0,110.05,3,2,2,有,無,14000000,127215.0,,0.0,0,,RPUPMLRJJIHGFEA08DA,90.6,0.0,19.45,無,,41.0
北投區,房地(土地+建物)+車位,承德路七段１６２號四樓之２,29.97,住,,,1111011,土地2建物1車位1,四層,十三層,住宅大樓(11層含以上有電梯),住家用,1030417.0,245.18,3,2,2,有,有,49080000,223373.0,坡道平面,36.65,2500000,,RPPNMLLMIIHGFEA96DA,124.7,8.12,11.46,有,474.0,8.0
中正區,房地(土地+建物),濟南路二段１７號五樓,24.5,住,,,1111002,土地1建物2車位0,五層,六層,華廈(10層含以下有電梯),住家用,610912.0,104.96,3,2,2,有,無,31300000,298209.0,,0.0,0,,RPXQMLPKQHHGFBA78EA,93.58,0.0,0.0,有,475.0,50.0
文山區,房地(土地+建物),興隆路三段１３７號三樓之２,5.86,住,,,1111002,土地1建物1車位0,三層,十層,華廈(10層含以下有電梯),住家用,970523.0,27.85,1,1,1,有,有,6600000,236984.0,,0.0,0,夾層；其他增建；,RPPOMLTJJIHGFAA27DA,14.14,1.43,2.3,有,,14.0
內湖區,房地(土地+建物),康樂街６１巷７３弄２２號二樓,30.28,住,,,1111014,土地1建物1車位0,二層,五層,公寓(5樓含以下無電梯),住家用,731105.0,115.77,3,2,2,有,無,14000000,120929.0,,0.0,0,,RPSOMLTJJIHGFCA77DA,93.86,0.0,11.18,無,477.0,38.0
信義區,房地(土地+建物)+車位,吳興街６００巷１２２號八樓,38.05,住,,,1111003,土地1建物1車位2,八層,十九層,住宅大樓(11層含以上有電梯),住家用,990122.0,274.69,2,2,2,有,有,46200000,168190.0,坡道平面,0.0,0,其他增建；,RPOPMLKLIIHGFDA76DA,111.61,11.82,5.7,有,,13.0
文山區,房地(土地+建物),興隆路三段１８５巷９弄２號四樓,37.79,住,,,1111005,土地7建物1車位0,四層,五層,公寓(5樓含以下無電梯),住家用,720823.0,122.82,4,2,2,有,無,12300000,100147.0,,0.0,0,陽台外推；,RPSOMLSJJIHGFAA47DA,83.85,0.0,28.12,無,,39.0
內湖區,房地(土地+建物)+車位,康樂街１８６巷２８號四樓之１,19.95,住,,,1111016,土地1建物1車位1,四層,七層,華廈(10層含以下有電梯),住家用,1000412.0,107.37,2,2,1,有,有,16300000,161343.0,升降機械,15.64,1500000,,RPQNMLOJJIHGFCA96DA,46.73,7.07,5.64,有,482.0,12.0
內湖區,房地(土地+建物),大湖街１６０巷２弄７之１號,26.69,住,,,1111012,土地1建物1車位0,一層,三層,公寓(5樓含以下無電梯),住家用,840516.0,80.4,2,2,1,有,有,12500000,155473.0,,0.0,0,夾層；其他增建；,RPUPMLPLIIHGFCA77DA,36.32,5.55,0.0,無,484.0,27.0
大同區,房地(土地+建物),承德路三段２０８巷７號四樓,18.82,住,,,1111004,土地1建物1車位0,四層,五層,公寓(5樓含以下無電梯),住家用,751215.0,52.8,3,2,1,有,無,7800000,147727.0,,0.0,0,夫妻已離婚雙方為房產還在爭議訴訟中夫的持分1/2先出售.瑕疵物件；,RPWOMLSJJIHGFBA97DA,40.88,0.0,4.01,無,,36.0
北投區,房地(土地+建物)+車位,稻香路１４０號二樓,64.35,住,,,1111021,土地1建物1車位1,二層,五層,華廈(10層含以下有電梯),住家用,970501.0,181.79,4,2,2,有,有,22680000,147687.0,坡道平面,40.41,1800000,雨遮加蓋陽台外推；其他增建；,RPQPMLKKJIHGFEA07DA,105.26,4.98,9.82,有,487.0,14.0
南港區,房地(土地+建物),研究院路二段１８０巷１號四樓,25.25,住,,,1111013,土地1建物1車位0,四層，陽臺,四層,公寓(5樓含以下無電梯),住家用,630701.0,86.85,3,2,2,有,無,9800000,112838.0,,0.0,0,頂樓加蓋；,RPUNMLTJJIHGFDA97DA,86.85,0.0,0.0,無,489.0,48.0
文山區,房地(土地+建物),興隆路二段２０３巷４６之１號六樓,21.97,住,,,1111011,土地1建物1車位0,六層,十三層,住宅大樓(11層含以上有電梯),住家用,880510.0,87.8,3,2,2,有,有,15800000,179954.0,,0.0,0,陽台外推；,RPRNMLKKJIHGFAA66EA,61.24,0.0,8.5,有,492.0,23.0
大安區,房地(土地+建物),金山南路二段１３２巷２０號二樓之５,8.61,住,,,1111019,土地1建物1車位0,二層,六層,華廈(10層含以下有電梯),住家用,870331.0,29.95,0,0,0,無,無,10000000,333890.0,,0.0,0,,RPROMLKKJIHGFFA17DA,19.13,0.0,0.0,有,,25.0
中山區,房地(土地+建物)+車位,通北街１４０號五樓,32.46,住,,,1111005,土地1建物1車位1,五層,九層,華廈(10層含以下有電梯),住家用,880511.0,155.84,3,2,2,有,有,24000000,154004.0,坡道平面,0.0,0,,RPWOMLTJJIHGFCA28EA,86.68,0.0,10.71,有,,23.0
士林區,房地(土地+建物)+車位,基河路３００巷２９號五樓,33.7,住,,,1111006,土地1建物1車位1,五層,十三層,住宅大樓(11層含以上有電梯),住家用,1101117.0,218.09,3,2,2,有,有,52580000,267085.0,坡道平面,30.21,2400000,,RPTNMLLKJIHGFEA27DA,104.01,10.5,7.99,有,,1.0
松山區,房地(土地+建物),八德路三段１９９巷１２號四樓,24.88,住,,,1111014,土地1建物1車位0,四層,五層,公寓(5樓含以下無電梯),住家用,681105.0,87.19,3,2,1,有,無,20650000,236839.0,,0.0,0,陽台外推；,RPTOMLKKJIHGFDA27EA,75.6,0.0,11.59,無,,43.0
萬華區,房地(土地+建物),萬大路４８６巷１０弄４７號二樓,56.0,住,,,1111025,土地1建物1車位0,二層,二層,公寓(5樓含以下無電梯),住家用,540727.0,68.84,4,2,2,有,無,10000000,145264.0,,0.0,0,,RPQPMLTJJIHGFBA57DA,68.84,0.0,0.0,無,,57.0
北投區,房地(土地+建物),大興街９巷２號四樓,31.12,住,,,1111002,土地1建物1車位0,四層,五層,公寓(5樓含以下無電梯),住家用,720112.0,111.14,3,2,2,有,有,15300000,137664.0,,0.0,0,陽台外推；其他增建；,RPPNMLNKIIHGFEA96DA,87.57,1.39,11.95,無,,40.0
中正區,房地(土地+建物),汀州路三段４５之４號十樓,5.96,住,,,1111003,土地3建物1車位0,十層,十三層,住宅大樓(11層含以上有電梯),住家用,871231.0,35.71,1,2,1,有,有,10380000,290675.0,,0.0,0,夾層；其他增建；,RPOPMLOKIIHGFAA76DA,22.68,0.0,4.45,有,,24.0
文山區,房地(土地+建物)+車位,指南路三段２巷８號四樓,27.46,住,,,1111019,土地1建物1車位1,四層,十二層,住宅大樓(11層含以上有電梯),住家用,860318.0,112.54,3,2,2,有,有,17800000,158166.0,坡道機械,19.56,0,,RPQNMLLKJIHGFAA66EA,68.35,0.0,8.87,有,,26.0
文山區,房地(土地+建物),興隆路三段１３７號四樓之１２,6.56,住,,,1111016,土地1建物1車位0,四層,十層,華廈(10層含以下有電梯),住家用,970523.0,31.19,1,1,1,有,有,7250000,232446.0,,0.0,0,,RPWNMLKKJIHGFAA07DA,17.39,2.59,0.0,有,,14.0
信義區,房地(土地+建物),忠孝東路五段７９０巷５７弄２０號二樓,32.0,住,,,1111008,土地1建物1車位0,二層，陽臺,四層,公寓(5樓含以下無電梯),住家用,651204.0,91.9,3,2,1,有,無,18200000,198041.0,,0.0,0,其他增建；,RPOQMLLKIIHGFDA96EA,91.9,0.0,0.0,無,,46.0
大同區,房地(土地+建物),重慶北路三段２０３之３號九樓之１,6.21,住,,,1111012,土地2建物1車位0,九層,十二層,住宅大樓(11層含以上有電梯),住家用,1090728.0,50.39,0,0,0,無,有,12950000,256995.0,,0.0,0,,RPXPMLPLIIHGFBA97DA,25.03,1.85,3.68,有,,2.0
信義區,房地(土地+建物),信義路五段１５０巷３３０號十二樓之３,5.46,住,,,1111010,土地1建物1車位0,十二層,十三層,住宅大樓(11層含以上有電梯),住家用,980408.0,39.31,1,0,1,有,有,11000000,279827.0,,0.0,0,其他增建；,RPTRMLLJJIHGFDA47DA,22.09,3.36,0.0,有,511.0,14.0
內湖區,房地(土地+建物)+車位,五分街９０號八樓,17.62,住,,,1111002,土地1建物1車位1,八層,十二層,住宅大樓(11層含以上有電梯),住家用,1110113.0,126.17,2,2,1,有,有,25000000,238070.0,坡道平面,31.66,2500000,,RPRPMLLKJIHGFCA17EA,54.56,3.47,5.62,有,514.0,1.0
內湖區,房地(土地+建物),文湖街２１巷１１８弄１２號三樓之１,26.26,住,,,1111015,土地1建物1車位0,三層,七層,華廈(10層含以下有電梯),住家用,1070710.0,108.36,2,2,1,有,有,22450000,207180.0,,0.0,0,,RPUNMLSLIIHGFCA87DA,50.46,3.98,7.33,有,,4.0
內湖區,房地(土地+建物)+車位,安泰街１２５巷８號五樓之１,46.8,住,,,1111008,土地1建物1車位1,五層,十層,華廈(10層含以下有電梯),住家用,980121.0,187.88,4,2,2,有,有,26000000,138386.0,坡道平面,35.63,0,其他增建；,RPOPMLLLIIHGFCA76DA,102.33,3.7,11.36,有,,14.0
松山區,房地(土地+建物),民權東路三段１２０號九樓,15.7,住,,,1111008,土地2建物1車位0,九層,十二層,住宅大樓(11層含以上有電梯),住家用,720708.0,112.17,3,2,2,有,有,28700000,255862.0,,0.0,0,,RPROMLLKJIHGFDA17EA,93.15,0.0,15.91,有,,39.0
北投區,房地(土地+建物),中華街２５號二樓,36.34,住,,,1111017,土地4建物1車位0,二層,五層,公寓(5樓含以下無電梯),住家用,700731.0,139.56,4,2,2,有,無,17360000,124391.0,,0.0,0,其他增建；,RPVOMLTJJIHGFEA28DA,124.7,0.0,14.86,無,,41.0
士林區,房地(土地+建物),延平北路五段１９５號四樓,27.0,住,,,1111003,土地2建物1車位0,四層,四層,公寓(5樓含以下無電梯),住家用,610302.0,94.08,3,1,1,有,無,9600000,102041.0,,0.0,0,陽台外推；,RPWNMLLKJIHGFEA57DA,94.08,0.0,0.0,無,,51.0
大同區,房地(土地+建物),重慶北路三段２０３之３號十一樓之６,8.68,住,,,1111006,土地2建物1車位0,十一層,十二層,住宅大樓(11層含以上有電梯),住家用,1090728.0,70.49,0,0,0,無,有,18760000,266137.0,,0.0,0,,RPRPMLTKIIHGFBA67DA,32.99,9.76,0.0,有,,2.0
大安區,房地(土地+建物)+車位,復興南路二段７８巷８０號六樓,46.91,住,,,1111023,土地1建物1車位2,六層,八層,華廈(10層含以下有電梯),住家用,960806.0,303.49,3,2,2,有,有,100880000,423144.0,坡道平面,83.99,8000000,房屋價格:9288萬元整。,RPVNMLOJJIHGFFA77DA,134.67,2.36,13.91,有,517.0,15.0
南港區,房地(土地+建物),重陽路１１號十樓,10.66,住,,,1111028,土地1建物1車位0,十層,十四層,住宅大樓(11層含以上有電梯),住家用,1110124.0,53.28,1,1,1,有,有,15100000,283408.0,,0.0,0,,RPVOMLSJJIHGFDA08DA,30.15,0.0,4.59,有,518.0,1.0
北投區,房地(土地+建物)+車位,公路１６７巷１１號七樓,114.91,住,,,1111026,土地3建物1車位1,七層,九層,華廈(10層含以下有電梯),住家用,851104.0,212.73,3,2,2,有,有,28250000,132797.0,坡道平面,0.0,0,,RPSNMLTJJIHGFEA87DA,166.58,0.95,12.16,有,,26.0
中正區,房地(土地+建物)+車位,愛國西路３０號十三樓,79.62,住,,,1111008,土地3建物2車位4,十三層,二十三層,住宅大樓(11層含以上有電梯),住家用,990708.0,718.72,4,3,4,有,有,320980000,446593.0,坡道平面,0.0,16000000,,RPOOMLLKJIHGFAA56EA,395.2,13.59,30.43,有,,12.0
文山區,房地(土地+建物),仙岩路７０號六樓,24.32,住,,,1111018,土地1建物1車位0,六層,七層,華廈(10層含以下有電梯),住家用,1010103.0,91.67,2,2,1,有,無,18850000,205629.0,,0.0,0,陽台外推；其他增建；,RPWNMLSLIIHGFAA87DA,47.33,2.78,11.09,有,,11.0
中山區,房地(土地+建物),遼寧街７６巷６號二樓,8.58,住,,,1111012,土地1建物1車位0,二層,五層,華廈(10層含以下有電梯),住家用,920813.0,28.54,0,0,0,無,無,7680000,269096.0,,0.0,0,陽台外推；夾層；,RPXOMLTJJIHGFCA28DA,12.81,0.0,5.26,有,,19.0
北投區,房地(土地+建物),大興街９巷９號二樓,35.58,住,,,1111015,土地1建物1車位0,二層,五層,公寓(5樓含以下無電梯),住家用,720608.0,113.14,3,2,2,有,有,18880000,166873.0,,0.0,0,其他增建；,RPRNMLTKIIHGFEA77DA,99.62,1.19,10.19,無,,39.0
士林區,房地(土地+建物),社子街２２巷６７號三樓之１,22.67,住,,,1111017,土地1建物1車位0,三層,九層,華廈(10層含以下有電梯),住家用,830824.0,85.97,2,2,1,有,有,13100000,152361.0,,0.0,0,其他增建；,RPPPMLOJJIHGFEA27DA,65.97,1.85,6.07,有,523.0,28.0
內湖區,房地(土地+建物)+車位,內湖路三段７２巷６３號八樓,31.44,住,,,1111007,土地1建物1車位1,八層,十六層,住宅大樓(11層含以上有電梯),住家用,830729.0,164.17,3,2,2,有,有,25700000,156545.0,坡道平面,0.0,0,,RPRQMLOKJIHGFCA57EA,132.49,1.58,15.75,有,,28.0
士林區,房地(土地+建物),德行東路２６５巷５號三樓,33.8,住,,,1111011,土地1建物1車位0,三層,五層,公寓(5樓含以下無電梯),住家用,680419.0,105.65,3,2,2,有,無,17000000,160909.0,,0.0,0,陽台外推；其他增建；,RPVNMLOLIIHGFEA77DA,93.0,0.0,12.65,無,,43.0
大安區,房地(土地+建物),建國南路二段３０８巷１號二樓,19.62,住,,,1111009,土地1建物1車位0,二層,十一層,住宅大樓(11層含以上有電梯),住家用,731009.0,141.3,3,2,2,有,有,37880000,268082.0,,0.0,0,其他增建；,RPPOMLQLIIHGFFA57DA,106.56,0.0,12.14,有,,38.0
士林區,房地(土地+建物),雙溪街１０２號六樓之１,4.55,住,,,1111021,土地1建物1車位0,六層,九層,華廈(10層含以下有電梯),住家用,810109.0,25.21,1,1,1,有,有,6100000,241967.0,,0.0,0,陽台外推；,RPWNMLOKJIHGFEA87DA,14.69,0.0,6.47,有,,31.0
萬華區,房地(土地+建物),長順街６號二樓,33.25,住,,,1111014,土地1建物1車位0,二層,四層,公寓(5樓含以下無電梯),住家用,640827.0,93.75,2,2,2,有,無,10400000,110933.0,,0.0,0,陽台外推；其他增建；,RPPOMLNJJIHGFBA76DA,86.2,0.0,7.55,無,,47.0
北投區,房地(土地+建物)+車位,石牌路二段３１３號六樓,30.06,住,,,1111012,土地1建物1車位1,六層,十四層,住宅大樓(11層含以上有電梯),住家用,1101027.0,199.48,3,2,2,有,有,43300000,217064.0,坡道平面,0.0,0,,RPPPMLKKJIHGFEA96DA,92.46,6.38,9.71,有,,1.0
內湖區,房地(土地+建物)+車位,民權東路六段２８０巷１５５弄１９７號四樓,31.9,住,,,1111010,土地1建物1車位1,四層,十二層,住宅大樓(11層含以上有電梯),住家用,1100721.0,160.44,3,2,2,有,有,38800000,279644.0,坡道平面,32.42,3000000,,RPOQMLSKIIHGFCA47DA,71.2,5.59,7.75,有,527.0,1.0
士林區,房地(土地+建物)+車位,中正路７１９號六樓,11.28,住,,,1111017,土地2建物1車位1,六層,十三層,住宅大樓(11層含以上有電梯),住家用,930518.0,101.34,3,2,1,有,有,16180000,159661.0,坡道機械,19.55,0,陽台外推；其他增建；,RPQPMLRJJIHGFEA67DA,50.0,0.0,5.2,有,,18.0
松山區,房地(土地+建物),八德路三段１９９巷２１號六樓之２,6.69,住,,,1111022,土地1建物1車位0,六層,七層,華廈(10層含以下有電梯),住家用,730127.0,34.86,1,1,1,有,有,9480000,271945.0,,0.0,0,陽台外推；其他增建；,RPOPMLSLIIHGFDA57DA,25.31,0.0,4.01,有,529.0,39.0
內湖區,房地(土地+建物),東湖路１１３巷４９弄１２２號二樓,31.15,住,,,1111012,土地1建物1車位0,二層,五層,公寓(5樓含以下無電梯),住家用,750124.0,109.77,3,2,2,有,無,15280000,139200.0,,0.0,0,陽台外推；,RPSNMLOKJIHGFCA37EA,91.08,0.0,9.96,無,,37.0
中正區,房地(土地+建物)+車位,臨沂街５９巷３９號二樓,39.58,住,,,1111002,土地1建物1車位1,二層,七層,華廈(10層含以下有電梯),住家用,960723.0,160.45,3,2,2,有,有,46000000,306015.0,塔式車位,18.3,2500000,陽台外推；其他增建；,RPPNMLTLIIHGFBA37DA,82.81,0.0,9.28,有,,15.0
大安區,房地(土地+建物),瑞安街２２２巷４７號,38.6,住,,,1111009,土地1建物1車位0,一層，平台,五層,公寓(5樓含以下無電梯),住家用,,137.58,4,3,2,有,無,48800000,354703.0,,0.0,0,其他增建；,RPSOMLMJJIHGFFA37DA,137.58,0.0,0.0,無,531.0,
士林區,房地(土地+建物)+車位,忠誠路二段３０號十四樓,28.81,住,,,1111014,土地1建物1車位1,十四層,十四層,住宅大樓(11層含以上有電梯),住家用,711231.0,260.27,4,2,3,有,有,49110000,188689.0,坡道平面,0.0,0,前後陽台陽台外推；,RPPPMLOLIIHGFEA37DA,198.0,0.0,31.7,有,,40.0
北投區,房地(土地+建物),榮華一路２巷１５號,12.06,住,,,1111013,土地1建物1車位0,一層,七層,華廈(10層含以下有電梯),住家用,961119.0,45.5,2,1,1,有,有,13000000,285714.0,,0.0,0,陽台外推；,RPUOMLLKJIHGFEA47DA,25.72,0.0,3.75,有,,15.0
大安區,房地(土地+建物),市民大道四段２８號二樓,13.2,住,,,1111010,土地1建物1車位0,二層,五層,公寓(5樓含以下無電梯),住家用,,56.43,3,0,3,有,無,12400000,219741.0,,0.0,0,陽台外推；其他增建；,RPUOMLOLIIHGFFA87DA,49.86,0.0,6.57,無,,
南港區,房地(土地+建物),研究院路二段１８２巷５８弄２３號三樓,26.93,住,,,1111023,土地1建物1車位0,三層,五層,公寓(5樓含以下無電梯),住家用,730802.0,97.47,3,2,1,有,有,12300000,126193.0,,0.0,0,其他增建；,RPRUMLLJJIHGFDA57DA,81.79,0.0,8.14,無,,38.0
士林區,房地(土地+建物),中山北路六段４１９巷２４號三樓之１,19.1,住,,,1111018,土地2建物2車位0,三層,五層,公寓(5樓含以下無電梯),住家用,670802.0,68.66000000000001,2,2,2,有,無,14500000,211186.0,,0.0,0,陽台外推；,RPQNMLNKJIHGFEA17DA,53.29,0.0,12.22,無,533.0,44.0
內湖區,房地(土地+建物),文湖街２１巷１１２弄１３號十三樓,20.29,住,,,1111019,土地1建物1車位0,十三層,十四層,住宅大樓(11層含以上有電梯),住家用,901023.0,91.07,2,2,1,有,有,18990000,208521.0,,0.0,0,,RPQOMLLMIIHGFCA96DA,54.96,1.5,6.97,有,,21.0
文山區,房地(土地+建物)+車位,汀州路四段１７１號三樓,40.19,住,,,1111002,土地1建物1車位1,三層,十三層,住宅大樓(11層含以上有電梯),住家用,991104.0,193.06,3,2,2,有,有,34250000,177406.0,坡道平面,0.0,0,,RPXNMLSKIIHGFAA87DA,102.76,0.0,10.35,有,,12.0
信義區,房地(土地+建物),忠孝東路五段７４３巷１弄２７號三樓,26.0,住,,,1111016,土地1建物1車位0,三層，陽臺,四層,公寓(5樓含以下無電梯),住家用,620726.0,69.09,3,1,1,有,無,15000000,217108.0,,0.0,0,陽台外推；其他增建；,RPQNMLPKJIHGFDA27DA,69.09,0.0,0.0,無,,49.0
大安區,房地(土地+建物),大安路一段１６９巷８號三樓,30.81,住,,,1111007,土地1建物1車位0,三層,七層,華廈(10層含以下有電梯),住家用,660118.0,174.98999999999998,4,2,2,有,有,54200000,309732.0,,0.0,0,,RPRPMLKMQHHGFFA18EA,138.88,0.0,20.1,有,,46.0
萬華區,房地(土地+建物),莒光路１２８號二樓,18.3,住,,,1111019,土地2建物1車位0,二層,五層,公寓(5樓含以下無電梯),住家用,650806.0,66.25,3,1,1,有,無,9490000,143245.0,,0.0,0,陽台外推；,RPQNMLOKJIHGFBA96DA,56.48,0.0,9.77,無,,46.0
內湖區,房地(土地+建物),行善路３７號三樓,48.27,住,,,1111014,土地1建物1車位0,三層,十層,華廈(10層含以下有電梯),住家用,870506.0,127.38,3,2,1,有,有,22500000,176637.0,,0.0,0,,RPWQMLOKJIHGFCA97DA,76.34,0.0,7.06,有,537.0,24.0
內湖區,房地(土地+建物)+車位,康樂街１８６巷１弄１號二樓,41.7,住,,,1111006,土地1建物1車位1,二層,五層,公寓(5樓含以下無電梯),住家用,761128.0,137.31,3,2,2,有,有,19600000,142732.0,坡道平面,0.0,2000000,含裝潢費；含傢俱設備費；,RPSSMLMKIIHGFCA47DA,111.11,0.74,11.76,無,,35.0
中山區,房地(土地+建物)+車位,五常街１１巷５號五樓,18.27,住,,,1111024,土地2建物1車位1,五層,十七層,住宅大樓(11層含以上有電梯),住家用,1080918.0,155.46,3,2,2,有,有,37500000,296372.0,坡道平面,38.04,2700000,,RPPPMLNKRHHGFCA87EA,67.47,4.81,6.67,有,538.0,3.0
文山區,房地(土地+建物),辛亥路四段７７巷９２弄１１號三樓之５,35.22,住,,,1111010,土地3建物1車位0,三層,十四層,住宅大樓(11層含以上有電梯),住家用,920922.0,55.709999999999994,1,1,1,有,有,10460000,187758.0,,0.0,0,另有大安區辛亥段四小段615-1、615-2、762-1地號，同一價格,RPPOMLOKJIHGFAA86DA,34.49,0.0,3.31,有,539.0,19.0
中山區,房地(土地+建物)+車位,北安路４５８巷４１弄６８號八樓,15.43,住,,,1111004,土地1建物1車位1,八層,十六層,住宅大樓(11層含以上有電梯),住家用,1110419.0,126.31,0,0,0,無,有,43360000,469087.0,坡道平面,40.91,3300000,,RPVQMLOKJIHGFCA87DA,49.65,0.0,4.66,有,,
文山區,房地(土地+建物)+車位,政大二街８７號二樓,141.29,住,,,1111022,土地1建物1車位1,二層,五層,華廈(10層含以下有電梯),住家用,971111.0,271.78,4,2,3,有,有,45200000,166311.0,坡道平面,33.76,0,其他增建；,RPROMLKKJIHGFAA66DA,153.0,14.43,20.52,有,,14.0
內湖區,房地(土地+建物),內湖路一段４７巷８弄１１號四樓,34.24,住,,,1111005,土地1建物1車位0,四層,五層,公寓(5樓含以下無電梯),住家用,760929.0,106.54,3,2,2,有,有,19160000,179839.0,,0.0,0,,RPXQMLTJJIHGFCA48DA,93.89,0.2,9.14,無,,35.0
大安區,房地(土地+建物)+車位,安和路二段１９７號五樓,22.69,住,,,1111009,土地3建物1車位1,五層,十七層,住宅大樓(11層含以上有電梯),住家用,800105.0,256.90999999999997,3,2,2,有,有,67010000,260841.0,坡道平面,43.75,0,陽台外推；,RPROMLMJJIHGFFA27DA,192.4,6.11,18.49,有,,32.0
中山區,房地(土地+建物),民權東路二段７１巷２０號三樓,34.75,住,,,1111006,土地1建物1車位0,三層,四層,公寓(5樓含以下無電梯),住家用,610201.0,96.44,3,2,1,有,無,18450000,191311.0,,0.0,0,陽台外推；其他增建；,RPRUMLLJJIHGFCA47DA,84.24,0.0,12.2,無,541.0,51.0
中山區,房地(土地+建物),錦州街４３８號四樓,38.0,住,,,1111008,土地1建物1車位0,四層,四層,公寓(5樓含以下無電梯),住家用,580118.0,101.16,4,0,4,有,無,21980000,217280.0,,0.0,0,陽台外推；,RPOPMLNKRHHGFCA77EA,88.82,0.0,12.34,無,544.0,54.0
文山區,房地(土地+建物),羅斯福路五段２６９巷１７弄８號五樓,22.0,住,,,1111018,土地1建物1車位0,五層,五層,公寓(5樓含以下無電梯),住家用,730114.0,79.99,3,2,2,有,無,12900000,161270.0,,0.0,0,,RPQOMLLKJIHGFAA66DA,65.29,1.7,10.14,無,,39.0
中山區,房地(土地+建物),新生北路三段１１巷５１號四樓,43.25,住,,,1111025,土地1建物1車位0,四層,四層,公寓(5樓含以下無電梯),住家用,630128.0,119.12,3,2,2,有,無,21000000,176293.0,,0.0,0,頂樓加蓋；,RPPOMLPKJIHGFCA17DA,102.82,0.0,16.3,無,547.0,49.0
南港區,房地(土地+建物)+車位,舊莊街一段２１２巷１８號,31.82,住,,,1111025,土地2建物1車位1,一層,五層,華廈(10層含以下有電梯),住家用,1050325.0,83.91,1,1,1,有,無,12900000,153736.0,坡道平面,0.0,0,,RPQOMLQKJIHGFDA47DA,36.3,0.0,0.0,有,,7.0
士林區,房地(土地+建物),葫蘆街１９號,27.25,住,,,1111020,土地1建物1車位0,一層，騎樓,四層,公寓(5樓含以下無電梯),住家用,611207.0,86.16,3,1,1,有,無,15880000,184308.0,,0.0,0,夾層；其他增建；,RPOPMLLMIIHGFEA07DA,86.16,0.0,0.0,無,,50.0
中正區,房地(土地+建物)+車位,仁愛路二段８７號二樓,69.33,住,,,1111014,土地2建物1車位6,二層,十八層,住宅大樓(11層含以上有電梯),住家用,1010308.0,692.8,2,2,3,有,有,189000000,272806.0,坡道機械,0.0,0,,RPQOMLQKJIHGFBA37EA,251.02,10.28,31.81,有,548.0,11.0
大安區,房地(土地+建物),泰順街４０巷２０號三樓之１,32.0,住,,,1111016,土地1建物1車位0,三層，陽臺,四層,公寓(5樓含以下無電梯),住家用,,92.26,3,2,1,有,無,23280000,252330.0,,0.0,0,陽台外推；其他增建；,RPXNMLRJJIHGFFA28DA,92.26,0.0,0.0,無,,
內湖區,房地(土地+建物)+車位,康寧路三段１８９巷２３號二樓,27.46,住,,,1111011,土地1建物1車位1,二層,七層,華廈(10層含以下有電梯),住家用,991015.0,143.42000000000002,3,2,2,有,有,29600000,206387.0,升降機械,10.29,0,,RPOOMLPKJIHGFCA07DA,82.2,3.51,8.16,有,,12.0
信義區,房地(土地+建物),松德路２５巷１８號四樓,7.97,住,,,1111018,土地2建物1車位0,四層,十四層,住宅大樓(11層含以上有電梯),住家用,740620.0,70.82,2,2,1,有,有,17800000,251341.0,,0.0,0,陽台外推；,RPXOMLQKJIHGFDA28EA,53.48,0.0,5.48,有,549.0,37.0
中山區,房地(土地+建物),錦州街２０９號二層,34.0,住,,,1111023,土地1建物1車位0,二層,三層,公寓(5樓含以下無電梯),住家用,570708.0,74.97,2,1,1,有,無,12000000,160064.0,,0.0,0,,RPTQMLPKJIHGFCA77DA,74.97,0.0,0.0,無,,54.0
北投區,房地(土地+建物),西安街二段２６７號七樓之１,6.12,住,,,1111018,土地1建物1車位0,七層,七層,華廈(10層含以下有電梯),住家用,981123.0,25.0,1,1,1,有,有,6720000,268800.0,,0.0,0,陽台外推；夾層；,RPROMLTKIIHGFEA87DA,13.17,0.73,2.39,有,,13.0
萬華區,房地(土地+建物),西園路二段３０３號四樓,14.36,住,,,1111024,土地2建物1車位0,四層,十二層,住宅大樓(11層含以上有電梯),住家用,840227.0,87.78,3,2,2,有,有,13500000,153794.0,,0.0,0,,RPTOMLQKJIHGFBA67EA,65.32,5.81,7.63,有,554.0,28.0
士林區,房地(土地+建物),中山北路七段１１４巷４２號,51.25,住,,,1111013,土地1建物2車位0,一層,五層,公寓(5樓含以下無電梯),住家用,691104.0,188.95,4,3,2,有,無,25000000,132310.0,,0.0,0,3建築物含有其他增建:後棚架、停車空間、空地。其他增建；,RPWOMLQKJIHGFEA18DA,166.99,21.96,0.0,無,,42.0
文山區,房地(土地+建物),景華街１２８巷８６號,43.81,住,,,1111010,土地1建物1車位0,一層,五層,公寓(5樓含以下無電梯),住家用,730330.0,96.81,3,2,2,有,有,19600000,202479.0,,0.0,0,增建項目：平台、法定空地，建物二工做車庫使用未登記建物；,RPSNMLLLIIHGFAA76DA,87.78,9.01,0.0,無,,39.0
士林區,房地(土地+建物),華齡街１９０號二樓,23.5,住,,,1111012,土地1建物1車位0,二層，陽臺,四層,公寓(5樓含以下無電梯),住家用,650922.0,77.55,3,1,1,有,無,12100000,156028.0,,0.0,0,壹樓空地垂直增建。陽台外推；,RPOPMLLKJIHGFEA96DA,77.55,0.0,0.0,無,,46.0
內湖區,房地(土地+建物)+車位,行善路３３３巷６６號八樓,60.72,住,,,1111019,土地1建物1車位2,八層，九層,九層,華廈(10層含以下有電梯),住家用,1000103.0,302.43,4,2,3,有,有,68000000,224845.0,坡道機械,51.54,0,,RPTOMLRKJIHGFCA87EA,145.69,7.94,10.58,有,,12.0
內湖區,房地(土地+建物),江南街７１巷７７號四樓,32.04,住,,,1111020,土地1建物1車位0,四層,七層,華廈(10層含以下有電梯),住家用,730131.0,124.28,4,2,2,有,有,22500000,181043.0,,0.0,0,陽台外推；其他增建；,RPPNMLNJJIHGFCA76DA,78.32,0.0,17.62,有,558.0,39.0
中正區,房地(土地+建物),晉江街４４號四樓,31.5,住,,,1111022,土地1建物1車位0,四層,四層,公寓(5樓含以下無電梯),住家用,670914.0,79.28,2,2,1,有,無,16600000,209384.0,,0.0,0,陽台外推；其他增建；,RPRNMLQKJIHGFAA17DA,66.36,0.0,12.92,無,559.0,44.0
中正區,房地(土地+建物)+車位,汀州路二段２５２號二樓之１,13.92,住,,,1111002,土地1建物1車位1,二層,七層,華廈(10層含以下有電梯),住家用,980812.0,78.62,2,1,1,有,有,15680000,199440.0,其他,14.91,0,,RPQNMLMJJIHGFAA56DA,32.0,0.0,8.34,有,560.0,13.0
大安區,房地(土地+建物)+車位,四維路７６巷３號五樓,34.36,住,,,1111028,土地1建物1車位1,五層,十四層,住宅大樓(11層含以上有電梯),住家用,840915.0,214.26,3,2,2,有,有,61580000,287408.0,坡道平面,0.0,0,陽台外推；,RPUOMLKKJIHGFFA47DA,112.58,1.9,11.23,有,,27.0
內湖區,房地(土地+建物)+車位,康樂街２１９號十一樓,68.29,住,,,1111014,土地1建物1車位1,十一層,十一層,住宅大樓(11層含以上有電梯),住家用,831208.0,156.98000000000002,3,2,2,有,有,24580000,156570.0,坡道平面,0.0,2000000,陽台外推；,RPXPMLMJJIHGFCA67DA,136.93,1.14,10.27,有,,28.0
中山區,房地(土地+建物),八德路二段１７４巷１５弄３號四樓,22.75,住,,,1111009,土地1建物1車位0,四層,四層,公寓(5樓含以下無電梯),住家用,571009.0,65.55,3,2,1,有,無,14000000,213577.0,,0.0,0,頂樓加蓋；其他增建；,RPSOMLLMIIHGFCA17DA,65.55,0.0,0.0,無,,54.0
大安區,房地(土地+建物),安和路二段３２巷２９號四樓,26.25,住,,,1111022,土地1建物1車位0,四層,五層,公寓(5樓含以下無電梯),住家用,670913.0,107.49,2,2,1,有,無,27000000,251186.0,,0.0,0,,RPTNMLQLIIHGFFA87DA,93.51,0.0,13.98,無,,44.0
信義區,房地(土地+建物),富陽街７２巷３６號三樓,17.4,住,,,1111023,土地1建物1車位0,三層,五層,公寓(5樓含以下無電梯),住家用,730106.0,60.99,1,2,1,有,無,12800000,209870.0,,0.0,0,陽台外推；其他增建；,RPUOMLSJJIHGFDA97DA,55.16,0.0,5.83,無,,39.0
中山區,房地(土地+建物),龍江路４４３巷４號四樓,11.17,住,,,1111027,土地2建物1車位0,四層,五層,公寓(5樓含以下無電梯),住家用,720211.0,41.87,1,1,1,有,無,6580000,157153.0,,0.0,0,,RPUPMLRKJIHGFCA08EA,31.51,0.0,3.15,無,,40.0
松山區,房地(土地+建物),南京東路五段１２３巷４弄２１號四樓,47.5,住,,,1111008,土地1建物1車位0,四層,四層,公寓(5樓含以下無電梯),住家用,560629.0,130.5,3,3,2,有,無,26700000,204598.0,,0.0,0,陽台外推；頂樓加蓋；,RPRRMLLKIIHGFDA37EA,130.5,0.0,0.0,無,,55.0
內湖區,房地(土地+建物),金龍路２２２巷８號三樓之３,25.56,住,,,1111023,土地1建物1車位0,三層,十二層,住宅大樓(11層含以上有電梯),住家用,821213.0,81.99000000000001,2,2,2,有,有,17800000,217100.0,,0.0,0,,RPPOMLQKJIHGFCA27DA,58.52,0.0,10.46,有,,29.0
松山區,房地(土地+建物),民權東路三段１０３巷５弄９號四樓之３,26.51,住,,,1111025,土地1建物1車位0,四層,七層,華廈(10層含以下有電梯),住家用,740326.0,105.79,3,2,1,有,有,22800000,215521.0,,0.0,0,,RPTUMLLJJIHGFDA77DA,71.41,0.0,9.59,有,,38.0
北投區,房地(土地+建物)+車位,三合街一段７３號七樓,57.41,住,,,1111021,土地1建物1車位2,七層,九層,華廈(10層含以下有電梯),住家用,1031119.0,369.75,3,2,2,有,有,68300000,184719.0,坡道平面,80.98,0,陽台外推；,RPWOMLOKJIHGFEA97DA,166.34,9.52,17.47,有,566.0,8.0
內湖區,房地(土地+建物),康樂街１３６巷１８弄５０號五樓,24.92,住,,,1111025,土地1建物1車位0,五層,五層,公寓(5樓含以下無電梯),住家用,730618.0,80.19,3,2,1,有,無,12800000,159621.0,,0.0,0,頂樓加蓋；,RPROMLRKJIHGFCA67EA,72.43,0.0,7.76,無,,38.0
文山區,建物,萬寧街１４１號九樓之１,0.0,,,,1111007,土地0建物1車位0,九層,十六層,住宅大樓(11層含以上有電梯),住家用,861030.0,153.73000000000002,3,2,2,有,有,9100000,59195.0,,0.0,0,地上權房屋；,RPRNMLRKJIHGFAA37EA,87.24,0.0,12.54,有,,25.0
信義區,房地(土地+建物)+車位,吳興街２８４巷５９弄１５號十二樓,41.19,住,,,1111018,土地1建物1車位1,十二層,十三層,住宅大樓(11層含以上有電梯),住家用,970128.0,223.55,3,2,2,有,有,43000000,241911.0,坡道平面,58.2,3000000,陽台外推；其他增建；,RPOOMLKKJIHGFDA66DA,102.66,5.84,13.91,有,,15.0
內湖區,房地(土地+建物),內湖路一段４１１巷８２弄１０號四樓,24.97,住,,,1111014,土地1建物1車位0,四層,五層,公寓(5樓含以下無電梯),住家用,730514.0,91.83,3,2,1,有,無,14680000,159861.0,,0.0,0,,RPSOMLPKJIHGFCA47DA,64.95,0.0,14.6,無,,38.0
文山區,房地(土地+建物)+車位,福興路９５巷２９號七樓之１,32.37,住,,,1111013,土地1建物1車位1,七層,十層,華廈(10層含以下有電梯),住家用,890626.0,130.34,3,2,2,有,有,19000000,174987.0,坡道平面,33.19,2000000,其他增建；,RPTOMLLKJIHGFAA96DA,74.49,0.0,4.73,有,569.0,22.0
文山區,房地(土地+建物),興隆路一段２７５號二樓,15.12,住,,,1111030,土地1建物1車位0,二層,四層,公寓(5樓含以下無電梯),住家用,601231.0,35.01,2,2,1,有,無,4250000,121394.0,,0.0,0,,RPPNMLSKJIHGFAA27EA,35.01,0.0,0.0,無,,51.0
北投區,房地(土地+建物),杏林二路１１８號四樓,31.19,住,,,1111014,土地1建物1車位0,四層,五層,公寓(5樓含以下無電梯),住家用,750814.0,107.04,3,2,2,有,無,10000000,93423.0,,0.0,0,,RPOOMLSJJIHGFEA47DA,96.31,0.0,10.73,無,570.0,36.0
大安區,房地(土地+建物),敦化南路二段２６７號十二樓,13.75,住,,,1111013,土地2建物1車位0,十二層,十七層,住宅大樓(11層含以上有電梯),住家用,680517.0,166.58,3,2,2,有,有,47500000,285148.0,,0.0,0,陽台外推；其他增建；,RPQNMLNJJIHGFFA17DA,137.16,0.0,6.65,有,,43.0
中山區,房地(土地+建物)+車位,南京東路三段１９４巷３號三樓之６,20.82,住,,,1111014,土地1建物1車位1,三層,六層,華廈(10層含以下有電梯),住家用,1110315.0,119.09,1,2,2,有,有,33800000,378156.0,升降平面,36.32,2500000,,RPXOMLOKJIHGFCA87DA,46.01,3.73,4.28,有,,1.0
內湖區,房地(土地+建物),大湖山莊街２１９巷１６弄１１號三樓,39.88,住,,,1111027,土地2建物1車位0,二層，三層,五層,公寓(5樓含以下無電梯),住家用,790305.0,128.59,3,2,2,有,有,19000000,147756.0,,0.0,0,,RPTOMLSKJIHGFCA97EA,104.48,0.0,9.15,無,572.0,33.0
北投區,房地(土地+建物),行義路１８６巷４５號五樓,19.29,住,,,1111029,土地1建物1車位0,五層,七層,華廈(10層含以下有電梯),住家用,731221.0,78.03,2,1,1,有,有,11500000,147379.0,,0.0,0,,RPOQMLQKJIHGFEA57DA,53.64,0.0,7.24,有,574.0,38.0
內湖區,房地(土地+建物)+車位,江南街９６巷２０號六樓,28.58,住,,,1111017,土地1建物1車位1,六層,七層,華廈(10層含以下有電梯),住家用,841026.0,134.65,3,2,1,有,有,26000000,193093.0,坡道平面,0.0,0,陽台外推；其他增建；,RPXPMLOJJIHGFCA87DA,69.56,1.44,7.98,有,,27.0
內湖區,房地(土地+建物),康樂街４８巷８號二樓,27.66,住,,,1111012,土地1建物1車位0,二層,五層,公寓(5樓含以下無電梯),住家用,760112.0,104.13,3,2,1,有,無,17000000,163257.0,,0.0,0,,RPSPMLRKJIHGFCA77DA,84.71,0.0,8.96,無,576.0,36.0
松山區,房地(土地+建物)+車位,三民路６８巷２之２號,36.32,住,,,1111004,土地1建物1車位1,一層,七層,華廈(10層含以下有電梯),住家用,810303.0,148.49,3,2,2,有,有,31190000,210048.0,其他,0.0,0,車位需抽籤,RPTNMLSKJIHGFDA87DA,93.14,9.92,0.0,有,,31.0
內湖區,房地(土地+建物)+車位,環山路三段３０巷８號四樓,51.33,住,,,1111020,土地1建物1車位1,四層，五層,五層,公寓(5樓含以下無電梯),住家用,790721.0,220.03,2,3,3,有,有,27000000,122711.0,坡道平面,42.68,0,車位編號:B2-77號3建築物含有其他增建:採光罩頂樓加蓋；其他增建；,RPUPMLRKJIHGFCA97DA,177.56,3.89,21.05,無,,32.0
內湖區,房地(土地+建物),內湖路一段４１１巷１７號四樓,29.33,住,,,1111012,土地1建物1車位0,四層,四層,公寓(5樓含以下無電梯),住家用,670328.0,78.25,3,1,1,有,無,13600000,173802.0,,0.0,0,,RPWPMLRKJIHGFCA18DA,68.46,0.0,9.79,無,,45.0
文山區,房地(土地+建物)+車位,萬壽路６２之３號三樓,24.33,住,,,1111022,土地1建物1車位1,三層,五層,華廈(10層含以下有電梯),住家用,961023.0,61.489999999999995,1,1,1,有,有,8000000,138669.0,升降機械,11.01,1000000,其他增建；,RPQNMLLJJIHGFAA09DA,26.11,5.74,1.76,有,578.0,15.0
內湖區,房地(土地+建物),內湖路二段２９巷１１弄２號四樓,31.0,住,,,1111015,土地1建物1車位0,四層,四層,公寓(5樓含以下無電梯),住家用,660812.0,82.23,3,1,1,有,無,13500000,164174.0,,0.0,0,陽台外推；其他增建；,RPSPMLSKJIHGFCA97EA,75.79,0.0,6.44,無,,45.0
北投區,房地(土地+建物),公路２９８號三樓,22.2,住,,,1111014,土地1建物1車位0,三層,五層,公寓(5樓含以下無電梯),住家用,730820.0,79.12,3,2,1,有,無,8300000,104904.0,,0.0,0,,RPTNMLSKJIHGFEA08EA,69.8,0.0,6.98,無,,38.0
中山區,房地(土地+建物),中原街４１號四樓之３,21.63,住,,,1111014,土地1建物1車位0,四層,七層,華廈(10層含以下有電梯),住家用,661114.0,149.6,4,2,2,有,有,24500000,163770.0,,0.0,0,陽台外推；,RPRPMLOKJIHGFCA47EA,118.15,0.0,12.04,有,,45.0
北投區,房地(土地+建物)+車位,中和街３６８號八樓之２,9.21,,,,1111015,土地1建物1車位1,八層，電梯樓梯間,十九層,住宅大樓(11層含以上有電梯),住家用,870624.0,76.35,1,1,1,有,有,8500000,111329.0,坡道平面,0.0,2500000,陽台外推；,RPUNMLSKJIHGFEA08DA,29.12,1.8,5.33,有,,24.0
南港區,房地(土地+建物),興南街５２巷２７號五樓,20.57,住,,,1111024,土地2建物1車位0,五層,五層,公寓(5樓含以下無電梯),住家用,701208.0,79.80999999999999,3,2,1,有,無,16800000,210500.0,,0.0,0,,RPOPMLRKJIHGFDA47DA,69.0,0.0,9.82,無,,41.0
信義區,房地(土地+建物),信義路六段１５巷２號,22.66,住,,,1111024,土地1建物1車位0,一層,七層,華廈(10層含以下有電梯),住家用,701231.0,107.28,0,1,1,有,有,26400000,246085.0,,0.0,0,成交總價為2640萬元整，其中823建號台北市信義區信義路六段15巷6號地下登載為200萬元整。其他增建；,RPUPMLRLIIHGFDA08DA,86.65,5.1,0.0,有,,41.0
文山區,房地(土地+建物),三福街２６之３號二樓,39.22,住,,,1111024,土地1建物1車位0,二層,四層,公寓(5樓含以下無電梯),住家用,680611.0,97.18,3,2,2,有,無,12000000,123482.0,,0.0,0,,RPROMLLLIIHGFAA76DA,85.04,0.0,12.14,無,,43.0
文山區,房地(土地+建物)+車位,木柵路四段３３巷５號八樓之３,13.33,住,,,1111015,土地1建物1車位1,八層,十層,華廈(10層含以下有電梯),住家用,971208.0,93.27,1,1,1,有,有,11000000,117937.0,坡道平面,40.62,0,,RPUNMLLLJIHGFAA17EA,29.79,8.14,0.0,有,583.0,14.0
內湖區,房地(土地+建物),大湖山莊街１５８號二樓,47.27,住,,,1111001,土地1建物1車位0,二層,五層,公寓(5樓含以下無電梯),住家用,760820.0,120.27,2,2,2,有,無,19500000,162135.0,,0.0,0,其他增建；,RPUOMLQLIIHGFCA77DA,108.06,0.0,12.21,無,,35.0
松山區,房地(土地+建物),敦化北路１９９巷８號十一樓,48.3,住,,,1111026,土地1建物1車位0,十一層,十二層,住宅大樓(11層含以上有電梯),住家用,830716.0,186.87,3,2,2,有,有,50500000,270241.0,,0.0,0,,RPTRMLLKIIHGFDA57EA,96.65,0.0,14.23,有,,28.0
士林區,房地(土地+建物)+車位,中山北路七段１８１巷６之１號三樓,148.37,住,,,1111012,土地1建物1車位2,三層，四層，五層,五層,華廈(10層含以下有電梯),住家用,951226.0,327.97,4,2,3,有,有,86000000,262219.0,坡道平面,33.66,0,,RPTNMLMJJIHGFEA27DA,177.42,6.52,20.11,有,,16.0
北投區,房地(土地+建物)+車位,中央北路四段５４０巷１弄５號,133.16,住,,,1111007,土地1建物1車位1,全,三層,透天厝,住家用,940728.0,275.05,4,2,3,有,有,38120000,138593.0,坡道平面,0.0,0,,RPPQMLQKJIHGFEA67DA,224.86,1.59,14.29,有,,17.0
大安區,房地(土地+建物),泰順街５０巷８號四樓,28.8,住,,,1111021,土地2建物1車位0,四層,五層,公寓(5樓含以下無電梯),住家用,681002.0,102.93,3,2,2,有,無,28300000,274944.0,,0.0,0,其他增建；,RPRNMLSKJIHGFFA87DA,91.85,0.0,11.08,無,585.0,43.0
內湖區,房地(土地+建物)+車位,成功路五段３９８號十四樓之２,48.2,住,,,1111010,土地3建物1車位1,十四層，十五層,十九層,住宅大樓(11層含以上有電梯),住家用,891016.0,195.05,3,2,3,有,有,47000000,240964.0,坡道平面,0.0,0,,RPPNMLMLJIHGFCA96EA,108.77,0.0,4.07,有,586.0,22.0
松山區,房地(土地+建物),八德路四段２４５巷５２弄２０號五樓,32.87,住,,,1111001,土地1建物1車位0,五層,七層,華廈(10層含以下有電梯),住家用,800715.0,171.75,5,2,2,有,無,39580000,230451.0,,0.0,0,,RPOSMLLKIIHGFDA17EA,134.28,0.7,21.02,有,,31.0
北投區,房地(土地+建物),致遠一路二段５７巷１４號三樓,24.39,住,,,1111003,土地1建物1車位0,三層,五層,公寓(5樓含以下無電梯),住家用,710831.0,101.83,2,2,2,有,無,18880000,185407.0,,0.0,0,陽台外推；,RPXNMLLKJIHGFEA67DA,81.85,0.0,12.04,無,,40.0
文山區,房地(土地+建物)+車位,辛亥路六段２１巷４０號十五樓,68.19,住,,,1111024,土地8建物1車位1,十五層,十九層,住宅大樓(11層含以上有電梯),住家用,880809.0,187.61,3,2,2,有,有,29600000,157774.0,坡道平面,0.0,2000000,,RPUOMLOJJIHGFAA27DA,127.86,0.0,9.93,有,,23.0
大安區,房地(土地+建物)+車位,雲和街１０１號二樓,27.95,住,,,1111019,土地1建物1車位1,二層,十二層,住宅大樓(11層含以上有電梯),住家用,1110811.0,200.92,3,2,2,有,有,68000000,405043.0,坡道平面,40.69,3100000,,RPPNMLLLJIHGFFA17EA,96.03,0.0,11.61,有,591.0,
信義區,房地(土地+建物),永吉路３０巷１１９弄１６號二樓,39.45,住,,,1111009,土地1建物1車位0,二層,五層,公寓(5樓含以下無電梯),住家用,741212.0,150.38000000000002,4,2,2,有,無,31850000,211797.0,,0.0,0,陽台外推；,RPXRMLLKIIHGFDA97EA,125.81,0.0,13.24,無,,37.0
內湖區,房地(土地+建物)+車位,康樂街１３６巷３０弄１３號三樓之３,27.25,住,,,1111015,土地2建物1車位1,三層,十五層,住宅大樓(11層含以上有電梯),住家用,1090424.0,163.26,4,2,2,有,有,30000000,194195.0,坡道機械,16.5,1500000,,RPUOMLLMIIHGFCA37DA,97.12,0.63,9.2,有,,2.0
中山區,房地(土地+建物),松江路２５巷５號五樓之６,7.7,住,,,1111014,土地1建物1車位0,五層,十一層,住宅大樓(11層含以上有電梯),住家用,971118.0,40.45,1,1,1,有,有,11800000,291718.0,,0.0,0,夾層；其他增建；,RPWOMLSLIIHGFCA18DA,18.28,6.71,0.0,有,,14.0
大安區,房地(土地+建物),仁愛路四段１２２巷５８號三樓,19.05,住,,,1111024,土地1建物1車位0,三層,七層,華廈(10層含以下有電梯),住家用,700113.0,108.07,2,2,2,有,無,29400000,272046.0,,0.0,0,陽台外推；,RPSNMLQKJIHGFFA77DA,91.94,0.0,12.26,有,,42.0
大安區,房地(土地+建物)+車位,大安路二段１４２巷１８號五樓,25.49,住,,,1111018,土地1建物1車位1,五層,七層,華廈(10層含以下有電梯),住家用,990611.0,137.06,2,2,2,有,有,46250000,337443.0,其他,0.0,0,車位資訊:含停車位編號3。其他增建:露台、陽台。其他增建；,RPRNMLTKIIHGFFA87DA,54.86,11.86,9.23,有,592.0,12.0
松山區,房地(土地+建物),南京東路五段２５１巷２２弄２２號三樓,19.83,住,,,1111027,土地1建物1車位0,三層,六層,華廈(10層含以下有電梯),住家用,780921.0,60.69,2,1,1,有,無,14000000,230681.0,,0.0,0,,RPSOMLLLJIHGFDA37EA,48.68,1.4,5.56,有,,33.0
南港區,房地(土地+建物),福德街３０９巷４９號二樓,34.5,住,,,1111011,土地1建物1車位0,二層，陽臺,四層,公寓(5樓含以下無電梯),住家用,650729.0,94.93,3,2,1,有,無,16880000,177815.0,,0.0,0,其他增建；,RPUUMLLJJIHGFDA87DA,94.93,0.0,0.0,無,,46.0
文山區,房地(土地+建物)+車位,景中街１號十樓之２,5.83,,,,1111027,土地1建物1車位1,十層,十層,華廈(10層含以下有電梯),住家用,920521.0,55.47,1,1,1,有,有,10500000,214702.0,塔式車位,12.62,1300000,陽台外推；,RPPOMLKKJIHGFAA09DA,22.75,0.0,4.22,有,,19.0
南港區,房地(土地+建物)+車位,松河街７７０號二樓之２,10.8,住,,,1111010,土地1建物1車位1,二層,七層,華廈(10層含以下有電梯),住家用,981207.0,49.1,1,0,1,有,有,9600000,195519.0,坡道機械,9.93,0,其他增建；,RPPNMLSJJIHGFDA37DA,20.9,3.45,0.0,有,595.0,13.0
文山區,房地(土地+建物),秀明路一段１２７號二樓,22.52,住,,,1111006,土地1建物1車位0,二層,五層,公寓(5樓含以下無電梯),住家用,831206.0,75.24,2,2,1,有,無,12500000,166135.0,,0.0,0,,RPXNMLLLJIHGFAA47EA,61.19,3.54,5.32,無,,28.0
大同區,房地(土地+建物),大龍街９１巷１０號十二樓之３,8.27,住,,,1111030,土地1建物1車位0,十二層,十三層,住宅大樓(11層含以上有電梯),住家用,1110422.0,85.24,1,1,1,有,有,16000000,187705.0,,0.0,0,,RPUOMLLLJIHGFBA27DA,34.32,0.0,3.01,有,,1.0
文山區,房地(土地+建物)+車位,政大二街１３３號三樓,74.39,住,,,1111016,土地1建物1車位1,三層,十六層,住宅大樓(11層含以上有電梯),住家用,850824.0,154.9,3,2,2,有,有,18500000,119432.0,坡道平面,0.0,2000000,其他增建；,RPOOMLRJJIHGFAA96DA,80.83,2.59,9.73,有,597.0,26.0
文山區,房地(土地+建物),興隆路一段２５１巷４弄６號三樓,40.25,住,,,1111028,土地1建物1車位0,三層，陽臺,四層,公寓(5樓含以下無電梯),住家用,600604.0,95.12,3,2,1,有,無,15200000,159798.0,,0.0,0,陽台外推；其他增建；,RPSNMLKKJIHGFAA66DA,95.12,0.0,0.0,無,,51.0
內湖區,房地(土地+建物),陽光街２８５巷２號五樓,30.0,住,,,1111013,土地1建物1車位0,五層,五層,公寓(5樓含以下無電梯),住家用,730227.0,128.68,9,0,9,有,無,20880000,162263.0,,0.0,0,陽台外推；頂樓加蓋；,RPRRMLOKJIHGFCA57DA,92.44,14.06,11.99,無,599.0,39.0
內湖區,房地(土地+建物)+車位,康寧路三段９９巷３９弄１０號二樓之１,21.77,住,,,1111001,土地1建物1車位1,二層,七層,華廈(10層含以下有電梯),住家用,971219.0,122.1,2,2,1,有,有,20800000,210810.0,升降平面,32.92,2000000,,RPRPMLRKIIHGFCA57DA,50.93,4.97,5.29,有,601.0,14.0
信義區,房地(土地+建物)+車位,松德路１０１號十二樓之１,20.12,住,,,1111019,土地3建物1車位1,十二層,二十三層,住宅大樓(11層含以上有電梯),住家用,831021.0,232.3,4,2,2,有,有,59000000,253993.0,坡道平面,0.0,0,,RPWNMLMLJIHGFDA77EA,176.44,2.28,15.59,有,,28.0
內湖區,房地(土地+建物),康寧路一段２９２號七樓之１,14.49,,,,1111023,土地4建物1車位0,七層,十二層,住宅大樓(11層含以上有電梯),住家用,801021.0,50.43,1,1,1,有,有,10500000,208209.0,,0.0,0,,RPUQMLRLIIHGFCA08DA,27.95,2.8,4.68,有,604.0,31.0
內湖區,房地(土地+建物)+車位,成功路四段１６７巷１號十七樓之２,38.22,住,,,1111003,土地2建物1車位1,十七層,十七層,住宅大樓(11層含以上有電梯),住家用,940627.0,264.06,4,2,2,有,有,62500000,236689.0,坡道平面,0.0,3000000,陽台外推；其他增建；,RPTPMLSKIIHGFCA87DA,136.09,2.68,14.52,有,,17.0
大同區,房地(土地+建物),大龍街１８７巷２６號四樓,13.0,住,,,1111020,土地1建物1車位0,四層,四層,公寓(5樓含以下無電梯),住家用,640321.0,39.1,2,1,1,有,無,7100000,181586.0,,0.0,0,陽台外推；其他增建；,RPPOMLRJJIHGFBA17DA,30.74,0.0,8.36,無,,48.0
松山區,房地(土地+建物)+車位,塔悠路２８７號四樓,51.04,住,,,1111021,土地1建物1車位1,四層，見其他登記事項,四層,華廈(10層含以下有電梯),住家用,1000715.0,226.8,2,2,3,有,有,65000000,326640.0,坡道平面,40.05,4000000,陽台外推；夾層；其他增建；,RPTOMLKKJIHGFDA17DA,101.8,10.34,16.91,有,605.0,11.0
北投區,房地(土地+建物),中央北路四段１４２巷２號四樓,44.05,住,,,1111020,土地1建物1車位0,四層,五層,公寓(5樓含以下無電梯),住家用,730412.0,165.6,3,2,2,有,無,17800000,107488.0,,0.0,0,,RPROMLSKJIHGFEA87DA,142.24,0.0,11.17,無,606.0,39.0
萬華區,房地(土地+建物),德昌街１２號,30.92,住,,,1111028,土地1建物1車位0,一層,十二層,住宅大樓(11層含以上有電梯),住家用,880409.0,121.79,3,2,2,有,有,20880000,171443.0,,0.0,0,其他增建；,RPPNMLKLJIHGFBA56DA,80.29,1.2,7.86,有,,24.0
松山區,房地(土地+建物),民權東路三段１３６號七樓之９,4.56,住,,,1111013,土地1建物1車位0,七層,十二層,住宅大樓(11層含以上有電梯),住家用,701202.0,42.16,0,1,1,有,有,10680000,253321.0,,0.0,0,陽台外推；,RPQNMLTJJIHGFDA57DA,31.55,0.0,3.04,有,,41.0
大同區,房地(土地+建物)+車位,敦煌路８０巷２號十四樓,58.55,住,,,1111006,土地2建物1車位1,十四層，十五層,十五層,住宅大樓(11層含以上有電梯),住家用,970516.0,339.02,1,2,4,有,有,63000000,200530.0,坡道平面,37.32,2500000,,RPWNMLLLJIHGFBA37DA,209.68,3.18,13.38,有,,14.0
萬華區,房地(土地+建物),國興路６６號十樓,12.4,住,,,1111017,土地1建物1車位0,十層,十二層,住宅大樓(11層含以上有電梯),住家用,680403.0,46.08,2,1,1,有,有,7000000,151910.0,,0.0,0,,RPXNMLQKJIHGFBA87DA,38.94,0.0,7.14,有,,44.0
內湖區,房地(土地+建物)+車位,大湖山莊街１７６巷１８號五樓之２,14.17,住,,,1111023,土地1建物1車位1,五層,十四層,住宅大樓(11層含以上有電梯),住家用,971127.0,82.97,2,1,1,有,有,16700000,241209.0,坡道平面,24.09,2500000,,RPUOMLPKJIHGFCA67DA,33.71,2.82,2.79,有,614.0,14.0
士林區,房地(土地+建物)+車位,天母北路５６號十二樓之２,18.45,住,,,1111015,土地1建物1車位1,十二層,二十四層,住宅大樓(11層含以上有電梯),住家用,1090703.0,189.6,3,2,2,有,有,48000000,295073.0,坡道平面,38.79,3500000,,RPTPMLSJJIHGFEA08DA,82.99,7.17,8.3,有,,2.0
文山區,房地(土地+建物),興隆路一段８６號三樓,33.25,住,,,1111016,土地1建物1車位0,三層，陽臺,四層,公寓(5樓含以下無電梯),住家用,620131.0,98.15,3,2,1,有,無,13850000,141111.0,,0.0,0,,RPWNMLLMIIHGFAA27DA,98.15,0.0,0.0,無,615.0,50.0
內湖區,房地(土地+建物),環山路一段５９巷１２弄５號三樓,24.25,住,,,1111028,土地1建物1車位0,三層,四層,公寓(5樓含以下無電梯),住家用,670225.0,63.71,2,2,1,有,無,13000000,204050.0,,0.0,0,,RPRQMLPKJIHGFCA57DA,57.18,0.0,6.53,無,,45.0
南港區,房地(土地+建物),重陽路５５９號三樓之１,16.75,住,,,1111021,土地1建物1車位0,三層,七層,華廈(10層含以下有電梯),住家用,961227.0,33.72,1,1,1,有,有,8850000,262456.0,,0.0,0,,RPWOMLLLJIHGFDA67DA,23.8,0.0,0.0,有,616.0,15.0
文山區,房地(土地+建物)+車位,樟新街３６號十二樓之３,27.98,住,,,1111016,土地1建物1車位1,十二層,十六層,住宅大樓(11層含以上有電梯),住家用,831221.0,162.75,3,2,2,有,有,24370000,173667.0,坡道平面,33.94,2000000,,RPOOMLSJPHHGFAA67EA,124.03,2.72,10.66,有,,28.0
內湖區,房地(土地+建物),陽光街９２巷２５弄９號三樓,40.3,住,,,1111022,土地1建物1車位0,三層,四層,公寓(5樓含以下無電梯),住家用,680926.0,108.78,3,2,2,有,無,20000000,183857.0,,0.0,0,陽台外推；其他增建；,RPQNMLLJJIHGFCA66DA,96.04,0.0,12.74,無,,43.0
士林區,房地(土地+建物),雙溪街１０４號四樓之１,4.55,住,,,1111024,土地1建物1車位0,四層,九層,華廈(10層含以下有電梯),住家用,810109.0,25.21,0,0,1,有,有,6300000,249901.0,,0.0,0,陽台外推；其他增建；,RPRPMLOJJIHGFEA47DA,14.69,0.0,6.47,有,,31.0
北投區,房地(土地+建物),稻香路１６１巷１６弄２之１號二樓,48.1,住,,,1111022,土地1建物1車位0,二層,五層,華廈(10層含以下有電梯),住家用,1100902.0,87.64,2,2,1,有,有,16510000,188384.0,,0.0,0,含家電含裝潢費；,RPRNMLOKJIHGFEA37DA,47.79,4.4,4.92,有,,1.0
南港區,房地(土地+建物)+車位,重陽路７號八樓,17.16,住,,,1111024,土地1建物1車位1,八層,十四層,住宅大樓(11層含以上有電梯),住家用,1110124.0,106.75,2,1,1,有,有,30050000,339014.0,坡道平面,24.6,2200000,,RPUOMLQLIIHGFDA87DA,46.68,2.27,4.61,有,,1.0
內湖區,房地(土地+建物),環山路二段２５巷１１號五樓,28.65,住,,,1111030,土地3建物1車位0,五層,五層,公寓(5樓含以下無電梯),住家用,711016.0,86.08,3,2,2,有,無,15400000,178903.0,,0.0,0,頂樓加蓋；,RPTPMLMLJIHGFCA47DA,70.36,0.0,8.36,無,620.0,40.0
文山區,房地(土地+建物),興隆路三段２２１巷２弄５號二樓,58.99,住,,,1111016,土地3建物1車位0,二層,五層,公寓(5樓含以下無電梯),住家用,690910.0,98.73,3,2,2,有,無,12010000,121645.0,,0.0,0,陽台外推；其他增建；,RPQOMLQKJIHGFAA17DA,82.97,0.0,15.76,無,,42.0
大安區,房地(土地+建物),仁愛路四段１２２巷６０號二樓,19.19,住,,,1111028,土地1建物1車位0,二層,七層,華廈(10層含以下有電梯),住家用,700113.0,108.9,3,2,2,有,有,31280000,287236.0,,0.0,0,陽台外推；其他增建；,RPQOMLRJJIHGFFA67DA,92.68,0.0,12.32,有,621.0,42.0
內湖區,房地(土地+建物),民權東路六段２９６巷１１５號三樓,23.83,住,,,1111012,土地1建物1車位0,三層,十三層,住宅大樓(11層含以上有電梯),住家用,830509.0,116.16,3,2,2,有,有,27300000,235021.0,,0.0,0,,RPOOMLQKJIHGFCA17DA,83.57,2.31,10.2,有,,28.0
南港區,房地(土地+建物),南深路３３號八樓之１２,11.86,住,,,1111016,土地1建物1車位0,八層,十層,華廈(10層含以下有電梯),住家用,880316.0,34.32,1,0,1,有,有,5000000,145688.0,,0.0,0,陽台外推；,RPTOMLNJJIHGFDA37DA,22.71,0.0,3.67,有,,24.0
南港區,房地(土地+建物),福德街３０９巷４４號三樓,19.25,住,,,1111002,土地1建物1車位0,三層，陽臺,四層,公寓(5樓含以下無電梯),住家用,650629.0,73.83,2,1,1,有,無,12000000,162536.0,,0.0,0,陽台外推；,RPQOMLSKJIHGFDA67DA,73.83,0.0,0.0,無,,46.0
中山區,房地(土地+建物),樂群二路１７０號六樓,47.09,住,,,1111031,土地1建物1車位0,六層,八層,華廈(10層含以下有電梯),住家用,890628.0,155.23,3,2,2,有,有,28800000,185531.0,,0.0,0,其他增建；,RPVOMLSKJIHGFCA08DA,77.39,0.0,8.1,有,,22.0
文山區,房地(土地+建物),永安街２２巷９弄１１號,48.53,住,,,1111004,土地8建物1車位0,一層,五層,公寓(5樓含以下無電梯),住家用,790521.0,127.51,3,2,2,有,有,17000000,133323.0,,0.0,0,其他增建；,RPXNMLMLJIHGFAA47DA,77.61,42.65,0.0,無,,32.0
內湖區,房地(土地+建物)+車位,內湖路二段２３５巷１６號二樓之２,85.92,住,,,1111027,土地3建物1車位1,二層,五層,華廈(10層含以下有電梯),住家用,1110722.0,166.24,3,2,2,有,有,31350000,216965.0,坡道平面,33.73,2600000,預售屋、或土地及建物分件登記案件；,RPTPMLOKJIHGFCA57DA,78.53,3.98,5.91,有,,
中山區,房地(土地+建物)+車位,民生東路二段９３巷１９號十樓,21.09,住,,,1111016,土地1建物1車位1,十層,十三層,住宅大樓(11層含以上有電梯),住家用,1101201.0,158.52,3,2,2,有,有,39600000,302255.0,坡道平面,37.43,3000000,,RPVNMLLMIIHGFCA37DA,75.17,2.53,8.31,有,,1.0
士林區,房地(土地+建物),德行東路３３１巷３６弄１３號五樓,35.7,住,,,1111014,土地1建物1車位0,五層,五層,公寓(5樓含以下無電梯),住家用,731218.0,102.89,4,1,4,有,無,14000000,136068.0,,0.0,0,,RPOPMLKKJIHGFEA86DA,88.84,0.0,10.59,無,,38.0
內湖區,房地(土地+建物),大湖山莊街２１９巷１０號,54.94,住,,,1111016,土地2建物1車位0,一層，二層,五層,公寓(5樓含以下無電梯),住家用,790305.0,177.98,4,3,3,有,無,25000000,140465.0,,0.0,0,,RPOPMLOKJIHGFCA07DA,102.49,53.58,4.53,無,,33.0
南港區,房地(土地+建物)+車位,經貿二路１５７巷５６號五樓,47.91,住,,,1111026,土地1建物1車位1,五層,二十三層,住宅大樓(11層含以上有電梯),住家用,1010716.0,296.23,0,0,0,無,有,74500000,259622.0,坡道平面,20.83,3000000,,RPSNMLLJJIHGFDA07EA,159.0,15.29,16.82,有,623.0,10.0
大安區,房地(土地+建物)+車位,光復南路２９０巷２６號六樓,44.22,住,,,1111013,土地1建物1車位1,六層,十四層,住宅大樓(11層含以上有電梯),住家用,1010613.0,321.23,5,2,3,有,有,101000000,321565.0,坡道平面,19.58,4000000,陽台外推；,RPVPMLKMQHHGFFA58EA,164.12,6.51,15.72,有,,10.0
大安區,房地(土地+建物),羅斯福路三段１７７號十四樓之５,2.35,,,,1111018,土地1建物1車位0,十四層,十六層,住宅大樓(11層含以上有電梯),住家用,941102.0,35.05,1,1,1,有,有,11100000,316690.0,,0.0,0,,RPPNMLNLJIHGFFA37EA,21.66,0.0,0.0,有,624.0,17.0
內湖區,房地(土地+建物)+車位,新明路４９８巷９號七樓,24.9,住,,,1111001,土地1建物1車位1,七層,十四層,住宅大樓(11層含以上有電梯),住家用,900119.0,159.22,3,2,2,有,有,25600000,160784.0,坡道平面,32.69,0,陽台外推約1.5坪左右陽台外推；,RPSNMLNLJIHGFCA37EA,91.8,0.0,11.44,有,,22.0
大同區,房地(土地+建物),大龍街９１巷１０號九樓之３,7.95,住,,,1111031,土地1建物1車位0,九層,十三層,住宅大樓(11層含以上有電梯),住家用,1110422.0,56.099999999999994,0,0,0,無,有,13360000,238146.0,,0.0,0,,RPPNMLNLJIHGFBA96EA,34.32,0.0,3.01,有,,1.0
萬華區,房地(土地+建物),武成街１０１巷４弄１０號,35.0,住,,,1111026,土地1建物1車位0,全,三層,透天厝,住家用,520312.0,98.19,5,3,2,有,無,15000000,152765.0,,0.0,0,其他增建；,RPPOMLLLJIHGFBA76DA,98.19,0.0,0.0,無,625.0,60.0
大安區,房地(土地+建物),復興南路二段１９３巷１３號十三樓,25.33,住,,,1111028,土地1建物1車位0,十三層,十九層,住宅大樓(11層含以上有電梯),住家用,740522.0,129.09,3,2,2,有,無,31240000,242002.0,,0.0,0,其他增建；,RPXPMLKMQHHGFFA78EA,97.03,1.8,9.07,有,,37.0
信義區,房地(土地+建物),福德街３００巷３７號三樓,21.38,住,,,1111003,土地1建物1車位0,三層,四層,公寓(5樓含以下無電梯),住家用,660719.0,63.0,3,1,1,有,無,11000000,174603.0,,0.0,0,,RPOPMLLKJIHGFDA86DA,50.58,0.0,12.42,無,,45.0
大安區,房地(土地+建物),和平東路二段１１８巷４弄９號五樓,29.99,住,,,1111023,土地1建物1車位0,五層,六層,華廈(10層含以下有電梯),住家用,730419.0,132.86,3,2,2,有,無,36500000,274725.0,,0.0,0,陽台外推；,RPOQMLKMQHHGFFA97EA,96.86,0.0,30.87,有,,39.0
文山區,房地(土地+建物)+車位,汀州路四段２６３號十三樓,38.0,住,,,1111005,土地1建物1車位1,十三層,十四層,住宅大樓(11層含以上有電梯),住家用,991104.0,192.24,3,2,2,有,有,37500000,195069.0,坡道平面,0.0,0,,RPWNMLQKJIHGFAA67DA,102.87,0.0,11.67,有,627.0,12.0
中正區,房地(土地+建物)+車位,水源路３９號十二樓之１,28.09,住,,,1111023,土地1建物1車位1,十二層,十三層,住宅大樓(11層含以上有電梯),住家用,911202.0,153.76,3,2,2,有,有,27000000,175598.0,坡道平面,33.62,0,,RPQOMLTJJIHGFAA37DA,79.7,0.0,7.86,有,,20.0
中山區,房地(土地+建物),興安街８８號四樓之４,16.19,住,,,1111008,土地1建物1車位0,四層,六層,華廈(10層含以下有電梯),住家用,750609.0,84.7,2,2,1,有,有,23000000,271547.0,,0.0,0,,RPQQMLNKRHHGFCA08EA,65.97,0.0,5.58,有,,36.0
士林區,房地(土地+建物),仰德大道一段６巷５１號,55.0,住,,,1111010,土地1建物1車位0,全,一層,透天厝,住家用,551001.0,40.38,4,1,1,有,無,12000000,297177.0,,0.0,0,夾層；其他增建；,RPVPMLRJJIHGFEA18DA,40.38,0.0,0.0,無,,56.0
北投區,房地(土地+建物)+車位,中央北路二段３５０巷６８號五樓,47.75,住,,,1111025,土地1建物1車位1,五層,十四層,住宅大樓(11層含以上有電梯),住家用,1040724.0,192.35,3,2,2,有,有,28300000,147128.0,坡道平面,0.0,0,,RPVNMLOKJIHGFEA77DA,104.03,0.0,11.14,有,630.0,7.0
大同區,房地(土地+建物),重慶北路三段２０３之３號三樓之１,6.67,住,,,1111027,土地2建物1車位0,三層,十二層,住宅大樓(11層含以上有電梯),住家用,1090728.0,54.14,0,0,0,無,有,14800000,273365.0,,0.0,0,,RPPPMLSJJIHGFBA37DA,25.03,0.0,7.81,有,,2.0
內湖區,房地(土地+建物)+車位,安康路２６９號八樓之１,11.65,住,,,1111011,土地1建物1車位1,八層,十二層,住宅大樓(11層含以上有電梯),住家用,1030724.0,79.63,2,2,1,有,有,16800000,210976.0,塔式車位,0.0,0,陽台外推；,RPXOMLTKIIHGFCA28DA,32.97,0.18,9.29,有,631.0,8.0
南港區,房地(土地+建物)+車位,忠孝東路六段１２４號七樓之１,14.92,住,,,1111003,土地1建物2車位1,七層,九層,華廈(10層含以下有電梯),住家用,830812.0,115.08,2,2,2,有,有,25000000,217240.0,升降機械,0.0,0,,RPQNMLKLJIHGFDA86DA,57.96,3.03,6.15,有,,28.0
文山區,房地(土地+建物)+車位,三福街７７號八樓之３,15.38,住,,,1111023,土地1建物1車位1,八層,十五層,住宅大樓(11層含以上有電梯),住家用,1030127.0,156.07,2,1,1,有,有,25950000,166272.0,坡道平面,38.62,0,,RPOPMLRJJIHGFAA07DA,61.26,4.3,7.89,有,633.0,9.0
大安區,房地(土地+建物),仁愛路四段５０之３１號,16.47,住,,,1111008,土地4建物1車位0,六層，陽臺,十二層,住宅大樓(11層含以上有電梯),住家用,600420.0,102.38,3,2,2,有,有,45800000,447353.0,,0.0,0,陽台外推；,RPPQMLKMQHHGFFA08EA,102.38,0.0,0.0,有,,51.0
文山區,房地(土地+建物),興隆路四段５８巷２６弄４號六樓,14.62,住,,,1111026,土地1建物1車位0,六層,八層,華廈(10層含以下有電梯),住家用,810617.0,53.63,1,1,1,有,有,7200000,134253.0,,0.0,0,,RPSNMLNLJIHGFAA17EA,41.68,1.25,4.25,有,,30.0
松山區,房地(土地+建物)+車位,光復南路５８巷２號八樓,29.38,住,,,1111006,土地2建物1車位2,八層,十二層,住宅大樓(11層含以上有電梯),住家用,1010911.0,274.6,4,2,2,有,有,69900000,325059.0,坡道平面,78.02,6000000,,RPTOMLKLIIHGFDA17DA,114.55,0.0,11.94,有,,10.0
中正區,房地(土地+建物)+車位,水源路３７之６號四樓之３,17.81,住,,,1111017,土地1建物1車位1,四層,十三層,住宅大樓(11層含以上有電梯),住家用,1070223.0,176.88,3,2,2,有,有,37500000,241679.0,坡道平面,32.06,2500000,,RPWNMLNLJIHGFAA47DA,80.55,7.62,8.23,有,,5.0
信義區,房地(土地+建物),虎林街２０２巷５５號三樓,44.5,住,,,1111021,土地2建物1車位0,三層,四層,公寓(5樓含以下無電梯),住家用,571230.0,100.9,3,2,1,有,無,21000000,208127.0,,0.0,0,陽台外推；,RPTNMLQLIIHGFDA67DA,87.43,0.0,13.47,無,636.0,54.0
內湖區,房地(土地+建物)+車位,金湖路６５巷７號四樓之１,17.05,住,,,1111018,土地1建物1車位1,四層,十四層,住宅大樓(11層含以上有電梯),住家用,940825.0,134.16,2,2,1,有,有,26680000,198867.0,坡道平面,0.0,0,陽台外推；,RPWNMLOLJIHGFCA77DA,56.14,3.14,8.68,有,,17.0
內湖區,房地(土地+建物),文湖街２１巷９８弄６號二樓之３,10.54,住,,,1111002,土地1建物1車位0,二層,八層,華廈(10層含以下有電梯),住家用,970124.0,51.25,1,1,1,有,有,9800000,191220.0,,0.0,0,其他增建；,RPOQMLPLJIHGFCA37DA,28.71,4.76,0.0,有,,15.0
士林區,房地(土地+建物),天母東路１０５巷３１之３號,17.68,住,,,1111020,土地1建物2車位0,一層,五層,公寓(5樓含以下無電梯),住家用,680105.0,72.61,2,1,1,有,無,13600000,187302.0,,0.0,0,,RPVNMLLLJIHGFEA57DA,62.87,0.0,0.0,無,,44.0
信義區,房地(土地+建物),永吉路１８７巷４弄４號,35.56,住,,,1111031,土地1建物1車位0,一層，平台,四層,公寓(5樓含以下無電梯),住家用,631022.0,98.14,2,2,2,有,無,26800000,273079.0,,0.0,0,其他增建；,RPRNMLLLJIHGFDA07DA,98.14,0.0,0.0,無,,48.0
文山區,房地(土地+建物)+車位,萬壽路７５巷４５號十二樓,88.34,住,,,1111010,土地1建物1車位1,十二層，夾層,十二層,住宅大樓(11層含以上有電梯),住家用,880413.0,172.04,4,2,2,有,有,21800000,126715.0,坡道平面,0.0,2000000,陽台外推；夾層；其他增建；,RPTOMLLLJIHGFAA07DA,102.08,0.0,10.09,有,,23.0
大同區,房地(土地+建物),大龍街９１巷１２號十樓之５,5.18,住,,,1111026,土地1建物1車位0,十層,十三層,住宅大樓(11層含以上有電梯),住家用,1110422.0,36.56,1,0,1,有,有,8200000,224289.0,,0.0,0,,RPPNMLPLJIHGFBA07DA,21.46,0.0,2.78,有,,1.0
北投區,房地(土地+建物)+車位,知行路２９３巷１６號八樓之７,17.87,住,,,1111028,土地1建物1車位1,八層,十一層,住宅大樓(11層含以上有電梯),住家用,980717.0,125.66,2,2,1,有,有,15080000,120006.0,坡道平面,47.42,0,陽台外推；,RPPPMLPLJIHGFEA57DA,45.56,0.0,4.21,有,640.0,13.0
南港區,房地(土地+建物),研究院路三段６８巷３０號四樓,33.69,住,,,1111028,土地1建物1車位0,四層,四層,公寓(5樓含以下無電梯),住家用,701202.0,97.24,3,2,1,有,無,10280000,105718.0,,0.0,0,陽台外推；,RPUNMLMJJIHGFDA27DA,82.44,0.0,14.8,無,,41.0
北投區,房地(土地+建物),泉源路４１巷６１號三樓,34.0,住,,,1111031,土地1建物1車位0,三層,三層,公寓(5樓含以下無電梯),住家用,560408.0,66.08,2,1,1,有,無,5600000,84746.0,,0.0,0,,RPWOMLLLJIHGFEA77DA,66.08,0.0,0.0,無,642.0,56.0
內湖區,房地(土地+建物)+車位,民權東路六段１８０巷１５８號十一樓之１,49.51,住,,,1111021,土地1建物1車位1,十一層,十一層,住宅大樓(11層含以上有電梯),住家用,1000221.0,307.7,4,2,3,有,有,53800000,174846.0,坡道平面,39.57,0,,RPVPMLPKJIHGFCA87DA,152.85,5.93,14.19,有,,12.0
南港區,房地(土地+建物),中坡南路３１巷８號六樓,34.17,住,,,1111021,土地1建物1車位0,六層,六層,華廈(10層含以下有電梯),住家用,1090731.0,135.59,0,0,0,無,無,38960000,287337.0,,0.0,0,,RPPOMLLJJIHGFDA86EA,71.89,6.28,5.36,有,,2.0
北投區,房地(土地+建物),中和街３９７號四樓,32.76,住,,,1111019,土地2建物1車位0,四層,四層,公寓(5樓含以下無電梯),住家用,661221.0,81.0,3,2,2,有,無,11200000,138272.0,,0.0,0,陽台外推；頂樓加蓋；,RPUOMLPLJIHGFEA08EA,76.14,0.0,4.86,無,,45.0
北投區,房地(土地+建物),建民路１１０巷４號三樓,40.01,住,,,1111008,土地4建物1車位0,三層,五層,公寓(5樓含以下無電梯),住家用,700114.0,136.8,3,2,2,有,無,22350000,163377.0,,0.0,0,,RPVNMLPLJIHGFEA08EA,124.95,0.0,11.85,無,,42.0
大安區,房地(土地+建物)+車位,復興南路二段７８巷３０弄２號十樓之２,27.28,住,,,1111028,土地1建物1車位1,十層,十五層,住宅大樓(11層含以上有電梯),住家用,760707.0,187.43,4,2,2,有,有,56380000,341772.0,坡道平面,34.17,4000000,其他增建；,RPVOMLLKJIHGFFA67DA,134.81,4.65,11.21,有,,35.0
信義區,房地(土地+建物),和平東路三段３９１巷８弄３２號四樓,19.5,住,,,1111017,土地1建物1車位0,四層，陽臺,四層,公寓(5樓含以下無電梯),住家用,611215.0,57.18,2,2,1,有,無,12000000,209864.0,,0.0,0,陽台外推；頂樓加蓋；,RPSOMLLJJIHGFDA17EA,57.18,0.0,0.0,無,643.0,50.0
大安區,房地(土地+建物)+車位,市民大道三段１８８號五樓,38.95,住,,,1111015,土地2建物1車位2,五層,二十三層,住宅大樓(11層含以上有電梯),住家用,1050111.0,374.35,3,2,3,有,有,129000000,375674.0,坡道平面,49.6,7000000,其他增建；,RPSNMLLMIIHGFFA37DA,188.9,12.23,23.42,有,,7.0
南港區,房地(土地+建物)+車位,街５８巷３號九樓之３,18.42,住,,,1111029,土地1建物1車位1,九層,十層,華廈(10層含以下有電梯),住家用,970909.0,121.15,2,2,1,有,有,20700000,170863.0,坡道平面,0.0,0,,RPQOMLLJJIHGFDA96EA,51.95,5.48,4.68,有,,14.0
萬華區,房地(土地+建物),西園路二段３７２巷２９號二樓,15.34,住,,,1111026,土地1建物1車位0,二層,五層,公寓(5樓含以下無電梯),住家用,650820.0,50.69,2,1,1,有,無,6680000,131781.0,,0.0,0,陽台外推；其他增建；,RPOPMLPLJIHGFBA17DA,40.36,0.0,5.28,無,,46.0
信義區,房地(土地+建物)+車位,松勤街１４６號七樓,83.86,住,,,1111005,土地1建物2車位2,七層,十層,華廈(10層含以下有電梯),住家用,880505.0,310.86,3,2,2,有,有,92600000,360918.0,坡道平面,78.12,8600000,,RPRNMLSLJIHGFDA77DA,151.25,2.44,15.87,有,,23.0
信義區,房地(土地+建物)+車位,吳興街６００巷１２６號十四樓,39.03,住,,,1111020,土地1建物1車位1,十四層,十九層,住宅大樓(11層含以上有電梯),住家用,990122.0,252.81,3,2,2,有,有,44680000,176734.0,坡道平面,0.0,2500000,,RPWOMLRKJIHGFDA18DA,119.88,14.64,6.7,有,,13.0
北投區,房地(土地+建物)+車位,珠海路１０９巷１４號三樓,55.94,住,,,1111030,土地2建物1車位1,三層，電梯樓梯間,七層,華廈(10層含以下有電梯),住家用,841211.0,161.18,3,2,2,有,有,17900000,111056.0,坡道平面,0.0,0,陽台外推；其他增建；,RPVOMLOKJIHGFEA87DA,83.36,1.89,9.68,有,645.0,27.0
文山區,房地(土地+建物),試院路１５４巷５弄３號四樓,24.83,住,,,1111013,土地1建物1車位0,四層,四層,華廈(10層含以下有電梯),住家用,840119.0,68.21,2,1,1,有,有,7430000,108912.0,,0.0,0,,RPSNMLPLJIHGFAA27DA,52.08,2.34,4.7,有,,28.0
大安區,房地(土地+建物)+車位,敦化南路一段２８３號六樓,26.98,住,,,1111008,土地2建物1車位1,六層,十四層,住宅大樓(11層含以上有電梯),住家用,701214.0,241.38,2,2,2,有,有,74500000,308642.0,坡道平面,53.36,0,,RPWOMLLMIIHGFFA87DA,200.47,0.0,8.61,有,,41.0
大安區,房地(土地+建物),潮州街９８巷２號,33.99,住,,,1111028,土地1建物2車位0,一層,五層,公寓(5樓含以下無電梯),住家用,701217.0,188.17,2,1,1,有,無,55050000,292555.0,,0.0,0,其他增建；,RPPNMLSLJIHGFFA77DA,170.9,17.27,0.0,無,,41.0
南港區,房地(土地+建物),成福路２０６巷５弄３號三樓,37.91,住,,,1111028,土地1建物1車位0,三層,五層,公寓(5樓含以下無電梯),住家用,691124.0,105.83,4,2,1,有,無,19600000,185203.0,,0.0,0,陽台外推；其他增建；,RPTOMLPKJIHGFDA67DA,94.14,0.0,11.69,無,,42.0
中山區,房地(土地+建物)+車位,北安路４５８巷４１弄６８號九樓,15.43,住,,,1111008,土地1建物1車位1,九層,十六層,住宅大樓(11層含以上有電梯),住家用,1110419.0,126.31,0,0,0,無,有,43380000,469321.0,坡道平面,40.91,3300000,,RPSOMLSLJIHGFCA87DA,49.65,0.0,4.66,有,,
士林區,房地(土地+建物)+車位,芝玉路二段６１巷６號八樓,55.17,住,,,1111021,土地1建物1車位1,八層，九層,十四層,住宅大樓(11層含以上有電梯),住家用,910102.0,250.02,5,3,4,有,有,54500000,240652.0,坡道平面,33.94,2500000,陽台外推；其他增建；,RPXOMLPLJIHGFEA28DA,168.93,0.0,16.63,有,,21.0
士林區,房地(土地+建物),通河西街二段１１６巷９號四樓,25.75,住,,,1111029,土地1建物1車位0,四層,四層,公寓(5樓含以下無電梯),住家用,670517.0,98.7,3,1,1,有,無,10000000,101317.0,,0.0,0,其他增建；,RPSPMLRJJIHGFEA87DA,87.76,0.0,10.94,無,,44.0
北投區,房地(土地+建物),自強街３１巷５弄１號二樓,40.75,住,,,1111028,土地1建物1車位0,二層,四層,公寓(5樓含以下無電梯),住家用,670217.0,105.91,3,2,2,有,無,18200000,171844.0,,0.0,0,其他增建；,RPROMLKKJIHGFEA07DA,94.31,0.0,11.6,無,,45.0
北投區,房地(土地+建物)+車位,中央北路二段３５０巷７０號四樓,45.5,住,,,1111002,土地1建物1車位1,四層,十四層,住宅大樓(11層含以上有電梯),住家用,1040724.0,183.36,3,2,2,有,有,27900000,152160.0,坡道平面,0.0,0,,RPPOMLNKIIHGFEA07DA,98.33,0.0,11.5,有,648.0,7.0
內湖區,房地(土地+建物),文德路２１０巷３０弄１００號二樓之１,15.72,住,,,1111014,土地1建物1車位0,二層,十四層,住宅大樓(11層含以上有電梯),住家用,911031.0,91.05,2,2,1,有,有,22700000,249314.0,,0.0,0,,RPSOMLOLJIHGFCA47DA,54.69,0.0,5.89,有,,20.0
北投區,房地(土地+建物)+車位,西安街二段１７１之１號七樓,19.61,住,,,1111031,土地1建物1車位1,七層,七層,華廈(10層含以下有電梯),住家用,1000216.0,84.07,2,2,1,有,有,19500000,231950.0,升降機械,0.0,1800000,陽台外推；其他增建；,RPQNMLLKJIHGFEA96DA,42.17,4.47,6.37,有,,12.0
士林區,房地(土地+建物),福林路２５１巷８號三樓之１,11.22,住,,,1111023,土地2建物1車位0,三層,八層,華廈(10層含以下有電梯),住家用,1040520.0,48.34,1,1,1,有,有,14000000,289615.0,,0.0,0,,RPTNMLMLJIHGFEA47DA,27.18,2.2,2.04,有,650.0,7.0
內湖區,房地(土地+建物)+車位,環山路三段３０巷２弄６號三樓,61.34,住,,,1111008,土地1建物1車位1,三層，四層，五層,五層,公寓(5樓含以下無電梯),住家用,790721.0,261.75,5,2,4,有,有,30200000,126543.0,坡道平面,38.89,2000000,陽台外推；頂樓加蓋；其他增建；,RPQPMLRKIIHGFCA47DA,200.0,5.43,38.23,無,,32.0
文山區,房地(土地+建物),木新路二段２１８巷３３號五樓,28.52,住,,,1111010,土地1建物1車位0,五層,五層,公寓(5樓含以下無電梯),住家用,,95.78,3,2,1,有,無,12500000,130507.0,,0.0,0,陽台外推；其他增建；,RPPNMLRLIIHGFAA07DA,85.92,0.0,9.86,無,,
信義區,房地(土地+建物),松山路４６５巷２３號三樓,28.33,住,,,1111022,土地2建物1車位0,三層，陽臺,三層,公寓(5樓含以下無電梯),住家用,,64.58,3,1,1,有,無,15680000,242800.0,,0.0,0,頂樓加蓋；,RPQNMLKMJIHGFDA96DA,64.58,0.0,0.0,無,651.0,
士林區,房地(土地+建物),福港街２２４巷１０號五樓,23.16,住,,,1111014,土地1建物1車位0,五層,五層,公寓(5樓含以下無電梯),住家用,670301.0,73.39,3,1,1,有,無,8800000,119907.0,,0.0,0,,RPQNMLSLIIHGFEA67DA,60.58,0.0,1.35,無,,45.0
士林區,房地(土地+建物),士東路２００巷４９弄９號,98.0,住,,,1111013,土地1建物1車位0,全,二層,透天厝,住家用,620821.0,116.8,7,1,3,有,無,56000000,479452.0,,0.0,0,陽台外推；頂樓加蓋；未登記建物；,RPROMLSLJIHGFEA97DA,116.8,0.0,0.0,無,,49.0
內湖區,房地(土地+建物),康寧路一段１５６巷３２弄８號,30.43,住,,,1111029,土地1建物1車位0,一層,四層,公寓(5樓含以下無電梯),住家用,661111.0,80.17,2,2,2,有,無,15460000,192840.0,,0.0,0,其他增建；,RPOQMLQKJIHGFCA37DA,70.07,10.1,0.0,無,,45.0
文山區,房地(土地+建物),辛亥路四段１０１巷１１２號四樓,68.7,住,,,1111024,土地1建物1車位0,四層,五層,華廈(10層含以下有電梯),住家用,780213.0,117.02,3,2,2,有,有,18200000,155529.0,,0.0,0,陽台外推；,RPOOMLQKJIHGFAA96DA,100.27,0.79,12.39,有,,34.0
文山區,房地(土地+建物),指南路二段４５巷９弄１號三樓,34.26,住,,,1111023,土地1建物1車位0,三層,八層,華廈(10層含以下有電梯),住家用,870113.0,99.98,3,2,2,有,有,18500000,185037.0,,0.0,0,其他增建；,RPOOMLOJJIHGFAA66DA,69.12,0.0,6.04,有,,25.0
士林區,房地(土地+建物),承德路四段３０１巷４號,69.0,住,,,1111004,土地1建物1車位0,全,二層,透天厝,住家用,580206.0,108.48,6,0,6,有,無,16000000,147493.0,,0.0,0,頂樓加蓋；,RPUOMLKMJIHGFEA57DA,108.48,0.0,0.0,無,,54.0
中山區,房地(土地+建物),農安街１２５巷３６號二樓,19.24,住,,,1111005,土地1建物1車位0,二層,七層,華廈(10層含以下有電梯),住家用,1070517.0,74.6,2,1,1,有,有,18550000,248660.0,,0.0,0,雨遮加蓋其他增建；,RPTOMLSLJIHGFCA97DA,40.02,3.61,4.3,有,657.0,4.0
文山區,房地(土地+建物),興隆路三段２０７巷１３弄６號五樓,55.79,住,,,1111007,土地2建物1車位0,五層,五層,公寓(5樓含以下無電梯),住家用,710225.0,114.61,3,2,2,有,無,9600000,83762.0,,0.0,0,陽台外推；頂樓加蓋；其他增建；,RPOOMLKLIIHGFAA98DA,84.96,0.0,19.6,無,,41.0
中山區,房地(土地+建物),復興北路１９０巷１３號五樓之３,18.32,住,,,1111013,土地1建物1車位0,五層,十五層,住宅大樓(11層含以上有電梯),住家用,750609.0,97.98,3,2,1,有,有,23500000,239845.0,,0.0,0,陽台外推；其他增建；,RPSPMLKKJIHGFCA07DA,76.34,0.0,6.1,有,,36.0
內湖區,房地(土地+建物),民權東路六段２６７號三樓,44.0,住,,,1111005,土地2建物1車位0,三層,十一層,住宅大樓(11層含以上有電梯),住家用,960621.0,158.64,3,2,2,有,有,33380000,210414.0,,0.0,0,,RPOQMLKMJIHGFCA07EA,97.45,1.85,13.21,有,,15.0
萬華區,房地(土地+建物),萬大路４８６巷２８弄２０號二樓,47.5,住,,,1111003,土地1建物1車位0,二層,二層,公寓(5樓含以下無電梯),住家用,540727.0,63.52,3,2,1,有,無,13330000,209855.0,,0.0,0,陽台外推；頂樓加蓋；其他增建；具重建或重劃、都更等效益；,RPQPMLOLJIHGFBA27DA,63.52,0.0,0.0,無,,57.0
內湖區,房地(土地+建物),內湖路三段１４３巷２２號五樓,20.3,住,,,1111023,土地1建物1車位0,五層,五層,公寓(5樓含以下無電梯),住家用,710227.0,79.94,2,2,1,有,無,12100000,151364.0,,0.0,0,陽台外推；其他增建；,RPVPMLRKJIHGFCA08DA,66.71,0.0,10.25,無,660.0,41.0
北投區,房地(土地+建物)+車位,三合街一段８２巷５８號八樓,50.73,住,,,1111024,土地1建物1車位2,八層,九層,華廈(10層含以下有電梯),住家用,1050921.0,326.78,0,0,0,無,有,65500000,200441.0,坡道平面,77.31,0,,RPQOMLOLJIHGFEA47DA,145.8,4.75,16.73,有,661.0,6.0
內湖區,房地(土地+建物)+車位,成功路二段３６５號三樓,50.21,住,,,1111019,土地2建物2車位4,三層,二十層,住宅大樓(11層含以上有電梯),住家用,860113.0,549.41,3,2,3,有,有,73000000,167366.0,坡道平面,161.04,8000000,,RPQNMLLJKIHGFCA86EA,316.52,64.57,29.48,有,,26.0
大同區,房地(土地+建物),大龍街９１巷１０號七樓,7.21,住,,,1111025,土地1建物1車位0,七層,十三層,住宅大樓(11層含以上有電梯),住家用,1110422.0,51.09,1,0,1,有,有,12180000,238403.0,,0.0,0,,RPTNMLKMJIHGFBA07DA,31.11,0.0,2.91,有,,1.0
松山區,房地(土地+建物),興安街１４９號三樓,27.34,住,,,1111024,土地1建物1車位0,三層,七層,華廈(10層含以下有電梯),住家用,741004.0,146.22,4,2,2,有,無,34000000,232526.0,,0.0,0,,RPRNMLTLJIHGFDA97EA,121.69,0.0,14.69,有,,37.0
中山區,房地(土地+建物)+車位,明水路３９７巷７弄８２號七樓之３,24.52,住,,,1111026,土地1建物1車位1,七層,十三層,住宅大樓(11層含以上有電梯),住家用,820730.0,142.49,3,2,2,有,有,32800000,230192.0,坡道平面,35.89,0,陽台外推；其他增建；,RPWQMLRJJIHGFCA18DA,109.04,1.34,9.29,有,662.0,29.0
大安區,房地(土地+建物),樂利路１１巷２４號七樓,23.29,住,,,1111029,土地1建物1車位0,七層,七層,華廈(10層含以下有電梯),住家用,730608.0,117.11,5,3,3,有,有,31880000,272223.0,,0.0,0,其他增建:露台加蓋陽台外推；頂樓加蓋；其他增建；,RPTQMLKMQHHGFFA48EA,93.72,6.4,7.98,有,664.0,38.0
萬華區,建物,昆明街７９號七樓,0.0,,,,1111009,土地0建物1車位0,七層,十層,華廈(10層含以下有電梯),住家用,750404.0,36.099999999999994,0,1,1,有,無,4200000,116343.0,,0.0,0,本案僅有建物交易，無土地持分移轉。此為仁濟院交易案件其他增建；,RPQRMLQLIIHGFBA57DA,27.56,0.0,0.0,有,,37.0
松山區,房地(土地+建物),延吉街１８號五樓,32.78,住,,,1111012,土地1建物1車位0,五層,七層,華廈(10層含以下有電梯),住家用,771001.0,168.44,4,2,2,有,無,38000000,225600.0,,0.0,0,,RPQOMLNKIIHGFDA07DA,128.88,0.85,13.97,有,,34.0
文山區,房地(土地+建物),羅斯福路六段１４２巷２０弄２３號三樓,17.1,住,,,1111021,土地1建物1車位0,三層，電梯樓梯間,十層,華廈(10層含以下有電梯),住家用,850327.0,73.15,2,2,1,有,有,15500000,211893.0,,0.0,0,其他增建；,RPQOMLKMJIHGFAA76DA,50.41,2.82,7.33,有,,27.0
北投區,房地(土地+建物),吉利街１０１號四樓,31.25,住,,,1111029,土地1建物1車位0,四層，陽臺,四層,公寓(5樓含以下無電梯),住家用,650601.0,110.4,3,2,1,有,無,17200000,155797.0,,0.0,0,陽台外推；,RPQNMLMLJIHGFEA17DA,110.4,0.0,0.0,無,,46.0
文山區,房地(土地+建物),和平東路四段６６巷３９號七樓,81.96,住,,,1111023,土地2建物1車位0,七層,十六層,住宅大樓(11層含以上有電梯),住家用,860529.0,202.4,3,2,3,有,有,32000000,158103.0,,0.0,0,陽台外推；其他增建；,RPQPMLRJJIHGFAA27DA,139.61,8.3,17.95,有,,25.0
士林區,房地(土地+建物),中山北路七段１９０巷８之３號七樓,21.27,住,,,1111031,土地1建物1車位0,七層,七層,華廈(10層含以下有電梯),住家用,700711.0,111.64,3,2,2,有,無,22000000,197062.0,,0.0,0,頂樓增建。頂樓現況：3房2廳1衛。陽台外推；,RPSNMLLJKIHGFEA17DA,84.26,0.0,14.72,有,,41.0
大安區,房地(土地+建物)+車位,復興南路二段７８巷３０弄２號九樓之１,28.3,住,,,1111001,土地1建物1車位1,九層,十五層,住宅大樓(11層含以上有電梯),住家用,760707.0,203.41,4,2,2,有,有,61000000,333845.0,坡道平面,34.17,4500000,,RPSQMLKMQHHGFFA38EA,148.07,3.35,10.52,有,678.0,35.0
文山區,房地(土地+建物),指南路三段２６號二樓之５,12.48,住,,,1111030,土地1建物1車位0,二層,十層,華廈(10層含以下有電梯),住家用,970508.0,45.71,0,1,1,有,有,8500000,185955.0,,0.0,0,其他增建；,RPUNMLRKJIHGFAA57DA,25.45,0.0,5.09,有,680.0,14.0
內湖區,房地(土地+建物)+車位,文德路２１０巷３０弄１００號四樓之１,19.19,住,,,1111016,土地1建物1車位1,四層,十四層,住宅大樓(11層含以上有電梯),住家用,911031.0,132.5,2,2,1,有,有,21500000,211111.0,坡道平面,42.5,2500000,,RPPNMLLJKIHGFCA76EA,85.01,0.0,9.83,有,,20.0
大安區,房地(土地+建物),仁愛路四段５０之２５號,9.11,住,,,1111018,土地4建物1車位0,五層，陽臺,十二層,住宅大樓(11層含以上有電梯),住家用,600420.0,56.64,1,2,1,有,有,23500000,414901.0,,0.0,0,陽台外推；,RPRQMLKMQHHGFFA28EA,56.64,0.0,0.0,有,,51.0
大安區,房地(土地+建物),延吉街１３１巷２０號三樓,26.72,住,,,1111026,土地1建物2車位0,三層,四層,公寓(5樓含以下無電梯),住家用,641001.0,90.71,2,2,2,有,無,22680000,250028.0,,0.0,0,陽台外推；,RPTNMLLJKIHGFFA47EA,73.95,0.0,10.32,無,682.0,47.0
內湖區,房地(土地+建物),康樂街４８巷１９號二樓,31.03,住,,,1111031,土地1建物1車位0,二層,五層,公寓(5樓含以下無電梯),住家用,741002.0,108.24,3,2,2,有,無,12800000,118256.0,,0.0,0,,RPSNMLNLJIHGFCA27DA,95.07,0.0,10.17,無,,37.0
內湖區,房地(土地+建物)+車位,成功路三段６巷１號三樓,47.6,住,,,1111025,土地1建物1車位1,三層,七層,華廈(10層含以下有電梯),住家用,790120.0,188.99,3,2,2,有,無,31000000,164030.0,坡道平面,0.0,0,,RPXOMLLJKIHGFCA67EA,128.32,1.41,18.38,有,,33.0
北投區,房地(土地+建物)+車位,天母西路１１７巷６８號九樓,89.55,住,,,1111025,土地1建物1車位6,九層,十二層,住宅大樓(11層含以上有電梯),住家用,1040514.0,506.74,0,0,0,無,有,77314520,184868.0,坡道平面,104.7,2990000,序號3至6號車位為20戶住戶共有。含裝潢費2007420元；毛胚屋；,RPRPMLKKJIHGFEA17DA,238.85,9.15,36.25,有,,7.0
文山區,房地(土地+建物),忠順街二段４８號七樓,17.49,住,,,1111031,土地1建物1車位0,七層,七層,華廈(10層含以下有電梯),住家用,730712.0,99.47,2,1,2,有,有,12380000,124460.0,,0.0,0,,RPRNMLMJKIHGFAA86EA,59.99,0.0,15.64,有,,38.0
萬華區,房地(土地+建物),長泰街１７８巷２號,20.0,住,,,1111001,土地1建物1車位0,一層,四層,公寓(5樓含以下無電梯),住家用,580906.0,44.0,2,1,1,有,無,6800000,154545.0,,0.0,0,其他增建；,RPVNMLMJKIHGFBA27DA,44.0,0.0,0.0,無,,53.0
大安區,房地(土地+建物)+車位,敦化南路二段１１巷４２號四樓之２,14.35,住,,,1111022,土地1建物1車位1,四層,六層,華廈(10層含以下有電梯),住家用,840123.0,53.78,1,1,1,有,有,12600000,234288.0,塔式車位,8.19,0,陽台外推；其他增建；,RPROMLQLIIHGFFA77DA,20.86,12.78,2.41,有,691.0,28.0
信義區,房地(土地+建物),基隆路一段３７巷１２號四樓,32.35,住,,,1111024,土地1建物1車位0,四層,五層,公寓(5樓含以下無電梯),住家用,750522.0,123.41,4,2,2,有,無,22000000,178268.0,,0.0,0,陽台外推；其他增建；,RPRNMLPKJIHGFDA37DA,94.63,0.0,15.15,無,,36.0
萬華區,房地(土地+建物),萬大路９０巷７號五樓之５,21.04,住,,,1111020,土地1建物1車位0,五層,十層,華廈(10層含以下有電梯),住家用,980525.0,91.06,2,2,1,有,有,19580000,215023.0,,0.0,0,,RPSNMLKKJIHGFBA76DA,55.48,0.0,7.35,有,,13.0
文山區,房地(土地+建物)+車位,辛亥路四段７７巷１７號七樓,59.98,住,,,1111029,土地4建物1車位1,七層,十四層,住宅大樓(11層含以上有電梯),住家用,851107.0,152.14,3,2,2,有,有,25500000,167609.0,坡道平面,0.0,0,陽台外推；其他增建；,RPQNMLRKJIHGFAA17DA,75.59,2.04,7.9,有,,26.0
內湖區,房地(土地+建物),陽光街８０號,51.96,住,,,1111031,土地1建物1車位0,一層,三層,公寓(5樓含以下無電梯),住家用,830317.0,252.06,3,3,3,有,無,22600000,89661.0,,0.0,0,陽台外推；,RPXPMLLKJIHGFCA67DA,69.47,134.42,0.0,無,,29.0
文山區,房地(土地+建物),三福街７７號三樓之３,15.12,住,,,1111026,土地1建物1車位0,三層,十五層,住宅大樓(11層含以上有電梯),住家用,1030127.0,110.06,2,2,1,有,有,22570000,205070.0,,0.0,0,,RPPNMLNLJIHGFAA76DA,61.26,4.3,7.89,有,694.0,9.0
士林區,房地(土地+建物),社子街６５號三樓,23.75,住,,,1111018,土地1建物1車位0,三層,四層,公寓(5樓含以下無電梯),住家用,640410.0,62.06,2,2,1,有,無,8200000,132130.0,,0.0,0,陽台外推；其他增建；,RPRNMLLKJIHGFEA07DA,62.06,0.0,0.0,無,,48.0
松山區,房地(土地+建物),長春路３４７號五樓,21.63,住,,,1111027,土地1建物1車位0,五層,十四層,住宅大樓(11層含以上有電梯),住家用,760929.0,134.26999999999998,2,2,2,有,有,33308400,248070.0,,0.0,0,,RPVNMLPJKIHGFDA87EA,97.23,0.0,12.51,有,,35.0
文山區,房地(土地+建物),汀州路四段１２４號三樓,33.88,住,,,1111002,土地1建物1車位0,三層，陽臺,四層,公寓(5樓含以下無電梯),住家用,640310.0,108.57,3,2,2,有,無,21060000,193976.0,,0.0,0,其他增建；,RPOPMLMJKIHGFAA66DA,108.57,0.0,0.0,無,,48.0
信義區,房地(土地+建物),吳興街３６１巷１弄１１號二樓,33.0,住,,,1111018,土地1建物1車位0,二層，陽臺,四層,公寓(5樓含以下無電梯),住家用,,88.7,3,2,2,有,無,21000000,236753.0,,0.0,0,凸窗主臥室陽台外推；其他增建；,RPXOMLOLIIHGFDA97DA,88.7,0.0,0.0,無,696.0,
文山區,房地(土地+建物),指南路三段３２巷５號八樓之８,12.84,住,,,1111026,土地2建物1車位0,八層,十層,華廈(10層含以下有電梯),住家用,990806.0,55.03,1,1,1,有,有,10880000,197710.0,,0.0,0,,RPSOMLRJJIHGFAA37DA,29.99,4.05,2.61,有,,12.0
士林區,房地(土地+建物),忠誠路二段２４９號十樓,18.0,住,,,1111011,土地1建物1車位0,十層,十二層,住宅大樓(11層含以上有電梯),住家用,780524.0,117.76,3,2,2,有,有,30000000,254755.0,,0.0,0,,RPSOMLOLJIHGFEA77EA,84.69,3.16,10.11,有,697.0,33.0
文山區,房地(土地+建物)+車位,興隆路四段１０９巷１３０號八樓,42.44,住,,,1111020,土地2建物1車位1,八層,十三層,住宅大樓(11層含以上有電梯),住家用,1020927.0,174.11,3,2,2,有,有,24880000,142898.0,坡道平面,0.0,0,,RPTOMLMJKIHGFAA17EA,90.79,2.47,10.99,有,698.0,9.0
北投區,房地(土地+建物),致遠一路二段１１１巷１６號五樓,27.33,住,,,1111001,土地1建物1車位0,五層,五層,公寓(5樓含以下無電梯),住家用,710226.0,124.95,2,2,2,有,無,19400000,155262.0,,0.0,0,陽台外推；頂樓加蓋；,RPTOMLLKJIHGFEA37DA,90.58,0.0,26.88,無,,41.0
文山區,房地(土地+建物)+車位,指南路三段２９之１號三樓,29.83,住,,,1111024,土地1建物1車位1,三層,七層,華廈(10層含以下有電梯),住家用,990826.0,134.03,3,2,2,有,有,20220000,148583.0,坡道機械,8.04,1500000,陽台外推；其他增建；,RPUOMLOKJIHGFAA37DA,73.55,10.01,7.36,有,699.0,12.0
中正區,房地(土地+建物),金門街２４巷７號四樓,54.25,住,,,1111028,土地2建物1車位0,四層，露台,四層,公寓(5樓含以下無電梯),住家用,551102.0,143.76,4,2,2,有,無,23500000,163467.0,,0.0,0,陽台外推；,RPPOMLPJKIHGFAA07EA,143.76,0.0,0.0,無,,56.0
士林區,房地(土地+建物)+車位,重慶北路四段８１號四樓之１０,14.34,住,,,1111026,土地1建物1車位1,四層,七層,華廈(10層含以下有電梯),住家用,680123.0,115.84,2,2,1,有,有,15880000,137086.0,坡道平面,0.0,2500000,陽台外推；,RPQQMLPJKIHGFEA67DA,102.43,0.0,6.84,有,702.0,44.0
士林區,房地(土地+建物),永平街４５號二樓,27.0,住,,,1111027,土地1建物1車位0,二層，陽臺,四層,公寓(5樓含以下無電梯),住家用,640721.0,74.25,2,2,1,有,無,10000000,134680.0,,0.0,0,含土地增值稅或其他稅費447302元；陽台外推；,RPTOMLPJKIHGFEA87EA,74.25,0.0,0.0,無,,47.0
中山區,房地(土地+建物),中原街２２號五樓之６,4.31,住,,,1111025,土地1建物1車位0,五層,七層,華廈(10層含以下有電梯),住家用,660625.0,27.16,0,0,0,無,有,5500000,202504.0,,0.0,0,,RPVNMLRKJIHGFCA87DA,19.1,0.0,3.52,有,,45.0
文山區,房地(土地+建物)+車位,政大一街３２０巷８８號四樓之１,45.58,住,,,1111023,土地2建物1車位1,四層,七層,華廈(10層含以下有電梯),住家用,900716.0,194.15,4,2,2,有,有,24330000,125315.0,坡道機械,0.0,1800000,陽台外推；其他增建；,RPTOMLQJKIHGFAA47DA,96.3,1.98,14.54,有,704.0,21.0
信義區,房地(土地+建物),永吉路４６８巷１０弄２０號,7.45,住,,,1111023,土地37建物1車位0,全,三層,透天厝,住家用,831120.0,60.48,4,0,4,有,無,12080000,199735.0,,0.0,0,頂樓加蓋；其他增建；,RPUOMLLLJIHGFDA47DA,60.48,0.0,0.0,無,,28.0
松山區,房地(土地+建物),八德路三段１５８巷７弄８號三樓,27.25,住,,,1111017,土地1建物1車位0,三層，陽臺,四層,公寓(5樓含以下無電梯),住家用,620709.0,99.19,3,2,2,有,無,20560000,207279.0,,0.0,0,陽台外推；其他增建；,RPUOMLLKJIHGFDA37DA,99.19,0.0,0.0,無,,49.0
中正區,房地(土地+建物),三元街２１７號四樓之５,8.55,住,,,1111001,土地1建物1車位0,四層,十二層,住宅大樓(11層含以上有電梯),住家用,810910.0,43.35,1,1,1,有,有,10000000,230681.0,,0.0,0,陽台外推；其他增建；,RPQNMLTLIIHGFAA37DA,28.5,0.47,3.28,有,705.0,30.0
北投區,房地(土地+建物),泉源路３４之１號四樓,14.05,住,,,1111023,土地1建物1車位0,四層,十層,華廈(10層含以下有電梯),住家用,870105.0,45.68,2,1,1,有,有,7300000,159807.0,,0.0,0,陽台外推；夾層；,RPSOMLRLIIHGFEA87DA,26.73,3.2,4.38,有,,25.0
文山區,房地(土地+建物),興隆路四段７４巷２１弄１１號五樓,37.6,住,,,1111023,土地1建物1車位0,五層,五層,公寓(5樓含以下無電梯),住家用,721221.0,100.09,3,2,1,有,無,11200000,111899.0,,0.0,0,陽台外推；其他增建；,RPXOMLMJKIHGFAA47DA,79.6,0.0,17.67,無,,39.0
文山區,房地(土地+建物),木柵路四段１５９巷１７０弄１之１號,30.86,住,,,1111031,土地3建物1車位0,一層,五層,公寓(5樓含以下無電梯),住家用,700203.0,107.56,3,2,1,有,無,15000000,139457.0,,0.0,0,,RPOOMLPJKIHGFAA96EA,90.05,0.0,17.51,無,,42.0
北投區,房地(土地+建物)+車位,中和街４９３巷１１弄３５號三樓,37.33,住,,,1111028,土地3建物1車位1,三層,七層,華廈(10層含以下有電梯),住家用,971110.0,157.91,3,2,2,有,有,16000000,101324.0,升降機械,0.0,0,,RPQNMLQJKIHGFEA57EA,92.46,2.89,17.13,有,,14.0
信義區,房地(土地+建物),忠孝東路五段１６５巷５號二樓,37.25,住,,,1111006,土地1建物1車位0,二層，陽臺,四層,公寓(5樓含以下無電梯),住家用,610322.0,104.7,4,1,1,有,無,23999999,229226.0,,0.0,0,,RPRNMLPJKIHGFDA37DA,104.7,0.0,0.0,無,,51.0
內湖區,房地(土地+建物)+車位,南京東路六段１７７號三樓,36.48,住,,,1111008,土地1建物1車位1,三層,七層,華廈(10層含以下有電梯),住家用,1000118.0,115.7,3,2,2,有,有,23000000,219142.0,坡道機械,17.59,1500000,其他增建；,RPQNMLQKJIHGFCA27DA,63.38,6.55,3.76,有,710.0,12.0
士林區,房地(土地+建物),天母東路７５號六樓,31.48,住,,,1111026,土地1建物1車位0,六層,七層,華廈(10層含以下有電梯),住家用,740508.0,162.23999999999998,3,3,2,有,有,39500000,243466.0,,0.0,0,陽台外推；,RPOQMLQJKIHGFEA67EA,121.83,0.0,18.84,有,,37.0
內湖區,房地(土地+建物),港華街６９號三樓,39.95,住,,,1111030,土地1建物1車位0,三層,五層,公寓(5樓含以下無電梯),住家用,740726.0,105.29,3,2,2,有,無,21000000,199449.0,,0.0,0,陽台外推；其他增建；,RPUQMLOKJIHGFCA77DA,91.98,0.0,13.31,無,,37.0
南港區,房地(土地+建物)+車位,重陽路１２５巷３６弄３１號六樓,41.33,住,,,1111020,土地1建物1車位1,六層,九層,華廈(10層含以下有電梯),住家用,980921.0,230.56,3,2,2,有,有,45450000,215040.0,坡道平面,30.83,2500000,,RPRRMLLJJIHGFDA37EA,106.79,16.17,11.96,有,,13.0
內湖區,房地(土地+建物),內湖路一段２１７巷１２號二樓,34.15,住,,,1111022,土地1建物1車位0,二層,七層,華廈(10層含以下有電梯),住家用,721117.0,105.61,3,2,1,有,有,20300000,192217.0,,0.0,0,陽台外推；其他增建；,RPXOMLQKJIHGFCA08DA,69.07,0.0,9.32,有,715.0,39.0
文山區,房地(土地+建物),興隆路三段２５５巷１９之１號五樓,41.08,住,,,1111024,土地1建物1車位0,五層,五層,公寓(5樓含以下無電梯),住家用,711115.0,102.61,2,2,2,有,無,7350000,71630.0,,0.0,0,房屋漏水問題由買方自行處理陽台外推；,RPUOMLQJKIHGFAA57DA,64.12,0.0,38.49,無,,40.0
內湖區,房地(土地+建物)+車位,民權東路六段４５１號七樓之３,52.0,住,,,1111022,土地2建物1車位1,七層,十四層,住宅大樓(11層含以上有電梯),住家用,970916.0,276.93,4,2,2,有,有,64000000,231105.0,坡道平面,0.0,0,,RPOPMLRJKIHGFCA47EA,160.85,7.78,12.07,有,,14.0
大安區,房地(土地+建物),金山南路二段１４０號十七樓之１,13.04,住,,,1111004,土地1建物1車位0,十七層,十七層,住宅大樓(11層含以上有電梯),住家用,740225.0,105.8,0,0,0,無,有,30000000,283554.0,,0.0,0,陽台外推；頂樓加蓋；,RPPOMLQKJIHGFFA57DA,75.01,0.0,14.78,有,720.0,38.0
大安區,房地(土地+建物),仁愛路四段４２７號十二樓,17.59,住,,,1111008,土地1建物1車位0,十二層,十四層,住宅大樓(11層含以上有電梯),住家用,710227.0,148.55,3,2,2,有,有,53380000,359340.0,,0.0,0,陽台外推；其他增建；,RPXNMLKMJIHGFFA87DA,106.17,0.0,22.66,有,,41.0
松山區,房地(土地+建物)+車位,光復北路１９０巷１６號四樓,44.81,住,,,1111031,土地1建物1車位1,四層,十二層,住宅大樓(11層含以上有電梯),住家用,860718.0,209.65,4,2,2,有,有,46000000,219413.0,坡道平面,0.0,0,,RPORMLLJJIHGFDA07EA,112.21,2.95,12.88,有,,25.0
內湖區,房地(土地+建物),金湖路１５號三樓,28.87,住,,,1111030,土地1建物1車位0,三層,五層,公寓(5樓含以下無電梯),住家用,690421.0,101.61,3,1,1,有,無,16550000,162878.0,,0.0,0,陽台外推；,RPXOMLOLJIHGFCA97DA,86.48,0.0,6.53,無,,43.0
士林區,房地(土地+建物),劍潭路３２號二樓,22.77,住,,,1111019,土地1建物1車位0,二層,七層,華廈(10層含以下有電梯),住家用,730409.0,127.34,3,2,2,有,有,28880000,226794.0,,0.0,0,,RPPOMLLLJIHGFEA07DA,81.82,0.0,14.8,有,,39.0
文山區,房地(土地+建物),景福街１９３號四樓,31.5,住,,,1111020,土地1建物1車位0,四層,四層,公寓(5樓含以下無電梯),住家用,580412.0,107.6,3,2,1,有,無,15000000,139405.0,,0.0,0,頂樓加蓋；,RPWNMLQJKIHGFAA77EA,107.6,0.0,0.0,無,,54.0
文山區,建物,萬寧街１８５號六樓,0.0,,,,1111029,土地0建物1車位0,六層,十六層,住宅大樓(11層含以上有電梯),住家用,861030.0,151.51999999999998,3,2,2,有,有,7900000,52138.0,,0.0,0,地上權房屋；,RPPNMLRJKIHGFAA17EA,84.49,0.0,14.36,有,,25.0
內湖區,房地(土地+建物),內湖路一段９１巷３７弄６號五樓,36.86,住,,,1111026,土地1建物1車位0,五層,五層,公寓(5樓含以下無電梯),住家用,770505.0,103.83,3,2,2,有,無,15320000,147549.0,,0.0,0,,RPRNMLPKJIHGFCA27DA,85.42,0.52,8.07,無,,34.0
萬華區,房地(土地+建物),青年路１７８巷１４號二樓之１,17.69,住,,,1111008,土地2建物1車位0,二層，陽臺,五層,公寓(5樓含以下無電梯),住家用,640523.0,58.02,2,1,1,有,有,8350000,143916.0,,0.0,0,陽台外推；其他增建；,RPTOMLKMJIHGFBA17DA,49.64,0.0,0.0,無,,47.0
內湖區,房地(土地+建物),康寧路一段２９０之１號,14.25,,,,1111031,土地4建物1車位0,一層,十二層,住宅大樓(11層含以上有電梯),住家用,801021.0,52.010000000000005,1,1,1,有,有,11680000,224572.0,,0.0,0,夾層；其他增建；,RPUNMLRJJIHGFCA67DA,27.53,7.31,0.0,有,733.0,31.0
萬華區,建物,廣州街９２巷６弄３號三樓,0.0,,,,1111029,土地0建物1車位0,三層,四層,公寓(5樓含以下無電梯),住家用,620823.0,71.18,3,2,1,有,無,3870000,54369.0,,0.0,0,陽台外推；,RPRNMLRJKIHGFBA37DA,71.18,0.0,0.0,無,,49.0
內湖區,房地(土地+建物)+車位,民權東路六段１７５巷２２弄８號,174.17,住,,,1111003,土地1建物1車位2,全,三層,透天厝,住家用,890801.0,329.22,6,2,3,有,有,59500000,180730.0,坡道平面,0.0,0,,RPRPMLPJKIHGFCA47DA,190.86,37.8,22.95,無,,22.0
內湖區,房地(土地+建物),民權東路六段２８０巷１５５弄２１３號三樓之５,9.81,住,,,1111020,土地1建物1車位0,三層，四層,十一層,住宅大樓(11層含以上有電梯),住家用,860710.0,30.0,1,1,1,有,有,6680000,222667.0,,0.0,0,其他增建:陽台、夾層。其他增建；,RPOPMLOJJIHGFCA96DA,16.25,0.83,2.39,有,,25.0
大安區,房地(土地+建物),浦城街２３號四樓,30.85,住,,,1111027,土地1建物1車位0,四層,七層,華廈(10層含以下有電梯),住家用,751129.0,170.31,4,2,2,有,有,41000000,240737.0,,0.0,0,其他增建；,RPQNMLPKJIHGFFA47DA,121.56,1.89,16.17,有,,36.0
信義區,房地(土地+建物),福德街２６８巷２６弄４號三樓,41.12,住,,,1111009,土地1建物1車位0,三層,四層,公寓(5樓含以下無電梯),住家用,660530.0,113.91,3,2,2,有,無,21380000,187692.0,,0.0,0,其他增建；,RPRNMLRKJIHGFDA57DA,101.92,0.0,11.99,無,,45.0
士林區,房地(土地+建物),華齡街４０巷２弄８號三樓,36.25,住,,,1111017,土地1建物1車位0,三層,四層,公寓(5樓含以下無電梯),住家用,621217.0,87.67,3,2,1,有,無,14580000,166305.0,,0.0,0,其他增建；,RPUNMLKKJIHGFEA27DA,78.48,0.0,9.19,無,,49.0
信義區,房地(土地+建物),松隆路１２３巷３１號三樓,40.6,住,,,1111021,土地2建物1車位0,三層,五層,公寓(5樓含以下無電梯),住家用,701230.0,141.23,4,2,2,有,無,22800000,161439.0,,0.0,0,,RPPRMLLJJIHGFDA17EA,111.67,0.0,16.68,無,,41.0
士林區,房地(土地+建物),通河街３２３巷４９之１號,1.17,住,,,1110908,土地1建物1車位0,一層,五層,公寓(5樓含以下無電梯),住家用,591210.0,2.95,1,1,1,有,有,530000,179661.0,,0.0,0,,RPXNMLOKRHHGFEA78EA,2.63,0.18,0.14,無,,52.0
大安區,房地(土地+建物),新生南路三段１１巷２之１號三樓,37.7,住,,,1110907,土地2建物1車位0,三層,五層,公寓(5樓含以下無電梯),住家用,730824.0,130.92,3,2,2,有,無,28800000,219982.0,,0.0,0,其他增建；,RPQNMLNKRHHGFFA97DA,114.88,0.0,12.72,無,,38.0
北投區,房地(土地+建物),新民路５１之６號三樓之１,37.88,住,,,1110906,土地1建物1車位0,三層,四層,公寓(5樓含以下無電梯),住家用,660326.0,80.49,3,2,1,有,無,7800000,96906.0,,0.0,0,,RPTNMLKLRHHGFEA97DA,69.56,0.0,10.93,無,,45.0
北投區,房地(土地+建物),溫泉路３４巷２３號二樓,42.25,住,,,1110913,土地1建物1車位0,二層,四層,公寓(5樓含以下無電梯),住家用,631226.0,83.72,3,2,1,有,無,8360000,99857.0,,0.0,0,其他增建；,RPTPMLTKRHHGFEA09EA,83.72,0.0,0.0,無,,48.0
內湖區,房地(土地+建物)+車位,文湖街２１巷８２弄２３號六樓之１,17.7,住,,,1110903,土地1建物1車位1,六層,七層,華廈(10層含以下有電梯),住家用,1110715.0,94.48,0,0,0,無,有,20380000,232396.0,升降機械,14.1,1700000,,RPWNMLLLRHHGFCA28EA,37.99,6.01,5.08,有,,
內湖區,房地(土地+建物)+車位,文湖街２１巷８２弄２３號五樓,17.01,住,,,1110902,土地1建物1車位1,五層,七層,華廈(10層含以下有電梯),住家用,1110715.0,91.38,0,0,0,無,有,19540000,230849.0,升降機械,14.1,1700000,,RPVNMLLLRHHGFCA18EA,38.39,5.86,2.95,有,,
中山區,房地(土地+建物),北安路５８８巷１７號三樓,23.64,住,,,1110905,土地1建物1車位0,三層,五層,華廈(10層含以下有電梯),住家用,870404.0,85.33,2,2,1,有,有,24000000,281261.0,,0.0,0,陽台外推；,RPVOMLMLRHHGFCA38EA,55.69,1.76,8.6,有,,24.0
內湖區,房地(土地+建物),內湖路一段４１１巷９弄２４號四樓,26.99,住,,,1110903,土地1建物1車位0,四層,四層,公寓(5樓含以下無電梯),住家用,670615.0,76.96,3,2,1,有,無,14020000,182173.0,,0.0,0,,RPXPMLSJRHHGFCA98DA,67.83,0.0,9.13,無,,44.0
中山區,房地(土地+建物)+車位,建國北路二段１１６巷１９號五樓,46.2,住,,,1110902,土地1建物1車位1,五層,七層,華廈(10層含以下有電梯),住家用,880913.0,230.11,3,2,2,有,有,56500000,245535.0,坡道平面,0.0,0,,RPPNMLNLRHHGFCA67DA,118.93,0.0,18.31,有,,23.0
文山區,房地(土地+建物),木柵路二段１０９巷１００弄３號九樓,42.26,住,,,1110913,土地3建物1車位0,九層,十層,華廈(10層含以下有電梯),住家用,821206.0,88.08,2,2,1,有,有,13000000,147593.0,,0.0,0,,RPTOMLNKRHHGFAA87DA,61.21,1.36,8.57,有,,29.0
士林區,房地(土地+建物),忠義街７８巷７號四樓,25.67,住,,,1110901,土地1建物1車位0,四層,五層,公寓(5樓含以下無電梯),住家用,680625.0,100.71,3,2,1,有,無,18500000,183696.0,,0.0,0,,RPSQMLMKMHHGFEA87EA,87.42,0.0,13.29,無,,43.0
大安區,房地(土地+建物),大安路二段１４２巷６號三樓,51.15,住,,,1110909,土地3建物1車位0,三層，露台,四層,公寓(5樓含以下無電梯),住家用,590917.0,136.42,5,2,2,有,無,32000000,234570.0,,0.0,0,,RPVNMLLLRHHGFFA48EA,136.42,0.0,0.0,無,,52.0
文山區,房地(土地+建物)+車位,木新路三段９５巷４２號十五樓,36.64,住,,,1110904,土地1建物1車位2,十五層,二十一層,住宅大樓(11層含以上有電梯),住家用,961031.0,264.59000000000003,3,2,2,有,有,45580000,172267.0,坡道平面,78.72,0,,RPSNMLMLRHHGFAA67DA,119.74,0.0,12.6,有,,15.0
松山區,房地(土地+建物),民族東路６６６號二樓,32.0,住,,,1110922,土地1建物1車位0,二層,四層,公寓(5樓含以下無電梯),住家用,600615.0,97.6,3,2,1,有,無,18750000,192111.0,,0.0,0,,RPTPMLNLRHHGFDA38DA,84.1,0.0,13.5,無,808.0,51.0
北投區,房地(土地+建物),中央北路三段４０巷１９弄１１號八樓之３,18.41,住,,,1110911,土地1建物1車位0,八層,十一層,住宅大樓(11層含以上有電梯),住家用,970702.0,79.35,2,2,1,有,有,13500000,170132.0,,0.0,0,陽台外推；,RPSOMLKLRHHGFEA97DA,44.62,2.72,6.53,有,,14.0
松山區,房地(土地+建物),敦化北路１４５巷２３弄５號二樓,16.59,住,,,1110904,土地1建物1車位0,二層,七層,華廈(10層含以下有電梯),住家用,1100315.0,71.91,1,1,1,有,無,29000000,403282.0,,0.0,0,,RPTPMLOLQHHGFDA48EA,34.6,0.0,3.76,有,,1.0
北投區,房地(土地+建物),中央北路二段３２０巷９號二樓,36.1,住,,,1110909,土地1建物1車位0,二層,五層,公寓(5樓含以下無電梯),住家用,720526.0,97.3,3,2,2,有,無,12800000,131552.0,,0.0,0,陽台外推；,RPOPMLQLRHHGFEA38EA,83.19,0.0,14.11,無,817.0,39.0
大安區,房地(土地+建物),新生南路一段１４５巷１４之３號,55.25,住,,,1110901,土地1建物1車位0,二層,四層,公寓(5樓含以下無電梯),住家用,580722.0,149.28,4,2,2,有,無,34380000,230305.0,,0.0,0,,RPTNMLQLRHHGFFA68DA,132.41,0.0,16.87,無,,53.0
北投區,房地(土地+建物)+車位,崗山路１８號四樓,20.55,住,,,1110901,土地1建物1車位1,四層,七層,華廈(10層含以下有電梯),住家用,971021.0,105.29,3,2,2,有,有,16500000,156710.0,塔式車位,9.1,0,其他增建；,RPOOMLQKRHHGFEA08DA,52.58,7.58,9.21,有,823.0,14.0
北投區,房地(土地+建物),公路４１８號四樓之２,10.28,住,,,1110905,土地1建物1車位0,四層，電梯樓梯間,十四層,住宅大樓(11層含以上有電梯),住家用,870729.0,46.45,1,1,1,有,有,8800000,189451.0,,0.0,0,陽台外移其他增建；,RPUOMLPJRHHGFEA48DA,32.23,2.62,3.28,有,,24.0
北投區,房地(土地+建物)+車位,石牌路二段３１５巷３４弄７號九樓之１,48.47,住,,,1110906,土地1建物1車位1,九層,十四層,住宅大樓(11層含以上有電梯),住家用,1040804.0,226.32,3,2,2,有,有,45500000,201043.0,坡道平面,37.48,0,,RPUNMLSLRHHGFEA88DA,112.73,11.35,8.2,有,833.0,7.0
士林區,房地(土地+建物)+車位,延平北路六段２１３號九樓,44.06,住,,,1110913,土地4建物1車位1,九層,十一層,住宅大樓(11層含以上有電梯),住家用,1050525.0,242.27,4,2,2,有,有,38000000,156856.0,坡道平面,41.01,0,,RPPPMLSLRHHGFEA68EA,115.05,8.36,12.52,有,840.0,6.0
北投區,房地(土地+建物),幽雅路７號十二樓之１１,9.19,,,,1110908,土地1建物1車位0,十二層,十三層,住宅大樓(11層含以上有電梯),住家用,980205.0,56.83,0,0,0,無,有,6800000,119655.0,,0.0,0,,RPQOMLTLRHHGFEA78EA,33.03,2.85,0.0,有,,14.0
內湖區,房地(土地+建物)+車位,康樂街２０４之５號,26.12,住,,,1110906,土地1建物1車位1,一層,十一層,住宅大樓(11層含以上有電梯),住家用,970331.0,142.67000000000002,2,2,1,有,有,24500000,182843.0,坡道機械,18.52,1800000,陽台外推；,RPUPMLSLRHHGFCA88DA,74.27,4.27,7.89,有,,14.0
文山區,房地(土地+建物)+車位,育英街７９號七樓,14.4,住,,,1110903,土地1建物1車位1,七層,七層,華廈(10層含以下有電梯),住家用,1091225.0,75.41,1,1,1,有,有,16720000,250204.0,升降機械,14.18,1400000,,RPTNMLSLRHHGFAA38DA,26.93,1.86,13.04,有,,2.0
大同區,房地(土地+建物),昌吉街９６號三樓之１,6.63,住,,,1110902,土地2建物1車位0,三層,七層,華廈(10層含以下有電梯),住家用,801120.0,30.01,1,1,1,有,有,6200000,206598.0,,0.0,0,,RPOQMLPKQHHGFBA87EA,20.75,0.0,2.48,有,,31.0
南港區,房地(土地+建物),成福路１８７號六樓,14.9,,,,1110903,土地1建物1車位0,六層，電梯樓梯間,十八層,住宅大樓(11層含以上有電梯),住家用,841129.0,109.38,3,2,2,有,有,24200000,221247.0,,0.0,0,,RPSOMLRLRHHGFDA58DA,89.67,2.3,10.2,有,,27.0
內湖區,房地(土地+建物)+車位,內湖路一段２８５巷６９弄１０號,72.2,住,,,1110916,土地1建物1車位1,一層，地下一層,七層,華廈(10層含以下有電梯),住家用,820226.0,400.86,6,2,4,有,有,68800000,171631.0,升降機械,0.0,0,,RPRPMLSLRHHGFCA68EA,332.26,11.47,0.0,有,,30.0
萬華區,房地(土地+建物),艋舺大道４０５巷１４號,23.33,住,,,1110921,土地1建物1車位0,一層,三層,公寓(5樓含以下無電梯),住家用,560724.0,47.6,2,2,1,有,無,9300000,195378.0,,0.0,0,一樓增建其他增建；,RPWOMLNLRHHGFBA38DA,47.6,0.0,0.0,無,849.0,55.0
信義區,房地(土地+建物),忠孝東路五段７４３巷１弄１７號四樓,24.25,住,,,1110905,土地1建物1車位0,四層，陽臺,四層,公寓(5樓含以下無電梯),住家用,611125.0,69.27,6,2,3,有,無,16200000,233867.0,,0.0,0,頂樓加蓋；,RPVPMLMLRHHGFDA48DA,69.27,0.0,0.0,無,,50.0
北投區,房地(土地+建物),明德路１５０巷１６號二樓,33.6,住,,,1110904,土地2建物1車位0,二層,五層,公寓(5樓含以下無電梯),住家用,670131.0,83.2,3,2,1,有,無,15500000,186298.0,,0.0,0,陽台外推；,RPPRMLTKRHHGFEA78DA,77.35,0.0,5.85,無,861.0,45.0
內湖區,房地(土地+建物),民權東路六段２８０巷２１號五樓之１,18.03,住,,,1110902,土地1建物2車位0,五層,九層,華廈(10層含以下有電梯),住家用,860812.0,73.61,2,2,1,有,有,19300000,262193.0,,0.0,0,陽台外推；夾層；,RPUNMLTLRHHGFCA88EA,45.51,2.57,6.11,有,866.0,25.0
萬華區,房地(土地+建物),長泰街２２８號二樓,34.12,住,,,1110904,土地1建物1車位0,二層,四層,公寓(5樓含以下無電梯),住家用,671220.0,99.37,2,2,1,有,無,13500000,135856.0,,0.0,0,陽台外推；,RPTOMLNKRHHGFBA97DA,85.8,0.0,13.57,無,,44.0
南港區,房地(土地+建物)+車位,重陽路４７０號十二樓之３,31.83,住,,,1110913,土地1建物1車位2,十二層,十五層,住宅大樓(11層含以上有電梯),住家用,990419.0,255.71,3,2,2,有,有,67000000,293213.0,坡道平面,47.68,6000000,,RPWQMLOLQHHGFDA88EA,152.84,4.8,15.62,有,,12.0
北投區,房地(土地+建物),石牌路一段３３巷４弄３號,39.0,住,,,1110905,土地1建物1車位0,一層,四層,公寓(5樓含以下無電梯),住家用,600510.0,93.05,3,2,2,有,無,22000000,236432.0,,0.0,0,其他增建；,RPTOMLPJRHHGFEA38DA,93.05,0.0,0.0,無,,51.0
士林區,房地(土地+建物)+車位,忠誠路二段１３０巷２５號六樓,30.88,住,,,1110907,土地1建物1車位1,六層，電梯樓梯間,六層,華廈(10層含以下有電梯),住家用,860107.0,123.63,2,2,1,有,有,25800000,208687.0,升降機械,29.8,0,鐵鋁窗增建,RPPPMLSLRHHGFEA58DA,70.97,4.62,7.19,有,,26.0
松山區,房地(土地+建物)+車位,光復南路５８巷２號三樓,29.38,住,,,1110911,土地2建物1車位2,三層,十二層,住宅大樓(11層含以上有電梯),住家用,1010911.0,274.68,4,2,2,有,有,68100000,315773.0,坡道平面,78.02,6000000,車位樓層位於地下五層。其他增建；,RPSVMLTKRHHGFDA76DA,114.55,0.0,11.94,有,,10.0
松山區,房地(土地+建物)+車位,三民路２９巷１號十一樓之２,44.73,住,,,1110902,土地2建物1車位1,十一層,十四層,住宅大樓(11層含以上有電梯),住家用,931111.0,210.02,4,2,2,有,有,51000000,242834.0,坡道平面,0.0,3000000,,RPTNMLSLRHHGFDA68DA,117.42,4.07,11.24,有,,18.0
松山區,房地(土地+建物),光復北路１８２號十樓,42.68,住,,,1110903,土地1建物1車位0,十層,十五層,住宅大樓(11層含以上有電梯),住家用,860805.0,200.44,3,2,2,有,有,45280000,225903.0,,0.0,0,其他增建；,RPOPMLNLRHHGFDA87DA,111.34,3.19,12.76,有,,25.0
內湖區,房地(土地+建物),內湖路一段４１１巷９０弄６號四樓,24.33,住,,,1110912,土地1建物1車位0,四層,五層,公寓(5樓含以下無電梯),住家用,730512.0,96.89,3,2,1,有,無,17300000,178553.0,,0.0,0,陽台外推；,RPUPMLNJIIHGFCA47EA,72.45,0.0,17.15,無,878.0,38.0
南港區,房地(土地+建物)+車位,經貿二路２４５號三樓之１,16.59,住,,,1110909,土地1建物1車位1,三層,十三層,住宅大樓(11層含以上有電梯),住家用,1020222.0,117.49,1,1,1,有,有,28000000,238318.0,塔式車位,0.0,0,,RPTOMLMJIIHGFDA17DA,54.62,4.56,4.5,有,880.0,10.0
內湖區,房地(土地+建物)+車位,新富街７６號八樓,37.76,住,,,1110919,土地1建物1車位1,八層,十四層,住宅大樓(11層含以上有電梯),住家用,1031020.0,220.0,2,2,2,有,有,53080000,282570.0,坡道平面,41.0,2500000,其他增建；,RPVNMLRLRHHGFCA68DA,109.63,1.76,12.88,有,881.0,8.0
士林區,房地(土地+建物),承德路四段８０巷５７之２號四樓,24.72,住,,,1110906,土地1建物1車位0,四層,五層,公寓(5樓含以下無電梯),住家用,740802.0,85.93,3,2,1,有,無,14350000,166996.0,,0.0,0,,RPPNMLOJIIHGFEA07EA,75.55,0.0,7.24,無,,37.0
松山區,房地(土地+建物),八德路二段３６６巷２３號三樓,30.0,住,,,1110917,土地1建物1車位0,三層,四層,公寓(5樓含以下無電梯),住家用,590511.0,90.9,3,2,1,有,無,22500000,247525.0,,0.0,0,陽台外推；,RPQOMLNJIIHGFDA96DA,76.76,0.0,14.14,無,885.0,52.0
萬華區,房地(土地+建物)+車位,萬大路４２３巷４２號十一樓,40.52,住,,,1110906,土地4建物1車位1,十一層,十四層,住宅大樓(11層含以上有電梯),住家用,970103.0,189.3,3,2,2,有,有,30300000,160063.0,坡道平面,0.0,0,,RPQNMLQKRHHGFBA87DA,103.07,0.0,9.77,有,,15.0
北投區,房地(土地+建物)+車位,復興三路６８之１號七樓,78.32,住,,,1110911,土地2建物1車位1,七層，電梯樓梯間,八層,華廈(10層含以下有電梯),住家用,840321.0,163.77,3,2,2,有,有,17880000,109178.0,坡道平面,0.0,0,陽台外推；其他增建；,RPWOMLKMRHHGFEA48DA,132.4,9.16,10.81,有,,27.0
士林區,房地(土地+建物)+車位,基河路３００巷２１號五樓,34.78,住,,,1110915,土地1建物1車位1,五層,十三層,住宅大樓(11層含以上有電梯),住家用,1101117.0,224.3,3,2,2,有,無,54500000,268432.0,坡道平面,30.21,2400000,,RPUQMLTKRHHGFEA56DA,107.67,10.88,7.99,有,,1.0
內湖區,房地(土地+建物)+車位,星雲街１６１巷２號十二樓,22.51,住,,,1110917,土地1建物1車位1,十二層,十四層,住宅大樓(11層含以上有電梯),住家用,940712.0,142.18,2,2,2,有,有,30700000,215923.0,坡道平面,0.0,0,,RPVPMLNJIIHGFCA57EA,68.7,0.0,6.6,有,,17.0
大安區,房地(土地+建物),瑞安街２０８巷３９號四樓之３,7.89,住,,,1110912,土地1建物1車位0,四層,七層,華廈(10層含以下有電梯),住家用,1040511.0,41.74,1,1,1,有,有,13320000,319118.0,,0.0,0,,RPOOMLNLRHHGFFA97DA,19.18,0.0,6.51,有,,7.0
中山區,房地(土地+建物)+車位,北安路４５８巷４７弄３號五樓之２,17.5,住,,,1110902,土地2建物1車位1,五層,十四層,住宅大樓(11層含以上有電梯),住家用,921209.0,155.61,3,2,2,有,有,35800000,286600.0,坡道平面,39.42,2500000,,RPQPMLNLRHHGFCA97DA,107.25,1.58,6.94,有,891.0,19.0
內湖區,房地(土地+建物)+車位,內湖路一段４１１巷１０６號八樓,15.76,住,,,1110918,土地1建物1車位1,八層,八層,華廈(10層含以下有電梯),住家用,950705.0,89.52,4,2,2,有,有,19500000,217828.0,塔式車位,0.0,1000000,其他增建；,RPTQMLTKRHHGFCA88DA,38.91,2.16,6.4,有,,16.0
文山區,房地(土地+建物),下崙路２９之３號三樓,41.25,住,,,1110914,土地3建物1車位0,三層,四層,公寓(5樓含以下無電梯),住家用,,109.09,3,2,2,有,無,14650000,134293.0,,0.0,0,,RPPNMLPJIIHGFAA76EA,75.99,0.0,13.94,無,897.0,41.0
信義區,房地(土地+建物),吳興街１５６巷２弄２４號四樓,36.0,住,,,1110906,土地2建物1車位0,四層，陽臺,四層,公寓(5樓含以下無電梯),住家用,650127.0,104.2,3,2,2,有,無,21000000,201536.0,,0.0,0,陽台外推；,RPTNMLPJIIHGFDA47EA,104.2,0.0,0.0,無,898.0,47.0
大安區,房地(土地+建物),安居街８４巷１６號三樓,32.47,住,,,1110905,土地1建物1車位0,三層,四層,公寓(5樓含以下無電梯),住家用,660318.0,94.86,3,2,2,有,無,19800000,208729.0,,0.0,0,,RPSPMLNKPHHGFFA28EA,82.4,0.0,12.46,無,901.0,45.0
大同區,房地(土地+建物),重慶北路三段１３６巷２０號四樓,22.25,住,,,1110901,土地1建物1車位0,四層,四層,公寓(5樓含以下無電梯),住家用,,58.38,3,2,2,有,無,12000000,205550.0,,0.0,0,頂樓加蓋；,RPTNMLSLRHHGFBA48DA,58.38,0.0,0.0,無,,
大安區,房地(土地+建物),永康街７５巷８號三樓之１,8.35,住,,,1110907,土地2建物1車位0,三層,七層,華廈(10層含以下有電梯),住家用,960702.0,35.18,2,1,1,有,有,15840000,450256.0,,0.0,0,陽台外推；夾層；其他增建；,RPRNMLOJIIHGFFA27DA,18.87,0.0,4.91,有,907.0,15.0
文山區,房地(土地+建物),景華街１２８巷２２號三樓,29.86,,,,1110903,土地2建物1車位0,三層,五層,公寓(5樓含以下無電梯),住家用,720902.0,108.68,3,2,2,有,有,14500000,133419.0,,0.0,0,,RPQOMLOJIIHGFAA86EA,93.38,0.0,15.3,無,,39.0
大安區,房地(土地+建物)+車位,瑞安街２０８巷５８弄５號,35.23,住,,,1110914,土地1建物1車位1,一層，電梯樓梯間,十一層,住宅大樓(11層含以上有電梯),住家用,850628.0,170.88,3,2,2,有,有,44500000,346225.0,坡道平面,52.46,3500000,其他增建；,RPSNMLOJIIHGFFA37DA,159.19,4.56,0.0,有,,26.0
大同區,房地(土地+建物),重慶北路三段２０３之３號十一樓之３,6.21,住,,,1110912,土地2建物1車位0,十一層,十二層,住宅大樓(11層含以上有電梯),住家用,1090728.0,50.41,0,0,0,無,有,13420000,266217.0,,0.0,0,,RPSOMLNJIIHGFBA96DA,25.1,1.85,3.63,有,,2.0
北投區,房地(土地+建物),實踐街６巷３弄８號二樓,34.75,住,,,1110911,土地1建物1車位0,二層,四層,公寓(5樓含以下無電梯),住家用,621024.0,93.92,3,2,2,有,無,17200000,183135.0,,0.0,0,其他增建；,RPUNMLQKRHHGFEA58DA,86.82,0.0,7.1,無,,49.0
大安區,房地(土地+建物),和平東路二段３１１巷５３號四樓,21.05,住,,,1110901,土地1建物1車位0,四層,十九層,住宅大樓(11層含以上有電梯),住家用,740522.0,109.05,3,2,2,有,有,26280000,240968.0,,0.0,0,,RPXNMLPJIIHGFFA08EA,82.05,1.56,7.76,有,912.0,37.0
內湖區,房地(土地+建物)+車位,大湖山莊街２２０號三樓,22.42,住,,,1110902,土地1建物1車位1,三層,十層,華廈(10層含以下有電梯),住家用,820729.0,103.87,2,1,1,有,有,16380000,157697.0,坡道平面,0.0,2500000,陽台外推；其他增建；,RPOPMLKLRHHGFCA47DA,74.79,1.16,6.58,有,,29.0
內湖區,房地(土地+建物)+車位,文湖街２１巷８２弄２３號三樓之１,17.7,住,,,1110904,土地1建物1車位1,三層,七層,華廈(10層含以下有電梯),住家用,1110715.0,94.48,0,0,0,無,有,19890000,226300.0,升降機械,14.1,1700000,,RPPQMLPJIIHGFCA27EA,37.99,6.01,5.08,有,,
中正區,房地(土地+建物)+車位,廈門街１３１巷６號四樓,36.53,住,,,1110909,土地1建物1車位1,四層,五層,華廈(10層含以下有電梯),住家用,820702.0,165.34,4,2,2,有,有,30000000,181444.0,升降平面,0.0,2000000,其他增建；,RPXNMLPJIIHGFAA47DA,88.18,6.66,7.35,有,,29.0
內湖區,房地(土地+建物)+車位,文湖街２１巷８２弄２３號三樓,17.01,住,,,1110907,土地1建物1車位1,三層,七層,華廈(10層含以下有電梯),住家用,1110715.0,91.38,0,0,0,無,有,19080000,224896.0,升降機械,14.1,1700000,,RPRQMLPJIIHGFCA47EA,38.39,5.86,2.95,有,,
內湖區,房地(土地+建物),文德路６６巷６９弄２２號二樓,26.87,住,,,1110902,土地1建物1車位0,二層,五層,公寓(5樓含以下無電梯),住家用,721230.0,106.63,3,2,2,有,無,17000000,159430.0,,0.0,0,,RPUNMLNLRHHGFCA18DA,82.32,0.0,13.46,無,,39.0
內湖區,房地(土地+建物)+車位,港華街５１巷８弄１８號七樓之２,16.9,住,,,1110912,土地1建物1車位2,七層,九層,華廈(10層含以下有電梯),住家用,971017.0,133.73000000000002,3,2,2,有,有,28400000,242117.0,坡道機械,31.3,3600000,,RPTPMLOJIIHGFCA37DA,55.11,8.25,5.34,有,920.0,14.0
士林區,房地(土地+建物),通河街９４號六樓,24.17,住,,,1110912,土地1建物1車位0,六層,六層,華廈(10層含以下有電梯),住家用,720519.0,112.6,5,3,2,有,無,16000000,142096.0,,0.0,0,頂樓加蓋；,RPWNMLOJIIHGFEA67DA,83.42,0.0,13.75,無,,39.0
萬華區,房地(土地+建物),長泰街３１６巷２２號四樓,22.25,住,,,1110903,土地2建物1車位0,四層,四層,公寓(5樓含以下無電梯),住家用,580811.0,68.87,3,1,1,有,無,8000000,116161.0,,0.0,0,其他增建；,RPVOMLTLRHHGFBA88DA,68.87,0.0,0.0,無,921.0,53.0
信義區,房地(土地+建物),吳興街６００巷９０號五樓,27.74,住,,,1110901,土地8建物1車位0,五層,五層,公寓(5樓含以下無電梯),住家用,690223.0,99.72,3,2,1,有,無,11680000,117128.0,,0.0,0,其他增建；,RPQNMLRLRHHGFDA28DA,86.11,0.0,13.61,無,,43.0
大安區,房地(土地+建物),建國南路一段３１８巷１號四樓,46.17,住,,,1110902,土地1建物1車位0,四層,六層,華廈(10層含以下有電梯),住家用,,175.61,5,1,3,有,有,45000000,256250.0,,0.0,0,,RPRNMLNLRHHGFFA18DA,163.02,0.0,12.59,有,,
大安區,房地(土地+建物),臥龍街２８８號三樓,43.15,住,,,1110920,土地1建物1車位0,三層,五層,公寓(5樓含以下無電梯),住家用,810224.0,127.59,3,2,2,有,無,25500000,199859.0,,0.0,0,,RPQOMLOJIIHGFFA27DA,104.39,2.0,12.21,無,,31.0
內湖區,房地(土地+建物),民權東路六段９０巷５弄１５號二樓,29.16,住,,,1110902,土地2建物1車位0,二層,五層,公寓(5樓含以下無電梯),住家用,701028.0,107.25,3,2,2,有,無,15000000,139860.0,,0.0,0,,RPUOMLOJIIHGFCA37DA,92.9,0.0,14.35,無,,41.0
內湖區,房地(土地+建物)+車位,成功路二段３６５號九樓,23.37,住,,,1110911,土地2建物1車位1,九層,二十層,住宅大樓(11層含以上有電梯),住家用,860113.0,195.19,2,2,2,有,有,36000000,216213.0,坡道平面,40.26,2500000,陽台外推；,RPUNMLKMRHHGFCA97DA,127.87,5.0,9.97,有,926.0,26.0
信義區,房地(土地+建物),吳興街６００巷１１４號三樓,29.12,住,,,1110922,土地1建物1車位0,三層,十一層,住宅大樓(11層含以上有電梯),住家用,820806.0,150.08,4,2,2,有,有,23600000,157249.0,,0.0,0,,RPRNMLQJIIHGFDA37EA,115.75,0.0,15.77,有,,29.0
文山區,房地(土地+建物)+車位,政大一街２９５號四樓,39.04,住,,,1110903,土地1建物1車位1,四層,五層,華廈(10層含以下有電梯),住家用,1031113.0,121.31,2,2,1,有,有,18800000,190433.0,坡道平面,33.09,2000000,,RPPPMLOJIIHGFAA76DA,53.08,0.58,6.23,有,929.0,8.0
士林區,房地(土地+建物),文昌路２４號,22.25,住,,,1110917,土地1建物1車位0,四層,四層,公寓(5樓含以下無電梯),住家用,590303.0,80.3,3,2,2,有,無,11250000,140100.0,,0.0,0,,RPRPMLPJIIHGFEA57EA,80.3,0.0,0.0,無,931.0,53.0
內湖區,房地(土地+建物)+車位,文湖街２１巷８２弄２５號四樓之１,17.7,住,,,1110912,土地1建物1車位1,四層,七層,華廈(10層含以下有電梯),住家用,1110715.0,94.48,0,0,0,無,有,19930000,226798.0,升降機械,14.1,1700000,,RPQQMLPJIIHGFCA37EA,37.99,6.01,5.08,有,,
內湖區,房地(土地+建物),成功路二段４２６巷４２號三樓,31.43,住,,,1110906,土地1建物1車位0,三層,五層,公寓(5樓含以下無電梯),住家用,760817.0,109.63,2,2,2,有,無,15550000,141841.0,,0.0,0,,RPOQMLTJQHHGFCA28EA,92.32,0.0,10.09,無,,35.0
北投區,房地(土地+建物),尊賢街３０２巷１號四樓,49.5,住,,,1110912,土地2建物1車位0,四層，陽臺,四層,公寓(5樓含以下無電梯),住家用,641004.0,136.97,6,0,6,有,無,20000000,146017.0,,0.0,0,陽台外推；頂樓加蓋；其他增建；,RPXNMLSLRHHGFEA56DA,136.97,0.0,0.0,無,,47.0
中山區,房地(土地+建物)+車位,民生東路二段１１５巷１０號五樓,27.03,住,,,1110925,土地1建物1車位1,五層,十三層,住宅大樓(11層含以上有電梯),住家用,1101201.0,193.24,3,2,2,有,有,47500000,285604.0,坡道平面,37.43,3000000,,RPRNMLPLRHHGFCA08DA,92.46,6.24,11.28,有,,1.0
松山區,房地(土地+建物)+車位,延壽街３３０巷７弄１２號四樓,29.2,住,,,1110907,土地1建物1車位1,四層,七層,華廈(10層含以下有電梯),住家用,810309.0,137.86,2,2,1,有,有,33800000,245176.0,其他,0.0,0,,RPXOMLQJIIHGFDA08EA,88.0,0.0,10.48,有,,30.0
大安區,房地(土地+建物),敦化南路二段４６號十五樓之２,8.79,住,,,1110903,土地1建物1車位0,十五層,十六層,住宅大樓(11層含以上有電梯),住家用,640602.0,97.29,3,2,1,有,有,33940000,348854.0,,0.0,0,,RPVNMLRJIIHGFFA08EA,63.15,0.0,3.94,有,,47.0
內湖區,房地(土地+建物)+車位,星雲街１５４號十一樓,25.59,住,,,1110912,土地1建物1車位1,十一層,十六層,住宅大樓(11層含以上有電梯),住家用,841023.0,147.56,2,2,2,有,有,27780000,188262.0,坡道平面,0.0,0,前陽台外推,RPOPMLQJIIHGFCA07DA,127.98,2.27,5.96,有,,27.0
北投區,房地(土地+建物)+車位,石牌路二段３５７巷９號二樓,75.44,住,,,1110919,土地1建物1車位1,二層,五層,華廈(10層含以下有電梯),住家用,770905.0,255.05,4,2,2,有,無,44680000,175181.0,坡道平面,0.0,0,,RPPPMLQJIIHGFEA37DA,173.46,2.63,20.94,有,953.0,34.0
內湖區,房地(土地+建物)+車位,內湖路一段４１１巷９０弄２７號二樓之３,8.66,住,,,1110904,土地1建物1車位1,二層,九層,華廈(10層含以下有電梯),住家用,981204.0,54.75,1,1,1,有,有,11800000,215525.0,升降機械,0.0,0,其他增建；,RPQOMLRJIIHGFCA27DA,26.64,2.96,2.78,有,954.0,13.0
北投區,房地(土地+建物)+車位,中央北路二段３５０巷７０號八樓,45.5,住,,,1110926,土地1建物1車位1,八層,十四層,住宅大樓(11層含以上有電梯),住家用,1040724.0,183.36,3,2,2,有,有,26550000,144797.0,坡道平面,0.0,0,政府機關標讓售；,RPXOMLOJIIHGFEA87DA,98.33,0.0,11.5,有,,7.0
中正區,房地(土地+建物),同安街４３巷６弄２號四樓,40.3,住,,,1110903,土地1建物1車位0,四層,五層,公寓(5樓含以下無電梯),住家用,750911.0,149.42000000000002,3,2,2,有,有,29000000,194084.0,,0.0,0,,RPOOMLRLRHHGFAA87DA,118.55,0.0,10.22,無,,36.0
士林區,房地(土地+建物),重慶北路四段１４３巷３弄１０號,27.25,住,,,1110901,土地1建物1車位0,四層,四層,公寓(5樓含以下無電梯),住家用,590811.0,70.81,4,3,2,有,無,8450000,119333.0,,0.0,0,格局4樓2房2廳1衛頂樓2房1廳1衛頂樓加蓋；,RPUNMLRJIIHGFEA77DA,70.81,0.0,0.0,無,,52.0
中正區,房地(土地+建物),寧波東街９巷９號六樓之３,7.81,住,,,1110909,土地1建物1車位0,六層,六層,華廈(10層含以下有電梯),住家用,881028.0,32.58,1,0,1,有,有,14000000,429711.0,,0.0,0,其他增建；,RPVQMLTJOHHGFAA58EA,17.38,1.98,0.0,有,,23.0
松山區,房地(土地+建物),光復南路２２巷３０之３號,49.5,住,,,1110911,土地1建物1車位0,四層,四層,公寓(5樓含以下無電梯),住家用,,130.9,2,3,2,有,無,27000000,206264.0,,0.0,0,陽台外推；頂樓加蓋；,RPWSMLOLQHHGFDA09EA,130.9,0.0,0.0,無,,
文山區,房地(土地+建物),木新路二段２９９巷７弄１６號,40.98,住,,,1110909,土地2建物1車位0,一層,五層,公寓(5樓含以下無電梯),住家用,790317.0,118.41,3,2,2,有,無,22500000,190018.0,,0.0,0,其他增建；,RPQNMLSLRHHGFAA08DA,94.13,13.05,0.0,無,,32.0
北投區,房地(土地+建物)+車位,行義路１２之１號六樓,30.41,住,,,1110901,土地1建物1車位1,六層,十一層,住宅大樓(11層含以上有電梯),住家用,931018.0,153.86,3,2,2,有,有,32850000,213506.0,坡道平面,32.22,0,陽台外推；其他增建；,RPVNMLTLRHHGFEA09DA,77.96,2.15,9.59,有,960.0,18.0
大安區,房地(土地+建物)+車位,大安路二段８２號三樓之１,48.0,住,,,1110901,土地1建物1車位2,三層,二十一層,住宅大樓(11層含以上有電梯),住家用,1100831.0,359.79,0,0,0,無,有,134900000,439105.0,坡道平面,68.06,6800000,二個停車位未拆分單價,RPXNMLRJIIHGFFA18DA,171.84,13.04,9.33,有,,1.0
文山區,房地(土地+建物),木新路二段１５之１號八樓,7.25,住,,,1110911,土地1建物1車位0,八層,十四層,住宅大樓(11層含以上有電梯),住家用,841024.0,30.1,1,0,1,有,有,5460000,181395.0,,0.0,0,其他增建；,RPROMLNLRHHGFAA77DA,17.96,0.0,3.39,有,,27.0
中山區,房地(土地+建物),大直街２０巷６號四樓,34.6,住,,,1110917,土地1建物1車位0,四層,五層,公寓(5樓含以下無電梯),住家用,680115.0,126.17,3,2,2,有,無,27280000,216216.0,,0.0,0,,RPVOMLQJIIHGFCA67DA,111.48,0.0,14.69,無,,44.0
大同區,房地(土地+建物)+車位,民權西路１６０巷１８弄８號八樓之６,20.25,住,,,1110903,土地1建物1車位1,八層,十八層,住宅大樓(11層含以上有電梯),住家用,1101227.0,180.24,3,2,2,有,有,42680000,269496.0,坡道平面,32.26,2800000,,RPTNMLKLRHHGFBA67DA,83.41,8.95,6.46,有,966.0,1.0
大安區,房地(土地+建物)+車位,永康街１７巷１３號三樓,15.66,住,,,1110916,土地1建物2車位2,三層,六層,華廈(10層含以下有電梯),住家用,911216.0,83.24000000000001,1,1,1,有,有,20000000,303680.0,其他,27.26,3000000,車位編號3、4號陽台外推；夾層；,RPSNMLNLRHHGFFA28DA,26.96,0.0,3.36,有,,20.0
北投區,房地(土地+建物),尊賢街２１８巷２３弄６號二樓,43.5,住,,,1110915,土地1建物1車位0,二層,四層,公寓(5樓含以下無電梯),住家用,630821.0,97.68,3,2,1,有,無,13920000,142506.0,,0.0,0,其他增建；,RPXPMLRJIIHGFEA28DA,97.68,0.0,0.0,無,,48.0
文山區,房地(土地+建物),新光路一段９５巷２０號三樓,39.83,住,,,1110916,土地1建物1車位0,三層,五層,公寓(5樓含以下無電梯),住家用,750128.0,113.13,3,2,1,有,無,15000000,132591.0,,0.0,0,,RPXNMLRJIIHGFAA67DA,87.78,0.0,17.4,無,,37.0
萬華區,房地(土地+建物)+車位,萬大路４２３巷１１０號九樓,28.14,住,,,1110914,土地2建物1車位1,九層,十二層,住宅大樓(11層含以上有電梯),住家用,860415.0,142.9,3,2,2,有,有,26500000,185444.0,坡道平面,0.0,0,,RPVOMLRJIIHGFBA67DA,82.08,0.0,11.33,有,,25.0
北投區,房地(土地+建物)+車位,知行路２５６號四樓,28.76,住,,,1110904,土地2建物1車位1,四層,六層,華廈(10層含以下有電梯),住家用,970104.0,124.35,2,2,2,有,有,21800000,175312.0,升降機械,0.0,1500000,陽台外推；其他增建；,RPWOMLLLRHHGFEA48DA,65.6,3.9,7.13,有,969.0,15.0
士林區,房地(土地+建物),中山北路六段２３６巷６號五樓,44.48,住,,,1110909,土地2建物1車位0,五層,五層,公寓(5樓含以下無電梯),住家用,741021.0,117.04,3,2,2,有,有,21500000,183698.0,,0.0,0,陽台外推；,RPUPMLSLRHHGFEA09DA,94.84,0.0,11.43,無,,37.0
中正區,房地(土地+建物)+車位,臨沂街１９巷１９號二樓,27.73,住,,,1110921,土地1建物1車位1,二層,五層,華廈(10層含以下有電梯),住家用,1010420.0,149.35,2,2,1,有,無,38500000,257784.0,其他,26.36,0,3建築物含有：雨遮加蓋陽台外推；,RPSOMLLKIIHGFBA96EA,62.25,6.02,8.19,有,972.0,10.0
文山區,房地(土地+建物),政大二街１７１巷５６號六樓,73.62,住,,,1110912,土地1建物1車位0,六層,八層,華廈(10層含以下有電梯),住家用,920114.0,135.82,3,2,2,有,有,18250000,134369.0,,0.0,0,陽台外推；,RPWQMLTJOHHGFAA68EA,78.46,0.0,8.33,有,,20.0
大同區,房地(土地+建物),延平北路三段８３巷８號四樓,28.75,住,,,1110905,土地1建物1車位0,四層,四層,公寓(5樓含以下無電梯),住家用,,86.26,2,2,1,有,無,13000000,150707.0,,0.0,0,其他增建；,RPWNMLTLRHHGFBA88DA,86.26,0.0,0.0,無,,
文山區,房地(土地+建物),木柵路一段８９巷１５弄５號二樓,29.75,住,,,1110906,土地1建物1車位0,二層，陽臺,四層,公寓(5樓含以下無電梯),住家用,630710.0,90.76,4,1,1,有,無,9766000,107602.0,,0.0,0,陽台外推；,RPTOMLPJRHHGFAA97DA,90.76,0.0,0.0,無,,48.0
中山區,房地(土地+建物),松江路２３５巷２８號四樓,25.74,住,,,1110907,土地1建物1車位0,四層,七層,華廈(10層含以下有電梯),住家用,690324.0,144.29,3,2,2,有,有,32500000,225241.0,,0.0,0,,RPSQMLTJQHHGFCA68EA,124.97,0.0,15.92,有,,42.0
士林區,房地(土地+建物),中山北路五段７５６巷３０號六樓,20.31,住,,,1110908,土地1建物1車位0,六層,六層,華廈(10層含以下有電梯),住家用,910109.0,97.59,3,2,2,有,有,27350000,280254.0,,0.0,0,陽台外推；其他增建；,RPPNMLKKIIHGFEA66DA,63.44,0.0,12.52,有,977.0,21.0
北投區,房地(土地+建物),大度路三段３０１巷１２８弄７之１號二樓,19.93,住,,,1110917,土地1建物1車位0,二層,四層,公寓(5樓含以下無電梯),住家用,770827.0,78.75,2,1,1,有,無,6700000,85079.0,,0.0,0,,RPQQMLTKRHHGFEA78DA,65.7,0.0,8.49,無,,34.0
南港區,房地(土地+建物)+車位,忠孝東路六段１３０號十二樓,5.9,住,,,1110903,土地1建物1車位1,十二層,十四層,住宅大樓(11層含以上有電梯),住家用,1000110.0,47.37,1,1,1,有,有,14400000,303926.0,升降機械,0.0,0,陽台外推；夾層；,RPPNMLLKIIHGFDA76EA,21.62,1.23,5.39,有,982.0,12.0
大安區,房地(土地+建物),和平東路二段３１１巷４３弄２５號,21.05,住,,,1110912,土地1建物1車位0,一層,十九層,住宅大樓(11層含以上有電梯),住家用,740522.0,109.13,3,2,1,有,有,27800000,254719.0,,0.0,0,其他增建；,RPWNMLTLRHHGFFA66DA,82.05,9.32,0.0,有,,37.0
萬華區,房地(土地+建物),青年路６８巷３弄９之１號,23.6,住,,,1110919,土地1建物1車位0,一層,十二層,住宅大樓(11層含以上有電梯),住家用,711027.0,99.26,3,2,1,有,有,19800000,199476.0,,0.0,0,其他增建；,RPWNMLSLRHHGFBA78DA,68.29,0.0,7.92,有,,40.0
內湖區,房地(土地+建物),金龍路１２３號四樓,30.04,住,,,1110906,土地1建物1車位0,四層,五層,公寓(5樓含以下無電梯),住家用,700815.0,105.31,3,2,2,有,無,17250000,163802.0,,0.0,0,,RPTOMLNJIIHGFCA17DA,91.03,0.0,14.28,無,,41.0
大安區,房地(土地+建物),新生南路一段１１９巷３之３號,30.6,住,,,1110902,土地1建物1車位0,四層,五層,公寓(5樓含以下無電梯),住家用,601201.0,94.63,3,2,2,有,無,26500000,280038.0,,0.0,0,陽台外推；,RPPNMLLKIIHGFFA86DA,94.63,0.0,0.0,無,,51.0
北投區,房地(土地+建物),尊賢街２３９巷２６弄１號四樓,39.5,住,,,1110924,土地1建物1車位0,四層,四層,公寓(5樓含以下無電梯),住家用,620119.0,88.14,2,2,1,有,無,11500000,130474.0,,0.0,0,,RPPNMLMKIIHGFEA96EA,88.14,0.0,0.0,無,,50.0
萬華區,房地(土地+建物),國興路４號五樓,12.4,住,,,1110914,土地1建物1車位0,五層,十二層,住宅大樓(11層含以上有電梯),住家用,680403.0,46.08,2,1,1,有,有,7250000,157335.0,,0.0,0,,RPUOMLLKIIHGFBA17EA,38.94,0.0,7.14,有,989.0,43.0
北投區,房地(土地+建物),承德路七段３４２巷１６號四樓,38.25,住,,,1110913,土地1建物1車位0,四層，陽臺,四層,公寓(5樓含以下無電梯),住家用,650507.0,98.82,3,2,2,有,無,18500000,187209.0,,0.0,0,陽台外推；頂樓加蓋；其他增建；,RPVPMLSLRHHGFEA56DA,98.82,0.0,0.0,無,,46.0
南港區,房地(土地+建物),重陽路１９號十樓,10.39,住,,,1110919,土地1建物1車位0,十層,十四層,住宅大樓(11層含以上有電梯),住家用,1110124.0,52.19,1,1,1,有,有,17800000,341062.0,,0.0,0,,RPOOMLQLRHHGFDA08DA,29.73,0.0,4.3,有,,1.0
松山區,房地(土地+建物),南京東路三段３０３巷７弄１之１號三樓,23.45,住,,,1110903,土地1建物1車位0,三層，陽臺,七層,華廈(10層含以下有電梯),住家用,,124.64,3,2,2,有,無,34000000,272786.0,,0.0,0,陽台外推；其他增建；,RPXNMLOJIIHGFDA67DA,111.79,0.0,0.0,有,,
士林區,房地(土地+建物),中山北路七段８２巷１０弄３７號四樓,28.91,住,,,1110918,土地1建物1車位0,四層,五層,公寓(5樓含以下無電梯),住家用,691113.0,101.88,3,2,2,有,無,16800000,164900.0,,0.0,0,,RPQOMLMKIIHGFEA17EA,95.5,0.0,6.38,無,,42.0
北投區,房地(土地+建物),明德路２０１號四樓之７,10.76,住,,,1110921,土地1建物1車位0,四層,七層,華廈(10層含以下有電梯),住家用,670828.0,54.3,2,1,1,有,有,12480000,229834.0,,0.0,0,,RPUPMLMKIIHGFEA67EA,50.16,0.0,4.14,有,994.0,44.0
北投區,房地(土地+建物)+車位,磺港路１４２號六樓之２,23.15,住,,,1110902,土地1建物1車位1,六層,十八層,住宅大樓(11層含以上有電梯),住家用,1080725.0,196.86,3,2,2,有,有,33000000,192199.0,坡道平面,38.17,2500000,,RPXNMLQKRHHGFEA88DA,89.84,8.82,4.76,有,999.0,3.0
文山區,房地(土地+建物),和興路３４號五樓,42.0,住,,,1110912,土地1建物1車位0,五層,五層,公寓(5樓含以下無電梯),住家用,,139.72,4,2,2,有,無,15400000,110220.0,,0.0,0,頂樓加蓋；其他增建；,RPVOMLTLRHHGFAA78DA,123.89,0.0,15.83,無,,
萬華區,房地(土地+建物),長順街１４巷１弄９號四樓,20.64,住,,,1110918,土地1建物1車位0,四層,五層,公寓(5樓含以下無電梯),住家用,561129.0,53.5,2,1,1,有,無,6350000,118692.0,,0.0,0,陽台外推；其他增建；,RPXOMLQJIIHGFBA77DA,46.64,0.0,6.86,無,1003.0,55.0
內湖區,房地(土地+建物),成功路二段３１２巷３５號二樓,33.22,住,,,1110914,土地1建物1車位0,二層,五層,公寓(5樓含以下無電梯),住家用,740702.0,103.32,3,2,2,有,無,16250000,157278.0,,0.0,0,陽台外推；,RPPPMLMKIIHGFCA86DA,76.73,2.99,14.39,無,1004.0,37.0
北投區,房地(土地+建物),復興一路５７之５號二樓,23.0,住,,,1110913,土地1建物1車位0,二層,三層,公寓(5樓含以下無電梯),住家用,580612.0,60.56,2,2,2,有,無,7700000,127147.0,,0.0,0,其他增建；,RPWNMLMKIIHGFEA67EA,60.56,0.0,0.0,無,1005.0,53.0
士林區,房地(土地+建物),天母北路４４巷１２號,355.0,住,,,1110929,土地2建物2車位0,全,二層,透天厝,住家用,500130.0,292.06,4,2,2,有,無,200000000,684791.0,,0.0,0,,RPXNMLMKIIHGFEA77EA,292.06,0.0,0.0,無,1006.0,62.0
士林區,房地(土地+建物),通河西街二段１０８巷７號三樓,26.75,住,,,1110930,土地1建物1車位0,三層,四層,公寓(5樓含以下無電梯),住家用,641210.0,79.8,1,1,1,有,無,9500000,119048.0,,0.0,0,,RPQPMLKMRHHGFEA97DA,69.63,0.0,10.17,無,1009.0,47.0
信義區,房地(土地+建物),忠孝東路五段２３６巷２弄１號五樓,19.59,住,,,1110905,土地5建物1車位0,五層,八層,華廈(10層含以下有電梯),住家用,720525.0,103.48,3,2,2,有,無,28580000,276189.0,,0.0,0,陽台外推；其他增建；,RPTTMLOLQHHGFDA88EA,78.84,0.0,13.14,有,,39.0
南港區,房地(土地+建物)+車位,經貿二路２５５巷７號十一樓,33.09,住,,,1110902,土地1建物1車位1,十一層,十三層,住宅大樓(11層含以上有電梯),住家用,991201.0,163.87,2,2,2,有,有,34000000,207482.0,坡道平面,47.29,0,夾層；,RPQOMLKLRHHGFDA67DA,65.27,1.87,10.09,有,,12.0
內湖區,房地(土地+建物),康寧路一段６９號五樓,30.51,住,,,1110904,土地1建物1車位0,五層,五層,公寓(5樓含以下無電梯),住家用,691203.0,100.54,3,2,2,有,無,14500000,144221.0,,0.0,0,頂樓加蓋；,RPRPMLTKRHHGFCA58DA,94.27,0.0,6.27,無,,42.0
松山區,房地(土地+建物)+車位,三民路４３巷１０號八樓,42.93,住,,,1110920,土地1建物1車位1,八層,十四層,住宅大樓(11層含以上有電梯),住家用,951218.0,199.43,3,2,2,有,有,51500000,258236.0,坡道平面,0.0,0,,RPOOMLOKIIHGFDA07EA,101.92,3.56,12.25,有,1020.0,16.0
文山區,房地(土地+建物),興隆路二段２０３巷９８號五樓,19.69,住,,,1110916,土地1建物1車位0,五層,十一層,住宅大樓(11層含以上有電梯),住家用,860623.0,83.27,2,2,1,有,有,16500000,198151.0,,0.0,0,其他增建；,RPVNMLOKIIHGFAA27DA,55.81,2.0,7.93,有,,25.0
內湖區,房地(土地+建物),江南街７１巷１６弄５８號二樓,29.78,住,,,1110926,土地1建物1車位0,二層,五層,公寓(5樓含以下無電梯),住家用,700420.0,99.58,3,2,2,有,無,17500000,175738.0,,0.0,0,陽台外推；,RPQQMLQJIIHGFCA37DA,89.47,0.0,10.11,無,1022.0,41.0
文山區,房地(土地+建物)+車位,興隆路二段２０３巷１３２號六樓,31.8,住,,,1110903,土地1建物1車位1,六層,十一層,住宅大樓(11層含以上有電梯),住家用,860623.0,132.68,3,2,2,有,有,21690000,198210.0,坡道平面,34.35,2200000,陽台外推；其他增建；,RPUNMLSLRHHGFAA48DA,67.59,0.0,8.68,有,,25.0
北投區,房地(土地+建物)+車位,石牌路二段３１５巷３４弄７號六樓之１,49.28,住,,,1110917,土地1建物1車位2,六層,十四層,住宅大樓(11層含以上有電梯),住家用,1040804.0,263.8,3,2,2,有,有,46600000,220316.0,坡道平面,74.98,5000000,,RPOQMLLKIIHGFEA96DA,112.73,11.35,8.2,有,1024.0,7.0
北投區,房地(土地+建物),新民路５３之１號八樓之６,4.8,住,,,1110918,土地1建物1車位0,八層,十層,華廈(10層含以下有電梯),住家用,970221.0,23.94,1,1,1,有,有,4400000,183793.0,,0.0,0,夾層；,RPRPMLKLRHHGFEA97DA,13.08,2.45,0.0,有,376.0,15.0
內湖區,房地(土地+建物)+車位,內湖路三段６０巷１２弄７１號六樓之１,34.42,住,,,1110929,土地1建物1車位1,六層,十六層,住宅大樓(11層含以上有電梯),住家用,810623.0,193.62,3,2,2,有,有,27600000,142547.0,坡道機械,0.0,0,,RPXOMLNKIIHGFCA77EA,132.18,1.1,13.49,有,,30.0
中山區,房地(土地+建物),大直街５２巷３號,42.25,住,,,1110921,土地1建物1車位0,一層,四層,公寓(5樓含以下無電梯),住家用,660906.0,116.08,3,2,2,有,無,33850000,291609.0,,0.0,0,未登記建物；,RPOPMLMKIIHGFCA76DA,104.66,11.42,0.0,無,,45.0
士林區,房地(土地+建物),天母北路１３號二樓,24.38,住,,,1110912,土地1建物1車位0,二層,七層,華廈(10層含以下有電梯),住家用,660611.0,134.91,3,2,2,有,無,25880000,191832.0,,0.0,0,其他增建；,RPPOMLNLRHHGFEA97DA,104.06,0.0,21.5,有,,45.0
大安區,房地(土地+建物),和平東路二段１１８巷５４弄１７之２號,31.5,住,,,1110903,土地1建物1車位0,三層，露台,四層,公寓(5樓含以下無電梯),住家用,,93.38,3,2,2,有,無,22600000,242022.0,,0.0,0,露台變更作室內使用其他增建；,RPSNMLKLRHHGFFA97DA,93.38,0.0,0.0,無,,
大安區,房地(土地+建物),信義路四段２６５巷３１弄７號七樓之１,12.41,住,,,1110906,土地1建物1車位0,七層,七層,華廈(10層含以下有電梯),住家用,670715.0,64.83,3,2,1,有,有,21050000,324695.0,,0.0,0,建築物含有內梯增建約1坪左右頂樓加蓋；,RPXNMLNKIIHGFFA97EA,53.26,0.0,4.2,有,,44.0
文山區,房地(土地+建物),木柵路四段１４１號十二樓之５,28.09,住,,,1110910,土地2建物1車位0,十二層,十九層,住宅大樓(11層含以上有電梯),住家用,1000214.0,91.32,2,2,1,有,有,21000000,229961.0,,0.0,0,,RPSOMLRLRHHGFAA28DA,57.43,1.87,5.71,有,,12.0
北投區,房地(土地+建物)+車位,石牌路一段３９巷１４６號十樓之３,24.35,住,,,1110912,土地1建物1車位1,十層,十三層,住宅大樓(11層含以上有電梯),住家用,1101229.0,166.92,3,2,2,有,有,33400000,248752.0,坡道平面,44.71,3000000,,RPUNMLQLRHHGFEA68DA,70.92,0.0,7.65,有,1033.0,1.0
士林區,房地(土地+建物)+車位,芝玉路一段２２２號六樓,37.01,住,,,1110912,土地1建物1車位2,六層,十八層,住宅大樓(11層含以上有電梯),住家用,971112.0,198.23,3,2,2,有,有,42800000,234417.0,坡道機械,30.58,3500000,,RPSQMLTKRHHGFEA98DA,94.97,4.46,10.34,有,,14.0
大安區,房地(土地+建物),復興南路二段９０巷１２號三樓,9.27,住,,,1110906,土地1建物1車位0,三層,十二層,住宅大樓(11層含以上有電梯),住家用,970125.0,45.94,1,1,1,有,有,16000000,348280.0,,0.0,0,陽台外推；,RPXNMLLKIIHGFFA67DA,26.13,2.0,2.86,有,,15.0
中山區,房地(土地+建物),四平街４０號二樓,29.25,住,,,1110923,土地1建物1車位0,二層,四層,公寓(5樓含以下無電梯),住家用,571230.0,84.36,2,2,1,有,無,19800000,234708.0,,0.0,0,陽台外推；其他增建；,RPWQMLTJQHHGFCA09EA,73.48,0.0,10.88,無,,54.0
中山區,房地(土地+建物),民生東路二段１４７巷５弄１７號四樓,26.75,住,,,1110916,土地1建物1車位0,四層,四層,公寓(5樓含以下無電梯),住家用,570914.0,69.41,3,2,2,有,無,16000000,230514.0,,0.0,0,陽台外推；,RPSOMLNKIIHGFCA17DA,69.41,0.0,0.0,無,,54.0
大安區,房地(土地+建物),信義路三段９９巷２６號,13.61,住,,,1110916,土地1建物1車位0,一層,十四層,住宅大樓(11層含以上有電梯),住家用,750520.0,96.07,3,2,2,有,有,30800000,320633.0,,0.0,0,其他增建；,RPSOMLSLRHHGFFA88DA,70.95,10.29,0.0,有,,36.0
北投區,房地(土地+建物),中央北路二段４２巷１１弄１６號二樓,27.52,住,,,1110927,土地1建物1車位0,二層,五層,華廈(10層含以下有電梯),住家用,810602.0,98.49,3,2,1,有,無,14000000,142146.0,,0.0,0,,RPXNMLOKIIHGFEA97EA,70.19,1.34,9.48,有,,30.0
大同區,房地(土地+建物),迪化街二段１２８號二樓,24.81,住,,,1110918,土地3建物1車位0,二層,七層,華廈(10層含以下有電梯),住家用,720623.0,132.04,4,2,3,有,無,22080000,167222.0,,0.0,0,陽台外推；,RPTOMLOKIIHGFBA27DA,101.05,0.0,13.31,有,1037.0,39.0
松山區,房地(土地+建物),敦化南路一段１００巷５１號二樓,17.06,住,,,1110918,土地1建物1車位0,二層,七層,華廈(10層含以下有電梯),住家用,730220.0,95.61,3,2,2,有,無,28000000,292856.0,,0.0,0,陽台外推；,RPTPMLOKIIHGFDA67EA,74.6,0.0,14.32,有,,39.0
信義區,房地(土地+建物),松隆路１５７號二樓,29.35,住,,,1110906,土地2建物1車位0,二層,七層,華廈(10層含以下有電梯),住家用,800107.0,168.6,3,2,2,有,有,27880000,165372.0,,0.0,0,陽台外推；其他增建；,RPSNMLNLRHHGFDA08DA,85.88,55.28,10.01,有,,32.0
內湖區,房地(土地+建物),安泰街５１巷５號五樓,22.74,住,,,1110911,土地1建物1車位0,五層,五層,公寓(5樓含以下無電梯),住家用,730706.0,84.35000000000001,2,2,1,有,無,9500000,112626.0,,0.0,0,其他增建；,RPUNMLMLRHHGFCA08DA,69.78,0.0,5.81,無,,38.0
內湖區,房地(土地+建物),民權東路六段２９６巷９３號五樓,41.67,住,,,1110917,土地1建物1車位0,五層,五層,公寓(5樓含以下無電梯),住家用,770712.0,116.05,5,3,3,有,無,19800000,170616.0,,0.0,0,陽台外推；頂樓加蓋；,RPUOMLOKIIHGFCA47DA,96.15,0.0,10.07,無,,34.0
中山區,房地(土地+建物)+車位,新生北路二段１５巷６號二樓,39.09,住,,,1110929,土地2建物1車位2,二層,七層,華廈(10層含以下有電梯),住家用,1001014.0,241.25,3,2,2,有,有,43630000,180850.0,升降機械,0.0,0,陽台外推；其他增建；,RPSPMLMKIIHGFCA27EA,93.82,6.75,10.43,有,,11.0
內湖區,房地(土地+建物)+車位,成功路五段４２０巷１５號五樓之３,33.48,住,,,1110914,土地1建物1車位1,五層,十一層,住宅大樓(11層含以上有電梯),住家用,860515.0,152.8,2,2,1,有,有,34900000,228403.0,坡道平面,0.0,0,,RPSQMLOKIIHGFCA57EA,81.72,3.32,5.82,有,1042.0,25.0
南港區,房地(土地+建物)+車位,經貿二路１５７巷３６弄１０１號三樓,11.07,住,,,1110905,土地1建物1車位1,三層,十一層,住宅大樓(11層含以上有電梯),住家用,1020812.0,88.03999999999999,2,2,1,有,有,20580000,269479.0,塔式車位,18.35,1800000,車位所在樓層:地下三樓,RPOUMLOLQHHGFDA48EA,38.35,4.91,5.09,有,1044.0,9.0
文山區,房地(土地+建物),木柵路二段１０９巷３０號五樓,51.7,住,,,1110905,土地4建物1車位0,五層,五層,公寓(5樓含以下無電梯),住家用,760924.0,141.67999999999998,4,2,2,有,有,12850000,90697.0,,0.0,0,其他增建；,RPSPMLMLRHHGFAA87DA,118.98,0.0,11.25,無,,35.0
大同區,房地(土地+建物)+車位,民族西路７６巷２弄６號八樓之１,25.19,住,,,1110911,土地1建物1車位1,八層,九層,華廈(10層含以下有電梯),住家用,830926.0,136.71,3,2,2,有,有,25280000,184917.0,坡道平面,0.0,0,陽台外推；其他增建；,RPSNMLTLRHHGFBA48DA,95.02,16.18,14.8,有,,28.0
松山區,房地(土地+建物),寶清街３４號七樓,19.23,住,,,1110920,土地1建物1車位0,七層,七層,華廈(10層含以下有電梯),住家用,730620.0,132.63,2,2,2,有,無,26500000,199804.0,,0.0,0,頂樓加蓋；,RPQPMLOKIIHGFDA37EA,81.65,28.65,10.92,有,,38.0
萬華區,房地(土地+建物)+車位,萬大路３３１號十三樓之１,42.63,住,,,1110911,土地3建物1車位1,十三層,十四層,住宅大樓(11層含以上有電梯),住家用,860109.0,190.04,4,2,2,有,有,31600000,166281.0,坡道平面,0.0,2500000,賣方共有人數4人、此案件車位面積無法拆算其他增建；,RPVNMLOJIIHGFBA27DA,100.78,5.33,17.13,有,,26.0
文山區,房地(土地+建物)+車位,木柵路二段１０９巷１９號三樓,35.2,住,,,1110921,土地1建物1車位1,三層，電梯樓梯間,五層,公寓(5樓含以下無電梯),住家用,841124.0,132.89,3,1,4,有,無,16500000,124163.0,坡道平面,0.0,0,,RPPNMLQKIIHGFAA86DA,83.01,1.76,8.56,無,,27.0
內湖區,房地(土地+建物),金湖路３７６號六樓之１,12.32,住,,,1110918,土地1建物1車位0,六層,十層,華廈(10層含以下有電梯),住家用,880415.0,48.809999999999995,1,1,1,有,有,13000000,266339.0,,0.0,0,,RPROMLNKIIHGFCA07DA,31.88,0.0,3.92,有,,23.0
中正區,房地(土地+建物)+車位,仁愛路一段２３巷１７號三樓,37.49,住,,,1110908,土地1建物1車位2,三層,六層,華廈(10層含以下有電梯),住家用,1031113.0,211.12,3,2,2,有,有,64180000,317807.0,其他,21.76,4000000,,RPVNMLOKIIHGFBA37DA,81.55,8.3,3.66,有,,8.0
文山區,房地(土地+建物),興隆路四段２９巷２弄６號三樓,28.98,住,,,1110912,土地2建物1車位0,三層,四層,公寓(5樓含以下無電梯),住家用,,86.17,3,2,2,有,無,12800000,148544.0,,0.0,0,陽台外推；,RPPNMLMKIIHGFAA09DA,74.18,0.0,11.99,無,,
松山區,房地(土地+建物),敦化北路１４５巷２３弄３號二樓之２,16.59,住,,,1110912,土地1建物1車位0,二層,七層,華廈(10層含以下有電梯),住家用,1100315.0,71.91,1,1,1,有,有,29000000,403282.0,,0.0,0,,RPSTMLOLQHHGFDA78EA,34.6,0.0,3.76,有,,1.0
中山區,房地(土地+建物),龍江路３５６巷７２號二樓,23.13,住,,,1110905,土地1建物1車位0,二層,七層,華廈(10層含以下有電梯),住家用,720221.0,138.51000000000002,4,2,2,有,無,22250000,160638.0,,0.0,0,,RPTNMLKMRHHGFCA87DA,117.52,0.0,15.0,有,,40.0
內湖區,房地(土地+建物)+車位,星雲街２１０巷４１號五樓,41.48,住,,,1110909,土地1建物1車位1,五層,十四層,住宅大樓(11層含以上有電梯),住家用,891101.0,219.29,4,2,3,有,有,42580000,194172.0,坡道平面,38.21,0,陽台外推；其他增建；,RPWNMLKMRHHGFCA18DA,123.57,0.0,16.85,有,1052.0,22.0
信義區,房地(土地+建物),吳興街３２０巷６之３號,32.48,住,,,1110914,土地1建物1車位0,一層,五層,公寓(5樓含以下無電梯),住家用,740518.0,103.94,6,0,6,有,無,25500000,245334.0,,0.0,0,其他增建；,RPRNMLSLRHHGFDA48DA,76.81,14.07,0.0,無,,37.0
大同區,房地(土地+建物)+車位,民權西路１６０巷１８弄６號六樓之６,15.61,住,,,1110904,土地1建物1車位1,六層,十八層,住宅大樓(11層含以上有電梯),住家用,1101227.0,143.2,2,2,2,有,有,31000000,254237.0,坡道平面,32.28,2800000,,RPWOMLOKIIHGFBA67EA,63.89,6.14,4.19,有,,1.0
北投區,房地(土地+建物),溫泉路８２之７號,32.69,住,,,1110919,土地1建物1車位0,一層,五層,公寓(5樓含以下無電梯),住家用,760207.0,93.36,3,2,2,有,有,19000000,203513.0,,0.0,0,壹樓空地、防火巷增建,RPTPMLPJIIHGFEA67DA,83.31,7.62,0.0,無,,36.0
北投區,房地(土地+建物)+車位,奇岩路２４１巷７弄３０號,119.84,住,,,1110915,土地1建物1車位2,一層,五層,華廈(10層含以下有電梯),住家用,1081223.0,258.34,4,2,2,有,有,45000000,199347.0,坡道平面,56.18,4700000,,RPWPMLRJIIHGFEA18DA,123.43,0.0,5.96,有,,3.0
士林區,房地(土地+建物),福港街２８０巷５號,27.0,住,,,1110904,土地1建物1車位0,一層,五層,公寓(5樓含以下無電梯),住家用,720714.0,147.02,5,2,2,有,無,21500000,146239.0,,0.0,0,其他增建；,RPPOMLNJIIHGFEA96DA,83.48,63.54,0.0,無,,39.0
大安區,房地(土地+建物),仁愛路四段１３７號六樓之３,13.04,住,,,1110906,土地3建物1車位0,六層,十二層,住宅大樓(11層含以上有電梯),住家用,660404.0,110.25,3,2,1,有,有,38680000,350839.0,,0.0,0,陽台外推；其他增建；,RPUNMLPJIIHGFFA67DA,80.74,0.0,6.37,有,,45.0
內湖區,房地(土地+建物),文湖街２１巷８２弄２５號二樓,16.97,住,,,1110916,土地1建物1車位0,二層,七層,華廈(10層含以下有電梯),住家用,1110715.0,77.28,0,0,0,無,有,15750000,203804.0,,0.0,0,,RPXPMLRKIIHGFCA28EA,38.39,5.86,2.95,有,,
中正區,房地(土地+建物)+車位,仁愛路一段４７號,28.83,住,,,1110913,土地2建物1車位1,一層,十六層,住宅大樓(11層含以上有電梯),住家用,870724.0,190.81,0,0,0,無,有,60000000,314449.0,坡道平面,0.0,0,陽台外推；,RPROMLQLRHHGFBA18DA,114.76,0.0,15.96,有,,24.0
內湖區,房地(土地+建物),南京東路六段９３號三樓,49.24,住,,,1110910,土地1建物1車位0,三層,九層,華廈(10層含以下有電梯),住家用,860526.0,130.89999999999998,3,2,2,有,有,21560000,164706.0,,0.0,0,其他增建；,RPOPMLLLRHHGFCA57DA,74.88,0.0,8.44,有,,25.0
士林區,房地(土地+建物)+車位,環河北路三段１１５號三樓,15.56,住,,,1110905,土地2建物2車位1,三層,十三層,住宅大樓(11層含以上有電梯),住家用,930518.0,139.87,3,2,2,有,有,21070000,163656.0,坡道平面,26.4,2500000,機房增建 空地增建 陽台外推部分依現況點交,RPPOMLQJIIHGFEA27DA,63.33,0.0,12.82,有,,18.0
中山區,房地(土地+建物),北安路８０５巷２號四樓,22.85,住,,,1110914,土地3建物1車位0,四層,六層,華廈(10層含以下有電梯),住家用,671218.0,103.74,3,2,2,有,有,26000000,250627.0,,0.0,0,陽台加窗增建部分，買方知悉依現況點交。其他增建；,RPTNMLNKIIHGFCA17DA,81.39,0.0,13.26,有,,44.0
內湖區,房地(土地+建物)+車位,文湖街２１巷８２弄２５號五樓之１,17.7,住,,,1110924,土地1建物1車位1,五層,七層,華廈(10層含以下有電梯),住家用,1110715.0,94.48,0,0,0,無,有,20150000,229535.0,升降機械,14.1,1700000,,RPOQMLRKIIHGFCA47EA,37.99,6.01,5.08,有,,
文山區,房地(土地+建物),興隆路四段３３號三樓,24.85,住,,,1110905,土地2建物1車位0,三層,五層,公寓(5樓含以下無電梯),住家用,,73.16,3,2,1,有,無,9500000,129852.0,,0.0,0,陽台外推；其他增建；,RPPRMLLLRHHGFAA67DA,69.68,0.0,3.48,無,,
北投區,房地(土地+建物),尊賢街２５１巷１６號四樓,17.5,住,,,1110908,土地1建物1車位0,四層,四層,公寓(5樓含以下無電梯),住家用,660415.0,49.43,2,2,1,有,無,8000000,161845.0,,0.0,0,鐵鋁窗增、露台增建、懸空增建其他增建；,RPSOMLRKIIHGFEA77DA,49.43,0.0,0.0,無,1063.0,45.0
信義區,房地(土地+建物),吳興街３２０巷６之１號四樓,26.95,住,,,1110913,土地1建物1車位0,四層,五層,公寓(5樓含以下無電梯),住家用,740518.0,97.15,3,2,1,有,無,16500000,169840.0,,0.0,0,陽台外推；其他增建；,RPXNMLMKIIHGFDA57DA,76.72,0.0,9.64,無,,37.0
北投區,房地(土地+建物),尊賢街２４１巷８號四樓,27.5,住,,,1110921,土地1建物1車位0,四層，陽臺,四層,公寓(5樓含以下無電梯),住家用,651231.0,76.39,2,1,1,有,無,12380000,162063.0,,0.0,0,陽台外推；其他增建；,RPWOMLRKIIHGFEA18DA,76.39,0.0,0.0,無,,46.0
文山區,房地(土地+建物),興隆路三段１８５巷９弄２號五樓,37.79,住,,,1110914,土地7建物1車位0,五層,五層,公寓(5樓含以下無電梯),住家用,720823.0,101.58,4,3,2,有,有,10600000,104351.0,,0.0,0,其他增建；,RPXNMLRLRHHGFAA68DA,66.78,9.46,14.49,無,,39.0
信義區,房地(土地+建物),嘉興街２５６巷１０號三樓之１,13.49,住,,,1110902,土地1建物2車位0,三層,六層,華廈(10層含以下有電梯),住家用,750314.0,61.51,2,1,1,有,無,14350000,233295.0,,0.0,0,陽台外推；,RPTNMLMKIIHGFDA17DA,41.58,0.0,7.49,有,,36.0
信義區,房地(土地+建物),莊敬路３９１巷３弄１號二樓,33.25,住,,,1110920,土地1建物1車位0,二層，陽臺,四層,公寓(5樓含以下無電梯),住家用,610623.0,99.6,3,2,2,有,無,21700000,217871.0,,0.0,0,陽台外推；,RPRNMLSKIIHGFDA57DA,99.6,0.0,0.0,無,,50.0
信義區,房地(土地+建物),虎林街２０２巷４５號四樓,31.25,住,,,1110919,土地1建物1車位0,四層,四層,公寓(5樓含以下無電梯),住家用,600407.0,90.44,3,2,1,有,無,15000000,165856.0,,0.0,0,,RPVPMLKLRHHGFDA28DA,81.97,0.0,8.47,無,1069.0,51.0
萬華區,房地(土地+建物)+車位,中華路二段４１６巷８２號五樓之１,36.55,住,,,1110911,土地1建物1車位1,五層,十四層,住宅大樓(11層含以上有電梯),住家用,1010625.0,182.73,3,2,2,有,有,35500000,194276.0,坡道平面,0.0,0,其他增建；,RPWPMLSKIIHGFBA08DA,101.51,0.0,10.16,有,1074.0,10.0
內湖區,房地(土地+建物)+車位,內湖路二段２５３巷５８號五樓之２,30.08,住,,,1110909,土地1建物1車位1,五層,十一層,住宅大樓(11層含以上有電梯),住家用,980923.0,172.66,4,2,2,有,有,37380000,216495.0,坡道平面,0.0,0,陽台外推；,RPQQMLSKIIHGFCA77EA,98.26,4.83,7.79,有,,13.0
文山區,房地(土地+建物),木新路二段６６巷８號二樓,29.82,住,,,1110918,土地1建物1車位0,二層,六層,華廈(10層含以下有電梯),住家用,860217.0,95.21,3,1,2,有,有,16880000,177292.0,,0.0,0,陽台外推；夾層；其他增建；,RPWNMLQLRHHGFAA48DA,59.04,3.52,7.34,有,,26.0
士林區,房地(土地+建物),中山北路六段４５０巷３３號四樓,33.05,住,,,1110918,土地1建物1車位0,四層,五層,公寓(5樓含以下無電梯),住家用,740108.0,125.66,4,2,2,有,無,22500000,179055.0,,0.0,0,陽台外推；,RPUNMLPKIIHGFEA67DA,105.19,0.0,10.46,無,,38.0
士林區,房地(土地+建物)+車位,雨農路６４號三樓之１,45.53,住,,,1110910,土地1建物1車位1,三層,十二層,住宅大樓(11層含以上有電梯),住家用,940505.0,200.59,3,2,2,有,有,33880000,168902.0,坡道平面,0.0,0,陽台加窗。車位資訊：地下一層或地下二層需定期抽籤,RPXNMLKMRHHGFEA48DA,106.02,0.0,10.18,有,,17.0
士林區,房地(土地+建物),忠誠路二段７號十樓,21.71,住,,,1110906,土地3建物1車位0,十層,十四層,住宅大樓(11層含以上有電梯),住家用,751231.0,194.0,4,2,2,有,有,53000000,273196.0,,0.0,0,陽台外推；其他增建；,RPXNMLOJIIHGFEA77DA,139.59,0.68,17.72,有,1078.0,36.0
內湖區,房地(土地+建物),康樂街７２巷１７弄８７號三樓,30.65,住,,,1110918,土地1建物1車位0,三層,五層,公寓(5樓含以下無電梯),住家用,730727.0,93.58,3,2,2,有,無,14320000,153024.0,,0.0,0,陽台外推；其他增建；,RPOQMLQJIIHGFCA17DA,83.44,0.0,10.14,無,,38.0
松山區,房地(土地+建物),寶清街１８之５號二樓,25.25,住,,,1110915,土地1建物1車位0,二層，陽臺,四層,公寓(5樓含以下無電梯),住家用,640220.0,73.3,2,1,1,有,無,11520000,157162.0,,0.0,0,,RPTOMLSKIIHGFDA97EA,73.3,0.0,0.0,無,,48.0
萬華區,房地(土地+建物),和平西路三段３０２巷３弄２１號三樓,22.75,住,,,1110910,土地2建物1車位0,三層,四層,公寓(5樓含以下無電梯),住家用,600414.0,66.25,3,1,1,有,無,8000000,120755.0,,0.0,0,陽台外推；其他增建；,RPQOMLSKIIHGFBA37DA,61.85,0.0,4.4,無,,51.0
北投區,房地(土地+建物),吉利街３２０巷２弄４號,23.12,住,,,1110919,土地1建物1車位0,一層,四層,公寓(5樓含以下無電梯),住家用,600317.0,56.96,2,2,2,有,無,9800000,172051.0,,0.0,0,其他增建；,RPQPMLPJIIHGFEA37DA,45.16,4.49,0.0,無,,52.0
內湖區,房地(土地+建物)+車位,文德路２１０巷３０弄１０２號四樓之１,36.76,住,,,1110930,土地1建物1車位1,四層,十四層,住宅大樓(11層含以上有電梯),住家用,911031.0,226.04,4,2,2,有,有,43500000,192444.0,坡道平面,0.0,0,陽台外推；,RPQOMLMKIIHGFCA86DA,147.0,0.0,9.9,有,,20.0
士林區,房地(土地+建物),中山北路六段１９５巷１８弄４之１號二樓,41.23,住,,,1110917,土地1建物1車位0,二層,四層,公寓(5樓含以下無電梯),住家用,640222.0,94.43,3,2,2,有,無,17500000,185322.0,,0.0,0,現況格局另有一室無法擺床,RPRNMLRKRHHGFEA38DA,94.43,0.0,0.0,無,,48.0
內湖區,房地(土地+建物)+車位,文德路２０８巷４０號八樓之１,31.66,住,,,1110918,土地1建物1車位1,八層,十一層,住宅大樓(11層含以上有電梯),住家用,831229.0,195.09,3,2,2,有,有,39600000,202983.0,坡道平面,0.0,0,陽台外推；其他增建；,RPOQMLNJIIHGFCA86DA,146.92,0.62,12.61,有,,28.0
大安區,房地(土地+建物)+車位,金山南路二段１８８號二十三樓之１,20.16,住,,,1110930,土地4建物1車位1,二十三層,二十四層,住宅大樓(11層含以上有電梯),住家用,1080910.0,176.17,0,0,0,無,有,74100000,539962.0,坡道平面,45.42,3500000,土地總價:4942萬建物總價:2118萬車位:350萬,RPXNMLSKIIHGFFA48EA,82.79,0.0,6.28,有,,3.0
大安區,房地(土地+建物)+車位,金山南路二段１８８號二十三樓之３,20.29,住,,,1110930,土地4建物1車位1,二十三層,二十四層,住宅大樓(11層含以上有電梯),住家用,1080910.0,177.0,0,0,0,無,有,74600000,540315.0,坡道平面,45.42,3500000,土地總價:4977萬建物總價:2133萬車位:350萬,RPPOMLSKIIHGFFA77EA,83.38,0.0,6.26,有,,3.0
中山區,房地(土地+建物)+車位,建國北路三段７１號十一樓之７,11.86,住,,,1110918,土地2建物1車位1,十一層,十四層,住宅大樓(11層含以上有電梯),住家用,1041016.0,118.88,3,2,1,有,有,28580000,264256.0,坡道平面,22.08,3000000,房屋價格為25580000元整。夾層；其他增建；,RPOOMLMLRHHGFCA57DA,52.09,3.81,5.34,有,1083.0,7.0
士林區,房地(土地+建物)+車位,天母北路９巷１之１號二樓,26.39,住,,,1110908,土地1建物1車位1,二層,四層,華廈(10層含以下有電梯),住家用,1050526.0,82.53,1,1,1,有,無,19000000,279085.0,塔式車位,20.9,1800000,,RPSQMLOKIIHGFEA67DA,30.49,2.62,4.53,有,,6.0
北投區,房地(土地+建物),尊賢街２４９巷３４號二樓,35.75,住,,,1110929,土地1建物1車位0,二層,四層,公寓(5樓含以下無電梯),住家用,630905.0,110.74,3,1,2,有,無,18000000,162543.0,,0.0,0,,RPRQMLSKIIHGFEA08EA,94.4,0.0,16.34,無,,48.0
大安區,房地(土地+建物)+車位,金山南路二段１８８號二十三樓之２,20.11,住,,,1110930,土地4建物1車位1,二十三層,二十四層,住宅大樓(11層含以上有電梯),住家用,1080910.0,175.89999999999998,0,0,0,無,有,73700000,538013.0,坡道平面,45.42,3500000,土地總價:4914萬建物總價:2106萬車位:350萬,RPOOMLSKIIHGFFA67EA,82.61,0.0,6.28,有,,3.0
大安區,房地(土地+建物),敦化南路一段２３３巷３１號二樓之７,6.16,住,,,1110930,土地1建物1車位0,二層,十層,華廈(10層含以下有電梯),住家用,760709.0,43.56,0,0,0,無,有,12500000,286961.0,,0.0,0,陽台外推；,RPVNMLSKIIHGFFA18DA,25.04,0.0,4.21,有,,35.0
士林區,房地(土地+建物),士東路２６６巷３弄１５號五樓,29.89,住,,,1110921,土地5建物1車位0,五層,五層,公寓(5樓含以下無電梯),住家用,690429.0,100.63,5,3,3,有,無,17300000,171917.0,,0.0,0,陽台加窗陽台外推；頂樓加蓋；其他增建；,RPPNMLPKIIHGFEA17DA,88.0,0.0,12.63,無,1084.0,42.0
內湖區,房地(土地+建物),內湖路三段６０巷１２弄７４號二樓之３,11.64,住,,,1110904,土地1建物1車位0,二層,八層,華廈(10層含以下有電梯),住家用,830804.0,37.95,1,1,1,有,有,7700000,202899.0,,0.0,0,陽台外推；,RPSPMLRKIIHGFCA67DA,25.72,1.9,3.81,有,1085.0,28.0
中正區,房地(土地+建物),羅斯福路三段２４４巷１０弄１７號二樓,35.1,住,,,1110929,土地1建物1車位0,二層，陽臺,五層,公寓(5樓含以下無電梯),住家用,,113.68,4,2,2,有,無,26180000,230296.0,,0.0,0,,RPTNMLSJPHHGFAA08EA,113.68,0.0,0.0,無,,
北投區,房地(土地+建物)+車位,石牌路二段３５７巷９之１號三樓,75.44,住,,,1110908,土地1建物1車位1,三層,五層,華廈(10層含以下有電梯),住家用,770905.0,255.93,4,2,2,有,有,45150000,176415.0,坡道平面,0.0,2500000,陽台外推；其他增建；,RPVPMLQJIIHGFEA97DA,173.46,3.8,20.65,有,,34.0
文山區,房地(土地+建物),試院路６４之１號,87.12,住,,,1110903,土地1建物2車位0,一層,四層,公寓(5樓含以下無電梯),住家用,850504.0,180.51,9,2,4,有,無,20000000,110797.0,,0.0,0,其他增建；,RPUOMLKMRHHGFAA87DA,71.97,8.64,0.0,無,,26.0
大安區,房地(土地+建物)+車位,大安路二段１１８號六樓,30.26,住,,,1110914,土地1建物1車位1,六層,七層,華廈(10層含以下有電梯),住家用,741210.0,178.78,3,2,2,有,有,45000000,251706.0,坡道平面,0.0,0,車位編號：B1-2號。,RPROMLNLRHHGFFA28DA,143.84,0.0,13.16,有,,37.0
信義區,房地(土地+建物),吳興街３６１巷１弄７號二樓,33.25,住,,,1110914,土地1建物1車位0,二層，陽臺,四層,公寓(5樓含以下無電梯),住家用,,88.7,3,2,2,有,無,20600000,232244.0,,0.0,0,,RPWOMLSKIIHGFDA28EA,88.7,0.0,0.0,無,1090.0,
北投區,房地(土地+建物),石牌路二段３４８巷１５號二樓之１,15.53,住,,,1110910,土地1建物1車位0,二層,六層,華廈(10層含以下有電梯),住家用,821231.0,57.44,1,1,1,有,有,10600000,184540.0,,0.0,0,其他增建；,RPVOMLSLRHHGFEA09DA,36.83,1.23,0.0,有,,29.0
內湖區,房地(土地+建物),康寧路三段９９巷１０弄８號四樓,25.77,住,,,1110919,土地1建物1車位0,四層,五層,公寓(5樓含以下無電梯),住家用,741017.0,96.32,3,2,2,有,無,15600000,161960.0,,0.0,0,其他增建；,RPOPMLLKIIHGFCA66DA,78.78,0.0,9.14,無,,37.0
文山區,房地(土地+建物),興隆路二段２７５巷１弄８號十一樓之１,17.72,住,,,1110922,土地2建物1車位0,十一層,十三層,住宅大樓(11層含以上有電梯),住家用,831018.0,70.73,2,1,1,有,有,13000000,183798.0,,0.0,0,,RPWNMLLLIIHGFAA27EA,44.57,0.0,5.9,有,,28.0
文山區,房地(土地+建物)+車位,辛亥路四段７７巷１０４號八樓,87.56,住,,,1110901,土地2建物1車位1,八層,十三層,住宅大樓(11層含以上有電梯),住家用,840516.0,178.70000000000002,4,2,2,有,有,22500000,146985.0,坡道平面,39.23,2000000,,RPWNMLKLIIHGFAA07DA,155.61,1.71,11.42,有,,27.0
北投區,房地(土地+建物),文化三路１０２號三樓,45.21,,,,1110927,土地2建物1車位0,三層,七層,華廈(10層含以下有電梯),住家用,750312.0,141.25,3,2,2,有,有,18880000,133664.0,,0.0,0,,RPWNMLKLIIHGFEA57EA,92.05,0.0,10.24,有,1096.0,37.0
中山區,房地(土地+建物),龍江路４１５巷２７號二樓,27.9,住,,,1110919,土地1建物1車位0,二層,五層,公寓(5樓含以下無電梯),住家用,750805.0,104.02,3,2,2,有,無,16700000,160546.0,,0.0,0,,RPXNMLKLIIHGFCA47EA,86.44,0.0,8.93,無,,36.0
信義區,房地(土地+建物),林口街８０巷１５號四樓,40.5,住,,,1110924,土地2建物1車位0,四層,四層,公寓(5樓含以下無電梯),住家用,620323.0,81.55,5,3,2,有,無,18700000,229307.0,,0.0,0,頂樓加蓋；,RPWNMLKLIIHGFDA47EA,81.55,0.0,0.0,無,,50.0
北投區,房地(土地+建物),大度路三段３０１巷１２８弄５號,29.95,住,,,1110922,土地2建物1車位0,一層,四層,公寓(5樓含以下無電梯),住家用,740126.0,79.25,4,2,1,有,無,9400000,118612.0,,0.0,0,未登記建物；,RPSOMLOJIIHGFEA37DA,73.82,5.43,0.0,無,1098.0,38.0
萬華區,房地(土地+建物),西園路二段３７２巷１５弄１２號四樓,15.34,住,,,1110929,土地1建物1車位0,四層,五層,公寓(5樓含以下無電梯),住家用,650820.0,50.3,2,1,1,有,無,4480000,89066.0,,0.0,0,,RPPOMLSKIIHGFBA27DA,40.69,0.0,4.56,無,,46.0
北投區,房地(土地+建物)+車位,稻香路１６１巷７號十樓之１,22.53,住,,,1110918,土地1建物1車位2,十層,十一層,住宅大樓(11層含以上有電梯),住家用,930312.0,117.06,3,2,1,有,有,15150000,129410.0,升降機械,0.0,0,陽台外推；夾層；其他增建；,RPVNMLLKIIHGFEA37DA,51.29,5.36,2.89,有,1099.0,19.0
大安區,房地(土地+建物)+車位,信義路三段１１１巷６號四樓,36.43,住,,,1110906,土地1建物1車位1,四層,六層,華廈(10層含以下有電梯),住家用,941018.0,128.6,3,1,2,有,無,37800000,293935.0,其他,0.0,0,陽台外推；其他增建；,RPSNMLQLRHHGFFA58DA,58.11,0.0,13.97,有,,17.0
文山區,房地(土地+建物)+車位,辛亥路四段２０９巷２０號二十一樓,16.31,住,,,1110916,土地1建物1車位1,二十一層,二十六層,住宅大樓(11層含以上有電梯),住家用,1090430.0,145.88,3,2,2,有,有,33380000,278167.0,坡道平面,33.07,2000000,,RPUNMLSJPHHGFAA18EA,65.48,5.55,6.53,有,,2.0
信義區,房地(土地+建物),吳興街６００巷９８弄１１號二樓,20.92,住,,,1110902,土地3建物1車位0,二層,五層,公寓(5樓含以下無電梯),住家用,801130.0,79.62,2,2,1,有,無,12250000,153856.0,,0.0,0,,RPOOMLTKRHHGFDA38EA,64.44,0.43,7.88,無,,31.0
松山區,房地(土地+建物),南京東路四段５３巷８弄１７號四樓,27.97,住,,,1110923,土地2建物1車位0,四層,七層,華廈(10層含以下有電梯),住家用,,136.49,3,2,2,有,有,31000000,227123.0,,0.0,0,,RPUOMLTKRHHGFDA98EA,104.72,0.0,18.55,有,,45.0
士林區,房地(土地+建物),中山北路七段２１９巷８號七樓之３,31.77,住,,,1110920,土地1建物1車位0,七層,七層,華廈(10層含以下有電梯),住家用,780817.0,180.38,2,2,3,有,有,31000000,171859.0,,0.0,0,,RPSNMLKLIIHGFEA17EA,103.27,0.99,21.38,有,,33.0
信義區,房地(土地+建物),永吉路２２５巷１６弄２號三樓,41.25,住,,,1110901,土地1建物1車位0,三層,四層,公寓(5樓含以下無電梯),住家用,661209.0,107.12,3,2,2,有,無,19060000,177931.0,,0.0,0,,RPPOMLKLIIHGFDA86EA,95.15,0.0,11.97,無,,45.0
信義區,房地(土地+建物),松德路２５巷４號二樓,12.65,住,,,1110912,土地2建物1車位0,二層,十四層,住宅大樓(11層含以上有電梯),住家用,740620.0,111.87,2,2,2,有,有,26580000,237576.0,,0.0,0,陽台外推；,RPRPMLTKRHHGFDA78EA,83.92,0.0,9.14,有,1101.0,37.0
萬華區,房地(土地+建物),寶興街１３６號四樓,25.19,住,,,1110922,土地1建物1車位0,四層,五層,公寓(5樓含以下無電梯),住家用,701229.0,95.89,3,2,1,有,無,12080000,125978.0,,0.0,0,其他增建；,RPTOMLNKIIHGFBA17DA,82.52,0.0,13.37,無,,41.0
大安區,房地(土地+建物)+車位,建國南路一段２８６巷７號四樓,55.58,住,,,1110901,土地1建物2車位1,四層,六層,華廈(10層含以下有電梯),住家用,1010426.0,214.68,3,2,2,有,有,69500000,323738.0,一樓平面,0.0,0,,RPPNMLNKIIHGFFA07DA,125.86,13.28,15.6,有,1104.0,10.0
中山區,房地(土地+建物)+車位,建國北路三段７１號十四樓之２,10.38,住,,,1110912,土地2建物1車位1,十四層,十四層,住宅大樓(11層含以上有電梯),住家用,1041016.0,104.1,2,1,1,有,有,23900000,266718.0,坡道平面,26.49,3200000,夾層；其他增建；,RPVPMLRLRHHGFCA88DA,42.52,2.29,4.31,有,1105.0,7.0
文山區,房地(土地+建物)+車位,興隆路三段３０４巷３２之１２號二樓,18.02,住,,,1110919,土地2建物1車位1,二層,七層,華廈(10層含以下有電梯),住家用,1030314.0,115.57,1,2,1,有,有,14660000,152297.0,坡道平面,31.13,1800000,其他增建；,RPPOMLLLIIHGFAA56DA,44.93,7.09,4.01,有,1106.0,9.0
士林區,房地(土地+建物)+車位,芝玉路一段２００號十七樓,50.63,住,,,1110930,土地1建物1車位2,十七層,十九層,住宅大樓(11層含以上有電梯),住家用,850207.0,272.73,3,2,2,有,有,46000000,228935.0,坡道平面,93.64,5000000,,RPQNMLOLIIHGFEA37EA,127.86,2.2,18.37,有,,27.0
士林區,房地(土地+建物),福林路２５１巷８號二樓之１,11.22,住,,,1110922,土地2建物1車位0,二層,八層,華廈(10層含以下有電梯),住家用,1040520.0,48.34,1,1,1,有,有,14000000,289615.0,,0.0,0,,RPQOMLLKIIHGFEA96DA,27.18,2.2,2.04,有,1108.0,7.0
中山區,房地(土地+建物),德惠街１９２號五樓,23.25,住,,,1110916,土地1建物1車位0,五層,五層,公寓(5樓含以下無電梯),住家用,720208.0,122.89,3,2,2,有,無,18800000,152982.0,,0.0,0,其他增建:增建物約20坪左右陽台外推；夾層；,RPTOMLKLIIHGFCA17EA,70.85,27.04,17.91,無,,40.0
文山區,房地(土地+建物),三福街５３號三樓,38.73,住,,,1110924,土地1建物1車位0,三層，陽臺,四層,公寓(5樓含以下無電梯),住家用,640219.0,107.77,3,2,2,有,無,16880000,156630.0,,0.0,0,陽台外推；,RPRPMLKMRHHGFAA67DA,107.77,0.0,0.0,無,,48.0
文山區,房地(土地+建物),樟新街５６巷２２號五樓,65.66,住,,,1110903,土地3建物1車位0,五層，六層,六層,華廈(10層含以下有電梯),住家用,791127.0,223.04,6,2,3,有,有,26700000,119709.0,,0.0,0,,RPQNMLOLIIHGFAA96EA,146.65,41.04,19.25,有,,32.0
文山區,房地(土地+建物),辛亥路五段９０號七樓,29.43,住,,,1110928,土地1建物1車位0,七層,七層,華廈(10層含以下有電梯),住家用,720211.0,169.59,4,2,2,有,有,26000000,153311.0,,0.0,0,,RPSOMLSLRHHGFAA38DA,126.57,0.0,26.37,有,,40.0
大安區,房地(土地+建物),建國南路一段３３５號十樓,12.14,住,,,1110921,土地1建物1車位0,十層,十四層,住宅大樓(11層含以上有電梯),住家用,750520.0,92.02,3,2,1,有,有,25980000,282361.0,,0.0,0,其他增建；,RPPOMLOKIIHGFFA27DA,66.2,0.7,10.29,有,,36.0
文山區,房地(土地+建物)+車位,汀州路四段２２１號三樓,36.6,住,,,1110904,土地1建物1車位1,三層,十四層,住宅大樓(11層含以上有電梯),住家用,991105.0,189.82,3,2,2,有,有,33500000,176483.0,坡道平面,0.0,0,,RPPNMLPKIIHGFAA76DA,102.96,0.0,11.77,有,,12.0
北投區,房地(土地+建物),大度路三段２２１號六樓,23.64,住,,,1110921,土地1建物1車位0,六層,十五層,住宅大樓(11層含以上有電梯),住家用,791105.0,143.18,3,2,2,有,有,20600000,143885.0,,0.0,0,陽台外推；其他增建；,RPPNMLKMRHHGFEA67DA,123.51,0.0,11.65,有,,32.0
士林區,房地(土地+建物),中山北路五段７３２號六樓,28.6,住,,,1110916,土地1建物1車位0,六層,七層,華廈(10層含以下有電梯),住家用,721018.0,144.39,3,2,3,有,無,27500000,190456.0,,0.0,0,陽台外推；其他增建；,RPOQMLOJIIHGFEA17DA,115.5,0.0,21.27,有,,39.0
內湖區,房地(土地+建物),陽光街１６１巷１２之２７號,19.42,住,,,1110923,土地1建物1車位0,一層,五層,華廈(10層含以下有電梯),住家用,1080716.0,37.7,1,1,1,有,有,9700000,257294.0,,0.0,0,其他增建；,RPSNMLOKIIHGFCA17DA,23.05,0.0,0.0,有,1111.0,3.0
南港區,房地(土地+建物)+車位,興東街２９號四樓之１,30.42,住,,,1110921,土地1建物1車位1,四層,七層,華廈(10層含以下有電梯),住家用,841117.0,114.09,2,1,1,有,有,21650000,189762.0,升降機械,25.33,0,,RPSNMLLLIIHGFDA17EA,61.86,2.0,7.87,有,,27.0
信義區,房地(土地+建物)+車位,信義路五段１５０巷４９９號八樓之６,25.3,住,,,1110913,土地1建物1車位1,八層,十六層,住宅大樓(11層含以上有電梯),住家用,851209.0,136.33,2,2,2,有,有,20000000,146703.0,坡道機械,0.0,0,,RPXNMLLLIIHGFDA67EA,79.41,4.08,7.91,有,1113.0,26.0
士林區,房地(土地+建物)+車位,中山北路七段３８巷１３號四樓,48.96,住,,,1110929,土地1建物1車位2,四層,十二層,住宅大樓(11層含以上有電梯),住家用,970904.0,267.16,4,2,2,有,有,69500000,294672.0,坡道機械,44.2,3800000,,RPVPMLKMRHHGFEA48DA,129.68,2.83,16.35,有,,14.0
信義區,房地(土地+建物),信義路五段９１巷１２弄１號六樓之３,8.91,住,,,1110918,土地1建物1車位0,六層,七層,華廈(10層含以下有電梯),住家用,971224.0,32.9,1,0,1,有,有,13000000,395137.0,,0.0,0,,RPQNMLLLIIHGFDA96EA,18.6,2.77,0.0,有,1114.0,14.0
北投區,房地(土地+建物),自強街６１巷２５號五樓,40.97,住,,,1110930,土地1建物1車位0,五層,五層,公寓(5樓含以下無電梯),住家用,770524.0,143.31,3,2,2,有,無,19000000,132580.0,,0.0,0,其他增建；,RPRNMLOKIIHGFEA27DA,96.3,27.39,9.8,無,,34.0
內湖區,房地(土地+建物),東湖路４３巷３０號四樓,27.92,住,,,1110906,土地1建物1車位0,四層,五層,公寓(5樓含以下無電梯),住家用,740213.0,102.35,7,0,2,有,無,15880000,155154.0,,0.0,0,,RPWNMLLLIIHGFCA37DA,88.46,0.0,13.89,無,1115.0,38.0
內湖區,房地(土地+建物)+車位,星雲街１２７號四樓之１,19.55,住,,,1110930,土地1建物1車位1,四層,十四層,住宅大樓(11層含以上有電梯),住家用,931222.0,153.29000000000002,3,2,2,有,有,39200000,255724.0,坡道平面,0.0,0,陽台外推；,RPVQMLOJIIHGFCA67DA,76.78,4.99,5.49,有,,18.0
士林區,房地(土地+建物),芝玉路二段８８巷８號三樓,31.51,住,,,1110917,土地1建物1車位0,三層,五層,公寓(5樓含以下無電梯),住家用,670201.0,92.88,3,2,1,有,無,16880000,181740.0,,0.0,0,前陽台外推 陽台加窗增建依使用現況交屋,RPWNMLNKIIHGFEA67DA,81.4,0.0,11.48,無,,45.0
松山區,房地(土地+建物),敦化北路４巷３１號三樓之４,12.42,住,,,1110924,土地3建物1車位0,三層，露台,七層,華廈(10層含以下有電梯),住家用,590728.0,56.18,2,1,1,有,有,15500000,275899.0,,0.0,0,,RPTNMLLLIIHGFDA27EA,47.76,0.0,0.0,有,1116.0,52.0
士林區,房地(土地+建物),社子街１２６巷１０號二樓,25.67,住,,,1110915,土地1建物1車位0,二層,三層,公寓(5樓含以下無電梯),住家用,610209.0,64.69,3,1,1,有,無,8800000,136033.0,,0.0,0,,RPVQMLSKIIHGFEA38DA,64.69,0.0,0.0,無,,51.0
北投區,房地(土地+建物),知行路２４５巷１８號五樓,17.12,住,,,1110913,土地2建物1車位0,五層,五層,公寓(5樓含以下無電梯),住家用,680705.0,65.28,3,2,1,有,無,6000000,91912.0,,0.0,0,,RPUNMLLLIIHGFEA37DA,54.22,0.0,11.06,無,,43.0
信義區,房地(土地+建物),吳興街６００巷５１弄１６號五樓,23.88,住,,,1110924,土地1建物1車位0,五層,五層,公寓(5樓含以下無電梯),住家用,681212.0,89.95,3,2,2,有,無,16000000,177877.0,,0.0,0,陽台外推；,RPQPMLTKRHHGFDA68EA,77.73,0.0,12.22,無,,43.0
內湖區,房地(土地+建物)+車位,文湖街２１巷１１８弄１６號二樓,34.21,住,,,1110903,土地1建物1車位1,二層,七層,華廈(10層含以下有電梯),住家用,1010426.0,178.76,2,2,1,有,有,28000000,156635.0,坡道平面,0.0,0,陽台外推；,RPUQMLOKRHHGFCA48DA,81.2,1.5,8.53,有,1120.0,10.0
文山區,房地(土地+建物)+車位,育英街８３號三樓之１,18.21,住,,,1110903,土地1建物1車位1,三層,七層,華廈(10層含以下有電梯),住家用,1100120.0,97.76,1,1,1,有,有,18080000,237608.0,升降機械,27.35,1350000,,RPPNMLOLIIHGFAA76DA,39.2,2.59,6.26,有,,2.0
大安區,房地(土地+建物),忠孝東路四段２１６巷２７弄１４號五樓,27.74,住,,,1110927,土地1建物1車位0,五層，陽臺,七層,華廈(10層含以下有電梯),住家用,660114.0,138.43,3,2,2,有,無,37000000,267283.0,,0.0,0,其他增建；,RPUNMLKMRHHGFFA28DA,124.44,0.0,0.0,有,,46.0
內湖區,房地(土地+建物),成功路二段３１２巷２３號五樓,27.35,住,,,1110922,土地1建物1車位0,五層,五層,公寓(5樓含以下無電梯),住家用,681205.0,101.73,3,2,2,有,無,14000000,137619.0,,0.0,0,,RPOPMLRKIIHGFCA27DA,88.57,0.0,13.16,無,,43.0
內湖區,房地(土地+建物),金龍路１６９號二樓,22.49,住,,,1110908,土地1建物1車位0,二層,五層,公寓(5樓含以下無電梯),住家用,760109.0,71.14,2,1,1,有,無,10000000,140568.0,,0.0,0,,RPTNMLPJIIHGFCA27DA,55.63,0.0,8.76,無,,36.0
內湖區,房地(土地+建物)+車位,民權東路六段２１３之７號,109.93,住,,,1110906,土地2建物1車位2,全,四層,透天厝,住家用,960515.0,287.65999999999997,5,4,4,有,有,54000000,187722.0,坡道平面,25.74,0,,RPXPMLPJIIHGFCA87DA,167.18,3.46,35.83,無,,15.0
士林區,房地(土地+建物),德行東路９０巷２１弄２號五樓,37.42,住,,,1110911,土地1建物1車位0,五層,五層,公寓(5樓含以下無電梯),住家用,730330.0,138.09,5,3,3,有,無,21750000,157506.0,,0.0,0,內梯增建陽台外推；頂樓加蓋；其他增建；,RPTOMLOLIIHGFEA67DA,111.22,0.0,26.87,無,,38.0
內湖區,房地(土地+建物),成功路四段６１巷３５弄５號之１五樓,24.62,住,,,1110912,土地1建物1車位0,五層,五層,公寓(5樓含以下無電梯),住家用,720809.0,80.39999999999999,2,2,1,有,無,16400000,203980.0,,0.0,0,陽台外推；,RPOOMLPLIIHGFCA17EA,65.12,0.0,8.2,無,,39.0
北投區,房地(土地+建物),中央北路三段４０巷３８弄２２之１號,15.11,住,,,1110927,土地1建物1車位0,一層,七層,華廈(10層含以下有電梯),住家用,1100118.0,77.88,2,2,1,有,有,15150000,194530.0,,0.0,0,,RPTPMLOLIIHGFEA77DA,46.67,0.0,5.49,有,,2.0
松山區,房地(土地+建物)+車位,三民路２９巷３號十一樓之２,44.14,住,,,1110928,土地2建物1車位1,十一層,十三層,住宅大樓(11層含以上有電梯),住家用,931111.0,207.28000000000003,4,2,2,有,有,53880000,259938.0,坡道平面,0.0,0,,RPPOMLNJIIHGFDA86DA,115.93,4.07,11.02,有,,18.0
中正區,房地(土地+建物),羅斯福路二段３０巷１２號三樓,25.8,住,,,1110905,土地1建物1車位0,三層,五層,公寓(5樓含以下無電梯),住家用,730705.0,97.12,3,2,2,有,無,25500000,262562.0,,0.0,0,陽台外推；,RPOOMLOLIIHGFAA76DA,78.44,0.0,18.68,無,,38.0
士林區,房地(土地+建物)+車位,中山北路六段４４１巷２６號七樓之１,37.6,住,,,1110912,土地1建物1車位2,七層,十四層,住宅大樓(11層含以上有電梯),住家用,990517.0,283.76,3,2,3,有,有,63200000,276182.0,坡道平面,76.66,6000000,雨遮加蓋其他增建；,RPOOMLLLIIHGFEA86DA,116.81,14.64,6.34,有,,12.0
北投區,房地(土地+建物),東華街二段１９０號二樓,30.04,住,,,1110923,土地1建物1車位0,二層,五層,公寓(5樓含以下無電梯),住家用,731101.0,111.89,3,2,2,有,無,21000000,187684.0,,0.0,0,其他增建；,RPVOMLQJIIHGFEA87DA,87.57,0.0,11.36,無,,38.0
中山區,房地(土地+建物),新生北路三段４３號十樓之８,6.57,住,,,1110922,土地2建物1車位0,十層,十一層,住宅大樓(11層含以上有電梯),住家用,670301.0,51.73,0,0,0,無,有,9600000,185579.0,,0.0,0,,RPOPMLKLIIHGFCA66DA,35.62,0.0,3.09,有,,45.0
萬華區,房地(土地+建物),萬大路４９３巷５０號三樓,34.22,住,,,1110919,土地2建物1車位0,三層,五層,公寓(5樓含以下無電梯),住家用,750909.0,112.87,3,2,2,有,無,15580000,138035.0,,0.0,0,陽台外推；,RPSNMLLLIIHGFBA86DA,92.95,0.0,19.92,無,,36.0
北投區,房地(土地+建物),中和街５０７巷３弄５號三樓,44.0,住,,,1110918,土地2建物1車位0,三層,四層,公寓(5樓含以下無電梯),住家用,640221.0,98.81,3,2,1,有,無,10800000,109301.0,,0.0,0,,RPXOMLLLIIHGFEA77DA,87.26,0.0,11.55,無,,48.0
內湖區,房地(土地+建物),康寧路一段２９０號十一樓之５,14.49,,,,1110922,土地4建物1車位0,十一層,十二層,住宅大樓(11層含以上有電梯),住家用,801021.0,47.540000000000006,1,1,1,有,有,10680000,224653.0,,0.0,0,,RPPPMLOLIIHGFCA27EA,27.66,1.19,3.78,有,,31.0
南港區,房地(土地+建物)+車位,東新街１３８號二樓,37.85,住,,,1110925,土地3建物1車位1,二層,十五層,住宅大樓(11層含以上有電梯),住家用,990331.0,241.08999999999995,4,2,2,有,有,51500000,228651.0,坡道平面,26.79,2500000,,RPPQMLTKRHHGFDA68EA,125.94,0.0,14.54,有,,12.0
內湖區,房地(土地+建物)+車位,星雲街１６６號七樓之１,21.76,住,,,1110919,土地1建物1車位1,七層,十六層,住宅大樓(11層含以上有電梯),住家用,841023.0,122.07,2,1,2,有,有,25500000,208897.0,坡道平面,0.0,2500000,,RPVPMLTKIIHGFCA18DA,103.85,2.25,6.21,有,,27.0
北投區,房地(土地+建物),大業路５２９號二樓之３,16.97,住,,,1110920,土地1建物1車位0,二層,十二層,住宅大樓(11層含以上有電梯),住家用,840915.0,91.79,2,1,1,有,有,13000000,141628.0,,0.0,0,,RPRNMLPLIIHGFEA57EA,40.47,18.23,0.0,有,1130.0,27.0
松山區,房地(土地+建物),光復北路３號九樓,18.94,住,,,1110916,土地2建物1車位0,九層,十二層,住宅大樓(11層含以上有電梯),住家用,771123.0,135.82,3,2,2,有,有,27000000,198793.0,,0.0,0,陽台外推；,RPQOMLOLIIHGFDA37EA,94.46,1.31,12.79,有,,34.0
北投區,房地(土地+建物),實踐街８２巷１號四樓,26.05,住,,,1110918,土地1建物1車位0,四層,六層,華廈(10層含以下有電梯),住家用,831102.0,85.03999999999999,3,2,1,有,有,20500000,241063.0,,0.0,0,陽台外推；其他增建；,RPRNMLQJIIHGFEA37DA,60.08,0.88,7.64,有,,28.0
文山區,房地(土地+建物),福興路７８巷２０弄５７號二樓,43.21,住,,,1110901,土地1建物1車位0,二層,五層,公寓(5樓含以下無電梯),住家用,781114.0,129.8,4,2,2,有,有,17780000,136980.0,,0.0,0,其他增建；,RPTNMLRJIIHGFAA27DA,111.35,0.62,11.53,無,,33.0
信義區,房地(土地+建物)+車位,忠孝東路五段７４３巷３１弄２５號九樓,18.44,住,,,1110908,土地1建物1車位1,九層,十六層,住宅大樓(11層含以上有電梯),住家用,1070824.0,154.13,3,2,2,有,有,48180000,373371.0,坡道平面,33.66,3200000,,RPQQMLTKRHHGFDA78EA,64.52,9.27,4.62,有,1132.0,4.0
士林區,房地(土地+建物)+車位,德行東路１９０巷３０弄１０號五樓,44.3,住,,,1110912,土地1建物1車位1,五層,十二層,住宅大樓(11層含以上有電梯),住家用,790216.0,191.27,4,2,2,有,有,42800000,223756.0,坡道平面,0.0,0,,RPPNMLQLIIHGFEA47EA,157.93,0.91,13.43,有,,33.0
中山區,房地(土地+建物)+車位,明水路３９７巷１９弄１０號六樓之２,22.91,住,,,1110927,土地1建物1車位1,六層,十二層,住宅大樓(11層含以上有電梯),住家用,880125.0,132.85,3,1,2,有,有,31400000,236357.0,坡道平面,39.14,0,,RPXOMLPLIIHGFCA08EA,104.54,0.0,8.08,有,,24.0
士林區,房地(土地+建物),文林路５８７巷１００號二樓,35.4,住,,,1110918,土地1建物1車位0,二層,五層,公寓(5樓含以下無電梯),住家用,700127.0,122.18,3,2,2,有,無,18020000,147487.0,,0.0,0,陽台外推；其他增建；,RPTNMLNJIIHGFEA27DA,109.31,0.0,12.87,無,,42.0
中山區,房地(土地+建物),北安路６２１巷６弄１５號三樓,27.0,住,,,1110925,土地1建物1車位0,三層,四層,公寓(5樓含以下無電梯),住家用,650817.0,76.87,3,2,1,有,無,16050000,208794.0,,0.0,0,其他增建；,RPUOMLPLIIHGFCA67DA,69.76,0.0,7.11,無,,46.0
大安區,房地(土地+建物),浦城街６巷１６號五樓,26.25,住,,,1110910,土地4建物1車位0,五層,五層,公寓(5樓含以下無電梯),住家用,711224.0,101.1,3,2,1,有,無,23800000,235410.0,,0.0,0,陽台外推；其他增建；,RPVNMLTLRHHGFFA56DA,74.6,0.0,26.5,無,,40.0
大安區,房地(土地+建物),安和路二段８８號五樓之２,22.06,住,,,1110919,土地2建物1車位0,五層,二十五層,住宅大樓(11層含以上有電梯),住家用,780810.0,228.22,3,2,2,有,有,67500000,295767.0,,0.0,0,陽台外推；其他增建；,RPPNMLKLIIHGFFA86DA,157.86,0.0,38.42,有,,33.0
萬華區,房地(土地+建物),寶興街１７７號二樓,15.33,住,,,1110915,土地3建物2車位0,二層,五層,公寓(5樓含以下無電梯),住家用,740516.0,63.54,2,2,1,有,無,9700000,152660.0,,0.0,0,陽台外推；其他增建；,RPTOMLOLIIHGFBA37DA,49.2,0.0,6.7,無,1134.0,37.0
內湖區,房地(土地+建物),港華街５１巷１弄１５號五樓,25.8,住,,,1110926,土地1建物1車位0,五層,五層,公寓(5樓含以下無電梯),住家用,701021.0,98.62,4,2,1,有,無,14000000,141959.0,,0.0,0,陽台外推；,RPQQMLOLIIHGFCA37DA,84.67,0.0,13.95,無,,41.0
士林區,房地(土地+建物),中山北路六段４５０巷１３號二樓,44.73,住,,,1110923,土地1建物1車位0,二層,四層,公寓(5樓含以下無電梯),住家用,660413.0,138.91,4,2,3,有,無,25000000,179973.0,,0.0,0,,RPWNMLOLIIHGFEA87DA,119.04,0.0,19.87,無,1137.0,45.0
士林區,房地(土地+建物),天玉街３８巷１１之１號,33.6,住,,,1110925,土地1建物1車位0,一層,五層,公寓(5樓含以下無電梯),住家用,680206.0,110.47,4,2,2,有,無,27500000,248936.0,,0.0,0,其他增建；,RPOQMLRJIIHGFEA47DA,93.29,17.18,0.0,無,,44.0
北投區,房地(土地+建物),大興街２３巷１１號四樓,34.69,住,,,1110915,土地1建物1車位0,四層,五層,公寓(5樓含以下無電梯),住家用,720112.0,122.26,3,2,2,有,有,19600000,160314.0,,0.0,0,,RPTOMLOJIIHGFEA47DA,97.42,2.19,11.25,無,,40.0
信義區,房地(土地+建物),吳興街４５５號二樓,27.86,住,,,1110913,土地1建物1車位0,二層,六層,華廈(10層含以下有電梯),住家用,780331.0,136.88,3,2,2,有,無,27000000,197253.0,,0.0,0,其他增建；,RPVTMLLKIIHGFDA87DA,96.81,3.52,11.12,有,,33.0
中正區,房地(土地+建物)+車位,仁愛路二段１０２號五樓,28.15,住,,,1110909,土地1建物1車位2,五層,十一層,住宅大樓(11層含以上有電梯),住家用,880506.0,237.77,3,2,2,有,有,69800000,321540.0,升降機械,33.14,4000000,,RPXNMLQLRHHGFBA68DA,136.36,0.0,11.78,有,,23.0
文山區,房地(土地+建物),興隆路四段６６巷１５號四樓,38.0,住,,,1110916,土地1建物1車位0,四層，陽臺,四層,公寓(5樓含以下無電梯),住家用,650519.0,79.7,3,2,1,有,無,11750000,147428.0,,0.0,0,陽台外推；,RPVOMLPJIIHGFAA37DA,79.7,0.0,0.0,無,,46.0
中正區,房地(土地+建物),汀州路一段１８２號五樓,17.83,住,,,1110921,土地2建物1車位0,五層,五層,公寓(5樓含以下無電梯),住家用,770517.0,81.08,3,0,3,有,無,14000000,172669.0,,0.0,0,陽台外推；頂樓加蓋；,RPROMLMKIIHGFAA76DA,66.68,0.0,7.74,無,,34.0
內湖區,房地(土地+建物),內湖路一段３３１之１號四樓,35.82,住,,,1110920,土地1建物1車位0,四層,五層,公寓(5樓含以下無電梯),住家用,740703.0,101.93,3,2,2,有,無,18500000,181497.0,,0.0,0,其他增建；,RPPPMLNKIIHGFCA96DA,92.43,0.0,9.5,無,,37.0
信義區,房地(土地+建物),中坡南路９０號四樓,31.89,住,,,1110920,土地1建物1車位0,四層,五層,公寓(5樓含以下無電梯),住家用,720603.0,118.71,3,2,2,有,無,19000000,160054.0,,0.0,0,其他增建；,RPXPMLTKRHHGFDA76EA,96.11,0.0,10.62,無,,39.0
北投區,房地(土地+建物),中央北路三段４０巷３８弄２號,30.25,住,,,1110922,土地1建物1車位0,一層,四層,公寓(5樓含以下無電梯),住家用,700324.0,86.42,3,2,1,有,無,12550000,145221.0,,0.0,0,其他增建；,RPRQMLPLIIHGFEA77DA,75.39,11.03,0.0,無,1142.0,41.0
北投區,房地(土地+建物)+車位,新民路５７號七樓之１,18.28,住,,,1110911,土地1建物2車位1,七層,七層,華廈(10層含以下有電梯),住家用,1020927.0,90.74,2,2,1,有,有,14060000,154948.0,塔式車位,12.26,0,,RPXNMLRKIIHGFEA18DA,38.28,4.86,7.72,有,,9.0
北投區,房地(土地+建物)+車位,榮華一路１０號六樓,18.18,住,,,1110924,土地1建物1車位1,六層,十層,華廈(10層含以下有電梯),住家用,1110815.0,127.93,3,2,1,有,有,31000000,306386.0,其他,34.91,2500000,,RPTPMLSKIIHGFEA08DA,53.88,0.0,5.17,有,,
中山區,房地(土地+建物),遼寧街２１１號七樓之４,16.19,住,,,1110925,土地1建物1車位0,七層,十五層,住宅大樓(11層含以上有電梯),住家用,750609.0,84.7,2,2,1,有,有,23000000,271547.0,,0.0,0,陽台外推；,RPQRMLTJQHHGFCA58EA,65.97,0.0,5.58,有,,36.0
中山區,房地(土地+建物),北安路６２１巷４０號二樓,35.0,住,,,1110914,土地1建物1車位0,二層,四層,公寓(5樓含以下無電梯),住家用,690130.0,98.49,3,2,2,有,無,21280000,216063.0,,0.0,0,,RPTOMLKLRHHGFCA87DA,85.21,0.0,13.28,無,,43.0
中山區,房地(土地+建物)+車位,敬業三路１６２巷１５４號二樓,43.31,住,,,1110917,土地1建物1車位1,二層,十層,華廈(10層含以下有電梯),住家用,890628.0,143.09,3,2,2,有,有,27200000,190090.0,坡道平面,0.0,0,陽台外推；,RPRNMLOLIIHGFCA17DA,71.49,0.0,7.62,有,,22.0
北投區,房地(土地+建物)+車位,西安街二段２０１號十一樓之５,17.03,住,,,1110909,土地1建物1車位1,十一層,十五層,住宅大樓(11層含以上有電梯),住家用,1110106.0,148.73000000000002,3,2,2,有,有,33990000,272176.0,坡道平面,34.87,3000000,,RPQPMLOLIIHGFEA47DA,62.72,5.95,4.98,有,1145.0,1.0
大安區,房地(土地+建物),和平東路二段７６巷３１弄１５號二樓之２,8.46,住,,,1110925,土地1建物1車位0,二層,六層,華廈(10層含以下有電梯),住家用,831125.0,33.07,0,1,1,有,有,10350000,312972.0,,0.0,0,其他增建；,RPQNMLOJIIHGFFA17DA,19.37,0.0,2.8,有,,28.0
南港區,房地(土地+建物),經貿一路５９號五樓之３,15.66,住,,,1110926,土地1建物1車位0,五層,九層,華廈(10層含以下有電梯),住家用,981001.0,36.17,1,1,1,有,有,9200000,254354.0,,0.0,0,陽台外推；,RPPNMLQLIIHGFDA27DA,20.91,0.92,1.59,有,1147.0,13.0
中山區,房地(土地+建物),新生北路三段７號三樓,10.85,住,,,1110924,土地1建物1車位0,三層,十二層,住宅大樓(11層含以上有電梯),住家用,710420.0,101.78,2,2,1,有,有,18500000,181765.0,,0.0,0,,RPQNMLOLIIHGFCA17EA,78.49,0.0,6.53,有,,40.0
士林區,房地(土地+建物),中山北路五段７４０巷２號三樓,37.25,住,,,1110903,土地1建物1車位0,三層，陽臺,三層,公寓(5樓含以下無電梯),住家用,640623.0,105.93,3,2,1,有,無,22500000,212404.0,,0.0,0,,RPWNMLPLIIHGFEA08EA,105.93,0.0,0.0,無,,47.0
文山區,房地(土地+建物),試院路６４號三樓,41.96,住,,,1110923,土地1建物1車位0,三層,四層,公寓(5樓含以下無電梯),住家用,850504.0,92.65,3,2,2,有,無,12500000,134916.0,,0.0,0,其他增建；,RPSOMLNKIIHGFAA96DA,72.0,1.64,7.97,無,,26.0
北投區,房地(土地+建物),文林北路８０巷６０弄１０號三樓,37.67,住,,,1110926,土地1建物1車位0,三層,三層,公寓(5樓含以下無電梯),住家用,621113.0,86.2,2,2,1,有,無,16800000,194896.0,,0.0,0,,RPVPMLPLIIHGFEA08DA,86.2,0.0,0.0,無,1149.0,49.0
士林區,房地(土地+建物),忠誠路二段９２號七樓,20.67,住,,,1110907,土地1建物1車位0,七層,十四層,住宅大樓(11層含以上有電梯),住家用,741205.0,144.78,4,2,2,有,有,35580000,245752.0,,0.0,0,陽台外推；,RPOPMLKLIIHGFEA86DA,120.94,4.81,12.83,有,1151.0,37.0
內湖區,房地(土地+建物),安康路４３４巷２０弄２０號四樓,11.65,住,,,1110909,土地1建物1車位0,四層,八層,華廈(10層含以下有電梯),住家用,850613.0,35.849999999999994,1,1,1,有,有,7830000,218410.0,,0.0,0,陽台外推；夾層；其他增建；,RPPNMLQLIIHGFCA17DA,20.52,0.0,2.97,有,1152.0,26.0
中山區,房地(土地+建物)+車位,松江路３８巷２３號,32.04,住,,,1110905,土地2建物1車位1,一層，見其他登記事項,十二層,住宅大樓(11層含以上有電梯),住家用,1080104.0,208.98,0,0,0,無,有,61000000,321693.0,坡道平面,30.86,3700000,,RPVNMLTLRHHGFCA88DA,99.03,2.01,16.12,有,,4.0
文山區,房地(土地+建物),試院路１４４巷４弄１４號三樓,11.73,住,,,1110928,土地7建物1車位0,三層,七層,華廈(10層含以下有電梯),住家用,840303.0,34.0,1,0,1,有,有,4750000,139706.0,,0.0,0,陽台外推；其他增建；,RPPOMLQLIIHGFAA07DA,19.54,0.74,2.5,有,,28.0
大安區,房地(土地+建物),臥龍街２７５號五樓,33.02,住,,,1110901,土地1建物1車位0,五層,七層,華廈(10層含以下有電梯),住家用,721230.0,152.73999999999998,4,2,2,有,無,26800000,175462.0,,0.0,0,陽台外推；其他增建；,RPWNMLNJIIHGFFA67DA,114.3,0.0,16.59,有,,39.0
中山區,房地(土地+建物),明水路３９７巷７弄６號四樓,8.29,住,,,1110912,土地1建物1車位0,四層,八層,華廈(10層含以下有電梯),住家用,840913.0,30.45,1,1,1,有,無,8900000,292282.0,,0.0,0,其他增建；,RPQQMLNLRHHGFCA08DA,18.98,0.85,3.33,有,,27.0
北投區,房地(土地+建物),大興街２４巷４弄９號二樓,29.46,住,,,1110924,土地1建物1車位0,二層,四層,公寓(5樓含以下無電梯),住家用,681224.0,90.74,3,2,1,有,無,16800000,185144.0,,0.0,0,其他增建；,RPUPMLRJIIHGFEA97DA,77.78,0.0,12.96,無,1154.0,43.0
士林區,房地(土地+建物),下樹林街７巷３號三樓,42.49,住,,,1110926,土地2建物1車位0,三層，陽臺,三層,公寓(5樓含以下無電梯),住家用,621022.0,85.54,4,2,2,有,無,12000000,140285.0,,0.0,0,基地號應要有3筆土地賣方原始取得僅有2筆土地頂樓加蓋；瑕疵物件；,RPQNMLMLIIHGFEA07DA,85.54,0.0,0.0,無,,49.0
大安區,房地(土地+建物),瑞安街２４４巷３７號三樓,35.5,住,,,1110924,土地1建物1車位0,三層,四層,公寓(5樓含以下無電梯),住家用,,90.39,3,2,1,有,無,23880000,264189.0,,0.0,0,陽台外推；,RPPSMLRKIIHGFFA97DA,90.39,0.0,0.0,無,,
北投區,房地(土地+建物),珠海路１２６號六樓,16.83,住,,,1110917,土地1建物1車位0,六層,七層,華廈(10層含以下有電梯),住家用,710226.0,134.3,3,2,3,有,無,17500000,130305.0,,0.0,0,陽台外推；其他增建；,RPTNMLRKIIHGFEA77DA,96.17,0.0,17.69,有,1155.0,41.0
大安區,房地(土地+建物),潮州街３５號六樓,11.57,住,,,1110929,土地2建物1車位0,六層,七層,華廈(10層含以下有電梯),住家用,780114.0,67.39,2,1,1,有,無,21000000,311619.0,,0.0,0,陽台外推；其他增建；,RPVOMLPLIIHGFFA08DA,47.26,2.31,7.19,有,1156.0,34.0
內湖區,房地(土地+建物),成功路三段１７４巷２０號四樓,37.0,住,,,1110930,土地1建物1車位0,四層,四層,公寓(5樓含以下無電梯),住家用,680308.0,94.77,4,2,1,有,無,14380000,151736.0,,0.0,0,,RPXNMLLLIIHGFCA47DA,90.02,0.0,4.75,無,,44.0
士林區,房地(土地+建物)+車位,承德路四段１９１號九樓,27.24,住,,,1110911,土地1建物2車位1,九層,十二層,住宅大樓(11層含以上有電梯),住家用,890815.0,191.95,4,2,2,有,有,36800000,191717.0,坡道平面,0.0,0,陽台外推；,RPQOMLPLIIHGFEA47DA,106.48,0.0,10.88,有,,22.0
北投區,房地(土地+建物),石牌路二段３６２號二樓,44.16,住,,,1110909,土地1建物1車位0,二層,七層,華廈(10層含以下有電梯),住家用,670411.0,139.65,3,2,2,有,有,18800000,134622.0,,0.0,0,陽台外推；,RPUNMLNKIIHGFEA47DA,120.65,0.0,19.0,有,,44.0
內湖區,房地(土地+建物),環山路一段１３６巷６９號三樓,32.97,住,,,1110911,土地7建物1車位0,三層,四層,公寓(5樓含以下無電梯),住家用,690424.0,93.56,3,2,2,有,有,15380000,164386.0,,0.0,0,其他增建；,RPSOMLNLRHHGFCA08DA,81.99,0.0,11.57,無,,42.0
內湖區,房地(土地+建物)+車位,金湖路４０１巷２０號八樓,43.32,住,,,1110908,土地1建物1車位1,八層,十四層,住宅大樓(11層含以上有電梯),住家用,880812.0,204.14,3,2,2,有,有,43000000,210640.0,坡道平面,44.38,0,陽台外推；,RPVOMLQLIIHGFCA87DA,114.75,0.0,10.65,有,,23.0
松山區,房地(土地+建物),延壽街４４０號三樓,39.2,住,,,1110927,土地1建物1車位0,三層,五層,公寓(5樓含以下無電梯),住家用,670620.0,131.82,3,2,2,有,無,35360000,268245.0,,0.0,0,,RPPQMLPLIIHGFDA47DA,121.94,0.0,9.88,無,,44.0
中正區,房地(土地+建物),延平南路２１６巷３號四樓,21.88,住,,,1110926,土地1建物1車位0,四層，陽臺,七層,華廈(10層含以下有電梯),住家用,630912.0,125.87,3,2,2,有,有,20000000,158894.0,,0.0,0,土地增值稅由買方支付＄764141元整,RPOOMLQLIIHGFAA07EA,109.97,0.0,0.0,有,,48.0
南港區,房地(土地+建物),興華路３０巷３０號三樓,21.03,住,,,1110913,土地1建物1車位0,三層,十三層,住宅大樓(11層含以上有電梯),住家用,790109.0,129.44,3,2,2,有,有,27000000,208591.0,,0.0,0,車位僅有使用權,RPPRMLPLIIHGFDA57DA,90.78,1.98,13.2,有,,33.0
內湖區,房地(土地+建物),內湖路三段３４３巷２弄１１號二樓,29.2,住,,,1110926,土地1建物1車位0,二層,五層,公寓(5樓含以下無電梯),住家用,690130.0,96.85,2,2,2,有,無,16250000,167785.0,,0.0,0,,RPSQMLOLIIHGFCA57DA,81.68,0.0,15.17,無,1160.0,43.0
萬華區,房地(土地+建物),國興路１９號十二樓之３,21.6,住,,,1110930,土地1建物1車位0,十二層,十二層,住宅大樓(11層含以上有電梯),住家用,760316.0,101.46,3,2,2,有,有,17000000,167554.0,,0.0,0,,RPSNMLNJIIHGFBA86DA,68.45,0.0,10.57,有,,36.0
北投區,房地(土地+建物)+車位,中央北路四段５４１巷１３號十一樓,23.77,住,,,1110912,土地1建物1車位1,十一層,十八層,住宅大樓(11層含以上有電梯),住家用,1101216.0,160.54000000000002,3,1,2,有,有,28040000,215625.0,坡道平面,41.63,2400000,,RPWNMLRJIIHGFEA97DA,65.09,6.11,6.42,有,,1.0
大安區,房地(土地+建物),延吉街１３１巷１弄３４號二樓,18.44,住,,,1110914,土地2建物1車位0,二層,七層,華廈(10層含以下有電梯),住家用,670808.0,95.82,2,2,1,有,無,27200000,283866.0,,0.0,0,陽台外推；其他增建；,RPUOMLKMQHHGFFA38EA,75.0,0.0,6.3,有,,44.0
文山區,房地(土地+建物),興隆路二段９６巷７２號,111.0,住,,,1110901,土地1建物1車位0,全,二層,透天厝,住家用,,135.74,4,2,2,有,無,31200000,229851.0,,0.0,0,,RPQNMLRLIIHGFAA27EA,135.74,0.0,0.0,無,,
大同區,房地(土地+建物),酒泉街７８號六樓之１,25.17,住,,,1110921,土地1建物1車位0,六層,七層,華廈(10層含以下有電梯),住家用,710511.0,119.25,3,2,2,有,有,22500000,188679.0,,0.0,0,陽台外推；其他增建；,RPVOMLLKIIHGFBA17DA,74.95,0.0,17.13,有,1164.0,40.0
松山區,房地(土地+建物)+車位,健康路２３號十樓,39.78,住,,,1110929,土地1建物1車位1,十層,十三層,住宅大樓(11層含以上有電梯),住家用,860728.0,181.18,3,2,2,有,有,43700000,241197.0,坡道平面,0.0,0,其他增建；,RPXNMLQLIIHGFDA08DA,100.82,3.03,11.62,有,,25.0
內湖區,房地(土地+建物),民權東路六段２８０巷６８號二樓,40.26,住,,,1110925,土地1建物1車位0,二層,五層,公寓(5樓含以下無電梯),住家用,770524.0,113.2,3,2,2,有,無,19200000,169611.0,,0.0,0,陽台加窗 梯間增建,RPVOMLRLIIHGFCA08EA,93.39,0.0,9.72,無,,34.0
萬華區,房地(土地+建物),長泰街２８２巷１１弄８號,26.25,住,,,1110927,土地1建物1車位0,一層,四層,公寓(5樓含以下無電梯),住家用,580812.0,67.33,2,2,1,有,無,12500000,185653.0,,0.0,0,其他增建；,RPSQMLQLIIHGFBA67DA,67.33,0.0,0.0,無,,53.0
士林區,房地(土地+建物),承德路四段８８號十三樓之１,7.98,住,,,1110924,土地1建物1車位0,十三層,十五層,住宅大樓(11層含以上有電梯),住家用,1110421.0,65.5,1,1,1,有,有,18600000,283969.0,,0.0,0,,RPWNMLRLIIHGFEA18DA,38.94,2.06,2.0,有,1166.0,
信義區,房地(土地+建物)+車位,松德路２００巷５５號十二樓,152.41,住,,,1110920,土地1建物1車位4,十二層,十六層,住宅大樓(11層含以上有電梯),住家用,1061005.0,885.01,0,0,0,無,有,410000000,570167.0,坡道平面,201.0,20000000,,RPUPMLQLRHHGFDA78DA,383.95,8.4,44.77,有,,5.0
大安區,房地(土地+建物),大安路二段８２號二樓,46.98,住,,,1110909,土地1建物1車位0,二層,二十一層,住宅大樓(11層含以上有電梯),住家用,1100831.0,293.42,3,2,3,有,有,126300000,430441.0,,0.0,0,,RPOOMLPLIIHGFFA37DA,171.57,13.76,9.91,有,,1.0
南港區,房地(土地+建物)+車位,街３２號二樓之３,29.27,住,,,1110912,土地1建物1車位1,二層,十一層,住宅大樓(11層含以上有電梯),住家用,1020521.0,197.04,4,2,2,有,有,47100000,239038.0,坡道平面,0.0,2400000,,RPVPMLPJIIHGFDA77DA,110.3,3.15,9.59,有,1168.0,9.0
大安區,房地(土地+建物),金山南路二段１５９巷１０號四樓,28.0,住,,,1110923,土地1建物1車位0,四層，陽臺,四層,公寓(5樓含以下無電梯),住家用,590201.0,75.74,2,1,1,有,無,19750000,260760.0,,0.0,0,,RPQOMLNKIIHGFFA27DA,75.74,0.0,0.0,無,,53.0
北投區,房地(土地+建物)+車位,中央北路三段４０巷３４弄１６號二十一樓,31.54,住,,,1110921,土地1建物1車位2,二十一層,二十一層,住宅大樓(11層含以上有電梯),住家用,1010731.0,253.12,4,2,2,有,有,37500000,148151.0,坡道平面,0.0,0,,RPPNMLTKIIHGFEA57DA,118.98,1.1,8.79,有,1170.0,10.0
北投區,房地(土地+建物)+車位,明德路９號八樓,49.0,住,,,1110927,土地1建物1車位1,八層,十一層,住宅大樓(11層含以上有電梯),住家用,881224.0,216.21,2,2,2,有,有,43000000,198881.0,坡道平面,0.0,2500000,陽台外推；其他增建；,RPUNMLPLIIHGFEA77DA,119.47,0.0,13.09,有,,23.0
信義區,房地(土地+建物),吳興街６００巷５５弄１號四樓,28.15,住,,,1110909,土地2建物1車位0,四層,五層,公寓(5樓含以下無電梯),住家用,681212.0,98.17,3,2,2,有,無,13900000,141591.0,,0.0,0,陽台外推；其他增建；,RPQOMLRKIIHGFDA47DA,87.82,0.0,10.35,無,,43.0
信義區,房地(土地+建物)+車位,吳興街２８４巷５９弄１１號五樓,48.23,住,,,1110912,土地1建物1車位1,五層,十三層,住宅大樓(11層含以上有電梯),住家用,970128.0,223.86,3,2,3,有,有,45800000,222325.0,坡道平面,29.1,2500000,,RPPRMLTKRHHGFDA78EA,123.43,7.14,13.65,有,1172.0,15.0
文山區,房地(土地+建物),興隆路二段２２巷７弄７號五樓,32.3,住,,,1110922,土地1建物1車位0,五層,五層,公寓(5樓含以下無電梯),住家用,741015.0,93.3,3,2,2,有,無,15000000,160772.0,,0.0,0,,RPTNMLRLIIHGFAA47DA,75.79,0.49,8.3,無,1174.0,37.0
大同區,房地(土地+建物),民權西路１８５巷２弄７號四樓,18.25,住,,,1110913,土地1建物1車位0,四層,四層,公寓(5樓含以下無電梯),住家用,660502.0,53.8,2,1,1,有,無,8500000,157993.0,,0.0,0,陽台外推；其他增建；,RPROMLRLRHHGFBA28DA,44.91,0.0,8.89,無,,45.0
信義區,房地(土地+建物),吳興街２８４巷１９弄１號四樓,31.79,住,,,1110925,土地1建物1車位0,四層,五層,公寓(5樓含以下無電梯),住家用,750904.0,111.72,3,2,2,有,無,19680000,176155.0,,0.0,0,陽台外推；其他增建；,RPTOMLNJIIHGFDA27DA,97.1,0.0,10.69,無,,36.0
南港區,房地(土地+建物),新民街８１號三樓,32.5,住,,,1110916,土地1建物1車位0,三層，陽臺,四層,公寓(5樓含以下無電梯),住家用,640522.0,74.35,3,2,1,有,無,15900000,213853.0,,0.0,0,,RPWQMLTKRHHGFDA76EA,74.35,0.0,0.0,無,,47.0
北投區,房地(土地+建物),致遠三路１１９巷１２弄１４號,35.5,住,,,1110913,土地1建物1車位0,全,二層,透天厝,住家用,620403.0,47.12,4,1,3,有,無,9000000,191002.0,,0.0,0,,RPOOMLRLIIHGFEA57EA,47.12,0.0,0.0,無,,49.0
中正區,房地(土地+建物)+車位,重慶南路三段１８０號七樓之３,14.88,住,,,1110925,土地1建物1車位1,七層,十二層,住宅大樓(11層含以上有電梯),住家用,780720.0,160.92,3,2,2,有,有,26000000,161571.0,坡道平面,0.0,0,含裝潢費；含傢俱設備費；陽台外推；,RPQOMLSKIIHGFAA27DA,140.52,0.0,13.8,有,,33.0
內湖區,房地(土地+建物),成功路二段２３６號五樓,33.07,住,,,1110911,土地1建物1車位0,五層,五層,公寓(5樓含以下無電梯),住家用,670712.0,104.39,6,0,6,有,無,14350000,137465.0,,0.0,0,陽台外推；頂樓加蓋；,RPPSMLTJQHHGFCA58EA,95.79,0.0,8.6,無,1176.0,44.0
士林區,房地(土地+建物),中山北路六段４２７巷１０號五樓,27.4,住,,,1110924,土地2建物1車位0,五層,五層,公寓(5樓含以下無電梯),住家用,670630.0,80.76,3,2,1,有,無,14180000,175582.0,,0.0,0,陽台外推；其他增建；,RPRPMLLKIIHGFEA17DA,73.47,0.0,7.29,無,,44.0
內湖區,房地(土地+建物),康寧路三段１６５巷２５弄１５號三樓,25.43,住,,,1110918,土地1建物1車位0,三層,五層,公寓(5樓含以下無電梯),住家用,731218.0,95.33,3,2,2,有,無,16500000,173083.0,,0.0,0,,RPUQMLRKIIHGFCA97DA,78.26,0.0,8.88,無,,38.0
萬華區,房地(土地+建物),中華路二段５０４巷１８號三樓之２,17.51,住,,,1110925,土地1建物1車位0,三層,十二層,住宅大樓(11層含以上有電梯),住家用,680403.0,63.09,3,1,1,有,有,12680000,200983.0,,0.0,0,陽台外推；其他增建；,RPQNMLRKIIHGFBA17DA,55.83,0.0,7.26,有,1178.0,43.0
中正區,房地(土地+建物),延平南路１９２巷４號二樓,32.03,住,,,1110927,土地1建物1車位0,二層,四層,公寓(5樓含以下無電梯),住家用,600803.0,55.47,3,1,1,有,無,13000000,234361.0,,0.0,0,,RPSOMLQLIIHGFAA37DA,55.47,0.0,0.0,無,,51.0
文山區,房地(土地+建物)+車位,和平東路四段６６巷１９號七樓,77.39,住,,,1110905,土地2建物1車位1,七層,十六層,住宅大樓(11層含以上有電梯),住家用,860529.0,227.73,4,2,3,有,有,33500000,147110.0,坡道平面,0.0,2000000,陽台外推；其他增建；,RPROMLTLRHHGFAA38DA,125.85,6.75,17.11,有,,25.0
士林區,房地(土地+建物),德行東路１０９巷７３弄３號二樓,36.75,住,,,1110901,土地1建物1車位0,二層，陽臺,四層,公寓(5樓含以下無電梯),住家用,660104.0,113.25,3,2,2,有,無,22000000,194260.0,,0.0,0,陽台外推；,RPXPMLTKRHHGFEA76DA,113.25,0.0,0.0,無,,46.0
內湖區,房地(土地+建物),康樂街１２５巷６之１號五樓,25.75,住,,,1110919,土地1建物1車位0,五層,五層,公寓(5樓含以下無電梯),住家用,701231.0,92.43,3,2,2,有,無,13000000,140647.0,,0.0,0,頂樓加蓋；,RPRNMLTKIIHGFCA57DA,77.65,0.0,14.78,無,1181.0,41.0
信義區,房地(土地+建物),永吉路２７８巷４２弄５號,28.25,住,,,1110918,土地1建物1車位0,一層，平台,四層,公寓(5樓含以下無電梯),住家用,630315.0,78.88,5,1,5,有,無,18800000,238337.0,,0.0,0,其他增建；,RPTOMLLLIIHGFDA27DA,78.88,0.0,0.0,無,1182.0,49.0
士林區,房地(土地+建物)+車位,德行東路３５８巷２４弄１１號,55.42,住,,,1110913,土地1建物1車位1,一層，二層，三層,五層,公寓(5樓含以下無電梯),住家用,770309.0,186.66,4,2,2,有,有,30000000,160720.0,坡道平面,0.0,0,陽台外推；其他增建；,RPQNMLQJIIHGFEA27DA,165.05,1.69,8.27,無,,35.0
南港區,房地(土地+建物)+車位,向陽路１６２巷２８號三樓之１,46.48,住,,,1110917,土地1建物1車位1,三層,九層,華廈(10層含以下有電梯),住家用,930115.0,143.37,3,2,2,有,有,34500000,240636.0,坡道機械,0.0,2000000,陽台外推；其他增建；,RPQNMLRJIIHGFDA27DA,76.99,2.49,10.03,有,,19.0
松山區,房地(土地+建物),延吉街４６巷１６之１號,35.51,住,,,1110920,土地1建物1車位0,一層,七層,華廈(10層含以下有電梯),住家用,,164.04,3,2,2,有,有,36000000,219459.0,,0.0,0,,RPPPMLSLIIHGFDA77EA,146.14,17.9,0.0,有,,45.0
文山區,房地(土地+建物)+車位,政大三街１１號二樓,63.05,住,,,1110926,土地1建物1車位1,二層，電梯樓梯間,五層,華廈(10層含以下有電梯),住家用,851217.0,150.52,3,2,2,有,有,19300000,151118.0,坡道平面,36.04,2000000,,RPROMLSLIIHGFAA47DA,73.97,19.5,8.62,有,,26.0
文山區,房地(土地+建物),景華街９１號三樓,24.27,住,,,1110926,土地1建物1車位0,三層,五層,公寓(5樓含以下無電梯),住家用,690820.0,87.05,3,2,1,有,無,13800000,158530.0,,0.0,0,,RPSOMLSLIIHGFAA57DA,79.68,0.0,7.37,無,,42.0
文山區,房地(土地+建物),秀明路一段１９巷３弄３號五樓,39.57,住,,,1110923,土地1建物1車位0,五層,五層,公寓(5樓含以下無電梯),住家用,700602.0,102.74,6,0,2,有,無,12700000,123613.0,,0.0,0,陽台外推；,RPVNMLNJIIHGFAA07DA,90.45,0.0,12.29,無,1186.0,41.0
內湖區,房地(土地+建物)+車位,內湖路三段６０巷３９號十三樓,35.97,住,,,1110924,土地1建物1車位2,十三層,十九層,住宅大樓(11層含以上有電梯),住家用,1060407.0,287.34,3,2,2,有,有,59000000,205325.0,坡道平面,0.0,0,,RPVQMLMKIIHGFCA57DA,160.22,13.75,7.48,有,1187.0,5.0
內湖區,房地(土地+建物),金龍路２０２號五樓,38.6,住,,,1110910,土地1建物1車位0,五層,五層,公寓(5樓含以下無電梯),住家用,820717.0,131.08,4,2,2,有,無,18880000,144034.0,,0.0,0,陽台外推；其他增建；,RPTNMLRJIIHGFCA47DA,88.9,27.55,10.08,無,,29.0
大安區,房地(土地+建物),敦化南路一段１８７巷３７號三樓之７,8.36,住,,,1110930,土地1建物1車位0,三層,八層,華廈(10層含以下有電梯),住家用,840809.0,53.709999999999994,1,1,1,有,有,17250000,321169.0,,0.0,0,,RPPOMLPLIIHGFFA47DA,24.48,17.13,3.8,有,1190.0,27.0
內湖區,房地(土地+建物)+車位,新富街５９號四樓,45.97,住,,,1110913,土地1建物1車位1,四層,十三層,住宅大樓(11層含以上有電梯),住家用,990209.0,271.36,4,2,2,有,有,59880000,220666.0,坡道平面,34.75,0,,RPWPMLLLRHHGFCA38DA,141.92,9.92,14.31,有,,13.0
文山區,房地(土地+建物),辛亥路四段７７巷９２弄９號十四樓之２,49.47,住,,,1110911,土地3建物1車位0,十四層,十四層,住宅大樓(11層含以上有電梯),住家用,920922.0,79.36,1,1,1,有,有,15500000,195313.0,,0.0,0,陽台外推；其他增建；,RPPOMLLMIIHGFAA76EA,48.45,0.0,6.47,有,1191.0,19.0
大安區,房地(土地+建物),安和路一段９０巷３２號四樓,23.92,住,,,1110929,土地1建物1車位0,四層,七層,華廈(10層含以下有電梯),住家用,690725.0,131.02,3,2,2,有,無,37500000,286216.0,,0.0,0,,RPWNMLPLIIHGFFA08DA,108.96,0.0,16.07,有,,42.0
大安區,房地(土地+建物),金山南路二段１９２巷３２號三樓,17.0,住,,,1110927,土地1建物1車位0,三層,五層,公寓(5樓含以下無電梯),住家用,790626.0,78.93,2,1,1,有,無,23680000,300013.0,,0.0,0,,RPXOMLKMQHHGFFA68EA,52.86,0.51,7.52,無,,32.0
信義區,房地(土地+建物),吳興街２８４巷１４號三樓,16.4,住,,,1110928,土地2建物1車位0,三層,五層,公寓(5樓含以下無電梯),住家用,780119.0,63.69,2,2,1,有,無,12660000,198775.0,,0.0,0,壹樓空地垂直增建。陽台外推；,RPUNMLPJIIHGFDA47DA,50.3,0.0,7.0,無,,34.0
松山區,房地(土地+建物),民族東路６８５之１號,29.99,住,,,1110925,土地1建物1車位0,一層,七層,華廈(10層含以下有電梯),住家用,701223.0,148.45999999999998,4,2,2,有,有,30000000,202075.0,,0.0,0,其他增建；,RPPOMLOLIIHGFDA17DA,123.32,11.32,0.0,有,,41.0
士林區,房地(土地+建物)+車位,德行東路１９０巷３０弄１０號六樓,44.3,住,,,1110912,土地1建物1車位1,六層,十二層,住宅大樓(11層含以上有電梯),住家用,790216.0,191.2,4,2,2,有,有,41000000,214424.0,坡道平面,0.0,0,,RPTNMLLMIIHGFEA47EA,157.86,0.91,13.43,有,,33.0
北投區,房地(土地+建物),石牌路二段３６４號六樓,17.22,住,,,1110916,土地1建物1車位0,六層,七層,華廈(10層含以下有電梯),住家用,670411.0,88.78999999999999,3,2,1,有,有,18730000,210947.0,,0.0,0,陽台外推；其他增建；,RPTNMLPJIIHGFEA47DA,69.89,0.0,12.74,有,1196.0,44.0
松山區,房地(土地+建物),南京東路三段３０３巷１４弄７號,23.91,住,,,1110904,土地1建物1車位0,一層,七層,華廈(10層含以下有電梯),住家用,730528.0,111.34,4,2,2,有,有,29000000,260463.0,,0.0,0,,RPRSMLTKRHHGFDA09EA,94.71,8.62,0.0,有,,38.0
中山區,房地(土地+建物)+車位,五常街１１巷５號十二樓之２,11.94,住,,,1110907,土地2建物1車位1,十二層,十七層,住宅大樓(11層含以上有電梯),住家用,1080918.0,109.94,2,1,1,有,有,21850000,198745.0,坡道平面,35.12,0,,RPPNMLLMIIHGFCA76DA,45.1,1.43,3.22,有,1197.0,3.0
文山區,房地(土地+建物)+車位,久康街９５號六樓,46.65,住,,,1110901,土地1建物2車位1,六層,八層,華廈(10層含以下有電梯),住家用,820427.0,175.47,4,2,2,有,有,28500000,162421.0,坡道平面,0.0,2500000,陽台外推；其他增建；,RPVRMLLLRHHGFAA28DA,128.25,4.56,12.85,有,,29.0
南港區,房地(土地+建物),昆陽街１７１巷３弄９號三樓,31.53,住,,,1110920,土地1建物1車位0,三層，陽臺,四層,公寓(5樓含以下無電梯),住家用,650303.0,75.97,3,2,1,有,無,13700000,180334.0,,0.0,0,陽台加窗其他增建；,RPUNMLLMIIHGFDA37DA,75.97,0.0,0.0,無,,47.0
內湖區,房地(土地+建物)+車位,內湖路三段２４０號三樓,17.05,住,,,1110926,土地1建物1車位1,三層,十四層,住宅大樓(11層含以上有電梯),住家用,1020731.0,115.0,2,1,1,有,有,20500000,178261.0,坡道平面,0.0,0,,RPVPMLNKIIHGFCA57DA,44.94,4.97,4.76,有,,9.0
大安區,房地(土地+建物),永康街７５巷８號七樓,10.95,住,,,1110930,土地2建物2車位0,七層,七層,華廈(10層含以下有電梯),住家用,960702.0,47.56,0,1,1,有,有,20070000,421993.0,,0.0,0,陽台外推；夾層；其他增建；,RPWNMLLMIIHGFFA77DA,24.81,0.0,3.6,有,1200.0,15.0
內湖區,房地(土地+建物),環山路一段５９巷３０弄１號三樓,38.25,住,,,1110924,土地3建物1車位0,三層,四層,公寓(5樓含以下無電梯),住家用,670606.0,91.42,3,2,1,有,無,16000000,175016.0,,0.0,0,陽台外推；,RPWPMLLMIIHGFCA77EA,82.38,0.0,9.04,無,,44.0
士林區,房地(土地+建物)+車位,環河北路三段１２７號十一樓之１,9.97,住,,,1110920,土地2建物2車位2,十一層,十三層,住宅大樓(11層含以上有電梯),住家用,930518.0,110.93,2,2,1,有,有,14780000,163998.0,坡道機械,39.1,3000000,其他增建；,RPQOMLNJJIHGFEA27EA,46.93,0.0,1.91,有,,18.0
內湖區,房地(土地+建物)+車位,金湖路３２８之１１號十二樓,37.22,住,,,1110904,土地1建物1車位1,十二層,十二層,住宅大樓(11層含以上有電梯),住家用,910204.0,218.38,2,2,2,有,有,47000000,215221.0,坡道平面,0.0,0,陽台外推；其他增建；,RPWRMLOJIIHGFCA87DA,121.64,4.63,12.26,有,,21.0
文山區,房地(土地+建物)+車位,秀明路二段１１５巷１１號十七樓,76.24,住,,,1110920,土地6建物1車位1,十七層,十九層,住宅大樓(11層含以上有電梯),住家用,860610.0,159.23,3,2,2,有,有,24400000,153237.0,坡道機械,0.0,1800000,陽台外推；,RPVNMLLLIIHGFAA07DA,94.36,1.12,15.15,有,,25.0
士林區,房地(土地+建物)+車位,延平北路六段２１１號九樓之１,33.99,住,,,1110912,土地4建物1車位2,九層,十一層,住宅大樓(11層含以上有電梯),住家用,1050525.0,195.79,3,2,2,有,有,30000000,153225.0,坡道機械,0.0,0,,RPTNMLRLRHHGFEA68DA,88.04,4.54,11.96,有,1205.0,6.0
文山區,房地(土地+建物)+車位,久康街１５５之１號十二樓,24.07,住,,,1110930,土地1建物1車位2,十二層，十三層,十三層,住宅大樓(11層含以上有電梯),住家用,1021217.0,224.04,0,0,0,無,有,29100000,167804.0,坡道平面,80.42,5000000,,RPQOMLKMRHHGFAA47DA,80.71,5.57,13.13,有,,9.0
信義區,房地(土地+建物)+車位,吳興街６００巷１００弄２０號九樓,12.95,住,,,1110914,土地1建物1車位1,九層,十一層,住宅大樓(11層含以上有電梯),住家用,1030108.0,92.96,2,1,2,有,有,18500000,199010.0,升降機械,16.02,0,,RPPPMLRLIIHGFDA57DA,39.87,9.55,1.56,有,1207.0,9.0
文山區,房地(土地+建物)+車位,秀明路一段１２９巷６８弄６號二樓,156.75,住,,,1110909,土地1建物1車位2,二層,五層,華廈(10層含以下有電梯),住家用,1070302.0,260.64,4,2,2,有,有,46800000,179558.0,坡道平面,0.0,0,,RPRNMLMJJIHGFAA76EA,122.43,0.0,10.85,有,,5.0
文山區,房地(土地+建物)+車位,萬壽路６２之３號,21.06,住,,,1110922,土地1建物1車位1,一層,五層,華廈(10層含以下有電梯),住家用,961023.0,54.53,1,0,1,有,有,6650000,121951.0,升降機械,11.01,0,其他增建；,RPPNMLMJJIHGFAA56EA,25.09,0.0,1.76,有,1209.0,15.0
士林區,房地(土地+建物),德行東路２０號,56.55,住,,,1110912,土地10建物1車位0,一層,四層,公寓(5樓含以下無電梯),住家用,610815.0,140.93,0,0,2,有,無,34000000,241255.0,,0.0,0,,RPWOMLLMIIHGFEA87EA,98.47,42.46,0.0,無,,50.0
大安區,房地(土地+建物),臥龍街１９５巷２６號二樓,23.94,住,,,1110917,土地1建物1車位0,二層,七層,華廈(10層含以下有電梯),住家用,720919.0,134.45000000000002,4,2,2,有,有,27000000,200803.0,,0.0,0,陽台外推；其他增建；,RPOOMLRLRHHGFFA38DA,108.92,0.0,19.48,有,,39.0
文山區,房地(土地+建物)+車位,興順街８５號八樓,26.66,住,,,1110928,土地1建物1車位1,八層,十層,華廈(10層含以下有電梯),住家用,941209.0,140.97,3,2,2,有,有,27700000,196496.0,坡道機械,0.0,2000000,其他增建；,RPSNMLLJJIHGFAA66DA,72.21,4.0,5.21,有,1210.0,17.0
松山區,房地(土地+建物),光復北路２３０巷２９號六樓,29.77,住,,,1110922,土地3建物1車位0,六層,十八層,住宅大樓(11層含以上有電梯),住家用,910514.0,138.36,2,2,1,有,有,36260000,262070.0,,0.0,0,陽台外推；其他增建；,RPVOMLOKIIHGFDA67DA,80.43,1.29,7.88,有,1211.0,20.0
北投區,房地(土地+建物),泉源路３４之１號八樓之１,14.16,住,,,1110925,土地1建物1車位0,八層,十層,華廈(10層含以下有電梯),住家用,870105.0,43.54,1,1,1,有,有,6780000,155719.0,,0.0,0,陽台外推；夾層；,RPWPMLOJIIHGFEA87DA,27.05,0.98,3.12,有,,25.0
內湖區,房地(土地+建物),文德路１０１巷４號四樓,35.32,住,,,1110911,土地2建物1車位0,四層,五層,公寓(5樓含以下無電梯),住家用,761203.0,118.4,3,2,2,有,無,22500000,190018.0,,0.0,0,,RPQOMLPLIIHGFCA27DA,102.82,1.21,10.85,無,,35.0
士林區,房地(土地+建物),德行東路３３１巷５０弄３號三樓,26.68,住,,,1110927,土地3建物1車位0,三層,五層,公寓(5樓含以下無電梯),住家用,680716.0,99.79,3,2,2,有,無,17200000,172362.0,,0.0,0,陽台加窗及向外加蓋雨遮,RPRNMLPKIIHGFEA37DA,86.92,0.0,12.87,無,,43.0
北投區,房地(土地+建物),公路１４５巷２弄１０號四樓,28.65,住,,,1110925,土地6建物1車位0,四層,四層,公寓(5樓含以下無電梯),住家用,700219.0,92.68,3,2,1,有,無,11080000,119551.0,,0.0,0,陽台外推；其他增建；,RPWNMLSKIIHGFEA18DA,81.43,2.81,8.44,無,,42.0
萬華區,房地(土地+建物),國興路５２號八樓,16.78,住,,,1110929,土地1建物1車位0,八層,十二層,住宅大樓(11層含以上有電梯),住家用,680403.0,59.84,2,1,1,有,有,11000000,183824.0,,0.0,0,陽台外推；其他增建；,RPTPMLLJJIHGFBA07DA,52.57,0.0,7.27,有,,43.0
士林區,房地(土地+建物),德行西路１０９號三樓,31.54,住,,,1110916,土地3建物1車位0,三層,五層,公寓(5樓含以下無電梯),住家用,680122.0,116.35,6,0,6,有,無,23580000,202664.0,,0.0,0,陽台外推；其他增建；,RPWNMLRKIIHGFEA08DA,108.55,0.0,7.8,無,,44.0
內湖區,房地(土地+建物),行善路４７號三樓,48.27,住,,,1110903,土地1建物1車位0,三層,十層,華廈(10層含以下有電梯),住家用,870506.0,127.38,3,2,2,有,有,24150000,189590.0,,0.0,0,陽台外推；,RPSSMLTJQHHGFCA88EA,76.34,0.0,7.06,有,1214.0,24.0
中正區,房地(土地+建物),愛國東路７４巷２５號五樓之２,11.48,住,,,1110903,土地1建物1車位0,五層,八層,華廈(10層含以下有電梯),住家用,970701.0,50.73,1,1,1,有,有,19000000,374532.0,,0.0,0,陽台外推；夾層；其他增建；,RPVNMLLJJIHGFAA96DA,21.75,5.0,2.76,有,,14.0
北投區,房地(土地+建物)+車位,東華街一段４９６號十樓之１,29.55,住,,,1110905,土地1建物1車位3,十層,十四層,住宅大樓(11層含以上有電梯),住家用,950720.0,256.37,3,2,2,有,有,56000000,218434.0,坡道機械,109.81,0,,RPOOMLQLIIHGFEA37DA,83.15,3.74,10.76,有,,16.0
內湖區,房地(土地+建物),環山路三段１６巷１弄６號五樓,31.34,住,,,1110921,土地1建物1車位0,五層,五層,公寓(5樓含以下無電梯),住家用,691231.0,112.86,3,2,2,有,無,18800000,166578.0,,0.0,0,頂樓加蓋；,RPRPMLMJJIHGFCA07DA,90.16,0.0,14.45,無,,42.0
士林區,房地(土地+建物)+車位,天母北路５６號十三樓之１,17.61,住,,,1110909,土地1建物1車位1,十三層,二十四層,住宅大樓(11層含以上有電梯),住家用,1090703.0,183.05,2,2,2,有,有,50160000,330376.0,坡道平面,38.79,2500000,,RPOQMLRKIIHGFEA57DA,74.0,7.91,12.26,有,,2.0
中山區,房地(土地+建物),農安街２２７巷３弄１號三樓,31.46,住,,,1110922,土地1建物1車位0,三層,七層,華廈(10層含以下有電梯),住家用,720817.0,166.19,2,1,1,有,無,30280000,182201.0,,0.0,0,陽台外推；,RPRSMLTJQHHGFCA78EA,120.95,0.0,24.22,有,,39.0
北投區,房地(土地+建物)+車位,奇岩路１０號四樓之３,54.81,住,,,1110922,土地1建物1車位1,四層,五層,華廈(10層含以下有電梯),住家用,1011228.0,119.89,1,1,1,有,有,12000000,124057.0,升降平面,37.67,1800000,,RPXOMLKLIIHGFEA67DA,46.59,2.72,4.86,有,1217.0,10.0
南港區,房地(土地+建物)+車位,東新街１３６號七樓,18.78,住,,,1110918,土地3建物1車位1,七層,十五層,住宅大樓(11層含以上有電梯),住家用,990331.0,127.97,2,2,1,有,有,30980000,302689.0,坡道平面,33.88,2500000,,RPOTMLTKRHHGFDA88EA,58.36,0.0,5.41,有,,12.0
中正區,房地(土地+建物),和平西路一段１６１號三樓,9.85,住,,,1110924,土地1建物1車位0,三層,七層,華廈(10層含以下有電梯),住家用,680522.0,49.05,1,0,1,有,有,10200000,207951.0,,0.0,0,陽台外推；其他增建；,RPVNMLNKIIHGFAA17DA,37.3,0.0,11.75,有,,43.0
南港區,房地(土地+建物),東新街８０巷１０弄１８號三樓,28.76,住,,,1110921,土地1建物1車位0,三層,七層,華廈(10層含以下有電梯),住家用,730901.0,122.57,3,2,2,有,有,19000000,155013.0,,0.0,0,,RPWSMLTKRHHGFDA96EA,75.8,0.48,17.27,有,,38.0
士林區,房地(土地+建物),劍潭路５５巷１８弄６號三樓,28.5,住,,,1110912,土地1建物1車位0,三層,四層,公寓(5樓含以下無電梯),住家用,660707.0,90.52,3,1,1,有,無,9700000,107159.0,,0.0,0,,RPSNMLOLIIHGFEA47DA,79.3,0.0,11.22,無,,45.0
文山區,房地(土地+建物),下崙路３３巷１７號五樓,27.56,住,,,1110927,土地1建物1車位0,五層,五層,公寓(5樓含以下無電梯),住家用,820217.0,104.05,3,2,2,有,無,13500000,129745.0,,0.0,0,其他增建；,RPSNMLTLIIHGFAA57DA,87.71,0.74,9.64,無,,30.0
信義區,房地(土地+建物),永吉路１２０巷７５號三樓,41.25,住,,,1110916,土地1建物1車位0,三層，陽臺,四層,公寓(5樓含以下無電梯),住家用,620310.0,117.45,3,2,2,有,無,27000000,229885.0,,0.0,0,,RPOOMLLKIIHGFDA76EA,117.45,0.0,0.0,無,,50.0
內湖區,房地(土地+建物),行善路２５巷２號五樓,48.27,住,,,1110918,土地1建物1車位0,五層,九層,華廈(10層含以下有電梯),住家用,870506.0,127.79,3,2,2,有,有,23800000,186243.0,,0.0,0,,RPOOMLNJJIHGFCA76DA,76.75,0.0,7.06,有,1221.0,24.0
大安區,房地(土地+建物),敦化南路二段１４６巷２號七樓,11.64,住,,,1110925,土地2建物1車位0,七層,十九層,住宅大樓(11層含以上有電梯),住家用,740417.0,114.59,3,2,2,有,有,31200000,272275.0,,0.0,0,陽台外推；其他增建；,RPUNMLSKIIHGFFA08DA,69.04,0.0,12.28,有,,37.0
松山區,房地(土地+建物),八德路四段２４５巷３２弄３５號二樓之３,12.16,住,,,1110926,土地1建物1車位0,二層,七層,華廈(10層含以下有電梯),住家用,801114.0,61.849999999999994,1,1,2,有,無,13100000,211803.0,,0.0,0,陽台外推；,RPTPMLSLIIHGFDA08DA,45.05,2.28,5.82,有,,31.0
萬華區,房地(土地+建物),德昌街１３４號三樓,17.06,住,,,1110925,土地1建物1車位0,三層,五層,公寓(5樓含以下無電梯),住家用,700918.0,53.67,2,1,1,有,無,6200000,115521.0,,0.0,0,,RPRNMLNJIIHGFBA76DA,52.97,0.0,0.7,無,,41.0
信義區,房地(土地+建物),光復南路４７３巷２９號四樓,25.2,住,,,1110904,土地1建物1車位0,四層,七層,華廈(10層含以下有電梯),住家用,750716.0,134.0,3,2,2,有,有,33500000,250000.0,,0.0,0,陽台外推；,RPVOMLLKIIHGFDA47EA,110.47,0.0,16.65,有,,36.0
中山區,房地(土地+建物),農安街２２７巷３弄３號三樓,25.35,住,,,1110922,土地1建物1車位0,三層,七層,華廈(10層含以下有電梯),住家用,720817.0,128.68,2,3,0,有,無,23600000,183401.0,,0.0,0,,RPTSMLTJQHHGFCA98EA,100.92,0.0,10.83,有,,39.0
內湖區,房地(土地+建物),內湖路一段６３９號五樓,33.0,住,,,1110925,土地1建物1車位0,五層,五層,公寓(5樓含以下無電梯),住家用,670524.0,96.82,8,2,7,有,無,19280000,199132.0,,0.0,0,陽台外推；頂樓加蓋；,RPTOMLLLIIHGFCA17DA,81.88,0.0,14.94,無,,44.0
文山區,房地(土地+建物)+車位,木新路三段９５巷４２號十一樓之３,35.03,住,,,1110924,土地1建物1車位2,十一層,二十一層,住宅大樓(11層含以上有電梯),住家用,961031.0,264.59000000000003,4,2,2,有,有,42200000,200140.0,坡道平面,78.72,5000000,,RPVNMLQJIIHGFAA37DA,119.74,0.0,12.6,有,,15.0
文山區,房地(土地+建物),興隆路三段２５５巷６弄９號,29.4,住,,,1110930,土地1建物1車位0,一層,四層,公寓(5樓含以下無電梯),住家用,750327.0,92.6,3,1,2,有,有,11500000,124190.0,,0.0,0,建築物含有其他增建:凸窗約3坪左右,RPPPMLRJJIHGFAA27EA,72.46,16.61,0.0,無,,37.0
大同區,房地(土地+建物)+車位,迪化街二段１５８號十一樓,16.41,住,,,1110925,土地1建物1車位2,十一層,十五層,住宅大樓(11層含以上有電梯),住家用,1100106.0,179.25,3,2,2,有,有,32000000,234721.0,坡道平面,64.22,5000000,,RPWNMLRJJIHGFBA87EA,67.56,5.83,3.2,有,,2.0
文山區,房地(土地+建物)+車位,樟新街３６號十四樓之１,29.4,住,,,1110917,土地1建物1車位1,十四層,十六層,住宅大樓(11層含以上有電梯),住家用,831221.0,172.72,3,2,2,有,有,26100000,151103.0,坡道平面,0.0,2500000,車位面積無法概算。陽台外推；其他增建；,RPRNMLLLIIHGFAA66DA,131.52,5.18,11.08,有,,28.0
松山區,房地(土地+建物),敦化北路２４４巷３１號五樓,27.0,住,,,1110908,土地3建物1車位0,五層,七層,華廈(10層含以下有電梯),住家用,681208.0,159.01,4,2,2,有,無,39600000,249041.0,,0.0,0,陽台外推；其他增建；,RPVNMLRLIIHGFDA97DA,143.27,0.0,15.74,有,,43.0
文山區,房地(土地+建物)+車位,政大一街３２０巷８８號四樓,43.45,住,,,1110919,土地2建物1車位1,四層,七層,華廈(10層含以下有電梯),住家用,900716.0,186.96,4,2,2,有,有,25400000,135858.0,坡道機械,0.0,1500000,車位面積無法概算。陽台外推；其他增建；,RPQNMLNKIIHGFAA66DA,91.2,1.98,14.54,有,1225.0,21.0
大安區,房地(土地+建物),敦化南路一段３２９巷７號四樓,19.4,住,,,1110930,土地1建物1車位0,四層,五層,公寓(5樓含以下無電梯),住家用,740508.0,73.72,2,1,1,有,無,20000000,271297.0,,0.0,0,,RPQNMLPJJIHGFFA37DA,63.0,0.0,5.27,無,,37.0
南港區,房地(土地+建物),研究院路二段１８２巷７９弄１９號五樓,20.59,住,,,1110921,土地2建物1車位0,五層,五層,公寓(5樓含以下無電梯),住家用,731029.0,75.47,3,3,2,有,有,11500000,152378.0,,0.0,0,陽台外推；頂樓加蓋；,RPOPMLLKIIHGFDA86EA,61.62,0.0,5.72,無,,38.0
萬華區,房地(土地+建物),德昌街１８５巷７７號四樓,26.0,住,,,1110922,土地2建物1車位0,四層,四層,公寓(5樓含以下無電梯),住家用,630807.0,94.66,2,2,1,有,無,12300000,129939.0,,0.0,0,,RPPNMLSJJIHGFBA27EA,83.91,0.0,10.75,無,1227.0,48.0
北投區,房地(土地+建物),文化三路６０號,39.11,,,,1110921,土地2建物1車位0,一層,七層,華廈(10層含以下有電梯),住家用,750312.0,122.65,3,2,2,有,有,17350000,141459.0,,0.0,0,,RPPNMLSJJIHGFEA57EA,78.67,10.75,0.0,有,,37.0
中山區,房地(土地+建物),新生北路三段９３巷３０號四樓,34.5,住,,,1110916,土地2建物1車位0,四層,四層,公寓(5樓含以下無電梯),住家用,581201.0,97.82,3,1,3,有,無,18880000,193008.0,,0.0,0,陽台外推；頂樓加蓋；其他增建；,RPRQMLSKIIHGFCA77DA,86.78,0.0,11.04,無,1228.0,53.0
南港區,房地(土地+建物)+車位,東新街１４０號四樓,38.57,住,,,1110912,土地3建物1車位1,四層,十五層,住宅大樓(11層含以上有電梯),住家用,990331.0,246.47,4,2,2,有,有,52280000,224326.0,坡道平面,26.79,3000000,,RPTOMLLKIIHGFDA27EA,129.43,0.0,14.54,有,,12.0
大安區,房地(土地+建物),通化街３９巷５０弄９７號,82.0,住,,,1110912,土地1建物1車位0,全,二層,透天厝,住家用,,92.15,4,2,2,有,無,53120000,576451.0,,0.0,0,頂樓加蓋；其他增建；,RPVNMLRJJIHGFFA08DA,92.15,0.0,0.0,無,,
士林區,房地(土地+建物),中山北路七段２１６巷５號二樓,39.66,住,,,1110925,土地1建物1車位0,二層,六層,華廈(10層含以下有電梯),住家用,750605.0,193.52,3,2,2,有,有,37280000,192642.0,,0.0,0,,RPSOMLLMIIHGFEA47EA,140.38,0.0,11.81,有,1230.0,36.0
文山區,房地(土地+建物)+車位,福興路６３巷４弄１１之８號二樓,26.7,住,,,1110926,土地3建物1車位1,二層，電梯樓梯間,八層,華廈(10層含以下有電梯),住家用,860613.0,101.3,2,2,1,有,無,14600000,144126.0,坡道平面,0.0,2000000,陽台外推；其他增建；,RPTNMLLMIIHGFAA96DA,58.42,0.72,4.45,有,,25.0
士林區,房地(土地+建物),德行東路４６巷６弄２號二樓,42.9,住,,,1110916,土地5建物1車位0,二層,五層,公寓(5樓含以下無電梯),住家用,700331.0,124.97,3,2,2,有,有,27300000,218452.0,,0.0,0,,RPRNMLSLRHHGFEA58DA,95.16,0.0,15.27,無,,41.0
信義區,房地(土地+建物),吳興街６００巷１００弄２０之１號七樓,13.82,住,,,1110923,土地1建物1車位0,七層,十一層,住宅大樓(11層含以上有電梯),住家用,1030108.0,82.15,3,2,2,有,有,17000000,206939.0,,0.0,0,,RPUPMLLKIIHGFDA47EA,39.8,10.74,3.89,有,1234.0,9.0
中山區,房地(土地+建物),合江街１８０巷１５號六樓,17.66,住,,,1110929,土地1建物1車位0,六層,七層,華廈(10層含以下有電梯),住家用,661231.0,105.83,2,1,1,有,無,25200000,238118.0,,0.0,0,,RPPPMLSJJIHGFCA57EA,72.96,0.0,19.06,有,,45.0
大安區,房地(土地+建物),浦城街１３巷１２號,29.0,住,,,1110916,土地2建物1車位0,一層,四層,公寓(5樓含以下無電梯),住家用,,71.84,0,1,2,有,無,27200000,378619.0,,0.0,0,其他增建；,RPXNMLLMIIHGFFA87DA,71.84,0.0,0.0,無,,
中正區,房地(土地+建物)+車位,仁愛路一段２３巷１７號四樓,37.49,住,,,1110903,土地1建物1車位2,四層,六層,華廈(10層含以下有電梯),住家用,1031113.0,211.12,3,2,2,有,有,65180000,323088.0,其他,21.76,4000000,,RPXPMLKLIIHGFBA47DA,81.55,8.3,3.66,有,,8.0
北投區,房地(土地+建物),崗山路１６之１號五樓,32.2,住,,,1110924,土地1建物1車位0,五層,五層,公寓(5樓含以下無電梯),住家用,690729.0,116.22,3,2,1,有,有,11000000,94648.0,,0.0,0,陽台外推；頂樓加蓋；其他增建；,RPPOMLQJJIHGFEA37DA,99.98,0.0,16.24,無,,42.0
信義區,房地(土地+建物),忠孝東路五段７９０巷６１弄１號四樓,50.0,住,,,1110912,土地1建物1車位0,四層，露台,四層,公寓(5樓含以下無電梯),住家用,591215.0,100.45,3,2,1,有,無,16930000,168542.0,,0.0,0,頂樓加蓋；其他增建；,RPTOMLOLIIHGFDA57DA,100.45,0.0,0.0,無,,52.0
北投區,房地(土地+建物),明德路１３６巷１１號,39.6,住,,,1110929,土地2建物1車位0,一層,五層,公寓(5樓含以下無電梯),住家用,690208.0,112.88,2,2,2,有,無,32580000,288625.0,,0.0,0,其他增建；,RPVNMLLLIIHGFEA47DA,103.25,9.63,0.0,無,1240.0,43.0
北投區,房地(土地+建物)+車位,稻香路１６１巷１６弄６之３號三樓,50.48,住,,,1110923,土地1建物1車位1,三層,五層,華廈(10層含以下有電梯),住家用,1100902.0,127.41,2,2,1,有,有,20880000,205195.0,坡道平面,35.4,2000000,含家電含裝潢費；,RPUOMLNJJIHGFEA57DA,50.85,4.23,4.86,有,,1.0
北投區,房地(土地+建物)+車位,三合街一段８２巷７３號四樓之６,17.81,住,,,1110916,土地1建物1車位1,四層,八層,華廈(10層含以下有電梯),住家用,1110729.0,119.08,2,2,1,有,有,18680000,214045.0,其他,39.05,1550000,1.新建案管委會籌組中,RPSPMLPJJIHGFEA67DA,44.27,2.54,3.98,有,,
北投區,房地(土地+建物)+車位,石牌路二段３１５巷３４弄７號九樓,46.84,住,,,1110921,土地1建物1車位1,九層,十四層,住宅大樓(11層含以上有電梯),住家用,1040804.0,221.05,3,2,2,有,有,44360000,200679.0,坡道平面,37.49,0,,RPXNMLOLIIHGFEA97DA,108.89,12.77,7.52,有,1243.0,7.0
北投區,房地(土地+建物)+車位,稻香路１６１巷１６弄６之１號五樓,49.09,住,,,1110924,土地1建物1車位1,五層,五層,華廈(10層含以下有電梯),住家用,1100902.0,124.86,2,2,1,有,有,21160000,214174.0,坡道平面,35.4,2000000,含家電含裝潢費；,RPTOMLNJJIHGFEA47DA,48.78,4.5,4.98,有,,1.0
萬華區,房地(土地+建物),萬大路４８６巷４８號四樓之８,13.66,住,,,1110924,土地1建物1車位0,四層,五層,公寓(5樓含以下無電梯),住家用,751124.0,95.2,3,2,2,有,無,12080000,126891.0,,0.0,0,陽台外推；其他增建；,RPROMLNKIIHGFBA96DA,77.23,0.0,8.03,無,,36.0
內湖區,房地(土地+建物),大湖山莊街１５１巷１２號五樓,34.89,住,,,1110914,土地2建物1車位0,五層,五層,公寓(5樓含以下無電梯),住家用,760730.0,135.99,4,2,3,有,無,17800000,130892.0,,0.0,0,,RPQRMLRJJIHGFCA67DA,73.67,32.98,20.04,無,,35.0
北投區,房地(土地+建物)+車位,三合街一段８２巷７３號八樓之６,17.81,住,,,1110912,土地1建物1車位1,八層,八層,華廈(10層含以下有電梯),住家用,1110729.0,119.08,2,2,1,有,有,19280000,221542.0,其他,39.05,1550000,1.新建案管委會籌組中,RPTNMLPJJIHGFEA57DA,44.27,2.54,3.98,有,,
北投區,房地(土地+建物),稻香路１３３巷４號四樓,32.54,住,,,1110924,土地1建物1車位0,四層,四層,公寓(5樓含以下無電梯),住家用,701214.0,98.91,3,2,2,有,無,9500000,96047.0,,0.0,0,陽台外推；,RPQNMLTKIIHGFEA67DA,88.37,0.0,10.54,無,,41.0
南港區,房地(土地+建物),東新街２０５號二樓,50.33,住,,,1110930,土地1建物1車位0,二層，陽臺,四層,公寓(5樓含以下無電梯),住家用,650624.0,139.93,4,2,2,有,無,26980000,192811.0,,0.0,0,,RPTPMLLKIIHGFDA37EA,139.93,0.0,0.0,無,,46.0
內湖區,房地(土地+建物)+車位,內湖路二段２５３巷３０號二樓,39.63,住,,,1110929,土地1建物1車位1,二層,十一層,住宅大樓(11層含以上有電梯),住家用,971008.0,221.13,4,2,2,有,有,47800000,246625.0,坡道平面,37.45,2500000,陽台外推；,RPTQMLLMIIHGFCA47DA,114.85,5.38,13.77,有,,14.0
內湖區,房地(土地+建物),文德路４０號二樓,22.54,住,,,1110926,土地1建物1車位0,二層,七層,華廈(10層含以下有電梯),住家用,740627.0,112.55,3,2,1,有,有,22800000,202577.0,,0.0,0,後陽台外推增建,RPVNMLSLIIHGFCA97DA,93.24,0.0,11.84,有,,37.0
大安區,房地(土地+建物),忠孝東路四段１８１巷４３號二樓,9.16,住,,,1110916,土地1建物1車位0,二層,六層,華廈(10層含以下有電梯),住家用,761230.0,39.01,1,1,1,有,有,12200000,312740.0,,0.0,0,陽台外推；,RPSOMLTJJIHGFFA08DA,24.3,0.77,3.31,有,1250.0,35.0
信義區,房地(土地+建物)+車位,中坡南路２０１巷１８之３號十三樓,14.66,住,,,1110928,土地1建物1車位1,十三層,二十層,住宅大樓(11層含以上有電梯),住家用,1100423.0,140.31,2,1,1,有,有,34880000,296448.0,坡道平面,32.77,3000000,,RPSOMLLKJIHGFDA27EA,55.53,10.22,5.2,有,,1.0
文山區,房地(土地+建物),興隆路二段２４４巷１９號五樓,30.4,住,,,1110926,土地1建物1車位0,五層,五層,公寓(5樓含以下無電梯),住家用,730216.0,106.88,5,3,3,有,無,17800000,166542.0,,0.0,0,頂樓加蓋；其他增建；,RPUNMLTJJIHGFAA67DA,94.92,0.0,11.96,無,,39.0
松山區,房地(土地+建物),東興路２３號五樓,40.6,住,,,1110915,土地3建物1車位0,五層,五層,公寓(5樓含以下無電梯),住家用,740322.0,137.55,4,2,2,有,無,24880000,180880.0,,0.0,0,陽台外推；頂樓加蓋；其他增建；,RPVNMLRJJIHGFDA87DA,119.42,0.0,12.16,無,,37.0
大安區,房地(土地+建物),四維路８４巷５之３號,63.75,住,,,1110925,土地1建物1車位0,四層,四層,公寓(5樓含以下無電梯),住家用,590120.0,180.62,5,2,2,有,無,45318000,250902.0,,0.0,0,,RPPNMLKKJIHGFFA86DA,154.96,0.0,25.66,無,,53.0
北投區,房地(土地+建物)+車位,明德路２８號十樓,44.55,住,,,1110922,土地1建物1車位2,十層,十五層,住宅大樓(11層含以上有電梯),住家用,1050425.0,307.14,3,2,3,有,有,61000000,198606.0,坡道平面,88.28,0,,RPWOMLQLRHHGFEA98DA,126.13,11.79,12.43,有,1254.0,6.0
文山區,房地(土地+建物),木柵路四段１３９號十八樓之５,25.81,住,,,1110924,土地2建物1車位0,十八層,十九層,住宅大樓(11層含以上有電梯),住家用,1000214.0,84.25,2,2,1,有,有,19500000,231454.0,,0.0,0,,RPPOMLRJIIHGFAA96DA,54.21,0.0,4.73,有,1256.0,12.0
文山區,房地(土地+建物)+車位,政大二街１７１巷４３號,127.16,住,,,1110925,土地1建物1車位2,全,三層,透天厝,住家用,850106.0,264.06,5,2,2,有,有,36500000,138226.0,坡道平面,0.0,0,陽台外推；其他增建；,RPQOMLTKIIHGFAA37DA,157.71,1.0,18.86,無,1257.0,27.0
士林區,房地(土地+建物)+車位,中山北路六段２９０巷１１弄１號五樓,61.95,住,,,1110911,土地1建物1車位2,五層,七層,華廈(10層含以下有電梯),住家用,930701.0,249.45,4,2,2,有,有,59800000,239727.0,坡道平面,0.0,6000000,陽台加窗、機電房改作廚房陽台外推；其他增建；,RPPOMLLMIIHGFEA07DA,106.54,1.25,29.29,有,,18.0
大安區,房地(土地+建物),通化街１２０巷３號,22.18,住,,,1110924,土地1建物1車位0,一層，二層,四層,公寓(5樓含以下無電梯),住家用,,62.9,1,1,2,有,無,18500000,294118.0,,0.0,0,陽台外推；其他增建；,RPWNMLOKIIHGFFA87DA,48.78,7.06,7.06,無,,
中山區,房地(土地+建物),民權東路三段６０巷５號六樓之１,30.6,住,,,1110929,土地1建物1車位0,六層,七層,華廈(10層含以下有電梯),住家用,730312.0,146.31,3,2,2,有,無,33000000,225548.0,,0.0,0,陽台外推；,RPTOMLNKRHHGFCA18EA,103.76,0.0,16.86,有,,39.0
內湖區,房地(土地+建物),康樂街１８６巷２７號四樓之１,10.28,住,,,1110930,土地1建物1車位0,四層,七層,華廈(10層含以下有電梯),住家用,850517.0,35.92,1,2,1,有,有,6500000,180958.0,,0.0,0,夾層；其他增建；,RPVOMLNKIIHGFCA47DA,21.93,0.0,2.39,有,,26.0
文山區,房地(土地+建物),羅斯福路五段１７０巷２１號四樓,33.2,住,,,1110923,土地1建物1車位0,四層,五層,公寓(5樓含以下無電梯),住家用,690121.0,119.25,3,2,2,有,無,24800000,207966.0,,0.0,0,,RPUOMLKKJIHGFAA96DA,104.03,0.0,15.22,無,,43.0
中山區,房地(土地+建物),建國北路一段１５０號六樓,6.11,住,,,1110929,土地1建物1車位0,六層,十三層,住宅大樓(11層含以上有電梯),住家用,990318.0,47.129999999999995,1,1,1,有,有,14500000,307660.0,,0.0,0,,RPVOMLNKRHHGFCA38EA,27.75,3.4,0.0,有,1260.0,13.0
文山區,房地(土地+建物)+車位,育英街８３號二樓之１,18.21,住,,,1110916,土地1建物1車位1,二層,七層,華廈(10層含以下有電梯),住家用,1100120.0,97.76,1,1,1,有,有,17980000,236188.0,升降機械,27.35,1350000,,RPVNMLLKJIHGFAA07DA,39.2,2.59,6.26,有,,2.0
中山區,房地(土地+建物),龍江路４４３巷９號四樓,19.6,住,,,1110913,土地1建物1車位0,四層,五層,公寓(5樓含以下無電梯),住家用,690930.0,73.15,2,2,1,有,無,14850000,203008.0,,0.0,0,陽台外推；其他增建；,RPSNMLSKIIHGFCA57DA,61.08,0.0,12.07,無,1262.0,42.0
信義區,房地(土地+建物),永吉路５１７巷１弄１２號,35.25,住,,,1110930,土地1建物1車位0,一層,四層,公寓(5樓含以下無電梯),住家用,590730.0,74.4,0,0,0,無,無,45500000,611559.0,,0.0,0,,RPRNMLOKJIHGFDA37EA,74.4,0.0,0.0,無,,52.0
大安區,房地(土地+建物),信義路三段９９巷３４號五樓,13.61,住,,,1110925,土地1建物1車位0,五層,十四層,住宅大樓(11層含以上有電梯),住家用,750520.0,99.24,3,2,2,有,有,29500000,297289.0,,0.0,0,陽台外推；其他增建；,RPQPMLKMQHHGFFA08EA,71.84,1.76,10.81,有,,36.0
士林區,房地(土地+建物)+車位,基河路３００巷２７號二樓,37.1,住,,,1110915,土地1建物1車位1,二層,十三層,住宅大樓(11層含以上有電梯),住家用,1101117.0,237.17,3,2,2,有,有,51110000,235359.0,坡道平面,30.21,2400000,,RPOOMLKLIIHGFEA76DA,116.39,5.7,12.89,有,,1.0
內湖區,房地(土地+建物)+車位,康樂街１３６巷３０弄１３號四樓之２,27.67,住,,,1110927,土地1建物1車位1,四層,十五層,住宅大樓(11層含以上有電梯),住家用,1090424.0,183.97,4,2,2,有,有,34880000,189596.0,坡道平面,0.0,0,,RPTNMLOKJIHGFCA47EA,98.86,0.63,9.2,有,1265.0,2.0
內湖區,房地(土地+建物)+車位,內湖路二段２５３巷５０號,33.34,住,,,1110910,土地1建物3車位3,一層,七層,華廈(10層含以下有電梯),住家用,1000810.0,210.84,3,1,2,有,有,35650000,169086.0,升降機械,102.98,0,其他增建；,RPTQMLOKJIHGFCA67DA,72.82,0.0,0.0,有,,11.0
文山區,房地(土地+建物)+車位,興隆路三段１８１巷７８號四樓,53.19,住,,,1110901,土地3建物1車位2,四層,十二層,住宅大樓(11層含以上有電梯),住家用,1001024.0,224.3,3,2,2,有,有,34800000,184491.0,坡道平面,50.85,2800000,其他增建；,RPQOMLPLIIHGFAA07DA,102.64,4.67,10.95,有,1266.0,11.0
松山區,房地(土地+建物),光復北路１１巷５４號,29.25,住,,,1110922,土地1建物1車位0,一層，平台，騎樓,四層,公寓(5樓含以下無電梯),住家用,,85.69,0,1,1,有,無,32500000,379274.0,,0.0,0,,RPVQMLLKIIHGFDA67EA,85.69,0.0,0.0,無,,
大安區,房地(土地+建物)+車位,麗水街１７巷１６號四樓,29.87,住,,,1110930,土地1建物2車位1,四層,七層,華廈(10層含以下有電梯),住家用,1030415.0,167.8,3,2,2,有,有,66880000,398570.0,升降平面,19.0,0,陽台外推；其他增建；,RPWNMLTKIIHGFFA38DA,81.0,8.06,8.0,有,1267.0,8.0
南港區,房地(土地+建物)+車位,松河街７７２號二樓,28.73,住,,,1110926,土地1建物1車位1,二層,七層,華廈(10層含以下有電梯),住家用,981207.0,115.13,2,2,1,有,有,24000000,208460.0,坡道機械,0.0,0,陽台外推；,RPXNMLOKJIHGFDA97EA,51.67,6.65,7.07,有,1270.0,13.0
文山區,房地(土地+建物)+車位,三福街１０之１號六樓,38.42,住,,,1110920,土地1建物1車位1,六層，七層,七層,華廈(10層含以下有電梯),住家用,800225.0,203.54,4,2,3,有,有,30700000,150830.0,升降平面,0.0,1500000,陽台外推；其他增建；,RPTOMLKKJIHGFAA86DA,97.68,14.0,20.1,有,,32.0
信義區,房地(土地+建物),基隆路一段１４７巷５弄８號三樓,29.5,住,,,1110923,土地1建物1車位0,三層，陽臺,四層,公寓(5樓含以下無電梯),住家用,630920.0,85.41,3,2,1,有,無,21450000,251142.0,,0.0,0,陽台外推；其他增建；,RPVNMLRKIIHGFDA87DA,85.41,0.0,0.0,無,,48.0
內湖區,房地(土地+建物),內湖路三段３２７號二樓,19.0,住,,,1110926,土地1建物1車位0,二層,五層,公寓(5樓含以下無電梯),住家用,680504.0,68.4,3,2,1,有,無,10400000,152047.0,,0.0,0,陽台外推；其他增建；,RPQPMLOKIIHGFCA17DA,60.48,0.0,7.92,無,,43.0
士林區,房地(土地+建物),德行東路３３８巷１號,55.42,住,,,1110917,土地1建物1車位0,一層，二層，三層，地下層,五層,公寓(5樓含以下無電梯),住家用,770521.0,182.33,3,3,4,有,有,27200000,149180.0,,0.0,0,陽台外推；其他增建；,RPQOMLTJJIHGFEA77DA,161.97,4.48,9.34,無,,34.0
士林區,房地(土地+建物)+車位,忠誠路二段１２號六樓,25.98,住,,,1110929,土地1建物1車位1,六層,十四層,住宅大樓(11層含以上有電梯),住家用,711231.0,240.32,4,2,2,有,有,44000000,183082.0,坡道平面,0.0,0,前陽台、後陽台、側陽台陽台外推；,RPSNMLRJJIHGFEA67DA,181.42,0.0,31.52,有,,40.0
中正區,房地(土地+建物),中華路二段３０１巷１０號,19.24,住,,,1110929,土地1建物1車位0,一層，騎樓,五層,公寓(5樓含以下無電梯),住家用,560519.0,50.87,0,0,0,無,無,16400000,322390.0,,0.0,0,夾層；其他增建；,RPUNMLRLIIHGFAA57DA,50.87,0.0,0.0,無,,55.0
大安區,房地(土地+建物),羅斯福路二段８１巷７號二樓之２,8.77,住,,,1110927,土地1建物1車位0,二層,五層,華廈(10層含以下有電梯),住家用,900117.0,33.42,0,1,1,有,有,11630000,347995.0,,0.0,0,夾層；其他增建；,RPWOMLTKIIHGFFA48DA,19.07,2.13,0.0,有,,22.0
文山區,房地(土地+建物),福興路９８號四樓之２,11.67,住,,,1110924,土地1建物1車位0,四層,六層,華廈(10層含以下有電梯),住家用,850503.0,41.99,1,1,1,有,有,7620000,181472.0,,0.0,0,陽台外推；夾層；其他增建；,RPRNMLSKIIHGFAA27DA,24.58,1.28,2.3,有,1276.0,26.0
中山區,房地(土地+建物)+車位,明水路５３７號八樓之１,34.94,住,,,1110914,土地1建物1車位1,八層,十五層,住宅大樓(11層含以上有電梯),住家用,821222.0,184.44,4,2,2,有,有,46000000,249417.0,坡道平面,0.0,0,陽台外推；,RPXOMLKMRHHGFCA38DA,123.43,3.92,9.46,有,,29.0
北投區,房地(土地+建物),明德路２０３號五樓之１,12.78,住,,,1110924,土地1建物1車位0,五層,七層,華廈(10層含以下有電梯),住家用,670828.0,70.07,2,1,1,有,有,16250000,231911.0,,0.0,0,,RPPNMLPKJIHGFEA27DA,62.87,0.0,7.2,有,1277.0,44.0
中正區,房地(土地+建物),汀州路一段２２６巷５號三樓,23.86,住,,,1110926,土地1建物1車位0,三層,五層,公寓(5樓含以下無電梯),住家用,700826.0,69.85,2,2,1,有,無,13200000,188976.0,,0.0,0,,RPROMLLKJIHGFAA76DA,62.16,0.0,7.69,無,,41.0
南港區,房地(土地+建物)+車位,松河街７７０號五樓之５,28.73,住,,,1110929,土地1建物1車位1,五層,七層,華廈(10層含以下有電梯),住家用,981207.0,123.3,2,2,1,有,有,23900000,203596.0,坡道平面,18.19,2500000,陽台外推；其他增建；,RPOPMLRLIIHGFDA47DA,52.03,6.65,6.67,有,,13.0
中正區,房地(土地+建物)+車位,師大路２１２號三樓,17.82,住,,,1110918,土地1建物1車位1,三層,十三層,住宅大樓(11層含以上有電梯),住家用,991027.0,159.32,3,2,2,有,有,33330000,231731.0,其他,24.12,2000000,,RPTOMLQLIIHGFAA47DA,74.56,4.99,10.19,有,,12.0
中山區,房地(土地+建物)+車位,新生北路二段１５巷６號四樓,39.09,住,,,1110928,土地2建物1車位2,四層,七層,華廈(10層含以下有電梯),住家用,1001014.0,241.25,3,2,2,有,有,43140000,178819.0,升降機械,0.0,0,陽台外推；其他增建；,RPVOMLQKJIHGFCA97EA,93.82,6.75,10.43,有,,11.0
文山區,房地(土地+建物),萬隆街４５之３號三樓,26.64,住,,,1110911,土地1建物1車位0,三層,五層,公寓(5樓含以下無電梯),住家用,670921.0,102.47,4,2,2,有,無,18000000,175661.0,,0.0,0,陽台外推；,RPROMLPKJIHGFAA17DA,89.71,0.0,12.76,無,1282.0,44.0
萬華區,房地(土地+建物),青年路１２號十一樓,21.6,住,,,1110917,土地1建物1車位0,十一層,十二層,住宅大樓(11層含以上有電梯),住家用,760316.0,101.25,3,2,2,有,有,18600000,183704.0,,0.0,0,陽台外推；其他增建；,RPPPMLLKIIHGFBA66DA,69.33,0.0,9.48,有,,36.0
北投區,房地(土地+建物),東華街二段１７４巷２３號三樓,43.49,住,,,1110922,土地1建物1車位0,三層,五層,公寓(5樓含以下無電梯),住家用,750318.0,149.91,4,2,2,有,無,24000000,160096.0,,0.0,0,陽台外推；其他增建；,RPUOMLOLIIHGFEA77DA,121.02,0.0,18.39,無,,37.0
北投區,房地(土地+建物)+車位,石牌路一段３９巷１３１弄２０號十二樓,36.11,住,,,1110916,土地3建物2車位1,十二層,十二層,住宅大樓(11層含以上有電梯),住家用,1030508.0,194.27,3,2,2,有,有,52880000,272198.0,一樓平面,0.0,3000000,陽台外移、雨遮加蓋且向外擴大；現況格局另有一儲藏室；本戶頂樓之使用空間依社區分管約定，為本戶約定專用。頂樓加蓋；其他增建；,RPQOMLKLRHHGFEA77DA,83.98,18.56,7.5,有,1283.0,8.0
內湖區,房地(土地+建物),文德路６６巷４０弄１６號四樓,42.61,住,,,1110928,土地1建物1車位0,四層,五層,公寓(5樓含以下無電梯),住家用,730211.0,130.38,3,2,2,有,有,19500000,149563.0,,0.0,0,,RPQQMLQKJIHGFCA57DA,85.66,0.0,12.84,無,,39.0
大安區,房地(土地+建物)+車位,新生南路一段１６１巷５之３號四樓,39.25,住,,,1110923,土地1建物1車位1,四層,七層,華廈(10層含以下有電梯),住家用,930223.0,189.86,3,2,2,有,有,63800000,336037.0,塔式車位,14.4,0,塔式車位在地下二層。土地價格：60858268元整、建物價格：2941732元整。陽台外推；其他增建；,RPXNMLKKJIHGFFA67DA,98.17,3.6,10.9,有,,19.0
文山區,房地(土地+建物)+車位,景豐街６２巷２號七樓,23.86,住,,,1110923,土地1建物1車位1,七層,七層,華廈(10層含以下有電梯),住家用,880415.0,121.67,3,2,1,有,有,17750000,190609.0,升降平面,39.04,2000000,其他增建；,RPROMLTKIIHGFAA47DA,55.75,0.0,6.61,有,,23.0
萬華區,房地(土地+建物),國興路１０２號九樓之１,29.28,住,,,1110923,土地1建物1車位0,九層,十層,華廈(10層含以下有電梯),住家用,800102.0,153.01,3,2,2,有,有,28160000,184040.0,,0.0,0,,RPRNMLRKJIHGFBA37DA,109.6,0.0,13.1,有,,32.0
士林區,房地(土地+建物),天母北路８７巷７號四樓,35.63,住,,,1110920,土地1建物1車位0,四層,五層,公寓(5樓含以下無電梯),住家用,690225.0,117.24,3,2,2,有,無,17500000,149266.0,,0.0,0,,RPPNMLRKJIHGFEA47DA,97.84,0.0,19.4,無,,43.0
北投區,房地(土地+建物)+車位,長壽路２１號二樓,66.36,住,,,1110905,土地1建物1車位1,二層,五層,華廈(10層含以下有電梯),住家用,1071012.0,179.68,3,2,2,有,有,30000000,165939.0,升降平面,7.93,1500000,,RPUNMLRKJIHGFEA97DA,76.23,5.14,6.65,有,,4.0
南港區,房地(土地+建物),福德街３７３巷４７號六樓之１,25.37,住,,,1110903,土地1建物1車位0,六層,十九層,住宅大樓(11層含以上有電梯),住家用,870521.0,151.44,3,2,2,有,有,26000000,171685.0,,0.0,0,陽台外推；其他增建；,RPROMLMJJIHGFDA07DA,83.05,0.0,8.34,有,,24.0
文山區,房地(土地+建物),福興路１０２號七樓,18.12,住,,,1110924,土地1建物1車位0,七層,九層,華廈(10層含以下有電梯),住家用,910912.0,71.44,2,2,1,有,有,12200000,170773.0,,0.0,0,陽台外推；其他增建；,RPVNMLMJJIHGFAA07DA,47.55,0.0,5.08,有,1287.0,20.0
大同區,房地(土地+建物)+車位,民族西路２２５巷１３之６號四樓,34.67,住,,,1110923,土地1建物1車位1,四層,十層,華廈(10層含以下有電梯),住家用,940615.0,157.5,3,2,2,有,有,30080000,190984.0,坡道平面,0.0,0,,RPPNMLKLIIHGFBA09DA,80.93,3.16,7.11,有,,17.0
信義區,房地(土地+建物),信義路六段９９號三樓,32.5,住,,,1110912,土地1建物1車位0,三層,四層,公寓(5樓含以下無電梯),住家用,600823.0,88.21,4,2,1,有,無,19740000,223784.0,,0.0,0,,RPXNMLRKIIHGFDA08DA,88.21,0.0,0.0,無,,51.0
中正區,房地(土地+建物),中華路二段３８１巷１號四樓,34.25,住,,,1110919,土地3建物1車位0,四層，陽臺,四層,公寓(5樓含以下無電梯),住家用,,99.28,4,3,2,有,無,16800000,169218.0,,0.0,0,陽台外推；頂樓加蓋；其他增建；,RPRNMLSKJIHGFAA37DA,99.28,0.0,0.0,無,,
文山區,房地(土地+建物)+車位,福興路１０２之１號七樓,17.99,住,,,1110924,土地1建物1車位1,七層,九層,華廈(10層含以下有電梯),住家用,910912.0,100.15,2,1,1,有,有,13970000,159515.0,坡道平面,25.11,2000000,陽台外推；其他增建；,SPVNMLMJJIHGFAA17DA,46.85,0.03,4.74,有,,20.0
南港區,房地(土地+建物)+車位,經貿二路２３５巷５８號八樓之３,36.1,住,,,1110927,土地1建物1車位1,八層,十二層,住宅大樓(11層含以上有電梯),住家用,970627.0,172.45,3,2,2,有,有,41500000,288568.0,坡道平面,37.3,2500000,,RPQSMLLKIIHGFDA37EA,85.38,6.74,4.64,有,1289.0,14.0
文山區,房地(土地+建物)+車位,恆光街４１號四樓,49.0,住,,,1110903,土地1建物1車位1,四層,八層,華廈(10層含以下有電梯),住家用,800810.0,218.85,4,2,2,有,有,33550000,153301.0,坡道平面,28.19,0,陽台外推；,RPSOMLLLJIHGFAA07EA,165.22,7.37,14.04,有,,31.0
士林區,房地(土地+建物)+車位,文林路７６４號五樓,29.38,住,,,1110930,土地1建物1車位2,五層,十層,華廈(10層含以下有電梯),住家用,800626.0,186.73,1,1,1,有,有,32380000,201720.0,坡道機械,46.04,4000000,陽台加窗，栽植槽加窗。本案交易總價為新台幣下同3238萬元整，其中拆分土地價格為30 624 000元整，建物價格為新台幣1 756 000元整。其他增建；,RPVOMLMLJIHGFEA87EA,159.65,1.55,13.02,有,,31.0
內湖區,房地(土地+建物)+車位,民權東路六段１３３號八樓之１,53.94,住,,,1110919,土地2建物1車位1,八層,十一層,住宅大樓(11層含以上有電梯),住家用,950731.0,192.99,4,2,2,有,有,45700000,236800.0,坡道平面,0.0,0,陽台外推；,RPQNMLMLJIHGFCA07EA,106.87,7.01,15.76,有,,16.0
北投區,房地(土地+建物)+車位,天母西路１１７巷５２弄３號,97.45,住,,,1110912,土地1建物1車位2,一層,七層,華廈(10層含以下有電梯),住家用,881111.0,267.78,3,3,3,有,有,68600000,301600.0,坡道平面,60.22,6000000,陽台外移、空地加蓋其他增建；,RPWNMLMKRHHGFEA38DA,161.54,0.0,11.65,有,1293.0,23.0
文山區,房地(土地+建物)+車位,辛亥路四段２０９巷６號二十一樓,27.18,住,,,1110903,土地1建物1車位2,二十一層,二十六層,住宅大樓(11層含以上有電梯),住家用,1090430.0,253.36,3,2,2,有,有,56660000,269522.0,坡道平面,66.14,6200000,,RPPNMLMLJIHGFAA76EA,110.18,6.59,11.91,有,1294.0,2.0
內湖區,房地(土地+建物),文德路６６巷３４弄６號四樓,40.46,住,,,1110906,土地1建物1車位0,四層,五層,公寓(5樓含以下無電梯),住家用,730207.0,117.95,3,2,2,有,有,16000000,135651.0,,0.0,0,,RPVNMLLKJIHGFCA27DA,77.85,0.0,12.49,無,,39.0
北投區,房地(土地+建物)+車位,中央北路四段５４１巷１１號十八樓,19.85,住,,,1110921,土地1建物1車位1,十八層,十八層,住宅大樓(11層含以上有電梯),住家用,1101216.0,135.86,2,1,1,有,有,25230000,231627.0,坡道平面,38.16,2600000,,RPVNMLRJIIHGFEA87DA,53.32,2.47,8.03,有,,1.0
大安區,房地(土地+建物),仁愛路四段１５１巷１１號三樓,20.83,住,,,1110927,土地1建物1車位0,三層，陽臺,七層,華廈(10層含以下有電梯),住家用,651013.0,93.85,2,2,1,有,無,31880000,339691.0,,0.0,0,陽台外推；其他增建；,RPUNMLQLIIHGFFA97DA,93.85,0.0,0.0,有,1295.0,46.0
文山區,房地(土地+建物),景華街１２８巷３弄１２號,28.75,住,,,1110917,土地2建物1車位0,一層,四層,公寓(5樓含以下無電梯),住家用,660823.0,83.1,3,2,2,有,無,17850000,214801.0,,0.0,0,其他增建；,RPSNMLSLIIHGFAA47DA,69.04,14.06,0.0,無,,45.0
內湖區,房地(土地+建物),內湖路一段２８５巷６９弄１０號七樓之１,39.52,住,,,1110925,土地1建物1車位0,七層,七層,華廈(10層含以下有電梯),住家用,820226.0,110.06,3,2,2,有,有,26200000,238052.0,,0.0,0,陽台外推；其他增建；,RPSPMLLLIIHGFCA17DA,63.46,9.8,5.53,有,,30.0
士林區,房地(土地+建物)+車位,通河東街二段２０巷９號,37.18,住,,,1110921,土地12建物1車位2,一層,四層,公寓(5樓含以下無電梯),住家用,631211.0,153.42,1,2,2,有,有,26880000,175205.0,坡道平面,0.0,0,陽台外推；,RPTNMLLLJIHGFEA37DA,146.64,0.0,6.78,無,,48.0
內湖區,房地(土地+建物)+車位,康樂街１２９之２號九樓,29.34,住,,,1110920,土地1建物1車位2,九層,十四層,住宅大樓(11層含以上有電梯),住家用,1011029.0,210.57,3,2,2,有,有,35000000,216575.0,坡道平面,72.06,5000000,,RPQQMLLLIIHGFCA07DA,77.96,9.56,6.48,有,1298.0,10.0
信義區,房地(土地+建物),永吉路２７８巷４８弄２０號,22.6,住,,,1110929,土地1建物1車位0,一層,五層,公寓(5樓含以下無電梯),住家用,661028.0,79.17,1,1,1,有,無,22500000,284199.0,,0.0,0,,RPVSMLLKIIHGFDA87EA,68.71,10.46,0.0,無,,45.0
南港區,房地(土地+建物),玉成街５４號四樓,27.43,住,,,1110901,土地2建物1車位0,四層,四層,公寓(5樓含以下無電梯),住家用,680322.0,67.1,4,0,2,有,無,9000000,134128.0,,0.0,0,,RPUNMLSJJIHGFDA87DA,57.71,0.0,9.39,無,1300.0,43.0
北投區,房地(土地+建物)+車位,稻香路１６１巷１６弄８之３號四樓,47.38,住,,,1110929,土地1建物1車位1,四層,五層,華廈(10層含以下有電梯),住家用,1100902.0,121.7,2,2,1,有,有,20000000,207416.0,坡道平面,35.4,2100000,含裝潢費；,RPQNMLKKJIHGFEA86DA,47.79,3.53,4.92,有,,1.0
大安區,房地(土地+建物),仁愛路四段４０３號六樓,17.68,住,,,1110909,土地1建物1車位0,六層,十四層,住宅大樓(11層含以上有電梯),住家用,721130.0,187.5,3,2,3,有,有,69700000,371733.0,,0.0,0,陽台外推；其他增建；,RPPOMLLLIIHGFFA07DA,135.87,0.0,17.73,有,,39.0
南港區,房地(土地+建物),福德街３３９巷３弄１４號三樓,32.5,住,,,1110930,土地1建物1車位0,三層,四層,公寓(5樓含以下無電梯),住家用,660521.0,90.56,3,1,2,有,無,17200000,189929.0,,0.0,0,,RPPNMLOLJIHGFDA27EA,81.1,0.0,9.46,無,,45.0
文山區,房地(土地+建物),萬芳路５０之５號,139.56,住,,,1110926,土地1建物1車位0,全,三層,透天厝,住家用,920829.0,261.22,6,2,3,有,有,48000000,183753.0,,0.0,0,陽台外推；夾層；其他增建；,RPSNMLRJIIHGFAA17DA,219.86,4.68,13.92,無,,19.0
信義區,房地(土地+建物),永吉路１２０巷８０弄１６號三樓,29.6,住,,,1110907,土地1建物1車位0,三層,五層,公寓(5樓含以下無電梯),住家用,660412.0,102.39,3,2,2,有,無,26100000,254908.0,,0.0,0,陽台外推；,RPQNMLKKJIHGFDA76DA,85.41,0.0,16.98,無,1303.0,45.0
內湖區,房地(土地+建物)+車位,金湖路３４７巷１２１弄６號四樓,140.88,住,,,1110902,土地1建物2車位1,四層，五層,五層,華廈(10層含以下有電梯),住家用,941219.0,313.15,4,2,3,有,有,68000000,238685.0,坡道平面,38.73,2500000,,RPUPMLLLJIHGFCA47DA,180.01,6.1,16.67,有,,17.0
中山區,房地(土地+建物),南京東路二段４１巷３弄１０號二樓,14.12,住,,,1110906,土地1建物1車位0,二層,七層,華廈(10層含以下有電梯),住家用,1091231.0,52.290000000000006,1,1,1,有,有,19880000,380187.0,,0.0,0,含裝潢費；,RPROMLPLJIHGFCA47DA,27.95,2.89,1.1,有,,2.0
北投區,房地(土地+建物)+車位,石牌路一段３９巷１４６號十樓之５,14.19,住,,,1110912,土地1建物1車位1,十層,十三層,住宅大樓(11層含以上有電梯),住家用,1101229.0,115.86,2,1,1,有,有,20000000,238932.0,坡道平面,44.71,3000000,,RPPNMLLJJIHGFEA76DA,42.49,0.0,3.25,有,,1.0
北投區,房地(土地+建物)+車位,知行路２２８號三樓,35.31,住,,,1110930,土地1建物1車位1,三層,十一層,住宅大樓(11層含以上有電梯),住家用,1001122.0,205.26,3,2,2,有,有,30350000,172016.0,坡道平面,40.45,2000000,,RPOOMLKMRHHGFEA67DA,96.84,2.35,13.48,有,1305.0,11.0
文山區,房地(土地+建物),木柵路四段１４１號五樓之１,25.67,住,,,1110902,土地2建物1車位0,五層,十九層,住宅大樓(11層含以上有電梯),住家用,1000214.0,83.19,2,2,1,有,有,18800000,225989.0,,0.0,0,,RPQNMLRJIIHGFAA96DA,53.73,0.0,5.48,有,1306.0,12.0
北投區,房地(土地+建物),榮華一路２０巷２號二樓,27.58,住,,,1110929,土地1建物1車位0,二層,六層,華廈(10層含以下有電梯),住家用,721027.0,117.2,3,2,2,有,有,26680000,227645.0,,0.0,0,陽台外推；,RPPPMLRJJIHGFEA57DA,92.64,0.0,19.49,有,1308.0,39.0
內湖區,房地(土地+建物)+車位,東湖路１１３巷９５弄１０４號六樓,51.8,住,,,1110930,土地2建物1車位1,六層，七層,七層,華廈(10層含以下有電梯),住家用,790502.0,250.43,4,2,2,有,有,32600000,130176.0,坡道平面,0.0,0,陽台外推；其他增建；,RPXNMLNJJIHGFCA57DA,140.79,20.64,16.08,有,,32.0
士林區,房地(土地+建物),忠誠路一段１７１巷１０弄１２號六樓,34.88,住,,,1110918,土地1建物1車位0,六層,十層,華廈(10層含以下有電梯),住家用,810930.0,163.03,3,2,2,有,有,45180000,277127.0,,0.0,0,其他增建；,RPPOMLTLJIHGFEA87DA,142.72,0.0,14.3,有,1309.0,30.0
內湖區,房地(土地+建物)+車位,成功路四段１７８號八樓,20.12,,,,1110923,土地1建物1車位1,八層,二十九層,住宅大樓(11層含以上有電梯),住家用,1070223.0,279.21999999999997,3,2,3,有,有,73500000,263233.0,坡道平面,0.0,0,,RPRNMLKMJIHGFCA07EA,145.68,5.95,18.1,有,1311.0,5.0
信義區,房地(土地+建物),福德街８４巷１弄１１號三樓,31.0,住,,,1110901,土地1建物1車位0,三層，陽臺,四層,公寓(5樓含以下無電梯),住家用,610825.0,74.45,2,2,1,有,無,13800000,185359.0,,0.0,0,陽台外推；其他增建；,RPWNMLQKJIHGFDA97DA,74.45,0.0,0.0,無,,50.0
中山區,房地(土地+建物),龍江路２９２巷１９號三樓,34.0,住,,,1110923,土地1建物1車位0,三層,四層,公寓(5樓含以下無電梯),住家用,600426.0,89.4,2,2,2,有,無,15000000,167785.0,,0.0,0,,RPQOMLKMJIHGFCA96DA,89.4,0.0,0.0,無,,51.0
信義區,房地(土地+建物),忠孝東路四段５５３巷２弄７號,34.5,住,,,1110925,土地1建物1車位0,一層,四層,公寓(5樓含以下無電梯),住家用,590921.0,108.37,2,1,2,有,無,39800000,367260.0,,0.0,0,其他增建；,RPROMLTLJIHGFDA97DA,108.37,0.0,0.0,無,,52.0
內湖區,房地(土地+建物)+車位,民權東路六段２０６巷１４３弄３號五樓,35.78,住,,,1110906,土地1建物2車位1,五層,五層,華廈(10層含以下有電梯),住家用,1020328.0,108.61,3,2,2,有,有,26080000,240125.0,塔式車位,16.06,0,陽台外推；夾層；其他增建；,RPUUMLLJJIHGFCA77DA,43.35,2.94,8.21,有,1312.0,9.0
大安區,房地(土地+建物),敦化南路二段６３巷２１弄３１號二樓,17.68,住,,,1110920,土地1建物1車位0,二層,七層,華廈(10層含以下有電梯),住家用,820813.0,72.33,2,2,1,有,無,18880000,261026.0,,0.0,0,陽台外推；其他增建；,RPWNMLPJIIHGFFA87DA,51.13,4.38,5.52,有,,29.0
士林區,房地(土地+建物)+車位,士東路８９巷１０號五樓,46.92,住,,,1110926,土地1建物1車位1,五層,五層,公寓(5樓含以下無電梯),住家用,780906.0,184.6,4,3,3,有,無,26000000,170043.0,坡道平面,46.4,2500000,陽台外移、花台加蓋、露台加蓋。格局另有一瞭望台空間頂樓加蓋；其他增建；,RPSPMLQLRHHGFEA68DA,154.15,12.9,10.23,無,,33.0
大安區,房地(土地+建物),仁愛路四段３００巷３５弄１號三樓,42.45,住,,,1110930,土地1建物1車位0,三層,七層,華廈(10層含以下有電梯),住家用,690911.0,196.25,6,2,2,有,有,55500000,282803.0,,0.0,0,陽台外推；,RPUQMLKMQHHGFFA58EA,166.28,0.0,25.51,有,,42.0
中山區,房地(土地+建物),龍江路２５６號七樓,25.46,住,,,1110918,土地1建物1車位0,七層,七層,華廈(10層含以下有電梯),住家用,710612.0,134.31,3,2,2,有,無,34530000,257092.0,,0.0,0,陽台外推；頂樓加蓋；其他增建；,RPPQMLTKIIHGFCA67DA,114.37,0.0,14.83,有,,40.0
內湖區,房地(土地+建物)+車位,星雲街１６１巷８號十三樓之１,21.88,住,,,1110911,土地1建物1車位1,十三層,十四層,住宅大樓(11層含以上有電梯),住家用,940712.0,139.16,3,2,1,有,有,30300000,276342.0,坡道平面,38.56,2500000,,RPUNMLLMIIHGFCA27DA,65.99,0.0,7.11,有,,17.0
松山區,房地(土地+建物),南京東路三段３３５巷１３號三樓,13.44,住,,,1110929,土地1建物1車位0,三層,七層,華廈(10層含以下有電梯),住家用,750321.0,81.22,2,2,1,有,有,20850000,256710.0,,0.0,0,,RPWOMLLJJIHGFDA57EA,46.04,0.0,7.01,有,1315.0,37.0
萬華區,建物,開封街二段４２巷６弄６號,0.0,,,,1110914,土地0建物1車位0,三層,五層,公寓(5樓含以下無電梯),住家用,,74.43,3,0,3,有,無,4200000,56429.0,,0.0,0,,RPRNMLTKIIHGFBA47DA,74.43,0.0,0.0,無,,
萬華區,建物,開封街二段４２巷６弄６號,0.0,,,,1110914,土地0建物1車位0,二層,五層,公寓(5樓含以下無電梯),住家用,,74.43,3,0,3,有,無,4200000,56429.0,,0.0,0,,RPSNMLTKIIHGFBA57DA,74.43,0.0,0.0,無,,
內湖區,房地(土地+建物),康樂街１３４號四樓,26.5,住,,,1110923,土地1建物1車位0,四層,五層,公寓(5樓含以下無電梯),住家用,740401.0,92.67,3,2,1,有,無,12800000,138125.0,,0.0,0,,RPPOMLLJKIHGFCA76DA,83.44,0.0,9.23,無,,37.0
大安區,房地(土地+建物),忠孝東路四段１８１巷２７號二樓,31.0,住,,,1110914,土地1建物1車位0,二層,五層,公寓(5樓含以下無電梯),住家用,750523.0,116.08,3,2,2,有,無,37130000,319866.0,,0.0,0,,RPSRMLKMQHHGFFA48EA,95.59,0.0,11.09,無,,36.0
大安區,房地(土地+建物),和平東路三段４２０號五樓,16.33,住,,,1110922,土地1建物2車位0,五層,七層,華廈(10層含以下有電梯),住家用,750609.0,68.69,2,1,1,有,有,16800000,244577.0,,0.0,0,陽台外推；其他增建；,RPWNMLOJJIHGFFA87DA,48.85,0.0,7.56,有,,36.0
內湖區,房地(土地+建物)+車位,星雲街１６３號六樓之１,17.03,,,,1110907,土地1建物1車位1,六層,十四層,住宅大樓(11層含以上有電梯),住家用,880901.0,129.47,3,2,2,有,有,26000000,200819.0,坡道平面,0.0,0,夾層；,RPROMLSJKIHGFCA77EA,62.17,0.0,6.7,有,1318.0,23.0
大安區,房地(土地+建物),忠孝東路四段１８１巷２７號四樓,31.0,住,,,1110914,土地1建物1車位0,四層,五層,公寓(5樓含以下無電梯),住家用,750523.0,116.08,3,2,2,有,無,33600000,289456.0,,0.0,0,,RPQRMLKMQHHGFFA28EA,95.59,0.0,11.09,無,,36.0
大安區,房地(土地+建物),忠孝東路四段１８１巷２７號五樓,31.0,住,,,1110914,土地1建物1車位0,五層,五層,公寓(5樓含以下無電梯),住家用,750523.0,116.08,3,4,3,有,無,37380000,322019.0,,0.0,0,,RPRRMLKMQHHGFFA38EA,95.59,0.0,11.09,無,,36.0
內湖區,房地(土地+建物),星雲街１３８巷６號十一樓,41.44,住,,,1110919,土地1建物1車位0,十一層,十二層,住宅大樓(11層含以上有電梯),住家用,880602.0,160.98,3,2,2,有,有,29500000,183253.0,,0.0,0,陽台外推；其他增建；,RPWNMLOKJIHGFCA67DA,101.47,2.77,11.42,有,,23.0
大安區,房地(土地+建物),忠孝東路四段１８１巷２７號三樓,31.0,住,,,1110914,土地1建物1車位0,三層,五層,公寓(5樓含以下無電梯),住家用,750523.0,116.08,3,2,2,有,無,35000000,301516.0,,0.0,0,,RPPRMLKMQHHGFFA18EA,95.59,0.0,11.09,無,,36.0
信義區,房地(土地+建物),忠孝東路五段３９號二樓,19.83,住,,,1110924,土地2建物1車位0,二層,十二層,住宅大樓(11層含以上有電梯),住家用,720406.0,125.11,2,1,1,有,有,32180000,257214.0,,0.0,0,,RPUOMLLJJIHGFDA37EA,80.2,0.0,12.46,有,,39.0
北投區,房地(土地+建物),石牌路二段３３１巷７號五樓,48.73,住,,,1110809,土地1建物1車位0,五層,五層,公寓(5樓含以下無電梯),住家用,770719.0,131.35000000000002,3,2,2,有,無,19000000,144652.0,,0.0,0,頂樓加蓋；其他增建；,RPQNMLTKQHHGFEA38DA,115.84,0.0,12.71,無,,34.0
北投區,房地(土地+建物),懷德街９８巷２４號三樓,38.75,住,,,1110807,土地1建物1車位0,三層,四層,公寓(5樓含以下無電梯),住家用,581119.0,100.8,2,2,2,有,無,20000000,198413.0,,0.0,0,其他增建；,RPPNMLNLQHHGFEA77DA,100.8,0.0,0.0,無,,53.0
中山區,房地(土地+建物),龍江路３９７巷４０號二樓,29.1,住,,,1110807,土地1建物1車位0,二層,五層,公寓(5樓含以下無電梯),住家用,701130.0,103.72,3,2,2,有,無,20000000,192827.0,,0.0,0,,RPXQMLQKOHHGFCA78EA,88.14,0.0,15.58,無,,41.0
文山區,房地(土地+建物)+車位,萬壽路６１巷３號十樓,66.05,住,,,1110808,土地1建物1車位1,十層，電梯樓梯間,十五層,住宅大樓(11層含以上有電梯),住家用,841220.0,134.7,2,2,2,有,有,13800000,102450.0,坡道平面,41.37,0,陽台外推；,RPRNMLRJRHHGFAA87DA,110.78,0.7,10.02,有,,27.0
內湖區,房地(土地+建物)+車位,陽光街９２巷２５弄１９號十樓之１,12.06,住,,,1110804,土地1建物1車位1,十層,十層,華廈(10層含以下有電梯),住家用,1021101.0,75.32,1,2,1,有,有,21880000,290494.0,塔式車位,0.0,0,陽台外推；頂樓加蓋；夾層；其他增建；,RPOQMLPJRHHGFCA87DA,29.1,1.57,3.6,有,1332.0,9.0
中山區,房地(土地+建物),松江路６４巷７號五樓,15.0,住,,,1110806,土地1建物1車位0,五層,五層,公寓(5樓含以下無電梯),住家用,720110.0,54.6,2,2,1,有,無,13800000,252747.0,,0.0,0,其他增建:天井加蓋之增建物陽台外推；其他增建；,RPORMLQKOHHGFCA97EA,47.17,0.0,7.43,無,1333.0,40.0
中山區,房地(土地+建物),北安路６２１巷４８號五樓,25.15,住,,,1110810,土地1建物1車位0,五層,七層,華廈(10層含以下有電梯),住家用,740705.0,121.39,3,2,2,有,有,31880000,262625.0,,0.0,0,陽台外推；,RPPRMLQKOHHGFCA08EA,100.66,1.67,10.04,有,,37.0
士林區,房地(土地+建物),中山北路六段４５０巷２７號三樓,27.92,住,,,1110813,土地1建物1車位0,三層,五層,公寓(5樓含以下無電梯),住家用,740108.0,106.09,3,2,2,有,無,19200000,180978.0,,0.0,0,陽台外推；其他增建；,RPWOMLMLQHHGFEA48DA,88.21,0.0,9.6,無,1335.0,38.0
內湖區,房地(土地+建物)+車位,民權東路六段２０６巷１４３弄３號二樓,38.36,住,,,1110818,土地1建物2車位1,二層,五層,華廈(10層含以下有電梯),住家用,1020328.0,109.67,3,2,2,有,有,21300000,194219.0,坡道平面,16.06,0,,RPWOMLPJRHHGFCA48DA,46.88,7.49,4.05,有,1336.0,9.0
北投區,房地(土地+建物),中和街４５８巷４４弄８號,67.0,住,,,1110809,土地1建物1車位0,全,二層,透天厝,住家用,620605.0,70.5,3,2,2,有,無,15600000,221277.0,,0.0,0,壹樓防火巷外推陽台外推；頂樓加蓋；其他增建；,RPWNMLSJRHHGFEA98EA,70.5,0.0,0.0,無,,49.0
內湖區,房地(土地+建物),內湖路三段６０巷１２弄２０號三樓,30.71,住,,,1110829,土地1建物1車位0,三層,五層,公寓(5樓含以下無電梯),住家用,681128.0,101.61,3,2,2,有,無,15000000,147623.0,,0.0,0,,RPPNMLMKRHHGFCA57EA,85.4,0.0,16.21,無,,43.0
北投區,房地(土地+建物),文林北路２６４號三樓,24.75,住,,,1110804,土地1建物1車位0,三層,四層,公寓(5樓含以下無電梯),住家用,600720.0,73.76,2,2,1,有,無,14500000,196584.0,,0.0,0,,RPXNMLPJQHHGFEA58DA,73.76,0.0,0.0,無,1337.0,51.0
信義區,房地(土地+建物),吳興街６００巷６０號五樓之３,10.85,住,,,1110807,土地1建物1車位0,五層,七層,華廈(10層含以下有電梯),住家用,1100503.0,44.02,1,1,1,有,有,15280000,347115.0,,0.0,0,,RPQPMLLMQHHGFDA87DA,22.86,1.67,2.29,有,,1.0
士林區,房地(土地+建物),天母東路７７之６號五樓,21.35,住,,,1110809,土地1建物1車位0,五層,七層,華廈(10層含以下有電梯),住家用,740508.0,113.65,3,2,2,有,有,26000000,228773.0,,0.0,0,,RPVNMLOLQHHGFEA48DA,84.23,0.0,13.03,有,,37.0
萬華區,房地(土地+建物),東園街６６巷７弄１４之３號三樓,20.61,住,,,1110812,土地1建物1車位0,三層,五層,公寓(5樓含以下無電梯),住家用,850615.0,74.94,3,1,1,有,有,10000000,133440.0,,0.0,0,陽台外推；夾層；,RPWNMLRJRHHGFBA48DA,45.14,1.1,5.57,無,,26.0
文山區,房地(土地+建物)+車位,福興路９５巷２３號七樓之１,32.37,住,,,1110813,土地1建物1車位1,七層,十層,華廈(10層含以下有電梯),住家用,890626.0,129.26999999999998,3,2,2,有,有,18500000,171732.0,坡道平面,33.19,2000000,其他增建；,RPSOMLRJRHHGFAA08DA,74.49,0.0,4.73,有,,22.0
大同區,房地(土地+建物)+車位,涼州街２號十二樓之６,10.92,住,,,1110817,土地1建物1車位2,十二層,十五層,住宅大樓(11層含以上有電梯),住家用,1000318.0,120.96,2,2,1,有,有,26100000,215774.0,坡道機械,38.92,0,,RPWOMLQJRHHGFBA48DA,53.99,1.6,4.55,有,1351.0,11.0
士林區,房地(土地+建物),忠誠路一段１６巷１４弄６號四樓,22.03,住,,,1110815,土地2建物1車位0,四層,五層,公寓(5樓含以下無電梯),住家用,750430.0,123.06,3,2,2,有,有,23650000,192183.0,,0.0,0,,RPXQMLKMQHHGFEA68DA,80.0,22.29,8.53,無,1352.0,36.0
北投區,房地(土地+建物)+車位,崗山路２２之１號,47.63,住,,,1110812,土地1建物1車位1,一層,七層,華廈(10層含以下有電梯),住家用,801213.0,351.87,5,3,3,有,有,18200000,51724.0,升降平面,24.18,0,其他增建；,RPSOMLTLQHHGFEA78DA,132.84,184.65,0.0,有,1353.0,31.0
南港區,房地(土地+建物)+車位,經貿二路１５７巷３６弄１１２號十四樓,46.86,住,,,1110808,土地1建物1車位2,十四層,二十一層,住宅大樓(11層含以上有電梯),住家用,1030306.0,328.03999999999996,4,2,2,有,有,57500000,221708.0,坡道平面,90.34,4800000,,RPQNMLSJRHHGFDA18DA,144.66,11.86,12.92,有,1354.0,8.0
萬華區,房地(土地+建物),萬大路４２４巷１０８號四樓,33.11,住,,,1110813,土地1建物1車位0,四層,五層,公寓(5樓含以下無電梯),住家用,680818.0,112.59,4,2,3,有,無,16500000,146549.0,,0.0,0,陽台外推；其他增建；,RPRNMLLMQHHGFBA57DA,100.39,0.0,12.2,無,,43.0
文山區,房地(土地+建物),興隆路三段１８５巷５弄２號五樓,35.42,住,,,1110815,土地7建物1車位0,五層,五層,公寓(5樓含以下無電梯),住家用,720823.0,108.01,3,2,2,有,有,10400000,96287.0,,0.0,0,,RPPNMLNKRHHGFAA47EA,71.27,9.46,15.49,無,,39.0
內湖區,建物,瑞光路２５３巷１５號八樓,0.0,,,,1110801,土地0建物1車位0,八層,十層,華廈(10層含以下有電梯),住家用,860214.0,140.14,3,2,2,有,有,12800000,91337.0,,0.0,0,地上權房屋；,RPXPMLMKRHHGFCA48DA,95.31,0.0,9.86,有,,25.0
南港區,房地(土地+建物),南港路一段１７１巷１之７號,46.0,住,,,1110812,土地1建物1車位0,全,一層,透天厝,住家用,501015.0,44.85,0,1,1,有,無,18800000,419175.0,,0.0,0,頂樓加蓋部份2房0廳1衛頂樓加蓋；,RPWNMLMKRHHGFDA28DA,44.85,0.0,0.0,無,,61.0
信義區,房地(土地+建物),和平東路三段４３５巷１０弄１８號二樓,17.62,住,,,1110801,土地1建物1車位0,二層，陽臺,四層,公寓(5樓含以下無電梯),住家用,,52.63,2,1,1,有,無,12500000,237507.0,,0.0,0,陽台外推；其他增建；,RPRUMLOLQHHGFDA68DA,52.63,0.0,0.0,無,1358.0,
士林區,房地(土地+建物),士東路９１巷２６弄６號四樓,8.23,住,,,1110818,土地1建物1車位0,四層,七層,華廈(10層含以下有電梯),住家用,980302.0,38.83,1,1,1,有,有,9500000,244656.0,,0.0,0,,RPQNMLNKRHHGFEA97EA,19.03,1.33,2.19,有,,13.0
中正區,房地(土地+建物),連雲街２６巷３號三樓,11.68,住,,,1110813,土地1建物1車位0,三層，陽臺,四層,公寓(5樓含以下無電梯),住家用,640523.0,31.38,2,1,1,有,無,8600000,274060.0,,0.0,0,,RPQOMLMKRHHGFBA67EA,31.38,0.0,0.0,無,1359.0,47.0
文山區,房地(土地+建物),景興路４２巷４弄５之１號三樓,34.63,住,,,1110807,土地1建物1車位0,三層，陽臺,四層,公寓(5樓含以下無電梯),住家用,631102.0,93.05,3,2,1,有,無,14650000,157442.0,,0.0,0,,RPQPMLLJRHHGFAA37DA,93.05,0.0,0.0,無,,48.0
內湖區,房地(土地+建物),金湖路３６３巷２５弄１７號,33.93,住,,,1110823,土地1建物1車位0,一層,五層,華廈(10層含以下有電梯),住家用,970416.0,80.01,2,1,1,有,有,18500000,231221.0,,0.0,0,夾層；,RPWOMLMJRHHGFCA18DA,44.15,4.87,6.33,有,,14.0
士林區,房地(土地+建物),天母北路２８巷３９號三樓之１１,7.36,住,,,1110815,土地1建物1車位0,三層,九層,華廈(10層含以下有電梯),住家用,970130.0,39.44,1,1,1,有,有,11250000,285243.0,,0.0,0,陽台外推；夾層；,RPSOMLMKRHHGFEA08DA,20.4,1.23,2.39,有,1363.0,15.0
大安區,房地(土地+建物),延吉街１７９號九樓,11.64,住,,,1110829,土地1建物1車位0,九層,十四層,住宅大樓(11層含以上有電梯),住家用,721130.0,122.91,2,2,2,有,有,39800000,323814.0,,0.0,0,陽台外推；其他增建；,RPUNMLNKRHHGFFA38DA,86.79,0.0,14.33,有,,39.0
內湖區,房地(土地+建物),環山路一段１３６巷１８弄６號三樓,28.64,住,,,1110820,土地4建物1車位0,三層,四層,公寓(5樓含以下無電梯),住家用,660609.0,76.69,3,2,1,有,無,14050000,183205.0,,0.0,0,陽台外推；其他增建；,RPTPMLTLQHHGFCA78DA,68.94,0.0,7.75,無,1365.0,45.0
文山區,房地(土地+建物)+車位,辛亥路四段７７巷９２弄３號八樓,129.27,住,,,1110813,土地3建物1車位1,八層,十一層,住宅大樓(11層含以上有電梯),住家用,920922.0,225.03,4,2,2,有,有,34000000,151091.0,坡道平面,0.0,0,,RPQOMLMKRHHGFAA57EA,124.62,0.0,20.47,有,,19.0
文山區,房地(土地+建物),保儀路１０９巷３弄２９號四樓,21.77,住,,,1110819,土地1建物1車位0,四層，陽臺,四層,公寓(5樓含以下無電梯),住家用,,84.93,3,2,1,有,無,10370000,122101.0,,0.0,0,,RPSNMLNKRHHGFAA77EA,84.93,0.0,0.0,無,1366.0,
信義區,房地(土地+建物)+車位,市民大道六段１０８號九樓之２,7.1,住,,,1110820,土地1建物1車位1,九層,十二層,住宅大樓(11層含以上有電梯),住家用,1110414.0,48.56,0,1,1,有,有,12880000,265239.0,塔式車位,15.07,0,塔式車位位於地下第三層,RPRNMLNKRHHGFDA87DA,18.32,0.39,2.12,有,1372.0,
內湖區,房地(土地+建物)+車位,成功路四段２９４巷２３弄１號,257.66,住,,,1110807,土地5建物1車位1,全,四層,透天厝,住家用,750702.0,354.69,5,2,3,有,有,53000000,149426.0,坡道平面,0.0,0,,RPTQMLSJRHHGFCA68DA,252.91,97.2,4.58,無,,36.0
中山區,房地(土地+建物),中原街２２號四樓之１４,3.69,住,,,1110808,土地1建物1車位0,四層,七層,華廈(10層含以下有電梯),住家用,660625.0,22.54,1,0,1,有,有,4620000,204969.0,,0.0,0,陽台外推；,RPOPMLMKRHHGFCA57DA,16.3,0.0,2.38,有,,45.0
北投區,房地(土地+建物)+車位,知行路２６０巷１０號四樓,33.78,住,,,1110805,土地1建物1車位1,四層,八層,華廈(10層含以下有電梯),住家用,901009.0,151.51999999999998,3,2,2,有,有,20000000,131996.0,坡道平面,0.0,2000000,陽台向外加蓋凸窗。陽台外推；其他增建；,RPTOMLNKRHHGFEA38EA,80.83,0.0,9.89,有,,21.0
松山區,房地(土地+建物)+車位,光復南路６０號二樓,44.08,住,,,1110817,土地2建物1車位4,二層,十三層,住宅大樓(11層含以上有電梯),住家用,1010911.0,432.7000000000001,4,2,3,有,有,79000000,222841.0,坡道平面,123.96,10200000,,RPROMLSJRHHGFDA38DA,167.26,8.49,14.36,有,,10.0
內湖區,房地(土地+建物),文湖街２１巷１１８弄４６號六樓,13.4,住,,,1110805,土地1建物1車位0,六層,七層,華廈(10層含以下有電梯),住家用,1050223.0,68.83,2,2,1,有,無,12300000,178701.0,,0.0,0,,RPPNMLTJRHHGFCA08DA,32.71,0.0,8.69,有,,6.0
松山區,房地(土地+建物),八德路三段１２巷６３弄１３號二樓,30.0,住,,,1110821,土地1建物1車位0,二層，陽臺,四層,公寓(5樓含以下無電梯),住家用,540922.0,78.52,3,2,2,有,無,20000000,254712.0,,0.0,0,陽台外推；,RPROMLOKRHHGFDA18EA,78.52,0.0,0.0,無,,57.0
文山區,房地(土地+建物),萬隆街４７之６號三樓,27.29,住,,,1110807,土地1建物1車位0,三層,五層,公寓(5樓含以下無電梯),住家用,670921.0,111.07,3,2,2,有,無,20050000,180517.0,,0.0,0,其他增建；,RPRNMLNKRHHGFAA67EA,98.34,0.0,12.73,無,1379.0,44.0
北投區,房地(土地+建物)+車位,中山北路七段２１９巷３弄２８０號四樓之２,57.08,住,,,1110802,土地1建物1車位1,四層,七層,華廈(10層含以下有電梯),住家用,960824.0,128.01999999999998,2,2,1,有,有,23000000,179659.0,坡道機械,24.9,0,,RPROMLOKRHHGFEA28EA,74.64,2.8,9.03,有,1385.0,15.0
北投區,房地(土地+建物),明德路３３１巷１６號三樓,60.5,,,,1110830,土地2建物1車位0,三層,四層,公寓(5樓含以下無電梯),住家用,580616.0,119.79,3,2,1,有,無,15000000,125219.0,,0.0,0,,RPWOMLOKRHHGFEA78EA,119.79,0.0,0.0,無,,53.0
信義區,房地(土地+建物),吳興街２８４巷２１弄１號二樓,38.15,住,,,1110806,土地1建物1車位0,二層,五層,公寓(5樓含以下無電梯),住家用,750830.0,135.45,4,2,2,有,無,21000000,155039.0,,0.0,0,,RPPNMLPKQHHGFDA77DA,117.55,0.0,12.21,無,1386.0,36.0
北投區,房地(土地+建物),奇岩路１２之５號四樓,31.15,住,,,1110817,土地1建物1車位0,四層,五層,公寓(5樓含以下無電梯),住家用,1011023.0,45.129999999999995,0,0,0,無,有,6300000,139597.0,,0.0,0,,RPOPMLMLQHHGFEA77DA,24.52,0.96,2.74,無,1387.0,10.0
大安區,房地(土地+建物),忠孝東路三段２４８巷１９弄４４號三樓,38.7,住,,,1110811,土地1建物1車位0,三層,五層,公寓(5樓含以下無電梯),住家用,720401.0,101.82,3,2,1,有,有,27000000,265174.0,,0.0,0,,RPWNMLNKPHHGFFA48EA,84.68,0.0,10.75,無,1388.0,39.0
松山區,房地(土地+建物),延壽街４０２巷２弄１號,62.4,住,,,1110801,土地4建物1車位0,一層,五層,公寓(5樓含以下無電梯),住家用,670508.0,118.33,2,2,2,有,無,37000000,312685.0,,0.0,0,,RPWOMLPJRHHGFDA58DA,106.54,11.79,0.0,無,,44.0
內湖區,房地(土地+建物)+車位,環山路二段５３巷５弄１１之２號七樓,15.17,住,,,1110820,土地1建物1車位1,七層,七層,華廈(10層含以下有電梯),住家用,970804.0,88.43,2,1,1,有,有,17400000,196766.0,升降機械,0.0,1800000,陽台外推；夾層；其他增建；,RPUNMLOKRHHGFCA18DA,31.82,4.64,4.43,有,1390.0,14.0
士林區,房地(土地+建物),中山北路七段１４１巷１４弄３０號,17.2,住,,,1110819,土地1建物1車位0,全,二層,透天厝,住家用,560124.0,22.97,5,2,3,有,無,6250000,272094.0,,0.0,0,頂樓加蓋；,RPROMLNKRHHGFEA08DA,22.97,0.0,0.0,無,,56.0
南港區,房地(土地+建物)+車位,興東街７號四樓,30.88,住,,,1110807,土地1建物1車位1,四層,七層,華廈(10層含以下有電梯),住家用,841117.0,123.63,2,2,1,有,有,24800000,200599.0,升降機械,0.0,0,陽台外推；,RPXOMLLMQHHGFDA48DA,62.67,1.99,9.55,有,,27.0
中山區,房地(土地+建物),龍江路４５９號四樓,24.42,住,,,1110825,土地1建物1車位0,四層,四層,公寓(5樓含以下無電梯),住家用,651115.0,94.3,3,2,1,有,無,13800000,146341.0,,0.0,0,陽台外推；其他增建；,RPPQMLOKRHHGFCA97DA,46.04,24.88,9.89,無,,46.0
萬華區,房地(土地+建物),長泰街２８２巷１３弄９號二樓,23.25,住,,,1110815,土地1建物1車位0,二層,四層,公寓(5樓含以下無電梯),住家用,580812.0,74.28,2,1,1,有,無,6500000,87507.0,,0.0,0,內部配備老舊，年久失修待整體徹底換新裝璜，預估工程浩大,RPWNMLOKRHHGFBA28DA,74.28,0.0,0.0,無,,53.0
士林區,房地(土地+建物),天母北路９巷５號四樓,32.12,住,,,1110817,土地1建物1車位0,四層,四層,公寓(5樓含以下無電梯),住家用,681203.0,91.9,3,2,2,有,無,17800000,193689.0,,0.0,0,頂樓加蓋,RPPOMLKMQHHGFEA67DA,82.85,0.0,9.05,無,1395.0,43.0
大安區,房地(土地+建物),安和路二段２２７巷７號三樓,27.85,住,,,1110806,土地2建物1車位0,三層,六層,華廈(10層含以下有電梯),住家用,750505.0,118.54,3,2,2,有,無,31560000,266239.0,,0.0,0,,RPXNMLNKPHHGFFA58EA,94.59,0.0,13.32,有,,36.0
北投區,房地(土地+建物),泉源路４１巷４３號二樓,28.76,住,,,1110817,土地2建物1車位0,二層,五層,公寓(5樓含以下無電梯),住家用,740322.0,96.13,3,2,2,有,有,9400000,97784.0,,0.0,0,,RPSPMLQJRHHGFEA48DA,78.53,0.0,12.91,無,,37.0
文山區,房地(土地+建物),興隆路三段１８５巷７弄１３號四樓,25.98,住,,,1110821,土地7建物1車位0,四層,五層,公寓(5樓含以下無電梯),住家用,720823.0,86.72999999999999,3,2,2,有,有,11800000,136054.0,,0.0,0,,RPPNMLPKRHHGFAA67EA,64.8,0.0,13.91,無,1396.0,39.0
大安區,房地(土地+建物),延吉街１８２號四樓,24.6,住,,,1110810,土地1建物1車位0,四層,七層,華廈(10層含以下有電梯),住家用,700123.0,147.67,3,2,2,有,無,31800000,215345.0,,0.0,0,陽台外推；,RPQNMLLMQHHGFFA87DA,100.62,0.0,18.6,有,,42.0
北投區,房地(土地+建物)+車位,三合街一段１１７巷７６號,43.52,住,,,1110824,土地1建物1車位2,一層，見其他登記事項,九層,華廈(10層含以下有電梯),住家用,1090504.0,246.24,3,2,2,有,有,39500000,160413.0,坡道平面,80.84,0,,RPQOMLOKRHHGFEA08DA,96.18,3.45,14.94,有,,2.0
內湖區,房地(土地+建物),文湖街２１巷１００弄２６號二樓,39.62,住,,,1110807,土地3建物1車位0,二層,四層,公寓(5樓含以下無電梯),住家用,691018.0,99.38,3,2,1,有,無,13680000,137653.0,,0.0,0,陽台外推；其他增建；,RPPQMLQLQHHGFCA18DA,84.43,0.0,14.95,無,,42.0
信義區,房地(土地+建物),基隆路一段３５巷５弄３８號二樓,27.75,住,,,1110812,土地1建物1車位0,二層,四層,公寓(5樓含以下無電梯),住家用,570213.0,68.19,2,1,1,有,無,9600000,140783.0,,0.0,0,,RPPPMLKMQHHGFDA67DA,68.19,0.0,0.0,無,,54.0
大安區,房地(土地+建物),雲和街９９巷３號二樓,21.8,住,,,1110811,土地1建物1車位0,二層,五層,公寓(5樓含以下無電梯),住家用,700408.0,80.28,3,2,1,有,無,17000000,211759.0,,0.0,0,陽台外推；,RPSNMLMKQHHGFFA97DA,68.9,0.0,11.38,無,,41.0
大同區,房地(土地+建物)+車位,迪化街二段１７２巷２８號八樓之１,16.02,住,,,1110816,土地2建物1車位1,八層,十一層,住宅大樓(11層含以上有電梯),住家用,900926.0,85.52,2,1,1,有,有,18000000,204579.0,塔式車位,3.4,1200000,陽台外推；其他增建；,RPVNMLPKRHHGFBA28DA,51.43,0.0,8.6,有,,21.0
文山區,房地(土地+建物),景興路１５３巷１７號二樓之３,13.87,住,,,1110814,土地1建物1車位0,二層,十二層,住宅大樓(11層含以上有電梯),住家用,830317.0,72.82,2,2,1,有,有,14880000,204339.0,,0.0,0,花台陽台外推；其他增建；,RPPOMLQLQHHGFAA77DA,43.97,2.33,2.43,有,1401.0,28.0
文山區,房地(土地+建物),辛亥路四段２１巷１４號十六樓,23.66,住,,,1110814,土地4建物1車位0,十六層,十八層,住宅大樓(11層含以上有電梯),住家用,840801.0,65.36,2,1,1,有,有,12500000,191248.0,,0.0,0,其他增建；,RPQOMLKMQHHGFAA37DA,49.52,0.47,3.4,有,1404.0,27.0
松山區,房地(土地+建物),敦化北路２４４巷２６號四樓,27.23,住,,,1110813,土地1建物1車位0,四層,五層,公寓(5樓含以下無電梯),住家用,670828.0,93.83,3,2,2,有,無,22500000,239795.0,,0.0,0,,RPPOMLPKRHHGFDA08EA,83.38,0.0,10.45,無,,44.0
北投區,房地(土地+建物),中山北路七段２１９巷３弄１５１號七樓,25.11,住,,,1110814,土地1建物1車位0,七層,七層,華廈(10層含以下有電梯),住家用,731227.0,123.81,3,2,2,有,有,17500000,141346.0,,0.0,0,,RPVNMLPKRHHGFEA58DA,96.2,12.09,9.64,有,,38.0
文山區,房地(土地+建物),下崙路１１巷１７號二樓,32.31,住,,,1110813,土地1建物1車位0,二層,七層,華廈(10層含以下有電梯),住家用,1060104.0,133.65,3,2,2,有,有,22510000,168425.0,,0.0,0,,RPOOMLOKRHHGFAA47DA,72.73,5.63,7.22,有,1406.0,6.0
南港區,房地(土地+建物)+車位,舊莊街一段２１２巷１６號五樓,38.1,住,,,1110823,土地2建物1車位1,五層,五層,華廈(10層含以下有電梯),住家用,1050325.0,95.57,1,1,2,有,有,13300000,139165.0,坡道機械,25.3,0,夾層；,RPPPMLQJRHHGFDA08DA,38.12,0.88,3.09,有,,6.0
信義區,房地(土地+建物),吳興街２８４巷２４弄８２號,25.8,住,,,1110826,土地2建物1車位0,一層,五層,公寓(5樓含以下無電梯),住家用,670708.0,85.14,3,2,1,有,無,18300000,214940.0,,0.0,0,增建或占用範圍：壹樓空地、平台。,RPVNMLLMQHHGFDA18DA,74.22,10.92,0.0,無,,44.0
文山區,房地(土地+建物)+車位,萬壽路７５之８號,55.81,住,,,1110817,土地1建物1車位1,一層,五層,華廈(10層含以下有電梯),住家用,970527.0,123.18,3,2,2,有,有,17500000,151529.0,坡道機械,14.95,1100000,,RPQNMLKMQHHGFAA27DA,63.2,2.78,9.81,有,,14.0
內湖區,房地(土地+建物)+車位,民權東路六段１９１巷１１號三樓,56.53,住,,,1110820,土地1建物2車位1,三層,五層,華廈(10層含以下有電梯),住家用,980120.0,139.39,3,2,1,有,有,33500000,249367.0,坡道機械,13.07,2000000,,RPSOMLOLQHHGFCA08DA,72.87,8.86,8.33,有,,14.0
北投區,房地(土地+建物),義理街６３巷１７之１９號二樓,43.03,住,,,1110821,土地1建物1車位0,二層，三層,五層,公寓(5樓含以下無電梯),住家用,780714.0,172.6,4,2,2,有,有,26880000,155736.0,,0.0,0,其他增建；,RPPRMLKMQHHGFEA97DA,134.11,4.6,14.02,無,,33.0
中山區,房地(土地+建物),農安街２２７巷９號三樓,31.0,住,,,1110803,土地1建物1車位0,三層,五層,公寓(5樓含以下無電梯),住家用,731126.0,108.69,3,2,2,有,無,20150000,185390.0,,0.0,0,陽台外推；,RPTRMLQKOHHGFCA48EA,96.51,0.0,7.37,無,,38.0
大安區,房地(土地+建物),瑞安街２５６巷２９號四樓,37.0,住,,,1110830,土地1建物1車位0,四層,四層,公寓(5樓含以下無電梯),住家用,570930.0,99.43,3,2,3,有,無,27000000,271548.0,,0.0,0,,RPRPMLNKRHHGFFA28DA,86.92,0.0,12.51,無,1408.0,54.0
大安區,房地(土地+建物),東豐街３０號三樓,9.7,住,,,1110813,土地2建物1車位0,三層,五層,公寓(5樓含以下無電梯),住家用,780419.0,40.48,1,1,1,有,無,12500000,308794.0,,0.0,0,陽台外推；其他增建；,RPOOMLNKPHHGFFA77EA,31.5,1.07,2.38,無,,33.0
大安區,房地(土地+建物),復興南路二段１５１巷２５號四樓之２,18.51,住,,,1110809,土地1建物1車位0,四層,七層,華廈(10層含以下有電梯),住家用,740528.0,89.00999999999999,3,2,2,有,無,26300000,295472.0,,0.0,0,,RPPNMLPKRHHGFFA08DA,63.95,0.0,9.18,有,,37.0
內湖區,房地(土地+建物),陽光街２１８號三樓,39.72,住,,,1110811,土地2建物1車位0,三層,七層,華廈(10層含以下有電梯),住家用,730131.0,105.93,3,2,1,有,有,19380000,182951.0,,0.0,0,陽台外推；其他增建；,RPOOMLLMQHHGFCA47DA,71.56,0.0,7.13,有,,39.0
士林區,房地(土地+建物),福華路２８３號四樓,31.59,住,,,1110817,土地1建物1車位0,四層,五層,公寓(5樓含以下無電梯),住家用,680116.0,109.58,3,2,2,有,無,22380000,204234.0,,0.0,0,陽台外移、陽台加窗其他增建；,RPWPMLRKQHHGFEA98DA,97.48,0.0,12.1,無,,44.0
萬華區,房地(土地+建物)+車位,萬大路４２３巷２８弄５號六樓,33.84,住,,,1110821,土地1建物1車位1,六層,十四層,住宅大樓(11層含以上有電梯),住家用,870824.0,148.26,3,2,2,有,有,24880000,167813.0,坡道平面,0.0,0,陽台外推；其他增建；,RPTOMLQKRHHGFBA28DA,76.85,2.36,5.89,有,,24.0
中山區,房地(土地+建物),新生北路二段３１之１號八樓之２,7.11,住,,,1110818,土地11建物1車位0,八層,十二層,住宅大樓(11層含以上有電梯),住家用,661105.0,71.76,1,1,1,有,有,14950000,208333.0,,0.0,0,,RPWRMLQKOHHGFCA78EA,63.24,0.0,0.0,有,1412.0,45.0
松山區,房地(土地+建物)+車位,三民路８０巷３號六樓之１,48.25,住,,,1110823,土地1建物1車位1,六層,十四層,住宅大樓(11層含以上有電梯),住家用,930914.0,223.56,4,2,2,有,有,53000000,237073.0,坡道平面,0.0,0,車位需定期抽籤土地價款為49131871元；建物價款為3868129元陽台外推；,RPPOMLQKRHHGFDA08DA,116.2,0.0,13.05,有,1414.0,18.0
南港區,房地(土地+建物),重陽路１２５巷３６弄１０號四樓,13.39,住,,,1110817,土地1建物1車位0,四層,八層,華廈(10層含以下有電梯),住家用,961008.0,56.25,1,1,1,有,有,12100000,215111.0,,0.0,0,陽台外推；夾層；,RPOOMLOKRHHGFDA77DA,29.34,0.0,6.35,有,1415.0,15.0
士林區,房地(土地+建物),中正路７１９號二樓之１,11.07,住,,,1110812,土地2建物1車位0,二層,十三層,住宅大樓(11層含以上有電梯),住家用,930518.0,81.02000000000001,3,2,1,有,有,12680000,156505.0,,0.0,0,陽台加窗、機房加蓋陽台外推；其他增建；,RPWNMLQKRHHGFEA78DA,51.29,0.0,2.91,有,,18.0
文山區,房地(土地+建物)+車位,和平東路四段６５巷９弄２之１號,176.0,住,,,1110829,土地1建物1車位1,全,三層,透天厝,住家用,701123.0,266.67,6,4,5,有,有,41000000,153748.0,坡道平面,0.0,0,陽台外推；頂樓加蓋；其他增建；,RPQOMLOKRHHGFAA67DA,210.08,37.56,19.03,無,,41.0
中正區,房地(土地+建物),中華路二段１７５巷３號二樓,15.07,住,,,1110813,土地1建物1車位0,二層,五層,公寓(5樓含以下無電梯),住家用,690905.0,54.35,2,1,1,有,無,11300000,207912.0,,0.0,0,陽台外推；,RPPOMLOLQHHGFAA57DA,45.47,0.0,8.88,無,,42.0
內湖區,房地(土地+建物),文德路１００號五樓,13.99,住,,,1110813,土地2建物1車位0,五層,十層,華廈(10層含以下有電梯),住家用,850206.0,65.42,2,2,1,有,有,16000000,244574.0,,0.0,0,夾層；,RPXOMLLMQHHGFCA38DA,43.47,1.53,5.17,有,,27.0
北投區,房地(土地+建物),自強街３１巷１１號四樓,41.25,住,,,1110808,土地1建物1車位0,四層,四層,公寓(5樓含以下無電梯),住家用,640901.0,115.54,3,2,2,有,無,14320000,123940.0,,0.0,0,頂樓加蓋；,RPWPMLOKRHHGFEA78DA,99.75,0.0,15.79,無,,47.0
士林區,房地(土地+建物)+車位,忠誠路一段１６巷１３號四樓,20.53,住,,,1110823,土地1建物1車位1,四層,六層,華廈(10層含以下有電梯),住家用,880120.0,79.78999999999999,2,1,1,有,有,21000000,263191.0,升降機械,13.03,0,,RPPNMLMKRHHGFEA67DA,39.3,0.53,3.56,有,1427.0,24.0
松山區,房地(土地+建物),光復北路１１巷６９號六樓,25.74,住,,,1110813,土地3建物1車位0,六層,七層,華廈(10層含以下有電梯),住家用,700216.0,107.38,3,2,2,有,有,26500000,246787.0,,0.0,0,陽台外推；,RPPPMLQKRHHGFDA28EA,95.25,0.0,12.13,有,1428.0,41.0
大安區,房地(土地+建物),和平東路三段１巷７２弄５號十一樓,16.62,住,,,1110827,土地1建物1車位0,十一層,十七層,住宅大樓(11層含以上有電梯),住家用,740522.0,86.8,2,2,1,有,有,23100000,266129.0,,0.0,0,,RPTOMLPKRHHGFFA68EA,63.19,1.56,5.99,有,,37.0
內湖區,房地(土地+建物),星雲街２１０巷２８號五樓,11.48,住,,,1110813,土地1建物1車位0,五層,七層,華廈(10層含以下有電梯),住家用,1020911.0,52.34,0,2,1,有,有,14450000,276079.0,,0.0,0,其他增建；,RPVQMLMJRHHGFCA28DA,33.41,2.35,0.0,有,1429.0,9.0
內湖區,房地(土地+建物)+車位,東湖路１１３巷９５弄５１號四樓,41.95,住,,,1110811,土地1建物1車位1,四層,九層,華廈(10層含以下有電梯),住家用,790423.0,181.76,4,2,2,有,有,25000000,137536.0,坡道平面,0.0,0,,RPUNMLQKQHHGFCA28DA,152.71,0.47,13.43,有,,32.0
文山區,房地(土地+建物),木柵路一段２０號,24.5,住,,,1110824,土地1建物1車位0,一層,四層,公寓(5樓含以下無電梯),住家用,,74.46,2,1,1,有,無,12750000,171233.0,,0.0,0,,RPWNMLTKRHHGFAA78EA,74.46,0.0,0.0,無,,
北投區,房地(土地+建物)+車位,石牌路二段３１５巷３４弄２２號五樓,10.35,住,,,1110818,土地1建物1車位1,五層,七層,華廈(10層含以下有電梯),住家用,1080121.0,56.82,1,1,1,有,有,10450000,221856.0,升降機械,17.38,1700000,,SPRNMLQKRHHGFEA48EA,18.62,0.86,2.69,有,,4.0
北投區,房地(土地+建物),溫泉路３４巷９弄２號三樓,58.8,住,,,1110830,土地2建物1車位0,三層,五層,公寓(5樓含以下無電梯),住家用,690917.0,151.36,4,2,2,有,無,18000000,118922.0,,0.0,0,,RPUOMLTKRHHGFEA09EA,127.36,0.0,24.0,無,,42.0
信義區,房地(土地+建物)+車位,松信路５０巷８號十樓,55.66,住,,,1110808,土地1建物1車位3,十層,十四層,住宅大樓(11層含以上有電梯),住家用,1021206.0,387.28,3,2,2,有,有,92000000,237554.0,坡道平面,0.0,12000000,,RPPNMLKLRHHGFDA57EA,146.45,12.03,17.94,有,1430.0,9.0
大安區,房地(土地+建物),和平東路三段２３２號十一樓,16.44,住,,,1110808,土地4建物1車位0,十一層,十二層,住宅大樓(11層含以上有電梯),住家用,730630.0,111.32,3,2,2,有,有,27250000,244790.0,,0.0,0,陽台外推；其他增建；,RPWPMLRJRHHGFFA09DA,88.97,0.0,17.91,有,1431.0,38.0
中山區,房地(土地+建物)+車位,民生東路二段９３巷１５號十三樓,40.96,住,,,1110813,土地1建物1車位2,十三層,十三層,住宅大樓(11層含以上有電梯),住家用,1101201.0,336.15999999999997,4,2,2,有,有,87000000,306162.0,坡道平面,74.86,7000000,,RPTOMLMKRHHGFCA97DA,148.08,4.79,14.63,有,,1.0
北投區,房地(土地+建物)+車位,三合街一段１１７巷７６號二樓,32.15,住,,,1110818,土地1建物1車位1,二層,九層,華廈(10層含以下有電梯),住家用,1090504.0,169.0,3,2,2,有,有,32500000,192308.0,坡道平面,40.42,0,,RPUPMLTKRHHGFEA09DA,70.01,5.77,8.98,有,,2.0
北投區,房地(土地+建物)+車位,中央北路二段３５０巷６２號十二樓,47.75,住,,,1110829,土地1建物1車位1,十二層,十四層,住宅大樓(11層含以上有電梯),住家用,1040724.0,192.35,3,2,2,有,有,22000000,114375.0,坡道平面,0.0,0,106即已約定價格，至今方移轉物權。,RPSNMLQJRHHGFEA28DA,104.03,0.0,11.14,有,1432.0,7.0
北投區,房地(土地+建物)+車位,長壽路１８巷６號三樓,34.43,住,,,1110808,土地1建物1車位1,三層,五層,華廈(10層含以下有電梯),住家用,1060630.0,88.46000000000001,2,2,1,有,有,12500000,141307.0,升降機械,18.73,0,,RPWOMLKKQHHGFEA18DA,47.43,0.0,3.83,有,,5.0
北投區,房地(土地+建物),石牌路二段３１５巷３４弄２６號五樓,9.87,住,,,1110818,土地1建物1車位0,五層,七層,華廈(10層含以下有電梯),住家用,1080121.0,39.44,1,1,1,有,有,8750000,221856.0,,0.0,0,,RPRNMLQKRHHGFEA38EA,18.62,0.86,2.69,有,,4.0
中山區,房地(土地+建物)+車位,合江街３７號六樓,13.98,住,,,1110803,土地1建物1車位1,六層,十一層,住宅大樓(11層含以上有電梯),住家用,1070514.0,110.88,2,2,1,有,有,30300000,311240.0,其他,21.56,2500000,,RPVQMLQKRHHGFCA78DA,27.37,19.16,2.63,有,1436.0,4.0
北投區,房地(土地+建物),稻香路１３５巷１８號五樓,35.07,住,,,1110813,土地1建物1車位0,五層,五層,公寓(5樓含以下無電梯),住家用,791023.0,125.83,3,2,2,有,有,10700000,85035.0,,0.0,0,頂樓加蓋；其他增建；,RPRPMLLMQHHGFEA08DA,89.31,14.05,8.98,無,1437.0,32.0
中正區,房地(土地+建物),和平西路一段１７０號九樓之１,5.8,住,,,1110805,土地3建物1車位0,九層,十二層,住宅大樓(11層含以上有電梯),住家用,681226.0,59.150000000000006,2,2,1,有,有,11200000,189349.0,,0.0,0,陽台加窗其他增建；,RPUNMLQKRHHGFAA18DA,50.78,0.0,2.31,有,,43.0
信義區,房地(土地+建物),林口街１９２號五樓,22.5,住,,,1110814,土地3建物1車位0,五層,七層,華廈(10層含以下有電梯),住家用,750414.0,122.87,3,2,2,有,無,28700000,233580.0,,0.0,0,陽台外推；,RPSSMLLJQHHGFDA18EA,103.19,0.0,12.12,有,,36.0
內湖區,房地(土地+建物)+車位,安康路３５０號四樓之２,13.76,住,,,1110830,土地1建物1車位1,四層,八層,華廈(10層含以下有電梯),住家用,930611.0,77.61,1,1,1,有,有,10900000,181818.0,坡道平面,31.41,2500000,陽台外推；,RPWOMLPKRHHGFCA58DA,27.31,0.0,3.79,有,1438.0,18.0
大安區,房地(土地+建物),羅斯福路二段７７巷１２號三樓,32.95,住,,,1110813,土地1建物1車位0,三層,五層,公寓(5樓含以下無電梯),住家用,700417.0,118.2,3,2,2,有,無,26200000,221658.0,,0.0,0,陽台外推；其他增建；,RPVOMLRJRHHGFFA88DA,97.11,0.0,10.94,無,,41.0
信義區,房地(土地+建物),忠孝東路五段２９５巷２弄１號三樓,29.04,住,,,1110801,土地1建物1車位0,三層,五層,公寓(5樓含以下無電梯),住家用,780425.0,124.81,3,2,2,有,有,23300000,186684.0,,0.0,0,,RPWTMLLJQHHGFDA68EA,81.73,0.0,9.14,無,,33.0
大安區,房地(土地+建物),安居街８巷６弄７號六樓,25.22,住,,,1110831,土地1建物1車位0,六層,七層,華廈(10層含以下有電梯),住家用,720809.0,117.89,3,2,2,有,無,25500000,216303.0,,0.0,0,,RPOOMLKMQHHGFFA67DA,97.88,6.91,8.99,有,,39.0
大安區,房地(土地+建物)+車位,四維路６６巷８號四樓,28.19,住,,,1110823,土地1建物1車位1,四層,十六層,住宅大樓(11層含以上有電梯),住家用,840915.0,173.63,3,2,2,有,有,50310000,289754.0,坡道平面,0.0,0,其他增建；,RPQNMLQJRHHGFFA18DA,88.84,1.23,11.4,有,,27.0
內湖區,房地(土地+建物),內湖路三段６０巷１２弄７５號七樓,17.84,住,,,1110821,土地1建物1車位0,七層,十二層,住宅大樓(11層含以上有電梯),住家用,830729.0,78.74,2,2,1,有,有,16700000,212090.0,,0.0,0,,RPQPMLKLRHHGFCA67DA,60.33,0.92,6.83,有,,28.0
中正區,房地(土地+建物),齊東街８２巷１３號,43.95,住,,,1110818,土地2建物1車位0,一層，走廊,四層,公寓(5樓含以下無電梯),住家用,610918.0,84.64,3,2,1,有,無,23500000,277647.0,,0.0,0,其他增建；,RPOQMLMLQHHGFBA57DA,84.64,0.0,0.0,無,1440.0,50.0
中正區,房地(土地+建物)+車位,臨沂街５７巷３６號三樓之１,40.79,住,,,1110830,土地1建物1車位1,三層,七層,華廈(10層含以下有電梯),住家用,990201.0,202.38,1,0,2,有,有,63500000,344293.0,坡道平面,28.11,3500000,,RPROMLSJRHHGFBA18DA,99.38,8.11,11.11,有,,13.0
中正區,房地(土地+建物),三元街２１６號四樓之３,10.41,住,,,1110814,土地3建物1車位0,四層,十層,華廈(10層含以下有電梯),住家用,840906.0,80.87,2,2,1,有,有,17500000,216397.0,,0.0,0,陽台外推；其他增建；,RPSNMLMKRHHGFAA57DA,52.53,2.22,2.51,有,1442.0,27.0
內湖區,房地(土地+建物),陽光街１６１巷１２之１８號四樓,30.44,住,,,1110802,土地1建物1車位0,四層,五層,華廈(10層含以下有電梯),住家用,1080716.0,59.120000000000005,0,0,0,無,有,15000000,253721.0,,0.0,0,,RPUPMLTKRHHGFCA88DA,31.28,0.0,4.86,有,1443.0,3.0
北投區,房地(土地+建物),石牌路一段１６６巷５３號三樓,28.75,住,,,1110823,土地1建物1車位0,三層,四層,公寓(5樓含以下無電梯),住家用,630311.0,76.92,3,2,1,有,無,14100000,183307.0,,0.0,0,天井加蓋其他增建；,RPPQMLTKRHHGFEA68DA,76.92,0.0,0.0,無,,48.0
大安區,房地(土地+建物),和平東路三段３４６巷６號二樓,26.05,住,,,1110806,土地1建物1車位0,二層,五層,公寓(5樓含以下無電梯),住家用,680804.0,87.92,3,2,1,有,無,14630000,166401.0,,0.0,0,陽台外推；其他增建；,RPOOMLLLQHHGFFA67DA,77.12,0.0,10.8,無,,43.0
內湖區,房地(土地+建物),金龍路１８３號四樓,70.06,住,,,1110822,土地1建物1車位0,四層,五層,公寓(5樓含以下無電梯),住家用,760520.0,204.58,7,2,6,有,無,27450000,134177.0,,0.0,0,露臺增建陽台外推；,RPQOMLOKRHHGFCA87DA,127.33,48.4,13.22,無,1445.0,35.0
中山區,房地(土地+建物)+車位,民生東路二段１１５巷８號十三樓,40.55,住,,,1110813,土地1建物1車位2,十三層,十三層,住宅大樓(11層含以上有電梯),住家用,1101201.0,336.15999999999997,4,2,2,有,有,87000000,306162.0,坡道平面,74.86,7000000,,RPUOMLMKRHHGFCA08DA,148.08,4.79,14.63,有,,1.0
信義區,房地(土地+建物)+車位,吳興街６００巷７６弄１３號四樓,18.96,住,,,1110812,土地4建物1車位1,四層,九層,華廈(10層含以下有電梯),住家用,1060907.0,146.99,2,2,1,有,有,30000000,259851.0,坡道平面,41.16,2500000,,RPRTMLLJQHHGFDA18EA,61.28,0.0,8.5,有,1446.0,5.0
松山區,房地(土地+建物),敦化北路２６２號六樓,29.78,住,,,1110807,土地2建物1車位0,六層,八層,華廈(10層含以下有電梯),住家用,750925.0,155.81,3,1,2,有,有,36500000,234260.0,,0.0,0,陽台外推；,RPXNMLTKQHHGFDA98DA,121.83,1.5,10.63,有,,36.0
南港區,房地(土地+建物)+車位,街１９號十二樓,16.12,住,,,1110809,土地1建物1車位1,十二層,十二層,住宅大樓(11層含以上有電梯),住家用,951116.0,97.14,2,2,1,有,有,23280000,239654.0,坡道機械,7.76,0,其他增建；,RPQNMLQLQHHGFDA08DA,46.44,0.0,3.03,有,1451.0,16.0
文山區,房地(土地+建物),萬壽路６２之７號二樓,26.01,住,,,1110831,土地1建物1車位0,二層,五層,華廈(10層含以下有電梯),住家用,961023.0,53.94,1,1,1,有,無,7300000,135336.0,,0.0,0,陽台外推；,RPXNMLLJRHHGFAA87DA,27.44,5.81,1.76,有,1458.0,15.0
內湖區,房地(土地+建物)+車位,環山路二段５３巷５弄１１之２號五樓,15.16,住,,,1110820,土地1建物1車位1,五層,七層,華廈(10層含以下有電梯),住家用,970804.0,88.4,1,2,1,有,有,18280000,206787.0,坡道機械,0.0,0,陽台外推；夾層；其他增建；,RPOQMLOKRHHGFCA87DA,31.82,4.64,4.43,有,1459.0,14.0
中山區,房地(土地+建物),龍江路３６４號六樓,18.73,住,,,1110821,土地1建物1車位0,六層,七層,華廈(10層含以下有電梯),住家用,720609.0,110.54,3,2,2,有,無,26300000,237923.0,,0.0,0,增建項目為陽台加鐵窗其他增建；,RPXRMLKMQHHGFCA58DA,88.47,0.0,5.25,有,,39.0
內湖區,房地(土地+建物)+車位,星雲街１３５號十一樓之３,28.93,住,,,1110801,土地1建物1車位1,十一層,十四層,住宅大樓(11層含以上有電梯),住家用,931222.0,211.87,5,2,2,有,有,57100000,296997.0,坡道平面,28.03,2500000,,RPSQMLTKRHHGFCA78DA,110.53,5.34,12.41,有,,18.0
大安區,房地(土地+建物)+車位,浦城街６巷２２號五樓,37.49,住,,,1110820,土地1建物1車位1,五層,十層,華廈(10層含以下有電梯),住家用,961219.0,136.27,3,2,2,有,有,39500000,289866.0,升降平面,14.71,0,,RPUOMLPKRHHGFFA68DA,80.05,0.0,5.79,有,,15.0
松山區,房地(土地+建物),南京東路五段２５１巷２２弄４號四樓,29.75,住,,,1110818,土地1建物1車位0,四層,五層,公寓(5樓含以下無電梯),住家用,701208.0,100.33,5,1,5,有,有,22000000,219276.0,,0.0,0,陽台外推；,RPTOMLKLRHHGFDA97DA,86.29,0.0,14.04,無,,41.0
大同區,房地(土地+建物),迪化街二段２１４巷６號三樓,23.11,住,,,1110820,土地1建物1車位0,三層,五層,公寓(5樓含以下無電梯),住家用,670704.0,79.37,3,2,2,有,無,12120000,152703.0,,0.0,0,陽台外推；,RPQNMLKLRHHGFBA37DA,68.41,0.0,10.96,無,,44.0
大同區,房地(土地+建物)+車位,雙連街７５號二樓之１,22.78,住,,,1110811,土地1建物1車位1,二層,十五層,住宅大樓(11層含以上有電梯),住家用,1060726.0,234.57,4,2,2,有,有,57000000,242998.0,坡道平面,35.84,0,,RPSNMLRJRHHGFBA08DA,119.71,2.58,16.2,有,,5.0
北投區,房地(土地+建物),大屯路３１巷３號,67.0,住,,,1110817,土地1建物1車位0,全,二層,透天厝,住家用,600319.0,82.28,3,1,2,有,無,10900000,132474.0,,0.0,0,,RPUPMLPLQHHGFEA68DA,82.28,0.0,0.0,無,,51.0
萬華區,房地(土地+建物)+車位,中華路二段４１６巷８２號六樓,36.61,住,,,1110826,土地1建物1車位1,六層,十四層,住宅大樓(11層含以上有電梯),住家用,1010625.0,183.32,3,2,2,有,有,33000000,180013.0,坡道平面,0.0,0,,RPPNMLKLRHHGFBA27DA,101.99,0.0,10.16,有,1466.0,10.0
文山區,房地(土地+建物),興隆路三段２２１巷８弄１６號二樓,51.38,住,,,1110813,土地3建物1車位0,二層,五層,公寓(5樓含以下無電梯),住家用,690910.0,100.68,3,2,1,有,有,10500000,104291.0,,0.0,0,陽台外推；,RPSOMLTKRHHGFAA38DA,75.81,0.0,24.87,無,1467.0,42.0
北投區,房地(土地+建物),清江路１０８號五樓,33.0,住,,,1110818,土地1建物1車位0,五層,五層,公寓(5樓含以下無電梯),住家用,700803.0,111.31,4,2,1,有,無,13750000,123529.0,,0.0,0,頂樓加蓋；,RPSOMLTKRHHGFEA78DA,100.2,0.0,11.11,無,1468.0,41.0
信義區,房地(土地+建物),松山路４８２巷２４號十四樓,12.25,住,,,1110817,土地2建物1車位0,十四層，夾層,十四層,住宅大樓(11層含以上有電梯),住家用,740723.0,112.97,3,2,2,有,有,23300000,206249.0,,0.0,0,,RPPTMLLJQHHGFDA97EA,87.86,0.0,7.45,有,1469.0,37.0
南港區,房地(土地+建物)+車位,重陽路２７號六樓,31.62,住,,,1110811,土地1建物1車位1,六層,十四層,住宅大樓(11層含以上有電梯),住家用,1110124.0,181.57,3,2,2,有,有,52500000,323581.0,坡道平面,26.74,2400000,,RPRUMLTKRHHGFDA56DA,85.32,6.64,8.99,有,,1.0
中山區,房地(土地+建物),吉林路４５６巷３５號四樓,24.25,住,,,1110804,土地1建物1車位0,四層,四層,公寓(5樓含以下無電梯),住家用,570704.0,73.7,2,1,1,有,無,12500000,169607.0,,0.0,0,陽台外推；頂樓加蓋；其他增建；,RPSPMLTKRHHGFCA68DA,73.7,0.0,0.0,無,,54.0
內湖區,房地(土地+建物)+車位,文湖街２１巷８２弄２３號五樓之１,17.7,住,,,1110828,土地1建物1車位1,五層,七層,華廈(10層含以下有電梯),住家用,1110715.0,94.48,0,0,0,無,有,20380000,232396.0,升降機械,14.1,1700000,,RPUNMLLLRHHGFCA08EA,37.99,6.01,5.08,有,,
信義區,房地(土地+建物),基隆路二段７９巷１７弄４號五樓,19.15,住,,,1110813,土地1建物1車位0,五層,六層,華廈(10層含以下有電梯),住家用,800921.0,87.8,3,2,1,有,無,22180000,252620.0,,0.0,0,其他增建；,RPXOMLQJRHHGFDA78DA,66.89,1.09,9.38,有,,31.0
士林區,房地(土地+建物)+車位,芝玉路二段６１巷２號五樓,57.46,住,,,1110817,土地1建物1車位1,五層，六層,十四層,住宅大樓(11層含以上有電梯),住家用,910102.0,266.52,5,2,3,有,有,46000000,184883.0,坡道平面,33.94,3000000,本案為樓中樓陽台外推；其他增建；,RPRNMLOJRHHGFEA97DA,174.55,0.0,21.53,有,,21.0
文山區,房地(土地+建物)+車位,萬壽路７５巷１６弄１５號三樓,53.24,住,,,1110814,土地1建物1車位1,三層,五層,華廈(10層含以下有電梯),住家用,880413.0,121.85,4,2,2,有,有,12500000,102585.0,坡道平面,0.0,1800000,,SPTNMLLLRHHGFAA77DA,60.85,0.0,6.55,有,,23.0
內湖區,房地(土地+建物)+車位,文湖街２１巷８２弄２３號二樓,17.01,住,,,1110827,土地1建物1車位1,二層,七層,華廈(10層含以下有電梯),住家用,1110715.0,91.38,0,0,0,無,有,18490000,217262.0,升降機械,14.1,1700000,,SPSNMLLLRHHGFCA97EA,38.39,5.86,2.95,有,,
北投區,房地(土地+建物)+車位,中央北路二段３５０巷８６號十一樓,54.88,住,,,1110823,土地1建物1車位1,十一層,十四層,住宅大樓(11層含以上有電梯),住家用,1040724.0,221.04,4,2,2,有,有,30800000,139341.0,坡道平面,0.0,0,,RPWOMLPKRHHGFEA78DA,120.53,0.0,11.81,有,1477.0,7.0
文山區,房地(土地+建物)+車位,萬壽路７５巷１６弄１３號三樓,53.24,住,,,1110814,土地1建物1車位1,三層,五層,華廈(10層含以下有電梯),住家用,880413.0,121.85,4,2,2,有,有,12500000,102585.0,坡道平面,0.0,1800000,其他增建；,RPTNMLLLRHHGFAA67DA,60.85,0.0,6.55,有,,23.0
中山區,房地(土地+建物),松江路２６巷８號四樓,18.7,住,,,1110825,土地2建物1車位0,四層,七層,華廈(10層含以下有電梯),住家用,1001229.0,103.69,2,1,1,有,無,27880000,268878.0,,0.0,0,陽台外推；,RPSQMLPKRHHGFCA38DA,52.2,7.15,4.81,有,1479.0,11.0
南港區,房地(土地+建物),舊莊街二段１巷１０號六樓,33.44,住,,,1110824,土地1建物1車位0,六層,七層,華廈(10層含以下有電梯),住家用,831011.0,110.36,3,1,2,有,無,15600000,141356.0,,0.0,0,,RPVNMLLLRHHGFDA28EA,83.05,2.44,9.54,有,,28.0
中正區,房地(土地+建物)+車位,同安街２０號五樓之１,20.39,住,,,1110814,土地1建物1車位1,五層,七層,華廈(10層含以下有電梯),住家用,1001110.0,122.3,2,1,1,有,有,27880000,227964.0,塔式車位,0.0,2200000,其他增建；,RPOOMLLLRHHGFAA27DA,53.31,8.12,4.19,有,,11.0
內湖區,房地(土地+建物),康寧路一段８６巷２弄１號,78.67,住,,,1110817,土地1建物1車位0,一層,三層,公寓(5樓含以下無電梯),住家用,570222.0,95.4,1,3,2,有,無,23000000,241090.0,,0.0,0,陽台外推；,RPPNMLLLRHHGFCA47DA,95.4,0.0,0.0,無,1480.0,54.0
內湖區,房地(土地+建物)+車位,新富街１６８號六樓,63.39,住,,,1110805,土地1建物1車位4,六層,十四層,住宅大樓(11層含以上有電梯),住家用,1010601.0,507.01,3,2,3,有,有,102000000,272762.0,坡道平面,169.72,10000000,,RPTOMLSJQHHGFCA38DA,200.47,6.3,21.29,有,,10.0
信義區,房地(土地+建物),嘉興街３０５巷１號三樓,20.0,住,,,1110831,土地1建物1車位0,三層,四層,公寓(5樓含以下無電梯),住家用,570916.0,67.08,3,2,1,有,無,14620000,217949.0,,0.0,0,建築物含有:天井,RPQNMLLLRHHGFDA77EA,67.08,0.0,0.0,無,,54.0
北投區,房地(土地+建物),中央北路三段１４８巷５弄１１號五樓,26.57,住,,,1110830,土地1建物1車位0,五層,五層,公寓(5樓含以下無電梯),住家用,751217.0,90.25,2,2,1,有,無,8600000,95291.0,,0.0,0,陽台外推；,RPSNMLLLRHHGFEA97DA,80.1,0.0,10.15,無,1481.0,36.0
文山區,房地(土地+建物),指南路三段３２巷５號二樓之６,6.72,住,,,1110804,土地1建物1車位0,二層,十層,華廈(10層含以下有電梯),住家用,990806.0,30.56,1,1,1,有,有,5700000,186518.0,,0.0,0,其他增建；,RPTNMLLJRHHGFAA47DA,16.63,1.24,2.5,有,,12.0
內湖區,房地(土地+建物)+車位,文湖街２１巷８２弄２５號七樓,17.55,住,,,1110827,土地1建物1車位1,七層,七層,華廈(10層含以下有電梯),住家用,1110715.0,93.57,0,0,0,無,有,21930000,254561.0,升降機械,14.1,1700000,,RPTNMLLLRHHGFCA97EA,43.58,0.0,4.86,有,,
文山區,房地(土地+建物)+車位,政大一街５號三樓,50.17,住,,,1110828,土地1建物1車位1,三層,五層,華廈(10層含以下有電梯),住家用,1000429.0,109.55,2,2,1,有,有,19600000,187211.0,塔式車位,14.47,1800000,車位所在樓層為地下二樓。其他增建；,RPQNMLMLRHHGFAA47DA,52.59,5.2,7.89,有,,11.0
南港區,房地(土地+建物)+車位,重陽路５７巷６３號八樓,46.06,住,,,1110815,土地1建物1車位1,八層,八層,華廈(10層含以下有電梯),住家用,960503.0,183.62,3,2,2,有,有,39500000,261097.0,坡道平面,41.91,2500000,陽台外推；,RPSPMLOLQHHGFDA38EA,88.48,2.82,12.88,有,,15.0
萬華區,房地(土地+建物)+車位,莒光路３３７號十二樓,30.97,住,,,1110809,土地2建物1車位2,十二層,十五層,住宅大樓(11層含以上有電梯),住家用,1061227.0,259.43,4,2,2,有,有,51210000,226910.0,坡道平面,55.34,4900000,,RPRNMLLLRHHGFBA57DA,113.13,5.55,15.68,有,,5.0
信義區,房地(土地+建物),松山路４８２巷３０號十四樓,8.7,住,,,1110807,土地2建物1車位0,十四層,十四層,住宅大樓(11層含以上有電梯),住家用,740723.0,78.78,2,1,1,有,有,20000000,253872.0,,0.0,0,陽台外推；其他增建；,RPPOMLNKRHHGFDA77DA,57.91,0.0,8.32,有,,37.0
內湖區,房地(土地+建物),環山路二段５３巷５弄９號,39.0,住,,,1110828,土地1建物1車位0,一層,四層,公寓(5樓含以下無電梯),住家用,700827.0,82.26,3,2,1,有,無,19100000,232191.0,,0.0,0,陽台外推；,RPSNMLLKRHHGFCA67DA,72.27,8.32,0.0,無,,41.0
士林區,房地(土地+建物),承德路四段５８巷２８弄１４號二樓,27.97,住,,,1110829,土地7建物1車位0,二層,五層,公寓(5樓含以下無電梯),住家用,700921.0,95.57,3,2,2,有,無,16800000,175787.0,,0.0,0,天井加蓋、陽台向外擴大加蓋及加蓋鐵窗；本案買賣總價款為新台幣1680萬元整，其中拆分買賣價款：土地價款為新台幣13984000元整，建物價款為新台幣2816000元整。其他增建；,RPRRMLTKRHHGFEA98DA,81.82,0.0,5.33,無,1486.0,41.0
大安區,房地(土地+建物),信義路三段１３４巷８８號六樓,24.73,住,,,1110820,土地1建物1車位0,六層,十八層,住宅大樓(11層含以上有電梯),住家用,750415.0,125.53,3,2,2,有,有,34080000,271489.0,,0.0,0,其他增建；,RPUNMLLMQHHGFFA28DA,90.45,0.55,11.25,有,,36.0
中正區,房地(土地+建物),和平西路二段７０巷６弄５號五樓,11.59,住,,,1110821,土地3建物1車位0,五層,五層,公寓(5樓含以下無電梯),住家用,690202.0,39.88,2,1,2,有,無,9150000,229438.0,,0.0,0,陽台外推；頂樓加蓋；其他增建；,RPROMLRJRHHGFAA97DA,31.57,2.75,5.56,無,,43.0
南港區,房地(土地+建物)+車位,經貿二路１５７巷３６弄８８號五樓之３,13.1,住,,,1110811,土地1建物1車位1,五層,七層,華廈(10層含以下有電梯),住家用,970910.0,71.41,2,1,1,有,有,14020000,232887.0,升降機械,17.65,1500000,,RPQPMLOLQHHGFDA18EA,29.24,2.82,3.11,有,,14.0
中山區,房地(土地+建物),新生北路三段１１巷６３號三樓,32.5,住,,,1110831,土地1建物1車位0,三層,四層,公寓(5樓含以下無電梯),住家用,630829.0,92.96,3,2,2,有,無,16800000,180723.0,,0.0,0,,RPTNMLMLRHHGFCA97DA,92.96,0.0,0.0,無,1492.0,48.0
中正區,房地(土地+建物)+車位,思源街１２之６號八樓,34.4,住,,,1110829,土地1建物1車位1,八層,十二層,住宅大樓(11層含以上有電梯),住家用,891018.0,164.70999999999998,3,2,2,有,有,33500000,203388.0,坡道平面,0.0,0,,RPTQMLTJOHHGFAA38EA,84.53,0.0,9.46,有,,22.0
信義區,房地(土地+建物),林口街４１號五樓,29.4,住,,,1110803,土地1建物1車位0,五層,五層,公寓(5樓含以下無電梯),住家用,701109.0,106.56,3,2,1,有,無,18180000,170608.0,,0.0,0,其他增建；,RPQOMLOLQHHGFDA97DA,91.77,0.0,14.79,無,,41.0
中正區,房地(土地+建物),同安街９３號六樓之１,20.12,住,,,1110806,土地1建物1車位0,六層,七層,華廈(10層含以下有電梯),住家用,730124.0,92.24,2,2,1,有,有,20000000,216826.0,,0.0,0,其他增建；,RPQNMLMKRHHGFAA37DA,62.06,0.0,7.87,有,,39.0
文山區,房地(土地+建物)+車位,辛亥路六段３７號十二樓之２,22.81,住,,,1110806,土地2建物1車位2,十二層,十四層,住宅大樓(11層含以上有電梯),住家用,970521.0,132.11,2,2,1,有,有,20820000,206539.0,坡道機械,43.42,2500000,其他增建；,RPUNMLLJRHHGFAA57DA,54.23,2.17,3.69,有,1495.0,14.0
文山區,房地(土地+建物)+車位,木新路二段７９巷３號三樓,34.0,住,,,1110820,土地1建物1車位1,三層,六層,華廈(10層含以下有電梯),住家用,801024.0,166.76,3,2,2,有,無,23200000,139122.0,坡道平面,0.0,0,其他增建；,RPQOMLMJRHHGFAA37DA,111.62,2.04,12.18,有,,31.0
士林區,房地(土地+建物)+車位,通河街２３號五樓,17.98,住,,,1110816,土地1建物1車位1,五層,八層,華廈(10層含以下有電梯),住家用,1011112.0,125.07,1,1,1,有,有,23500000,227598.0,升降平面,34.12,2800000,夾層；,RPTQMLNLQHHGFEA48DA,44.38,2.12,5.17,有,,10.0
北投區,房地(土地+建物)+車位,中央北路二段３５０巷７８號八樓,45.5,住,,,1110825,土地1建物1車位1,八層,十四層,住宅大樓(11層含以上有電梯),住家用,1040724.0,183.36,3,2,2,有,有,27666660,150887.0,坡道平面,0.0,0,政府機關標讓售；,RPPOMLMLRHHGFEA87DA,98.33,0.0,11.5,有,,7.0
大安區,房地(土地+建物),復興南路二段１５１巷４４號十樓,19.94,住,,,1110827,土地1建物1車位0,十層,十七層,住宅大樓(11層含以上有電梯),住家用,740522.0,103.21,3,2,1,有,有,26880000,260440.0,,0.0,0,其他增建；,RPVOMLQJRHHGFFA78DA,75.58,1.26,7.07,有,,37.0
士林區,房地(土地+建物)+車位,重慶北路四段２４３號三樓,11.61,住,,,1110806,土地1建物1車位1,三層,十二層,住宅大樓(11層含以上有電梯),住家用,1000131.0,86.07,1,2,1,有,有,13520000,157081.0,升降機械,21.36,0,其他增建；,RPRQMLKLRHHGFEA08DA,39.22,2.39,6.23,有,1496.0,12.0
松山區,房地(土地+建物)+車位,北寧路６０之４號五樓,14.32,住,,,1110803,土地3建物1車位1,五層,十八層,住宅大樓(11層含以上有電梯),住家用,770701.0,165.20000000000002,3,2,2,有,有,43600000,317322.0,坡道平面,38.82,3500000,陽台外推；其他增建；,RPVOMLLJRHHGFDA08DA,127.7,0.0,11.66,有,,34.0
信義區,房地(土地+建物)+車位,忠孝東路五段３４５巷８號五樓,31.5,住,,,1110806,土地1建物1車位2,五層,十四層,住宅大樓(11層含以上有電梯),住家用,980508.0,238.77999999999997,3,2,2,有,有,65500000,274311.0,升降平面,14.98,0,,RPXOMLPJRHHGFDA68DA,111.75,7.02,11.99,有,,13.0
北投區,房地(土地+建物)+車位,奇岩路２３１號,195.71,住,,,1110831,土地4建物1車位1,一層,五層,華廈(10層含以下有電梯),住家用,1040617.0,248.93,4,2,2,有,有,45000000,181491.0,坡道平面,15.31,2600000,,RPWOMLLJRHHGFEA28DA,138.67,2.38,15.54,有,,7.0
文山區,房地(土地+建物)+車位,木柵路二段１０９巷１００弄４６號十六樓,73.51,住,,,1110824,土地2建物1車位1,十六層,十七層,住宅大樓(11層含以上有電梯),住家用,850925.0,128.07,3,2,2,有,有,19100000,151661.0,坡道機械,13.67,1750000,陽台外推；,RPWNMLNLRHHGFAA18DA,75.9,1.78,9.08,有,,26.0
文山區,房地(土地+建物),木新路二段２４７號四樓,26.0,住,,,1110814,土地2建物1車位0,四層,五層,公寓(5樓含以下無電梯),住家用,,84.42,3,2,1,有,無,10680000,126510.0,,0.0,0,,RPSNMLQLRHHGFAA18EA,76.11,3.69,4.62,無,,
大安區,房地(土地+建物),仁愛路四段５０之８７號,8.78,住,,,1110811,土地4建物1車位0,十一層，陽臺,十二層,住宅大樓(11層含以上有電梯),住家用,600420.0,54.6,2,2,1,有,有,24080000,441026.0,,0.0,0,陽台外推；,RPROMLNKPHHGFFA08EA,54.6,0.0,0.0,有,,51.0
北投區,房地(土地+建物)+車位,稻香路１６１巷１６弄１０之３號二樓,50.38,住,,,1110815,土地1建物1車位1,二層,五層,華廈(10層含以下有電梯),住家用,1100902.0,127.22,2,2,1,有,有,20990000,206818.0,坡道平面,35.4,2000000,含家電含裝潢費；,RPPNMLNLRHHGFEA87DA,50.61,4.32,4.89,有,,1.0
內湖區,房地(土地+建物),東湖路１１３巷１１１弄１號二樓,40.27,住,,,1110831,土地1建物1車位0,二層,五層,公寓(5樓含以下無電梯),住家用,770303.0,130.06,3,2,2,有,有,17000000,130709.0,,0.0,0,,RPROMLPJRHHGFCA97DA,102.39,15.55,8.22,無,1497.0,34.0
中山區,房地(土地+建物)+車位,建國北路三段７１號四樓之９,10.43,住,,,1110821,土地2建物1車位1,四層,十四層,住宅大樓(11層含以上有電梯),住家用,1041016.0,104.63,3,2,1,有,有,25000000,238937.0,坡道機械,8.3,0,夾層；其他增建；,RPPPMLMLRHHGFCA77DA,55.66,0.0,5.25,有,1499.0,7.0
中山區,房地(土地+建物),八德路二段６９號六樓之３,17.7,住,,,1110823,土地1建物1車位0,六層,七層,華廈(10層含以下有電梯),住家用,750616.0,115.63,3,2,2,有,有,27000000,233503.0,,0.0,0,,RPRPMLNLRHHGFCA18EA,94.99,1.38,6.17,有,1500.0,36.0
信義區,房地(土地+建物)+車位,松信路７號八樓,29.4,住,,,1110831,土地1建物1車位1,八層,十層,華廈(10層含以下有電梯),住家用,890501.0,143.26,3,2,2,有,有,31500000,219880.0,坡道平面,33.86,0,,RPPNMLPLRHHGFDA97DA,80.29,0.0,10.4,有,,22.0
士林區,房地(土地+建物),中山北路七段１４巷６５弄８號三樓,31.8,住,,,1110828,土地1建物1車位0,三層,五層,華廈(10層含以下有電梯),住家用,731117.0,119.0,3,2,2,有,有,21588000,181412.0,,0.0,0,陽台外推；其他增建；,RPOPMLOKRHHGFEA97DA,96.68,0.0,7.87,有,1502.0,38.0
信義區,房地(土地+建物),吳興街３３６巷２２號,19.92,住,,,1110813,土地1建物1車位0,一層,四層,公寓(5樓含以下無電梯),住家用,621224.0,52.06,2,2,1,有,無,13400000,257395.0,,0.0,0,其他增建；未登記建物；,RPXNMLPLQHHGFDA68DA,52.06,0.0,0.0,無,,49.0
士林區,房地(土地+建物),天玉街３８巷１２號二樓之３,18.93,住,,,1110830,土地1建物1車位0,二層,十一層,住宅大樓(11層含以上有電梯),住家用,860414.0,62.65,2,2,2,有,有,17000000,271349.0,,0.0,0,陽台外移、露台加蓋夾層；其他增建；,RPTSMLKMQHHGFEA48DA,29.59,14.45,4.01,有,1503.0,25.0
中山區,房地(土地+建物),中原街２２號四樓之２９,5.39,住,,,1110823,土地1建物1車位0,四層,七層,華廈(10層含以下有電梯),住家用,660625.0,31.99,1,1,1,有,有,7200000,225070.0,,0.0,0,,RPQOMLMLRHHGFCA77DA,23.56,0.0,2.92,有,,45.0
南港區,房地(土地+建物),玉成街１９０巷５號三樓,29.67,住,,,1110806,土地1建物1車位0,三層,五層,公寓(5樓含以下無電梯),住家用,721224.0,106.06,3,2,2,有,無,21380000,201584.0,,0.0,0,,RPWPMLOLQHHGFDA78EA,93.2,0.0,12.86,無,,39.0
萬華區,房地(土地+建物),青年路６８巷１４號四樓,11.86,住,,,1110827,土地2建物1車位0,四層,五層,公寓(5樓含以下無電梯),住家用,640403.0,31.18,2,1,1,有,有,5380000,172547.0,,0.0,0,其他增建；,RPSNMLKLRHHGFBA57DA,31.18,0.0,0.0,無,1504.0,47.0
萬華區,房地(土地+建物),萬大路４８６巷１１弄７號四樓,27.0,住,,,1110803,土地5建物1車位0,四層,五層,公寓(5樓含以下無電梯),住家用,670614.0,96.33,4,0,2,有,無,13000000,134953.0,,0.0,0,,RPVNMLQLQHHGFBA38DA,84.15,0.0,12.18,無,,44.0
南港區,房地(土地+建物),南深路２１巷５號三樓,39.69,住,,,1110807,土地1建物1車位0,三層,四層,公寓(5樓含以下無電梯),住家用,700331.0,88.71,3,2,1,有,無,11500000,129636.0,,0.0,0,其他增建；,RPPNMLTLQHHGFDA28DA,79.82,0.0,8.89,無,,41.0
南港區,房地(土地+建物),成福路７４巷８號三樓之１,16.24,住,,,1110827,土地1建物1車位0,三層,七層,華廈(10層含以下有電梯),住家用,1060710.0,62.51,1,1,1,有,無,18150000,290354.0,,0.0,0,,RPUNMLLMQHHGFDA08DA,33.45,0.0,5.6,有,,5.0
大安區,房地(土地+建物),溫州街１６巷７之１號,29.43,住,,,1110816,土地1建物1車位0,一層,六層,華廈(10層含以下有電梯),住家用,711119.0,136.45,3,2,2,有,有,43000000,315134.0,,0.0,0,其他增建；,RPUNMLPKRHHGFFA58DA,84.58,15.73,0.0,有,,40.0
信義區,房地(土地+建物),吳興街６００巷７６弄１２１號四樓之１,15.18,住,,,1110828,土地1建物1車位0,四層,五層,華廈(10層含以下有電梯),住家用,811222.0,68.7,2,2,2,有,有,13000000,189229.0,,0.0,0,陽台外推；,RPSOMLKLRHHGFDA87DA,53.29,0.0,5.1,有,1511.0,30.0
中山區,房地(土地+建物),建國北路三段７９號六樓,26.48,住,,,1110812,土地2建物1車位0,六層,七層,華廈(10層含以下有電梯),住家用,720804.0,113.73,3,2,2,有,有,22900000,201354.0,,0.0,0,陽台外推；其他增建；,RPSNMLPLRHHGFCA18DA,99.7,0.0,14.03,有,1512.0,39.0
文山區,房地(土地+建物)+車位,萬盛街８９之３號五樓,13.28,住,,,1110827,土地1建物1車位1,五層,八層,華廈(10層含以下有電梯),住家用,1050816.0,92.95,3,2,1,有,有,19000000,215918.0,塔式車位,13.29,1800000,夾層；其他增建；,RPWNMLQKRHHGFAA38DA,37.42,12.18,0.0,有,1513.0,6.0
北投區,房地(土地+建物),石牌路二段３１５巷３４弄１７之１號,44.32,住,,,1110810,土地1建物1車位0,一層,五層,公寓(5樓含以下無電梯),住家用,760811.0,139.32,3,1,3,有,無,23000000,165088.0,,0.0,0,,RPTPMLPLQHHGFEA58DA,90.04,7.83,0.0,無,,35.0
大安區,房地(土地+建物),信義路三段１４７巷１１弄１３之２號,46.67,住,,,1110807,土地1建物1車位0,三層,三層,公寓(5樓含以下無電梯),住家用,560506.0,93.73,3,2,2,有,無,32300000,344607.0,,0.0,0,陽台外推；頂樓加蓋；其他增建；,RPSOMLPJRHHGFFA38DA,79.79,0.0,13.94,無,,55.0
中山區,房地(土地+建物),松江路３８巷８號三樓,40.75,住,,,1110824,土地1建物1車位0,三層,四層,公寓(5樓含以下無電梯),住家用,631121.0,117.35,3,2,2,有,無,25200000,214742.0,,0.0,0,,RPOOMLNLRHHGFCA67DA,100.63,0.0,16.72,無,,48.0
松山區,房地(土地+建物),八德路四段１０６巷４弄５號,30.75,住,,,1110814,土地2建物1車位0,一層,四層,公寓(5樓含以下無電梯),住家用,590117.0,79.76,3,2,1,有,無,21300000,267051.0,,0.0,0,,RPUPMLOLQHHGFDA58EA,79.76,0.0,0.0,無,,53.0
內湖區,房地(土地+建物),內湖路三段３２９巷４弄６號,22.0,住,,,1110821,土地1建物1車位0,一層，停車場,五層,公寓(5樓含以下無電梯),住家用,680504.0,80.47,2,2,1,有,無,15280000,189884.0,,0.0,0,其他增建；,RPOPMLQKRHHGFCA97DA,69.71,10.76,0.0,無,,43.0
內湖區,房地(土地+建物),江南街７１巷７３號,39.71,住,,,1110817,土地1建物1車位0,一層,七層,華廈(10層含以下有電梯),住家用,730131.0,105.82,3,2,1,有,有,24300000,229635.0,,0.0,0,其他增建；,RPXPMLPJRHHGFCA68DA,71.56,7.13,0.0,有,,39.0
大安區,房地(土地+建物)+車位,青田街８巷６號二樓,87.17,住,,,1110823,土地1建物1車位4,二層,七層,華廈(10層含以下有電梯),住家用,900601.0,484.61,4,2,3,有,有,110000000,226987.0,坡道平面,158.76,0,陽台外推；其他增建；,RPUPMLRJRHHGFFA88DA,198.88,3.5,21.19,有,,21.0
北投區,房地(土地+建物)+車位,中央北路四段５４１巷３號十八樓,19.33,住,,,1110830,土地1建物1車位1,十八層,十八層,住宅大樓(11層含以上有電梯),住家用,1101216.0,135.73000000000002,2,1,1,有,有,24420000,230818.0,坡道平面,41.63,2700000,,RPOQMLTKRHHGFEA58DA,51.54,2.05,7.86,有,,1.0
文山區,房地(土地+建物),辛亥路七段８４巷５號四樓之３,19.17,住,,,1110828,土地2建物1車位0,四層,十層,華廈(10層含以下有電梯),住家用,891025.0,80.88,3,2,2,有,有,13680000,169139.0,,0.0,0,陽台外推；其他增建；,RPTRMLLLRHHGFAA08DA,49.76,0.0,9.09,有,,22.0
文山區,房地(土地+建物)+車位,興隆路三段３０４巷３２之２號五樓,17.8,住,,,1110811,土地2建物1車位1,五層,七層,華廈(10層含以下有電梯),住家用,1030314.0,118.75,2,1,1,有,有,14720000,123958.0,坡道平面,0.0,0,其他增建；,RPUOMLRJRHHGFAA28DA,40.0,11.46,3.93,有,1516.0,8.0
內湖區,房地(土地+建物)+車位,內湖路三段７２巷６３號四樓之２,30.79,住,,,1110817,土地1建物1車位1,四層,十六層,住宅大樓(11層含以上有電梯),住家用,830729.0,164.51000000000002,4,2,2,有,有,29220000,215380.0,坡道平面,40.45,2500000,,RPSNMLOLRHHGFCA08DA,137.79,1.44,10.38,有,1518.0,28.0
文山區,房地(土地+建物),景興路９６巷１２號二樓,25.25,住,,,1110820,土地1建物1車位0,二層，陽臺,四層,公寓(5樓含以下無電梯),住家用,610523.0,83.22,3,2,1,有,無,12250000,147200.0,,0.0,0,,RPQNMLRLRHHGFAA08EA,83.22,0.0,0.0,無,,50.0
文山區,房地(土地+建物)+車位,萬美街二段５１號九樓,50.15,住,,,1110814,土地1建物1車位2,九層,十二層,住宅大樓(11層含以上有電梯),住家用,840830.0,182.45,2,2,2,有,有,17000000,93176.0,坡道機械,0.0,0,車位現況變更使用平面停車位上方有架設機械式車位；權利人買方姓名有難字陽台外推；其他增建；,RPSNMLPJRHHGFAA77DA,138.36,2.15,13.25,有,,27.0
北投區,房地(土地+建物)+車位,文化三路１７２號八樓,30.04,住,,,1110827,土地1建物1車位2,八層,十層,華廈(10層含以下有電梯),住家用,1080503.0,191.04,2,1,1,有,有,24700000,129292.0,坡道平面,64.58,0,,RPOOMLRLRHHGFEA38EA,66.4,7.02,7.61,有,1519.0,3.0
內湖區,房地(土地+建物),江南街９６巷３號十三樓之２,13.31,住,,,1110820,土地1建物1車位0,十三層，電梯樓梯間,十六層,住宅大樓(11層含以上有電梯),住家用,851113.0,74.37,2,1,1,有,無,15800000,212451.0,,0.0,0,陽台外推；,RPTPMLRLRHHGFCA68DA,56.66,1.9,5.58,有,,26.0
北投區,房地(土地+建物),中和街３９８巷５弄２號六樓之２,14.45,住,,,1110817,土地4建物1車位0,六層,十層,華廈(10層含以下有電梯),住家用,840622.0,32.16,1,0,1,有,有,4820000,149876.0,,0.0,0,花台加蓋陽台外推；其他增建；,RPPOMLTKQHHGFEA38DA,19.22,1.05,2.75,有,1520.0,27.0
士林區,房地(土地+建物),天母東路１０５巷４７號四樓之１,20.27,住,,,1110828,土地1建物1車位0,四層,四層,公寓(5樓含以下無電梯),住家用,671118.0,79.99,2,1,1,有,無,11200000,140018.0,,0.0,0,其他增建；,RPXOMLOKRHHGFEA78DA,71.19,0.0,8.8,無,,44.0
大同區,房地(土地+建物),延平北路四段１７９巷１３號二樓,22.61,住,,,1110829,土地1建物1車位0,二層,五層,公寓(5樓含以下無電梯),住家用,750415.0,88.25,3,2,2,有,無,13200000,149575.0,,0.0,0,未登記建物；,RPWNMLRLRHHGFBA78EA,69.26,0.0,7.94,無,1521.0,36.0
文山區,房地(土地+建物),忠順街二段９０巷２２號三樓,27.01,住,,,1110801,土地1建物1車位0,三層,五層,公寓(5樓含以下無電梯),住家用,720208.0,80.03,3,2,1,有,無,11000000,137448.0,,0.0,0,其他增建；,RPSNMLNLQHHGFAA67DA,62.9,0.0,8.47,無,1522.0,39.0
內湖區,房地(土地+建物)+車位,行善路１８７號十一樓,29.69,住,,,1110823,土地2建物1車位1,十一層,十五層,住宅大樓(11層含以上有電梯),住家用,1101125.0,182.24,3,2,2,有,有,53000000,332425.0,坡道平面,31.83,3000000,,RPRPMLQLRHHGFCA38DA,92.08,0.0,6.74,有,,1.0
文山區,房地(土地+建物),景興路９６巷１７號二樓,32.75,住,,,1110828,土地1建物1車位0,二層,四層,公寓(5樓含以下無電梯),住家用,561130.0,105.95,3,2,2,有,無,17000000,160453.0,,0.0,0,,RPQPMLMLRHHGFAA67DA,105.95,0.0,0.0,無,1523.0,55.0
北投區,房地(土地+建物),中央北路四段３５４巷３３號二樓,31.76,住,,,1110827,土地1建物1車位0,二層,五層,公寓(5樓含以下無電梯),住家用,721116.0,122.46,6,0,6,有,無,14000000,114323.0,,0.0,0,陽台外推；其他增建；,RPXOMLQLRHHGFEA56EA,93.89,0.0,24.34,無,,39.0
大安區,房地(土地+建物),文昌街２７８巷４號二樓,22.61,住,,,1110827,土地1建物1車位0,二層,七層,華廈(10層含以下有電梯),住家用,701231.0,113.71,3,2,2,有,無,28280000,248703.0,,0.0,0,,RPSOMLNKPHHGFFA18EA,89.06,0.0,16.18,有,,41.0
松山區,房地(土地+建物)+車位,寶清街１０３之６號十一樓,17.69,住,,,1110815,土地1建物1車位1,十一層,十三層,住宅大樓(11層含以上有電梯),住家用,1061124.0,133.78,2,2,2,有,有,32500000,242936.0,坡道平面,29.17,0,,RPRPMLQLRHHGFDA48DA,57.85,7.28,4.13,有,1524.0,5.0
內湖區,房地(土地+建物),東湖路４３巷３４號四樓,31.73,住,,,1110827,土地1建物1車位0,四層,五層,公寓(5樓含以下無電梯),住家用,760501.0,83.78,3,2,2,有,無,14000000,167104.0,,0.0,0,其他增建；,RPVNMLQJRHHGFCA38DA,76.05,0.3,7.43,無,,35.0
中正區,房地(土地+建物),同安街８巷１９號四樓,27.5,住,,,1110806,土地1建物1車位0,四層，陽臺,四層,公寓(5樓含以下無電梯),住家用,650927.0,59.7,1,2,2,有,無,12850000,215243.0,,0.0,0,陽台外推；其他增建；,RPVOMLMLRHHGFAA08DA,59.7,0.0,0.0,無,,46.0
士林區,房地(土地+建物),社正路４５巷９號五樓,25.73,住,,,1110807,土地1建物1車位0,五層,五層,公寓(5樓含以下無電梯),住家用,690826.0,101.42,3,1,1,有,無,11800000,116348.0,,0.0,0,,RPVNMLQLRHHGFEA88EA,92.13,0.0,9.29,無,,42.0
大安區,房地(土地+建物),瑞安街２０８巷２號六樓,24.5,住,,,1110827,土地1建物1車位0,六層,七層,華廈(10層含以下有電梯),住家用,700804.0,130.71,3,2,2,有,無,35000000,267768.0,,0.0,0,,RPQOMLRLRHHGFFA58DA,110.65,0.0,16.4,有,,41.0
北投區,房地(土地+建物),大屯路９之２號二樓,20.55,住,,,1110809,土地1建物1車位0,二層,七層,華廈(10層含以下有電梯),住家用,1110127.0,49.98,1,1,1,有,有,8700000,174070.0,,0.0,0,,RPVOMLLLRHHGFEA38DA,31.02,0.0,3.46,有,,1.0
萬華區,房地(土地+建物),國興路８６號八樓之１,29.28,住,,,1110827,土地1建物1車位0,八層,十層,華廈(10層含以下有電梯),住家用,800102.0,153.01,4,2,2,有,有,27100000,177113.0,,0.0,0,其他增建；,RPUNMLSLRHHGFBA58DA,109.6,0.0,13.1,有,,32.0
士林區,房地(土地+建物),中社路二段２０巷１２號二樓,97.19,住,,,1110815,土地1建物1車位0,二層,四層,公寓(5樓含以下無電梯),住家用,650406.0,102.92,4,2,2,有,無,12500000,121454.0,,0.0,0,陽台外推；,RPOOMLNLRHHGFEA97EA,102.92,0.0,0.0,無,,46.0
中正區,房地(土地+建物),臨沂街３２巷２號四樓之２,10.26,住,,,1110820,土地1建物1車位0,四層,七層,華廈(10層含以下有電梯),住家用,1040206.0,45.66,1,1,1,有,有,15340000,335961.0,,0.0,0,,RPSNMLRLRHHGFBA28DA,19.52,0.94,3.88,有,1532.0,8.0
文山區,房地(土地+建物),興隆路四段２９巷２弄２６號四樓,25.98,住,,,1110819,土地2建物1車位0,四層,四層,公寓(5樓含以下無電梯),住家用,,72.87,2,2,1,有,無,8750000,120077.0,,0.0,0,陽台外推；頂樓加蓋；其他增建；,RPQOMLQLQHHGFAA87DA,62.53,0.0,10.34,無,,
內湖區,房地(土地+建物),金龍路１６７號四樓,29.52,住,,,1110828,土地1建物1車位0,四層,五層,公寓(5樓含以下無電梯),住家用,760109.0,90.85,2,2,1,有,無,15280000,168189.0,,0.0,0,陽台外推；其他增建；,RPUOMLQLRHHGFCA58DA,69.93,0.0,11.94,無,1533.0,36.0
北投區,房地(土地+建物),民族街１１巷１２號四樓之１,22.44,住,,,1110823,土地1建物1車位0,四層,七層,華廈(10層含以下有電梯),住家用,960508.0,79.69,1,2,1,有,有,14580000,182959.0,,0.0,0,夾層；,RPTOMLMLRHHGFEA28DA,49.28,1.63,4.94,有,,15.0
中山區,房地(土地+建物),龍江路３７０巷２４號五樓,27.4,住,,,1110823,土地1建物1車位0,五層,五層,公寓(5樓含以下無電梯),住家用,670410.0,111.67,3,2,2,有,無,18300000,163876.0,,0.0,0,,RPSNMLSLRHHGFCA58EA,97.91,0.0,13.76,無,1538.0,44.0
內湖區,房地(土地+建物)+車位,文德路２２０巷３５號八樓之２,11.72,住,,,1110830,土地1建物1車位1,八層,九層,華廈(10層含以下有電梯),住家用,960330.0,112.48,1,2,1,有,有,18880000,167867.0,升降平面,43.89,0,,RPPNMLRLRHHGFCA08DA,48.27,7.03,5.35,有,,15.0
信義區,房地(土地+建物)+車位,忠孝東路五段７４３巷２１弄２５號二樓,14.45,住,,,1110825,土地1建物1車位1,二層,十一層,住宅大樓(11層含以上有電梯),住家用,1040821.0,107.65,2,1,1,有,有,25300000,235021.0,坡道平面,0.0,0,,RPQNMLKMRHHGFDA77EA,36.81,1.68,4.24,有,1540.0,7.0
中山區,房地(土地+建物)+車位,明水路５２６巷５２號七樓之１,108.71,住,,,1110829,土地1建物1車位2,七層,九層,華廈(10層含以下有電梯),住家用,930518.0,325.04999999999995,4,2,2,有,有,108580000,334041.0,坡道平面,76.66,0,,RPQOMLSLRHHGFCA38DA,154.71,0.0,15.74,有,,18.0
內湖區,房地(土地+建物)+車位,安康路４２６號八樓,35.92,住,,,1110827,土地1建物1車位1,八層,九層,華廈(10層含以下有電梯),住家用,1090929.0,182.26,3,2,2,有,有,29500000,161857.0,升降機械,29.93,0,,RPSOMLSLRHHGFCA58DA,78.27,3.5,8.47,有,,2.0
信義區,房地(土地+建物),吳興街２８４巷９弄１４號五樓,33.81,住,,,1110829,土地1建物1車位0,五層,五層,公寓(5樓含以下無電梯),住家用,781023.0,119.02,6,4,4,有,有,18680000,156962.0,,0.0,0,陽台外推；頂樓加蓋；,RPQQMLOLQHHGFDA28EA,97.67,0.06,10.6,無,,33.0
內湖區,房地(土地+建物)+車位,金湖路１２７號十一樓,46.2,住,,,1110830,土地1建物1車位3,十一層,二十六層,住宅大樓(11層含以上有電梯),住家用,1011121.0,382.59,4,2,3,有,有,98000000,311682.0,坡道平面,92.23,7500000,,RPUPMLRLRHHGFCA88EA,169.25,2.78,16.36,有,1542.0,10.0
信義區,房地(土地+建物),和平東路三段３４１巷６３號五樓,25.4,住,,,1110820,土地1建物1車位0,五層,五層,公寓(5樓含以下無電梯),住家用,660603.0,92.71,3,2,1,有,無,18000000,194154.0,,0.0,0,其他增建；,RPTTMLTKRHHGFDA66DA,79.8,0.0,12.91,無,,45.0
萬華區,房地(土地+建物),國興路９８號二樓,23.42,住,,,1110830,土地1建物1車位0,二層,十層,華廈(10層含以下有電梯),住家用,800102.0,123.05,1,1,2,有,有,21180000,172125.0,,0.0,0,陽台外推；其他增建；,RPSNMLNKRHHGFBA77DA,86.07,0.0,12.73,有,,32.0
萬華區,房地(土地+建物)+車位,東園街３０號三樓之２,18.94,住,,,1110830,土地1建物1車位1,三層,九層,華廈(10層含以下有電梯),住家用,1090220.0,95.29,2,2,1,有,有,17000000,191075.0,塔式車位,15.74,1800000,,RPVNMLSLRHHGFBA68DA,42.24,3.46,4.23,有,1543.0,3.0
北投區,房地(土地+建物)+車位,中央北路二段３５０巷６２號十三樓,47.75,住,,,1110827,土地1建物1車位1,十三層,十四層,住宅大樓(11層含以上有電梯),住家用,1040724.0,192.35,3,2,2,有,有,28500000,148167.0,坡道平面,0.0,0,,RPRPMLNKRHHGFEA18DA,104.03,0.0,11.14,有,1544.0,7.0
文山區,房地(土地+建物)+車位,萬壽路７５之１０號,33.37,住,,,1110805,土地1建物1車位1,一層,五層,華廈(10層含以下有電梯),住家用,970527.0,79.38999999999999,1,1,1,有,有,11500000,154895.0,坡道機械,14.83,1500000,,RPRNMLQKQHHGFAA77DA,41.21,0.0,3.95,有,,14.0
中山區,房地(土地+建物)+車位,五常街１１巷３號三樓之３,13.46,住,,,1110819,土地2建物1車位1,三層,十七層,住宅大樓(11層含以上有電梯),住家用,1080918.0,120.38,2,2,1,有,有,24750000,265658.0,坡道平面,35.12,2100000,,RPTPMLTJQHHGFCA68EA,51.76,2.34,2.89,有,1545.0,3.0
大安區,房地(土地+建物),安和路二段８８號五樓之３,22.73,住,,,1110818,土地2建物1車位0,五層,二十五層,住宅大樓(11層含以上有電梯),住家用,780810.0,230.64,3,2,2,有,有,67000000,290496.0,,0.0,0,陽台外推；其他增建；,RPPNMLQKRHHGFFA18DA,159.83,0.0,38.47,有,,33.0
內湖區,房地(土地+建物)+車位,內湖路一段９１巷５７號八樓之１,22.78,住,,,1110827,土地1建物1車位1,八層,十一層,住宅大樓(11層含以上有電梯),住家用,921205.0,114.9,3,2,1,有,有,21080000,201190.0,坡道機械,19.07,1800000,,RPUQMLLLRHHGFCA28DA,61.78,4.33,4.51,有,,19.0
內湖區,房地(土地+建物)+車位,陽光街１６１巷１２之１１號,19.48,住,,,1110822,土地1建物1車位1,一層,五層,華廈(10層含以下有電梯),住家用,1080716.0,40.18,0,0,0,無,有,10500000,261324.0,塔式車位,0.0,0,,RPVPMLKLRHHGFCA18DA,23.02,0.0,0.0,有,1546.0,3.0
中山區,房地(土地+建物)+車位,松江路４０８號十二樓,21.57,住,,,1110828,土地2建物1車位2,十二層,十七層,住宅大樓(11層含以上有電梯),住家用,1040713.0,262.49,3,2,2,有,有,73000000,330131.0,坡道平面,59.54,6000000,車位於地下五層,RPVNMLTKRHHGFCA78DA,120.25,10.55,10.52,有,1547.0,7.0
北投區,房地(土地+建物),中和街２０巷２８號二樓,61.17,住,,,1110826,土地1建物1車位0,二層,五層,公寓(5樓含以下無電梯),住家用,710225.0,176.9,6,0,6,有,無,19800000,111928.0,,0.0,0,陽台加窗陽台外推；其他增建；含租約；,RPVOMLKMRHHGFEA48EA,149.22,0.0,27.68,無,1549.0,41.0
文山區,房地(土地+建物)+車位,羅斯福路六段１４２巷２２號三樓,27.3,住,,,1110817,土地1建物1車位1,三層,六層,華廈(10層含以下有電梯),住家用,860816.0,102.89,4,2,2,有,有,21000000,204101.0,坡道機械,20.61,0,夾層；,RPTNMLMLRHHGFAA77DA,55.88,1.98,7.87,有,,25.0
信義區,房地(土地+建物),吳興街５０６巷２０號五樓,22.96,住,,,1110830,土地1建物1車位0,五層,五層,公寓(5樓含以下無電梯),住家用,780630.0,109.07,6,3,3,有,無,17250000,158155.0,,0.0,0,頂樓加蓋；,RPRQMLOLQHHGFDA38EA,86.78,0.62,9.37,無,,33.0
大安區,房地(土地+建物)+車位,敦化南路一段１３８號十三樓之３,12.36,住,,,1110818,土地2建物1車位1,十三層,二十三層,住宅大樓(11層含以上有電梯),住家用,1090909.0,197.05,3,2,2,有,有,81680000,468411.0,坡道平面,32.28,4500000,,RPTOMLNLRHHGFFA48DA,98.43,4.39,7.23,有,,2.0
內湖區,房地(土地+建物)+車位,民權東路六段２２２之１號二樓之１,38.53,住,,,1110815,土地2建物1車位1,二層,十一層,住宅大樓(11層含以上有電梯),住家用,960731.0,147.16000000000005,2,2,2,有,有,29800000,202501.0,坡道平面,31.82,0,陽台外推；,RPWOMLSJRHHGFCA78DA,66.62,2.42,7.69,有,,15.0
士林區,房地(土地+建物)+車位,中山北路七段１４巷３１弄７號二樓之１,65.66,住,,,1110824,土地1建物1車位1,二層,九層,華廈(10層含以下有電梯),住家用,990211.0,305.25,3,2,4,有,有,55000000,197341.0,坡道平面,36.68,2000000,陽台外推；其他增建；,RPRNMLKMRHHGFEA87DA,154.82,7.01,19.5,有,,13.0
中山區,房地(土地+建物),復興北路１９０巷１號二樓之２,18.51,住,,,1110814,土地1建物1車位0,二層,十四層,住宅大樓(11層含以上有電梯),住家用,750609.0,98.45,3,2,1,有,有,23750000,241239.0,,0.0,0,陽台外推；,RPRNMLKMRHHGFCA77EA,76.81,0.0,6.1,有,,36.0
士林區,房地(土地+建物),忠義街７１巷２１號五樓,27.68,住,,,1110818,土地1建物1車位0,五層,五層,公寓(5樓含以下無電梯),住家用,740422.0,117.88,2,2,2,有,無,18500000,156939.0,,0.0,0,陽台外推；頂樓加蓋；其他增建；,RPUOMLLLRHHGFEA28DA,85.96,16.3,9.05,無,,37.0
中正區,房地(土地+建物),紹興南街１８之９號三樓,8.65,住,,,1110827,土地1建物1車位0,三層,六層,華廈(10層含以下有電梯),住家用,850301.0,41.08,1,1,1,有,有,9600000,233690.0,,0.0,0,陽台外推；其他增建；,RPQOMLTKRHHGFBA28DA,18.74,4.1,4.59,有,,26.0
北投區,房地(土地+建物),知行路２０１巷１１弄１０號四樓,31.26,住,,,1110828,土地1建物1車位0,四層,四層,公寓(5樓含以下無電梯),住家用,680327.0,91.07,3,2,1,有,無,10330000,113429.0,,0.0,0,陽台外推；其他增建；,RPUOMLMLRHHGFEA38DA,84.18,0.0,6.89,無,,43.0
內湖區,房地(土地+建物)+車位,金湖路９３號四樓,30.58,住,,,1110830,土地1建物1車位1,四層,十四層,住宅大樓(11層含以上有電梯),住家用,990518.0,197.51,4,2,2,有,有,43000000,217710.0,坡道機械,0.0,0,,RPROMLMKRHHGFCA77DA,105.87,8.34,11.59,有,,12.0
中山區,房地(土地+建物),合江街２９號三樓之１,4.99,住,,,1110829,土地1建物1車位0,三層,九層,華廈(10層含以下有電梯),住家用,970822.0,30.67,1,0,1,有,有,7170000,233779.0,,0.0,0,,RPQPMLQLQHHGFCA18DA,15.38,1.42,2.07,有,1552.0,14.0
文山區,房地(土地+建物)+車位,富山路１號三樓,32.69,住,,,1110827,土地3建物1車位1,三層,七層,華廈(10層含以下有電梯),住家用,980417.0,145.56,3,2,2,有,有,27400000,188239.0,坡道平面,0.0,1500000,,RPQOMLTLRHHGFAA28DA,76.29,7.19,8.42,有,,13.0
內湖區,房地(土地+建物),民權東路六段２９６巷１０９之１號十一樓,20.12,住,,,1110812,土地1建物1車位0,十一層,十五層,住宅大樓(11層含以上有電梯),住家用,830509.0,96.33,3,2,1,有,有,24010000,249247.0,,0.0,0,陽台外推；其他增建；,RPOVMLNKRHHGFCA28DA,69.96,2.07,8.38,有,,28.0
大安區,房地(土地+建物),復興南路二段１５１巷３０弄１號七樓,19.94,住,,,1110805,土地1建物1車位0,七層,十九層,住宅大樓(11層含以上有電梯),住家用,740522.0,103.03,3,2,1,有,有,28000000,271766.0,,0.0,0,其他增建；,RPWPMLOLQHHGFFA88DA,75.58,1.26,7.07,有,,37.0
萬華區,房地(土地+建物),萬大路９０巷５弄３號三樓,35.5,住,,,1110827,土地1建物1車位0,三層,四層,公寓(5樓含以下無電梯),住家用,661129.0,109.18,2,2,1,有,無,13000000,119069.0,,0.0,0,陽台外推；其他增建；,RPUOMLNKRHHGFBA08DA,99.2,0.0,9.98,無,,45.0
萬華區,房地(土地+建物),西園路二段３２０巷３６弄３３號五樓,10.76,住,,,1110828,土地1建物1車位0,五層,五層,公寓(5樓含以下無電梯),住家用,601012.0,32.68,1,1,1,有,無,3900000,119339.0,,0.0,0,陽台外推；頂樓加蓋；其他增建；,RPUNMLKLRHHGFBA77DA,29.89,0.0,2.79,無,,51.0
內湖區,房地(土地+建物),內湖路一段２１７巷２２號四樓,35.35,住,,,1110814,土地1建物1車位0,四層,七層,華廈(10層含以下有電梯),住家用,721117.0,108.53,3,2,2,有,有,20800000,191652.0,,0.0,0,陽台外推；其他增建；,RPPNMLSKRHHGFCA08DA,71.02,0.0,9.32,有,,39.0
士林區,房地(土地+建物)+車位,忠誠路二段４１巷３０號四樓,43.28,住,,,1110825,土地1建物1車位2,四層,七層,華廈(10層含以下有電梯),住家用,870921.0,243.29,3,2,2,有,有,52000000,284546.0,升降平面,74.6,4000000,其他增建；,RPUPMLKMQHHGFEA28DA,186.75,0.0,11.86,有,1554.0,24.0
大安區,房地(土地+建物),敦化南路二段２８號十二樓之１,11.87,住,,,1110829,土地2建物1車位0,十二層,十八層,住宅大樓(11層含以上有電梯),住家用,760711.0,151.85,3,2,2,有,有,55300000,364175.0,,0.0,0,,RPQOMLSLRHHGFFA68DA,113.86,0.48,12.96,有,,35.0
南港區,房地(土地+建物),福德街４４７號十七樓,29.6,住,,,1110823,土地1建物1車位0,十七層,十八層,住宅大樓(11層含以上有電梯),住家用,870521.0,174.74,4,2,2,有,有,28000000,160238.0,,0.0,0,,RPWNMLKMRHHGFDA38EA,96.35,0.0,8.34,有,,24.0
北投區,房地(土地+建物),大業路５２９號九樓,18.17,住,,,1110814,土地1建物1車位0,九層,十二層,住宅大樓(11層含以上有電梯),住家用,840915.0,98.44,3,2,1,有,有,16500000,167615.0,,0.0,0,陽台外推；其他增建；,RPQNMLOKRHHGFEA97DA,58.48,3.2,7.32,有,1557.0,27.0
內湖區,房地(土地+建物)+車位,民權東路六段４５１號五樓之２,44.09,住,,,1110828,土地2建物1車位1,五層,十四層,住宅大樓(11層含以上有電梯),住家用,970916.0,240.73,3,2,2,有,有,61280000,270352.0,坡道平面,23.31,2500000,其他增建；,RPTQMLLLRHHGFCA18DA,131.87,8.91,13.71,有,,14.0
萬華區,房地(土地+建物),國興路１０２號九樓之３,29.28,住,,,1110828,土地1建物1車位0,九層,十層,華廈(10層含以下有電梯),住家用,800102.0,151.71,4,2,2,有,有,26500000,174675.0,,0.0,0,其他增建；,RPRNMLKMRHHGFBA57DA,108.16,0.0,13.24,有,,32.0
內湖區,房地(土地+建物)+車位,行善路２０５號三樓,22.58,住,,,1110815,土地2建物1車位1,三層,十五層,住宅大樓(11層含以上有電梯),住家用,1101125.0,149.3,3,2,2,有,無,32650000,255810.0,坡道平面,31.83,2600000,,RPXNMLLMQHHGFCA28DA,69.96,0.0,6.37,有,1559.0,1.0
士林區,房地(土地+建物),中山北路六段２９０巷２３弄１號二樓,38.23,住,,,1110830,土地1建物1車位0,二層,五層,公寓(5樓含以下無電梯),住家用,740107.0,147.64,4,2,2,有,無,21000000,142238.0,,0.0,0,,RPVOMLRLRHHGFEA98DA,123.26,0.0,10.49,無,,38.0
北投區,房地(土地+建物),尊賢街２６４巷３號三樓,43.25,住,,,1110821,土地1建物1車位0,三層，陽臺,四層,公寓(5樓含以下無電梯),住家用,650910.0,98.81,3,2,2,有,無,15250000,154337.0,,0.0,0,陽台外推；其他增建；,RPTNMLNKRHHGFEA18DA,98.81,0.0,0.0,無,,46.0
中山區,房地(土地+建物),北安路６３０巷２之１號四樓,29.85,住,,,1110831,土地1建物1車位0,四層,四層,公寓(5樓含以下無電梯),住家用,630121.0,87.84,3,2,1,有,無,18350000,208903.0,,0.0,0,陽台外推；頂樓加蓋；,RPTNMLNJIIHGFCA17EA,77.2,0.0,10.64,無,,49.0
大安區,房地(土地+建物),師大路８０巷１６號七樓之１,11.19,住,,,1110826,土地1建物1車位0,七層,七層,華廈(10層含以下有電梯),住家用,941229.0,45.620000000000005,1,2,1,有,有,17340000,380096.0,,0.0,0,其他增建；,RPTOMLSLRHHGFFA98DA,18.45,14.94,0.0,有,1562.0,17.0
大安區,房地(土地+建物)+車位,和平東路一段１１９巷１８號三樓,36.56,住,,,1110820,土地1建物1車位1,三層,七層,華廈(10層含以下有電梯),住家用,920919.0,152.8,3,2,2,有,有,51000000,333770.0,坡道平面,0.0,3800000,陽台外推；其他增建；,RPVOMLSLRHHGFFA56DA,81.96,3.03,9.23,有,,19.0
文山區,房地(土地+建物),木柵路一段１９４號三樓,20.0,住,,,1110830,土地3建物1車位0,三層,四層,公寓(5樓含以下無電梯),住家用,780911.0,53.91,2,2,1,有,無,8900000,165090.0,,0.0,0,陽台外推；其他增建；,RPPNMLLJIIHGFAA88DA,42.75,0.45,7.23,無,,33.0
文山區,房地(土地+建物),福興路８１之２號六樓,16.05,住,,,1110829,土地1建物1車位0,六層,六層,華廈(10層含以下有電梯),住家用,841116.0,53.8,1,1,1,有,有,9780000,181784.0,,0.0,0,陽台外推；其他增建；,RPSNMLPKRHHGFAA87DA,29.98,0.81,4.41,有,1563.0,27.0
南港區,房地(土地+建物),富康街４９巷３號二樓,23.25,住,,,1110821,土地1建物1車位0,二層,四層,公寓(5樓含以下無電梯),住家用,661121.0,72.85,2,1,1,有,無,14450000,198353.0,,0.0,0,陽台外推；其他增建；,RPUNMLNJIIHGFDA27DA,61.19,0.0,11.66,無,,45.0
內湖區,房地(土地+建物),大湖山莊街２１９巷３４弄１號二樓之２,14.66,住,,,1110823,土地1建物1車位0,二層,六層,華廈(10層含以下有電梯),住家用,810717.0,48.45,1,1,1,有,有,9000000,185759.0,,0.0,0,,RPPPMLKMRHHGFCA67DA,33.5,0.0,3.3,有,,30.0
大安區,房地(土地+建物),和平東路一段１８３巷７弄４之３號二樓,23.6,住,,,1110827,土地1建物1車位0,二層,五層,公寓(5樓含以下無電梯),住家用,720210.0,80.86,3,2,1,有,無,24500000,302993.0,,0.0,0,其他增建；,RPQPMLNKPHHGFFA08EA,72.8,0.0,8.06,無,,40.0
南港區,房地(土地+建物),舊莊街一段２５０號三樓,35.4,住,,,1110828,土地1建物1車位0,三層,五層,公寓(5樓含以下無電梯),住家用,701210.0,122.75,4,2,2,有,無,12500000,101833.0,,0.0,0,陽台外推；其他增建；,RPSNMLQKRHHGFDA28DA,109.52,0.0,13.23,無,,41.0
南港區,房地(土地+建物),向陽路１６２巷９７號二樓,32.15,住,,,1110828,土地1建物1車位0,二層,九層,華廈(10層含以下有電梯),住家用,931230.0,128.01999999999998,3,2,2,有,有,29480000,230277.0,,0.0,0,,RPXQMLOLQHHGFDA98EA,81.66,1.74,10.23,有,,18.0
士林區,房地(土地+建物),中山北路七段１４巷６１弄１２號五樓,28.04,住,,,1110823,土地1建物1車位0,五層,五層,公寓(5樓含以下無電梯),住家用,731121.0,104.57,3,2,2,有,有,15500000,148226.0,,0.0,0,頂樓加蓋；,RPUPMLOJIIHGFEA77EA,85.96,0.0,9.34,無,1564.0,38.0
士林區,房地(土地+建物),福國路５０巷２弄５號四樓,28.79,住,,,1110802,土地4建物1車位0,四層,四層,公寓(5樓含以下無電梯),住家用,680502.0,80.11,3,3,2,有,無,15750000,196605.0,,0.0,0,頂樓加蓋；,RPSOMLMKQHHGFEA97DA,66.66,0.0,13.45,無,,43.0
文山區,房地(土地+建物)+車位,辛亥路五段６９之１號四樓,9.89,住,,,1110828,土地1建物1車位1,四層,十一層,住宅大樓(11層含以上有電梯),住家用,1040318.0,52.290000000000006,0,1,1,有,有,11800000,225665.0,塔式車位,6.5,0,陽台外推；夾層；,RPOOMLTLRHHGFAA08DA,23.95,1.36,4.38,有,1566.0,7.0
內湖區,房地(土地+建物)+車位,民權東路六段２２２之１號六樓,61.87,住,,,1110819,土地2建物1車位2,六層,十一層,住宅大樓(11層含以上有電梯),住家用,960731.0,253.1,3,2,2,有,有,44800000,217581.0,坡道平面,70.18,5000000,,RPSOMLQKRHHGFCA28DA,113.79,3.16,10.11,有,1567.0,15.0
內湖區,房地(土地+建物),環山路一段１３６巷１８弄１３號二樓,30.96,住,,,1110801,土地1建物1車位0,二層,四層,公寓(5樓含以下無電梯),住家用,660609.0,75.92,3,2,1,有,有,12800000,168599.0,,0.0,0,陽台外推；,RPXOMLLJRHHGFCA18DA,68.53,0.0,7.39,無,,45.0
中山區,房地(土地+建物)+車位,通北街１０３號六樓,37.4,住,,,1110830,土地1建物1車位1,六層,九層,華廈(10層含以下有電梯),住家用,870508.0,186.13,3,2,2,有,有,31500000,169237.0,坡道平面,0.0,0,陽台外推；,RPWQMLRJRHHGFCA88DA,99.49,2.61,12.28,有,1569.0,24.0
松山區,房地(土地+建物),八德路三段１２巷６２弄３號四樓,26.25,住,,,1110809,土地1建物1車位0,四層,四層,公寓(5樓含以下無電梯),住家用,581129.0,74.51,3,2,2,有,無,17200000,230841.0,,0.0,0,頂樓加蓋；,RPROMLOJIIHGFDA27EA,66.3,0.0,8.21,無,,53.0
信義區,房地(土地+建物),和平東路三段３９１巷８弄１８號二樓,18.25,住,,,1110827,土地1建物1車位0,二層，陽臺,四層,公寓(5樓含以下無電梯),住家用,,45.84,2,2,1,有,無,8150000,177792.0,,0.0,0,陽台外推；其他增建；,RPOSMLOLQHHGFDA28EA,45.84,0.0,0.0,無,,
大安區,房地(土地+建物),泰順街５０巷９號二樓之２,10.67,住,,,1110816,土地1建物1車位0,二層,六層,華廈(10層含以下有電梯),住家用,941017.0,43.39,1,1,1,有,有,12860000,296382.0,,0.0,0,陽台外推；,RPSOMLPKRHHGFFA48DA,24.15,0.21,4.41,有,1571.0,17.0
內湖區,房地(土地+建物),成功路四段６１巷３５弄７號三樓,27.98,住,,,1110826,土地1建物1車位0,三層,五層,公寓(5樓含以下無電梯),住家用,720809.0,91.59,3,2,2,有,無,14500000,158314.0,,0.0,0,,RPWPMLNLRHHGFCA58DA,75.45,0.0,8.74,無,,39.0
士林區,房地(土地+建物),延平北路五段２４５巷８號二樓,31.21,住,,,1110803,土地1建物1車位0,二層,五層,公寓(5樓含以下無電梯),住家用,680326.0,97.04,3,2,2,有,無,13000000,133965.0,,0.0,0,,RPWOMLMJQHHGFEA28DA,87.77,0.0,9.27,無,,43.0
信義區,房地(土地+建物),忠孝東路五段３７２巷２７弄４１號六樓,17.02,住,,,1110816,土地1建物1車位0,六層,七層,華廈(10層含以下有電梯),住家用,731228.0,84.10000000000001,2,2,1,有,有,22600000,268728.0,,0.0,0,陽台外推；其他增建；,RPTOMLTLRHHGFDA88DA,60.26,0.96,6.21,有,,38.0
士林區,房地(土地+建物),中山北路七段８２巷３號三樓,48.88,住,,,1110827,土地1建物1車位0,三層，陽臺,四層,公寓(5樓含以下無電梯),住家用,641230.0,132.13,3,2,2,有,無,20800000,157421.0,,0.0,0,,RPUQMLMKMHHGFEA08EA,132.13,0.0,0.0,無,,47.0
內湖區,房地(土地+建物),東湖路１１３巷９５弄７７號五樓,34.92,住,,,1110829,土地1建物1車位0,五層,五層,公寓(5樓含以下無電梯),住家用,750203.0,125.19,3,2,2,有,有,16500000,131800.0,,0.0,0,其他增建；,RPWRMLNLRHHGFCA78DA,98.77,0.54,9.73,無,1577.0,37.0
中山區,房地(土地+建物),民生東路三段８８巷２０號十二樓之３,30.67,住,,,1110827,土地1建物1車位0,十二層,十五層,住宅大樓(11層含以上有電梯),住家用,750314.0,148.82,3,2,2,有,有,31500000,211665.0,,0.0,0,陽台外推；,RPUOMLKLRHHGFCA97DA,115.75,0.21,6.51,有,,36.0
信義區,房地(土地+建物),忠孝東路五段４９號,18.96,住,,,1110827,土地2建物1車位0,一層,十二層,住宅大樓(11層含以上有電梯),住家用,720406.0,119.8,0,0,0,無,有,130000000,1085142.0,,0.0,0,,RPSNMLKMQHHGFDA77DA,72.98,17.33,0.0,有,,39.0
文山區,房地(土地+建物)+車位,秀明路二段１６９號四樓之１,38.98,住,,,1110828,土地1建物1車位1,四層,十三層,住宅大樓(11層含以上有電梯),住家用,960329.0,197.16000000000005,3,2,2,有,有,34880000,177697.0,坡道平面,14.94,2500000,陽台外推；,RPSOMLSJRHHGFAA18DA,102.45,2.02,11.21,有,,15.0
士林區,房地(土地+建物),天母東路１０５巷３１之２號,20.75,住,,,1110810,土地1建物2車位0,一層,五層,公寓(5樓含以下無電梯),住家用,680105.0,84.56,2,1,1,有,有,16300000,192763.0,,0.0,0,,RPUOMLRLRHHGFEA88DA,58.86,0.0,14.27,無,,44.0
內湖區,房地(土地+建物),江南街７１巷６號三樓,35.83,住,,,1110821,土地1建物1車位0,三層,五層,公寓(5樓含以下無電梯),住家用,770204.0,117.42,4,2,2,有,無,21500000,183103.0,,0.0,0,其他增建；,RPUUMLNKRHHGFCA78DA,96.16,0.37,9.41,無,,35.0
大同區,房地(土地+建物),重慶北路三段２０３之３號三樓之２,8.6,住,,,1110817,土地2建物1車位0,三層,十二層,住宅大樓(11層含以上有電梯),住家用,1090728.0,69.71000000000001,0,0,0,無,有,18360000,263377.0,,0.0,0,,RPUOMLTLQHHGFBA68DA,33.08,8.28,0.93,有,,2.0
大安區,房地(土地+建物)+車位,大安路二段８２號九樓之１,49.03,住,,,1110825,土地1建物1車位3,九層,二十一層,住宅大樓(11層含以上有電梯),住家用,1100831.0,396.13,4,2,2,有,有,163000000,503333.0,坡道平面,102.09,15000000,三個停車位未拆分單價,RPUNMLNJIIHGFFA47DA,173.41,10.25,12.12,有,,1.0
北投區,房地(土地+建物)+車位,大屯路９之１號二樓,28.18,住,,,1110804,土地1建物1車位1,二層,七層,華廈(10層含以下有電梯),住家用,1110127.0,82.63,2,1,1,有,有,13500000,173900.0,其他,14.2,1600000,,RPWNMLKLRHHGFEA28DA,42.85,0.0,4.36,有,,1.0
北投區,房地(土地+建物),中央北路四段１３８巷３號四樓,34.45,住,,,1110808,土地1建物1車位0,四層,五層,公寓(5樓含以下無電梯),住家用,730809.0,121.28,3,2,2,有,無,11000000,90699.0,,0.0,0,其他增建；,RPQNMLOLQHHGFEA97DA,100.16,0.0,12.56,無,,38.0
文山區,房地(土地+建物)+車位,萬壽路７５號三樓,56.4,住,,,1110831,土地1建物1車位1,三層,五層,華廈(10層含以下有電梯),住家用,970527.0,124.93,2,2,2,有,有,18230000,152105.0,坡道機械,14.94,1500000,,RPUQMLTJOHHGFAA48EA,65.01,5.63,6.37,有,1579.0,14.0
內湖區,房地(土地+建物),內湖路一段２８５巷６９弄１６號四樓,19.09,住,,,1110831,土地2建物1車位0,四層,七層,華廈(10層含以下有電梯),住家用,701230.0,110.24,3,2,2,有,有,17680000,160377.0,,0.0,0,陽台外推；,RPVPMLSLRHHGFCA98DA,82.53,0.0,7.62,有,,41.0
中山區,房地(土地+建物),龍江路３７０巷７號三樓,36.0,住,,,1110814,土地1建物1車位0,三層,五層,公寓(5樓含以下無電梯),住家用,680910.0,114.35,4,2,2,有,無,20600000,180149.0,,0.0,0,陽台外推；其他增建；,RPSPMLQKRHHGFCA38DA,98.75,0.0,15.6,無,1580.0,43.0
北投區,房地(土地+建物),中山北路七段２１９巷３弄１７７號七樓,24.38,住,,,1110827,土地1建物1車位0,七層,七層,華廈(10層含以下有電梯),住家用,731227.0,112.46,2,2,2,有,有,22250000,197848.0,,0.0,0,陽台外推；頂樓加蓋；,RPVNMLPJIIHGFEA67DA,93.45,0.0,14.36,有,1581.0,38.0
萬華區,房地(土地+建物),青年路１６８巷２弄４２號四樓之１,18.55,住,,,1110826,土地2建物1車位0,四層，陽臺,五層,公寓(5樓含以下無電梯),住家用,640523.0,50.48,2,1,1,有,無,8000000,158479.0,,0.0,0,,RPUOMLOJIIHGFBA27DA,50.48,0.0,0.0,無,,47.0
南港區,房地(土地+建物),重陽路１６６巷１０弄２１號三樓,29.5,住,,,1110825,土地1建物1車位0,三層,四層,公寓(5樓含以下無電梯),住家用,610320.0,68.51,3,1,1,有,無,12928000,188702.0,,0.0,0,交易總價款包含買方仲介服務費新台幣128000元整。陽台外推；,RPRNMLQKRHHGFDA18DA,61.67,0.0,6.84,無,,50.0
中正區,房地(土地+建物),同安街９７巷８號四樓,31.25,住,,,1110823,土地1建物1車位0,四層，陽臺,四層,公寓(5樓含以下無電梯),住家用,601216.0,88.29,2,2,1,有,無,18800000,212935.0,,0.0,0,陽台外推；頂樓加蓋；其他增建；,RPROMLKMQHHGFAA47DA,88.29,0.0,0.0,無,,51.0
信義區,房地(土地+建物),虎林街１６４巷２５號,26.8,住,,,1110831,土地1建物1車位0,一層，停車場,五層,公寓(5樓含以下無電梯),住家用,660620.0,98.0,2,2,1,有,無,30000000,306122.0,,0.0,0,其他增建:壹樓空地陽台外推；其他增建；,RPQPMLQKRHHGFDA28DA,82.0,16.0,0.0,無,,45.0
士林區,房地(土地+建物),美崙街１０６號三樓,12.8,住,,,1110830,土地1建物1車位0,三層,七層,華廈(10層含以下有電梯),住家用,691001.0,74.15,2,2,1,有,無,15830000,213486.0,,0.0,0,陽台外推；其他增建；,RPRPMLOJIIHGFEA37DA,58.57,0.0,5.93,有,,42.0
大安區,房地(土地+建物),基隆路二段２１７號十二樓,15.06,住,,,1110830,土地1建物1車位0,十二層,十二層,住宅大樓(11層含以上有電梯),住家用,731204.0,121.07,3,2,2,有,有,28000000,231271.0,,0.0,0,陽台外推；,RPTPMLNKPHHGFFA38EA,82.77,0.0,22.25,有,,38.0
內湖區,房地(土地+建物),環山路二段５３巷６弄１６號三樓,37.48,住,,,1110824,土地1建物1車位0,三層,四層,公寓(5樓含以下無電梯),住家用,700827.0,76.14,4,0,4,有,無,14400000,189125.0,,0.0,0,陽台外推；,RPOOMLNJIIHGFCA66DA,65.57,0.0,8.98,無,1584.0,41.0
內湖區,房地(土地+建物),康寧路三段１８９巷１４１弄３５號九樓,37.82,住,,,1110827,土地1建物1車位0,九層,十層,華廈(10層含以下有電梯),住家用,840518.0,116.94,3,2,2,有,有,21350000,182572.0,,0.0,0,,RPSOMLLKIIHGFCA07EA,77.34,0.0,10.26,有,,27.0
內湖區,房地(土地+建物),港華街５３號三樓,43.48,住,,,1110818,土地1建物1車位0,三層,五層,公寓(5樓含以下無電梯),住家用,740726.0,101.67,3,2,2,有,無,20000000,196715.0,,0.0,0,,RPXQMLSJRHHGFCA09DA,88.85,0.0,12.82,無,,37.0
南港區,房地(土地+建物),忠孝東路六段１３０號八樓之２,4.09,住,,,1110831,土地1建物1車位0,八層,十四層,住宅大樓(11層含以上有電梯),住家用,1000110.0,33.26,1,1,1,有,有,11280000,339146.0,,0.0,0,夾層；,RPUNMLQJIIHGFDA67EA,20.66,0.0,0.0,有,1585.0,12.0
信義區,房地(土地+建物),永吉路２７８巷１弄１４號三樓,24.0,住,,,1110822,土地1建物1車位0,三層,五層,公寓(5樓含以下無電梯),住家用,700108.0,85.55,3,2,1,有,無,16280000,190298.0,,0.0,0,陽台外推；其他增建；,RPXOMLSLRHHGFDA56DA,73.74,0.0,11.81,無,,42.0
中山區,房地(土地+建物)+車位,建國北路二段６０號五樓之１,19.12,住,,,1110816,土地2建物1車位2,五層,二十三層,住宅大樓(11層含以上有電梯),住家用,1110621.0,259.04999999999995,0,0,2,有,有,61360000,272768.0,坡道平面,59.76,7000000,,RPSNMLLJIIHGFCA76DA,113.54,8.28,12.32,有,,
文山區,房地(土地+建物),羅斯福路五段１９２巷５弄２號五樓,27.84,住,,,1110827,土地2建物1車位0,五層,五層,公寓(5樓含以下無電梯),住家用,680817.0,90.06,4,3,3,有,無,18220000,202310.0,,0.0,0,陽台外推；頂樓加蓋；其他增建；,RPPNMLQJIIHGFAA76DA,76.86,0.0,13.2,無,1586.0,43.0
信義區,房地(土地+建物),吳興街１１８巷３５弄１號五樓,28.2,住,,,1110818,土地1建物1車位0,五層,六層,華廈(10層含以下有電梯),住家用,760613.0,139.38,4,2,2,有,無,33200000,238198.0,,0.0,0,,RPVNMLSJRHHGFDA68DA,99.85,0.0,13.25,有,1587.0,35.0
北投區,房地(土地+建物),天母北路１０５巷１５弄１號四樓之３,9.8,住,,,1110812,土地1建物1車位0,四層,十一層,住宅大樓(11層含以上有電梯),住家用,840629.0,33.480000000000004,0,1,1,有,有,6800000,203106.0,,0.0,0,陽台外推；其他增建；,RPPNMLPLRHHGFEA08DA,20.7,0.92,1.84,有,1588.0,27.0
文山區,房地(土地+建物),景興路１０２巷９號,33.5,住,,,1110821,土地1建物1車位0,一層,四層,公寓(5樓含以下無電梯),住家用,571130.0,105.95,3,2,1,有,無,20600000,194431.0,,0.0,0,,RPPOMLPJIIHGFAA86EA,105.95,0.0,0.0,無,,54.0
大安區,房地(土地+建物)+車位,敦化南路一段１３８號五樓之３,12.55,住,,,1110831,土地2建物1車位1,五層,二十三層,住宅大樓(11層含以上有電梯),住家用,1090909.0,199.31,0,0,0,無,有,77000000,438245.0,坡道平面,32.28,3800000,,RPPNMLQJIIHGFFA37EA,100.05,4.39,6.97,有,,2.0
信義區,房地(土地+建物),忠孝東路五段５３６號十一樓,20.19,住,,,1110829,土地1建物1車位0,十一層,十二層,住宅大樓(11層含以上有電梯),住家用,751106.0,143.04000000000002,3,2,2,有,有,33300000,232802.0,,0.0,0,,RPUNMLLLRHHGFDA08DA,123.81,0.0,14.21,有,,36.0
信義區,房地(土地+建物),虎林街１２０巷１８１弄２號,51.0,住,,,1110805,土地1建物2車位0,一層，二層,三層,公寓(5樓含以下無電梯),住家用,620620.0,150.0,7,3,4,有,無,32000000,213333.0,,0.0,0,頂樓加蓋；,RPUOMLQJIIHGFDA77EA,150.0,0.0,0.0,無,,49.0
文山區,房地(土地+建物)+車位,政大二街２０６巷４０號,106.19,住,,,1110828,土地1建物1車位1,一層，二層，三層,四層,公寓(5樓含以下無電梯),住家用,850607.0,216.6,4,2,3,有,有,27900000,128809.0,其他,0.0,0,陽台外推；其他增建；,RPQPMLKMRHHGFAA57DA,134.13,6.61,9.59,無,,26.0
萬華區,房地(土地+建物),西園路二段２８１巷２７號二樓,36.75,住,,,1110831,土地1建物1車位0,二層,四層,公寓(5樓含以下無電梯),住家用,581124.0,74.3,3,2,2,有,無,11200000,150740.0,,0.0,0,其他增建；,RPOOMLPJIIHGFBA76DA,74.3,0.0,0.0,無,,53.0
大安區,房地(土地+建物),復興南路一段１０７巷５弄２５號五樓之２,24.97,住,,,1110831,土地1建物1車位0,五層,七層,華廈(10層含以下有電梯),住家用,691210.0,126.63,4,2,2,有,有,35500000,280344.0,,0.0,0,,RPUPMLNKPHHGFFA48EA,98.24,0.0,11.78,有,,42.0
中山區,房地(土地+建物),民生西路３巷２之２號三樓之１,23.49,住,,,1110823,土地1建物2車位0,三層,五層,華廈(10層含以下有電梯),住家用,801102.0,90.11,2,2,1,有,有,22400000,248585.0,,0.0,0,陽台外推；其他增建；,RPOQMLQJIIHGFCA27EA,54.77,2.91,7.26,有,,31.0
北投區,房地(土地+建物)+車位,中山北路七段２１９巷３弄２７６號四樓,90.96,住,,,1110831,土地1建物1車位1,四層,七層,華廈(10層含以下有電梯),住家用,960824.0,203.96,3,2,2,有,有,31000000,151991.0,坡道平面,32.22,0,,RPSNMLQJIIHGFEA57EA,113.65,4.18,11.72,有,1596.0,15.0
士林區,房地(土地+建物),天母北路４５號二樓,29.4,住,,,1110828,土地1建物1車位0,二層,七層,華廈(10層含以下有電梯),住家用,750121.0,135.55,3,2,2,有,無,30000000,221321.0,,0.0,0,陽台外推；其他增建；,RPUOMLQKRHHGFEA68DA,117.77,0.0,9.16,有,,37.0
信義區,房地(土地+建物),信安街１６１之１號十一樓,7.33,住,,,1110806,土地1建物1車位0,十一層,十二層,住宅大樓(11層含以上有電梯),住家用,720712.0,67.54,2,2,1,有,有,16800000,248741.0,,0.0,0,,RPSSMLOLQHHGFDA68EA,47.02,0.0,8.65,有,1597.0,39.0
文山區,房地(土地+建物),木柵路四段１４１號四樓之２,41.64,住,,,1110829,土地2建物1車位0,四層,十九層,住宅大樓(11層含以上有電梯),住家用,1000214.0,135.0,3,2,2,有,有,26000000,192593.0,,0.0,0,,RPXOMLPJIIHGFAA57DA,86.52,2.84,6.75,有,,12.0
大安區,房地(土地+建物),永康街１３巷１２號四樓,19.1,住,,,1110828,土地1建物1車位0,四層,五層,公寓(5樓含以下無電梯),住家用,730105.0,72.03,2,2,1,有,無,23500000,326253.0,,0.0,0,陽台外推；其他增建；,RPSOMLMLRHHGFFA28DA,53.5,0.0,10.81,無,,39.0
文山區,房地(土地+建物)+車位,和平東路四段６６巷４３號三樓,78.53,住,,,1110813,土地2建物1車位1,三層,十六層,住宅大樓(11層含以上有電梯),住家用,860529.0,225.33999999999995,4,2,3,有,有,31500000,139795.0,坡道平面,45.02,0,陽台外推；,RPSNMLTKRHHGFAA28DA,127.5,3.63,15.85,有,1598.0,25.0
大安區,房地(土地+建物),羅斯福路二段８１巷９號二樓,38.6,住,,,1110827,土地1建物1車位0,二層,五層,公寓(5樓含以下無電梯),住家用,791004.0,114.83,3,2,2,有,無,28700000,249935.0,,0.0,0,,RPPPMLQJIIHGFFA57EA,90.62,0.26,9.46,無,,32.0
萬華區,房地(土地+建物),武成街５６巷１０號四樓,22.75,住,,,1110805,土地1建物1車位0,四層,四層,公寓(5樓含以下無電梯),住家用,650823.0,64.56,4,1,2,有,無,9000000,139405.0,,0.0,0,頂樓加蓋；其他增建；,RPSNMLRJIIHGFBA27DA,57.29,0.0,7.27,無,1600.0,46.0
中山區,房地(土地+建物),復興北路２０４號十樓,18.32,住,,,1110830,土地1建物1車位0,十層,十三層,住宅大樓(11層含以上有電梯),住家用,750609.0,97.98,2,2,2,有,有,26300000,268422.0,,0.0,0,陽台外推；其他增建；,RPRQMLNLRHHGFCA18DA,76.34,0.0,6.1,有,1602.0,36.0
士林區,房地(土地+建物)+車位,忠誠路一段１８８號四樓,30.65,住,,,1110830,土地1建物1車位1,四層,十層,華廈(10層含以下有電梯),住家用,830602.0,145.72,3,2,2,有,有,35080000,240752.0,坡道平面,0.0,0,陽台加窗陽台外推；其他增建；,RPWNMLMJRHHGFEA28DA,125.75,0.0,12.44,有,,28.0
北投區,房地(土地+建物),知行路２９２巷１４弄１１號四樓,28.0,住,,,1110831,土地1建物1車位0,四層,五層,公寓(5樓含以下無電梯),住家用,740124.0,105.48,2,2,1,有,無,13300000,126090.0,,0.0,0,陽台外推；其他增建；,RPTNMLPJRHHGFEA28DA,87.46,0.0,9.07,無,,38.0
松山區,房地(土地+建物),三民路３５巷３號七樓之２,44.33,住,,,1110828,土地1建物1車位0,七層,十三層,住宅大樓(11層含以上有電梯),住家用,930917.0,212.21,3,2,2,有,有,48600000,229018.0,,0.0,0,,RPUOMLRLRHHGFDA78DA,98.65,2.7,11.31,有,,18.0
中山區,房地(土地+建物)+車位,八德路二段１００號五樓之１,22.27,住,,,1110827,土地2建物1車位1,五層,二十層,住宅大樓(11層含以上有電梯),住家用,1010905.0,254.96,4,2,2,有,有,59500000,247471.0,坡道平面,26.65,3000000,,RPUQMLTJQHHGFCA88EA,129.82,9.02,12.53,有,,10.0
內湖區,房地(土地+建物),文湖街２１巷６８弄１０號三樓,32.47,住,,,1110815,土地1建物1車位0,三層,九層,華廈(10層含以下有電梯),住家用,821230.0,136.0,4,2,2,有,有,28000000,205867.0,,0.0,0,,RPPRMLNLRHHGFCA08DA,103.33,0.78,14.16,有,,29.0
內湖區,房地(土地+建物),港華街７９之１號四樓,27.46,住,,,1110828,土地1建物1車位0,四層,五層,公寓(5樓含以下無電梯),住家用,740726.0,76.0,3,0,3,有,無,16800000,221053.0,,0.0,0,陽台外推；,RPPNMLNJRHHGFCA47DA,62.82,0.0,13.18,無,1609.0,37.0
內湖區,房地(土地+建物),文德路９０巷３４號八樓,16.3,住,,,1110806,土地1建物1車位0,八層,九層,華廈(10層含以下有電梯),住家用,861125.0,58.97,2,2,1,有,有,14250000,241648.0,,0.0,0,陽台外推；夾層；其他增建；,RPXPMLNJIIHGFCA67DA,39.62,1.73,4.13,有,1611.0,25.0
中山區,房地(土地+建物)+車位,五常街１０５號五樓,40.1,住,,,1110803,土地1建物1車位1,五層,七層,華廈(10層含以下有電梯),住家用,1110117.0,186.68,3,2,2,有,有,47500000,311363.0,坡道平面,43.76,3000000,,RPOQMLRJIIHGFCA27DA,88.33,0.0,9.36,有,,1.0
北投區,房地(土地+建物)+車位,新民路５３之１號四樓,15.07,住,,,1110827,土地1建物1車位1,四層,十層,華廈(10層含以下有電梯),住家用,970221.0,90.32,1,1,1,有,有,11200000,124004.0,塔式車位,0.0,0,,RPVNMLMKIIHGFEA57EA,40.9,4.38,3.57,有,,15.0
大安區,房地(土地+建物),仁愛路四段１０１號六樓之１,13.04,住,,,1110817,土地2建物1車位0,六層,十五層,住宅大樓(11層含以上有電梯),住家用,670907.0,154.67,0,1,1,有,有,60880000,393612.0,,0.0,0,陽台外推；其他增建；,RPTOMLQJRHHGFFA58DA,120.88,0.0,9.85,有,,44.0
北投區,房地(土地+建物),新興路７０巷９號,35.84,住,,,1110803,土地1建物1車位0,一層,五層,公寓(5樓含以下無電梯),住家用,830222.0,105.48,2,2,1,有,無,10800000,102389.0,,0.0,0,,RPOOMLLKIIHGFEA86EA,57.74,39.64,0.0,無,,28.0
內湖區,房地(土地+建物),成功路四段２１４巷３弄１９號四樓,27.2,住,,,1110818,土地1建物1車位0,四層,五層,公寓(5樓含以下無電梯),住家用,740712.0,95.55,3,2,2,有,有,15400000,161172.0,,0.0,0,,RPTOMLOKRHHGFCA18DA,85.59,0.0,9.96,無,,37.0
內湖區,房地(土地+建物)+車位,大湖山莊街６３巷９號五樓,70.95,住,,,1110819,土地1建物1車位1,五層,五層,華廈(10層含以下有電梯),住家用,1000509.0,221.88,3,2,2,有,有,41000000,184785.0,坡道平面,46.79,0,,RPPSMLMKIIHGFCA17DA,80.87,19.34,6.18,有,,11.0
南港區,房地(土地+建物)+車位,重陽路３１號二樓,28.64,住,,,1110820,土地1建物1車位1,二層,十四層,住宅大樓(11層含以上有電梯),住家用,1110124.0,163.05,3,2,2,有,有,50380000,345107.0,坡道平面,24.6,2600000,,RPTOMLQLRHHGFDA58DA,72.51,10.45,7.31,有,,1.0
文山區,房地(土地+建物),秀明路一段７９巷１弄４２之１號,45.0,住,,,1110829,土地1建物1車位0,全,二層,透天厝,住家用,,62.94,2,2,2,有,無,16800000,266921.0,,0.0,0,陽台外推；頂樓加蓋；其他增建；,RPVOMLMJRHHGFAA87DA,55.16,3.89,3.89,無,,
北投區,房地(土地+建物),北投路二段１７號,64.61,住,,,1110822,土地1建物1車位0,一層，二層,十三層,住宅大樓(11層含以上有電梯),住家用,791016.0,236.22,4,4,3,有,有,54500000,230717.0,,0.0,0,陽台外推；其他增建；,RPQPMLPKRHHGFEA28DA,149.43,49.12,11.2,有,,32.0
南港區,房地(土地+建物)+車位,重陽路１１號十一樓,11.48,住,,,1110802,土地1建物1車位1,十一層,十四層,住宅大樓(11層含以上有電梯),住家用,1110124.0,80.02000000000001,1,1,1,有,有,21000000,349099.0,坡道平面,26.74,2400000,,RPUOMLQLRHHGFDA68DA,30.15,0.0,4.59,有,,1.0
信義區,房地(土地+建物),永吉路１８０巷６６弄６號二樓,32.75,住,,,1110827,土地1建物1車位0,二層，陽臺,四層,公寓(5樓含以下無電梯),住家用,630902.0,94.7,4,2,1,有,無,20800000,219641.0,,0.0,0,,RPVTMLOLQHHGFDA09EA,94.7,0.0,0.0,無,,48.0
松山區,房地(土地+建物),健康路１５巷３４號二樓,32.66,住,,,1110823,土地1建物1車位0,二層,十二層,住宅大樓(11層含以上有電梯),住家用,900810.0,146.51,3,2,2,有,有,34880000,238072.0,,0.0,0,陽台外推；其他增建；,RPWPMLOJIIHGFDA77DA,80.33,2.04,8.74,有,,21.0
中正區,房地(土地+建物),仁愛路二段１５巷２３號三樓,39.0,住,,,1110827,土地1建物1車位0,三層，陽臺,四層,公寓(5樓含以下無電梯),住家用,640109.0,104.34,3,2,1,有,無,27000000,258769.0,,0.0,0,其他增建；,RPTNMLOJIIHGFBA07DA,104.34,0.0,0.0,無,,48.0
中山區,房地(土地+建物)+車位,北安路６６６號五樓,23.86,住,,,1110828,土地1建物1車位1,五層,十層,華廈(10層含以下有電梯),住家用,1090110.0,146.5,0,0,0,無,無,45500000,354069.0,其他,23.36,1900000,,RPQNMLNKIIHGFCA86DA,71.74,0.0,6.42,有,,3.0
內湖區,房地(土地+建物)+車位,行善路５９巷２０弄４１號二樓之１,46.11,住,,,1110815,土地1建物1車位1,二層,八層,華廈(10層含以下有電梯),住家用,961113.0,169.81,3,2,2,有,有,34600000,203757.0,坡道平面,41.03,0,其他增建；,RPQNMLKLRHHGFCA47DA,81.55,7.17,4.57,有,1618.0,15.0
內湖區,房地(土地+建物),民權東路六段２９６巷１０９號五樓,20.12,住,,,1110826,土地1建物1車位0,五層,十五層,住宅大樓(11層含以上有電梯),住家用,830509.0,96.3,3,2,1,有,有,23880000,247975.0,,0.0,0,陽台外推；,RPUQMLOJIIHGFCA57DA,69.96,2.77,8.38,有,,28.0
內湖區,房地(土地+建物),陽光街１６１巷１２之２９號,19.42,住,,,1110830,土地1建物1車位0,一層,五層,華廈(10層含以下有電梯),住家用,1080716.0,37.67,1,1,1,有,有,9320000,247412.0,,0.0,0,,RPUOMLMKIIHGFCA27DA,23.02,0.0,0.0,有,1619.0,3.0
內湖區,房地(土地+建物),環山路二段５３巷５弄１１之２號二樓,14.98,住,,,1110827,土地1建物1車位0,二層,七層,華廈(10層含以下有電梯),住家用,970804.0,68.01,2,1,1,有,有,15500000,227908.0,,0.0,0,陽台外推；夾層；其他增建；,RPVNMLQLRHHGFCA58DA,31.82,4.64,4.43,有,1620.0,14.0
大同區,房地(土地+建物),迪化街二段２０１之１號二樓,20.9,住,,,1110825,土地1建物1車位0,二層,五層,公寓(5樓含以下無電梯),住家用,740702.0,79.45,1,2,1,有,無,12200000,153556.0,,0.0,0,陽台外推；其他增建；,RPPPMLKLRHHGFBA47DA,57.84,1.3,8.03,無,,37.0
北投區,房地(土地+建物),行義路１２８號三樓,24.36,住,,,1110831,土地1建物1車位0,三層,七層,華廈(10層含以下有電梯),住家用,701005.0,147.19,3,2,2,有,有,15500000,105306.0,,0.0,0,,RPWQMLMKIIHGFEA87DA,109.06,0.0,19.89,有,,41.0
內湖區,房地(土地+建物)+車位,成功路五段４５０巷２１弄５３號十一樓,46.57,住,,,1110815,土地1建物1車位3,十一層，十二層,十四層,住宅大樓(11層含以上有電梯),住家用,880731.0,278.14,4,2,3,有,有,49980000,236302.0,坡道平面,98.37,7500000,,RPSPMLOJIIHGFCA27DA,124.31,3.96,7.76,有,,23.0
中山區,房地(土地+建物)+車位,通北街１３２巷８號五樓,37.79,住,,,1110831,土地1建物1車位1,五層,九層,華廈(10層含以下有電梯),住家用,880511.0,173.47,3,2,2,有,有,26800000,154494.0,坡道平面,0.0,0,,RPRNMLMJRHHGFCA57DA,100.23,0.0,12.28,有,,23.0
文山區,房地(土地+建物),景華街１２１巷１２弄９號四樓,36.86,住,,,1110826,土地2建物1車位0,四層,四層,公寓(5樓含以下無電梯),住家用,630109.0,88.53,3,1,1,有,無,12500000,141195.0,,0.0,0,頂樓加蓋；,RPRNMLNKIIHGFAA86EA,88.53,0.0,0.0,無,,49.0
大安區,房地(土地+建物),泰順街１６巷７號三樓,32.3,住,,,1110822,土地3建物1車位0,三層,五層,公寓(5樓含以下無電梯),住家用,761009.0,131.41,3,2,2,有,無,34380000,261624.0,,0.0,0,陽台外推；其他增建；,RPPNMLMKRHHGFFA77DA,97.87,0.0,9.88,無,,35.0
文山區,房地(土地+建物)+車位,辛亥路六段３７號十樓之１,31.73,住,,,1110823,土地2建物1車位2,十層,十四層,住宅大樓(11層含以上有電梯),住家用,970521.0,173.57999999999998,3,2,2,有,有,27600000,192840.0,坡道機械,43.42,2500000,其他增建；,RPSOMLMLRHHGFAA77DA,76.75,2.17,10.79,有,,14.0
中山區,房地(土地+建物),德惠街１９８巷７號四樓,28.27,住,,,1110829,土地1建物1車位0,四層,四層,公寓(5樓含以下無電梯),住家用,640226.0,88.49,2,2,1,有,無,16000000,180811.0,,0.0,0,陽台外推；頂樓加蓋；,RPVOMLSJRHHGFCA68DA,77.94,0.0,10.55,無,1623.0,48.0
內湖區,房地(土地+建物),東湖路１１３巷８６號四樓,26.1,住,,,1110823,土地1建物1車位0,四層,六層,華廈(10層含以下有電梯),住家用,820717.0,84.39999999999999,2,1,1,有,有,15800000,187204.0,,0.0,0,陽台外推；,RPPNMLKMRHHGFCA47DA,60.52,0.59,6.3,有,,29.0
內湖區,房地(土地+建物),康樂街７２巷１７弄８５號二樓,30.65,住,,,1110801,土地1建物1車位0,二層,五層,公寓(5樓含以下無電梯),住家用,730727.0,93.58,5,2,4,有,無,12500000,133576.0,,0.0,0,陽台外推；其他增建；,RPSPMLQJIIHGFCA47DA,83.44,0.0,10.14,無,,38.0
士林區,房地(土地+建物)+車位,中山北路六段２５２巷２號,42.12,住,,,1110826,土地1建物1車位1,一層,八層,華廈(10層含以下有電梯),住家用,820730.0,168.7,3,2,2,有,有,38000000,225252.0,坡道平面,0.0,2800000,平台外移、空地加蓋。現況另有一更衣室。其他增建；,RPQQMLKMRHHGFEA08DA,103.3,11.48,0.0,有,,29.0
文山區,房地(土地+建物),久康街１１１號,31.25,住,,,1110821,土地1建物1車位0,一層,四層,公寓(5樓含以下無電梯),住家用,,88.97,3,2,2,有,無,19200000,215803.0,,0.0,0,其他增建；,RPSOMLQLRHHGFAA18DA,77.52,11.45,0.0,無,,
北投區,房地(土地+建物)+車位,明德路１５０巷１５號十二樓,29.99,住,,,1110828,土地1建物1車位2,十二層,十四層,住宅大樓(11層含以上有電梯),住家用,980114.0,253.46,3,2,2,有,有,53000000,274219.0,坡道平面,77.98,4880000,陽台加窗，占有公設其他增建；,RPVOMLRKIIHGFEA18EA,100.31,13.05,7.96,有,,14.0
文山區,房地(土地+建物),試院路１４４巷４弄３２號四樓,5.23,住,,,1110808,土地7建物1車位0,四層,七層,華廈(10層含以下有電梯),住家用,840303.0,15.28,1,1,1,有,有,1980000,129581.0,,0.0,0,,RPSNMLMKIIHGFAA76DA,8.42,0.37,1.25,有,,27.0
松山區,房地(土地+建物),光復北路１９０巷１６號七樓,44.81,住,,,1110831,土地1建物1車位0,七層,十二層,住宅大樓(11層含以上有電梯),住家用,860718.0,209.65,4,2,2,有,有,43880000,209301.0,,0.0,0,,RPTNMLNKIIHGFDA27DA,112.21,2.95,12.88,有,,25.0
信義區,房地(土地+建物),吳興街３９４巷１６號六樓,23.13,住,,,1110827,土地1建物1車位0,六層,六層,華廈(10層含以下有電梯),住家用,810324.0,74.71,2,2,1,有,無,15500000,207469.0,,0.0,0,陽台外推；其他增建；,RPRPMLRLRHHGFDA58DA,56.38,4.83,3.37,有,,30.0
文山區,建物,萬寧街１４７號十二樓,0.0,,,,1110821,土地0建物1車位0,十二層,十六層,住宅大樓(11層含以上有電梯),住家用,861030.0,153.73000000000002,3,2,2,有,有,9000000,58544.0,,0.0,0,其他增建；地上權房屋；,RPRNMLPKRHHGFAA77DA,87.24,0.0,12.54,有,,25.0
士林區,房地(土地+建物)+車位,社子街８６號八樓之１,17.73,住,,,1110829,土地2建物1車位1,八層,十層,華廈(10層含以下有電梯),住家用,971016.0,99.68,2,1,1,有,有,15200000,152488.0,坡道機械,21.14,0,其他增建；,RPXOMLNJIIHGFEA77DA,43.48,4.86,3.28,有,1629.0,14.0
大安區,房地(土地+建物)+車位,大安路二段８０號八樓,26.49,住,,,1110812,土地1建物1車位1,八層,二十一層,住宅大樓(11層含以上有電梯),住家用,1100831.0,195.5,3,2,2,有,有,81000000,477518.0,坡道平面,34.03,3900000,,RPQSMLRKIIHGFFA08DA,88.38,9.84,9.24,有,,1.0
萬華區,房地(土地+建物),寶興街１６２號三樓,19.8,住,,,1110815,土地2建物1車位0,三層,五層,公寓(5樓含以下無電梯),住家用,660728.0,78.44,3,2,1,有,無,10300000,131311.0,,0.0,0,,RPROMLSKIIHGFBA57EA,67.4,0.0,11.04,無,1630.0,45.0
松山區,房地(土地+建物),民權東路三段１０３巷１號之１,19.76,住,,,1110830,土地1建物1車位0,一層,十四層,住宅大樓(11層含以上有電梯),住家用,740408.0,102.14,3,2,2,有,有,22880000,224006.0,,0.0,0,,RPXOMLOKIIHGFDA87DA,73.17,6.78,0.0,有,,37.0
士林區,房地(土地+建物),忠誠路一段１６巷２３號五樓之２,12.07,住,,,1110831,土地2建物1車位0,五層,五層,華廈(10層含以下有電梯),住家用,840921.0,40.46,1,1,1,有,有,11300000,279288.0,,0.0,0,栽植槽外推、鐵鋁窗增建其他增建；,RPSNMLRKIIHGFEA67DA,23.53,1.2,3.56,有,1631.0,27.0
南港區,房地(土地+建物)+車位,街４２號五樓之２,16.34,住,,,1110814,土地1建物1車位1,五層,十二層,住宅大樓(11層含以上有電梯),住家用,1000414.0,131.78,2,2,1,有,有,31430000,295475.0,坡道平面,33.87,2500000,陽台外推；其他增建；,RPXNMLLLRHHGFDA38DA,56.09,4.66,7.45,有,,11.0
文山區,房地(土地+建物),木柵路四段３３巷５號四樓,29.57,住,,,1110829,土地1建物1車位0,四層,十層,華廈(10層含以下有電梯),住家用,971208.0,120.61,3,2,2,有,有,20800000,172457.0,,0.0,0,陽台外推；其他增建；,RPVOMLMKRHHGFAA97DA,66.71,8.46,12.37,有,1632.0,14.0
文山區,房地(土地+建物)+車位,富山路１８號,50.53,住,,,1110831,土地1建物1車位1,一層,五層,公寓(5樓含以下無電梯),住家用,811021.0,169.96,4,2,2,有,無,24600000,144740.0,坡道平面,0.0,0,其他增建；,RPVOMLNKRHHGFAA08DA,113.98,15.04,0.0,無,,30.0
內湖區,房地(土地+建物)+車位,民權東路六段２８０巷１５５弄２１３號三樓之３０,29.9,住,,,1110823,土地1建物1車位1,二層，三層,十一層,住宅大樓(11層含以上有電梯),住家用,860710.0,120.66,3,2,2,有,有,21200000,175700.0,坡道平面,0.0,2500000,陽台外推；夾層；其他增建；,RPSNMLRLRHHGFCA38DA,50.39,1.55,6.38,有,,25.0
萬華區,房地(土地+建物),環河南路三段１９號二樓,28.25,住,,,1110818,土地1建物1車位0,二層,四層,公寓(5樓含以下無電梯),住家用,590730.0,89.92,3,1,1,有,無,8600000,95641.0,,0.0,0,陽台外推；其他增建；,RPUNMLKMRHHGFBA87DA,89.92,0.0,0.0,無,1633.0,52.0
中山區,房地(土地+建物),新生北路三段８７巷１３號三樓,14.01,住,,,1110822,土地1建物1車位0,三層,七層,華廈(10層含以下有電梯),住家用,1090724.0,71.25999999999999,2,1,1,有,有,15800000,221723.0,,0.0,0,陽台外推；其他增建；,RPSNMLKKIIHGFCA76DA,27.96,6.76,3.15,有,,2.0
松山區,房地(土地+建物),南京東路五段２５０巷３６弄１９之１號,19.46,住,,,1110818,土地1建物1車位0,一層,六層,華廈(10層含以下有電梯),住家用,660524.0,85.13000000000001,2,1,2,有,有,21500000,252585.0,,0.0,0,,RPQOMLTKRHHGFDA58EA,70.89,5.04,0.0,有,,45.0
士林區,房地(土地+建物),中正路４９７號十二樓,18.2,住,,,1110821,土地1建物1車位0,十二層,十六層,住宅大樓(11層含以上有電梯),住家用,751224.0,142.97,3,2,2,有,有,27130000,189760.0,,0.0,0,陽台外推；,RPSNMLKMQHHGFEA87DA,105.3,0.0,18.43,有,,36.0
士林區,房地(土地+建物),忠誠路二段７０巷１６號五樓,35.2,住,,,1110828,土地1建物1車位0,五層,五層,公寓(5樓含以下無電梯),住家用,670720.0,129.24,4,2,2,有,無,24050000,186088.0,,0.0,0,陽台外推；頂樓加蓋；其他增建；,RPSNMLOKIIHGFEA37DA,121.36,0.0,7.88,無,,44.0
士林區,房地(土地+建物),承德路四段１２巷３７號四樓,38.75,住,,,1110828,土地1建物1車位0,四層,四層,公寓(5樓含以下無電梯),住家用,620516.0,110.13,3,2,1,有,無,17880000,162354.0,,0.0,0,陽台外推；其他增建；,RPXPMLOJIIHGFEA97DA,98.02,0.0,12.11,無,,49.0
松山區,房地(土地+建物)+車位,三民路４３巷６號十二樓之３,43.28,住,,,1110831,土地1建物1車位1,十二層,十四層,住宅大樓(11層含以上有電梯),住家用,951218.0,201.08,3,2,2,有,有,48000000,238711.0,坡道平面,0.0,0,,RPWNMLSJRHHGFDA78DA,103.17,3.08,12.45,有,,16.0
北投區,房地(土地+建物),中央北路四段４５６巷３弄４號一樓,33.22,住,,,1110826,土地3建物1車位0,一層,四層,公寓(5樓含以下無電梯),住家用,700402.0,84.27,2,2,1,有,無,8880000,105376.0,,0.0,0,平台外推其他增建；,RPPSMLKMQHHGFEA08DA,75.4,8.87,0.0,無,,41.0
大同區,房地(土地+建物),環河北路二段３７９號二樓,31.62,住,,,1110820,土地1建物1車位0,二層,五層,公寓(5樓含以下無電梯),住家用,700805.0,122.62,4,2,2,有,無,12850000,104795.0,,0.0,0,陽台外推；其他增建；,RPXNMLPKRHHGFBA48DA,96.78,0.0,25.84,無,,41.0
大同區,房地(土地+建物),民族西路２６９號六樓、２６９號六樓之１,30.52,住,,,1110810,土地1建物1車位0,六層,七層,華廈(10層含以下有電梯),住家用,720519.0,159.76000000000002,4,2,2,有,無,27300000,170881.0,,0.0,0,陽台外推；其他增建；,RPPNMLQJIIHGFBA86DA,118.32,0.0,15.17,有,,39.0
大安區,房地(土地+建物),信義路四段１３７號九樓,20.93,住,,,1110827,土地3建物1車位0,九層,十二層,住宅大樓(11層含以上有電梯),住家用,690531.0,192.63,5,2,2,有,有,52500000,272543.0,,0.0,0,陽台外推；,RPVQMLNKPHHGFFA68EA,135.22,0.0,16.79,有,1635.0,42.0
大安區,房地(土地+建物),泰順街４４巷２號三樓之１,30.4,住,,,1110827,土地1建物1車位0,三層,五層,公寓(5樓含以下無電梯),住家用,691013.0,111.19,0,0,0,無,無,25000000,224840.0,,0.0,0,,RPPNMLKKRHHGFFA57DA,98.67,0.0,12.52,無,,42.0
大安區,房地(土地+建物),富陽街１６０巷８號五樓,30.34,住,,,1110829,土地1建物1車位0,五層,五層,公寓(5樓含以下無電梯),住家用,741230.0,115.12,3,2,2,有,無,19150000,166348.0,,0.0,0,陽台外推；其他增建；,RPOOMLKLRHHGFFA67DA,87.23,5.05,13.91,無,1637.0,37.0
北投區,房地(土地+建物)+車位,石牌路二段３５７巷１１號四樓,45.44,住,,,1110818,土地4建物1車位1,四層，電梯樓梯間,十二層,住宅大樓(11層含以上有電梯),住家用,850624.0,184.59,3,2,2,有,有,32000000,173357.0,坡道機械,0.0,2500000,陽台加窗陽台外推；其他增建；,RPROMLRKIIHGFEA67DA,114.59,3.67,10.18,有,1638.0,26.0
中山區,房地(土地+建物),遼寧街７６巷４號三樓,31.4,住,,,1110806,土地1建物1車位0,三層,五層,公寓(5樓含以下無電梯),住家用,660811.0,112.83,3,1,1,有,無,23500000,208278.0,,0.0,0,,RPQPMLSKIIHGFCA57DA,99.29,0.0,13.54,無,,45.0
中山區,房地(土地+建物),敬業三路１６２巷２８號八樓,47.09,住,,,1110807,土地1建物1車位0,八層,十二層,住宅大樓(11層含以上有電梯),住家用,890628.0,155.75,3,2,2,有,有,30780000,197624.0,,0.0,0,陽台外推；其他增建；,RPRNMLRLRHHGFCA28DA,77.91,0.0,8.1,有,,22.0
松山區,房地(土地+建物)+車位,南京東路五段２９１巷２９弄２號二樓,24.34,住,,,1110810,土地1建物1車位1,二層,七層,華廈(10層含以下有電梯),住家用,1031030.0,129.89,2,2,1,有,有,24800000,210947.0,塔式車位,19.91,1600000,塔式車位位於地下第一層其他增建；,RPOOMLNLRHHGFDA77DA,53.44,11.37,5.83,有,,8.0
文山區,房地(土地+建物)+車位,木柵路一段５９巷１６號五樓,38.61,住,,,1110830,土地1建物1車位1,五層,十二層,住宅大樓(11層含以上有電梯),住家用,961029.0,232.89,4,2,2,有,有,32800000,158772.0,坡道平面,43.94,2800000,,RPSNMLOKIIHGFAA96DA,105.67,5.27,8.06,有,,15.0
內湖區,房地(土地+建物),內湖路三段１４３巷３號五樓,25.5,住,,,1110803,土地1建物1車位0,五層,五層,公寓(5樓含以下無電梯),住家用,681126.0,96.35,3,2,1,有,無,10400000,107940.0,,0.0,0,,RPXNMLKMRHHGFCA28DA,86.77,0.0,9.58,無,,43.0
中山區,房地(土地+建物),天祥路６２號,28.5,住,,,1110810,土地1建物1車位0,一層,四層,公寓(5樓含以下無電梯),住家用,561122.0,48.68,1,1,1,有,無,26080000,535744.0,,0.0,0,一樓空地增建其他增建；,RPQQMLKLIIHGFCA96DA,0.0,0.0,0.0,無,,55.0
信義區,房地(土地+建物),虎林街２４２巷６７號,25.0,住,,,1110823,土地1建物1車位0,一層,四層,公寓(5樓含以下無電梯),住家用,590305.0,62.96,3,1,1,有,無,20340000,323062.0,,0.0,0,,RPSPMLTKRHHGFDA88EA,62.96,0.0,0.0,無,,52.0
文山區,房地(土地+建物)+車位,興隆路二段２０３巷１２９號四樓,24.12,住,,,1110813,土地3建物1車位1,四層,十一層,住宅大樓(11層含以上有電梯),住家用,1030605.0,136.32,2,2,1,有,有,20680000,200085.0,坡道機械,41.96,1800000,陽台外推；,RPTOMLNKIIHGFAA07DA,58.4,0.0,6.24,有,1641.0,8.0
中正區,房地(土地+建物),水源路２３之１號九樓,19.18,住,,,1110821,土地1建物1車位0,九層,十層,華廈(10層含以下有電梯),住家用,731117.0,109.99,3,2,2,有,有,21600000,196381.0,,0.0,0,陽台外推；其他增建；,RPUNMLTKRHHGFAA48DA,78.67,0.0,7.53,有,,38.0
信義區,房地(土地+建物),虎林街２０９號三樓,32.51,住,,,1110823,土地1建物1車位0,三層,五層,公寓(5樓含以下無電梯),住家用,740919.0,133.18,4,2,2,有,無,26000000,195225.0,,0.0,0,其他增建；,RPQPMLMKIIHGFDA07DA,116.4,0.0,12.32,無,,37.0
中正區,房地(土地+建物),杭州南路一段７１巷６號,36.5,住,,,1110825,土地1建物1車位0,一層,六層,華廈(10層含以下有電梯),住家用,610128.0,138.24,4,3,3,有,有,48000000,347222.0,,0.0,0,,RPSQMLPKQHHGFBA28EA,138.24,0.0,0.0,有,1644.0,51.0
中山區,房地(土地+建物),通北街６５巷２弄１０號八樓,37.77,住,,,1110821,土地1建物1車位0,八層,九層,華廈(10層含以下有電梯),住家用,831003.0,149.89,4,2,2,有,有,27000000,180132.0,,0.0,0,陽台外推；其他增建；,RPQOMLKMRHHGFCA67DA,102.53,0.0,12.94,有,,28.0
內湖區,房地(土地+建物),康寧路三段１８９巷８０弄３６號,36.74,住,,,1110815,土地1建物1車位0,一層,四層,公寓(5樓含以下無電梯),住家用,741217.0,110.04,2,2,1,有,無,21560000,195929.0,,0.0,0,,RPROMLQLIIHGFCA57EA,84.01,8.01,0.0,無,,37.0
士林區,房地(土地+建物),忠誠路一段１７３巷２８弄１０號四樓,25.95,住,,,1110807,土地5建物1車位0,四層,五層,公寓(5樓含以下無電梯),住家用,681217.0,95.52,2,2,1,有,無,17380000,181951.0,,0.0,0,前陽台外推陽台外推；,RPQNMLQLIIHGFEA57EA,85.69,0.0,9.83,無,,43.0
北投區,房地(土地+建物),榮華一路６巷５號四樓,61.96,住,,,1110801,土地1建物1車位0,四層，五層,五層,公寓(5樓含以下無電梯),住家用,750619.0,178.02999999999997,5,2,3,有,無,28380000,159420.0,,0.0,0,陽台外推；其他增建；,RPSQMLPLIIHGFEA87DA,141.36,1.9,16.13,無,,36.0
內湖區,房地(土地+建物),康寧路三段１８９巷４２號,46.66,住,,,1110815,土地1建物1車位0,一層,五層,公寓(5樓含以下無電梯),住家用,741217.0,139.55,2,2,1,有,無,27340000,195915.0,,0.0,0,,RPQOMLQLIIHGFCA47EA,116.27,9.56,0.0,無,,37.0
文山區,房地(土地+建物)+車位,育英街８９號七樓之１,18.42,住,,,1110804,土地1建物1車位1,七層,九層,華廈(10層含以下有電梯),住家用,1110726.0,125.96,2,2,1,有,有,22570000,239469.0,坡道平面,43.82,2900000,,RPXNMLQLIIHGFAA77DA,39.63,0.0,14.19,有,,
大安區,房地(土地+建物),忠孝東路四段１８１巷７弄１５號三樓之２,13.75,住,,,1110827,土地1建物2車位0,三層,七層,華廈(10層含以下有電梯),住家用,570920.0,66.58,2,2,1,有,有,20000000,300391.0,,0.0,0,,RPVOMLSLIIHGFFA48EA,37.81,0.0,6.9,有,1648.0,54.0
北投區,房地(土地+建物)+車位,三合街一段８２巷７３號七樓之６,17.81,住,,,1110805,土地1建物1車位1,七層,八層,華廈(10層含以下有電梯),住家用,1110729.0,119.08,2,2,1,有,有,18880000,216544.0,其他,39.05,1550000,1.新建案管理委員會籌組中預售屋、或土地及建物分件登記案件；,RPXOMLKMIIHGFEA77DA,44.27,2.54,3.98,有,,
信義區,房地(土地+建物),松山路６２６號五樓之１,15.36,住,,,1110827,土地1建物1車位0,五層,九層,華廈(10層含以下有電梯),住家用,870526.0,56.03,1,1,1,有,有,13780000,245940.0,,0.0,0,夾層；其他增建；,RPRNMLNJIIHGFDA96DA,36.76,0.99,3.48,有,1649.0,24.0
大安區,房地(土地+建物),和平東路三段３０８巷３９弄１９號四樓,49.25,住,,,1110803,土地1建物1車位0,四層,四層,公寓(5樓含以下無電梯),住家用,,104.76,3,2,2,有,無,18580000,177358.0,,0.0,0,頂樓加蓋；其他增建；,RPXOMLNKRHHGFFA78DA,104.76,0.0,0.0,無,,
大安區,房地(土地+建物)+車位,和平東路二段９６巷１５弄３６號三樓之１,18.52,住,,,1110810,土地1建物1車位1,三層,七層,華廈(10層含以下有電梯),住家用,1000321.0,90.91,2,1,1,有,有,31000000,340997.0,其他,0.0,2500000,夾層；,RPWOMLKMQHHGFFA58EA,39.03,6.22,4.38,有,1650.0,11.0
內湖區,房地(土地+建物)+車位,文湖街２１巷８２弄６號四樓,34.54,住,,,1110825,土地1建物1車位1,四層,八層,華廈(10層含以下有電梯),住家用,941226.0,201.48,3,2,2,有,有,35800000,177685.0,坡道平面,33.05,0,專屬空調機房增建；土地價款800萬元整、建物價款2780萬元整陽台外推；其他增建；,RPVPMLRLIIHGFCA08DA,101.06,5.29,10.73,有,1653.0,17.0
信義區,房地(土地+建物),忠孝東路五段２３６巷２０弄２之３號,38.25,住,,,1110822,土地1建物1車位0,四層，陽臺,四層,公寓(5樓含以下無電梯),住家用,600315.0,109.83,3,2,2,有,無,30080000,273878.0,,0.0,0,陽台外推；其他增建；,RPQNMLKLRHHGFDA57DA,109.83,0.0,0.0,無,,51.0
北投區,房地(土地+建物)+車位,幽雅路７號八樓之７,11.81,,,,1110821,土地1建物1車位1,八層,十三層,住宅大樓(11層含以上有電梯),住家用,980205.0,95.0,1,1,1,有,有,11360000,137383.0,坡道機械,23.23,1500000,陽台外推；,RPOOMLKMIIHGFEA86DA,32.11,1.13,12.07,有,1655.0,14.0
北投區,房地(土地+建物),新興路７０巷６號,73.21,住,,,1110803,土地1建物1車位0,一層,五層,華廈(10層含以下有電梯),住家用,830222.0,203.58999999999995,5,2,3,有,無,16100000,79081.0,,0.0,0,平台外移.儲藏室*1其他增建；,RPUPMLPJIIHGFEA77DA,105.2,83.72,0.0,有,,28.0
士林區,房地(土地+建物)+車位,德行東路２５８號四樓之３,16.67,住,,,1110819,土地1建物2車位1,四層,十四層,住宅大樓(11層含以上有電梯),住家用,1110706.0,141.24,2,2,2,有,有,42800000,350218.0,坡道機械,24.17,1800000,,RPXOMLLKIIHGFEA67DA,68.93,5.97,4.2,有,,
士林區,房地(土地+建物)+車位,中山北路六段４４１巷４７號十樓,71.35,住,,,1110819,土地1建物1車位4,十層,十五層,住宅大樓(11層含以上有電梯),住家用,970715.0,447.86,5,2,4,有,有,89270000,266223.0,坡道平面,142.58,8000000,車位編號:10、11、27號所在樓層:B3 車位編號:59號所在樓層:B2,RPSOMLLJJIHGFEA27EA,192.16,6.9,20.86,有,,14.0
士林區,房地(土地+建物),華齡街４０巷１６號三樓,33.6,住,,,1110827,土地1建物1車位0,三層,五層,公寓(5樓含以下無電梯),住家用,730502.0,117.41,3,2,2,有,無,19700000,167788.0,,0.0,0,其他增建；,RPPNMLSKIIHGFEA47DA,103.43,0.0,10.76,無,,38.0
內湖區,房地(土地+建物),康寧路一段２９０號七樓之５,16.42,,,,1110822,土地4建物1車位0,七層,十二層,住宅大樓(11層含以上有電梯),住家用,801021.0,54.41,1,1,1,有,有,11530000,211910.0,,0.0,0,其他增建；,RPRNMLLKIIHGFCA76DA,31.35,3.96,2.7,有,1656.0,31.0
文山區,房地(土地+建物),辛亥路六段３５號三樓之１,28.76,住,,,1110823,土地2建物1車位0,三層,十四層,住宅大樓(11層含以上有電梯),住家用,970521.0,125.25,3,2,2,有,有,26010000,207665.0,,0.0,0,其他增建；,RPUNMLKMRHHGFAA77DA,73.57,2.14,10.79,有,,14.0
南港區,房地(土地+建物)+車位,舊莊街一段９１巷１８號四樓,43.36,住,,,1110814,土地1建物1車位1,四層,八層,華廈(10層含以下有電梯),住家用,791106.0,153.62,3,2,2,有,有,24580000,160005.0,坡道機械,0.0,1500000,陽台外推；其他增建；,RPVNMLRJIIHGFDA77DA,127.97,1.6,13.76,有,,32.0
南港區,房地(土地+建物),研究院路二段１８２巷７８弄１號四樓,24.11,住,,,1110805,土地1建物1車位0,四層,五層,公寓(5樓含以下無電梯),住家用,730802.0,88.17,3,2,1,有,有,11800000,133832.0,,0.0,0,其他增建；,RPRNMLOKIIHGFDA17DA,72.88,0.0,8.54,無,,38.0
大安區,房地(土地+建物)+車位,泰順街６２巷１２弄３號六樓,27.77,住,,,1110821,土地1建物1車位1,六層,六層,華廈(10層含以下有電梯),住家用,951130.0,115.65,3,2,2,有,無,40000000,345871.0,塔式車位,12.98,0,塔式車位於地下一層。陽台外推；夾層；其他增建；,RPTOMLOLIIHGFFA77DA,38.01,1.79,29.01,有,,16.0
北投區,房地(土地+建物)+車位,行義路８５巷６號,507.15,住,,,1110831,土地1建物1車位1,全,二層,透天厝,住家用,560101.0,310.72,3,4,4,有,無,95500000,307351.0,一樓平面,0.0,0,,RPTOMLRKIIHGFEA87DA,310.72,0.0,0.0,有,1659.0,56.0
北投區,房地(土地+建物)+車位,文林北路１３０號十四樓之１,28.27,住,,,1110827,土地2建物1車位2,十四層,十四層,住宅大樓(11層含以上有電梯),住家用,951128.0,236.25,2,2,2,有,有,48360000,204698.0,坡道機械,34.64,0,陽台加窗增建其他增建；,RPUOMLRJJIHGFEA97DA,118.86,5.07,11.57,有,,16.0
中山區,房地(土地+建物)+車位,通北街１１８巷５號八樓,37.79,住,,,1110825,土地1建物1車位1,八層,九層,華廈(10層含以下有電梯),住家用,880511.0,173.47,3,2,2,有,有,28880000,166484.0,坡道平面,0.0,0,陽台外推；其他增建；,RPXNMLLKIIHGFCA37DA,100.23,0.0,12.28,有,,23.0
松山區,房地(土地+建物)+車位,健康路３２５巷２５弄２０號九樓,25.84,住,,,1110820,土地1建物1車位1,九層,十三層,住宅大樓(11層含以上有電梯),住家用,1100323.0,220.9,4,2,2,有,有,58680000,307590.0,坡道平面,39.88,3000000,,RPXOMLKLIIHGFDA67EA,111.77,6.71,11.26,有,,1.0
南港區,房地(土地+建物)+車位,成福路１９４巷６號二樓之２,13.27,住,,,1110826,土地1建物1車位1,二層,九層,華廈(10層含以下有電梯),住家用,1030314.0,91.29,2,1,1,有,有,17600000,222517.0,升降平面,23.43,2500000,,RPROMLLKIIHGFDA07EA,29.53,6.83,7.52,有,1660.0,8.0
大安區,房地(土地+建物),仁愛路四段３４５巷１５弄１１號二樓,21.04,住,,,1110806,土地1建物1車位0,二層,六層,華廈(10層含以下有電梯),住家用,750609.0,105.68,3,2,2,有,有,34000000,321726.0,,0.0,0,陽台外推；其他增建；,RPPOMLNKIIHGFFA17DA,86.22,0.0,10.54,有,,36.0
中山區,房地(土地+建物)+車位,北安路６６６號八樓,23.81,住,,,1110831,土地1建物1車位1,八層,十層,華廈(10層含以下有電梯),住家用,1090110.0,146.22,0,0,0,無,無,48000000,375224.0,其他,23.36,1900000,,RPWPMLOJJIHGFCA77DA,70.78,0.0,7.21,有,,3.0
松山區,房地(土地+建物)+車位,三民路３５巷５號十樓之２,46.95,住,,,1110828,土地1建物1車位1,十層,十三層,住宅大樓(11層含以上有電梯),住家用,930917.0,224.76,4,1,2,有,有,50500000,224684.0,坡道平面,0.0,0,車位固定B1-181號。陽台外推；,RPOOMLKLRHHGFDA47DA,103.3,3.56,12.45,有,,18.0
士林區,房地(土地+建物)+車位,忠誠路一段８４號九樓,25.45,住,,,1110820,土地3建物1車位1,九層,十五層,住宅大樓(11層含以上有電梯),住家用,770711.0,120.05,3,2,2,有,有,28600000,238234.0,坡道平面,0.0,0,陽台外推；,RPSOMLSJJIHGFEA97EA,89.92,0.0,10.47,有,,34.0
內湖區,房地(土地+建物)+車位,民權東路六段２８０巷６９弄６６號五樓,24.89,住,,,1110811,土地2建物1車位2,五層,十層,華廈(10層含以下有電梯),住家用,960125.0,192.61,3,2,2,有,有,31800000,165100.0,坡道平面,78.92,0,陽台外推；其他增建；,RPRQMLRKIIHGFCA67DA,71.53,2.78,7.83,有,,16.0
南港區,房地(土地+建物)+車位,南港路二段１４６號十二樓,31.61,住,,,1110827,土地1建物1車位1,十二層,十三層,住宅大樓(11層含以上有電梯),住家用,851022.0,163.29999999999998,3,2,2,有,有,34500000,211268.0,坡道平面,0.0,0,陽台外推；其他增建；,RPQNMLPJIIHGFDA07DA,128.13,2.41,9.91,有,,26.0
南港區,房地(土地+建物),舊莊街一段２５２號二樓,23.2,住,,,1110824,土地1建物1車位0,二層,五層,公寓(5樓含以下無電梯),住家用,701210.0,83.7,2,2,1,有,無,10000000,119474.0,,0.0,0,天井加蓋、一樓空地增建處增建。陽台外推；,SPPTMLLKIIHGFDA37DA,73.57,0.0,10.13,無,,41.0
中正區,房地(土地+建物),杭州南路一段１０５巷１８號二樓,31.2,住,,,1110822,土地2建物1車位0,二層,五層,公寓(5樓含以下無電梯),住家用,660624.0,111.98,3,2,2,有,無,28300000,252724.0,,0.0,0,陽台外推；,RPTNMLLLIIHGFBA96DA,95.21,0.0,16.77,無,,45.0
萬華區,房地(土地+建物),青年路１５２巷２０號十一樓之３,40.52,住,,,1110814,土地4建物1車位0,十一層,十四層,住宅大樓(11層含以上有電梯),住家用,970103.0,189.3,3,2,2,有,有,30600000,161648.0,,0.0,0,其他增建；,RPRPMLSKIIHGFBA57DA,103.07,0.0,9.77,有,1665.0,15.0
南港區,房地(土地+建物)+車位,向陽路２５８巷３７號七樓,36.08,住,,,1110807,土地1建物1車位1,七層,八層,華廈(10層含以下有電梯),住家用,961217.0,169.51,3,2,2,有,有,39280000,270959.0,坡道平面,33.77,2500000,,RPWPMLLKIIHGFDA67EA,83.58,2.63,12.12,有,,15.0
內湖區,房地(土地+建物),文德路２１０巷３０弄３４號三樓,25.35,住,,,1110821,土地1建物1車位0,三層,五層,公寓(5樓含以下無電梯),住家用,720308.0,95.65,3,2,2,有,無,17400000,181913.0,,0.0,0,陽台外推；,RPTPMLLLRHHGFCA08DA,76.72,0.0,9.92,無,,39.0
中山區,房地(土地+建物),五常街３１號十一樓之２,11.49,住,,,1110831,土地2建物1車位0,十一層,十二層,住宅大樓(11層含以上有電梯),住家用,1050115.0,61.870000000000005,1,1,1,有,有,20200000,326491.0,,0.0,0,,RPRNMLLJJIHGFCA76DA,32.31,2.78,2.55,有,1666.0,7.0
文山區,房地(土地+建物)+車位,樟新街１５巷１２號,55.64,住,,,1110812,土地1建物1車位2,一層，二層,十一層,住宅大樓(11層含以上有電梯),住家用,790821.0,259.91,6,4,3,有,有,34500000,132738.0,坡道平面,55.34,0,其他增建；,RPPNMLSJJIHGFAA07DA,163.09,87.56,0.0,有,,32.0
文山區,房地(土地+建物),羅斯福路六段１４２巷２０弄２５號六樓之１,10.96,住,,,1110824,土地1建物1車位0,六層，電梯樓梯間,十層,華廈(10層含以下有電梯),住家用,850327.0,47.24,1,1,1,有,有,10950000,231795.0,,0.0,0,,RPQNMLKKJIHGFAA09DA,33.21,2.77,3.87,有,,26.0
內湖區,房地(土地+建物)+車位,內湖路二段２３５巷１６號五樓之５,56.61,住,,,1110818,土地3建物1車位1,五層,五層,華廈(10層含以下有電梯),住家用,1110722.0,121.18,2,2,1,有,有,23200000,235563.0,坡道平面,33.73,2600000,本案係信託財產 受託人:僑馥建築經理股份有限公司 委託人:璞慶建設股份有限公司、元通建設股份有限公司 工程款減少 124265 元預售屋、或土地及建物分件登記案件；,RPUQMLRJJIHGFCA97DA,51.44,2.22,4.94,有,,
士林區,房地(土地+建物),福港街２１０巷１８弄８號二樓,25.74,住,,,1110813,土地1建物1車位0,二層,五層,公寓(5樓含以下無電梯),住家用,700117.0,90.74,3,2,1,有,無,15060000,165969.0,,0.0,0,其他增建；,RPQPMLSKIIHGFEA77DA,76.85,0.0,13.89,無,,42.0
內湖區,房地(土地+建物)+車位,內湖路二段２３５巷２０之２號,59.02,住,,,1110810,土地3建物1車位1,一層,五層,華廈(10層含以下有電梯),住家用,1110722.0,116.92,0,0,0,無,有,25000000,266859.0,坡道平面,33.73,2800000,本案係信託財產 受託人:僑馥建築經理股份有限公司 委託人:璞慶建設股份有限公司、元通建設股份有限公司 工程款減少 411421 元毛胚屋；預售屋、或土地及建物分件登記案件；,RPUPMLRJJIHGFCA87DA,53.94,0.0,5.57,有,,
文山區,房地(土地+建物)+車位,汀州路四段１９５號十一樓,19.19,住,,,1110820,土地1建物1車位1,十一層,二十二層,住宅大樓(11層含以上有電梯),住家用,1000113.0,158.12,3,2,2,有,有,34170000,259356.0,坡道平面,36.01,2500000,陽台外推；,RPOOMLOKJIHGFAA76DA,68.83,6.59,12.18,有,,12.0
萬華區,房地(土地+建物),國興路１巷１號九樓之１,27.05,住,,,1110829,土地1建物1車位0,九層,十二層,住宅大樓(11層含以上有電梯),住家用,710702.0,101.76,3,2,1,有,有,17900000,175904.0,,0.0,0,其他增建；,RPRPMLLJJIHGFBA86DA,71.02,0.0,6.0,有,,40.0
士林區,房地(土地+建物),至誠路二段１２３號七樓,23.38,住,,,1110801,土地1建物1車位0,七層,七層,華廈(10層含以下有電梯),住家用,750506.0,124.79,3,2,2,有,有,27600000,221154.0,,0.0,0,陽台加窗其他增建；,RPQNMLOKJIHGFEA27DA,106.9,0.0,12.11,有,1672.0,36.0
大安區,房地(土地+建物)+車位,忠孝東路四段１８１巷３５弄６號六樓,41.58,住,,,1110816,土地1建物1車位1,六層,六層,華廈(10層含以下有電梯),住家用,750903.0,206.43,4,2,3,有,無,56500000,313294.0,坡道平面,37.25,3500000,陽台外推；頂樓加蓋；其他增建；,RPTOMLOKIIHGFFA67DA,182.84,0.0,14.49,有,,36.0
士林區,房地(土地+建物),克強路１０巷４弄１１號,60.0,住,,,1110818,土地1建物1車位0,全,二層,透天厝,住家用,621227.0,83.8,2,2,0,有,無,38000000,453461.0,,0.0,0,頂樓加蓋；其他增建；,RPXOMLRKJIHGFEA48EA,83.8,0.0,0.0,無,,49.0
內湖區,房地(土地+建物)+車位,康寧路三段５４巷１２號十二樓,26.41,住,,,1110802,土地1建物1車位1,十二層，電梯樓梯間,十二層,住宅大樓(11層含以上有電梯),住家用,850904.0,162.83999999999995,3,2,2,有,有,30200000,235604.0,坡道平面,45.27,2500000,陽台外推；,RPUPMLOJJIHGFCA57DA,130.29,6.75,8.72,有,,26.0
士林區,房地(土地+建物)+車位,承德路四段６３號九樓,30.06,住,,,1110831,土地1建物1車位1,九層,十二層,住宅大樓(11層含以上有電梯),住家用,860115.0,166.13,3,2,2,有,有,31500000,189611.0,坡道平面,0.0,0,陽台加窗其他增建；,RPPNMLMKJIHGFEA96DA,93.57,2.59,12.55,有,,26.0
大安區,房地(土地+建物),敦化南路二段２００巷１４弄１２號二樓,25.77,住,,,1110810,土地1建物1車位0,二層,五層,公寓(5樓含以下無電梯),住家用,690520.0,89.82,3,2,1,有,無,23000000,256068.0,,0.0,0,,RPQPMLOLQHHGFFA28DA,82.8,0.0,7.02,無,1674.0,42.0
北投區,房地(土地+建物),西安街二段３７３號,35.81,住,,,1110828,土地1建物1車位0,一層,十一層,住宅大樓(11層含以上有電梯),住家用,820511.0,116.57,3,2,2,有,有,21800000,187012.0,,0.0,0,其他增建；,RPVNMLKKJIHGFEA37DA,82.25,9.21,0.0,有,,29.0
內湖區,房地(土地+建物)+車位,內湖路一段４１１巷６６號十三樓,77.96,住,,,1110816,土地2建物1車位4,十三層,二十八層,住宅大樓(11層含以上有電梯),住家用,1051026.0,551.81,6,2,4,有,有,166880000,341093.0,坡道平面,97.74,12000000,,RPOQMLOJJIHGFCA07DA,283.73,11.47,27.64,有,1676.0,6.0
內湖區,房地(土地+建物)+車位,內湖路三段７２巷５９號三樓之２,31.77,住,,,1110828,土地1建物1車位1,三層,十六層,住宅大樓(11層含以上有電梯),住家用,830729.0,164.64,4,2,2,有,有,26200000,159135.0,坡道平面,0.0,0,,RPXOMLKLRHHGFCA28DA,137.72,1.44,10.38,有,,28.0
南港區,房地(土地+建物)+車位,研究院路三段２巷１６號五樓,62.91,住,,,1110829,土地2建物1車位1,五層,九層,華廈(10層含以下有電梯),住家用,921204.0,160.59,4,2,2,有,有,21650000,134815.0,坡道平面,0.0,1700000,,RPSNMLSKJIHGFDA77DA,89.65,0.0,9.21,有,1677.0,19.0
北投區,房地(土地+建物)+車位,公路２５７巷５弄１６號,64.13,住,,,1110823,土地1建物1車位1,一層，二層,五層,公寓(5樓含以下無電梯),住家用,790710.0,237.61,5,3,4,有,有,27800000,116998.0,坡道平面,0.0,0,平台外移且向外擴大加蓋、陽台外移、空地加蓋、天井加蓋其他增建；,RPXQMLNLQHHGFEA88DA,128.97,49.74,9.31,無,1678.0,32.0
士林區,房地(土地+建物),前街３３號,85.0,住,,,1110827,土地2建物1車位0,全,二層,透天厝,住家用,520927.0,158.4,6,2,2,有,無,26000000,164141.0,,0.0,0,夾層；其他增建；,RPPOMLKKJIHGFEA86DA,158.4,0.0,0.0,無,,59.0
大同區,房地(土地+建物),重慶北路三段３２２巷５號三樓,24.17,住,,,1110829,土地2建物1車位0,三層,五層,公寓(5樓含以下無電梯),住家用,681011.0,88.87,2,2,1,有,無,15400000,173287.0,,0.0,0,,RPPPMLSLJIHGFBA57DA,77.94,0.0,10.93,無,1681.0,43.0
士林區,房地(土地+建物),福德路７９巷６號,79.0,住,,,1110823,土地2建物1車位0,全,二層,透天厝,住家用,540801.0,120.12,8,0,8,有,無,41380000,344489.0,,0.0,0,空地增建頂樓加蓋；其他增建；,RPTSMLLMQHHGFEA58DA,120.12,0.0,0.0,無,,57.0
中山區,房地(土地+建物),復興北路１９０巷２５號八樓之２,18.51,住,,,1110817,土地1建物1車位0,八層,十五層,住宅大樓(11層含以上有電梯),住家用,750609.0,98.45,3,2,1,有,有,24500000,248857.0,,0.0,0,其他增建；,RPPNMLMKJIHGFCA76DA,76.81,0.0,6.1,有,,36.0
文山區,房地(土地+建物),木新路三段２４３巷１弄３號二樓,24.25,住,,,1110805,土地1建物1車位0,二層,五層,華廈(10層含以下有電梯),住家用,810704.0,82.09,3,2,1,有,無,15800000,192472.0,,0.0,0,陽台外推；其他增建；,RPPNMLKKJIHGFAA98DA,59.84,1.2,8.22,有,1682.0,30.0
松山區,房地(土地+建物),光復北路１１巷７６號,27.9,住,,,1110808,土地1建物1車位0,一層，平台，騎樓,四層,公寓(5樓含以下無電梯),住家用,640104.0,89.05,0,1,0,有,無,38500000,432341.0,,0.0,0,其他增建；,RPUNMLSLJIHGFDA08DA,89.05,0.0,0.0,無,,48.0
文山區,建物,木新路二段１１２號四樓,0.0,,,,1110818,土地0建物1車位0,四層,五層,公寓(5樓含以下無電梯),住家用,780125.0,109.59,3,2,2,有,無,5000000,45625.0,,0.0,0,租用土地之房屋,RPXNMLQLRHHGFAA68EA,89.82,1.32,9.22,無,,34.0
松山區,房地(土地+建物)+車位,健康路３２５巷２５弄１６號六樓,19.24,住,,,1110827,土地1建物1車位1,六層,十三層,住宅大樓(11層含以上有電梯),住家用,1100323.0,176.31,3,2,2,有,有,45200000,309316.0,坡道平面,39.88,3000000,,RPSPMLLJJIHGFDA27EA,83.42,4.47,9.79,有,,1.0
文山區,房地(土地+建物)+車位,木柵路四段３３巷７號五樓之５,23.29,住,,,1110819,土地1建物1車位1,五層,十層,華廈(10層含以下有電梯),住家用,971208.0,128.23000000000002,1,2,1,有,有,17600000,182222.0,坡道平面,42.62,2000000,陽台外推；其他增建；,RPUNMLSLJIHGFAA77DA,52.24,2.47,5.01,有,,14.0
中正區,房地(土地+建物),師大路２１８號,12.39,住,,,1110831,土地1建物1車位0,一層，騎樓,七層,華廈(10層含以下有電梯),住家用,,61.74,2,3,1,有,有,12400000,200842.0,,0.0,0,夾層；其他增建；,RPQOMLPKJIHGFAA07DA,61.74,0.0,0.0,有,,
大安區,房地(土地+建物),延吉街７０巷２弄１６之３號,25.25,住,,,1110728,土地1建物1車位0,四層,四層,公寓(5樓含以下無電梯),住家用,601208.0,81.59,3,2,2,有,無,23400000,286800.0,,0.0,0,,RPSPMLRJRHHGFFA68DA,68.7,0.0,12.89,無,1686.0,51.0
大安區,房地(土地+建物)+車位,敦化南路一段１３８號十三樓之２,12.93,住,,,1110730,土地2建物1車位1,十三層,二十三層,住宅大樓(11層含以上有電梯),住家用,1090909.0,205.56,3,2,2,有,有,89600000,496307.0,坡道平面,32.28,3600000,交易總價:89600000元整。房屋價格:86000000元整。土地價格:60200000元整；建物價格:25800000元整車位價格:3600000元整。車位土地價格:2520000元整；車位建物價格:1080000元整坡道平面車位於地下第五層,RPWNMLKMQHHGFFA38DA,103.11,5.78,7.06,有,,2.0
大安區,房地(土地+建物),東豐街５２號五樓,52.36,住,,,1110708,土地2建物1車位0,五層,七層,華廈(10層含以下有電梯),住家用,620118.0,238.9,5,3,3,有,有,81000000,339054.0,,0.0,0,陽台外推；,RPSOMLQJRHHGFFA48DA,206.01,0.0,32.89,有,1687.0,49.0
文山區,房地(土地+建物),景華街１２１巷１５弄１４號二樓,32.69,住,,,1110718,土地1建物1車位0,二層，陽臺,四層,公寓(5樓含以下無電梯),住家用,640721.0,91.93,3,2,1,有,無,15300000,166431.0,,0.0,0,其他增建；,RPPPMLRJRHHGFAA87DA,91.93,0.0,0.0,無,,47.0
信義區,房地(土地+建物),吳興街２８４巷３９弄１１號五樓,31.42,住,,,1110710,土地1建物1車位0,五層,五層,公寓(5樓含以下無電梯),住家用,730810.0,103.53,7,1,3,有,無,18250000,176277.0,,0.0,0,頂樓加蓋；,RPWOMLPKQHHGFDA58DA,86.64,0.0,8.48,無,,38.0
大安區,房地(土地+建物),復興南路二段７８巷３０弄７號十五樓,21.79,住,,,1110724,土地1建物1車位0,十五層,十六層,住宅大樓(11層含以上有電梯),住家用,761105.0,132.88,3,2,2,有,有,43500000,327363.0,,0.0,0,其他增建；,RPTNMLNKPHHGFFA18EA,89.4,0.94,13.18,有,,35.0
內湖區,房地(土地+建物),康寧路三段７５巷１８６弄９７號二樓,79.9,住,,,1110731,土地1建物1車位0,二層,六層,華廈(10層含以下有電梯),住家用,900817.0,146.01,3,2,2,有,有,23700000,162318.0,,0.0,0,陽台外推；,RPOQMLQJRHHGFCA97DA,82.99,2.59,11.58,有,,21.0
內湖區,房地(土地+建物),康樂街７２巷１５之１號三樓,23.14,住,,,1110728,土地3建物1車位0,三層,五層,公寓(5樓含以下無電梯),住家用,731115.0,84.63000000000001,3,2,2,有,無,13350000,157745.0,,0.0,0,,RPVPMLQJRHHGFCA58DA,70.65,0.0,7.72,無,,38.0
信義區,房地(土地+建物),林口街６６巷１８號二樓,33.25,住,,,1110728,土地2建物1車位0,二層,四層,公寓(5樓含以下無電梯),住家用,590123.0,67.65,2,2,1,有,無,17080000,252476.0,,0.0,0,其他增建；,RPOOMLTKQHHGFDA18DA,67.65,0.0,0.0,無,,53.0
文山區,房地(土地+建物),景明街１號四樓,36.75,住,,,1110716,土地1建物1車位0,四層,四層,公寓(5樓含以下無電梯),住家用,670202.0,98.86,2,2,1,有,無,17600000,178030.0,,0.0,0,陽台外推；頂樓加蓋；其他增建；,RPVNMLMLQHHGFAA87DA,70.55,0.0,28.31,無,,44.0
士林區,房地(土地+建物)+車位,中山北路六段３５巷８號五樓,29.35,住,,,1110725,土地1建物1車位3,五層,二十一層,住宅大樓(11層含以上有電梯),住家用,1051003.0,293.67,3,2,2,有,有,70300000,239384.0,坡道平面,97.74,0,,RPXOMLQJRHHGFEA88DA,110.95,11.52,8.46,有,1692.0,6.0
信義區,房地(土地+建物),崇德街１２２號六樓,23.88,住,,,1110726,土地1建物1車位0,六層,七層,華廈(10層含以下有電梯),住家用,771128.0,128.66,3,2,2,有,有,27000000,209855.0,,0.0,0,,RPSRMLLJQHHGFDA08EA,97.07,0.0,12.11,有,,34.0
士林區,房地(土地+建物),德行東路２３３號四樓之１,25.65,住,,,1110704,土地1建物1車位0,四層,七層,華廈(10層含以下有電梯),住家用,670707.0,140.98,4,1,2,有,有,22000000,156051.0,,0.0,0,,RPPNMLQJRHHGFEA97DA,110.94,0.0,8.69,有,,44.0
南港區,房地(土地+建物),合順街８巷３弄３５號,22.5,住,,,1110717,土地1建物1車位0,一層，騎樓,四層,公寓(5樓含以下無電梯),住家用,,77.0,3,2,1,有,無,12000000,155844.0,,0.0,0,其他增建；,RPUOMLPLQHHGFDA48DA,77.0,0.0,0.0,無,,
中山區,房地(土地+建物),復興北路４０２巷２６號七樓,23.61,住,,,1110703,土地1建物1車位0,七層,七層,華廈(10層含以下有電梯),住家用,730214.0,100.64,3,2,2,有,有,24680000,245231.0,,0.0,0,其他增建；,RPXOMLSLPHHGFCA88DA,59.45,27.84,0.0,有,,38.0
中山區,房地(土地+建物),中山北路二段１１６巷２３號二樓,23.5,住,,,1110724,土地1建物1車位0,二層,四層,公寓(5樓含以下無電梯),住家用,660606.0,72.82,3,1,1,有,無,15350000,210794.0,,0.0,0,陽台外推；,RPUPMLQJRHHGFCA48DA,58.04,0.0,14.78,無,1694.0,45.0
萬華區,房地(土地+建物),國興路１６號九樓,16.78,住,,,1110710,土地1建物1車位0,九層,十二層,住宅大樓(11層含以上有電梯),住家用,680403.0,59.84,2,2,1,有,有,10400000,173797.0,,0.0,0,陽台外推；其他增建；,RPTOMLTKQHHGFBA48DA,52.57,0.0,7.27,有,,43.0
信義區,房地(土地+建物),松仁路２８１巷３２號三樓,33.5,住,,,1110710,土地1建物1車位0,三層,四層,公寓(5樓含以下無電梯),住家用,,88.16,3,2,1,有,無,19110000,216765.0,,0.0,0,,RPVUMLOLQHHGFDA09DA,88.16,0.0,0.0,無,,
士林區,房地(土地+建物)+車位,中山北路六段３５巷１８號九樓,44.36,住,,,1110722,土地1建物1車位4,九層,二十一層,住宅大樓(11層含以上有電梯),住家用,1051003.0,432.78,3,4,2,有,有,110000000,254171.0,坡道平面,130.32,0,,RPQOMLPJRHHGFEA08DA,171.06,15.06,12.36,有,1698.0,6.0
南港區,房地(土地+建物)+車位,成福路１９４巷６號七樓之３,11.58,住,,,1110730,土地1建物1車位1,七層,九層,華廈(10層含以下有電梯),住家用,1030314.0,71.31,1,1,1,有,有,16500000,231384.0,塔式車位,0.0,1800000,車位面積無法概算夾層；其他增建；,RPVNMLOLQHHGFDA38DA,28.92,6.74,2.84,有,1700.0,8.0
大安區,房地(土地+建物),四維路１７０巷３６號六樓之１１,7.69,住,,,1110729,土地1建物1車位0,六層,八層,華廈(10層含以下有電梯),住家用,980115.0,40.72,1,1,1,有,有,13350000,327849.0,,0.0,0,夾層；其他增建；,RPRNMLRKQHHGFFA38DA,21.38,2.31,2.67,有,1701.0,14.0
大安區,房地(土地+建物),信義路三段１３４巷５０號十三樓,21.13,住,,,1110730,土地1建物1車位0,十三層,十四層,住宅大樓(11層含以上有電梯),住家用,750415.0,108.05,3,2,2,有,有,32700000,302638.0,,0.0,0,陽台外推；其他增建；,RPOQMLOLQHHGFFA18DA,74.74,0.55,10.59,有,1704.0,36.0
內湖區,房地(土地+建物)+車位,民權東路六段１９１巷６２弄２６號五樓,84.36,住,,,1110704,土地1建物1車位1,五層,五層,公寓(5樓含以下無電梯),住家用,991103.0,201.99,3,2,2,有,有,45300000,246150.0,坡道平面,27.3,2300000,,RPRQMLLJRHHGFCA77DA,109.56,13.14,6.91,無,1706.0,12.0
內湖區,房地(土地+建物)+車位,成功路五段４５０巷２１弄９號,24.18,住,,,1110722,土地1建物1車位1,一層,十四層,住宅大樓(11層含以上有電梯),住家用,880731.0,127.43,2,2,1,有,有,27770000,217924.0,坡道平面,0.0,2800000,,RPPPMLRKQHHGFCA08DA,61.5,3.48,5.04,有,,23.0
士林區,房地(土地+建物)+車位,天玉街１０４號六樓之２,27.38,住,,,1110730,土地1建物3車位1,六層,八層,華廈(10層含以下有電梯),住家用,840619.0,141.96,3,2,2,有,有,29000000,204283.0,升降機械,0.0,0,41776建號及41775建號打通使用陽台外推；其他增建；,RPTNMLMKQHHGFEA97DA,66.08,20.87,7.84,有,,27.0
萬華區,房地(土地+建物),青年路１６８巷４９弄５９號五樓,11.36,住,,,1110713,土地2建物1車位0,五層,五層,公寓(5樓含以下無電梯),住家用,640523.0,38.65,1,1,1,有,有,5500000,142303.0,,0.0,0,頂樓加蓋；其他增建；,RPSPMLMJQHHGFBA67DA,32.51,0.0,0.0,無,1715.0,47.0
內湖區,房地(土地+建物)+車位,康寧路三段５６巷１號七樓之３,33.46,住,,,1110725,土地1建物1車位1,七層,十一層,住宅大樓(11層含以上有電梯),住家用,960523.0,198.92,3,2,2,有,有,43800000,220189.0,坡道平面,32.76,0,陽台外推；,RPPPMLOLQHHGFCA87DA,100.77,4.01,10.44,有,1719.0,15.0
文山區,房地(土地+建物)+車位,木新路二段４３巷２５號二樓,58.53,住,,,1110708,土地1建物1車位1,二層,十二層,住宅大樓(11層含以上有電梯),住家用,1070103.0,269.16999999999996,0,0,0,無,有,45500000,192732.0,坡道平面,47.1,2700000,,RPOOMLTLQHHGFAA97DA,120.26,4.42,16.14,有,,5.0
南港區,房地(土地+建物)+車位,經貿二路１５７巷６２號五樓,52.73,,住宅區,,1110709,土地1建物1車位1,五層,九層,華廈(10層含以下有電梯),住家用,970612.0,245.07,4,2,2,有,有,52722500,215132.0,坡道平面,0.0,2500000,,RPQRMLLJQHHGFDA87EA,131.25,5.92,13.32,有,,14.0
松山區,房地(土地+建物),健康路５８巷１１號,26.51,住,,,1110725,土地2建物1車位0,一層,五層,公寓(5樓含以下無電梯),住家用,700115.0,88.44,2,2,2,有,無,26000000,293985.0,,0.0,0,,RPXRMLLJQHHGFDA58EA,77.35,11.09,0.0,無,1720.0,42.0
萬華區,房地(土地+建物)+車位,萬大路２７７巷１４弄１６號二樓,39.46,住,,,1110722,土地1建物1車位1,二層,九層,華廈(10層含以下有電梯),住家用,971128.0,189.18,3,2,2,有,有,30550000,188407.0,坡道平面,40.3,2500000,,RPQNMLQLQHHGFBA87DA,84.81,4.94,12.51,有,,14.0
內湖區,房地(土地+建物)+車位,民權東路六段１８０巷９２號九樓,26.76,住,,,1110729,土地1建物1車位1,九層,十一層,住宅大樓(11層含以上有電梯),住家用,1050322.0,190.56,3,2,2,有,有,41500000,254387.0,坡道平面,37.25,2500000,,RPSPMLMKRHHGFCA97DA,87.11,8.35,8.02,有,,6.0
中山區,房地(土地+建物),中山北路二段６２巷３０弄３號三樓,25.7,住,,,1110705,土地1建物1車位0,三層,四層,公寓(5樓含以下無電梯),住家用,641106.0,92.75,4,0,4,有,無,20000000,215633.0,,0.0,0,,RPQRMLQKOHHGFCA18EA,82.38,0.0,10.37,無,,47.0
文山區,房地(土地+建物),和興路４４巷７０號二樓,53.75,住,,,1110728,土地1建物1車位0,二層，三層,五層,公寓(5樓含以下無電梯),住家用,780419.0,178.72,4,2,2,有,無,21800000,121979.0,,0.0,0,陽台外推；其他增建；,RPWNMLTKQHHGFAA58DA,143.11,0.0,19.66,無,,33.0
文山區,房地(土地+建物)+車位,樟新街１５巷１１號六樓,22.53,住,,,1110716,土地1建物1車位1,六層,七層,華廈(10層含以下有電梯),住家用,860123.0,130.04,3,2,1,有,有,16150000,124193.0,坡道機械,0.0,0,陽台外推；夾層；其他增建；,RPXNMLLKQHHGFAA87DA,40.19,53.02,7.18,有,,25.0
松山區,房地(土地+建物),光復北路６０巷４３號四樓,44.5,住,,,1110710,土地2建物1車位0,四層，陽臺,四層,公寓(5樓含以下無電梯),住家用,,135.67,3,2,2,有,無,29200000,215228.0,,0.0,0,陽台外推；頂樓加蓋；其他增建；,RPPOMLTKQHHGFDA28DA,135.67,0.0,0.0,無,,
內湖區,房地(土地+建物)+車位,新明路４２８巷１號十一樓,12.11,住,,,1110719,土地1建物1車位1,十一層,二十層,住宅大樓(11層含以上有電梯),住家用,1080506.0,104.62,2,2,1,有,有,19500000,227851.0,坡道平面,30.01,2500000,,RPTNMLNLQHHGFCA97DA,40.1,3.95,3.71,有,1726.0,3.0
大安區,房地(土地+建物)+車位,四維路１９８巷３９弄７號四樓,17.17,住,,,1110721,土地1建物1車位1,四層,十九層,住宅大樓(11層含以上有電梯),住家用,740522.0,91.75,2,1,1,有,有,24700000,269210.0,坡道平面,0.0,0,停車位需定期每年抽籤,RPROMLNKRHHGFFA28EA,65.76,1.56,3.62,有,,37.0
內湖區,房地(土地+建物),港華街１０７巷１３號三樓,25.75,住,,,1110730,土地1建物1車位0,三層,四層,公寓(5樓含以下無電梯),住家用,681121.0,91.05,5,0,5,有,無,15800000,173531.0,,0.0,0,陽台外推；,RPPUMLNKRHHGFCA38EA,80.7,0.0,10.35,無,1727.0,43.0
中山區,房地(土地+建物),民生東路二段１１５巷２８弄２４號二樓,47.75,住,,,1110716,土地1建物1車位0,二層，陽臺,四層,公寓(5樓含以下無電梯),住家用,601005.0,129.48,3,2,2,有,無,24500000,189218.0,,0.0,0,其他增建；,RPTNMLLJRHHGFCA67DA,129.48,0.0,0.0,無,,51.0
信義區,房地(土地+建物),崇德街１４６巷４號五樓,27.2,住,,,1110728,土地1建物1車位0,五層,五層,公寓(5樓含以下無電梯),住家用,680918.0,103.2,3,2,2,有,無,15660000,151744.0,,0.0,0,陽台外推；其他增建；,RPTNMLMLQHHGFDA97DA,86.19,0.0,17.01,無,,43.0
信義區,房地(土地+建物)+車位,信義路五段１５０巷１０號五樓之１,22.99,住,,,1110709,土地1建物1車位2,五層，電梯樓梯間,三十層,住宅大樓(11層含以上有電梯),住家用,861024.0,230.95,4,2,2,有,有,56000000,242477.0,坡道平面,0.0,6000000,陽台外推；,RPQNMLNLQHHGFDA77DA,197.03,1.69,14.18,有,,25.0
北投區,房地(土地+建物),致遠一路二段１２巷１５號三樓,35.33,住,,,1110728,土地1建物1車位0,三層,三層,公寓(5樓含以下無電梯),住家用,611030.0,82.45,3,1,1,有,無,17500000,212250.0,,0.0,0,頂樓增建,RPUOMLOKRHHGFEA58EA,82.45,0.0,0.0,無,,50.0
大同區,房地(土地+建物)+車位,昌吉街３２號三樓,33.33,住,,,1110726,土地1建物1車位2,三層,十四層,住宅大樓(11層含以上有電梯),住家用,1010112.0,308.14,4,2,2,有,有,55800000,236664.0,坡道平面,93.5,5000000,梯廳。其他增建；,RPSOMLSJRHHGFBA28DA,120.23,13.42,6.31,有,,11.0
信義區,房地(土地+建物),吳興街１５６巷１１號,23.25,住,,,1110712,土地1建物1車位0,一層，平台，騎樓,四層,公寓(5樓含以下無電梯),住家用,631227.0,63.57,0,1,1,有,無,26600000,418436.0,,0.0,0,夾層；其他增建；,RPPOMLOLQHHGFDA87DA,63.57,0.0,0.0,無,,48.0
北投區,房地(土地+建物),吉利街３６９巷１２號,25.67,住,,,1110724,土地1建物1車位0,一層，騎樓,三層,公寓(5樓含以下無電梯),住家用,581031.0,68.8,2,1,1,有,無,14530000,211192.0,,0.0,0,,RPROMLMLQHHGFEA97DA,68.8,0.0,0.0,無,,53.0
內湖區,房地(土地+建物),內湖路二段１７９巷４８弄１４號五樓,47.06,住,,,1110728,土地1建物1車位0,五層,五層,公寓(5樓含以下無電梯),住家用,720314.0,113.81,3,2,2,有,有,20340000,178719.0,,0.0,0,頂樓加蓋；其他增建；,RPXPMLQKQHHGFCA78DA,91.3,0.0,12.6,無,,39.0
萬華區,房地(土地+建物),長泰街７３巷２７弄１號二樓,25.81,住,,,1110724,土地1建物1車位0,二層,五層,公寓(5樓含以下無電梯),住家用,700930.0,94.39,3,1,2,有,無,11580000,122682.0,,0.0,0,,RPQQMLNJQHHGFBA67DA,79.64,0.0,14.75,無,,41.0
北投區,房地(土地+建物)+車位,富貴一路４之１號九樓,40.5,住,,,1110731,土地1建物1車位1,九層,九層,華廈(10層含以下有電梯),住家用,771118.0,272.81,3,2,3,有,有,58000000,212602.0,坡道平面,0.0,0,陽台外推；頂樓加蓋；,RPQSMLLMQHHGFEA28DA,214.89,0.0,20.87,有,,34.0
大安區,房地(土地+建物),和平東路二段７６巷２３弄４號二樓,36.75,住,,,1110717,土地1建物1車位0,二層，陽臺,四層,公寓(5樓含以下無電梯),住家用,,97.59,3,2,2,有,無,28900000,296137.0,,0.0,0,陽台外推；其他增建；,RPTPMLNKRHHGFFA48DA,97.59,0.0,0.0,無,1729.0,
內湖區,房地(土地+建物),文德路６６巷３４弄８號,40.46,住,,,1110727,土地1建物1車位0,一層,五層,公寓(5樓含以下無電梯),住家用,730207.0,119.13,3,2,1,有,有,24000000,201461.0,,0.0,0,,RPWQMLOKRHHGFCA68DA,79.03,12.49,0.0,無,,38.0
信義區,房地(土地+建物),忠孝東路五段７０３巷１弄３８之１號五樓,29.1,住,,,1110731,土地2建物1車位0,五層,五層,公寓(5樓含以下無電梯),住家用,720113.0,115.36,3,2,2,有,無,18620000,161408.0,,0.0,0,,RPQSMLLJQHHGFDA97EA,92.61,6.55,7.21,無,,40.0
信義區,房地(土地+建物)+車位,松仁路２４２號六樓,30.35,住,,,1110731,土地2建物1車位1,六層,十六層,住宅大樓(11層含以上有電梯),住家用,851007.0,212.18,3,2,2,有,有,51580000,261835.0,坡道機械,22.06,1800000,陽台外推；其他增建；,RPVOMLRKQHHGFDA68DA,143.12,4.23,16.68,有,,26.0
內湖區,房地(土地+建物)+車位,行善路８９之１號二樓,22.05,住,,,1110724,土地1建物1車位1,二層,九層,華廈(10層含以下有電梯),住家用,970806.0,96.59,2,2,1,有,有,24080000,249301.0,坡道機械,0.0,2300000,陽台外推；其他增建；,RPTRMLKMQHHGFCA18DA,48.92,0.5,5.28,有,1733.0,14.0
大安區,房地(土地+建物),大安路一段２０４號十樓之１,5.65,住,,,1110709,土地1建物1車位0,十層,十二層,住宅大樓(11層含以上有電梯),住家用,971028.0,55.95,1,1,1,有,有,23880000,426810.0,,0.0,0,夾層；其他增建；,RPPOMLNLQHHGFFA97DA,25.24,9.43,1.32,有,1734.0,14.0
松山區,房地(土地+建物),復興北路３１３巷３７號三樓,35.7,住,,,1110722,土地1建物1車位0,三層,七層,華廈(10層含以下有電梯),住家用,700905.0,195.85,3,2,2,有,有,36500000,186367.0,,0.0,0,陽台外推；,RPOOMLOJQHHGFDA57DA,153.08,0.0,22.88,有,,41.0
中正區,建物,北平東路１６號十二樓之１,0.0,,,,1110731,土地0建物1車位0,十二層,十二層,住宅大樓(11層含以上有電梯),住家用,780502.0,81.05,1,0,1,有,有,8450000,104257.0,,0.0,0,陽台外推；其他增建；,RPUOMLQLQHHGFBA38DA,53.5,0.81,10.72,有,,33.0
大安區,房地(土地+建物),仁愛路四段３００巷２５弄５號六樓,21.78,住,,,1110730,土地1建物1車位0,六層,七層,華廈(10層含以下有電梯),住家用,730721.0,115.69,3,2,2,有,有,36880000,318783.0,,0.0,0,陽台外推；其他增建；,RPSOMLKMQHHGFFA08DA,93.91,0.0,14.95,有,,38.0
信義區,房地(土地+建物),吳興街６００巷７６弄１４１之１號,11.0,住,,,1110723,土地1建物1車位0,一層,七層,華廈(10層含以下有電梯),住家用,851227.0,36.41,1,2,1,有,有,8250000,226586.0,,0.0,0,陽台外推；夾層；其他增建；,RPVNMLMLQHHGFDA18DA,21.08,0.0,2.61,有,1735.0,26.0
大安區,房地(土地+建物),永康街４７巷３１號四樓,36.25,住,,,1110731,土地1建物1車位0,四層，陽臺,四層,公寓(5樓含以下無電梯),住家用,,108.49,5,3,3,有,無,37000000,341045.0,,0.0,0,陽台外推；頂樓加蓋；,RPVOMLPJRHHGFFA68DA,108.49,0.0,0.0,無,1738.0,
松山區,房地(土地+建物)+車位,寶清街１０３之１２號二樓,22.47,住,,,1110710,土地1建物1車位1,二層,十三層,住宅大樓(11層含以上有電梯),住家用,1061124.0,163.83,3,2,2,有,有,33800000,228724.0,坡道平面,29.17,3000000,其他增建；,RPUUMLOLQHHGFDA98DA,73.27,9.59,6.29,有,,5.0
內湖區,房地(土地+建物)+車位,民權東路六段１８０巷１５２號十樓之３,24.93,住,,,1110717,土地1建物1車位1,十層,十一層,住宅大樓(11層含以上有電梯),住家用,1000221.0,173.01999999999998,2,2,2,有,有,30000000,206085.0,坡道平面,39.58,2500000,,RPRNMLTKRHHGFCA48EA,75.86,1.1,9.15,有,,11.0
大安區,房地(土地+建物),和平東路二段１１８巷２弄１８號四樓,33.33,住,,,1110731,土地1建物1車位0,四層,五層,公寓(5樓含以下無電梯),住家用,661201.0,101.52,4,2,2,有,有,28180000,277581.0,,0.0,0,陽台外推；其他增建；,RPVNMLMJRHHGFFA28DA,88.11,0.0,13.41,無,,45.0
文山區,房地(土地+建物),育英街７９號二樓,15.65,住,,,1110726,土地1建物1車位0,二層,七層,華廈(10層含以下有電梯),住家用,1091225.0,66.53999999999999,1,1,1,有,有,15870000,238503.0,,0.0,0,,RPPNMLTKRHHGFAA97DA,37.84,2.88,4.74,有,,2.0
信義區,房地(土地+建物),吳興街２８４巷２２弄９１號五樓,20.0,住,,,1110702,土地1建物1車位0,五層,五層,公寓(5樓含以下無電梯),住家用,670708.0,86.13,3,2,1,有,無,15050000,174736.0,,0.0,0,頂樓加蓋；其他增建；,RPSOMLTJQHHGFDA48DA,74.08,6.06,5.99,無,,44.0
北投區,房地(土地+建物),稻香路１１４號,106.0,住,,,1110719,土地1建物1車位0,全,二層,透天厝,住家用,620113.0,116.62,5,3,3,有,無,21500000,184359.0,,0.0,0,,RPQPMLQJRHHGFEA28DA,116.62,0.0,0.0,無,,50.0
中山區,房地(土地+建物),建國北路二段１９２號三樓之１,15.88,住,,,1110728,土地1建物1車位0,三層,十四層,住宅大樓(11層含以上有電梯),住家用,750203.0,123.94,3,2,2,有,有,25800000,208165.0,,0.0,0,陽台外推；,RPTNMLTKRHHGFCA68EA,89.5,0.4,13.29,有,,36.0
信義區,房地(土地+建物),松德路２５１號七樓,19.97,住,,,1110724,土地1建物1車位0,七層,七層,華廈(10層含以下有電梯),住家用,730120.0,112.74,3,2,1,有,無,22000000,195139.0,,0.0,0,陽台外推；頂樓加蓋；其他增建；,RPWOMLQKQHHGFDA68DA,74.28,0.0,27.07,有,,39.0
南港區,房地(土地+建物)+車位,研究院路三段５號五樓之１,82.38,住,,,1110727,土地1建物1車位2,五層,五層,華廈(10層含以下有電梯),住家用,990921.0,265.55,3,2,2,有,有,33020000,124346.0,坡道平面,87.9,0,,RPQTMLTKRHHGFDA98DA,101.6,0.0,16.37,有,,12.0
士林區,房地(土地+建物)+車位,中山北路七段８１巷３８之６號二樓,176.97,住,,,1110724,土地1建物1車位3,二層,五層,華廈(10層含以下有電梯),住家用,970205.0,479.55,5,2,3,有,有,133999000,351754.0,坡道平面,132.72,12000000,,RPWPMLTKRHHGFEA66DA,178.86,0.0,21.57,有,,14.0
北投區,房地(土地+建物),中和街２０巷７４號五樓,36.33,住,,,1110726,土地1建物1車位0,五層,五層,公寓(5樓含以下無電梯),住家用,690801.0,143.74,4,2,2,有,無,10660000,74162.0,,0.0,0,陽台外推；,RPQOMLMLQHHGFEA87DA,107.53,0.0,18.22,無,1745.0,42.0
中山區,房地(土地+建物)+車位,南京東路三段１９４巷３號四樓,32.6,住,,,1110718,土地1建物1車位1,四層,六層,華廈(10層含以下有電梯),住家用,1110315.0,166.20999999999998,2,2,2,有,有,50850000,362999.0,坡道平面,36.32,3700000,,RPQOMLQKRHHGFCA08DA,67.0,7.33,10.44,有,,
中山區,房地(土地+建物)+車位,新生北路二段１５巷６號七樓,24.38,住,,,1110727,土地2建物1車位2,七層,七層,華廈(10層含以下有電梯),住家用,1001014.0,173.57,2,2,2,有,有,33220000,191393.0,升降機械,0.0,0,陽台外推；其他增建；,RPTPMLTKRHHGFCA88EA,45.16,2.22,22.01,有,,11.0
中正區,房地(土地+建物),廈門街９９巷１６之９號三樓,40.31,住,,,1110723,土地2建物1車位0,三層,四層,公寓(5樓含以下無電梯),住家用,,77.64,3,2,2,有,無,15390000,198223.0,,0.0,0,其他增建；,RPSQMLTJOHHGFAA28EA,77.64,0.0,0.0,無,,
中山區,房地(土地+建物)+車位,南京東路三段１９４巷３號五樓之６,20.82,住,,,1110730,土地1建物1車位1,五層,六層,華廈(10層含以下有電梯),住家用,1110315.0,119.09,1,1,2,有,有,35000000,386614.0,坡道平面,36.32,3000000,,RPTOMLQKRHHGFCA38DA,46.01,3.73,4.28,有,,
中山區,房地(土地+建物),建國北路二段１９２號三樓,15.88,住,,,1110728,土地1建物1車位0,三層,十四層,住宅大樓(11層含以上有電梯),住家用,750203.0,122.95,2,2,1,有,有,25700000,209028.0,,0.0,0,陽台外推；,RPSNMLTKRHHGFCA58EA,89.5,0.4,12.26,有,,36.0
信義區,房地(土地+建物),吳興街５２４巷３７號四樓,29.72,住,,,1110731,土地1建物1車位0,四層,四層,公寓(5樓含以下無電梯),住家用,690318.0,88.29,3,2,1,有,無,11200000,126855.0,,0.0,0,陽台外推；其他增建；,RPSPMLTKQHHGFDA68DA,81.73,0.0,6.56,無,1746.0,42.0
北投區,房地(土地+建物),中央北路三段１６８巷７號五樓,24.82,住,,,1110728,土地2建物1車位0,五層,五層,公寓(5樓含以下無電梯),住家用,701007.0,86.15,3,2,1,有,無,8200000,95183.0,,0.0,0,陽台加窗、頂樓加蓋鐵皮棚架其他增建；,RPPNMLKLRHHGFEA67EA,76.99,0.0,9.16,無,,41.0
士林區,房地(土地+建物)+車位,中山北路六段１７２巷８號四樓,33.95,住,,,1110725,土地1建物1車位1,四層,六層,華廈(10層含以下有電梯),住家用,1001223.0,150.99,2,2,2,有,有,36000000,276000.0,坡道平面,30.7,2800000,其他增建；,RPPNMLPKQHHGFEA87DA,69.56,7.22,8.52,有,,11.0
文山區,房地(土地+建物)+車位,政大三街１３號三樓,63.05,住,,,1110709,土地1建物1車位1,三層，電梯樓梯間,五層,華廈(10層含以下有電梯),住家用,851217.0,131.02,3,2,2,有,有,18700000,142726.0,坡道平面,36.04,0,陽台外推；其他增建；,RPVOMLPKQHHGFAA18DA,73.97,1.0,7.62,有,,26.0
文山區,房地(土地+建物),樟新街４８巷１１號七樓,30.11,住,,,1110703,土地1建物1車位0,七層,七層,華廈(10層含以下有電梯),住家用,820218.0,111.15,4,2,2,有,無,19780000,177958.0,,0.0,0,陽台外推；頂樓加蓋；其他增建；,RPPNMLQLQHHGFAA67DA,80.71,5.03,9.3,有,,29.0
信義區,房地(土地+建物),福德街１３７巷１７弄７號四樓,26.92,住,,,1110723,土地1建物1車位0,四層,五層,公寓(5樓含以下無電梯),住家用,740827.0,96.28,3,2,2,有,有,16700000,173452.0,,0.0,0,陽台外推；其他增建；,RPROMLPLQHHGFDA18DA,83.12,0.0,10.2,無,,37.0
大安區,房地(土地+建物)+車位,建國南路二段５７號十六樓,65.85,住,,,1110711,土地2建物1車位3,十六層,三十一層,住宅大樓(11層含以上有電梯),住家用,1070802.0,569.0999999999999,0,0,0,無,有,385000000,773363.0,坡道平面,90.67,15000000,,RPRNMLKLRHHGFFA87DA,252.08,8.23,33.9,有,,4.0
文山區,房地(土地+建物)+車位,指南路三段７７巷１號三樓,31.87,住,,,1110729,土地1建物1車位1,三層,十三層,住宅大樓(11層含以上有電梯),住家用,990721.0,171.93,3,2,2,有,有,22060000,144743.0,升降平面,33.34,2000000,其他增建；,RPQOMLPJRHHGFAA67DA,79.24,8.65,4.95,有,,12.0
北投區,房地(土地+建物),榮華一路３之１號五樓,7.54,住,,,1110729,土地1建物1車位0,五層,五層,華廈(10層含以下有電梯),住家用,830909.0,34.68,2,1,1,有,無,7900000,227797.0,,0.0,0,陽台外推；夾層；其他增建；,RPROMLLLRHHGFEA97DA,13.7,9.04,3.09,有,1749.0,28.0
中山區,房地(土地+建物)+車位,敬業三路１６２巷４９號十樓,47.09,住,,,1110731,土地1建物1車位1,十層,十層,華廈(10層含以下有電梯),住家用,890628.0,155.69,2,2,2,有,有,31500000,202325.0,坡道平面,0.0,0,陽台外推；,RPOPMLTJQHHGFCA18EA,77.73,0.0,8.22,有,,22.0
松山區,房地(土地+建物),八德路三段１２巷５１弄２１號,53.05,住,,,1110729,土地3建物1車位0,一層,四層,公寓(5樓含以下無電梯),住家用,581201.0,133.19,4,2,2,有,無,57000000,427960.0,,0.0,0,,RPPNMLMLRHHGFDA77EA,133.19,0.0,0.0,無,,53.0
文山區,房地(土地+建物),辛亥路四段１０１巷１４０弄５６號,264.0,住,,,1110721,土地1建物1車位0,全,二層,透天厝,住家用,,235.9,6,3,4,有,有,44500000,188639.0,,0.0,0,陽台外推；頂樓加蓋；其他增建；,RPUNMLLLRHHGFAA77DA,191.62,22.14,22.14,無,,
北投區,房地(土地+建物)+車位,行義路１０巷２號六樓之２,35.36,,,,1110727,土地2建物1車位1,六層,十四層,住宅大樓(11層含以上有電梯),住家用,821224.0,199.17,3,2,2,有,有,37500000,216759.0,坡道平面,37.69,2500000,栽植槽外推。陽台外推；其他增建；,RPWNMLMLRHHGFEA48DA,150.02,0.9,14.89,有,,29.0
文山區,房地(土地+建物),興隆路四段６６巷１３號二樓,35.5,住,,,1110723,土地1建物1車位0,二層，陽臺,四層,公寓(5樓含以下無電梯),住家用,650427.0,64.59,3,2,1,有,無,10380000,160706.0,,0.0,0,陽台外推；其他增建；,RPQOMLSJRHHGFAA97DA,64.59,0.0,0.0,無,,46.0
內湖區,房地(土地+建物),文德路６６巷４０弄８號四樓,39.48,住,,,1110722,土地1建物1車位0,四層,五層,公寓(5樓含以下無電梯),住家用,730211.0,121.66,3,2,1,有,無,19800000,162749.0,,0.0,0,陽台外推；,RPWNMLMLRHHGFCA28DA,79.05,0.0,12.51,無,,38.0
萬華區,房地(土地+建物),中華路二段５０４巷５５號三樓,12.4,住,,,1110730,土地1建物1車位0,三層,十二層,住宅大樓(11層含以上有電梯),住家用,680403.0,46.08,2,1,1,有,有,7800000,169271.0,,0.0,0,陽台外推；其他增建；,RPTOMLNLQHHGFBA97DA,38.94,0.0,7.14,有,1751.0,43.0
士林區,房地(土地+建物),文林路６６１巷３９弄４號三樓,33.5,住,,,1110710,土地1建物1車位0,三層,四層,公寓(5樓含以下無電梯),住家用,670308.0,98.28,3,2,2,有,無,20500000,208588.0,,0.0,0,,RPQQMLKMQHHGFEA97DA,84.11,0.0,14.17,無,,44.0
內湖區,房地(土地+建物)+車位,民權東路六段２０６巷１２５號,133.74,住,,,1110717,土地1建物1車位2,一層，二層，地下一層,五層,華廈(10層含以下有電梯),住家用,990521.0,390.05999999999995,5,2,3,有,有,68880000,176588.0,坡道平面,0.0,0,夾層；,RPROMLLJRHHGFCA57DA,262.44,9.71,18.38,有,,12.0
內湖區,房地(土地+建物)+車位,民權東路六段４０９號二樓之１,23.88,住,,,1110729,土地1建物1車位1,二層,十三層,住宅大樓(11層含以上有電梯),住家用,940914.0,144.89999999999998,1,2,2,有,有,29400000,250980.0,坡道平面,37.72,2500000,陽台外推；,RPPPMLTJQHHGFCA28EA,68.88,0.0,7.22,有,,17.0
中山區,房地(土地+建物)+車位,新生北路二段１５巷６號,8.7,住,,,1110725,土地2建物1車位2,一層,七層,華廈(10層含以下有電梯),住家用,1001014.0,77.23,1,1,1,有,有,14820000,191894.0,升降機械,0.0,0,陽台外推；其他增建；,RPSOMLNLRHHGFCA18EA,24.67,0.0,0.0,有,,11.0
士林區,房地(土地+建物),文昌路１６６號四樓,39.75,住,,,1110704,土地1建物1車位0,四層,四層,公寓(5樓含以下無電梯),住家用,640408.0,86.72,6,3,2,有,無,13600000,156827.0,,0.0,0,頂樓加蓋；其他增建；,RPROMLMJRHHGFEA87DA,86.72,0.0,0.0,無,,47.0
大安區,房地(土地+建物),溫州街５８巷８號三樓,44.5,住,,,1110731,土地1建物1車位0,三層，陽臺,四層,公寓(5樓含以下無電梯),住家用,,113.9,3,2,2,有,無,28500000,250219.0,,0.0,0,陽台外推；,RPOOMLRJRHHGFFA18DA,113.9,0.0,0.0,無,,
士林區,房地(土地+建物)+車位,芝玉路一段２２２號九樓之１,25.7,住,,,1110728,土地1建物1車位2,九層,十八層,住宅大樓(11層含以上有電梯),住家用,971112.0,142.76999999999998,2,2,1,有,有,31380000,219794.0,坡道機械,30.58,0,,RPRNMLNLRHHGFEA08DA,65.92,0.0,4.52,有,,14.0
松山區,房地(土地+建物),光復北路２２０號四樓,27.39,住,,,1110717,土地3建物1車位0,四層,十八層,住宅大樓(11層含以上有電梯),住家用,910320.0,132.26999999999998,3,2,1,有,有,34100000,257806.0,,0.0,0,陽台外推；其他增建；,RPUNMLMKRHHGFDA08DA,88.64,2.26,7.76,有,,20.0
文山區,房地(土地+建物)+車位,指南路三段２２巷１２號八樓,52.61,住,,,1110729,土地1建物1車位1,八層,十四層,住宅大樓(11層含以上有電梯),住家用,1010906.0,248.85,4,2,2,有,有,32000000,128592.0,坡道平面,37.43,0,,RPSNMLRLRHHGFAA28EA,120.53,10.01,13.62,有,1757.0,10.0
中山區,房地(土地+建物)+車位,明水路５２６巷５０號六樓,108.71,住,,,1110705,土地1建物1車位2,六層,九層,華廈(10層含以下有電梯),住家用,930518.0,325.09000000000003,5,2,3,有,有,110380000,420159.0,坡道平面,76.66,6000000,,RPVRMLNLRHHGFCA68DA,154.75,0.0,15.74,有,,18.0
內湖區,房地(土地+建物),康寧路一段１５６巷１０弄１１號三樓,33.75,住,,,1110723,土地1建物1車位0,三層,四層,公寓(5樓含以下無電梯),住家用,661229.0,94.43,3,2,1,有,無,15280000,161813.0,,0.0,0,陽台外推；其他增建；,RPSPMLSJRHHGFCA48DA,81.48,0.0,12.95,無,,45.0
萬華區,房地(土地+建物),和平西路三段２６１號四樓之９,20.9,住,,,1110709,土地1建物1車位0,四層,四層,公寓(5樓含以下無電梯),住家用,611206.0,84.71,3,2,1,有,無,9100000,107425.0,,0.0,0,夾層；其他增建；,RPPOMLNKRHHGFBA57DA,84.71,0.0,0.0,無,,50.0
信義區,房地(土地+建物),忠孝東路四段５５３巷２２弄４之１號四樓,15.38,住,,,1110708,土地1建物1車位0,四層,七層,華廈(10層含以下有電梯),住家用,670203.0,83.28,2,2,2,有,無,27700000,332613.0,,0.0,0,陽台外推；,RPXPMLOLQHHGFDA88EA,62.1,0.0,11.34,有,1758.0,44.0
中山區,房地(土地+建物),天祥路５６號七樓之１,13.15,住,,,1110724,土地1建物2車位0,七層,七層,華廈(10層含以下有電梯),住家用,651224.0,84.14,3,2,1,有,有,18000000,213929.0,,0.0,0,,RPROMLNJIIHGFCA96DA,73.95,0.0,0.0,有,,46.0
內湖區,房地(土地+建物),康寧路一段１１６號三樓,14.66,住,,,1110712,土地2建物1車位0,三層,七層,華廈(10層含以下有電梯),住家用,720111.0,88.35000000000001,3,0,3,有,有,16000000,181098.0,,0.0,0,陽台外推；,RPOPMLPKRHHGFCA87DA,63.12,0.0,14.25,有,1759.0,40.0
信義區,房地(土地+建物)+車位,忠孝東路五段２３６巷２７弄２０號九樓,43.74,住,,,1110730,土地1建物1車位3,九層,九層,華廈(10層含以下有電梯),住家用,950926.0,337.0,5,1,2,有,有,93800000,409512.0,坡道平面,137.25,12000000,陽台外推；其他增建；,RPOQMLOLQHHGFDA08EA,101.72,0.0,32.75,有,,16.0
中正區,房地(土地+建物),師大路１７０號二樓之２,6.11,住,,,1110717,土地2建物1車位0,二層,十二層,住宅大樓(11層含以上有電梯),住家用,670117.0,64.78,2,2,1,有,有,12700000,196048.0,,0.0,0,陽台外推；其他增建；,RPTNMLTLRHHGFAA48DA,48.17,0.0,8.13,有,,45.0
北投區,房地(土地+建物)+車位,三合街一段８２巷１０５號四樓,24.45,住,,,1110723,土地1建物1車位1,四層,九層,華廈(10層含以下有電梯),住家用,1040708.0,176.86,3,2,2,有,有,34000000,239690.0,坡道平面,45.44,2500000,,RPRNMLNLPHHGFEA87DA,78.47,6.45,8.81,有,1761.0,7.0
士林區,房地(土地+建物),雨聲街１５巷１０之１號四樓,33.03,住,,,1110705,土地1建物1車位0,四層,五層,公寓(5樓含以下無電梯),住家用,710719.0,116.32,3,2,2,有,無,18800000,161623.0,,0.0,0,其他增建；,RPXOMLTKRHHGFEA66DA,89.02,0.0,16.1,無,1762.0,40.0
信義區,房地(土地+建物)+車位,忠孝東路五段２３６巷２７弄２２號九樓,44.0,住,,,1110730,土地1建物1車位3,九層,九層,華廈(10層含以下有電梯),住家用,950926.0,325.95,3,2,3,有,有,94200000,409363.0,坡道平面,125.15,12000000,陽台外推；其他增建；,RPPQMLOLQHHGFDA18EA,102.32,0.0,32.87,有,,16.0
中山區,房地(土地+建物),遼寧街２１１號七樓之３,18.32,住,,,1110731,土地1建物1車位0,七層,十五層,住宅大樓(11層含以上有電梯),住家用,750609.0,97.98,2,2,1,有,有,25500000,260257.0,,0.0,0,其他增建；,RPRQMLRJRHHGFCA38DA,76.34,0.0,6.1,有,1763.0,36.0
大安區,房地(土地+建物),浦城街４巷１５號三樓,18.33,住,,,1110716,土地1建物1車位0,三層,五層,公寓(5樓含以下無電梯),住家用,820724.0,70.37,2,2,1,有,無,20580000,292454.0,,0.0,0,陽台外推；其他增建；,RPWNMLQKRHHGFFA88DA,54.89,1.64,10.14,無,1764.0,29.0
北投區,房地(土地+建物)+車位,立農街二段２０８號八樓,42.31,住,,,1110722,土地1建物1車位1,八層，電梯樓梯間,十二層,住宅大樓(11層含以上有電梯),住家用,851106.0,197.14,4,2,2,有,有,40380000,204829.0,坡道平面,34.85,0,陽台外推；,RPUNMLKMRHHGFEA18DA,125.89,0.88,12.53,有,1765.0,26.0
內湖區,房地(土地+建物)+車位,成功路四段６１巷５５號九樓之２,35.64,住,,,1110730,土地1建物1車位2,九層,十五層,住宅大樓(11層含以上有電梯),住家用,1060905.0,273.59000000000003,3,2,2,有,有,53080000,194013.0,坡道平面,73.28,0,其他增建；,RPTOMLTKRHHGFCA68DA,115.61,6.71,11.69,有,1766.0,5.0
南港區,房地(土地+建物)+車位,向陽路２５８巷３５號五樓,48.19,住,,,1110712,土地1建物1車位1,五層,八層,華廈(10層含以下有電梯),住家用,961217.0,219.68,4,2,2,有,有,46000000,233984.0,坡道平面,33.77,2500000,陽台外推；其他增建；,RPWNMLPKRHHGFDA58DA,119.08,4.86,10.73,有,,15.0
信義區,房地(土地+建物),吳興街３６８巷１３號,22.51,住,,,1110710,土地2建物1車位0,一層，平台,四層,公寓(5樓含以下無電梯),住家用,,66.18,3,2,1,有,無,16000000,241765.0,,0.0,0,其他增建；,RPUQMLOLQHHGFDA68EA,66.18,0.0,0.0,無,1767.0,
內湖區,房地(土地+建物)+車位,星雲街２１０巷１５號六樓,29.38,住,,,1110709,土地1建物1車位1,六層,十三層,住宅大樓(11層含以上有電梯),住家用,910620.0,175.5,4,2,2,有,有,35700000,203419.0,坡道平面,0.0,2500000,陽台外推；其他增建；,RPQNMLSKRHHGFCA18DA,91.27,0.0,9.13,有,,20.0
士林區,房地(土地+建物)+車位,中山北路六段２巷４２號五樓,61.65,住,,,1110716,土地1建物1車位1,五層,七層,華廈(10層含以下有電梯),住家用,880324.0,207.85,4,2,2,有,無,46500000,223719.0,坡道平面,32.85,0,陽台外推；其他增建；,RPTOMLKMRHHGFEA18DA,135.45,0.0,12.48,有,,23.0
北投區,房地(土地+建物)+車位,三合街一段８２巷９７號四樓,15.97,住,,,1110731,土地1建物1車位1,四層,九層,華廈(10層含以下有電梯),住家用,1040708.0,109.34,1,2,1,有,有,20880000,190964.0,坡道機械,27.27,0,,RPXQMLTKRHHGFEA86DA,49.97,3.35,4.65,有,1769.0,7.0
南港區,房地(土地+建物),南港路二段３８巷３７號六樓,27.81,住,,,1110730,土地1建物1車位0,六層,十二層,住宅大樓(11層含以上有電梯),住家用,971201.0,134.49,3,2,2,有,有,36750000,273255.0,,0.0,0,,RPORMLOLQHHGFDA18EA,76.57,1.04,9.28,有,1770.0,14.0
大安區,房地(土地+建物)+車位,樂利路２７巷３號五樓,38.37,住,,,1110717,土地1建物1車位2,五層,七層,華廈(10層含以下有電梯),住家用,961113.0,208.39,1,2,1,有,有,56000000,268740.0,塔式車位,0.0,5000000,塔式車位位於地下第1、2層。房屋價格為5100萬元整。陽台外推；其他增建；,RPRNMLTLRHHGFFA78DA,89.96,5.83,13.17,有,,15.0
文山區,房地(土地+建物),木柵路二段１０９巷１００弄４０之１號四樓,13.37,住,,,1110703,土地2建物1車位0,四層,十七層,住宅大樓(11層含以上有電梯),住家用,850925.0,29.15,1,0,1,有,有,4280000,146827.0,,0.0,0,其他增建；,RPRNMLQKRHHGFAA87DA,17.62,0.0,4.97,有,1772.0,26.0
北投區,房地(土地+建物),中央北路三段４０巷３８弄２０號四樓,29.85,住,,,1110726,土地1建物1車位0,四層,七層,華廈(10層含以下有電梯),住家用,920421.0,110.29,3,2,2,有,無,17500000,158673.0,,0.0,0,本交易包含一個無產權車位地下一層指定專用空間編號第十號共壹位陽台外推；其他增建；,RPUPMLKLRHHGFEA28DA,58.33,0.0,8.13,有,,19.0
松山區,房地(土地+建物)+車位,健康路３２５巷２５弄１６號十二樓,18.09,住,,,1110711,土地1建物1車位1,十二層,十三層,住宅大樓(11層含以上有電梯),住家用,1100323.0,170.86,0,0,0,無,有,46850000,335798.0,坡道平面,41.02,3250000,,RPQOMLPKRHHGFDA08DA,77.79,4.47,11.11,有,,1.0
內湖區,房地(土地+建物)+車位,康寧路三段７０巷３２號三樓,18.0,住,,,1110711,土地3建物1車位1,三層,四層,華廈(10層含以下有電梯),住家用,970903.0,105.92,3,2,1,有,有,24500000,286608.0,坡道平面,29.16,2500000,,RPXRMLOJIIHGFCA97DA,60.99,2.49,5.19,有,1775.0,14.0
士林區,房地(土地+建物),延平北路五段２５７巷２弄１７號三樓,25.25,住,,,1110730,土地1建物1車位0,三層,四層,公寓(5樓含以下無電梯),住家用,600405.0,68.01,3,2,1,有,無,9360000,137627.0,,0.0,0,其他增建；,RPXNMLKLRHHGFEA38DA,68.01,0.0,0.0,無,,51.0
南港區,房地(土地+建物),成福路１９４巷１弄１號五樓,21.62,住,,,1110706,土地3建物1車位0,五層,五層,公寓(5樓含以下無電梯),住家用,720623.0,81.98,2,2,1,有,無,16680000,203464.0,,0.0,0,,RPPSMLOLQHHGFDA38EA,64.61,5.53,11.84,無,,39.0
文山區,房地(土地+建物)+車位,政大二街２６０巷１３號五樓,121.01,住,,,1110724,土地1建物1車位2,五層，夾層,五層,華廈(10層含以下有電梯),住家用,1020805.0,307.07,4,2,4,有,有,37200000,127097.0,坡道平面,53.72,5000000,夾層；其他增建；,RPOPMLLJRHHGFAA17DA,146.34,23.9,10.22,有,,9.0
信義區,房地(土地+建物),基隆路二段７９巷３３弄７號四樓,24.8,住,,,1110722,土地1建物1車位0,四層,六層,華廈(10層含以下有電梯),住家用,780620.0,113.68,3,2,2,有,無,17800000,156580.0,,0.0,0,陽台外推；其他增建；瑕疵物件；,RPTSMLOLQHHGFDA78EA,88.88,2.84,13.53,有,,33.0
中山區,房地(土地+建物),北安路６２１巷６弄８號二樓之２,25.81,住,,,1110717,土地1建物1車位0,二層,四層,公寓(5樓含以下無電梯),住家用,651204.0,89.13,3,2,2,有,無,18400000,206440.0,,0.0,0,陽台外推；其他增建；,RPUPMLMKRHHGFCA18DA,72.44,0.0,16.69,無,,46.0
萬華區,房地(土地+建物),中華路二段３６４巷１弄４號六樓,36.63,住,,,1110725,土地1建物1車位0,六層,十層,華廈(10層含以下有電梯),住家用,800227.0,134.32,3,2,2,有,有,25500000,189845.0,,0.0,0,陽台外推；其他增建；,RPUNMLRJIIHGFBA47DA,95.81,0.7,10.73,有,,31.0
中山區,房地(土地+建物)+車位,新生北路二段１５巷６號五樓,39.09,住,,,1110728,土地2建物1車位2,五層,七層,華廈(10層含以下有電梯),住家用,1001014.0,241.25,3,2,2,有,有,43620000,180808.0,升降機械,0.0,0,陽台外推；其他增建；,RPPNMLLKIIHGFCA66EA,93.82,6.75,10.43,有,,11.0
內湖區,房地(土地+建物)+車位,康樂街１８６巷３４之１號十一樓,26.62,住,,,1110730,土地1建物1車位1,十一層,十二層,住宅大樓(11層含以上有電梯),住家用,951120.0,148.92000000000002,3,2,2,有,有,25500000,171233.0,坡道平面,0.0,0,陽台外推；其他增建；,RPQPMLQLRHHGFCA28DA,83.44,4.77,9.63,有,1778.0,16.0
內湖區,房地(土地+建物)+車位,大湖山莊街６３巷９號二樓,96.16,住,,,1110722,土地1建物2車位1,二層,五層,華廈(10層含以下有電梯),住家用,1000509.0,284.18,4,2,3,有,有,58500000,205855.0,坡道平面,46.79,0,,RPOSMLMKIIHGFCA07DA,118.75,19.34,6.18,有,,11.0
文山區,房地(土地+建物)+車位,育英街８３號七樓,14.66,住,,,1110717,土地1建物1車位1,七層,七層,華廈(10層含以下有電梯),住家用,1100120.0,84.01,1,1,1,有,有,16000000,258560.0,升降機械,27.35,1350000,,RPTNMLMKIIHGFAA86DA,28.99,1.32,8.36,有,,1.0
南港區,房地(土地+建物),研究院路二段１８２巷５７弄１３號三樓,48.0,住,,,1110713,土地1建物1車位0,三層,四層,公寓(5樓含以下無電梯),住家用,670608.0,98.19,3,2,2,有,有,12500000,127304.0,,0.0,0,陽台外推；其他增建；,RPOOMLRLRHHGFDA18DA,85.75,0.0,12.44,無,,44.0
松山區,房地(土地+建物)+車位,延壽街３３０巷１７弄６之１號十一樓,25.27,住,,,1110724,土地2建物1車位1,十一層,十二層,住宅大樓(11層含以上有電梯),住家用,820323.0,131.94,3,2,2,有,有,31000000,234955.0,坡道平面,0.0,0,,RPPQMLNLQHHGFDA97DA,91.44,0.0,10.8,有,,29.0
文山區,房地(土地+建物),木柵路二段１０９巷１００弄６４之１號十樓,40.1,住,,,1110702,土地2建物1車位0,十層,十七層,住宅大樓(11層含以上有電梯),住家用,850925.0,66.59,2,1,1,有,有,10480000,157381.0,,0.0,0,陽台外推；其他增建；,RPQNMLLJRHHGFAA17DA,46.78,0.0,5.35,有,,26.0
中山區,房地(土地+建物)+車位,松江路３６３號十樓,55.75,住,,,1110725,土地2建物1車位1,十層,十二層,住宅大樓(11層含以上有電梯),住家用,710707.0,453.84,6,2,2,有,有,85500000,188392.0,坡道平面,0.0,0,,RPTQMLTJQHHGFCA78EA,310.5,0.0,23.4,有,1780.0,40.0
士林區,房地(土地+建物),天母東路８巷８８號四樓,30.03,住,,,1110704,土地1建物1車位0,四層,五層,公寓(5樓含以下無電梯),住家用,700910.0,101.77,3,2,2,有,無,18500000,181782.0,,0.0,0,陽台外推；,RPSNMLTLRHHGFEA78DA,91.22,0.0,10.55,無,1781.0,41.0
內湖區,房地(土地+建物),康寧路三段１８９巷４７號五樓,40.27,住,,,1110731,土地1建物1車位0,五層,五層,公寓(5樓含以下無電梯),住家用,751209.0,112.88,3,2,2,有,無,18600000,164777.0,,0.0,0,頂樓加蓋；其他增建；,RPTOMLQLQHHGFCA38DA,92.97,0.18,9.74,無,,36.0
內湖區,房地(土地+建物),內湖路一段２１７巷８號七樓,35.35,住,,,1110717,土地1建物1車位0,七層,七層,華廈(10層含以下有電梯),住家用,721117.0,109.28,5,0,4,有,有,18800000,172035.0,,0.0,0,,RPQPMLTLRHHGFCA58DA,71.73,0.0,9.36,有,1784.0,39.0
南港區,房地(土地+建物)+車位,南港路二段３８巷２４號十一樓,37.41,住,,,1110718,土地1建物1車位1,十一層,十四層,住宅大樓(11層含以上有電梯),住家用,980326.0,233.43,4,2,2,有,有,57500000,295556.0,坡道平面,47.34,2500000,,RPVNMLTKRHHGFDA98EA,119.45,2.6,10.36,有,1785.0,13.0
中山區,房地(土地+建物)+車位,建國北路二段１８０號五樓,33.93,住,,,1110718,土地2建物1車位2,五層,十五層,住宅大樓(11層含以上有電梯),住家用,981008.0,314.40999999999997,3,2,2,有,有,93000000,295792.0,坡道平面,67.22,0,陽台外推；其他增建；,RPWNMLTKRHHGFCA88DA,138.64,13.97,10.31,有,1786.0,13.0
士林區,房地(土地+建物)+車位,故宮路１９號五樓,74.62,住,,,1110727,土地1建物1車位1,五層,六層,華廈(10層含以下有電梯),住家用,890321.0,141.56,3,2,2,有,有,25000000,176604.0,坡道平面,0.0,0,陽台加窗、陽台外移；車位定期抽籤更換位置其他增建；,RPXOMLRLPHHGFEA98DA,77.87,0.0,10.86,有,,22.0
士林區,房地(土地+建物),中山北路七段５１巷１１號七樓,21.15,住,,,1110719,土地1建物1車位0,七層,七層,華廈(10層含以下有電梯),住家用,730730.0,125.11,4,3,2,有,有,30500000,243785.0,,0.0,0,內梯增建、露台增建陽台外推；頂樓加蓋；其他增建；,RPUNMLLKIIHGFEA27DA,87.69,17.31,1.96,有,,38.0
松山區,房地(土地+建物),三民路６２巷１之２號,36.58,住,,,1110715,土地1建物1車位0,一層,七層,華廈(10層含以下有電梯),住家用,810303.0,150.18,3,2,2,有,有,31500000,209748.0,,0.0,0,,RPSNMLNKIIHGFDA17DA,94.46,1.22,8.74,有,,30.0
北投區,房地(土地+建物)+車位,懷德街４６號九樓,35.15,住,,,1110731,土地1建物1車位1,九層,十二層,住宅大樓(11層含以上有電梯),住家用,990817.0,262.84,4,2,3,有,有,50000000,190230.0,升降平面,0.0,0,陽台外推；其他增建；,RPRQMLTKRHHGFEA88DA,117.15,23.37,10.49,有,1787.0,12.0
南港區,房地(土地+建物),東明街１２０號,30.5,住,,,1110725,土地1建物1車位0,一層，平台,三層,公寓(5樓含以下無電梯),住家用,630527.0,83.73,4,2,1,有,無,23000000,274692.0,,0.0,0,陽台外推；其他增建；,RPQUMLTKRHHGFDA09DA,83.73,0.0,0.0,無,,48.0
中山區,房地(土地+建物)+車位,南京東路三段１９４巷３號四樓之１,31.01,住,,,1110725,土地1建物1車位1,四層,六層,華廈(10層含以下有電梯),住家用,1110315.0,159.67000000000002,2,1,2,有,有,48970000,368626.0,坡道平面,36.32,3500000,,RPVOMLQKRHHGFCA58DA,64.91,9.94,5.65,有,,
大安區,房地(土地+建物)+車位,瑞安街２０８巷３９號七樓之１,8.54,住,,,1110724,土地1建物1車位1,七層,七層,華廈(10層含以下有電梯),住家用,1040511.0,54.77,1,2,1,有,有,17750000,350736.0,塔式車位,11.29,2500000,車位所在樓層地下二層陽台外推；,RPTQMLNKPHHGFFA48EA,21.39,2.75,2.84,有,1789.0,7.0
內湖區,房地(土地+建物),環山路二段４９號四樓,35.91,住,,,1110725,土地1建物1車位0,四層,五層,公寓(5樓含以下無電梯),住家用,700827.0,110.49,3,2,2,有,無,17700000,160195.0,,0.0,0,其他增建；,RPSPMLRLRHHGFCA58DA,102.17,0.0,5.97,無,,41.0
南港區,房地(土地+建物)+車位,重陽路５７巷２號八樓之２,37.69,住,,,1110731,土地1建物1車位1,八層,十一層,住宅大樓(11層含以上有電梯),住家用,941226.0,169.15,3,2,2,有,有,35610000,251024.0,坡道平面,37.25,2500000,其他增建；,RPUOMLNLRHHGFDA38DA,83.72,6.21,5.25,有,,17.0
松山區,房地(土地+建物)+車位,延壽街３３２號十一樓之１,57.96,住,,,1110713,土地1建物1車位1,十一層,十一層,住宅大樓(11層含以上有電梯),住家用,980320.0,211.53,4,2,2,有,有,57000000,269465.0,坡道平面,0.0,0,,RPTQMLKLIIHGFDA37DA,117.23,0.0,10.76,有,,13.0
內湖區,房地(土地+建物)+車位,康寧路三段７０巷１０號九樓之１,22.0,住,,,1110702,土地1建物1車位1,九層,十三層,住宅大樓(11層含以上有電梯),住家用,940811.0,130.36,2,2,1,有,有,26050000,199831.0,坡道平面,0.0,0,其他增建；,RPXPMLRLRHHGFCA09DA,53.78,2.81,4.81,有,,17.0
文山區,房地(土地+建物),興隆路四段１６５巷２號二樓,37.4,住,,,1110724,土地2建物1車位0,二層,五層,公寓(5樓含以下無電梯),住家用,,88.88,3,2,1,有,無,14080000,158416.0,,0.0,0,陽台外推；其他增建；,RPXNMLNJIIHGFAA27DA,68.55,0.0,20.33,無,,
松山區,房地(土地+建物)+車位,敦化南路一段３號十九樓之１,32.99,住,,,1110725,土地2建物1車位3,十九層,二十三層,住宅大樓(11層含以上有電梯),住家用,1100203.0,505.8,0,0,0,無,無,238880000,544093.0,坡道平面,99.84,18000000,,RPOOMLKLIIHGFDA66DA,226.06,15.92,25.83,有,,1.0
文山區,房地(土地+建物),辛亥路七段８４巷３２弄４號,24.25,住,,,1110725,土地2建物1車位0,一層,四層,公寓(5樓含以下無電梯),住家用,,77.36,4,1,2,有,無,14000000,180972.0,,0.0,0,其他增建；,RPWNMLNJIIHGFAA17DA,69.68,0.0,7.68,無,,
內湖區,房地(土地+建物),東湖路１１３巷８６號二樓,26.1,住,,,1110719,土地1建物1車位0,二層,六層,華廈(10層含以下有電梯),住家用,820717.0,98.2,2,2,1,有,有,18000000,183299.0,,0.0,0,,RPQQMLRLRHHGFCA48DA,60.52,14.97,6.3,有,1793.0,29.0
大安區,房地(土地+建物),臥龍街２０７之３號五樓,18.9,住,,,1110718,土地1建物1車位0,五層,五層,公寓(5樓含以下無電梯),住家用,,57.03,2,1,1,有,無,10280000,180256.0,,0.0,0,陽台外推；其他增建；,RPTQMLOLQHHGFFA68DA,49.61,0.0,7.42,無,,
內湖區,房地(土地+建物)+車位,成功路五段１５２巷９號四樓,109.3,住,,,1110715,土地1建物1車位3,四層，電梯樓梯間,十二層,住宅大樓(11層含以上有電梯),住家用,850425.0,370.92,5,2,3,有,有,65880000,177612.0,坡道平面,0.0,7500000,,RPWQMLOKIIHGFCA87DA,182.45,0.77,21.17,有,,26.0
大安區,房地(土地+建物)+車位,仁愛路四段３１２號六樓之４,28.84,住,,,1110714,土地2建物1車位1,六層,十四層,住宅大樓(11層含以上有電梯),住家用,701223.0,238.15,4,2,3,有,有,68880000,330921.0,坡道平面,40.58,3500000,,RPTNMLKMRHHGFFA18DA,200.13,0.0,10.59,有,,41.0
大安區,房地(土地+建物),信義路四段２６５巷３１弄７號四樓之１,12.41,住,,,1110724,土地1建物1車位0,四層,七層,華廈(10層含以下有電梯),住家用,670715.0,64.83,2,2,1,有,有,19300000,297702.0,,0.0,0,陽台外推；,RPTOMLKMQHHGFFA28EA,53.26,0.0,4.2,有,1797.0,44.0
萬華區,房地(土地+建物)+車位,民和街８１巷７號八樓,21.03,住,,,1110709,土地1建物1車位1,八層,十三層,住宅大樓(11層含以上有電梯),住家用,1071105.0,150.94,3,1,2,有,有,26100000,203905.0,坡道平面,35.21,2500000,,RPWNMLQJIIHGFBA57DA,66.39,6.26,5.85,有,1798.0,4.0
松山區,房地(土地+建物)+車位,延壽街３３２號八樓之２,57.96,住,,,1110710,土地1建物1車位1,八層,十一層,住宅大樓(11層含以上有電梯),住家用,980320.0,211.53,4,2,2,有,有,53000000,250555.0,坡道平面,0.0,0,,RPPNMLPLIIHGFDA17DA,117.23,0.0,10.76,有,,13.0
松山區,房地(土地+建物),塔悠路３２３號四樓之３,6.65,住,,,1110707,土地1建物1車位0,四層,四層,華廈(10層含以下有電梯),住家用,821021.0,36.21,0,1,1,有,有,8080000,223143.0,,0.0,0,夾層；,RPTPMLOLIIHGFDA67DA,21.92,1.43,3.53,有,,29.0
南港區,房地(土地+建物)+車位,重陽路５４７號九樓,60.77,住,,,1110712,土地1建物1車位2,九層,十一層,住宅大樓(11層含以上有電梯),住家用,1001206.0,272.58,3,2,2,有,有,46900000,217211.0,坡道平面,79.68,5000000,,RPURMLTKRHHGFDA66EA,104.99,12.0,11.08,有,1801.0,11.0
中山區,房地(土地+建物),建國北路二段１８６巷１３號三樓,40.38,住,,,1110723,土地1建物1車位0,三層,四層,公寓(5樓含以下無電梯),住家用,600330.0,115.73,4,2,2,有,無,25000000,216020.0,,0.0,0,陽台外推；其他增建；,RPROMLLJJIHGFCA86DA,109.25,0.0,6.48,無,1802.0,51.0
士林區,房地(土地+建物)+車位,德行東路２５８號四樓,25.84,住,,,1110711,土地1建物2車位2,四層,十四層,住宅大樓(11層含以上有電梯),住家用,1110706.0,255.18,4,2,2,有,有,62169205,322997.0,坡道平面,81.28,6000000,銷售面積與登記面積產生的價差另行找補。銷售面積174.15平方公尺，產權面積173.9平方公尺。由出賣人補貼10795元給買受人。預售屋、或土地及建物分件登記案件；,RPROMLLKIIHGFEA07DA,102.16,7.58,6.21,有,,
中山區,房地(土地+建物)+車位,建國北路二段６０號十六樓,24.08,住,,,1110719,土地2建物1車位1,十六層,二十三層,住宅大樓(11層含以上有電梯),住家用,1110621.0,279.78,0,0,3,有,有,84300000,325016.0,坡道平面,32.1,3800000,預售屋、或土地及建物分件登記案件；,RPROMLOLIIHGFCA27DA,144.61,7.08,12.97,有,,
南港區,房地(土地+建物)+車位,三重路４１巷３５號十一樓,32.4,住,,,1110719,土地1建物1車位2,十一層,十三層,住宅大樓(11層含以上有電梯),住家用,1010119.0,312.23,4,2,2,有,有,56000000,212155.0,坡道平面,71.84,5000000,,RPOQMLPLIIHGFDA37DA,128.01,23.03,12.67,有,1803.0,11.0
北投區,房地(土地+建物)+車位,中央北路四段５４１巷１５號十七樓,27.69,住,,,1110701,土地1建物1車位2,十七層,十八層,住宅大樓(11層含以上有電梯),住家用,1101216.0,212.39,3,1,2,有,有,36200000,230775.0,坡道平面,83.26,6400000,,RPXNMLRJIIHGFEA08DA,69.32,6.44,8.52,有,,1.0
內湖區,房地(土地+建物),內湖路一段６２９巷３３弄１１號二樓,22.57,住,,,1110723,土地1建物1車位0,二層,五層,公寓(5樓含以下無電梯),住家用,700515.0,79.49,2,2,1,有,無,16880000,212354.0,,0.0,0,陽台外推；其他增建；,RPSNMLLJJIHGFCA86DA,68.91,0.0,10.58,無,,41.0
大安區,房地(土地+建物)+車位,通化街２０３巷６號五樓,24.58,住,,,1110726,土地1建物1車位1,五層,五層,公寓(5樓含以下無電梯),住家用,791004.0,133.22,3,2,2,有,無,26000000,195166.0,升降機械,0.0,0,陽台外推；頂樓加蓋；其他增建；,RPUOMLOKIIHGFFA77DA,79.41,22.45,9.6,無,1805.0,32.0
文山區,房地(土地+建物),育英街８３號七樓之１,14.58,住,,,1110720,土地1建物1車位0,七層,七層,華廈(10層含以下有電梯),住家用,1100120.0,56.36,1,1,1,有,有,15220000,270050.0,,0.0,0,,RPUNMLLKJIHGFAA96DA,29.05,1.05,8.36,有,,2.0
士林區,房地(土地+建物)+車位,德行東路２５８號四樓之１,21.19,住,,,1110722,土地1建物2車位1,四層,十四層,住宅大樓(11層含以上有電梯),住家用,1110706.0,174.82999999999998,3,2,2,有,有,51680372,331079.0,坡道機械,24.17,1800000,銷售面積與登記面積產生的價差另行找補，銷售面積150.87平方公尺，登記面積150.67平方公尺，由出賣人補貼19628.-給買受人。預售屋、或土地及建物分件登記案件；,RPTOMLLKIIHGFEA27DA,88.15,8.04,5.16,有,,
士林區,房地(土地+建物)+車位,德行東路２５８號五樓之３,17.44,住,,,1110725,土地1建物2車位2,五層,十四層,住宅大樓(11層含以上有電梯),住家用,1110706.0,190.11,3,2,2,有,有,43880000,330493.0,坡道平面,72.77,5100000,預售屋、或土地及建物分件登記案件；,RPOPMLLKIIHGFEA86DA,68.93,6.24,4.2,有,,
士林區,房地(土地+建物)+車位,德行東路２５８號六樓,25.46,住,,,1110727,土地1建物2車位2,六層,十四層,住宅大樓(11層含以上有電梯),住家用,1110706.0,241.91000000000005,0,0,0,無,有,57975059,306102.0,坡道平面,68.52,4900000,銷售面積與登記面積產生的價差另行找補，銷售面積173.48平方公尺，登記面積173.39平方公尺，由出賣人補貼4941.-給買受人預售屋、或土地及建物分件登記案件；,RPSOMLLKIIHGFEA17DA,102.16,7.06,6.21,有,,
內湖區,房地(土地+建物),康寧路三段７５巷２１８弄９０號,159.94,住,,,1110722,土地1建物1車位0,全,四層,透天厝,住家用,750122.0,284.34999999999997,5,3,4,有,有,43000000,151222.0,,0.0,0,陽台外推；其他增建；,RPVOMLOKJIHGFCA67DA,206.89,65.38,11.06,無,,37.0
士林區,房地(土地+建物)+車位,社中街３４６巷１弄２號四樓,33.93,住,,,1110724,土地1建物1車位1,四層,七層,華廈(10層含以下有電梯),住家用,1100706.0,162.36,3,2,2,有,有,26000000,160138.0,升降平面,39.65,0,,RPQNMLLJJIHGFEA86DA,74.73,0.0,5.98,有,,1.0
南港區,房地(土地+建物)+車位,經貿二路２５５巷１號六樓,33.39,住,,,1110707,土地1建物1車位1,六層,十三層,住宅大樓(11層含以上有電梯),住家用,991201.0,164.92000000000002,2,2,2,有,有,34280000,270169.0,坡道平面,47.29,2500000,,RPUQMLLKIIHGFDA57EA,64.91,4.43,8.58,有,1806.0,12.0
大同區,房地(土地+建物),昌吉街５０巷１號四樓,36.75,住,,,1110703,土地3建物1車位0,四層,四層,公寓(5樓含以下無電梯),住家用,590930.0,92.86,3,3,2,有,無,15850000,170687.0,,0.0,0,陽台外推；頂樓加蓋；其他增建；,RPVOMLPLIIHGFBA67DA,92.86,0.0,0.0,無,,52.0
士林區,房地(土地+建物),福港街２５１號四樓,29.12,住,,,1110702,土地1建物1車位0,四層，陽臺,四層,公寓(5樓含以下無電梯),住家用,650813.0,81.23,2,2,1,有,無,10880000,133941.0,,0.0,0,陽台外推；頂樓加蓋；其他增建；,RPUNMLMJPHHGFEA87DA,81.23,0.0,0.0,無,,46.0
內湖區,房地(土地+建物)+車位,文湖街２１巷６８弄２５之１號三樓,36.31,住,,,1110703,土地1建物1車位1,三層,八層,華廈(10層含以下有電梯),住家用,841215.0,132.14,3,2,2,有,有,26250000,198653.0,坡道平面,0.0,0,陽台外推；,RPWOMLRKIIHGFCA97DA,78.26,2.17,9.15,有,,27.0
中山區,房地(土地+建物),北安路８０５巷２之３號,96.36,住,,,1110710,土地4建物1車位0,一層,六層,華廈(10層含以下有電梯),住家用,671218.0,187.82,3,2,2,有,有,36800000,195932.0,,0.0,0,,RPQPMLQKJIHGFCA47DA,170.47,17.35,0.0,有,,44.0
中正區,房地(土地+建物)+車位,重慶南路三段４３號四樓,43.72,住,,,1110725,土地2建物1車位1,四層,二十一層,住宅大樓(11層含以上有電梯),住家用,1100915.0,248.62,3,2,2,有,有,92500000,424684.0,坡道平面,39.17,3550000,,RPSOMLOLIIHGFAA17DA,117.26,8.26,11.44,有,,1.0
大安區,房地(土地+建物)+車位,潮州街１６２號二樓,34.81,住,,,1110712,土地2建物1車位1,二層,七層,華廈(10層含以下有電梯),住家用,960720.0,155.14,3,2,2,有,有,55000000,354518.0,一樓平面,13.84,0,陽台外推；,RPTNMLKLIIHGFFA27DA,80.98,0.0,9.28,有,,15.0
內湖區,房地(土地+建物)+車位,內湖路二段２３５巷２０號,90.74,住,,,1110714,土地3建物1車位1,一層,五層,華廈(10層含以下有電梯),住家用,1110722.0,154.76999999999998,2,2,2,有,有,33500000,251951.0,坡道平面,31.73,2500000,111.7.14換約；本案係信託財產 受託人:僑馥建築經理股份有限公司 委託人:璞慶建設股份有限公司、元通建設股份有限公司 工程款減少 154134 元預售屋、或土地及建物分件登記案件；,RPQQMLTJJIHGFCA77DA,82.61,0.0,4.1,有,,
松山區,房地(土地+建物),南京東路四段１７９巷１５弄５號二樓,28.1,住,,,1110712,土地1建物1車位0,二層,七層,華廈(10層含以下有電梯),住家用,720701.0,159.85,4,1,2,有,無,30400000,190178.0,,0.0,0,,RPROMLOLJIHGFDA47DA,130.66,0.0,11.19,有,1807.0,39.0
士林區,房地(土地+建物),福德路８２巷１５號,100.0,住,,,1110707,土地1建物1車位0,全,二層,透天厝,住家用,550701.0,67.0,4,2,2,有,無,31000000,462687.0,,0.0,0,頂樓加蓋1房1廳1衛頂樓加蓋；,RPUNMLMLJIHGFEA57DA,67.0,0.0,0.0,無,1808.0,56.0
內湖區,房地(土地+建物)+車位,內湖路一段４７巷３４之２號三樓,30.55,住,,,1110705,土地1建物1車位1,三層,七層,華廈(10層含以下有電梯),住家用,1020506.0,144.87,3,2,2,有,有,29480000,203493.0,塔式車位,0.0,0,其他增建；,RPSOMLOKJIHGFCA37DA,71.86,14.11,6.78,有,1809.0,9.0
中正區,房地(土地+建物)+車位,重慶南路三段４５號四樓,41.65,住,,,1110614,土地2建物1車位1,四層,二十一層,住宅大樓(11層含以上有電梯),住家用,1100915.0,238.61,3,2,2,有,有,88000000,425191.0,坡道平面,39.17,3200000,,RPVNMLPKOHHGFAA87DA,107.87,10.6,11.95,有,,1.0
中山區,房地(土地+建物)+車位,合江街３７號三樓,12.52,住,,,1110623,土地1建物1車位1,三層,十一層,住宅大樓(11層含以上有電梯),住家用,1070514.0,101.54,2,2,2,有,有,26690000,302451.0,其他,21.56,2500000,,RPRNMLLKRHHGFCA57DA,26.73,14.68,2.61,有,,4.0
大同區,房地(土地+建物)+車位,民權西路１６０巷１８弄８號十一樓之５,8.44,住,,,1110615,土地1建物1車位1,十一層,十八層,住宅大樓(11層含以上有電梯),住家用,1101227.0,93.24,1,1,1,有,有,13840000,197966.0,坡道平面,32.26,1770000,,RPROMLMKRHHGFBA67DA,33.78,2.0,4.99,有,,
大同區,房地(土地+建物)+車位,民權西路１６０巷１８弄８號十一樓之６,20.25,住,,,1110615,土地1建物1車位1,十一層,十八層,住宅大樓(11層含以上有電梯),住家用,1101227.0,180.24,3,2,1,有,有,29470000,187187.0,坡道平面,32.26,1770000,,RPSOMLMKRHHGFBA77DA,83.41,8.95,6.46,有,,
大同區,房地(土地+建物)+車位,民權西路１６０巷１８弄６號十六樓之１,12.2,住,,,1110616,土地1建物1車位1,十六層,十八層,住宅大樓(11層含以上有電梯),住家用,1101227.0,118.31,2,1,1,有,有,24500000,256827.0,坡道平面,32.26,2400000,,RPTOMLMKRHHGFBA87DA,49.49,4.41,3.59,有,,
大同區,房地(土地+建物)+車位,民權西路１６０巷２６弄１號十四樓之２,21.35,住,,,1110607,土地1建物1車位1,十四層,十八層,住宅大樓(11層含以上有電梯),住家用,1101227.0,187.28,3,2,2,有,有,41500000,221605.0,坡道平面,0.0,0,,RPTNMLMJRHHGFBA67DA,88.0,8.94,6.78,有,,
北投區,房地(土地+建物),新民路５３之１號四樓之６,5.44,住,,,1110604,土地1建物1車位0,四層,十層,華廈(10層含以下有電梯),住家用,970221.0,27.5,1,1,1,有,有,4080000,148364.0,,0.0,0,夾層；其他增建；,RPQSMLKMQHHGFEA18DA,14.26,3.33,0.0,有,1819.0,14.0
南港區,房地(土地+建物),興華路３０巷３４號三樓,21.76,住,,,1110624,土地1建物1車位0,三層,十三層,住宅大樓(11層含以上有電梯),住家用,790109.0,132.07,4,2,2,有,有,28500000,215795.0,,0.0,0,其他增建；,RPWOMLLJRHHGFDA18DA,93.55,1.98,13.91,有,,32.0
北投區,房地(土地+建物),知行路２４５巷１號五樓,18.71,住,,,1110622,土地1建物1車位0,五層,五層,公寓(5樓含以下無電梯),住家用,680627.0,74.52,3,2,1,有,無,9200000,123457.0,,0.0,0,陽台外推；頂樓加蓋；其他增建；,RPXRMLKMQHHGFEA78DA,61.92,0.0,12.6,無,,43.0
文山區,房地(土地+建物),木柵路一段５９巷３８號二樓,17.97,住,,,1110614,土地1建物1車位0,二層,五層,公寓(5樓含以下無電梯),住家用,,66.12,3,1,1,有,無,9000000,136116.0,,0.0,0,茲因房屋有嚴重滲漏水之瑕疵，經買賣雙方協議，賣方補貼新台幣參拾捌萬元整予買方以修繕房屋滲漏水、壁癌瑕疵。陽台外推；,RPTOMLRJRHHGFAA18DA,55.39,0.0,10.73,無,,
士林區,房地(土地+建物),士東路２５８號七樓,25.82,住,,,1110620,土地1建物1車位0,七層,七層,華廈(10層含以下有電梯),住家用,701229.0,177.57,6,2,5,有,無,35000000,197105.0,,0.0,0,頂樓加蓋；其他增建；,RPOOMLOLQHHGFEA87DA,92.4,61.12,9.27,有,,40.0
文山區,房地(土地+建物)+車位,久康街１１０巷２弄１１號六樓,34.5,住,,,1110618,土地5建物1車位1,六層,六層,華廈(10層含以下有電梯),住家用,1000823.0,135.14,3,2,2,有,有,19800000,161221.0,塔式車位,18.53,1000000,夾層；其他增建；,RPRNMLQJRHHGFAA77DA,33.72,6.07,7.54,有,1821.0,11.0
中正區,房地(土地+建物),齊東街８２巷７號三樓之１,13.78,住,,,1110619,土地1建物1車位0,三層,五層,華廈(10層含以下有電梯),住家用,1051025.0,50.69,0,1,1,有,有,13760000,271454.0,,0.0,0,,RPVOMLQKRHHGFBA48DA,22.1,0.0,8.76,有,1822.0,6.0
內湖區,房地(土地+建物)+車位,金龍路２４９號十二樓,100.35,住,,,1110627,土地2建物1車位1,十二層，電梯樓梯間,十五層,住宅大樓(11層含以上有電梯),住家用,851115.0,197.59,3,2,2,有,有,35280000,178552.0,坡道平面,0.0,0,,RPUNMLMKPHHGFCA77DA,122.04,2.54,10.72,有,,26.0
信義區,房地(土地+建物),虎林街３０巷１９號四樓,29.9,住,,,1110628,土地1建物1車位0,四層,五層,公寓(5樓含以下無電梯),住家用,740411.0,112.54,3,2,2,有,無,19280000,171317.0,,0.0,0,,RPVTMLLJQHHGFDA58EA,95.66,0.0,10.34,無,,37.0
北投區,房地(土地+建物),育仁路１２５號,113.0,住,,,1110629,土地2建物1車位0,全,二層,透天厝,住家用,610623.0,83.0,3,3,2,有,無,46880000,564819.0,,0.0,0,陽台外推；頂樓加蓋；其他增建；,RPROMLKLRHHGFEA97EA,83.0,0.0,0.0,無,,50.0
大安區,房地(土地+建物),敦化南路二段８１巷４５弄２７號三樓,31.5,住,,,1110605,土地1建物1車位0,三層,四層,公寓(5樓含以下無電梯),住家用,,95.43,3,2,1,有,無,26080000,273289.0,,0.0,0,陽台外推；其他增建；,RPTOMLPJRHHGFFA48DA,80.83,0.0,14.6,無,1824.0,
士林區,房地(土地+建物),延平北路五段２３１巷１４號,24.67,住,,,1110612,土地1建物1車位0,一層,三層,公寓(5樓含以下無電梯),住家用,590413.0,56.25,2,2,1,有,無,10380000,184533.0,,0.0,0,其他增建；,RPUSMLLMQHHGFEA68DA,56.25,0.0,0.0,無,,52.0
松山區,房地(土地+建物),民生東路三段１１３巷２７號五樓之１,26.54,住,,,1110627,土地1建物1車位0,五層,七層,華廈(10層含以下有電梯),住家用,680430.0,150.16,4,2,2,有,有,33900000,225759.0,,0.0,0,,RPRNMLMJQHHGFDA57DA,126.69,0.0,7.62,有,,43.0
南港區,房地(土地+建物),福德街３１０巷６６弄６號二樓,28.25,住,,,1110623,土地1建物1車位0,二層，陽臺,四層,公寓(5樓含以下無電梯),住家用,640225.0,76.76,5,0,2,有,無,11000000,143304.0,,0.0,0,親屬間買賣。後陽台外推。,RPROMLNKRHHGFDA97DA,76.76,0.0,0.0,無,,47.0
中山區,房地(土地+建物),農安街１７４號六樓,34.86,住,,,1110625,土地1建物1車位0,六層,七層,華廈(10層含以下有電梯),住家用,700702.0,156.03,2,2,1,有,無,28000000,179453.0,,0.0,0,陽台外推；,RPXOMLPJRHHGFCA58DA,135.91,0.0,20.12,有,,41.0
大安區,房地(土地+建物),大安路二段８２號十三樓之１,48.1,住,,,1110624,土地1建物1車位0,十三層,二十一層,住宅大樓(11層含以上有電梯),住家用,1100831.0,300.27,3,2,3,有,有,146400000,487561.0,,0.0,0,交易總價：1億4640萬元整。（土地價格：1億248萬元整、建物價格：4392萬元整。）,RPVNMLMLQHHGFFA38DA,173.29,9.68,16.81,有,,1.0
中山區,房地(土地+建物)+車位,敬業三路１６２巷１０２號十一樓,47.09,住,,,1110625,土地1建物1車位1,十一層,十二層,住宅大樓(11層含以上有電梯),住家用,890628.0,155.72,3,2,2,有,有,30610000,196571.0,坡道平面,0.0,0,,RPQPMLTJQHHGFCA38EA,77.76,0.0,8.22,有,1828.0,22.0
文山區,房地(土地+建物),光輝路４７巷５弄２號五樓,34.88,住,,,1110609,土地2建物1車位0,五層,五層,公寓(5樓含以下無電梯),住家用,710722.0,140.75,4,1,2,有,無,15300000,108703.0,,0.0,0,陽台外推；其他增建；,RPWOMLLMQHHGFAA08DA,97.28,10.65,21.46,無,1829.0,40.0
內湖區,房地(土地+建物)+車位,星雲街４３號四樓,58.12,住,,,1110610,土地2建物1車位1,四層,八層,華廈(10層含以下有電梯),住家用,811121.0,225.26,3,2,2,有,有,41000000,182020.0,坡道平面,0.0,0,,RPWNMLNKPHHGFCA08DA,168.31,3.67,16.63,有,,30.0
士林區,房地(土地+建物),前港街１１０巷１１之４號四樓,24.81,住,,,1110618,土地1建物1車位0,四層,五層,公寓(5樓含以下無電梯),住家用,731231.0,81.62,3,2,1,有,無,15100000,185004.0,,0.0,0,其他增建；,RPVNMLKMQHHGFEA18DA,75.6,0.0,6.02,無,1834.0,37.0
內湖區,房地(土地+建物),康樂街１８６巷１弄１４號五樓,44.23,住,,,1110618,土地1建物1車位0,五層,五層,公寓(5樓含以下無電梯),住家用,761128.0,126.2,5,0,5,有,有,14030000,111173.0,,0.0,0,其他增建；,RPXPMLTKRHHGFCA56DA,100.47,0.74,11.82,無,,35.0
北投區,房地(土地+建物),中央北路四段１６８號二樓,46.77,住,,,1110625,土地2建物1車位0,二層,五層,華廈(10層含以下有電梯),住家用,960103.0,107.08,3,2,1,有,有,16300000,152223.0,,0.0,0,陽台外推；其他增建；,RPVNMLQKRHHGFEA68DA,55.74,9.32,7.34,有,,15.0
士林區,房地(土地+建物),承德路四段１１６號六樓之７,6.78,住,,,1110629,土地1建物1車位0,六層,七層,華廈(10層含以下有電梯),住家用,661014.0,40.43,2,0,2,有,有,7500000,185506.0,,0.0,0,其他增建；,RPOPMLLJRHHGFEA57DA,33.75,0.0,0.0,有,,45.0
中正區,房地(土地+建物),水源路１３之１號十樓,19.56,住,,,1110619,土地1建物1車位0,十層,十層,華廈(10層含以下有電梯),住家用,731117.0,112.62,3,2,2,有,有,18800000,166933.0,,0.0,0,其他增建；,RPUOMLTLRHHGFAA78EA,77.95,0.0,11.25,有,,38.0
大安區,房地(土地+建物),辛亥路二段１７１巷１號六樓,33.12,住,,,1110617,土地1建物1車位0,六層,七層,華廈(10層含以下有電梯),住家用,690826.0,193.04,3,2,2,有,無,51000000,264194.0,,0.0,0,,RPSOMLTLRHHGFFA98DA,144.0,0.0,21.4,有,,42.0
大安區,房地(土地+建物),羅斯福路三段２８３巷３６號三樓之６,16.15,住,,,1110613,土地1建物1車位0,三層,七層,華廈(10層含以下有電梯),住家用,680418.0,52.11,2,1,1,有,有,17560000,336979.0,,0.0,0,陽台外推；,RPWNMLKMRHHGFFA48DA,48.68,0.0,3.43,有,,43.0
萬華區,房地(土地+建物),中華路二段５０４巷６號七樓,16.78,住,,,1110610,土地1建物1車位0,七層,十二層,住宅大樓(11層含以上有電梯),住家用,680403.0,59.84,3,1,1,有,有,11380000,190174.0,,0.0,0,陽台外推；,RPOOMLSLRHHGFBA08DA,52.57,0.0,7.27,有,1839.0,43.0
北投區,房地(土地+建物)+車位,致遠一路一段７５號五樓,18.11,住,,,1110630,土地1建物1車位2,五層,八層,華廈(10層含以下有電梯),住家用,1040903.0,135.88,1,2,1,有,有,22150000,163011.0,塔式車位,43.12,0,陽台外推；夾層；其他增建；,RPTNMLNLRHHGFEA28DA,43.18,7.96,4.67,有,1840.0,7.0
大安區,房地(土地+建物)+車位,麗水街１３巷１８號二樓,44.41,住,,,1110619,土地1建物1車位1,二層,六層,華廈(10層含以下有電梯),住家用,960912.0,184.67,4,2,2,有,有,64500000,349272.0,坡道平面,0.0,3500000,陽台外推；其他增建；,RPUNMLOJIIHGFFA57DA,95.81,1.49,14.89,有,,15.0
中正區,房地(土地+建物)+車位,和平西路二段１２８號十一樓,40.7,住,,,1110626,土地2建物1車位1,十一層,二十層,住宅大樓(11層含以上有電梯),住家用,970205.0,238.72000000000003,4,2,3,有,有,67500000,282758.0,坡道平面,25.26,0,陽台外推；,RPROMLQLRHHGFAA08DA,132.81,8.45,13.23,有,,14.0
北投區,房地(土地+建物),石牌路一段１６６巷１１３號四樓,19.0,住,,,1110626,土地2建物1車位0,四層,五層,公寓(5樓含以下無電梯),住家用,691205.0,64.87,2,1,1,有,無,10300000,158779.0,,0.0,0,陽台外推；,RPTQMLSKIIHGFEA28EA,55.45,0.0,9.42,無,,42.0
信義區,房地(土地+建物),松仁路２３２號二樓,37.82,住,,,1110617,土地2建物1車位0,二層,四層,公寓(5樓含以下無電梯),住家用,860906.0,114.09,3,2,2,有,無,28000000,245420.0,,0.0,0,陽台外推；,RPTRMLTKRHHGFDA56EA,89.87,1.23,10.37,無,1847.0,25.0
士林區,房地(土地+建物)+車位,德行東路２５８號九樓之３,16.67,住,,,1110617,土地1建物2車位1,九層,十四層,住宅大樓(11層含以上有電梯),住家用,1110706.0,140.85,0,0,0,無,有,40200000,329105.0,坡道機械,24.17,1800000,預售屋、或土地及建物分件登記案件；,RPTPMLLKIIHGFEA37DA,68.93,5.58,4.2,有,,
北投區,房地(土地+建物)+車位,磺港路１３６號十一樓,33.21,住,,,1110621,土地1建物1車位1,十一層,十四層,住宅大樓(11層含以上有電梯),住家用,1030619.0,227.37,2,0,2,有,有,43000000,189119.0,坡道平面,29.47,0,,RPVOMLSLIIHGFEA28DA,108.64,12.34,11.23,有,1849.0,8.0
萬華區,房地(土地+建物),中華路二段５０４巷１４號二樓,16.78,住,,,1110626,土地1建物1車位0,二層,十二層,住宅大樓(11層含以上有電梯),住家用,680403.0,58.39,2,1,1,有,有,11400000,195239.0,,0.0,0,,RPUNMLNKRHHGFBA97DA,52.57,0.0,5.82,有,,43.0
松山區,房地(土地+建物),八德路四段７２巷１０弄１１號三樓,32.0,住,,,1110620,土地2建物1車位0,三層，露台,四層,公寓(5樓含以下無電梯),住家用,590117.0,88.2,4,0,3,有,無,17400000,197279.0,,0.0,0,,RPXSMLTKRHHGFDA07EA,88.2,0.0,0.0,無,1850.0,52.0
中山區,房地(土地+建物)+車位,建國北路二段５８號十九樓之１,18.89,住,,,1110615,土地2建物1車位1,十九層,二十三層,住宅大樓(11層含以上有電梯),住家用,1110621.0,231.04,0,0,2,有,有,68480000,324118.0,坡道平面,32.1,4000000,預售屋、或土地及建物分件登記案件；,RPTNMLQJJIHGFCA47DA,113.32,8.28,12.32,有,,
內湖區,房地(土地+建物)+車位,成功路五段４５０巷２１弄２１號六樓,45.67,住,,,1110625,土地1建物1車位1,六層，七層,十四層,住宅大樓(11層含以上有電梯),住家用,880731.0,215.96,3,2,2,有,有,50080000,231895.0,坡道平面,0.0,2500000,,RPUQMLPKJIHGFCA87DA,115.42,10.48,10.67,有,,23.0
中正區,房地(土地+建物)+車位,臨沂街２５號八樓,87.05,住,,,1110602,土地1建物1車位5,八層,二十層,住宅大樓(11層含以上有電梯),住家用,1040826.0,716.51,0,0,0,無,有,274260000,514270.0,坡道平面,222.1,20000000,其他特殊關係人間之交易,RPUOMLQKJIHGFBA67DA,276.45,0.0,35.92,有,,7.0
文山區,房地(土地+建物)+車位,育英街８７號六樓,20.23,住,,,1110609,土地1建物1車位1,六層,九層,華廈(10層含以下有電梯),住家用,1110726.0,134.95,1,2,1,有,有,24300000,239817.0,坡道平面,45.09,2750000,預售屋、或土地及建物分件登記案件；,RPQNMLPKJIHGFAA96DA,47.56,0.0,11.11,有,,
文山區,房地(土地+建物),木柵路二段１０９巷１００弄２６號九樓,66.83,住,,,1110608,土地2建物1車位0,九層,十七層,住宅大樓(11層含以上有電梯),住家用,850925.0,114.54,3,2,2,有,有,17300000,151039.0,,0.0,0,,RPSNMLLLJIHGFAA86DA,80.49,0.79,9.6,有,1853.0,26.0
士林區,房地(土地+建物)+車位,承德路四段８８號十一樓,15.67,住,,,1110612,土地1建物1車位1,十一層,十五層,住宅大樓(11層含以上有電梯),住家用,1110421.0,151.3,3,2,2,有,有,34800000,230007.0,塔式車位,22.78,0,,RPVNMLLMIIHGFEA57DA,71.81,4.11,8.46,有,1854.0,
內湖區,房地(土地+建物),陽光街２８５巷３號二樓,34.79,住,,,1110619,土地1建物1車位0,二層,五層,公寓(5樓含以下無電梯),住家用,781207.0,113.82,3,2,2,有,無,21000000,184502.0,,0.0,0,,RPVNMLRJJIHGFCA77DA,93.31,0.0,8.23,無,,33.0
大同區,房地(土地+建物),大龍街９１巷１２號三樓之１６,7.24,住,,,1110619,土地1建物1車位0,三層,十三層,住宅大樓(11層含以上有電梯),住家用,1110422.0,51.16,0,1,1,有,有,12200000,238468.0,,0.0,0,,RPQNMLSJJIHGFBA27DA,31.11,0.0,2.91,有,,
萬華區,房地(土地+建物),萬大路４９３巷５８弄１８號四樓,45.25,住,,,1110507,土地1建物1車位0,四層,四層,公寓(5樓含以下無電梯),住家用,660328.0,138.93,4,2,2,有,無,16000000,115166.0,,0.0,0,,RPSPMLQJRHHGFBA18DA,119.95,0.0,18.98,無,,45.0
北投區,房地(土地+建物)+車位,關渡路６８之１號,33.7,住,,,1110503,土地1建物1車位1,一層,十四層,住宅大樓(11層含以上有電梯),住家用,790110.0,141.56,3,2,2,有,有,15600000,110193.0,坡道平面,46.56,0,平台外推,RPOOMLMJRHHGFEA57DA,122.89,9.19,0.0,有,,32.0
士林區,房地(土地+建物),士東路５４巷１５號五樓,26.05,住,,,1110528,土地1建物1車位0,五層,五層,公寓(5樓含以下無電梯),住家用,721202.0,108.65,3,2,2,有,無,19370000,178279.0,,0.0,0,陽台外推；頂樓加蓋；其他增建；,RPSPMLQLPHHGFEA48DA,93.54,0.0,10.32,無,,38.0
萬華區,房地(土地+建物),莒光路２９９巷３號二樓,20.64,住,,,1110512,土地1建物1車位0,二層,七層,華廈(10層含以下有電梯),住家用,730519.0,97.42,3,2,2,有,無,18600000,190926.0,,0.0,0,陽台外推；其他增建；,RPPOMLTKRHHGFBA18DA,82.93,0.0,8.77,有,,38.0
北投區,房地(土地+建物),同德街４０巷６號四樓,31.01,住,,,1110527,土地1建物1車位0,四層,五層,公寓(5樓含以下無電梯),住家用,730619.0,116.67,2,2,1,有,有,15120000,129596.0,,0.0,0,陽台外推；其他增建；,RPRNMLRKQHHGFEA28DA,95.02,0.0,11.48,無,,38.0
北投區,房地(土地+建物)+車位,承德路七段３９０號十三樓之１,19.34,住,,,1110528,土地1建物1車位1,十三層，電梯樓梯間,二十三層,住宅大樓(11層含以上有電梯),住家用,841221.0,150.82999999999998,3,2,1,有,有,25500000,169065.0,坡道平面,0.0,0,,RPVOMLTKRHHGFEA09DA,88.21,7.26,9.58,有,,26.0
士林區,房地(土地+建物),通河東街一段１３０巷８號四樓,50.14,住,,,1110515,土地1建物1車位0,四層,四層,公寓(5樓含以下無電梯),住家用,680712.0,146.97,3,2,2,有,無,21500000,146288.0,,0.0,0,陽台外推；頂樓加蓋；其他增建；,RPQPMLLJRHHGFEA77DA,118.64,0.0,28.33,無,,43.0
士林區,房地(土地+建物),福華路１４１巷２０號四樓,16.5,住,,,1110504,土地1建物1車位0,四層,四層,公寓(5樓含以下無電梯),住家用,610713.0,59.05,2,2,1,有,無,14000000,237087.0,,0.0,0,陽台向外擴大加蓋陽台外推；頂樓加蓋；其他增建；,RPSNMLOJRHHGFEA08DA,59.05,0.0,0.0,無,,50.0
大安區,房地(土地+建物),敦化南路一段１７７巷３０號五樓,5.56,住,,,1110513,土地1建物1車位0,五層,九層,華廈(10層含以下有電梯),住家用,970219.0,35.18,1,1,1,有,有,14150000,402217.0,,0.0,0,陽台外推；,RPPOMLMJRHHGFFA77DA,18.91,1.62,2.58,有,1865.0,14.0
北投區,房地(土地+建物),吉利街２８０巷２７弄２５號一樓,34.9,住,,,1110524,土地6建物1車位0,一層,五層,公寓(5樓含以下無電梯),住家用,680825.0,150.66,3,2,1,有,無,32670000,216846.0,,0.0,0,其他增建；,RPUPMLQJRHHGFEA68DA,100.01,50.65,0.0,無,,43.0
內湖區,房地(土地+建物)+車位,金龍路２４７號六樓,92.75,住,,,1110503,土地2建物1車位1,六層，電梯樓梯間,十五層,住宅大樓(11層含以上有電梯),住家用,851115.0,183.23,4,2,2,有,有,32000000,174644.0,坡道平面,0.0,0,,RPSRMLRLPHHGFCA58DA,116.49,2.92,9.48,有,,25.0
內湖區,房地(土地+建物)+車位,陽光街１６１巷１２之３號二樓,55.52,住,,,1110526,土地1建物1車位1,二層,五層,華廈(10層含以下有電梯),住家用,1080716.0,110.24,3,2,1,有,有,26880000,243832.0,塔式車位,0.0,0,,RPVOMLQJRHHGFCA48DA,54.08,1.51,10.26,有,1866.0,3.0
士林區,房地(土地+建物)+車位,忠誠路二段２１巷１７號五樓,35.97,住,,,1110525,土地1建物1車位2,五層,七層,華廈(10層含以下有電梯),住家用,951020.0,208.64,3,2,2,有,有,52000000,249233.0,塔式車位,0.0,0,陽台外推；其他增建；,RPUPMLOKRHHGFEA58DA,96.39,7.81,12.82,有,1867.0,16.0
北投區,房地(土地+建物)+車位,三合街一段８２巷７８號四樓,20.86,住,,,1110529,土地1建物1車位1,四層,八層,華廈(10層含以下有電梯),住家用,1040303.0,137.2,2,2,1,有,有,24600000,179300.0,坡道平面,37.73,0,,RPRNMLOJIIHGFEA17DA,57.11,2.54,5.98,有,1871.0,7.0
大安區,房地(土地+建物)+車位,光復南路２９０巷２８號十三樓,32.99,住,,,1110508,土地1建物1車位1,十三層,十四層,住宅大樓(11層含以上有電梯),住家用,1010613.0,242.26,4,2,2,有,有,82500000,340543.0,坡道平面,19.58,0,陽台外推；,RPPPMLNKRHHGFFA08DA,122.28,0.0,13.7,有,,10.0
內湖區,房地(土地+建物)+車位,康寧路三段２６５巷１４號四樓,33.48,住,,,1110522,土地2建物1車位1,四層,六層,華廈(10層含以下有電梯),住家用,830505.0,151.85,2,2,2,有,有,26000000,171222.0,坡道平面,0.0,0,陽台外推；,RPXUMLNKRHHGFCA09DA,80.29,0.9,10.13,有,,28.0
士林區,房地(土地+建物)+車位,重慶北路四段２２２號十一樓,14.29,住,,,1110514,土地2建物1車位1,十一層,十四層,住宅大樓(11層含以上有電梯),住家用,1060413.0,128.79000000000002,2,1,1,有,有,21880000,169876.0,坡道平面,37.41,0,夾層；其他增建；,RPSRMLTKRHHGFEA09DA,47.33,5.01,8.27,有,1876.0,5.0
南港區,房地(土地+建物),重陽路１６６巷４弄３號二樓,29.7,住,,,1110502,土地1建物1車位0,二層,五層,公寓(5樓含以下無電梯),住家用,731120.0,95.83,3,2,2,有,無,19060000,198894.0,,0.0,0,,RPPPMLTKRHHGFDA58EA,81.37,0.0,14.46,無,,37.0
中山區,房地(土地+建物)+車位,建國北路二段５８號十樓,24.37,住,,,1110529,土地2建物1車位1,十層,二十三層,住宅大樓(11層含以上有電梯),住家用,1110621.0,282.59000000000003,0,0,3,有,有,85900000,328955.0,坡道平面,32.1,3500000,預售屋、或土地及建物分件登記案件；,RPQNMLRKIIHGFCA27DA,146.39,7.08,12.97,有,,
大安區,房地(土地+建物)+車位,信義路四段５３巷３０號四樓,19.23,住,,,1110501,土地1建物2車位1,四層,七層,華廈(10層含以下有電梯),住家用,1110708.0,122.19,2,2,1,有,有,43500000,402337.0,其他,17.8,1500000,預售屋、或土地及建物分件登記案件；,RPOPMLQJIIHGFFA37DA,49.48,2.97,9.64,有,,
南港區,房地(土地+建物)+車位,向陽路２５８巷３７號三樓,36.28,住,,,1110502,土地1建物1車位1,三層,八層,華廈(10層含以下有電梯),住家用,961217.0,170.44,3,2,2,有,有,36400000,248043.0,坡道平面,33.77,2500000,,RPRQMLLKIIHGFDA27EA,86.5,3.29,9.21,有,,14.0
松山區,房地(土地+建物)+車位,長春路３４５號九樓,26.4,住,,,1110525,土地1建物1車位1,九層,十四層,住宅大樓(11層含以上有電梯),住家用,760929.0,230.23,0,0,0,無,有,43050500,186981.0,坡道平面,0.0,0,,RPXNMLRJJIHGFDA18EA,186.74,0.0,17.71,有,,35.0
松山區,房地(土地+建物)+車位,長春路３４７號九樓,22.0,住,,,1110525,土地1建物1車位1,九層,十四層,住宅大樓(11層含以上有電梯),住家用,760929.0,206.01,0,0,0,無,有,37011500,179659.0,坡道平面,0.0,0,,RPWNMLRJJIHGFDA08EA,168.97,0.0,12.51,有,,35.0
中山區,房地(土地+建物)+車位,建國北路二段５８號二十一樓,24.08,住,,,1110527,土地2建物1車位1,二十一層,二十三層,住宅大樓(11層含以上有電梯),住家用,1110621.0,279.78,0,0,3,有,有,81620000,314196.0,坡道平面,32.1,3800000,預售屋、或土地及建物分件登記案件；,SPORMLPLIIHGFCA47DA,144.61,7.08,12.97,有,,
中山區,房地(土地+建物)+車位,建國北路二段６０號二十一樓,24.26,住,,,1110527,土地2建物1車位2,二十一層,二十三層,住宅大樓(11層含以上有電梯),住家用,1110621.0,307.44,0,0,3,有,有,85220000,314196.0,坡道平面,59.76,7400000,預售屋、或土地及建物分件登記案件；,RPORMLPLIIHGFCA37DA,144.61,7.08,12.97,有,,
中山區,房地(土地+建物)+車位,建國北路二段６０號二十樓,24.26,住,,,1110513,土地2建物1車位2,二十層,二十三層,住宅大樓(11層含以上有電梯),住家用,1110621.0,307.44,0,0,3,有,有,83510000,306888.0,坡道平面,59.76,7500000,預售屋、或土地及建物分件登記案件；,TPSNMLTLIIHGFCA97DA,144.61,7.08,12.97,有,,
中山區,房地(土地+建物)+車位,建國北路二段５８號二十一樓之１,18.89,住,,,1110527,土地2建物1車位1,二十一層,二十三層,住宅大樓(11層含以上有電梯),住家用,1110621.0,229.42,0,0,2,有,有,65450000,312437.0,坡道平面,32.1,3800000,預售屋、或土地及建物分件登記案件；,UPORMLPLIIHGFCA67DA,113.32,6.66,12.32,有,,
中山區,房地(土地+建物)+車位,建國北路二段５８號二十樓,24.08,住,,,1110513,土地2建物1車位1,二十層,二十三層,住宅大樓(11層含以上有電梯),住家用,1110621.0,279.78,0,0,3,有,有,79810000,306888.0,坡道平面,32.1,3800000,預售屋、或土地及建物分件登記案件；,RPSNMLTLIIHGFCA77DA,144.61,7.08,12.97,有,,
中山區,房地(土地+建物)+車位,建國北路二段６０號二十一樓之１,18.91,住,,,1110527,土地2建物1車位1,二十一層,二十三層,住宅大樓(11層含以上有電梯),住家用,1110621.0,229.37,0,0,2,有,有,65430000,312414.0,坡道平面,32.1,3800000,預售屋、或土地及建物分件登記案件；,TPORMLPLIIHGFCA57DA,113.29,6.66,12.32,有,,
中山區,房地(土地+建物)+車位,建國北路二段６０號二十樓之１,18.91,住,,,1110513,土地2建物1車位1,二十層,二十三層,住宅大樓(11層含以上有電梯),住家用,1110621.0,229.37,0,0,2,有,有,64000000,305166.0,坡道平面,32.1,3800000,預售屋、或土地及建物分件登記案件；,UPSNMLTLIIHGFCA08DA,113.29,6.66,12.32,有,,
士林區,房地(土地+建物)+車位,承德路四段８８號九樓之２,10.69,住,,,1110501,土地1建物1車位1,九層,十五層,住宅大樓(11層含以上有電梯),住家用,1110421.0,110.42,2,2,1,有,有,28630000,259283.0,塔式車位,22.78,0,,RPPPMLSKIIHGFEA67DA,52.92,2.6,2.02,有,,
中山區,房地(土地+建物)+車位,建國北路二段５８號二十樓之１,18.89,住,,,1110513,土地2建物1車位1,二十層,二十三層,住宅大樓(11層含以上有電梯),住家用,1110621.0,229.42,0,0,2,有,有,64010000,305139.0,坡道平面,32.1,3800000,預售屋、或土地及建物分件登記案件；,SPSNMLTLIIHGFCA87DA,113.32,6.66,12.32,有,,
大同區,房地(土地+建物),大龍街９１巷１２號五樓之３,5.12,住,,,1110530,土地1建物1車位0,五層,十三層,住宅大樓(11層含以上有電梯),住家用,1110422.0,36.19,1,0,1,有,有,9380000,259188.0,,0.0,0,,RPROMLNJJIHGFBA96DA,21.2,0.0,2.78,有,,
大同區,房地(土地+建物),大龍街９１巷１２號五樓之５,5.18,住,,,1110529,土地1建物1車位0,五層,十三層,住宅大樓(11層含以上有電梯),住家用,1110422.0,36.56,1,0,1,有,有,9500000,259847.0,,0.0,0,,RPQNMLNJJIHGFBA76DA,21.46,0.0,2.78,有,,
信義區,房地(土地+建物),忠孝東路五段２９５巷５２號,40.0,住,,,1110421,土地1建物1車位0,全,三層,透天厝,住家用,510201.0,112.89,4,3,2,有,無,25500000,225884.0,,0.0,0,頂樓加蓋；其他增建；,RPURMLLJQHHGFDA28EA,112.89,0.0,0.0,無,,60.0
內湖區,房地(土地+建物),康樂街６１巷７９弄７號五樓,30.73,住,,,1110405,土地1建物1車位0,五層,五層,公寓(5樓含以下無電梯),住家用,731019.0,85.19,2,2,2,有,無,11980000,140627.0,,0.0,0,陽台外推；頂樓加蓋；其他增建；,RPPQMLLJRHHGFCA57DA,78.18,0.0,7.01,無,,37.0
大安區,房地(土地+建物)+車位,大安路二段８２號十二樓,49.57,住,,,1110414,土地1建物1車位2,十二層,二十一層,住宅大樓(11層含以上有電梯),住家用,1100831.0,369.67,4,2,2,有,有,153200000,482743.0,坡道平面,68.06,7600000,二個停車位未拆分單價,RPSNMLQJRHHGFFA38DA,172.94,10.41,17.39,有,,1.0
北投區,房地(土地+建物),吉利街２５９巷１５號三樓,25.21,住,,,1110405,土地4建物1車位0,三層,五層,公寓(5樓含以下無電梯),住家用,690624.0,98.44,3,2,2,有,無,18000000,182852.0,,0.0,0,陽台外推；其他增建；,RPVOMLMLQHHGFEA38DA,91.71,0.0,6.73,無,,42.0
北投區,房地(土地+建物),明德路１３６巷１１號,39.6,住,,,1110411,土地2建物1車位0,一層,五層,公寓(5樓含以下無電梯),住家用,690208.0,112.88,3,2,2,有,無,31680000,280652.0,,0.0,0,其他增建；,RPPOMLPKQHHGFEA97DA,103.25,9.63,0.0,無,1240.0,42.0
士林區,房地(土地+建物)+車位,基河路３５０號二樓,67.63,住,,,1110430,土地1建物1車位1,二層,八層,華廈(10層含以下有電梯),住家用,860611.0,261.91999999999996,3,2,2,有,有,45000000,181857.0,坡道平面,28.22,2500000,其他增建；,RPROMLMLRHHGFEA18EA,162.64,1.05,12.29,有,,25.0
內湖區,房地(土地+建物)+車位,環山路一段２８號十三樓,78.4,住,,,1110424,土地1建物1車位4,十三層,二十四層,住宅大樓(11層含以上有電梯),住家用,981007.0,431.23,4,2,3,有,有,102680000,306938.0,坡道平面,129.28,10000000,,RPVPMLQKQHHGFCA58DA,234.93,6.91,16.5,有,1880.0,13.0
南港區,房地(土地+建物),福德街４１３號十二樓,21.15,住,,,1110401,土地1建物1車位0,十二層,十四層,住宅大樓(11層含以上有電梯),住家用,870521.0,127.54,3,2,1,有,有,24580000,192724.0,,0.0,0,,RPPRMLOLQHHGFDA28EA,69.44,0.0,8.06,有,1881.0,24.0
萬華區,房地(土地+建物),長泰街７７號二樓,31.0,住,,,1110402,土地1建物1車位0,二層,五層,公寓(5樓含以下無電梯),住家用,650408.0,105.34,3,2,1,有,無,12880000,122271.0,,0.0,0,,RPVOMLPJIIHGFBA47DA,92.32,0.0,13.02,無,,46.0
文山區,房地(土地+建物),汀州路四段１８５號七樓,18.39,住,,,1110427,土地1建物1車位0,七層,二十二層,住宅大樓(11層含以上有電梯),住家用,1000113.0,122.21,3,2,2,有,有,31880000,260862.0,,0.0,0,陽台外推；,RPORMLTJOHHGFAA97EA,69.59,6.59,11.4,有,,11.0
北投區,房地(土地+建物)+車位,三合街一段８２巷７１號四樓之５,19.08,住,,,1110425,土地1建物1車位1,四層,八層,華廈(10層含以下有電梯),住家用,1110729.0,126.96,2,2,1,有,有,20500000,215561.0,其他,39.05,1550000,1.新建案管委會籌組中預售屋、或土地及建物分件登記案件；,RPWOMLKLIIHGFEA57DA,47.47,4.07,4.29,有,,
文山區,房地(土地+建物),羅斯福路五段１９２巷５弄１２號四樓,25.52,住,,,1110429,土地2建物1車位0,四層,五層,公寓(5樓含以下無電梯),住家用,680817.0,79.66,2,1,1,有,無,13800000,173236.0,,0.0,0,,RPPNMLPLIIHGFAA96EA,68.98,0.0,10.68,無,1888.0,43.0
北投區,房地(土地+建物),行義路１７０巷１７號三樓,24.93,住,,,1110407,土地1建物1車位0,三層,五層,公寓(5樓含以下無電梯),住家用,731227.0,106.29,2,2,2,有,無,14200000,133597.0,,0.0,0,陽台外推；其他增建；,RPTOMLLLRHHGFEA18DA,92.89,1.26,8.94,無,1889.0,37.0
中山區,房地(土地+建物)+車位,建國北路二段６０號十一樓,24.37,住,,,1110407,土地2建物1車位1,十一層,二十三層,住宅大樓(11層含以上有電梯),住家用,1110621.0,285.14,0,0,3,有,有,87700000,332754.0,坡道平面,32.1,3500000,預售屋、或土地及建物分件登記案件；,RPOOMLMJIIHGFCA56DA,146.39,9.63,12.97,有,,
北投區,房地(土地+建物)+車位,三合街一段８２巷７１號二樓,20.07,住,,,1110411,土地1建物1車位1,二層,八層,華廈(10層含以下有電梯),住家用,1110729.0,136.09,3,2,1,有,有,20800000,211475.0,其他,47.9,2150000,1.新建案管委會籌組中預售屋、或土地及建物分件登記案件；,RPPPMLPJJIHGFEA37DA,50.22,1.75,4.04,有,,
文山區,房地(土地+建物)+車位,政大一街２４９號四樓,40.38,住,,,1110409,土地1建物1車位1,四層,五層,華廈(10層含以下有電梯),住家用,1031113.0,124.46,2,2,1,有,有,20500000,197001.0,坡道平面,33.09,2500000,,RPXNMLSLIIHGFAA97DA,55.05,2.19,4.77,有,1890.0,7.0
北投區,房地(土地+建物),杏林二路７４巷２號三樓,31.65,住,,,1110412,土地1建物1車位0,三層,五層,公寓(5樓含以下無電梯),住家用,750814.0,105.64,3,2,2,有,無,14000000,132526.0,,0.0,0,陽台加窗陽台外推；其他增建；,RPTPMLLLJIHGFEA67EA,97.29,0.0,8.35,無,,36.0
大同區,房地(土地+建物),大龍街９１巷１２號六樓之７,7.95,住,,,1110424,土地1建物1車位0,六層,十三層,住宅大樓(11層含以上有電梯),住家用,1110422.0,56.099999999999994,1,1,1,有,有,13000000,231729.0,,0.0,0,,RPSOMLLMIIHGFBA07DA,34.32,0.0,3.01,有,,
大同區,房地(土地+建物),大龍街９１巷１２號六樓,6.92,住,,,1110414,土地1建物1車位0,六層,十三層,住宅大樓(11層含以上有電梯),住家用,1110422.0,48.86,1,1,1,有,有,10470000,214286.0,,0.0,0,,RPROMLMJJIHGFBA86DA,29.53,0.0,2.95,有,,
內湖區,房地(土地+建物)+車位,安泰街１２５巷６號四樓之１,42.44,住,,,1110327,土地1建物1車位1,四層,十層,華廈(10層含以下有電梯),住家用,980121.0,174.37,3,2,2,有,有,24060000,159002.0,坡道平面,35.63,2000000,其他增建；,RPOOMLOLQHHGFCA67DA,92.73,3.46,10.99,有,,13.0
士林區,房地(土地+建物),福港街２５９巷１４號四樓,31.16,住,,,1110320,土地3建物1車位0,四層,五層,公寓(5樓含以下無電梯),住家用,670808.0,99.43,3,2,1,有,無,15700000,157900.0,,0.0,0,陽台外推；其他增建；,RPPPMLPKRHHGFEA18DA,84.94,0.0,14.49,無,1892.0,44.0
大安區,房地(土地+建物)+車位,信義路四段５３巷３０號六樓,18.99,住,,,1110314,土地1建物2車位1,六層,七層,華廈(10層含以下有電梯),住家用,1110708.0,120.96,2,2,1,有,有,46780000,429236.0,其他,17.8,2500000,預售屋、或土地及建物分件登記案件；,RPPNMLRJIIHGFFA37DA,49.48,2.19,9.64,有,,
信義區,房地(土地+建物),和平東路三段４３５巷６之３號四樓,23.0,住,,,1110312,土地1建物1車位0,四層,五層,公寓(5樓含以下無電梯),住家用,680115.0,82.35,3,2,1,有,無,18650000,226472.0,,0.0,0,陽台外推；其他增建；,RPRNMLOJIIHGFDA07DA,71.01,0.0,11.34,無,1895.0,43.0
士林區,房地(土地+建物)+車位,德行東路２５８號六樓之３,16.67,住,,,1110308,土地1建物2車位1,六層,十四層,住宅大樓(11層含以上有電梯),住家用,1110706.0,140.85,0,0,0,無,有,38803744,317139.0,坡道機械,24.17,1800000,銷售面積與登記面積產生的價差另行找補。銷售面積116.64平方公尺，產權面積116.68平方公尺。由買受人補貼3744元給出賣人。預售屋、或土地及建物分件登記案件；,RPPPMLLKIIHGFEA96DA,68.93,5.58,4.2,有,,
中山區,房地(土地+建物)+車位,建國北路二段５８號二十二樓之１,18.89,住,,,1110303,土地2建物1車位1,二十二層,二十三層,住宅大樓(11層含以上有電梯),住家用,1110621.0,229.42,3,2,2,有,有,66080000,314109.0,坡道平面,32.1,4100000,,RPSNMLNJJIHGFCA07DA,113.32,6.66,12.32,有,,
士林區,房地(土地+建物)+車位,德行東路２５８號十樓之１,20.16,住,,,1110305,土地1建物2車位1,十層,十四層,住宅大樓(11層含以上有電梯),住家用,1110706.0,181.35,0,0,0,無,有,48880000,328548.0,坡道平面,40.64,2650000,預售屋、或土地及建物分件登記案件；,RPUOMLLKIIHGFEA37DA,82.27,7.13,6.04,有,,
士林區,房地(土地+建物)+車位,德行東路２５８號七樓之３,16.67,住,,,1110319,土地1建物2車位1,七層,十四層,住宅大樓(11層含以上有電梯),住家用,1110706.0,141.24,0,0,0,無,有,39500000,322030.0,坡道機械,24.17,1800000,預售屋、或土地及建物分件登記案件；,RPROMLOKIIHGFEA37DA,68.93,5.97,4.2,有,,
松山區,房地(土地+建物)+車位,健康路３２５巷２５弄１０號十二樓,21.53,住,,,1110324,土地1建物1車位1,十二層,十三層,住宅大樓(11層含以上有電梯),住家用,1100323.0,189.41,0,0,0,無,有,54860000,347800.0,坡道平面,41.02,3250000,,RPSNMLPKRHHGFDA18DA,92.81,5.56,7.85,有,,1.0
內湖區,房地(土地+建物)+車位,內湖路三段３６號二樓,27.45,住,,,1110225,土地2建物1車位1,二層,十五層,住宅大樓(11層含以上有電梯),住家用,1080418.0,182.25,3,2,2,有,有,36000000,197531.0,坡道平面,38.91,0,,RPPVMLNKRHHGFCA38DA,82.47,7.96,8.27,有,,3.0
中山區,房地(土地+建物),建國北路二段６０號六樓,24.32,住,,,1110207,土地2建物1車位0,六層,二十三層,住宅大樓(11層含以上有電梯),住家用,1110621.0,252.78,0,0,3,有,有,69980000,276842.0,,0.0,0,預售屋、或土地及建物分件登記案件；,RPQNMLTLIIHGFCA57DA,147.09,8.28,12.97,有,,
中山區,房地(土地+建物)+車位,建國北路二段５８號四樓,24.68,住,,,1110225,土地2建物1車位2,四層,二十三層,住宅大樓(11層含以上有電梯),住家用,1110621.0,315.78999999999996,0,0,3,有,有,72600000,260742.0,坡道平面,64.2,7000000,預售屋、或土地及建物分件登記案件；,RPROMLMLJIHGFCA17DA,147.09,7.08,12.97,有,,
中山區,房地(土地+建物)+車位,建國北路二段６０號四樓,25.05,住,,,1110225,土地2建物1車位4,四層,二十三層,住宅大樓(11層含以上有電梯),住家用,1110621.0,371.11,0,0,3,有,有,81900000,260742.0,坡道平面,119.52,16300000,預售屋、或土地及建物分件登記案件；,RPQOMLMLJIHGFCA07DA,147.09,7.08,12.97,有,,
松山區,房地(土地+建物)+車位,市民大道四段３９之３號十三樓,56.43,住,,,1110104,土地2建物1車位2,十三層,二十三層,住宅大樓(11層含以上有電梯),住家用,1090102.0,404.86,0,0,0,無,有,194460000,576265.0,坡道平面,81.12,7900000,,RPPNMLNJIIHGFDA76DA,180.18,6.78,22.24,有,,2.0
信義區,房地(土地+建物),仁愛路四段４５２巷１８號四樓之３,19.38,住,,,1110101,土地1建物1車位0,四層,七層,華廈(10層含以下有電梯),住家用,660914.0,119.56,2,2,2,有,有,35280000,295082.0,,0.0,0,陽台外推；其他增建；,RPXOMLNKRHHGFDA58DA,98.87,1.9,7.17,有,,44.0
大安區,房地(土地+建物)+車位,信義路四段５３巷３０號五樓,18.99,住,,,1110128,土地1建物2車位1,五層,七層,華廈(10層含以下有電梯),住家用,1110708.0,120.95,2,2,1,有,有,45700000,418808.0,其他,17.8,2500000,預售屋、或土地及建物分件登記案件；,RPWOMLQJIIHGFFA08DA,49.48,2.19,9.64,有,,
中山區,房地(土地+建物)+車位,建國北路二段５８號八樓,24.79,住,,,1110122,土地2建物1車位3,八層,二十三層,住宅大樓(11層含以上有電梯),住家用,1110621.0,338.35,0,0,3,有,有,88200000,306858.0,坡道平面,87.42,11200000,預售屋、或土地及建物分件登記案件；,RPRNMLQKIIHGFCA27DA,146.68,7.08,12.97,有,,
中山區,房地(土地+建物)+車位,建國北路二段５８號七樓,24.61,住,,,1110122,土地2建物1車位2,七層,二十三層,住宅大樓(11層含以上有電梯),住家用,1110621.0,313.24,3,2,3,有,有,82400000,297459.0,坡道平面,59.76,7000000,預售屋、或土地及建物分件登記案件；,RPTNMLQKIIHGFCA47DA,146.68,9.63,12.97,有,,
松山區,房地(土地+建物)+車位,市民大道四段３９之１號六樓,49.36,住,,,1101206,土地2建物1車位2,六層,二十三層,住宅大樓(11層含以上有電梯),住家用,1090102.0,357.61,0,0,0,無,有,154300000,531303.0,坡道平面,81.12,7400000,,RPTNMLLKJIHGFDA17DA,150.81,3.1,22.94,有,,2.0
士林區,房地(土地+建物),承德路四段８８號四樓之２,12.1,住,,,1101127,土地1建物1車位0,四層,十五層,住宅大樓(11層含以上有電梯),住家用,1110421.0,99.32,2,2,1,有,有,22180000,223319.0,,0.0,0,預售屋、或土地及建物分件登記案件；,RPROMLKMRHHGFEA97DA,59.93,3.26,2.02,有,,
中山區,房地(土地+建物)+車位,建國北路二段５８號二十三樓,24.08,住,,,1101116,土地2建物1車位1,二十三層,二十三層,住宅大樓(11層含以上有電梯),住家用,1110621.0,282.33000000000004,0,0,3,有,有,95000000,363266.0,坡道平面,32.1,4100000,預售屋、或土地及建物分件登記案件；,RPUNMLNLIIHGFCA37DA,144.61,9.63,12.97,有,,
中山區,房地(土地+建物)+車位,建國北路二段５８號三樓,24.78,住,,,1101130,土地2建物1車位1,三層,二十三層,住宅大樓(11層含以上有電梯),住家用,1110621.0,279.17,0,0,3,有,有,69020000,266402.0,坡道平面,32.1,3200000,預售屋、或土地及建物分件登記案件；,RPQNMLNLIIHGFCA96DA,148.72,0.0,12.97,有,,
中山區,房地(土地+建物)+車位,建國北路二段５８號十三樓,24.28,住,,,1101121,土地2建物1車位2,十三層,二十三層,住宅大樓(11層含以上有電梯),住家用,1110621.0,314.53999999999996,0,0,3,有,有,85000000,307182.0,坡道平面,64.2,8100000,預售屋、或土地及建物分件登記案件；,RPWNMLQJJIHGFCA77DA,144.68,9.63,12.97,有,,
中山區,房地(土地+建物)+車位,建國北路二段６０號十三樓,24.28,住,,,1101130,土地2建物1車位2,十三層,二十三層,住宅大樓(11層含以上有電梯),住家用,1110621.0,310.1,0,0,3,有,有,85200000,311576.0,坡道平面,59.76,7200000,預售屋、或土地及建物分件登記案件；,RPVNMLNKJIHGFCA47DA,144.68,9.63,12.97,有,,
中山區,房地(土地+建物)+車位,建國北路二段５８號九樓,24.43,住,,,1101130,土地2建物1車位1,九層,二十三層,住宅大樓(11層含以上有電梯),住家用,1110621.0,283.03,0,0,3,有,有,78880000,298011.0,坡道平面,32.1,4100000,預售屋、或土地及建物分件登記案件；,RPWNMLNKJIHGFCA57DA,146.68,7.08,12.97,有,,
士林區,房地(土地+建物)+車位,承德路四段８８號四樓,15.67,住,,,1101012,土地1建物1車位1,四層,十五層,住宅大樓(11層含以上有電梯),住家用,1110421.0,151.3,2,2,1,有,有,32000000,237317.0,升降機械,22.78,1500000,預售屋、或土地及建物分件登記案件；,RPQPMLKMQHHGFEA87DA,71.81,4.11,8.46,有,,
南港區,房地(土地+建物),同德路３７號二樓,33.55,住,,,1101024,土地1建物1車位0,二層,五層,公寓(5樓含以下無電梯),住家用,740309.0,126.75,3,2,2,有,無,23450000,185010.0,,0.0,0,,RPXOMLNJQHHGFDA38DA,103.18,0.0,11.63,無,,37.0
中山區,房地(土地+建物)+車位,建國北路二段６０號二十三樓,24.26,住,,,1101029,土地2建物1車位2,二十三層,二十三層,住宅大樓(11層含以上有電梯),住家用,1110621.0,309.99,0,0,3,有,有,98800000,362866.0,坡道平面,59.76,8000000,預售屋、或土地及建物分件登記案件；,RPTOMLMJIIHGFCA07DA,144.61,9.63,12.97,有,,
中正區,房地(土地+建物)+車位,愛國東路１００號八樓,123.78,住,,,1101006,土地1建物1車位5,八層,十四層,住宅大樓(11層含以上有電梯),住家用,1080327.0,883.84,0,0,0,無,有,357580000,475904.0,坡道平面,165.25,15600000,,RPPNMLSKIIGGFAA96DA,462.36,0.0,53.37,有,,3.0
文山區,房地(土地+建物),育英街８９號七樓,23.25,住,,,1101002,土地1建物1車位0,七層,九層,華廈(10層含以下有電梯),住家用,1110726.0,103.24,3,2,1,有,有,24550000,237795.0,,0.0,0,,RPVNMLQLIIHGFAA57DA,57.02,4.44,5.97,有,,
文山區,房地(土地+建物),指南路三段５７號二樓之７,10.19,住,,,1101028,土地1建物1車位0,二層,八層,華廈(10層含以下有電梯),住家用,1110913.0,43.39,1,1,1,有,有,7370000,169855.0,,0.0,0,預售屋、或土地及建物分件登記案件；,RPTNMLRKJIHGFAA57EA,20.85,3.83,2.73,有,,
文山區,房地(土地+建物),育英街８９號二樓之１,18.64,住,,,1101024,土地1建物1車位0,二層,九層,華廈(10層含以下有電梯),住家用,1110726.0,82.75,2,2,1,有,有,19280000,232991.0,,0.0,0,預售屋、或土地及建物分件登記案件；,RPSNMLPKJIHGFAA17DA,50.72,0.0,3.33,有,,
文山區,房地(土地+建物),育英街８９號六樓之１,19.6,住,,,1101003,土地1建物1車位0,六層,九層,華廈(10層含以下有電梯),住家用,1110726.0,87.12,2,2,1,有,有,20430000,234504.0,,0.0,0,預售屋、或土地及建物分件登記案件；,RPTNMLPKJIHGFAA27DA,50.72,2.83,3.33,有,,
文山區,房地(土地+建物)+車位,育英街８９號三樓之１,19.6,住,,,1101007,土地1建物1車位1,三層,九層,華廈(10層含以下有電梯),住家用,1110726.0,130.88,2,2,1,有,有,23000000,233012.0,坡道平面,43.76,2700000,預售屋、或土地及建物分件登記案件；,RPOPMLPKJIHGFAA96DA,50.72,2.83,3.33,有,,
士林區,房地(土地+建物),天母東路１０５巷５１號四樓,35.36,住,,,1101004,土地1建物1車位0,四層,四層,公寓(5樓含以下無電梯),住家用,671118.0,137.1,3,2,2,有,無,15600000,113786.0,,0.0,0,增建前後陽台陽台外推；,RPSNMLLJJIHGFEA07DA,119.94,0.0,17.16,無,,43.0
內湖區,房地(土地+建物)+車位,內湖路二段１０３巷１６號二十六樓,99.52,住,,,1101031,土地1建物1車位3,二十六層,二十六層,住宅大樓(11層含以上有電梯),住家用,1070619.0,640.04,0,0,0,無,有,227800000,419293.0,坡道平面,119.64,9600000,,RPTQMLLJKIHGFCA37DA,279.42,2.0,42.12,有,,3.0
北投區,房地(土地+建物)+車位,三合街一段８２巷７３號四樓,20.07,住,,,1100917,土地1建物1車位1,四層,八層,華廈(10層含以下有電梯),住家用,1110729.0,136.09,3,2,1,有,有,20900000,212042.0,其他,47.9,2200000,1.新建案管理委員會籌組中預售屋、或土地及建物分件登記案件；,RPWNMLNLIIHGFEA77DA,50.22,1.75,4.04,有,,
中山區,房地(土地+建物)+車位,建國北路二段５８號十二樓,24.56,住,,,1100929,土地2建物1車位2,十二層,二十三層,住宅大樓(11層含以上有電梯),住家用,1110621.0,311.45,0,0,3,有,有,84250000,306131.0,坡道平面,59.76,7200000,預售屋、或土地及建物分件登記案件；,RPOOMLNLIIHGFCA86DA,146.39,8.28,12.97,有,,
中山區,房地(土地+建物)+車位,建國北路二段５８號十六樓,24.26,住,,,1100911,土地2建物1車位2,十六層,二十三層,住宅大樓(11層含以上有電梯),住家用,1110621.0,307.44,0,0,3,有,有,90000000,332687.0,坡道平面,59.76,7600000,預售屋、或土地及建物分件登記案件；,RPVNMLNLIIHGFCA47DA,144.61,7.08,12.97,有,,
文山區,房地(土地+建物)+車位,育英街８５號二樓,31.66,住,,,1100912,土地1建物1車位1,二層,九層,華廈(10層含以下有電梯),住家用,1110726.0,184.21,3,2,2,有,有,36600000,239943.0,坡道平面,43.76,2900000,預售屋、或土地及建物分件登記案件；,RPTOMLPKJIHGFAA37DA,74.09,5.48,12.13,有,,
信義區,房地(土地+建物),信義路五段１５０巷３３０號六樓之９,6.81,住,,,1100813,土地1建物1車位0,六層,十三層,住宅大樓(11層含以上有電梯),住家用,980408.0,49.08,1,1,1,有,有,12400000,252649.0,,0.0,0,,RPPPMLPKRHHGFDA08DA,22.17,4.26,3.75,有,1897.0,12.0
松山區,房地(土地+建物)+車位,敦化北路８號十四樓,42.2,住,,,1100804,土地2建物1車位3,十四層,二十三層,住宅大樓(11層含以上有電梯),住家用,1071126.0,541.15,0,0,0,無,有,270000000,590403.0,坡道平面,104.16,12000000,,RPQNMLTLRHHGFDA48DA,247.25,15.59,33.91,有,,3.0
中山區,房地(土地+建物),建國北路二段５８號十五樓,23.91,住,,,1100804,土地2建物1車位0,十五層,二十三層,住宅大樓(11層含以上有電梯),住家用,1110621.0,247.79,0,0,3,有,有,79660000,321482.0,,0.0,0,預售屋、或土地及建物分件登記案件；,RPTNMLNLIIHGFCA27DA,144.68,7.08,12.97,有,,
中山區,房地(土地+建物)+車位,建國北路二段５８號十一樓,24.56,住,,,1100820,土地2建物1車位2,十一層,二十三層,住宅大樓(11層含以上有電梯),住家用,1110621.0,317.24,0,0,3,有,有,83000000,298767.0,坡道平面,64.2,7400000,預售屋、或土地及建物分件登記案件；,RPTNMLNJJIHGFCA17DA,146.39,9.63,12.97,有,,
大同區,房地(土地+建物),大龍街９１巷１２號七樓之９,7.95,住,,,1100816,土地1建物1車位0,七層,十三層,住宅大樓(11層含以上有電梯),住家用,1110422.0,56.099999999999994,1,0,1,有,有,11600000,206774.0,,0.0,0,,RPXPMLMLJIHGFBA87EA,34.32,0.0,3.01,有,,
文山區,房地(土地+建物)+車位,育英街８７號五樓,20.23,住,,,1100808,土地1建物1車位1,五層,九層,華廈(10層含以下有電梯),住家用,1110726.0,133.62,1,2,1,有,有,24100000,240374.0,坡道平面,43.76,2500000,預售屋、或土地及建物分件登記案件；,RPWNMLLJKIHGFAA17DA,47.56,0.0,11.11,有,,
大安區,房地(土地+建物),信義路四段５３巷３０號三樓,18.89,住,,,1100709,土地1建物2車位0,三層,七層,華廈(10層含以下有電梯),住家用,1110708.0,103.16,0,2,1,有,有,38100000,369329.0,,0.0,0,預售屋、或土地及建物分件登記案件；,RPTNMLTLQHHGFFA88DA,49.48,2.19,9.64,有,,
大安區,房地(土地+建物),市民大道四段１２６號五樓,14.12,住,,,1100702,土地1建物1車位0,五層,七層,華廈(10層含以下有電梯),住家用,760619.0,76.11,1,1,1,有,無,19600000,257522.0,,0.0,0,陽台外推；其他增建；,RPSPMLQJIIHGFFA77DA,44.17,0.0,10.78,有,,34.0
文山區,房地(土地+建物)+車位,育英街８９號四樓,23.25,住,,,1100720,土地1建物1車位1,四層,九層,華廈(10層含以下有電梯),住家用,1110726.0,148.32,3,2,1,有,有,26820000,233169.0,坡道平面,45.09,2750000,預售屋、或土地及建物分件登記案件；,RPUOMLRJJIHGFAA57DA,57.02,4.44,5.97,有,,
文山區,房地(土地+建物)+車位,育英街８５號二樓之３,28.34,住,,,1100720,土地1建物1車位1,二層,九層,華廈(10層含以下有電梯),住家用,1110726.0,170.82,3,2,2,有,有,32220000,234391.0,坡道平面,45.09,2750000,預售屋、或土地及建物分件登記案件；,RPWNMLRJJIHGFAA67DA,68.05,2.13,11.9,有,,
中山區,房地(土地+建物),建國北路二段６０號五樓,24.32,住,,,1100707,土地2建物1車位0,五層,二十三層,住宅大樓(11層含以上有電梯),住家用,1110621.0,254.13,0,0,3,有,有,66300000,260890.0,,0.0,0,預售屋、或土地及建物分件登記案件；,RPQNMLNJJIHGFCA86DA,147.09,9.63,12.97,有,,
文山區,房地(土地+建物),育英街８９號二樓之３,19.69,住,,,1100703,土地1建物1車位0,二層,九層,華廈(10層含以下有電梯),住家用,1110726.0,87.44,2,2,1,有,有,20180000,230787.0,,0.0,0,預售屋、或土地及建物分件登記案件；,RPQNMLLJKIHGFAA56DA,50.7,1.99,4.41,有,,
文山區,房地(土地+建物)+車位,育英街８５號二樓之１,19.74,住,,,1100731,土地1建物1車位2,二層,九層,華廈(10層含以下有電梯),住家用,1110726.0,176.2,2,2,1,有,有,25800000,232971.0,坡道平面,88.85,5450000,預售屋、或土地及建物分件登記案件；,RPPNMLLJKIHGFAA09DA,46.61,3.65,6.7,有,,
大安區,房地(土地+建物),信義路四段５３巷２８號六樓,7.62,住,,,1100607,土地1建物1車位0,六層,七層,華廈(10層含以下有電梯),住家用,1110708.0,41.66,1,1,1,有,有,17030000,408785.0,,0.0,0,預售屋、或土地及建物分件登記案件；,RPQNMLRJIIHGFFA47DA,21.06,3.7,0.0,有,,
大安區,房地(土地+建物)+車位,信義路四段５３巷２８號四樓,7.93,住,,,1100520,土地1建物1車位1,四層,七層,華廈(10層含以下有電梯),住家用,1110708.0,60.57,1,1,1,有,有,17660000,366144.0,其他,17.8,2000000,於民國111年5月1日加購車位一位，申報序號為增購車位之序號。預售屋、或土地及建物分件登記案件；,RPRNMLRJIIHGFFA57DA,21.06,4.37,0.0,有,,
文山區,房地(土地+建物)+車位,育英街８７號四樓,20.23,住,,,1100515,土地1建物1車位1,四層,九層,華廈(10層含以下有電梯),住家用,1110726.0,134.96,2,2,1,有,有,24060000,237279.0,坡道平面,45.15,2750000,,RPWNMLQLIIHGFAA67DA,53.15,0.0,5.53,有,,
中山區,房地(土地+建物)+車位,建國北路二段５８號十八樓,24.08,住,,,1100521,土地2建物1車位1,十八層,二十三層,住宅大樓(11層含以上有電梯),住家用,1110621.0,280.98,0,0,3,有,有,87600000,335503.0,坡道平面,32.1,4100000,預售屋、或土地及建物分件登記案件；,RPVNMLQJJIHGFCA67DA,144.61,8.28,12.97,有,,
北投區,房地(土地+建物)+車位,三合街一段８２巷７１號二樓之５,19.08,住,,,1100422,土地1建物1車位1,二層,八層,華廈(10層含以下有電梯),住家用,1110729.0,136.18,2,2,1,有,有,17800000,182374.0,其他,47.9,1700000,新建案管委會籌組中預售屋、或土地及建物分件登記案件；,RPUOMLKLIIHGFEA37DA,47.47,4.29,4.29,有,,
文山區,房地(土地+建物)+車位,育英街８５號八樓之２,18.44,住,,,1100417,土地1建物1車位1,八層,九層,華廈(10層含以下有電梯),住家用,1110726.0,126.67,2,2,1,有,有,21920000,237610.0,坡道平面,45.15,2550000,,RPRNMLQLIIHGFAA17DA,46.61,3.65,2.94,有,,
中山區,房地(土地+建物)+車位,建國北路二段６０號二十二樓之１,18.91,住,,,1100330,土地2建物1車位1,二十二層,二十三層,住宅大樓(11層含以上有電梯),住家用,1110621.0,229.37,0,0,2,有,有,66580000,316723.0,坡道平面,32.1,4100000,,RPSNMLRKIIHGFCA47DA,113.29,6.66,12.32,有,,
文山區,房地(土地+建物)+車位,育英街８９號五樓之１,19.6,住,,,1100304,土地1建物1車位2,五層,九層,華廈(10層含以下有電梯),住家用,1110726.0,177.29,2,2,1,有,有,26260000,233727.0,坡道平面,90.18,5900000,預售屋、或土地及建物分件登記案件；,RPQOMLLJKIHGFAA66DA,50.72,2.83,3.33,有,,
文山區,房地(土地+建物)+車位,育英街８５號八樓之１,18.44,住,,,1100227,土地1建物1車位1,八層,九層,華廈(10層含以下有電梯),住家用,1110726.0,125.34,2,2,1,有,有,21890000,237681.0,坡道平面,43.76,2500000,預售屋、或土地及建物分件登記案件；,RPRNMLRJJIHGFAA17DA,46.61,3.65,2.94,有,,
文山區,房地(土地+建物)+車位,育英街８５號四樓之１,18.44,住,,,1100220,土地1建物1車位1,四層,九層,華廈(10層含以下有電梯),住家用,1110726.0,126.67,2,2,1,有,有,21480000,232042.0,坡道平面,45.09,2550000,預售屋、或土地及建物分件登記案件；,RPUNMLLJKIHGFAA96DA,46.61,3.65,2.94,有,,
大安區,房地(土地+建物),信義路四段５３巷２８號三樓,7.62,住,,,1100121,土地1建物1車位0,三層,七層,華廈(10層含以下有電梯),住家用,1110708.0,41.66,1,1,1,有,有,14350000,344455.0,,0.0,0,預售屋、或土地及建物分件登記案件；,RPUNMLTLQHHGFFA98DA,21.06,3.7,0.0,有,,
大安區,房地(土地+建物)+車位,杭州南路二段６１巷３４號三樓,32.89,住,,,1091212,土地1建物1車位1,三層,七層,華廈(10層含以下有電梯),住家用,1110510.0,161.07,2,2,2,有,有,45420000,332892.0,升降平面,32.74,2700000,預售屋、或土地及建物分件登記案件；,RPPNMLOKRHHGFFA08EA,69.15,4.17,7.38,有,,
大安區,房地(土地+建物)+車位,杭州南路二段６１巷３４號四樓,32.89,住,,,1091219,土地1建物1車位1,四層,七層,華廈(10層含以下有電梯),住家用,1110510.0,162.41000000000005,3,2,2,有,有,45880000,332999.0,升降平面,32.74,2700000,預售屋、或土地及建物分件登記案件；,RPVNMLMLRHHGFFA58EA,69.15,5.51,7.38,有,,
大安區,房地(土地+建物)+車位,杭州南路二段６１巷３６號七樓,43.64,住,,,1091211,土地1建物1車位2,七層,七層,華廈(10層含以下有電梯),住家用,1110510.0,233.43,3,2,2,有,有,66190000,360762.0,一樓平面,65.48,5600000,預售屋、或土地及建物分件登記案件；,RPQOMLRJIIHGFFA67EA,91.32,5.42,9.29,有,,
北投區,房地(土地+建物)+車位,三合街一段８２巷７３號五樓,20.07,住,,,1091227,土地1建物1車位1,五層,八層,華廈(10層含以下有電梯),住家用,1110729.0,136.09,3,2,1,有,有,19780000,197074.0,坡道平面,47.9,2400000,1.新建案管委會籌組中預售屋、或土地及建物分件登記案件；,RPRQMLTKIIHGFEA08DA,50.22,1.75,4.04,有,,
中山區,房地(土地+建物)+車位,建國北路二段６０號十六樓之１,18.91,住,,,1091217,土地2建物1車位1,十六層,二十三層,住宅大樓(11層含以上有電梯),住家用,1110621.0,229.37,0,0,2,有,有,67750000,323161.0,坡道平面,32.1,4000000,預售屋、或土地及建物分件登記案件；,RPTOMLOLIIHGFCA47DA,113.29,6.66,12.32,有,,
文山區,房地(土地+建物)+車位,育英街８９號三樓,23.25,住,,,1091228,土地1建物1車位1,三層,九層,華廈(10層含以下有電梯),住家用,1110726.0,148.32,3,2,1,有,有,26100000,228131.0,坡道平面,45.09,2550000,預售屋、或土地及建物分件登記案件；,RPQPMLPKJIHGFAA17DA,57.02,4.44,5.97,有,,
文山區,房地(土地+建物),育英街８５號三樓之１,18.44,住,,,1091107,土地1建物1車位0,三層,九層,華廈(10層含以下有電梯),住家用,1110726.0,81.58,2,2,1,有,有,18730000,229591.0,,0.0,0,預售屋、或土地及建物分件登記案件；,RPUNMLRJJIHGFAA47DA,46.61,3.65,2.94,有,,
中山區,房地(土地+建物)+車位,建國北路二段５８號三樓之１,19.0,住,,,1091130,土地2建物1車位1,三層,二十三層,住宅大樓(11層含以上有電梯),住家用,1110621.0,223.7,0,0,2,有,有,57500000,279749.0,坡道平面,32.1,3900000,預售屋、或土地及建物分件登記案件；,RPWNMLNLIIHGFCA57DA,113.92,0.0,12.32,有,,
內湖區,房地(土地+建物)+車位,內湖路二段２３５巷１６號四樓之５,56.61,住,,,1091027,土地3建物1車位1,四層,五層,華廈(10層含以下有電梯),住家用,1110722.0,121.18,2,2,1,有,有,22100000,222985.0,坡道平面,33.73,2600000,本案係信託財產 受託人:僑馥建築經理股份有限公司 委託人:璞慶建設股份有限公司、元通建設股份有限公司 工程款增加 18042 元預售屋、或土地及建物分件登記案件；,RPSQMLRJJIHGFCA77DA,51.44,2.22,4.94,有,,
文山區,房地(土地+建物)+車位,育英街８５號九樓,37.62,住,,,1091023,土地1建物1車位2,九層,九層,華廈(10層含以下有電梯),住家用,1110726.0,257.28,3,2,2,有,有,49830000,262896.0,坡道平面,90.18,5900000,預售屋、或土地及建物分件登記案件；,RPWOMLPKJIHGFAA67DA,95.67,1.71,11.75,有,,
文山區,房地(土地+建物)+車位,育英街８９號五樓,23.25,住,,,1091017,土地1建物1車位1,五層,九層,華廈(10層含以下有電梯),住家用,1110726.0,148.32,3,2,1,有,有,26360000,230650.0,坡道平面,45.09,2550000,預售屋、或土地及建物分件登記案件；,RPXNMLLJKIHGFAA27DA,57.02,4.44,5.97,有,,
文山區,房地(土地+建物)+車位,育英街８７號四樓之１,36.19,住,,,1090907,土地1建物1車位1,四層,九層,華廈(10層含以下有電梯),住家用,1110726.0,205.81,3,2,2,有,有,39680000,229864.0,坡道平面,45.15,2750000,,RPSNMLQLIIHGFAA27DA,89.9,2.59,12.48,有,,
文山區,房地(土地+建物)+車位,育英街８９號六樓,23.25,住,,,1090907,土地1建物1車位1,六層,九層,華廈(10層含以下有電梯),住家用,1110726.0,148.32,3,2,1,有,有,26880000,233886.0,坡道平面,45.15,2750000,,RPTNMLQLIIHGFAA37DA,57.02,4.44,5.97,有,,
文山區,房地(土地+建物)+車位,育英街８５號七樓之２,18.44,住,,,1090927,土地1建物1車位1,七層,九層,華廈(10層含以下有電梯),住家用,1110726.0,126.67,2,2,1,有,有,21700000,234739.0,坡道平面,45.09,2550000,預售屋、或土地及建物分件登記案件；,RPVNMLLJKIHGFAA07DA,46.61,3.65,2.94,有,,
文山區,房地(土地+建物)+車位,育英街８５號二樓之２,19.74,住,,,1090927,土地1建物1車位1,二層,九層,華廈(10層含以下有電梯),住家用,1110726.0,132.44,2,2,1,有,有,23060000,232513.0,坡道平面,45.09,2750000,預售屋、或土地及建物分件登記案件；,RPRNMLLJKIHGFAA66DA,46.61,3.65,6.7,有,,
大同區,房地(土地+建物)+車位,承德路二段１０９巷２號六樓,20.12,住,,,1090812,土地1建物1車位1,六層,十九層,住宅大樓(11層含以上有電梯),住家用,1110718.0,226.77,3,2,2,有,有,48470000,239998.0,坡道平面,34.31,2280000,預售屋、或土地及建物分件登記案件；,RPXOMLNLRHHGFBA48DA,114.01,4.31,10.13,有,,
大同區,房地(土地+建物)+車位,承德路二段１０９巷２號十二樓,20.08,住,,,1090812,土地1建物1車位1,十二層,十九層,住宅大樓(11層含以上有電梯),住家用,1110718.0,226.25,3,2,2,有,有,49580000,244920.0,坡道平面,34.31,2570000,預售屋、或土地及建物分件登記案件；,RPSPMLNLRHHGFBA08DA,112.11,5.91,10.13,有,,
松山區,房地(土地+建物)+車位,健康路３２５巷２５弄１８號十二樓,18.09,住,,,1090807,土地1建物1車位1,十二層,十三層,住宅大樓(11層含以上有電梯),住家用,1100323.0,169.72,0,0,0,無,有,38860000,282348.0,升降平面,39.88,2200000,,RPQNMLQLRHHGFDA18DA,77.79,4.47,11.11,有,,
大同區,房地(土地+建物)+車位,承德路二段１０９巷２號十四樓之８,20.44,住,,,1090809,土地1建物1車位3,十四層,十九層,住宅大樓(11層含以上有電梯),住家用,1110718.0,294.54,3,2,2,有,有,56170000,250509.0,坡道平面,102.93,8170000,,RPWNMLQLRHHGFBA58DA,111.89,5.91,10.13,有,,
大安區,房地(土地+建物)+車位,雲和街１０１號十二樓之１,27.95,住,,,1090812,土地1建物1車位2,十二層,十二層,住宅大樓(11層含以上有電梯),住家用,1110811.0,241.62,2,2,2,有,有,64880000,369321.0,坡道平面,81.38,5700000,銷售面積與登記面積產生的價差另行找補,RPXPMLMKRHHGFFA78DA,96.03,0.0,11.61,有,,
大安區,房地(土地+建物)+車位,雲和街１０１號十二樓,28.26,住,,,1090812,土地1建物1車位2,十二層,十二層,住宅大樓(11層含以上有電梯),住家用,1110811.0,241.13,3,2,2,有,有,64000000,365571.0,坡道平面,81.38,5600000,銷售面積與登記面積產生的價差另行找補,RPSOMLMKRHHGFFA18DA,97.11,0.0,9.47,有,,
大同區,房地(土地+建物)+車位,承德路二段１０９巷２號十一樓,20.08,住,,,1090817,土地1建物1車位1,十一層,十九層,住宅大樓(11層含以上有電梯),住家用,1110718.0,226.25,3,2,2,有,有,49290000,244920.0,坡道平面,34.31,2280000,預售屋、或土地及建物分件登記案件；,RPOPMLNLRHHGFBA67DA,112.11,5.91,10.13,有,,
大安區,房地(土地+建物),信義路四段５３巷２８號五樓,7.7,住,,,1090818,土地1建物1車位0,五層,七層,華廈(10層含以下有電梯),住家用,1110708.0,41.97,1,1,1,有,有,15540000,370264.0,,0.0,0,預售屋、或土地及建物分件登記案件；,RPOOMLTLQHHGFFA48DA,21.06,3.89,0.0,有,,
北投區,房地(土地+建物),三合街一段８２巷７３號五樓之６,17.67,住,,,1090818,土地1建物1車位0,五層,八層,華廈(10層含以下有電梯),住家用,1110729.0,80.03,2,2,1,有,有,15200000,189929.0,,0.0,0,1.新建案管委會籌組中預售屋、或土地及建物分件登記案件；,RPOQMLTKIIHGFEA77DA,44.27,2.54,3.98,有,,
北投區,房地(土地+建物)+車位,三合街一段８２巷７１號四樓,20.07,住,,,1090806,土地1建物1車位1,四層,八層,華廈(10層含以下有電梯),住家用,1110729.0,136.09,3,2,1,有,有,20200000,198435.0,坡道平面,47.9,2700000,1.新建案管理委員會籌組中預售屋、或土地及建物分件登記案件；,RPXNMLNLIIHGFEA87DA,50.22,1.75,4.04,有,,
大同區,房地(土地+建物),承德路二段１０９巷２號四樓之７,9.74,住,,,1090807,土地1建物1車位0,四層,十九層,住宅大樓(11層含以上有電梯),住家用,1110718.0,94.28,2,2,1,有,有,23030000,244272.0,,0.0,0,讓渡日期110.11.04平價讓渡預售屋、或土地及建物分件登記案件；,RPUOMLQLIIHGFBA67DA,55.1,0.0,7.81,有,,
大同區,房地(土地+建物)+車位,承德路二段１０９巷２號七樓之８,20.08,住,,,1090806,土地1建物1車位1,七層,十九層,住宅大樓(11層含以上有電梯),住家用,1110718.0,226.43,3,2,2,有,有,47150000,233188.0,坡道平面,34.31,2350000,建設公司自售,RPPNMLRLIIHGFBA17DA,113.79,4.31,10.13,有,,
士林區,房地(土地+建物)+車位,承德路四段８８號五樓,15.67,住,,,1090720,土地1建物1車位1,五層,十五層,住宅大樓(11層含以上有電梯),住家用,1110421.0,151.3,2,2,1,有,有,29500000,217865.0,升降機械,22.78,1500000,預售屋、或土地及建物分件登記案件；,RPRPMLKMQHHGFEA97DA,71.81,4.11,8.46,有,,
士林區,房地(土地+建物)+車位,承德路四段８８號六樓之６,14.9,住,,,1090718,土地1建物1車位1,六層,十五層,住宅大樓(11層含以上有電梯),住家用,1110421.0,145.02,3,2,2,有,有,27500000,212696.0,升降機械,22.78,1500000,預售屋、或土地及建物分件登記案件；,RPUPMLLMQHHGFEA38DA,72.55,2.32,5.39,有,,
松山區,房地(土地+建物)+車位,健康路３２５巷２５弄１８號十三樓,16.94,住,,,1090731,土地1建物1車位1,十三層,十三層,住宅大樓(11層含以上有電梯),住家用,1100323.0,164.85,0,0,0,無,有,38000000,286280.0,坡道平面,41.02,2550000,,RPTNMLQLRHHGFDA48DA,73.61,3.54,11.35,有,,
大同區,房地(土地+建物)+車位,承德路二段１０９巷２號十三樓,20.08,住,,,1090725,土地1建物1車位1,十三層,十九層,住宅大樓(11層含以上有電梯),住家用,1110718.0,226.25,3,2,2,有,有,52940000,261227.0,坡道平面,34.31,2800000,預售屋、或土地及建物分件登記案件；,RPTPMLNLRHHGFBA18DA,112.11,5.91,10.13,有,,
大同區,房地(土地+建物)+車位,承德路二段１０９巷２號十四樓之２,10.23,住,,,1090730,土地1建物1車位1,十四層,十九層,住宅大樓(11層含以上有電梯),住家用,1110718.0,131.23,2,2,1,有,有,29050000,273937.0,坡道平面,34.31,2500000,預售屋、或土地及建物分件登記案件；,RPQPMLNLRHHGFBA87DA,55.1,1.83,7.81,有,,
大同區,房地(土地+建物)+車位,承德路二段１０９巷２號十四樓之６,10.23,住,,,1090722,土地1建物1車位1,十四層,十九層,住宅大樓(11層含以上有電梯),住家用,1110718.0,131.23,2,2,1,有,有,29050000,273937.0,坡道平面,34.31,2500000,預售屋、或土地及建物分件登記案件；,RPRPMLNLRHHGFBA97DA,55.1,1.83,7.81,有,,
大同區,房地(土地+建物)+車位,承德路二段１０９巷２號十五樓之１,10.23,住,,,1090717,土地1建物1車位1,十五層,十九層,住宅大樓(11層含以上有電梯),住家用,1110718.0,126.73,2,2,1,有,有,30190000,288795.0,坡道平面,29.81,2200000,預售屋、或土地及建物分件登記案件；,RPPPMLNLRHHGFBA77DA,55.1,1.83,7.81,有,,
中山區,房地(土地+建物)+車位,建國北路二段６０號二十三樓之１,19.1,住,,,1090730,土地2建物1車位2,二十三層,二十三層,住宅大樓(11層含以上有電梯),住家用,1110621.0,258.65,0,0,2,有,有,79900000,361004.0,坡道平面,59.76,8100000,預售屋、或土地及建物分件登記案件；,RPVQMLRKIIHGFCA08DA,113.29,8.28,12.32,有,,
中山區,房地(土地+建物)+車位,建國北路二段５８號二十三樓之１,18.89,住,,,1090730,土地2建物1車位1,二十三層,二十三層,住宅大樓(11層含以上有電梯),住家用,1110621.0,231.04,0,0,2,有,有,75900000,360913.0,坡道平面,32.1,4100000,,SPVQMLRKIIHGFCA18DA,113.32,8.28,12.32,有,,
文山區,房地(土地+建物),育英街８５號四樓之２,18.44,住,,,1090704,土地1建物1車位0,四層,九層,華廈(10層含以下有電梯),住家用,1110726.0,81.58,2,2,1,有,有,18780000,230203.0,,0.0,0,,RPUNMLQLIIHGFAA47DA,46.61,3.65,2.94,有,,
大同區,房地(土地+建物)+車位,承德路二段１０９巷２號五樓之５,20.05,住,,,1090712,土地1建物1車位1,五層,十九層,住宅大樓(11層含以上有電梯),住家用,1110718.0,221.46,3,2,2,有,有,48300000,241064.0,坡道平面,29.81,2100000,預售屋、或土地及建物分件登記案件；,RPSOMLQLIIHGFBA47DA,113.73,4.43,9.82,有,,
大同區,房地(土地+建物)+車位,承德路二段１０９巷２號十一樓之５,20.01,住,,,1090715,土地1建物1車位1,十一層,十九層,住宅大樓(11層含以上有電梯),住家用,1110718.0,225.56,3,2,2,有,有,45750000,228026.0,坡道平面,34.31,2140000,建設公司自售,RPRNMLRLIIHGFBA37DA,111.79,6.08,9.82,有,,
大同區,房地(土地+建物)+車位,承德路二段１０９巷２號三樓之７,9.99,住,,,1090716,土地1建物1車位1,三層,十九層,住宅大樓(11層含以上有電梯),住家用,1110718.0,129.01999999999998,2,2,1,有,有,25490000,245909.0,坡道平面,34.31,2200000,預售屋、或土地及建物分件登記案件；,RPTOMLQLIIHGFBA57DA,55.23,0.0,7.99,有,,
大同區,房地(土地+建物)+車位,承德路二段１０９巷２號十一樓之６,10.23,住,,,1090716,土地1建物1車位1,十一層,十九層,住宅大樓(11層含以上有電梯),住家用,1110718.0,131.23,2,2,1,有,有,27530000,256191.0,坡道平面,34.31,2700000,預售屋、或土地及建物分件登記案件；,RPUPMLQLIIHGFBA77DA,55.1,1.83,7.81,有,,
大同區,房地(土地+建物)+車位,承德路二段１０９巷２號十二樓之３,20.01,住,,,1090722,土地1建物1車位1,十二層,十九層,住宅大樓(11層含以上有電梯),住家用,1110718.0,225.56,3,2,2,有,有,55400000,272680.0,坡道平面,34.31,3250000,讓渡日期111.03.01兄弟讓渡預售屋、或土地及建物分件登記案件；,RPROMLQLIIHGFBA37DA,111.79,6.08,9.82,有,,
大同區,房地(土地+建物)+車位,承德路二段１０９巷２號十六樓之１,10.23,住,,,1090719,土地1建物1車位1,十六層,十九層,住宅大樓(11層含以上有電梯),住家用,1110718.0,131.23,2,2,1,有,有,29830000,279922.0,坡道平面,34.31,2700000,讓渡日期110.06.24讓渡金額33985000元預售屋、或土地及建物分件登記案件；,RPQOMLQLIIHGFBA27DA,55.1,1.83,7.81,有,,
內湖區,房地(土地+建物)+車位,內湖路二段２３５巷２０號五樓之３,53.8,住,,,1090710,土地3建物1車位1,五層,五層,華廈(10層含以下有電梯),住家用,1110722.0,113.11,2,2,1,有,有,21500000,238095.0,坡道平面,33.73,2600000,預售屋、或土地及建物分件登記案件；,RPPQMLOKJIHGFCA27DA,49.05,1.55,3.13,有,,
中山區,房地(土地+建物)+車位,建國北路二段５８號十三樓之１,19.08,住,,,1090617,土地2建物1車位2,十三層,二十三層,住宅大樓(11層含以上有電梯),住家用,1110621.0,263.14,0,0,2,有,有,65750000,295315.0,坡道平面,64.2,7000000,預售屋、或土地及建物分件登記案件；,RPUNMLLJIIHGFCA96DA,113.32,8.28,12.32,有,,
中山區,房地(土地+建物)+車位,建國北路二段５８號十四樓之１,18.89,住,,,1090617,土地2建物1車位1,十四層,二十三層,住宅大樓(11層含以上有電梯),住家用,1110621.0,229.42,0,0,2,有,有,64250000,306862.0,坡道平面,32.1,3700000,預售屋、或土地及建物分件登記案件；,RPQOMLMJIIHGFCA76DA,113.32,6.66,12.32,有,,
文山區,房地(土地+建物)+車位,育英街８９號三樓之２,14.41,住,,,1090606,土地1建物1車位1,三層,九層,華廈(10層含以下有電梯),住家用,1110726.0,109.05,2,2,1,有,有,17230000,229518.0,坡道平面,45.09,2550000,預售屋、或土地及建物分件登記案件；,RPTNMLRJJIHGFAA37DA,34.98,3.28,3.53,有,,
士林區,房地(土地+建物)+車位,承德路四段８８號六樓,15.67,住,,,1090522,土地1建物1車位1,六層,十五層,住宅大樓(11層含以上有電梯),住家用,1110421.0,151.3,2,2,1,有,有,29600000,218643.0,升降機械,22.78,1500000,預售屋、或土地及建物分件登記案件；,RPTPMLKMQHHGFEA18DA,71.81,4.11,8.46,有,,
文山區,房地(土地+建物)+車位,育英街８７號五樓之１,36.19,住,,,1090531,土地1建物1車位1,五層,九層,華廈(10層含以下有電梯),住家用,1110726.0,205.81,3,2,2,有,有,39500000,229903.0,坡道平面,45.09,2550000,預售屋、或土地及建物分件登記案件；,RPROMLRJJIHGFAA27DA,89.9,2.59,12.48,有,,
文山區,房地(土地+建物)+車位,育英街８９號四樓之３,20.4,住,,,1090512,土地1建物1車位1,四層,九層,華廈(10層含以下有電梯),住家用,1110726.0,135.64,2,2,1,有,有,23100000,226946.0,坡道平面,45.09,2550000,預售屋、或土地及建物分件登記案件；,RPPOMLRJJIHGFAA07DA,50.7,4.04,4.41,有,,
中山區,房地(土地+建物)+車位,建國北路二段５８號五樓之１,19.13,住,,,1090515,土地2建物1車位2,五層,二十三層,住宅大樓(11層含以上有電梯),住家用,1110621.0,259.12,0,0,2,有,有,61400000,274378.0,坡道平面,59.76,6700000,預售屋、或土地及建物分件登記案件；,RPRNMLRJJIHGFCA37DA,113.58,8.28,12.32,有,,
文山區,房地(土地+建物)+車位,育英街８５號四樓之３,27.92,住,,,1090417,土地1建物1車位1,四層,九層,華廈(10層含以下有電梯),住家用,1110726.0,168.99,3,2,2,有,有,31290000,231961.0,坡道平面,45.09,2550000,預售屋、或土地及建物分件登記案件；,RPQOMLRJJIHGFAA17DA,68.05,3.24,9.59,有,,
中山區,房地(土地+建物)+車位,建國北路二段５８號八樓之１,18.93,住,,,1090417,土地2建物1車位1,八層,二十三層,住宅大樓(11層含以上有電梯),住家用,1110621.0,229.62,3,2,2,有,有,60000000,285034.0,坡道平面,32.1,3700000,預售屋、或土地及建物分件登記案件；,RPRNMLTLIIHGFCA67DA,113.45,6.66,12.32,有,,
中山區,房地(土地+建物)+車位,建國北路二段６０號十九樓之１,19.28,住,,,1090313,土地2建物1車位3,十九層,二十三層,住宅大樓(11層含以上有電梯),住家用,1110621.0,295.19,0,0,2,有,有,76400000,323797.0,坡道平面,96.3,12000000,預售屋、或土地及建物分件登記案件；,RPUNMLQJJIHGFCA57DA,113.29,8.28,12.32,有,,
文山區,房地(土地+建物)+車位,育英街８５號七樓之３,27.92,住,,,1090301,土地1建物1車位1,七層,九層,華廈(10層含以下有電梯),住家用,1110726.0,168.99,3,2,2,有,有,31880000,236723.0,坡道平面,45.09,2550000,預售屋、或土地及建物分件登記案件；,RPSNMLLJKIHGFAA76DA,68.05,3.24,9.59,有,,
中山區,房地(土地+建物)+車位,建國北路二段５８號十二樓之１,18.89,住,,,1090207,土地2建物1車位1,十二層,二十三層,住宅大樓(11層含以上有電梯),住家用,1110621.0,230.14,0,0,2,有,有,63300000,301959.0,坡道平面,32.1,3500000,預售屋、或土地及建物分件登記案件；,RPSNMLMLIIHGFCA07DA,113.32,7.38,12.32,有,,
中山區,房地(土地+建物)+車位,建國北路二段６０號十二樓之１,19.12,住,,,1090207,土地2建物1車位2,十二層,二十三層,住宅大樓(11層含以上有電梯),住家用,1110621.0,257.94,0,0,2,有,有,66700000,302250.0,坡道平面,59.76,6800000,預售屋、或土地及建物分件登記案件；,RPRNMLMLIIHGFCA96DA,113.41,7.38,12.32,有,,
內湖區,房地(土地+建物)+車位,內湖路二段２３５巷２０號二樓之１,88.33,住,,,1090116,土地3建物1車位1,二層,五層,華廈(10層含以下有電梯),住家用,1110722.0,166.44,2,2,2,有,有,34130000,236079.0,坡道平面,33.73,2800000,本案係信託財產 受託人:僑馥建築經理股份有限公司 委託人:璞慶建設股份有限公司 工程款減少14487元預售屋、或土地及建物分件登記案件；,RPOPMLRJJIHGFCA27DA,80.68,3.34,6.79,有,,
士林區,房地(土地+建物)+車位,承德路四段８８號十四樓,15.67,住,,,1081206,土地1建物1車位1,十四層,十五層,住宅大樓(11層含以上有電梯),住家用,1110421.0,151.3,2,2,1,有,有,31580000,234049.0,升降機械,22.78,1500000,預售屋、或土地及建物分件登記案件；,RPQRMLKMQHHGFEA08DA,71.81,4.11,8.46,有,,
文山區,房地(土地+建物)+車位,育英街８５號四樓,31.77,住,,,1081207,土地1建物1車位1,四層,九層,華廈(10層含以下有電梯),住家用,1110726.0,186.09,3,2,2,有,有,35190000,231489.0,坡道平面,45.09,2550000,預售屋、或土地及建物分件登記案件；,RPQNMLRJJIHGFAA07DA,74.09,6.89,11.06,有,,
北投區,房地(土地+建物)+車位,三合街一段８２巷７１號七樓之５,19.08,住,,,1081226,土地1建物1車位1,七層,八層,華廈(10層含以下有電梯),住家用,1110729.0,136.18,2,2,1,有,有,18580000,183280.0,坡道平面,47.9,2400000,1.新建案管委會籌組中預售屋、或土地及建物分件登記案件；,RPSOMLPJJIHGFEA57DA,47.47,4.29,4.29,有,,
內湖區,房地(土地+建物)+車位,內湖路二段２３５巷２０號五樓之２,80.7,住,,,1081223,土地3建物1車位1,五層,五層,華廈(10層含以下有電梯),住家用,1110722.0,157.07,2,2,1,有,有,30900000,227826.0,坡道平面,33.73,2800000,本案係信託財產 受託人:僑馥建築經理股份有限公司 委託人:璞慶建設股份有限公司、元通建設股份有限公司 工程款減少 120297 元預售屋、或土地及建物分件登記案件；,RPTPMLRJJIHGFCA77DA,73.71,5.52,5.82,有,,
內湖區,房地(土地+建物)+車位,內湖路二段２３５巷１８號二樓,97.56,住,,,1081216,土地3建物1車位1,二層,五層,華廈(10層含以下有電梯),住家用,1110722.0,191.41,3,2,2,有,有,37500000,221334.0,坡道平面,33.73,2600000,本案係信託財產 受託人:僑馥建築經理股份有限公司 委託人:璞慶建設股份有限公司 工程款減少 132478 元預售屋、或土地及建物分件登記案件；,RPVPMLTJJIHGFCA18DA,89.52,7.15,10.44,有,,
文山區,房地(土地+建物),育英街８９號五樓之２,14.41,住,,,1081213,土地1建物1車位0,五層,九層,華廈(10層含以下有電梯),住家用,1110726.0,63.96,2,2,1,有,有,14740000,230457.0,,0.0,0,預售屋、或土地及建物分件登記案件；,RPPPMLPKJIHGFAA07DA,34.98,3.28,3.53,有,,
文山區,房地(土地+建物)+車位,育英街８５號八樓,31.77,住,,,1081220,土地1建物1車位1,八層,九層,華廈(10層含以下有電梯),住家用,1110726.0,186.09,3,2,2,有,有,35990000,237163.0,坡道平面,45.09,2550000,預售屋、或土地及建物分件登記案件；,RPUOMLPKJIHGFAA47DA,74.09,6.89,11.06,有,,
內湖區,房地(土地+建物)+車位,內湖路二段２３５巷１８號五樓,95.16,住,,,1081218,土地3建物1車位1,五層,五層,華廈(10層含以下有電梯),住家用,1110722.0,185.74,3,2,2,有,有,39460000,244458.0,坡道平面,33.73,2300000,預售屋、或土地及建物分件登記案件；,RPOQMLOKJIHGFCA17DA,87.09,5.71,9.63,有,,
內湖區,房地(土地+建物)+車位,內湖路二段２３５巷１８號二樓之１,119.65,住,,,1081127,土地3建物1車位2,二層,五層,華廈(10層含以下有電梯),住家用,1110722.0,257.52,2,2,2,有,有,47400000,222035.0,坡道平面,67.46,5200000,本案係信託財產 受託人:僑馥建築經理股份有限公司 委託人:璞慶建設股份有限公司、元通建設股份有限公司 工程款減少 76960 元預售屋、或土地及建物分件登記案件；,RPRPMLRJJIHGFCA57DA,109.09,8.67,10.7,有,,
內湖區,房地(土地+建物)+車位,內湖路二段２３５巷２０號二樓,89.53,住,,,1081124,土地3建物1車位1,二層,五層,華廈(10層含以下有電梯),住家用,1110722.0,169.07999999999998,3,2,2,有,有,32800000,223125.0,坡道平面,33.73,2600000,本案係信託財產 受託人:僑馥建築經理股份有限公司 委託人:璞慶建設股份有限公司、元通建設股份有限公司  工程款減少 72475元預售屋、或土地及建物分件登記案件；,RPPPMLRJJIHGFCA37DA,82.0,3.77,6.95,有,,
內湖區,房地(土地+建物)+車位,內湖路二段２３５巷１６號三樓之５,56.61,住,,,1081127,土地3建物1車位1,三層,五層,華廈(10層含以下有電梯),住家用,1110722.0,121.18,2,2,1,有,有,21080000,211321.0,坡道平面,33.73,2600000,本案係信託財產 受託人:僑馥建築經理股份有限公司 委託人:璞慶建設股份有限公司、元通建設股份有限公司 工程款增加 1386 元預售屋、或土地及建物分件登記案件；,RPOQMLRJJIHGFCA37DA,51.44,2.22,4.94,有,,
內湖區,房地(土地+建物)+車位,內湖路二段２３５巷１６號二樓之３,69.06,住,,,1081124,土地3建物1車位1,二層,五層,華廈(10層含以下有電梯),住家用,1110722.0,139.39999999999998,2,2,1,有,有,25270000,214536.0,坡道平面,33.73,2600000,本案係信託財產 受託人:僑馥建築經理股份有限公司 委託人:元通建設股份有限公司 工程款增加 15985 元預售屋、或土地及建物分件登記案件；,RPWPMLRJJIHGFCA08DA,62.93,1.73,5.5,有,,
文山區,房地(土地+建物)+車位,育英街８７號八樓,43.56,住,,,1081117,土地1建物1車位1,八層,九層,華廈(10層含以下有電梯),住家用,1110726.0,238.51,4,2,2,有,有,48500000,236532.0,坡道平面,45.09,2750000,預售屋、或土地及建物分件登記案件；,RPSPMLPKJIHGFAA37DA,99.51,2.59,24.22,有,,
文山區,房地(土地+建物)+車位,育英街８５號五樓之１,18.44,住,,,1081110,土地1建物1車位1,五層,九層,華廈(10層含以下有電梯),住家用,1110726.0,126.67,2,2,1,有,有,21380000,230816.0,坡道平面,45.09,2550000,預售屋、或土地及建物分件登記案件；,RPRNMLPKJIHGFAA07DA,46.61,3.65,2.94,有,,
文山區,房地(土地+建物)+車位,育英街８７號七樓,43.56,住,,,1081111,土地1建物1車位1,七層,九層,華廈(10層含以下有電梯),住家用,1110726.0,238.51,4,2,2,有,有,51580000,252456.0,坡道平面,45.09,2750000,預售屋、或土地及建物分件登記案件；,RPTPMLPKJIHGFAA47DA,99.51,2.59,24.22,有,,
中山區,房地(土地+建物)+車位,建國北路二段５８號十八樓之１,18.89,住,,,1081107,土地2建物1車位1,十八層,二十三層,住宅大樓(11層含以上有電梯),住家用,1110621.0,230.14,0,0,2,有,有,68400000,327207.0,坡道平面,32.1,3600000,預售屋、或土地及建物分件登記案件；,RPPOMLNLIIHGFCA96DA,113.32,7.38,12.32,有,,
士林區,房地(土地+建物)+車位,承德路四段８８號七樓,15.67,住,,,1081025,土地1建物1車位1,七層,十五層,住宅大樓(11層含以上有電梯),住家用,1110421.0,151.3,2,2,1,有,有,30700000,227202.0,升降機械,22.78,1500000,預售屋、或土地及建物分件登記案件；,RPVPMLKMQHHGFEA38DA,71.81,4.11,8.46,有,,
大安區,房地(土地+建物)+車位,雲和街１０１號八樓之１,24.04,住,,,1081025,土地1建物1車位1,八層,十二層,住宅大樓(11層含以上有電梯),住家用,1110811.0,178.46,3,2,2,有,有,52580000,359875.0,坡道平面,40.69,3000000,銷售面積與登記面積產生的價差另行找補110.9.11轉讓，總價不變,RPXOMLMKRHHGFFA68DA,82.58,0.0,9.96,有,,
中山區,房地(土地+建物)+車位,建國北路二段６０號七樓之１,18.91,住,,,1081012,土地2建物1車位1,七層,二十三層,住宅大樓(11層含以上有電梯),住家用,1110621.0,231.18,0,0,2,有,有,58400000,275266.0,坡道平面,32.1,3600000,預售屋、或土地及建物分件登記案件；,RPROMLMJIIHGFCA86DA,113.41,8.28,12.32,有,,
大安區,房地(土地+建物)+車位,雲和街１０１號十一樓,28.26,住,,,1081020,土地1建物1車位1,十一層,十二層,住宅大樓(11層含以上有電梯),住家用,1110811.0,200.44,4,2,3,有,有,61500000,364319.0,坡道平面,40.69,3300000,銷售面積與登記面積產生的價差另行找補,RPROMLMKRHHGFFA08DA,97.11,0.0,9.47,有,,
大安區,房地(土地+建物)+車位,雲和街１０１號六樓之１,24.04,住,,,1081006,土地1建物1車位1,六層,十二層,住宅大樓(11層含以上有電梯),住家用,1110811.0,178.46,3,2,2,有,有,52200000,358206.0,坡道平面,40.69,2850000,銷售面積與登記面積產生的價差另行找補,RPVOMLMKRHHGFFA48DA,82.58,0.0,9.96,有,,
大安區,房地(土地+建物)+車位,雲和街１０１號五樓之２,27.95,住,,,1081015,土地1建物1車位1,五層,十二層,住宅大樓(11層含以上有電梯),住家用,1110811.0,200.92,3,2,2,有,有,61000000,360107.0,坡道平面,40.69,3300000,銷售面積與登記面積產生的價差另行找補,RPRPMLMKRHHGFFA18DA,96.03,0.0,11.61,有,,
大安區,房地(土地+建物)+車位,雲和街１０１號,27.95,住,,,1081005,土地1建物1車位2,一層,十二層,住宅大樓(11層含以上有電梯),住家用,1110811.0,230.01,1,1,2,有,有,64000000,388885.0,坡道平面,81.38,6200000,銷售面積與登記面積產生的價差另行找補,RPOPMLMKRHHGFFA87DA,96.03,0.0,0.0,有,,
大安區,房地(土地+建物)+車位,雲和街１０１號三樓之２,27.95,住,,,1081006,土地1建物1車位1,三層,十二層,住宅大樓(11層含以上有電梯),住家用,1110811.0,200.92,4,2,2,有,有,59800000,353866.0,坡道平面,40.69,3100000,銷售面積與登記面積產生的價差另行找補,RPQPMLMKRHHGFFA08DA,96.03,0.0,11.61,有,,
中山區,房地(土地+建物)+車位,建國北路二段５８號七樓之１,18.93,住,,,1081012,土地2建物1車位1,七層,二十三層,住宅大樓(11層含以上有電梯),住家用,1110621.0,231.24,0,0,2,有,有,58400000,275183.0,坡道平面,32.1,3600000,預售屋、或土地及建物分件登記案件；,RPUOMLMJIIHGFCA17DA,113.45,8.28,12.32,有,,
大安區,房地(土地+建物)+車位,雲和街１０１號四樓之１,24.04,住,,,1081020,土地1建物1車位1,四層,十二層,住宅大樓(11層含以上有電梯),住家用,1110811.0,178.46,4,2,2,有,有,50300000,345503.0,坡道平面,40.69,2700000,銷售面積與登記面積產生的價差另行找補。110.8.20轉讓，總價不變,RPTOMLMKRHHGFFA28DA,82.58,0.0,9.96,有,,
大安區,房地(土地+建物)+車位,雲和街１０１號四樓之２,27.95,住,,,1081016,土地1建物1車位1,四層,十二層,住宅大樓(11層含以上有電梯),住家用,1110811.0,200.92,4,2,2,有,有,58300000,346377.0,坡道平面,40.69,2800000,銷售面積與登記面積產生的價差，另行找補110.4.23轉讓，總價不變,RPUNMLMKRHHGFFA28DA,96.03,0.0,11.61,有,,
大安區,房地(土地+建物)+車位,雲和街１０１號四樓,21.22,住,,,1081020,土地1建物1車位1,四層,十二層,住宅大樓(11層含以上有電梯),住家用,1110811.0,158.44,3,2,2,有,有,41900000,332909.0,坡道平面,40.69,2700000,銷售面積與登記面積產生的價差，另行找補,RPTNMLMKRHHGFFA18DA,72.92,0.0,4.91,有,,
北投區,房地(土地+建物)+車位,榮華一路１０號五樓,18.18,住,,,1081012,土地1建物1車位1,五層,十層,華廈(10層含以下有電梯),住家用,1110815.0,127.93,3,2,1,有,有,25000000,247259.0,其他,34.91,2000000,預售屋、或土地及建物分件登記案件；,RPTNMLPLIIHGFEA77EA,53.88,0.0,5.17,有,,
北投區,房地(土地+建物)+車位,榮華一路１０號四樓,18.18,住,,,1081026,土地1建物1車位1,四層,十層,華廈(10層含以下有電梯),住家用,1110815.0,127.93,3,2,1,有,有,24680000,243819.0,其他,34.91,2000000,預售屋、或土地及建物分件登記案件；,RPPQMLSKIIHGFEA77DA,53.88,0.0,5.17,有,,
北投區,房地(土地+建物)+車位,榮華一路８號五樓,21.74,住,,,1081026,土地1建物1車位1,五層,十層,華廈(10層含以下有電梯),住家用,1110815.0,147.86,3,2,2,有,有,30280000,250376.0,其他,34.91,2000000,預售屋、或土地及建物分件登記案件；,RPQQMLSKIIHGFEA87DA,64.96,0.0,6.74,有,,
北投區,房地(土地+建物)+車位,榮華一路８號六樓,21.74,住,,,1081020,土地1建物1車位1,六層,十層,華廈(10層含以下有電梯),住家用,1110815.0,147.86,3,2,2,有,有,30780000,254803.0,其他,34.91,2000000,預售屋、或土地及建物分件登記案件；,RPOQMLSKIIHGFEA67DA,64.96,0.0,6.74,有,,
北投區,房地(土地+建物)+車位,三合街一段８２巷７１號五樓之５,19.08,住,,,1081025,土地1建物1車位1,五層,八層,華廈(10層含以下有電梯),住家用,1110729.0,135.81,2,2,1,有,有,18480000,184052.0,坡道平面,47.9,2300000,1.新建案管理委員會籌組中預售屋、或土地及建物分件登記案件；,RPVOMLKMIIHGFEA57DA,47.47,4.07,4.29,有,,
北投區,房地(土地+建物)+車位,三合街一段８２巷７１號八樓之６,17.81,住,,,1081025,土地1建物1車位1,八層,八層,華廈(10層含以下有電梯),住家用,1110729.0,127.93,2,2,1,有,有,17580000,188429.0,坡道平面,47.9,2500000,1.新建案管委會籌組中預售屋、或土地及建物分件登記案件；,RPROMLPJJIHGFEA47DA,44.28,2.54,3.98,有,,
大安區,房地(土地+建物)+車位,雲和街１０１號十樓,28.26,住,,,1080916,土地1建物1車位2,十層,十二層,住宅大樓(11層含以上有電梯),住家用,1110811.0,241.13,2,2,2,有,有,64580000,362942.0,坡道平面,81.38,6600000,銷售面積與登記面積產生的價差另行找補,RPQOMLMKRHHGFFA97DA,97.11,0.0,9.47,有,,
大安區,房地(土地+建物)+車位,雲和街１０１號六樓之２,27.95,住,,,1080912,土地1建物1車位1,六層,十二層,住宅大樓(11層含以上有電梯),住家用,1110811.0,200.92,2,2,2,有,有,60000000,353242.0,坡道平面,40.69,3400000,銷售面積與登記面積產生的價差另行找補，110.10.27轉讓，轉讓金額6250萬預售屋、或土地及建物分件登記案件；,RPRNMLQKRHHGFFA38DA,96.03,0.0,11.61,有,,
大安區,房地(土地+建物)+車位,雲和街１０１號二樓,27.95,住,,,1080914,土地1建物1車位1,二層,十二層,住宅大樓(11層含以上有電梯),住家用,1110811.0,200.92,3,2,2,有,有,59600000,352618.0,坡道平面,40.69,3100000,銷售面積與登記面積產生的價差另行找補,RPPPMLMKRHHGFFA97DA,96.03,0.0,11.61,有,591.0,
大安區,房地(土地+建物)+車位,雲和街１０１號十一樓之１,27.95,住,,,1080924,土地1建物1車位1,十一層,十二層,住宅大樓(11層含以上有電梯),住家用,1110811.0,200.92,3,2,2,有,有,61600000,366348.0,坡道平面,40.69,2900000,銷售面積與登記面積產生的價差另行找補,RPOQMLMKRHHGFFA97DA,96.03,0.0,11.61,有,,
大安區,房地(土地+建物)+車位,雲和街１０１號七樓之２,27.95,住,,,1080903,土地1建物1車位1,七層,十二層,住宅大樓(11層含以上有電梯),住家用,1110811.0,200.92,3,2,2,有,有,60380000,358110.0,坡道平面,40.69,3000000,銷售面積與登記面積產生的價差另行找補,RPTPMLMKRHHGFFA38DA,96.03,0.0,11.61,有,,
大安區,房地(土地+建物)+車位,雲和街１０１號九樓,31.87,住,,,1080916,土地1建物1車位1,九層,十二層,住宅大樓(11層含以上有電梯),住家用,1110811.0,218.4,0,0,0,無,有,69000000,370266.0,坡道平面,40.69,3200000,銷售面積與登記面積產生的價差另行找補,RPPOMLMKRHHGFFA87DA,109.52,0.0,8.22,有,,
大安區,房地(土地+建物)+車位,雲和街１０１號五樓,21.22,住,,,1080909,土地1建物1車位1,五層,十二層,住宅大樓(11層含以上有電梯),住家用,1110811.0,158.44,3,2,2,有,有,43500000,343949.0,坡道平面,40.69,3000000,銷售面積與登記面積產生的價差另行找補,RPVNMLMKRHHGFFA38DA,72.92,0.0,4.91,有,,
大安區,房地(土地+建物),雲和街１０１號六樓,21.22,住,,,1080928,土地1建物1車位0,六層,十二層,住宅大樓(11層含以上有電梯),住家用,1110811.0,117.75,3,2,2,有,有,40280000,342081.0,,0.0,0,銷售面積與登記面積產生的價差另行找補,RPWNMLMKRHHGFFA48DA,72.92,0.0,4.91,有,,
中山區,房地(土地+建物)+車位,建國北路二段５８號二十二樓,24.08,住,,,1080916,土地2建物1車位1,二十二層,二十三層,住宅大樓(11層含以上有電梯),住家用,1110621.0,279.78,0,0,3,有,有,64230000,247214.0,坡道平面,32.1,3000000,,RPUNMLRKIIHGFCA67DA,144.61,7.08,12.97,有,,
中山區,房地(土地+建物)+車位,建國北路二段６０號二十二樓,24.08,住,,,1080916,土地2建物1車位1,二十二層,二十三層,住宅大樓(11層含以上有電梯),住家用,1110621.0,279.78,0,0,2,有,有,64230000,247214.0,坡道平面,32.1,3000000,,SPUNMLRKIIHGFCA77DA,144.61,7.08,12.97,有,,
北投區,房地(土地+建物)+車位,三合街一段８２巷７１號三樓之６,17.81,住,,,1080908,土地1建物1車位1,三層,八層,華廈(10層含以下有電梯),住家用,1110729.0,119.09,2,2,1,有,有,15680000,177161.0,其他,39.05,1500000,1.新建案管理委員會籌組中2.民國108年11月21日由原承買戶讓渡〈原、現承買戶以1650萬予108年10月26日簽訂預售房地買賣契約〉預售屋、或土地及建物分件登記案件；,RPQOMLPJJIHGFEA37DA,44.28,2.54,3.98,有,,
內湖區,房地(土地+建物)+車位,內湖路二段２３５巷１６號四樓之３,69.06,住,,,1080908,土地3建物1車位1,四層,五層,華廈(10層含以下有電梯),住家用,1110722.0,139.39999999999998,2,2,1,有,有,25930000,223621.0,坡道平面,33.73,2300000,本案係信託財產 受託人:僑馥建築經理股份有限公司 委託人:璞慶建設股份有限公司、元通建設股份有限公司預售屋、或土地及建物分件登記案件；,RPPQMLRJJIHGFCA47DA,62.93,1.73,5.5,有,,
內湖區,房地(土地+建物)+車位,內湖路二段２３５巷２０號二樓之２,80.7,住,,,1080908,土地3建物1車位1,二層,五層,華廈(10層含以下有電梯),住家用,1110722.0,154.98000000000002,3,2,1,有,有,29000000,216633.0,坡道平面,31.73,2300000,本案係信託財產 受託人:僑馥建築經理股份有限公司 委託人:璞慶建設股份有限公司、元通建設股份有限公司 工程款增加 60295 元預售屋、或土地及建物分件登記案件；,RPQPMLRJJIHGFCA47DA,73.71,5.52,5.82,有,,
內湖區,房地(土地+建物)+車位,內湖路二段２３５巷２０號四樓之３,59.02,住,,,1080908,土地3建物1車位1,四層,五層,華廈(10層含以下有電梯),住家用,1110722.0,124.29,2,2,1,有,有,22530000,226701.0,坡道平面,33.73,2000000,本案係信託財產 受託人:僑馥建築經理股份有限公司 委託人:璞慶建設股份有限公司、元通建設股份有限公司 工程款增加 8586 元預售屋、或土地及建物分件登記案件；,RPVPMLRJJIHGFCA97DA,53.94,3.03,5.57,有,,
文山區,房地(土地+建物)+車位,指南路三段５７號六樓之６,21.69,住,,,1080902,土地1建物1車位1,六層,八層,華廈(10層含以下有電梯),住家用,1110913.0,123.27,2,1,1,有,有,15380000,153413.0,其他,30.84,1200000,預售屋、或土地及建物分件登記案件；,RPVNMLNLJIHGFAA47EA,45.74,9.5,3.07,有,,
大安區,房地(土地+建物)+車位,雲和街１０１號三樓之１,24.04,住,,,1080811,土地1建物1車位1,三層,十二層,住宅大樓(11層含以上有電梯),住家用,1110811.0,178.46,4,2,2,有,有,51500000,351310.0,坡道平面,40.69,3100000,銷售面積與登記面積產生的價差另行找補,RPQNMLSLRHHGFFA68EA,82.58,0.0,9.96,有,,
大安區,房地(土地+建物)+車位,雲和街１０１號五樓之１,24.04,住,,,1080804,土地1建物1車位1,五層,十二層,住宅大樓(11層含以上有電梯),住家用,1110811.0,178.46,3,2,2,有,有,52300000,357843.0,坡道平面,40.69,3000000,銷售面積與登記面積產生的價差另行找補,RPUOMLMKRHHGFFA38DA,82.58,0.0,9.96,有,,
大安區,房地(土地+建物)+車位,雲和街１０１號九樓之１,27.95,住,,,1080817,土地1建物1車位2,九層,十二層,住宅大樓(11層含以上有電梯),住家用,1110811.0,241.62,4,2,2,有,有,64680000,365577.0,坡道平面,81.38,6100000,銷售面積與登記面積產生的價差另行找補,RPVPMLMKRHHGFFA58DA,96.03,0.0,11.61,有,,
大安區,房地(土地+建物)+車位,雲和街１０１號八樓之２,27.95,住,,,1080803,土地1建物1車位1,八層,十二層,住宅大樓(11層含以上有電梯),住家用,1110811.0,200.92,2,2,2,有,有,61800000,365100.0,坡道平面,40.69,3300000,銷售面積與登記面積產生的價差另行找補,RPUPMLMKRHHGFFA48DA,96.03,0.0,11.61,有,,
中山區,房地(土地+建物)+車位,建國北路二段６０號九樓之１,18.93,住,,,1080823,土地2建物1車位1,九層,二十三層,住宅大樓(11層含以上有電梯),住家用,1110621.0,229.56,0,0,2,有,有,60700000,288666.0,坡道平面,32.1,3700000,預售屋、或土地及建物分件登記案件；,RPPOMLLJIIHGFCA56DA,113.41,6.66,12.32,有,,
中山區,房地(土地+建物)+車位,建國北路二段５８號九樓之１,18.93,住,,,1080823,土地2建物1車位1,九層,二十三層,住宅大樓(11層含以上有電梯),住家用,1110621.0,229.62,0,0,2,有,有,60700000,288578.0,坡道平面,32.1,3700000,預售屋、或土地及建物分件登記案件；,RPWNMLLJIIHGFCA17DA,113.45,6.66,12.32,有,,
大安區,房地(土地+建物)+車位,雲和街１０１號八樓,21.22,住,,,1080803,土地1建物1車位1,八層,十二層,住宅大樓(11層含以上有電梯),住家用,1110811.0,158.44,1,2,2,有,有,45900000,361783.0,坡道平面,40.69,3300000,銷售面積與登記面積產生的價差另行找補,RPOOMLMKRHHGFFA77DA,72.92,0.0,4.91,有,,
大安區,房地(土地+建物)+車位,雲和街１０１號十樓之１,27.95,住,,,1080811,土地1建物1車位1,十層,十二層,住宅大樓(11層含以上有電梯),住家用,1110811.0,200.92,4,2,2,有,有,61950000,366036.0,坡道平面,40.69,3300000,銷售面積與登記面積產生的價差另行找補,RPWPMLMKRHHGFFA68DA,96.03,0.0,11.61,有,,
大安區,房地(土地+建物)+車位,雲和街１０１號七樓,21.22,住,,,1080826,土地1建物1車位1,七層,十二層,住宅大樓(11層含以上有電梯),住家用,1110811.0,158.44,1,2,1,有,有,44200000,349894.0,坡道平面,40.69,3000000,銷售面積與登記面積產生的價差另行找補，111.6.13轉讓，總價不變,RPXNMLMKRHHGFFA58DA,72.92,0.0,4.91,有,,
大安區,房地(土地+建物)+車位,雲和街１０１號七樓之１,24.04,住,,,1080826,土地1建物1車位2,七層,十二層,住宅大樓(11層含以上有電梯),住家用,1110811.0,219.15,2,2,2,有,有,54650000,353125.0,坡道平面,81.38,6000000,銷售面積與登記面積產生的價差另行找補,RPWOMLMKRHHGFFA58DA,82.58,0.0,9.96,有,,
北投區,房地(土地+建物),三合街一段８２巷７１號六樓之６,17.67,住,,,1080814,土地1建物1車位0,六層,八層,華廈(10層含以下有電梯),住家用,1110729.0,80.03999999999999,2,2,1,有,有,14700000,183658.0,,0.0,0,新建案管委會籌組中預售屋、或土地及建物分件登記案件；,RPSPMLTKIIHGFEA08DA,44.28,2.54,3.98,有,,
北投區,房地(土地+建物)+車位,三合街一段８２巷７３號三樓之６,17.81,住,,,1080827,土地1建物1車位1,三層,八層,華廈(10層含以下有電梯),住家用,1110729.0,119.08,2,2,1,有,有,15600000,178683.0,其他,39.05,1300000,1.新建案管委會籌組中2.民國110年10月15日由原承買戶讓渡原.現承買人於民國110年9月25日以1848萬元正簽訂預售房地買賣契約預售屋、或土地及建物分件登記案件；,RPXPMLTKIIHGFEA58DA,44.27,2.54,3.98,有,,
北投區,房地(土地+建物),三合街一段８２巷７３號三樓之５,18.94,住,,,1080825,土地1建物1車位0,三層,八層,華廈(10層含以下有電梯),住家用,1110729.0,88.28999999999999,2,2,1,有,有,16600000,188017.0,,0.0,0,1.新建案管理委員會籌組中預售屋、或土地及建物分件登記案件；,RPROMLNLIIHGFEA37DA,47.47,4.29,4.29,有,,
北投區,房地(土地+建物),三合街一段８２巷７３號六樓之６,17.67,住,,,1080823,土地1建物1車位0,六層,八層,華廈(10層含以下有電梯),住家用,1110729.0,80.03,2,2,1,有,有,14510000,181307.0,,0.0,0,1.新建案管理委員會籌組中預售屋、或土地及建物分件登記案件；,RPVNMLKMIIHGFEA47DA,44.27,2.54,3.98,有,,
北投區,房地(土地+建物)+車位,三合街一段８２巷７１號五樓,20.07,住,,,1080830,土地1建物1車位1,五層,八層,華廈(10層含以下有電梯),住家用,1110729.0,136.09,3,2,1,有,有,19760000,196848.0,坡道平面,47.9,2400000,1.新建案管理委員會籌組中預售屋、或土地及建物分件登記案件；,RPUNMLKMIIHGFEA37DA,50.22,1.75,4.04,有,,
北投區,房地(土地+建物),三合街一段８２巷７１號五樓之６,17.67,住,,,1080804,土地1建物1車位0,五層,八層,華廈(10層含以下有電梯),住家用,1110729.0,80.03999999999999,2,2,1,有,有,14510000,181284.0,,0.0,0,1.新建案管理委員會籌組中預售屋、或土地及建物分件登記案件；,RPQNMLKMIIHGFEA96DA,44.28,2.54,3.98,有,,
北投區,房地(土地+建物)+車位,三合街一段８２巷７３號七樓,20.07,住,,,1080813,土地1建物1車位1,七層,八層,華廈(10層含以下有電梯),住家用,1110729.0,136.09,3,2,1,有,有,19970000,199229.0,坡道平面,47.9,2400000,1.新建案管理委員會籌組中2.民國111年6月9日由原承買戶讓渡預售屋、或土地及建物分件登記案件；,RPOOMLPJJIHGFEA17DA,50.22,1.75,4.04,有,,
內湖區,房地(土地+建物)+車位,內湖路二段２３５巷１６號五樓之３,69.06,住,,,1080807,土地3建物1車位1,五層,五層,華廈(10層含以下有電梯),住家用,1110722.0,139.39999999999998,1,2,1,有,有,27700000,238478.0,坡道平面,33.73,2500000,本案係信託財產 受託人:僑馥建築經理股份有限公司 委託人:璞慶建設股份有限公司、元通建設股份有限公司 工程款增加 5565 元預售屋、或土地及建物分件登記案件；,RPRQMLRJJIHGFCA67DA,62.93,1.73,5.5,有,,
內湖區,房地(土地+建物)+車位,內湖路二段２３５巷２０號三樓之２,80.7,住,,,1080811,土地3建物1車位1,三層,五層,華廈(10層含以下有電梯),住家用,1110722.0,156.97,3,2,1,有,有,30000000,220708.0,坡道平面,33.73,2800000,本案係信託財產 受託人:僑馥建築經理股份有限公司 委託人:璞慶建設股份有限公司、元通建設股份有限公司 工程款增加 101742 元預售屋、或土地及建物分件登記案件；,RPSPMLRJJIHGFCA67DA,73.71,5.52,5.82,有,,
內湖區,房地(土地+建物)+車位,內湖路二段２３５巷１６號二樓之５,56.61,住,,,1080831,土地3建物1車位1,二層,五層,華廈(10層含以下有電梯),住家用,1110722.0,121.18,1,2,1,有,有,20400000,206975.0,坡道平面,33.73,2300000,本案係信託財產 受託人:僑馥建築經理股份有限公司 委託人:璞慶建設股份有限公司、元通建設股份有限公司 工程款減少 35647 元預售屋、或土地及建物分件登記案件；,RPXPMLRJJIHGFCA18DA,51.44,2.22,4.94,有,,
大安區,房地(土地+建物)+車位,雲和街１０１號三樓,21.22,住,,,1080731,土地1建物1車位1,三層,十二層,住宅大樓(11層含以上有電梯),住家用,1110811.0,158.44,2,2,2,有,有,43000000,339703.0,坡道平面,40.69,3000000,110.8.12轉讓產權1/2，總價不變銷售面積與登記面積產生的價差，另行找補,RPSNMLMKRHHGFFA08DA,72.92,0.0,4.91,有,,
北投區,房地(土地+建物),三合街一段８２巷７３號二樓之２,18.94,住,,,1080713,土地1建物1車位0,二層,八層,華廈(10層含以下有電梯),住家用,1110729.0,88.28999999999999,2,2,1,有,有,16000000,181221.0,,0.0,0,1.新建案管理委員會籌組中預售屋、或土地及建物分件登記案件；,RPROMLKMIIHGFEA17DA,47.47,4.29,4.29,有,,
北投區,房地(土地+建物),三合街一段８２巷７１號七樓之６,17.67,住,,,1080725,土地1建物1車位0,七層,八層,華廈(10層含以下有電梯),住家用,1110729.0,80.03999999999999,2,2,1,有,有,14550000,181784.0,,0.0,0,1.新建案管理委員會籌組中預售屋、或土地及建物分件登記案件；,RPWNMLKMIIHGFEA57DA,44.28,2.54,3.98,有,,
北投區,房地(土地+建物)+車位,三合街一段８２巷７１號六樓之５,19.08,住,,,1080727,土地1建物1車位1,六層,八層,華廈(10層含以下有電梯),住家用,1110729.0,136.18,2,2,1,有,有,18300000,181808.0,坡道平面,47.9,2250000,1.新建案管委會籌組中預售屋、或土地及建物分件登記案件；,RPPNMLQJJIHGFEA27DA,47.47,4.29,4.29,有,,
北投區,房地(土地+建物)+車位,三合街一段８２巷７１號八樓之５,19.08,住,,,1080717,土地1建物1車位1,八層,八層,華廈(10層含以下有電梯),住家用,1110729.0,135.81,2,2,1,有,有,18800000,186554.0,坡道平面,47.9,2400000,1.新建案管理委員會籌組中2.民國110年2月18日由原承買戶讓渡預售屋、或土地及建物分件登記案件；,RPVOMLPJJIHGFEA87DA,47.47,4.07,4.29,有,,
北投區,房地(土地+建物)+車位,三合街一段８２巷７３號八樓,18.09,住,,,1080714,土地1建物1車位1,八層,八層,華廈(10層含以下有電梯),住家用,1110729.0,126.39,2,2,1,有,有,18650000,207033.0,坡道平面,47.9,2400000,1.新建案管委會籌組中預售屋、或土地及建物分件登記案件；,RPOOMLQJJIHGFEA27DA,45.05,0.0,4.77,有,,
北投區,房地(土地+建物)+車位,三合街一段８２巷７３號八樓之１,13.99,住,,,1080727,土地1建物1車位1,八層,八層,華廈(10層含以下有電梯),住家用,1110729.0,108.62,1,2,1,有,有,14930000,208004.0,坡道平面,47.9,2300000,1.新建案管委會籌組中預售屋、或土地及建物分件登記案件；,RPWNMLQJJIHGFEA97DA,34.97,0.0,3.58,有,,
北投區,房地(土地+建物),三合街一段８２巷７１號七樓之１,15.12,住,,,1080713,土地1建物1車位0,七層,八層,華廈(10層含以下有電梯),住家用,1110729.0,68.4,2,2,1,有,有,13560000,198246.0,,0.0,0,1.新建案管委會籌組中預售屋、或土地及建物分件登記案件；,RPOOMLRKJIHGFEA47DA,37.82,1.11,4.5,有,,
文山區,房地(土地+建物),指南路三段５７號二樓,21.15,住,,,1080717,土地1建物1車位0,二層,八層,華廈(10層含以下有電梯),住家用,1110913.0,90.4,2,1,1,有,有,13000000,143805.0,,0.0,0,預售屋、或土地及建物分件登記案件；,RPWNMLLJKIHGFAA27EA,44.23,9.59,3.24,有,,
士林區,房地(土地+建物)+車位,承德路四段８８號五樓之６,14.9,住,,,1080605,土地1建物1車位1,五層,十五層,住宅大樓(11層含以上有電梯),住家用,1110421.0,145.02,3,2,2,有,有,27500000,209424.0,升降機械,22.78,1900000,預售屋、或土地及建物分件登記案件；,RPTPMLLMQHHGFEA28DA,72.55,2.32,5.39,有,,
士林區,房地(土地+建物)+車位,承德路四段８８號十三樓,15.67,住,,,1080605,土地1建物1車位1,十三層,十五層,住宅大樓(11層含以上有電梯),住家用,1110421.0,156.58999999999995,2,2,1,有,有,31480000,230159.0,坡道機械,28.07,1900000,預售屋、或土地及建物分件登記案件；,RPORMLKMQHHGFEA87DA,71.81,4.11,8.46,有,,
北投區,房地(土地+建物)+車位,三合街一段８２巷７１號三樓之５,19.08,住,,,1080625,土地1建物1車位1,三層,八層,華廈(10層含以下有電梯),住家用,1110729.0,136.18,2,2,1,有,有,18200000,180675.0,坡道平面,47.9,2250000,民國111年1月22日由原承購戶讓渡預售屋、或土地及建物分件登記案件；,RPTPMLTKIIHGFEA18DA,47.47,4.29,4.29,有,,
北投區,房地(土地+建物),三合街一段８２巷７３號二樓,10.18,住,,,1080630,土地1建物1車位0,二層,八層,華廈(10層含以下有電梯),住家用,1110729.0,44.629999999999995,0,0,0,無,有,8800000,197177.0,,0.0,0,1.新建案管委會籌組中2.民國109年9月21日由原承買戶讓渡2/3預售屋、或土地及建物分件登記案件；,RPQQMLTKIIHGFEA97DA,25.71,0.0,2.6,有,,
北投區,房地(土地+建物)+車位,三合街一段８２巷７３號四樓之５,19.08,住,,,1080618,土地1建物1車位1,四層,八層,華廈(10層含以下有電梯),住家用,1110729.0,135.81,2,2,1,有,有,18550000,185986.0,坡道平面,47.9,2200000,1.新建案管委會籌組中預售屋、或土地及建物分件登記案件；,RPPQMLTKIIHGFEA87DA,47.47,4.07,4.29,有,,
北投區,房地(土地+建物)+車位,三合街一段８２巷７１號四樓之６,17.81,住,,,1080622,土地1建物1車位1,四層,八層,華廈(10層含以下有電梯),住家用,1110729.0,119.09,2,2,1,有,有,15500000,177411.0,其他,39.05,1300000,1.新建案管理委員會籌組中預售屋、或土地及建物分件登記案件；,RPOOMLNLIIHGFEA07DA,44.28,2.54,3.98,有,,
北投區,房地(土地+建物)+車位,三合街一段８２巷７３號四樓之２,21.06,住,,,1080624,土地1建物1車位1,四層,八層,華廈(10層含以下有電梯),住家用,1110729.0,140.51999999999998,2,2,1,有,有,20560000,194990.0,坡道平面,47.9,2500000,1.新建案管委會籌組中預售屋、或土地及建物分件登記案件；,RPRNMLQJJIHGFEA47DA,52.77,2.82,3.22,有,,
文山區,房地(土地+建物),指南路三段５７號六樓之７,10.13,住,,,1080606,土地1建物1車位0,六層,八層,華廈(10層含以下有電梯),住家用,1110913.0,43.39,1,1,1,有,有,7480000,172390.0,,0.0,0,預售屋、或土地及建物分件登記案件；,RPPOMLLJKIHGFAA66EA,20.85,3.83,2.73,有,,
北投區,房地(土地+建物)+車位,三合街一段８２巷７３號三樓之１,15.41,住,,,1080519,土地1建物1車位2,三層,八層,華廈(10層含以下有電梯),住家用,1110729.0,164.19,2,2,1,有,有,17450000,192280.0,其他,95.8,4300000,1.新建案管理委員會籌組中2.民國109年5月24日向原承買戶承買總價1350萬元整〈原承買戶未購買車位〉。109.11.27再向賣方購買車位一席價款210萬元整，111.6.13再向賣方購買車位一席價款220萬元整，預售屋、或土地及建物分件登記案件；,RPPOMLNLIIHGFEA17DA,37.82,1.11,4.5,有,,
北投區,房地(土地+建物)+車位,三合街一段８２巷７１號二樓之２,21.06,住,,,1080509,土地1建物1車位1,二層,八層,華廈(10層含以下有電梯),住家用,1110729.0,140.51999999999998,2,2,1,有,有,19180000,187648.0,其他,47.9,1800000,新建案管理委員會籌組中預售屋、或土地及建物分件登記案件；,RPPNMLNLIIHGFEA07DA,52.77,2.82,3.22,有,,
北投區,房地(土地+建物),三合街一段８２巷７３號二樓之１,11.31,住,,,1080504,土地1建物1車位0,二層,八層,華廈(10層含以下有電梯),住家用,1110729.0,50.35,1,2,1,有,有,9550000,189672.0,,0.0,0,1.新建案管理委員會籌組中2.民國111年4月6日由另原承買戶承買之1/2讓渡預售屋、或土地及建物分件登記案件；,RPRNMLNLIIHGFEA27DA,28.32,0.0,3.62,有,,
北投區,房地(土地+建物),三合街一段８２巷７１號八樓之１,13.85,住,,,1080526,土地1建物1車位0,八層,八層,華廈(10層含以下有電梯),住家用,1110729.0,60.72,1,2,1,有,有,12500000,205863.0,,0.0,0,1.新建案管理委員會籌組中預售屋、或土地及建物分件登記案件；,RPTPMLKMIIHGFEA47DA,34.97,0.0,3.58,有,,
北投區,房地(土地+建物)+車位,三合街一段８２巷７３號七樓之１,15.26,住,,,1080526,土地1建物1車位1,七層,八層,華廈(10層含以下有電梯),住家用,1110729.0,107.45,2,2,1,有,有,15000000,197368.0,其他,39.05,1500000,1.新建案管理委員會籌組中2.民國110年6月29日由原承買戶讓渡〈原、現承買人雙方於民國110年6月23日以＄1620萬元整簽訂預售房地買賣契約〉3.民國111年5月24日再由現承買戶讓渡1/2預售屋、或土地及建物分件登記案件；,RPQPMLLJJIHGFEA07DA,37.82,1.11,4.5,有,,
北投區,房地(土地+建物)+車位,三合街一段８２巷７１號七樓,20.07,住,,,1080511,土地1建物1車位1,七層,八層,華廈(10層含以下有電梯),住家用,1110729.0,136.09,3,2,1,有,有,20070000,199796.0,坡道平面,47.9,2450000,1.新建案管理委員會籌組中2.民國108年5月15日由原承買戶讓渡預售屋、或土地及建物分件登記案件；,RPRPMLPJJIHGFEA57DA,50.22,1.75,4.04,有,,
北投區,房地(土地+建物)+車位,三合街一段８２巷７３號八樓之５,19.08,住,,,1080526,土地1建物1車位1,八層,八層,華廈(10層含以下有電梯),住家用,1110729.0,135.81,2,2,1,有,有,19290000,192697.0,坡道平面,47.9,2350000,1.新建案管委會籌組中預售屋、或土地及建物分件登記案件；,RPUPMLPJJIHGFEA87DA,47.47,4.07,4.29,有,,
北投區,房地(土地+建物)+車位,三合街一段８２巷７３號七樓之５,19.08,住,,,1080511,土地1建物1車位1,七層,八層,華廈(10層含以下有電梯),住家用,1110729.0,136.18,2,2,1,有,有,19330000,192343.0,坡道平面,47.9,2350000,1.新建案管委會籌組中預售屋、或土地及建物分件登記案件；,RPVNMLPJJIHGFEA77DA,47.47,4.29,4.29,有,,
文山區,房地(土地+建物),指南路三段５７號六樓之１,8.45,住,,,1080505,土地1建物1車位0,六層,八層,華廈(10層含以下有電梯),住家用,1110913.0,36.129999999999995,1,1,1,有,有,6080000,168281.0,,0.0,0,預售屋、或土地及建物分件登記案件；,RPSNMLRKJIHGFAA47EA,20.13,1.58,1.1,有,,
北投區,房地(土地+建物)+車位,三合街一段８２巷７１號二樓之３,11.31,住,,,1080414,土地1建物1車位1,二層,八層,華廈(10層含以下有電梯),住家用,1110729.0,88.52000000000001,1,2,1,有,有,10460000,183141.0,其他,39.05,1400000,1.新建案管委會籌組中2.民國110年11月30日由原承買戶讓渡原.現承買人於民國110年11月22日以1168萬元正簽訂預售房地買賣契約預售屋、或土地及建物分件登記案件；,RPWPMLTKIIHGFEA48DA,27.92,0.0,3.5,有,,
北投區,房地(土地+建物),三合街一段８２巷７３號四樓之３,11.17,住,,,1080421,土地1建物1車位0,四層,八層,華廈(10層含以下有電梯),住家用,1110729.0,49.47,1,2,1,有,有,9530000,192642.0,,0.0,0,1.新建案管委會籌組中 2.民國110年9月24日由原承購戶讓渡原.現承買人於民國110年8月27日以1072萬元正簽訂預售屋承購權利買賣契約。預售屋、或土地及建物分件登記案件；,RPVOMLKLIIHGFEA47DA,27.92,0.0,3.5,有,,
北投區,房地(土地+建物)+車位,三合街一段８２巷７１號六樓之３,11.31,住,,,1080427,土地1建物1車位1,六層,八層,華廈(10層含以下有電梯),住家用,1110729.0,88.52000000000001,1,2,1,有,有,10600000,189003.0,其他,39.05,1250000,1.新建案管理委員會籌組中2.民國111年4月12日由原承買戶讓渡1/2預售屋、或土地及建物分件登記案件；,RPTNMLNLIIHGFEA47DA,27.92,0.0,3.5,有,,
北投區,房地(土地+建物),三合街一段８２巷７１號三樓之３,11.17,住,,,1080421,土地1建物1車位0,三層,八層,華廈(10層含以下有電梯),住家用,1110729.0,49.47,1,2,1,有,有,9270000,187386.0,,0.0,0,1.新建案管理委員會籌組中預售屋、或土地及建物分件登記案件；,RPSOMLNLIIHGFEA47DA,27.92,0.0,3.5,有,,
北投區,房地(土地+建物),三合街一段８２巷７１號五樓之３,11.17,住,,,1080422,土地1建物1車位0,五層,八層,華廈(10層含以下有電梯),住家用,1110729.0,49.47,1,2,1,有,有,9100000,183950.0,,0.0,0,1.新建案管理委員會籌組中預售屋、或土地及建物分件登記案件；,RPVNMLNLIIHGFEA67DA,27.92,0.0,3.5,有,,
北投區,房地(土地+建物)+車位,三合街一段８２巷７３號四樓之１,15.26,住,,,1080418,土地1建物1車位1,四層,八層,華廈(10層含以下有電梯),住家用,1110729.0,116.29,2,2,1,有,有,15200000,189355.0,坡道平面,47.9,2250000,1.新建案管理委員會籌組中預售屋、或土地及建物分件登記案件；,RPTOMLKMIIHGFEA37DA,37.82,1.11,4.5,有,,
中山區,房地(土地+建物)+車位,建國北路二段６０號三樓之１,18.93,住,,,1080424,土地2建物1車位1,三層,二十三層,住宅大樓(11層含以上有電梯),住家用,1110621.0,223.11,0,0,2,有,有,57200000,281137.0,坡道平面,32.1,3500000,預售屋、或土地及建物分件登記案件；,RPQOMLNLIIHGFCA07DA,113.54,0.0,12.32,有,,
北投區,房地(土地+建物)+車位,三合街一段８２巷７３號三樓之２,21.06,住,,,1080402,土地1建物1車位1,三層,八層,華廈(10層含以下有電梯),住家用,1110729.0,140.51999999999998,2,2,1,有,有,20140000,192615.0,坡道平面,47.9,2300000,1.新建案管理委員會籌組中2.民國109年3月19日由原承買戶讓渡預售屋、或土地及建物分件登記案件；,RPQNMLQJJIHGFEA37DA,52.77,2.82,3.22,有,,
北投區,房地(土地+建物),三合街一段８２巷７３號七樓之３,11.17,住,,,1080421,土地1建物1車位0,七層,八層,華廈(10層含以下有電梯),住家用,1110729.0,49.47,1,2,1,有,有,9740000,196887.0,,0.0,0,1.新建案管委會籌組中預售屋、或土地及建物分件登記案件；,RPSNMLQJJIHGFEA57DA,27.92,0.0,3.5,有,,
北投區,房地(土地+建物),三合街一段８２巷７１號八樓之３,11.17,住,,,1080428,土地1建物1車位0,八層,八層,華廈(10層含以下有電梯),住家用,1110729.0,49.47,1,2,1,有,有,9450000,191025.0,,0.0,0,1.新建案管理委員會籌組中2.民國111年6月1日由原承買戶讓渡預售屋、或土地及建物分件登記案件；,RPXOMLPJJIHGFEA08DA,27.92,0.0,3.5,有,,
北投區,房地(土地+建物)+車位,三合街一段８２巷７３號六樓之５,19.08,住,,,1080414,土地1建物1車位1,六層,八層,華廈(10層含以下有電梯),住家用,1110729.0,136.18,2,2,1,有,有,18880000,191210.0,坡道平面,47.9,2000000,1.新建案管委會籌組中預售屋、或土地及建物分件登記案件；,RPTPMLPJJIHGFEA77DA,47.47,4.29,4.29,有,,
北投區,房地(土地+建物),三合街一段８２巷７１號七樓之３,11.17,住,,,1080423,土地1建物1車位0,七層,八層,華廈(10層含以下有電梯),住家用,1110729.0,49.47,1,2,1,有,有,9360000,189206.0,,0.0,0,1.新建案管委會籌組中預售屋、或土地及建物分件登記案件；,RPSNMLPJJIHGFEA47DA,27.92,0.0,3.5,有,,
北投區,房地(土地+建物),三合街一段８２巷７１號六樓之１,15.12,住,,,1080402,土地1建物1車位0,六層,八層,華廈(10層含以下有電梯),住家用,1110729.0,68.4,2,2,1,有,有,13320000,194737.0,,0.0,0,1.新建案管委會籌組中預售屋、或土地及建物分件登記案件；,RPOPMLPJJIHGFEA27DA,37.82,1.11,4.5,有,,
文山區,房地(土地+建物),指南路三段５７號六樓之２,8.57,住,,,1080420,土地1建物1車位0,六層,八層,華廈(10層含以下有電梯),住家用,1110913.0,36.739999999999995,1,1,1,有,有,6230000,169570.0,,0.0,0,預售屋、或土地及建物分件登記案件；,RPQOMLRJKIHGFAA37EA,20.13,1.97,1.1,有,,
文山區,房地(土地+建物)+車位,指南路三段５７號五樓之１,8.51,住,,,1080423,土地1建物1車位1,五層,八層,華廈(10層含以下有電梯),住家用,1110913.0,66.97,1,1,1,有,有,7400000,166067.0,其他,30.84,1400000,111年9月23日購買車位預售屋、或土地及建物分件登記案件；,RPSOMLRJKIHGFAA57EA,20.13,1.58,1.1,有,,
北投區,房地(土地+建物)+車位,西安街二段２０３號八樓之２,19.28,住,,,1080316,土地1建物1車位1,八層,十五層,住宅大樓(11層含以上有電梯),住家用,1110106.0,165.25,3,2,2,有,有,30600000,211689.0,坡道平面,34.87,3000000,預售屋、或土地及建物分件登記案件；,RPVNMLNKIIHGFEA57DA,70.88,6.97,7.19,有,,
北投區,房地(土地+建物)+車位,三合街一段８２巷７１號七樓之２,21.06,住,,,1080301,土地1建物1車位1,七層,八層,華廈(10層含以下有電梯),住家用,1110729.0,140.51999999999998,2,2,1,有,有,20160000,194990.0,坡道平面,47.9,2100000,1.新建案管委會籌組中2.民國111年7月18日由原承買戶讓渡預售屋、或土地及建物分件登記案件；,RPVPMLTKIIHGFEA38DA,52.77,2.82,3.22,有,,
北投區,房地(土地+建物),三合街一段８２巷７３號八樓之３,11.17,住,,,1080308,土地1建物1車位0,八層,八層,華廈(10層含以下有電梯),住家用,1110729.0,49.47,1,2,1,有,有,9800000,198100.0,,0.0,0,1.新建案管理委員會籌組中2.民國111年4月6日由原承買戶讓渡原.現承買人於民國111年3月21日以1296萬元簽訂預售房地買賣契約預售屋、或土地及建物分件登記案件；,RPQNMLNLIIHGFEA17DA,27.92,0.0,3.5,有,,
北投區,房地(土地+建物),三合街一段８２巷７３號三樓之３,11.17,住,,,1080323,土地1建物1車位0,三層,八層,華廈(10層含以下有電梯),住家用,1110729.0,49.47,1,2,1,有,有,9380000,189610.0,,0.0,0,1.新建案管理委員會籌組中預售屋、或土地及建物分件登記案件；,RPQOMLNLIIHGFEA27DA,27.92,0.0,3.5,有,,
北投區,房地(土地+建物)+車位,三合街一段８２巷７１號六樓之２,21.06,住,,,1080324,土地1建物1車位1,六層,八層,華廈(10層含以下有電梯),住家用,1110729.0,140.51999999999998,2,2,1,有,有,20330000,194127.0,坡道平面,47.9,2350000,1.新建案管理委員會籌組中2.民國110年8月31日讓渡向原承買戶承買總價2435萬元整原.現承買戶於民國110年8月20簽訂預售房地買賣契約預售屋、或土地及建物分件登記案件；,RPSNMLNLIIHGFEA37DA,52.77,2.82,3.22,有,,
北投區,房地(土地+建物)+車位,三合街一段８２巷７１號三樓之２,21.06,住,,,1080301,土地1建物1車位1,三層,八層,華廈(10層含以下有電梯),住家用,1110729.0,140.51999999999998,2,2,1,有,有,19600000,188944.0,坡道平面,47.9,2100000,1.新建案管理委員會籌組中預售屋、或土地及建物分件登記案件；,RPSOMLKMIIHGFEA27DA,52.77,2.82,3.22,有,,
北投區,房地(土地+建物)+車位,三合街一段８２巷７１號五樓之２,21.06,住,,,1080301,土地1建物1車位1,五層,八層,華廈(10層含以下有電梯),住家用,1110729.0,140.51999999999998,2,2,1,有,有,19880000,191967.0,坡道平面,47.9,2100000,1.新建案管理委員會籌組中預售屋、或土地及建物分件登記案件；,RPWOMLKMIIHGFEA67DA,52.77,2.82,3.22,有,,
北投區,房地(土地+建物)+車位,三合街一段８２巷７１號八樓之２,17.81,住,,,1080324,土地1建物1車位1,八層,八層,華廈(10層含以下有電梯),住家用,1110729.0,130.68,2,2,1,有,有,18810000,198236.0,坡道平面,47.9,2400000,1.新建案管理委員會籌組中預售屋、或土地及建物分件登記案件；,RPPOMLKMIIHGFEA96DA,44.07,1.03,7.43,有,,
北投區,房地(土地+建物)+車位,三合街一段８２巷７３號八樓之２,17.81,住,,,1080324,土地1建物1車位1,八層,八層,華廈(10層含以下有電梯),住家用,1110729.0,130.68,2,2,1,有,有,19110000,201256.0,坡道平面,47.9,2450000,1.新建案管理委員會籌組中預售屋、或土地及建物分件登記案件；,RPPPMLKMIIHGFEA07DA,44.07,1.03,7.43,有,,
北投區,房地(土地+建物)+車位,三合街一段８２巷７１號八樓,18.09,住,,,1080324,土地1建物1車位1,八層,八層,華廈(10層含以下有電梯),住家用,1110729.0,126.39,2,2,1,有,有,18680000,207415.0,坡道平面,47.9,2400000,1.新建案管理委員會籌組中預售屋、或土地及建物分件登記案件；,RPOPMLKMIIHGFEA96DA,45.05,0.0,4.77,有,,
北投區,房地(土地+建物),三合街一段８２巷７３號六樓之３,11.17,住,,,1080306,土地1建物1車位0,六層,八層,華廈(10層含以下有電梯),住家用,1110729.0,49.47,1,2,1,有,有,9650000,195068.0,,0.0,0,1.新建案管理委員會籌組中預售屋、或土地及建物分件登記案件；,RPTNMLKMIIHGFEA27DA,27.92,0.0,3.5,有,,
北投區,房地(土地+建物),三合街一段８２巷７１號四樓之３,11.17,住,,,1080303,土地1建物1車位0,四層,八層,華廈(10層含以下有電梯),住家用,1110729.0,49.47,1,2,1,有,有,9200000,185971.0,,0.0,0,1.新建案管委會籌組中預售屋、或土地及建物分件登記案件；,RPPNMLPJJIHGFEA17DA,27.92,0.0,3.5,有,,
北投區,房地(土地+建物),三合街一段８２巷７１號五樓之１,15.12,住,,,1080323,土地1建物1車位0,五層,八層,華廈(10層含以下有電梯),住家用,1110729.0,68.4,2,2,1,有,有,13310000,194591.0,,0.0,0,1.新建案管理委員會籌組中2.民國109年3月25日由原承買戶讓渡〈原、現承買戶以1388萬於民國109年3月8日簽訂預售屋權利讓渡契約〉預售屋、或土地及建物分件登記案件；,RPUOMLPJJIHGFEA77DA,37.82,1.11,4.5,有,,
北投區,房地(土地+建物)+車位,三合街一段８２巷７１號四樓之１,15.26,住,,,1080310,土地1建物1車位1,四層,八層,華廈(10層含以下有電梯),住家用,1110729.0,107.45,2,2,1,有,有,14660000,192398.0,其他,39.05,1500000,1.新建案管委會籌組中預售屋、或土地及建物分件登記案件；,RPRNMLPJJIHGFEA37DA,37.82,1.11,4.5,有,,
北投區,房地(土地+建物)+車位,三合街一段８２巷７１號二樓之１,15.26,住,,,1080306,土地1建物1車位1,二層,八層,華廈(10層含以下有電梯),住家用,1110729.0,107.45,2,2,1,有,有,14460000,189474.0,其他,39.05,1500000,1.新建案管委會籌組中預售屋、或土地及建物分件登記案件；,RPTOMLPJJIHGFEA67DA,37.82,1.11,4.5,有,,
北投區,房地(土地+建物)+車位,三合街一段８２巷７３號五樓之１,15.26,住,,,1080302,土地1建物1車位1,五層,八層,華廈(10層含以下有電梯),住家用,1110729.0,107.45,2,2,1,有,有,14580000,189766.0,其他,39.05,1600000,1.新建案管委會籌組中預售屋、或土地及建物分件登記案件；,RPUNMLQJJIHGFEA77DA,37.82,1.11,4.5,有,,
北投區,房地(土地+建物),三合街一段８２巷７３號五樓之５,18.94,住,,,1080323,土地1建物1車位0,五層,八層,華廈(10層含以下有電梯),住家用,1110729.0,87.91,2,2,1,有,有,16680000,189740.0,,0.0,0,1.新建案管委會籌組中預售屋、或土地及建物分件登記案件；,RPUNMLPJJIHGFEA67DA,47.47,4.07,4.29,有,,
北投區,房地(土地+建物)+車位,三合街一段８２巷７１號四樓之２,21.06,住,,,1080301,土地1建物1車位1,四層,八層,華廈(10層含以下有電梯),住家用,1110729.0,140.51999999999998,2,2,1,有,有,19660000,190132.0,坡道平面,47.9,2050000,1.新建案管委會籌組中預售屋、或土地及建物分件登記案件；,RPQNMLPJJIHGFEA27DA,52.77,2.82,3.22,有,,
北投區,房地(土地+建物)+車位,三合街一段８２巷７３號五樓之２,21.06,住,,,1080304,土地1建物1車位1,五層,八層,華廈(10層含以下有電梯),住家用,1110729.0,140.51999999999998,2,2,1,有,有,20480000,195746.0,坡道平面,47.9,2350000,1.新建案管委會籌組中預售屋、或土地及建物分件登記案件；,RPWNMLPJJIHGFEA87DA,52.77,2.82,3.22,有,,
北投區,房地(土地+建物)+車位,三合街一段８２巷７３號六樓之２,21.06,住,,,1080324,土地1建物1車位1,六層,八層,華廈(10層含以下有電梯),住家用,1110729.0,140.51999999999998,2,2,1,有,有,20800000,198121.0,坡道平面,47.9,2450000,1.新建案管委會籌組中預售屋、或土地及建物分件登記案件；,RPTNMLQJJIHGFEA67DA,52.77,2.82,3.22,有,,
北投區,房地(土地+建物)+車位,三合街一段８２巷７３號六樓之１,15.26,住,,,1080327,土地1建物1車位1,六層,八層,華廈(10層含以下有電梯),住家用,1110729.0,107.45,2,2,1,有,有,14750000,192251.0,其他,39.05,1600000,1.新建案管委會籌組中預售屋、或土地及建物分件登記案件；,RPVNMLQJJIHGFEA87DA,37.82,1.11,4.5,有,,
北投區,房地(土地+建物)+車位,三合街一段８２巷７３號六樓,20.07,住,,,1080330,土地1建物1車位1,六層,八層,華廈(10層含以下有電梯),住家用,1110729.0,136.09,3,2,1,有,有,19380000,195374.0,坡道平面,47.9,2150000,1.新建案管委會籌組中預售屋、或土地及建物分件登記案件；,RPXNMLPJJIHGFEA97DA,50.22,1.75,4.04,有,,
北投區,房地(土地+建物),三合街一段８２巷７３號五樓之３,11.17,住,,,1080323,土地1建物1車位0,五層,八層,華廈(10層含以下有電梯),住家用,1110729.0,49.47,1,2,1,有,有,9480000,191631.0,,0.0,0,1.新建案管委會籌組中預售屋、或土地及建物分件登記案件；,RPPOMLRKJIHGFEA57DA,27.92,0.0,3.5,有,,
文山區,房地(土地+建物),指南路三段５７號五樓之２,19.53,住,,,1080318,土地1建物1車位0,五層,八層,華廈(10層含以下有電梯),住家用,1110913.0,83.68,2,2,1,有,有,13500000,161329.0,,0.0,0,預售屋、或土地及建物分件登記案件；,RPXNMLLJKIHGFAA37EA,45.84,4.81,2.19,有,,
士林區,房地(土地+建物)+車位,承德路四段８８號十一樓,15.67,住,,,1080219,土地1建物1車位1,十一層,十五層,住宅大樓(11層含以上有電梯),住家用,1110421.0,151.3,2,2,1,有,有,29080000,216931.0,升降機械,22.78,1200000,預售屋、或土地及建物分件登記案件；,RPRQMLKMQHHGFEA08DA,71.81,4.11,8.46,有,1854.0,
北投區,房地(土地+建物)+車位,三合街一段８２巷７１號三樓之１,15.26,住,,,1080224,土地1建物1車位1,三層,八層,華廈(10層含以下有電梯),住家用,1110729.0,116.29,2,2,1,有,有,14800000,185700.0,其他,47.9,2100000,1.新建案管理委員會籌組中2.民國109年6月24日由原承買戶以1530萬元整讓售預售屋、或土地及建物分件登記案件；,RPUOMLQLIIHGFEA97DA,37.82,1.11,4.5,有,,
北投區,房地(土地+建物)+車位,三合街一段８２巷７１號三樓,20.07,住,,,1080223,土地1建物1車位1,三層,八層,華廈(10層含以下有電梯),住家用,1110729.0,136.09,3,2,1,有,有,19300000,191632.0,坡道平面,47.9,2400000,1.新建案管理委員會籌組中2.民國111年2月28日由原承買戶讓渡預售屋、或土地及建物分件登記案件；,RPSPMLKMIIHGFEA37DA,50.22,1.75,4.04,有,,
北投區,房地(土地+建物)+車位,三合街一段８２巷７３號三樓,20.07,住,,,1080223,土地1建物1車位1,三層,八層,華廈(10層含以下有電梯),住家用,1110729.0,136.09,3,2,1,有,有,19180000,190271.0,坡道平面,47.9,2400000,1.新建案管理委員會籌組中2.民國108年5月20日由原承買戶讓渡預售屋、或土地及建物分件登記案件；,RPPOMLPJJIHGFEA27DA,50.22,1.75,4.04,有,,
北投區,房地(土地+建物)+車位,三合街一段８２巷７１號六樓,20.07,住,,,1080222,土地1建物1車位1,六層,八層,華廈(10層含以下有電梯),住家用,1110729.0,136.09,3,2,1,有,有,19800000,196734.0,坡道平面,47.9,2450000,1.新建案管理委員會籌組中2.民國109年6月1日由原承買戶讓渡預售屋、或土地及建物分件登記案件；,RPQPMLPJJIHGFEA47DA,50.22,1.75,4.04,有,,
文山區,房地(土地+建物),指南路三段５７號三樓之３,10.96,住,,,1080228,土地1建物1車位0,三層,八層,華廈(10層含以下有電梯),住家用,1110913.0,46.95,1,1,1,有,有,7400000,157614.0,,0.0,0,預售屋、或土地及建物分件登記案件；,RPROMLRJKIHGFAA47EA,25.71,2.84,1.1,有,,
士林區,房地(土地+建物),承德路四段８８號四樓之７,9.78,住,,,1071201,土地1建物1車位0,四層,十五層,住宅大樓(11層含以上有電梯),住家用,1110421.0,80.33,2,2,1,有,有,17580000,218847.0,,0.0,0,預售屋、或土地及建物分件登記案件；,RPQQMLLMQHHGFEA08DA,47.61,2.48,2.65,有,,
內湖區,房地(土地+建物)+車位,民權東路六段２８９巷３１號,61.8,住,,,1071208,土地1建物1車位2,一層,五層,華廈(10層含以下有電梯),住家用,1101007.0,188.22,3,2,2,有,有,32080000,232794.0,坡道平面,69.66,4480000,庭院面積25.08坪,RPQQMLSKIIHGFCA67DA,70.04,5.09,9.31,有,,
士林區,房地(土地+建物),承德路四段８８號三樓之６,9.78,住,,,1071108,土地1建物1車位0,三層,十五層,住宅大樓(11層含以上有電梯),住家用,1110421.0,80.33,2,2,1,有,有,17600000,219096.0,,0.0,0,預售屋、或土地及建物分件登記案件；,SPVPMLLMQHHGFEA58DA,47.61,2.48,2.65,有,,
士林區,房地(土地+建物)+車位,承德路四段８８號三樓之５,14.9,住,,,1071108,土地1建物1車位1,三層,十五層,住宅大樓(11層含以上有電梯),住家用,1110421.0,150.32,3,2,2,有,有,28580000,218241.0,坡道機械,28.07,1900000,預售屋、或土地及建物分件登記案件；,RPVPMLLMQHHGFEA48DA,72.55,2.32,5.39,有,,
士林區,房地(土地+建物)+車位,承德路四段８８號六樓之７,9.8,住,,,1071006,土地1建物1車位1,六層,十五層,住宅大樓(11層含以上有電梯),住家用,1110421.0,103.11,2,2,1,有,有,19000000,216606.0,升降機械,22.78,1600000,預售屋、或土地及建物分件登記案件；,RPTQMLLMQHHGFEA38DA,47.61,2.48,2.65,有,,
士林區,房地(土地+建物)+車位,承德路四段８８號十四樓之６,15.24,住,,,1071010,土地1建物1車位1,十四層,十五層,住宅大樓(11層含以上有電梯),住家用,1110421.0,153.12,3,2,2,有,有,30880000,232547.0,升降機械,28.07,1800000,預售屋、或土地及建物分件登記案件；,RPPOMLRJRHHGFEA18DA,74.36,2.17,5.57,有,,
中山區,房地(土地+建物)+車位,建國北路二段５８號十一樓之１,18.89,住,,,1071002,土地2建物1車位1,十一層,二十三層,住宅大樓(11層含以上有電梯),住家用,1110621.0,231.04,0,0,2,有,有,61050000,288278.0,坡道平面,32.1,3700000,預售屋、或土地及建物分件登記案件；,RPUOMLMLJIHGFCA47DA,113.32,8.28,12.32,有,,
士林區,房地(土地+建物)+車位,承德路四段８８號五樓之７,9.8,住,,,1070901,土地1建物1車位1,五層,十五層,住宅大樓(11層含以上有電梯),住家用,1110421.0,103.11,2,2,1,有,有,19800000,227810.0,升降機械,22.78,1500000,預售屋、或土地及建物分件登記案件；,RPSQMLLMQHHGFEA28DA,47.61,2.48,2.65,有,,
士林區,房地(土地+建物),承德路四段８８號六樓之１,8.77,住,,,1070929,土地1建物1車位0,六層,十五層,住宅大樓(11層含以上有電梯),住家用,1110421.0,71.97999999999999,2,2,1,有,有,16680000,231731.0,,0.0,0,預售屋、或土地及建物分件登記案件；,RPRNMLLMQHHGFEA87DA,42.6,2.66,2.0,有,,
士林區,房地(土地+建物)+車位,承德路四段８８號八樓,15.67,住,,,1070922,土地1建物1車位1,八層,十五層,住宅大樓(11層含以上有電梯),住家用,1110421.0,156.58999999999995,2,2,1,有,有,31080000,224712.0,坡道機械,28.07,2200000,預售屋、或土地及建物分件登記案件；,RPRNMLQLRHHGFEA38DA,71.81,4.11,8.46,有,,
中山區,房地(土地+建物)+車位,建國北路二段６０號八樓之１,18.91,住,,,1070914,土地2建物1車位1,八層,二十三層,住宅大樓(11層含以上有電梯),住家用,1110621.0,229.56,0,0,2,有,有,58500000,278537.0,坡道平面,32.1,3500000,預售屋、或土地及建物分件登記案件；,RPPNMLRKIIHGFCA17DA,113.41,6.66,12.32,有,,
士林區,房地(土地+建物),承德路四段８８號十二樓之７,6.52,住,,,1070816,土地1建物1車位0,十二層,十五層,住宅大樓(11層含以上有電梯),住家用,1110421.0,53.57,2,2,1,有,有,12780000,238566.0,,0.0,0,預售屋、或土地及建物分件登記案件；,RPXQMLLMQHHGFEA78DA,31.21,1.22,2.74,有,,
士林區,房地(土地+建物)+車位,承德路四段８８號十三樓之７,6.54,住,,,1070806,土地1建物1車位1,十三層,十五層,住宅大樓(11層含以上有電梯),住家用,1110421.0,76.35,2,2,1,有,有,12960000,213926.0,升降機械,22.78,1500000,預售屋、或土地及建物分件登記案件；,RPORMLLMQHHGFEA97DA,31.21,1.22,2.74,有,,
士林區,房地(土地+建物),承德路四段８８號十五樓之１,7.98,住,,,1070805,土地1建物1車位0,十五層,十五層,住宅大樓(11層含以上有電梯),住家用,1110421.0,65.5,2,2,1,有,有,15800000,241221.0,,0.0,0,預售屋、或土地及建物分件登記案件；,RPPOMLLMQHHGFEA77DA,38.94,2.06,2.0,有,,
士林區,房地(土地+建物)+車位,承德路四段８８號十五樓,15.67,住,,,1070820,土地1建物1車位1,十五層,十五層,住宅大樓(11層含以上有電梯),住家用,1110421.0,156.58999999999995,2,2,1,有,有,32700000,235605.0,坡道機械,28.07,2420000,預售屋、或土地及建物分件登記案件；,RPRRMLKMQHHGFEA18DA,71.81,4.11,8.46,有,,
士林區,房地(土地+建物),承德路四段８８號十四樓之７,6.52,住,,,1070809,土地1建物1車位0,十四層,十五層,住宅大樓(11層含以上有電梯),住家用,1110421.0,53.57,2,2,1,有,有,12880000,240433.0,,0.0,0,預售屋、或土地及建物分件登記案件；,RPSOMLRJRHHGFEA48DA,31.21,1.22,2.74,有,,
士林區,房地(土地+建物),承德路四段８８號三樓之１,8.77,住,,,1070702,土地1建物1車位0,三層,十五層,住宅大樓(11層含以上有電梯),住家用,1110421.0,71.97999999999999,2,2,1,有,有,16380000,227563.0,,0.0,0,預售屋、或土地及建物分件登記案件；,RPSRMLKMQHHGFEA28DA,42.6,2.66,2.0,有,,
士林區,房地(土地+建物),承德路四段８８號七樓之７,6.52,住,,,1070712,土地1建物1車位0,七層,十五層,住宅大樓(11層含以上有電梯),住家用,1110421.0,53.57,2,2,1,有,有,12520000,233713.0,,0.0,0,預售屋、或土地及建物分件登記案件；,RPRNMLQJRHHGFEA18DA,31.21,1.22,2.74,有,,
士林區,房地(土地+建物),承德路四段８８號五樓之１,8.77,住,,,1070712,土地1建物1車位0,五層,十五層,住宅大樓(11層含以上有電梯),住家用,1110421.0,71.97999999999999,2,2,1,有,有,16550000,229925.0,,0.0,0,預售屋、或土地及建物分件登記案件；,RPVRMLKMQHHGFEA58DA,42.6,2.66,2.0,有,,
士林區,房地(土地+建物)+車位,承德路四段８８號五樓之３,10.64,住,,,1070719,土地1建物1車位1,五層,十五層,住宅大樓(11層含以上有電梯),住家用,1110421.0,109.99,2,2,1,有,有,21260000,225433.0,升降機械,22.78,1600000,預售屋、或土地及建物分件登記案件；,RPTOMLLMQHHGFEA18DA,52.92,2.32,2.02,有,,
士林區,房地(土地+建物)+車位,承德路四段８８號十樓,15.67,住,,,1070724,土地1建物1車位1,十層,十五層,住宅大樓(11層含以上有電梯),住家用,1110421.0,156.58999999999995,2,2,1,有,有,31280000,226268.0,坡道機械,28.07,2200000,預售屋、或土地及建物分件登記案件；,RPXNMLNKRHHGFEA58DA,71.81,4.11,8.46,有,,
大同區,房地(土地+建物),重慶北路三段２０３之３號十二樓之５,5.86,住,,,1070712,土地2建物1車位0,十二層,十二層,住宅大樓(11層含以上有電梯),住家用,1090728.0,47.57,0,0,0,無,有,13120000,275804.0,,0.0,0,,RPRPMLSKQHHGFBA28DA,25.16,1.85,1.85,有,,
大同區,房地(土地+建物),重慶北路三段２０３之３號十二樓之１,5.85,住,,,1070703,土地2建物1車位0,十二層,十二層,住宅大樓(11層含以上有電梯),住家用,1090728.0,47.47,0,0,0,無,有,13120000,276385.0,,0.0,0,,RPWSMLPKQHHGFBA78DA,25.1,1.85,1.85,有,,
大同區,房地(土地+建物),重慶北路三段２０３之３號十二樓之３,5.86,住,,,1070713,土地2建物1車位0,十二層,十二層,住宅大樓(11層含以上有電梯),住家用,1090728.0,47.57,0,0,0,無,有,13120000,275804.0,,0.0,0,,RPQPMLSKQHHGFBA18DA,25.16,1.85,1.85,有,,
中山區,房地(土地+建物)+車位,建國北路二段６０號十一樓之１,18.93,住,,,1070723,土地2建物1車位1,十一層,二十三層,住宅大樓(11層含以上有電梯),住家用,1110621.0,226.74,0,0,2,有,有,60500000,287322.0,坡道平面,27.66,3300000,預售屋、或土地及建物分件登記案件；,RPXNMLLJIIHGFCA27DA,113.41,8.28,12.32,有,,
中山區,房地(土地+建物)+車位,建國北路二段５８號十六樓之１,18.89,住,,,1070730,土地2建物1車位1,十六層,二十三層,住宅大樓(11層含以上有電梯),住家用,1110621.0,229.42,0,0,2,有,有,69600000,332455.0,坡道平面,32.1,4000000,預售屋、或土地及建物分件登記案件；,RPPNMLKLIIHGFCA56DA,113.32,6.66,12.32,有,,
士林區,房地(土地+建物)+車位,承德路四段８８號九樓之５,14.79,住,,,1070621,土地1建物1車位1,九層,十五層,住宅大樓(11層含以上有電梯),住家用,1110421.0,174.0,3,2,2,有,有,30300000,225266.0,坡道平面,52.81,3000000,預售屋、或土地及建物分件登記案件；,RPXOMLLMQHHGFEA58DA,73.0,2.49,4.08,有,,
中山區,房地(土地+建物)+車位,建國北路二段６０號六樓之１,18.93,住,,,1070614,土地2建物1車位1,六層,二十三層,住宅大樓(11層含以上有電梯),住家用,1110621.0,230.49,0,0,2,有,有,57580000,273603.0,坡道平面,32.1,3300000,預售屋、或土地及建物分件登記案件；,RPRNMLRKIIHGFCA37DA,113.54,7.38,12.32,有,,
中山區,房地(土地+建物)+車位,建國北路二段６０號十八樓,24.26,住,,,1070609,土地2建物1車位2,十八層,二十三層,住宅大樓(11層含以上有電梯),住家用,1110621.0,313.08000000000004,0,0,2,有,有,91160000,335744.0,坡道平面,64.2,7600000,預售屋、或土地及建物分件登記案件；,RPRNMLQJJIHGFCA27DA,144.61,8.28,12.97,有,,
士林區,房地(土地+建物),承德路四段８８號三樓,15.65,住,,,1070511,土地1建物1車位0,三層,十五層,住宅大樓(11層含以上有電梯),住家用,1110421.0,128.51999999999998,2,2,1,有,有,28000000,217865.0,,0.0,0,預售屋、或土地及建物分件登記案件；,RPROMLQJRHHGFEA28DA,71.81,4.11,8.46,有,,
士林區,房地(土地+建物),承德路四段８８號十五樓之７,6.55,住,,,1070503,土地1建物1車位0,十五層,十五層,住宅大樓(11層含以上有電梯),住家用,1110421.0,53.75,2,2,1,有,有,13120000,244093.0,,0.0,0,預售屋、或土地及建物分件登記案件；,RPQRMLLMQHHGFEA18DA,31.33,1.22,2.74,有,,
士林區,房地(土地+建物)+車位,承德路四段８８號十五樓之３,11.34,住,,,1070508,土地1建物1車位1,十五層,十五層,住宅大樓(11層含以上有電梯),住家用,1110421.0,115.8,2,2,1,有,有,23100000,232208.0,升降機械,22.78,1500000,預售屋、或土地及建物分件登記案件；,RPUOMLLMQHHGFEA28DA,55.97,3.08,2.02,有,,
士林區,房地(土地+建物),承德路四段８８號十四樓之１,7.98,住,,,1070530,土地1建物1車位0,十四層,十五層,住宅大樓(11層含以上有電梯),住家用,1110421.0,65.5,2,2,1,有,有,16000000,244275.0,,0.0,0,預售屋、或土地及建物分件登記案件；,RPOOMLLMQHHGFEA67DA,38.94,2.06,2.0,有,,
士林區,房地(土地+建物),承德路四段８８號十三樓之１,7.98,住,,,1070505,土地1建物1車位0,十三層,十五層,住宅大樓(11層含以上有電梯),住家用,1110421.0,65.5,2,2,1,有,有,15820000,241527.0,,0.0,0,預售屋、或土地及建物分件登記案件；,RPXNMLLMQHHGFEA48DA,38.94,2.06,2.0,有,1166.0,
士林區,房地(土地+建物)+車位,承德路四段８８號五樓之２,12.11,住,,,1070513,土地1建物1車位1,五層,十五層,住宅大樓(11層含以上有電梯),住家用,1110421.0,122.1,2,2,1,有,有,23500000,221506.0,升降機械,22.78,1500000,,RPQOMLLMQHHGFEA87DA,59.93,3.26,2.02,有,,
士林區,房地(土地+建物),承德路四段８８號七樓之１,7.98,住,,,1070418,土地1建物1車位0,七層,十五層,住宅大樓(11層含以上有電梯),住家用,1110421.0,65.5,2,2,1,有,有,15400000,235115.0,,0.0,0,預售屋、或土地及建物分件登記案件；,RPXNMLQJRHHGFEA78DA,38.94,2.06,2.0,有,,
士林區,房地(土地+建物)+車位,承德路四段８８號十五樓之６,12.2,住,,,1070424,土地1建物1車位1,十五層,十五層,住宅大樓(11層含以上有電梯),住家用,1110421.0,128.17000000000002,3,2,2,有,有,25680000,238561.0,坡道機械,28.07,1800000,預售屋、或土地及建物分件登記案件；,RPWNMLQJRHHGFEA68DA,61.56,0.0,4.16,有,,
士林區,房地(土地+建物),承德路四段８８號八樓之１,7.98,住,,,1070426,土地1建物1車位0,八層,十五層,住宅大樓(11層含以上有電梯),住家用,1110421.0,65.5,2,2,1,有,有,15450000,235878.0,,0.0,0,預售屋、或土地及建物分件登記案件；,RPTNMLLMQHHGFEA08DA,38.94,2.06,2.0,有,,
士林區,房地(土地+建物)+車位,承德路四段８８號四樓之１,8.78,住,,,1070416,土地1建物1車位1,四層,十五層,住宅大樓(11層含以上有電梯),住家用,1110421.0,94.76,2,2,1,有,有,16450000,209780.0,升降機械,22.78,1350000,預售屋、或土地及建物分件登記案件；,RPURMLKMQHHGFEA48DA,42.6,2.66,2.0,有,,
士林區,房地(土地+建物),承德路四段８８號八樓之７,6.52,住,,,1070426,土地1建物1車位0,八層,十五層,住宅大樓(11層含以上有電梯),住家用,1110421.0,53.57,2,2,1,有,有,12650000,236140.0,,0.0,0,預售屋、或土地及建物分件登記案件；,RPOOMLRJRHHGFEA08DA,31.21,1.22,2.74,有,,
士林區,房地(土地+建物)+車位,承德路四段８８號三樓之２,10.64,住,,,1070420,土地1建物1車位1,三層,十五層,住宅大樓(11層含以上有電梯),住家用,1110421.0,115.29,2,2,1,有,有,21750000,227012.0,坡道機械,28.07,1950000,預售屋、或土地及建物分件登記案件；,RPTOMLMKRHHGFEA18DA,52.92,2.32,2.02,有,,
士林區,房地(土地+建物)+車位,承德路四段８８號十樓之１,7.99,住,,,1070430,土地1建物1車位1,十層,十五層,住宅大樓(11層含以上有電梯),住家用,1110421.0,88.27000000000001,2,2,1,有,有,16750000,232860.0,升降機械,22.78,1500000,預售屋、或土地及建物分件登記案件；,RPQOMLNKRHHGFEA97DA,38.94,2.06,2.0,有,,
中山區,房地(土地+建物)+車位,建國北路二段５８號十七樓之１,18.89,住,,,1070426,土地2建物1車位1,十七層,二十三層,住宅大樓(11層含以上有電梯),住家用,1110621.0,231.04,0,0,2,有,有,68500000,325224.0,坡道平面,32.1,3800000,預售屋、或土地及建物分件登記案件；,RPSOMLMJIIHGFCA96DA,113.32,8.28,12.32,有,,
士林區,房地(土地+建物),承德路四段８８號九樓之７,6.52,住,,,1070317,土地1建物1車位0,九層,十五層,住宅大樓(11層含以上有電梯),住家用,1110421.0,53.57,2,2,1,有,有,12800000,238940.0,,0.0,0,預售屋、或土地及建物分件登記案件；,RPVQMLLMQHHGFEA58DA,31.21,1.22,2.74,有,,
士林區,房地(土地+建物),承德路四段８８號九樓之１,7.98,住,,,1070322,土地1建物1車位0,九層,十五層,住宅大樓(11層含以上有電梯),住家用,1110421.0,65.5,2,2,1,有,有,15560000,237557.0,,0.0,0,預售屋、或土地及建物分件登記案件；,RPUNMLLMQHHGFEA18DA,38.94,2.06,2.0,有,,
士林區,房地(土地+建物),承德路四段８８號十二樓之１,7.98,住,,,1070324,土地1建物1車位0,十二層,十五層,住宅大樓(11層含以上有電梯),住家用,1110421.0,65.5,2,2,1,有,有,15820000,241527.0,,0.0,0,預售屋、或土地及建物分件登記案件；,RPROMLRJRHHGFEA38DA,38.94,2.06,2.0,有,,
士林區,房地(土地+建物)+車位,承德路四段８８號三樓之３,15.63,住,,,1070326,土地1建物1車位1,三層,十五層,住宅大樓(11層含以上有電梯),住家用,1110421.0,156.26,3,2,2,有,有,31000000,225447.0,坡道機械,28.07,2100000,預售屋、或土地及建物分件登記案件；,RPVOMLLMQHHGFEA38DA,75.58,3.48,5.1,有,,
士林區,房地(土地+建物)+車位,承德路四段８８號四樓之６,14.9,住,,,1070124,土地1建物1車位1,四層,十五層,住宅大樓(11層含以上有電梯),住家用,1110421.0,145.02,3,2,2,有,有,27980000,217850.0,升降機械,22.78,1350000,預售屋、或土地及建物分件登記案件；,RPSPMLLMQHHGFEA18DA,72.55,2.32,5.39,有,,
