鄉鎮市區,交易標的,土地位置建物門牌,土地移轉總面積平方公尺,都市土地使用分區,非都市土地使用分區,非都市土地使用編定,交易年月日,交易筆棟數,移轉層次,總樓層數,建物型態,主要用途,建築完成年月,建物移轉總面積平方公尺,建物現況格局-房,建物現況格局-廳,建物現況格局-衛,建物現況格局-隔間,有無管理組織,總價元,單價元平方公尺,車位類別,車位移轉總面積平方公尺,車位總價元,備註,編號,主建物面積,附屬建物面積,陽台面積,電梯,移轉編號,屋齡
北投區,房地(土地+建物)+車位,關渡路４６號八樓,34.62,住,,,1110802,土地2建物1車位4,八層,二十七層,住宅大樓(11層含以上有電梯),住家用,1010810.0,339.77,4,2,3,有,有,60180000,177120.0,坡道機械,91.0,0,外牆挑空補板陽台外推；其他增建；,RPXOMLSJQHHGFEA98DA,138.94,13.32,18.15,有,2.0,10.0
南港區,房地(土地+建物),南港路二段８６巷９弄７號二樓,7.67,住,,,1110802,土地2建物1車位0,二層,五層,公寓(5樓含以下無電梯),住家用,730211.0,19.88,4,2,2,有,無,3800000,191147.0,,0.0,0,,RPWNMLMKQHHGFDA28EA,15.61,0.0,3.53,無,,38.0
文山區,房地(土地+建物),指南路三段２６號六樓之１,11.48,住,,,1110804,土地1建物1車位0,六層,十層,華廈(10層含以下有電梯),住家用,970508.0,43.01,1,1,1,有,有,8820000,205069.0,,0.0,0,,RPVNMLOJQHHGFAA87DA,24.69,0.0,3.51,有,9.0,14.0
內湖區,房地(土地+建物)+車位,內湖路一段９１巷５７號六樓之３,18.54,住,,,1110802,土地1建物1車位1,六層,十一層,住宅大樓(11層含以上有電梯),住家用,921205.0,97.34,2,1,1,有,有,16800000,172591.0,坡道機械,19.07,0,夾層；,RPTNMLQKQHHGFCA18DA,51.86,1.12,4.75,有,11.0,19.0
北投區,房地(土地+建物),石牌路一段１６６巷１１１號五樓,19.0,住,,,1110801,土地2建物1車位0,五層,五層,公寓(5樓含以下無電梯),住家用,691205.0,65.19,1,1,1,有,無,12900000,197883.0,,0.0,0,頂樓加蓋；,RPUOMLPKQHHGFEA48DA,48.91,11.44,4.84,無,15.0,42.0
士林區,房地(土地+建物)+車位,中山北路五段６９８巷１６號六樓,35.64,住,,,1110808,土地1建物1車位2,六層,八層,華廈(10層含以下有電梯),住家用,911105.0,253.34,3,2,2,有,有,43000000,169732.0,升降平面,0.0,5000000,陽台外推；,RPPPMLRKQHHGFEA38EA,95.61,3.98,6.1,有,21.0,20.0
大安區,房地(土地+建物),復興南路二段３２９號十八樓之２,15.97,住,,,1110802,土地2建物1車位0,十八層,十八層,住宅大樓(11層含以上有電梯),住家用,760519.0,141.29,3,3,3,有,有,41000000,290183.0,,0.0,0,,RPQNMLSKQHHGFFA38DA,85.99,0.0,25.9,有,,35.0
士林區,房地(土地+建物)+車位,中山北路七段２１８之８號,130.35,住,,,1110803,土地1建物1車位2,全,四層,透天厝,住家用,860910.0,316.43,4,3,5,有,有,69580000,219891.0,坡道平面,0.0,0,陽台外推；夾層；,RPPNMLTKQHHGFEA38EA,159.42,38.88,23.3,無,,25.0
中山區,房地(土地+建物)+車位,南京東路三段８９巷２７弄８號三樓,18.38,住,,,1110803,土地1建物1車位1,三層,十層,華廈(10層含以下有電梯),住家用,1061002.0,137.8,3,2,2,有,有,34880000,345995.0,坡道平面,45.66,3000000,夾層；,RPUNMLTKQHHGFCA58DA,51.68,7.06,3.54,有,39.0,5.0
北投區,房地(土地+建物),懷德街８４巷８號,23.46,住,,,1110808,土地1建物1車位0,一層,五層,公寓(5樓含以下無電梯),住家用,670621.0,83.08,2,2,1,有,無,20500000,246750.0,,0.0,0,其他增建；,RPPPMLNLQHHGFEA97DA,69.16,7.7,0.0,無,,44.0
文山區,房地(土地+建物),萬壽路６２之６號五樓,20.17,住,,,1110803,土地1建物1車位0,五層,五層,華廈(10層含以下有電梯),住家用,961023.0,41.96,1,0,1,有,有,5880000,140133.0,,0.0,0,其他增建；,RPVPMLPKQHHGFAA28DA,22.18,0.0,4.24,有,49.0,15.0
信義區,房地(土地+建物)+車位,信義路五段９１巷１２弄１號七樓之５,20.37,住,,,1110809,土地1建物1車位1,七層,七層,華廈(10層含以下有電梯),住家用,971224.0,117.1,2,2,1,有,有,31000000,264731.0,坡道平面,0.0,0,陽台外推；,RPSOMLOLQHHGFDA28EA,37.9,2.45,4.3,有,53.0,14.0
松山區,房地(土地+建物),民權東路三段１４０巷９號六樓之３,25.05,住,,,1110801,土地1建物1車位0,六層,七層,華廈(10層含以下有電梯),住家用,691107.0,173.08999999999995,2,3,2,有,有,39200000,226472.0,,0.0,0,陽台外推；其他增建；,RPSPMLPKQHHGFDA28DA,132.16,0.0,19.07,有,65.0,42.0
中山區,房地(土地+建物),松江路１６０巷１７號四樓,40.88,住,,,1110801,土地1建物1車位0,四層,四層,公寓(5樓含以下無電梯),住家用,630109.0,118.93,3,2,2,有,無,25600000,215253.0,,0.0,0,頂樓加蓋；,RPWOMLQKOHHGFCA48EA,102.13,0.0,16.8,無,,49.0
松山區,房地(土地+建物),寧安街９巷４號四樓,44.98,住,,,1110807,土地1建物1車位0,四層，陽臺,四層,公寓(5樓含以下無電梯),住家用,,146.28,4,2,2,有,無,29500000,201668.0,,0.0,0,頂樓加蓋；,RPSOMLPLQHHGFDA38EA,146.28,0.0,0.0,無,,
信義區,房地(土地+建物),吳興街６００巷６０號五樓,12.5,住,,,1110806,土地1建物1車位0,五層,七層,華廈(10層含以下有電梯),住家用,1100503.0,50.709999999999994,1,1,1,有,有,17080000,336817.0,,0.0,0,,RPTNMLOLQHHGFDA18DA,27.08,1.53,2.29,有,,1.0
內湖區,房地(土地+建物),麗山街６２巷１８弄７號四樓,41.21,住,,,1110804,土地1建物1車位0,四層,四層,公寓(5樓含以下無電梯),住家用,661209.0,95.04,3,2,1,有,無,14520000,152778.0,,0.0,0,頂樓加蓋；,RPXOMLQKOHHGFCA58EA,82.12,0.0,12.92,無,,45.0
北投區,房地(土地+建物)+車位,石牌路二段３１３號十二樓,30.06,住,,,1110809,土地1建物1車位1,十二層,十四層,住宅大樓(11層含以上有電梯),住家用,1101027.0,196.23,3,2,2,有,無,45750000,233145.0,坡道平面,42.89,0,,RPQNMLQLQHHGFEA18DA,92.46,3.07,9.71,有,,1.0
萬華區,房地(土地+建物)+車位,中華路二段４１６巷５２號十四樓,44.95,住,,,1110802,土地1建物1車位1,十四層,十四層,住宅大樓(11層含以上有電梯),住家用,1020702.0,173.74,3,2,2,有,有,33600000,193392.0,坡道平面,0.0,0,,RPXNMLSKQHHGFBA68DA,95.98,0.0,11.66,有,88.0,9.0
文山區,房地(土地+建物)+車位,福興路１０６巷２８弄１號二樓之２,16.93,住,,,1110813,土地2建物1車位1,二層,十三層,住宅大樓(11層含以上有電梯),住家用,981202.0,110.91,2,2,1,有,有,15100000,176241.0,坡道平面,36.58,2000000,,RPXNMLTLQHHGFAA78DA,44.44,2.33,3.92,有,,13.0
松山區,房地(土地+建物),南京東路五段２５０巷２弄１２之１號,40.14,住,,,1110810,土地1建物1車位0,一層，平台,六層,華廈(10層含以下有電梯),住家用,650609.0,178.88,2,1,1,有,無,46500000,259951.0,,0.0,0,其他增建；,RPPQMLTLQHHGFDA58DA,178.88,0.0,0.0,有,90.0,46.0
內湖區,房地(土地+建物)+車位,新富街１６０號二樓,51.22,住,,,1110805,土地1建物1車位2,二層,十四層,住宅大樓(11層含以上有電梯),住家用,1010601.0,348.35,4,2,4,有,有,69000000,198077.0,坡道平面,0.0,0,,RPXOMLSKQHHGFCA88DA,161.97,2.0,18.6,有,,10.0
萬華區,房地(土地+建物),長順街１４巷１弄１９號四樓,20.64,住,,,1110812,土地1建物1車位0,四層,五層,公寓(5樓含以下無電梯),住家用,561129.0,53.5,2,1,1,有,無,5100000,95327.0,,0.0,0,,RPUNMLTLQHHGFBA68EA,46.64,0.0,6.86,無,,55.0
南港區,房地(土地+建物),南深路３３號五樓之１０,12.84,住,,,1110821,土地1建物1車位0,五層,十層,華廈(10層含以下有電梯),住家用,880316.0,36.83,0,0,0,無,有,5650000,153408.0,,0.0,0,,RPPPMLLJQHHGFDA57EA,24.62,0.0,3.88,有,,23.0
內湖區,房地(土地+建物)+車位,民權東路六段４０９號三樓之２,24.11,住,,,1110807,土地1建物1車位1,三層,十三層,住宅大樓(11層含以上有電梯),住家用,940914.0,142.14999999999998,3,2,2,有,有,30800000,262134.0,坡道平面,34.19,2500000,,RPOPMLQLQHHGFCA97DA,69.3,0.0,7.22,有,,17.0
松山區,房地(土地+建物),民族東路６６８巷２弄１２號二樓,39.0,住,,,1110802,土地1建物1車位0,二層,四層,公寓(5樓含以下無電梯),住家用,600615.0,103.25,2,2,2,有,無,18750000,181598.0,,0.0,0,,RPPNMLRLQHHGFDA08DA,88.82,0.0,14.43,無,92.0,51.0
文山區,房地(土地+建物)+車位,政大二街２１５巷８號四樓,72.23,住,,,1110814,土地1建物1車位1,四層,九層,華廈(10層含以下有電梯),住家用,920609.0,139.65,3,2,2,有,有,15500000,110992.0,坡道平面,0.0,0,陽台外推；,RPQOMLNLQHHGFAA57DA,77.0,0.0,8.05,有,94.0,19.0
中山區,房地(土地+建物),新生北路三段６１號二樓之４,15.14,住,,,1110805,土地4建物1車位0,二層,九層,華廈(10層含以下有電梯),住家用,650907.0,106.5,2,1,1,有,有,22000000,206573.0,,0.0,0,,RPPPMLKMQHHGFCA67EA,74.55,0.0,17.15,有,96.0,46.0
南港區,房地(土地+建物),中坡南路３１巷８號二樓,22.88,住,,,1110818,土地1建物1車位0,二層,六層,華廈(10層含以下有電梯),住家用,1090731.0,81.11,0,0,0,無,有,22300000,274935.0,,0.0,0,,RPXOMLKMQHHGFDA48EA,42.55,0.0,13.38,有,,2.0
萬華區,房地(土地+建物),青年路１０６巷８號,19.88,住,,,1110801,土地2建物1車位0,一層，騎樓,五層,公寓(5樓含以下無電梯),住家用,640403.0,51.81,0,0,0,無,無,9000000,173712.0,,0.0,0,平台增建其他增建；,RPQNMLLJQHHGFBA17DA,51.81,0.0,0.0,無,98.0,47.0
文山區,房地(土地+建物),興隆路三段２２１巷６弄７號,53.28,住,,,1110816,土地3建物1車位0,一層,五層,公寓(5樓含以下無電梯),住家用,690910.0,91.89,2,2,1,有,無,16000000,174121.0,,0.0,0,,RPSOMLTLQHHGFAA38DA,77.34,14.55,0.0,無,,42.0
大安區,房地(土地+建物),大安路一段８３巷１２號二樓,4.19,住,,,1110816,土地1建物1車位0,二層，陽臺,六層,華廈(10層含以下有電梯),住家用,,18.87,4,2,2,有,有,4870000,258082.0,,0.0,0,,RPUNMLKMQHHGFFA28EA,18.88,0.0,0.0,有,101.0,
信義區,房地(土地+建物)+車位,忠孝東路五段３４５巷８號十一樓,38.03,住,,,1110814,土地1建物1車位2,十一層,十四層,住宅大樓(11層含以上有電梯),住家用,980508.0,321.49,3,2,2,有,有,82500000,256618.0,升降平面,0.0,0,陽台外推；,RPRQMLTLQHHGFDA88EA,109.45,8.41,28.2,有,,13.0
中正區,房地(土地+建物),水源路４３號七樓之１,24.58,住,,,1110803,土地1建物1車位0,七層,十三層,住宅大樓(11層含以上有電梯),住家用,911202.0,122.63,3,2,2,有,有,23000000,187556.0,,0.0,0,,RPQOMLOLQHHGFAA67DA,80.57,0.0,9.01,有,,20.0
文山區,房地(土地+建物),辛亥路五段７４號三樓,17.43,住,,,1110807,土地1建物1車位0,四層,六層,公寓(5樓含以下無電梯),住家用,720210.0,78.99,3,1,1,有,無,9250000,117103.0,,0.0,0,,RPXOMLOLQHHGFAA38DA,66.98,0.0,12.01,無,,39.0
北投區,房地(土地+建物)+車位,東華街一段３８２號五樓之３,24.87,住,,,1110801,土地1建物1車位1,五層,十一層,住宅大樓(11層含以上有電梯),住家用,1040630.0,161.32,2,2,2,有,有,32180000,199479.0,坡道平面,44.19,0,,RPPNMLSKQHHGFEA18DA,63.62,6.46,9.25,有,104.0,7.0
士林區,房地(土地+建物)+車位,承德路四段２７７巷３６號五樓之２,18.86,住,,,1110812,土地1建物1車位1,五層,八層,華廈(10層含以下有電梯),住家用,951116.0,84.13,2,2,1,有,有,18180000,216094.0,坡道機械,0.0,0,其他增建；,RPUOMLQLQHHGFEA68DA,45.68,1.7,3.69,有,,16.0
南港區,房地(土地+建物),玉成街１６２號三樓,34.0,住,,,1110812,土地1建物1車位0,三層，陽臺,三層,公寓(5樓含以下無電梯),住家用,,71.76,4,1,1,有,無,14250000,198579.0,,0.0,0,,RPUPMLLJQHHGFDA08EA,71.76,0.0,0.0,無,,
松山區,房地(土地+建物),民權東路三段１０３巷１９號二樓之１,13.01,住,,,1110808,土地1建物1車位0,二層,五層,華廈(10層含以下有電梯),住家用,840526.0,38.23,1,1,1,有,有,8000000,209260.0,,0.0,0,,RPXOMLPLQHHGFDA78DA,25.64,0.0,3.01,有,110.0,27.0
信義區,房地(土地+建物),吳興街３９４巷１９號四樓,23.86,住,,,1110808,土地1建物1車位0,四層,四層,公寓(5樓含以下無電梯),住家用,671026.0,59.88,4,3,2,有,無,13600000,227121.0,,0.0,0,陽台外推；頂樓加蓋；,RPOPMLTLQHHGFDA38DA,59.88,0.0,0.0,無,,44.0
士林區,房地(土地+建物),承德路四段４０巷７３號二樓之１２,11.67,住,,,1110811,土地1建物1車位0,一層,五層,公寓(5樓含以下無電梯),住家用,591008.0,35.6,2,1,1,有,有,4600000,129213.0,,0.0,0,,RPQNMLLMQHHGFEA87EA,32.4,3.2,0.0,無,,52.0
松山區,房地(土地+建物)+車位,敦化北路１４５巷２３弄５號五樓之１,15.75,住,,,1110808,土地1建物1車位1,五層,七層,華廈(10層含以下有電梯),住家用,1100315.0,87.03,1,1,1,有,有,32200000,369987.0,升降平面,18.75,0,,RPQNMLMJRHHGFDA57DA,33.12,0.0,3.31,有,,1.0
大安區,房地(土地+建物),仁愛路四段４０６之１號三樓,16.58,住,,,1110807,土地1建物1車位0,三層,十四層,住宅大樓(11層含以上有電梯),住家用,690325.0,145.21,4,2,3,有,有,52000000,358102.0,,0.0,0,,RPSNMLKMQHHGFFA08EA,114.08,0.0,14.63,有,,42.0
文山區,房地(土地+建物),恆光街５１巷３２號五樓,14.4,住,,,1110802,土地1建物1車位0,五層,六層,華廈(10層含以下有電梯),住家用,800902.0,52.5,1,1,1,有,無,8650000,164762.0,,0.0,0,其他增建；,RPTNMLTKQHHGFAA28DA,39.97,1.76,3.6,有,,31.0
文山區,房地(土地+建物),仙岩路１６巷５１弄４號三樓,36.15,住,,,1110801,土地3建物1車位0,三層,四層,公寓(5樓含以下無電梯),住家用,680315.0,104.02,3,1,2,有,無,15000000,144203.0,,0.0,0,,RPQNMLMJRHHGFAA37EA,90.55,0.0,13.47,無,,43.0
文山區,房地(土地+建物),興隆路一段５５巷２７弄３５號五樓,13.82,住,,,1110808,土地1建物1車位0,五層,七層,華廈(10層含以下有電梯),住家用,660315.0,57.48,3,2,2,有,有,9150000,159186.0,,0.0,0,,RPXOMLLJRHHGFAA08EA,50.43,0.0,7.05,有,118.0,45.0
中山區,房地(土地+建物),龍江路３９４巷２０號五樓,23.37,住,,,1110804,土地1建物1車位0,五層,五層,公寓(5樓含以下無電梯),住家用,710918.0,89.33,3,2,2,有,無,15300000,171275.0,,0.0,0,頂樓加蓋；,RPUOMLLJRHHGFCA97EA,77.34,0.0,11.99,無,,40.0
內湖區,房地(土地+建物),文德路６６巷３８弄１２號五樓,53.91,住,,,1110808,土地1建物1車位0,五層,七層,華廈(10層含以下有電梯),住家用,730131.0,138.76,3,2,2,有,有,28000000,201787.0,,0.0,0,陽台外推；含租約；,RPXPMLLMQHHGFCA48DA,99.85,0.0,11.97,有,,39.0
中山區,房地(土地+建物),松江路３６２巷４２號五樓之６,14.47,住,,,1110804,土地1建物1車位0,五層,七層,華廈(10層含以下有電梯),住家用,701201.0,69.53,1,2,1,有,有,14380000,206817.0,,0.0,0,陽台外推；,RPOQMLLJRHHGFCA47DA,47.31,0.0,7.58,有,,41.0
文山區,房地(土地+建物),辛亥路五段９１號四樓,18.43,住,,,1110809,土地3建物1車位0,四層,七層,華廈(10層含以下有電梯),住家用,720818.0,105.39,3,1,2,有,有,12350000,117184.0,,0.0,0,,RPTNMLTJQHHGFAA18DA,78.85,0.0,9.4,有,,39.0
文山區,房地(土地+建物)+車位,政大三街２１巷１２號二樓,63.05,住,,,1110808,土地1建物1車位1,二層，電梯樓梯間,五層,華廈(10層含以下有電梯),住家用,851217.0,147.19,1,2,1,有,有,21500000,146070.0,坡道平面,0.0,2000000,陽台外推；其他增建；,RPWNMLTLQHHGFAA68DA,73.97,16.53,8.62,有,,26.0
中山區,房地(土地+建物),遼寧街２１１號十三樓之３,18.32,住,,,1110816,土地1建物1車位0,十三層,十五層,住宅大樓(11層含以上有電梯),住家用,750609.0,97.98,3,2,1,有,有,22500000,229639.0,,0.0,0,,RPQQMLLMQHHGFCA87DA,76.34,0.0,6.1,有,,36.0
文山區,房地(土地+建物)+車位,萬壽路５６號三樓,66.59,住,,,1110815,土地1建物1車位1,三層，四層,五層,華廈(10層含以下有電梯),住家用,1071225.0,163.56,3,2,2,有,有,25585000,178987.0,升降機械,27.88,1300000,,RPPOMLMJRHHGFAA37EA,77.75,4.57,9.05,有,,4.0
大安區,房地(土地+建物),樂業街１０８巷３２號三樓,36.65,住,,,1110802,土地2建物1車位0,三層,五層,公寓(5樓含以下無電梯),住家用,710113.0,129.12,3,2,2,有,無,24500000,189746.0,,0.0,0,其他增建；,RPTOMLTKQHHGFFA88DA,101.91,0.0,27.21,無,,41.0
內湖區,房地(土地+建物)+車位,麗山街１０５巷２３號十二樓,53.97,住,,,1110805,土地3建物1車位4,十二層,十三層,住宅大樓(11層含以上有電梯),住家用,1070522.0,392.12,4,2,4,有,有,72280000,238483.0,坡道平面,136.42,11300000,,RPPPMLMLQHHGFCA67DA,126.04,16.77,10.71,有,132.0,4.0
萬華區,房地(土地+建物),萬大路４２３巷２０弄６號二樓,29.5,住,,,1110801,土地2建物1車位0,二層,四層,公寓(5樓含以下無電梯),住家用,671123.0,81.3,3,2,1,有,無,12000000,147601.0,,0.0,0,,RPTNMLPJRHHGFBA08EA,67.11,0.0,14.19,無,,44.0
內湖區,房地(土地+建物)+車位,民權東路六段２８０巷９６之１號三樓,22.13,住,,,1110805,土地1建物1車位1,三層,十三層,住宅大樓(11層含以上有電梯),住家用,830314.0,134.82999999999998,2,2,1,有,有,25500000,189127.0,坡道平面,0.0,0,陽台外推；其他增建；,RPUNMLKMQHHGFCA87DA,104.43,2.07,8.21,有,,28.0
松山區,房地(土地+建物)+車位,三民路１８號九樓之２,21.49,住,,,1110817,土地1建物1車位1,九層,十一層,住宅大樓(11層含以上有電梯),住家用,1030530.0,133.9,2,2,1,有,有,36070000,269380.0,升降機械,0.0,0,,RPTNMLLJRHHGFDA87EA,66.53,6.5,3.2,有,137.0,8.0
萬華區,房地(土地+建物),桂林路２４６巷４６號三樓,23.25,住,,,1110824,土地2建物1車位0,三層,四層,公寓(5樓含以下無電梯),住家用,630517.0,66.59,2,1,1,有,無,7000000,105121.0,,0.0,0,,RPPOMLPJRHHGFBA77EA,57.74,0.0,8.85,無,,48.0
士林區,房地(土地+建物),天玉街５號二樓,32.78,住,,,1110806,土地1建物1車位0,二層,七層,華廈(10層含以下有電梯),住家用,751111.0,176.06,4,2,2,有,無,32500000,184596.0,,0.0,0,後陽台外推陽台外推；,RPQQMLLJRHHGFEA87DA,131.48,0.0,35.27,有,,36.0
大安區,房地(土地+建物)+車位,永康街８５巷５號,11.74,住,,,1110801,土地2建物1車位1,一層,七層,華廈(10層含以下有電梯),住家用,960702.0,50.77,2,2,1,有,有,19500000,384085.0,塔式車位,16.04,0,夾層；,RPQNMLNLQHHGFFA97DA,26.14,0.0,0.0,有,,15.0
內湖區,房地(土地+建物),內湖路二段１０３巷１２６號六樓,40.81,住,,,1110815,土地2建物1車位0,五層，六層，七層,七層,華廈(10層含以下有電梯),住家用,741217.0,179.49,7,4,5,有,有,39000000,217282.0,,0.0,0,頂樓加蓋；其他增建；,RPTNMLOJRHHGFCA97DA,127.05,0.0,16.45,有,,37.0
內湖區,房地(土地+建物),瑞光路２５３巷１６號,28.4,住,,,1110809,土地1建物1車位0,一層,七層,華廈(10層含以下有電梯),住家用,730210.0,85.42,3,2,2,有,有,22700000,265746.0,,0.0,0,其他增建；,RPUNMLOLQHHGFCA18DA,58.38,4.95,0.0,有,,38.0
中山區,房地(土地+建物),龍江路２８８號八樓之３,7.47,住,,,1110820,土地1建物1車位0,八層,八層,華廈(10層含以下有電梯),住家用,890302.0,36.77,0,0,0,無,有,9080000,246940.0,,0.0,0,陽台外推；,RPWNMLPJRHHGFCA48EA,20.97,1.47,2.33,有,,22.0
大安區,房地(土地+建物)+車位,敦化南路二段５６號十一樓之２,23.74,住,,,1110818,土地2建物1車位1,十一層,二十一層,住宅大樓(11層含以上有電梯),住家用,710113.0,314.05,3,2,2,有,有,100000000,370963.0,坡道平面,57.96,5000000,,RPPNMLPJRHHGFFA08EA,260.33,0.0,16.93,有,,41.0
文山區,房地(土地+建物),溪口街８７之３號四樓,26.28,住,,,1110803,土地5建物1車位0,四層,四層,公寓(5樓含以下無電梯),住家用,621102.0,62.62,3,1,1,有,無,10380000,165762.0,,0.0,0,其他增建；,RPPNMLQJRHHGFAA57DA,62.62,0.0,0.0,無,,49.0
士林區,房地(土地+建物),福華路１６５巷１１號四樓,29.25,住,,,1110808,土地1建物1車位0,四層，陽臺,四層,公寓(5樓含以下無電梯),住家用,650603.0,83.97,2,2,1,有,無,16880000,201024.0,,0.0,0,其他增建；,RPQOMLPKQHHGFEA08DA,83.97,0.0,0.0,無,,46.0
松山區,房地(土地+建物)+車位,復興北路４２７巷２５號四樓之３,6.99,住,,,1110816,土地1建物1車位1,四層,十一層,住宅大樓(11層含以上有電梯),住家用,971013.0,43.08,1,1,1,有,有,10100000,272152.0,塔式車位,11.47,1500000,陽台外推；其他增建；,RPUQMLQJRHHGFDA68DA,15.24,1.83,2.1,有,,14.0
士林區,房地(土地+建物),德行東路１３２巷３弄５號三樓,33.29,住,,,1110820,土地5建物1車位0,三層,五層,公寓(5樓含以下無電梯),住家用,710428.0,81.55,3,2,2,有,無,14200000,174126.0,,0.0,0,陽台外推；,RPTNMLQJRHHGFEA48EA,74.84,0.04,6.68,無,,40.0
北投區,房地(土地+建物),新民路１巷８號六樓之８,10.58,住,,,1110828,土地2建物1車位0,六層,七層,華廈(10層含以下有電梯),住家用,690805.0,50.33,1,1,1,有,有,5650000,112259.0,,0.0,0,,RPRPMLQJRHHGFEA38DA,39.34,0.0,4.2,有,,42.0
內湖區,房地(土地+建物),內湖路一段７３７巷２１號四樓,23.77,住,,,1110830,土地1建物1車位0,四層,五層,公寓(5樓含以下無電梯),住家用,700105.0,94.75,3,2,1,有,無,14200000,149868.0,,0.0,0,,RPROMLQJRHHGFCA18EA,82.0,0.0,12.75,無,,42.0
萬華區,房地(土地+建物),中華路二段５２０號十樓,16.78,住,,,1110806,土地1建物1車位0,十層,十二層,住宅大樓(11層含以上有電梯),住家用,680403.0,59.84,2,1,1,有,有,12250000,204713.0,,0.0,0,陽台外推；,RPSOMLPJRHHGFBA97DA,52.57,0.0,7.27,有,,43.0
大安區,房地(土地+建物),大安路一段２３號七樓,24.96,住,,,1110807,土地1建物1車位0,七層,七層,華廈(10層含以下有電梯),住家用,720323.0,122.67,3,2,2,有,無,34000000,277166.0,,0.0,0,陽台外推；,RPXNMLQJRHHGFFA98EA,103.02,0.0,13.66,有,,39.0
士林區,房地(土地+建物),福港街２１０巷１７弄２１號四樓,35.76,住,,,1110806,土地1建物1車位0,四層,五層,公寓(5樓含以下無電梯),住家用,740709.0,114.8,4,2,2,有,無,15180000,132230.0,,0.0,0,其他增建；,RPPOMLTLQHHGFEA48DA,96.39,0.0,8.65,無,,37.0
中山區,房地(土地+建物),龍江路４４７號,100.0,住,,,1110822,土地1建物4車位0,一層，騎樓,四層,公寓(5樓含以下無電梯),住家用,650924.0,335.4,7,6,4,有,無,52000000,155039.0,,0.0,0,,RPUNMLPJRHHGFCA18DA,316.76,4.66,13.98,無,,46.0
松山區,房地(土地+建物)+車位,延壽街３３２號三樓之３,57.96,住,,,1110827,土地1建物1車位1,三層,十一層,住宅大樓(11層含以上有電梯),住家用,980320.0,211.53,4,2,2,有,有,54500000,257647.0,坡道平面,0.0,0,,RPTPMLQJRHHGFDA48DA,117.23,0.0,10.76,有,,13.0
北投區,房地(土地+建物)+車位,崗山路１８號七樓,24.83,住,,,1110801,土地1建物1車位2,七層，夾層,七層,華廈(10層含以下有電梯),住家用,971021.0,132.99,3,2,2,有,無,22000000,170747.0,塔式車位,18.2,2400000,陽台外推；其他增建；,RPWPMLLJRHHGFEA48EA,53.87,4.24,24.67,有,164.0,14.0
內湖區,房地(土地+建物)+車位,大湖山莊街６１巷６號三樓,22.51,住,,,1110807,土地1建物1車位1,三層,三層,公寓(5樓含以下無電梯),住家用,860904.0,73.91999999999999,2,2,1,有,有,13400000,181277.0,升降機械,0.0,0,陽台外推；其他增建；,RPRNMLTKQHHGFCA28DA,38.23,0.0,3.46,無,,25.0
中正區,房地(土地+建物),臨沂街６１巷５之５號三樓,37.2,住,,,1110807,土地2建物1車位0,三層,五層,公寓(5樓含以下無電梯),住家用,580416.0,107.46,3,2,2,有,無,26300000,244742.0,,0.0,0,陽台外推；其他增建；,RPPNMLRJRHHGFBA77DA,93.07,0.0,14.39,無,,53.0
士林區,房地(土地+建物),中山北路五段６９９巷８弄９號,33.33,住,,,1110809,土地1建物1車位0,三層,三層,公寓(5樓含以下無電梯),住家用,580220.0,86.37,3,2,1,有,無,13500000,156304.0,,0.0,0,其他增建；,RPSNMLRKQHHGFEA38DA,78.58,0.0,7.79,無,,53.0
文山區,房地(土地+建物),福興路６３巷２弄４號二樓,34.23,住,,,1110703,土地1建物1車位0,二層，陽臺,四層,公寓(5樓含以下無電梯),住家用,641204.0,95.79,3,2,1,有,無,9000000,93956.0,,0.0,0,,RPVQMLSJPHHGFAA58EA,95.79,0.0,0.0,無,176.0,47.0
大同區,房地(土地+建物),酒泉街１３６號二樓,19.5,住,,,1110706,土地1建物1車位0,二層,四層,公寓(5樓含以下無電梯),住家用,600907.0,77.37,1,2,1,有,無,9500000,122787.0,,0.0,0,含土地增值稅或其他稅費；含地政士服務費；,RPPPMLMKPHHGFBA47EA,77.37,0.0,0.0,無,,51.0
萬華區,房地(土地+建物)+車位,中華路二段３６４巷１５號十樓之３,41.39,住,,,1110701,土地1建物1車位1,十層,十四層,住宅大樓(11層含以上有電梯),住家用,1020702.0,159.86,3,2,2,有,有,32178888,201294.0,坡道平面,0.0,0,政府機關標讓售；,RPROMLOKPHHGFBA77EA,88.85,0.0,10.16,有,,9.0
士林區,房地(土地+建物),葫蘆街１４１號三樓,25.25,住,,,1110707,土地1建物1車位0,三層,四層,公寓(5樓含以下無電梯),住家用,621204.0,65.52,3,2,2,有,無,7500000,114469.0,,0.0,0,其他增建；,RPXNMLSKPHHGFEA98EA,65.52,0.0,0.0,無,193.0,49.0
中山區,房地(土地+建物),龍江路４１２巷４號三樓,20.7,住,,,1110702,土地1建物1車位0,三層,五層,公寓(5樓含以下無電梯),住家用,710913.0,78.02,3,2,1,有,無,13100000,167906.0,,0.0,0,陽台外推；,RPRPMLMKPHHGFCA67DA,68.17,0.0,9.85,無,,40.0
大安區,房地(土地+建物),永康街８巷３號四樓,28.32,住,,,1110705,土地1建物1車位0,四層,四層,公寓(5樓含以下無電梯),住家用,641230.0,89.13,2,1,2,有,無,25000000,280489.0,,0.0,0,,RPVNMLPKPHHGFFA48DA,67.62,0.0,10.29,無,,47.0
北投區,房地(土地+建物)+車位,大屯路９之３號六樓,28.18,住,,,1110704,土地1建物1車位1,六層,七層,華廈(10層含以下有電梯),住家用,1110127.0,82.63,2,1,1,有,有,13300000,160958.0,升降機械,14.2,0,,RPOOMLSKPHHGFEA08DA,42.85,0.0,4.36,有,196.0,
北投區,房地(土地+建物)+車位,中央北路二段３５０巷７６號五樓,45.5,住,,,1110712,土地1建物1車位1,五層,十四層,住宅大樓(11層含以上有電梯),住家用,1040724.0,183.36,3,2,2,有,有,27800000,151614.0,坡道平面,0.0,0,,RPXPMLPKPHHGFEA78DA,98.33,0.0,11.5,有,197.0,7.0
北投區,房地(土地+建物)+車位,公路１６１巷２９號五樓,96.61,住,,,1110705,土地2建物1車位1,五層,五層,華廈(10層含以下有電梯),住家用,1041119.0,196.82,2,1,2,有,有,28350000,144033.0,坡道平面,0.0,0,,RPVNMLTKPHHGFEA88EA,79.03,18.68,8.74,有,,7.0
中山區,房地(土地+建物),民生東路二段１４７巷１２弄３２號,30.0,住,,,1110702,土地1建物1車位0,一層,三層,公寓(5樓含以下無電梯),住家用,550115.0,68.56,2,1,1,有,無,21000000,306301.0,,0.0,0,,RPWPMLRLNHHGFCA68EA,68.56,0.0,0.0,無,204.0,56.0
士林區,房地(土地+建物),中社路一段１１巷８９號三樓,97.19,住,,,1110703,土地1建物1車位0,三層,四層,公寓(5樓含以下無電梯),住家用,640801.0,103.75,3,2,2,有,無,12700000,122410.0,,0.0,0,未登記之陽台外推,RPVOMLTKPHHGFEA88DA,103.75,0.0,0.0,無,205.0,47.0
信義區,房地(土地+建物),吳興街６００巷６０號四樓之３,10.85,住,,,1110701,土地1建物1車位0,四層,七層,華廈(10層含以下有電梯),住家用,1100503.0,44.02,1,1,1,有,有,14580000,331213.0,,0.0,0,,RPUOMLTKPHHGFDA68DA,22.86,1.67,2.29,有,,1.0
北投區,房地(土地+建物)+車位,稻香路１８６號三樓之５,43.27,住,,,1110704,土地1建物1車位1,三層,五層,華廈(10層含以下有電梯),住家用,1101217.0,111.54,2,2,1,有,有,13660000,146999.0,坡道平面,32.22,2000000,111.07.04讓渡,RPROMLTKPHHGFEA48DA,47.55,3.07,3.58,有,,1.0
士林區,房地(土地+建物),文林路７６５號九樓之３,10.2,住,,,1110707,土地1建物1車位0,九層,十一層,住宅大樓(11層含以上有電梯),住家用,700204.0,86.69,2,2,2,有,有,12900000,148806.0,,0.0,0,,RPOOMLTKPHHGFEA28EA,64.27,0.0,9.86,有,210.0,41.0
信義區,房地(土地+建物),基隆路二段３９巷２２號四樓,32.0,住,,,1110713,土地3建物1車位0,四層,四層,公寓(5樓含以下無電梯),住家用,660226.0,98.47,3,2,1,有,無,21360000,216919.0,,0.0,0,陽台外推；,RPOQMLKLPHHGFDA57EA,79.19,0.0,19.28,無,,45.0
萬華區,房地(土地+建物),中華路二段４１６巷７號三樓之３,19.35,住,,,1110712,土地1建物1車位0,三層,十二層,住宅大樓(11層含以上有電梯),住家用,760316.0,89.76,3,1,1,有,有,17580000,195856.0,,0.0,0,陽台外推；其他增建；,RPPQMLTKPHHGFBA18DA,61.6,0.0,8.52,有,,35.0
士林區,房地(土地+建物),雨聲街４８號六樓,22.85,住,,,1110701,土地1建物1車位0,六層,七層,華廈(10層含以下有電梯),住家用,751231.0,109.96,3,2,2,有,有,20500000,186431.0,,0.0,0,,RPVNMLLLPHHGFEA08DA,91.58,0.0,10.67,有,,36.0
大安區,房地(土地+建物)+車位,忠孝東路三段２１７巷５弄３之４號,42.0,住,,,1110707,土地1建物1車位1,五層,六層,華廈(10層含以下有電梯),住家用,600708.0,168.83,4,2,3,有,有,52100000,308594.0,坡道平面,0.0,0,車位僅有使用權讓與合約書車位地點:台北市忠孝東路三段217巷3弄雙號武昌大廈D棟地下層第30號停車位,RPPOMLLKPHHGFFA57DA,151.11,0.0,17.72,有,,51.0
南港區,房地(土地+建物),福山街５６巷３號,20.0,住,,,1110714,土地1建物1車位0,一層,四層,公寓(5樓含以下無電梯),住家用,,76.41,3,2,1,有,無,16100000,210705.0,,0.0,0,,RPTNMLPKPHHGFDA08DA,68.76,7.65,0.0,無,224.0,
北投區,房地(土地+建物),明德路１５７號四樓之１０,13.88,住,,,1110713,土地2建物1車位0,四層,七層,華廈(10層含以下有電梯),住家用,670828.0,67.66,2,2,1,有,有,13800000,203961.0,,0.0,0,陽台外推；,RPSNMLLLPHHGFEA77DA,51.84,0.0,5.3,有,229.0,44.0
北投區,房地(土地+建物),榮華一路３巷８號四樓,28.7,住,,,1110710,土地2建物1車位0,四層,五層,公寓(5樓含以下無電梯),住家用,721118.0,100.58,3,2,1,有,無,17000000,169020.0,,0.0,0,陽台外推；,RPXOMLMLPHHGFEA58EA,88.78,0.0,11.8,無,,39.0
北投區,房地(土地+建物)+車位,公路１６１巷２５號二樓,142.6,住,,,1110705,土地2建物1車位2,二層,五層,華廈(10層含以下有電梯),住家用,1041119.0,304.72,4,2,2,有,有,39800000,130612.0,坡道平面,0.0,0,,RPPNMLMLPHHGFEA67EA,127.64,19.19,9.51,有,,7.0
信義區,房地(土地+建物),福德街４８號,30.75,住,,,1110706,土地1建物1車位0,一層，騎樓,四層,公寓(5樓含以下無電梯),住家用,611109.0,82.21,1,1,1,有,無,24000000,291935.0,,0.0,0,其他增建；,RPPNMLMLPHHGFDA57EA,82.21,0.0,0.0,無,,50.0
信義區,房地(土地+建物),吳興街６００巷６０號三樓之３,10.85,住,,,1110713,土地1建物1車位0,三層,七層,華廈(10層含以下有電梯),住家用,1100503.0,44.02,1,1,1,有,有,14500000,329396.0,,0.0,0,,RPVOMLPLPHHGFDA48DA,22.86,1.67,2.29,有,,1.0
松山區,房地(土地+建物)+車位,敦化北路６號三樓,42.44,住,,,1110715,土地2建物1車位3,三層,二十三層,住宅大樓(11層含以上有電梯),住家用,1071126.0,542.58,3,2,4,有,有,262000000,482878.0,坡道平面,0.0,11500000,,RPSNMLMLPHHGFDA87EA,247.36,13.83,36.13,有,,4.0
萬華區,房地(土地+建物),國興路５８號十二樓,16.78,住,,,1110710,土地1建物1車位0,十二層,十二層,住宅大樓(11層含以上有電梯),住家用,680403.0,59.84,2,1,1,有,無,12600000,210561.0,,0.0,0,陽台外推；,RPTOMLPLPHHGFBA18EA,52.57,0.0,7.27,有,,43.0
北投區,房地(土地+建物),文化三路６６號六樓,39.11,,,,1110718,土地2建物1車位0,六層,七層,華廈(10層含以下有電梯),住家用,750312.0,122.65,3,2,2,有,有,16530000,134774.0,,0.0,0,,RPSNMLQLPHHGFEA38EA,78.67,0.0,10.75,有,,36.0
信義區,房地(土地+建物)+車位,吳興街６００巷６０號二樓之５,12.55,住,,,1110705,土地1建物1車位1,二層,七層,華廈(10層含以下有電梯),住家用,1100503.0,64.12,1,1,1,有,有,17080000,266376.0,塔式車位,13.41,0,,RPPPMLMLPHHGFDA77EA,27.26,1.53,2.29,有,,1.0
大安區,房地(土地+建物),辛亥路三段１５７巷１０號五樓,31.4,住,,,1110702,土地2建物1車位0,五層,五層,公寓(5樓含以下無電梯),住家用,720121.0,127.49,6,0,6,有,無,20800000,163150.0,,0.0,0,陽台外推；頂樓加蓋；,RPSNMLLLPHHGFFA87DA,110.81,0.0,10.75,無,,39.0
南港區,房地(土地+建物),南港路一段１８８之１號,10.93,住,,,1110715,土地2建物2車位0,一層,五層,公寓(5樓含以下無電梯),住家用,691017.0,44.59,3,1,2,有,無,10000000,224266.0,,0.0,0,,RPRRMLLLOHHGFDA97EA,35.58,4.96,0.0,無,252.0,42.0
大同區,房地(土地+建物),赤峰街３巷１３號五樓,13.5,住,,,1110702,土地1建物1車位0,五層,七層,華廈(10層含以下有電梯),住家用,951214.0,66.58,2,1,1,有,有,19400000,291379.0,,0.0,0,陽台外推；其他增建；,RPTOMLPKPHHGFBA97DA,37.47,1.54,4.29,有,,16.0
文山區,房地(土地+建物),羅斯福路五段２１８巷１１號二樓,26.55,住,,,1110706,土地3建物1車位0,二層,五層,公寓(5樓含以下無電梯),住家用,691120.0,95.84,3,2,2,有,無,18850000,196682.0,,0.0,0,,RPQOMLRLPHHGFAA87DA,83.92,0.0,11.92,無,,42.0
信義區,房地(土地+建物),松山路４２１號十二樓之２,9.43,住,,,1110711,土地1建物1車位0,十二層,十七層,住宅大樓(11層含以上有電梯),住家用,820514.0,146.42,3,1,2,有,有,33217500,226864.0,,0.0,0,陽台外推；,RPQOMLRLPHHGFDA18DA,100.54,0.0,15.79,有,258.0,29.0
信義區,房地(土地+建物)+車位,忠孝東路四段５１２號九樓之３,30.42,住,,,1110708,土地4建物1車位1,九層,十二層,住宅大樓(11層含以上有電梯),住家用,690125.0,228.46,3,2,1,有,有,58300000,255176.0,坡道平面,63.09,0,,RPSNMLTLPHHGFDA48DA,196.25,0.0,10.02,有,,42.0
松山區,房地(土地+建物)+車位,三民路４３巷２號二樓之２,48.47,住,,,1110705,土地1建物1車位1,二層,十四層,住宅大樓(11層含以上有電梯),住家用,951218.0,225.4,4,2,2,有,有,49200000,218279.0,坡道平面,0.0,0,,RPUOMLSLPHHGFDA78EA,117.24,4.67,11.24,有,,16.0
士林區,房地(土地+建物)+車位,中山北路七段７７號五樓之３,83.67,住,,,1110713,土地1建物1車位5,五層,十六層,住宅大樓(11層含以上有電梯),住家用,1000304.0,541.0799999999999,4,2,5,有,有,138000000,255050.0,坡道機械,0.0,12000000,,RPROMLRLPHHGFEA38DA,200.21,7.86,19.98,有,263.0,11.0
南港區,房地(土地+建物),重陽路１６６巷４弄２０號二樓,30.5,住,,,1110709,土地1建物1車位0,二層,四層,公寓(5樓含以下無電梯),住家用,610317.0,69.53,3,2,2,有,無,12800000,184093.0,,0.0,0,,RPRSMLLLOHHGFDA08EA,62.69,0.0,6.84,無,,50.0
內湖區,房地(土地+建物)+車位,金龍路２２９號九樓,29.59,住,,,1110707,土地1建物1車位1,九層,十二層,住宅大樓(11層含以上有電梯),住家用,810822.0,118.64,3,2,2,有,有,22400000,188806.0,坡道機械,0.0,0,陽台外推；其他增建；,RPTPMLRLPHHGFCA48DA,80.62,2.94,7.92,有,,30.0
內湖區,房地(土地+建物)+車位,文湖街２１巷８９號四樓,47.61,住,,,1110706,土地1建物1車位3,四層,十一層,住宅大樓(11層含以上有電梯),住家用,1041015.0,370.91,3,2,2,有,有,59880000,165073.0,坡道平面,41.48,5500000,,RPRPMLRLPHHGFCA28DA,191.98,0.0,30.01,有,271.0,7.0
北投區,房地(土地+建物),永興路一段２６號二樓,23.75,住,,,1110709,土地1建物1車位0,二層,四層,公寓(5樓含以下無電梯),住家用,671027.0,91.3,3,2,1,有,無,12000000,131435.0,,0.0,0,陽台外推；,RPQQMLTKPHHGFEA58DA,81.78,0.0,9.52,無,,44.0
內湖區,房地(土地+建物),文湖街８１巷１８號三樓,21.95,住,,,1110709,土地1建物1車位0,三層,九層,華廈(10層含以下有電梯),住家用,840307.0,90.8,2,1,2,有,有,20700000,227974.0,,0.0,0,陽台外推；,RPQRMLTLPHHGFCA58DA,73.89,1.59,6.16,有,,27.0
信義區,房地(土地+建物),信安街３０號三樓,20.25,住,,,1110709,土地1建物1車位0,三層,四層,公寓(5樓含以下無電梯),住家用,661022.0,83.58,2,2,1,有,無,16500000,197416.0,,0.0,0,其他增建；,RPWPMLLLPHHGFDA28DA,75.77,0.0,7.81,無,,45.0
士林區,房地(土地+建物),明溪街３１號,92.0,住,,,1110703,土地1建物1車位0,一層,四層,公寓(5樓含以下無電梯),住家用,650103.0,103.75,4,2,1,有,無,13500000,130120.0,,0.0,0,其他增建；,RPQNMLSKPHHGFEA18DA,103.75,0.0,0.0,無,,47.0
中正區,房地(土地+建物)+車位,仁愛路一段２３巷８號四樓之１,15.02,住,,,1110704,土地1建物1車位1,四層,七層,華廈(10層含以下有電梯),住家用,1061116.0,87.51,2,2,1,有,有,29300000,391286.0,升降機械,17.74,2000000,陽台外推；夾層；其他增建；,RPPPMLMJQHHGFBA37DA,31.28,2.45,3.79,有,280.0,5.0
內湖區,房地(土地+建物),內湖路一段９１巷９０號五樓之３,17.52,住,,,1110703,土地2建物1車位0,五層,八層,華廈(10層含以下有電梯),住家用,870720.0,55.67,2,2,1,有,有,15680000,281660.0,,0.0,0,夾層；其他增建；,RPXOMLMKPHHGFCA18DA,41.26,0.0,3.23,有,282.0,24.0
萬華區,房地(土地+建物),和平西路三段３８４號八樓之１７,3.77,住,,,1110705,土地2建物1車位0,八層,八層,華廈(10層含以下有電梯),住家用,700706.0,25.52,1,0,1,有,有,2850000,111677.0,,0.0,0,,RPQNMLLMPHHGFBA37DA,18.06,0.0,0.0,有,,41.0
文山區,房地(土地+建物)+車位,辛亥路五段６９之１號八樓,9.89,住,,,1110701,土地1建物1車位1,八層,十一層,住宅大樓(11層含以上有電梯),住家用,1040318.0,52.290000000000006,0,1,1,有,有,11500000,218388.0,塔式車位,6.5,1500000,陽台外推；夾層；其他增建；,RPSNMLKLPHHGFAA27DA,23.95,1.36,4.38,有,291.0,7.0
北投區,房地(土地+建物),大度路三段２２３號十二樓,29.78,住,,,1110702,土地1建物1車位0,十二層,十五層,住宅大樓(11層含以上有電梯),住家用,791105.0,179.85,4,2,2,有,有,22500000,125104.0,,0.0,0,陽台外推；其他增建；,RPPNMLKLPHHGFEA37DA,154.05,0.0,15.83,有,,32.0
北投區,房地(土地+建物)+車位,明德路２８８號五樓之１,11.01,住,,,1110724,土地1建物1車位1,五層,十層,華廈(10層含以下有電梯),住家用,890426.0,55.45,1,1,1,有,有,12500000,269047.0,坡道機械,15.68,1800000,陽台加窗其他增建；含租約；,RPVNMLMJQHHGFEA18EA,36.94,0.0,2.52,有,292.0,22.0
信義區,房地(土地+建物)+車位,吳興街６００巷６０號二樓,12.55,住,,,1110714,土地1建物1車位1,二層,七層,華廈(10層含以下有電梯),住家用,1100503.0,64.12,1,1,1,有,有,17680000,275733.0,塔式車位,13.41,0,,RPPNMLTLPHHGFDA18DA,27.26,1.53,2.29,有,,1.0
中山區,房地(土地+建物),松江路１９４巷４７號四樓,22.5,住,,,1110703,土地1建物1車位0,四層,四層,公寓(5樓含以下無電梯),住家用,580113.0,60.0,2,2,1,有,無,15600000,260000.0,,0.0,0,陽台外推；頂樓加蓋；其他增建；,RPSQMLRLNHHGFCA38EA,55.5,2.23,2.27,無,298.0,53.0
中正區,房地(土地+建物)+車位,汀州路三段６７號十樓,16.15,住,,,1110704,土地2建物1車位1,十層,十二層,住宅大樓(11層含以上有電梯),住家用,1071122.0,145.25,0,0,1,有,有,41080000,356783.0,坡道平面,39.92,3500000,,RPUOMLRLPHHGFAA28DA,56.49,7.55,6.11,有,,4.0
大安區,房地(土地+建物),敦化南路一段２３３巷３１號八樓之３,6.16,住,,,1110701,土地1建物1車位0,八層,十層,華廈(10層含以下有電梯),住家用,760709.0,43.52,1,1,1,有,有,12300000,282629.0,,0.0,0,陽台外推；其他增建；,RPPNMLRLPHHGFFA18DA,25.04,0.0,4.17,有,,35.0
士林區,房地(土地+建物),德行東路２６１號五樓,29.64,住,,,1110712,土地1建物1車位0,五層,五層,公寓(5樓含以下無電梯),住家用,670426.0,100.24,3,2,1,有,無,17000000,169593.0,,0.0,0,,RPPPMLPLPHHGFEA08DA,86.48,0.0,13.76,無,,44.0
萬華區,房地(土地+建物),中華路二段４１６巷７號五樓之１,25.65,住,,,1110705,土地1建物1車位0,五層,十二層,住宅大樓(11層含以上有電梯),住家用,760316.0,117.98,3,2,2,有,有,22000000,186472.0,,0.0,0,,RPXNMLNJQHHGFBA08DA,83.04,0.0,8.76,有,,35.0
大安區,房地(土地+建物),四維路１７０巷３６號七樓之３,12.09,住,,,1110709,土地1建物1車位0,七層,八層,華廈(10層含以下有電梯),住家用,980115.0,64.5,1,1,1,有,有,21700000,336434.0,,0.0,0,,RPRNMLOJQHHGFFA08EA,34.99,1.88,4.87,有,310.0,13.0
士林區,房地(土地+建物),忠誠路二段５８號四樓,30.22,住,,,1110721,土地1建物1車位0,四層,七層,華廈(10層含以下有電梯),住家用,761015.0,153.23000000000002,2,1,2,有,有,35689500,232915.0,,0.0,0,含租約；,RPPOMLKLPHHGFEA47DA,114.65,0.0,15.43,有,,35.0
內湖區,房地(土地+建物),瑞光路２４１號六樓,34.58,住,,,1110701,土地1建物1車位0,六層,七層,華廈(10層含以下有電梯),住家用,730210.0,104.34,2,2,1,有,有,20000000,191681.0,,0.0,0,,RPVNMLNJQHHGFCA08EA,70.31,0.0,7.13,有,,38.0
南港區,房地(土地+建物),經貿二路１５７巷３６弄１０７號五樓之３,21.87,住,,,1110711,土地1建物1車位0,五層,七層,華廈(10層含以下有電梯),住家用,981002.0,93.63,3,2,2,有,有,22300000,238172.0,,0.0,0,夾層；,RPWNMLSLPHHGFDA78DA,55.0,7.04,4.79,有,,13.0
萬華區,房地(土地+建物),萬大路１９０號三樓,21.99,住,,,1110708,土地1建物1車位0,三層,七層,華廈(10層含以下有電梯),住家用,740529.0,111.38,3,2,2,有,無,17000000,152631.0,,0.0,0,,RPVNMLNJQHHGFBA97EA,89.06,1.41,10.07,有,,37.0
內湖區,房地(土地+建物),安泰街８４號二樓,29.71,住,,,1110708,土地3建物1車位0,二層,五層,公寓(5樓含以下無電梯),住家用,690808.0,94.57,3,2,2,有,無,9500000,100455.0,,0.0,0,,RPOOMLNJQHHGFCA37DA,85.44,0.0,9.13,無,,42.0
萬華區,房地(土地+建物),國興路１巷２號九樓之１,27.05,住,,,1110707,土地1建物1車位0,九層,十二層,住宅大樓(11層含以上有電梯),住家用,710702.0,101.76,3,2,1,有,有,17180000,168829.0,,0.0,0,,RPOPMLLJQHHGFBA17DA,71.02,0.0,6.0,有,,40.0
內湖區,房地(土地+建物),康樂街２０４之３號七樓之５,7.67,住,,,1110710,土地1建物1車位0,七層,十一層,住宅大樓(11層含以上有電梯),住家用,970331.0,41.900000000000006,1,1,1,有,有,8300000,198091.0,,0.0,0,,RPOQMLLJQHHGFCA37DA,25.45,0.81,2.91,有,,14.0
中山區,房地(土地+建物),民族東路５１２巷１３弄３９號二樓,32.1,住,,,1110703,土地9建物1車位0,二層,五層,公寓(5樓含以下無電梯),住家用,701215.0,109.7,3,2,2,有,無,19300000,175934.0,,0.0,0,陽台外推；其他增建；,RPWPMLQLPHHGFCA68DA,97.01,0.0,12.69,無,,41.0
內湖區,房地(土地+建物),康寧路三段９９巷３９弄３２號五樓,31.69,住,,,1110716,土地1建物1車位0,五層,九層,華廈(10層含以下有電梯),住家用,840511.0,114.49,3,2,1,有,有,22600000,197397.0,,0.0,0,其他增建；,RPPQMLTLPHHGFCA38DA,74.96,0.0,10.64,有,,27.0
萬華區,房地(土地+建物),萬大路２７７巷３３弄２號二樓之３,32.2,住,,,1110704,土地1建物1車位0,二層,七層,華廈(10層含以下有電梯),住家用,730109.0,111.06,3,2,1,有,有,18000000,162075.0,,0.0,0,,RPPPMLNJQHHGFBA47DA,82.46,0.0,15.46,有,,38.0
中正區,房地(土地+建物),中華路二段３０９巷２４號四樓,10.66,住,,,1110709,土地1建物1車位0,四層,五層,公寓(5樓含以下無電梯),住家用,,25.63,2,1,1,有,無,4600000,179477.0,,0.0,0,陽台外推；其他增建；,RPVNMLPJQHHGFAA97DA,24.0,0.0,1.63,無,,
內湖區,房地(土地+建物)+車位,內湖路三段７２巷６１號十二樓,21.42,住,,,1110703,土地1建物1車位1,十二層,二十層,住宅大樓(11層含以上有電梯),住家用,830729.0,119.02,2,2,1,有,有,18680000,205931.0,坡道平面,40.45,2500000,,RPUQMLRLNHHGFCA58EA,101.9,1.17,7.04,有,,28.0
內湖區,房地(土地+建物),成功路二段３１２巷３５號二樓,33.22,住,,,1110703,土地1建物1車位0,二層,五層,公寓(5樓含以下無電梯),住家用,740702.0,103.32,3,2,2,有,無,15000000,145180.0,,0.0,0,,RPVNMLMLPHHGFCA97DA,76.73,2.99,14.39,無,,37.0
士林區,房地(土地+建物),天母東路１０５巷６４號四樓,37.29,住,,,1110702,土地2建物1車位0,四層,五層,公寓(5樓含以下無電梯),住家用,680517.0,97.16,3,2,2,有,無,14450000,148724.0,,0.0,0,,RPOPMLOJQHHGFEA77DA,89.02,0.0,8.14,無,,43.0
大安區,房地(土地+建物)+車位,和平東路二段７６巷３１弄１５號二樓之４,14.6,住,,,1110702,土地1建物1車位1,二層,六層,華廈(10層含以下有電梯),住家用,831125.0,52.81,0,1,1,有,無,13880000,262829.0,升降機械,0.0,0,其他增建；,RPRPMLSLPHHGFFA68DA,24.93,1.25,1.77,有,331.0,28.0
內湖區,房地(土地+建物),內湖路一段２８５巷６７弄１０號四樓,27.25,住,,,1110708,土地1建物1車位0,四層,四層,公寓(5樓含以下無電梯),住家用,670131.0,74.95,3,2,2,有,無,13200000,176117.0,,0.0,0,,RPTQMLNJQHHGFCA08DA,67.32,0.0,7.63,無,,44.0
中山區,房地(土地+建物),北安路８２９號七樓之８,5.64,住,,,1110715,土地2建物1車位0,七層,十四層,住宅大樓(11層含以上有電梯),住家用,991224.0,44.32,2,1,1,有,有,12400000,279783.0,,0.0,0,,RPRQMLTLPHHGFCA58DA,23.3,0.79,3.47,有,332.0,12.0
士林區,房地(土地+建物)+車位,中山北路七段１１４巷６０弄４號七樓,109.98,住,,,1110705,土地1建物1車位1,七層,七層,華廈(10層含以下有電梯),住家用,720425.0,397.5,3,3,4,有,有,75000000,188679.0,坡道平面,0.0,0,頂樓加蓋；,RPWPMLOJQHHGFEA58DA,263.3,2.31,55.27,有,,39.0
文山區,房地(土地+建物),福興路７８巷２０弄２８號三樓,26.46,住,,,1110702,土地1建物1車位0,三層,五層,公寓(5樓含以下無電梯),住家用,691007.0,90.12,3,2,1,有,無,12000000,133156.0,,0.0,0,陽台外推；其他增建；,RPRNMLRLPHHGFAA87DA,77.27,0.0,12.85,無,,42.0
文山區,房地(土地+建物),木新路二段７９巷６弄１０號二樓,30.59,住,,,1110703,土地1建物1車位0,二層,五層,公寓(5樓含以下無電梯),住家用,,115.66,3,2,2,有,無,14750000,127529.0,,0.0,0,陽台外推；,RPXNMLPJQHHGFAA28EA,94.61,0.0,12.91,無,,
士林區,房地(土地+建物),中社路二段１７巷３７號二樓,65.0,住,,,1110703,土地1建物1車位0,二層,四層,公寓(5樓含以下無電梯),住家用,650406.0,69.66,4,2,1,有,無,8000000,114844.0,,0.0,0,陽台外推；其他增建；,RPVOMLMJQHHGFEA18DA,69.66,0.0,0.0,無,,46.0
南港區,房地(土地+建物),中坡南路３１巷８號四樓,23.96,住,,,1110727,土地1建物1車位0,四層,六層,華廈(10層含以下有電梯),住家用,1090731.0,94.99,2,1,1,有,無,27000000,284240.0,,0.0,0,,RPROMLNJQHHGFDA77DA,45.15,0.0,13.38,有,,2.0
士林區,房地(土地+建物),忠義街１１３之１號四樓,28.26,住,,,1110709,土地1建物1車位0,四層,七層,華廈(10層含以下有電梯),住家用,731205.0,111.59,3,2,2,有,有,21000000,188189.0,,0.0,0,陽台外推；,RPTQMLMLPHHGFEA28DA,90.59,0.44,6.77,有,340.0,38.0
大安區,房地(土地+建物),四維路１５４巷２１之１號五樓,25.96,住,,,1110708,土地2建物1車位0,五層,七層,華廈(10層含以下有電梯),住家用,670301.0,129.23000000000002,4,2,2,有,無,40280000,311692.0,,0.0,0,陽台外推；,RPPNMLPJQHHGFFA97EA,91.62,0.0,26.97,有,,44.0
中山區,房地(土地+建物),市民大道三段１６９號九樓之１,8.81,住,,,1110712,土地1建物1車位0,九層,十三層,住宅大樓(11層含以上有電梯),住家用,970602.0,67.96000000000001,1,1,1,有,有,11450000,168481.0,,0.0,0,夾層；,RPVPMLOJQHHGFCA28DA,24.39,1.71,3.41,有,,14.0
萬華區,房地(土地+建物)+車位,西園路二段２８１巷２８號五樓,30.72,住,,,1110709,土地1建物1車位1,五層,十三層,住宅大樓(11層含以上有電梯),住家用,890821.0,149.76,3,2,2,有,有,24080000,160791.0,坡道機械,7.56,0,,RPPOMLLJQHHGFBA17DA,88.66,1.01,6.55,有,,22.0
北投區,房地(土地+建物)+車位,三合街一段３８號四樓之２,21.64,住,,,1110702,土地1建物1車位1,四層,十層,華廈(10層含以下有電梯),住家用,1061222.0,153.25,2,2,1,有,有,28700000,242160.0,坡道平面,45.47,2600000,,RPOOMLPJQHHGFEA77DA,62.04,5.41,4.98,有,347.0,5.0
士林區,房地(土地+建物),中山北路五段６９８巷２３號五樓,25.9,住,,,1110702,土地1建物1車位0,五層,五層,公寓(5樓含以下無電梯),住家用,731218.0,92.9,2,2,2,有,無,17880000,192465.0,,0.0,0,陽台外推；,RPWOMLQLPHHGFEA78DA,73.95,0.0,10.99,無,,38.0
北投區,房地(土地+建物),中和街４１２號三樓,39.83,住,,,1110717,土地3建物1車位0,三層,四層,公寓(5樓含以下無電梯),住家用,660214.0,105.21,3,2,1,有,無,8400000,79840.0,,0.0,0,,RPSNMLTJQHHGFEA58EA,99.54,0.0,5.67,無,,45.0
士林區,房地(土地+建物),葫蘆街３０巷９號四樓,26.25,住,,,1110714,土地1建物1車位0,四層,四層,公寓(5樓含以下無電梯),住家用,620129.0,68.77,2,2,1,有,無,8020000,116621.0,,0.0,0,其他增建；,RPPPMLQLPHHGFEA18DA,68.77,0.0,0.0,無,,49.0
大安區,房地(土地+建物)+車位,樂業街７５號十一樓,31.96,住,,,1110714,土地2建物1車位1,十一層,十三層,住宅大樓(11層含以上有電梯),住家用,950728.0,231.03,4,2,2,有,有,56700000,245423.0,坡道機械,34.83,0,,RPRNMLTJQHHGFFA58EA,120.94,6.47,14.02,有,355.0,16.0
士林區,房地(土地+建物)+車位,中正路１０４巷１弄１號四樓,43.0,住,,,1110703,土地1建物1車位1,四層，五層,五層,華廈(10層含以下有電梯),住家用,870112.0,198.35,3,2,2,有,有,48900000,246534.0,升降平面,0.0,2500000,陽台外推；夾層；,RPXPMLOJQHHGFEA68DA,112.77,0.0,14.72,有,,24.0
信義區,房地(土地+建物),嘉興街３２２號三樓之２,6.87,住,,,1110721,土地3建物1車位0,三層,十六層,住宅大樓(11層含以上有電梯),住家用,840216.0,65.23,2,1,1,有,有,16800000,257550.0,,0.0,0,,RPTNMLSJQHHGFDA38DA,51.08,0.93,6.68,有,,27.0
大安區,房地(土地+建物),通化街２６７巷５號二樓之４,34.58,住,,,1110721,土地1建物1車位0,二層,七層,華廈(10層含以下有電梯),住家用,710630.0,169.13,3,2,2,有,有,40800000,241235.0,,0.0,0,,RPUNMLSJQHHGFFA68DA,121.88,0.0,15.25,有,,40.0
中山區,房地(土地+建物),新生北路二段１２７巷３０號三樓,21.0,住,,,1110710,土地1建物1車位0,三層,四層,公寓(5樓含以下無電梯),住家用,580731.0,52.84,2,2,1,有,無,12000000,227101.0,,0.0,0,建築物含有:陽台外推約2.08坪左右,RPSOMLSJQHHGFCA38EA,45.96,0.0,6.88,無,361.0,53.0
信義區,房地(土地+建物),吳興街６００巷７６弄８０號四樓之１,13.12,住,,,1110707,土地2建物1車位0,四層,五層,公寓(5樓含以下無電梯),住家用,870625.0,54.26,2,1,1,有,無,8300000,152967.0,,0.0,0,陽台外推；,RPVNMLSJQHHGFDA68EA,39.38,0.0,3.98,無,,24.0
士林區,房地(土地+建物),磺溪街４７巷１１號五樓,38.6,住,,,1110707,土地1建物1車位0,五層,五層,公寓(5樓含以下無電梯),住家用,770109.0,111.13,3,1,2,有,無,18000000,161972.0,,0.0,0,含土地增值稅或其他稅費1026674元；含地政士服務費18000元；,RPQOMLSJQHHGFEA38EA,95.18,0.36,11.86,無,,34.0
北投區,房地(土地+建物)+車位,天母北路１０５巷１５弄１號三樓之２,25.66,住,,,1110708,土地1建物1車位1,三層,十一層,住宅大樓(11層含以上有電梯),住家用,840629.0,132.23000000000002,2,2,1,有,有,19000000,143689.0,坡道平面,39.86,0,,RPTOMLLKPHHGFEA87DA,55.03,1.26,8.51,有,,27.0
信義區,房地(土地+建物),富陽街７１巷３２號,28.6,住,,,1110705,土地1建物1車位0,一層,五層,公寓(5樓含以下無電梯),住家用,741220.0,108.45,3,2,2,有,無,28000000,258183.0,,0.0,0,陽台外推；,RPPOMLSJQHHGFDA18EA,88.28,9.42,0.0,無,,37.0
南港區,房地(土地+建物),合順街８巷５弄１８號,21.75,住,,,1110712,土地1建物1車位0,一層，騎樓,四層,公寓(5樓含以下無電梯),住家用,,77.0,3,1,1,有,無,13500000,175325.0,,0.0,0,,RPUNMLMJQHHGFDA87DA,77.0,0.0,0.0,無,,
內湖區,房地(土地+建物)+車位,金湖路３６３巷２５弄１５號二樓,54.69,住,,,1110721,土地1建物1車位1,二層,五層,華廈(10層含以下有電梯),住家用,970416.0,149.39,3,2,2,有,有,27000000,180735.0,坡道平面,0.0,0,陽台外推；,RPUOMLPJQHHGFCA18DA,68.61,7.64,6.61,有,,14.0
大安區,房地(土地+建物),樂利路５巷７弄９號五樓,28.71,住,,,1110710,土地1建物1車位0,五層,五層,公寓(5樓含以下無電梯),住家用,730622.0,107.89,5,3,3,有,無,26300000,243767.0,,0.0,0,,RPRPMLPLNHHGFFA28EA,89.3,0.0,9.48,無,,38.0
士林區,房地(土地+建物),雨農路１２號二樓,46.75,住,,,1110715,土地1建物1車位0,二層,五層,公寓(5樓含以下無電梯),住家用,701230.0,109.96,3,2,2,有,無,17250000,156875.0,,0.0,0,,RPXOMLPKPHHGFEA68DA,96.41,0.0,13.55,無,,41.0
士林區,房地(土地+建物)+車位,菁山路７２巷１８號三樓之１,57.59,住,,,1110712,土地4建物1車位1,三層,五層,華廈(10層含以下有電梯),住家用,990409.0,138.0,1,1,1,有,有,19000000,137681.0,坡道平面,0.0,0,,RPPOMLTJQHHGFEA28DA,48.62,4.31,6.26,有,,12.0
中正區,房地(土地+建物)+車位,忠孝東路二段６４巷２６號九樓,60.58,住,,,1110702,土地1建物1車位1,九層,十四層,住宅大樓(11層含以上有電梯),住家用,970529.0,301.03999999999996,2,2,2,有,有,95000000,315573.0,坡道平面,0.0,0,,RPPNMLTJQHHGFBA97EA,148.69,15.11,16.39,有,,14.0
士林區,房地(土地+建物),士東路５４巷３８號三樓,30.5,住,,,1110707,土地1建物1車位0,三層,五層,公寓(5樓含以下無電梯),住家用,750121.0,117.03,3,2,2,有,無,17300000,147825.0,,0.0,0,,RPWNMLKKQHHGFEA18EA,95.14,0.0,10.22,無,,36.0
中正區,房地(土地+建物)+車位,杭州南路一段１４巷１號二樓,48.5,住,,,1110701,土地1建物1車位1,二層,七層,華廈(10層含以下有電梯),住家用,861111.0,178.96,4,1,2,有,有,44680000,249665.0,坡道平面,0.0,0,陽台外推；其他增建；,RPROMLTJQHHGFBA18DA,101.78,2.64,13.08,有,,25.0
信義區,房地(土地+建物),信義路六段１１３號四樓,24.0,住,,,1110721,土地1建物1車位0,四層，陽臺,四層,公寓(5樓含以下無電梯),住家用,610309.0,65.1,2,1,1,有,無,14000000,215054.0,,0.0,0,頂樓加蓋頂樓加蓋；,RPUOMLOJQHHGFDA18DA,65.1,0.0,0.0,無,,50.0
內湖區,房地(土地+建物)+車位,成功路四段６１巷５５號十樓,48.84,住,,,1110710,土地1建物1車位3,十層,十五層,住宅大樓(11層含以上有電梯),住家用,1060905.0,382.88,4,2,3,有,有,70500000,184131.0,坡道平面,0.0,0,,RPSOMLRLPHHGFCA28DA,158.13,6.88,17.59,有,369.0,5.0
大安區,房地(土地+建物),信義路三段１４７巷１１弄１２號,3.65,住,,,1110709,土地2建物1車位0,一層,七層,華廈(10層含以下有電梯),住家用,1030819.0,17.14,1,0,1,有,有,8580000,500583.0,,0.0,0,,RPTPMLPLNHHGFFA48EA,7.6,0.0,0.0,有,372.0,8.0
士林區,房地(土地+建物),中山北路七段８１巷３０號五樓之４,4.52,住,,,1110704,土地1建物1車位0,五層,七層,華廈(10層含以下有電梯),住家用,680828.0,33.05,1,1,1,有,有,7050000,213313.0,,0.0,0,陽台外移其他增建；,RPTQMLOJPHHGFEA28DA,26.77,0.0,2.38,有,373.0,43.0
中山區,房地(土地+建物),建國北路二段３５號十三樓之２,4.25,住,,,1110705,土地5建物1車位0,十三層,十五層,住宅大樓(11層含以上有電梯),住家用,770524.0,34.79,1,1,1,有,有,8500000,244323.0,,0.0,0,,RPPOMLTJQHHGFCA08DA,22.2,0.12,2.39,有,377.0,34.0
文山區,房地(土地+建物),興隆路四段１３３號十六樓,13.69,住,,,1110710,土地1建物1車位0,十六層,十六層,住宅大樓(11層含以上有電梯),住家用,841122.0,52.76,1,1,1,有,有,10600000,200910.0,,0.0,0,,RPPOMLSJQHHGFAA77DA,34.47,0.6,3.98,有,,27.0
北投區,房地(土地+建物),石牌路二段３１５巷２８弄１６號三樓,10.69,住,,,1110717,土地1建物1車位0,三層,七層,華廈(10層含以下有電梯),住家用,971009.0,42.120000000000005,1,1,1,有,無,9080000,215575.0,,0.0,0,陽台外推；夾層；其他增建；,RPPOMLSLPHHGFEA28DA,22.1,1.51,1.94,有,379.0,14.0
信義區,房地(土地+建物)+車位,松平路７１號二樓,41.42,住,,,1110702,土地2建物1車位1,二層,十三層,住宅大樓(11層含以上有電梯),住家用,870420.0,168.86,3,2,2,有,有,43200000,255833.0,坡道平面,0.0,0,,RPTOMLRLPHHGFDA48DA,82.09,1.92,11.2,有,,24.0
中山區,房地(土地+建物),伊通街１９巷２５號四樓之１,7.31,住,,,1110716,土地1建物1車位0,四層,六層,華廈(10層含以下有電梯),住家用,970424.0,31.17,1,1,1,有,有,7600000,243824.0,,0.0,0,陽台外推；其他增建；,RPTRMLRLNHHGFCA58EA,14.79,1.71,2.57,有,380.0,14.0
南港區,房地(土地+建物),舊莊街一段２６１號,30.33,住,,,1110719,土地1建物1車位0,一層，平台，騎樓,二層,公寓(5樓含以下無電梯),住家用,,42.15,1,0,1,有,無,6000000,142349.0,,0.0,0,,RPUNMLRLPHHGFDA48DA,42.15,0.0,0.0,無,,
中正區,房地(土地+建物)+車位,同安街６６號四樓之５,15.87,住,,,1110710,土地1建物1車位1,四層,七層,華廈(10層含以下有電梯),住家用,860131.0,62.75,3,1,1,有,有,13800000,219920.0,坡道平面,0.0,0,陽台外推；夾層；,RPSOMLTKPHHGFAA18DA,25.2,0.0,2.87,有,382.0,25.0
萬華區,房地(土地+建物)+車位,萬青街２０２號十樓,38.9,住,,,1110726,土地1建物1車位2,十層,十二層,住宅大樓(11層含以上有電梯),住家用,931028.0,206.71,4,2,2,有,有,39080000,189057.0,坡道機械,0.0,0,陽台外推；,RPQOMLMKQHHGFBA47DA,106.2,0.0,11.66,有,,18.0
松山區,房地(土地+建物),八德路四段７２巷１０弄１號四樓,30.75,住,,,1110717,土地1建物1車位0,四層，露台,四層,公寓(5樓含以下無電梯),住家用,590117.0,89.53,4,1,3,有,無,18200000,203284.0,,0.0,0,頂樓加蓋；其他增建；,RPVOMLNJQHHGFDA18DA,89.53,0.0,0.0,無,383.0,53.0
文山區,房地(土地+建物)+車位,政大一街２６１號四樓,42.24,住,,,1110726,土地1建物1車位1,四層,五層,華廈(10層含以下有電梯),住家用,1031113.0,128.83,2,2,1,有,有,21000000,193232.0,坡道平面,33.09,2500000,,RPPPMLTJOHHGFAA87EA,55.85,2.61,6.52,有,384.0,8.0
士林區,房地(土地+建物)+車位,劍潭路７３號六樓之２,32.72,住,,,1110716,土地1建物1車位1,六層,十四層,住宅大樓(11層含以上有電梯),住家用,960122.0,165.77999999999997,2,2,2,有,有,41400000,283053.0,坡道平面,29.4,2800000,,RPPNMLLKQHHGFEA57EA,87.66,5.08,8.33,有,,15.0
文山區,建物,萬寧街１４３號三樓,0.0,,,,1110717,土地0建物1車位0,三層,十六層,住宅大樓(11層含以上有電梯),住家用,861030.0,157.99,3,2,2,有,有,8600000,54434.0,,0.0,0,其他增建；地上權房屋；,RPSOMLTJQHHGFAA18DA,89.79,0.0,12.54,有,,25.0
北投區,房地(土地+建物),中和街３８２巷２弄９號,34.0,住,,,1110722,土地1建物1車位0,一層,四層,公寓(5樓含以下無電梯),住家用,670531.0,83.01,4,2,1,有,無,13000000,156608.0,,0.0,0,,RPQOMLKKQHHGFEA67EA,71.62,11.39,0.0,無,,44.0
中山區,房地(土地+建物),伊通街９９巷１５之１號二樓,37.5,住,,,1110713,土地1建物1車位0,二層,四層,公寓(5樓含以下無電梯),住家用,610304.0,102.77,0,0,0,無,無,20000000,194609.0,,0.0,0,陽台外推；,RPPRMLTJQHHGFCA38DA,102.77,0.0,0.0,無,,50.0
信義區,房地(土地+建物),永吉路３０巷１５７弄２１號六樓之１,11.07,住,,,1110710,土地1建物1車位0,六層,七層,華廈(10層含以下有電梯),住家用,1010119.0,51.32,1,2,1,有,有,15200000,296181.0,,0.0,0,陽台外推；夾層；,RPTPMLRJPHHGFDA48EA,20.38,1.02,4.85,有,386.0,10.0
中山區,房地(土地+建物),新生北路二段１４１巷２５號三樓,48.0,住,,,1110708,土地1建物1車位0,三層，四層,四層,公寓(5樓含以下無電梯),住家用,550916.0,119.43,10,0,10,有,無,23000000,192581.0,,0.0,0,,RPUOMLKKQHHGFCA87EA,119.43,0.0,0.0,無,,56.0
士林區,房地(土地+建物)+車位,天母北路５６號十五樓,22.35,住,,,1110708,土地1建物1車位1,十五層,二十四層,住宅大樓(11層含以上有電梯),住家用,1090703.0,222.72,3,2,2,有,有,64700000,336813.0,坡道平面,38.79,2750000,,RPQPMLMLPHHGFEA87DA,90.7,15.66,13.73,有,,2.0
文山區,房地(土地+建物)+車位,萬盛街８９之７號五樓,11.24,住,,,1110724,土地1建物1車位1,五層,八層,華廈(10層含以下有電梯),住家用,1050816.0,80.84,2,1,1,有,有,16350000,215396.0,塔式車位,13.29,1800000,夾層；其他增建；,RPTNMLLJQHHGFAA37DA,33.9,8.15,0.0,有,388.0,6.0
文山區,房地(土地+建物)+車位,秀明路二段１６５號三樓之１,38.39,住,,,1110703,土地1建物1車位1,三層,十三層,住宅大樓(11層含以上有電梯),住家用,960329.0,195.63,3,2,2,有,有,33860000,171666.0,坡道平面,12.95,2500000,陽台外推；,RPRNMLPKPHHGFAA57DA,99.96,3.23,11.93,有,,15.0
士林區,房地(土地+建物),中山北路七段１１４巷１０弄１號二樓,31.62,住,,,1110706,土地1建物1車位0,二層，陽臺,四層,公寓(5樓含以下無電梯),住家用,640331.0,89.36,3,2,1,有,無,15800000,176813.0,,0.0,0,,RPUOMLSJQHHGFEA68DA,89.36,0.0,0.0,無,389.0,47.0
內湖區,房地(土地+建物),內湖路一段９１巷９２弄４２號二樓,37.06,住,,,1110720,土地1建物1車位0,二層，夾層,五層,公寓(5樓含以下無電梯),住家用,771129.0,107.94,3,2,2,有,有,17000000,157495.0,,0.0,0,其他增建:陽台加窗其他增建；,RPTPMLNJQHHGFCA97DA,84.37,0.75,6.25,無,,34.0
中山區,房地(土地+建物),遼寧街２３１號,16.19,住,,,1110710,土地1建物1車位0,一層,十五層,住宅大樓(11層含以上有電梯),住家用,750609.0,84.7,2,2,1,有,有,23000000,271547.0,,0.0,0,,RPPNMLPLPHHGFCA67DA,65.97,5.58,0.0,有,,36.0
信義區,房地(土地+建物),福德街２６８巷２２號二樓,36.25,住,,,1110711,土地1建物1車位0,二層,四層,公寓(5樓含以下無電梯),住家用,670414.0,97.79,3,2,1,有,無,18500000,189181.0,,0.0,0,,RPSNMLRLPHHGFDA28DA,86.55,0.0,11.24,無,,44.0
信義區,房地(土地+建物),福德街１３７巷１１弄８號五樓,30.99,住,,,1110708,土地1建物1車位0,五層,五層,公寓(5樓含以下無電梯),住家用,740827.0,110.2,3,2,2,有,有,21150000,191924.0,,0.0,0,頂樓加蓋；,RPQOMLTJQHHGFDA28DA,96.96,0.0,9.83,無,,37.0
中山區,房地(土地+建物),民權東路二段９２巷８弄１７號二樓,37.5,住,,,1110710,土地1建物1車位0,二層,四層,公寓(5樓含以下無電梯),住家用,610125.0,105.28,4,4,2,有,無,22500000,213716.0,,0.0,0,陽台外推；,RPXTMLTJQHHGFCA76DA,93.82,0.0,11.46,無,,50.0
中正區,房地(土地+建物),汀州路二段２０１巷６號四樓,26.13,住,,,1110703,土地1建物1車位0,四層,七層,華廈(10層含以下有電梯),住家用,940913.0,91.43,2,2,1,有,無,26010000,284480.0,,0.0,0,陽台外推；其他增建；,RPUNMLNJQHHGFAA67DA,56.57,1.26,6.69,有,,17.0
士林區,房地(土地+建物)+車位,天母北路５６號十五樓之１,17.61,住,,,1110708,土地1建物1車位1,十五層,二十四層,住宅大樓(11層含以上有電梯),住家用,1090703.0,183.55,2,2,2,有,有,51580000,339044.0,坡道平面,38.79,2500000,,RPPPMLMLPHHGFEA77DA,74.0,10.82,9.67,有,,2.0
萬華區,房地(土地+建物),武成街１０１巷１４號四樓,30.0,住,,,1110715,土地1建物1車位0,四層,四層,公寓(5樓含以下無電梯),住家用,580412.0,80.57,2,1,1,有,無,11100000,137768.0,,0.0,0,頂樓加蓋；,RPQNMLSJQHHGFBA87DA,80.57,0.0,0.0,無,,53.0
北投區,房地(土地+建物),知行路３３６號五樓之７,4.91,住,,,1110708,土地1建物1車位0,五層,十三層,住宅大樓(11層含以上有電梯),住家用,860122.0,33.57,1,1,1,有,有,4700000,140006.0,,0.0,0,,RPPNMLKKQHHGFEA47EA,17.58,1.08,2.62,有,,25.0
松山區,房地(土地+建物),民權東路三段１１５巷１號九樓之１,21.32,住,,,1110702,土地1建物1車位0,九層,十層,華廈(10層含以下有電梯),住家用,740408.0,113.96,2,2,2,有,有,25350000,222446.0,,0.0,0,陽台外推；其他增建；,RPQPMLTJQHHGFDA38DA,79.97,0.0,11.36,有,,37.0
大同區,房地(土地+建物),重慶北路三段２０３之３號十一樓之５,6.23,住,,,1110715,土地2建物1車位0,十一層,十二層,住宅大樓(11層含以上有電梯),住家用,1090728.0,50.56,0,0,0,無,有,13460000,266218.0,,0.0,0,,RPVQMLNJQHHGFBA18DA,25.19,1.85,3.63,有,,2.0
大安區,房地(土地+建物),金山南路二段１４１巷１２號四樓,24.2,住,,,1110723,土地1建物1車位0,四層,五層,公寓(5樓含以下無電梯),住家用,720510.0,85.58,3,1,2,有,無,23000000,268754.0,,0.0,0,,RPQOMLLKQHHGFFA87EA,73.74,0.0,11.84,無,,39.0
士林區,房地(土地+建物),福港街２２４巷１２號五樓,26.06,住,,,1110709,土地1建物1車位0,五層,五層,公寓(5樓含以下無電梯),住家用,670301.0,83.25,3,1,1,有,無,12000000,144144.0,,0.0,0,陽台向外加蓋鐵窗、頂樓加蓋鐵皮其他增建；,RPSOMLPJQHHGFEA18DA,64.02,0.0,7.2,無,,44.0
士林區,房地(土地+建物),中山北路七段２１３之３號六樓,28.73,住,,,1110727,土地1建物1車位0,六層,七層,華廈(10層含以下有電梯),住家用,740320.0,137.13,3,2,2,有,有,24473200,178467.0,,0.0,0,陽台外推；,RPQOMLNJQHHGFEA77DA,106.23,0.0,14.59,有,,37.0
內湖區,房地(土地+建物),安泰街１３９號三樓,33.66,住,,,1110717,土地1建物1車位0,三層,五層,公寓(5樓含以下無電梯),住家用,800823.0,115.49,3,2,2,有,無,13980000,121049.0,,0.0,0,陽台外推；其他增建；,RPQOMLKKQHHGFCA37DA,85.83,5.78,9.86,無,,31.0
文山區,房地(土地+建物),興隆路四段１９５巷４弄２號四樓,40.05,住,,,1110709,土地1建物1車位0,四層,四層,公寓(5樓含以下無電梯),住家用,,104.3,3,2,1,有,無,13350000,127996.0,,0.0,0,頂樓加蓋；,RPOOMLLKQHHGFAA07DA,94.65,0.0,9.65,無,,
北投區,房地(土地+建物),東華街二段３４０巷２弄１３號,28.2,住,,,1110702,土地1建物1車位0,一層,四層,公寓(5樓含以下無電梯),住家用,661027.0,76.18,2,3,1,有,無,19500000,255973.0,,0.0,0,其他增建；,RPTNMLQLPHHGFEA38DA,68.9,7.28,0.0,無,400.0,45.0
北投區,房地(土地+建物)+車位,溫泉路６８巷６弄６號十樓之１,27.21,住,,,1110715,土地1建物1車位1,十層,十一層,住宅大樓(11層含以上有電梯),住家用,1051109.0,166.91000000000005,3,2,2,有,有,26900000,188375.0,坡道平面,36.85,2400000,,RPWNMLPJQHHGFEA58EA,72.21,5.63,7.2,有,,6.0
內湖區,房地(土地+建物)+車位,文湖街２１巷９８弄６號五樓之２,14.88,住,,,1110708,土地1建物1車位1,五層,八層,華廈(10層含以下有電梯),住家用,970124.0,87.14,0,0,0,無,有,14500000,166399.0,坡道機械,0.0,1500000,陽台外推；其他增建；,RPXPMLSJQHHGFCA88DA,33.8,5.39,8.15,有,,14.0
中正區,房地(土地+建物)+車位,水源路３７之６號九樓,21.12,住,,,1110722,土地1建物1車位1,九層,十三層,住宅大樓(11層含以上有電梯),住家用,1070223.0,202.29,4,2,2,有,有,42000000,207623.0,坡道平面,27.49,0,,RPQPMLTJOHHGFAA97EA,96.86,8.65,11.07,有,,4.0
內湖區,房地(土地+建物)+車位,民權東路六段２８９巷２５號三樓,61.8,住,,,1110720,土地1建物1車位2,三層,五層,華廈(10層含以下有電梯),住家用,1101007.0,188.52,3,2,2,有,有,31600000,237254.0,坡道平面,69.66,3400000,,RPVQMLRLPHHGFCA78DA,70.04,5.09,9.61,有,,1.0
信義區,房地(土地+建物)+車位,松山路４２１號八樓之３,6.73,住,,,1110727,土地1建物1車位1,八層,十七層,住宅大樓(11層含以上有電梯),住家用,820514.0,104.37,0,0,0,無,有,20000000,191626.0,坡道機械,0.0,0,陽台外推；,RPUOMLKKQHHGFDA87DA,73.76,0.24,13.63,有,402.0,29.0
大安區,房地(土地+建物),和平東路三段１巷７２弄７號十樓,9.97,住,,,1110722,土地1建物1車位0,十層,十七層,住宅大樓(11層含以上有電梯),住家用,740522.0,51.57,3,2,1,有,有,11302000,219116.0,,0.0,0,,RPWNMLLKQHHGFFA28DA,37.79,0.63,3.54,有,403.0,37.0
大安區,房地(土地+建物)+車位,信義路四段５３巷１６號二樓,8.02,住,,,1110727,土地1建物1車位1,二層,七層,華廈(10層含以下有電梯),住家用,951225.0,45.599999999999994,1,0,1,有,有,15100000,331140.0,塔式車位,0.0,0,,RPQNMLQLPHHGFFA18DA,21.63,0.0,2.41,有,404.0,16.0
北投區,房地(土地+建物),三合街二段４５４號十三樓,11.46,住,,,1110711,土地1建物1車位0,十三層,十八層,住宅大樓(11層含以上有電梯),住家用,870714.0,49.17,2,2,1,有,有,10500000,213545.0,,0.0,0,夾層；,RPWOMLLKPHHGFEA18DA,30.07,0.92,3.53,有,,24.0
中山區,房地(土地+建物),新生北路二段２８巷５號三樓之６,15.8,,,,1110727,土地1建物1車位0,三層,十五層,住宅大樓(11層含以上有電梯),住家用,780517.0,148.76,2,1,1,有,有,31000000,208389.0,,0.0,0,,RPVOMLKKQHHGFCA97EA,80.5,9.68,6.63,有,405.0,33.0
士林區,房地(土地+建物),忠誠路一段９６號六樓,26.51,住,,,1110711,土地4建物1車位0,六層,十五層,住宅大樓(11層含以上有電梯),住家用,770711.0,120.63,3,2,2,有,有,28800000,238747.0,,0.0,0,陽台外推；其他增建；,RPXNMLLKQHHGFEA38EA,91.24,0.0,9.49,有,,34.0
中山區,房地(土地+建物)+車位,北安路７８９號三樓,8.77,住,,,1110712,土地1建物1車位1,三層,十四層,住宅大樓(11層含以上有電梯),住家用,1020904.0,87.97,2,2,2,有,有,25800000,316616.0,塔式車位,12.8,2000000,,RPOPMLMKQHHGFCA47DA,39.48,4.44,3.65,有,408.0,9.0
北投區,房地(土地+建物),致遠一路一段１０巷４號三樓,36.5,住,,,1110704,土地1建物1車位0,三層，陽臺,四層,公寓(5樓含以下無電梯),住家用,641008.0,111.42,3,2,2,有,無,18500000,166038.0,,0.0,0,其他增建；,RPOPMLPKPHHGFEA87DA,111.42,0.0,0.0,無,,47.0
中山區,房地(土地+建物),南京東路三段１９４巷３號六樓,23.18,住,,,1110711,土地1建物1車位0,六層,六層,華廈(10層含以下有電梯),住家用,1110315.0,92.5,1,2,2,有,有,39980000,432216.0,,0.0,0,建物含有約定專用露臺。,RPTPMLMKQHHGFCA97DA,53.13,0.0,7.24,有,,
萬華區,房地(土地+建物),雙園街１２２巷１３號,27.0,住,,,1110729,土地1建物1車位0,一層,二層,公寓(5樓含以下無電梯),住家用,581229.0,42.0,1,2,1,有,無,8000000,190476.0,,0.0,0,其他增建；,RPXPMLQKQHHGFBA78EA,42.0,0.0,0.0,無,412.0,53.0
南港區,房地(土地+建物)+車位,經園街６８號二樓之１,26.86,住,,,1110709,土地1建物1車位1,二層,十層,華廈(10層含以下有電梯),住家用,970304.0,140.15,2,2,2,有,有,28500000,203354.0,坡道平面,33.34,0,陽台外推；其他增建；,RPTUMLLJQHHGFDA38DA,61.88,5.24,9.18,有,,14.0
大安區,房地(土地+建物),敦化南路二段２６７號十七樓之５,11.87,住,,,1110710,土地2建物1車位0,十七層,十七層,住宅大樓(11層含以上有電梯),住家用,680517.0,167.84,3,2,2,有,有,45000000,268112.0,,0.0,0,土地價格:39895624元整；建物價格:5104376元整。陽台外推；其他增建；,RPXNMLLKQHHGFFA38DA,119.23,0.0,28.96,有,413.0,43.0
北投區,房地(土地+建物)+車位,永興路二段４７號六樓之１,10.57,住,,,1110721,土地1建物1車位1,六層,八層,華廈(10層含以下有電梯),住家用,990901.0,66.09,1,1,1,有,有,11000000,166440.0,升降機械,0.0,0,夾層；,RPOOMLMKQHHGFEA57DA,26.17,1.01,2.05,有,,12.0
松山區,房地(土地+建物),光復北路３號九樓之１,5.6,住,,,1110710,土地2建物1車位0,九層,十二層,住宅大樓(11層含以上有電梯),住家用,771123.0,40.47,1,1,1,有,有,10280000,254015.0,,0.0,0,陽台外推；,RPWNMLLKQHHGFDA18EA,26.09,0.0,4.89,有,,34.0
文山區,房地(土地+建物),忠順街一段４１巷１６號八樓,12.51,住,,,1110714,土地1建物1車位0,八層,九層,華廈(10層含以下有電梯),住家用,1110414.0,57.82000000000001,1,1,1,有,有,12750000,220512.0,,0.0,0,,RPQQMLPKQHHGFAA97EA,27.1,5.54,3.06,有,415.0,
文山區,房地(土地+建物),木柵路一段２２號,27.0,住,,,1110719,土地1建物1車位0,一層,四層,公寓(5樓含以下無電梯),住家用,,81.1,3,1,3,有,無,15000000,184957.0,,0.0,0,其他增建；,RPXNMLKKQHHGFAA77DA,81.1,0.0,0.0,無,,
中山區,房地(土地+建物),新生北路三段１９巷５２號,34.0,住,,,1110714,土地1建物1車位0,一層,四層,公寓(5樓含以下無電梯),住家用,630510.0,91.64,0,0,0,無,無,28600000,312091.0,,0.0,0,,RPUNMLMKQHHGFCA97EA,81.0,10.64,0.0,無,,48.0
內湖區,房地(土地+建物),麗山街６２巷８號三樓,31.88,住,,,1110706,土地1建物1車位0,三層,四層,公寓(5樓含以下無電梯),住家用,661117.0,93.83,3,2,2,有,無,16700000,177981.0,,0.0,0,陽台外推；,RPRNMLPKQHHGFCA97EA,79.11,0.0,14.72,無,,45.0
北投區,房地(土地+建物)+車位,承德路七段２１２號四樓之１,26.66,住,,,1110702,土地2建物1車位2,四層,十五層,住宅大樓(11層含以上有電梯),住家用,961120.0,177.13,4,2,2,有,有,35000000,197606.0,塔式車位,0.0,3300000,,RPQNMLOKPHHGFEA77DA,116.5,3.62,13.58,有,,15.0
內湖區,房地(土地+建物)+車位,文德路９０巷４３號九樓,23.6,住,,,1110725,土地1建物1車位1,九層,九層,華廈(10層含以下有電梯),住家用,861201.0,113.21,3,2,2,有,有,21800000,192545.0,坡道機械,0.0,0,陽台外推；夾層；,RPOPMLPKQHHGFCA77DA,84.04,0.0,7.41,有,,25.0
中正區,房地(土地+建物),中華路二段３１５巷２５號三樓,10.49,住,,,1110709,土地1建物1車位0,三層,五層,公寓(5樓含以下無電梯),住家用,,25.63,1,1,1,有,無,4800000,187281.0,,0.0,0,,RPPNMLPKQHHGFAA47DA,24.0,0.0,1.63,無,,
中山區,房地(土地+建物),新生北路三段４３號八樓之２５,6.57,住,,,1110701,土地2建物1車位0,八層,十一層,住宅大樓(11層含以上有電梯),住家用,670301.0,51.73,0,0,0,無,有,10200000,197178.0,,0.0,0,陽台外推；,RPROMLMKQHHGFCA67DA,35.62,0.0,3.09,有,420.0,44.0
大安區,房地(土地+建物),樂利路６２號,35.75,住,,,1110718,土地1建物1車位0,一層，騎樓,四層,公寓(5樓含以下無電梯),住家用,,93.74,0,1,0,有,無,37000000,394709.0,,0.0,0,土地價格3663萬元整、建物價格37萬元整。其他增建；,RPROMLSJQHHGFFA48DA,93.74,0.0,0.0,無,,
信義區,房地(土地+建物)+車位,吳興街６００巷６０號,12.55,住,,,1110712,土地1建物1車位1,一層,七層,華廈(10層含以下有電梯),住家用,1100503.0,61.879999999999995,1,1,1,有,有,20860000,337104.0,塔式車位,13.41,0,,RPOOMLMKQHHGFDA47DA,27.26,1.58,0.0,有,,1.0
萬華區,房地(土地+建物),西園路二段２８１巷６弄４３號,64.0,住,,,1110720,土地2建物1車位0,全,二層,透天厝,住家用,570422.0,75.3,3,1,1,有,無,19500000,258964.0,,0.0,0,,RPXPMLPKQHHGFBA58DA,68.26,0.0,7.04,無,,54.0
文山區,房地(土地+建物)+車位,育英街７９號四樓,15.65,住,,,1110710,土地1建物1車位1,四層,七層,華廈(10層含以下有電梯),住家用,1091225.0,80.72,1,1,1,有,有,17350000,239705.0,升降機械,14.18,1400000,,RPSNMLPKQHHGFAA77DA,37.84,2.88,4.74,有,,2.0
文山區,房地(土地+建物),景豐街３７巷５號二樓,34.0,住,,,1110706,土地1建物1車位0,二層,四層,公寓(5樓含以下無電梯),住家用,660924.0,94.88,3,2,1,有,無,13300000,140177.0,,0.0,0,,RPWNMLPKQHHGFAA18DA,79.64,0.0,15.24,無,,45.0
中山區,房地(土地+建物),五常街５３巷１號二樓,24.4,住,,,1110720,土地1建物1車位0,二層,五層,公寓(5樓含以下無電梯),住家用,661110.0,97.44,3,2,1,有,無,19400000,199097.0,,0.0,0,陽台外推；,RPQNMLPKQHHGFCA87EA,90.54,0.0,6.9,無,423.0,45.0
南港區,房地(土地+建物),舊莊街一段２６５號二樓之２,13.57,住,,,1110716,土地1建物1車位0,二層,七層,華廈(10層含以下有電梯),住家用,1061228.0,55.41,0,1,1,有,有,9060000,163508.0,,0.0,0,,RPPOMLPKQHHGFDA87DA,28.89,1.62,3.85,有,,5.0
北投區,房地(土地+建物)+車位,公路１６１巷３３號,142.98,住,,,1110727,土地2建物1車位2,一層,五層,華廈(10層含以下有電梯),住家用,1041119.0,355.27,4,2,2,有,有,68000000,191404.0,坡道平面,58.84,0,,RPVOMLTLPHHGFEA98DA,155.82,16.35,18.0,有,426.0,7.0
士林區,房地(土地+建物)+車位,延平北路六段２２７號七樓,26.16,住,,,1110707,土地2建物1車位1,七層,十一層,住宅大樓(11層含以上有電梯),住家用,981104.0,176.23000000000002,3,2,2,有,有,23500000,133348.0,其他,26.12,0,,RPSNMLPKQHHGFEA28EA,85.85,6.97,9.55,有,427.0,13.0
松山區,房地(土地+建物),八德路二段４３７巷１０弄１４號四樓,30.63,住,,,1110719,土地1建物1車位0,四層,七層,華廈(10層含以下有電梯),住家用,741228.0,152.23999999999998,3,2,2,有,無,33000000,216763.0,,0.0,0,,RPPNMLNKQHHGFDA57DA,129.17,0.0,14.53,有,,37.0
內湖區,房地(土地+建物),陽光街２８５巷２號四樓,30.0,住,,,1110726,土地1建物1車位0,四層,五層,公寓(5樓含以下無電梯),住家用,730227.0,114.62,3,2,2,有,無,17000000,148316.0,,0.0,0,,RPPQMLPKQHHGFCA97DA,92.44,0.0,11.99,無,,38.0
士林區,房地(土地+建物),通河街３２３巷１號,14.48,住,,,1110712,土地1建物1車位0,地下層,五層,公寓(5樓含以下無電梯),住家用,591210.0,34.12,1,1,1,有,無,7000000,205158.0,,0.0,0,其他增建；,RPWNMLMJQHHGFEA18DA,32.77,1.35,0.0,無,,52.0
北投區,房地(土地+建物)+車位,石牌路二段３１５巷２８弄２０號五樓,70.54,住,,,1110712,土地1建物1車位2,五層,十五層,住宅大樓(11層含以上有電梯),住家用,1050520.0,351.57,0,0,0,無,有,60000000,170663.0,坡道平面,0.0,0,,RPRNMLQKQHHGFEA28EA,153.34,14.06,22.82,有,429.0,6.0
大安區,房地(土地+建物),和平東路二段１１８巷４弄２０號五樓,33.33,住,,,1110710,土地1建物1車位0,五層,五層,公寓(5樓含以下無電梯),住家用,661201.0,99.63,3,2,2,有,無,25000000,250928.0,,0.0,0,頂樓加蓋；其他增建；,RPQOMLRLPHHGFFA38DA,86.55,0.0,13.08,無,,45.0
信義區,房地(土地+建物),松山路４６５巷２弄１６號五樓,29.99,住,,,1110714,土地1建物1車位0,五層,五層,公寓(5樓含以下無電梯),住家用,760725.0,113.43,3,2,2,有,無,20000000,176320.0,,0.0,0,陽台外推；頂樓加蓋；,RPQNMLQKQHHGFDA97DA,97.21,0.84,9.69,無,,35.0
大安區,房地(土地+建物),大安路一段８５號三樓,26.8,住,,,1110706,土地1建物1車位0,三層，陽臺,七層,華廈(10層含以下有電梯),住家用,660105.0,157.86,3,2,2,有,無,48600000,307868.0,,0.0,0,,RPXPMLPLNHHGFFA88EA,132.56,0.0,0.0,有,,46.0
南港區,房地(土地+建物),忠孝東路六段２１２巷１弄９號三樓,35.25,住,,,1110714,土地2建物1車位0,三層,四層,公寓(5樓含以下無電梯),住家用,690214.0,104.86,3,2,1,有,無,16500000,157353.0,,0.0,0,,RPVOMLLKQHHGFDA08DA,86.67,0.0,18.19,無,,42.0
萬華區,房地(土地+建物),國興路１巷７號八樓之４,26.49,住,,,1110716,土地1建物1車位0,八層,十二層,住宅大樓(11層含以上有電梯),住家用,710702.0,99.89,3,2,1,有,有,17200000,172189.0,,0.0,0,其他增建；,RPUQMLNJQHHGFBA08DA,69.63,0.0,6.0,有,431.0,40.0
大安區,房地(土地+建物),復興南路二段９０巷１２號六樓之１,9.16,住,,,1110727,土地1建物1車位0,六層,十二層,住宅大樓(11層含以上有電梯),住家用,970125.0,45.05,1,1,1,有,有,16300000,361820.0,,0.0,0,陽台外推；夾層；,RPUNMLNJQHHGFFA18DA,25.28,2.12,2.86,有,,15.0
大安區,房地(土地+建物),和平東路一段１９９巷７號六樓之２,14.56,住,,,1110718,土地2建物1車位0,六層,七層,華廈(10層含以下有電梯),住家用,951228.0,67.63,2,1,1,有,有,27050000,399970.0,,0.0,0,陽台外推；其他增建；,RPXNMLOJQHHGFFA58DA,36.33,4.87,5.75,有,,16.0
松山區,房地(土地+建物),敦化北路１４５巷２３弄５號四樓,16.59,住,,,1110715,土地1建物1車位0,四層,七層,華廈(10層含以下有電梯),住家用,1100315.0,71.91,1,1,1,有,有,28800000,400501.0,,0.0,0,,RPXOMLPKQHHGFDA68DA,34.6,0.0,3.76,有,,1.0
文山區,房地(土地+建物),育英街７９號二樓之１,16.07,住,,,1110706,土地1建物1車位0,二層,七層,華廈(10層含以下有電梯),住家用,1091225.0,68.33,1,1,1,有,有,16380000,239719.0,,0.0,0,,RPUNMLPKQHHGFAA97DA,37.77,3.35,5.57,有,,2.0
南港區,房地(土地+建物),經貿二路２４５號七樓之２,12.67,住,,,1110705,土地1建物1車位0,七層,十三層,住宅大樓(11層含以上有電梯),住家用,1020222.0,75.50999999999999,2,2,1,有,有,22000000,291352.0,,0.0,0,,RPUPMLPKQHHGFDA48DA,43.34,4.09,2.8,有,433.0,9.0
北投區,房地(土地+建物),中央北路三段９０號,33.38,住,,,1110706,土地1建物1車位0,一層，夾層,五層,公寓(5樓含以下無電梯),住家用,770816.0,92.71,0,2,2,有,無,20090000,216697.0,,0.0,0,夾層；,RPVNMLPKQHHGFEA48DA,74.37,4.51,0.0,無,434.0,34.0
士林區,房地(土地+建物),中山北路七段１９０巷２４之４號三樓,33.11,住,,,1110702,土地2建物1車位0,三層,七層,華廈(10層含以下有電梯),住家用,661220.0,157.69,4,2,2,有,有,21500000,136343.0,,0.0,0,陽台外推；其他增建；,RPUPMLMKMHHGFEA97EA,117.57,0.0,27.45,有,435.0,45.0
文山區,房地(土地+建物)+車位,秀明路一段１２９巷７２弄１６號,272.62,住,,,1110717,土地1建物1車位2,一層，二層,五層,華廈(10層含以下有電梯),住家用,1070302.0,486.49,3,2,4,有,有,73000000,187240.0,坡道平面,123.32,5000000,,RPROMLRLPHHGFAA97DA,220.54,0.0,17.31,有,,4.0
文山區,房地(土地+建物),興隆路三段２０７巷９弄１號五樓,37.19,住,,,1110715,土地2建物1車位0,五層,五層,公寓(5樓含以下無電梯),住家用,710225.0,123.22,3,2,2,有,有,11000000,89271.0,,0.0,0,陽台外推；其他增建；,RPQPMLKKQHHGFAA27DA,88.22,0.0,25.81,無,,40.0
大同區,房地(土地+建物)+車位,民權西路１６０巷２６弄１號十一樓之１,25.51,住,,,1110725,土地1建物1車位1,十一層,十八層,住宅大樓(11層含以上有電梯),住家用,1101227.0,219.21,3,2,2,有,有,37160000,186948.0,坡道平面,32.26,2210000,,RPXNMLMKQHHGFBA08DA,105.48,7.89,11.6,有,,1.0
萬華區,房地(土地+建物),和平西路三段３４３號四樓,27.25,住,,,1110703,土地1建物1車位0,四層,四層,公寓(5樓含以下無電梯),住家用,650428.0,79.47,1,2,1,有,無,11260000,141689.0,,0.0,0,陽台外推；頂樓加蓋；夾層；其他增建；,RPXOMLKLPHHGFBA97DA,74.51,0.0,4.96,無,,46.0
內湖區,房地(土地+建物)+車位,民權東路六段４５１號七樓之２,45.5,住,,,1110714,土地2建物1車位2,七層,十四層,住宅大樓(11層含以上有電梯),住家用,970916.0,261.12,4,2,2,有,有,63000000,266765.0,坡道平面,43.7,5000000,,RPVNMLQKOHHGFCA28EA,131.87,8.91,13.71,有,,14.0
大同區,房地(土地+建物)+車位,民權西路１６０巷２６弄１號十一樓,25.95,住,,,1110725,土地1建物1車位2,十一層,十八層,住宅大樓(11層含以上有電梯),住家用,1101227.0,251.62,3,2,2,有,有,39360000,186755.0,坡道平面,64.52,4420000,二個停車位未拆分單價,RPWNMLMKQHHGFBA97DA,105.5,7.89,11.92,有,,1.0
文山區,房地(土地+建物)+車位,新光路一段２２之１號五樓,44.76,住,,,1110719,土地1建物1車位1,五層，六層,八層,華廈(10層含以下有電梯),住家用,791105.0,204.22,3,2,2,有,有,28280000,138478.0,坡道平面,39.74,0,夾層；,RPPNMLQKQHHGFAA67EA,145.6,4.58,10.58,有,,32.0
中正區,房地(土地+建物),杭州南路一段１１１巷５號五樓,27.66,住,,,1110726,土地1建物1車位0,五層,五層,公寓(5樓含以下無電梯),住家用,711228.0,107.57,5,2,4,有,無,29000000,269592.0,,0.0,0,陽台外推；頂樓加蓋；其他增建；,RPOPMLMKQHHGFBA37DA,84.26,0.0,20.74,無,,40.0
士林區,房地(土地+建物)+車位,天母北路５６號十八樓之１,9.48,住,,,1110715,土地1建物1車位1,十八層,二十四層,住宅大樓(11層含以上有電梯),住家用,1090703.0,115.59,1,1,1,有,有,30500000,364583.0,坡道平面,38.79,2500000,,RPRPMLMLPHHGFEA97DA,45.95,0.99,3.19,有,,2.0
大安區,房地(土地+建物),敦化南路二段９８號二十樓,9.93,住,,,1110718,土地1建物1車位0,二十層,二十六層,住宅大樓(11層含以上有電梯),住家用,741204.0,182.39,4,1,3,有,有,68500000,375569.0,,0.0,0,陽台外推；其他增建；,RPWPMLPLNHHGFFA78EA,133.64,0.0,20.44,有,,37.0
南港區,房地(土地+建物),東明街９７巷１１號五樓,25.79,住,,,1110703,土地1建物1車位0,五層,五層,公寓(5樓含以下無電梯),住家用,720401.0,115.7,3,3,3,有,無,20000000,172861.0,,0.0,0,頂樓加蓋；,RPTQMLRJPHHGFDA58EA,97.0,0.0,13.93,無,,39.0
中正區,房地(土地+建物),中華路二段３１５巷５１號四樓,10.49,住,,,1110727,土地1建物1車位0,四層,五層,公寓(5樓含以下無電梯),住家用,,27.46,1,1,1,有,無,4500000,163875.0,,0.0,0,其他增建；,RPQNMLPJQHHGFAA47DA,24.48,0.0,2.98,無,,
中山區,房地(土地+建物),龍江路６５巷１２號,22.71,住,,,1110706,土地1建物1車位0,一層,四層,公寓(5樓含以下無電梯),住家用,590714.0,56.2,2,2,1,有,無,18300000,325623.0,,0.0,0,1樓空地防火巷其他增建；,RPUOMLPKQHHGFCA28DA,56.2,0.0,0.0,無,441.0,52.0
士林區,房地(土地+建物)+車位,中山北路六段４１號四樓,39.26,住,,,1110708,土地1建物1車位2,四層,十三層,住宅大樓(11層含以上有電梯),住家用,1010522.0,282.81,3,2,2,有,有,68000000,240444.0,坡道平面,0.0,6000000,,RPSPMLMKQHHGFEA08DA,120.06,12.76,13.42,有,443.0,10.0
中正區,房地(土地+建物)+車位,連雲街１５號三樓,23.04,住,,,1110718,土地1建物1車位1,三層,七層,華廈(10層含以下有電梯),住家用,961109.0,112.97,2,2,1,有,有,33900000,319984.0,塔式車位,14.84,2500000,,RPOOMLLKNHHGFBA96EA,54.73,3.26,5.04,有,444.0,15.0
松山區,房地(土地+建物),寶清街８９巷２２號,30.75,住,,,1110717,土地1建物1車位0,一層，平台,四層,公寓(5樓含以下無電梯),住家用,610501.0,84.9,3,2,2,有,無,19700000,232038.0,,0.0,0,地下室增建、平台外推、占用防火巷,RPUNMLPKQHHGFDA28DA,84.9,0.0,0.0,無,,50.0
文山區,房地(土地+建物),興隆路四段１０９巷３２弄８號二樓,32.2,住,,,1110712,土地1建物1車位0,二層,十二層,住宅大樓(11層含以上有電梯),住家用,881117.0,115.34,3,2,2,有,有,19660000,170453.0,,0.0,0,,RPSOMLQLPHHGFAA97DA,80.95,2.16,4.26,有,,23.0
南港區,房地(土地+建物)+車位,忠孝東路六段９２號十三樓,26.75,住,,,1110712,土地2建物1車位2,十三層,十六層,住宅大樓(11層含以上有電梯),住家用,1040325.0,288.54999999999995,3,2,2,有,有,66800000,275076.0,坡道平面,67.52,6000000,,RPSUMLLJQHHGFDA28DA,130.09,8.71,12.37,有,447.0,7.0
文山區,房地(土地+建物),新光路一段１０１號四樓,22.75,住,,,1110717,土地1建物1車位0,四層,四層,公寓(5樓含以下無電梯),住家用,,67.36,4,2,2,有,無,9800000,145487.0,,0.0,0,陽台外推；頂樓加蓋；其他增建；,RPQNMLNKQHHGFAA37DA,56.54,0.0,10.82,無,,
北投區,房地(土地+建物),建民路１２５巷５號三樓,34.0,住,,,1110719,土地1建物1車位0,三層，陽臺,四層,公寓(5樓含以下無電梯),住家用,640429.0,100.63,3,2,1,有,無,16130000,160290.0,,0.0,0,,RPXOMLTKPHHGFEA09DA,100.63,0.0,0.0,無,,47.0
士林區,房地(土地+建物),通河東街一段１９８號四樓,28.19,住,,,1110716,土地7建物1車位0,四層,五層,公寓(5樓含以下無電梯),住家用,690702.0,92.02,3,2,1,有,無,12680000,137796.0,,0.0,0,,RPROMLNJQHHGFEA87DA,86.05,0.0,5.97,無,,42.0
士林區,房地(土地+建物),中正路７０７巷１５之１號二樓,20.77,住,,,1110702,土地3建物1車位0,二層,十二層,住宅大樓(11層含以上有電梯),住家用,721011.0,103.68,3,2,1,有,無,14800000,142747.0,,0.0,0,陽台外推；其他增建；,RPSOMLLKPHHGFEA77DA,68.93,0.0,9.01,有,,39.0
北投區,房地(土地+建物),行義路１４０巷２７號四樓,39.32,住,,,1110708,土地1建物1車位0,四層,五層,公寓(5樓含以下無電梯),住家用,741023.0,139.03,3,2,2,有,無,15450000,111127.0,,0.0,0,其他增建；,RPTNMLQKQHHGFEA38DA,116.39,0.0,9.13,無,,37.0
大安區,房地(土地+建物),復興南路二段３４０巷１９號三樓,30.5,住,,,1110717,土地1建物1車位0,三層，陽臺,四層,公寓(5樓含以下無電梯),住家用,601008.0,87.36,3,2,1,有,無,22500000,257555.0,,0.0,0,,RPSNMLRKQHHGFFA48DA,87.36,0.0,0.0,無,,51.0
文山區,房地(土地+建物)+車位,政大一街３３０號,88.82,住,,,1110730,土地1建物1車位1,一層,五層,華廈(10層含以下有電梯),住家用,1011030.0,219.02999999999997,2,2,2,有,有,34500000,169062.0,坡道平面,29.75,2500000,其他增建；,RPQOMLLKQHHGFAA27DA,107.17,0.0,26.59,有,451.0,10.0
大安區,房地(土地+建物),泰順街６２巷１０號三樓,27.0,住,,,1110703,土地2建物1車位0,三層,五層,公寓(5樓含以下無電梯),住家用,761201.0,104.43,3,2,2,有,無,27100000,259504.0,,0.0,0,其他增建；,RPQPMLSLPHHGFFA58DA,83.11,1.3,9.32,無,,35.0
北投區,房地(土地+建物),中和街５１５號四樓之１,39.5,住,,,1110712,土地1建物1車位0,四層,四層,公寓(5樓含以下無電梯),住家用,640221.0,97.47,3,2,1,有,無,9400000,96440.0,,0.0,0,頂樓加蓋；其他增建；,RPRNMLPJQHHGFEA97DA,97.47,0.0,0.0,無,,47.0
北投區,房地(土地+建物)+車位,新民路２巷２號三樓,45.93,住,,,1110718,土地1建物1車位1,三層,五層,華廈(10層含以下有電梯),住家用,830826.0,153.46,3,2,2,有,無,19680000,128242.0,升降平面,0.0,0,,RPQOMLMKQHHGFEA77DA,100.99,0.0,11.68,有,,28.0
南港區,房地(土地+建物),福德街３７３巷３７號十五樓,21.15,住,,,1110703,土地1建物1車位0,十五層,十九層,住宅大樓(11層含以上有電梯),住家用,870521.0,128.05,3,2,1,有,有,20240000,158063.0,,0.0,0,,RPQNMLKLPHHGFDA37DA,70.01,0.0,8.0,有,,24.0
士林區,房地(土地+建物),天母東路６９巷１２弄１５號四樓,39.5,住,,,1110725,土地1建物1車位0,四層,五層,公寓(5樓含以下無電梯),住家用,690804.0,124.75,3,2,2,有,無,17200000,137876.0,,0.0,0,陽台外推；其他增建；,RPVNMLTJQHHGFEA78DA,114.66,0.0,9.19,無,,42.0
北投區,房地(土地+建物)+車位,奇岩路２４１巷７弄１０號四樓,134.24,住,,,1110716,土地1建物1車位1,四層,五層,華廈(10層含以下有電梯),住家用,1081223.0,255.15,3,1,2,有,有,43180000,179600.0,坡道平面,28.09,2400000,,RPPNMLTJQHHGFEA18DA,118.81,3.19,23.38,有,,3.0
中正區,房地(土地+建物),羅斯福路二段８巷８號九樓之１,13.66,住,,,1110704,土地1建物1車位0,九層,九層,華廈(10層含以下有電梯),住家用,1000408.0,84.69,2,2,2,有,有,35350000,417405.0,,0.0,0,,RPSPMLTJOHHGFAA18EA,37.98,12.06,2.17,有,,11.0
大安區,房地(土地+建物),潮州街８４號三樓之７,4.84,住,,,1110702,土地1建物1車位0,三層,九層,華廈(10層含以下有電梯),住家用,980120.0,21.92,1,1,1,有,有,9900000,451642.0,,0.0,0,夾層；其他增建；,RPPNMLNKQHHGFFA77DA,10.41,2.68,0.0,有,460.0,13.0
信義區,房地(土地+建物),逸仙路５０巷４號三樓,27.68,住,,,1110711,土地3建物1車位0,三層,七層,華廈(10層含以下有電梯),住家用,681116.0,105.14,3,2,2,有,有,29000000,275823.0,,0.0,0,陽台外推；,RPPQMLKLPHHGFDA57DA,85.7,0.0,19.44,有,,43.0
信義區,房地(土地+建物),富陽街３５號四樓之１,12.0,住,,,1110725,土地1建物1車位0,四層,七層,華廈(10層含以下有電梯),住家用,851125.0,70.01,2,2,1,有,有,17000000,242822.0,,0.0,0,其他增建；,RPUPMLNJQHHGFDA18DA,49.76,2.39,3.42,有,,26.0
大安區,房地(土地+建物),復興南路二段１５１巷４４號二樓,19.94,住,,,1110703,土地1建物1車位0,二層,十七層,住宅大樓(11層含以上有電梯),住家用,740522.0,103.1,3,2,1,有,有,26000000,252182.0,,0.0,0,其他增建；,RPQNMLMJQHHGFFA67DA,75.58,1.26,7.07,有,464.0,37.0
北投區,房地(土地+建物),公路１２３號,27.5,住,,,1110731,土地1建物1車位0,一層，平台，騎樓,四層,公寓(5樓含以下無電梯),住家用,641114.0,86.43,0,0,0,無,無,15000000,173551.0,,0.0,0,陽台外推；其他增建；,RPQPMLMKQHHGFEA87DA,86.43,0.0,0.0,無,,47.0
北投區,房地(土地+建物),石牌路二段３１５巷２８弄１６號五樓之３,10.52,住,,,1110709,土地1建物1車位0,五層,七層,華廈(10層含以下有電梯),住家用,971009.0,46.81,1,1,1,有,有,11650000,248878.0,,0.0,0,其他增建；,RPXOMLLLPHHGFEA38DA,21.79,4.05,4.62,有,465.0,14.0
大安區,房地(土地+建物),大安路一段１６巷１３號三樓之９,9.93,住,,,1110717,土地1建物1車位0,三層,九層,華廈(10層含以下有電梯),住家用,881222.0,38.12,1,1,1,有,有,13800000,362015.0,,0.0,0,,RPOQMLPLNHHGFFA08EA,23.4,0.79,4.24,有,466.0,23.0
南港區,房地(土地+建物)+車位,松河街７７０號五樓,28.73,住,,,1110714,土地1建物1車位1,五層,七層,華廈(10層含以下有電梯),住家用,981207.0,123.38,2,2,1,有,有,23180000,187875.0,坡道平面,18.19,0,陽台外推；其他增建；,RPROMLTJQHHGFDA38DA,52.06,6.65,6.67,有,,13.0
文山區,房地(土地+建物),興隆路三段１８５巷３弄２號四樓,40.15,住,,,1110728,土地7建物1車位0,四層,五層,公寓(5樓含以下無電梯),住家用,720823.0,129.26,3,2,2,有,有,12880000,99644.0,,0.0,0,,RPUNMLSKQHHGFAA38EA,88.35,0.0,29.12,無,,39.0
大同區,建物,昌吉街１１０巷２１號三樓,0.0,,,,1110722,土地0建物1車位0,三層,四層,公寓(5樓含以下無電梯),住家用,650716.0,88.06,2,1,1,有,無,2400000,27254.0,,0.0,0,,RPUNMLSKQHHGFBA48EA,79.79,0.0,8.27,無,,46.0
信義區,房地(土地+建物),永吉路２７８巷５７弄２６號三樓,30.62,住,,,1110722,土地1建物1車位0,三層，陽臺,四層,公寓(5樓含以下無電梯),住家用,620620.0,101.17,3,2,2,有,無,22000000,217456.0,,0.0,0,陽台外推；,RPTNMLSKQHHGFDA58EA,101.17,0.0,0.0,無,,49.0
大安區,房地(土地+建物),辛亥路三段１５７巷２４弄９號二樓,45.75,住,,,1110709,土地1建物1車位0,二層，陽臺,四層,公寓(5樓含以下無電梯),住家用,,108.13,4,2,1,有,無,18000000,166466.0,,0.0,0,陽台外推；其他增建；,RPXNMLMJQHHGFFA38DA,108.13,0.0,0.0,無,,
南港區,房地(土地+建物),興華路７６巷５號二樓,27.15,住,,,1110709,土地1建物1車位0,二層,四層,公寓(5樓含以下無電梯),住家用,690121.0,85.15,3,2,1,有,無,18700000,219612.0,,0.0,0,陽台外推；,RPSRMLRJPHHGFDA58EA,72.87,0.0,12.28,無,,42.0
大安區,房地(土地+建物),敦化南路二段４６號十四樓之１０,6.35,住,,,1110722,土地1建物1車位0,十四層，陽臺,十六層,住宅大樓(11層含以上有電梯),住家用,640602.0,50.32,1,1,1,有,有,18300000,363672.0,,0.0,0,,RPTOMLTLPHHGFFA88DA,50.32,0.0,0.0,有,471.0,47.0
大同區,房地(土地+建物)+車位,迪化街二段１７２巷２８號七樓之１,16.02,住,,,1110725,土地2建物1車位1,七層,十一層,住宅大樓(11層含以上有電梯),住家用,900926.0,85.52,3,2,1,有,有,17600000,205800.0,塔式車位,3.4,0,陽台外推；,RPOOMLSKQHHGFBA97EA,51.43,0.0,8.6,有,473.0,21.0
中山區,房地(土地+建物)+車位,北安路６３０巷１７號三樓,35.96,住,,,1110724,土地1建物1車位1,三層,八層,華廈(10層含以下有電梯),住家用,830722.0,224.75,3,2,2,有,有,61500000,321588.0,坡道平面,42.84,3000000,陽台外推；,RPRNMLMLQHHGFCA67DA,179.76,4.51,20.35,有,,28.0
內湖區,房地(土地+建物)+車位,五分街９８號二樓,17.43,住,,,1110731,土地1建物1車位1,二層,十二層,住宅大樓(11層含以上有電梯),住家用,1110113.0,125.43,2,2,2,有,有,23500000,187355.0,坡道平面,0.0,0,,RPPNMLTKQHHGFCA18EA,55.11,1.8,5.68,有,478.0,1.0
北投區,房地(土地+建物),中央北路四段１８巷５號五樓,28.66,住,,,1110717,土地1建物1車位0,五層,五層,公寓(5樓含以下無電梯),住家用,680919.0,93.03,2,1,1,有,無,9500000,102118.0,,0.0,0,頂樓加蓋；,RPUNMLTKQHHGFEA78DA,82.85,0.0,10.18,無,479.0,43.0
內湖區,房地(土地+建物)+車位,星雲街１６５號九樓之４,13.24,,,,1110721,土地1建物1車位1,九層,十四層,住宅大樓(11層含以上有電梯),住家用,880901.0,89.5,2,2,2,有,有,19300000,215642.0,坡道機械,0.0,0,夾層；,RPPNMLMLQHHGFCA57EA,49.66,0.0,3.73,有,,23.0
南港區,房地(土地+建物)+車位,經貿二路２３５巷３０號四樓,14.82,住,,,1110717,土地1建物1車位1,四層,十層,華廈(10層含以下有電梯),住家用,1031002.0,92.08,1,2,1,有,有,24880000,287509.0,其他,12.5,2000000,,RPORMLRJPHHGFDA18EA,46.89,1.69,6.24,有,484.0,8.0
內湖區,房地(土地+建物)+車位,內湖路一段９１巷５５號三樓之２,27.02,住,,,1110719,土地1建物1車位1,三層,十一層,住宅大樓(11層含以上有電梯),住家用,921205.0,133.21,3,2,2,有,有,26300000,197433.0,坡道機械,19.07,0,夾層；,RPVPMLNJQHHGFCA18DA,68.18,4.01,7.35,有,,19.0
萬華區,房地(土地+建物),國興路８號六樓,17.51,住,,,1110725,土地1建物1車位0,六層,十二層,住宅大樓(11層含以上有電梯),住家用,680403.0,63.09,3,2,1,有,有,11000000,174354.0,,0.0,0,陽台外推；其他增建；,RPUOMLSJQHHGFBA38DA,55.83,0.0,7.26,有,,43.0
內湖區,房地(土地+建物)+車位,文德路２７５號三樓之２,8.12,住,,,1110730,土地1建物1車位1,三層,十層,華廈(10層含以下有電梯),住家用,950417.0,48.53,1,1,1,有,有,10000000,206058.0,坡道平面,0.0,0,陽台外推；夾層；其他增建；,RPOQMLNJQHHGFCA57DA,22.42,0.0,1.65,有,,16.0
內湖區,房地(土地+建物)+車位,五分街９７號四樓,30.3,住,,,1110716,土地1建物1車位1,四層，電梯樓梯間,八層,華廈(10層含以下有電梯),住家用,861203.0,129.15,3,2,2,有,有,22180000,171738.0,坡道平面,0.0,0,其他增建；,RPROMLSJQHHGFCA18DA,79.47,3.03,10.53,有,,25.0
信義區,房地(土地+建物),忠孝東路五段３７２巷２７弄７０號三樓,16.14,住,,,1110703,土地1建物1車位0,三層,七層,華廈(10層含以下有電梯),住家用,710608.0,78.77,2,2,1,有,有,20600000,261521.0,,0.0,0,陽台外推；其他增建；,RPQRMLRJPHHGFDA38EA,54.1,1.57,7.94,有,,40.0
信義區,房地(土地+建物),虎林街４０巷２０號五樓,24.62,住,,,1110724,土地1建物1車位0,五層,五層,公寓(5樓含以下無電梯),住家用,740517.0,104.03,5,3,3,有,無,20500000,197059.0,,0.0,0,頂樓加蓋；,RPRNMLTKQHHGFDA48EA,87.74,0.0,10.52,無,,37.0
信義區,房地(土地+建物),信安街１５９之１號六樓,10.14,住,,,1110716,土地1建物1車位0,六層,十二層,住宅大樓(11層含以上有電梯),住家用,720712.0,87.77000000000001,1,2,1,有,有,20000000,227868.0,,0.0,0,陽台外推；其他增建；,RPVPMLNJQHHGFDA28DA,66.31,0.0,5.34,有,,39.0
中山區,房地(土地+建物),復興北路４５８號十樓之１,6.51,住,,,1110702,土地1建物1車位0,十層,十三層,住宅大樓(11層含以上有電梯),住家用,910207.0,45.67,0,1,1,有,有,12500000,273703.0,,0.0,0,陽台外推；夾層；其他增建；,RPRRMLLKPHHGFCA77DA,27.74,0.0,3.95,有,,20.0
士林區,房地(土地+建物)+車位,基河路３００巷２７號五樓,34.94,住,,,1110726,土地1建物1車位1,五層,十三層,住宅大樓(11層含以上有電梯),住家用,1101117.0,224.43,3,2,2,有,有,54800000,269797.0,坡道平面,30.21,2400000,,RPSPMLTJQHHGFEA68DA,111.16,5.7,9.76,有,,1.0
北投區,房地(土地+建物),自強街６１巷５弄７號三樓,27.59,住,,,1110710,土地2建物1車位0,三層,五層,公寓(5樓含以下無電梯),住家用,730322.0,125.26,4,2,2,有,無,19280000,153920.0,,0.0,0,陽台外推；其他增建；,RPVOMLKKQHHGFEA08DA,99.28,0.0,10.61,無,,38.0
南港區,房地(土地+建物)+車位,經貿一路５９號三樓之３,17.37,住,,,1110711,土地1建物1車位1,三層,九層,華廈(10層含以下有電梯),住家用,981001.0,54.81,1,1,1,有,有,10500000,191571.0,坡道機械,0.0,0,陽台外推；,RPQOMLTKQHHGFDA38DA,20.91,0.92,1.59,有,488.0,13.0
文山區,房地(土地+建物)+車位,和平東路四段６５巷９弄２之５號,158.0,住,,,1110719,土地1建物1車位1,全,三層,透天厝,住家用,701123.0,255.08,3,2,2,有,有,37000000,145053.0,一樓平面,15.0,0,頂樓加蓋；,RPSNMLLLQHHGFAA47DA,201.02,35.96,18.1,無,,41.0
北投區,房地(土地+建物),立農街二段２０２巷５弄７號,25.0,住,,,1110714,土地1建物1車位0,一層，平台,四層,公寓(5樓含以下無電梯),住家用,651228.0,87.95,3,2,2,有,無,19450000,221148.0,,0.0,0,,RPVOMLTKQHHGFEA09EA,87.95,0.0,0.0,無,,46.0
中山區,房地(土地+建物),建國北路三段２２巷１７號四樓,8.66,住,,,1110707,土地1建物1車位0,四層,五層,華廈(10層含以下有電梯),住家用,811007.0,50.12,1,1,1,有,無,6500000,129689.0,,0.0,0,,RPTNMLSKPHHGFCA28DA,33.13,0.0,4.48,有,,30.0
北投區,房地(土地+建物),吉利街２５７巷５弄１５號五樓,25.71,住,,,1110731,土地1建物1車位0,五層,五層,公寓(5樓含以下無電梯),住家用,740301.0,95.06,3,2,2,有,無,14000000,147275.0,,0.0,0,陽台外推；,RPUPMLNLQHHGFEA58EA,78.57,0.0,8.01,無,494.0,37.0
士林區,房地(土地+建物)+車位,通河街２５號六樓,18.66,住,,,1110715,土地1建物1車位1,六層,八層,華廈(10層含以下有電梯),住家用,1011112.0,136.76,4,2,1,有,有,25000000,216290.0,升降平面,34.12,2800000,夾層；其他增建；,RPPNMLNKQHHGFEA67DA,46.08,2.77,13.02,有,,10.0
士林區,房地(土地+建物),重慶北路四段２２２號八樓之５,13.33,住,,,1110718,土地2建物1車位0,八層,十四層,住宅大樓(11層含以上有電梯),住家用,1060413.0,85.38,1,2,1,有,有,16000000,187398.0,,0.0,0,陽台加窗夾層；其他增建；,RPOPMLSKPHHGFEA18DA,45.21,4.38,7.05,有,,5.0
中正區,房地(土地+建物)+車位,重慶南路三段４５號十九樓,41.94,住,,,1110711,土地2建物1車位1,十九層,二十一層,住宅大樓(11層含以上有電梯),住家用,1100915.0,240.16000000000005,3,2,2,有,有,104460000,502065.0,坡道平面,39.17,3550000,,RPPNMLLLPHHGFAA07DA,108.88,10.6,11.95,有,,1.0
文山區,房地(土地+建物)+車位,和平東路四段６６巷１１號十六樓,104.45,住,,,1110715,土地2建物1車位1,十六層,十六層,住宅大樓(11層含以上有電梯),住家用,860529.0,279.15999999999997,3,1,4,有,有,34650000,139452.0,坡道平面,45.02,2000000,,RPXPMLPKQHHGFAA48DA,165.31,7.46,18.36,有,,25.0
文山區,房地(土地+建物)+車位,和平東路四段６６巷１３號十六樓,103.69,住,,,1110715,土地2建物1車位1,十六層,十六層,住宅大樓(11層含以上有電梯),住家用,860529.0,277.4,2,2,1,有,有,34650000,140509.0,坡道平面,45.02,2000000,,RPVQMLPKQHHGFAA38DA,163.43,7.1,19.34,有,,25.0
中正區,房地(土地+建物)+車位,水源路３７之２號九樓,10.42,住,,,1110718,土地2建物2車位1,九層,十三層,住宅大樓(11層含以上有電梯),住家用,1070223.0,117.11,2,1,1,有,有,22000000,187858.0,坡道平面,32.06,0,,RPWNMLMLQHHGFAA97DA,45.42,4.05,5.44,有,,4.0
內湖區,房地(土地+建物),星雲街１６８巷３５號二樓,8.93,住,,,1110719,土地1建物1車位0,二層,二十一層,住宅大樓(11層含以上有電梯),住家用,860124.0,45.68,2,2,1,有,有,10680000,233800.0,,0.0,0,陽台外推；夾層；其他增建；,RPOPMLLJQHHGFCA27DA,27.97,0.41,2.17,有,,25.0
南港區,房地(土地+建物)+車位,舊莊街一段２１２巷１２號四樓,38.23,住,,,1110725,土地2建物1車位1,四層,五層,華廈(10層含以下有電梯),住家用,1050325.0,93.85,1,1,2,有,有,13480000,143633.0,坡道機械,25.3,0,,RPUNMLTKQHHGFDA68DA,37.97,0.0,3.09,有,,6.0
信義區,房地(土地+建物),忠孝東路五段６２１巷１１號五樓,36.2,住,,,1110715,土地2建物1車位0,五層,五層,公寓(5樓含以下無電梯),住家用,700519.0,123.68,5,3,3,有,無,24880000,201164.0,,0.0,0,陽台外推；頂樓加蓋；,RPQSMLRJPHHGFDA48EA,110.29,0.0,13.39,無,,41.0
文山區,房地(土地+建物),興隆路二段２１７巷２弄６號二樓,43.4,住,,,1110715,土地1建物1車位0,二層，陽臺,四層,公寓(5樓含以下無電梯),住家用,631128.0,129.88,3,2,2,有,無,18000000,138589.0,,0.0,0,其他增建；,RPQOMLTJQHHGFAA97DA,129.88,0.0,0.0,無,,48.0
中正區,房地(土地+建物),牯嶺街１３０號二樓,29.85,住,,,1110723,土地1建物1車位0,二層,五層,公寓(5樓含以下無電梯),住家用,790407.0,95.82,2,1,2,有,無,20000000,208725.0,,0.0,0,,RPQOMLMLQHHGFAA57EA,76.86,1.82,8.37,無,,32.0
中正區,房地(土地+建物),羅斯福路三段２４４巷２弄１０號,39.99,住,,,1110721,土地1建物1車位0,一層，電梯樓梯間,五層,公寓(5樓含以下無電梯),住家用,841017.0,138.32,3,2,2,有,無,40000000,289184.0,,0.0,0,,RPQNMLMLQHHGFAA37DA,93.22,10.15,0.0,無,,27.0
北投區,房地(土地+建物)+車位,三合街一段３８號八樓,27.39,住,,,1110704,土地1建物1車位1,八層,十層,華廈(10層含以下有電梯),住家用,1061222.0,185.21,2,2,2,有,有,38000000,205173.0,坡道平面,45.56,0,車位編號：19號。,RPSOMLPKQHHGFEA28DA,78.6,5.92,9.4,有,503.0,5.0
士林區,房地(土地+建物),中山北路六段７５４巷３之１號三樓,42.4,住,,,1110719,土地1建物1車位0,三層,五層,公寓(5樓含以下無電梯),住家用,740624.0,148.04,4,2,2,有,無,24500000,165496.0,,0.0,0,儲藏室*1陽台外推；,RPQNMLQJQHHGFEA97DA,124.11,0.0,20.23,無,,37.0
中正區,房地(土地+建物),中華路二段３８１巷２號四樓,34.33,住,,,1110721,土地1建物1車位0,四層，陽臺,四層,公寓(5樓含以下無電梯),住家用,640222.0,97.94,4,1,2,有,無,13880000,141719.0,,0.0,0,,RPSNMLMLQHHGFAA57DA,97.94,0.0,0.0,無,,47.0
內湖區,房地(土地+建物)+車位,星雲街１５２號十五樓,37.08,住,,,1110716,土地1建物1車位1,十五層，十六層,十六層,住宅大樓(11層含以上有電梯),住家用,841023.0,233.19,4,2,3,有,有,42880000,183884.0,坡道平面,0.0,0,陽台外推；其他增建；,RPTPMLTLPHHGFCA68DA,178.82,22.96,13.04,有,508.0,27.0
士林區,房地(土地+建物),文林路７６５號五樓之７,16.45,住,,,1110718,土地1建物1車位0,五層,十一層,住宅大樓(11層含以上有電梯),住家用,700204.0,142.14,4,2,2,有,有,21000000,147742.0,,0.0,0,陽台外推；,RPUNMLMLQHHGFEA28EA,104.42,0.0,17.17,有,,41.0
內湖區,房地(土地+建物),康樂街７６巷７號四樓,25.29,住,,,1110716,土地3建物1車位0,四層,五層,公寓(5樓含以下無電梯),住家用,731115.0,93.17,3,2,2,有,無,14000000,150263.0,,0.0,0,其他增建；,RPSPMLLJQHHGFCA67DA,78.12,0.0,8.11,無,,38.0
文山區,房地(土地+建物)+車位,汀州路四段２６７號三樓,35.52,住,,,1110727,土地1建物1車位1,三層,十四層,住宅大樓(11層含以上有電梯),住家用,991104.0,179.66000000000005,3,2,2,有,有,33000000,183680.0,坡道平面,0.0,0,,RPSNMLSKQHHGFAA08DA,96.05,0.0,10.99,有,510.0,12.0
文山區,房地(土地+建物),興隆路四段６６巷１３號四樓,35.5,住,,,1110711,土地1建物1車位0,四層，陽臺,四層,公寓(5樓含以下無電梯),住家用,650427.0,64.59,2,2,1,有,無,9930000,153739.0,,0.0,0,陽台外推；其他增建；,RPWNMLTLPHHGFAA58DA,64.59,0.0,0.0,無,,46.0
信義區,房地(土地+建物)+車位,忠孝東路五段７１巷１２弄８號三樓,12.43,住,,,1110724,土地1建物1車位1,三層,七層,華廈(10層含以下有電梯),住家用,980810.0,79.19999999999999,1,1,1,有,有,19350000,327112.0,升降機械,26.16,2000000,※增建：前陽台。陽台外推；,RPQPMLTKQHHGFDA48DA,24.96,7.17,2.42,有,,13.0
士林區,房地(土地+建物),德行東路１３２巷７弄１號二樓,44.42,住,,,1110730,土地4建物1車位0,二層,五層,公寓(5樓含以下無電梯),住家用,710428.0,116.14,4,2,2,有,無,19370000,166781.0,,0.0,0,,RPSPMLMLQHHGFEA28EA,109.18,0.04,6.93,無,,40.0
中山區,房地(土地+建物)+車位,南京東路三段１９４巷３號三樓之２,23.56,住,,,1110725,土地1建物1車位1,三層,六層,華廈(10層含以下有電梯),住家用,1110315.0,130.31,1,2,2,有,有,37230000,367380.0,升降平面,36.32,2700000,,RPSOMLTKQHHGFCA48DA,50.64,6.27,4.43,有,,
文山區,房地(土地+建物),辛亥路四段２２２巷２３號五樓,22.99,住,,,1110714,土地2建物1車位0,五層,五層,公寓(5樓含以下無電梯),住家用,690725.0,83.11,2,2,1,有,無,9700000,116713.0,,0.0,0,其他增建；,RPWNMLNLQHHGFAA08DA,55.05,28.06,0.0,無,516.0,42.0
大安區,房地(土地+建物),溫州街７４巷１２號四樓之２,19.71,住,,,1110711,土地1建物1車位0,四層,五層,公寓(5樓含以下無電梯),住家用,680109.0,57.26,2,2,1,有,無,15000000,261963.0,,0.0,0,陽台外推；其他增建；,RPUOMLRKQHHGFFA78DA,52.45,0.0,4.81,無,,44.0
中山區,房地(土地+建物)+車位,南京東路三段１９４巷３號五樓,32.6,住,,,1110714,土地1建物1車位1,五層,六層,華廈(10層含以下有電梯),住家用,1110315.0,166.20999999999998,2,2,2,有,有,52200000,371853.0,坡道平面,36.32,3900000,,RPTOMLTKQHHGFCA58DA,67.0,7.33,10.44,有,,
內湖區,房地(土地+建物)+車位,大湖山莊街５８之２號三樓,28.65,住,,,1110724,土地1建物1車位1,三層,三層,公寓(5樓含以下無電梯),住家用,830624.0,84.36,2,2,1,有,無,13860000,164296.0,升降機械,0.0,0,陽台外推；其他增建；,RPQPMLNJQHHGFCA67DA,43.79,1.55,5.67,無,519.0,28.0
士林區,房地(土地+建物),文昌路１６９巷３６號二樓,38.75,住,,,1110719,土地2建物1車位0,二層,四層,公寓(5樓含以下無電梯),住家用,621214.0,82.56,3,2,2,有,無,15500000,187742.0,,0.0,0,陽台外推；其他增建；,RPQPMLQKQHHGFEA28DA,82.56,0.0,0.0,無,,49.0
南港區,房地(土地+建物),玉成街２０１巷４弄９號三樓,22.0,住,,,1110721,土地1建物1車位0,三層，陽臺,四層,公寓(5樓含以下無電梯),住家用,650519.0,71.62,3,2,1,有,無,16500000,230383.0,,0.0,0,,RPSSMLRJPHHGFDA68EA,71.62,0.0,0.0,無,,46.0
內湖區,房地(土地+建物),內湖路二段１１４之１號三樓,17.73,住,,,1110714,土地1建物1車位0,三層,七層,華廈(10層含以下有電梯),住家用,730313.0,92.14,3,2,1,有,有,20600000,223573.0,,0.0,0,其他增建；,RPQOMLNLQHHGFCA77DA,81.15,0.0,7.75,有,,38.0
內湖區,房地(土地+建物),麗山街３４８巷１９之１號三樓,21.91,住,,,1110731,土地1建物1車位0,三層,五層,公寓(5樓含以下無電梯),住家用,720722.0,98.5,3,2,1,有,無,16800000,170558.0,,0.0,0,,RPVQMLOJQHHGFCA38DA,71.12,0.0,7.03,無,,39.0
內湖區,房地(土地+建物)+車位,民權東路六段２８９巷２３號二樓,79.54,住,,,1110728,土地1建物1車位2,二層,五層,華廈(10層含以下有電梯),住家用,1101007.0,222.18,3,2,3,有,有,39800000,179134.0,坡道平面,69.66,0,,RPQQMLMLQHHGFCA87DA,93.95,5.87,8.78,有,,1.0
大安區,房地(土地+建物),安和路二段７１巷１０號二樓,39.27,住,,,1110727,土地1建物1車位0,二層,五層,華廈(10層含以下有電梯),住家用,741114.0,151.8,2,2,2,有,無,43000000,283267.0,,0.0,0,陽台外推；,RPVNMLSKQHHGFFA88DA,122.4,0.0,13.65,有,523.0,37.0
中山區,房地(土地+建物),基湖路１５１巷２１號二樓之８,17.89,住,,,1110726,土地1建物1車位0,二層,五層,華廈(10層含以下有電梯),住家用,930630.0,44.07,1,1,1,有,有,10770000,244384.0,,0.0,0,,RPRPMLQKQHHGFCA18DA,24.38,0.0,2.6,有,,18.0
北投區,房地(土地+建物),吉利街３２０巷６弄４號三樓,23.12,住,,,1110730,土地1建物1車位0,三層,四層,公寓(5樓含以下無電梯),住家用,590130.0,49.65,2,2,1,有,無,10350000,208459.0,,0.0,0,陽台外推；其他增建；,RPQPMLPJQHHGFEA08DA,45.16,0.0,4.49,無,,53.0
內湖區,房地(土地+建物),安泰街７９巷５之１號四樓,22.83,住,,,1110717,土地1建物1車位0,四層,八層,華廈(10層含以下有電梯),住家用,831221.0,71.36999999999999,2,2,1,有,有,11600000,162533.0,,0.0,0,陽台外推；其他增建；,RPRNMLMJQHHGFCA47DA,57.69,0.0,7.55,有,,28.0
中山區,房地(土地+建物)+車位,南京東路三段１９４巷３號三樓,32.6,住,,,1110713,土地1建物1車位1,三層,六層,華廈(10層含以下有電梯),住家用,1110315.0,166.20999999999998,2,2,2,有,有,49680000,356301.0,坡道平面,36.32,3400000,,RPUOMLTKQHHGFCA68DA,67.0,7.33,10.44,有,,
文山區,房地(土地+建物),景興路４２巷６弄１號二樓,47.03,住,,,1110704,土地1建物1車位0,二層，陽臺,四層,公寓(5樓含以下無電梯),住家用,640602.0,116.71,1,2,2,有,無,19300000,165367.0,,0.0,0,其他增建；,RPSNMLTKQHHGFAA18DA,116.71,0.0,0.0,無,,47.0
大安區,房地(土地+建物),忠孝東路四段１８１巷４０弄１５號五樓,33.07,住,,,1110710,土地1建物1車位0,五層,五層,公寓(5樓含以下無電梯),住家用,741015.0,144.0,4,2,2,有,無,39200000,272222.0,,0.0,0,陽台外推；頂樓加蓋；,RPTNMLPJQHHGFFA28DA,122.29,0.0,21.71,無,527.0,37.0
大同區,房地(土地+建物),大龍街１５９巷１８弄２號三樓,23.0,住,,,1110727,土地2建物1車位0,三層,四層,公寓(5樓含以下無電梯),住家用,,70.91,3,1,1,有,無,13100000,184741.0,,0.0,0,陽台外推；其他增建；,RPSOMLOLQHHGFBA08EA,67.08,0.0,3.83,無,529.0,
中山區,房地(土地+建物)+車位,南京東路三段１９４巷３號五樓之２,23.56,住,,,1110720,土地1建物1車位1,五層,六層,華廈(10層含以下有電梯),住家用,1110315.0,130.31,1,2,2,有,有,37800000,373444.0,升降平面,36.32,2700000,,RPROMLTKQHHGFCA38DA,50.64,6.27,4.43,有,,
南港區,房地(土地+建物),南港路一段１８８之１號,21.87,住,,,1110719,土地2建物2車位0,一層,五層,公寓(5樓含以下無電梯),住家用,691017.0,89.18,3,2,2,有,無,23880000,267773.0,,0.0,0,本案賣方自取得所有權迄今，皆未曾進入該房屋及使用，買方確已知悉,RPWNMLOLQHHGFDA48DA,71.17,9.93,0.0,無,252.0,42.0
士林區,房地(土地+建物),天母東路８巷５１號五樓,26.01,住,,,1110721,土地4建物1車位0,五層,七層,華廈(10層含以下有電梯),住家用,701214.0,142.3,3,2,2,有,有,31600000,222066.0,,0.0,0,陽台加窗其他增建；,RPTOMLMLQHHGFEA18DA,105.06,0.0,14.99,有,,41.0
中山區,房地(土地+建物)+車位,南京東路三段１９４巷３號二樓之１,31.01,住,,,1110724,土地1建物1車位1,二層,六層,華廈(10層含以下有電梯),住家用,1110315.0,159.67000000000002,2,1,2,有,有,46600000,348602.0,坡道平面,36.32,3600000,,RPRPMLMLQHHGFCA87DA,64.91,9.94,5.65,有,,
中山區,房地(土地+建物)+車位,南京東路三段１９４巷３號六樓之１,21.89,住,,,1110712,土地1建物1車位1,六層,六層,華廈(10層含以下有電梯),住家用,1110315.0,122.92000000000002,1,2,2,有,有,40180000,423557.0,坡道平面,36.32,3500000,建物含有約定專用露臺。,RPWOMLTKQHHGFCA88DA,49.06,0.0,7.46,有,,
中山區,房地(土地+建物),南京東路三段１９４巷３號四樓之５,20.75,住,,,1110710,土地1建物1車位0,四層,六層,華廈(10層含以下有電梯),住家用,1110315.0,83.17,1,2,2,有,有,31800000,382349.0,,0.0,0,,RPOPMLTKQHHGFCA18DA,45.79,4.21,4.28,有,,
內湖區,房地(土地+建物)+車位,南京東路六段１８０號二樓,27.41,住,,,1110714,土地1建物1車位1,二層,十一層,住宅大樓(11層含以上有電梯),住家用,970422.0,161.31,2,1,2,有,有,27000000,167380.0,坡道機械,28.94,0,陽台外推；其他增建；,RPPNMLOLQHHGFCA67DA,80.81,1.58,8.68,有,,14.0
松山區,房地(土地+建物)+車位,敦化南路一段３號十六樓之２,16.78,住,,,1110721,土地2建物1車位2,十六層,二十三層,住宅大樓(11層含以上有電梯),住家用,1100203.0,268.85,3,2,2,有,有,126660000,591527.0,坡道平面,66.56,7000000,,RPPSMLRJPHHGFDA38EA,112.9,7.35,12.94,有,,1.0
內湖區,房地(土地+建物),陽光街９２巷２４弄２５號四樓,25.12,住,,,1110724,土地1建物1車位0,四層,四層,公寓(5樓含以下無電梯),住家用,711023.0,85.00999999999999,3,2,1,有,無,14500000,170568.0,,0.0,0,,RPUOMLMLQHHGFCA08DA,59.57,2.95,11.81,無,532.0,40.0
內湖區,房地(土地+建物),環山路二段２６巷１１號五樓,22.51,住,,,1110724,土地2建物1車位0,五層,五層,公寓(5樓含以下無電梯),住家用,701001.0,90.11,3,2,2,有,無,9770000,108423.0,,0.0,0,,RPVQMLNLQHHGFCA48DA,65.39,7.66,8.53,無,,41.0
信義區,房地(土地+建物),忠孝東路五段７１巷１２弄８號三樓之１,7.22,住,,,1110724,土地1建物1車位0,三層,七層,華廈(10層含以下有電梯),住家用,980810.0,32.17,1,1,1,有,有,10700000,332608.0,,0.0,0,※增建：前陽台。陽台外推；,SPQPMLTKQHHGFDA58DA,16.13,2.36,2.42,有,533.0,13.0
內湖區,房地(土地+建物),江南街７１巷１６弄２３號二樓,48.1,住,,,1110705,土地1建物1車位0,二層，三層,五層,公寓(5樓含以下無電梯),住家用,781117.0,145.59,4,2,3,有,無,25680000,176386.0,,0.0,0,,RPWQMLNLQHHGFCA58DA,118.05,0.63,15.18,無,,33.0
北投區,房地(土地+建物),中央北路三段２５４號四樓,28.25,住,,,1110710,土地1建物1車位0,四層,五層,公寓(5樓含以下無電梯),住家用,700130.0,114.51,3,2,2,有,無,12100000,105668.0,,0.0,0,陽台外推；其他增建；,RPQOMLLJQHHGFEA57DA,92.97,0.0,21.54,無,534.0,41.0
大同區,房地(土地+建物),民權西路１６０巷１８弄８號七樓之１,8.0,住,,,1110716,土地1建物1車位0,七層,十八層,住宅大樓(11層含以上有電梯),住家用,1101227.0,60.96,1,2,1,有,有,16600000,272310.0,,0.0,0,,RPXQMLSKNHHGFBA78EA,33.76,2.0,4.99,有,,1.0
內湖區,房地(土地+建物)+車位,江南街９６巷３號三樓,14.57,住,,,1110730,土地1建物1車位1,三層，電梯樓梯間,十六層,住宅大樓(11層含以上有電梯),住家用,851113.0,98.95,2,2,1,有,有,20300000,205154.0,坡道機械,0.0,1800000,陽台外推；其他增建；,RPOPMLKKQHHGFCA27DA,60.47,0.0,4.66,有,,26.0
士林區,房地(土地+建物),雨聲街５３巷１號,38.64,住,,,1110722,土地1建物1車位0,一層,四層,公寓(5樓含以下無電梯),住家用,670517.0,103.84,2,2,1,有,無,24000000,231125.0,,0.0,0,平台、後方其他增建；,RPVQMLNLQHHGFEA68DA,90.43,13.41,0.0,無,,44.0
中山區,房地(土地+建物),合江街１９號三樓,18.75,住,,,1110723,土地1建物1車位0,三層,四層,公寓(5樓含以下無電梯),住家用,600124.0,62.92,3,0,3,有,無,14500000,230451.0,,0.0,0,陽台外推；,RPSOMLOLQHHGFCA18EA,58.59,0.0,4.33,無,537.0,51.0
信義區,房地(土地+建物),吳興街６００巷６０號五樓之５,12.5,住,,,1110723,土地1建物1車位0,五層,七層,華廈(10層含以下有電梯),住家用,1100503.0,50.709999999999994,1,1,1,有,有,16680000,328929.0,,0.0,0,,RPPNMLNLQHHGFDA67DA,27.08,1.53,2.29,有,,1.0
士林區,房地(土地+建物),承德路四段４０巷５０號四樓之６,12.82,住,,,1110728,土地1建物1車位0,三層,五層,公寓(5樓含以下無電梯),住家用,591008.0,35.6,2,1,1,有,有,5200000,146067.0,,0.0,0,,RPVNMLPLQHHGFEA68EA,32.4,1.85,1.35,無,,52.0
內湖區,房地(土地+建物)+車位,民權東路六段２８０巷１５５弄１７號九樓,29.74,住,,,1110721,土地1建物1車位2,九層,十四層,住宅大樓(11層含以上有電梯),住家用,1031231.0,263.28999999999996,3,2,2,有,有,53000000,201299.0,坡道平面,0.0,0,其他增建；,RPUOMLLJQHHGFCA77DA,114.52,8.08,12.91,有,538.0,8.0
中山區,房地(土地+建物),龍江路２９２巷１４號,46.0,住,,,1110727,土地1建物1車位0,一層,四層,公寓(5樓含以下無電梯),住家用,580911.0,125.58,3,1,1,有,無,35300000,281096.0,,0.0,0,陽台外推；,RPTOMLOLQHHGFCA18DA,103.05,0.0,22.53,無,,53.0
內湖區,房地(土地+建物),文德路９０巷２０號四樓,18.87,住,,,1110714,土地1建物1車位0,四層,五層,公寓(5樓含以下無電梯),住家用,710610.0,74.6,2,2,2,有,無,14300000,191689.0,,0.0,0,,RPWQMLMKQHHGFCA38DA,57.82,0.0,16.78,無,,40.0
文山區,房地(土地+建物),辛亥路五段１１４號五樓,24.49,住,,,1110708,土地1建物1車位0,五層,五層,公寓(5樓含以下無電梯),住家用,700605.0,116.45,3,2,2,有,無,12500000,107342.0,,0.0,0,,RPWNMLOLQHHGFAA18DA,94.43,0.0,22.02,無,540.0,41.0
文山區,房地(土地+建物)+車位,光輝路１５０號八樓,25.53,住,,,1110722,土地1建物1車位1,八層,八層,華廈(10層含以下有電梯),住家用,861003.0,117.78,2,2,1,有,有,18200000,154525.0,坡道平面,0.0,0,陽台外推；其他增建；,RPTNMLOLQHHGFAA87DA,54.42,17.44,7.81,有,542.0,25.0
士林區,房地(土地+建物),社子街３４號四樓,27.18,住,,,1110716,土地1建物2車位0,四層,六層,華廈(10層含以下有電梯),住家用,860703.0,101.11,2,2,1,有,有,15500000,153298.0,,0.0,0,陽台外推；其他增建；,RPRNMLMJQHHGFEA67DA,55.98,2.24,6.91,有,,25.0
信義區,房地(土地+建物),忠孝東路四段５５９巷８號二樓,27.56,住,,,1110715,土地1建物1車位0,二層,七層,華廈(10層含以下有電梯),住家用,711202.0,142.59,3,2,2,有,無,48000000,336629.0,,0.0,0,陽台外推；其他增建；,RPTOMLTJQHHGFDA58DA,119.48,0.0,16.95,有,,40.0
南港區,房地(土地+建物),忠孝東路六段１８８巷６號三樓,29.33,住,,,1110729,土地1建物1車位0,三層，陽臺,三層,公寓(5樓含以下無電梯),住家用,,73.61,3,1,1,有,無,12500000,169814.0,,0.0,0,,RPTTMLRJPHHGFDA88EA,73.61,0.0,0.0,無,,
信義區,房地(土地+建物)+車位,市民大道六段１０８號七樓,9.48,住,,,1110730,土地1建物1車位1,七層,十二層,住宅大樓(11層含以上有電梯),住家用,1110414.0,61.0,1,1,1,有,有,16280000,314174.0,升降機械,15.07,1850000,,RPOPMLTKQHHGFDA28DA,23.35,1.61,4.01,有,551.0,
中山區,房地(土地+建物),合江街１０５巷１號二樓,18.91,住,,,1110707,土地4建物1車位0,二層,四層,公寓(5樓含以下無電梯),住家用,660330.0,61.32,2,2,1,有,無,12500000,203849.0,,0.0,0,陽台外推；其他增建；,RPUOMLTJQHHGFCA58DA,53.4,0.0,7.92,無,,45.0
文山區,房地(土地+建物)+車位,福興路１０６巷２７號二樓,29.87,住,,,1110723,土地1建物2車位2,二層,十四層,住宅大樓(11層含以上有電梯),住家用,1010827.0,206.76,3,2,2,有,有,28600000,181684.0,坡道平面,71.36,4000000,,RPUOMLMLQHHGFAA87DA,75.28,8.91,5.06,有,553.0,10.0
松山區,房地(土地+建物),寶清街１８之７號二樓,33.49,住,,,1110727,土地1建物1車位0,二層,四層,公寓(5樓含以下無電梯),住家用,640220.0,92.4,3,2,1,有,無,17300000,187229.0,,0.0,0,,RPVNMLPLQHHGFDA48DA,92.4,0.0,0.0,無,,47.0
南港區,房地(土地+建物),研究院路二段１８２巷７８弄４號二樓,28.21,住,,,1110719,土地1建物1車位0,二層,五層,公寓(5樓含以下無電梯),住家用,730802.0,101.58,3,2,2,有,有,11500000,113211.0,,0.0,0,陽台外推；,RPUPMLLLPHHGFDA08DA,85.54,0.0,8.14,無,,38.0
文山區,房地(土地+建物),興順街１５５之２號十四樓,23.97,住,,,1110715,土地1建物1車位0,十四層,十四層,住宅大樓(11層含以上有電梯),住家用,890324.0,100.99,3,2,2,有,有,20980000,207743.0,,0.0,0,陽台外推；,RPTOMLNJQHHGFAA67DA,72.02,0.0,8.07,有,,22.0
信義區,房地(土地+建物),虎林街２４２巷６７號二樓,29.5,住,,,1110710,土地2建物1車位0,二層,四層,公寓(5樓含以下無電梯),住家用,590410.0,67.62,3,2,1,有,無,14880000,220053.0,,0.0,0,陽台外推；,RPXOMLTJQHHGFDA09EA,62.96,0.0,4.66,無,557.0,52.0
北投區,房地(土地+建物),北投路一段７７號十一樓之２,12.57,住,,,1110721,土地1建物1車位0,十一層,十一層,住宅大樓(11層含以上有電梯),住家用,970331.0,86.56,2,2,2,有,有,19700000,227588.0,,0.0,0,陽台外推；,RPRNMLMKQHHGFEA77DA,50.28,5.52,4.62,有,,14.0
大安區,房地(土地+建物),安和路一段３２號六樓之２,5.7,住,,,1110709,土地3建物1車位0,六層,十二層,住宅大樓(11層含以上有電梯),住家用,660404.0,51.23,1,1,1,有,有,17300000,337693.0,,0.0,0,,RPOOMLPLQHHGFFA18EA,33.08,0.0,4.93,有,,45.0
北投區,房地(土地+建物)+車位,石牌路二段３１１號十樓,27.15,住,,,1110702,土地1建物1車位1,十層,十四層,住宅大樓(11層含以上有電梯),住家用,1101027.0,182.37,2,2,2,有,有,40000000,219334.0,坡道平面,42.89,0,,RPTNMLPLQHHGFEA38DA,82.98,5.68,7.87,有,,1.0
士林區,房地(土地+建物),華岡路２１號五樓之１,28.65,住,,,1110717,土地1建物1車位0,五層,五層,華廈(10層含以下有電梯),住家用,840911.0,75.9,1,1,1,有,有,7000000,92227.0,,0.0,0,,RPOPMLPLQHHGFEA08DA,43.51,1.95,4.21,有,,27.0
松山區,房地(土地+建物),民生東路三段１１３巷２５弄２號二樓,30.9,住,,,1110719,土地2建物1車位0,二層,七層,華廈(10層含以下有電梯),住家用,720528.0,157.79,2,2,2,有,有,37600000,238291.0,,0.0,0,其他增建；,RPQOMLSJQHHGFDA18DA,112.37,0.0,22.05,有,,39.0
北投區,房地(土地+建物)+車位,三合街一段７３號五樓,57.41,住,,,1110704,土地1建物1車位2,五層,九層,華廈(10層含以下有電梯),住家用,1031119.0,369.75,4,2,2,有,有,68800000,218859.0,坡道平面,80.98,5600000,,RPUOMLMLQHHGFEA28DA,166.34,9.52,17.47,有,560.0,8.0
中山區,房地(土地+建物),大直街９４巷１弄１０號二樓,29.69,住,,,1110713,土地1建物1車位0,二層,五層,公寓(5樓含以下無電梯),住家用,690721.0,117.06,3,2,2,有,無,25280000,215958.0,,0.0,0,陽台加窗其他增建；,RPOOMLLLQHHGFCA37DA,101.65,0.0,15.41,無,,42.0
南港區,房地(土地+建物)+車位,經貿一路５９號二樓之８,23.33,住,,,1110701,土地1建物1車位1,二層,九層,華廈(10層含以下有電梯),住家用,981001.0,68.41,1,1,1,有,有,13800000,201725.0,坡道機械,0.0,0,,RPOTMLRJPHHGFDA38EA,25.35,4.98,1.87,有,,13.0
信義區,房地(土地+建物)+車位,仁愛路四段４２２號十三樓,13.4,住,,,1110725,土地1建物1車位1,十三層,十五層,住宅大樓(11層含以上有電梯),住家用,1020206.0,201.59,4,2,2,有,有,83590000,414654.0,坡道平面,29.13,0,,RPUQMLTJQHHGFDA88DA,114.99,0.0,5.07,有,,9.0
文山區,房地(土地+建物),興隆路四段１６５巷５３號五樓,18.08,住,,,1110710,土地1建物1車位0,五層,五層,公寓(5樓含以下無電梯),住家用,820630.0,76.0,1,2,1,有,無,9800000,128947.0,,0.0,0,陽台外推；其他增建；,RPTNMLNJQHHGFAA57DA,48.61,19.47,4.82,無,,29.0
文山區,房地(土地+建物),木新路二段１１之１號七樓,7.25,住,,,1110716,土地1建物1車位0,七層,十四層,住宅大樓(11層含以上有電梯),住家用,841024.0,30.1,1,1,1,有,有,6350000,210963.0,,0.0,0,,RPRNMLSKQHHGFAA97DA,17.96,0.0,3.39,有,,27.0
文山區,房地(土地+建物),三福街５５號二樓,33.07,住,,,1110709,土地1建物1車位0,二層，陽臺,四層,公寓(5樓含以下無電梯),住家用,640219.0,91.41,3,2,1,有,無,15800000,172848.0,,0.0,0,陽台外推；其他增建；,RPUOMLLJQHHGFAA57DA,91.41,0.0,0.0,無,,47.0
北投區,房地(土地+建物)+車位,溫泉路６８巷６弄６號九樓之１,27.21,住,,,1110702,土地1建物1車位1,九層,十一層,住宅大樓(11層含以上有電梯),住家用,1051109.0,166.91000000000005,3,2,2,有,有,26600000,185299.0,坡道平面,36.85,2500000,,RPSPMLPLQHHGFEA58EA,72.21,5.63,7.2,有,,6.0
內湖區,房地(土地+建物),文德路６２號八樓,23.81,住,,,1110709,土地1建物1車位0,八層,十二層,住宅大樓(11層含以上有電梯),住家用,730208.0,135.42000000000002,3,2,2,有,有,23600000,174273.0,,0.0,0,其他增建；,RPRPMLKKQHHGFCA57DA,93.02,0.0,12.76,有,,38.0
萬華區,房地(土地+建物),武成街６３巷１２弄２４號,35.0,住,,,1110719,土地1建物1車位0,全,三層,透天厝,住家用,,98.55,3,2,2,有,無,17750000,180112.0,,0.0,0,頂樓加蓋；其他增建；,RPXNMLLKQHHGFBA97DA,98.55,0.0,0.0,無,,
士林區,房地(土地+建物),社子街２５巷１弄７號,32.92,住,,,1110716,土地2建物1車位0,一層,三層,公寓(5樓含以下無電梯),住家用,610606.0,62.14,2,1,1,有,無,8700000,140006.0,,0.0,0,其他增建；,RPVOMLOLQHHGFEA58DA,62.14,0.0,0.0,無,,50.0
松山區,房地(土地+建物)+車位,敦化北路１０號十一樓,30.06,住,,,1110713,土地2建物1車位2,十一層,二十三層,住宅大樓(11層含以上有電梯),住家用,1071126.0,402.93,3,2,2,有,有,199660000,577708.0,坡道平面,69.44,7000000,,RPUNMLNLQHHGFDA18DA,179.67,15.06,21.33,有,,4.0
內湖區,房地(土地+建物),內湖路二段１７９巷７７弄５號,195.0,住,,,1110701,土地1建物1車位0,全,二層,透天厝,住家用,620625.0,163.89,7,4,4,有,有,62500000,381353.0,,0.0,0,,RPRPMLOLQHHGFCA08DA,163.89,0.0,0.0,無,,49.0
文山區,房地(土地+建物),福興路９５巷３５號五樓之１,7.19,住,,,1110723,土地1建物1車位0,五層,十層,華廈(10層含以下有電梯),住家用,890626.0,28.950000000000003,1,1,1,有,有,5800000,200345.0,,0.0,0,其他增建；,RPWQMLPKQHHGFAA48DA,23.35,0.0,0.0,有,571.0,22.0
信義區,房地(土地+建物),福德街２２１巷２弄１１號二樓,44.4,住,,,1110721,土地3建物1車位0,二層，陽臺,四層,公寓(5樓含以下無電梯),住家用,651102.0,97.49,4,2,1,有,無,16500000,169248.0,,0.0,0,陽台外推；,RPVTMLRJPHHGFDA09EA,97.49,0.0,0.0,無,,46.0
士林區,房地(土地+建物),雨聲街８巷３之１號四樓,35.78,住,,,1110708,土地1建物1車位0,四層,五層,公寓(5樓含以下無電梯),住家用,710719.0,114.06,3,2,2,有,無,17880000,156760.0,,0.0,0,陽台外推；,RPVNMLNJQHHGFEA18DA,95.51,0.0,7.23,無,572.0,40.0
北投區,房地(土地+建物),立農街一段５７８號五樓,29.19,住,,,1110726,土地1建物1車位0,五層,五層,公寓(5樓含以下無電梯),住家用,730110.0,107.71,3,2,2,有,無,15680000,145576.0,,0.0,0,陽台外推；頂樓加蓋；其他增建；,RPTNMLMLQHHGFEA08DA,85.88,6.33,7.65,無,,39.0
萬華區,房地(土地+建物),青年路３０巷４號十二樓之２,22.5,住,,,1110716,土地1建物1車位0,十二層,十二層,住宅大樓(11層含以上有電梯),住家用,760316.0,105.12,2,2,2,有,有,18600000,176941.0,,0.0,0,陽台外推；,RPQSMLPLQHHGFBA28DA,72.52,0.0,9.22,有,574.0,35.0
信義區,房地(土地+建物),信安街１０３巷８之３號,22.47,住,,,1110731,土地1建物1車位0,一層,五層,華廈(10層含以下有電梯),住家用,1100618.0,45.02,0,1,1,有,有,15600000,346513.0,,0.0,0,其他增建；,RPRPMLPKQHHGFDA18DA,28.91,0.0,0.0,有,575.0,1.0
信義區,房地(土地+建物),基隆路二段７９巷１７弄２１號二樓,32.69,住,,,1110702,土地2建物1車位0,二層,七層,華廈(10層含以下有電梯),住家用,701204.0,172.74,4,2,2,有,無,36800000,213037.0,,0.0,0,陽台外推；其他增建；,RPPOMLMJQHHGFDA47DA,116.29,0.0,21.2,有,,41.0
內湖區,房地(土地+建物),大湖山莊街２３２號五樓,11.31,住,,,1110724,土地1建物1車位0,五層,十層,華廈(10層含以下有電梯),住家用,820729.0,43.38,1,1,1,有,有,9450000,217842.0,,0.0,0,陽台外推；其他增建；,RPXQMLMKQHHGFCA48DA,28.33,0.0,3.65,有,576.0,29.0
大安區,房地(土地+建物),溫州街７４巷３弄１號六樓之２,16.44,住,,,1110728,土地1建物1車位0,六層,七層,華廈(10層含以下有電梯),住家用,680417.0,52.11,2,1,1,有,有,18200000,349261.0,,0.0,0,陽台外推；,RPPOMLRKQHHGFFA28DA,48.68,0.0,3.43,有,,43.0
南港區,房地(土地+建物)+車位,重陽路１２５巷３６弄１０號六樓之７,19.22,住,,,1110721,土地1建物1車位1,六層,八層,華廈(10層含以下有電梯),住家用,961008.0,104.97,2,2,2,有,有,19800000,188625.0,坡道平面,24.51,0,陽台外推；夾層；,RPOPMLLJQHHGFDA47EA,44.55,0.0,6.35,有,581.0,15.0
大安區,房地(土地+建物),敦化南路二段２６７號十四樓之２,8.54,住,,,1110721,土地2建物1車位0,十四層,十七層,住宅大樓(11層含以上有電梯),住家用,680517.0,99.96,3,2,2,有,有,36000000,360144.0,,0.0,0,其他增建；,RPPOMLSJQHHGFFA28DA,85.82,0.0,0.0,有,583.0,43.0
北投區,房地(土地+建物),中山北路七段２１９巷３弄１３５號五樓,21.42,住,,,1110723,土地1建物1車位0,五層,七層,華廈(10層含以下有電梯),住家用,731027.0,107.34,3,2,2,有,有,15800000,147196.0,,0.0,0,前陽台其他增建；,RPXOMLQLPHHGFEA88DA,85.94,0.0,12.55,有,584.0,38.0
信義區,房地(土地+建物),松信路１３７號三樓,26.34,住,,,1110712,土地1建物1車位0,三層,七層,華廈(10層含以下有電梯),住家用,691127.0,122.6,3,2,2,有,無,27680000,225775.0,,0.0,0,,RPTOMLPLQHHGFDA38DA,101.6,0.0,17.5,有,,42.0
文山區,房地(土地+建物),景華街１１９號二樓,52.46,住,,,1110727,土地1建物1車位0,二層,五層,公寓(5樓含以下無電梯),住家用,781103.0,154.22,4,2,2,有,無,24380000,158086.0,,0.0,0,其他增建；,RPXNMLQLQHHGFAA48DA,134.1,2.68,12.98,無,,33.0
內湖區,房地(土地+建物)+車位,金龍路４７巷１３弄９號九樓,28.16,住,,,1110731,土地1建物1車位1,九層,十一層,住宅大樓(11層含以上有電梯),住家用,1040518.0,164.07999999999998,3,2,2,有,有,36880000,224768.0,坡道平面,0.0,0,,RPQNMLMLQHHGFCA67EA,75.27,2.56,4.62,有,588.0,7.0
北投區,房地(土地+建物),民族街５３號三樓,42.5,住,,,1110724,土地2建物1車位0,三層,四層,公寓(5樓含以下無電梯),住家用,621226.0,85.95,0,0,0,無,無,11000000,127981.0,,0.0,0,陽台外推；,RPWOMLNLQHHGFEA58DA,79.31,0.0,6.64,無,,49.0
士林區,房地(土地+建物)+車位,重慶北路四段２４３號十樓之１,15.7,住,,,1110726,土地1建物1車位1,十層,十二層,住宅大樓(11層含以上有電梯),住家用,1000131.0,116.39,2,1,1,有,有,19600000,168399.0,升降機械,21.36,0,,RPVPMLNLQHHGFEA58DA,63.56,1.16,5.49,有,589.0,11.0
北投區,房地(土地+建物),民族街５５號三樓,27.5,住,,,1110724,土地2建物1車位0,三層,四層,公寓(5樓含以下無電梯),住家用,621226.0,87.41,0,0,0,無,無,11000000,125844.0,,0.0,0,陽台外推；,RPVOMLNLQHHGFEA48DA,83.57,0.0,3.84,無,,49.0
北投區,房地(土地+建物),石牌路二段３２４巷３號五樓,48.22,住,,,1110717,土地1建物1車位0,五層,六層,華廈(10層含以下有電梯),住家用,800612.0,156.83,4,2,2,有,有,28200000,179813.0,,0.0,0,陽台外推；其他增建；,RPRNMLKKQHHGFEA57DA,111.4,2.11,13.3,有,,31.0
南港區,房地(土地+建物),研究院路二段６１巷３弄２２號,53.25,住,,,1110714,土地1建物1車位0,一層,四層,公寓(5樓含以下無電梯),住家用,680112.0,123.03,4,2,2,有,無,24000000,195074.0,,0.0,0,,RPPTMLRJPHHGFDA48EA,113.89,9.14,0.0,無,,44.0
大安區,房地(土地+建物),光復南路３０８巷３９之１號,47.0,住,,,1110711,土地1建物1車位0,二層,四層,公寓(5樓含以下無電梯),住家用,591203.0,131.72,3,2,3,有,無,36000000,273307.0,,0.0,0,陽台外推；,RPORMLPLNHHGFFA18EA,109.82,0.0,21.9,無,,52.0
信義區,房地(土地+建物),吳興街２８４巷１４號五樓,16.4,住,,,1110728,土地2建物1車位0,五層,五層,公寓(5樓含以下無電梯),住家用,780119.0,63.69,2,2,1,有,無,11600000,182132.0,,0.0,0,頂樓現況：1房1廳1衛。陽台外推；頂樓加蓋；,RPXNMLOLQHHGFDA58DA,50.3,0.0,7.0,無,,34.0
南港區,房地(土地+建物),研究院路二段７０巷４７弄４號,51.25,住,,,1110715,土地1建物1車位0,一層,五層,公寓(5樓含以下無電梯),住家用,730319.0,130.22,4,2,2,有,無,26000000,199662.0,,0.0,0,,RPPNMLTLQHHGFDA38EA,109.25,20.97,0.0,無,,38.0
中山區,房地(土地+建物),復興北路４３０巷１８號五樓,22.44,住,,,1110717,土地1建物1車位0,五層,七層,華廈(10層含以下有電梯),住家用,690319.0,119.11,3,2,2,有,有,27880000,234069.0,,0.0,0,陽台外推；其他增建；,RPOPMLQKOHHGFCA77EA,100.0,0.0,15.76,有,,42.0
士林區,房地(土地+建物)+車位,菁山路４９號,114.65,住,,,1110719,土地1建物1車位2,一層,五層,華廈(10層含以下有電梯),住家用,980605.0,306.21000000000004,3,2,2,有,有,43000000,140427.0,坡道平面,81.52,0,夾層；,RPPNMLRLQHHGFEA18DA,143.59,8.27,11.14,有,,13.0
北投區,房地(土地+建物),新興路７０巷９號三樓,23.13,住,,,1110719,土地1建物1車位0,三層,五層,公寓(5樓含以下無電梯),住家用,830222.0,70.92,2,2,1,有,無,8800000,124083.0,,0.0,0,陽台加蓋鐵窗陽台外推；其他增建；,RPTOMLQLQHHGFEA58DA,57.74,0.0,5.08,無,,28.0
大同區,房地(土地+建物)+車位,敦煌路８０巷１號八樓之３,27.12,住,,,1110727,土地2建物1車位1,八層,十二層,住宅大樓(11層含以上有電梯),住家用,960831.0,123.59,2,2,1,有,有,24300000,196618.0,坡道平面,0.0,0,,RPRNMLRKQHHGFBA97DA,57.99,1.89,6.31,有,,15.0
北投區,房地(土地+建物),致遠二路９５巷４２號四樓,26.25,住,,,1110721,土地2建物1車位0,四層,四層,公寓(5樓含以下無電梯),住家用,590324.0,87.07,3,2,1,有,無,13800000,158493.0,,0.0,0,其他增建；,RPWOMLLJQHHGFEA18DA,76.45,0.0,10.62,無,,52.0
中正區,房地(土地+建物),汀州路二段５５巷１號三樓,45.39,住,,,1110703,土地1建物1車位0,三層,四層,公寓(5樓含以下無電梯),住家用,600831.0,75.36,3,2,1,有,無,14180000,188163.0,,0.0,0,陽台外推；其他增建；,RPXPMLTJOHHGFAA68EA,75.36,0.0,0.0,無,596.0,51.0
北投區,房地(土地+建物),大度路三段３０１巷２２號三樓,48.12,住,,,1110724,土地1建物1車位0,三層,四層,公寓(5樓含以下無電梯),住家用,751113.0,126.84,3,2,1,有,無,12300000,96973.0,,0.0,0,,RPSNMLTLQHHGFEA68DA,103.78,0.0,10.57,無,,36.0
中山區,房地(土地+建物)+車位,民權東路二段１３５巷３２號六樓,18.62,住,,,1110731,土地1建物1車位1,六層,十層,華廈(10層含以下有電梯),住家用,1030926.0,106.64,2,2,2,有,有,23230000,223439.0,塔式車位,10.73,1800000,塔式車位無固定使用樓層。土地價格:15099500元整；建物價格:6330500元整陽台外推；其他增建；,RPTPMLRKQHHGFCA48DA,46.05,9.2,5.56,有,598.0,8.0
大同區,房地(土地+建物)+車位,民權西路１６０巷１８弄６號三樓之６,15.61,住,,,1110724,土地1建物1車位1,三層,十八層,住宅大樓(11層含以上有電梯),住家用,1101227.0,143.2,2,2,2,有,有,29850000,243869.0,坡道平面,32.28,2800000,,RPPOMLKLQHHGFBA27DA,63.89,6.14,4.19,有,,1.0
萬華區,房地(土地+建物),和平西路三段３８４號八樓之２,4.22,住,,,1110728,土地2建物1車位0,八層,八層,華廈(10層含以下有電梯),住家用,700706.0,29.550000000000004,1,0,1,有,有,3950000,133672.0,,0.0,0,,RPSOMLQLQHHGFBA28EA,20.92,0.0,0.0,有,599.0,41.0
北投區,房地(土地+建物)+車位,新民路１７號六樓,15.17,住,,,1110731,土地1建物1車位1,六層,七層,華廈(10層含以下有電梯),住家用,881210.0,55.53,2,1,1,有,有,6580000,118495.0,升降機械,0.0,0,夾層；其他增建；,RPTOMLMKQHHGFEA08DA,30.86,0.0,0.0,有,,23.0
北投區,房地(土地+建物)+車位,中山北路七段２１９巷３弄２８０號五樓,60.82,住,,,1110724,土地1建物1車位1,五層,七層,華廈(10層含以下有電梯),住家用,960824.0,136.13,3,2,2,有,有,29500000,216705.0,坡道機械,0.0,0,其他增建；,RPPOMLQLQHHGFEA18DA,79.93,2.78,9.99,有,,15.0
內湖區,房地(土地+建物),成功路四段３１６號三樓,33.5,住,,,1110723,土地2建物1車位0,三層,五層,公寓(5樓含以下無電梯),住家用,730308.0,121.81,3,2,2,有,有,16800000,137920.0,,0.0,0,陽台外推；,RPOPMLTLQHHGFCA28DA,99.09,0.0,12.77,無,,38.0
北投區,房地(土地+建物),中山北路七段２１９巷３弄４３號三樓,20.8,住,,,1110710,土地1建物1車位0,三層,七層,華廈(10層含以下有電梯),住家用,730920.0,93.91,2,2,2,有,有,15000000,159727.0,,0.0,0,,RPXPMLOLQHHGFEA88DA,77.58,0.0,12.64,有,,38.0
中山區,房地(土地+建物),錦州街４２６巷１弄９號四樓,38.25,住,,,1110730,土地1建物1車位0,四層,四層,公寓(5樓含以下無電梯),住家用,580118.0,100.9,3,2,2,有,無,19500000,193261.0,,0.0,0,,RPRPMLQKOHHGFCA08EA,88.82,0.0,12.08,無,,54.0
萬華區,房地(土地+建物),中華路二段４１６巷１３號十二樓之４,22.05,住,,,1110730,土地1建物1車位0,十二層,十二層,住宅大樓(11層含以上有電梯),住家用,760316.0,102.04,2,1,1,有,有,13000000,127401.0,,0.0,0,,RPPNMLTLQHHGFBA08DA,70.38,0.0,9.22,有,,35.0
內湖區,房地(土地+建物),安康路４３４巷２０弄２４號四樓之１,12.16,住,,,1110725,土地1建物1車位0,四層,八層,華廈(10層含以下有電梯),住家用,850613.0,35.69,1,1,1,有,有,7100000,198935.0,,0.0,0,夾層；其他增建；,RPUPMLPKQHHGFCA38DA,20.99,0.0,2.97,有,,26.0
士林區,房地(土地+建物),承德路四段４０巷４９號三樓之４,11.69,住,,,1110703,土地1建物1車位0,三層,五層,華廈(10層含以下有電梯),住家用,610812.0,30.7,2,1,1,有,有,3380000,110098.0,,0.0,0,陽台外推；,RPVNMLTLQHHGFEA09EA,27.5,1.85,1.35,有,,50.0
南港區,房地(土地+建物)+車位,南港路二段１５８號十七樓,29.95,住,,,1110724,土地1建物1車位1,十七層,十九層,住宅大樓(11層含以上有電梯),住家用,851022.0,159.70000000000002,3,2,2,有,有,34000000,212899.0,坡道平面,45.18,0,,RPUNMLSJQHHGFDA48DA,124.53,1.0,12.08,有,600.0,26.0
北投區,房地(土地+建物),建民路１６１之２號四樓,13.06,住,,,1110730,土地1建物1車位0,四層，陽臺,七層,華廈(10層含以下有電梯),住家用,650907.0,65.94,2,2,1,有,有,15500000,235062.0,,0.0,0,陽台外推；其他增建；,RPPOMLMKQHHGFEA67DA,65.94,0.0,0.0,有,,46.0
中正區,房地(土地+建物),汀州路二段２８５號六樓,20.83,住,,,1110715,土地2建物1車位0,六層,六層,華廈(10層含以下有電梯),住家用,600323.0,72.85,4,4,2,有,有,18800000,258065.0,,0.0,0,頂樓加蓋；,RPPQMLTJOHHGFAA97EA,72.85,0.0,0.0,有,,51.0
士林區,房地(土地+建物)+車位,忠誠路一段１４７巷１２號七樓,30.93,住,,,1110720,土地1建物1車位1,七層,十二層,住宅大樓(11層含以上有電梯),住家用,860612.0,125.43,3,2,2,有,有,32700000,260703.0,坡道機械,0.0,0,陽台加窗、本案車位經重新劃設。其他增建；,RPQQMLMLQHHGFEA08DA,88.34,0.75,11.32,有,,25.0
南港區,房地(土地+建物),東明街１巷３號四樓之２,14.62,住,,,1110725,土地1建物1車位0,四層，陽臺,四層,公寓(5樓含以下無電梯),住家用,650322.0,49.55,1,1,1,有,無,10000000,201816.0,,0.0,0,陽台外推；頂樓加蓋；夾層；其他增建；,RPPNMLKKQHHGFDA27DA,49.55,0.0,0.0,無,,46.0
內湖區,房地(土地+建物)+車位,新明路３９０號五樓,20.5,住,,,1110727,土地1建物1車位1,五層,十一層,住宅大樓(11層含以上有電梯),住家用,990712.0,142.0,3,2,2,有,有,23000000,161972.0,坡道機械,15.48,0,,RPPNMLKMQHHGFCA47EA,69.18,5.66,10.47,有,,12.0
士林區,房地(土地+建物)+車位,延平北路六段３５０號十樓,23.48,住,,,1110724,土地1建物1車位1,十層,十一層,住宅大樓(11層含以上有電梯),住家用,900119.0,144.23000000000002,4,2,2,有,有,18000000,124801.0,升降機械,17.95,0,含仲介費；其他增建；,RPQNMLPLPHHGFEA97DA,87.62,2.42,9.24,有,,22.0
松山區,房地(土地+建物)+車位,寶清街１０３之１１號二樓,18.31,住,,,1110727,土地1建物1車位1,二層,十三層,住宅大樓(11層含以上有電梯),住家用,1061124.0,133.64,2,2,2,有,有,33880000,253517.0,坡道平面,24.55,0,陽台外推；其他增建；,RPROMLSJQHHGFDA28DA,58.81,7.48,5.93,有,608.0,5.0
內湖區,房地(土地+建物)+車位,星雲街１６１巷８號七樓,19.75,住,,,1110731,土地1建物1車位1,七層,十四層,住宅大樓(11層含以上有電梯),住家用,940712.0,128.75,3,2,1,有,有,26600000,206602.0,坡道平面,0.0,0,,RPOPMLTLQHHGFCA38EA,57.89,0.0,7.38,有,,17.0
南港區,房地(土地+建物),福德街３０９巷３９號四樓,38.75,住,,,1110729,土地1建物1車位0,四層，陽臺,四層,公寓(5樓含以下無電梯),住家用,650729.0,96.45,3,2,1,有,無,17800000,184552.0,,0.0,0,陽台外推；,RPROMLKMQHHGFDA77DA,96.45,0.0,0.0,無,,46.0
內湖區,房地(土地+建物)+車位,文德路７３號四樓之１,35.54,住,,,1110718,土地2建物1車位2,四層,十四層,住宅大樓(11層含以上有電梯),住家用,970729.0,304.48,4,2,2,有,有,68500000,224974.0,坡道平面,0.0,5000000,,RPPPMLPLQHHGFCA97DA,145.1,5.57,13.48,有,,14.0
大安區,房地(土地+建物),和平東路三段３０８巷４０號四樓,34.25,住,,,1110707,土地2建物1車位0,四層,四層,公寓(5樓含以下無電梯),住家用,,97.36,3,1,1,有,無,17500000,179745.0,,0.0,0,頂樓加蓋；,RPWNMLLMQHHGFFA58EA,83.53,0.0,13.83,無,,
內湖區,房地(土地+建物),成功路四段２９４巷２３弄３號,211.67,住,,,1110725,土地5建物1車位0,全,四層,透天厝,住家用,750702.0,366.07,0,0,0,無,有,52000000,142049.0,,0.0,0,陽台外推；其他增建；,RPVNMLLKQHHGFCA87DA,249.56,111.93,4.58,無,,36.0
大安區,房地(土地+建物),忠孝東路四段１７０巷２３號五樓,27.97,住,,,1110727,土地1建物2車位0,五層,五層,公寓(5樓含以下無電梯),住家用,,100.68,5,0,5,有,無,28580000,283870.0,,0.0,0,陽台外推；頂樓加蓋；,RPSNMLKKQHHGFFA77DA,78.07,0.0,16.34,無,,
文山區,房地(土地+建物)+車位,興隆路二段２０３巷１０１號二樓,33.03,住,,,1110728,土地2建物1車位1,二層,十一層,住宅大樓(11層含以上有電梯),住家用,1020103.0,167.35000000000002,3,2,2,有,有,27000000,196472.0,坡道平面,42.65,2500000,陽台外推；其他增建；,RPVOMLKKQHHGFAA67DA,80.58,0.0,7.84,有,613.0,10.0
松山區,房地(土地+建物),東興路２巷１５號三樓,25.77,住,,,1110729,土地1建物1車位0,三層,七層,華廈(10層含以下有電梯),住家用,700619.0,116.48,3,2,2,有,有,27850000,239097.0,,0.0,0,陽台外推；,RPWPMLPLQHHGFDA78DA,99.97,0.0,9.46,有,,41.0
士林區,房地(土地+建物),社正路１７巷２號七樓之１,13.97,住,,,1110727,土地1建物1車位0,七層,九層,華廈(10層含以下有電梯),住家用,1050105.0,66.26,2,2,1,有,有,12300000,185632.0,,0.0,0,,RPOQMLMLQHHGFEA87DA,32.86,3.9,3.08,有,614.0,7.0
內湖區,房地(土地+建物),內湖路一段２１７巷２號六樓,35.35,住,,,1110725,土地1建物1車位0,六層,七層,華廈(10層含以下有電梯),住家用,721117.0,108.83,3,2,2,有,無,20400000,187448.0,,0.0,0,,RPPOMLTKQHHGFCA18DA,71.32,0.0,9.32,有,,39.0
大安區,房地(土地+建物),敦化南路一段２３３巷３１號四樓之４,6.16,住,,,1110730,土地1建物1車位0,四層,十層,華廈(10層含以下有電梯),住家用,760709.0,43.52,0,0,0,無,有,14200000,326287.0,,0.0,0,陽台外推；,RPSNMLLMQHHGFFA08DA,25.04,0.0,4.17,有,,35.0
北投區,房地(土地+建物),中央北路三段１６８巷３號五樓,21.1,住,,,1110722,土地2建物1車位0,五層,五層,公寓(5樓含以下無電梯),住家用,701007.0,73.91,3,1,1,有,無,7600000,102828.0,,0.0,0,陽台外推；頂樓加蓋；,RPPOMLNLQHHGFEA87DA,65.28,0.0,8.63,無,,41.0
萬華區,房地(土地+建物),國興路１９號二樓之１,18.45,住,,,1110731,土地1建物1車位0,二層,十二層,住宅大樓(11層含以上有電梯),住家用,760316.0,85.66,3,2,1,有,有,16680000,194723.0,,0.0,0,陽台外推；其他增建；,RPVOMLSKQHHGFBA58DA,58.44,0.0,8.52,有,623.0,35.0
信義區,房地(土地+建物),莊敬路４２３巷７弄１號三樓,27.51,住,,,1110724,土地1建物1車位0,三層，陽臺,四層,公寓(5樓含以下無電梯),住家用,631021.0,125.76,3,2,1,有,無,26600000,211514.0,,0.0,0,,RPROMLLKQHHGFDA67DA,125.76,0.0,0.0,無,,48.0
北投區,房地(土地+建物),知行路２３９號四樓,20.04,住,,,1110717,土地1建物1車位0,四層,五層,公寓(5樓含以下無電梯),住家用,680627.0,78.4,3,2,1,有,無,9580000,122194.0,,0.0,0,陽台外推；,RPTPMLNLQHHGFEA38DA,65.6,0.0,12.8,無,,43.0
內湖區,房地(土地+建物),康寧路一段８６巷２弄１１號三樓,36.0,住,,,1110704,土地1建物1車位0,三層,三層,公寓(5樓含以下無電梯),住家用,,68.68,4,2,2,有,無,14200000,206756.0,,0.0,0,頂樓加蓋；,RPRSMLKMQHHGFCA08DA,68.68,0.0,0.0,無,624.0,
大安區,房地(土地+建物),羅斯福路二段１０１巷４之４號,29.25,住,,,1110701,土地1建物1車位0,一層，騎樓,四層,公寓(5樓含以下無電梯),住家用,,85.8,4,1,2,有,無,26600000,310023.0,,0.0,0,其他增建；,RPOOMLLJQHHGFFA47DA,85.8,0.0,0.0,無,,
內湖區,房地(土地+建物)+車位,民權東路六段１２３巷４３弄３８號,119.27,住,,,1110728,土地1建物1車位1,全,四層,透天厝,住家用,870923.0,217.14,6,4,3,有,有,42500000,197883.0,一樓平面,15.0,2500000,,RPQPMLTLQHHGFCA48DA,166.57,18.77,31.2,無,625.0,24.0
中山區,房地(土地+建物),南京東路三段１９４巷５號五樓之５,12.75,住,,,1110728,土地1建物1車位0,五層,五層,華廈(10層含以下有電梯),住家用,790724.0,63.580000000000005,3,2,1,有,有,14580000,229317.0,,0.0,0,,RPWPMLQKOHHGFCA58EA,27.88,15.32,8.5,有,,32.0
內湖區,房地(土地+建物),文德路６６巷１４弄２５號七樓,15.22,住,,,1110731,土地1建物1車位0,七層，屋頂突出物,七層,華廈(10層含以下有電梯),住家用,1060315.0,62.120000000000005,1,2,1,有,有,16680000,268513.0,,0.0,0,夾層；其他增建；,RPPNMLRKQHHGFCA87DA,34.6,2.16,2.66,有,627.0,5.0
士林區,房地(土地+建物),承德路四段８０巷４１號四樓,26.5,住,,,1110726,土地1建物1車位0,四層,四層,公寓(5樓含以下無電梯),住家用,580811.0,89.39,3,2,1,有,無,15700000,175635.0,,0.0,0,陽台加窗其他增建；,RPSNMLSJQHHGFEA38DA,89.39,0.0,0.0,無,,53.0
信義區,房地(土地+建物),永吉路３０巷１５１弄１８號,25.25,住,,,1110717,土地1建物1車位0,一層，平台,四層,公寓(5樓含以下無電梯),住家用,,66.84,3,2,1,有,無,21500000,321664.0,,0.0,0,其他增建；,RPQOMLMKQHHGFDA67DA,66.84,0.0,0.0,無,,
內湖區,房地(土地+建物)+車位,港華街１０７巷２３號六樓,34.23,住,,,1110703,土地1建物1車位2,六層,九層,華廈(10層含以下有電梯),住家用,1000527.0,243.71,3,2,2,有,有,46300000,189980.0,坡道平面,0.0,0,陽台外推；,RPQPMLLJQHHGFCA47DA,95.68,9.95,14.5,有,630.0,11.0
士林區,房地(土地+建物),中山北路六段１５７巷８弄３號五樓,32.6,住,,,1110717,土地2建物1車位0,五層,五層,公寓(5樓含以下無電梯),住家用,670529.0,98.31,3,2,1,有,無,21680000,220527.0,,0.0,0,陽台外推；頂樓加蓋；其他增建；,RPVNMLLKQHHGFEA08DA,85.07,0.0,13.24,無,,44.0
大同區,房地(土地+建物),重慶北路三段２０５巷１５號三樓,17.8,住,,,1110731,土地1建物1車位0,三層,五層,公寓(5樓含以下無電梯),住家用,720209.0,75.43,2,2,1,有,無,13700000,181625.0,,0.0,0,陽台外推；其他增建；,RPUOMLQKQHHGFBA28DA,55.5,0.0,14.11,無,631.0,39.0
中山區,房地(土地+建物)+車位,北安路８２９號四樓之１０,6.33,住,,,1110728,土地2建物1車位1,四層,十四層,住宅大樓(11層含以上有電梯),住家用,991224.0,89.18,1,1,1,有,有,15100000,267119.0,坡道平面,42.01,2500000,含租約；,RPTQMLNLQHHGFCA28DA,24.81,0.79,3.62,有,632.0,12.0
北投區,房地(土地+建物),明德路１７４巷８號四樓,29.62,住,,,1110730,土地2建物1車位0,四層,五層,公寓(5樓含以下無電梯),住家用,731006.0,134.06,2,2,2,有,有,23880000,178129.0,,0.0,0,,RPTOMLLJRHHGFEA97DA,106.97,0.0,11.49,無,,38.0
北投區,房地(土地+建物),大度路三段３０１巷２８弄１０號三樓,22.94,住,,,1110709,土地1建物1車位0,三層,五層,公寓(5樓含以下無電梯),住家用,760123.0,81.17999999999999,2,2,1,有,無,9000000,110865.0,,0.0,0,其他增建；,RPWNMLRKQHHGFEA78DA,64.62,0.0,9.57,無,,35.0
北投區,房地(土地+建物)+車位,福美路２１６號九樓,48.86,住,,,1110726,土地1建物1車位1,九層,十層,華廈(10層含以下有電梯),住家用,1061116.0,190.89,4,2,2,有,有,29600000,155063.0,坡道平面,43.62,0,,RPQNMLMJRHHGFEA77EA,96.78,1.28,15.58,有,635.0,5.0
北投區,房地(土地+建物),同德街４０巷１４號五樓,30.84,住,,,1110703,土地1建物1車位0,五層,五層,公寓(5樓含以下無電梯),住家用,690711.0,97.27,3,2,2,有,有,11020000,113293.0,,0.0,0,陽台外推；其他增建；,RPVNMLTLPHHGFEA88DA,83.11,0.0,14.16,無,,42.0
士林區,房地(土地+建物),磺溪街３５巷２３號三樓,40.42,住,,,1110718,土地1建物1車位0,三層,五層,公寓(5樓含以下無電梯),住家用,761230.0,112.79,3,2,2,有,有,25600000,226991.0,,0.0,0,陽台加窗其他增建；,RPRQMLMLQHHGFEA18DA,98.3,0.36,11.55,無,,35.0
萬華區,房地(土地+建物),青年路１６８巷４９弄４３號二樓,13.36,住,,,1110701,土地2建物1車位0,二層，陽臺,五層,公寓(5樓含以下無電梯),住家用,640523.0,44.83,1,0,1,有,無,5300000,118224.0,,0.0,0,陽台外推；其他增建；,RPRPMLMKQHHGFBA67DA,38.71,0.0,0.0,無,,47.0
信義區,房地(土地+建物),和平東路三段４３５巷７弄４號二樓,18.75,住,,,1110730,土地1建物1車位0,二層，陽臺,四層,公寓(5樓含以下無電梯),住家用,630228.0,50.74,2,1,1,有,無,9000000,177375.0,,0.0,0,增值稅266648元代書費2500元由買方支付此物件為二等親買賣陽台外推；,RPVNMLLJRHHGFDA97DA,50.74,0.0,0.0,無,,48.0
文山區,房地(土地+建物),木柵路四段１４１號六樓之５,27.67,住,,,1110709,土地2建物1車位0,六層,十九層,住宅大樓(11層含以上有電梯),住家用,1000214.0,89.69,2,2,1,有,有,20000000,222990.0,,0.0,0,,RPROMLOLQHHGFAA77DA,56.28,1.87,5.71,有,640.0,11.0
士林區,房地(土地+建物),中正路７０７巷１５號十二樓,20.77,住,,,1110730,土地3建物1車位0,十二層,十二層,住宅大樓(11層含以上有電梯),住家用,721011.0,103.68,3,2,2,有,有,12200000,117670.0,,0.0,0,,RPROMLLJQHHGFEA67DA,68.93,0.0,9.01,有,,39.0
文山區,房地(土地+建物),興隆路一段２５１巷１弄４號四樓,33.0,住,,,1110719,土地1建物1車位0,四層，陽臺,四層,公寓(5樓含以下無電梯),住家用,630403.0,94.34,2,2,1,有,無,16640000,176383.0,,0.0,0,陽台外推；其他增建；,RPQOMLTLPHHGFAA08DA,94.34,0.0,0.0,無,,48.0
南港區,房地(土地+建物)+車位,研究院路一段１０１巷１６弄２號七樓,18.51,住,,,1110720,土地1建物1車位1,七層,十層,華廈(10層含以下有電梯),住家用,1010810.0,107.75,1,2,1,有,有,25500000,242158.0,塔式車位,9.88,1800000,車位所在樓層:地上一層,RPPQMLLJQHHGFDA67EA,57.85,4.48,6.22,有,641.0,10.0
北投區,房地(土地+建物)+車位,西安街一段１８７號二樓之２,14.96,住,,,1110718,土地1建物2車位14,二層,七層,華廈(10層含以下有電梯),住家用,1010320.0,277.2,2,1,1,有,有,21880000,78932.0,塔式車位,219.38,0,其他增建；,RPPOMLLKQHHGFEA57DA,24.79,6.96,2.6,有,,10.0
文山區,房地(土地+建物),興隆路三段２０７巷９弄３號二樓,46.49,住,,,1110728,土地2建物1車位0,二層,五層,公寓(5樓含以下無電梯),住家用,710225.0,96.0,3,2,2,有,有,10400000,108333.0,,0.0,0,陽台外推；其他增建；,RPOOMLKKQHHGFAA96DA,71.63,0.0,15.18,無,,40.0
文山區,房地(土地+建物)+車位,木新路二段１６１巷１２弄１９號二樓,26.07,住,,,1110722,土地1建物1車位1,二層,五層,公寓(5樓含以下無電梯),住家用,830812.0,121.34,3,2,2,有,無,18600000,153276.0,升降平面,0.0,0,,RPWNMLLJRHHGFAA77DA,100.98,2.6,8.07,無,,28.0
內湖區,房地(土地+建物)+車位,成功路四段２９４巷２３弄２６號,162.49,住,,,1110723,土地5建物1車位1,全,四層,透天厝,住家用,750702.0,258.69,5,2,3,有,有,41330000,159767.0,坡道平面,0.0,0,,RPQOMLTLQHHGFCA38DA,168.72,87.03,2.94,無,,36.0
南港區,房地(土地+建物)+車位,舊莊街一段９１巷１２號三樓,50.14,住,,,1110727,土地1建物1車位1,三層,八層,華廈(10層含以下有電梯),住家用,791106.0,170.08,3,2,2,有,有,26000000,152869.0,坡道機械,0.0,0,,RPSQMLLJQHHGFDA97EA,143.04,2.89,12.25,有,,32.0
南港區,房地(土地+建物)+車位,向陽路１９６巷８號五樓之１,21.32,住,,,1110723,土地1建物1車位1,五層,十二層,住宅大樓(11層含以上有電梯),住家用,980306.0,114.5,2,2,1,有,有,26000000,227074.0,坡道機械,0.0,0,其他增建；,RPRNMLQKQHHGFDA08DA,53.3,5.27,5.53,有,644.0,13.0
信義區,房地(土地+建物),林口街２４巷１３號,35.75,住,,,1110729,土地2建物1車位0,一層,四層,公寓(5樓含以下無電梯),住家用,581215.0,67.65,3,2,1,有,無,18160000,268441.0,,0.0,0,其他增建；,RPRPMLTKQHHGFDA58DA,67.65,0.0,0.0,無,,53.0
中山區,房地(土地+建物),中山北路二段６２巷３０弄１號三樓,26.4,住,,,1110705,土地2建物1車位0,三層,四層,公寓(5樓含以下無電梯),住家用,641106.0,92.74,3,1,3,有,無,20000000,215657.0,,0.0,0,陽台外推；其他增建；,RPSQMLQKOHHGFCA28EA,82.37,0.0,10.37,無,,47.0
文山區,房地(土地+建物),辛亥路四段１０１巷１３０號四樓,76.16,住,,,1110702,土地1建物1車位0,四層,五層,華廈(10層含以下有電梯),住家用,780213.0,129.78,4,2,2,有,有,20650000,159128.0,,0.0,0,其他增建；,RPRNMLPKQHHGFAA67DA,112.52,2.42,11.26,有,,33.0
信義區,房地(土地+建物),松仁路２５８號六樓之１,17.42,住,,,1110723,土地2建物1車位0,六層,十六層,住宅大樓(11層含以上有電梯),住家用,851007.0,111.07,3,2,2,有,有,31200000,280904.0,,0.0,0,陽台外推；,RPOQMLLJQHHGFDA57EA,73.23,2.62,9.0,有,,26.0
內湖區,房地(土地+建物),內湖路一段２０３巷５號三樓之１,20.5,住,,,1110722,土地1建物1車位0,三層，電梯樓梯間,七層,華廈(10層含以下有電梯),住家用,850805.0,68.06,2,2,1,有,有,16750000,246106.0,,0.0,0,,RPVQMLKMQHHGFCA28DA,52.18,0.0,5.62,有,,26.0
南港區,房地(土地+建物),成福路１７１巷４０弄１０之１號二樓,22.83,住,,,1110728,土地5建物1車位0,二層,五層,公寓(5樓含以下無電梯),住家用,730725.0,87.26,3,2,2,有,無,15600000,178776.0,,0.0,0,陽台外推；,RPPOMLLMQHHGFDA67DA,71.66,0.0,8.34,無,,38.0
士林區,房地(土地+建物),中山北路六段１７２巷１６弄２號三樓之１,8.31,住,,,1110702,土地1建物1車位0,三層,五層,華廈(10層含以下有電梯),住家用,831018.0,26.96,1,0,1,有,無,6880000,255193.0,,0.0,0,其他增建；,RPPNMLTLPHHGFEA28DA,17.56,0.68,1.9,有,646.0,28.0
北投區,房地(土地+建物),中和街３８２巷４號二樓,30.48,住,,,1110723,土地1建物1車位0,二層,五層,公寓(5樓含以下無電梯),住家用,700403.0,109.31,3,2,2,有,無,12750000,116641.0,,0.0,0,陽台外推；,RPROMLPLQHHGFEA28DA,101.63,0.0,7.68,無,,41.0
北投區,房地(土地+建物)+車位,知行路２５５號二樓,12.68,住,,,1110715,土地1建物1車位1,二層,十層,華廈(10層含以下有電梯),住家用,1000722.0,81.93,2,2,1,有,有,12550000,153180.0,塔式車位,0.0,1200000,陽台外推；夾層；其他增建；,RPWNMLPJRHHGFEA58DA,38.23,0.0,4.3,有,,11.0
士林區,房地(土地+建物),延平北路五段２５７巷２弄１７號,25.25,住,,,1110702,土地1建物1車位0,一層,四層,公寓(5樓含以下無電梯),住家用,600405.0,68.01,3,2,1,有,無,13000000,191148.0,,0.0,0,其他增建；,RPWNMLKLPHHGFEA08DA,68.01,0.0,0.0,無,,51.0
中山區,房地(土地+建物)+車位,新生北路二段１５巷６號六樓,32.55,住,,,1110725,土地2建物1車位3,六層,七層,華廈(10層含以下有電梯),住家用,1001014.0,228.56,3,2,2,有,有,41330000,180828.0,升降機械,0.0,0,,RPXNMLPJRHHGFCA58EA,69.57,3.52,19.59,有,,11.0
士林區,房地(土地+建物),華齡街４０巷３弄２號四樓,45.0,住,,,1110719,土地1建物1車位0,四層,四層,公寓(5樓含以下無電梯),住家用,660624.0,98.92,4,2,2,有,無,13400000,135463.0,,0.0,0,鐵鋁窗增建頂樓加蓋；其他增建；,RPXNMLPJRHHGFEA78EA,91.99,0.0,6.93,無,,45.0
內湖區,房地(土地+建物)+車位,康寧路三段７５巷２１７之１號四樓,31.23,住,,,1110723,土地1建物1車位1,四層,四層,公寓(5樓含以下無電梯),住家用,840923.0,84.86,2,2,1,有,有,12060000,142116.0,坡道機械,0.0,0,陽台外推；頂樓加蓋；其他增建；,RPRPMLPKQHHGFCA08DA,37.09,14.4,4.24,無,650.0,27.0
內湖區,房地(土地+建物),成功路四段１６７巷１６號四樓,14.93,住,,,1110730,土地1建物1車位0,四層,十八層,住宅大樓(11層含以上有電梯),住家用,840128.0,79.11,2,1,1,有,有,20500000,259133.0,,0.0,0,其他增建；,RPSOMLKKQHHGFCA57DA,64.27,1.94,4.65,有,,28.0
士林區,房地(土地+建物),中社路二段２０巷６號二樓,124.0,住,,,1110724,土地1建物1車位0,二層,二層,公寓(5樓含以下無電梯),住家用,650406.0,104.16,5,3,3,有,無,17200000,165131.0,,0.0,0,本案有增建部分面積約104.16平方公尺頂樓加蓋；,RPPNMLSLQHHGFEA28DA,104.16,0.0,0.0,無,,46.0
北投區,房地(土地+建物),新民路１０１號四樓,31.8,住,,,1110726,土地3建物1車位0,四層,五層,公寓(5樓含以下無電梯),住家用,681101.0,106.57,2,2,2,有,無,10000000,93835.0,,0.0,0,陽台外推；,RPPNMLTLQHHGFEA38DA,91.55,0.0,15.02,無,,43.0
中正區,房地(土地+建物)+車位,汀州路二段１６７號十五樓之２,10.42,住,,,1110702,土地1建物1車位1,十五層,十八層,住宅大樓(11層含以上有電梯),住家用,1101108.0,111.0,2,1,1,有,有,20270000,252712.0,升降平面,39.1,2100000,,SPXNMLMJRHHGFAA08DA,40.27,5.25,2.28,有,,1.0
中山區,房地(土地+建物)+車位,新生北路二段１５巷６號三樓,39.09,住,,,1110727,土地2建物1車位2,三層,七層,華廈(10層含以下有電梯),住家用,1001014.0,241.25,3,2,2,有,有,42620000,176663.0,升降機械,0.0,0,陽台外推；其他增建；,RPOOMLPJRHHGFCA77EA,93.82,6.75,10.43,有,,11.0
大安區,房地(土地+建物),瑞安街１４２巷８號十一樓之２,10.68,住,,,1110727,土地1建物1車位0,十一層,十三層,住宅大樓(11層含以上有電梯),住家用,960623.0,48.650000000000006,1,2,1,有,有,16220000,333402.0,,0.0,0,,RPRNMLPJRHHGFFA18DA,30.98,2.87,0.0,有,654.0,15.0
南港區,房地(土地+建物),研究院路三段６８巷３０號三樓,33.69,住,,,1110716,土地1建物1車位0,三層,四層,公寓(5樓含以下無電梯),住家用,701202.0,97.24,3,2,1,有,無,11600000,119292.0,,0.0,0,陽台外推；,RPPNMLPJRHHGFDA87EA,82.44,0.0,14.8,無,,41.0
中正區,房地(土地+建物)+車位,汀州路二段１６７號十五樓之１,10.73,住,,,1110702,土地1建物1車位2,十五層,十八層,住宅大樓(11層含以上有電梯),住家用,1101108.0,131.84,2,1,1,有,有,22000000,252566.0,升降機械,57.8,3300000,,RPXNMLMJRHHGFAA97DA,39.21,7.33,2.68,有,,1.0
文山區,房地(土地+建物),育英街７９號三樓之２,16.21,住,,,1110712,土地1建物1車位0,三層,七層,華廈(10層含以下有電梯),住家用,1091225.0,68.92,1,1,1,有,有,16200000,235055.0,,0.0,0,,RPTNMLQJRHHGFAA97DA,38.6,2.57,5.92,有,,2.0
大安區,房地(土地+建物),樂利路１０１巷３號四樓,48.75,住,,,1110728,土地2建物1車位0,四層,四層,公寓(5樓含以下無電梯),住家用,610222.0,113.19,4,2,2,有,無,24500000,216450.0,,0.0,0,,RPSNMLNKPHHGFFA08EA,102.54,1.04,9.61,無,,50.0
中山區,房地(土地+建物),敬業三路１６２巷５３號二樓,47.09,住,,,1110716,土地1建物1車位0,二層,十層,華廈(10層含以下有電梯),住家用,890628.0,155.72,3,2,2,有,有,30000000,192653.0,,0.0,0,陽台外推；其他增建；,RPQPMLRKQHHGFCA18DA,77.88,0.0,8.1,有,,22.0
信義區,房地(土地+建物),逸仙路４２巷２５號三樓,24.56,住,,,1110727,土地1建物1車位0,三層,七層,華廈(10層含以下有電梯),住家用,700512.0,161.96,4,2,2,有,有,44500000,274759.0,,0.0,0,其他增建；,RPPOMLSKQHHGFDA18DA,133.24,0.0,11.62,有,,41.0
文山區,房地(土地+建物)+車位,辛亥路四段７７巷９２弄９號四樓之３,65.96,住,,,1110731,土地3建物1車位1,四層,十四層,住宅大樓(11層含以上有電梯),住家用,920922.0,138.06,2,2,1,有,有,20680000,181532.0,坡道平面,36.26,2200000,另有大安區辛亥段四小段615-1、615-2、762-1地號，同一價格。併古大016670號陽台外推；,RPOOMLPJRHHGFAA47DA,62.61,0.0,11.51,有,,19.0
南港區,房地(土地+建物),玉成街５２巷１０號,30.03,住,,,1110722,土地1建物1車位0,一層,四層,公寓(5樓含以下無電梯),住家用,680322.0,81.77,0,1,1,有,無,20000000,244588.0,,0.0,0,,RPORMLLJQHHGFDA67EA,71.05,10.72,0.0,無,,43.0
文山區,房地(土地+建物)+車位,汀州路四段２５７號八樓,38.0,住,,,1110709,土地1建物1車位1,八層,十四層,住宅大樓(11層含以上有電梯),住家用,991104.0,192.2,3,2,2,有,有,35000000,182102.0,坡道平面,0.0,0,,RPWNMLTJQHHGFAA48DA,102.79,0.0,11.71,有,,12.0
中山區,房地(土地+建物),民權東路二段７１巷２１弄２２號三樓,42.33,住,,,1110730,土地1建物1車位0,三層,三層,公寓(5樓含以下無電梯),住家用,560403.0,76.69,8,3,2,有,無,17200000,224280.0,,0.0,0,頂樓加蓋；其他增建；,RPUQMLQKOHHGFCA48EA,76.69,0.0,0.0,無,,55.0
北投區,房地(土地+建物),新民路１巷８號七樓之７,10.58,住,,,1110603,土地2建物1車位0,七層,七層,華廈(10層含以下有電梯),住家用,690805.0,50.33,1,1,1,有,有,4300000,85436.0,,0.0,0,,RPRNMLNKOHHGFEA77EA,39.34,0.0,4.2,有,,42.0
松山區,房地(土地+建物),塔悠路３２３號四樓之１４,8.8,住,,,1110601,土地1建物1車位0,四層,四層,公寓(5樓含以下無電梯),住家用,821021.0,47.059999999999995,1,2,1,有,無,9980000,212070.0,,0.0,0,,RPXNMLNKOHHGFDA18DA,28.94,2.22,3.53,無,,29.0
北投區,房地(土地+建物),致遠二路１１３巷１８號二樓,31.15,住,,,1110601,土地1建物1車位0,二層,五層,公寓(5樓含以下無電梯),住家用,690828.0,109.81,4,2,2,有,無,18000000,163919.0,,0.0,0,陽台外推；其他增建；,RPXPMLOKOHHGFEA58DA,96.38,0.0,13.43,無,,42.0
萬華區,房地(土地+建物),雙園街１２２巷１３號,27.0,住,,,1110605,土地1建物1車位0,一層,二層,公寓(5樓含以下無電梯),住家用,581229.0,42.0,2,2,1,有,無,6700000,159524.0,,0.0,0,其他增建；,RPXNMLTJOHHGFBA48DA,42.0,0.0,0.0,無,412.0,52.0
文山區,房地(土地+建物)+車位,汀州路四段２６７號三樓,35.52,住,,,1110602,土地1建物1車位1,三層,十四層,住宅大樓(11層含以上有電梯),住家用,991104.0,179.66000000000005,3,2,2,有,有,31159000,173433.0,坡道平面,0.0,0,政府機關標讓售；,RPXNMLQKOHHGFAA28EA,96.05,0.0,10.99,有,510.0,12.0
信義區,房地(土地+建物),吳興街２２０巷１１弄２４號三樓之６,7.83,住,,,1110605,土地1建物1車位0,三層,七層,華廈(10層含以下有電梯),住家用,810822.0,44.2,1,1,1,有,有,10400000,235294.0,,0.0,0,花台外推。陽台外推；,RPPOMLKKOHHGFDA17DA,26.72,1.5,6.16,有,,30.0
大安區,房地(土地+建物),大安路一段１５７巷１１號二樓,34.42,住,,,1110605,土地2建物1車位0,二層,六層,華廈(10層含以下有電梯),住家用,710226.0,149.91,3,2,2,有,有,40750000,271830.0,,0.0,0,陽台外推；,RPXNMLKLOHHGFFA18DA,120.9,0.0,21.07,有,,40.0
大安區,房地(土地+建物),樂業街１５９巷１２號四樓,19.71,住,,,1110606,土地1建物1車位0,四層,七層,華廈(10層含以下有電梯),住家用,700410.0,107.28,3,1,2,有,無,22800000,212528.0,,0.0,0,,RPPOMLLLOHHGFFA57DA,79.21,0.0,12.05,有,,41.0
松山區,房地(土地+建物),光復北路１１巷９７號十四樓之２,18.1,住,,,1110614,土地1建物1車位0,十四層,十四層,住宅大樓(11層含以上有電梯),住家用,780810.0,135.19,3,2,2,有,有,34300000,253717.0,,0.0,0,,RPXRMLLKNHHGFDA38EA,90.51,0.0,20.19,有,698.0,33.0
大安區,房地(土地+建物),市民大道四段１２２號四樓之１,9.07,住,,,1110602,土地1建物1車位0,四層,七層,華廈(10層含以下有電梯),住家用,760619.0,49.59,2,1,1,有,有,15000000,302480.0,,0.0,0,陽台外推；其他增建；,RPSNMLTJOHHGFFA38DA,31.74,0.0,3.51,有,704.0,35.0
萬華區,房地(土地+建物),環河南路二段２５０巷１７弄１號五樓,25.0,住,,,1110611,土地2建物1車位0,五層,五層,公寓(5樓含以下無電梯),住家用,661222.0,92.14,4,2,1,有,無,11450000,124267.0,,0.0,0,陽台外推；頂樓加蓋；其他增建；,RPTNMLQKOHHGFBA87DA,79.41,0.0,12.73,無,705.0,44.0
大同區,房地(土地+建物)+車位,迪化街二段１５８號二樓之２,16.86,住,,,1110604,土地1建物1車位1,二層,十五層,住宅大樓(11層含以上有電梯),住家用,1100106.0,151.17000000000002,3,2,2,有,有,29300000,224257.0,坡道平面,32.11,2600000,,RPRNMLLLOHHGFBA27DA,68.8,6.76,3.62,有,,1.0
松山區,房地(土地+建物)+車位,三民路６８巷１號五樓,29.25,住,,,1110606,土地1建物1車位1,五層,七層,華廈(10層含以下有電梯),住家用,810310.0,124.89,3,2,2,有,有,30500000,244215.0,其他,0.0,0,,RPWNMLNLOHHGFDA28EA,83.79,0.0,6.76,有,,30.0
信義區,房地(土地+建物),松仁路３０８巷１１７號五樓,26.0,住,,,1110608,土地2建物1車位0,五層,五層,公寓(5樓含以下無電梯),住家用,731210.0,67.41,3,2,2,有,無,13800000,204717.0,,0.0,0,,RPWQMLLKNHHGFDA18EA,55.05,0.23,6.29,無,,37.0
信義區,房地(土地+建物),吳興街６００巷６０號四樓之１,10.9,住,,,1110616,土地1建物1車位0,四層,七層,華廈(10層含以下有電梯),住家用,1100503.0,44.120000000000005,1,1,1,有,有,14580000,330462.0,,0.0,0,,RPRPMLNLOHHGFDA87DA,22.96,1.67,2.29,有,,1.0
北投區,房地(土地+建物)+車位,新興路１５３號三樓,50.63,住,,,1110606,土地1建物1車位1,三層,八層,華廈(10層含以下有電梯),住家用,951122.0,205.39,4,2,2,有,有,30600000,148985.0,升降平面,25.05,0,,RPVNMLNLOHHGFEA18DA,108.85,0.0,12.05,有,723.0,16.0
大同區,房地(土地+建物),延平北路三段２２之２號,23.0,住,,,1110616,土地3建物1車位0,三層,四層,公寓(5樓含以下無電梯),住家用,,80.98,2,2,1,有,無,9000000,111139.0,,0.0,0,,RPSNMLOLOHHGFBA77EA,80.98,0.0,0.0,無,,
文山區,建物,仙岩路１６巷２６弄８號三樓,0.0,,,,1110621,土地0建物1車位0,三層,四層,公寓(5樓含以下無電梯),住家用,660214.0,126.2,4,2,2,有,無,5300000,41997.0,,0.0,0,,RPPNMLSLOHHGFAA77EA,105.15,0.0,21.05,無,,45.0
內湖區,房地(土地+建物)+車位,內湖路二段１７９巷２１６號三樓,58.26,住,,,1110601,土地1建物1車位1,三層,十一層,住宅大樓(11層含以上有電梯),住家用,890515.0,205.24,3,2,2,有,有,36500000,177841.0,坡道機械,18.71,0,,RPSUMLQKOHHGFCA58DA,127.7,0.0,12.29,有,,22.0
萬華區,房地(土地+建物),西園路二段３７２巷３１號四樓,15.34,住,,,1110606,土地1建物1車位0,四層,五層,公寓(5樓含以下無電梯),住家用,650820.0,50.69,2,2,1,有,無,6600000,130203.0,,0.0,0,,RPSNMLMLOHHGFBA47DA,40.36,0.0,5.28,無,734.0,46.0
中山區,房地(土地+建物)+車位,北安路６６８號三樓,25.11,住,,,1110601,土地1建物1車位1,三層,十層,華廈(10層含以下有電梯),住家用,1090110.0,153.81,0,0,0,無,無,49800000,367190.0,其他,23.36,1900000,,RPSNMLOLOHHGFCA77DA,72.5,0.0,10.31,有,,2.0
大同區,房地(土地+建物)+車位,大龍街３２號五樓,23.44,住,,,1110608,土地1建物1車位2,五層,七層,華廈(10層含以下有電梯),住家用,1060720.0,205.64,3,2,2,有,有,32500000,158043.0,升降機械,0.0,4500000,,RPVNMLMLOHHGFBA87EA,61.95,0.0,8.81,有,,5.0
內湖區,房地(土地+建物)+車位,金湖路６５巷９號十四樓,27.63,住,,,1110604,土地1建物1車位1,十四層,十四層,住宅大樓(11層含以上有電梯),住家用,940825.0,181.06,3,2,2,有,有,39000000,215398.0,坡道平面,0.0,0,,RPPNMLSLOHHGFCA97EA,90.4,4.54,8.71,有,,17.0
北投區,房地(土地+建物),泉源路３４號四樓,14.05,住,,,1110601,土地1建物1車位0,四層,十層,華廈(10層含以下有電梯),住家用,870105.0,45.68,2,1,1,有,有,7600000,166375.0,,0.0,0,夾層；,RPVPMLRJOHHGFEA58DA,26.73,3.2,4.38,有,,24.0
大安區,房地(土地+建物),四維路１７０巷３６號六樓之１３,12.75,住,,,1110601,土地1建物1車位0,六層,八層,華廈(10層含以下有電梯),住家用,980115.0,67.94,1,2,1,有,有,20400000,300265.0,,0.0,0,土地價格:19382727元整；建物價格:1017273元整其他增建；,RPPOMLSJOHHGFFA08DA,38.74,1.42,3.85,有,,13.0
北投區,房地(土地+建物),知行路３３６號四樓之７,4.91,住,,,1110606,土地1建物1車位0,四層,十三層,住宅大樓(11層含以上有電梯),住家用,860122.0,33.38,1,1,1,有,有,5380000,161174.0,,0.0,0,陽台加窗其他增建；,RPPUMLQJOHHGFEA38DA,17.27,1.08,2.93,有,745.0,25.0
萬華區,房地(土地+建物),艋舺大道３８６巷７號四樓,28.25,住,,,1110607,土地1建物1車位0,四層，陽臺,四層,公寓(5樓含以下無電梯),住家用,600821.0,73.62,2,1,1,有,無,7600000,103233.0,,0.0,0,,RPPPMLSJOHHGFBA77DA,73.62,0.0,0.0,無,,51.0
內湖區,房地(土地+建物),陽光街１６１巷１２之４１號三樓,23.04,住,,,1110603,土地1建物1車位0,三層,五層,華廈(10層含以下有電梯),住家用,1080716.0,44.73,1,1,1,有,有,11960000,267382.0,,0.0,0,,RPTQMLTLOHHGFCA78EA,27.34,0.0,0.0,有,753.0,3.0
北投區,房地(土地+建物),吉利街２５７巷５弄１７號五樓,24.16,住,,,1110611,土地1建物1車位0,五層,五層,公寓(5樓含以下無電梯),住家用,740301.0,89.5,3,1,1,有,無,15100000,168715.0,,0.0,0,陽台外推；頂樓加蓋；含租約；,RPPPMLOLOHHGFEA87DA,71.75,0.0,9.8,無,759.0,37.0
內湖區,房地(土地+建物),安康路３３６巷６號三樓,35.97,住,,,1110604,土地5建物1車位0,三層,五層,公寓(5樓含以下無電梯),住家用,700213.0,126.02,3,2,2,有,無,16950000,134502.0,,0.0,0,,RPQOMLRLNHHGFCA97EA,109.67,0.0,16.35,無,,41.0
松山區,房地(土地+建物)+車位,三民路４３巷８號六樓之２,48.36,住,,,1110611,土地1建物1車位1,六層,十四層,住宅大樓(11層含以上有電梯),住家用,951218.0,224.58,4,2,2,有,有,52500000,233770.0,坡道平面,0.0,0,,RPTNMLTLOHHGFDA58EA,117.24,4.07,11.24,有,763.0,15.0
士林區,房地(土地+建物),德行東路１９０巷６弄３號二樓,27.1,住,,,1110606,土地1建物1車位0,二層,四層,公寓(5樓含以下無電梯),住家用,671024.0,104.4,3,2,1,有,無,19000000,181992.0,,0.0,0,鐵鋁窗增建其他增建；,RPRNMLTLOHHGFEA38DA,91.5,0.0,12.9,無,764.0,44.0
信義區,房地(土地+建物),逸仙路４２巷１號三樓之１,11.26,住,,,1110605,土地2建物1車位0,三層,七層,華廈(10層含以下有電梯),住家用,850504.0,47.07,1,1,1,有,有,17090000,363076.0,,0.0,0,夾層；,RPRPMLTLOHHGFDA58EA,32.95,0.5,2.43,有,,26.0
士林區,房地(土地+建物),至誠路一段６２巷３弄２１號一樓、二樓,120.0,住,,,1110601,土地1建物1車位0,全,二層,透天厝,住家用,650127.0,177.88,4,2,2,有,有,40000000,224871.0,,0.0,0,其他增建；,RPRQMLSKLHHGFEA28EA,177.88,0.0,0.0,無,,46.0
信義區,房地(土地+建物),永吉路２００巷４１弄１１號,42.31,住,,,1110603,土地1建物2車位0,一層,六層,華廈(10層含以下有電梯),住家用,700904.0,208.08,3,2,2,有,無,35000000,168196.0,,0.0,0,防火巷增建、一樓空地增建、平台外推,RPOQMLTLOHHGFDA28DA,183.9,18.42,0.0,有,766.0,41.0
文山區,房地(土地+建物),景華街１６９巷３號四樓,43.35,住,,,1110604,土地1建物1車位0,四層，陽臺,四層,公寓(5樓含以下無電梯),住家用,640425.0,116.99,3,2,2,有,無,16300000,139328.0,,0.0,0,頂樓加蓋；,RPQOMLMLOHHGFAA27DA,116.99,0.0,0.0,無,,47.0
士林區,房地(土地+建物),芝玉路一段２２３巷６號五樓,15.99,住,,,1110620,土地1建物1車位0,五層,五層,公寓(5樓含以下無電梯),住家用,720502.0,125.02,3,1,2,有,無,20500000,163974.0,,0.0,0,,RPPNMLTLOHHGFEA18DA,108.18,0.0,16.84,無,,39.0
北投區,房地(土地+建物),秀山路５號三樓,34.1,住,,,1110602,土地1建物1車位0,三層,五層,公寓(5樓含以下無電梯),住家用,680824.0,102.15,3,2,2,有,無,9380000,91826.0,,0.0,0,陽台外推；,RPPPMLRLOHHGFEA18DA,90.82,0.0,11.33,無,,43.0
文山區,房地(土地+建物),辛亥路四段７７巷１８號六樓之１,14.49,住,,,1110613,土地3建物1車位0,六層,十一層,住宅大樓(11層含以上有電梯),住家用,870731.0,56.07,2,1,1,有,有,11050000,197075.0,,0.0,0,陽台外推；其他增建；,RPTOMLTLOHHGFAA28DA,35.5,0.89,6.37,有,771.0,24.0
信義區,房地(土地+建物),吳興街２８４巷２４弄５３號二樓,27.6,住,,,1110612,土地1建物1車位0,二層,五層,公寓(5樓含以下無電梯),住家用,671207.0,98.16,5,0,5,有,無,16800000,171149.0,,0.0,0,陽台外推；含租約；,RPOQMLSLOHHGFDA18DA,84.08,0.0,14.08,無,772.0,44.0
內湖區,房地(土地+建物)+車位,民權東路六段１８０巷６６號七樓之３,14.2,住,,,1110611,土地1建物1車位1,七層,十層,華廈(10層含以下有電梯),住家用,980715.0,92.6,2,2,1,有,有,21000000,226782.0,升降機械,0.0,0,,RPRQMLTLOHHGFCA58EA,44.06,2.48,4.27,有,773.0,13.0
內湖區,房地(土地+建物)+車位,康樂街２０４之３號五樓之３,33.4,住,,,1110603,土地1建物2車位1,五層,十一層,住宅大樓(11層含以上有電梯),住家用,970331.0,182.01,3,2,2,有,有,32200000,176913.0,坡道機械,0.0,1800000,陽台外推；,RPTNMLTLOHHGFCA38DA,104.91,5.08,10.8,有,,14.0
文山區,房地(土地+建物),興隆路一段２９９號三樓,29.0,住,,,1110618,土地1建物1車位0,三層，陽臺,四層,公寓(5樓含以下無電梯),住家用,630523.0,87.77,3,2,1,有,無,10300000,117352.0,,0.0,0,陽台外推；,RPSPMLLLOHHGFAA47DA,87.77,0.0,0.0,無,,48.0
文山區,房地(土地+建物),福興路９５巷５５號八樓,15.88,住,,,1110620,土地1建物1車位0,八層,九層,華廈(10層含以下有電梯),住家用,890721.0,63.56,2,1,1,有,有,11000000,173065.0,,0.0,0,,RPSNMLTLOHHGFAA08DA,48.92,0.0,3.47,有,,22.0
北投區,房地(土地+建物)+車位,清江路１７７巷２２號十樓,28.24,住,,,1110611,土地1建物1車位1,十層,十層,華廈(10層含以下有電梯),住家用,901113.0,148.4,3,2,2,有,有,24060000,162129.0,坡道平面,0.0,2000000,陽台外推；其他增建；,RPWNMLMLOHHGFEA18DA,71.64,3.14,7.97,有,,21.0
信義區,房地(土地+建物),吳興街３５０巷３８號二樓,24.91,住,,,1110604,土地1建物1車位0,二層,五層,公寓(5樓含以下無電梯),住家用,700306.0,102.81,3,2,2,有,無,17800000,173135.0,,0.0,0,,RPXPMLLJPHHGFDA18DA,84.9,0.0,17.91,無,,41.0
萬華區,房地(土地+建物),寶興街８０巷１７弄１號三樓,23.75,住,,,1110604,土地1建物1車位0,三層,四層,公寓(5樓含以下無電梯),住家用,620117.0,79.07,3,2,1,有,無,12880000,162894.0,,0.0,0,陽台外推；,RPVNMLKMOHHGFBA67DA,70.37,0.0,8.7,無,,49.0
信義區,房地(土地+建物),吳興街３２０巷６之１號五樓,26.95,住,,,1110613,土地1建物1車位0,五層,五層,公寓(5樓含以下無電梯),住家用,740518.0,97.15,3,2,1,有,無,18300000,188369.0,,0.0,0,頂樓加蓋3間套房頂樓加蓋；,RPOPMLRLOHHGFDA97DA,76.72,0.0,9.64,無,779.0,37.0
內湖區,房地(土地+建物)+車位,南京東路六段２５９號五樓之３,44.15,住,,,1110607,土地1建物1車位1,五層,十八層,住宅大樓(11層含以上有電梯),住家用,1011226.0,295.63,4,2,2,有,有,69800000,236106.0,坡道平面,0.0,0,,RPOOMLLJPHHGFCA17EA,149.84,8.01,17.38,有,780.0,9.0
中山區,房地(土地+建物)+車位,南京東路三段４８巷３６號五樓之２,33.44,住,,,1110623,土地1建物1車位1,五層,十四層,住宅大樓(11層含以上有電梯),住家用,930330.0,235.46,3,2,2,有,有,80370000,341332.0,坡道平面,0.0,0,,RPPNMLLJPHHGFCA17EA,119.99,5.09,14.3,有,,18.0
士林區,房地(土地+建物)+車位,重慶北路四段２２２號十二樓之５,13.43,住,,,1110606,土地2建物1車位1,十二層,十四層,住宅大樓(11層含以上有電梯),住家用,1060413.0,123.25,2,1,1,有,有,20000000,162272.0,坡道平面,37.41,0,夾層；,RPSSMLKKOHHGFEA97DA,45.51,4.38,7.05,有,785.0,5.0
萬華區,房地(土地+建物),青年路１０６巷３０弄１６號四樓,17.8,住,,,1110607,土地2建物1車位0,四層,五層,公寓(5樓含以下無電梯),住家用,640403.0,45.88,2,2,1,有,有,6500000,141674.0,,0.0,0,其他增建；,RPSPMLKLOHHGFBA47DA,45.88,0.0,0.0,無,786.0,47.0
萬華區,房地(土地+建物),中華路二段３６４巷７號二樓之３,53.61,住,,,1110602,土地1建物1車位0,二層,十四層,住宅大樓(11層含以上有電梯),住家用,1020702.0,207.19,2,2,2,有,有,39680000,191515.0,,0.0,0,有1汽車位2個機車位由管理室管理，只有使用權,RPUOMLSKNHHGFBA18DA,116.42,0.0,11.94,有,,9.0
文山區,房地(土地+建物),福興路７８巷２０弄４７號三樓,22.81,住,,,1110602,土地2建物1車位0,三層,五層,公寓(5樓含以下無電梯),住家用,691007.0,75.91,2,2,1,有,無,11130000,146621.0,,0.0,0,其他增建；,RPPOMLKMOHHGFAA07DA,65.92,0.0,9.99,無,,42.0
內湖區,房地(土地+建物),民權東路六段７５號三樓,28.06,住,,,1110610,土地1建物1車位0,三層,五層,公寓(5樓含以下無電梯),住家用,730116.0,104.87,3,2,2,有,無,17000000,162105.0,,0.0,0,,RPQNMLPLOHHGFCA67DA,88.19,0.0,7.26,無,,38.0
大安區,房地(土地+建物),潮州街９８巷４之１號四樓,42.94,住,,,1110603,土地3建物1車位0,四層,七層,華廈(10層含以下有電梯),住家用,710322.0,135.36,4,2,2,有,有,38500000,284427.0,,0.0,0,其他增建；,RPRNMLOJPHHGFFA87DA,121.33,0.0,14.03,有,,40.0
文山區,房地(土地+建物),新光路一段１０３號二樓,3.83,住,,,1110620,土地1建物1車位0,二層,四層,公寓(5樓含以下無電梯),住家用,,11.55,2,1,1,有,無,1600000,138528.0,,0.0,0,,RPTQMLLLOHHGFAA67DA,9.74,0.0,1.8,無,362.0,
中山區,房地(土地+建物),樂群二路１８０號四樓,47.09,住,,,1110612,土地1建物1車位0,四層,八層,華廈(10層含以下有電梯),住家用,890628.0,155.39999999999998,3,2,2,有,有,29680000,190991.0,,0.0,0,其他增建；,RPPRMLKLOHHGFCA47DA,77.56,0.0,8.1,有,,22.0
信義區,房地(土地+建物),忠孝東路五段７４３巷３１弄６號二樓,36.68,住,,,1110608,土地1建物1車位0,二層,五層,公寓(5樓含以下無電梯),住家用,700504.0,128.09,3,2,2,有,無,25200000,196737.0,,0.0,0,,RPOPMLRLNHHGFDA97EA,113.16,0.0,14.93,無,,41.0
士林區,房地(土地+建物),文林路７６３號五樓之１１,8.88,住,,,1110601,土地1建物1車位0,五層,十一層,住宅大樓(11層含以上有電梯),住家用,700204.0,74.49000000000001,2,1,1,有,有,10000000,134246.0,,0.0,0,陽台外推；,RPPNMLOJPHHGFEA67EA,57.26,0.0,6.19,有,,41.0
信義區,房地(土地+建物),永吉路３０巷１１９弄３２號六樓,23.0,住,,,1110607,土地1建物1車位0,六層,六層,華廈(10層含以下有電梯),住家用,730116.0,103.24,3,2,2,有,無,27600000,267338.0,,0.0,0,,RPXPMLRLNHHGFDA88EA,70.95,0.62,14.44,有,,38.0
士林區,房地(土地+建物),通河街４７號三樓,20.8,住,,,1110611,土地1建物1車位0,三層,五層,公寓(5樓含以下無電梯),住家用,680618.0,69.22,4,1,1,有,無,12800000,184918.0,,0.0,0,,RPPOMLOJPHHGFEA77EA,65.15,0.0,4.07,無,,43.0
中正區,房地(土地+建物)+車位,三元街２５０號四樓,16.88,住,,,1110620,土地1建物1車位1,四層,九層,華廈(10層含以下有電梯),住家用,951201.0,127.64,3,2,2,有,有,25000000,195863.0,塔式車位,27.66,0,塔式車位於地下二層。陽台外推；其他增建；,RPVOMLSLOHHGFAA38DA,55.79,4.25,9.29,有,,16.0
南港區,房地(土地+建物)+車位,重陽路５８８號八樓,21.73,住,,,1110608,土地1建物1車位2,八層,十二層,住宅大樓(11層含以上有電梯),住家用,960130.0,120.91,2,2,1,有,有,24200000,242758.0,升降機械,35.64,3500000,,RPWPMLRLNHHGFDA78EA,50.8,6.43,5.65,有,800.0,15.0
士林區,房地(土地+建物),士東路８９巷３之１號三樓,12.83,住,,,1110615,土地1建物1車位0,三層,四層,公寓(5樓含以下無電梯),住家用,740523.0,37.83,3,2,2,有,無,5670000,149881.0,,0.0,0,,RPXOMLOJPHHGFEA58EA,32.98,0.0,3.71,無,801.0,37.0
文山區,房地(土地+建物)+車位,秀明路二段１１２巷１弄１６號四樓,29.89,住,,,1110614,土地1建物1車位1,四層,九層,華廈(10層含以下有電梯),住家用,840620.0,141.41,3,2,2,有,有,19000000,134361.0,其他,0.0,0,,RPQNMLPJPHHGFAA37DA,79.32,2.12,11.42,有,,27.0
北投區,房地(土地+建物),行義路３１巷４號三樓,59.54,住,,,1110612,土地1建物1車位0,三層,四層,公寓(5樓含以下無電梯),住家用,621210.0,112.77,4,2,2,有,無,17500000,155183.0,,0.0,0,陽台外推；,RPXNMLPJPHHGFEA48DA,112.77,0.0,0.0,無,,49.0
大安區,房地(土地+建物),四維路１７０巷３６號二樓之２,7.47,住,,,1110604,土地1建物1車位0,二層,八層,華廈(10層含以下有電梯),住家用,980115.0,39.97,0,1,1,有,有,11500000,287716.0,,0.0,0,,RPRQMLNJNHHGFFA97EA,21.38,1.53,2.86,有,,13.0
北投區,房地(土地+建物)+車位,北投路一段８５號四樓,15.53,住,,,1110612,土地2建物1車位1,四層,十三層,住宅大樓(11層含以上有電梯),住家用,981103.0,114.54,3,2,2,有,有,21880000,191025.0,升降機械,13.1,0,陽台外推；夾層；,RPQPMLKLOHHGFEA57DA,58.51,8.77,5.18,有,,13.0
士林區,建物,後港街１３４巷４０號,0.0,,,,1110622,土地0建物1車位0,全,二層,透天厝,住家用,560126.0,43.44,0,0,0,無,無,1800000,41436.0,,0.0,0,,RPUNMLLJPHHGFEA77DA,43.44,0.0,0.0,無,,55.0
內湖區,房地(土地+建物),行善路３９號四樓,47.3,住,,,1110617,土地1建物1車位0,四層,九層,華廈(10層含以下有電梯),住家用,870506.0,124.08,3,2,2,有,有,21500000,173275.0,,0.0,0,,RPQOMLPJPHHGFCA77EA,74.1,0.0,7.06,有,,24.0
文山區,房地(土地+建物)+車位,興順街９７號二樓,20.33,住,,,1110612,土地1建物1車位1,二層,十層,華廈(10層含以下有電梯),住家用,941209.0,111.94,2,2,1,有,有,19500000,174185.0,坡道平面,29.55,0,陽台增建含傢俱設備費；,RPXNMLKLOHHGFAA67DA,49.93,2.98,7.32,有,812.0,17.0
北投區,房地(土地+建物)+車位,中央北路四段５４１巷１１號十七樓,19.85,住,,,1110609,土地1建物1車位1,十七層,十八層,住宅大樓(11層含以上有電梯),住家用,1101216.0,139.38,2,1,2,有,有,26000000,235294.0,坡道平面,41.63,3000000,含裝潢費500000元；,RPXPMLPKOHHGFEA68DA,53.32,2.47,8.03,有,,
內湖區,房地(土地+建物),成功路四段２２３巷７號五樓,32.18,住,,,1110613,土地1建物1車位0,五層,五層,公寓(5樓含以下無電梯),住家用,720323.0,116.03,5,0,5,有,無,20700000,178402.0,,0.0,0,陽台外推；頂樓加蓋；,RPUPMLNLOHHGFCA08DA,94.81,0.0,14.89,無,,39.0
信義區,房地(土地+建物),基隆路二段７９巷３０弄１號三樓,14.18,住,,,1110602,土地1建物1車位0,三層,十層,華廈(10層含以下有電梯),住家用,980420.0,71.6,2,2,1,有,有,19380000,270670.0,,0.0,0,,RPUNMLKLOHHGFDA67DA,36.51,6.23,4.52,有,,13.0
信義區,房地(土地+建物),吳興街２２０巷１１弄１８號四樓,33.5,住,,,1110604,土地2建物1車位0,四層，陽臺,四層,公寓(5樓含以下無電梯),住家用,620129.0,77.83,4,2,2,有,無,18180000,233586.0,,0.0,0,陽台外推；頂樓加蓋；其他增建；,RPOPMLNLOHHGFDA57DA,77.83,0.0,0.0,無,816.0,49.0
內湖區,房地(土地+建物),成功路四段１９３號四樓,31.82,住,,,1110602,土地2建物1車位0,四層,五層,公寓(5樓含以下無電梯),住家用,701229.0,111.08,3,2,2,有,無,18200000,163846.0,,0.0,0,陽台外推；,RPRRMLMLOHHGFCA87DA,86.82,0.0,11.86,無,817.0,40.0
文山區,房地(土地+建物)+車位,興隆路四段１４５巷２７號二樓之１,27.96,住,,,1110605,土地1建物1車位1,二層,十四層,住宅大樓(11層含以上有電梯),住家用,891122.0,165.86,3,2,2,有,有,25500000,184443.0,坡道平面,41.15,2500000,,RPSOMLOJPHHGFAA57DA,95.54,0.0,8.9,有,,22.0
大安區,房地(土地+建物),建國南路二段１５１巷１２號二樓之３,28.77,住,,,1110604,土地1建物1車位0,二層,七層,華廈(10層含以下有電梯),住家用,660723.0,149.15,4,2,2,有,有,38500000,258129.0,,0.0,0,陽台外推；其他增建；,RPXOMLQKOHHGFFA78DA,109.3,0.0,22.22,有,818.0,45.0
文山區,房地(土地+建物)+車位,木柵路一段３８３號二樓之２,37.64,住,,,1110604,土地1建物1車位1,二層,十三層,住宅大樓(11層含以上有電梯),住家用,950317.0,187.47,3,2,2,有,有,32250000,195261.0,坡道平面,35.11,2500000,陽台外推；其他增建；,RPPOMLRLOHHGFAA67DA,88.17,7.67,9.33,有,,16.0
內湖區,房地(土地+建物),民權東路六段２８０巷１５５弄２１３號三樓之１２,14.08,住,,,1110613,土地1建物1車位0,三層，四層,十一層,住宅大樓(11層含以上有電梯),住家用,860710.0,42.09,3,1,1,有,有,8880000,210976.0,,0.0,0,,RPQRMLLJPHHGFCA57DA,23.5,0.78,2.51,有,,25.0
中正區,房地(土地+建物),連雲街１５號五樓之１,15.97,住,,,1110611,土地1建物1車位0,五層,七層,華廈(10層含以下有電梯),住家用,961109.0,72.4,2,1,1,有,有,22338000,308536.0,,0.0,0,其他增建；,RPXNMLOJPHHGFBA08DA,38.36,4.32,3.71,有,,15.0
內湖區,房地(土地+建物)+車位,環山路三段２３號九樓,22.51,住,,,1110611,土地1建物1車位1,九層,十一層,住宅大樓(11層含以上有電梯),住家用,1020107.0,144.69,3,2,2,有,有,30870000,213353.0,升降機械,23.92,0,陽台外推；,RPPOMLOJPHHGFCA47DA,68.2,9.48,5.79,有,,9.0
南港區,房地(土地+建物)+車位,重陽路１９９巷２０號十樓之２,44.95,住,,,1110605,土地1建物1車位1,十層,十層,華廈(10層含以下有電梯),住家用,930706.0,146.26,3,1,2,有,有,28500000,194858.0,坡道平面,0.0,0,,RPOOMLPJPHHGFDA57DA,74.75,0.0,8.9,有,,18.0
北投區,房地(土地+建物),尊賢街３０２巷２３號四樓,30.75,住,,,1110607,土地1建物1車位0,四層，陽臺,四層,公寓(5樓含以下無電梯),住家用,641105.0,110.6,3,2,2,有,無,20550000,185805.0,,0.0,0,頂樓增建,RPRPMLOJPHHGFEA97DA,110.6,0.0,0.0,無,828.0,47.0
北投區,房地(土地+建物)+車位,公路２０９巷１４號三樓之１,42.49,住,,,1110624,土地1建物1車位1,三層,七層,華廈(10層含以下有電梯),住家用,980122.0,167.59,3,2,2,有,有,24280000,144877.0,塔式車位,11.77,0,陽台外推；其他增建；,RPOQMLQJPHHGFEA97DA,91.75,1.8,11.24,有,,13.0
內湖區,房地(土地+建物),康樂街７２巷１７弄２８之１號四樓,30.3,住,,,1110603,土地1建物1車位0,四層,五層,公寓(5樓含以下無電梯),住家用,741126.0,111.57,3,2,2,有,無,14380000,128888.0,,0.0,0,陽台外推；其他增建；,RPXNMLRKOHHGFCA48DA,96.39,1.35,8.63,無,,37.0
北投區,房地(土地+建物),立農街一段３３號四樓,36.32,住,,,1110607,土地1建物1車位0,四層,五層,公寓(5樓含以下無電梯),住家用,790116.0,131.41,3,2,2,有,無,21000000,159805.0,,0.0,0,陽台外推；,RPVNMLMJPHHGFEA97DA,98.02,1.39,11.72,無,,32.0
大安區,房地(土地+建物),浦城街６巷１４之１號三樓,21.07,住,,,1110605,土地1建物1車位0,三層,五層,公寓(5樓含以下無電梯),住家用,711029.0,79.64,2,2,2,有,無,23300000,292567.0,,0.0,0,陽台外推；其他增建；,RPPOMLTLOHHGFFA38DA,64.23,0.0,9.77,無,833.0,40.0
內湖區,房地(土地+建物)+車位,新豐街１５１號三樓之１,41.83,住,,,1110611,土地1建物1車位1,三層,八層,華廈(10層含以下有電梯),住家用,980814.0,213.69,3,2,2,有,有,40650000,190229.0,坡道平面,0.0,0,陽台外推；,RPSQMLLLOHHGFCA77DA,88.87,6.79,10.12,有,,13.0
信義區,房地(土地+建物),忠孝東路五段７９０巷３０弄３號四樓,36.11,住,,,1110612,土地1建物1車位0,四層,五層,公寓(5樓含以下無電梯),住家用,700131.0,125.1,4,2,2,有,無,22500000,179856.0,,0.0,0,陽台外推；,RPRPMLLLOHHGFDA67DA,110.9,0.0,14.2,無,,41.0
內湖區,房地(土地+建物),民權東路六段９０巷１５弄１０號三樓,33.56,住,,,1110609,土地1建物1車位0,三層,五層,公寓(5樓含以下無電梯),住家用,730130.0,103.56,3,2,2,有,無,17250000,166570.0,,0.0,0,陽台外推；,RPUQMLRKOHHGFCA48DA,76.81,0.0,17.77,無,,38.0
信義區,房地(土地+建物),吳興街３６５巷３１號四樓,30.75,住,,,1110614,土地1建物1車位0,四層，陽臺,四層,公寓(5樓含以下無電梯),住家用,610306.0,84.8,3,2,2,有,無,14100000,166274.0,,0.0,0,陽台外推；其他增建；,RPPQMLPJPHHGFDA87DA,84.8,0.0,0.0,無,,50.0
中山區,房地(土地+建物)+車位,復興北路４４８號八樓之９,7.75,住,,,1110612,土地2建物1車位1,八層,十二層,住宅大樓(11層含以上有電梯),住家用,971015.0,74.53,2,1,1,有,有,14800000,283896.0,坡道平面,33.67,3200000,,RPVOMLRLNHHGFCA48EA,24.01,1.47,1.73,有,834.0,14.0
信義區,房地(土地+建物),中坡南路８６號四樓,36.12,住,,,1110612,土地1建物1車位0,四層,五層,公寓(5樓含以下無電梯),住家用,720603.0,135.92000000000002,4,2,2,有,無,22000000,161860.0,,0.0,0,,RPOOMLRJPHHGFDA87EA,95.41,0.0,12.4,無,835.0,39.0
文山區,房地(土地+建物),景華街１３７號四樓,23.25,住,,,1110606,土地3建物1車位0,四層，陽臺,四層,公寓(5樓含以下無電梯),住家用,650319.0,63.62,2,2,1,有,無,11000000,172902.0,,0.0,0,陽台外推；其他增建；,RPQOMLPJPHHGFAA47DA,63.62,0.0,0.0,無,,46.0
中正區,房地(土地+建物),中華路二段３１１巷５號五樓,14.74,住,,,1110615,土地1建物1車位0,五層,五層,公寓(5樓含以下無電梯),住家用,,35.11,1,1,1,有,無,6450000,183708.0,,0.0,0,陽台外推；含租約；,RPPNMLPLOHHGFAA37DA,30.16,0.0,4.95,無,,
士林區,房地(土地+建物),忠誠路二段９８巷１號七樓,24.43,住,,,1110602,土地1建物1車位0,七層,十四層,住宅大樓(11層含以上有電梯),住家用,741205.0,176.45999999999998,4,2,3,有,有,44500000,252182.0,,0.0,0,陽台外推；,RPSPMLPJPHHGFEA18DA,150.18,0.0,17.02,有,,36.0
士林區,房地(土地+建物)+車位,菁山路１０２之１號六樓,157.24,住,,,1110628,土地1建物2車位3,六層,六層,華廈(10層含以下有電梯),住家用,1050907.0,448.06,3,2,3,有,有,65000000,145070.0,坡道平面,115.79,0,,RPSOMLQJPHHGFEA18DA,176.32,9.63,20.98,有,844.0,6.0
士林區,房地(土地+建物),忠誠路二段４０巷１４弄９號三樓,32.21,住,,,1110618,土地1建物1車位0,三層,五層,公寓(5樓含以下無電梯),住家用,680817.0,112.48,3,2,2,有,無,22600000,200925.0,,0.0,0,,RPSPMLQJPHHGFEA38EA,95.68,0.0,10.16,無,,43.0
內湖區,房地(土地+建物)+車位,民權東路六段２５６號二樓之１,19.51,住,,,1110611,土地1建物1車位1,二層,八層,華廈(10層含以下有電梯),住家用,971128.0,86.12,4,2,1,有,有,18700000,216734.0,塔式車位,6.76,1500000,,RPUNMLQJPHHGFCA08DA,44.24,5.48,6.56,有,847.0,14.0
內湖區,房地(土地+建物)+車位,環山路一段２８號八樓之３,49.99,住,,,1110615,土地1建物1車位3,八層,二十四層,住宅大樓(11層含以上有電梯),住家用,981007.0,345.78999999999996,3,2,2,有,有,90000000,260274.0,坡道平面,0.0,10000000,,RPWNMLNKOHHGFCA97DA,148.57,3.38,15.9,有,,13.0
大同區,房地(土地+建物)+車位,迪化街二段１５８號二樓之３,18.89,住,,,1110608,土地1建物1車位1,二層,十五層,住宅大樓(11層含以上有電梯),住家用,1100106.0,165.2,3,2,1,有,有,33200000,229920.0,坡道平面,32.11,2600000,,RPSPMLOJPHHGFBA77DA,78.93,3.47,6.12,有,,1.0
大安區,房地(土地+建物),樂業街７２巷２２號四樓,15.15,住,,,1110620,土地1建物1車位0,四層,十層,華廈(10層含以下有電梯),住家用,1100906.0,70.03,2,1,1,有,有,23000000,328431.0,,0.0,0,,RPWNMLRJPHHGFFA78EA,38.33,1.94,4.45,有,855.0,1.0
內湖區,房地(土地+建物),金湖路５１號四樓,19.59,住,,,1110609,土地3建物1車位0,四層,五層,公寓(5樓含以下無電梯),住家用,701224.0,106.6,3,2,2,有,無,16100000,151032.0,,0.0,0,,RPWOMLSLOHHGFCA68DA,80.51,0.0,10.34,無,,40.0
北投區,房地(土地+建物)+車位,中央北路四段５４１巷１５號十二樓,25.6,住,,,1110622,土地1建物1車位1,十二層,十八層,住宅大樓(11層含以上有電梯),住家用,1101216.0,170.75,3,1,2,有,有,31560000,220415.0,坡道平面,41.63,3100000,,RPSNMLOJPHHGFEA87DA,69.32,6.44,8.52,有,,1.0
中山區,房地(土地+建物)+車位,明水路３９７巷７弄２３號七樓,23.75,住,,,1110614,土地1建物1車位1,七層,十四層,住宅大樓(11層含以上有電梯),住家用,830614.0,139.88,3,2,1,有,有,34080000,243620.0,坡道平面,34.37,0,陽台外推；,RPRQMLQJPHHGFCA08DA,116.28,1.94,7.87,有,,28.0
中山區,房地(土地+建物)+車位,龍江路３５６巷５０號二樓之２,19.65,住,,,1110606,土地1建物1車位1,二層,八層,華廈(10層含以下有電梯),住家用,1020318.0,110.73,2,2,2,有,有,19500000,180753.0,升降機械,11.7,1600000,陽台外推；夾層；,RPQNMLQKOHHGFCA67DA,44.84,4.19,7.0,有,861.0,9.0
北投區,房地(土地+建物)+車位,中央北路四段５４１巷５號九樓,21.68,住,,,1110605,土地1建物1車位1,九層,十八層,住宅大樓(11層含以上有電梯),住家用,1101216.0,148.87,2,2,1,有,有,23500000,195822.0,坡道平面,41.63,2500000,,RPTNMLNKOHHGFEA87DA,56.29,5.18,8.52,有,862.0,
士林區,房地(土地+建物),中山北路六段７２８巷９弄２號五樓,25.29,住,,,1110611,土地1建物1車位0,五層,五層,公寓(5樓含以下無電梯),住家用,680126.0,96.99,2,2,2,有,無,19300000,198990.0,,0.0,0,陽台外推；頂樓加蓋；,RPUPMLRJPHHGFEA58DA,72.08,0.0,14.35,無,863.0,43.0
北投區,房地(土地+建物),石牌路一段３９巷１３３弄１號二樓,50.5,住,,,1110617,土地1建物1車位0,二層，陽臺,四層,公寓(5樓含以下無電梯),住家用,640206.0,116.61,3,2,1,有,無,18500000,158648.0,,0.0,0,陽台加蓋鐵欄杆其他增建；,RPUQMLQJPHHGFEA58DA,116.61,0.0,0.0,無,,47.0
信義區,房地(土地+建物),光復南路４１９巷１１９號五樓,27.0,住,,,1110605,土地1建物1車位0,五層,五層,公寓(5樓含以下無電梯),住家用,680905.0,94.36,3,2,1,有,無,23450000,248516.0,,0.0,0,陽台外推；,RPWOMLNKOHHGFDA18DA,78.82,0.0,15.54,無,,43.0
中正區,房地(土地+建物),臨沂街６１巷２０號二樓,42.08,住,,,1110611,土地1建物1車位0,二層,六層,華廈(10層含以下有電梯),住家用,610407.0,166.32,4,2,3,有,無,43800000,263348.0,,0.0,0,陽台外推；其他增建；,RPVOMLQJPHHGFBA28EA,147.02,0.0,19.3,有,,50.0
北投區,房地(土地+建物)+車位,大同街２３２號二樓之２,52.52,住,,,1110607,土地1建物1車位1,二層,十四層,住宅大樓(11層含以上有電梯),住家用,940222.0,208.37,4,2,2,有,有,29800000,143015.0,坡道平面,36.17,0,,RPRNMLRJPHHGFEA18EA,112.59,2.41,12.75,有,865.0,17.0
大安區,房地(土地+建物),新生南路一段１１９巷１８號四樓,38.5,住,,,1110607,土地1建物1車位0,四層,四層,公寓(5樓含以下無電梯),住家用,661028.0,113.27,3,2,2,有,無,28200000,248963.0,,0.0,0,其他增建；,RPQOMLPKOHHGFFA97DA,97.21,0.0,16.06,無,,45.0
信義區,房地(土地+建物),林口街８０巷４號,33.0,住,,,1110615,土地2建物1車位0,一層,四層,公寓(5樓含以下無電梯),住家用,590123.0,67.65,3,2,1,有,無,20000000,295639.0,,0.0,0,前庭院外推其他增建；,RPUNMLQJPHHGFDA18DA,67.65,0.0,0.0,無,,52.0
士林區,房地(土地+建物),基河路１２８號九樓之１４,7.55,住,,,1110614,土地1建物1車位0,九層,十一層,住宅大樓(11層含以上有電梯),住家用,850916.0,28.13,1,1,1,有,有,5910000,210096.0,,0.0,0,陽台外推；,RPQPMLSLOHHGFEA38DA,15.92,1.18,2.37,有,871.0,26.0
松山區,房地(土地+建物),南京東路五段２５１巷４６弄６號二樓,28.75,住,,,1110618,土地1建物1車位0,二層,四層,公寓(5樓含以下無電梯),住家用,620109.0,86.53,3,2,1,有,無,22180000,256327.0,,0.0,0,陽台外推；,RPQNMLSJPHHGFDA08EA,76.63,0.0,9.9,無,874.0,49.0
中山區,房地(土地+建物),新生北路三段９３巷４２號,40.5,住,,,1110611,土地2建物1車位0,一層,四層,公寓(5樓含以下無電梯),住家用,630704.0,102.64,2,2,2,有,無,22350000,217751.0,,0.0,0,,RPVNMLLKPHHGFCA87EA,102.64,0.0,0.0,無,875.0,48.0
中山區,房地(土地+建物),農安街２１０號五樓之３,8.88,住,,,1110610,土地1建物1車位0,五層,十二層,住宅大樓(11層含以上有電梯),住家用,750331.0,88.58,3,2,2,有,有,16900000,190788.0,,0.0,0,陽台外推；其他增建；,RPRRMLRKOHHGFCA28DA,59.94,0.0,8.42,有,,36.0
南港區,房地(土地+建物),研究院路三段８６巷４號四樓,45.21,住,,,1110612,土地1建物1車位0,四層,四層,公寓(5樓含以下無電梯),住家用,681224.0,104.36,3,3,3,有,無,10600000,101571.0,,0.0,0,頂樓加蓋；其他增建；,RPSNMLKLOHHGFDA47DA,92.06,0.0,12.3,無,,42.0
文山區,房地(土地+建物),和平東路四段６５巷３３號,250.0,住,,,1110605,土地1建物3車位0,全,五層,透天厝,住家用,980820.0,546.49,4,2,6,有,有,60500000,110707.0,,0.0,0,陽台外推；其他增建；,RPROMLKLOHHGFAA17DA,264.71,30.33,45.19,有,,13.0
松山區,房地(土地+建物),民族東路６６８巷５號三樓,29.75,住,,,1110614,土地1建物1車位0,三層，陽臺,四層,公寓(5樓含以下無電梯),住家用,610310.0,106.88,3,2,2,有,無,20800000,194611.0,,0.0,0,,RPPRMLRLNHHGFDA28EA,106.88,0.0,0.0,無,878.0,50.0
北投區,房地(土地+建物),立農街二段２６３號二樓,33.26,住,,,1110604,土地1建物1車位0,二層,五層,公寓(5樓含以下無電梯),住家用,710812.0,110.44,3,2,2,有,無,18300000,165701.0,,0.0,0,,RPWNMLSJPHHGFEA78EA,94.99,0.0,15.45,無,,40.0
松山區,房地(土地+建物),八德路四段２０４巷６弄５號二樓,43.25,住,,,1110611,土地1建物1車位0,二層，陽臺,四層,公寓(5樓含以下無電梯),住家用,640311.0,128.26,3,2,2,有,無,24800000,193357.0,,0.0,0,陽台外推；其他增建；,RPPPMLRKOHHGFDA97DA,128.26,0.0,0.0,無,,47.0
士林區,房地(土地+建物),天玉街３８巷１２號七樓之２,15.45,住,,,1110607,土地1建物1車位0,七層,十一層,住宅大樓(11層含以上有電梯),住家用,860414.0,50.96,2,2,1,有,有,13300000,260989.0,,0.0,0,陽台外推；,RPROMLQJPHHGFEA08DA,31.77,0.75,4.01,有,,25.0
士林區,房地(土地+建物),延平北路六段１１６巷３９弄５號四樓,38.25,住,,,1110628,土地1建物1車位0,四層,四層,公寓(5樓含以下無電梯),住家用,621217.0,71.37,3,1,1,有,無,8400000,117697.0,,0.0,0,頂樓加蓋；,RPUNMLOJPHHGFEA08DA,71.37,0.0,0.0,無,881.0,49.0
中正區,房地(土地+建物),師大路１８４號十樓,18.88,住,,,1110612,土地2建物1車位0,十層,十二層,住宅大樓(11層含以上有電梯),住家用,701218.0,135.12,3,2,2,有,有,30660000,226909.0,,0.0,0,陽台外推；其他增建；,RPOPMLRLOHHGFAA67DA,96.55,0.0,22.45,有,,40.0
北投區,房地(土地+建物),大興街２４巷６弄５號二樓,28.64,住,,,1110622,土地1建物1車位0,二層,四層,公寓(5樓含以下無電梯),住家用,681224.0,81.12,2,1,1,有,無,12000000,147929.0,,0.0,0,陽台外推；,RPTNMLSJPHHGFEA38DA,72.57,0.0,8.55,無,,42.0
中山區,房地(土地+建物),新生北路三段９３巷４２號三樓,40.5,住,,,1110611,土地2建物1車位0,三層,四層,公寓(5樓含以下無電梯),住家用,630704.0,102.64,3,2,2,有,無,15350000,149552.0,,0.0,0,,RPXNMLLKPHHGFCA08EA,102.64,0.0,0.0,無,883.0,48.0
南港區,房地(土地+建物)+車位,忠孝東路六段１３０號七樓之１,5.22,住,,,1110616,土地1建物1車位1,七層,十四層,住宅大樓(11層含以上有電梯),住家用,1000110.0,41.82,1,1,1,有,有,13000000,310856.0,其他,0.0,0,車位為倉儲式機械車位車位編號:46號夾層；,RPQOMLPJPHHGFDA77DA,21.39,0.0,3.4,有,885.0,11.0
中山區,房地(土地+建物),農安街１４９號三樓之１,22.75,住,,,1110624,土地2建物1車位0,三層，通道,七層,華廈(10層含以下有電梯),住家用,711123.0,123.47,2,2,2,有,有,23000000,186280.0,,0.0,0,走道陽台外推；其他增建；,RPQQMLPJPHHGFCA87DA,104.25,0.0,3.87,有,886.0,40.0
內湖區,房地(土地+建物),康樂街７２巷１７弄３６號四樓,30.73,住,,,1110618,土地1建物1車位0,四層,五層,公寓(5樓含以下無電梯),住家用,731102.0,111.25,3,2,2,有,無,13500000,121348.0,,0.0,0,,RPTPMLLLOHHGFCA77DA,90.61,0.0,11.51,無,,38.0
北投區,房地(土地+建物),中央北路四段３１８號四樓,27.19,住,,,1110606,土地2建物1車位0,四層,五層,公寓(5樓含以下無電梯),住家用,741205.0,96.16,3,2,1,有,無,11800000,122712.0,,0.0,0,陽台外推；其他增建；,RPQNMLRKOHHGFEA97DA,80.45,0.0,6.5,無,,37.0
北投區,房地(土地+建物),永興路一段３２巷１弄２號,38.53,住,,,1110615,土地2建物1車位0,一層,五層,公寓(5樓含以下無電梯),住家用,670315.0,113.0,3,2,3,有,無,19000000,168142.0,,0.0,0,,RPUNMLQJPHHGFEA28DA,98.45,14.55,0.0,無,,44.0
內湖區,房地(土地+建物)+車位,民權東路六段２９６巷２０號三樓之１２,10.5,,,,1110611,土地1建物1車位1,三層,十層,華廈(10層含以下有電梯),住家用,821214.0,78.44999999999999,1,1,1,有,有,14000000,178458.0,坡道機械,0.0,0,,RPOOMLOJPHHGFCA37DA,32.04,15.49,3.52,有,889.0,28.0
中山區,房地(土地+建物),新生北路三段９３巷４２號二樓,40.5,住,,,1110611,土地2建物1車位0,二層,四層,公寓(5樓含以下無電梯),住家用,630704.0,102.64,3,2,2,有,無,15850000,154423.0,,0.0,0,,RPWNMLLKPHHGFCA97EA,102.64,0.0,0.0,無,892.0,48.0
中山區,房地(土地+建物),新生北路三段９３巷４２號四樓,40.5,住,,,1110611,土地2建物1車位0,四層,四層,公寓(5樓含以下無電梯),住家用,630704.0,102.64,3,2,2,有,無,14850000,144680.0,,0.0,0,,RPOOMLLKPHHGFCA27EA,102.64,0.0,0.0,無,894.0,48.0
士林區,房地(土地+建物),承德路四段１２巷２５號四樓,36.25,住,,,1110604,土地1建物1車位0,四層,四層,公寓(5樓含以下無電梯),住家用,590604.0,96.42,3,2,1,有,無,15880000,164696.0,,0.0,0,陽台外推；頂樓加蓋；,RPQNMLQLOHHGFEA97DA,96.42,0.0,0.0,無,,52.0
松山區,房地(土地+建物),健康路３５巷４號九樓,35.23,住,,,1110613,土地1建物1車位0,九層,十三層,住宅大樓(11層含以上有電梯),住家用,860728.0,157.26,3,2,2,有,有,40400000,256899.0,,0.0,0,其他增建；,RPUNMLNLOHHGFDA97DA,88.04,2.4,7.93,有,,25.0
內湖區,房地(土地+建物)+車位,內湖路二段３００號五樓之４,28.49,住,,,1110617,土地1建物1車位1,五層,七層,華廈(10層含以下有電梯),住家用,780718.0,141.41,3,2,2,有,有,23000000,182055.0,坡道平面,26.05,2000000,,RPORMLLKPHHGFCA57EA,120.15,0.0,4.92,有,,33.0
萬華區,房地(土地+建物),和平西路三段３８２巷１２弄４０號五樓,13.81,住,,,1110611,土地2建物1車位0,五層,五層,公寓(5樓含以下無電梯),住家用,650710.0,41.48,2,1,1,有,有,5000000,120540.0,,0.0,0,,RPPPMLRJPHHGFBA77DA,38.78,0.0,2.7,無,,46.0
萬華區,房地(土地+建物),東園街６７巷２８號三樓,25.0,住,,,1110612,土地1建物1車位0,三層,四層,公寓(5樓含以下無電梯),住家用,590525.0,71.63,3,1,1,有,無,8000000,111685.0,,0.0,0,,RPVNMLSJPHHGFBA28DA,71.63,0.0,0.0,無,903.0,52.0
士林區,房地(土地+建物),基河路１２８號九樓之３,7.55,住,,,1110601,土地1建物1車位0,九層,十一層,住宅大樓(11層含以上有電梯),住家用,850916.0,26.95,1,0,1,有,有,5580000,207050.0,,0.0,0,陽台外推；,RPXNMLLKPHHGFEA18DA,15.92,0.0,2.37,有,,26.0
松山區,房地(土地+建物)+車位,市民大道四段３９號十六樓,60.47,住,,,1110602,土地2建物1車位3,十六層,二十三層,住宅大樓(11層含以上有電梯),住家用,1090102.0,454.72,1,2,3,有,有,242930000,687995.0,坡道平面,121.68,13800000,,RPVPMLPJPHHGFDA38DA,180.31,9.2,24.4,有,,2.0
松山區,房地(土地+建物)+車位,市民大道四段３９之１號十六樓,48.38,住,,,1110602,土地2建物1車位2,十六層,二十三層,住宅大樓(11層含以上有電梯),住家用,1090102.0,358.58,2,1,2,有,有,196950000,677755.0,坡道平面,81.12,8900000,,RPUPMLPJPHHGFDA28DA,150.81,4.3,22.71,有,,2.0
內湖區,房地(土地+建物)+車位,內湖路二段１０３巷１１０號四樓,27.91,住,,,1110609,土地2建物1車位1,三層，四層,七層,華廈(10層含以下有電梯),住家用,741217.0,153.98,3,2,2,有,有,27200000,208065.0,坡道平面,37.66,3000000,,RPQOMLTLOHHGFCA18DA,123.98,0.0,3.73,有,,36.0
內湖區,房地(土地+建物)+車位,康寧路三段７５巷２１８弄８３號二樓,42.29,住,,,1110602,土地1建物1車位1,二層,九層,華廈(10層含以下有電梯),住家用,830701.0,98.8,3,2,2,有,無,16880000,170850.0,坡道機械,0.0,0,,RPSRMLRJPHHGFCA38DA,61.86,5.63,7.12,有,,28.0
內湖區,房地(土地+建物),金湖路４９號四樓,19.78,住,,,1110609,土地3建物1車位0,四層,五層,公寓(5樓含以下無電梯),住家用,701224.0,114.45,3,2,2,有,無,17650000,154216.0,,0.0,0,,RPRNMLTLOHHGFCA18DA,81.35,17.35,0.0,無,,40.0
內湖區,房地(土地+建物)+車位,民權東路六段１８０巷４２弄５３號三樓之２,21.38,住,,,1110625,土地2建物1車位2,三層,八層,華廈(10層含以下有電梯),住家用,911128.0,91.88,2,2,1,有,有,16180000,176099.0,坡道機械,0.0,0,,RPSOMLLKPHHGFCA57DA,36.47,1.48,4.41,有,,20.0
信義區,房地(土地+建物),忠孝東路五段７１巷３弄１６號二樓,38.5,住,,,1110601,土地2建物1車位0,二層,四層,公寓(5樓含以下無電梯),住家用,631014.0,101.58,3,2,1,有,無,28500000,280567.0,,0.0,0,,RPTNMLQJPHHGFDA08DA,90.26,0.0,11.32,無,910.0,48.0
信義區,房地(土地+建物)+車位,松仁路３０８巷１０１號五樓,10.2,住,,,1110605,土地1建物1車位1,五層,九層,華廈(10層含以下有電梯),住家用,1030418.0,56.870000000000005,2,1,1,有,有,15680000,285945.0,塔式車位,7.29,1500000,塔式車位無固定使用樓層陽台外推；夾層；其他增建；,RPPNMLKMOHHGFDA27DA,23.19,1.3,6.88,有,913.0,8.0
文山區,房地(土地+建物),秀明路二段９２巷１０號四樓,30.36,住,,,1110627,土地1建物1車位0,四層,五層,公寓(5樓含以下無電梯),住家用,701231.0,103.43,3,2,1,有,無,12800000,123755.0,,0.0,0,,RPPOMLMKPHHGFAA27EA,78.54,0.0,15.23,無,,40.0
文山區,房地(土地+建物)+車位,汀州路四段２６９號二樓,35.34,住,,,1110628,土地1建物1車位1,二層,十四層,住宅大樓(11層含以上有電梯),住家用,991104.0,178.69,3,2,2,有,有,24000000,134311.0,坡道平面,0.0,0,,RPROMLLKPHHGFAA37EA,95.46,0.0,10.99,有,,12.0
內湖區,房地(土地+建物)+車位,民權東路六段４２３巷９弄１５號三樓,19.49,住,,,1110614,土地1建物1車位1,三層,五層,華廈(10層含以下有電梯),住家用,1030605.0,51.349999999999994,1,1,1,有,有,12880000,250828.0,塔式車位,0.0,0,夾層；,RPORMLNLOHHGFCA67DA,23.58,3.11,0.0,有,915.0,8.0
松山區,房地(土地+建物)+車位,市民大道四段３９之２號二十二樓,48.65,住,,,1110601,土地2建物1車位2,二十二層,二十三層,住宅大樓(11層含以上有電梯),住家用,1090102.0,353.85,2,1,2,有,有,206700000,725626.0,坡道平面,81.12,8800000,,RPVPMLRJOHHGFDA48DA,150.81,3.1,22.94,有,,2.0
信義區,房地(土地+建物),吳興街３５０巷１３號五樓,27.8,住,,,1110609,土地1建物1車位0,五層,五層,公寓(5樓含以下無電梯),住家用,731101.0,108.57,5,2,4,有,無,21500000,198029.0,,0.0,0,1.頂樓加蓋有出租。頂樓加蓋；,RPRNMLOJPHHGFDA67DA,85.27,0.0,9.08,無,,38.0
信義區,房地(土地+建物),永吉路１２７巷２１號四樓,31.75,住,,,1110612,土地1建物1車位0,四層，陽臺,四層,公寓(5樓含以下無電梯),住家用,,108.04,3,2,2,有,無,18800000,174010.0,,0.0,0,頂樓加蓋；,RPQNMLRJPHHGFDA87DA,108.04,0.0,0.0,無,,
士林區,房地(土地+建物),大南路３１０號二樓,12.33,住,,,1110621,土地1建物1車位0,二層,三層,公寓(5樓含以下無電梯),住家用,600506.0,31.98,3,1,1,有,無,4500000,140713.0,,0.0,0,,RPWNMLPJPHHGFEA38DA,31.98,0.0,0.0,無,,51.0
內湖區,房地(土地+建物),成功路四段２３２號五樓,24.18,住,,,1110609,土地1建物1車位0,五層,五層,公寓(5樓含以下無電梯),住家用,740712.0,83.19,3,2,2,有,無,15000000,180310.0,,0.0,0,陽台外推；頂樓加蓋；其他增建；,RPVOMLKLOHHGFCA77DA,74.96,0.0,8.23,無,,37.0
文山區,房地(土地+建物),辛亥路四段７７巷６２號十樓,50.12,住,,,1110602,土地1建物1車位0,十層,十層,華廈(10層含以下有電梯),住家用,831101.0,82.19,2,2,1,有,有,14500000,176420.0,,0.0,0,,RPTNMLKMOHHGFAA37DA,62.07,2.94,6.18,有,,28.0
大安區,房地(土地+建物)+車位,杭州南路二段６１巷１９號二樓,11.06,住,,,1110602,土地1建物1車位1,二層,七層,華廈(10層含以下有電梯),住家用,721008.0,61.17,3,2,1,有,有,16000000,261566.0,坡道平面,0.0,0,車位產權係共同持分，逐年抽籤,RPXNMLMKPHHGFFA48EA,37.9,0.0,8.21,有,,39.0
中正區,房地(土地+建物),金門街１１巷２之２號,28.75,住,,,1110606,土地1建物1車位0,一層,四層,公寓(5樓含以下無電梯),住家用,,66.61,2,2,1,有,無,16000000,240204.0,,0.0,0,,RPUOMLMKPHHGFAA77EA,66.61,0.0,0.0,無,,
大安區,房地(土地+建物),信義路四段２６５巷５４號二樓,18.98,住,,,1110610,土地1建物2車位0,二層,七層,華廈(10層含以下有電梯),住家用,730308.0,105.35,3,2,2,有,有,29000000,275273.0,,0.0,0,陽台外推；,RPOOMLMKPHHGFFA57DA,73.74,0.0,12.13,有,920.0,38.0
萬華區,房地(土地+建物),萬大路４２４巷１０８號二樓,33.11,住,,,1110620,土地1建物1車位0,二層,五層,公寓(5樓含以下無電梯),住家用,680818.0,112.59,4,2,1,有,無,15850000,140776.0,,0.0,0,,RPXOMLRJPHHGFBA48DA,100.39,0.0,12.2,無,,43.0
士林區,房地(土地+建物),承德路四段４０巷２４號,12.82,住,,,1110604,土地1建物1車位0,地下層,五層,公寓(5樓含以下無電梯),住家用,591008.0,34.12,2,1,1,有,有,5250000,153869.0,,0.0,0,其他增建；,RPPPMLKLOHHGFEA47DA,32.77,1.35,0.0,無,,52.0
文山區,房地(土地+建物),木柵路一段３３５巷１１弄１０號二樓,43.38,住,,,1110620,土地1建物1車位0,二層,四層,公寓(5樓含以下無電梯),住家用,660725.0,100.19,3,2,2,有,無,13500000,134744.0,,0.0,0,陽台外推；,RPVOMLRJPHHGFAA18DA,87.41,0.0,12.78,無,,45.0
北投區,房地(土地+建物),公路２０９巷３６弄９號四樓,17.13,住,,,1110625,土地2建物1車位0,四層,六層,華廈(10層含以下有電梯),住家用,600505.0,68.5,2,2,1,有,有,8100000,118248.0,,0.0,0,,RPQNMLPLOHHGFEA87DA,58.5,0.0,10.0,有,,51.0
大安區,房地(土地+建物),樂利路２８巷２之１號二樓,41.2,住,,,1110621,土地1建物1車位0,二層,五層,公寓(5樓含以下無電梯),住家用,721222.0,142.83,3,2,2,有,無,31680000,221802.0,,0.0,0,,RPWOMLQJPHHGFFA68DA,110.16,0.0,14.73,無,,38.0
士林區,房地(土地+建物),天母東路１０５巷６１號二樓,14.01,住,,,1110604,土地1建物1車位0,二層,四層,公寓(5樓含以下無電梯),住家用,671118.0,50.41,1,2,1,有,無,8130000,161278.0,,0.0,0,陽台外推；其他增建；,RPPPMLSLOHHGFEA28DA,42.65,0.0,7.76,無,,44.0
大安區,房地(土地+建物),臥龍街１９５巷２３號,23.74,住,,,1110613,土地1建物1車位0,一層,五層,公寓(5樓含以下無電梯),住家用,671205.0,81.57,3,2,2,有,無,17800000,218217.0,,0.0,0,其他增建；,RPQOMLTLOHHGFFA48DA,70.1,11.47,0.0,無,,44.0
南港區,房地(土地+建物)+車位,重陽路１２５巷３６弄１０號八樓之１,20.38,住,,,1110620,土地1建物1車位1,八層,八層,華廈(10層含以下有電梯),住家用,961008.0,109.59,2,2,1,有,有,20600000,212741.0,坡道平面,24.51,2500000,,RPTNMLLLOHHGFDA77EA,48.05,0.0,6.35,有,,15.0
中正區,房地(土地+建物)+車位,濟南路二段１５號九樓之５,10.04,住,,,1110618,土地1建物1車位1,九層,十一層,住宅大樓(11層含以上有電梯),住家用,960129.0,65.15,2,1,1,有,有,15420000,236685.0,塔式車位,18.36,0,陽台外推；夾層；其他增建；,RPTQMLSLMHHGFBA38EA,26.4,2.09,2.05,有,927.0,15.0
大安區,房地(土地+建物),永康街４１巷３３號,29.8,住,,,1110607,土地1建物1車位0,一層,五層,公寓(5樓含以下無電梯),住家用,730327.0,137.41,3,2,2,有,無,41580000,302598.0,,0.0,0,其他增建；,RPTOMLQKOHHGFFA38DA,93.01,44.4,0.0,無,,38.0
北投區,房地(土地+建物),泉源路３６之２２號十一樓之１,5.92,住,,,1110620,土地1建物1車位0,十一層,十一層,住宅大樓(11層含以上有電梯),住家用,780921.0,41.51,1,0,1,有,有,4350000,104794.0,,0.0,0,陽台外推；,RPTNMLMKPHHGFEA87DA,28.11,0.0,3.53,有,934.0,33.0
松山區,房地(土地+建物),民權東路三段１０６巷１５弄２３號二樓,23.96,住,,,1110615,土地1建物1車位0,二層,七層,華廈(10層含以下有電梯),住家用,740817.0,143.96,3,2,2,有,有,40280000,279800.0,,0.0,0,含裝潢費；含傢俱設備費；,RPTNMLLKPHHGFDA77EA,121.9,0.0,14.07,有,,37.0
大同區,房地(土地+建物)+車位,酒泉街２０１號三樓,62.43,住,,,1110610,土地1建物1車位2,三層,七層,華廈(10層含以下有電梯),住家用,1000614.0,284.72,4,2,2,有,有,39000000,141287.0,塔式車位,29.92,3000000,車位編號11:新台幣150萬元整車位編號12:新台幣150萬元整陽台外推；其他增建；,RPUOMLLKPHHGFBA67DA,148.49,11.21,15.85,有,,11.0
士林區,房地(土地+建物),忠義街１１９號二樓,39.12,住,,,1110620,土地1建物1車位0,二層,五層,公寓(5樓含以下無電梯),住家用,760622.0,118.1,3,2,2,有,無,22000000,186283.0,,0.0,0,陽台外推；其他增建；,RPRNMLMJPHHGFEA57DA,103.9,0.24,10.45,無,,35.0
中正區,房地(土地+建物),和平西路二段７０巷２弄２號三樓之３,12.2,住,,,1110609,土地3建物1車位0,三層,九層,華廈(10層含以下有電梯),住家用,990714.0,55.06999999999999,2,1,1,有,有,15800000,286908.0,,0.0,0,夾層；其他增建；,RPVNMLNKPHHGFAA87EA,27.92,8.38,0.0,有,,12.0
北投區,房地(土地+建物),文化三路４３號七樓,31.71,住,,,1110621,土地1建物1車位0,七層,七層,華廈(10層含以下有電梯),住家用,741127.0,117.31,3,2,2,有,有,14500000,123604.0,,0.0,0,,RPOOMLNKPHHGFEA67EA,73.37,0.0,15.55,有,,37.0
信義區,房地(土地+建物),吳興街６００巷７６弄９９號二樓,24.79,住,,,1110605,土地2建物1車位0,二層,五層,公寓(5樓含以下無電梯),住家用,710216.0,93.33,3,2,2,有,無,15000000,160720.0,,0.0,0,陽台外推；其他增建；,RPPOMLTLOHHGFDA18DA,83.29,0.0,10.04,無,,40.0
北投區,房地(土地+建物),自強街５巷１５５號二樓,28.5,住,,,1110604,土地1建物1車位0,二層，電梯樓梯間,四層,公寓(5樓含以下無電梯),住家用,841206.0,77.36,3,1,2,有,無,14550000,188082.0,,0.0,0,陽台外推；,RPQOMLMKPHHGFEA67DA,68.14,0.52,8.7,無,,26.0
大安區,房地(土地+建物)+車位,臥龍街４３巷１１號二樓,26.25,住,,,1110615,土地2建物1車位1,二層,十一層,住宅大樓(11層含以上有電梯),住家用,790502.0,170.58,4,2,2,有,有,41880000,245501.0,坡道平面,43.75,0,陽台外推；其他增建；,RPPOMLLJPHHGFFA47DA,148.94,0.0,14.49,有,,32.0
松山區,房地(土地+建物),延吉街４６巷４號六樓,25.05,住,,,1110624,土地1建物1車位0,六層,七層,華廈(10層含以下有電梯),住家用,661228.0,122.34,3,2,2,有,有,28550000,233366.0,,0.0,0,,RPQNMLOKPHHGFDA77EA,94.07,0.0,10.7,有,,44.0
內湖區,房地(土地+建物)+車位,行善路１９１號三樓,28.6,住,,,1110619,土地2建物1車位1,三層,十五層,住宅大樓(11層含以上有電梯),住家用,1101125.0,176.72,3,2,2,有,有,48800000,276143.0,坡道平面,31.83,0,,RPWOMLKMOHHGFCA97DA,88.61,0.0,7.47,有,947.0,1.0
文山區,房地(土地+建物)+車位,政大一街２１０巷４５號三樓,43.89,住,,,1110603,土地1建物1車位1,三層,七層,華廈(10層含以下有電梯),住家用,831222.0,103.37,1,2,1,有,有,13900000,134468.0,坡道平面,0.0,0,夾層；其他增建；,RPSOMLNKOHHGFAA47DA,51.31,0.43,6.08,有,,27.0
大安區,房地(土地+建物),四維路１７０巷３６號六樓之１,7.25,住,,,1110608,土地1建物1車位0,六層,八層,華廈(10層含以下有電梯),住家用,980115.0,38.83,1,1,1,有,有,12280000,316250.0,,0.0,0,陽台外推；其他增建；,RPVNMLPLNHHGFFA48EA,21.05,1.62,2.43,有,950.0,13.0
萬華區,房地(土地+建物),中華路二段４１６巷９號十二樓之５,29.7,住,,,1110619,土地1建物1車位0,十二層,十二層,住宅大樓(11層含以上有電梯),住家用,760316.0,137.22,4,2,2,有,有,22300000,162513.0,,0.0,0,,RPQPMLMKPHHGFBA47DA,95.65,0.0,10.71,有,951.0,35.0
北投區,房地(土地+建物),中和街４９３巷３弄１２號五樓,28.51,住,,,1110619,土地9建物1車位0,五層,五層,公寓(5樓含以下無電梯),住家用,690530.0,86.8,2,2,1,有,無,10500000,120968.0,,0.0,0,頂樓加蓋；其他增建；,RPSPMLRJPHHGFEA38DA,83.35,0.0,3.45,無,952.0,42.0
中山區,房地(土地+建物)+車位,明水路５５５號十二樓之２２,12.76,住,,,1110601,土地1建物1車位1,十二層，十三層,十六層,住宅大樓(11層含以上有電梯),住家用,850530.0,75.45,2,1,1,有,有,15300000,202783.0,坡道平面,0.0,0,夾層；其他增建；,RPUNMLRKOHHGFCA18DA,30.55,1.15,3.8,有,,26.0
大安區,房地(土地+建物),安和路二段２３巷４號三樓,22.41,住,,,1110613,土地2建物1車位0,三層,七層,華廈(10層含以下有電梯),住家用,720816.0,110.88,3,2,2,有,有,25150000,226822.0,,0.0,0,,RPUNMLSLOHHGFFA68DA,88.78,0.0,14.59,有,,39.0
北投區,房地(土地+建物)+車位,公路１６１巷２１號四樓,113.39,住,,,1110622,土地2建物1車位1,四層,五層,華廈(10層含以下有電梯),住家用,1041119.0,226.02,4,2,2,有,有,32700000,144677.0,坡道平面,0.0,0,,RPQNMLMKPHHGFEA67EA,99.57,13.07,12.37,有,,7.0
士林區,房地(土地+建物),福林路２５９號二樓,16.02,住,,,1110603,土地2建物1車位0,二層,七層,華廈(10層含以下有電梯),住家用,720316.0,98.45,3,2,2,有,有,16300000,165566.0,,0.0,0,其他增建；,RPTNMLMLOHHGFEA87DA,72.17,0.0,6.78,有,,39.0
北投區,房地(土地+建物)+車位,公路１６１巷２９號四樓,103.41,住,,,1110622,土地2建物1車位1,四層,五層,華廈(10層含以下有電梯),住家用,1041119.0,208.82,3,2,2,有,有,30050000,143904.0,坡道平面,0.0,0,,RPPNMLMKPHHGFEA57EA,89.14,17.42,7.52,有,,7.0
松山區,房地(土地+建物),三民路７４巷１１號四樓之３,26.66,住,,,1110617,土地1建物1車位0,四層,七層,華廈(10層含以下有電梯),住家用,810413.0,113.89,3,2,2,有,有,29000000,254632.0,,0.0,0,其他增建；,RPWOMLTLOHHGFDA88DA,75.67,0.0,6.71,有,,30.0
內湖區,房地(土地+建物),安泰街６２巷１號四樓,32.98,住,,,1110625,土地1建物1車位0,四層,五層,公寓(5樓含以下無電梯),住家用,690913.0,106.32,3,2,2,有,無,12500000,117570.0,,0.0,0,,RPPOMLKMOHHGFCA27DA,96.22,0.0,10.1,無,,42.0
中山區,房地(土地+建物),遼寧街２１１號六樓之３,18.32,住,,,1110624,土地1建物1車位0,六層,十五層,住宅大樓(11層含以上有電梯),住家用,750609.0,97.98,3,2,1,有,有,25500000,260257.0,,0.0,0,,RPOPMLRLNHHGFCA87EA,76.34,0.0,6.1,有,,36.0
文山區,房地(土地+建物),興隆路三段１１２巷４弄２８號二樓,25.49,住,,,1110610,土地1建物1車位0,二層,五層,公寓(5樓含以下無電梯),住家用,690201.0,84.2,3,2,1,有,無,14520000,172447.0,,0.0,0,其他增建；,RPRNMLNKPHHGFAA37DA,74.87,0.0,9.33,無,,42.0
文山區,房地(土地+建物),興隆路三段１３７號六樓,5.79,住,,,1110615,土地1建物1車位0,六層,十層,華廈(10層含以下有電梯),住家用,970523.0,27.5,0,1,1,有,有,6500000,236364.0,,0.0,0,夾層；其他增建；,RPUNMLMLOHHGFAA57DA,14.14,1.36,2.14,有,,14.0
士林區,房地(土地+建物),福港街２６２巷８號五樓,35.2,住,,,1110616,土地1建物1車位0,五層,五層,公寓(5樓含以下無電梯),住家用,690110.0,95.21,5,3,4,有,無,13800000,144943.0,,0.0,0,陽台外推；頂樓加蓋；,RPSNMLMJPHHGFEA67DA,84.68,0.0,10.53,無,,42.0
萬華區,房地(土地+建物),中華路二段５０４巷４７號四樓,16.78,住,,,1110627,土地1建物1車位0,四層,十二層,住宅大樓(11層含以上有電梯),住家用,680403.0,59.84,2,2,2,有,有,12000000,200535.0,,0.0,0,陽台外推；其他增建；,RPOOMLLJPHHGFBA96DA,52.57,0.0,7.27,有,,43.0
萬華區,房地(土地+建物),青年路１６８巷２弄２５號四樓之１,18.13,住,,,1110613,土地1建物1車位0,四層，陽臺,五層,公寓(5樓含以下無電梯),住家用,640523.0,58.86,2,2,1,有,無,8400000,142712.0,,0.0,0,陽台外推；其他增建；,RPPOMLNKPHHGFBA37DA,50.48,0.0,0.0,無,,47.0
文山區,房地(土地+建物)+車位,景福街１３３巷４０號五樓,44.65,住,,,1110608,土地1建物1車位1,五層，電梯樓梯間,九層,華廈(10層含以下有電梯),住家用,850903.0,182.0,4,2,2,有,有,31400000,172527.0,坡道平面,40.53,0,陽台外推；,RPROMLPKPHHGFAA67DA,116.14,1.78,12.17,有,,26.0
大安區,房地(土地+建物),延吉街９７巷１１號三樓,30.93,住,,,1110614,土地1建物1車位0,三層,六層,華廈(10層含以下有電梯),住家用,740722.0,153.57,4,2,2,有,有,43800000,285212.0,,0.0,0,,RPWNMLMKPHHGFFA28DA,117.79,0.48,17.87,有,,37.0
大安區,房地(土地+建物),建國南路一段３０８號七樓之２,5.1,住,,,1110627,土地2建物1車位0,七層,十四層,住宅大樓(11層含以上有電梯),住家用,1070412.0,40.31,1,1,1,有,有,17300000,429174.0,,0.0,0,,RPXNMLPLNHHGFFA68EA,22.72,0.0,2.79,有,964.0,4.0
文山區,房地(土地+建物)+車位,政大三街１２６號三樓,118.18,住,,,1110615,土地1建物1車位2,三層，四層,五層,華廈(10層含以下有電梯),住家用,981215.0,278.36,3,2,2,有,有,48000000,207379.0,坡道平面,62.33,3200000,,RPPOMLPJPHHGFAA47EA,152.51,1.46,8.27,有,,13.0
大安區,房地(土地+建物)+車位,瑞安街１３５巷２７號十二樓,54.2,住,,,1110612,土地1建物1車位3,十二層,十四層,住宅大樓(11層含以上有電梯),住家用,1010119.0,435.65,4,2,4,有,有,150680000,452330.0,坡道平面,129.06,12000000,陽台外推；,RPOOMLPLNHHGFFA87EA,182.01,11.34,19.38,有,,10.0
中正區,房地(土地+建物),廈門街８１巷５３號三樓,42.0,住,,,1110617,土地2建物1車位0,三層，陽臺,四層,公寓(5樓含以下無電梯),住家用,640506.0,125.05,3,2,1,有,無,23250000,185926.0,,0.0,0,,RPVNMLKLPHHGFAA67EA,125.05,0.0,0.0,無,,47.0
南港區,房地(土地+建物),福山街２巷１５號,45.0,住,,,1110622,土地2建物1車位0,一層，二層,,公寓(5樓含以下無電梯),住家用,611103.0,60.4,4,2,2,有,無,16000000,264901.0,,0.0,0,頂樓加蓋；,RPXNMLKMOHHGFDA08DA,60.4,0.0,0.0,無,,50.0
文山區,房地(土地+建物),辛亥路四段２２０號五樓,34.69,住,,,1110617,土地2建物1車位0,五層,五層,公寓(5樓含以下無電梯),住家用,711020.0,116.5,3,2,2,有,無,15700000,134764.0,,0.0,0,頂樓加蓋；,RPXNMLOKPHHGFAA08DA,104.95,0.0,11.55,無,967.0,40.0
文山區,房地(土地+建物)+車位,秀明路一段１２９巷６８弄２２號二樓,156.75,住,,,1110611,土地1建物1車位1,二層,五層,華廈(10層含以下有電梯),住家用,1070302.0,245.33,4,2,2,有,有,46300000,188725.0,坡道平面,35.02,0,,RPOOMLOKPHHGFAA27DA,124.26,0.0,16.49,有,968.0,4.0
中山區,房地(土地+建物),北安路４５８巷４１弄５２之１號五樓,24.88,住,,,1110623,土地1建物1車位0,五層,五層,公寓(5樓含以下無電梯),住家用,681024.0,89.64,3,1,1,有,無,18580000,207274.0,,0.0,0,頂樓加蓋；其他增建；,RPSNMLPJPHHGFCA77DA,76.35,0.0,13.29,無,971.0,43.0
文山區,房地(土地+建物)+車位,興隆路三段３０４巷３２號,23.18,住,,,1110615,土地2建物1車位1,一層,七層,華廈(10層含以下有電梯),住家用,1030314.0,143.22,3,2,2,有,有,18200000,139008.0,坡道平面,26.69,2000000,其他增建；,RPSOMLOLOHHGFAA67DA,58.19,12.18,3.89,有,972.0,8.0
北投區,房地(土地+建物)+車位,中央北路四段５４１巷１３號十三樓,23.77,住,,,1110618,土地1建物1車位1,十三層,十八層,住宅大樓(11層含以上有電梯),住家用,1101216.0,160.54000000000002,3,1,2,有,有,28600000,218653.0,坡道平面,41.63,2600000,,RPRNMLOJPHHGFEA77DA,65.09,6.11,6.42,有,,1.0
內湖區,房地(土地+建物)+車位,成功路五段４５０巷２１弄４３號,46.57,住,,,1110616,土地1建物1車位2,一層，二層,十四層,住宅大樓(11層含以上有電梯),住家用,880731.0,244.03,4,2,2,有,有,43380000,215074.0,坡道平面,65.58,5000000,,RPQOMLOKPHHGFCA67DA,124.64,1.76,8.25,有,,23.0
北投區,房地(土地+建物)+車位,磺港路１３２號十樓,33.46,住,,,1110609,土地1建物1車位2,十層,十四層,住宅大樓(11層含以上有電梯),住家用,1030619.0,264.59000000000003,1,2,1,有,有,46000000,173854.0,坡道平面,66.68,0,,RPPOMLOKPHHGFEA77DA,108.64,12.34,11.23,有,973.0,8.0
南港區,房地(土地+建物),研究院路一段１５７號三樓,28.3,住,,,1110614,土地1建物1車位0,三層,五層,公寓(5樓含以下無電梯),住家用,700326.0,90.55,4,0,4,有,無,15000000,165654.0,,0.0,0,陽台外推；其他增建；,RPPQMLSLOHHGFDA28DA,76.25,0.0,14.3,無,,41.0
南港區,房地(土地+建物)+車位,重陽路３８２號七樓,30.98,住,,,1110603,土地1建物1車位1,七層,九層,華廈(10層含以下有電梯),住家用,940321.0,149.88,3,2,2,有,有,29180000,194689.0,坡道平面,0.0,0,,RPPPMLOKPHHGFDA87EA,65.14,2.88,7.25,有,976.0,17.0
大同區,房地(土地+建物),迪化街二段２７２巷７號五樓,25.63,住,,,1110615,土地1建物1車位0,五層,五層,公寓(5樓含以下無電梯),住家用,740129.0,119.51,3,2,2,有,無,15500000,129696.0,,0.0,0,,RPWOMLRJPHHGFBA48EA,73.62,0.0,10.67,無,978.0,37.0
士林區,房地(土地+建物),德行東路１９０巷４０弄１號三樓,11.07,住,,,1110628,土地1建物1車位0,三層,七層,華廈(10層含以下有電梯),住家用,741114.0,61.36,3,2,2,有,有,10000000,162973.0,,0.0,0,,RPRNMLQJPHHGFEA97DA,49.85,0.0,7.71,有,979.0,37.0
士林區,房地(土地+建物),重慶北路四段２２２號二樓之３,5.6,住,,,1110611,土地2建物1車位0,二層,十四層,住宅大樓(11層含以上有電梯),住家用,1060413.0,35.870000000000005,1,1,1,有,有,7350000,204907.0,,0.0,0,,RPTOMLNLOHHGFEA08DA,20.8,1.09,1.91,有,980.0,5.0
南港區,房地(土地+建物),玉成街１４０巷１弄４號四樓,27.4,住,,,1110601,土地2建物1車位0,四層,五層,公寓(5樓含以下無電梯),住家用,681203.0,71.23,2,2,1,有,無,15660000,219851.0,,0.0,0,其他增建；,RPXPMLSLOHHGFDA98DA,64.87,0.0,6.36,無,,42.0
內湖區,房地(土地+建物)+車位,民權東路六段４２３巷１５號,111.54,住,,,1110614,土地1建物1車位2,全,三層,透天厝,住家用,880518.0,268.13,7,3,3,有,有,53500000,199530.0,坡道平面,0.0,0,,RPWPMLSJPHHGFCA68DA,150.27,0.0,23.04,無,,23.0
大安區,房地(土地+建物)+車位,瑞安街８１巷１８號七樓,54.87,住,,,1110617,土地1建物2車位2,七層,十三層,住宅大樓(11層含以上有電梯),住家用,980213.0,384.66,4,2,4,有,有,113461280,331481.0,坡道平面,65.0,7500000,車位編號:56、57號,RPOOMLOKPHHGFFA87EA,190.77,32.69,15.25,有,,13.0
南港區,房地(土地+建物),興南街６４巷６弄１３號三樓之１,24.03,住,,,1110610,土地1建物1車位0,三層,十一層,住宅大樓(11層含以上有電梯),住家用,830223.0,94.37,2,2,2,有,有,19200000,203454.0,,0.0,0,,RPXOMLLLOHHGFDA28EA,55.87,0.88,7.4,有,981.0,28.0
中山區,房地(土地+建物),松江路４６９巷１號四樓之２,20.72,住,,,1110603,土地1建物1車位0,四層,七層,華廈(10層含以下有電梯),住家用,730721.0,119.96,3,2,2,有,有,24000000,200067.0,,0.0,0,陽台外推；其他增建；,RPPPMLKMOHHGFCA37DA,86.31,0.0,14.82,有,,38.0
松山區,房地(土地+建物),延吉街２２巷９號七樓,19.17,住,,,1110618,土地1建物1車位0,七層,七層,華廈(10層含以下有電梯),住家用,720709.0,104.79,3,2,2,有,無,28200000,269110.0,,0.0,0,陽台外推；頂樓加蓋；其他增建；,RPUNMLOKPHHGFDA08DA,78.0,0.0,11.06,有,,39.0
北投區,房地(土地+建物)+車位,石牌路二段３１１號十二樓,26.96,住,,,1110618,土地1建物1車位1,十二層,十四層,住宅大樓(11層含以上有電梯),住家用,1101027.0,182.77,2,2,2,有,有,41598000,278796.0,坡道平面,42.89,2600000,,RPSOMLMKPHHGFEA87DA,82.46,6.28,8.39,有,,1.0
士林區,房地(土地+建物)+車位,中山北路五段７１２號八樓,17.37,住,,,1110626,土地2建物1車位1,八層,二十二層,住宅大樓(11層含以上有電梯),住家用,1080730.0,197.65,2,2,2,有,有,53580000,317017.0,坡道平面,38.1,3000000,,RPTOMLPKPHHGFEA38EA,100.36,1.64,7.32,有,,3.0
中山區,房地(土地+建物),民生東路二段１４７巷１２弄３４號,29.67,住,,,1110619,土地1建物1車位0,一層,三層,公寓(5樓含以下無電梯),住家用,550115.0,68.56,3,2,1,有,無,21500000,313594.0,,0.0,0,,RPRPMLRLNHHGFCA18EA,68.56,0.0,0.0,無,982.0,56.0
士林區,房地(土地+建物),通河東街一段６巷１２號三樓,28.0,住,,,1110618,土地1建物1車位0,三層,四層,公寓(5樓含以下無電梯),住家用,620815.0,80.16,3,2,1,有,無,12800000,159681.0,,0.0,0,,RPTNMLPKPHHGFEA28EA,80.16,0.0,0.0,無,,49.0
士林區,房地(土地+建物)+車位,忠誠路一段１６巷１３號四樓,20.53,住,,,1110601,土地1建物1車位1,四層,六層,華廈(10層含以下有電梯),住家用,880120.0,79.78999999999999,2,2,1,有,有,20200000,253165.0,升降機械,0.0,0,夾層；其他增建；,RPQPMLRLOHHGFEA28DA,39.3,0.53,3.56,有,984.0,23.0
北投區,房地(土地+建物),中和街４９３巷３弄８號五樓,29.34,住,,,1110626,土地9建物1車位0,五層,五層,公寓(5樓含以下無電梯),住家用,690530.0,88.54,3,2,2,有,無,9000000,101649.0,,0.0,0,陽台外推；其他增建；,RPQOMLQJPHHGFEA97DA,85.09,0.0,3.45,無,985.0,42.0
南港區,房地(土地+建物)+車位,中坡南路３１巷８號三樓,23.96,住,,,1110618,土地1建物1車位1,三層,六層,華廈(10層含以下有電梯),住家用,1090731.0,104.69,2,1,1,有,有,29200000,291610.0,升降機械,9.7,1500000,,RPUPMLOKPHHGFDA38EA,45.15,0.0,13.38,有,,2.0
內湖區,房地(土地+建物),星雲街１５巷１８弄２９號二樓,24.1,住,,,1110612,土地1建物1車位0,二層,五層,公寓(5樓含以下無電梯),住家用,720208.0,94.17,3,2,1,有,無,16280000,172879.0,,0.0,0,陽台外推；其他增建；,RPVNMLMLOHHGFCA87DA,73.76,0.0,10.87,無,986.0,39.0
信義區,房地(土地+建物),忠孝東路五段７９０巷７０弄２１號,25.75,住,,,1110624,土地1建物1車位0,一層，平台,四層,公寓(5樓含以下無電梯),住家用,,77.2,3,2,1,有,無,19800000,256477.0,,0.0,0,,RPPOMLPKPHHGFDA87EA,77.2,0.0,0.0,無,,
北投區,房地(土地+建物),三合街二段４５６號四樓之１,11.12,住,,,1110604,土地1建物1車位0,四層,十八層,住宅大樓(11層含以上有電梯),住家用,870714.0,47.82000000000001,2,1,1,有,有,10000000,209118.0,,0.0,0,陽台外推；夾層；其他增建；,RPTNMLRKOHHGFEA28DA,28.87,0.0,4.65,有,,24.0
大安區,房地(土地+建物),四維路２１６巷１２之２號,34.62,住,,,1110605,土地1建物1車位0,三層,四層,公寓(5樓含以下無電梯),住家用,580828.0,114.65,3,2,2,有,無,27520000,240035.0,,0.0,0,,RPXNMLOKPHHGFFA58DA,114.65,0.0,0.0,無,,53.0
內湖區,房地(土地+建物)+車位,內湖路二段１７９巷４８弄５號五樓,47.58,住,,,1110615,土地1建物1車位2,五層,八層,華廈(10層含以下有電梯),住家用,971211.0,264.97,5,2,2,有,有,43800000,222745.0,坡道平面,90.78,5000000,,RPWNMLOKPHHGFCA18DA,115.15,5.61,11.91,有,,14.0
內湖區,房地(土地+建物),大湖山莊街１２３號四樓,36.33,住,,,1110606,土地1建物1車位0,四層,五層,公寓(5樓含以下無電梯),住家用,770712.0,120.45,3,2,2,有,無,21350000,177252.0,,0.0,0,陽台外推；其他增建；,RPWNMLNLOHHGFCA08DA,95.66,2.61,10.48,無,,34.0
士林區,房地(土地+建物),中山北路七段１４巷１９號四樓,18.94,住,,,1110615,土地1建物1車位0,四層,七層,華廈(10層含以下有電梯),住家用,770119.0,146.85,4,2,2,有,有,29500000,200885.0,,0.0,0,陽台外推；,RPSPMLOKPHHGFEA18DA,123.85,1.34,9.68,有,,34.0
北投區,房地(土地+建物)+車位,石牌路二段３１１號九樓,27.15,住,,,1110614,土地1建物1車位1,九層,十四層,住宅大樓(11層含以上有電梯),住家用,1101027.0,183.08999999999995,2,2,2,有,有,40400000,271041.0,坡道平面,42.89,2400000,,RPUPMLOKOHHGFEA28DA,82.98,6.28,7.87,有,,1.0
北投區,房地(土地+建物)+車位,石牌路二段３１１號十一樓,26.78,住,,,1110615,土地1建物1車位1,十一層,十四層,住宅大樓(11層含以上有電梯),住家用,1101027.0,181.72,2,2,2,有,有,40591000,275092.0,坡道平面,42.89,2400000,,RPVQMLPKOHHGFEA58DA,82.33,4.31,9.48,有,,1.0
文山區,房地(土地+建物)+車位,溪口街８５巷９號,43.14,住,,,1110618,土地1建物1車位1,一層,六層,華廈(10層含以下有電梯),住家用,840906.0,143.13,3,2,2,有,有,25800000,180256.0,坡道平面,0.0,0,夾層；其他增建；,RPOOMLLJPHHGFAA86DA,73.87,9.54,0.0,有,,27.0
內湖區,房地(土地+建物)+車位,民權東路六段２８０巷１０號八樓,54.64,住,,,1110612,土地3建物1車位3,八層,十三層,住宅大樓(11層含以上有電梯),住家用,1031204.0,392.33,3,2,2,有,有,68500000,174598.0,坡道平面,126.81,0,,RPVQMLRLOHHGFCA68DA,147.95,15.64,18.46,有,994.0,8.0
大安區,房地(土地+建物),市民大道四段１２６號三樓之１,9.07,住,,,1110610,土地1建物1車位0,三層,七層,華廈(10層含以下有電梯),住家用,760619.0,49.59,2,1,1,有,無,15880000,320226.0,,0.0,0,雨遮陽台外推；其他增建；,RPVNMLLKPHHGFFA08DA,31.74,0.0,3.51,有,998.0,35.0
士林區,房地(土地+建物),中山北路六段７２８巷９弄９號四樓,30.6,住,,,1110611,土地1建物1車位0,四層,五層,公寓(5樓含以下無電梯),住家用,731113.0,116.26,3,2,2,有,無,19600000,168588.0,,0.0,0,其他增建；,RPXOMLRJPHHGFEA78DA,96.4,0.0,10.02,無,,38.0
大安區,房地(土地+建物),杭州南路二段６５巷２６號五樓,12.17,住,,,1110618,土地2建物1車位0,五層,六層,華廈(10層含以下有電梯),住家用,710618.0,54.64,2,2,1,有,無,18680000,341874.0,,0.0,0,,RPTOMLSKPHHGFFA78EA,43.05,0.0,8.98,有,,40.0
文山區,房地(土地+建物),興隆路三段１８１巷５弄８號二樓,39.67,住,,,1110627,土地1建物1車位0,二層,三層,公寓(5樓含以下無電梯),住家用,581226.0,93.78,5,0,5,有,無,16680000,177863.0,,0.0,0,,RPQNMLSKPHHGFAA87EA,93.78,0.0,0.0,無,1002.0,53.0
內湖區,房地(土地+建物),內湖路一段２８５巷６３弄７號三樓,31.38,住,,,1110605,土地1建物1車位0,三層,五層,公寓(5樓含以下無電梯),住家用,691008.0,128.09,3,2,2,有,無,19550000,152627.0,,0.0,0,陽台外推；其他增建；,RPPRMLSLOHHGFCA28DA,118.46,0.0,9.63,無,,42.0
文山區,房地(土地+建物),福興路８２巷１弄１１號二樓,35.47,住,,,1110621,土地3建物1車位0,二層,五層,公寓(5樓含以下無電梯),住家用,720905.0,102.15,3,2,2,有,無,11800000,115516.0,,0.0,0,其他增建；,RPUOMLPKPHHGFAA97DA,88.73,0.0,10.02,無,,39.0
士林區,房地(土地+建物)+車位,承德路四段２７７巷３５號二樓之５,18.22,住,,,1110619,土地1建物1車位1,二層,九層,華廈(10層含以下有電梯),住家用,990409.0,102.4,2,2,1,有,有,20800000,203125.0,升降機械,0.0,0,陽台外推；其他增建；,RPUPMLSLOHHGFEA78DA,56.81,1.6,4.83,有,,12.0
南港區,房地(土地+建物)+車位,重陽路２７號二樓,43.02,住,,,1110608,土地1建物1車位1,二層,十四層,住宅大樓(11層含以上有電梯),住家用,1110124.0,239.03,4,2,3,有,有,67000000,301474.0,坡道平面,26.74,3000000,預售屋、或土地及建物分件登記案件；,RPQPMLOLOHHGFDA87DA,121.73,0.0,16.68,有,,
文山區,房地(土地+建物),辛亥路四段２２２巷１５號,36.39,住,,,1110627,土地1建物1車位0,一層,五層,公寓(5樓含以下無電梯),住家用,690718.0,115.82,6,6,6,有,無,17860000,154205.0,,0.0,0,,RPOQMLOKMHHGFAA27EA,108.89,6.93,0.0,無,,42.0
信義區,房地(土地+建物)+車位,市民大道六段１０８號三樓之１,10.25,住,,,1110609,土地1建物1車位1,三層,十二層,住宅大樓(11層含以上有電梯),住家用,1110414.0,65.0,0,0,0,無,有,16000000,283340.0,升降機械,15.06,1850000,,RPOOMLTKPHHGFDA08DA,25.36,2.03,4.22,有,1014.0,
內湖區,房地(土地+建物)+車位,陽光街６８巷１６５號二樓,52.52,住,,,1110611,土地2建物1車位1,二層,八層,華廈(10層含以下有電梯),住家用,800723.0,216.21,4,2,2,有,有,33600000,155404.0,坡道平面,41.66,0,其他增建；,RPSNMLRLOHHGFCA08DA,163.99,2.43,15.82,有,,31.0
文山區,房地(土地+建物),木柵路一段２３８巷２弄４號,41.25,住,,,1110609,土地1建物1車位0,一層,四層,公寓(5樓含以下無電梯),住家用,,89.43,4,0,4,有,無,13500000,150956.0,,0.0,0,,RPPNMLRKPHHGFAA57DA,89.43,0.0,0.0,無,1015.0,
信義區,房地(土地+建物),中坡南路２６９號四樓,21.56,住,,,1110619,土地3建物1車位0,四層,五層,公寓(5樓含以下無電梯),住家用,720629.0,88.91,3,2,1,有,無,15350000,172646.0,,0.0,0,,RPWUMLRJPHHGFDA56DA,78.24,0.0,4.71,無,,39.0
內湖區,房地(土地+建物),內湖路二段１７９巷２５之３號,25.37,住,,,1110617,土地1建物1車位0,一層,五層,公寓(5樓含以下無電梯),住家用,740812.0,104.86,3,2,2,有,有,17500000,166889.0,,0.0,0,其他增建；,RPUNMLSKPHHGFCA38DA,80.77,10.1,0.0,無,,37.0
松山區,房地(土地+建物),南京東路三段３３５巷１７之１號三樓,6.77,住,,,1110626,土地1建物1車位0,三層,七層,華廈(10層含以下有電梯),住家用,750321.0,42.22,1,1,1,有,有,10800000,255803.0,,0.0,0,陽台外推；,RPQOMLQJPHHGFDA87DA,22.62,0.0,4.7,有,1017.0,36.0
大安區,房地(土地+建物),新生南路三段５４巷８號三樓,14.67,住,,,1110628,土地2建物1車位0,三層,五層,公寓(5樓含以下無電梯),住家用,770908.0,62.78,2,2,1,有,無,18200000,289901.0,,0.0,0,陽台外推；其他增建；,RPOPMLOKPHHGFFA87DA,45.35,0.0,5.18,無,,34.0
中正區,房地(土地+建物),詔安街４８號五樓,35.56,住,,,1110604,土地2建物1車位0,五層,五層,公寓(5樓含以下無電梯),住家用,690112.0,138.33,4,2,2,有,無,21600000,156148.0,,0.0,0,陽台外推；其他增建；,RPROMLTKPHHGFAA18EA,112.06,0.0,26.27,無,,42.0
文山區,房地(土地+建物)+車位,辛亥路五段６９號八樓,9.1,住,,,1110618,土地1建物1車位1,八層,十一層,住宅大樓(11層含以上有電梯),住家用,1040318.0,48.41,2,1,1,有,有,11500000,238607.0,塔式車位,6.5,1500000,陽台外推；夾層；,RPQNMLQKPHHGFAA57DA,21.6,1.34,4.24,有,1019.0,7.0
文山區,房地(土地+建物),福興路８２巷５弄８號五樓,20.28,住,,,1110606,土地2建物1車位0,五層,五層,公寓(5樓含以下無電梯),住家用,720905.0,72.04,2,2,1,有,無,7800000,108273.0,,0.0,0,其他增建；,RPXNMLQKOHHGFAA18DA,62.84,0.0,4.69,無,,39.0
文山區,房地(土地+建物),辛亥路四段７７巷６２號六樓,50.12,住,,,1110623,土地1建物1車位0,六層,十層,華廈(10層含以下有電梯),住家用,831101.0,82.19,2,2,1,有,有,16000000,194671.0,,0.0,0,陽台外推；其他增建；,RPOOMLTJOHHGFAA67EA,62.07,2.94,6.18,有,,28.0
萬華區,房地(土地+建物),西園路二段２６１巷４６弄１２號三樓,33.0,住,,,1110620,土地1建物1車位0,三層,三層,公寓(5樓含以下無電梯),住家用,,57.57,0,0,0,無,無,7710000,133924.0,,0.0,0,,RPXNMLTKPHHGFBA68DA,57.57,0.0,0.0,無,1024.0,
北投區,房地(土地+建物),行義路１８６巷３４號二樓,21.63,住,,,1110603,土地1建物1車位0,二層,七層,華廈(10層含以下有電梯),住家用,731221.0,102.73,2,2,2,有,有,14000000,136280.0,,0.0,0,陽台外推；其他增建；,RPRNMLMLOHHGFEA67DA,83.71,0.0,11.93,有,,37.0
士林區,房地(土地+建物),德行東路１０９巷６３弄９號三樓,33.07,住,,,1110624,土地2建物1車位0,三層,五層,公寓(5樓含以下無電梯),住家用,681124.0,110.25,3,2,2,有,無,20000000,181406.0,,0.0,0,,RPQPMLOLOHHGFEA97DA,101.11,0.0,9.14,無,,43.0
大安區,房地(土地+建物),和平東路三段２３８號二樓,21.92,住,,,1110613,土地4建物1車位0,二層,十二層,住宅大樓(11層含以上有電梯),住家用,730630.0,150.20999999999998,4,2,2,有,有,29000000,193063.0,,0.0,0,陽台外推；,RPROMLPLNHHGFFA18EA,119.11,0.0,25.18,有,,38.0
中正區,房地(土地+建物),晉江街１０１號三樓,25.5,住,,,1110612,土地1建物1車位0,三層,五層,公寓(5樓含以下無電梯),住家用,690823.0,95.46,3,2,1,有,無,20900000,218940.0,,0.0,0,陽台外推；其他增建；,RPXNMLTJOHHGFAA48EA,74.76,0.0,20.7,無,,42.0
士林區,房地(土地+建物)+車位,菁山路７２巷２７號三樓,50.93,住,,,1110624,土地3建物1車位1,三層,四層,華廈(10層含以下有電梯),住家用,1100308.0,101.94,1,1,1,有,無,20500000,201099.0,坡道機械,0.0,0,,RPXPMLTKPHHGFEA66EA,54.98,4.9,4.55,有,,1.0
士林區,房地(土地+建物),士東路２６６巷６弄６號二樓,17.07,住,,,1110613,土地1建物1車位0,二層,七層,華廈(10層含以下有電梯),住家用,701229.0,82.49,3,1,2,有,有,17960000,217723.0,,0.0,0,陽台外推；其他增建；,RPOOMLKMOHHGFEA37DA,66.78,0.0,5.94,有,,40.0
大安區,房地(土地+建物),樂業街１５９巷１５號四樓,18.2,住,,,1110616,土地1建物1車位0,四層,五層,公寓(5樓含以下無電梯),住家用,720111.0,65.76,2,2,1,有,無,12400000,188564.0,,0.0,0,其他增建；,RPTOMLOKPHHGFFA28DA,59.78,0.0,5.98,無,,39.0
北投區,房地(土地+建物)+車位,尊賢街２３９巷７號六樓之１,19.78,住,,,1110622,土地1建物1車位1,六層,七層,華廈(10層含以下有電梯),住家用,970625.0,95.78,2,2,1,有,有,20500000,226146.0,升降機械,13.09,1800000,後陽台外推、雨遮外推其他增建；,RPSOMLNLOHHGFEA97DA,38.56,13.14,4.77,有,1037.0,14.0
內湖區,房地(土地+建物),內湖路一段４３號四樓,29.09,住,,,1110623,土地5建物1車位0,四層,五層,公寓(5樓含以下無電梯),住家用,700418.0,128.48,4,2,2,有,無,18060000,140567.0,,0.0,0,,RPWPMLSKPHHGFCA78DA,113.92,0.0,8.96,無,,41.0
士林區,房地(土地+建物),士東路８９巷３之２號二樓,45.33,住,,,1110618,土地1建物1車位0,二層,四層,公寓(5樓含以下無電梯),住家用,740523.0,122.09,4,2,2,有,無,21700000,177738.0,,0.0,0,陽台外推；,RPTOMLKLPHHGFEA97EA,108.74,0.0,10.57,無,,37.0
中山區,房地(土地+建物)+車位,松江路３８巷２３號二樓,34.24,住,,,1110630,土地2建物1車位1,二層,十二層,住宅大樓(11層含以上有電梯),住家用,1080104.0,222.21,0,0,0,無,有,63000000,310949.0,坡道平面,30.86,3500000,,RPUNMLLJPHHGFCA57DA,104.57,10.35,11.15,有,,3.0
士林區,房地(土地+建物),通河東街一段１３６巷１３號五樓,34.51,住,,,1110611,土地1建物1車位0,五層,五層,公寓(5樓含以下無電梯),住家用,681231.0,104.5,3,2,2,有,無,15625000,149522.0,,0.0,0,陽台外推；頂樓加蓋；,RPWPMLLLOHHGFEA28DA,93.25,0.0,8.25,無,,42.0
萬華區,房地(土地+建物),西園路二段３２６號二樓,25.2,住,,,1110627,土地2建物1車位0,二層,五層,公寓(5樓含以下無電梯),住家用,661108.0,78.33,3,2,2,有,無,10000000,127665.0,,0.0,0,陽台外推；未登記建物；,RPRPMLTKPHHGFBA28DA,73.24,0.0,5.09,無,,45.0
大安區,房地(土地+建物),永康街４巷１８號九樓之２,7.35,住,,,1110618,土地1建物1車位0,九層,十層,華廈(10層含以下有電梯),住家用,960911.0,37.5,1,1,1,有,有,17580000,468800.0,,0.0,0,陽台外推；夾層；其他增建；,RPVNMLKMOHHGFFA08DA,20.54,0.5,2.22,有,1040.0,15.0
大安區,房地(土地+建物)+車位,和平東路二段１７５巷１５弄８號七樓,52.98,住,,,1110605,土地1建物1車位2,七層,七層,華廈(10層含以下有電梯),住家用,830317.0,234.66,2,2,2,有,有,61680000,262848.0,坡道平面,0.0,0,陽台外推；,RPRNMLTKPHHGFFA48DA,208.85,4.65,15.82,有,,28.0
大同區,房地(土地+建物),酒泉街７４號六樓之１,27.07,住,,,1110606,土地1建物1車位0,六層,七層,華廈(10層含以下有電梯),住家用,710511.0,127.2,3,2,2,有,有,21880000,172013.0,,0.0,0,陽台外推；,RPQOMLKLPHHGFBA27DA,79.97,0.0,18.24,有,,40.0
文山區,房地(土地+建物),辛亥路五段７３巷７弄９之２號三樓,15.51,住,,,1110618,土地3建物1車位0,三層,五層,公寓(5樓含以下無電梯),住家用,721223.0,65.43,2,2,1,有,有,9800000,149778.0,,0.0,0,陽台外推；其他增建；,RPTNMLPJPHHGFAA67DA,51.02,0.0,5.77,無,1046.0,38.0
文山區,房地(土地+建物),景華街６０號二樓,28.75,住,,,1110615,土地1建物1車位0,二層,四層,公寓(5樓含以下無電梯),住家用,580607.0,103.95,3,2,2,有,無,16200000,155844.0,,0.0,0,其他增建；,RPQNMLRKOHHGFAA57DA,103.95,0.0,0.0,無,,53.0
北投區,房地(土地+建物)+車位,公路１６１巷３１號四樓,130.98,住,,,1110624,土地2建物1車位2,四層,五層,華廈(10層含以下有電梯),住家用,1041119.0,284.59000000000003,4,2,1,有,有,42000000,147581.0,坡道平面,58.84,0,,RPQPMLKLPHHGFEA67DA,116.01,15.71,11.83,有,1050.0,7.0
松山區,房地(土地+建物)+車位,長春路３４７號四樓,22.0,住,,,1110607,土地1建物1車位1,四層,十四層,住宅大樓(11層含以上有電梯),住家用,760929.0,206.01,0,0,0,無,有,35996000,174729.0,坡道平面,0.0,0,,RPPOMLKLPHHGFDA47EA,168.97,0.0,12.51,有,,35.0
大安區,房地(土地+建物),浦城街１６巷１１之１號二樓,29.24,住,,,1110601,土地1建物1車位0,二層,五層,公寓(5樓含以下無電梯),住家用,770418.0,123.2,3,2,2,有,無,31000000,251623.0,,0.0,0,其他增建；,RPTOMLRJPHHGFFA48DA,105.76,0.0,12.18,無,,34.0
松山區,房地(土地+建物),八德路三段１２巷１７弄３號三樓,30.4,住,,,1110615,土地1建物1車位0,三層，陽臺,六層,華廈(10層含以下有電梯),住家用,650806.0,147.41,5,1,2,有,無,36000000,244217.0,,0.0,0,陽台外推；,RPXPMLLLPHHGFDA38DA,127.54,0.0,0.0,有,,46.0
內湖區,房地(土地+建物)+車位,文湖街２１巷１１８弄８號,38.72,住,,,1110607,土地1建物1車位1,一層,八層,華廈(10層含以下有電梯),住家用,1010423.0,143.63,3,2,2,有,有,30000000,208870.0,坡道平面,15.02,0,,RPPNMLLLPHHGFCA27DA,79.69,1.18,9.07,有,1055.0,10.0
中山區,房地(土地+建物),通北街８１號,37.77,住,,,1110610,土地1建物1車位0,一層,九層,華廈(10層含以下有電梯),住家用,831003.0,150.24,3,2,2,有,有,26380000,175586.0,,0.0,0,其他增建；,RPOQMLSLOHHGFCA08DA,102.53,13.29,0.0,有,1056.0,28.0
信義區,房地(土地+建物)+車位,忠孝東路四段５５９巷１６弄２６號三樓,32.83,住,,,1110607,土地2建物1車位1,三層,六層,華廈(10層含以下有電梯),住家用,760911.0,169.31,3,2,2,有,有,38200000,285020.0,坡道平面,45.8,3000000,,RPUPMLLLOHHGFDA08EA,142.55,0.96,12.92,有,,35.0
松山區,房地(土地+建物)+車位,長春路３４５號四樓,26.4,住,,,1110607,土地1建物1車位1,四層,十四層,住宅大樓(11層含以上有電梯),住家用,760929.0,230.23,0,0,0,無,有,41852000,181776.0,坡道平面,0.0,0,,RPTOMLKLPHHGFDA87EA,186.74,0.0,17.71,有,,35.0
萬華區,房地(土地+建物),長泰街７３巷１號二樓,35.25,住,,,1110615,土地1建物1車位0,二層,四層,公寓(5樓含以下無電梯),住家用,631211.0,85.48,3,2,1,有,無,10300000,120496.0,,0.0,0,陽台外推；其他增建；,RPPOMLMLPHHGFBA47EA,80.2,0.0,5.28,無,1057.0,48.0
松山區,房地(土地+建物)+車位,長春路３４３號四樓,27.86,住,,,1110607,土地1建物1車位1,四層,十四層,住宅大樓(11層含以上有電梯),住家用,760929.0,238.89,0,0,0,無,有,43948000,183968.0,坡道平面,0.0,0,,RPROMLKLPHHGFDA67EA,195.22,0.0,17.26,有,,35.0
文山區,房地(土地+建物),試院路１５４巷３弄１２號三樓,75.26,住,,,1110606,土地2建物1車位0,三層,四層,公寓(5樓含以下無電梯),住家用,701230.0,129.74,6,0,6,有,無,14850000,114460.0,,0.0,0,陽台外推；其他增建；,RPTNMLLJPHHGFAA27DA,112.29,0.0,17.45,無,1062.0,40.0
文山區,房地(土地+建物),木柵路一段５７之２號三樓,27.46,住,,,1110620,土地1建物1車位0,三層,五層,公寓(5樓含以下無電梯),住家用,711230.0,100.13,3,2,2,有,無,10600000,105862.0,,0.0,0,陽台外推；,RPUQMLSJPHHGFAA38DA,79.49,0.0,12.26,無,1065.0,39.0
內湖區,房地(土地+建物),金湖路３２６巷５１號五樓之１,11.56,住,,,1110605,土地1建物1車位0,五層,六層,華廈(10層含以下有電梯),住家用,890714.0,40.54,1,1,1,有,無,9300000,229403.0,,0.0,0,,RPQQMLTKPHHGFCA38DA,25.85,0.0,2.81,有,,22.0
大安區,房地(土地+建物)+車位,敦化南路一段２６９號九樓,90.87,住,,,1110629,土地2建物1車位6,九層,十三層,住宅大樓(11層含以上有電梯),住家用,970924.0,1126.0500000000002,4,4,6,有,有,494984000,439576.0,坡道平面,273.92,0,,RPPNMLMLPHHGFFA77EA,487.53,20.72,46.48,有,,14.0
北投區,房地(土地+建物),中山北路七段２１９巷３弄３９號,26.86,住,,,1110602,土地1建物1車位0,一層,七層,華廈(10層含以下有電梯),住家用,730920.0,117.98,2,2,2,有,有,20000000,169520.0,,0.0,0,,RPTPMLMLPHHGFEA28EA,97.48,16.34,0.0,有,,38.0
南港區,房地(土地+建物),舊莊街一段２９０巷３弄２號三樓,27.75,住,,,1110628,土地1建物1車位0,三層，陽臺,四層,公寓(5樓含以下無電梯),住家用,651207.0,90.68,3,2,1,有,無,10300000,113586.0,,0.0,0,,RPWQMLLLOHHGFDA38EA,90.68,0.0,0.0,無,,46.0
大安區,房地(土地+建物),復興南路二段１５１巷５２號十樓,19.94,住,,,1110618,土地1建物1車位0,十層,十七層,住宅大樓(11層含以上有電梯),住家用,740522.0,102.67,3,2,1,有,有,25150000,244960.0,,0.0,0,其他增建；,RPTNMLLKPHHGFFA87DA,74.7,1.56,7.07,有,1066.0,37.0
信義區,房地(土地+建物),信安街２０２號四樓,33.38,住,,,1110611,土地2建物1車位0,四層,七層,華廈(10層含以下有電梯),住家用,770209.0,179.24,4,2,2,有,無,36000000,200848.0,,0.0,0,,RPPPMLQKOHHGFDA87DA,135.61,0.0,17.2,有,,34.0
北投區,房地(土地+建物),尊賢街２６４巷１０之１號四樓,32.95,住,,,1110619,土地1建物1車位0,四層,五層,公寓(5樓含以下無電梯),住家用,730123.0,124.53,3,2,2,有,無,19000000,152574.0,,0.0,0,其他增建；,RPSOMLOLOHHGFEA08DA,103.98,0.0,9.35,無,,38.0
文山區,房地(土地+建物)+車位,興隆路三段３０４巷３２之１６號二樓,37.21,住,,,1110629,土地2建物1車位2,二層,七層,華廈(10層含以下有電梯),住家用,1030314.0,237.52,4,2,2,有,有,30000000,151783.0,坡道平面,62.26,3400000,,RPSOMLTJOHHGFAA08EA,97.73,10.74,7.76,有,,8.0
內湖區,房地(土地+建物),民權東路六段２８０巷４５弄３９號二樓之２,10.03,住,,,1110625,土地1建物1車位0,二層,七層,華廈(10層含以下有電梯),住家用,831221.0,36.9,1,1,1,有,有,9000000,243902.0,,0.0,0,陽台外推；夾層；其他增建；,RPOPMLQJPHHGFCA67DA,22.85,0.0,4.28,有,1069.0,28.0
北投區,房地(土地+建物),吉利街３２０巷２弄４號二樓,23.12,住,,,1110603,土地1建物1車位0,二層,四層,公寓(5樓含以下無電梯),住家用,600317.0,56.96,2,1,1,有,無,9800000,172051.0,,0.0,0,陽台外推；其他增建；,RPQNMLOLOHHGFEA77DA,45.16,0.0,4.49,無,,51.0
北投區,房地(土地+建物)+車位,公路１６１巷２１號三樓,127.23,住,,,1110622,土地2建物1車位2,三層,五層,華廈(10層含以下有電梯),住家用,1041119.0,277.87,4,2,2,有,有,35620000,128194.0,坡道平面,0.0,0,,RPQNMLMLPHHGFEA77EA,106.24,17.05,15.98,有,,7.0
北投區,房地(土地+建物),泉源路１１號六樓之２,21.14,住,,,1110622,土地2建物1車位0,六層,八層,華廈(10層含以下有電梯),住家用,680608.0,110.47,3,2,2,有,無,12500000,113153.0,,0.0,0,,RPRQMLMLPHHGFEA18EA,77.4,0.0,20.23,有,,43.0
信義區,房地(土地+建物)+車位,中坡南路２２巷７號三樓之１,12.22,住,,,1110612,土地1建物1車位1,三層,七層,華廈(10層含以下有電梯),住家用,1021107.0,85.53,2,1,1,有,有,20000000,275215.0,塔式車位,19.4,1800000,塔式車位在地下三層。交易總價：2000萬元整。房屋價格：1820萬元整土地價格：1274萬元整、建物價格：546萬元整。車位價格：180萬元整土地價格：126萬元整、建物價格：54萬元整。陽台外推；夾層；其他增建；,RPXNMLOKPHHGFDA38DA,34.28,3.42,8.58,有,,9.0
南港區,房地(土地+建物)+車位,重陽路５０１之５號,74.64,住,,,1110619,土地1建物1車位1,一層，二層，屋頂突出物,九層,華廈(10層含以下有電梯),住家用,950418.0,220.47000000000003,5,2,3,有,有,41680000,189051.0,坡道平面,53.47,0,陽台外推；頂樓加蓋；其他增建；,RPWTMLMLOHHGFDA68DA,118.75,5.52,15.28,有,,16.0
中山區,房地(土地+建物),建國北路二段３５號十二樓之７,5.96,住,,,1110625,土地5建物1車位0,十二層,十五層,住宅大樓(11層含以上有電梯),住家用,770524.0,50.68,0,1,1,有,有,12300000,242699.0,,0.0,0,栽植台加蓋陽台外推；其他增建；,RPWPMLKLPHHGFCA08DA,31.36,0.15,4.81,有,,34.0
北投區,房地(土地+建物)+車位,中和街４５５巷１１弄８號,84.95,住,,,1110612,土地1建物1車位1,一層,五層,華廈(10層含以下有電梯),住家用,1001007.0,203.46,3,2,2,有,有,24000000,117959.0,升降平面,0.0,1500000,空地加蓋其他增建；,RPRPMLKLPHHGFEA77DA,97.48,2.84,11.01,有,,11.0
文山區,房地(土地+建物)+車位,福興路１０６巷２８弄１號六樓之２,16.48,住,,,1110625,土地2建物1車位1,六層,十三層,住宅大樓(11層含以上有電梯),住家用,981202.0,109.04,2,2,1,有,有,15600000,143080.0,坡道平面,36.41,0,其他增建；,RPXOMLKLPHHGFAA87DA,43.47,2.03,3.92,有,1075.0,13.0
南港區,房地(土地+建物)+車位,舊莊街一段２１２巷１６號二樓,40.18,住,,,1110613,土地2建物1車位1,二層,五層,華廈(10層含以下有電梯),住家用,1050325.0,98.32,2,1,2,有,有,13800000,140358.0,坡道機械,25.3,0,,RPSOMLPKPHHGFDA08DA,38.13,0.0,5.61,有,,6.0
文山區,房地(土地+建物)+車位,保儀路１４２巷２號,44.2,住,,,1110624,土地4建物1車位1,一層,十層,華廈(10層含以下有電梯),住家用,860527.0,152.88,3,2,2,有,有,24500000,160256.0,坡道平面,0.0,2500000,其他增建；,RPSNMLPLPHHGFAA77DA,83.2,13.88,0.0,有,,25.0
南港區,房地(土地+建物),南港路二段８６巷１０弄７號三樓,37.79,住,,,1110610,土地2建物1車位0,三層,五層,公寓(5樓含以下無電梯),住家用,730126.0,83.89,3,2,2,有,無,13000000,154965.0,,0.0,0,,RPQUMLRJPHHGFDA58DA,66.92,0.0,14.03,無,1079.0,38.0
北投區,房地(土地+建物),泉源路３９之５６號三樓,8.87,住,,,1110618,土地1建物1車位0,三層,七層,華廈(10層含以下有電梯),住家用,751013.0,56.5,1,1,1,有,有,5750000,101770.0,,0.0,0,陽台外推；,RPROMLPLPHHGFEA28EA,41.47,0.0,5.18,有,,36.0
內湖區,房地(土地+建物)+車位,康寧路三段５６巷１５８號五樓,42.02,住,,,1110617,土地1建物1車位2,五層,十四層,住宅大樓(11層含以上有電梯),住家用,1010801.0,282.23,3,2,2,有,有,48800000,172909.0,坡道平面,72.74,0,,RPTPMLMKPHHGFCA87DA,111.76,11.37,13.04,有,1080.0,10.0
士林區,房地(土地+建物),葫蘆街７０巷１６號二樓,36.0,住,,,1110621,土地1建物1車位0,二層,四層,公寓(5樓含以下無電梯),住家用,670117.0,92.93,3,2,2,有,無,11680000,125686.0,,0.0,0,陽台向外加蓋鐵窗其他增建；,RPXPMLLLOHHGFEA38DA,81.17,0.0,11.76,無,,44.0
信義區,房地(土地+建物)+車位,吳興街６００巷７６弄１６號,30.88,住,,,1110627,土地1建物1車位1,一層,六層,華廈(10層含以下有電梯),住家用,1050301.0,159.10000000000002,3,2,2,有,有,28500000,179133.0,升降平面,34.89,0,其他增建；,RPRNMLPKPHHGFDA87DA,85.01,0.0,0.0,有,,6.0
內湖區,房地(土地+建物),星雲街１６３號九樓之７,5.99,,,,1110619,土地1建物1車位0,九層,十四層,住宅大樓(11層含以上有電梯),住家用,880901.0,35.97,1,2,1,有,有,10360000,288018.0,,0.0,0,夾層；其他增建；,RPRPMLSKPHHGFCA28DA,22.51,0.0,6.34,有,,23.0
內湖區,房地(土地+建物),安康路３３４巷１號四樓,33.0,住,,,1110623,土地2建物1車位0,四層,五層,公寓(5樓含以下無電梯),住家用,700213.0,104.07,3,2,2,有,無,16140000,155088.0,,0.0,0,,RPPPMLPLPHHGFCA87DA,85.8,0.0,12.25,無,1081.0,41.0
文山區,房地(土地+建物),秀明路一段７９巷５弄２０號,44.0,住,,,1110611,土地1建物1車位0,全,二層,透天厝,住家用,,62.94,2,2,1,有,有,14180000,225294.0,,0.0,0,壹樓/法定空地平台頂樓加蓋；其他增建；,RPTNMLMLOHHGFAA47DA,55.16,3.89,3.89,無,,
北投區,房地(土地+建物),奇岩路２４１巷７弄１０號,81.37,住,,,1110610,土地1建物1車位0,一層,五層,華廈(10層含以下有電梯),住家用,1081223.0,137.91,3,1,2,有,有,26960000,195490.0,,0.0,0,,RPTNMLMLPHHGFEA97DA,84.63,0.0,3.65,有,,2.0
松山區,房地(土地+建物)+車位,三民路３５巷２號七樓之１,49.9,住,,,1110618,土地1建物1車位1,七層,十四層,住宅大樓(11層含以上有電梯),住家用,930507.0,228.52,4,2,2,有,有,54000000,236303.0,坡道平面,0.0,0,,RPRNMLQLPHHGFDA18EA,117.42,4.22,11.24,有,,18.0
信義區,房地(土地+建物)+車位,崇德街６３巷２７號六樓,37.84,住,,,1110614,土地1建物1車位1,六層,七層,華廈(10層含以下有電梯),住家用,981204.0,180.33,2,2,2,有,無,38550000,213775.0,升降機械,19.62,0,陽台外推；其他增建；,RPTOMLOKPHHGFDA08DA,82.91,7.06,8.3,有,,13.0
北投區,房地(土地+建物),中華街４號二樓,54.25,住,,,1110625,土地1建物1車位0,二層,四層,公寓(5樓含以下無電梯),住家用,670621.0,111.52,3,1,1,有,無,13900000,124641.0,,0.0,0,陽台外推；,RPXOMLSKPHHGFEA98DA,95.05,0.0,16.47,無,,44.0
北投區,房地(土地+建物),知行路４巷６號四樓,28.37,住,,,1110628,土地1建物1車位0,四層,四層,公寓(5樓含以下無電梯),住家用,740924.0,92.18,3,2,1,有,無,8680000,94164.0,,0.0,0,陽台外推；,RPTOMLPLPHHGFEA48EA,76.54,0.0,7.77,無,1086.0,37.0
北投區,房地(土地+建物)+車位,中央北路三段４０巷３４弄１６號十三樓,25.06,住,,,1110624,土地1建物1車位1,十三層,二十一層,住宅大樓(11層含以上有電梯),住家用,1010731.0,184.04,3,2,2,有,有,27000000,165475.0,坡道平面,32.96,2000000,其他增建；,RPVOMLSKPHHGFEA78DA,88.41,7.14,8.37,有,1087.0,10.0
南港區,房地(土地+建物),福德街４４９號十三樓,22.2,住,,,1110605,土地1建物1車位0,十三層,十八層,住宅大樓(11層含以上有電梯),住家用,870521.0,133.2,3,2,1,有,有,21500000,161411.0,,0.0,0,陽台外推；,RPQRMLLLOHHGFDA87EA,72.66,0.0,8.0,有,,24.0
信義區,房地(土地+建物),吳興街５０６巷７號四樓,20.71,住,,,1110624,土地1建物1車位0,四層,五層,公寓(5樓含以下無電梯),住家用,780617.0,94.93,3,2,1,有,無,14000000,147477.0,,0.0,0,,RPUOMLMLPHHGFDA18EA,75.25,3.43,8.82,無,,33.0
中山區,房地(土地+建物)+車位,新生北路三段８７巷１１號三樓,15.58,住,,,1110613,土地1建物1車位1,三層,七層,華廈(10層含以下有電梯),住家用,1090724.0,90.71,2,1,1,有,有,18200000,200639.0,升降機械,0.0,0,車位編號：3號,RPQNMLMLPHHGFCA47DA,30.05,7.1,4.52,有,,2.0
北投區,房地(土地+建物),永興路一段５３巷３號三樓,29.5,住,,,1110627,土地1建物1車位0,三層,四層,公寓(5樓含以下無電梯),住家用,590220.0,70.31,1,2,1,有,無,9500000,135116.0,,0.0,0,陽台外推；其他增建；,RPXOMLKLPHHGFEA28DA,70.31,0.0,0.0,無,,52.0
文山區,房地(土地+建物),興隆路二段２０３巷２８號七樓,19.16,住,,,1110626,土地1建物1車位0,七層,十三層,住宅大樓(11層含以上有電梯),住家用,880510.0,76.31,2,2,1,有,有,14400000,188704.0,,0.0,0,,RPOOMLPLPHHGFAA47DA,52.95,0.0,7.93,有,,23.0
中山區,房地(土地+建物),合江街１０５號三樓之１,14.02,住,,,1110614,土地1建物1車位0,三層,七層,華廈(10層含以下有電梯),住家用,1010905.0,75.62,1,1,1,有,有,17800000,235387.0,,0.0,0,,RPWPMLOKPHHGFCA38DA,36.54,12.87,5.27,有,1093.0,10.0
中山區,房地(土地+建物)+車位,民權東路二段１３５巷３６號五樓,18.76,住,,,1110623,土地1建物1車位1,五層,十層,華廈(10層含以下有電梯),住家用,1030926.0,107.28,2,1,2,有,有,24500000,228374.0,塔式車位,0.0,0,,RPPQMLQLPHHGFCA18EA,47.49,9.2,4.55,有,1095.0,8.0
士林區,房地(土地+建物),士東路９１巷２６弄１８號五樓,39.69,住,,,1110614,土地1建物1車位0,五層,五層,公寓(5樓含以下無電梯),住家用,700327.0,144.6,4,2,2,有,無,26880000,185892.0,,0.0,0,,RPWOMLPLPHHGFEA78EA,122.75,0.0,21.85,無,,41.0
士林區,房地(土地+建物),福港街１６０巷２６號二樓,31.31,住,,,1110614,土地2建物1車位0,二層,七層,華廈(10層含以下有電梯),住家用,1030115.0,106.43,3,2,2,有,有,20800000,195434.0,,0.0,0,其他增建；,RPPOMLLKPHHGFEA47DA,65.61,4.6,5.15,有,1097.0,8.0
中山區,房地(土地+建物)+車位,敬業三路１６２巷５６號,47.09,住,,,1110610,土地1建物1車位1,一層,十層,華廈(10層含以下有電梯),住家用,890628.0,155.45,3,2,2,有,有,31000000,199421.0,坡道平面,0.0,0,車位不固定，採每年一年一抽決定。,RPPNMLQLPHHGFCA87EA,77.61,0.0,8.1,有,,22.0
大安區,房地(土地+建物),大安路一段２０２號七樓之１１,4.42,住,,,1110625,土地1建物1車位0,七層,十二層,住宅大樓(11層含以上有電梯),住家用,971028.0,43.64,0,2,1,有,有,19000000,435380.0,,0.0,0,夾層；其他增建；,RPPNMLMKPHHGFFA57DA,20.86,5.14,2.08,有,1098.0,14.0
內湖區,房地(土地+建物)+車位,民權東路六段２８９巷２５號二樓,61.99,住,,,1110606,土地1建物1車位2,二層,五層,華廈(10層含以下有電梯),住家用,1101007.0,188.63,3,2,2,有,有,34000000,180247.0,坡道平面,69.66,0,,RPQNMLOKPHHGFCA57DA,70.04,5.09,9.61,有,,1.0
南港區,房地(土地+建物)+車位,重陽路１２５巷３６弄４６號,69.9,住,,,1110629,土地1建物1車位2,一層,七層,華廈(10層含以下有電梯),住家用,991026.0,247.86,2,1,2,有,有,50000000,201727.0,坡道機械,0.0,0,,RPVRMLLLOHHGFDA38EA,140.54,2.21,6.67,有,,12.0
內湖區,房地(土地+建物),大湖山莊街２１９巷８８號二樓,40.13,住,,,1110630,土地1建物1車位0,二層,五層,公寓(5樓含以下無電梯),住家用,760410.0,113.0,3,2,2,有,無,18000000,159292.0,,0.0,0,陽台外推；,RPUPMLKLPHHGFCA87DA,93.79,1.02,8.59,無,,35.0
文山區,房地(土地+建物),木新路二段１１１巷４號五樓,21.89,住,,,1110629,土地1建物1車位0,五層,五層,公寓(5樓含以下無電梯),住家用,721129.0,80.78,3,2,1,有,無,11000000,136172.0,,0.0,0,頂樓加蓋；,RPPOMLPLPHHGFAA57DA,66.58,0.0,11.42,無,,39.0
萬華區,房地(土地+建物),和平西路三段２６１之８號一樓,39.83,住,,,1110616,土地1建物1車位0,一層，騎樓，夾層,四層,公寓(5樓含以下無電梯),住家用,611206.0,161.46,3,2,1,有,無,15000000,92902.0,,0.0,0,,RPUOMLQLPHHGFBA28DA,161.46,0.0,0.0,無,1104.0,50.0
南港區,房地(土地+建物),研究院路二段２１９號五樓,29.56,住,,,1110617,土地1建物1車位0,五層,五層,公寓(5樓含以下無電梯),住家用,700328.0,100.69,4,2,2,有,無,14000000,139041.0,,0.0,0,頂樓加蓋；,RPSOMLQJPHHGFDA08DA,94.31,0.0,6.38,無,1105.0,41.0
信義區,房地(土地+建物),虎林街１２６號三樓,27.03,住,,,1110620,土地1建物1車位0,三層,五層,公寓(5樓含以下無電梯),住家用,780425.0,103.82,3,2,2,有,無,17300000,166635.0,,0.0,0,,RPUNMLLKPHHGFDA77DA,71.25,0.0,8.65,無,,33.0
信義區,房地(土地+建物),信義路五段１５０巷８號二十二樓之１,32.74,住,,,1110629,土地1建物1車位0,二十二層，二十三層，電梯樓梯間,三十層,住宅大樓(11層含以上有電梯),住家用,861024.0,242.49,4,2,4,有,有,68500000,282486.0,,0.0,0,陽台外推；夾層；,RPUPMLLLPHHGFDA18EA,191.84,3.38,19.91,有,,25.0
大安區,房地(土地+建物),潮州街１２３號三樓,19.0,住,,,1110623,土地2建物1車位0,三層,五層,公寓(5樓含以下無電梯),住家用,700625.0,68.04,2,1,1,有,無,17680000,259847.0,,0.0,0,,RPTNMLRLPHHGFFA68EA,56.95,0.0,11.09,無,,41.0
士林區,房地(土地+建物),大南路３９７號三樓,32.25,住,,,1110628,土地1建物1車位0,三層,五層,公寓(5樓含以下無電梯),住家用,680411.0,103.27,3,2,2,有,無,15000000,145250.0,,0.0,0,,RPUOMLKMOHHGFEA97DA,94.6,0.0,8.67,無,,43.0
南港區,房地(土地+建物),成福路６５之２號三樓,50.69,住,,,1110628,土地3建物1車位0,三層,五層,公寓(5樓含以下無電梯),住家用,780524.0,132.35,4,1,2,有,無,12500000,94447.0,,0.0,0,,RPUNMLSLPHHGFDA58DA,109.17,2.26,11.85,無,,33.0
信義區,房地(土地+建物)+車位,松智路３３巷３號十一樓,42.9,住,,,1110607,土地2建物1車位1,十一層,十三層,住宅大樓(11層含以上有電梯),住家用,870428.0,167.06,3,2,2,有,有,47000000,281336.0,坡道平面,0.0,0,陽台外推；,RPURMLLLOHHGFDA28EA,82.09,1.92,11.2,有,,24.0
萬華區,房地(土地+建物),寶興街２２２巷３號四樓,31.46,住,,,1110619,土地1建物1車位0,四層,五層,公寓(5樓含以下無電梯),住家用,750423.0,121.16,3,2,2,有,無,16180000,133542.0,,0.0,0,陽台外推；其他增建；,RPXPMLMKPHHGFBA18DA,98.44,0.0,9.8,無,,36.0
北投區,房地(土地+建物)+車位,三合街一段３６巷５號六樓,30.17,住,,,1110623,土地1建物1車位1,六層,九層,華廈(10層含以下有電梯),住家用,1050311.0,188.73,3,2,2,有,有,38000000,201346.0,坡道平面,38.2,0,,RPSOMLQLPHHGFEA38DA,84.56,6.28,10.02,有,,6.0
北投區,房地(土地+建物)+車位,文林北路８６號十八樓,54.09,住,,,1110623,土地2建物1車位5,十八層,二十三層,住宅大樓(11層含以上有電梯),住家用,1011108.0,589.1600000000001,0,0,0,無,有,103000000,174825.0,坡道平面,0.0,0,毛胚屋；,RPQNMLTLPHHGFEA48EA,206.4,10.51,30.52,有,1110.0,10.0
松山區,房地(土地+建物),八德路四段１８１巷１７弄４８號五樓之１,15.77,住,,,1110619,土地1建物1車位0,五層，夾層,五層,華廈(10層含以下有電梯),住家用,950213.0,54.510000000000005,1,1,1,有,無,14430000,264722.0,,0.0,0,,RPQSMLLLOHHGFDA97EA,31.05,3.58,1.96,有,1111.0,16.0
文山區,房地(土地+建物)+車位,樟新街３２巷１４號,39.1,住,,,1110626,土地1建物1車位1,一層,八層,華廈(10層含以下有電梯),住家用,820514.0,128.6,3,2,2,有,有,26500000,206065.0,坡道平面,0.0,0,其他增建；,RPQNMLSLPHHGFAA87DA,91.51,13.25,0.0,有,,29.0
信義區,房地(土地+建物)+車位,忠孝東路五段７４３巷２１弄２１號六樓,19.79,住,,,1110626,土地1建物1車位1,六層,十一層,住宅大樓(11層含以上有電梯),住家用,1040821.0,133.15,2,2,1,有,有,33000000,247841.0,坡道平面,0.0,0,,RPPOMLTLPHHGFDA38EA,48.97,6.0,4.17,有,1112.0,7.0
中山區,房地(土地+建物)+車位,敬業三路１６１巷１號七樓,171.81,住,,,1110630,土地1建物2車位4,七層，八層,八層,華廈(10層含以下有電梯),住家用,891123.0,547.69,5,2,4,有,有,149000000,272052.0,坡道平面,0.0,0,,RPTNMLPLPHHGFCA18EA,355.25,0.91,29.03,有,,22.0
中山區,房地(土地+建物),新生北路二段４３號七樓之５,4.23,住,,,1110626,土地1建物1車位0,七層,七層,華廈(10層含以下有電梯),住家用,650722.0,27.46,1,1,1,有,有,4570000,166424.0,,0.0,0,,RPPRMLQJPHHGFCA97DA,23.23,0.0,0.0,有,,46.0
士林區,房地(土地+建物)+車位,至善路二段９０號五樓之５,43.42,住,,,1110601,土地1建物1車位1,五層,五層,華廈(10層含以下有電梯),住家用,1040915.0,134.06,1,2,1,有,有,25700000,191705.0,坡道平面,0.0,0,陽台增建,RPWOMLOKPHHGFEA48DA,57.77,0.0,4.56,有,,7.0
士林區,房地(土地+建物),承德路四段３巷２９號二樓之１,9.27,住,,,1110612,土地1建物1車位0,二層,五層,華廈(10層含以下有電梯),住家用,840307.0,28.840000000000003,1,1,1,有,無,5460000,189320.0,,0.0,0,陽台外推；其他增建；,RPQNMLRJPHHGFEA97DA,18.58,0.0,1.68,有,,27.0
北投區,房地(土地+建物),致遠一路二段１２巷５弄４號,28.24,住,,,1110624,土地2建物1車位0,一層,五層,公寓(5樓含以下無電梯),住家用,660407.0,109.2,1,1,1,有,無,25500000,233516.0,,0.0,0,,RPQOMLTLPHHGFEA58EA,103.8,5.4,0.0,無,,45.0
內湖區,房地(土地+建物),金湖路１４巷１６號二樓,27.0,住,,,1110623,土地2建物1車位0,二層,四層,公寓(5樓含以下無電梯),住家用,670725.0,72.91000000000001,3,1,1,有,無,13130000,180085.0,,0.0,0,陽台外推；其他增建；,RPPNMLPJPHHGFCA47DA,63.06,0.0,6.12,無,,44.0
內湖區,房地(土地+建物),行善路２５巷１弄２號六樓,47.3,住,,,1110608,土地1建物1車位0,六層,八層,華廈(10層含以下有電梯),住家用,870506.0,124.08,3,1,2,有,有,22000000,177305.0,,0.0,0,,RPRNMLSLPHHGFCA28EA,74.1,0.0,7.06,有,,24.0
士林區,房地(土地+建物),重慶北路四段２２２號三樓之３,5.64,住,,,1110605,土地2建物1車位0,三層,十四層,住宅大樓(11層含以上有電梯),住家用,1060413.0,36.1,1,0,1,有,有,7300000,202216.0,,0.0,0,其他增建；,RPOPMLTLPHHGFEA48EA,20.8,1.24,1.91,有,1115.0,5.0
松山區,房地(土地+建物)+車位,健康路２２５巷１１之２號八樓,27.65,住,,,1110608,土地2建物1車位1,八層,十二層,住宅大樓(11層含以上有電梯),住家用,811028.0,155.38,4,2,2,有,有,37500000,241344.0,坡道平面,0.0,0,車位需定期抽籤持分併入公共設施陽台外推；,RPWNMLPLPHHGFDA48DA,101.73,0.0,16.0,有,,30.0
北投區,房地(土地+建物),知行路３８號五樓,27.21,住,,,1110627,土地1建物1車位0,五層,五層,公寓(5樓含以下無電梯),住家用,760507.0,101.05,3,2,2,有,無,8700000,86096.0,,0.0,0,外梯增建陽台外推；頂樓加蓋；其他增建；,RPROMLQLPHHGFEA28DA,86.64,0.0,6.32,無,,35.0
士林區,房地(土地+建物)+車位,社子街２２巷５２號三樓之１,17.86,住,,,1110627,土地2建物1車位1,三層,七層,華廈(10層含以下有電梯),住家用,970311.0,72.71,2,1,1,有,有,12150000,167102.0,坡道機械,0.0,0,其他增建；,RPPNMLRLPHHGFEA08DA,39.41,6.5,0.0,有,1117.0,14.0
萬華區,房地(土地+建物),興義街４９號四樓,30.5,住,,,1110624,土地1建物1車位0,四層,四層,公寓(5樓含以下無電梯),住家用,590513.0,94.05,3,2,1,有,無,12200000,129718.0,,0.0,0,陽台外推；頂樓加蓋；其他增建；,RPUOMLOKPHHGFBA97DA,94.05,0.0,0.0,無,,52.0
內湖區,房地(土地+建物)+車位,文湖街２１巷９８弄６號七樓之５,10.6,住,,,1110606,土地1建物1車位1,七層,八層,華廈(10層含以下有電梯),住家用,970124.0,66.09,1,1,1,有,有,10950000,165683.0,升降機械,14.8,0,其他增建；,RPPNMLTKPHHGFCA08EA,28.88,4.76,0.0,有,,14.0
內湖區,房地(土地+建物),康寧路三段１６５巷２３弄１７號三樓,29.1,住,,,1110618,土地1建物1車位0,三層,五層,公寓(5樓含以下無電梯),住家用,731218.0,109.37,3,2,2,有,無,18000000,164579.0,,0.0,0,其他增建；,RPSPMLMKPHHGFCA77DA,90.75,0.0,9.39,無,,38.0
內湖區,房地(土地+建物),金湖路３２６巷５１號三樓之１,11.56,住,,,1110621,土地1建物1車位0,三層,六層,華廈(10層含以下有電梯),住家用,890714.0,40.54,1,1,1,有,有,9300000,229403.0,,0.0,0,,RPUOMLSJPHHGFCA38DA,25.85,0.0,2.81,有,,22.0
南港區,房地(土地+建物),福德街４６９號五樓之１,21.15,住,,,1110629,土地1建物1車位0,五層,十八層,住宅大樓(11層含以上有電梯),住家用,870521.0,128.45,3,2,1,有,有,20000000,155703.0,,0.0,0,陽台外推；,RPQNMLKMOHHGFDA37DA,70.52,0.0,7.89,有,,24.0
文山區,房地(土地+建物),興隆路二段２０３巷６８號十樓,17.83,住,,,1110625,土地1建物1車位0,十層,十二層,住宅大樓(11層含以上有電梯),住家用,880329.0,71.66,2,2,1,有,有,14600000,203740.0,,0.0,0,陽台加窗其他增建；,RPVNMLKMOHHGFAA57DA,53.25,0.0,7.35,有,1123.0,23.0
大同區,房地(土地+建物),哈密街５９巷７８弄９號十二樓之３,35.41,住,,,1110630,土地1建物1車位0,十二層,十二層,住宅大樓(11層含以上有電梯),住家用,880112.0,153.03,3,2,2,有,有,25000000,163367.0,,0.0,0,陽台外推；其他增建；,RPQNMLNJPHHGFBA27DA,78.26,1.85,7.9,有,1127.0,23.0
中正區,房地(土地+建物),杭州南路一段１３１巷３１號四樓,31.5,住,,,1110610,土地1建物1車位0,四層,四層,公寓(5樓含以下無電梯),住家用,590926.0,79.74,3,2,2,有,無,22000000,275897.0,,0.0,0,陽台外推；頂樓加蓋；其他增建；,RPWNMLLJQHHGFBA77DA,79.74,0.0,0.0,無,,52.0
北投區,房地(土地+建物)+車位,稻香路１６１巷１６弄２之２號四樓,48.16,住,,,1110614,土地1建物1車位1,四層,五層,華廈(10層含以下有電梯),住家用,1100902.0,123.17,2,2,1,有,有,20000000,203942.0,坡道平面,35.4,2100000,含家電,RPSNMLPLPHHGFEA18DA,47.79,4.4,4.98,有,,1.0
大安區,房地(土地+建物),安東街５０之４號四樓,17.08,住,,,1110619,土地1建物1車位0,四層,七層,華廈(10層含以下有電梯),住家用,,123.06,3,2,2,有,無,36000000,292540.0,,0.0,0,其他增建；,RPPOMLLLPHHGFFA67DA,102.29,0.0,5.6,有,,
中正區,房地(土地+建物),羅斯福路三段８４巷１２弄４之２號三樓,20.25,住,,,1110626,土地2建物1車位0,三層，陽臺,四層,公寓(5樓含以下無電梯),住家用,,63.23,2,2,1,有,無,14350000,226949.0,,0.0,0,陽台外推；,RPSOMLLJQHHGFAA37DA,63.23,0.0,0.0,無,,
北投區,房地(土地+建物),清江路２４５巷６號,78.0,住,,,1110612,土地2建物1車位0,全,二層,透天厝,住家用,590225.0,114.94,4,2,2,有,無,24500000,213155.0,,0.0,0,,RPQNMLQKPHHGFEA97DA,114.94,0.0,0.0,無,,52.0
內湖區,房地(土地+建物),行善路２５巷４０弄１３號,48.76,住,,,1110613,土地1建物1車位0,一層,九層,華廈(10層含以下有電梯),住家用,860526.0,128.39,3,2,2,有,有,22000000,171353.0,,0.0,0,其他增建；,RPQRMLLKPHHGFCA67DA,73.95,0.0,8.44,有,1132.0,25.0
文山區,房地(土地+建物),羅斯福路五段５３巷３號四樓,29.1,住,,,1110607,土地1建物1車位0,四層,五層,公寓(5樓含以下無電梯),住家用,701204.0,98.69,3,2,1,有,無,17250000,174790.0,,0.0,0,,RPUNMLSLPHHGFAA28DA,89.01,0.0,9.68,無,,41.0
大安區,房地(土地+建物),濟南路三段６１號四樓,28.7,住,,,1110625,土地1建物1車位0,四層,七層,華廈(10層含以下有電梯),住家用,710913.0,167.74,4,2,2,有,無,42000000,250388.0,,0.0,0,,RPROMLLKPHHGFFA77DA,116.28,0.0,28.97,有,,40.0
北投區,房地(土地+建物),泉源路３４號九樓之２,13.94,住,,,1110624,土地1建物1車位0,九層,十層,華廈(10層含以下有電梯),住家用,870105.0,65.22999999999999,1,1,1,有,有,6900000,105780.0,,0.0,0,其他增建；,RPPOMLLJQHHGFEA57EA,26.45,0.88,3.53,有,,24.0
南港區,房地(土地+建物)+車位,忠孝東路六段１３０號十三樓,5.9,住,,,1110625,土地1建物1車位1,十三層,十四層,住宅大樓(11層含以上有電梯),住家用,1000110.0,47.37,1,1,1,有,有,14300000,301815.0,其他,0.0,0,夾層；,RPWOMLLKPHHGFDA08DA,21.62,1.23,5.39,有,1135.0,11.0
北投區,房地(土地+建物)+車位,幽雅路７號五樓之１６,17.46,,,,1110622,土地1建物1車位1,五層,十三層,住宅大樓(11層含以上有電梯),住家用,980205.0,129.95999999999998,1,2,1,有,有,15200000,128361.0,坡道機械,23.23,1500000,陽台外推；,RPOOMLSLPHHGFEA18DA,54.72,2.55,10.11,有,,13.0
大安區,房地(土地+建物),光復南路２６０巷５號三樓,31.78,住,,,1110611,土地1建物1車位0,三層,七層,華廈(10層含以下有電梯),住家用,660617.0,156.37,4,2,2,有,有,50500000,322952.0,,0.0,0,土地價格：49024226元整、建物價格：1475774元整。其他增建；,RPQOMLOKPHHGFFA97DA,123.05,0.0,17.22,有,,45.0
大安區,房地(土地+建物),敦化南路二段２００巷１３號三樓,28.4,住,,,1110612,土地1建物1車位0,三層,五層,公寓(5樓含以下無電梯),住家用,770608.0,112.56,3,2,2,有,無,31800000,282516.0,,0.0,0,其他增建；,RPVOMLLJQHHGFFA18DA,89.62,0.98,10.16,無,,34.0
萬華區,房地(土地+建物),國興路４８號十一樓之１,16.78,住,,,1110618,土地1建物1車位0,十一層,十二層,住宅大樓(11層含以上有電梯),住家用,680403.0,59.84,2,1,1,有,有,10350000,172961.0,,0.0,0,,RPVOMLMJQHHGFBA97EA,52.57,0.0,7.27,有,,43.0
南港區,房地(土地+建物)+車位,成福路７４巷８號四樓之５,23.47,住,,,1110622,土地1建物1車位1,四層,七層,華廈(10層含以下有電梯),住家用,1060710.0,132.14,2,2,1,有,無,27700000,287588.0,坡道平面,45.21,2700000,,RPWNMLLJPHHGFDA87DA,43.85,4.02,6.44,有,,5.0
大同區,房地(土地+建物),大龍街２２８號四樓,24.5,住,,,1110621,土地1建物1車位0,四層，陽臺,四層,公寓(5樓含以下無電梯),住家用,620425.0,77.55,4,1,1,有,無,10000000,128949.0,,0.0,0,陽台外推；頂樓加蓋；,RPXOMLLKPHHGFBA97DA,77.55,0.0,0.0,無,,49.0
文山區,房地(土地+建物)+車位,羅斯福路六段１５９巷１５號,39.12,住,,,1110627,土地1建物1車位2,一層,九層,華廈(10層含以下有電梯),住家用,791217.0,263.82,5,2,3,有,有,47500000,180047.0,坡道平面,0.0,5000000,其他增建；,RPTOMLMJQHHGFAA57DA,214.94,22.31,0.0,有,,32.0
士林區,房地(土地+建物),和豐街２９之１號,10.0,住,,,1110616,土地1建物1車位0,一層,四層,公寓(5樓含以下無電梯),住家用,590918.0,44.2,1,1,1,有,無,12000000,271493.0,,0.0,0,,RPPOMLLJPHHGFEA37DA,44.2,0.0,0.0,無,,52.0
內湖區,房地(土地+建物),康樂街１８６巷３５號三樓之１,9.89,住,,,1110625,土地1建物1車位0,三層,七層,華廈(10層含以下有電梯),住家用,850517.0,34.989999999999995,1,1,1,有,有,5700000,162904.0,,0.0,0,,RPROMLLKPHHGFCA47DA,21.18,0.0,2.65,有,,26.0
大同區,房地(土地+建物),重慶北路三段３７７號六樓之１,4.5,住,,,1110625,土地1建物1車位0,六層,八層,華廈(10層含以下有電梯),住家用,850921.0,25.549999999999997,1,1,1,有,有,4850000,189824.0,,0.0,0,雨遮加蓋、花台向外加蓋凸窗其他增建；,RPXNMLLJQHHGFBA87DA,18.99,1.34,0.0,有,,26.0
內湖區,房地(土地+建物),安泰街６３巷８號五樓,23.55,住,,,1110630,土地1建物1車位0,五層,五層,公寓(5樓含以下無電梯),住家用,690913.0,74.05,2,1,1,有,無,8160000,110196.0,,0.0,0,陽台外推；頂樓加蓋；,RPSQMLLJQHHGFCA77DA,64.93,0.0,9.12,無,1138.0,42.0
內湖區,房地(土地+建物)+車位,康寧路三段７５巷１７５弄２之５號三樓,45.17,住,,,1110630,土地1建物1車位1,三層,五層,華廈(10層含以下有電梯),住家用,960201.0,127.09,3,2,1,有,有,22580000,215659.0,坡道平面,33.98,2500000,,RPRQMLLJPHHGFCA57DA,53.46,7.04,4.82,有,1139.0,15.0
文山區,房地(土地+建物),景豐街６２巷２１號五樓,35.93,住,,,1110629,土地1建物1車位0,五層,八層,華廈(10層含以下有電梯),住家用,831202.0,119.07,3,2,2,有,有,21900000,183925.0,,0.0,0,其他增建；,RPVOMLPKPHHGFAA08DA,88.65,2.23,10.74,有,,28.0
文山區,房地(土地+建物)+車位,秀明路一段１２９巷７２弄８號三樓,286.25,住,,,1110616,土地1建物1車位2,三層，四層，五層,五層,華廈(10層含以下有電梯),住家用,1070302.0,511.43000000000006,3,3,5,有,有,69000000,164902.0,坡道平面,123.32,5000000,,RPUOMLNKPHHGFAA77DA,237.5,0.0,16.02,有,,4.0
大安區,房地(土地+建物),瑞安街２０８巷６１弄１５號六樓,29.5,住,,,1110606,土地1建物1車位0,六層,十五層,住宅大樓(11層含以上有電梯),住家用,761231.0,158.07,1,2,2,有,有,46250000,292592.0,,0.0,0,,RPVOMLPLNHHGFFA58EA,113.37,1.72,10.93,有,,34.0
大安區,房地(土地+建物)+車位,新生南路一段１４５號七樓之２,10.07,住,,,1110613,土地1建物1車位1,七層,十二層,住宅大樓(11層含以上有電梯),住家用,1100325.0,84.46000000000001,1,2,1,有,有,36450000,496127.0,升降機械,16.03,2500000,,RPOPMLMJQHHGFFA67DA,37.03,3.34,3.98,有,,1.0
大安區,房地(土地+建物),瑞安街２０８巷６１弄１５號七樓,29.5,住,,,1110606,土地1建物1車位0,七層,十五層,住宅大樓(11層含以上有電梯),住家用,761231.0,158.07,4,1,2,有,有,46250000,292592.0,,0.0,0,陽台外推；,RPWOMLPLNHHGFFA68EA,113.37,1.72,10.93,有,,34.0
中山區,房地(土地+建物),新生北路二段１４１巷２７號三、四樓,46.29,住,,,1110627,土地1建物1車位0,三層，四層,四層,公寓(5樓含以下無電梯),住家用,550916.0,119.43,10,0,10,有,無,23000000,192581.0,,0.0,0,頂樓加蓋；其他增建；,RPSNMLNJQHHGFCA67DA,119.43,0.0,0.0,無,,56.0
大安區,房地(土地+建物)+車位,臥龍街２９３號十樓之６,21.94,住,,,1110616,土地1建物1車位1,十層,十四層,住宅大樓(11層含以上有電梯),住家用,871201.0,108.45,4,2,2,有,有,24200000,249721.0,坡道機械,18.75,1800000,陽台外推；夾層；,RPOPMLPLNHHGFFA97EA,63.35,0.0,3.31,有,,24.0
大同區,房地(土地+建物),庫倫街１３巷１弄２１之１號,20.0,住,,,1110618,土地1建物1車位0,二層,四層,公寓(5樓含以下無電梯),住家用,,57.36,3,1,1,有,無,10200000,177824.0,,0.0,0,其他增建；,RPUPMLSKPHHGFBA48DA,57.36,0.0,0.0,無,,
萬華區,房地(土地+建物),莒光路２６０號四樓,24.66,住,,,1110612,土地1建物1車位0,四層,七層,華廈(10層含以下有電梯),住家用,890420.0,118.5,3,2,1,有,有,19000000,160338.0,,0.0,0,陽台外推；其他增建；,RPXOMLRLPHHGFBA68DA,75.79,0.0,13.6,有,,22.0
中正區,房地(土地+建物),和平西路一段１４３號三樓之１,10.71,住,,,1110626,土地1建物1車位0,三層,十二層,住宅大樓(11層含以上有電梯),住家用,,93.3,4,2,1,有,有,17800000,190782.0,,0.0,0,,RPQOMLMJQHHGFAA27DA,72.67,0.0,0.0,有,,44.0
中正區,房地(土地+建物)+車位,汀州路二段２５２號三樓,15.52,住,,,1110608,土地1建物1車位1,三層,七層,華廈(10層含以下有電梯),住家用,980812.0,85.94,2,2,1,有,有,18500000,215266.0,塔式車位,0.0,0,,RPXNMLOJQHHGFAA08DA,40.35,6.34,0.0,有,1145.0,13.0
大同區,房地(土地+建物)+車位,敦煌路８０巷１號十二樓之１,27.24,住,,,1110626,土地2建物1車位1,十二層,十二層,住宅大樓(11層含以上有電梯),住家用,960831.0,122.56,2,2,1,有,有,24720000,201697.0,坡道平面,35.94,0,總價經調解減價16萬元,RPSNMLLKPHHGFBA37DA,58.28,0.76,6.03,有,,15.0
信義區,房地(土地+建物),信義路五段１５０巷３３０號二樓之１,13.37,住,,,1110618,土地1建物1車位0,二層,十三層,住宅大樓(11層含以上有電梯),住家用,980408.0,96.38,2,2,1,有,有,23880000,247769.0,,0.0,0,機房面積充作室內面積使用其他增建；,RPQOMLOJQHHGFDA77DA,51.25,7.51,3.64,有,1146.0,13.0
文山區,房地(土地+建物),興隆路三段２０７巷１６弄１８號,24.12,住,,,1110627,土地1建物1車位0,一層,五層,公寓(5樓含以下無電梯),住家用,730830.0,92.44,3,2,1,有,無,13300000,143877.0,,0.0,0,建物格局3房2廳1.5衛,RPXNMLSLPHHGFAA58DA,68.65,6.53,6.25,無,1149.0,38.0
中山區,房地(土地+建物),龍江路２８１巷１９號四樓,33.0,住,,,1110603,土地1建物1車位0,四層,四層,公寓(5樓含以下無電梯),住家用,650623.0,104.51,3,2,2,有,無,20750000,198546.0,,0.0,0,陽台外推；頂樓加蓋；,RPXOMLNJQHHGFCA38EA,91.06,0.0,13.45,無,,46.0
中山區,房地(土地+建物),建國北路一段１５０號六樓之１,3.97,住,,,1110613,土地1建物1車位0,六層,十三層,住宅大樓(11層含以上有電梯),住家用,990318.0,31.07,1,1,1,有,有,8870000,285484.0,,0.0,0,夾層；其他增建；,RPOPMLOLOHHGFCA57DA,18.01,2.25,0.0,有,1150.0,12.0
士林區,房地(土地+建物),中正路６５１號三樓,22.28,住,,,1110604,土地1建物1車位0,三層,五層,公寓(5樓含以下無電梯),住家用,691021.0,72.18,1,2,1,有,無,10360000,143530.0,,0.0,0,其他增建；,RPPOMLPJPHHGFEA77DA,67.08,0.0,5.1,無,,42.0
中山區,房地(土地+建物)+車位,堤頂大道二段２７２號二樓,65.29,住,,,1110612,土地1建物1車位1,二層,十層,華廈(10層含以下有電梯),住家用,960628.0,231.85,4,2,2,有,有,61160000,309642.0,坡道平面,44.02,3000000,,RPVQMLRLNHHGFCA68EA,116.43,3.62,14.24,有,1151.0,15.0
信義區,房地(土地+建物),光復南路４１７巷２２３號五樓,23.45,住,,,1110618,土地1建物1車位0,五層,六層,華廈(10層含以下有電梯),住家用,690207.0,110.96,3,2,2,有,無,33460000,301550.0,,0.0,0,陽台外推；其他增建；,RPXNMLQLPHHGFDA68DA,94.68,0.0,12.92,有,1152.0,42.0
內湖區,房地(土地+建物),行善路５９巷３９號六樓,44.63,住,,,1110619,土地1建物1車位0,六層,八層,華廈(10層含以下有電梯),住家用,860526.0,119.76,3,2,1,有,有,21780000,181864.0,,0.0,0,,RPQOMLOLOHHGFCA67DA,69.08,0.0,7.64,有,,25.0
北投區,房地(土地+建物)+車位,明德路２９２號七樓,17.62,住,,,1110608,土地1建物1車位1,七層,九層,華廈(10層含以下有電梯),住家用,1041204.0,93.43,1,1,1,有,有,20000000,254510.0,升降機械,21.92,1800000,,RPWOMLNJQHHGFEA38DA,38.19,4.15,1.89,有,1154.0,7.0
南港區,房地(土地+建物)+車位,中南街１４０之１號三樓,14.68,住,,,1110601,土地1建物1車位1,三層,九層,華廈(10層含以下有電梯),住家用,861110.0,90.36,2,1,2,有,有,15200000,228623.0,坡道平面,34.81,2500000,陽台外推；夾層；其他增建；,RPWPMLSLOHHGFDA88DA,33.08,1.48,4.18,有,1155.0,25.0
萬華區,房地(土地+建物),寶興街１４０巷１９之２號四樓,14.8,住,,,1110626,土地2建物1車位0,四層,五層,公寓(5樓含以下無電梯),住家用,670322.0,73.0,2,2,1,有,無,9180000,125753.0,,0.0,0,陽台外推；其他增建；,RPOQMLTKPHHGFBA08DA,55.66,0.0,17.34,無,,44.0
文山區,房地(土地+建物),興隆路三段１８５巷５弄１６號五樓,33.06,住,,,1110629,土地7建物1車位0,五層,五層,公寓(5樓含以下無電梯),住家用,720823.0,104.17,5,2,3,有,有,11260000,108093.0,,0.0,0,頂樓加蓋；,RPVNMLPJQHHGFAA08EA,70.37,0.0,24.84,無,,39.0
北投區,建物,新民路７３之４號四樓,0.0,,,,1110617,土地0建物1車位0,四層,四層,公寓(5樓含以下無電梯),住家用,680322.0,103.79,3,2,1,有,無,3300000,31795.0,,0.0,0,頂樓加蓋；其他增建；,RPVOMLOJQHHGFEA38DA,88.55,0.0,15.24,無,,43.0
文山區,房地(土地+建物),景華街２６號四樓,25.25,住,,,1110619,土地1建物1車位0,四層，屋頂突出物,四層,公寓(5樓含以下無電梯),住家用,561130.0,102.65,2,2,1,有,無,17000000,165611.0,,0.0,0,陽台外推；,RPWQMLLLOHHGFAA97DA,95.21,0.0,7.44,無,,55.0
萬華區,房地(土地+建物),青年路６８巷１６號五樓,14.54,住,,,1110630,土地2建物1車位0,五層,五層,公寓(5樓含以下無電梯),住家用,640403.0,36.77,2,1,1,有,無,5800000,157737.0,,0.0,0,其他增建；,RPSPMLSJPHHGFBA18DA,36.77,0.0,0.0,無,,47.0
文山區,房地(土地+建物)+車位,興隆路四段１４５巷８３弄６號六樓,21.67,住,,,1110618,土地1建物1車位1,六層,七層,華廈(10層含以下有電梯),住家用,870730.0,111.43,3,1,2,有,有,17400000,156152.0,升降機械,0.0,1800000,陽台外推；夾層；其他增建；,RPSNMLSKPHHGFAA97DA,67.05,5.65,7.04,有,,24.0
北投區,房地(土地+建物),中央北路四段５８３巷１１弄４１之２號,48.0,住,,,1110624,土地3建物1車位0,一層,四層,公寓(5樓含以下無電梯),住家用,730130.0,120.32,2,2,1,有,無,15680000,130319.0,,0.0,0,其他增建；,RPWPMLPKPHHGFEA68DA,78.56,41.76,0.0,無,,38.0
文山區,房地(土地+建物),辛亥路四段１０１巷８５之９號四樓,31.81,住,,,1110603,土地3建物1車位0,四層,五層,公寓(5樓含以下無電梯),住家用,710929.0,116.43,4,2,1,有,無,16380000,140685.0,,0.0,0,其他增建；,RPROMLSKPHHGFAA97DA,100.65,0.0,15.78,無,,40.0
大同區,房地(土地+建物),承德路三段３０１巷２０號二樓,30.28,住,,,1110608,土地1建物1車位0,二層,五層,公寓(5樓含以下無電梯),住家用,690124.0,102.65,2,2,2,有,無,13920000,135606.0,,0.0,0,陽台外推；,RPPNMLMJQHHGFBA17DA,90.81,0.0,11.84,無,,42.0
大同區,房地(土地+建物),承德路三段３０１巷２０號三樓,30.28,住,,,1110608,土地1建物1車位0,三層,五層,公寓(5樓含以下無電梯),住家用,690124.0,102.65,3,2,2,有,無,13770000,134145.0,,0.0,0,陽台外推；,RPQNMLMJQHHGFBA27DA,90.81,0.0,11.84,無,,42.0
松山區,房地(土地+建物),敦化北路２２２巷１２之１號,23.85,住,,,1110614,土地1建物1車位0,一層,七層,華廈(10層含以下有電梯),住家用,720426.0,118.09,3,2,2,有,有,28500000,241341.0,,0.0,0,其他增建；,RPOPMLTLPHHGFDA28DA,92.54,15.39,0.0,有,1162.0,39.0
內湖區,房地(土地+建物)+車位,金湖路４０１巷３４號九樓,31.58,住,,,1110625,土地1建物1車位1,九層,十四層,住宅大樓(11層含以上有電梯),住家用,880812.0,162.38,3,2,2,有,有,32000000,197081.0,坡道平面,0.0,0,,RPSPMLQJPHHGFCA08DA,84.47,0.0,12.62,有,,23.0
內湖區,房地(土地+建物),瑞光路７６巷５８號二樓,25.44,住,,,1110626,土地1建物1車位0,二層,五層,公寓(5樓含以下無電梯),住家用,861030.0,53.95,2,1,1,有,有,12500000,231696.0,,0.0,0,,RPOPMLSLPHHGFCA08DA,38.66,0.0,4.42,無,,25.0
內湖區,房地(土地+建物),康寧路一段１９５巷３弄６號六樓之１,17.95,住,,,1110617,土地1建物1車位0,六層,九層,華廈(10層含以下有電梯),住家用,1080814.0,70.94,2,2,1,有,有,18020000,254017.0,,0.0,0,,RPQNMLTJQHHGFCA18EA,37.14,4.07,4.92,有,,3.0
文山區,房地(土地+建物),景豐街３７巷４號二樓,37.25,住,,,1110627,土地1建物1車位0,二層，陽臺,四層,公寓(5樓含以下無電梯),住家用,650409.0,101.54,4,2,2,有,無,16800000,165452.0,,0.0,0,陽台外推；其他增建；,RPUNMLSJQHHGFAA18DA,101.54,0.0,0.0,無,1165.0,46.0
文山區,房地(土地+建物)+車位,秀明路一段１９７號六樓之７,9.98,住,,,1110616,土地1建物1車位1,六層,七層,華廈(10層含以下有電梯),住家用,980513.0,73.24000000000001,1,1,1,有,有,13700000,187056.0,塔式車位,0.0,0,塔式車位位於地下二層。夾層；其他增建；,RPROMLPJPHHGFAA57DA,29.65,3.24,4.13,有,,13.0
士林區,房地(土地+建物),中山北路六段４５０巷２３號四樓,31.13,住,,,1110604,土地1建物1車位0,四層,五層,公寓(5樓含以下無電梯),住家用,700311.0,100.32,3,2,2,有,無,18500000,184410.0,,0.0,0,,RPXNMLTJQHHGFEA09EA,91.35,0.0,8.97,無,,41.0
大同區,房地(土地+建物),承德路三段３０１巷２０號五樓,30.28,住,,,1110608,土地1建物1車位0,五層,五層,公寓(5樓含以下無電梯),住家用,690124.0,102.65,3,2,2,有,無,13290000,129469.0,,0.0,0,陽台外推；,RPVNMLSJQHHGFBA38DA,90.81,0.0,11.84,無,,42.0
內湖區,房地(土地+建物)+車位,文湖街２１巷９８弄６號八樓,10.43,住,,,1110606,土地1建物1車位1,八層,八層,華廈(10層含以下有電梯),住家用,970124.0,65.4,0,0,0,無,有,11300000,172783.0,坡道機械,14.8,0,,RPUTMLTJQHHGFCA56EA,25.14,0.0,8.03,有,1166.0,14.0
大安區,房地(土地+建物),敦化南路一段３０２號十三樓之１,11.71,住,,,1110630,土地1建物1車位0,十三層，陽臺，電梯樓梯間,十四層,住宅大樓(11層含以上有電梯),住家用,640731.0,137.33,3,2,2,有,有,51380000,374135.0,,0.0,0,,RPTNMLRLPHHGFFA58DA,137.33,0.0,0.0,有,,47.0
士林區,房地(土地+建物),中社路二段１７巷１號,195.0,住,,,1110608,土地1建物1車位0,全,一層,透天厝,住家用,640801.0,105.0,2,2,3,有,無,33000000,314286.0,,0.0,0,,RPPPMLOJQHHGFEA97EA,105.0,0.0,0.0,無,,47.0
中山區,房地(土地+建物)+車位,北安路６０８巷１２號九樓,35.24,住,,,1110612,土地1建物1車位2,九層,十四層,住宅大樓(11層含以上有電梯),住家用,950516.0,239.06,3,2,2,有,有,65500000,379828.0,坡道平面,82.41,6000000,車位總價:新台幣6000000元整車位編號48:新台幣3000000元整車位編號12:新台幣3000000元整其他增建；,RPUNMLPKPHHGFCA08DA,119.93,2.95,5.18,有,1167.0,16.0
松山區,房地(土地+建物),民族東路７０２號二樓,20.34,住,,,1110629,土地1建物1車位0,二層,七層,華廈(10層含以下有電梯),住家用,690726.0,102.13,3,2,2,有,無,18500000,181142.0,,0.0,0,其他增建；,RPTOMLMJQHHGFDA87DA,88.25,0.0,13.88,有,,42.0
大同區,房地(土地+建物),承德路三段３０１巷２０號四樓,30.28,住,,,1110608,土地1建物1車位0,四層,五層,公寓(5樓含以下無電梯),住家用,680124.0,102.65,3,2,2,有,無,13470000,131223.0,,0.0,0,陽台外推；,RPRNMLMJQHHGFBA37DA,90.81,0.0,11.84,無,,43.0
萬華區,房地(土地+建物),萬大路２７７巷３７弄１號五樓之１,36.02,住,,,1110624,土地1建物1車位0,五層,七層,華廈(10層含以下有電梯),住家用,730109.0,124.72,3,2,2,有,有,22000000,176395.0,,0.0,0,陽台外推；其他增建；,RPXPMLTKPHHGFBA88DA,92.44,0.0,17.44,有,,38.0
內湖區,房地(土地+建物),星雲街１４２號五樓,27.21,住,,,1110619,土地1建物1車位0,五層,五層,公寓(5樓含以下無電梯),住家用,721018.0,91.08,3,2,2,有,無,14650000,160848.0,,0.0,0,,RPWNMLMJQHHGFCA97DA,78.94,0.0,12.14,無,,39.0
大安區,房地(土地+建物)+車位,浦城街１３巷９之２號,13.64,住,,,1110616,土地1建物1車位1,一層,六層,華廈(10層含以下有電梯),住家用,960913.0,63.22,0,1,1,有,有,17720000,280291.0,升降機械,0.0,0,其他增建；,RPTNMLOJPHHGFFA08DA,25.67,0.0,5.16,有,,15.0
文山區,房地(土地+建物),忠順街一段２６巷１３弄１０號二樓,37.65,住,,,1110623,土地2建物1車位0,二層，陽臺,四層,公寓(5樓含以下無電梯),住家用,,101.51,3,2,2,有,無,16500000,162546.0,,0.0,0,陽台外推；其他增建；,RPUNMLLKQHHGFAA57DA,101.51,0.0,0.0,無,1175.0,
士林區,房地(土地+建物),福林路２５１巷１１號六樓,25.8,住,,,1110621,土地1建物1車位0,六層,七層,華廈(10層含以下有電梯),住家用,740615.0,105.3,3,2,2,有,有,19800000,188034.0,,0.0,0,,RPXNMLMLOHHGFEA28DA,70.87,0.0,8.24,有,,37.0
信義區,房地(土地+建物),信義路五段１５０巷３３５弄１３號三樓,30.25,住,,,1110627,土地1建物1車位0,三層,四層,公寓(5樓含以下無電梯),住家用,580120.0,85.5,3,2,2,有,無,17500000,204678.0,,0.0,0,,RPXOMLMJQHHGFDA28DA,85.5,0.0,0.0,無,,53.0
士林區,房地(土地+建物),忠誠路二段８８號六樓,21.23,住,,,1110627,土地1建物1車位0,六層,十四層,住宅大樓(11層含以上有電梯),住家用,741205.0,148.49,4,2,2,有,有,36000000,242441.0,,0.0,0,,RPWOMLTJQHHGFEA98DA,120.94,2.63,18.24,有,,37.0
北投區,房地(土地+建物)+車位,中央北路三段２２０巷１７號二樓,98.41,住,,,1110618,土地2建物1車位2,二層,五層,華廈(10層含以下有電梯),住家用,1000211.0,276.23,4,2,2,有,有,34200000,137670.0,坡道平面,53.96,3600000,陽台加窗 雨遮加蓋  露台加蓋  占用梯間  占用機房其他增建；,RPPOMLKKQHHGFEA57EA,122.17,13.53,14.27,有,,11.0
松山區,房地(土地+建物),敦化北路１１８號三樓,22.68,住,,,1110603,土地1建物1車位0,三層,十二層,住宅大樓(11層含以上有電梯),住家用,740201.0,162.87,2,0,1,有,有,52720000,323694.0,,0.0,0,,RPTOMLLJQHHGFDA77DA,122.4,0.0,10.72,有,,37.0
內湖區,房地(土地+建物),內湖路一段９１巷１０２弄１８號三樓之２,20.16,住,,,1110611,土地1建物1車位0,三層,八層,華廈(10層含以下有電梯),住家用,941228.0,70.96000000000001,2,1,1,有,有,17200000,242390.0,,0.0,0,陽台外推；,RPTNMLMLPHHGFCA77DA,44.87,2.65,5.54,有,,16.0
士林區,房地(土地+建物),葫蘆街７巷４號,23.25,住,,,1110612,土地3建物1車位0,一層,四層,公寓(5樓含以下無電梯),住家用,601220.0,73.37,2,1,1,有,無,10680000,145564.0,,0.0,0,其他增建；,RPSNMLLJQHHGFEA67DA,73.37,0.0,0.0,無,1178.0,50.0
中正區,房地(土地+建物)+車位,汀州路三段６５號十二樓,16.55,住,,,1110621,土地2建物1車位1,十二層,十二層,住宅大樓(11層含以上有電梯),住家用,1071122.0,147.9,0,2,1,有,有,45480000,384145.0,坡道平面,39.92,4000000,,RPVNMLLKQHHGFAA67DA,58.26,7.55,6.11,有,,4.0
大安區,房地(土地+建物),樂業街１４１號二樓,29.2,住,,,1110616,土地1建物1車位0,二層,五層,公寓(5樓含以下無電梯),住家用,671017.0,100.4,3,2,2,有,無,21000000,209163.0,,0.0,0,陽台外推；其他增建；,RPROMLMJQHHGFFA87DA,89.68,0.0,10.72,無,1182.0,44.0
大安區,房地(土地+建物),和平東路二段３１１巷４３弄１９號八樓,21.61,住,,,1110628,土地1建物1車位0,八層,十七層,住宅大樓(11層含以上有電梯),住家用,740522.0,111.24,3,2,2,有,有,28500000,256203.0,,0.0,0,,RPOOMLSLPHHGFFA28DA,83.19,1.56,8.27,有,,37.0
信義區,房地(土地+建物),逸仙路３２巷１３號七樓,30.26,住,,,1110618,土地7建物1車位0,七層,七層,華廈(10層含以下有電梯),住家用,700923.0,158.25,2,2,2,有,有,49700000,314060.0,,0.0,0,陽台外推；頂樓加蓋；,RPQNMLLKQHHGFDA47DA,115.53,0.0,19.51,有,,41.0
士林區,房地(土地+建物),中山北路七段１４巷３１弄８號三樓,31.82,住,,,1110625,土地1建物1車位0,三層,六層,華廈(10層含以下有電梯),住家用,751103.0,145.07999999999998,3,2,2,有,無,30700000,211607.0,,0.0,0,陽台外推；,RPPPMLPJQHHGFEA97DA,111.29,1.8,14.51,有,1186.0,36.0
士林區,房地(土地+建物),葫蘆街１３２之１號五樓,29.94,住,,,1110615,土地1建物1車位0,五層,五層,公寓(5樓含以下無電梯),住家用,721117.0,101.11,3,2,2,有,無,12700000,125606.0,,0.0,0,,RPPNMLOKQHHGFEA77DA,92.92,0.0,8.19,無,,39.0
內湖區,房地(土地+建物)+車位,安泰街９３號四樓之１,19.09,住,,,1110629,土地1建物1車位1,四層,七層,華廈(10層含以下有電梯),住家用,970619.0,129.05,2,2,1,有,有,16000000,123983.0,坡道平面,0.0,0,其他增建；,RPQNMLTKPHHGFCA08DA,70.23,4.6,3.58,有,,14.0
北投區,房地(土地+建物),東華街二段１８６號五樓,30.22,住,,,1110621,土地1建物1車位0,五層,五層,公寓(5樓含以下無電梯),住家用,731101.0,112.2,3,2,1,有,無,14000000,124777.0,,0.0,0,陽台外推；頂樓加蓋；其他增建；,RPPNMLLLPHHGFEA47DA,87.78,0.0,11.38,無,,38.0
內湖區,房地(土地+建物)+車位,南京東路六段１４８號十二樓之１,21.4,住,,,1110625,土地1建物1車位1,十二層,十二層,住宅大樓(11層含以上有電梯),住家用,951205.0,99.53,2,2,1,有,有,23500000,236110.0,坡道機械,0.0,0,,RPSNMLPKQHHGFCA08EA,55.29,0.0,6.3,有,1188.0,16.0
文山區,房地(土地+建物)+車位,辛亥路七段５巷５號八樓,34.56,住,,,1110615,土地1建物1車位1,八層,十二層,住宅大樓(11層含以上有電梯),住家用,1021025.0,193.4,3,2,2,有,有,28880000,161854.0,坡道平面,28.56,2200000,陽台外推；,RPXNMLPKQHHGFAA28DA,88.51,14.5,10.29,有,1189.0,9.0
北投區,房地(土地+建物)+車位,大業路４５２巷６號八樓之５,28.18,住,,,1110607,土地2建物1車位1,八層，電梯樓梯間,十六層,住宅大樓(11層含以上有電梯),住家用,850613.0,193.53,3,2,2,有,有,37500000,193768.0,坡道平面,0.0,0,陽台外推；,RPQNMLMKQHHGFEA77EA,122.13,1.97,14.49,有,,26.0
南港區,房地(土地+建物)+車位,經貿二路２３５巷２２號八樓,21.28,住,,,1110605,土地1建物1車位1,八層,十層,華廈(10層含以下有電梯),住家用,1031002.0,125.9,2,2,1,有,有,35500000,296296.0,其他,12.5,1900000,,RPQOMLKKOHHGFDA27DA,67.41,4.09,6.37,有,1190.0,8.0
中山區,房地(土地+建物),吉林路３８５號,24.0,住,,,1110629,土地1建物1車位0,一層，騎樓,四層,公寓(5樓含以下無電梯),住家用,630723.0,67.09,0,1,1,有,無,24500000,365181.0,,0.0,0,其他增建；,RPXOMLNJQHHGFCA28DA,67.09,0.0,0.0,無,,48.0
松山區,房地(土地+建物)+車位,長春路３４７號七樓,22.0,住,,,1110623,土地1建物1車位1,七層,十四層,住宅大樓(11層含以上有電梯),住家用,760929.0,206.01,0,0,0,無,有,37011500,179659.0,坡道平面,0.0,0,,RPSNMLOJQHHGFDA97EA,168.97,0.0,12.51,有,,35.0
內湖區,房地(土地+建物),東湖路１６０巷１０弄２２號四樓,26.52,住,,,1110627,土地1建物1車位0,四層,五層,公寓(5樓含以下無電梯),住家用,701224.0,96.81,3,2,2,有,無,13500000,139448.0,,0.0,0,陽台外推；,RPROMLLKQHHGFCA57DA,85.78,0.0,11.03,無,1195.0,41.0
信義區,房地(土地+建物),信義路五段１５０巷４４１弄１５號二樓,28.25,住,,,1110621,土地1建物1車位0,二層,四層,公寓(5樓含以下無電梯),住家用,590105.0,85.73,2,2,2,有,無,15500000,180800.0,,0.0,0,陽台外推；,RPSNMLLJQHHGFDA57DA,72.13,0.0,13.6,無,1196.0,52.0
內湖區,房地(土地+建物)+車位,康樂街１３６巷３０弄１１號二樓,25.55,住,,,1110603,土地2建物1車位1,二層,十五層,住宅大樓(11層含以上有電梯),住家用,1090424.0,172.74,3,2,2,有,有,32580000,188607.0,坡道平面,0.0,0,,RPUNMLPJQHHGFCA08DA,90.58,0.63,9.13,有,,2.0
文山區,房地(土地+建物)+車位,育英街７９號七樓之１,14.69,住,,,1110618,土地1建物1車位1,七層,七層,華廈(10層含以下有電梯),住家用,1091225.0,76.62,1,1,1,有,有,17100000,251441.0,升降機械,14.18,1400000,,RPTNMLPKQHHGFAA87DA,28.66,1.05,12.95,有,,1.0
文山區,房地(土地+建物)+車位,福興路９５巷６５號二樓之１,30.4,住,,,1110625,土地1建物1車位1,二層,十層,華廈(10層含以下有電梯),住家用,890721.0,120.67,3,2,1,有,有,16000000,165598.0,坡道平面,34.92,1800000,其他增建；,RPPNMLKLPHHGFAA96DA,65.93,0.0,4.6,有,,22.0
萬華區,房地(土地+建物),西園路二段２８１巷６弄６７號,64.5,住,,,1110618,土地2建物1車位0,全,二層,透天厝,住家用,570401.0,68.26,3,2,2,有,有,19800000,290067.0,,0.0,0,頂樓加蓋；,RPWOMLPKQHHGFBA38DA,68.26,0.0,0.0,有,1197.0,54.0
北投區,房地(土地+建物),大業路３００巷１９號三樓,29.25,住,,,1110623,土地1建物1車位0,三層,四層,公寓(5樓含以下無電梯),住家用,670417.0,106.31,3,2,2,有,無,14200000,133572.0,,0.0,0,其他增建；,RPOPMLPLPHHGFEA97DA,97.07,0.0,9.24,無,,44.0
內湖區,房地(土地+建物),民權東路六段１８０巷６６號六樓,9.21,住,,,1110612,土地1建物1車位0,六層,十層,華廈(10層含以下有電梯),住家用,980715.0,54.17,1,1,1,有,有,13280000,245154.0,,0.0,0,陽台外推；,RPVQMLPJPHHGFCA38DA,29.24,2.2,4.91,有,1200.0,13.0
文山區,房地(土地+建物)+車位,政大二街１３７號十四樓,92.61,住,,,1110612,土地1建物1車位1,十四層,十六層,住宅大樓(11層含以上有電梯),住家用,850824.0,184.18,3,2,2,有,有,22270000,120914.0,坡道平面,0.0,2000000,陽台外推；其他增建；,RPRNMLLLPHHGFAA27DA,101.34,3.57,11.42,有,,26.0
文山區,房地(土地+建物),忠順街二段８５巷１弄３５號四樓,45.0,住,,,1110622,土地1建物1車位0,四層，五層,五層,公寓(5樓含以下無電梯),住家用,780916.0,176.67000000000002,4,2,3,有,無,20800000,117734.0,,0.0,0,陽台外推；頂樓加蓋；其他增建；,RPQNMLSKPHHGFAA77DA,126.63,17.29,16.58,無,,33.0
文山區,房地(土地+建物)+車位,辛亥路四段７７巷９２弄１１號六樓之２,39.9,住,,,1110626,土地3建物1車位1,六層,十四層,住宅大樓(11層含以上有電梯),住家用,920922.0,96.77,0,0,0,無,有,12500000,176830.0,坡道平面,36.26,1800000,,RPRNMLMKQHHGFAA37DA,37.01,0.0,4.28,有,,19.0
內湖區,房地(土地+建物),文湖街２１巷１１６之１號,22.07,住,,,1110624,土地1建物1車位0,一層,十層,華廈(10層含以下有電梯),住家用,970723.0,92.46,2,2,2,有,有,23100000,249838.0,,0.0,0,陽台外推；,RPTQMLMKQHHGFCA08DA,62.62,3.61,4.69,有,,14.0
內湖區,房地(土地+建物)+車位,行善路１８９號十樓,18.26,住,,,1110623,土地2建物1車位1,十層,十五層,住宅大樓(11層含以上有電梯),住家用,1101125.0,127.09,2,1,1,有,有,33200000,314928.0,坡道平面,31.83,3200000,,RPRQMLSJQHHGFCA38DA,56.69,0.0,6.69,有,1202.0,1.0
士林區,房地(土地+建物),天母東路１０５巷５７號三樓,22.42,住,,,1110624,土地1建物1車位0,三層,四層,公寓(5樓含以下無電梯),住家用,671118.0,81.04,2,2,2,有,無,14000000,172754.0,,0.0,0,陽台加蓋柵欄陽台外推；其他增建；,RPRPMLKKQHHGFEA77DA,74.0,0.0,7.04,無,1203.0,44.0
內湖區,房地(土地+建物)+車位,民權東路六段２６７號五樓,44.0,住,,,1110625,土地2建物1車位1,五層,十一層,住宅大樓(11層含以上有電梯),住家用,960621.0,192.9,2,2,2,有,有,35600000,208649.0,坡道平面,34.26,2500000,陽台外推；其他增建；,RPUNMLMLPHHGFCA87DA,97.45,1.85,13.21,有,,15.0
內湖區,房地(土地+建物),內湖路一段７３７巷５０弄２５號三樓,34.48,住,,,1110623,土地1建物1車位0,三層,五層,公寓(5樓含以下無電梯),住家用,760831.0,107.17,3,2,2,有,有,19700000,183820.0,,0.0,0,陽台外推；其他增建；,RPWNMLSJQHHGFCA58DA,86.49,1.91,9.47,無,,35.0
信義區,房地(土地+建物),信安街１６５號三樓,11.85,住,,,1110622,土地1建物1車位0,三層,十二層,住宅大樓(11層含以上有電梯),住家用,720712.0,119.49,3,2,2,有,有,23000000,192485.0,,0.0,0,其他增建；,RPUOMLOLOHHGFDA18DA,84.48,1.43,14.09,有,,39.0
文山區,房地(土地+建物)+車位,辛亥路四段２１巷２２號五樓,60.33,住,,,1110623,土地4建物1車位1,五層,十八層,住宅大樓(11層含以上有電梯),住家用,840801.0,166.38,3,2,2,有,有,22500000,135233.0,坡道平面,0.0,2000000,陽台外推；其他增建；,RPTOMLRLPHHGFAA18DA,94.19,3.51,9.32,有,,27.0
北投區,房地(土地+建物),大業路２８０巷２３號四樓,26.96,住,,,1110612,土地1建物1車位0,四層,四層,公寓(5樓含以下無電梯),住家用,671013.0,89.26,3,2,2,有,無,10800000,120995.0,,0.0,0,陽台外推；其他增建；,RPVNMLLJQHHGFEA97DA,76.72,0.0,12.54,無,,44.0
北投區,房地(土地+建物),清江路６９巷８號三樓,21.5,住,,,1110628,土地1建物1車位0,三層,四層,公寓(5樓含以下無電梯),住家用,690527.0,70.24,3,2,1,有,無,10360000,147494.0,,0.0,0,陽台外推；其他增建；,RPWPMLPJQHHGFEA68DA,61.14,0.0,9.1,無,1206.0,42.0
大安區,房地(土地+建物),瑞安街２５６巷２３號,61.75,住,,,1110614,土地1建物1車位0,一層,七層,華廈(10層含以下有電梯),住家用,700929.0,263.90000000000003,4,3,3,有,無,64000000,242516.0,,0.0,0,其他增建；,RPTOMLPKPHHGFFA38DA,124.07,120.95,0.0,有,,41.0
內湖區,房地(土地+建物)+車位,五分街１０２號七樓,23.61,住,,,1110624,土地1建物1車位1,七層,十二層,住宅大樓(11層含以上有電梯),住家用,1110113.0,159.09,2,2,2,有,有,30500000,191715.0,坡道平面,31.66,0,,RPQPMLMLPHHGFCA67DA,73.12,3.5,8.78,有,1210.0,
文山區,房地(土地+建物)+車位,辛亥路六段３１號六樓,40.65,住,,,1110626,土地2建物1車位1,六層,十四層,住宅大樓(11層含以上有電梯),住家用,970521.0,218.21,4,2,2,有,有,36880000,196682.0,坡道平面,43.42,2500000,,RPOPMLQLPHHGFAA67DA,102.04,2.97,16.01,有,,14.0
內湖區,房地(土地+建物),成功路二段２５０巷２３弄６號四樓,31.99,住,,,1110620,土地1建物1車位0,四層,四層,公寓(5樓含以下無電梯),住家用,690529.0,91.54,3,2,1,有,無,11930000,130326.0,,0.0,0,其他增建；,RPUNMLQKOHHGFCA18EA,80.47,0.0,11.07,無,,42.0
內湖區,房地(土地+建物),行善路２５巷４０弄６號,48.27,住,,,1110606,土地1建物1車位0,一層,八層,華廈(10層含以下有電梯),住家用,860526.0,127.03,3,2,2,有,有,23500000,184996.0,,0.0,0,,RPTSMLLKQHHGFCA18DA,73.11,0.0,8.44,有,,25.0
內湖區,房地(土地+建物),康樂街１８６巷２７號七樓,14.55,住,,,1110620,土地1建物1車位0,七層,七層,華廈(10層含以下有電梯),住家用,850517.0,51.59,1,1,1,有,有,7500000,145377.0,,0.0,0,夾層；其他增建；,RPSNMLSJQHHGFCA18DA,31.63,0.99,2.12,有,,26.0
大安區,房地(土地+建物),潮州街１６０號四樓,20.59,住,,,1110612,土地2建物1車位0,四層,七層,華廈(10層含以下有電梯),住家用,960720.0,94.41,2,2,2,有,有,36380000,385341.0,,0.0,0,陽台外推；,RPSOMLRLPHHGFFA58DA,52.97,0.0,8.04,有,,15.0
中山區,房地(土地+建物),農安街１４９號六樓之３,16.64,住,,,1110623,土地2建物1車位0,六層,七層,華廈(10層含以下有電梯),住家用,711123.0,102.21,2,2,1,有,有,20670000,202211.0,,0.0,0,陽台外推；其他增建；,RPVOMLSJQHHGFCA58DA,70.76,0.0,20.23,有,1220.0,40.0
內湖區,房地(土地+建物)+車位,大湖山莊街２１９巷３５號三樓,92.03,住,,,1110629,土地1建物1車位1,三層,五層,公寓(5樓含以下無電梯),住家用,780331.0,157.75,4,1,2,有,無,23980000,152013.0,坡道平面,0.0,2500000,,RPUNMLMKQHHGFCA87DA,135.52,1.23,13.53,無,1223.0,33.0
中山區,房地(土地+建物)+車位,明水路４８２號十三樓,80.01,住,,,1110630,土地1建物1車位2,十三層,十四層,住宅大樓(11層含以上有電梯),住家用,951128.0,349.67999999999995,3,2,2,有,有,168080000,608308.0,坡道平面,84.88,7000000,公設機房。陽台外推；,RPTNMLPJQHHGFCA97DA,161.07,4.13,12.53,有,,16.0
信義區,房地(土地+建物),莊敬路２８９巷１６號二樓,22.07,住,,,1110626,土地1建物1車位0,二層,七層,華廈(10層含以下有電梯),住家用,750507.0,121.3,3,2,2,有,無,33000000,272053.0,,0.0,0,,RPUNMLSKQHHGFDA58DA,97.6,2.97,11.48,有,,36.0
文山區,房地(土地+建物)+車位,木柵路四段３３巷７號三樓之５,23.29,住,,,1110605,土地1建物1車位1,三層,十層,華廈(10層含以下有電梯),住家用,971208.0,126.23,2,2,1,有,有,18300000,190398.0,坡道平面,40.62,2000000,陽台外推；,RPPNMLNKQHHGFAA27DA,52.24,2.47,5.01,有,1224.0,13.0
南港區,房地(土地+建物)+車位,三重路４１巷３７號六樓之２,34.78,住,,,1110614,土地1建物1車位2,六層,十三層,住宅大樓(11層含以上有電梯),住家用,1010119.0,323.42,4,2,2,有,有,56000000,202719.0,坡道平面,71.84,5000000,,RPPQMLRJPHHGFDA18EA,139.51,18.91,12.7,有,,10.0
內湖區,房地(土地+建物),成功路二段４２６巷４８號三樓,31.43,住,,,1110625,土地1建物1車位0,三層,五層,公寓(5樓含以下無電梯),住家用,760817.0,124.63,3,2,2,有,無,15800000,126775.0,,0.0,0,,RPOOMLQKOHHGFCA67EA,92.32,0.0,10.09,無,,35.0
士林區,房地(土地+建物),天玉街２８號五樓,31.03,住,,,1110625,土地1建物1車位0,五層,七層,華廈(10層含以下有電梯),住家用,720618.0,148.67999999999998,4,2,2,有,無,32880000,221146.0,,0.0,0,陽台外推；,RPROMLSLPHHGFEA48DA,114.54,0.0,18.22,有,1225.0,39.0
中正區,房地(土地+建物),廈門街９９巷３０之５號,42.08,住,,,1110621,土地2建物1車位0,一層,四層,公寓(5樓含以下無電梯),住家用,580321.0,90.66,3,2,2,有,無,19200000,211780.0,,0.0,0,其他增建；,RPQNMLTKQHHGFAA08EA,90.66,0.0,0.0,無,,53.0
中正區,房地(土地+建物)+車位,汀州路三段６３號十一樓,16.08,住,,,1110630,土地2建物1車位1,十一層,十二層,住宅大樓(11層含以上有電梯),住家用,1071122.0,143.74,2,2,1,有,有,41480000,288577.0,坡道平面,0.0,0,,RPVNMLSKQHHGFAA48EA,56.73,6.61,5.6,有,,4.0
內湖區,房地(土地+建物),文德路６６巷６９弄２２號五樓,26.87,住,,,1110621,土地1建物1車位0,五層,五層,公寓(5樓含以下無電梯),住家用,721230.0,106.63,3,2,2,有,無,15700000,147238.0,,0.0,0,陽台外推；其他增建；,RPQPMLQKQHHGFCA08DA,82.32,0.0,13.46,無,,38.0
文山區,房地(土地+建物)+車位,興隆路四段１０５巷２５號,19.62,住,,,1110620,土地1建物1車位1,一層,十三層,住宅大樓(11層含以上有電梯),住家用,840821.0,118.89,2,1,1,有,有,18100000,152242.0,坡道平面,0.0,2000000,陽台外推；其他增建；,RPQNMLTKPHHGFAA87DA,61.02,1.83,8.8,有,,27.0
信義區,房地(土地+建物),信義路六段７６巷２弄７５號五樓,32.94,住,,,1110607,土地1建物1車位0,五層,五層,公寓(5樓含以下無電梯),住家用,670703.0,107.21,3,2,2,有,無,15620000,145695.0,,0.0,0,,RPPNMLQKOHHGFDA67DA,96.46,0.0,10.75,無,,44.0
大安區,房地(土地+建物)+車位,和平東路二段１８巷５號三樓,35.75,住,,,1110628,土地2建物1車位2,三層,十層,華廈(10層含以下有電梯),住家用,971226.0,295.13,4,2,2,有,有,72500000,245654.0,坡道平面,0.0,0,,RPWNMLPKPHHGFFA58DA,121.45,4.36,12.71,有,1229.0,14.0
南港區,房地(土地+建物),玉成街４８號四樓,39.87,住,,,1110630,土地1建物1車位0,四層,七層,華廈(10層含以下有電梯),住家用,830302.0,136.95,3,2,2,有,無,32680000,238627.0,,0.0,0,其他增建；,RPSOMLOJQHHGFDA97DA,90.66,2.88,10.5,有,,28.0
北投區,房地(土地+建物),永興路一段９號四樓,17.0,住,,,1110618,土地1建物1車位0,四層,五層,公寓(5樓含以下無電梯),住家用,661121.0,80.43,3,2,1,有,無,7350000,91384.0,,0.0,0,陽台外推；,RPWNMLLLQHHGFEA28DA,65.87,0.0,14.56,無,,45.0
大安區,房地(土地+建物),通化街１６５巷１２之３號,29.5,住,,,1110630,土地1建物1車位0,二層,四層,公寓(5樓含以下無電梯),住家用,,69.16,3,2,1,有,無,17600000,254482.0,,0.0,0,,RPQQMLPLNHHGFFA28EA,69.16,0.0,0.0,無,,
士林區,房地(土地+建物),故宮路３４巷１５號,100.78,住,,,1110616,土地1建物1車位0,一層,五層,華廈(10層含以下有電梯),住家用,980416.0,216.27,6,2,3,有,有,61000000,282055.0,,0.0,0,陽台外推；其他增建；,RPXOMLSKQHHGFEA09DA,131.11,0.0,15.11,有,,13.0
士林區,房地(土地+建物),天母北路１３之１號二樓,26.12,住,,,1110612,土地1建物1車位0,二層,七層,華廈(10層含以下有電梯),住家用,660611.0,120.36,4,2,2,有,有,23000000,191093.0,,0.0,0,其他增建；,RPPRMLSJPHHGFEA38DA,99.25,0.0,12.2,有,,45.0
大安區,房地(土地+建物)+車位,樂業街７５號五樓,31.96,住,,,1110628,土地2建物1車位1,五層,十三層,住宅大樓(11層含以上有電梯),住家用,950728.0,231.03,4,2,2,有,有,56800000,274210.0,升降平面,34.83,3000000,陽台外推；,RPTQMLPLNHHGFFA58EA,120.94,6.47,14.02,有,,16.0
內湖區,房地(土地+建物),安泰街１２５巷９號四樓,23.38,住,,,1110625,土地1建物1車位0,四層,八層,華廈(10層含以下有電梯),住家用,860116.0,81.00999999999999,3,2,1,有,有,12650000,156154.0,,0.0,0,陽台外推；夾層；其他增建；,RPOOMLMLPHHGFCA37DA,51.37,2.04,8.02,有,,25.0
大安區,房地(土地+建物),安東街３５巷１７號五樓,7.02,住,,,1110625,土地2建物2車位0,五層,七層,華廈(10層含以下有電梯),住家用,911220.0,28.35,0,1,0,有,有,9800000,345679.0,,0.0,0,陽台外推；夾層；其他增建；,RPSQMLPLNHHGFFA48EA,7.61,0.76,3.71,有,,20.0
大同區,房地(土地+建物),民權西路１６０巷１８弄８號四樓之５,8.0,住,,,1110624,土地1建物1車位0,四層,十八層,住宅大樓(11層含以上有電梯),住家用,1101227.0,60.96,1,1,1,有,有,14500000,237861.0,,0.0,0,,RPWNMLTKQHHGFBA78EA,33.76,2.0,4.99,有,1233.0,
大安區,房地(土地+建物),溫州街８３號二樓之１,32.79,住,,,1110630,土地1建物1車位0,二層,七層,華廈(10層含以下有電梯),住家用,680418.0,116.49,3,2,2,有,無,30000000,257533.0,,0.0,0,,RPVPMLPLNHHGFFA68EA,106.16,0.0,10.33,有,,43.0
大安區,房地(土地+建物),師大路１０２巷８號,8.35,住,,,1110620,土地2建物1車位0,一層,五層,公寓(5樓含以下無電梯),住家用,691212.0,31.35,1,1,1,有,無,13500000,430622.0,,0.0,0,其他增建；,RPSPMLTKQHHGFFA98EA,24.74,0.0,6.61,無,1236.0,42.0
北投區,房地(土地+建物)+車位,中山北路七段２１９巷３弄１９５號二樓,21.81,住,,,1110627,土地1建物2車位1,二層,七層,華廈(10層含以下有電梯),住家用,731022.0,118.83,2,2,2,有,有,18500000,161238.0,坡道平面,25.8,3500000,陽台外移並向外擴大加蓋其他增建；,RPPNMLQJQHHGFEA87DA,96.1,0.0,15.09,有,,38.0
松山區,房地(土地+建物),復興北路４９９巷２弄５號三樓,26.5,住,,,1110626,土地1建物1車位0,三層，露台,四層,公寓(5樓含以下無電梯),住家用,600617.0,88.29,3,2,2,有,無,18380000,208178.0,,0.0,0,陽台外推；其他增建；,RPRPMLNJQHHGFDA87DA,88.29,0.0,0.0,無,1237.0,51.0
中正區,房地(土地+建物)+車位,羅斯福路一段５８巷２０號三樓之７,7.99,住,,,1110620,土地1建物1車位1,三層,八層,華廈(10層含以下有電梯),住家用,1040318.0,87.08,1,0,1,有,有,20280000,232889.0,坡道平面,44.83,0,,RPXQMLPKQHHGFAA58DA,22.09,0.39,4.4,有,1238.0,7.0
文山區,房地(土地+建物),木新路二段１３１號二樓,27.4,住,,,1110630,土地2建物1車位0,二層,五層,公寓(5樓含以下無電梯),住家用,730917.0,109.5,3,2,2,有,無,13900000,126941.0,,0.0,0,,RPXNMLMLQHHGFAA08DA,95.76,0.0,13.74,無,,38.0
士林區,房地(土地+建物),至誠路二段５１巷１號二樓,54.0,住,,,1110627,土地1建物1車位0,二層,五層,公寓(5樓含以下無電梯),住家用,711202.0,142.56,4,2,2,有,無,23000000,161336.0,,0.0,0,其他增建；,RPPNMLQLPHHGFEA97DA,116.66,0.0,13.53,無,,40.0
中正區,房地(土地+建物)+車位,連雲街１５號五樓,23.04,住,,,1110624,土地1建物1車位1,五層,七層,華廈(10層含以下有電梯),住家用,961109.0,112.97,2,1,1,有,有,33000000,313869.0,塔式車位,14.84,2200000,,RPVNMLLLQHHGFBA87DA,54.73,3.26,5.04,有,,15.0
大安區,房地(土地+建物),敦化南路二段１００號二十樓,9.93,住,,,1110625,土地1建物1車位0,二十層,二十六層,住宅大樓(11層含以上有電梯),住家用,741204.0,183.18,2,1,1,有,有,68500000,373949.0,,0.0,0,陽台外推；,RPVQMLPLNHHGFFA78EA,133.68,0.0,21.19,有,,37.0
內湖區,房地(土地+建物),環山路三段１６巷３弄２號二樓,32.29,住,,,1110624,土地4建物1車位0,二層,五層,公寓(5樓含以下無電梯),住家用,691231.0,114.17,3,2,2,有,有,18180000,159236.0,,0.0,0,陽台外推；其他增建；,RPTQMLSKPHHGFCA58DA,98.14,0.0,16.03,無,,41.0
內湖區,房地(土地+建物),行善路２５巷４０弄１０號四樓,49.0,住,,,1110612,土地1建物1車位0,四層,七層,華廈(10層含以下有電梯),住家用,860526.0,129.43,3,2,2,有,有,25000000,193155.0,,0.0,0,,RPSNMLQLPHHGFCA08DA,74.61,0.0,8.44,有,1246.0,25.0
士林區,房地(土地+建物),中山北路六段４１９巷６號,38.5,住,,,1110629,土地1建物1車位0,四層，陽臺,四層,公寓(5樓含以下無電梯),住家用,650319.0,102.08,3,2,1,有,無,17490000,171336.0,,0.0,0,頂樓加蓋；其他增建；,RPVPMLPKPHHGFEA58DA,102.08,0.0,0.0,無,,46.0
士林區,房地(土地+建物),仰德大道一段６巷４７號,54.0,住,,,1110616,土地1建物1車位0,全,一層,透天厝,住家用,590703.0,40.65,1,1,1,有,無,12900000,317343.0,,0.0,0,其他增建；,RPUNMLNLQHHGFEA28DA,40.65,0.0,0.0,無,,52.0
文山區,房地(土地+建物)+車位,福興路１０６巷２８弄１號三樓之２,16.93,住,,,1110611,土地2建物1車位1,三層,十三層,住宅大樓(11層含以上有電梯),住家用,981202.0,110.91,2,2,1,有,有,14850000,176510.0,坡道平面,36.41,1700000,,RPVOMLQLPHHGFAA28DA,44.44,2.33,3.92,有,1248.0,13.0
文山區,房地(土地+建物)+車位,景隆街３６巷２之７號八樓,26.9,,,,1110613,土地2建物1車位1,八層,十五層,住宅大樓(11層含以上有電梯),住家用,820410.0,197.61,4,2,2,有,有,26800000,162523.0,坡道平面,41.94,1500000,陽台外推；其他增建；,RPSOMLNLQHHGFAA77DA,160.94,4.62,14.97,有,,29.0
南港區,房地(土地+建物)+車位,研究院路三段７號,53.17,住,,,1110625,土地1建物1車位1,一層,五層,華廈(10層含以下有電梯),住家用,990921.0,153.54,3,2,2,有,有,19800000,128957.0,坡道平面,43.95,0,陽台外推；夾層；其他增建；,RPOOMLKKQHHGFDA27DA,65.69,0.0,5.33,有,1250.0,12.0
中山區,房地(土地+建物)+車位,民生東路二段９３巷１５號九樓,34.82,住,,,1110626,土地1建物1車位2,九層,十三層,住宅大樓(11層含以上有電梯),住家用,1101201.0,278.99,4,2,2,有,有,64750000,288117.0,坡道平面,75.08,6000000,,RPOPMLOJPHHGFCA47DA,124.07,8.0,13.0,有,,1.0
大同區,房地(土地+建物)+車位,雙連街７５號十五樓,23.06,住,,,1110612,土地1建物1車位2,十五層,十五層,住宅大樓(11層含以上有電梯),住家用,1060726.0,252.2,3,2,2,有,有,57800000,284765.0,坡道平面,71.7,6400000,,RPQNMLRKQHHGFBA87DA,111.98,2.65,11.33,有,,5.0
內湖區,房地(土地+建物)+車位,行善路５９巷２０弄２之１號四樓,82.18,住,,,1110629,土地1建物1車位1,四層,九層,華廈(10層含以下有電梯),住家用,910117.0,227.36,3,2,2,有,有,43000000,189127.0,坡道平面,21.75,0,陽台外推；,RPPOMLPLPHHGFCA77DA,125.76,0.0,15.53,有,,20.0
中正區,房地(土地+建物),廈門街１１３巷１１號六樓,26.53,住,,,1110618,土地1建物1車位0,六層,七層,華廈(10層含以下有電梯),住家用,750115.0,139.28,3,2,2,有,有,30500000,218983.0,,0.0,0,陽台外推；其他增建；,RPROMLNLQHHGFAA67DA,105.85,0.0,12.65,有,1252.0,36.0
中正區,房地(土地+建物)+車位,寧波東街９巷９號五樓,7.99,住,,,1110626,土地1建物1車位1,五層,六層,華廈(10層含以下有電梯),住家用,881028.0,42.33,1,1,1,有,有,13180000,311363.0,塔式車位,16.47,0,陽台外推；其他增建；,RPVPMLTJOHHGFAA48EA,13.32,0.0,2.04,有,,23.0
南港區,房地(土地+建物),玉成街２３５巷２３弄３號五樓,32.21,住,,,1110611,土地1建物1車位0,五層,五層,公寓(5樓含以下無電梯),住家用,731019.0,129.13,4,2,2,有,無,20300000,157206.0,,0.0,0,其他增建；,RPRUMLLJQHHGFDA18DA,106.9,0.0,11.18,無,,38.0
北投區,房地(土地+建物),中央北路一段１９７巷３５號二樓,36.5,住,,,1110605,土地1建物1車位0,二層,四層,公寓(5樓含以下無電梯),住家用,680630.0,116.9,4,2,2,有,無,15000000,128315.0,,0.0,0,陽台加蓋及加鐵窗其他增建；,RPQQMLNLQHHGFEA18DA,101.7,0.0,15.2,無,,43.0
大安區,房地(土地+建物),四維路１８２巷１６號六樓,31.23,住,,,1110625,土地1建物1車位0,六層,六層,華廈(10層含以下有電梯),住家用,741104.0,122.03,4,2,3,有,無,36500000,299107.0,,0.0,0,頂樓加蓋；其他增建；,RPRNMLPJQHHGFFA08DA,102.84,0.0,11.87,有,,37.0
北投區,房地(土地+建物),中和街５２５巷８弄２８號四樓,31.74,住,,,1110627,土地1建物1車位0,四層,四層,公寓(5樓含以下無電梯),住家用,660809.0,85.54,5,3,2,有,無,10000000,116904.0,,0.0,0,陽台外推；頂樓加蓋；其他增建；,RPTNMLMJPHHGFEA77DA,73.68,0.0,11.86,無,1257.0,45.0
萬華區,房地(土地+建物),西園路二段３７２巷２３弄８號四樓,15.34,住,,,1110617,土地1建物1車位0,四層,五層,公寓(5樓含以下無電梯),住家用,650520.0,50.69,2,2,1,有,無,6350000,125271.0,,0.0,0,其他增建；,RPVQMLMJQHHGFBA08DA,40.36,0.0,5.28,無,1258.0,46.0
文山區,房地(土地+建物)+車位,木柵路二段１０９巷１００弄１２號四樓,80.19,住,,,1110625,土地2建物1車位1,四層,七層,華廈(10層含以下有電梯),住家用,850925.0,142.37,3,2,2,有,有,20100000,143745.0,坡道機械,13.67,1600000,陽台外推；,RPXNMLSJQHHGFAA48DA,86.94,2.42,12.36,有,,26.0
內湖區,房地(土地+建物),南京東路六段８７號五樓,49.24,住,,,1110625,土地1建物1車位0,五層,九層,華廈(10層含以下有電梯),住家用,860526.0,130.89999999999998,3,2,2,有,有,23500000,179526.0,,0.0,0,陽台外推；,RPXPMLLJQHHGFCA18DA,74.88,0.0,8.44,有,1260.0,25.0
松山區,房地(土地+建物),市民大道四段３１號五樓,11.81,住,,,1110605,土地1建物1車位0,五層,五層,公寓(5樓含以下無電梯),住家用,700316.0,47.3,2,2,2,有,無,10680000,225793.0,,0.0,0,陽台外推；頂樓加蓋；,RPWOMLLJQHHGFDA18EA,42.13,0.0,5.17,無,,41.0
中正區,房地(土地+建物)+車位,汀州路三段６７號十樓之１,15.74,住,,,1110628,土地2建物1車位1,十層,十二層,住宅大樓(11層含以上有電梯),住家用,1071122.0,141.69,0,0,0,無,有,37500000,264662.0,坡道平面,39.92,0,,RPUOMLOLQHHGFAA08DA,55.44,6.61,5.6,有,,4.0
內湖區,房地(土地+建物),成功路四段６１巷３５弄１１號二樓,28.11,住,,,1110614,土地1建物1車位0,二層,五層,公寓(5樓含以下無電梯),住家用,691203.0,92.61,3,2,1,有,無,16200000,174927.0,,0.0,0,,RPPQMLTKQHHGFCA38DA,82.36,0.0,10.25,無,1262.0,42.0
大安區,房地(土地+建物),仁愛路四段３４５巷１５弄８號三樓,29.46,住,,,1110615,土地1建物1車位0,三層，電梯樓梯間,七層,華廈(10層含以下有電梯),住家用,670325.0,162.82,3,2,2,有,無,46350000,284670.0,,0.0,0,,RPUOMLTLQHHGFFA56EA,151.09,0.0,11.73,有,,44.0
士林區,房地(土地+建物),劍潭路５５巷１０號四樓,23.99,住,,,1110611,土地1建物1車位0,四層,七層,華廈(10層含以下有電梯),住家用,750122.0,128.54,3,2,2,有,有,24000000,186712.0,,0.0,0,陽台加窗陽台外推；其他增建；,RPRNMLQJQHHGFEA08DA,95.91,0.0,12.76,有,,36.0
信義區,房地(土地+建物),吳興街３６號二樓,27.19,住,,,1110626,土地1建物1車位0,二層,六層,華廈(10層含以下有電梯),住家用,830215.0,143.4,4,2,2,有,無,29200000,203626.0,,0.0,0,陽台外推；其他增建；,RPTPMLNJQHHGFDA08DA,111.35,1.95,14.11,有,,28.0
士林區,房地(土地+建物),福國路１９之１號八樓,11.96,住,,,1110626,土地1建物1車位0,八層,十一層,住宅大樓(11層含以上有電梯),住家用,671218.0,81.95,2,2,1,有,有,17850000,217816.0,,0.0,0,陽台外推；,RPPPMLTKPHHGFEA38DA,65.46,0.0,8.15,有,,44.0
大安區,房地(土地+建物),金華街１９９巷３弄４之３號,37.25,住,,,1110630,土地1建物1車位0,四層,四層,公寓(5樓含以下無電梯),住家用,540305.0,102.01,3,2,2,有,無,27110000,265758.0,,0.0,0,,RPQNMLQKQHHGFFA18DA,89.18,0.0,12.83,無,,57.0
中山區,房地(土地+建物),新生北路三段４３號七樓之２,6.57,住,,,1110606,土地2建物1車位0,七層,十一層,住宅大樓(11層含以上有電梯),住家用,670301.0,51.73,1,1,1,有,有,9600000,185579.0,,0.0,0,其他增建；,RPROMLKMQHHGFCA67DA,35.62,0.0,3.09,有,,44.0
文山區,房地(土地+建物),政大二街２１５巷１０號五樓,70.49,住,,,1110621,土地1建物1車位0,五層,九層,華廈(10層含以下有電梯),住家用,920609.0,136.57,3,2,2,有,有,18300000,133997.0,,0.0,0,陽台外推；,RPRPMLKKQHHGFAA37DA,75.06,0.0,8.45,有,1264.0,19.0
士林區,房地(土地+建物),中山北路七段１４１巷２號三樓,29.49,住,,,1110628,土地1建物1車位0,三層,七層,華廈(10層含以下有電梯),住家用,690430.0,151.36,4,2,2,有,有,27060000,178779.0,,0.0,0,陽台外推；,RPSOMLKMQHHGFEA08EA,99.16,0.0,29.86,有,1265.0,42.0
士林區,房地(土地+建物)+車位,天母北路５６號十七樓之２,22.35,住,,,1110618,土地1建物1車位1,十七層,二十四層,住宅大樓(11層含以上有電梯),住家用,1090703.0,222.94,3,2,2,有,有,66000000,344828.0,坡道平面,38.79,2500000,,RPOPMLMLPHHGFEA67DA,95.03,13.67,11.52,有,,2.0
文山區,房地(土地+建物),興隆路二段２０３巷１５３號六樓,26.28,住,,,1110625,土地4建物1車位0,六層,十三層,住宅大樓(11層含以上有電梯),住家用,1030808.0,94.38,2,2,1,有,有,19000000,201314.0,,0.0,0,陽台外推；,RPUNMLKKQHHGFAA47DA,56.18,0.0,7.97,有,1266.0,8.0
松山區,房地(土地+建物),八德路四段２５８號三樓,21.58,住,,,1110612,土地2建物1車位0,三層,五層,公寓(5樓含以下無電梯),住家用,680227.0,77.0,2,2,1,有,無,15020000,195065.0,,0.0,0,陽台外推；其他增建；,RPPOMLOJQHHGFDA67DA,66.0,0.0,11.0,無,,43.0
中山區,房地(土地+建物),建國北路一段２３巷５３號三樓,12.46,住,,,1110626,土地1建物1車位0,三層,八層,華廈(10層含以下有電梯),住家用,830304.0,45.55,1,1,1,有,無,11090000,243469.0,,0.0,0,其他增建:露台加蓋再向外加蓋之增建物陽台外推；其他增建；,RPVPMLQKOHHGFCA48EA,24.05,4.49,3.72,有,,28.0
南港區,房地(土地+建物)+車位,南港路二段１５２號十三樓,29.95,住,,,1110626,土地1建物1車位1,十三層,十九層,住宅大樓(11層含以上有電梯),住家用,851022.0,159.70000000000002,3,2,2,有,有,31880000,256549.0,坡道平面,45.18,2500000,,RPQPMLLJQHHGFDA67EA,124.53,1.0,12.08,有,,26.0
北投區,房地(土地+建物)+車位,吉利街３５９號九樓,44.91,住,,,1110627,土地1建物1車位2,九層，見其他登記事項,九層,華廈(10層含以下有電梯),住家用,1030605.0,224.2,7,2,6,有,有,46500000,216396.0,升降機械,23.18,3000000,雨遮加蓋陽台外推；夾層；其他增建；,RPSPMLKMQHHGFEA08DA,88.92,7.3,25.39,有,1279.0,8.0
大安區,房地(土地+建物)+車位,溫州街５巷２之１號三樓之１,16.81,住,,,1110626,土地1建物1車位1,三層,五層,華廈(10層含以下有電梯),住家用,960215.0,78.09,1,1,1,有,有,18880000,241772.0,塔式車位,17.6,0,陽台外推；其他增建；,RPSNMLMLQHHGFFA08DA,30.26,1.64,7.22,有,,15.0
大安區,房地(土地+建物),建國南路一段３１１號二樓之１,12.88,住,,,1110625,土地1建物1車位0,二層,十四層,住宅大樓(11層含以上有電梯),住家用,750520.0,98.08,1,2,1,有,有,28880000,294484.0,,0.0,0,陽台外推；其他增建；,RPQOMLLMQHHGFFA97DA,70.74,1.76,10.75,有,1289.0,36.0
中正區,房地(土地+建物),羅斯福路三段８４巷１７號五樓,17.4,住,,,1110617,土地2建物1車位0,五層,五層,公寓(5樓含以下無電梯),住家用,730827.0,81.84,2,1,1,有,無,14300000,174731.0,,0.0,0,,RPRNMLLJRHHGFAA27DA,57.84,17.18,4.9,無,,38.0
大安區,房地(土地+建物),青田街２巷１６號六樓,11.53,住,,,1110613,土地1建物1車位0,六層,六層,華廈(10層含以下有電梯),住家用,970107.0,49.46,3,1,1,有,有,21000000,424586.0,,0.0,0,陽台外推；其他增建；,RPXNMLMJRHHGFFA48DA,17.19,3.28,10.1,有,1294.0,14.0
內湖區,房地(土地+建物)+車位,民權東路六段１８９號五樓,65.22,住,,,1110613,土地2建物1車位1,五層,十一層,住宅大樓(11層含以上有電梯),住家用,971023.0,251.1,4,2,2,有,有,54000000,215054.0,坡道平面,0.0,0,,RPVNMLPKQHHGFCA28DA,143.33,14.31,14.53,有,,14.0
南港區,房地(土地+建物)+車位,成福路７４巷８號五樓之２,38.33,住,,,1110626,土地1建物1車位1,五層,七層,華廈(10層含以下有電梯),住家用,1060710.0,189.33,2,2,2,有,無,43050000,280669.0,坡道平面,45.21,2600000,,RPQNMLSJPHHGFDA97DA,73.63,2.29,14.1,有,,5.0
文山區,房地(土地+建物)+車位,育英街７９號六樓,15.65,住,,,1110619,土地1建物1車位1,六層,七層,華廈(10層含以下有電梯),住家用,1091225.0,80.72,1,1,1,有,有,17580000,243162.0,升降機械,14.18,1400000,,RPSNMLQJRHHGFAA87DA,37.84,2.88,4.74,有,,1.0
萬華區,房地(土地+建物)+車位,環河南路三段１３５號七樓,28.82,住,,,1110507,土地1建物1車位1,七層,十三層,住宅大樓(11層含以上有電梯),住家用,1050419.0,231.27,3,2,3,有,有,33400000,153643.0,升降平面,26.9,2000000,,RPQPMLRJOHHGFBA77DA,116.12,5.14,14.26,有,,6.0
信義區,房地(土地+建物),忠孝東路五段４２３巷５弄２４號四樓之１,10.76,住,,,1110514,土地1建物1車位0,四層,五層,華廈(10層含以下有電梯),住家用,881005.0,37.85,1,1,1,有,有,10630000,280845.0,,0.0,0,陽台外推；其他增建；,RPPNMLRLNHHGFDA77DA,24.61,0.88,2.49,有,,23.0
大安區,房地(土地+建物),潮州街１０７巷６之３號,34.25,住,,,1110521,土地1建物1車位0,四層,四層,公寓(5樓含以下無電梯),住家用,580108.0,86.13,3,2,2,有,無,19500000,226402.0,,0.0,0,頂樓加蓋；,RPSNMLRJOHHGFFA18DA,86.13,0.0,0.0,無,,53.0
大安區,房地(土地+建物)+車位,瑞安街２５６巷１０號八樓,43.41,住,,,1110502,土地1建物1車位2,八層,九層,華廈(10層含以下有電梯),住家用,971106.0,274.95000000000005,4,2,2,有,有,83080000,362700.0,坡道平面,65.19,7000000,陽台外推；其他增建；,RPOOMLNJNHHGFFA47EA,121.96,14.38,12.99,有,1299.0,13.0
內湖區,房地(土地+建物)+車位,文德路２７３號九樓,25.0,住,,,1110501,土地2建物1車位2,九層,十四層,住宅大樓(11層含以上有電梯),住家用,961130.0,156.75,3,2,2,有,有,32900000,244461.0,坡道機械,34.44,3000000,,RPQPMLKLNHHGFCA27DA,76.36,3.79,8.05,有,1301.0,14.0
內湖區,房地(土地+建物),康寧路三段９９巷３９弄５０號五樓,35.17,住,,,1110508,土地1建物1車位0,五層,八層,華廈(10層含以下有電梯),住家用,840511.0,126.65,3,2,2,有,有,24880000,196447.0,,0.0,0,,RPTPMLLMNHHGFCA77DA,83.81,0.0,10.78,有,,27.0
中山區,房地(土地+建物),新生北路三段４３號十樓之１６,6.57,住,,,1110513,土地2建物1車位0,十層,十一層,住宅大樓(11層含以上有電梯),住家用,670301.0,51.73,0,0,0,無,有,8250000,159482.0,,0.0,0,陽台外推；,RPQOMLSJOHHGFCA87DA,35.62,0.0,3.09,有,1304.0,44.0
中山區,房地(土地+建物),吉林路４４７巷２１號三樓,33.25,住,,,1110501,土地1建物1車位0,三層,四層,公寓(5樓含以下無電梯),住家用,640319.0,95.24,3,2,2,有,無,15400000,161697.0,,0.0,0,陽台外推；,RPRQMLTJOHHGFCA28DA,83.48,0.0,11.76,無,,47.0
北投區,房地(土地+建物),泉源路３９之４３號五樓之１,10.18,住,,,1110530,土地2建物1車位0,五層,十一層,住宅大樓(11層含以上有電梯),住家用,740117.0,70.33,1,1,1,有,有,7700000,109468.0,,0.0,0,,RPVOMLRJOHHGFEA48DA,49.64,0.0,10.55,有,1305.0,37.0
士林區,房地(土地+建物),承德路四段２９４號十二樓,19.28,住,,,1110521,土地1建物1車位0,十二層,十二層,住宅大樓(11層含以上有電梯),住家用,770715.0,144.46,3,2,2,有,有,26200000,181365.0,,0.0,0,,RPSOMLKKOHHGFEA67EA,110.25,3.57,8.22,有,1307.0,34.0
大安區,房地(土地+建物)+車位,新生南路一段１４５號四樓之２,10.07,住,,,1110511,土地1建物1車位1,四層,十二層,住宅大樓(11層含以上有電梯),住家用,1100325.0,84.46000000000001,1,1,1,有,有,33888888,458701.0,升降機械,16.03,2500000,,RPWOMLSJOHHGFFA78DA,37.03,3.34,3.98,有,,1.0
北投區,房地(土地+建物),致遠一路一段７８號四樓之１,13.79,住,,,1110503,土地1建物1車位0,四層,七層,華廈(10層含以下有電梯),住家用,1030303.0,63.02,1,1,1,有,有,15750000,249921.0,,0.0,0,陽台外推；,RPUOMLTJOHHGFEA68EA,30.93,2.17,5.97,有,1309.0,8.0
信義區,房地(土地+建物),信安街１０３巷８號四樓之３,26.97,住,,,1110505,土地1建物1車位0,四層,五層,華廈(10層含以下有電梯),住家用,1100618.0,54.099999999999994,1,1,1,有,有,15900000,293900.0,,0.0,0,,RPTOMLLJOHHGFDA57DA,28.91,2.73,3.12,有,1310.0,1.0
南港區,房地(土地+建物)+車位,街８號十一樓之６,14.38,住,,,1110502,土地1建物1車位1,十一層,十四層,住宅大樓(11層含以上有電梯),住家用,980611.0,98.34,2,2,1,有,有,25080000,255034.0,坡道機械,16.53,0,,RPRPMLRJOHHGFDA08DA,47.33,3.51,5.21,有,,13.0
大安區,房地(土地+建物)+車位,大安路二段８２號十三樓,49.57,住,,,1110515,土地1建物1車位2,十三層,二十一層,住宅大樓(11層含以上有電梯),住家用,1100831.0,369.67,4,2,2,有,有,153200000,484732.0,坡道平面,68.06,7000000,二個停車位未拆分單價,RPSOMLRJOHHGFFA28DA,172.94,10.41,17.39,有,,1.0
士林區,房地(土地+建物),福港街１６８之１號二樓,29.55,住,,,1110503,土地1建物1車位0,二層,五層,公寓(5樓含以下無電梯),住家用,700907.0,120.32,3,2,2,有,無,17270000,143534.0,,0.0,0,陽台外推；其他增建；,RPQNMLTKNHHGFEA08DA,100.92,0.0,9.89,無,,41.0
大安區,房地(土地+建物),四維路１７０巷３６號八樓之１２,6.7,住,,,1110518,土地1建物1車位0,八層,八層,華廈(10層含以下有電梯),住家用,980115.0,35.510000000000005,1,1,1,有,有,10900000,306956.0,,0.0,0,夾層；其他增建；,RPPOMLTJOHHGFFA18DA,19.21,1.07,2.66,有,,13.0
北投區,房地(土地+建物),建民路１６１之１４號六樓,13.06,住,,,1110502,土地1建物1車位0,六層，陽台,七層,華廈(10層含以下有電梯),住家用,650907.0,60.07,2,2,1,有,有,13600000,226403.0,,0.0,0,陽台外推；,RPVQMLKKOHHGFEA08DA,60.07,0.0,0.0,有,,46.0
北投區,房地(土地+建物)+車位,中央北路四段５８３巷１０號四樓,75.06,住,,,1110506,土地1建物1車位1,四層,五層,華廈(10層含以下有電梯),住家用,1031002.0,164.19,3,2,2,有,有,25000000,152263.0,一樓平面,0.0,0,,RPRRMLLJOHHGFEA77DA,89.48,12.15,7.65,有,1315.0,8.0
大安區,房地(土地+建物),通安街１１８巷４號三樓,47.31,住,,,1110503,土地1建物1車位0,三層,九層,華廈(10層含以下有電梯),住家用,881214.0,209.57,3,2,2,有,有,50710000,241972.0,,0.0,0,陽台外推；其他增建；,RPOPMLKLNHHGFFA37DA,115.36,0.0,9.98,有,,22.0
北投區,房地(土地+建物)+車位,公路１６１巷３號四樓,24.63,住,,,1110525,土地2建物1車位1,四層,七層,華廈(10層含以下有電梯),住家用,1040717.0,119.25,2,2,1,有,有,18620000,156143.0,塔式車位,15.27,0,格局變更,RPRPMLLMNHHGFEA77DA,51.72,7.73,4.06,有,1318.0,7.0
萬華區,房地(土地+建物),中華路二段４８４巷８號十樓,23.18,住,,,1110502,土地1建物1車位0,十層,十層,華廈(10層含以下有電梯),住家用,800103.0,121.79,3,2,2,有,有,23800000,195418.0,,0.0,0,,RPPOMLTJOHHGFBA77DA,85.12,0.0,12.67,有,,31.0
內湖區,房地(土地+建物),東湖路１１３巷９５弄３８號五樓,36.46,住,,,1110525,土地1建物1車位0,五層,五層,公寓(5樓含以下無電梯),住家用,770303.0,120.94,3,2,2,有,有,15000000,124028.0,,0.0,0,,RPROMLQJOHHGFCA77DA,92.52,14.8,10.09,無,,34.0
文山區,房地(土地+建物),福興路４巷６弄３０號五樓,37.45,住,,,1110504,土地1建物1車位0,五層,五層,公寓(5樓含以下無電梯),住家用,721006.0,106.47,6,3,4,有,無,14000000,131492.0,,0.0,0,頂樓加蓋；,RPQOMLNLNHHGFAA27DA,89.89,0.0,12.96,無,,39.0
文山區,房地(土地+建物)+車位,試院路１５６之２號二樓,52.16,住,,,1110519,土地2建物1車位1,二層，電梯樓梯間,六層,華廈(10層含以下有電梯),住家用,860501.0,131.4,3,2,2,有,有,18320000,139422.0,坡道平面,0.0,2000000,陽台外推；其他增建；,RPVQMLTJOHHGFAA48DA,78.49,2.52,9.03,有,1323.0,25.0
中山區,房地(土地+建物),大直街６２巷５弄８號五樓,29.8,住,,,1110501,土地1建物1車位0,五層,五層,公寓(5樓含以下無電梯),住家用,670627.0,110.03,4,1,2,有,無,19680000,178860.0,,0.0,0,,RPTPMLRLNHHGFCA28DA,95.58,0.0,14.45,無,,44.0
信義區,房地(土地+建物),忠孝東路五段７９０巷３４號二樓,39.24,住,,,1110502,土地1建物1車位0,二層,五層,公寓(5樓含以下無電梯),住家用,700131.0,144.45,0,0,0,無,無,26500000,183454.0,,0.0,0,,RPXOMLLKNHHGFDA08EA,120.52,0.0,23.93,無,,41.0
士林區,房地(土地+建物),中山北路七段１１４巷６０弄４號五樓之２,30.84,住,,,1110508,土地1建物1車位0,五層,七層,華廈(10層含以下有電梯),住家用,720425.0,155.95,3,2,2,有,有,25250000,161911.0,,0.0,0,陽台外推；其他增建；,RPORMLLJOHHGFEA47DA,103.06,1.86,20.92,有,,39.0
信義區,房地(土地+建物),大道路５８巷２號二樓,32.95,住,,,1110508,土地1建物1車位0,二層,四層,公寓(5樓含以下無電梯),住家用,660118.0,95.62,3,2,1,有,無,22060000,230705.0,,0.0,0,,RPOPMLLKNHHGFDA27EA,85.96,0.0,9.66,無,,45.0
文山區,房地(土地+建物)+車位,木新路三段５０巷１０弄３之１號二樓,30.64,住,,,1110509,土地1建物1車位1,二層,十二層,住宅大樓(11層含以上有電梯),住家用,1050129.0,149.49,3,2,1,有,有,21760000,145562.0,坡道平面,0.0,0,,RPQOMLNKOHHGFAA37EA,62.66,0.0,10.03,有,1325.0,6.0
萬華區,房地(土地+建物),莒光路３００巷６弄３之３號四樓,29.88,住,,,1110508,土地1建物1車位0,四層,五層,公寓(5樓含以下無電梯),住家用,780130.0,102.37,3,2,1,有,無,16300000,159226.0,,0.0,0,陽台外推；,RPSNMLLMNHHGFBA37DA,90.52,0.0,5.58,無,,33.0
文山區,房地(土地+建物),興隆路四段５８巷２６弄３號三樓,24.79,住,,,1110509,土地1建物1車位0,三層,八層,華廈(10層含以下有電梯),住家用,810617.0,88.21,3,2,1,有,有,16500000,187054.0,,0.0,0,陽台外推；其他增建；,RPXNMLKLNHHGFAA57DA,65.96,2.11,9.14,有,,30.0
北投區,房地(土地+建物)+車位,尊賢街２３０巷１５號三樓,31.69,住,,,1110523,土地1建物1車位1,三層,六層,華廈(10層含以下有電梯),住家用,960103.0,160.78,3,2,2,有,無,25000000,155492.0,升降平面,0.0,2000000,陽台外推；,RPPRMLKKOHHGFEA57DA,78.99,0.0,13.87,有,,15.0
信義區,房地(土地+建物),忠孝東路四段５５３巷２２弄４號二樓,16.16,住,,,1110525,土地1建物1車位0,二層,七層,華廈(10層含以下有電梯),住家用,670203.0,87.16,2,1,2,有,無,21200000,243231.0,,0.0,0,陽台外推；,RPUPMLQLNHHGFDA38DA,66.8,0.0,11.34,有,1328.0,44.0
士林區,房地(土地+建物)+車位,承德路四段３巷２９號二樓,20.2,住,,,1110522,土地1建物1車位1,二層,五層,公寓(5樓含以下無電梯),住家用,840307.0,82.19,1,1,1,有,有,11700000,142353.0,升降機械,0.0,0,親屬間買賣交易,RPPNMLOKOHHGFEA67EA,40.53,1.8,5.43,無,,27.0
松山區,房地(土地+建物)+車位,市民大道四段３９之３號二十二樓,60.47,住,,,1110508,土地2建物1車位3,二十二層,二十三層,住宅大樓(11層含以上有電梯),住家用,1090102.0,449.81,2,2,3,有,有,251300000,725627.0,坡道平面,121.68,13200000,,RPUPMLRJOHHGFDA38DA,180.31,8.8,24.4,有,,2.0
內湖區,房地(土地+建物)+車位,文德路６６巷５３弄５號五樓,41.1,住,,,1110515,土地1建物1車位1,五層,七層,華廈(10層含以下有電梯),住家用,821118.0,180.01,3,2,2,有,有,30900000,171657.0,升降平面,0.0,2000000,,RPSQMLKKOHHGFCA57DA,99.76,1.4,12.25,有,,28.0
北投區,房地(土地+建物),東華街二段１９０號三樓,30.04,住,,,1110502,土地1建物1車位0,三層,五層,公寓(5樓含以下無電梯),住家用,731101.0,111.89,3,2,2,有,無,20000000,178747.0,,0.0,0,陽台外推；,RPOOMLRJOHHGFEA77DA,87.57,0.0,11.36,無,,38.0
士林區,房地(土地+建物),福志路１０６號五樓,31.0,住,,,1110525,土地1建物1車位0,五層,五層,公寓(5樓含以下無電梯),住家用,700129.0,102.11,3,2,2,有,無,20000000,195867.0,,0.0,0,陽台外推；頂樓加蓋；,RPSNMLOKOHHGFEA97EA,94.99,0.0,7.12,無,,41.0
信義區,房地(土地+建物),吳興街１５６巷３４號,29.25,住,,,1110523,土地1建物1車位0,一層，平台,四層,公寓(5樓含以下無電梯),住家用,631125.0,69.08,1,2,1,有,無,21780000,315287.0,,0.0,0,其他增建；,RPROMLSJOHHGFDA08DA,69.08,0.0,0.0,無,1333.0,47.0
內湖區,房地(土地+建物),康寧路一段１５６巷３２弄５號四樓,31.19,住,,,1110510,土地1建物1車位0,四層,四層,公寓(5樓含以下無電梯),住家用,661110.0,84.47,3,2,1,有,無,13600000,161004.0,,0.0,0,,RPXPMLQJOHHGFCA48DA,73.53,0.0,10.94,無,,45.0
信義區,房地(土地+建物),信義路六段１２巷４３號五樓,27.8,住,,,1110509,土地1建物1車位0,五層,五層,公寓(5樓含以下無電梯),住家用,680213.0,86.03,5,0,5,有,無,17080000,198535.0,,0.0,0,陽台外推；頂樓加蓋；其他增建；,RPROMLPLNHHGFDA87DA,60.82,10.79,14.42,無,,43.0
士林區,房地(土地+建物)+車位,天母北路５６號二十三樓,21.67,住,,,1110513,土地1建物1車位1,二十三層,二十四層,住宅大樓(11層含以上有電梯),住家用,1090703.0,216.32,2,2,2,有,有,66000000,350082.0,坡道平面,38.79,3850000,,RPSRMLLJOHHGFEA87DA,95.03,7.12,13.71,有,,2.0
內湖區,房地(土地+建物),陽光街１６１巷１２之６號二樓,30.44,住,,,1110511,土地1建物1車位0,二層,五層,華廈(10層含以下有電梯),住家用,1080716.0,59.120000000000005,2,1,1,有,有,13750000,232578.0,,0.0,0,,RPQQMLKKOHHGFCA37DA,31.28,0.0,4.86,有,1337.0,3.0
北投區,房地(土地+建物),石牌路二段３１５巷２７號三樓,18.51,住,,,1110507,土地1建物1車位0,三層,五層,華廈(10層含以下有電梯),住家用,851120.0,55.39,1,1,1,有,有,9950000,179635.0,,0.0,0,鐵窗其他增建；,RPPPMLNKOHHGFEA67DA,36.6,2.15,4.57,有,1338.0,25.0
松山區,房地(土地+建物)+車位,長春路３４５號十二樓,26.4,住,,,1110505,土地1建物1車位1,十二層,十四層,住宅大樓(11層含以上有電梯),住家用,760929.0,230.23,0,0,0,無,有,41552000,180473.0,坡道平面,0.0,0,,RPSNMLPKOHHGFDA97EA,186.74,0.0,17.71,有,,35.0
大安區,房地(土地+建物)+車位,仁愛路四段１１５號三樓,33.78,住,,,1110509,土地2建物1車位1,三層,十四層,住宅大樓(11層含以上有電梯),住家用,770502.0,295.44,3,2,3,有,有,110000000,369268.0,坡道平面,9.75,4500000,車位編號:46號,RPWNMLNKOHHGFFA28DA,214.12,0.0,35.86,有,,34.0
北投區,房地(土地+建物),立農街二段２０２巷３弄６號四樓,37.0,住,,,1110505,土地1建物1車位0,四層，陽台,四層,公寓(5樓含以下無電梯),住家用,651228.0,110.55,3,2,2,有,無,18600000,168250.0,,0.0,0,陽台外推；其他增建；,RPVNMLSKNHHGFEA48DA,110.55,0.0,0.0,無,,45.0
內湖區,房地(土地+建物),康樂街１３６巷２９弄４２號五樓,31.58,住,,,1110515,土地1建物1車位0,五層,五層,公寓(5樓含以下無電梯),住家用,750613.0,117.62,4,2,2,有,無,14000000,119027.0,,0.0,0,陽台外推；頂樓加蓋；,RPWQMLKKOHHGFCA97DA,99.28,0.0,9.04,無,,36.0
內湖區,房地(土地+建物),環山路一段１３６巷３１號四樓,33.98,住,,,1110509,土地2建物1車位0,四層,四層,公寓(5樓含以下無電梯),住家用,690131.0,93.83,4,4,3,有,無,16800000,179047.0,,0.0,0,,RPSPMLNKOHHGFCA77DA,82.53,0.0,11.3,無,,42.0
內湖區,房地(土地+建物),陽光街７４號三樓,35.57,住,,,1110516,土地1建物1車位0,三層,五層,公寓(5樓含以下無電梯),住家用,740715.0,88.79,3,2,2,有,無,10000000,112625.0,,0.0,0,,RPUOMLOKOHHGFCA08EA,82.02,0.0,6.77,無,,37.0
萬華區,房地(土地+建物),萬大路９０巷７號九樓之５,20.24,住,,,1110515,土地1建物1車位0,九層,十層,華廈(10層含以下有電梯),住家用,980525.0,87.52,2,2,1,有,有,19080000,218007.0,,0.0,0,,RPOPMLLMNHHGFBA17DA,53.02,0.0,7.35,有,,13.0
文山區,房地(土地+建物)+車位,忠順街一段４８巷５弄８號二樓,23.67,住,,,1110511,土地1建物1車位1,二層,十層,華廈(10層含以下有電梯),住家用,870119.0,125.44,2,2,1,有,有,18500000,193283.0,坡道平面,42.66,2500000,,RPVOMLQJOHHGFAA97DA,59.14,0.0,7.93,有,1345.0,24.0
松山區,房地(土地+建物),南京東路五段２５０巷２弄１６之３號,9.69,住,,,1110513,土地1建物1車位0,一層，平台,六層,華廈(10層含以下有電梯),住家用,650609.0,41.2,0,1,1,有,有,15000000,364078.0,,0.0,0,其他增建；,RPTOMLMJOHHGFDA67DA,41.2,0.0,0.0,有,1346.0,46.0
文山區,房地(土地+建物)+車位,秀明路一段１９９號四樓,33.56,住,,,1110529,土地1建物1車位1,四層,十二層,住宅大樓(11層含以上有電梯),住家用,970512.0,193.75,4,2,2,有,有,32680000,196612.0,坡道平面,40.25,2500000,陽台外推；其他增建；,RPUNMLNKOHHGFAA57DA,95.94,2.88,10.21,有,,14.0
內湖區,房地(土地+建物),大湖山莊街２３２號七樓,8.43,住,,,1110526,土地1建物1車位0,七層,十層,華廈(10層含以下有電梯),住家用,820729.0,35.47,1,0,1,有,有,6650000,187482.0,,0.0,0,,RPRNMLPKOHHGFCA77EA,20.97,0.0,6.0,有,,29.0
大安區,房地(土地+建物),金山南路二段１５９巷２９號三樓,18.88,住,,,1110514,土地1建物1車位0,三層,六層,華廈(10層含以下有電梯),住家用,1010424.0,87.03999999999999,2,2,1,有,無,34500000,396369.0,,0.0,0,陽台外推；,RPQNMLPKOHHGFFA97EA,44.91,1.88,7.89,有,1348.0,10.0
內湖區,房地(土地+建物),內湖路一段９１巷６３號三樓,32.12,住,,,1110519,土地3建物1車位0,三層,五層,公寓(5樓含以下無電梯),住家用,711228.0,114.91,4,2,2,有,無,15150000,131842.0,,0.0,0,陽台外推；,RPSQMLQJOHHGFCA08DA,94.81,0.0,20.1,無,1349.0,39.0
內湖區,房地(土地+建物),東湖路１１９巷５０弄１７號三樓,31.79,住,,,1110530,土地1建物1車位0,三層,五層,公寓(5樓含以下無電梯),住家用,731106.0,114.21,3,2,2,有,無,16050000,140531.0,,0.0,0,,RPRTMLQKOHHGFCA38DA,92.18,0.0,12.63,無,,38.0
松山區,房地(土地+建物)+車位,復興北路４２７巷２５號十一樓之９,7.35,住,,,1110516,土地1建物1車位1,十一層,十一層,住宅大樓(11層含以上有電梯),住家用,971013.0,45.33,1,1,1,有,有,10300000,227223.0,塔式車位,11.47,0,陽台外推；夾層；,RPPOMLPKOHHGFDA67DA,17.19,1.25,2.1,有,,14.0
大同區,房地(土地+建物),環河北路二段２１３巷１號,34.75,住,,,1110504,土地2建物1車位0,一層,四層,公寓(5樓含以下無電梯),住家用,660608.0,122.29,3,2,2,有,無,21000000,171723.0,,0.0,0,其他增建；,RPPOMLRLNHHGFBA67DA,108.94,13.35,0.0,無,,45.0
內湖區,房地(土地+建物),內湖路一段２８５巷６７弄８號三樓,27.0,住,,,1110509,土地1建物1車位0,三層,四層,公寓(5樓含以下無電梯),住家用,670131.0,74.95,3,2,1,有,無,14380000,191861.0,,0.0,0,,RPQQMLPLNHHGFCA87DA,67.32,0.0,7.63,無,1353.0,44.0
北投區,房地(土地+建物)+車位,中山北路七段２１９巷３弄２３號三樓,37.01,住,,,1110514,土地3建物1車位1,三層,七層,華廈(10層含以下有電梯),住家用,740204.0,187.5,3,3,2,有,有,24800000,164737.0,坡道平面,58.81,3600000,陽台外推；,RPSQMLLJOHHGFEA77DA,169.89,0.0,11.84,有,,37.0
萬華區,房地(土地+建物),青年路１６８巷２１號四樓,13.47,住,,,1110514,土地2建物1車位0,四層，陽台,五層,公寓(5樓含以下無電梯),住家用,640523.0,43.989999999999995,1,1,1,有,有,5600000,127302.0,,0.0,0,其他增建；,RPOQMLSJOHHGFBA77DA,37.87,0.0,0.0,無,1355.0,47.0
松山區,房地(土地+建物)+車位,長春路３４３號十三樓,27.86,住,,,1110505,土地1建物1車位1,十三層,十四層,住宅大樓(11層含以上有電梯),住家用,760929.0,238.89,0,0,0,無,有,43648000,182712.0,坡道平面,0.0,0,,RPUNMLPKOHHGFDA18EA,195.22,0.0,17.26,有,,35.0
南港區,房地(土地+建物),經貿二路２３５巷６３號二樓,22.46,住,,,1110515,土地1建物1車位0,二層,十二層,住宅大樓(11層含以上有電梯),住家用,990409.0,91.07,2,1,1,有,有,27500000,301966.0,,0.0,0,其他增建；,RPROMLLJOHHGFDA37DA,53.83,4.81,5.22,有,,12.0
松山區,房地(土地+建物)+車位,長春路３４７號十三樓,22.0,住,,,1110505,土地1建物1車位1,十三層,十四層,住宅大樓(11層含以上有電梯),住家用,760929.0,206.01,0,0,0,無,有,35696000,173273.0,坡道平面,0.0,0,,RPVNMLPKOHHGFDA28EA,168.97,0.0,12.51,有,,35.0
松山區,房地(土地+建物)+車位,長春路３４７號十一樓,22.0,住,,,1110512,土地1建物1車位1,十一層,十四層,住宅大樓(11層含以上有電梯),住家用,760929.0,206.01,0,0,0,無,有,31934000,155012.0,坡道平面,0.0,0,,RPWNMLPKOHHGFDA38EA,168.97,0.0,12.51,有,,35.0
大安區,房地(土地+建物),瑞安街１８０巷４弄２號三樓,41.58,住,,,1110502,土地1建物1車位0,三層,五層,公寓(5樓含以下無電梯),住家用,720704.0,145.43,4,2,2,有,無,30200000,207660.0,,0.0,0,陽台外推；,RPUNMLPKOHHGFFA28DA,117.04,0.0,14.23,無,,39.0
北投區,房地(土地+建物),文林北路１０號六樓之１,44.58,住,,,1110502,土地2建物1車位0,六層,十四層,住宅大樓(11層含以上有電梯),住家用,1021021.0,193.59,3,2,2,有,有,40500000,209205.0,,0.0,0,有車位使用權，定期抽籤2年一次,RPVNMLQKNHHGFEA28DA,102.99,0.0,14.07,有,1356.0,9.0
北投區,房地(土地+建物),立農街二段２７３巷１５號五樓,26.12,住,,,1110510,土地1建物1車位0,五層,五層,公寓(5樓含以下無電梯),住家用,680320.0,86.94,7,0,7,有,無,20600000,236945.0,,0.0,0,陽台外推；頂樓加蓋；其他增建；,RPPNMLOLNHHGFEA57DA,76.36,0.0,10.58,無,,43.0
松山區,房地(土地+建物)+車位,長春路３４７號十二樓,22.0,住,,,1110505,土地1建物1車位1,十二層,十四層,住宅大樓(11層含以上有電梯),住家用,760929.0,206.01,0,0,0,無,有,35696000,173273.0,坡道平面,0.0,0,,RPTNMLPKOHHGFDA08EA,168.97,0.0,12.51,有,,35.0
北投區,房地(土地+建物),知行路２２５巷９號四樓,18.47,住,,,1110530,土地1建物1車位0,四層,五層,公寓(5樓含以下無電梯),住家用,681227.0,74.06,3,1,1,有,無,7850000,105995.0,,0.0,0,,RPXNMLOKOHHGFEA38DA,56.24,0.0,17.82,無,,42.0
萬華區,房地(土地+建物),國興路２號五樓,16.78,住,,,1110518,土地1建物1車位0,五層,十二層,住宅大樓(11層含以上有電梯),住家用,680403.0,59.84,2,1,1,有,有,10600000,177139.0,,0.0,0,,RPTNMLTLNHHGFBA18DA,52.57,0.0,7.27,有,,43.0
信義區,房地(土地+建物),嘉興街２３９號四樓,23.5,住,,,1110509,土地1建物1車位0,四層,四層,公寓(5樓含以下無電梯),住家用,571226.0,62.03,8,0,8,有,無,13200000,212800.0,,0.0,0,頂樓加蓋；,RPQPMLKLNHHGFDA37DA,62.03,0.0,0.0,無,1361.0,53.0
文山區,房地(土地+建物),秀明路一段１８５巷５２號,250.04,住,,,1110524,土地1建物1車位0,全,三層,透天厝,住家用,800211.0,401.86,5,3,5,有,無,63000000,156771.0,,0.0,0,,RPPNMLQKOHHGFAA47EA,263.93,102.79,35.14,無,,31.0
萬華區,房地(土地+建物),西園路二段２８１巷２９號三樓,36.75,住,,,1110517,土地1建物1車位0,三層,四層,公寓(5樓含以下無電梯),住家用,621210.0,92.02,3,2,2,有,無,12600000,136927.0,,0.0,0,其他增建；,RPVPMLSJOHHGFBA38DA,92.02,0.0,0.0,無,1363.0,48.0
大安區,房地(土地+建物)+車位,新生南路一段１０３巷７號,36.86,住,,,1110506,土地1建物1車位1,一層,七層,華廈(10層含以下有電梯),住家用,620320.0,154.05,0,0,0,無,無,65750000,426809.0,坡道平面,0.0,0,,RPUNMLKMNHHGFFA87DA,136.3,0.0,17.75,有,1364.0,49.0
內湖區,房地(土地+建物)+車位,內湖路三段６０巷１２弄７１號六樓之２,34.42,住,,,1110509,土地1建物1車位1,六層,十六層,住宅大樓(11層含以上有電梯),住家用,810623.0,193.12,4,2,2,有,有,28500000,160000.0,坡道機械,24.38,1500000,,RPTOMLOKOHHGFCA87DA,130.71,1.72,16.83,有,,30.0
松山區,房地(土地+建物)+車位,長春路３４５號十三樓,26.4,住,,,1110505,土地1建物1車位1,十三層,十四層,住宅大樓(11層含以上有電梯),住家用,760929.0,230.23,0,0,0,無,有,41552000,180473.0,坡道平面,0.0,0,,RPXNMLPKOHHGFDA48EA,186.74,0.0,17.71,有,,35.0
萬華區,房地(土地+建物)+車位,萬大路４２３巷３０弄１７號二樓,33.57,住,,,1110527,土地1建物1車位1,二層,十六層,住宅大樓(11層含以上有電梯),住家用,870824.0,148.66,3,2,2,有,有,21000000,141262.0,坡道平面,0.0,0,陽台外推；其他增建；,RPSNMLPKOHHGFBA67DA,76.73,2.17,7.27,有,,24.0
文山區,房地(土地+建物)+車位,政大二街１７１巷５２號,71.92,住,,,1110508,土地1建物1車位1,一層,八層,華廈(10層含以下有電梯),住家用,920114.0,133.88,3,2,1,有,有,17000000,126979.0,坡道平面,0.0,0,補充:標的物衛浴設備為1.5衛。,RPTNMLQKOHHGFAA77DA,77.12,0.0,8.86,有,,19.0
萬華區,房地(土地+建物),萬大路４８６巷４４號四樓,17.25,住,,,1110527,土地1建物1車位0,四層,四層,公寓(5樓含以下無電梯),住家用,601001.0,61.35,4,4,2,有,無,8450000,137734.0,,0.0,0,頂樓加蓋；,RPQNMLQKOHHGFBA67EA,61.35,0.0,0.0,無,1369.0,51.0
中山區,房地(土地+建物),民權東路二段７１巷１８號,23.5,住,,,1110520,土地1建物1車位0,一層,四層,公寓(5樓含以下無電梯),住家用,570330.0,62.32,1,1,1,有,無,16000000,256739.0,,0.0,0,,RPVSMLQKOHHGFCA78EA,62.32,0.0,0.0,無,,54.0
南港區,房地(土地+建物),福德街３７３巷３９號十七樓,21.15,住,,,1110507,土地1建物1車位0,十七層,十九層,住宅大樓(11層含以上有電梯),住家用,870521.0,128.05,3,2,1,有,有,22380000,174775.0,,0.0,0,,RPVNMLPLNHHGFDA18DA,70.01,0.0,8.0,有,,24.0
北投區,房地(土地+建物)+車位,稻香路１６８號四樓,74.27,住,,,1110508,土地1建物1車位2,四層,五層,華廈(10層含以下有電梯),住家用,1060815.0,295.0,4,2,2,有,有,35650000,120847.0,坡道平面,0.0,4000000,,RPWPMLSKLHHGFEA68EA,137.51,6.4,19.87,有,1371.0,5.0
中山區,房地(土地+建物),吉林路２１８巷１５號二樓,30.13,住,,,1110508,土地1建物1車位0,二層,十層,華廈(10層含以下有電梯),住家用,980401.0,145.45999999999998,2,2,2,有,有,34880000,239791.0,,0.0,0,陽台外推；其他增建；,RPVONLMLKHHGFCA77EA,85.29,9.99,10.85,有,1372.0,13.0
北投區,房地(土地+建物)+車位,承德路七段３４２之１號十一樓,33.47,住,,,1110501,土地2建物1車位2,十一層,十四層,住宅大樓(11層含以上有電梯),住家用,990308.0,306.51,2,2,2,有,有,53000000,172914.0,坡道平面,100.4,0,,RPPOMLSKNHHGFEA97DA,134.88,5.0,9.64,有,,12.0
內湖區,房地(土地+建物),潭美街６７號三樓,28.4,住,,,1110522,土地1建物1車位0,三層,五層,公寓(5樓含以下無電梯),住家用,730529.0,98.89,3,2,1,有,無,16680000,168672.0,,0.0,0,,RPOPMLSJOHHGFCA77DA,87.34,0.0,11.55,無,1373.0,38.0
信義區,房地(土地+建物),仁愛路四段５０２號二樓,30.49,住,,,1110505,土地2建物1車位0,二層,十一層,住宅大樓(11層含以上有電梯),住家用,750116.0,208.05,4,2,2,有,有,92000000,442201.0,,0.0,0,,RPPQMLOLNHHGFDA77DA,172.55,4.18,20.1,有,,36.0
大安區,房地(土地+建物),敦化南路二段１７２巷１８之１號,29.1,住,,,1110506,土地2建物1車位0,一層,四層,公寓(5樓含以下無電梯),住家用,580421.0,78.42,6,0,5,有,無,21000000,267789.0,,0.0,0,其他增建；,RPUOMLNJNHHGFFA08EA,78.42,0.0,0.0,無,1374.0,53.0
文山區,房地(土地+建物),溪口街１０７巷４弄８號三樓,22.51,住,,,1110521,土地1建物1車位0,三層，陽台,四層,公寓(5樓含以下無電梯),住家用,631028.0,68.7,3,0,3,有,無,10500000,152838.0,,0.0,0,,RPUNMLQKOHHGFAA87DA,68.7,0.0,0.0,無,,48.0
中山區,房地(土地+建物)+車位,松江路２５巷５號四樓之３,5.91,住,,,1110506,土地1建物1車位1,四層,十一層,住宅大樓(11層含以上有電梯),住家用,971118.0,32.97,1,1,1,有,有,11000000,333738.0,塔式車位,0.0,2000000,夾層；,RPTSMLQKOHHGFCA58EA,16.87,2.19,0.0,有,,13.0
萬華區,房地(土地+建物),青年路３０巷５號七樓之１,23.85,住,,,1110507,土地1建物1車位0,七層,十二層,住宅大樓(11層含以上有電梯),住家用,760316.0,110.26,3,2,2,有,有,20880000,189371.0,,0.0,0,其他增建；,RPVNMLNKOHHGFBA77DA,75.73,0.0,10.22,有,,35.0
大安區,房地(土地+建物),建國南路一段３１９號六樓,12.14,住,,,1110523,土地1建物1車位0,六層,十四層,住宅大樓(11層含以上有電梯),住家用,750520.0,92.02,2,2,1,有,有,26500000,288012.0,,0.0,0,,RPVOMLQKOHHGFFA58DA,66.2,0.7,10.29,有,1375.0,36.0
內湖區,房地(土地+建物)+車位,民權東路六段２９６巷７６號三樓,34.97,住,,,1110503,土地1建物1車位1,三層,五層,華廈(10層含以下有電梯),住家用,820316.0,194.21,4,2,2,有,有,40800000,210082.0,坡道平面,0.0,0,陽台外推；其他增建；,RPWPMLPLNHHGFCA38DA,154.97,0.0,13.29,有,1376.0,29.0
中山區,房地(土地+建物),合江街１３６號四樓,21.5,住,,,1110518,土地1建物1車位0,四層,四層,公寓(5樓含以下無電梯),住家用,560918.0,72.77,4,0,4,有,無,17000000,233613.0,,0.0,0,頂樓加蓋；,RPVPMLRLNHHGFCA48DA,72.77,0.0,0.0,無,,55.0
中山區,房地(土地+建物),中山北路二段１１６巷２３號二樓,23.5,住,,,1110504,土地1建物1車位0,二層,四層,公寓(5樓含以下無電梯),住家用,660606.0,72.82,3,1,1,有,無,13100000,179896.0,,0.0,0,陽台外推；,RPPRMLPKOHHGFCA87DA,58.04,0.0,14.78,無,,45.0
萬華區,房地(土地+建物),富民路１５５巷２３號四樓,25.5,住,,,1110507,土地1建物1車位0,四層,四層,公寓(5樓含以下無電梯),住家用,640107.0,82.73,3,1,1,有,無,7150000,86426.0,,0.0,0,,RPTOMLPKOHHGFBA87DA,77.87,0.0,4.86,無,,47.0
內湖區,房地(土地+建物)+車位,民權東路六段２１３之１７號,137.48,住,,,1110502,土地2建物1車位2,全,四層,透天厝,住家用,960515.0,358.78,4,2,4,有,有,68300000,190367.0,坡道平面,0.0,0,陽台外推；頂樓加蓋；夾層；其他增建；,RPUSMLQKOHHGFCA58DA,229.91,3.85,37.62,無,1377.0,15.0
信義區,房地(土地+建物),福德街２６８巷３０弄１８號三樓,35.11,住,,,1110517,土地1建物1車位0,三層,四層,公寓(5樓含以下無電梯),住家用,660713.0,97.92,3,2,1,有,無,21500000,219567.0,,0.0,0,陽台外推；其他增建；,RPSPMLQJOHHGFDA08DA,85.93,0.0,11.99,無,1380.0,45.0
士林區,房地(土地+建物)+車位,重慶北路四段２２２號十四樓之１,14.01,住,,,1110520,土地2建物1車位1,十四層,十四層,住宅大樓(11層含以上有電梯),住家用,1060413.0,108.41,2,2,1,有,有,18680000,172309.0,坡道機械,18.71,0,夾層；其他增建；,RPRNMLSJOHHGFEA08DA,47.39,4.59,7.53,有,1382.0,5.0
中正區,房地(土地+建物),林森南路６９號五樓,23.51,住,,,1110520,土地2建物2車位0,五層,十三層,住宅大樓(11層含以上有電梯),住家用,1060302.0,131.75,2,2,2,有,有,32000000,242884.0,,0.0,0,,RPXNMLRKOHHGFBA48EA,64.98,7.7,6.47,有,1383.0,5.0
信義區,房地(土地+建物),福德街２６８巷４弄４號三樓,20.46,住,,,1110512,土地6建物1車位0,三層,五層,公寓(5樓含以下無電梯),住家用,730215.0,104.76,3,2,2,有,無,22200000,211913.0,,0.0,0,陽台外推；其他增建；,RPWNMLQKOHHGFDA38DA,83.85,0.0,11.19,無,1384.0,38.0
內湖區,房地(土地+建物)+車位,新富街５８之１號,52.03,住,,,1110523,土地1建物1車位2,一層,十一層,住宅大樓(11層含以上有電梯),住家用,1041225.0,285.33,3,2,2,有,有,78200000,330510.0,坡道平面,66.88,6000000,其他增建；,RPPOMLQJOHHGFCA57DA,157.24,8.64,0.0,有,1385.0,6.0
松山區,房地(土地+建物),南京東路五段２８６巷６號二樓之１,13.29,住,,,1110517,土地1建物1車位0,二層，陽台,六層,華廈(10層含以下有電梯),住家用,650609.0,56.0,2,2,1,有,有,12800000,228571.0,,0.0,0,,RPSPMLRKOHHGFDA38EA,56.0,0.0,0.0,有,,46.0
松山區,房地(土地+建物),光復南路２２巷３６號五樓,34.79,住,,,1110510,土地1建物1車位0,五層,九層,華廈(10層含以下有電梯),住家用,810624.0,136.0,3,2,2,有,有,36000000,264706.0,,0.0,0,,RPXPMLRKOHHGFDA88EA,101.08,0.0,11.36,有,,30.0
文山區,房地(土地+建物),景興路１７７巷１弄１２號四樓,26.42,住,,,1110524,土地1建物1車位0,四層,四層,公寓(5樓含以下無電梯),住家用,660107.0,70.36,2,2,2,有,無,13800000,196134.0,,0.0,0,陽台外推；,RPTNMLLJOHHGFAA17DA,63.63,0.0,6.73,無,1387.0,45.0
北投區,房地(土地+建物)+車位,石牌路一段３９巷１４６號五樓之３,24.35,住,,,1110513,土地1建物1車位1,五層,十三層,住宅大樓(11層含以上有電梯),住家用,1101229.0,166.92,3,2,2,有,有,33500000,253662.0,坡道平面,44.71,2500000,,RPSQMLNKNHHGFEA97DA,70.92,0.0,7.65,有,1388.0,
內湖區,房地(土地+建物)+車位,潭美街１５１號五樓,38.69,住,,,1110504,土地1建物1車位2,五層,十三層,住宅大樓(11層含以上有電梯),住家用,960817.0,246.36,4,2,2,有,有,40000000,180245.0,坡道平面,52.18,5000000,,RPPNMLOKOHHGFCA37DA,131.27,3.09,11.49,有,1389.0,15.0
內湖區,房地(土地+建物)+車位,成功路五段１５２巷５號七樓,86.82,住,,,1110520,土地1建物1車位2,七層，電梯樓梯間,十二層,住宅大樓(11層含以上有電梯),住家用,850425.0,282.69,4,2,2,有,有,56000000,198097.0,坡道平面,0.0,0,,RPPNMLRKOHHGFCA77EA,146.58,0.77,17.19,有,,26.0
大安區,房地(土地+建物),安和路二段９２號四樓之１,22.73,住,,,1110520,土地2建物1車位0,四層,二十五層,住宅大樓(11層含以上有電梯),住家用,780810.0,228.26,4,2,2,有,有,69500000,304477.0,,0.0,0,,RPPNMLRKOHHGFFA08EA,157.86,0.0,38.42,有,,33.0
內湖區,房地(土地+建物)+車位,民權東路六段２４８巷１號十樓之１,65.2,住,,,1110524,土地2建物1車位1,十層,十一層,住宅大樓(11層含以上有電梯),住家用,910809.0,195.89,3,2,2,有,有,38000000,193986.0,坡道平面,31.45,0,,RPUNMLPKOHHGFCA97DA,104.87,1.8,11.64,有,1390.0,20.0
內湖區,房地(土地+建物),環山路一段１３６巷３９號三樓,34.74,住,,,1110527,土地2建物1車位0,三層,四層,公寓(5樓含以下無電梯),住家用,690131.0,95.4,3,2,2,有,有,15600000,163522.0,,0.0,0,,RPPPMLRKOHHGFCA97EA,83.97,0.0,11.43,無,1391.0,42.0
士林區,房地(土地+建物),至誠路二段４５號五樓,34.48,住,,,1110512,土地1建物1車位0,五層,五層,公寓(5樓含以下無電梯),住家用,710719.0,111.56,3,2,2,有,無,16980000,152205.0,,0.0,0,頂樓加蓋；其他增建；,RPTOMLLMNHHGFEA87DA,92.71,0.0,7.65,無,,40.0
士林區,房地(土地+建物),中山北路七段８１巷１０號五樓,31.57,住,,,1110523,土地1建物1車位0,五層,七層,華廈(10層含以下有電梯),住家用,690109.0,138.16,4,2,2,有,無,30700000,222206.0,,0.0,0,,RPSPMLQKOHHGFEA28DA,122.15,0.0,16.01,有,,42.0
大安區,房地(土地+建物)+車位,臥龍街２９３號七樓之６,21.94,住,,,1110509,土地1建物1車位1,七層,十四層,住宅大樓(11層含以上有電梯),住家用,871201.0,125.9,3,2,2,有,有,23300000,234189.0,坡道平面,37.51,2600000,夾層；,RPVNMLLJOHHGFFA87DA,62.52,0.0,3.31,有,,23.0
信義區,房地(土地+建物)+車位,吳興街６００巷１２８號四樓,39.5,住,,,1110527,土地1建物1車位2,四層,十九層,住宅大樓(11層含以上有電梯),住家用,990122.0,255.08,2,2,2,有,有,49800000,195233.0,坡道機械,0.0,0,陽台外推；,RPXOMLLMNHHGFDA18DA,119.88,16.47,6.7,有,1393.0,12.0
文山區,房地(土地+建物)+車位,秀明路二段１１５巷１０號十八樓,169.95,住,,,1110519,土地6建物1車位2,十八層，十九層,十九層,住宅大樓(11層含以上有電梯),住家用,860610.0,325.67,4,2,3,有,有,44000000,135106.0,坡道平面,0.0,0,陽台外推；夾層；其他增建；,RPUNMLOKOHHGFAA67DA,170.43,35.31,22.85,有,,25.0
內湖區,房地(土地+建物),東湖路１１３巷３弄１號五樓,23.29,住,,,1110508,土地1建物1車位0,五層,五層,公寓(5樓含以下無電梯),住家用,730820.0,89.28999999999999,4,0,4,有,無,13100000,146713.0,,0.0,0,,RPRPMLKLOHHGFCA47DA,77.17,0.0,5.49,無,1394.0,38.0
北投區,房地(土地+建物),裕民六路１１４巷３８弄１５號四樓,54.67,住,,,1110513,土地1建物1車位0,四層，陽台,四層,公寓(5樓含以下無電梯),住家用,650419.0,104.37,3,2,2,有,無,18000000,172463.0,,0.0,0,陽台外推；頂樓加蓋；其他增建；,RPTNMLRLNHHGFEA28DA,104.37,0.0,0.0,無,,46.0
北投區,房地(土地+建物),承德路七段２８０巷６弄７號五樓,33.0,住,,,1110521,土地1建物1車位0,五層,五層,公寓(5樓含以下無電梯),住家用,670529.0,84.63,3,2,2,有,無,12500000,147702.0,,0.0,0,陽台外推；其他增建；,RPSNMLMJOHHGFEA57DA,62.5,0.0,22.13,無,1396.0,44.0
士林區,房地(土地+建物),中正路７０７巷２３號十樓,20.77,住,,,1110520,土地3建物1車位0,十層,十二層,住宅大樓(11層含以上有電梯),住家用,721011.0,104.3,3,2,1,有,有,13700000,131352.0,,0.0,0,,RPUPMLQKOHHGFEA48DA,69.49,0.0,9.07,有,,39.0
士林區,房地(土地+建物),忠誠路二段１１４之１號、１１４之２號,15.64,住,,,1110528,土地1建物1車位0,一層,十四層,住宅大樓(11層含以上有電梯),住家用,750812.0,147.72,0,0,0,無,有,66800000,452207.0,,0.0,0,,RPQOMLPKOHHGFEA97EA,109.77,15.08,0.0,有,,36.0
中山區,房地(土地+建物),吉林路１５４巷１４號四樓,19.33,住,,,1110525,土地1建物1車位0,四層,五層,公寓(5樓含以下無電梯),住家用,630325.0,67.08,3,1,1,有,無,13500000,201252.0,,0.0,0,,RPUQMLKLOHHGFCA97EA,67.08,0.0,0.0,無,,48.0
士林區,房地(土地+建物),中山北路七段８１巷２９號三樓,4.79,住,,,1110506,土地2建物1車位0,三層,五層,公寓(5樓含以下無電梯),住家用,751111.0,20.98,4,2,2,有,無,1800000,85796.0,,0.0,0,建物持分3/21,RPXNMLRKOHHGFEA68DA,18.0,0.0,2.17,無,1398.0,35.0
大同區,房地(土地+建物)+車位,重慶北路三段１８０號九樓,24.14,住,,,1110520,土地2建物1車位1,九層,十三層,住宅大樓(11層含以上有電梯),住家用,1030829.0,218.11,3,2,2,有,有,43960000,201559.0,坡道平面,0.0,0,陽台外推；,RPPPMLQJOHHGFBA57DA,105.92,9.96,11.51,有,1399.0,8.0
松山區,房地(土地+建物),南京東路五段２５０巷３６弄１９之１號二樓,19.46,住,,,1110530,土地1建物1車位0,二層,六層,華廈(10層含以下有電梯),住家用,660524.0,93.25,3,2,2,有,無,22500000,241287.0,,0.0,0,陽台外推；,RPQTMLLLOHHGFDA08EA,70.89,0.0,13.73,有,,45.0
北投區,房地(土地+建物)+車位,三合街一段７１號八樓,50.01,住,,,1110511,土地1建物1車位2,八層,九層,華廈(10層含以下有電梯),住家用,1031119.0,319.72,4,2,2,有,有,57500000,207739.0,坡道平面,67.48,5100000,,RPXPMLSKNHHGFEA88DA,143.84,8.22,16.76,有,1401.0,7.0
大安區,房地(土地+建物),瑞安街２０８巷３９號三樓,12.58,住,,,1110507,土地1建物1車位0,三層,七層,華廈(10層含以下有電梯),住家用,1040511.0,66.55000000000001,1,2,1,有,有,24880000,373854.0,,0.0,0,,RPPNMLTKNHHGFFA08DA,28.57,5.51,6.87,有,,7.0
文山區,房地(土地+建物),木柵路四段１５９巷１９４號四樓,26.7,住,,,1110531,土地4建物1車位0,四層,五層,公寓(5樓含以下無電梯),住家用,,100.39,3,2,1,有,無,9000000,89650.0,,0.0,0,,RPWOMLKLOHHGFAA77EA,83.06,0.0,17.33,無,,
士林區,房地(土地+建物),重慶北路四段４９巷４０弄５２號四樓,25.75,住,,,1110529,土地1建物1車位0,四層,四層,公寓(5樓含以下無電梯),住家用,590427.0,59.74,3,2,2,有,無,8350000,139772.0,,0.0,0,陽台外移再向外擴大加蓋、空地加蓋陽台外推；頂樓加蓋；其他增建；,RPWNMLRJOHHGFEA48DA,59.74,0.0,0.0,無,,52.0
士林區,房地(土地+建物)+車位,士東路３０８號四樓,47.34,住,,,1110521,土地1建物1車位1,四層,十一層,住宅大樓(11層含以上有電梯),住家用,800107.0,231.8,3,2,2,有,有,43000000,185505.0,坡道平面,49.94,0,陽台外推；,RPSOMLKLOHHGFEA67DA,190.9,4.73,18.15,有,,31.0
文山區,房地(土地+建物)+車位,政大一街２８１號三樓,41.47,住,,,1110519,土地1建物1車位1,三層,五層,華廈(10層含以下有電梯),住家用,1031113.0,128.05,2,2,1,有,有,21600000,201137.0,坡道平面,33.09,2500000,其他增建；,RPQNMLTJOHHGFAA67DA,57.6,2.15,5.11,有,1404.0,8.0
內湖區,房地(土地+建物),金龍路１５２號四樓,25.18,住,,,1110514,土地2建物1車位0,四層,五層,公寓(5樓含以下無電梯),住家用,720712.0,92.31,3,2,2,有,無,16000000,173329.0,,0.0,0,陽台外推；其他增建；,RPRQMLKMNHHGFCA57DA,78.97,0.0,13.34,無,,39.0
文山區,房地(土地+建物),忠順街一段９巷１號五樓,35.6,住,,,1110515,土地2建物1車位0,五層,五層,公寓(5樓含以下無電梯),住家用,710324.0,150.28,3,2,2,有,無,17300000,115118.0,,0.0,0,陽台外推；其他增建；,RPQOMLPKOHHGFAA47DA,106.91,0.0,19.77,無,,40.0
文山區,房地(土地+建物)+車位,政大二街２０６巷１００號,128.08,住,,,1110514,土地1建物1車位2,一層，二層，三層,四層,公寓(5樓含以下無電梯),住家用,850607.0,261.40999999999997,4,3,3,有,有,31400000,120118.0,坡道平面,0.0,0,車位面積無法概算陽台外推；夾層；其他增建；,RPQPMLLJOHHGFAA07DA,158.28,9.0,10.98,無,,26.0
南港區,房地(土地+建物),成福路７４巷８號四樓之１,16.24,住,,,1110520,土地1建物1車位0,四層,七層,華廈(10層含以下有電梯),住家用,1060710.0,62.51,1,1,1,有,無,18050000,288754.0,,0.0,0,,RPSNMLQLNHHGFDA97DA,33.45,0.0,5.6,有,,5.0
中山區,房地(土地+建物)+車位,五常街１０１號六樓,33.66,住,,,1110523,土地1建物1車位1,六層,七層,華廈(10層含以下有電梯),住家用,1110117.0,162.68,3,2,2,有,有,39690000,308527.0,坡道平面,43.76,3000000,,RPUQMLRKOHHGFCA58EA,74.13,0.0,6.83,有,,
北投區,房地(土地+建物)+車位,翠嶺路３３號三樓,45.0,住,,,1110517,土地1建物1車位1,三層,四層,公寓(5樓含以下無電梯),住家用,880429.0,104.61,2,2,2,有,有,12000000,114712.0,坡道平面,0.0,0,夾層；,RPWOMLKLOHHGFEA18EA,47.07,0.99,8.52,無,,23.0
信義區,房地(土地+建物)+車位,松勇路５３巷１０號七樓,51.36,住,,,1110520,土地1建物1車位1,七層,八層,華廈(10層含以下有電梯),住家用,870121.0,182.09,3,2,2,有,有,50680000,278324.0,升降平面,0.0,0,含仲介費；陽台外推；,RPTPMLRKOHHGFDA38DA,91.83,1.08,11.84,有,,24.0
內湖區,房地(土地+建物),港墘路１５５巷３號五樓,29.4,住,,,1110530,土地1建物1車位0,五層,五層,公寓(5樓含以下無電梯),住家用,690912.0,98.18,3,2,1,有,無,19500000,198615.0,,0.0,0,陽台外推；其他增建；,RPORMLKLOHHGFCA47EA,86.56,0.0,11.62,無,,42.0
中正區,房地(土地+建物),汀州路三段４５之３號五樓,7.1,住,,,1110522,土地3建物1車位0,五層,十三層,住宅大樓(11層含以上有電梯),住家用,871231.0,44.31,2,1,1,有,有,12680000,286166.0,,0.0,0,夾層；其他增建；,RPQOMLOKOHHGFAA37DA,27.03,0.0,5.23,有,1407.0,23.0
內湖區,房地(土地+建物)+車位,民權東路六段２８９巷３１號四樓,61.8,住,,,1110504,土地1建物1車位1,四層,五層,華廈(10層含以下有電梯),住家用,1101007.0,153.39,3,2,2,有,有,28650000,186779.0,坡道平面,34.83,0,,RPWOMLKKOHHGFCA77DA,70.04,5.09,9.31,有,,1.0
士林區,房地(土地+建物),天玉街２３號三樓之２,19.73,住,,,1110515,土地1建物1車位0,三層,八層,華廈(10層含以下有電梯),住家用,850109.0,71.1,2,2,1,有,無,17500000,246132.0,,0.0,0,其他增建；,RPTNMLPLNHHGFEA08DA,50.19,1.32,6.98,有,,26.0
大同區,房地(土地+建物),迪化街二段１９３號七樓,31.0,住,,,1110518,土地1建物1車位0,七層,七層,華廈(10層含以下有電梯),住家用,740129.0,203.72,3,2,3,有,無,26500000,130081.0,,0.0,0,8樓：2房1廳1衛9樓：1房,RPSOMLKLOHHGFBA37DA,90.64,104.79,0.0,有,,37.0
大安區,房地(土地+建物),安和路一段２１巷２６號二樓,33.21,住,,,1110511,土地3建物1車位0,二層,六層,華廈(10層含以下有電梯),住家用,780831.0,177.97,3,2,2,有,有,48000000,269708.0,,0.0,0,,RPQNMLMJOHHGFFA47DA,137.0,5.32,13.44,有,,33.0
文山區,房地(土地+建物)+車位,指南路三段２６號三樓之３,22.86,住,,,1110502,土地1建物1車位1,三層,十層,華廈(10層含以下有電梯),住家用,970508.0,137.37,2,2,2,有,有,18500000,164592.0,坡道平面,40.16,2500000,,RPTNMLKLNHHGFAA17DA,59.45,5.06,4.13,有,,14.0
文山區,房地(土地+建物),政大二街１７１巷５２號五樓,71.92,住,,,1110506,土地1建物1車位0,五層,八層,華廈(10層含以下有電梯),住家用,920114.0,133.88,3,2,2,有,有,17000000,126979.0,,0.0,0,本社區之車位須向管委會登記，並參與抽籤決定車位位置,RPWOMLOKMHHGFAA87EA,77.12,0.0,8.86,有,1413.0,19.0
信義區,房地(土地+建物)+車位,吳興街２８４巷８號十樓之２,18.41,住,,,1110517,土地1建物1車位1,十層,十一層,住宅大樓(11層含以上有電梯),住家用,1030805.0,117.3,2,2,2,有,有,32500000,297097.0,其他,14.64,2000000,,RPORMLLKNHHGFDA47EA,57.48,12.95,2.55,有,,8.0
中正區,房地(土地+建物),仁愛路二段１５巷１４號三樓,8.56,住,,,1110517,土地2建物1車位0,三層,五層,華廈(10層含以下有電梯),住家用,820722.0,31.479999999999997,1,1,1,有,有,10770000,342122.0,,0.0,0,,RPQNMLLLOHHGFBA27EA,20.59,0.0,2.88,有,,29.0
中山區,房地(土地+建物)+車位,松江路２０４巷２６號五樓,23.68,住,,,1110506,土地1建物1車位1,五層,六層,華廈(10層含以下有電梯),住家用,1041029.0,107.69,0,0,0,無,無,26790000,281292.0,升降機械,18.85,1800000,,RPRNMLLLOHHGFCA37DA,39.32,2.64,12.51,有,,7.0
中正區,房地(土地+建物),汀州路二段１６７號十樓,13.53,住,,,1110510,土地1建物1車位0,十層,十八層,住宅大樓(11層含以上有電梯),住家用,1101108.0,94.35,2,1,1,有,有,23480000,248861.0,,0.0,0,,RPSOMLLLOHHGFAA37DA,51.34,8.83,2.56,有,,1.0
北投區,房地(土地+建物)+車位,大同街２２８巷６６號六樓,47.29,住,,,1110530,土地1建物1車位1,六層,七層,華廈(10層含以下有電梯),住家用,1101125.0,183.39,3,2,2,有,有,32000000,196067.0,坡道機械,24.21,790000,車位無土地持分，只有約定專用使用權,RPWNMLMJOHHGFEA97DA,98.03,0.0,8.77,有,,1.0
文山區,房地(土地+建物)+車位,興隆路二段６號九樓,40.62,住,,,1110521,土地1建物1車位2,九層,十四層,住宅大樓(11層含以上有電梯),住家用,1041202.0,281.21000000000004,3,2,2,有,有,52800000,244720.0,坡道平面,84.26,4600000,,RPQQMLLLOHHGFAA37DA,109.57,10.63,11.1,有,1417.0,6.0
中山區,房地(土地+建物),四平街１０７號四樓之５,9.75,住,,,1110524,土地1建物1車位0,四層,十層,華廈(10層含以下有電梯),住家用,900827.0,40.77,0,1,1,有,有,10000000,245278.0,,0.0,0,陽台外推；,RPQOMLMLOHHGFCA47DA,20.86,0.81,3.28,有,,21.0
文山區,房地(土地+建物)+車位,仙岩路１６巷７０之１１號三樓,31.93,住,,,1110522,土地1建物1車位1,三層,三層,公寓(5樓含以下無電梯),住家用,870327.0,81.38,1,1,1,有,有,9300000,190275.0,坡道平面,38.81,1200000,陽台外推；其他增建；,RPQNMLNKOHHGFAA17DA,29.53,0.0,2.95,無,,24.0
大安區,房地(土地+建物)+車位,新生南路三段３６號十二樓,15.44,住,,,1110516,土地1建物1車位1,十二層,二十二層,住宅大樓(11層含以上有電梯),住家用,770106.0,226.72,3,2,2,有,有,66500000,293313.0,坡道平面,0.0,6000000,其他增建；,RPPNMLTKOHHGFFA18DA,185.19,0.0,7.4,有,,34.0
士林區,房地(土地+建物),華齡街６３號三樓,33.01,住,,,1110531,土地1建物1車位0,三層,五層,公寓(5樓含以下無電梯),住家用,690331.0,101.91,3,2,1,有,無,16660000,163478.0,,0.0,0,陽台外推；,RPUOMLLLOHHGFEA08EA,91.41,0.0,10.5,無,,42.0
信義區,房地(土地+建物),松仁路２４２號十六樓,18.55,住,,,1110523,土地2建物1車位0,十六層,十六層,住宅大樓(11層含以上有電梯),住家用,851007.0,113.54,2,2,2,有,有,33080000,291351.0,,0.0,0,,RPWRMLLKNHHGFDA28EA,74.66,2.62,9.61,有,1419.0,26.0
內湖區,房地(土地+建物)+車位,行善路２８１巷１９弄１０號八樓,74.48,住,,,1110524,土地1建物1車位2,八層,十四層,住宅大樓(11層含以上有電梯),住家用,990324.0,386.52,5,2,3,有,有,76950000,227618.0,坡道平面,70.42,5000000,,RPXQMLKLOHHGFCA28EA,193.35,6.21,19.54,有,1420.0,12.0
內湖區,房地(土地+建物),港華街５１巷３弄１２號三樓,26.85,住,,,1110506,土地1建物1車位0,三層,五層,公寓(5樓含以下無電梯),住家用,701021.0,106.6,3,2,2,有,無,18180000,170544.0,,0.0,0,陽台外推；,RPOPMLLLOHHGFCA27DA,91.78,0.0,14.82,無,1422.0,41.0
文山區,房地(土地+建物),景興路１５３巷１７號二樓之２,4.62,住,,,1110529,土地1建物1車位0,二層,十二層,住宅大樓(11層含以上有電梯),住家用,830317.0,27.95,1,0,1,有,有,5500000,196780.0,,0.0,0,,RPPQMLLLOHHGFAA37EA,16.35,0.45,3.79,有,1423.0,28.0
中山區,房地(土地+建物)+車位,北安路６６６號七樓,23.97,住,,,1110522,土地1建物1車位1,七層,十層,華廈(10層含以下有電梯),住家用,1090110.0,147.31,0,0,0,無,無,47760000,369988.0,其他,23.36,1900000,,RPXOMLKLOHHGFCA97DA,70.82,0.0,7.86,有,,2.0
大安區,房地(土地+建物)+車位,市民大道三段１８８號八樓之１,38.95,住,,,1110513,土地2建物1車位2,八層,二十三層,住宅大樓(11層含以上有電梯),住家用,1050111.0,374.35,4,2,3,有,有,132000000,381832.0,坡道平面,49.6,8000000,,RPOOMLLLOHHGFFA47DA,188.9,12.23,23.42,有,,6.0
中正區,房地(土地+建物),同安街９１之５號三樓,31.25,住,,,1110528,土地1建物1車位0,三層,四層,公寓(5樓含以下無電梯),住家用,630521.0,79.45,3,2,1,有,無,13580000,170925.0,,0.0,0,陽台外推；,RPPOMLMLOHHGFAA27EA,69.92,0.0,9.53,無,,48.0
北投區,房地(土地+建物),泉源路５２號十一樓之２,22.0,住,,,1110525,土地1建物1車位0,十一層,十三層,住宅大樓(11層含以上有電梯),住家用,890615.0,94.15,2,2,2,有,有,13800000,146575.0,,0.0,0,,RPXNMLPKOHHGFEA48DA,62.44,0.0,8.86,有,,22.0
北投區,房地(土地+建物),文化三路１４０號六樓,36.24,,,,1110508,土地2建物1車位0,六層,七層,華廈(10層含以下有電梯),住家用,750312.0,116.63,3,2,2,有,有,14900000,127754.0,,0.0,0,其他增建；,RPOOMLPKOHHGFEA67DA,73.36,0.0,12.33,有,,36.0
文山區,房地(土地+建物)+車位,汀州路四段２２３號十二樓,31.99,住,,,1110518,土地1建物1車位1,十二層,十四層,住宅大樓(11層含以上有電梯),住家用,991105.0,165.7,3,2,2,有,有,31000000,187085.0,坡道平面,0.0,0,,RPSPMLRLNHHGFAA97DA,89.52,0.0,10.55,有,1428.0,12.0
北投區,房地(土地+建物),文林北路８０巷５４號,98.0,住,,,1110530,土地1建物1車位0,全,三層,透天厝,住家用,600710.0,210.0,10,8,4,有,無,41750000,198810.0,,0.0,0,空地加蓋、平台外移頂樓加蓋；其他增建；,RPRNMLLLOHHGFEA57DA,210.0,0.0,0.0,無,,51.0
中山區,房地(土地+建物),新生北路三段４３號十樓之６,6.57,住,,,1110527,土地2建物1車位0,十層,十一層,住宅大樓(11層含以上有電梯),住家用,670301.0,51.73,1,1,1,有,有,10680000,206457.0,,0.0,0,,RPVOMLKKOHHGFCA67DA,35.62,0.0,3.09,有,,44.0
北投區,房地(土地+建物),珠海路１０９巷６之１號,208.0,住,,,1110528,土地1建物1車位0,全,五層,透天厝,住家用,920509.0,381.24,6,3,4,有,無,57580000,151033.0,,0.0,0,陽台外推；其他增建；,RPTOMLSJOHHGFEA38DA,321.2,22.09,37.95,有,,19.0
大安區,房地(土地+建物),通安街１４８號二樓之２,35.29,住,,,1110516,土地1建物1車位0,二層,七層,華廈(10層含以下有電梯),住家用,720312.0,158.46,4,2,3,有,有,36180000,228323.0,,0.0,0,,RPSPMLNJNHHGFFA97EA,126.58,0.0,11.64,有,,39.0
內湖區,房地(土地+建物),江南街７１巷３號三樓,22.69,住,,,1110521,土地2建物1車位0,三層,五層,公寓(5樓含以下無電梯),住家用,700327.0,83.52,3,2,1,有,無,15700000,187979.0,,0.0,0,陽台外推；其他增建；,RPQNMLTJOHHGFCA87DA,69.97,0.0,13.55,無,,41.0
士林區,房地(土地+建物)+車位,中山北路六段２９０巷７弄３７號六樓,38.83,住,,,1110526,土地1建物1車位2,六層,七層,華廈(10層含以下有電梯),住家用,1010320.0,218.68,3,2,2,有,有,47458888,235677.0,升降平面,34.28,4000000,,RPPNMLSKOHHGFEA97DA,93.91,6.77,10.15,有,,10.0
萬華區,房地(土地+建物)+車位,莒光路１２３號三樓,25.09,住,,,1110514,土地1建物1車位1,三層,七層,華廈(10層含以下有電梯),住家用,770317.0,203.38,3,2,2,有,有,29200000,143574.0,坡道平面,58.45,0,陽台外推；其他增建；,RPQOMLQLNHHGFBA67DA,164.36,0.0,14.47,有,,34.0
萬華區,房地(土地+建物),環河南路二段６２巷４號三樓,17.72,住,,,1110517,土地1建物1車位0,三層,五層,公寓(5樓含以下無電梯),住家用,720929.0,78.09,3,2,1,有,無,9200000,117813.0,,0.0,0,陽台外推；其他增建；,RPSPMLQKOHHGFBA97DA,57.44,0.0,13.84,無,,39.0
文山區,房地(土地+建物),興隆路三段１８１巷９弄７號三樓,35.33,住,,,1110526,土地1建物1車位0,三層,三層,公寓(5樓含以下無電梯),住家用,,93.78,3,2,1,有,無,11000000,117296.0,,0.0,0,,RPPNMLNLOHHGFAA27EA,93.78,0.0,0.0,無,1441.0,
文山區,房地(土地+建物),木柵路二段１０９巷１００弄２２之１號八樓,20.05,住,,,1110528,土地2建物1車位0,八層,十七層,住宅大樓(11層含以上有電梯),住家用,850925.0,41.03,1,1,1,有,有,5950000,145016.0,,0.0,0,陽台外推；,RPPQMLKLOHHGFAA17DA,26.2,0.0,5.25,有,1442.0,26.0
內湖區,房地(土地+建物),內湖路一段９１巷３５弄２號五樓,36.89,住,,,1110502,土地1建物1車位0,五層,五層,公寓(5樓含以下無電梯),住家用,730131.0,136.97,5,3,2,有,無,23000000,167920.0,,0.0,0,,RPWQMLNKOHHGFCA28DA,104.99,0.0,13.19,無,,38.0
信義區,房地(土地+建物),和平東路三段４２１號,31.6,住,,,1110526,土地1建物1車位0,一層，騎樓，通道,五層,公寓(5樓含以下無電梯),住家用,,109.1,0,0,0,無,無,33380000,305958.0,,0.0,0,,RPQNMLOLOHHGFDA77EA,104.0,5.1,0.0,無,,
南港區,房地(土地+建物),研究院路二段１８２巷７９弄２１號二樓,26.14,住,,,1110511,土地2建物1車位0,二層,五層,公寓(5樓含以下無電梯),住家用,731029.0,97.49,3,2,1,有,有,11000000,112832.0,,0.0,0,陽台外推；,RPXOMLRKOHHGFDA68DA,78.35,0.0,8.82,有,,38.0
士林區,房地(土地+建物),中山北路七段８１巷２９號三樓,28.71,住,,,1110506,土地2建物1車位0,三層,五層,公寓(5樓含以下無電梯),住家用,751111.0,125.85,4,2,2,有,無,21000000,166852.0,,0.0,0,建物持分18/21,RPSNMLNLOHHGFEA87DA,108.02,0.0,13.04,無,1398.0,35.0
信義區,房地(土地+建物),忠孝東路五段４２３巷３３號二樓,31.5,住,,,1110506,土地1建物1車位0,二層,四層,公寓(5樓含以下無電梯),住家用,660513.0,93.4,4,2,1,有,無,22680000,242827.0,,0.0,0,陽台外推；其他增建；,RPUPMLTKNHHGFDA58DA,82.5,0.0,10.9,無,,45.0
松山區,房地(土地+建物),敦化北路１４５巷２３弄５號三樓,16.59,住,,,1110530,土地1建物1車位0,三層,七層,華廈(10層含以下有電梯),住家用,1100315.0,71.91,1,1,1,有,有,28120000,391044.0,,0.0,0,,RPTOMLNLOHHGFDA97DA,34.6,0.0,3.76,有,,1.0
士林區,房地(土地+建物),中山北路六段４０５巷５１號五樓,35.45,住,,,1110529,土地2建物1車位0,五層,七層,華廈(10層含以下有電梯),住家用,730629.0,174.17000000000002,4,2,2,有,無,40580000,232991.0,,0.0,0,陽台外推；,RPTOMLOLOHHGFEA18DA,132.72,0.0,32.83,有,,38.0
文山區,房地(土地+建物),木柵路二段１０９巷２６弄１５號四樓,40.16,住,,,1110528,土地2建物1車位0,四層,五層,公寓(5樓含以下無電梯),住家用,760924.0,110.95,3,2,2,有,有,14700000,132492.0,,0.0,0,,RPVQMLLLOHHGFAA87DA,91.0,0.0,9.03,無,,35.0
文山區,房地(土地+建物)+車位,辛亥路四段２０９巷２２號二十三樓,12.91,住,,,1110514,土地1建物1車位1,二十三層,二十六層,住宅大樓(11層含以上有電梯),住家用,1090430.0,122.14,2,2,1,有,有,27080000,275932.0,坡道平面,33.07,2500000,,RPQNMLPKOHHGFAA37DA,51.56,3.74,5.91,有,1453.0,2.0
士林區,房地(土地+建物),忠誠路二段１６６巷３８號四樓,35.5,住,,,1110514,土地1建物1車位0,四層,四層,公寓(5樓含以下無電梯),住家用,670202.0,111.93,7,6,6,有,無,20500000,183150.0,,0.0,0,外梯增建陽台外推；頂樓加蓋；其他增建；,RPTOMLKLOHHGFEA77DA,96.33,0.0,15.6,無,,44.0
松山區,房地(土地+建物)+車位,南京東路五段２５０巷１８弄１號四樓之３,71.52,住,,,1110520,土地19建物1車位2,四層，陽臺,六層,華廈(10層含以下有電梯),住家用,630520.0,261.4,4,2,3,有,有,43000000,164499.0,坡道平面,0.0,0,,RPXNMLRLOHHGFDA68DA,261.4,0.0,0.0,有,,48.0
南港區,房地(土地+建物),研究院路二段１８２巷７９弄５號,28.12,住,,,1110508,土地2建物1車位0,一層,五層,公寓(5樓含以下無電梯),住家用,731029.0,101.96,3,2,2,有,無,13660000,133974.0,,0.0,0,,RPSNMLNKOHHGFDA67DA,82.82,8.03,0.0,無,,38.0
信義區,房地(土地+建物),忠孝東路五段４２３巷５弄２６號三樓之１,10.76,住,,,1110511,土地1建物1車位0,三層,五層,華廈(10層含以下有電梯),住家用,881005.0,38.54,1,1,1,有,有,10800000,280228.0,,0.0,0,,RPOOMLRLNHHGFDA87EA,24.61,0.88,2.49,有,,23.0
北投區,房地(土地+建物),致遠一路一段１２５巷９號,49.5,住,,,1110531,土地1建物1車位0,一層,四層,公寓(5樓含以下無電梯),住家用,631128.0,111.93,4,2,2,有,無,26000000,232288.0,,0.0,0,其他增建；,RPOOMLOLOHHGFEA77EA,111.93,0.0,0.0,無,,48.0
大同區,房地(土地+建物),重慶北路三段２３６巷４９號五樓,22.8,住,,,1110511,土地1建物1車位0,五層,五層,公寓(5樓含以下無電梯),住家用,680410.0,85.05,3,2,1,有,無,13680000,160847.0,,0.0,0,陽台外推；其他增建；,RPVOMLPKOHHGFBA08DA,69.25,0.0,15.8,無,,43.0
松山區,房地(土地+建物),敦化北路１４５巷２３弄３號三樓之２,16.59,住,,,1110528,土地1建物1車位0,三層,七層,華廈(10層含以下有電梯),住家用,1100315.0,71.91,1,1,1,有,有,28120000,391044.0,,0.0,0,,RPQOMLNLOHHGFDA67DA,34.6,0.0,3.76,有,,1.0
松山區,房地(土地+建物)+車位,敦化北路１４５巷２３弄５號五樓,16.59,住,,,1110513,土地1建物1車位1,五層,七層,華廈(10層含以下有電梯),住家用,1100315.0,90.66,1,1,1,有,有,32960000,363556.0,升降平面,18.74,0,,RPPOMLNLOHHGFDA57DA,34.6,0.0,3.76,有,,1.0
中山區,房地(土地+建物),伊通街１０６巷４號三樓,29.25,住,,,1110523,土地1建物1車位0,三層,六層,華廈(10層含以下有電梯),住家用,720614.0,138.57999999999998,4,2,2,有,無,31200000,225141.0,,0.0,0,建築物含有:空地加蓋陽台外推；,RPTNMLRLOHHGFCA28EA,102.11,0.0,12.99,有,1455.0,39.0
中山區,房地(土地+建物),新生北路三段６１號二樓之４,15.14,住,,,1110519,土地4建物1車位0,二層,九層,華廈(10層含以下有電梯),住家用,650907.0,106.5,2,2,1,有,有,19000000,178404.0,,0.0,0,,RPPNMLMLOHHGFCA27DA,74.55,0.0,17.15,有,96.0,46.0
士林區,房地(土地+建物)+車位,至誠路一段１３８號十三樓,96.84,住,,,1110518,土地2建物1車位4,十三層,十四層,住宅大樓(11層含以上有電梯),住家用,1070702.0,536.91,0,0,0,無,有,118080000,288883.0,坡道平面,167.28,11300000,,RPVNMLQLNHHGFEA38DA,215.67,8.01,13.4,有,1458.0,4.0
內湖區,房地(土地+建物),文德路６６巷４０弄１５號四樓,39.48,住,,,1110515,土地1建物1車位0,四層,五層,公寓(5樓含以下無電梯),住家用,730211.0,121.66,3,2,1,有,無,17900000,147131.0,,0.0,0,其他增建；,RPPRMLKMNHHGFCA47DA,79.05,0.0,12.51,無,,38.0
文山區,房地(土地+建物),景明街１４巷６之２號二樓,45.38,住,,,1110523,土地1建物1車位0,二層，陽台,四層,公寓(5樓含以下無電梯),住家用,640905.0,133.05,4,2,2,有,無,23380000,175723.0,,0.0,0,陽台外推；其他增建；,RPROMLRJOHHGFAA67DA,133.05,0.0,0.0,無,,47.0
大安區,房地(土地+建物),和平東路二段３１１巷５３號四樓,21.05,住,,,1110527,土地1建物1車位0,四層,十九層,住宅大樓(11層含以上有電梯),住家用,740522.0,109.05,3,2,2,有,有,22600000,207225.0,,0.0,0,,RPVNMLRLOHHGFFA68DA,82.05,1.56,7.76,有,,37.0
萬華區,房地(土地+建物)+車位,中華路二段４１６巷５２號十四樓之３,53.74,住,,,1110518,土地1建物1車位1,十四層,十四層,住宅大樓(11層含以上有電梯),住家用,1020702.0,207.43,4,2,2,有,有,38500000,185605.0,坡道平面,0.0,0,,RPXNMLSLOHHGFBA58DA,117.01,0.0,11.4,有,1464.0,9.0
內湖區,房地(土地+建物),康樂街６１巷１７號三樓,31.97,住,,,1110530,土地2建物1車位0,三層,五層,華廈(10層含以下有電梯),住家用,830621.0,121.8,3,2,2,有,無,22000000,180624.0,,0.0,0,,RPVOMLLJOHHGFCA67DA,95.68,2.94,10.75,有,,28.0
信義區,房地(土地+建物),忠孝東路四段５５３巷３６號三樓,28.42,住,,,1110507,土地1建物1車位0,三層,五層,公寓(5樓含以下無電梯),住家用,570712.0,51.98,3,1,1,有,無,15000000,288573.0,,0.0,0,其他增建；,RPRNMLNLOHHGFDA67DA,51.98,0.0,0.0,無,,54.0
大安區,房地(土地+建物)+車位,四維路１９２巷１６號七樓,28.95,住,,,1110502,土地1建物1車位2,七層,十三層,住宅大樓(11層含以上有電梯),住家用,1020131.0,187.11,3,2,2,有,有,72800000,389076.0,塔式車位,2.38,0,車位樓層:地上第一層,RPOPMLNLOHHGFFA77DA,104.77,6.29,13.4,有,1466.0,9.0
士林區,房地(土地+建物)+車位,中山北路七段１８１巷２號三樓,151.61,住,,,1110522,土地1建物1車位2,三層，四層，五層,五層,華廈(10層含以下有電梯),住家用,951226.0,339.29999999999995,4,2,3,有,有,89000000,276225.0,坡道平面,38.82,6000000,陽台外推；其他增建；,RPSOMLRLOHHGFEA48EA,181.2,6.21,20.48,有,,15.0
中正區,房地(土地+建物),寧波東街９巷８號四樓之３,8.01,住,,,1110522,土地1建物1車位0,四層,八層,華廈(10層含以下有電梯),住家用,951115.0,38.41,1,0,1,有,有,16680000,434262.0,,0.0,0,陽台外推；其他增建；,RPWNMLOKOHHGFAA87DA,22.53,0.47,2.64,有,,16.0
內湖區,房地(土地+建物)+車位,康寧路三段１８０巷１８號,20.87,住,,,1110520,土地1建物1車位1,一層,七層,華廈(10層含以下有電梯),住家用,981009.0,119.72,3,2,1,有,有,27200000,227197.0,坡道平面,37.7,0,陽台外推；夾層；,RPTQMLRLOHHGFCA48DA,42.17,0.0,12.81,有,1467.0,13.0
北投區,房地(土地+建物),石仙路１５號,49.5,住,,,1110526,土地1建物1車位0,一層,五層,公寓(5樓含以下無電梯),住家用,790822.0,137.62,4,2,2,有,無,15800000,114809.0,,0.0,0,其他增建；,RPUNMLOKOHHGFEA08DA,112.77,9.74,0.0,無,,32.0
北投區,房地(土地+建物),宜山路５號,178.05,住,,,1110517,土地1建物1車位0,全,四層,透天厝,住家用,781111.0,365.45,2,2,4,有,無,55000000,150499.0,,0.0,0,頂樓加蓋；,RPXNMLSLOHHGFEA88DA,226.08,120.51,18.86,有,,33.0
中山區,房地(土地+建物),新生北路二段７３號七樓之２,3.78,住,,,1110530,土地1建物1車位0,七層,七層,華廈(10層含以下有電梯),住家用,680301.0,17.8,0,0,0,無,有,3750000,210674.0,,0.0,0,陽台外推；,RPVOMLOKOHHGFCA08DA,12.36,0.0,2.15,有,,43.0
內湖區,房地(土地+建物)+車位,金龍路２２２巷８號九樓之１,21.91,住,,,1110529,土地1建物1車位1,九層,十二層,住宅大樓(11層含以上有電梯),住家用,821213.0,69.81,1,1,1,有,有,10200000,205271.0,坡道平面,30.35,2100000,陽台外推；,RPTONLMLKHHGFCA57EA,58.56,0.0,5.1,有,,28.0
大安區,房地(土地+建物),光復南路５６８之１號七樓,8.36,住,,,1110522,土地4建物1車位0,七層,十二層,住宅大樓(11層含以上有電梯),住家用,721227.0,95.11,2,2,1,有,有,26000000,273368.0,,0.0,0,陽台外推；其他增建；,RPOOMLRKOHHGFFA97DA,70.46,0.0,12.73,有,,38.0
北投區,房地(土地+建物),新民路９３號三樓,31.8,住,,,1110529,土地3建物1車位0,三層,五層,公寓(5樓含以下無電梯),住家用,681101.0,106.57,3,2,2,有,無,9500000,89143.0,,0.0,0,,RPUNMLRLOHHGFEA58EA,91.55,0.0,15.02,無,1471.0,43.0
士林區,房地(土地+建物),士東路２６６巷６弄７號三樓,27.32,住,,,1110521,土地1建物1車位0,三層,五層,公寓(5樓含以下無電梯),住家用,700904.0,106.88,3,2,2,有,無,19000000,177769.0,,0.0,0,其他增建；,RPQNMLPJOHHGFEA67DA,93.8,0.0,13.08,無,1472.0,41.0
內湖區,房地(土地+建物)+車位,民權東路六段１８５號四樓,64.51,住,,,1110515,土地2建物1車位2,四層,十一層,住宅大樓(11層含以上有電梯),住家用,971023.0,279.36,3,2,2,有,有,56000000,200458.0,坡道平面,65.44,0,,RPSPMLTJOHHGFCA28DA,126.03,13.46,14.73,有,,14.0
內湖區,房地(土地+建物),文德路２２巷４４弄１６號四樓,24.52,住,,,1110524,土地1建物1車位0,四層,八層,華廈(10層含以下有電梯),住家用,810720.0,71.19,2,2,1,有,有,12560000,176429.0,,0.0,0,陽台外推；其他增建；,RPQNMLRJOHHGFCA67DA,46.39,0.0,7.82,有,,30.0
內湖區,房地(土地+建物),內湖路三段７２巷２７號四樓,45.51,住,,,1110521,土地1建物1車位0,四層,五層,公寓(5樓含以下無電梯),住家用,720406.0,110.34,4,2,2,有,有,19100000,173101.0,,0.0,0,陽台外推；,RPTQMLMJOHHGFCA77DA,92.64,0.0,12.86,無,1474.0,39.0
中正區,房地(土地+建物)+車位,和平西路二段９６號七樓之１,11.34,住,,,1110528,土地1建物1車位2,七層,十層,華廈(10層含以下有電梯),住家用,1040318.0,116.91,2,2,1,有,有,23800000,203575.0,升降機械,49.56,0,,RPVOMLRLOHHGFAA28DA,33.56,4.58,3.56,有,1475.0,7.0
北投區,房地(土地+建物),宜山路５之１號,175.88,住,,,1110517,土地1建物1車位0,全,四層,透天厝,住家用,781111.0,368.29,2,2,3,有,無,55000000,149339.0,,0.0,0,頂樓加蓋；,RPPOMLSLOHHGFEA18DA,226.08,123.35,18.86,有,,33.0
文山區,房地(土地+建物)+車位,忠順街二段９０巷３２號二樓之２,58.02,住,,,1110516,土地1建物2車位1,二層,七層,華廈(10層含以下有電梯),住家用,840831.0,231.27999999999997,5,2,2,有,有,26000000,112418.0,坡道平面,0.0,0,陽台外推；,RPQOMLTLOHHGFAA08EA,108.25,46.25,14.67,有,,27.0
中山區,房地(土地+建物),德惠街１１１號六樓,22.57,住,,,1110513,土地1建物1車位0,六層,七層,華廈(10層含以下有電梯),住家用,740619.0,118.31,3,1,1,有,有,19600000,165666.0,,0.0,0,陽台外推；,RPPPMLOLOHHGFCA67DA,95.73,0.0,11.46,有,,37.0
內湖區,房地(土地+建物)+車位,江南街１１７巷８弄５號四樓,34.62,住,,,1110528,土地1建物1車位1,四層,八層,華廈(10層含以下有電梯),住家用,940216.0,163.28,3,2,2,有,有,33280000,203822.0,坡道平面,45.66,0,其他增建；,RPOOMLOKOHHGFCA37DA,71.21,0.68,7.83,有,,17.0
士林區,房地(土地+建物)+車位,忠誠路一段１７３巷１９號五樓,47.28,住,,,1110518,土地1建物1車位2,五層,十層,華廈(10層含以下有電梯),住家用,1030610.0,330.33000000000004,0,0,0,無,有,75300000,277966.0,坡道平面,79.94,5700000,,RPTOMLSLOHHGFEA58DA,137.3,14.86,14.42,有,,8.0
松山區,房地(土地+建物)+車位,市民大道四段３９之２號十四樓,48.38,住,,,1110525,土地2建物1車位2,十四層,二十三層,住宅大樓(11層含以上有電梯),住家用,1090102.0,353.85,0,0,0,無,有,171620000,592601.0,坡道平面,81.12,10000000,,RPUOMLRLOHHGFDA48DA,150.81,3.1,22.94,有,,2.0
中山區,房地(土地+建物)+車位,南京東路三段１９４巷５號三樓之６,11.34,住,,,1110528,土地1建物1車位1,三層,五層,華廈(10層含以下有電梯),住家用,790724.0,53.06,1,1,1,有,有,12300000,231813.0,升降機械,11.36,0,陽台外推；,RPSTMLQKOHHGFCA48DA,37.99,0.0,3.52,有,1478.0,32.0
北投區,房地(土地+建物),吉利街３９巷１５號五樓,30.13,住,,,1110529,土地1建物1車位0,五層,五層,公寓(5樓含以下無電梯),住家用,750402.0,112.59,3,2,2,有,無,17500000,155431.0,,0.0,0,陽台外推；頂樓加蓋；其他增建；,RPPOMLRJOHHGFEA87DA,92.61,0.0,10.06,無,,36.0
北投區,房地(土地+建物),中和街２０巷７２號二樓,39.0,住,,,1110529,土地1建物1車位0,二層,五層,公寓(5樓含以下無電梯),住家用,690801.0,147.71,4,2,2,有,無,16080000,108862.0,,0.0,0,陽台外推；其他增建；,RPUOMLSLOHHGFEA68DA,112.26,0.0,17.46,無,,42.0
內湖區,房地(土地+建物),康寧路三段９９巷８弄１２號四樓,30.12,住,,,1110515,土地1建物1車位0,四層,五層,公寓(5樓含以下無電梯),住家用,741023.0,112.29,3,2,2,有,無,17680000,157449.0,,0.0,0,,RPSPMLSLOHHGFCA38DA,91.85,0.0,11.14,無,,37.0
內湖區,房地(土地+建物)+車位,安康路３５０號三樓之２,13.76,住,,,1110522,土地1建物1車位1,三層,八層,華廈(10層含以下有電梯),住家用,930611.0,77.61,0,0,0,無,有,10800000,139157.0,坡道平面,0.0,2500000,陽台外推；,RPUTMLQKOHHGFCA68DA,27.31,0.0,3.79,有,1479.0,18.0
北投區,房地(土地+建物)+車位,珠海路１０７巷１２號二樓,109.29,住,,,1110527,土地1建物2車位2,二層，三層,五層,華廈(10層含以下有電梯),住家用,991116.0,360.09000000000003,4,2,3,有,有,53500000,148574.0,坡道平面,35.76,0,,RPPPMLTLOHHGFEA38DA,160.22,33.93,15.15,有,,12.0
士林區,房地(土地+建物),文昌路１５９號三樓,43.25,住,,,1110527,土地2建物1車位0,三層,四層,公寓(5樓含以下無電梯),住家用,621214.0,132.92,4,3,2,有,無,18800000,141438.0,,0.0,0,陽台外推；,RPURMLLJOHHGFEA08DA,120.29,0.0,12.63,無,,48.0
內湖區,房地(土地+建物),星雲街１６８巷４３號四樓,8.58,住,,,1110522,土地1建物1車位0,四層,二十一層,住宅大樓(11層含以上有電梯),住家用,860124.0,55.9,2,2,1,有,有,13000000,232558.0,,0.0,0,,RPVPMLSLOHHGFCA68DA,27.87,0.58,2.46,有,1480.0,25.0
內湖區,房地(土地+建物),文德路２２巷７４弄２號,24.8,住,,,1110509,土地3建物1車位0,一層,四層,公寓(5樓含以下無電梯),住家用,670124.0,62.02,2,2,1,有,無,12800000,206385.0,,0.0,0,其他增建；,RPUOMLNKOHHGFCA87DA,49.9,12.12,0.0,無,,44.0
內湖區,房地(土地+建物)+車位,文湖街２１巷１１８弄１２號七樓,23.99,住,,,1110515,土地1建物1車位1,七層,七層,華廈(10層含以下有電梯),住家用,1070710.0,123.64,0,0,0,無,有,23900000,224833.0,其他,24.9,1700000,,RPTPMLKLNHHGFCA57DA,43.41,1.16,11.71,有,,4.0
大同區,房地(土地+建物),重慶北路三段１９１巷８號七樓,24.09,住,,,1110529,土地2建物1車位0,七層,七層,華廈(10層含以下有電梯),住家用,700624.0,129.34,3,2,2,有,無,23500000,181692.0,,0.0,0,陽台外移、陽台加窗其他增建；,RPUNMLTLNHHGFBA28DA,96.84,0.0,12.9,有,1481.0,41.0
大同區,房地(土地+建物),民族西路３１５號六樓,15.24,住,,,1110524,土地2建物1車位0,六層,七層,華廈(10層含以下有電梯),住家用,710825.0,97.09,3,2,2,有,無,16600000,170975.0,,0.0,0,陽台外推；其他增建；,RPOPMLKLOHHGFBA07DA,71.67,0.0,18.48,有,,40.0
大安區,房地(土地+建物)+車位,敦化南路二段１７２巷２６之１號二樓,36.14,住,,,1110528,土地1建物1車位2,二層,八層,華廈(10層含以下有電梯),住家用,1080702.0,251.89,3,2,3,有,有,76800000,372690.0,其他,61.92,6000000,含裝潢費；含傢俱設備費；,RPSNMLKMOHHGFFA87EA,100.56,5.09,14.4,有,,3.0
松山區,房地(土地+建物),八德路四段１８１巷１７弄１３號二樓,51.0,住,,,1110518,土地1建物1車位0,二層，陽臺,四層,公寓(5樓含以下無電梯),住家用,621121.0,140.97,3,2,2,有,無,27300000,193658.0,,0.0,0,陽台外推；,RPQNMLMLOHHGFDA47DA,140.97,0.0,0.0,無,1483.0,48.0
文山區,房地(土地+建物),育英街７９號二樓之２,16.34,住,,,1110529,土地1建物1車位0,二層,七層,華廈(10層含以下有電梯),住家用,1091225.0,69.47,1,1,1,有,有,16380000,235785.0,,0.0,0,,RPOOMLTLOHHGFAA77DA,38.6,2.14,6.73,有,,1.0
信義區,房地(土地+建物),富陽街８７巷２２號四樓,50.0,住,,,1110507,土地2建物1車位0,四層,四層,公寓(5樓含以下無電梯),住家用,571118.0,107.25,3,2,1,有,無,22700000,211655.0,,0.0,0,頂樓加蓋；其他增建；,RPOQMLQJOHHGFDA77DA,107.25,0.0,0.0,無,,53.0
南港區,房地(土地+建物),舊莊街一段２６２巷２弄２號四樓,29.19,住,,,1110529,土地3建物1車位0,四層,五層,公寓(5樓含以下無電梯),住家用,741009.0,113.54,3,2,2,有,無,12000000,105690.0,,0.0,0,其他增建；,RPOOMLKKOHHGFDA07DA,98.67,0.0,14.87,無,,37.0
文山區,房地(土地+建物),和平東路四段６５巷２７弄６之５號,92.86,住,,,1110517,土地1建物1車位0,全,四層,透天厝,住家用,760711.0,179.1,4,2,3,有,有,25000000,139587.0,,0.0,0,陽台外推；頂樓加蓋；其他增建；,RPSNMLLJOHHGFAA07DA,152.29,18.29,8.52,無,,35.0
南港區,房地(土地+建物)+車位,經貿二路２３５巷３７號九樓,49.56,住,,,1110505,土地1建物1車位2,九層,二十一層,住宅大樓(11層含以上有電梯),住家用,1031204.0,299.94,3,2,2,有,有,85000000,283390.0,坡道平面,0.0,0,,RPWNMLLJPHHGFDA97EA,149.32,0.0,15.36,有,1485.0,7.0
信義區,房地(土地+建物),永吉路１２０巷２０號九樓之６,12.17,住,,,1110529,土地2建物1車位0,九層,十層,華廈(10層含以下有電梯),住家用,951201.0,56.59,0,0,0,無,有,17000000,300406.0,,0.0,0,,RPTNMLKMOHHGFDA67DA,31.15,2.87,3.28,有,,15.0
中山區,房地(土地+建物),五常街５３巷１４號二樓,25.29,住,,,1110524,土地1建物1車位0,二層,七層,華廈(10層含以下有電梯),住家用,701117.0,114.16,3,1,2,有,無,23000000,201472.0,,0.0,0,,RPQNMLKMOHHGFCA37EA,100.96,0.0,13.2,有,,41.0
中山區,房地(土地+建物),五常街５３巷４１號三樓,25.4,住,,,1110525,土地1建物1車位0,三層,五層,公寓(5樓含以下無電梯),住家用,670410.0,94.6,2,2,2,有,無,16360000,172939.0,,0.0,0,其他增建；,RPWQMLTLOHHGFCA98DA,88.59,0.0,6.01,無,1486.0,44.0
中正區,房地(土地+建物)+車位,水源路３７之６號二樓之３,17.81,住,,,1110529,土地1建物1車位1,二層,十三層,住宅大樓(11層含以上有電梯),住家用,1070223.0,176.88,3,2,2,有,有,34660000,195952.0,坡道平面,32.06,0,,RPRNMLKMOHHGFAA17DA,80.55,7.62,8.23,有,,4.0
內湖區,房地(土地+建物)+車位,大湖山莊街２０９號五樓,38.56,住,,,1110527,土地1建物1車位1,五層,五層,公寓(5樓含以下無電梯),住家用,770204.0,132.52,3,2,2,有,無,18880000,142469.0,坡道平面,0.0,0,頂樓加蓋；其他增建；,RPSNMLPKOHHGFCA77DA,122.26,0.61,9.65,無,,34.0
信義區,房地(土地+建物),福德街３００巷４９弄１２號三樓,21.93,住,,,1110525,土地1建物1車位0,三層,六層,華廈(10層含以下有電梯),住家用,780419.0,95.94,3,2,2,有,無,20000000,208464.0,,0.0,0,,RPXOMLRLNHHGFDA78EA,75.79,0.0,9.5,有,,33.0
北投區,房地(土地+建物),大興街２４巷３弄５號四樓,34.76,住,,,1110509,土地1建物1車位0,四層,四層,公寓(5樓含以下無電梯),住家用,681224.0,107.79,4,2,2,有,無,12100000,112255.0,,0.0,0,,RPWPMLOKOHHGFEA48DA,99.33,0.0,8.46,無,,42.0
內湖區,房地(土地+建物),成功路五段４２０巷１７號二樓之２,32.68,住,,,1110516,土地1建物1車位0,二層,十一層,住宅大樓(11層含以上有電梯),住家用,860515.0,151.28,3,2,2,有,有,31000000,204918.0,,0.0,0,陽台外推；其他增建；,RPRNMLRKOHHGFCA87DA,81.06,31.45,12.42,有,,25.0
大安區,房地(土地+建物),潮州街５５巷３號二樓,13.34,住,,,1110523,土地1建物1車位0,二層,七層,華廈(10層含以下有電梯),住家用,980302.0,62.379999999999995,1,1,1,有,有,23200000,371914.0,,0.0,0,,RPVNMLTLOHHGFFA88DA,31.91,7.22,3.2,有,,13.0
文山區,房地(土地+建物)+車位,秀明路一段１２９巷５０號二樓,149.94,住,,,1110521,土地1建物1車位1,二層,五層,華廈(10層含以下有電梯),住家用,1070302.0,225.44,4,2,2,有,有,42500000,188520.0,坡道平面,35.02,0,,RPPOMLSLOHHGFAA77DA,122.35,0.0,10.85,有,1489.0,4.0
信義區,房地(土地+建物),永吉路１８０巷４２弄９號二樓,21.25,住,,,1110505,土地1建物1車位0,二層，陽臺,四層,公寓(5樓含以下無電梯),住家用,,63.12,3,2,1,有,無,12500000,198035.0,,0.0,0,,RPRPMLRLNHHGFDA28EA,63.12,0.0,0.0,無,,
大安區,房地(土地+建物),麗水街５號三樓,33.17,住,,,1110521,土地1建物1車位0,三層,六層,華廈(10層含以下有電梯),住家用,610104.0,141.24,4,2,2,有,有,40850000,289224.0,,0.0,0,,RPVOMLTLOHHGFFA98DA,141.24,0.0,0.0,有,,50.0
大安區,房地(土地+建物),樂業街１６９巷２７號六樓,23.59,住,,,1110527,土地1建物1車位0,六層,七層,華廈(10層含以下有電梯),住家用,710902.0,132.8,3,2,2,有,無,29700000,223645.0,,0.0,0,陽台外推；其他增建；,RPSOMLKLOHHGFFA77DA,105.38,0.0,20.38,有,,40.0
文山區,房地(土地+建物),試院路１５４巷２弄３１號,29.2,住,,,1110505,土地2建物1車位0,一層,四層,公寓(5樓含以下無電梯),住家用,,99.66,3,2,1,有,有,9380000,94120.0,,0.0,0,,RPQNMLLJPHHGFAA96DA,85.89,4.47,9.3,無,,
士林區,房地(土地+建物),中社路一段３６巷８號四樓,97.69,住,,,1110519,土地1建物1車位0,四層,四層,公寓(5樓含以下無電梯),住家用,640801.0,103.75,4,2,2,有,無,12100000,116627.0,,0.0,0,空地加蓋陽台外推；頂樓加蓋；其他增建；,RPTOMLLJPHHGFEA87EA,103.75,0.0,0.0,無,,47.0
信義區,房地(土地+建物),虎林街５６巷３０號二樓,29.0,住,,,1110530,土地1建物1車位0,二層，陽臺,四層,公寓(5樓含以下無電梯),住家用,610927.0,82.34,3,2,1,有,無,14900000,180957.0,,0.0,0,,RPRNMLLJPHHGFDA47EA,82.34,0.0,0.0,無,,50.0
萬華區,房地(土地+建物),德昌街７巷６號二樓,30.45,住,,,1110519,土地2建物1車位0,二層,五層,公寓(5樓含以下無電梯),住家用,740121.0,103.65,3,2,1,有,無,14000000,135070.0,,0.0,0,陽台外推；,RPSNMLLJPHHGFBA37EA,91.74,0.0,11.91,無,,37.0
北投區,房地(土地+建物)+車位,行義路１８８之２號,175.6,住,,,1110506,土地1建物2車位2,一層，二層，三層，四層，屋頂突出物，地下一層,五層,華廈(10層含以下有電梯),住家用,1000823.0,537.97,5,4,5,有,有,68000000,130055.0,坡道平面,53.56,5000000,露臺加蓋、庭院加蓋陽台外推；其他增建；,RPXOMLTKNHHGFEA88DA,368.69,10.06,29.93,有,,11.0
內湖區,房地(土地+建物),成功路四段２９４巷２５弄１９號,139.46,住,,,1110519,土地1建物1車位0,全,四層,透天厝,住家用,750702.0,327.72,5,2,5,有,有,48000000,146466.0,,0.0,0,陽台外推；夾層；其他增建；,RPVNMLSJOHHGFCA28DA,178.87,140.56,8.29,無,,36.0
信義區,房地(土地+建物)+車位,信義路五段９１巷１２弄１號二樓之１,10.44,住,,,1110523,土地1建物1車位1,二層,七層,華廈(10層含以下有電梯),住家用,971224.0,67.82,1,0,1,有,有,14550000,214538.0,坡道機械,0.0,0,,RPOQMLRLNHHGFDA08EA,18.29,2.45,0.0,有,1499.0,13.0
中正區,房地(土地+建物),晉江街５１號三樓,19.08,住,,,1110509,土地2建物1車位0,三層,六層,公寓(5樓含以下無電梯),住家用,710224.0,90.16,3,2,2,有,無,19200000,212955.0,,0.0,0,陽台外推；其他增建；,RPQPMLOKMHHGFAA37EA,71.39,0.0,11.3,無,,40.0
萬華區,房地(土地+建物),和平西路三段３８４號三樓之１２,3.1,住,,,1110516,土地2建物1車位0,三層,八層,華廈(10層含以下有電梯),住家用,700706.0,21.82,1,0,1,有,有,3100000,142071.0,,0.0,0,,RPSNMLOJPHHGFBA57DA,15.38,0.0,0.0,有,1501.0,41.0
文山區,房地(土地+建物),萬芳路１０７巷１５號十樓,21.38,住,,,1110520,土地3建物1車位0,十層,十五層,住宅大樓(11層含以上有電梯),住家用,970623.0,90.95,2,2,1,有,有,19510000,214513.0,,0.0,0,陽台外推；,RPWOMLRJOHHGFAA18DA,54.21,2.48,6.94,有,,14.0
內湖區,房地(土地+建物)+車位,大湖山莊街５８之３號三樓,28.65,住,,,1110501,土地1建物1車位1,三層,三層,公寓(5樓含以下無電梯),住家用,830624.0,84.47,2,2,1,有,無,14950000,176986.0,升降機械,0.0,0,陽台外推；其他增建；,RPWNMLSKNHHGFCA38DA,44.86,0.75,6.11,無,,28.0
大安區,房地(土地+建物),瑞安街２２２巷３３號三樓,32.31,住,,,1110527,土地1建物1車位0,三層，陽臺,四層,公寓(5樓含以下無電梯),住家用,,99.15,3,2,2,有,無,22000000,221886.0,,0.0,0,,RPXOMLQJOHHGFFA68DA,99.15,0.0,0.0,無,,
內湖區,房地(土地+建物)+車位,新豐街１５６號五樓之２,44.2,住,,,1110529,土地1建物1車位1,五層,十四層,住宅大樓(11層含以上有電梯),住家用,991130.0,204.37,3,2,2,有,有,45000000,257420.0,坡道平面,39.27,2500000,,RPVNMLNKOHHGFCA87DA,94.93,6.63,12.18,有,1503.0,11.0
士林區,房地(土地+建物)+車位,天母北路５６號十一樓之３,19.13,住,,,1110520,土地1建物1車位1,十一層,二十四層,住宅大樓(11層含以上有電梯),住家用,1090703.0,195.21,3,2,2,有,有,49880000,300985.0,坡道平面,38.79,2800000,,RPQRMLLJOHHGFEA67DA,83.82,12.14,6.12,有,,2.0
內湖區,房地(土地+建物)+車位,內湖路一段４１１巷６８號七樓,77.46,住,,,1110504,土地2建物1車位5,七層,二十八層,住宅大樓(11層含以上有電梯),住家用,1051026.0,575.01,5,2,4,有,有,171000000,347477.0,坡道平面,126.05,15000000,,RPQOMLKMOHHGFCA37DA,282.38,11.47,27.64,有,1507.0,6.0
內湖區,房地(土地+建物),星雲街１６８巷３５號十五樓之７,7.5,住,,,1110515,土地1建物1車位0,十五層,二十一層,住宅大樓(11層含以上有電梯),住家用,860124.0,38.5,1,1,1,有,有,9050000,235065.0,,0.0,0,陽台外推；夾層；其他增建；,RPPUMLQKOHHGFCA28DA,23.63,0.0,3.22,有,,25.0
北投區,房地(土地+建物)+車位,中央北路三段４０巷１９弄１１之３號,20.9,住,,,1110514,土地1建物2車位1,一層,十一層,住宅大樓(11層含以上有電梯),住家用,970702.0,92.47,2,2,1,有,有,14380000,177240.0,塔式車位,19.8,1500000,陽台外推；夾層；其他增建；,RPQOMLOJPHHGFEA87EA,48.46,2.78,6.33,有,,14.0
文山區,房地(土地+建物)+車位,興隆路四段１６５巷４０弄１５號九樓,28.75,住,,,1110509,土地1建物1車位1,九層,十二層,住宅大樓(11層含以上有電梯),住家用,1021118.0,205.26,3,2,2,有,有,29000000,141284.0,坡道平面,0.0,2500000,,RPTNMLOJPHHGFAA67EA,92.63,2.99,10.06,有,1510.0,8.0
士林區,房地(土地+建物)+車位,德行東路１８５號四樓,43.44,住,,,1110524,土地1建物1車位2,四層,九層,華廈(10層含以下有電梯),住家用,941221.0,274.94,2,2,2,有,有,61800000,273061.0,坡道平面,70.59,6000000,公設增建陽台外推；其他增建；,RPRNMLKLOHHGFEA47DA,118.09,9.11,13.86,有,,16.0
北投區,房地(土地+建物)+車位,行義路１５４巷１１之１號五樓,81.58,住,,,1110519,土地1建物1車位1,五層，見其他登記事項,五層,華廈(10層含以下有電梯),住家用,1030813.0,218.51,5,2,4,有,有,36380000,166491.0,坡道平面,35.51,0,,RPQPMLPJPHHGFEA08EA,105.89,7.68,10.98,有,,8.0
北投區,房地(土地+建物),中央北路二段１２７號二樓,24.25,住,,,1110529,土地1建物1車位0,二層，陽臺,四層,公寓(5樓含以下無電梯),住家用,641001.0,87.73,3,2,2,有,無,12000000,136783.0,,0.0,0,陽台外推；,RPXOMLPJPHHGFEA68EA,87.73,0.0,0.0,無,,47.0
北投區,房地(土地+建物)+車位,行義路１８８之３號,312.17,住,,,1110506,土地1建物2車位4,一層，二層，三層，四層，屋頂突出物，地下一層,五層,華廈(10層含以下有電梯),住家用,1000823.0,694.08,4,4,5,有,有,90000000,136295.0,坡道平面,107.12,10000000,露臺加蓋、庭院加蓋陽台外推；其他增建；,RPSOMLTKNHHGFEA38DA,437.75,17.03,39.88,有,,11.0
北投區,房地(土地+建物),珠海路１０９巷２４號三樓,30.57,住,,,1110531,土地1建物1車位0,三層，電梯樓梯間,七層,華廈(10層含以下有電梯),住家用,860702.0,83.22,2,2,1,有,有,13950000,167628.0,,0.0,0,共有人數2人陽台外推；其他增建；,RPORMLKKOHHGFEA47DA,61.76,5.9,4.3,有,,25.0
文山區,房地(土地+建物),辛亥路四段７７巷９２弄１１號六樓之５,35.22,住,,,1110524,土地3建物1車位0,六層,十四層,住宅大樓(11層含以上有電梯),住家用,920922.0,55.709999999999994,1,1,1,有,有,10200000,183091.0,,0.0,0,另有大安區辛亥段四小段６１５－１、６１５－２、７６２－１地號同一價格併古大012310,RPXNMLRLOHHGFAA48EA,34.49,0.0,3.31,有,1514.0,19.0
信義區,房地(土地+建物)+車位,青雲街５６號,234.0,住,,,1110529,土地1建物1車位1,全,二層,透天厝,住家用,741226.0,227.07,5,3,4,有,有,62880000,276919.0,一樓平面,50.5,0,陽台外推；其他增建；,RPUNMLLJPHHGFDA67DA,159.81,59.25,8.01,無,,36.0
內湖區,房地(土地+建物),康寧路三段１８９巷６７號三樓,32.01,住,,,1110518,土地1建物1車位0,三層,五層,公寓(5樓含以下無電梯),住家用,750203.0,119.71,3,2,2,有,無,20500000,171247.0,,0.0,0,,RPWQMLLJPHHGFCA08DA,99.12,0.54,7.79,無,,36.0
中正區,房地(土地+建物),金門街２４巷８之１號二樓,30.56,住,,,1110524,土地1建物1車位0,二層,五層,公寓(5樓含以下無電梯),住家用,720919.0,109.68,3,2,2,有,無,20880000,190372.0,,0.0,0,其他增建；,RPOOMLPJPHHGFAA37EA,95.5,0.0,3.63,無,,39.0
北投區,房地(土地+建物),文林北路８０巷９０弄３３號一樓,52.0,住,,,1110523,土地1建物1車位0,一層，平台,四層,公寓(5樓含以下無電梯),住家用,640820.0,133.31,3,2,2,有,無,28750000,215663.0,,0.0,0,其他增建；,RPROMLKLOHHGFEA57DA,133.31,0.0,0.0,無,,47.0
內湖區,房地(土地+建物)+車位,星雲街１６８巷２５號十三樓之１,22.18,住,,,1110528,土地1建物1車位1,十三層,十三層,住宅大樓(11層含以上有電梯),住家用,841116.0,131.31,2,2,1,有,有,23500000,178966.0,坡道平面,0.0,0,陽台外推；,RPPPMLRKOHHGFCA87DA,66.6,1.33,6.22,有,1517.0,27.0
大安區,房地(土地+建物),新生南路一段１１９巷１８號,38.5,住,,,1110507,土地1建物1車位0,一層,四層,公寓(5樓含以下無電梯),住家用,661028.0,113.27,3,2,2,有,無,45500000,401695.0,,0.0,0,其他增建；,RPSOMLNKOHHGFFA97DA,97.21,16.06,0.0,無,,45.0
大同區,房地(土地+建物),迪化街二段２７５巷９號五樓,20.0,住,,,1110523,土地1建物1車位0,五層,五層,公寓(5樓含以下無電梯),住家用,680904.0,70.61,3,2,2,有,無,9300000,131709.0,,0.0,0,陽台外推；其他增建；,RPPNMLRLOHHGFBA67DA,61.72,0.0,8.89,無,,43.0
信義區,房地(土地+建物),和平東路三段４３５巷６之６號五樓,23.0,住,,,1110530,土地1建物1車位0,五層,五層,公寓(5樓含以下無電梯),住家用,680115.0,82.35,2,2,2,有,無,18200000,221008.0,,0.0,0,陽台外推；頂樓加蓋；其他增建；,RPXOMLSLOHHGFDA88DA,71.01,0.0,11.34,無,1520.0,43.0
文山區,房地(土地+建物)+車位,辛亥路四段７７巷２３號七樓,43.52,住,,,1110528,土地4建物1車位1,七層,十四層,住宅大樓(11層含以上有電梯),住家用,851107.0,116.9,2,2,1,有,有,18080000,154662.0,坡道平面,0.0,2000000,其他增建；,RPPOMLQJPHHGFAA47DA,53.28,0.65,6.55,有,,26.0
中正區,房地(土地+建物),重慶南路二段１９巷１０號三樓,22.28,住,,,1110510,土地1建物1車位0,三層,五層,公寓(5樓含以下無電梯),住家用,620227.0,64.57,2,2,1,有,無,10190005,157813.0,,0.0,0,,RPXNMLPJPHHGFAA18EA,43.59,2.13,6.79,無,,49.0
中山區,房地(土地+建物),復興北路１９０巷１號四樓之５,18.51,住,,,1110527,土地1建物1車位0,四層,十四層,住宅大樓(11層含以上有電梯),住家用,750609.0,98.45,3,2,1,有,有,24500000,248857.0,,0.0,0,其他增建；,RPXOMLRKOHHGFCA58DA,76.81,0.0,6.1,有,,36.0
士林區,房地(土地+建物),社中街１５２巷３０號二樓之３,11.45,住,,,1110529,土地1建物1車位0,二層,七層,華廈(10層含以下有電梯),住家用,840414.0,40.02,2,1,1,有,有,5500000,137431.0,,0.0,0,其他增建；,RPOPMLOKOHHGFEA67DA,26.22,0.0,6.71,有,,27.0
北投區,房地(土地+建物)+車位,稻香路１６１巷７號八樓、７號八樓之１,22.62,住,,,1110523,土地1建物1車位1,八層,十一層,住宅大樓(11層含以上有電梯),住家用,930312.0,117.26,2,2,2,有,有,17200000,144731.0,升降機械,6.71,1200000,陽台外推；其他增建；,RPTOMLQJPHHGFEA28DA,58.51,5.31,6.35,有,1524.0,18.0
松山區,房地(土地+建物)+車位,復興北路４８９號四樓之７,10.27,住,,,1110521,土地1建物1車位1,四層,十一層,住宅大樓(11層含以上有電梯),住家用,960216.0,56.09,1,1,1,有,有,11700000,208593.0,升降機械,14.21,0,夾層；,RPTNMLOJPHHGFDA87DA,25.09,0.0,2.24,有,,15.0
文山區,房地(土地+建物),木柵路一段３３１之３號三樓,26.0,住,,,1110524,土地1建物1車位0,三層,四層,公寓(5樓含以下無電梯),住家用,660215.0,73.64,3,2,1,有,無,11800000,160239.0,,0.0,0,,RPTNMLRJPHHGFAA87DA,68.71,0.0,4.93,無,,45.0
大安區,房地(土地+建物),新生南路一段１３７巷１８號二樓,51.0,住,,,1110527,土地1建物1車位0,二層，陽臺,四層,公寓(5樓含以下無電梯),住家用,640906.0,137.26,3,2,2,有,無,38600000,281218.0,,0.0,0,,RPTQMLNJNHHGFFA18EA,137.26,0.0,0.0,無,1525.0,47.0
士林區,房地(土地+建物),後港街１６２巷１０弄１號二樓,34.5,住,,,1110530,土地1建物1車位0,二層,四層,公寓(5樓含以下無電梯),住家用,620120.0,82.58,3,2,2,有,無,12130000,146888.0,,0.0,0,陽台外推；,RPTPMLQJPHHGFEA48EA,75.7,0.0,6.88,無,1527.0,49.0
文山區,房地(土地+建物),興隆路三段１８５巷７弄１５號三樓,25.98,住,,,1110509,土地7建物1車位0,三層,五層,公寓(5樓含以下無電梯),住家用,720823.0,86.72999999999999,3,2,2,有,有,10700000,123371.0,,0.0,0,陽台外推；,RPRNMLRJPHHGFAA77EA,64.8,0.0,13.91,無,1528.0,39.0
信義區,房地(土地+建物),松德路２５巷１２號四樓,12.1,住,,,1110524,土地2建物1車位0,四層,十四層,住宅大樓(11層含以上有電梯),住家用,740620.0,104.43,3,2,2,有,有,24800000,237480.0,,0.0,0,,RPRQMLRLNHHGFDA38EA,80.1,0.0,6.33,有,,37.0
松山區,房地(土地+建物),健康路１５巷４８號二樓,26.53,住,,,1110518,土地3建物1車位0,二層,十三層,住宅大樓(11層含以上有電梯),住家用,900320.0,120.53,2,2,1,有,有,32560000,270140.0,,0.0,0,陽台外推；其他增建；,RPUPMLRKOHHGFDA48DA,62.04,0.9,8.6,有,1529.0,21.0
內湖區,房地(土地+建物)+車位,文德路２２０巷３５號五樓,16.39,住,,,1110514,土地1建物1車位2,五層,九層,華廈(10層含以下有電梯),住家用,960330.0,127.21,3,2,1,有,無,24000000,258010.0,升降平面,43.88,2500000,,RPSPMLPJPHHGFCA97DA,61.04,6.25,4.64,有,,15.0
大同區,房地(土地+建物),重慶北路三段３１２巷１８號七樓之１,26.8,住,,,1110526,土地1建物1車位0,七層,八層,華廈(10層含以下有電梯),住家用,920401.0,131.98000000000002,3,2,2,有,有,24000000,181846.0,,0.0,0,陽台外推；,RPQOMLOJPHHGFBA47DA,70.12,3.28,17.63,有,,19.0
大安區,房地(土地+建物),潮州街９８巷６之１號,32.16,住,,,1110502,土地3建物1車位0,一層,五層,公寓(5樓含以下無電梯),住家用,710227.0,199.33,3,2,2,有,無,41360000,207495.0,,0.0,0,壹樓及平台面積房地價款:3270萬整地下層:866萬元整，本案依據土地法第34條之1相關規定辦理其他增建；,RPVNMLOLOHHGFFA38DA,88.27,111.06,0.0,無,,40.0
信義區,房地(土地+建物)+車位,吳興街６００巷７６弄１３號七樓,18.96,住,,,1110516,土地4建物1車位1,七層,九層,華廈(10層含以下有電梯),住家用,1060907.0,146.99,2,2,1,有,有,30800000,209538.0,坡道平面,41.16,0,,RPRNMLNKOHHGFDA57DA,61.28,0.0,8.5,有,1530.0,5.0
中山區,房地(土地+建物),大直街１２７巷３號五樓,23.4,住,,,1110531,土地1建物1車位0,五層,五層,公寓(5樓含以下無電梯),住家用,751103.0,114.98,3,2,2,有,無,20600000,179177.0,,0.0,0,頂樓加蓋；,RPXNMLOLOHHGFCA28DA,98.99,0.0,12.77,無,,36.0
大安區,房地(土地+建物),和平東路二段１１８巷４弄１９號二樓,31.44,住,,,1110514,土地1建物1車位0,二層,七層,華廈(10層含以下有電梯),住家用,670816.0,137.67,3,2,2,有,無,38080000,276603.0,,0.0,0,陽台外推；其他增建；,RPVOMLLJPHHGFFA08DA,119.77,0.0,17.9,有,,44.0
中山區,房地(土地+建物),建國北路一段１５０號二樓之２,7.21,住,,,1110515,土地1建物1車位0,二層,十三層,住宅大樓(11層含以上有電梯),住家用,990318.0,55.81,2,1,1,有,有,17000000,304605.0,,0.0,0,陽台外推；其他增建；,RPSNMLRJPHHGFCA97DA,27.32,5.58,3.99,有,1534.0,12.0
中正區,房地(土地+建物),同安街８６巷８號二樓,37.0,住,,,1110529,土地1建物1車位0,二層,五層,公寓(5樓含以下無電梯),住家用,790110.0,113.17,4,1,2,有,無,20880000,184501.0,,0.0,0,陽台外推；其他增建；,RPOPMLPJPHHGFAA37DA,84.78,8.18,8.38,無,,32.0
文山區,房地(土地+建物),興隆路二段２０３巷７０號六樓,22.16,住,,,1110528,土地1建物1車位0,六層,十二層,住宅大樓(11層含以上有電梯),住家用,880329.0,88.35,3,2,2,有,有,18000000,203735.0,,0.0,0,陽台外推；,RPOOMLNKOHHGFAA07DA,61.24,0.0,8.5,有,,23.0
大安區,房地(土地+建物),安和路二段９０號十樓之２,22.06,住,,,1110509,土地2建物1車位0,十層,二十五層,住宅大樓(11層含以上有電梯),住家用,780810.0,223.27,4,2,2,有,有,69500000,311282.0,,0.0,0,陽台外推；其他增建；,RPSPMLQJOHHGFFA28DA,159.25,0.0,29.1,有,,33.0
文山區,房地(土地+建物),興隆路四段１４５巷６３號三樓,54.82,住,,,1110530,土地1建物1車位0,三層，四層，五層,五層,公寓(5樓含以下無電梯),住家用,780526.0,170.59,3,2,3,有,無,16600000,97309.0,,0.0,0,頂樓加蓋；其他增建；,RPVNMLKKOHHGFAA37DA,123.59,22.75,17.25,無,,33.0
信義區,房地(土地+建物),吳興街２８４巷２１弄１號二樓,38.15,住,,,1110526,土地1建物1車位0,二層,五層,公寓(5樓含以下無電梯),住家用,750830.0,135.45,4,2,2,有,無,20000000,147656.0,,0.0,0,,RPQVMLRJPHHGFDA68DA,117.55,0.0,12.21,無,,36.0
內湖區,房地(土地+建物),康寧路三段９９巷１７弄２８號,28.27,住,,,1110523,土地2建物1車位0,一層,五層,公寓(5樓含以下無電梯),住家用,731026.0,101.62,3,2,2,有,無,21500000,211573.0,,0.0,0,其他增建；,RPQNMLMLOHHGFCA37DA,84.92,8.9,0.0,無,,38.0
士林區,房地(土地+建物)+車位,中山北路七段２１９巷１６號二樓,32.64,住,,,1110530,土地1建物1車位1,二層,七層,華廈(10層含以下有電梯),住家用,730804.0,180.64,4,2,2,有,有,28200000,156112.0,坡道平面,0.0,2800000,陽台外推；,RPVOMLQKOHHGFEA48DA,143.9,0.0,13.06,有,,38.0
文山區,房地(土地+建物)+車位,木柵路三段１６９巷２０號六樓之１,33.09,住,,,1110526,土地1建物1車位1,六層,十三層,住宅大樓(11層含以上有電梯),住家用,930428.0,152.47,3,2,2,有,有,27580000,180888.0,坡道平面,15.56,0,,RPPNMLLKPHHGFAA07EA,71.62,0.0,9.33,有,,18.0
士林區,房地(土地+建物),承德路四段３２３號九樓,16.79,住,,,1110528,土地2建物1車位0,九層,十二層,住宅大樓(11層含以上有電梯),住家用,740723.0,119.69,3,2,2,有,有,20300000,169605.0,,0.0,0,陽台外移其他增建；,RPXNMLSLNHHGFEA78DA,87.56,0.0,10.84,有,1538.0,37.0
內湖區,房地(土地+建物)+車位,內湖路三段６０巷１２弄７７號十樓之２,23.62,住,,,1110508,土地1建物1車位1,十層,十八層,住宅大樓(11層含以上有電梯),住家用,830729.0,133.04999999999998,1,2,1,有,有,19730000,194491.0,坡道平面,44.46,2500000,陽台外推；其他增建；,RPSOMLTLOHHGFCA38DA,113.98,0.42,8.23,有,,28.0
內湖區,房地(土地+建物),陽光街１６１巷２弄４號四樓,30.55,,,,1110518,土地4建物1車位0,四層,五層,公寓(5樓含以下無電梯),住家用,720629.0,90.64,3,2,2,有,無,15660000,172771.0,,0.0,0,,RPUOMLLJOHHGFCA57DA,79.52,0.0,11.12,無,,39.0
中山區,房地(土地+建物),農安街２１０號七樓之３,8.88,住,,,1110508,土地1建物1車位0,七層,十二層,住宅大樓(11層含以上有電梯),住家用,750331.0,88.58,3,2,1,有,有,16700000,188530.0,,0.0,0,其他增建；,RPWPMLTLOHHGFCA88DA,59.94,0.0,8.42,有,,36.0
士林區,房地(土地+建物),中山北路七段１２４巷１之２號四樓,38.0,住,,,1110514,土地1建物1車位0,四層,五層,公寓(5樓含以下無電梯),住家用,721128.0,133.39,3,2,2,有,無,22600000,169428.0,,0.0,0,陽台外推；,RPPNMLQLOHHGFEA87DA,102.08,0.0,22.49,無,,38.0
北投區,房地(土地+建物),中央北路四段３５４巷２弄１４號五樓,23.9,住,,,1110524,土地1建物1車位0,五層,五層,公寓(5樓含以下無電梯),住家用,720713.0,91.34,2,2,1,有,無,9500000,104007.0,,0.0,0,陽台外移頂樓加蓋；其他增建；,RPUQMLOLNHHGFEA38DA,67.08,0.0,8.37,無,,39.0
松山區,房地(土地+建物)+車位,市民大道四段３９之２號十七樓,48.7,住,,,1110505,土地2建物1車位2,十七層,二十三層,住宅大樓(11層含以上有電梯),住家用,1090102.0,355.24,0,0,0,無,有,178000000,610681.0,坡道平面,81.12,10600000,,RPROMLLMNHHGFDA57DA,150.94,4.3,22.94,有,,2.0
南港區,房地(土地+建物),舊莊街一段２１２巷１２號三樓,31.75,住,,,1110528,土地2建物1車位0,三層,五層,華廈(10層含以下有電梯),住家用,1050325.0,68.55,1,1,2,有,有,11000000,160467.0,,0.0,0,其他增建；,RPOOMLSJPHHGFDA87DA,37.97,0.0,3.09,有,,6.0
大安區,房地(土地+建物),樂業街１５９巷１７號,37.67,住,,,1110525,土地1建物1車位0,一層,五層,公寓(5樓含以下無電梯),住家用,721227.0,141.09,0,2,2,有,無,35880000,254306.0,,0.0,0,其他增建；,RPVOMLSJOHHGFFA68DA,137.03,0.0,0.0,無,,38.0
大安區,房地(土地+建物),新生南路二段３０巷２６之１號,34.46,住,,,1110529,土地1建物1車位0,二層，露台,六層,華廈(10層含以下有電梯),住家用,,140.0,2,2,2,有,有,45000000,321429.0,,0.0,0,其他增建；,RPTNMLKMOHHGFFA87DA,140.0,0.0,0.0,有,,
大同區,房地(土地+建物),哈密街５９巷７８弄１號十樓之１,33.12,住,,,1110522,土地1建物1車位0,十層,十二層,住宅大樓(11層含以上有電梯),住家用,880112.0,146.71,3,2,2,有,有,23880000,162770.0,,0.0,0,其他增建；,RPXOMLOJPHHGFBA18DA,75.34,1.85,8.71,有,1543.0,23.0
中山區,房地(土地+建物),北安路６０８巷４弄２１號三樓,28.5,住,,,1110525,土地1建物1車位0,三層，陽臺,四層,公寓(5樓含以下無電梯),住家用,611229.0,88.39,3,1,2,有,無,21900000,247766.0,,0.0,0,,RPXPMLLKPHHGFCA28EA,88.39,0.0,0.0,無,1544.0,49.0
文山區,房地(土地+建物)+車位,木柵路一段６８之５號六樓,24.58,住,,,1110516,土地1建物1車位1,六層,九層,華廈(10層含以下有電梯),住家用,940511.0,122.17,2,2,1,有,有,15840000,139516.0,升降平面,22.97,2000000,陽台外推；夾層；其他增建；,RPVNMLMJOHHGFAA47DA,49.77,0.0,6.98,有,,17.0
中山區,房地(土地+建物),五常街５３巷５號三樓,24.66,住,,,1110513,土地1建物1車位0,三層,五層,公寓(5樓含以下無電梯),住家用,661110.0,98.43,3,2,2,有,無,17500000,177791.0,,0.0,0,陽台外推；其他增建；,RPUPMLSJOHHGFCA38DA,90.54,0.0,7.89,無,,45.0
文山區,房地(土地+建物)+車位,樟新街８巷５弄１４號六樓,30.39,住,,,1110529,土地1建物1車位1,六層,七層,華廈(10層含以下有電梯),住家用,820106.0,105.9,3,2,2,有,無,18680000,176393.0,升降機械,0.0,1300000,陽台外推；其他增建；,RPRNMLNKOHHGFAA27DA,70.04,2.37,7.97,有,,29.0
大安區,房地(土地+建物),復興南路二段３４０巷２１號四樓,30.75,住,,,1110529,土地1建物1車位0,四層，露台,四層,公寓(5樓含以下無電梯),住家用,601008.0,87.36,3,2,1,有,無,23500000,269002.0,,0.0,0,其他增建；,RPTPMLNLOHHGFFA28DA,87.36,0.0,0.0,無,,51.0
大同區,房地(土地+建物),酒泉街７６號二樓之１,26.87,住,,,1110528,土地1建物1車位0,二層,七層,華廈(10層含以下有電梯),住家用,710511.0,127.14,3,2,2,有,有,22500000,176970.0,,0.0,0,,RPVPMLLKPHHGFBA87DA,78.58,0.0,20.08,有,,40.0
文山區,房地(土地+建物),福興路９０號六樓,11.2,住,,,1110522,土地1建物1車位0,六層,九層,華廈(10層含以下有電梯),住家用,840207.0,38.73,2,1,1,有,有,7200000,185902.0,,0.0,0,陽台外推；其他增建；,RPROMLNKOHHGFAA37DA,25.52,0.64,4.85,有,1548.0,27.0
文山區,房地(土地+建物),興德路６２巷５號二樓,29.51,住,,,1110528,土地1建物1車位0,二層,五層,公寓(5樓含以下無電梯),住家用,,93.96,3,2,2,有,無,14500000,154321.0,,0.0,0,陽台外推；,RPOOMLNKPHHGFAA17DA,74.44,0.0,19.52,無,,
內湖區,房地(土地+建物)+車位,內湖路一段４１１巷６２弄６號十樓,19.75,住,,,1110514,土地1建物1車位1,十層,十四層,住宅大樓(11層含以上有電梯),住家用,970331.0,133.49,2,2,2,有,有,30500000,228482.0,坡道平面,34.08,0,其他增建；,RPTNMLKKOHHGFCA37DA,57.81,3.86,5.37,有,1549.0,14.0
內湖區,房地(土地+建物)+車位,成功路四段６１巷５５號十四樓之１,40.13,住,,,1110510,土地1建物1車位2,十四層,十五層,住宅大樓(11層含以上有電梯),住家用,1060905.0,299.88,4,2,3,有,有,62000000,206749.0,坡道平面,73.02,0,,RPQQMLRJPHHGFCA08DA,131.77,6.47,13.39,有,1551.0,5.0
大安區,房地(土地+建物)+車位,和平東路三段４１２號九樓之３,16.92,住,,,1110517,土地2建物1車位1,九層,十四層,住宅大樓(11層含以上有電梯),住家用,951113.0,111.87,2,2,1,有,有,22770000,272277.0,坡道平面,39.26,3000000,,RPSNMLPLNHHGFFA18EA,48.37,0.0,3.73,有,1552.0,16.0
信義區,房地(土地+建物),忠孝東路五段７９０巷５９弄２３號三樓,29.0,住,,,1110521,土地1建物1車位0,三層，陽臺,四層,公寓(5樓含以下無電梯),住家用,651204.0,76.8,3,2,1,有,無,11500000,149740.0,,0.0,0,,RPXNMLNKPHHGFDA38EA,76.8,0.0,0.0,無,,45.0
北投區,房地(土地+建物),石牌路一段１６６巷１１３號五樓,19.0,住,,,1110521,土地2建物1車位0,五層,五層,公寓(5樓含以下無電梯),住家用,691205.0,63.24,2,1,1,有,無,13600000,215054.0,,0.0,0,陽台外推；頂樓加蓋；其他增建；,RPOPMLNKOHHGFEA57DA,46.96,11.44,4.84,無,,41.0
北投區,房地(土地+建物)+車位,奇岩路２３３號三樓,194.07,住,,,1110527,土地4建物1車位2,三層,五層,華廈(10層含以下有電梯),住家用,1040617.0,233.05,4,2,2,有,有,36790000,157948.0,坡道機械,15.32,2400000,,RPXPMLRJOHHGFEA78DA,128.07,6.96,10.89,有,,7.0
萬華區,房地(土地+建物)+車位,萬大路７１巷８號六樓之１,26.19,住,,,1110522,土地1建物1車位1,六層,十一層,住宅大樓(11層含以上有電梯),住家用,961102.0,143.68,2,2,2,有,有,28500000,212384.0,坡道平面,21.26,2500000,,RPUQMLSLMHHGFBA48EA,72.61,5.04,5.15,有,,15.0
松山區,房地(土地+建物),南京東路五段２３巷９弄２號三樓,30.6,住,,,1110508,土地1建物1車位0,三層,五層,公寓(5樓含以下無電梯),住家用,,113.27,3,2,2,有,無,21400000,188929.0,,0.0,0,陽台外推；其他增建；,RPPOMLPJPHHGFDA67DA,101.78,0.0,11.49,無,,
大安區,房地(土地+建物),復興南路一段２１９巷２８號五樓,25.14,住,,,1110530,土地2建物1車位0,五層,七層,華廈(10層含以下有電梯),住家用,660615.0,126.57,3,2,2,有,有,45000000,355534.0,,0.0,0,,RPTOMLKMNHHGFFA87DA,97.41,0.0,11.85,有,,45.0
文山區,建物,羅斯福路六段２６巷４號三樓,0.0,,,,1110531,土地0建物1車位0,三層,四層,公寓(5樓含以下無電梯),住家用,570614.0,74.9,3,1,1,有,無,7100000,94793.0,,0.0,0,地上權房屋；,RPTOMLMKPHHGFAA67EA,74.9,0.0,0.0,無,,54.0
士林區,房地(土地+建物),通河街３２５巷７６之３號,10.88,住,,,1110521,土地1建物1車位0,三層,五層,公寓(5樓含以下無電梯),住家用,591210.0,29.48,2,1,1,有,無,4650000,157734.0,,0.0,0,陽台外推；其他增建；,RPOOMLMKPHHGFEA57EA,26.28,1.85,1.35,無,,51.0
內湖區,房地(土地+建物),新明路４６０巷２８弄４號,40.25,住,,,1110520,土地1建物1車位0,一層,四層,公寓(5樓含以下無電梯),住家用,660810.0,91.35,3,2,1,有,無,17600000,192666.0,,0.0,0,其他增建；,RPUNMLRJOHHGFCA08DA,76.82,14.53,0.0,無,,45.0
大安區,房地(土地+建物)+車位,金山南路二段１８８號七樓之３,20.29,住,,,1110522,土地4建物1車位1,七層,二十四層,住宅大樓(11層含以上有電梯),住家用,1080910.0,177.0,3,2,2,有,有,58200000,418725.0,坡道平面,45.42,3100000,,RPUNMLPLNHHGFFA38EA,83.38,0.0,6.26,有,1557.0,3.0
士林區,房地(土地+建物),承德路五段４４號,53.5,住,,,1110511,土地1建物1車位0,一層,四層,公寓(5樓含以下無電梯),住家用,670605.0,180.4,2,2,2,有,無,25000000,138581.0,,0.0,0,其他增建；,RPSPMLTLOHHGFEA68DA,117.72,62.68,0.0,無,,44.0
南港區,房地(土地+建物),重陽路５８８號五樓,21.24,住,,,1110529,土地1建物1車位0,五層,十二層,住宅大樓(11層含以上有電梯),住家用,960130.0,85.26,3,2,1,有,有,20800000,243960.0,,0.0,0,,RPPOMLLLOHHGFDA47EA,50.8,6.43,5.65,有,,15.0
文山區,房地(土地+建物),興隆路四段１７９巷１２之２號三樓,20.72,住,,,1110528,土地1建物1車位0,三層,五層,公寓(5樓含以下無電梯),住家用,700521.0,91.76,4,1,2,有,無,11800000,128596.0,,0.0,0,陽台外推；其他增建；,RPTOMLSJOHHGFAA97DA,71.55,0.0,7.09,無,,41.0
萬華區,房地(土地+建物),西昌街２９巷１３號二樓,25.5,住,,,1110506,土地1建物1車位0,二層,五層,公寓(5樓含以下無電梯),住家用,730704.0,93.06,3,2,1,有,無,10000000,107458.0,,0.0,0,,RPSNMLMKPHHGFBA47DA,82.63,0.0,10.43,無,,38.0
信義區,房地(土地+建物),大道路４９巷５號五樓,26.38,住,,,1110514,土地1建物1車位0,五層,五層,公寓(5樓含以下無電梯),住家用,720111.0,103.71,3,2,2,有,無,23200000,223701.0,,0.0,0,主建物內含梯間、鐵窗增建頂樓加蓋；其他增建；,RPPVMLRJPHHGFDA58DA,88.21,0.0,11.78,無,,39.0
南港區,房地(土地+建物)+車位,重陽路４１號六樓,55.38,住,,,1110527,土地1建物2車位2,六層,十一層,住宅大樓(11層含以上有電梯),住家用,991012.0,294.56,4,2,2,有,有,50800000,172461.0,坡道平面,76.14,0,其他增建；,RPVNMLKLOHHGFDA77DA,132.4,4.08,11.32,有,,12.0
內湖區,房地(土地+建物)+車位,文湖街２１巷１１６號五樓之１,21.15,住,,,1110521,土地1建物1車位1,五層,十層,華廈(10層含以下有電梯),住家用,970723.0,114.35,2,2,1,有,有,22880000,217208.0,坡道機械,17.3,1800000,陽台外推；其他增建；,RPTPMLSLOHHGFCA48DA,54.97,2.45,10.46,有,,14.0
松山區,房地(土地+建物),三民路４３巷１７號四樓之１,46.98,住,,,1110501,土地1建物1車位0,四層,十二層,住宅大樓(11層含以上有電梯),住家用,931020.0,244.13,3,2,2,有,有,54000000,221194.0,,0.0,0,其他增建；,RPQOMLSJOHHGFDA97DA,116.28,4.24,11.61,有,,18.0
松山區,房地(土地+建物),南京東路五段６６巷２弄１之１號二樓,15.95,住,,,1110519,土地1建物2車位0,二層,六層,華廈(10層含以下有電梯),住家用,691104.0,69.56,1,1,2,有,無,17500000,251581.0,,0.0,0,陽台外推；,RPTOMLLLOHHGFDA87EA,43.76,0.0,14.28,有,1563.0,42.0
士林區,房地(土地+建物),後港街１６２巷１０弄１５號二樓,47.0,住,,,1110521,土地1建物1車位0,二層,四層,公寓(5樓含以下無電梯),住家用,620110.0,104.41,4,2,1,有,無,15600000,149411.0,,0.0,0,其他增建；,RPROMLNKOHHGFEA77DA,92.91,0.0,11.5,無,,49.0
文山區,房地(土地+建物),福興路９５巷１７之５號十樓,26.9,住,,,1110507,土地1建物1車位0,十層,十層,華廈(10層含以下有電梯),住家用,961121.0,98.59,3,2,2,有,有,16980000,172228.0,,0.0,0,陽台外推；其他增建；,RPWPMLLLOHHGFAA87DA,65.08,2.46,6.89,有,,14.0
內湖區,房地(土地+建物)+車位,金龍路４７巷１３弄５號十樓,47.93,住,,,1110511,土地1建物1車位2,十層,十一層,住宅大樓(11層含以上有電梯),住家用,1040518.0,297.95000000000005,3,2,2,有,有,56880000,190905.0,坡道平面,0.0,0,,RPSNMLSKPHHGFCA28EA,127.66,5.57,13.48,有,1568.0,7.0
中正區,房地(土地+建物),汀州路二段１６７號十八樓之２,10.32,住,,,1110513,土地1建物1車位0,十八層,十八層,住宅大樓(11層含以上有電梯),住家用,1101108.0,71.89,2,1,1,有,有,18880000,262623.0,,0.0,0,,RPWNMLMKPHHGFAA77DA,40.27,5.25,2.28,有,,1.0
北投區,房地(土地+建物)+車位,石牌路二段３１５巷１０弄７之１號八樓之１,24.51,住,,,1110514,土地1建物1車位1,八層,十層,華廈(10層含以下有電梯),住家用,960625.0,116.39,3,2,1,有,有,21500000,215811.0,坡道平面,28.35,2500000,陽台加窗，陽台向外擴大加蓋陽台外推；其他增建；,RPQPMLPKPHHGFEA18EA,55.62,0.0,4.72,有,,15.0
中山區,房地(土地+建物),四平街８１號五樓,21.71,住,,,1110530,土地1建物1車位0,五層,七層,公寓(5樓含以下無電梯),住家用,660209.0,115.54,4,2,2,有,無,25750000,222867.0,,0.0,0,,RPOPMLPKOHHGFCA57DA,97.08,0.0,18.46,無,,45.0
文山區,房地(土地+建物)+車位,育英街８３號二樓,18.29,住,,,1110507,土地1建物1車位1,二層,七層,華廈(10層含以下有電梯),住家用,1100120.0,98.07,1,1,1,有,有,18080000,236567.0,升降機械,27.35,1350000,,RPPNMLSKPHHGFAA67DA,39.15,2.86,6.26,有,,1.0
大安區,房地(土地+建物),復興南路二段３２９號十八樓之１,13.22,住,,,1110527,土地2建物1車位0,十八層,十八層,住宅大樓(11層含以上有電梯),住家用,760519.0,115.19,2,1,1,有,有,27800000,241340.0,,0.0,0,陽台外推；其他增建；,RPPPMLSLOHHGFFA38DA,67.3,16.17,8.72,有,,35.0
南港區,房地(土地+建物),忠孝東路六段３２２巷９號三樓,24.88,住,,,1110521,土地2建物1車位0,三層,五層,公寓(5樓含以下無電梯),住家用,740330.0,86.12,3,2,2,有,無,18800000,218300.0,,0.0,0,陽台外推；其他增建；,RPWOMLKMOHHGFDA08DA,78.73,0.0,7.39,無,,37.0
大安區,房地(土地+建物),富陽街１２０號三樓,33.7,住,,,1110531,土地2建物1車位0,三層,四層,公寓(5樓含以下無電梯),住家用,690109.0,97.66,3,2,1,有,無,15000000,153594.0,,0.0,0,陽台外推；其他增建；,RPUPMLPJPHHGFFA48DA,79.11,0.0,15.09,無,,42.0
南港區,房地(土地+建物),福德街４２１號二樓,25.37,住,,,1110502,土地1建物1車位0,二層,十二層,住宅大樓(11層含以上有電梯),住家用,870521.0,151.86,3,2,2,有,有,25800000,169893.0,,0.0,0,其他增建；,RPWNMLRLNHHGFDA58EA,83.35,0.0,8.46,有,,24.0
大安區,房地(土地+建物),復興南路二段３２９號十八樓,12.36,住,,,1110527,土地2建物1車位0,十八層,十八層,住宅大樓(11層含以上有電梯),住家用,760519.0,109.63,2,2,0,有,有,26450000,241266.0,,0.0,0,陽台外推；其他增建；,RPQOMLSLOHHGFFA38DA,66.9,9.37,10.36,有,,35.0
內湖區,房地(土地+建物)+車位,民權東路六段２８９巷２１號二樓,61.61,住,,,1110531,土地1建物1車位2,二層,五層,華廈(10層含以下有電梯),住家用,1101007.0,187.95,3,2,2,有,有,32500000,172918.0,坡道平面,69.66,0,,RPPNMLOKPHHGFCA47DA,69.87,5.09,9.31,有,,1.0
松山區,房地(土地+建物)+車位,健康路１８０號四樓,17.19,住,,,1110529,土地6建物1車位1,四層,十三層,住宅大樓(11層含以上有電梯),住家用,670720.0,171.22,2,2,2,有,有,38000000,221937.0,坡道平面,0.0,3500000,其他增建；,RPPNMLOKOHHGFDA47DA,136.04,0.0,16.12,有,,44.0
內湖區,房地(土地+建物)+車位,民權東路六段４２３號四樓之５,15.82,住,,,1110526,土地1建物1車位1,四層,九層,華廈(10層含以下有電梯),住家用,980629.0,111.47,2,2,2,有,有,25000000,249812.0,升降機械,18.6,1800000,陽台外推；其他增建；,RPWNMLOLOHHGFCA18DA,50.04,5.69,6.03,有,,13.0
南港區,房地(土地+建物),研究院路二段１８２巷７９弄１４號,26.53,住,,,1110526,土地2建物1車位0,一層,五層,公寓(5樓含以下無電梯),住家用,731029.0,97.46,2,2,1,有,有,11000000,112867.0,,0.0,0,陽台外推；,RPUPMLSLOHHGFDA68DA,78.41,8.57,0.0,無,,38.0
大安區,房地(土地+建物),復興南路二段３２７號十八樓,11.85,住,,,1110527,土地2建物1車位0,十八層,十八層,住宅大樓(11層含以上有電梯),住家用,760519.0,106.72,1,1,1,有,有,25750000,241286.0,,0.0,0,陽台外推；其他增建；,RPROMLOJPHHGFFA97DA,66.36,10.14,7.22,有,,35.0
內湖區,房地(土地+建物),安泰街４５巷１４弄３７號三樓,29.21,住,,,1110529,土地2建物1車位0,三層,五層,公寓(5樓含以下無電梯),住家用,730613.0,98.23,4,2,2,有,無,13500000,137433.0,,0.0,0,,RPVPMLRLNHHGFCA58EA,85.34,0.0,5.69,無,1581.0,38.0
大同區,建物,哈密街５９巷３８弄４９號十三樓之５,0.0,,,,1110526,土地0建物1車位0,十三層,十三層,住宅大樓(11層含以上有電梯),住家用,1081105.0,116.43,2,1,1,有,有,8000000,68711.0,,0.0,0,,RPSOMLMLOHHGFBA57DA,65.81,0.0,7.29,有,,3.0
松山區,房地(土地+建物),八德路四段１０６巷８弄１４號三樓,40.5,住,,,1110508,土地2建物1車位0,三層,四層,公寓(5樓含以下無電梯),住家用,590117.0,93.09,3,2,2,有,無,21380000,229670.0,,0.0,0,其他增建；,RPOOMLNKPHHGFDA47DA,93.09,0.0,0.0,無,,52.0
大安區,房地(土地+建物),安居街４５之１號四樓,10.68,住,,,1110517,土地2建物1車位0,四層,七層,華廈(10層含以下有電梯),住家用,730627.0,69.81,2,1,1,有,無,17100000,244951.0,,0.0,0,其他增建；,RPQOMLPLNHHGFFA08EA,47.88,0.0,8.4,有,,38.0
萬華區,房地(土地+建物),中華路二段５０４巷１６號十樓,12.4,住,,,1110528,土地1建物1車位0,十層,十二層,住宅大樓(11層含以上有電梯),住家用,680403.0,46.08,2,1,1,有,有,8960000,194444.0,,0.0,0,陽台外推；其他增建；,RPQNMLPJPHHGFBA47DA,38.94,0.0,7.14,有,,43.0
內湖區,房地(土地+建物)+車位,民權東路六段１８０巷８８號三樓,28.53,住,,,1110530,土地1建物1車位1,三層,十一層,住宅大樓(11層含以上有電梯),住家用,1050322.0,200.77,2,2,2,有,有,40000000,199233.0,坡道平面,37.25,0,,RPQQMLSKPHHGFCA28DA,94.81,7.84,7.76,有,1585.0,6.0
北投區,房地(土地+建物),懷德街５３號,56.0,住,,,1110528,土地1建物1車位0,二層,二層,公寓(5樓含以下無電梯),住家用,601002.0,80.3,3,2,1,有,無,17750000,221046.0,,0.0,0,其他增建；,RPWPMLSLOHHGFEA98DA,80.3,0.0,0.0,無,,51.0
中山區,房地(土地+建物),龍江路３４２巷２號三樓,31.6,住,,,1110509,土地1建物1車位0,三層,五層,公寓(5樓含以下無電梯),住家用,671014.0,115.94,3,2,2,有,無,21200000,182853.0,,0.0,0,,RPXOMLTKPHHGFCA88DA,99.39,0.0,16.55,無,1587.0,44.0
中山區,房地(土地+建物),復興北路４４８號五樓之５,7.14,住,,,1110527,土地2建物1車位0,五層,十二層,住宅大樓(11層含以上有電梯),住家用,971015.0,40.86,1,1,1,有,有,10780000,263828.0,,0.0,0,夾層；,RPPQMLKLPHHGFCA57EA,24.01,1.47,1.73,有,,14.0
中正區,房地(土地+建物),廈門街１３５巷１２之１號二樓,37.5,住,,,1110529,土地1建物1車位0,二層,四層,公寓(5樓含以下無電梯),住家用,580724.0,104.57,3,2,1,有,無,20300000,194128.0,,0.0,0,陽台外推；其他增建；,RPQOMLTJOHHGFAA87EA,94.3,0.0,10.27,無,,53.0
內湖區,房地(土地+建物)+車位,民權東路六段１８０巷１５８號九樓之２,37.09,住,,,1110503,土地1建物1車位1,九層,十一層,住宅大樓(11層含以上有電梯),住家用,1000221.0,239.81,4,2,2,有,有,43500000,204765.0,坡道平面,39.58,2500000,,RPOOMLLLPHHGFCA37EA,117.51,5.43,6.21,有,,11.0
南港區,房地(土地+建物),忠孝東路六段４５２號二樓,39.4,住,,,1110528,土地4建物1車位0,二層,四層,公寓(5樓含以下無電梯),住家用,630916.0,79.47,4,1,1,有,無,16500000,207626.0,,0.0,0,,RPVQMLLLOHHGFDA28EA,74.52,0.0,4.95,無,,48.0
大安區,房地(土地+建物)+車位,建國南路二段６５號十九樓,66.97,住,,,1110512,土地2建物1車位3,十九層,三十五層,住宅大樓(11層含以上有電梯),住家用,1070802.0,574.6,0,0,0,無,有,400000000,787175.0,坡道平面,88.05,17000000,,RPRNMLLKPHHGFFA67DA,256.79,8.41,33.9,有,,4.0
松山區,房地(土地+建物)+車位,長春路３４３號五樓,27.86,住,,,1110530,土地1建物1車位1,五層,十四層,住宅大樓(11層含以上有電梯),住家用,760929.0,238.89,0,0,0,無,有,44959200,188200.0,坡道平面,0.0,0,,RPVOMLKLPHHGFDA08EA,195.22,0.0,17.26,有,,35.0
信義區,房地(土地+建物)+車位,忠孝東路四段５５５號三十樓,36.3,住,,,1110503,土地2建物1車位3,三十層,三十層,住宅大樓(11層含以上有電梯),住家用,1070920.0,451.26,0,0,0,無,有,274720000,772993.0,坡道平面,112.68,13000000,,RPSNMLLLPHHGFDA67DA,208.15,5.83,29.08,有,,4.0
松山區,房地(土地+建物)+車位,長春路３４３號十一樓,27.86,住,,,1110530,土地1建物1車位1,十一層,十四層,住宅大樓(11層含以上有電梯),住家用,760929.0,238.89,0,0,0,無,有,46476000,194550.0,坡道平面,0.0,0,,RPWOMLKLPHHGFDA18EA,195.22,0.0,17.26,有,,35.0
萬華區,房地(土地+建物),武成街８０巷３０號,42.0,住,,,1110529,土地1建物1車位0,全,三層,透天厝,住家用,520615.0,124.44,3,3,1,有,無,20000000,160720.0,,0.0,0,頂樓加蓋；其他增建；,RPUNMLLLOHHGFBA57DA,124.44,0.0,0.0,無,,59.0
松山區,房地(土地+建物)+車位,長春路３４５號五樓,26.4,住,,,1110524,土地1建物1車位1,五層,十四層,住宅大樓(11層含以上有電梯),住家用,760929.0,230.23,0,0,0,無,有,41852000,181776.0,坡道平面,0.0,0,,RPQOMLKLPHHGFDA57EA,186.74,0.0,17.71,有,,35.0
松山區,房地(土地+建物)+車位,長春路３４３號十樓,27.86,住,,,1110530,土地1建物1車位1,十層,十四層,住宅大樓(11層含以上有電梯),住家用,760929.0,238.89,0,0,0,無,有,45212000,189259.0,坡道平面,0.0,0,,RPSOMLKLPHHGFDA77EA,195.22,0.0,17.26,有,,35.0
文山區,房地(土地+建物)+車位,木柵路三段４８巷１弄５號九樓,38.51,住,,,1110507,土地1建物1車位1,九層，電梯樓梯間,十層,華廈(10層含以下有電梯),住家用,850809.0,210.89,4,2,2,有,有,32000000,151738.0,坡道平面,0.0,0,陽台外推；其他增建；,RPOOMLQJPHHGFAA37DA,117.1,1.85,12.61,有,,26.0
南港區,房地(土地+建物),忠孝東路六段４５２號四樓,33.34,住,,,1110528,土地4建物1車位0,四層,四層,公寓(5樓含以下無電梯),住家用,630916.0,65.48,3,1,1,有,無,13500000,206170.0,,0.0,0,,RPUQMLLLOHHGFDA18EA,55.58,0.0,9.9,無,,48.0
內湖區,房地(土地+建物)+車位,內湖路一段９號四樓,18.4,住,,,1110520,土地2建物1車位1,四層,十四層,住宅大樓(11層含以上有電梯),住家用,1071109.0,147.09,1,2,2,有,有,37050000,287470.0,坡道機械,25.86,2200000,,RPXPMLSKNHHGFCA68DA,67.08,9.75,4.35,有,,4.0
內湖區,房地(土地+建物)+車位,成功路四段７１號五樓,30.81,住,,,1110524,土地2建物1車位2,五層,十二層,住宅大樓(11層含以上有電梯),住家用,1020607.0,307.93,4,2,2,有,有,56880000,184717.0,坡道平面,0.0,0,夾層；,RPPNMLMLPHHGFCA47EA,124.85,22.93,7.13,有,1597.0,9.0
萬華區,房地(土地+建物),國興路８４號二樓之１,29.28,住,,,1110521,土地1建物1車位0,二層,十層,華廈(10層含以下有電梯),住家用,800102.0,153.01,4,2,2,有,有,26500000,173191.0,,0.0,0,其他增建；,RPWNMLQKOHHGFBA18DA,109.6,0.0,13.1,有,,31.0
萬華區,房地(土地+建物),萬大路２７７巷４０號三樓,41.19,住,,,1110528,土地1建物1車位0,三層,五層,公寓(5樓含以下無電梯),住家用,711027.0,116.52,3,2,2,有,有,21000000,180227.0,,0.0,0,陽台外推；其他增建；,RPVOMLOLOHHGFBA08DA,92.17,0.0,13.9,無,1601.0,40.0
內湖區,房地(土地+建物),康樂街１８６巷１３號,10.28,住,,,1110529,土地1建物1車位0,一層,七層,華廈(10層含以下有電梯),住家用,850517.0,36.05,2,2,1,有,有,5700000,158114.0,,0.0,0,,RPPNMLOLPHHGFCA57DA,21.8,2.65,0.0,有,1603.0,26.0
內湖區,房地(土地+建物),金龍路２２２巷８號九樓,25.56,住,,,1110509,土地1建物1車位0,九層,十二層,住宅大樓(11層含以上有電梯),住家用,821213.0,81.99000000000001,2,2,2,有,有,19780000,241249.0,,0.0,0,陽台外推；其他增建；,RPUOMLPKPHHGFCA18DA,58.52,0.0,10.46,有,,28.0
大安區,房地(土地+建物),信義路二段１９８巷４２號四樓之４,12.17,住,,,1110526,土地1建物1車位0,四層,六層,華廈(10層含以下有電梯),住家用,841003.0,43.89,1,1,1,有,有,13302000,303076.0,,0.0,0,夾層；,RPVOMLRJPHHGFFA68DA,25.24,1.23,4.04,有,,27.0
大同區,建物,哈密街５９巷３８弄５０號九樓,0.0,,,,1110526,土地0建物1車位0,九層,十三層,住宅大樓(11層含以上有電梯),住家用,1081105.0,155.92,3,2,2,有,有,21500000,137891.0,,0.0,0,僅交易建物,RPQNMLMLOHHGFBA27DA,91.61,0.0,6.63,有,,3.0
士林區,房地(土地+建物)+車位,天母北路６６之１號五樓,35.56,住,,,1110526,土地1建物1車位1,五層,七層,華廈(10層含以下有電梯),住家用,700429.0,205.92,3,2,2,有,有,38500000,186966.0,坡道平面,0.0,0,,RPRNMLSLPHHGFEA38DA,129.15,0.0,26.97,有,1606.0,41.0
大安區,房地(土地+建物),泰順街５４巷２１之６號,35.5,住,,,1110527,土地1建物1車位0,四層,四層,公寓(5樓含以下無電梯),住家用,600428.0,96.42,5,0,3,有,無,24500000,254097.0,,0.0,0,陽台外推；頂樓加蓋；其他增建；,RPTOMLSKPHHGFFA68DA,82.62,0.0,13.8,無,1607.0,51.0
大安區,房地(土地+建物),安和路一段４９巷８號七樓,38.37,住,,,1110520,土地1建物1車位0,七層,七層,華廈(10層含以下有電梯),住家用,661027.0,188.56,3,2,3,有,有,54000000,286381.0,,0.0,0,陽台外推；,RPUNMLTLPHHGFFA98EA,134.98,0.0,28.49,有,,45.0
萬華區,房地(土地+建物),國興路２０號三樓,12.4,住,,,1110505,土地1建物1車位0,三層,十二層,住宅大樓(11層含以上有電梯),住家用,680403.0,46.08,1,1,1,有,有,8600000,186632.0,,0.0,0,陽台外推；,RPPNMLLJQHHGFBA17EA,38.94,0.0,7.14,有,1609.0,43.0
文山區,房地(土地+建物),汀州路四段２６９號十樓,35.34,住,,,1110507,土地1建物1車位0,十層,十四層,住宅大樓(11層含以上有電梯),住家用,991104.0,178.69,3,2,2,有,有,36800000,205943.0,,0.0,0,,RPROMLPKOHHGFAA57DA,95.46,0.0,10.99,有,1610.0,12.0
松山區,房地(土地+建物)+車位,長春路３４５號十一樓,26.4,住,,,1110525,土地1建物1車位1,十一層,十四層,住宅大樓(11層含以上有電梯),住家用,760929.0,230.23,0,0,0,無,有,43050500,186981.0,坡道平面,0.0,0,,RPSOMLSLPHHGFDA58EA,186.74,0.0,17.71,有,,35.0
松山區,房地(土地+建物)+車位,長春路３４３號七樓,27.86,住,,,1110525,土地1建物1車位1,七層,十四層,住宅大樓(11層含以上有電梯),住家用,760929.0,238.89,0,0,0,無,有,45212000,189259.0,坡道平面,0.0,0,,RPPOMLSLPHHGFDA28EA,195.22,0.0,17.26,有,,35.0
北投區,建物,新民路７３之３號二樓,0.0,,,,1110514,土地0建物1車位0,二層,四層,公寓(5樓含以下無電梯),住家用,680322.0,103.79,3,2,1,有,無,4050000,39021.0,,0.0,0,,RPQQMLOLNHHGFEA97DA,94.73,0.0,9.06,無,,43.0
內湖區,房地(土地+建物)+車位,內湖路一段６５９號十一樓,18.48,,,,1110526,土地1建物1車位1,十一層,十八層,住宅大樓(11層含以上有電梯),住家用,991123.0,177.14,3,2,2,有,有,43000000,306702.0,坡道平面,45.09,2500000,其他增建；,RPTNMLPJPHHGFCA87DA,78.29,5.23,4.8,有,,12.0
大安區,房地(土地+建物)+車位,敦化南路二段６３巷６８號八樓,46.6,住,,,1110530,土地2建物1車位2,八層，九層,九層,華廈(10層含以下有電梯),住家用,1020123.0,294.28,4,2,2,有,有,89000000,320232.0,塔式車位,31.98,5000000,塔式車位無固定樓層。停車位總價：5000000元整。車位配土地價格：1841072元整、車位配建物價格：3158928元。陽台外推；其他增建；,RPVNMLPLPHHGFFA58DA,118.5,21.96,8.54,有,1612.0,9.0
大安區,房地(土地+建物)+車位,四維路１９２巷１６號九樓,28.95,住,,,1110528,土地1建物1車位2,九層,十三層,住宅大樓(11層含以上有電梯),住家用,1020131.0,187.11,4,2,2,有,有,65000000,347389.0,塔式車位,2.38,0,陽台外推；,RPXNMLLKPHHGFFA28DA,104.77,6.29,13.4,有,1613.0,9.0
士林區,房地(土地+建物),雨聲街８巷７號二樓,35.78,住,,,1110508,土地1建物1車位0,二層,五層,公寓(5樓含以下無電梯),住家用,710719.0,114.06,3,2,2,有,無,19500000,170963.0,,0.0,0,陽台外推；其他增建；,RPXPMLTJNHHGFEA88DA,95.51,0.0,7.23,無,1614.0,40.0
南港區,房地(土地+建物),忠孝東路六段４５２號三樓,39.4,住,,,1110528,土地4建物1車位0,三層,四層,公寓(5樓含以下無電梯),住家用,630916.0,79.47,5,1,1,有,無,8000000,100667.0,,0.0,0,,RPTSMLLLOHHGFDA28EA,74.52,0.0,4.95,無,,48.0
萬華區,房地(土地+建物),萬大路１８６巷２弄９號四樓,29.5,住,,,1110501,土地1建物1車位0,四層,四層,公寓(5樓含以下無電梯),住家用,610614.0,85.79,3,2,1,有,無,14000000,163189.0,,0.0,0,陽台外推；頂樓加蓋；其他增建；,RPSNMLLMPHHGFBA57DA,77.54,0.0,8.25,無,,50.0
萬華區,房地(土地+建物),萬大路１８６巷２弄９號三樓,29.5,住,,,1110501,土地1建物1車位0,三層,四層,公寓(5樓含以下無電梯),住家用,610614.0,85.79,3,2,1,有,無,12000000,139876.0,,0.0,0,陽台外推；其他增建；,RPTNMLLMPHHGFBA67DA,77.54,0.0,8.25,無,,50.0
南港區,房地(土地+建物),忠孝東路六段４５２號,39.4,住,,,1110528,土地4建物1車位0,一層，騎樓,四層,公寓(5樓含以下無電梯),住家用,630916.0,79.47,0,2,1,有,無,42000000,528501.0,,0.0,0,,RPUSMLLLOHHGFDA38EA,74.52,4.95,0.0,無,,48.0
中正區,房地(土地+建物)+車位,重慶南路三段４３號三樓,44.2,住,,,1110523,土地2建物1車位2,三層,二十一層,住宅大樓(11層含以上有電梯),住家用,1100915.0,287.79,3,2,2,有,有,95500000,425400.0,坡道平面,78.34,6400000,,RPTNMLKMNHHGFAA27DA,117.26,8.26,11.44,有,,1.0
中山區,房地(土地+建物),建國北路三段７１號十一樓之８,8.78,住,,,1110528,土地2建物1車位0,十一層,十四層,住宅大樓(11層含以上有電梯),住家用,1041016.0,88.11,1,2,1,有,有,23400000,265577.0,,0.0,0,夾層；其他增建；,RPSNMLNLOHHGFCA67DA,46.93,2.39,6.37,有,1617.0,7.0
中山區,房地(土地+建物),吉林路４６２號,35.75,住,,,1110513,土地1建物1車位0,一層，騎樓，走廊,四層,公寓(5樓含以下無電梯),住家用,610615.0,105.84,1,1,1,有,無,30000000,283447.0,,0.0,0,其他增建；,RPQPMLOJQHHGFCA77DA,105.84,0.0,0.0,無,,50.0
內湖區,房地(土地+建物),金龍路４７巷１３弄３號三樓,22.85,住,,,1110520,土地1建物1車位0,三層,五層,公寓(5樓含以下無電梯),住家用,730608.0,89.21000000000001,3,2,1,有,無,15500000,173747.0,,0.0,0,,RPTOMLNJQHHGFCA87DA,73.17,0.62,7.47,無,,38.0
北投區,房地(土地+建物),中央北路四段５４１巷３號六樓,17.24,住,,,1110530,土地1建物1車位0,六層,十八層,住宅大樓(11層含以上有電梯),住家用,1101216.0,94.15,2,2,1,有,有,20500000,217738.0,,0.0,0,,RPUNMLMLPHHGFEA08DA,51.54,2.05,7.86,有,1620.0,
大安區,房地(土地+建物),新生南路一段１１９巷２２號四樓,21.13,住,,,1110512,土地1建物1車位0,四層,六層,華廈(10層含以下有電梯),住家用,710818.0,109.94,3,2,2,有,有,30000000,272876.0,,0.0,0,,RPUNMLLJQHHGFFA97DA,78.06,0.0,17.4,有,,40.0
中正區,房地(土地+建物)+車位,重慶南路三段４５號八樓,41.65,住,,,1110506,土地2建物1車位1,八層,二十一層,住宅大樓(11層含以上有電梯),住家用,1100915.0,238.61,3,2,2,有,有,92600000,448255.0,坡道平面,39.17,3200000,,RPRNMLKMNHHGFAA07DA,107.87,10.6,11.95,有,,1.0
士林區,房地(土地+建物)+車位,德行東路１０８號七樓,34.18,住,,,1110519,土地1建物1車位1,七層,十四層,住宅大樓(11層含以上有電梯),住家用,1011123.0,256.89,3,2,2,有,有,65500000,290279.0,坡道平面,41.58,3000000,,RPUPMLOJQHHGFEA38DA,128.17,4.94,12.19,有,1621.0,9.0
大同區,房地(土地+建物),大龍街３００巷２號五樓,18.6,住,,,1110517,土地1建物1車位0,五層,五層,公寓(5樓含以下無電梯),住家用,700126.0,65.24,2,2,2,有,無,10230000,156806.0,,0.0,0,陽台外推；其他增建；,RPVOMLPLPHHGFBA28DA,59.1,0.0,6.14,無,1623.0,41.0
中山區,房地(土地+建物),德惠街１８７號二樓,23.0,住,,,1110531,土地1建物1車位0,二層,四層,公寓(5樓含以下無電梯),住家用,621210.0,60.1,4,2,1,有,無,10300000,171381.0,,0.0,0,其他增建；,RPXNMLSJQHHGFCA68DA,60.1,0.0,0.0,無,,48.0
大安區,房地(土地+建物),四維路１６０巷２２號,37.52,住,,,1110514,土地1建物1車位0,一層，露台,四層,公寓(5樓含以下無電梯),住家用,631121.0,102.64,3,2,1,有,無,33500000,326383.0,,0.0,0,,RPTNMLTJQHHGFFA68DA,102.64,0.0,0.0,無,,47.0
松山區,房地(土地+建物),健康路１７４之２號八樓,9.47,住,,,1110514,土地3建物1車位0,八層,十三層,住宅大樓(11層含以上有電梯),住家用,670720.0,91.15,1,1,1,有,有,22000000,241360.0,,0.0,0,陽台外推；,RPSNMLLKQHHGFDA67DA,68.39,0.0,12.22,有,,44.0
大安區,房地(土地+建物),和平東路二段１７５巷３７弄８號三樓,48.0,住,,,1110513,土地1建物1車位0,三層，陽臺,四層,公寓(5樓含以下無電梯),住家用,,126.43,4,2,2,有,無,29900000,236495.0,,0.0,0,陽台外推；其他增建；,RPPNMLMJQHHGFFA67EA,126.43,0.0,0.0,無,,
士林區,房地(土地+建物),中山北路七段１４巷３０弄１１之１號五樓,19.72,住,,,1110529,土地1建物1車位0,五層,七層,華廈(10層含以下有電梯),住家用,660914.0,102.31,3,2,2,有,無,21180000,207018.0,,0.0,0,陽台外推；其他增建；,RPPPMLNKPHHGFEA77DA,71.31,0.0,15.73,有,,45.0
文山區,房地(土地+建物)+車位,政大二街２１５巷１４號十樓,71.4,住,,,1110507,土地1建物1車位1,十層,十二層,住宅大樓(11層含以上有電梯),住家用,920609.0,140.09,4,2,2,有,有,19200000,137055.0,坡道平面,0.0,0,陽台外推；其他增建；,RPOOMLMKQHHGFAA17DA,75.77,0.0,10.49,有,,19.0
信義區,房地(土地+建物),信義路五段１５０巷３３０號十一樓,14.15,住,,,1110528,土地1建物1車位0,十一層,十三層,住宅大樓(11層含以上有電梯),住家用,980408.0,101.96,2,2,2,有,有,28000000,274617.0,,0.0,0,,RPOQMLRJPHHGFDA08EA,54.58,7.89,3.55,有,,13.0
松山區,房地(土地+建物)+車位,長春路３４３號九樓,27.86,住,,,1110525,土地1建物1車位1,九層,十四層,住宅大樓(11層含以上有電梯),住家用,760929.0,238.89,0,0,0,無,有,45212000,189259.0,坡道平面,0.0,0,,RPXNMLOJQHHGFDA48EA,195.22,0.0,17.26,有,,35.0
松山區,房地(土地+建物)+車位,長春路３４５號七樓,26.4,住,,,1110525,土地1建物1車位1,七層,十四層,住宅大樓(11層含以上有電梯),住家用,760929.0,230.23,0,0,0,無,有,43050500,186981.0,坡道平面,0.0,0,,RPWNMLOJQHHGFDA38EA,186.74,0.0,17.71,有,,35.0
北投區,房地(土地+建物),文化三路６５號五樓,31.71,住,,,1110507,土地1建物1車位0,五層,七層,華廈(10層含以下有電梯),住家用,741127.0,117.31,3,2,2,有,有,15760000,134345.0,,0.0,0,其他增建；,RPRNMLPJOHHGFEA77DA,73.37,0.0,15.55,有,,36.0
文山區,房地(土地+建物)+車位,辛亥路四段２０９巷１２號十五樓,25.15,住,,,1110529,土地1建物1車位1,十五層,二十六層,住宅大樓(11層含以上有電梯),住家用,1090430.0,208.0,2,2,2,有,有,46500000,250958.0,坡道平面,33.07,2600000,,RPTOMLLKQHHGFAA57DA,102.65,6.63,10.9,有,,2.0
南港區,房地(土地+建物),南深路３３號五樓之１２,11.86,住,,,1110506,土地1建物1車位0,五層,十層,華廈(10層含以下有電梯),住家用,880316.0,34.06,1,0,1,有,有,4200000,123312.0,,0.0,0,,RPRQMLRJPHHGFDA38EA,22.71,0.0,3.67,有,,23.0
北投區,房地(土地+建物),致遠一路一段５８巷１０弄４號五樓,30.31,住,,,1110529,土地7建物1車位0,五層,五層,公寓(5樓含以下無電梯),住家用,690213.0,106.93,5,3,3,有,無,17600000,164594.0,,0.0,0,外梯增建其他增建；,RPROMLPKQHHGFEA18DA,86.41,0.0,13.19,無,1627.0,42.0
信義區,房地(土地+建物),吳興街２８４巷３９弄１５號三樓,28.21,住,,,1110522,土地1建物1車位0,三層,五層,公寓(5樓含以下無電梯),住家用,730810.0,93.14,4,2,2,有,無,15880000,170496.0,,0.0,0,陽台外推；其他增建；,RPSPMLKLPHHGFDA77DA,78.39,0.0,7.72,無,1630.0,38.0
信義區,房地(土地+建物),忠孝東路五段３７２巷２７弄３６號五樓,20.45,住,,,1110503,土地1建物1車位0,五層,七層,華廈(10層含以下有電梯),住家用,710608.0,103.21,3,2,2,有,無,26500000,256758.0,,0.0,0,買賣雙方約定公契立約日111/7/27日陽台外推；,RPVOMLQKQHHGFDA68EA,75.03,1.71,6.27,有,,40.0
北投區,房地(土地+建物),中央北路四段３０巷１８號六樓,30.85,住,,,1110522,土地1建物1車位0,六層,六層,華廈(10層含以下有電梯),住家用,1020409.0,166.11,3,2,2,有,無,21000000,126422.0,,0.0,0,其他增建；,RPPNMLPJOHHGFEA57DA,91.94,4.57,15.18,有,,9.0
士林區,房地(土地+建物)+車位,承德路四段１２６號六樓,14.6,住,,,1110519,土地1建物1車位1,六層,十二層,住宅大樓(11層含以上有電梯),住家用,731215.0,149.42000000000002,3,2,2,有,有,33880000,252365.0,坡道平面,27.85,3200000,其他增建；,RPVOMLQKQHHGFEA68DA,119.96,0.0,11.44,有,,37.0
萬華區,房地(土地+建物),環河南路三段３７號二樓,25.75,住,,,1110522,土地1建物1車位0,二層,四層,公寓(5樓含以下無電梯),住家用,590730.0,86.87,4,2,2,有,無,8110000,93358.0,,0.0,0,其他增建；,RPOPMLTKPHHGFBA97DA,86.87,0.0,0.0,無,,52.0
文山區,房地(土地+建物)+車位,政大一街３２０巷４２號,132.29,住,,,1110530,土地1建物1車位2,全,四層,透天厝,住家用,960115.0,303.03,5,2,4,有,有,46690000,154077.0,坡道平面,0.0,0,陽台外推；頂樓加蓋；其他增建；,RPXNMLTKPHHGFAA58DA,219.12,0.0,30.54,有,1631.0,15.0
信義區,房地(土地+建物),吳興街２８４巷２４弄４８號五樓,20.8,住,,,1110528,土地2建物1車位0,五層,五層,公寓(5樓含以下無電梯),住家用,690515.0,81.48,3,2,1,有,無,16880000,207167.0,,0.0,0,陽台外推；頂樓加蓋；其他增建；,RPUOMLLKPHHGFDA87DA,67.35,0.0,14.13,無,,42.0
士林區,房地(土地+建物),忠誠路一段１６巷２５號五樓,61.29,住,,,1110504,土地1建物1車位0,五層,六層,華廈(10層含以下有電梯),住家用,820611.0,200.42,4,2,2,有,有,53000000,264445.0,,0.0,0,陽台外推；其他增建；,RPVQMLMLPHHGFEA48DA,162.25,2.18,19.95,有,,29.0
信義區,房地(土地+建物)+車位,忠孝東路四段５５５之１號三十樓,35.32,住,,,1110503,土地2建物1車位2,三十層,三十層,住宅大樓(11層含以上有電梯),住家用,1070920.0,413.7,0,0,0,無,有,270710000,772964.0,坡道平面,75.12,9000000,二個停車位未拆分單價,RPPNMLTKQHHGFDA18DA,208.15,5.83,29.08,有,,4.0
北投區,房地(土地+建物)+車位,明德路２８６號四樓之１,11.87,住,,,1110528,土地1建物1車位1,四層,十層,華廈(10層含以下有電梯),住家用,890426.0,66.78999999999999,1,1,1,有,有,13000000,194640.0,坡道機械,0.0,2000000,其他增建；,RPWOMLSKPHHGFEA88DA,25.38,0.0,2.52,有,1634.0,22.0
士林區,房地(土地+建物),中社路一段４３巷１４號,63.52,住,,,1110528,土地1建物1車位0,一層,四層,公寓(5樓含以下無電梯),住家用,640801.0,68.8,2,2,1,有,無,10880000,158140.0,,0.0,0,其他增建；,RPRNMLSJQHHGFEA28DA,68.8,0.0,0.0,無,1635.0,47.0
南港區,房地(土地+建物)+車位,研究院路三段１２巷３號五樓,70.93,住,,,1110524,土地2建物1車位1,五層,八層,華廈(10層含以下有電梯),住家用,921204.0,178.91000000000005,3,2,2,有,有,22080000,123414.0,坡道平面,0.0,0,陽台外推；,RPWOMLPKPHHGFDA48DA,100.66,0.0,10.46,有,,18.0
松山區,房地(土地+建物)+車位,延吉街４８巷１５號四樓,30.1,住,,,1110518,土地1建物1車位1,四層,七層,華廈(10層含以下有電梯),住家用,670330.0,142.69,2,2,2,有,有,29700000,247859.0,坡道平面,32.95,2500000,,RPXRMLRJPHHGFDA09EA,114.32,0.0,10.7,有,1636.0,44.0
文山區,房地(土地+建物),興隆路二段２２０巷５３弄１５號四樓,38.75,住,,,1110516,土地1建物1車位0,四層，陽臺,四層,公寓(5樓含以下無電梯),住家用,650807.0,96.29,4,3,2,有,無,14860000,154325.0,,0.0,0,頂樓加蓋；其他增建；,RPTNMLMKPHHGFAA47DA,96.29,0.0,0.0,無,,46.0
松山區,房地(土地+建物)+車位,長春路３５７號六樓,27.49,住,,,1110516,土地1建物1車位1,六層,十四層,住宅大樓(11層含以上有電梯),住家用,760929.0,212.74,2,2,2,有,有,50300000,236439.0,坡道平面,0.0,0,陽台外推；其他增建；,RPWNMLSKNHHGFDA48DA,169.07,0.0,17.26,有,,35.0
信義區,房地(土地+建物),吳興街６００巷７６弄１０３號三樓,22.44,住,,,1110515,土地3建物1車位0,三層,五層,公寓(5樓含以下無電梯),住家用,710216.0,93.33,3,2,2,有,無,16000000,171435.0,,0.0,0,其他增建；,RPTNMLPKQHHGFDA18DA,83.29,0.0,10.04,無,1637.0,40.0
萬華區,建物,華西街２６巷１３號,0.0,,,,1110516,土地0建物1車位0,三層,四層,公寓(5樓含以下無電梯),住家用,580513.0,105.92,2,2,2,有,無,3000000,28323.0,,0.0,0,,RPQOMLPJQHHGFBA67DA,105.92,0.0,0.0,無,,53.0
萬華區,建物,華西街２６巷１３號,0.0,,,,1110516,土地0建物2車位0,一層，騎樓,四層,公寓(5樓含以下無電梯),住家用,580513.0,211.84,5,2,3,有,無,14000000,66088.0,,0.0,0,一樓、二樓出售價格：各700萬元。,RPPOMLPJQHHGFBA57DA,211.84,0.0,0.0,無,,53.0
萬華區,建物,華西街２６巷１３號,0.0,,,,1110516,土地0建物1車位0,四層,四層,公寓(5樓含以下無電梯),住家用,580513.0,100.82,2,2,2,有,無,3000000,29756.0,,0.0,0,,RPSOMLPJQHHGFBA87DA,100.82,0.0,0.0,無,,53.0
大同區,房地(土地+建物),民族西路２２５巷３弄１０號六樓,30.96,住,,,1110531,土地1建物1車位0,六層,七層,華廈(10層含以下有電梯),住家用,771215.0,171.25,4,2,2,有,有,28500000,166433.0,,0.0,0,,RPTOMLKKQHHGFBA57DA,147.75,0.0,14.69,有,,33.0
萬華區,房地(土地+建物),青年路５６號六樓之２,14.42,住,,,1110521,土地1建物1車位0,六層,十二層,住宅大樓(11層含以上有電梯),住家用,711027.0,60.39,2,1,1,有,有,11200000,185461.0,,0.0,0,陽台外推；其他增建；,RPSOMLPLPHHGFBA97DA,42.66,0.0,3.85,有,1638.0,40.0
南港區,房地(土地+建物)+車位,經貿二路２３３號十六樓,56.29,住,,,1110505,土地1建物1車位1,十六層,十八層,住宅大樓(11層含以上有電梯),住家用,1040429.0,356.87,3,2,3,有,有,95880000,283664.0,坡道平面,29.44,3000000,陽台外推；其他增建；,RPSOMLNJQHHGFDA87DA,181.3,7.57,24.3,有,1640.0,7.0
北投區,房地(土地+建物),大度路三段２９７號四樓之３,8.29,住,,,1110508,土地3建物1車位0,四層,十四層,住宅大樓(11層含以上有電梯),住家用,971013.0,81.03,2,1,1,有,有,13880000,171295.0,,0.0,0,其他增建；,RPPNMLOJQHHGFEA67DA,49.91,1.85,3.59,有,,14.0
士林區,房地(土地+建物),天母東路８４之１號七樓,33.14,住,,,1110518,土地1建物1車位0,七層,七層,華廈(10層含以下有電梯),住家用,750806.0,182.2,3,2,2,有,有,42000000,230516.0,,0.0,0,頂樓之露台加蓋、陽台外移頂樓加蓋；其他增建；,RPOPMLSKNHHGFEA97DA,118.37,0.0,32.77,有,,36.0
北投區,房地(土地+建物),清江路６８號八樓之１,14.42,住,,,1110501,土地1建物1車位0,八層,十層,華廈(10層含以下有電梯),住家用,971028.0,71.93,1,1,1,有,有,14680000,204087.0,,0.0,0,其他增建；,RPTOMLKMQHHGFEA18EA,39.81,1.26,8.86,有,,14.0
文山區,房地(土地+建物),汀州路四段１４０巷２弄１２號四樓,23.25,住,,,1110514,土地1建物1車位0,四層，陽臺,四層,公寓(5樓含以下無電梯),住家用,640813.0,83.63,3,2,1,有,無,14500000,173383.0,,0.0,0,其他增建；,RPPPMLRLPHHGFAA87DA,83.63,0.0,0.0,無,1644.0,47.0
文山區,房地(土地+建物)+車位,辛亥路四段７７巷３７號十樓,61.85,住,,,1110502,土地4建物1車位1,十層,十五層,住宅大樓(11層含以上有電梯),住家用,851107.0,155.25,3,2,2,有,有,25250000,162641.0,坡道平面,0.0,1800000,陽台外推；,RPPNMLRKOHHGFAA47DA,77.9,1.76,8.07,有,1647.0,25.0
中山區,房地(土地+建物),敬業三路１６２巷１１７號四樓,47.09,住,,,1110509,土地1建物1車位0,四層,十層,華廈(10層含以下有電梯),住家用,890628.0,155.26,3,2,2,有,有,31000000,199665.0,,0.0,0,陽台外推；其他增建；,RPRPMLRKQHHGFCA28DA,77.42,0.0,8.1,有,,22.0
士林區,房地(土地+建物),葫蘆街２１號四樓,37.0,住,,,1110505,土地1建物1車位0,四層,四層,公寓(5樓含以下無電梯),住家用,611207.0,86.17,6,3,2,有,無,13500000,156667.0,,0.0,0,鐵鋁窗增建頂樓加蓋；其他增建；,RPQNMLKKQHHGFEA47DA,86.17,0.0,0.0,無,,49.0
松山區,房地(土地+建物)+車位,健康路４０８號十樓,33.1,住,,,1110516,土地2建物1車位3,十層,十五層,住宅大樓(11層含以上有電梯),住家用,1000706.0,348.58000000000004,4,2,2,有,有,94850000,333044.0,坡道平面,83.29,6500000,,RPQQMLTLQHHGFDA68DA,183.42,5.5,14.14,有,,11.0
士林區,房地(土地+建物)+車位,基河路３００巷２９號二樓,31.23,住,,,1110425,土地1建物1車位1,二層,十三層,住宅大樓(11層含以上有電梯),住家用,1101117.0,203.92,3,2,2,有,有,45380000,247424.0,坡道平面,30.21,2400000,本標的交易日期為民國111年2月25日。,SPSOMLRLNHHGFEA38DA,104.01,1.28,7.99,有,,
北投區,房地(土地+建物)+車位,天母西路１１７巷３２弄６號十一樓,70.61,住,,,1110429,土地1建物1車位2,十一層,十三層,住宅大樓(11層含以上有電梯),住家用,1061102.0,320.3,0,0,0,無,有,90000000,280987.0,坡道平面,63.72,0,,RPOPMLSJOHHGFEA08EA,155.6,0.0,13.84,有,,4.0
內湖區,房地(土地+建物)+車位,民權東路六段２９６巷４８號三樓,31.9,住,,,1110421,土地1建物1車位1,三層,十層,華廈(10層含以下有電梯),住家用,960704.0,230.72,4,2,2,有,有,49000000,229109.0,坡道平面,27.76,2500000,其他增建；,RPPPMLSKNHHGFCA87DA,128.0,4.43,6.57,有,,15.0
中山區,房地(土地+建物),北安路８２９號五樓之３,5.71,住,,,1110423,土地2建物1車位0,五層,十四層,住宅大樓(11層含以上有電梯),住家用,991224.0,44.989999999999995,0,0,0,無,有,12280000,272950.0,,0.0,0,,RPTQMLOLNHHGFCA08DA,23.52,0.9,3.62,有,1652.0,11.0
大安區,房地(土地+建物),樂業街１５９巷４９號三樓,31.5,住,,,1110426,土地1建物1車位0,三層，陽台,四層,公寓(5樓含以下無電梯),住家用,,91.11,3,2,1,有,無,15800000,173417.0,,0.0,0,,RPPNMLTJOHHGFFA18EA,91.11,0.0,0.0,無,,
南港區,房地(土地+建物)+車位,港東街９４號六樓之１,35.71,住,,,1110408,土地1建物1車位1,六層,七層,華廈(10層含以下有電梯),住家用,960115.0,97.68,2,2,1,有,有,23200000,250272.0,坡道平面,14.97,2500000,陽台外推；,RPPPMLLJOHHGFDA27DA,51.89,0.69,5.4,有,,15.0
內湖區,房地(土地+建物),內湖路一段９１巷３５弄７９號六樓,36.12,住,,,1110424,土地1建物1車位0,六層,九層,華廈(10層含以下有電梯),住家用,840627.0,115.66,3,2,2,有,有,24500000,211828.0,,0.0,0,,RPXRMLPLMHHGFCA58DA,89.25,1.53,10.08,有,,27.0
松山區,房地(土地+建物)+車位,三民路１８號八樓,24.6,住,,,1110424,土地1建物1車位1,八層,十一層,住宅大樓(11層含以上有電梯),住家用,1030530.0,150.0,3,2,2,有,有,41880000,279200.0,其他,0.0,2200000,,RPRNMLKKOHHGFDA37EA,73.91,5.32,8.03,有,1660.0,8.0
南港區,房地(土地+建物)+車位,向陽路２５８巷４３號六樓,47.37,住,,,1110410,土地1建物1車位1,六層,八層,華廈(10層含以下有電梯),住家用,961217.0,216.26,4,2,2,有,有,46000000,212707.0,坡道平面,33.77,0,陽台外推；其他增建；,RPQNMLTKMHHGFDA87DA,112.44,5.71,14.05,有,,14.0
內湖區,房地(土地+建物)+車位,東湖路１１３巷４９弄９２號二樓,40.98,住,,,1110411,土地1建物1車位1,二層,十一層,住宅大樓(11層含以上有電梯),住家用,791126.0,183.65,4,2,2,有,有,35000000,190580.0,坡道機械,0.0,0,其他增建；,RPWQMLKKNHHGFCA87DA,131.75,0.57,17.41,有,1661.0,31.0
大同區,房地(土地+建物)+車位,迪化街二段１５８號十三樓之６,18.89,住,,,1110423,土地1建物1車位1,十三層,十五層,住宅大樓(11層含以上有電梯),住家用,1100106.0,166.14,3,2,2,有,有,33760000,232485.0,坡道平面,32.11,2600000,,RPUNMLTLMHHGFBA18DA,78.93,3.47,6.77,有,,1.0
松山區,房地(土地+建物)+車位,寶清街１０３之６號三樓,18.1,住,,,1110406,土地1建物1車位1,三層,十三層,住宅大樓(11層含以上有電梯),住家用,1061124.0,137.04,2,1,2,有,有,30000000,218914.0,坡道平面,29.17,0,,RPVNMLKKOHHGFDA77EA,58.81,7.51,5.09,有,1664.0,4.0
中山區,房地(土地+建物)+車位,基湖路１１２巷５１號三樓,56.34,住,,,1110429,土地1建物1車位1,三層,十層,華廈(10層含以下有電梯),住家用,980819.0,249.66000000000005,3,2,2,有,有,69200000,323305.0,坡道平面,44.9,3000000,其他增建；,RPTPMLPLNHHGFCA08DA,133.16,0.7,10.94,有,1665.0,13.0
內湖區,房地(土地+建物),內湖路一段９１巷３５弄２２號三樓,28.89,住,,,1110430,土地1建物1車位0,三層,五層,公寓(5樓含以下無電梯),住家用,730131.0,112.35,3,2,2,有,有,20000000,178015.0,,0.0,0,陽台加蓋鐵窗其他增建；,RPPQMLKKOHHGFCA27DA,84.44,0.0,9.12,無,1666.0,38.0
北投區,房地(土地+建物)+車位,行義路１５４巷１９弄２號二樓,34.99,住,,,1110428,土地1建物1車位1,二層,七層,華廈(10層含以下有電梯),住家用,700514.0,182.18,4,2,2,有,無,22500000,123504.0,坡道平面,26.67,0,陽台外推；,RPOOMLNKOHHGFEA47DA,114.57,0.0,33.84,有,,41.0
松山區,房地(土地+建物)+車位,市民大道四段３９之１號五樓,48.7,住,,,1110413,土地2建物1車位2,五層,二十三層,住宅大樓(11層含以上有電梯),住家用,1090102.0,359.0,0,0,0,無,有,156790000,535447.0,坡道平面,81.12,8000000,,RPQOMLLMNHHGFDA47DA,150.94,4.3,22.94,有,,2.0
士林區,房地(土地+建物),承德路四段１巷９號二樓,27.0,住,,,1110420,土地1建物1車位0,二層,四層,公寓(5樓含以下無電梯),住家用,580802.0,70.77,2,1,1,有,無,12000000,169563.0,,0.0,0,,RPRNMLOKOHHGFEA87EA,70.77,0.0,0.0,無,,53.0
松山區,房地(土地+建物)+車位,寶清街１０３之１０號九樓,17.48,住,,,1110425,土地1建物1車位1,九層,十三層,住宅大樓(11層含以上有電梯),住家用,1061124.0,133.56,2,2,2,有,有,28220000,211291.0,坡道平面,0.0,0,,RPVNMLLJOHHGFDA77EA,73.95,7.18,3.96,有,1671.0,4.0
內湖區,房地(土地+建物),民權東路六段２８０巷６９弄４８號,45.28,住,,,1110428,土地1建物1車位0,一層，二層,五層,公寓(5樓含以下無電梯),住家用,780301.0,146.23999999999998,3,2,3,有,有,29500000,201723.0,,0.0,0,陽台外推；,RPRPMLNKOHHGFCA77EA,92.83,36.56,5.31,無,,33.0
中山區,房地(土地+建物),合江街７３巷１０號七樓,25.45,住,,,1110427,土地1建物1車位0,七層,七層,華廈(10層含以下有電梯),住家用,710503.0,118.35,2,2,2,有,無,31500000,266160.0,,0.0,0,頂樓加蓋；其他增建；,RPOQMLOLNHHGFCA57DA,98.31,8.94,2.93,有,,40.0
南港區,房地(土地+建物),成福路７３號五樓,24.73,住,,,1110410,土地2建物1車位0,五層,五層,公寓(5樓含以下無電梯),住家用,711104.0,84.8,3,2,1,有,無,17000000,200472.0,,0.0,0,,RPWOMLLKNHHGFDA97EA,74.86,0.0,9.94,無,1673.0,39.0
內湖區,房地(土地+建物)+車位,民權東路六段２８０巷６９弄６８號三樓,24.89,住,,,1110408,土地2建物1車位2,三層,十層,華廈(10層含以下有電梯),住家用,960125.0,187.15,2,2,2,有,有,30500000,224314.0,坡道平面,73.47,5000000,陽台外推；,RPXWMLMLKHHGFCA68EA,86.54,2.78,7.83,有,1674.0,15.0
北投區,房地(土地+建物)+車位,稻香路１６６號三樓,82.59,住,,,1110409,土地1建物1車位1,三層,五層,華廈(10層含以下有電梯),住家用,1060815.0,293.95,4,2,3,有,有,35900000,128022.0,坡道平面,27.59,1800000,,RPTOMLNKOHHGFEA08EA,154.1,6.67,22.49,有,,5.0
大安區,房地(土地+建物),雲和街８１之１號四樓,27.5,住,,,1110424,土地1建物1車位0,四層,五層,公寓(5樓含以下無電梯),住家用,,109.47,2,2,2,有,無,29170000,266466.0,,0.0,0,陽台外推；其他增建；,RPPOMLNJNHHGFFA57EA,86.84,1.8,14.12,無,1678.0,
文山區,房地(土地+建物)+車位,忠順街二段１０號二樓,40.72,住,,,1110424,土地1建物1車位1,二層,八層,華廈(10層含以下有電梯),住家用,881206.0,209.67,4,2,2,有,有,32980000,183433.0,坡道平面,40.78,2000000,陽台外推；其他增建；,RPQOMLQJNHHGFAA37DA,112.39,0.0,8.78,有,,22.0
內湖區,房地(土地+建物)+車位,新明路４９８巷１４弄１０號五樓,38.77,住,,,1110427,土地1建物1車位2,五層,七層,華廈(10層含以下有電梯),住家用,1001114.0,236.66,3,2,3,有,有,41200000,193280.0,坡道平面,46.78,4500000,塔式車位所在樓層:地下一樓,RPPNNLMLKHHGFCA07EA,101.78,11.77,19.52,有,1679.0,10.0
中正區,房地(土地+建物)+車位,仁愛路二段１３號四樓,38.68,住,,,1110421,土地1建物1車位3,四層，五層,十四層,住宅大樓(11層含以上有電梯),住家用,890925.0,324.35,4,2,4,有,有,92500000,285186.0,升降機械,22.74,0,夾層；,RPROMLNKOHHGFBA47DA,171.49,0.0,17.8,有,,22.0
中山區,房地(土地+建物)+車位,五常街９９號六樓,40.1,住,,,1110428,土地1建物1車位1,六層,七層,華廈(10層含以下有電梯),住家用,1110117.0,186.68,3,2,2,有,有,49000000,262481.0,坡道平面,43.76,0,,RPSRMLKMNHHGFCA77DA,88.33,0.0,9.36,有,,
內湖區,房地(土地+建物)+車位,康寧路三段７５巷１６５號,154.95,住,,,1110412,土地1建物1車位1,全,三層,透天厝,住家用,781030.0,301.0,10,2,6,有,無,54000000,179402.0,坡道平面,0.0,0,陽台外推；頂樓加蓋；夾層；其他增建；,RPTNNLMLKHHGFCA47EA,188.28,98.32,14.4,無,1680.0,32.0
文山區,房地(土地+建物),興隆路四段７４巷２１弄１４號五樓,33.09,住,,,1110422,土地1建物1車位0,五層,五層,公寓(5樓含以下無電梯),住家用,680915.0,105.44,3,2,2,有,無,13100000,124241.0,,0.0,0,,RPROMLOKOHHGFAA57EA,92.12,0.0,13.32,無,,43.0
中山區,房地(土地+建物),五常街５３巷２３號二樓,23.66,住,,,1110419,土地2建物1車位0,二層,五層,公寓(5樓含以下無電梯),住家用,680723.0,96.59,3,2,1,有,無,17100000,177037.0,,0.0,0,,RPQQMLTJOHHGFCA18DA,89.51,0.0,7.08,無,,43.0
南港區,房地(土地+建物),東新街１６８巷１８號九樓,18.19,住,,,1110409,土地3建物1車位0,九層,十一層,住宅大樓(11層含以上有電梯),住家用,1010314.0,89.14999999999999,3,2,2,有,有,24500000,274818.0,,0.0,0,,RPSOMLPKOHHGFDA97DA,58.51,0.0,10.23,有,1685.0,10.0
內湖區,房地(土地+建物),文德路２２巷４５號二樓,31.75,住,,,1110425,土地1建物1車位0,二層,四層,公寓(5樓含以下無電梯),住家用,681128.0,97.36,3,2,2,有,無,19360000,198850.0,,0.0,0,,RPXOMLNKOHHGFCA18DA,84.4,0.0,12.96,無,,42.0
中山區,房地(土地+建物),新生北路二段３１之１號八樓之２,7.11,住,,,1110418,土地11建物1車位0,八層,十二層,住宅大樓(11層含以上有電梯),住家用,661105.0,71.76,1,1,1,有,有,13600000,189521.0,,0.0,0,,RPUQMLTLMHHGFCA58DA,63.24,0.0,0.0,有,,44.0
信義區,房地(土地+建物),松山路４８２巷３０號八樓,8.7,住,,,1110409,土地2建物1車位0,八層,十四層,住宅大樓(11層含以上有電梯),住家用,740723.0,78.78,2,2,1,有,有,21500000,272912.0,,0.0,0,其他增建；,RPSOMLNKNHHGFDA67DA,57.91,0.0,8.32,有,1686.0,37.0
內湖區,房地(土地+建物)+車位,文湖街２１巷１１８弄１５號五樓,36.29,住,,,1110420,土地1建物1車位1,五層,七層,華廈(10層含以下有電梯),住家用,1010423.0,169.33,3,2,2,有,無,21930000,129510.0,塔式車位,0.0,0,,RPTNMLLJOHHGFCA37DA,76.44,5.48,10.87,有,1688.0,10.0
內湖區,房地(土地+建物)+車位,環山路二段２８號三樓之１２,47.94,住,,,1110410,土地2建物1車位1,三層,五層,華廈(10層含以下有電梯),住家用,1070928.0,94.41,2,2,1,有,有,21000000,258047.0,塔式車位,19.23,1600000,,RPOPMLOKOHHGFCA47DA,42.6,0.0,4.75,有,1689.0,4.0
信義區,房地(土地+建物),松信路２２４號,22.29,住,,,1110422,土地2建物1車位0,一層,七層,華廈(10層含以下有電梯),住家用,780509.0,117.99,3,2,1,有,有,31000000,262734.0,,0.0,0,其他增建；,RPXNMLKKOHHGFDA87DA,75.51,10.41,0.0,有,,33.0
松山區,房地(土地+建物)+車位,敦化南路一段１００巷７弄１２號二樓,18.78,住,,,1110414,土地1建物1車位1,二層,七層,華廈(10層含以下有電梯),住家用,1030521.0,105.85,2,2,1,有,有,36500000,344828.0,塔式車位,10.11,0,塔式車位位於地下第三層陽台外推；其他增建；,RPUPMLLJOHHGFDA77DA,53.05,3.95,4.59,有,1691.0,8.0
內湖區,房地(土地+建物),康樂街７２巷１７弄１３７之１號三樓,45.36,住,,,1110425,土地1建物1車位0,三層,五層,公寓(5樓含以下無電梯),住家用,760311.0,123.07,3,2,2,有,無,14000000,113756.0,,0.0,0,預售屋、或土地及建物分件登記案件；,RPURMLPKOHHGFCA38DA,102.99,0.0,10.56,無,,35.0
內湖區,房地(土地+建物)+車位,行善路５９巷２０弄２之１號四樓之２,76.77,住,,,1110416,土地1建物1車位1,四層,九層,華廈(10層含以下有電梯),住家用,910117.0,210.34,3,2,2,有,有,41200000,195873.0,坡道平面,18.12,0,其他增建；,RPXOMLOJNHHGFCA08DA,117.1,0.0,14.65,有,,20.0
信義區,房地(土地+建物),忠孝東路四段５００號七樓之７,17.04,住,,,1110429,土地2建物1車位0,七層,十層,華廈(10層含以下有電梯),住家用,660324.0,152.39,3,2,2,有,有,52500000,344511.0,,0.0,0,陽台外推；,RPTPMLLKNHHGFDA77EA,128.87,0.0,10.9,有,,45.0
士林區,房地(土地+建物)+車位,通河西街二段１２８號五樓之１,37.53,住,,,1110418,土地1建物1車位1,五層,十四層,住宅大樓(11層含以上有電梯),住家用,1000525.0,219.37,4,2,2,有,有,29800000,148777.0,坡道平面,36.21,2550000,,RPXQMLLJOHHGFEA38EA,98.9,13.38,7.13,有,,11.0
中山區,房地(土地+建物)+車位,合江街３７號四樓,12.52,住,,,1110415,土地1建物1車位1,四層,十一層,住宅大樓(11層含以上有電梯),住家用,1070514.0,101.54,2,1,2,有,有,27890000,317454.0,其他,21.56,2500000,含裝潢費；,RPROMLRKOHHGFCA97DA,26.73,14.68,2.61,有,,4.0
士林區,房地(土地+建物),中山北路七段１４巷６５弄８號二樓,31.8,住,,,1110408,土地1建物1車位0,二層,五層,公寓(5樓含以下無電梯),住家用,731117.0,119.0,3,2,2,有,有,22000000,184874.0,,0.0,0,其他增建；,RPSNMLRKNHHGFEA08DA,96.68,0.0,7.87,無,,37.0
松山區,房地(土地+建物),延壽街４０２巷３弄１９號四樓之５,28.72,住,,,1110414,土地1建物1車位0,四層,七層,華廈(10層含以下有電梯),住家用,680915.0,146.11,3,2,2,有,有,33680000,230511.0,,0.0,0,,RPVPMLLKNHHGFDA97EA,113.11,0.0,15.61,有,,43.0
文山區,房地(土地+建物),景興路４２巷８弄８號三樓,35.61,住,,,1110422,土地1建物1車位0,三層，陽臺,四層,公寓(5樓含以下無電梯),住家用,640419.0,97.7,3,2,1,有,無,17400000,178096.0,,0.0,0,其他增建；,RPSNMLNKNHHGFAA27DA,97.7,0.0,0.0,無,,47.0
大安區,房地(土地+建物),仁愛路四段４０４號二樓,39.17,住,,,1110419,土地1建物2車位0,二層,十四層,住宅大樓(11層含以上有電梯),住家用,690325.0,342.93,8,2,5,有,有,90000000,262444.0,,0.0,0,陽台外推；其他增建；,RPSOMLNJNHHGFFA87EA,261.04,0.0,43.4,有,,42.0
大安區,房地(土地+建物),四維路２２巷５號五樓,36.2,住,,,1110430,土地1建物1車位0,五層,五層,公寓(5樓含以下無電梯),住家用,680105.0,126.6,3,2,2,有,無,33500000,264613.0,,0.0,0,頂樓加蓋；,RPQOMLQKOHHGFFA18EA,110.61,0.0,15.99,無,,43.0
萬華區,房地(土地+建物),萬大路１４４號四樓,22.0,住,,,1110430,土地1建物1車位0,四層,四層,公寓(5樓含以下無電梯),住家用,650922.0,63.15,4,2,2,有,無,9500000,150435.0,,0.0,0,頂樓加蓋；,RPTOMLQKOHHGFBA97DA,58.95,0.0,4.2,無,,46.0
松山區,房地(土地+建物)+車位,延壽街３３０巷１８號三樓之１,56.68,住,,,1110418,土地1建物1車位1,三層,十一層,住宅大樓(11層含以上有電梯),住家用,980320.0,211.14,4,2,2,有,有,55000000,260491.0,坡道平面,0.0,0,另有兩個機車停車位使用。陽台外推；,RPTPMLQJOHHGFDA18DA,117.23,0.0,10.76,有,,13.0
南港區,房地(土地+建物)+車位,街６號十三樓之１,34.06,住,,,1110402,土地1建物1車位2,十三層,十四層,住宅大樓(11層含以上有電梯),住家用,980611.0,240.93,4,2,2,有,有,47380000,196655.0,坡道機械,0.0,0,,RPTOMLSKMHHGFDA18DA,120.69,16.27,11.95,有,,13.0
內湖區,房地(土地+建物),金湖路３４７巷４８號二樓,180.39,住,,,1110423,土地1建物1車位0,全,五層,透天厝,住家用,931101.0,329.79,4,3,3,有,無,80800000,245004.0,,0.0,0,其他增建；,RPSOMLPKOHHGFCA87DA,281.69,22.57,25.53,有,,17.0
南港區,房地(土地+建物),重陽路４９９號九樓之２,19.38,住,,,1110429,土地1建物1車位0,九層,九層,華廈(10層含以下有電梯),住家用,950418.0,44.99,1,1,1,有,有,11000000,244499.0,,0.0,0,,RPTQMLLKNHHGFDA87EA,28.1,3.41,0.0,有,,16.0
松山區,房地(土地+建物)+車位,光復南路４６巷３６號十一樓之３,23.2,住,,,1110424,土地1建物1車位1,十一層,二十二層,住宅大樓(11層含以上有電梯),住家用,1100203.0,171.82999999999998,3,2,2,有,有,59280000,344992.0,坡道平面,0.0,0,,RPRNMLKLOHHGFDA47EA,76.28,3.53,6.83,有,,1.0
文山區,房地(土地+建物),福興路７８巷２０弄６號四樓,42.42,住,,,1110409,土地2建物1車位0,四層,四層,公寓(5樓含以下無電梯),住家用,680516.0,110.95,5,3,4,有,無,16800000,151420.0,,0.0,0,頂樓加蓋；,RPPNMLTKOHHGFAA67DA,96.49,0.0,14.46,無,,43.0
中山區,房地(土地+建物),龍江路３８４巷１３號五樓,25.96,住,,,1110406,土地1建物1車位0,五層,五層,公寓(5樓含以下無電梯),住家用,710918.0,99.51,5,2,4,有,無,19050000,191438.0,,0.0,0,頂樓加蓋；,RPQOMLRKOHHGFCA97EA,88.39,0.0,11.12,無,,40.0
信義區,房地(土地+建物),莊敬路２８９巷５弄２６號五樓,42.9,住,,,1110409,土地1建物1車位0,五層,五層,公寓(5樓含以下無電梯),住家用,750116.0,155.42,4,3,3,有,無,28500000,183374.0,,0.0,0,陽台外推；頂樓加蓋；,RPSNMLQKOHHGFDA97DA,124.05,0.0,26.43,無,,36.0
信義區,房地(土地+建物),吳興街２８４巷２４弄２０號二樓,36.5,住,,,1110430,土地1建物1車位0,二層，陽台,四層,公寓(5樓含以下無電梯),住家用,640825.0,97.82,3,2,2,有,無,18100000,185034.0,,0.0,0,陽台外推；其他增建；,RPQQMLOLNHHGFDA87DA,97.82,0.0,0.0,無,,47.0
士林區,房地(土地+建物)+車位,天母北路５６號三樓之２,18.45,住,,,1110419,土地1建物1車位1,三層,二十四層,住宅大樓(11層含以上有電梯),住家用,1090703.0,189.41,3,2,2,有,有,44000000,232300.0,坡道平面,38.79,0,,RPXNMLTJOHHGFEA78DA,82.89,7.17,8.3,有,,2.0
中山區,房地(土地+建物),大直街３３巷９號二樓,30.72,住,,,1110409,土地1建物1車位0,二層,五層,公寓(5樓含以下無電梯),住家用,721205.0,118.16,3,2,2,有,無,25180000,213101.0,,0.0,0,,RPSONLMLKHHGFCA47EA,94.26,0.0,13.89,無,,38.0
士林區,房地(土地+建物),芝玉路一段２０３號五樓,36.74,住,,,1110428,土地1建物1車位0,五層,五層,公寓(5樓含以下無電梯),住家用,731013.0,113.36,3,2,2,有,無,17830000,157287.0,,0.0,0,頂樓加蓋；,RPXOMLNKOHHGFEA38DA,104.93,0.0,8.43,無,,38.0
士林區,房地(土地+建物),忠誠路一段１４７巷１２號九樓,30.93,住,,,1110411,土地1建物1車位0,九層,十二層,住宅大樓(11層含以上有電梯),住家用,860612.0,125.43,3,2,2,有,有,34280000,273300.0,,0.0,0,陽台外推；,RPTPMLPKOHHGFEA28DA,88.34,0.75,11.32,有,1696.0,25.0
松山區,房地(土地+建物),八德路三段９９巷４弄１２號四樓,28.5,住,,,1110427,土地1建物1車位0,四層,四層,公寓(5樓含以下無電梯),住家用,561124.0,88.23,2,2,2,有,無,21560000,244361.0,,0.0,0,陽台外推；頂樓加蓋；,RPXNMLTJOHHGFDA68DA,77.69,0.0,10.54,無,,54.0
文山區,房地(土地+建物)+車位,政大二街８５號三樓之１,142.27,住,,,1110409,土地1建物1車位1,三層,五層,華廈(10層含以下有電梯),住家用,971111.0,273.86,4,2,3,有,有,43800000,172012.0,坡道平面,33.76,2500000,其他增建；,RPVNMLQKNHHGFAA87DA,152.93,14.12,20.52,有,,13.0
士林區,房地(土地+建物),士東路２００巷６７號五樓之１,12.37,住,,,1110424,土地2建物1車位0,五層,十二層,住宅大樓(11層含以上有電梯),住家用,980720.0,75.09,2,2,1,有,有,20900000,278333.0,,0.0,0,雨遮加蓋陽台外推；其他增建；,RPWPMLPKOHHGFEA58DA,38.92,3.7,5.28,有,,13.0
內湖區,房地(土地+建物)+車位,康寧路三段７５巷１３１號十一樓,45.87,住,,,1110417,土地1建物1車位1,十一層,十一層,住宅大樓(11層含以上有電梯),住家用,880819.0,124.11,2,2,1,有,有,27820000,224156.0,坡道平面,0.0,0,其他增建；,RPRNMLMJOHHGFCA27DA,66.83,0.0,6.07,有,,23.0
內湖區,房地(土地+建物)+車位,星雲街１５８號五樓之２,27.16,住,,,1110424,土地1建物1車位1,五層,十六層,住宅大樓(11層含以上有電梯),住家用,841023.0,158.15,4,2,2,有,有,34950000,273378.0,坡道平面,39.45,2500000,陽台外推；,RPVNMLLMNHHGFCA77DA,130.76,2.4,12.96,有,,27.0
北投區,房地(土地+建物),致遠二路９６巷３弄３號三樓,60.0,住,,,1110407,土地1建物1車位0,三層,四層,公寓(5樓含以下無電梯),住家用,670413.0,134.48,3,2,2,有,無,17000000,126413.0,,0.0,0,,RPPPMLNLNHHGFEA67DA,124.47,0.0,10.01,無,,44.0
中正區,房地(土地+建物),中華路二段４５９號三樓,19.25,住,,,1110430,土地1建物1車位0,三層,七層,華廈(10層含以下有電梯),住家用,660725.0,104.84,3,2,2,有,有,15400000,146890.0,,0.0,0,陽台外推；,RPRNMLRKOHHGFAA67DA,96.72,0.0,8.12,有,,45.0
大安區,房地(土地+建物)+車位,復興南路二段７８巷３０弄３號十四樓,27.24,住,,,1110419,土地1建物1車位1,十四層,十六層,住宅大樓(11層含以上有電梯),住家用,761105.0,200.99,4,2,2,有,有,55550000,320047.0,坡道平面,39.92,4000000,因現況地下一層私人擁有，故社區認定車位位置在地下二層。陽台外推；其他增建；,RPQNMLTJOHHGFFA18DA,146.85,1.06,16.7,有,,34.0
士林區,房地(土地+建物),天玉街３５號七樓,32.93,住,,,1110430,土地1建物1車位0,七層,七層,華廈(10層含以下有電梯),住家用,751219.0,152.68,3,2,2,有,無,38800000,254126.0,,0.0,0,陽台加窗、陽台外移、花台加蓋頂樓加蓋；其他增建；,RPSNMLKMMHHGFEA47DA,121.86,2.15,18.04,有,,35.0
中正區,房地(土地+建物),臨沂街２９巷１６號四樓之７,9.51,住,,,1110428,土地1建物1車位0,四層,五層,華廈(10層含以下有電梯),住家用,930102.0,34.61,1,1,1,有,有,11580000,334585.0,,0.0,0,陽台外推；夾層；其他增建；,RPUOMLKMNHHGFBA57DA,10.96,0.0,9.22,有,1704.0,18.0
大安區,房地(土地+建物)+車位,溫州街２２巷５號七樓,59.19,住,,,1110429,土地1建物1車位1,七層，夾層,七層,華廈(10層含以下有電梯),住家用,921029.0,270.93,6,4,5,有,有,80000000,295279.0,升降機械,30.47,0,現況車位為升降機械子母兩車位陽台外推；夾層；,RPPPMLNJNHHGFFA67EA,148.31,4.51,10.4,有,,19.0
士林區,房地(土地+建物),德行東路３５７號五樓,30.62,住,,,1110410,土地1建物1車位0,五層,五層,公寓(5樓含以下無電梯),住家用,720203.0,130.29000000000002,3,2,2,有,無,20500000,157341.0,,0.0,0,陽台外推；頂樓加蓋；其他增建；,RPPNMLSJOHHGFEA87DA,92.81,13.15,16.08,無,1708.0,39.0
中正區,房地(土地+建物),汀州路二段１６７號四樓,13.53,住,,,1110413,土地1建物1車位0,四層,十八層,住宅大樓(11層含以上有電梯),住家用,1101108.0,94.35,2,1,1,有,有,22380000,237202.0,,0.0,0,,RPSNMLLLOHHGFAA27DA,51.34,8.83,2.56,有,,
中正區,房地(土地+建物)+車位,汀州路二段１６７號十四樓之５,11.26,住,,,1110430,土地1建物1車位1,十四層,十八層,住宅大樓(11層含以上有電梯),住家用,1101108.0,118.97,2,1,1,有,有,23500000,271487.0,坡道平面,41.25,2400000,,RPQPMLLLOHHGFAA27DA,42.17,7.91,1.6,有,,
內湖區,房地(土地+建物)+車位,新富街１５８號二樓,50.96,住,,,1110405,土地1建物1車位2,二層,十四層,住宅大樓(11層含以上有電梯),住家用,1010601.0,347.09000000000003,4,1,3,有,有,69000000,198796.0,坡道平面,0.0,0,,RPRNMLPKOHHGFCA67DA,161.13,2.0,18.6,有,1710.0,10.0
士林區,房地(土地+建物),葫蘆街５７號二樓,39.5,住,,,1110416,土地1建物1車位0,二層,四層,公寓(5樓含以下無電梯),住家用,670112.0,111.8,4,2,2,有,無,13000000,116279.0,,0.0,0,陽台外推；其他增建；,RPXNMLNLNHHGFEA28DA,97.09,0.0,14.71,無,,44.0
內湖區,房地(土地+建物),民權東路六段１３６巷４６弄８號一樓,35.22,住,,,1110416,土地1建物1車位0,一層,五層,公寓(5樓含以下無電梯),住家用,741209.0,183.63,3,2,2,有,無,27000000,147035.0,,0.0,0,其他增建；,RPSNMLKKOHHGFCA27DA,83.83,90.27,0.0,無,,36.0
文山區,房地(土地+建物)+車位,育英街７９號四樓之１,16.07,住,,,1110412,土地1建物1車位1,四層,七層,華廈(10層含以下有電梯),住家用,1091225.0,82.50999999999999,1,1,1,有,有,18000000,242939.0,升降機械,14.18,1400000,,RPUPMLKLOHHGFAA57DA,37.77,3.35,5.57,有,,1.0
萬華區,建物,昆明街７９號六樓之２,0.0,,,,1110415,土地0建物1車位0,六層,十層,華廈(10層含以下有電梯),住家用,750404.0,37.13,0,0,0,無,有,4420000,119041.0,,0.0,0,,RPXPMLOLNHHGFBA28DA,31.28,0.0,0.0,有,,36.0
內湖區,房地(土地+建物)+車位,星雲街１２７號四樓之３,21.11,住,,,1110419,土地1建物1車位1,四層,十四層,住宅大樓(11層含以上有電梯),住家用,931222.0,162.42000000000002,4,2,2,有,有,42100000,290536.0,坡道平面,26.12,2500000,,RPQPMLLLOHHGFCA47DA,76.31,4.28,12.49,有,1715.0,17.0
內湖區,建物,瑞光路２５３巷１號二樓,0.0,,,,1110424,土地0建物1車位0,二層,七層,華廈(10層含以下有電梯),住家用,860214.0,142.17000000000002,3,2,2,有,有,13700000,96364.0,,0.0,0,地上權房屋；,RPQPMLQJOHHGFCA77DA,96.71,0.0,9.97,有,1716.0,25.0
中山區,房地(土地+建物),遼寧街１０１巷１９號四樓,14.23,住,,,1110424,土地1建物1車位0,四層,六層,華廈(10層含以下有電梯),住家用,1040212.0,67.5,1,1,1,有,有,18300000,271111.0,,0.0,0,夾層；,RPWOMLNLOHHGFCA28EA,27.37,4.98,2.42,有,1718.0,7.0
北投區,房地(土地+建物),文林北路２４４巷１９之３號四樓,50.21,住,,,1110427,土地1建物1車位0,四層，五層,五層,公寓(5樓含以下無電梯),住家用,780425.0,171.47,4,2,3,有,無,21800000,127136.0,,0.0,0,陽台外推；其他增建；,RPSOMLLLOHHGFEA87EA,124.91,3.03,27.37,無,,33.0
大安區,房地(土地+建物)+車位,四維路６６巷８號十樓,28.19,住,,,1110418,土地1建物1車位1,十層,十六層,住宅大樓(11層含以上有電梯),住家用,840915.0,173.63,3,2,2,有,有,52200000,300639.0,坡道平面,0.0,0,其他增建；,RPVNMLRKNHHGFFA48DA,88.84,1.23,11.4,有,,27.0
北投區,房地(土地+建物)+車位,新興路１５３號四樓,50.63,住,,,1110430,土地1建物1車位1,四層,八層,華廈(10層含以下有電梯),住家用,951122.0,205.39,4,2,3,有,有,29500000,143629.0,升降平面,25.05,0,,RPSNMLOLOHHGFEA97DA,108.85,0.0,12.05,有,,15.0
萬華區,房地(土地+建物),萬大路４９３巷３６弄７號,29.11,住,,,1110428,土地2建物1車位0,一層,四層,公寓(5樓含以下無電梯),住家用,,84.39,3,2,1,有,無,15550000,184264.0,,0.0,0,,RPSNMLNLOHHGFBA67EA,84.39,0.0,0.0,無,,
內湖區,房地(土地+建物)+車位,民權東路六段１９１巷６２弄２２號二樓,84.36,住,,,1110421,土地1建物1車位1,二層,五層,華廈(10層含以下有電梯),住家用,991103.0,197.64,3,2,2,有,有,47000000,237806.0,坡道平面,0.0,2500000,,RPOPMLOKOHHGFCA57EA,109.56,13.14,6.91,有,1722.0,11.0
松山區,房地(土地+建物),延壽街３７４號四樓,28.25,住,,,1110416,土地1建物1車位0,四層,七層,華廈(10層含以下有電梯),住家用,670713.0,135.86,3,2,2,有,有,30070000,221331.0,,0.0,0,後陽台鐵窗外推其他增建；,RPUPMLNLOHHGFDA18DA,104.72,0.0,15.39,有,,44.0
內湖區,房地(土地+建物)+車位,民權東路六段２８９巷２７號二樓,61.8,住,,,1110425,土地1建物1車位1,二層,五層,華廈(10層含以下有電梯),住家用,1101007.0,153.51999999999998,3,2,2,有,有,29600000,192809.0,坡道平面,34.83,0,,RPPRMLNLOHHGFCA77DA,69.87,5.09,9.61,有,,1.0
內湖區,房地(土地+建物)+車位,民權東路六段２８９巷３１號二樓,61.8,住,,,1110419,土地1建物1車位1,二層,五層,華廈(10層含以下有電梯),住家用,1101007.0,153.39,3,2,2,有,有,29780000,194146.0,坡道平面,34.83,0,,RPVRMLNLOHHGFCA38DA,70.04,5.09,9.31,有,,1.0
中正區,房地(土地+建物)+車位,汀州路三段６０巷２弄２號九樓,36.29,住,,,1110424,土地1建物1車位1,九層,十一層,住宅大樓(11層含以上有電梯),住家用,891031.0,155.35,2,2,2,有,有,37760000,243064.0,坡道平面,0.0,0,陽台外推；其他增建；,RPQOMLLMNHHGFAA17DA,69.38,3.08,10.11,有,1725.0,21.0
松山區,房地(土地+建物)+車位,敦化北路１０號十七樓,30.06,住,,,1110429,土地2建物1車位2,十七層,二十三層,住宅大樓(11層含以上有電梯),住家用,1071126.0,402.9500000000001,3,2,3,有,有,212900000,617373.0,坡道平面,69.44,7000000,,RPQQMLRKNHHGFDA08DA,179.69,15.06,21.33,有,,3.0
文山區,房地(土地+建物),永安街６巷１１號,51.42,住,,,1110430,土地2建物2車位0,一層，平台,四層,公寓(5樓含以下無電梯),住家用,,188.32,3,3,3,有,無,31000000,164613.0,,0.0,0,建號1466價格1538萬，建號1465價格1562萬其他增建；,RPPPMLOKMHHGFAA27EA,188.32,0.0,0.0,無,1727.0,
大安區,房地(土地+建物)+車位,瑞安街２４４巷３５號二樓,25.06,住,,,1110418,土地1建物1車位1,二層,七層,華廈(10層含以下有電梯),住家用,1030812.0,120.4,2,2,1,有,有,37680000,335783.0,升降機械,15.63,2500000,本案有拆算土地、建物、車位價格如下:土地價格新台幣2462萬；建物價格新台幣1056萬；車位價格新台幣250萬元整。陽台外推；其他增建；,RPQNMLRKNHHGFFA97DA,53.7,0.0,5.04,有,,8.0
中正區,建物,南昌路一段１２２巷８號,0.0,,,,1110426,土地0建物1車位1,一層,六層,華廈(10層含以下有電梯),住家用,1090302.0,140.17000000000002,2,1,1,有,有,20380000,191954.0,升降平面,45.46,2200000,地上權房屋；,RPWOMLRLOHHGFAA38DA,50.05,0.0,12.56,有,,2.0
信義區,房地(土地+建物)+車位,仁愛路四段４５０號十三樓,34.5,住,,,1110419,土地1建物1車位1,十三層,十四層,住宅大樓(11層含以上有電梯),住家用,990806.0,436.5,0,0,0,無,有,219149788,533606.0,坡道平面,33.3,4000000,毛胚屋；,RPUNMLOLOHHGFDA18EA,258.76,0.0,27.33,有,,12.0
士林區,房地(土地+建物),士東路２６６巷６弄１１號五樓,21.25,住,,,1110430,土地1建物1車位0,五層,五層,公寓(5樓含以下無電梯),住家用,700904.0,86.05,2,2,1,有,無,16080000,186868.0,,0.0,0,其他增建；,RPTNMLPKOHHGFEA08DA,74.1,0.0,11.95,無,,41.0
北投區,房地(土地+建物)+車位,中和街２８號十五樓之１０,21.13,住,,,1110417,土地4建物1車位1,十五層,十七層,住宅大樓(11層含以上有電梯),住家用,890329.0,187.07,3,2,3,有,有,30500000,163041.0,坡道機械,0.0,1500000,陽台外推；,RPQOMLKLOHHGFEA47DA,102.48,0.0,13.11,有,1728.0,22.0
北投區,房地(土地+建物),豐年路二段３２巷２號三樓,24.17,住,,,1110426,土地1建物1車位0,三層,五層,公寓(5樓含以下無電梯),住家用,690227.0,78.01,3,2,1,有,無,11000000,141008.0,,0.0,0,陽台外推；其他增建；,RPPSMLLJOHHGFEA67DA,67.89,0.0,10.12,無,,42.0
士林區,房地(土地+建物),士東路２６６巷３弄１１號五樓,27.12,住,,,1110429,土地5建物1車位0,五層,五層,公寓(5樓含以下無電梯),住家用,690429.0,93.24,4,3,2,有,無,15000000,160875.0,,0.0,0,頂樓加蓋；,RPTNMLTLOHHGFEA68EA,85.07,0.0,8.17,無,,42.0
大安區,房地(土地+建物),八德路二段２５號三樓,17.02,住,,,1110430,土地2建物1車位0,三層,七層,華廈(10層含以下有電梯),住家用,710227.0,97.29,3,2,1,有,無,22380000,230034.0,,0.0,0,陽台外推；,RPOPMLSLOHHGFFA38EA,72.19,0.0,12.98,有,,40.0
文山區,房地(土地+建物)+車位,木柵路二段１０９巷１００弄７４號十五樓,43.44,住,,,1110423,土地2建物1車位1,十五層,十七層,住宅大樓(11層含以上有電梯),住家用,850925.0,101.17,1,2,1,有,有,13200000,144908.0,坡道平面,27.33,2500000,其他增建；,RPXNMLLMNHHGFAA77DA,50.96,1.06,4.45,有,,26.0
北投區,房地(土地+建物),中山北路七段２１９巷３弄１９１號五樓,16.56,住,,,1110417,土地1建物1車位0,五層,七層,華廈(10層含以下有電梯),住家用,731022.0,92.12,2,2,1,有,有,15680000,170213.0,,0.0,0,建物向外加蓋凸窗陽台外推；其他增建；,RPOQMLKMNHHGFEA47DA,74.58,0.0,8.64,有,,37.0
大安區,房地(土地+建物),復興南路二段１６０巷１７弄６號二樓,20.24,住,,,1110423,土地3建物1車位0,二層，陽臺,六層,華廈(10層含以下有電梯),住家用,,90.44,3,2,2,有,有,23650000,261499.0,,0.0,0,陽台外推；,RPWPMLNJNHHGFFA38EA,90.44,0.0,0.0,有,1733.0,
信義區,房地(土地+建物),吳興街１５６巷３２號二樓,34.0,住,,,1110426,土地1建物1車位0,二層，陽臺,四層,公寓(5樓含以下無電梯),住家用,631125.0,102.58,3,2,1,有,無,20000000,194970.0,,0.0,0,,RPPNMLQLOHHGFDA77DA,102.58,0.0,0.0,無,,47.0
中正區,房地(土地+建物)+車位,廈門街１３１巷６之２號四樓,31.48,住,,,1110418,土地1建物1車位1,四層,五層,華廈(10層含以下有電梯),住家用,820702.0,146.79,3,2,2,有,有,24800000,168949.0,升降平面,0.0,0,陽台外推；其他增建；,RPUOMLTLOHHGFAA38DA,74.92,6.06,6.51,有,,29.0
士林區,房地(土地+建物)+車位,基河路３００巷２７號六樓,34.78,住,,,1110401,土地1建物1車位1,六層,十三層,住宅大樓(11層含以上有電梯),住家用,1101117.0,224.43,3,2,2,有,無,56000000,275461.0,坡道平面,30.21,2500000,,RPQSMLQJOHHGFEA28DA,111.16,5.7,9.76,有,,
內湖區,房地(土地+建物),麗山街３９３巷２號四樓,26.33,住,,,1110419,土地1建物1車位0,四層,五層,公寓(5樓含以下無電梯),住家用,681110.0,99.9,3,2,1,有,無,17300000,173173.0,,0.0,0,,RPRQMLPKOHHGFCA97DA,87.63,0.0,12.27,無,,42.0
南港區,房地(土地+建物)+車位,重陽路９號七樓,27.72,住,,,1110420,土地1建物1車位1,七層,十四層,住宅大樓(11層含以上有電梯),住家用,1110124.0,162.05,3,1,2,有,有,41990000,292587.0,坡道平面,26.74,2400000,預售屋、或土地及建物分件登記案件；,RPRPMLRKOHHGFDA18DA,71.72,10.54,5.96,有,,
文山區,房地(土地+建物),木柵路一段６６號四樓,27.0,住,,,1110430,土地1建物1車位0,四層，五層,五層,公寓(5樓含以下無電梯),住家用,,95.81,2,2,1,有,無,9000000,93936.0,,0.0,0,,RPSOMLNLOHHGFAA57DA,95.81,0.0,0.0,無,,
內湖區,房地(土地+建物),內湖路一段６６１號十五樓之３,7.54,,,,1110422,土地1建物1車位0,十五層,十八層,住宅大樓(11層含以上有電梯),住家用,991123.0,55.040000000000006,1,1,1,有,有,17220000,312863.0,,0.0,0,夾層；其他增建；,RPQPMLNLNHHGFCA57DA,32.59,0.0,3.47,有,1738.0,11.0
士林區,房地(土地+建物),忠誠路一段１６３號九樓,32.3,住,,,1110407,土地1建物1車位0,九層,十層,華廈(10層含以下有電梯),住家用,810930.0,145.33,3,2,2,有,有,37200000,255952.0,,0.0,0,陽台外推；,RPRQMLRJOHHGFEA28DA,127.5,0.0,12.33,有,1739.0,30.0
南港區,房地(土地+建物),福德街４５７號十四樓,21.15,住,,,1110410,土地1建物1車位0,十四層,十四層,住宅大樓(11層含以上有電梯),住家用,870521.0,128.45,2,2,1,有,有,24080000,187466.0,,0.0,0,陽台外推；其他增建；,RPXOMLKMNHHGFDA08DA,70.52,0.0,7.89,有,,24.0
文山區,房地(土地+建物)+車位,和平東路四段６６巷７號十四樓,114.75,住,,,1110402,土地2建物1車位3,十四層,十六層,住宅大樓(11層含以上有電梯),住家用,860529.0,399.78,4,2,3,有,有,44300000,110811.0,坡道平面,0.0,6000000,陽台外推；其他增建；,RPQNMLKLNHHGFAA86DA,176.65,10.9,31.3,有,,25.0
北投區,房地(土地+建物),中和街４９３巷６之１號五樓,30.89,住,,,1110425,土地1建物1車位0,五層,五層,公寓(5樓含以下無電梯),住家用,711026.0,140.47,3,2,2,有,無,13900000,98954.0,,0.0,0,,RPUNMLKMOHHGFEA87DA,97.19,0.0,26.66,無,1741.0,39.0
萬華區,房地(土地+建物),長順街１４巷２９弄７號二樓,38.75,住,,,1110428,土地1建物1車位0,二層,四層,公寓(5樓含以下無電梯),住家用,610408.0,76.26,4,1,1,有,無,9850000,129163.0,,0.0,0,陽台外推；其他增建；,RPWPMLOJPHHGFBA18DA,76.26,0.0,0.0,無,,50.0
松山區,房地(土地+建物),南京東路四段１３３巷７弄２４號四樓,38.0,住,,,1110418,土地1建物1車位0,四層,四層,公寓(5樓含以下無電梯),住家用,,96.52,3,2,2,有,無,25360000,262743.0,,0.0,0,頂樓加蓋；其他增建；,RPUNMLPLNHHGFDA08DA,96.52,0.0,0.0,無,,
中正區,房地(土地+建物)+車位,金山南路一段１３９號四樓之１,29.2,住,,,1110409,土地1建物2車位1,四層,十一層,住宅大樓(11層含以上有電梯),住家用,990319.0,163.98000000000002,3,2,2,有,有,56000000,348353.0,坡道機械,10.4,2500000,陽台外推；,RPPQMLSLMHHGFBA97EA,91.55,1.92,11.73,有,1742.0,12.0
大安區,房地(土地+建物),仁愛路四段２３０號十一樓之２,14.0,住,,,1110418,土地2建物1車位0,十一層,十二層,住宅大樓(11層含以上有電梯),住家用,670912.0,118.85,2,2,2,有,有,36280000,305259.0,,0.0,0,陽台外推；其他增建；,RPRNMLLJPHHGFFA57DA,87.01,0.0,12.83,有,,44.0
內湖區,房地(土地+建物),康樂街１５１巷９號三樓,28.02,住,,,1110420,土地1建物1車位0,三層,七層,華廈(10層含以下有電梯),住家用,830707.0,105.57,4,1,2,有,有,16000000,151558.0,,0.0,0,頂樓增建其他增建；,RPPPMLLLOHHGFCA37DA,73.04,1.06,7.9,有,,28.0
內湖區,房地(土地+建物),瑞光路１２２巷１０１弄１０號,117.87,住,,,1110424,土地1建物1車位0,一層，二層,四層,公寓(5樓含以下無電梯),住家用,851107.0,195.2,4,2,3,有,有,41500000,212602.0,,0.0,0,其他增建；,RPORMLQKNHHGFCA77DA,144.38,1.36,19.38,無,,25.0
內湖區,房地(土地+建物)+車位,民權東路六段２８０巷２２號九樓之１,30.4,住,,,1110411,土地1建物1車位1,九層,十一層,住宅大樓(11層含以上有電梯),住家用,930927.0,176.4,3,2,2,有,有,37500000,212585.0,坡道平面,0.0,0,陽台外推；其他增建；,RPPQMLKLOHHGFCA37DA,88.8,7.59,8.12,有,1744.0,18.0
松山區,房地(土地+建物),長春路３５５號六樓,26.03,住,,,1110416,土地1建物1車位0,六層,十四層,住宅大樓(11層含以上有電梯),住家用,760929.0,158.49,2,2,2,有,有,43880000,276863.0,,0.0,0,陽台外推；其他增建；,RPOTMLTKMHHGFDA28DA,115.0,0.0,17.71,有,,35.0
文山區,房地(土地+建物)+車位,政大一街２７９號三樓,54.5,住,,,1110416,土地1建物1車位1,三層,五層,華廈(10層含以下有電梯),住家用,1031113.0,158.54000000000002,3,2,2,有,有,27500000,199283.0,坡道平面,33.09,2500000,其他增建；,RPQNMLNLOHHGFAA27DA,75.95,1.17,8.53,有,1749.0,7.0
北投區,房地(土地+建物)+車位,中央北路二段３５０巷６０號七樓,47.75,住,,,1110405,土地1建物1車位1,七層,十四層,住宅大樓(11層含以上有電梯),住家用,1040724.0,192.35,3,2,2,有,有,29350000,152586.0,坡道平面,0.0,0,,RPPOMLQJPHHGFEA87DA,104.03,0.0,11.14,有,1750.0,7.0
士林區,房地(土地+建物),天母東路１０５巷３１之２號三樓,38.43,住,,,1110430,土地1建物1車位0,三層,五層,公寓(5樓含以下無電梯),住家用,680105.0,157.16,5,1,2,有,有,18300000,116442.0,,0.0,0,,RPTPMLRJPHHGFEA58EA,126.2,0.0,14.27,無,,43.0
中山區,房地(土地+建物),吉林路４４７巷２３號四樓,33.25,住,,,1110429,土地1建物1車位0,四層,四層,公寓(5樓含以下無電梯),住家用,640319.0,95.24,5,2,3,有,無,19500000,204746.0,,0.0,0,頂樓加蓋；,RPOQMLLKPHHGFCA47EA,83.48,0.0,11.76,無,1754.0,47.0
中正區,房地(土地+建物)+車位,汀州路二段１６７號五樓之３,12.47,住,,,1110414,土地1建物1車位1,五層,十八層,住宅大樓(11層含以上有電梯),住家用,1101108.0,115.49,2,1,1,有,有,22200000,239058.0,升降機械,28.9,1500000,本約於民國111年6月7日讓渡，交易總價新台幣26600000元整。,RPOOMLMKPHHGFAA07DA,45.89,7.82,3.86,有,,
大安區,房地(土地+建物)+車位,敦化南路二段１１巷２１號八樓,66.05,住,,,1110407,土地2建物1車位2,八層,十二層,住宅大樓(11層含以上有電梯),住家用,1040603.0,540.14,2,2,3,有,有,215000000,398045.0,坡道平面,95.06,0,,RPTOMLLKPHHGFFA97DA,236.47,13.85,30.44,有,1756.0,7.0
萬華區,房地(土地+建物),雙園街１２２巷８之３號,25.5,住,,,1110430,土地1建物1車位0,四層,四層,公寓(5樓含以下無電梯),住家用,590309.0,63.49,2,2,1,有,無,7770000,122381.0,,0.0,0,頂樓加蓋；其他增建；,RPPQMLRLOHHGFBA97DA,63.49,0.0,0.0,無,1757.0,52.0
中正區,房地(土地+建物)+車位,汀州路二段１６７號九樓之１,13.49,住,,,1110408,土地1建物1車位1,九層,十八層,住宅大樓(11層含以上有電梯),住家用,1101108.0,134.59,2,1,1,有,有,24900000,241590.0,坡道平面,41.25,2350000,本約於民國111年5月27日讓渡，交易總價新台幣24950000元整（內含車位價格2350000元整）。,RPQOMLMKPHHGFAA27DA,51.46,7.88,2.72,有,,
文山區,房地(土地+建物)+車位,興隆路四段１０９巷３２弄２之１號二樓,40.78,住,,,1110409,土地1建物2車位2,二層,六層,華廈(10層含以下有電梯),住家用,870804.0,172.1,3,2,2,有,無,25100000,182917.0,升降機械,51.28,3000000,陽台外推；其他增建；,RPVOMLKLOHHGFAA57DA,76.75,0.0,8.02,有,,24.0
北投區,房地(土地+建物),公路１２５號三樓,22.25,住,,,1110426,土地1建物1車位0,三層,四層,公寓(5樓含以下無電梯),住家用,610718.0,78.95,3,2,2,有,無,9600000,121596.0,,0.0,0,陽台外推；,RPRNMLNKPHHGFEA87EA,70.75,0.0,8.2,無,1759.0,50.0
內湖區,房地(土地+建物)+車位,新豐街１０１號七樓,74.95,住,,,1110428,土地1建物1車位2,七層,十三層,住宅大樓(11層含以上有電梯),住家用,1031022.0,401.72,4,2,3,有,有,88800000,221049.0,坡道平面,91.06,0,,RPUPMLRLOHHGFCA48DA,189.41,0.0,17.63,有,1761.0,8.0
北投區,房地(土地+建物)+車位,稻香路１６６號二樓,83.52,住,,,1110413,土地1建物1車位3,二層,五層,華廈(10層含以下有電梯),住家用,1060815.0,341.76,4,2,3,有,有,39200000,126715.0,坡道平面,75.03,5400000,,RPPOMLMKPHHGFEA57DA,154.18,6.67,22.49,有,,5.0
士林區,房地(土地+建物),華齡街３５巷１２號四樓,34.0,住,,,1110427,土地1建物1車位0,四層，陽臺,四層,公寓(5樓含以下無電梯),住家用,651022.0,88.32,4,2,2,有,無,12700000,143795.0,,0.0,0,陽台外推；頂樓加蓋；,RPPPMLNLOHHGFEA77DA,88.32,0.0,0.0,無,,46.0
大安區,房地(土地+建物),辛亥路三段３號七樓之３,21.37,住,,,1110425,土地1建物1車位0,七層,十二層,住宅大樓(11層含以上有電梯),住家用,,151.5,4,2,2,有,有,39280000,259274.0,,0.0,0,,RPSNMLMKPHHGFFA87DA,126.53,0.0,7.44,有,1762.0,44.0
文山區,房地(土地+建物)+車位,試院路１５６號四樓,51.95,住,,,1110409,土地2建物1車位1,四層，電梯樓梯間,六層,華廈(10層含以下有電梯),住家用,860501.0,130.65,2,2,1,有,有,18000000,137773.0,坡道平面,0.0,2000000,陽台外推；其他增建；,RPWNMLKMOHHGFAA67DA,78.74,2.18,8.23,有,,25.0
士林區,房地(土地+建物),天玉街３５號六樓,32.93,住,,,1110428,土地1建物1車位0,六層,七層,華廈(10層含以下有電梯),住家用,751219.0,152.68,4,2,2,有,無,30000000,196489.0,,0.0,0,,RPSNMLSJPHHGFEA28DA,121.86,2.15,18.04,有,1764.0,35.0
南港區,房地(土地+建物)+車位,重陽路９號五樓,27.72,住,,,1110415,土地1建物1車位1,五層,十四層,住宅大樓(11層含以上有電梯),住家用,1110124.0,159.91,3,1,2,有,有,45600000,320745.0,坡道平面,24.6,2200000,預售屋、或土地及建物分件登記案件；,RPWOMLOLOHHGFDA38DA,71.72,10.54,5.96,有,,
大同區,房地(土地+建物)+車位,民權西路１６０巷１８弄６號六樓之５,12.2,住,,,1110413,土地1建物1車位1,六層,十八層,住宅大樓(11層含以上有電梯),住家用,1101227.0,118.31,2,2,1,有,有,23216000,241906.0,坡道平面,32.26,2400000,,RPSPMLMKPHHGFBA67DA,49.49,4.41,3.59,有,,
信義區,房地(土地+建物),忠孝東路五段７９０巷５９弄２號三樓,41.0,住,,,1110427,土地2建物1車位0,三層，露台,四層,公寓(5樓含以下無電梯),住家用,591215.0,112.22,3,2,2,有,無,21280000,189628.0,,0.0,0,,RPRPMLPJPHHGFDA97DA,112.22,0.0,0.0,無,,51.0
北投區,房地(土地+建物),吉利街２５７巷５弄１１號四樓,29.5,住,,,1110414,土地1建物1車位0,四層，陽臺,四層,公寓(5樓含以下無電梯),住家用,651111.0,90.02,3,2,1,有,無,11000000,122195.0,,0.0,0,頂樓加蓋；,RPPNMLQKPHHGFEA87DA,90.02,0.0,0.0,無,,45.0
中正區,房地(土地+建物),重慶南路二段１９巷６號三樓,50.32,住,,,1110428,土地3建物1車位0,三層,七層,華廈(10層含以下有電梯),住家用,830510.0,149.76,3,2,2,有,無,42200000,281784.0,,0.0,0,其他增建；,RPPOMLTJOHHGFAA77EA,115.78,0.28,12.08,有,,28.0
士林區,房地(土地+建物)+車位,格致路１７７號二樓之１,157.38,住,,,1110426,土地1建物1車位3,二層,四層,華廈(10層含以下有電梯),住家用,1020409.0,411.2000000000001,0,0,0,無,有,68000000,194351.0,坡道平面,92.19,6000000,,RPROMLNKPHHGFEA87DA,191.33,0.0,24.07,有,,9.0
信義區,房地(土地+建物),松仁路２５３巷３弄１５號,37.0,住,,,1110417,土地1建物1車位0,一層,四層,公寓(5樓含以下無電梯),住家用,,110.81,3,1,2,有,無,31500000,284270.0,,0.0,0,其他增建；,RPROMLRJPHHGFDA08DA,110.81,0.0,0.0,無,,
內湖區,房地(土地+建物),麗山街２５號,244.0,住,,,1110410,土地2建物1車位0,全,二層,透天厝,住家用,,165.92,6,4,2,有,無,132850000,800687.0,,0.0,0,,RPXQMLQKNHHGFCA58DA,165.92,0.0,0.0,無,,
中山區,房地(土地+建物)+車位,民生東路二段１１５巷８號十二樓,34.2,住,,,1110410,土地1建物1車位2,十二層,十三層,住宅大樓(11層含以上有電梯),住家用,1101201.0,269.65,4,2,3,有,有,61900000,287300.0,坡道平面,75.08,6000000,,RPXPMLRKOHHGFCA68DA,123.47,3.05,13.0,有,,
大安區,房地(土地+建物),泰順街１６巷９號三樓,32.3,住,,,1110417,土地3建物1車位0,三層,五層,公寓(5樓含以下無電梯),住家用,761009.0,131.41,3,2,2,有,有,27600000,210030.0,,0.0,0,陽台外推；,RPOOMLSKPHHGFFA18DA,97.87,0.0,9.88,無,,35.0
士林區,房地(土地+建物),中山北路六段３００號二樓,40.67,住,,,1110428,土地3建物1車位0,二層,三層,公寓(5樓含以下無電梯),住家用,621102.0,84.19,2,1,1,有,無,16500000,195985.0,,0.0,0,,RPSNMLMKPHHGFEA77DA,84.19,0.0,0.0,無,,48.0
士林區,房地(土地+建物),中山北路六段３００號三樓,40.67,住,,,1110428,土地3建物1車位0,三層,三層,公寓(5樓含以下無電梯),住家用,621102.0,84.19,2,1,1,有,無,17300000,205488.0,,0.0,0,,RPWNMLMKPHHGFEA18DA,84.19,0.0,0.0,無,,48.0
中山區,房地(土地+建物),民生東路二段９３巷１７號十二樓,43.42,住,,,1110410,土地1建物1車位0,十二層,十三層,住宅大樓(11層含以上有電梯),住家用,1101201.0,250.63,4,2,2,有,有,69000000,275306.0,,0.0,0,,RPORMLRKOHHGFCA97DA,161.54,3.12,14.63,有,,
萬華區,房地(土地+建物),中華路二段１５８號二樓,17.25,住,,,1110419,土地1建物1車位0,二層,四層,公寓(5樓含以下無電梯),住家用,640923.0,71.0,4,1,1,有,無,11650000,164085.0,,0.0,0,,RPTNMLLJPHHGFBA37DA,71.0,0.0,0.0,無,,47.0
內湖區,房地(土地+建物)+車位,新富街１３５號十樓,40.68,住,,,1110413,土地1建物1車位1,十層,十三層,住宅大樓(11層含以上有電梯),住家用,1020808.0,260.75,3,2,2,有,有,61880000,271538.0,坡道平面,42.07,2500000,,RPWOMLMLPHHGFCA18DA,129.03,7.76,13.88,有,1783.0,9.0
內湖區,房地(土地+建物)+車位,康樂街７２巷１７弄２７號七樓之２,25.24,住,,,1110414,土地1建物1車位1,七層,十層,華廈(10層含以下有電梯),住家用,871020.0,114.18,3,2,2,有,有,18300000,206512.0,坡道平面,35.25,2000000,,RPQPMLPLPHHGFCA97DA,55.3,1.12,6.03,有,,23.0
北投區,房地(土地+建物),裕民六路１１４巷３３號,42.85,住,,,1110428,土地1建物1車位0,一層，平台,四層,公寓(5樓含以下無電梯),住家用,651129.0,136.92000000000002,4,2,3,有,無,37500000,273883.0,,0.0,0,其他增建；,RPUOMLOKPHHGFEA28DA,113.43,0.0,0.0,無,,45.0
內湖區,房地(土地+建物),成功路四段３２３巷７號三樓,38.94,住,,,1110411,土地1建物1車位0,三層,五層,公寓(5樓含以下無電梯),住家用,701215.0,136.6,5,1,5,有,無,20360000,149048.0,,0.0,0,陽台外推；其他增建；,RPWPMLRLPHHGFCA78DA,118.09,0.0,18.51,無,,40.0
中正區,房地(土地+建物),金山南路一段１７號九樓,8.17,住,,,1110405,土地1建物1車位0,九層,十層,華廈(10層含以下有電梯),住家用,651115.0,57.85,1,2,1,有,有,18300000,316335.0,,0.0,0,,RPQNMLLKNHHGFBA07EA,44.13,0.0,0.0,有,1786.0,45.0
中山區,房地(土地+建物)+車位,民生東路二段９３巷１５號十二樓,34.2,住,,,1110410,土地1建物1車位2,十二層,十三層,住宅大樓(11層含以上有電梯),住家用,1101201.0,269.65,4,2,3,有,有,61900000,287300.0,坡道平面,75.08,6000000,,RPQQMLRKOHHGFCA08DA,123.47,3.05,13.0,有,,
士林區,房地(土地+建物),中山北路六段２９０巷２７號四樓之２,18.9,住,,,1110425,土地1建物1車位0,四層,五層,華廈(10層含以下有電梯),住家用,810903.0,74.13,1,2,1,有,無,17800000,240119.0,,0.0,0,,RPQOMLSLPHHGFEA38DA,46.14,1.32,6.89,有,,30.0
北投區,房地(土地+建物)+車位,公路２５５巷１９弄９號三樓,45.62,住,,,1110420,土地1建物1車位1,三層,七層,華廈(10層含以下有電梯),住家用,990721.0,192.85,3,2,2,有,有,35500000,184081.0,一樓平面,0.0,0,公設增建、鐵鋁窗增建其他增建；,RPSNMLNJQHHGFEA87DA,102.8,4.01,11.63,有,,12.0
北投區,房地(土地+建物)+車位,行義路９６巷２５號二樓,55.86,住,,,1110417,土地1建物1車位1,二層,五層,華廈(10層含以下有電梯),住家用,1020318.0,168.91,2,2,1,有,有,26060000,154283.0,坡道平面,43.77,0,陽台外推；其他增建；,RPOOMLMLPHHGFEA57DA,69.25,8.82,7.89,有,1787.0,9.0
中山區,房地(土地+建物),松江路２９７巷７號四樓,39.75,住,,,1110428,土地1建物1車位0,四層,四層,公寓(5樓含以下無電梯),住家用,570830.0,110.69,3,2,2,有,無,20500000,185202.0,,0.0,0,陽台外推；其他增建；,RPSPMLLKPHHGFCA67DA,96.87,0.0,13.82,無,,54.0
文山區,房地(土地+建物),木新路二段２９９巷７弄１４號四樓,35.46,住,,,1110424,土地1建物1車位0,四層,五層,公寓(5樓含以下無電梯),住家用,790317.0,105.73,3,2,2,有,無,16000000,151329.0,,0.0,0,陽台外推；,RPOOMLTKPHHGFAA77DA,82.86,4.44,7.28,無,1791.0,32.0
南港區,房地(土地+建物),富康街４９巷８號四樓,26.5,住,,,1110428,土地1建物1車位0,四層，陽臺,四層,公寓(5樓含以下無電梯),住家用,651122.0,79.89,5,3,3,有,無,16000000,200275.0,,0.0,0,?方同意公契立約日改7/1 部份壁癌 買方自行修繕陽台外推；頂樓加蓋；,RPRNMLLKQHHGFDA67EA,79.89,0.0,0.0,無,,45.0
萬華區,房地(土地+建物),國興路１巷１１號十一樓之１,27.05,住,,,1110411,土地1建物1車位0,十一層,十二層,住宅大樓(11層含以上有電梯),住家用,710702.0,101.76,2,2,1,有,有,17000000,167060.0,,0.0,0,陽台外推；,RPPNMLSJQHHGFBA77DA,71.02,0.0,6.0,有,,40.0
文山區,房地(土地+建物),景興路１５３巷１９號二樓之３,13.87,住,,,1110430,土地1建物1車位0,二層,十二層,住宅大樓(11層含以上有電梯),住家用,830317.0,69.62,2,2,1,有,有,13000000,186728.0,,0.0,0,其他增建；,RPVNMLPKQHHGFAA08DA,44.67,2.67,4.88,有,,28.0
大安區,房地(土地+建物),安和路二段６５號十樓,16.0,住,,,1110421,土地2建物1車位0,十層,十二層,住宅大樓(11層含以上有電梯),住家用,691016.0,149.51,3,1,1,有,有,46580000,311551.0,,0.0,0,交易總價：4658萬元土地價格：4580萬元、建物價格：78萬元陽台外推；,RPWNMLTJQHHGFFA98DA,112.94,0.0,10.59,有,,42.0
信義區,房地(土地+建物),忠孝東路四段５５３巷１６號五樓之３,7.73,住,,,1110409,土地1建物1車位0,五層,七層,華廈(10層含以下有電梯),住家用,830729.0,58.15,2,0,2,有,有,15800000,271711.0,,0.0,0,其他增建；,RPTOMLOJQHHGFDA08DA,30.45,0.88,0.0,有,1793.0,28.0
文山區,房地(土地+建物)+車位,木新路三段１２７巷１２弄２號六樓,69.68,住,,,1110410,土地1建物1車位1,六層，七層,七層,華廈(10層含以下有電梯),住家用,800114.0,282.52,4,2,3,有,無,41680000,147529.0,坡道平面,0.0,2500000,陽台外推；其他增建；,RPSNMLNKQHHGFAA57DA,197.67,48.89,13.39,有,,31.0
文山區,房地(土地+建物),辛亥路五段１００之１號五樓,23.81,住,,,1110429,土地1建物1車位0,五層,七層,華廈(10層含以下有電梯),住家用,720211.0,141.69,4,2,2,有,有,21430000,151246.0,,0.0,0,陽台外推；其他增建；,RPTNMLKLPHHGFAA37DA,102.39,0.0,18.76,有,,39.0
信義區,房地(土地+建物),信義路六段７６巷２弄５０號二樓,29.75,住,,,1110430,土地2建物1車位0,二層,五層,公寓(5樓含以下無電梯),住家用,691203.0,111.19,3,2,2,有,無,21300000,191564.0,,0.0,0,陽台外推；其他增建；,RPOOMLMJQHHGFDA37DA,96.44,0.0,14.75,無,,41.0
中山區,房地(土地+建物)+車位,通北街１４０號三樓,32.46,住,,,1110426,土地1建物1車位1,三層,九層,華廈(10層含以下有電梯),住家用,880511.0,155.84,3,2,2,有,有,24000000,154004.0,坡道平面,0.0,0,,RPXNMLOJQHHGFCA28DA,86.68,0.0,10.71,有,,23.0
文山區,房地(土地+建物)+車位,興隆路二段２１７巷８號六樓,28.2,住,,,1110422,土地1建物1車位2,六層,十三層,住宅大樓(11層含以上有電梯),住家用,850715.0,181.77,3,2,2,有,有,24500000,193647.0,坡道平面,76.94,4200000,陽台外推；其他增建；,RPUNMLMLQHHGFAA77DA,145.56,0.62,12.6,有,1794.0,26.0
南港區,房地(土地+建物)+車位,重陽路５５７號四樓,44.11,住,,,1110412,土地1建物1車位1,四層,七層,華廈(10層含以下有電梯),住家用,961227.0,111.47,2,2,1,有,有,24880000,251404.0,坡道平面,22.45,2500000,陽台外推；其他增建；,RPOPMLTJQHHGFDA18DA,52.25,4.16,6.55,有,,14.0
中山區,房地(土地+建物)+車位,北安路６０８巷４弄６之５號十三樓,63.4,住,,,1110416,土地1建物1車位2,十三層,十三層,住宅大樓(11層含以上有電梯),住家用,820827.0,320.1,3,3,3,有,有,68000000,212440.0,坡道平面,0.0,0,陽台外推；其他增建；,RPTQMLQLPHHGFCA48DA,242.76,14.7,21.8,有,,29.0
大安區,房地(土地+建物),敦化南路二段２６７號十二樓之６,9.26,住,,,1110430,土地2建物1車位0,十二層,十七層,住宅大樓(11層含以上有電梯),住家用,680517.0,134.82999999999998,2,2,2,有,有,39800000,295187.0,,0.0,0,陽台外推；,RPXQMLPLNHHGFFA98EA,92.5,0.0,26.99,有,,43.0
南港區,房地(土地+建物)+車位,街３２號三樓,32.83,住,,,1110424,土地1建物1車位2,三層,十一層,住宅大樓(11層含以上有電梯),住家用,1020521.0,249.03,4,2,2,有,有,52200000,268380.0,坡道平面,73.16,5000000,,RPOUMLRJPHHGFDA48EA,100.89,7.68,10.03,有,1795.0,9.0
大安區,房地(土地+建物)+車位,忠孝東路四段２４８巷２９號十二樓之２,47.03,住,,,1110409,土地1建物1車位1,十二層，十三層,十三層,住宅大樓(11層含以上有電梯),住家用,760622.0,297.14,3,2,3,有,有,106000000,356722.0,坡道平面,35.12,0,陽台外推；頂樓加蓋；其他增建；,RPSNMLLJQHHGFFA77DA,242.61,6.0,24.1,有,,35.0
士林區,房地(土地+建物)+車位,東山路１３８號六樓,64.14,住,,,1110402,土地1建物1車位2,六層,十層,華廈(10層含以下有電梯),住家用,911104.0,349.6,4,3,3,有,有,73000000,236958.0,坡道平面,66.85,6000000,其他增建：陽台外移。現況格局另有一間更衣室及一間儲藏室其他增建；,RPRNMLMJMHHGFEA27DA,167.73,1.72,19.74,有,,19.0
大安區,房地(土地+建物),建國南路一段１６０號六樓之１,8.62,住,,,1110428,土地2建物1車位0,六層，陽臺,十二層,住宅大樓(11層含以上有電梯),住家用,651104.0,69.06,2,1,1,有,有,18320000,265277.0,,0.0,0,陽台外推；,RPRNMLNKPHHGFFA97EA,59.26,0.0,0.0,有,1796.0,45.0
內湖區,房地(土地+建物)+車位,民權東路六段１８０巷６６號八樓之６,14.78,住,,,1110410,土地1建物1車位1,八層,十層,華廈(10層含以下有電梯),住家用,980715.0,100.71,1,2,1,有,有,22200000,220435.0,升降機械,13.85,0,陽台外推；,RPQOMLSJPHHGFCA97DA,45.43,6.35,4.47,有,1797.0,13.0
北投區,房地(土地+建物)+車位,稻香路１６１巷１６弄８之３號二樓,47.43,住,,,1110429,土地1建物1車位1,二層,五層,華廈(10層含以下有電梯),住家用,1100902.0,121.85,2,2,1,有,有,20100000,209370.0,坡道平面,35.4,2000000,含家電含裝潢費100000元；,RPTPMLTKPHHGFEA78DA,47.79,3.53,5.0,有,,1.0
內湖區,房地(土地+建物),行善路５９巷５號五樓,44.39,住,,,1110427,土地1建物1車位0,五層,八層,華廈(10層含以下有電梯),住家用,870506.0,117.77,3,2,2,有,有,23500000,199541.0,,0.0,0,,RPVQMLLJQHHGFCA08DA,71.37,0.0,6.38,有,1798.0,24.0
南港區,建物,昆陽街１５７巷１號三樓,0.0,,,,1110429,土地0建物1車位0,三層,三層,公寓(5樓含以下無電梯),住家用,630916.0,61.84,3,1,1,有,無,4300000,69534.0,,0.0,0,陽台外推；其他增建；,RPVOMLTJQHHGFDA78DA,56.72,0.0,5.12,無,,48.0
中山區,房地(土地+建物),新生北路三段９３巷６號,89.0,住,,,1110315,土地2建物1車位0,全,二層,透天厝,住家用,541207.0,109.84,4,2,2,有,無,34300000,312272.0,,0.0,0,頂樓加蓋；其他增建；,RPROMLSJOHHGFCA97DA,109.84,0.0,0.0,無,,56.0
大安區,房地(土地+建物),溫州街７４巷３弄１號四樓之２,16.11,住,,,1110327,土地1建物1車位0,四層,七層,華廈(10層含以下有電梯),住家用,680417.0,52.11,2,2,1,有,有,17800000,341585.0,,0.0,0,其他增建；,RPUNMLSJOHHGFFA48DA,48.68,0.0,3.43,有,,43.0
北投區,房地(土地+建物)+車位,稻香路１６１巷１６弄２之１號五樓,48.16,住,,,1110317,土地1建物1車位1,五層,五層,華廈(10層含以下有電梯),住家用,1100902.0,123.19,2,2,1,有,有,20200000,206174.0,坡道平面,35.4,2100000,含家電,RPPPMLTJOHHGFEA18DA,47.79,4.4,5.0,有,,1.0
中山區,房地(土地+建物),龍江路４１２巷２４號三樓,23.37,住,,,1110327,土地1建物1車位0,三層,五層,公寓(5樓含以下無電梯),住家用,710913.0,88.55,3,2,2,有,無,17180000,194015.0,,0.0,0,陽台擴大加蓋陽台外推；其他增建；,RPPNMLSJNHHGFCA57DA,77.88,0.0,10.67,無,,40.0
松山區,房地(土地+建物),南京東路五段５９巷３０弄８號,40.5,住,,,1110327,土地1建物1車位0,一層,四層,公寓(5樓含以下無電梯),住家用,610331.0,100.35,1,2,2,有,無,36600000,364723.0,,0.0,0,空地加蓋其他增建；,RPQNMLTJOHHGFDA97DA,100.35,0.0,0.0,無,,50.0
南港區,房地(土地+建物)+車位,重陽路１２５巷２６號,51.99,住,,,1110322,土地1建物1車位1,一層,九層,華廈(10層含以下有電梯),住家用,951214.0,248.81,3,2,2,有,有,52500000,211004.0,坡道平面,0.0,0,含土地增值稅或其他稅費；含仲介費；,RPQOMLPLNHHGFDA77DA,130.42,5.57,15.1,有,1801.0,15.0
信義區,房地(土地+建物)+車位,吳興街６００巷１１４號六樓,29.12,住,,,1110314,土地1建物1車位1,六層,十一層,住宅大樓(11層含以上有電梯),住家用,810806.0,183.76,5,2,2,有,有,28300000,154005.0,坡道平面,0.0,2500000,,RPUOMLLKNHHGFDA77EA,115.75,0.0,15.77,有,,30.0
北投區,房地(土地+建物)+車位,稻香路１６０號二樓,77.79,住,,,1110304,土地1建物1車位2,二層,五層,華廈(10層含以下有電梯),住家用,1060815.0,299.21000000000004,4,2,3,有,有,35200000,127471.0,坡道平面,51.31,3600000,,RPSOMLNKOHHGFEA97EA,143.95,7.04,15.95,有,,5.0
士林區,房地(土地+建物),中山北路七段８１巷４１弄７之３號三樓,33.95,住,,,1110331,土地2建物1車位0,三層,五層,華廈(10層含以下有電梯),住家用,670720.0,112.07,3,2,2,有,有,24880000,222004.0,,0.0,0,陽台外推；,RPOPMLNKOHHGFEA67EA,100.24,0.0,11.83,有,,44.0
中正區,房地(土地+建物)+車位,牯嶺街９５巷１２號十樓,23.6,住,,,1110327,土地1建物1車位1,十層,十四層,住宅大樓(11層含以上有電梯),住家用,1101025.0,173.25,3,2,2,有,有,44550000,257143.0,坡道平面,0.0,0,,RPXNMLOKOHHGFAA08EA,80.05,3.63,6.23,有,,
信義區,房地(土地+建物),松山路４６５巷２７弄２３號四樓,29.0,住,,,1110322,土地1建物1車位0,四層，陽台,四層,公寓(5樓含以下無電梯),住家用,610103.0,81.65,2,2,1,有,無,19880000,243478.0,,0.0,0,陽台外推；其他增建；,RPSNMLLJOHHGFDA37DA,81.65,0.0,0.0,無,1802.0,50.0
萬華區,房地(土地+建物)+車位,西藏路１１３號八樓,45.31,住,,,1110315,土地2建物1車位1,八層,十五層,住宅大樓(11層含以上有電梯),住家用,1000908.0,212.42,4,2,2,有,有,39600000,186423.0,坡道平面,0.0,0,,RPSOMLNKOHHGFBA57DA,116.8,0.0,12.39,有,,11.0
內湖區,房地(土地+建物),港華街５１巷３弄１６號五樓,26.85,住,,,1110318,土地1建物1車位0,五層,五層,公寓(5樓含以下無電梯),住家用,701021.0,111.94,5,2,2,有,無,18000000,160800.0,,0.0,0,,RPPTMLTJOHHGFCA38DA,81.96,21.53,8.45,無,1804.0,40.0
文山區,房地(土地+建物)+車位,汀州路四段２１７號七樓,41.12,住,,,1110327,土地1建物1車位1,七層,十四層,住宅大樓(11層含以上有電梯),住家用,991105.0,213.1,4,2,2,有,有,40680000,190896.0,坡道平面,0.0,2500000,其他增建；,RPTNMLKKOHHGFAA17DA,116.82,0.0,11.93,有,,11.0
大安區,房地(土地+建物)+車位,瑞安街２４４巷３５號七樓,9.8,住,,,1110317,土地1建物1車位1,七層,七層,華廈(10層含以下有電梯),住家用,1030812.0,56.31,1,1,1,有,有,17000000,301900.0,其他,0.0,0,,RPSNMLKKOHHGFFA57DA,20.36,0.0,2.45,有,1805.0,8.0
北投區,房地(土地+建物),泉源路３４號十樓之１,14.05,住,,,1110311,土地1建物1車位0,十層,十層,華廈(10層含以下有電梯),住家用,870105.0,44.83,2,1,1,有,有,7900000,176221.0,,0.0,0,陽台外推；夾層；,RPXRMLLJOHHGFEA38DA,26.91,0.88,3.53,有,1806.0,24.0
中山區,房地(土地+建物),新生北路三段４３號二樓之１２,7.14,住,,,1110314,土地2建物1車位0,二層,十一層,住宅大樓(11層含以上有電梯),住家用,670301.0,55.59,1,1,1,有,有,8450000,152006.0,,0.0,0,其他增建；,RPPONLMLKHHGFCA17EA,35.51,0.0,3.09,有,,44.0
文山區,房地(土地+建物)+車位,恆光街５１巷１６號三樓,46.92,住,,,1110321,土地1建物1車位1,三層,八層,華廈(10層含以下有電梯),住家用,790920.0,191.36,3,2,2,有,有,26200000,136915.0,坡道平面,0.0,2200000,陽台外推；其他增建；,RPVOMLOKOHHGFAA87DA,159.25,8.03,13.21,有,,32.0
信義區,房地(土地+建物),松山路４５５號四樓,27.75,住,,,1110301,土地1建物1車位0,四層,四層,公寓(5樓含以下無電梯),住家用,,88.2,3,1,3,有,無,19700000,223356.0,,0.0,0,頂樓現況格局：2房1廳2衛。陽台外推；頂樓加蓋；,RPQPMLLJOHHGFDA37DA,79.22,0.0,8.98,無,,
中正區,房地(土地+建物),臨沂街５０之３號四樓,25.51,住,,,1110310,土地2建物1車位0,四層,五層,公寓(5樓含以下無電梯),住家用,740116.0,94.33,3,2,1,有,無,23000000,243799.0,,0.0,0,陽台外推；,RPXOMLLJMHHGFBA57DA,83.3,0.0,8.41,無,,37.0
信義區,房地(土地+建物),和平東路三段３４１巷２５號五樓,27.93,住,,,1110321,土地1建物1車位0,五層,五層,公寓(5樓含以下無電梯),住家用,700317.0,89.46,3,2,1,有,無,17180000,192041.0,,0.0,0,陽台外推；其他增建；,RPRQMLRKNHHGFDA18DA,79.71,0.0,9.75,無,,41.0
大安區,房地(土地+建物),和平東路二段１１８巷５４弄１６號三樓,38.0,住,,,1110312,土地2建物1車位0,三層，陽臺,四層,公寓(5樓含以下無電梯),住家用,,111.46,3,2,2,有,無,30350000,272295.0,,0.0,0,陽台外推；其他增建；,RPOOMLNLNHHGFFA57DA,111.46,0.0,0.0,無,,
中正區,房地(土地+建物)+車位,忠孝東路二段６４巷２８號九樓,60.58,住,,,1110326,土地1建物1車位1,九層,十四層,住宅大樓(11層含以上有電梯),住家用,970529.0,301.03999999999996,3,2,2,有,有,105000000,348791.0,坡道平面,38.19,0,,RPROMLMLMHHGFBA27DA,148.69,15.11,16.39,有,,14.0
松山區,房地(土地+建物),東興路２巷３號二樓,35.25,住,,,1110306,土地1建物1車位0,二層，陽臺,四層,公寓(5樓含以下無電梯),住家用,,102.04,2,2,1,有,無,25780000,252646.0,,0.0,0,,RPRQMLLKNHHGFDA67EA,102.04,0.0,0.0,無,1812.0,
中山區,房地(土地+建物)+車位,五常街１１巷５號十二樓之１,18.14,住,,,1110331,土地2建物1車位1,十二層,十七層,住宅大樓(11層含以上有電梯),住家用,1080918.0,154.07999999999998,2,2,2,有,有,36450000,287071.0,坡道平面,35.12,2300000,,RPRNMLQLNHHGFCA77DA,69.88,6.18,4.42,有,,3.0
大安區,房地(土地+建物),四維路１９８巷２１弄４號十一樓,19.39,住,,,1110331,土地1建物1車位0,十一層,十九層,住宅大樓(11層含以上有電梯),住家用,740522.0,100.97,3,1,1,有,有,22880000,226602.0,,0.0,0,,RPWNMLKLOHHGFFA08DA,73.75,1.56,4.72,有,,37.0
士林區,房地(土地+建物),忠義街８７號五樓,26.7,住,,,1110326,土地1建物1車位0,五層,五層,公寓(5樓含以下無電梯),住家用,750218.0,98.58,3,2,2,有,無,16900000,171434.0,,0.0,0,頂樓加蓋鐵棚陽台外推；其他增建；,RPWNMLRKOHHGFEA58DA,85.83,0.0,9.98,無,,36.0
南港區,房地(土地+建物)+車位,重陽路３９巷８８號七樓之１,44.14,住,,,1110328,土地1建物1車位1,七層,十層,華廈(10層含以下有電梯),住家用,930331.0,153.64999999999998,3,2,2,有,有,33680000,219214.0,坡道平面,0.0,0,陽台外推；其他增建；,RPWOMLPJNHHGFDA18DA,89.23,0.0,8.59,有,1816.0,18.0
中正區,房地(土地+建物)+車位,汀州路二段１６７號十七樓,9.72,住,,,1110328,土地1建物1車位1,十七層,十八層,住宅大樓(11層含以上有電梯),住家用,1101108.0,108.32,2,1,1,有,有,20200000,266140.0,坡道平面,41.25,2350000,,RPRPMLLLOHHGFAA37DA,36.38,5.64,2.57,有,,
大安區,房地(土地+建物),安居街９８巷１４號五樓,28.1,住,,,1110316,土地1建物1車位0,五層,五層,公寓(5樓含以下無電梯),住家用,670106.0,98.68,3,2,2,有,無,19700000,199635.0,,0.0,0,陽台外推；頂樓加蓋；其他增建；,RPTOMLOLNHHGFFA18DA,85.97,0.0,12.71,無,,44.0
內湖區,房地(土地+建物)+車位,內湖路三段６０巷３１號四樓,25.3,住,,,1110317,土地1建物1車位1,四層,十九層,住宅大樓(11層含以上有電梯),住家用,1060407.0,189.36,3,2,2,有,有,36380000,211248.0,坡道平面,28.98,2500000,,RPRNMLTJOHHGFCA97DA,90.07,9.7,5.42,有,1819.0,5.0
北投區,房地(土地+建物),承德路七段３５０號七樓,29.96,住,,,1110326,土地1建物1車位0,七層,七層,華廈(10層含以下有電梯),住家用,760626.0,164.4,3,2,2,有,無,30050000,182786.0,,0.0,0,頂樓加蓋；其他增建；,RPWNMLTJOHHGFEA68DA,118.19,2.97,15.9,有,,35.0
北投區,房地(土地+建物)+車位,大度路三段２９５號十一樓之１,21.28,住,,,1110309,土地3建物1車位1,十一層,十四層,住宅大樓(11層含以上有電梯),住家用,971013.0,208.1,4,2,2,有,有,32170000,176565.0,坡道平面,40.06,2500000,陽台外推；其他增建；,RPRNMLTLNHHGFEA28DA,103.77,1.47,8.9,有,1820.0,13.0
中山區,房地(土地+建物)+車位,南京東路二段４１巷３弄８號七樓,20.15,住,,,1110321,土地1建物1車位2,七層,七層,華廈(10層含以下有電梯),住家用,1091231.0,119.1,0,0,0,無,無,33800000,380877.0,升降機械,42.96,4800000,總價含裝潢,RPTNMLLLOHHGFCA57DA,16.52,1.04,28.94,有,,1.0
文山區,房地(土地+建物)+車位,指南路一段５７號十一樓,40.66,住,,,1110320,土地1建物1車位1,十一層,十一層,住宅大樓(11層含以上有電梯),住家用,950510.0,209.26,4,2,2,有,有,32000000,168523.0,坡道平面,34.21,2500000,陽台外推；其他增建；,RPUNMLOLNHHGFAA67DA,102.4,4.18,11.15,有,,16.0
中山區,房地(土地+建物),新生北路二段２８巷５號三樓之３,21.41,,,,1110330,土地1建物1車位0,三層,十五層,住宅大樓(11層含以上有電梯),住家用,780517.0,200.27,4,1,2,有,有,36200000,180756.0,,0.0,0,,RPWNMLMLOHHGFCA97DA,112.0,9.38,8.97,有,,33.0
北投區,房地(土地+建物)+車位,稻香路１６１巷１６弄２之１號,45.37,住,,,1110317,土地1建物1車位1,一層,五層,華廈(10層含以下有電梯),住家用,1100902.0,117.96,2,2,1,有,有,19680000,212936.0,坡道平面,35.4,2100000,含家電,RPVPMLQKOHHGFEA58DA,47.45,0.0,6.32,有,,1.0
中山區,房地(土地+建物)+車位,五常街１１巷３號二樓,18.31,住,,,1110321,土地2建物1車位1,二層,十七層,住宅大樓(11層含以上有電梯),住家用,1080918.0,153.9,3,2,2,有,有,34800000,282237.0,坡道平面,38.04,2100000,,RPUNMLTJOHHGFCA28DA,67.62,3.1,6.67,有,,3.0
信義區,房地(土地+建物)+車位,吳興街２８４巷２之１號十三樓,30.12,住,,,1110312,土地1建物1車位1,十三層,十三層,住宅大樓(11層含以上有電梯),住家用,900907.0,126.17,3,2,2,有,有,31200000,247285.0,坡道平面,0.0,0,,RPQRMLRLNHHGFDA38EA,70.16,0.0,10.93,有,,21.0
萬華區,房地(土地+建物),西園路二段１４０巷１２號三樓,29.75,住,,,1110313,土地3建物1車位0,三層,四層,公寓(5樓含以下無電梯),住家用,670123.0,79.32,3,1,1,有,無,11550000,145613.0,,0.0,0,其他增建；,RPOOMLNLOHHGFBA27DA,74.35,0.0,4.97,無,,44.0
文山區,房地(土地+建物),福興路９５巷１７號七樓,27.05,住,,,1110320,土地1建物1車位0,七層,十層,華廈(10層含以下有電梯),住家用,961121.0,98.68,3,2,2,有,有,17500000,177323.0,,0.0,0,其他增建；,RPSNMLKKNHHGFAA96DA,65.09,2.46,6.96,有,,14.0
文山區,房地(土地+建物)+車位,秀明路二段１１５巷５號三樓,83.84,住,,,1110329,土地6建物1車位1,三層,十九層,住宅大樓(11層含以上有電梯),住家用,860610.0,171.75,4,2,2,有,有,24680000,143697.0,坡道機械,0.0,1600000,陽台外推；,RPPNMLLJOHHGFAA76DA,102.72,2.05,16.47,有,,25.0
中山區,房地(土地+建物),龍江路３８７巷１２號,31.5,住,,,1110327,土地2建物1車位0,一層,五層,公寓(5樓含以下無電梯),住家用,731214.0,116.94,2,2,1,有,無,38900000,332649.0,,0.0,0,其他增建；,RPOPMLLJOHHGFCA07DA,90.34,14.58,0.0,無,,37.0
北投區,房地(土地+建物),文化三路２０號三樓,38.2,住,,,1110331,土地1建物1車位0,三層,九層,華廈(10層含以下有電梯),住家用,840110.0,139.73,3,2,2,有,有,22000000,157447.0,,0.0,0,陽台外推；其他增建；,RPXNMLRJOHHGFEA58DA,95.01,0.0,11.59,有,,27.0
萬華區,房地(土地+建物)+車位,萬大路９０巷７號三樓之５,22.73,住,,,1110325,土地1建物1車位15,三層,十層,華廈(10層含以下有電梯),住家用,980525.0,236.58,2,2,1,有,有,26000000,166136.0,坡道平面,145.57,10880000,,RPSNMLRLOHHGFBA97DA,55.48,0.0,7.35,有,,13.0
士林區,房地(土地+建物)+車位,德行東路１０９巷１０號五樓,37.35,住,,,1110308,土地1建物1車位1,五層,七層,華廈(10層含以下有電梯),住家用,881021.0,135.82999999999998,3,2,2,有,無,27300000,216554.0,升降機械,19.0,2000000,陽台外移、陽台加窗其他增建；,RPSOMLSJLHHGFEA97DA,74.65,0.0,8.65,有,,22.0
文山區,房地(土地+建物)+車位,興隆路四段１６５巷４０弄１９號十樓之１,31.0,住,,,1110314,土地1建物1車位1,十層,十二層,住宅大樓(11層含以上有電梯),住家用,1021118.0,217.3,3,2,2,有,有,33000000,186567.0,坡道平面,53.82,2500000,,RPTOMLLMNHHGFAA47DA,97.31,5.78,11.01,有,1822.0,8.0
士林區,房地(土地+建物),天母東路８巷３０弄１１號四樓,32.48,住,,,1110320,土地3建物1車位0,四層,五層,公寓(5樓含以下無電梯),住家用,721210.0,111.11,3,2,2,有,無,21880000,196922.0,,0.0,0,,RPXNMLNKMHHGFEA08DA,101.02,0.0,10.09,無,,38.0
士林區,房地(土地+建物)+車位,格致路２０３之１號,49.44,住,,,1110314,土地1建物1車位1,一層,十層,華廈(10層含以下有電梯),住家用,850730.0,108.04,2,1,1,有,有,19000000,175861.0,坡道平面,0.0,0,,RPTPMLSLOHHGFEA68DA,47.77,0.0,9.23,有,,26.0
信義區,房地(土地+建物),永吉路３０巷１５８弄１０號二樓,44.5,住,,,1110325,土地1建物1車位0,二層，陽臺,四層,公寓(5樓含以下無電梯),住家用,641215.0,128.89,4,2,2,有,無,31500000,244394.0,,0.0,0,,RPVOMLMLMHHGFDA97EA,128.89,0.0,0.0,無,,46.0
中正區,房地(土地+建物),汀州路一段２２６巷１６號三樓之１,26.0,住,,,1110323,土地1建物1車位0,三層,四層,公寓(5樓含以下無電梯),住家用,670201.0,71.84,3,2,1,有,無,11500000,160078.0,,0.0,0,陽台外推；其他增建；,RPRNMLLJOHHGFAA96DA,61.34,0.0,10.5,無,,44.0
內湖區,房地(土地+建物),康寧路三段９９巷３９弄２３號八樓,35.56,住,,,1110331,土地1建物1車位0,八層,八層,華廈(10層含以下有電梯),住家用,840508.0,130.3,2,2,2,有,有,26200000,201074.0,,0.0,0,陽台外推；其他增建；,RPVOMLMJOHHGFCA77DA,85.63,0.0,10.17,有,,27.0
大安區,房地(土地+建物),建國南路二段１９７號九樓,19.0,住,,,1110308,土地1建物1車位0,九層,十二層,住宅大樓(11層含以上有電梯),住家用,740107.0,143.07,3,2,2,有,有,45500000,318026.0,,0.0,0,其他增建；,RPOQMLNJNHHGFFA67EA,95.76,4.28,20.49,有,,37.0
北投區,房地(土地+建物),同德街３５號五樓,25.39,住,,,1110317,土地1建物1車位0,五層,五層,公寓(5樓含以下無電梯),住家用,700130.0,83.34,3,2,1,有,有,12500000,149988.0,,0.0,0,其他增建；,RPROMLLJPHHGFEA67EA,74.28,0.0,9.06,無,,41.0
內湖區,房地(土地+建物)+車位,金龍路４７巷１３弄１１號九樓,50.23,住,,,1110324,土地1建物1車位2,九層,十一層,住宅大樓(11層含以上有電梯),住家用,1040518.0,306.96000000000004,3,2,2,有,有,66000000,215012.0,坡道平面,0.0,0,,RPQNMLOJPHHGFCA57EA,134.36,5.57,21.0,有,1825.0,7.0
中山區,房地(土地+建物)+車位,五常街１１巷５號十三樓之１,18.14,住,,,1110318,土地2建物1車位1,十三層,十七層,住宅大樓(11層含以上有電梯),住家用,1080918.0,154.07999999999998,2,2,2,有,有,36680000,289005.0,坡道平面,35.12,2300000,,RPUNMLLLOHHGFCA67DA,69.88,6.18,4.42,有,,3.0
萬華區,房地(土地+建物),國興路１巷８號七樓之３,12.4,住,,,1110313,土地1建物1車位0,七層,十二層,住宅大樓(11層含以上有電梯),住家用,710702.0,46.27,2,1,1,有,有,9000000,194510.0,,0.0,0,陽台外推；其他增建；,RPROMLSLOHHGFBA08DA,31.51,0.0,3.78,有,1826.0,40.0
文山區,房地(土地+建物),木柵路二段１０９巷１００弄１８號七樓,63.49,住,,,1110320,土地2建物1車位0,七層,十七層,住宅大樓(11層含以上有電梯),住家用,850925.0,115.64,3,2,2,有,有,16400000,141819.0,,0.0,0,陽台外推；其他增建；,RPPNMLNKOHHGFAA07DA,75.9,0.79,11.31,有,,25.0
內湖區,房地(土地+建物),金龍路２３４號二樓,31.75,住,,,1110330,土地1建物1車位0,二層，陽臺,四層,公寓(5樓含以下無電梯),住家用,641227.0,104.08,3,2,1,有,無,15000000,144120.0,,0.0,0,本案為親戚間買賣陽台外推；,RPSSMLRLNHHGFCA48DA,104.08,0.0,0.0,無,,46.0
萬華區,房地(土地+建物),東園街７３巷４０弄１４號四樓,44.74,住,,,1110327,土地1建物1車位0,四層,四層,公寓(5樓含以下無電梯),住家用,670125.0,120.12,4,1,2,有,無,16100000,134033.0,,0.0,0,陽台外推；,RPOOMLRJOHHGFBA47DA,109.47,0.0,10.65,無,1829.0,44.0
南港區,房地(土地+建物),興南街６４巷６弄１３號五樓,26.41,住,,,1110326,土地1建物1車位0,五層,十一層,住宅大樓(11層含以上有電梯),住家用,830223.0,103.26,2,2,2,有,有,22000000,213054.0,,0.0,0,其他增建；,RPVNMLRJPHHGFDA38DA,60.73,5.36,7.4,有,,28.0
大安區,房地(土地+建物),安和路二段６３號七樓之１,20.4,住,,,1110323,土地2建物1車位0,七層,十二層,住宅大樓(11層含以上有電梯),住家用,691016.0,189.42,4,2,2,有,有,54180000,286031.0,,0.0,0,土地價格:53220000元整；建物價格:960000元整,RPSNMLNKOHHGFFA87DA,140.71,0.0,16.58,有,,41.0
內湖區,房地(土地+建物)+車位,內湖路二段１０３巷３４之６號二樓,38.76,住,,,1110324,土地1建物1車位2,二層,五層,華廈(10層含以下有電梯),住家用,1041126.0,245.73,2,2,3,有,有,59500000,242136.0,坡道機械,51.52,0,,RPUOMLOLOHHGFCA08DA,114.24,2.58,14.79,有,1832.0,6.0
南港區,房地(土地+建物),研究院路二段１５０巷２弄５號二樓,38.33,住,,,1110326,土地1建物1車位0,二層,三層,公寓(5樓含以下無電梯),住家用,,71.85,3,2,1,有,無,11950000,166319.0,,0.0,0,陽台外推；,RPRRMLRLNHHGFDA48EA,71.85,0.0,0.0,無,,
大同區,房地(土地+建物)+車位,民族西路２２５巷１３號六樓之１,32.51,住,,,1110327,土地1建物1車位1,六層,十層,華廈(10層含以下有電梯),住家用,940615.0,153.13,2,2,2,有,有,31000000,194965.0,坡道平面,6.95,2500000,原登記簿謄本車位編號86號、87號車位，社區使用現況為一個坡道平面式車位，車位編號為86號。陽台外推；,RPRNMLLJOHHGFBA07DA,77.76,3.49,6.79,有,1833.0,17.0
中正區,房地(土地+建物),汀州路二段１６７號九樓之２,11.02,住,,,1110323,土地1建物1車位0,九層,十八層,住宅大樓(11層含以上有電梯),住家用,1101108.0,76.87,2,1,1,有,有,19380000,252114.0,,0.0,0,,RPRNMLMKPHHGFAA27DA,45.66,2.72,2.72,有,,
大安區,房地(土地+建物),新生南路一段１５７巷２之６號,33.8,住,,,1110320,土地2建物1車位0,一層,五層,公寓(5樓含以下無電梯),住家用,680625.0,170.18,3,2,2,有,無,55680000,327183.0,,0.0,0,其他增建；,RPWNMLQLNHHGFFA58DA,98.86,67.85,0.0,無,,43.0
南港區,房地(土地+建物),福德街４３７號十四樓,22.2,住,,,1110311,土地1建物1車位0,十四層,十四層,住宅大樓(11層含以上有電梯),住家用,870521.0,131.35,3,2,1,有,有,21000000,159878.0,,0.0,0,,RPRPMLLLOHHGFDA77EA,70.81,0.0,8.0,有,,24.0
北投區,房地(土地+建物)+車位,石牌路二段３０９號二樓,35.16,住,,,1110305,土地1建物1車位2,二層,十四層,住宅大樓(11層含以上有電梯),住家用,1101027.0,247.71,4,2,2,有,有,53000000,290249.0,坡道平面,85.78,6000000,,RPTOMLRLOHHGFEA48DA,105.36,3.61,13.59,有,,
文山區,房地(土地+建物),景福街５４巷５弄２３號八樓,27.52,住,,,1110329,土地1建物1車位0,八層,十六層,住宅大樓(11層含以上有電梯),住家用,880119.0,124.1,3,2,2,有,有,24000000,193392.0,,0.0,0,陽台外推；其他增建；,RPXNMLKLPHHGFAA77DA,68.1,2.1,7.71,有,,23.0
大安區,房地(土地+建物)+車位,建國南路二段６７號十一樓,66.89,住,,,1110315,土地2建物1車位3,十一層,三十五層,住宅大樓(11層含以上有電梯),住家用,1070802.0,568.4000000000001,0,0,0,無,有,363790000,710917.0,坡道平面,79.89,16500000,,RPQNMLLKPHHGFFA57DA,258.05,8.41,33.9,有,,4.0
南港區,房地(土地+建物),研究院路二段１２巷５７弄５２號四樓,26.66,住,,,1110329,土地1建物1車位0,四層,五層,公寓(5樓含以下無電梯),住家用,740802.0,94.6,3,2,1,有,無,11500000,121564.0,,0.0,0,,RPSOMLLLPHHGFDA77DA,79.11,0.0,6.91,無,,37.0
大安區,房地(土地+建物)+車位,建國南路二段６５號十一樓,67.97,住,,,1110315,土地2建物1車位4,十一層,三十五層,住宅大樓(11層含以上有電梯),住家用,1070802.0,604.91,0,0,0,無,有,363590000,710939.0,坡道平面,117.4,17000000,,RPPNMLLKPHHGFFA47DA,257.39,8.41,33.9,有,,4.0
北投區,房地(土地+建物)+車位,行義路１２號六樓,37.16,住,,,1110320,土地1建物1車位1,六層,十一層,住宅大樓(11層含以上有電梯),住家用,931018.0,186.99,4,2,2,有,有,39000000,208556.0,坡道平面,0.0,0,陽台外推；其他增建；,RPOOMLOJPHHGFEA57DA,96.87,3.32,9.71,有,1855.0,17.0
大安區,房地(土地+建物)+車位,建國南路二段６７號十二樓,66.15,住,,,1110319,土地2建物1車位2,十二層,三十五層,住宅大樓(11層含以上有電梯),住家用,1070802.0,542.88,3,2,3,有,有,389000000,775202.0,坡道平面,54.62,10500000,,RPUNMLLKPHHGFFA97DA,257.81,8.41,33.9,有,,4.0
中正區,房地(土地+建物),臨沂街３２巷２號三樓,10.5,住,,,1110313,土地1建物1車位0,三層,七層,華廈(10層含以下有電梯),住家用,1040206.0,46.84,1,1,1,有,有,15000000,320239.0,,0.0,0,陽台外推；夾層；其他增建；,RPTOMLKLPHHGFBA57DA,20.34,0.75,3.88,有,1861.0,7.0
松山區,房地(土地+建物),南京東路四段１５８巷８號六樓,26.52,住,,,1110326,土地1建物1車位0,六層,七層,華廈(10層含以下有電梯),住家用,720127.0,126.1,3,2,2,有,無,33200000,263283.0,,0.0,0,陽台外推；其他增建；,RPRNMLSJPHHGFDA08DA,101.12,9.66,4.58,有,,39.0
松山區,房地(土地+建物)+車位,市民大道四段３９之２號十一樓,48.38,住,,,1110331,土地2建物1車位2,十一層,二十三層,住宅大樓(11層含以上有電梯),住家用,1090102.0,354.8,0,0,0,無,有,163130000,569022.0,坡道平面,81.12,7400000,,RPSOMLLMNHHGFDA67DA,150.81,7.5,19.49,有,,2.0
內湖區,房地(土地+建物),內湖路一段６６１號五樓,18.39,,,,1110312,土地1建物1車位0,五層,十八層,住宅大樓(11層含以上有電梯),住家用,991123.0,134.53,2,2,2,有,有,35400000,263138.0,,0.0,0,,RPTPMLLJQHHGFCA77DA,78.29,7.71,4.8,有,1866.0,11.0
文山區,房地(土地+建物),木新路二段１９、２１號,16.76,住,,,1110327,土地1建物1車位0,一層,十四層,住宅大樓(11層含以上有電梯),住家用,841024.0,63.66,2,1,1,有,有,13000000,204210.0,,0.0,0,其他增建；,RPOOMLMLPHHGFAA17DA,41.66,0.77,2.85,有,1867.0,26.0
萬華區,房地(土地+建物),萬大路１３８號四樓之１,22.94,住,,,1110324,土地2建物1車位0,四層,七層,華廈(10層含以下有電梯),住家用,691119.0,137.15,6,0,6,有,無,21000000,153117.0,,0.0,0,增建或占用範圍：天井,RPSNMLKKQHHGFBA37DA,95.76,0.0,27.95,有,,41.0
內湖區,房地(土地+建物),大湖山莊街２１９巷５號四樓,33.3,住,,,1110331,土地1建物1車位0,四層,五層,公寓(5樓含以下無電梯),住家用,710227.0,86.04,3,2,1,有,無,16460000,191306.0,,0.0,0,,RPTPMLQKQHHGFCA38DA,75.75,0.0,10.29,無,,40.0
中山區,房地(土地+建物)+車位,民權東路二段１３５巷３２號八樓,18.76,住,,,1110319,土地1建物1車位1,八層,十層,華廈(10層含以下有電梯),住家用,1030926.0,107.4,2,2,2,有,有,24500000,236680.0,塔式車位,11.49,1800000,車位位於地下二層。陽台外推；其他增建；,RPRPMLLJQHHGFCA57DA,46.55,9.2,5.56,有,1870.0,7.0
文山區,房地(土地+建物)+車位,政大一街３２０巷８８號四樓,43.45,住,,,1110331,土地2建物1車位1,四層,七層,華廈(10層含以下有電梯),住家用,900716.0,186.96,4,2,2,有,有,25400000,135858.0,坡道機械,0.0,1500000,陽台外推；其他增建；,RPRNMLLJQHHGFAA17DA,91.2,1.98,14.54,有,,21.0
北投區,房地(土地+建物),致遠二路１２５巷３號三樓,43.44,住,,,1110312,土地1建物1車位0,三層,七層,華廈(10層含以下有電梯),住家用,860111.0,141.95,3,2,2,有,有,32100000,226136.0,,0.0,0,陽台外推；其他增建；,RPPQMLLJRHHGFEA77DA,91.41,1.55,10.81,有,,25.0
內湖區,房地(土地+建物),瑞光路２３９號六樓,35.05,住,,,1110227,土地1建物1車位0,六層,七層,華廈(10層含以下有電梯),住家用,730210.0,105.92,3,2,1,有,有,20800000,196375.0,,0.0,0,其他增建；,RPVRMLQJNHHGFCA38DA,71.56,0.0,7.13,有,,38.0
內湖區,房地(土地+建物)+車位,康樂街１６號六樓,46.06,住,,,1110223,土地1建物1車位1,六層,七層,華廈(10層含以下有電梯),住家用,800803.0,200.23,4,2,2,有,有,32400000,161814.0,升降平面,0.0,0,其他增建；,RPVPMLNLNHHGFCA08DA,170.76,4.25,15.43,有,1873.0,31.0
萬華區,房地(土地+建物),富民路５７巷２７號,70.0,住,,,1110227,土地1建物2車位0,一層,二層,公寓(5樓含以下無電梯),住家用,570417.0,86.5,5,0,5,有,無,16200000,187283.0,,0.0,0,此案兩戶打通使用頂樓加蓋；其他增建；,RPOPMLOLLHHGFBA17DA,86.5,0.0,0.0,無,,54.0
士林區,房地(土地+建物)+車位,中山北路六段１９５巷８號十一樓之１,30.68,住,,,1110227,土地1建物1車位1,十一層,十四層,住宅大樓(11層含以上有電梯),住家用,970506.0,178.66,3,2,2,有,有,45580000,255121.0,坡道平面,36.44,0,,RPSOMLQLNHHGFEA18DA,81.36,1.69,10.17,有,1874.0,14.0
信義區,房地(土地+建物),忠孝東路五段４２３巷６弄１９號五樓,31.78,住,,,1110223,土地1建物1車位0,五層,五層,公寓(5樓含以下無電梯),住家用,780425.0,122.22,4,2,2,有,無,22000000,180003.0,,0.0,0,陽台外推；,RPOOMLSLMHHGFDA77DA,88.17,0.0,5.93,無,,33.0
內湖區,房地(土地+建物),星雲街１６８巷２５號六樓,13.31,住,,,1110227,土地1建物1車位0,六層,十三層,住宅大樓(11層含以上有電梯),住家用,841116.0,58.33,1,1,1,有,有,14500000,248586.0,,0.0,0,陽台外推；,RPUNMLLMNHHGFCA67DA,42.73,0.0,7.55,有,,26.0
內湖區,房地(土地+建物)+車位,新富街１３９號五樓,33.45,住,,,1110222,土地1建物1車位1,五層,十三層,住宅大樓(11層含以上有電梯),住家用,1020808.0,218.88,3,2,2,有,有,48000000,219298.0,坡道平面,0.0,0,,RPXQMLKMNHHGFCA18DA,106.18,4.8,11.36,有,1875.0,9.0
北投區,房地(土地+建物),榮華一路６巷３之１號,47.25,住,,,1110220,土地1建物1車位0,一層,七層,華廈(10層含以下有電梯),住家用,720315.0,226.62,5,3,3,有,有,46000000,202983.0,,0.0,0,壹樓空地加蓋、平台外推。,RPVOMLLMNHHGFEA08DA,108.12,109.15,0.0,有,,39.0
士林區,房地(土地+建物),中社路二段１７巷１６號四樓,49.62,住,,,1110210,土地1建物1車位0,四層,四層,公寓(5樓含以下無電梯),住家用,650406.0,53.07,2,2,1,有,無,7600000,143207.0,,0.0,0,其他增建；,RPVNMLQKOHHGFEA38DA,53.07,0.0,0.0,無,,46.0
內湖區,房地(土地+建物),環山路一段１３４號二樓,42.3,住,,,1110222,土地1建物1車位0,二層,四層,公寓(5樓含以下無電梯),住家用,660628.0,121.96,4,2,2,有,有,17100000,140210.0,,0.0,0,,RPRRMLSKPHHGFCA48DA,109.59,0.0,12.37,無,,45.0
文山區,房地(土地+建物)+車位,辛亥路五段７１號三樓,9.01,住,,,1110216,土地1建物1車位1,三層,十一層,住宅大樓(11層含以上有電梯),住家用,1040318.0,47.85,1,1,1,有,有,10550000,218863.0,塔式車位,6.5,1500000,陽台外推；夾層；其他增建；,RPSOMLKLPHHGFAA37DA,20.94,1.64,4.24,有,1879.0,7.0
南港區,房地(土地+建物)+車位,向陽路２５８巷１００號五樓,39.69,住,,,1110214,土地1建物1車位1,五層,九層,華廈(10層含以下有電梯),住家用,971009.0,172.69,3,2,2,有,有,33800000,223268.0,坡道平面,32.5,2500000,其他增建；,RPPNMLOJQHHGFDA57DA,86.04,3.78,7.56,有,1880.0,13.0
南港區,房地(土地+建物)+車位,經貿二路２４５號三樓,16.75,住,,,1110220,土地1建物1車位1,三層,十三層,住宅大樓(11層含以上有電梯),住家用,1020222.0,117.6,2,2,1,有,有,27000000,229592.0,塔式車位,0.0,0,,RPQNMLNJQHHGFDA57DA,52.89,8.23,3.68,有,1881.0,9.0
文山區,房地(土地+建物)+車位,興隆路三段２５５巷２７號五樓,64.24,住,,,1110227,土地1建物1車位1,五層,八層,華廈(10層含以下有電梯),住家用,820715.0,135.5,3,2,1,有,有,16500000,121780.0,坡道平面,0.0,1600000,,RPSNMLPKOHHGFAA57DA,103.07,15.4,8.14,有,,29.0
大同區,房地(土地+建物)+車位,民權西路１６０巷１８弄８號三樓之３,19.19,住,,,1110215,土地1建物1車位2,三層,十八層,住宅大樓(11層含以上有電梯),住家用,1101227.0,197.16000000000005,3,2,2,有,有,35880000,228253.0,坡道平面,64.5,5600000,其他增建；,RPPNMLPLPHHGFBA57DA,77.1,7.74,3.89,有,1883.0,
北投區,房地(土地+建物)+車位,三合街一段３６巷９號三樓,42.96,住,,,1110127,土地1建物1車位1,三層,九層,華廈(10層含以下有電梯),住家用,1050311.0,251.93,3,2,2,有,有,49800000,197674.0,坡道平面,38.2,0,,RPQQMLRJOHHGFEA18DA,123.41,4.66,13.47,有,1884.0,6.0
內湖區,房地(土地+建物)+車位,新豐街１０６號八樓之１,35.65,住,,,1110118,土地1建物1車位1,八層,十層,華廈(10層含以下有電梯),住家用,980715.0,182.67,3,2,2,有,有,39500000,216237.0,坡道平面,0.0,0,其他增建；,RPVOMLNKOHHGFCA08EA,78.29,8.19,5.26,有,,13.0
士林區,房地(土地+建物),士東路２６６巷３弄７號四樓,26.68,住,,,1110101,土地5建物1車位0,四層,五層,公寓(5樓含以下無電梯),住家用,690429.0,92.53,3,2,1,有,無,16500000,178321.0,,0.0,0,陽台外推；其他增建；,RPSNMLPJNHHGFEA77DA,84.36,0.0,8.17,無,,42.0
大同區,房地(土地+建物),酒泉街１４０號四樓,38.5,住,,,1110106,土地1建物1車位0,四層,四層,公寓(5樓含以下無電梯),住家用,600907.0,148.49,3,2,2,有,無,20900000,140750.0,,0.0,0,頂樓加蓋；,RPVQMLRJMHHGFBA18DA,148.49,0.0,0.0,無,1885.0,50.0
松山區,房地(土地+建物)+車位,市民大道四段３９之３號十四樓,57.45,住,,,1110122,土地2建物1車位2,十四層,二十三層,住宅大樓(11層含以上有電梯),住家用,1090102.0,409.26,0,0,0,無,有,200000000,584507.0,坡道平面,81.12,8200000,,RPPPMLNLOHHGFDA67DA,180.31,8.8,24.4,有,,2.0
中山區,房地(土地+建物)+車位,松江路１７０巷１１號十樓,44.27,住,,,1110128,土地1建物1車位4,十層，十一層,十一層,住宅大樓(11層含以上有電梯),住家用,1060927.0,365.15,0,0,0,無,有,60990000,243163.0,坡道平面,150.52,8800000,毛胚屋；,RPSNMLOJPHHGFCA67DA,128.86,9.42,7.25,有,,4.0
中山區,房地(土地+建物)+車位,民生東路二段１１５巷１０號十二樓,43.83,住,,,1110107,土地1建物1車位2,十二層,十三層,住宅大樓(11層含以上有電梯),住家用,1101201.0,325.71000000000004,5,2,4,有,有,79000000,291266.0,坡道平面,75.08,6000000,,RPSQMLRKOHHGFCA28DA,161.75,3.12,14.63,有,,
大安區,房地(土地+建物),大安路一段２０２號七樓之１０,3.49,住,,,1110120,土地1建物1車位0,七層,十二層,住宅大樓(11層含以上有電梯),住家用,971028.0,34.56,1,1,1,有,有,17300000,500579.0,,0.0,0,夾層；其他增建；,RPUPMLNLOHHGFFA38DA,19.1,1.39,1.75,有,,13.0
中山區,房地(土地+建物),合江街９５號四樓,36.5,住,,,1110127,土地2建物1車位0,四層，陽臺,四層,公寓(5樓含以下無電梯),住家用,620411.0,96.6,3,2,1,有,無,19600000,202899.0,,0.0,0,頂樓加蓋；,RPXNMLQLPHHGFCA68EA,96.6,0.0,0.0,無,1891.0,49.0
信義區,房地(土地+建物),和平東路三段３９１巷２０弄９號四樓,19.6,住,,,1110113,土地1建物1車位0,四層,五層,公寓(5樓含以下無電梯),住家用,660825.0,83.4,2,2,2,有,無,14500000,173861.0,,0.0,0,陽台外推；其他增建；,RPOOMLPKPHHGFDA67DA,74.63,0.0,8.77,無,1893.0,44.0
大同區,房地(土地+建物),敦煌路２１３號三樓,26.26,住,,,1110125,土地1建物1車位0,三層,五層,公寓(5樓含以下無電梯),住家用,741231.0,101.0,3,2,2,有,無,14380000,142376.0,,0.0,0,陽台加窗、陽台外移其他增建；,RPQOMLPLJHHGFBA17DA,82.76,2.2,6.33,無,1900.0,36.0
文山區,房地(土地+建物),景興路２３巷６弄９號二樓,47.12,住,,,1110117,土地1建物1車位0,二層,四層,公寓(5樓含以下無電梯),住家用,660610.0,121.48,4,2,2,有,無,19000000,156404.0,,0.0,0,陽台外推；其他增建；,RPSOMLLKQHHGFAA47DA,106.69,0.0,14.79,無,,45.0
內湖區,房地(土地+建物)+車位,環山路三段１６之１號二樓之１,22.83,住,,,1110126,土地1建物1車位1,二層,七層,華廈(10層含以下有電梯),住家用,911007.0,124.63,2,2,1,有,有,25000000,200594.0,升降平面,35.35,0,,RPXNMLMLQHHGFCA38EA,77.83,0.0,6.48,有,1901.0,19.0
中山區,房地(土地+建物),新生北路二段７３號二樓之１３,8.83,住,,,1101229,土地1建物1車位0,二層,七層,華廈(10層含以下有電梯),住家用,680301.0,48.99,0,0,0,無,有,6240000,127373.0,,0.0,0,母、子間一親等買賣案件,RPSNMLRJOHHGFCA97EA,34.64,0.0,6.32,有,,43.0
中正區,房地(土地+建物),汀州路二段１６７號四樓之３,12.42,住,,,1101229,土地1建物1車位0,四層,十八層,住宅大樓(11層含以上有電梯),住家用,1101108.0,86.58,2,1,1,有,有,20380000,235389.0,,0.0,0,,RPUNMLLLOHHGFAA47DA,45.89,7.82,3.86,有,,
中正區,房地(土地+建物)+車位,汀州路二段１６７號十樓之２,11.13,住,,,1101201,土地1建物1車位1,十層,十八層,住宅大樓(11層含以上有電梯),住家用,1101108.0,118.12,2,1,1,有,有,21410000,247951.0,坡道平面,41.25,2350000,,RPTOMLLLOHHGFAA47DA,45.66,2.72,2.72,有,,
士林區,房地(土地+建物),延平北路六段１１６巷１５弄１２號五樓,19.72,住,,,1101231,土地1建物1車位0,五層,五層,公寓(5樓含以下無電梯),住家用,681129.0,71.55,3,2,1,有,無,8720000,121873.0,,0.0,0,頂樓加蓋；其他增建；,RPXNMLMJOHHGFEA08DA,65.45,0.0,6.1,無,,42.0
中正區,建物,南昌路一段１２２巷８號二樓之１,0.0,,,,1101223,土地0建物1車位1,二層,六層,華廈(10層含以下有電梯),住家用,1090302.0,199.89,3,2,2,有,有,31980000,193486.0,升降平面,45.46,2100000,地上權房屋；,RPXOMLRLOHHGFAA48DA,87.28,4.0,12.12,有,,2.0
中山區,房地(土地+建物),錦州街４２６巷１弄２４號四樓,38.25,住,,,1101225,土地1建物1車位0,四層,四層,公寓(5樓含以下無電梯),住家用,580315.0,102.22,3,2,1,有,無,22580000,220896.0,,0.0,0,陽台外推；其他增建；,RPPOMLRLOHHGFCA87DA,88.82,0.0,13.4,無,,53.0
南港區,房地(土地+建物)+車位,重陽路３７８號八樓,27.53,住,,,1101225,土地1建物1車位1,八層,九層,華廈(10層含以下有電梯),住家用,940321.0,139.17000000000002,3,2,2,有,有,25280000,238661.0,坡道平面,44.14,2600000,,RPWQMLRLNHHGFDA88EA,58.07,2.01,6.5,有,,17.0
大安區,房地(土地+建物),四維路９８巷１號,60.0,住,,,1101228,土地2建物1車位0,全,三層,透天厝,住家用,,122.85,6,2,3,有,無,55000000,447700.0,,0.0,0,陽台外推；其他增建；,RPUPMLPLNHHGFFA58EA,122.85,0.0,0.0,無,,
內湖區,房地(土地+建物),內湖路一段２８５巷６９弄１４號五樓,32.88,住,,,1101230,土地1建物1車位0,五層,五層,公寓(5樓含以下無電梯),住家用,701223.0,104.86,3,2,2,有,無,17950000,171181.0,,0.0,0,,RPSNMLTKQHHGFCA38DA,84.25,0.0,10.78,無,1904.0,40.0
內湖區,房地(土地+建物)+車位,環山路三段１６之１號三樓之１,24.68,住,,,1101230,土地1建物1車位1,三層,七層,華廈(10層含以下有電梯),住家用,911007.0,133.67000000000002,2,2,1,有,有,28000000,209471.0,升降平面,35.35,0,,RPWNMLMLQHHGFCA28EA,77.4,0.0,12.41,有,1905.0,19.0
士林區,房地(土地+建物),忠誠路二段６４號七樓,30.14,住,,,1101128,土地1建物1車位0,七層,七層,華廈(10層含以下有電梯),住家用,761015.0,153.79,3,2,2,有,有,40000000,260095.0,,0.0,0,陽台加窗其他增建；,RPSOMLOKOHHGFEA08EA,117.08,0.0,13.48,有,1906.0,34.0
北投區,房地(土地+建物)+車位,西安街二段２０１號三樓,26.78,住,,,1101125,土地1建物1車位2,三層,十五層,住宅大樓(11層含以上有電梯),住家用,1110106.0,242.39,4,2,2,有,有,40120000,199942.0,坡道平面,69.74,5600000,預售屋、或土地及建物分件登記案件；,RPQOMLQKOHHGFEA97DA,96.81,7.14,8.57,有,,
中山區,房地(土地+建物)+車位,民生東路二段９３巷１５號三樓,34.82,住,,,1101120,土地1建物1車位2,三層,十三層,住宅大樓(11層含以上有電梯),住家用,1101201.0,278.99,4,2,3,有,有,65380000,291207.0,坡道平面,75.08,6000000,,RPTQMLRKOHHGFCA38DA,124.07,8.0,13.0,有,,
中山區,房地(土地+建物)+車位,民生東路二段１１５巷８號八樓,34.82,住,,,1101112,土地1建物1車位2,八層,十三層,住宅大樓(11層含以上有電梯),住家用,1101201.0,278.99,4,2,3,有,有,63880000,283851.0,坡道平面,75.08,6000000,,RPVQMLRKOHHGFCA58DA,124.07,8.0,13.0,有,,
中山區,房地(土地+建物)+車位,民生東路二段１１５巷８號五樓,34.82,住,,,1101125,土地1建物1車位2,五層,十三層,住宅大樓(11層含以上有電梯),住家用,1101201.0,278.99,4,2,3,有,有,62580000,277475.0,坡道平面,75.08,6000000,,RPWPMLRKOHHGFCA58DA,124.07,8.0,13.0,有,,
北投區,房地(土地+建物),立農街二段２８０號,34.25,住,,,1101117,土地1建物1車位0,三層,四層,公寓(5樓含以下無電梯),住家用,660204.0,93.74,3,2,1,有,無,16500000,176019.0,,0.0,0,陽台外移其他增建；,RPRNMLQLOHHGFEA08DA,80.22,0.0,13.52,無,,45.0
大安區,房地(土地+建物),潮州街８４號四樓之７,6.56,住,,,1101112,土地1建物1車位0,四層,九層,華廈(10層含以下有電梯),住家用,980120.0,29.5,1,1,1,有,有,11040000,374237.0,,0.0,0,陽台外推；夾層；其他增建；,RPVNMLRJPHHGFFA58DA,9.96,2.57,5.03,有,1907.0,13.0
文山區,房地(土地+建物),忠順街二段５７號四樓,14.42,住,,,1101130,土地1建物1車位0,四層,七層,華廈(10層含以下有電梯),住家用,730711.0,74.61,2,2,2,有,有,11680000,156547.0,,0.0,0,陽台外推；其他增建；,RPSOMLPLPHHGFAA87DA,51.24,0.0,14.86,有,1908.0,37.0
內湖區,房地(土地+建物),港華街５１巷１弄２０號四樓,25.01,住,,,1101121,土地1建物1車位0,四層,五層,公寓(5樓含以下無電梯),住家用,701021.0,97.39,4,2,2,有,無,16500000,169422.0,,0.0,0,陽台外推；其他增建；,RPXQMLLKPHHGFCA28DA,86.43,0.0,10.96,無,1909.0,40.0
松山區,房地(土地+建物),八德路四段７２巷１２弄３號三樓,43.75,住,,,1101112,土地2建物1車位0,三層,四層,公寓(5樓含以下無電梯),住家用,,106.92,3,2,1,有,無,20020000,187243.0,,0.0,0,其他增建；,RPPNMLMKPHHGFDA37DA,106.92,0.0,0.0,無,,
士林區,房地(土地+建物),中山北路六段２３６巷１９號四樓,38.0,住,,,1101016,土地1建物1車位0,四層,五層,公寓(5樓含以下無電梯),住家用,670824.0,118.49,3,2,2,有,無,19500000,164571.0,,0.0,0,陽台外推；其他增建；,RPVNMLLMNHHGFEA97DA,97.89,0.0,20.6,無,,43.0
南港區,房地(土地+建物)+車位,重陽路２９號六樓,29.66,住,,,1101030,土地1建物1車位1,六層,十四層,住宅大樓(11層含以上有電梯),住家用,1110124.0,170.93,3,1,2,有,有,43080000,282128.0,坡道平面,26.74,2400000,預售屋、或土地及建物分件登記案件；,RPPPMLPLNHHGFDA77DA,79.95,7.77,6.29,有,,
大安區,房地(土地+建物),信義路四段５３巷１６號五樓之２,7.55,住,,,1101031,土地1建物1車位0,五層,七層,華廈(10層含以下有電梯),住家用,951225.0,36.81,1,1,1,有,有,15000000,407498.0,,0.0,0,,RPORMLNJNHHGFFA77EA,20.72,0.0,3.02,有,1910.0,15.0
中正區,建物,南昌路一段１２２巷８號二樓,0.0,,,,1101015,土地0建物1車位1,二層,六層,華廈(10層含以下有電梯),住家用,1090302.0,183.96,3,2,2,有,有,29880000,199856.0,升降平面,45.46,2200000,地上權房屋；,RPOPMLRLPHHGFAA77DA,77.63,3.66,11.45,有,,2.0
中正區,建物,南昌路一段１２２巷８號六樓之１,0.0,,,,1101025,土地0建物1車位1,六層,六層,華廈(10層含以下有電梯),住家用,1090302.0,149.96,1,2,1,有,有,21300000,182775.0,升降平面,45.46,2200000,地上權房屋；,RPPNMLTLPHHGFAA87DA,46.99,0.52,21.77,有,,2.0
士林區,房地(土地+建物),承德路四段４０巷１０５號四樓之１１,14.08,住,,,1101031,土地1建物1車位0,三層,五層,公寓(5樓含以下無電梯),住家用,591008.0,42.8,2,2,1,有,無,5800000,135514.0,,0.0,0,陽台外推；其他增建；,RPPNMLMJQHHGFEA57EA,39.6,1.85,1.35,無,,51.0
大同區,房地(土地+建物)+車位,民權西路１６０巷１８弄６號十樓,15.61,住,,,1101030,土地1建物1車位1,十層,十八層,住宅大樓(11層含以上有電梯),住家用,1101227.0,143.15,2,2,1,有,有,31500000,220049.0,坡道平面,0.0,0,,RPUOMLPKQHHGFBA18DA,63.84,6.14,4.19,有,,
中山區,房地(土地+建物)+車位,五常街１１巷７號八樓之１,24.61,住,,,1101009,土地2建物1車位2,八層,十七層,住宅大樓(11層含以上有電梯),住家用,1080918.0,228.76,3,2,2,有,有,41880000,241517.0,坡道平面,73.16,4300000,,RPQPMLTLOHHGFCA28DA,88.59,5.18,10.53,有,,2.0
大同區,房地(土地+建物)+車位,民權西路１６０巷１８弄８號九樓,20.69,住,,,1100901,土地1建物1車位2,九層,十八層,住宅大樓(11層含以上有電梯),住家用,1101227.0,212.32,2,2,1,有,無,31510000,185859.0,坡道平面,64.52,4040000,二個停車位未拆分單價預售屋、或土地及建物分件登記案件；,RPSQMLLJOHHGFBA47DA,83.43,8.95,6.46,有,,
大安區,房地(土地+建物),臥龍街２７９之１號四樓,22.63,住,,,1100905,土地1建物1車位0,四層,七層,華廈(10層含以下有電梯),住家用,721230.0,103.0,3,2,2,有,無,21100000,204854.0,,0.0,0,陽台外推；,RPQQMLNJNHHGFFA87EA,88.57,0.0,9.04,有,,38.0
中山區,房地(土地+建物)+車位,民生東路二段９３巷１５號五樓,34.82,住,,,1100926,土地1建物1車位2,五層,十三層,住宅大樓(11層含以上有電梯),住家用,1101201.0,278.99,4,2,3,有,有,63000000,279535.0,坡道平面,75.08,6000000,,RPTPMLRKOHHGFCA28DA,124.07,8.0,13.0,有,,
南港區,房地(土地+建物)+車位,重陽路２５號八樓,17.0,住,,,1100918,土地1建物1車位1,八層,十四層,住宅大樓(11層含以上有電梯),住家用,1110124.0,107.59,1,1,1,有,有,26080000,292888.0,坡道平面,26.74,2400000,預售屋、或土地及建物分件登記案件；,RPSNMLKLPHHGFDA57DA,44.23,1.48,7.0,有,,
內湖區,房地(土地+建物),東湖路１０６巷７弄８號四樓,29.75,住,,,1100925,土地1建物1車位0,四層,四層,公寓(5樓含以下無電梯),住家用,700715.0,87.16,3,2,1,有,無,12500000,143414.0,,0.0,0,,RPRNMLQKQHHGFCA08EA,78.1,0.0,9.06,無,,40.0
大同區,房地(土地+建物)+車位,民權西路１６０巷１８弄６號二樓之３,19.1,住,,,1100803,土地1建物1車位1,二層,十八層,住宅大樓(11層含以上有電梯),住家用,1101227.0,176.7,2,2,1,有,無,31580000,205968.0,坡道平面,32.26,1830000,預售屋、或土地及建物分件登記案件；,RPQRMLLJOHHGFBA37DA,78.64,8.49,9.51,有,,
南港區,房地(土地+建物)+車位,重陽路７號七樓,17.16,住,,,1100813,土地1建物1車位1,七層,十四層,住宅大樓(11層含以上有電梯),住家用,1110124.0,108.89,2,1,1,有,有,25380000,277298.0,坡道平面,26.74,2600000,換約日期：111/03/02，換約價格不變預售屋、或土地及建物分件登記案件；,RPVOMLKMNHHGFDA87DA,46.68,2.27,4.61,有,,
南港區,房地(土地+建物)+車位,重陽路１號五樓,27.66,住,,,1100801,土地1建物1車位1,五層,十四層,住宅大樓(11層含以上有電梯),住家用,1110124.0,161.63,3,1,2,有,有,38000000,262436.0,坡道平面,26.74,2600000,預售屋、或土地及建物分件登記案件；,RPTPMLNLNHHGFDA97DA,71.72,10.24,5.99,有,,
南港區,房地(土地+建物)+車位,重陽路２７號九樓,31.62,住,,,1100828,土地1建物1車位1,九層,十四層,住宅大樓(11層含以上有電梯),住家用,1110124.0,181.57,3,1,2,有,有,47580000,289220.0,坡道平面,26.74,2800000,預售屋、或土地及建物分件登記案件；,RPPOMLRKOHHGFDA87DA,85.32,6.64,8.99,有,,
南港區,房地(土地+建物)+車位,重陽路２５號九樓,17.0,住,,,1100828,土地1建物1車位1,九層,十四層,住宅大樓(11層含以上有電梯),住家用,1110124.0,107.59,1,1,1,有,有,26580000,294125.0,坡道平面,26.74,2800000,預售屋、或土地及建物分件登記案件；,RPOOMLRKOHHGFDA77DA,44.23,1.48,7.0,有,,
南港區,房地(土地+建物)+車位,重陽路２９號九樓,29.66,住,,,1100828,土地1建物1車位1,九層,十四層,住宅大樓(11層含以上有電梯),住家用,1110124.0,168.79000000000002,3,1,2,有,有,43680000,286289.0,坡道平面,24.6,2400000,預售屋、或土地及建物分件登記案件；,RPSPMLOLOHHGFDA08DA,79.95,7.77,6.29,有,,
南港區,房地(土地+建物)+車位,重陽路３號八樓,17.15,住,,,1100830,土地1建物1車位1,八層,十四層,住宅大樓(11層含以上有電梯),住家用,1110124.0,108.64,2,1,1,有,有,25650000,278999.0,坡道平面,26.74,2800000,換約日期：111.5.23，換約價格不變。預售屋、或土地及建物分件登記案件；,RPTOMLOLOHHGFDA08DA,46.68,2.04,4.61,有,,
南港區,房地(土地+建物)+車位,重陽路２３號九樓,17.0,住,,,1100828,土地1建物1車位1,九層,十四層,住宅大樓(11層含以上有電梯),住家用,1110124.0,105.44,1,1,1,有,有,26180000,294161.0,坡道平面,24.6,2400000,預售屋、或土地及建物分件登記案件；,RPOPMLOLOHHGFDA67DA,44.23,1.48,7.0,有,,
南港區,房地(土地+建物)+車位,重陽路３號七樓,17.15,住,,,1100810,土地1建物1車位1,七層,十四層,住宅大樓(11層含以上有電梯),住家用,1110124.0,108.64,2,1,1,有,有,25380000,278144.0,坡道平面,26.74,2600000,預售屋、或土地及建物分件登記案件；,RPSOMLOLOHHGFDA97DA,46.68,2.04,4.61,有,,
南港區,房地(土地+建物)+車位,重陽路２９號八樓,29.66,住,,,1100829,土地1建物1車位1,八層,十四層,住宅大樓(11層含以上有電梯),住家用,1110124.0,170.93,3,1,2,有,有,43680000,284902.0,坡道平面,26.74,2600000,預售屋、或土地及建物分件登記案件；,RPRPMLOLOHHGFDA97DA,79.95,7.77,6.29,有,,
大同區,房地(土地+建物)+車位,民權西路１６０巷１８弄６號十六樓之３,19.1,住,,,1100813,土地1建物1車位1,十六層,十八層,住宅大樓(11層含以上有電梯),住家用,1101227.0,169.36,3,2,2,有,有,33800000,199587.0,坡道平面,0.0,0,,RPWNMLNLQHHGFBA18DA,78.64,8.49,4.5,有,,
大同區,房地(土地+建物)+車位,民權西路１６０巷２６弄１號六樓之２,21.35,住,,,1100729,土地1建物1車位1,六層,十八層,住宅大樓(11層含以上有電梯),住家用,1101227.0,187.28,3,2,2,有,無,30730000,182827.0,坡道平面,32.26,2390000,預售屋、或土地及建物分件登記案件；,RPRUMLLJOHHGFBA77DA,88.0,8.94,6.78,有,,
南港區,房地(土地+建物)+車位,重陽路１９號十一樓,11.2,住,,,1100724,土地1建物1車位1,十一層,十四層,住宅大樓(11層含以上有電梯),住家用,1110124.0,78.93,1,0,1,有,有,17160000,282813.0,坡道平面,26.74,2400000,換約日期：111/03/11，換約價格不變預售屋、或土地及建物分件登記案件；,RPTNMLRKOHHGFDA18DA,29.73,0.0,4.3,有,,
大同區,房地(土地+建物)+車位,民權西路１６０巷２６弄１號五樓之２,21.35,住,,,1100726,土地1建物1車位1,五層,十八層,住宅大樓(11層含以上有電梯),住家用,1101227.0,187.28,3,2,2,有,無,30520000,181472.0,坡道平面,32.26,2390000,預售屋、或土地及建物分件登記案件；,RPUPMLRLOHHGFBA38DA,88.0,8.94,6.78,有,,
松山區,房地(土地+建物)+車位,市民大道四段３９之１號十七樓,49.41,住,,,1100731,土地2建物1車位2,十七層,二十三層,住宅大樓(11層含以上有電梯),住家用,1090102.0,359.0,0,0,0,無,有,171220000,589535.0,坡道平面,81.12,7400000,,RPSQMLLJPHHGFDA77DA,150.94,4.3,22.94,有,,2.0
南港區,房地(土地+建物)+車位,重陽路１號十一樓,27.66,住,,,1100506,土地1建物1車位1,十一層,十四層,住宅大樓(11層含以上有電梯),住家用,1110124.0,161.63,3,1,2,有,有,39380000,271184.0,坡道平面,26.74,2800000,預售屋、或土地及建物分件登記案件；,RPQOMLOLOHHGFDA77DA,71.72,10.24,5.99,有,,
南港區,房地(土地+建物)+車位,重陽路３號十一樓,17.15,住,,,1100519,土地1建物1車位1,十一層,十四層,住宅大樓(11層含以上有電梯),住家用,1110124.0,106.5,2,1,1,有,有,25800000,283272.0,坡道平面,24.6,2600000,預售屋、或土地及建物分件登記案件；,RPVOMLOLOHHGFDA28DA,46.68,2.04,4.61,有,,
北投區,房地(土地+建物)+車位,西安街二段２６１號十二樓,27.29,住,,,1100417,土地1建物1車位1,十二層,十二層,住宅大樓(11層含以上有電梯),住家用,1110126.0,173.57999999999998,3,2,2,有,有,34980000,242452.0,坡道平面,40.44,2700000,110年10月13日換約金額不變預售屋、或土地及建物分件登記案件；,RPVPMLQJOHHGFEA48DA,77.75,5.25,10.46,有,,
南港區,房地(土地+建物)+車位,重陽路７號五樓,17.16,住,,,1100429,土地1建物1車位1,五層,十四層,住宅大樓(11層含以上有電梯),住家用,1110124.0,108.89,2,1,1,有,有,25180000,276080.0,坡道平面,26.74,2500000,換約日期：111/05/05，換約價格不變預售屋、或土地及建物分件登記案件；,RPQOMLRKOHHGFDA97DA,46.68,2.27,4.61,有,,
文山區,房地(土地+建物),忠順街一段４１巷１８號二樓,12.99,住,,,1100328,土地1建物1車位0,二層,九層,華廈(10層含以下有電梯),住家用,1110414.0,59.9,0,0,0,無,有,9900000,165275.0,,0.0,0,毛胚屋；,RPUNMLSKOHHGFAA08DA,28.51,8.47,0.0,有,,
南港區,房地(土地+建物)+車位,重陽路１３號十樓,24.51,住,,,1100318,土地1建物1車位1,十層,十四層,住宅大樓(11層含以上有電梯),住家用,1110124.0,145.22,3,1,2,有,有,32800000,253207.0,坡道平面,26.74,2800000,預售屋、或土地及建物分件登記案件；,RPXOMLOLOHHGFDA48DA,64.76,7.26,5.23,有,,
內湖區,房地(土地+建物),文德路２２巷１６弄１８號三樓,34.03,住,,,1100311,土地2建物1車位0,三層,五層,公寓(5樓含以下無電梯),住家用,691229.0,113.39,3,2,2,有,無,16200000,142870.0,,0.0,0,依土地法第三十四條之一第一、二、三項規定辦理。,RPRQMLMLQHHGFCA97DA,100.68,0.0,12.71,無,,40.0
大安區,房地(土地+建物),大安路二段８０號十一樓之１,42.28,住,,,1100120,土地1建物1車位0,十一層,二十一層,住宅大樓(11層含以上有電梯),住家用,1100831.0,263.95,4,2,2,有,無,116700000,442129.0,,0.0,0,預售屋、或土地及建物分件登記案件；,RPTOMLPKOHHGFFA28DA,149.3,10.05,16.27,有,,
大安區,房地(土地+建物)+車位,杭州南路二段６１巷３４號二樓,32.89,住,,,1100125,土地1建物1車位1,二層,七層,華廈(10層含以下有電梯),住家用,1110510.0,158.96,3,2,2,有,有,43980000,327840.0,升降平面,32.74,2600000,預售屋、或土地及建物分件登記案件；,RPRNMLSKQHHGFFA58EA,69.15,2.13,7.31,有,,
大安區,房地(土地+建物)+車位,杭州南路二段６１巷３６號二樓,30.03,住,,,1100125,土地1建物1車位1,二層,七層,華廈(10層含以下有電梯),住家用,1110510.0,150.02,2,2,2,有,有,40620000,324181.0,升降平面,32.74,2600000,預售屋、或土地及建物分件登記案件；,RPSNMLSKQHHGFFA68EA,63.32,2.87,7.46,有,,
大安區,房地(土地+建物)+車位,大安路二段８０號二十樓,40.3,住,,,1091203,土地1建物1車位2,二十層，二十一層,二十一層,住宅大樓(11層含以上有電梯),住家用,1100831.0,311.74,4,2,2,有,無,109300000,424737.0,坡道平面,68.06,5800000,二個停車位未拆分單價預售屋、或土地及建物分件登記案件；,RPTNMLRJPHHGFFA38DA,130.18,21.5,10.56,有,,
大安區,房地(土地+建物)+車位,杭州南路二段６１巷３４號五樓,32.89,住,,,1091216,土地1建物1車位1,五層,七層,華廈(10層含以下有電梯),住家用,1110510.0,162.41000000000005,3,2,2,有,有,46880000,340711.0,升降平面,32.74,2700000,預售屋、或土地及建物分件登記案件；,RPRNMLLKQHHGFFA87EA,69.15,5.51,7.38,有,,
大安區,房地(土地+建物)+車位,杭州南路二段６１巷３６號三樓,30.03,住,,,1091209,土地1建物1車位1,三層,七層,華廈(10層含以下有電梯),住家用,1110510.0,151.13,2,2,2,有,有,41160000,325703.0,升降平面,32.74,2600000,預售屋、或土地及建物分件登記案件；,RPSNMLLKQHHGFFA97EA,63.32,3.98,7.46,有,,
大安區,房地(土地+建物)+車位,杭州南路二段６１巷３６號六樓,52.69,住,,,1091226,土地1建物1車位2,六層,七層,華廈(10層含以下有電梯),住家用,1110510.0,287.76,4,2,2,有,有,79960000,361686.0,一樓平面,82.72,5800000,預售屋、或土地及建物分件登記案件；,RPTNMLMJRHHGFFA18EA,110.44,4.37,15.99,有,,
大安區,房地(土地+建物)+車位,杭州南路二段６１巷３６號四樓,30.03,住,,,1091216,土地1建物1車位1,四層,七層,華廈(10層含以下有電梯),住家用,1110510.0,151.57999999999998,2,2,2,有,有,42380000,334736.0,升降平面,32.74,2600000,預售屋、或土地及建物分件登記案件；,RPPNMLMJRHHGFFA77EA,63.32,4.43,7.46,有,,
中正區,房地(土地+建物),汀州路二段１６７號五樓之５,13.88,住,,,1091005,土地1建物1車位0,五層,十八層,住宅大樓(11層含以上有電梯),住家用,1101108.0,96.76,2,1,1,有,有,23500000,242869.0,,0.0,0,,RPXNMLLLOHHGFAA77DA,52.73,9.02,2.58,有,,
中正區,房地(土地+建物)+車位,汀州路二段１６７號二樓之１,13.44,住,,,1091017,土地1建物1車位1,二層,十八層,住宅大樓(11層含以上有電梯),住家用,1101108.0,134.16,2,1,1,有,有,24450000,235712.0,坡道平面,41.25,2550000,,RPQNMLLLOHHGFAA07DA,51.46,7.6,2.72,有,,
中正區,房地(土地+建物),汀州路二段１６７號三樓之１,13.38,住,,,1091021,土地1建物1車位0,三層,十八層,住宅大樓(11層含以上有電梯),住家用,1101108.0,93.33,2,1,1,有,有,22300000,238937.0,,0.0,0,,RPRNMLLLOHHGFAA17DA,51.46,7.88,2.72,有,,
大同區,房地(土地+建物)+車位,民權西路１６０巷１８弄８號十樓之１,8.44,住,,,1091019,土地1建物1車位1,十層,十八層,住宅大樓(11層含以上有電梯),住家用,1101227.0,93.24,1,1,1,有,無,15580000,216172.0,坡道平面,32.26,2400000,預售屋、或土地及建物分件登記案件；,RPPNMLOJPHHGFBA27DA,33.78,2.0,4.99,有,,
中正區,房地(土地+建物)+車位,汀州路二段１６７號四樓之５,13.99,住,,,1091024,土地1建物1車位1,四層,十八層,住宅大樓(11層含以上有電梯),住家用,1101108.0,138.01,2,1,1,有,有,25900000,241319.0,坡道平面,41.25,2550000,,RPROMLMKPHHGFAA37DA,52.73,9.02,2.58,有,,
中正區,房地(土地+建物)+車位,同安街２８巷６號,10.99,住,,,1091021,土地1建物1車位1,一層,十八層,住宅大樓(11層含以上有電梯),住家用,1101108.0,117.15,1,1,1,有,有,26350000,313570.0,坡道平面,41.25,2550000,,RPOOMLRLPHHGFAA67DA,36.49,0.0,13.98,有,,
中正區,房地(土地+建物)+車位,汀州路二段１６７號二樓之５,13.92,住,,,1091021,土地1建物1車位1,二層,十八層,住宅大樓(11層含以上有電梯),住家用,1101108.0,125.56,2,1,1,有,有,24950000,239499.0,升降機械,28.9,1800000,本戶交易日期110年10月26日,SPOOMLRLPHHGFAA77DA,52.73,8.74,2.8,有,,
中正區,房地(土地+建物),汀州路二段１６７號五樓,13.53,住,,,1091003,土地1建物1車位0,五層,十八層,住宅大樓(11層含以上有電梯),住家用,1101108.0,94.35,2,1,1,有,有,23000000,243773.0,,0.0,0,,RPUNMLPJQHHGFAA87DA,51.34,8.83,2.56,有,,
中正區,房地(土地+建物)+車位,汀州路二段１６７號二樓,13.65,住,,,1091009,土地1建物1車位1,二層,十八層,住宅大樓(11層含以上有電梯),住家用,1101108.0,135.66,2,1,1,有,有,24700000,234615.0,坡道平面,41.25,2550000,,RPUOMLKMQHHGFAA77DA,51.34,8.64,2.78,有,,
內湖區,房地(土地+建物)+車位,行善路１９９號二樓,20.34,住,,,1090911,土地2建物1車位1,二層,十五層,住宅大樓(11層含以上有電梯),住家用,1101125.0,135.48000000000002,3,2,2,有,無,28000000,246020.0,坡道平面,31.83,2500000,預售屋、或土地及建物分件登記案件；,RPPOMLNKNHHGFCA27DA,63.15,0.0,3.9,有,,
中正區,房地(土地+建物)+車位,汀州路二段１６７號十二樓之３,12.56,住,,,1090913,土地1建物1車位1,十二層,十八層,住宅大樓(11層含以上有電梯),住家用,1101108.0,128.05,2,1,1,有,有,24580000,255530.0,坡道平面,41.25,2400000,,RPSNMLLMNHHGFAA27DA,45.89,7.96,3.86,有,,
內湖區,房地(土地+建物)+車位,行善路１９５號三樓,38.82,住,,,1090911,土地2建物1車位1,三層,十五層,住宅大樓(11層含以上有電梯),住家用,1101125.0,230.41000000000005,4,2,3,有,無,55000000,260348.0,坡道平面,31.83,3300000,預售屋、或土地及建物分件登記案件；,RPPOMLMKNHHGFCA17DA,120.5,0.0,10.93,有,,
中正區,房地(土地+建物)+車位,汀州路二段１６７號十四樓之３,12.26,住,,,1090920,土地1建物1車位1,十四層,十八層,住宅大樓(11層含以上有電梯),住家用,1101108.0,114.03,2,1,1,有,有,23300000,252555.0,升降機械,28.9,1800000,,RPPPMLLLOHHGFAA17DA,45.36,7.54,3.7,有,,
中正區,房地(土地+建物)+車位,汀州路二段１６７號五樓之１,13.49,住,,,1090917,土地1建物1車位1,五層,十八層,住宅大樓(11層含以上有電梯),住家用,1101108.0,134.59,2,1,1,有,有,25000000,240519.0,坡道平面,41.25,2550000,,RPVNMLLLOHHGFAA57DA,51.46,7.88,2.72,有,,
中正區,房地(土地+建物)+車位,汀州路二段１６７號十一樓之３,12.47,住,,,1090911,土地1建物1車位1,十一層,十八層,住宅大樓(11層含以上有電梯),住家用,1101108.0,115.49,2,1,1,有,有,23400000,249451.0,升降機械,28.9,1800000,,RPTPMLLLOHHGFAA57DA,45.89,7.82,3.86,有,,
北投區,房地(土地+建物)+車位,西安街二段２０３號四樓,26.78,住,,,1090925,土地1建物1車位2,四層,十五層,住宅大樓(11層含以上有電梯),住家用,1110106.0,242.56,4,2,2,有,有,39780000,204143.0,坡道平面,69.74,4500000,民國110年11月26日增購一個車位預售屋申報書序號：B2AE11012230002民國109年11月2日預售屋兒子讓渡，民國111年2月14日預售屋兒子讓渡預售屋、或土地及建物分件登記案件；,RPPQMLMLPHHGFEA87DA,96.81,7.23,8.57,有,,
中正區,房地(土地+建物),汀州路二段１６７號六樓,13.53,住,,,1090913,土地1建物1車位0,六層,十八層,住宅大樓(11層含以上有電梯),住家用,1101108.0,94.35,2,1,1,有,有,22620000,239746.0,,0.0,0,,RPTNMLPJQHHGFAA77DA,51.34,8.83,2.56,有,,
中正區,房地(土地+建物)+車位,汀州路二段１６７號三樓,13.56,住,,,1090910,土地1建物1車位1,三層,十八層,住宅大樓(11層含以上有電梯),住家用,1101108.0,123.05,2,1,1,有,有,24200000,237918.0,升降機械,28.9,1800000,,RPWOMLKMQHHGFAA97DA,51.34,8.7,2.56,有,,
中正區,房地(土地+建物),汀州路二段１６７號九樓之３,12.42,住,,,1090904,土地1建物1車位0,九層,十八層,住宅大樓(11層含以上有電梯),住家用,1101108.0,86.58,2,1,1,有,有,22600000,261030.0,,0.0,0,本約於民國111年4月11日讓渡，交易總價新台幣25880000元整。,RPXOMLKMQHHGFAA08DA,45.89,7.82,3.86,有,,
內湖區,房地(土地+建物)+車位,行善路１８９號十五樓,18.26,住,,,1090819,土地2建物1車位1,十五層,十五層,住宅大樓(11層含以上有電梯),住家用,1101125.0,127.09,2,2,1,有,無,28000000,265589.0,坡道平面,31.83,2700000,預售屋、或土地及建物分件登記案件；,RPRRMLMKNHHGFCA67DA,56.69,0.0,6.69,有,,
中正區,房地(土地+建物),汀州路二段１６７號六樓之１,13.38,住,,,1090807,土地1建物1車位0,六層,十八層,住宅大樓(11層含以上有電梯),住家用,1101108.0,93.33,2,1,1,有,有,22590000,242044.0,,0.0,0,,RPOOMLLLOHHGFAA96DA,51.46,7.88,2.72,有,,
中正區,房地(土地+建物)+車位,汀州路二段１６７號六樓之３,12.53,住,,,1090821,土地1建物1車位1,六層,十八層,住宅大樓(11層含以上有電梯),住家用,1101108.0,125.68,2,1,1,有,有,23500000,247170.0,升降平面,39.1,2100000,,RPQOMLSLOHHGFAA87DA,45.89,7.82,3.86,有,,
內湖區,房地(土地+建物)+車位,行善路１９７號四樓,38.88,住,,,1090807,土地2建物1車位1,四層,十五層,住宅大樓(11層含以上有電梯),住家用,1101125.0,234.51,4,2,3,有,無,51080000,240182.0,坡道平面,31.83,2400000,本案原買方於110.8.25讓渡予權利人夫妻，交易總價不變預售屋、或土地及建物分件登記案件；,RPWNMLNKNHHGFCA87DA,120.77,0.0,10.93,有,,
內湖區,房地(土地+建物)+車位,行善路１８９號十一樓,18.26,住,,,1090817,土地2建物1車位1,十一層,十五層,住宅大樓(11層含以上有電梯),住家用,1101125.0,127.09,2,2,1,有,無,27580000,264329.0,坡道平面,31.83,2400000,預售屋、或土地及建物分件登記案件；,RPTQMLMKNHHGFCA77DA,56.69,0.0,6.69,有,,
中正區,房地(土地+建物)+車位,汀州路二段１６７號七樓之３,12.53,住,,,1090718,土地1建物1車位1,七層,十八層,住宅大樓(11層含以上有電梯),住家用,1101108.0,125.68,2,1,1,有,有,23390000,245900.0,升降平面,39.1,2100000,,RPQNMLOKOHHGFAA27DA,45.89,7.82,3.86,有,,
中正區,房地(土地+建物)+車位,汀州路二段１６７號四樓之２,11.08,住,,,1090710,土地1建物1車位1,四層,十八層,住宅大樓(11層含以上有電梯),住家用,1101108.0,105.77,2,1,1,有,有,20000000,240666.0,升降機械,28.9,1500000,,RPTNMLLLOHHGFAA37DA,45.66,2.72,2.72,有,,
南港區,房地(土地+建物)+車位,重陽路９號九樓,27.72,住,,,1090728,土地1建物1車位1,九層,十四層,住宅大樓(11層含以上有電梯),住家用,1110124.0,162.05,3,1,2,有,有,38900000,269012.0,坡道平面,26.74,2500000,預售屋、或土地及建物分件登記案件；,RPUOMLKMNHHGFDA77DA,71.72,10.54,5.96,有,,
中正區,房地(土地+建物)+車位,汀州路二段１６７號六樓之５,13.99,住,,,1090711,土地1建物1車位1,六層,十八層,住宅大樓(11層含以上有電梯),住家用,1101108.0,138.01,2,1,1,有,有,27210000,254857.0,坡道平面,41.25,2550000,,RPQOMLLKPHHGFAA17DA,52.73,9.02,2.58,有,,
大安區,房地(土地+建物)+車位,杭州南路二段６１巷３６號五樓,30.03,住,,,1090713,土地1建物1車位1,五層,七層,華廈(10層含以下有電梯),住家用,1110510.0,148.65,2,2,2,有,有,42500000,343370.0,升降平面,32.74,2700000,預售屋、或土地及建物分件登記案件；,RPSNMLMJRHHGFFA08EA,63.32,2.77,6.19,有,,
內湖區,房地(土地+建物)+車位,行善路１９５號八樓,38.82,住,,,1090628,土地2建物1車位1,八層,十五層,住宅大樓(11層含以上有電梯),住家用,1101125.0,230.41000000000005,4,2,3,有,無,53200000,253802.0,坡道平面,31.83,2800000,預售屋、或土地及建物分件登記案件；,RPTOMLMKNHHGFCA57DA,120.5,0.0,10.93,有,,
大同區,房地(土地+建物)+車位,民權西路１６０巷１８弄８號四樓之５,8.44,住,,,1090622,土地1建物1車位1,四層,十八層,住宅大樓(11層含以上有電梯),住家用,1101227.0,93.24,1,1,1,有,無,15880000,217812.0,坡道平面,32.26,2600000,,RPXOMLLJOHHGFBA77DA,33.78,2.0,4.99,有,1233.0,
中正區,房地(土地+建物)+車位,汀州路二段１６７號八樓之５,13.99,住,,,1090621,土地1建物1車位1,八層,十八層,住宅大樓(11層含以上有電梯),住家用,1101108.0,138.01,2,1,1,有,有,26660000,246589.0,坡道平面,41.25,2800000,,RPVPMLLLOHHGFAA77DA,52.73,9.02,2.58,有,,
中正區,房地(土地+建物)+車位,汀州路二段１６７號十二樓之２,10.84,住,,,1090614,土地1建物1車位1,十二層,十八層,住宅大樓(11層含以上有電梯),住家用,1101108.0,104.13,2,1,1,有,有,20800000,256547.0,升降機械,28.9,1500000,,RPXOMLLLOHHGFAA87DA,45.66,1.64,2.72,有,,
中正區,房地(土地+建物)+車位,汀州路二段１６７號六樓之２,11.13,住,,,1090515,土地1建物1車位1,六層,十八層,住宅大樓(11層含以上有電梯),住家用,1101108.0,118.12,2,1,1,有,有,21020000,240276.0,坡道平面,41.25,2550000,,RPTNMLOKOHHGFAA57DA,45.66,2.72,2.72,有,,
內湖區,房地(土地+建物)+車位,行善路１８７號三樓,29.69,住,,,1090525,土地2建物1車位1,三層,十五層,住宅大樓(11層含以上有電梯),住家用,1101125.0,182.24,3,2,2,有,無,39900000,247989.0,坡道平面,31.83,2600000,預售屋、或土地及建物分件登記案件；,RPURMLMKNHHGFCA97DA,92.08,0.0,6.74,有,,
內湖區,房地(土地+建物)+車位,行善路１９５號十一樓,38.88,住,,,1090525,土地2建物1車位2,十一層,十五層,住宅大樓(11層含以上有電梯),住家用,1101125.0,258.63,4,2,3,有,無,55400000,253802.0,坡道平面,60.05,5000000,預售屋、或土地及建物分件登記案件；,RPXOMLMKNHHGFCA97DA,120.5,0.0,10.93,有,,
內湖區,房地(土地+建物)+車位,行善路１８５號十二樓,20.45,住,,,1090525,土地2建物1車位1,十二層,十五層,住宅大樓(11層含以上有電梯),住家用,1101125.0,134.04000000000002,3,2,2,有,無,28100000,249486.0,坡道平面,31.83,2600000,本案原買方於111.1.6讓渡予權利人夫妻，交易總價不變預售屋、或土地及建物分件登記案件；,RPQTMLMKNHHGFCA77DA,63.34,0.0,3.8,有,,
中正區,房地(土地+建物),汀州路二段１６７號十三樓之２,10.79,住,,,1090526,土地1建物1車位0,十三層,十八層,住宅大樓(11層含以上有電梯),住家用,1101108.0,75.22,2,1,1,有,有,19380000,257644.0,,0.0,0,,RPVNMLMKPHHGFAA67DA,45.66,1.64,2.72,有,,
中山區,房地(土地+建物)+車位,民生東路二段１１５巷８號十樓,35.02,住,,,1090521,土地1建物1車位1,十層,十三層,住宅大樓(11層含以上有電梯),住家用,1101201.0,242.81,4,2,3,有,有,61600000,284503.0,坡道平面,37.54,3200000,預售屋、或土地及建物分件登記案件；,RPPQMLRKOHHGFCA97DA,123.96,9.11,13.0,有,,
中正區,房地(土地+建物),汀州路二段１６７號七樓之１,13.38,住,,,1090531,土地1建物1車位0,七層,十八層,住宅大樓(11層含以上有電梯),住家用,1101108.0,93.33,2,1,1,有,有,22590000,242044.0,,0.0,0,,RPVOMLLJRHHGFAA77DA,51.46,7.88,2.72,有,,
內湖區,房地(土地+建物)+車位,行善路１９３號六樓,20.45,住,,,1090414,土地2建物1車位1,六層,十五層,住宅大樓(11層含以上有電梯),住家用,1101125.0,134.04000000000002,3,2,2,有,無,28290000,250367.0,坡道平面,31.83,2700000,預售屋、或土地及建物分件登記案件；,RPQPMLMKNHHGFCA37DA,63.34,0.0,3.8,有,,
北投區,房地(土地+建物)+車位,石牌路二段３１３號十四樓,29.33,住,,,1090418,土地1建物1車位1,十四層,十四層,住宅大樓(11層含以上有電梯),住家用,1101027.0,196.17,3,2,2,有,有,36750000,226057.0,坡道平面,42.89,2100000,權利人應付義務人工程款新台幣56001元整預售屋、或土地及建物分件登記案件；,RPWPMLKKOHHGFEA08DA,89.99,6.29,9.71,有,,
內湖區,房地(土地+建物)+車位,行善路１９５號六樓,38.82,住,,,1090414,土地2建物1車位1,六層,十五層,住宅大樓(11層含以上有電梯),住家用,1101125.0,230.41000000000005,4,2,3,有,無,51890000,247709.0,坡道平面,31.83,2700000,預售屋、或土地及建物分件登記案件；,RPROMLMKNHHGFCA37DA,120.5,0.0,10.93,有,,
北投區,房地(土地+建物)+車位,石牌路二段３０９號十三樓,34.43,住,,,1090411,土地1建物1車位1,十三層,十四層,住宅大樓(11層含以上有電梯),住家用,1101027.0,220.7,3,2,2,有,有,43000000,228896.0,坡道平面,42.89,2300000,110.10.15換約金額不變義務人退還權利人工程款新台幣71028元整預售屋、或土地及建物分件登記案件；,RPWRMLKKOHHGFEA28DA,106.46,4.89,10.91,有,,
中正區,房地(土地+建物)+車位,汀州路二段１６７號九樓,13.64,住,,,1090419,土地1建物1車位1,九層,十八層,住宅大樓(11層含以上有電梯),住家用,1101108.0,133.45,2,1,1,有,有,25000000,242713.0,升降平面,39.1,2100000,,RPQNMLMKPHHGFAA17DA,51.34,8.83,2.56,有,,
內湖區,房地(土地+建物)+車位,行善路１８３號六樓,38.88,住,,,1090302,土地2建物1車位2,六層,十五層,住宅大樓(11層含以上有電梯),住家用,1101125.0,262.55,4,2,3,有,無,55800000,251395.0,坡道平面,63.66,5800000,預售屋、或土地及建物分件登記案件；,RPSPMLMJOHHGFCA57DA,120.5,0.0,10.93,有,,
北投區,房地(土地+建物)+車位,石牌路二段３１３號十三樓,29.33,住,,,1090314,土地1建物1車位1,十三層,十四層,住宅大樓(11層含以上有電梯),住家用,1101027.0,196.11,2,2,2,有,有,36700000,225819.0,坡道平面,42.89,2100000,110.11.02換約金額不變義務人退還權利人工程款新台幣423674元整預售屋、或土地及建物分件登記案件；,RPRSMLKKOHHGFEA87DA,89.99,6.29,9.71,有,,
南港區,房地(土地+建物)+車位,重陽路２１號八樓,31.62,住,,,1090311,土地1建物1車位1,八層,十四層,住宅大樓(11層含以上有電梯),住家用,1110124.0,181.57,3,1,2,有,有,40850000,246399.0,坡道平面,26.74,2700000,預售屋、或土地及建物分件登記案件；,RPWNMLRKOHHGFDA48DA,85.32,6.64,8.99,有,,
內湖區,房地(土地+建物)+車位,行善路２０３號十三樓,28.87,住,,,1090306,土地2建物1車位1,十三層,十五層,住宅大樓(11層含以上有電梯),住家用,1101125.0,181.72,3,2,2,有,無,41880000,260725.0,坡道平面,31.83,2800000,預售屋、或土地及建物分件登記案件；,RPWPMLNKNHHGFCA08DA,89.42,0.0,7.36,有,,
中正區,房地(土地+建物)+車位,汀州路二段１６７號十五樓之３,12.32,住,,,1090307,土地1建物1車位1,十五層,十八層,住宅大樓(11層含以上有電梯),住家用,1101108.0,126.35,2,1,1,有,有,24100000,256757.0,坡道平面,41.25,2250000,,RPOPMLKMQHHGFAA27DA,45.34,7.54,3.7,有,,
大同區,房地(土地+建物)+車位,民權西路１６０巷１８弄８號二樓之６,20.25,住,,,1090204,土地1建物1車位1,二層,十八層,住宅大樓(11層含以上有電梯),住家用,1101227.0,180.24,2,2,1,有,無,32000000,197324.0,坡道平面,32.26,2800000,預售屋、或土地及建物分件登記案件；,RPPOMLLJOHHGFBA96DA,83.41,8.95,6.46,有,,
中正區,房地(土地+建物)+車位,汀州路二段１６７號八樓,13.64,住,,,1090105,土地1建物1車位1,八層,十八層,住宅大樓(11層含以上有電梯),住家用,1101108.0,135.6,2,1,1,有,有,25210000,243349.0,坡道平面,41.25,2250000,,RPSNMLOKOHHGFAA47DA,51.34,8.83,2.56,有,,
北投區,房地(土地+建物)+車位,石牌路二段３１１號十四樓,25.51,住,,,1090118,土地1建物1車位1,十四層,十四層,住宅大樓(11層含以上有電梯),住家用,1101027.0,174.86,2,2,2,有,有,32500000,231871.0,坡道平面,42.89,1900000,義務人退還權利人工程款新台幣219506元整預售屋、或土地及建物分件登記案件；,RPPPMLKKOHHGFEA37DA,77.66,4.31,9.38,有,,
文山區,房地(土地+建物),忠順街一段４１巷１６號四樓,14.55,住,,,1090106,土地1建物1車位0,四層,九層,華廈(10層含以下有電梯),住家用,1110414.0,67.22,0,0,0,無,有,11200000,166617.0,,0.0,0,毛胚屋；,RPXNMLSKOHHGFAA38DA,33.14,6.03,2.33,有,,
北投區,房地(土地+建物)+車位,石牌路二段３１３號九樓,32.43,住,,,1090110,土地1建物1車位2,九層,十四層,住宅大樓(11層含以上有電梯),住家用,1101027.0,246.05,2,2,2,有,有,39380000,220752.0,坡道平面,85.78,4000000,義務人退還權利人工程款新台幣542715元整預售屋、或土地及建物分件登記案件；,RPUPMLKKOHHGFEA87DA,96.37,3.07,10.7,有,,
文山區,房地(土地+建物),忠順街一段４１巷１８號五樓,12.99,住,,,1081201,土地1建物1車位0,五層,九層,華廈(10層含以下有電梯),住家用,1110414.0,59.940000000000005,0,0,0,無,有,10300000,171839.0,,0.0,0,毛胚屋；,RPTNMLKLOHHGFAA27DA,28.51,8.51,0.0,有,,
文山區,房地(土地+建物),忠順街一段４１巷１６號二樓,14.55,住,,,1081206,土地1建物1車位0,二層,九層,華廈(10層含以下有電梯),住家用,1110414.0,67.22,0,0,0,無,有,10770000,160220.0,,0.0,0,毛胚屋；,RPWNMLKLOHHGFAA57DA,33.14,6.03,2.33,有,,
文山區,房地(土地+建物),忠順街一段４１巷２０號八樓,12.86,住,,,1081226,土地1建物1車位0,八層,九層,華廈(10層含以下有電梯),住家用,1110414.0,59.43,0,0,0,無,有,9935000,167171.0,,0.0,0,毛胚屋；,RPQNMLKLOHHGFAA96DA,25.98,7.64,3.06,有,,
文山區,房地(土地+建物),忠順街一段４１巷１８號三樓,12.99,住,,,1081204,土地1建物1車位0,三層,九層,華廈(10層含以下有電梯),住家用,1110414.0,59.940000000000005,0,0,0,無,有,10200000,170170.0,,0.0,0,毛胚屋；,RPWNMLSKOHHGFAA28DA,28.51,8.51,0.0,有,,
文山區,房地(土地+建物),忠順街一段４１巷１８號八樓,12.99,住,,,1081201,土地1建物1車位0,八層,九層,華廈(10層含以下有電梯),住家用,1110414.0,59.9,0,0,0,無,有,10580000,176628.0,,0.0,0,毛胚屋；,RPSNMLSKOHHGFAA87DA,28.51,8.47,0.0,有,,
文山區,房地(土地+建物),忠順街一段４１巷１８號四樓,12.99,住,,,1081220,土地1建物1車位0,四層,九層,華廈(10層含以下有電梯),住家用,1110414.0,59.9,1,1,1,有,有,10280000,171619.0,,0.0,0,,RPWNMLTLOHHGFAA58EA,28.51,8.47,0.0,有,,
中正區,房地(土地+建物)+車位,汀州路二段１６７號十三樓之５,13.99,住,,,1081127,土地1建物1車位1,十三層,十八層,住宅大樓(11層含以上有電梯),住家用,1101108.0,138.01,2,1,1,有,有,26280000,247313.0,坡道平面,41.25,2350000,,RPOPMLLLOHHGFAA07DA,52.73,9.02,2.58,有,,
文山區,房地(土地+建物)+車位,忠順街一段４１巷２０號二樓,15.42,住,,,1081130,土地1建物1車位1,二層,九層,華廈(10層含以下有電梯),住家用,1110414.0,84.87,0,0,0,無,有,12800000,159200.0,升降機械,13.89,1500000,毛胚屋；,RPVNMLSKOHHGFAA18DA,29.04,11.63,3.15,有,,
文山區,房地(土地+建物),忠順街一段４１巷１８號,15.65,住,,,1081107,土地1建物1車位0,一層,九層,華廈(10層含以下有電梯),住家用,1110414.0,72.44,0,0,0,無,有,14500000,200166.0,,0.0,0,毛胚屋；,RPTNMLSKOHHGFAA97DA,31.66,6.51,6.49,有,,
中正區,房地(土地+建物)+車位,汀州路二段１６７號十一樓,13.64,住,,,1081124,土地1建物1車位1,十一層,十八層,住宅大樓(11層含以上有電梯),住家用,1101108.0,135.6,2,1,1,有,有,25580000,247271.0,坡道平面,41.25,2250000,,RPVNMLRLPHHGFAA28DA,51.34,8.83,2.56,有,,
大同區,房地(土地+建物)+車位,民權西路１６０巷１８弄６號二樓之１,12.2,住,,,1081114,土地1建物1車位1,二層,十八層,住宅大樓(11層含以上有電梯),住家用,1101227.0,118.31,2,2,1,有,無,20000000,202208.0,坡道平面,32.26,2600000,預售屋、或土地及建物分件登記案件；,RPXNMLOJQHHGFBA18DA,49.49,4.41,3.59,有,,
內湖區,房地(土地+建物)+車位,行善路１９９號八樓,20.18,住,,,1081016,土地2建物1車位1,八層,十五層,住宅大樓(11層含以上有電梯),住家用,1101125.0,131.28,3,2,2,有,無,28280000,251116.0,坡道平面,28.22,2400000,預售屋、或土地及建物分件登記案件；,RPROMLNKNHHGFCA47DA,62.63,0.0,3.9,有,,
內湖區,房地(土地+建物)+車位,行善路１９５號十二樓,59.32,住,,,1081018,土地2建物1車位3,十二層,十五層,住宅大樓(11層含以上有電梯),住家用,1101125.0,396.28,3,2,4,有,無,82000000,244689.0,坡道平面,95.49,8400000,原預售屋契約有兩份，因建物標的於總登前合併為一戶，故併同一戶移轉申報。車位未分別計價。預售屋、或土地及建物分件登記案件；,RPVQMLNKNHHGFCA08DA,183.84,0.0,14.73,有,,
大同區,房地(土地+建物)+車位,民權西路１６０巷１８弄８號三樓之６,20.25,住,,,1081002,土地1建物1車位1,三層,十八層,住宅大樓(11層含以上有電梯),住家用,1101227.0,180.24,2,2,1,有,無,31700000,195297.0,坡道平面,32.26,2800000,預售屋、或土地及建物分件登記案件；,RPQOMLLJOHHGFBA07DA,83.41,8.95,6.46,有,,
北投區,房地(土地+建物)+車位,西安街二段２６１號十樓,27.71,住,,,1081005,土地1建物1車位2,十層,十二層,住宅大樓(11層含以上有電梯),住家用,1110126.0,214.6,3,2,2,有,有,35900000,231828.0,坡道平面,80.88,4900000,義務人退還權利人工程款新台幣129823元整預售屋、或土地及建物分件登記案件；,RPUPMLQJOHHGFEA38DA,79.12,5.25,9.09,有,,
北投區,房地(土地+建物)+車位,西安街二段２６１號十二樓之１,26.34,住,,,1081011,土地1建物1車位1,十二層,十二層,住宅大樓(11層含以上有電梯),住家用,1110126.0,168.70999999999998,3,2,2,有,有,34300000,246355.0,坡道平面,40.44,2700000,義務人退還權利人工程款新台幣68196元整預售屋、或土地及建物分件登記案件；,RPOQMLQJOHHGFEA87DA,75.06,4.89,10.02,有,,
中正區,房地(土地+建物)+車位,汀州路二段１６７號十樓之３,12.53,住,,,1081001,土地1建物1車位1,十層,十八層,住宅大樓(11層含以上有電梯),住家用,1101108.0,127.83,2,1,1,有,有,24030000,250404.0,坡道平面,41.25,2350000,,RPUOMLLLOHHGFAA57DA,45.89,7.82,3.86,有,,
文山區,房地(土地+建物),忠順街一段４１巷１６號三樓,13.51,住,,,1081030,土地1建物1車位0,三層,九層,華廈(10層含以下有電梯),住家用,1110414.0,62.34,1,1,1,有,有,10470000,167950.0,,0.0,0,,RPSNMLKLOHHGFAA17DA,29.04,6.31,3.15,有,,
中正區,房地(土地+建物)+車位,汀州路二段１６７號十樓之５,13.99,住,,,1081004,土地1建物1車位1,十層,十八層,住宅大樓(11層含以上有電梯),住家用,1101108.0,138.01,2,1,1,有,有,26620000,250827.0,坡道平面,41.25,2350000,,RPVOMLLLOHHGFAA67DA,52.73,9.02,2.58,有,,
文山區,房地(土地+建物)+車位,忠順街一段４１巷１６號六樓,14.58,住,,,1081021,土地1建物1車位1,六層,九層,華廈(10層含以下有電梯),住家用,1110414.0,81.12,0,0,0,無,有,12580000,164807.0,升降機械,13.89,1500000,毛胚屋；,RPROMLSKOHHGFAA87DA,33.14,6.03,2.33,有,,
文山區,房地(土地+建物)+車位,忠順街一段４１巷２０號三樓,16.07,住,,,1081025,土地1建物1車位1,三層,九層,華廈(10層含以下有電梯),住家用,1110414.0,87.87,0,0,0,無,有,13450000,161530.0,升降機械,13.89,1500000,毛胚屋；,RPSOMLKLOHHGFAA27DA,31.96,11.36,2.36,有,,
文山區,房地(土地+建物)+車位,忠順街一段４１巷２０號七樓,16.07,住,,,1081004,土地1建物1車位1,七層,九層,華廈(10層含以下有電梯),住家用,1110414.0,87.87,0,0,0,無,有,13480000,161936.0,升降機械,13.89,1500000,毛胚屋；,RPRPMLRLOHHGFAA97DA,31.96,11.36,2.36,有,,
內湖區,房地(土地+建物)+車位,行善路１９５號十樓,38.88,住,,,1081006,土地2建物1車位2,十層,十五層,住宅大樓(11層含以上有電梯),住家用,1101125.0,262.23,4,2,3,有,無,55500000,253311.0,坡道平面,63.66,5200000,預售屋、或土地及建物分件登記案件；,RPWOMLMKNHHGFCA87DA,120.5,0.0,10.93,有,,
大同區,房地(土地+建物)+車位,民權西路１６０巷１８弄８號四樓之６,20.25,住,,,1080922,土地1建物1車位1,四層,十八層,住宅大樓(11層含以上有電梯),住家用,1101227.0,180.24,2,2,1,有,無,30800000,193269.0,坡道平面,32.26,2200000,預售屋、或土地及建物分件登記案件；,RPSOMLLJOHHGFBA27DA,83.41,8.95,6.46,有,,
大同區,房地(土地+建物)+車位,民權西路１６０巷１８弄６號三樓之３,19.1,住,,,1080916,土地1建物1車位1,三層,十八層,住宅大樓(11層含以上有電梯),住家用,1101227.0,169.36,2,2,1,有,無,28480000,188781.0,坡道平面,32.26,2600000,預售屋、或土地及建物分件登記案件；,RPRRMLLJOHHGFBA47DA,78.64,8.49,4.5,有,,
文山區,房地(土地+建物)+車位,忠順街一段４１巷１８號九樓,13.35,住,,,1080905,土地1建物1車位1,九層,九層,華廈(10層含以下有電梯),住家用,1110414.0,75.35,0,0,0,無,有,12180000,173772.0,升降機械,13.89,1500000,毛胚屋；,RPRNMLKLOHHGFAA07DA,28.51,7.03,2.42,有,,
文山區,房地(土地+建物),忠順街一段４１巷１６號八樓,12.51,住,,,1080912,土地1建物1車位0,八層,九層,華廈(10層含以下有電梯),住家用,1110414.0,57.82000000000001,0,0,0,無,有,11680000,202006.0,,0.0,0,毛胚屋；,RPPNMLKLOHHGFAA86DA,27.1,5.54,3.06,有,415.0,
文山區,房地(土地+建物)+車位,忠順街一段４１巷２０號五樓,16.07,住,,,1080912,土地1建物1車位1,五層,九層,華廈(10層含以下有電梯),住家用,1110414.0,87.87,0,0,0,無,有,13250000,159503.0,升降機械,13.89,1450000,毛胚屋；,RPUNMLKLOHHGFAA37DA,31.96,11.36,2.36,有,,
文山區,房地(土地+建物)+車位,忠順街一段４１巷１８號六樓,13.02,住,,,1080925,土地1建物1車位1,六層,九層,華廈(10層含以下有電梯),住家用,1110414.0,73.8,0,0,0,無,有,11800000,171925.0,升降機械,13.89,1500000,毛胚屋；,RPQOMLSKOHHGFAA77DA,28.51,8.47,0.0,有,,
文山區,房地(土地+建物),忠順街一段４１巷２０號四樓,15.36,住,,,1080904,土地1建物1車位0,四層,九層,華廈(10層含以下有電梯),住家用,1110414.0,70.97,0,0,0,無,有,10990000,154854.0,,0.0,0,毛胚屋；,RPOOMLSKOHHGFAA57DA,29.04,11.63,3.15,有,,
中正區,房地(土地+建物)+車位,汀州路二段１６７號十四樓之１,10.89,住,,,1080903,土地1建物1車位1,十四層,十八層,住宅大樓(11層含以上有電梯),住家用,1101108.0,116.44,2,1,1,有,有,21980000,261072.0,坡道平面,41.25,2350000,,SPSNMLNKPHHGFAA57DA,38.81,8.24,2.94,有,,
中正區,房地(土地+建物)+車位,汀州路二段１６７號十四樓,9.87,住,,,1080903,土地1建物1車位1,十四層,十八層,住宅大樓(11層含以上有電梯),住家用,1101108.0,109.32,2,1,1,有,有,19700000,254885.0,坡道平面,41.25,2350000,,RPSNMLNKPHHGFAA47DA,36.98,6.54,1.73,有,,
大同區,房地(土地+建物)+車位,民權西路１６０巷１８弄８號五樓之１,8.89,住,,,1080803,土地1建物1車位2,五層,十八層,住宅大樓(11層含以上有電梯),住家用,1101227.0,125.51,1,1,1,有,無,19000000,213150.0,坡道平面,64.52,6000000,預售屋、或土地及建物分件登記案件；,RPTQMLLJOHHGFBA57DA,33.8,2.0,4.99,有,,
大同區,房地(土地+建物)+車位,民權西路１６０巷１８弄６號四樓之３,19.1,住,,,1080807,土地1建物1車位1,四層,十八層,住宅大樓(11層含以上有電梯),住家用,1101227.0,169.36,2,2,1,有,無,28560000,190824.0,坡道平面,32.26,2400000,預售屋、或土地及建物分件登記案件；,RPSRMLLJOHHGFBA57DA,78.64,8.49,4.5,有,,
北投區,房地(土地+建物)+車位,石牌路二段３０９號十樓,35.53,住,,,1080831,土地1建物1車位2,十層,十四層,住宅大樓(11層含以上有電梯),住家用,1101027.0,264.79,4,2,2,有,有,45400000,225686.0,坡道平面,85.78,5000000,義務人退還權利人工程款新台幣200534元整預售屋、或土地及建物分件登記案件；,RPVRMLKKOHHGFEA18DA,106.46,6.56,10.91,有,,
內湖區,房地(土地+建物)+車位,民權東路六段２８９巷２９號,79.54,住,,,1080811,土地1建物1車位2,一層,五層,華廈(10層含以下有電梯),住家用,1101007.0,216.31,3,2,3,有,有,40600000,252301.0,坡道平面,69.66,3600000,庭院面積44.63坪,RPUOMLKKOHHGFCA57DA,93.95,0.0,8.78,有,,
文山區,房地(土地+建物)+車位,忠順街一段４１巷２０號六樓,15.42,住,,,1080813,土地1建物1車位1,六層,九層,華廈(10層含以下有電梯),住家用,1110414.0,84.87,0,0,0,無,有,12980000,161736.0,升降機械,13.89,1500000,毛胚屋；,RPSOMLSKOHHGFAA97DA,29.04,11.63,3.15,有,,
文山區,房地(土地+建物),忠順街一段４１巷１８號七樓,12.99,住,,,1080813,土地1建物1車位0,七層,九層,華廈(10層含以下有電梯),住家用,1110414.0,59.940000000000005,0,0,0,無,有,10450000,174341.0,,0.0,0,毛胚屋；,RPVNMLKLOHHGFAA47DA,28.51,8.51,0.0,有,,
中正區,房地(土地+建物),汀州路二段１６７號五樓之２,11.02,住,,,1080818,土地1建物1車位0,五層,十八層,住宅大樓(11層含以上有電梯),住家用,1101108.0,76.87,2,1,1,有,有,18550000,241317.0,,0.0,0,,RPUPMLLLOHHGFAA67DA,45.66,2.72,2.72,有,,
文山區,房地(土地+建物),忠順街一段４１巷１６號五樓,13.51,住,,,1080820,土地1建物1車位0,五層,九層,華廈(10層含以下有電梯),住家用,1110414.0,62.34,0,0,0,無,有,10450000,167629.0,,0.0,0,毛胚屋；,RPPOMLSKOHHGFAA67DA,29.04,6.31,3.15,有,,
文山區,房地(土地+建物)+車位,忠順街一段４１巷１６號七樓,13.54,住,,,1080816,土地1建物1車位1,七層,九層,華廈(10層含以下有電梯),住家用,1110414.0,76.22999999999999,0,0,0,無,有,11880000,166506.0,升降機械,13.89,1500000,毛胚屋；,RPQPMLRLOHHGFAA87DA,29.04,6.31,3.15,有,,
大同區,房地(土地+建物)+車位,民權西路１６０巷１８弄８號十七樓之６,20.25,住,,,1080817,土地1建物1車位1,十七層,十八層,住宅大樓(11層含以上有電梯),住家用,1101227.0,180.24,2,2,1,有,無,34200000,216245.0,坡道平面,32.26,2200000,預售屋、或土地及建物分件登記案件；,RPVNMLRLOHHGFBA28DA,83.41,8.95,6.46,有,,
大同區,房地(土地+建物)+車位,民權西路１６０巷１８弄６號十四樓之２,19.1,住,,,1080814,土地1建物1車位1,十四層,十八層,住宅大樓(11層含以上有電梯),住家用,1101227.0,169.36,2,2,1,有,無,30600000,207163.0,坡道平面,32.26,2200000,預售屋、或土地及建物分件登記案件；,RPXOMLRLOHHGFBA58DA,78.64,8.49,4.5,有,,
大同區,房地(土地+建物)+車位,民權西路１６０巷１８弄６號十五樓之１,12.2,住,,,1080726,土地1建物1車位1,十五層,十八層,住宅大樓(11層含以上有電梯),住家用,1101227.0,118.31,2,2,1,有,無,21560000,223823.0,坡道平面,32.26,2300000,預售屋、或土地及建物分件登記案件；,RPVTMLLJOHHGFBA08DA,49.49,4.41,3.59,有,,
大同區,房地(土地+建物)+車位,民權西路１６０巷１８弄６號二樓之２,19.1,住,,,1080704,土地1建物1車位1,二層,十八層,住宅大樓(11層含以上有電梯),住家用,1101227.0,175.92000000000002,2,2,1,有,無,32280000,207991.0,坡道平面,32.26,2400000,預售屋、或土地及建物分件登記案件；,RPVSMLLJOHHGFBA97DA,78.64,8.49,9.51,有,,
北投區,房地(土地+建物)+車位,石牌路二段３０７號三樓,40.26,住,,,1080704,土地1建物1車位2,三層,十四層,住宅大樓(11層含以上有電梯),住家用,1101027.0,292.18,4,2,2,有,有,49300000,214632.0,坡道平面,85.78,5000000,義務人退還權利人工程款新台幣1928896元整預售屋、或土地及建物分件登記案件；,RPSNMLKKOHHGFEA47DA,121.78,8.95,12.57,有,,
北投區,房地(土地+建物)+車位,西安街二段２０１號十三樓之１,16.01,住,,,1080718,土地1建物1車位1,十三層,十五層,住宅大樓(11層含以上有電梯),住家用,1110106.0,142.23000000000002,3,2,2,有,有,25880000,214512.0,坡道平面,34.87,2850000,民國111年2月10號預售屋配偶讓渡預售屋、或土地及建物分件登記案件；,RPROMLTJOHHGFEA28DA,59.6,6.65,4.19,有,,
中正區,房地(土地+建物),汀州路二段１６７號八樓之３,12.42,住,,,1080728,土地1建物1車位0,八層,十八層,住宅大樓(11層含以上有電梯),住家用,1101108.0,86.58,2,1,1,有,有,21680000,250404.0,,0.0,0,,RPQOMLLLOHHGFAA17DA,45.89,7.82,3.86,有,,
北投區,房地(土地+建物)+車位,石牌路二段３０９號十一樓,35.53,住,,,1080722,土地1建物1車位2,十一層,十四層,住宅大樓(11層含以上有電梯),住家用,1101027.0,260.48,0,0,0,無,有,46050000,234974.0,坡道平面,85.78,5000000,義務人退還權利人工程款新台幣499929元整預售屋、或土地及建物分件登記案件；,RPTOMLKKOHHGFEA67DA,106.46,2.14,10.91,有,,
大同區,房地(土地+建物)+車位,民權西路１６０巷１８弄８號五樓,20.25,住,,,1080710,土地1建物1車位1,五層,十八層,住宅大樓(11層含以上有電梯),住家用,1101227.0,180.04,2,2,1,有,無,33080000,204899.0,坡道平面,32.26,2800000,預售屋、或土地及建物分件登記案件；,RPOOMLRLOHHGFBA67DA,83.41,8.95,6.46,有,,
北投區,房地(土地+建物)+車位,西安街二段２０３號十三樓,25.41,住,,,1080712,土地1建物1車位1,十三層,十五層,住宅大樓(11層含以上有電梯),住家用,1110106.0,208.01,4,2,2,有,有,40550000,218320.0,坡道平面,34.87,2750000,民國111年2月11日預售屋讓渡預售屋、或土地及建物分件登記案件；,RPTOMLMLNHHGFEA87DA,96.81,7.55,8.57,有,,
北投區,房地(土地+建物)+車位,西安街二段２０３號十四樓之１,17.38,住,,,1080714,土地1建物1車位2,十四層,十五層,住宅大樓(11層含以上有電梯),住家用,1110106.0,177.1,3,2,2,有,有,29050000,217027.0,坡道平面,69.74,5750000,民國110年4月9日預售屋讓渡讓渡金額新台幣2850萬元正.民國110年11月10日增購一個車位新台幣320萬元正序號02預售屋、或土地及建物分件登記案件；,RPXOMLNLOHHGFEA48DA,59.6,6.65,4.19,有,,
中山區,房地(土地+建物)+車位,民生東路二段１１５巷１２號九樓,20.68,住,,,1080717,土地1建物1車位1,九層,十三層,住宅大樓(11層含以上有電梯),住家用,1101201.0,156.9,3,2,2,有,有,35300000,268097.0,坡道平面,37.54,3300000,本案1110322換約轉售換約金額3950萬元整預售屋、或土地及建物分件登記案件；,RPTNMLLLPHHGFCA67DA,75.27,1.26,8.31,有,,
大同區,房地(土地+建物)+車位,民權西路１６０巷１８弄６號十四樓之５,12.2,住,,,1080726,土地1建物1車位1,十四層,十八層,住宅大樓(11層含以上有電梯),住家用,1101227.0,118.31,2,2,1,有,無,22200000,230099.0,坡道平面,32.26,2400000,預售屋、或土地及建物分件登記案件；,RPPPMLMLPHHGFBA47DA,49.49,4.41,3.59,有,,
大同區,房地(土地+建物)+車位,民權西路１６０巷１８弄６號五樓之３,19.1,住,,,1080616,土地1建物1車位1,五層,十八層,住宅大樓(11層含以上有電梯),住家用,1101227.0,169.36,2,2,1,有,無,29380000,196076.0,坡道平面,32.26,2500000,預售屋、或土地及建物分件登記案件；,RPTRMLLJOHHGFBA67DA,78.64,8.49,4.5,有,,
大同區,房地(土地+建物)+車位,民權西路１６０巷１８弄８號十六樓之３,18.75,住,,,1080612,土地1建物1車位1,十六層,十八層,住宅大樓(11層含以上有電梯),住家用,1101227.0,164.88,2,2,1,有,無,30800000,209621.0,坡道平面,32.26,3000000,預售屋、或土地及建物分件登記案件；,RPXPMLLJOHHGFBA87DA,77.08,7.74,3.89,有,,
大同區,房地(土地+建物)+車位,民權西路１６０巷１８弄８號二樓,20.25,住,,,1080609,土地1建物1車位1,二層,十八層,住宅大樓(11層含以上有電梯),住家用,1101227.0,180.04,2,2,1,有,無,30600000,192178.0,坡道平面,32.26,2200000,預售屋、或土地及建物分件登記案件；,RPPQMLLJOHHGFBA17DA,83.41,8.95,6.46,有,,
北投區,房地(土地+建物)+車位,西安街二段２０１號十二樓之３,20.53,住,,,1080630,土地1建物1車位2,十二層,十五層,住宅大樓(11層含以上有電梯),住家用,1110106.0,199.23,3,2,2,有,有,33200000,217005.0,坡道平面,69.74,5100000,預售屋、或土地及建物分件登記案件；,RPUNMLQJOHHGFEA18DA,72.06,7.06,5.47,有,,
北投區,房地(土地+建物)+車位,石牌路二段３１１號十三樓,26.23,住,,,1080628,土地1建物1車位1,十三層,十四層,住宅大樓(11層含以上有電梯),住家用,1101027.0,180.49,2,2,2,有,有,33600000,227471.0,坡道平面,42.89,2300000,義務人退還權利人工程款新台幣117224元整預售屋、或土地及建物分件登記案件；,RPOPMLKKOHHGFEA27DA,80.2,5.84,9.69,有,,
中正區,房地(土地+建物)+車位,汀州路二段１６７號十一樓之５,13.99,住,,,1080628,土地1建物1車位1,十一層,十八層,住宅大樓(11層含以上有電梯),住家用,1101108.0,138.01,2,1,1,有,有,26610000,250723.0,坡道平面,41.25,2350000,,RPWOMLLLOHHGFAA77DA,52.73,9.02,2.58,有,,
北投區,房地(土地+建物)+車位,石牌路二段３０９號九樓,35.53,住,,,1080616,土地1建物1車位2,九層,十四層,住宅大樓(11層含以上有電梯),住家用,1101027.0,263.23,3,2,2,有,有,44800000,226543.0,坡道平面,85.78,4600000,義務人退還權利人工程款新台幣173117元整預售屋、或土地及建物分件登記案件；,RPQOMLKKOHHGFEA37DA,106.46,4.89,10.91,有,,
北投區,房地(土地+建物)+車位,石牌路二段３０７號十一樓,40.26,住,,,1080615,土地1建物1車位2,十一層,十四層,住宅大樓(11層含以上有電梯),住家用,1101027.0,288.89,1,2,2,有,有,53000000,238295.0,坡道平面,85.78,4600000,109.06.17換約金額不變義務人退還權利人工程款新台幣215248元整預售屋、或土地及建物分件登記案件；,RPRRMLKKOHHGFEA77DA,121.78,5.78,12.57,有,,
大同區,房地(土地+建物)+車位,民權西路１６０巷１８弄６號十六樓之２,19.1,住,,,1080611,土地1建物1車位1,十六層,十八層,住宅大樓(11層含以上有電梯),住家用,1101227.0,169.34,2,2,1,有,無,31600000,211555.0,坡道平面,32.26,2600000,預售屋、或土地及建物分件登記案件；,RPPPMLRLOHHGFBA87DA,78.62,8.49,4.5,有,,
中正區,房地(土地+建物),汀州路二段１６７號八樓之２,11.02,住,,,1080616,土地1建物1車位0,八層,十八層,住宅大樓(11層含以上有電梯),住家用,1101108.0,76.87,2,1,1,有,有,18880000,245609.0,,0.0,0,,RPPNMLMKPHHGFAA07DA,45.66,2.72,2.72,有,,
中正區,房地(土地+建物),汀州路二段１６７號十一樓之２,11.02,住,,,1080607,土地1建物1車位0,十一層,十八層,住宅大樓(11層含以上有電梯),住家用,1101108.0,76.87,2,1,1,有,有,19200000,249772.0,,0.0,0,,RPSNMLMKPHHGFAA37DA,45.66,2.72,2.72,有,,
大同區,房地(土地+建物)+車位,民權西路１６０巷１８弄８號十四樓之３,18.75,住,,,1080616,土地1建物1車位1,十四層,十八層,住宅大樓(11層含以上有電梯),住家用,1101227.0,164.88,2,2,1,有,無,30260000,205550.0,坡道平面,32.26,3000000,預售屋、或土地及建物分件登記案件；,RPRPMLMKPHHGFBA57DA,77.08,7.74,3.89,有,,
北投區,房地(土地+建物)+車位,西安街二段２６１號三樓,27.5,住,,,1080529,土地1建物1車位1,三層,十二層,住宅大樓(11層含以上有電梯),住家用,1110126.0,173.37,3,2,2,有,有,29700000,205371.0,坡道平面,40.44,2400000,111年02月22日換約金額為新台幣3680萬元整義務人退還權利人工程款新台幣9661元整預售屋、或土地及建物分件登記案件；,RPVNMLQJOHHGFEA28DA,79.12,4.15,9.4,有,,
北投區,房地(土地+建物)+車位,石牌路二段３０７號二樓,42.27,住,,,1080518,土地1建物1車位2,二層,十四層,住宅大樓(11層含以上有電梯),住家用,1101027.0,276.76,4,2,3,有,有,45000000,214682.0,坡道平面,85.78,4000000,權利人應付義務人工程款新台幣711元整預售屋、或土地及建物分件登記案件；,RPRNMLKKOHHGFEA37DA,128.36,0.0,10.12,有,,
北投區,房地(土地+建物)+車位,西安街二段２０３號八樓之１,16.01,住,,,1080511,土地1建物1車位1,八層,十五層,住宅大樓(11層含以上有電梯),住家用,1110106.0,142.24,3,2,2,有,有,24730000,209369.0,坡道平面,34.87,2250000,預售屋、或土地及建物分件登記案件；,RPPNMLMLOHHGFEA47DA,59.6,6.65,4.19,有,,
北投區,房地(土地+建物)+車位,西安街二段２６１號四樓之１,26.55,住,,,1080512,土地1建物1車位1,四層,十二層,住宅大樓(11層含以上有電梯),住家用,1110126.0,169.26,3,2,2,有,有,28800000,205713.0,坡道平面,40.44,2300000,義務人退還權利人工程款新台幣136212元整預售屋、或土地及建物分件登記案件；,RPXPMLQJOHHGFEA68DA,76.44,4.89,8.64,有,,
大同區,房地(土地+建物)+車位,民權西路１６０巷１８弄６號十三樓之２,19.1,住,,,1080525,土地1建物1車位1,十三層,十八層,住宅大樓(11層含以上有電梯),住家用,1101227.0,169.36,2,2,1,有,無,31300000,207893.0,坡道平面,32.26,2800000,預售屋、或土地及建物分件登記案件；,RPWOMLRLOHHGFBA48DA,78.64,8.49,4.5,有,,
大同區,房地(土地+建物)+車位,民權西路１６０巷１８弄６號十七樓之２,19.1,住,,,1080525,土地1建物1車位1,十七層,十八層,住宅大樓(11層含以上有電梯),住家用,1101227.0,169.36,2,2,1,有,無,32300000,215187.0,坡道平面,32.26,2800000,預售屋、或土地及建物分件登記案件；,RPRPMLRLOHHGFBA08DA,78.64,8.49,4.5,有,,
大同區,房地(土地+建物)+車位,民權西路１６０巷１８弄６號十一樓之２,19.1,住,,,1080521,土地1建物1車位1,十一層,十八層,住宅大樓(11層含以上有電梯),住家用,1101227.0,169.36,2,2,1,有,無,30380000,204099.0,坡道平面,32.26,2400000,預售屋、或土地及建物分件登記案件；,RPVOMLRLOHHGFBA38DA,78.64,8.49,4.5,有,,
北投區,房地(土地+建物)+車位,西安街二段２０１號十樓之１,16.01,住,,,1080507,土地1建物1車位1,十層,十五層,住宅大樓(11層含以上有電梯),住家用,1110106.0,142.23000000000002,3,2,2,有,有,24580000,206129.0,坡道平面,34.87,2450000,預售屋、或土地及建物分件登記案件；,RPQPMLNLOHHGFEA87DA,59.6,6.65,4.19,有,,
北投區,房地(土地+建物)+車位,西安街二段２０３號十一樓,26.78,住,,,1080501,土地1建物1車位2,十一層,十五層,住宅大樓(11層含以上有電梯),住家用,1110106.0,242.56,4,2,2,有,有,43350000,219882.0,坡道平面,69.74,5350000,民國109年8月28日增購一個車位預售屋、或土地及建物分件登記案件；,RPVOMLNLOHHGFEA28DA,96.81,7.23,8.57,有,,
大同區,房地(土地+建物)+車位,民權西路１６０巷１８弄６號十五樓之２,19.1,住,,,1080420,土地1建物1車位1,十五層,十八層,住宅大樓(11層含以上有電梯),住家用,1101227.0,169.36,2,2,1,有,無,31420000,208768.0,坡道平面,32.26,2800000,預售屋、或土地及建物分件登記案件；,RPTTMLLJOHHGFBA87DA,78.64,8.49,4.5,有,,
大同區,房地(土地+建物)+車位,民權西路１６０巷１８弄８號十七樓之３,18.75,住,,,1080412,土地1建物1車位1,十七層,十八層,住宅大樓(11層含以上有電梯),住家用,1101227.0,164.88,2,2,1,有,無,31350000,215277.0,坡道平面,32.26,2800000,預售屋、或土地及建物分件登記案件；,RPOQMLLJOHHGFBA07DA,77.08,7.74,3.89,有,,
大同區,房地(土地+建物)+車位,民權西路１６０巷１８弄６號十七樓之３,19.1,住,,,1080412,土地1建物1車位1,十七層,十八層,住宅大樓(11層含以上有電梯),住家用,1101227.0,169.36,2,2,1,有,無,32180000,214312.0,坡道平面,32.26,2800000,預售屋、或土地及建物分件登記案件；,RPXRMLLJOHHGFBA08DA,78.64,8.49,4.5,有,,
大同區,房地(土地+建物)+車位,民權西路１６０巷１８弄８號六樓之６,20.25,住,,,1080422,土地1建物1車位1,六層,十八層,住宅大樓(11層含以上有電梯),住家用,1101227.0,180.24,2,2,1,有,無,32660000,203136.0,坡道平面,32.26,2600000,預售屋、或土地及建物分件登記案件；,RPTOMLLJOHHGFBA37DA,83.41,8.95,6.46,有,,
北投區,房地(土地+建物)+車位,西安街二段２６１號三樓之１,26.55,住,,,1080407,土地1建物1車位1,三層,十二層,住宅大樓(11層含以上有電梯),住家用,1110126.0,167.25,3,2,2,有,有,28840000,208501.0,坡道平面,40.44,2400000,義務人退還權利人工程款新台幣10543元整預售屋、或土地及建物分件登記案件；,RPWPMLQJOHHGFEA58DA,76.44,2.54,8.95,有,,
北投區,房地(土地+建物)+車位,西安街二段２０３號五樓之１,15.66,住,,,1080407,土地1建物1車位1,五層,十五層,住宅大樓(11層含以上有電梯),住家用,1110106.0,141.82999999999998,3,2,2,有,有,23500000,198379.0,坡道平面,34.46,2200000,預售屋、或土地及建物分件登記案件；,RPVNMLTJOHHGFEA58DA,59.6,6.65,4.19,有,,
北投區,房地(土地+建物)+車位,西安街二段２０３號六樓之１,16.01,住,,,1080407,土地1建物1車位1,六層,十五層,住宅大樓(11層含以上有電梯),住家用,1110106.0,142.24,3,2,2,有,有,24290000,204806.0,坡道平面,34.87,2300000,預售屋、或土地及建物分件登記案件；,RPPOMLTJOHHGFEA08DA,59.6,6.65,4.19,有,,
北投區,房地(土地+建物)+車位,西安街二段２６３號九樓之１,17.24,住,,,1080403,土地1建物1車位1,九層,十二層,住宅大樓(11層含以上有電梯),住家用,1110126.0,123.56,2,2,1,有,有,21340000,226660.0,坡道平面,40.44,2500000,義務人退還權利人工程款新台幣307015元整預售屋、或土地及建物分件登記案件；,RPRQMLQJOHHGFEA18DA,49.42,5.36,3.1,有,,
北投區,房地(土地+建物)+車位,西安街二段２６３號四樓之１,17.24,住,,,1080414,土地1建物1車位1,四層,十二層,住宅大樓(11層含以上有電梯),住家用,1110126.0,123.56,2,2,1,有,有,19500000,205727.0,坡道平面,40.44,2400000,權利人應付義務人工程款新台幣38907元整預售屋、或土地及建物分件登記案件；,RPOPMLQJOHHGFEA77DA,49.42,5.36,3.1,有,,
北投區,房地(土地+建物)+車位,西安街二段２０１號十一樓之５,17.03,住,,,1080426,土地1建物1車位1,十一層,十五層,住宅大樓(11層含以上有電梯),住家用,1110106.0,148.73000000000002,3,2,2,有,有,26880000,209731.0,坡道平面,34.87,3000000,預售屋、或土地及建物分件登記案件；,RPOOMLMLNHHGFEA37DA,62.72,5.95,4.98,有,,
北投區,房地(土地+建物)+車位,西安街二段２０３號七樓之５,17.03,住,,,1080410,土地1建物1車位1,七層,十五層,住宅大樓(11層含以上有電梯),住家用,1110106.0,148.93,3,2,2,有,有,25250000,199895.0,坡道平面,34.87,2450000,民國109年8月11日增購一個車位預售屋、或土地及建物分件登記案件；,RPXNMLQKOHHGFEA58DA,62.72,6.15,4.98,有,,
北投區,房地(土地+建物)+車位,西安街二段２０１號十一樓之２,19.28,住,,,1080407,土地1建物1車位1,十一層,十五層,住宅大樓(11層含以上有電梯),住家用,1110106.0,165.25,3,2,2,有,有,30800000,216674.0,坡道平面,34.87,2550000,預售屋、或土地及建物分件登記案件；,RPRPMLNLOHHGFEA97DA,70.88,6.97,7.19,有,,
內湖區,房地(土地+建物)+車位,民權東路六段２８９巷２３號,79.54,住,,,1080428,土地1建物1車位2,一層,五層,華廈(10層含以下有電梯),住家用,1101007.0,216.31,3,2,3,有,有,40640000,251210.0,坡道平面,69.66,3800000,庭院面積43.45坪,RPPNMLLKPHHGFCA17DA,93.95,0.0,8.78,有,,
北投區,房地(土地+建物)+車位,西安街二段２０３號九樓之５,17.03,住,,,1080416,土地1建物1車位1,九層,十五層,住宅大樓(11層含以上有電梯),住家用,1110106.0,148.73000000000002,3,2,2,有,有,26000000,203759.0,坡道平面,34.87,2800000,預售屋、或土地及建物分件登記案件；,RPPOMLQKOHHGFEA87DA,62.72,5.95,4.98,有,,
中山區,房地(土地+建物)+車位,民生東路二段１１５巷８號二樓,34.61,住,,,1080418,土地1建物1車位1,二層,十三層,住宅大樓(11層含以上有電梯),住家用,1101201.0,240.82,4,2,3,有,有,52000000,241047.0,坡道平面,37.54,3000000,預售屋、或土地及建物分件登記案件；,RPWQMLRKOHHGFCA68DA,123.96,8.0,13.0,有,,
中正區,房地(土地+建物)+車位,汀州路二段１６７號九樓之５,13.99,住,,,1080427,土地1建物1車位1,九層,十八層,住宅大樓(11層含以上有電梯),住家用,1101108.0,135.86,2,1,1,有,有,26130000,248346.0,升降平面,39.1,2100000,,RPPOMLRLPHHGFAA77DA,52.73,9.02,2.58,有,,
中山區,房地(土地+建物),民生東路二段１１５巷１０號十一樓,43.42,住,,,1080418,土地1建物1車位0,十一層,十三層,住宅大樓(11層含以上有電梯),住家用,1101201.0,251.02,5,2,4,有,有,68000000,270895.0,,0.0,0,預售時所登錄是含車位價格，車位已於111/7/5解約取消500萬。預售屋或土地及建物分件登記案件預售屋申報書序號B1AC11101120034,RPQRMLRKOHHGFCA18DA,160.92,1.26,17.5,有,,
大同區,房地(土地+建物)+車位,民權西路１６０巷１８弄６號十五樓之３,19.1,住,,,1080323,土地1建物1車位1,十五層,十八層,住宅大樓(11層含以上有電梯),住家用,1101227.0,169.36,2,2,1,有,無,31560000,212707.0,坡道平面,32.26,2400000,預售屋、或土地及建物分件登記案件；,RPWRMLLJOHHGFBA97DA,78.64,8.49,4.5,有,,
大同區,房地(土地+建物)+車位,民權西路１６０巷１８弄６號十七樓之５,12.2,住,,,1080323,土地1建物1車位1,十七層,十八層,住宅大樓(11層含以上有電梯),住家用,1101227.0,118.31,2,2,1,有,無,21080000,219407.0,坡道平面,32.26,2200000,預售屋、或土地及建物分件登記案件；,RPSSMLLJOHHGFBA67DA,49.49,4.41,3.59,有,,
大同區,房地(土地+建物)+車位,民權西路１６０巷１８弄８號十七樓之５,8.44,住,,,1080320,土地1建物1車位1,十七層,十八層,住宅大樓(11層含以上有電梯),住家用,1101227.0,93.24,1,1,1,有,無,16400000,229621.0,坡道平面,32.26,2400000,預售屋、或土地及建物分件登記案件；,RPSPMLLJOHHGFBA37DA,33.78,2.0,4.99,有,,
大同區,房地(土地+建物)+車位,民權西路１６０巷１８弄８號十七樓之２,18.75,住,,,1080310,土地1建物1車位1,十七層,十八層,住宅大樓(11層含以上有電梯),住家用,1101227.0,164.82999999999998,2,2,1,有,無,30600000,214226.0,坡道平面,32.26,2200000,預售屋、或土地及建物分件登記案件；,RPPRMLLJOHHGFBA27DA,77.08,7.74,3.84,有,,
北投區,房地(土地+建物)+車位,西安街二段２６１號六樓,27.5,住,,,1080331,土地1建物1車位1,六層,十二層,住宅大樓(11層含以上有電梯),住家用,1110126.0,174.16,3,2,2,有,有,32880000,227191.0,坡道平面,40.44,2500000,義務人退還權利人工程款新台幣531144元整預售屋、或土地及建物分件登記案件；,RPTPMLQJOHHGFEA28DA,79.12,5.25,9.09,有,,
北投區,房地(土地+建物)+車位,西安街二段２０１號六樓之３,19.16,住,,,1080304,土地1建物1車位1,六層,十五層,住宅大樓(11層含以上有電梯),住家用,1110106.0,164.36,3,2,2,有,有,29390000,205730.0,坡道平面,34.87,2750000,預售屋、或土地及建物分件登記案件；,RPQOMLTJOHHGFEA18DA,72.06,7.06,5.47,有,,
北投區,房地(土地+建物)+車位,西安街二段２０３號七樓之１,16.01,住,,,1080327,土地1建物1車位1,七層,十五層,住宅大樓(11層含以上有電梯),住家用,1110106.0,142.24,3,2,2,有,有,24500000,205830.0,坡道平面,34.87,2400000,民國110年11月22日增購一個車位預售屋申報書序號：B1AE11011240001預售屋、或土地及建物分件登記案件；,RPVOMLNKOHHGFEA18DA,59.6,6.65,4.19,有,,
北投區,房地(土地+建物)+車位,西安街二段２６３號五樓之１,17.24,住,,,1080331,土地1建物1車位1,五層,十二層,住宅大樓(11層含以上有電梯),住家用,1110126.0,123.56,2,2,1,有,有,20200000,214148.0,坡道平面,40.44,2400000,義務人退還權利人工程款新台幣12943元整預售屋、或土地及建物分件登記案件；,RPPQMLQJOHHGFEA97DA,49.42,5.36,3.1,有,,
北投區,房地(土地+建物),西安街二段２６３號七樓之１,17.03,住,,,1080323,土地1建物1車位0,七層,十二層,住宅大樓(11層含以上有電梯),住家用,1110126.0,83.12,2,2,1,有,有,18000000,216554.0,,0.0,0,義務人退還權利人工程款新台幣126051元整預售屋、或土地及建物分件登記案件；,RPQQMLQJOHHGFEA08DA,49.42,5.36,3.1,有,,
大同區,房地(土地+建物)+車位,民權西路１６０巷１８弄６號十三樓之３,19.1,住,,,1080306,土地1建物1車位1,十三層,十八層,住宅大樓(11層含以上有電梯),住家用,1101227.0,169.36,2,2,1,有,無,30300000,203516.0,坡道平面,32.26,2400000,預售屋、或土地及建物分件登記案件；,RPROMLRLOHHGFBA97DA,78.64,8.49,4.5,有,,
北投區,房地(土地+建物)+車位,西安街二段２０３號十一樓之２,20.65,住,,,1080319,土地1建物1車位2,十一層,十五層,住宅大樓(11層含以上有電梯),住家用,1110106.0,200.11,3,2,2,有,有,34070000,217228.0,坡道平面,69.74,5750000,民國108年8月19日預售屋讓渡預售屋、或土地及建物分件登記案件；,RPOPMLNLOHHGFEA67DA,70.88,6.97,7.19,有,,
北投區,房地(土地+建物)+車位,西安街二段２０３號三樓之３,19.16,住,,,1080309,土地1建物1車位1,三層,十五層,住宅大樓(11層含以上有電梯),住家用,1110106.0,164.26999999999998,3,2,2,有,有,27540000,193122.0,坡道平面,34.87,2550000,預售屋、或土地及建物分件登記案件；,RPTNMLQJOHHGFEA08DA,72.06,6.97,5.47,有,,
北投區,房地(土地+建物)+車位,西安街二段２０３號十樓之２,19.28,住,,,1080313,土地1建物1車位1,十層,十五層,住宅大樓(11層含以上有電梯),住家用,1110106.0,165.55,3,2,2,有,有,30900000,215412.0,坡道平面,34.87,2750000,預售屋、或土地及建物分件登記案件；,RPSOMLLJQHHGFEA77DA,70.88,7.27,7.19,有,,
北投區,房地(土地+建物)+車位,西安街二段２０１號三樓之３,19.16,住,,,1080313,土地1建物1車位1,三層,十五層,住宅大樓(11層含以上有電梯),住家用,1110106.0,164.26999999999998,3,2,2,有,有,27540000,193122.0,坡道平面,34.87,2550000,民國111年2月18日預售屋讓渡讓渡金額新台幣2754萬元整預售屋、或土地及建物分件登記案件；,RPUOMLLJQHHGFEA97DA,72.06,6.97,5.47,有,,
北投區,房地(土地+建物)+車位,西安街二段２０３號十樓,25.41,住,,,1080309,土地1建物1車位1,十層,十五層,住宅大樓(11層含以上有電梯),住家用,1110106.0,208.01,4,2,2,有,有,40320000,216992.0,坡道平面,34.87,2750000,民國111年2月18日預售屋配偶讓渡預售屋、或土地及建物分件登記案件；,RPXNMLQJOHHGFEA48DA,96.81,7.55,8.57,有,,
北投區,房地(土地+建物)+車位,西安街二段２０３號十樓之３,19.16,住,,,1080313,土地1建物1車位1,十層,十五層,住宅大樓(11層含以上有電梯),住家用,1110106.0,164.68,3,2,2,有,有,30530000,214005.0,坡道平面,34.87,2750000,預售屋、或土地及建物分件登記案件；,RPTOMLLJQHHGFEA87DA,72.06,7.38,5.47,有,,
大同區,房地(土地+建物)+車位,民權西路１６０巷１８弄８號十五樓之１,8.44,住,,,1080226,土地1建物1車位1,十五層,十八層,住宅大樓(11層含以上有電梯),住家用,1101227.0,93.24,1,1,1,有,無,16380000,229293.0,坡道平面,32.26,2400000,預售屋、或土地及建物分件登記案件；,RPVQMLLJOHHGFBA77DA,33.78,2.0,4.99,有,,
大同區,房地(土地+建物)+車位,民權西路１６０巷１８弄８號七樓之６,20.25,住,,,1080226,土地1建物1車位1,七層,十八層,住宅大樓(11層含以上有電梯),住家用,1101227.0,180.24,2,2,1,有,無,32480000,201919.0,坡道平面,32.26,2600000,預售屋、或土地及建物分件登記案件；,RPUOMLLJOHHGFBA47DA,83.41,8.95,6.46,有,,
大同區,房地(土地+建物)+車位,民權西路１６０巷１８弄８號十二樓之３,18.75,住,,,1080228,土地1建物1車位1,十二層,十八層,住宅大樓(11層含以上有電梯),住家用,1101227.0,164.88,2,2,1,有,無,29880000,205700.0,坡道平面,32.26,2600000,預售屋、或土地及建物分件登記案件；,RPVPMLLJOHHGFBA67DA,77.08,7.74,3.89,有,,
大同區,房地(土地+建物)+車位,民權西路１６０巷１８弄８號十五樓之５,8.44,住,,,1080214,土地1建物1車位1,十五層,十八層,住宅大樓(11層含以上有電梯),住家用,1101227.0,93.24,1,1,1,有,無,16300000,224701.0,坡道平面,32.26,2600000,預售屋、或土地及建物分件登記案件；,RPRPMLLJOHHGFBA27DA,33.78,2.0,4.99,有,,
大同區,房地(土地+建物)+車位,民權西路１６０巷１８弄６號十四樓之３,19.1,住,,,1080216,土地1建物1車位1,十四層,十八層,住宅大樓(11層含以上有電梯),住家用,1101227.0,169.36,2,2,1,有,無,30750000,206798.0,坡道平面,32.26,2400000,預售屋、或土地及建物分件登記案件；,RPVRMLLJOHHGFBA87DA,78.64,8.49,4.5,有,,
大同區,房地(土地+建物)+車位,民權西路１６０巷２６弄１號六樓之１,25.95,住,,,1080202,土地1建物1車位2,六層,十八層,住宅大樓(11層含以上有電梯),住家用,1101227.0,251.49,3,2,2,有,無,43060000,202492.0,坡道平面,64.52,5200000,二個停車位未拆分單價預售屋、或土地及建物分件登記案件；,RPSUMLLJOHHGFBA87DA,105.5,7.89,11.6,有,,
北投區,房地(土地+建物)+車位,石牌路二段３０７號九樓,40.26,住,,,1080223,土地1建物1車位2,九層,十四層,住宅大樓(11層含以上有電梯),住家用,1101027.0,291.11,1,2,2,有,有,50500000,225491.0,坡道平面,85.78,4200000,義務人退還權利人工程款新台幣207900元整預售屋、或土地及建物分件登記案件；,RPUNMLKKOHHGFEA67DA,121.78,8.12,12.57,有,,
大同區,房地(土地+建物)+車位,民權西路１６０巷２６弄１號四樓之１,25.51,住,,,1080213,土地1建物1車位1,四層,十八層,住宅大樓(11層含以上有電梯),住家用,1101227.0,219.21,3,2,2,有,無,39880000,200481.0,坡道平面,32.26,2400000,預售屋、或土地及建物分件登記案件；,RPVNMLOKOHHGFBA87DA,105.48,7.89,11.6,有,,
內湖區,房地(土地+建物)+車位,民權東路六段２８９巷２１號,61.61,住,,,1080213,土地1建物1車位3,一層,五層,華廈(10層含以下有電梯),住家用,1101007.0,217.68,3,2,2,有,有,32000000,247372.0,坡道平面,104.49,4000000,車位3為重機車位庭院面積28.17坪,RPXNMLKKOHHGFCA77DA,69.87,0.0,9.31,有,,
信義區,房地(土地+建物)+車位,市民大道六段１０８號五樓,9.48,住,,,1080226,土地1建物1車位1,五層,十二層,住宅大樓(11層含以上有電梯),住家用,1110414.0,61.0,1,0,1,有,有,14380000,272806.0,升降機械,15.07,1850000,預售屋、或土地及建物分件登記案件；,RPVQMLMLOHHGFDA28DA,23.35,1.61,4.01,有,,
信義區,房地(土地+建物)+車位,市民大道六段１０８號七樓之６,7.1,住,,,1080224,土地1建物1車位1,七層,十二層,住宅大樓(11層含以上有電梯),住家用,1110414.0,48.56,1,0,1,有,有,10860000,269036.0,升降機械,15.07,1850000,買受人又轉售予第三人預售屋、或土地及建物分件登記案件；,RPRSMLMLOHHGFDA08DA,18.32,0.39,2.12,有,,
信義區,房地(土地+建物)+車位,市民大道六段１０８號六樓之６,7.1,住,,,1080224,土地1建物1車位1,六層,十二層,住宅大樓(11層含以上有電梯),住家用,1110414.0,48.56,1,0,1,有,有,10840000,268438.0,升降機械,15.07,1850000,買受人又轉售予第三人預售屋、或土地及建物分件登記案件；,RPSSMLMLOHHGFDA18DA,18.32,0.39,2.12,有,,
信義區,房地(土地+建物)+車位,市民大道六段１０８號二樓之７,10.36,住,,,1080224,土地1建物1車位1,二層,十二層,住宅大樓(11層含以上有電梯),住家用,1110414.0,65.26,1,0,1,有,有,14980000,261606.0,升降機械,15.07,1850000,買受人又轉售予第三人預售屋、或土地及建物分件登記案件；,RPUSMLMLOHHGFDA38DA,27.55,1.8,2.32,有,,
信義區,房地(土地+建物)+車位,市民大道六段１０８號四樓,9.48,住,,,1080226,土地1建物1車位1,四層,十二層,住宅大樓(11層含以上有電梯),住家用,1110414.0,61.0,1,0,1,有,有,14180000,268452.0,升降機械,15.07,1850000,預售屋、或土地及建物分件登記案件；,RPVNMLMLOHHGFDA97DA,23.35,1.61,4.01,有,,
信義區,房地(土地+建物)+車位,市民大道六段１０８號十一樓之２,19.28,住,,,1080224,土地1建物1車位1,十一層,十二層,住宅大樓(11層含以上有電梯),住家用,1110414.0,105.98,1,0,1,有,有,31680000,328127.0,升降機械,15.07,1850000,買受人又轉售予第三人預售屋、或土地及建物分件登記案件；,RPQTMLMLOHHGFDA08DA,51.28,0.78,4.35,有,,
信義區,房地(土地+建物)+車位,市民大道六段１０８號六樓之７,10.36,住,,,1080224,土地1建物1車位1,六層,十二層,住宅大樓(11層含以上有電梯),住家用,1110414.0,65.26,1,0,1,有,有,14980000,261606.0,升降機械,15.07,1850000,預售屋、或土地及建物分件登記案件；,SPSSMLMLOHHGFDA28DA,27.55,1.8,2.32,有,,
大同區,房地(土地+建物)+車位,民權西路１６０巷１８弄８號七樓之３,19.19,住,,,1080202,土地1建物1車位2,七層,十八層,住宅大樓(11層含以上有電梯),住家用,1101227.0,197.16000000000005,2,2,1,有,無,31500000,200543.0,坡道平面,64.52,4900000,1.另一地下四層之車位250萬元立約日為111.3.29預售屋、或土地及建物分件登記案件；,RPXPMLRLOHHGFBA68DA,77.1,7.74,3.89,有,,
北投區,房地(土地+建物)+車位,石牌路二段３０９號十四樓,35.53,住,,,1080224,土地1建物1車位2,十四層,十四層,住宅大樓(11層含以上有電梯),住家用,1101027.0,263.59000000000003,2,2,2,有,有,47000000,238457.0,坡道平面,85.78,4600000,110.01.29換約金額不變、義務人退還權利人工程款新台幣2101684元整預售屋、或土地及建物分件登記案件；,RPXRMLKKOHHGFEA38DA,106.46,4.89,10.91,有,,
北投區,房地(土地+建物)+車位,石牌路二段３０７號十四樓,40.26,住,,,1080224,土地1建物1車位2,十四層,十四層,住宅大樓(11層含以上有電梯),住家用,1101027.0,292.48,3,2,2,有,有,54100000,239478.0,坡道平面,85.78,4600000,110.01.29換約金額不變義務人退還權利人工程款新台幣2237588元整預售屋、或土地及建物分件登記案件；,RPSRMLKKOHHGFEA87DA,121.78,8.95,12.57,有,,
信義區,房地(土地+建物)+車位,市民大道六段１０８號七樓之７,10.36,住,,,1080209,土地1建物1車位1,七層,十二層,住宅大樓(11層含以上有電梯),住家用,1110414.0,65.26,1,0,1,有,有,15500000,273959.0,升降機械,15.07,1750000,買受人又轉售予第三人預售屋、或土地及建物分件登記案件；,RPVNMLPKQHHGFDA38DA,27.55,1.8,2.32,有,,
大同區,房地(土地+建物)+車位,民權西路１６０巷１８弄８號十三樓之３,18.75,住,,,1080120,土地1建物1車位1,十三層,十八層,住宅大樓(11層含以上有電梯),住家用,1101227.0,164.88,2,2,1,有,無,29380000,203438.0,坡道平面,32.26,2400000,預售屋、或土地及建物分件登記案件；,RPWPMLLJOHHGFBA77DA,77.08,7.74,3.89,有,,
大同區,房地(土地+建物)+車位,民權西路１６０巷１８弄８號十樓之３,18.75,住,,,1080103,土地1建物1車位1,十層,十八層,住宅大樓(11層含以上有電梯),住家用,1101227.0,164.88,2,2,1,有,無,29000000,200573.0,坡道平面,32.26,2400000,預售屋、或土地及建物分件登記案件；,RPUPMLLJOHHGFBA57DA,77.08,7.74,3.89,有,,
大同區,房地(土地+建物)+車位,民權西路１６０巷１８弄６號三樓之５,12.2,住,,,1080103,土地1建物1車位1,三層,十八層,住宅大樓(11層含以上有電梯),住家用,1101227.0,118.31,2,2,1,有,無,20050000,205113.0,坡道平面,32.26,2400000,預售屋、或土地及建物分件登記案件；,RPOSMLLJOHHGFBA27DA,49.49,4.41,3.59,有,,
大同區,房地(土地+建物)+車位,民權西路１６０巷１８弄６號十一樓之３,19.1,住,,,1080129,土地1建物1車位1,十一層,十八層,住宅大樓(11層含以上有電梯),住家用,1101227.0,169.36,2,2,1,有,無,30400000,201328.0,坡道平面,32.26,2800000,預售屋、或土地及建物分件登記案件；,RPURMLLJOHHGFBA77DA,78.64,8.49,4.5,有,,
大同區,房地(土地+建物)+車位,民權西路１６０巷１８弄６號五樓之２,19.1,住,,,1080105,土地1建物1車位1,五層,十八層,住宅大樓(11層含以上有電梯),住家用,1101227.0,169.36,2,2,1,有,無,29540000,197972.0,坡道平面,32.26,2400000,預售屋、或土地及建物分件登記案件；,RPOTMLLJOHHGFBA37DA,78.64,8.49,4.5,有,,
大同區,房地(土地+建物)+車位,民權西路１６０巷１８弄６號九樓之２,19.1,住,,,1080110,土地1建物1車位1,九層,十八層,住宅大樓(11層含以上有電梯),住家用,1101227.0,169.36,2,2,1,有,無,29780000,199723.0,坡道平面,32.26,2400000,預售屋、或土地及建物分件登記案件；,RPRTMLLJOHHGFBA67DA,78.64,8.49,4.5,有,,
大同區,房地(土地+建物)+車位,民權西路１６０巷１８弄８號十三樓之５,8.44,住,,,1080120,土地1建物1車位1,十三層,十八層,住宅大樓(11層含以上有電梯),住家用,1101227.0,93.24,1,1,1,有,無,15900000,221420.0,坡道平面,32.26,2400000,預售屋、或土地及建物分件登記案件；,RPQPMLLJOHHGFBA17DA,33.78,2.0,4.99,有,,
大同區,房地(土地+建物)+車位,民權西路１６０巷１８弄６號十五樓之５,12.2,住,,,1080108,土地1建物1車位1,十五層,十八層,住宅大樓(11層含以上有電梯),住家用,1101227.0,118.31,2,2,1,有,無,21780000,225218.0,坡道平面,32.26,2400000,預售屋、或土地及建物分件登記案件；,RPRSMLLJOHHGFBA57DA,49.49,4.41,3.59,有,,
大同區,房地(土地+建物)+車位,民權西路１６０巷１８弄６號十七樓,15.61,住,,,1080102,土地1建物1車位1,十七層,十八層,住宅大樓(11層含以上有電梯),住家用,1101227.0,143.15,2,2,1,有,無,26990000,219948.0,坡道平面,32.26,2600000,預售屋、或土地及建物分件登記案件；,RPPUMLLJOHHGFBA57DA,63.84,6.14,4.19,有,,
大同區,房地(土地+建物)+車位,民權西路１６０巷１８弄６號十一樓之５,12.2,住,,,1080104,土地1建物1車位1,十一層,十八層,住宅大樓(11層含以上有電梯),住家用,1101227.0,118.31,2,2,1,有,無,21180000,218245.0,坡道平面,32.26,2400000,預售屋、或土地及建物分件登記案件；,RPPSMLLJOHHGFBA37DA,49.49,4.41,3.59,有,,
大同區,房地(土地+建物)+車位,民權西路１６０巷１８弄６號十一樓,15.61,住,,,1080102,土地1建物1車位1,十一層,十八層,住宅大樓(11層含以上有電梯),住家用,1101227.0,143.15,2,2,1,有,無,25700000,206511.0,坡道平面,32.26,2800000,預售屋、或土地及建物分件登記案件；,RPWTMLLJOHHGFBA18DA,63.84,6.14,4.19,有,,
大同區,房地(土地+建物)+車位,民權西路１６０巷１８弄６號三樓之２,19.1,住,,,1080125,土地1建物1車位1,三層,十八層,住宅大樓(11層含以上有電梯),住家用,1101227.0,169.36,2,2,1,有,無,29660000,198847.0,坡道平面,32.26,2400000,預售屋、或土地及建物分件登記案件；,RPWSMLLJOHHGFBA08DA,78.64,8.49,4.5,有,,
大同區,房地(土地+建物)+車位,民權西路１６０巷１８弄６號十一樓之１,12.2,住,,,1080118,土地1建物1車位1,十一層,十八層,住宅大樓(11層含以上有電梯),住家用,1101227.0,118.31,2,2,1,有,無,20770000,211156.0,坡道平面,32.26,2600000,預售屋、或土地及建物分件登記案件；,RPUTMLLJOHHGFBA97DA,49.49,4.41,3.59,有,,
大同區,房地(土地+建物),民權西路１６０巷１８弄８號五樓之５,8.0,住,,,1080122,土地1建物1車位0,五層,十八層,住宅大樓(11層含以上有電梯),住家用,1101227.0,60.96,1,1,1,有,無,12650000,207513.0,,0.0,0,預售屋、或土地及建物分件登記案件；,RPOPMLLJOHHGFBA96DA,33.76,2.0,4.99,有,,
信義區,房地(土地+建物)+車位,市民大道六段１０８號九樓之３,7.1,住,,,1080118,土地1建物1車位1,九層,十二層,住宅大樓(11層含以上有電梯),住家用,1110414.0,48.56,1,0,1,有,有,11100000,276202.0,升降機械,15.07,1850000,預售屋、或土地及建物分件登記案件；,RPQSMLMLOHHGFDA97DA,18.32,0.39,2.12,有,,
信義區,房地(土地+建物),市民大道六段１０８號四樓之２,7.04,住,,,1080127,土地1建物1車位0,四層,十二層,住宅大樓(11層含以上有電梯),住家用,1110414.0,33.489999999999995,1,0,1,有,有,9260000,276500.0,,0.0,0,買受人又轉售予第三人預售屋、或土地及建物分件登記案件；,RPRTMLMLOHHGFDA18DA,18.32,0.39,2.12,有,,
信義區,房地(土地+建物)+車位,市民大道六段１０８號四樓之６,7.1,住,,,1080102,土地1建物1車位1,四層,十二層,住宅大樓(11層含以上有電梯),住家用,1110414.0,48.56,1,0,1,有,有,11050000,274709.0,升降機械,15.07,1850000,買受人又轉售予第三人預售屋、或土地及建物分件登記案件；,RPTTMLMLOHHGFDA38DA,18.32,0.39,2.12,有,,
信義區,房地(土地+建物)+車位,市民大道六段１０８號九樓之２,7.1,住,,,1080107,土地1建物1車位1,九層,十二層,住宅大樓(11層含以上有電梯),住家用,1110414.0,48.56,1,0,1,有,有,11420000,285757.0,升降機械,15.07,1850000,預售屋、或土地及建物分件登記案件；,RPWRMLMLOHHGFDA48DA,18.32,0.39,2.12,有,,
信義區,房地(土地+建物)+車位,市民大道六段１０８號三樓之６,7.1,住,,,1080101,土地1建物1車位1,三層,十二層,住宅大樓(11層含以上有電梯),住家用,1110414.0,48.56,1,0,1,有,有,10880000,269633.0,升降機械,15.07,1850000,預售屋、或土地及建物分件登記案件；,RPUNMLMLOHHGFDA87DA,18.32,0.39,2.12,有,,
信義區,房地(土地+建物),市民大道六段１０８號六樓,9.41,住,,,1080101,土地1建物1車位0,六層,十二層,住宅大樓(11層含以上有電梯),住家用,1110414.0,45.93,1,0,1,有,有,12800000,278685.0,,0.0,0,預售屋、或土地及建物分件登記案件；,RPWPMLMLOHHGFDA28DA,23.35,1.61,4.01,有,,
大同區,房地(土地+建物)+車位,民權西路１６０巷１８弄６號十三樓之１,12.2,住,,,1080111,土地1建物1車位1,十三層,十八層,住宅大樓(11層含以上有電梯),住家用,1101227.0,118.31,2,2,1,有,無,21200000,219640.0,坡道平面,32.26,2300000,預售屋、或土地及建物分件登記案件；,RPSPMLRLOHHGFBA18DA,49.49,4.41,3.59,有,,
大同區,房地(土地+建物)+車位,民權西路１６０巷１８弄６號十七樓之１,12.2,住,,,1080124,土地1建物1車位1,十七層,十八層,住宅大樓(11層含以上有電梯),住家用,1101227.0,118.31,2,2,1,有,無,22000000,225450.0,坡道平面,32.26,2600000,預售屋、或土地及建物分件登記案件；,RPTPMLRLOHHGFBA28DA,49.49,4.41,3.59,有,,
信義區,房地(土地+建物)+車位,市民大道六段１０８號三樓之７,10.36,住,,,1080104,土地1建物1車位1,三層,十二層,住宅大樓(11層含以上有電梯),住家用,1110414.0,65.26,1,0,1,有,有,15660000,275154.0,升降機械,15.07,1850000,買受人又轉售予第三人信義區虎林段三小段328地號持分1584/100000預售屋、或土地及建物分件登記案件；,RPPOMLLJPHHGFDA27DA,27.55,1.8,2.32,有,,
大同區,房地(土地+建物)+車位,民權西路１６０巷１８弄８號八樓之６,20.25,住,,,1080104,土地1建物1車位1,八層,十八層,住宅大樓(11層含以上有電梯),住家用,1101227.0,180.24,2,2,1,有,無,33200000,206785.0,坡道平面,32.26,2600000,預售屋、或土地及建物分件登記案件；,RPPPMLMKPHHGFBA37DA,83.41,8.95,6.46,有,,
中山區,房地(土地+建物)+車位,民生東路二段９３巷１９號四樓,21.09,住,,,1080123,土地1建物1車位1,四層,十三層,住宅大樓(11層含以上有電梯),住家用,1101201.0,158.62,3,2,2,有,有,34800000,262636.0,坡道平面,37.54,3000000,預售屋、或土地及建物分件登記案件；,RPSPMLRKOHHGFCA18DA,75.27,2.53,8.31,有,,
信義區,房地(土地+建物)+車位,市民大道六段１０８號十一樓之１,7.1,住,,,1080113,土地1建物1車位1,十一層,十二層,住宅大樓(11層含以上有電梯),住家用,1110414.0,48.56,1,1,1,有,有,11200000,279188.0,升降機械,15.07,1850000,預售屋、或土地及建物分件登記案件；,RPQOMLQLPHHGFDA08DA,18.32,0.39,2.12,有,,
信義區,房地(土地+建物)+車位,市民大道六段１０８號十二樓之１,19.14,住,,,1080110,土地1建物1車位1,十二層,十二層,住宅大樓(11層含以上有電梯),住家用,1110414.0,106.55,2,1,1,有,有,29950000,307171.0,升降機械,15.07,1850000,預售屋、或土地及建物分件登記案件；,RPOOMLSJQHHGFDA97DA,50.19,1.63,5.29,有,,
大同區,房地(土地+建物)+車位,民權西路１６０巷１８弄６號十三樓,15.61,住,,,1071216,土地1建物1車位1,十三層,十八層,住宅大樓(11層含以上有電梯),住家用,1101227.0,143.15,2,2,1,有,無,25280000,206331.0,坡道平面,32.26,2400000,預售屋、或土地及建物分件登記案件；,RPXTMLLJOHHGFBA28DA,63.84,6.14,4.19,有,,
大同區,房地(土地+建物)+車位,民權西路１６０巷１８弄８號十樓之６,20.25,住,,,1071209,土地1建物1車位1,十層,十八層,住宅大樓(11層含以上有電梯),住家用,1101227.0,180.24,2,2,1,有,無,32380000,202595.0,坡道平面,32.26,2400000,預售屋、或土地及建物分件登記案件；,RPVOMLLJOHHGFBA57DA,83.41,8.95,6.46,有,,
大同區,房地(土地+建物)+車位,民權西路１６０巷１８弄８號十四樓之６,20.25,住,,,1071223,土地1建物1車位1,十四層,十八層,住宅大樓(11層含以上有電梯),住家用,1101227.0,180.24,2,2,1,有,無,33520000,207596.0,坡道平面,32.26,2800000,預售屋、或土地及建物分件登記案件；,RPWOMLLJOHHGFBA67DA,83.41,8.95,6.46,有,,
大同區,房地(土地+建物)+車位,民權西路１６０巷１８弄６號七樓之２,19.1,住,,,1071215,土地1建物1車位1,七層,十八層,住宅大樓(11層含以上有電梯),住家用,1101227.0,169.36,2,2,1,有,無,29600000,198410.0,坡道平面,32.26,2400000,預售屋、或土地及建物分件登記案件；,RPPTMLLJOHHGFBA47DA,78.64,8.49,4.5,有,,
大同區,房地(土地+建物)+車位,民權西路１６０巷１８弄８號十三樓之２,18.75,住,,,1071208,土地1建物1車位1,十三層,十八層,住宅大樓(11層含以上有電梯),住家用,1101227.0,164.82999999999998,2,2,1,有,無,29050000,202535.0,坡道平面,32.26,2200000,預售屋、或土地及建物分件登記案件；,RPORMLLJOHHGFBA17DA,77.08,7.74,3.84,有,,
大同區,房地(土地+建物)+車位,民權西路１６０巷１８弄６號十七樓之６,15.61,住,,,1071221,土地1建物1車位1,十七層,十八層,住宅大樓(11層含以上有電梯),住家用,1101227.0,143.2,2,2,1,有,無,26580000,216153.0,坡道平面,32.26,2600000,預售屋、或土地及建物分件登記案件；,RPUSMLLJOHHGFBA87DA,63.89,6.14,4.19,有,,
大同區,房地(土地+建物)+車位,民權西路１６０巷１８弄６號十三樓之６,15.61,住,,,1071202,土地1建物1車位1,十三層,十八層,住宅大樓(11層含以上有電梯),住家用,1101227.0,143.2,2,2,1,有,無,24830000,202181.0,坡道平面,32.26,2400000,預售屋、或土地及建物分件登記案件；,RPTSMLLJOHHGFBA77DA,63.89,6.14,4.19,有,,
大同區,房地(土地+建物)+車位,民權西路１６０巷１８弄６號十三樓之５,12.2,住,,,1071221,土地1建物1車位1,十三層,十八層,住宅大樓(11層含以上有電梯),住家用,1101227.0,118.31,2,2,1,有,無,21500000,219640.0,坡道平面,32.26,2600000,預售屋、或土地及建物分件登記案件；,RPQSMLLJOHHGFBA47DA,49.49,4.41,3.59,有,,
信義區,房地(土地+建物)+車位,市民大道六段１０８號十樓之３,7.1,住,,,1071225,土地1建物1車位1,十層,十二層,住宅大樓(11層含以上有電梯),住家用,1110414.0,48.56,1,0,1,有,有,11090000,278889.0,升降機械,15.07,1750000,預售屋、或土地及建物分件登記案件；,RPSPMLMLOHHGFDA87DA,18.32,0.39,2.12,有,,
信義區,房地(土地+建物)+車位,市民大道六段１０８號八樓之６,7.1,住,,,1071228,土地1建物1車位1,八層,十二層,住宅大樓(11層含以上有電梯),住家用,1110414.0,48.56,1,0,1,有,有,10800000,267244.0,升降機械,15.07,1850000,預售屋、或土地及建物分件登記案件；,RPRQMLMLOHHGFDA87DA,18.32,0.39,2.12,有,,
信義區,房地(土地+建物)+車位,市民大道六段１０８號八樓之７,10.36,住,,,1071228,土地1建物1車位1,八層,十二層,住宅大樓(11層含以上有電梯),住家用,1110414.0,65.26,1,0,1,有,有,15900000,279936.0,升降機械,15.07,1850000,預售屋、或土地及建物分件登記案件；,RPSQMLLLOHHGFDA87DA,27.55,1.8,2.32,有,,
信義區,房地(土地+建物),市民大道六段１０８號九樓之６,7.04,住,,,1071201,土地1建物1車位0,九層,十二層,住宅大樓(11層含以上有電梯),住家用,1110414.0,33.489999999999995,1,0,1,有,有,9310000,277993.0,,0.0,0,預售屋、或土地及建物分件登記案件；,RPTNMLMLOHHGFDA77DA,18.32,0.39,2.12,有,,
信義區,房地(土地+建物)+車位,市民大道六段１０８號九樓之７,10.36,住,,,1071201,土地1建物1車位1,九層,十二層,住宅大樓(11層含以上有電梯),住家用,1110414.0,65.26,1,0,1,有,有,15720000,276350.0,升降機械,15.07,1850000,交易日期107年12月1日預售屋、或土地及建物分件登記案件；,SPTNMLMLOHHGFDA87DA,27.55,1.8,2.32,有,,
信義區,房地(土地+建物)+車位,市民大道六段１０８號四樓之１,10.25,住,,,1071228,土地1建物1車位1,四層,十二層,住宅大樓(11層含以上有電梯),住家用,1110414.0,65.0,1,0,1,有,有,15880000,280993.0,升降機械,15.07,1850000,預售屋、或土地及建物分件登記案件；,RPVOMLMLOHHGFDA08DA,25.36,2.03,4.22,有,,
信義區,房地(土地+建物)+車位,市民大道六段１０８號十樓之５,7.1,住,,,1071225,土地1建物1車位1,十層,十二層,住宅大樓(11層含以上有電梯),住家用,1110414.0,48.56,1,0,1,有,有,11090000,278889.0,升降機械,15.07,1750000,預售屋、或土地及建物分件登記案件；,SPSPMLMLOHHGFDA97DA,18.32,0.39,2.12,有,,
信義區,房地(土地+建物)+車位,市民大道六段１０８號九樓之５,7.1,住,,,1071204,土地1建物1車位1,九層,十二層,住宅大樓(11層含以上有電梯),住家用,1110414.0,48.56,1,0,1,有,有,11000000,273216.0,升降機械,15.07,1850000,預售屋、或土地及建物分件登記案件；,RPTOMLMLOHHGFDA87DA,18.32,0.39,2.12,有,,
大同區,房地(土地+建物)+車位,民權西路１６０巷１８弄８號九樓之６,20.25,住,,,1071226,土地1建物1車位1,九層,十八層,住宅大樓(11層含以上有電梯),住家用,1101227.0,180.24,2,2,1,有,無,33800000,208136.0,坡道平面,32.26,3000000,預售屋、或土地及建物分件登記案件；,RPTNMLRLOHHGFBA08DA,83.41,8.95,6.46,有,,
大同區,房地(土地+建物)+車位,民權西路１６０巷１８弄８號十一樓之２,18.75,住,,,1071215,土地1建物1車位1,十一層,十八層,住宅大樓(11層含以上有電梯),住家用,1101227.0,164.82999999999998,2,2,1,有,無,29380000,201252.0,坡道平面,32.26,2700000,預售屋、或土地及建物分件登記案件；,RPPOMLRLOHHGFBA77DA,77.08,7.74,3.84,有,,
大同區,房地(土地+建物)+車位,民權西路１６０巷１８弄６號十五樓之６,15.61,住,,,1071221,土地1建物1車位1,十五層,十八層,住宅大樓(11層含以上有電梯),住家用,1101227.0,143.2,2,2,1,有,無,25650000,209573.0,坡道平面,32.26,2400000,預售屋、或土地及建物分件登記案件；,RPTOMLRLOHHGFBA18DA,63.89,6.14,4.19,有,,
大同區,房地(土地+建物)+車位,民權西路１６０巷１８弄６號四樓之２,19.1,住,,,1071215,土地1建物1車位1,四層,十八層,住宅大樓(11層含以上有電梯),住家用,1101227.0,169.36,2,2,1,有,無,29000000,194033.0,坡道平面,32.26,2400000,預售屋、或土地及建物分件登記案件；,RPUOMLRLOHHGFBA28DA,78.64,8.49,4.5,有,,
大同區,房地(土地+建物)+車位,民權西路１６０巷１８弄８號十二樓之６,20.25,住,,,1071218,土地1建物1車位1,十二層,十八層,住宅大樓(11層含以上有電梯),住家用,1101227.0,180.24,2,2,1,有,無,33700000,207460.0,坡道平面,32.26,3000000,預售屋、或土地及建物分件登記案件；,RPUNMLRLOHHGFBA18DA,83.41,8.95,6.46,有,,
大同區,房地(土地+建物)+車位,民權西路１６０巷１８弄６號九樓之５,12.2,住,,,1071206,土地1建物1車位1,九層,十八層,住宅大樓(11層含以上有電梯),住家用,1101227.0,118.31,2,2,1,有,無,20660000,212202.0,坡道平面,32.26,2400000,預售屋、或土地及建物分件登記案件；,RPSOMLRLOHHGFBA08DA,49.49,4.41,3.59,有,,
大同區,房地(土地+建物)+車位,民權西路１６０巷１８弄８號四樓之３,18.75,住,,,1071223,土地1建物1車位1,四層,十八層,住宅大樓(11層含以上有電梯),住家用,1101227.0,164.88,2,2,1,有,無,27100000,187000.0,坡道平面,32.26,2300000,預售屋、或土地及建物分件登記案件；,RPXNMLRLOHHGFBA48DA,77.08,7.74,3.89,有,,
信義區,房地(土地+建物),市民大道六段１０８號五樓之２,7.04,住,,,1071223,土地1建物1車位0,五層,十二層,住宅大樓(11層含以上有電梯),住家用,1110414.0,33.489999999999995,1,0,1,有,有,8910000,266050.0,,0.0,0,門牌:信義區市民大道六段108號五樓之2交易日期於107年12月24日預售屋、或土地及建物分件登記案件；,SPQNMLPJPHHGFDA77DA,18.32,0.39,2.12,有,,
信義區,房地(土地+建物)+車位,市民大道六段１０８號五樓之７,10.36,住,,,1071216,土地1建物1車位1,五層,十二層,住宅大樓(11層含以上有電梯),住家用,1110414.0,65.26,1,0,1,有,有,15000000,262004.0,升降機械,15.07,1850000,買受人又轉售予第三人預售屋、或土地及建物分件登記案件；,RPTPMLOJPHHGFDA08DA,27.55,1.8,2.32,有,,
信義區,房地(土地+建物)+車位,市民大道六段１０８號四樓之７,10.36,住,,,1071202,土地1建物1車位1,四層,十二層,住宅大樓(11層含以上有電梯),住家用,1110414.0,65.26,1,0,1,有,有,15580000,273560.0,升降機械,15.07,1850000,買受人又轉售予第三人預售屋、或土地及建物分件登記案件；,RPPPMLOJPHHGFDA67DA,27.55,1.8,2.32,有,,
信義區,房地(土地+建物)+車位,市民大道六段１０８號五樓之５,7.1,住,,,1071216,土地1建物1車位1,五層,十二層,住宅大樓(11層含以上有電梯),住家用,1110414.0,48.56,1,0,1,有,有,10760000,266050.0,升降機械,15.07,1850000,買受人轉售予第三人預售屋、或土地及建物分件登記案件；,RPSPMLOJPHHGFDA97DA,18.32,0.39,2.12,有,,
信義區,房地(土地+建物)+車位,市民大道六段１０８號五樓之３,7.1,住,,,1071223,土地1建物1車位1,五層,十二層,住宅大樓(11層含以上有電梯),住家用,1110414.0,48.56,1,0,1,有,有,10760000,266050.0,升降機械,15.07,1850000,門牌:信義區市民大道六段108號五樓之3交易日期於107年12月16日預售屋、或土地及建物分件登記案件；,TPQNMLPJPHHGFDA87DA,18.32,0.39,2.12,有,,
信義區,房地(土地+建物)+車位,市民大道六段１０８號五樓之１,10.31,住,,,1071223,土地1建物1車位2,五層,十二層,住宅大樓(11層含以上有電梯),住家用,1110414.0,80.06,1,0,1,有,有,16850000,263421.0,升降機械,30.14,3700000,預售屋、或土地及建物分件登記案件；,RPQNMLPJPHHGFDA67DA,25.36,2.03,4.22,有,,
信義區,房地(土地+建物)+車位,市民大道六段１０８號五樓之６,7.1,住,,,1071216,土地1建物1車位1,五層,十二層,住宅大樓(11層含以上有電梯),住家用,1110414.0,48.56,1,0,1,有,有,10760000,266050.0,升降機械,15.07,1850000,買受人又轉售予第三人門牌:信義區市民大道六段108號5樓之6交易日期107年12月16日預售屋、或土地及建物分件登記案件；,SPSPMLOJPHHGFDA08DA,18.32,0.39,2.12,有,,
信義區,房地(土地+建物)+車位,市民大道六段１０８號二樓之１,10.25,住,,,1071216,土地1建物1車位1,二層,十二層,住宅大樓(11層含以上有電梯),住家用,1110414.0,65.0,1,0,1,有,有,15000000,263369.0,升降機械,15.07,1850000,門牌:信義區市民大道六段二樓之1交易日期107年12月21日預售屋、或土地及建物分件登記案件；,SPTPMLOJPHHGFDA18DA,25.36,2.03,4.22,有,,
信義區,房地(土地+建物)+車位,市民大道六段１０８號八樓之３,7.1,住,,,1071221,土地1建物1車位1,八層,十二層,住宅大樓(11層含以上有電梯),住家用,1110414.0,48.56,1,0,1,有,有,10760000,266050.0,升降機械,15.07,1850000,預售屋、或土地及建物分件登記案件；,RPQPMLMLOHHGFDA67DA,18.32,0.39,2.12,有,,
大同區,房地(土地+建物)+車位,民權西路１６０巷１８弄８號十樓,20.69,住,,,1071216,土地1建物1車位2,十層,十八層,住宅大樓(11層含以上有電梯),住家用,1101227.0,212.32,2,2,1,有,無,35180000,205548.0,坡道平面,64.52,4800000,二個停車位未拆分單價預售屋、或土地及建物分件登記案件；,RPXNMLMKPHHGFBA97DA,83.43,8.95,6.46,有,,
中山區,房地(土地+建物)+車位,民生東路二段９３巷１７號九樓,27.03,住,,,1071225,土地1建物1車位1,九層,十三層,住宅大樓(11層含以上有電梯),住家用,1101201.0,193.34,4,2,2,有,有,45000000,269576.0,坡道平面,37.54,3000000,預售屋、或土地及建物分件登記案件；,RPRQMLRKOHHGFCA18DA,92.56,6.24,11.28,有,,
大同區,房地(土地+建物),民權西路１６０巷１８弄６號十五樓,15.16,住,,,1071221,土地1建物1車位0,十五層,十八層,住宅大樓(11層含以上有電梯),住家用,1101227.0,110.88,2,2,1,有,有,23600000,212843.0,,0.0,0,預售屋、或土地及建物分件登記案件；,RPPOMLMKQHHGFBA37DA,63.82,6.14,4.19,有,,
大同區,房地(土地+建物),民權西路１６０巷１８弄８號三樓之１,8.0,住,,,1071215,土地1建物1車位0,三層,十八層,住宅大樓(11層含以上有電梯),住家用,1101227.0,60.96,1,1,1,有,有,13000000,213255.0,,0.0,0,預售屋、或土地及建物分件登記案件；,RPOOMLMKQHHGFBA27DA,33.76,2.0,4.99,有,,
大同區,房地(土地+建物)+車位,民權西路１６０巷１８弄８號九樓之２,18.75,住,,,1071119,土地1建物1車位1,九層,十八層,住宅大樓(11層含以上有電梯),住家用,1101227.0,164.82999999999998,2,2,1,有,無,29980000,205024.0,坡道平面,32.26,2800000,預售屋、或土地及建物分件登記案件；,RPXQMLLJOHHGFBA97DA,77.08,7.74,3.84,有,,
大同區,房地(土地+建物),民權西路１６０巷１８弄８號七樓之５,8.0,住,,,1071126,土地1建物1車位0,七層,十八層,住宅大樓(11層含以上有電梯),住家用,1101227.0,60.96,1,1,1,有,無,12900000,211614.0,,0.0,0,預售屋、或土地及建物分件登記案件；,RPPPMLLJOHHGFBA07DA,33.76,2.0,4.99,有,,
大同區,房地(土地+建物)+車位,民權西路１６０巷１８弄８號三樓之３,19.19,住,,,1071125,土地1建物1車位2,三層,十八層,住宅大樓(11層含以上有電梯),住家用,1101227.0,197.16000000000005,2,2,1,有,無,30480000,189083.0,坡道平面,64.52,5400000,109.9.11向林OO與郭OO購買主建物及地下三樓車位共2768萬元更名換約；另地下一樓車位係109.9.22向建商購買預售屋、或土地及建物分件登記案件；,RPTPMLLJOHHGFBA47DA,77.1,7.74,3.89,有,1883.0,
大同區,房地(土地+建物)+車位,民權西路１６０巷１８弄８號十三樓之１,8.44,住,,,1071128,土地1建物1車位1,十三層,十八層,住宅大樓(11層含以上有電梯),住家用,1101227.0,93.24,1,1,1,有,無,15800000,219780.0,坡道平面,32.26,2400000,預售屋、或土地及建物分件登記案件；,RPUQMLLJOHHGFBA67DA,33.78,2.0,4.99,有,,
大同區,房地(土地+建物)+車位,民權西路１６０巷２６弄１號九樓之１,25.51,住,,,1071119,土地1建物1車位1,九層,十八層,住宅大樓(11層含以上有電梯),住家用,1101227.0,219.21,3,2,2,有,無,39600000,198984.0,坡道平面,32.26,2400000,預售屋、或土地及建物分件登記案件；,RPQUMLLJOHHGFBA67DA,105.48,7.89,11.6,有,,
北投區,房地(土地+建物)+車位,石牌路二段３０９號六樓,35.53,住,,,1071104,土地1建物1車位2,六層,十四層,住宅大樓(11層含以上有電梯),住家用,1101027.0,263.35,2,2,2,有,有,43180000,218393.0,坡道平面,85.78,4400000,義務人退還權利人工程款新台幣306851元整預售屋、或土地及建物分件登記案件；,RPPOMLKKOHHGFEA27DA,106.46,4.89,10.91,有,,
信義區,房地(土地+建物),市民大道六段１０８號十樓,9.41,住,,,1071110,土地1建物1車位0,十層,十二層,住宅大樓(11層含以上有電梯),住家用,1110414.0,45.93,1,0,1,有,有,12970000,282386.0,,0.0,0,買受人又轉售予第三人預售屋、或土地及建物分件登記案件；,RPTSMLMLOHHGFDA28DA,23.35,1.61,4.01,有,,
信義區,房地(土地+建物)+車位,市民大道六段１０８號七樓之３,7.1,住,,,1071126,土地1建物1車位1,七層,十二層,住宅大樓(11層含以上有電梯),住家用,1110414.0,48.56,1,0,1,有,有,11350000,283667.0,升降機械,15.07,1850000,預售屋、或土地及建物分件登記案件；,RPPSMLMLOHHGFDA87DA,18.32,0.39,2.12,有,,
信義區,房地(土地+建物)+車位,市民大道六段１０８號二樓之２,7.1,住,,,1071111,土地1建物1車位1,二層,十二層,住宅大樓(11層含以上有電梯),住家用,1110414.0,48.56,1,0,1,有,有,10300000,252314.0,升降機械,15.07,1850000,買受人又轉售予第三人預售屋、或土地及建物分件登記案件；,RPXSMLMLOHHGFDA68DA,18.32,0.39,2.12,有,,
信義區,房地(土地+建物)+車位,市民大道六段１０８號十樓之６,7.1,住,,,1071121,土地1建物1車位1,十層,十二層,住宅大樓(11層含以上有電梯),住家用,1110414.0,48.56,1,0,1,有,有,10750000,271723.0,升降機械,15.07,1650000,預售屋、或土地及建物分件登記案件；,RPXNMLMLOHHGFDA18DA,18.32,0.39,2.12,有,,
信義區,房地(土地+建物),市民大道六段１０８號八樓之２,7.04,住,,,1071113,土地1建物1車位0,八層,十二層,住宅大樓(11層含以上有電梯),住家用,1110414.0,33.489999999999995,1,0,1,有,有,9650000,288146.0,,0.0,0,預售屋、或土地及建物分件登記案件；,RPUOMLMLOHHGFDA97DA,18.32,0.39,2.12,有,,
信義區,房地(土地+建物)+車位,市民大道六段１０８號八樓之１,10.25,住,,,1071113,土地1建物1車位1,八層,十二層,住宅大樓(11層含以上有電梯),住家用,1110414.0,65.0,1,0,1,有,有,16450000,292409.0,升降機械,15.07,1850000,預售屋、或土地及建物分件登記案件；,RPWOMLMLOHHGFDA18DA,25.36,2.03,4.22,有,,
信義區,房地(土地+建物)+車位,市民大道六段１０８號四樓之３,7.1,住,,,1071111,土地1建物1車位1,四層,十二層,住宅大樓(11層含以上有電梯),住家用,1110414.0,48.56,1,0,1,有,有,10500000,258286.0,升降機械,15.07,1850000,預售屋、或土地及建物分件登記案件；,RPSNMLMLOHHGFDA67DA,18.32,0.39,2.12,有,,
信義區,房地(土地+建物)+車位,市民大道六段１０８號七樓,9.48,住,,,1071114,土地1建物1車位1,七層,十二層,住宅大樓(11層含以上有電梯),住家用,1110414.0,61.0,1,0,1,有,有,14080000,266275.0,升降機械,15.07,1850000,買受人又轉售予第三人預售屋、或土地及建物分件登記案件；,RPVSMLMLOHHGFDA48DA,23.35,1.61,4.01,有,551.0,
信義區,房地(土地+建物)+車位,市民大道六段１０８號三樓之１,10.25,住,,,1071113,土地1建物1車位1,三層,十二層,住宅大樓(11層含以上有電梯),住家用,1110414.0,65.0,1,0,1,有,有,14570000,254757.0,升降機械,15.07,1850000,預售屋、或土地及建物分件登記案件；,RPXOMLMLOHHGFDA28DA,25.36,2.03,4.22,有,1014.0,
信義區,房地(土地+建物)+車位,市民大道六段１０８號九樓之１,10.25,住,,,1071114,土地1建物1車位1,九層,十二層,住宅大樓(11層含以上有電梯),住家用,1110414.0,65.0,1,0,1,有,有,15270000,268776.0,升降機械,15.07,1850000,預售屋、或土地及建物分件登記案件；,RPVRMLMLOHHGFDA38DA,25.36,2.03,4.22,有,,
信義區,房地(土地+建物),市民大道六段１０８號三樓之２,7.04,住,,,1071113,土地1建物1車位0,三層,十二層,住宅大樓(11層含以上有電梯),住家用,1110414.0,33.489999999999995,1,0,1,有,有,8580000,256196.0,,0.0,0,買受人又轉售予第三人預售屋、或土地及建物分件登記案件；,RPOTMLMLOHHGFDA87DA,18.32,0.39,2.12,有,,
信義區,房地(土地+建物),市民大道六段１０８號九樓,9.41,住,,,1071110,土地1建物1車位0,九層,十二層,住宅大樓(11層含以上有電梯),住家用,1110414.0,45.93,1,0,1,有,有,12880000,280427.0,,0.0,0,預售屋、或土地及建物分件登記案件；,RPOSMLMLOHHGFDA77DA,23.35,1.61,4.01,有,,
信義區,房地(土地+建物)+車位,市民大道六段１０８號八樓,9.48,住,,,1071103,土地1建物1車位1,八層,十二層,住宅大樓(11層含以上有電梯),住家用,1110414.0,61.0,1,0,1,有,有,14000000,264533.0,升降機械,15.07,1850000,預售屋、或土地及建物分件登記案件；,RPVNMLSLOHHGFDA58DA,23.35,1.61,4.01,有,,
信義區,房地(土地+建物)+車位,市民大道六段１０８號七樓之５,7.1,住,,,1071126,土地1建物1車位1,七層,十二層,住宅大樓(11層含以上有電梯),住家用,1110414.0,48.56,1,0,1,有,有,11050000,283667.0,升降機械,15.07,1550000,107.12.26加購車位預售屋、或土地及建物分件登記案件；,RPRNMLSLOHHGFDA18DA,18.32,0.39,2.12,有,,
北投區,房地(土地+建物)+車位,石牌路二段３０９號四樓,34.43,住,,,1071117,土地1建物1車位1,四層,十四層,住宅大樓(11層含以上有電梯),住家用,1101027.0,220.46,3,2,2,有,有,38700000,206116.0,坡道平面,42.89,2100000,110.10.30換約金額不變、義務人退還權利人工程款新台幣759549元整預售屋、或土地及建物分件登記案件；,RPURMLKKOHHGFEA08DA,106.46,4.89,10.91,有,,
大同區,房地(土地+建物)+車位,民權西路１６０巷１８弄８號九樓之５,8.44,住,,,1071118,土地1建物1車位1,九層,十八層,住宅大樓(11層含以上有電梯),住家用,1101227.0,93.24,1,1,1,有,無,16180000,219452.0,坡道平面,32.26,2800000,預售屋、或土地及建物分件登記案件；,RPOQMLRLOHHGFBA87DA,33.78,2.0,4.99,有,,
信義區,房地(土地+建物)+車位,市民大道六段１０８號十二樓,14.7,住,,,1071104,土地1建物1車位1,十二層,十二層,住宅大樓(11層含以上有電梯),住家用,1110414.0,84.97,1,1,1,有,有,21660000,283405.0,升降機械,15.07,1850000,買受人又轉售予第三人預售屋、或土地及建物分件登記案件；,RPXOMLOJPHHGFDA38DA,38.67,1.4,3.61,有,,
信義區,房地(土地+建物)+車位,市民大道六段１０８號十樓之７,10.36,住,,,1071121,土地1建物1車位1,十層,十二層,住宅大樓(11層含以上有電梯),住家用,1110414.0,65.26,1,0,1,有,有,15250000,270970.0,升降機械,15.07,1650000,預售屋、或土地及建物分件登記案件；,RPPOMLQLPHHGFDA97DA,27.55,1.8,2.32,有,,
北投區,房地(土地+建物)+車位,石牌路二段３１３號四樓,30.06,住,,,1071020,土地1建物1車位1,四層,十四層,住宅大樓(11層含以上有電梯),住家用,1101027.0,199.48,0,0,0,無,有,33600000,201162.0,坡道平面,42.89,2100000,110.09.07換約金額不變義務人退還權利人工程款新台幣609771元整預售屋、或土地及建物分件登記案件；,RPTQMLPKOHHGFEA38DA,92.46,6.38,9.71,有,,
信義區,房地(土地+建物)+車位,市民大道六段１０８號三樓之３,7.1,住,,,1071024,土地1建物1車位1,三層,十二層,住宅大樓(11層含以上有電梯),住家用,1110414.0,48.56,1,0,1,有,有,10200000,249328.0,升降機械,15.07,1850000,預售屋、或土地及建物分件登記案件；,RPSOMLMLOHHGFDA77DA,18.32,0.39,2.12,有,,
信義區,房地(土地+建物)+車位,市民大道六段１０８號十樓之１,10.25,住,,,1071016,土地1建物1車位1,十層,十二層,住宅大樓(11層含以上有電梯),住家用,1110414.0,65.0,1,0,1,有,有,15700000,277388.0,升降機械,15.07,1850000,預售屋、或土地及建物分件登記案件；,RPOQMLMLOHHGFDA57DA,25.36,2.03,4.22,有,,
信義區,房地(土地+建物)+車位,市民大道六段１０８號八樓之５,7.1,住,,,1071030,土地1建物1車位1,八層,十二層,住宅大樓(11層含以上有電梯),住家用,1110414.0,48.56,1,0,1,有,有,10630000,262168.0,升降機械,15.07,1850000,預售屋、或土地及建物分件登記案件；,RPROMLMLOHHGFDA67DA,18.32,0.39,2.12,有,,
信義區,房地(土地+建物)+車位,市民大道六段１０８號十一樓,19.23,住,,,1071028,土地1建物1車位1,十一層,十二層,住宅大樓(11層含以上有電梯),住家用,1110414.0,107.2,1,1,1,有,有,29500000,300119.0,升降機械,15.07,1850000,預售屋、或土地及建物分件登記案件；,RPURMLMLOHHGFDA28DA,49.87,2.42,5.51,有,,
信義區,房地(土地+建物),市民大道六段１０８號六樓之５,7.04,住,,,1071016,土地1建物1車位0,六層,十二層,住宅大樓(11層含以上有電梯),住家用,1110414.0,33.489999999999995,1,0,1,有,有,8950000,267244.0,,0.0,0,預售屋、或土地及建物分件登記案件；,SPOOMLMLOHHGFDA47DA,18.32,0.39,2.12,有,,
信義區,房地(土地+建物),市民大道六段１０８號二樓之６,7.04,住,,,1071009,土地1建物1車位0,二層,十二層,住宅大樓(11層含以上有電梯),住家用,1110414.0,33.489999999999995,1,0,1,有,有,8760000,261571.0,,0.0,0,預售屋、或土地及建物分件登記案件；,RPRQMLLLOHHGFDA77DA,18.32,0.39,2.12,有,,
信義區,房地(土地+建物),市民大道六段１０８號七樓之２,7.04,住,,,1071020,土地1建物1車位0,七層,十二層,住宅大樓(11層含以上有電梯),住家用,1110414.0,33.489999999999995,1,0,1,有,有,8850000,264258.0,,0.0,0,預售屋、或土地及建物分件登記案件；,RPVTMLMLOHHGFDA58DA,18.32,0.39,2.12,有,,
信義區,房地(土地+建物)+車位,市民大道六段１０８號六樓之３,7.1,住,,,1071016,土地1建物1車位1,六層,十二層,住宅大樓(11層含以上有電梯),住家用,1110414.0,48.56,1,0,1,有,有,10610000,261571.0,升降機械,15.07,1850000,預售屋、或土地及建物分件登記案件；,RPOOMLMLOHHGFDA37DA,18.32,0.39,2.12,有,,
信義區,房地(土地+建物)+車位,市民大道六段１０８號四樓之５,7.1,住,,,1071028,土地1建物1車位1,四層,十二層,住宅大樓(11層含以上有電梯),住家用,1110414.0,48.56,1,0,1,有,有,10500000,258286.0,升降機械,15.07,1850000,預售屋、或土地及建物分件登記案件；,RPPOMLMLOHHGFDA47DA,18.32,0.39,2.12,有,,
信義區,房地(土地+建物),市民大道六段１０８號十樓之２,7.04,住,,,1071016,土地1建物1車位0,十層,十二層,住宅大樓(11層含以上有電梯),住家用,1110414.0,33.489999999999995,1,0,1,有,有,9300000,277695.0,,0.0,0,預售屋、或土地及建物分件登記案件；,SPOQMLMLOHHGFDA67DA,18.32,0.39,2.12,有,,
信義區,房地(土地+建物)+車位,市民大道六段１０８號三樓之５,7.1,住,,,1071022,土地1建物1車位1,三層,十二層,住宅大樓(11層含以上有電梯),住家用,1110414.0,48.56,1,0,1,有,有,10300000,252314.0,升降機械,15.07,1850000,預售屋、或土地及建物分件登記案件；,RPOSMLLKNHHGFDA57EA,18.32,0.39,2.12,有,,
信義區,房地(土地+建物),市民大道六段１０８號三樓,9.41,住,,,1071006,土地1建物1車位0,三層,十二層,住宅大樓(11層含以上有電梯),住家用,1110414.0,45.93,1,0,1,有,有,11500000,250381.0,,0.0,0,預售屋、或土地及建物分件登記案件；,RPUNMLSLOHHGFDA48DA,23.35,1.61,4.01,有,,
信義區,房地(土地+建物)+車位,市民大道六段１０８號二樓之３,7.1,住,,,1071025,土地1建物1車位1,二層,十二層,住宅大樓(11層含以上有電梯),住家用,1110414.0,48.56,1,0,1,有,有,10250000,250821.0,升降機械,15.07,1850000,買受人又轉售予第三人預售屋、或土地及建物分件登記案件；,RPWNMLSLOHHGFDA68DA,18.32,0.39,2.12,有,,
信義區,房地(土地+建物)+車位,市民大道六段１０８號七樓之１,10.25,住,,,1071020,土地1建物1車位1,七層,十二層,住宅大樓(11層含以上有電梯),住家用,1110414.0,65.0,1,0,1,有,有,15260000,268576.0,升降機械,15.07,1850000,預售屋、或土地及建物分件登記案件；,RPQNMLSLOHHGFDA08DA,25.36,2.03,4.22,有,,
北投區,房地(土地+建物)+車位,石牌路二段３１３號二樓,30.06,住,,,1071020,土地1建物1車位1,二層,十四層,住宅大樓(11層含以上有電梯),住家用,1101027.0,181.61,3,2,2,有,有,31680000,211794.0,坡道平面,42.89,2300000,義務人退還權利人工程款新台幣204149元整預售屋、或土地及建物分件登記案件；,RPQPMLKKOHHGFEA47DA,92.46,0.0,9.71,有,,
北投區,房地(土地+建物)+車位,石牌路二段３１３號三樓,30.06,住,,,1071006,土地1建物1車位1,三層,十四層,住宅大樓(11層含以上有電梯),住家用,1101027.0,199.48,3,2,2,有,有,33910000,203142.0,坡道平面,42.89,2100000,111.03.11換約金額不變、權利人應付義務人工程款新台幣63797元整預售屋、或土地及建物分件登記案件；,RPPSMLKKOHHGFEA67DA,92.46,6.38,9.71,有,,
信義區,房地(土地+建物)+車位,市民大道六段１０８號二樓之５,7.1,住,,,1071023,土地1建物1車位1,二層,十二層,住宅大樓(11層含以上有電梯),住家用,1110414.0,48.56,1,0,1,有,有,10250000,250821.0,升降機械,15.07,1850000,買受人又轉售予第三人預售屋、或土地及建物分件登記案件；,RPOPMLOJPHHGFDA57DA,18.32,0.39,2.12,有,,
信義區,房地(土地+建物)+車位,市民大道六段１０８號二樓,9.48,住,,,1071026,土地1建物1車位1,二層,十二層,住宅大樓(11層含以上有電梯),住家用,1110414.0,61.0,1,0,1,有,有,13250000,255824.0,升降機械,15.07,1500000,買受人轉售予第三人預售屋、或土地及建物分件登記案件；,RPQPMLOJPHHGFDA77DA,23.35,1.61,4.01,有,,
北投區,房地(土地+建物)+車位,石牌路二段３１１號三樓,27.15,住,,,1071027,土地1建物1車位1,三層,十四層,住宅大樓(11層含以上有電梯),住家用,1101027.0,183.15,3,2,2,有,有,30180000,200200.0,坡道平面,42.89,2100000,權利人應付義務人工程款新台幣34307元整預售屋、或土地及建物分件登記案件；,RPXOMLKKOHHGFEA08DA,82.98,6.28,7.87,有,,
北投區,房地(土地+建物)+車位,石牌路二段３０７號四樓,40.26,住,,,1070926,土地1建物1車位2,四層,十四層,住宅大樓(11層含以上有電梯),住家用,1101027.0,292.13,4,2,2,有,有,47980000,209256.0,坡道平面,85.78,4800000,義務人退還權利人工程款新台幣665762元整預售屋、或土地及建物分件登記案件；,RPTNMLKKOHHGFEA57DA,121.78,8.9,12.57,有,,
北投區,房地(土地+建物)+車位,石牌路二段３０９號三樓,35.53,住,,,1070926,土地1建物1車位2,三層,十四層,住宅大樓(11層含以上有電梯),住家用,1101027.0,263.35,3,2,2,有,有,42060000,212085.0,坡道平面,85.78,4400000,110.04.23換約金額不變、義務人退還權利人工程款新台幣657671元整預售屋、或土地及建物分件登記案件；,RPTRMLKKOHHGFEA97DA,106.46,4.89,10.91,有,,
大同區,房地(土地+建物),重慶北路三段２０３之３號十二樓之２,8.68,住,,,1070702,土地2建物1車位0,十二層,十二層,住宅大樓(11層含以上有電梯),住家用,1090728.0,70.49,0,0,0,無,有,18970000,269116.0,,0.0,0,,RPSNMLTLOHHGFBA28EA,33.08,9.67,0.0,有,,
大同區,房地(土地+建物),重慶北路三段２０３之３號十二樓之６,8.68,住,,,1070629,土地2建物1車位0,十二層,十二層,住宅大樓(11層含以上有電梯),住家用,1090728.0,70.49,0,0,0,無,有,18970000,269116.0,,0.0,0,,RPQPMLTJQHHGFBA18DA,32.99,9.76,0.0,有,,
大同區,房地(土地+建物),重慶北路三段２０３之３號十二樓之７,9.36,住,,,1070629,土地2建物1車位0,十二層,十二層,住宅大樓(11層含以上有電梯),住家用,1090728.0,75.88,0,0,0,無,有,23870000,314576.0,,0.0,0,另有露台約38平方公尺,RPRPMLTJQHHGFBA28DA,34.39,4.69,6.95,有,,
大同區,房地(土地+建物)+車位,民權西路１６０巷１８弄８號三樓,20.25,住,,,1070303,土地1建物1車位1,三層,十八層,住宅大樓(11層含以上有電梯),住家用,1101227.0,180.04,2,2,1,有,無,32000000,200298.0,坡道平面,32.26,2400000,預售屋、或土地及建物分件登記案件；,RPQQMLLJOHHGFBA27DA,83.41,8.95,6.46,有,,
